code_version,timestamp,time,symbol,open_time,open_time_str,close_time,close_time_str,is_closed_candle,open,high,low,close,close_change,close_change_pct,rsi,mark_open,mark_high,mark_low,mark_close,mark_close_change,mark_close_change_pct,mark_close_time,mark_close_time_str,mark_last_close_spread,mark_last_close_spread_pct,premium_index_open,premium_index_high,premium_index_low,premium_index_close,premium_index_close_change,premium_index_close_change_pct,premium_index_close_time,premium_index_close_time_str,number_of_trades,trades_change,trades_change_pct,volume,volume_change,volume_change_pct,quote_volume,quote_volume_change,quote_volume_change_pct,quote_volume_source,avg_base_per_trade,avg_quote_per_trade,price_range,price_range_pct,candle_body,candle_body_pct,candle_body_abs,candle_body_abs_pct,upper_wick,upper_wick_pct_of_range,lower_wick,lower_wick_pct_of_range,close_location_in_range,taker_buy_base_volume,taker_sell_base_volume,taker_buy_base_pct,taker_sell_base_pct,taker_buy_quote_volume,taker_buy_quote_change,taker_buy_quote_change_pct,taker_sell_quote_volume,taker_sell_quote_change,taker_sell_quote_change_pct,taker_buy_quote_pct,taker_sell_quote_pct,taker_buy_sell_base_ratio,taker_buy_sell_quote_ratio,taker_quote_imbalance,taker_quote_imbalance_pct,oi,oi_value,oi_change,oi_change_pct,oi_value_change,oi_value_change_pct,acco_ls_ratio,acco_ls_change,acco_ls_change_pct,acco_long_pct,acco_short_pct,posit_ls_ratio,posit_ls_change,posit_ls_change_pct,posit_long_pct,posit_short_pct,global_ls_ratio,global_ls_change,global_ls_change_pct,global_long_pct,global_short_pct,acco_posit_ls_spread,global_acco_ls_spread,global_posit_ls_spread,funding_time,funding_time_str,funding_rate,mark_price_at_funding
FINAL_REAL_MARK_PREMIUM_CLOSED_GUARD_2026_06_13,1782635400000,2026-06-28 08:30:00 UTC,ACTUSDT,1782635400000,2026-06-28 08:30:00 UTC,1782635699999,2026-06-28 08:34:59 UTC,True,0.00871,0.00881,0.00868,0.00871,,,23.58218016507118,0.00872,0.00879625,0.00867892,0.00870636,,,1782635699999,2026-06-28 08:34:59 UTC,3.640000000000934e-06,0.041808516992186566,0.0,0.00285378,-0.00264919,0.0,,,1782635699999,2026-06-28 08:34:59 UTC,1292,,,17303660.0,,,150980.75233,,,binance_kline_quote_asset_volume,13392.925696594428,116.85816743808049,0.0001299999999999999,1.4925373134328346,0.0,0.0,0.0,0.0,9.99999999999994e-05,76.92307692307652,3.0000000000000512e-05,23.076923076923485,0.23076923076923486,8684987.0,8618673.0,50.1916184206116,49.8083815793884,75803.11262,,,75177.63970999999,,,50.20713663839511,49.792863361604894,1.0076942239251914,1.0083199327940169,625.4729100000113,0.41427327679021597,345782797.0,3015225.98984,,,,,2.9078,,,74.41,25.590000000000003,1.1048,,,52.49,47.510000000000005,2.5125,,,71.53,28.470000000000002,-1.803,-0.39529999999999976,1.4077000000000002,1782633600013,2026-06-28 08:00:00 UTC,-0.00367531,0.00888
FINAL_REAL_MARK_PREMIUM_CLOSED_GUARD_2026_06_13,1782635700000,2026-06-28 08:35:00 UTC,ACTUSDT,1782635700000,2026-06-28 08:35:00 UTC,1782635999999,2026-06-28 08:39:59 UTC,True,0.00871,0.0088,0.00871,0.00877,5.999999999999929e-05,0.6888633754305314,28.819207804734972,0.00870636,0.00877899,0.00870636,0.00877212,6.575999999999978e-05,0.7553099113751301,1782635999999,2026-06-28 08:39:59 UTC,-2.119999999999553e-06,-0.02416747604911416,0.0,0.00120282,-0.00230774,-0.00221604,-0.00221604,,1782635999999,2026-06-28 08:39:59 UTC,1128,-164.0,-12.693498452012383,14417262.0,-2886398.0,-16.68085249016682,126204.86426,-24775.888069999986,-16.409964639629763,binance_kline_quote_asset_volume,12781.260638297872,111.88374491134752,8.99999999999998e-05,1.033295063145807,5.999999999999929e-05,0.6888633754305314,5.999999999999929e-05,0.6888633754305314,3.0000000000000512e-05,33.333333333333975,0.0,0.0,0.6666666666666602,6945712.0,7471550.0,48.17635969992083,51.82364030007916,60860.95321,-14942.15941,-19.71180192151851,65343.91105,-9833.728659999986,-13.08065629345892,48.22393619046075,51.77606380953925,0.9296212967858075,0.9313944058755571,-4482.957840000003,-3.5521276190785094,347351689.0,3024168.85104204,1568892.0,0.4537218200591974,8942.861202040222,0.29659008088195626,2.879,-0.028799999999999937,-0.9904395075314648,74.22,25.779999999999998,1.1021,-0.0026999999999999247,-0.24438812454742256,52.43,47.57,2.5125,0.0,0.0,71.53,28.470000000000002,-1.7769,-0.3664999999999998,1.4104,1782633600013,2026-06-28 08:00:00 UTC,-0.00367531,0.00888
FINAL_REAL_MARK_PREMIUM_CLOSED_GUARD_2026_06_13,1782636000000,2026-06-28 08:40:00 UTC,ACTUSDT,1782636000000,2026-06-28 08:40:00 UTC,1782636299999,2026-06-28 08:44:59 UTC,True,0.00877,0.00878,0.00873,0.00874,-3.0000000000000512e-05,-0.3420752565564482,27.79358087734265,0.00877177,0.00877644,0.00872775,0.00874495,-2.7169999999999972e-05,-0.3097312850257403,1782636299999,2026-06-28 08:44:59 UTC,-4.950000000000093e-06,-0.05660409722182624,-0.00212693,0.0,-0.00407314,-0.0022299,-1.3860000000000088e-05,0.6254399740076934,1782636299999,2026-06-28 08:44:59 UTC,679,-449.0,-39.804964539007095,7087617.0,-7329645.0,-50.83936880664304,62056.09579,-64148.76847,-50.82907766363458,binance_kline_quote_asset_volume,10438.316642120766,91.39336640648011,4.99999999999997e-05,0.5701254275940673,-3.0000000000000512e-05,-0.3420752565564482,3.0000000000000512e-05,0.3420752565564482,9.999999999999593e-06,19.999999999999307,9.999999999999593e-06,19.999999999999307,0.19999999999999307,3387385.0,3700232.0,47.793002923267444,52.20699707673256,29661.86774,-31199.085469999998,-51.262893241826035,32394.228049999998,-32949.683000000005,-50.42502426092539,47.79847549606859,52.20152450393141,0.9154520581412192,0.9156528655110213,-2732.3603099999964,-4.403049007862821,346393909.0,3038608.93701708,-957780.0,-0.2757378272025618,14440.08597503975,0.4774894090342912,2.8775,-0.0015000000000000568,-0.05210142410559419,74.21,25.790000000000003,1.1056,0.0034999999999998366,0.31757553761000235,52.51,47.49,2.5026,-0.00990000000000002,-0.39402985074626945,71.45,28.549999999999997,-1.7719,-0.3748999999999998,1.3970000000000002,1782633600013,2026-06-28 08:00:00 UTC,-0.00367531,0.00888
FINAL_REAL_MARK_PREMIUM_CLOSED_GUARD_2026_06_13,1782636300000,2026-06-28 08:45:00 UTC,ACTUSDT,1782636300000,2026-06-28 08:45:00 UTC,1782636599999,2026-06-28 08:49:59 UTC,True,0.00874,0.00874,0.0087,0.00871,-2.9999999999998778e-05,-0.34324942791760615,26.76768593801991,0.00874495,0.00874495,0.00870251,0.00871,-3.494999999999887e-05,-0.39965923189954056,1782636599999,2026-06-28 08:49:59 UTC,0.0,0.0,-0.0024105,0.0,-0.00342857,-0.00023478,0.00199512,-89.47127673886722,1782636599999,2026-06-28 08:49:59 UTC,743,64.0,9.425625920471282,6545314.0,-542303.0,-7.651415137132833,57072.09789,-4983.997900000002,-8.031439678168,binance_kline_quote_asset_volume,8809.305518169584,76.81305234185733,4.0000000000000105e-05,0.4576659038901614,-2.9999999999998778e-05,-0.34324942791760615,2.9999999999998778e-05,0.34324942791760615,0.0,0.0,1.0000000000001327e-05,25.000000000003254,0.25000000000003253,3569508.0,2975806.0,54.535320994531354,45.464679005468646,31137.90789,1476.040149999997,4.976221197323689,25934.19,-6460.038049999999,-19.941941632407566,54.55889837800388,45.44110162199612,1.1995096454540384,1.2006508740006918,5203.71789,9.117796756007772,344607639.0,3013576.57267305,-1786270.0,-0.5156759266226012,-25032.364344029687,-0.823810001974235,2.876,-0.0015000000000000568,-0.052128583840140984,74.2,25.8,1.1071,0.0015000000000000568,0.13567293777135103,52.54,47.46,2.5125,0.00990000000000002,0.39558858786861745,71.53,28.470000000000002,-1.7689,-0.3634999999999997,1.4054000000000002,1782633600013,2026-06-28 08:00:00 UTC,-0.00367531,0.00888
FINAL_REAL_MARK_PREMIUM_CLOSED_GUARD_2026_06_13,1782636600000,2026-06-28 08:50:00 UTC,ACTUSDT,1782636600000,2026-06-28 08:50:00 UTC,1782636899999,2026-06-28 08:54:59 UTC,True,0.00871,0.00873,0.00868,0.0087,-1.0000000000001327e-05,-0.11481056257177183,26.417647328415995,0.00871,0.00872,0.00868,0.00871,0.0,0.0,1782636899999,2026-06-28 08:54:59 UTC,-1.0000000000001327e-05,-0.11481056257177183,-0.00100814,0.0,-0.00182952,-0.0014628,-0.00122802,523.0513672374138,1782636899999,2026-06-28 08:54:59 UTC,637,-106.0,-14.266487213997308,6057634.0,-487680.0,-7.450826652472288,52743.06012,-4329.037769999995,-7.585208762333785,binance_kline_quote_asset_volume,9509.6295133438,82.79915246467819,4.99999999999997e-05,0.5740528128587795,-1.0000000000001327e-05,-0.11481056257177183,1.0000000000001327e-05,0.11481056257177183,1.9999999999999185e-05,39.999999999998614,1.9999999999999185e-05,39.999999999998614,0.39999999999998614,3699181.0,2358453.0,61.06643286801414,38.93356713198585,32220.87723,1082.9693399999996,3.4779772097270465,20522.182890000004,-5412.007109999995,-20.868232668920818,61.090268855640296,38.909731144359704,1.568477726713231,1.570051168664933,11698.694339999995,22.18053771128059,343862156.0,2995039.37876,-745483.0,-0.21632805417874093,-18537.193913049996,-0.6151227110385803,2.888,0.01200000000000001,0.41724617524339397,74.28,25.72,1.1069,-0.00019999999999997797,-0.018065215427691985,52.54,47.46,2.5137,0.0011999999999998678,0.04776119402984549,71.54,28.46,-1.7811,-0.37429999999999986,1.4068,1782633600013,2026-06-28 08:00:00 UTC,-0.00367531,0.00888
FINAL_REAL_MARK_PREMIUM_CLOSED_GUARD_2026_06_13,1782636900000,2026-06-28 08:55:00 UTC,ACTUSDT,1782636900000,2026-06-28 08:55:00 UTC,1782637199999,2026-06-28 08:59:59 UTC,True,0.0087,0.00872,0.00866,0.0087,0.0,0.0,26.41764732841598,0.00870915,0.00870915,0.00866695,0.00869283,-1.717000000000038e-05,-0.19712973593571043,1782637199999,2026-06-28 08:59:59 UTC,7.169999999999052e-06,0.08248176945826678,-0.00143794,0.0,-0.00273603,-0.00084084,0.00062196,-42.51845775225595,1782637199999,2026-06-28 08:59:59 UTC,870,233.0,36.57770800627944,10726463.0,4668829.0,77.07347456119005,93171.58504,40428.52492,76.65183784941146,binance_kline_quote_asset_volume,12329.267816091953,107.09377590804598,6.0000000000001025e-05,0.6896551724138049,0.0,0.0,0.0,0.0,2.000000000000092e-05,33.333333333334295,4.0000000000000105e-05,66.6666666666657,0.6666666666666571,5183932.0,5542531.0,48.328437808436945,51.671562191563055,45056.64454,12835.767310000003,39.836802761065,48114.940500000004,27592.75761,134.45332671431035,48.358782906458536,51.64121709354147,0.935300497191626,0.9364377067035965,-3058.295960000003,-3.2824341870829277,342522726.0,2983372.94346,-1339430.0,-0.38952527244667196,-11666.435300000012,-0.3895252724466723,2.879,-0.008999999999999897,-0.3116343490304674,74.22,25.779999999999998,1.1023,-0.0045999999999999375,-0.4155750293612736,52.43,47.57,2.5002,-0.013500000000000068,-0.5370569280343743,71.43,28.57,-1.7767,-0.3788,1.3979,1782633600013,2026-06-28 08:00:00 UTC,-0.00367531,0.00888
FINAL_REAL_MARK_PREMIUM_CLOSED_GUARD_2026_06_13,1782637200000,2026-06-28 09:00:00 UTC,ACTUSDT,1782637200000,2026-06-28 09:00:00 UTC,1782637499999,2026-06-28 09:04:59 UTC,True,0.00869,0.00873,0.0086,0.00864,-5.999999999999929e-05,-0.689655172413785,24.214231665680913,0.00869283,0.00872,0.00862,0.00862,-7.283000000000116e-05,-0.8378169134792829,1782637499999,2026-06-28 09:04:59 UTC,2.000000000000092e-05,0.2320185614849295,-0.00084084,0.00013533,-0.00220683,-0.00155606,-0.0007152199999999999,85.06017791732076,1782637499999,2026-06-28 09:04:59 UTC,1041,171.0,19.655172413793103,16024416.0,5297953.0,49.39142567312263,139036.1701,45864.58505999998,49.22593625546845,binance_kline_quote_asset_volume,15393.291066282422,133.5602018251681,0.0001299999999999999,1.4959723820483304,-4.99999999999997e-05,-0.5753739930955086,4.99999999999997e-05,0.5753739930955086,4.0000000000000105e-05,30.76923076923087,4.0000000000000105e-05,30.76923076923087,0.3076923076923087,6491203.0,9533213.0,40.508203231868166,59.491796768131834,56394.31149,11337.666949999999,25.1631408990848,82641.85861,34526.91810999999,71.75924515587833,40.56089249972803,59.43910750027198,0.6809040142080115,0.6823940366120477,-26247.547119999996,-18.878215000543946,341317709.0,2967016.82032647,-1205017.0,-0.3518064375092005,-16356.123133530375,-0.5482426583436524,2.8685,-0.010499999999999954,-0.3647099687391439,74.15,25.85,1.1059,0.0036000000000000476,0.32658985757053866,52.51,47.49,2.471,-0.029199999999999893,-1.1679065674745976,71.19,28.810000000000002,-1.7626,-0.39749999999999996,1.3651,1782633600013,2026-06-28 08:00:00 UTC,-0.00367531,0.00888
FINAL_REAL_MARK_PREMIUM_CLOSED_GUARD_2026_06_13,1782637500000,2026-06-28 09:05:00 UTC,ACTUSDT,1782637500000,2026-06-28 09:05:00 UTC,1782637799999,2026-06-28 09:09:59 UTC,True,0.00865,0.00872,0.00862,0.0087,5.999999999999929e-05,0.6944444444444362,30.46047233877097,0.00862413,0.00872,0.00862,0.00869751,7.751000000000112e-05,0.8991879350348158,1782637799999,2026-06-28 09:09:59 UTC,2.48999999999909e-06,0.028628883439042782,0.0,0.00127981,-0.001443,0.0,0.00155606,-100.0,1782637799999,2026-06-28 09:09:59 UTC,869,-172.0,-16.522574447646495,10160986.0,-5863430.0,-36.59060024402761,88094.57154,-50941.598559999984,-36.63909795800682,binance_kline_quote_asset_volume,11692.73417721519,101.37465079401612,0.00010000000000000113,1.156069364161863,4.99999999999997e-05,0.5780346820809213,4.99999999999997e-05,0.5780346820809213,2.000000000000092e-05,20.000000000000696,3.0000000000000512e-05,30.00000000000017,0.799999999999993,6026012.0,4134974.0,59.30538630798231,40.69461369201768,52267.12026,-4127.191229999997,-7.318453086765395,35827.45128,-46814.407329999995,-56.64733116776159,59.3306935334463,40.66930646655371,1.4573276639708013,1.4588567813970383,16439.668980000002,18.66138706689259,338412073.0,2917112.06926,-2905636.0,-0.851299514611473,-49904.75106647005,-1.681984096772963,2.8926,0.024099999999999788,0.8401603625588212,74.31,25.69,1.1065,0.0005999999999999339,0.054254453386376154,52.53,47.47,2.4928,0.02179999999999982,0.8822339133953792,71.37,28.63,-1.7860999999999998,-0.39979999999999993,1.3862999999999999,1782633600013,2026-06-28 08:00:00 UTC,-0.00367531,0.00888
FINAL_REAL_MARK_PREMIUM_CLOSED_GUARD_2026_06_13,1782637800000,2026-06-28 09:10:00 UTC,ACTUSDT,1782637800000,2026-06-28 09:10:00 UTC,1782638099999,2026-06-28 09:14:59 UTC,True,0.00869,0.00873,0.00866,0.0087,0.0,0.0,30.46047233877097,0.00869751,0.00871951,0.0086668,0.0087,2.48999999999909e-06,0.028628883439042782,1782638099999,2026-06-28 09:14:59 UTC,0.0,0.0,0.0,0.00136729,-0.00157749,0.0,0.0,,1782638099999,2026-06-28 09:14:59 UTC,489,-380.0,-43.72842347525892,6757000.0,-3403986.0,-33.500548076731924,58780.63342,-29313.938120000006,-33.27553288194357,binance_kline_quote_asset_volume,13817.99591002045,120.20579431492843,7.000000000000062e-05,0.8055235903337241,9.999999999999593e-06,0.11507479861909774,9.999999999999593e-06,0.11507479861909774,3.0000000000000512e-05,42.85714285714321,3.0000000000000512e-05,42.85714285714321,0.5714285714285678,3319350.0,3437650.0,49.12461151398549,50.87538848601451,28891.18255,-23375.937710000002,-44.72398248405048,29889.450869999997,-5938.000410000004,-16.573884543427685,49.150852702737005,50.849147297262995,0.9655869562055474,0.9666013161519151,-998.2683199999956,-1.6982945945259866,338071759.0,2940382.50462009,-340314.0,-0.10056201511463217,23270.43536009034,0.7977216784130439,2.8941,0.0015000000000000568,0.05185646131508183,74.32,25.679999999999996,1.1085,0.0020000000000000018,0.18075011296882076,52.56999999999999,47.43,2.4892,-0.0036000000000000476,-0.14441591784339086,71.34,28.660000000000004,-1.7855999999999999,-0.40490000000000004,1.3806999999999998,1782633600013,2026-06-28 08:00:00 UTC,-0.00367531,0.00888
FINAL_REAL_MARK_PREMIUM_CLOSED_GUARD_2026_06_13,1782638100000,2026-06-28 09:15:00 UTC,ACTUSDT,1782638100000,2026-06-28 09:15:00 UTC,1782638399999,2026-06-28 09:19:59 UTC,True,0.0087,0.00873,0.00867,0.00867,-2.9999999999998778e-05,-0.34482758620688253,29.07105956270499,0.0087,0.008715,0.00867,0.00868,-1.9999999999999185e-05,-0.22988505747125498,1782638399999,2026-06-28 09:19:59 UTC,-9.999999999999593e-06,-0.1152073732718847,0.0,0.00020594,-0.00050546,0.0,0.0,,1782638399999,2026-06-28 09:19:59 UTC,564,75.0,15.337423312883436,6733692.0,-23308.0,-0.34494598194465,58570.9754,-209.6580199999953,-0.35667873549770146,binance_kline_quote_asset_volume,11939.170212765957,103.84924716312057,5.999999999999929e-05,0.689655172413785,-2.9999999999998778e-05,-0.34482758620688253,2.9999999999998778e-05,0.34482758620688253,3.0000000000000512e-05,50.00000000000144,0.0,0.0,0.0,3671882.0,3061810.0,54.529996322968145,45.470003677031855,31956.45738,3065.2748299999985,10.60972434996434,26614.518020000003,-3274.932849999994,-10.956818391357734,54.56022741939858,45.43977258060142,1.1992520763861898,1.2007152395540543,5341.939359999997,9.120454838797164,339212048.0,2951144.8176,1140289.0,0.3372920007790417,10762.312979910057,0.3660174471518492,2.9047,0.010600000000000165,0.36626239590892384,74.39,25.61,1.1107,0.0021999999999999797,0.19846639603067023,52.62,47.38,2.5112,0.02200000000000024,0.8838180941668103,71.52,28.48,-1.794,-0.39349999999999996,1.4005,1782633600013,2026-06-28 08:00:00 UTC,-0.00367531,0.00888
FINAL_REAL_MARK_PREMIUM_CLOSED_GUARD_2026_06_13,1782638400000,2026-06-28 09:20:00 UTC,ACTUSDT,1782638400000,2026-06-28 09:20:00 UTC,1782638699999,2026-06-28 09:24:59 UTC,True,0.00867,0.00871,0.00857,0.00864,-3.0000000000000512e-05,-0.3460207612456806,27.70988429257585,0.00868,0.00868,0.00859,0.00864,-4.0000000000000105e-05,-0.46082949308755883,1782638699999,2026-06-28 09:24:59 UTC,0.0,0.0,0.0,0.0027772,-0.00232057,0.0,0.0,,1782638699999,2026-06-28 09:24:59 UTC,2434,1870.0,331.56028368794324,47444840.0,40711148.0,604.5888050715714,409758.93569,351187.96029,599.5938395965317,binance_kline_quote_asset_volume,19492.53903040263,168.34796043138866,0.00014000000000000123,1.6147635524798296,-3.0000000000000512e-05,-0.3460207612456806,3.0000000000000512e-05,0.3460207612456806,4.0000000000000105e-05,28.57142857142839,7.000000000000062e-05,50.0,0.5,22987174.0,24457666.0,48.45031409105816,51.54968590894183,198778.56055,166822.10317,522.0294014016894,210980.37514000002,184365.85712,692.7266425845271,48.51109841333256,51.48890158666744,0.9398760290536309,0.9421661157730747,-12201.814590000024,-2.9778031733348738,340046241.0,2951601.37188,834193.0,0.2459208052657375,456.5542799998075,0.015470412609947668,2.9139,0.009199999999999875,0.31672806141769805,74.45,25.55,1.1184,0.00770000000000004,0.6932565049068191,52.800000000000004,47.199999999999996,2.5174,0.006199999999999761,0.2468939152596273,71.57,28.43,-1.7954999999999999,-0.3965000000000001,1.3989999999999998,1782633600013,2026-06-28 08:00:00 UTC,-0.00367531,0.00888
FINAL_REAL_MARK_PREMIUM_CLOSED_GUARD_2026_06_13,1782638700000,2026-06-28 09:25:00 UTC,ACTUSDT,1782638700000,2026-06-28 09:25:00 UTC,1782638999999,2026-06-28 09:29:59 UTC,True,0.00864,0.00874,0.0086,0.00874,9.99999999999994e-05,1.1574074074074003,38.11202841382444,0.00864,0.00873018,0.00860441,0.00873,8.99999999999998e-05,1.0416666666666643,1782638999999,2026-06-28 09:29:59 UTC,9.999999999999593e-06,0.11454753722794495,0.0,0.00097723,-0.00149759,0.0,0.0,,1782638999999,2026-06-28 09:29:59 UTC,1738,-696.0,-28.594905505341,43526278.0,-3918562.0,-8.25919530975339,377443.90612,-32315.029570000013,-7.886351402095524,binance_kline_quote_asset_volume,25043.88837744534,217.171407433832,0.0001399999999999995,1.6203703703703647,9.99999999999994e-05,1.1574074074074003,9.99999999999994e-05,1.1574074074074003,0.0,0.0,4.0000000000000105e-05,28.571428571428747,1.0,18347539.0,25178739.0,42.15278641559933,57.84721358440067,159131.34072,-39647.21982999999,-19.945420532425718,218312.5654,7332.190259999974,3.4752949202666645,42.160262264085326,57.839737735914674,0.7286917347211074,0.7289151699923179,-59181.224679999985,-15.679475471829345,334935252.0,2893840.57728,-5110989.0,-1.5030276426434603,-57760.79460000014,-1.956930741064463,2.8417,-0.07220000000000004,-2.477778921720033,73.97,26.029999999999998,1.1415,0.0230999999999999,2.0654506437768148,53.300000000000004,46.7,2.4965,-0.020899999999999697,-0.8302216572654206,71.39999999999999,28.599999999999998,-1.7002,-0.34519999999999973,1.3550000000000002,1782633600013,2026-06-28 08:00:00 UTC,-0.00367531,0.00888
FINAL_REAL_MARK_PREMIUM_CLOSED_GUARD_2026_06_13,1782639000000,2026-06-28 09:30:00 UTC,ACTUSDT,1782639000000,2026-06-28 09:30:00 UTC,1782639299999,2026-06-28 09:34:59 UTC,True,0.00873,0.00882,0.00834,0.00852,-0.0002199999999999997,-2.517162471395878,28.42231788054896,0.00873732,0.00881041,0.00850078,0.00850977,-0.00022023000000000008,-2.522680412371135,1782639299999,2026-06-28 09:34:59 UTC,1.0229999999999961e-05,0.12021476491138963,0.00018746,0.00185422,-0.00254248,-0.00213577,-0.00213577,,1782639299999,2026-06-28 09:34:59 UTC,4160,2422.0,139.35558112773302,79533798.0,36007520.0,82.72593397487375,686616.86032,309172.9542,81.91229191595565,binance_kline_quote_asset_volume,19118.70144230769,165.05212988461537,0.0004799999999999995,5.498281786941575,-0.00021000000000000012,-2.4054982817869432,0.00021000000000000012,2.4054982817869432,8.99999999999998e-05,18.74999999999998,0.0001799999999999996,37.49999999999996,0.37499999999999956,33260000.0,46273798.0,41.818699516902235,58.181300483097765,287646.43229,128515.09157000002,80.76039012084307,398970.42802999995,180657.86262999996,82.75193060875459,41.89329579759249,58.10670420240751,0.7187652934820695,0.7209718116460775,-111323.99573999993,-16.213408404815027,345300045.0,3014469.39285,10364793.0,3.094566170060833,120628.8155700001,4.16846790099897,2.7951,-0.04659999999999975,-1.6398634620121673,73.65,26.35,1.1959,0.054400000000000004,4.765659220324135,54.459999999999994,45.540000000000006,2.4352,-0.06130000000000013,-2.4554376126577258,70.89,29.110000000000003,-1.5992000000000002,-0.3599000000000001,1.2393,1782633600013,2026-06-28 08:00:00 UTC,-0.00367531,0.00888
FINAL_REAL_MARK_PREMIUM_CLOSED_GUARD_2026_06_13,1782639300000,2026-06-28 09:35:00 UTC,ACTUSDT,1782639300000,2026-06-28 09:35:00 UTC,1782639599999,2026-06-28 09:39:59 UTC,True,0.00851,0.00863,0.00848,0.00856,4.0000000000000105e-05,0.4694835680751186,31.81661080269363,0.00851,0.00862,0.0084919,0.00855888,4.910999999999978e-05,0.5771013787681663,1782639599999,2026-06-28 09:39:59 UTC,1.1200000000002874e-06,0.013085824313464932,-0.00037249,0.00466584,-0.002512,0.0,0.00213577,-100.0,1782639599999,2026-06-28 09:39:59 UTC,1974,-2186.0,-52.54807692307693,41458641.0,-38075157.0,-47.872926928499,355109.59168,-331507.26863999997,-48.28125957837679,binance_kline_quote_asset_volume,21002.35106382979,179.8934101722391,0.00015000000000000083,1.7626321974148158,4.99999999999997e-05,0.5875440658049318,4.99999999999997e-05,0.5875440658049318,7.000000000000062e-05,46.66666666666682,3.0000000000000512e-05,20.00000000000023,0.5333333333333318,21408304.0,20050337.0,51.6377369919096,48.3622630080904,183348.33991,-104298.09238000002,-36.25912949785817,171761.25177,-227209.17625999995,-56.9488764823731,51.63148059239716,48.36851940760284,1.0677278890624133,1.0674604313871436,11587.088140000007,3.262961184794322,335783560.0,2857440.8653812,-9516485.0,-2.756004564088603,-157028.52746880008,-5.209159789157422,2.92,0.12489999999999979,4.468534220600329,74.49,25.509999999999998,1.1843,-0.011600000000000055,-0.9699807676227156,54.22,45.78,2.5765,0.14129999999999976,5.802398160315365,72.04,27.96,-1.7357,-0.34350000000000014,1.3921999999999999,1782633600013,2026-06-28 08:00:00 UTC,-0.00367531,0.00888
FINAL_REAL_MARK_PREMIUM_CLOSED_GUARD_2026_06_13,1782639600000,2026-06-28 09:40:00 UTC,ACTUSDT,1782639600000,2026-06-28 09:40:00 UTC,1782639899999,2026-06-28 09:44:59 UTC,True,0.00856,0.00873,0.00847,0.0087,0.0001399999999999995,1.635514018691583,42.155754599280954,0.00855888,0.00872685,0.00854,0.00871,0.00015112000000000111,1.7656515805806499,1782639899999,2026-06-28 09:44:59 UTC,-1.0000000000001327e-05,-0.11481056257177183,0.0,0.00083622,-0.00131362,-0.0008808,-0.0008808,,1782639899999,2026-06-28 09:44:59 UTC,1956,-18.0,-0.911854103343465,49536685.0,8078044.0,19.48458464907231,426933.66179,71824.07010999997,20.225888512389947,binance_kline_quote_asset_volume,25325.503578732107,218.26874324642125,0.0002599999999999998,3.0373831775700912,0.0001399999999999995,1.635514018691583,0.0001399999999999995,1.635514018691583,3.0000000000000512e-05,11.538461538461743,8.99999999999998e-05,34.61538461538456,0.8846153846153826,23661349.0,25875336.0,47.76530565176091,52.23469434823909,204120.30738,20771.967470000003,11.329236730584153,222813.35440999997,51052.10263999997,29.722712261297563,47.81077849991661,52.18922150008339,0.914436396110953,0.9161044584625624,-18693.047029999958,-4.378443000166778,340861079.0,2917389.07183152,5077519.0,1.5121404395140727,59948.206450320315,2.0979684016075995,2.8241,-0.09589999999999987,-3.2842465753424617,73.85000000000001,26.150000000000002,1.2002,0.015900000000000025,1.3425652284049672,54.55,45.45,2.4892,-0.08729999999999993,-3.388317484960215,71.34,28.660000000000004,-1.6239000000000001,-0.3349000000000002,1.289,1782633600013,2026-06-28 08:00:00 UTC,-0.00367531,0.00888
FINAL_REAL_MARK_PREMIUM_CLOSED_GUARD_2026_06_13,1782639900000,2026-06-28 09:45:00 UTC,ACTUSDT,1782639900000,2026-06-28 09:45:00 UTC,1782640199999,2026-06-28 09:49:59 UTC,True,0.0087,0.00875,0.00863,0.00865,-4.99999999999997e-05,-0.5747126436781574,39.832634441364945,0.0087,0.00898474,0.00866,0.00867771,-3.229000000000079e-05,-0.37072330654421115,1782640199999,2026-06-28 09:49:59 UTC,-2.7710000000000234e-05,-0.3193238769214486,-0.0008808,0.00128705,-0.02889337,-0.00499243,-0.00411163,466.80631244323337,1782640199999,2026-06-28 09:49:59 UTC,2955,999.0,51.07361963190185,54656282.0,5119597.0,10.334960847703071,476683.82962,49750.16782999999,11.652903549795774,binance_kline_quote_asset_volume,18496.20372250423,161.31432474450085,0.00012000000000000031,1.37931034482759,-4.99999999999997e-05,-0.5747126436781574,4.99999999999997e-05,0.5747126436781574,5.000000000000143e-05,41.66666666666775,1.9999999999999185e-05,16.666666666665943,0.16666666666665944,33889153.0,20767129.0,62.00413156533406,37.99586843466594,295861.2761,91740.96872,44.944557402223914,180822.55351999996,-41990.80089000001,-18.845728974005986,62.06656440094748,37.93343559905252,1.6318650979632283,1.636196759422912,115038.72258000006,24.133128801894948,345962936.0,3013337.17256,5101857.0,1.4967555154632366,95948.10072847968,3.2888345834600665,2.811,-0.013100000000000112,-0.4638645940299604,73.76,26.240000000000002,1.208,0.007800000000000029,0.6498916847192159,54.71,45.29,2.4746,-0.014599999999999724,-0.5865338261288657,71.22,28.78,-1.603,-0.3363999999999998,1.2666000000000002,1782633600013,2026-06-28 08:00:00 UTC,-0.00367531,0.00888
FINAL_REAL_MARK_PREMIUM_CLOSED_GUARD_2026_06_13,1782640200000,2026-06-28 09:50:00 UTC,ACTUSDT,1782640200000,2026-06-28 09:50:00 UTC,1782640499999,2026-06-28 09:54:59 UTC,True,0.00866,0.00872,0.00859,0.00871,6.0000000000001025e-05,0.6936416184971217,43.83267569570808,0.00865899,0.00871395,0.00859727,0.00871321,3.550000000000081e-05,0.4090941043201583,1782640499999,2026-06-28 09:54:59 UTC,-3.2100000000000184e-06,-0.03684061327570457,-0.00365698,-0.00156251,-0.01625086,-0.01610067,-0.011108240000000002,222.50166752463235,1782640499999,2026-06-28 09:54:59 UTC,4176,1221.0,41.31979695431472,67424805.0,12768523.0,23.361492097102396,582976.20362,106292.37400000007,22.298296563727284,binance_kline_quote_asset_volume,16145.786637931034,139.60158132662838,0.0001299999999999999,1.5011547344110845,5.000000000000143e-05,0.5773672055427418,5.000000000000143e-05,0.5773672055427418,9.999999999999593e-06,7.692307692307384,6.999999999999888e-05,53.84615384615302,0.9230769230769261,43407840.0,24016965.0,64.37963001895223,35.62036998104778,375404.72781,79543.45171,26.88538789480331,207571.47581000003,26748.922290000075,14.79291259264376,64.39451996134977,35.60548003865023,1.807382406561362,1.8085564326460042,167833.25199999998,28.789039922699537,342173095.0,2969278.88821245,-3789841.0,-1.0954471146007385,-44058.28434755001,-1.4621093433802503,2.9573,0.1463000000000001,5.2045535396656035,74.72999999999999,25.27,1.1852,-0.02279999999999993,-1.887417218543041,54.24,45.76,2.5651,0.09050000000000002,3.6571567121959117,71.95,28.050000000000004,-1.7721,-0.3921999999999999,1.3799000000000001,1782633600013,2026-06-28 08:00:00 UTC,-0.00367531,0.00888
FINAL_REAL_MARK_PREMIUM_CLOSED_GUARD_2026_06_13,1782640500000,2026-06-28 09:55:00 UTC,ACTUSDT,1782640500000,2026-06-28 09:55:00 UTC,1782640799999,2026-06-28 09:59:59 UTC,True,0.00871,0.00906,0.00869,0.00905,0.00034,3.903559127439724,60.043451259980145,0.00871321,0.00905,0.00871321,0.00902,0.0003067899999999995,3.5209756220726853,1782640799999,2026-06-28 09:59:59 UTC,3.0000000000000512e-05,0.33259423503326513,-0.01623818,-0.00948911,-0.01797403,-0.01557539,0.0005252800000000012,-3.262472928145234,1782640799999,2026-06-28 09:59:59 UTC,4879,703.0,16.834291187739463,70519619.0,3094814.0,4.590022915157115,628222.24937,45246.04574999993,7.761216576087307,binance_kline_quote_asset_volume,14453.703422832548,128.76045283254766,0.00037000000000000054,4.247990815155,0.00034,3.903559127439724,0.00034,3.903559127439724,9.999999999999593e-06,2.7027027027025885,2.000000000000092e-05,5.405405405405647,0.9729729729729741,39875688.0,30643931.0,56.545523877546756,43.454476122453244,355196.23148,-20208.496329999994,-5.383122489663457,273026.01788999996,65454.54207999993,31.533495546331018,56.539899985427354,43.460100014572646,1.3012589018034273,1.3009611106847179,82170.21359000006,13.079799970854712,338200056.0,2946808.10993976,-3973039.0,-1.1611196374162616,-22470.778272689786,-0.7567756050768788,2.9888,0.03149999999999986,1.065160788557125,74.92999999999999,25.069999999999997,1.1763,-0.00890000000000013,-0.7509281133985934,54.05,45.95,2.5638,-0.0013000000000000789,-0.050680285368994535,71.94,28.060000000000002,-1.8125,-0.4249999999999998,1.3875000000000002,1782633600013,2026-06-28 08:00:00 UTC,-0.00367531,0.00888
FINAL_REAL_MARK_PREMIUM_CLOSED_GUARD_2026_06_13,1782640800000,2026-06-28 10:00:00 UTC,ACTUSDT,1782640800000,2026-06-28 10:00:00 UTC,1782641099999,2026-06-28 10:04:59 UTC,True,0.00905,0.00907,0.00879,0.00902,-3.0000000000000512e-05,-0.33149171270718797,58.44071307129763,0.00905,0.00905,0.00879664,0.009,-2.000000000000092e-05,-0.22172949002218315,1782641099999,2026-06-28 10:04:59 UTC,2.000000000000092e-05,0.22222222222223245,-0.01250075,-0.01070103,-0.02360632,-0.01650707,-0.000931679999999999,5.9817442773503515,1782641099999,2026-06-28 10:04:59 UTC,4108,-771.0,-15.802418528386964,69007393.0,-1512226.0,-2.14440466560093,617215.54912,-11006.700249999994,-1.7520392283205253,binance_kline_quote_asset_volume,16798.29430379747,150.24721254138265,0.00028000000000000073,3.0939226519337093,-3.0000000000000512e-05,-0.33149171270718797,3.0000000000000512e-05,0.33149171270718797,1.9999999999999185e-05,7.142857142856833,0.00023000000000000104,82.1428571428573,0.821428571428573,34915431.0,34091962.0,50.596652738352255,49.40334726164775,312177.71174,-43018.51974000002,-12.111198241252245,305037.83738,32011.819490000024,11.724823786902732,50.57839391523591,49.421606084764086,1.0241543446516808,1.0234065203888314,7139.874360000016,1.1567878304718262,343404339.0,3097507.13778,5204283.0,1.5388179001365985,150699.02784023993,5.113974925341188,3.0193,0.03049999999999997,1.0204764453961446,75.12,24.88,1.1878,0.011500000000000066,0.9776417580549236,54.290000000000006,45.71,2.6377,0.07390000000000008,2.8824401279350993,72.50999999999999,27.49,-1.8315,-0.3815999999999997,1.4499000000000002,1782633600013,2026-06-28 08:00:00 UTC,-0.00367531,0.00888
FINAL_REAL_MARK_PREMIUM_CLOSED_GUARD_2026_06_13,1782641100000,2026-06-28 10:05:00 UTC,ACTUSDT,1782641100000,2026-06-28 10:05:00 UTC,1782641399999,2026-06-28 10:09:59 UTC,True,0.00901,0.00929,0.00899,0.00923,0.00021000000000000012,2.3281596452328173,65.40254873500764,0.00902,0.00927,0.00899878,0.0092,0.00020000000000000052,2.222222222222228,1782641399999,2026-06-28 10:09:59 UTC,3.0000000000000512e-05,0.3260869565217447,-0.01995708,-0.01593227,-0.02932676,-0.02500957,-0.0085025,51.50823253309037,1782641399999,2026-06-28 10:09:59 UTC,4646,538.0,13.096397273612464,58954285.0,-10053108.0,-14.568160834593478,540558.46135,-76657.08776999998,-12.419824464774818,binance_kline_quote_asset_volume,12689.256349547999,116.34921682092123,0.0002999999999999999,3.329633740288567,0.0002199999999999997,2.4417314095449467,0.0002199999999999997,2.4417314095449467,5.999999999999929e-05,19.99999999999977,2.000000000000092e-05,6.666666666666974,0.8000000000000023,30785765.0,28168520.0,52.219724147277844,47.780275852722156,282479.02669,-29698.68504999997,-9.513390589118927,258079.43465999997,-46958.40272000001,-15.394287844200036,52.256887439062936,47.743112560937064,1.0929138272085293,1.0945429536535705,24399.592030000058,4.513774878125873,345971723.0,3113745.507,2567384.0,0.7476271288464995,16238.369220000226,0.5242399290042751,2.9526,-0.06669999999999998,-2.2091213195111443,74.7,25.3,1.1795,-0.008299999999999974,-0.6987708368412169,54.120000000000005,45.879999999999995,2.6023,-0.0354000000000001,-1.34207832581416,72.24000000000001,27.76,-1.7731,-0.35029999999999983,1.4228,1782633600013,2026-06-28 08:00:00 UTC,-0.00367531,0.00888
FINAL_REAL_MARK_PREMIUM_CLOSED_GUARD_2026_06_13,1782641400000,2026-06-28 10:10:00 UTC,ACTUSDT,1782641400000,2026-06-28 10:10:00 UTC,1782641699999,2026-06-28 10:14:59 UTC,True,0.00923,0.0093,0.00884,0.00906,-0.00017,-1.8418201516793065,57.068325655234474,0.00921,0.00928542,0.00888183,0.00905,-0.0001499999999999991,-1.6304347826086858,1782641699999,2026-06-28 10:14:59 UTC,9.999999999999593e-06,0.11049723756905627,-0.02456647,-0.02223968,-0.03891863,-0.02674484,-0.0017352700000000006,6.938423971303788,1782641699999,2026-06-28 10:14:59 UTC,5898,1252.0,26.9479121825226,98575543.0,39621258.0,67.20674841531876,889312.36997,348753.90862,64.51733411942456,binance_kline_quote_asset_volume,16713.38470668023,150.7820227144795,0.0004599999999999986,4.983748645720461,-0.00017,-1.8418201516793065,0.00017,1.8418201516793065,6.999999999999888e-05,15.21739130434763,0.0002199999999999997,47.82608695652183,0.47826086956521824,47602537.0,50973006.0,48.29041317073952,51.70958682926048,429149.49975,146670.47306,51.92260635369579,460162.87022,202083.43556,78.30280464858798,48.25632862438166,51.74367137561834,0.9338773742321573,0.9326034922044607,-31013.370469999965,-3.487342751236685,347889269.0,3200581.2748,1917546.0,0.5542493425105728,86835.76779999956,2.7887882167885714,2.9185,-0.03410000000000002,-1.1549143128090502,74.48,25.52,1.1885,0.008999999999999897,0.7630351844001608,54.31,45.69,2.6036,0.0013000000000000789,0.04995580832340925,72.25,27.750000000000004,-1.73,-0.31489999999999974,1.4151000000000002,1782633600013,2026-06-28 08:00:00 UTC,-0.00367531,0.00888
FINAL_REAL_MARK_PREMIUM_CLOSED_GUARD_2026_06_13,1782641700000,2026-06-28 10:15:00 UTC,ACTUSDT,1782641700000,2026-06-28 10:15:00 UTC,1782641999999,2026-06-28 10:19:59 UTC,True,0.00904,0.00944,0.00889,0.00939,0.00033000000000000043,3.6423841059602697,66.0992048775484,0.00905,0.00951776,0.00893402,0.00940009,0.0003500899999999991,3.8683977900552384,1782641999999,2026-06-28 10:19:59 UTC,-1.0089999999999058e-05,-0.10733939781426623,-0.02614678,-0.02273688,-0.04173485,-0.03573566,-0.008990820000000004,33.61702668626922,1782641999999,2026-06-28 10:19:59 UTC,5745,-153.0,-2.5940996948118005,106351655.0,7776112.0,7.888480005633852,973917.92915,84605.55917999998,9.513592977780581,binance_kline_quote_asset_volume,18512.037423846825,169.52444371627502,0.0005500000000000001,6.084070796460179,0.00035000000000000135,3.8716814159292188,0.00035000000000000135,3.8716814159292188,4.99999999999997e-05,9.090909090909033,0.0001499999999999991,27.2727272727271,0.9090909090909096,64785306.0,41566349.0,60.91612396628901,39.08387603371099,592376.93269,163227.43294000003,38.03509803345635,381540.99645999994,-78621.87376000005,-17.085662240069823,60.82411206938196,39.17588793061804,1.5585998664448495,1.5525905163171732,210835.9362300001,21.648224138763933,351816779.0,3183941.84995,3927510.0,1.1289540523309443,-16639.424849999603,-0.519887589826613,3.0535,0.13500000000000023,4.625663868425569,75.33,24.67,1.1937,0.0052000000000000934,0.43752629364746265,54.42,45.58,2.6643,0.060699999999999754,2.33138730987862,72.71,27.29,-1.8598000000000001,-0.3892000000000002,1.4706,1782633600013,2026-06-28 08:00:00 UTC,-0.00367531,0.00888
FINAL_REAL_MARK_PREMIUM_CLOSED_GUARD_2026_06_13,1782642000000,2026-06-28 10:20:00 UTC,ACTUSDT,1782642000000,2026-06-28 10:20:00 UTC,1782642299999,2026-06-28 10:24:59 UTC,True,0.00939,0.00953,0.00913,0.00949,9.99999999999994e-05,1.0649627263045727,68.2769070057659,0.00943045,0.00961541,0.00915,0.00951281,0.00011272000000000018,1.1991374550669216,1782642299999,2026-06-28 10:24:59 UTC,-2.2809999999999844e-05,-0.23978193614715154,-0.04068263,-0.03044057,-0.05053061,-0.04869077,-0.012955109999999999,36.2526115370473,1782642299999,2026-06-28 10:24:59 UTC,6006,261.0,4.543080939947781,91884235.0,-14467420.0,-13.603380220082142,853805.22191,-120112.70724000002,-12.332939321163334,binance_kline_quote_asset_volume,15298.740426240427,142.1587116067266,0.00040000000000000105,4.259850905218329,9.99999999999994e-05,1.0649627263045727,9.99999999999994e-05,1.0649627263045727,4.0000000000000105e-05,10.0,0.00026000000000000155,65.00000000000021,0.9,48567694.0,43316541.0,52.85748311448639,47.1425168855136,451287.79048,-141089.14221000002,-23.817460543122486,402517.43142999994,20976.434970000002,5.497819412493759,52.85605884096718,47.14394115903281,1.121227431340836,1.121163346582871,48770.35905000009,5.7121176819343695,366438765.0,3444557.37048885,14621986.0,4.156136623603163,260615.52053884976,8.185310310957544,3.0048,-0.04870000000000019,-1.5948911085639492,75.03,24.97,1.1336,-0.06010000000000004,-5.03476585406719,53.13,46.87,2.667,0.0026999999999999247,0.10133993919603367,72.72999999999999,27.27,-1.8712,-0.3378000000000001,1.5333999999999999,1782633600013,2026-06-28 08:00:00 UTC,-0.00367531,0.00888
FINAL_REAL_MARK_PREMIUM_CLOSED_GUARD_2026_06_13,1782642300000,2026-06-28 10:25:00 UTC,ACTUSDT,1782642300000,2026-06-28 10:25:00 UTC,1782642599999,2026-06-28 10:29:59 UTC,True,0.00949,0.0096,0.00938,0.00958,8.99999999999998e-05,0.9483667017913573,70.13625247252054,0.00958256,0.00975719,0.00939626,0.00958526,7.244999999999994e-05,0.7616046152503828,1782642599999,2026-06-28 10:29:59 UTC,-5.259999999999987e-06,-0.054875924075090156,-0.05670811,-0.04730644,-0.07157023,-0.06089374,-0.01220297,25.062183243353925,1782642599999,2026-06-28 10:29:59 UTC,6903,897.0,14.935064935064934,89542594.0,-2341641.0,-2.548468733510161,850566.00287,-3239.2190399999963,-0.3793861828056896,binance_kline_quote_asset_volume,12971.547732869767,123.21686264957265,0.0002199999999999997,2.3182297154899865,8.99999999999998e-05,0.9483667017913573,8.99999999999998e-05,0.9483667017913573,1.9999999999999185e-05,9.090909090908733,0.00011000000000000072,50.0000000000004,0.9090909090909127,42923150.0,46619444.0,47.936013557972196,52.0639864420278,408046.77472,-43241.01576000004,-9.581694136685574,442519.22815,40001.79672000004,9.937904199052452,47.973558000573604,52.026441999426396,0.9207134688264408,0.9220995354843317,-34472.453429999994,-4.05288399885279,377569824.0,3591749.99744544,11131059.0,3.0376314034351686,147192.62695659,4.273194234407554,3.0112,0.006400000000000183,0.21299254526092196,75.07000000000001,24.93,1.132,-0.0016000000000000458,-0.1411432604093195,53.1,46.9,2.6724,0.0054000000000002935,0.20247469066367804,72.77,27.229999999999997,-1.8792000000000002,-0.3388,1.5404000000000002,1782633600013,2026-06-28 08:00:00 UTC,-0.00367531,0.00888
FINAL_REAL_MARK_PREMIUM_CLOSED_GUARD_2026_06_13,1782642600000,2026-06-28 10:30:00 UTC,ACTUSDT,1782642600000,2026-06-28 10:30:00 UTC,1782642899999,2026-06-28 10:34:59 UTC,True,0.00959,0.00998,0.00952,0.00992,0.00034,3.549060542797495,75.88627942091168,0.00959794,0.01001963,0.00955155,0.00993,0.00034473999999999963,3.59656389080734,1782642899999,2026-06-28 10:34:59 UTC,-9.999999999999593e-06,-0.10070493454178844,-0.06119935,-0.05539185,-0.0868862,-0.07449038,-0.013596639999999993,22.32846923181265,1782642899999,2026-06-28 10:34:59 UTC,11171,4268.0,61.828190641749956,115561328.0,26018734.0,29.05738245644302,1137440.33717,286874.3343,33.727463046021334,binance_kline_quote_asset_volume,10344.76125682571,101.8208161462716,0.0004599999999999986,4.796663190823761,0.00033000000000000043,3.441084462982278,0.00033000000000000043,3.441084462982278,5.999999999999929e-05,13.04347826086945,6.999999999999888e-05,15.21739130434763,0.8695652173913055,59101187.0,56460141.0,51.14270320604138,48.85729679395862,581550.97283,173504.19811,42.520664016780394,555889.36434,113370.13618999999,25.619256515464027,51.12804195751697,48.87195804248304,1.046777176840561,1.0461631578802875,25661.608490000013,2.256083915033925,387541825.0,3714689.1534995,9972001.0,2.6411011596096197,122939.15605405997,3.422820523185021,2.951,-0.06020000000000003,-1.9992029755579181,74.69,25.31,1.1499,0.017900000000000027,1.581272084805656,53.49,46.51,2.6523,-0.02010000000000023,-0.7521329142344045,72.61999999999999,27.38,-1.8011000000000001,-0.2987000000000002,1.5024,1782633600013,2026-06-28 08:00:00 UTC,-0.00367531,0.00888
FINAL_REAL_MARK_PREMIUM_CLOSED_GUARD_2026_06_13,1782642900000,2026-06-28 10:35:00 UTC,ACTUSDT,1782642900000,2026-06-28 10:35:00 UTC,1782643199999,2026-06-28 10:39:59 UTC,True,0.00992,0.01022,0.00989,0.01019,0.0002699999999999994,2.7217741935483812,79.29553202240528,0.00992128,0.01024737,0.00991456,0.01022756,0.00029756000000000053,2.9965760322255846,1782643199999,2026-06-28 10:39:59 UTC,-3.756000000000072e-05,-0.3672430178850158,-0.07298799,-0.06878999,-0.08138947,-0.0812178,-0.006727420000000012,9.031260143927327,1782643199999,2026-06-28 10:39:59 UTC,12231,1060.0,9.488855071166412,127820270.0,12258942.0,10.608169888805708,1285654.88869,148214.55151999998,13.030534145532776,binance_kline_quote_asset_volume,10450.516719810317,105.11445414847518,0.00033000000000000043,3.326612903225811,0.0002699999999999994,2.7217741935483812,0.0002699999999999994,2.7217741935483812,3.0000000000000512e-05,9.090909090909234,3.0000000000000512e-05,9.090909090909234,0.9090909090909076,66183751.0,61636519.0,51.77876012935977,48.22123987064024,666361.82365,84810.85082000005,14.583562711155865,619293.0650399999,63403.70069999993,11.405812877042232,51.83053629026217,48.16946370973783,1.0737749644816899,1.076004013716769,47068.758610000135,3.6610725805243263,395008987.0,3922439.24091,7467162.0,1.9268015781264383,207750.08741050027,5.592664118740191,2.7807,-0.17030000000000012,-5.770925110132163,73.55000000000001,26.450000000000003,1.1661,0.016199999999999992,1.4088181581007038,53.83,46.17,2.5174,-0.13490000000000002,-5.086151641971121,71.57,28.43,-1.6146,-0.2633000000000001,1.3513,1782633600013,2026-06-28 08:00:00 UTC,-0.00367531,0.00888
FINAL_REAL_MARK_PREMIUM_CLOSED_GUARD_2026_06_13,1782643200000,2026-06-28 10:40:00 UTC,ACTUSDT,1782643200000,2026-06-28 10:40:00 UTC,1782643499999,2026-06-28 10:44:59 UTC,True,0.01019,0.01036,0.01005,0.01032,0.0001299999999999999,1.2757605495583897,80.70969153821217,0.01022585,0.01036233,0.01007099,0.01035519,0.0001276300000000001,1.247902725576776,1782643499999,2026-06-28 10:44:59 UTC,-3.5190000000000915e-05,-0.33982959269700425,-0.08071407,-0.07849547,-0.08935475,-0.08807507,-0.006857269999999999,8.443062973880108,1782643499999,2026-06-28 10:44:59 UTC,8920,-3311.0,-27.070558417136787,103273671.0,-24546599.0,-19.20399557910494,1053993.88253,-231661.00615999987,-18.018910688858938,binance_kline_quote_asset_volume,11577.765807174888,118.16074916255606,0.0003099999999999995,3.0421982335623112,0.0001299999999999999,1.2757605495583897,0.0001299999999999999,1.2757605495583897,4.0000000000000105e-05,12.903225806451669,0.0001399999999999995,45.161290322580555,0.8709677419354833,51034503.0,52239168.0,49.4167608315192,50.5832391684808,521384.47152,-144977.35213,-21.75655131860434,532609.41101,-86683.65402999986,-13.997194369422012,49.46750452369535,50.53249547630465,0.9769394298163401,0.9789246317132965,-11224.939490000019,-1.0649909526093024,413714335.0,4231288.1840726,18705348.0,4.73542339936686,308848.9431625996,7.873899994202257,2.5348,-0.24589999999999979,-8.843097061890884,71.71,28.29,1.1594,-0.006699999999999928,-0.5745647886116052,53.690000000000005,46.31,2.308,-0.20940000000000003,-8.318105982362757,69.77,30.23,-1.3754000000000002,-0.22680000000000033,1.1485999999999998,1782633600013,2026-06-28 08:00:00 UTC,-0.00367531,0.00888
FINAL_REAL_MARK_PREMIUM_CLOSED_GUARD_2026_06_13,1782643500000,2026-06-28 10:45:00 UTC,ACTUSDT,1782643500000,2026-06-28 10:45:00 UTC,1782643799999,2026-06-28 10:49:59 UTC,True,0.01031,0.01065,0.01024,0.0106,0.00028000000000000073,2.7131782945736505,83.34786637935662,0.01035519,0.01066105,0.01028,0.0106,0.0002448099999999998,2.3641285191290535,1782643799999,2026-06-28 10:49:59 UTC,0.0,0.0,-0.08822288,-0.08537048,-0.10452884,-0.09912283,-0.01104775999999999,12.543572204938345,1782643799999,2026-06-28 10:49:59 UTC,14911,5991.0,67.16367713004485,160479869.0,57206198.0,55.392819337273295,1678788.47833,624794.5958,59.278768705966975,binance_kline_quote_asset_volume,10762.51552545101,112.58724956944538,0.0004099999999999989,3.9767216294859256,0.0002900000000000003,2.8128031037827386,0.0002900000000000003,2.8128031037827386,4.99999999999997e-05,12.19512195121947,6.999999999999888e-05,17.07317073170709,0.8780487804878053,78896103.0,81583766.0,49.16261677656279,50.83738322343721,826439.72039,305055.24887,58.50869474126604,852348.75794,319739.34693,60.03261307825384,49.228341214976254,50.77165878502375,0.96705639943123,0.969602774323719,-25909.03755000001,-1.5433175700475028,419996161.0,4349140.04642559,6281826.0,1.5183969876219057,117851.86235299055,2.7852478305923034,2.3933,-0.14150000000000018,-5.582294461101474,70.53,29.470000000000002,1.1714,0.01200000000000001,1.0350181128169753,53.949999999999996,46.050000000000004,2.1756,-0.13239999999999963,-5.736568457538979,68.51,31.490000000000002,-1.2219,-0.21769999999999978,1.0042000000000002,1782633600013,2026-06-28 08:00:00 UTC,-0.00367531,0.00888
FINAL_REAL_MARK_PREMIUM_CLOSED_GUARD_2026_06_13,1782643800000,2026-06-28 10:50:00 UTC,ACTUSDT,1782643800000,2026-06-28 10:50:00 UTC,1782644099999,2026-06-28 10:54:59 UTC,True,0.0106,0.01089,0.01027,0.01042,-0.0001799999999999996,-1.6981132075471659,76.13894310550148,0.01061,0.01083,0.01033,0.01041,-0.0001899999999999992,-1.7924528301886715,1782644099999,2026-06-28 10:54:59 UTC,9.999999999999593e-06,0.09606147934677803,-0.0991382,-0.07539334,-0.10060694,-0.08005786,0.01906497,-19.233682089181674,1782644099999,2026-06-28 10:54:59 UTC,18785,3874.0,25.980819529206627,226600724.0,66120855.0,41.201962222439256,2394010.40448,715221.92615,42.603456920402365,binance_kline_quote_asset_volume,12062.854618046313,127.44266193665159,0.0006200000000000008,5.849056603773592,-0.0001799999999999996,-1.6981132075471659,0.0001799999999999996,1.6981132075471659,0.0002900000000000003,46.774193548387096,0.00015000000000000083,24.19354838709688,0.24193548387096878,104042961.0,122557763.0,45.91466397962612,54.08533602037387,1100726.61591,274286.8955199999,33.18897782291525,1293283.78857,440935.03063000005,51.731761972138536,45.97835555978243,54.021644440217564,0.8489299939327385,0.85110988449572,-192557.17266000016,-8.04328888043514,435948532.0,4621054.4392,15952371.0,3.7982182889524077,271914.3927744096,6.252141569869353,2.2362,-0.1570999999999998,-6.564158275184882,69.1,30.9,1.1734,0.0020000000000000018,0.1707358716066247,53.99,46.01,2.0303,-0.1453000000000002,-6.678617392903116,67.0,33.0,-1.0628000000000002,-0.2059000000000002,0.8569,1782633600013,2026-06-28 08:00:00 UTC,-0.00367531,0.00888
FINAL_REAL_MARK_PREMIUM_CLOSED_GUARD_2026_06_13,1782644100000,2026-06-28 10:55:00 UTC,ACTUSDT,1782644100000,2026-06-28 10:55:00 UTC,1782644399999,2026-06-28 10:59:59 UTC,True,0.01041,0.01143,0.01038,0.01109,0.0006699999999999987,6.429942418426091,82.28192707772675,0.01041,0.01135,0.01039,0.01111722,0.0007072199999999997,6.793659942363109,1782644399999,2026-06-28 10:59:59 UTC,-2.722000000000141e-05,-0.24484538400788514,-0.07657893,-0.04874692,-0.07657893,-0.05815375,0.021904109999999997,-27.36034912749354,1782644399999,2026-06-28 10:59:59 UTC,28727,9942.0,52.925206281607664,341153780.0,114553056.0,50.552819945976864,3739427.84339,1345417.43891,56.19931460582923,binance_kline_quote_asset_volume,11875.719009990602,130.1711923761618,0.0010499999999999989,10.086455331412091,0.0006799999999999983,6.532180595581155,0.0006799999999999983,6.532180595581155,0.00034,32.38095238095242,3.0000000000000512e-05,2.857142857142909,0.6761904761904758,174231908.0,166921872.0,51.071369632779685,48.92863036722032,1910964.72037,810238.1044600001,73.60938608631305,1828463.12302,535179.33445,41.381430679012404,51.10313129180757,48.89686870819243,1.0437931585143019,1.0451207335337096,82501.59734999994,2.206262583615135,437380753.0,4553133.63873,1432221.0,0.3285298366367707,-67920.80047000013,-1.4698117359067215,2.0864,-0.14980000000000038,-6.6988641445309165,67.60000000000001,32.4,1.1762,0.0027999999999999137,0.2386228055224061,54.05,45.95,1.8719,-0.1584000000000001,-7.80180268925775,65.18,34.82,-0.9101999999999999,-0.2144999999999999,0.6957,1782633600013,2026-06-28 08:00:00 UTC,-0.00367531,0.00888
FINAL_REAL_MARK_PREMIUM_CLOSED_GUARD_2026_06_13,1782644400000,2026-06-28 11:00:00 UTC,ACTUSDT,1782644400000,2026-06-28 11:00:00 UTC,1782644699999,2026-06-28 11:04:59 UTC,True,0.01109,0.0115,0.01088,0.01134,0.0002500000000000002,2.25428313796213,83.94305304710079,0.01111722,0.01146,0.01106629,0.01137797,0.00026074999999999883,2.345460465835873,1782644699999,2026-06-28 11:04:59 UTC,-3.797000000000002e-05,-0.3337150651654031,-0.05260455,-0.03505913,-0.05821056,-0.04595371,0.012200039999999995,-20.978939449304637,1782644699999,2026-06-28 11:04:59 UTC,25449,-3278.0,-11.410867824694538,301903212.0,-39250568.0,-11.505242005526071,3414072.86144,-325354.9819499999,-8.700662122017242,binance_kline_quote_asset_volume,11863.067782624072,134.15351728712326,0.000619999999999999,5.590622182146069,0.0002500000000000002,2.25428313796213,0.0002500000000000002,2.25428313796213,0.00016000000000000042,25.806451612903338,0.00020999999999999838,33.870967741935274,0.7419354838709666,141391599.0,160511613.0,46.833419910749406,53.166580089250594,1600681.61976,-310283.1006100001,-16.236987386660033,1813391.2416800002,-15071.881339999847,-0.8242923332851373,46.88481133015007,53.115188669849935,0.880880805801883,0.8827006456020283,-212709.6219200003,-6.230377339699858,470328674.0,5228747.34116628,32947921.0,7.5330066021446545,675613.7024362804,14.838433396493247,1.9533,-0.13309999999999977,-6.379409509202444,66.14,33.86,1.1553,-0.02089999999999992,-1.7769086889984627,53.6,46.400000000000006,1.7941,-0.07779999999999987,-4.156204925476781,64.21,35.79,-0.798,-0.1592,0.6388,1782633600013,2026-06-28 08:00:00 UTC,-0.00367531,0.00888
FINAL_REAL_MARK_PREMIUM_CLOSED_GUARD_2026_06_13,1782644700000,2026-06-28 11:05:00 UTC,ACTUSDT,1782644700000,2026-06-28 11:05:00 UTC,1782644999999,2026-06-28 11:09:59 UTC,True,0.01134,0.0115,0.01098,0.01134,0.0,0.0,83.94305304710079,0.01137797,0.01147,0.01105,0.01137969,1.7200000000001936e-06,0.015116932106519824,1782644999999,2026-06-28 11:09:59 UTC,-3.969000000000021e-05,-0.3487792725460906,-0.0505951,-0.02173006,-0.06265513,-0.03181249,0.014141220000000003,-30.77274936017136,1782644999999,2026-06-28 11:09:59 UTC,21514,-3935.0,-15.46229714330622,251438349.0,-50464863.0,-16.71557671271149,2830567.07768,-583505.78376,-17.091193054207015,binance_kline_quote_asset_volume,11687.196662638282,131.5686100994701,0.0005199999999999996,4.585537918871249,0.0,0.0,0.0,0.0,0.00016000000000000042,30.76923076923087,0.0003599999999999992,69.23076923076913,0.6923076923076913,124216599.0,127221750.0,49.402407983517264,50.59759201648274,1398548.25458,-202133.36517999996,-12.627955658684147,1432018.8231000002,-381372.41858000006,-21.03089558471017,49.408765671304394,50.5912343286956,0.9763786380866479,0.9766270051900966,-33470.568520000204,-1.1824686573912064,495232622.0,5634741.91613734,24903948.0,5.295009506479718,405994.57497105934,7.7646623269523225,1.8662,-0.08709999999999996,-4.45912046280653,65.11,34.89,1.1441,-0.011200000000000099,-0.9694451657578204,53.36,46.64,1.713,-0.08109999999999995,-4.520372331531127,63.13999999999999,36.86,-0.7221000000000002,-0.1532,0.5689000000000002,1782633600013,2026-06-28 08:00:00 UTC,-0.00367531,0.00888
FINAL_REAL_MARK_PREMIUM_CLOSED_GUARD_2026_06_13,1782645000000,2026-06-28 11:10:00 UTC,ACTUSDT,1782645000000,2026-06-28 11:10:00 UTC,1782645299999,2026-06-28 11:14:59 UTC,True,0.01134,0.01156,0.01118,0.01133,-9.999999999999593e-06,-0.08818342151675125,83.5795438213536,0.01137167,0.01154,0.01120061,0.01134435,-3.5340000000000024e-05,-0.310553275177092,1782645299999,2026-06-28 11:14:59 UTC,-1.434999999999978e-05,-0.12649468678240516,-0.03215019,-0.03036738,-0.04831886,-0.03234605,-0.0005335600000000024,1.6772028847789104,1782645299999,2026-06-28 11:14:59 UTC,15422,-6092.0,-28.31644510551269,174618550.0,-76819799.0,-30.55214103398364,1986623.02372,-843944.0539600002,-29.81537023498898,binance_kline_quote_asset_volume,11322.691609389185,128.81747008948255,0.00038000000000000013,3.3509700176366857,-9.999999999999593e-06,-0.08818342151675125,9.999999999999593e-06,0.08818342151675125,0.00022000000000000144,57.89473684210562,0.0001499999999999991,39.47368421052606,0.3947368421052606,87298695.0,87319855.0,49.99394107899762,50.006058921002385,993734.28461,-404813.96997,-28.945298715600646,992888.73911,-439130.0839900002,-30.665105577270406,50.02128097504922,49.97871902495078,0.9997576725247654,1.0008516014601574,845.5455000000075,0.042561950098449125,489128752.0,5566133.56784688,-6103870.0,-1.2325258330821347,-68608.34829045925,-1.217595221068986,1.8114,-0.05480000000000018,-2.936448397813749,64.42999999999999,35.57,1.1067,-0.03739999999999988,-3.2689450222882512,52.53,47.47,1.6731,-0.03990000000000005,-2.3292469352014034,62.59,37.41,-0.7046999999999999,-0.13829999999999987,0.5664,1782633600013,2026-06-28 08:00:00 UTC,-0.00367531,0.00888
FINAL_REAL_MARK_PREMIUM_CLOSED_GUARD_2026_06_13,1782645300000,2026-06-28 11:15:00 UTC,ACTUSDT,1782645300000,2026-06-28 11:15:00 UTC,1782645599999,2026-06-28 11:19:59 UTC,True,0.01133,0.0114,0.01111,0.01117,-0.00016000000000000042,-1.4121800529567556,77.7761532173446,0.01133,0.01138,0.01114,0.01115,-0.00019434999999999938,-1.7131876220321074,1782645599999,2026-06-28 11:19:59 UTC,1.9999999999999185e-05,0.17937219730940973,-0.03474317,-0.03241673,-0.04591642,-0.04307931,-0.010733260000000001,33.18259880263587,1782645599999,2026-06-28 11:19:59 UTC,10651,-4771.0,-30.936324730903902,127173392.0,-47445158.0,-27.170743314498946,1432552.58339,-554070.4403299999,-27.890064381338416,binance_kline_quote_asset_volume,11940.042437329828,134.49935061402687,0.0002900000000000003,2.559576345984116,-0.00016000000000000042,-1.4121800529567556,0.00016000000000000042,1.4121800529567556,7.000000000000062e-05,24.137931034482946,5.999999999999929e-05,20.689655172413524,0.20689655172413524,60229467.0,66943925.0,47.36011680808199,52.639883191918,678827.28371,-314907.0009,-31.68925594869539,753725.29968,-239163.4394299999,-24.087637416895262,47.38585456344084,52.614145436559156,0.8997002640642896,0.9006295582730225,-74898.01597000007,-5.228290873118318,497426095.0,5642975.72081325,8297343.0,1.6963515160523623,76842.15296636987,1.3805301656836515,1.7778,-0.03359999999999985,-1.8549188473004223,64.0,36.0,1.1005,-0.006199999999999983,-0.5602240896358528,52.39,47.61,1.6589,-0.01419999999999999,-0.8487239256470019,62.39,37.61,-0.6773,-0.1189,0.5584,1782633600013,2026-06-28 08:00:00 UTC,-0.00367531,0.00888
FINAL_REAL_MARK_PREMIUM_CLOSED_GUARD_2026_06_13,1782645600000,2026-06-28 11:20:00 UTC,ACTUSDT,1782645600000,2026-06-28 11:20:00 UTC,1782645899999,2026-06-28 11:24:59 UTC,True,0.01117,0.01194,0.01096,0.01148,0.00031000000000000125,2.7752909579230196,80.58849109341787,0.01117,0.01188,0.011,0.01149,0.00034,3.04932735426009,1782645899999,2026-06-28 11:24:59 UTC,-9.999999999999593e-06,-0.0870322019147049,-0.03757823,-0.02272477,-0.04279192,-0.03293532,0.010143990000000006,-23.547243444706993,1782645899999,2026-06-28 11:24:59 UTC,30170,19519.0,183.25978781335087,323330755.0,196157363.0,154.24402849929487,3686960.06166,2254407.47827,157.36996354682898,binance_kline_quote_asset_volume,10716.962379847531,122.20616710838581,0.00098,8.773500447627574,0.00031000000000000125,2.7752909579230196,0.00031000000000000125,2.7752909579230196,0.0004599999999999986,46.93877551020394,0.00021000000000000012,21.42857142857144,0.5306122448979605,171750018.0,151580737.0,53.11898585088202,46.88101414911798,1959638.03043,1280810.7467200002,188.6799157099248,1727322.03123,973596.73155,129.17129516063056,53.15050875673716,46.84949124326284,1.1330596578376577,1.1344948973032962,232315.99919999996,6.301017513474314,499457473.0,5568950.82395,2031378.0,0.4083778515881841,-74024.89686325006,-1.3118060492484591,1.7609,-0.016900000000000137,-0.950613117336041,63.78,36.22,1.0699,-0.03059999999999996,-2.7805542935029495,51.690000000000005,48.309999999999995,1.6337,-0.02520000000000011,-1.519078907709935,62.029999999999994,37.97,-0.6909999999999998,-0.12719999999999998,0.5637999999999999,1782633600013,2026-06-28 08:00:00 UTC,-0.00367531,0.00888
FINAL_REAL_MARK_PREMIUM_CLOSED_GUARD_2026_06_13,1782645900000,2026-06-28 11:25:00 UTC,ACTUSDT,1782645900000,2026-06-28 11:25:00 UTC,1782646199999,2026-06-28 11:29:59 UTC,True,0.01148,0.01241,0.01138,0.01228,0.0007999999999999986,6.9686411149825656,85.63909273832427,0.01149696,0.01235,0.01143377,0.01230085,0.0008108500000000001,7.057006092254135,1782646199999,2026-06-28 11:29:59 UTC,-2.0850000000001076e-05,-0.16950048167403942,-0.03724325,-0.02135475,-0.04212129,-0.04008726,-0.0071519400000000025,21.715107064391674,1782646199999,2026-06-28 11:29:59 UTC,28943,-1227.0,-4.066953927742791,292353267.0,-30977488.0,-9.580742790768543,3509633.9695,-177326.09216,-4.809547410181642,binance_kline_quote_asset_volume,10101.000829216046,121.26020003109561,0.0010299999999999997,8.972125435540066,0.0007999999999999986,6.9686411149825656,0.0007999999999999986,6.9686411149825656,0.0001299999999999999,12.621359223300965,0.00010000000000000113,9.708737864077783,0.8737864077669903,151518259.0,140835008.0,51.82711332587914,48.17288667412087,1820616.5863,-139021.44412999996,-7.0942409756915525,1689017.3832,-38304.64803000004,-2.217574218208974,51.87482803397228,48.12517196602772,1.0758565015312103,1.077914652867973,131599.20310000004,3.7496560679445534,483665582.0,5557317.53718,-15791891.0,-3.1618089334304544,-11633.286770000122,-0.208895483866901,1.7027,-0.05819999999999981,-3.3051280595150097,63.0,37.0,1.0376,-0.032299999999999995,-3.018973735863164,50.92,49.08,1.6378,0.0040999999999999925,0.25096406929056697,62.09,37.91,-0.6651,-0.06490000000000018,0.6001999999999998,1782633600013,2026-06-28 08:00:00 UTC,-0.00367531,0.00888
FINAL_REAL_MARK_PREMIUM_CLOSED_GUARD_2026_06_13,1782646200000,2026-06-28 11:30:00 UTC,ACTUSDT,1782646200000,2026-06-28 11:30:00 UTC,1782646499999,2026-06-28 11:34:59 UTC,True,0.01227,0.01256,0.0122,0.01232,4.0000000000000105e-05,0.32573289902280217,85.837509401895,0.01230243,0.0125285,0.01221788,0.01234014,3.928999999999912e-05,0.3194088213416074,1782646499999,2026-06-28 11:34:59 UTC,-2.014000000000009e-05,-0.16320722455336883,-0.04232067,-0.02838015,-0.04505209,-0.03297778,0.007109480000000001,-17.735011073343504,1782646499999,2026-06-28 11:34:59 UTC,22805,-6138.0,-21.207200359326954,238927778.0,-53425489.0,-18.27429176633761,2957458.94065,-552175.0288500004,-15.73312298799826,binance_kline_quote_asset_volume,10476.990923043193,129.68467181100635,0.0003599999999999992,2.933985330073343,4.99999999999997e-05,0.407497962510185,4.99999999999997e-05,0.407497962510185,0.00024000000000000063,66.66666666666698,6.999999999999888e-05,19.444444444444176,0.3333333333333301,116527001.0,122400777.0,48.77080512589039,51.229194874109616,1443187.13022,-377429.45608000015,-20.730858925494132,1514271.8104299998,-174745.5727700002,-10.345990189806603,48.798213573941,51.201786426059,0.9520119386170236,0.9530568556316092,-71084.6802099999,-2.403572852117997,499036565.0,6138573.93058025,15370983.0,3.1780187741372097,581256.39340025,10.459297844895186,1.5465,-0.15620000000000012,-9.17366535502438,60.73,39.269999999999996,1.0454,0.007800000000000029,0.7517347725520459,51.11,48.89,1.5349,-0.10289999999999999,-6.282818414946879,60.550000000000004,39.45,-0.5010999999999999,-0.011600000000000055,0.4894999999999998,1782633600013,2026-06-28 08:00:00 UTC,-0.00367531,0.00888
FINAL_REAL_MARK_PREMIUM_CLOSED_GUARD_2026_06_13,1782646500000,2026-06-28 11:35:00 UTC,ACTUSDT,1782646500000,2026-06-28 11:35:00 UTC,1782646799999,2026-06-28 11:39:59 UTC,True,0.01231,0.01249,0.01212,0.01219,-0.0001299999999999999,-1.0551948051948046,81.87808560355977,0.01231278,0.01245,0.01213,0.01221356,-0.0001265799999999994,-1.0257582166814916,1782646799999,2026-06-28 11:39:59 UTC,-2.3560000000000594e-05,-0.19290035010267764,-0.03193511,-0.02138143,-0.03452186,-0.02580521,0.00717257,-21.749705407701793,1782646799999,2026-06-28 11:39:59 UTC,14744,-8061.0,-35.34751151063363,170108319.0,-68819459.0,-28.80345666630692,2086645.82557,-870813.1150799997,-29.44463921749695,binance_kline_quote_asset_volume,11537.46059413999,141.5250831233044,0.0003699999999999988,3.0056864337936537,-0.00012000000000000031,-0.9748172217709206,0.00012000000000000031,0.9748172217709206,0.0001799999999999996,48.6486486486487,6.999999999999888e-05,18.918918918918678,0.18918918918918678,79201676.0,90906643.0,46.55955479755226,53.44044520244774,971999.69683,-471187.4333899999,-32.649087808742586,1114646.12874,-399625.68168999976,-26.390617519091247,46.581920368037686,53.418079631962314,0.8712418959305317,0.8720253646139263,-142646.43191000004,-6.836159263924626,519621227.0,6402175.19468295,20584662.0,4.124880508505424,263601.26410270017,4.294177557910151,1.4552,-0.09129999999999994,-5.903653410927897,59.27,40.73,1.0401,-0.005300000000000082,-0.5069829730246874,50.980000000000004,49.02,1.4361,-0.0988,-6.436901426803049,58.95,41.05,-0.4151,-0.019100000000000117,0.3959999999999999,1782633600013,2026-06-28 08:00:00 UTC,-0.00367531,0.00888
FINAL_REAL_MARK_PREMIUM_CLOSED_GUARD_2026_06_13,1782646800000,2026-06-28 11:40:00 UTC,ACTUSDT,1782646800000,2026-06-28 11:40:00 UTC,1782647099999,2026-06-28 11:44:59 UTC,True,0.01218,0.01341,0.01216,0.01327,0.001080000000000001,8.859721082854808,87.17201729667593,0.01221356,0.01343981,0.01217,0.01328405,0.0010704900000000003,8.764766374423184,1782647099999,2026-06-28 11:44:59 UTC,-1.4049999999999827e-05,-0.10576593734591352,-0.02798543,-0.01424451,-0.03399415,-0.03399415,-0.008188940000000002,31.73366928616354,1782647099999,2026-06-28 11:44:59 UTC,38340,23596.0,160.0379815518177,398281787.0,228173468.0,134.1342206785313,5150350.75357,3063704.9279999994,146.8243863168825,binance_kline_quote_asset_volume,10388.153025560772,134.33361381246738,0.0012499999999999994,10.262725779967154,0.0010900000000000007,8.949096880131368,0.0010900000000000007,8.949096880131368,0.0001399999999999995,11.199999999999966,1.9999999999999185e-05,1.5999999999999355,0.8880000000000003,220341818.0,177939969.0,55.3230966597024,44.676903340297606,2846292.37329,1874292.67646,192.8285248002303,2304058.3802799997,1189412.2515399996,106.70761068219161,55.26404917795305,44.73595082204695,1.2382929998150107,1.2353386518548655,542233.9930100003,10.528098355906096,519269622.0,6342130.68447432,-351605.0,-0.06766563445261253,-60044.51020863,-0.9378767119415503,1.4237,-0.031500000000000083,-2.1646509070918145,58.74,41.260000000000005,1.0587,0.01859999999999995,1.7882895875396547,51.43,48.57,1.3935,-0.04259999999999997,-2.966367244620846,58.220000000000006,41.78,-0.365,-0.030200000000000005,0.3348,1782633600013,2026-06-28 08:00:00 UTC,-0.00367531,0.00888
FINAL_REAL_MARK_PREMIUM_CLOSED_GUARD_2026_06_13,1782647100000,2026-06-28 11:45:00 UTC,ACTUSDT,1782647100000,2026-06-28 11:45:00 UTC,1782647399999,2026-06-28 11:49:59 UTC,True,0.01326,0.01398,0.01304,0.01391,0.0006399999999999999,4.82290881688018,89.1877433402809,0.01329195,0.01343028,0.01312,0.01339,0.00010595000000000049,0.7975730293095892,1782647399999,2026-06-28 11:49:59 UTC,0.0005199999999999996,3.883495145631065,-0.02945625,-0.01794375,-0.03852469,-0.01794375,0.0160504,-47.21518261230241,1782647399999,2026-06-28 11:49:59 UTC,27793,-10547.0,-27.509128847157015,288965578.0,-109316209.0,-27.44695152228992,3847822.52737,-1302528.2262,-25.29008777309281,binance_kline_quote_asset_volume,10397.063217356888,138.44574271831036,0.0009399999999999999,7.088989441930618,0.0006500000000000013,4.901960784313735,0.0006500000000000013,4.901960784313735,6.999999999999888e-05,7.44680851063818,0.0002199999999999997,23.40425531914891,0.9255319148936182,151228312.0,137737266.0,52.334369043775865,47.665630956224135,2016614.83728,-829677.5360099999,-29.14941359488605,1831207.6900899997,-472850.69019,-20.522513415330085,52.40924764423487,47.59075235576514,1.0979476825102656,1.101248563007557,185407.1471900004,4.818495288469732,506942661.0,6733460.82530589,-12326961.0,-2.373903744363463,391330.14083157014,6.1703260355318,1.348,-0.07569999999999988,-5.317131418135835,57.410000000000004,42.59,1.0622,0.0035000000000000586,0.3305941248701293,51.51,48.49,1.3878,-0.005700000000000038,-0.40904198062433,58.120000000000005,41.88,-0.28580000000000005,0.039799999999999836,0.3255999999999999,1782633600013,2026-06-28 08:00:00 UTC,-0.00367531,0.00888
FINAL_REAL_MARK_PREMIUM_CLOSED_GUARD_2026_06_13,1782647400000,2026-06-28 11:50:00 UTC,ACTUSDT,1782647400000,2026-06-28 11:50:00 UTC,1782647699999,2026-06-28 11:54:59 UTC,True,0.01391,0.01445,0.0137,0.01418,0.0002699999999999994,1.9410496046010022,89.90820370019739,0.01359763,0.01442455,0.01359763,0.01414,0.0007499999999999989,5.601194921583263,1782647699999,2026-06-28 11:54:59 UTC,4.0000000000000105e-05,0.28288543140028366,0.02525095,0.02525095,-0.02044663,-0.01926217,-0.0013184199999999972,7.347516544757908,1782647699999,2026-06-28 11:54:59 UTC,49039,21246.0,76.44370884755153,519867187.0,230901609.0,79.90626793617612,7345797.117,3497974.58963,90.90789829178732,binance_kline_quote_asset_volume,10601.096820897654,149.79500228389648,0.0007499999999999989,5.39180445722501,0.0002699999999999994,1.9410496046010022,0.0002699999999999994,1.9410496046010022,0.0002699999999999994,35.99999999999997,0.00021000000000000012,28.000000000000057,0.6400000000000002,262399991.0,257467196.0,50.474428385109825,49.52557161489017,3708807.28564,1692192.4483599998,83.91252593591052,3636989.8313599997,1805782.14127,98.61154204639944,50.48883363599709,49.51116636400292,1.0191589261724823,1.0197463995254408,71817.45428000018,0.9776672719941686,519271484.0,7193535.37314492,12328823.0,2.431995558566731,460074.5478390297,6.832660941754706,1.2805,-0.06750000000000012,-5.007418397626121,56.15,43.85,1.0637,0.0015000000000000568,0.1412163434381526,51.54,48.46,1.3272,-0.06059999999999999,-4.366623432771291,57.03,42.970000000000006,-0.21679999999999988,0.046699999999999964,0.26349999999999985,1782633600013,2026-06-28 08:00:00 UTC,-0.00367531,0.00888
FINAL_REAL_MARK_PREMIUM_CLOSED_GUARD_2026_06_13,1782647700000,2026-06-28 11:55:00 UTC,ACTUSDT,1782647700000,2026-06-28 11:55:00 UTC,1782647999999,2026-06-28 11:59:59 UTC,True,0.01418,0.01468,0.01403,0.01414,-4.0000000000000105e-05,-0.2820874471086044,88.96244280192514,0.01418,0.01456323,0.01411136,0.01418785,4.785000000000032e-05,0.3384016973125907,1782647999999,2026-06-28 11:59:59 UTC,-4.785000000000032e-05,-0.3372604023865513,-0.01425897,-0.00852873,-0.02749462,-0.02708484,-0.00782267,40.6115718011003,1782647999999,2026-06-28 11:59:59 UTC,27424,-21615.0,-44.07716307428781,327280566.0,-192586621.0,-37.04535039254171,4666658.38722,-2679138.7297799997,-36.47172236189054,binance_kline_quote_asset_volume,11934.092984247374,170.1669481920945,0.0006499999999999995,4.5839210155148065,-4.0000000000000105e-05,-0.2820874471086044,4.0000000000000105e-05,0.2820874471086044,0.0005000000000000004,76.92307692307705,0.00010999999999999899,16.92307692307678,0.1692307692307678,167365992.0,159914574.0,51.138383817143605,48.861616182856395,2388102.04024,-1320705.2454,-35.60997225478908,2278556.34698,-1358433.4843799998,-37.350488930897924,51.173705938707656,48.826294061292344,1.0465962408154244,1.048076798015196,109545.69326000009,2.347411877415311,525697604.0,7433364.12056,6426120.0,1.2375260722000287,239828.74741507974,3.3339482601338726,1.291,0.010499999999999954,0.8199921905505626,56.35,43.65,1.0559,-0.007800000000000029,-0.7332894613142831,51.35999999999999,48.64,1.3557,0.02849999999999997,2.147377938517177,57.550000000000004,42.449999999999996,-0.23509999999999986,0.06469999999999998,0.29979999999999984,1782633600013,2026-06-28 08:00:00 UTC,-0.00367531,0.00888
FINAL_REAL_MARK_PREMIUM_CLOSED_GUARD_2026_06_13,1782648000000,2026-06-28 12:00:00 UTC,ACTUSDT,1782648000000,2026-06-28 12:00:00 UTC,1782648299999,2026-06-28 12:04:59 UTC,True,0.01414,0.01431,0.01311,0.01347,-0.0006700000000000005,-4.738330975954741,74.77407116781214,0.01416883,0.01427131,0.01324878,0.0134683,-0.0007195499999999994,-5.071592947486754,1782648299999,2026-06-28 12:04:59 UTC,1.6999999999985776e-06,0.012622231462015084,-0.03249578,-0.01840023,-0.04011126,-0.03208172,-0.004996880000000002,18.44899212991475,1782648299999,2026-06-28 12:04:59 UTC,50072,22648.0,82.58459743290548,653319138.0,326038572.0,99.62051092272921,8978341.35362,4311682.9664,92.39337034413904,binance_kline_quote_asset_volume,13047.594224316983,179.30862265577568,0.0011999999999999997,8.486562942008485,-0.0006700000000000005,-4.738330975954741,0.0006700000000000005,4.738330975954741,0.00017,14.166666666666671,0.0003599999999999992,29.999999999999943,0.29999999999999943,310307067.0,343012071.0,47.497011636600796,52.502988363399204,4267884.50115,1879782.46091,78.71449499373507,4710456.85247,2431900.5054900004,106.72988222183942,47.535333454761336,52.46466654523866,0.9046534895852105,0.9060447075132573,-442572.35132000037,-4.929333090477324,531654881.0,7543039.70339585,5957277.0,1.1332136488109237,109675.5828358503,1.4754501603452703,1.2994,0.008400000000000185,0.650658404337737,56.510000000000005,43.49,1.0708,0.014899999999999913,1.4111184771285077,51.71,48.29,1.3602,0.0045000000000001705,0.3319318433281826,57.63,42.370000000000005,-0.22860000000000014,0.060799999999999965,0.2894000000000001,1782633600013,2026-06-28 08:00:00 UTC,-0.00367531,0.00888
FINAL_REAL_MARK_PREMIUM_CLOSED_GUARD_2026_06_13,1782648300000,2026-06-28 12:05:00 UTC,ACTUSDT,1782648300000,2026-06-28 12:05:00 UTC,1782648599999,2026-06-28 12:09:59 UTC,True,0.01346,0.01486,0.01343,0.01372,0.0002500000000000002,1.8559762435040847,76.29337776738141,0.01347,0.01464,0.01347,0.01374699,0.00027868999999999984,2.069229227148191,1782648599999,2026-06-28 12:09:59 UTC,-2.699000000000104e-05,-0.19633388836393303,-0.03455333,-0.0218407,-0.0407582,-0.03946928,-0.007387560000000001,23.027318984144244,1782648599999,2026-06-28 12:09:59 UTC,46704,-3368.0,-6.726314107684933,495526467.0,-157792671.0,-24.15246421267396,6979341.28643,-1999000.0671899999,-22.264692201572597,binance_kline_quote_asset_volume,10609.936343782118,149.43776307018672,0.0014300000000000007,10.624071322436855,0.0002599999999999998,1.9316493313521532,0.0002599999999999998,1.9316493313521532,0.0011400000000000004,79.7202797202797,3.0000000000000512e-05,2.0979020979021326,0.20279720279720292,251915731.0,243610736.0,50.83799711550019,49.16200288449981,3553855.07821,-714029.42294,-16.730289274407532,3425486.2082200004,-1284970.64425,-27.279108682976382,50.91963456665738,49.08036543334263,1.0340912520374308,1.0374746421929704,128368.86998999957,1.8392691333147497,528391363.0,7116533.3942929,-3263518.0,-0.6138414442582725,-426506.3091029497,-5.654302852349273,1.2753,-0.02410000000000001,-1.8547021702324158,56.05,43.95,1.0864,0.015600000000000058,1.4568546880836812,52.07000000000001,47.93,1.2722,-0.08800000000000008,-6.4696368181149895,55.989999999999995,44.01,-0.18890000000000007,-0.0031000000000001027,0.18579999999999997,1782648000008,2026-06-28 12:00:00 UTC,-0.01608479,0.01416883
FINAL_REAL_MARK_PREMIUM_CLOSED_GUARD_2026_06_13,1782648600000,2026-06-28 12:10:00 UTC,ACTUSDT,1782648600000,2026-06-28 12:10:00 UTC,1782648899999,2026-06-28 12:14:59 UTC,True,0.01372,0.0142,0.01361,0.01411,0.0003899999999999997,2.8425655976676367,78.4716779207948,0.01374699,0.01419,0.01365394,0.01411,0.0003630099999999987,2.6406507897365072,1782648899999,2026-06-28 12:14:59 UTC,0.0,0.0,-0.03962797,-0.03555318,-0.04921454,-0.04504033,-0.005571050000000001,14.114901513278177,1782648899999,2026-06-28 12:14:59 UTC,18983,-27721.0,-59.354659129838986,211484848.0,-284041619.0,-57.321180182288835,2947425.50602,-4031915.78041,-57.76928817407586,binance_kline_quote_asset_volume,11140.74951272191,155.2665809418954,0.0005900000000000002,4.3002915451895065,0.0003899999999999997,2.8425655976676367,0.0003899999999999997,2.8425655976676367,9.000000000000154e-05,15.254237288135847,0.00010999999999999899,18.64406779660999,0.8474576271186415,108857622.0,102627226.0,51.47301238337415,48.52698761662585,1517798.72549,-2036056.3527199998,-57.29148510314375,1429626.78053,-1995859.4276900003,-58.264996744129846,51.49574509652428,48.504254903475726,1.0607089974350472,1.0616747994377331,88171.94496,2.991490193048553,516949636.0,7106501.47659564,-11441727.0,-2.165388725326307,-10031.917697260156,-0.14096635456394047,1.2507,-0.024600000000000177,-1.9289578922606583,55.57,44.43,1.068,-0.018399999999999972,-1.693667157584681,51.64,48.36,1.2883,0.016100000000000003,1.265524288633863,56.3,43.7,-0.18269999999999986,0.03760000000000008,0.22029999999999994,1782648000008,2026-06-28 12:00:00 UTC,-0.01608479,0.01416883
FINAL_REAL_MARK_PREMIUM_CLOSED_GUARD_2026_06_13,1782648900000,2026-06-28 12:15:00 UTC,ACTUSDT,1782648900000,2026-06-28 12:15:00 UTC,1782649199999,2026-06-28 12:19:59 UTC,True,0.01411,0.0145,0.01376,0.01433,0.00022000000000000144,1.5591778880226892,79.60985817400805,0.01412,0.01440013,0.01383643,0.01436,0.0002500000000000002,1.7717930545712277,1782649199999,2026-06-28 12:19:59 UTC,-2.9999999999998778e-05,-0.20891364902506115,-0.0411517,-0.03428979,-0.04536709,-0.03560788,0.009432450000000002,-20.94223110709891,1782649199999,2026-06-28 12:19:59 UTC,24380,5397.0,28.430701153663808,246520149.0,35035301.0,16.566340960748168,3473163.3878,525737.8817799999,17.837189801954317,binance_kline_quote_asset_volume,10111.572969647252,142.45953190319935,0.0007400000000000011,5.244507441530837,0.00022000000000000144,1.5591778880226892,0.00022000000000000144,1.5591778880226892,0.00017,22.97297297297294,0.0003499999999999996,47.29729729729718,0.7702702702702706,130768323.0,115751826.0,53.04569364023871,46.95430635976129,1845235.7568,327437.03131,21.57315234299538,1627927.631,198300.85046999995,13.870812520487663,53.12838904388039,46.87161095611961,1.1297301089660563,1.1334875836381697,217308.12580000004,6.25677808776077,528230752.0,7458618.21824,11281116.0,2.182246627986793,352116.7416443601,4.954853563374495,1.2381,-0.012599999999999945,-1.0074358359318738,55.32,44.68,1.0869,0.018899999999999917,1.7696629213483066,52.080000000000005,47.92,1.2805,-0.007800000000000029,-0.6054490413723534,56.15,43.85,-0.1512,0.04239999999999999,0.1936,1782648000008,2026-06-28 12:00:00 UTC,-0.01608479,0.01416883
FINAL_REAL_MARK_PREMIUM_CLOSED_GUARD_2026_06_13,1782649200000,2026-06-28 12:20:00 UTC,ACTUSDT,1782649200000,2026-06-28 12:20:00 UTC,1782649499999,2026-06-28 12:24:59 UTC,True,0.01432,0.01475,0.01391,0.01423,-0.00010000000000000113,-0.6978367062107546,77.6015368964938,0.01436,0.01458,0.01396589,0.01425262,-0.00010737999999999893,-0.7477715877437252,1782649499999,2026-06-28 12:24:59 UTC,-2.2620000000000973e-05,-0.15870766217019025,-0.03921809,-0.01567915,-0.04307659,-0.03883425,-0.0032263699999999992,9.060831478874897,1782649499999,2026-06-28 12:24:59 UTC,29265,4885.0,20.036915504511896,256413733.0,9893584.0,4.013296292466544,3663862.93212,190699.54431999987,5.490658602179794,binance_kline_quote_asset_volume,8761.788245344267,125.19606807175808,0.0008399999999999987,5.865921787709489,-8.99999999999998e-05,-0.6284916201117305,8.99999999999998e-05,0.6284916201117305,0.0004299999999999998,51.19047619047624,0.0003199999999999991,38.095238095238045,0.3809523809523805,132451834.0,123961899.0,51.655514878370425,48.34448512162958,1893374.98549,48139.22869000002,2.608838925465159,1770487.94663,142560.31562999985,8.757165424019997,51.67701468554795,48.32298531445205,1.0684882618650429,1.0694085712890093,122887.0388600002,3.354029371095899,529853970.0,7608703.0092,1623218.0,0.3072933550070936,150084.7909599999,2.0122331854038134,1.1749,-0.06319999999999992,-5.104595751554795,54.02,45.98,1.0756,-0.011300000000000088,-1.0396540620112327,51.82,48.18,1.2222,-0.05830000000000002,-4.552909019914098,55.00000000000001,45.0,-0.09930000000000017,0.0472999999999999,0.14660000000000006,1782648000008,2026-06-28 12:00:00 UTC,-0.01608479,0.01416883
FINAL_REAL_MARK_PREMIUM_CLOSED_GUARD_2026_06_13,1782649500000,2026-06-28 12:25:00 UTC,ACTUSDT,1782649500000,2026-06-28 12:25:00 UTC,1782649799999,2026-06-28 12:29:59 UTC,True,0.01423,0.01503,0.01417,0.01467,0.00044000000000000115,3.092059030217858,79.99310814530061,0.01425298,0.01494,0.01424114,0.01474098,0.0004883600000000002,3.4264577319819107,1782649799999,2026-06-28 12:29:59 UTC,-7.098e-05,-0.4815147975236382,-0.04154852,-0.01563141,-0.04816627,-0.04315432,-0.004320070000000002,11.124381184135144,1782649799999,2026-06-28 12:29:59 UTC,42456,13191.0,45.07432086109687,345723323.0,89309590.0,34.83026784684735,5065827.97608,1401965.0439600004,38.26466955598662,binance_kline_quote_asset_volume,8143.096923874128,119.31948313736575,0.0008599999999999997,6.043569922698522,0.00044000000000000115,3.092059030217858,0.00044000000000000115,3.092059030217858,0.0003599999999999992,41.860465116278995,5.999999999999929e-05,6.9767441860464325,0.58139534883721,178464991.0,167258332.0,51.620755421236076,48.379244578763924,2617978.22912,724603.2436299997,38.2704561527982,2447849.7469600006,677361.8003300007,38.258481319757735,51.67917745098449,48.32082254901551,1.0670020970913425,1.0695011948226327,170128.4821599992,3.3583549019689904,535326467.0,7629804.71009354,5472497.0,1.0328311779941934,21101.700893539935,0.2773363721520605,1.1753,0.00039999999999995595,0.03404545067664958,54.03,45.97,1.0617,-0.013899999999999801,-1.2923019709929158,51.5,48.5,1.2356,0.013400000000000079,1.0963835706103813,55.269999999999996,44.73,-0.11359999999999992,0.06030000000000002,0.17389999999999994,1782648000008,2026-06-28 12:00:00 UTC,-0.01608479,0.01416883
FINAL_REAL_MARK_PREMIUM_CLOSED_GUARD_2026_06_13,1782649800000,2026-06-28 12:30:00 UTC,ACTUSDT,1782649800000,2026-06-28 12:30:00 UTC,1782650099999,2026-06-28 12:34:59 UTC,True,0.01468,0.01535,0.01449,0.01497,0.0002999999999999999,2.0449897750511243,81.44762227197897,0.01470816,0.0153,0.01454331,0.01499806,0.0002570799999999998,1.7439817434119023,1782650099999,2026-06-28 12:34:59 UTC,-2.805999999999989e-05,-0.18709086375171116,-0.04542975,-0.04253402,-0.07128361,-0.06348493,-0.020330609999999992,47.11141317949162,1782650099999,2026-06-28 12:34:59 UTC,42258,-198.0,-0.46636517806670436,327379780.0,-18343543.0,-5.305844812789793,4888201.63389,-177626.34219000023,-3.5063634815221194,binance_kline_quote_asset_volume,7747.166926972408,115.67517709995741,0.0008600000000000014,5.858310626703007,0.0002900000000000003,1.9754768392370594,0.0002900000000000003,1.9754768392370594,0.00038000000000000013,44.18604651162785,0.00019000000000000093,22.093023255814025,0.5581395348837215,165118146.0,162261634.0,50.43626884959114,49.56373115040886,2468282.97722,-149695.25190000003,-5.717971610112213,2419918.6566700004,-27931.090290000197,-1.1410459455155686,50.494704639582466,49.505295360417534,1.0176043586495622,1.0199859282115509,48364.320549999364,0.9894092791649297,541481908.0,7981973.97618984,6155441.0,1.1498480608469523,352169.2660962995,4.615704850615789,1.1711,-0.0041999999999999815,-0.35735556879094543,53.94,46.06,1.0627,0.0009999999999998899,0.09418856550813692,51.519999999999996,48.480000000000004,1.2386,0.0029999999999998916,0.24279702168985848,55.33,44.67,-0.10840000000000005,0.0674999999999999,0.17589999999999995,1782648000008,2026-06-28 12:00:00 UTC,-0.01608479,0.01416883
FINAL_REAL_MARK_PREMIUM_CLOSED_GUARD_2026_06_13,1782650100000,2026-06-28 12:35:00 UTC,ACTUSDT,1782650100000,2026-06-28 12:35:00 UTC,1782650399999,2026-06-28 12:39:59 UTC,True,0.01498,0.01553,0.01488,0.0153,0.0003299999999999987,2.2044088176352616,82.91870307960339,0.01498827,0.01550148,0.01495,0.0153,0.0003019399999999988,2.013193706386018,1782650399999,2026-06-28 12:39:59 UTC,0.0,0.0,-0.06261469,-0.06247388,-0.08496955,-0.08180017,-0.01831524000000001,28.84974434090108,1782650399999,2026-06-28 12:39:59 UTC,38586,-3672.0,-8.689478915234986,286956596.0,-40423184.0,-12.347489512027897,4387568.92503,-500632.7088600006,-10.241654218784756,binance_kline_quote_asset_volume,7436.805991810501,113.70883027600684,0.0006499999999999995,4.33911882510013,0.0003199999999999991,2.136181575433906,0.0003199999999999991,2.136181575433906,0.00023000000000000104,35.38461538461557,9.99999999999994e-05,15.384615384615302,0.6461538461538443,142733033.0,144223563.0,49.74028650660464,50.25971349339535,2183745.30208,-284537.67513999995,-11.527757464035652,2203823.6229499998,-216095.03372000065,-8.929847006401634,49.77119082100958,50.22880917899042,0.9896651423041046,0.9908893249618935,-20078.320869999938,-0.4576183579808414,553645451.0,8303607.69282506,12163543.0,2.24634338106085,321633.7166352207,4.029500942932804,1.1603,-0.01079999999999992,-0.9222098881393495,53.71,46.29,1.0437,-0.018999999999999906,-1.787898748470867,51.07000000000001,48.93,1.2538,0.015200000000000102,1.227191990957541,55.63,44.37,-0.11660000000000004,0.09349999999999992,0.21009999999999995,1782648000008,2026-06-28 12:00:00 UTC,-0.01608479,0.01416883
FINAL_REAL_MARK_PREMIUM_CLOSED_GUARD_2026_06_13,1782650400000,2026-06-28 12:40:00 UTC,ACTUSDT,1782650400000,2026-06-28 12:40:00 UTC,1782650699999,2026-06-28 12:44:59 UTC,True,0.01531,0.01556,0.01485,0.01499,-0.0003099999999999995,-2.02614379084967,76.76111459918262,0.0153,0.01549,0.0149,0.01505283,-0.0002471699999999997,-1.6154901960784296,1782650699999,2026-06-28 12:44:59 UTC,-6.282999999999983e-05,-0.4173965958560605,-0.08136316,-0.05306278,-0.08669645,-0.07246406,0.009336110000000009,-11.413313688712392,1782650699999,2026-06-28 12:44:59 UTC,32204,-6382.0,-16.5396776032758,277328761.0,-9627835.0,-3.3551537529389983,4204462.01227,-183106.91275999974,-4.173311368749558,binance_kline_quote_asset_volume,8611.624673953545,130.55713614054153,0.0007099999999999988,4.63749183540169,-0.00032000000000000084,-2.090137165251475,0.00032000000000000084,2.090137165251475,0.0002499999999999985,35.21126760563365,0.0001399999999999995,19.718309859154893,0.19718309859154892,133040147.0,144288614.0,47.97199775467933,52.02800224532067,2018422.10682,-165323.19525999972,-7.570626258590263,2186039.9054499995,-17783.71750000026,-0.8069483108723232,48.00666770039977,51.993332299600226,0.9220418944491351,0.9233235412527865,-167617.7986299994,-3.98666459920046,572919778.0,8765672.6034,19274327.0,3.48134839095788,462064.9105749391,5.564628384048031,1.14,-0.020300000000000207,-1.7495475308110149,53.269999999999996,46.73,1.0624,0.01869999999999994,1.7917025965315643,51.51,48.49,1.2321,-0.021700000000000053,-1.7307385547934322,55.2,44.800000000000004,-0.07759999999999989,0.09210000000000007,0.16969999999999996,1782648000008,2026-06-28 12:00:00 UTC,-0.01608479,0.01416883
FINAL_REAL_MARK_PREMIUM_CLOSED_GUARD_2026_06_13,1782650700000,2026-06-28 12:45:00 UTC,ACTUSDT,1782650700000,2026-06-28 12:45:00 UTC,1782650999999,2026-06-28 12:49:59 UTC,True,0.015,0.01545,0.01455,0.01526,0.0002699999999999994,1.8012008005336853,78.27438648446108,0.01505283,0.01535,0.01459483,0.01532154,0.00026871000000000013,1.785112832603571,1782650999999,2026-06-28 12:49:59 UTC,-6.154000000000055e-05,-0.401656752519659,-0.07590032,-0.05680943,-0.08646486,-0.07015867,0.0023053899999999905,-3.1814253852185352,1782650999999,2026-06-28 12:49:59 UTC,43004,10800.0,33.5362066823997,477064450.0,199735689.0,72.02126756697983,7113907.82931,2909445.81704,69.19900354788038,binance_kline_quote_asset_volume,11093.490140452051,165.4243286510557,0.0008999999999999998,5.999999999999998,0.0002599999999999998,1.7333333333333323,0.0002599999999999998,1.7333333333333323,0.00019000000000000093,21.11111111111122,0.000449999999999999,49.99999999999991,0.7888888888888878,232760213.0,244304237.0,48.790098067462374,51.209901932537626,3472195.0055,1453772.8986799999,72.02521681504975,3641712.82381,1455672.9183600005,66.58949430570199,48.80854642499324,51.19145357500676,0.9527473442877702,0.9534510746696802,-169517.81831,-2.382907150013526,583203233.0,8775569.85556527,10283455.0,1.794920579613853,9897.25216527097,0.11290921544836224,1.1204,-0.01959999999999984,-1.7192982456140211,52.839999999999996,47.160000000000004,1.0622,-0.00019999999999997797,-0.018825301204817204,51.51,48.49,1.1891,-0.04299999999999993,-3.4899764629494303,54.32,45.68,-0.05820000000000003,0.06869999999999998,0.1269,1782648000008,2026-06-28 12:00:00 UTC,-0.01608479,0.01416883
FINAL_REAL_MARK_PREMIUM_CLOSED_GUARD_2026_06_13,1782651000000,2026-06-28 12:50:00 UTC,ACTUSDT,1782651000000,2026-06-28 12:50:00 UTC,1782651299999,2026-06-28 12:54:59 UTC,True,0.01528,0.01568,0.0138,0.01447,-0.000789999999999999,-5.176933158584529,64.94792215474737,0.01534553,0.01566,0.01412706,0.01448,-0.00084154,-5.492528818904628,1782651299999,2026-06-28 12:54:59 UTC,-9.999999999999593e-06,-0.06906077348066017,-0.06863635,-0.060897,-0.11106316,-0.08958995,-0.019431279999999995,27.696192074336633,1782651299999,2026-06-28 12:54:59 UTC,62601,19597.0,45.570179518184354,596802056.0,119737606.0,25.098832243735618,8630524.31369,1516616.4843799993,21.319034780453443,binance_kline_quote_asset_volume,9533.426878164886,137.86559821232888,0.0018799999999999997,12.303664921465966,-0.00081,-5.301047120418848,0.00081,5.301047120418848,0.0003999999999999993,21.27659574468082,0.0006700000000000005,35.63829787234046,0.3563829787234046,285332097.0,311469959.0,47.81017326119936,52.18982673880065,4130446.78435,658251.7788499999,18.95779983000151,4500077.529339999,858364.705529999,23.57035678150943,47.85858464934928,52.14141535065071,0.9160822376452684,0.917861249594024,-369630.7449899991,-4.282830701301422,592245437.0,9066602.48067182,9042204.0,1.5504379071231933,291032.6251065489,3.3163957429155726,1.1101,-0.010299999999999976,-0.9193145305248105,52.61,47.39,1.0692,0.006999999999999895,0.6590096027113439,51.67,48.33,1.172,-0.017100000000000115,-1.438062400134565,53.959999999999994,46.04,-0.04090000000000016,0.061899999999999844,0.1028,1782648000008,2026-06-28 12:00:00 UTC,-0.01608479,0.01416883
FINAL_REAL_MARK_PREMIUM_CLOSED_GUARD_2026_06_13,1782651300000,2026-06-28 12:55:00 UTC,ACTUSDT,1782651300000,2026-06-28 12:55:00 UTC,1782651599999,2026-06-28 12:59:59 UTC,True,0.01448,0.01467,0.01414,0.01439,-8.000000000000021e-05,-0.5528680027643414,63.764012703489854,0.01447,0.01465,0.01418,0.01446318,-1.681999999999899e-05,-0.11616022099446816,1782651599999,2026-06-28 12:59:59 UTC,-7.318000000000081e-05,-0.5059744814072756,-0.08968068,-0.0346441,-0.08986955,-0.04740484,0.042185110000000005,-47.086877490164916,1782651599999,2026-06-28 12:59:59 UTC,26302,-36299.0,-57.98469673008418,213466412.0,-383335644.0,-64.23162255325742,3071630.43527,-5558893.878419999,-64.4096891031558,binance_kline_quote_asset_volume,8115.976427648087,116.78315091133753,0.000530000000000001,3.6602209944751447,-8.99999999999998e-05,-0.6215469613259655,8.99999999999998e-05,0.6215469613259655,0.00019000000000000093,35.8490566037737,0.0002500000000000002,47.169811320754675,0.47169811320754673,101813937.0,111652475.0,47.69553019891485,52.304469801085155,1465696.02253,-2664750.7618199997,-64.51483098430346,1605934.4127399998,-2894143.1165999994,-64.31318344474094,47.71719949444906,52.28280050555093,0.9118824907374422,0.9126748956261986,-140238.39020999987,-4.56560101110187,591103982.0,8559185.65936,-1141455.0,-0.19273343932914083,-507416.82131181844,-5.596548678444098,1.1533,0.043199999999999905,3.891541302585344,53.559999999999995,46.44,1.0853,0.016100000000000003,1.5057987280209506,52.05,47.949999999999996,1.1805,0.008500000000000174,0.7252559726962606,54.14,45.86,-0.06800000000000006,0.027200000000000113,0.09520000000000017,1782648000008,2026-06-28 12:00:00 UTC,-0.01608479,0.01416883
FINAL_REAL_MARK_PREMIUM_CLOSED_GUARD_2026_06_13,1782651600000,2026-06-28 13:00:00 UTC,ACTUSDT,1782651600000,2026-06-28 13:00:00 UTC,1782651899999,2026-06-28 13:04:59 UTC,True,0.01438,0.01477,0.01429,0.01438,-9.999999999999593e-06,-0.06949270326615423,63.607928420310685,0.01447946,0.01478147,0.01436,0.0144,-6.318000000000122e-05,-0.43683339348608824,1782651899999,2026-06-28 13:04:59 UTC,-1.9999999999999185e-05,-0.13888888888888323,-0.04807806,-0.04807806,-0.08003247,-0.06358748,-0.016182640000000005,34.137104987592,1782651899999,2026-06-28 13:04:59 UTC,23347,-2955.0,-11.234887080830354,240452869.0,26986457.0,12.64201555043704,3494843.22676,423212.7914900002,13.778115577657355,binance_kline_quote_asset_volume,10299.09063262946,149.69131908853385,0.0004799999999999995,3.3379694019471455,0.0,0.0,0.0,0.0,0.0003899999999999997,81.25000000000003,8.99999999999998e-05,18.74999999999998,0.18749999999999978,123004484.0,117448385.0,51.15534055033463,48.84465944966537,1788452.25659,322756.23405999993,22.020680216002546,1706390.97017,100456.55743000028,6.255333756663458,51.17403387069922,48.82596612930078,1.0473067296753378,1.0480905536037994,82061.28641999979,2.3480677413984368,595995059.0,8619983.81742762,4891077.0,0.8274478178020461,60798.15806761943,0.7103264315937915,1.1349,-0.018399999999999972,-1.5954218330009513,53.16,46.839999999999996,1.0719,-0.013399999999999856,-1.2346816548419661,51.73,48.27,1.158,-0.022500000000000187,-1.9059720457433447,53.66,46.339999999999996,-0.06299999999999994,0.0230999999999999,0.08609999999999984,1782648000008,2026-06-28 12:00:00 UTC,-0.01608479,0.01416883
FINAL_REAL_MARK_PREMIUM_CLOSED_GUARD_2026_06_13,1782651900000,2026-06-28 13:05:00 UTC,ACTUSDT,1782651900000,2026-06-28 13:05:00 UTC,1782652199999,2026-06-28 13:09:59 UTC,True,0.01438,0.01493,0.01388,0.01395,-0.0004299999999999998,-2.9902642559109864,57.13181167117356,0.01439,0.0149,0.01406623,0.01413465,-0.00026534999999999927,-1.842708333333328,1782652199999,2026-06-28 13:09:59 UTC,-0.00018464999999999974,-1.3063641476796366,-0.06428691,-0.05413202,-0.07670571,-0.07670571,-0.013118229999999995,20.630208965664302,1782652199999,2026-06-28 13:09:59 UTC,26372,3025.0,12.956696791879041,278617552.0,38164683.0,15.872001510616204,4051027.24037,556184.0136099998,15.914419546814035,binance_kline_quote_asset_volume,10564.900348854846,153.61092220423174,0.0010500000000000006,7.301808066759392,-0.0004299999999999998,-2.9902642559109864,0.0004299999999999998,2.9902642559109864,0.0005500000000000001,52.38095238095236,7.000000000000062e-05,6.666666666666722,0.06666666666666722,126213447.0,152404105.0,45.29989086976114,54.70010913023886,1838336.62991,49884.37332000001,2.7892482528503937,2212690.61046,506299.64029,29.6707875944491,45.379517856367116,54.6204821436329,0.828149917615408,0.830815036327119,-374353.9805500002,-9.240964287265783,602426372.0,8674939.7568,6431313.0,1.0790883083478717,54955.93937237933,0.6375410967857166,1.1427,0.007800000000000029,0.6872852233677001,53.33,46.67,1.0619,-0.010000000000000009,-0.9329228472805308,51.5,48.5,1.1749,0.016900000000000137,1.4594127806563157,54.02,45.98,-0.08079999999999998,0.032200000000000006,0.11299999999999999,1782648000008,2026-06-28 12:00:00 UTC,-0.01608479,0.01416883
FINAL_REAL_MARK_PREMIUM_CLOSED_GUARD_2026_06_13,1782652200000,2026-06-28 13:10:00 UTC,ACTUSDT,1782652200000,2026-06-28 13:10:00 UTC,1782652499999,2026-06-28 13:14:59 UTC,True,0.01394,0.01457,0.01394,0.01444,0.0004899999999999991,3.5125448028673767,61.89304994748418,0.01413465,0.01448,0.01403901,0.01443,0.0002953499999999998,2.0895459031528887,1782652499999,2026-06-28 13:14:59 UTC,9.999999999999593e-06,0.06930006930006646,-0.08031816,-0.06945484,-0.08031816,-0.07146315,0.005242559999999993,-6.83464112384853,1782652499999,2026-06-28 13:14:59 UTC,16855,-9517.0,-36.087517063552255,163254927.0,-115362625.0,-41.4053688189752,2332537.08789,-1718490.1524799997,-42.42109594708728,binance_kline_quote_asset_volume,9685.84556511421,138.38843594719668,0.0006300000000000004,4.5193687230989985,0.0005000000000000004,3.586800573888095,0.0005000000000000004,3.586800573888095,0.0001299999999999999,20.634920634920608,0.0,0.0,0.7936507936507939,89299326.0,73955601.0,54.6993145266605,45.3006854733395,1275454.62178,-562882.00813,-30.61909331358736,1057082.4661100002,-1155608.14435,-52.22637719377128,54.68100071813945,45.31899928186055,1.2074721156008184,1.2065800565906615,218372.15566999977,9.362001436278897,598628612.0,8461405.9106058,-3797760.0,-0.6304106487555959,-213533.84619420022,-2.4615023525300916,1.151,0.008299999999999974,0.72634987310755,53.510000000000005,46.489999999999995,1.0428,-0.019100000000000117,-1.7986627742725414,51.05,48.949999999999996,1.1711,-0.0038000000000000256,-0.32343178142820883,53.94,46.06,-0.10820000000000007,0.020100000000000007,0.12830000000000008,1782648000008,2026-06-28 12:00:00 UTC,-0.01608479,0.01416883
FINAL_REAL_MARK_PREMIUM_CLOSED_GUARD_2026_06_13,1782652500000,2026-06-28 13:15:00 UTC,ACTUSDT,1782652500000,2026-06-28 13:15:00 UTC,1782652799999,2026-06-28 13:19:59 UTC,True,0.01443,0.01484,0.01425,0.01429,-0.0001499999999999991,-1.0387811634348967,59.70685520305286,0.01444,0.01481774,0.01427,0.01432,-0.00011000000000000072,-0.7623007623007673,1782652799999,2026-06-28 13:19:59 UTC,-2.9999999999998778e-05,-0.20949720670390207,-0.07008568,-0.06103379,-0.07061429,-0.06563294,0.005830210000000002,-8.158344545405571,1782652799999,2026-06-28 13:19:59 UTC,17374,519.0,3.0792049836843667,150630534.0,-12624393.0,-7.732932311439519,2196430.99939,-136106.08850000007,-5.835109298224316,binance_kline_quote_asset_volume,8669.882237826638,126.42057093300333,0.0005900000000000002,4.08870408870409,-0.0001399999999999995,-0.9702009702009666,0.0001399999999999995,0.9702009702009666,0.00041000000000000064,69.49152542372889,4.0000000000000105e-05,6.779661016949168,0.06779661016949168,71089639.0,79540895.0,47.194706884594865,52.805293115405135,1037666.85794,-237787.7638399999,-18.64337309846021,1158764.14145,101681.67533999984,9.619086362692428,47.243316918591304,52.756683081408696,0.8937495485812675,0.8954944503559914,-121097.28350999998,-5.513366162817385,598633679.0,8638283.98797,5067.0,0.0008464346505375524,176878.07736420073,2.0904100244439996,1.1213,-0.02970000000000006,-2.5803649000868862,52.86,47.14,1.0576,0.014800000000000146,1.4192558496356107,51.4,48.6,1.1286,-0.04249999999999998,-3.6290666894372796,53.02,46.98,-0.06369999999999987,0.007300000000000084,0.07099999999999995,1782648000008,2026-06-28 12:00:00 UTC,-0.01608479,0.01416883
FINAL_REAL_MARK_PREMIUM_CLOSED_GUARD_2026_06_13,1782652800000,2026-06-28 13:20:00 UTC,ACTUSDT,1782652800000,2026-06-28 13:20:00 UTC,1782653099999,2026-06-28 13:24:59 UTC,True,0.01429,0.01436,0.01392,0.01417,-0.00012000000000000031,-0.839748075577329,57.94355298500203,0.01431,0.01440167,0.01398747,0.01418,-0.0001399999999999995,-0.9776536312849128,1782653099999,2026-06-28 13:24:59 UTC,-9.999999999999593e-06,-0.07052186177714805,-0.06385186,-0.01921468,-0.06385186,-0.02423658,0.04139636,-63.07253644282886,1782653099999,2026-06-28 13:24:59 UTC,28928,11554.0,66.50166916081501,277126693.0,126496159.0,83.97776708406278,3914546.07922,1718115.0798300002,78.22303911696568,binance_kline_quote_asset_volume,9579.877385232301,135.32031523852325,0.0004399999999999994,3.0790762771168607,-0.00012000000000000031,-0.839748075577329,0.00012000000000000031,0.839748075577329,6.999999999999888e-05,15.909090909090676,0.0002500000000000002,56.81818181818195,0.5681818181818195,134650352.0,142476341.0,48.588012414957085,51.411987585042915,1903219.22281,865552.3648699999,83.4133188553708,2011326.8564100002,852562.7149600002,73.57517241542875,48.61915492355705,51.38084507644296,0.9450716593009643,0.9462505891295259,-108107.63360000029,-2.7616901528859117,604542698.0,8657051.43536,5909019.0,0.9870842899903065,18767.447389999405,0.21725897662239002,1.1281,0.006800000000000139,0.6064389547846374,53.010000000000005,46.989999999999995,1.0616,0.0040000000000000036,0.37821482602118034,51.49,48.51,1.1327,0.0040999999999999925,0.36328194222931,53.11,46.89,-0.0665,0.0045999999999999375,0.07109999999999994,1782648000008,2026-06-28 12:00:00 UTC,-0.01608479,0.01416883
FINAL_REAL_MARK_PREMIUM_CLOSED_GUARD_2026_06_13,1782653100000,2026-06-28 13:25:00 UTC,ACTUSDT,1782653100000,2026-06-28 13:25:00 UTC,1782653399999,2026-06-28 13:29:59 UTC,True,0.01416,0.01432,0.01411,0.01419,1.9999999999999185e-05,0.1411432604093097,58.16530755064284,0.01417998,0.01435116,0.01414,0.01420062,2.0620000000000707e-05,0.1454160789844902,1782653399999,2026-06-28 13:29:59 UTC,-1.0620000000001115e-05,-0.07478546711341556,-0.02403748,-0.02068231,-0.03948762,-0.02901603,-0.004779450000000001,19.71998524544305,1782653399999,2026-06-28 13:29:59 UTC,11149,-17779.0,-61.45948561946902,109999356.0,-167127337.0,-60.307195669527225,1563654.61716,-2350891.4620600003,-60.05527625640905,binance_kline_quote_asset_volume,9866.297963942954,140.25066079110232,0.00021000000000000012,1.4830508474576278,2.9999999999998778e-05,0.21186440677965238,2.9999999999998778e-05,0.21186440677965238,0.0001299999999999999,61.90476190476183,5.000000000000143e-05,23.809523809524478,0.38095238095238176,56819691.0,53179665.0,51.654566959464745,48.345433040535255,808046.64054,-1095172.58227,-57.543165240472774,755607.9766199999,-1255718.8797900004,-62.43236278519754,51.676798167079966,48.323201832920034,1.0684477045878344,1.06939929903145,52438.663920000196,3.3535963341599273,604080438.0,8565860.61084,-462260.0,-0.07646440880508328,-91190.82451999933,-1.0533704830206683,1.1164,-0.011700000000000044,-1.0371420973318006,52.75,47.25,1.0616,0.0,0.0,51.49,48.51,1.1195,-0.0132000000000001,-1.1653571113269268,52.82,47.18,-0.05479999999999996,0.0030999999999998806,0.05789999999999984,1782648000008,2026-06-28 12:00:00 UTC,-0.01608479,0.01416883
FINAL_REAL_MARK_PREMIUM_CLOSED_GUARD_2026_06_13,1782653400000,2026-06-28 13:30:00 UTC,ACTUSDT,1782653400000,2026-06-28 13:30:00 UTC,1782653699999,2026-06-28 13:34:59 UTC,True,0.0142,0.01458,0.01369,0.01409,-9.99999999999994e-05,-0.7047216349541888,56.55947575365767,0.01419905,0.01459947,0.01386,0.01409565,-0.0001049700000000011,-0.739193077485357,1782653699999,2026-06-28 13:34:59 UTC,-5.6499999999994055e-06,-0.040083288106610236,-0.02807203,-0.0214675,-0.04224539,-0.03323002,-0.004213989999999997,14.522972301862099,1782653699999,2026-06-28 13:34:59 UTC,27698,16549.0,148.43483720513052,276765473.0,166766117.0,151.60644849593484,3929122.95021,2365468.33305,151.27818554626216,binance_kline_quote_asset_volume,9992.254783738897,141.85583616903747,0.0008899999999999984,6.267605633802805,-0.00011000000000000072,-0.7746478873239487,0.00011000000000000072,0.7746478873239487,0.0003799999999999984,42.69662921348304,0.0003999999999999993,44.943820224719104,0.44943820224719105,133404578.0,143360895.0,48.20130797167752,51.79869202832248,1896343.50988,1088296.86934,134.68243226810705,2032779.44033,1277171.46371,169.02567246882015,48.2637864457422,51.7362135542578,0.9305506777144492,0.93288207872279,-136435.93044999987,-3.472427108515598,607912814.0,8632738.86474468,3832376.0,0.6344148492356907,66878.25390467979,0.7807534694184273,1.1218,0.005399999999999849,0.48369759942671525,52.87,47.13,1.0681,0.00649999999999995,0.612283345892987,51.65,48.35,1.1218,0.0022999999999999687,0.20544886109870197,52.87,47.13,-0.05369999999999986,0.0,0.05369999999999986,1782648000008,2026-06-28 12:00:00 UTC,-0.01608479,0.01416883
FINAL_REAL_MARK_PREMIUM_CLOSED_GUARD_2026_06_13,1782653700000,2026-06-28 13:35:00 UTC,ACTUSDT,1782653700000,2026-06-28 13:35:00 UTC,1782653999999,2026-06-28 13:39:59 UTC,True,0.01409,0.01414,0.01357,0.0138,-0.0002900000000000003,-2.0581973030518124,52.069898617146684,0.01408371,0.01411,0.01358,0.01383396,-0.0002616900000000002,-1.8565302061274238,1782653999999,2026-06-28 13:39:59 UTC,-3.3959999999999546e-05,-0.2454828552345066,-0.03210216,-0.01591759,-0.03761056,-0.01784734,0.01538268,-46.29151592445626,1782653999999,2026-06-28 13:39:59 UTC,28595,897.0,3.2385009747996247,289210988.0,12445515.0,4.496772977169735,3992791.90995,63668.959739999846,1.6204369409360664,binance_kline_quote_asset_volume,10114.040496590313,139.63252001923414,0.0005699999999999993,4.0454222853087245,-0.0002900000000000003,-2.0581973030518124,0.0002900000000000003,2.0581973030518124,4.99999999999997e-05,8.771929824561361,0.0002299999999999993,40.35087719298238,0.4035087719298238,144901926.0,144309062.0,50.1024967972517,49.8975032027483,2001425.81184,105082.30196000007,5.541311551020081,1991366.0981099997,-41413.342220000224,-2.037276715730518,50.125973428579286,49.874026571420714,1.0041082936288506,1.0050516646535,10059.713730000425,0.25194685715856396,606692434.0,8551724.2073121,-1220380.0,-0.20074918177329293,-81014.65743258037,-0.9384583352038697,1.1231,0.0013000000000000789,0.11588518452487778,52.900000000000006,47.099999999999994,1.0649,-0.0032000000000000917,-0.29959741597229583,51.57000000000001,48.43,1.1142,-0.007599999999999829,-0.6774826172223061,52.7,47.3,-0.05820000000000003,-0.008899999999999908,0.04930000000000012,1782648000008,2026-06-28 12:00:00 UTC,-0.01608479,0.01416883
FINAL_REAL_MARK_PREMIUM_CLOSED_GUARD_2026_06_13,1782654000000,2026-06-28 13:40:00 UTC,ACTUSDT,1782654000000,2026-06-28 13:40:00 UTC,1782654299999,2026-06-28 13:44:59 UTC,True,0.0138,0.01405,0.01366,0.01373,-7.000000000000062e-05,-0.5072463768115987,51.01720628231862,0.01382335,0.014,0.01374,0.01377108,-6.287999999999953e-05,-0.45453362594658026,1782654299999,2026-06-28 13:44:59 UTC,-4.108000000000063e-05,-0.2983063056782811,-0.02097581,-0.01702045,-0.04370442,-0.04010347,-0.022256130000000002,124.7027848407662,1782654299999,2026-06-28 13:44:59 UTC,19383,-9212.0,-32.21542227662179,236045051.0,-53165937.0,-18.383097187164964,3268741.33575,-724050.5741999997,-18.133942126953134,binance_kline_quote_asset_volume,12177.942062632203,168.6395983980808,0.0003899999999999997,2.826086956521737,-7.000000000000062e-05,-0.5072463768115987,7.000000000000062e-05,0.5072463768115987,0.0002500000000000002,64.1025641025642,6.999999999999888e-05,17.948717948717675,0.17948717948717674,126291490.0,109753561.0,53.50312979025347,46.496870209746525,1749459.00325,-251966.80859000003,-12.589365396379879,1519282.3325,-472083.76560999965,-23.706528199814848,53.52087618914004,46.47912381085996,1.1506823910706643,1.1515035525827784,230176.67075000005,7.0417523782800915,628245713.0,8691126.06381348,21553279.0,3.552587405433179,139401.85650137998,1.6301023410248108,1.1151,-0.008000000000000007,-0.7123141305315651,52.72,47.28,1.0985,0.033600000000000074,3.155225842802148,52.349999999999994,47.65,1.0773,-0.036900000000000155,-3.3117932148626954,51.85999999999999,48.14,-0.016599999999999948,-0.037800000000000056,-0.021200000000000108,1782648000008,2026-06-28 12:00:00 UTC,-0.01608479,0.01416883
FINAL_REAL_MARK_PREMIUM_CLOSED_GUARD_2026_06_13,1782654300000,2026-06-28 13:45:00 UTC,ACTUSDT,1782654300000,2026-06-28 13:45:00 UTC,1782654599999,2026-06-28 13:49:59 UTC,True,0.01373,0.01399,0.01349,0.01388,0.00015000000000000083,1.0924981791697075,53.200604129721,0.01374822,0.01397,0.01353289,0.01388,0.0001089200000000002,0.7909328825335427,1782654599999,2026-06-28 13:49:59 UTC,0.0,0.0,-0.04039036,-0.0281741,-0.04263358,-0.0373517,0.0027517700000000006,-6.861675560743248,1782654599999,2026-06-28 13:49:59 UTC,21368,1985.0,10.240932776144044,241354345.0,5309294.0,2.2492714748762093,3308737.36142,39996.025669999886,1.2235910266917145,binance_kline_quote_asset_volume,11295.130335080494,154.84543997660052,0.0005000000000000004,3.6416605972323413,0.00015000000000000083,1.0924981791697075,0.00015000000000000083,1.0924981791697075,0.00011000000000000072,22.000000000000124,0.0002399999999999989,47.99999999999974,0.7799999999999988,126254516.0,115099829.0,52.310852742261595,47.689147257738405,1731708.96979,-17750.033460000064,-1.0146012811403708,1577028.39163,57746.05912999995,3.8008774205238085,52.33745627506706,47.662543724932945,1.0969131500621083,1.0980835722305062,154680.57816000003,4.674912550134117,648193591.0,8926325.79714828,19947878.0,3.175171368021735,235199.73333480023,2.706205520526067,1.1404,0.0253000000000001,2.2688548112277016,53.28000000000001,46.72,1.1856,0.08709999999999996,7.928994082840232,54.25,45.75,1.0929,0.015600000000000058,1.4480646059593483,52.22,47.78,0.04519999999999991,-0.0475000000000001,-0.0927,1782648000008,2026-06-28 12:00:00 UTC,-0.01608479,0.01416883
FINAL_REAL_MARK_PREMIUM_CLOSED_GUARD_2026_06_13,1782654600000,2026-06-28 13:50:00 UTC,ACTUSDT,1782654600000,2026-06-28 13:50:00 UTC,1782654899999,2026-06-28 13:54:59 UTC,True,0.01388,0.01409,0.01382,0.01391,3.0000000000000512e-05,0.21613832853026307,53.64563957155305,0.01389,0.01407,0.01384581,0.01392,4.0000000000000105e-05,0.2881844380403466,1782654899999,2026-06-28 13:54:59 UTC,-9.999999999999593e-06,-0.07183908045976718,-0.03763647,-0.03124854,-0.04000395,-0.03787924,-0.00052754,1.4123587413692014,1782654899999,2026-06-28 13:54:59 UTC,10508,-10860.0,-50.82366154998128,130178426.0,-111175919.0,-46.06335924882562,1814938.38025,-1493798.98117,-45.14710047971022,binance_kline_quote_asset_volume,12388.506471259992,172.71967836410354,0.0002699999999999994,1.94524495677233,3.0000000000000512e-05,0.21613832853026307,3.0000000000000512e-05,0.21613832853026307,0.0001799999999999996,66.66666666666666,5.999999999999929e-05,22.22222222222201,0.3333333333333333,71429434.0,58748992.0,54.87040840392401,45.12959159607599,996151.17362,-735557.79617,-42.475832198247446,818787.2066299999,-758241.185,-48.0803762966049,54.886225585398904,45.11377441460109,1.2158410139190132,1.2166179021286891,177363.9669900001,9.772451170797819,642028954.0,8911361.88152,-6164637.0,-0.9510487430907042,-14963.91562828049,-0.16763801779519474,1.1245,-0.015900000000000025,-1.394247632409683,52.93,47.07,1.2244,0.038799999999999946,3.2726045883940578,55.04,44.96,1.0721,-0.02079999999999993,-1.9031933388233078,51.739999999999995,48.26,0.09989999999999988,-0.0524,-0.15229999999999988,1782648000008,2026-06-28 12:00:00 UTC,-0.01608479,0.01416883
FINAL_REAL_MARK_PREMIUM_CLOSED_GUARD_2026_06_13,1782654900000,2026-06-28 13:55:00 UTC,ACTUSDT,1782654900000,2026-06-28 13:55:00 UTC,1782655199999,2026-06-28 13:59:59 UTC,True,0.01391,0.01393,0.01361,0.01371,-0.00020000000000000052,-1.4378145219266751,50.21717213399937,0.01391765,0.01393,0.01364501,0.0137,-0.0002199999999999997,-1.5804597701149405,1782655199999,2026-06-28 13:59:59 UTC,9.999999999999593e-06,0.07299270072992403,-0.0376819,-0.03467448,-0.04259816,-0.03674278,0.0011364599999999989,-3.0002185893909137,1782655199999,2026-06-28 13:59:59 UTC,13069,2561.0,24.37190711838599,141346650.0,11168224.0,8.579166566355626,1946563.30686,131624.92660999997,7.252308290040635,binance_kline_quote_asset_volume,10815.414339276149,148.94508431096486,0.0003199999999999991,2.300503235082668,-0.00020000000000000052,-1.4378145219266751,0.00020000000000000052,1.4378145219266751,1.9999999999999185e-05,6.249999999999763,9.99999999999994e-05,31.2499999999999,0.312499999999999,73689611.0,67657039.0,52.133963556971466,47.86603644302854,1014954.35539,18803.181770000025,1.8875831568485248,931608.9514699999,112821.74483999994,13.77912892708187,52.1408346604058,47.859165339594206,1.0891639966685507,1.0894639363313203,83345.40392000019,4.281669320811591,652033474.0,9074297.69498008,10004520.0,1.5582661712792474,162935.81346007995,1.8284053057924767,1.1227,-0.0018000000000000238,-0.1600711427301044,52.89,47.11,1.2084,-0.016000000000000014,-1.3067624959163684,54.72,45.28,1.0747,0.0025999999999999357,0.24251469079376323,51.800000000000004,48.199999999999996,0.08569999999999989,-0.04800000000000004,-0.13369999999999993,1782648000008,2026-06-28 12:00:00 UTC,-0.01608479,0.01416883
FINAL_REAL_MARK_PREMIUM_CLOSED_GUARD_2026_06_13,1782655200000,2026-06-28 14:00:00 UTC,ACTUSDT,1782655200000,2026-06-28 14:00:00 UTC,1782655499999,2026-06-28 14:04:59 UTC,True,0.01371,0.01452,0.0136,0.014,0.0002900000000000003,2.115244347191833,54.73453779820674,0.01371,0.0145,0.01367,0.01399,0.0002900000000000003,2.1167883211678857,1782655499999,2026-06-28 14:04:59 UTC,9.999999999999593e-06,0.0714796283059299,-0.03493804,-0.02926273,-0.04312685,-0.03707662,-0.000333839999999995,0.9085866665505303,1782655499999,2026-06-28 14:04:59 UTC,32793,19724.0,150.92202922947433,378775785.0,237429135.0,167.9764854702959,5364224.60742,3417661.3005600004,175.57411508352266,binance_kline_quote_asset_volume,11550.507272893605,163.5783431653097,0.0009200000000000007,6.710430342815468,0.0002900000000000003,2.115244347191833,0.0002900000000000003,2.115244347191833,0.0005199999999999996,56.5217391304347,0.00011000000000000072,11.956521739130505,0.434782608695653,205330185.0,173445600.0,54.20889960006288,45.79110039993713,2907599.42233,1892645.0669399998,186.47588011115474,2456625.1850900003,1525016.2336200005,163.69703524355947,54.203536114205534,45.796463885794466,1.183830463269175,1.1835747023913532,450974.2372399997,8.407072228411073,652706355.0,8942077.0635,672881.0,0.10319730916146184,-132220.63148007914,-1.4570894180959466,1.1286,0.005900000000000016,0.5255188385142973,53.02,46.98,1.2351,0.026700000000000168,2.2095332671301033,55.26,44.74,1.07,-0.0046999999999999265,-0.437331348283235,51.690000000000005,48.309999999999995,0.10650000000000004,-0.058599999999999985,-0.16510000000000002,1782648000008,2026-06-28 12:00:00 UTC,-0.01608479,0.01416883
FINAL_REAL_MARK_PREMIUM_CLOSED_GUARD_2026_06_13,1782655500000,2026-06-28 14:05:00 UTC,ACTUSDT,1782655500000,2026-06-28 14:05:00 UTC,1782655799999,2026-06-28 14:09:59 UTC,True,0.014,0.01432,0.01342,0.0135,-0.0005000000000000004,-3.5714285714285747,46.842293428923874,0.014,0.01435717,0.01355013,0.01355744,-0.00043256000000000024,-3.091922802001431,1782655799999,2026-06-28 14:09:59 UTC,-5.7440000000000616e-05,-0.42367880661836316,-0.03167612,-0.02415684,-0.04026087,-0.02692356,0.010153059999999998,-27.383995628511983,1782655799999,2026-06-28 14:09:59 UTC,21147,-11646.0,-35.51367669929558,234409723.0,-144366062.0,-38.1138572519888,3254507.2224,-2109717.3850200004,-39.32940060156614,binance_kline_quote_asset_volume,11084.774341514163,153.89923972194637,0.0008999999999999998,6.428571428571426,-0.0005000000000000004,-3.5714285714285747,0.0005000000000000004,3.5714285714285747,0.0003199999999999991,35.555555555555465,8.000000000000021e-05,8.888888888888914,0.08888888888888914,107509115.0,126900608.0,45.86376094988176,54.13623905011824,1494911.70842,-1412687.71391,-48.58605016429481,1759595.5139799998,-697029.6711100005,-28.373464350218498,45.93358091605629,54.06641908394371,0.847191488633372,0.8495769036366114,-264683.8055599998,-8.132838167887416,664297553.0,9293522.76647,11591198.0,1.7758671891588984,351445.70297,3.930246859586349,1.1331,0.0044999999999999485,0.3987240829346047,53.12,46.88,1.2598,0.024699999999999944,1.999838069791915,55.75,44.25,1.1057,0.03569999999999984,3.3364485981308265,52.51,47.49,0.12670000000000003,-0.02740000000000009,-0.15410000000000013,1782648000008,2026-06-28 12:00:00 UTC,-0.01608479,0.01416883
FINAL_REAL_MARK_PREMIUM_CLOSED_GUARD_2026_06_13,1782655800000,2026-06-28 14:10:00 UTC,ACTUSDT,1782655800000,2026-06-28 14:10:00 UTC,1782656099999,2026-06-28 14:14:59 UTC,True,0.0135,0.01357,0.01319,0.0134,-9.99999999999994e-05,-0.7407407407407363,45.431350665587395,0.01356159,0.01357115,0.01324728,0.01341236,-0.00014508000000000056,-1.070113531758212,1782656099999,2026-06-28 14:14:59 UTC,-1.2359999999999455e-05,-0.09215380440130935,-0.03129434,-0.00947613,-0.03129434,-0.01300881,0.013914749999999998,-51.68242981240222,1782656099999,2026-06-28 14:14:59 UTC,22952,1805.0,8.53548966756514,243055120.0,8645397.0,3.6881563142327503,3264668.96618,10161.743780000135,0.31223601871457735,binance_kline_quote_asset_volume,10589.71418612757,142.23897552195888,0.00038000000000000013,2.8148148148148158,-9.99999999999994e-05,-0.7407407407407363,9.99999999999994e-05,0.7407407407407363,7.000000000000062e-05,18.421052631579105,0.00021000000000000012,55.26315789473686,0.5526315789473686,118990042.0,124065078.0,48.95599072342109,51.044009276578905,1599667.742,104756.03358000005,7.007506395860571,1665001.22418,-94594.28979999991,-5.375911057311044,48.99938580516409,51.00061419483591,0.9590937588416298,0.9607607002137936,-65333.48217999982,-2.001228389671825,647616381.0,8777300.23962444,-16681172.0,-2.5110994199311767,-516222.5268455595,-5.554648541971976,1.157,0.023900000000000032,2.109257788368196,53.64,46.36,1.2545,-0.005300000000000082,-0.42070169868233703,55.64,44.36,1.1209,0.015200000000000102,1.3746947634982458,52.849999999999994,47.15,0.09749999999999992,-0.03610000000000002,-0.13359999999999994,1782648000008,2026-06-28 12:00:00 UTC,-0.01608479,0.01416883
FINAL_REAL_MARK_PREMIUM_CLOSED_GUARD_2026_06_13,1782656100000,2026-06-28 14:15:00 UTC,ACTUSDT,1782656100000,2026-06-28 14:15:00 UTC,1782656399999,2026-06-28 14:19:59 UTC,True,0.0134,0.01364,0.0133,0.01364,0.0002399999999999989,1.7910447761193948,49.37275901010161,0.01342072,0.01359577,0.01331,0.01359577,0.00018341000000000017,1.3674700052787143,1782656399999,2026-06-28 14:19:59 UTC,4.422999999999927e-05,0.3253217728749403,-0.0141984,0.00014949,-0.01684359,0.00014949,0.013158300000000001,-101.1491443106633,1782656399999,2026-06-28 14:19:59 UTC,15995,-6957.0,-30.31108400139421,172722918.0,-70332202.0,-28.93672924890453,2321655.92534,-943013.0408399999,-28.885410760142783,binance_kline_quote_asset_volume,10798.556924038761,145.1488543507346,0.00034,2.537313432835821,0.0002399999999999989,1.7910447761193948,0.0002399999999999989,1.7910447761193948,0.0,0.0,0.00010000000000000113,29.411764705882682,1.0,94758126.0,77964792.0,54.86135082548802,45.13864917451198,1274422.30772,-325245.43428000016,-20.33206182387343,1047233.6176200002,-617767.6065599998,-37.10313227332583,54.89281567566323,45.107184324336764,1.2153963804585024,1.2169417465954933,227188.69009999977,9.785631351326472,635740960.0,8526786.6222656,-11875421.0,-1.8337122636803715,-250513.617358841,-2.8541078750834648,1.1418,-0.015200000000000102,-1.3137424373379518,53.31,46.69,1.2643,0.009800000000000031,0.781187724192908,55.84,44.16,1.0894,-0.031500000000000083,-2.810241770006252,52.14,47.86,0.12250000000000005,-0.0524,-0.17490000000000006,1782648000008,2026-06-28 12:00:00 UTC,-0.01608479,0.01416883
FINAL_REAL_MARK_PREMIUM_CLOSED_GUARD_2026_06_13,1782656400000,2026-06-28 14:20:00 UTC,ACTUSDT,1782656400000,2026-06-28 14:20:00 UTC,1782656699999,2026-06-28 14:24:59 UTC,True,0.01362,0.01382,0.01335,0.01368,4.0000000000000105e-05,0.2932551319648102,50.02069466013381,0.01359577,0.0138,0.01337961,0.01366684,7.106999999999947e-05,0.5227361157183409,1782656699999,2026-06-28 14:24:59 UTC,1.3159999999999908e-05,0.09629146166926597,0.00018096,0.00047015,-0.00766907,-0.00215666,-0.00230615,-1542.6784400294332,1782656699999,2026-06-28 14:24:59 UTC,16946,951.0,5.945608002500782,182040359.0,9317441.0,5.394443949817939,2483598.82418,161942.89883999992,6.97531865391655,binance_kline_quote_asset_volume,10742.379263543018,146.55959071049216,0.00046999999999999993,3.450807635829662,5.999999999999929e-05,0.44052863436122824,5.999999999999929e-05,0.44052863436122824,0.00014000000000000123,29.787234042553457,0.0002699999999999994,57.44680851063818,0.7021276595744654,83534473.0,98505886.0,45.887886323054325,54.112113676945675,1140153.59458,-134268.7131399999,-10.535653081921707,1343445.2296,296211.6119799998,28.285151182711875,45.90731737668784,54.09268262331216,0.8480150414565075,0.8486788813262388,-203291.63501999993,-8.185365246624318,635656465.0,8642239.09715305,-84495.0,-0.013290790639004917,115452.47488745116,1.3539974670642692,1.1542,0.012399999999999967,1.0860045542126437,53.580000000000005,46.42,1.2471,-0.017199999999999882,-1.3604366052360897,55.50000000000001,44.5,1.1097,0.020299999999999985,1.8634110519552036,52.6,47.4,0.0929000000000002,-0.044499999999999984,-0.1374000000000002,1782648000008,2026-06-28 12:00:00 UTC,-0.01608479,0.01416883
FINAL_REAL_MARK_PREMIUM_CLOSED_GUARD_2026_06_13,1782656700000,2026-06-28 14:25:00 UTC,ACTUSDT,1782656700000,2026-06-28 14:25:00 UTC,1782656999999,2026-06-28 14:29:59 UTC,True,0.01367,0.01384,0.01342,0.01343,-0.0002500000000000002,-1.8274853801169606,46.05357193317201,0.01367,0.01383335,0.01346,0.01346,-0.0002068399999999998,-1.513444219731846,1782656999999,2026-06-28 14:29:59 UTC,-3.0000000000000512e-05,-0.22288261515602165,-0.0022658,0.00631809,-0.00337953,-0.0021786,-2.194000000000024e-05,1.0173138093162688,1782656999999,2026-06-28 14:29:59 UTC,13488,-3458.0,-20.40599551516582,143440421.0,-38599938.0,-21.204055085389058,1956784.80595,-526814.01823,-21.2117195861508,binance_kline_quote_asset_volume,10634.669409845788,145.07597908881968,0.00042000000000000023,3.072421360643747,-0.00024000000000000063,-1.7556693489392878,0.00024000000000000063,1.7556693489392878,0.00017,40.47619047619045,9.999999999999593e-06,2.380952380952283,0.023809523809522826,61211419.0,82229002.0,42.67375860532367,57.32624139467632,835277.90047,-304875.69411000004,-26.739879219721054,1121506.90548,-221938.32412,-16.52008725253953,42.68624214222068,57.31375785777932,0.7444018230939979,0.7447817720859282,-286229.00500999996,-14.627515715558644,632689705.0,8655195.1644,-2966760.0,-0.46672379867952735,12956.0672469493,0.14991563067512587,1.1612,0.007000000000000117,0.6064806792583709,53.73,46.27,1.2282,-0.01890000000000014,-1.5155159971133139,55.120000000000005,44.879999999999995,1.1191,0.009400000000000075,0.8470757862485424,52.81,47.19,0.06699999999999995,-0.042100000000000026,-0.10909999999999997,1782648000008,2026-06-28 12:00:00 UTC,-0.01608479,0.01416883
FINAL_REAL_MARK_PREMIUM_CLOSED_GUARD_2026_06_13,1782657000000,2026-06-28 14:30:00 UTC,ACTUSDT,1782657000000,2026-06-28 14:30:00 UTC,1782657299999,2026-06-28 14:34:59 UTC,True,0.01344,0.01357,0.01313,0.01346,3.0000000000000512e-05,0.22338049143708497,46.60087263706805,0.01345,0.01354243,0.01323,0.01342194,-3.805999999999948e-05,-0.2827637444279308,1782657299999,2026-06-28 14:34:59 UTC,3.805999999999948e-05,0.28356556503753916,-0.00322493,0.00434419,-0.00395708,0.00148581,0.00366441,-168.2002203249793,1782657299999,2026-06-28 14:34:59 UTC,18146,4658.0,34.534400948991696,183713734.0,40273313.0,28.076683489377096,2455218.08212,498433.27616999997,25.472053679812557,binance_kline_quote_asset_volume,10124.20004408685,135.30354249531578,0.00044000000000000115,3.273809523809532,1.9999999999999185e-05,0.14880952380951773,1.9999999999999185e-05,0.14880952380951773,0.00011000000000000072,25.0000000000001,0.00031000000000000125,70.45454545454555,0.749999999999999,88137947.0,95575787.0,47.975698430907734,52.024301569092266,1178399.38213,343121.48166000005,41.07872140121629,1276818.6999899999,155311.79450999992,13.848492037909224,47.99571128575638,52.00428871424363,0.922178616222119,0.92291832986095,-98419.31785999984,-4.008577428487248,634259950.0,8537138.927,1570245.0,0.24818564101655488,-118056.23740000091,-1.3639927830348915,1.1603,-0.0008999999999999009,-0.07750602824663287,53.71,46.29,1.2032,-0.02499999999999991,-2.035499104380387,54.61,45.39,1.1173,-0.0018000000000000238,-0.16084353498347098,52.769999999999996,47.23,0.04289999999999994,-0.04300000000000015,-0.08590000000000009,1782648000008,2026-06-28 12:00:00 UTC,-0.01608479,0.01416883
FINAL_REAL_MARK_PREMIUM_CLOSED_GUARD_2026_06_13,1782657300000,2026-06-28 14:35:00 UTC,ACTUSDT,1782657300000,2026-06-28 14:35:00 UTC,1782657599999,2026-06-28 14:39:59 UTC,True,0.01346,0.01396,0.01322,0.01348,2.000000000000092e-05,0.14858841010401874,46.987007537476714,0.01343666,0.01387764,0.01326,0.01346,3.805999999999948e-05,0.28356556503753916,1782657599999,2026-06-28 14:39:59 UTC,2.000000000000092e-05,0.14858841010401874,0.00237219,0.01702794,-0.00844215,-0.00042307,-0.00190888,-128.47403099992596,1782657599999,2026-06-28 14:39:59 UTC,20257,2111.0,11.633417833131269,211439838.0,27726104.0,15.09201484087194,2856107.57136,400889.48924,16.3280603120129,binance_kline_quote_asset_volume,10437.865330503037,140.9936106708792,0.0007399999999999993,5.4977711738484345,2.000000000000092e-05,0.14858841010401874,2.000000000000092e-05,0.14858841010401874,0.0004799999999999995,64.86486486486486,0.0002399999999999989,32.432432432432314,0.3513513513513514,112851568.0,98588270.0,53.37289749531495,46.62710250468504,1524328.61629,345929.23416,29.35585671597351,1331778.95507,54960.25508000003,4.304468213101083,53.37084049548444,46.62915950451556,1.1446754061106863,1.1445807958497733,192549.66122000013,6.741680990968882,634676046.0,8518583.80884924,416096.0,0.06560338548886778,-18555.11815075949,-0.21734586152834068,1.1701,0.009799999999999809,0.8446091528052924,53.92,46.08,1.2113,0.008099999999999996,0.6732047872340422,54.779999999999994,45.22,1.1268,0.009500000000000064,0.8502640293564903,52.980000000000004,47.02,0.041200000000000125,-0.043299999999999894,-0.08450000000000002,1782648000008,2026-06-28 12:00:00 UTC,-0.01608479,0.01416883
FINAL_REAL_MARK_PREMIUM_CLOSED_GUARD_2026_06_13,1782657600000,2026-06-28 14:40:00 UTC,ACTUSDT,1782657600000,2026-06-28 14:40:00 UTC,1782657899999,2026-06-28 14:44:59 UTC,True,0.0135,0.01352,0.01312,0.01329,-0.00019000000000000093,-1.4094955489614311,43.75036410865092,0.01346,0.01349305,0.01317,0.01325604,-0.00020395999999999956,-1.51530460624071,1782657899999,2026-06-28 14:44:59 UTC,3.3959999999999546e-05,0.2561851050539946,0.00053685,0.00589742,-0.00080577,0.00273701,0.00316008,-746.940222658189,1782657899999,2026-06-28 14:44:59 UTC,14030,-6227.0,-30.73999111418275,135349179.0,-76090659.0,-35.98690753820952,1805919.33813,-1050188.23323,-36.76991174145199,binance_kline_quote_asset_volume,9647.126086956521,128.71841326657164,0.00040000000000000105,2.962962962962971,-0.00021000000000000012,-1.5555555555555565,0.00021000000000000012,1.5555555555555565,2.000000000000092e-05,5.000000000000217,0.00017,42.49999999999989,0.42499999999999893,63036586.0,72312593.0,46.57330503644946,53.42669496355054,841908.35495,-682420.2613400001,-44.768579035202684,964010.9831800001,-367767.9718899998,-27.614790764633273,46.61937757540059,53.38062242459941,0.8717234908171527,0.8733389656752477,-122102.62823000015,-6.761244849198825,631726293.0,8503035.90378,-2949753.0,-0.4647651378353737,-15547.905069239438,-0.18251748668702453,1.164,-0.006099999999999994,-0.5213229638492433,53.790000000000006,46.21,1.1985,-0.012800000000000145,-1.056715925039226,54.510000000000005,45.49,1.1295,0.0026999999999999247,0.23961661341852367,53.04,46.96,0.034499999999999975,-0.034499999999999975,-0.06899999999999995,1782648000008,2026-06-28 12:00:00 UTC,-0.01608479,0.01416883
FINAL_REAL_MARK_PREMIUM_CLOSED_GUARD_2026_06_13,1782657900000,2026-06-28 14:45:00 UTC,ACTUSDT,1782657900000,2026-06-28 14:45:00 UTC,1782658199999,2026-06-28 14:49:59 UTC,True,0.01329,0.0135,0.01311,0.01348,0.00019000000000000093,1.4296463506395856,47.634937905886254,0.01326318,0.01346479,0.01315,0.01346479,0.0002087500000000006,1.574753848057192,1782658199999,2026-06-28 14:49:59 UTC,1.5209999999999876e-05,0.11296128643669805,0.0030514,0.00583744,0.001037,0.00482742,0.00209041,76.37568003039814,1782658199999,2026-06-28 14:49:59 UTC,12849,-1181.0,-8.41767640769779,109911908.0,-25437271.0,-18.793812557961655,1460985.435,-344933.90313,-19.10018326107374,binance_kline_quote_asset_volume,8554.121565880614,113.70421316833995,0.0003899999999999997,2.9345372460496595,0.00019000000000000093,1.4296463506395856,0.00019000000000000093,1.4296463506395856,1.9999999999999185e-05,5.128205128204923,0.0001799999999999996,46.15384615384608,0.9487179487179508,59253529.0,50658379.0,53.9100176479513,46.0899823520487,788110.23183,-53798.123120000004,-6.3900212895731405,672875.2031700001,-291135.78001,-30.200462970828944,53.94374323998651,46.0562567600135,1.169668871560221,1.1712576538964625,115235.02865999984,7.887486479973008,617891497.0,8190794.39989188,-13834796.0,-2.189998446051699,-312241.50388811994,-3.6721179049627897,1.1687,0.0047000000000001485,0.4037800687285351,53.89000000000001,46.11,1.1808,-0.017699999999999827,-1.4768460575719506,54.14,45.86,1.129,-0.0004999999999999449,-0.04426737494466091,53.03,46.97,0.0121,-0.03970000000000007,-0.05180000000000007,1782648000008,2026-06-28 12:00:00 UTC,-0.01608479,0.01416883
FINAL_REAL_MARK_PREMIUM_CLOSED_GUARD_2026_06_13,1782658200000,2026-06-28 14:50:00 UTC,ACTUSDT,1782658200000,2026-06-28 14:50:00 UTC,1782658499999,2026-06-28 14:54:59 UTC,True,0.01349,0.01371,0.01339,0.01352,4.0000000000000105e-05,0.29673590504451114,48.44219002923547,0.01346479,0.01364,0.0134,0.01354,7.520999999999917e-05,0.5585679390469451,1782658499999,2026-06-28 14:54:59 UTC,-1.9999999999999185e-05,-0.14771048744460255,0.00709501,0.00709501,0.0,0.00084666,-0.00398076,-82.46143902954374,1782658499999,2026-06-28 14:54:59 UTC,8875,-3974.0,-30.92847692427426,83445822.0,-26466086.0,-24.079361810369083,1128551.0408,-332434.3942,-22.754121036121074,binance_kline_quote_asset_volume,9402.346140845071,127.16068065352114,0.0003199999999999991,2.372127501853218,3.0000000000000512e-05,0.2223869532987436,3.0000000000000512e-05,0.2223869532987436,0.0001899999999999992,59.374999999999915,9.99999999999994e-05,31.2499999999999,0.40625000000000083,44919441.0,38526381.0,53.83066512305433,46.16933487694567,608004.34176,-180105.89006999996,-22.852880573798956,520546.6990400001,-152328.50413000002,-22.63844817172058,53.87477568839082,46.12522431160918,1.1659398010936974,1.16801113690912,87457.64271999989,7.7495513767816355,612838446.0,8251740.97931634,-5053051.0,-0.8177893731397311,60946.57942445949,0.7440863052949295,1.1529,-0.015800000000000036,-1.35192949430992,53.55,46.45,1.1806,-0.00019999999999997797,-0.0169376693766919,54.14,45.86,1.1,-0.028999999999999915,-2.568644818423376,52.38,47.620000000000005,0.027700000000000058,-0.05289999999999995,-0.0806,1782648000008,2026-06-28 12:00:00 UTC,-0.01608479,0.01416883
FINAL_REAL_MARK_PREMIUM_CLOSED_GUARD_2026_06_13,1782658500000,2026-06-28 14:55:00 UTC,ACTUSDT,1782658500000,2026-06-28 14:55:00 UTC,1782658799999,2026-06-28 14:59:59 UTC,True,0.01354,0.01378,0.01338,0.01344,-8.000000000000021e-05,-0.5917159763313625,46.88543526189687,0.01354,0.01374624,0.01338203,0.01344325,-9.674999999999961e-05,-0.7145494830132911,1782658799999,2026-06-28 14:59:59 UTC,-3.249999999999781e-06,-0.024175701560260953,0.0,0.00457395,-0.00210956,0.0,-0.00084666,-100.0,1782658799999,2026-06-28 14:59:59 UTC,12282,3407.0,38.3887323943662,94946797.0,11500975.0,13.782565411123878,1288259.74251,159708.70170999994,14.15165960033023,binance_kline_quote_asset_volume,7730.564810291484,104.89006208353689,0.00040000000000000105,2.954209748892179,-9.99999999999994e-05,-0.7385524372230384,9.99999999999994e-05,0.7385524372230384,0.00024000000000000063,60.0,6.0000000000001025e-05,15.000000000000217,0.15000000000000216,45596999.0,49349798.0,48.02373586125291,51.9762641387471,619253.85111,11249.509350000066,1.8502350357295032,669005.8914,148459.19235999987,28.5198604916313,48.06902138410904,51.93097861589096,0.9239551294617254,0.9256328816688206,-49752.04028999992,-3.861957231781907,608790868.0,8236940.44404,-4047578.0,-0.6604641119398701,-14800.53527633939,-0.17936257710267609,1.1617,0.008799999999999919,0.763292566571248,53.74,46.26,1.1702,-0.010400000000000187,-0.8809080128748252,53.92,46.08,1.1044,0.0043999999999999595,0.3999999999999963,52.480000000000004,47.52,0.008499999999999952,-0.05729999999999991,-0.06579999999999986,1782648000008,2026-06-28 12:00:00 UTC,-0.01608479,0.01416883
FINAL_REAL_MARK_PREMIUM_CLOSED_GUARD_2026_06_13,1782658800000,2026-06-28 15:00:00 UTC,ACTUSDT,1782658800000,2026-06-28 15:00:00 UTC,1782659099999,2026-06-28 15:04:59 UTC,True,0.01343,0.01376,0.01326,0.01328,-0.00016000000000000042,-1.1904761904761936,43.8502631811708,0.01344,0.01373116,0.0132604,0.01330403,-0.00013922000000000066,-1.0356126680676225,1782659099999,2026-06-28 15:04:59 UTC,-2.4029999999999538e-05,-0.1806219619167992,0.00122129,0.00673851,-0.00197796,0.00468052,0.00468052,,1782659099999,2026-06-28 15:04:59 UTC,13860,1578.0,12.848070346849047,104356648.0,9409851.0,9.91065659645159,1410967.83755,122708.09504000004,9.52510514695739,binance_kline_quote_asset_volume,7529.339682539682,101.80143128066378,0.0005000000000000004,3.723008190618023,-0.0001499999999999991,-1.1169024571853992,0.0001499999999999991,1.1169024571853992,0.00033000000000000043,66.00000000000003,2.000000000000092e-05,4.00000000000018,0.040000000000001805,49649607.0,54707041.0,47.57685106942109,52.42314893057891,671580.43504,52326.583929999964,8.449940817680119,739387.40251,70381.51111000008,10.520312603333837,47.59714694887235,52.40285305112765,0.907554239681872,0.9082930447018497,-67806.96747000003,-4.805706102255302,610637316.0,8208950.098317,1846448.0,0.3032975849434062,-27990.345723000355,-0.33981483674867796,1.1668,0.0051000000000001044,0.439011793061901,53.849999999999994,46.150000000000006,1.1744,0.004200000000000204,0.3589130063237228,54.010000000000005,45.989999999999995,1.1093,0.004899999999999904,0.44367982614993706,52.59,47.410000000000004,0.007600000000000051,-0.05750000000000011,-0.06510000000000016,1782648000008,2026-06-28 12:00:00 UTC,-0.01608479,0.01416883
FINAL_REAL_MARK_PREMIUM_CLOSED_GUARD_2026_06_13,1782659100000,2026-06-28 15:05:00 UTC,ACTUSDT,1782659100000,2026-06-28 15:05:00 UTC,1782659399999,2026-06-28 15:09:59 UTC,True,0.01328,0.01331,0.0124,0.01269,-0.0005900000000000002,-4.442771084337351,34.88273734197034,0.01329,0.01329,0.01252133,0.01263516,-0.0006688700000000002,-5.027574351531079,1782659399999,2026-06-28 15:09:59 UTC,5.4840000000000444e-05,0.4340269533587264,0.00133148,0.00710245,-0.00361179,-0.00203608,-0.0067166,-143.50114944493347,1782659399999,2026-06-28 15:09:59 UTC,27664,13804.0,99.5959595959596,272556949.0,168200301.0,161.17832857184143,3506768.75957,2095800.9220200002,148.53640644702023,binance_kline_quote_asset_volume,9852.405617408907,126.76289616722094,0.0009100000000000011,6.852409638554224,-0.0005900000000000002,-4.442771084337351,0.0005900000000000002,4.442771084337351,3.0000000000000512e-05,3.296703296703349,0.0002900000000000003,31.868131868131865,0.31868131868131866,114478921.0,158078028.0,42.00183536689061,57.9981646331094,1474082.89115,802502.45611,119.49461512561814,2032685.8684200002,1293298.4659100003,174.91486350993227,42.03536053317505,57.96463946682495,0.724192491824354,0.7251897177283964,-558602.9772700001,-15.929278933649904,615990434.0,8166006.54631214,5353118.0,0.8766444270169692,-42943.55200485978,-0.523130869240685,1.1863,0.01949999999999985,1.6712375728488045,54.26,45.739999999999995,1.1599,-0.01450000000000018,-1.2346730245231758,53.7,46.300000000000004,1.1245,0.015200000000000102,1.3702334805733438,52.93,47.07,-0.02639999999999998,-0.061799999999999855,-0.035399999999999876,1782648000008,2026-06-28 12:00:00 UTC,-0.01608479,0.01416883
FINAL_REAL_MARK_PREMIUM_CLOSED_GUARD_2026_06_13,1782659400000,2026-06-28 15:10:00 UTC,ACTUSDT,1782659400000,2026-06-28 15:10:00 UTC,1782659699999,2026-06-28 15:14:59 UTC,True,0.01268,0.01279,0.01247,0.01271,2.000000000000092e-05,0.1576044129235691,35.36527256620383,0.01262345,0.01275278,0.01249,0.01270064,6.54799999999997e-05,0.5182364133101576,1782659699999,2026-06-28 15:14:59 UTC,9.360000000001659e-06,0.07369707353331532,0.00422105,0.00720166,-0.00083274,0.00438582,0.0064219,-315.40509213783355,1782659699999,2026-06-28 15:14:59 UTC,19199,-8465.0,-30.599334875650662,182947277.0,-89609672.0,-32.8774123458507,2312366.89879,-1194401.8607800002,-34.05989794794618,binance_kline_quote_asset_volume,9529.000312516277,120.44204900203135,0.0003199999999999991,2.523659305993684,3.0000000000000512e-05,0.23659305993691254,3.0000000000000512e-05,0.23659305993691254,7.999999999999848e-05,24.999999999999595,0.00021000000000000012,65.62500000000023,0.7500000000000041,90452908.0,92494369.0,49.442063026715616,50.55793697328439,1144090.80398,-329992.08716999996,-22.386263971394303,1168276.09481,-864409.7736100003,-42.52549727626646,49.47704469297983,50.52295530702017,0.9779288077526104,0.9792983089036559,-24185.290829999838,-1.0459106140403307,584394543.0,7383918.55393188,-31595891.0,-5.129282738179665,-782087.9923802605,-9.577361810142806,1.2119,0.025600000000000067,2.1579701593188965,54.790000000000006,45.21,1.1424,-0.01749999999999985,-1.5087507543753642,53.32,46.68,1.1093,-0.015200000000000102,-1.351711871943095,52.59,47.410000000000004,-0.0694999999999999,-0.10260000000000002,-0.03310000000000013,1782648000008,2026-06-28 12:00:00 UTC,-0.01608479,0.01416883
FINAL_REAL_MARK_PREMIUM_CLOSED_GUARD_2026_06_13,1782659700000,2026-06-28 15:15:00 UTC,ACTUSDT,1782659700000,2026-06-28 15:15:00 UTC,1782659999999,2026-06-28 15:19:59 UTC,True,0.0127,0.01295,0.01242,0.01272,9.999999999999593e-06,0.07867820613689687,35.622148873683756,0.01269781,0.01283661,0.01246,0.01271675,1.611000000000147e-05,0.1268440015621376,1782659999999,2026-06-28 15:19:59 UTC,3.249999999999781e-06,0.02555684431949815,0.00497237,0.00908893,0.00063595,0.00165687,-0.0027289500000000004,-62.222115818706655,1782659999999,2026-06-28 15:19:59 UTC,17239,-1960.0,-10.20886504505443,170924815.0,-12022462.0,-6.571544653271882,2170397.34247,-141969.55631999997,-6.139577434458557,binance_kline_quote_asset_volume,9915.007541040664,125.90042012123673,0.0005299999999999992,4.173228346456686,2.000000000000092e-05,0.15748031496063716,2.000000000000092e-05,0.15748031496063716,0.0002299999999999993,43.39622641509427,0.000279999999999999,52.83018867924517,0.5660377358490573,82676199.0,88248616.0,48.3699215938891,51.630078406110904,1051019.09196,-93071.71201999998,-8.134993454735168,1119378.25051,-48897.8443,-4.185469900242408,48.42519253934848,51.57480746065152,0.9368554743113479,0.9389311356381503,-68359.15854999982,-3.149614921303043,583053072.0,7402080.30920736,-1341471.0,-0.22954885805632858,18161.75527548045,0.24596364576379917,1.2095,-0.0023999999999999577,-0.19803614159583774,54.74,45.26,1.1209,-0.021500000000000075,-1.8820028011204546,52.849999999999994,47.15,1.0986,-0.010699999999999932,-0.9645722527720123,52.349999999999994,47.65,-0.08860000000000001,-0.1109,-0.022299999999999986,1782648000008,2026-06-28 12:00:00 UTC,-0.01608479,0.01416883
FINAL_REAL_MARK_PREMIUM_CLOSED_GUARD_2026_06_13,1782660000000,2026-06-28 15:20:00 UTC,ACTUSDT,1782660000000,2026-06-28 15:20:00 UTC,1782660299999,2026-06-28 15:24:59 UTC,True,0.01272,0.01286,0.01265,0.01272,0.0,0.0,35.622148873683756,0.01271,0.01282981,0.01267,0.01271,-6.749999999999812e-06,-0.05307959974049825,1782660299999,2026-06-28 15:24:59 UTC,9.999999999999593e-06,0.07867820613689687,0.00744211,0.00923178,0.004332,0.00732757,0.005670700000000001,342.25376764622456,1782660299999,2026-06-28 15:24:59 UTC,10617,-6622.0,-38.41290098033529,94504602.0,-76420213.0,-44.70984099061333,1203548.35929,-966848.98318,-44.547095790289106,binance_kline_quote_asset_volume,8901.252896298389,113.36049348120939,0.00021000000000000012,1.6509433962264162,0.0,0.0,0.0,0.0,0.0001399999999999995,66.6666666666664,7.000000000000062e-05,33.333333333333606,0.3333333333333361,42357847.0,52146755.0,44.820935810088905,55.17906418991109,539749.98186,-511269.11010000005,-48.64508304473864,663798.37743,-455579.87307999993,-40.69936796363813,44.84655541206591,55.15344458793409,0.8122815504051978,0.8131233823585516,-124048.39556999994,-10.306889175868166,576609819.0,7332602.91576825,-6443253.0,-1.1050885947480267,-69477.39343911037,-0.9386198276272181,1.2114,0.0019000000000000128,0.1570897064902863,54.779999999999994,45.22,1.0955,-0.02540000000000009,-2.266036220893932,52.28,47.72,1.1008,0.0021999999999999797,0.20025486983433274,52.400000000000006,47.599999999999994,-0.11590000000000011,-0.11060000000000003,0.005300000000000082,1782648000008,2026-06-28 12:00:00 UTC,-0.01608479,0.01416883
FINAL_REAL_MARK_PREMIUM_CLOSED_GUARD_2026_06_13,1782660300000,2026-06-28 15:25:00 UTC,ACTUSDT,1782660300000,2026-06-28 15:25:00 UTC,1782660599999,2026-06-28 15:29:59 UTC,True,0.01271,0.01287,0.01266,0.01273,9.999999999999593e-06,0.07861635220125465,35.91751916483243,0.01266434,0.01285,0.01266434,0.01273,1.9999999999999185e-05,0.15735641227379374,1782660599999,2026-06-28 15:29:59 UTC,0.0,0.0,0.00771901,0.01301784,0.00343172,0.00595109,-0.0013764800000000002,-18.784945077290292,1782660599999,2026-06-28 15:29:59 UTC,8797,-1820.0,-17.14231892248281,68548764.0,-25955838.0,-27.465157728509347,875480.97431,-328067.3849800001,-27.25834674175738,binance_kline_quote_asset_volume,7792.288734795953,99.52040176310105,0.00021000000000000012,1.6522423288749026,1.9999999999999185e-05,0.15735641227379374,1.9999999999999185e-05,0.15735641227379374,0.0001399999999999995,66.6666666666664,5.000000000000143e-05,23.809523809524478,0.3333333333333361,30687858.0,37860906.0,44.76792316780504,55.23207683219496,392232.50609,-147517.47577000008,-27.330705090836492,483248.46822,-180549.90921,-27.199510476212286,44.80194517066843,55.19805482933157,0.8105420932082291,0.8116580431899791,-91015.96213,-10.396109658663132,577645701.0,7341876.85971,1035882.0,0.1796504266605283,9273.943941750564,0.12647546919263275,1.1935,-0.017900000000000027,-1.477629189367676,54.410000000000004,45.59,1.0694,-0.026100000000000012,-2.3824737562756746,51.68000000000001,48.32,1.0942,-0.006599999999999939,-0.5995639534883666,52.25,47.75,-0.1241000000000001,-0.09929999999999994,0.024800000000000155,1782648000008,2026-06-28 12:00:00 UTC,-0.01608479,0.01416883
FINAL_REAL_MARK_PREMIUM_CLOSED_GUARD_2026_06_13,1782660600000,2026-06-28 15:30:00 UTC,ACTUSDT,1782660600000,2026-06-28 15:30:00 UTC,1782660899999,2026-06-28 15:34:59 UTC,True,0.01274,0.01292,0.01256,0.01285,0.00012000000000000031,0.942655145326004,39.50442420225755,0.01273,0.01290031,0.01256,0.01284,0.00011000000000000072,0.8641005498821738,1782660899999,2026-06-28 15:34:59 UTC,9.999999999999593e-06,0.07788161993769152,0.00586454,0.01096156,0.00411024,0.00411024,-0.0018408499999999998,-30.93298874659936,1782660899999,2026-06-28 15:34:59 UTC,13208,4411.0,50.14209389564625,126252540.0,57703776.0,84.17916331795567,1611928.53675,736447.56244,84.11919665306519,binance_kline_quote_asset_volume,9558.793155663234,122.04183349106601,0.0003599999999999992,2.825745682888534,0.00011000000000000072,0.8634222919937262,0.00011000000000000072,0.8634222919937262,6.999999999999888e-05,19.444444444444176,0.0001799999999999996,50.0,0.8055555555555582,62893086.0,63359454.0,49.81530351785398,50.184696482146016,803690.58388,411458.07779000007,104.90157531604191,808237.9528699999,324989.48464999994,67.25101185464032,49.85894632155441,50.14105367844558,0.9926393305093822,0.9943737249978766,-4547.368989999872,-0.28210735689116595,578272964.0,7365017.47228572,627263.0,0.10858957297078542,23140.612575719133,0.31518660715637736,1.2051,0.011600000000000055,0.9719312945119442,54.65,45.35,1.0755,0.006099999999999994,0.570413315878062,51.82,48.18,1.0986,0.0043999999999999595,0.4021202705172692,52.349999999999994,47.65,-0.12960000000000016,-0.10650000000000004,0.02310000000000012,1782648000008,2026-06-28 12:00:00 UTC,-0.01608479,0.01416883
FINAL_REAL_MARK_PREMIUM_CLOSED_GUARD_2026_06_13,1782660900000,2026-06-28 15:35:00 UTC,ACTUSDT,1782660900000,2026-06-28 15:35:00 UTC,1782661199999,2026-06-28 15:39:59 UTC,True,0.01284,0.01293,0.0127,0.01279,-6.0000000000001025e-05,-0.46692607003891845,38.34861813620901,0.01284,0.01290474,0.0127,0.01279,-5.000000000000143e-05,-0.38940809968848467,1782661199999,2026-06-28 15:39:59 UTC,0.0,0.0,0.0056851,0.00713923,0.00246913,0.00549215,0.00138191,33.621151076336176,1782661199999,2026-06-28 15:39:59 UTC,6411,-6797.0,-51.46123561477892,51561658.0,-74690882.0,-59.15990442647728,660742.38576,-951186.15099,-59.00920104732429,binance_kline_quote_asset_volume,8042.685696459211,103.06385677117454,0.00023000000000000104,1.791277258566986,-5.000000000000143e-05,-0.38940809968848467,5.000000000000143e-05,0.38940809968848467,8.99999999999998e-05,39.13043478260843,8.99999999999998e-05,39.13043478260843,0.3913043478260843,24306895.0,27254763.0,47.14141465350086,52.85858534649913,311534.15683,-492156.42705000006,-61.23705278143268,349208.22893,-459029.72393999994,-56.793883819735946,47.1491103861404,52.85088961385961,0.8918402629294556,0.8921157378924427,-37674.07209999999,-5.701779227719207,573388533.0,7362308.76372,-4884431.0,-0.8446583714053766,-2708.7085657194257,-0.03677803312635975,1.2139,0.008799999999999919,0.7302298564434418,54.83,45.17,1.0754,-9.999999999998899e-05,-0.00929800092979907,51.82,48.18,1.1133,0.014699999999999935,1.3380666302566844,52.68000000000001,47.32,-0.13850000000000007,-0.10060000000000002,0.037900000000000045,1782648000008,2026-06-28 12:00:00 UTC,-0.01608479,0.01416883
FINAL_REAL_MARK_PREMIUM_CLOSED_GUARD_2026_06_13,1782661200000,2026-06-28 15:40:00 UTC,ACTUSDT,1782661200000,2026-06-28 15:40:00 UTC,1782661499999,2026-06-28 15:44:59 UTC,True,0.01278,0.01286,0.01247,0.01269,-9.99999999999994e-05,-0.7818608287724738,36.435267233849494,0.01279,0.01283182,0.01247365,0.01268555,-0.00010444999999999899,-0.816653635652846,1782661499999,2026-06-28 15:44:59 UTC,4.449999999999593e-06,0.03507928312134352,0.00471464,0.01011011,0.0,0.00658228,0.00109013,19.848875212803726,1782661499999,2026-06-28 15:44:59 UTC,8369,1958.0,30.54125721416316,72230647.0,20668989.0,40.085966591687175,913847.16221,253104.77645,38.30612079757431,binance_kline_quote_asset_volume,8630.738081013264,109.19430782769746,0.0003899999999999997,3.0516431924882608,-8.99999999999998e-05,-0.7042253521126746,8.99999999999998e-05,0.7042253521126746,8.000000000000021e-05,20.512820512820582,0.0002199999999999997,56.41025641025637,0.5641025641025638,34228993.0,38001654.0,47.38846240709986,52.61153759290015,433163.18739,121629.03055999998,39.04195668225597,480683.97482,131475.74589000002,37.649670024343784,47.3999597856671,52.6000402143329,0.9007237684970238,0.9011392309306859,-47520.787430000026,-5.200080428665801,573209586.0,7331350.60494,-178947.0,-0.03120868132184987,-30958.158780000173,-0.42049525187745246,1.2188,0.0049000000000001265,0.40365763242442754,54.93,45.07,1.0774,0.0020000000000000018,0.1859773107680865,51.85999999999999,48.14,1.1173,0.0040000000000000036,0.3592921943770775,52.769999999999996,47.23,-0.1414000000000002,-0.10150000000000015,0.03990000000000005,1782648000008,2026-06-28 12:00:00 UTC,-0.01608479,0.01416883
FINAL_REAL_MARK_PREMIUM_CLOSED_GUARD_2026_06_13,1782661500000,2026-06-28 15:45:00 UTC,ACTUSDT,1782661500000,2026-06-28 15:45:00 UTC,1782661799999,2026-06-28 15:49:59 UTC,True,0.01268,0.0127,0.01224,0.01248,-0.00021000000000000012,-1.6548463356974006,32.74090432517299,0.01268,0.01268298,0.01233,0.0124586,-0.00022695000000000007,-1.7890434391886836,1782661799999,2026-06-28 15:49:59 UTC,2.1399999999999544e-05,0.1717688985921335,0.00765489,0.0090721,0.00031205,0.00782423,0.0012419499999999995,18.868082184288717,1782661799999,2026-06-28 15:49:59 UTC,16298,7929.0,94.74250209105031,147153185.0,74922538.0,103.72679895834243,1830339.45186,916492.2896499999,100.28944965300359,binance_kline_quote_asset_volume,9028.910602527918,112.30454361639464,0.00046000000000000034,3.627760252365933,-0.00020000000000000052,-1.5772870662460607,0.00020000000000000052,1.5772870662460607,1.9999999999999185e-05,4.347826086956341,0.00024000000000000063,52.17391304347836,0.5217391304347836,64982651.0,82170534.0,44.15986714796557,55.84013285203443,808634.77457,375471.58718000003,86.68132429313363,1021704.6772899999,541020.7024699999,112.55226527420514,44.17949761986834,55.82050238013166,0.790826684903861,0.7914564673569344,-213069.9027199999,-11.641004760263305,570260116.0,7234063.2145238,-2949470.0,-0.5145535022507457,-97287.39041620027,-1.3270050180200934,1.2237,0.004899999999999904,0.40203478831636885,55.03,44.97,1.0886,0.011200000000000099,1.0395396324484962,52.12,47.88,1.1151,-0.0021999999999999797,-0.1969032489036051,52.72,47.28,-0.1351,-0.10860000000000003,0.026499999999999968,1782648000008,2026-06-28 12:00:00 UTC,-0.01608479,0.01416883
FINAL_REAL_MARK_PREMIUM_CLOSED_GUARD_2026_06_13,1782661800000,2026-06-28 15:50:00 UTC,ACTUSDT,1782661800000,2026-06-28 15:50:00 UTC,1782662099999,2026-06-28 15:54:59 UTC,True,0.01249,0.01255,0.01237,0.01246,-1.9999999999999185e-05,-0.16025641025640372,32.4039193614052,0.01246347,0.0125334,0.01238,0.01244,-1.860000000000056e-05,-0.1492944632623293,1782662099999,2026-06-28 15:54:59 UTC,2.000000000000092e-05,0.1607717041800717,0.00880617,0.0091788,0.0047975,0.00518042,-0.00264381,-33.79003429091425,1782662099999,2026-06-28 15:54:59 UTC,8434,-7864.0,-48.251319180267515,72785025.0,-74368160.0,-50.537920738854545,908798.26385,-921541.1880099999,-50.34810275621416,binance_kline_quote_asset_volume,8629.953165757648,107.75412186981266,0.0001799999999999996,1.4411529223378672,-2.9999999999998778e-05,-0.24019215372296862,2.9999999999998778e-05,0.24019215372296862,6.0000000000001025e-05,33.333333333333975,8.99999999999998e-05,50.0,0.5,35516437.0,37268588.0,48.796351996856494,51.203648003143506,443584.60007,-365050.1745,-45.14401136089148,465213.66378,-556491.01351,-54.46691454775889,48.81001842926221,51.1899815707378,0.9529858496383067,0.9535072475424359,-21629.063710000017,-2.379963141475583,552828472.0,6890161.07591784,-17431644.0,-3.056788211364233,-343902.1386059597,-4.7539277499747135,1.2452,0.021500000000000075,1.7569665767753595,55.46,44.54,1.0889,0.00029999999999996696,0.027558331802311868,52.129999999999995,47.870000000000005,1.1263,0.011200000000000099,1.0043942247332167,52.96999999999999,47.03,-0.1563000000000001,-0.1189,0.0374000000000001,1782648000008,2026-06-28 12:00:00 UTC,-0.01608479,0.01416883
FINAL_REAL_MARK_PREMIUM_CLOSED_GUARD_2026_06_13,1782662100000,2026-06-28 15:55:00 UTC,ACTUSDT,1782662100000,2026-06-28 15:55:00 UTC,1782662399999,2026-06-28 15:59:59 UTC,True,0.01247,0.01263,0.01244,0.01256,9.99999999999994e-05,0.8025682182985504,35.95344497729431,0.01245797,0.01259013,0.01244694,0.01253831,9.831000000000076e-05,0.7902733118971121,1782662399999,2026-06-28 15:59:59 UTC,2.1689999999999557e-05,0.17298982079721714,0.00714369,0.00811304,0.0033317,0.00397608,-0.00120434,-23.247921983159667,1782662399999,2026-06-28 15:59:59 UTC,5821,-2613.0,-30.98174057386768,58518559.0,-14266466.0,-19.60082585669236,732754.40214,-176043.86170999997,-19.371060521640317,binance_kline_quote_asset_volume,10053.007902422265,125.88118916680983,0.00019000000000000093,1.5236567762630386,8.99999999999998e-05,0.7217321571772237,8.99999999999998e-05,0.7217321571772237,7.000000000000062e-05,36.84210526315804,3.0000000000000512e-05,15.78947368421072,0.6315789473684196,31309255.0,27209304.0,53.50312026651237,46.49687973348763,392247.3264,-51337.273669999966,-11.573276813915243,340507.07574,-124706.58804,-26.806303801724507,53.53053154705678,46.46946845294322,1.1506819505563244,1.1519505888315436,51740.25066000002,7.061063094113562,557445606.0,6934623.33864,4617134.0,0.8351838289544536,44462.262722159736,0.6453007735561089,1.2497,0.0044999999999999485,0.3613877288788908,55.55,44.45,1.0878,-0.0010999999999998789,-0.1010193773532812,52.1,47.9,1.1245,-0.0018000000000000238,-0.15981532451389716,52.93,47.07,-0.16189999999999993,-0.12519999999999998,0.036699999999999955,1782648000008,2026-06-28 12:00:00 UTC,-0.01608479,0.01416883
FINAL_REAL_MARK_PREMIUM_CLOSED_GUARD_2026_06_13,1782662400000,2026-06-28 16:00:00 UTC,ACTUSDT,1782662400000,2026-06-28 16:00:00 UTC,1782662699999,2026-06-28 16:04:59 UTC,True,0.01257,0.0126,0.01223,0.01258,1.9999999999999185e-05,0.15923566878980241,36.669711975375854,0.01255424,0.01255424,0.01227,0.01253631,-2.0000000000002655e-06,-0.015951113028791482,1782662699999,2026-06-28 16:04:59 UTC,4.368999999999901e-05,0.34850765496385305,0.00389475,0.00389475,-0.00669765,0.0,-0.00397608,-100.0,1782662699999,2026-06-28 16:04:59 UTC,22213,16392.0,281.60109946744547,163794801.0,105276242.0,179.90231440934832,2029994.30377,1297239.9016300002,177.03611166871565,binance_kline_quote_asset_volume,7373.82618286589,91.3876695525143,0.00037000000000000054,2.943516308671444,9.999999999999593e-06,0.0795544948289546,9.999999999999593e-06,0.0795544948289546,2.000000000000092e-05,5.405405405405647,0.00034,91.89189189189176,0.9459459459459435,83782882.0,80011919.0,51.15112414343359,48.84887585656641,1039140.04329,646892.7168899999,164.91959877129193,990854.2604800002,650347.1847400002,190.99373583548785,51.18930833254866,48.81069166745134,1.0471300157167833,1.048731468123888,48285.78280999977,2.3786166650973315,558624607.0,7004208.49619417,1179001.0,0.21150063563331772,69585.15755417012,1.0034453806083283,1.2763,0.026599999999999957,2.1285108426022212,56.07,43.93,1.0924,0.0045999999999999375,0.4228718514432742,52.21,47.79,1.1455,0.020999999999999908,1.8674966651845184,53.39,46.61,-0.18389999999999995,-0.13080000000000003,0.053099999999999925,1782662400000,2026-06-28 16:00:00 UTC,-0.0056217,0.01253817
FINAL_REAL_MARK_PREMIUM_CLOSED_GUARD_2026_06_13,1782662700000,2026-06-28 16:05:00 UTC,ACTUSDT,1782662700000,2026-06-28 16:05:00 UTC,1782662999999,2026-06-28 16:09:59 UTC,True,0.01258,0.01345,0.01251,0.01334,0.0007600000000000003,6.041335453100161,56.55359794279371,0.01254483,0.01342,0.01252789,0.0133358,0.0007994899999999999,6.377394943169082,1782662999999,2026-06-28 16:09:59 UTC,4.199999999999343e-06,0.031494173577883165,-0.00223455,0.01225181,-0.00976045,-0.00607451,-0.00607451,,1782662999999,2026-06-28 16:09:59 UTC,30269,8056.0,36.26705082609283,295138719.0,131343918.0,80.18808728855808,3846144.73294,1816150.42917,89.46578942596733,binance_kline_quote_asset_volume,9750.527569460504,127.06547071062803,0.0009399999999999999,7.472178060413354,0.0007600000000000003,6.041335453100161,0.0007600000000000003,6.041335453100161,0.00011000000000000072,11.702127659574547,6.999999999999888e-05,7.44680851063818,0.8829787234042545,163796036.0,131342683.0,55.49798296712131,44.5020170328787,2134878.46011,1095738.41682,105.4466550389883,1711266.2728300001,720412.01235,72.7061527697333,55.50697148305428,44.49302851694573,1.2470891583659822,1.247543117050658,423612.1872799997,11.013942966108553,551994756.0,6927534.1878,-6629851.0,-1.18681685642251,-76674.30839416943,-1.094689120631281,1.266,-0.010299999999999976,-0.8070202930345511,55.87,44.13,1.1105,0.018100000000000005,1.656902233614061,52.62,47.38,1.1372,-0.008299999999999974,-0.7245744216499322,53.21,46.79,-0.15549999999999997,-0.12880000000000003,0.026699999999999946,1782662400000,2026-06-28 16:00:00 UTC,-0.0056217,0.01253817
FINAL_REAL_MARK_PREMIUM_CLOSED_GUARD_2026_06_13,1782663000000,2026-06-28 16:10:00 UTC,ACTUSDT,1782663000000,2026-06-28 16:10:00 UTC,1782663299999,2026-06-28 16:14:59 UTC,True,0.01334,0.01334,0.01232,0.01244,-0.0008999999999999998,-6.74662668665667,40.38364072951647,0.01333402,0.01333402,0.01237,0.01244,-0.0008958000000000004,-6.7172573073981345,1782663299999,2026-06-28 16:14:59 UTC,0.0,0.0,-0.00647337,0.00369993,-0.01735479,-0.00166786,0.00440665,-72.54329978878955,1782663299999,2026-06-28 16:14:59 UTC,22556,-7713.0,-25.481515742178466,209748981.0,-85389738.0,-28.932069058685588,2679729.11118,-1166415.62176,-30.326878023344428,binance_kline_quote_asset_volume,9299.03267423302,118.80338318762192,0.00102,7.646176911544229,-0.0008999999999999998,-6.74662668665667,0.0008999999999999998,6.74662668665667,0.0,0.0,0.00012000000000000031,11.764705882352972,0.11764705882352972,103190649.0,106558332.0,49.197211117798,50.80278888220201,1318615.05189,-816263.4082199999,-38.23465473430004,1361114.05929,-350152.21354000014,-20.461585616418258,49.20702791892861,50.7929720810714,0.9683958735390115,0.9687763070920237,-42499.0074,-1.585944162142787,537053383.0,7162036.5050114,-14941373.0,-2.7067961855782556,234502.3172113998,3.385076289112785,1.3063,0.0403,3.183254344391785,56.64,43.36,1.1361,0.025600000000000067,2.305267897343545,53.190000000000005,46.81,1.208,0.07079999999999997,6.2258177981005955,54.71,45.29,-0.1701999999999999,-0.09830000000000005,0.07189999999999985,1782662400000,2026-06-28 16:00:00 UTC,-0.0056217,0.01253817
FINAL_REAL_MARK_PREMIUM_CLOSED_GUARD_2026_06_13,1782663300000,2026-06-28 16:15:00 UTC,ACTUSDT,1782663300000,2026-06-28 16:15:00 UTC,1782663599999,2026-06-28 16:19:59 UTC,True,0.01244,0.01256,0.01215,0.01243,-9.999999999999593e-06,-0.08038585209002888,40.24594738156204,0.01244344,0.01253,0.012239,0.0124153,-2.4699999999999028e-05,-0.1985530546623716,1782663599999,2026-06-28 16:19:59 UTC,1.4699999999999436e-05,0.11840229394375838,-0.00360315,0.0,-0.00606565,-0.00259275,-0.00092489,55.453695154269546,1782663599999,2026-06-28 16:19:59 UTC,15613,-6943.0,-30.78116687355914,150799039.0,-58949942.0,-28.10499565668927,1860996.48111,-818732.63007,-30.552813217358256,binance_kline_quote_asset_volume,9658.55626721322,119.19531679433805,0.00041000000000000064,3.2958199356913234,-9.999999999999593e-06,-0.08038585209002888,9.999999999999593e-06,0.08038585209002888,0.00012000000000000031,29.268292682926862,0.00028000000000000073,68.29268292682934,0.6829268292682934,75267076.0,75531963.0,49.91217218565962,50.08782781434038,929611.47317,-389003.57872,-29.50092054253685,931385.00794,-429729.05134999997,-31.571861918328885,49.952349862345194,50.047650137654806,0.9964930475856956,0.9980958091928893,-1773.5347700000275,-0.09530027530961233,531989162.0,6617945.17528,-5064221.0,-0.9429641745688435,-544091.3297314001,-7.596880152044605,1.3294,0.0230999999999999,1.7683533644645102,57.07,42.93,1.1606,0.024499999999999966,2.1565003080714695,53.72,46.28,1.2202,0.012199999999999989,1.0099337748344361,54.96,45.04,-0.16879999999999984,-0.10919999999999996,0.059599999999999875,1782662400000,2026-06-28 16:00:00 UTC,-0.0056217,0.01253817
FINAL_REAL_MARK_PREMIUM_CLOSED_GUARD_2026_06_13,1782663600000,2026-06-28 16:20:00 UTC,ACTUSDT,1782663600000,2026-06-28 16:20:00 UTC,1782663899999,2026-06-28 16:24:59 UTC,True,0.01244,0.01267,0.01237,0.01249,5.999999999999929e-05,0.48270313757038846,41.534038309796564,0.01242398,0.01262466,0.01237511,0.01253579,0.00012048999999999914,0.9704960814478839,1782663899999,2026-06-28 16:24:59 UTC,-4.5790000000000414e-05,-0.365274147062135,-0.00223824,0.0,-0.01481217,-0.00235495,0.00023779999999999982,-9.171728859319249,1782663899999,2026-06-28 16:24:59 UTC,11951,-3662.0,-23.4548132966118,108952886.0,-41846153.0,-27.74961516830356,1364268.02878,-496728.45233,-26.691530982031946,binance_kline_quote_asset_volume,9116.633419797507,114.1551358698017,0.0002999999999999999,2.411575562700964,4.99999999999997e-05,0.4019292604501583,4.99999999999997e-05,0.4019292604501583,0.00018000000000000134,60.00000000000046,6.999999999999888e-05,23.333333333332966,0.39999999999999536,52358353.0,56594533.0,48.05595787522324,51.94404212477676,655903.84751,-273707.62566,-29.443228010800006,708364.1812700001,-223020.82666999998,-23.94507370945003,48.07734504315428,51.92265495684572,0.9251486004840785,0.9259415775852107,-52460.33376000007,-3.8453099136914353,520581831.0,6463179.6064143,-11407331.0,-2.144278834011284,-154765.5688656997,-2.33857435754825,1.3535,0.02410000000000001,1.812847901308862,57.50999999999999,42.49,1.1533,-0.007300000000000084,-0.6289850077546169,53.559999999999995,46.44,1.2272,0.007000000000000117,0.5736764464841926,55.1,44.9,-0.20019999999999993,-0.12629999999999986,0.07390000000000008,1782662400000,2026-06-28 16:00:00 UTC,-0.0056217,0.01253817
FINAL_REAL_MARK_PREMIUM_CLOSED_GUARD_2026_06_13,1782663900000,2026-06-28 16:25:00 UTC,ACTUSDT,1782663900000,2026-06-28 16:25:00 UTC,1782664199999,2026-06-28 16:29:59 UTC,True,0.01249,0.01256,0.01186,0.01194,-0.0005500000000000001,-4.403522818254605,34.246353044884785,0.01248475,0.01253994,0.01195707,0.01195707,-0.0005787199999999996,-4.616541917182719,1782664199999,2026-06-28 16:29:59 UTC,-1.7070000000000973e-05,-0.1427607264990585,-0.00311087,0.00070782,-0.00921007,-0.00614829,-0.0037933399999999996,161.07942843797105,1782664199999,2026-06-28 16:29:59 UTC,15576,3625.0,30.33218977491423,139380133.0,30427247.0,27.926976619967643,1702471.90265,338203.87387,24.790134103812402,binance_kline_quote_asset_volume,8948.390665125835,109.3009696102979,0.0006999999999999992,5.604483586869489,-0.0005500000000000001,-4.403522818254605,0.0005500000000000001,4.403522818254605,7.000000000000062e-05,10.0000000000001,7.999999999999848e-05,11.428571428571223,0.11428571428571223,57849314.0,81530819.0,41.50470569575364,58.49529430424636,707995.92291,52092.07539999997,7.9420292467800735,994475.9797400001,286111.79847000004,40.39049489445397,41.5863499308248,58.413650069175205,0.7095392234438366,0.7119286310918252,-286480.05683000013,-16.8273001383504,525318018.0,6585276.35686422,4736187.0,0.9097872261316012,122096.75044992007,1.889112756958614,1.3305,-0.02299999999999991,-1.6992981159955605,57.089999999999996,42.91,1.1742,0.02089999999999992,1.8121911037891199,54.010000000000005,45.989999999999995,1.2183,-0.00890000000000013,-0.7252281616688502,54.92,45.08,-0.1563000000000001,-0.11220000000000008,0.04410000000000003,1782662400000,2026-06-28 16:00:00 UTC,-0.0056217,0.01253817
FINAL_REAL_MARK_PREMIUM_CLOSED_GUARD_2026_06_13,1782664200000,2026-06-28 16:30:00 UTC,ACTUSDT,1782664200000,2026-06-28 16:30:00 UTC,1782664499999,2026-06-28 16:34:59 UTC,True,0.01194,0.01212,0.01153,0.01179,-0.0001499999999999991,-1.2562814070351682,32.56797621887631,0.01194386,0.0121,0.0116379,0.01181,-0.00014707000000000088,-1.2299835996611284,1782664499999,2026-06-28 16:34:59 UTC,-1.9999999999999185e-05,-0.16934801016087372,-0.00537443,0.00327863,-0.01502666,0.00167761,0.0078259,-127.28579816501824,1782664499999,2026-06-28 16:34:59 UTC,25333,9757.0,62.6412429378531,296154603.0,156774470.0,112.47978217957362,3508618.37389,1806146.4712399999,106.08964931689175,binance_kline_quote_asset_volume,11690.467098251293,138.49991607350097,0.0005900000000000002,4.941373534338361,-0.0001499999999999991,-1.2562814070351682,0.0001499999999999991,1.2562814070351682,0.00018000000000000134,30.5084745762714,0.0002599999999999998,44.06779661016944,0.4406779661016944,138258000.0,157896603.0,46.68440017459395,53.31559982540605,1639103.95382,931108.03091,131.51319107643533,1869514.42007,875038.4403299999,87.98990203451406,46.71650715899113,53.28349284100887,0.8756236510040688,0.8767538437914949,-230410.46625000006,-6.566985682017743,515748186.0,6166837.16237502,-9569832.0,-1.8217216375776397,-418439.1944892006,-6.354163011747212,1.3832,0.05269999999999997,3.9609169485155937,58.040000000000006,41.959999999999994,1.1704,-0.0037999999999998035,-0.32362459546923894,53.93,46.07,1.2311,0.012800000000000145,1.0506443404744434,55.17999999999999,44.82,-0.21279999999999988,-0.1520999999999999,0.060699999999999976,1782662400000,2026-06-28 16:00:00 UTC,-0.0056217,0.01253817
FINAL_REAL_MARK_PREMIUM_CLOSED_GUARD_2026_06_13,1782664500000,2026-06-28 16:35:00 UTC,ACTUSDT,1782664500000,2026-06-28 16:35:00 UTC,1782664799999,2026-06-28 16:39:59 UTC,True,0.0118,0.01194,0.0118,0.01184,4.99999999999997e-05,0.4240882103477498,33.73379401291612,0.0118,0.01191875,0.0118,0.01183237,2.2370000000000723e-05,0.1894157493649511,1782664799999,2026-06-28 16:39:59 UTC,7.62999999999979e-06,0.06448412279196636,0.0,0.0037359,-0.00157845,0.0,-0.00167761,-100.0,1782664799999,2026-06-28 16:39:59 UTC,7346,-17987.0,-71.00225002960565,70793306.0,-225361297.0,-76.09582789432451,840150.1023,-2668468.27159,-76.05467415458675,binance_kline_quote_asset_volume,9636.98693166349,114.36837766131228,0.0001399999999999995,1.1864406779660976,4.0000000000000105e-05,0.3389830508474585,4.0000000000000105e-05,0.3389830508474585,9.99999999999994e-05,71.42857142857125,0.0,0.0,0.2857142857142875,35575521.0,35217785.0,50.25266230680059,49.74733769319941,422387.91233,-1216716.04149,-74.23055985280206,417762.18997,-1451752.2301,-77.65397338019154,50.275291423957256,49.724708576042744,1.0101578222480487,1.0110726209098344,4625.722360000014,0.5505828479145106,510216848.0,6025660.97488,-5531338.0,-1.072488115353255,-141176.18749502022,-2.2892802870872195,1.3725,-0.010699999999999932,-0.7735685367264266,57.85,42.15,1.1871,0.016699999999999937,1.426862611073132,54.279999999999994,45.72,1.2031,-0.028000000000000025,-2.2743887580212836,54.61,45.39,-0.1854,-0.1694,0.016000000000000014,1782662400000,2026-06-28 16:00:00 UTC,-0.0056217,0.01253817
FINAL_REAL_MARK_PREMIUM_CLOSED_GUARD_2026_06_13,1782664800000,2026-06-28 16:40:00 UTC,ACTUSDT,1782664800000,2026-06-28 16:40:00 UTC,1782665099999,2026-06-28 16:44:59 UTC,True,0.01184,0.01194,0.01178,0.01183,-9.999999999999593e-06,-0.08445945945945602,33.60864421347067,0.01183237,0.01193,0.01179967,0.01184,7.62999999999979e-06,0.06448412279196636,1782665099999,2026-06-28 16:44:59 UTC,-9.999999999999593e-06,-0.08445945945945602,0.0,0.00129691,-0.00227171,0.0,0.0,,1782665099999,2026-06-28 16:44:59 UTC,5126,-2220.0,-30.2205281786006,47713371.0,-23079935.0,-32.60186069004886,565854.50188,-274295.60042000003,-32.64840409696871,binance_kline_quote_asset_volume,9308.109832227858,110.38909517752633,0.00015999999999999868,1.3513513513513402,-9.999999999999593e-06,-0.08445945945945602,9.999999999999593e-06,0.08445945945945602,9.99999999999994e-05,62.500000000000135,4.99999999999997e-05,31.250000000000068,0.31250000000000067,24753711.0,22959660.0,51.88002960428011,48.11997039571989,293785.01859,-128602.89374000003,-30.44663210899988,272069.48329,-145692.70668,-34.87455547149022,51.91882676799885,48.08117323200115,1.0781392668706766,1.0798161375447364,21715.53529999999,3.8376535359976995,511134565.0,6047933.29286905,917717.0,0.1798680313277307,22272.31798905041,0.36962447907208984,1.3635,-0.009000000000000119,-0.6557377049180415,57.69,42.309999999999995,1.1835,-0.0036000000000000476,-0.3032600454890108,54.2,45.800000000000004,1.1901,-0.013000000000000123,-1.0805419333388848,54.339999999999996,45.660000000000004,-0.17999999999999994,-0.1734,0.006599999999999939,1782662400000,2026-06-28 16:00:00 UTC,-0.0056217,0.01253817
