####################################################################################################
FETCHING BINANCE FUTURES DATA ...
####################################################################################################
SYMBOL     : ALLOUSDT
PERIOD     : 15m
LIMIT      : 500
RSI_PERIOD : 14

========================================================================================================================================================================================================================================================================================================================================================================
BINANCE FUTURES MERGED DATA (L.S + OI + RSI + TRADES) | ROW = ONE CANDLE
========================================================================================================================================================================================================================================================================================================================================================================
Time                  Symbol      Close         RSI       Trades      OI              OI Chg        OI Chg %    Acco L/S    Acco Chg    Acco Chg%   Acco L%     Acco S%     Posit L/S   Posit Chg   Posit Chg%  Posit L%    Posit S%    Global L/S  Global Chg  Global Chg% Global L%   Global S%
------------------------------------------------------------------------------------------------------------------------------------------------------------------------------------------------------------------------------------------------------------------------------------------------------------------------------------------------------------------------
2026-05-23 18:45:00 UTCALLOUSDT    0.089930      79.19     1215        29765779.000000 0.000000      0.00        1.545800    0.000000    0.00        60.72       39.28       1.480300    0.000000    0.00        59.68       40.32       1.309500    0.000000    0.00        56.70       43.30
2026-05-23 19:00:00 UTCALLOUSDT    0.089980      79.37     1482        29719103.000000 -46676.000000 -0.16       1.548400    0.002600    0.17        60.76       39.24       1.483400    0.003100    0.21        59.73       40.27       1.311100    0.001600    0.12        56.73       43.27
2026-05-23 19:15:00 UTCALLOUSDT    0.090640      81.63     1965        29798716.000000 79613.000000  0.27        1.540000    -0.008400   -0.54       60.63       39.37       1.479900    -0.003500   -0.24       59.68       40.32       1.303600    -0.007500   -0.57       56.59       43.41
2026-05-23 19:30:00 UTCALLOUSDT    0.089960      72.77     2654        30116426.000000 317710.000000 1.07        1.537400    -0.002600   -0.17       60.59       39.41       1.496700    0.016800    1.14        59.95       40.05       1.314800    0.011200    0.86        56.80       43.20
2026-05-23 19:45:00 UTCALLOUSDT    0.089850      71.41     1277        30090101.000000 -26325.000000 -0.09       1.539400    0.002000    0.13        60.62       39.38       1.507100    0.010400    0.69        60.11       39.89       1.311100    -0.003700   -0.28       56.73       43.27
2026-05-23 20:00:00 UTCALLOUSDT    0.091500      78.01     2331        29989060.000000 -101041.000000-0.34       1.539400    0.000000    0.00        60.62       39.38       1.494400    -0.012700   -0.84       59.91       40.09       1.308400    -0.002700   -0.21       56.68       43.32
2026-05-23 20:15:00 UTCALLOUSDT    0.092190      80.08     2950        30342910.000000 353850.000000 1.18        1.538700    -0.000700   -0.05       60.61       39.39       1.507200    0.012800    0.86        60.11       39.89       1.300400    -0.008000   -0.61       56.53       43.47
2026-05-23 20:30:00 UTCALLOUSDT    0.092860      81.87     3388        30671632.000000 328722.000000 1.08        1.535500    -0.003200   -0.21       60.56       39.44       1.517400    0.010200    0.68        60.28       39.72       1.312700    0.012300    0.95        56.76       43.24
2026-05-23 20:45:00 UTCALLOUSDT    0.094380      85.12     3995        30576759.000000 -94873.000000 -0.31       1.536100    0.000600    0.04        60.57       39.43       1.510700    -0.006700   -0.44       60.17       39.83       1.317000    0.004300    0.33        56.84       43.16
2026-05-23 21:00:00 UTCALLOUSDT    0.092190      66.57     3627        30237207.000000 -339552.000000-1.11       1.510700    -0.025400   -1.65       60.17       39.83       1.471600    -0.039100   -2.59       59.54       40.46       1.302600    -0.014400   -1.09       56.57       43.43
2026-05-23 21:15:00 UTCALLOUSDT    0.092330      67.06     1721        30142675.000000 -94532.000000 -0.31       1.475900    -0.034800   -2.30       59.61       40.39       1.481000    0.009400    0.64        59.69       40.31       1.289400    -0.013200   -1.01       56.32       43.68
2026-05-23 21:30:00 UTCALLOUSDT    0.092210      66.16     1125        29937195.000000 -205480.000000-0.68       1.396900    -0.079000   -5.35       58.28       41.72       1.505000    0.024000    1.62        60.08       39.92       1.247200    -0.042200   -3.27       55.50       44.50
2026-05-23 21:45:00 UTCALLOUSDT    0.092950      68.94     1131        29934303.000000 -2892.000000  -0.01       1.403800    0.006900    0.49        58.40       41.60       1.513000    0.008000    0.53        60.21       39.79       1.250700    0.003500    0.28        55.57       44.43
2026-05-23 22:00:00 UTCALLOUSDT    0.091830      60.80     2433        29940409.000000 6106.000000   0.02        1.406700    0.002900    0.21        58.45       41.55       1.514200    0.001200    0.08        60.23       39.77       1.266500    0.015800    1.26        55.88       44.12
2026-05-23 22:15:00 UTCALLOUSDT    0.091690      59.85     2320        29944875.000000 4466.000000   0.01        1.413700    0.007000    0.50        58.57       41.43       1.522500    0.008300    0.55        60.36       39.64       1.260900    -0.005600   -0.44       55.77       44.23
2026-05-23 22:30:00 UTCALLOUSDT    0.091680      59.78     1732        29900330.000000 -44545.000000 -0.15       1.430100    0.016400    1.16        58.85       41.15       1.526600    0.004100    0.27        60.42       39.58       1.265500    0.004600    0.36        55.86       44.14
2026-05-23 22:45:00 UTCALLOUSDT    0.091470      58.20     1121        29944489.000000 44159.000000  0.15        1.422500    -0.007600   -0.53       58.72       41.28       1.534400    0.007800    0.51        60.54       39.46       1.278900    0.013400    1.06        56.12       43.88
2026-05-23 23:00:00 UTCALLOUSDT    0.091800      59.99     1440        30013834.000000 69345.000000  0.23        1.425400    0.002900    0.20        58.77       41.23       1.539600    0.005200    0.34        60.62       39.38       1.283600    0.004700    0.37        56.21       43.79
2026-05-23 23:15:00 UTCALLOUSDT    0.092240      62.31     1164        30088785.000000 74951.000000  0.25        1.425400    0.000000    0.00        58.77       41.23       1.543600    0.004000    0.26        60.69       39.31       1.270100    -0.013500   -1.05       55.95       44.05
2026-05-23 23:30:00 UTCALLOUSDT    0.092060      60.76     1802        30109599.000000 20814.000000  0.07        1.413100    -0.012300   -0.86       58.56       41.44       1.542200    -0.001400   -0.09       60.66       39.34       1.258400    -0.011700   -0.92       55.72       44.28
2026-05-23 23:45:00 UTCALLOUSDT    0.092430      62.81     1902        30085771.000000 -23828.000000 -0.08       1.421900    0.008800    0.62        58.71       41.29       1.539700    -0.002500   -0.16       60.63       39.37       1.278400    0.020000    1.59        56.11       43.89
2026-05-24 00:00:00 UTCALLOUSDT    0.092520      63.31     2145        29974726.000000 -111045.000000-0.37       1.423700    0.001800    0.13        58.74       41.26       1.551500    0.011800    0.77        60.81       39.19       1.254300    -0.024100   -1.89       55.64       44.36
2026-05-24 00:15:00 UTCALLOUSDT    0.092260      60.76     1885        30052645.000000 77919.000000  0.26        1.426600    0.002900    0.20        58.79       41.21       1.552000    0.000500    0.03        60.82       39.18       1.260900    0.006600    0.53        55.77       44.23
2026-05-24 00:30:00 UTCALLOUSDT    0.091810      56.51     1410        30084805.000000 32160.000000  0.11        1.433700    0.007100    0.50        58.91       41.09       1.525700    -0.026300   -1.69       60.41       39.59       1.278400    0.017500    1.39        56.11       43.89
2026-05-24 00:45:00 UTCALLOUSDT    0.091580      54.42     923         30235435.000000 150630.000000 0.50        1.441400    0.007700    0.54        59.04       40.96       1.514700    -0.011000   -0.72       60.23       39.77       1.283600    0.005200    0.41        56.21       43.79
2026-05-24 01:00:00 UTCALLOUSDT    0.091760      55.80     1714        30160092.000000 -75343.000000 -0.25       1.433700    -0.007700   -0.53       58.91       41.09       1.519300    0.004600    0.30        60.31       39.69       1.284100    0.000500    0.04        56.22       43.78
2026-05-24 01:15:00 UTCALLOUSDT    0.092050      58.01     966         29997694.000000 -162398.000000-0.54       1.429500    -0.004200   -0.29       58.84       41.16       1.509200    -0.010100   -0.66       60.15       39.85       1.278900    -0.005200   -0.40       56.12       43.88
2026-05-24 01:30:00 UTCALLOUSDT    0.092160      58.84     1110        29979086.000000 -18608.000000 -0.06       1.439600    0.010100    0.71        59.01       40.99       1.509900    0.000700    0.05        60.16       39.84       1.268100    -0.010800   -0.84       55.91       44.09
2026-05-24 01:45:00 UTCALLOUSDT    0.092740      63.04     1661        30006580.000000 27494.000000  0.09        1.429000    -0.010600   -0.74       58.83       41.17       1.507100    -0.002800   -0.19       60.11       39.89       1.266500    -0.001600   -0.13       55.88       44.12
2026-05-24 02:00:00 UTCALLOUSDT    0.093450      67.41     5367        30077396.000000 70816.000000  0.24        1.445600    0.016600    1.16        59.11       40.89       1.513100    0.006000    0.40        60.21       39.79       1.281500    0.015000    1.18        56.17       43.83
2026-05-24 02:15:00 UTCALLOUSDT    0.092450      57.15     1481        29906793.000000 -170603.000000-0.57       1.402700    -0.042900   -2.97       58.38       41.62       1.567200    0.054100    3.58        61.05       38.95       1.270700    -0.010800   -0.84       55.96       44.04
2026-05-24 02:30:00 UTCALLOUSDT    0.092610      58.25     1256        29733292.000000 -173501.000000-0.58       1.405600    0.002900    0.21        58.43       41.57       1.552700    -0.014500   -0.93       60.83       39.17       1.272200    0.001500    0.12        55.99       44.01
2026-05-24 02:45:00 UTCALLOUSDT    0.092170      54.15     1516        29687262.000000 -46030.000000 -0.15       1.442000    0.036400    2.59        59.05       40.95       1.587700    0.035000    2.25        61.36       38.64       1.273800    0.001600    0.13        56.02       43.98
2026-05-24 03:00:00 UTCALLOUSDT    0.091930      52.00     1338        29661692.000000 -25570.000000 -0.09       1.445000    0.003000    0.21        59.10       40.90       1.576700    -0.011000   -0.69       61.19       38.81       1.302600    0.028800    2.26        56.57       43.43
2026-05-24 03:15:00 UTCALLOUSDT    0.092030      52.84     635         29684649.000000 22957.000000  0.08        1.454600    0.009600    0.66        59.26       40.74       1.583300    0.006600    0.42        61.29       38.71       1.294100    -0.008500   -0.65       56.41       43.59
2026-05-24 03:30:00 UTCALLOUSDT    0.092490      56.60     1070        29725155.000000 40506.000000  0.14        1.459400    0.004800    0.33        59.34       40.66       1.583600    0.000300    0.02        61.29       38.71       1.309500    0.015400    1.19        56.70       43.30
2026-05-24 03:45:00 UTCALLOUSDT    0.092510      56.76     958         29641506.000000 -83649.000000 -0.28       1.457600    -0.001800   -0.12       59.31       40.69       1.582100    -0.001500   -0.09       61.27       38.73       1.305200    -0.004300   -0.33       56.62       43.38
2026-05-24 04:00:00 UTCALLOUSDT    0.093340      62.93     1853        29595499.000000 -46007.000000 -0.16       1.469700    0.012100    0.83        59.51       40.49       1.579400    -0.002700   -0.17       61.23       38.77       1.315900    0.010700    0.82        56.82       43.18
2026-05-24 04:15:00 UTCALLOUSDT    0.094340      68.72     1947        29718912.000000 123413.000000 0.42        1.462400    -0.007300   -0.50       59.39       40.61       1.557900    -0.021500   -1.36       60.91       39.09       1.297300    -0.018600   -1.41       56.47       43.53
2026-05-24 04:30:00 UTCALLOUSDT    0.093870      63.68     2243        29813021.000000 94109.000000  0.32        1.474000    0.011600    0.79        59.58       40.42       1.554600    -0.003300   -0.21       60.86       39.14       1.302000    0.004700    0.36        56.56       43.44
2026-05-24 04:45:00 UTCALLOUSDT    0.093060      56.06     3018        30010281.000000 197260.000000 0.66        1.464900    -0.009100   -0.62       59.43       40.57       1.552800    -0.001800   -0.12       60.83       39.17       1.295700    -0.006300   -0.48       56.44       43.56
2026-05-24 05:00:00 UTCALLOUSDT    0.092260      49.73     1533        29964948.000000 -45333.000000 -0.15       1.464300    -0.000600   -0.04       59.42       40.58       1.538200    -0.014600   -0.94       60.60       39.40       1.291000    -0.004700   -0.36       56.35       43.65
2026-05-24 05:15:00 UTCALLOUSDT    0.091240      43.06     1905        30026072.000000 61124.000000  0.20        1.463100    -0.001200   -0.08       59.40       40.60       1.543400    0.005200    0.34        60.68       39.32       1.284100    -0.006900   -0.53       56.22       43.78
2026-05-24 05:30:00 UTCALLOUSDT    0.090910      41.13     1471        29765300.000000 -260772.000000-0.87       1.473400    0.010300    0.70        59.57       40.43       1.559900    0.016500    1.07        60.94       39.06       1.293100    0.009000    0.70        56.39       43.61
2026-05-24 05:45:00 UTCALLOUSDT    0.090710      39.97     1531        29593194.000000 -172106.000000-0.58       1.487600    0.014200    0.96        59.80       40.20       1.581900    0.022000    1.41        61.27       38.73       1.280500    -0.012600   -0.97       56.15       43.85
2026-05-24 06:00:00 UTCALLOUSDT    0.090670      39.73     1203        29572909.000000 -20285.000000 -0.07       1.496900    0.009300    0.63        59.95       40.05       1.577900    -0.004000   -0.25       61.21       38.79       1.305700    0.025200    1.97        56.63       43.37
2026-05-24 06:15:00 UTCALLOUSDT    0.091140      44.02     1498        29525031.000000 -47878.000000 -0.16       1.486300    -0.010600   -0.71       59.78       40.22       1.581600    0.003700    0.23        61.26       38.74       1.289400    -0.016300   -1.25       56.32       43.68
2026-05-24 06:30:00 UTCALLOUSDT    0.091590      47.85     1329        29513431.000000 -11600.000000 -0.04       1.484500    -0.001800   -0.12       59.75       40.25       1.585100    0.003500    0.22        61.32       38.68       1.295700    0.006300    0.49        56.44       43.56
2026-05-24 06:45:00 UTCALLOUSDT    0.091510      47.24     1137        29579410.000000 65979.000000  0.22        1.483900    -0.000600   -0.04       59.74       40.26       1.587000    0.001900    0.12        61.34       38.66       1.286200    -0.009500   -0.73       56.26       43.74
2026-05-24 07:00:00 UTCALLOUSDT    0.091720      49.10     1176        29598033.000000 18623.000000  0.06        1.476500    -0.007400   -0.50       59.62       40.38       1.581600    -0.005400   -0.34       61.26       38.74       1.295200    0.009000    0.70        56.43       43.57
2026-05-24 07:15:00 UTCALLOUSDT    0.090790      42.02     1089        29494579.000000 -103454.000000-0.35       1.479500    0.003000    0.20        59.67       40.33       1.579800    -0.001800   -0.11       61.24       38.76       1.291000    -0.004200   -0.32       56.35       43.65
2026-05-24 07:30:00 UTCALLOUSDT    0.090960      43.62     912         29450082.000000 -44497.000000 -0.15       1.486300    0.006800    0.46        59.78       40.22       1.581900    0.002100    0.13        61.27       38.73       1.270100    -0.020900   -1.62       55.95       44.05
2026-05-24 07:45:00 UTCALLOUSDT    0.090730      41.94     990         29496349.000000 46267.000000  0.16        1.495600    0.009300    0.63        59.93       40.07       1.588400    0.006500    0.41        61.37       38.63       1.272700    0.002600    0.20        56.00       44.00
2026-05-24 08:00:00 UTCALLOUSDT    0.090440      39.85     1507        29472525.000000 -23824.000000 -0.08       1.494400    -0.001200   -0.08       59.91       40.09       1.585400    -0.003000   -0.19       61.32       38.68       1.281500    0.008800    0.69        56.17       43.83
2026-05-24 08:15:00 UTCALLOUSDT    0.091270      47.86     1379        29528156.000000 55631.000000  0.19        1.498800    0.004400    0.29        59.98       40.02       1.595400    0.010000    0.63        61.47       38.53       1.292500    0.011000    0.86        56.38       43.62
2026-05-24 08:30:00 UTCALLOUSDT    0.091050      46.11     1081        29653206.000000 125050.000000 0.42        1.472800    -0.026000   -1.73       59.56       40.44       1.601900    0.006500    0.41        61.57       38.43       1.258900    -0.033600   -2.60       55.73       44.27
2026-05-24 08:45:00 UTCALLOUSDT    0.090850      44.51     2861        29709896.000000 56690.000000  0.19        1.472200    -0.000600   -0.04       59.55       40.45       1.598800    -0.003100   -0.19       61.52       38.48       1.267100    0.008200    0.65        55.89       44.11
2026-05-24 09:00:00 UTCALLOUSDT    0.091090      46.89     1388        29685725.000000 -24171.000000 -0.08       1.483900    0.011700    0.79        59.74       40.26       1.585000    -0.013800   -0.86       61.32       38.68       1.284700    0.017600    1.39        56.23       43.77
2026-05-24 09:15:00 UTCALLOUSDT    0.090750      44.01     942         29714498.000000 28773.000000  0.10        1.471600    -0.012300   -0.83       59.54       40.46       1.589100    0.004100    0.26        61.38       38.62       1.276300    -0.008400   -0.65       56.07       43.93
2026-05-24 09:30:00 UTCALLOUSDT    0.090440      41.51     1057        29663879.000000 -50619.000000 -0.17       1.480800    0.009200    0.63        59.69       40.31       1.585300    -0.003800   -0.24       61.32       38.68       1.280500    0.004200    0.33        56.15       43.85
2026-05-24 09:45:00 UTCALLOUSDT    0.090490      42.08     1584        29690363.000000 26484.000000  0.09        1.488800    0.008000    0.54        59.82       40.18       1.581500    -0.003800   -0.24       61.26       38.74       1.283100    0.002600    0.20        56.20       43.80
2026-05-24 10:00:00 UTCALLOUSDT    0.090630      43.74     939         29692157.000000 1794.000000   0.01        1.496900    0.008100    0.54        59.95       40.05       1.578600    -0.002900   -0.18       61.22       38.78       1.287800    0.004700    0.37        56.29       43.71
2026-05-24 10:15:00 UTCALLOUSDT    0.090570      43.17     840         29739211.000000 47054.000000  0.16        1.496300    -0.000600   -0.04       59.94       40.06       1.582100    0.003500    0.22        61.27       38.73       1.296700    0.008900    0.69        56.46       43.54
2026-05-24 10:30:00 UTCALLOUSDT    0.090740      45.34     724         29674887.000000 -64324.000000 -0.22       1.498100    0.001800    0.12        59.97       40.03       1.576300    -0.005800   -0.37       61.18       38.82       1.298300    0.001600    0.12        56.49       43.51
2026-05-24 10:45:00 UTCALLOUSDT    0.090100      39.26     1099        29666507.000000 -8380.000000  -0.03       1.493100    -0.005000   -0.33       59.89       40.11       1.572800    -0.003500   -0.22       61.13       38.87       1.286200    -0.012100   -0.93       56.26       43.74
2026-05-24 11:00:00 UTCALLOUSDT    0.089640      35.56     1019        29631757.000000 -34750.000000 -0.12       1.493800    0.000700    0.05        59.90       40.10       1.569000    -0.003800   -0.24       61.07       38.93       1.302600    0.016400    1.28        56.57       43.43
2026-05-24 11:15:00 UTCALLOUSDT    0.088900      30.58     1733        29568383.000000 -63374.000000 -0.21       1.496300    0.002500    0.17        59.94       40.06       1.582600    0.013600    0.87        61.28       38.72       1.310500    0.007900    0.61        56.72       43.28
2026-05-24 11:30:00 UTCALLOUSDT    0.088770      29.79     1149        29481343.000000 -87040.000000 -0.29       1.534900    0.038600    2.58        60.55       39.45       1.581700    -0.000900   -0.06       61.27       38.73       1.344100    0.033600    2.56        57.34       42.66
2026-05-24 11:45:00 UTCALLOUSDT    0.089170      35.32     828         29569582.000000 88239.000000  0.30        1.534200    -0.000700   -0.05       60.54       39.46       1.585300    0.003600    0.23        61.32       38.68       1.349600    0.005500    0.41        57.44       42.56
2026-05-24 12:00:00 UTCALLOUSDT    0.089360      37.83     1210        29537182.000000 -32400.000000 -0.11       1.522700    -0.011500   -0.75       60.36       39.64       1.580700    -0.004600   -0.29       61.25       38.75       1.318000    -0.031600   -2.34       56.86       43.14
2026-05-24 12:15:00 UTCALLOUSDT    0.089480      39.43     1341        29486780.000000 -50402.000000 -0.17       1.520200    -0.002500   -0.16       60.32       39.68       1.592900    0.012200    0.77        61.43       38.57       1.319100    0.001100    0.08        56.88       43.12
2026-05-24 12:30:00 UTCALLOUSDT    0.088460      31.92     1233        29365736.000000 -121044.000000-0.41       1.505600    -0.014600   -0.96       60.09       39.91       1.595200    0.002300    0.14        61.47       38.53       1.292500    -0.026600   -2.02       56.38       43.62
2026-05-24 12:45:00 UTCALLOUSDT    0.088610      33.91     1100        29266846.000000 -98890.000000 -0.34       1.518300    0.012700    0.84        60.29       39.71       1.595400    0.000200    0.01        61.47       38.53       1.328300    0.035800    2.77        57.05       42.95
2026-05-24 13:00:00 UTCALLOUSDT    0.088570      33.63     1101        29192949.000000 -73897.000000 -0.25       1.527200    0.008900    0.59        60.43       39.57       1.598400    0.003000    0.19        61.51       38.49       1.347400    0.019100    1.44        57.40       42.60
2026-05-24 13:15:00 UTCALLOUSDT    0.088450      32.75     600         29186254.000000 -6695.000000  -0.02       1.529100    0.001900    0.12        60.46       39.54       1.610900    0.012500    0.78        61.70       38.30       1.337500    -0.009900   -0.73       57.22       42.78
2026-05-24 13:30:00 UTCALLOUSDT    0.088740      37.05     975         29195623.000000 9369.000000   0.03        1.526500    -0.002600   -0.17       60.42       39.58       1.612200    0.001300    0.08        61.72       38.28       1.340300    0.002800    0.21        57.27       42.73
2026-05-24 13:45:00 UTCALLOUSDT    0.088350      33.91     1117        29213074.000000 17451.000000  0.06        1.526500    0.000000    0.00        60.42       39.58       1.612200    0.000000    0.00        61.72       38.28       1.339700    -0.000600   -0.04       57.26       42.74
2026-05-24 14:00:00 UTCALLOUSDT    0.088740      39.43     1429        29253498.000000 40424.000000  0.14        1.517600    -0.008900   -0.58       60.28       39.72       1.607800    -0.004400   -0.27       61.65       38.35       1.332600    -0.007100   -0.53       57.13       42.87
2026-05-24 14:15:00 UTCALLOUSDT    0.088730      39.34     1421        29275407.000000 21909.000000  0.07        1.485100    -0.032500   -2.14       59.76       40.24       1.606200    -0.001600   -0.10       61.63       38.37       1.286800    -0.045800   -3.44       56.27       43.73
2026-05-24 14:30:00 UTCALLOUSDT    0.088190      34.70     1167        29216878.000000 -58529.000000 -0.20       1.490700    0.005600    0.38        59.85       40.15       1.592100    -0.014100   -0.88       61.42       38.58       1.313200    0.026400    2.05        56.77       43.23
2026-05-24 14:45:00 UTCALLOUSDT    0.088220      35.15     559         29181847.000000 -35031.000000 -0.12       1.470400    -0.020300   -1.36       59.52       40.48       1.588900    -0.003200   -0.20       61.37       38.63       1.290400    -0.022800   -1.74       56.34       43.66
2026-05-24 15:00:00 UTCALLOUSDT    0.088370      37.51     680         29236039.000000 54192.000000  0.19        1.466700    -0.003700   -0.25       59.46       40.54       1.591100    0.002200    0.14        61.41       38.59       1.287300    -0.003100   -0.24       56.28       43.72
2026-05-24 15:15:00 UTCALLOUSDT    0.088180      35.74     1579        29189226.000000 -46813.000000 -0.16       1.471600    0.004900    0.33        59.54       40.46       1.594600    0.003500    0.22        61.46       38.54       1.281500    -0.005800   -0.45       56.17       43.83
2026-05-24 15:30:00 UTCALLOUSDT    0.087860      32.92     600         29143575.000000 -45651.000000 -0.16       1.471000    -0.000600   -0.04       59.53       40.47       1.597900    0.003300    0.21        61.51       38.49       1.275300    -0.006200   -0.48       56.05       43.95
2026-05-24 15:45:00 UTCALLOUSDT    0.088060      36.30     588         29133082.000000 -10493.000000 -0.04       1.482600    0.011600    0.79        59.72       40.28       1.598800    0.000900    0.06        61.52       38.48       1.288300    0.013000    1.02        56.30       43.70
2026-05-24 16:00:00 UTCALLOUSDT    0.087890      34.70     1181        29106933.000000 -26149.000000 -0.09       1.486900    0.004300    0.29        59.79       40.21       1.603200    0.004400    0.28        61.59       38.41       1.293600    0.005300    0.41        56.40       43.60
2026-05-24 16:15:00 UTCALLOUSDT    0.087850      34.31     968         29128635.000000 21702.000000  0.07        1.506900    0.020000    1.35        60.11       39.89       1.634900    0.031700    1.98        62.05       37.95       1.307300    0.013700    1.06        56.66       43.34
2026-05-24 16:30:00 UTCALLOUSDT    0.087760      33.42     1132        29047715.000000 -80920.000000 -0.28       1.484500    -0.022400   -1.49       59.75       40.25       1.635600    0.000700    0.04        62.06       37.94       1.289900    -0.017400   -1.33       56.33       43.67
2026-05-24 16:45:00 UTCALLOUSDT    0.088250      42.26     1153        29009904.000000 -37811.000000 -0.13       1.493100    0.008600    0.58        59.89       40.11       1.632800    -0.002800   -0.17       62.02       37.98       1.303600    0.013700    1.06        56.59       43.41
2026-05-24 17:00:00 UTCALLOUSDT    0.087810      37.45     1402        28996586.000000 -13318.000000 -0.05       1.484500    -0.008600   -0.58       59.75       40.25       1.631600    -0.001200   -0.07       62.00       38.00       1.283100    -0.020500   -1.57       56.20       43.80
2026-05-24 17:15:00 UTCALLOUSDT    0.087630      35.66     572         28902078.000000 -94508.000000 -0.33       1.505600    0.021100    1.42        60.09       39.91       1.632600    0.001000    0.06        62.01       37.99       1.302000    0.018900    1.47        56.56       43.44
2026-05-24 17:30:00 UTCALLOUSDT    0.087950      41.05     610         28882762.000000 -19316.000000 -0.07       1.506300    0.000700    0.05        60.10       39.90       1.634900    0.002300    0.14        62.05       37.95       1.305700    0.003700    0.28        56.63       43.37
2026-05-24 17:45:00 UTCALLOUSDT    0.088200      44.94     696         28868701.000000 -14061.000000 -0.05       1.499400    -0.006900   -0.46       59.99       40.01       1.629600    -0.005300   -0.32       61.97       38.03       1.297800    -0.007900   -0.61       56.48       43.52
2026-05-24 18:00:00 UTCALLOUSDT    0.088360      47.33     1177        28857649.000000 -11052.000000 -0.04       1.510700    0.011300    0.75        60.17       39.83       1.629800    0.000200    0.01        61.97       38.03       1.318600    0.020800    1.60        56.87       43.13
2026-05-24 18:15:00 UTCALLOUSDT    0.087830      40.98     808         29042537.000000 184888.000000 0.64        1.500000    -0.010700   -0.71       60.00       40.00       1.648700    0.018900    1.16        62.25       37.75       1.316400    -0.002200   -0.17       56.83       43.17
2026-05-24 18:30:00 UTCALLOUSDT    0.088040      44.17     1081        28944692.000000 -97845.000000 -0.34       1.494400    -0.005600   -0.37       59.91       40.09       1.640000    -0.008700   -0.53       62.12       37.88       1.334300    0.017900    1.36        57.16       42.84
2026-05-24 18:45:00 UTCALLOUSDT    0.087650      39.86     727         28850308.000000 -94384.000000 -0.33       1.507500    0.013100    0.88        60.12       39.88       1.633600    -0.006400   -0.39       62.03       37.97       1.356300    0.022000    1.65        57.56       42.44
2026-05-24 19:00:00 UTCALLOUSDT    0.087950      44.36     847         28895178.000000 44870.000000  0.16        1.506900    -0.000600   -0.04       60.11       39.89       1.635500    0.001900    0.12        62.06       37.94       1.342500    -0.013800   -1.02       57.31       42.69
2026-05-24 19:15:00 UTCALLOUSDT    0.087470      39.29     1069        28917571.000000 22393.000000  0.08        1.511900    0.005000    0.33        60.19       39.81       1.637500    0.002000    0.12        62.08       37.92       1.345800    0.003300    0.25        57.37       42.63
2026-05-24 19:30:00 UTCALLOUSDT    0.087540      40.36     815         28911736.000000 -5835.000000  -0.02       1.517000    0.005100    0.34        60.27       39.73       1.638700    0.001200    0.07        62.10       37.90       1.348500    0.002700    0.20        57.42       42.58
2026-05-24 19:45:00 UTCALLOUSDT    0.087670      42.39     619         28902531.000000 -9205.000000  -0.03       1.518300    0.001300    0.09        60.29       39.71       1.637100    -0.001600   -0.10       62.08       37.92       1.349600    0.001100    0.08        57.44       42.56
2026-05-24 20:00:00 UTCALLOUSDT    0.088050      47.97     793         28925048.000000 22517.000000  0.08        1.516400    -0.001900   -0.13       60.26       39.74       1.640900    0.003800    0.23        62.13       37.87       1.320200    -0.029400   -2.18       56.90       43.10
2026-05-24 20:15:00 UTCALLOUSDT    0.087830      45.24     1632        28954734.000000 29686.000000  0.10        1.487600    -0.028800   -1.90       59.80       40.20       1.639300    -0.001600   -0.10       62.11       37.89       1.280500    -0.039700   -3.01       56.15       43.85
2026-05-24 20:30:00 UTCALLOUSDT    0.087740      44.13     966         28928379.000000 -26355.000000 -0.09       1.491300    0.003700    0.25        59.86       40.14       1.638800    -0.000500   -0.03       62.10       37.90       1.304700    0.024200    1.89        56.61       43.39
2026-05-24 20:45:00 UTCALLOUSDT    0.088170      50.38     585         28938927.000000 10548.000000  0.04        1.501900    0.010600    0.71        60.03       39.97       1.637100    -0.001700   -0.10       62.08       37.92       1.314800    0.010100    0.77        56.80       43.20
2026-05-24 21:00:00 UTCALLOUSDT    0.088190      50.66     812         28943171.000000 4244.000000   0.01        1.493100    -0.008800   -0.59       59.89       40.11       1.637600    0.000500    0.03        62.09       37.91       1.311600    -0.003200   -0.24       56.74       43.26
2026-05-24 21:15:00 UTCALLOUSDT    0.087570      42.71     993         28943594.000000 423.000000    0.00        1.495000    0.001900    0.13        59.92       40.08       1.644400    0.006800    0.42        62.18       37.82       1.305200    -0.006400   -0.49       56.62       43.38
2026-05-24 21:30:00 UTCALLOUSDT    0.086600      33.79     1430        28882511.000000 -61083.000000 -0.21       1.494400    -0.000600   -0.04       59.91       40.09       1.639400    -0.005000   -0.30       62.11       37.89       1.314300    0.009100    0.70        56.79       43.21
2026-05-24 21:45:00 UTCALLOUSDT    0.086770      36.30     1416        28866392.000000 -16119.000000 -0.06       1.518300    0.023900    1.60        60.29       39.71       1.634500    -0.004900   -0.30       62.04       37.96       1.351300    0.037000    2.82        57.47       42.53
2026-05-24 22:00:00 UTCALLOUSDT    0.087560      46.47     1272        28798507.000000 -67885.000000 -0.24       1.506900    -0.011400   -0.75       60.11       39.89       1.629100    -0.005400   -0.33       61.96       38.04       1.341900    -0.009400   -0.70       57.30       42.70
2026-05-24 22:15:00 UTCALLOUSDT    0.087610      47.04     841         28783251.000000 -15256.000000 -0.05       1.457000    -0.049900   -3.31       59.30       40.70       1.623800    -0.005300   -0.33       61.89       38.11       1.313200    -0.028700   -2.14       56.77       43.23
2026-05-24 22:30:00 UTCALLOUSDT    0.087370      44.56     752         28791798.000000 8547.000000   0.03        1.456400    -0.000600   -0.04       59.29       40.71       1.625000    0.001200    0.07        61.90       38.10       1.315900    0.002700    0.21        56.82       43.18
2026-05-24 22:45:00 UTCALLOUSDT    0.087130      42.17     809         28780793.000000 -11005.000000 -0.04       1.453400    -0.003000   -0.21       59.24       40.76       1.625100    0.000100    0.01        61.91       38.09       1.307900    -0.008000   -0.61       56.67       43.33
2026-05-24 23:00:00 UTCALLOUSDT    0.087610      48.17     1446        28789179.000000 8386.000000   0.03        1.465500    0.012100    0.83        59.44       40.56       1.624700    -0.000400   -0.02       61.90       38.10       1.318000    0.010100    0.77        56.86       43.14
2026-05-24 23:15:00 UTCALLOUSDT    0.087450      46.44     894         28863901.000000 74722.000000  0.26        1.461200    -0.004300   -0.29       59.37       40.63       1.631800    0.007100    0.44        62.00       38.00       1.267100    -0.050900   -3.86       55.89       44.11
2026-05-24 23:30:00 UTCALLOUSDT    0.087980      52.51     1292        28869599.000000 5698.000000   0.02        1.457600    -0.003600   -0.25       59.31       40.69       1.627600    -0.004200   -0.26       61.94       38.06       1.255300    -0.011800   -0.93       55.66       44.34
2026-05-24 23:45:00 UTCALLOUSDT    0.088140      54.20     1199        28949341.000000 79742.000000  0.28        1.467300    0.009700    0.67        59.47       40.53       1.624700    -0.002900   -0.18       61.90       38.10       1.257800    0.002500    0.20        55.71       44.29
2026-05-25 00:00:00 UTCALLOUSDT    0.088320      56.10     1289        28895280.000000 -54061.000000 -0.19       1.449800    -0.017500   -1.19       59.18       40.82       1.642400    0.017700    1.09        62.16       37.84       1.237600    -0.020200   -1.61       55.31       44.69
2026-05-25 00:15:00 UTCALLOUSDT    0.088350      56.42     587         28853686.000000 -41594.000000 -0.14       1.453400    0.003600    0.25        59.24       40.76       1.644600    0.002200    0.13        62.19       37.81       1.254800    0.017200    1.39        55.65       44.35
2026-05-25 00:30:00 UTCALLOUSDT    0.088410      57.10     1380        28867133.000000 13447.000000  0.05        1.454000    0.000600    0.04        59.25       40.75       1.650300    0.005700    0.35        62.27       37.73       1.254300    -0.000500   -0.04       55.64       44.36
2026-05-25 00:45:00 UTCALLOUSDT    0.088190      53.78     1102        28830218.000000 -36915.000000 -0.13       1.470400    0.016400    1.13        59.52       40.48       1.630500    -0.019800   -1.20       61.98       38.02       1.268100    0.013800    1.10        55.91       44.09
2026-05-25 01:00:00 UTCALLOUSDT    0.087630      46.40     1210        28860806.000000 30588.000000  0.11        1.474600    0.004200    0.29        59.59       40.41       1.629600    -0.000900   -0.06       61.97       38.03       1.269100    0.001000    0.08        55.93       44.07
2026-05-25 01:15:00 UTCALLOUSDT    0.087730      47.78     1035        28933814.000000 73008.000000  0.25        1.477100    0.002500    0.17        59.63       40.37       1.624100    -0.005500   -0.34       61.89       38.11       1.288300    0.019200    1.51        56.30       43.70
2026-05-25 01:30:00 UTCALLOUSDT    0.087400      43.78     928         28944020.000000 10206.000000  0.04        1.473400    -0.003700   -0.25       59.57       40.43       1.627300    0.003200    0.20        61.94       38.06       1.276300    -0.012000   -0.93       56.07       43.93
2026-05-25 01:45:00 UTCALLOUSDT    0.087210      41.62     997         28920541.000000 -23479.000000 -0.08       1.475200    0.001800    0.12        59.60       40.40       1.631300    0.004000    0.25        62.00       38.00       1.277400    0.001100    0.09        56.09       43.91
2026-05-25 02:00:00 UTCALLOUSDT    0.088080      53.05     1918        28908827.000000 -11714.000000 -0.04       1.470400    -0.004800   -0.33       59.52       40.48       1.633300    0.002000    0.12        62.03       37.97       1.269100    -0.008300   -0.65       55.93       44.07
2026-05-25 02:15:00 UTCALLOUSDT    0.088160      53.94     716         28908545.000000 -282.000000   -0.00       1.480200    0.009800    0.67        59.68       40.32       1.640500    0.007200    0.44        62.13       37.87       1.271200    0.002100    0.17        55.97       44.03
2026-05-25 02:30:00 UTCALLOUSDT    0.088070      52.73     780         28883083.000000 -25462.000000 -0.09       1.478900    -0.001300   -0.09       59.66       40.34       1.646700    0.006200    0.38        62.22       37.78       1.268600    -0.002600   -0.20       55.92       44.08
2026-05-25 02:45:00 UTCALLOUSDT    0.087890      50.29     738         28846671.000000 -36412.000000 -0.13       1.485100    0.006200    0.42        59.76       40.24       1.641500    -0.005200   -0.32       62.14       37.86       1.274800    0.006200    0.49        56.04       43.96
2026-05-25 03:00:00 UTCALLOUSDT    0.087800      49.06     671         28826363.000000 -20308.000000 -0.07       1.486900    0.001800    0.12        59.79       40.21       1.642600    0.001100    0.07        62.16       37.84       1.276900    0.002100    0.16        56.08       43.92
2026-05-25 03:15:00 UTCALLOUSDT    0.088330      55.87     857         28835641.000000 9278.000000   0.03        1.484500    -0.002400   -0.16       59.75       40.25       1.642700    0.000100    0.01        62.16       37.84       1.278400    0.001500    0.12        56.11       43.89
2026-05-25 03:30:00 UTCALLOUSDT    0.087850      49.43     694         28860851.000000 25210.000000  0.09        1.485100    0.000600    0.04        59.76       40.24       1.645000    0.002300    0.14        62.19       37.81       1.278900    0.000500    0.04        56.12       43.88
2026-05-25 03:45:00 UTCALLOUSDT    0.087480      45.11     704         28816453.000000 -44398.000000 -0.15       1.486300    0.001200    0.08        59.78       40.22       1.639500    -0.005500   -0.33       62.11       37.89       1.288300    0.009400    0.74        56.30       43.70
2026-05-25 04:00:00 UTCALLOUSDT    0.087490      45.25     572         28778961.000000 -37492.000000 -0.13       1.500000    0.013700    0.92        60.00       40.00       1.637900    -0.001600   -0.10       62.09       37.91       1.298300    0.010000    0.78        56.49       43.51
2026-05-25 04:15:00 UTCALLOUSDT    0.087310      43.13     517         28773116.000000 -5845.000000  -0.02       1.497500    -0.002500   -0.17       59.96       40.04       1.638500    0.000600    0.04        62.10       37.90       1.299400    0.001100    0.08        56.51       43.49
2026-05-25 04:30:00 UTCALLOUSDT    0.087640      47.95     954         28738702.000000 -34414.000000 -0.12       1.511300    0.013800    0.92        60.18       39.82       1.635400    -0.003100   -0.19       62.06       37.94       1.308400    0.009000    0.69        56.68       43.32
2026-05-25 04:45:00 UTCALLOUSDT    0.087940      51.93     904         28780385.000000 41683.000000  0.15        1.551000    0.039700    2.63        60.80       39.20       1.637300    0.001900    0.12        62.08       37.92       1.325600    0.017200    1.31        57.00       43.00
2026-05-25 05:00:00 UTCALLOUSDT    0.088100      53.95     1048        28811477.000000 31092.000000  0.11        1.552300    0.001300    0.08        60.82       39.18       1.639000    0.001700    0.10        62.11       37.89       1.329900    0.004300    0.32        57.08       42.92
2026-05-25 05:15:00 UTCALLOUSDT    0.087840      50.25     1429        28764694.000000 -46783.000000 -0.16       1.559500    0.007200    0.46        60.93       39.07       1.635900    -0.003100   -0.19       62.06       37.94       1.334300    0.004400    0.33        57.16       42.84
2026-05-25 05:30:00 UTCALLOUSDT    0.087660      47.80     630         28738442.000000 -26252.000000 -0.09       1.569400    0.009900    0.63        61.08       38.92       1.629600    -0.006300   -0.39       61.97       38.03       1.352400    0.018100    1.36        57.49       42.51
2026-05-25 05:45:00 UTCALLOUSDT    0.087520      45.93     476         28759862.000000 21420.000000  0.07        1.572700    0.003300    0.21        61.13       38.87       1.628800    -0.000800   -0.05       61.96       38.04       1.359600    0.007200    0.53        57.62       42.38
2026-05-25 06:00:00 UTCALLOUSDT    0.088260      55.79     1041        28758574.000000 -1288.000000  -0.00       1.570700    -0.002000   -0.13       61.10       38.90       1.629000    0.000200    0.01        61.96       38.04       1.349600    -0.010000   -0.74       57.44       42.56
2026-05-25 06:15:00 UTCALLOUSDT    0.087440      45.82     1316        29123586.000000 365012.000000 1.27        1.552300    -0.018400   -1.17       60.82       39.18       1.652100    0.023100    1.42        62.29       37.71       1.339200    -0.010400   -0.77       57.25       42.75
2026-05-25 06:30:00 UTCALLOUSDT    0.087650      48.37     1071        28849396.000000 -274190.000000-0.94       1.578600    0.026300    1.69        61.22       38.78       1.627800    -0.024300   -1.47       61.95       38.05       1.352900    0.013700    1.02        57.50       42.50
2026-05-25 06:45:00 UTCALLOUSDT    0.087540      47.12     866         28875729.000000 26333.000000  0.09        1.594700    0.016100    1.02        61.46       38.54       1.628300    0.000500    0.03        61.95       38.05       1.377000    0.024100    1.78        57.93       42.07
2026-05-25 07:00:00 UTCALLOUSDT    0.087560      47.38     1003        28874815.000000 -914.000000   -0.00       1.590700    -0.004000   -0.25       61.40       38.60       1.632000    0.003700    0.23        62.01       37.99       1.373600    -0.003400   -0.25       57.87       42.13
2026-05-25 07:15:00 UTCALLOUSDT    0.087100      42.13     840         28947747.000000 72932.000000  0.25        1.583300    -0.007400   -0.47       61.29       38.71       1.630600    -0.001400   -0.09       61.99       38.01       1.374200    0.000600    0.04        57.88       42.12
2026-05-25 07:30:00 UTCALLOUSDT    0.087120      42.43     697         28916052.000000 -31695.000000 -0.11       1.587300    0.004000    0.25        61.35       38.65       1.627200    -0.003400   -0.21       61.94       38.06       1.386600    0.012400    0.90        58.10       41.90
2026-05-25 07:45:00 UTCALLOUSDT    0.087260      44.59     738         28938885.000000 22833.000000  0.08        1.579300    -0.008000   -0.50       61.23       38.77       1.623800    -0.003400   -0.21       61.89       38.11       1.378700    -0.007900   -0.57       57.96       42.04
2026-05-25 08:00:00 UTCALLOUSDT    0.087270      44.75     922         28881632.000000 -57253.000000 -0.20       1.604800    0.025500    1.61        61.61       38.39       1.620900    -0.002900   -0.18       61.85       38.15       1.410800    0.032100    2.33        58.52       41.48
2026-05-25 08:15:00 UTCALLOUSDT    0.087500      48.42     464         28921068.000000 39436.000000  0.14        1.597400    -0.007400   -0.46       61.50       38.50       1.621500    0.000600    0.04        61.85       38.15       1.412500    0.001700    0.12        58.55       41.45
2026-05-25 08:30:00 UTCALLOUSDT    0.087460      47.82     524         28964632.000000 43564.000000  0.15        1.590700    -0.006700   -0.42       61.40       38.60       1.619200    -0.002300   -0.14       61.82       38.18       1.395800    -0.016700   -1.18       58.26       41.74
2026-05-25 08:45:00 UTCALLOUSDT    0.087210      44.17     584         28965079.000000 447.000000    0.00        1.589300    -0.001400   -0.09       61.38       38.62       1.617300    -0.001900   -0.12       61.79       38.21       1.388900    -0.006900   -0.49       58.14       41.86
2026-05-25 09:00:00 UTCALLOUSDT    0.086680      37.61     1195        28868887.000000 -96192.000000 -0.33       1.588000    -0.001300   -0.08       61.36       38.64       1.606000    -0.011300   -0.70       61.63       38.37       1.390100    0.001200    0.09        58.16       41.84
2026-05-25 09:15:00 UTCALLOUSDT    0.086730      38.54     1118        28708798.000000 -160089.000000-0.55       1.603500    0.015500    0.98        61.59       38.41       1.605900    -0.000100   -0.01       61.63       38.37       1.427800    0.037700    2.71        58.81       41.19
2026-05-25 09:30:00 UTCALLOUSDT    0.086110      32.16     2334        28741999.000000 33201.000000  0.12        1.603500    0.000000    0.00        61.59       38.41       1.613400    0.007500    0.47        61.74       38.26       1.416600    -0.011200   -0.78       58.62       41.38
2026-05-25 09:45:00 UTCALLOUSDT    0.086210      34.05     928         28728527.000000 -13472.000000 -0.05       1.650400    0.046900    2.92        62.27       37.73       1.570200    -0.043200   -2.68       61.09       38.91       1.495600    0.079000    5.58        59.93       40.07
2026-05-25 10:00:00 UTCALLOUSDT    0.086440      38.32     1148        28766231.000000 37704.000000  0.13        1.638500    -0.011900   -0.72       62.10       37.90       1.577300    0.007100    0.45        61.20       38.80       1.461800    -0.033800   -2.26       59.38       40.62
2026-05-25 10:15:00 UTCALLOUSDT    0.086820      44.70     752         28791580.000000 25349.000000  0.09        1.619900    -0.018600   -1.14       61.83       38.17       1.579800    0.002500    0.16        61.24       38.76       1.424200    -0.037600   -2.57       58.75       41.25
2026-05-25 10:30:00 UTCALLOUSDT    0.086980      47.17     1246        28739769.000000 -51811.000000 -0.18       1.626100    0.006200    0.38        61.92       38.08       1.588800    0.009000    0.57        61.37       38.63       1.426600    0.002400    0.17        58.79       41.21
2026-05-25 10:45:00 UTCALLOUSDT    0.086840      45.26     534         28780495.000000 40726.000000  0.14        1.635700    0.009600    0.59        62.06       37.94       1.594300    0.005500    0.35        61.45       38.55       1.426600    0.000000    0.00        58.79       41.21
2026-05-25 11:00:00 UTCALLOUSDT    0.087810      57.96     3196        28783460.000000 2965.000000   0.01        1.637100    0.001400    0.09        62.08       37.92       1.591600    -0.002700   -0.17       61.41       38.59       1.443200    0.016600    1.16        59.07       40.93
2026-05-25 11:15:00 UTCALLOUSDT    0.087650      55.66     777         28694406.000000 -89054.000000 -0.31       1.601500    -0.035600   -2.17       61.56       38.44       1.582600    -0.009000   -0.57       61.28       38.72       1.386600    -0.056600   -3.92       58.10       41.90
2026-05-25 11:30:00 UTCALLOUSDT    0.087200      49.71     895         28675036.000000 -19370.000000 -0.07       1.598800    -0.002700   -0.17       61.52       38.48       1.583300    0.000700    0.04        61.29       38.71       1.392900    0.006300    0.45        58.21       41.79
2026-05-25 11:45:00 UTCALLOUSDT    0.087680      55.21     1615        28677276.000000 2240.000000   0.01        1.591300    -0.007500   -0.47       61.41       38.59       1.583800    0.000500    0.03        61.30       38.70       1.383200    -0.009700   -0.70       58.04       41.96
2026-05-25 12:00:00 UTCALLOUSDT    0.087800      56.50     1273        28867599.000000 190323.000000 0.66        1.556900    -0.034400   -2.16       60.89       39.11       1.592100    0.008300    0.52        61.42       38.58       1.333700    -0.049500   -3.58       57.15       42.85
2026-05-25 12:15:00 UTCALLOUSDT    0.087840      56.94     1233        28909692.000000 42093.000000  0.15        1.559500    0.002600    0.17        60.93       39.07       1.585700    -0.006400   -0.40       61.33       38.67       1.340300    0.006600    0.49        57.27       42.73
2026-05-25 12:30:00 UTCALLOUSDT    0.087720      55.13     936         29009263.000000 99571.000000  0.34        1.562100    0.002600    0.17        60.97       39.03       1.596200    0.010500    0.66        61.48       38.52       1.338600    -0.001700   -0.13       57.24       42.76
2026-05-25 12:45:00 UTCALLOUSDT    0.088000      58.45     1081        28890911.000000 -118352.000000-0.41       1.565400    0.003300    0.21        61.02       38.98       1.592800    -0.003400   -0.21       61.43       38.57       1.341900    0.003300    0.25        57.30       42.70
2026-05-25 13:00:00 UTCALLOUSDT    0.087830      55.75     1323        28897099.000000 6188.000000   0.02        1.556900    -0.008500   -0.54       60.89       39.11       1.591300    -0.001500   -0.09       61.41       38.59       1.343600    0.001700    0.13        57.33       42.67
2026-05-25 13:15:00 UTCALLOUSDT    0.087740      54.32     674         28934342.000000 37243.000000  0.13        1.556200    -0.000700   -0.04       60.88       39.12       1.598400    0.007100    0.45        61.51       38.49       1.329900    -0.013700   -1.02       57.08       42.92
2026-05-25 13:30:00 UTCALLOUSDT    0.087830      55.55     704         28937789.000000 3447.000000   0.01        1.549100    -0.007100   -0.46       60.77       39.23       1.600600    0.002200    0.14        61.55       38.45       1.317000    -0.012900   -0.97       56.84       43.16
2026-05-25 13:45:00 UTCALLOUSDT    0.087520      50.51     574         28931435.000000 -6354.000000  -0.02       1.550400    0.001300    0.08        60.79       39.21       1.595300    -0.005300   -0.33       61.47       38.53       1.328300    0.011300    0.86        57.05       42.95
2026-05-25 14:00:00 UTCALLOUSDT    0.087570      51.28     883         28947627.000000 16192.000000  0.06        1.550400    0.000000    0.00        60.79       39.21       1.599400    0.004100    0.26        61.53       38.47       1.328300    0.000000    0.00        57.05       42.95
2026-05-25 14:15:00 UTCALLOUSDT    0.087330      47.47     692         28921113.000000 -26514.000000 -0.09       1.554300    0.003900    0.25        60.85       39.15       1.601600    0.002200    0.14        61.56       38.44       1.332100    0.003800    0.29        57.12       42.88
2026-05-25 14:30:00 UTCALLOUSDT    0.087350      47.82     613         28956057.000000 34944.000000  0.12        1.555600    0.001300    0.08        60.87       39.13       1.600400    -0.001200   -0.07       61.55       38.45       1.368500    0.036400    2.73        57.78       42.22
2026-05-25 14:45:00 UTCALLOUSDT    0.087490      50.30     443         28952284.000000 -3773.000000  -0.01       1.554900    -0.000700   -0.04       60.86       39.14       1.603600    0.003200    0.20        61.59       38.41       1.350200    -0.018300   -1.34       57.45       42.55
2026-05-25 15:00:00 UTCALLOUSDT    0.087520      50.84     921         28943989.000000 -8295.000000  -0.03       1.555600    0.000700    0.05        60.87       39.13       1.604100    0.000500    0.03        61.60       38.40       1.351300    0.001100    0.08        57.47       42.53
2026-05-25 15:15:00 UTCALLOUSDT    0.086750      39.12     890         29103615.000000 159626.000000 0.55        1.551700    -0.003900   -0.25       60.81       39.19       1.614200    0.010100    0.63        61.75       38.25       1.349600    -0.001700   -0.13       57.44       42.56
2026-05-25 15:30:00 UTCALLOUSDT    0.086980      43.32     1132        29144337.000000 40722.000000  0.14        1.562800    0.011100    0.72        60.98       39.02       1.620900    0.006700    0.42        61.84       38.16       1.365200    0.015600    1.16        57.72       42.28
2026-05-25 15:45:00 UTCALLOUSDT    0.087030      44.22     1278        29192680.000000 48343.000000  0.17        1.560200    -0.002600   -0.17       60.94       39.06       1.620900    0.000000    0.00        61.84       38.16       1.367400    0.002200    0.16        57.76       42.24
2026-05-25 16:00:00 UTCALLOUSDT    0.086940      42.90     1380        29198997.000000 6317.000000   0.02        1.551000    -0.009200   -0.59       60.80       39.20       1.619300    -0.001600   -0.10       61.82       38.18       1.362900    -0.004500   -0.33       57.68       42.32
2026-05-25 16:15:00 UTCALLOUSDT    0.086460      36.61     1669        29127205.000000 -71792.000000 -0.25       1.552300    0.001300    0.08        60.82       39.18       1.613200    -0.006100   -0.38       61.73       38.27       1.377000    0.014100    1.03        57.93       42.07
2026-05-25 16:30:00 UTCALLOUSDT    0.086860      43.98     1318        29045686.000000 -81519.000000 -0.28       1.574700    0.022400    1.44        61.16       38.84       1.603500    -0.009700   -0.60       61.59       38.41       1.412500    0.035500    2.58        58.55       41.45
2026-05-25 16:45:00 UTCALLOUSDT    0.087140      48.50     652         29115524.000000 69838.000000  0.24        1.567400    -0.007300   -0.46       61.05       38.95       1.614100    0.010600    0.66        61.75       38.25       1.427200    0.014700    1.04        58.80       41.20
2026-05-25 17:00:00 UTCALLOUSDT    0.087190      49.28     938         29119587.000000 4063.000000   0.01        1.574700    0.007300    0.47        61.16       38.84       1.613300    -0.000800   -0.05       61.73       38.27       1.421300    -0.005900   -0.41       58.70       41.30
2026-05-25 17:15:00 UTCALLOUSDT    0.087270      50.58     513         29131166.000000 11579.000000  0.04        1.569400    -0.005300   -0.34       61.08       38.92       1.615200    0.001900    0.12        61.76       38.24       1.406200    -0.015100   -1.06       58.44       41.56
2026-05-25 17:30:00 UTCALLOUSDT    0.087470      53.77     812         29168339.000000 37173.000000  0.13        1.568700    -0.000700   -0.04       61.07       38.93       1.613500    -0.001700   -0.11       61.74       38.26       1.402100    -0.004100   -0.29       58.37       41.63
2026-05-25 17:45:00 UTCALLOUSDT    0.087560      55.17     530         29142342.000000 -25997.000000 -0.09       1.567400    -0.001300   -0.08       61.05       38.95       1.610700    -0.002800   -0.17       61.70       38.30       1.379800    -0.022300   -1.59       57.98       42.02
2026-05-25 18:00:00 UTCALLOUSDT    0.087980      61.10     1269        29188826.000000 46484.000000  0.16        1.575300    0.007900    0.50        61.17       38.83       1.615600    0.004900    0.30        61.77       38.23       1.380400    0.000600    0.04        57.99       42.01
2026-05-25 18:15:00 UTCALLOUSDT    0.088010      61.49     569         29111582.000000 -77244.000000 -0.26       1.572000    -0.003300   -0.21       61.12       38.88       1.621600    0.006000    0.37        61.85       38.15       1.382100    0.001700    0.12        58.02       41.98
2026-05-25 18:30:00 UTCALLOUSDT    0.087480      51.61     861         29088673.000000 -22909.000000 -0.08       1.574000    0.002000    0.13        61.15       38.85       1.621600    0.000000    0.00        61.85       38.15       1.391800    0.009700    0.70        58.19       41.81
2026-05-25 18:45:00 UTCALLOUSDT    0.087560      52.84     567         29026209.000000 -62464.000000 -0.21       1.571400    -0.002600   -0.17       61.11       38.89       1.622500    0.000900    0.06        61.87       38.13       1.392300    0.000500    0.04        58.20       41.80
2026-05-25 19:00:00 UTCALLOUSDT    0.087270      48.06     691         29072087.000000 45878.000000  0.16        1.560200    -0.011200   -0.71       60.94       39.06       1.623200    0.000700    0.04        61.88       38.12       1.387800    -0.004500   -0.32       58.12       41.88
2026-05-25 19:15:00 UTCALLOUSDT    0.087360      49.58     326         29033392.000000 -38695.000000 -0.13       1.570000    0.009800    0.63        61.09       38.91       1.618000    -0.005200   -0.32       61.80       38.20       1.399800    0.012000    0.86        58.33       41.67
2026-05-25 19:30:00 UTCALLOUSDT    0.086870      42.30     876         29033801.000000 409.000000    0.00        1.572700    0.002700    0.17        61.13       38.87       1.618000    0.000000    0.00        61.80       38.20       1.399800    0.000000    0.00        58.33       41.67
2026-05-25 19:45:00 UTCALLOUSDT    0.086700      40.10     577         29100602.000000 66801.000000  0.23        1.577300    0.004600    0.29        61.20       38.80       1.611700    -0.006300   -0.39       61.71       38.29       1.410200    0.010400    0.74        58.51       41.49
2026-05-25 20:00:00 UTCALLOUSDT    0.086890      43.63     456         29080484.000000 -20118.000000 -0.07       1.581300    0.004000    0.25        61.26       38.74       1.607900    -0.003800   -0.24       61.66       38.34       1.408500    -0.001700   -0.12       58.48       41.52
2026-05-25 20:15:00 UTCALLOUSDT    0.086620      40.02     527         29073114.000000 -7370.000000  -0.03       1.571400    -0.009900   -0.63       61.11       38.89       1.606100    -0.001800   -0.11       61.63       38.37       1.405600    -0.002900   -0.21       58.43       41.57
2026-05-25 20:30:00 UTCALLOUSDT    0.086430      37.67     812         29114328.000000 41214.000000  0.14        1.558900    -0.012500   -0.80       60.92       39.08       1.608000    0.001900    0.12        61.66       38.34       1.394600    -0.011000   -0.78       58.24       41.76
2026-05-25 20:45:00 UTCALLOUSDT    0.086520      39.49     590         29072996.000000 -41332.000000 -0.14       1.549100    -0.009800   -0.63       60.77       39.23       1.604900    -0.003100   -0.19       61.61       38.39       1.388300    -0.006300   -0.45       58.13       41.87
2026-05-25 21:00:00 UTCALLOUSDT    0.086880      46.25     768         29067994.000000 -5002.000000  -0.02       1.553000    0.003900    0.25        60.83       39.17       1.598600    -0.006300   -0.39       61.52       38.48       1.418400    0.030100    2.17        58.65       41.35
2026-05-25 21:15:00 UTCALLOUSDT    0.086680      43.35     761         29218950.000000 150956.000000 0.52        1.560800    0.007800    0.50        60.95       39.05       1.598500    -0.000100   -0.01       61.52       38.48       1.424800    0.006400    0.45        58.76       41.24
2026-05-25 21:30:00 UTCALLOUSDT    0.086700      43.73     391         29261035.000000 42085.000000  0.14        1.551700    -0.009100   -0.58       60.81       39.19       1.585000    -0.013500   -0.84       61.32       38.68       1.412000    -0.012800   -0.90       58.54       41.46
2026-05-25 21:45:00 UTCALLOUSDT    0.086980      48.89     482         29308575.000000 47540.000000  0.16        1.552300    0.000600    0.04        60.82       39.18       1.584800    -0.000200   -0.01       61.31       38.69       1.411400    -0.000600   -0.04       58.53       41.47
2026-05-25 22:00:00 UTCALLOUSDT    0.086610      43.24     677         29287574.000000 -21001.000000 -0.07       1.547800    -0.004500   -0.29       60.75       39.25       1.582200    -0.002600   -0.16       61.27       38.73       1.403300    -0.008100   -0.57       58.39       41.61
2026-05-25 22:15:00 UTCALLOUSDT    0.086370      40.02     620         29300513.000000 12939.000000  0.04        1.556900    0.009100    0.59        60.89       39.11       1.580100    -0.002100   -0.13       61.24       38.76       1.408500    0.005200    0.37        58.48       41.52
2026-05-25 22:30:00 UTCALLOUSDT    0.086070      36.36     1390        29331817.000000 31304.000000  0.11        1.547800    -0.009100   -0.58       60.75       39.25       1.579300    -0.000800   -0.05       61.23       38.77       1.401000    -0.007500   -0.53       58.35       41.65
2026-05-25 22:45:00 UTCALLOUSDT    0.085310      29.11     1169        29170061.000000 -161756.000000-0.55       1.552300    0.004500    0.29        60.82       39.18       1.561800    -0.017500   -1.11       60.97       39.03       1.404400    0.003400    0.24        58.41       41.59
2026-05-25 23:00:00 UTCALLOUSDT    0.084880      25.95     3218        29334116.000000 164055.000000 0.56        1.586000    0.033700    2.17        61.33       38.67       1.559900    -0.001900   -0.12       60.94       39.06       1.460600    0.056200    4.00        59.36       40.64
2026-05-25 23:15:00 UTCALLOUSDT    0.084910      26.55     1045        29136360.000000 -197756.000000-0.67       1.598100    0.012100    0.76        61.51       38.49       1.545700    -0.014200   -0.91       60.72       39.28       1.429000    -0.031600   -2.16       58.83       41.17
2026-05-25 23:30:00 UTCALLOUSDT    0.084610      24.43     769         29096588.000000 -39772.000000 -0.14       1.588000    -0.010100   -0.63       61.36       38.64       1.545100    -0.000600   -0.04       60.71       39.29       1.419500    -0.009500   -0.66       58.67       41.33
2026-05-25 23:45:00 UTCALLOUSDT    0.084960      31.33     1444        28988290.000000 -108298.000000-0.37       1.580000    -0.008000   -0.50       61.24       38.76       1.539000    -0.006100   -0.39       60.61       39.39       1.426600    0.007100    0.50        58.79       41.21
2026-05-26 00:00:00 UTCALLOUSDT    0.084720      29.35     1141        28842936.000000 -145354.000000-0.50       1.560800    -0.019200   -1.22       60.95       39.05       1.550500    0.011500    0.75        60.79       39.21       1.385500    -0.041100   -2.88       58.08       41.92
2026-05-26 00:15:00 UTCALLOUSDT    0.085100      36.22     1005        28817029.000000 -25907.000000 -0.09       1.564800    0.004000    0.26        61.01       38.99       1.545100    -0.005400   -0.35       60.71       39.29       1.384400    -0.001100   -0.08       58.06       41.94
2026-05-26 00:30:00 UTCALLOUSDT    0.084070      28.21     2007        28812240.000000 -4789.000000  -0.02       1.554300    -0.010500   -0.67       60.85       39.15       1.550300    0.005200    0.34        60.79       39.21       1.366300    -0.018100   -1.31       57.74       42.26
2026-05-26 00:45:00 UTCALLOUSDT    0.084260      31.23     1863        28900661.000000 88421.000000  0.31        1.564800    0.010500    0.68        61.01       38.99       1.543300    -0.007000   -0.45       60.68       39.32       1.368000    0.001700    0.12        57.77       42.23
2026-05-26 01:00:00 UTCALLOUSDT    0.083970      29.21     1419        28756717.000000 -143944.000000-0.50       1.556200    -0.008600   -0.55       60.88       39.12       1.537000    -0.006300   -0.41       60.58       39.42       1.381000    0.013000    0.95        58.00       42.00
2026-05-26 01:15:00 UTCALLOUSDT    0.083760      27.81     888         28754226.000000 -2491.000000  -0.01       1.570000    0.013800    0.89        61.09       38.91       1.538000    0.001000    0.07        60.60       39.40       1.386100    0.005100    0.37        58.09       41.91
2026-05-26 01:30:00 UTCALLOUSDT    0.083420      25.66     1516        28720862.000000 -33364.000000 -0.12       1.568100    -0.001900   -0.12       61.06       38.94       1.538000    0.000000    0.00        60.60       39.40       1.384900    -0.001200   -0.09       58.07       41.93
2026-05-26 01:45:00 UTCALLOUSDT    0.083880      33.18     862         28737238.000000 16376.000000  0.06        1.577300    0.009200    0.59        61.20       38.80       1.534800    -0.003200   -0.21       60.55       39.45       1.388900    0.004000    0.29        58.14       41.86
2026-05-26 02:00:00 UTCALLOUSDT    0.083910      33.65     968         28704246.000000 -32992.000000 -0.11       1.580600    0.003300    0.21        61.25       38.75       1.535100    0.000300    0.02        60.55       39.45       1.389500    0.000600    0.04        58.15       41.85
2026-05-26 02:15:00 UTCALLOUSDT    0.083750      32.34     632         28725563.000000 21317.000000  0.07        1.566700    -0.013900   -0.88       61.04       38.96       1.532300    -0.002800   -0.18       60.51       39.49       1.370800    -0.018700   -1.35       57.82       42.18
2026-05-26 02:30:00 UTCALLOUSDT    0.083330      29.14     715         28730804.000000 5241.000000   0.02        1.560800    -0.005900   -0.38       60.95       39.05       1.534800    0.002500    0.16        60.55       39.45       1.369700    -0.001100   -0.08       57.80       42.20
2026-05-26 02:45:00 UTCALLOUSDT    0.083110      27.59     871         28719232.000000 -11572.000000 -0.04       1.567400    0.006600    0.42        61.05       38.95       1.528000    -0.006800   -0.44       60.44       39.56       1.378700    0.009000    0.66        57.96       42.04
2026-05-26 03:00:00 UTCALLOUSDT    0.082960      26.56     1012        28675481.000000 -43751.000000 -0.15       1.566100    -0.001300   -0.08       61.03       38.97       1.535300    0.007300    0.48        60.56       39.44       1.369700    -0.009000   -0.65       57.80       42.20
2026-05-26 03:15:00 UTCALLOUSDT    0.083270      32.21     850         28660558.000000 -14923.000000 -0.05       1.561500    -0.004600   -0.29       60.96       39.04       1.538200    0.002900    0.19        60.60       39.40       1.368000    -0.001700   -0.12       57.77       42.23
2026-05-26 03:30:00 UTCALLOUSDT    0.083160      31.29     1446        28640306.000000 -20252.000000 -0.07       1.552300    -0.009200   -0.59       60.82       39.18       1.537500    -0.000700   -0.05       60.59       39.41       1.358500    -0.009500   -0.69       57.60       42.40
2026-05-26 03:45:00 UTCALLOUSDT    0.083090      30.69     1264        28646603.000000 6297.000000   0.02        1.543900    -0.008400   -0.54       60.69       39.31       1.540500    0.003000    0.20        60.64       39.36       1.351300    -0.007200   -0.53       57.47       42.53
2026-05-26 04:00:00 UTCALLOUSDT    0.082870      28.82     1622        28652866.000000 6263.000000   0.02        1.538100    -0.005800   -0.38       60.60       39.40       1.540100    -0.000400   -0.03       60.63       39.37       1.343000    -0.008300   -0.61       57.32       42.68
2026-05-26 04:15:00 UTCALLOUSDT    0.083350      37.74     1113        28632667.000000 -20199.000000 -0.07       1.544500    0.006400    0.42        60.70       39.30       1.540400    0.000300    0.02        60.64       39.36       1.354600    0.011600    0.86        57.53       42.47
2026-05-26 04:30:00 UTCALLOUSDT    0.083410      38.78     1092        28651361.000000 18694.000000  0.07        1.534200    -0.010300   -0.67       60.54       39.46       1.540500    0.000100    0.01        60.64       39.36       1.345800    -0.008800   -0.65       57.37       42.63
2026-05-26 04:45:00 UTCALLOUSDT    0.083120      35.69     551         28651685.000000 324.000000    0.00        1.524000    -0.010200   -0.66       60.38       39.62       1.540700    0.000200    0.01        60.64       39.36       1.344700    -0.001100   -0.08       57.35       42.65
2026-05-26 05:00:00 UTCALLOUSDT    0.083030      34.77     1069        28676002.000000 24317.000000  0.08        1.514500    -0.009500   -0.62       60.23       39.77       1.543000    0.002300    0.15        60.68       39.32       1.332600    -0.012100   -0.90       57.13       42.87
2026-05-26 05:15:00 UTCALLOUSDT    0.083230      38.57     386         28650817.000000 -25185.000000 -0.09       1.511300    -0.003200   -0.21       60.18       39.82       1.543700    0.000700    0.05        60.69       39.31       1.344100    0.011500    0.86        57.34       42.66
2026-05-26 05:30:00 UTCALLOUSDT    0.083840      48.45     1039        28641551.000000 -9266.000000  -0.03       1.504400    -0.006900   -0.46       60.07       39.93       1.545000    0.001300    0.08        60.71       39.29       1.333200    -0.010900   -0.81       57.14       42.86
2026-05-26 05:45:00 UTCALLOUSDT    0.083860      48.74     948         28803369.000000 161818.000000 0.56        1.510000    0.005600    0.37        60.16       39.84       1.561900    0.016900    1.09        60.97       39.03       1.310500    -0.022700   -1.70       56.72       43.28
2026-05-26 06:00:00 UTCALLOUSDT    0.084030      51.26     991         28776776.000000 -26593.000000 -0.09       1.498100    -0.011900   -0.79       59.97       40.03       1.564200    0.002300    0.15        61.00       39.00       1.298900    -0.011600   -0.89       56.50       43.50
2026-05-26 06:15:00 UTCALLOUSDT    0.083790      47.70     837         28746434.000000 -30342.000000 -0.11       1.497500    -0.000600   -0.04       59.96       40.04       1.564600    0.000400    0.03        61.01       38.99       1.301500    0.002600    0.20        56.55       43.45
2026-05-26 06:30:00 UTCALLOUSDT    0.084170      53.24     1150        28782454.000000 36020.000000  0.13        1.490000    -0.007500   -0.50       59.84       40.16       1.566500    0.001900    0.12        61.04       38.96       1.299900    -0.001600   -0.12       56.52       43.48
2026-05-26 06:45:00 UTCALLOUSDT    0.084300      55.00     898         28812223.000000 29769.000000  0.10        1.488200    -0.001800   -0.12       59.81       40.19       1.572400    0.005900    0.38        61.13       38.87       1.288900    -0.011000   -0.85       56.31       43.69
2026-05-26 07:00:00 UTCALLOUSDT    0.083170      40.69     1780        28806636.000000 -5587.000000  -0.02       1.484500    -0.003700   -0.25       59.75       40.25       1.568500    -0.003900   -0.25       61.07       38.93       1.278400    -0.010500   -0.81       56.11       43.89
2026-05-26 07:15:00 UTCALLOUSDT    0.083350      43.22     1287        28841685.000000 35049.000000  0.12        1.452800    -0.031700   -2.14       59.23       40.77       1.556100    -0.012400   -0.79       60.88       39.12       1.272700    -0.005700   -0.45       56.00       44.00
2026-05-26 07:30:00 UTCALLOUSDT    0.083170      41.32     1030        28804617.000000 -37068.000000 -0.13       1.445000    -0.007800   -0.54       59.10       40.90       1.567000    0.010900    0.70        61.04       38.96       1.249700    -0.023000   -1.81       55.55       44.45
2026-05-26 07:45:00 UTCALLOUSDT    0.083560      46.78     939         28787642.000000 -16975.000000 -0.06       1.461200    0.016200    1.12        59.37       40.63       1.564000    -0.003000   -0.19       61.00       39.00       1.266000    0.016300    1.30        55.87       44.13
2026-05-26 08:00:00 UTCALLOUSDT    0.083920      51.29     1277        28815337.000000 27695.000000  0.10        1.451000    -0.010200   -0.70       59.20       40.80       1.564900    0.000900    0.06        61.01       38.99       1.254300    -0.011700   -0.92       55.64       44.36
2026-05-26 08:15:00 UTCALLOUSDT    0.083930      51.41     646         29228270.000000 412933.000000 1.43        1.447400    -0.003600   -0.25       59.14       40.86       1.567200    0.002300    0.15        61.05       38.95       1.243200    -0.011100   -0.88       55.42       44.58
2026-05-26 08:30:00 UTCALLOUSDT    0.084290      55.75     1024        29213475.000000 -14795.000000 -0.05       1.438400    -0.009000   -0.62       58.99       41.01       1.562100    -0.005100   -0.33       60.97       39.03       1.244700    0.001500    0.12        55.45       44.55
2026-05-26 08:45:00 UTCALLOUSDT    0.083950      51.11     651         29217539.000000 4064.000000   0.01        1.435500    -0.002900   -0.20       58.94       41.06       1.555300    -0.006800   -0.44       60.87       39.13       1.242700    -0.002000   -0.16       55.41       44.59
2026-05-26 09:00:00 UTCALLOUSDT    0.084270      54.91     1029        29216783.000000 -756.000000   -0.00       1.434300    -0.001200   -0.08       58.92       41.08       1.554900    -0.000400   -0.03       60.86       39.14       1.245900    0.003200    0.26        55.48       44.53
2026-05-26 09:15:00 UTCALLOUSDT    0.084360      55.95     751         29187885.000000 -28898.000000 -0.10       1.442600    0.008300    0.58        59.06       40.94       1.553400    -0.001500   -0.10       60.84       39.16       1.254300    0.008400    0.67        55.64       44.36
2026-05-26 09:30:00 UTCALLOUSDT    0.084730      60.03     925         29187236.000000 -649.000000   -0.00       1.431900    -0.010700   -0.74       58.88       41.12       1.554200    0.000800    0.05        60.85       39.15       1.243700    -0.010600   -0.85       55.43       44.57
2026-05-26 09:45:00 UTCALLOUSDT    0.082620      38.28     6416        29278361.000000 91125.000000  0.31        1.423100    -0.008800   -0.61       58.73       41.27       1.549900    -0.004300   -0.28       60.78       39.22       1.232600    -0.011100   -0.89       55.21       44.79
2026-05-26 10:00:00 UTCALLOUSDT    0.082790      40.16     1731        29531816.000000 253455.000000 0.87        1.525300    0.102200    7.18        60.40       39.60       1.600200    0.050300    3.25        61.54       38.46       1.330500    0.097900    7.94        57.09       42.91
2026-05-26 10:15:00 UTCALLOUSDT    0.084060      51.94     1371        29395043.000000 -136773.000000-0.46       1.506300    -0.019000   -1.25       60.10       39.90       1.601500    0.001300    0.08        61.56       38.44       1.311600    -0.018900   -1.42       56.74       43.26
2026-05-26 10:30:00 UTCALLOUSDT    0.084710      56.65     1810        29389774.000000 -5269.000000  -0.02       1.480800    -0.025500   -1.69       59.69       40.31       1.602400    0.000900    0.06        61.57       38.43       1.288300    -0.023300   -1.78       56.30       43.70
2026-05-26 10:45:00 UTCALLOUSDT    0.085000      58.60     1881        29327399.000000 -62375.000000 -0.21       1.482000    0.001200    0.08        59.71       40.29       1.608900    0.006500    0.41        61.67       38.33       1.290400    0.002100    0.16        56.34       43.66
2026-05-26 11:00:00 UTCALLOUSDT    0.084870      57.35     1740        29433521.000000 106122.000000 0.36        1.465500    -0.016500   -1.11       59.44       40.56       1.618400    0.009500    0.59        61.81       38.19       1.270700    -0.019700   -1.53       55.96       44.04
2026-05-26 11:15:00 UTCALLOUSDT    0.084620      54.94     1235        29342339.000000 -91182.000000 -0.31       1.470400    0.004900    0.33        59.52       40.48       1.614000    -0.004400   -0.27       61.74       38.26       1.285700    0.015000    1.18        56.25       43.75
2026-05-26 11:30:00 UTCALLOUSDT    0.084740      55.90     809         29324582.000000 -17757.000000 -0.06       1.476500    0.006100    0.41        59.62       40.38       1.617200    0.003200    0.20        61.79       38.21       1.294100    0.008400    0.65        56.41       43.59
2026-05-26 11:45:00 UTCALLOUSDT    0.084610      54.54     619         29359409.000000 34827.000000  0.12        1.471600    -0.004900   -0.33       59.54       40.46       1.614300    -0.002900   -0.18       61.75       38.25       1.282100    -0.012000   -0.93       56.18       43.82
2026-05-26 12:00:00 UTCALLOUSDT    0.084140      49.84     1464        29364537.000000 5128.000000   0.02        1.469700    -0.001900   -0.13       59.51       40.49       1.611100    -0.003200   -0.20       61.70       38.30       1.276900    -0.005200   -0.41       56.08       43.92
2026-05-26 12:15:00 UTCALLOUSDT    0.084130      49.74     542         29406324.000000 41787.000000  0.14        1.440800    -0.028900   -1.97       59.03       40.97       1.606400    -0.004700   -0.29       61.63       38.37       1.254800    -0.022100   -1.73       55.65       44.35
2026-05-26 12:30:00 UTCALLOUSDT    0.083880      47.23     1248        29397077.000000 -9247.000000  -0.03       1.436100    -0.004700   -0.33       58.95       41.05       1.605900    -0.000500   -0.03       61.62       38.38       1.255800    0.001000    0.08        55.67       44.33
2026-05-26 12:45:00 UTCALLOUSDT    0.084010      48.68     918         29369403.000000 -27674.000000 -0.09       1.434300    -0.001800   -0.13       58.92       41.08       1.599700    -0.006200   -0.39       61.53       38.47       1.250700    -0.005100   -0.41       55.57       44.43
2026-05-26 13:00:00 UTCALLOUSDT    0.084140      50.15     1132        29466105.000000 96702.000000  0.33        1.423700    -0.010600   -0.74       58.74       41.26       1.597500    -0.002200   -0.14       61.50       38.50       1.230600    -0.020100   -1.61       55.17       44.83
2026-05-26 13:15:00 UTCALLOUSDT    0.083820      46.60     608         29552823.000000 86718.000000  0.29        1.416000    -0.007700   -0.54       58.61       41.39       1.598700    0.001200    0.08        61.52       38.48       1.235100    0.004500    0.37        55.26       44.74
2026-05-26 13:30:00 UTCALLOUSDT    0.083840      46.86     967         29631310.000000 78487.000000  0.27        1.414900    -0.001100   -0.08       58.59       41.41       1.605100    0.006400    0.40        61.61       38.39       1.223700    -0.011400   -0.92       55.03       44.97
2026-05-26 13:45:00 UTCALLOUSDT    0.084090      50.04     991         29643114.000000 11804.000000  0.04        1.421900    0.007000    0.49        58.71       41.29       1.603600    -0.001500   -0.09       61.59       38.41       1.229200    0.005500    0.45        55.14       44.86
2026-05-26 14:00:00 UTCALLOUSDT    0.083650      44.93     1145        29688704.000000 45590.000000  0.15        1.415500    -0.006400   -0.45       58.60       41.40       1.599300    -0.004300   -0.27       61.53       38.47       1.220700    -0.008500   -0.69       54.97       45.03
2026-05-26 14:15:00 UTCALLOUSDT    0.084550      55.05     1130        29755632.000000 66928.000000  0.23        1.434900    0.019400    1.37        58.93       41.07       1.598900    -0.000400   -0.03       61.52       38.48       1.231600    0.010900    0.89        55.19       44.81
2026-05-26 14:30:00 UTCALLOUSDT    0.083520      44.89     2488        29796292.000000 40660.000000  0.14        1.424800    -0.010100   -0.70       58.76       41.24       1.603400    0.004500    0.28        61.59       38.41       1.219300    -0.012300   -1.00       54.94       45.06
2026-05-26 14:45:00 UTCALLOUSDT    0.083730      47.03     1102        29895179.000000 98887.000000  0.33        1.433700    0.008900    0.62        58.91       41.09       1.591800    -0.011600   -0.72       61.42       38.58       1.223700    0.004400    0.36        55.03       44.97
2026-05-26 15:00:00 UTCALLOUSDT    0.083410      44.21     1714        29924997.000000 29818.000000  0.10        1.430700    -0.003000   -0.21       58.86       41.14       1.590300    -0.001500   -0.09       61.39       38.61       1.219300    -0.004400   -0.36       54.94       45.06
2026-05-26 15:15:00 UTCALLOUSDT    0.083150      42.00     1370        29901289.000000 -23708.000000 -0.08       1.436100    0.005400    0.38        58.95       41.05       1.590100    -0.000200   -0.01       61.39       38.61       1.225700    0.006400    0.52        55.07       44.93
2026-05-26 15:30:00 UTCALLOUSDT    0.082580      37.57     2096        29936052.000000 34763.000000  0.12        1.430100    -0.006000   -0.42       58.85       41.15       1.594000    0.003900    0.25        61.45       38.55       1.215800    -0.009900   -0.81       54.87       45.13
2026-05-26 15:45:00 UTCALLOUSDT    0.082650      38.43     1691        29872910.000000 -63142.000000 -0.21       1.437800    0.007700    0.54        58.98       41.02       1.582500    -0.011500   -0.72       61.28       38.72       1.223700    0.007900    0.65        55.03       44.97
2026-05-26 16:00:00 UTCALLOUSDT    0.082210      35.16     1857        29738308.000000 -134602.000000-0.45       1.434900    -0.002900   -0.20       58.93       41.07       1.573200    -0.009300   -0.59       61.14       38.86       1.211900    -0.011800   -0.96       54.79       45.21
2026-05-26 16:15:00 UTCALLOUSDT    0.082380      37.38     1008        29660400.000000 -77908.000000 -0.26       1.427200    -0.007700   -0.54       58.80       41.20       1.569800    -0.003400   -0.22       61.09       38.91       1.199700    -0.012200   -1.01       54.54       45.46
2026-05-26 16:30:00 UTCALLOUSDT    0.082460      38.44     1236        29718876.000000 58476.000000  0.20        1.422500    -0.004700   -0.33       58.72       41.28       1.570400    0.000600    0.04        61.10       38.90       1.188700    -0.011000   -0.92       54.31       45.69
2026-05-26 16:45:00 UTCALLOUSDT    0.082420      38.09     1091        29812753.000000 93877.000000  0.32        1.416000    -0.006500   -0.46       58.61       41.39       1.574600    0.004200    0.27        61.16       38.84       1.183900    -0.004800   -0.40       54.21       45.79
2026-05-26 17:00:00 UTCALLOUSDT    0.084120      56.29     4809        29823845.000000 11092.000000  0.04        1.412000    -0.004000   -0.28       58.54       41.46       1.575800    0.001200    0.08        61.18       38.82       1.179600    -0.004300   -0.36       54.12       45.88
2026-05-26 17:15:00 UTCALLOUSDT    0.082100      40.91     2760        30875207.000000 1051362.0000003.53        1.340800    -0.071200   -5.04       57.28       42.72       1.606500    0.030700    1.95        61.63       38.37       1.108800    -0.070800   -6.00       52.58       47.42
2026-05-26 17:30:00 UTCALLOUSDT    0.082210      41.84     4923        30889807.000000 14600.000000  0.05        1.337500    -0.003300   -0.25       57.22       42.78       1.607200    0.000700    0.04        61.65       38.35       1.117700    0.008900    0.80        52.78       47.22
2026-05-26 17:45:00 UTCALLOUSDT    0.083060      48.59     2487        31252373.000000 362566.000000 1.17        1.321300    -0.016200   -1.21       56.92       43.08       1.629200    0.022000    1.37        61.97       38.03       1.100400    -0.017300   -1.55       52.39       47.61
2026-05-26 18:00:00 UTCALLOUSDT    0.085190      60.85     3199        31428857.000000 176484.000000 0.56        1.295200    -0.026100   -1.98       56.43       43.57       1.642400    0.013200    0.81        62.16       37.84       1.077300    -0.023100   -2.10       51.86       48.14
2026-05-26 18:15:00 UTCALLOUSDT    0.084210      54.42     4048        31499390.000000 70533.000000  0.22        1.307900    0.012700    0.98        56.67       43.33       1.639600    -0.002800   -0.17       62.12       37.88       1.092900    0.015600    1.45        52.22       47.78
2026-05-26 18:30:00 UTCALLOUSDT    0.082870      47.09     2887        31612129.000000 112739.000000 0.36        1.310000    0.002100    0.16        56.71       43.29       1.646000    0.006400    0.39        62.21       37.79       1.111900    0.019000    1.74        52.65       47.35
2026-05-26 18:45:00 UTCALLOUSDT    0.082900      47.26     1404        31543166.000000 -68963.000000 -0.22       1.331500    0.021500    1.64        57.11       42.89       1.666200    0.020200    1.23        62.49       37.51       1.130400    0.018500    1.66        53.06       46.94
2026-05-26 19:00:00 UTCALLOUSDT    0.082650      45.93     1642        31514493.000000 -28673.000000 -0.09       1.332100    0.000600    0.05        57.12       42.88       1.671400    0.005200    0.31        62.57       37.43       1.132200    0.001800    0.16        53.10       46.90
2026-05-26 19:15:00 UTCALLOUSDT    0.082600      45.65     1114        31450360.000000 -64133.000000 -0.20       1.333200    0.001100    0.08        57.14       42.86       1.668100    -0.003300   -0.20       62.52       37.48       1.136300    0.004100    0.36        53.19       46.81
2026-05-26 19:30:00 UTCALLOUSDT    0.083170      49.40     1297        31462298.000000 11938.000000  0.04        1.331500    -0.001700   -0.13       57.11       42.89       1.670500    0.002400    0.14        62.55       37.45       1.132700    -0.003600   -0.32       53.11       46.89
2026-05-26 19:45:00 UTCALLOUSDT    0.083250      49.93     892         31453197.000000 -9101.000000  -0.03       1.333700    0.002200    0.17        57.15       42.85       1.671200    0.000700    0.04        62.56       37.44       1.128600    -0.004100   -0.36       53.02       46.98
2026-05-26 20:00:00 UTCALLOUSDT    0.083600      52.25     1875        31470399.000000 17202.000000  0.05        1.338600    0.004900    0.37        57.24       42.76       1.673800    0.002600    0.16        62.60       37.40       1.118600    -0.010000   -0.89       52.80       47.20
2026-05-26 20:15:00 UTCALLOUSDT    0.083470      51.30     1020        31469023.000000 -1376.000000  -0.00       1.328800    -0.009800   -0.73       57.06       42.94       1.679800    0.006000    0.36        62.68       37.32       1.108800    -0.009800   -0.88       52.58       47.42
2026-05-26 20:30:00 UTCALLOUSDT    0.083020      48.03     1345        31431544.000000 -37479.000000 -0.12       1.328800    0.000000    0.00        57.06       42.94       1.682500    0.002700    0.16        62.72       37.28       1.116000    0.007200    0.65        52.74       47.26
2026-05-26 20:45:00 UTCALLOUSDT    0.082960      47.60     836         31309173.000000 -122371.000000-0.39       1.348500    0.019700    1.48        57.42       42.58       1.684500    0.002000    0.12        62.75       37.25       1.122700    0.006700    0.60        52.89       47.11
2026-05-26 21:00:00 UTCALLOUSDT    0.083020      48.11     1536        31280660.000000 -28513.000000 -0.09       1.346900    -0.001600   -0.12       57.39       42.61       1.688600    0.004100    0.24        62.81       37.19       1.120900    -0.001800   -0.16       52.85       47.15
2026-05-26 21:15:00 UTCALLOUSDT    0.083540      52.40     690         31247399.000000 -33261.000000 -0.11       1.341400    -0.005500   -0.41       57.29       42.71       1.701700    0.013100    0.78        62.99       37.01       1.116400    -0.004500   -0.40       52.75       47.25
2026-05-26 21:30:00 UTCALLOUSDT    0.084270      57.68     560         31292700.000000 45301.000000  0.14        1.351300    0.009900    0.74        57.47       42.53       1.700700    -0.001000   -0.06       62.97       37.03       1.121300    0.004900    0.44        52.86       47.14
2026-05-26 21:45:00 UTCALLOUSDT    0.083890      54.30     1409        31359035.000000 66335.000000  0.21        1.340300    -0.011000   -0.81       57.27       42.73       1.702700    0.002000    0.12        63.00       37.00       1.111500    -0.009800   -0.87       52.64       47.36
2026-05-26 22:00:00 UTCALLOUSDT    0.083430      50.45     1919        31392753.000000 33718.000000  0.11        1.339700    -0.000600   -0.04       57.26       42.74       1.707200    0.004500    0.26        63.06       36.94       1.111000    -0.000500   -0.04       52.63       47.37
2026-05-26 22:15:00 UTCALLOUSDT    0.083700      52.57     974         31296098.000000 -96655.000000 -0.31       1.354000    0.014300    1.07        57.52       42.48       1.701400    -0.005800   -0.34       62.98       37.02       1.138100    0.027100    2.44        53.23       46.77
2026-05-26 22:30:00 UTCALLOUSDT    0.083430      50.25     1154        31289737.000000 -6361.000000  -0.02       1.354000    0.000000    0.00        57.52       42.48       1.707200    0.005800    0.34        63.06       36.94       1.129000    -0.009100   -0.80       53.03       46.97
2026-05-26 22:45:00 UTCALLOUSDT    0.083280      48.96     1374        31299235.000000 9498.000000   0.03        1.348500    -0.005500   -0.41       57.42       42.58       1.713700    0.006500    0.38        63.15       36.85       1.125900    -0.003100   -0.27       52.96       47.04
2026-05-26 23:00:00 UTCALLOUSDT    0.083580      51.64     1046        31378357.000000 79122.000000  0.25        1.343000    -0.005500   -0.41       57.32       42.68       1.716800    0.003100    0.18        63.19       36.81       1.137200    0.011300    1.00        53.21       46.79
2026-05-26 23:15:00 UTCALLOUSDT    0.083620      52.00     916         31434897.000000 56540.000000  0.18        1.334800    -0.008200   -0.61       57.17       42.83       1.722000    0.005200    0.30        63.26       36.74       1.129000    -0.008200   -0.72       53.03       46.97
2026-05-26 23:30:00 UTCALLOUSDT    0.083650      52.29     722         31448266.000000 13369.000000  0.04        1.332600    -0.002200   -0.16       57.13       42.87       1.725900    0.003900    0.23        63.32       36.68       1.124000    -0.005000   -0.44       52.92       47.08
2026-05-26 23:45:00 UTCALLOUSDT    0.084000      55.64     1009        31471357.000000 23091.000000  0.07        1.331500    -0.001100   -0.08       57.11       42.89       1.728500    0.002600    0.15        63.35       36.65       1.129500    0.005500    0.49        53.04       46.96
2026-05-27 00:00:00 UTCALLOUSDT    0.084380      59.01     1518        31483677.000000 12320.000000  0.04        1.327700    -0.003800   -0.29       57.04       42.96       1.754900    0.026400    1.53        63.70       36.30       1.120400    -0.009100   -0.81       52.84       47.16
2026-05-27 00:15:00 UTCALLOUSDT    0.084350      58.63     949         31531687.000000 48010.000000  0.15        1.331000    0.003300    0.25        57.10       42.90       1.758800    0.003900    0.22        63.75       36.25       1.112800    -0.007600   -0.68       52.67       47.33
2026-05-27 00:30:00 UTCALLOUSDT    0.084340      58.50     907         31554246.000000 22559.000000  0.07        1.324000    -0.007000   -0.53       56.97       43.03       1.761500    0.002700    0.15        63.79       36.21       1.103500    -0.009300   -0.84       52.46       47.54
2026-05-27 00:45:00 UTCALLOUSDT    0.084750      62.32     962         31560187.000000 5941.000000   0.02        1.342500    0.018500    1.40        57.31       42.69       1.765800    0.004300    0.24        63.84       36.16       1.112800    0.009300    0.84        52.67       47.33
2026-05-27 01:00:00 UTCALLOUSDT    0.084700      61.58     1104        31643005.000000 82818.000000  0.26        1.354600    0.012100    0.90        57.53       42.47       1.765500    -0.000300   -0.02       63.84       36.16       1.122200    0.009400    0.84        52.88       47.12
2026-05-27 01:15:00 UTCALLOUSDT    0.084270      55.44     862         31638397.000000 -4608.000000  -0.01       1.347400    -0.007200   -0.53       57.40       42.60       1.769900    0.004400    0.25        63.90       36.10       1.120400    -0.001800   -0.16       52.84       47.16
2026-05-27 01:30:00 UTCALLOUSDT    0.084410      56.94     1620        31600266.000000 -38131.000000 -0.12       1.351300    0.003900    0.29        57.47       42.53       1.768200    -0.001700   -0.10       63.88       36.12       1.122700    0.002300    0.21        52.89       47.11
2026-05-27 01:45:00 UTCALLOUSDT    0.084520      58.14     1348        31641931.000000 41665.000000  0.13        1.384400    0.033100    2.45        58.06       41.94       1.771800    0.003600    0.20        63.92       36.08       1.134000    0.011300    1.01        53.14       46.86
2026-05-27 02:00:00 UTCALLOUSDT    0.084650      59.57     2121        31624968.000000 -16963.000000 -0.05       1.362900    -0.021500   -1.55       57.68       42.32       1.789800    0.018000    1.02        64.16       35.84       1.133100    -0.000900   -0.08       53.12       46.88
2026-05-27 02:15:00 UTCALLOUSDT    0.084380      55.34     1652        31617417.000000 -7551.000000  -0.02       1.356300    -0.006600   -0.48       57.56       42.44       1.792400    0.002600    0.15        64.19       35.81       1.101700    -0.031400   -2.77       52.42       47.58
2026-05-27 02:30:00 UTCALLOUSDT    0.084650      58.51     986         31623054.000000 5637.000000   0.02        1.356300    0.000000    0.00        57.56       42.44       1.798800    0.006400    0.36        64.27       35.73       1.103500    0.001800    0.16        52.46       47.54
2026-05-27 02:45:00 UTCALLOUSDT    0.084630      58.18     1801        31612989.000000 -10065.000000 -0.03       1.366900    0.010600    0.78        57.75       42.25       1.799400    0.000600    0.03        64.28       35.72       1.108800    0.005300    0.48        52.58       47.42
2026-05-27 03:00:00 UTCALLOUSDT    0.084370      53.93     1671        31659503.000000 46514.000000  0.15        1.362900    -0.004000   -0.29       57.68       42.32       1.801300    0.001900    0.11        64.30       35.70       1.131700    0.022900    2.07        53.09       46.91
2026-05-27 03:15:00 UTCALLOUSDT    0.085110      62.36     1428        31672973.000000 13470.000000  0.04        1.360700    -0.002200   -0.16       57.64       42.36       1.802100    0.000800    0.04        64.31       35.69       1.137200    0.005500    0.49        53.21       46.79
2026-05-27 03:30:00 UTCALLOUSDT    0.085340      64.53     2094        31696396.000000 23423.000000  0.07        1.359600    -0.001100   -0.08       57.62       42.38       1.803700    0.001600    0.09        64.33       35.67       1.132700    -0.004500   -0.40       53.11       46.89
2026-05-27 03:45:00 UTCALLOUSDT    0.084670      54.64     2634        31830311.000000 133915.000000 0.42        1.355700    -0.003900   -0.29       57.55       42.45       1.816700    0.013000    0.72        64.50       35.50       1.119500    -0.013200   -1.17       52.82       47.18
2026-05-27 04:00:00 UTCALLOUSDT    0.085180      59.70     2027        31738143.000000 -92168.000000 -0.29       1.371400    0.015700    1.16        57.83       42.17       1.811400    -0.005300   -0.29       64.43       35.57       1.141800    0.022300    1.99        53.31       46.69
2026-05-27 04:15:00 UTCALLOUSDT    0.084830      55.15     1646        31802112.000000 63969.000000  0.20        1.370200    -0.001200   -0.09       57.81       42.19       1.839900    0.028500    1.57        64.79       35.21       1.132700    -0.009100   -0.80       53.11       46.89
2026-05-27 04:30:00 UTCALLOUSDT    0.084190      47.96     2848        31722126.000000 -79986.000000 -0.25       1.373000    0.002800    0.20        57.86       42.14       1.843600    0.003700    0.20        64.83       35.17       1.141300    0.008600    0.76        53.30       46.70
2026-05-27 04:45:00 UTCALLOUSDT    0.085460      59.31     1387        31589721.000000 -132405.000000-0.42       1.371900    -0.001100   -0.08       57.84       42.16       1.835700    -0.007900   -0.43       64.74       35.26       1.153300    0.012000    1.05        53.56       46.44
2026-05-27 05:00:00 UTCALLOUSDT    0.084940      54.10     1466        31596678.000000 6957.000000   0.02        1.374200    0.002300    0.17        57.88       42.12       1.835400    -0.000300   -0.02       64.73       35.27       1.160300    0.007000    0.61        53.71       46.29
2026-05-27 05:15:00 UTCALLOUSDT    0.085400      57.64     1212        31601932.000000 5254.000000   0.02        1.376400    0.002200    0.16        57.92       42.08       1.833700    -0.001700   -0.09       64.71       35.29       1.154200    -0.006100   -0.53       53.58       46.42
2026-05-27 05:30:00 UTCALLOUSDT    0.085180      55.44     1894        31626070.000000 24138.000000  0.08        1.368500    -0.007900   -0.57       57.78       42.22       1.836600    0.002900    0.16        64.75       35.25       1.144500    -0.009700   -0.84       53.37       46.63
2026-05-27 05:45:00 UTCALLOUSDT    0.085570      58.47     1107        31649164.000000 23094.000000  0.07        1.339700    -0.028800   -2.10       57.26       42.74       1.833700    -0.002900   -0.16       64.71       35.29       1.115100    -0.029400   -2.57       52.72       47.28
2026-05-27 06:00:00 UTCALLOUSDT    0.086100      62.23     1308        31680132.000000 30968.000000  0.10        1.350200    0.010500    0.78        57.45       42.55       1.831200    -0.002500   -0.14       64.68       35.32       1.123100    0.008000    0.72        52.90       47.10
2026-05-27 06:15:00 UTCALLOUSDT    0.087160      68.39     1670        31725531.000000 45399.000000  0.14        1.325000    -0.025200   -1.87       56.99       43.01       1.831800    0.000600    0.03        64.69       35.31       1.106600    -0.016500   -1.47       52.53       47.47
2026-05-27 06:30:00 UTCALLOUSDT    0.087300      69.11     4172        31837369.000000 111838.000000 0.35        1.324500    -0.000500   -0.04       56.98       43.02       1.834900    0.003100    0.17        64.73       35.27       1.102600    -0.004000   -0.36       52.44       47.56
2026-05-27 06:45:00 UTCALLOUSDT    0.087300      69.11     2023        31985848.000000 148479.000000 0.47        1.349100    0.024600    1.86        57.43       42.57       1.847200    0.012300    0.67        64.88       35.12       1.122700    0.020100    1.82        52.89       47.11
2026-05-27 07:00:00 UTCALLOUSDT    0.086510      60.18     2864        32047049.000000 61201.000000  0.19        1.360200    0.011100    0.82        57.63       42.37       1.854100    0.006900    0.37        64.96       35.04       1.129000    0.006300    0.56        53.03       46.97
2026-05-27 07:15:00 UTCALLOUSDT    0.086830      62.30     1508        32103966.000000 56917.000000  0.18        1.392900    0.032700    2.40        58.21       41.79       1.859100    0.005000    0.27        65.02       34.98       1.147800    0.018800    1.67        53.44       46.56
2026-05-27 07:30:00 UTCALLOUSDT    0.086940      63.03     1566        32087015.000000 -16951.000000 -0.05       1.395800    0.002900    0.21        58.26       41.74       1.865700    0.006600    0.36        65.10       34.90       1.153800    0.006000    0.52        53.57       46.43
2026-05-27 07:45:00 UTCALLOUSDT    0.086390      57.08     2073        32083603.000000 -3412.000000  -0.01       1.401000    0.005200    0.37        58.35       41.65       1.860900    -0.004800   -0.26       65.05       34.95       1.157500    0.003700    0.32        53.65       46.35
2026-05-27 08:00:00 UTCALLOUSDT    0.086620      58.83     2257        32019389.000000 -64214.000000 -0.20       1.411400    0.010400    0.74        58.53       41.47       1.869200    0.008300    0.45        65.15       34.85       1.150500    -0.007000   -0.60       53.50       46.50
2026-05-27 08:15:00 UTCALLOUSDT    0.087020      61.75     1439        31995588.000000 -23801.000000 -0.07       1.419500    0.008100    0.57        58.67       41.33       1.853500    -0.015700   -0.84       64.95       35.05       1.188200    0.037700    3.28        54.30       45.70
2026-05-27 08:30:00 UTCALLOUSDT    0.087270      63.50     1488        32008926.000000 13338.000000  0.04        1.414300    -0.005200   -0.37       58.58       41.42       1.852700    -0.000800   -0.04       64.95       35.05       1.177200    -0.011000   -0.93       54.07       45.93
2026-05-27 08:45:00 UTCALLOUSDT    0.087280      63.57     2678        32057835.000000 48909.000000  0.15        1.384900    -0.029400   -2.08       58.07       41.93       1.847400    -0.005300   -0.29       64.88       35.12       1.155200    -0.022000   -1.87       53.60       46.40
2026-05-27 09:00:00 UTCALLOUSDT    0.087660      66.27     2257        32142806.000000 84971.000000  0.27        1.373000    -0.011900   -0.86       57.86       42.14       1.843200    -0.004200   -0.23       64.83       35.17       1.154200    -0.001000   -0.09       53.58       46.42
2026-05-27 09:15:00 UTCALLOUSDT    0.088330      70.44     3011        32171122.000000 28316.000000  0.09        1.383200    0.010200    0.74        58.04       41.96       1.840300    -0.002900   -0.16       64.79       35.21       1.171600    0.017400    1.51        53.95       46.05
2026-05-27 09:30:00 UTCALLOUSDT    0.088600      71.95     3512        32148973.000000 -22149.000000 -0.07       1.366900    -0.016300   -1.18       57.75       42.25       1.837500    -0.002800   -0.15       64.76       35.24       1.153300    -0.018300   -1.56       53.56       46.44
2026-05-27 09:45:00 UTCALLOUSDT    0.088830      73.20     3109        31936806.000000 -212167.000000-0.66       1.420100    0.053200    3.89        58.68       41.32       1.790500    -0.047000   -2.56       64.16       35.84       1.169200    0.015900    1.38        53.90       46.10
2026-05-27 10:00:00 UTCALLOUSDT    0.089460      76.32     4075        31845230.000000 -91576.000000 -0.29       1.407300    -0.012800   -0.90       58.46       41.54       1.782700    -0.007800   -0.44       64.06       35.94       1.175300    0.006100    0.52        54.03       45.97
2026-05-27 10:15:00 UTCALLOUSDT    0.089920      78.30     3599        31860090.000000 14860.000000  0.05        1.433100    0.025800    1.83        58.90       41.10       1.767600    -0.015100   -0.85       63.87       36.13       1.181500    0.006200    0.53        54.16       45.84
2026-05-27 10:30:00 UTCALLOUSDT    0.089350      70.43     3835        32141387.000000 281297.000000 0.88        1.434900    0.001800    0.13        58.93       41.07       1.769500    0.001900    0.11        63.89       36.11       1.190100    0.008600    0.73        54.34       45.66
2026-05-27 10:45:00 UTCALLOUSDT    0.089240      68.98     3200        32044067.000000 -97320.000000 -0.30       1.394100    -0.040800   -2.84       58.23       41.77       1.783700    0.014200    0.80        64.08       35.92       1.186300    -0.003800   -0.32       54.26       45.74
2026-05-27 11:00:00 UTCALLOUSDT    0.090590      75.59     3593        31979000.000000 -65067.000000 -0.20       1.390600    -0.003500   -0.25       58.17       41.83       1.777900    -0.005800   -0.33       64.00       36.00       1.183400    -0.002900   -0.24       54.20       45.80
2026-05-27 11:15:00 UTCALLOUSDT    0.091210      77.92     3964        32008246.000000 29246.000000  0.09        1.379300    -0.011300   -0.81       57.97       42.03       1.766800    -0.011100   -0.62       63.86       36.14       1.171600    -0.011800   -1.00       53.95       46.05
2026-05-27 11:30:00 UTCALLOUSDT    0.091470      78.83     2695        32293818.000000 285572.000000 0.89        1.363500    -0.015800   -1.15       57.69       42.31       1.766200    -0.000600   -0.03       63.85       36.15       1.171100    -0.000500   -0.04       53.94       46.06
2026-05-27 11:45:00 UTCALLOUSDT    0.091300      76.60     5238        32244872.000000 -48946.000000 -0.15       1.349600    -0.013900   -1.02       57.44       42.56       1.768700    0.002500    0.14        63.88       36.12       1.161200    -0.009900   -0.85       53.73       46.27
2026-05-27 12:00:00 UTCALLOUSDT    0.091250      75.92     5029        31832063.000000 -412809.000000-1.28       1.389500    0.039900    2.96        58.15       41.85       1.764500    -0.004200   -0.24       63.83       36.17       1.184400    0.023200    2.00        54.22       45.78
2026-05-27 12:15:00 UTCALLOUSDT    0.093740      83.68     7320        31694101.000000 -137962.000000-0.43       1.380400    -0.009100   -0.65       57.99       42.01       1.762300    -0.002200   -0.12       63.80       36.20       1.189100    0.004700    0.40        54.32       45.68
2026-05-27 12:30:00 UTCALLOUSDT    0.093080      76.63     7903        31752521.000000 58420.000000  0.18        1.343600    -0.036800   -2.67       57.33       42.67       1.730200    -0.032100   -1.82       63.37       36.63       1.168700    -0.020400   -1.72       53.89       46.11
2026-05-27 12:45:00 UTCALLOUSDT    0.091450      62.61     7720        31347600.000000 -404921.000000-1.28       1.317500    -0.026100   -1.94       56.85       43.15       1.709400    -0.020800   -1.20       63.09       36.91       1.140000    -0.028700   -2.46       53.27       46.73
2026-05-27 13:00:00 UTCALLOUSDT    0.090920      58.84     5431        31143841.000000 -203759.000000-0.65       1.366900    0.049400    3.75        57.75       42.25       1.743800    0.034400    2.01        63.55       36.45       1.202600    0.062600    5.49        54.60       45.40
2026-05-27 13:15:00 UTCALLOUSDT    0.090070      53.29     4873        31338866.000000 195025.000000 0.63        1.376400    0.009500    0.70        57.92       42.08       1.789800    0.046000    2.64        64.15       35.85       1.205100    0.002500    0.21        54.65       45.35
2026-05-27 13:30:00 UTCALLOUSDT    0.090350      54.80     6119        31200541.000000 -138325.000000-0.44       1.388900    0.012500    0.91        58.14       41.86       1.783000    -0.006800   -0.38       64.07       35.93       1.217300    0.012200    1.01        54.90       45.10
2026-05-27 13:45:00 UTCALLOUSDT    0.091450      60.24     4300        31523709.000000 323168.000000 1.04        1.403800    0.014900    1.07        58.40       41.60       1.749800    -0.033200   -1.86       63.63       36.37       1.222200    0.004900    0.40        55.00       45.00
2026-05-27 14:00:00 UTCALLOUSDT    0.090990      57.15     4592        31208830.000000 -314879.000000-1.00       1.390100    -0.013700   -0.98       58.16       41.84       1.807100    0.057300    3.27        64.38       35.62       1.198300    -0.023900   -1.96       54.51       45.49
2026-05-27 14:15:00 UTCALLOUSDT    0.090080      51.50     3210        31497446.000000 288616.000000 0.92        1.391800    0.001700    0.12        58.19       41.81       1.777400    -0.029700   -1.64       64.00       36.00       1.212400    0.014100    1.18        54.80       45.20
2026-05-27 14:30:00 UTCALLOUSDT    0.089630      48.93     5503        31252884.000000 -244562.000000-0.78       1.416600    0.024800    1.78        58.62       41.38       1.777600    0.000200    0.01        64.00       36.00       1.225200    0.012800    1.06        55.06       44.94
2026-05-27 14:45:00 UTCALLOUSDT    0.090760      55.01     2455        30992961.000000 -259923.000000-0.83       1.427800    0.011200    0.79        58.81       41.19       1.785300    0.007700    0.43        64.10       35.90       1.252300    0.027100    2.21        55.60       44.40
2026-05-27 15:00:00 UTCALLOUSDT    0.090680      54.51     2900        31034460.000000 41499.000000  0.13        1.425400    -0.002400   -0.17       58.77       41.23       1.805400    0.020100    1.13        64.35       35.65       1.232100    -0.020200   -1.61       55.20       44.80
2026-05-27 15:15:00 UTCALLOUSDT    0.089760      49.05     2289        31085543.000000 51083.000000  0.16        1.413700    -0.011700   -0.82       58.57       41.43       1.821300    0.015900    0.88        64.55       35.45       1.233100    0.001000    0.08        55.22       44.78
2026-05-27 15:30:00 UTCALLOUSDT    0.089490      47.55     2414        31141607.000000 56064.000000  0.18        1.414300    0.000600    0.04        58.58       41.42       1.814600    -0.006700   -0.37       64.47       35.53       1.232600    -0.000500   -0.04       55.21       44.79
2026-05-27 15:45:00 UTCALLOUSDT    0.089620      48.37     2520        31203095.000000 61488.000000  0.20        1.424200    0.009900    0.70        58.75       41.25       1.820300    0.005700    0.31        64.54       35.46       1.237600    0.005000    0.41        55.31       44.69
2026-05-27 16:00:00 UTCALLOUSDT    0.089760      49.29     2382        31370977.000000 167882.000000 0.54        1.435500    0.011300    0.79        58.94       41.06       1.821400    0.001100    0.06        64.56       35.44       1.236600    -0.001000   -0.08       55.29       44.71
2026-05-27 16:15:00 UTCALLOUSDT    0.089830      49.77     2964        31480686.000000 109709.000000 0.35        1.433700    -0.001800   -0.13       58.91       41.09       1.821500    0.000100    0.01        64.56       35.44       1.237600    0.001000    0.08        55.31       44.69
2026-05-27 16:30:00 UTCALLOUSDT    0.091110      57.70     6608        31539865.000000 59179.000000  0.19        1.429000    -0.004700   -0.33       58.83       41.17       1.807200    -0.014300   -0.79       64.38       35.62       1.212400    -0.025200   -2.04       54.80       45.20
2026-05-27 16:45:00 UTCALLOUSDT    0.090770      55.21     4787        31468730.000000 -71135.000000 -0.23       1.401000    -0.028000   -1.96       58.35       41.65       1.760900    -0.046300   -2.56       63.78       36.22       1.204100    -0.008300   -0.68       54.63       45.37
2026-05-27 17:00:00 UTCALLOUSDT    0.088840      43.67     5904        31308556.000000 -160174.000000-0.51       1.413700    0.012700    0.91        58.57       41.43       1.747400    -0.013500   -0.77       63.60       36.40       1.218300    0.014200    1.18        54.92       45.08
2026-05-27 17:15:00 UTCALLOUSDT    0.089830      49.50     2377        31924167.000000 615611.000000 1.97        1.447400    0.033700    2.38        59.14       40.86       1.748700    0.001300    0.07        63.62       36.38       1.293600    0.075300    6.18        56.40       43.60
2026-05-27 17:30:00 UTCALLOUSDT    0.089750      49.06     2741        31901398.000000 -22769.000000 -0.07       1.439000    -0.008400   -0.58       59.00       41.00       1.747500    -0.001200   -0.07       63.60       36.40       1.278400    -0.015200   -1.18       56.11       43.89
2026-05-27 17:45:00 UTCALLOUSDT    0.089550      47.91     2262        31743671.000000 -157727.000000-0.49       1.437200    -0.001800   -0.13       58.97       41.03       1.728600    -0.018900   -1.08       63.35       36.65       1.262400    -0.016000   -1.25       55.80       44.20
2026-05-27 18:00:00 UTCALLOUSDT    0.090260      52.20     2378        31630332.000000 -113339.000000-0.36       1.451600    0.014400    1.00        59.21       40.79       1.717400    -0.011200   -0.65       63.20       36.80       1.284700    0.022300    1.77        56.23       43.77
2026-05-27 18:15:00 UTCALLOUSDT    0.090580      54.03     2183        31462444.000000 -167888.000000-0.53       1.460000    0.008400    0.58        59.35       40.65       1.730700    0.013300    0.77        63.38       36.62       1.288300    0.003600    0.28        56.30       43.70
2026-05-27 18:30:00 UTCALLOUSDT    0.090950      56.13     2262        31372711.000000 -89733.000000 -0.29       1.458800    -0.001200   -0.08       59.33       40.67       1.741300    0.010600    0.61        63.52       36.48       1.279500    -0.008800   -0.68       56.13       43.87
2026-05-27 18:45:00 UTCALLOUSDT    0.091510      59.17     2012        31278577.000000 -94134.000000 -0.30       1.463100    0.004300    0.29        59.40       40.60       1.750700    0.009400    0.54        63.65       36.35       1.279500    0.000000    0.00        56.13       43.87
2026-05-27 19:00:00 UTCALLOUSDT    0.090400      51.55     2281        31267840.000000 -10737.000000 -0.03       1.460600    -0.002500   -0.17       59.36       40.64       1.751600    0.000900    0.05        63.66       36.34       1.286800    0.007300    0.57        56.27       43.73
2026-05-27 19:15:00 UTCALLOUSDT    0.091510      57.45     2011        30986786.000000 -281054.000000-0.90       1.491300    0.030700    2.10        59.86       40.14       1.747200    -0.004400   -0.25       63.60       36.40       1.297800    0.011000    0.85        56.48       43.52
2026-05-27 19:30:00 UTCALLOUSDT    0.092130      60.36     3568        31009988.000000 23202.000000  0.07        1.454600    -0.036700   -2.46       59.26       40.74       1.747100    -0.000100   -0.01       63.60       36.40       1.272200    -0.025600   -1.97       55.99       44.01
2026-05-27 19:45:00 UTCALLOUSDT    0.091540      56.41     1831        31048551.000000 38563.000000  0.12        1.429500    -0.025100   -1.73       58.84       41.16       1.748200    0.001100    0.06        63.61       36.39       1.249700    -0.022500   -1.77       55.55       44.45
2026-05-27 20:00:00 UTCALLOUSDT    0.092690      61.67     2878        30961024.000000 -87527.000000 -0.28       1.437200    0.007700    0.54        58.97       41.03       1.735200    -0.013000   -0.74       63.44       36.56       1.259400    0.009700    0.78        55.74       44.26
2026-05-27 20:15:00 UTCALLOUSDT    0.092220      58.56     1743        31046861.000000 85837.000000  0.28        1.401500    -0.035700   -2.48       58.36       41.64       1.761100    0.025900    1.49        63.78       36.22       1.247700    -0.011700   -0.93       55.51       44.49
2026-05-27 20:30:00 UTCALLOUSDT    0.092000      57.11     1730        30952392.000000 -94469.000000 -0.30       1.389500    -0.012000   -0.86       58.15       41.85       1.750300    -0.010800   -0.61       63.64       36.36       1.237600    -0.010100   -0.81       55.31       44.69
2026-05-27 20:45:00 UTCALLOUSDT    0.092640      60.20     6253        30869790.000000 -82602.000000 -0.27       1.381500    -0.008000   -0.58       58.01       41.99       1.756100    0.005800    0.33        63.72       36.28       1.239600    0.002000    0.16        55.35       44.65
2026-05-27 21:00:00 UTCALLOUSDT    0.092100      56.50     3673        31154583.000000 284793.000000 0.92        1.398100    0.016600    1.20        58.30       41.70       1.735100    -0.021000   -1.20       63.44       36.56       1.249700    0.010100    0.81        55.55       44.45
2026-05-27 21:15:00 UTCALLOUSDT    0.091630      53.42     1467        31051710.000000 -102873.000000-0.33       1.410200    0.012100    0.87        58.51       41.49       1.732200    -0.002900   -0.17       63.40       36.60       1.276900    0.027200    2.18        56.08       43.92
2026-05-27 21:30:00 UTCALLOUSDT    0.089390      41.75     3624        30898729.000000 -152981.000000-0.49       1.429000    0.018800    1.33        58.83       41.17       1.756500    0.024300    1.40        63.72       36.28       1.280500    0.003600    0.28        56.15       43.85
2026-05-27 21:45:00 UTCALLOUSDT    0.089900      44.71     4683        30838458.000000 -60271.000000 -0.20       1.475200    0.046200    3.23        59.60       40.40       1.746600    -0.009900   -0.56       63.59       36.41       1.325600    0.045100    3.52        57.00       43.00
2026-05-27 22:00:00 UTCALLOUSDT    0.090180      46.32     3318        30645344.000000 -193114.000000-0.63       1.440200    -0.035000   -2.37       59.02       40.98       1.797600    0.051000    2.92        64.25       35.75       1.281000    -0.044600   -3.36       56.16       43.84
2026-05-27 22:15:00 UTCALLOUSDT    0.091010      50.90     4213        30637319.000000 -8025.000000  -0.03       1.434900    -0.005300   -0.37       58.93       41.07       1.801400    0.003800    0.21        64.30       35.70       1.285700    0.004700    0.37        56.25       43.75
2026-05-27 22:30:00 UTCALLOUSDT    0.090450      47.93     2160        30727232.000000 89913.000000  0.29        1.412000    -0.022900   -1.60       58.54       41.46       1.792200    -0.009200   -0.51       64.19       35.81       1.280500    -0.005200   -0.40       56.15       43.85
2026-05-27 22:45:00 UTCALLOUSDT    0.089320      42.54     3795        30738413.000000 11181.000000  0.04        1.419000    0.007000    0.50        58.66       41.34       1.786000    -0.006200   -0.35       64.11       35.89       1.294600    0.014100    1.10        56.42       43.58
2026-05-27 23:00:00 UTCALLOUSDT    0.089640      44.44     2804        30709214.000000 -29199.000000 -0.09       1.421900    0.002900    0.20        58.71       41.29       1.784000    -0.002000   -0.11       64.08       35.92       1.263500    -0.031100   -2.40       55.82       44.18
2026-05-27 23:15:00 UTCALLOUSDT    0.090630      49.97     2923        30708448.000000 -766.000000   -0.00       1.419500    -0.002400   -0.17       58.67       41.33       1.780800    -0.003200   -0.18       64.04       35.96       1.247200    -0.016300   -1.29       55.50       44.50
2026-05-27 23:30:00 UTCALLOUSDT    0.090930      51.55     2714        30751228.000000 42780.000000  0.14        1.391800    -0.027700   -1.95       58.19       41.81       1.798700    0.017900    1.01        64.27       35.73       1.230200    -0.017000   -1.36       55.16       44.84
2026-05-27 23:45:00 UTCALLOUSDT    0.091540      54.67     2782        30870033.000000 118805.000000 0.39        1.359000    -0.032800   -2.36       57.61       42.39       1.785000    -0.013700   -0.76       64.09       35.91       1.209000    -0.021200   -1.72       54.73       45.27
2026-05-28 00:00:00 UTCALLOUSDT    0.091140      52.29     3774        31021226.000000 151193.000000 0.49        1.371400    0.012400    0.91        57.83       42.17       1.781000    -0.004000   -0.22       64.04       35.96       1.206000    -0.003000   -0.25       54.67       45.33
2026-05-28 00:15:00 UTCALLOUSDT    0.092120      57.20     2383        30972595.000000 -48631.000000 -0.16       1.377000    0.005600    0.41        57.93       42.07       1.785600    0.004600    0.26        64.10       35.90       1.217800    0.011800    0.98        54.91       45.09
2026-05-28 00:30:00 UTCALLOUSDT    0.092180      57.49     3144        30994745.000000 22150.000000  0.07        1.371900    -0.005100   -0.37       57.84       42.16       1.772600    -0.013000   -0.73       63.93       36.07       1.219800    0.002000    0.16        54.95       45.05
2026-05-28 00:45:00 UTCALLOUSDT    0.092300      58.10     2781        30954735.000000 -40010.000000 -0.13       1.365200    -0.006700   -0.49       57.72       42.28       1.763700    -0.008900   -0.50       63.82       36.18       1.221200    0.001400    0.11        54.98       45.02
2026-05-28 01:00:00 UTCALLOUSDT    0.092290      58.03     3668        31000413.000000 45678.000000  0.15        1.359600    -0.005600   -0.41       57.62       42.38       1.761800    -0.001900   -0.11       63.79       36.21       1.218800    -0.002400   -0.20       54.93       45.07
2026-05-28 01:15:00 UTCALLOUSDT    0.092060      56.24     3545        31118862.000000 118449.000000 0.38        1.349600    -0.010000   -0.74       57.44       42.56       1.776000    0.014200    0.81        63.98       36.02       1.213400    -0.005400   -0.44       54.82       45.18
2026-05-28 01:30:00 UTCALLOUSDT    0.091780      54.05     3099        30853298.000000 -265564.000000-0.85       1.377000    0.027400    2.03        57.93       42.07       1.779400    0.003400    0.19        64.02       35.98       1.235600    0.022200    1.83        55.27       44.73
2026-05-28 01:45:00 UTCALLOUSDT    0.092180      56.64     1670        30789224.000000 -64074.000000 -0.21       1.364100    -0.012900   -0.94       57.70       42.30       1.848600    0.069200    3.89        64.90       35.10       1.225200    -0.010400   -0.84       55.06       44.94
2026-05-28 02:00:00 UTCALLOUSDT    0.092230      56.97     2845        30755875.000000 -33349.000000 -0.11       1.360200    -0.003900   -0.29       57.63       42.37       1.840600    -0.008000   -0.43       64.80       35.20       1.219800    -0.005400   -0.44       54.95       45.05
2026-05-28 02:15:00 UTCALLOUSDT    0.091730      52.70     3248        30726718.000000 -29157.000000 -0.09       1.359000    -0.001200   -0.09       57.61       42.39       1.838400    -0.002200   -0.12       64.77       35.23       1.214800    -0.005000   -0.41       54.85       45.15
2026-05-28 02:30:00 UTCALLOUSDT    0.092570      58.35     2803        30692364.000000 -34354.000000 -0.11       1.338100    -0.020900   -1.54       57.23       42.77       1.848000    0.009600    0.52        64.89       35.11       1.182500    -0.032300   -2.66       54.18       45.82
2026-05-28 02:45:00 UTCALLOUSDT    0.093030      61.09     3521        30820277.000000 127913.000000 0.42        1.330500    -0.007600   -0.57       57.09       42.91       1.832100    -0.015900   -0.86       64.69       35.31       1.186300    0.003800    0.32        54.26       45.74
2026-05-28 03:00:00 UTCALLOUSDT    0.092850      59.44     2762        30828318.000000 8041.000000   0.03        1.312100    -0.018400   -1.38       56.75       43.25       1.821700    -0.010400   -0.57       64.56       35.44       1.171100    -0.015200   -1.28       53.94       46.06
2026-05-28 03:15:00 UTCALLOUSDT    0.091200      46.94     5516        30871013.000000 42695.000000  0.14        1.324000    0.011900    0.91        56.97       43.03       1.801500    -0.020200   -1.11       64.30       35.70       1.195400    0.024300    2.07        54.45       45.55
2026-05-28 03:30:00 UTCALLOUSDT    0.091140      46.55     7077        30514989.000000 -356024.000000-1.15       1.356300    0.032300    2.44        57.56       42.44       1.802800    0.001300    0.07        64.32       35.68       1.247200    0.051800    4.33        55.50       44.50
2026-05-28 03:45:00 UTCALLOUSDT    0.090290      41.39     4094        30408286.000000 -106703.000000-0.35       1.406200    0.049900    3.68        58.44       41.56       1.749900    -0.052900   -2.93       63.64       36.36       1.268100    0.020900    1.68        55.91       44.09
2026-05-28 04:00:00 UTCALLOUSDT    0.090660      44.29     4261        30245418.000000 -162868.000000-0.54       1.394100    -0.012100   -0.86       58.23       41.77       1.755200    0.005300    0.30        63.70       36.30       1.256800    -0.011300   -0.89       55.69       44.31
2026-05-28 04:15:00 UTCALLOUSDT    0.089120      36.26     6074        30128178.000000 -117240.000000-0.39       1.364600    -0.029500   -2.12       57.71       42.29       1.735200    -0.020000   -1.14       63.44       36.56       1.250200    -0.006600   -0.53       55.56       44.44
2026-05-28 04:30:00 UTCALLOUSDT    0.090330      44.74     3851        30314516.000000 186338.000000 0.62        1.395200    0.030600    2.24        58.25       41.75       1.742300    0.007100    0.41        63.53       36.47       1.260900    0.010700    0.86        55.77       44.23
2026-05-28 04:45:00 UTCALLOUSDT    0.090430      45.38     3601        30364480.000000 49964.000000  0.16        1.384900    -0.010300   -0.74       58.07       41.93       1.749100    0.006800    0.39        63.62       36.38       1.258400    -0.002500   -0.20       55.72       44.28
2026-05-28 05:00:00 UTCALLOUSDT    0.091220      50.33     5488        30364725.000000 245.000000    0.00        1.364100    -0.020800   -1.50       57.70       42.30       1.748200    -0.000900   -0.05       63.61       36.39       1.239100    -0.019300   -1.53       55.34       44.66
2026-05-28 05:15:00 UTCALLOUSDT    0.090710      47.35     5014        30936094.000000 571369.000000 1.88        1.343000    -0.021100   -1.55       57.32       42.68       1.797500    0.049300    2.82        64.25       35.75       1.203600    -0.035500   -2.86       54.62       45.38
2026-05-28 05:30:00 UTCALLOUSDT    0.090030      43.64     4949        31087445.000000 151351.000000 0.49        1.349100    0.006100    0.45        57.43       42.57       1.794900    -0.002600   -0.14       64.22       35.78       1.198800    -0.004800   -0.40       54.52       45.48
2026-05-28 05:45:00 UTCALLOUSDT    0.091150      50.51     12926       30857092.000000 -230353.000000-0.74       1.350700    0.001600    0.12        57.46       42.54       1.771900    -0.023000   -1.28       63.92       36.08       1.215800    0.017000    1.42        54.87       45.13
2026-05-28 06:00:00 UTCALLOUSDT    0.092150      55.71     7824        30830696.000000 -26396.000000 -0.09       1.310000    -0.040700   -3.01       56.71       43.29       1.749100    -0.022800   -1.29       63.62       36.38       1.133600    -0.082200   -6.76       53.13       46.87
2026-05-28 06:15:00 UTCALLOUSDT    0.093000      59.59     7065        30928377.000000 97681.000000  0.32        1.268100    -0.041900   -3.20       55.91       44.09       1.711900    -0.037200   -2.13       63.13       36.87       1.133600    0.000000    0.00        53.13       46.87
2026-05-28 06:30:00 UTCALLOUSDT    0.092120      54.29     7541        31115510.000000 187133.000000 0.61        1.260400    -0.007700   -0.61       55.76       44.24       1.708000    -0.003900   -0.23       63.07       36.93       1.139000    0.005400    0.48        53.25       46.75
2026-05-28 06:45:00 UTCALLOUSDT    0.091880      52.90     6074        30962525.000000 -152985.000000-0.49       1.267600    0.007200    0.57        55.90       44.10       1.676100    -0.031900   -1.87       62.63       37.37       1.187700    0.048700    4.28        54.29       45.71
2026-05-28 07:00:00 UTCALLOUSDT    0.092130      54.21     6399        31028139.000000 65614.000000  0.21        1.251200    -0.016400   -1.29       55.58       44.42       1.708000    0.031900    1.90        63.07       36.93       1.159800    -0.027900   -2.35       53.70       46.30
2026-05-28 07:15:00 UTCALLOUSDT    0.091270      49.15     5975        31173562.000000 145423.000000 0.47        1.250700    -0.000500   -0.04       55.57       44.43       1.675300    -0.032700   -1.91       62.62       37.38       1.163600    0.003800    0.33        53.78       46.22
2026-05-28 07:30:00 UTCALLOUSDT    0.092240      54.33     5028        31395115.000000 221553.000000 0.71        1.304100    0.053400    4.27        56.60       43.40       1.676700    0.001400    0.08        62.64       37.36       1.184400    0.020800    1.79        54.22       45.78
2026-05-28 07:45:00 UTCALLOUSDT    0.093030      58.08     5265        31580553.000000 185438.000000 0.59        1.320200    0.016100    1.23        56.90       43.10       1.694600    0.017900    1.07        62.89       37.11       1.187700    0.003300    0.28        54.29       45.71
2026-05-28 08:00:00 UTCALLOUSDT    0.091980      51.97     5405        31897488.000000 316935.000000 1.00        1.308900    -0.011300   -0.86       56.69       43.31       1.682000    -0.012600   -0.74       62.71       37.29       1.171600    -0.016100   -1.36       53.95       46.05
2026-05-28 08:15:00 UTCALLOUSDT    0.091310      48.47     4434        31918921.000000 21433.000000  0.07        1.326100    0.017200    1.31        57.01       42.99       1.665500    -0.016500   -0.98       62.48       37.52       1.200700    0.029100    2.48        54.56       45.44
2026-05-28 08:30:00 UTCALLOUSDT    0.090690      45.43     5655        32294769.000000 375848.000000 1.18        1.314300    -0.011800   -0.89       56.79       43.21       1.698500    0.033000    1.98        62.94       37.06       1.176800    -0.023900   -1.99       54.06       45.94
2026-05-28 08:45:00 UTCALLOUSDT    0.090450      44.27     3765        32718993.000000 424224.000000 1.31        1.307900    -0.006400   -0.49       56.67       43.33       1.693800    -0.004700   -0.28       62.88       37.12       1.195400    0.018600    1.58        54.45       45.55
2026-05-28 09:00:00 UTCALLOUSDT    0.090360      43.81     4097        32921237.000000 202244.000000 0.62        1.318000    0.010100    0.77        56.86       43.14       1.733800    0.040000    2.36        63.42       36.58       1.187700    -0.007700   -0.64       54.29       45.71
2026-05-28 09:15:00 UTCALLOUSDT    0.091820      52.32     5403        33154203.000000 232966.000000 0.71        1.309500    -0.008500   -0.64       56.70       43.30       1.726600    -0.007200   -0.42       63.32       36.68       1.182000    -0.005700   -0.48       54.17       45.83
2026-05-28 09:30:00 UTCALLOUSDT    0.092550      55.91     13745       33511516.000000 357313.000000 1.08        1.314300    0.004800    0.37        56.79       43.21       1.744100    0.017500    1.01        63.56       36.44       1.162600    -0.019400   -1.64       53.76       46.24
2026-05-28 09:45:00 UTCALLOUSDT    0.094530      63.87     12001       34033572.000000 522056.000000 1.56        1.301500    -0.012800   -0.97       56.55       43.45       1.722900    -0.021200   -1.22       63.27       36.73       1.130800    -0.031800   -2.74       53.07       46.93
2026-05-28 10:00:00 UTCALLOUSDT    0.095440      66.83     12473       34213103.000000 179531.000000 0.53        1.232600    -0.068900   -5.29       55.21       44.79       1.760900    0.038000    2.21        63.78       36.22       1.076000    -0.054800   -4.85       51.83       48.17
2026-05-28 10:15:00 UTCALLOUSDT    0.096600      70.19     9562        35368282.000000 1155179.0000003.38        1.181000    -0.051600   -4.19       54.15       45.85       1.718000    -0.042900   -2.44       63.21       36.79       1.076400    0.000400    0.04        51.84       48.16
2026-05-28 10:30:00 UTCALLOUSDT    0.095980      66.32     10507       36750387.000000 1382105.0000003.91        1.132700    -0.048300   -4.09       53.11       46.89       1.662300    -0.055700   -3.24       62.44       37.56       1.069100    -0.007300   -0.68       51.67       48.33
2026-05-28 10:45:00 UTCALLOUSDT    0.096400      67.62     10352       36935844.000000 185457.000000 0.50        1.096400    -0.036300   -3.20       52.30       47.70       1.661400    -0.000900   -0.05       62.43       37.57       1.055100    -0.014000   -1.31       51.34       48.66
2026-05-28 11:00:00 UTCALLOUSDT    0.097770      71.49     21113       38680219.000000 1744375.0000004.72        1.087700    -0.008700   -0.79       52.10       47.90       1.619700    -0.041700   -2.51       61.83       38.17       1.059300    0.004200    0.40        51.44       48.56
2026-05-28 11:15:00 UTCALLOUSDT    0.098230      72.67     9670        39197795.000000 517576.000000 1.34        1.078100    -0.009600   -0.88       51.88       48.12       1.522800    -0.096900   -5.98       60.36       39.64       1.059300    0.000000    0.00        51.44       48.56
2026-05-28 11:30:00 UTCALLOUSDT    0.098580      73.56     7411        39217518.000000 19723.000000  0.05        1.077300    -0.000800   -0.07       51.86       48.14       1.533300    0.010500    0.69        60.53       39.47       1.054200    -0.005100   -0.48       51.32       48.68
2026-05-28 11:45:00 UTCALLOUSDT    0.098950      74.52     11511       39417597.000000 200079.000000 0.51        1.069100    -0.008200   -0.76       51.67       48.33       1.522600    -0.010700   -0.70       60.36       39.64       1.041200    -0.013000   -1.23       51.01       48.99
2026-05-28 12:00:00 UTCALLOUSDT    0.099280      75.37     8419        39974127.000000 556530.000000 1.41        1.028800    -0.040300   -3.77       50.71       49.29       1.515600    -0.007000   -0.46       60.25       39.75       1.016100    -0.025100   -2.41       50.40       49.60
2026-05-28 12:15:00 UTCALLOUSDT    0.097970      65.95     14285       40126265.000000 152138.000000 0.38        1.005200    -0.023600   -2.29       50.13       49.87       1.501700    -0.013900   -0.92       60.03       39.97       1.006000    -0.010100   -0.99       50.15       49.85
2026-05-28 12:30:00 UTCALLOUSDT    0.099250      69.91     8053        39735100.000000 -391165.000000-0.97       1.010500    0.005300    0.53        50.26       49.74       1.533200    0.031500    2.10        60.52       39.48       1.004800    -0.001200   -0.12       50.12       49.88
2026-05-28 12:45:00 UTCALLOUSDT    0.098010      62.34     8175        39794676.000000 59576.000000  0.15        0.983300    -0.027200   -2.69       49.58       50.42       1.501200    -0.032000   -2.09       60.02       39.98       0.954300    -0.050500   -5.03       48.83       51.17
2026-05-28 13:00:00 UTCALLOUSDT    0.098610      64.35     7473        39491719.000000 -302957.000000-0.76       1.026800    0.043500    4.42        50.66       49.34       1.534600    0.033400    2.22        60.55       39.45       0.977100    0.022800    2.39        49.42       50.58
2026-05-28 13:15:00 UTCALLOUSDT    0.099310      66.59     8865        39461877.000000 -29842.000000 -0.08       1.021000    -0.005800   -0.56       50.52       49.48       1.514100    -0.020500   -1.34       60.22       39.78       0.968500    -0.008600   -0.88       49.20       50.80
2026-05-28 13:30:00 UTCALLOUSDT    0.101180      71.71     23396       39485089.000000 23212.000000  0.06        1.044200    0.023200    2.27        51.08       48.92       1.485100    -0.029000   -1.92       59.76       40.24       0.986900    0.018400    1.90        49.67       50.33
2026-05-28 13:45:00 UTCALLOUSDT    0.099850      64.18     11640       41277286.000000 1792197.0000004.54        1.003600    -0.040600   -3.89       50.09       49.91       1.463300    -0.021800   -1.47       59.40       40.60       0.969300    -0.017600   -1.78       49.22       50.78
2026-05-28 14:00:00 UTCALLOUSDT    0.101600      68.82     10752       41057366.000000 -219920.000000-0.53       1.029200    0.025600    2.55        50.72       49.28       1.502500    0.039200    2.68        60.04       39.96       1.000000    0.030700    3.17        50.00       50.00
2026-05-28 14:15:00 UTCALLOUSDT    0.103670      73.23     21188       41417206.000000 359840.000000 0.88        0.965800    -0.063400   -6.16       49.13       50.87       1.503700    0.001200    0.08        60.06       39.94       0.955800    -0.044200   -4.42       48.87       51.13
2026-05-28 14:30:00 UTCALLOUSDT    0.103690      73.27     24601       42485680.000000 1068474.0000002.58        0.940600    -0.025200   -2.61       48.47       51.53       1.492000    -0.011700   -0.78       59.87       40.13       0.906600    -0.049200   -5.15       47.55       52.45
2026-05-28 14:45:00 UTCALLOUSDT    0.105140      76.02     16363       42896113.000000 410433.000000 0.97        0.910900    -0.029700   -3.16       47.67       52.33       1.491800    -0.000200   -0.01       59.87       40.13       0.873700    -0.032900   -3.63       46.63       53.37
2026-05-28 15:00:00 UTCALLOUSDT    0.104950      74.94     20505       43247140.000000 351027.000000 0.82        0.886100    -0.024800   -2.72       46.98       53.02       1.423200    -0.068600   -4.60       58.73       41.27       0.868100    -0.005600   -0.64       46.47       53.53
2026-05-28 15:15:00 UTCALLOUSDT    0.105870      76.68     19946       44331123.000000 1083983.0000002.51        0.881800    -0.004300   -0.49       46.86       53.14       1.435300    0.012100    0.85        58.94       41.06       0.861900    -0.006200   -0.71       46.29       53.71
2026-05-28 15:30:00 UTCALLOUSDT    0.108580      80.89     25874       45566588.000000 1235465.0000002.79        0.893600    0.011800    1.34        47.19       52.81       1.420800    -0.014500   -1.01       58.69       41.31       0.889600    0.027700    3.21        47.08       52.92
2026-05-28 15:45:00 UTCALLOUSDT    0.108460      80.20     26481       46936486.000000 1369898.0000003.01        0.846700    -0.046900   -5.25       45.85       54.15       1.380200    -0.040600   -2.86       57.99       42.01       0.854300    -0.035300   -3.97       46.07       53.93
2026-05-28 16:00:00 UTCALLOUSDT    0.113270      85.53     70205       48196600.000000 1260114.0000002.68        0.846700    0.000000    0.00        45.85       54.15       1.367400    -0.012800   -0.93       57.76       42.24       0.859400    0.005100    0.60        46.22       53.78
2026-05-28 16:15:00 UTCALLOUSDT    0.115720      87.40     81887       49872492.000000 1675892.0000003.48        0.793700    -0.053000   -6.26       44.25       55.75       1.324100    -0.043300   -3.17       56.97       43.03       0.835200    -0.024200   -2.82       45.51       54.49
2026-05-28 16:30:00 UTCALLOUSDT    0.118240      88.97     84841       53395047.000000 3522555.0000007.06        0.796600    0.002900    0.37        44.34       55.66       1.271900    -0.052200   -3.94       55.98       44.02       0.839200    0.004000    0.48        45.63       54.37
2026-05-28 16:45:00 UTCALLOUSDT    0.119410      89.62     55808       56099462.000000 2704415.0000005.06        0.756200    -0.040400   -5.07       43.06       56.94       1.244100    -0.027800   -2.19       55.44       44.56       0.783200    -0.056000   -6.67       43.92       56.08
2026-05-28 17:00:00 UTCALLOUSDT    0.119930      89.90     76998       57511728.000000 1412266.0000002.52        0.765200    0.009000    1.19        43.35       56.65       1.207600    -0.036500   -2.93       54.70       45.30       0.787600    0.004400    0.56        44.06       55.94
2026-05-28 17:15:00 UTCALLOUSDT    0.125730      92.40     90718       57577037.000000 65309.000000  0.11        0.767400    0.002200    0.29        43.42       56.58       1.189200    -0.018400   -1.52       54.32       45.68       0.775900    -0.011700   -1.49       43.69       56.31
2026-05-28 17:30:00 UTCALLOUSDT    0.127590      93.00     109935      59482792.000000 1905755.0000003.31        0.752500    -0.014900   -1.94       42.94       57.06       1.166000    -0.023200   -1.95       53.83       46.17       0.785100    0.009200    1.19        43.98       56.02
2026-05-28 17:45:00 UTCALLOUSDT    0.126620      89.06     88281       61406560.000000 1923768.0000003.23        0.729500    -0.023000   -3.06       42.18       57.82       1.158800    -0.007200   -0.62       53.68       46.32       0.776800    -0.008300   -1.06       43.72       56.28
2026-05-28 18:00:00 UTCALLOUSDT    0.135580      92.30     136386      62002844.000000 596284.000000 0.97        0.728000    -0.001500   -0.21       42.13       57.87       1.203800    0.045000    3.88        54.62       45.38       0.723500    -0.053300   -6.86       41.98       58.02
2026-05-28 18:15:00 UTCALLOUSDT    0.136340      92.50     184892      65008887.000000 3006043.0000004.85        0.696100    -0.031900   -4.38       41.04       58.96       1.144000    -0.059800   -4.97       53.36       46.64       0.731000    0.007500    1.04        42.23       57.77
2026-05-28 18:30:00 UTCALLOUSDT    0.141380      93.69     105700      65371516.000000 362629.000000 0.56        0.715300    0.019200    2.76        41.70       58.30       1.151700    0.007700    0.67        53.53       46.47       0.754100    0.023100    3.16        42.99       57.01
2026-05-28 18:45:00 UTCALLOUSDT    0.145890      94.53     162784      68604247.000000 3232731.0000004.95        0.685800    -0.029500   -4.12       40.68       59.32       1.120300    -0.031400   -2.73       52.84       47.16       0.734000    -0.020100   -2.67       42.33       57.67
2026-05-28 19:00:00 UTCALLOUSDT    0.140210      80.14     182362      71754669.000000 3150422.0000004.59        0.641200    -0.044600   -6.50       39.07       60.93       1.073500    -0.046800   -4.18       51.77       48.23       0.699200    -0.034800   -4.74       41.15       58.85
2026-05-28 19:15:00 UTCALLOUSDT    0.149880      84.47     189538      72437118.000000 682449.000000 0.95        0.657300    0.016100    2.51        39.66       60.34       1.099300    0.025800    2.40        52.36       47.64       0.686600    -0.012600   -1.80       40.71       59.29
2026-05-28 19:30:00 UTCALLOUSDT    0.146620      78.27     147268      75941785.000000 3504667.0000004.84        0.578000    -0.079300   -12.06      36.63       63.37       1.020300    -0.079000   -7.19       50.50       49.50       0.640700    -0.045900   -6.69       39.05       60.95
2026-05-28 19:45:00 UTCALLOUSDT    0.146220      77.52     177507      75324348.000000 -617437.000000-0.81       0.584500    0.006500    1.12        36.89       63.11       1.031900    0.011600    1.14        50.79       49.21       0.647700    0.007000    1.09        39.31       60.69
2026-05-28 20:00:00 UTCALLOUSDT    0.151030      80.01     187736      76458210.000000 1133862.0000001.51        0.584500    0.000000    0.00        36.89       63.11       1.035400    0.003500    0.34        50.87       49.13       0.624400    -0.023300   -3.60       38.44       61.56
2026-05-28 20:15:00 UTCALLOUSDT    0.153920      81.34     133627      79379339.000000 2921129.0000003.82        0.571100    -0.013400   -2.29       36.35       63.65       1.038200    0.002800    0.27        50.94       49.06       0.606900    -0.017500   -2.80       37.77       62.23
2026-05-28 20:30:00 UTCALLOUSDT    0.146590      68.79     120816      80442586.000000 1063247.0000001.34        0.559800    -0.011300   -1.98       35.89       64.11       1.000200    -0.038000   -3.66       50.01       49.99       0.609500    0.002600    0.43        37.87       62.13
2026-05-28 20:45:00 UTCALLOUSDT    0.145880      67.70     113602      79281161.000000 -1161425.000000-1.44       0.566200    0.006400    1.14        36.15       63.85       1.034800    0.034600    3.46        50.85       49.15       0.608000    -0.001500   -0.25       37.81       62.19
2026-05-28 21:00:00 UTCALLOUSDT    0.148820      69.83     97962       79942217.000000 661056.000000 0.83        0.555900    -0.010300   -1.82       35.73       64.27       1.044700    0.009900    0.96        51.09       48.91       0.602100    -0.005900   -0.97       37.58       62.42
2026-05-28 21:15:00 UTCALLOUSDT    0.153920      73.14     53683       81761141.000000 1818924.0000002.28        0.549900    -0.006000   -1.08       35.48       64.52       1.028100    -0.016600   -1.59       50.69       49.31       0.596200    -0.005900   -0.98       37.35       62.65
2026-05-28 21:30:00 UTCALLOUSDT    0.155980      74.36     79257       83645822.000000 1884681.0000002.31        0.525100    -0.024800   -4.51       34.43       65.57       1.009100    -0.019000   -1.85       50.23       49.77       0.578000    -0.018200   -3.05       36.63       63.37
2026-05-28 21:45:00 UTCALLOUSDT    0.154930      72.55     58142       84323415.000000 677593.000000 0.81        0.521100    -0.004000   -0.76       34.26       65.74       1.009600    0.000500    0.05        50.24       49.76       0.580500    0.002500    0.43        36.73       63.27
2026-05-28 22:00:00 UTCALLOUSDT    0.154130      71.13     75114       85531607.000000 1208192.0000001.43        0.511300    -0.009800   -1.88       33.83       66.17       1.013000    0.003400    0.34        50.32       49.68       0.575300    -0.005200   -0.90       36.52       63.48
2026-05-28 22:15:00 UTCALLOUSDT    0.156350      72.73     75246       86830795.000000 1299188.0000001.52        0.504900    -0.006400   -1.25       33.55       66.45       1.034600    0.021600    2.13        50.85       49.15       0.568100    -0.007200   -1.25       36.23       63.77
2026-05-28 22:30:00 UTCALLOUSDT    0.160430      75.42     93712       88168197.000000 1337402.0000001.54        0.495200    -0.009700   -1.92       33.12       66.88       1.036100    0.001500    0.14        50.89       49.11       0.553000    -0.015100   -2.66       35.61       64.39
2026-05-28 22:45:00 UTCALLOUSDT    0.160990      75.78     92444       89241866.000000 1073669.0000001.22        0.488300    -0.006900   -1.39       32.81       67.19       1.030800    -0.005300   -0.51       50.76       49.24       0.562300    0.009300    1.68        35.99       64.01
2026-05-28 23:00:00 UTCALLOUSDT    0.162740      76.89     93618       90468754.000000 1226888.0000001.37        0.477800    -0.010500   -2.15       32.33       67.67       1.022000    -0.008800   -0.85       50.54       49.46       0.550400    -0.011900   -2.12       35.50       64.50
2026-05-28 23:15:00 UTCALLOUSDT    0.165650      78.66     95093       93355259.000000 2886505.0000003.19        0.481900    0.004100    0.86        32.52       67.48       1.017800    -0.004200   -0.41       50.44       49.56       0.555900    0.005500    1.00        35.73       64.27
2026-05-28 23:30:00 UTCALLOUSDT    0.164930      77.09     36955       95375306.000000 2020047.0000002.16        0.476200    -0.005700   -1.18       32.26       67.74       1.014000    -0.003800   -0.37       50.35       49.65       0.546800    -0.009100   -1.64       35.35       64.65

==============================================================================================================
LAST SNAPSHOT
==============================================================================================================
Time                : 2026-05-28 23:30:00 UTC
Symbol              : ALLOUSDT
Close               : 0.164930
RSI(14)            : 77.09
Number of Trades    : 36955
Volume              : 14269054.000000
Quote Volume        : 2353929.193460

Open Interest       : 95375306.000000
OI Change           : 2020047.000000
OI Change %         : 2.16%
OI Value            : 15798919.438900

Top Acco L/S Ratio  : 0.476200
Top Acco L/S Change : -0.005700
Top Acco Chg %      : -1.18%
Top Acco Long %     : 32.26
Top Acco Short %    : 67.74

Top Posit L/S Ratio : 1.014000
Top Posit L/S Change: -0.003800
Top Posit Chg %     : -0.37%
Top Posit Long %    : 50.35
Top Posit Short %   : 49.65

Global L/S Ratio    : 0.546800
Global L/S Change   : -0.009100
Global Chg %        : -1.64%
Global Long %       : 35.35
Global Short %      : 64.65

[Program finished]
####################################################################################################
FETCHING BINANCE FUTURES DATA ...
####################################################################################################
SYMBOL     : ALLOUSDT
PERIOD     : 1h
LIMIT      : 500
RSI_PERIOD : 14

========================================================================================================================================================================================================================================================================================================================================================================
BINANCE FUTURES MERGED DATA (L.S + OI + RSI + TRADES) | ROW = ONE CANDLE
========================================================================================================================================================================================================================================================================================================================================================================
Time                  Symbol      Close         RSI       Trades      OI              OI Chg        OI Chg %    Acco L/S    Acco Chg    Acco Chg%   Acco L%     Acco S%     Posit L/S   Posit Chg   Posit Chg%  Posit L%    Posit S%    Global L/S  Global Chg  Global Chg% Global L%   Global S%
------------------------------------------------------------------------------------------------------------------------------------------------------------------------------------------------------------------------------------------------------------------------------------------------------------------------------------------------------------------------
2026-05-08 04:00:00 UTCALLOUSDT    0.108640      62.96     2629        34499880.000000 0.000000      0.00        1.786300    0.000000    0.00        64.11       35.89       0.837400    0.000000    0.00        45.58       54.42       1.478300    0.000000    0.00        59.65       40.35
2026-05-08 05:00:00 UTCALLOUSDT    0.108260      59.53     2503        34548790.000000 48910.000000  0.14        1.791700    0.005400    0.30        64.18       35.82       0.835100    -0.002300   -0.27       45.51       54.49       1.499400    0.021100    1.43        59.99       40.01
2026-05-08 06:00:00 UTCALLOUSDT    0.107710      54.87     3566        34583013.000000 34223.000000  0.10        1.774700    -0.017000   -0.95       63.96       36.04       0.838900    0.003800    0.46        45.62       54.38       1.488800    -0.010600   -0.71       59.82       40.18
2026-05-08 07:00:00 UTCALLOUSDT    0.108350      58.90     1997        34506835.000000 -76178.000000 -0.22       1.801100    0.026400    1.49        64.30       35.70       0.842000    0.003100    0.37        45.71       54.29       1.507500    0.018700    1.26        60.12       39.88
2026-05-08 08:00:00 UTCALLOUSDT    0.108140      57.10     1395        34514087.000000 7252.000000   0.02        1.824900    0.023800    1.32        64.60       35.40       0.842500    0.000500    0.06        45.72       54.28       1.495000    -0.012500   -0.83       59.92       40.08
2026-05-08 09:00:00 UTCALLOUSDT    0.107250      50.10     11324       34543733.000000 29646.000000  0.09        1.815300    -0.009600   -0.53       64.48       35.52       0.846800    0.004300    0.51        45.85       54.15       1.505600    0.010600    0.71        60.09       39.91
2026-05-08 10:00:00 UTCALLOUSDT    0.106150      43.07     4796        34710295.000000 166562.000000 0.48        1.820100    0.004800    0.26        64.54       35.46       0.901300    0.054500    6.44        47.40       52.60       1.499400    -0.006200   -0.41       59.99       40.01
2026-05-08 11:00:00 UTCALLOUSDT    0.105020      37.29     9931        34706311.000000 -3984.000000  -0.01       1.847400    0.027300    1.50        64.88       35.12       0.914000    0.012700    1.41        47.75       52.25       1.506300    0.006900    0.46        60.10       39.90
2026-05-08 12:00:00 UTCALLOUSDT    0.104900      36.72     5493        34445875.000000 -260436.000000-0.75       1.833700    -0.013700   -0.74       64.71       35.29       0.910500    -0.003500   -0.38       47.66       52.34       1.521400    0.015100    1.00        60.34       39.66
2026-05-08 13:00:00 UTCALLOUSDT    0.103770      31.84     6619        34369799.000000 -76076.000000 -0.22       1.853900    0.020200    1.10        64.96       35.04       0.915600    0.005100    0.56        47.80       52.20       1.536800    0.015400    1.01        60.58       39.42
2026-05-08 14:00:00 UTCALLOUSDT    0.104180      35.20     4850        34193923.000000 -175876.000000-0.51       1.904400    0.050500    2.72        65.57       34.43       0.930700    0.015100    1.65        48.21       51.79       1.571400    0.034600    2.25        61.11       38.89
2026-05-08 15:00:00 UTCALLOUSDT    0.104930      40.95     3471        34064504.000000 -129419.000000-0.38       1.882700    -0.021700   -1.14       65.31       34.69       0.928400    -0.002300   -0.25       48.14       51.86       1.540700    -0.030700   -1.95       60.64       39.36
2026-05-08 16:00:00 UTCALLOUSDT    0.103800      35.80     4425        33934172.000000 -130332.000000-0.38       1.883500    0.000800    0.04        65.32       34.68       0.926600    -0.001800   -0.19       48.09       51.91       1.544500    0.003800    0.25        60.70       39.30
2026-05-08 17:00:00 UTCALLOUSDT    0.105030      44.05     5810        33920889.000000 -13283.000000 -0.04       1.917200    0.033700    1.79        65.72       34.28       0.927100    0.000500    0.05        48.11       51.89       1.561500    0.017000    1.10        60.96       39.04
2026-05-08 18:00:00 UTCALLOUSDT    0.106290      51.00     7416        33714282.000000 -206607.000000-0.61       1.907000    -0.010200   -0.53       65.60       34.40       0.913800    -0.013300   -1.43       47.75       52.25       1.536100    -0.025400   -1.63       60.57       39.43
2026-05-08 19:00:00 UTCALLOUSDT    0.103030      37.89     12555       33652433.000000 -61849.000000 -0.18       1.871100    -0.035900   -1.88       65.17       34.83       0.937400    0.023600    2.58        48.38       51.62       1.513800    -0.022300   -1.45       60.22       39.78
2026-05-08 20:00:00 UTCALLOUSDT    0.103120      38.36     4831        33086273.000000 -566160.000000-1.68       1.942000    0.070900    3.79        66.01       33.99       0.975100    0.037700    4.02        49.37       50.63       1.574000    0.060200    3.98        61.15       38.85
2026-05-08 21:00:00 UTCALLOUSDT    0.103770      41.79     2404        32829540.000000 -256733.000000-0.78       1.926500    -0.015500   -0.80       65.83       34.17       0.993800    0.018700    1.92        49.84       50.16       1.522700    -0.051300   -3.26       60.36       39.64
2026-05-08 22:00:00 UTCALLOUSDT    0.103560      41.00     3452        32905928.000000 76388.000000  0.23        1.904400    -0.022100   -1.15       65.57       34.43       0.993100    -0.000700   -0.07       49.83       50.17       1.497500    -0.025200   -1.65       59.96       40.04
2026-05-08 23:00:00 UTCALLOUSDT    0.104030      43.58     2267        33017032.000000 111104.000000 0.34        1.936000    0.031600    1.66        65.94       34.06       1.008000    0.014900    1.50        50.20       49.80       1.527800    0.030300    2.02        60.44       39.56
2026-05-09 00:00:00 UTCALLOUSDT    0.104730      47.29     3178        33049564.000000 32532.000000  0.10        1.972700    0.036700    1.90        66.36       33.64       1.011400    0.003400    0.34        50.28       49.72       1.552300    0.024500    1.60        60.82       39.18
2026-05-09 01:00:00 UTCALLOUSDT    0.105110      49.24     2399        33035297.000000 -14267.000000 -0.04       1.953300    -0.019400   -0.98       66.14       33.86       1.026500    0.015100    1.49        50.65       49.35       1.530400    -0.021900   -1.41       60.48       39.52
2026-05-09 02:00:00 UTCALLOUSDT    0.106020      53.66     10680       32939709.000000 -95588.000000 -0.29       1.954200    0.000900    0.05        66.15       33.85       1.039900    0.013400    1.31        50.98       49.02       1.527200    -0.003200   -0.21       60.43       39.57
2026-05-09 03:00:00 UTCALLOUSDT    0.105960      53.33     4119        33395395.000000 455686.000000 1.38        1.918000    -0.036200   -1.85       65.73       34.27       1.083100    0.043200    4.15        51.99       48.01       1.501900    -0.025300   -1.66       60.03       39.97
2026-05-09 04:00:00 UTCALLOUSDT    0.105500      50.75     3380        33301582.000000 -93813.000000 -0.28       1.924000    0.006000    0.31        65.80       34.20       1.090000    0.006900    0.64        52.15       47.85       1.510000    0.008100    0.54        60.16       39.84
2026-05-09 05:00:00 UTCALLOUSDT    0.106800      57.06     4985        33345999.000000 44417.000000  0.13        1.946400    0.022400    1.16        66.06       33.94       1.088200    -0.001800   -0.17       52.11       47.89       1.555600    0.045600    3.02        60.87       39.13
2026-05-09 06:00:00 UTCALLOUSDT    0.105740      51.29     3829        33412083.000000 66084.000000  0.20        1.896000    -0.050400   -2.59       65.47       34.53       1.102900    0.014700    1.35        52.45       47.55       1.491300    -0.064300   -4.13       59.86       40.14
2026-05-09 07:00:00 UTCALLOUSDT    0.105830      51.74     2720        33354207.000000 -57876.000000 -0.17       1.970000    0.074000    3.90        66.33       33.67       1.102200    -0.000700   -0.06       52.43       47.57       1.548400    0.057100    3.83        60.76       39.24
2026-05-09 08:00:00 UTCALLOUSDT    0.106140      53.32     3515        33283152.000000 -71055.000000 -0.21       2.003900    0.033900    1.72        66.71       33.29       1.096800    -0.005400   -0.49       52.31       47.69       1.575300    0.026900    1.74        61.17       38.83
2026-05-09 09:00:00 UTCALLOUSDT    0.105680      50.66     3113        33204873.000000 -78279.000000 -0.24       2.046900    0.043000    2.15        67.18       32.82       1.084000    -0.012800   -1.17       52.02       47.98       1.590700    0.015400    0.98        61.40       38.60
2026-05-09 10:00:00 UTCALLOUSDT    0.105440      49.28     3862        33217259.000000 12386.000000  0.04        2.024800    -0.022100   -1.08       66.94       33.06       1.087100    0.003100    0.29        52.09       47.91       1.566700    -0.024000   -1.51       61.04       38.96
2026-05-09 11:00:00 UTCALLOUSDT    0.105430      49.22     4219        33156665.000000 -60594.000000 -0.18       2.055300    0.030500    1.51        67.27       32.73       1.076400    -0.010700   -0.98       51.84       48.16       1.589300    0.022600    1.44        61.38       38.62
2026-05-09 12:00:00 UTCALLOUSDT    0.106010      52.82     3582        33127579.000000 -29086.000000 -0.09       2.060900    0.005600    0.27        67.33       32.67       1.075600    -0.000800   -0.07       51.82       48.18       1.581300    -0.008000   -0.50       61.26       38.74
2026-05-09 13:00:00 UTCALLOUSDT    0.106790      57.22     4988        32971276.000000 -156303.000000-0.47       2.031200    -0.029700   -1.44       67.01       32.99       1.070700    -0.004900   -0.46       51.71       48.29       1.547800    -0.033500   -2.12       60.75       39.25
2026-05-09 14:00:00 UTCALLOUSDT    0.106070      52.37     4841        33031861.000000 60585.000000  0.18        1.971800    -0.059400   -2.92       66.35       33.65       1.076600    0.005900    0.55        51.84       48.16       1.547100    -0.000700   -0.05       60.74       39.26
2026-05-09 15:00:00 UTCALLOUSDT    0.106240      53.37     3916        33052324.000000 20463.000000  0.06        1.985100    0.013300    0.67        66.50       33.50       1.082600    0.006000    0.56        51.98       48.02       1.564800    0.017700    1.14        61.01       38.99
2026-05-09 16:00:00 UTCALLOUSDT    0.104470      43.16     5272        33013320.000000 -39004.000000 -0.12       2.002100    0.017000    0.86        66.69       33.31       1.086400    0.003800    0.35        52.07       47.93       1.568700    0.003900    0.25        61.07       38.93
2026-05-09 17:00:00 UTCALLOUSDT    0.105350      48.44     3924        33039151.000000 25831.000000  0.08        2.021100    0.019000    0.95        66.90       33.10       1.084100    -0.002300   -0.21       52.02       47.98       1.597400    0.028700    1.83        61.50       38.50
2026-05-09 18:00:00 UTCALLOUSDT    0.106570      54.72     23653       33011698.000000 -27453.000000 -0.08       2.009300    -0.011800   -0.58       66.77       33.23       1.095800    0.011700    1.08        52.29       47.71       1.580600    -0.016800   -1.05       61.25       38.75
2026-05-09 19:00:00 UTCALLOUSDT    0.103560      41.34     15936       33387358.000000 375660.000000 1.14        1.970900    -0.038400   -1.91       66.34       33.66       1.151500    0.055700    5.08        53.52       46.48       1.566100    -0.014500   -0.92       61.03       38.97
2026-05-09 20:00:00 UTCALLOUSDT    0.104490      45.76     4942        33060576.000000 -326782.000000-0.98       2.035800    0.064900    3.29        67.06       32.94       1.279500    0.128000    11.12       56.13       43.87       1.577300    0.011200    0.72        61.20       38.80
2026-05-09 21:00:00 UTCALLOUSDT    0.104110      44.29     4046        32965476.000000 -95100.000000 -0.29       2.006600    -0.029200   -1.43       66.74       33.26       1.294600    0.015100    1.18        56.42       43.58       1.545800    -0.031500   -2.00       60.72       39.28
2026-05-09 22:00:00 UTCALLOUSDT    0.103830      43.19     3365        32834310.000000 -131166.000000-0.40       2.036700    0.030100    1.50        67.07       32.93       1.282400    -0.012200   -0.94       56.19       43.81       1.568700    0.022900    1.48        61.07       38.93
2026-05-09 23:00:00 UTCALLOUSDT    0.103490      41.84     3840        32757402.000000 -76908.000000 -0.23       2.049700    0.013000    0.64        67.21       32.79       1.276500    -0.005900   -0.46       56.07       43.93       1.560800    -0.007900   -0.50       60.95       39.05
2026-05-10 00:00:00 UTCALLOUSDT    0.103340      41.22     4884        32633509.000000 -123893.000000-0.38       2.038600    -0.011100   -0.54       67.09       32.91       1.278100    0.001600    0.13        56.10       43.90       1.543200    -0.017600   -1.13       60.68       39.32
2026-05-10 01:00:00 UTCALLOUSDT    0.102950      39.59     4264        32563632.000000 -69877.000000 -0.21       2.060000    0.021400    1.05        67.32       32.68       1.284800    0.006700    0.52        56.23       43.77       1.549700    0.006500    0.42        60.78       39.22
2026-05-10 02:00:00 UTCALLOUSDT    0.103610      43.65     6127        32444263.000000 -119369.000000-0.37       2.075000    0.015000    0.73        67.48       32.52       1.281200    -0.003600   -0.28       56.16       43.84       1.554300    0.004600    0.30        60.85       39.15
2026-05-10 03:00:00 UTCALLOUSDT    0.104840      50.35     4788        32329537.000000 -114726.000000-0.35       1.956000    -0.119000   -5.73       66.17       33.83       1.274900    -0.006300   -0.49       56.04       43.96       1.508200    -0.046100   -2.97       60.13       39.87
2026-05-10 04:00:00 UTCALLOUSDT    0.104450      48.39     4260        32230550.000000 -98987.000000 -0.31       1.883500    -0.072500   -3.71       65.32       34.68       1.308500    0.033600    2.64        56.68       43.32       1.480200    -0.028000   -1.86       59.68       40.32
2026-05-10 05:00:00 UTCALLOUSDT    0.104160      46.92     5369        32162084.000000 -68466.000000 -0.21       1.980600    0.097100    5.16        66.45       33.55       1.301700    -0.006800   -0.52       56.55       43.45       1.520200    0.040000    2.70        60.32       39.68
2026-05-10 06:00:00 UTCALLOUSDT    0.104030      46.24     3673        32343905.000000 181821.000000 0.57        2.023900    0.043300    2.19        66.93       33.07       1.280900    -0.020800   -1.60       56.16       43.84       1.556200    0.036000    2.37        60.88       39.12
2026-05-10 07:00:00 UTCALLOUSDT    0.103780      44.90     3606        32387669.000000 43764.000000  0.14        1.988600    -0.035300   -1.74       66.54       33.46       1.279700    -0.001200   -0.09       56.13       43.87       1.549700    -0.006500   -0.42       60.78       39.22
2026-05-10 08:00:00 UTCALLOUSDT    0.103700      44.46     3024        32344191.000000 -43478.000000 -0.13       1.994900    0.006300    0.32        66.61       33.39       1.266000    -0.013700   -1.07       55.87       44.13       1.570700    0.021000    1.36        61.10       38.90
2026-05-10 09:00:00 UTCALLOUSDT    0.103910      45.97     3683        32404325.000000 60134.000000  0.19        2.010200    0.015300    0.77        66.78       33.22       1.264200    -0.001800   -0.14       55.83       44.17       1.569400    -0.001300   -0.08       61.08       38.92
2026-05-10 10:00:00 UTCALLOUSDT    0.104280      48.62     4589        32517102.000000 112777.000000 0.35        1.972700    -0.037500   -1.87       66.36       33.64       1.271100    0.006900    0.55        55.97       44.03       1.560200    -0.009200   -0.59       60.94       39.06
2026-05-10 11:00:00 UTCALLOUSDT    0.103800      45.50     3405        32361344.000000 -155758.000000-0.48       1.973500    0.000800    0.04        66.37       33.63       1.294200    0.023100    1.82        56.41       43.59       1.517600    -0.042600   -2.73       60.28       39.72
2026-05-10 12:00:00 UTCALLOUSDT    0.103290      42.39     3644        32337404.000000 -23940.000000 -0.07       1.982400    0.008900    0.45        66.47       33.53       1.290300    -0.003900   -0.30       56.34       43.66       1.517600    0.000000    0.00        60.28       39.72
2026-05-10 13:00:00 UTCALLOUSDT    0.103430      43.53     3210        32221782.000000 -115622.000000-0.36       1.998500    0.016100    0.81        66.65       33.35       1.296800    0.006500    0.50        56.46       43.54       1.555600    0.038000    2.50        60.87       39.13
2026-05-10 14:00:00 UTCALLOUSDT    0.103680      45.60     2643        32275800.000000 54018.000000  0.17        2.001200    0.002700    0.14        66.68       33.32       1.290600    -0.006200   -0.48       56.34       43.66       1.570700    0.015100    0.97        61.10       38.90
2026-05-10 15:00:00 UTCALLOUSDT    0.104390      51.10     3864        32257658.000000 -18142.000000 -0.06       1.989500    -0.011700   -0.58       66.55       33.45       1.300100    0.009500    0.74        56.52       43.48       1.566100    -0.004600   -0.29       61.03       38.97
2026-05-10 16:00:00 UTCALLOUSDT    0.102760      40.89     7726        32222238.000000 -35420.000000 -0.11       2.020200    0.030700    1.54        66.89       33.11       1.310000    0.009900    0.76        56.71       43.29       1.574000    0.007900    0.50        61.15       38.85
2026-05-10 17:00:00 UTCALLOUSDT    0.103220      44.27     9314        32055642.000000 -166596.000000-0.52       2.066500    0.046300    2.29        67.39       32.61       1.341700    0.031700    2.42        57.30       42.70       1.640600    0.066600    4.23        62.13       37.87
2026-05-10 18:00:00 UTCALLOUSDT    0.099170      28.70     23850       31823686.000000 -231956.000000-0.72       2.086400    0.019900    0.96        67.60       32.40       1.456400    0.114700    8.55        59.29       40.71       1.649000    0.008400    0.51        62.25       37.75
2026-05-10 19:00:00 UTCALLOUSDT    0.099160      28.67     19999       31736154.000000 -87532.000000 -0.28       1.992200    -0.094200   -4.51       66.58       33.42       1.596200    0.139800    9.60        61.48       38.52       1.568100    -0.080900   -4.91       61.06       38.94
2026-05-10 20:00:00 UTCALLOUSDT    0.095430      20.85     29104       31183962.000000 -552192.000000-1.74       2.030300    0.038100    1.91        67.00       33.00       1.542500    -0.053700   -3.36       60.67       39.33       1.582600    0.014500    0.92        61.28       38.72
2026-05-10 21:00:00 UTCALLOUSDT    0.095240      20.54     9971        29929197.000000 -1254765.000000-4.02       2.001200    -0.029100   -1.43       66.68       33.32       1.391400    -0.151100   -9.80       58.18       41.82       1.589300    0.006700    0.42        61.38       38.62
2026-05-10 22:00:00 UTCALLOUSDT    0.096700      29.18     8566        29622860.000000 -306337.000000-1.02       1.978900    -0.022300   -1.11       66.43       33.57       1.366500    -0.024900   -1.79       57.74       42.26       1.553600    -0.035700   -2.25       60.84       39.16
2026-05-10 23:00:00 UTCALLOUSDT    0.096030      27.70     6831        29346277.000000 -276583.000000-0.93       1.934300    -0.044600   -2.25       65.92       34.08       1.360300    -0.006200   -0.45       57.63       42.37       1.537400    -0.016200   -1.04       60.59       39.41
2026-05-11 00:00:00 UTCALLOUSDT    0.096290      29.20     6988        29308023.000000 -38254.000000 -0.13       1.940300    0.006000    0.31        65.99       34.01       1.350600    -0.009700   -0.71       57.46       42.54       1.525900    -0.011500   -0.75       60.41       39.59
2026-05-11 01:00:00 UTCALLOUSDT    0.097320      34.99     6120        29260083.000000 -47940.000000 -0.16       1.940300    0.000000    0.00        65.99       34.01       1.349900    -0.000700   -0.05       57.45       42.55       1.538700    0.012800    0.84        60.61       39.39
2026-05-11 02:00:00 UTCALLOUSDT    0.097740      37.25     5627        29271997.000000 11914.000000  0.04        1.987800    0.047500    2.45        66.53       33.47       1.349700    -0.000200   -0.01       57.44       42.56       1.565400    0.026700    1.74        61.02       38.98
2026-05-11 03:00:00 UTCALLOUSDT    0.097160      35.42     6218        29305530.000000 33533.000000  0.11        1.980600    -0.007200   -0.36       66.45       33.55       1.367700    0.018000    1.33        57.76       42.24       1.552300    -0.013100   -0.84       60.82       39.18
2026-05-11 04:00:00 UTCALLOUSDT    0.096390      33.10     5625        29250585.000000 -54945.000000 -0.19       2.087400    0.106800    5.39        67.61       32.39       1.383400    0.015700    1.15        58.04       41.96       1.635700    0.083400    5.37        62.06       37.94
2026-05-11 05:00:00 UTCALLOUSDT    0.094940      29.22     8605        29135389.000000 -115196.000000-0.39       2.092100    0.004700    0.23        67.66       32.34       1.372000    -0.011400   -0.82       57.84       42.16       1.627400    -0.008300   -0.51       61.94       38.06
2026-05-11 06:00:00 UTCALLOUSDT    0.095080      30.07     5394        28812602.000000 -322787.000000-1.11       2.164600    0.072500    3.47        68.40       31.60       1.392100    0.020100    1.47        58.20       41.80       1.689600    0.062200    3.82        62.82       37.18
2026-05-11 07:00:00 UTCALLOUSDT    0.095570      33.11     4634        28655326.000000 -157276.000000-0.55       2.151600    -0.013000   -0.60       68.27       31.73       1.395900    0.003800    0.27        58.26       41.74       1.696900    0.007300    0.43        62.92       37.08
2026-05-11 08:00:00 UTCALLOUSDT    0.095840      34.79     4552        28462998.000000 -192328.000000-0.67       2.125000    -0.026600   -1.24       68.00       32.00       1.412200    0.016300    1.17        58.54       41.46       1.666000    -0.030900   -1.82       62.49       37.51
2026-05-11 09:00:00 UTCALLOUSDT    0.095100      32.39     3556        28524238.000000 61240.000000  0.22        2.152600    0.027600    1.30        68.28       31.72       1.430200    0.018000    1.27        58.85       41.15       1.662400    -0.003600   -0.22       62.44       37.56
2026-05-11 10:00:00 UTCALLOUSDT    0.095880      37.30     4994        28527063.000000 2825.000000   0.01        2.148600    -0.004000   -0.19       68.24       31.76       1.410000    -0.020200   -1.41       58.51       41.49       1.696900    0.034500    2.08        62.92       37.08
2026-05-11 11:00:00 UTCALLOUSDT    0.096150      38.96     5179        28458406.000000 -68657.000000 -0.24       2.061800    -0.086800   -4.04       67.34       32.66       1.424600    0.014600    1.04        58.76       41.24       1.626100    -0.070800   -4.17       61.92       38.08
2026-05-11 12:00:00 UTCALLOUSDT    0.096260      39.65     3722        28354285.000000 -104121.000000-0.37       2.105600    0.043800    2.12        67.80       32.20       1.429700    0.005100    0.36        58.84       41.16       1.694000    0.067900    4.18        62.88       37.12
2026-05-11 13:00:00 UTCALLOUSDT    0.095240      35.59     4490        28333712.000000 -20573.000000 -0.07       2.151600    0.046000    2.18        68.27       31.73       1.434800    0.005100    0.36        58.93       41.07       1.680200    -0.013800   -0.81       62.69       37.31
2026-05-11 14:00:00 UTCALLOUSDT    0.094650      33.45     7709        28406005.000000 72293.000000  0.26        2.185700    0.034100    1.58        68.61       31.39       1.431700    -0.003100   -0.22       58.88       41.12       1.741200    0.061000    3.63        63.52       36.48
2026-05-11 15:00:00 UTCALLOUSDT    0.095020      36.04     5013        28053344.000000 -352661.000000-1.24       2.241500    0.055800    2.55        69.15       30.85       1.396400    -0.035300   -2.47       58.27       41.73       1.784000    0.042800    2.46        64.08       35.92
2026-05-11 16:00:00 UTCALLOUSDT    0.094930      35.68     6321        28018955.000000 -34389.000000 -0.12       2.233100    -0.008400   -0.37       69.07       30.93       1.383200    -0.013200   -0.95       58.04       41.96       1.739700    -0.044300   -2.48       63.50       36.50
2026-05-11 17:00:00 UTCALLOUSDT    0.094950      35.84     3426        28290652.000000 271697.000000 0.97        2.159600    -0.073500   -3.29       68.35       31.65       1.388900    0.005700    0.41        58.14       41.86       1.673800    -0.065900   -3.79       62.60       37.40
2026-05-11 18:00:00 UTCALLOUSDT    0.095020      36.41     5354        28253449.000000 -37203.000000 -0.13       2.231000    0.071400    3.31        69.05       30.95       1.390200    0.001300    0.09        58.16       41.84       1.715900    0.042100    2.52        63.18       36.82
2026-05-11 19:00:00 UTCALLOUSDT    0.094320      33.19     4801        28107632.000000 -145817.000000-0.52       2.173600    -0.057400   -2.57       68.49       31.51       1.369200    -0.021000   -1.51       57.79       42.21       1.730000    0.014100    0.82        63.37       36.63
2026-05-11 20:00:00 UTCALLOUSDT    0.094020      31.89     3021        28070534.000000 -37098.000000 -0.13       2.214400    0.040800    1.88        68.89       31.11       1.389300    0.020100    1.47        58.15       41.85       1.777800    0.047800    2.76        64.00       36.00
2026-05-11 21:00:00 UTCALLOUSDT    0.093320      29.03     3049        28071267.000000 733.000000    0.00        2.246800    0.032400    1.46        69.20       30.80       1.389300    0.000000    0.00        58.15       41.85       1.806600    0.028800    1.62        64.37       35.63
2026-05-11 22:00:00 UTCALLOUSDT    0.094080      35.77     3047        28214809.000000 143542.000000 0.51        2.228900    -0.017900   -0.80       69.03       30.97       1.378800    -0.010500   -0.76       57.96       42.04       1.816100    0.009500    0.53        64.49       35.51
2026-05-11 23:00:00 UTCALLOUSDT    0.094610      40.04     3043        28254361.000000 39552.000000  0.14        2.206200    -0.022700   -1.02       68.81       31.19       1.378100    -0.000700   -0.05       57.95       42.05       1.789400    -0.026700   -1.47       64.15       35.85
2026-05-12 00:00:00 UTCALLOUSDT    0.094870      42.08     4919        28374338.000000 119977.000000 0.42        2.237300    0.031100    1.41        69.11       30.89       1.379200    0.001100    0.08        57.97       42.03       1.802700    0.013300    0.74        64.32       35.68
2026-05-12 01:00:00 UTCALLOUSDT    0.093880      36.94     6828        28365566.000000 -8772.000000  -0.03       2.235200    -0.002100   -0.09       69.09       30.91       1.382700    0.003500    0.25        58.03       41.97       1.804300    0.001600    0.09        64.34       35.66
2026-05-12 02:00:00 UTCALLOUSDT    0.094830      44.01     4297        28547294.000000 181728.000000 0.64        2.243600    0.008400    0.38        69.17       30.83       1.406500    0.023800    1.72        58.45       41.55       1.837700    0.033400    1.85        64.76       35.24
2026-05-12 03:00:00 UTCALLOUSDT    0.096010      51.31     6527        28469733.000000 -77561.000000 -0.27       2.231000    -0.012600   -0.56       69.05       30.95       1.411500    0.005000    0.36        58.53       41.47       1.797200    -0.040500   -2.20       64.25       35.75
2026-05-12 04:00:00 UTCALLOUSDT    0.097110      56.95     6447        28183960.000000 -285773.000000-1.00       2.211300    -0.019700   -0.88       68.86       31.14       1.438700    0.027200    1.93        58.99       41.01       1.758600    -0.038600   -2.15       63.75       36.25
2026-05-12 05:00:00 UTCALLOUSDT    0.095250      47.03     7671        28005663.000000 -178297.000000-0.63       2.292700    0.081400    3.68        69.63       30.37       1.473600    0.034900    2.43        59.57       40.43       1.809800    0.051200    2.91        64.41       35.59
2026-05-12 06:00:00 UTCALLOUSDT    0.094850      45.21     7264        27893704.000000 -111959.000000-0.40       2.321200    0.028500    1.24        69.89       30.11       1.474300    0.000700    0.05        59.58       40.42       1.879400    0.069600    3.85        65.27       34.73
2026-05-12 07:00:00 UTCALLOUSDT    0.094720      44.60     2882        27974701.000000 80997.000000  0.29        2.350100    0.028900    1.25        70.15       29.85       1.488800    0.014500    0.98        59.82       40.18       1.866200    -0.013200   -0.70       65.11       34.89
2026-05-12 08:00:00 UTCALLOUSDT    0.094760      44.85     3763        27953748.000000 -20953.000000 -0.07       2.322300    -0.027800   -1.18       69.90       30.10       1.495000    0.006200    0.42        59.92       40.08       1.869400    0.003200    0.17        65.15       34.85
2026-05-12 09:00:00 UTCALLOUSDT    0.094810      45.18     3862        27953975.000000 227.000000    0.00        2.375000    0.052700    2.27        70.37       29.63       1.491200    -0.003800   -0.25       59.86       40.14       1.900200    0.030800    1.65        65.52       34.48
2026-05-12 10:00:00 UTCALLOUSDT    0.094810      45.18     3922        27996924.000000 42949.000000  0.15        2.334400    -0.040600   -1.71       70.01       29.99       1.481200    -0.010000   -0.67       59.70       40.30       1.869400    -0.030800   -1.62       65.15       34.85
2026-05-12 11:00:00 UTCALLOUSDT    0.094360      42.55     4037        28095279.000000 98355.000000  0.35        2.317900    -0.016500   -0.71       69.86       30.14       1.481000    -0.000200   -0.01       59.69       40.31       1.857100    -0.012300   -0.66       65.00       35.00
2026-05-12 12:00:00 UTCALLOUSDT    0.094800      45.86     5803        28063790.000000 -31489.000000 -0.11       2.296000    -0.021900   -0.94       69.66       30.34       1.468900    -0.012100   -0.82       59.50       40.50       1.874400    0.017300    0.93        65.21       34.79
2026-05-12 13:00:00 UTCALLOUSDT    0.094830      46.09     4867        28028640.000000 -35150.000000 -0.13       2.246800    -0.049200   -2.14       69.20       30.80       1.495000    0.026100    1.78        59.92       40.08       1.806600    -0.067800   -3.62       64.37       35.63
2026-05-12 14:00:00 UTCALLOUSDT    0.095720      52.49     8624        27930700.000000 -97940.000000 -0.35       2.242500    -0.004300   -0.19       69.16       30.84       1.500800    0.005800    0.39        60.01       39.99       1.805800    -0.000800   -0.04       64.36       35.64
2026-05-12 15:00:00 UTCALLOUSDT    0.095080      48.07     7024        27958749.000000 28049.000000  0.10        2.270100    0.027600    1.23        69.42       30.58       1.489000    -0.011800   -0.79       59.82       40.18       1.812900    0.007100    0.39        64.45       35.55
2026-05-12 16:00:00 UTCALLOUSDT    0.094800      46.24     6151        28102374.000000 143625.000000 0.51        2.290600    0.020500    0.90        69.61       30.39       1.482300    -0.006700   -0.45       59.72       40.28       1.835300    0.022400    1.24        64.73       35.27
2026-05-12 17:00:00 UTCALLOUSDT    0.095210      49.29     3863        28080709.000000 -21665.000000 -0.08       2.288400    -0.002200   -0.10       69.59       30.41       1.490400    0.008100    0.55        59.85       40.15       1.824100    -0.011200   -0.61       64.59       35.41
2026-05-12 18:00:00 UTCALLOUSDT    0.095260      49.66     2973        28132410.000000 51701.000000  0.18        2.333300    0.044900    1.96        70.00       30.00       1.469100    -0.021300   -1.43       59.50       40.50       1.872700    0.048600    2.66        65.19       34.81
2026-05-12 19:00:00 UTCALLOUSDT    0.094840      46.55     3109        28189005.000000 56595.000000  0.20        2.311300    -0.022000   -0.94       69.80       30.20       1.470300    0.001200    0.08        59.52       40.48       1.871100    -0.001600   -0.09       65.17       34.83
2026-05-12 20:00:00 UTCALLOUSDT    0.093700      39.34     5214        28187166.000000 -1839.000000  -0.01       2.324500    0.013200    0.57        69.92       30.08       1.478100    0.007800    0.53        59.65       40.35       1.896000    0.024900    1.33        65.47       34.53
2026-05-12 21:00:00 UTCALLOUSDT    0.093040      35.87     3428        28274636.000000 87470.000000  0.31        2.353500    0.029000    1.25        70.18       29.82       1.442900    -0.035200   -2.38       59.06       40.94       1.949900    0.053900    2.84        66.10       33.90
2026-05-12 22:00:00 UTCALLOUSDT    0.093310      38.27     2616        28366866.000000 92230.000000  0.33        2.368100    0.014600    0.62        70.31       29.69       1.437900    -0.005000   -0.35       58.98       41.02       1.932600    -0.017300   -0.89       65.90       34.10
2026-05-12 23:00:00 UTCALLOUSDT    0.091760      31.09     5612        28343126.000000 -23740.000000 -0.08       2.367000    -0.001100   -0.05       70.30       29.70       1.430700    -0.007200   -0.50       58.86       41.14       1.925700    -0.006900   -0.36       65.82       34.18
2026-05-13 00:00:00 UTCALLOUSDT    0.092600      37.89     4639        28411048.000000 67922.000000  0.24        2.368100    0.001100    0.05        70.31       29.69       1.390700    -0.040000   -2.80       58.17       41.83       1.949000    0.023300    1.21        66.09       33.91
2026-05-13 01:00:00 UTCALLOUSDT    0.093300      42.94     4740        28412778.000000 1730.000000   0.01        2.326700    -0.041400   -1.75       69.94       30.06       1.400400    0.009700    0.70        58.34       41.66       1.919700    -0.029300   -1.50       65.75       34.25
2026-05-13 02:00:00 UTCALLOUSDT    0.093070      41.74     8859        28390808.000000 -21970.000000 -0.08       2.291600    -0.035100   -1.51       69.62       30.38       1.395800    -0.004600   -0.33       58.26       41.74       1.914600    -0.005100   -0.27       65.69       34.31
2026-05-13 03:00:00 UTCALLOUSDT    0.093500      44.85     2931        28133303.000000 -257505.000000-0.91       2.253100    -0.038500   -1.68       69.26       30.74       1.371300    -0.024500   -1.76       57.83       42.17       1.843300    -0.071300   -3.72       64.83       35.17
2026-05-13 04:00:00 UTCALLOUSDT    0.092980      41.94     2790        28086394.000000 -46909.000000 -0.17       2.297100    0.044000    1.95        69.67       30.33       1.374700    0.003400    0.25        57.89       42.11       1.871900    0.028600    1.55        65.18       34.82
2026-05-13 05:00:00 UTCALLOUSDT    0.092500      39.39     2528        28117782.000000 31388.000000  0.11        2.326700    0.029600    1.29        69.94       30.06       1.377100    0.002400    0.17        57.93       42.07       1.945500    0.073600    3.93        66.05       33.95
2026-05-13 06:00:00 UTCALLOUSDT    0.092990      43.18     3359        28221833.000000 104051.000000 0.37        2.345600    0.018900    0.81        70.11       29.89       1.365800    -0.011300   -0.82       57.73       42.27       1.949900    0.004400    0.23        66.10       33.90
2026-05-13 07:00:00 UTCALLOUSDT    0.091940      37.74     3457        28239213.000000 17380.000000  0.06        2.368100    0.022500    0.96        70.31       29.69       1.362100    -0.003700   -0.27       57.66       42.34       1.916300    -0.033600   -1.72       65.71       34.29
2026-05-13 08:00:00 UTCALLOUSDT    0.091860      37.35     4302        28352430.000000 113217.000000 0.40        2.358000    -0.010100   -0.43       70.22       29.78       1.376900    0.014800    1.09        57.93       42.07       1.935100    0.018800    0.98        65.93       34.07
2026-05-13 09:00:00 UTCALLOUSDT    0.091840      37.25     2831        28507217.000000 154787.000000 0.55        2.363600    0.005600    0.24        70.27       29.73       1.389500    0.012600    0.92        58.15       41.85       1.978000    0.042900    2.22        66.42       33.58
2026-05-13 10:00:00 UTCALLOUSDT    0.091020      33.22     5972        28524741.000000 17524.000000  0.06        2.409500    0.045900    1.94        70.67       29.33       1.395500    0.006000    0.43        58.26       41.74       2.009300    0.031300    1.58        66.77       33.23
2026-05-13 11:00:00 UTCALLOUSDT    0.091710      39.18     4261        28466782.000000 -57959.000000 -0.20       2.378400    -0.031100   -1.29       70.40       29.60       1.416000    0.020500    1.47        58.61       41.39       1.901100    -0.108200   -5.38       65.53       34.47
2026-05-13 12:00:00 UTCALLOUSDT    0.090040      31.78     7638        28377594.000000 -89188.000000 -0.31       2.395600    0.017200    0.72        70.55       29.45       1.430200    0.014200    1.00        58.85       41.15       1.889300    -0.011800   -0.62       65.39       34.61
2026-05-13 13:00:00 UTCALLOUSDT    0.088950      28.06     10447       28457788.000000 80194.000000  0.28        2.417600    0.022000    0.92        70.74       29.26       1.398100    -0.032100   -2.24       58.30       41.70       1.968200    0.078900    4.18        66.31       33.69
2026-05-13 14:00:00 UTCALLOUSDT    0.089000      28.47     6973        28311571.000000 -146217.000000-0.51       2.407200    -0.010400   -0.43       70.65       29.35       1.393100    -0.005000   -0.36       58.21       41.79       1.952500    -0.015700   -0.80       66.13       33.87
2026-05-13 15:00:00 UTCALLOUSDT    0.087770      24.70     7562        28108080.000000 -203491.000000-0.72       2.386400    -0.020800   -0.86       70.47       29.53       1.382500    -0.010600   -0.76       58.03       41.97       1.951600    -0.000900   -0.05       66.12       33.88
2026-05-13 16:00:00 UTCALLOUSDT    0.089100      34.76     4112        27719287.000000 -388793.000000-1.38       2.304700    -0.081700   -3.42       69.74       30.26       1.361600    -0.020900   -1.51       57.66       42.34       1.901100    -0.050500   -2.59       65.53       34.47
2026-05-13 17:00:00 UTCALLOUSDT    0.088810      33.70     3205        27671989.000000 -47298.000000 -0.17       2.265800    -0.038900   -1.69       69.38       30.62       1.379400    0.017800    1.31        57.97       42.03       1.874400    -0.026700   -1.40       65.21       34.79
2026-05-13 18:00:00 UTCALLOUSDT    0.088270      31.76     2505        27791911.000000 119922.000000 0.43        2.251000    -0.014800   -0.65       69.24       30.76       1.398600    0.019200    1.39        58.31       41.69       1.837700    -0.036700   -1.96       64.76       35.24
2026-05-13 19:00:00 UTCALLOUSDT    0.087600      29.50     3126        27665247.000000 -126664.000000-0.46       2.310200    0.059200    2.63        69.79       30.21       1.400400    0.001800    0.13        58.34       41.66       1.882700    0.045000    2.45        65.31       34.69
2026-05-13 20:00:00 UTCALLOUSDT    0.088480      35.96     2564        27632596.000000 -32651.000000 -0.12       2.334400    0.024200    1.05        70.01       29.99       1.406500    0.006100    0.44        58.45       41.55       1.915500    0.032800    1.74        65.70       34.30
2026-05-13 21:00:00 UTCALLOUSDT    0.088450      35.84     2121        27616955.000000 -15641.000000 -0.06       2.283000    -0.051400   -2.20       69.54       30.46       1.409400    0.002900    0.21        58.50       41.50       1.895200    -0.020300   -1.06       65.46       34.54
2026-05-13 22:00:00 UTCALLOUSDT    0.088850      38.78     2866        27578119.000000 -38836.000000 -0.14       2.285200    0.002200    0.10        69.56       30.44       1.417200    0.007800    0.55        58.63       41.37       1.876900    -0.018300   -0.97       65.24       34.76
2026-05-13 23:00:00 UTCALLOUSDT    0.088620      37.71     2915        27492364.000000 -85755.000000 -0.31       2.290600    0.005400    0.24        69.61       30.39       1.429900    0.012700    0.90        58.85       41.15       1.880200    0.003300    0.18        65.28       34.72
2026-05-14 00:00:00 UTCALLOUSDT    0.089360      43.16     2735        27472739.000000 -19625.000000 -0.07       2.253100    -0.037500   -1.64       69.26       30.74       1.440500    0.010600    0.74        59.02       40.98       1.850600    -0.029600   -1.57       64.92       35.08
2026-05-14 01:00:00 UTCALLOUSDT    0.089860      46.56     2553        27478846.000000 6107.000000   0.02        2.261600    0.008500    0.38        69.34       30.66       1.445200    0.004700    0.33        59.10       40.90       1.853900    0.003300    0.18        64.96       35.04
2026-05-14 02:00:00 UTCALLOUSDT    0.089140      42.60     2437        27424286.000000 -54560.000000 -0.20       2.256300    -0.005300   -0.23       69.29       30.71       1.446800    0.001600    0.11        59.13       40.87       1.848200    -0.005700   -0.31       64.89       35.11
2026-05-14 03:00:00 UTCALLOUSDT    0.088320      38.59     2996        27303609.000000 -120677.000000-0.44       2.221600    -0.034700   -1.54       68.96       31.04       1.421400    -0.025400   -1.76       58.70       41.30       1.853900    0.005700    0.31        64.96       35.04
2026-05-14 04:00:00 UTCALLOUSDT    0.088640      40.93     2331        27289221.000000 -14388.000000 -0.05       2.178600    -0.043000   -1.94       68.54       31.46       1.414500    -0.006900   -0.49       58.58       41.42       1.855500    0.001600    0.09        64.98       35.02
2026-05-14 05:00:00 UTCALLOUSDT    0.089190      44.82     2064        27330264.000000 41043.000000  0.15        2.158600    -0.020000   -0.92       68.34       31.66       1.400500    -0.014000   -0.99       58.34       41.66       1.830500    -0.025000   -1.35       64.67       35.33
2026-05-14 06:00:00 UTCALLOUSDT    0.088360      40.49     2126        27268004.000000 -62260.000000 -0.23       2.148600    -0.010000   -0.46       68.24       31.76       1.402400    0.001900    0.14        58.37       41.63       1.830500    0.000000    0.00        64.67       35.33
2026-05-14 07:00:00 UTCALLOUSDT    0.088490      41.44     2808        27234794.000000 -33210.000000 -0.12       2.127900    -0.020700   -0.96       68.03       31.97       1.394500    -0.007900   -0.56       58.24       41.76       1.827300    -0.003200   -0.17       64.63       35.37
2026-05-14 08:00:00 UTCALLOUSDT    0.088830      43.97     3044        27237969.000000 3175.000000   0.01        2.058100    -0.069800   -3.28       67.30       32.70       1.388200    -0.006300   -0.45       58.13       41.87       1.774700    -0.052600   -2.88       63.96       36.04
2026-05-14 09:00:00 UTCALLOUSDT    0.088350      41.26     3135        27113372.000000 -124597.000000-0.46       2.063700    0.005600    0.27        67.36       32.64       1.379000    -0.009200   -0.66       57.97       42.03       1.784000    0.009300    0.52        64.08       35.92
2026-05-14 10:00:00 UTCALLOUSDT    0.088400      41.66     3099        27143892.000000 30520.000000  0.11        2.051600    -0.012100   -0.59       67.23       32.77       1.371700    -0.007300   -0.53       57.84       42.16       1.780900    -0.003100   -0.17       64.04       35.96
2026-05-14 11:00:00 UTCALLOUSDT    0.087850      38.53     2196        27248944.000000 105052.000000 0.39        2.050600    -0.001000   -0.05       67.22       32.78       1.367800    -0.003900   -0.28       57.77       42.23       1.784000    0.003100    0.17        64.08       35.92
2026-05-14 12:00:00 UTCALLOUSDT    0.087650      37.42     2580        27272501.000000 23557.000000  0.09        2.041400    -0.009200   -0.45       67.12       32.88       1.371100    0.003300    0.24        57.83       42.17       1.785500    0.001500    0.08        64.10       35.90
2026-05-14 13:00:00 UTCALLOUSDT    0.087620      37.25     2131        27486183.000000 213682.000000 0.78        2.023000    -0.018400   -0.90       66.92       33.08       1.348700    -0.022400   -1.63       57.42       42.58       1.794900    0.009400    0.53        64.22       35.78
2026-05-14 14:00:00 UTCALLOUSDT    0.088260      43.26     3012        27518378.000000 32195.000000  0.12        2.032100    0.009100    0.45        67.02       32.98       1.344800    -0.003900   -0.29       57.35       42.65       1.807400    0.012500    0.70        64.38       35.62
2026-05-14 15:00:00 UTCALLOUSDT    0.088320      43.80     3815        27498189.000000 -20189.000000 -0.07       2.020200    -0.011900   -0.59       66.89       33.11       1.350200    0.005400    0.40        57.45       42.55       1.788600    -0.018800   -1.04       64.14       35.86
2026-05-14 16:00:00 UTCALLOUSDT    0.088420      44.75     5436        27509537.000000 11348.000000  0.04        2.047900    0.027700    1.37        67.19       32.81       1.332700    -0.017500   -1.30       57.13       42.87       1.819300    0.030700    1.72        64.53       35.47
2026-05-14 17:00:00 UTCALLOUSDT    0.088060      42.00     4426        27528878.000000 19341.000000  0.07        2.066500    0.018600    0.91        67.39       32.61       1.324900    -0.007800   -0.59       56.99       43.01       1.809800    -0.009500   -0.52       64.41       35.59
2026-05-14 18:00:00 UTCALLOUSDT    0.088700      48.10     2204        27535876.000000 6998.000000   0.03        2.064700    -0.001800   -0.09       67.37       32.63       1.333200    0.008300    0.63        57.14       42.86       1.798000    -0.011800   -0.65       64.26       35.74
2026-05-14 19:00:00 UTCALLOUSDT    0.088560      46.94     2007        27532143.000000 -3733.000000  -0.01       2.078800    0.014100    0.68        67.52       32.48       1.334300    0.001100    0.08        57.16       42.84       1.816100    0.018100    1.01        64.49       35.51
2026-05-14 20:00:00 UTCALLOUSDT    0.088860      49.75     2676        27533166.000000 1023.000000   0.00        2.084500    0.005700    0.27        67.58       32.42       1.336300    0.002000    0.15        57.20       42.80       1.838500    0.022400    1.23        64.77       35.23
2026-05-14 21:00:00 UTCALLOUSDT    0.088800      49.19     1543        27639300.000000 106134.000000 0.39        2.106600    0.022100    1.06        67.81       32.19       1.367400    0.031100    2.33        57.76       42.24       1.832100    -0.006400   -0.35       64.69       35.31
2026-05-14 22:00:00 UTCALLOUSDT    0.089070      51.82     1896        27674133.000000 34833.000000  0.13        2.120100    0.013500    0.64        67.95       32.05       1.375800    0.008400    0.61        57.91       42.09       1.824100    -0.008000   -0.44       64.59       35.41
2026-05-14 23:00:00 UTCALLOUSDT    0.088730      48.42     3157        27714921.000000 40788.000000  0.15        2.137700    0.017600    0.83        68.13       31.87       1.394700    0.018900    1.37        58.24       41.76       1.871100    0.047000    2.58        65.17       34.83
2026-05-15 00:00:00 UTCALLOUSDT    0.089150      52.56     2867        27819720.000000 104799.000000 0.38        2.134800    -0.002900   -0.14       68.10       31.90       1.401800    0.007100    0.51        58.36       41.64       1.846600    -0.024500   -1.31       64.87       35.13
2026-05-15 01:00:00 UTCALLOUSDT    0.088270      44.50     3018        27767702.000000 -52018.000000 -0.19       2.116200    -0.018600   -0.87       67.91       32.09       1.400200    -0.001600   -0.11       58.34       41.66       1.834500    -0.012100   -0.66       64.72       35.28
2026-05-15 02:00:00 UTCALLOUSDT    0.088500      46.79     3899        27723717.000000 -43985.000000 -0.16       2.124000    0.007800    0.37        67.99       32.01       1.385300    -0.014900   -1.06       58.08       41.92       1.838500    0.004000    0.22        64.77       35.23
2026-05-15 03:00:00 UTCALLOUSDT    0.088440      46.26     2374        27791051.000000 67334.000000  0.24        2.131900    0.007900    0.37        68.07       31.93       1.375900    -0.009400   -0.68       57.91       42.09       1.841700    0.003200    0.17        64.81       35.19
2026-05-15 04:00:00 UTCALLOUSDT    0.088090      43.14     1855        27764033.000000 -27018.000000 -0.10       2.174600    0.042700    2.00        68.50       31.50       1.379100    0.003200    0.23        57.97       42.03       1.834500    -0.007200   -0.39       64.72       35.28
2026-05-15 05:00:00 UTCALLOUSDT    0.088000      42.35     3822        27730622.000000 -33411.000000 -0.12       2.184700    0.010100    0.46        68.60       31.40       1.384100    0.005000    0.36        58.05       41.95       1.848200    0.013700    0.75        64.89       35.11
2026-05-15 06:00:00 UTCALLOUSDT    0.089480      56.46     5747        27618040.000000 -112582.000000-0.41       2.149600    -0.035100   -1.61       68.25       31.75       1.376100    -0.008000   -0.58       57.91       42.09       1.856300    0.008100    0.44        64.99       35.01
2026-05-15 07:00:00 UTCALLOUSDT    0.089210      53.87     4471        27552562.000000 -65478.000000 -0.24       2.198000    0.048400    2.25        68.73       31.27       1.404200    0.028100    2.04        58.41       41.59       1.867000    0.010700    0.58        65.12       34.88
2026-05-15 08:00:00 UTCALLOUSDT    0.087430      40.64     7293        27510206.000000 -42356.000000 -0.15       2.239400    0.041400    1.88        69.13       30.87       1.409200    0.005000    0.36        58.49       41.51       1.889300    0.022300    1.19        65.39       34.61
2026-05-15 09:00:00 UTCALLOUSDT    0.087120      38.85     3561        27397271.000000 -112935.000000-0.41       2.247800    0.008400    0.38        69.21       30.79       1.397700    -0.011500   -0.82       58.29       41.71       1.911200    0.021900    1.16        65.65       34.35
2026-05-15 10:00:00 UTCALLOUSDT    0.086570      35.83     5543        27461376.000000 64105.000000  0.23        2.227900    -0.019900   -0.89       69.02       30.98       1.389400    -0.008300   -0.59       58.15       41.85       1.900200    -0.011000   -0.58       65.52       34.48
2026-05-15 11:00:00 UTCALLOUSDT    0.085890      32.47     2892        27484281.000000 22905.000000  0.08        2.171600    -0.056300   -2.53       68.47       31.53       1.397300    0.007900    0.57        58.29       41.71       1.870300    -0.029900   -1.57       65.16       34.84
2026-05-15 12:00:00 UTCALLOUSDT    0.084930      28.43     5386        27515917.000000 31636.000000  0.12        2.158600    -0.013000   -0.60       68.34       31.66       1.391300    -0.006000   -0.43       58.18       41.82       1.877700    0.007400    0.40        65.25       34.75
2026-05-15 13:00:00 UTCALLOUSDT    0.082550      21.33     11277       27258212.000000 -257705.000000-0.94       2.193900    0.035300    1.64        68.69       31.31       1.427100    0.035800    2.57        58.80       41.20       1.872700    -0.005000   -0.27       65.19       34.81
2026-05-15 14:00:00 UTCALLOUSDT    0.082100      20.29     8827        27048553.000000 -209659.000000-0.77       2.104600    -0.089300   -4.07       67.79       32.21       1.371000    -0.056100   -3.93       57.82       42.18       1.853900    -0.018800   -1.00       64.96       35.04
2026-05-15 15:00:00 UTCALLOUSDT    0.083690      32.69     9157        27006908.000000 -41645.000000 -0.15       2.045100    -0.059500   -2.83       67.16       32.84       1.334800    -0.036200   -2.64       57.17       42.83       1.790200    -0.063700   -3.44       64.16       35.84
2026-05-15 16:00:00 UTCALLOUSDT    0.084120      35.60     4333        26787996.000000 -218912.000000-0.81       2.008400    -0.036700   -1.79       66.76       33.24       1.419000    0.084200    6.31        58.66       41.34       1.693200    -0.097000   -5.42       62.87       37.13
2026-05-15 17:00:00 UTCALLOUSDT    0.083640      33.84     2938        26519511.000000 -268485.000000-1.00       2.002100    -0.006300   -0.31       66.69       33.31       1.436700    0.017700    1.25        58.96       41.04       1.691100    -0.002100   -0.12       62.84       37.16
2026-05-15 18:00:00 UTCALLOUSDT    0.083740      34.57     3997        26504479.000000 -15032.000000 -0.06       2.022100    0.020000    1.00        66.91       33.09       1.442000    0.005300    0.37        59.05       40.95       1.684600    -0.006500   -0.38       62.75       37.25
2026-05-15 19:00:00 UTCALLOUSDT    0.084080      37.10     4036        26399609.000000 -104870.000000-0.40       1.986000    -0.036100   -1.79       66.51       33.49       1.446900    0.004900    0.34        59.13       40.87       1.651800    -0.032800   -1.95       62.29       37.71
2026-05-15 20:00:00 UTCALLOUSDT    0.084030      36.87     2302        26409922.000000 10313.000000  0.04        1.951600    -0.034400   -1.73       66.12       33.88       1.447700    0.000800    0.06        59.14       40.86       1.651800    0.000000    0.00        62.29       37.71
2026-05-15 21:00:00 UTCALLOUSDT    0.083630      35.04     1295        26361100.000000 -48822.000000 -0.18       1.995800    0.044200    2.26        66.62       33.38       1.456600    0.008900    0.61        59.29       40.71       1.686700    0.034900    2.11        62.78       37.22
2026-05-15 22:00:00 UTCALLOUSDT    0.084270      40.17     1176        26321683.000000 -39417.000000 -0.15       1.980600    -0.015200   -0.76       66.45       33.55       1.465000    0.008400    0.58        59.43       40.57       1.673100    -0.013600   -0.81       62.59       37.41
2026-05-15 23:00:00 UTCALLOUSDT    0.083680      37.25     1668        26242010.000000 -79673.000000 -0.30       1.954200    -0.026400   -1.33       66.15       33.85       1.472200    0.007200    0.49        59.55       40.45       1.682400    0.009300    0.56        62.72       37.28
2026-05-16 00:00:00 UTCALLOUSDT    0.083730      37.66     1655        26247754.000000 5744.000000   0.02        1.977100    0.022900    1.17        66.41       33.59       1.482000    0.009800    0.67        59.71       40.29       1.706400    0.024000    1.43        63.05       36.95
2026-05-16 01:00:00 UTCALLOUSDT    0.083700      37.50     1350        26251122.000000 3368.000000   0.01        1.980600    0.003500    0.18        66.45       33.55       1.476500    -0.005500   -0.37       59.62       40.38       1.703400    -0.003000   -0.18       63.01       36.99
2026-05-16 02:00:00 UTCALLOUSDT    0.083590      36.88     1101        26279549.000000 28427.000000  0.11        1.979700    -0.000900   -0.05       66.44       33.56       1.474900    -0.001600   -0.11       59.59       40.41       1.693200    -0.010200   -0.60       62.87       37.13
2026-05-16 03:00:00 UTCALLOUSDT    0.083370      35.62     1096        26275928.000000 -3621.000000  -0.01       1.965600    -0.014100   -0.71       66.28       33.72       1.462700    -0.012200   -0.83       59.39       40.61       1.699100    0.005900    0.35        62.95       37.05
2026-05-16 04:00:00 UTCALLOUSDT    0.082900      33.01     1383        26212144.000000 -63784.000000 -0.24       1.977100    0.011500    0.59        66.41       33.59       1.465000    0.002300    0.16        59.43       40.57       1.706400    0.007300    0.43        63.05       36.95
2026-05-16 05:00:00 UTCALLOUSDT    0.083280      37.02     1205        26231963.000000 19819.000000  0.08        1.947200    -0.029900   -1.51       66.07       33.93       1.458900    -0.006100   -0.42       59.33       40.67       1.688900    -0.017500   -1.03       62.81       37.19
2026-05-16 06:00:00 UTCALLOUSDT    0.083220      36.65     2528        26230348.000000 -1615.000000  -0.01       1.912100    -0.035100   -1.80       65.66       34.34       1.463200    0.004300    0.29        59.40       40.60       1.663800    -0.025100   -1.49       62.46       37.54
2026-05-16 07:00:00 UTCALLOUSDT    0.081810      29.20     2638        26136311.000000 -94037.000000 -0.36       1.870300    -0.041800   -2.19       65.16       34.84       1.485200    0.022000    1.50        59.76       40.24       1.581300    -0.082500   -4.96       61.26       38.74
2026-05-16 08:00:00 UTCALLOUSDT    0.082850      39.04     1572        26068456.000000 -67855.000000 -0.26       1.895200    0.024900    1.33        65.46       34.54       1.482400    -0.002800   -0.19       59.72       40.28       1.617100    0.035800    2.26        61.79       38.21
2026-05-16 09:00:00 UTCALLOUSDT    0.083260      42.44     2523        26148722.000000 80266.000000  0.31        1.935100    0.039900    2.11        65.93       34.07       1.487900    0.005500    0.37        59.81       40.19       1.600800    -0.016300   -1.01       61.55       38.45
2026-05-16 10:00:00 UTCALLOUSDT    0.083050      41.17     2992        26374273.000000 225551.000000 0.86        1.916300    -0.018800   -0.97       65.71       34.29       1.489800    0.001900    0.13        59.84       40.16       1.572700    -0.028100   -1.76       61.13       38.87
2026-05-16 11:00:00 UTCALLOUSDT    0.083540      45.27     1947        26296790.000000 -77483.000000 -0.29       1.913800    -0.002500   -0.13       65.68       34.32       1.515000    0.025200    1.69        60.24       39.76       1.573300    0.000600    0.04        61.14       38.86
2026-05-16 12:00:00 UTCALLOUSDT    0.084120      49.74     1725        26362733.000000 65943.000000  0.25        1.931700    0.017900    0.94        65.89       34.11       1.521500    0.006500    0.43        60.34       39.66       1.581300    0.008000    0.51        61.26       38.74
2026-05-16 13:00:00 UTCALLOUSDT    0.083110      43.14     2065        26399698.000000 36965.000000  0.14        1.924000    -0.007700   -0.40       65.80       34.20       1.526700    0.005200    0.34        60.42       39.58       1.576700    -0.004600   -0.29       61.19       38.81
2026-05-16 14:00:00 UTCALLOUSDT    0.084340      51.57     2513        26582552.000000 182854.000000 0.69        1.949900    0.025900    1.35        66.10       33.90       1.526600    -0.000100   -0.01       60.42       39.58       1.613000    0.036300    2.30        61.73       38.27
2026-05-16 15:00:00 UTCALLOUSDT    0.084780      54.18     5593        26657996.000000 75444.000000  0.28        1.901900    -0.048000   -2.46       65.54       34.46       1.495100    -0.031500   -2.06       59.92       40.08       1.562100    -0.050900   -3.16       60.97       39.03
2026-05-16 16:00:00 UTCALLOUSDT    0.084630      53.13     1811        26742043.000000 84047.000000  0.32        1.876900    -0.025000   -1.31       65.24       34.76       1.452800    -0.042300   -2.83       59.23       40.77       1.538100    -0.024000   -1.54       60.60       39.40
2026-05-16 17:00:00 UTCALLOUSDT    0.086090      61.07     4050        26773333.000000 31290.000000  0.12        1.892700    0.015800    0.84        65.43       34.57       1.449700    -0.003100   -0.21       59.18       40.82       1.545800    0.007700    0.50        60.72       39.28
2026-05-16 18:00:00 UTCALLOUSDT    0.086520      63.05     3057        26694251.000000 -79082.000000 -0.30       1.852300    -0.040400   -2.13       64.94       35.06       1.434200    -0.015500   -1.07       58.92       41.08       1.513200    -0.032600   -2.11       60.21       39.79
2026-05-16 19:00:00 UTCALLOUSDT    0.087170      65.88     3475        26695916.000000 1665.000000   0.01        1.845000    -0.007300   -0.39       64.85       35.15       1.408700    -0.025500   -1.78       58.48       41.52       1.518900    0.005700    0.38        60.30       39.70
2026-05-16 20:00:00 UTCALLOUSDT    0.086540      61.00     3285        26802338.000000 106422.000000 0.40        1.843300    -0.001700   -0.09       64.83       35.17       1.405300    -0.003400   -0.24       58.42       41.58       1.513800    -0.005100   -0.34       60.22       39.78
2026-05-16 21:00:00 UTCALLOUSDT    0.087310      64.47     2836        26819025.000000 16687.000000  0.06        1.877700    0.034400    1.87        65.25       34.75       1.398800    -0.006500   -0.46       58.31       41.69       1.553600    0.039800    2.63        60.84       39.16
2026-05-16 22:00:00 UTCALLOUSDT    0.086660      59.65     3760        26965329.000000 146304.000000 0.55        1.870300    -0.007400   -0.39       65.16       34.84       1.383500    -0.015300   -1.09       58.04       41.96       1.547100    -0.006500   -0.42       60.74       39.26
2026-05-16 23:00:00 UTCALLOUSDT    0.086610      59.28     2773        26990721.000000 25392.000000  0.09        1.883500    0.013200    0.71        65.32       34.68       1.378400    -0.005100   -0.37       57.95       42.05       1.566100    0.019000    1.23        61.03       38.97
2026-05-17 00:00:00 UTCALLOUSDT    0.087110      61.81     2989        26992054.000000 1333.000000   0.00        1.917200    0.033700    1.79        65.72       34.28       1.370200    -0.008200   -0.59       57.81       42.19       1.603500    0.037400    2.39        61.59       38.41
2026-05-17 01:00:00 UTCALLOUSDT    0.087370      63.10     7017        27007914.000000 15860.000000  0.06        1.923100    0.005900    0.31        65.79       34.21       1.363900    -0.006300   -0.46       57.70       42.30       1.591300    -0.012200   -0.76       61.41       38.59
2026-05-17 02:00:00 UTCALLOUSDT    0.086120      53.74     4026        27249032.000000 241118.000000 0.89        1.918000    -0.005100   -0.27       65.73       34.27       1.376600    0.012700    0.93        57.92       42.08       1.574000    -0.017300   -1.09       61.15       38.85
2026-05-17 03:00:00 UTCALLOUSDT    0.085950      52.60     4683        27133665.000000 -115367.000000-0.42       1.938600    0.020600    1.07        65.97       34.03       1.348800    -0.027800   -2.02       57.42       42.58       1.584600    0.010600    0.67        61.31       38.69
2026-05-17 04:00:00 UTCALLOUSDT    0.085680      50.76     3965        27034085.000000 -99580.000000 -0.37       1.948100    0.009500    0.49        66.08       33.92       1.353800    0.005000    0.37        57.51       42.49       1.590000    0.005400    0.34        61.39       38.61
2026-05-17 05:00:00 UTCALLOUSDT    0.085600      50.19     3196        27126940.000000 92855.000000  0.34        1.956800    0.008700    0.45        66.18       33.82       1.356900    0.003100    0.23        57.57       42.43       1.591300    0.001300    0.08        61.41       38.59
2026-05-17 06:00:00 UTCALLOUSDT    0.085860      52.05     2195        27323256.000000 196316.000000 0.72        1.977100    0.020300    1.04        66.41       33.59       1.332800    -0.024100   -1.78       57.13       42.87       1.602100    0.010800    0.68        61.57       38.43
2026-05-17 07:00:00 UTCALLOUSDT    0.085560      49.75     2749        27386597.000000 63341.000000  0.23        1.965600    -0.011500   -0.58       66.28       33.72       1.351600    0.018800    1.41        57.47       42.53       1.560200    -0.041900   -2.62       60.94       39.06
2026-05-17 08:00:00 UTCALLOUSDT    0.085590      49.98     2860        27339420.000000 -47177.000000 -0.17       2.004800    0.039200    1.99        66.72       33.28       1.349800    -0.001800   -0.13       57.44       42.56       1.590700    0.030500    1.95        61.40       38.60
2026-05-17 09:00:00 UTCALLOUSDT    0.085660      50.57     1861        27501124.000000 161704.000000 0.59        1.995800    -0.009000   -0.45       66.62       33.38       1.327800    -0.022000   -1.63       57.04       42.96       1.601500    0.010800    0.68        61.56       38.44
2026-05-17 10:00:00 UTCALLOUSDT    0.085890      52.55     2580        27446398.000000 -54726.000000 -0.20       2.008400    0.012600    0.63        66.76       33.24       1.333300    0.005500    0.41        57.14       42.86       1.596700    -0.004800   -0.30       61.49       38.51
2026-05-17 11:00:00 UTCALLOUSDT    0.086420      56.84     2836        27416760.000000 -29638.000000 -0.11       1.968200    -0.040200   -2.00       66.31       33.69       1.336800    0.003500    0.26        57.21       42.79       1.564100    -0.032600   -2.04       61.00       39.00
2026-05-17 12:00:00 UTCALLOUSDT    0.086520      57.62     2663        27404032.000000 -12728.000000 -0.05       1.965600    -0.002600   -0.13       66.28       33.72       1.335200    -0.001600   -0.12       57.18       42.82       1.540700    -0.023400   -1.50       60.64       39.36
2026-05-17 13:00:00 UTCALLOUSDT    0.086970      61.03     4858        27419068.000000 15036.000000  0.05        1.962100    -0.003500   -0.18       66.24       33.76       1.327600    -0.007600   -0.57       57.04       42.96       1.550400    0.009700    0.63        60.79       39.21
2026-05-17 14:00:00 UTCALLOUSDT    0.087100      61.98     4178        27369897.000000 -49171.000000 -0.18       1.900200    -0.061900   -3.15       65.52       34.48       1.334400    0.006800    0.51        57.16       42.84       1.498800    -0.051600   -3.33       59.98       40.02
2026-05-17 15:00:00 UTCALLOUSDT    0.086880      59.34     2557        27294481.000000 -75416.000000 -0.28       1.918000    0.017800    0.94        65.73       34.27       1.330700    -0.003700   -0.28       57.09       42.91       1.549700    0.050900    3.40        60.78       39.22
2026-05-17 16:00:00 UTCALLOUSDT    0.086860      59.09     2077        27180375.000000 -114106.000000-0.42       1.947200    0.029200    1.52        66.07       33.93       1.324400    -0.006300   -0.47       56.98       43.02       1.577300    0.027600    1.78        61.20       38.80
2026-05-17 17:00:00 UTCALLOUSDT    0.085840      48.12     2789        27192487.000000 12112.000000  0.04        1.966500    0.019300    0.99        66.29       33.71       1.317400    -0.007000   -0.53       56.85       43.15       1.586700    0.009400    0.60        61.34       38.66
2026-05-17 18:00:00 UTCALLOUSDT    0.085800      47.75     2180        27171869.000000 -20618.000000 -0.08       1.996700    0.030200    1.54        66.63       33.37       1.308200    -0.009200   -0.70       56.68       43.32       1.624700    0.038000    2.39        61.90       38.10
2026-05-17 19:00:00 UTCALLOUSDT    0.085750      47.25     2333        27290409.000000 118540.000000 0.44        2.013000    0.016300    0.82        66.81       33.19       1.312700    0.004500    0.34        56.76       43.24       1.654600    0.029900    1.84        62.33       37.67
2026-05-17 20:00:00 UTCALLOUSDT    0.086060      50.67     2567        27214205.000000 -76204.000000 -0.28       2.009300    -0.003700   -0.18       66.77       33.23       1.304200    -0.008500   -0.65       56.60       43.40       1.627400    -0.027200   -1.64       61.94       38.06
2026-05-17 21:00:00 UTCALLOUSDT    0.085890      48.80     1614        27294643.000000 80438.000000  0.30        2.016600    0.007300    0.36        66.85       33.15       1.310800    0.006600    0.51        56.73       43.27       1.614400    -0.013000   -0.80       61.75       38.25
2026-05-17 22:00:00 UTCALLOUSDT    0.085290      42.81     1987        27258883.000000 -35760.000000 -0.13       2.028500    0.011900    0.59        66.98       33.02       1.310300    -0.000500   -0.04       56.72       43.28       1.637800    0.023400    1.45        62.09       37.91
2026-05-17 23:00:00 UTCALLOUSDT    0.083540      30.90     8563        27246559.000000 -12324.000000 -0.05       2.046000    0.017500    0.86        67.17       32.83       1.317400    0.007100    0.54        56.85       43.15       1.639900    0.002100    0.13        62.12       37.88
2026-05-18 00:00:00 UTCALLOUSDT    0.084140      37.34     8807        27318305.000000 71746.000000  0.26        2.054400    0.008400    0.41        67.26       32.74       1.356800    0.039400    2.99        57.57       42.43       1.616400    -0.023500   -1.43       61.78       38.22
2026-05-18 01:00:00 UTCALLOUSDT    0.083510      33.78     7483        27356538.000000 38233.000000  0.14        2.043200    -0.011200   -0.55       67.14       32.86       1.356100    -0.000700   -0.05       57.56       42.44       1.582000    -0.034400   -2.13       61.27       38.73
2026-05-18 02:00:00 UTCALLOUSDT    0.083730      36.07     5629        27412250.000000 55712.000000  0.20        2.046000    0.002800    0.14        67.17       32.83       1.369200    0.013100    0.97        57.79       42.21       1.598800    0.016800    1.06        61.52       38.48
2026-05-18 03:00:00 UTCALLOUSDT    0.083570      35.12     5292        27380951.000000 -31299.000000 -0.11       2.023000    -0.023000   -1.12       66.92       33.08       1.376200    0.007000    0.51        57.92       42.08       1.579300    -0.019500   -1.22       61.23       38.77
2026-05-18 04:00:00 UTCALLOUSDT    0.083860      38.30     5603        27326023.000000 -54928.000000 -0.20       2.012000    -0.011000   -0.54       66.80       33.20       1.395000    0.018800    1.37        58.25       41.75       1.586700    0.007400    0.47        61.34       38.66
2026-05-18 05:00:00 UTCALLOUSDT    0.083240      34.42     5115        27320872.000000 -5151.000000  -0.02       2.026600    0.014600    0.73        66.96       33.04       1.410800    0.015800    1.13        58.52       41.48       1.606200    0.019500    1.23        61.63       38.37
2026-05-18 06:00:00 UTCALLOUSDT    0.082550      30.69     7082        27294151.000000 -26721.000000 -0.10       2.013000    -0.013600   -0.67       66.81       33.19       1.406600    -0.004200   -0.30       58.45       41.55       1.610300    0.004100    0.26        61.69       38.31
2026-05-18 07:00:00 UTCALLOUSDT    0.082430      30.08     5262        27350820.000000 56669.000000  0.21        2.011100    -0.001900   -0.09       66.79       33.21       1.390000    -0.016600   -1.18       58.16       41.84       1.617100    0.006800    0.42        61.79       38.21
2026-05-18 08:00:00 UTCALLOUSDT    0.082690      33.18     4989        27305320.000000 -45500.000000 -0.17       2.012000    0.000900    0.04        66.80       33.20       1.386800    -0.003200   -0.23       58.10       41.90       1.623300    0.006200    0.38        61.88       38.12
2026-05-18 09:00:00 UTCALLOUSDT    0.082260      30.75     4823        27320921.000000 15601.000000  0.06        2.028500    0.016500    0.82        66.98       33.02       1.387900    0.001100    0.08        58.12       41.88       1.650400    0.027100    1.67        62.27       37.73
2026-05-18 10:00:00 UTCALLOUSDT    0.082390      32.36     4820        27244106.000000 -76815.000000 -0.28       2.008400    -0.020100   -0.99       66.76       33.24       1.396600    0.008700    0.63        58.28       41.72       1.639200    -0.011200   -0.68       62.11       37.89
2026-05-18 11:00:00 UTCALLOUSDT    0.082630      35.35     5711        27175021.000000 -69085.000000 -0.25       1.987800    -0.020600   -1.03       66.53       33.47       1.401400    0.004800    0.34        58.36       41.64       1.633000    -0.006200   -0.38       62.02       37.98
2026-05-18 12:00:00 UTCALLOUSDT    0.083630      46.06     10578       27191519.000000 16498.000000  0.06        1.981500    -0.006300   -0.32       66.46       33.54       1.405000    0.003600    0.26        58.42       41.58       1.643400    0.010400    0.64        62.17       37.83
2026-05-18 13:00:00 UTCALLOUSDT    0.082920      40.88     5862        27302179.000000 110660.000000 0.41        1.949900    -0.031600   -1.59       66.10       33.90       1.456500    0.051500    3.67        59.29       40.71       1.577300    -0.066100   -4.02       61.20       38.80
2026-05-18 14:00:00 UTCALLOUSDT    0.082450      37.85     7654        27253434.000000 -48745.000000 -0.18       1.972700    0.022800    1.17        66.36       33.64       1.454100    -0.002400   -0.16       59.25       40.75       1.585300    0.008000    0.51        61.32       38.68
2026-05-18 15:00:00 UTCALLOUSDT    0.081810      34.14     6357        27304850.000000 51416.000000  0.19        1.917200    -0.055500   -2.81       65.72       34.28       1.446100    -0.008000   -0.55       59.12       40.88       1.558900    -0.026400   -1.67       60.92       39.08
2026-05-18 16:00:00 UTCALLOUSDT    0.082260      38.69     4638        27306136.000000 1286.000000   0.00        1.957700    0.040500    2.11        66.19       33.81       1.450500    0.004400    0.30        59.19       40.81       1.602100    0.043200    2.77        61.57       38.43
2026-05-18 17:00:00 UTCALLOUSDT    0.082150      38.00     2361        27248412.000000 -57724.000000 -0.21       1.947200    -0.010500   -0.54       66.07       33.93       1.458200    0.007700    0.53        59.32       40.68       1.606200    0.004100    0.26        61.63       38.37
2026-05-18 18:00:00 UTCALLOUSDT    0.080900      31.18     4264        27282154.000000 33742.000000  0.12        1.953300    0.006100    0.31        66.14       33.86       1.462600    0.004400    0.30        59.39       40.61       1.600100    -0.006100   -0.38       61.54       38.46
2026-05-18 19:00:00 UTCALLOUSDT    0.082530      45.03     3323        27295252.000000 13098.000000  0.05        1.966500    0.013200    0.68        66.29       33.71       1.455600    -0.007000   -0.48       59.28       40.72       1.649000    0.048900    3.06        62.25       37.75
2026-05-18 20:00:00 UTCALLOUSDT    0.082300      43.70     2411        27319818.000000 24566.000000  0.09        1.923100    -0.043400   -2.21       65.79       34.21       1.448200    -0.007400   -0.51       59.15       40.85       1.633700    -0.015300   -0.93       62.03       37.97
2026-05-18 21:00:00 UTCALLOUSDT    0.083520      51.86     2024        27450922.000000 131104.000000 0.48        1.952500    0.029400    1.53        66.13       33.87       1.451500    0.003300    0.23        59.21       40.79       1.630900    -0.002800   -0.17       61.99       38.01
2026-05-18 22:00:00 UTCALLOUSDT    0.082880      47.93     2948        27431484.000000 -19438.000000 -0.07       1.951600    -0.000900   -0.05       66.12       33.88       1.455000    0.003500    0.24        59.27       40.73       1.624700    -0.006200   -0.38       61.90       38.10
2026-05-18 23:00:00 UTCALLOUSDT    0.082760      47.21     2858        27361362.000000 -70122.000000 -0.26       1.990400    0.038800    1.99        66.56       33.44       1.467800    0.012800    0.88        59.48       40.52       1.666000    0.041300    2.54        62.49       37.51
2026-05-19 00:00:00 UTCALLOUSDT    0.083240      50.43     3652        27341684.000000 -19678.000000 -0.07       2.018400    0.028000    1.41        66.87       33.13       1.469800    0.002000    0.14        59.51       40.49       1.693200    0.027200    1.63        62.87       37.13
2026-05-19 01:00:00 UTCALLOUSDT    0.082860      47.94     3338        27383015.000000 41331.000000  0.15        2.006600    -0.011800   -0.58       66.74       33.26       1.477000    0.007200    0.49        59.63       40.37       1.664500    -0.028700   -1.70       62.47       37.53
2026-05-19 02:00:00 UTCALLOUSDT    0.082280      44.34     2842        27297796.000000 -85219.000000 -0.31       1.990400    -0.016200   -0.81       66.56       33.44       1.477600    0.000600    0.04        59.64       40.36       1.649000    -0.015500   -0.93       62.25       37.75
2026-05-19 03:00:00 UTCALLOUSDT    0.082810      48.17     3079        27259081.000000 -38715.000000 -0.14       2.001200    0.010800    0.54        66.68       33.32       1.513300    0.035700    2.42        60.21       39.79       1.661000    0.012000    0.73        62.42       37.58
2026-05-19 04:00:00 UTCALLOUSDT    0.082900      48.81     2746        27154032.000000 -105049.000000-0.39       1.986900    -0.014300   -0.71       66.52       33.48       1.512900    -0.000400   -0.03       60.21       39.79       1.668100    0.007100    0.43        62.52       37.48
2026-05-19 05:00:00 UTCALLOUSDT    0.082340      45.06     3265        27153308.000000 -724.000000   -0.00       1.973500    -0.013400   -0.67       66.37       33.63       1.514200    0.001300    0.09        60.23       39.77       1.670900    0.002800    0.17        62.56       37.44
2026-05-19 06:00:00 UTCALLOUSDT    0.082750      48.20     2425        27136587.000000 -16721.000000 -0.06       2.007500    0.034000    1.72        66.75       33.25       1.505100    -0.009100   -0.60       60.08       39.92       1.689600    0.018700    1.12        62.82       37.18
2026-05-19 07:00:00 UTCALLOUSDT    0.083060      50.50     2413        27045261.000000 -91326.000000 -0.34       2.021100    0.013600    0.68        66.90       33.10       1.508900    0.003800    0.25        60.14       39.86       1.704200    0.014600    0.86        63.02       36.98
2026-05-19 08:00:00 UTCALLOUSDT    0.082660      47.56     2656        27020971.000000 -24290.000000 -0.09       2.030300    0.009200    0.46        67.00       33.00       1.507500    -0.001400   -0.09       60.12       39.88       1.719600    0.015400    0.90        63.23       36.77
2026-05-19 09:00:00 UTCALLOUSDT    0.081850      42.21     2860        26976013.000000 -44958.000000 -0.17       1.994000    -0.036300   -1.79       66.60       33.40       1.504600    -0.002900   -0.19       60.07       39.93       1.699100    -0.020500   -1.19       62.95       37.05
2026-05-19 10:00:00 UTCALLOUSDT    0.083400      53.09     4860        27043405.000000 67392.000000  0.25        1.952500    -0.041500   -2.08       66.13       33.87       1.472700    -0.031900   -2.12       59.56       40.44       1.704900    0.005800    0.34        63.03       36.97
2026-05-19 11:00:00 UTCALLOUSDT    0.083910      56.03     6266        27018807.000000 -24598.000000 -0.09       1.912900    -0.039600   -2.03       65.67       34.33       1.457500    -0.015200   -1.03       59.31       40.69       1.630900    -0.074000   -4.34       61.99       38.01
2026-05-19 12:00:00 UTCALLOUSDT    0.085690      64.40     9608        26886164.000000 -132643.000000-0.49       1.951600    0.038700    2.02        66.12       33.88       1.457600    0.000100    0.01        59.31       40.69       1.627400    -0.003500   -0.21       61.94       38.06
2026-05-19 13:00:00 UTCALLOUSDT    0.085670      64.25     7233        27319687.000000 433523.000000 1.61        1.858800    -0.092800   -4.76       65.02       34.98       1.378900    -0.078700   -5.40       57.96       42.04       1.579300    -0.048100   -2.96       61.23       38.77
2026-05-19 14:00:00 UTCALLOUSDT    0.086370      67.10     6273        27141128.000000 -178559.000000-0.65       1.921400    0.062600    3.37        65.77       34.23       1.379700    0.000800    0.06        57.98       42.02       1.620500    0.041200    2.61        61.84       38.16
2026-05-19 15:00:00 UTCALLOUSDT    0.085200      58.68     5344        27022604.000000 -118524.000000-0.44       1.860400    -0.061000   -3.17       65.04       34.96       1.384300    0.004600    0.33        58.06       41.94       1.583300    -0.037200   -2.30       61.29       38.71
2026-05-19 16:00:00 UTCALLOUSDT    0.085220      58.77     4236        27017942.000000 -4662.000000  -0.02       1.920600    0.060200    3.24        65.76       34.24       1.400500    0.016200    1.17        58.34       41.66       1.685300    0.102000    6.44        62.76       37.24
2026-05-19 17:00:00 UTCALLOUSDT    0.084060      51.38     4798        26941826.000000 -76116.000000 -0.28       1.941200    0.020600    1.07        66.00       34.00       1.410000    0.009500    0.68        58.51       41.49       1.702000    0.016700    0.99        62.99       37.01
2026-05-19 18:00:00 UTCALLOUSDT    0.083880      50.32     2893        26775527.000000 -166299.000000-0.62       1.984200    0.043000    2.22        66.49       33.51       1.402500    -0.007500   -0.53       58.38       41.62       1.719600    0.017600    1.03        63.23       36.77
2026-05-19 19:00:00 UTCALLOUSDT    0.084560      54.16     3097        26717331.000000 -58196.000000 -0.22       1.980600    -0.003600   -0.18       66.45       33.55       1.410400    0.007900    0.56        58.51       41.49       1.696100    -0.023500   -1.37       62.91       37.09
2026-05-19 20:00:00 UTCALLOUSDT    0.084360      52.87     3895        26618231.000000 -99100.000000 -0.37       1.963800    -0.016800   -0.85       66.26       33.74       1.420300    0.009900    0.70        58.68       41.32       1.638500    -0.057600   -3.40       62.10       37.90
2026-05-19 21:00:00 UTCALLOUSDT    0.084390      53.05     2214        26476384.000000 -141847.000000-0.53       2.000300    0.036500    1.86        66.67       33.33       1.442500    0.022200    1.56        59.06       40.94       1.661700    0.023200    1.42        62.43       37.57
2026-05-19 22:00:00 UTCALLOUSDT    0.084620      54.49     2573        26430052.000000 -46332.000000 -0.17       2.028500    0.028200    1.41        66.98       33.02       1.453200    0.010700    0.74        59.24       40.76       1.681700    0.020000    1.20        62.71       37.29
2026-05-19 23:00:00 UTCALLOUSDT    0.084350      52.45     1446        26421191.000000 -8861.000000  -0.03       2.104600    0.076100    3.75        67.79       32.21       1.455400    0.002200    0.15        59.27       40.73       1.711500    0.029800    1.77        63.12       36.88
2026-05-20 00:00:00 UTCALLOUSDT    0.084630      54.36     2675        26437769.000000 16578.000000  0.06        2.109500    0.004900    0.23        67.84       32.16       1.456600    0.001200    0.08        59.29       40.71       1.724800    0.013300    0.78        63.30       36.70
2026-05-20 01:00:00 UTCALLOUSDT    0.084190      50.90     2110        26398092.000000 -39677.000000 -0.15       2.092100    -0.017400   -0.82       67.66       32.34       1.460400    0.003800    0.26        59.36       40.64       1.704900    -0.019900   -1.15       63.03       36.97
2026-05-20 02:00:00 UTCALLOUSDT    0.083880      48.56     1885        26385839.000000 -12253.000000 -0.05       2.121100    0.029000    1.39        67.96       32.04       1.463500    0.003100    0.21        59.41       40.59       1.700500    -0.004400   -0.26       62.97       37.03
2026-05-20 03:00:00 UTCALLOUSDT    0.084500      53.20     2447        26346496.000000 -39343.000000 -0.15       2.117200    -0.003900   -0.18       67.92       32.08       1.461900    -0.001600   -0.11       59.38       40.62       1.710000    0.009500    0.56        63.10       36.90
2026-05-20 04:00:00 UTCALLOUSDT    0.084350      51.98     2016        26384265.000000 37769.000000  0.14        2.100800    -0.016400   -0.77       67.75       32.25       1.441900    -0.020000   -1.37       59.05       40.95       1.698300    -0.011700   -0.68       62.94       37.06
2026-05-20 05:00:00 UTCALLOUSDT    0.084330      51.81     2388        26396975.000000 12710.000000  0.05        2.145600    0.044800    2.13        68.21       31.79       1.405700    -0.036200   -2.51       58.43       41.57       1.738200    0.039900    2.35        63.48       36.52
2026-05-20 06:00:00 UTCALLOUSDT    0.084590      53.93     2681        26499410.000000 102435.000000 0.39        2.101700    -0.043900   -2.05       67.76       32.24       1.386700    -0.019000   -1.35       58.10       41.90       1.730700    -0.007500   -0.43       63.38       36.62
2026-05-20 07:00:00 UTCALLOUSDT    0.084060      49.18     2277        26489780.000000 -9630.000000  -0.04       2.101700    0.000000    0.00        67.76       32.24       1.403100    0.016400    1.18        58.39       41.61       1.727800    -0.002900   -0.17       63.34       36.66
2026-05-20 08:00:00 UTCALLOUSDT    0.084040      49.00     1973        26448093.000000 -41687.000000 -0.16       2.116200    0.014500    0.69        67.91       32.09       1.404900    0.001800    0.13        58.42       41.58       1.710800    -0.017000   -0.98       63.11       36.89
2026-05-20 09:00:00 UTCALLOUSDT    0.084660      54.43     11922       26436252.000000 -11841.000000 -0.04       2.115300    -0.000900   -0.04       67.90       32.10       1.404000    -0.000900   -0.06       58.40       41.60       1.702000    -0.008800   -0.51       62.99       37.01
2026-05-20 10:00:00 UTCALLOUSDT    0.084210      50.25     3051        27566699.000000 1130447.0000004.28        2.191800    0.076500    3.62        68.67       31.33       1.412000    0.008000    0.57        58.54       41.46       1.742700    0.040700    2.39        63.54       36.46
2026-05-20 11:00:00 UTCALLOUSDT    0.084160      49.79     2081        27517214.000000 -49485.000000 -0.18       2.201000    0.009200    0.42        68.76       31.24       1.431500    0.019500    1.38        58.87       41.13       1.760100    0.017400    1.00        63.77       36.23
2026-05-20 12:00:00 UTCALLOUSDT    0.085700      61.44     4460        27600550.000000 83336.000000  0.30        2.202000    0.001000    0.05        68.77       31.23       1.450000    0.018500    1.29        59.18       40.82       1.745000    -0.015100   -0.86       63.57       36.43
2026-05-20 13:00:00 UTCALLOUSDT    0.085330      57.96     2516        27802858.000000 202308.000000 0.73        2.086400    -0.115600   -5.25       67.60       32.40       1.482600    0.032600    2.25        59.72       40.28       1.685300    -0.059700   -3.42       62.76       37.24
2026-05-20 14:00:00 UTCALLOUSDT    0.085370      58.23     1869        27688903.000000 -113955.000000-0.41       2.093100    0.006700    0.32        67.67       32.33       1.484200    0.001600    0.11        59.75       40.25       1.675200    -0.010100   -0.60       62.62       37.38
2026-05-20 15:00:00 UTCALLOUSDT    0.085030      54.94     1620        27686566.000000 -2337.000000  -0.01       2.127000    0.033900    1.62        68.02       31.98       1.491800    0.007600    0.51        59.87       40.13       1.704200    0.029000    1.73        63.02       36.98
2026-05-20 16:00:00 UTCALLOUSDT    0.084740      52.23     1796        27644431.000000 -42135.000000 -0.15       2.146600    0.019600    0.92        68.22       31.78       1.493800    0.002000    0.13        59.90       40.10       1.710000    0.005800    0.34        63.10       36.90
2026-05-20 17:00:00 UTCALLOUSDT    0.085170      55.72     1613        27745252.000000 100821.000000 0.36        2.158600    0.012000    0.56        68.34       31.66       1.465100    -0.028700   -1.92       59.43       40.57       1.744200    0.034200    2.00        63.56       36.44
2026-05-20 18:00:00 UTCALLOUSDT    0.085380      57.36     1648        27708414.000000 -36838.000000 -0.13       2.129900    -0.028700   -1.33       68.05       31.95       1.469200    0.004100    0.28        59.50       40.50       1.716700    -0.027500   -1.58       63.19       36.81
2026-05-20 19:00:00 UTCALLOUSDT    0.085690      59.73     2116        27640354.000000 -68060.000000 -0.25       2.128900    -0.001000   -0.05       68.04       31.96       1.470000    0.000800    0.05        59.51       40.49       1.707100    -0.009600   -0.56       63.06       36.94
2026-05-20 20:00:00 UTCALLOUSDT    0.086050      62.35     2193        27538755.000000 -101599.000000-0.37       2.164600    0.035700    1.68        68.40       31.60       1.480800    0.010800    0.73        59.69       40.31       1.734500    0.027400    1.61        63.43       36.57
2026-05-20 21:00:00 UTCALLOUSDT    0.087590      71.02     3426        27630781.000000 92026.000000  0.33        2.102700    -0.061900   -2.86       67.77       32.23       1.465900    -0.014900   -1.01       59.45       40.55       1.671700    -0.062800   -3.62       62.57       37.43
2026-05-20 22:00:00 UTCALLOUSDT    0.088740      75.55     5114        27721479.000000 90698.000000  0.33        2.092100    -0.010600   -0.50       67.66       32.34       1.476700    0.010800    0.74        59.62       40.38       1.652500    -0.019200   -1.15       62.30       37.70
2026-05-20 23:00:00 UTCALLOUSDT    0.087440      63.47     4489        28115210.000000 393731.000000 1.42        2.071300    -0.020800   -0.99       67.44       32.56       1.467100    -0.009600   -0.65       59.47       40.53       1.617800    -0.034700   -2.10       61.80       38.20
2026-05-21 00:00:00 UTCALLOUSDT    0.087950      65.78     3510        27893470.000000 -221740.000000-0.79       2.137700    0.066400    3.21        68.13       31.87       1.472600    0.005500    0.37        59.56       40.44       1.711500    0.093700    5.79        63.12       36.88
2026-05-21 01:00:00 UTCALLOUSDT    0.088010      66.06     2964        27858339.000000 -35131.000000 -0.13       2.103700    -0.034000   -1.59       67.78       32.22       1.474500    0.001900    0.13        59.59       40.41       1.689600    -0.021900   -1.28       62.82       37.18
2026-05-21 02:00:00 UTCALLOUSDT    0.088140      66.67     2855        27764097.000000 -94242.000000 -0.34       2.120100    0.016400    0.78        67.95       32.05       1.474800    0.000300    0.02        59.59       40.41       1.707800    0.018200    1.08        63.07       36.93
2026-05-21 03:00:00 UTCALLOUSDT    0.087960      64.91     2821        27651237.000000 -112860.000000-0.41       2.156600    0.036500    1.72        68.32       31.68       1.534000    0.059200    4.01        60.54       39.46       1.667400    -0.040400   -2.37       62.51       37.49
2026-05-21 04:00:00 UTCALLOUSDT    0.087970      64.97     2755        27617965.000000 -33272.000000 -0.12       2.179700    0.023100    1.07        68.55       31.45       1.525300    -0.008700   -0.57       60.40       39.60       1.672400    0.005000    0.30        62.58       37.42
2026-05-21 05:00:00 UTCALLOUSDT    0.088760      69.12     2900        27507183.000000 -110782.000000-0.40       2.152600    -0.027100   -1.24       68.28       31.72       1.518700    -0.006600   -0.43       60.30       39.70       1.681000    0.008600    0.51        62.70       37.30
2026-05-21 06:00:00 UTCALLOUSDT    0.088270      64.05     2712        27458627.000000 -48556.000000 -0.18       2.166600    0.014000    0.65        68.42       31.58       1.517800    -0.000900   -0.06       60.28       39.72       1.668100    -0.012900   -0.77       62.52       37.48
2026-05-21 07:00:00 UTCALLOUSDT    0.088780      66.78     3476        27361867.000000 -96760.000000 -0.35       2.160600    -0.006000   -0.28       68.36       31.64       1.509900    -0.007900   -0.52       60.16       39.84       1.704200    0.036100    2.16        63.02       36.98
2026-05-21 08:00:00 UTCALLOUSDT    0.089030      68.06     2449        27543883.000000 182016.000000 0.67        2.094100    -0.066500   -3.08       67.68       32.32       1.511200    0.001300    0.09        60.18       39.82       1.693200    -0.011000   -0.65       62.87       37.13
2026-05-21 09:00:00 UTCALLOUSDT    0.090950      75.78     14335       27657639.000000 113756.000000 0.41        2.123000    0.028900    1.38        67.98       32.02       1.501100    -0.010100   -0.67       60.02       39.98       1.674500    -0.018700   -1.10       62.61       37.39
2026-05-21 10:00:00 UTCALLOUSDT    0.088810      58.74     11558       28742169.000000 1084530.0000003.92        2.198000    0.075000    3.53        68.73       31.27       1.514900    0.013800    0.92        60.24       39.76       1.667400    -0.007100   -0.42       62.51       37.49
2026-05-21 11:00:00 UTCALLOUSDT    0.087070      49.07     10992       28747950.000000 5781.000000   0.02        2.200000    0.002000    0.09        68.75       31.25       1.475300    -0.039600   -2.61       59.60       40.40       1.690300    0.022900    1.37        62.83       37.17
2026-05-21 12:00:00 UTCALLOUSDT    0.087160      49.53     12582       28595312.000000 -152638.000000-0.53       2.208200    0.008200    0.37        68.83       31.17       1.425400    -0.049900   -3.38       58.77       41.23       1.714400    0.024100    1.43        63.16       36.84
2026-05-21 13:00:00 UTCALLOUSDT    0.087120      49.32     10875       29029544.000000 434232.000000 1.52        2.069400    -0.138800   -6.29       67.42       32.58       1.381000    -0.044400   -3.11       58.00       42.00       1.620500    -0.093900   -5.48       61.84       38.16
2026-05-21 14:00:00 UTCALLOUSDT    0.085620      41.98     36923       28906216.000000 -123328.000000-0.42       2.021100    -0.048300   -2.33       66.90       33.10       1.345800    -0.035200   -2.55       57.37       42.63       1.588000    -0.032500   -2.01       61.36       38.64
2026-05-21 15:00:00 UTCALLOUSDT    0.083870      35.37     36375       29678015.000000 771799.000000 2.67        1.979700    -0.041400   -2.05       66.44       33.56       1.306900    -0.038900   -2.89       56.65       43.35       1.592700    0.004700    0.30        61.43       38.57
2026-05-21 16:00:00 UTCALLOUSDT    0.084510      39.14     14391       29799078.000000 121063.000000 0.41        1.892700    -0.087000   -4.39       65.43       34.57       1.285100    -0.021800   -1.67       56.24       43.76       1.581300    -0.011400   -0.72       61.26       38.74
2026-05-21 17:00:00 UTCALLOUSDT    0.086640      49.68     10053       30871479.000000 1072401.0000003.60        1.804300    -0.088400   -4.67       64.34       35.66       1.290400    0.005300    0.41        56.34       43.66       1.553000    -0.028300   -1.79       60.83       39.17
2026-05-21 18:00:00 UTCALLOUSDT    0.086850      50.59     7306        30492435.000000 -379044.000000-1.23       1.739700    -0.064600   -3.58       63.50       36.50       1.299600    0.009200    0.71        56.51       43.49       1.502500    -0.050500   -3.25       60.04       39.96
2026-05-21 19:00:00 UTCALLOUSDT    0.088880      58.40     7291        30329353.000000 -163082.000000-0.53       1.730000    -0.009700   -0.56       63.37       36.63       1.302600    0.003000    0.23        56.57       43.43       1.495600    -0.006900   -0.46       59.93       40.07
2026-05-21 20:00:00 UTCALLOUSDT    0.090810      64.20     16625       30400174.000000 70821.000000  0.23        1.672400    -0.057600   -3.33       62.58       37.42       1.284900    -0.017700   -1.36       56.23       43.77       1.440800    -0.054800   -3.66       59.03       40.97
2026-05-21 21:00:00 UTCALLOUSDT    0.090920      64.50     9424        30436500.000000 36326.000000  0.12        1.682400    0.010000    0.60        62.72       37.28       1.292900    0.008000    0.62        56.39       43.61       1.467300    0.026500    1.84        59.47       40.53
2026-05-21 22:00:00 UTCALLOUSDT    0.092050      67.55     8637        30495326.000000 58826.000000  0.19        1.733700    0.051300    3.05        63.42       36.58       1.311800    0.018900    1.46        56.74       43.26       1.501300    0.034000    2.32        60.02       39.98
2026-05-21 23:00:00 UTCALLOUSDT    0.091420      64.24     10315       30720340.000000 225014.000000 0.74        1.752500    0.018800    1.08        63.67       36.33       1.305600    -0.006200   -0.47       56.63       43.37       1.512600    0.011300    0.75        60.20       39.80
2026-05-22 00:00:00 UTCALLOUSDT    0.090500      59.64     7532        31106868.000000 386528.000000 1.26        1.707800    -0.044700   -2.55       63.07       36.93       1.279700    -0.025900   -1.98       56.14       43.86       1.499400    -0.013200   -0.87       59.99       40.01
2026-05-22 01:00:00 UTCALLOUSDT    0.090180      58.09     6377        31519545.000000 412677.000000 1.33        1.682400    -0.025400   -1.49       62.72       37.28       1.269400    -0.010300   -0.80       55.93       44.07       1.485100    -0.014300   -0.95       59.76       40.24
2026-05-22 02:00:00 UTCALLOUSDT    0.090940      60.71     6688        31256658.000000 -262887.000000-0.83       1.691800    0.009400    0.56        62.85       37.15       1.333300    0.063900    5.03        57.14       42.86       1.478900    -0.006200   -0.42       59.66       40.34
2026-05-22 03:00:00 UTCALLOUSDT    0.091570      62.79     17891       30934450.000000 -322208.000000-1.03       1.683100    -0.008700   -0.51       62.73       37.27       1.330600    -0.002700   -0.20       57.09       42.91       1.482000    0.003100    0.21        59.71       40.29
2026-05-22 04:00:00 UTCALLOUSDT    0.091540      62.62     8718        31163430.000000 228980.000000 0.74        1.681000    -0.002100   -0.12       62.70       37.30       1.330900    0.000300    0.02        57.10       42.90       1.454000    -0.028000   -1.89       59.25       40.75
2026-05-22 05:00:00 UTCALLOUSDT    0.091060      59.83     12755       31396095.000000 232665.000000 0.75        1.668800    -0.012200   -0.73       62.53       37.47       1.322000    -0.008900   -0.67       56.93       43.07       1.427800    -0.026200   -1.80       58.81       41.19
2026-05-22 06:00:00 UTCALLOUSDT    0.090050      54.35     17045       31483022.000000 86927.000000  0.28        1.637100    -0.031700   -1.90       62.08       37.92       1.318700    -0.003300   -0.25       56.87       43.13       1.415500    -0.012300   -0.86       58.60       41.40
2026-05-22 07:00:00 UTCALLOUSDT    0.090210      55.05     11598       31358002.000000 -125020.000000-0.40       1.591300    -0.045800   -2.80       61.41       38.59       1.271400    -0.047300   -3.59       55.97       44.03       1.380400    -0.035100   -2.48       57.99       42.01
2026-05-22 08:00:00 UTCALLOUSDT    0.091120      58.92     12589       31357378.000000 -624.000000   -0.00       1.615700    0.024400    1.53        61.77       38.23       1.254000    -0.017400   -1.37       55.63       44.37       1.414900    0.034500    2.50        58.59       41.41
2026-05-22 09:00:00 UTCALLOUSDT    0.090380      54.79     11799       31463649.000000 106271.000000 0.34        1.610300    -0.005400   -0.33       61.69       38.31       1.257900    0.003900    0.31        55.71       44.29       1.372500    -0.042400   -3.00       57.85       42.15
2026-05-22 10:00:00 UTCALLOUSDT    0.092220      61.94     6117        31150763.000000 -312886.000000-0.99       1.588000    -0.022300   -1.38       61.36       38.64       1.280500    0.022600    1.80        56.15       43.85       1.340800    -0.031700   -2.31       57.28       42.72
2026-05-22 11:00:00 UTCALLOUSDT    0.095310      70.41     14449       31030317.000000 -120446.000000-0.39       1.608200    0.020200    1.27        61.66       38.34       1.287200    0.006700    0.52        56.28       43.72       1.356300    0.015500    1.16        57.56       42.44
2026-05-22 12:00:00 UTCALLOUSDT    0.100810      79.25     48562       32360900.000000 1330583.0000004.29        1.549700    -0.058500   -3.64       60.78       39.22       1.323600    0.036400    2.83        56.96       43.04       1.311100    -0.045200   -3.33       56.73       43.27
2026-05-22 13:00:00 UTCALLOUSDT    0.097080      65.05     50100       32858363.000000 497463.000000 1.54        1.475900    -0.073800   -4.76       59.61       40.39       1.286600    -0.037000   -2.80       56.27       43.73       1.281000    -0.030100   -2.30       56.16       43.84
2026-05-22 14:00:00 UTCALLOUSDT    0.095070      58.92     23565       32179730.000000 -678633.000000-2.07       1.445000    -0.030900   -2.09       59.10       40.90       1.269100    -0.017500   -1.36       55.93       44.07       1.293100    0.012100    0.94        56.39       43.61
2026-05-22 15:00:00 UTCALLOUSDT    0.099310      66.16     44828       32093693.000000 -86037.000000 -0.27       1.482600    0.037600    2.60        59.72       40.28       1.295400    0.026300    2.07        56.43       43.57       1.298900    0.005800    0.45        56.50       43.50
2026-05-22 16:00:00 UTCALLOUSDT    0.098370      63.49     43382       32223488.000000 129795.000000 0.40        1.426000    -0.056600   -3.82       58.78       41.22       1.299100    0.003700    0.29        56.51       43.49       1.243700    -0.055200   -4.25       55.43       44.57
2026-05-22 17:00:00 UTCALLOUSDT    0.100140      66.26     26685       31895662.000000 -327826.000000-1.02       1.454000    0.028000    1.96        59.25       40.75       1.355300    0.056200    4.33        57.54       42.46       1.285200    0.041500    3.34        56.24       43.76
2026-05-22 18:00:00 UTCALLOUSDT    0.098990      62.92     22530       32181258.000000 285596.000000 0.90        1.482600    0.028600    1.97        59.72       40.28       1.370400    0.015100    1.11        57.81       42.19       1.280500    -0.004700   -0.37       56.15       43.85
2026-05-22 19:00:00 UTCALLOUSDT    0.097700      59.32     23080       32485354.000000 304096.000000 0.94        1.492500    0.009900    0.67        59.88       40.12       1.402400    0.032000    2.34        58.38       41.62       1.291500    0.011000    0.86        56.36       43.64
2026-05-22 20:00:00 UTCALLOUSDT    0.099820      63.06     19186       31594215.000000 -891139.000000-2.74       1.509400    0.016900    1.13        60.15       39.85       1.361700    -0.040700   -2.90       57.66       42.34       1.311100    0.019600    1.52        56.73       43.27
2026-05-22 21:00:00 UTCALLOUSDT    0.095650      52.77     13829       31382831.000000 -211384.000000-0.67       1.422500    -0.086900   -5.76       58.72       41.28       1.347400    -0.014300   -1.05       57.40       42.60       1.265500    -0.045600   -3.48       55.86       44.14
2026-05-22 22:00:00 UTCALLOUSDT    0.092720      46.97     16872       31035029.000000 -347802.000000-1.11       1.549700    0.127200    8.94        60.78       39.22       1.343400    -0.004000   -0.30       57.33       42.67       1.362400    0.096900    7.66        57.67       42.33
2026-05-22 23:00:00 UTCALLOUSDT    0.089540      41.63     21555       30402104.000000 -632925.000000-2.04       1.549100    -0.000600   -0.04       60.77       39.23       1.314500    -0.028900   -2.15       56.79       43.21       1.370200    0.007800    0.57        57.81       42.19
2026-05-23 00:00:00 UTCALLOUSDT    0.088560      40.11     17289       29094359.000000 -1307745.000000-4.30       1.539400    -0.009700   -0.63       60.62       39.38       1.304100    -0.010400   -0.79       56.60       43.40       1.346300    -0.023900   -1.74       57.38       42.62
2026-05-23 01:00:00 UTCALLOUSDT    0.089150      41.49     13185       28615612.000000 -478747.000000-1.65       1.491300    -0.048100   -3.12       59.86       40.14       1.261900    -0.042200   -3.24       55.79       44.21       1.299900    -0.046400   -3.45       56.52       43.48
2026-05-23 02:00:00 UTCALLOUSDT    0.088880      41.03     12363       28479017.000000 -136595.000000-0.48       1.668800    0.177500    11.90       62.53       37.47       1.300400    0.038500    3.05        56.53       43.47       1.390100    0.090200    6.94        58.16       41.84
2026-05-23 03:00:00 UTCALLOUSDT    0.090100      44.08     6782        28934231.000000 455214.000000 1.60        1.655300    -0.013500   -0.81       62.34       37.66       1.274800    -0.025600   -1.97       56.04       43.96       1.402700    0.012600    0.91        58.38       41.62
2026-05-23 04:00:00 UTCALLOUSDT    0.090350      44.72     9204        29109436.000000 175205.000000 0.61        1.619200    -0.036100   -2.18       61.82       38.18       1.288400    0.013600    1.07        56.30       43.70       1.421900    0.019200    1.37        58.71       41.29
2026-05-23 05:00:00 UTCALLOUSDT    0.088460      40.94     7937        29770340.000000 660904.000000 2.27        1.584000    -0.035200   -2.17       61.30       38.70       1.343700    0.055300    4.29        57.33       42.67       1.374200    -0.047700   -3.35       57.88       42.12
2026-05-23 06:00:00 UTCALLOUSDT    0.086600      37.59     10244       29330558.000000 -439782.000000-1.48       1.600100    0.016100    1.02        61.54       38.46       1.339500    -0.004200   -0.31       57.26       42.74       1.371400    -0.002800   -0.20       57.83       42.17
2026-05-23 07:00:00 UTCALLOUSDT    0.083500      32.76     16034       28901724.000000 -428834.000000-1.46       1.644100    0.044000    2.75        62.18       37.82       1.329400    -0.010100   -0.75       57.07       42.93       1.405600    0.034200    2.49        58.43       41.57
2026-05-23 08:00:00 UTCALLOUSDT    0.084130      34.60     8893        29132911.000000 231187.000000 0.80        1.663100    0.019000    1.16        62.45       37.55       1.292200    -0.037200   -2.80       56.37       43.63       1.420700    0.015100    1.07        58.69       41.31
2026-05-23 09:00:00 UTCALLOUSDT    0.084690      36.27     7065        29188471.000000 55560.000000  0.19        1.633700    -0.029400   -1.77       62.03       37.97       1.272200    -0.020000   -1.55       55.99       44.01       1.421900    0.001200    0.08        58.71       41.29
2026-05-23 10:00:00 UTCALLOUSDT    0.084730      36.39     5869        29525817.000000 337346.000000 1.16        1.555600    -0.078100   -4.78       60.87       39.13       1.301200    0.029000    2.28        56.54       43.46       1.291500    -0.130400   -9.17       56.36       43.64
2026-05-23 11:00:00 UTCALLOUSDT    0.084750      36.46     5350        29383550.000000 -142267.000000-0.48       1.557500    0.001900    0.12        60.90       39.10       1.322800    0.021600    1.66        56.95       43.05       1.314300    0.022800    1.77        56.79       43.21
2026-05-23 12:00:00 UTCALLOUSDT    0.085730      39.80     5228        29456007.000000 72457.000000  0.25        1.555600    -0.001900   -0.12       60.87       39.13       1.343500    0.020700    1.56        57.33       42.67       1.321300    0.007000    0.53        56.92       43.08
2026-05-23 13:00:00 UTCALLOUSDT    0.085790      40.01     5996        29176574.000000 -279433.000000-0.95       1.545800    -0.009800   -0.63       60.72       39.28       1.320600    -0.022900   -1.70       56.91       43.09       1.318600    -0.002700   -0.20       56.87       43.13
2026-05-23 14:00:00 UTCALLOUSDT    0.086460      42.40     6215        29208265.000000 31691.000000  0.11        1.539400    -0.006400   -0.41       60.62       39.38       1.370300    0.049700    3.76        57.81       42.19       1.309500    -0.009100   -0.69       56.70       43.30
2026-05-23 15:00:00 UTCALLOUSDT    0.086640      43.06     5571        29009732.000000 -198533.000000-0.68       1.562100    0.022700    1.47        60.97       39.03       1.386900    0.016600    1.21        58.10       41.90       1.313700    0.004200    0.32        56.78       43.22
2026-05-23 16:00:00 UTCALLOUSDT    0.087280      45.45     5130        29098858.000000 89126.000000  0.31        1.570700    0.008600    0.55        61.10       38.90       1.387800    0.000900    0.06        58.12       41.88       1.312700    -0.001000   -0.08       56.76       43.24
2026-05-23 17:00:00 UTCALLOUSDT    0.087820      47.45     6127        29413210.000000 314352.000000 1.08        1.534200    -0.036500   -2.32       60.54       39.46       1.446700    0.058900    4.24        59.13       40.87       1.276300    -0.036400   -2.77       56.07       43.93
2026-05-23 18:00:00 UTCALLOUSDT    0.089930      54.47     6189        29801663.000000 388453.000000 1.32        1.549700    0.015500    1.01        60.78       39.22       1.479900    0.033200    2.29        59.68       40.32       1.314800    0.038500    3.02        56.80       43.20
2026-05-23 19:00:00 UTCALLOUSDT    0.089850      54.18     7378        29719103.000000 -82560.000000 -0.28       1.548400    -0.001300   -0.08       60.76       39.24       1.483400    0.003500    0.24        59.73       40.27       1.311100    -0.003700   -0.28       56.73       43.27
2026-05-23 20:00:00 UTCALLOUSDT    0.094380      65.57     12664       29989060.000000 269957.000000 0.91        1.539400    -0.009000   -0.58       60.62       39.38       1.494400    0.011000    0.74        59.91       40.09       1.308400    -0.002700   -0.21       56.68       43.32
2026-05-23 21:00:00 UTCALLOUSDT    0.092950      60.46     7604        30237207.000000 248147.000000 0.83        1.510700    -0.028700   -1.86       60.17       39.83       1.471600    -0.022800   -1.53       59.54       40.46       1.302600    -0.005800   -0.44       56.57       43.43
2026-05-23 22:00:00 UTCALLOUSDT    0.091470      55.63     7606        29940409.000000 -296798.000000-0.98       1.406700    -0.104000   -6.88       58.45       41.55       1.514200    0.042600    2.89        60.23       39.77       1.266500    -0.036100   -2.77       55.88       44.12
2026-05-23 23:00:00 UTCALLOUSDT    0.092430      57.97     6308        30013834.000000 73425.000000  0.25        1.425400    0.018700    1.33        58.77       41.23       1.539600    0.025400    1.68        60.62       39.38       1.283600    0.017100    1.35        56.21       43.79
2026-05-24 00:00:00 UTCALLOUSDT    0.091580      55.19     6363        29974726.000000 -39108.000000 -0.13       1.423700    -0.001700   -0.12       58.74       41.26       1.551500    0.011900    0.77        60.81       39.19       1.254300    -0.029300   -2.28       55.64       44.36
2026-05-24 01:00:00 UTCALLOUSDT    0.092740      58.14     5451        30160092.000000 185366.000000 0.62        1.433700    0.010000    0.70        58.91       41.09       1.519300    -0.032200   -2.08       60.31       39.69       1.284100    0.029800    2.38        56.22       43.78
2026-05-24 02:00:00 UTCALLOUSDT    0.092170      56.18     9620        30077396.000000 -82696.000000 -0.27       1.445600    0.011900    0.83        59.11       40.89       1.513100    -0.006200   -0.41       60.21       39.79       1.281500    -0.002600   -0.20       56.17       43.83
2026-05-24 03:00:00 UTCALLOUSDT    0.092510      57.11     4001        29661692.000000 -415704.000000-1.38       1.445000    -0.000600   -0.04       59.10       40.90       1.576700    0.063600    4.20        61.19       38.81       1.302600    0.021100    1.65        56.57       43.43
2026-05-24 04:00:00 UTCALLOUSDT    0.093060      58.64     9061        29595499.000000 -66193.000000 -0.22       1.469700    0.024700    1.71        59.51       40.49       1.579400    0.002700    0.17        61.23       38.77       1.315900    0.013300    1.02        56.82       43.18
2026-05-24 05:00:00 UTCALLOUSDT    0.090710      50.39     6440        29964948.000000 369449.000000 1.25        1.464300    -0.005400   -0.37       59.42       40.58       1.538200    -0.041200   -2.61       60.60       39.40       1.291000    -0.024900   -1.89       56.35       43.65
2026-05-24 06:00:00 UTCALLOUSDT    0.091510      52.82     5167        29572909.000000 -392039.000000-1.31       1.496900    0.032600    2.23        59.95       40.05       1.577900    0.039700    2.58        61.21       38.79       1.305700    0.014700    1.14        56.63       43.37
2026-05-24 07:00:00 UTCALLOUSDT    0.090730      50.23     4167        29598033.000000 25124.000000  0.08        1.476500    -0.020400   -1.36       59.62       40.38       1.581600    0.003700    0.23        61.26       38.74       1.295200    -0.010500   -0.80       56.43       43.57
2026-05-24 08:00:00 UTCALLOUSDT    0.090850      50.63     6828        29472525.000000 -125508.000000-0.42       1.494400    0.017900    1.21        59.91       40.09       1.585400    0.003800    0.24        61.32       38.68       1.281500    -0.013700   -1.06       56.17       43.83
2026-05-24 09:00:00 UTCALLOUSDT    0.090490      49.35     4971        29685725.000000 213200.000000 0.72        1.483900    -0.010500   -0.70       59.74       40.26       1.585000    -0.000400   -0.03       61.32       38.68       1.284700    0.003200    0.25        56.23       43.77
2026-05-24 10:00:00 UTCALLOUSDT    0.090100      47.93     3602        29692157.000000 6432.000000   0.02        1.496900    0.013000    0.88        59.95       40.05       1.578600    -0.006400   -0.40       61.22       38.78       1.287800    0.003100    0.24        56.29       43.71
2026-05-24 11:00:00 UTCALLOUSDT    0.089170      44.64     4729        29631757.000000 -60400.000000 -0.20       1.493800    -0.003100   -0.21       59.90       40.10       1.569000    -0.009600   -0.61       61.07       38.93       1.302600    0.014800    1.15        56.57       43.43
2026-05-24 12:00:00 UTCALLOUSDT    0.088610      42.73     4884        29537182.000000 -94575.000000 -0.32       1.522700    0.028900    1.93        60.36       39.64       1.580700    0.011700    0.75        61.25       38.75       1.318000    0.015400    1.18        56.86       43.14
2026-05-24 13:00:00 UTCALLOUSDT    0.088350      41.84     3793        29192949.000000 -344233.000000-1.17       1.527200    0.004500    0.30        60.43       39.57       1.598400    0.017700    1.12        61.51       38.49       1.347400    0.029400    2.23        57.40       42.60
2026-05-24 14:00:00 UTCALLOUSDT    0.088220      41.38     4576        29253498.000000 60549.000000  0.21        1.517600    -0.009600   -0.63       60.28       39.72       1.607800    0.009400    0.59        61.65       38.35       1.332600    -0.014800   -1.10       57.13       42.87
2026-05-24 15:00:00 UTCALLOUSDT    0.088060      40.77     3447        29236039.000000 -17459.000000 -0.06       1.466700    -0.050900   -3.35       59.46       40.54       1.591100    -0.016700   -1.04       61.41       38.59       1.287300    -0.045300   -3.40       56.28       43.72
2026-05-24 16:00:00 UTCALLOUSDT    0.088250      41.85     4434        29106933.000000 -129106.000000-0.44       1.486900    0.020200    1.38        59.79       40.21       1.603200    0.012100    0.76        61.59       38.41       1.293600    0.006300    0.49        56.40       43.60
2026-05-24 17:00:00 UTCALLOUSDT    0.088200      41.64     3280        28996586.000000 -110347.000000-0.38       1.484500    -0.002400   -0.16       59.75       40.25       1.631600    0.028400    1.77        62.00       38.00       1.283100    -0.010500   -0.81       56.20       43.80
2026-05-24 18:00:00 UTCALLOUSDT    0.087650      39.25     3793        28857649.000000 -138937.000000-0.48       1.510700    0.026200    1.76        60.17       39.83       1.629800    -0.001800   -0.11       61.97       38.03       1.318600    0.035500    2.77        56.87       43.13
2026-05-24 19:00:00 UTCALLOUSDT    0.087670      39.38     3350        28895178.000000 37529.000000  0.13        1.506900    -0.003800   -0.25       60.11       39.89       1.635500    0.005700    0.35        62.06       37.94       1.342500    0.023900    1.81        57.31       42.69
2026-05-24 20:00:00 UTCALLOUSDT    0.088170      42.84     3976        28925048.000000 29870.000000  0.10        1.516400    0.009500    0.63        60.26       39.74       1.640900    0.005400    0.33        62.13       37.87       1.320200    -0.022300   -1.66       56.90       43.10
2026-05-24 21:00:00 UTCALLOUSDT    0.086770      36.56     4651        28943171.000000 18123.000000  0.06        1.493100    -0.023300   -1.54       59.89       40.11       1.637600    -0.003300   -0.20       62.09       37.91       1.311600    -0.008600   -0.65       56.74       43.26
2026-05-24 22:00:00 UTCALLOUSDT    0.087130      39.03     3674        28798507.000000 -144664.000000-0.50       1.506900    0.013800    0.92        60.11       39.89       1.629100    -0.008500   -0.52       61.96       38.04       1.341900    0.030300    2.31        57.30       42.70
2026-05-24 23:00:00 UTCALLOUSDT    0.088140      45.46     4831        28789179.000000 -9328.000000  -0.03       1.465500    -0.041400   -2.75       59.44       40.56       1.624700    -0.004400   -0.27       61.90       38.10       1.318000    -0.023900   -1.78       56.86       43.14
2026-05-25 00:00:00 UTCALLOUSDT    0.088190      45.77     4358        28895280.000000 106101.000000 0.37        1.449800    -0.015700   -1.07       59.18       40.82       1.642400    0.017700    1.09        62.16       37.84       1.237600    -0.080400   -6.10       55.31       44.69
2026-05-25 01:00:00 UTCALLOUSDT    0.087210      40.94     4170        28860806.000000 -34474.000000 -0.12       1.474600    0.024800    1.71        59.59       40.41       1.629600    -0.012800   -0.78       61.97       38.03       1.269100    0.031500    2.55        55.93       44.07
2026-05-25 02:00:00 UTCALLOUSDT    0.087890      45.25     4152        28908827.000000 48021.000000  0.17        1.470400    -0.004200   -0.28       59.52       40.48       1.633300    0.003700    0.23        62.03       37.97       1.269100    0.000000    0.00        55.93       44.07
2026-05-25 03:00:00 UTCALLOUSDT    0.087480      43.20     2926        28826363.000000 -82464.000000 -0.29       1.486900    0.016500    1.12        59.79       40.21       1.642600    0.009300    0.57        62.16       37.84       1.276900    0.007800    0.61        56.08       43.92
2026-05-25 04:00:00 UTCALLOUSDT    0.087940      46.15     2947        28778961.000000 -47402.000000 -0.16       1.500000    0.013100    0.88        60.00       40.00       1.637900    -0.004700   -0.29       62.09       37.91       1.298300    0.021400    1.68        56.49       43.51
2026-05-25 05:00:00 UTCALLOUSDT    0.087520      43.91     3583        28811477.000000 32516.000000  0.11        1.552300    0.052300    3.49        60.82       39.18       1.639000    0.001100    0.07        62.11       37.89       1.329900    0.031600    2.43        57.08       42.92
2026-05-25 06:00:00 UTCALLOUSDT    0.087540      44.05     4294        28758574.000000 -52903.000000 -0.18       1.570700    0.018400    1.19        61.10       38.90       1.629000    -0.010000   -0.61       61.96       38.04       1.349600    0.019700    1.48        57.44       42.56
2026-05-25 07:00:00 UTCALLOUSDT    0.087260      42.46     3278        28874815.000000 116241.000000 0.40        1.590700    0.020000    1.27        61.40       38.60       1.632000    0.003000    0.18        62.01       37.99       1.373600    0.024000    1.78        57.87       42.13
2026-05-25 08:00:00 UTCALLOUSDT    0.087210      42.17     2494        28881632.000000 6817.000000   0.02        1.604800    0.014100    0.89        61.61       38.39       1.620900    -0.011100   -0.68       61.85       38.15       1.410800    0.037200    2.71        58.52       41.48
2026-05-25 09:00:00 UTCALLOUSDT    0.086210      36.71     5575        28868887.000000 -12745.000000 -0.04       1.588000    -0.016800   -1.05       61.36       38.64       1.606000    -0.014900   -0.92       61.63       38.37       1.390100    -0.020700   -1.47       58.16       41.84
2026-05-25 10:00:00 UTCALLOUSDT    0.086840      41.82     3680        28766231.000000 -102656.000000-0.36       1.638500    0.050500    3.18        62.10       37.90       1.577300    -0.028700   -1.79       61.20       38.80       1.461800    0.071700    5.16        59.38       40.62
2026-05-25 11:00:00 UTCALLOUSDT    0.087680      47.86     6483        28783460.000000 17229.000000  0.06        1.637100    -0.001400   -0.09       62.08       37.92       1.591600    0.014300    0.91        61.41       38.59       1.443200    -0.018600   -1.27       59.07       40.93
2026-05-25 12:00:00 UTCALLOUSDT    0.088000      49.99     4523        28867599.000000 84139.000000  0.29        1.556900    -0.080200   -4.90       60.89       39.11       1.592100    0.000500    0.03        61.42       38.58       1.333700    -0.109500   -7.59       57.15       42.85
2026-05-25 13:00:00 UTCALLOUSDT    0.087520      46.89     3275        28897099.000000 29500.000000  0.10        1.556900    0.000000    0.00        60.89       39.11       1.591300    -0.000800   -0.05       61.41       38.59       1.343600    0.009900    0.74        57.33       42.67
2026-05-25 14:00:00 UTCALLOUSDT    0.087490      46.70     2631        28947627.000000 50528.000000  0.17        1.550400    -0.006500   -0.42       60.79       39.21       1.599400    0.008100    0.51        61.53       38.47       1.328300    -0.015300   -1.14       57.05       42.95
2026-05-25 15:00:00 UTCALLOUSDT    0.087030      43.70     4221        28943989.000000 -3638.000000  -0.01       1.555600    0.005200    0.34        60.87       39.13       1.604100    0.004700    0.29        61.60       38.40       1.351300    0.023000    1.73        57.47       42.53
2026-05-25 16:00:00 UTCALLOUSDT    0.087140      44.62     5019        29198997.000000 255008.000000 0.88        1.551000    -0.004600   -0.30       60.80       39.20       1.619300    0.015200    0.95        61.82       38.18       1.362900    0.011600    0.86        57.68       42.32
2026-05-25 17:00:00 UTCALLOUSDT    0.087560      48.09     2793        29119587.000000 -79410.000000 -0.27       1.574700    0.023700    1.53        61.16       38.84       1.613300    -0.006000   -0.37       61.73       38.27       1.421300    0.058400    4.28        58.70       41.30
2026-05-25 18:00:00 UTCALLOUSDT    0.087560      48.09     3266        29188826.000000 69239.000000  0.24        1.575300    0.000600    0.04        61.17       38.83       1.615600    0.002300    0.14        61.77       38.23       1.380400    -0.040900   -2.88       57.99       42.01
2026-05-25 19:00:00 UTCALLOUSDT    0.086700      41.86     2470        29072087.000000 -116739.000000-0.40       1.560200    -0.015100   -0.96       60.94       39.06       1.623200    0.007600    0.47        61.88       38.12       1.387800    0.007400    0.54        58.12       41.88
2026-05-25 20:00:00 UTCALLOUSDT    0.086520      40.68     2385        29080484.000000 8397.000000   0.03        1.581300    0.021100    1.35        61.26       38.74       1.607900    -0.015300   -0.94       61.66       38.34       1.408500    0.020700    1.49        58.48       41.52
2026-05-25 21:00:00 UTCALLOUSDT    0.086980      44.97     2402        29067994.000000 -12490.000000 -0.04       1.553000    -0.028300   -1.79       60.83       39.17       1.598600    -0.009300   -0.58       61.52       38.48       1.418400    0.009900    0.70        58.65       41.35
2026-05-25 22:00:00 UTCALLOUSDT    0.085310      35.05     3856        29287574.000000 219580.000000 0.76        1.547800    -0.005200   -0.33       60.75       39.25       1.582200    -0.016400   -1.03       61.27       38.73       1.403300    -0.015100   -1.06       58.39       41.61
2026-05-25 23:00:00 UTCALLOUSDT    0.084960      33.39     6476        29334116.000000 46542.000000  0.16        1.586000    0.038200    2.47        61.33       38.67       1.559900    -0.022300   -1.41       60.94       39.06       1.460600    0.057300    4.08        59.36       40.64
2026-05-26 00:00:00 UTCALLOUSDT    0.084260      30.30     6016        28842936.000000 -491180.000000-1.67       1.560800    -0.025200   -1.59       60.95       39.05       1.550500    -0.009400   -0.60       60.79       39.21       1.385500    -0.075100   -5.14       58.08       41.92
2026-05-26 01:00:00 UTCALLOUSDT    0.083880      28.74     4685        28756717.000000 -86219.000000 -0.30       1.556200    -0.004600   -0.29       60.88       39.12       1.537000    -0.013500   -0.87       60.58       39.42       1.381000    -0.004500   -0.32       58.00       42.00
2026-05-26 02:00:00 UTCALLOUSDT    0.083110      25.84     3186        28704246.000000 -52471.000000 -0.18       1.580600    0.024400    1.57        61.25       38.75       1.535100    -0.001900   -0.12       60.55       39.45       1.389500    0.008500    0.62        58.15       41.85
2026-05-26 03:00:00 UTCALLOUSDT    0.083090      25.77     4572        28675481.000000 -28765.000000 -0.10       1.566100    -0.014500   -0.92       61.03       38.97       1.535300    0.000200    0.01        60.56       39.44       1.369700    -0.019800   -1.42       57.80       42.20
2026-05-26 04:00:00 UTCALLOUSDT    0.083120      26.10     4378        28652866.000000 -22615.000000 -0.08       1.538100    -0.028000   -1.79       60.60       39.40       1.540100    0.004800    0.31        60.63       39.37       1.343000    -0.026700   -1.95       57.32       42.68
2026-05-26 05:00:00 UTCALLOUSDT    0.083860      34.03     3442        28676002.000000 23136.000000  0.08        1.514500    -0.023600   -1.53       60.23       39.77       1.543000    0.002900    0.19        60.68       39.32       1.332600    -0.010400   -0.77       57.13       42.87
2026-05-26 06:00:00 UTCALLOUSDT    0.084300      38.27     3876        28776776.000000 100774.000000 0.35        1.498100    -0.016400   -1.08       59.97       40.03       1.564200    0.021200    1.37        61.00       39.00       1.298900    -0.033700   -2.53       56.50       43.50
2026-05-26 07:00:00 UTCALLOUSDT    0.083560      34.28     5036        28806636.000000 29860.000000  0.10        1.484500    -0.013600   -0.91       59.75       40.25       1.568500    0.004300    0.27        61.07       38.93       1.278400    -0.020500   -1.58       56.11       43.89
2026-05-26 08:00:00 UTCALLOUSDT    0.083950      37.95     3598        28815337.000000 8701.000000   0.03        1.451000    -0.033500   -2.26       59.20       40.80       1.564900    -0.003600   -0.23       61.01       38.99       1.254300    -0.024100   -1.89       55.64       44.36
2026-05-26 09:00:00 UTCALLOUSDT    0.082620      31.49     9121        29216783.000000 401446.000000 1.39        1.434300    -0.016700   -1.15       58.92       41.08       1.554900    -0.010000   -0.64       60.86       39.14       1.245900    -0.008400   -0.67       55.48       44.53
2026-05-26 10:00:00 UTCALLOUSDT    0.085000      48.41     6793        29531816.000000 315033.000000 1.08        1.525300    0.091000    6.34        60.40       39.60       1.600200    0.045300    2.91        61.54       38.46       1.330500    0.084600    6.79        57.09       42.91
2026-05-26 11:00:00 UTCALLOUSDT    0.084610      46.39     4403        29433521.000000 -98295.000000 -0.33       1.465500    -0.059800   -3.92       59.44       40.56       1.618400    0.018200    1.14        61.81       38.19       1.270700    -0.059800   -4.49       55.96       44.04
2026-05-26 12:00:00 UTCALLOUSDT    0.084010      43.39     4172        29364537.000000 -68984.000000 -0.23       1.469700    0.004200    0.29        59.51       40.49       1.611100    -0.007300   -0.45       61.70       38.30       1.276900    0.006200    0.49        56.08       43.92
2026-05-26 13:00:00 UTCALLOUSDT    0.084090      43.91     3698        29466105.000000 101568.000000 0.35        1.423700    -0.046000   -3.13       58.74       41.26       1.597500    -0.013600   -0.84       61.50       38.50       1.230600    -0.046300   -3.63       55.17       44.83
2026-05-26 14:00:00 UTCALLOUSDT    0.083730      42.03     5865        29688704.000000 222599.000000 0.76        1.415500    -0.008200   -0.58       58.60       41.40       1.599300    0.001800    0.11        61.53       38.47       1.220700    -0.009900   -0.80       54.97       45.03
2026-05-26 15:00:00 UTCALLOUSDT    0.082650      36.94     6871        29924997.000000 236293.000000 0.80        1.430700    0.015200    1.07        58.86       41.14       1.590300    -0.009000   -0.56       61.39       38.61       1.219300    -0.001400   -0.11       54.94       45.06
2026-05-26 16:00:00 UTCALLOUSDT    0.082420      35.94     5192        29738308.000000 -186689.000000-0.62       1.434900    0.004200    0.29        58.93       41.07       1.573200    -0.017100   -1.08       61.14       38.86       1.211900    -0.007400   -0.61       54.79       45.21
2026-05-26 17:00:00 UTCALLOUSDT    0.083060      40.74     14979       29823845.000000 85537.000000  0.29        1.412000    -0.022900   -1.60       58.54       41.46       1.575800    0.002600    0.17        61.18       38.82       1.179600    -0.032300   -2.67       54.12       45.88
2026-05-26 18:00:00 UTCALLOUSDT    0.082900      39.94     11538       31428857.000000 1605012.0000005.38        1.295200    -0.116800   -8.27       56.43       43.57       1.642400    0.066600    4.23        62.16       37.84       1.077300    -0.102300   -8.67       51.86       48.14
2026-05-26 19:00:00 UTCALLOUSDT    0.083250      42.61     4945        31514493.000000 85636.000000  0.27        1.332100    0.036900    2.85        57.12       42.88       1.671400    0.029000    1.77        62.57       37.43       1.132200    0.054900    5.10        53.10       46.90
2026-05-26 20:00:00 UTCALLOUSDT    0.082960      40.98     5076        31470399.000000 -44094.000000 -0.14       1.338600    0.006500    0.49        57.24       42.76       1.673800    0.002400    0.14        62.60       37.40       1.118600    -0.013600   -1.20       52.80       47.20
2026-05-26 21:00:00 UTCALLOUSDT    0.083890      47.87     4195        31280660.000000 -189739.000000-0.60       1.346900    0.008300    0.62        57.39       42.61       1.688600    0.014800    0.88        62.81       37.19       1.120900    0.002300    0.21        52.85       47.15
2026-05-26 22:00:00 UTCALLOUSDT    0.083280      44.22     5421        31392753.000000 112093.000000 0.36        1.339700    -0.007200   -0.53       57.26       42.74       1.707200    0.018600    1.10        63.06       36.94       1.111000    -0.009900   -0.88       52.63       47.37
2026-05-26 23:00:00 UTCALLOUSDT    0.084000      49.14     3693        31378357.000000 -14396.000000 -0.05       1.343000    0.003300    0.25        57.32       42.68       1.716800    0.009600    0.56        63.19       36.81       1.137200    0.026200    2.36        53.21       46.79
2026-05-27 00:00:00 UTCALLOUSDT    0.084750      53.73     4336        31483677.000000 105320.000000 0.34        1.327700    -0.015300   -1.14       57.04       42.96       1.754900    0.038100    2.22        63.70       36.30       1.120400    -0.016800   -1.48       52.84       47.16
2026-05-27 01:00:00 UTCALLOUSDT    0.084520      52.17     4934        31643005.000000 159328.000000 0.51        1.354600    0.026900    2.03        57.53       42.47       1.765500    0.010600    0.60        63.84       36.16       1.122200    0.001800    0.16        52.88       47.12
2026-05-27 02:00:00 UTCALLOUSDT    0.084630      52.87     6560        31624968.000000 -18037.000000 -0.06       1.362900    0.008300    0.61        57.68       42.32       1.789800    0.024300    1.38        64.16       35.84       1.133100    0.010900    0.97        53.12       46.88
2026-05-27 03:00:00 UTCALLOUSDT    0.084670      53.14     7827        31659503.000000 34535.000000  0.11        1.362900    0.000000    0.00        57.68       42.32       1.801300    0.011500    0.64        64.30       35.70       1.131700    -0.001400   -0.12       53.09       46.91
2026-05-27 04:00:00 UTCALLOUSDT    0.085460      58.22     7908        31738143.000000 78640.000000  0.25        1.371400    0.008500    0.62        57.83       42.17       1.811400    0.010100    0.56        64.43       35.57       1.141800    0.010100    0.89        53.31       46.69
2026-05-27 05:00:00 UTCALLOUSDT    0.085570      58.88     5679        31596678.000000 -141465.000000-0.45       1.374200    0.002800    0.20        57.88       42.12       1.835400    0.024000    1.32        64.73       35.27       1.160300    0.018500    1.62        53.71       46.29
2026-05-27 06:00:00 UTCALLOUSDT    0.087300      67.64     9173        31680132.000000 83454.000000  0.26        1.350200    -0.024000   -1.75       57.45       42.55       1.831200    -0.004200   -0.23       64.68       35.32       1.123100    -0.037200   -3.21       52.90       47.10
2026-05-27 07:00:00 UTCALLOUSDT    0.086390      60.36     8011        32047049.000000 366917.000000 1.16        1.360200    0.010000    0.74        57.63       42.37       1.854100    0.022900    1.25        64.96       35.04       1.129000    0.005900    0.53        53.03       46.97
2026-05-27 08:00:00 UTCALLOUSDT    0.087280      64.39     7862        32019389.000000 -27660.000000 -0.09       1.411400    0.051200    3.76        58.53       41.47       1.869200    0.015100    0.81        65.15       34.85       1.150500    0.021500    1.90        53.50       46.50
2026-05-27 09:00:00 UTCALLOUSDT    0.088830      70.10     11889       32142806.000000 123417.000000 0.39        1.373000    -0.038400   -2.72       57.86       42.14       1.843200    -0.026000   -1.39       64.83       35.17       1.154200    0.003700    0.32        53.58       46.42
2026-05-27 10:00:00 UTCALLOUSDT    0.089240      71.41     14709       31845230.000000 -297576.000000-0.93       1.407300    0.034300    2.50        58.46       41.54       1.782700    -0.060500   -3.28       64.06       35.94       1.175300    0.021100    1.83        54.03       45.97
2026-05-27 11:00:00 UTCALLOUSDT    0.091300      76.88     15490       31979000.000000 133770.000000 0.42        1.390600    -0.016700   -1.19       58.17       41.83       1.777900    -0.004800   -0.27       64.00       36.00       1.183400    0.008100    0.69        54.20       45.80
2026-05-27 12:00:00 UTCALLOUSDT    0.091450      77.22     27972       31832063.000000 -146937.000000-0.46       1.389500    -0.001100   -0.08       58.15       41.85       1.764500    -0.013400   -0.75       63.83       36.17       1.184400    0.001000    0.08        54.22       45.78
2026-05-27 13:00:00 UTCALLOUSDT    0.091450      77.22     20723       31143841.000000 -688222.000000-2.16       1.366900    -0.022600   -1.63       57.75       42.25       1.743800    -0.020700   -1.17       63.55       36.45       1.202600    0.018200    1.54        54.60       45.40
2026-05-27 14:00:00 UTCALLOUSDT    0.090760      71.58     15760       31208830.000000 64989.000000  0.21        1.390100    0.023200    1.70        58.16       41.84       1.807100    0.063300    3.63        64.38       35.62       1.198300    -0.004300   -0.36       54.51       45.49
2026-05-27 15:00:00 UTCALLOUSDT    0.089620      63.35     10123       31034460.000000 -174370.000000-0.56       1.425400    0.035300    2.54        58.77       41.23       1.805400    -0.001700   -0.09       64.35       35.65       1.232100    0.033800    2.82        55.20       44.80
2026-05-27 16:00:00 UTCALLOUSDT    0.090770      67.42     16741       31370977.000000 336517.000000 1.08        1.435500    0.010100    0.71        58.94       41.06       1.821400    0.016000    0.89        64.56       35.44       1.236600    0.004500    0.37        55.29       44.71
2026-05-27 17:00:00 UTCALLOUSDT    0.089550      59.82     13284       31308556.000000 -62421.000000 -0.20       1.413700    -0.021800   -1.52       58.57       41.43       1.747400    -0.074000   -4.06       63.60       36.40       1.218300    -0.018300   -1.48       54.92       45.08
2026-05-27 18:00:00 UTCALLOUSDT    0.091510      66.38     8835        31630332.000000 321776.000000 1.03        1.451600    0.037900    2.68        59.21       40.79       1.717400    -0.030000   -1.72       63.20       36.80       1.284700    0.066400    5.45        56.23       43.77
2026-05-27 19:00:00 UTCALLOUSDT    0.091540      66.47     9691        31267840.000000 -362492.000000-1.15       1.460600    0.009000    0.62        59.36       40.64       1.751600    0.034200    1.99        63.66       36.34       1.286800    0.002100    0.16        56.27       43.73
2026-05-27 20:00:00 UTCALLOUSDT    0.092640      69.68     12604       30961024.000000 -306816.000000-0.98       1.437200    -0.023400   -1.60       58.97       41.03       1.735200    -0.016400   -0.94       63.44       36.56       1.259400    -0.027400   -2.13       55.74       44.26
2026-05-27 21:00:00 UTCALLOUSDT    0.089900      55.44     13447       31154583.000000 193559.000000 0.63        1.398100    -0.039100   -2.72       58.30       41.70       1.735100    -0.000100   -0.01       63.44       36.56       1.249700    -0.009700   -0.77       55.55       44.45
2026-05-27 22:00:00 UTCALLOUSDT    0.089320      52.97     13486       30645344.000000 -509239.000000-1.63       1.440200    0.042100    3.01        59.02       40.98       1.797600    0.062500    3.60        64.25       35.75       1.281000    0.031300    2.50        56.16       43.84
2026-05-27 23:00:00 UTCALLOUSDT    0.091540      60.26     11223       30709214.000000 63870.000000  0.21        1.421900    -0.018300   -1.27       58.71       41.29       1.784000    -0.013600   -0.76       64.08       35.92       1.263500    -0.017500   -1.37       55.82       44.18
2026-05-28 00:00:00 UTCALLOUSDT    0.092300      62.41     12082       31021226.000000 312012.000000 1.02        1.371400    -0.050500   -3.55       57.83       42.17       1.781000    -0.003000   -0.17       64.04       35.96       1.206000    -0.057500   -4.55       54.67       45.33
2026-05-28 01:00:00 UTCALLOUSDT    0.092180      61.84     11982       31000413.000000 -20813.000000 -0.07       1.359600    -0.011800   -0.86       57.62       42.38       1.761800    -0.019200   -1.08       63.79       36.21       1.218800    0.012800    1.06        54.93       45.07
2026-05-28 02:00:00 UTCALLOUSDT    0.093030      64.32     12417       30755875.000000 -244538.000000-0.79       1.360200    0.000600    0.04        57.63       42.37       1.840600    0.078800    4.47        64.80       35.20       1.219800    0.001000    0.08        54.95       45.05
2026-05-28 03:00:00 UTCALLOUSDT    0.090290      52.48     19449       30828318.000000 72443.000000  0.24        1.312100    -0.048100   -3.54       56.75       43.25       1.821700    -0.018900   -1.03       64.56       35.44       1.171100    -0.048700   -3.99       53.94       46.06
2026-05-28 04:00:00 UTCALLOUSDT    0.090430      52.96     17787       30245418.000000 -582900.000000-1.89       1.394100    0.082000    6.25        58.23       41.77       1.755200    -0.066500   -3.65       63.70       36.30       1.256800    0.085700    7.32        55.69       44.31
2026-05-28 05:00:00 UTCALLOUSDT    0.091150      55.44     28377       30364725.000000 119307.000000 0.39        1.364100    -0.030000   -2.15       57.70       42.30       1.748200    -0.007000   -0.40       63.61       36.39       1.239100    -0.017700   -1.41       55.34       44.66
2026-05-28 06:00:00 UTCALLOUSDT    0.091880      57.86     28504       30830696.000000 465971.000000 1.53        1.310000    -0.054100   -3.97       56.71       43.29       1.749100    0.000900    0.05        63.62       36.38       1.133600    -0.105500   -8.51       53.13       46.87
2026-05-28 07:00:00 UTCALLOUSDT    0.093030      61.41     22667       31028139.000000 197443.000000 0.64        1.251200    -0.058800   -4.49       55.58       44.42       1.708000    -0.041100   -2.35       63.07       36.93       1.159800    0.026200    2.31        53.70       46.30
2026-05-28 08:00:00 UTCALLOUSDT    0.090450      51.01     19259       31897488.000000 869349.000000 2.80        1.308900    0.057700    4.61        56.69       43.31       1.682000    -0.026000   -1.52       62.71       37.29       1.171600    0.011800    1.02        53.95       46.05
2026-05-28 09:00:00 UTCALLOUSDT    0.094530      61.98     35246       32921237.000000 1023749.0000003.21        1.318000    0.009100    0.70        56.86       43.14       1.733800    0.051800    3.08        63.42       36.58       1.187700    0.016100    1.37        54.29       45.71
2026-05-28 10:00:00 UTCALLOUSDT    0.096400      65.76     42894       34213103.000000 1291866.0000003.92        1.232600    -0.085400   -6.48       55.21       44.79       1.760900    0.027100    1.56        63.78       36.22       1.076000    -0.111700   -9.40       51.83       48.17
2026-05-28 11:00:00 UTCALLOUSDT    0.098950      70.12     49705       38680219.000000 4467116.00000013.06       1.087700    -0.144900   -11.76      52.10       47.90       1.619700    -0.141200   -8.02       61.83       38.17       1.059300    -0.016700   -1.55       51.44       48.56
2026-05-28 12:00:00 UTCALLOUSDT    0.098010      66.75     38932       39974127.000000 1293908.0000003.35        1.028800    -0.058900   -5.42       50.71       49.29       1.515600    -0.104100   -6.43       60.25       39.75       1.016100    -0.043200   -4.08       50.40       49.60
2026-05-28 13:00:00 UTCALLOUSDT    0.099850      69.81     51374       39491719.000000 -482408.000000-1.21       1.026800    -0.002000   -0.19       50.66       49.34       1.534600    0.019000    1.25        60.55       39.45       0.977100    -0.039000   -3.84       49.42       50.58
2026-05-28 14:00:00 UTCALLOUSDT    0.105140      76.51     72904       41057366.000000 1565647.0000003.96        1.029200    0.002400    0.23        50.72       49.28       1.502500    -0.032100   -2.09       60.04       39.96       1.000000    0.022900    2.34        50.00       50.00
2026-05-28 15:00:00 UTCALLOUSDT    0.108460      79.58     92806       43247140.000000 2189774.0000005.33        0.886100    -0.143100   -13.90      46.98       53.02       1.423200    -0.079300   -5.28       58.73       41.27       0.868100    -0.131900   -13.19      46.47       53.53
2026-05-28 16:00:00 UTCALLOUSDT    0.119410      86.05     292741      48196600.000000 4949460.00000011.44       0.846700    -0.039400   -4.45       45.85       54.15       1.367400    -0.055800   -3.92       57.76       42.24       0.859400    -0.008700   -1.00       46.22       53.78
2026-05-28 17:00:00 UTCALLOUSDT    0.126620      88.61     365932      57511728.000000 9315128.00000019.33       0.765200    -0.081500   -9.63       43.35       56.65       1.207600    -0.159800   -11.69      54.70       45.30       0.787600    -0.071800   -8.35       44.06       55.94
2026-05-28 18:00:00 UTCALLOUSDT    0.145890      92.54     589762      62002844.000000 4491116.0000007.81        0.728000    -0.037200   -4.86       42.13       57.87       1.203800    -0.003800   -0.31       54.62       45.38       0.723500    -0.064100   -8.14       41.98       58.02
2026-05-28 19:00:00 UTCALLOUSDT    0.146220      92.59     696675      71754669.000000 9751825.00000015.73       0.641200    -0.086800   -11.92      39.07       60.93       1.073500    -0.130300   -10.82      51.77       48.23       0.699200    -0.024300   -3.36       41.15       58.85
2026-05-28 20:00:00 UTCALLOUSDT    0.145880      91.94     555781      76458210.000000 4703541.0000006.56        0.584500    -0.056700   -8.84       36.89       63.11       1.035400    -0.038100   -3.55       50.87       49.13       0.624400    -0.074800   -10.70      38.44       61.56
2026-05-28 21:00:00 UTCALLOUSDT    0.154930      93.29     289044      79942217.000000 3484007.0000004.56        0.555900    -0.028600   -4.89       35.73       64.27       1.044700    0.009300    0.90        51.09       48.91       0.602100    -0.022300   -3.57       37.58       62.42
2026-05-28 22:00:00 UTCALLOUSDT    0.160990      94.01     336516      85531607.000000 5589390.0000006.99        0.511300    -0.044600   -8.02       33.83       66.17       1.013000    -0.031700   -3.03       50.32       49.68       0.575300    -0.026800   -4.45       36.52       63.48
2026-05-28 23:00:00 UTCALLOUSDT    0.163960      94.33     227533      90468754.000000 4937147.0000005.77        0.477800    -0.033500   -6.55       32.33       67.67       1.022000    0.009000    0.89        50.54       49.46       0.550400    -0.024900   -4.33       35.50       64.50

==============================================================================================================
LAST SNAPSHOT
==============================================================================================================
Time                : 2026-05-28 23:00:00 UTC
Symbol              : ALLOUSDT
Close               : 0.163960
RSI(14)            : 94.33
Number of Trades    : 227533
Volume              : 90780373.000000
Quote Volume        : 14815027.326320

Open Interest       : 90468754.000000
OI Change           : 4937147.000000
OI Change %         : 5.77%
OI Value            : 14602335.411255

Top Acco L/S Ratio  : 0.477800
Top Acco L/S Change : -0.033500
Top Acco Chg %      : -6.55%
Top Acco Long %     : 32.33
Top Acco Short %    : 67.67

Top Posit L/S Ratio : 1.022000
Top Posit L/S Change: 0.009000
Top Posit Chg %     : 0.89%
Top Posit Long %    : 50.54
Top Posit Short %   : 49.46

Global L/S Ratio    : 0.550400
Global L/S Change   : -0.024900
Global Chg %        : -4.33%
Global Long %       : 35.50
Global Short %      : 64.50

[Program finished]
####################################################################################################
FETCHING BINANCE FUTURES DATA ...
####################################################################################################
SYMBOL     : ALLOUSDT
PERIOD     : 4h
LIMIT      : 500
RSI_PERIOD : 14

========================================================================================================================================================================================================================================================================================================================================================================
BINANCE FUTURES MERGED DATA (L.S + OI + RSI + TRADES) | ROW = ONE CANDLE
========================================================================================================================================================================================================================================================================================================================================================================
Time                  Symbol      Close         RSI       Trades      OI              OI Chg        OI Chg %    Acco L/S    Acco Chg    Acco Chg%   Acco L%     Acco S%     Posit L/S   Posit Chg   Posit Chg%  Posit L%    Posit S%    Global L/S  Global Chg  Global Chg% Global L%   Global S%
------------------------------------------------------------------------------------------------------------------------------------------------------------------------------------------------------------------------------------------------------------------------------------------------------------------------------------------------------------------------
2026-04-29 00:00:00 UTCALLOUSDT    0.110480      43.59     9296        40848854.000000 0.000000      0.00        1.798800    0.000000    0.00        64.27       35.73       1.088500    0.000000    0.00        52.12       47.88       1.560200    0.000000    0.00        60.94       39.06
2026-04-29 04:00:00 UTCALLOUSDT    0.109880      42.46     10693       40814501.000000 -34353.000000 -0.08       1.834500    0.035700    1.98        64.72       35.28       1.084900    -0.003600   -0.33       52.04       47.96       1.577300    0.017100    1.10        61.20       38.80
2026-04-29 08:00:00 UTCALLOUSDT    0.110610      44.35     13444       40683346.000000 -131155.000000-0.32       1.727000    -0.107500   -5.86       63.33       36.67       1.053900    -0.031000   -2.86       51.31       48.69       1.478300    -0.099000   -6.28       59.65       40.35
2026-04-29 12:00:00 UTCALLOUSDT    0.110370      43.84     16604       40724188.000000 40842.000000  0.10        1.667400    -0.059600   -3.45       62.51       37.49       1.049100    -0.004800   -0.46       51.20       48.80       1.451000    -0.027300   -1.85       59.20       40.80
2026-04-29 16:00:00 UTCALLOUSDT    0.109400      41.75     16724       40763162.000000 38974.000000  0.10        1.745700    0.078300    4.70        63.58       36.42       1.041200    -0.007900   -0.75       51.01       48.99       1.506300    0.055300    3.81        60.10       39.90
2026-04-29 20:00:00 UTCALLOUSDT    0.109160      41.23     7752        40876752.000000 113590.000000 0.28        1.755600    0.009900    0.57        63.71       36.29       1.055000    0.013800    1.33        51.34       48.66       1.518900    0.012600    0.84        60.30       39.70
2026-04-30 00:00:00 UTCALLOUSDT    0.109000      40.86     9689        40858056.000000 -18696.000000 -0.05       1.824900    0.069300    3.95        64.60       35.40       1.060800    0.005800    0.55        51.48       48.52       1.541300    0.022400    1.47        60.65       39.35
2026-04-30 04:00:00 UTCALLOUSDT    0.107860      38.25     10953       40781117.000000 -76939.000000 -0.19       1.809800    -0.015100   -0.83       64.41       35.59       1.054500    -0.006300   -0.59       51.33       48.67       1.562800    0.021500    1.39        60.98       39.02
2026-04-30 08:00:00 UTCALLOUSDT    0.113460      53.86     24328       40779553.000000 -1564.000000  -0.00       1.730000    -0.079800   -4.41       63.37       36.63       1.026400    -0.028100   -2.66       50.65       49.35       1.463700    -0.099100   -6.34       59.41       40.59
2026-04-30 12:00:00 UTCALLOUSDT    0.115130      57.32     35180       40289434.000000 -490119.000000-1.20       1.563400    -0.166600   -9.63       60.99       39.01       0.981400    -0.045000   -4.38       49.53       50.47       1.367400    -0.096300   -6.58       57.76       42.24
2026-04-30 16:00:00 UTCALLOUSDT    0.115400      57.87     28299       40091230.000000 -198204.000000-0.49       1.598100    0.034700    2.22        61.51       38.49       0.947000    -0.034400   -3.51       48.64       51.36       1.451600    0.084200    6.16        59.21       40.79
2026-04-30 20:00:00 UTCALLOUSDT    0.122040      68.60     19961       39923251.000000 -167979.000000-0.42       1.617800    0.019700    1.23        61.80       38.20       0.972500    0.025500    2.69        49.30       50.70       1.428400    -0.023200   -1.60       58.82       41.18
2026-05-01 00:00:00 UTCALLOUSDT    0.119580      62.27     53571       40023812.000000 100561.000000 0.25        1.597400    -0.020400   -1.26       61.50       38.50       1.009000    0.036500    3.75        50.22       49.78       1.429500    0.001100    0.08        58.84       41.16
2026-05-01 04:00:00 UTCALLOUSDT    0.122450      66.19     28158       40378707.000000 354895.000000 0.89        1.562800    -0.034600   -2.17       60.98       39.02       1.034400    0.025400    2.52        50.84       49.16       1.455800    0.026300    1.84        59.28       40.72
2026-05-01 08:00:00 UTCALLOUSDT    0.120430      61.36     25246       40309736.000000 -68971.000000 -0.17       1.548400    -0.014400   -0.92       60.76       39.24       1.079100    0.044700    4.32        51.90       48.10       1.412500    -0.043300   -2.97       58.55       41.45
2026-05-01 12:00:00 UTCALLOUSDT    0.120070      60.51     16817       40364795.000000 55059.000000  0.14        1.665200    0.116800    7.54        62.48       37.52       1.103700    0.024600    2.28        52.46       47.54       1.532300    0.119800    8.48        60.51       39.49
2026-05-01 16:00:00 UTCALLOUSDT    0.118000      55.75     11222       39488746.000000 -876049.000000-2.17       1.701200    0.036000    2.16        62.98       37.02       1.098500    -0.005200   -0.47       52.35       47.65       1.547800    0.015500    1.01        60.75       39.25
2026-05-01 20:00:00 UTCALLOUSDT    0.117470      54.56     9235        39075424.000000 -413322.000000-1.05       1.731500    0.030300    1.78        63.39       36.61       1.108900    0.010400    0.95        52.58       47.42       1.532300    -0.015500   -1.00       60.51       39.49
2026-05-02 00:00:00 UTCALLOUSDT    0.117120      53.75     11849       38841089.000000 -234335.000000-0.60       1.702700    -0.028800   -1.66       63.00       37.00       1.082900    -0.026000   -2.34       51.99       48.01       1.451600    -0.080700   -5.27       59.21       40.79
2026-05-02 04:00:00 UTCALLOUSDT    0.119460      58.23     13110       38639828.000000 -201261.000000-0.52       1.756300    0.053600    3.15        63.72       36.28       1.116400    0.033500    3.09        52.75       47.25       1.455200    0.003600    0.25        59.27       40.73
2026-05-02 08:00:00 UTCALLOUSDT    0.119920      59.07     11188       38712401.000000 72573.000000  0.19        1.735200    -0.021100   -1.20       63.44       36.56       1.118800    0.002400    0.21        52.80       47.20       1.454600    -0.000600   -0.04       59.26       40.74
2026-05-02 12:00:00 UTCALLOUSDT    0.124710      66.60     15860       38749360.000000 36959.000000  0.10        1.639200    -0.096000   -5.53       62.11       37.89       1.144900    0.026100    2.33        53.38       46.62       1.388300    -0.066300   -4.56       58.13       41.87
2026-05-02 16:00:00 UTCALLOUSDT    0.121700      59.22     17028       38269823.000000 -479537.000000-1.24       1.631600    -0.007600   -0.46       62.00       38.00       1.122300    -0.022600   -1.97       52.88       47.12       1.337000    -0.051300   -3.70       57.21       42.79
2026-05-02 20:00:00 UTCALLOUSDT    0.122530      60.52     14263       38575237.000000 305414.000000 0.80        1.745000    0.113400    6.95        63.57       36.43       1.121800    -0.000500   -0.04       52.87       47.13       1.480200    0.143200    10.71       59.68       40.32
2026-05-03 00:00:00 UTCALLOUSDT    0.120500      55.84     17468       38522519.000000 -52718.000000 -0.14       1.739000    -0.006000   -0.34       63.49       36.51       1.116000    -0.005800   -0.52       52.74       47.26       1.440800    -0.039400   -2.66       59.03       40.97
2026-05-03 04:00:00 UTCALLOUSDT    0.123630      60.87     18457       38490003.000000 -32516.000000 -0.08       1.741200    0.002200    0.13        63.52       36.48       1.149600    0.033600    3.01        53.48       46.52       1.424800    -0.016000   -1.11       58.76       41.24
2026-05-03 08:00:00 UTCALLOUSDT    0.123210      59.88     19895       38665131.000000 175128.000000 0.45        1.694700    -0.046500   -2.67       62.89       37.11       1.180300    0.030700    2.67        54.13       45.87       1.346900    -0.077900   -5.47       57.39       42.61
2026-05-03 12:00:00 UTCALLOUSDT    0.120380      53.59     18233       38537488.000000 -127643.000000-0.33       1.720300    0.025600    1.51        63.24       36.76       1.193000    0.012700    1.08        54.40       45.60       1.323400    -0.023500   -1.74       56.96       43.04
2026-05-03 16:00:00 UTCALLOUSDT    0.119050      50.88     12762       38157408.000000 -380080.000000-0.99       1.820900    0.100600    5.85        64.55       35.45       1.132500    -0.060500   -5.07       53.11       46.89       1.477700    0.154300    11.66       59.64       40.36
2026-05-03 20:00:00 UTCALLOUSDT    0.120380      53.42     10714       38019314.000000 -138094.000000-0.36       1.824900    0.004000    0.22        64.60       35.40       1.124600    -0.007900   -0.70       52.93       47.07       1.480200    0.002500    0.17        59.68       40.32
2026-05-04 00:00:00 UTCALLOUSDT    0.125390      61.48     26722       37871435.000000 -147879.000000-0.39       1.767800    -0.057100   -3.13       63.87       36.13       1.150400    0.025800    2.29        53.50       46.50       1.406700    -0.073500   -4.97       58.45       41.55
2026-05-04 04:00:00 UTCALLOUSDT    0.128830      65.85     50311       37819615.000000 -51820.000000 -0.14       1.729300    -0.038500   -2.18       63.36       36.64       1.151100    0.000700    0.06        53.51       46.49       1.391200    -0.015500   -1.10       58.18       41.82
2026-05-04 08:00:00 UTCALLOUSDT    0.119400      49.33     54347       38076779.000000 257164.000000 0.68        1.707800    -0.021500   -1.24       63.07       36.93       1.170600    0.019500    1.69        53.93       46.07       1.419500    0.028300    2.03        58.67       41.33
2026-05-04 12:00:00 UTCALLOUSDT    0.118100      47.56     22739       37312012.000000 -764767.000000-2.01       1.816100    0.108300    6.34        64.49       35.51       0.994000    -0.176600   -15.09      49.85       50.15       1.484500    0.065000    4.58        59.75       40.25
2026-05-04 16:00:00 UTCALLOUSDT    0.117990      47.40     20922       37186812.000000 -125200.000000-0.34       1.794100    -0.022000   -1.21       64.21       35.79       1.028400    0.034400    3.46        50.70       49.30       1.440800    -0.043700   -2.94       59.03       40.97
2026-05-04 20:00:00 UTCALLOUSDT    0.115650      44.11     18230       37049644.000000 -137168.000000-0.37       1.871900    0.077800    4.34        65.18       34.82       1.009100    -0.019300   -1.88       50.23       49.77       1.474000    0.033200    2.30        59.58       40.42
2026-05-05 00:00:00 UTCALLOUSDT    0.116360      45.35     16613       36985516.000000 -64128.000000 -0.17       1.922300    0.050400    2.69        65.78       34.22       0.981300    -0.027800   -2.75       49.53       50.47       1.539400    0.065400    4.44        60.62       39.38
2026-05-05 04:00:00 UTCALLOUSDT    0.117540      47.44     14609       36866559.000000 -118957.000000-0.32       1.925700    0.003400    0.18        65.82       34.18       0.934100    -0.047200   -4.81       48.30       51.70       1.477100    -0.062300   -4.05       59.63       40.37
2026-05-05 08:00:00 UTCALLOUSDT    0.116910      46.42     13126       36672064.000000 -194495.000000-0.53       1.901900    -0.023800   -1.24       65.54       34.46       0.930300    -0.003800   -0.41       48.19       51.81       1.494400    0.017300    1.17        59.91       40.09
2026-05-05 12:00:00 UTCALLOUSDT    0.117150      46.89     9561        36557606.000000 -114458.000000-0.31       1.953300    0.051400    2.70        66.14       33.86       0.904600    -0.025700   -2.76       47.50       52.50       1.549100    0.054700    3.66        60.77       39.23
2026-05-05 16:00:00 UTCALLOUSDT    0.117180      46.95     13341       36442060.000000 -115546.000000-0.32       1.967400    0.014100    0.72        66.30       33.70       0.884900    -0.019700   -2.18       46.95       53.05       1.541300    -0.007800   -0.50       60.65       39.35
2026-05-05 20:00:00 UTCALLOUSDT    0.113940      41.30     12730       36034605.000000 -407455.000000-1.12       2.055300    0.087900    4.47        67.27       32.73       0.877100    -0.007800   -0.88       46.73       53.27       1.609600    0.068300    4.43        61.68       38.32
2026-05-06 00:00:00 UTCALLOUSDT    0.112030      38.37     13350       36002556.000000 -32049.000000 -0.09       1.918900    -0.136400   -6.64       65.74       34.26       0.862000    -0.015100   -1.72       46.29       53.71       1.578000    -0.031600   -1.96       61.21       38.79
2026-05-06 04:00:00 UTCALLOUSDT    0.111790      38.00     14777       36249253.000000 246697.000000 0.69        1.836900    -0.082000   -4.27       64.75       35.25       0.861400    -0.000600   -0.07       46.28       53.72       1.502500    -0.075500   -4.78       60.04       39.96
2026-05-06 08:00:00 UTCALLOUSDT    0.114810      45.08     17684       36164847.000000 -84406.000000 -0.23       1.836900    0.000000    0.00        64.75       35.25       0.824700    -0.036700   -4.26       45.20       54.80       1.542600    0.040100    2.67        60.67       39.33
2026-05-06 12:00:00 UTCALLOUSDT    0.114540      44.59     20207       36016654.000000 -148193.000000-0.41       1.780900    -0.056000   -3.05       64.04       35.96       0.800900    -0.023800   -2.89       44.47       55.53       1.515700    -0.026900   -1.74       60.25       39.75
2026-05-06 16:00:00 UTCALLOUSDT    0.109070      36.04     38977       36503856.000000 487202.000000 1.35        1.840100    0.059200    3.32        64.79       35.21       0.820500    0.019600    2.45        45.07       54.93       1.523300    0.007600    0.50        60.37       39.63
2026-05-06 20:00:00 UTCALLOUSDT    0.110650      39.64     17127       36568055.000000 64199.000000  0.18        1.860400    0.020300    1.10        65.04       34.96       0.857500    0.037000    4.51        46.17       53.83       1.537400    0.014100    0.93        60.59       39.41
2026-05-07 00:00:00 UTCALLOUSDT    0.110370      39.22     14273       36448537.000000 -119518.000000-0.33       1.796400    -0.064000   -3.44       64.24       35.76       0.825700    -0.031800   -3.71       45.23       54.77       1.507500    -0.029900   -1.94       60.12       39.88
2026-05-07 04:00:00 UTCALLOUSDT    0.110040      38.70     17476       36274123.000000 -174414.000000-0.48       1.793300    -0.003100   -0.17       64.20       35.80       0.809400    -0.016300   -1.97       44.73       55.27       1.488800    -0.018700   -1.24       59.82       40.18
2026-05-07 08:00:00 UTCALLOUSDT    0.108190      35.82     15810       36279943.000000 5820.000000   0.02        1.829700    0.036400    2.03        64.66       35.34       0.799400    -0.010000   -1.24       44.43       55.57       1.518900    0.030100    2.02        60.30       39.70
2026-05-07 12:00:00 UTCALLOUSDT    0.107330      34.53     16750       36023823.000000 -256120.000000-0.71       1.868600    0.038900    2.13        65.14       34.86       0.811800    0.012400    1.55        44.81       55.19       1.523300    0.004400    0.29        60.37       39.63
2026-05-07 16:00:00 UTCALLOUSDT    0.106090      32.71     25209       35768945.000000 -254878.000000-0.71       1.805000    -0.063600   -3.40       64.35       35.65       0.811100    -0.000700   -0.09       44.79       55.21       1.490700    -0.032600   -2.14       59.85       40.15
2026-05-07 20:00:00 UTCALLOUSDT    0.107700      37.34     13298       34467543.000000 -1301402.000000-3.64       1.919700    0.114700    6.35        65.75       34.25       0.859800    0.048700    6.00        46.23       53.77       1.587300    0.096600    6.48        61.35       38.65
2026-05-08 00:00:00 UTCALLOUSDT    0.108630      39.91     10264       34263629.000000 -203914.000000-0.59       1.859600    -0.060100   -3.13       65.03       34.97       0.847200    -0.012600   -1.47       45.86       54.14       1.531600    -0.055700   -3.51       60.50       39.50
2026-05-08 04:00:00 UTCALLOUSDT    0.108350      39.38     10695       34499880.000000 236251.000000 0.69        1.786300    -0.073300   -3.94       64.11       35.89       0.837400    -0.009800   -1.16       45.58       54.42       1.478300    -0.053300   -3.48       59.65       40.35
2026-05-08 08:00:00 UTCALLOUSDT    0.105020      33.72     27446       34514087.000000 14207.000000  0.04        1.824900    0.038600    2.16        64.60       35.40       0.842500    0.005100    0.61        45.72       54.28       1.495000    0.016700    1.13        59.92       40.08
2026-05-08 12:00:00 UTCALLOUSDT    0.104930      33.58     20433       34445875.000000 -68212.000000 -0.20       1.833700    0.008800    0.48        64.71       35.29       0.910500    0.068000    8.07        47.66       52.34       1.521400    0.026400    1.77        60.34       39.66
2026-05-08 16:00:00 UTCALLOUSDT    0.103030      30.67     30206       33934172.000000 -511703.000000-1.49       1.883500    0.049800    2.72        65.32       34.68       0.926600    0.016100    1.77        48.09       51.91       1.544500    0.023100    1.52        60.70       39.30
2026-05-08 20:00:00 UTCALLOUSDT    0.104030      33.91     12954       33086273.000000 -847899.000000-2.50       1.942000    0.058500    3.11        66.01       33.99       0.975100    0.048500    5.23        49.37       50.63       1.574000    0.029500    1.91        61.15       38.85
2026-05-09 00:00:00 UTCALLOUSDT    0.105960      39.77     20376       33049564.000000 -36709.000000 -0.11       1.972700    0.030700    1.58        66.36       33.64       1.011400    0.036300    3.72        50.28       49.72       1.552300    -0.021700   -1.38       60.82       39.18
2026-05-09 04:00:00 UTCALLOUSDT    0.105830      39.52     14914       33301582.000000 252018.000000 0.76        1.924000    -0.048700   -2.47       65.80       34.20       1.090000    0.078600    7.77        52.15       47.85       1.510000    -0.042300   -2.72       60.16       39.84
2026-05-09 08:00:00 UTCALLOUSDT    0.105430      38.70     14709       33283152.000000 -18430.000000 -0.06       2.003900    0.079900    4.15        66.71       33.29       1.096800    0.006800    0.62        52.31       47.69       1.575300    0.065300    4.32        61.17       38.83
2026-05-09 12:00:00 UTCALLOUSDT    0.106240      41.35     17327       33127579.000000 -155573.000000-0.47       2.060900    0.057000    2.84        67.33       32.67       1.075600    -0.021200   -1.93       51.82       48.18       1.581300    0.006000    0.38        61.26       38.74
2026-05-09 16:00:00 UTCALLOUSDT    0.103560      35.83     48785       33013320.000000 -114259.000000-0.34       2.002100    -0.058800   -2.85       66.69       33.31       1.086400    0.010800    1.00        52.07       47.93       1.568700    -0.012600   -0.80       61.07       38.93
2026-05-09 20:00:00 UTCALLOUSDT    0.103490      35.69     16193       33060576.000000 47256.000000  0.14        2.035800    0.033700    1.68        67.06       32.94       1.279500    0.193100    17.77       56.13       43.87       1.577300    0.008600    0.55        61.20       38.80
2026-05-10 00:00:00 UTCALLOUSDT    0.104840      40.33     20063       32633509.000000 -427067.000000-1.29       2.038600    0.002800    0.14        67.09       32.91       1.278100    -0.001400   -0.11       56.10       43.90       1.543200    -0.034100   -2.16       60.68       39.32
2026-05-10 04:00:00 UTCALLOUSDT    0.103780      38.01     16908       32230550.000000 -402959.000000-1.23       1.883500    -0.155100   -7.61       65.32       34.68       1.308500    0.030400    2.38        56.68       43.32       1.480200    -0.063000   -4.08       59.68       40.32
2026-05-10 08:00:00 UTCALLOUSDT    0.103800      38.08     14701       32344191.000000 113641.000000 0.35        1.994900    0.111400    5.91        66.61       33.39       1.266000    -0.042500   -3.25       55.87       44.13       1.570700    0.090500    6.11        61.10       38.90
2026-05-10 12:00:00 UTCALLOUSDT    0.104390      40.30     13361       32337404.000000 -6787.000000  -0.02       1.982400    -0.012500   -0.63       66.47       33.53       1.290300    0.024300    1.92        56.34       43.66       1.517600    -0.053100   -3.38       60.28       39.72
2026-05-10 16:00:00 UTCALLOUSDT    0.099160      30.05     60889       32222238.000000 -115166.000000-0.36       2.020200    0.037800    1.91        66.89       33.11       1.310000    0.019700    1.53        56.71       43.29       1.574000    0.056400    3.72        61.15       38.85
2026-05-10 20:00:00 UTCALLOUSDT    0.096030      25.81     54472       31183962.000000 -1038276.000000-3.22       2.030300    0.010100    0.50        67.00       33.00       1.542500    0.232500    17.75       60.67       39.33       1.582600    0.008600    0.55        61.28       38.72
2026-05-11 00:00:00 UTCALLOUSDT    0.097160      29.67     24953       29308023.000000 -1875939.000000-6.02       1.940300    -0.090000   -4.43       65.99       34.01       1.350600    -0.191900   -12.44      57.46       42.54       1.525900    -0.056700   -3.58       60.41       39.59
2026-05-11 04:00:00 UTCALLOUSDT    0.095570      27.50     24258       29250585.000000 -57438.000000 -0.20       2.087400    0.147100    7.58        67.61       32.39       1.383400    0.032800    2.43        58.04       41.96       1.635700    0.109800    7.20        62.06       37.94
2026-05-11 08:00:00 UTCALLOUSDT    0.096150      29.52     18281       28462998.000000 -787587.000000-2.69       2.125000    0.037600    1.80        68.00       32.00       1.412200    0.028800    2.08        58.54       41.46       1.666000    0.030300    1.85        62.49       37.51
2026-05-11 12:00:00 UTCALLOUSDT    0.095020      27.89     20934       28354285.000000 -108713.000000-0.38       2.105600    -0.019400   -0.91       67.80       32.20       1.429700    0.017500    1.24        58.84       41.16       1.694000    0.028000    1.68        62.88       37.12
2026-05-11 16:00:00 UTCALLOUSDT    0.094320      26.90     19902       28018955.000000 -335330.000000-1.18       2.233100    0.127500    6.06        69.07       30.93       1.383200    -0.046500   -3.25       58.04       41.96       1.739700    0.045700    2.70        63.50       36.50
2026-05-11 20:00:00 UTCALLOUSDT    0.094610      28.04     12160       28070534.000000 51579.000000  0.18        2.214400    -0.018700   -0.84       68.89       31.11       1.389300    0.006100    0.44        58.15       41.85       1.777800    0.038100    2.19        64.00       36.00
2026-05-12 00:00:00 UTCALLOUSDT    0.096010      33.44     22571       28374338.000000 303804.000000 1.08        2.237300    0.022900    1.03        69.11       30.89       1.379200    -0.010100   -0.73       57.97       42.03       1.802700    0.024900    1.40        64.32       35.68
2026-05-12 04:00:00 UTCALLOUSDT    0.094720      31.12     24264       28183960.000000 -190378.000000-0.67       2.211300    -0.026000   -1.16       68.86       31.14       1.438700    0.059500    4.31        58.99       41.01       1.758600    -0.044100   -2.45       63.75       36.25
2026-05-12 08:00:00 UTCALLOUSDT    0.094360      30.49     15584       27953748.000000 -230212.000000-0.82       2.322300    0.111000    5.02        69.90       30.10       1.495000    0.056300    3.91        59.92       40.08       1.869400    0.110800    6.30        65.15       34.85
2026-05-12 12:00:00 UTCALLOUSDT    0.095080      33.41     26318       28063790.000000 110042.000000 0.39        2.296000    -0.026300   -1.13       69.66       30.34       1.468900    -0.026100   -1.75       59.50       40.50       1.874400    0.005000    0.27        65.21       34.79
2026-05-12 16:00:00 UTCALLOUSDT    0.094840      32.92     16096       28102374.000000 38584.000000  0.14        2.290600    -0.005400   -0.24       69.61       30.39       1.482300    0.013400    0.91        59.72       40.28       1.835300    -0.039100   -2.09       64.73       35.27
2026-05-12 20:00:00 UTCALLOUSDT    0.091760      27.30     16870       28187166.000000 84792.000000  0.30        2.324500    0.033900    1.48        69.92       30.08       1.478100    -0.004200   -0.28       59.65       40.35       1.896000    0.060700    3.31        65.47       34.53
2026-05-13 00:00:00 UTCALLOUSDT    0.093500      34.14     21169       28411048.000000 223882.000000 0.79        2.368100    0.043600    1.88        70.31       29.69       1.390700    -0.087400   -5.91       58.17       41.83       1.949000    0.053000    2.80        66.09       33.91
2026-05-13 04:00:00 UTCALLOUSDT    0.091940      31.30     12134       28086394.000000 -324654.000000-1.14       2.297100    -0.071000   -3.00       69.67       30.33       1.374700    -0.016000   -1.15       57.89       42.11       1.871900    -0.077100   -3.96       65.18       34.82
2026-05-13 08:00:00 UTCALLOUSDT    0.091710      30.89     17366       28352430.000000 266036.000000 0.95        2.358000    0.060900    2.65        70.22       29.78       1.376900    0.002200    0.16        57.93       42.07       1.935100    0.063200    3.38        65.93       34.07
2026-05-13 12:00:00 UTCALLOUSDT    0.087770      24.90     32620       28377594.000000 25164.000000  0.09        2.395600    0.037600    1.59        70.55       29.45       1.430200    0.053300    3.87        58.85       41.15       1.889300    -0.045800   -2.37       65.39       34.61
2026-05-13 16:00:00 UTCALLOUSDT    0.087600      24.67     12948       27719287.000000 -658307.000000-2.32       2.304700    -0.090900   -3.79       69.74       30.26       1.361600    -0.068600   -4.80       57.66       42.34       1.901100    0.011800    0.62        65.53       34.47
2026-05-13 20:00:00 UTCALLOUSDT    0.088620      28.78     10466       27632596.000000 -86691.000000 -0.31       2.334400    0.029700    1.29        70.01       29.99       1.406500    0.044900    3.30        58.45       41.55       1.915500    0.014400    0.76        65.70       34.30
2026-05-14 00:00:00 UTCALLOUSDT    0.088320      28.30     10721       27472739.000000 -159857.000000-0.58       2.253100    -0.081300   -3.48       69.26       30.74       1.440500    0.034000    2.42        59.02       40.98       1.850600    -0.064900   -3.39       64.92       35.08
2026-05-14 04:00:00 UTCALLOUSDT    0.088490      29.03     9329        27289221.000000 -183518.000000-0.67       2.178600    -0.074500   -3.31       68.54       31.46       1.414500    -0.026000   -1.80       58.58       41.42       1.855500    0.004900    0.26        64.98       35.02
2026-05-14 08:00:00 UTCALLOUSDT    0.087850      27.87     11474       27237969.000000 -51252.000000 -0.19       2.058100    -0.120500   -5.53       67.30       32.70       1.388200    -0.026300   -1.86       58.13       41.87       1.774700    -0.080800   -4.35       63.96       36.04
2026-05-14 12:00:00 UTCALLOUSDT    0.088320      30.08     11538       27272501.000000 34532.000000  0.13        2.041400    -0.016700   -0.81       67.12       32.88       1.371100    -0.017100   -1.23       57.83       42.17       1.785500    0.010800    0.61        64.10       35.90
2026-05-14 16:00:00 UTCALLOUSDT    0.088560      31.24     14073       27509537.000000 237036.000000 0.87        2.047900    0.006500    0.32        67.19       32.81       1.332700    -0.038400   -2.80       57.13       42.87       1.819300    0.033800    1.89        64.53       35.47
2026-05-14 20:00:00 UTCALLOUSDT    0.088730      32.10     9272        27533166.000000 23629.000000  0.09        2.084500    0.036600    1.79        67.58       32.42       1.336300    0.003600    0.27        57.20       42.80       1.838500    0.019200    1.06        64.77       35.23
2026-05-15 00:00:00 UTCALLOUSDT    0.088440      31.38     12158       27819720.000000 286554.000000 1.04        2.134800    0.050300    2.41        68.10       31.90       1.401800    0.065500    4.90        58.36       41.64       1.846600    0.008100    0.44        64.87       35.13
2026-05-15 04:00:00 UTCALLOUSDT    0.089210      35.51     15895       27764033.000000 -55687.000000 -0.20       2.174600    0.039800    1.86        68.50       31.50       1.379100    -0.022700   -1.62       57.97       42.03       1.834500    -0.012100   -0.66       64.72       35.28
2026-05-15 08:00:00 UTCALLOUSDT    0.085890      27.75     19289       27510206.000000 -253827.000000-0.91       2.239400    0.064800    2.98        69.13       30.87       1.409200    0.030100    2.18        58.49       41.51       1.889300    0.054800    2.99        65.39       34.61
2026-05-15 12:00:00 UTCALLOUSDT    0.083690      24.01     34647       27515917.000000 5711.000000   0.02        2.158600    -0.080800   -3.61       68.34       31.66       1.391300    -0.017900   -1.27       58.18       41.82       1.877700    -0.011600   -0.61       65.25       34.75
2026-05-15 16:00:00 UTCALLOUSDT    0.084080      25.92     15304       26787996.000000 -727921.000000-2.65       2.008400    -0.150200   -6.96       66.76       33.24       1.419000    0.027700    1.99        58.66       41.34       1.693200    -0.184500   -9.83       62.87       37.13
2026-05-15 20:00:00 UTCALLOUSDT    0.083680      25.22     6441        26409922.000000 -378074.000000-1.41       1.951600    -0.056800   -2.83       66.12       33.88       1.447700    0.028700    2.02        59.14       40.86       1.651800    -0.041400   -2.45       62.29       37.71
2026-05-16 00:00:00 UTCALLOUSDT    0.083370      24.66     5202        26247754.000000 -162168.000000-0.61       1.977100    0.025500    1.31        66.41       33.59       1.482000    0.034300    2.37        59.71       40.29       1.706400    0.054600    3.31        63.05       36.95
2026-05-16 04:00:00 UTCALLOUSDT    0.081810      22.03     7754        26212144.000000 -35610.000000 -0.14       1.977100    0.000000    0.00        66.41       33.59       1.465000    -0.017000   -1.15       59.43       40.57       1.706400    0.000000    0.00        63.05       36.95
2026-05-16 08:00:00 UTCALLOUSDT    0.083540      30.84     9034        26068456.000000 -143688.000000-0.55       1.895200    -0.081900   -4.14       65.46       34.54       1.482400    0.017400    1.19        59.72       40.28       1.617100    -0.089300   -5.23       61.79       38.21
2026-05-16 12:00:00 UTCALLOUSDT    0.084780      36.38     11896       26362733.000000 294277.000000 1.13        1.931700    0.036500    1.93        65.89       34.11       1.521500    0.039100    2.64        60.34       39.66       1.581300    -0.035800   -2.21       61.26       38.74
2026-05-16 16:00:00 UTCALLOUSDT    0.087170      45.46     12393       26742043.000000 379310.000000 1.44        1.876900    -0.054800   -2.84       65.24       34.76       1.452800    -0.068700   -4.52       59.23       40.77       1.538100    -0.043200   -2.73       60.60       39.40
2026-05-16 20:00:00 UTCALLOUSDT    0.086610      43.88     12654       26802338.000000 60295.000000  0.23        1.843300    -0.033600   -1.79       64.83       35.17       1.405300    -0.047500   -3.27       58.42       41.58       1.513800    -0.024300   -1.58       60.22       39.78
2026-05-17 00:00:00 UTCALLOUSDT    0.085950      42.03     18715       26992054.000000 189716.000000 0.71        1.917200    0.073900    4.01        65.72       34.28       1.370200    -0.035100   -2.50       57.81       42.19       1.603500    0.089700    5.93        61.59       38.41
2026-05-17 04:00:00 UTCALLOUSDT    0.085560      40.93     12105       27034085.000000 42031.000000  0.16        1.948100    0.030900    1.61        66.08       33.92       1.353800    -0.016400   -1.20       57.51       42.49       1.590000    -0.013500   -0.84       61.39       38.61
2026-05-17 08:00:00 UTCALLOUSDT    0.086420      44.39     10137       27339420.000000 305335.000000 1.13        2.004800    0.056700    2.91        66.72       33.28       1.349800    -0.004000   -0.30       57.44       42.56       1.590700    0.000700    0.04        61.40       38.60
2026-05-17 12:00:00 UTCALLOUSDT    0.086880      46.20     14256       27404032.000000 64612.000000  0.24        1.965600    -0.039200   -1.96       66.28       33.72       1.335200    -0.014600   -1.08       57.18       42.82       1.540700    -0.050000   -3.14       60.64       39.36
2026-05-17 16:00:00 UTCALLOUSDT    0.085750      42.53     9379        27180375.000000 -223657.000000-0.82       1.947200    -0.018400   -0.94       66.07       33.93       1.324400    -0.010800   -0.81       56.98       43.02       1.577300    0.036600    2.38        61.20       38.80
2026-05-17 20:00:00 UTCALLOUSDT    0.083540      36.43     14731       27214205.000000 33830.000000  0.12        2.009300    0.062100    3.19        66.77       33.23       1.304200    -0.020200   -1.53       56.60       43.40       1.627400    0.050100    3.18        61.94       38.06
2026-05-18 00:00:00 UTCALLOUSDT    0.083570      36.57     27211       27318305.000000 104100.000000 0.38        2.054400    0.045100    2.24        67.26       32.74       1.356800    0.052600    4.03        57.57       42.43       1.616400    -0.011000   -0.68       61.78       38.22
2026-05-18 04:00:00 UTCALLOUSDT    0.082430      33.68     23062       27326023.000000 7718.000000   0.03        2.012000    -0.042400   -2.06       66.80       33.20       1.395000    0.038200    2.82        58.25       41.75       1.586700    -0.029700   -1.84       61.34       38.66
2026-05-18 08:00:00 UTCALLOUSDT    0.082630      34.66     20343       27305320.000000 -20703.000000 -0.08       2.012000    0.000000    0.00        66.80       33.20       1.386800    -0.008200   -0.59       58.10       41.90       1.623300    0.036600    2.31        61.88       38.12
2026-05-18 12:00:00 UTCALLOUSDT    0.081810      32.55     30451       27191519.000000 -113801.000000-0.42       1.981500    -0.030500   -1.52       66.46       33.54       1.405000    0.018200    1.31        58.42       41.58       1.643400    0.020100    1.24        62.17       37.83
2026-05-18 16:00:00 UTCALLOUSDT    0.082530      36.22     14586       27306136.000000 114617.000000 0.42        1.957700    -0.023800   -1.20       66.19       33.81       1.450500    0.045500    3.24        59.19       40.81       1.602100    -0.041300   -2.51       61.57       38.43
2026-05-18 20:00:00 UTCALLOUSDT    0.082760      37.39     10241       27319818.000000 13682.000000  0.05        1.923100    -0.034600   -1.77       65.79       34.21       1.448200    -0.002300   -0.16       59.15       40.85       1.633700    0.031600    1.97        62.03       37.97
2026-05-19 00:00:00 UTCALLOUSDT    0.082810      37.66     12911       27341684.000000 21866.000000  0.08        2.018400    0.095300    4.96        66.87       33.13       1.469800    0.021600    1.49        59.51       40.49       1.693200    0.059500    3.64        62.87       37.13
2026-05-19 04:00:00 UTCALLOUSDT    0.083060      39.06     10849       27154032.000000 -187652.000000-0.69       1.986900    -0.031500   -1.56       66.52       33.48       1.512900    0.043100    2.93        60.21       39.79       1.668100    -0.025100   -1.48       62.52       37.48
2026-05-19 08:00:00 UTCALLOUSDT    0.083910      43.71     16642       27020971.000000 -133061.000000-0.49       2.030300    0.043400    2.18        67.00       33.00       1.507500    -0.005400   -0.36       60.12       39.88       1.719600    0.051500    3.09        63.23       36.77
2026-05-19 12:00:00 UTCALLOUSDT    0.085200      49.95     28458       26886164.000000 -134807.000000-0.50       1.951600    -0.078700   -3.88       66.12       33.88       1.457600    -0.049900   -3.31       59.31       40.69       1.627400    -0.092200   -5.36       61.94       38.06
2026-05-19 16:00:00 UTCALLOUSDT    0.084560      47.16     15024       27017942.000000 131778.000000 0.49        1.920600    -0.031000   -1.59       65.76       34.24       1.400500    -0.057100   -3.92       58.34       41.66       1.685300    0.057900    3.56        62.76       37.24
2026-05-19 20:00:00 UTCALLOUSDT    0.084350      46.24     10128       26618231.000000 -399711.000000-1.48       1.963800    0.043200    2.25        66.26       33.74       1.420300    0.019800    1.41        58.68       41.32       1.638500    -0.046800   -2.78       62.10       37.90
2026-05-20 00:00:00 UTCALLOUSDT    0.084500      47.03     9117        26437769.000000 -180462.000000-0.68       2.109500    0.145700    7.42        67.84       32.16       1.456600    0.036300    2.56        59.29       40.71       1.724800    0.086300    5.27        63.30       36.70
2026-05-20 04:00:00 UTCALLOUSDT    0.084060      44.95     9362        26384265.000000 -53504.000000 -0.20       2.100800    -0.008700   -0.41       67.75       32.25       1.441900    -0.014700   -1.01       59.05       40.95       1.698300    -0.026500   -1.54       62.94       37.06
2026-05-20 08:00:00 UTCALLOUSDT    0.084160      45.54     19027       26448093.000000 63828.000000  0.24        2.116200    0.015400    0.73        67.91       32.09       1.404900    -0.037000   -2.57       58.42       41.58       1.710800    0.012500    0.74        63.11       36.89
2026-05-20 12:00:00 UTCALLOUSDT    0.085030      50.51     10465       27600550.000000 1152457.0000004.36        2.202000    0.085800    4.05        68.77       31.23       1.450000    0.045100    3.21        59.18       40.82       1.745000    0.034200    2.00        63.57       36.43
2026-05-20 16:00:00 UTCALLOUSDT    0.085690      53.95     7173        27644431.000000 43881.000000  0.16        2.146600    -0.055400   -2.52       68.22       31.78       1.493800    0.043800    3.02        59.90       40.10       1.710000    -0.035000   -2.01       63.10       36.90
2026-05-20 20:00:00 UTCALLOUSDT    0.087440      61.57     15222       27538755.000000 -105676.000000-0.38       2.164600    0.018000    0.84        68.40       31.60       1.480800    -0.013000   -0.87       59.69       40.31       1.734500    0.024500    1.43        63.43       36.57
2026-05-21 00:00:00 UTCALLOUSDT    0.087960      63.50     12150       27893470.000000 354715.000000 1.29        2.137700    -0.026900   -1.24       68.13       31.87       1.472600    -0.008200   -0.55       59.56       40.44       1.711500    -0.023000   -1.33       63.12       36.88
2026-05-21 04:00:00 UTCALLOUSDT    0.088780      66.38     11843       27617965.000000 -275505.000000-0.99       2.179700    0.042000    1.96        68.55       31.45       1.525300    0.052700    3.58        60.40       39.60       1.672400    -0.039100   -2.28       62.58       37.42
2026-05-21 08:00:00 UTCALLOUSDT    0.087070      56.41     39334       27543883.000000 -74082.000000 -0.27       2.094100    -0.085600   -3.93       67.68       32.32       1.511200    -0.014100   -0.92       60.18       39.82       1.693200    0.020800    1.24        62.87       37.13
2026-05-21 12:00:00 UTCALLOUSDT    0.083870      43.30     96755       28595312.000000 1051429.0000003.82        2.208200    0.114100    5.45        68.83       31.17       1.425400    -0.085800   -5.68       58.77       41.23       1.714400    0.021200    1.25        63.16       36.84
2026-05-21 16:00:00 UTCALLOUSDT    0.088880      59.26     39041       29799078.000000 1203766.0000004.21        1.892700    -0.315500   -14.29      65.43       34.57       1.285100    -0.140300   -9.84       56.24       43.76       1.581300    -0.133100   -7.76       61.26       38.74
2026-05-21 20:00:00 UTCALLOUSDT    0.091420      64.69     45001       30400174.000000 601096.000000 2.02        1.672400    -0.220300   -11.64      62.58       37.42       1.284900    -0.000200   -0.02       56.23       43.77       1.440800    -0.140500   -8.89       59.03       40.97
2026-05-22 00:00:00 UTCALLOUSDT    0.091570      64.98     38488       31106868.000000 706694.000000 2.32        1.707800    0.035400    2.12        63.07       36.93       1.279700    -0.005200   -0.40       56.14       43.86       1.499400    0.058600    4.07        59.99       40.01
2026-05-22 04:00:00 UTCALLOUSDT    0.090210      60.06     50116       31163430.000000 56562.000000  0.18        1.681000    -0.026800   -1.57       62.70       37.30       1.330900    0.051200    4.00        57.10       42.90       1.454000    -0.045400   -3.03       59.25       40.75
2026-05-22 08:00:00 UTCALLOUSDT    0.095310      69.42     44954       31357378.000000 193948.000000 0.62        1.615700    -0.065300   -3.88       61.77       38.23       1.254000    -0.076900   -5.78       55.63       44.37       1.414900    -0.039100   -2.69       58.59       41.41
2026-05-22 12:00:00 UTCALLOUSDT    0.099310      74.47     167055      32360900.000000 1003522.0000003.20        1.549700    -0.066000   -4.08       60.78       39.22       1.323600    0.069600    5.55        56.96       43.04       1.311100    -0.103800   -7.34       56.73       43.27
2026-05-22 16:00:00 UTCALLOUSDT    0.097700      69.50     115677      32223488.000000 -137412.000000-0.42       1.426000    -0.123700   -7.98       58.78       41.22       1.299100    -0.024500   -1.85       56.51       43.49       1.243700    -0.067400   -5.14       55.43       44.57
2026-05-22 20:00:00 UTCALLOUSDT    0.089540      50.92     71442       31594215.000000 -629273.000000-1.95       1.509400    0.083400    5.85        60.15       39.85       1.361700    0.062600    4.82        57.66       42.34       1.311100    0.067400    5.42        56.73       43.27
2026-05-23 00:00:00 UTCALLOUSDT    0.090100      51.87     49619       29094359.000000 -2499856.000000-7.91       1.539400    0.030000    1.99        60.62       39.38       1.304100    -0.057600   -4.23       56.60       43.40       1.346300    0.035200    2.68        57.38       42.62
2026-05-23 04:00:00 UTCALLOUSDT    0.083500      41.63     43419       29109436.000000 15077.000000  0.05        1.619200    0.079800    5.18        61.82       38.18       1.288400    -0.015700   -1.20       56.30       43.70       1.421900    0.075600    5.62        58.71       41.29
2026-05-23 08:00:00 UTCALLOUSDT    0.084750      43.89     27177       29132911.000000 23475.000000  0.08        1.663100    0.043900    2.71        62.45       37.55       1.292200    0.003800    0.29        56.37       43.63       1.420700    -0.001200   -0.08       58.69       41.31
2026-05-23 12:00:00 UTCALLOUSDT    0.086640      47.22     23010       29456007.000000 323096.000000 1.11        1.555600    -0.107500   -6.46       60.87       39.13       1.343500    0.051300    3.97        57.33       42.67       1.321300    -0.099400   -7.00       56.92       43.08
2026-05-23 16:00:00 UTCALLOUSDT    0.089850      52.38     24824       29098858.000000 -357149.000000-1.21       1.570700    0.015100    0.97        61.10       38.90       1.387800    0.044300    3.30        58.12       41.88       1.312700    -0.008600   -0.65       56.76       43.24
2026-05-23 20:00:00 UTCALLOUSDT    0.092430      56.10     34182       29989060.000000 890202.000000 3.06        1.539400    -0.031300   -1.99       60.62       39.38       1.494400    0.106600    7.68        59.91       40.09       1.308400    -0.004300   -0.33       56.68       43.32
2026-05-24 00:00:00 UTCALLOUSDT    0.092510      56.21     25435       29974726.000000 -14334.000000 -0.05       1.423700    -0.115700   -7.52       58.74       41.26       1.551500    0.057100    3.82        60.81       39.19       1.254300    -0.054100   -4.13       55.64       44.36
2026-05-24 04:00:00 UTCALLOUSDT    0.090730      52.91     24835       29595499.000000 -379227.000000-1.27       1.469700    0.046000    3.23        59.51       40.49       1.579400    0.027900    1.80        61.23       38.77       1.315900    0.061600    4.91        56.82       43.18
2026-05-24 08:00:00 UTCALLOUSDT    0.089170      50.14     20130       29472525.000000 -122974.000000-0.42       1.494400    0.024700    1.68        59.91       40.09       1.585400    0.006000    0.38        61.32       38.68       1.281500    -0.034400   -2.61       56.17       43.83
2026-05-24 12:00:00 UTCALLOUSDT    0.088060      48.20     16700       29537182.000000 64657.000000  0.22        1.522700    0.028300    1.89        60.36       39.64       1.580700    -0.004700   -0.30       61.25       38.75       1.318000    0.036500    2.85        56.86       43.14
2026-05-24 16:00:00 UTCALLOUSDT    0.087670      47.51     14857       29106933.000000 -430249.000000-1.46       1.486900    -0.035800   -2.35       59.79       40.21       1.603200    0.022500    1.42        61.59       38.41       1.293600    -0.024400   -1.85       56.40       43.60
2026-05-24 20:00:00 UTCALLOUSDT    0.088140      48.47     17132       28925048.000000 -181885.000000-0.62       1.516400    0.029500    1.98        60.26       39.74       1.640900    0.037700    2.35        62.13       37.87       1.320200    0.026600    2.06        56.90       43.10
2026-05-25 00:00:00 UTCALLOUSDT    0.087480      47.16     15606       28895280.000000 -29768.000000 -0.10       1.449800    -0.066600   -4.39       59.18       40.82       1.642400    0.001500    0.09        62.16       37.84       1.237600    -0.082600   -6.26       55.31       44.69
2026-05-25 04:00:00 UTCALLOUSDT    0.087260      46.71     14102       28778961.000000 -116319.000000-0.40       1.500000    0.050200    3.46        60.00       40.00       1.637900    -0.004500   -0.27       62.09       37.91       1.298300    0.060700    4.90        56.49       43.51
2026-05-25 08:00:00 UTCALLOUSDT    0.087680      47.74     18232       28881632.000000 102671.000000 0.36        1.604800    0.104800    6.99        61.61       38.39       1.620900    -0.017000   -1.04       61.85       38.15       1.410800    0.112500    8.67        58.52       41.48
2026-05-25 12:00:00 UTCALLOUSDT    0.087030      46.25     14650       28867599.000000 -14033.000000 -0.05       1.556900    -0.047900   -2.98       60.89       39.11       1.592100    -0.028800   -1.78       61.42       38.58       1.333700    -0.077100   -5.46       57.15       42.85
2026-05-25 16:00:00 UTCALLOUSDT    0.086700      45.47     13548       29198997.000000 331398.000000 1.15        1.551000    -0.005900   -0.38       60.80       39.20       1.619300    0.027200    1.71        61.82       38.18       1.362900    0.029200    2.19        57.68       42.32
2026-05-25 20:00:00 UTCALLOUSDT    0.084960      41.51     15119       29080484.000000 -118513.000000-0.41       1.581300    0.030300    1.95        61.26       38.74       1.607900    -0.011400   -0.70       61.66       38.34       1.408500    0.045600    3.35        58.48       41.52
2026-05-26 00:00:00 UTCALLOUSDT    0.083090      37.71     18459       28842936.000000 -237548.000000-0.82       1.560800    -0.020500   -1.30       60.95       39.05       1.550500    -0.057400   -3.57       60.79       39.21       1.385500    -0.023000   -1.63       58.08       41.92
2026-05-26 04:00:00 UTCALLOUSDT    0.083560      39.22     16732       28652866.000000 -190070.000000-0.66       1.538100    -0.022700   -1.45       60.60       39.40       1.540100    -0.010400   -0.67       60.63       39.37       1.343000    -0.042500   -3.07       57.32       42.68
2026-05-26 08:00:00 UTCALLOUSDT    0.084610      42.56     23915       28815337.000000 162471.000000 0.57        1.451000    -0.087100   -5.66       59.20       40.80       1.564900    0.024800    1.61        61.01       38.99       1.254300    -0.088700   -6.60       55.64       44.36
2026-05-26 12:00:00 UTCALLOUSDT    0.082650      38.32     20606       29364537.000000 549200.000000 1.91        1.469700    0.018700    1.29        59.51       40.49       1.611100    0.046200    2.95        61.70       38.30       1.276900    0.022600    1.80        56.08       43.92
2026-05-26 16:00:00 UTCALLOUSDT    0.083250      40.28     36654       29738308.000000 373771.000000 1.27        1.434900    -0.034800   -2.37       58.93       41.07       1.573200    -0.037900   -2.35       61.14       38.86       1.211900    -0.065000   -5.09       54.79       45.21
2026-05-26 20:00:00 UTCALLOUSDT    0.084000      42.73     18385       31470399.000000 1732091.0000005.82        1.338600    -0.096300   -6.71       57.24       42.76       1.673800    0.100600    6.39        62.60       37.40       1.118600    -0.093300   -7.70       52.80       47.20
2026-05-27 00:00:00 UTCALLOUSDT    0.084670      44.91     23657       31483677.000000 13278.000000  0.04        1.327700    -0.010900   -0.81       57.04       42.96       1.754900    0.081100    4.85        63.70       36.30       1.120400    0.001800    0.16        52.84       47.16
2026-05-27 04:00:00 UTCALLOUSDT    0.086390      50.14     30771       31738143.000000 254466.000000 0.81        1.371400    0.043700    3.29        57.83       42.17       1.811400    0.056500    3.22        64.43       35.57       1.141800    0.021400    1.91        53.31       46.69
2026-05-27 08:00:00 UTCALLOUSDT    0.091300      61.41     49950       32019389.000000 281246.000000 0.89        1.411400    0.040000    2.92        58.53       41.47       1.869200    0.057800    3.19        65.15       34.85       1.150500    0.008700    0.76        53.50       46.50
2026-05-27 12:00:00 UTCALLOUSDT    0.089620      56.69     74578       31832063.000000 -187326.000000-0.59       1.389500    -0.021900   -1.55       58.15       41.85       1.764500    -0.104700   -5.60       63.83       36.17       1.184400    0.033900    2.95        54.22       45.78
2026-05-27 16:00:00 UTCALLOUSDT    0.091540      60.43     48551       31370977.000000 -461086.000000-1.45       1.435500    0.046000    3.31        58.94       41.06       1.821400    0.056900    3.22        64.56       35.44       1.236600    0.052200    4.41        55.29       44.71
2026-05-27 20:00:00 UTCALLOUSDT    0.091540      60.43     50760       30961024.000000 -409953.000000-1.31       1.437200    0.001700    0.12        58.97       41.03       1.735200    -0.086200   -4.73       63.44       36.56       1.259400    0.022800    1.84        55.74       44.26
2026-05-28 00:00:00 UTCALLOUSDT    0.090290      56.73     55930       31021226.000000 60202.000000  0.19        1.371400    -0.065800   -4.58       57.83       42.17       1.781000    0.045800    2.64        64.04       35.96       1.206000    -0.053400   -4.24       54.67       45.33
2026-05-28 04:00:00 UTCALLOUSDT    0.093030      62.20     97335       30245418.000000 -775808.000000-2.50       1.394100    0.022700    1.66        58.23       41.77       1.755200    -0.025800   -1.45       63.70       36.30       1.256800    0.050800    4.21        55.69       44.31
2026-05-28 08:00:00 UTCALLOUSDT    0.098950      70.79     147104      31897488.000000 1652070.0000005.46        1.308900    -0.085200   -6.11       56.69       43.31       1.682000    -0.073200   -4.17       62.71       37.29       1.171600    -0.085200   -6.78       53.95       46.05
2026-05-28 12:00:00 UTCALLOUSDT    0.108460      79.03     256016      39974127.000000 8076639.00000025.32       1.028800    -0.280100   -21.40      50.71       49.29       1.515600    -0.166400   -9.89       60.25       39.75       1.016100    -0.155500   -13.27      50.40       49.60
2026-05-28 16:00:00 UTCALLOUSDT    0.146220      90.50     1945110     48196600.000000 8222473.00000020.57       0.846700    -0.182100   -17.70      45.85       54.15       1.367400    -0.148200   -9.78       57.76       42.24       0.859400    -0.156700   -15.42      46.22       53.78
2026-05-28 20:00:00 UTCALLOUSDT    0.163840      92.54     1409963     76458210.000000 28261610.00000058.64       0.584500    -0.262200   -30.97      36.89       63.11       1.035400    -0.332000   -24.28      50.87       49.13       0.624400    -0.235000   -27.34      38.44       61.56

==============================================================================================================
LAST SNAPSHOT
==============================================================================================================
Time                : 2026-05-28 20:00:00 UTC
Symbol              : ALLOUSDT
Close               : 0.163840
RSI(14)            : 92.54
Number of Trades    : 1409963
Volume              : 617551408.000000
Quote Volume        : 94642682.630430

Open Interest       : 76458210.000000
OI Change           : 28261610.000000
OI Change %         : 58.64%
OI Value            : 11165192.406300

Top Acco L/S Ratio  : 0.584500
Top Acco L/S Change : -0.262200
Top Acco Chg %      : -30.97%
Top Acco Long %     : 36.89
Top Acco Short %    : 63.11

Top Posit L/S Ratio : 1.035400
Top Posit L/S Change: -0.332000
Top Posit Chg %     : -24.28%
Top Posit Long %    : 50.87
Top Posit Short %   : 49.13

Global L/S Ratio    : 0.624400
Global L/S Change   : -0.235000
Global Chg %        : -27.34%
Global Long %       : 38.44
Global Short %      : 61.56

[Program finished]
####################################################################################################
FETCHING BINANCE FUTURES DATA ...
####################################################################################################
SYMBOL     : ALLOUSDT
PERIOD     : 1d
LIMIT      : 500
RSI_PERIOD : 14

========================================================================================================================================================================================================================================================================================================================================================================
BINANCE FUTURES MERGED DATA (L.S + OI + RSI + TRADES) | ROW = ONE CANDLE
========================================================================================================================================================================================================================================================================================================================================================================
Time                  Symbol      Close         RSI       Trades      OI              OI Chg        OI Chg %    Acco L/S    Acco Chg    Acco Chg%   Acco L%     Acco S%     Posit L/S   Posit Chg   Posit Chg%  Posit L%    Posit S%    Global L/S  Global Chg  Global Chg% Global L%   Global S%
------------------------------------------------------------------------------------------------------------------------------------------------------------------------------------------------------------------------------------------------------------------------------------------------------------------------------------------------------------------------
2026-04-29 00:00:00 UTCALLOUSDT    0.109160      47.65     74513       40848854.000000 0.000000      0.00        1.798800    0.000000    0.00        64.27       35.73       1.088500    0.000000    0.00        52.12       47.88       1.560200    0.000000    0.00        60.94       39.06
2026-04-30 00:00:00 UTCALLOUSDT    0.122040      57.28     128410      40858056.000000 9202.000000   0.02        1.824900    0.026100    1.45        64.60       35.40       1.060800    -0.027700   -2.54       51.48       48.52       1.541300    -0.018900   -1.21       60.65       39.35
2026-05-01 00:00:00 UTCALLOUSDT    0.117470      53.52     144249      40023812.000000 -834244.000000-2.04       1.597400    -0.227500   -12.47      61.50       38.50       1.009000    -0.051800   -4.88       50.22       49.78       1.429500    -0.111800   -7.25       58.84       41.16
2026-05-02 00:00:00 UTCALLOUSDT    0.122530      56.90     83298       38841089.000000 -1182723.000000-2.96       1.702700    0.105300    6.59        63.00       37.00       1.082900    0.073900    7.32        51.99       48.01       1.451600    0.022100    1.55        59.21       40.79
2026-05-03 00:00:00 UTCALLOUSDT    0.120380      55.07     97529       38522519.000000 -318570.000000-0.82       1.739000    0.036300    2.13        63.49       36.51       1.116000    0.033100    3.06        52.74       47.26       1.440800    -0.010800   -0.74       59.03       40.97
2026-05-04 00:00:00 UTCALLOUSDT    0.115650      51.17     193271      37871435.000000 -651084.000000-1.69       1.767800    0.028800    1.66        63.87       36.13       1.150400    0.034400    3.08        53.50       46.50       1.406700    -0.034100   -2.37       58.45       41.55
2026-05-05 00:00:00 UTCALLOUSDT    0.113940      49.79     79980       36985516.000000 -885919.000000-2.34       1.922300    0.154500    8.74        65.78       34.22       0.981300    -0.169100   -14.70      49.53       50.47       1.539400    0.132700    9.43        60.62       39.38
2026-05-06 00:00:00 UTCALLOUSDT    0.110650      47.17     122122      36002556.000000 -982960.000000-2.66       1.918900    -0.003400   -0.18       65.74       34.26       0.862000    -0.119300   -12.16      46.29       53.71       1.578000    0.038600    2.51        61.21       38.79
2026-05-07 00:00:00 UTCALLOUSDT    0.107700      44.89     102816      36448537.000000 445981.000000 1.24        1.796400    -0.122500   -6.38       64.24       35.76       0.825700    -0.036300   -4.21       45.23       54.77       1.507500    -0.070500   -4.47       60.12       39.88
2026-05-08 00:00:00 UTCALLOUSDT    0.104030      42.15     111998      34263629.000000 -2184908.000000-5.99       1.859600    0.063200    3.52        65.03       34.97       0.847200    0.021500    2.60        45.86       54.14       1.531600    0.024100    1.60        60.50       39.50
2026-05-09 00:00:00 UTCALLOUSDT    0.103490      41.75     132304      33049564.000000 -1214065.000000-3.54       1.972700    0.113100    6.08        66.36       33.64       1.011400    0.164200    19.38       50.28       49.72       1.552300    0.020700    1.35        60.82       39.18
2026-05-10 00:00:00 UTCALLOUSDT    0.096030      36.55     180394      32633509.000000 -416055.000000-1.26       2.038600    0.065900    3.34        67.09       32.91       1.278100    0.266700    26.37       56.10       43.90       1.543200    -0.009100   -0.59       60.68       39.32
2026-05-11 00:00:00 UTCALLOUSDT    0.094610      35.64     120488      29308023.000000 -3325486.000000-10.19      1.940300    -0.098300   -4.82       65.99       34.01       1.350600    0.072500    5.67        57.46       42.54       1.525900    -0.017300   -1.12       60.41       39.59
2026-05-12 00:00:00 UTCALLOUSDT    0.091760      33.82     121703      28374338.000000 -933685.000000-3.19       2.237300    0.297000    15.31       69.11       30.89       1.379200    0.028600    2.12        57.97       42.03       1.802700    0.276800    18.14       64.32       35.68
2026-05-13 00:00:00 UTCALLOUSDT    0.088620      31.89     106703      28411048.000000 36710.000000  0.13        2.368100    0.130800    5.85        70.31       29.69       1.390700    0.011500    0.83        58.17       41.83       1.949000    0.146300    8.12        66.09       33.91
2026-05-14 00:00:00 UTCALLOUSDT    0.088730      32.04     66407       27472739.000000 -938309.000000-3.30       2.253100    -0.115000   -4.86       69.26       30.74       1.440500    0.049800    3.58        59.02       40.98       1.850600    -0.098400   -5.05       64.92       35.08
2026-05-15 00:00:00 UTCALLOUSDT    0.083680      28.96     103734      27819720.000000 346981.000000 1.26        2.134800    -0.118300   -5.25       68.10       31.90       1.401800    -0.038700   -2.69       58.36       41.64       1.846600    -0.004000   -0.22       64.87       35.13
2026-05-16 00:00:00 UTCALLOUSDT    0.086610      32.98     58933       26247754.000000 -1571966.000000-5.65       1.977100    -0.157700   -7.39       66.41       33.59       1.482000    0.080200    5.72        59.71       40.29       1.706400    -0.140200   -7.59       63.05       36.95
2026-05-17 00:00:00 UTCALLOUSDT    0.083540      31.00     79323       26992054.000000 744300.000000 2.84        1.917200    -0.059900   -3.03       65.72       34.28       1.370200    -0.111800   -7.54       57.81       42.19       1.603500    -0.102900   -6.03       61.59       38.41
2026-05-18 00:00:00 UTCALLOUSDT    0.082760      30.50     125894      27318305.000000 326251.000000 1.21        2.054400    0.137200    7.16        67.26       32.74       1.356800    -0.013400   -0.98       57.57       42.43       1.616400    0.012900    0.80        61.78       38.22
2026-05-19 00:00:00 UTCALLOUSDT    0.084350      32.88     94012       27341684.000000 23379.000000  0.09        2.018400    -0.036000   -1.75       66.87       33.13       1.469800    0.113000    8.33        59.51       40.49       1.693200    0.076800    4.75        62.87       37.13
2026-05-20 00:00:00 UTCALLOUSDT    0.087440      37.38     70366       26437769.000000 -903915.000000-3.31       2.109500    0.091100    4.51        67.84       32.16       1.456600    -0.013200   -0.90       59.29       40.71       1.724800    0.031600    1.87        63.30       36.70
2026-05-21 00:00:00 UTCALLOUSDT    0.091420      42.70     244124      27893470.000000 1455701.0000005.51        2.137700    0.028200    1.34        68.13       31.87       1.472600    0.016000    1.10        59.56       40.44       1.711500    -0.013300   -0.77       63.12       36.88
2026-05-22 00:00:00 UTCALLOUSDT    0.089540      40.93     487732      31106868.000000 3213398.00000011.52       1.707800    -0.429900   -20.11      63.07       36.93       1.279700    -0.192900   -13.10      56.14       43.86       1.499400    -0.212100   -12.39      59.99       40.01
2026-05-23 00:00:00 UTCALLOUSDT    0.092430      44.72     202231      29094359.000000 -2012509.000000-6.47       1.539400    -0.168400   -9.86       60.62       39.38       1.304100    0.024400    1.91        56.60       43.40       1.346300    -0.153100   -10.21      57.38       42.62
2026-05-24 00:00:00 UTCALLOUSDT    0.088140      40.56     119089      29974726.000000 880367.000000 3.03        1.423700    -0.115700   -7.52       58.74       41.26       1.551500    0.247400    18.97       60.81       39.19       1.254300    -0.092000   -6.83       55.64       44.36
2026-05-25 00:00:00 UTCALLOUSDT    0.084960      37.75     91257       28895280.000000 -1079446.000000-3.60       1.449800    0.026100    1.83        59.18       40.82       1.642400    0.090900    5.86        62.16       37.84       1.237600    -0.016700   -1.33       55.31       44.69
2026-05-26 00:00:00 UTCALLOUSDT    0.084000      36.92     134751      28842936.000000 -52344.000000 -0.18       1.560800    0.111000    7.66        60.95       39.05       1.550500    -0.091900   -5.60       60.79       39.21       1.385500    0.147900    11.95       58.08       41.92
2026-05-27 00:00:00 UTCALLOUSDT    0.091540      46.81     278267      31483677.000000 2640741.0000009.16        1.327700    -0.233100   -14.93      57.04       42.96       1.754900    0.204400    13.18       63.70       36.30       1.120400    -0.265100   -19.13      52.84       47.16
2026-05-28 00:00:00 UTCALLOUSDT    0.164000      79.72     3912300     31021226.000000 -462451.000000-1.47       1.371400    0.043700    3.29        57.83       42.17       1.781000    0.026100    1.49        64.04       35.96       1.206000    0.085600    7.64        54.67       45.33

==============================================================================================================
LAST SNAPSHOT
==============================================================================================================
Time                : 2026-05-28 00:00:00 UTC
Symbol              : ALLOUSDT
Close               : 0.164000
RSI(14)            : 79.72
Number of Trades    : 3912300
Volume              : 1828165125.000000
Quote Volume        : 247892568.316740

Open Interest       : 31021226.000000
OI Change           : -462451.000000
OI Change %         : -1.47%
OI Value            : 2840654.923051

Top Acco L/S Ratio  : 1.371400
Top Acco L/S Change : 0.043700
Top Acco Chg %      : 3.29%
Top Acco Long %     : 57.83
Top Acco Short %    : 42.17

Top Posit L/S Ratio : 1.781000
Top Posit L/S Change: 0.026100
Top Posit Chg %     : 1.49%
Top Posit Long %    : 64.04
Top Posit Short %   : 35.96

Global L/S Ratio    : 1.206000
Global L/S Change   : 0.085600
Global Chg %        : 7.64%
Global Long %       : 54.67
Global Short %      : 45.33

[Program finished]
