####################################################################################################
FETCHING BINANCE FUTURES DATA ...
####################################################################################################
SYMBOL     : BEATUSDT
PERIOD     : 15m
LIMIT      : 500
RSI_PERIOD : 14

========================================================================================================================================================================================================================================================================================================================================================================
BINANCE FUTURES MERGED DATA (L.S + OI + RSI + TRADES) | ROW = ONE CANDLE
========================================================================================================================================================================================================================================================================================================================================================================
Time                  Symbol      Close         RSI       Trades      OI              OI Chg        OI Chg %    Acco L/S    Acco Chg    Acco Chg%   Acco L%     Acco S%     Posit L/S   Posit Chg   Posit Chg%  Posit L%    Posit S%    Global L/S  Global Chg  Global Chg% Global L%   Global S%
------------------------------------------------------------------------------------------------------------------------------------------------------------------------------------------------------------------------------------------------------------------------------------------------------------------------------------------------------------------------
2026-05-17 09:00:00 UTCBEATUSDT    0.631100      69.52     2447        27994726.000000 0.000000      0.00        1.867800    0.000000    0.00        65.13       34.87       1.944600    0.000000    0.00        66.04       33.96       1.805800    0.000000    0.00        64.36       35.64
2026-05-17 09:15:00 UTCBEATUSDT    0.631500      70.00     1187        27962386.000000 -32340.000000 -0.12       1.872700    0.004900    0.26        65.19       34.81       1.944000    -0.000600   -0.03       66.03       33.97       1.816100    0.010300    0.57        64.49       35.51
2026-05-17 09:30:00 UTCBEATUSDT    0.632600      71.34     1350        27970538.000000 8152.000000   0.03        1.873600    0.000900    0.05        65.20       34.80       1.944700    0.000700    0.04        66.04       33.96       1.804300    -0.011800   -0.65       64.34       35.66
2026-05-17 09:45:00 UTCBEATUSDT    0.632400      70.72     2458        27983645.000000 13107.000000  0.05        1.861200    -0.012400   -0.66       65.05       34.95       1.945200    0.000500    0.03        66.05       33.95       1.784700    -0.019600   -1.09       64.09       35.91
2026-05-17 10:00:00 UTCBEATUSDT    0.637400      76.25     2217        27972552.000000 -11093.000000 -0.04       1.870300    0.009100    0.49        65.16       34.84       1.942200    -0.003000   -0.15       66.01       33.99       1.813700    0.029000    1.62        64.46       35.54
2026-05-17 10:15:00 UTCBEATUSDT    0.640000      78.53     2567        27987482.000000 14930.000000  0.05        1.855500    -0.014800   -0.79       64.98       35.02       1.941800    -0.000400   -0.02       66.01       33.99       1.783200    -0.030500   -1.68       64.07       35.93
2026-05-17 10:30:00 UTCBEATUSDT    0.638600      74.40     2743        28002994.000000 15512.000000  0.06        1.832100    -0.023400   -1.26       64.69       35.31       1.938700    -0.003100   -0.16       65.97       34.03       1.767800    -0.015400   -0.86       63.87       36.13
2026-05-17 10:45:00 UTCBEATUSDT    0.646800      80.77     4370        28011137.000000 8143.000000   0.03        1.824100    -0.008000   -0.44       64.59       35.41       1.936200    -0.002500   -0.13       65.94       34.06       1.754100    -0.013700   -0.77       63.69       36.31
2026-05-17 11:00:00 UTCBEATUSDT    0.651100      83.14     6642        28045184.000000 34047.000000  0.12        1.986000    0.161900    8.88        66.51       33.49       1.935000    -0.001200   -0.06       65.93       34.07       1.865300    0.111200    6.34        65.10       34.90
2026-05-17 11:15:00 UTCBEATUSDT    0.661300      87.18     15383       28050104.000000 4920.000000   0.02        1.762400    -0.223600   -11.26      63.80       36.20       1.933200    -0.001800   -0.09       65.91       34.09       1.739700    -0.125600   -6.73       63.50       36.50
2026-05-17 11:30:00 UTCBEATUSDT    0.670700      89.64     17426       28017067.000000 -33037.000000 -0.12       1.734500    -0.027900   -1.58       63.43       36.57       1.924500    -0.008700   -0.45       65.81       34.19       1.736000    -0.003700   -0.21       63.45       36.55
2026-05-17 11:45:00 UTCBEATUSDT    0.658600      70.79     12516       28005744.000000 -11323.000000 -0.04       1.732200    -0.002300   -0.13       63.40       36.60       1.926500    0.002000    0.10        65.83       34.17       1.716700    -0.019300   -1.11       63.19       36.81
2026-05-17 12:00:00 UTCBEATUSDT    0.668500      75.36     10503       27986785.000000 -18959.000000 -0.07       1.732200    0.000000    0.00        63.40       36.60       1.931900    0.005400    0.28        65.89       34.11       1.683100    -0.033600   -1.96       62.73       37.27
2026-05-17 12:15:00 UTCBEATUSDT    0.664400      70.45     7401        28026866.000000 40081.000000  0.14        1.723300    -0.008900   -0.51       63.28       36.72       1.929300    -0.002600   -0.13       65.86       34.14       1.686000    0.002900    0.17        62.77       37.23
2026-05-17 12:30:00 UTCBEATUSDT    0.668400      72.34     13830       28018135.000000 -8731.000000  -0.03       1.691100    -0.032200   -1.87       62.84       37.16       1.933200    0.003900    0.20        65.91       34.09       1.648300    -0.037700   -2.24       62.24       37.76
2026-05-17 12:45:00 UTCBEATUSDT    0.671000      73.53     7335        27990456.000000 -27679.000000 -0.10       1.690300    -0.000800   -0.05       62.83       37.17       1.933000    -0.000200   -0.01       65.90       34.10       1.685300    0.037000    2.24        62.76       37.24
2026-05-17 13:00:00 UTCBEATUSDT    0.662500      63.87     10029       28030255.000000 39799.000000  0.14        1.691100    0.000800    0.05        62.84       37.16       1.932600    -0.000400   -0.02       65.90       34.10       1.691100    0.005800    0.34        62.84       37.16
2026-05-17 13:15:00 UTCBEATUSDT    0.670000      67.88     8203        28099506.000000 69251.000000  0.25        1.661700    -0.029400   -1.74       62.43       37.57       1.944800    0.012200    0.63        66.04       33.96       1.654600    -0.036500   -2.16       62.33       37.67
2026-05-17 13:30:00 UTCBEATUSDT    0.654700      54.58     8778        28133159.000000 33653.000000  0.12        1.675900    0.014200    0.85        62.63       37.37       1.942800    -0.002000   -0.10       66.02       33.98       1.668800    0.014200    0.86        62.53       37.47
2026-05-17 13:45:00 UTCBEATUSDT    0.645700      48.55     33930       28122783.000000 -10376.000000 -0.04       1.733000    0.057100    3.41        63.41       36.59       1.947300    0.004500    0.23        66.07       33.93       1.715200    0.046400    2.78        63.17       36.83
2026-05-17 14:00:00 UTCBEATUSDT    0.640300      45.32     18625       28065026.000000 -57757.000000 -0.21       1.763200    0.030200    1.74        63.81       36.19       1.945500    -0.001800   -0.09       66.05       33.95       1.757100    0.041900    2.44        63.73       36.27
2026-05-17 14:15:00 UTCBEATUSDT    0.631500      40.58     10383       28009919.000000 -55107.000000 -0.20       1.719600    -0.043600   -2.47       63.23       36.77       1.964200    0.018700    0.96        66.26       33.74       1.730700    -0.026400   -1.50       63.38       36.62
2026-05-17 14:30:00 UTCBEATUSDT    0.644600      49.11     10341       27944885.000000 -65034.000000 -0.23       1.777000    0.057400    3.34        63.99       36.01       1.975100    0.010900    0.55        66.39       33.61       1.768500    0.037800    2.18        63.88       36.12
2026-05-17 14:45:00 UTCBEATUSDT    0.650300      52.32     7837        27915295.000000 -29590.000000 -0.11       1.790200    0.013200    0.74        64.16       35.84       1.970500    -0.004600   -0.23       66.34       33.66       1.812100    0.043600    2.47        64.44       35.56
2026-05-17 15:00:00 UTCBEATUSDT    0.651300      52.88     6547        27925071.000000 9776.000000   0.04        1.799600    0.009400    0.53        64.28       35.72       1.963900    -0.006600   -0.33       66.26       33.74       1.837700    0.025600    1.41        64.76       35.24
2026-05-17 15:15:00 UTCBEATUSDT    0.654600      54.78     3874        27885541.000000 -39530.000000 -0.14       1.823300    0.023700    1.32        64.58       35.42       1.963500    -0.000400   -0.02       66.26       33.74       1.856300    0.018600    1.01        64.99       35.01
2026-05-17 15:30:00 UTCBEATUSDT    0.658900      57.19     6351        27883982.000000 -1559.000000  -0.01       1.834500    0.011200    0.61        64.72       35.28       1.962900    -0.000600   -0.03       66.25       33.75       1.877700    0.021400    1.15        65.25       34.75
2026-05-17 15:45:00 UTCBEATUSDT    0.656500      55.41     5073        27922823.000000 38841.000000  0.14        1.844100    0.009600    0.52        64.84       35.16       1.961000    -0.001900   -0.10       66.23       33.77       1.855500    -0.022200   -1.18       64.98       35.02
2026-05-17 16:00:00 UTCBEATUSDT    0.664500      59.89     6060        27906384.000000 -16439.000000 -0.06       1.820900    -0.023200   -1.26       64.55       35.45       1.962700    0.001700    0.09        66.25       33.75       1.828100    -0.027400   -1.48       64.64       35.36
2026-05-17 16:15:00 UTCBEATUSDT    0.665500      60.42     5632        27903805.000000 -2579.000000  -0.01       1.806600    -0.014300   -0.79       64.37       35.63       1.959000    -0.003700   -0.19       66.20       33.80       1.831300    0.003200    0.18        64.68       35.32
2026-05-17 16:30:00 UTCBEATUSDT    0.666500      60.98     5553        27893939.000000 -9866.000000  -0.04       1.829700    0.023100    1.28        64.66       35.34       1.953400    -0.005600   -0.29       66.14       33.86       1.856300    0.025000    1.37        64.99       35.01
2026-05-17 16:45:00 UTCBEATUSDT    0.671000      63.49     4639        27905210.000000 11271.000000  0.04        1.835300    0.005600    0.31        64.73       35.27       1.947300    -0.006100   -0.31       66.07       33.93       1.858000    0.001700    0.09        65.01       34.99
2026-05-17 17:00:00 UTCBEATUSDT    0.669200      61.78     7747        27893157.000000 -12053.000000 -0.04       1.779300    -0.056000   -3.05       64.02       35.98       1.943500    -0.003800   -0.20       66.03       33.97       1.807400    -0.050600   -2.72       64.38       35.62
2026-05-17 17:15:00 UTCBEATUSDT    0.671300      63.03     5700        27927280.000000 34123.000000  0.12        1.786300    0.007000    0.39        64.11       35.89       1.938100    -0.005400   -0.28       65.96       34.04       1.798800    -0.008600   -0.48       64.27       35.73
2026-05-17 17:30:00 UTCBEATUSDT    0.667700      59.44     7410        27913772.000000 -13508.000000 -0.05       1.785500    -0.000800   -0.04       64.10       35.90       1.938200    0.000100    0.01        65.97       34.03       1.793300    -0.005500   -0.31       64.20       35.80
2026-05-17 17:45:00 UTCBEATUSDT    0.664500      56.37     5044        27888331.000000 -25441.000000 -0.09       1.785500    0.000000    0.00        64.10       35.90       1.936700    -0.001500   -0.08       65.95       34.05       1.805800    0.012500    0.70        64.36       35.64
2026-05-17 18:00:00 UTCBEATUSDT    0.667500      58.53     6160        27885522.000000 -2809.000000  -0.01       1.762400    -0.023100   -1.29       63.80       36.20       1.939400    0.002700    0.14        65.98       34.02       1.780100    -0.025700   -1.42       64.03       35.97
2026-05-17 18:15:00 UTCBEATUSDT    0.670200      60.43     5836        27898335.000000 12813.000000  0.05        1.754800    -0.007600   -0.43       63.70       36.30       1.940100    0.000700    0.04        65.99       34.01       1.770100    -0.010000   -0.56       63.90       36.10
2026-05-17 18:30:00 UTCBEATUSDT    0.670900      60.93     7100        27928239.000000 29904.000000  0.11        1.743500    -0.011300   -0.64       63.55       36.45       1.939800    -0.000300   -0.02       65.98       34.02       1.779300    0.009200    0.52        64.02       35.98
2026-05-17 18:45:00 UTCBEATUSDT    0.683000      68.38     8560        27923580.000000 -4659.000000  -0.02       1.739000    -0.004500   -0.26       63.49       36.51       1.938100    -0.001700   -0.09       65.96       34.04       1.775500    -0.003800   -0.21       63.97       36.03
2026-05-17 19:00:00 UTCBEATUSDT    0.678000      63.03     11766       27946256.000000 22676.000000  0.08        1.705600    -0.033400   -1.92       63.04       36.96       1.931800    -0.006300   -0.33       65.89       34.11       1.764000    -0.011500   -0.65       63.82       36.18
2026-05-17 19:15:00 UTCBEATUSDT    0.680500      64.53     5981        27882009.000000 -64247.000000 -0.23       1.699800    -0.005800   -0.34       62.96       37.04       1.934900    0.003100    0.16        65.93       34.07       1.770900    0.006900    0.39        63.91       36.09
2026-05-17 19:30:00 UTCBEATUSDT    0.687100      68.18     4826        27909780.000000 27771.000000  0.10        1.683100    -0.016700   -0.98       62.73       37.27       1.935400    0.000500    0.03        65.93       34.07       1.753300    -0.017600   -0.99       63.68       36.32
2026-05-17 19:45:00 UTCBEATUSDT    0.692000      70.60     8679        27942074.000000 32294.000000  0.12        1.683800    0.000700    0.04        62.74       37.26       1.933100    -0.002300   -0.12       65.91       34.09       1.760900    0.007600    0.43        63.78       36.22
2026-05-17 20:00:00 UTCBEATUSDT    0.681300      59.89     9066        27970457.000000 28383.000000  0.10        1.671700    -0.012100   -0.72       62.57       37.43       1.919500    -0.013600   -0.70       65.75       34.25       1.767000    0.006100    0.35        63.86       36.14
2026-05-17 20:15:00 UTCBEATUSDT    0.677700      56.76     5987        28006018.000000 35561.000000  0.13        1.670200    -0.001500   -0.09       62.55       37.45       1.924600    0.005100    0.27        65.81       34.19       1.756300    -0.010700   -0.61       63.72       36.28
2026-05-17 20:30:00 UTCBEATUSDT    0.677200      56.33     5975        28047853.000000 41835.000000  0.15        1.677400    0.007200    0.43        62.65       37.35       1.924300    -0.000300   -0.02       65.80       34.20       1.751000    -0.005300   -0.30       63.65       36.35
2026-05-17 20:45:00 UTCBEATUSDT    0.680900      58.86     4386        28062893.000000 15040.000000  0.05        1.677400    0.000000    0.00        62.65       37.35       1.927500    0.003200    0.17        65.84       34.16       1.765500    0.014500    0.83        63.84       36.16
2026-05-17 21:00:00 UTCBEATUSDT    0.681100      59.00     4672        28100556.000000 37663.000000  0.13        1.671700    -0.005700   -0.34       62.57       37.43       1.927300    -0.000200   -0.01       65.84       34.16       1.741200    -0.024300   -1.38       63.52       36.48
2026-05-17 21:15:00 UTCBEATUSDT    0.682000      59.66     2938        28106893.000000 6337.000000   0.02        1.675900    0.004200    0.25        62.63       37.37       1.925800    -0.001500   -0.08       65.82       34.18       1.743500    0.002300    0.13        63.55       36.45
2026-05-17 21:30:00 UTCBEATUSDT    0.676500      53.95     3425        28122141.000000 15248.000000  0.05        1.671700    -0.004200   -0.25       62.57       37.43       1.923900    -0.001900   -0.10       65.80       34.20       1.760100    0.016600    0.95        63.77       36.23
2026-05-17 21:45:00 UTCBEATUSDT    0.678000      55.21     3333        28149218.000000 27077.000000  0.10        1.674500    0.002800    0.17        62.61       37.39       1.923600    -0.000300   -0.02       65.80       34.20       1.738200    -0.021900   -1.24       63.48       36.52
2026-05-17 22:00:00 UTCBEATUSDT    0.675100      52.24     3992        28163774.000000 14556.000000  0.05        1.683800    0.009300    0.56        62.74       37.26       1.922200    -0.001400   -0.07       65.78       34.22       1.755600    0.017400    1.00        63.71       36.29
2026-05-17 22:15:00 UTCBEATUSDT    0.668100      45.83     4759        28155115.000000 -8659.000000  -0.03       1.691800    0.008000    0.48        62.85       37.15       1.923700    0.001500    0.08        65.80       34.20       1.754100    -0.001500   -0.09       63.69       36.31
2026-05-17 22:30:00 UTCBEATUSDT    0.661700      40.89     6079        28120016.000000 -35099.000000 -0.12       1.741200    0.049400    2.92        63.52       36.48       1.925600    0.001900    0.10        65.82       34.18       1.812100    0.058000    3.31        64.44       35.56
2026-05-17 22:45:00 UTCBEATUSDT    0.663900      43.16     5137        28119625.000000 -391.000000   -0.00       1.752500    0.011300    0.65        63.67       36.33       1.928200    0.002600    0.14        65.85       34.15       1.811400    -0.000700   -0.04       64.43       35.57
2026-05-17 23:00:00 UTCBEATUSDT    0.653400      36.05     7655        28099427.000000 -20198.000000 -0.07       1.739000    -0.013500   -0.77       63.49       36.51       1.932300    0.004100    0.21        65.90       34.10       1.784000    -0.027400   -1.51       64.08       35.92
2026-05-17 23:15:00 UTCBEATUSDT    0.642800      30.57     7639        27964946.000000 -134481.000000-0.48       1.764700    0.025700    1.48        63.83       36.17       1.937300    0.005000    0.26        65.96       34.04       1.809000    0.025000    1.40        64.40       35.60
2026-05-17 23:30:00 UTCBEATUSDT    0.629600      25.40     13036       27927120.000000 -37826.000000 -0.14       1.773900    0.009200    0.52        63.95       36.05       1.941000    0.003700    0.19        66.00       34.00       1.821700    0.012700    0.70        64.56       35.44
2026-05-17 23:45:00 UTCBEATUSDT    0.626500      24.36     14834       27803447.000000 -123673.000000-0.44       1.801100    0.027200    1.53        64.30       35.70       1.950600    0.009600    0.49        66.11       33.89       1.816100    -0.005600   -0.31       64.49       35.51
2026-05-18 00:00:00 UTCBEATUSDT    0.640200      36.72     16911       27750852.000000 -52595.000000 -0.19       1.839300    0.038200    2.12        64.78       35.22       1.947600    -0.003000   -0.15       66.07       33.93       1.870300    0.054200    2.98        65.16       34.84
2026-05-18 00:15:00 UTCBEATUSDT    0.652900      45.59     12616       27709630.000000 -41222.000000 -0.15       1.853900    0.014600    0.79        64.96       35.04       1.940100    -0.007500   -0.39       65.99       34.01       1.892700    0.022400    1.20        65.43       34.57
2026-05-18 00:30:00 UTCBEATUSDT    0.658400      48.93     9452        27694613.000000 -15017.000000 -0.05       1.871900    0.018000    0.97        65.18       34.82       1.939400    -0.000700   -0.04       65.98       34.02       1.915500    0.022800    1.20        65.70       34.30
2026-05-18 00:45:00 UTCBEATUSDT    0.654600      46.80     5831        27732534.000000 37921.000000  0.14        1.841700    -0.030200   -1.61       64.81       35.19       1.935200    -0.004200   -0.22       65.93       34.07       1.926500    0.011000    0.57        65.83       34.17
2026-05-18 01:00:00 UTCBEATUSDT    0.655200      47.19     6364        27707202.000000 -25332.000000 -0.09       1.829700    -0.012000   -0.65       64.66       35.34       1.943600    0.008400    0.43        66.03       33.97       1.881800    -0.044700   -2.32       65.30       34.70
2026-05-18 01:15:00 UTCBEATUSDT    0.651300      44.87     4284        27680426.000000 -26776.000000 -0.10       1.823300    -0.006400   -0.35       64.58       35.42       1.944700    0.001100    0.06        66.04       33.96       1.886800    0.005000    0.27        65.36       34.64
2026-05-18 01:30:00 UTCBEATUSDT    0.650400      44.33     3123        27685135.000000 4709.000000   0.02        1.828100    0.004800    0.26        64.64       35.36       1.940400    -0.004300   -0.22       65.99       34.01       1.899400    0.012600    0.67        65.51       34.49
2026-05-18 01:45:00 UTCBEATUSDT    0.648200      42.97     5207        27691691.000000 6556.000000   0.02        1.828100    0.000000    0.00        64.64       35.36       1.942800    0.002400    0.12        66.02       33.98       1.879400    -0.020000   -1.05       65.27       34.73
2026-05-18 02:00:00 UTCBEATUSDT    0.643900      40.36     5040        27699014.000000 7323.000000   0.03        1.828100    0.000000    0.00        64.64       35.36       1.939100    -0.003700   -0.19       65.98       34.02       1.873600    -0.005800   -0.31       65.20       34.80
2026-05-18 02:15:00 UTCBEATUSDT    0.646000      42.20     2723        27706371.000000 7357.000000   0.03        1.823300    -0.004800   -0.26       64.58       35.42       1.937300    -0.001800   -0.09       65.96       34.04       1.867000    -0.006600   -0.35       65.12       34.88
2026-05-18 02:30:00 UTCBEATUSDT    0.653400      48.28     3149        27691785.000000 -14586.000000 -0.05       1.817700    -0.005600   -0.31       64.51       35.49       1.937200    -0.000100   -0.01       65.95       34.05       1.853100    -0.013900   -0.74       64.95       35.05
2026-05-18 02:45:00 UTCBEATUSDT    0.649400      45.50     3517        27690054.000000 -1731.000000  -0.01       1.818500    0.000800    0.04        64.52       35.48       1.936500    -0.000700   -0.04       65.95       34.05       1.865300    0.012200    0.66        65.10       34.90
2026-05-18 03:00:00 UTCBEATUSDT    0.648800      45.08     4437        27683764.000000 -6290.000000  -0.02       1.809000    -0.009500   -0.52       64.40       35.60       1.935600    -0.000900   -0.05       65.94       34.06       1.873600    0.008300    0.44        65.20       34.80
2026-05-18 03:15:00 UTCBEATUSDT    0.649300      45.53     2804        27677663.000000 -6101.000000  -0.02       1.821700    0.012700    0.70        64.56       35.44       1.933300    -0.002300   -0.12       65.91       34.09       1.906100    0.032500    1.73        65.59       34.41
2026-05-18 03:30:00 UTCBEATUSDT    0.653100      48.96     3873        27673714.000000 -3949.000000  -0.01       1.820100    -0.001600   -0.09       64.54       35.46       1.930700    -0.002600   -0.13       65.88       34.12       1.907000    0.000900    0.05        65.60       34.40
2026-05-18 03:45:00 UTCBEATUSDT    0.655200      50.81     4281        27653085.000000 -20629.000000 -0.07       1.787800    -0.032300   -1.77       64.13       35.87       1.930500    -0.000200   -0.01       65.88       34.12       1.861200    -0.045800   -2.40       65.05       34.95
2026-05-18 04:00:00 UTCBEATUSDT    0.665700      58.83     8162        27656319.000000 3234.000000   0.01        1.809800    0.022000    1.23        64.41       35.59       1.928400    -0.002100   -0.11       65.85       34.15       1.888500    0.027300    1.47        65.38       34.62
2026-05-18 04:15:00 UTCBEATUSDT    0.666200      59.17     7167        27687470.000000 31151.000000  0.11        1.805800    -0.004000   -0.22       64.36       35.64       1.922500    -0.005900   -0.31       65.78       34.22       1.908700    0.020200    1.07        65.62       34.38
2026-05-18 04:30:00 UTCBEATUSDT    0.676500      65.51     9499        27748602.000000 61132.000000  0.22        1.748000    -0.057800   -3.20       63.61       36.39       1.920500    -0.002000   -0.10       65.76       34.24       1.872700    -0.036000   -1.89       65.19       34.81
2026-05-18 04:45:00 UTCBEATUSDT    0.680500      67.61     8649        27761666.000000 13064.000000  0.05        1.711500    -0.036500   -2.09       63.12       36.88       1.919700    -0.000800   -0.04       65.75       34.25       1.833700    -0.039000   -2.08       64.71       35.29
2026-05-18 05:00:00 UTCBEATUSDT    0.681600      68.19     9955        27816498.000000 54832.000000  0.20        1.681700    -0.029800   -1.74       62.71       37.29       1.912400    -0.007300   -0.38       65.66       34.34       1.787100    -0.046600   -2.54       64.12       35.88
2026-05-18 05:15:00 UTCBEATUSDT    0.663100      51.60     14765       27962874.000000 146376.000000 0.53        1.614400    -0.067300   -4.00       61.75       38.25       1.908200    -0.004200   -0.22       65.61       34.39       1.704900    -0.082200   -4.60       63.03       36.97
2026-05-18 05:30:00 UTCBEATUSDT    0.656600      47.26     12799       27841140.000000 -121734.000000-0.44       1.713000    0.098600    6.11        63.14       36.86       1.910100    0.001900    0.10        65.64       34.36       1.809000    0.104100    6.11        64.40       35.60
2026-05-18 05:45:00 UTCBEATUSDT    0.654800      46.10     10429       27740643.000000 -100497.000000-0.36       1.771600    0.058600    3.42        63.92       36.08       1.923100    0.013000    0.68        65.79       34.21       1.842500    0.033500    1.85        64.82       35.18
2026-05-18 06:00:00 UTCBEATUSDT    0.657900      48.44     7791        27642217.000000 -98426.000000 -0.35       1.776200    0.004600    0.26        63.98       36.02       1.927100    0.004000    0.21        65.84       34.16       1.825700    -0.016800   -0.91       64.61       35.39
2026-05-18 06:15:00 UTCBEATUSDT    0.645900      41.01     8512        27608966.000000 -33251.000000 -0.12       1.779300    0.003100    0.17        64.02       35.98       1.927700    0.000600    0.03        65.84       34.16       1.844100    0.018400    1.01        64.84       35.16
2026-05-18 06:30:00 UTCBEATUSDT    0.645400      40.73     7114        27576019.000000 -32947.000000 -0.12       1.811400    0.032100    1.80        64.43       35.57       1.932300    0.004600    0.24        65.90       34.10       1.861200    0.017100    0.93        65.05       34.95
2026-05-18 06:45:00 UTCBEATUSDT    0.638300      36.87     4830        27567507.000000 -8512.000000  -0.03       1.832900    0.021500    1.19        64.70       35.30       1.934700    0.002400    0.12        65.92       34.08       1.862000    0.000800    0.04        65.06       34.94
2026-05-18 07:00:00 UTCBEATUSDT    0.640000      38.37     6975        27542886.000000 -24621.000000 -0.09       1.852300    0.019400    1.06        64.94       35.06       1.935500    0.000800    0.04        65.93       34.07       1.876000    0.014000    0.75        65.23       34.77
2026-05-18 07:15:00 UTCBEATUSDT    0.646200      43.65     6154        27509923.000000 -32963.000000 -0.12       1.868600    0.016300    0.88        65.14       34.86       1.937900    0.002400    0.12        65.96       34.04       1.923100    0.047100    2.51        65.79       34.21
2026-05-18 07:30:00 UTCBEATUSDT    0.638600      39.22     5552        27481590.000000 -28333.000000 -0.10       1.864500    -0.004100   -0.22       65.09       34.91       1.938200    0.000300    0.02        65.97       34.03       1.891000    -0.032100   -1.67       65.41       34.59
2026-05-18 07:45:00 UTCBEATUSDT    0.643100      42.91     5920        27468923.000000 -12667.000000 -0.05       1.886800    0.022300    1.20        65.36       34.64       1.939500    0.001300    0.07        65.98       34.02       1.933400    0.042400    2.24        65.91       34.09
2026-05-18 08:00:00 UTCBEATUSDT    0.642000      42.24     7467        27474523.000000 5600.000000   0.02        1.892700    0.005900    0.31        65.43       34.57       1.939500    0.000000    0.00        65.98       34.02       1.915500    -0.017900   -0.93       65.70       34.30
2026-05-18 08:15:00 UTCBEATUSDT    0.649000      47.87     7023        27544411.000000 69888.000000  0.25        1.884300    -0.008400   -0.44       65.33       34.67       1.944300    0.004800    0.25        66.04       33.96       1.907800    -0.007700   -0.40       65.61       34.39
2026-05-18 08:30:00 UTCBEATUSDT    0.646000      45.81     6322        27486104.000000 -58307.000000 -0.21       1.915500    0.031200    1.66        65.70       34.30       1.931400    -0.012900   -0.66       65.89       34.11       1.970000    0.062200    3.26        66.33       33.67
2026-05-18 08:45:00 UTCBEATUSDT    0.651300      49.91     6030        27506136.000000 20032.000000  0.07        1.886800    -0.028700   -1.50       65.36       34.64       1.926500    -0.004900   -0.25       65.83       34.17       1.949000    -0.021000   -1.07       66.09       33.91
2026-05-18 09:00:00 UTCBEATUSDT    0.651500      50.06     5549        27513542.000000 7406.000000   0.03        1.860400    -0.026400   -1.40       65.04       34.96       1.918400    -0.008100   -0.42       65.73       34.27       1.939400    -0.009600   -0.49       65.98       34.02
2026-05-18 09:15:00 UTCBEATUSDT    0.646500      46.24     4955        27502323.000000 -11219.000000 -0.04       1.882700    0.022300    1.20        65.31       34.69       1.914400    -0.004000   -0.21       65.69       34.31       1.980600    0.041200    2.12        66.45       33.55
2026-05-18 09:30:00 UTCBEATUSDT    0.654100      52.21     5379        27516550.000000 14227.000000  0.05        1.878500    -0.004200   -0.22       65.26       34.74       1.913700    -0.000700   -0.04       65.68       34.32       1.960300    -0.020300   -1.02       66.22       33.78
2026-05-18 09:45:00 UTCBEATUSDT    0.655700      53.38     5327        27521629.000000 5079.000000   0.02        1.865300    -0.013200   -0.70       65.10       34.90       1.909500    -0.004200   -0.22       65.63       34.37       1.927400    -0.032900   -1.68       65.84       34.16
2026-05-18 10:00:00 UTCBEATUSDT    0.651800      50.15     4339        27534583.000000 12954.000000  0.05        1.847400    -0.017900   -0.96       64.88       35.12       1.907100    -0.002400   -0.13       65.60       34.40       1.928300    0.000900    0.05        65.85       34.15
2026-05-18 10:15:00 UTCBEATUSDT    0.644900      44.97     4558        27530779.000000 -3804.000000  -0.01       1.836900    -0.010500   -0.57       64.75       35.25       1.905800    -0.001300   -0.07       65.59       34.41       1.924800    -0.003500   -0.18       65.81       34.19
2026-05-18 10:30:00 UTCBEATUSDT    0.642600      43.36     3820        27516242.000000 -14537.000000 -0.05       1.841700    0.004800    0.26        64.81       35.19       1.907400    0.001600    0.08        65.61       34.39       1.929100    0.004300    0.22        65.86       34.14
2026-05-18 10:45:00 UTCBEATUSDT    0.641200      42.36     3782        27527264.000000 11022.000000  0.04        1.867800    0.026100    1.42        65.13       34.87       1.906400    -0.001000   -0.05       65.59       34.41       1.930800    0.001700    0.09        65.88       34.12
2026-05-18 11:00:00 UTCBEATUSDT    0.635200      38.31     4990        27550788.000000 23524.000000  0.09        1.847400    -0.020400   -1.09       64.88       35.12       1.903700    -0.002700   -0.14       65.56       34.44       1.928300    -0.002500   -0.13       65.85       34.15
2026-05-18 11:15:00 UTCBEATUSDT    0.636300      39.45     4602        27563099.000000 12311.000000  0.04        1.840100    -0.007300   -0.40       64.79       35.21       1.904500    0.000800    0.04        65.57       34.43       1.906100    -0.022200   -1.15       65.59       34.41
2026-05-18 11:30:00 UTCBEATUSDT    0.641800      44.95     4191        27560629.000000 -2470.000000  -0.01       1.855500    0.015400    0.84        64.98       35.02       1.906400    0.001900    0.10        65.59       34.41       1.918000    0.011900    0.62        65.73       34.27
2026-05-18 11:45:00 UTCBEATUSDT    0.640200      43.71     4457        27575807.000000 15178.000000  0.06        1.847400    -0.008100   -0.44       64.88       35.12       1.907100    0.000700    0.04        65.60       34.40       1.910400    -0.007600   -0.40       65.64       34.36
2026-05-18 12:00:00 UTCBEATUSDT    0.654400      55.47     6282        27599534.000000 23727.000000  0.09        1.862000    0.014600    0.79        65.06       34.94       1.899300    -0.007800   -0.41       65.51       34.49       1.945500    0.035100    1.84        66.05       33.95
2026-05-18 12:15:00 UTCBEATUSDT    0.648800      50.95     6838        27636211.000000 36677.000000  0.13        1.862000    0.000000    0.00        65.06       34.94       1.891000    -0.008300   -0.44       65.41       34.59       1.904400    -0.041100   -2.11       65.57       34.43
2026-05-18 12:30:00 UTCBEATUSDT    0.654700      55.10     7206        27643645.000000 7434.000000   0.03        1.855500    -0.006500   -0.35       64.98       35.02       1.891900    0.000900    0.05        65.42       34.58       1.910400    0.006000    0.32        65.64       34.36
2026-05-18 12:45:00 UTCBEATUSDT    0.661500      59.37     5819        27645633.000000 1988.000000   0.01        1.855500    0.000000    0.00        64.98       35.02       1.892100    0.000200    0.01        65.42       34.58       1.900200    -0.010200   -0.53       65.52       34.48
2026-05-18 13:00:00 UTCBEATUSDT    0.658400      56.72     9173        27699811.000000 54178.000000  0.20        1.853100    -0.002400   -0.13       64.95       35.05       1.890500    -0.001600   -0.08       65.40       34.60       1.903600    0.003400    0.18        65.56       34.44
2026-05-18 13:15:00 UTCBEATUSDT    0.657300      55.77     5408        27733240.000000 33429.000000  0.12        1.849800    -0.003300   -0.18       64.91       35.09       1.882500    -0.008000   -0.42       65.31       34.69       1.901100    -0.002500   -0.13       65.53       34.47
2026-05-18 13:30:00 UTCBEATUSDT    0.653800      52.74     8633        27785407.000000 52167.000000  0.19        1.837700    -0.012100   -0.65       64.76       35.24       1.882000    -0.000500   -0.03       65.30       34.70       1.875200    -0.025900   -1.36       65.22       34.78
2026-05-18 13:45:00 UTCBEATUSDT    0.650600      50.07     7060        27811592.000000 26185.000000  0.09        1.816900    -0.020800   -1.13       64.50       35.50       1.880000    -0.002000   -0.11       65.28       34.72       1.871900    -0.003300   -0.18       65.18       34.82
2026-05-18 14:00:00 UTCBEATUSDT    0.640100      42.45     6850        27824096.000000 12504.000000  0.04        1.812900    -0.004000   -0.22       64.45       35.55       1.881200    0.001200    0.06        65.29       34.71       1.876900    0.005000    0.27        65.24       34.76
2026-05-18 14:15:00 UTCBEATUSDT    0.641200      43.42     3782        27751349.000000 -72747.000000 -0.26       1.844100    0.031200    1.72        64.84       35.16       1.882200    0.001000    0.05        65.30       34.70       1.914600    0.037700    2.01        65.69       34.31
2026-05-18 14:30:00 UTCBEATUSDT    0.638100      41.31     5944        27740470.000000 -10879.000000 -0.04       1.867800    0.023700    1.29        65.13       34.87       1.879500    -0.002700   -0.14       65.27       34.73       1.949900    0.035300    1.84        66.10       33.90
2026-05-18 14:45:00 UTCBEATUSDT    0.640900      43.96     3831        27702924.000000 -37546.000000 -0.14       1.868600    0.000800    0.04        65.14       34.86       1.882800    0.003300    0.18        65.31       34.69       1.949000    -0.000900   -0.05       66.09       33.91
2026-05-18 15:00:00 UTCBEATUSDT    0.640800      43.89     3293        27703789.000000 865.000000    0.00        1.867000    -0.001600   -0.09       65.12       34.88       1.880900    -0.001900   -0.10       65.29       34.71       1.956800    0.007800    0.40        66.18       33.82
2026-05-18 15:15:00 UTCBEATUSDT    0.638600      42.15     2904        27710685.000000 6896.000000   0.02        1.855500    -0.011500   -0.62       64.98       35.02       1.878700    -0.002200   -0.12       65.26       34.74       1.961200    0.004400    0.22        66.23       33.77
2026-05-18 15:30:00 UTCBEATUSDT    0.639700      43.36     2094        27722425.000000 11740.000000  0.04        1.862900    0.007400    0.40        65.07       34.93       1.876400    -0.002300   -0.12       65.23       34.77       1.959500    -0.001700   -0.09       66.21       33.79
2026-05-18 15:45:00 UTCBEATUSDT    0.636700      40.86     4493        27737230.000000 14805.000000  0.05        1.862000    -0.000900   -0.05       65.06       34.94       1.876400    0.000000    0.00        65.23       34.77       1.955100    -0.004400   -0.22       66.16       33.84
2026-05-18 16:00:00 UTCBEATUSDT    0.637500      41.82     4802        27699168.000000 -38062.000000 -0.14       1.873600    0.011600    0.62        65.20       34.80       1.872000    -0.004400   -0.23       65.18       34.82       1.992200    0.037100    1.90        66.58       33.42
2026-05-18 16:15:00 UTCBEATUSDT    0.638500      43.07     1752        27742495.000000 43327.000000  0.16        1.885200    0.011600    0.62        65.34       34.66       1.867300    -0.004700   -0.25       65.12       34.88       1.978900    -0.013300   -0.67       66.43       33.57
2026-05-18 16:30:00 UTCBEATUSDT    0.639700      44.61     1385        27755796.000000 13301.000000  0.05        1.863700    -0.021500   -1.14       65.08       34.92       1.866000    -0.001300   -0.07       65.11       34.89       1.963000    -0.015900   -0.80       66.25       33.75
2026-05-18 16:45:00 UTCBEATUSDT    0.639700      44.61     1945        27758284.000000 2488.000000   0.01        1.859600    -0.004100   -0.22       65.03       34.97       1.865500    -0.000500   -0.03       65.10       34.90       1.958600    -0.004400   -0.22       66.20       33.80
2026-05-18 17:00:00 UTCBEATUSDT    0.637500      42.18     1575        27758079.000000 -205.000000   -0.00       1.849800    -0.009800   -0.53       64.91       35.09       1.863700    -0.001800   -0.10       65.08       34.92       1.950700    -0.007900   -0.40       66.11       33.89
2026-05-18 17:15:00 UTCBEATUSDT    0.635000      39.56     2828        27763116.000000 5037.000000   0.02        1.858000    0.008200    0.44        65.01       34.99       1.863500    -0.000200   -0.01       65.08       34.92       1.952500    0.001800    0.09        66.13       33.87
2026-05-18 17:30:00 UTCBEATUSDT    0.633900      38.42     1890        27757382.000000 -5734.000000  -0.02       1.853900    -0.004100   -0.22       64.96       35.04       1.863900    0.000400    0.02        65.08       34.92       1.953300    0.000800    0.04        66.14       33.86
2026-05-18 17:45:00 UTCBEATUSDT    0.634600      39.61     1705        27752827.000000 -4555.000000  -0.02       1.836100    -0.017800   -0.96       64.74       35.26       1.864700    0.000800    0.04        65.09       34.91       1.928300    -0.025000   -1.28       65.85       34.15
2026-05-18 18:00:00 UTCBEATUSDT    0.633600      38.47     1747        27755715.000000 2888.000000   0.01        1.849000    0.012900    0.70        64.90       35.10       1.865000    0.000300    0.02        65.10       34.90       1.919700    -0.008600   -0.45       65.75       34.25
2026-05-18 18:15:00 UTCBEATUSDT    0.632200      36.87     2139        27761514.000000 5799.000000   0.02        1.847400    -0.001600   -0.09       64.88       35.12       1.865800    0.000800    0.04        65.11       34.89       1.933400    0.013700    0.71        65.91       34.09
2026-05-18 18:30:00 UTCBEATUSDT    0.634800      41.72     1459        27750224.000000 -11290.000000 -0.04       1.851400    0.004000    0.22        64.93       35.07       1.865500    -0.000300   -0.02       65.10       34.90       1.934300    0.000900    0.05        65.92       34.08
2026-05-18 18:45:00 UTCBEATUSDT    0.631800      38.08     1644        27765390.000000 15166.000000  0.05        1.840100    -0.011300   -0.61       64.79       35.21       1.865000    -0.000500   -0.03       65.10       34.90       1.918000    -0.016300   -0.84       65.73       34.27
2026-05-18 19:00:00 UTCBEATUSDT    0.633500      41.21     2401        27774765.000000 9375.000000   0.03        1.853100    0.013000    0.71        64.95       35.05       1.864700    -0.000300   -0.02       65.09       34.91       1.924800    0.006800    0.35        65.81       34.19
2026-05-18 19:15:00 UTCBEATUSDT    0.633200      40.82     1156        27774618.000000 -147.000000   -0.00       1.854700    0.001600    0.09        64.97       35.03       1.866400    0.001700    0.09        65.11       34.89       1.917200    -0.007600   -0.39       65.72       34.28
2026-05-18 19:30:00 UTCBEATUSDT    0.635700      45.47     1746        27770795.000000 -3823.000000  -0.01       1.855500    0.000800    0.04        64.98       35.02       1.867800    0.001400    0.08        65.13       34.87       1.924800    0.007600    0.40        65.81       34.19
2026-05-18 19:45:00 UTCBEATUSDT    0.633200      41.92     1173        27759338.000000 -11457.000000 -0.04       1.872700    0.017200    0.93        65.19       34.81       1.869100    0.001300    0.07        65.15       34.85       1.943800    0.019000    0.99        66.03       33.97
2026-05-18 20:00:00 UTCBEATUSDT    0.634400      44.17     1271        27743967.000000 -15371.000000 -0.06       1.886000    0.013300    0.71        65.35       34.65       1.870600    0.001500    0.08        65.16       34.84       1.951600    0.007800    0.40        66.12       33.88
2026-05-18 20:15:00 UTCBEATUSDT    0.632000      40.77     1057        27746093.000000 2126.000000   0.01        1.884300    -0.001700   -0.09       65.33       34.67       1.871100    0.000500    0.03        65.17       34.83       1.944600    -0.007000   -0.36       66.04       33.96
2026-05-18 20:30:00 UTCBEATUSDT    0.626300      34.06     2335        27739602.000000 -6491.000000  -0.02       1.885200    0.000900    0.05        65.34       34.66       1.871000    -0.000100   -0.01       65.17       34.83       1.959500    0.014900    0.77        66.21       33.79
2026-05-18 20:45:00 UTCBEATUSDT    0.623500      31.33     2922        27741112.000000 1510.000000   0.01        1.876900    -0.008300   -0.44       65.24       34.76       1.873100    0.002100    0.11        65.19       34.81       1.926500    -0.033000   -1.68       65.83       34.17
2026-05-18 21:00:00 UTCBEATUSDT    0.621600      29.59     3999        27740831.000000 -281.000000   -0.00       1.881000    0.004100    0.22        65.29       34.71       1.875600    0.002500    0.13        65.22       34.78       1.916300    -0.010200   -0.53       65.71       34.29
2026-05-18 21:15:00 UTCBEATUSDT    0.620300      28.44     2751        27748812.000000 7981.000000   0.03        1.884300    0.003300    0.18        65.33       34.67       1.880800    0.005200    0.28        65.29       34.71       1.915500    -0.000800   -0.04       65.70       34.30
2026-05-18 21:30:00 UTCBEATUSDT    0.621900      31.97     2003        27754433.000000 5621.000000   0.02        1.881000    -0.003300   -0.18       65.29       34.71       1.881500    0.000700    0.04        65.30       34.70       1.902800    -0.012700   -0.66       65.55       34.45
2026-05-18 21:45:00 UTCBEATUSDT    0.627400      42.47     2786        27741006.000000 -13427.000000 -0.05       1.873600    -0.007400   -0.39       65.20       34.80       1.882300    0.000800    0.04        65.30       34.70       1.905300    0.002500    0.13        65.58       34.42
2026-05-18 22:00:00 UTCBEATUSDT    0.629300      45.60     2298        27724318.000000 -16688.000000 -0.06       1.893500    0.019900    1.06        65.44       34.56       1.884600    0.002300    0.12        65.33       34.67       1.913800    0.008500    0.45        65.68       34.32
2026-05-18 22:15:00 UTCBEATUSDT    0.628100      43.98     1570        27724211.000000 -107.000000   -0.00       1.890200    -0.003300   -0.17       65.40       34.60       1.885800    0.001200    0.06        65.35       34.65       1.897700    -0.016100   -0.84       65.49       34.51
2026-05-18 22:30:00 UTCBEATUSDT    0.621800      36.60     1925        27694247.000000 -29964.000000 -0.11       1.895200    0.005000    0.26        65.46       34.54       1.887100    0.001300    0.07        65.36       34.64       1.909500    0.011800    0.62        65.63       34.37
2026-05-18 22:45:00 UTCBEATUSDT    0.617400      32.50     4043        27673887.000000 -20360.000000 -0.07       1.891000    -0.004200   -0.22       65.41       34.59       1.885000    -0.002100   -0.11       65.34       34.66       1.928300    0.018800    0.98        65.85       34.15
2026-05-18 23:00:00 UTCBEATUSDT    0.621300      39.02     2024        27658572.000000 -15315.000000 -0.06       1.870300    -0.020700   -1.09       65.16       34.84       1.886300    0.001300    0.07        65.35       34.65       1.885200    -0.043100   -2.24       65.34       34.66
2026-05-18 23:15:00 UTCBEATUSDT    0.620500      38.21     2994        27653683.000000 -4889.000000  -0.02       1.850600    -0.019700   -1.05       64.92       35.08       1.884900    -0.001400   -0.07       65.34       34.66       1.870300    -0.014900   -0.79       65.16       34.84
2026-05-18 23:30:00 UTCBEATUSDT    0.623300      42.72     1770        27645678.000000 -8005.000000  -0.03       1.851400    0.000800    0.04        64.93       35.07       1.882100    -0.002800   -0.15       65.30       34.70       1.878500    0.008200    0.44        65.26       34.74
2026-05-18 23:45:00 UTCBEATUSDT    0.625500      46.05     1850        27640784.000000 -4894.000000  -0.02       1.845000    -0.006400   -0.35       64.85       35.15       1.881300    -0.000800   -0.04       65.29       34.71       1.862900    -0.015600   -0.83       65.07       34.93
2026-05-19 00:00:00 UTCBEATUSDT    0.635500      58.01     4146        27632313.000000 -8471.000000  -0.03       1.841700    -0.003300   -0.18       64.81       35.19       1.881300    0.000000    0.00        65.29       34.71       1.860400    -0.002500   -0.13       65.04       34.96
2026-05-19 00:15:00 UTCBEATUSDT    0.632900      54.62     2789        27625739.000000 -6574.000000  -0.02       1.848200    0.006500    0.35        64.89       35.11       1.882200    0.000900    0.05        65.30       34.70       1.885200    0.024800    1.33        65.34       34.66
2026-05-19 00:30:00 UTCBEATUSDT    0.633800      55.59     2537        27619206.000000 -6533.000000  -0.02       1.828100    -0.020100   -1.09       64.64       35.36       1.882500    0.000300    0.02        65.31       34.69       1.872700    -0.012500   -0.66       65.19       34.81
2026-05-19 00:45:00 UTCBEATUSDT    0.630300      51.03     2246        27613781.000000 -5425.000000  -0.02       1.820100    -0.008000   -0.44       64.54       35.46       1.881200    -0.001300   -0.07       65.29       34.71       1.866200    -0.006500   -0.35       65.11       34.89
2026-05-19 01:00:00 UTCBEATUSDT    0.629800      50.39     1863        27595965.000000 -17816.000000 -0.06       1.830500    0.010400    0.57        64.67       35.33       1.883900    0.002700    0.14        65.32       34.68       1.865300    -0.000900   -0.05       65.10       34.90
2026-05-19 01:15:00 UTCBEATUSDT    0.626600      46.41     1779        27608076.000000 12111.000000  0.04        1.819300    -0.011200   -0.61       64.53       35.47       1.884000    0.000100    0.01        65.33       34.67       1.845800    -0.019500   -1.05       64.86       35.14
2026-05-19 01:30:00 UTCBEATUSDT    0.627000      46.97     1816        27612653.000000 4577.000000   0.02        1.817700    -0.001600   -0.09       64.51       35.49       1.883700    -0.000300   -0.02       65.32       34.68       1.848200    0.002400    0.13        64.89       35.11
2026-05-19 01:45:00 UTCBEATUSDT    0.632800      54.46     1925        27612842.000000 189.000000    0.00        1.807400    -0.010300   -0.57       64.38       35.62       1.884800    0.001100    0.06        65.34       34.66       1.801100    -0.047100   -2.55       64.30       35.70
2026-05-19 02:00:00 UTCBEATUSDT    0.628600      49.06     2183        27631250.000000 18408.000000  0.07        1.789400    -0.018000   -1.00       64.15       35.85       1.884000    -0.000800   -0.04       65.33       34.67       1.805000    0.003900    0.22        64.35       35.65
2026-05-19 02:15:00 UTCBEATUSDT    0.628100      48.44     1646        27619295.000000 -11955.000000 -0.04       1.809800    0.020400    1.14        64.41       35.59       1.886300    0.002300    0.12        65.35       34.65       1.831300    0.026300    1.46        64.68       35.32
2026-05-19 02:30:00 UTCBEATUSDT    0.628300      48.72     1034        27617476.000000 -1819.000000  -0.01       1.808200    -0.001600   -0.09       64.39       35.61       1.887300    0.001000    0.05        65.37       34.63       1.804300    -0.027000   -1.47       64.34       35.66
2026-05-19 02:45:00 UTCBEATUSDT    0.628500      49.02     1783        27614380.000000 -3096.000000  -0.01       1.811400    0.003200    0.18        64.43       35.57       1.886700    -0.000600   -0.03       65.36       34.64       1.819300    0.015000    0.83        64.53       35.47
2026-05-19 03:00:00 UTCBEATUSDT    0.622800      41.65     1321        27613883.000000 -497.000000   -0.00       1.830500    0.019100    1.05        64.67       35.33       1.885800    -0.000900   -0.05       65.35       34.65       1.837700    0.018400    1.01        64.76       35.24
2026-05-19 03:15:00 UTCBEATUSDT    0.621300      39.95     1533        27600821.000000 -13062.000000 -0.05       1.830500    0.000000    0.00        64.67       35.33       1.886800    0.001000    0.05        65.36       34.64       1.832900    -0.004800   -0.26       64.70       35.30
2026-05-19 03:30:00 UTCBEATUSDT    0.620900      39.49     1914        27589178.000000 -11643.000000 -0.04       1.841700    0.011200    0.61        64.81       35.19       1.886900    0.000100    0.01        65.36       34.64       1.839300    0.006400    0.35        64.78       35.22
2026-05-19 03:45:00 UTCBEATUSDT    0.619200      37.50     8134        27575627.000000 -13551.000000 -0.05       1.829700    -0.012000   -0.65       64.66       35.34       1.890500    0.003600    0.19        65.40       34.60       1.826500    -0.012800   -0.70       64.62       35.38
2026-05-19 04:00:00 UTCBEATUSDT    0.610600      29.42     4512        27518335.000000 -57292.000000 -0.21       1.826500    -0.003200   -0.17       64.62       35.38       1.900100    0.009600    0.51        65.52       34.48       1.806600    -0.019900   -1.09       64.37       35.63
2026-05-19 04:15:00 UTCBEATUSDT    0.613900      35.19     12397       27478698.000000 -39637.000000 -0.14       1.791700    -0.034800   -1.91       64.18       35.82       1.904100    0.004000    0.21        65.57       34.43       1.784000    -0.022600   -1.25       64.08       35.92
2026-05-19 04:30:00 UTCBEATUSDT    0.602600      27.04     6616        27493048.000000 14350.000000  0.05        1.852300    0.060600    3.38        64.94       35.06       1.900900    -0.003200   -0.17       65.53       34.47       1.796400    0.012400    0.70        64.24       35.76
2026-05-19 04:45:00 UTCBEATUSDT    0.615600      43.31     19570       27493641.000000 593.000000    0.00        1.849800    -0.002500   -0.13       64.91       35.09       1.902400    0.001500    0.08        65.55       34.45       1.807400    0.011000    0.61        64.38       35.62
2026-05-19 05:00:00 UTCBEATUSDT    0.626200      52.59     8673        27411179.000000 -82462.000000 -0.30       1.861200    0.011400    0.62        65.05       34.95       1.922500    0.020100    1.06        65.78       34.22       1.791700    -0.015700   -0.87       64.18       35.82
2026-05-19 05:15:00 UTCBEATUSDT    0.612500      42.83     7357        27400841.000000 -10338.000000 -0.04       1.881800    0.020600    1.11        65.30       34.70       1.917400    -0.005100   -0.27       65.72       34.28       1.822500    0.030800    1.72        64.57       35.43
2026-05-19 05:30:00 UTCBEATUSDT    0.610900      41.85     4943        27418174.000000 17333.000000  0.06        1.878500    -0.003300   -0.18       65.26       34.74       1.914800    -0.002600   -0.14       65.69       34.31       1.829700    0.007200    0.40        64.66       35.34
2026-05-19 05:45:00 UTCBEATUSDT    0.610900      41.85     3009        27430199.000000 12025.000000  0.04        1.885200    0.006700    0.36        65.34       34.66       1.915500    0.000700    0.04        65.70       34.30       1.840900    0.011200    0.61        64.80       35.20
2026-05-19 06:00:00 UTCBEATUSDT    0.618000      47.96     5224        27428504.000000 -1695.000000  -0.01       1.868600    -0.016600   -0.88       65.14       34.86       1.914300    -0.001200   -0.06       65.69       34.31       1.842500    0.001600    0.09        64.82       35.18
2026-05-19 06:15:00 UTCBEATUSDT    0.629000      55.72     6263        27414537.000000 -13967.000000 -0.05       1.881000    0.012400    0.66        65.29       34.71       1.912600    -0.001700   -0.09       65.67       34.33       1.857100    0.014600    0.79        65.00       35.00
2026-05-19 06:30:00 UTCBEATUSDT    0.635200      59.40     7413        27374300.000000 -40237.000000 -0.15       1.845800    -0.035200   -1.87       64.86       35.14       1.909400    -0.003200   -0.17       65.63       34.37       1.830500    -0.026600   -1.43       64.67       35.33
2026-05-19 06:45:00 UTCBEATUSDT    0.632500      57.17     8932        27399911.000000 25611.000000  0.09        1.827300    -0.018500   -1.00       64.63       35.37       1.902700    -0.006700   -0.35       65.55       34.45       1.804300    -0.026200   -1.43       64.34       35.66
2026-05-19 07:00:00 UTCBEATUSDT    0.643400      63.17     8754        27366642.000000 -33269.000000 -0.12       1.886800    0.059500    3.26        65.36       34.64       1.904400    0.001700    0.09        65.57       34.43       1.849800    0.045500    2.52        64.91       35.09
2026-05-19 07:15:00 UTCBEATUSDT    0.645100      64.02     10562       27376698.000000 10056.000000  0.04        1.840900    -0.045900   -2.43       64.80       35.20       1.903600    -0.000800   -0.04       65.56       34.44       1.832100    -0.017700   -0.96       64.69       35.31
2026-05-19 07:30:00 UTCBEATUSDT    0.652700      67.60     9222        27410763.000000 34065.000000  0.12        1.807400    -0.033500   -1.82       64.38       35.62       1.904800    0.001200    0.06        65.57       34.43       1.823300    -0.008800   -0.48       64.58       35.42
2026-05-19 07:45:00 UTCBEATUSDT    0.657300      69.58     8027        27404987.000000 -5776.000000  -0.02       1.799600    -0.007800   -0.43       64.28       35.72       1.912600    0.007800    0.41        65.67       34.33       1.828100    0.004800    0.26        64.64       35.36
2026-05-19 08:00:00 UTCBEATUSDT    0.654700      67.09     9662        27410051.000000 5064.000000   0.02        1.784700    -0.014900   -0.83       64.09       35.91       1.912700    0.000100    0.01        65.67       34.33       1.803500    -0.024600   -1.35       64.33       35.67
2026-05-19 08:15:00 UTCBEATUSDT    0.639100      54.49     16122       27419732.000000 9681.000000   0.04        1.760100    -0.024600   -1.38       63.77       36.23       1.907800    -0.004900   -0.26       65.61       34.39       1.775500    -0.028000   -1.55       63.97       36.03
2026-05-19 08:30:00 UTCBEATUSDT    0.633100      50.55     11117       27308660.000000 -111072.000000-0.41       1.882700    0.122600    6.97        65.31       34.69       1.923100    0.015300    0.80        65.79       34.21       1.878500    0.103000    5.80        65.26       34.74
2026-05-19 08:45:00 UTCBEATUSDT    0.633200      50.62     11003       27338236.000000 29576.000000  0.11        1.867000    -0.015700   -0.83       65.12       34.88       1.934000    0.010900    0.57        65.92       34.08       1.868600    -0.009900   -0.53       65.14       34.86
2026-05-19 09:00:00 UTCBEATUSDT    0.640000      54.89     12136       27525460.000000 187224.000000 0.68        1.909500    0.042500    2.28        65.63       34.37       1.895800    -0.038200   -1.98       65.47       34.53       1.912900    0.044300    2.37        65.67       34.33
2026-05-19 09:15:00 UTCBEATUSDT    0.628000      47.14     7824        27445201.000000 -80259.000000 -0.29       1.873600    -0.035900   -1.88       65.20       34.80       1.907300    0.011500    0.61        65.60       34.40       1.854700    -0.058200   -3.04       64.97       35.03
2026-05-19 09:30:00 UTCBEATUSDT    0.635100      51.50     9678        27377227.000000 -67974.000000 -0.25       1.911200    0.037600    2.01        65.65       34.35       1.911500    0.004200    0.22        65.65       34.35       1.906100    0.051400    2.77        65.59       34.41
2026-05-19 09:45:00 UTCBEATUSDT    0.630300      48.58     3366        27278402.000000 -98825.000000 -0.36       1.866200    -0.045000   -2.35       65.11       34.89       1.935700    0.024200    1.27        65.94       34.06       1.836900    -0.069200   -3.63       64.75       35.25
2026-05-19 10:00:00 UTCBEATUSDT    0.631600      49.42     3722        27272716.000000 -5686.000000  -0.02       1.897700    0.031500    1.69        65.49       34.51       1.936700    0.001000    0.05        65.95       34.05       1.862000    0.025100    1.37        65.06       34.94
2026-05-19 10:15:00 UTCBEATUSDT    0.622400      43.97     6317        27245641.000000 -27075.000000 -0.10       1.914600    0.016900    0.89        65.69       34.31       1.937800    0.001100    0.06        65.96       34.04       1.899400    0.037400    2.01        65.51       34.49
2026-05-19 10:30:00 UTCBEATUSDT    0.619600      42.43     4590        27207636.000000 -38005.000000 -0.14       1.952500    0.037900    1.98        66.13       33.87       1.946200    0.008400    0.43        66.06       33.94       1.909500    0.010100    0.53        65.63       34.37
2026-05-19 10:45:00 UTCBEATUSDT    0.620200      42.89     3167        27203177.000000 -4459.000000  -0.02       1.972700    0.020200    1.03        66.36       33.64       1.948600    0.002400    0.12        66.09       33.91       1.922300    0.012800    0.67        65.78       34.22
2026-05-19 11:00:00 UTCBEATUSDT    0.619100      42.23     2518        27191593.000000 -11584.000000 -0.04       1.966500    -0.006200   -0.31       66.29       33.71       1.946500    -0.002100   -0.11       66.06       33.94       1.917200    -0.005100   -0.27       65.72       34.28
2026-05-19 11:15:00 UTCBEATUSDT    0.616900      40.86     2845        27204836.000000 13243.000000  0.05        1.956800    -0.009700   -0.49       66.18       33.82       1.946400    -0.000100   -0.01       66.06       33.94       1.910400    -0.006800   -0.35       65.64       34.36
2026-05-19 11:30:00 UTCBEATUSDT    0.612500      38.20     4633        27194925.000000 -9911.000000  -0.04       1.963000    0.006200    0.32        66.25       33.75       1.948800    0.002400    0.12        66.09       33.91       1.895200    -0.015200   -0.80       65.46       34.54
2026-05-19 11:45:00 UTCBEATUSDT    0.613400      39.07     2386        27160290.000000 -34635.000000 -0.13       1.962100    -0.000900   -0.05       66.24       33.76       1.950600    0.001800    0.09        66.11       33.89       1.912900    0.017700    0.93        65.67       34.33
2026-05-19 12:00:00 UTCBEATUSDT    0.613500      39.17     3318        27143133.000000 -17157.000000 -0.06       1.951600    -0.010500   -0.54       66.12       33.88       1.952300    0.001700    0.09        66.13       33.87       1.908700    -0.004200   -0.22       65.62       34.38
2026-05-19 12:15:00 UTCBEATUSDT    0.611400      37.73     2090        27137243.000000 -5890.000000  -0.02       1.923100    -0.028500   -1.46       65.79       34.21       1.951900    -0.000400   -0.02       66.12       33.88       1.896900    -0.011800   -0.62       65.48       34.52
2026-05-19 12:30:00 UTCBEATUSDT    0.611900      38.31     3003        27138978.000000 1735.000000   0.01        1.935100    0.012000    0.62        65.93       34.07       1.950500    -0.001400   -0.07       66.11       33.89       1.904400    0.007500    0.40        65.57       34.43
2026-05-19 12:45:00 UTCBEATUSDT    0.616500      43.55     3413        27151313.000000 12335.000000  0.05        1.917200    -0.017900   -0.93       65.72       34.28       1.951700    0.001200    0.06        66.12       33.88       1.903600    -0.000800   -0.04       65.56       34.44
2026-05-19 13:00:00 UTCBEATUSDT    0.612600      40.42     2770        27144931.000000 -6382.000000  -0.02       1.918000    0.000800    0.04        65.73       34.27       1.953600    0.001900    0.10        66.14       33.86       1.912900    0.009300    0.49        65.67       34.33
2026-05-19 13:15:00 UTCBEATUSDT    0.609600      38.14     2032        27140594.000000 -4337.000000  -0.02       1.943800    0.025800    1.35        66.03       33.97       1.955200    0.001600    0.08        66.16       33.84       1.931700    0.018800    0.98        65.89       34.11
2026-05-19 13:30:00 UTCBEATUSDT    0.603700      34.09     6405        27130149.000000 -10445.000000 -0.04       1.958600    0.014800    0.76        66.20       33.80       1.955400    0.000200    0.01        66.16       33.84       1.938600    0.006900    0.36        65.97       34.03
2026-05-19 13:45:00 UTCBEATUSDT    0.610100      41.37     4496        27034003.000000 -96146.000000 -0.35       1.974400    0.015800    0.81        66.38       33.62       1.952600    -0.002800   -0.14       66.13       33.87       1.936000    -0.002600   -0.13       65.94       34.06
2026-05-19 14:00:00 UTCBEATUSDT    0.608900      40.47     3579        27015679.000000 -18324.000000 -0.07       1.954200    -0.020200   -1.02       66.15       33.85       1.946900    -0.005700   -0.29       66.07       33.93       1.930000    -0.006000   -0.31       65.87       34.13
2026-05-19 14:15:00 UTCBEATUSDT    0.603700      36.73     4213        27016076.000000 397.000000    0.00        1.966500    0.012300    0.63        66.29       33.71       1.949000    0.002100    0.11        66.09       33.91       1.939400    0.009400    0.49        65.98       34.02
2026-05-19 14:30:00 UTCBEATUSDT    0.605100      38.38     3159        27019579.000000 3503.000000   0.01        1.975300    0.008800    0.45        66.39       33.61       1.950100    0.001100    0.06        66.10       33.90       1.945500    0.006100    0.31        66.05       33.95
2026-05-19 14:45:00 UTCBEATUSDT    0.602500      36.47     2400        27007373.000000 -12206.000000 -0.05       1.970000    -0.005300   -0.27       66.33       33.67       1.950200    0.000100    0.01        66.10       33.90       1.924000    -0.021500   -1.11       65.80       34.20
2026-05-19 15:00:00 UTCBEATUSDT    0.603200      37.38     2713        26997912.000000 -9461.000000  -0.04       1.952500    -0.017500   -0.89       66.13       33.87       1.948400    -0.001800   -0.09       66.08       33.92       1.919700    -0.004300   -0.22       65.75       34.25
2026-05-19 15:15:00 UTCBEATUSDT    0.594400      31.36     8591        26979322.000000 -18590.000000 -0.07       1.970000    0.017500    0.90        66.33       33.67       1.948800    0.000400    0.02        66.09       33.91       1.928300    0.008600    0.45        65.85       34.15
2026-05-19 15:30:00 UTCBEATUSDT    0.596100      33.58     8516        26938499.000000 -40823.000000 -0.15       1.990400    0.020400    1.04        66.56       33.44       1.950500    0.001700    0.09        66.11       33.89       1.920600    -0.007700   -0.40       65.76       34.24
2026-05-19 15:45:00 UTCBEATUSDT    0.593100      31.63     4079        26944062.000000 5563.000000   0.02        1.948100    -0.042300   -2.13       66.08       33.92       1.945000    -0.005500   -0.28       66.04       33.96       1.876000    -0.044600   -2.32       65.23       34.77
2026-05-19 16:00:00 UTCBEATUSDT    0.585600      27.36     3464        26948993.000000 4931.000000   0.02        1.956800    0.008700    0.45        66.18       33.82       1.943800    -0.001200   -0.06       66.03       33.97       1.881000    0.005000    0.27        65.29       34.71
2026-05-19 16:15:00 UTCBEATUSDT    0.592500      35.94     5958        26943952.000000 -5041.000000  -0.02       1.956000    -0.000800   -0.04       66.17       33.83       1.944200    0.000400    0.02        66.04       33.96       1.885200    0.004200    0.22        65.34       34.66
2026-05-19 16:30:00 UTCBEATUSDT    0.592400      35.87     2456        26923677.000000 -20275.000000 -0.08       2.011100    0.055100    2.82        66.79       33.21       1.952100    0.007900    0.41        66.13       33.87       1.900200    0.015000    0.80        65.52       34.48
2026-05-19 16:45:00 UTCBEATUSDT    0.592200      35.73     1613        26919386.000000 -4291.000000  -0.02       2.009300    -0.001800   -0.09       66.77       33.23       1.953200    0.001100    0.06        66.14       33.86       1.919700    0.019500    1.03        65.75       34.25
2026-05-19 17:00:00 UTCBEATUSDT    0.589300      33.65     2176        26906284.000000 -13102.000000 -0.05       2.001200    -0.008100   -0.40       66.68       33.32       1.957200    0.004000    0.20        66.18       33.82       1.910400    -0.009300   -0.48       65.64       34.36
2026-05-19 17:15:00 UTCBEATUSDT    0.586600      31.80     1628        26911810.000000 5526.000000   0.02        2.002100    0.000900    0.04        66.69       33.31       1.954700    -0.002500   -0.13       66.16       33.84       1.917200    0.006800    0.36        65.72       34.28
2026-05-19 17:30:00 UTCBEATUSDT    0.587700      33.41     2708        26904079.000000 -7731.000000  -0.03       2.000300    -0.001800   -0.09       66.67       33.33       1.956800    0.002100    0.11        66.18       33.82       1.916300    -0.000900   -0.05       65.71       34.29
2026-05-19 17:45:00 UTCBEATUSDT    0.587000      32.88     2230        26904365.000000 286.000000    0.00        1.986900    -0.013400   -0.67       66.52       33.48       1.956600    -0.000200   -0.01       66.18       33.82       1.889300    -0.027000   -1.41       65.39       34.61
2026-05-19 18:00:00 UTCBEATUSDT    0.583900      30.56     1792        26889934.000000 -14431.000000 -0.05       1.986900    0.000000    0.00        66.52       33.48       1.957300    0.000700    0.04        66.19       33.81       1.892700    0.003400    0.18        65.43       34.57
2026-05-19 18:15:00 UTCBEATUSDT    0.582100      29.27     2295        26895540.000000 5606.000000   0.02        1.994000    0.007100    0.36        66.60       33.40       1.956000    -0.001300   -0.07       66.17       33.83       1.889300    -0.003400   -0.18       65.39       34.61
2026-05-19 18:30:00 UTCBEATUSDT    0.586200      35.91     2090        26879972.000000 -15568.000000 -0.06       1.963800    -0.030200   -1.51       66.26       33.74       1.956400    0.000400    0.02        66.18       33.82       1.868600    -0.020700   -1.10       65.14       34.86
2026-05-19 18:45:00 UTCBEATUSDT    0.587400      37.75     2169        26893677.000000 13705.000000  0.05        1.957700    -0.006100   -0.31       66.19       33.81       1.957800    0.001400    0.07        66.19       33.81       1.842500    -0.026100   -1.40       64.82       35.18
2026-05-19 19:00:00 UTCBEATUSDT    0.586900      37.27     1918        26906643.000000 12966.000000  0.05        1.948100    -0.009600   -0.49       66.08       33.92       1.957300    -0.000500   -0.03       66.19       33.81       1.840100    -0.002400   -0.13       64.79       35.21
2026-05-19 19:15:00 UTCBEATUSDT    0.580800      31.93     2755        26890723.000000 -15920.000000 -0.06       1.963800    0.015700    0.81        66.26       33.74       1.959200    0.001900    0.10        66.21       33.79       1.848200    0.008100    0.44        64.89       35.11
2026-05-19 19:30:00 UTCBEATUSDT    0.576900      29.06     3233        26871563.000000 -19160.000000 -0.07       1.952500    -0.011300   -0.58       66.13       33.87       1.957700    -0.001500   -0.08       66.19       33.81       1.871100    0.022900    1.24        65.17       34.83
2026-05-19 19:45:00 UTCBEATUSDT    0.575700      28.22     2477        26861596.000000 -9967.000000  -0.04       1.949000    -0.003500   -0.18       66.09       33.91       1.959100    0.001400    0.07        66.21       33.79       1.836900    -0.034200   -1.83       64.75       35.25
2026-05-19 20:00:00 UTCBEATUSDT    0.578200      32.59     1540        26862056.000000 460.000000    0.00        1.930000    -0.019000   -0.97       65.87       34.13       1.959700    0.000600    0.03        66.21       33.79       1.832100    -0.004800   -0.26       64.69       35.31
2026-05-19 20:15:00 UTCBEATUSDT    0.581200      37.51     1381        26866453.000000 4397.000000   0.02        1.909500    -0.020500   -1.06       65.63       34.37       1.960900    0.001200    0.06        66.23       33.77       1.807400    -0.024700   -1.35       64.38       35.62
2026-05-19 20:30:00 UTCBEATUSDT    0.579100      35.55     2284        26871304.000000 4851.000000   0.02        1.910400    0.000900    0.05        65.64       34.36       1.960700    -0.000200   -0.01       66.22       33.78       1.806600    -0.000800   -0.04       64.37       35.63
2026-05-19 20:45:00 UTCBEATUSDT    0.576100      32.92     1505        26859214.000000 -12090.000000 -0.04       1.938600    0.028200    1.48        65.97       34.03       1.961700    0.001000    0.05        66.24       33.76       1.816100    0.009500    0.53        64.49       35.51
2026-05-19 21:00:00 UTCBEATUSDT    0.576400      33.45     1237        26860645.000000 1431.000000   0.01        1.932600    -0.006000   -0.31       65.90       34.10       1.960800    -0.000900   -0.05       66.23       33.77       1.809000    -0.007100   -0.39       64.40       35.60
2026-05-19 21:15:00 UTCBEATUSDT    0.578000      36.35     739         26863002.000000 2357.000000   0.01        1.964700    0.032100    1.66        66.27       33.73       1.961000    0.000200    0.01        66.23       33.77       1.818500    0.009500    0.53        64.52       35.48
2026-05-19 21:30:00 UTCBEATUSDT    0.577900      36.24     1173        26862808.000000 -194.000000   -0.00       1.942000    -0.022700   -1.16       66.01       33.99       1.961200    0.000200    0.01        66.23       33.77       1.814500    -0.004000   -0.22       64.47       35.53
2026-05-19 21:45:00 UTCBEATUSDT    0.581000      41.91     1516        26858125.000000 -4683.000000  -0.02       1.943800    0.001800    0.09        66.03       33.97       1.961700    0.000500    0.03        66.24       33.76       1.808200    -0.006300   -0.35       64.39       35.61
2026-05-19 22:00:00 UTCBEATUSDT    0.579200      39.70     1214        26857071.000000 -1054.000000  -0.00       1.949000    0.005200    0.27        66.09       33.91       1.961400    -0.000300   -0.02       66.23       33.77       1.811400    0.003200    0.18        64.43       35.57
2026-05-19 22:15:00 UTCBEATUSDT    0.575500      35.56     1229        26869314.000000 12243.000000  0.05        1.926500    -0.022500   -1.15       65.83       34.17       1.962500    0.001100    0.06        66.24       33.76       1.792500    -0.018900   -1.04       64.19       35.81
2026-05-19 22:30:00 UTCBEATUSDT    0.574800      34.81     1071        26879761.000000 10447.000000  0.04        1.931700    0.005200    0.27        65.89       34.11       1.959600    -0.002900   -0.15       66.21       33.79       1.796400    0.003900    0.22        64.24       35.76
2026-05-19 22:45:00 UTCBEATUSDT    0.574800      34.81     881         26886986.000000 7225.000000   0.03        1.939400    0.007700    0.40        65.98       34.02       1.957500    -0.002100   -0.11       66.19       33.81       1.801100    0.004700    0.26        64.30       35.70
2026-05-19 23:00:00 UTCBEATUSDT    0.575200      35.70     1366        26892069.000000 5083.000000   0.02        1.941200    0.001800    0.09        66.00       34.00       1.957500    0.000000    0.00        66.19       33.81       1.803500    0.002400    0.13        64.33       35.67
2026-05-19 23:15:00 UTCBEATUSDT    0.576000      37.53     1053        26901713.000000 9644.000000   0.04        1.940300    -0.000900   -0.05       65.99       34.01       1.959600    0.002100    0.11        66.21       33.79       1.788600    -0.014900   -0.83       64.14       35.86
2026-05-19 23:30:00 UTCBEATUSDT    0.568800      29.41     3687        26885959.000000 -15754.000000 -0.06       1.932600    -0.007700   -0.40       65.90       34.10       1.960600    0.001000    0.05        66.22       33.78       1.796400    0.007800    0.44        64.24       35.76
2026-05-19 23:45:00 UTCBEATUSDT    0.569500      30.98     2249        26857065.000000 -28894.000000 -0.11       1.923100    -0.009500   -0.49       65.79       34.21       1.959600    -0.001000   -0.05       66.21       33.79       1.787800    -0.008600   -0.48       64.13       35.87
2026-05-20 00:00:00 UTCBEATUSDT    0.573000      38.33     2961        26847913.000000 -9152.000000  -0.03       1.954200    0.031100    1.62        66.15       33.85       1.964300    0.004700    0.24        66.27       33.73       1.808200    0.020400    1.14        64.39       35.61
2026-05-20 00:15:00 UTCBEATUSDT    0.574500      41.22     1365        26875879.000000 27966.000000  0.10        1.949000    -0.005200   -0.27       66.09       33.91       1.963200    -0.001100   -0.06       66.25       33.75       1.782400    -0.025800   -1.43       64.06       35.94
2026-05-20 00:30:00 UTCBEATUSDT    0.573200      39.50     1804        26856548.000000 -19331.000000 -0.07       1.949000    0.000000    0.00        66.09       33.91       1.960800    -0.002400   -0.12       66.22       33.78       1.795600    0.013200    0.74        64.23       35.77
2026-05-20 00:45:00 UTCBEATUSDT    0.572500      38.56     967         26858278.000000 1730.000000   0.01        1.957700    0.008700    0.45        66.19       33.81       1.958100    -0.002700   -0.14       66.19       33.81       1.820100    0.024500    1.36        64.54       35.46
2026-05-20 01:00:00 UTCBEATUSDT    0.574900      43.51     1549        26860896.000000 2618.000000   0.01        1.953300    -0.004400   -0.22       66.14       33.86       1.957300    -0.000800   -0.04       66.19       33.81       1.822500    0.002400    0.13        64.57       35.43
2026-05-20 01:15:00 UTCBEATUSDT    0.575200      44.11     1637        26859473.000000 -1423.000000  -0.01       1.954200    0.000900    0.05        66.15       33.85       1.955600    -0.001700   -0.09       66.17       33.83       1.814500    -0.008000   -0.44       64.47       35.53
2026-05-20 01:30:00 UTCBEATUSDT    0.575600      44.96     984         26841805.000000 -17668.000000 -0.07       1.926500    -0.027700   -1.42       65.83       34.17       1.955800    0.000200    0.01        66.17       33.83       1.800300    -0.014200   -0.78       64.29       35.71
2026-05-20 01:45:00 UTCBEATUSDT    0.579800      53.02     2850        26838969.000000 -2836.000000  -0.01       1.929100    0.002600    0.13        65.86       34.14       1.954000    -0.001800   -0.09       66.15       33.85       1.791000    -0.009300   -0.52       64.17       35.83
2026-05-20 02:00:00 UTCBEATUSDT    0.572000      41.01     1813        26853164.000000 14195.000000  0.05        1.900200    -0.028900   -1.50       65.52       34.48       1.952500    -0.001500   -0.08       66.13       33.87       1.809000    0.018000    1.01        64.40       35.60
2026-05-20 02:15:00 UTCBEATUSDT    0.571700      40.63     1750        26844373.000000 -8791.000000  -0.03       1.857100    -0.043100   -2.27       65.00       35.00       1.954100    0.001600    0.08        66.15       33.85       1.794900    -0.014100   -0.78       64.22       35.78
2026-05-20 02:30:00 UTCBEATUSDT    0.563800      32.15     3660        26852317.000000 7944.000000   0.03        1.850600    -0.006500   -0.35       64.92       35.08       1.938400    -0.015700   -0.80       65.97       34.03       1.779300    -0.015600   -0.87       64.02       35.98
2026-05-20 02:45:00 UTCBEATUSDT    0.563200      31.61     2354        26904024.000000 51707.000000  0.19        1.867000    0.016400    0.89        65.12       34.88       1.933500    -0.004900   -0.25       65.91       34.09       1.791000    0.011700    0.66        64.17       35.83
2026-05-20 03:00:00 UTCBEATUSDT    0.558500      27.69     5061        26939773.000000 35749.000000  0.13        1.876000    0.009000    0.48        65.23       34.77       1.932500    -0.001000   -0.05       65.90       34.10       1.780900    -0.010100   -0.56       64.04       35.96
2026-05-20 03:15:00 UTCBEATUSDT    0.559100      28.91     1630        26948074.000000 8301.000000   0.03        1.885200    0.009200    0.49        65.34       34.66       1.929000    -0.003500   -0.18       65.86       34.14       1.789400    0.008500    0.48        64.15       35.85
2026-05-20 03:30:00 UTCBEATUSDT    0.561600      33.88     1925        26945574.000000 -2500.000000  -0.01       1.860400    -0.024800   -1.32       65.04       34.96       1.930400    0.001400    0.07        65.88       34.12       1.761700    -0.027700   -1.55       63.79       36.21
2026-05-20 03:45:00 UTCBEATUSDT    0.562200      35.05     1791        26931841.000000 -13733.000000 -0.05       1.855500    -0.004900   -0.26       64.98       35.02       1.933400    0.003000    0.16        65.91       34.09       1.741200    -0.020500   -1.16       63.52       36.48
2026-05-20 04:00:00 UTCBEATUSDT    0.563300      37.25     2000        26943877.000000 12036.000000  0.04        1.848200    -0.007300   -0.39       64.89       35.11       1.933400    0.000000    0.00        65.91       34.09       1.755600    0.014400    0.83        63.71       36.29
2026-05-20 04:15:00 UTCBEATUSDT    0.559800      33.38     1147        26945595.000000 1718.000000   0.01        1.856300    0.008100    0.44        64.99       35.01       1.931500    -0.001900   -0.10       65.89       34.11       1.770100    0.014500    0.83        63.90       36.10
2026-05-20 04:30:00 UTCBEATUSDT    0.559200      32.75     1124        26942402.000000 -3193.000000  -0.01       1.866200    0.009900    0.53        65.11       34.89       1.931800    0.000300    0.02        65.89       34.11       1.770900    0.000800    0.05        63.91       36.09
2026-05-20 04:45:00 UTCBEATUSDT    0.561600      37.80     1201        26940695.000000 -1707.000000  -0.01       1.865300    -0.000900   -0.05       65.10       34.90       1.932900    0.001100    0.06        65.90       34.10       1.767000    -0.003900   -0.22       63.86       36.14
2026-05-20 05:00:00 UTCBEATUSDT    0.563500      41.54     1735        26952552.000000 11857.000000  0.04        1.851400    -0.013900   -0.75       64.93       35.07       1.934400    0.001500    0.08        65.92       34.08       1.740500    -0.026500   -1.50       63.51       36.49
2026-05-20 05:15:00 UTCBEATUSDT    0.563800      42.13     1964        26938572.000000 -13980.000000 -0.05       1.862900    0.011500    0.62        65.07       34.93       1.936900    0.002500    0.13        65.95       34.05       1.744200    0.003700    0.21        63.56       36.44
2026-05-20 05:30:00 UTCBEATUSDT    0.562400      40.09     2399        26938252.000000 -320.000000   -0.00       1.867800    0.004900    0.26        65.13       34.87       1.937300    0.000400    0.02        65.96       34.04       1.760900    0.016700    0.96        63.78       36.22
2026-05-20 05:45:00 UTCBEATUSDT    0.560800      37.84     927         26894545.000000 -43707.000000 -0.16       1.892700    0.024900    1.33        65.43       34.57       1.943000    0.005700    0.29        66.02       33.98       1.786300    0.025400    1.44        64.11       35.89
2026-05-20 06:00:00 UTCBEATUSDT    0.561800      40.10     1466        26886820.000000 -7725.000000  -0.03       1.899400    0.006700    0.35        65.51       34.49       1.942800    -0.000200   -0.01       66.02       33.98       1.789400    0.003100    0.17        64.15       35.85
2026-05-20 06:15:00 UTCBEATUSDT    0.563100      43.01     1275        26874824.000000 -11996.000000 -0.04       1.903600    0.004200    0.22        65.56       34.44       1.944100    0.001300    0.07        66.03       33.97       1.778500    -0.010900   -0.61       64.01       35.99
2026-05-20 06:30:00 UTCBEATUSDT    0.560700      39.22     932         26867140.000000 -7684.000000  -0.03       1.892700    -0.010900   -0.57       65.43       34.57       1.945100    0.001000    0.05        66.04       33.96       1.777800    -0.000700   -0.04       64.00       36.00
2026-05-20 06:45:00 UTCBEATUSDT    0.558300      35.83     1223        26868550.000000 1410.000000   0.01        1.882700    -0.010000   -0.53       65.31       34.69       1.943700    -0.001400   -0.07       66.03       33.97       1.777000    -0.000800   -0.04       63.99       36.01
2026-05-20 07:00:00 UTCBEATUSDT    0.557400      34.62     2802        26864475.000000 -4075.000000  -0.02       1.903600    0.020900    1.11        65.56       34.44       1.946800    0.003100    0.16        66.06       33.94       1.783200    0.006200    0.35        64.07       35.93
2026-05-20 07:15:00 UTCBEATUSDT    0.566900      52.77     4268        26859859.000000 -4616.000000  -0.02       1.887700    -0.015900   -0.84       65.37       34.63       1.946200    -0.000600   -0.03       66.06       33.94       1.786300    0.003100    0.17        64.11       35.89
2026-05-20 07:30:00 UTCBEATUSDT    0.563900      48.21     10895       26909282.000000 49423.000000  0.18        1.875200    -0.012500   -0.66       65.22       34.78       1.941900    -0.004300   -0.22       66.01       33.99       1.782400    -0.003900   -0.22       64.06       35.94
2026-05-20 07:45:00 UTCBEATUSDT    0.558500      41.31     5491        26978139.000000 68857.000000  0.26        1.905300    0.030100    1.61        65.58       34.42       1.948300    0.006400    0.33        66.08       33.92       1.831300    0.048900    2.74        64.68       35.32
2026-05-20 08:00:00 UTCBEATUSDT    0.559700      43.25     4284        26999555.000000 21416.000000  0.08        1.911200    0.005900    0.31        65.65       34.35       1.950000    0.001700    0.09        66.10       33.90       1.816900    -0.014400   -0.79       64.50       35.50
2026-05-20 08:15:00 UTCBEATUSDT    0.556800      39.82     2483        26967999.000000 -31556.000000 -0.12       1.869400    -0.041800   -2.19       65.15       34.85       1.946200    -0.003800   -0.19       66.06       33.94       1.782400    -0.034500   -1.90       64.06       35.94
2026-05-20 08:30:00 UTCBEATUSDT    0.561300      46.87     2946        26971688.000000 3689.000000   0.01        1.850600    -0.018800   -1.01       64.92       35.08       1.948400    0.002200    0.11        66.08       33.92       1.775500    -0.006900   -0.39       63.97       36.03
2026-05-20 08:45:00 UTCBEATUSDT    0.558600      43.57     2237        26975476.000000 3788.000000   0.01        1.840900    -0.009700   -0.52       64.80       35.20       1.953200    0.004800    0.25        66.14       33.86       1.757100    -0.018400   -1.04       63.73       36.27
2026-05-20 09:00:00 UTCBEATUSDT    0.583000      66.51     19634       26980179.000000 4703.000000   0.02        1.862900    0.022000    1.20        65.07       34.93       1.955200    0.002000    0.10        66.16       33.84       1.780100    0.023000    1.31        64.03       35.97
2026-05-20 09:15:00 UTCBEATUSDT    0.578000      61.03     8576        27489594.000000 509415.000000 1.89        1.738200    -0.124700   -6.69       63.48       36.52       1.966600    0.011400    0.58        66.29       33.71       1.689600    -0.090500   -5.08       62.82       37.18
2026-05-20 09:30:00 UTCBEATUSDT    0.582700      64.03     18806       27428755.000000 -60839.000000 -0.22       1.748000    0.009800    0.56        63.61       36.39       1.963700    -0.002900   -0.15       66.26       33.74       1.718100    0.028500    1.69        63.21       36.79
2026-05-20 09:45:00 UTCBEATUSDT    0.589300      67.78     11122       27257651.000000 -171104.000000-0.62       1.737500    -0.010500   -0.60       63.47       36.53       1.960400    -0.003300   -0.17       66.22       33.78       1.701200    -0.016900   -0.98       62.98       37.02
2026-05-20 10:00:00 UTCBEATUSDT    0.583700      61.89     4604        27331140.000000 73489.000000  0.27        1.717400    -0.020100   -1.16       63.20       36.80       1.954300    -0.006100   -0.31       66.15       33.85       1.691800    -0.009400   -0.55       62.85       37.15
2026-05-20 10:15:00 UTCBEATUSDT    0.577000      55.65     4001        27291635.000000 -39505.000000 -0.14       1.708600    -0.008800   -0.51       63.08       36.92       1.954200    -0.000100   -0.01       66.15       33.85       1.681700    -0.010100   -0.60       62.71       37.29
2026-05-20 10:30:00 UTCBEATUSDT    0.580000      57.71     3810        27246799.000000 -44836.000000 -0.16       1.727800    0.019200    1.12        63.34       36.66       1.956400    0.002200    0.11        66.17       33.83       1.696900    0.015200    0.90        62.92       37.08
2026-05-20 10:45:00 UTCBEATUSDT    0.575300      53.52     1935        27238791.000000 -8008.000000  -0.03       1.693200    -0.034600   -2.00       62.87       37.13       1.956300    -0.000100   -0.01       66.17       33.83       1.660300    -0.036600   -2.16       62.41       37.59
2026-05-20 11:00:00 UTCBEATUSDT    0.574000      52.39     3195        27239581.000000 790.000000    0.00        1.694000    0.000800    0.05        62.88       37.12       1.954500    -0.001800   -0.09       66.15       33.85       1.682400    0.022100    1.33        62.72       37.28
2026-05-20 11:15:00 UTCBEATUSDT    0.570300      49.20     3554        27227543.000000 -12038.000000 -0.04       1.720300    0.026300    1.55        63.24       36.76       1.955100    0.000600    0.03        66.16       33.84       1.677400    -0.005000   -0.30       62.65       37.35
2026-05-20 11:30:00 UTCBEATUSDT    0.576400      54.16     4119        27222430.000000 -5113.000000  -0.02       1.712200    -0.008100   -0.47       63.13       36.87       1.954500    -0.000600   -0.03       66.15       33.85       1.681000    0.003600    0.21        62.70       37.30
2026-05-20 11:45:00 UTCBEATUSDT    0.585000      60.07     8609        27205158.000000 -17272.000000 -0.06       1.705600    -0.006600   -0.39       63.04       36.96       1.956200    0.001700    0.09        66.17       33.83       1.674500    -0.006500   -0.39       62.61       37.39
2026-05-20 12:00:00 UTCBEATUSDT    0.584400      59.49     2948        27213819.000000 8661.000000   0.03        1.670900    -0.034700   -2.03       62.56       37.44       1.960400    0.004200    0.21        66.22       33.78       1.661700    -0.012800   -0.76       62.43       37.57
2026-05-20 12:15:00 UTCBEATUSDT    0.584800      59.77     6550        27176406.000000 -37413.000000 -0.14       1.682400    0.011500    0.69        62.72       37.28       1.959300    -0.001100   -0.06       66.21       33.79       1.665200    0.003500    0.21        62.48       37.52
2026-05-20 12:30:00 UTCBEATUSDT    0.588700      62.46     2532        27146397.000000 -30009.000000 -0.11       1.668100    -0.014300   -0.85       62.52       37.48       1.959100    -0.000200   -0.01       66.21       33.79       1.678100    0.012900    0.77        62.66       37.34
2026-05-20 12:45:00 UTCBEATUSDT    0.589300      62.88     4077        27144016.000000 -2381.000000  -0.01       1.661700    -0.006400   -0.38       62.43       37.57       1.958200    -0.000900   -0.05       66.20       33.80       1.658900    -0.019200   -1.14       62.39       37.61
2026-05-20 13:00:00 UTCBEATUSDT    0.589500      63.02     4496        27156255.000000 12239.000000  0.05        1.678800    0.017100    1.03        62.67       37.33       1.957800    -0.000400   -0.02       66.19       33.81       1.671700    0.012800    0.77        62.57       37.43
2026-05-20 13:15:00 UTCBEATUSDT    0.595000      66.88     3497        27189146.000000 32891.000000  0.12        1.660300    -0.018500   -1.10       62.41       37.59       1.955300    -0.002500   -0.13       66.16       33.84       1.656000    -0.015700   -0.94       62.35       37.65
2026-05-20 13:30:00 UTCBEATUSDT    0.597700      68.60     10897       27201876.000000 12730.000000  0.05        1.668800    0.008500    0.51        62.53       37.47       1.956500    0.001200    0.06        66.18       33.82       1.656000    0.000000    0.00        62.35       37.65
2026-05-20 13:45:00 UTCBEATUSDT    0.589900      59.02     3122        27099094.000000 -102782.000000-0.38       1.662400    -0.006400   -0.38       62.44       37.56       1.954100    -0.002400   -0.12       66.15       33.85       1.653900    -0.002100   -0.13       62.32       37.68
2026-05-20 14:00:00 UTCBEATUSDT    0.591900      60.54     5443        27073620.000000 -25474.000000 -0.09       1.652500    -0.009900   -0.60       62.30       37.70       1.952900    -0.001200   -0.06       66.14       33.86       1.644100    -0.009800   -0.59       62.18       37.82
2026-05-20 14:15:00 UTCBEATUSDT    0.589300      57.55     3759        27074952.000000 1332.000000   0.00        1.649000    -0.003500   -0.21       62.25       37.75       1.953300    0.000400    0.02        66.14       33.86       1.640600    -0.003500   -0.21       62.13       37.87
2026-05-20 14:30:00 UTCBEATUSDT    0.587500      55.50     4613        27079718.000000 4766.000000   0.02        1.652500    0.003500    0.21        62.30       37.70       1.954400    0.001100    0.06        66.15       33.85       1.643400    0.002800    0.17        62.17       37.83
2026-05-20 14:45:00 UTCBEATUSDT    0.591700      59.15     3873        27056520.000000 -23198.000000 -0.09       1.655300    0.002800    0.17        62.34       37.66       1.954700    0.000300    0.02        66.16       33.84       1.655300    0.011900    0.72        62.34       37.66
2026-05-20 15:00:00 UTCBEATUSDT    0.588800      55.75     3008        27066183.000000 9663.000000   0.04        1.658200    0.002900    0.18        62.38       37.62       1.953000    -0.001700   -0.09       66.14       33.86       1.649000    -0.006300   -0.38       62.25       37.75
2026-05-20 15:15:00 UTCBEATUSDT    0.589700      56.59     2398        27056530.000000 -9653.000000  -0.04       1.651800    -0.006400   -0.39       62.29       37.71       1.951900    -0.001100   -0.06       66.12       33.88       1.667400    0.018400    1.12        62.51       37.49
2026-05-20 15:30:00 UTCBEATUSDT    0.593400      59.93     3694        27054107.000000 -2423.000000  -0.01       1.670200    0.018400    1.11        62.55       37.45       1.952700    0.000800    0.04        66.13       33.87       1.664500    -0.002900   -0.17       62.47       37.53
2026-05-20 15:45:00 UTCBEATUSDT    0.593900      60.37     2152        27058460.000000 4353.000000   0.02        1.648300    -0.021900   -1.31       62.24       37.76       1.950200    -0.002500   -0.13       66.10       33.90       1.650400    -0.014100   -0.85       62.27       37.73
2026-05-20 16:00:00 UTCBEATUSDT    0.594800      61.21     3426        27053529.000000 -4931.000000  -0.02       1.657500    0.009200    0.56        62.37       37.63       1.951200    0.001000    0.05        66.12       33.88       1.663100    0.012700    0.77        62.45       37.55
2026-05-20 16:15:00 UTCBEATUSDT    0.593100      58.70     3098        27064245.000000 10716.000000  0.04        1.668800    0.011300    0.68        62.53       37.47       1.950900    -0.000300   -0.02       66.11       33.89       1.671700    0.008600    0.52        62.57       37.43
2026-05-20 16:30:00 UTCBEATUSDT    0.586700      50.32     3139        27065166.000000 921.000000    0.00        1.684600    0.015800    0.95        62.75       37.25       1.949200    -0.001700   -0.09       66.09       33.91       1.679500    0.007800    0.47        62.68       37.32
2026-05-20 16:45:00 UTCBEATUSDT    0.585200      48.58     2795        27061285.000000 -3881.000000  -0.01       1.686000    0.001400    0.08        62.77       37.23       1.949300    0.000100    0.01        66.09       33.91       1.660300    -0.019200   -1.14       62.41       37.59
2026-05-20 17:00:00 UTCBEATUSDT    0.585700      49.21     3378        27058111.000000 -3174.000000  -0.01       1.690300    0.004300    0.26        62.83       37.17       1.950000    0.000700    0.04        66.10       33.90       1.658200    -0.002100   -0.13       62.38       37.62
2026-05-20 17:15:00 UTCBEATUSDT    0.589800      54.19     3257        27073731.000000 15620.000000  0.06        1.670200    -0.020100   -1.19       62.55       37.45       1.948200    -0.001800   -0.09       66.08       33.92       1.642000    -0.016200   -0.98       62.15       37.85
2026-05-20 17:30:00 UTCBEATUSDT    0.593300      57.98     4106        27075031.000000 1300.000000   0.00        1.663800    -0.006400   -0.38       62.46       37.54       1.948000    -0.000200   -0.01       66.08       33.92       1.635700    -0.006300   -0.38       62.06       37.94
2026-05-20 17:45:00 UTCBEATUSDT    0.593900      58.62     3695        27092391.000000 17360.000000  0.06        1.653900    -0.009900   -0.60       62.32       37.68       1.946100    -0.001900   -0.10       66.06       33.94       1.625400    -0.010300   -0.63       61.91       38.09
2026-05-20 18:00:00 UTCBEATUSDT    0.605200      68.29     4952        27100976.000000 8585.000000   0.03        1.655300    0.001400    0.08        62.34       37.66       1.946400    0.000300    0.02        66.06       33.94       1.640600    0.015200    0.94        62.13       37.87
2026-05-20 18:15:00 UTCBEATUSDT    0.606100      68.91     5869        27102241.000000 1265.000000   0.00        1.620500    -0.034800   -2.10       61.84       38.16       1.950600    0.004200    0.22        66.11       33.89       1.606900    -0.033700   -2.05       61.64       38.36
2026-05-20 18:30:00 UTCBEATUSDT    0.610600      71.89     6170        27152565.000000 50324.000000  0.19        1.658200    0.037700    2.33        62.38       37.62       1.951100    0.000500    0.03        66.11       33.89       1.663100    0.056200    3.50        62.45       37.55
2026-05-20 18:45:00 UTCBEATUSDT    0.619600      76.69     6391        27172352.000000 19787.000000  0.07        1.653900    -0.004300   -0.26       62.32       37.68       1.944800    -0.006300   -0.32       66.04       33.96       1.645500    -0.017600   -1.06       62.20       37.80
2026-05-20 19:00:00 UTCBEATUSDT    0.642400      84.11     12592       27194735.000000 22383.000000  0.08        1.641300    -0.012600   -0.76       62.14       37.86       1.939700    -0.005100   -0.26       65.98       34.02       1.630200    -0.015300   -0.93       61.98       38.02
2026-05-20 19:15:00 UTCBEATUSDT    0.643300      84.32     26539       27253902.000000 59167.000000  0.22        1.642000    0.000700    0.04        62.15       37.85       1.933900    -0.005800   -0.30       65.92       34.08       1.626700    -0.003500   -0.21       61.93       38.07
2026-05-20 19:30:00 UTCBEATUSDT    0.642300      82.99     20361       27135119.000000 -118783.000000-0.44       1.696100    0.054100    3.29        62.91       37.09       1.943700    0.009800    0.51        66.03       33.97       1.667400    0.040700    2.50        62.51       37.49
2026-05-20 19:45:00 UTCBEATUSDT    0.646600      84.15     15198       27054820.000000 -80299.000000 -0.30       1.701200    0.005100    0.30        62.98       37.02       1.949400    0.005700    0.29        66.09       33.91       1.675900    0.008500    0.51        62.63       37.37
2026-05-20 20:00:00 UTCBEATUSDT    0.646700      84.17     13940       27051633.000000 -3187.000000  -0.01       1.694700    -0.006500   -0.38       62.89       37.11       1.955300    0.005900    0.30        66.16       33.84       1.646200    -0.029700   -1.77       62.21       37.79
2026-05-20 20:15:00 UTCBEATUSDT    0.657500      86.78     9716        27118710.000000 67077.000000  0.25        1.738200    0.043500    2.57        63.48       36.52       1.945500    -0.009800   -0.50       66.05       33.95       1.710800    0.064600    3.92        63.11       36.89
2026-05-20 20:30:00 UTCBEATUSDT    0.648500      75.60     10180       27131799.000000 13089.000000  0.05        1.724100    -0.014100   -0.81       63.29       36.71       1.942500    -0.003000   -0.15       66.01       33.99       1.688200    -0.022600   -1.32       62.80       37.20
2026-05-20 20:45:00 UTCBEATUSDT    0.655900      78.10     7506        27133239.000000 1440.000000   0.01        1.707100    -0.017000   -0.99       63.06       36.94       1.942000    -0.000500   -0.03       66.01       33.99       1.670200    -0.018000   -1.07       62.55       37.45
2026-05-20 21:00:00 UTCBEATUSDT    0.650100      71.89     7660        27151896.000000 18657.000000  0.07        1.718100    0.011000    0.64        63.21       36.79       1.941800    -0.000200   -0.01       66.01       33.99       1.666000    -0.004200   -0.25       62.49       37.51
2026-05-20 21:15:00 UTCBEATUSDT    0.650800      72.18     5967        27175778.000000 23882.000000  0.09        1.749500    0.031400    1.83        63.63       36.37       1.943600    0.001800    0.09        66.03       33.97       1.701200    0.035200    2.11        62.98       37.02
2026-05-20 21:30:00 UTCBEATUSDT    0.653100      73.15     5003        27204774.000000 28996.000000  0.11        1.720300    -0.029200   -1.67       63.24       36.76       1.943700    0.000100    0.01        66.03       33.97       1.661700    -0.039500   -2.32       62.43       37.57
2026-05-20 21:45:00 UTCBEATUSDT    0.647900      67.41     6344        27236766.000000 31992.000000  0.12        1.705600    -0.014700   -0.85       63.04       36.96       1.941600    -0.002100   -0.11       66.01       33.99       1.649700    -0.012000   -0.72       62.26       37.74
2026-05-20 22:00:00 UTCBEATUSDT    0.655600      71.04     6331        27263998.000000 27232.000000  0.10        1.731500    0.025900    1.52        63.39       36.61       1.943500    0.001900    0.10        66.03       33.97       1.637800    -0.011900   -0.72       62.09       37.91
2026-05-20 22:15:00 UTCBEATUSDT    0.653400      68.69     5061        27284798.000000 20800.000000  0.08        1.724800    -0.006700   -0.39       63.30       36.70       1.944600    0.001100    0.06        66.04       33.96       1.616400    -0.021400   -1.31       61.78       38.22
2026-05-20 22:30:00 UTCBEATUSDT    0.645900      61.25     10645       27317310.000000 32512.000000  0.12        1.733700    0.008900    0.52        63.42       36.58       1.939800    -0.004800   -0.25       65.98       34.02       1.630900    0.014500    0.90        61.99       38.01
2026-05-20 22:45:00 UTCBEATUSDT    0.639900      56.03     42969       27171975.000000 -145335.000000-0.53       1.784700    0.051000    2.94        64.09       35.91       1.942800    0.003000    0.15        66.02       33.98       1.689600    0.058700    3.60        62.82       37.18
2026-05-20 23:00:00 UTCBEATUSDT    0.657400      65.32     63632       26782389.000000 -389586.000000-1.43       1.730700    -0.054000   -3.03       63.38       36.62       1.900900    -0.041900   -2.16       65.53       34.47       1.637100    -0.052500   -3.11       62.08       37.92
2026-05-20 23:15:00 UTCBEATUSDT    0.659300      66.16     40166       26418865.000000 -363524.000000-1.36       1.696100    -0.034600   -2.00       62.91       37.09       1.866000    -0.034900   -1.84       65.11       34.89       1.584600    -0.052500   -3.21       61.31       38.69
2026-05-20 23:30:00 UTCBEATUSDT    0.659300      66.16     40000       26085353.000000 -333512.000000-1.26       1.754800    0.058700    3.46        63.70       36.30       1.852300    -0.013700   -0.73       64.94       35.06       1.653200    0.068600    4.33        62.31       37.69
2026-05-20 23:45:00 UTCBEATUSDT    0.657000      63.99     40119       25813238.000000 -272115.000000-1.04       1.799600    0.044800    2.55        64.28       35.72       1.839600    -0.012700   -0.69       64.78       35.22       1.689600    0.036400    2.20        62.82       37.18
2026-05-21 00:00:00 UTCBEATUSDT    0.672500      70.90     44018       25762724.000000 -50514.000000 -0.20       1.751000    -0.048600   -2.70       63.65       36.35       1.795100    -0.044500   -2.42       64.22       35.78       1.671700    -0.017900   -1.06       62.57       37.43
2026-05-21 00:15:00 UTCBEATUSDT    0.665500      64.85     80253       25745004.000000 -17720.000000 -0.07       1.736700    -0.014300   -0.82       63.46       36.54       1.760400    -0.034700   -1.93       63.77       36.23       1.678800    0.007100    0.42        62.67       37.33
2026-05-21 00:30:00 UTCBEATUSDT    0.667600      65.79     28654       25574610.000000 -170394.000000-0.66       1.790200    0.053500    3.08        64.16       35.84       1.727000    -0.033400   -1.90       63.33       36.67       1.718100    0.039300    2.34        63.21       36.79
2026-05-21 00:45:00 UTCBEATUSDT    0.679300      70.54     17191       25355951.000000 -218659.000000-0.85       1.844100    0.053900    3.01        64.84       35.16       1.718300    -0.008700   -0.50       63.21       36.79       1.802700    0.084600    4.92        64.32       35.68
2026-05-21 01:00:00 UTCBEATUSDT    0.678200      69.56     25421       25321475.000000 -34476.000000 -0.14       1.820100    -0.024000   -1.30       64.54       35.46       1.712800    -0.005500   -0.32       63.14       36.86       1.753300    -0.049400   -2.74       63.68       36.32
2026-05-21 01:15:00 UTCBEATUSDT    0.684500      71.96     36931       25268228.000000 -53247.000000 -0.21       1.805800    -0.014300   -0.79       64.36       35.64       1.713100    0.000300    0.02        63.14       36.86       1.727800    -0.025500   -1.45       63.34       36.66
2026-05-21 01:30:00 UTCBEATUSDT    0.686200      72.58     24907       25239923.000000 -28305.000000 -0.11       1.811400    0.005600    0.31        64.43       35.57       1.706500    -0.006600   -0.39       63.05       36.95       1.751800    0.024000    1.39        63.66       36.34
2026-05-21 01:45:00 UTCBEATUSDT    0.673300      61.37     19832       25144563.000000 -95360.000000 -0.38       1.821700    0.010300    0.57        64.56       35.44       1.708600    0.002100    0.12        63.08       36.92       1.784700    0.032900    1.88        64.09       35.91
2026-05-21 02:00:00 UTCBEATUSDT    0.645100      45.00     22063       25081364.000000 -63199.000000 -0.25       1.827300    0.005600    0.31        64.63       35.37       1.707800    -0.000800   -0.05       63.07       36.93       1.776200    -0.008500   -0.48       63.98       36.02
2026-05-21 02:15:00 UTCBEATUSDT    0.642500      43.84     37523       24875242.000000 -206122.000000-0.82       1.963000    0.135700    7.43        66.25       33.75       1.704300    -0.003500   -0.20       63.02       36.98       1.887700    0.111500    6.28        65.37       34.63
2026-05-21 02:30:00 UTCBEATUSDT    0.637800      41.74     18180       24646770.000000 -228472.000000-0.92       1.941200    -0.021800   -1.11       66.00       34.00       2.336800    0.632500    37.11       70.03       29.97       1.805000    -0.082700   -4.38       64.35       35.65
2026-05-21 02:45:00 UTCBEATUSDT    0.624200      36.33     25938       24626524.000000 -20246.000000 -0.08       1.876900    -0.064300   -3.31       65.24       34.76       2.335700    -0.001100   -0.05       70.02       29.98       1.765500    -0.039500   -2.19       63.84       36.16
2026-05-21 03:00:00 UTCBEATUSDT    0.630000      39.91     27493       24650521.000000 23997.000000  0.10        1.918000    0.041100    2.19        65.73       34.27       2.317900    -0.017800   -0.76       69.86       30.14       1.810600    0.045100    2.55        64.42       35.58
2026-05-21 03:15:00 UTCBEATUSDT    0.632700      41.55     15722       24788517.000000 137996.000000 0.56        1.844100    -0.073900   -3.85       64.84       35.16       2.279500    -0.038400   -1.66       69.51       30.49       1.744200    -0.066400   -3.67       63.56       36.44
2026-05-21 03:30:00 UTCBEATUSDT    0.639900      45.82     14197       24896193.000000 107676.000000 0.43        1.828900    -0.015200   -0.82       64.65       35.35       2.240100    -0.039400   -1.73       69.14       30.86       1.738200    -0.006000   -0.34       63.48       36.52
2026-05-21 03:45:00 UTCBEATUSDT    0.647800      50.12     13226       24852913.000000 -43280.000000 -0.17       1.841700    0.012800    0.70        64.81       35.19       2.240200    0.000100    0.00        69.14       30.86       1.745000    0.006800    0.39        63.57       36.43
2026-05-21 04:00:00 UTCBEATUSDT    0.648000      50.23     12543       24870640.000000 17727.000000  0.07        1.811400    -0.030300   -1.65       64.43       35.57       2.231400    -0.008800   -0.39       69.05       30.95       1.730700    -0.014300   -0.82       63.38       36.62
2026-05-21 04:15:00 UTCBEATUSDT    0.658100      55.46     13135       24857121.000000 -13519.000000 -0.05       1.833700    0.022300    1.23        64.71       35.29       2.234300    0.002900    0.13        69.08       30.92       1.751000    0.020300    1.17        63.65       36.35
2026-05-21 04:30:00 UTCBEATUSDT    0.671200      61.16     17569       24887035.000000 29914.000000  0.12        1.809800    -0.023900   -1.30       64.41       35.59       2.219900    -0.014400   -0.64       68.94       31.06       1.749500    -0.001500   -0.09       63.63       36.37
2026-05-21 04:45:00 UTCBEATUSDT    0.680000      64.45     14432       24895463.000000 8428.000000   0.03        1.788600    -0.021200   -1.17       64.14       35.86       2.214700    -0.005200   -0.23       68.89       31.11       1.757100    0.007600    0.43        63.73       36.27
2026-05-21 05:00:00 UTCBEATUSDT    0.681400      64.96     13801       24986139.000000 90676.000000  0.36        1.787100    -0.001500   -0.08       64.12       35.88       2.200200    -0.014500   -0.65       68.75       31.25       1.739700    -0.017400   -0.99       63.50       36.50
2026-05-21 05:15:00 UTCBEATUSDT    0.669900      57.66     19809       25051774.000000 65635.000000  0.26        1.764700    -0.022400   -1.25       63.83       36.17       2.185600    -0.014600   -0.66       68.61       31.39       1.739000    -0.000700   -0.04       63.49       36.51
2026-05-21 05:30:00 UTCBEATUSDT    0.675900      60.18     16213       25075901.000000 24127.000000  0.10        1.760100    -0.004600   -0.26       63.77       36.23       2.189800    0.004200    0.19        68.65       31.35       1.710800    -0.028200   -1.62       63.11       36.89
2026-05-21 05:45:00 UTCBEATUSDT    0.684400      63.49     12760       25187319.000000 111418.000000 0.44        1.760900    0.000800    0.05        63.78       36.22       2.180700    -0.009100   -0.42       68.56       31.44       1.710000    -0.000800   -0.05       63.10       36.90
2026-05-21 06:00:00 UTCBEATUSDT    0.686700      64.35     13582       25264202.000000 76883.000000  0.31        1.713000    -0.047900   -2.72       63.14       36.86       2.168800    -0.011900   -0.55       68.44       31.56       1.654600    -0.055400   -3.24       62.33       37.67
2026-05-21 06:15:00 UTCBEATUSDT    0.674200      56.53     18474       25349913.000000 85711.000000  0.34        1.697600    -0.015400   -0.90       62.93       37.07       2.156500    -0.012300   -0.57       68.32       31.68       1.660300    0.005700    0.34        62.41       37.59
2026-05-21 06:30:00 UTCBEATUSDT    0.681400      59.58     18374       25328367.000000 -21546.000000 -0.08       1.698300    0.000700    0.04        62.94       37.06       2.156100    -0.000400   -0.02       68.32       31.68       1.643400    -0.016900   -1.02       62.17       37.83
2026-05-21 06:45:00 UTCBEATUSDT    0.665100      50.88     37679       25362635.000000 34268.000000  0.14        1.664500    -0.033800   -1.99       62.47       37.53       2.147900    -0.008200   -0.38       68.23       31.77       1.621200    -0.022200   -1.35       61.85       38.15
2026-05-21 07:00:00 UTCBEATUSDT    0.674200      54.84     14061       25058809.000000 -303826.000000-1.20       1.736000    0.071500    4.30        63.45       36.55       2.218500    0.070600    3.29        68.93       31.07       1.661000    0.039800    2.45        62.42       37.58
2026-05-21 07:15:00 UTCBEATUSDT    0.677300      56.14     12314       25118191.000000 59382.000000  0.24        1.745000    0.009000    0.52        63.57       36.43       2.197200    -0.021300   -0.96       68.72       31.28       1.693200    0.032200    1.94        62.87       37.13
2026-05-21 07:30:00 UTCBEATUSDT    0.665500      50.22     18335       25178041.000000 59850.000000  0.24        1.750300    0.005300    0.30        63.64       36.36       2.188100    -0.009100   -0.41       68.63       31.37       1.693200    0.000000    0.00        62.87       37.13
2026-05-21 07:45:00 UTCBEATUSDT    0.661200      48.23     21475       25048173.000000 -129868.000000-0.52       1.849000    0.098700    5.64        64.90       35.10       2.198600    0.010500    0.48        68.74       31.26       1.767000    0.073800    4.36        63.86       36.14
2026-05-21 08:00:00 UTCBEATUSDT    0.666600      50.87     9718        24878100.000000 -170073.000000-0.68       1.847400    -0.001600   -0.09       64.88       35.12       2.209200    0.010600    0.48        68.84       31.16       1.761700    -0.005300   -0.30       63.79       36.21
2026-05-21 08:15:00 UTCBEATUSDT    0.676100      55.19     13345       24862767.000000 -15333.000000 -0.06       1.788600    -0.058800   -3.18       64.14       35.86       2.209200    0.000000    0.00        68.84       31.16       1.725500    -0.036200   -2.05       63.31       36.69
2026-05-21 08:30:00 UTCBEATUSDT    0.673200      53.64     15143       24860788.000000 -1979.000000  -0.01       1.787800    -0.000800   -0.04       64.13       35.87       2.203800    -0.005400   -0.24       68.79       31.21       1.730700    0.005200    0.30        63.38       36.62
2026-05-21 08:45:00 UTCBEATUSDT    0.675600      54.78     11060       24877039.000000 16251.000000  0.07        1.818500    0.030700    1.72        64.52       35.48       2.198800    -0.005000   -0.23       68.74       31.26       1.745000    0.014300    0.83        63.57       36.43
2026-05-21 09:00:00 UTCBEATUSDT    0.674800      54.30     11357       24858445.000000 -18594.000000 -0.07       1.825700    0.007200    0.40        64.61       35.39       2.197500    -0.001300   -0.06       68.73       31.27       1.748000    0.003000    0.17        63.61       36.39
2026-05-21 09:15:00 UTCBEATUSDT    0.680600      57.21     11162       24820430.000000 -38015.000000 -0.15       1.816100    -0.009600   -0.53       64.49       35.51       2.193200    -0.004300   -0.20       68.68       31.32       1.756300    0.008300    0.47        63.72       36.28
2026-05-21 09:30:00 UTCBEATUSDT    0.682000      57.90     12514       24872667.000000 52237.000000  0.21        1.817700    0.001600    0.09        64.51       35.49       2.186400    -0.006800   -0.31       68.62       31.38       1.768500    0.012200    0.69        63.88       36.12
2026-05-21 09:45:00 UTCBEATUSDT    0.686600      60.20     13340       24939745.000000 67078.000000  0.27        1.795600    -0.022100   -1.22       64.23       35.77       2.180300    -0.006100   -0.28       68.56       31.44       1.759400    -0.009100   -0.51       63.76       36.24
2026-05-21 10:00:00 UTCBEATUSDT    0.700100      66.04     21976       24999132.000000 59387.000000  0.24        1.773900    -0.021700   -1.21       63.95       36.05       2.183600    0.003300    0.15        68.59       31.41       1.727800    -0.031600   -1.80       63.34       36.66
2026-05-21 10:15:00 UTCBEATUSDT    0.689400      58.69     42017       25196508.000000 197376.000000 0.79        1.736000    -0.037900   -2.14       63.45       36.55       2.170700    -0.012900   -0.59       68.46       31.54       1.753300    0.025500    1.48        63.68       36.32
2026-05-21 10:30:00 UTCBEATUSDT    0.687300      57.34     19679       24849670.000000 -346838.000000-1.38       1.744200    0.008200    0.47        63.56       36.44       2.187000    0.016300    0.75        68.62       31.38       1.774700    0.021400    1.22        63.96       36.04
2026-05-21 10:45:00 UTCBEATUSDT    0.684500      55.50     12873       24849364.000000 -306.000000   -0.00       1.749500    0.005300    0.30        63.63       36.37       2.182800    -0.004200   -0.19       68.58       31.42       1.768500    -0.006200   -0.35       63.88       36.12
2026-05-21 11:00:00 UTCBEATUSDT    0.695200      60.68     10749       24838906.000000 -10458.000000 -0.04       1.734500    -0.015000   -0.86       63.43       36.57       2.189400    0.006600    0.30        68.65       31.35       1.754100    -0.014400   -0.81       63.69       36.31
2026-05-21 11:15:00 UTCBEATUSDT    0.697800      61.84     14657       24915286.000000 76380.000000  0.31        1.704900    -0.029600   -1.71       63.03       36.97       2.174900    -0.014500   -0.66       68.50       31.50       1.721100    -0.033000   -1.88       63.25       36.75
2026-05-21 11:30:00 UTCBEATUSDT    0.691800      57.61     16024       24974445.000000 59159.000000  0.24        1.697600    -0.007300   -0.43       62.93       37.07       2.163000    -0.011900   -0.55       68.38       31.62       1.717400    -0.003700   -0.21       63.20       36.80
2026-05-21 11:45:00 UTCBEATUSDT    0.700000      61.49     10771       24915593.000000 -58852.000000 -0.24       1.699800    0.002200    0.13        62.96       37.04       2.171300    0.008300    0.38        68.47       31.53       1.722600    0.005200    0.30        63.27       36.73
2026-05-21 12:00:00 UTCBEATUSDT    0.709500      65.43     17900       24956970.000000 41377.000000  0.17        1.676700    -0.023100   -1.36       62.64       37.36       2.169600    -0.001700   -0.08       68.45       31.55       1.683800    -0.038800   -2.25       62.74       37.26
2026-05-21 12:15:00 UTCBEATUSDT    0.704600      61.91     29943       25090846.000000 133876.000000 0.54        1.678800    0.002100    0.13        62.67       37.33       2.161100    -0.008500   -0.39       68.37       31.63       1.708600    0.024800    1.47        63.08       36.92
2026-05-21 12:30:00 UTCBEATUSDT    0.707600      63.21     16146       24919588.000000 -171258.000000-0.68       1.739000    0.060200    3.59        63.49       36.51       2.181700    0.020600    0.95        68.57       31.43       1.761700    0.053100    3.11        63.79       36.21
2026-05-21 12:45:00 UTCBEATUSDT    0.707300      62.98     32985       24890802.000000 -28786.000000 -0.12       1.702700    -0.036300   -2.09       63.00       37.00       2.196300    0.014600    0.67        68.71       31.29       1.715200    -0.046500   -2.64       63.17       36.83
2026-05-21 13:00:00 UTCBEATUSDT    0.717700      67.45     11987       24775616.000000 -115186.000000-0.46       1.730700    0.028000    1.64        63.38       36.62       2.185700    -0.010600   -0.48       68.61       31.39       1.780900    0.065700    3.83        64.04       35.96
2026-05-21 13:15:00 UTCBEATUSDT    0.725500      70.34     17743       24813225.000000 37609.000000  0.15        1.745700    0.015000    0.87        63.58       36.42       2.193000    0.007300    0.33        68.68       31.32       1.773900    -0.007000   -0.39       63.95       36.05
2026-05-21 13:30:00 UTCBEATUSDT    0.726500      70.70     19379       24877079.000000 63854.000000  0.26        1.706400    -0.039300   -2.25       63.05       36.95       2.194500    0.001500    0.07        68.70       31.30       1.757100    -0.016800   -0.95       63.73       36.27
2026-05-21 13:45:00 UTCBEATUSDT    0.743800      76.10     28666       24906201.000000 29122.000000  0.12        1.671700    -0.034700   -2.03       62.57       37.43       2.190100    -0.004400   -0.20       68.65       31.35       1.750300    -0.006800   -0.39       63.64       36.36
2026-05-21 14:00:00 UTCBEATUSDT    0.716700      58.06     58551       24985937.000000 79736.000000  0.32        1.630900    -0.040800   -2.44       61.99       38.01       2.183200    -0.006900   -0.32       68.58       31.42       1.708600    -0.041700   -2.38       63.08       36.92
2026-05-21 14:15:00 UTCBEATUSDT    0.752800      68.70     32075       24829317.000000 -156620.000000-0.63       1.771600    0.140700    8.63        63.92       36.08       2.173300    -0.009900   -0.45       68.49       31.51       1.828900    0.120300    7.04        64.65       35.35
2026-05-21 14:30:00 UTCBEATUSDT    0.727000      57.48     55397       25209744.000000 380427.000000 1.53        1.578600    -0.193000   -10.89      61.22       38.78       2.177800    0.004500    0.21        68.53       31.47       1.723300    -0.105600   -5.77       63.28       36.72
2026-05-21 14:45:00 UTCBEATUSDT    0.722300      55.69     40730       24902632.000000 -307112.000000-1.22       1.712200    0.133600    8.46        63.13       36.87       2.192300    0.014500    0.67        68.67       31.33       1.827300    0.104000    6.03        64.63       35.37
2026-05-21 15:00:00 UTCBEATUSDT    0.741100      60.92     23790       24820493.000000 -82139.000000 -0.33       1.653200    -0.059000   -3.45       62.31       37.69       2.217800    0.025500    1.16        68.92       31.08       1.787100    -0.040200   -2.20       64.12       35.88
2026-05-21 15:15:00 UTCBEATUSDT    0.742800      61.36     24932       24919333.000000 98840.000000  0.40        1.678800    0.025600    1.55        62.67       37.33       2.220900    0.003100    0.14        68.95       31.05       1.777000    -0.010100   -0.57       63.99       36.01
2026-05-21 15:30:00 UTCBEATUSDT    0.747900      62.73     26452       24826701.000000 -92632.000000 -0.37       1.451000    -0.227800   -13.57      59.20       40.80       2.227400    0.006500    0.29        69.01       30.99       1.599400    -0.177600   -9.99       61.53       38.47
2026-05-21 15:45:00 UTCBEATUSDT    0.752400      63.94     39704       25161040.000000 334339.000000 1.35        1.422500    -0.028500   -1.96       58.72       41.28       2.218500    -0.008900   -0.40       68.93       31.07       1.554300    -0.045100   -2.82       60.85       39.15
2026-05-21 16:00:00 UTCBEATUSDT    0.732800      55.48     35147       25080489.000000 -80551.000000 -0.32       1.450400    0.027900    1.96        59.19       40.81       2.236000    0.017500    0.79        69.10       30.90       1.612300    0.058000    3.73        61.72       38.28
2026-05-21 16:15:00 UTCBEATUSDT    0.734500      56.02     36348       25014660.000000 -65829.000000 -0.26       1.484500    0.034100    2.35        59.75       40.25       2.259800    0.023800    1.06        69.32       30.68       1.628800    0.016500    1.02        61.96       38.04
2026-05-21 16:30:00 UTCBEATUSDT    0.728200      53.41     23502       24934082.000000 -80578.000000 -0.32       1.489400    0.004900    0.33        59.83       40.17       2.262200    0.002400    0.11        69.35       30.65       1.644800    0.016000    0.98        62.19       37.81
2026-05-21 16:45:00 UTCBEATUSDT    0.733300      55.23     23111       24919017.000000 -15065.000000 -0.06       1.508800    0.019400    1.30        60.14       39.86       2.253200    -0.009000   -0.40       69.26       30.74       1.679500    0.034700    2.11        62.68       37.32
2026-05-21 17:00:00 UTCBEATUSDT    0.729100      53.38     28415       24760649.000000 -158368.000000-0.64       1.520200    0.011400    0.76        60.32       39.68       2.261200    0.008000    0.36        69.34       30.66       1.670200    -0.009300   -0.55       62.55       37.45
2026-05-21 17:15:00 UTCBEATUSDT    0.745000      58.97     21316       24682696.000000 -77953.000000 -0.31       1.539400    0.019200    1.26        60.62       39.38       2.259100    -0.002100   -0.09       69.32       30.68       1.683800    0.013600    0.81        62.74       37.26
2026-05-21 17:30:00 UTCBEATUSDT    0.738700      56.10     18174       24758080.000000 75384.000000  0.31        1.521400    -0.018000   -1.17       60.34       39.66       2.250600    -0.008500   -0.38       69.24       30.76       1.684600    0.000800    0.05        62.75       37.25
2026-05-21 17:45:00 UTCBEATUSDT    0.748300      59.35     19965       24723251.000000 -34829.000000 -0.14       1.531000    0.009600    0.63        60.49       39.51       2.257400    0.006800    0.30        69.30       30.70       1.691800    0.007200    0.43        62.85       37.15
2026-05-21 18:00:00 UTCBEATUSDT    0.739400      55.27     14799       24733111.000000 9860.000000   0.04        1.529100    -0.001900   -0.12       60.46       39.54       2.241100    -0.016300   -0.72       69.15       30.85       1.676700    -0.015100   -0.89       62.64       37.36
2026-05-21 18:15:00 UTCBEATUSDT    0.748300      58.35     13298       24747193.000000 14082.000000  0.06        1.529100    0.000000    0.00        60.46       39.54       2.250000    0.008900    0.40        69.23       30.77       1.665200    -0.011500   -0.69       62.48       37.52
2026-05-21 18:30:00 UTCBEATUSDT    0.750500      59.10     14475       24762172.000000 14979.000000  0.06        1.516400    -0.012700   -0.83       60.26       39.74       2.238700    -0.011300   -0.50       69.12       30.88       1.649000    -0.016200   -0.97       62.25       37.75
2026-05-21 18:45:00 UTCBEATUSDT    0.758200      61.70     19130       24839375.000000 77203.000000  0.31        1.515700    -0.000700   -0.05       60.25       39.75       2.220400    -0.018300   -0.82       68.95       31.05       1.655300    0.006300    0.38        62.34       37.66
2026-05-21 19:00:00 UTCBEATUSDT    0.758100      61.65     19904       24980148.000000 140773.000000 0.57        1.513800    -0.001900   -0.13       60.22       39.78       2.213700    -0.006700   -0.30       68.88       31.12       1.641300    -0.014000   -0.85       62.14       37.86
2026-05-21 19:15:00 UTCBEATUSDT    0.753100      58.83     18644       25026100.000000 45952.000000  0.18        1.491900    -0.021900   -1.45       59.87       40.13       2.214600    0.000900    0.04        68.89       31.11       1.613000    -0.028300   -1.72       61.73       38.27
2026-05-21 19:30:00 UTCBEATUSDT    0.755700      59.86     14133       24893266.000000 -132834.000000-0.53       1.525300    0.033400    2.24        60.40       39.60       2.227800    0.013200    0.60        69.02       30.98       1.603500    -0.009500   -0.59       61.59       38.41
2026-05-21 19:45:00 UTCBEATUSDT    0.753400      58.47     10982       24891796.000000 -1470.000000  -0.01       1.495600    -0.029700   -1.95       59.93       40.07       2.217300    -0.010500   -0.47       68.92       31.08       1.590700    -0.012800   -0.80       61.40       38.60
2026-05-21 20:00:00 UTCBEATUSDT    0.754300      58.87     9464        24933512.000000 41716.000000  0.17        1.479500    -0.016100   -1.08       59.67       40.33       2.211600    -0.005700   -0.26       68.86       31.14       1.578000    -0.012700   -0.80       61.21       38.79
2026-05-21 20:15:00 UTCBEATUSDT    0.750400      56.33     10500       24952565.000000 19053.000000  0.08        1.490000    0.010500    0.71        59.84       40.16       2.212800    0.001200    0.05        68.87       31.13       1.590700    0.012700    0.80        61.40       38.60
2026-05-21 20:30:00 UTCBEATUSDT    0.764100      62.47     12173       24923773.000000 -28792.000000 -0.12       1.494400    0.004400    0.30        59.91       40.09       2.210600    -0.002200   -0.10       68.85       31.15       1.600100    0.009400    0.59        61.54       38.46
2026-05-21 20:45:00 UTCBEATUSDT    0.769100      64.43     24440       24986946.000000 63173.000000  0.25        1.466100    -0.028300   -1.89       59.45       40.55       2.197800    -0.012800   -0.58       68.73       31.27       1.563400    -0.036700   -2.29       60.99       39.01
2026-05-21 21:00:00 UTCBEATUSDT    0.780100      68.36     19054       24917339.000000 -69607.000000 -0.28       1.445000    -0.021100   -1.44       59.10       40.90       2.215600    0.017800    0.81        68.90       31.10       1.574000    0.010600    0.68        61.15       38.85
2026-05-21 21:15:00 UTCBEATUSDT    0.778800      67.41     13577       24948554.000000 31215.000000  0.13        1.414300    -0.030700   -2.12       58.58       41.42       2.211600    -0.004000   -0.18       68.86       31.14       1.551000    -0.023000   -1.46       60.80       39.20
2026-05-21 21:30:00 UTCBEATUSDT    0.775600      65.02     11928       24963675.000000 15121.000000  0.06        1.434300    0.020000    1.41        58.92       41.08       2.207700    -0.003900   -0.18       68.82       31.18       1.560200    0.009200    0.59        60.94       39.06
2026-05-21 21:45:00 UTCBEATUSDT    0.804100      73.89     32326       24879584.000000 -84091.000000 -0.34       1.430700    -0.003600   -0.25       58.86       41.14       2.209700    0.002000    0.09        68.84       31.16       1.547100    -0.013100   -0.84       60.74       39.26
2026-05-21 22:00:00 UTCBEATUSDT    0.819500      77.25     90479       24979043.000000 99459.000000  0.40        1.378700    -0.052000   -3.63       57.96       42.04       2.192400    -0.017300   -0.78       68.68       31.32       1.521400    -0.025700   -1.66       60.34       39.66
2026-05-21 22:15:00 UTCBEATUSDT    0.780600      57.23     106130      24903423.000000 -75620.000000 -0.30       1.417200    0.038500    2.79        58.63       41.37       2.167000    -0.025400   -1.16       68.42       31.58       1.596100    0.074700    4.91        61.48       38.52
2026-05-21 22:30:00 UTCBEATUSDT    0.756200      48.71     78167       24775512.000000 -127911.000000-0.51       1.445600    0.028400    2.00        59.11       40.89       2.184400    0.017400    0.80        68.60       31.40       1.603500    0.007400    0.46        61.59       38.41
2026-05-21 22:45:00 UTCBEATUSDT    0.765500      51.66     53974       24602242.000000 -173270.000000-0.70       1.507500    0.061900    4.28        60.12       39.88       2.200700    0.016300    0.75        68.76       31.24       1.637100    0.033600    2.10        62.08       37.92
2026-05-21 23:00:00 UTCBEATUSDT    0.714500      38.54     100336      24430276.000000 -171966.000000-0.70       1.511900    0.004400    0.29        60.19       39.81       2.221700    0.021000    0.95        68.96       31.04       1.642700    0.005600    0.34        62.16       37.84
2026-05-21 23:15:00 UTCBEATUSDT    0.750800      48.56     85731       24158716.000000 -271560.000000-1.11       1.737500    0.225600    14.92       63.47       36.53       2.258300    0.036600    1.65        69.31       30.69       1.787800    0.145100    8.83        64.13       35.87
2026-05-21 23:30:00 UTCBEATUSDT    0.745700      47.39     48517       23811337.000000 -347379.000000-1.44       1.704200    -0.033300   -1.92       63.02       36.98       2.233200    -0.025100   -1.11       69.07       30.93       1.778500    -0.009300   -0.52       64.01       35.99
2026-05-21 23:45:00 UTCBEATUSDT    0.749700      48.44     36777       23687703.000000 -123634.000000-0.52       1.733000    0.028800    1.69        63.41       36.59       2.244400    0.011200    0.50        69.18       30.82       1.760900    -0.017600   -0.99       63.78       36.22
2026-05-22 00:00:00 UTCBEATUSDT    0.745200      47.29     56325       23600699.000000 -87004.000000 -0.37       1.694700    -0.038300   -2.21       62.89       37.11       2.243600    -0.000800   -0.04       69.17       30.83       1.730700    -0.030200   -1.72       63.38       36.62
2026-05-22 00:15:00 UTCBEATUSDT    0.743300      46.79     25628       23562978.000000 -37721.000000 -0.16       1.774700    0.080000    4.72        63.96       36.04       2.239300    -0.004300   -0.19       69.13       30.87       1.842500    0.111800    6.46        64.82       35.18
2026-05-22 00:30:00 UTCBEATUSDT    0.749300      48.64     18054       23431550.000000 -131428.000000-0.56       1.801100    0.026400    1.49        64.30       35.70       2.269600    0.030300    1.35        69.41       30.59       1.847400    0.004900    0.27        64.88       35.12
2026-05-22 00:45:00 UTCBEATUSDT    0.734300      44.48     17187       23489788.000000 58238.000000  0.25        1.798800    -0.002300   -0.13       64.27       35.73       2.249500    -0.020100   -0.89       69.23       30.77       1.826500    -0.020900   -1.13       64.62       35.38
2026-05-22 01:00:00 UTCBEATUSDT    0.732400      43.96     16387       23421651.000000 -68137.000000 -0.29       1.840100    0.041300    2.30        64.79       35.21       2.259100    0.009600    0.43        69.32       30.68       1.849800    0.023300    1.28        64.91       35.09
2026-05-22 01:15:00 UTCBEATUSDT    0.730800      43.51     13944       23373059.000000 -48592.000000 -0.21       1.858800    0.018700    1.02        65.02       34.98       2.261300    0.002200    0.10        69.34       30.66       1.882700    0.032900    1.78        65.31       34.69
2026-05-22 01:30:00 UTCBEATUSDT    0.740500      47.09     11019       23319340.000000 -53719.000000 -0.23       1.872700    0.013900    0.75        65.19       34.81       2.269900    0.008600    0.38        69.42       30.58       1.881800    -0.000900   -0.05       65.30       34.70
2026-05-22 01:45:00 UTCBEATUSDT    0.752300      51.15     12990       23268060.000000 -51280.000000 -0.22       1.874400    0.001700    0.09        65.21       34.79       2.267400    -0.002500   -0.11       69.39       30.61       1.902800    0.021000    1.12        65.55       34.45
2026-05-22 02:00:00 UTCBEATUSDT    0.763900      54.81     19907       23213476.000000 -54584.000000 -0.23       1.811400    -0.063000   -3.36       64.43       35.57       2.265600    -0.001800   -0.08       69.38       30.62       1.853100    -0.049700   -2.61       64.95       35.05
2026-05-22 02:15:00 UTCBEATUSDT    0.753000      50.94     15525       23237872.000000 24396.000000  0.11        1.807400    -0.004000   -0.22       64.38       35.62       2.249800    -0.015800   -0.70       69.23       30.77       1.884300    0.031200    1.68        65.33       34.67
2026-05-22 02:30:00 UTCBEATUSDT    0.752600      50.80     11344       23218516.000000 -19356.000000 -0.08       1.808200    0.000800    0.04        64.39       35.61       2.255000    0.005200    0.23        69.28       30.72       1.861200    -0.023100   -1.23       65.05       34.95
2026-05-22 02:45:00 UTCBEATUSDT    0.749500      49.65     16989       23204751.000000 -13765.000000 -0.06       1.817700    0.009500    0.53        64.51       35.49       2.255700    0.000700    0.03        69.28       30.72       1.886800    0.025600    1.38        65.36       34.64
2026-05-22 03:00:00 UTCBEATUSDT    0.742700      47.12     15639       23167710.000000 -37041.000000 -0.16       1.832100    0.014400    0.79        64.69       35.31       2.260900    0.005200    0.23        69.33       30.67       1.895200    0.008400    0.45        65.46       34.54
2026-05-22 03:15:00 UTCBEATUSDT    0.745600      48.33     12812       23127610.000000 -40100.000000 -0.17       1.812900    -0.019200   -1.05       64.45       35.55       2.267800    0.006900    0.31        69.40       30.60       1.870300    -0.024900   -1.31       65.16       34.84
2026-05-22 03:30:00 UTCBEATUSDT    0.739800      46.06     9820        23104863.000000 -22747.000000 -0.10       1.812100    -0.000800   -0.04       64.44       35.56       2.259600    -0.008200   -0.36       69.32       30.68       1.858000    -0.012300   -0.66       65.01       34.99
2026-05-22 03:45:00 UTCBEATUSDT    0.744100      48.01     9970        23086092.000000 -18771.000000 -0.08       1.810600    -0.001500   -0.08       64.42       35.58       2.254200    -0.005400   -0.24       69.27       30.73       1.862900    0.004900    0.26        65.07       34.93
2026-05-22 04:00:00 UTCBEATUSDT    0.747000      49.34     13639       23078987.000000 -7105.000000  -0.03       1.802700    -0.007900   -0.44       64.32       35.68       2.253100    -0.001100   -0.05       69.26       30.74       1.846600    -0.016300   -0.87       64.87       35.13
2026-05-22 04:15:00 UTCBEATUSDT    0.755100      52.95     11854       23068286.000000 -10701.000000 -0.05       1.819300    0.016600    0.92        64.53       35.47       2.245900    -0.007200   -0.32       69.19       30.81       1.875200    0.028600    1.55        65.22       34.78
2026-05-22 04:30:00 UTCBEATUSDT    0.759000      54.63     11764       23037307.000000 -30979.000000 -0.13       1.827300    0.008000    0.44        64.63       35.37       2.247100    0.001200    0.05        69.20       30.80       1.887700    0.012500    0.67        65.37       34.63
2026-05-22 04:45:00 UTCBEATUSDT    0.764500      56.96     13517       23048045.000000 10738.000000  0.05        1.796400    -0.030900   -1.69       64.24       35.76       2.243700    -0.003400   -0.15       69.17       30.83       1.870300    -0.017400   -0.92       65.16       34.84
2026-05-22 05:00:00 UTCBEATUSDT    0.769500      59.02     20356       23075768.000000 27723.000000  0.12        1.787100    -0.009300   -0.52       64.12       35.88       2.234300    -0.009400   -0.42       69.08       30.92       1.876900    0.006600    0.35        65.24       34.76
2026-05-22 05:15:00 UTCBEATUSDT    0.763100      55.37     13359       23051081.000000 -24687.000000 -0.11       1.822500    0.035400    1.98        64.57       35.43       2.223800    -0.010500   -0.47       68.98       31.02       1.924800    0.047900    2.55        65.81       34.19
2026-05-22 05:30:00 UTCBEATUSDT    0.772800      59.46     13568       23055032.000000 3951.000000   0.02        1.812100    -0.010400   -0.57       64.44       35.56       2.220800    -0.003000   -0.13       68.95       31.05       1.896900    -0.027900   -1.45       65.48       34.52
2026-05-22 05:45:00 UTCBEATUSDT    0.779200      61.95     14176       23086075.000000 31043.000000  0.13        1.792500    -0.019600   -1.08       64.19       35.81       2.219000    -0.001800   -0.08       68.93       31.07       1.905300    0.008400    0.44        65.58       34.42
2026-05-22 06:00:00 UTCBEATUSDT    0.771000      57.12     15199       23100342.000000 14267.000000  0.06        1.794900    0.002400    0.13        64.22       35.78       2.220000    0.001000    0.05        68.94       31.06       1.905300    0.000000    0.00        65.58       34.42
2026-05-22 06:15:00 UTCBEATUSDT    0.763200      52.90     20366       23037464.000000 -62878.000000 -0.27       1.792500    -0.002400   -0.13       64.19       35.81       2.223100    0.003100    0.14        68.97       31.03       1.936000    0.030700    1.61        65.94       34.06
2026-05-22 06:30:00 UTCBEATUSDT    0.767300      54.79     11897       22971280.000000 -66184.000000 -0.29       1.808200    0.015700    0.88        64.39       35.61       2.231900    0.008800    0.40        69.06       30.94       1.933400    -0.002600   -0.13       65.91       34.09
2026-05-22 06:45:00 UTCBEATUSDT    0.777400      59.14     13319       23002577.000000 31297.000000  0.14        1.820900    0.012700    0.70        64.55       35.45       2.230900    -0.001000   -0.04       69.05       30.95       1.943800    0.010400    0.54        66.03       33.97
2026-05-22 07:00:00 UTCBEATUSDT    0.758000      49.32     16523       22994291.000000 -8286.000000  -0.04       1.816100    -0.004800   -0.26       64.49       35.51       2.229200    -0.001700   -0.08       69.03       30.97       1.958600    0.014800    0.76        66.20       33.80
2026-05-22 07:15:00 UTCBEATUSDT    0.753200      47.23     12692       22950361.000000 -43930.000000 -0.19       1.816100    0.000000    0.00        64.49       35.51       2.220300    -0.008900   -0.40       68.95       31.05       1.943800    -0.014800   -0.76       66.03       33.97
2026-05-22 07:30:00 UTCBEATUSDT    0.789500      60.77     27119       22945389.000000 -4972.000000  -0.02       1.826500    0.010400    0.57        64.62       35.38       2.223300    0.003000    0.14        68.98       31.02       1.943800    0.000000    0.00        66.03       33.97
2026-05-22 07:45:00 UTCBEATUSDT    0.834000      70.70     82979       23096456.000000 151067.000000 0.66        1.701200    -0.125300   -6.86       62.98       37.02       2.207300    -0.016000   -0.72       68.82       31.18       1.826500    -0.117300   -6.03       64.62       35.38
2026-05-22 08:00:00 UTCBEATUSDT    0.860700      74.81     73013       23399349.000000 302893.000000 1.31        1.538700    -0.162500   -9.55       60.61       39.39       2.147800    -0.059500   -2.70       68.23       31.77       1.677400    -0.149100   -8.16       62.65       37.35
2026-05-22 08:15:00 UTCBEATUSDT    0.874600      76.65     60045       23643655.000000 244306.000000 1.04        1.457600    -0.081100   -5.27       59.31       40.69       2.125900    -0.021900   -1.02       68.01       31.99       1.564100    -0.113300   -6.75       61.00       39.00
2026-05-22 08:30:00 UTCBEATUSDT    0.911400      80.68     133616      23894556.000000 250901.000000 1.06        1.422500    -0.035100   -2.41       58.72       41.28       2.103100    -0.022800   -1.07       67.77       32.23       1.529700    -0.034400   -2.20       60.47       39.53
2026-05-22 08:45:00 UTCBEATUSDT    0.919500      81.44     178835      24141720.000000 247164.000000 1.03        1.249700    -0.172800   -12.15      55.55       44.45       2.063300    -0.039800   -1.89       67.36       32.64       1.417200    -0.112500   -7.35       58.63       41.37
2026-05-22 09:00:00 UTCBEATUSDT    0.920100      81.49     84089       24643696.000000 501976.000000 2.08        1.240100    -0.009600   -0.77       55.36       44.64       2.041600    -0.021700   -1.05       67.12       32.88       1.362400    -0.054800   -3.87       57.67       42.33
2026-05-22 09:15:00 UTCBEATUSDT    0.951200      84.24     113172      24652217.000000 8521.000000   0.03        1.190600    -0.049500   -3.99       54.35       45.65       2.013900    -0.027700   -1.36       66.82       33.18       1.322900    -0.039500   -2.90       56.95       43.05
2026-05-22 09:30:00 UTCBEATUSDT    0.927100      74.96     113019      24856123.000000 203906.000000 0.83        1.164500    -0.026100   -2.19       53.80       46.20       1.995400    -0.018500   -0.92       66.62       33.38       1.284700    -0.038200   -2.89       56.23       43.77
2026-05-22 09:45:00 UTCBEATUSDT    0.950800      77.57     97518       24611622.000000 -244501.000000-0.98       1.183400    0.018900    1.62        54.20       45.80       1.997700    0.002300    0.12        66.64       33.36       1.294600    0.009900    0.77        56.42       43.58
2026-05-22 10:00:00 UTCBEATUSDT    0.958000      78.32     67300       24835278.000000 223656.000000 0.91        1.185800    0.002400    0.20        54.25       45.75       1.996400    -0.001300   -0.07       66.63       33.37       1.275300    -0.019300   -1.49       56.05       43.95
2026-05-22 10:15:00 UTCBEATUSDT    0.988800      81.18     100739      25150962.000000 315684.000000 1.27        1.121300    -0.064500   -5.44       52.86       47.14       1.963000    -0.033400   -1.67       66.25       33.75       1.199300    -0.076000   -5.96       54.53       45.47
2026-05-22 10:30:00 UTCBEATUSDT    0.980200      78.08     125053      25663746.000000 512784.000000 2.04        1.055100    -0.066200   -5.90       51.34       48.66       1.943500    -0.019500   -0.99       66.03       33.97       1.182500    -0.016800   -1.40       54.18       45.82
2026-05-22 10:45:00 UTCBEATUSDT    0.986300      78.70     63196       25481549.000000 -182197.000000-0.71       1.077700    0.022600    2.14        51.87       48.13       1.935300    -0.008200   -0.42       65.93       34.07       1.198800    0.016300    1.38        54.52       45.48
2026-05-22 11:00:00 UTCBEATUSDT    0.970100      72.79     78462       25554660.000000 73111.000000  0.29        1.045400    -0.032300   -3.00       51.11       48.89       1.893000    -0.042300   -2.19       65.43       34.57       1.158000    -0.040800   -3.40       53.66       46.34
2026-05-22 11:15:00 UTCBEATUSDT    0.989400      75.18     70633       25785341.000000 230681.000000 0.90        0.977100    -0.068300   -6.53       49.42       50.58       1.884100    -0.008900   -0.47       65.33       34.67       1.105300    -0.052700   -4.55       52.50       47.50
2026-05-22 11:30:00 UTCBEATUSDT    0.986900      74.27     98642       26013250.000000 227909.000000 0.88        0.965400    -0.011700   -1.20       49.12       50.88       1.871500    -0.012600   -0.67       65.17       34.83       1.071300    -0.034000   -3.08       51.72       48.28
2026-05-22 11:45:00 UTCBEATUSDT    1.019600      78.02     235419      25972133.000000 -41117.000000 -0.16       0.939100    -0.026300   -2.72       48.43       51.57       1.861200    -0.010300   -0.55       65.05       34.95       1.067000    -0.004300   -0.40       51.62       48.38
2026-05-22 12:00:00 UTCBEATUSDT    1.051700      80.95     134876      26017003.000000 44870.000000  0.17        0.908800    -0.030300   -3.23       47.61       52.39       1.863000    0.001800    0.10        65.07       34.93       1.033300    -0.033700   -3.16       50.82       49.18
2026-05-22 12:15:00 UTCBEATUSDT    1.058400      81.51     108806      26577329.000000 560326.000000 2.15        0.890700    -0.018100   -1.99       47.11       52.89       1.805400    -0.057600   -3.09       64.35       35.65       1.008400    -0.024900   -2.41       50.21       49.79
2026-05-22 12:30:00 UTCBEATUSDT    1.056000      80.60     89750       26954683.000000 377354.000000 1.42        0.868800    -0.021900   -2.46       46.49       53.51       1.785200    -0.020200   -1.12       64.10       35.90       0.992800    -0.015600   -1.55       49.82       50.18
2026-05-22 12:45:00 UTCBEATUSDT    1.065000      81.44     73043       27253423.000000 298740.000000 1.11        0.862500    -0.006300   -0.73       46.31       53.69       1.756900    -0.028300   -1.59       63.73       36.27       0.964300    -0.028500   -2.87       49.09       50.91
2026-05-22 13:00:00 UTCBEATUSDT    1.100900      84.33     115998      27607515.000000 354092.000000 1.30        0.839200    -0.023300   -2.70       45.63       54.37       1.746200    -0.010700   -0.61       63.59       36.41       0.947000    -0.017300   -1.79       48.64       51.36
2026-05-22 13:15:00 UTCBEATUSDT    1.089300      79.99     172742      27591472.000000 -16043.000000 -0.06       0.800200    -0.039000   -4.65       44.45       55.55       1.723300    -0.022900   -1.31       63.28       36.72       0.926000    -0.021000   -2.22       48.08       51.92
2026-05-22 13:30:00 UTCBEATUSDT    1.121100      82.63     98095       27590751.000000 -721.000000   -0.00       0.821200    0.021000    2.62        45.09       54.91       1.713400    -0.009900   -0.57       63.15       36.85       0.970400    0.044400    4.79        49.25       50.75
2026-05-22 13:45:00 UTCBEATUSDT    1.171100      85.80     146635      28101063.000000 510312.000000 1.85        0.822800    0.001600    0.19        45.14       54.86       1.684800    -0.028600   -1.67       62.75       37.25       0.977800    0.007400    0.76        49.44       50.56

==============================================================================================================
LAST SNAPSHOT
==============================================================================================================
Time                : 2026-05-22 13:45:00 UTC
Symbol              : BEATUSDT
Close               : 1.171100
RSI(14)            : 85.80
Number of Trades    : 146635
Volume              : 11299685.000000
Quote Volume        : 12955039.954500

Open Interest       : 28101063.000000
OI Change           : 510312.000000
OI Change %         : 1.85%
OI Value            : 31399792.831529

Top Acco L/S Ratio  : 0.822800
Top Acco L/S Change : 0.001600
Top Acco Chg %      : 0.19%
Top Acco Long %     : 45.14
Top Acco Short %    : 54.86

Top Posit L/S Ratio : 1.684800
Top Posit L/S Change: -0.028600
Top Posit Chg %     : -1.67%
Top Posit Long %    : 62.75
Top Posit Short %   : 37.25

Global L/S Ratio    : 0.977800
Global L/S Change   : 0.007400
Global Chg %        : 0.76%
Global Long %       : 49.44
Global Short %      : 50.56

[Program finished]
