code_version,timestamp,time,symbol,open_time,open_time_str,close_time,close_time_str,is_closed_candle,open,high,low,close,close_change,close_change_pct,rsi,mark_open,mark_high,mark_low,mark_close,mark_close_change,mark_close_change_pct,mark_close_time,mark_close_time_str,mark_last_close_spread,mark_last_close_spread_pct,premium_index_open,premium_index_high,premium_index_low,premium_index_close,premium_index_close_change,premium_index_close_change_pct,premium_index_close_time,premium_index_close_time_str,number_of_trades,trades_change,trades_change_pct,volume,volume_change,volume_change_pct,quote_volume,quote_volume_change,quote_volume_change_pct,quote_volume_source,avg_base_per_trade,avg_quote_per_trade,price_range,price_range_pct,candle_body,candle_body_pct,candle_body_abs,candle_body_abs_pct,upper_wick,upper_wick_pct_of_range,lower_wick,lower_wick_pct_of_range,close_location_in_range,taker_buy_base_volume,taker_sell_base_volume,taker_buy_base_pct,taker_sell_base_pct,taker_buy_quote_volume,taker_buy_quote_change,taker_buy_quote_change_pct,taker_sell_quote_volume,taker_sell_quote_change,taker_sell_quote_change_pct,taker_buy_quote_pct,taker_sell_quote_pct,taker_buy_sell_base_ratio,taker_buy_sell_quote_ratio,taker_quote_imbalance,taker_quote_imbalance_pct,oi,oi_value,oi_change,oi_change_pct,oi_value_change,oi_value_change_pct,acco_ls_ratio,acco_ls_change,acco_ls_change_pct,acco_long_pct,acco_short_pct,posit_ls_ratio,posit_ls_change,posit_ls_change_pct,posit_long_pct,posit_short_pct,global_ls_ratio,global_ls_change,global_ls_change_pct,global_long_pct,global_short_pct,acco_posit_ls_spread,global_acco_ls_spread,global_posit_ls_spread,funding_time,funding_time_str,funding_rate,mark_price_at_funding
FINAL_REAL_MARK_PREMIUM_CLOSED_GUARD_2026_06_13,1782932400000,2026-07-01 19:00:00 UTC,BIRBUSDT,1782932400000,2026-07-01 19:00:00 UTC,1782933299999,2026-07-01 19:14:59 UTC,True,0.05428,0.05467,0.05428,0.05458,,,56.269248539919396,0.05428704,0.05466676,0.05427093,0.05456684,,,1782933299999,2026-07-01 19:14:59 UTC,1.3159999999998173e-05,0.024117211112093303,0.0,8.828e-05,0.0,0.0,,,1782933299999,2026-07-01 19:14:59 UTC,173,,,115035.0,,,6267.82903,,,binance_kline_quote_asset_volume,664.9421965317919,36.230225606936415,0.00039000000000000146,0.7184966838614618,0.0002999999999999947,0.5526897568164972,0.0002999999999999947,0.5526897568164972,9.000000000000674e-05,23.076923076924718,0.0,0.0,0.7692307692307528,83100.0,31935.0,72.23888381796844,27.761116182031554,4523.6067,,,1744.2223299999996,,,72.17182661410278,27.828173385897216,2.6021606387975575,2.5934805570342636,2779.3843700000007,44.34365322820557,18509112.0,1004804.90350848,,,,,2.6914,,,72.91,27.089999999999996,1.1808,,,54.15,45.85,3.4663,,,77.61,22.39,-1.5105999999999997,0.7749000000000001,2.2855,1782921600000,2026-07-01 16:00:00 UTC,5e-05,0.05455
FINAL_REAL_MARK_PREMIUM_CLOSED_GUARD_2026_06_13,1782933300000,2026-07-01 19:15:00 UTC,BIRBUSDT,1782933300000,2026-07-01 19:15:00 UTC,1782934199999,2026-07-01 19:29:59 UTC,True,0.05458,0.05466,0.0541,0.05415,-0.0004299999999999998,-0.7878343715646755,47.23564958498295,0.05456544,0.05464,0.05411,0.05415422,-0.0004126199999999955,-0.7561735295648337,1782934199999,2026-07-01 19:29:59 UTC,-4.220000000006163e-06,-0.007792559841146568,0.0,0.0,-0.00033066,0.0,0.0,,1782934199999,2026-07-01 19:29:59 UTC,203,30.0,17.341040462427745,131491.0,16456.0,14.305211457382535,7140.79818,872.9691499999999,13.927775403918444,binance_kline_quote_asset_volume,647.7389162561576,35.176345714285716,0.000559999999999998,1.026016855991202,-0.0004299999999999998,-0.7878343715646755,0.0004299999999999998,0.7878343715646755,8.000000000000368e-05,14.285714285714993,4.999999999999449e-05,8.928571428570477,0.08928571428570477,54800.0,76691.0,41.67585614224548,58.32414385775452,2973.97502,-1549.6316800000004,-34.256551967703125,4166.82316,2422.6008300000003,138.89289159599286,41.64765541658257,58.35234458341743,0.7145558148935338,0.7137271983483935,-1192.84814,-16.70468916683485,18498260.0,1009391.5936984,-10852.0,-0.05863058152114484,4586.6901899199,0.4564756973124376,2.6846,-0.006799999999999695,-0.2526566099427694,72.86,27.139999999999997,1.1783,-0.0025000000000001688,-0.21172086720868638,54.09,45.910000000000004,3.4366,-0.02970000000000006,-0.8568213945705814,77.46,22.54,-1.5063000000000002,0.7519999999999998,2.2583,1782921600000,2026-07-01 16:00:00 UTC,5e-05,0.05455
FINAL_REAL_MARK_PREMIUM_CLOSED_GUARD_2026_06_13,1782934200000,2026-07-01 19:30:00 UTC,BIRBUSDT,1782934200000,2026-07-01 19:30:00 UTC,1782935099999,2026-07-01 19:44:59 UTC,True,0.05418,0.05439,0.05392,0.05395,-0.0001999999999999988,-0.36934441366574106,43.71992142836153,0.05415436,0.05434,0.05394201,0.05395,-0.00020422000000000495,-0.3771081921224328,1782935099999,2026-07-01 19:44:59 UTC,0.0,0.0,0.0,0.0,0.0,0.0,0.0,,1782935099999,2026-07-01 19:44:59 UTC,191,-12.0,-5.911330049261084,125008.0,-6483.0,-4.930375462959442,6778.40564,-362.3925399999998,-5.074958441130454,binance_kline_quote_asset_volume,654.4921465968587,35.48903476439791,0.0004699999999999982,0.8674787744555154,-0.00023000000000000104,-0.4245108896271706,0.00023000000000000104,0.4245108896271706,0.00021000000000000185,44.68085106383035,2.9999999999995308e-05,6.382978723403282,0.06382978723403282,32179.0,92829.0,25.741552540637397,74.2584474593626,1745.36841,-1228.6066099999998,-41.311934422367806,5033.03723,866.21407,20.788356902576112,25.748951932006243,74.25104806799376,0.34664813797412447,0.3467823364382306,-3287.66882,-48.502096135987514,18497182.0,1001700.46340804,-1078.0,-0.0058275751340936925,-7691.130290359957,-0.7619570381183519,2.7175,0.03289999999999971,1.225508455635838,73.1,26.900000000000002,1.1799,0.0016000000000000458,0.13578884834083393,54.13,45.87,3.5045,0.0679000000000003,1.9757900250247422,77.8,22.2,-1.5375999999999999,0.7870000000000004,2.3246,1782921600000,2026-07-01 16:00:00 UTC,5e-05,0.05455
FINAL_REAL_MARK_PREMIUM_CLOSED_GUARD_2026_06_13,1782935100000,2026-07-01 19:45:00 UTC,BIRBUSDT,1782935100000,2026-07-01 19:45:00 UTC,1782935999999,2026-07-01 19:59:59 UTC,True,0.05396,0.054,0.05362,0.05375,-0.0001999999999999988,-0.3707136237256697,40.47560346705179,0.05395,0.05397969,0.05369,0.05375,-0.0001999999999999988,-0.3707136237256697,1782935999999,2026-07-01 19:59:59 UTC,0.0,0.0,0.0,0.0,-0.00225528,0.0,0.0,,1782935999999,2026-07-01 19:59:59 UTC,157,-34.0,-17.801047120418847,148416.0,23408.0,18.725201587098425,7988.06364,1209.6580000000004,17.845759965465867,binance_kline_quote_asset_volume,945.3248407643312,50.879386242038215,0.0003799999999999984,0.704225352112673,-0.00021000000000000185,-0.3891771682727981,0.00021000000000000185,0.3891771682727981,3.999999999999837e-05,10.5263157894733,0.00012999999999999817,34.21052631578914,0.34210526315789136,74133.0,74283.0,49.949466364812416,50.05053363518758,3988.9258,2243.55739,128.54348555557965,3999.1378400000003,-1033.8993899999996,-20.54225595307189,49.93607937755488,50.06392062244511,0.9979806954484876,0.9974464396055925,-10.212040000000343,-0.12784124489023654,18524806.0,999413.2837,27624.0,0.14934166728748194,-2287.17970803997,-0.22832970449653206,2.7161,-0.0013999999999998458,-0.051517939282423035,73.09,26.91,1.1853,0.005400000000000071,0.45766590389016626,54.24,45.76,3.531,0.026499999999999968,0.7561706377514614,77.92999999999999,22.07,-1.5308,0.8149000000000002,2.3457,1782921600000,2026-07-01 16:00:00 UTC,5e-05,0.05455
FINAL_REAL_MARK_PREMIUM_CLOSED_GUARD_2026_06_13,1782936000000,2026-07-01 20:00:00 UTC,BIRBUSDT,1782936000000,2026-07-01 20:00:00 UTC,1782936899999,2026-07-01 20:14:59 UTC,True,0.05373,0.05402,0.05368,0.05398,0.00023000000000000104,0.427906976744188,45.48560394095682,0.05375,0.05399469,0.05368,0.05398,0.00023000000000000104,0.427906976744188,1782936899999,2026-07-01 20:14:59 UTC,0.0,0.0,0.0,0.0,0.0,0.0,0.0,,1782936899999,2026-07-01 20:14:59 UTC,271,114.0,72.61146496815286,154426.0,6010.0,4.0494286330314795,8310.63011,322.56646999999975,4.038105910733577,binance_kline_quote_asset_volume,569.8376383763838,30.666531771217713,0.00034,0.6327935976177183,0.0002500000000000002,0.46528941001302854,0.0002500000000000002,0.46528941001302854,3.999999999999837e-05,11.76470588235246,5.000000000000143e-05,14.705882352941597,0.8823529411764753,88905.0,65521.0,57.57126390633701,42.428736093662984,4783.12188,794.1960799999997,19.910023896659087,3527.5082300000004,-471.62960999999996,-11.79328217403979,57.55426263340217,42.44573736659783,1.356893209810595,1.3559491766231824,1255.6136499999993,15.10852526680434,18500436.0,994398.435,-24370.0,-0.1315533344856621,-5014.848699999973,-0.5017792720779276,2.6969,-0.019200000000000106,-0.7068959169397337,72.95,27.05,1.1828,-0.0024999999999999467,-0.21091706740909025,54.190000000000005,45.81,3.4823,-0.04870000000000019,-1.3792126876239077,77.69,22.31,-1.5140999999999998,0.7854000000000001,2.2995,1782936000000,2026-07-01 20:00:00 UTC,5e-05,0.05375
FINAL_REAL_MARK_PREMIUM_CLOSED_GUARD_2026_06_13,1782936900000,2026-07-01 20:15:00 UTC,BIRBUSDT,1782936900000,2026-07-01 20:15:00 UTC,1782937799999,2026-07-01 20:29:59 UTC,True,0.05396,0.05449,0.05388,0.05432,0.00034,0.6298629121896999,51.92699675780472,0.05397982,0.05444,0.05393328,0.05430129,0.00032129000000000185,0.5952019266394996,1782937799999,2026-07-01 20:29:59 UTC,1.8709999999998173e-05,0.0344559033496224,0.0,0.00096617,0.0,0.0,0.0,,1782937799999,2026-07-01 20:29:59 UTC,216,-55.0,-20.29520295202952,192144.0,37718.0,24.424643518578478,10405.5507,2094.9205899999997,25.207722666891737,binance_kline_quote_asset_volume,889.5555555555555,48.17384583333333,0.0006099999999999994,1.1304670126019263,0.0003599999999999992,0.6671608598962179,0.0003599999999999992,0.6671608598962179,0.00016999999999999654,27.86885245901585,8.000000000000368e-05,13.11475409836127,0.7213114754098414,93724.0,98420.0,48.77799983345824,51.22200016654176,5069.67018,286.5483000000004,5.990821626314076,5335.88052,1808.3722899999993,51.264863810112196,48.7208253187407,51.2791746812593,0.9522861207071733,0.9501093888811439,-266.21033999999963,-2.5583493625185993,18545742.0,1001099.15316,45306.0,0.2448915257997163,6700.718159999931,0.6738464104682477,2.7092,0.0123000000000002,0.4560792020468019,73.04,26.96,1.1864,0.0035999999999998256,0.3043625295907867,54.26,45.739999999999995,3.4783,-0.0040000000000000036,-0.1148666111478047,77.66999999999999,22.33,-1.5228000000000002,0.7690999999999999,2.2919,1782936000000,2026-07-01 20:00:00 UTC,5e-05,0.05375
FINAL_REAL_MARK_PREMIUM_CLOSED_GUARD_2026_06_13,1782937800000,2026-07-01 20:30:00 UTC,BIRBUSDT,1782937800000,2026-07-01 20:30:00 UTC,1782938699999,2026-07-01 20:44:59 UTC,True,0.05434,0.05444,0.05407,0.05424,-8.000000000000368e-05,-0.14727540500737052,50.4174545917208,0.05430132,0.05440626,0.05413,0.05421773,-8.356000000000335e-05,-0.15388216375707345,1782938699999,2026-07-01 20:44:59 UTC,2.2269999999997847e-05,0.041075124318184934,0.0,0.0,0.0,0.0,0.0,,1782938699999,2026-07-01 20:44:59 UTC,215,-1.0,-0.4629629629629629,149721.0,-42423.0,-22.078753434923808,8129.73817,-2275.81253,-21.8711396985457,binance_kline_quote_asset_volume,696.3767441860465,37.812735674418605,0.00037000000000000227,0.6808980493191061,-0.00010000000000000286,-0.18402649981597877,0.00010000000000000286,0.18402649981597877,0.00010000000000000286,27.027027027027632,0.00016999999999999654,45.94594594594473,0.4594594594594473,68333.0,81388.0,45.640224150252806,54.359775849747194,3707.50824,-1362.16194,-26.86884731424481,4422.2299299999995,-913.6505900000002,-17.122770769987188,45.60427608457654,54.39572391542347,0.8395955177667469,0.8383797990350087,-714.7216899999994,-8.791447830846923,18587785.0,1009340.70374265,42043.0,0.22669893714686637,8241.550582650001,0.8232501802279321,2.7286,0.019400000000000084,0.7160785471726001,73.18,26.82,1.1905,0.0040999999999999925,0.34558327714092996,54.35,45.65,3.5106,0.03230000000000022,0.928614553086284,77.83,22.17,-1.5381000000000002,0.782,2.3201,1782936000000,2026-07-01 20:00:00 UTC,5e-05,0.05375
FINAL_REAL_MARK_PREMIUM_CLOSED_GUARD_2026_06_13,1782938700000,2026-07-01 20:45:00 UTC,BIRBUSDT,1782938700000,2026-07-01 20:45:00 UTC,1782939599999,2026-07-01 20:59:59 UTC,True,0.05424,0.05468,0.0541,0.05447,0.00023000000000000104,0.42404129793510514,54.51170355897494,0.05421772,0.05458947,0.05411489,0.05444809,0.0002303599999999989,0.42487946286205436,1782939599999,2026-07-01 20:59:59 UTC,2.1909999999999985e-05,0.04024016269441221,0.0,0.0,0.0,0.0,0.0,,1782939599999,2026-07-01 20:59:59 UTC,327,112.0,52.093023255813954,452539.0,302818.0,202.2548607075828,24646.72484,16516.98667,203.16751074407603,binance_kline_quote_asset_volume,1383.9113149847094,75.37224721712538,0.0005799999999999972,1.0693215339232989,0.00023000000000000104,0.42404129793510514,0.00023000000000000104,0.42404129793510514,0.00021000000000000185,36.20689655172463,0.0001399999999999943,24.13793103448189,0.6379310344827537,302477.0,150062.0,66.83998506206095,33.16001493793905,16482.24573,12774.73749,344.5639675773182,8164.47911,3742.2491800000007,84.62357767996023,66.87397955305772,33.12602044694227,2.015680185523317,2.0187749283126033,8317.766619999999,33.74795910611545,18626354.0,1009878.63205642,38569.0,0.2074964822328212,537.9283137699822,0.053295018399172465,2.6996,-0.028999999999999915,-1.0628160961665292,72.97,27.029999999999998,1.19,-0.0004999999999999449,-0.041999160016795045,54.339999999999996,45.660000000000004,3.4984,-0.012199999999999989,-0.34751894263088895,77.77,22.23,-1.5096000000000003,0.7988,2.3084000000000002,1782936000000,2026-07-01 20:00:00 UTC,5e-05,0.05375
FINAL_REAL_MARK_PREMIUM_CLOSED_GUARD_2026_06_13,1782939600000,2026-07-01 21:00:00 UTC,BIRBUSDT,1782939600000,2026-07-01 21:00:00 UTC,1782940499999,2026-07-01 21:14:59 UTC,True,0.05447,0.05468,0.05441,0.05461,0.00014000000000000123,0.25702221406278913,56.84750653970616,0.05444809,0.05466,0.05441,0.05461,0.00016191000000000122,0.297365802914301,1782940499999,2026-07-01 21:14:59 UTC,0.0,0.0,0.0,0.0,0.0,0.0,0.0,,1782940499999,2026-07-01 21:14:59 UTC,151,-176.0,-53.822629969418955,87175.0,-365364.0,-80.73646691224403,4753.99656,-19892.72828,-80.71144709545919,binance_kline_quote_asset_volume,577.317880794702,31.483420927152316,0.0002699999999999994,0.4956856985496593,0.00014000000000000123,0.25702221406278913,0.00014000000000000123,0.25702221406278913,7.000000000000062e-05,25.92592592592621,5.9999999999997555e-05,22.222222222221365,0.7407407407407379,32064.0,55111.0,36.78118726699168,63.21881273300831,1749.60923,-14732.636499999999,-89.38488566023824,3004.3873299999996,-5160.091780000001,-63.20172677862361,36.80291325242356,63.197086747576435,0.5818076246121464,0.5823514207137866,-1254.7780999999995,-26.394173495152877,18585281.0,1011933.05256329,-41073.0,-0.22051014385316633,2054.420506870025,0.20343241669413284,2.6778,-0.021800000000000264,-0.8075270410431271,72.81,27.189999999999998,1.2073,0.017300000000000093,1.45378151260505,54.7,45.300000000000004,3.4326,-0.0658000000000003,-1.8808598216327548,77.44,22.56,-1.4705,0.7547999999999999,2.2253,1782936000000,2026-07-01 20:00:00 UTC,5e-05,0.05375
FINAL_REAL_MARK_PREMIUM_CLOSED_GUARD_2026_06_13,1782940500000,2026-07-01 21:15:00 UTC,BIRBUSDT,1782940500000,2026-07-01 21:15:00 UTC,1782941399999,2026-07-01 21:29:59 UTC,True,0.05463,0.05475,0.05446,0.05474,0.00012999999999999817,0.23805163889397213,58.95514106015219,0.05461,0.05473277,0.05449769,0.05472738,0.00011738000000000026,0.21494231825673005,1782941399999,2026-07-01 21:29:59 UTC,1.261999999999791e-05,0.02305975546426288,0.0,4.832e-05,0.0,0.0,0.0,,1782941399999,2026-07-01 21:29:59 UTC,139,-12.0,-7.9470198675496695,66773.0,-20402.0,-23.4034987094924,3645.52753,-1108.4690299999997,-23.316571983384016,binance_kline_quote_asset_volume,480.38129496402877,26.226816762589927,0.0002899999999999986,0.5308438586857013,0.00010999999999999899,0.20135456708767893,0.00010999999999999899,0.20135456708767893,1.0000000000003062e-05,3.4482758620700382,0.00016999999999999654,58.62068965517151,0.9655172413792996,59406.0,7367.0,88.96709747952016,11.032902520479833,3243.43444,1493.82521,85.38050579442816,402.09308999999985,-2602.2942399999997,-86.61646965472991,88.97023581111182,11.029764188888182,8.063798018189223,8.066376967582311,2841.34135,77.94047162222364,18584156.0,1014880.75916,-1125.0,-0.006053177242786913,2947.7065967100207,0.29129462559240404,2.6873,0.009500000000000064,0.3547688400926158,72.88,27.12,1.2106,0.0032999999999998586,0.2733371987078488,54.76,45.24,3.4603,0.02770000000000028,0.8069684787041974,77.58,22.42,-1.4767000000000001,0.7730000000000001,2.2497000000000003,1782936000000,2026-07-01 20:00:00 UTC,5e-05,0.05375
FINAL_REAL_MARK_PREMIUM_CLOSED_GUARD_2026_06_13,1782941400000,2026-07-01 21:30:00 UTC,BIRBUSDT,1782941400000,2026-07-01 21:30:00 UTC,1782942299999,2026-07-01 21:44:59 UTC,True,0.05474,0.05514,0.05471,0.05489,0.0001500000000000043,0.27402265253928443,61.30364889195746,0.05472738,0.05509,0.05471,0.05489,0.0001626200000000022,0.2971455969571396,1782942299999,2026-07-01 21:44:59 UTC,0.0,0.0,0.0,0.00186235,0.0,0.0,0.0,,1782942299999,2026-07-01 21:44:59 UTC,240,101.0,72.66187050359713,179653.0,112880.0,169.05036466835398,9875.03873,6229.511200000001,170.8809259767132,binance_kline_quote_asset_volume,748.5541666666667,41.14599470833333,0.0004299999999999998,0.785531603945926,0.0001500000000000043,0.27402265253928443,0.0001500000000000043,0.27402265253928443,0.0002500000000000002,58.139534883721,2.9999999999995308e-05,6.976744186045424,0.41860465116278994,92471.0,87182.0,51.47200436396832,48.52799563603168,5077.83511,1834.40067,56.55735313706541,4797.20362,4395.11053,1093.0579607821664,51.42091336385067,48.57908663614933,1.060666192562685,1.0584989740335433,280.63148999999976,2.841826727701348,18587239.0,1017230.89190382,3083.0,0.016589400132026443,2350.132743819966,0.2315673760299813,2.7189,0.03160000000000007,1.1759014624344164,73.11,26.889999999999997,1.2097,-0.0008999999999999009,-0.07434330084254923,54.75,45.25,3.5005,0.040200000000000014,1.1617489813021995,77.78,22.220000000000002,-1.5092,0.7816000000000001,2.2908,1782936000000,2026-07-01 20:00:00 UTC,5e-05,0.05375
FINAL_REAL_MARK_PREMIUM_CLOSED_GUARD_2026_06_13,1782942300000,2026-07-01 21:45:00 UTC,BIRBUSDT,1782942300000,2026-07-01 21:45:00 UTC,1782943199999,2026-07-01 21:59:59 UTC,True,0.05493,0.05519,0.05487,0.05517,0.00027999999999999553,0.5101111313536082,65.29546833383449,0.05489,0.0551694,0.05487,0.05515342,0.0002634200000000003,0.4799052650756063,1782943199999,2026-07-01 21:59:59 UTC,1.657999999999521e-05,0.030061599081245022,0.0,0.00080991,0.0,0.0,0.0,,1782943199999,2026-07-01 21:59:59 UTC,74,-166.0,-69.16666666666667,38030.0,-141623.0,-78.8314138923369,2094.63135,-7780.407380000001,-78.78862648268317,binance_kline_quote_asset_volume,513.918918918919,28.305829054054055,0.00032000000000000084,0.5825596213362477,0.00023999999999999716,0.43691971600217944,0.00023999999999999716,0.43691971600217944,2.0000000000006124e-05,6.250000000001897,5.9999999999997555e-05,18.749999999999186,0.937499999999981,18678.0,19352.0,49.113857480936105,50.886142519063895,1028.24358,-4049.5915299999997,-79.75035506814635,1066.38777,-3730.81585,-77.77063776167165,49.08947724858601,50.91052275141399,0.9651715584952459,0.9642304693723185,-38.14418999999998,-1.8210455028279788,18545131.0,1017942.24059,-42108.0,-0.22654252199587038,711.3486861799611,0.06992991383191494,2.7175,-0.00140000000000029,-0.05149141196808599,73.1,26.900000000000002,1.2097,0.0,0.0,54.75,45.25,3.5065,0.005999999999999783,0.17140408513068942,77.81,22.189999999999998,-1.5077999999999998,0.7890000000000001,2.2968,1782936000000,2026-07-01 20:00:00 UTC,5e-05,0.05375
FINAL_REAL_MARK_PREMIUM_CLOSED_GUARD_2026_06_13,1782943200000,2026-07-01 22:00:00 UTC,BIRBUSDT,1782943200000,2026-07-01 22:00:00 UTC,1782944099999,2026-07-01 22:14:59 UTC,True,0.05513,0.05539,0.05505,0.05525,8.000000000000368e-05,0.14500634402755788,66.363128665636,0.05515347,0.05536546,0.05505,0.05525,9.657999999999889e-05,0.17511153433458684,1782944099999,2026-07-01 22:14:59 UTC,0.0,0.0,0.0,0.00216017,0.0,0.0,0.0,,1782944099999,2026-07-01 22:14:59 UTC,226,152.0,205.4054054054054,191310.0,153280.0,403.050223507757,10565.55036,8470.91901,404.4109723651371,binance_kline_quote_asset_volume,846.5044247787611,46.7502228318584,0.00034,0.6167241066569926,0.00012000000000000205,0.2176673317612952,0.00012000000000000205,0.2176673317612952,0.00014000000000000123,41.17647058823565,7.999999999999674e-05,23.52941176470492,0.5882352941176434,93039.0,98271.0,48.63258585541791,51.36741414458209,5135.86764,4107.62406,399.4796699824763,5429.682719999999,4363.294949999999,409.1658843761869,48.609560931570826,51.390439068429174,0.9467594712580517,0.9458872469807962,-293.8150799999985,-2.7808781368583486,18548421.0,1023008.85374982,3290.0,0.017740505580683148,5066.613159820088,0.49773090827663036,2.7189,0.00140000000000029,0.05151793928243937,73.11,26.889999999999997,1.2091,-0.0005999999999999339,-0.04959907415061039,54.730000000000004,45.269999999999996,3.5106,0.004100000000000215,0.11692570939684056,77.83,22.17,-1.5098,0.7917000000000001,2.3015,1782936000000,2026-07-01 20:00:00 UTC,5e-05,0.05375
FINAL_REAL_MARK_PREMIUM_CLOSED_GUARD_2026_06_13,1782944100000,2026-07-01 22:15:00 UTC,BIRBUSDT,1782944100000,2026-07-01 22:15:00 UTC,1782944999999,2026-07-01 22:29:59 UTC,True,0.05529,0.05558,0.05502,0.05502,-0.00023000000000000104,-0.41628959276018285,60.591709017473505,0.05525,0.05554,0.05503889,0.05503918,-0.00021082000000000045,-0.38157466063348494,1782944999999,2026-07-01 22:29:59 UTC,-1.9180000000000585e-05,-0.03484790289390319,0.0,0.00064638,0.0,0.0,0.0,,1782944999999,2026-07-01 22:29:59 UTC,341,115.0,50.88495575221239,379414.0,188104.0,98.32418587632638,20998.62177,10433.071410000002,98.7461235289593,binance_kline_quote_asset_volume,1112.651026392962,61.5795359824047,0.000559999999999998,1.0128413818050246,-0.0002699999999999994,-0.4883342376559946,0.0002699999999999994,0.4883342376559946,0.0002899999999999986,51.78571428571422,0.0,0.0,0.0,155858.0,223556.0,41.078610699657894,58.921389300342106,8627.52879,3491.66115,67.98580872306125,12371.092980000001,6941.410260000002,127.84191301697281,41.08616691370597,58.913833086294034,0.6971765463686951,0.6973942240954687,-3743.564190000001,-17.827666172588053,18564278.0,1025676.3595,15857.0,0.08548975678307065,2667.5057501799893,0.2607509935424602,2.7147,-0.0041999999999999815,-0.1544742359042253,73.08,26.919999999999998,1.2086,-0.000500000000000167,-0.04135307253330303,54.72,45.28,3.4783,-0.03230000000000022,-0.9200706431949016,77.66999999999999,22.33,-1.5061000000000002,0.7635999999999998,2.2697000000000003,1782936000000,2026-07-01 20:00:00 UTC,5e-05,0.05375
FINAL_REAL_MARK_PREMIUM_CLOSED_GUARD_2026_06_13,1782945000000,2026-07-01 22:30:00 UTC,BIRBUSDT,1782945000000,2026-07-01 22:30:00 UTC,1782945899999,2026-07-01 22:44:59 UTC,True,0.05505,0.05551,0.05496,0.05538,0.0003599999999999992,0.6543075245365307,65.63011570120923,0.05503978,0.05550384,0.05497903,0.0553513,0.00031211999999999906,0.5670869369783471,1782945899999,2026-07-01 22:44:59 UTC,2.869999999999956e-05,0.05185063404111477,0.0,0.00050565,0.0,0.0,0.0,,1782945899999,2026-07-01 22:44:59 UTC,269,-72.0,-21.114369501466275,173880.0,-205534.0,-54.171432788457984,9607.82581,-11390.795960000001,-54.245445652407696,binance_kline_quote_asset_volume,646.3940520446097,35.71682457249071,0.0005499999999999949,0.9990917347865484,0.00032999999999999696,0.599455040871929,0.00032999999999999696,0.599455040871929,0.00012999999999999817,23.636363636363523,8.99999999999998e-05,16.363636363636477,0.7636363636363648,105209.0,68671.0,60.50667126754084,39.49332873245916,5813.1389,-2814.3898900000004,-32.621043157365115,3794.6869100000004,-8576.40607,-69.32617905196604,60.50420787135399,39.495792128646016,1.5320732186803745,1.5319152904764939,2018.4519899999996,21.00841574270797,18593706.0,1023393.48762468,29428.0,0.15851949642210703,-2282.871875319979,-0.22257234011251276,2.7051,-0.009600000000000275,-0.35363023538513555,73.00999999999999,26.99,1.2066,-0.0020000000000000018,-0.16548072149594586,54.67999999999999,45.32,3.5005,0.02220000000000022,0.638242819768284,77.78,22.220000000000002,-1.4985,0.7954000000000003,2.2939000000000003,1782936000000,2026-07-01 20:00:00 UTC,5e-05,0.05375
FINAL_REAL_MARK_PREMIUM_CLOSED_GUARD_2026_06_13,1782945900000,2026-07-01 22:45:00 UTC,BIRBUSDT,1782945900000,2026-07-01 22:45:00 UTC,1782946799999,2026-07-01 22:59:59 UTC,True,0.05541,0.05557,0.0552,0.05529,-8.99999999999998e-05,-0.16251354279523259,63.4461997304755,0.05535128,0.05553,0.05521,0.05530343,-4.786999999999847e-05,-0.08648396695289626,1782946799999,2026-07-01 22:59:59 UTC,-1.3430000000001774e-05,-0.024284208050028316,0.0,0.0,0.0,0.0,0.0,,1782946799999,2026-07-01 22:59:59 UTC,152,-117.0,-43.49442379182156,121396.0,-52484.0,-30.184034966643665,6724.67187,-2883.15394,-30.00839104513282,binance_kline_quote_asset_volume,798.6578947368421,44.24126230263158,0.00037000000000000227,0.6677495036996972,-0.00012000000000000205,-0.2165674066053096,0.00012000000000000205,0.2165674066053096,0.00016000000000000042,43.24324324324309,8.99999999999998e-05,24.32432432432412,0.2432432432432412,53577.0,67819.0,44.134073610333125,55.865926389666875,2970.22646,-2842.91244,-48.90494600086023,3754.4454100000003,-40.24150000000009,-1.060469571124646,44.16909133144068,55.83090866855932,0.7899998525486958,0.7911225588974536,-784.2189500000004,-11.661817337118642,18642548.0,1031889.2671124,48842.0,0.2626802854686419,8495.779487719992,0.8301576656930749,2.7313,0.026200000000000223,0.968540904217967,73.2,26.8,1.2128,0.006200000000000205,0.5138405436764633,54.81,45.190000000000005,3.5126,0.012099999999999778,0.3456649050135631,77.84,22.16,-1.5185,0.7812999999999999,2.2998,1782936000000,2026-07-01 20:00:00 UTC,5e-05,0.05375
FINAL_REAL_MARK_PREMIUM_CLOSED_GUARD_2026_06_13,1782946800000,2026-07-01 23:00:00 UTC,BIRBUSDT,1782946800000,2026-07-01 23:00:00 UTC,1782947699999,2026-07-01 23:14:59 UTC,True,0.05529,0.05529,0.0548,0.05492,-0.00037000000000000227,-0.6691987701211833,55.299235987932086,0.05530347,0.05530347,0.0548,0.05489039,-0.0004130400000000034,-0.7468614514506666,1782947699999,2026-07-01 23:14:59 UTC,2.960999999999936e-05,0.0539438688630184,0.0,0.0,-0.00010295,0.0,0.0,,1782947699999,2026-07-01 23:14:59 UTC,260,108.0,71.05263157894737,202191.0,80795.0,66.55491119971005,11110.08716,4385.415289999999,65.21381823199648,binance_kline_quote_asset_volume,777.6576923076923,42.73110446153846,0.0004899999999999974,0.8862362090793947,-0.00037000000000000227,-0.6691987701211833,0.00037000000000000227,0.6691987701211833,0.0,0.0,0.00011999999999999511,24.48979591836648,0.2448979591836648,92175.0,110016.0,45.588082555603364,54.41191744439664,5062.21782,2091.99136,70.43204914415853,6047.869339999999,2293.423929999999,61.085558039849055,45.56415937244547,54.43584062755453,0.8378326788830716,0.8370249976332989,-985.6515199999994,-8.871681255109069,18654122.0,1031636.93023846,11574.0,0.062083788117375374,-252.33687394007575,-0.024453871358329535,2.7355,0.0041999999999999815,0.1537729286420379,73.22999999999999,26.77,1.2137,0.0008999999999999009,0.07420844327175963,54.83,45.17,3.5005,-0.012099999999999778,-0.34447417867106356,77.78,22.220000000000002,-1.5218,0.7650000000000001,2.2868000000000004,1782936000000,2026-07-01 20:00:00 UTC,5e-05,0.05375
FINAL_REAL_MARK_PREMIUM_CLOSED_GUARD_2026_06_13,1782947700000,2026-07-01 23:15:00 UTC,BIRBUSDT,1782947700000,2026-07-01 23:15:00 UTC,1782948599999,2026-07-01 23:29:59 UTC,True,0.05492,0.05515,0.05486,0.0551,0.00018000000000000654,0.32774945375092235,58.1168711100099,0.05489026,0.05513113,0.05487114,0.0551,0.0002096100000000059,0.3818701233494714,1782948599999,2026-07-01 23:29:59 UTC,0.0,0.0,0.0,6.739e-05,0.0,0.0,0.0,,1782948599999,2026-07-01 23:29:59 UTC,238,-22.0,-8.461538461538462,159417.0,-42774.0,-21.155244298707657,8767.02772,-2343.059439999999,-21.089478473542407,binance_kline_quote_asset_volume,669.8193277310925,36.83625092436975,0.0002899999999999986,0.5280407865986865,0.00018000000000000654,0.32774945375092235,0.00018000000000000654,0.32774945375092235,4.999999999999449e-05,17.241379310343014,5.9999999999997555e-05,20.68965517241305,0.8275862068965699,70487.0,88930.0,44.21548517410314,55.784514825896856,3877.08554,-1185.1322799999998,-23.41132527560815,4889.94218,-1157.9271599999993,-19.14603465953845,44.223489007058824,55.776510992941176,0.7926121668728213,0.7928694036214555,-1012.85664,-11.55302198588235,18634508.0,1022855.41157812,-19614.0,-0.10514566163982415,-8781.518660339992,-0.8512218206758234,2.7397,0.0041999999999999815,0.1535368305611399,73.26,26.740000000000002,1.2154,0.0017000000000000348,0.14006756200049722,54.86,45.14,3.5208,0.020299999999999763,0.57991715469218,77.88000000000001,22.12,-1.5243,0.7810999999999999,2.3053999999999997,1782936000000,2026-07-01 20:00:00 UTC,5e-05,0.05375
FINAL_REAL_MARK_PREMIUM_CLOSED_GUARD_2026_06_13,1782948600000,2026-07-01 23:30:00 UTC,BIRBUSDT,1782948600000,2026-07-01 23:30:00 UTC,1782949499999,2026-07-01 23:44:59 UTC,True,0.05511,0.05522,0.0548,0.05492,-0.00018000000000000654,-0.32667876588022965,54.422560076790454,0.0551,0.05517,0.05485013,0.05492,-0.00018000000000000654,-0.32667876588022965,1782949499999,2026-07-01 23:44:59 UTC,0.0,0.0,0.0,0.0,0.0,0.0,0.0,,1782949499999,2026-07-01 23:44:59 UTC,287,49.0,20.588235294117645,182635.0,23218.0,14.564318736395743,10046.45299,1279.4252699999997,14.593603566249472,binance_kline_quote_asset_volume,636.3588850174216,35.00506268292683,0.00041999999999999676,0.7621121393576424,-0.00019000000000000267,-0.3447650154237029,0.00019000000000000267,0.3447650154237029,0.00010999999999999899,26.190476190476154,0.00011999999999999511,28.571428571427624,0.28571428571427626,82854.0,99781.0,45.36589372245189,54.63410627754811,4557.98694,680.9013999999997,17.56219698985542,5488.46605,598.52387,12.239896668880448,45.36911628946964,54.630883710530355,0.8303584850823303,0.8304664542837065,-930.4791100000002,-9.261767421060716,18659800.0,1028154.98,25292.0,0.13572668513705863,5299.568421880016,0.5181151081464719,2.7566,0.016900000000000137,0.6168558601306763,73.38,26.619999999999997,1.2222,0.006799999999999917,0.5594865887773504,55.00000000000001,45.0,3.5496,0.028799999999999937,0.817995910020448,78.02,21.98,-1.5344000000000002,0.7929999999999997,2.3274,1782936000000,2026-07-01 20:00:00 UTC,5e-05,0.05375
FINAL_REAL_MARK_PREMIUM_CLOSED_GUARD_2026_06_13,1782949500000,2026-07-01 23:45:00 UTC,BIRBUSDT,1782949500000,2026-07-01 23:45:00 UTC,1782950399999,2026-07-01 23:59:59 UTC,True,0.05492,0.05493,0.05466,0.05478,-0.0001399999999999943,-0.2549162418062533,51.671365030393915,0.05492,0.05492848,0.05466,0.05478,-0.0001399999999999943,-0.2549162418062533,1782950399999,2026-07-01 23:59:59 UTC,0.0,0.0,0.0,0.0,0.0,0.0,0.0,,1782950399999,2026-07-01 23:59:59 UTC,222,-65.0,-22.64808362369338,188921.0,6286.0,3.441837544829852,10350.69112,304.2381299999997,3.028313876577446,binance_kline_quote_asset_volume,850.9954954954954,46.62473477477477,0.0002699999999999994,0.4916241806263646,-0.0001399999999999943,-0.2549162418062533,0.0001399999999999943,0.2549162418062533,1.0000000000003062e-05,3.7037037037048455,0.00012000000000000205,44.4444444444453,0.444444444444453,95909.0,93012.0,50.76672259833476,49.23327740166525,5252.5156,694.52866,15.237618473737882,5098.17552,-390.2905300000002,-7.111104021496138,50.74555446689825,49.25444553310175,1.0311465187287663,1.0302735908943363,154.34007999999994,1.4911089337964898,18663454.0,1024996.89368,3654.0,0.01958220345341322,-3158.086320000002,-0.3071605333273786,2.7397,-0.016900000000000137,-0.6130740767612325,73.26,26.740000000000002,1.2232,0.001000000000000112,0.08181966944854459,55.02,44.98,3.4783,-0.07129999999999992,-2.0086770340320017,77.66999999999999,22.33,-1.5165,0.7385999999999999,2.2550999999999997,1782936000000,2026-07-01 20:00:00 UTC,5e-05,0.05375
FINAL_REAL_MARK_PREMIUM_CLOSED_GUARD_2026_06_13,1782950400000,2026-07-02 00:00:00 UTC,BIRBUSDT,1782950400000,2026-07-02 00:00:00 UTC,1782951299999,2026-07-02 00:14:59 UTC,True,0.05479,0.05559,0.05458,0.0553,0.0005199999999999996,0.9492515516611896,59.800168713642506,0.05478,0.0555,0.05459,0.055317,0.0005369999999999958,0.9802847754654906,1782951299999,2026-07-02 00:14:59 UTC,-1.6999999999996185e-05,-0.030731963049326943,0.0,0.00119783,0.0,0.0,0.0,,1782951299999,2026-07-02 00:14:59 UTC,469,247.0,111.26126126126125,422230.0,233309.0,123.49553517078566,23228.86333,12878.17221,124.418476608932,binance_kline_quote_asset_volume,900.2771855010661,49.52849324093817,0.001010000000000004,1.8434020806716627,0.0005100000000000035,0.9308267932104464,0.0005100000000000035,0.9308267932104464,0.0002899999999999986,28.71287128712846,0.00021000000000000185,20.792079207920892,0.7128712871287154,227538.0,194692.0,53.88958624446391,46.11041375553609,12519.92879,7267.41319,138.36062076617154,10708.93454,5610.75902,110.05425368328629,53.898155119069266,46.10184488093073,1.1687074969695725,1.1691105910896715,1810.9942499999997,7.796310238138543,18701188.0,1024451.07864,37734.0,0.20218122540447228,-545.8150400000159,-0.05325040918323185,2.7736,0.03390000000000004,1.2373617549366733,73.5,26.5,1.2211,-0.0020999999999999908,-0.17168083714846227,54.98,45.019999999999996,3.5558,0.07750000000000012,2.2280999338757477,78.05,21.95,-1.5525,0.7822,2.3346999999999998,1782950400000,2026-07-02 00:00:00 UTC,5e-05,0.05478
FINAL_REAL_MARK_PREMIUM_CLOSED_GUARD_2026_06_13,1782951300000,2026-07-02 00:15:00 UTC,BIRBUSDT,1782951300000,2026-07-02 00:15:00 UTC,1782952199999,2026-07-02 00:29:59 UTC,True,0.05533,0.05722,0.05531,0.0565,0.0011999999999999997,2.1699819168173593,71.65049238375691,0.05531283,0.05693042,0.05530333,0.05658452,0.0012675200000000011,2.291375164958333,1782952199999,2026-07-02 00:29:59 UTC,-8.451999999999765e-05,-0.14936947419541186,0.0,0.00248933,0.0,0.0,0.0,,1782952199999,2026-07-02 00:29:59 UTC,1501,1032.0,220.04264392324095,2424674.0,2002444.0,474.25431636785635,136866.75917,113637.89584000001,489.209886104229,binance_kline_quote_asset_volume,1615.3724183877416,91.18371696868755,0.001910000000000002,3.4520151816374516,0.0011700000000000044,2.114585215976874,0.0011700000000000044,2.114585215976874,0.0007199999999999984,37.69633507853391,1.9999999999999185e-05,1.0471204188481238,0.623036649214661,1421347.0,1003327.0,58.62012790173029,41.37987209826971,80176.9062,67656.97740999999,540.3942669709065,56689.85297000001,45980.918430000005,429.3696843346285,58.58026206378829,41.41973793621171,1.416633859150606,1.414307887558453,23487.05322999999,17.160524127576586,18675936.0,1033096.751712,-25252.0,-0.13502885485136024,8645.673072000034,0.8439322533075482,2.7495,-0.024100000000000232,-0.8689068358811737,73.33,26.669999999999998,1.2104,-0.010700000000000154,-0.8762591106379619,54.76,45.24,3.5228,-0.03299999999999992,-0.928061195792787,77.89,22.11,-1.5391,0.7733000000000003,2.3124000000000002,1782950400000,2026-07-02 00:00:00 UTC,5e-05,0.05478
FINAL_REAL_MARK_PREMIUM_CLOSED_GUARD_2026_06_13,1782952200000,2026-07-02 00:30:00 UTC,BIRBUSDT,1782952200000,2026-07-02 00:30:00 UTC,1782953099999,2026-07-02 00:44:59 UTC,True,0.05654,0.0569,0.05608,0.05634,-0.00016000000000000042,-0.2831858407079653,68.7408198816169,0.05658452,0.05682574,0.05611801,0.05634,-0.00024451999999999807,-0.4321323217021158,1782953099999,2026-07-02 00:44:59 UTC,0.0,0.0,0.0,0.0,0.0,0.0,0.0,,1782953099999,2026-07-02 00:44:59 UTC,782,-719.0,-47.90139906728847,862434.0,-1562240.0,-64.43092968374306,48723.44782,-88143.31135,-64.40081717761623,binance_kline_quote_asset_volume,1102.8567774936062,62.30619925831202,0.0008200000000000013,1.4503006720905578,-0.0001999999999999988,-0.3537318712415967,0.0001999999999999988,0.3537318712415967,0.0003599999999999992,43.90243902439008,0.0002600000000000033,31.707317073171083,0.3170731707317108,448836.0,413598.0,52.04293893793612,47.95706106206388,25362.24603,-54814.66017,-68.36714306893523,23361.201790000003,-33328.65118,-58.791211184896454,52.05347151067028,47.94652848932973,1.0851986711734583,1.0856567336726899,2001.0442399999956,4.106943021340553,19216400.0,1087350.770128,540464.0,2.8939058261925936,54254.018416000064,5.25159123054959,2.6062,-0.14329999999999998,-5.2118567012184025,72.27,27.73,1.2683,0.05790000000000006,4.783542630535366,55.910000000000004,44.09,3.3668,-0.15600000000000014,-4.428295673895769,77.10000000000001,22.900000000000002,-1.3378999999999999,0.7606000000000002,2.0985,1782950400000,2026-07-02 00:00:00 UTC,5e-05,0.05478
FINAL_REAL_MARK_PREMIUM_CLOSED_GUARD_2026_06_13,1782953100000,2026-07-02 00:45:00 UTC,BIRBUSDT,1782953100000,2026-07-02 00:45:00 UTC,1782953999999,2026-07-02 00:59:59 UTC,True,0.05641,0.05686,0.05624,0.05684,0.0005000000000000004,0.8874689385871503,72.49923244288952,0.05634,0.05682905,0.05629355,0.05682345,0.0004834499999999964,0.8580937167199083,1782953999999,2026-07-02 00:59:59 UTC,1.655000000000406e-05,0.0291252995022373,0.0,0.0,0.0,0.0,0.0,,1782953999999,2026-07-02 00:59:59 UTC,356,-426.0,-54.47570332480819,274534.0,-587900.0,-68.16753513892078,15495.92407,-33227.52375,-68.19616680813128,binance_kline_quote_asset_volume,771.1629213483146,43.527876601123594,0.0006200000000000025,1.0990959049813906,0.0004299999999999998,0.7622761921645095,0.0004299999999999998,0.7622761921645095,1.9999999999999185e-05,3.2258064516127587,0.00017000000000000348,27.41935483871013,0.9677419354838724,123763.0,150771.0,45.081119278486455,54.91888072151354,6986.40597,-18375.84006,-72.4535202373794,8509.5181,-14851.683690000003,-63.57414239004354,45.085442716679495,54.9145572833205,0.8208674081885774,0.8210107655802507,-1523.1121299999995,-9.829114566641005,19349612.0,1090157.14008,133212.0,0.6932203742636498,2806.369951999979,0.258092423263711,2.6193,0.013100000000000112,0.5026475328063891,72.37,27.63,1.2521,-0.016199999999999992,-1.2773003232673652,55.60000000000001,44.4,3.384,0.017199999999999882,0.5108708565997352,77.19,22.81,-1.3672,0.7646999999999999,2.1319,1782950400000,2026-07-02 00:00:00 UTC,5e-05,0.05478
FINAL_REAL_MARK_PREMIUM_CLOSED_GUARD_2026_06_13,1782954000000,2026-07-02 01:00:00 UTC,BIRBUSDT,1782954000000,2026-07-02 01:00:00 UTC,1782954899999,2026-07-02 01:14:59 UTC,True,0.0568,0.05799,0.05648,0.05769,0.0008499999999999966,1.4954257565094944,77.46061330700343,0.0568242,0.05786165,0.05658866,0.05771164,0.000888190000000004,1.5630694721985448,1782954899999,2026-07-02 01:14:59 UTC,-2.1640000000003323e-05,-0.03749676841622127,0.0,0.0,0.0,0.0,0.0,,1782954899999,2026-07-02 01:14:59 UTC,770,414.0,116.29213483146069,629575.0,355041.0,129.32496521378044,36083.60917,20587.685100000002,132.85871179413957,binance_kline_quote_asset_volume,817.6298701298701,46.861830090909095,0.0015099999999999975,2.6584507042253476,0.000889999999999995,1.5669014084506951,0.000889999999999995,1.5669014084506951,0.00030000000000000165,19.867549668874315,0.00032000000000000084,21.19205298013254,0.8013245033112568,322113.0,307462.0,51.163562720883135,48.836437279116865,18493.26654,11506.86057,164.7035774819138,17590.342630000003,9080.824530000004,106.71373423601985,51.251155206988955,48.748844793011045,1.0476514170856885,1.0513306607490451,902.9239099999977,2.502310413977909,19346976.0,1099361.9233872,-2636.0,-0.01362301218236314,9204.783307200065,0.8443538063259928,2.655,0.03569999999999984,1.3629595693505838,72.64,27.36,1.2626,0.010499999999999954,0.8385911668397056,55.800000000000004,44.2,3.4326,0.04859999999999998,1.4361702127659568,77.44,22.56,-1.3923999999999999,0.7776000000000001,2.17,1782950400000,2026-07-02 00:00:00 UTC,5e-05,0.05478
FINAL_REAL_MARK_PREMIUM_CLOSED_GUARD_2026_06_13,1782954900000,2026-07-02 01:15:00 UTC,BIRBUSDT,1782954900000,2026-07-02 01:15:00 UTC,1782955799999,2026-07-02 01:29:59 UTC,True,0.05768,0.05998,0.05751,0.05901,0.0013200000000000017,2.2880915236609494,82.68485788994612,0.05769524,0.05993378,0.05752,0.05918645,0.00147481,2.5554810086838633,1782955799999,2026-07-02 01:29:59 UTC,-0.0001764500000000016,-0.29812566896646375,0.0,0.00514166,0.0,0.0,0.0,,1782955799999,2026-07-02 01:29:59 UTC,1607,837.0,108.7012987012987,1277134.0,647559.0,102.85653019894374,75012.8018,38929.19263,107.88608325346185,binance_kline_quote_asset_volume,794.7317983820784,46.678781456129435,0.00247,4.282246879334258,0.0013299999999999979,2.3058252427184427,0.0013299999999999979,2.3058252427184427,0.0009699999999999986,39.27125506072869,0.00017000000000000348,6.88259109311755,0.6072874493927131,779946.0,497188.0,61.070020843545,38.929979156455005,45762.37902,27269.11248,147.4542770527764,29250.42278,11660.080149999998,66.28682792178219,61.006092189453454,38.993907810546546,1.568714450067178,1.5645031651060464,16511.95624,22.01218437890691,19341930.0,1116254.5010652,-5046.0,-0.02608159538731014,16892.577677999856,1.536580203355853,2.5984,-0.056599999999999984,-2.131826741996233,72.21,27.79,1.2764,0.013800000000000034,1.0929827340408709,56.07,43.93,3.3328,-0.09979999999999967,-2.9074171182194157,76.92,23.080000000000002,-1.3219999999999998,0.7344000000000004,2.0564,1782950400000,2026-07-02 00:00:00 UTC,5e-05,0.05478
FINAL_REAL_MARK_PREMIUM_CLOSED_GUARD_2026_06_13,1782955800000,2026-07-02 01:30:00 UTC,BIRBUSDT,1782955800000,2026-07-02 01:30:00 UTC,1782956699999,2026-07-02 01:44:59 UTC,True,0.05897,0.06777,0.05885,0.0649,0.005889999999999999,9.981359091679376,91.80852631786112,0.05913586,0.06635,0.05892198,0.06495,0.005763549999999992,9.737955224548848,1782956699999,2026-07-02 01:44:59 UTC,-4.999999999999449e-05,-0.07698229407235488,0.0,0.0091191,-0.00289763,0.0,0.0,,1782956699999,2026-07-02 01:44:59 UTC,27655,26048.0,1620.90852520224,29238230.0,27961096.0,2189.362745021274,1841455.6639,1766442.8621,2354.8551976630743,binance_kline_quote_asset_volume,1057.2493220032543,66.58671719038149,0.008919999999999997,15.126335424792261,0.005929999999999998,10.055960657961672,0.005929999999999998,10.055960657961672,0.0028699999999999976,32.17488789237667,0.00012000000000000205,1.3452914798206512,0.6782511210762333,14778958.0,14459272.0,50.54669177990596,49.45330822009403,930463.85693,884701.47791,1933.2506238876913,910991.80697,881741.38419,3014.456887757846,50.52871351566402,49.47128648433598,1.0221094118708052,1.0213745610125353,19472.049959999975,1.0574270313280483,19337725.0,1144531.29382625,-4205.0,-0.021740333048460004,28276.792761049932,2.533185105553119,2.465,-0.13339999999999996,-5.13392857142857,71.14,28.860000000000003,1.3051,0.028699999999999948,2.248511438420554,56.620000000000005,43.38,3.1511,-0.1817000000000002,-5.4518722995679365,75.91,24.09,-1.1599,0.6861000000000002,1.846,1782950400000,2026-07-02 00:00:00 UTC,5e-05,0.05478
FINAL_REAL_MARK_PREMIUM_CLOSED_GUARD_2026_06_13,1782956700000,2026-07-02 01:45:00 UTC,BIRBUSDT,1782956700000,2026-07-02 01:45:00 UTC,1782957599999,2026-07-02 01:59:59 UTC,True,0.065,0.06635,0.06245,0.06413,-0.0007699999999999929,-1.1864406779660908,85.46824764198763,0.06502,0.06608,0.06281,0.06419,-0.0007599999999999968,-1.1701308698999182,1782957599999,2026-07-02 01:59:59 UTC,-5.9999999999990616e-05,-0.09347250350520427,0.0,0.00573528,-0.00463738,0.0,0.0,,1782957599999,2026-07-02 01:59:59 UTC,16087,-11568.0,-41.82968721750135,15698749.0,-13539481.0,-46.307457735984705,1010205.3495,-831250.3144,-45.14093554875514,binance_kline_quote_asset_volume,975.8655436066389,62.79637903275937,0.0039000000000000076,6.0000000000000115,-0.0008699999999999958,-1.338461538461532,0.0008699999999999958,1.338461538461532,0.001350000000000004,34.61538461538465,0.0016800000000000079,43.076923076923194,0.43076923076923196,7674915.0,8023834.0,48.88870444390187,51.111295556098135,493941.62589,-436522.23104,-46.91447473094488,516263.72361,-394728.08336000005,-43.329487745107556,48.89517028735552,51.104829712644474,0.9565146786436509,0.9567622191931062,-22322.09771999996,-2.209659425288953,22240457.0,1444517.68215,2902732.0,15.010721271504273,299986.3883237501,26.210413812354066,2.0175,-0.4474999999999998,-18.154158215010135,66.86,33.14,1.3694,0.06430000000000002,4.926825530610683,57.8,42.199999999999996,2.639,-0.5121000000000002,-16.251467741423635,72.52,27.48,-0.6481000000000001,0.6214999999999997,1.2695999999999998,1782950400000,2026-07-02 00:00:00 UTC,5e-05,0.05478
FINAL_REAL_MARK_PREMIUM_CLOSED_GUARD_2026_06_13,1782957600000,2026-07-02 02:00:00 UTC,BIRBUSDT,1782957600000,2026-07-02 02:00:00 UTC,1782958499999,2026-07-02 02:14:59 UTC,True,0.06413,0.06609,0.06314,0.06422,8.999999999999286e-05,0.14033993450801943,85.59348123690998,0.0641951,0.06592969,0.06347,0.06423727,4.727000000000203e-05,0.07364075401153145,1782958499999,2026-07-02 02:14:59 UTC,-1.7269999999999786e-05,-0.02688470416006126,0.0,0.00121218,-0.00613434,0.0,0.0,,1782958499999,2026-07-02 02:14:59 UTC,11412,-4675.0,-29.06073226829117,10588707.0,-5110042.0,-32.55063190066928,685332.27806,-324873.07143999997,-32.15911216474903,binance_kline_quote_asset_volume,927.8572555205047,60.053652125832464,0.0029499999999999943,4.600031186652104,8.999999999999286e-05,0.14033993450801943,8.999999999999286e-05,0.14033993450801943,0.0018699999999999967,63.38983050847459,0.0009900000000000048,33.55932203389853,0.36610169491525413,4827525.0,5761182.0,45.59126057600801,54.40873942399199,312757.74688,-181183.87901000003,-36.68123306747777,372574.53118000005,-143689.19242999994,-27.832517734394752,45.63592827778913,54.36407172221087,0.8379400268903152,0.839450152133182,-59816.78430000006,-8.72814344442174,23386300.0,1501166.597,1145843.0,5.152065895048829,56648.91485000006,3.921649111673358,2.1566,0.1391,6.8946716232961585,68.32000000000001,31.680000000000003,1.3618,-0.007600000000000051,-0.5549875858040055,57.66,42.34,2.7369,0.0979000000000001,3.7097385373247485,73.24000000000001,26.76,-0.7948000000000002,0.5802999999999998,1.3751,1782950400000,2026-07-02 00:00:00 UTC,5e-05,0.05478
FINAL_REAL_MARK_PREMIUM_CLOSED_GUARD_2026_06_13,1782958500000,2026-07-02 02:15:00 UTC,BIRBUSDT,1782958500000,2026-07-02 02:15:00 UTC,1782959399999,2026-07-02 02:29:59 UTC,True,0.06421,0.06451,0.0613,0.06283,-0.0013900000000000023,-2.1644347555278767,74.86283012772306,0.06423006,0.06437766,0.06166,0.06284421,-0.0013930600000000015,-2.168616443382481,1782959399999,2026-07-02 02:29:59 UTC,-1.4210000000000611e-05,-0.02261147049187286,0.0,0.0,-0.00613926,0.0,0.0,,1782959399999,2026-07-02 02:29:59 UTC,8786,-2626.0,-23.01086575534525,8567954.0,-2020753.0,-19.084039250495834,540387.58695,-144944.69111,-21.14954975129747,binance_kline_quote_asset_volume,975.1825631686775,61.505530042112454,0.0032099999999999976,4.999221305092661,-0.0013800000000000062,-2.1491979442454543,0.0013800000000000062,2.1491979442454543,0.0002999999999999947,9.345794392523207,0.0015299999999999966,47.66355140186909,0.4766355140186909,4000457.0,4567497.0,46.69092527807689,53.30907472192311,252631.59798,-60126.1489,-19.224511462882937,287755.98897000006,-84818.54220999999,-22.76552343536924,46.75007422096375,53.24992577903627,0.8758532298981259,0.8779368898081841,-35124.39099000007,-6.499851558072521,23609206.0,1516590.94030762,222906.0,0.953147783103783,15424.343307619914,1.0274904423296272,2.2552,0.0985999999999998,4.572011499582667,69.28,30.72,1.3198,-0.041999999999999815,-3.084153326479646,56.88999999999999,43.11,2.7707,0.033800000000000274,1.2349738755526427,73.48,26.52,-0.9353999999999998,0.5155000000000003,1.4509,1782950400000,2026-07-02 00:00:00 UTC,5e-05,0.05478
FINAL_REAL_MARK_PREMIUM_CLOSED_GUARD_2026_06_13,1782959400000,2026-07-02 02:30:00 UTC,BIRBUSDT,1782959400000,2026-07-02 02:30:00 UTC,1782960299999,2026-07-02 02:44:59 UTC,True,0.06277,0.06329,0.06033,0.06181,-0.00102,-1.6234282985834796,68.11451848942728,0.0628443,0.06316,0.06060792,0.06168184,-0.001162369999999996,-1.849605556343211,1782960299999,2026-07-02 02:44:59 UTC,0.00012815999999999522,0.20777590292377016,0.0,0.0,-0.01107888,0.0,0.0,,1782960299999,2026-07-02 02:44:59 UTC,6085,-2701.0,-30.742089688140222,7241473.0,-1326481.0,-15.48188750779941,445816.74673,-94570.84022000001,-17.500557470938038,binance_kline_quote_asset_volume,1190.053081347576,73.2648721002465,0.0029599999999999974,4.715628484945033,-0.0009600000000000095,-1.5293930221443515,0.0009600000000000095,1.5293930221443515,0.0005199999999999927,17.567567567567334,0.0014799999999999952,49.999999999999886,0.49999999999999883,2946422.0,4295051.0,40.688158334637166,59.31184166536283,181936.64511,-70694.95286999998,-27.983416736174334,263880.10162,-23875.887350000092,-8.297268611319595,40.809737732931396,59.1902622670686,0.6860039613033698,0.6894670874880802,-81943.45650999996,-18.3805245341372,23080562.0,1450479.68524602,-528644.0,-2.2391434934321808,-66111.25506159989,-4.359201502825153,2.2873,0.03210000000000024,1.4233770840723767,69.58,30.42,1.3074,-0.012400000000000189,-0.9395362933777988,56.66,43.34,2.7979,0.02719999999999967,0.9817013751037523,73.67,26.33,-0.9799000000000002,0.5105999999999997,1.4905,1782950400000,2026-07-02 00:00:00 UTC,5e-05,0.05478
FINAL_REAL_MARK_PREMIUM_CLOSED_GUARD_2026_06_13,1782960300000,2026-07-02 02:45:00 UTC,BIRBUSDT,1782960300000,2026-07-02 02:45:00 UTC,1782961199999,2026-07-02 02:59:59 UTC,True,0.06178,0.06213,0.06081,0.06113,-0.00068,-1.100145607506876,63.97425885431286,0.06168177,0.06203642,0.0608999,0.06114982,-0.0005320200000000011,-0.8625229078769394,1782961199999,2026-07-02 02:59:59 UTC,-1.9820000000003724e-05,-0.03241219679796886,0.0,0.00015645,-0.00282841,0.0,0.0,,1782961199999,2026-07-02 02:59:59 UTC,1991,-4094.0,-67.28019720624486,1868492.0,-5372981.0,-74.1973490752503,114631.75488,-331184.99185,-74.28724790604952,binance_kline_quote_asset_volume,938.4691109994977,57.57496478151682,0.0013199999999999948,2.1366137908708236,-0.0006500000000000047,-1.0521204273227658,0.0006500000000000047,1.0521204273227658,0.00034999999999999615,26.51515151515133,0.0003199999999999939,24.242424242423876,0.24242424242423877,881546.0,986946.0,47.17954371760757,52.820456282392435,54137.91824,-127798.72687000001,-70.24353273785616,60493.836639999994,-203386.26497999998,-77.07525642569517,47.22767988387967,52.77232011612034,0.8932059099484673,0.8949327939336335,-6355.918399999995,-5.544640232240677,22559181.0,1391491.79297304,-521381.0,-2.258961458564137,-58987.892272980185,-4.066785138254113,2.3568,0.06949999999999967,3.0385170288112477,70.21,29.79,1.2831,-0.02429999999999999,-1.8586507572280857,56.2,43.8,2.8521,0.05420000000000025,1.9371671610851084,74.03999999999999,25.96,-1.0736999999999999,0.4953000000000003,1.5690000000000002,1782950400000,2026-07-02 00:00:00 UTC,5e-05,0.05478
FINAL_REAL_MARK_PREMIUM_CLOSED_GUARD_2026_06_13,1782961200000,2026-07-02 03:00:00 UTC,BIRBUSDT,1782961200000,2026-07-02 03:00:00 UTC,1782962099999,2026-07-02 03:14:59 UTC,True,0.06112,0.0636,0.06106,0.06332,0.0021900000000000044,3.582529036479641,70.24677535501068,0.06114964,0.0636,0.06114964,0.06294733,0.0017975099999999952,2.939518055817654,1782962099999,2026-07-02 03:14:59 UTC,0.0003726700000000055,0.5920346422954008,0.0,0.00029152,-0.0030978,0.0,0.0,,1782962099999,2026-07-02 03:14:59 UTC,2854,863.0,43.34505273731793,3242201.0,1373709.0,73.51966184495305,203151.62663,88519.87175000002,77.22107355214558,binance_kline_quote_asset_volume,1136.0199719691661,71.18136882620884,0.0025400000000000006,4.155759162303666,0.0022000000000000006,3.599476439790577,0.0022000000000000006,3.599476439790577,0.00028000000000000247,11.023622047244189,5.9999999999997555e-05,2.362204724409352,0.8897637795275581,1874288.0,1367913.0,57.809124110442255,42.190875889557745,117477.14481,63339.22657,116.99605125045531,85674.48182000002,25180.64518000002,41.625141631949276,57.82732176885843,42.17267823114157,1.370180705936708,1.371203447215667,31802.662989999983,15.654643537716861,22473528.0,1374252.19196496,-85653.0,-0.37968133683576544,-17239.601008079946,-1.2389294062055574,2.3647,0.00790000000000024,0.3352002715546606,70.28,29.720000000000002,1.2913,0.008199999999999985,0.6390772348219146,56.36,43.64,2.9063,0.054199999999999804,1.9003541250306721,74.4,25.6,-1.0734000000000001,0.5415999999999999,1.615,1782950400000,2026-07-02 00:00:00 UTC,5e-05,0.05478
FINAL_REAL_MARK_PREMIUM_CLOSED_GUARD_2026_06_13,1782962100000,2026-07-02 03:15:00 UTC,BIRBUSDT,1782962100000,2026-07-02 03:15:00 UTC,1782962999999,2026-07-02 03:29:59 UTC,True,0.06331,0.06392,0.06216,0.06383,0.0005099999999999966,0.8054327226784532,71.49161180616329,0.06320577,0.06388384,0.06223113,0.06388384,0.0009365100000000015,1.4877676304936231,1782962999999,2026-07-02 03:29:59 UTC,-5.3839999999999444e-05,-0.08427796450557676,0.0,0.00281187,-0.00254003,0.0,0.0,,1782962999999,2026-07-02 03:29:59 UTC,1867,-987.0,-34.58304134548003,2200509.0,-1041692.0,-32.12916164050286,139020.88179,-64130.74484,-31.567920918891435,binance_kline_quote_asset_volume,1178.6336368505624,74.46217557043386,0.0017600000000000046,2.779971568472602,0.0005199999999999927,0.8213552361396188,0.0005199999999999927,0.8213552361396188,9.000000000000674e-05,5.113636363636733,0.0011500000000000052,65.34090909090922,0.9488636363636327,942447.0,1258062.0,42.82859102144095,57.17140897855904,59519.21641,-57957.9284,-49.335492868623454,79501.66538000002,-6172.816439999995,-7.204965012766499,42.81314838723841,57.1868516127616,0.7491260367136119,0.7486537058753622,-19982.44897000002,-14.373703225523194,22631725.0,1424606.66204425,158197.0,0.7039259701458533,50354.47007928998,3.6641360569555417,2.3535,-0.011200000000000099,-0.4736330189876136,70.17999999999999,29.82,1.3202,0.028900000000000148,2.238054673584771,56.89999999999999,43.1,2.888,-0.018299999999999983,-0.629666586381309,74.28,25.72,-1.0332999999999999,0.5345,1.5677999999999999,1782950400000,2026-07-02 00:00:00 UTC,5e-05,0.05478
FINAL_REAL_MARK_PREMIUM_CLOSED_GUARD_2026_06_13,1782963000000,2026-07-02 03:30:00 UTC,BIRBUSDT,1782963000000,2026-07-02 03:30:00 UTC,1782963899999,2026-07-02 03:44:59 UTC,True,0.06386,0.06545,0.06379,0.06476,0.0009300000000000003,1.4569951433495227,73.65610257517937,0.06390085,0.06531412,0.06389667,0.06465868,0.0007748399999999989,1.212888893341413,1782963899999,2026-07-02 03:44:59 UTC,0.00010132000000000196,0.1566997655999194,0.0,0.00254004,-0.00428884,0.0,0.0,,1782963899999,2026-07-02 03:44:59 UTC,3935,2068.0,110.76593465452598,5706426.0,3505917.0,159.32300208724436,369222.42985,230201.54806,165.58774847057455,binance_kline_quote_asset_volume,1450.171791613723,93.83035066073698,0.0016599999999999948,2.5994362668336906,0.000899999999999998,1.409332915753207,0.000899999999999998,1.409332915753207,0.0006899999999999962,41.566265060240866,7.000000000000062e-05,4.216867469879569,0.5843373493975914,2946526.0,2759900.0,51.63522667252673,48.36477332747327,190767.1614,131247.94499000002,220.51356336060343,178455.26845,98953.60306999998,124.46733360493027,51.66727316038219,48.33272683961781,1.0676205659625349,1.0689914792481994,12311.892950000009,3.334546320764377,22763527.0,1454221.51670368,131802.0,0.5823771718682513,29614.854659429984,2.078809221412311,2.3818,0.028300000000000214,1.2024644147015175,70.43,29.57,1.3634,0.043199999999999905,3.272231480078769,57.69,42.309999999999995,2.9324,0.044399999999999995,1.5373961218836563,74.57000000000001,25.430000000000003,-1.0184000000000002,0.5505999999999998,1.569,1782950400000,2026-07-02 00:00:00 UTC,5e-05,0.05478
FINAL_REAL_MARK_PREMIUM_CLOSED_GUARD_2026_06_13,1782963900000,2026-07-02 03:45:00 UTC,BIRBUSDT,1782963900000,2026-07-02 03:45:00 UTC,1782964799999,2026-07-02 03:59:59 UTC,True,0.06479,0.06543,0.06436,0.06469,-7.000000000000062e-05,-0.10809141445336723,73.20556919792404,0.06467387,0.06525735,0.06444692,0.0646752,1.6520000000005974e-05,0.025549547253371045,1782964799999,2026-07-02 03:59:59 UTC,1.4799999999995372e-05,0.022883578249460957,0.0,0.00013122,-0.00108069,0.0,0.0,,1782964799999,2026-07-02 03:59:59 UTC,2240,-1695.0,-43.07496823379924,2666472.0,-3039954.0,-53.2724686169592,172810.47396,-196411.95589,-53.196106198042784,binance_kline_quote_asset_volume,1190.3892857142857,77.14753301785714,0.0010700000000000015,1.6514894273807708,-0.00010000000000000286,-0.1543448062972725,0.00010000000000000286,0.1543448062972725,0.0006400000000000017,59.8130841121496,0.00032999999999999696,30.841121495326774,0.30841121495326773,1368641.0,1297831.0,51.32778442826327,48.672215571736736,88767.48541,-101999.67599000002,-53.46815208731203,84042.98855000001,-94412.2799,-52.905291460449455,51.36695905975397,48.63304094024603,1.054560262468688,1.056215241051182,4724.496859999985,2.7339181195079365,22714298.0,1468676.52580664,-49229.0,-0.21626262046298889,14455.009102960117,0.9940032475743892,2.391,0.009199999999999875,0.3862624905533577,70.50999999999999,29.49,1.3412,-0.022199999999999998,-1.6282822355875015,57.29,42.71,2.917,-0.01540000000000008,-0.5251670986222917,74.47,25.53,-1.0498,0.5259999999999998,1.5757999999999999,1782950400000,2026-07-02 00:00:00 UTC,5e-05,0.05478
FINAL_REAL_MARK_PREMIUM_CLOSED_GUARD_2026_06_13,1782964800000,2026-07-02 04:00:00 UTC,BIRBUSDT,1782964800000,2026-07-02 04:00:00 UTC,1782965699999,2026-07-02 04:14:59 UTC,True,0.06468,0.06488,0.06343,0.06385,-0.0008399999999999935,-1.2985005410418822,67.84281347264877,0.06469,0.06480035,0.06345,0.06383508,-0.0008401199999999998,-1.2989832269556179,1782965699999,2026-07-02 04:14:59 UTC,1.4920000000001599e-05,0.02337272860001366,0.0,0.0,-0.00113976,0.0,0.0,,1782965699999,2026-07-02 04:14:59 UTC,2838,598.0,26.69642857142857,3033192.0,366720.0,13.75300396928976,194471.21202,21660.738060000003,12.534389590884265,binance_kline_quote_asset_volume,1068.7780126849893,68.52403524312896,0.001449999999999993,2.241805813234374,-0.0008299999999999974,-1.2832405689548507,0.0008299999999999974,1.2832405689548507,0.00019999999999999185,13.793103448275367,0.0004200000000000037,28.965517241379708,0.28965517241379707,1405644.0,1627548.0,46.34207132288361,53.65792867711639,90184.23534,1416.7499300000054,1.5960235028133434,104286.97668,20243.988129999998,24.08765856530217,46.37407994902875,53.62592005097125,0.8636574773831556,0.8647698707071195,-14102.741340000008,-7.251840101942513,23037276.0,1489940.4327552,322978.0,1.4219149541843643,21263.906948559918,1.4478277942708424,2.3693,-0.021700000000000053,-0.9075700543705585,70.32000000000001,29.68,1.351,0.009800000000000031,0.7306889352818394,57.47,42.53,2.87,-0.04699999999999971,-1.6112444292080808,74.16,25.840000000000003,-1.0183,0.5007000000000001,1.5190000000000001,1782950400000,2026-07-02 00:00:00 UTC,5e-05,0.05478
FINAL_REAL_MARK_PREMIUM_CLOSED_GUARD_2026_06_13,1782965700000,2026-07-02 04:15:00 UTC,BIRBUSDT,1782965700000,2026-07-02 04:15:00 UTC,1782966599999,2026-07-02 04:29:59 UTC,True,0.06386,0.06931,0.06329,0.06906,0.005209999999999992,8.15974941268597,78.40804437632093,0.06383514,0.06913385,0.06333,0.06904467,0.00520959,8.161014288695181,1782966599999,2026-07-02 04:29:59 UTC,1.532999999999396e-05,0.02220301726403205,0.0,0.00631414,-0.0041373,0.0,0.0,,1782966599999,2026-07-02 04:29:59 UTC,7106,4268.0,150.3875968992248,8841453.0,5808261.0,191.49005404207844,591939.86369,397468.65167000005,204.38431351429185,binance_kline_quote_asset_volume,1244.223613847453,83.30141622431748,0.006019999999999998,9.426871280927024,0.005199999999999996,8.142812402129653,0.005199999999999996,8.142812402129653,0.0002500000000000002,4.152823920265787,0.0005700000000000011,9.468438538206001,0.9584717607973421,4742051.0,4099402.0,53.6342951775008,46.3657048224992,317681.67414,227497.4388,252.2585437935144,274258.18955,169971.21287,162.98412158552566,53.667896627142945,46.33210337285706,1.156766523507575,1.1583306761458931,43423.48459000001,7.335793254285871,23378615.0,1492375.7588142,341339.0,1.4816812543288538,2435.326059000101,0.16345123640256493,2.3311,-0.03819999999999979,-1.6122905499514537,69.98,30.020000000000003,1.3529,0.0019000000000000128,0.14063656550703277,57.49999999999999,42.5,2.8183,-0.0517000000000003,-1.801393728223007,73.81,26.19,-0.9782000000000002,0.48719999999999963,1.4653999999999998,1782964800003,2026-07-02 04:00:00 UTC,5e-05,0.06469
FINAL_REAL_MARK_PREMIUM_CLOSED_GUARD_2026_06_13,1782966600000,2026-07-02 04:30:00 UTC,BIRBUSDT,1782966600000,2026-07-02 04:30:00 UTC,1782967499999,2026-07-02 04:44:59 UTC,True,0.06906,0.08749,0.06892,0.086,0.016939999999999997,24.529394729220964,89.95925189743166,0.06907952,0.0871668,0.06901184,0.08582,0.01677532999999999,24.296343222438445,1782967499999,2026-07-02 04:44:59 UTC,0.0001799999999999996,0.2097413190398504,0.0,0.00844789,-0.04036358,-0.00012918,-0.00012918,,1782967499999,2026-07-02 04:44:59 UTC,75893,68787.0,968.0129468055165,92444541.0,83603088.0,945.5808677600842,7483273.68694,6891333.82325,1164.1949201209745,binance_kline_quote_asset_volume,1218.0904826532092,98.602950034127,0.018570000000000003,26.889661164205048,0.016939999999999997,24.529394729220964,0.016939999999999997,24.529394729220964,0.0014900000000000052,8.023694130317743,0.00014000000000000123,0.7539041464728121,0.9197630586968225,46123298.0,46321243.0,49.892938513264944,50.10706148673506,3735407.72911,3417726.05497,1075.8335570417048,3747865.95783,3473607.7682800004,1266.5465975617574,49.916759500980554,50.08324049901945,0.9957266906676058,0.9966759140107526,-12458.228720000014,-0.16648099803889882,24068881.0,1661827.94591427,690266.0,2.9525530062409597,169452.18710006983,11.354525567656754,2.1867,-0.14440000000000008,-6.19450045043113,68.62,31.380000000000003,1.3521,-0.0007999999999999119,-0.05913223445930312,57.48,42.52,2.663,-0.1553,-5.510414079409574,72.7,27.3,-0.8346,0.4762999999999997,1.3108999999999997,1782964800003,2026-07-02 04:00:00 UTC,5e-05,0.06469
FINAL_REAL_MARK_PREMIUM_CLOSED_GUARD_2026_06_13,1782967500000,2026-07-02 04:45:00 UTC,BIRBUSDT,1782967500000,2026-07-02 04:45:00 UTC,1782968399999,2026-07-02 04:59:59 UTC,True,0.08594,0.0962,0.0808,0.09457,0.008570000000000008,9.965116279069777,92.22530816888445,0.08582,0.09595419,0.08130279,0.09457,0.008750000000000008,10.195758564437204,1782968399999,2026-07-02 04:59:59 UTC,0.0,0.0,0.0,0.00859317,-0.01017096,-0.00281651,-0.00268733,2080.298807864994,1782968399999,2026-07-02 04:59:59 UTC,90006,14113.0,18.59591793709565,95103312.0,2658771.0,2.876071395064853,8321156.48851,837882.8015699992,11.196741381145708,binance_kline_quote_asset_volume,1056.6330244650358,92.45113090805057,0.015399999999999997,17.919478706074003,0.008629999999999999,10.04188969048173,0.008629999999999999,10.04188969048173,0.0016299999999999926,10.584415584415538,0.005140000000000006,33.37662337662342,0.8941558441558446,47434318.0,47668994.0,49.87662049035684,50.12337950964315,4151508.03123,416100.30211999966,11.139354316727825,4169648.4572799997,421782.49944999954,11.253937686026797,49.8909981678926,50.1090018321074,0.9950769676406429,0.9956494111587926,-18140.426049999893,-0.21800366421480616,31568534.0,2709211.58788,7499653.0,31.159126176243923,1047383.6419657301,63.02599763957528,1.7747,-0.41200000000000014,-18.8411762015823,63.959999999999994,36.04,1.2782,-0.07390000000000008,-5.465572073071524,56.11000000000001,43.89,2.0912,-0.5717999999999996,-21.472024033045425,67.65,32.35,-0.49649999999999994,0.3165000000000002,0.8130000000000002,1782964800003,2026-07-02 04:00:00 UTC,5e-05,0.06469
FINAL_REAL_MARK_PREMIUM_CLOSED_GUARD_2026_06_13,1782968400000,2026-07-02 05:00:00 UTC,BIRBUSDT,1782968400000,2026-07-02 05:00:00 UTC,1782969299999,2026-07-02 05:14:59 UTC,True,0.09459,0.09896,0.08828,0.09129,-0.003280000000000005,-3.4683303373162793,84.3764980924013,0.09466,0.09882539,0.08959,0.09160522,-0.00296478,-3.1350111028867507,1782969299999,2026-07-02 05:14:59 UTC,-0.00031522000000000494,-0.34410702796194903,-0.00122143,0.00650437,-0.01937205,-0.00022654,0.00258997,-91.95671238518592,1782969299999,2026-07-02 05:14:59 UTC,101776,11770.0,13.076905984045508,100667600.0,5564288.0,5.850782567908886,9382710.60914,1061554.1206299998,12.757290673427576,binance_kline_quote_asset_volume,989.1094167583714,92.18981497740134,0.010680000000000009,11.290834126228999,-0.0032999999999999974,-3.488740881699966,0.0032999999999999974,3.488740881699966,0.004370000000000013,40.917602996254764,0.003009999999999999,28.1835205992509,0.281835205992509,49377121.0,51290479.0,49.049665433565515,50.950334566434485,4606863.87533,455355.84410000034,10.96844425386041,4775846.733809999,606198.2765299994,14.53835455772314,49.09949871887028,50.90050128112972,0.9626956496155944,0.9646171939975153,-168982.858479999,-1.8010025622594326,33937967.0,3209513.53919,2369433.0,7.505679547868774,500301.9513099999,18.466699077627005,1.5954,-0.17930000000000001,-10.10311601960895,61.47,38.53,1.2187,-0.05950000000000011,-4.6549835706462295,54.93,45.07,1.8281,-0.2631000000000001,-12.58129303749044,64.64,35.36,-0.37670000000000003,0.23270000000000013,0.6094000000000002,1782964800003,2026-07-02 04:00:00 UTC,5e-05,0.06469
FINAL_REAL_MARK_PREMIUM_CLOSED_GUARD_2026_06_13,1782969300000,2026-07-02 05:15:00 UTC,BIRBUSDT,1782969300000,2026-07-02 05:15:00 UTC,1782970199999,2026-07-02 05:29:59 UTC,True,0.09136,0.10498,0.08703,0.1023,0.011010000000000006,12.060466644758469,88.05219692072511,0.09160342,0.10400529,0.08855023,0.10162496,0.01001974,10.937957465742672,1782970199999,2026-07-02 05:29:59 UTC,0.0006750400000000017,0.6642462639099703,-0.00038687,0.00522374,-0.01753276,0.0,0.00022654,-100.0,1782970199999,2026-07-02 05:29:59 UTC,114927,13151.0,12.921513912906777,112806155.0,12138555.0,12.05805542200271,11017216.47454,1634505.8654000014,17.420401560800318,binance_kline_quote_asset_volume,981.5461553855926,95.86273438391328,0.017950000000000008,19.647548161120852,0.010940000000000005,11.974605954465856,0.010940000000000005,11.974605954465856,0.002680000000000002,14.930362116991647,0.0043300000000000005,24.1225626740947,0.8506963788300835,55660001.0,57146154.0,49.34128018103267,50.65871981896733,5438048.60447,831184.7291399995,18.042311464661193,5579167.870070001,803321.1362600019,16.820496574418776,49.35955118098062,50.64044881901939,0.9739938229263863,0.9747060370136826,-141119.26560000144,-1.2808976380387729,38350764.0,3513130.17338808,4412797.0,13.002537836164436,303616.6341980803,9.459895728456887,1.5253,-0.07009999999999983,-4.3938824119343005,60.4,39.6,1.2407,0.02200000000000002,1.8052022647082975,55.37,44.629999999999995,1.7747,-0.053400000000000114,-2.9210655872217117,63.959999999999994,36.04,-0.2846000000000002,0.24939999999999984,0.534,1782964800003,2026-07-02 04:00:00 UTC,5e-05,0.06469
FINAL_REAL_MARK_PREMIUM_CLOSED_GUARD_2026_06_13,1782970200000,2026-07-02 05:30:00 UTC,BIRBUSDT,1782970200000,2026-07-02 05:30:00 UTC,1782971099999,2026-07-02 05:44:59 UTC,True,0.10225,0.10922,0.09474,0.09925,-0.003049999999999997,-2.981427174975559,82.27736791922666,0.10193,0.10867,0.0954966,0.09933018,-0.0022947799999999963,-2.258086989652932,1782971099999,2026-07-02 05:44:59 UTC,-8.017999999999914e-05,-0.08072068328075026,-0.00036394,0.00228609,-0.02192976,-0.00173956,-0.00173956,,1782971099999,2026-07-02 05:44:59 UTC,141113,26186.0,22.78489823975219,125662524.0,12856369.0,11.396868371233822,12838395.2389,1821178.7643599994,16.53029845214182,binance_kline_quote_asset_volume,890.5099034107418,90.97953582518974,0.014479999999999993,14.161369193154027,-0.002999999999999989,-2.9339853300733387,0.002999999999999989,2.9339853300733387,0.006970000000000004,48.13535911602215,0.00451,31.14640883977902,0.3114640883977902,60674519.0,64988005.0,48.283702307300466,51.716297692699534,6201216.95183,763168.34736,14.033864035946394,6637178.287070001,1058010.4169999994,18.963588148616235,48.30211904553675,51.69788095446326,0.9336264284462956,0.9343152592285634,-435961.33524000086,-3.3957619089265103,40644414.0,4130486.94697344,2293650.0,5.980715273364567,617356.7735853596,17.572840831855018,1.3375,-0.1878000000000002,-12.312332000262256,57.220000000000006,42.78,1.1551,-0.0855999999999999,-6.899331022809696,53.6,46.400000000000006,1.5419,-0.2327999999999999,-13.117710035498952,60.660000000000004,39.34,-0.1823999999999999,0.20440000000000014,0.38680000000000003,1782964800003,2026-07-02 04:00:00 UTC,5e-05,0.06469
FINAL_REAL_MARK_PREMIUM_CLOSED_GUARD_2026_06_13,1782971100000,2026-07-02 05:45:00 UTC,BIRBUSDT,1782971100000,2026-07-02 05:45:00 UTC,1782971999999,2026-07-02 05:59:59 UTC,True,0.09927,0.101,0.08955,0.0923,-0.006950000000000012,-7.002518891687669,70.87123151886827,0.09933018,0.100674,0.09044901,0.09237,-0.00696018000000001,-7.007115058082055,1782971999999,2026-07-02 05:59:59 UTC,-7.000000000000062e-05,-0.07578218036158993,-0.00216685,0.00059002,-0.02335839,-0.00475231,-0.00301275,173.19034698429488,1782971999999,2026-07-02 05:59:59 UTC,110407,-30706.0,-21.759866206515348,113714130.0,-11948394.0,-9.508319282207001,10840063.00693,-1998332.231970001,-15.565280510410732,binance_kline_quote_asset_volume,1029.953988424647,98.1827511564484,0.011450000000000002,11.534199657499752,-0.006970000000000004,-7.021255162687624,0.006970000000000004,7.021255162687624,0.0017300000000000093,15.109170305676937,0.0027499999999999886,24.017467248908194,0.24017467248908192,54428377.0,59285753.0,47.86421617084878,52.13578382915123,5196797.19774,-1004419.75409,-16.19713939847875,5643265.8091899995,-993912.4778800011,-14.974925109609588,47.940654905951305,52.059345094048695,0.9180684101288213,0.9208847099275511,-446468.61144999973,-4.11869018809738,43867417.0,4357358.42674506,3223003.0,7.929756349790158,226871.47977162013,5.492608563691437,1.4213,0.0838000000000001,6.265420560747671,58.699999999999996,41.3,1.1529,-0.0021999999999999797,-0.19045970045883298,53.55,46.45,1.6137,0.07179999999999986,4.656592515727341,61.739999999999995,38.26,-0.26839999999999997,0.1923999999999999,0.4607999999999999,1782964800003,2026-07-02 04:00:00 UTC,5e-05,0.06469
FINAL_REAL_MARK_PREMIUM_CLOSED_GUARD_2026_06_13,1782972000000,2026-07-02 06:00:00 UTC,BIRBUSDT,1782972000000,2026-07-02 06:00:00 UTC,1782972899999,2026-07-02 06:14:59 UTC,True,0.09222,0.09533,0.0875,0.08938,-0.002919999999999992,-3.1635969664138592,66.68821124350221,0.09235,0.0942559,0.08777262,0.08962691,-0.0027430899999999897,-2.9696763018295873,1782972899999,2026-07-02 06:14:59 UTC,-0.00024691000000000296,-0.27548645825232954,-0.0045256,-0.00036158,-0.03679894,-0.01842093,-0.01366862,287.62054663942376,1782972899999,2026-07-02 06:14:59 UTC,75099,-35308.0,-31.979856349687974,77427767.0,-36286363.0,-31.910161912156386,7012979.57389,-3827083.4330399996,-35.30499251335868,binance_kline_quote_asset_volume,1031.0092943980612,93.38312858879611,0.007830000000000004,8.490566037735853,-0.0028399999999999953,-3.079592279332027,0.0028399999999999953,3.079592279332027,0.0031100000000000017,39.71902937420179,0.0018800000000000067,24.010217113665462,0.24010217113665464,36728224.0,40699543.0,47.43546846701649,52.56453153298351,3332129.40874,-1864667.7889999999,-35.881095952924866,3680850.16515,-1962415.6440399997,-34.7744676645255,47.51374752531491,52.48625247468509,0.9024234989567328,0.9052608118331844,-348720.7564099999,-4.972504949370179,44236191.0,4086096.96267,368774.0,0.8406558334629093,-271261.4640750601,-6.225364946112363,1.4056,-0.015700000000000047,-1.1046225286709384,58.43000000000001,41.57,1.1713,0.018399999999999972,1.5959753664671672,53.94,46.06,1.4963,-0.11739999999999995,-7.275206048212181,59.940000000000005,40.06,-0.23429999999999995,0.0907,0.32499999999999996,1782964800003,2026-07-02 04:00:00 UTC,5e-05,0.06469
FINAL_REAL_MARK_PREMIUM_CLOSED_GUARD_2026_06_13,1782972900000,2026-07-02 06:15:00 UTC,BIRBUSDT,1782972900000,2026-07-02 06:15:00 UTC,1782973799999,2026-07-02 06:29:59 UTC,True,0.08937,0.094,0.08818,0.0926,0.0032200000000000006,3.602595658984113,68.87020711705368,0.0897656,0.09387,0.08841973,0.09282,0.0031930899999999957,3.5626465310474225,1782973799999,2026-07-02 06:29:59 UTC,-0.00021999999999999797,-0.23701788407670543,-0.02347036,-0.00323328,-0.03245917,-0.01007813,0.0083428,-45.28978721486917,1782973799999,2026-07-02 06:29:59 UTC,59599,-15500.0,-20.639422628796655,56608779.0,-20818988.0,-26.88827123220537,5180989.8812,-1831989.69269,-26.122843698428476,binance_kline_quote_asset_volume,949.8276648937062,86.93081899360728,0.005820000000000006,6.51225243370259,0.0032299999999999968,3.614188206333217,0.0032299999999999968,3.614188206333217,0.0013999999999999985,24.054982817869366,0.0011900000000000105,20.446735395189165,0.7594501718213064,29714804.0,26893975.0,52.4915119614221,47.5084880385779,2720485.70096,-611643.7077799998,-18.355940984035332,2460504.1802399997,-1220345.98491,-33.15391635508937,52.50899467747836,47.491005322521644,1.104887023952391,1.10566188946472,259981.52072000038,5.017989354956712,44152246.0,3957229.37853986,-83945.0,-0.18976543437024224,-128867.58413014002,-3.1538063170662842,1.4576,0.052000000000000046,3.6994877632327867,59.309999999999995,40.69,1.1442,-0.027099999999999902,-2.3136685733799967,53.36,46.64,1.5233,0.027000000000000135,1.804450979081744,60.370000000000005,39.629999999999995,-0.3133999999999999,0.06570000000000009,0.3791,1782964800003,2026-07-02 04:00:00 UTC,5e-05,0.06469
FINAL_REAL_MARK_PREMIUM_CLOSED_GUARD_2026_06_13,1782973800000,2026-07-02 06:30:00 UTC,BIRBUSDT,1782973800000,2026-07-02 06:30:00 UTC,1782974699999,2026-07-02 06:44:59 UTC,True,0.0926,0.09943,0.09254,0.09808,0.005479999999999999,5.917926565874729,72.2068046288223,0.0925,0.09895893,0.0925,0.09785957,0.005039570000000007,5.429400991165704,1782974699999,2026-07-02 06:44:59 UTC,0.0002204299999999937,0.2252513474154788,-0.00843659,0.0,-0.01931024,-0.00471337,0.00536476,-53.231700722257,1782974699999,2026-07-02 06:44:59 UTC,71690,12091.0,20.287253141831236,74720594.0,18111815.0,31.994710573072066,7197780.355,2016790.4738000007,38.9267402570738,binance_kline_quote_asset_volume,1042.2735946436044,100.401455642349,0.006890000000000007,7.440604751619878,0.005479999999999999,5.917926565874729,0.005479999999999999,5.917926565874729,0.001350000000000004,19.59361393323661,6.0000000000004494e-05,0.8708272859216899,0.8040638606676339,38606997.0,36113597.0,51.668482453445165,48.331517546554835,3719692.86836,999207.1674000002,36.728999055109966,3478087.4866400003,1017583.3064000006,41.356698946991614,51.67833255395302,48.32166744604699,1.0690432470628721,1.0694650099079026,241605.38171999995,3.3566651079060326,45379704.0,4212144.12528,1227458.0,2.7800578933175903,254914.7467401405,6.4417480604624195,1.4913,0.03370000000000006,2.312019758507139,59.86,40.14,1.1476,0.0033999999999998476,0.29715084775387585,53.44,46.56,1.5934,0.07009999999999983,4.601851244009704,61.44,38.56,-0.3437000000000001,0.10209999999999986,0.4458,1782964800003,2026-07-02 04:00:00 UTC,5e-05,0.06469
FINAL_REAL_MARK_PREMIUM_CLOSED_GUARD_2026_06_13,1782974700000,2026-07-02 06:45:00 UTC,BIRBUSDT,1782974700000,2026-07-02 06:45:00 UTC,1782975599999,2026-07-02 06:59:59 UTC,True,0.09812,0.0982,0.08706,0.08883,-0.009249999999999994,-9.4310766721044,60.432301663254854,0.09797,0.09813838,0.08771,0.08897,-0.008889570000000013,-9.084006806896875,1782975599999,2026-07-02 06:59:59 UTC,-0.00013999999999998736,-0.15735641227378597,-0.00626208,-0.00626208,-0.04025612,-0.01566361,-0.010950240000000002,232.32294515389205,1782975599999,2026-07-02 06:59:59 UTC,68381,-3309.0,-4.615706514158181,72143510.0,-2577084.0,-3.4489608045674793,6494008.32504,-703772.0299600009,-9.777625813089998,binance_kline_quote_asset_volume,1055.0227402348605,94.96802218510989,0.011139999999999997,11.353444761516508,-0.009289999999999993,-9.467998369343654,0.009289999999999993,9.467998369343654,7.999999999999674e-05,0.7181328545780679,0.0017700000000000077,15.888689407540468,0.15888689407540468,32942686.0,39200824.0,45.662715883937445,54.337284116062555,2964025.51786,-755667.3505000002,-20.31531573285972,3529982.8071799995,51895.32053999929,1.4920648413629372,45.64246563145179,54.35753436854821,0.8403569782104581,0.8396713751214765,-565957.2893199995,-8.715068737096415,48155409.0,4712467.61791413,2775705.0,6.116622091673405,500323.4926341297,11.878119023310271,1.454,-0.03730000000000011,-2.501173472808966,59.25,40.75,1.166,0.018399999999999972,1.6033461136284395,53.83,46.17,1.592,-0.0013999999999998458,-0.08786243253419392,61.419999999999995,38.58,-0.28800000000000003,0.13800000000000012,0.42600000000000016,1782964800003,2026-07-02 04:00:00 UTC,5e-05,0.06469
FINAL_REAL_MARK_PREMIUM_CLOSED_GUARD_2026_06_13,1782975600000,2026-07-02 07:00:00 UTC,BIRBUSDT,1782975600000,2026-07-02 07:00:00 UTC,1782976499999,2026-07-02 07:14:59 UTC,True,0.08887,0.08987,0.0808,0.08334,-0.005490000000000009,-6.180344478216828,54.72815647592584,0.08890672,0.08966,0.08134216,0.08359,-0.005379999999999996,-6.046982128807459,1782976499999,2026-07-02 07:14:59 UTC,-0.0002500000000000002,-0.2990788371814813,-0.01435567,-0.00747199,-0.04389238,-0.01007128,0.005592330000000001,-35.702689226812986,1782976499999,2026-07-02 07:14:59 UTC,71081,2700.0,3.9484652169462278,78621828.0,6478318.0,8.97976547024119,6643041.70142,149033.37638000026,2.2949366388297987,binance_kline_quote_asset_volume,1106.0878153092951,93.45734727170411,0.009070000000000009,10.205918757736027,-0.005530000000000007,-6.222572296613038,0.005530000000000007,6.222572296613038,0.0010000000000000009,11.025358324145534,0.0025400000000000006,28.00441014332964,0.2800441014332964,36057104.0,42564724.0,45.8614419395082,54.1385580604918,3046791.4439,82765.92603999982,2.7923486333463177,3596250.25752,66267.45034000045,1.877274025392197,45.864403398953904,54.135596601046096,0.847112364689596,0.8472134100036434,-549458.8136200001,-8.271193202092187,44111412.0,3924592.32564,-4043997.0,-8.397804284042111,-787875.29227413,-16.71895397814671,1.4096,-0.044399999999999995,-3.0536451169188443,58.5,41.5,1.1668,0.0008000000000001339,0.06861063464838199,53.849999999999994,46.150000000000006,1.4546,-0.1374000000000002,-8.63065326633167,59.260000000000005,40.739999999999995,-0.2427999999999999,0.04499999999999993,0.28779999999999983,1782964800003,2026-07-02 04:00:00 UTC,5e-05,0.06469
FINAL_REAL_MARK_PREMIUM_CLOSED_GUARD_2026_06_13,1782976500000,2026-07-02 07:15:00 UTC,BIRBUSDT,1782976500000,2026-07-02 07:15:00 UTC,1782977399999,2026-07-02 07:29:59 UTC,True,0.08342,0.08602,0.08012,0.08388,0.0005399999999999988,0.6479481641468668,55.176318505146334,0.08366,0.08565072,0.08082,0.08394847,0.0003584699999999996,0.42884316305778164,1782977399999,2026-07-02 07:29:59 UTC,-6.847000000000103e-05,-0.08156193912765894,-0.01276452,-0.000123,-0.02079033,-0.00810432,0.0019669600000000002,-19.53038739862262,1782977399999,2026-07-02 07:29:59 UTC,52832,-18249.0,-25.67352738425177,64201882.0,-14419946.0,-18.340893829128472,5321950.8817,-1321090.81972,-19.88683616779956,binance_kline_quote_asset_volume,1215.2082450030284,100.73347368450939,0.0059000000000000025,7.07264444977224,0.0004600000000000021,0.5514265164229226,0.0004600000000000021,0.5514265164229226,0.002140000000000003,36.271186440678,0.0032999999999999974,55.932203389830434,0.63728813559322,32649169.0,31552713.0,50.85391266256026,49.14608733743974,2711229.35194,-335562.0919599999,-11.013621973759669,2610721.52976,-985528.7277600002,-27.404342222824834,50.9442761161664,49.0557238838336,1.0347499753824656,1.0384981014000523,100507.82218000013,1.8885522323327937,41438197.0,3463818.88723,-2673215.0,-6.060143801336489,-460773.43840999994,-11.7406701174971,1.4832,0.07360000000000011,5.221339387060167,59.730000000000004,40.27,1.2242,0.057399999999999896,4.919437778539586,55.04,44.96,1.4248,-0.029799999999999827,-2.048673174755935,58.76,41.24,-0.2590000000000001,-0.05840000000000001,0.2006000000000001,1782964800003,2026-07-02 04:00:00 UTC,5e-05,0.06469
FINAL_REAL_MARK_PREMIUM_CLOSED_GUARD_2026_06_13,1782977400000,2026-07-02 07:30:00 UTC,BIRBUSDT,1782977400000,2026-07-02 07:30:00 UTC,1782978299999,2026-07-02 07:44:59 UTC,True,0.08389,0.08521,0.08225,0.0837,-0.0001799999999999996,-0.21459227467811112,54.98093745154947,0.08394229,0.08517812,0.08275,0.08385,-9.847000000000328e-05,-0.11729814730393928,1782978299999,2026-07-02 07:44:59 UTC,-0.00014999999999999736,-0.17889087656529204,-0.00884536,0.0,-0.01738562,-0.00776427,0.00034004999999999973,-4.195910329305849,1782978299999,2026-07-02 07:44:59 UTC,26950,-25882.0,-48.98924894003634,30551058.0,-33650824.0,-52.41407720726941,2558425.76066,-2763525.1210399996,-51.92691895264622,binance_kline_quote_asset_volume,1133.6199628942486,94.93231022857144,0.0029599999999999904,3.528430087018703,-0.0001900000000000096,-0.22648706639648303,0.0001900000000000096,0.22648706639648303,0.0013199999999999878,44.59459459459433,0.001449999999999993,48.986486486486406,0.4898648648648641,14811358.0,15739700.0,48.48067127495225,51.51932872504775,1240677.97465,-1470551.37729,-54.23928360165318,1317747.7860100002,-1292973.7437499997,-49.52553265490789,48.49380403087955,51.50619596912045,0.941019079143821,0.9415139891121659,-77069.81136000017,-3.012391938240896,42245165.0,3546416.96664755,806968.0,1.9474013311920884,82598.07941755,2.384595791715984,1.5407,0.057499999999999885,3.876752966558784,60.64000000000001,39.36,1.2172,-0.006999999999999895,-0.5718019931383675,54.900000000000006,45.1,1.4931,0.06830000000000003,4.793655249859631,59.89,40.11,-0.3234999999999999,-0.047599999999999865,0.27590000000000003,1782964800003,2026-07-02 04:00:00 UTC,5e-05,0.06469
FINAL_REAL_MARK_PREMIUM_CLOSED_GUARD_2026_06_13,1782978300000,2026-07-02 07:45:00 UTC,BIRBUSDT,1782978300000,2026-07-02 07:45:00 UTC,1782979199999,2026-07-02 07:59:59 UTC,True,0.0837,0.0848,0.08108,0.08306,-0.0006400000000000017,-0.7646356033452828,54.24543341083806,0.08381288,0.08456,0.081249,0.08284304,-0.0010069599999999873,-1.2009063804412492,1782979199999,2026-07-02 07:59:59 UTC,0.00021695999999998827,0.2618928518315941,-0.01034165,-0.00017475,-0.01464193,-0.00668701,0.00107726,-13.874581898877809,1782979199999,2026-07-02 07:59:59 UTC,30348,3398.0,12.608534322820036,31783843.0,1232785.0,4.0351630375615795,2629071.58988,70645.82921999972,2.7613007305623416,binance_kline_quote_asset_volume,1047.3126070910769,86.63080235534467,0.003720000000000001,4.444444444444446,-0.0006400000000000017,-0.7646356033452828,0.0006400000000000017,0.7646356033452828,0.0011000000000000038,29.56989247311837,0.0019799999999999957,53.22580645161277,0.5322580645161277,16368567.0,15415276.0,51.49964716349751,48.5003528365025,1354658.35191,113980.37725999998,9.186942912576027,1274413.23797,-43334.548040000256,-3.288531272832766,51.52611123730683,48.47388876269317,1.0618406702546228,1.062966321715099,80245.11394000007,3.0522224746136617,41884492.0,3512014.6542,-360673.0,-0.8537616079851978,-34402.312447549775,-0.9700583087405679,1.54,-0.0006999999999999229,-0.04543389368468378,60.629999999999995,39.37,1.2254,0.008199999999999985,0.6736772921459074,55.059999999999995,44.940000000000005,1.4839,-0.009200000000000097,-0.6161677047753061,59.74,40.26,-0.3146,-0.05610000000000004,0.25849999999999995,1782964800003,2026-07-02 04:00:00 UTC,5e-05,0.06469
FINAL_REAL_MARK_PREMIUM_CLOSED_GUARD_2026_06_13,1782979200000,2026-07-02 08:00:00 UTC,BIRBUSDT,1782979200000,2026-07-02 08:00:00 UTC,1782980099999,2026-07-02 08:14:59 UTC,True,0.08306,0.08879,0.08217,0.08423,0.0011700000000000044,1.4086202745003666,55.41954135309588,0.08282034,0.08877925,0.08240519,0.08465374,0.0018106999999999984,2.1856996073538566,1782980099999,2026-07-02 08:14:59 UTC,-0.0004237400000000058,-0.5005567385445767,-0.00343048,-0.00169863,-0.02311604,-0.02167218,-0.014985169999999999,224.0937279890414,1782980099999,2026-07-02 08:14:59 UTC,49385,19037.0,62.72901014893898,51614392.0,19830549.0,62.39191717628356,4425211.34312,1796139.7532400005,68.31840411473856,binance_kline_quote_asset_volume,1045.143100131619,89.60638540285512,0.006619999999999987,7.970142065976388,0.0011700000000000044,1.4086202745003666,0.0011700000000000044,1.4086202745003666,0.004559999999999995,68.88217522658616,0.000889999999999988,13.44410876132915,0.31117824773413844,26279263.0,25335129.0,50.91460343076404,49.08539656923596,2254538.26009,899879.90818,66.42855055750513,2170673.0830300003,896259.8450600004,70.32725479905119,50.94758386162038,49.05241613837961,1.0372658059092574,1.0386355631880475,83865.17705999967,1.8951677232407715,41576190.0,3444297.9712176,-308302.0,-0.7360767321709429,-67716.68298240006,-1.928143520170624,1.531,-0.009000000000000119,-0.5844155844155922,60.49,39.51,1.2427,0.01729999999999987,1.4117839072955665,55.410000000000004,44.59,1.4594,-0.024499999999999966,-1.6510546532785206,59.34,40.660000000000004,-0.2883,-0.07159999999999989,0.21670000000000011,1782979200000,2026-07-02 08:00:00 UTC,-0.00475959,0.08284304
FINAL_REAL_MARK_PREMIUM_CLOSED_GUARD_2026_06_13,1782980100000,2026-07-02 08:15:00 UTC,BIRBUSDT,1782980100000,2026-07-02 08:15:00 UTC,1782980999999,2026-07-02 08:29:59 UTC,True,0.08423,0.08831,0.08315,0.08759,0.003360000000000002,3.989077525822156,58.697391952184766,0.08465374,0.08798,0.08385754,0.08775072,0.003096979999999999,3.6584089492088587,1782980999999,2026-07-02 08:29:59 UTC,-0.00016072000000000308,-0.18315519234486402,-0.02712546,-0.00171385,-0.02712546,-0.0056552,0.01601698,-73.90571691449591,1782980999999,2026-07-02 08:29:59 UTC,32808,-16577.0,-33.56687253214539,35919330.0,-15695062.0,-30.40830549742793,3068159.01011,-1357052.3330100002,-30.6663846715445,binance_kline_quote_asset_volume,1094.8344915874177,93.5186238146184,0.005159999999999998,6.126083343226877,0.003360000000000002,3.989077525822156,0.003360000000000002,3.989077525822156,0.0007199999999999984,13.953488372092998,0.0010799999999999976,20.930232558139497,0.86046511627907,18678936.0,17240394.0,52.00246218401067,47.997537815989325,1596559.28949,-657978.9705999999,-29.184644246123092,1471599.72062,-699073.3624100003,-32.205372972800554,52.036393297385196,47.963606702614804,1.0834402044408034,1.0849141020612272,124959.56887000008,4.072786594770393,42917345.0,3633113.7651203,1341155.0,3.2257765802975213,188815.79390269984,5.481981973701051,1.5747,0.04370000000000007,2.854343566296543,61.160000000000004,38.84,1.2338,-0.008899999999999908,-0.7161825058340636,55.230000000000004,44.769999999999996,1.5589,0.09949999999999992,6.817870357681233,60.919999999999995,39.08,-0.3409,-0.015800000000000036,0.32509999999999994,1782979200000,2026-07-02 08:00:00 UTC,-0.00475959,0.08284304
FINAL_REAL_MARK_PREMIUM_CLOSED_GUARD_2026_06_13,1782981000000,2026-07-02 08:30:00 UTC,BIRBUSDT,1782981000000,2026-07-02 08:30:00 UTC,1782981899999,2026-07-02 08:44:59 UTC,True,0.08757,0.08796,0.08126,0.08197,-0.00562,-6.416257563648818,51.832572659403425,0.08769244,0.08786,0.08175,0.08263788,-0.005112840000000007,-5.826550483004592,1782981899999,2026-07-02 08:44:59 UTC,-0.0006678799999999957,-0.8082007912109989,-0.0083335,0.0,-0.02676,-0.01273159,-0.007076389999999999,125.13067619182343,1782981899999,2026-07-02 08:44:59 UTC,41103,8295.0,25.283467446964153,40891212.0,4971882.0,13.841800501289974,3463891.59383,395732.58372,12.898046757550944,binance_kline_quote_asset_volume,994.8473834026713,84.27344947643725,0.006699999999999998,7.651022039511246,-0.005599999999999994,-6.394884092725812,0.005599999999999994,6.394884092725812,0.00039000000000000146,5.820895522388084,0.0007100000000000023,10.597014925373173,0.10597014925373173,18112630.0,22778582.0,44.29467632311803,55.70532367688197,1536270.7813,-60288.5081900002,-3.7761521659028756,1927620.8125300002,456021.0919100002,30.988120310180122,44.35100636626322,55.64899363373678,0.7951605591603551,0.7969776894469438,-391350.0312300003,-11.297987267473559,44167784.0,3875754.84680448,1250439.0,2.913598220020367,242641.08168418007,6.678598507254444,1.553,-0.021700000000000053,-1.3780402616371406,60.83,39.17,1.2068,-0.026999999999999913,-2.188361160641912,54.690000000000005,45.31,1.5575,-0.0013999999999998458,-0.08980691513245531,60.9,39.1,-0.34619999999999984,0.0045000000000001705,0.3507,1782979200000,2026-07-02 08:00:00 UTC,-0.00475959,0.08284304
FINAL_REAL_MARK_PREMIUM_CLOSED_GUARD_2026_06_13,1782981900000,2026-07-02 08:45:00 UTC,BIRBUSDT,1782981900000,2026-07-02 08:45:00 UTC,1782982799999,2026-07-02 08:59:59 UTC,True,0.08197,0.08532,0.08021,0.0842,0.002229999999999996,2.7205075027449017,54.125221377412146,0.08266694,0.08496,0.08165398,0.08430606,0.0016681800000000052,2.018662627840895,1782982799999,2026-07-02 08:59:59 UTC,-0.00010606000000000504,-0.12580353061215888,-0.02029068,-0.0058615,-0.02340404,-0.01322715,-0.0004955600000000008,3.8923653683475576,1782982799999,2026-07-02 08:59:59 UTC,35494,-5609.0,-13.64620587305063,33107091.0,-7784121.0,-19.036170901464107,2749687.87677,-714203.7170600002,-20.618535474151784,binance_kline_quote_asset_volume,932.7517608609905,77.46908989603877,0.0051099999999999896,6.233988044406477,0.002229999999999996,2.7205075027449017,0.002229999999999996,2.7205075027449017,0.001119999999999996,21.91780821917805,0.0017599999999999977,34.44227005870844,0.7808219178082195,17389014.0,15718077.0,52.52353340255718,47.47646659744282,1445228.20719,-91042.57410999993,-5.926206188271006,1304459.66958,-623161.1429500002,-32.32799412100671,52.55971848294574,47.44028151705426,1.1063067066028498,1.1079132922946737,140768.53761,5.119436965891482,44264655.0,3657937.2481314,96871.0,0.21932501752861314,-217817.5986730801,-5.620004548344136,1.649,0.09600000000000009,6.181584030907926,62.25000000000001,37.75,1.1704,-0.03639999999999999,-3.0162412993039434,53.93,46.07,1.574,0.01649999999999996,1.0593900481540903,61.150000000000006,38.85,-0.4785999999999999,-0.07499999999999996,0.40359999999999996,1782979200000,2026-07-02 08:00:00 UTC,-0.00475959,0.08284304
FINAL_REAL_MARK_PREMIUM_CLOSED_GUARD_2026_06_13,1782982800000,2026-07-02 09:00:00 UTC,BIRBUSDT,1782982800000,2026-07-02 09:00:00 UTC,1782983699999,2026-07-02 09:14:59 UTC,True,0.08424,0.08668,0.08228,0.08577,0.001570000000000002,1.8646080760095034,55.72308919993502,0.08430503,0.08642,0.08255975,0.08598014,0.0016740799999999945,1.9857172782122596,1782983699999,2026-07-02 09:14:59 UTC,-0.00021013999999999755,-0.24440527777693494,-0.01327472,-0.00049533,-0.02042067,-0.01306342,0.00016373000000000082,-1.237832790888444,1782983699999,2026-07-02 09:14:59 UTC,35489,-5.0,-0.014086887924719672,34823622.0,1716531.0,5.184783525680344,2923836.34283,174148.46606,6.333390328816829,binance_kline_quote_asset_volume,981.2511482431175,82.38711552396518,0.004399999999999987,5.223171889838542,0.0015300000000000036,1.8162393162393204,0.0015300000000000036,1.8162393162393204,0.0009099999999999941,20.68181818181811,0.0019599999999999895,44.54545454545444,0.7931818181818189,18201788.0,16621834.0,52.26850900230884,47.73149099769117,1529305.11911,84076.9119200001,5.8175526537413305,1394531.22372,90071.5541399999,6.904893745699356,52.3047441714804,47.6952558285196,1.0950529285757515,1.0966445878712434,134773.8953900002,4.609488342960799,43436917.0,3661995.33081702,-827738.0,-1.8699750399048631,4058.0826856200583,0.1109391006555147,1.5374,-0.11159999999999992,-6.767738023044265,60.589999999999996,39.410000000000004,1.2169,0.046499999999999986,3.9730006835269975,54.89000000000001,45.11,1.4994,-0.0746,-4.7395171537484115,59.99,40.01,-0.3205,-0.038000000000000034,0.2825,1782979200000,2026-07-02 08:00:00 UTC,-0.00475959,0.08284304
FINAL_REAL_MARK_PREMIUM_CLOSED_GUARD_2026_06_13,1782983700000,2026-07-02 09:15:00 UTC,BIRBUSDT,1782983700000,2026-07-02 09:15:00 UTC,1782984599999,2026-07-02 09:29:59 UTC,True,0.08572,0.089,0.08419,0.08589,0.00011999999999999511,0.13990905911157178,55.84966978619434,0.08598014,0.08886,0.08442761,0.08609685,0.00011671000000000598,0.13574064894521687,1782984599999,2026-07-02 09:29:59 UTC,-0.00020685000000000842,-0.24025269217167458,-0.01295845,-0.00149602,-0.02791434,-0.01677062,-0.0037072000000000008,28.378479754918708,1782984599999,2026-07-02 09:29:59 UTC,42420,6931.0,19.529995209783312,42357999.0,7534377.0,21.635822373674973,3680560.17027,756723.8274400001,25.881196438907462,binance_kline_quote_asset_volume,998.5384016973126,86.7647376301273,0.004809999999999995,5.611292580494627,0.0001699999999999896,0.1983201119925217,0.0001699999999999896,0.1983201119925217,0.0031100000000000017,64.65696465696476,0.0015300000000000036,31.808731808731917,0.3534303534303524,21059491.0,21298508.0,49.71786084607066,50.282139153929336,1831760.78823,302455.66912,19.777326665591634,1848799.38204,454268.15832000016,32.574972190885134,49.76853260072161,50.23146739927839,0.9887777585171694,0.9907839682468959,-17038.59380999999,-0.462934798556766,44046350.0,3787111.339489,609433.0,1.4030300539055292,125116.00867197989,3.4166075423167053,1.4956,-0.04180000000000006,-2.718876024456879,59.93000000000001,40.07,1.2012,-0.015700000000000047,-1.2901635302818677,54.56999999999999,45.43,1.482,-0.017400000000000082,-1.1604641856742752,59.709999999999994,40.29,-0.2944,-0.013600000000000056,0.28079999999999994,1782979200000,2026-07-02 08:00:00 UTC,-0.00475959,0.08284304
FINAL_REAL_MARK_PREMIUM_CLOSED_GUARD_2026_06_13,1782984600000,2026-07-02 09:30:00 UTC,BIRBUSDT,1782984600000,2026-07-02 09:30:00 UTC,1782985499999,2026-07-02 09:44:59 UTC,True,0.08589,0.09048,0.08432,0.08858,0.002690000000000012,3.131912911864026,58.700002350307706,0.08605278,0.09026399,0.08484,0.08876324,0.0026663899999999907,3.0969658007232446,1782985499999,2026-07-02 09:44:59 UTC,-0.0001832399999999873,-0.2064368087509957,-0.01781474,-0.00057611,-0.02603709,-0.01115719,0.005613429999999999,-33.47180962898211,1782985499999,2026-07-02 09:44:59 UTC,39495,-2925.0,-6.895332390381895,42149489.0,-208510.0,-0.4922564920972778,3703287.1831,22727.012829999905,0.6174878762634843,binance_kline_quote_asset_volume,1067.2107608558044,93.76597501202684,0.006159999999999999,7.171964140179298,0.002690000000000012,3.131912911864026,0.002690000000000012,3.131912911864026,0.001899999999999999,30.844155844155836,0.001569999999999988,25.487012987012797,0.6915584415584417,21782844.0,20366645.0,51.679971731092635,48.320028268907365,1914741.58817,82980.79993999982,4.530111162614349,1788545.5949300001,-60253.78710999992,-3.259076549642436,51.703837523267126,48.29616247673288,1.069535213089834,1.0705578843490087,126195.99323999975,3.407675046534248,45511239.0,3918374.31749715,1464889.0,3.3257897646456516,131262.97800815012,3.4660448621999485,1.5667,0.07109999999999994,4.753944905054824,61.040000000000006,38.96,1.1987,-0.0024999999999999467,-0.2081252081252037,54.52,45.48,1.582,0.10000000000000009,6.7476383265857,61.27,38.73,-0.3679999999999999,0.015300000000000091,0.3833,1782979200000,2026-07-02 08:00:00 UTC,-0.00475959,0.08284304
FINAL_REAL_MARK_PREMIUM_CLOSED_GUARD_2026_06_13,1782985500000,2026-07-02 09:45:00 UTC,BIRBUSDT,1782985500000,2026-07-02 09:45:00 UTC,1782986399999,2026-07-02 09:59:59 UTC,True,0.08859,0.09691,0.0884,0.09215,0.00356999999999999,4.030255136599672,62.188850581016915,0.08875511,0.09682,0.08849479,0.09234743,0.003584190000000001,4.037921554012676,1782986399999,2026-07-02 09:59:59 UTC,-0.00019742999999999844,-0.21379046498640886,-0.0185862,0.0033456,-0.0341335,-0.02466045,-0.01350326,121.02742715683787,1782986399999,2026-07-02 09:59:59 UTC,77794,38299.0,96.97176857830105,94304763.0,52155274.0,123.73880499476518,8860521.5337,5157234.3506000005,139.2609888354084,binance_kline_quote_asset_volume,1212.2369720029822,113.8972354384657,0.00850999999999999,9.60605034428264,0.0035599999999999937,4.018512247431983,0.0035599999999999937,4.018512247431983,0.00476,55.93419506462992,0.00018999999999999573,2.232667450058707,0.44065804935370084,46729628.0,47575135.0,49.55171564346119,50.44828435653881,4388519.11153,2473777.5233600005,129.19641682428252,4472002.42217,2683456.82724,150.0356957545175,49.528902952707234,50.47109704729276,0.9822279642506532,0.9813320068374448,-83483.3106399998,-0.9421940945855207,45856727.0,4070391.66431548,345488.0,0.7591267730592876,152017.34681832977,3.8796024703283174,1.5793,0.012599999999999945,0.804238207697705,61.23,38.769999999999996,1.1796,-0.019100000000000117,-1.593392842245776,54.120000000000005,45.879999999999995,1.5981,0.016100000000000003,1.017699115044248,61.51,38.49,-0.39969999999999994,0.01880000000000015,0.4185000000000001,1782979200000,2026-07-02 08:00:00 UTC,-0.00475959,0.08284304
FINAL_REAL_MARK_PREMIUM_CLOSED_GUARD_2026_06_13,1782986400000,2026-07-02 10:00:00 UTC,BIRBUSDT,1782986400000,2026-07-02 10:00:00 UTC,1782987299999,2026-07-02 10:14:59 UTC,True,0.09215,0.09421,0.08713,0.08888,-0.003269999999999995,-3.548562126966897,57.40532144422728,0.09234623,0.09366,0.0876308,0.08879,-0.0035574300000000003,-3.852224149605463,1782987299999,2026-07-02 10:14:59 UTC,9.000000000000674e-05,0.10136276607726855,-0.02677828,-0.00778063,-0.03227413,-0.01606662,0.00859383,-34.84863414901188,1782987299999,2026-07-02 10:14:59 UTC,66795,-10999.0,-14.13862251587526,76214415.0,-18090348.0,-19.182857179758777,6905773.17079,-1954748.3629100006,-22.061323991768816,binance_kline_quote_asset_volume,1141.0197619582304,103.38757647713152,0.007080000000000003,7.683125339121003,-0.003269999999999995,-3.548562126966897,0.003269999999999995,3.548562126966897,0.0020600000000000063,29.09604519774019,0.0017500000000000016,24.717514124293796,0.24717514124293796,36181077.0,40033338.0,47.4727477735019,52.5272522264981,3283724.06671,-1104795.0448200004,-25.174666367918082,3622049.10408,-849953.3180900002,-19.0061014698102,47.550418837958325,52.44958116204168,0.9037736748307124,0.9065929180836065,-338325.03737000003,-4.8991623240833535,52649062.0,4862005.56761066,6792335.0,14.812079806742423,791613.9032951798,19.448101523869106,1.6731,0.0938000000000001,5.939340214018876,62.59,37.41,1.2462,0.06659999999999999,5.645981688708036,55.48,44.519999999999996,1.6903,0.09219999999999984,5.769351104436508,62.83,37.169999999999995,-0.42690000000000006,0.017199999999999882,0.44409999999999994,1782979200000,2026-07-02 08:00:00 UTC,-0.00475959,0.08284304
FINAL_REAL_MARK_PREMIUM_CLOSED_GUARD_2026_06_13,1782987300000,2026-07-02 10:15:00 UTC,BIRBUSDT,1782987300000,2026-07-02 10:15:00 UTC,1782988199999,2026-07-02 10:29:59 UTC,True,0.08889,0.09083,0.08729,0.09014,0.0012599999999999972,1.4176417641764145,58.7228295277582,0.08879,0.09068,0.08775,0.09014365,0.0013536500000000118,1.5245523144498387,1782988199999,2026-07-02 10:29:59 UTC,-3.6500000000078137e-06,-0.004049092753630248,-0.01465965,-0.00465987,-0.02570159,-0.01153438,0.00453224,-28.209044590585947,1782988199999,2026-07-02 10:29:59 UTC,37786,-29009.0,-43.42989744741373,38387690.0,-37826725.0,-49.631982348745964,3422049.64783,-3483723.5229599997,-50.446538523672245,binance_kline_quote_asset_volume,1015.92362250569,90.56395616974541,0.0035399999999999876,3.982450219372244,0.0012500000000000011,1.406232422094725,0.0012500000000000011,1.406232422094725,0.0006899999999999962,19.491525423728774,0.0015999999999999903,45.19774011299423,0.8050847457627123,19500702.0,18886988.0,50.79936302496972,49.20063697503028,1739284.19052,-1544439.87619,-47.033180767146234,1682765.4573100002,-1939283.6467699998,-53.54106449262448,50.82580235569989,49.17419764430011,1.032494011220847,1.033586815657809,56518.733209999744,1.6516047113997765,50556819.0,4488939.95901,-2092243.0,-3.9739416440125757,-373065.6086006593,-7.673080653916144,1.6504,-0.022699999999999942,-1.3567628952244302,62.27,37.730000000000004,1.2256,-0.02059999999999995,-1.653025196597653,55.06999999999999,44.93,1.6546,-0.03569999999999984,-2.112051115186644,62.33,37.669999999999995,-0.42480000000000007,0.0041999999999999815,0.42900000000000005,1782979200000,2026-07-02 08:00:00 UTC,-0.00475959,0.08284304
FINAL_REAL_MARK_PREMIUM_CLOSED_GUARD_2026_06_13,1782988200000,2026-07-02 10:30:00 UTC,BIRBUSDT,1782988200000,2026-07-02 10:30:00 UTC,1782989099999,2026-07-02 10:44:59 UTC,True,0.09014,0.09477,0.08858,0.09352,0.003380000000000008,3.749722653649887,62.108685310634016,0.09019571,0.09519494,0.08883631,0.09383402,0.0036903699999999984,4.093876828817114,1782989099999,2026-07-02 10:44:59 UTC,-0.0003140199999999982,-0.3346547446224708,-0.01155945,0.0010765,-0.02408035,-0.01611847,-0.004584089999999999,39.74283836669157,1782989099999,2026-07-02 10:44:59 UTC,45244,7458.0,19.737468903826812,44097035.0,5709345.0,14.872853771612723,4061751.78866,639702.1408299999,18.693537694160856,binance_kline_quote_asset_volume,974.6493457696048,89.77437425205552,0.006189999999999987,6.867095629021508,0.003380000000000008,3.749722653649887,0.003380000000000008,3.749722653649887,0.0012499999999999872,20.193861066235698,0.001559999999999992,25.201938610662282,0.798061389337643,22278169.0,21818866.0,50.52078671502517,49.479213284974826,2054244.98179,314960.79127000016,18.10864452092991,2007506.80687,324741.34955999977,19.298075566580618,50.57534504016824,49.42465495983176,1.0210507273842737,1.02328170184034,46738.174920000136,1.1506900803364792,52790324.0,4758712.4900426,2233505.0,4.417811571570593,269772.5310325995,6.0097157345828185,1.6137,-0.03670000000000018,-2.2237033446437335,61.739999999999995,38.26,1.2918,0.06620000000000004,5.4014360313315954,56.37,43.63,1.6295,-0.025100000000000122,-1.5169829566058335,61.970000000000006,38.03,-0.32189999999999985,0.015800000000000036,0.3376999999999999,1782979200000,2026-07-02 08:00:00 UTC,-0.00475959,0.08284304
FINAL_REAL_MARK_PREMIUM_CLOSED_GUARD_2026_06_13,1782989100000,2026-07-02 10:45:00 UTC,BIRBUSDT,1782989100000,2026-07-02 10:45:00 UTC,1782989999999,2026-07-02 10:59:59 UTC,True,0.09353,0.09368,0.08556,0.08565,-0.007870000000000002,-8.415312232677504,51.51322169866666,0.09383019,0.09386369,0.08625979,0.08625979,-0.007574230000000001,-8.071944482395619,1782989999999,2026-07-02 10:59:59 UTC,-0.0006097899999999989,-0.7069226577064458,-0.01625162,-0.00436217,-0.03610271,-0.02581962,-0.009701150000000002,60.18654376004672,1782989999999,2026-07-02 10:59:59 UTC,50094,4850.0,10.719653434709574,54623906.0,10526871.0,23.872060785946267,4922659.91375,860908.1250900002,21.19548829875741,binance_kline_quote_asset_volume,1090.4281151435302,98.26845358226535,0.008120000000000002,8.681706404362238,-0.007879999999999998,-8.425104244627391,0.007879999999999998,8.425104244627391,0.00014999999999999736,1.8472906403940554,9.000000000000674e-05,1.108374384236536,0.01108374384236536,22756459.0,31867447.0,41.66025585940339,58.33974414059661,2056191.87715,1946.8953599999659,0.09477425415460948,2866468.0366,858961.2297300003,42.78746287636493,41.76993562782255,58.230064372177445,0.7140973357545711,0.7173259394125001,-810276.1594500002,-16.460128744354904,54231583.0,5088767.44385366,1441259.0,2.7301575190180687,330054.9538110597,6.935803633896468,1.6281,0.01440000000000019,0.8923591745677754,61.95,38.05,1.2652,-0.026599999999999957,-2.0591422820870067,55.85,44.15,1.6874,0.05790000000000006,3.553237189321882,62.79,37.21,-0.3629,0.05929999999999991,0.4221999999999999,1782979200000,2026-07-02 08:00:00 UTC,-0.00475959,0.08284304
FINAL_REAL_MARK_PREMIUM_CLOSED_GUARD_2026_06_13,1782990000000,2026-07-02 11:00:00 UTC,BIRBUSDT,1782990000000,2026-07-02 11:00:00 UTC,1782990899999,2026-07-02 11:14:59 UTC,True,0.08574,0.08639,0.08138,0.08505,-0.0006000000000000033,-0.7005253940455379,50.801669420556316,0.08636857,0.08636857,0.08304,0.08507,-0.0011897899999999961,-1.3793101049747467,1782990899999,2026-07-02 11:14:59 UTC,-2.0000000000006124e-05,-0.02351005054661587,-0.03006958,-0.00486435,-0.03033381,-0.01133227,0.014487350000000001,-56.10984979639515,1782990899999,2026-07-02 11:14:59 UTC,65155,15061.0,30.06547690342157,75641216.0,21017310.0,38.47639529842483,6382118.10946,1459458.1957099997,29.64775591410313,binance_kline_quote_asset_volume,1160.9426137671705,97.95285257401581,0.0050100000000000006,5.843247025892233,-0.0006899999999999962,-0.8047585724282671,0.0006899999999999962,0.8047585724282671,0.0006499999999999978,12.97405189620754,0.0036700000000000066,73.25349301397218,0.7325349301397218,37123203.0,38518013.0,49.07800926944379,50.92199073055621,3135014.24261,1078822.36546,52.467008427020424,3247103.86685,380635.83024999965,13.278914168583672,49.1218462090677,50.8781537909323,0.9637881112922414,0.9654801235697036,-112089.6242399998,-1.7563075818646023,54040062.0,4661484.39970698,-191521.0,-0.35315399146655924,-427283.04414667934,-8.396592079733619,1.7255,0.09739999999999993,5.982433511455066,63.31,36.69,1.2503,-0.014900000000000135,-1.1776794182738013,55.559999999999995,44.440000000000005,1.6925,0.005099999999999882,0.30224013274860034,62.86000000000001,37.14,-0.47520000000000007,-0.03300000000000014,0.4421999999999999,1782979200000,2026-07-02 08:00:00 UTC,-0.00475959,0.08284304
FINAL_REAL_MARK_PREMIUM_CLOSED_GUARD_2026_06_13,1782990900000,2026-07-02 11:15:00 UTC,BIRBUSDT,1782990900000,2026-07-02 11:15:00 UTC,1782991799999,2026-07-02 11:29:59 UTC,True,0.08505,0.08993,0.08364,0.08807,0.003019999999999995,3.550852439741323,54.2287274946166,0.08505,0.08962,0.08407,0.08817,0.0030999999999999917,3.6440578347243346,1782991799999,2026-07-02 11:29:59 UTC,-0.00010000000000000286,-0.113417262107296,-0.01115939,0.0,-0.01965113,-0.01393816,-0.0026058899999999996,22.995304559457193,1782991799999,2026-07-02 11:29:59 UTC,50402,-14753.0,-22.642928401504108,53714396.0,-21926820.0,-28.9879263707236,4672265.71407,-1709852.3953900002,-26.7912997858116,binance_kline_quote_asset_volume,1065.7195349390897,92.70000623130034,0.00628999999999999,7.395649617871829,0.003019999999999995,3.550852439741323,0.003019999999999995,3.550852439741323,0.0018600000000000005,29.570747217806097,0.0014099999999999946,22.416534181240014,0.7042925278219391,29124533.0,24589863.0,54.221093726903305,45.778906273096695,2534234.53368,-600779.7089300002,-19.16354001728017,2138031.18039,-1109072.68646,-34.15575022969333,54.23994885497285,45.76005114502715,1.1844121701694719,1.1853122428353586,396203.35329,8.4798977099457,52751519.0,4487571.72133,-1288543.0,-2.384421764727065,-173912.67837698013,-3.7308432993557212,1.6205,-0.10499999999999998,-6.085192697768761,61.839999999999996,38.16,1.2369,-0.013399999999999856,-1.0717427817323728,55.28999999999999,44.71,1.5419,-0.15059999999999985,-8.89807976366321,60.660000000000004,39.34,-0.38359999999999994,-0.0786,0.30499999999999994,1782979200000,2026-07-02 08:00:00 UTC,-0.00475959,0.08284304
FINAL_REAL_MARK_PREMIUM_CLOSED_GUARD_2026_06_13,1782991800000,2026-07-02 11:30:00 UTC,BIRBUSDT,1782991800000,2026-07-02 11:30:00 UTC,1782992699999,2026-07-02 11:44:59 UTC,True,0.08805,0.08993,0.08615,0.08846,0.00039000000000000146,0.4428295673895782,54.667884116128484,0.0881415,0.08975,0.0865,0.08846592,0.00029592000000000507,0.3356243620279064,1782992699999,2026-07-02 11:44:59 UTC,-5.920000000006476e-06,-0.0066918424631841,-0.0155352,0.0,-0.01796071,-0.01032135,0.00361681,-25.948977483398096,1782992699999,2026-07-02 11:44:59 UTC,39618,-10784.0,-21.395976350144835,41367889.0,-12346507.0,-22.98547115749007,3642408.63691,-1029857.0771599999,-22.04192013435156,binance_kline_quote_asset_volume,1044.1690393255592,91.93822598086727,0.0037799999999999917,4.293015332197606,0.0004099999999999937,0.46564452015899344,0.0004099999999999937,0.46564452015899344,0.001469999999999999,38.88888888888895,0.001899999999999999,50.264550264550344,0.6111111111111105,20934544.0,20433345.0,50.60578266394013,49.39421733605986,1844427.28099,-689807.2526899998,-27.219550658096363,1797981.3559199998,-340049.8244700001,-15.904811285678788,50.63757158655052,49.362428413449486,1.0245284851794947,1.025832261784625,46445.92507000035,1.2751431731010354,52199715.0,4602448.87155,-551804.0,-1.0460438115535593,114877.15022000019,2.5598955817012228,1.5336,-0.08689999999999998,-5.362542425177413,60.529999999999994,39.47,1.2657,0.028799999999999937,2.3284016492844963,55.86,44.14,1.5,-0.04190000000000005,-2.7174265516570495,60.0,40.0,-0.2679,-0.033600000000000074,0.23429999999999995,1782979200000,2026-07-02 08:00:00 UTC,-0.00475959,0.08284304
FINAL_REAL_MARK_PREMIUM_CLOSED_GUARD_2026_06_13,1782992700000,2026-07-02 11:45:00 UTC,BIRBUSDT,1782992700000,2026-07-02 11:45:00 UTC,1782993599999,2026-07-02 11:59:59 UTC,True,0.08844,0.08998,0.08559,0.08666,-0.001799999999999996,-2.0348179968347235,52.17949167110295,0.08846091,0.08967,0.08652625,0.08669,-0.0017759200000000003,-2.007462308649478,1782993599999,2026-07-02 11:59:59 UTC,-3.0000000000002247e-05,-0.03460606759718796,-0.01024249,-0.00496999,-0.01595097,-0.01026637,5.497999999999961e-05,-0.5326822557126695,1782993599999,2026-07-02 11:59:59 UTC,29394,-10224.0,-25.806451612903224,29370070.0,-11997819.0,-29.002734463922003,2580163.96657,-1062244.6703399997,-29.16324817528283,binance_kline_quote_asset_volume,999.185888276519,87.77859313363273,0.004390000000000005,4.963817277250119,-0.0017800000000000038,-2.0126639529624644,0.0017800000000000038,2.0126639529624644,0.0015399999999999997,35.07972665148059,0.0010700000000000015,24.373576309794995,0.24373576309794995,13840047.0,15530023.0,47.12296225375016,52.87703774624985,1216564.24089,-627863.0401000001,-34.0410840032139,1363599.7256800001,-434381.6302399996,-24.159406815302216,47.15065618512871,52.84934381487128,0.8911800710147049,0.8921710806910903,-147035.48479000013,-5.698687629742582,54101404.0,4786130.47815168,1901689.0,3.643102265979805,183681.6066016797,3.990953766745917,1.5138,-0.01980000000000004,-1.2910798122065752,60.22,39.78,1.2892,0.023499999999999854,1.8566800979694913,56.32,43.68,1.4631,-0.03689999999999993,-2.4599999999999955,59.4,40.6,-0.22460000000000013,-0.05069999999999997,0.17390000000000017,1782979200000,2026-07-02 08:00:00 UTC,-0.00475959,0.08284304
FINAL_REAL_MARK_PREMIUM_CLOSED_GUARD_2026_06_13,1782993600000,2026-07-02 12:00:00 UTC,BIRBUSDT,1782993600000,2026-07-02 12:00:00 UTC,1782994499999,2026-07-02 12:14:59 UTC,True,0.08664,0.09067,0.08538,0.08609,-0.0005700000000000011,-0.6577429033002551,51.38189422685315,0.08686,0.09012278,0.0858272,0.08616424,-0.0005257600000000001,-0.6064828699965396,1782994499999,2026-07-02 12:14:59 UTC,-7.424000000000319e-05,-0.08616103385813324,-0.01189303,0.0,-0.01796816,-0.01265779,-0.00239142,23.293725045951003,1782994499999,2026-07-02 12:14:59 UTC,39370,9976.0,33.93889909505341,42112359.0,12742289.0,43.385286449776935,3690869.65282,1110705.6862499998,43.047872175602144,binance_kline_quote_asset_volume,1069.6560579121158,93.74827667818136,0.005290000000000003,6.105724838411823,-0.0005499999999999949,-0.6348107109879905,0.0005499999999999949,0.6348107109879905,0.004030000000000006,76.1814744801513,0.0007100000000000023,13.421550094517995,0.13421550094517995,21114496.0,20997863.0,50.13847835026293,49.86152164973708,1850847.66875,634283.4278599999,52.13727368774034,1840021.98407,476422.25838999986,34.93857100568259,50.14665493092839,49.853345069071615,1.0055545176192453,1.0058834539878998,10825.684679999948,0.2933098618567743,53858347.0,4668980.10143,-243057.0,-0.44926190824918333,-117150.37672168016,-2.4477054534234424,1.5291,0.01529999999999987,1.010701545778826,60.46,39.54,1.3091,0.01990000000000003,1.543592925845488,56.69,43.309999999999995,1.4486,-0.014499999999999957,-0.9910464083111173,59.160000000000004,40.839999999999996,-0.21999999999999997,-0.0804999999999998,0.13950000000000018,1782979200000,2026-07-02 08:00:00 UTC,-0.00475959,0.08284304
FINAL_REAL_MARK_PREMIUM_CLOSED_GUARD_2026_06_13,1782994500000,2026-07-02 12:15:00 UTC,BIRBUSDT,1782994500000,2026-07-02 12:15:00 UTC,1782995399999,2026-07-02 12:29:59 UTC,True,0.08609,0.08957,0.08557,0.08754,0.0014500000000000068,1.6842838889534288,53.33598115060396,0.08606386,0.08932873,0.08578,0.08764634,0.0014821,1.7200871266316513,1782995399999,2026-07-02 12:29:59 UTC,-0.00010633999999999644,-0.12132851183517353,-0.01126413,-0.00347855,-0.01569954,-0.01136836,0.0012894300000000011,-10.18684936311948,1782995399999,2026-07-02 12:29:59 UTC,25214,-14156.0,-35.956311912623825,24778632.0,-17333727.0,-41.16066497248468,2169413.00711,-1521456.6457099998,-41.22217224733294,binance_kline_quote_asset_volume,982.733084794162,86.04001773260887,0.0040000000000000036,4.646300383319786,0.0014500000000000068,1.6842838889534288,0.0014500000000000068,1.6842838889534288,0.00202999999999999,50.74999999999971,0.0005200000000000066,13.000000000000153,0.49250000000000294,13108749.0,11669883.0,52.90344115849494,47.09655884150506,1148152.34651,-702695.3222399999,-37.96613487454516,1021260.6606000001,-818761.32347,-44.497366366186405,52.92456266958221,47.075437330417785,1.1232973801022683,1.124250047813895,126891.68591,5.849125339164427,53519825.0,4611495.046058,-338522.0,-0.6285413846808183,-57485.05537199974,-1.231212258848424,1.4869,-0.04219999999999979,-2.7597933424890324,59.79,40.21,1.312,0.0029000000000001247,0.2215262394011248,56.75,43.25,1.4225,-0.026100000000000012,-1.8017396106585677,58.720000000000006,41.28,-0.17490000000000006,-0.06440000000000001,0.11050000000000004,1782993600005,2026-07-02 12:00:00 UTC,-0.00637528,0.08686
FINAL_REAL_MARK_PREMIUM_CLOSED_GUARD_2026_06_13,1782995400000,2026-07-02 12:30:00 UTC,BIRBUSDT,1782995400000,2026-07-02 12:30:00 UTC,1782996299999,2026-07-02 12:44:59 UTC,True,0.08754,0.08948,0.08604,0.08692,-0.0006200000000000094,-0.7082476582133989,52.36678840456247,0.08760282,0.08923605,0.08679,0.08697,-0.0006763399999999975,-0.771669415973328,1782996299999,2026-07-02 12:44:59 UTC,-5.000000000000837e-05,-0.057491088881233034,-0.01053699,-0.0022762,-0.0161607,-0.01190284,-0.0005344800000000004,4.701469693077985,1782996299999,2026-07-02 12:44:59 UTC,24459,-755.0,-2.9943682081383356,24981763.0,203131.0,0.8197829484694715,2196105.11739,26692.110279999673,1.2303839883193919,binance_kline_quote_asset_volume,1021.3730324216035,89.78719969704403,0.0034399999999999986,3.9296321681517004,-0.0006200000000000094,-0.7082476582133989,0.0006200000000000094,0.7082476582133989,0.0019399999999999973,56.39534883720925,0.0008799999999999919,25.58139534883698,0.2558139534883698,12778501.0,12203262.0,51.15131786335496,48.84868213664504,1123602.25106,-24550.09545000014,-2.1382263011197282,1072502.8663299999,51242.20572999981,5.017544267287701,51.16340935425555,48.83659064574445,1.0471381340497319,1.047644986632863,51099.38473000005,2.3268187085110945,53715388.0,4707957.15987992,195563.0,0.36540291378008055,96462.11382192001,2.0917752888920003,1.4777,-0.009200000000000097,-0.6187369695339362,59.64,40.36,1.329,0.016999999999999904,1.2957317073170658,57.06,42.94,1.4021,-0.020400000000000196,-1.4340949033392052,58.37,41.63,-0.14870000000000005,-0.07560000000000011,0.07309999999999994,1782993600005,2026-07-02 12:00:00 UTC,-0.00637528,0.08686
FINAL_REAL_MARK_PREMIUM_CLOSED_GUARD_2026_06_13,1782996300000,2026-07-02 12:45:00 UTC,BIRBUSDT,1782996300000,2026-07-02 12:45:00 UTC,1782997199999,2026-07-02 12:59:59 UTC,True,0.08693,0.09405,0.08672,0.09112,0.004200000000000009,4.832029452370006,57.942220041844344,0.08695,0.09352277,0.08692,0.09102866,0.004058659999999992,4.666735655973314,1782997199999,2026-07-02 12:59:59 UTC,9.134000000000919e-05,0.10034202414932747,-0.01088305,0.00368298,-0.01666912,-0.00983831,0.00206453,-17.344852152931573,1782997199999,2026-07-02 12:59:59 UTC,44208,19749.0,80.74328468048571,48409705.0,23427942.0,93.78017876480536,4401165.38801,2205060.27062,100.40777434372737,binance_kline_quote_asset_volume,1095.0439965617084,99.55585839689648,0.007329999999999989,8.432071781893466,0.004190000000000013,4.8199700908777325,0.004190000000000013,4.8199700908777325,0.002929999999999988,39.972714870395535,0.00020999999999998797,2.86493860845823,0.6002728512960447,24713953.0,23695752.0,51.051649664049805,48.948350335950195,2248246.94131,1124644.6902500002,100.09277653093139,2152918.4466999997,1080415.5803699999,100.73778022310343,51.082991505723705,48.917008494276295,1.0429697694337787,1.0442787299983982,95328.4946100004,2.165983011447417,54937233.0,4777891.15401,1221845.0,2.2746647571455685,69933.99413007963,1.4854424489254134,1.442,-0.035700000000000065,-2.415916627190909,59.050000000000004,40.949999999999996,1.3147,-0.01429999999999998,-1.0759969902182076,56.8,43.2,1.3889,-0.013199999999999878,-0.9414449753940431,58.14,41.86,-0.12729999999999997,-0.053099999999999925,0.07420000000000004,1782993600005,2026-07-02 12:00:00 UTC,-0.00637528,0.08686
FINAL_REAL_MARK_PREMIUM_CLOSED_GUARD_2026_06_13,1782997200000,2026-07-02 13:00:00 UTC,BIRBUSDT,1782997200000,2026-07-02 13:00:00 UTC,1782998099999,2026-07-02 13:14:59 UTC,True,0.0912,0.09488,0.08925,0.09027,-0.0008500000000000035,-0.9328358208955261,56.500842103839126,0.09104,0.09400286,0.09001723,0.09017,-0.0008586599999999972,-0.9432853345309019,1782998099999,2026-07-02 13:14:59 UTC,0.00010000000000000286,0.1109016302539679,-0.00627368,-0.00179274,-0.01971028,-0.00864391,0.0011944,-12.140296453354287,1782998099999,2026-07-02 13:14:59 UTC,53562,9354.0,21.159066232356135,55647177.0,7237472.0,14.950456731764838,5115841.26504,714675.8770300001,16.238332669273827,binance_kline_quote_asset_volume,1038.9301557074045,95.5125138165117,0.00563000000000001,6.173245614035099,-0.0009300000000000003,-1.0197368421052633,0.0009300000000000003,1.0197368421052633,0.0036800000000000027,65.36412078152748,0.001020000000000007,18.117229129662615,0.18117229129662615,27254557.0,28392620.0,48.977429708608575,51.022570291391425,2509301.56905,261054.6277399999,11.611474831492023,2606539.69599,453621.2492900002,21.07006189599575,49.04963698146291,50.95036301853708,0.959916943205664,0.9626945535916469,-97238.12693999987,-1.9007260370741699,56630650.0,5155012.184429,1693417.0,3.0824577568367886,377121.0304190004,7.89304356802874,1.4426,0.000600000000000156,0.04160887656034369,59.06,40.94,1.299,-0.015700000000000047,-1.1941887883167297,56.49999999999999,43.5,1.3708,-0.018100000000000005,-1.3031895744834046,57.82000000000001,42.18,-0.14360000000000017,-0.07180000000000009,0.07180000000000009,1782993600005,2026-07-02 12:00:00 UTC,-0.00637528,0.08686
FINAL_REAL_MARK_PREMIUM_CLOSED_GUARD_2026_06_13,1782998100000,2026-07-02 13:15:00 UTC,BIRBUSDT,1782998100000,2026-07-02 13:15:00 UTC,1782998999999,2026-07-02 13:29:59 UTC,True,0.09025,0.09068,0.08647,0.09026,-9.999999999996123e-06,-0.01107787747867079,56.48304019546077,0.09026,0.09056,0.08735595,0.0903,0.0001300000000000051,0.14417211933015983,1782998999999,2026-07-02 13:29:59 UTC,-3.999999999999837e-05,-0.04429678848283319,-0.01063672,-0.00445147,-0.01786542,-0.00520986,0.0034340499999999993,-39.72797032824265,1782998999999,2026-07-02 13:29:59 UTC,46370,-7192.0,-13.42742989432807,46407152.0,-9240025.0,-16.604660825831292,4113219.22454,-1002622.0405000001,-19.598380570397953,binance_kline_quote_asset_volume,1000.8012076773776,88.70431797584645,0.0042099999999999915,4.664819944598329,1.0000000000010001e-05,0.01108033240998338,1.0000000000010001e-05,0.01108033240998338,0.0004199999999999898,9.976247030878637,0.0037799999999999917,89.78622327790973,0.9002375296912136,22285164.0,24121988.0,48.020968836872385,51.97903116312761,1977229.86187,-532071.7071800001,-21.203976187742068,2135989.3626699997,-470550.3333200002,-18.05268241431016,48.07013081319833,51.92986918680166,0.9238527106472318,0.9256740208661202,-158759.5007999998,-3.8597383736033333,57995534.0,5229457.30078,1364884.0,2.410150686951324,74445.11635100003,1.444130754450312,1.4402,-0.0024000000000001798,-0.16636628309997084,59.019999999999996,40.98,1.2461,-0.05289999999999995,-4.072363356428018,55.48,44.519999999999996,1.3855,0.014699999999999935,1.072366501313097,58.08,41.92,-0.19409999999999994,-0.05469999999999997,0.13939999999999997,1782993600005,2026-07-02 12:00:00 UTC,-0.00637528,0.08686
FINAL_REAL_MARK_PREMIUM_CLOSED_GUARD_2026_06_13,1782999000000,2026-07-02 13:30:00 UTC,BIRBUSDT,1782999000000,2026-07-02 13:30:00 UTC,1782999899999,2026-07-02 13:44:59 UTC,True,0.09032,0.09768,0.09017,0.09317,0.002909999999999996,3.224019499224458,60.393729080479,0.09029,0.09697,0.09029,0.09346852,0.003168519999999994,3.508881506090802,1782999899999,2026-07-02 13:44:59 UTC,-0.00029851999999999657,-0.3193802576525193,-0.00476897,0.0,-0.01929177,-0.00932121,-0.00411135,78.9147884971957,1782999899999,2026-07-02 13:44:59 UTC,80965,34595.0,74.60642656890231,94266260.0,47859108.0,103.1287332607698,8861406.4604,4748187.23586,115.43725186179475,binance_kline_quote_asset_volume,1164.2840733650344,109.4473718322732,0.007510000000000003,8.314880425155009,0.0028500000000000053,3.155447298494249,0.0028500000000000053,3.155447298494249,0.00451,60.05326231691076,0.00014999999999999736,1.997336884154425,0.39946737683089234,48581846.0,45684414.0,51.53683406979337,48.46316593020663,4571368.11882,2594138.2569500003,131.2006412090372,4290038.34158,2154048.97891,100.84549186225466,51.587387840165164,48.412612159834836,1.0634227682114954,1.0655774505587259,281329.77724000067,3.174775680330338,58809402.0,5310489.0006,813868.0,1.403328745968612,81031.69981999975,1.5495240740929934,1.416,-0.0242,-1.6803221774753507,58.60999999999999,41.39,1.293,0.04689999999999994,3.763742877778665,56.38999999999999,43.61,1.3624,-0.0230999999999999,-1.6672681342475566,57.67,42.33,-0.123,-0.05359999999999987,0.06940000000000013,1782993600005,2026-07-02 12:00:00 UTC,-0.00637528,0.08686
FINAL_REAL_MARK_PREMIUM_CLOSED_GUARD_2026_06_13,1782999900000,2026-07-02 13:45:00 UTC,BIRBUSDT,1782999900000,2026-07-02 13:45:00 UTC,1783000799999,2026-07-02 13:59:59 UTC,True,0.09317,0.09845,0.08907,0.08948,-0.003689999999999999,-3.9605023076097443,53.792368608350266,0.09346412,0.09750212,0.08966133,0.08967521,-0.003793309999999994,-4.05838243720987,1783000799999,2026-07-02 13:59:59 UTC,-0.00019521000000000122,-0.21768557887960477,-0.01159807,0.0031241,-0.01885397,-0.0145318,-0.005210589999999999,55.90036057550467,1783000799999,2026-07-02 13:59:59 UTC,57120,-23845.0,-29.450997344531586,67130227.0,-27136033.0,-28.78658069175546,6263103.46509,-2598302.99531,-29.321564324143573,binance_kline_quote_asset_volume,1175.2490721288516,109.64816990703781,0.00938,10.06761833208114,-0.003689999999999999,-3.9605023076097443,0.003689999999999999,3.9605023076097443,0.005279999999999993,56.28997867803831,0.0004100000000000076,4.371002132196243,0.04371002132196243,31952924.0,35177303.0,47.59841494353952,52.40158505646049,2988951.27185,-1582416.8469700003,-34.61582628743683,3274152.19324,-1015886.1483399998,-23.680118158707504,47.72316613497058,52.27683386502942,0.9083392208891057,0.9128931996567411,-285200.9213899998,-4.553667730058831,59661394.0,5576462.19831688,851992.0,1.4487343367307153,265973.19771687966,5.008450214035449,1.348,-0.06799999999999984,-4.802259887005639,57.410000000000004,42.59,1.2993,0.006299999999999972,0.48723897911832736,56.510000000000005,43.49,1.3175,-0.04490000000000016,-3.2956547269524488,56.85,43.15,-0.04870000000000019,-0.030500000000000194,0.018199999999999994,1782993600005,2026-07-02 12:00:00 UTC,-0.00637528,0.08686
FINAL_REAL_MARK_PREMIUM_CLOSED_GUARD_2026_06_13,1783000800000,2026-07-02 14:00:00 UTC,BIRBUSDT,1783000800000,2026-07-02 14:00:00 UTC,1783001699999,2026-07-02 14:14:59 UTC,True,0.08948,0.09287,0.0875,0.09075,0.0012699999999999934,1.4193115780062509,55.59152732389722,0.08966859,0.09286986,0.08815946,0.09091049,0.0012352799999999914,1.3775044407478847,1783001699999,2026-07-02 14:14:59 UTC,-0.00016048999999999924,-0.17653628310660216,-0.01406117,0.0,-0.0186153,-0.00739361,0.007138189999999999,-49.12116874716139,1783001699999,2026-07-02 14:14:59 UTC,47091,-10029.0,-17.557773109243698,54217141.0,-12913086.0,-19.235874176322984,4887677.74714,-1375425.7179500004,-21.96076953887965,binance_kline_quote_asset_volume,1151.327026395702,103.79218422076404,0.00537,6.00134108180599,0.0012699999999999934,1.4193115780062509,0.0012699999999999934,1.4193115780062509,0.002119999999999997,39.47858472998132,0.0019800000000000095,36.871508379888446,0.6052141527001867,27687732.0,26529409.0,51.06822582179314,48.93177417820685,2497203.60843,-491747.6634200001,-16.452180671237063,2390474.1387099996,-883678.0545300003,-26.98952285585539,51.091821875761475,48.908178124238525,1.0436618471221881,1.044647824459459,106729.4697200004,2.1836437515229523,58351073.0,5232644.72500033,-1310321.0,-2.1962627960050685,-343817.4733165493,-6.165512489626888,1.3998,0.051799999999999846,3.842729970326398,58.330000000000005,41.67,1.2489,-0.0504,-3.8790117755714624,55.53,44.47,1.3866,0.06910000000000016,5.244781783681227,58.099999999999994,41.9,-0.15090000000000003,-0.013199999999999878,0.13770000000000016,1782993600005,2026-07-02 12:00:00 UTC,-0.00637528,0.08686
FINAL_REAL_MARK_PREMIUM_CLOSED_GUARD_2026_06_13,1783001700000,2026-07-02 14:15:00 UTC,BIRBUSDT,1783001700000,2026-07-02 14:15:00 UTC,1783002599999,2026-07-02 14:29:59 UTC,True,0.09072,0.09187,0.08864,0.09043,-0.00032000000000000084,-0.35261707988980806,55.01032026005818,0.09089914,0.09181947,0.08926164,0.09056685,-0.0003436399999999923,-0.3779981826079612,1783002599999,2026-07-02 14:29:59 UTC,-0.0001368500000000078,-0.15110385312065924,-0.01049953,-8.187e-05,-0.01880183,-0.00766791,-0.0002742999999999999,3.709960357660194,1783002599999,2026-07-02 14:29:59 UTC,30878,-16213.0,-34.42908411373723,32732337.0,-21484804.0,-39.62732745350774,2952206.5262,-1935471.2209399994,-39.59899406364363,binance_kline_quote_asset_volume,1060.053662801995,95.6087352224885,0.0032299999999999968,3.560405643738974,-0.0002899999999999986,-0.3196649029982348,0.0002899999999999986,0.3196649029982348,0.0011499999999999982,35.60371517027862,0.00179,55.4179566563468,0.554179566563468,16338065.0,16394272.0,49.91414148033487,50.08585851966513,1474461.42555,-1022742.18288,-40.95549835934288,1477745.1006500002,-912729.0380599995,-38.1819248022715,49.94438608764566,50.055613912354346,0.9965715464523219,0.9977779150825432,-3283.6751000001095,-0.11122782470868549,59323137.0,5393095.45300713,972064.0,1.665888817502979,160450.7280067997,3.0663409506898938,1.4056,0.005800000000000027,0.41434490641520416,58.43000000000001,41.57,1.2761,0.027200000000000113,2.1779165665785984,56.07,43.93,1.4366,0.050000000000000044,3.605942593393916,58.96,41.04,-0.12949999999999995,0.03100000000000014,0.1605000000000001,1782993600005,2026-07-02 12:00:00 UTC,-0.00637528,0.08686
FINAL_REAL_MARK_PREMIUM_CLOSED_GUARD_2026_06_13,1783002600000,2026-07-02 14:30:00 UTC,BIRBUSDT,1783002600000,2026-07-02 14:30:00 UTC,1783003499999,2026-07-02 14:44:59 UTC,True,0.09042,0.09289,0.08922,0.0903,-0.00012999999999999123,-0.1437576025655106,54.759846315133075,0.09056861,0.09273046,0.08947,0.09032,-0.0002468500000000068,-0.27256109713433424,1783003499999,2026-07-02 14:44:59 UTC,-1.9999999999992246e-05,-0.022143489813986103,-0.00841347,0.0,-0.01807717,-0.01172037,-0.004052460000000001,52.84960308610822,1783003499999,2026-07-02 14:44:59 UTC,30061,-817.0,-2.6458967549711767,31520460.0,-1211877.0,-3.702384586838391,2872559.55778,-79646.96842000028,-2.697879288361295,binance_kline_quote_asset_volume,1048.5499484381758,95.55768463391105,0.0036700000000000066,4.058836540588373,-0.00011999999999999511,-0.13271400132713462,0.00011999999999999511,0.13271400132713462,0.00247,67.30245231607618,0.0010800000000000115,29.427792915531597,0.294277929155316,15105255.0,16415205.0,47.922063954650405,52.077936045349595,1377344.31527,-97117.11028000014,-6.5866158718783545,1495215.24251,17470.141859999858,1.1822161922455674,47.94832927100223,52.05167072899777,0.9201989862447651,0.9211679202506446,-117870.9272400001,-4.1033414579955405,58708531.0,5317046.72079735,-614606.0,-1.0360308491440702,-76048.73220978025,-1.410112853971022,1.4131,0.007500000000000062,0.5335799658508866,58.56,41.44,1.2593,-0.016799999999999926,-1.3165112452002137,55.74,44.26,1.4248,-0.011800000000000033,-0.8213838229152186,58.76,41.24,-0.15379999999999994,0.011700000000000044,0.16549999999999998,1782993600005,2026-07-02 12:00:00 UTC,-0.00637528,0.08686
FINAL_REAL_MARK_PREMIUM_CLOSED_GUARD_2026_06_13,1783003500000,2026-07-02 14:45:00 UTC,BIRBUSDT,1783003500000,2026-07-02 14:45:00 UTC,1783004399999,2026-07-02 14:59:59 UTC,True,0.0903,0.09242,0.0897,0.09134,0.0010399999999999993,1.1517165005537089,56.467525963259575,0.09032,0.09242783,0.08987,0.09149363,0.0011736300000000088,1.299413197519939,1783004399999,2026-07-02 14:59:59 UTC,-0.00015363000000000182,-0.1679133290481554,-0.01310792,0.00046086,-0.01310792,-0.00616341,0.0055569600000000005,-47.41283764932336,1783004399999,2026-07-02 14:59:59 UTC,25253,-4808.0,-15.994145238016033,24013948.0,-7506512.0,-23.814728592158872,2190659.15571,-681900.4020699998,-23.738425204210316,binance_kline_quote_asset_volume,950.9344632320913,86.74847169484813,0.00272,3.0121816168327795,0.0010399999999999993,1.1517165005537089,0.0010399999999999993,1.1517165005537089,0.0010799999999999976,39.70588235294109,0.0006000000000000033,22.05882352941188,0.6029411764705891,12206546.0,11807402.0,50.83106701155512,49.16893298844488,1114425.36371,-262918.95155999996,-19.088832664798137,1076233.7920000001,-418981.4505099999,-28.021480693753542,50.87169132656837,49.12830867343163,1.033804557514007,1.0354863153284075,38191.571709999815,1.7433826531367356,59706277.0,5392670.93864,997746.0,1.699490658350828,75624.2178426506,1.4222974108324162,1.4237,0.010599999999999943,0.750123841200194,58.74,41.260000000000005,1.2891,0.029799999999999827,2.366394028428478,56.32,43.68,1.4349,0.010099999999999998,0.7088714205502525,58.93000000000001,41.07,-0.13460000000000005,0.011200000000000099,0.14580000000000015,1782993600005,2026-07-02 12:00:00 UTC,-0.00637528,0.08686
FINAL_REAL_MARK_PREMIUM_CLOSED_GUARD_2026_06_13,1783004400000,2026-07-02 15:00:00 UTC,BIRBUSDT,1783004400000,2026-07-02 15:00:00 UTC,1783005299999,2026-07-02 15:14:59 UTC,True,0.09132,0.0941,0.08854,0.09238,0.0010399999999999993,1.138603021677249,58.1680212125319,0.09149244,0.09387,0.08961667,0.09244908,0.0009554499999999966,1.0442803504462512,1783005299999,2026-07-02 15:14:59 UTC,-6.907999999999914e-05,-0.07472221465048559,-0.00707163,0.0,-0.02003632,-0.00324295,0.00292046,-47.383834598055294,1783005299999,2026-07-02 15:14:59 UTC,46456,21203.0,83.96230150873164,49014393.0,25000445.0,104.1080167242804,4486227.78246,2295568.6267500003,104.78894540789476,binance_kline_quote_asset_volume,1055.0713147924919,96.56939431849493,0.005560000000000009,6.088480070083234,0.0010600000000000054,1.1607533946561601,0.0010600000000000054,1.1607533946561601,0.0017199999999999993,30.935251798561087,0.0027800000000000047,50.0,0.6906474820143891,25254727.0,23759666.0,51.52512446701115,48.47487553298885,2313450.24068,1199024.8769699999,107.59131261858239,2172777.5417800006,1096543.7497800004,101.88713251070267,51.567828315026645,48.432171684973355,1.0629243273032543,1.0647432588909935,140672.69889999926,3.13565663005328,60817838.0,5564444.76737194,1111561.0,1.8617154775870548,171773.82873194013,3.1853200517230236,1.4155,-0.008199999999999985,-0.5759640373674219,58.599999999999994,41.4,1.2735,-0.015599999999999836,-1.2101466139166734,56.02,43.980000000000004,1.4237,-0.011200000000000099,-0.7805421980625896,58.74,41.260000000000005,-0.1419999999999999,0.008199999999999985,0.1501999999999999,1782993600005,2026-07-02 12:00:00 UTC,-0.00637528,0.08686
FINAL_REAL_MARK_PREMIUM_CLOSED_GUARD_2026_06_13,1783005300000,2026-07-02 15:15:00 UTC,BIRBUSDT,1783005300000,2026-07-02 15:15:00 UTC,1783006199999,2026-07-02 15:29:59 UTC,True,0.09245,0.09569,0.09031,0.09212,-0.0002600000000000102,-0.2814462004763046,57.56264202741351,0.09244908,0.09556679,0.0906,0.09267885,0.00022976999999999026,0.2485368161586792,1783006199999,2026-07-02 15:29:59 UTC,-0.0005588499999999996,-0.6029962607434163,-0.00179953,0.00038309,-0.01625576,-0.01291535,-0.009672400000000001,298.25930094512717,1783006199999,2026-07-02 15:29:59 UTC,43173,-3283.0,-7.066902014809713,51782447.0,2768054.0,5.647430949517216,4817880.00523,331652.2227699999,7.392674622244439,binance_kline_quote_asset_volume,1199.4173904986912,111.59474683783847,0.005379999999999996,5.819361817198481,-0.00033000000000001084,-0.35694970254192626,0.00033000000000001084,0.35694970254192626,0.003239999999999993,60.22304832713746,0.0018099999999999922,33.64312267657981,0.33643122676579806,25278069.0,26504378.0,48.81590280969147,51.18409719030852,2353416.80732,39966.566640000325,1.7275740769013825,2464463.19791,291685.65612999955,13.424552238838148,48.847559606409305,51.152440393590695,0.9537318325297051,0.9549409418309945,-111046.39058999997,-2.304880787181389,60590770.0,5601560.9429916,-227068.0,-0.37335756657446456,37116.175619659945,0.6670238841671481,1.4242,0.00869999999999993,0.6146238078417471,58.75,41.25,1.2795,0.006000000000000005,0.4711425206124857,56.13,43.87,1.4178,-0.005900000000000016,-0.4144131488375372,58.64,41.36,-0.14469999999999983,-0.006399999999999961,0.13829999999999987,1782993600005,2026-07-02 12:00:00 UTC,-0.00637528,0.08686
FINAL_REAL_MARK_PREMIUM_CLOSED_GUARD_2026_06_13,1783006200000,2026-07-02 15:30:00 UTC,BIRBUSDT,1783006200000,2026-07-02 15:30:00 UTC,1783007099999,2026-07-02 15:44:59 UTC,True,0.09213,0.09599,0.09188,0.09331,0.0011900000000000105,1.2917933130699202,59.6333742401915,0.09267848,0.09528,0.09217,0.09349611,0.0008172600000000002,0.8818193147627535,1783007099999,2026-07-02 15:44:59 UTC,-0.00018610999999998934,-0.19905640994046636,-0.01250103,0.0,-0.01301762,-0.0021082,0.010807150000000001,-83.67678769835894,1783007099999,2026-07-02 15:44:59 UTC,34229,-8944.0,-20.716651610960554,35332367.0,-16450080.0,-31.767676023498854,3322127.89328,-1495752.1119500003,-31.045856483065204,binance_kline_quote_asset_volume,1032.2348593298082,97.05594359402845,0.0041100000000000025,4.461087593617717,0.0011800000000000005,1.2807988711603175,0.0011800000000000005,1.2807988711603175,0.002680000000000002,65.20681265206814,0.0002500000000000002,6.0827250608272525,0.3479318734793187,18118502.0,17213865.0,51.28018170987525,48.71981829012474,1704605.98756,-648810.8197600001,-27.568886979219215,1617521.90572,-846941.2921900002,-34.36615701578554,51.31066720845025,48.68933279154975,1.0525528113529414,1.0538379613481876,87084.08184000012,2.621334416900499,60256003.0,5584457.06363655,-334767.0,-0.5525049442349057,-17103.879355050623,-0.3053413062737479,1.4343,0.010099999999999998,0.7091700603847774,58.919999999999995,41.08,1.3024,0.02289999999999992,1.7897616256350075,56.57,43.43,1.416,-0.0018000000000000238,-0.12695725772323485,58.60999999999999,41.39,-0.1318999999999999,-0.018299999999999983,0.11359999999999992,1782993600005,2026-07-02 12:00:00 UTC,-0.00637528,0.08686
FINAL_REAL_MARK_PREMIUM_CLOSED_GUARD_2026_06_13,1783007100000,2026-07-02 15:45:00 UTC,BIRBUSDT,1783007100000,2026-07-02 15:45:00 UTC,1783007999999,2026-07-02 15:59:59 UTC,True,0.09329,0.094,0.09105,0.09299,-0.00032000000000000084,-0.34294287857678796,58.80245510450651,0.09353756,0.09389,0.09117808,0.093,-0.0004961099999999941,-0.5306210065851875,1783007999999,2026-07-02 15:59:59 UTC,-9.999999999996123e-06,-0.010752688172038841,-0.00441354,0.00149653,-0.01209327,-0.00459372,-0.0024855199999999997,117.89773266293517,1783007999999,2026-07-02 15:59:59 UTC,31467,-2762.0,-8.06918110374244,31080105.0,-4252262.0,-12.035032920381473,2872323.51441,-449804.37887000013,-13.539646675850872,binance_kline_quote_asset_volume,987.7047382972638,91.28050066450567,0.0029499999999999943,3.1621824418479947,-0.0002999999999999947,-0.32157787544216393,0.0002999999999999947,0.32157787544216393,0.0007100000000000023,24.067796610169616,0.0019399999999999973,65.76271186440682,0.6576271186440682,15042719.0,16037386.0,48.39983326954655,51.60016673045346,1391104.45848,-313501.52908,-18.391436576422628,1481219.0559299998,-136302.84979000012,-8.426646298142607,48.431329253165444,51.568670746834556,0.9379782341087257,0.939161870022378,-90114.59744999977,-3.13734149366911,60513289.0,5657757.12480579,257286.0,0.4269881624906318,73300.06116924062,1.3125727413419894,1.3918,-0.04249999999999998,-2.963117897232098,58.19,41.81,1.3108,0.008399999999999963,0.6449631449631421,56.730000000000004,43.269999999999996,1.3764,-0.03959999999999986,-2.7966101694915158,57.92,42.08,-0.08099999999999996,-0.015399999999999858,0.0656000000000001,1782993600005,2026-07-02 12:00:00 UTC,-0.00637528,0.08686
FINAL_REAL_MARK_PREMIUM_CLOSED_GUARD_2026_06_13,1783008000000,2026-07-02 16:00:00 UTC,BIRBUSDT,1783008000000,2026-07-02 16:00:00 UTC,1783008899999,2026-07-02 16:14:59 UTC,True,0.09294,0.09334,0.08905,0.09125,-0.0017400000000000054,-1.8711689428970915,54.36652301294787,0.09297155,0.09301,0.09042927,0.0913097,-0.0016903000000000057,-1.8175268817204362,1783008899999,2026-07-02 16:14:59 UTC,-5.969999999999587e-05,-0.06538188166207519,-0.0032854,0.0,-0.01324993,-0.00526133,-0.0006676099999999999,14.533101712773089,1783008899999,2026-07-02 16:14:59 UTC,35354,3887.0,12.352623383226872,33287976.0,2207871.0,7.103808046980537,3045654.03222,173330.5178100001,6.034505407918986,binance_kline_quote_asset_volume,941.56180347344,86.14736754596368,0.004290000000000002,4.615881213686252,-0.001689999999999997,-1.818377447815792,0.001689999999999997,1.818377447815792,0.00040000000000001146,9.324009324009587,0.0021999999999999936,51.282051282051114,0.5128205128205111,16085823.0,17202153.0,48.323223376512885,51.67677662348711,1473499.30017,82394.84168999991,5.9229802038036174,1572154.73205,90935.6761200002,6.139245627170602,48.38039004370944,51.61960995629056,0.9351052161900897,0.9372482683359297,-98655.43188000005,-3.2392199125811203,60127985.0,5591902.605,-385304.0,-0.6367262569383726,-65854.51980578993,-1.1639686602498063,1.3878,-0.0040000000000000036,-0.28739761459979907,58.120000000000005,41.88,1.2885,-0.022299999999999986,-1.7012511443393337,56.3,43.7,1.3702,-0.006199999999999983,-0.45045045045044924,57.809999999999995,42.19,-0.09929999999999994,-0.017599999999999838,0.0817000000000001,1783008000000,2026-07-02 16:00:00 UTC,-0.00335128,0.09297155
FINAL_REAL_MARK_PREMIUM_CLOSED_GUARD_2026_06_13,1783008900000,2026-07-02 16:15:00 UTC,BIRBUSDT,1783008900000,2026-07-02 16:15:00 UTC,1783009799999,2026-07-02 16:29:59 UTC,True,0.09118,0.09156,0.0846,0.08664,-0.004610000000000003,-5.052054794520551,44.737221266998525,0.09130953,0.09145803,0.0849921,0.08677,-0.004539699999999994,-4.97176094106102,1783009799999,2026-07-02 16:29:59 UTC,-0.0001300000000000051,-0.14982136683186023,-0.0044165,0.0,-0.02403905,-0.00549318,-0.00023185000000000046,4.406680440116862,1783009799999,2026-07-02 16:29:59 UTC,64263,28909.0,81.77009673587146,72410011.0,39122035.0,117.52602501275535,6315523.65502,3269869.6228000005,107.36182075206251,binance_kline_quote_asset_volume,1126.7760764358961,98.27620333660116,0.006960000000000008,7.633252906339118,-0.004540000000000002,-4.979162096951089,0.004540000000000002,4.979162096951089,0.00038000000000000533,5.459770114942599,0.00204,29.310344827586178,0.29310344827586177,32813773.0,39596238.0,45.316624796535386,54.683375203464614,2861500.00147,1388000.7013,94.1975813045764,3454023.6535500004,1881868.9215000004,119.69998137817839,45.308990319361534,54.69100968063846,0.8287093587022081,0.8284540838418949,-592523.6520800004,-9.382019361276923,60194340.0,5496327.127098,66355.0,0.11035626755162344,-95575.47790200077,-1.7091763689972344,1.3827,-0.005099999999999882,-0.3674881106787637,58.03,41.97,1.2459,-0.04259999999999997,-3.306169965075667,55.47,44.529999999999994,1.3585,-0.011700000000000044,-0.8538899430740069,57.599999999999994,42.4,-0.13680000000000003,-0.0242,0.11260000000000003,1783008000000,2026-07-02 16:00:00 UTC,-0.00335128,0.09297155
FINAL_REAL_MARK_PREMIUM_CLOSED_GUARD_2026_06_13,1783009800000,2026-07-02 16:30:00 UTC,BIRBUSDT,1783009800000,2026-07-02 16:30:00 UTC,1783010699999,2026-07-02 16:44:59 UTC,True,0.08662,0.08985,0.08652,0.08835,0.0017100000000000032,1.9736842105263195,48.38885020503357,0.08667753,0.08943,0.08667753,0.08842,0.0016499999999999987,1.9015788867119958,1783010699999,2026-07-02 16:44:59 UTC,-7.000000000000062e-05,-0.07916760913820473,-0.00701699,0.00137037,-0.01092756,-0.00556152,-6.834000000000007e-05,1.2440881238189914,1783010699999,2026-07-02 16:44:59 UTC,29103,-35160.0,-54.712665141683395,28053741.0,-44356270.0,-61.25709606645413,2474821.75597,-3840701.8990500006,-60.81367292476458,binance_kline_quote_asset_volume,963.9467065251005,85.03665450194137,0.0033299999999999996,3.8443777418610012,0.0017299999999999954,1.997229277303158,0.0017299999999999954,1.997229277303158,0.0015000000000000013,45.04504504504509,0.00010000000000000286,3.0030030030030894,0.5495495495495492,13869383.0,14184358.0,49.43862210747579,50.561377892524206,1224296.87584,-1637203.12563,-57.21485671112848,1250524.8801299997,-2203498.7734200004,-63.79512691394783,49.47010316547586,50.529896834524145,0.9777942011897894,0.97902640346726,-26228.004289999604,-1.059793669048283,59097193.0,5127863.43661,-1097147.0,-1.8226746900123831,-368463.69048799947,-6.70381660275276,1.3513,-0.031400000000000095,-2.270919216026621,57.47,42.53,1.2361,-0.009800000000000031,-0.7865799823420845,55.279999999999994,44.72,1.2665,-0.09200000000000008,-6.772175193227831,55.879999999999995,44.12,-0.11519999999999997,-0.08479999999999999,0.030399999999999983,1783008000000,2026-07-02 16:00:00 UTC,-0.00335128,0.09297155
FINAL_REAL_MARK_PREMIUM_CLOSED_GUARD_2026_06_13,1783010700000,2026-07-02 16:45:00 UTC,BIRBUSDT,1783010700000,2026-07-02 16:45:00 UTC,1783011599999,2026-07-02 16:59:59 UTC,True,0.08832,0.0887,0.08606,0.08766,-0.0006899999999999962,-0.7809847198641723,47.03820184150005,0.08841,0.08864,0.08673,0.08764,-0.0007800000000000029,-0.8821533589685624,1783011599999,2026-07-02 16:59:59 UTC,2.0000000000006124e-05,0.02282062984939083,-0.00581581,-0.00044718,-0.0131369,-0.00479872,0.0007628000000000001,-13.715674851479454,1783011599999,2026-07-02 16:59:59 UTC,25198,-3905.0,-13.417860701645878,21957243.0,-6096498.0,-21.731497414195132,1922711.48379,-552110.2721799999,-22.309092396175483,binance_kline_quote_asset_volume,871.388324470196,76.3041306369553,0.0026400000000000035,2.9891304347826124,-0.0006599999999999939,-0.7472826086956453,0.0006599999999999939,0.7472826086956453,0.00038000000000000533,14.393939393939577,0.0016000000000000042,60.60606060606069,0.6060606060606069,10914453.0,11042790.0,49.7077570257796,50.2922429742204,956006.07569,-268290.80015000014,-21.913867906092925,966705.4081,-283819.4720299997,-22.696027607263193,49.721764484682076,50.278235515317924,0.988378208767893,0.9889321686623964,-10699.332410000032,-0.5564710306358487,59374485.0,5249891.9637,277292.0,0.46921348700944226,122028.52708999999,2.379714838324016,1.3513,0.0,0.0,57.47,42.53,1.1994,-0.036699999999999955,-2.969015451824282,54.53,45.47,1.2686,0.0020999999999999908,0.16581129095933603,55.92,44.080000000000005,-0.15189999999999992,-0.0827,0.06919999999999993,1783008000000,2026-07-02 16:00:00 UTC,-0.00335128,0.09297155
FINAL_REAL_MARK_PREMIUM_CLOSED_GUARD_2026_06_13,1783011600000,2026-07-02 17:00:00 UTC,BIRBUSDT,1783011600000,2026-07-02 17:00:00 UTC,1783012499999,2026-07-02 17:14:59 UTC,True,0.08763,0.08941,0.0868,0.08691,-0.0007500000000000007,-0.8555783709787825,45.549932326007585,0.08761,0.08925453,0.08699502,0.08707642,-0.0005635799999999941,-0.6430625285257806,1783012499999,2026-07-02 17:14:59 UTC,-0.00016642000000000046,-0.19111947872914442,-0.00419379,-0.00045333,-0.01376103,-0.00862815,-0.003829429999999999,79.80107195252066,1783012499999,2026-07-02 17:14:59 UTC,22191,-3007.0,-11.93348678466545,19273957.0,-2683286.0,-12.220505097110781,1696372.8373,-226338.64648999996,-11.77184660299875,binance_kline_quote_asset_volume,868.5483754675319,76.44418175386419,0.002610000000000001,2.9784320438206104,-0.0007199999999999984,-0.8216364258815455,0.0007199999999999984,0.8216364258815455,0.0017800000000000038,68.1992337164752,0.00010999999999999899,4.214559386973139,0.04214559386973139,9644993.0,9628964.0,50.04158201660406,49.95841798339594,849257.99599,-106748.0797,-11.16604615958683,847114.84131,-119590.56678999995,-12.37094214927874,50.0631687395859,49.9368312604141,1.0016646650667715,1.0025299458532513,2143.1546799999196,0.1263374791717976,59894024.0,5249112.26336,519539.0,0.8750206422843079,-779.7003399999812,-0.014851740671830259,1.3148,-0.03649999999999998,-2.7011026419003903,56.8,43.2,1.2101,0.010699999999999932,0.8921127230281751,54.75,45.25,1.2316,-0.03699999999999992,-2.9166009774554564,55.19,44.81,-0.10470000000000002,-0.08319999999999994,0.021500000000000075,1783008000000,2026-07-02 16:00:00 UTC,-0.00335128,0.09297155
FINAL_REAL_MARK_PREMIUM_CLOSED_GUARD_2026_06_13,1783012500000,2026-07-02 17:15:00 UTC,BIRBUSDT,1783012500000,2026-07-02 17:15:00 UTC,1783013399999,2026-07-02 17:29:59 UTC,True,0.08693,0.08871,0.08016,0.08336,-0.0035499999999999976,-4.08468530663905,39.22387473790189,0.08707642,0.08854311,0.08258,0.08332465,-0.0037517700000000015,-4.30859468039683,1783013399999,2026-07-02 17:29:59 UTC,3.5350000000003434e-05,0.04242442062463321,-0.00871799,-0.00039075,-0.03251067,-0.00887145,-0.0002433000000000001,2.819839710714349,1783013399999,2026-07-02 17:29:59 UTC,52250,30059.0,135.45581542066603,57025526.0,37751569.0,195.86828485712613,4832787.72553,3136414.8882300006,184.88947826009857,binance_kline_quote_asset_volume,1091.3976267942585,92.4935449862201,0.008550000000000002,9.835499827447375,-0.00356999999999999,-4.106752559530646,0.00356999999999999,4.106752559530646,0.0017800000000000038,20.818713450292435,0.0032000000000000084,37.426900584795405,0.3742690058479541,26241986.0,30783540.0,46.01796395529959,53.9820360447004,2227693.51168,1378435.51569,162.31057254670006,2605094.2138500004,1757979.3725400004,207.52550738237758,46.095414038399426,53.90458596160058,0.8524681047079056,0.8551297299869052,-377400.7021700004,-7.809171923201154,60070764.0,5230747.07578488,176740.0,0.2950878705361323,-18365.18757512048,-0.3498722575113067,1.3052,-0.009600000000000053,-0.7301490721022249,56.620000000000005,43.38,1.2299,0.01980000000000004,1.6362284108751377,55.16,44.84,1.2282,-0.0034000000000000696,-0.27606365703150937,55.120000000000005,44.879999999999995,-0.07529999999999992,-0.07699999999999996,-0.0017000000000000348,1783008000000,2026-07-02 16:00:00 UTC,-0.00335128,0.09297155
FINAL_REAL_MARK_PREMIUM_CLOSED_GUARD_2026_06_13,1783013400000,2026-07-02 17:30:00 UTC,BIRBUSDT,1783013400000,2026-07-02 17:30:00 UTC,1783014299999,2026-07-02 17:44:59 UTC,True,0.08335,0.08665,0.08262,0.08503,0.001669999999999991,2.0033589251439428,43.218921299428445,0.08343831,0.08594,0.08317,0.08502406,0.0016994099999999984,2.039504516370604,1783014299999,2026-07-02 17:44:59 UTC,5.9399999999959485e-06,0.006986257772207007,-0.01354808,-0.00683643,-0.02206352,-0.01319996,-0.004328510000000001,48.791460246070265,1783014299999,2026-07-02 17:44:59 UTC,35385,-16865.0,-32.27751196172249,31688161.0,-25337365.0,-44.43161997313273,2677032.0902,-2155755.6353300004,-44.60687615021584,binance_kline_quote_asset_volume,895.5252508124912,75.65443239225661,0.004030000000000006,4.835032993401327,0.001680000000000001,2.0155968806238764,0.001680000000000001,2.0155968806238764,0.0016200000000000103,40.1985111662533,0.0007299999999999945,18.11414392059537,0.598014888337467,16961303.0,14726858.0,53.52567793378732,46.47432206621268,1434772.56058,-792920.9511,-35.59380798761783,1242259.52962,-1362834.6842300005,-52.31421869445185,53.595642944751134,46.404357055248866,1.151725846748845,1.1549700576810136,192513.03096000012,7.1912858895022636,59051483.0,4920444.15295595,-1019281.0,-1.6968004602039022,-310302.9228289295,-5.932286886235428,1.3635,0.05830000000000002,4.466748391051182,57.69,42.309999999999995,1.201,-0.028899999999999926,-2.349784535328069,54.56999999999999,45.43,1.2452,0.017000000000000126,1.3841393909786783,55.46,44.54,-0.16249999999999987,-0.11829999999999985,0.04420000000000002,1783008000000,2026-07-02 16:00:00 UTC,-0.00335128,0.09297155
FINAL_REAL_MARK_PREMIUM_CLOSED_GUARD_2026_06_13,1783014300000,2026-07-02 17:45:00 UTC,BIRBUSDT,1783014300000,2026-07-02 17:45:00 UTC,1783015199999,2026-07-02 17:59:59 UTC,True,0.08503,0.08646,0.08419,0.08576,0.0007300000000000084,0.8585205221686564,44.923230422547554,0.08509,0.08604,0.08435877,0.08591,0.0008859400000000017,1.0419874092109946,1783015199999,2026-07-02 17:59:59 UTC,-0.00014999999999999736,-0.1746013269700819,-0.01256426,-0.00868545,-0.01665546,-0.01049508,0.00270488,-20.491577247203775,1783015199999,2026-07-02 17:59:59 UTC,18096,-17289.0,-48.85968630775752,15425283.0,-16262878.0,-51.32162134621823,1313512.02206,-1363520.0681399999,-50.93402029551808,binance_kline_quote_asset_volume,852.4139588859416,72.58576602895668,0.0022699999999999942,2.669646007291538,0.0007300000000000084,0.8585205221686564,0.0007300000000000084,0.8585205221686564,0.0006999999999999923,30.837004405286084,0.0008399999999999935,37.00440528634342,0.6916299559471392,8210581.0,7214702.0,53.22807367618474,46.77192632381526,699686.68076,-735085.87982,-51.233617091397754,613825.3413000001,-628434.1883199998,-50.5879949668999,53.268388032160615,46.731611967839385,1.1380346686529812,1.1398791051509165,85861.33945999993,6.536776064321234,58562730.0,4979241.0692838,-488753.0,-0.8276726936730785,58796.91632784996,1.1949514007292978,1.3068,-0.05669999999999997,-4.158415841584157,56.65,43.35,1.2374,0.03639999999999999,3.030807660283096,55.300000000000004,44.7,1.1896,-0.055600000000000094,-4.465146161259242,54.33,45.67,-0.0693999999999999,-0.11719999999999997,-0.047800000000000065,1783008000000,2026-07-02 16:00:00 UTC,-0.00335128,0.09297155
FINAL_REAL_MARK_PREMIUM_CLOSED_GUARD_2026_06_13,1783015200000,2026-07-02 18:00:00 UTC,BIRBUSDT,1783015200000,2026-07-02 18:00:00 UTC,1783016099999,2026-07-02 18:14:59 UTC,True,0.08576,0.08756,0.08562,0.08639,0.0006299999999999917,0.7346082089552142,46.417972451093696,0.0858,0.08695,0.0858,0.08633,0.0004200000000000037,0.4888837155162422,1783016099999,2026-07-02 18:14:59 UTC,5.9999999999990616e-05,0.06950075292481248,-0.01098605,-0.00797429,-0.01727753,-0.01348055,-0.0029854700000000005,28.446376778452382,1783016099999,2026-07-02 18:14:59 UTC,20639,2543.0,14.052829354553491,18734120.0,3308837.0,21.450737727145754,1617427.03683,303915.01477,23.13758912486889,binance_kline_quote_asset_volume,907.7048306604003,78.36750990018896,0.0019399999999999973,2.2621268656716387,0.0006299999999999917,0.7346082089552142,0.0006299999999999917,0.7346082089552142,0.0011700000000000044,60.30927835051577,0.00014000000000000123,7.216494845360899,0.3969072164948423,9930994.0,8803126.0,53.01019743654892,46.98980256345107,858087.151,158400.47023999994,22.638771695345874,759339.8858300002,145514.54453000007,23.70618069006726,53.052603391728105,46.9473966082719,1.1281213059997097,1.1300435641702973,98747.2651699998,6.105206783456201,58916867.0,5061548.04397,354137.0,0.604713953738154,82306.9746861998,1.6530024062088362,1.281,-0.025800000000000045,-1.974288337924705,56.16,43.84,1.2353,-0.0020999999999999908,-0.1697106836916107,55.26,44.74,1.1805,-0.009099999999999886,-0.7649630127773946,54.14,45.86,-0.04569999999999985,-0.10049999999999981,-0.05479999999999996,1783008000000,2026-07-02 16:00:00 UTC,-0.00335128,0.09297155
FINAL_REAL_MARK_PREMIUM_CLOSED_GUARD_2026_06_13,1783016100000,2026-07-02 18:15:00 UTC,BIRBUSDT,1783016100000,2026-07-02 18:15:00 UTC,1783016999999,2026-07-02 18:29:59 UTC,True,0.0864,0.08727,0.08575,0.08697,0.0005800000000000111,0.6713740016205708,47.821942430317705,0.08639,0.08724,0.08594,0.08709299,0.0007629899999999912,0.8838063245685059,1783016999999,2026-07-02 18:29:59 UTC,-0.0001229899999999895,-0.14121687635249347,-0.01329304,-0.00860129,-0.01712328,-0.00987401,0.00360654,-26.75365619355293,1783016999999,2026-07-02 18:29:59 UTC,14319,-6320.0,-30.6216386452832,12813192.0,-5920928.0,-31.60505003704471,1108901.99426,-508525.04257000005,-31.44036985845493,binance_kline_quote_asset_volume,894.8384663733501,77.44269811159998,0.0015199999999999936,1.7592592592592518,0.0005700000000000011,0.6597222222222234,0.0005700000000000011,0.6597222222222234,0.0002999999999999947,19.736842105262895,0.0006499999999999978,42.76315789473688,0.802631578947371,6391515.0,6421677.0,49.882300991041106,50.117699008958894,553752.71467,-304334.43632999994,-35.46661151787832,555149.27959,-204190.6062400001,-26.890541383429184,49.937029380088184,50.062970619911816,0.9953030960604216,0.9974843434525729,-1396.5649200000335,-0.12594123982363278,58729009.0,5070075.34697,-187858.0,-0.3188526640427095,8527.303000000305,0.16847223272253992,1.3111,0.030100000000000016,2.3497267759562854,56.730000000000004,43.269999999999996,1.225,-0.010299999999999976,-0.8338055533068871,55.059999999999995,44.940000000000005,1.2158,0.03529999999999989,2.9902583650995243,54.87,45.129999999999995,-0.08609999999999984,-0.09529999999999994,-0.009200000000000097,1783008000000,2026-07-02 16:00:00 UTC,-0.00335128,0.09297155
FINAL_REAL_MARK_PREMIUM_CLOSED_GUARD_2026_06_13,1783017000000,2026-07-02 18:30:00 UTC,BIRBUSDT,1783017000000,2026-07-02 18:30:00 UTC,1783017899999,2026-07-02 18:44:59 UTC,True,0.08697,0.08745,0.08606,0.08636,-0.0006099999999999994,-0.7013912843509249,46.44361863696132,0.0870715,0.08728,0.08621,0.08636,-0.0007329899999999889,-0.8416176778406493,1783017899999,2026-07-02 18:44:59 UTC,0.0,0.0,-0.01074172,-0.00631694,-0.01640126,-0.01183543,-0.0019614199999999984,19.86447248888748,1783017899999,2026-07-02 18:44:59 UTC,9917,-4402.0,-30.742370277254,8151714.0,-4661478.0,-36.3803024258124,706085.82077,-402816.1734900001,-36.32567851578354,binance_kline_quote_asset_volume,821.9939497832006,71.19953824442875,0.0013900000000000023,1.5982522708980134,-0.0006099999999999994,-0.7013912843509249,0.0006099999999999994,0.7013912843509249,0.0004799999999999943,34.53237410071896,0.0003000000000000086,21.582733812950224,0.21582733812950222,3811117.0,4340597.0,46.75233944664889,53.2476605533511,330308.83325,-223443.88142,-40.35084172059685,375776.98751999997,-179372.29207000008,-32.310641239140885,46.7802671479498,53.21973285205019,0.8780167797194718,0.8790022918378417,-45468.15426999994,-6.439465704100396,58042319.0,5055079.10824381,-686690.0,-1.1692518087611525,-14996.238726190291,-0.29577940562860483,1.3137,0.0026000000000001577,0.19830676531158248,56.779999999999994,43.22,1.236,0.010999999999999899,0.8979591836734611,55.279999999999994,44.72,1.2168,0.001000000000000112,0.08225037012667477,54.89000000000001,45.11,-0.0777000000000001,-0.09689999999999999,-0.019199999999999884,1783008000000,2026-07-02 16:00:00 UTC,-0.00335128,0.09297155
FINAL_REAL_MARK_PREMIUM_CLOSED_GUARD_2026_06_13,1783017900000,2026-07-02 18:45:00 UTC,BIRBUSDT,1783017900000,2026-07-02 18:45:00 UTC,1783018799999,2026-07-02 18:59:59 UTC,True,0.08637,0.09346,0.08637,0.09112,0.00476,5.511811023622047,56.88608922328593,0.08636,0.09264378,0.08636,0.09108,0.004719999999999988,5.465493283927731,1783018799999,2026-07-02 18:59:59 UTC,4.000000000001225e-05,0.0439174352217965,-0.01031677,0.00674433,-0.0134745,-0.00580552,0.0060299099999999994,-50.947958798286166,1783018799999,2026-07-02 18:59:59 UTC,47130,37213.0,375.2445295956438,50231104.0,42079390.0,516.2029727735787,4526987.81306,3820901.9922899995,541.1384678597898,binance_kline_quote_asset_volume,1065.7989391046042,96.0532105465733,0.007089999999999999,8.208868820192194,0.004750000000000004,5.499594766701406,0.004750000000000004,5.499594766701406,0.002339999999999995,33.00423131170656,0.0,0.0,0.6699576868829344,28230275.0,22000829.0,56.200785473478746,43.799214526521254,2543361.47921,2213052.64596,669.9949935292866,1983626.3338499996,1607849.3463299996,427.8732864780404,56.18220291807733,43.81779708192267,1.2831459669087923,1.2821777145263122,559735.1453600004,12.364405836154651,58461274.0,5048715.62264,418955.0,0.7218095472718794,-6363.485603810288,-0.12588300731897017,1.3127,-0.001000000000000112,-0.07612087995738082,56.76,43.24,1.2436,0.007600000000000051,0.6148867313915899,55.43,44.57,1.2017,-0.015100000000000113,-1.2409598948060578,54.58,45.42,-0.06909999999999994,-0.11099999999999999,-0.04190000000000005,1783008000000,2026-07-02 16:00:00 UTC,-0.00335128,0.09297155
FINAL_REAL_MARK_PREMIUM_CLOSED_GUARD_2026_06_13,1783018800000,2026-07-02 19:00:00 UTC,BIRBUSDT,1783018800000,2026-07-02 19:00:00 UTC,1783019699999,2026-07-02 19:14:59 UTC,True,0.09111,0.0919,0.08948,0.09094,-0.00018000000000001348,-0.19754170324847836,56.437949442732155,0.09107001,0.09162,0.08972834,0.09120593,0.0001259300000000102,0.13826306543698968,1783019699999,2026-07-02 19:14:59 UTC,-0.00026593000000001144,-0.29157095377461906,-0.00496294,-0.00496294,-0.01487709,-0.0102918,-0.0044862800000000005,77.27610963359011,1783019699999,2026-07-02 19:14:59 UTC,25409,-21721.0,-46.087417780606835,21908186.0,-28322918.0,-56.38521900693244,1985370.82357,-2541616.9894899996,-56.143667587476976,binance_kline_quote_asset_volume,862.2214963202015,78.13651948404109,0.0024199999999999916,2.656129952804293,-0.00017000000000000348,-0.18658764131270275,0.00017000000000000348,0.18658764131270275,0.000789999999999999,32.64462809917363,0.001459999999999989,60.33057851239645,0.6033057851239645,11596067.0,10312119.0,52.9302928138368,47.0697071861632,1051185.12634,-1492176.35287,-58.669456350085504,934185.69723,-1049440.6366199995,-52.90515752445931,52.94653844312109,47.05346155687891,1.1245086485134625,1.1252421541636963,116999.42910999991,5.893076886242191,58050689.0,5287256.75412,-410585.0,-0.7023196244406169,238541.13147999998,4.724788427581618,1.291,-0.021700000000000053,-1.6530814352098768,56.35,43.65,1.1679,-0.0757000000000001,-6.0871662914120375,53.87,46.129999999999995,1.2847,0.08299999999999996,6.906881917283844,56.230000000000004,43.769999999999996,-0.12309999999999999,-0.006299999999999972,0.11680000000000001,1783008000000,2026-07-02 16:00:00 UTC,-0.00335128,0.09297155
FINAL_REAL_MARK_PREMIUM_CLOSED_GUARD_2026_06_13,1783019700000,2026-07-02 19:15:00 UTC,BIRBUSDT,1783019700000,2026-07-02 19:15:00 UTC,1783020599999,2026-07-02 19:29:59 UTC,True,0.09093,0.09267,0.08975,0.09064,-0.0002999999999999947,-0.3298878381350283,55.65105897408152,0.09111572,0.09242,0.08999153,0.09062136,-0.0005845700000000065,-0.6409342024142579,1783020599999,2026-07-02 19:29:59 UTC,1.8640000000000323e-05,0.020569102030691577,-0.01253795,-0.00564429,-0.01653788,-0.01287676,-0.002584959999999999,25.11669484443925,1783020599999,2026-07-02 19:29:59 UTC,25766,357.0,1.405013971427447,25395874.0,3487688.0,15.919565408108182,2313205.0337,327834.21013,16.512492590200555,binance_kline_quote_asset_volume,985.6351005200652,89.77742116354887,0.002920000000000006,3.2112614098757355,-0.0002899999999999986,-0.3189266468712181,0.0002899999999999986,0.3189266468712181,0.0017400000000000054,59.58904109589047,0.0008900000000000019,30.479452054794525,0.30479452054794526,13092573.0,12303301.0,51.55393746243977,48.44606253756024,1193508.92835,142323.80200999998,13.53936603969472,1119696.10535,185510.40812000004,19.857979914493026,51.59546650479866,48.40453349520135,1.0641512387610448,1.0659221932159235,73812.82299999986,3.190933009597309,58029657.0,5292648.83426601,-21032.0,-0.03623040546512721,5392.080146010034,0.10198256670263559,1.3364,0.04540000000000011,3.5166537567777003,57.199999999999996,42.8,1.1344,-0.03349999999999986,-2.868396266803653,53.15,46.85,1.324,0.03930000000000011,3.0590799408422287,56.97,43.03,-0.20199999999999996,-0.012399999999999967,0.1896,1783008000000,2026-07-02 16:00:00 UTC,-0.00335128,0.09297155
FINAL_REAL_MARK_PREMIUM_CLOSED_GUARD_2026_06_13,1783020600000,2026-07-02 19:30:00 UTC,BIRBUSDT,1783020600000,2026-07-02 19:30:00 UTC,1783021499999,2026-07-02 19:44:59 UTC,True,0.09067,0.0948,0.0904,0.09478,0.004140000000000005,4.567519858782,63.26321926350764,0.09065825,0.09478,0.09055774,0.0947,0.004078640000000008,4.500749050775676,1783021499999,2026-07-02 19:44:59 UTC,7.999999999999674e-05,0.0844772967265013,-0.01265223,-0.00135134,-0.01447243,-0.00996846,0.002908299999999999,-22.58565042759203,1783021499999,2026-07-02 19:44:59 UTC,34882,9116.0,35.37995808429714,31723952.0,6328078.0,24.917740574709104,2953098.71696,639893.6832599998,27.662644423546062,binance_kline_quote_asset_volume,909.4648242646638,84.6596730967261,0.004400000000000001,4.852762766074778,0.0041100000000000025,4.532921583765305,0.0041100000000000025,4.532921583765305,1.9999999999992246e-05,0.45454545454527817,0.00027000000000000635,6.13636363636378,0.9954545454545473,16516243.0,15207709.0,52.06237545687876,47.93762454312124,1537817.29825,344308.36990000005,28.848411748037684,1415281.4187099999,295585.3133599998,26.39870871638017,52.07470002333925,47.92529997666076,1.086044124068918,1.0865805753683173,122535.87954000011,4.1494000466784895,57923126.0,5249072.45357136,-106531.0,-0.1835802682755819,-43576.38069465011,-0.8233378419615731,1.3196,-0.016799999999999926,-1.2571086501047535,56.88999999999999,43.11,1.1737,0.03929999999999989,3.464386459802529,54.0,46.0,1.3015,-0.022499999999999964,-1.6993957703927465,56.55,43.45,-0.14590000000000014,-0.018100000000000005,0.12780000000000014,1783008000000,2026-07-02 16:00:00 UTC,-0.00335128,0.09297155
