####################################################################################################
FETCHING BINANCE FUTURES DATA ...
####################################################################################################
SYMBOL     : BLESSUSDT
PERIOD     : 15m
LIMIT      : 500
RSI_PERIOD : 14

====================================================================================================================================================================================================================================================================================================================================================================================================================================
BINANCE FUTURES MERGED DATA (L.S + OI + RSI + TRADES + VOLUME + QUOTE VOLUME) | ROW = ONE CANDLE
====================================================================================================================================================================================================================================================================================================================================================================================================================================
Time                  Symbol      Close         RSI       Trades      Volume            Quote Volume      OI              OI Chg        OI Chg %    Acco L/S    Acco Chg    Acco Chg%   Acco L%     Acco S%     Posit L/S   Posit Chg   Posit Chg%  Posit L%    Posit S%    Global L/S  Global Chg  Global Chg% Global L%   Global S%
------------------------------------------------------------------------------------------------------------------------------------------------------------------------------------------------------------------------------------------------------------------------------------------------------------------------------------------------------------------------------------------------------------------------------------
2026-06-02 14:00:00 UTCBLESSUSDT   0.005013      35.54     1153        8031641.000000    40378.906007      647432957.0000000.000000      0.00        3.113500    0.000000    0.00        75.69       24.31       1.349700    0.000000    0.00        57.44       42.56       3.492400    0.000000    0.00        77.74       22.26   
2026-06-02 14:15:00 UTCBLESSUSDT   0.004794      21.87     4766        71148551.000000   344090.953804     647698560.000000265603.000000 0.04        3.144200    0.030700    0.99        75.87       24.13       1.352700    0.003000    0.22        57.50       42.50       3.529000    0.036600    1.05        77.92       22.08   
2026-06-02 14:30:00 UTCBLESSUSDT   0.004848      29.11     1983        23685384.000000   114568.238209     637517288.000000-10181272.000000-1.57       3.142500    -0.001700   -0.05       75.86       24.14       1.360500    0.007800    0.58        57.64       42.36       3.520800    -0.008200   -0.23       77.88       22.12 
2026-06-02 14:45:00 UTCBLESSUSDT   0.004880      33.07     2975        17007093.000000   83210.070413      640797106.0000003279818.0000000.51        3.106800    -0.035700   -1.14       75.65       24.35       1.356300    -0.004200   -0.31       57.56       42.44       3.480300    -0.040500   -1.15       77.68       22.32   
2026-06-02 15:00:00 UTCBLESSUSDT   0.004832      30.33     1601        9906315.000000    48148.762992      643725932.0000002928826.0000000.46        3.130500    0.023700    0.76        75.79       24.21       1.345600    -0.010700   -0.79       57.37       42.63       3.522800    0.042500    1.22        77.89       22.11   
2026-06-02 15:15:00 UTCBLESSUSDT   0.004757      26.62     1666        14907924.000000   71446.403490      644931677.0000001205745.0000000.19        3.070000    -0.060500   -1.93       75.43       24.57       1.342700    -0.002900   -0.22       57.31       42.69       3.452400    -0.070400   -2.00       77.54       22.46   
2026-06-02 15:30:00 UTCBLESSUSDT   0.004736      25.68     2717        30415649.000000   143541.343225     643245760.000000-1685917.000000-0.26       3.068300    -0.001700   -0.06       75.42       24.58       1.336100    -0.006600   -0.49       57.19       42.81       3.452400    0.000000    0.00        77.54       22.46  
2026-06-02 15:45:00 UTCBLESSUSDT   0.004763      29.16     1277        9539683.000000    45175.070635      644018085.000000772325.000000 0.12        3.066700    -0.001600   -0.05       75.41       24.59       1.339200    0.003100    0.23        57.25       42.75       3.452400    0.000000    0.00        77.54       22.46   
2026-06-02 16:00:00 UTCBLESSUSDT   0.004876      41.53     1615        11048318.000000   53066.146674      646569050.0000002550965.0000000.40        3.056800    -0.009900   -0.32       75.35       24.65       1.334400    -0.004800   -0.36       57.16       42.84       3.438500    -0.013900   -0.40       77.47       22.53   
2026-06-02 16:15:00 UTCBLESSUSDT   0.004916      45.18     1551        9772640.000000    47790.403383      649380356.0000002811306.0000000.43        3.046900    -0.009900   -0.32       75.29       24.71       1.330300    -0.004100   -0.31       57.09       42.91       3.395600    -0.042900   -1.25       77.25       22.75   
2026-06-02 16:30:00 UTCBLESSUSDT   0.004919      45.45     1147        6275316.000000    30939.300841      650326434.000000946078.000000 0.15        3.009600    -0.037300   -1.22       75.06       24.94       1.330400    0.000100    0.01        57.09       42.91       3.357300    -0.038300   -1.13       77.05       22.95   
2026-06-02 16:45:00 UTCBLESSUSDT   0.004887      42.98     1148        7422445.000000    36564.126864      650648863.000000322429.000000 0.05        3.009600    0.000000    0.00        75.06       24.94       1.329400    -0.001000   -0.08       57.07       42.93       3.386000    0.028700    0.85        77.20       22.80   
2026-06-02 17:00:00 UTCBLESSUSDT   0.004919      46.14     1161        7733964.000000    38016.225350      650567160.000000-81703.000000 -0.01       3.003200    -0.006400   -0.21       75.02       24.98       1.326200    -0.003200   -0.24       57.01       42.99       3.332800    -0.053200   -1.57       76.92       23.08   
2026-06-02 17:15:00 UTCBLESSUSDT   0.004960      49.96     715         3952036.000000    19526.503681      648771414.000000-1795746.000000-0.28       3.000000    -0.003200   -0.11       75.00       25.00       1.325700    -0.000500   -0.04       57.00       43.00       3.380200    0.047400    1.42        77.17       22.83  
2026-06-02 17:30:00 UTCBLESSUSDT   0.004929      47.23     748         3986379.000000    19735.421552      648646918.000000-124496.000000-0.02       2.987200    -0.012800   -0.43       74.92       25.08       1.326800    0.001100    0.08        57.02       42.98       3.336500    -0.043700   -1.29       76.94       23.06   
2026-06-02 17:45:00 UTCBLESSUSDT   0.004992      52.87     684         4038297.000000    20044.267718      647907739.000000-739179.000000-0.11       2.987200    0.000000    0.00        74.92       25.08       1.326200    -0.000600   -0.05       57.01       42.99       3.344000    0.007500    0.22        76.98       23.02   
2026-06-02 18:00:00 UTCBLESSUSDT   0.004943      48.53     940         6793009.000000    33871.531328      648114159.000000206420.000000 0.03        2.987200    0.000000    0.00        74.92       25.08       1.327900    0.001700    0.13        57.04       42.96       3.334600    -0.009400   -0.28       76.93       23.07   
2026-06-02 18:15:00 UTCBLESSUSDT   0.004903      45.26     775         2857234.000000    14078.473283      647989211.000000-124948.000000-0.02       2.993600    0.006400    0.21        74.96       25.04       1.325600    -0.002300   -0.17       57.00       43.00       3.363000    0.028400    0.85        77.08       22.92   
2026-06-02 18:30:00 UTCBLESSUSDT   0.004912      46.14     1121        10913595.000000   53641.597147      647688643.000000-300568.000000-0.05       2.982500    -0.011100   -0.37       74.89       25.11       1.326700    0.001100    0.08        57.02       42.98       3.357300    -0.005700   -0.17       77.05       22.95   
2026-06-02 18:45:00 UTCBLESSUSDT   0.004888      44.10     878         4671170.000000    22846.786737      646459067.000000-1229576.000000-0.19       2.927700    -0.054800   -1.84       74.54       25.46       1.333200    0.006500    0.49        57.14       42.86       3.323400    -0.033900   -1.01       76.87       23.13  
2026-06-02 19:00:00 UTCBLESSUSDT   0.004885      43.84     791         3945702.000000    19288.155903      646140985.000000-318082.000000-0.05       2.926200    -0.001500   -0.05       74.53       25.47       1.332000    -0.001200   -0.09       57.12       42.88       3.340300    0.016900    0.51        76.96       23.04   
2026-06-02 19:15:00 UTCBLESSUSDT   0.004840      40.03     1110        7231720.000000    35064.438180      646255062.000000114077.000000 0.02        2.926200    0.000000    0.00        74.53       25.47       1.333400    0.001400    0.11        57.14       42.86       3.295500    -0.044800   -1.34       76.72       23.28   
2026-06-02 19:30:00 UTCBLESSUSDT   0.004815      38.05     1791        18054496.000000   86348.278716      645470466.000000-784596.000000-0.12       2.935500    0.009300    0.32        74.59       25.41       1.332300    -0.001100   -0.08       57.12       42.88       3.340300    0.044800    1.36        76.96       23.04   
2026-06-02 19:45:00 UTCBLESSUSDT   0.004872      44.76     1180        6014651.000000    29231.385012      645436988.000000-33478.000000 -0.01       2.957300    0.021800    0.74        74.73       25.27       1.340500    0.008200    0.62        57.27       42.73       3.327100    -0.013200   -0.40       76.89       23.11   
2026-06-02 20:00:00 UTCBLESSUSDT   0.004948      52.19     1161        7073367.000000    34922.858674      647309273.0000001872285.0000000.29        2.930800    -0.026500   -0.90       74.56       25.44       1.337900    -0.002600   -0.19       57.23       42.77       3.347800    0.020700    0.62        77.00       23.00   
2026-06-02 20:15:00 UTCBLESSUSDT   0.004932      50.65     837         4384112.000000    21537.222491      647363623.00000054350.000000  0.01        2.944800    0.014000    0.48        74.65       25.35       1.337500    -0.000400   -0.03       57.22       42.78       3.330900    -0.016900   -0.50       76.91       23.09   
2026-06-02 20:30:00 UTCBLESSUSDT   0.004996      56.23     1073        8720569.000000    43426.839890      647759943.000000396320.000000 0.06        2.910800    -0.034000   -1.15       74.43       25.57       1.335900    -0.001600   -0.12       57.19       42.81       3.280800    -0.050100   -1.50       76.64       23.36   
2026-06-02 20:45:00 UTCBLESSUSDT   0.005015      57.76     908         7051922.000000    35402.461706      647299025.000000-460918.000000-0.07       2.926200    0.015400    0.53        74.53       25.47       1.333100    -0.002800   -0.21       57.14       42.86       3.279000    -0.001800   -0.05       76.63       23.37   
2026-06-02 21:00:00 UTCBLESSUSDT   0.004965      52.56     853         3795009.000000    18985.760102      647377094.00000078069.000000  0.01        2.921600    -0.004600   -0.16       74.50       25.50       1.338300    0.005200    0.39        57.23       42.77       3.282700    0.003700    0.11        76.65       23.35   
2026-06-02 21:15:00 UTCBLESSUSDT   0.005011      56.45     598         2684989.000000    13405.080282      647176825.000000-200269.000000-0.03       2.944800    0.023200    0.79        74.65       25.35       1.342900    0.004600    0.34        57.32       42.68       3.268000    -0.014700   -0.45       76.57       23.43   
2026-06-02 21:30:00 UTCBLESSUSDT   0.005019      57.10     519         2313474.000000    11584.112975      646806961.000000-369864.000000-0.06       2.952600    0.007800    0.26        74.70       25.30       1.343100    0.000200    0.01        57.32       42.68       3.310300    0.042300    1.29        76.80       23.20   
2026-06-02 21:45:00 UTCBLESSUSDT   0.005024      57.53     508         2839477.000000    14242.036924      646725263.000000-81698.000000 -0.01       2.957300    0.004700    0.16        74.73       25.27       1.343600    0.000500    0.04        57.33       42.67       3.317800    0.007500    0.23        76.84       23.16   
2026-06-02 22:00:00 UTCBLESSUSDT   0.004940      48.67     922         3652796.000000    18176.979182      646802022.00000076759.000000  0.01        2.932400    -0.024900   -0.84       74.57       25.43       1.344900    0.001300    0.10        57.35       42.65       3.288200    -0.029600   -0.89       76.68       23.32   
2026-06-02 22:15:00 UTCBLESSUSDT   0.004941      48.77     1122        6451787.000000    31848.974085      646797296.000000-4726.000000  -0.00       2.938600    0.006200    0.21        74.61       25.39       1.345300    0.000400    0.03        57.36       42.64       3.277200    -0.011000   -0.33       76.62       23.38   
2026-06-02 22:30:00 UTCBLESSUSDT   0.004935      48.16     702         2747335.000000    13541.967404      645663334.000000-1133962.000000-0.18       2.927700    -0.010900   -0.37       74.54       25.46       1.341300    -0.004000   -0.30       57.29       42.71       3.273500    -0.003700   -0.11       76.60       23.40  
2026-06-02 22:45:00 UTCBLESSUSDT   0.004833      39.15     1367        8574114.000000    41809.006808      645344729.000000-318605.000000-0.05       2.944800    0.017100    0.58        74.65       25.35       1.342800    0.001500    0.11        57.32       42.68       3.310300    0.036800    1.12        76.80       23.20   
2026-06-02 23:00:00 UTCBLESSUSDT   0.004860      42.23     1208        8987491.000000    43565.394428      643827947.000000-1516782.000000-0.24       2.963500    0.018700    0.64        74.77       25.23       1.347000    0.004200    0.31        57.39       42.61       3.314100    0.003800    0.11        76.82       23.18  
2026-06-02 23:15:00 UTCBLESSUSDT   0.004771      35.79     1681        12499180.000000   60140.343706      644043090.000000215143.000000 0.03        2.947900    -0.015600   -0.53       74.67       25.33       1.348400    0.001400    0.10        57.42       42.58       3.314100    0.000000    0.00        76.82       23.18   
2026-06-02 23:30:00 UTCBLESSUSDT   0.004853      44.23     1328        9944245.000000    47770.761006      643568451.000000-474639.000000-0.07       2.955700    0.007800    0.26        74.72       25.28       1.344700    -0.003700   -0.27       57.35       42.65       3.310300    -0.003800   -0.11       76.80       23.20   
2026-06-02 23:45:00 UTCBLESSUSDT   0.004898      48.24     908         4627840.000000    22584.095685      643860243.000000291792.000000 0.05        2.909300    -0.046400   -1.57       74.42       25.58       1.334600    -0.010100   -0.75       57.17       42.83       3.264400    -0.045900   -1.39       76.55       23.45   
2026-06-03 00:00:00 UTCBLESSUSDT   0.004937      51.50     1255        8007869.000000    39451.159948      644355488.000000495245.000000 0.08        2.895600    -0.013700   -0.47       74.33       25.67       1.332800    -0.001800   -0.13       57.13       42.87       3.242700    -0.021700   -0.66       76.43       23.57   
2026-06-03 00:15:00 UTCBLESSUSDT   0.004989      55.53     1114        9099430.000000    45492.376349      643544659.000000-810829.000000-0.13       2.897100    0.001500    0.05        74.34       25.66       1.339100    0.006300    0.47        57.25       42.75       3.242700    0.000000    0.00        76.43       23.57   
2026-06-03 00:30:00 UTCBLESSUSDT   0.004982      54.87     932         5878852.000000    29354.655514      645937437.0000002392778.0000000.37        2.892600    -0.004500   -0.16       74.31       25.69       1.352700    0.013600    1.02        57.50       42.50       3.214100    -0.028600   -0.88       76.27       23.73   
2026-06-03 00:45:00 UTCBLESSUSDT   0.005011      57.14     848         6221627.000000    31119.112606      646324326.000000386889.000000 0.06        2.880500    -0.012100   -0.42       74.23       25.77       1.352300    -0.000400   -0.03       57.49       42.51       3.207000    -0.007100   -0.22       76.23       23.77   
2026-06-03 01:00:00 UTCBLESSUSDT   0.005010      57.03     889         4133709.000000    20739.122847      647942908.0000001618582.0000000.25        2.880500    0.000000    0.00        74.23       25.77       1.355700    0.003400    0.25        57.55       42.45       3.205200    -0.001800   -0.06       76.22       23.78   
2026-06-03 01:15:00 UTCBLESSUSDT   0.005024      58.21     1345        7067634.000000    35604.712307      648229048.000000286140.000000 0.04        2.889500    0.009000    0.31        74.29       25.71       1.359300    0.003600    0.27        57.61       42.39       3.235500    0.030300    0.95        76.39       23.61   
2026-06-03 01:30:00 UTCBLESSUSDT   0.004978      53.07     903         4773992.000000    23938.647468      647434280.000000-794768.000000-0.12       2.876000    -0.013500   -0.47       74.20       25.80       1.359700    0.000400    0.03        57.62       42.38       3.201700    -0.033800   -1.04       76.20       23.80   
2026-06-03 01:45:00 UTCBLESSUSDT   0.004985      53.74     875         5538895.000000    27546.663439      647028633.000000-405647.000000-0.06       2.864000    -0.012000   -0.42       74.12       25.88       1.361000    0.001300    0.10        57.65       42.35       3.199900    -0.001800   -0.06       76.19       23.81   
2026-06-03 02:00:00 UTCBLESSUSDT   0.005069      60.94     1020        5668929.000000    28435.954958      647182354.000000153721.000000 0.02        2.852100    -0.011900   -0.42       74.04       25.96       1.363700    0.002700    0.20        57.69       42.31       3.151100    -0.048800   -1.53       75.91       24.09   
2026-06-03 02:15:00 UTCBLESSUSDT   0.005064      60.34     1343        8747437.000000    44196.927869      646935801.000000-246553.000000-0.04       2.870000    0.017900    0.63        74.16       25.84       1.363100    -0.000600   -0.04       57.68       42.32       3.177100    0.026000    0.83        76.06       23.94   
2026-06-03 02:30:00 UTCBLESSUSDT   0.005017      54.85     925         5786973.000000    29103.973168      647299849.000000364048.000000 0.06        2.876000    0.006000    0.21        74.20       25.80       1.359800    -0.003300   -0.24       57.62       42.38       3.166700    -0.010400   -0.33       76.00       24.00   
2026-06-03 02:45:00 UTCBLESSUSDT   0.005052      57.92     757         3930448.000000    19810.442976      646821526.000000-478323.000000-0.07       2.821200    -0.054800   -1.91       73.83       26.17       1.353400    -0.006400   -0.47       57.51       42.49       3.208800    0.042100    1.33        76.24       23.76   
2026-06-03 03:00:00 UTCBLESSUSDT   0.005073      59.69     902         5453395.000000    27696.726606      646813238.000000-8288.000000  -0.00       2.818300    -0.002900   -0.10       73.81       26.19       1.354200    0.000800    0.06        57.52       42.48       3.198200    -0.010600   -0.33       76.18       23.82   
2026-06-03 03:15:00 UTCBLESSUSDT   0.005029      54.52     818         4160148.000000    21039.802774      647036463.000000223225.000000 0.03        2.809500    -0.008800   -0.31       73.75       26.25       1.355500    0.001300    0.10        57.55       42.45       3.158000    -0.040200   -1.26       75.95       24.05   
2026-06-03 03:30:00 UTCBLESSUSDT   0.004952      46.86     946         5102477.000000    25537.732661      647062622.00000026159.000000  0.00        2.818300    0.008800    0.31        73.81       26.19       1.357100    0.001600    0.12        57.58       42.42       3.175400    0.017400    0.55        76.05       23.95   
2026-06-03 03:45:00 UTCBLESSUSDT   0.004936      45.43     1155        6737728.000000    33384.566325      647898734.000000836112.000000 0.13        2.808100    -0.010200   -0.36       73.74       26.26       1.360000    0.002900    0.21        57.63       42.37       3.151100    -0.024300   -0.77       75.91       24.09   
2026-06-03 04:00:00 UTCBLESSUSDT   0.004988      50.69     1489        7766015.000000    38895.172645      647775068.000000-123666.000000-0.02       2.827000    0.018900    0.67        73.87       26.13       1.363500    0.003500    0.26        57.69       42.31       3.191100    0.040000    1.27        76.14       23.86   
2026-06-03 04:15:00 UTCBLESSUSDT   0.005099      59.63     1115        6544804.000000    33132.073804      648046302.000000271234.000000 0.04        2.818300    -0.008700   -0.31       73.81       26.19       1.366000    0.002500    0.18        57.73       42.27       3.237300    0.046200    1.45        76.40       23.60   
2026-06-03 04:30:00 UTCBLESSUSDT   0.005103      59.91     915         4964590.000000    25321.083551      648586454.000000540152.000000 0.08        2.841700    0.023400    0.83        73.97       26.03       1.360800    -0.005200   -0.38       57.64       42.36       3.242700    0.005400    0.17        76.43       23.57   
2026-06-03 04:45:00 UTCBLESSUSDT   0.005140      62.52     884         4906290.000000    25116.453624      648541451.000000-45003.000000 -0.01       2.827000    -0.014700   -0.52       73.87       26.13       1.364100    0.003300    0.24        57.70       42.30       3.212300    -0.030400   -0.94       76.26       23.74   
2026-06-03 05:00:00 UTCBLESSUSDT   0.005184      65.41     1878        12721684.000000   65683.388581      648860460.000000319009.000000 0.05        2.822600    -0.004400   -0.16       73.84       26.16       1.364600    0.000500    0.04        57.71       42.29       3.171900    -0.040400   -1.26       76.03       23.97   
2026-06-03 05:15:00 UTCBLESSUSDT   0.005126      58.97     1160        7212021.000000    37099.546569      650919989.0000002059529.0000000.32        2.806600    -0.016000   -0.57       73.73       26.27       1.366300    0.001700    0.12        57.74       42.26       3.132200    -0.039700   -1.25       75.80       24.20   
2026-06-03 05:30:00 UTCBLESSUSDT   0.005137      59.78     775         4453436.000000    22793.737906      649292493.000000-1627496.000000-0.25       2.859500    0.052900    1.88        74.09       25.91       1.364300    -0.002000   -0.15       57.70       42.30       3.240900    0.108700    3.47        76.42       23.58  
2026-06-03 05:45:00 UTCBLESSUSDT   0.005187      63.32     1125        6580059.000000    34022.184099      648825348.000000-467145.000000-0.07       2.818300    -0.041200   -1.44       73.81       26.19       1.361200    -0.003100   -0.23       57.65       42.35       3.214100    -0.026800   -0.83       76.27       23.73   
2026-06-03 06:00:00 UTCBLESSUSDT   0.005157      59.91     1109        5577299.000000    28920.917368      649458592.000000633244.000000 0.10        2.812400    -0.005900   -0.21       73.77       26.23       1.357000    -0.004200   -0.31       57.57       42.43       3.212300    -0.001800   -0.06       76.26       23.74   
2026-06-03 06:15:00 UTCBLESSUSDT   0.005216      64.01     1273        9770819.000000    50907.100568      649442241.000000-16351.000000 -0.00       2.825600    0.013200    0.47        73.86       26.14       1.354000    -0.003000   -0.22       57.52       42.48       3.184100    -0.028200   -0.88       76.10       23.90   
2026-06-03 06:30:00 UTCBLESSUSDT   0.005240      65.55     1243        10013646.000000   52384.172077      652226607.0000002784366.0000000.43        2.811000    -0.014600   -0.52       73.76       26.24       1.354900    0.000900    0.07        57.54       42.46       3.156300    -0.027800   -0.87       75.94       24.06   
2026-06-03 06:45:00 UTCBLESSUSDT   0.005168      57.58     1573        11423946.000000   59589.374678      653311832.0000001085225.0000000.17        2.821200    0.010200    0.36        73.83       26.17       1.351000    -0.003900   -0.29       57.46       42.54       3.191100    0.034800    1.10        76.14       23.86   
2026-06-03 07:00:00 UTCBLESSUSDT   0.005198      59.77     1115        6507197.000000    33699.074066      653335122.00000023290.000000  0.00        2.864400    0.043200    1.53        74.13       25.88       1.353000    0.002000    0.15        57.50       42.50       3.248100    0.057000    1.79        76.46       23.54   
2026-06-03 07:15:00 UTCBLESSUSDT   0.005160      55.83     877         7293733.000000    37742.027355      654254623.000000919501.000000 0.14        2.847600    -0.016800   -0.59       74.01       25.99       1.346200    -0.006800   -0.50       57.38       42.62       3.219400    -0.028700   -0.88       76.30       23.70   
2026-06-03 07:30:00 UTCBLESSUSDT   0.005204      59.19     787         4123470.000000    21369.523543      654009573.000000-245050.000000-0.04       2.834400    -0.013200   -0.46       73.92       26.08       1.338300    -0.007900   -0.59       57.23       42.77       3.201700    -0.017700   -0.55       76.20       23.80   
2026-06-03 07:45:00 UTCBLESSUSDT   0.005184      57.06     525         2005932.000000    10437.322123      655046894.0000001037321.0000000.16        2.855100    0.020700    0.73        74.06       25.94       1.340300    0.002000    0.15        57.27       42.73       3.194600    -0.007100   -0.22       76.16       23.84   
2026-06-03 08:00:00 UTCBLESSUSDT   0.005135      52.13     894         4852240.000000    24999.095997      654856096.000000-190798.000000-0.03       2.873000    0.017900    0.63        74.18       25.82       1.339800    -0.000500   -0.04       57.26       42.74       3.210500    0.015900    0.50        76.25       23.75   
2026-06-03 08:15:00 UTCBLESSUSDT   0.005160      54.30     564         3701848.000000    19090.473842      654438182.000000-417914.000000-0.06       2.891100    0.018100    0.63        74.30       25.70       1.340800    0.001000    0.07        57.28       42.72       3.277200    0.066700    2.08        76.62       23.38   
2026-06-03 08:30:00 UTCBLESSUSDT   0.005194      57.15     977         4969185.000000    25801.337806      655052749.000000614567.000000 0.09        2.906300    0.015200    0.53        74.40       25.60       1.344800    0.004000    0.30        57.35       42.65       3.282700    0.005500    0.17        76.65       23.35   
2026-06-03 08:45:00 UTCBLESSUSDT   0.005213      58.70     802         4436421.000000    23145.412834      654447629.000000-605120.000000-0.09       2.888000    -0.018300   -0.63       74.28       25.72       1.339500    -0.005300   -0.39       57.26       42.74       3.277200    -0.005500   -0.17       76.62       23.38   
2026-06-03 09:00:00 UTCBLESSUSDT   0.005182      55.19     796         4633782.000000    24030.325840      655242967.000000795338.000000 0.12        2.873000    -0.015000   -0.52       74.18       25.82       1.340200    0.000700    0.05        57.27       42.73       3.210500    -0.066700   -2.04       76.25       23.75   
2026-06-03 09:15:00 UTCBLESSUSDT   0.005175      54.40     763         3467014.000000    17894.545864      654089264.000000-1153703.000000-0.18       2.898600    0.025600    0.89        74.35       25.65       1.338100    -0.002100   -0.16       57.23       42.77       3.284500    0.074000    2.30        76.66       23.34  
2026-06-03 09:30:00 UTCBLESSUSDT   0.005141      50.61     582         2241486.000000    11573.037689      653489567.000000-599697.000000-0.09       2.917000    0.018400    0.63        74.47       25.53       1.340100    0.002000    0.15        57.27       42.73       3.312200    0.027700    0.84        76.81       23.19   
2026-06-03 09:45:00 UTCBLESSUSDT   0.005184      54.89     1183        5642415.000000    29203.205815      653565580.00000076013.000000  0.01        2.915400    -0.001600   -0.05       74.46       25.54       1.340600    0.000500    0.04        57.28       42.72       3.323400    0.011200    0.34        76.87       23.13   
2026-06-03 10:00:00 UTCBLESSUSDT   0.005267      61.77     1746        12907501.000000   67769.405413      652645741.000000-919839.000000-0.14       2.855100    -0.060300   -2.07       74.06       25.94       1.339300    -0.001300   -0.10       57.25       42.75       3.237300    -0.086100   -2.59       76.40       23.60   
2026-06-03 10:15:00 UTCBLESSUSDT   0.005280      62.73     1248        13498703.000000   71158.603075      655058955.0000002413214.0000000.37        2.835800    -0.019300   -0.68       73.93       26.07       1.343400    0.004100    0.31        57.33       42.67       3.159700    -0.077600   -2.40       75.96       24.04   
2026-06-03 10:30:00 UTCBLESSUSDT   0.005231      56.93     724         4838588.000000    25405.279088      655817927.000000758972.000000 0.12        2.811000    -0.024800   -0.87       73.76       26.24       1.334000    -0.009400   -0.70       57.15       42.85       3.164900    0.005200    0.16        75.99       24.01   
2026-06-03 10:45:00 UTCBLESSUSDT   0.005229      56.70     457         1682281.000000    8800.132953       654449421.000000-1368506.000000-0.21       2.818300    0.007300    0.26        73.81       26.19       1.330000    -0.004000   -0.30       57.08       42.92       3.223000    0.058100    1.84        76.32       23.68  
2026-06-03 11:00:00 UTCBLESSUSDT   0.005243      57.99     702         3833951.000000    20012.400776      654397276.000000-52145.000000 -0.01       2.821200    0.002900    0.10        73.83       26.17       1.330500    0.000500    0.04        57.09       42.91       3.199900    -0.023100   -0.72       76.19       23.81   
2026-06-03 11:15:00 UTCBLESSUSDT   0.005262      59.73     379         1455049.000000    7639.118067       653756489.000000-640787.000000-0.10       2.841700    0.020500    0.73        73.97       26.03       1.328600    -0.001900   -0.14       57.06       42.94       3.221200    0.021300    0.67        76.31       23.69   
2026-06-03 11:30:00 UTCBLESSUSDT   0.005226      55.07     576         3031960.000000    15851.797115      653770029.00000013540.000000  0.00        2.838800    -0.002900   -0.10       73.95       26.05       1.327300    -0.001300   -0.10       57.03       42.97       3.224800    0.003600    0.11        76.33       23.67   
2026-06-03 11:45:00 UTCBLESSUSDT   0.005197      51.58     690         4280121.000000    22229.704441      654169637.000000399608.000000 0.06        2.840200    0.001400    0.05        73.96       26.04       1.327000    -0.000300   -0.02       57.03       42.97       3.257100    0.032300    1.00        76.51       23.49   
2026-06-03 12:00:00 UTCBLESSUSDT   0.005190      50.74     447         1968704.000000    10231.296245      653052349.000000-1117288.000000-0.17       2.859500    0.019300    0.68        74.09       25.91       1.325100    -0.001900   -0.14       56.99       43.01       3.288200    0.031100    0.95        76.68       23.32  
2026-06-03 12:15:00 UTCBLESSUSDT   0.005198      51.70     1033        7030494.000000    36487.170681      653685666.000000633317.000000 0.10        2.858000    -0.001500   -0.05       74.08       25.92       1.327400    0.002300    0.17        57.03       42.97       3.260800    -0.027400   -0.83       76.53       23.47   
2026-06-03 12:30:00 UTCBLESSUSDT   0.005194      51.17     466         1906903.000000    9887.605572       652324819.000000-1360847.000000-0.21       2.879000    0.021000    0.73        74.22       25.78       1.324300    -0.003100   -0.23       56.98       43.02       3.308500    0.047700    1.46        76.79       23.21  
2026-06-03 12:45:00 UTCBLESSUSDT   0.005187      50.18     403         1369876.000000    7133.690647       652448361.000000123542.000000 0.02        2.874500    -0.004500   -0.16       74.19       25.81       1.322900    -0.001400   -0.11       56.95       43.05       3.290000    -0.018500   -0.56       76.69       23.31   
2026-06-03 13:00:00 UTCBLESSUSDT   0.005183      49.59     427         1481313.000000    7667.503757       652520915.00000072554.000000  0.01        2.870000    -0.004500   -0.16       74.16       25.84       1.322900    0.000000    0.00        56.95       43.05       3.290000    0.000000    0.00        76.69       23.31   
2026-06-03 13:15:00 UTCBLESSUSDT   0.005166      47.07     442         1939164.000000    10006.267199      652442543.000000-78372.000000 -0.01       2.861000    -0.009000   -0.31       74.10       25.90       1.322200    -0.000700   -0.05       56.94       43.06       3.291800    0.001800    0.05        76.70       23.30   
2026-06-03 13:30:00 UTCBLESSUSDT   0.005165      46.92     508         1582391.000000    8190.753498       652440310.000000-2233.000000  -0.00       2.867000    0.006000    0.21        74.14       25.86       1.321100    -0.001100   -0.08       56.92       43.08       3.304800    0.013000    0.39        76.77       23.23   
2026-06-03 13:45:00 UTCBLESSUSDT   0.005216      54.88     709         3282048.000000    17063.320735      652408304.000000-32006.000000 -0.00       2.858000    -0.009000   -0.31       74.08       25.92       1.321100    0.000000    0.00        56.92       43.08       3.290000    -0.014800   -0.45       76.69       23.31   
2026-06-03 14:00:00 UTCBLESSUSDT   0.005209      53.69     807         4165216.000000    21712.876723      652249203.000000-159101.000000-0.02       2.855100    -0.002900   -0.10       74.06       25.94       1.320000    -0.001100   -0.08       56.90       43.10       3.286300    -0.003700   -0.11       76.67       23.33   
2026-06-03 14:15:00 UTCBLESSUSDT   0.005162      46.41     709         4158833.000000    21544.280882      652184679.000000-64524.000000 -0.01       2.855100    0.000000    0.00        74.06       25.94       1.317900    -0.002100   -0.16       56.86       43.14       3.280800    -0.005500   -0.17       76.64       23.36   
2026-06-03 14:30:00 UTCBLESSUSDT   0.005169      47.55     636         2730408.000000    14096.747789      652238638.00000053959.000000  0.01        2.858000    0.002900    0.10        74.08       25.92       1.315200    -0.002700   -0.20       56.81       43.19       3.282700    0.001900    0.06        76.65       23.35   
2026-06-03 14:45:00 UTCBLESSUSDT   0.005196      51.81     531         3788042.000000    19639.437244      651878566.000000-360072.000000-0.06       2.850600    -0.007400   -0.26       74.03       25.97       1.316600    0.001400    0.11        56.83       43.17       3.268000    -0.014700   -0.45       76.57       23.43   
2026-06-03 15:00:00 UTCBLESSUSDT   0.005181      49.41     556         2177669.000000    11292.438763      652222546.000000343980.000000 0.05        2.877500    0.026900    0.94        74.21       25.79       1.322100    0.005500    0.42        56.94       43.06       3.291800    0.023800    0.73        76.70       23.30   
2026-06-03 15:15:00 UTCBLESSUSDT   0.005158      45.90     669         3958497.000000    20405.584291      652273325.00000050779.000000  0.01        2.865500    -0.012000   -0.42       74.13       25.87       1.322500    0.000400    0.03        56.94       43.06       3.264400    -0.027400   -0.83       76.55       23.45   
2026-06-03 15:30:00 UTCBLESSUSDT   0.005133      42.37     860         5761974.000000    29512.643433      651505610.000000-767715.000000-0.12       2.904700    0.039200    1.37        74.39       25.61       1.325000    0.002500    0.19        56.99       43.01       3.325300    0.060900    1.87        76.88       23.12   
2026-06-03 15:45:00 UTCBLESSUSDT   0.005132      42.23     721         3792537.000000    19449.874148      650559894.000000-945716.000000-0.15       2.938600    0.033900    1.17        74.61       25.39       1.327500    0.002500    0.19        57.04       42.96       3.363000    0.037700    1.13        77.08       22.92   
2026-06-03 16:00:00 UTCBLESSUSDT   0.005138      43.44     2203        29395013.000000   151655.827406     649743754.000000-816140.000000-0.13       2.926200    -0.012400   -0.42       74.53       25.47       1.329000    0.001500    0.11        57.06       42.94       3.325300    -0.037700   -1.12       76.88       23.12   
2026-06-03 16:15:00 UTCBLESSUSDT   0.005091      36.93     971         7774618.000000    39694.842092      645961434.000000-3782320.000000-0.58       2.889500    -0.036700   -1.25       74.29       25.71       1.353500    0.024500    1.84        57.51       42.49       3.288200    -0.037100   -1.12       76.68       23.32  
2026-06-03 16:30:00 UTCBLESSUSDT   0.005184      52.19     772         5664270.000000    29134.699110      645088484.000000-872950.000000-0.14       2.891100    0.001600    0.06        74.30       25.70       1.355700    0.002200    0.16        57.55       42.45       3.251700    -0.036500   -1.11       76.48       23.52   
2026-06-03 16:45:00 UTCBLESSUSDT   0.005219      56.46     832         6211284.000000    32213.063347      644317400.000000-771084.000000-0.12       2.877500    -0.013600   -0.47       74.21       25.79       1.349700    -0.006000   -0.44       57.44       42.56       3.284500    0.032800    1.01        76.66       23.34   
2026-06-03 17:00:00 UTCBLESSUSDT   0.005137      46.08     902         6650604.000000    34371.290735      645010032.000000692632.000000 0.11        2.894100    0.016600    0.58        74.32       25.68       1.349800    0.000100    0.01        57.44       42.56       3.240900    -0.043600   -1.33       76.42       23.58   
2026-06-03 17:15:00 UTCBLESSUSDT   0.005153      48.08     417         2288071.000000    11778.886900      643839333.000000-1170699.000000-0.18       2.897100    0.003000    0.10        74.34       25.66       1.353500    0.003700    0.27        57.51       42.49       3.233700    -0.007200   -0.22       76.38       23.62  
2026-06-03 17:30:00 UTCBLESSUSDT   0.005169      50.08     575         3694395.000000    19099.979575      643960405.000000121072.000000 0.02        2.903200    0.006100    0.21        74.38       25.62       1.354600    0.001100    0.08        57.53       42.47       3.233700    0.000000    0.00        76.38       23.62   
2026-06-03 17:45:00 UTCBLESSUSDT   0.005165      49.57     515         3510787.000000    18133.534200      644458778.000000498373.000000 0.08        2.891100    -0.012100   -0.42       74.30       25.70       1.354600    0.000000    0.00        57.53       42.47       3.237300    0.003600    0.11        76.40       23.60   
2026-06-03 18:00:00 UTCBLESSUSDT   0.005152      47.85     740         5021425.000000    25923.796263      644007737.000000-451041.000000-0.07       2.921600    0.030500    1.05        74.50       25.50       1.357200    0.002600    0.19        57.58       42.42       3.299200    0.061900    1.91        76.74       23.26   
2026-06-03 18:15:00 UTCBLESSUSDT   0.005108      42.48     1015        9998964.000000    51075.915881      642611827.000000-1395910.000000-0.22       2.960400    0.038800    1.33        74.75       25.25       1.359800    0.002600    0.19        57.62       42.38       3.323400    0.024200    0.73        76.87       23.13  
2026-06-03 18:30:00 UTCBLESSUSDT   0.005103      41.91     546         2084374.000000    10616.829546      639299634.000000-3312193.000000-0.52       2.973000    0.012600    0.43        74.83       25.17       1.365700    0.005900    0.43        57.73       42.27       3.353500    0.030100    0.91        77.03       22.97  
2026-06-03 18:45:00 UTCBLESSUSDT   0.005096      41.07     867         6312399.000000    32100.744938      639236905.000000-62729.000000 -0.01       2.974600    0.001600    0.05        74.84       25.16       1.366200    0.000500    0.04        57.74       42.26       3.363000    0.009500    0.28        77.08       22.92   
2026-06-03 19:00:00 UTCBLESSUSDT   0.005105      42.66     749         3641795.000000    18607.320827      640999089.0000001762184.0000000.28        3.008000    0.033400    1.12        75.05       24.95       1.373000    0.006800    0.50        57.86       42.14       3.409200    0.046200    1.37        77.32       22.68   
2026-06-03 19:15:00 UTCBLESSUSDT   0.005098      41.71     680         2329843.000000    11858.377245      641051345.00000052256.000000  0.01        3.014500    0.006500    0.22        75.09       24.91       1.376200    0.003200    0.23        57.92       42.08       3.401400    -0.007800   -0.23       77.28       22.72   
2026-06-03 19:30:00 UTCBLESSUSDT   0.005120      45.77     596         1864059.000000    9533.451651       640986372.000000-64973.000000 -0.01       3.012800    -0.001700   -0.06       75.08       24.92       1.376800    0.000600    0.04        57.93       42.07       3.387900    -0.013500   -0.40       77.21       22.79   
2026-06-03 19:45:00 UTCBLESSUSDT   0.005056      37.58     1277        8585168.000000    43421.178950      640865847.000000-120525.000000-0.02       3.027400    0.014600    0.48        75.17       24.83       1.377600    0.000800    0.06        57.94       42.06       3.411100    0.023200    0.68        77.33       22.67   
2026-06-03 20:00:00 UTCBLESSUSDT   0.005073      40.62     1041        5191001.000000    26165.905707      639065554.000000-1800293.000000-0.28       3.045300    0.017900    0.59        75.28       24.72       1.376200    -0.001400   -0.10       57.92       42.08       3.452400    0.041300    1.21        77.54       22.46  
2026-06-03 20:15:00 UTCBLESSUSDT   0.005067      39.88     700         2863002.000000    14445.475983      638218550.000000-847004.000000-0.13       3.045300    0.000000    0.00        75.28       24.72       1.373700    -0.002500   -0.18       57.87       42.13       3.462300    0.009900    0.29        77.59       22.41   
2026-06-03 20:30:00 UTCBLESSUSDT   0.004989      31.79     943         5171734.000000    25880.805199      638357259.000000138709.000000 0.02        3.033900    -0.011400   -0.37       75.21       24.79       1.373300    -0.000400   -0.03       57.87       42.13       3.438500    -0.023800   -0.69       77.47       22.53   
2026-06-03 20:45:00 UTCBLESSUSDT   0.004956      29.10     1450        9367336.000000    46497.989852      637313894.000000-1043365.000000-0.16       2.968300    -0.065600   -2.16       74.80       25.20       1.369900    -0.003400   -0.25       57.80       42.20       3.386000    -0.052500   -1.53       77.20       22.80  
2026-06-03 21:00:00 UTCBLESSUSDT   0.005015      39.03     1595        15021334.000000   75310.643026      636324544.000000-989350.000000-0.16       2.971400    0.003100    0.10        74.82       25.18       1.369500    -0.000400   -0.03       57.80       42.20       3.407200    0.021200    0.63        77.31       22.69   
2026-06-03 21:15:00 UTCBLESSUSDT   0.005044      43.24     590         2589854.000000    13053.662018      636169917.000000-154627.000000-0.02       2.966700    -0.004700   -0.16       74.79       25.21       1.365000    -0.004500   -0.33       57.72       42.28       3.420900    0.013700    0.40        77.38       22.62   
2026-06-03 21:30:00 UTCBLESSUSDT   0.005089      49.11     904         6593836.000000    33479.902227      636727971.000000558054.000000 0.09        2.930800    -0.035900   -1.21       74.56       25.44       1.366500    0.001500    0.11        57.74       42.26       3.340300    -0.080600   -2.36       76.96       23.04   
2026-06-03 21:45:00 UTCBLESSUSDT   0.005182      58.63     911         7691018.000000    39705.494152      636913355.000000185384.000000 0.03        2.957300    0.026500    0.90        74.73       25.27       1.365600    -0.000900   -0.07       57.73       42.27       3.376400    0.036100    1.08        77.15       22.85   
2026-06-03 22:00:00 UTCBLESSUSDT   0.005131      52.80     1043        5233284.000000    26931.662201      636118929.000000-794426.000000-0.12       2.971400    0.014100    0.48        74.82       25.18       1.367600    0.002000    0.15        57.76       42.24       3.395600    0.019200    0.57        77.25       22.75   
2026-06-03 22:15:00 UTCBLESSUSDT   0.005109      50.46     712         2527199.000000    12911.136306      635706863.000000-412066.000000-0.06       2.987200    0.015800    0.53        74.92       25.08       1.368700    0.001100    0.08        57.78       42.22       3.391700    -0.003900   -0.11       77.23       22.77   
2026-06-03 22:30:00 UTCBLESSUSDT   0.005117      51.31     737         3546326.000000    18069.427262      635271781.000000-435082.000000-0.07       3.022500    0.035300    1.18        75.14       24.86       1.368700    0.000000    0.00        57.78       42.22       3.422800    0.031100    0.92        77.39       22.61   
2026-06-03 22:45:00 UTCBLESSUSDT   0.005118      51.42     765         5637161.000000    28883.990249      635191468.000000-80313.000000 -0.01       3.027400    0.004900    0.16        75.17       24.83       1.370900    0.002200    0.16        57.82       42.18       3.418900    -0.003900   -0.11       77.37       22.63   
2026-06-03 23:00:00 UTCBLESSUSDT   0.005088      47.88     705         2267253.000000    11512.032582      636390416.0000001198948.0000000.19        3.012800    -0.014600   -0.48       75.08       24.92       1.377000    0.006100    0.44        57.93       42.07       3.349700    -0.069200   -2.02       77.01       22.99   
2026-06-03 23:15:00 UTCBLESSUSDT   0.005091      48.27     583         2396459.000000    12158.818308      635690357.000000-700059.000000-0.11       3.027400    0.014600    0.48        75.17       24.83       1.377400    0.000400    0.03        57.94       42.06       3.395600    0.045900    1.37        77.25       22.75   
2026-06-03 23:30:00 UTCBLESSUSDT   0.005089      48.01     450         1212954.000000    6172.833745       635583886.000000-106471.000000-0.02       3.022500    -0.004900   -0.16       75.14       24.86       1.380000    0.002600    0.19        57.98       42.02       3.372500    -0.023100   -0.68       77.13       22.87   
2026-06-03 23:45:00 UTCBLESSUSDT   0.005090      48.16     616         2867084.000000    14564.584555      635468241.000000-115645.000000-0.02       3.016100    -0.006400   -0.21       75.10       24.90       1.380400    0.000400    0.03        57.99       42.01       3.374500    0.002000    0.06        77.14       22.86   
2026-06-04 00:00:00 UTCBLESSUSDT   0.005158      57.03     1023        6852064.000000    35104.680569      634927075.000000-541166.000000-0.09       3.027400    0.011300    0.37        75.17       24.83       1.379400    -0.001000   -0.07       57.97       42.03       3.405300    0.030800    0.91        77.30       22.70   
2026-06-04 00:15:00 UTCBLESSUSDT   0.005048      43.94     847         3238346.000000    16607.914126      635327015.000000399940.000000 0.06        3.029000    0.001600    0.05        75.18       24.82       1.379100    -0.000300   -0.02       57.97       42.03       3.386000    -0.019300   -0.57       77.20       22.80   
2026-06-04 00:30:00 UTCBLESSUSDT   0.005051      44.31     1880        16683884.000000   83623.155105      634880049.000000-446966.000000-0.07       3.058400    0.029400    0.97        75.36       24.64       1.380700    0.001600    0.12        58.00       42.00       3.440500    0.054500    1.61        77.48       22.52   
2026-06-04 00:45:00 UTCBLESSUSDT   0.004992      38.81     1158        7263123.000000    36307.215361      633286941.000000-1593108.000000-0.25       3.046900    -0.011500   -0.38       75.29       24.71       1.375400    -0.005300   -0.38       57.90       42.10       3.434600    -0.005900   -0.17       77.45       22.55  
2026-06-04 01:00:00 UTCBLESSUSDT   0.004921      33.43     1372        8139173.000000    40418.213915      633584439.000000297498.000000 0.05        3.085000    0.038100    1.25        75.52       24.48       1.376000    0.000600    0.04        57.91       42.09       3.434600    0.000000    0.00        77.45       22.55   
2026-06-04 01:15:00 UTCBLESSUSDT   0.004786      26.03     2905        28109844.000000   136377.207388     632412854.000000-1171585.000000-0.18       3.065000    -0.020000   -0.65       75.40       24.60       1.379600    0.003600    0.26        57.98       42.02       3.472300    0.037700    1.10        77.64       22.36  
2026-06-04 01:30:00 UTCBLESSUSDT   0.004815      29.63     1646        10677400.000000   51476.094336      630165745.000000-2247109.000000-0.36       3.118600    0.053600    1.75        75.72       24.28       1.373300    -0.006300   -0.46       57.86       42.14       3.518800    0.046500    1.34        77.87       22.13  
2026-06-04 01:45:00 UTCBLESSUSDT   0.004657      23.05     3257        33534403.000000   157616.504689     629669103.000000-496642.000000-0.08       3.132200    0.013600    0.44        75.80       24.20       1.362900    -0.010400   -0.76       57.68       42.32       3.541300    0.022500    0.64        77.98       22.02   
2026-06-04 02:00:00 UTCBLESSUSDT   0.004304      15.02     16996       300677736.000000  1305887.841155    629188441.000000-480662.000000-0.08       3.133900    0.001700    0.05        75.81       24.19       1.372200    0.009300    0.68        57.85       42.15       3.492400    -0.048900   -1.38       77.74       22.26   
2026-06-04 02:15:00 UTCBLESSUSDT   0.004337      17.90     7051        65560284.000000   283359.048753     618337628.000000-10850813.000000-1.72       2.968300    -0.165600   -5.28       74.80       25.20       1.385500    0.013300    0.97        58.08       41.92       3.240900    -0.251500   -7.20       76.42       23.58 
2026-06-04 02:30:00 UTCBLESSUSDT   0.004327      17.71     4496        36582407.000000   158915.776880     623478849.0000005141221.0000000.83        3.001600    0.033300    1.12        75.01       24.99       1.399000    0.013500    0.97        58.32       41.68       3.268000    0.027100    0.84        76.57       23.43   
2026-06-04 02:45:00 UTCBLESSUSDT   0.004362      20.96     9343        150824980.000000  674882.738308     625864169.0000002385320.0000000.38        3.022500    0.020900    0.70        75.14       24.86       1.410600    0.011600    0.83        58.52       41.48       3.233700    -0.034300   -1.05       76.38       23.62   
2026-06-04 03:00:00 UTCBLESSUSDT   0.004419      26.09     8034        74119000.000000   330506.110047     644737206.00000018873037.0000003.02        2.882000    -0.140500   -4.65       74.24       25.76       1.363200    -0.047400   -3.36       57.68       42.32       3.240900    0.007200    0.22        76.42       23.58  
2026-06-04 03:15:00 UTCBLESSUSDT   0.004431      27.17     3539        11679808.000000   51961.008431      654818068.00000010080862.0000001.56        2.992000    0.110000    3.82        74.95       25.05       1.385500    0.022300    1.64        58.08       41.92       3.301100    0.060200    1.86        76.75       23.25  
2026-06-04 03:30:00 UTCBLESSUSDT   0.004494      32.69     3267        13173863.000000   58613.343167      655719521.000000901453.000000 0.14        2.982500    -0.009500   -0.32       74.89       25.11       1.394400    0.008900    0.64        58.24       41.76       3.293700    -0.007400   -0.22       76.71       23.29   
2026-06-04 03:45:00 UTCBLESSUSDT   0.004482      32.19     1902        5628696.000000    25270.435125      653498890.000000-2220631.000000-0.34       2.985700    0.003200    0.11        74.91       25.09       1.373100    -0.021300   -1.53       57.86       42.14       3.244500    -0.049200   -1.49       76.44       23.56  
2026-06-04 04:00:00 UTCBLESSUSDT   0.004472      31.75     2866        12632532.000000   56898.477125      653075083.000000-423807.000000-0.06       3.024100    0.038400    1.29        75.15       24.85       1.370800    -0.002300   -0.17       57.82       42.18       3.291800    0.047300    1.46        76.70       23.30   
2026-06-04 04:15:00 UTCBLESSUSDT   0.004432      30.00     1776        5319330.000000    23691.501372      652165240.000000-909843.000000-0.14       3.014500    -0.009600   -0.32       75.09       24.91       1.373900    0.003100    0.23        57.87       42.13       3.330900    0.039100    1.19        76.91       23.09   
2026-06-04 04:30:00 UTCBLESSUSDT   0.004379      27.81     3028        20799840.000000   91219.803700      650637836.000000-1527404.000000-0.23       3.011200    -0.003300   -0.11       75.07       24.93       1.375600    0.001700    0.12        57.91       42.09       3.279000    -0.051900   -1.56       76.63       23.37  
2026-06-04 04:45:00 UTCBLESSUSDT   0.004361      27.09     2113        8354921.000000    36506.953700      642584431.000000-8053405.000000-1.24       3.008000    -0.003200   -0.11       75.05       24.95       1.378300    0.002700    0.20        57.95       42.05       3.359200    0.080200    2.45        77.06       22.94  
2026-06-04 05:00:00 UTCBLESSUSDT   0.004304      24.88     3362        21146357.000000   91200.011129      641553473.000000-1030958.000000-0.16       3.037100    0.029100    0.97        75.23       24.77       1.377500    -0.000800   -0.06       57.94       42.06       3.306600    -0.052600   -1.57       76.78       23.22  
2026-06-04 05:15:00 UTCBLESSUSDT   0.004273      23.75     2407        12880890.000000   55204.456386      638758803.000000-2794670.000000-0.44       3.030600    -0.006500   -0.21       75.19       24.81       1.375100    -0.002400   -0.17       57.90       42.10       3.384000    0.077400    2.34        77.19       22.81  
2026-06-04 05:30:00 UTCBLESSUSDT   0.004332      30.26     3145        14526393.000000   62720.669639      640004106.0000001245303.0000000.19        2.976100    -0.054500   -1.80       74.85       25.15       1.376400    0.001300    0.09        57.92       42.08       3.258900    -0.125100   -3.70       76.52       23.48   
2026-06-04 05:45:00 UTCBLESSUSDT   0.004320      29.70     2410        9536495.000000    41226.151516      644245108.0000004241002.0000000.66        2.963500    -0.012600   -0.42       74.77       25.23       1.381000    0.004600    0.33        58.00       42.00       3.217600    -0.041300   -1.27       76.29       23.71   
2026-06-04 06:00:00 UTCBLESSUSDT   0.004328      30.61     2548        10458787.000000   45152.914531      644710202.000000465094.000000 0.07        2.957300    -0.006200   -0.21       74.73       25.27       1.388400    0.007400    0.54        58.13       41.87       3.237300    0.019700    0.61        76.40       23.60   
2026-06-04 06:15:00 UTCBLESSUSDT   0.004339      31.93     2097        8595857.000000    37320.792120      641894709.000000-2815493.000000-0.44       2.943200    -0.014100   -0.48       74.64       25.36       1.395100    0.006700    0.48        58.25       41.75       3.226500    -0.010800   -0.33       76.34       23.66  
2026-06-04 06:30:00 UTCBLESSUSDT   0.004333      31.57     2304        15802452.000000   68265.609358      642083342.000000188633.000000 0.03        2.933900    -0.009300   -0.32       74.58       25.42       1.398700    0.003600    0.26        58.31       41.69       3.191100    -0.035400   -1.10       76.14       23.86   
2026-06-04 06:45:00 UTCBLESSUSDT   0.004387      38.15     2043        12331512.000000   53886.282486      638008191.000000-4075151.000000-0.63       2.937000    0.003100    0.11        74.60       25.40       1.396800    -0.001900   -0.14       58.28       41.72       3.233700    0.042600    1.33        76.38       23.62  
2026-06-04 07:00:00 UTCBLESSUSDT   0.004396      39.20     2164        16254698.000000   71059.847741      636853049.000000-1155142.000000-0.18       2.952600    0.015600    0.53        74.70       25.30       1.407700    0.010900    0.78        58.47       41.53       3.158000    -0.075700   -2.34       75.95       24.05  
2026-06-04 07:15:00 UTCBLESSUSDT   0.004350      35.85     2082        11818670.000000   51409.054179      637166027.000000312978.000000 0.05        2.937000    -0.015600   -0.53       74.60       25.40       1.397600    -0.010100   -0.72       58.29       41.71       3.191100    0.033100    1.05        76.14       23.86   
2026-06-04 07:30:00 UTCBLESSUSDT   0.004396      41.26     1803        8389578.000000    36863.932967      636412005.000000-754022.000000-0.12       2.921600    -0.015400   -0.52       74.50       25.50       1.395700    -0.001900   -0.14       58.26       41.74       3.208800    0.017700    0.55        76.24       23.76   
2026-06-04 07:45:00 UTCBLESSUSDT   0.004328      36.38     1765        9511312.000000    41518.597050      637287663.000000875658.000000 0.14        2.929300    0.007700    0.26        74.55       25.45       1.387000    -0.008700   -0.62       58.11       41.89       3.205200    -0.003600   -0.11       76.22       23.78   
2026-06-04 08:00:00 UTCBLESSUSDT   0.004244      31.44     2540        19620419.000000   84151.107608      638253610.000000965947.000000 0.15        2.933900    0.004600    0.16        74.58       25.42       1.383200    -0.003800   -0.27       58.04       41.96       3.226500    0.021300    0.66        76.34       23.66   
2026-06-04 08:15:00 UTCBLESSUSDT   0.004280      35.48     2555        16810150.000000   71713.787230      635927681.000000-2325929.000000-0.36       2.927700    -0.006200   -0.21       74.54       25.46       1.375900    -0.007300   -0.53       57.91       42.09       3.269900    0.043400    1.35        76.58       23.42  
2026-06-04 08:30:00 UTCBLESSUSDT   0.004269      34.81     1890        8219001.000000    35192.045956      633924052.000000-2003629.000000-0.32       2.938600    0.010900    0.37        74.61       25.39       1.371600    -0.004300   -0.31       57.83       42.17       3.306600    0.036700    1.12        76.78       23.22  
2026-06-04 08:45:00 UTCBLESSUSDT   0.004312      39.65     1447        4796158.000000    20673.103923      634240850.000000316798.000000 0.05        2.927700    -0.010900   -0.37       74.54       25.46       1.373800    0.002200    0.16        57.87       42.13       3.262600    -0.044000   -1.33       76.54       23.46   
2026-06-04 09:00:00 UTCBLESSUSDT   0.004231      34.46     2392        14491942.000000   61759.488048      635213851.000000973001.000000 0.15        2.957300    0.029600    1.01        74.73       25.27       1.369300    -0.004500   -0.33       57.79       42.21       3.288200    0.025600    0.78        76.68       23.32   
2026-06-04 09:15:00 UTCBLESSUSDT   0.004149      30.15     3568        33256158.000000   139246.393532     632605328.000000-2608523.000000-0.41       2.940100    -0.017200   -0.58       74.62       25.38       1.374100    0.004800    0.35        57.88       42.12       3.288200    0.000000    0.00        76.68       23.32  
2026-06-04 09:30:00 UTCBLESSUSDT   0.004171      32.59     2506        19231358.000000   79915.555042      626186405.000000-6418923.000000-1.01       2.982500    0.042400    1.44        74.89       25.11       1.374800    0.000700    0.05        57.89       42.11       3.315900    0.027700    0.84        76.83       23.17  
2026-06-04 09:45:00 UTCBLESSUSDT   0.004192      34.92     1920        11104863.000000   46446.817220      622702481.000000-3483924.000000-0.56       2.941700    -0.040800   -1.37       74.63       25.37       1.387400    0.012600    0.92        58.11       41.89       3.239100    -0.076800   -2.32       76.41       23.59  
2026-06-04 10:00:00 UTCBLESSUSDT   0.004165      33.32     3102        29828711.000000   124318.478677     623701819.000000999338.000000 0.16        2.929300    -0.012400   -0.42       74.55       25.45       1.396900    0.009500    0.68        58.28       41.72       3.208800    -0.030300   -0.94       76.24       23.76   
2026-06-04 10:15:00 UTCBLESSUSDT   0.004181      35.21     2023        13356883.000000   55913.067551      624524189.000000822370.000000 0.13        2.935500    0.006200    0.21        74.59       25.41       1.393600    -0.003300   -0.24       58.22       41.78       3.246300    0.037500    1.17        76.45       23.55   
2026-06-04 10:30:00 UTCBLESSUSDT   0.004186      35.82     1964        8152088.000000    34167.533541      626962213.0000002438024.0000000.39        2.935500    0.000000    0.00        74.59       25.41       1.404900    0.011300    0.81        58.42       41.58       3.205200    -0.041100   -1.27       76.22       23.78   
2026-06-04 10:45:00 UTCBLESSUSDT   0.004142      32.88     2672        17452956.000000   72382.257535      626816974.000000-145239.000000-0.02       2.937000    0.001500    0.05        74.60       25.40       1.404200    -0.000700   -0.05       58.41       41.59       3.224800    0.019600    0.61        76.33       23.67   
2026-06-04 11:00:00 UTCBLESSUSDT   0.004129      32.04     2003        8630855.000000    35732.231851      623537889.000000-3279085.000000-0.52       2.957300    0.020300    0.69        74.73       25.27       1.415800    0.011600    0.83        58.61       41.39       3.239100    0.014300    0.44        76.41       23.59  
2026-06-04 11:15:00 UTCBLESSUSDT   0.004172      37.69     1945        7967446.000000    33240.582286      623719392.000000181503.000000 0.03        2.933900    -0.023400   -0.79       74.58       25.42       1.418800    0.003000    0.21        58.66       41.34       3.192900    -0.046200   -1.43       76.15       23.85   
2026-06-04 11:30:00 UTCBLESSUSDT   0.004149      35.97     1686        8829037.000000    36692.625897      626410557.0000002691165.0000000.43        2.886500    -0.047400   -1.62       74.27       25.73       1.421100    0.002300    0.16        58.70       41.30       3.159700    -0.033200   -1.04       75.96       24.04   
2026-06-04 11:45:00 UTCBLESSUSDT   0.004182      40.20     1504        7027741.000000    29338.661625      626879261.000000468704.000000 0.07        2.886500    0.000000    0.00        74.27       25.73       1.425100    0.004000    0.28        58.76       41.24       3.151100    -0.008600   -0.27       75.91       24.09   
2026-06-04 12:00:00 UTCBLESSUSDT   0.004176      39.68     1884        9450173.000000    39576.644962      627849770.000000970509.000000 0.15        2.894100    0.007600    0.26        74.32       25.68       1.420800    -0.004300   -0.30       58.69       41.31       3.215900    0.064800    2.06        76.28       23.72   
2026-06-04 12:15:00 UTCBLESSUSDT   0.004259      49.31     2176        11593583.000000   49011.887282      627903933.00000054163.000000  0.01        2.865500    -0.028600   -0.99       74.13       25.87       1.425300    0.004500    0.32        58.77       41.23       3.161500    -0.054400   -1.69       75.97       24.03   
2026-06-04 12:30:00 UTCBLESSUSDT   0.004308      53.98     2637        18077394.000000   77729.133262      629729211.0000001825278.0000000.29        2.868500    0.003000    0.10        74.15       25.85       1.422000    -0.003300   -0.23       58.71       41.29       3.215900    0.054400    1.72        76.28       23.72   
2026-06-04 12:45:00 UTCBLESSUSDT   0.004411      61.93     2130        14846437.000000   64561.141649      631362808.0000001633597.0000000.26        2.886500    0.018000    0.63        74.27       25.73       1.413600    -0.008400   -0.59       58.57       41.43       3.194600    -0.021300   -0.66       76.16       23.84   
2026-06-04 13:00:00 UTCBLESSUSDT   0.004399      60.61     2196        14700635.000000   64843.423156      630002134.000000-1360674.000000-0.22       2.834400    -0.052100   -1.80       73.92       26.08       1.422900    0.009300    0.66        58.73       41.27       3.145900    -0.048700   -1.52       75.88       24.12  
2026-06-04 13:15:00 UTCBLESSUSDT   0.004478      65.76     1808        8013608.000000    35545.224632      628433089.000000-1569045.000000-0.25       2.846200    0.011800    0.42        74.00       26.00       1.429700    0.006800    0.48        58.84       41.16       3.151100    0.005200    0.17        75.91       24.09  
2026-06-04 13:30:00 UTCBLESSUSDT   0.004508      67.50     3565        27685337.000000   124501.836925     628871729.000000438640.000000 0.07        2.846200    0.000000    0.00        74.00       26.00       1.430300    0.000600    0.04        58.85       41.15       3.173600    0.022500    0.71        76.04       23.96   
2026-06-04 13:45:00 UTCBLESSUSDT   0.004562      70.41     2717        19605105.000000   89331.994888      626955794.000000-1915935.000000-0.30       2.852100    0.005900    0.21        74.04       25.96       1.431400    0.001100    0.08        58.87       41.13       3.164900    -0.008700   -0.27       75.99       24.01  
2026-06-04 14:00:00 UTCBLESSUSDT   0.004582      71.43     2254        9411307.000000    42801.763590      628569013.0000001613219.0000000.26        2.844700    -0.007400   -0.26       73.99       26.01       1.438500    0.007100    0.50        58.99       41.01       3.125400    -0.039500   -1.25       75.76       24.24   
2026-06-04 14:15:00 UTCBLESSUSDT   0.004572      70.13     1628        8947875.000000    40829.224665      629284571.000000715558.000000 0.11        2.838800    -0.005900   -0.21       73.95       26.05       1.439000    0.000500    0.03        59.00       41.00       3.105100    -0.020300   -0.65       75.64       24.36   
2026-06-04 14:30:00 UTCBLESSUSDT   0.004435      55.27     1912        20715854.000000   93002.358166      627278513.000000-2006058.000000-0.32       2.843200    0.004400    0.15        73.98       26.02       1.437600    -0.001400   -0.10       58.98       41.02       3.128800    0.023700    0.76        75.78       24.22  
2026-06-04 14:45:00 UTCBLESSUSDT   0.004420      53.92     917         5453153.000000    24198.877658      625207376.000000-2071137.000000-0.33       2.858000    0.014800    0.52        74.08       25.92       1.434200    -0.003400   -0.24       58.92       41.08       3.191100    0.062300    1.99        76.14       23.86  
2026-06-04 15:00:00 UTCBLESSUSDT   0.004490      58.95     1198        9801939.000000    43453.436364      625825791.000000618415.000000 0.10        2.858000    0.000000    0.00        74.08       25.92       1.437400    0.003200    0.22        58.97       41.03       3.144200    -0.046900   -1.47       75.87       24.13   
2026-06-04 15:15:00 UTCBLESSUSDT   0.004500      59.63     951         6813029.000000    30651.142387      627197148.0000001371357.0000000.22        2.815300    -0.042700   -1.49       73.79       26.21       1.443200    0.005800    0.40        59.07       40.93       3.101700    -0.042500   -1.35       75.62       24.38   
2026-06-04 15:30:00 UTCBLESSUSDT   0.004519      60.94     692         3502434.000000    15759.636750      626142669.000000-1054479.000000-0.17       2.824100    0.008800    0.31        73.85       26.15       1.445100    0.001900    0.13        59.10       40.90       3.066700    -0.035000   -1.13       75.41       24.59  
2026-06-04 15:45:00 UTCBLESSUSDT   0.004549      63.00     783         4326996.000000    19614.767193      626509475.000000366806.000000 0.06        2.827000    0.002900    0.10        73.87       26.13       1.445300    0.000200    0.01        59.10       40.90       3.083300    0.016600    0.54        75.51       24.49   
2026-06-04 16:00:00 UTCBLESSUSDT   0.004497      57.36     1156        6639969.000000    29930.771153      626323235.000000-186240.000000-0.03       2.812400    -0.014600   -0.52       73.77       26.23       1.445800    0.000500    0.03        59.11       40.89       3.078300    -0.005000   -0.16       75.48       24.52   
2026-06-04 16:15:00 UTCBLESSUSDT   0.004451      52.86     679         3320320.000000    14868.067582      626294264.000000-28971.000000 -0.00       2.787900    -0.024500   -0.87       73.60       26.40       1.447600    0.001800    0.12        59.14       40.86       3.088300    0.010000    0.32        75.54       24.46   
2026-06-04 16:30:00 UTCBLESSUSDT   0.004489      55.94     710         3970629.000000    17700.636840      625967816.000000-326448.000000-0.05       2.797900    0.010000    0.36        73.67       26.33       1.449100    0.001500    0.10        59.17       40.83       3.070000    -0.018300   -0.59       75.43       24.57   
2026-06-04 16:45:00 UTCBLESSUSDT   0.004476      54.62     533         3552790.000000    15927.851568      626574359.000000606543.000000 0.10        2.769300    -0.028600   -1.02       73.47       26.53       1.443300    -0.005800   -0.40       59.07       40.93       3.088300    0.018300    0.60        75.54       24.46   
2026-06-04 17:00:00 UTCBLESSUSDT   0.004492      55.99     1033        7054985.000000    31572.842583      626827002.000000252643.000000 0.04        2.773600    0.004300    0.16        73.50       26.50       1.448300    0.005000    0.35        59.16       40.84       3.065000    -0.023300   -0.75       75.40       24.60   
2026-06-04 17:15:00 UTCBLESSUSDT   0.004442      50.83     925         5019906.000000    22408.009176      625379482.000000-1447520.000000-0.23       2.772200    -0.001400   -0.05       73.49       26.51       1.445800    -0.002500   -0.17       59.11       40.89       3.088300    0.023300    0.76        75.54       24.46  
2026-06-04 17:30:00 UTCBLESSUSDT   0.004424      49.07     853         4969670.000000    21953.229401      624105691.000000-1273791.000000-0.20       2.813900    0.041700    1.50        73.78       26.22       1.445000    -0.000800   -0.06       59.10       40.90       3.115200    0.026900    0.87        75.70       24.30  
2026-06-04 17:45:00 UTCBLESSUSDT   0.004474      53.84     890         3320457.000000    14779.991072      623268020.000000-837671.000000-0.13       2.809500    -0.004400   -0.16       73.75       26.25       1.444000    -0.001000   -0.07       59.08       40.92       3.111800    -0.003400   -0.11       75.68       24.32   
2026-06-04 18:00:00 UTCBLESSUSDT   0.004425      49.00     714         2578685.000000    11472.618538      622898806.000000-369214.000000-0.06       2.762200    -0.047300   -1.68       73.42       26.58       1.441500    -0.002500   -0.17       59.04       40.96       3.050200    -0.061600   -1.98       75.31       24.69   
2026-06-04 18:15:00 UTCBLESSUSDT   0.004477      53.75     926         4876972.000000    21727.799106      623218093.000000319287.000000 0.05        2.775000    0.012800    0.46        73.51       26.49       1.440700    -0.000800   -0.06       59.03       40.97       3.055200    0.005000    0.16        75.34       24.66   
2026-06-04 18:30:00 UTCBLESSUSDT   0.004468      52.83     1025        6587905.000000    29551.972268      624022045.000000803952.000000 0.13        2.758000    -0.017000   -0.61       73.39       26.61       1.441900    0.001200    0.08        59.05       40.95       3.024100    -0.031100   -1.02       75.15       24.85   
2026-06-04 18:45:00 UTCBLESSUSDT   0.004498      55.56     657         3018505.000000    13555.625462      624484110.000000462065.000000 0.07        2.753800    -0.004200   -0.15       73.36       26.64       1.444100    0.002200    0.15        59.09       40.91       3.027400    0.003300    0.11        75.17       24.83   
2026-06-04 19:00:00 UTCBLESSUSDT   0.004478      53.35     576         1958759.000000    8775.888333       624616453.000000132343.000000 0.02        2.767900    0.014100    0.51        73.46       26.54       1.443100    -0.001000   -0.07       59.07       40.93       3.029000    0.001600    0.05        75.18       24.82   
2026-06-04 19:15:00 UTCBLESSUSDT   0.004542      58.98     703         3225549.000000    14543.461209      624364712.000000-251741.000000-0.04       2.752300    -0.015600   -0.56       73.35       26.65       1.443000    -0.000100   -0.01       59.07       40.93       3.043700    0.014700    0.49        75.27       24.73   
2026-06-04 19:30:00 UTCBLESSUSDT   0.004499      54.24     634         2545785.000000    11512.244339      624456064.00000091352.000000  0.01        2.728600    -0.023700   -0.86       73.18       26.82       1.443000    0.000000    0.00        59.07       40.93       3.009600    -0.034100   -1.12       75.06       24.94   
2026-06-04 19:45:00 UTCBLESSUSDT   0.004472      51.45     692         3405925.000000    15252.472689      624124269.000000-331795.000000-0.05       2.732700    0.004100    0.15        73.21       26.79       1.443700    0.000700    0.05        59.08       40.92       3.001600    -0.008000   -0.27       75.01       24.99   
2026-06-04 20:00:00 UTCBLESSUSDT   0.004438      48.09     733         3340034.000000    14828.353458      623660614.000000-463655.000000-0.07       2.755200    0.022500    0.82        73.37       26.63       1.441000    -0.002700   -0.19       59.03       40.97       3.075000    0.073400    2.45        75.46       24.54   
2026-06-04 20:15:00 UTCBLESSUSDT   0.004440      48.30     500         1780393.000000    7899.971746       622921629.000000-738985.000000-0.12       2.765100    0.009900    0.36        73.44       26.56       1.442500    0.001500    0.10        59.06       40.94       3.037100    -0.037900   -1.23       75.23       24.77   
2026-06-04 20:30:00 UTCBLESSUSDT   0.004457      50.18     432         1340561.000000    5971.530938       622817823.000000-103806.000000-0.02       2.767900    0.002800    0.10        73.46       26.54       1.442000    -0.000500   -0.03       59.05       40.95       3.009600    -0.027500   -0.91       75.06       24.94   
2026-06-04 20:45:00 UTCBLESSUSDT   0.004444      48.72     481         1797667.000000    7982.023424       622729502.000000-88321.000000 -0.01       2.745300    -0.022600   -0.82       73.30       26.70       1.441000    -0.001000   -0.07       59.03       40.97       2.995200    -0.014400   -0.48       74.97       25.03   
2026-06-04 21:00:00 UTCBLESSUSDT   0.004418      45.85     611         2354520.000000    10457.824514      622541390.000000-188112.000000-0.03       2.750900    0.005600    0.20        73.34       26.66       1.439700    -0.001300   -0.09       59.01       40.99       3.009600    0.014400    0.48        75.06       24.94   
2026-06-04 21:15:00 UTCBLESSUSDT   0.004360      40.17     952         6518563.000000    28560.950828      622238981.000000-302409.000000-0.05       2.734100    -0.016800   -0.61       73.22       26.78       1.439700    0.000000    0.00        59.01       40.99       3.009600    0.000000    0.00        75.06       24.94   
2026-06-04 21:30:00 UTCBLESSUSDT   0.004341      38.49     1571        19157295.000000   82596.299949      620861919.000000-1377062.000000-0.22       2.724400    -0.009700   -0.35       73.15       26.85       1.443800    0.004100    0.28        59.08       40.92       2.998400    -0.011200   -0.37       74.99       25.01  
2026-06-04 21:45:00 UTCBLESSUSDT   0.004308      35.69     832         9622927.000000    41660.571422      619314842.000000-1547077.000000-0.25       2.709200    -0.015200   -0.56       73.04       26.96       1.450700    0.006900    0.48        59.20       40.80       2.987200    -0.011200   -0.37       74.92       25.08  
2026-06-04 22:00:00 UTCBLESSUSDT   0.004295      34.62     1588        10554890.000000   45336.867331      619928083.000000613241.000000 0.10        2.701000    -0.008200   -0.30       72.98       27.02       1.454100    0.003400    0.23        59.25       40.75       2.969800    -0.017400   -0.58       74.81       25.19   
2026-06-04 22:15:00 UTCBLESSUSDT   0.004315      37.71     1081        6311127.000000    27203.679273      619526974.000000-401109.000000-0.06       2.702300    0.001300    0.05        72.99       27.01       1.447200    -0.006900   -0.47       59.14       40.86       3.025800    0.056000    1.89        75.16       24.84   
2026-06-04 22:30:00 UTCBLESSUSDT   0.004289      35.37     1383        8457893.000000    36259.458827      618949513.000000-577461.000000-0.09       2.723000    0.020700    0.77        73.14       26.86       1.451600    0.004400    0.30        59.21       40.79       3.024100    -0.001700   -0.06       75.15       24.85   
2026-06-04 22:45:00 UTCBLESSUSDT   0.004316      39.56     1010        5522138.000000    23769.047233      618382034.000000-567479.000000-0.09       2.692800    -0.030200   -1.11       72.92       27.08       1.457000    0.005400    0.37        59.30       40.70       2.990400    -0.033700   -1.11       74.94       25.06   
2026-06-04 23:00:00 UTCBLESSUSDT   0.004347      44.05     837         4612023.000000    19944.011409      618603490.000000221456.000000 0.04        2.690000    -0.002800   -0.10       72.90       27.10       1.462500    0.005500    0.38        59.39       40.61       2.962000    -0.028400   -0.95       74.76       25.24   
2026-06-04 23:15:00 UTCBLESSUSDT   0.004304      39.65     692         4770848.000000    20599.915336      619709025.0000001105535.0000000.18        2.673800    -0.016200   -0.60       72.78       27.22       1.462000    -0.000500   -0.03       59.38       40.62       2.971400    0.009400    0.32        74.82       25.18   
2026-06-04 23:30:00 UTCBLESSUSDT   0.004346      45.38     704         3245810.000000    14041.912309      620228700.000000519675.000000 0.08        2.677800    0.004000    0.15        72.81       27.19       1.458500    -0.003500   -0.24       59.33       40.67       2.990400    0.019000    0.64        74.94       25.06   
2026-06-04 23:45:00 UTCBLESSUSDT   0.004377      49.22     633         2720391.000000    11854.667218      620699909.000000471209.000000 0.08        2.675100    -0.002700   -0.10       72.79       27.21       1.456900    -0.001600   -0.11       59.30       40.70       2.988800    -0.001600   -0.05       74.93       25.07   
2026-06-05 00:00:00 UTCBLESSUSDT   0.004361      47.37     896         6277656.000000    27335.272996      620756328.00000056419.000000  0.01        2.683200    0.008100    0.30        72.85       27.15       1.457300    0.000400    0.03        59.30       40.70       2.974600    -0.014200   -0.48       74.84       25.16   
2026-06-05 00:15:00 UTCBLESSUSDT   0.004411      53.28     844         3575764.000000    15657.471093      621050297.000000293969.000000 0.05        2.667000    -0.016200   -0.60       72.73       27.27       1.452100    -0.005200   -0.36       59.22       40.78       2.971400    -0.003200   -0.11       74.82       25.18   
2026-06-05 00:30:00 UTCBLESSUSDT   0.004379      49.45     555         2591810.000000    11377.205411      620672554.000000-377743.000000-0.06       2.686000    0.019000    0.71        72.87       27.13       1.453200    0.001100    0.08        59.24       40.76       3.014500    0.043100    1.45        75.09       24.91   
2026-06-05 00:45:00 UTCBLESSUSDT   0.004333      44.51     702         5565066.000000    24234.524201      620941645.000000269091.000000 0.04        2.686000    0.000000    0.00        72.87       27.13       1.453600    0.000400    0.03        59.24       40.76       2.988800    -0.025700   -0.85       74.93       25.07   
2026-06-05 01:00:00 UTCBLESSUSDT   0.004311      42.33     978         7198714.000000    30914.986103      620156179.000000-785466.000000-0.13       2.699600    0.013600    0.51        72.97       27.03       1.451600    -0.002000   -0.14       59.21       40.79       3.014500    0.025700    0.86        75.09       24.91   
2026-06-05 01:15:00 UTCBLESSUSDT   0.004356      47.94     849         4596301.000000    19970.057692      619972009.000000-184170.000000-0.03       2.676500    -0.023100   -0.86       72.80       27.20       1.453300    0.001700    0.12        59.24       40.76       2.971400    -0.043100   -1.43       74.82       25.18   
2026-06-05 01:30:00 UTCBLESSUSDT   0.004351      47.39     577         2128543.000000    9282.961158       619128162.000000-843847.000000-0.14       2.701000    0.024500    0.92        72.98       27.02       1.454800    0.001500    0.10        59.26       40.74       2.954100    -0.017300   -0.58       74.71       25.29   
2026-06-05 01:45:00 UTCBLESSUSDT   0.004361      48.66     674         2851636.000000    12436.751657      619514895.000000386733.000000 0.06        2.709200    0.008200    0.30        73.04       26.96       1.454700    -0.000100   -0.01       59.26       40.74       2.957300    0.003200    0.11        74.73       25.27   
2026-06-05 02:00:00 UTCBLESSUSDT   0.004332      45.24     653         3317899.000000    14394.082987      619757249.000000242354.000000 0.04        2.691400    -0.017800   -0.66       72.91       27.09       1.456900    0.002200    0.15        59.30       40.70       2.949400    -0.007900   -0.27       74.68       25.32   
2026-06-05 02:15:00 UTCBLESSUSDT   0.004281      39.93     1216        10606365.000000   45664.671878      619994445.000000237196.000000 0.04        2.676500    -0.014900   -0.55       72.80       27.20       1.455400    -0.001500   -0.10       59.27       40.73       2.895600    -0.053800   -1.82       74.33       25.67   
2026-06-05 02:30:00 UTCBLESSUSDT   0.004275      39.34     1059        7572297.000000    32410.484558      618912045.000000-1082400.000000-0.17       2.643000    -0.033500   -1.25       72.55       27.45       1.460200    0.004800    0.33        59.35       40.65       2.844700    -0.050900   -1.76       73.99       26.01  
2026-06-05 02:45:00 UTCBLESSUSDT   0.004239      35.93     1398        10480768.000000   44548.578582      617595109.000000-1316936.000000-0.21       2.633700    -0.009300   -0.35       72.48       27.52       1.479900    0.019700    1.35        59.68       40.32       2.906300    0.061600    2.17        74.40       25.60  
2026-06-05 03:00:00 UTCBLESSUSDT   0.004203      32.87     1688        16549166.000000   69654.133611      615895885.000000-1699224.000000-0.28       2.653600    0.019900    0.76        72.63       27.37       1.486400    0.006500    0.44        59.78       40.22       2.879000    -0.027300   -0.94       74.22       25.78  
2026-06-05 03:15:00 UTCBLESSUSDT   0.004238      38.37     1158        7465005.000000    31576.248159      614704202.000000-1191683.000000-0.19       2.660300    0.006700    0.25        72.68       27.32       1.484100    -0.002300   -0.15       59.74       40.26       2.955700    0.076700    2.66        74.72       25.28  
2026-06-05 03:30:00 UTCBLESSUSDT   0.004260      41.61     966         6168297.000000    26272.461250      616116467.0000001412265.0000000.23        2.659000    -0.001300   -0.05       72.67       27.33       1.480100    -0.004000   -0.27       59.68       40.32       2.933900    -0.021800   -0.74       74.58       25.42   
2026-06-05 03:45:00 UTCBLESSUSDT   0.004255      41.08     738         3073932.000000    13096.075796      616249389.000000132922.000000 0.02        2.663000    0.004000    0.15        72.70       27.30       1.477600    -0.002500   -0.17       59.64       40.36       2.926200    -0.007700   -0.26       74.53       25.47   
2026-06-05 04:00:00 UTCBLESSUSDT   0.004328      50.89     1588        13109955.000000   56199.627016      616052433.000000-196956.000000-0.03       2.665700    0.002700    0.10        72.72       27.28       1.478500    0.000900    0.06        59.65       40.35       2.912400    -0.013800   -0.47       74.44       25.56   
2026-06-05 04:15:00 UTCBLESSUSDT   0.004381      56.55     987         5040774.000000    21873.390754      615187092.000000-865341.000000-0.14       2.668400    0.002700    0.10        72.74       27.26       1.484200    0.005700    0.39        59.75       40.25       2.913900    0.001500    0.05        74.45       25.55   
2026-06-05 04:30:00 UTCBLESSUSDT   0.004303      47.82     791         4411152.000000    19185.356796      615879226.000000692134.000000 0.11        2.671100    0.002700    0.10        72.76       27.24       1.483100    -0.001100   -0.07       59.73       40.27       2.910800    -0.003100   -0.11       74.43       25.57   
2026-06-05 04:45:00 UTCBLESSUSDT   0.004408      57.36     1111        6381589.000000    27748.233485      616024952.000000145726.000000 0.02        2.712000    0.040900    1.53        73.06       26.94       1.486500    0.003400    0.23        59.78       40.22       2.969800    0.059000    2.03        74.81       25.19   
2026-06-05 05:00:00 UTCBLESSUSDT   0.004346      51.39     1074        6493651.000000    28383.099763      616270551.000000245599.000000 0.04        2.680500    -0.031500   -1.16       72.83       27.17       1.485300    -0.001200   -0.08       59.76       40.24       2.923100    -0.046700   -1.57       74.51       25.49   
2026-06-05 05:15:00 UTCBLESSUSDT   0.004363      52.84     1057        7589853.000000    33084.532055      616109664.000000-160887.000000-0.03       2.713300    0.032800    1.22        73.07       26.93       1.483600    -0.001700   -0.11       59.74       40.26       2.958800    0.035700    1.22        74.74       25.26   
2026-06-05 05:30:00 UTCBLESSUSDT   0.004272      45.08     936         5769114.000000    24854.714466      618156834.0000002047170.0000000.33        2.720200    0.006900    0.25        73.12       26.88       1.483000    -0.000600   -0.04       59.73       40.27       2.965100    0.006300    0.21        74.78       25.22   
2026-06-05 05:45:00 UTCBLESSUSDT   0.004208      40.57     1322        11921218.000000   50437.560306      617689711.000000-467123.000000-0.08       2.725800    0.005600    0.21        73.16       26.84       1.487400    0.004400    0.30        59.80       40.20       2.943200    -0.021900   -0.74       74.64       25.36   
2026-06-05 06:00:00 UTCBLESSUSDT   0.004151      37.02     3007        36323244.000000   151788.324132     618036520.000000346809.000000 0.06        2.706400    -0.019400   -0.71       73.02       26.98       1.502100    0.014700    0.99        60.03       39.97       2.929300    -0.013900   -0.47       74.55       25.45   
2026-06-05 06:15:00 UTCBLESSUSDT   0.004073      32.79     6251        94096590.000000   381393.573911     611757605.000000-6278915.000000-1.02       2.760800    0.054400    2.01        73.41       26.59       1.502200    0.000100    0.01        60.03       39.97       3.024100    0.094800    3.24        75.15       24.85  
2026-06-05 06:30:00 UTCBLESSUSDT   0.004130      38.33     2758        27142002.000000   111066.814620     600282205.000000-11475400.000000-1.88       2.776400    0.015600    0.57        73.52       26.48       1.529200    0.027000    1.80        60.46       39.54       3.006400    -0.017700   -0.59       75.04       24.96 
2026-06-05 06:45:00 UTCBLESSUSDT   0.004121      37.80     1498        8821659.000000    36380.830744      602457226.0000002175021.0000000.36        2.743900    -0.032500   -1.17       73.29       26.71       1.517400    -0.011800   -0.77       60.28       39.72       3.006400    0.000000    0.00        75.04       24.96   
2026-06-05 07:00:00 UTCBLESSUSDT   0.004052      33.93     1979        15807945.000000   64574.124378      602902074.000000444848.000000 0.07        2.765100    0.021200    0.77        73.44       26.56       1.513300    -0.004100   -0.27       60.21       39.79       3.014500    0.008100    0.27        75.09       24.91   
2026-06-05 07:15:00 UTCBLESSUSDT   0.004178      45.01     2203        21899633.000000   90732.819719      600867435.000000-2034639.000000-0.34       2.766500    0.001400    0.05        73.45       26.55       1.524800    0.011500    0.76        60.39       39.61       2.968300    -0.046200   -1.53       74.80       25.20  
2026-06-05 07:30:00 UTCBLESSUSDT   0.004200      46.70     1195        8977317.000000    37548.666932      602311215.0000001443780.0000000.24        2.728600    -0.037900   -1.37       73.18       26.82       1.513200    -0.011600   -0.76       60.21       39.79       2.946300    -0.022000   -0.74       74.66       25.34   
2026-06-05 07:45:00 UTCBLESSUSDT   0.004216      47.94     1174        7268495.000000    30493.923303      602968261.000000657046.000000 0.11        2.718900    -0.009700   -0.36       73.11       26.89       1.520100    0.006900    0.46        60.32       39.68       3.009600    0.063300    2.15        75.06       24.94   
2026-06-05 08:00:00 UTCBLESSUSDT   0.004188      45.92     1046        5832650.000000    24449.004835      601199919.000000-1768342.000000-0.29       2.721600    0.002700    0.10        73.13       26.87       1.526700    0.006600    0.43        60.42       39.58       2.951000    -0.058600   -1.95       74.69       25.31  
2026-06-05 08:15:00 UTCBLESSUSDT   0.004212      47.95     1242        9858029.000000    41307.119481      601189796.000000-10123.000000 -0.00       2.714700    -0.006900   -0.25       73.08       26.92       1.524200    -0.002500   -0.16       60.38       39.62       2.924600    -0.026400   -0.89       74.52       25.48   
2026-06-05 08:30:00 UTCBLESSUSDT   0.004182      45.64     794         5502703.000000    23091.198117      605060888.0000003871092.0000000.64        2.695500    -0.019200   -0.71       72.94       27.06       1.526200    0.002000    0.13        60.42       39.58       2.955700    0.031100    1.06        74.72       25.28   
2026-06-05 08:45:00 UTCBLESSUSDT   0.004202      47.46     887         5540764.000000    23251.766914      605051208.000000-9680.000000  -0.00       2.684600    -0.010900   -0.40       72.86       27.14       1.523500    -0.002700   -0.18       60.37       39.63       2.938600    -0.017100   -0.58       74.61       25.39   
2026-06-05 09:00:00 UTCBLESSUSDT   0.004300      55.32     1321        9180919.000000    38958.685108      605632706.000000581498.000000 0.10        2.698200    0.013600    0.51        72.96       27.04       1.521900    -0.001600   -0.11       60.35       39.65       2.943200    0.004600    0.16        74.64       25.36   
2026-06-05 09:15:00 UTCBLESSUSDT   0.004308      55.90     940         5989493.000000    25716.501322      606680909.0000001048203.0000000.17        2.688700    -0.009500   -0.35       72.89       27.11       1.516400    -0.005500   -0.36       60.26       39.74       2.937000    -0.006200   -0.21       74.60       25.40   
2026-06-05 09:30:00 UTCBLESSUSDT   0.004288      54.01     1044        6375327.000000    27439.452207      607645326.000000964417.000000 0.16        2.688700    0.000000    0.00        72.89       27.11       1.514000    -0.002400   -0.16       60.22       39.78       2.968300    0.031300    1.07        74.80       25.20   
2026-06-05 09:45:00 UTCBLESSUSDT   0.004311      55.86     679         3644172.000000    15691.622392      607375116.000000-270210.000000-0.04       2.702300    0.013600    0.51        72.99       27.01       1.519100    0.005100    0.34        60.30       39.70       2.957300    -0.011000   -0.37       74.73       25.27   
2026-06-05 10:00:00 UTCBLESSUSDT   0.004275      52.32     796         7237560.000000    31108.249065      607682060.000000306944.000000 0.05        2.695500    -0.006800   -0.25       72.94       27.06       1.518600    -0.000500   -0.03       60.30       39.70       2.960400    0.003100    0.10        74.75       25.25   
2026-06-05 10:15:00 UTCBLESSUSDT   0.004283      53.03     1130        9770374.000000    41700.759440      608087852.000000405792.000000 0.07        2.714700    0.019200    0.71        73.08       26.92       1.518000    -0.000600   -0.04       60.29       39.71       2.973000    0.012600    0.43        74.83       25.17   
2026-06-05 10:30:00 UTCBLESSUSDT   0.004333      57.33     1244        8983601.000000    38893.469574      607731065.000000-356787.000000-0.06       2.724400    0.009700    0.36        73.15       26.85       1.530000    0.012000    0.79        60.48       39.52       2.965100    -0.007900   -0.27       74.78       25.22   
2026-06-05 10:45:00 UTCBLESSUSDT   0.004308      54.64     777         4584597.000000    19795.305106      607320980.000000-410085.000000-0.07       2.720200    -0.004200   -0.15       73.12       26.88       1.531400    0.001400    0.09        60.50       39.50       2.993600    0.028500    0.96        74.96       25.04   
2026-06-05 11:00:00 UTCBLESSUSDT   0.004276      51.32     1065        8355724.000000    35667.559863      607504204.000000183224.000000 0.03        2.750900    0.030700    1.13        73.34       26.66       1.533900    0.002500    0.16        60.53       39.47       3.011200    0.017600    0.59        75.07       24.93   
2026-06-05 11:15:00 UTCBLESSUSDT   0.004315      54.91     1111        6116633.000000    26360.481871      608417947.000000913743.000000 0.15        2.702300    -0.048600   -1.77       72.99       27.01       1.519900    -0.014000   -0.91       60.32       39.68       2.987200    -0.024000   -0.80       74.92       25.08   
2026-06-05 11:30:00 UTCBLESSUSDT   0.004259      49.28     965         8236909.000000    35202.081632      608341820.000000-76127.000000 -0.01       2.691400    -0.010900   -0.40       72.91       27.09       1.525700    0.005800    0.38        60.41       39.59       2.918500    -0.068700   -2.30       74.48       25.52   
2026-06-05 11:45:00 UTCBLESSUSDT   0.004271      50.46     1023        7253267.000000    30900.451726      608477340.000000135520.000000 0.02        2.735500    0.044100    1.64        73.23       26.77       1.521100    -0.004600   -0.30       60.33       39.67       3.012800    0.094300    3.23        75.08       24.92   
2026-06-05 12:00:00 UTCBLESSUSDT   0.004248      48.16     1414        10778746.000000   45937.255925      608715400.000000238060.000000 0.04        2.739700    0.004200    0.15        73.26       26.74       1.515800    -0.005300   -0.35       60.25       39.75       3.065000    0.052200    1.73        75.40       24.60   
2026-06-05 12:15:00 UTCBLESSUSDT   0.004274      50.88     821         4542933.000000    19424.668398      610690591.0000001975191.0000000.32        2.779300    0.039600    1.45        73.54       26.46       1.520600    0.004800    0.32        60.33       39.67       3.025800    -0.039200   -1.28       75.16       24.84   
2026-06-05 12:30:00 UTCBLESSUSDT   0.004281      51.62     1326        11108976.000000   47520.838228      610837446.000000146855.000000 0.02        2.767900    -0.011400   -0.41       73.46       26.54       1.517800    -0.002800   -0.18       60.28       39.72       3.045300    0.019500    0.64        75.28       24.72   
2026-06-05 12:45:00 UTCBLESSUSDT   0.004324      55.98     818         8757383.000000    37697.423172      610087686.000000-749760.000000-0.12       2.776400    0.008500    0.31        73.52       26.48       1.513700    -0.004100   -0.27       60.22       39.78       3.051900    0.006600    0.22        75.32       24.68   
2026-06-05 13:00:00 UTCBLESSUSDT   0.004309      54.15     939         6650721.000000    28667.865980      613706765.0000003619079.0000000.59        2.782100    0.005700    0.21        73.56       26.44       1.495200    -0.018500   -1.22       59.92       40.08       3.042000    -0.009900   -0.32       75.26       24.74   
2026-06-05 13:15:00 UTCBLESSUSDT   0.004371      59.99     1334        13988022.000000   61186.970473      614672054.000000965289.000000 0.16        2.795100    0.013000    0.47        73.65       26.35       1.497900    0.002700    0.18        59.97       40.03       3.045300    0.003300    0.11        75.28       24.72   
2026-06-05 13:30:00 UTCBLESSUSDT   0.004374      60.25     1344        13912194.000000   60908.229019      613258063.000000-1413991.000000-0.23       2.725800    -0.069300   -2.48       73.16       26.84       1.500500    0.002600    0.17        60.01       39.99       2.979300    -0.066000   -2.17       74.87       25.13  
2026-06-05 13:45:00 UTCBLESSUSDT   0.004259      47.36     1366        8481554.000000    36690.906442      616192689.0000002934626.0000000.48        2.738300    0.012500    0.46        73.25       26.75       1.493700    -0.006800   -0.45       59.90       40.10       2.969800    -0.009500   -0.32       74.81       25.19   
2026-06-05 14:00:00 UTCBLESSUSDT   0.004280      49.49     3375        35024271.000000   148700.902272     613545616.000000-2647073.000000-0.43       2.750900    0.012600    0.46        73.34       26.66       1.498000    0.004300    0.29        59.97       40.03       3.032300    0.062500    2.10        75.20       24.80  
2026-06-05 14:15:00 UTCBLESSUSDT   0.004261      47.61     1254        14486891.000000   61906.456029      621441795.0000007896179.0000001.29        2.560000    -0.190900   -6.94       71.91       28.09       1.453100    -0.044900   -3.00       59.23       40.77       2.858000    -0.174300   -5.75       74.08       25.92   
2026-06-05 14:30:00 UTCBLESSUSDT   0.004266      48.17     1199        8798529.000000    37559.386764      622634481.0000001192686.0000000.19        2.552400    -0.007600   -0.30       71.85       28.15       1.462100    0.009000    0.62        59.38       40.62       2.874500    0.016500    0.58        74.19       25.81   
2026-06-05 14:45:00 UTCBLESSUSDT   0.004287      50.54     929         6026809.000000    25810.497774      623044899.000000410418.000000 0.07        2.566300    0.013900    0.54        71.96       28.04       1.464200    0.002100    0.14        59.42       40.58       2.871500    -0.003000   -0.10       74.17       25.83   
2026-06-05 15:00:00 UTCBLESSUSDT   0.004214      43.15     1569        10496168.000000   44613.595657      623998592.000000953693.000000 0.15        2.521100    -0.045200   -1.76       71.60       28.40       1.465500    0.001300    0.09        59.44       40.56       2.824100    -0.047400   -1.65       73.85       26.15   
2026-06-05 15:15:00 UTCBLESSUSDT   0.004211      42.87     1500        11718868.000000   49608.644503      624183689.000000185097.000000 0.03        2.557500    0.036400    1.44        71.89       28.11       1.468700    0.003200    0.22        59.49       40.51       2.894100    0.070000    2.48        74.32       25.68   
2026-06-05 15:30:00 UTCBLESSUSDT   0.004209      42.67     1506        11788096.000000   49502.901367      625191836.0000001008147.0000000.16        2.565100    0.007600    0.30        71.95       28.05       1.477700    0.009000    0.61        59.64       40.36       2.883500    -0.010600   -0.37       74.25       25.75   
2026-06-05 15:45:00 UTCBLESSUSDT   0.004204      42.15     1225        8509006.000000    35694.110615      624374408.000000-817428.000000-0.13       2.593200    0.028100    1.10        72.17       27.83       1.478400    0.000700    0.05        59.65       40.35       2.955700    0.072200    2.50        74.72       25.28   
2026-06-05 16:00:00 UTCBLESSUSDT   0.004205      42.30     2900        29407559.000000   122451.639267     624629682.000000255274.000000 0.04        2.580400    -0.012800   -0.49       72.07       27.93       1.472000    -0.006400   -0.43       59.55       40.45       2.973000    0.017300    0.59        74.83       25.17   
2026-06-05 16:15:00 UTCBLESSUSDT   0.004217      44.20     2140        16869218.000000   71517.103929      623230157.000000-1399525.000000-0.22       2.571400    -0.009000   -0.35       72.00       28.00       1.470900    -0.001100   -0.07       59.53       40.47       2.917000    -0.056000   -1.88       74.47       25.53  
2026-06-05 16:30:00 UTCBLESSUSDT   0.004195      41.50     1035        6289142.000000    26383.015345      622415444.000000-814713.000000-0.13       2.553700    -0.017700   -0.69       71.86       28.14       1.472800    0.001900    0.13        59.56       40.44       2.898600    -0.018400   -0.63       74.35       25.65   
2026-06-05 16:45:00 UTCBLESSUSDT   0.004296      55.04     1103        4932123.000000    21035.300745      621922817.000000-492627.000000-0.08       2.567600    0.013900    0.54        71.97       28.03       1.472700    -0.000100   -0.01       59.56       40.44       2.930800    0.032200    1.11        74.56       25.44   
2026-06-05 17:00:00 UTCBLESSUSDT   0.004221      46.45     1491        10050754.000000   42998.478614      622053865.000000131048.000000 0.02        2.549900    -0.017700   -0.69       71.83       28.17       1.468500    -0.004200   -0.29       59.49       40.51       2.937000    0.006200    0.21        74.60       25.40   
2026-06-05 17:15:00 UTCBLESSUSDT   0.004214      45.73     839         5860389.000000    24648.211403      622264213.000000210348.000000 0.03        2.560000    0.010100    0.40        71.91       28.09       1.464100    -0.004400   -0.30       59.42       40.58       2.924600    -0.012400   -0.42       74.52       25.48   
2026-06-05 17:30:00 UTCBLESSUSDT   0.004185      42.78     746         3599884.000000    15143.204454      623412251.0000001148038.0000000.18        2.542300    -0.017700   -0.69       71.77       28.23       1.471700    0.007600    0.52        59.54       40.46       2.870000    -0.054600   -1.87       74.16       25.84   
2026-06-05 17:45:00 UTCBLESSUSDT   0.004172      41.49     1072        6840641.000000    28489.854868      623450976.00000038725.000000  0.01        2.562500    0.020200    0.79        71.93       28.07       1.476100    0.004400    0.30        59.61       40.39       2.901700    0.031700    1.10        74.37       25.63   
2026-06-05 18:00:00 UTCBLESSUSDT   0.004151      39.42     898         6300255.000000    26286.093785      623369198.000000-81778.000000 -0.01       2.544800    -0.017700   -0.69       71.79       28.21       1.476200    0.000100    0.01        59.62       40.38       2.946300    0.044600    1.54        74.66       25.34   
2026-06-05 18:15:00 UTCBLESSUSDT   0.004091      34.17     884         4593175.000000    18944.153162      623179370.000000-189828.000000-0.03       2.558700    0.013900    0.55        71.90       28.10       1.477300    0.001100    0.07        59.63       40.37       2.921600    -0.024700   -0.84       74.50       25.50   
2026-06-05 18:30:00 UTCBLESSUSDT   0.004105      36.30     1337        8895520.000000    36414.583617      622370206.000000-809164.000000-0.13       2.563800    0.005100    0.20        71.94       28.06       1.479400    0.002100    0.14        59.67       40.33       2.937000    0.015400    0.53        74.60       25.40   
2026-06-05 18:45:00 UTCBLESSUSDT   0.004007      29.18     4162        57315951.000000   230646.626219     623322549.000000952343.000000 0.15        2.570200    0.006400    0.25        71.99       28.01       1.482500    0.003100    0.21        59.72       40.28       2.938600    0.001600    0.05        74.61       25.39   
2026-06-05 19:00:00 UTCBLESSUSDT   0.003975      27.30     2310        21846712.000000   87025.969425      621055343.000000-2267206.000000-0.36       2.606200    0.036000    1.40        72.27       27.73       1.503400    0.020900    1.41        60.05       39.95       3.022500    0.083900    2.86        75.14       24.86  
2026-06-05 19:15:00 UTCBLESSUSDT   0.004036      35.80     2067        19587096.000000   77994.752224      617684016.000000-3371327.000000-0.54       2.590700    -0.015500   -0.59       72.15       27.85       1.498400    -0.005000   -0.33       59.97       40.03       3.014500    -0.008000   -0.26       75.09       24.91  
2026-06-05 19:30:00 UTCBLESSUSDT   0.004063      39.19     959         5293822.000000    21377.842387      617296203.000000-387813.000000-0.06       2.598400    0.007700    0.30        72.21       27.79       1.490400    -0.008000   -0.53       59.85       40.15       3.011200    -0.003300   -0.11       75.07       24.93   
2026-06-05 19:45:00 UTCBLESSUSDT   0.004126      46.32     1424        13163924.000000   54158.328625      617053725.000000-242478.000000-0.04       2.584200    -0.014200   -0.55       72.10       27.90       1.490300    -0.000100   -0.01       59.84       40.16       2.966700    -0.044500   -1.48       74.79       25.21   
2026-06-05 20:00:00 UTCBLESSUSDT   0.004157      49.45     1541        11382039.000000   46897.309845      616528774.000000-524951.000000-0.09       2.563800    -0.020400   -0.79       71.94       28.06       1.498100    0.007800    0.52        59.97       40.03       2.940100    -0.026600   -0.90       74.62       25.38   
2026-06-05 20:15:00 UTCBLESSUSDT   0.004170      50.75     1176        7280389.000000    30418.794827      616472685.000000-56089.000000 -0.01       2.581700    0.017900    0.70        72.08       27.92       1.493600    -0.004500   -0.30       59.90       40.10       2.974600    0.034500    1.17        74.84       25.16   
2026-06-05 20:30:00 UTCBLESSUSDT   0.004168      50.54     1237        10327904.000000   42985.712002      617634081.0000001161396.0000000.19        2.588100    0.006400    0.25        72.13       27.87       1.499300    0.005700    0.38        59.99       40.01       2.952600    -0.022000   -0.74       74.70       25.30   
2026-06-05 20:45:00 UTCBLESSUSDT   0.004196      53.51     1072        6456876.000000    26979.834900      615812997.000000-1821084.000000-0.29       2.561300    -0.026800   -1.04       71.92       28.08       1.497200    -0.002100   -0.14       59.95       40.05       2.969800    0.017200    0.58        74.81       25.19  
2026-06-05 21:00:00 UTCBLESSUSDT   0.004215      55.47     985         8954618.000000    37746.740670      615513469.000000-299528.000000-0.05       2.574000    0.012700    0.50        72.02       27.98       1.496200    -0.001000   -0.07       59.94       40.06       2.979300    0.009500    0.32        74.87       25.13   
2026-06-05 21:15:00 UTCBLESSUSDT   0.004219      55.89     537         2704860.000000    11420.662688      615416846.000000-96623.000000 -0.02       2.579100    0.005100    0.20        72.06       27.94       1.504500    0.008300    0.55        60.07       39.93       3.003200    0.023900    0.80        75.02       24.98   
2026-06-05 21:30:00 UTCBLESSUSDT   0.004245      58.63     510         2960764.000000    12539.416963      615196125.000000-220721.000000-0.04       2.584200    0.005100    0.20        72.10       27.90       1.507200    0.002700    0.18        60.11       39.89       3.006400    0.003200    0.11        75.04       24.96   
2026-06-05 21:45:00 UTCBLESSUSDT   0.004225      55.76     415         1881756.000000    7989.304010       615123138.000000-72987.000000 -0.01       2.593200    0.009000    0.35        72.17       27.83       1.509700    0.002500    0.17        60.15       39.85       2.968300    -0.038100   -1.27       74.80       25.20   
2026-06-05 22:00:00 UTCBLESSUSDT   0.004184      50.33     874         6581700.000000    27608.064380      615044560.000000-78578.000000 -0.01       2.592000    -0.001200   -0.05       72.16       27.84       1.511600    0.001900    0.13        60.18       39.82       2.965100    -0.003200   -0.11       74.78       25.22   
2026-06-05 22:15:00 UTCBLESSUSDT   0.004165      47.99     1280        13877617.000000   58006.926756      614987606.000000-56954.000000 -0.01       2.617900    0.025900    1.00        72.36       27.64       1.513800    0.002200    0.15        60.22       39.78       3.032300    0.067200    2.27        75.20       24.80   
2026-06-05 22:30:00 UTCBLESSUSDT   0.004201      52.49     767         4151789.000000    17370.144275      615004362.00000016756.000000  0.00        2.627100    0.009200    0.35        72.43       27.57       1.495300    -0.018500   -1.22       59.93       40.07       3.055200    0.022900    0.76        75.34       24.66   
2026-06-05 22:45:00 UTCBLESSUSDT   0.004203      52.73     713         3168336.000000    13331.389689      614726693.000000-277669.000000-0.05       2.637700    0.010600    0.40        72.51       27.49       1.495600    0.000300    0.02        59.93       40.07       3.043700    -0.011500   -0.38       75.27       24.73   
2026-06-05 23:00:00 UTCBLESSUSDT   0.004140      44.90     803         4707859.000000    19646.241472      614812987.00000086294.000000  0.01        2.645600    0.007900    0.30        72.57       27.43       1.493600    -0.002000   -0.13       59.90       40.10       3.075000    0.031300    1.03        75.46       24.54   
2026-06-05 23:15:00 UTCBLESSUSDT   0.004110      41.72     927         5721646.000000    23569.990223      615306382.000000493395.000000 0.08        2.657600    0.012000    0.45        72.66       27.34       1.497300    0.003700    0.25        59.96       40.04       3.065000    -0.010000   -0.33       75.40       24.60   
2026-06-05 23:30:00 UTCBLESSUSDT   0.004096      40.28     873         6281834.000000    25644.936578      614203127.000000-1103255.000000-0.18       2.661700    0.004100    0.15        72.69       27.31       1.498700    0.001400    0.09        59.98       40.02       3.081600    0.016600    0.54        75.50       24.50  
2026-06-05 23:45:00 UTCBLESSUSDT   0.004133      45.60     1137        10248049.000000   42096.189209      613923891.000000-279236.000000-0.05       2.677800    0.016100    0.60        72.81       27.19       1.505800    0.007100    0.47        60.09       39.91       3.095000    0.013400    0.43        75.58       24.42   
2026-06-06 00:00:00 UTCBLESSUSDT   0.004182      51.74     859         4754698.000000    19839.926909      611678820.000000-2245071.000000-0.37       2.660300    -0.017500   -0.65       72.68       27.32       1.507700    0.001900    0.13        60.12       39.88       3.061700    -0.033300   -1.08       75.38       24.62  
2026-06-06 00:15:00 UTCBLESSUSDT   0.004186      52.21     551         2337282.000000    9767.225590       612163877.000000485057.000000 0.08        2.639000    -0.021300   -0.80       72.52       27.48       1.507600    -0.000100   -0.01       60.12       39.88       3.050200    -0.011500   -0.38       75.31       24.69   
2026-06-06 00:30:00 UTCBLESSUSDT   0.004294      62.82     3445        38534900.000000   164699.300889     612336234.000000172357.000000 0.03        2.632400    -0.006600   -0.25       72.47       27.53       1.506700    -0.000900   -0.06       60.11       39.89       3.058400    0.008200    0.27        75.36       24.64   
2026-06-06 00:45:00 UTCBLESSUSDT   0.004321      64.92     1911        16254117.000000   70352.946577      619708484.0000007372250.0000001.20        2.632400    0.000000    0.00        72.47       27.53       1.520800    0.014100    0.94        60.33       39.67       3.025800    -0.032600   -1.07       75.16       24.84   
2026-06-06 01:00:00 UTCBLESSUSDT   0.004326      65.31     1736        17601700.000000   76567.156014      621087018.0000001378534.0000000.22        2.610100    -0.022300   -0.85       72.30       27.70       1.518900    -0.001900   -0.12       60.30       39.70       3.004800    -0.021000   -0.69       75.03       24.97   
2026-06-06 01:15:00 UTCBLESSUSDT   0.004413      71.29     1453        9265491.000000    40347.714975      622549409.0000001462391.0000000.24        2.640300    0.030200    1.16        72.53       27.47       1.519800    0.000900    0.06        60.31       39.69       3.016100    0.011300    0.38        75.10       24.90   
2026-06-06 01:30:00 UTCBLESSUSDT   0.004429      72.24     1497        8353436.000000    36936.308864      621842182.000000-707227.000000-0.11       2.636400    -0.003900   -0.15       72.50       27.50       1.519700    -0.000100   -0.01       60.31       39.69       3.045300    0.029200    0.97        75.28       24.72   
2026-06-06 01:45:00 UTCBLESSUSDT   0.004363      63.00     1701        12168238.000000   53230.782036      622990305.0000001148123.0000000.18        2.640300    0.003900    0.15        72.53       27.47       1.520300    0.000600    0.04        60.32       39.68       3.046900    0.001600    0.05        75.29       24.71   
2026-06-06 02:00:00 UTCBLESSUSDT   0.004326      58.48     1293        8029161.000000    34888.127806      621195596.000000-1794709.000000-0.29       2.639000    -0.001300   -0.05       72.52       27.48       1.527500    0.007200    0.47        60.44       39.56       3.027400    -0.019500   -0.64       75.17       24.83  
2026-06-06 02:15:00 UTCBLESSUSDT   0.004336      59.33     1209        9035017.000000    39203.106390      621035947.000000-159649.000000-0.03       2.601000    -0.038000   -1.44       72.23       27.77       1.537200    0.009700    0.64        60.59       39.41       3.078300    0.050900    1.68        75.48       24.52   
2026-06-06 02:30:00 UTCBLESSUSDT   0.004346      60.20     950         6796959.000000    29588.695024      622240270.0000001204323.0000000.19        2.599700    -0.001300   -0.05       72.22       27.78       1.538900    0.001700    0.11        60.61       39.39       3.030600    -0.047700   -1.55       75.19       24.81   
2026-06-06 02:45:00 UTCBLESSUSDT   0.004388      63.74     844         4477820.000000    19588.497380      622737093.000000496823.000000 0.08        2.585500    -0.014200   -0.55       72.11       27.89       1.541100    0.002200    0.14        60.65       39.35       3.022500    -0.008100   -0.27       75.14       24.86   
2026-06-06 03:00:00 UTCBLESSUSDT   0.004388      63.74     1552        13259126.000000   58207.619798      623268100.000000531007.000000 0.09        2.602300    0.016800    0.65        72.24       27.76       1.542600    0.001500    0.10        60.67       39.33       3.060100    0.037600    1.24        75.37       24.63   
2026-06-06 03:15:00 UTCBLESSUSDT   0.004576      75.18     6142        84343576.000000   382022.212121     623364166.00000096066.000000  0.02        2.601000    -0.001300   -0.05       72.23       27.77       1.536300    -0.006300   -0.41       60.57       39.43       3.051900    -0.008200   -0.27       75.32       24.68   
2026-06-06 03:30:00 UTCBLESSUSDT   0.004591      75.83     4422        44822139.000000   204627.282685     650039274.00000026675108.0000004.28        2.474600    -0.126400   -4.86       71.22       28.78       1.550400    0.014100    0.92        60.79       39.21       2.885000    -0.166900   -5.47       74.26       25.74  
2026-06-06 03:45:00 UTCBLESSUSDT   0.004594      75.97     3495        29838255.000000   137271.192759     655643923.0000005604649.0000000.86        2.469800    -0.004800   -0.19       71.18       28.82       1.555700    0.005300    0.34        60.87       39.13       2.889500    0.004500    0.16        74.29       25.71   
2026-06-06 04:00:00 UTCBLESSUSDT   0.004447      58.52     5548        61025807.000000   274800.560655     653645518.000000-1998405.000000-0.30       2.480700    0.010900    0.44        71.27       28.73       1.560200    0.004500    0.29        60.94       39.06       2.888000    -0.001500   -0.05       74.28       25.72  
2026-06-06 04:15:00 UTCBLESSUSDT   0.004484      60.95     4553        53558687.000000   240808.203542     647110247.000000-6535271.000000-1.00       2.522400    0.041700    1.68        71.61       28.39       1.552500    -0.007700   -0.49       60.82       39.18       2.979300    0.091300    3.16        74.87       25.13  
2026-06-06 04:30:00 UTCBLESSUSDT   0.004473      59.82     4451        50378320.000000   225562.868656     652785175.0000005674928.0000000.88        2.560000    0.037600    1.49        71.91       28.09       1.561000    0.008500    0.55        60.95       39.05       3.022500    0.043200    1.45        75.14       24.86   
2026-06-06 04:45:00 UTCBLESSUSDT   0.004537      63.98     2759        25261163.000000   114566.329393     657113248.0000004328073.0000000.66        2.506300    -0.053700   -2.10       71.48       28.52       1.559100    -0.001900   -0.12       60.92       39.08       2.968300    -0.054200   -1.79       74.80       25.20   
2026-06-06 05:00:00 UTCBLESSUSDT   0.004509      61.01     2600        18086365.000000   81650.744508      655334221.000000-1779027.000000-0.27       2.483100    -0.023200   -0.93       71.29       28.71       1.555700    -0.003400   -0.22       60.87       39.13       2.943200    -0.025100   -0.85       74.64       25.36  
2026-06-06 05:15:00 UTCBLESSUSDT   0.004659      69.25     4389        36568826.000000   169606.110468     653453215.000000-1881006.000000-0.29       2.441200    -0.041900   -1.69       70.94       29.06       1.553400    -0.002300   -0.15       60.84       39.16       2.891100    -0.052100   -1.77       74.30       25.70  
2026-06-06 05:30:00 UTCBLESSUSDT   0.004737      72.51     5642        68743295.000000   319976.830618     656594731.0000003141516.0000000.48        2.420000    -0.021200   -0.87       70.76       29.24       1.565500    0.012100    0.78        61.02       38.98       2.837300    -0.053800   -1.86       73.94       26.06   
2026-06-06 05:45:00 UTCBLESSUSDT   0.004681      67.02     4867        59857444.000000   281760.069499     665309807.0000008715076.0000001.33        2.393300    -0.026700   -1.10       70.53       29.47       1.568100    0.002600    0.17        61.06       38.94       2.797900    -0.039400   -1.39       73.67       26.33   
2026-06-06 06:00:00 UTCBLESSUSDT   0.004715      68.58     5190        67312561.000000   316850.960184     665984451.000000674644.000000 0.10        2.387500    -0.005800   -0.24       70.48       29.52       1.581100    0.013000    0.83        61.26       38.74       2.843200    0.045300    1.62        73.98       26.02   
2026-06-06 06:15:00 UTCBLESSUSDT   0.004622      60.21     4642        64759455.000000   301763.209077     667717803.0000001733352.0000000.26        2.381800    -0.005700   -0.24       70.43       29.57       1.583300    0.002200    0.14        61.29       38.71       2.883500    0.040300    1.42        74.25       25.75   
2026-06-06 06:30:00 UTCBLESSUSDT   0.004652      61.83     4441        60719581.000000   280874.004794     668020285.000000302482.000000 0.05        2.388700    0.006900    0.29        70.49       29.51       1.606200    0.022900    1.45        61.63       38.37       2.923100    0.039600    1.37        74.51       25.49   
2026-06-06 06:45:00 UTCBLESSUSDT   0.004690      63.84     2961        34830463.000000   162570.006368     670128911.0000002108626.0000000.32        2.358000    -0.030700   -1.29       70.22       29.78       1.584700    -0.021500   -1.34       61.31       38.69       2.849100    -0.074000   -2.53       74.02       25.98   
2026-06-06 07:00:00 UTCBLESSUSDT   0.004684      63.27     2488        25109888.000000   117300.360330     674117676.0000003988765.0000000.60        2.332200    -0.025800   -1.09       69.99       30.01       1.601000    0.016300    1.03        61.55       38.45       2.796500    -0.052600   -1.85       73.66       26.34   
2026-06-06 07:15:00 UTCBLESSUSDT   0.004701      64.24     1860        16367063.000000   76807.812711      674996108.000000878432.000000 0.13        2.358000    0.025800    1.11        70.22       29.78       1.593000    -0.008000   -0.50       61.43       38.57       2.844700    0.048200    1.72        73.99       26.01   
2026-06-06 07:30:00 UTCBLESSUSDT   0.004664      60.51     2754        27482327.000000   128592.175127     675921544.000000925436.000000 0.14        2.359100    0.001100    0.05        70.23       29.77       1.610200    0.017200    1.08        61.69       38.31       2.824100    -0.020600   -0.72       73.85       26.15   
2026-06-06 07:45:00 UTCBLESSUSDT   0.004731      64.52     3003        34227379.000000   160614.794647     676486179.000000564635.000000 0.08        2.352300    -0.006800   -0.29       70.17       29.83       1.622000    0.011800    0.73        61.86       38.14       2.838800    0.014700    0.52        73.95       26.05   
2026-06-06 08:00:00 UTCBLESSUSDT   0.004730      64.42     2378        20423435.000000   96798.548108      674019881.000000-2466298.000000-0.36       2.342200    -0.010100   -0.43       70.08       29.92       1.603000    -0.019000   -1.17       61.58       38.42       2.793600    -0.045200   -1.59       73.64       26.36  
2026-06-06 08:15:00 UTCBLESSUSDT   0.004684      59.60     2208        20886062.000000   98063.258031      677574757.0000003554876.0000000.53        2.359100    0.016900    0.72        70.23       29.77       1.609500    0.006500    0.41        61.68       38.32       2.790800    -0.002800   -0.10       73.62       26.38   
2026-06-06 08:30:00 UTCBLESSUSDT   0.004741      63.27     1761        13853956.000000   64991.295746      674207732.000000-3367025.000000-0.50       2.382900    0.023800    1.01        70.44       29.56       1.611200    0.001700    0.11        61.70       38.30       2.830000    0.039200    1.40        73.89       26.11  
2026-06-06 08:45:00 UTCBLESSUSDT   0.004728      61.89     3045        28251343.000000   134188.867596     672498533.000000-1709199.000000-0.25       2.365900    -0.017000   -0.71       70.29       29.71       1.617800    0.006600    0.41        61.80       38.20       2.785000    -0.045000   -1.59       73.58       26.42  
2026-06-06 09:00:00 UTCBLESSUSDT   0.004668      55.83     2161        18764584.000000   87925.422704      675546071.0000003047538.0000000.45        2.365900    0.000000    0.00        70.29       29.71       1.608800    -0.009000   -0.56       61.67       38.33       2.802300    0.017300    0.62        73.70       26.30   
2026-06-06 09:15:00 UTCBLESSUSDT   0.004762      62.09     1110        7559978.000000    35579.104613      671756421.000000-3789650.000000-0.56       2.355700    -0.010200   -0.43       70.20       29.80       1.616100    0.007300    0.45        61.78       38.22       2.779300    -0.023000   -0.82       73.54       26.46  
2026-06-06 09:30:00 UTCBLESSUSDT   0.004792      63.85     2237        21085010.000000   100664.411323     670850179.000000-906242.000000-0.13       2.328900    -0.026800   -1.14       69.96       30.04       1.616800    0.000700    0.04        61.79       38.21       2.705100    -0.074200   -2.67       73.01       26.99   
2026-06-06 09:45:00 UTCBLESSUSDT   0.004782      62.80     1833        17159817.000000   81549.445218      670792289.000000-57890.000000 -0.01       2.330000    0.001100    0.05        69.97       30.03       1.618200    0.001400    0.09        61.81       38.19       2.712000    0.006900    0.26        73.06       26.94   
2026-06-06 10:00:00 UTCBLESSUSDT   0.004771      61.61     3287        29699086.000000   142468.921723     670282072.000000-510217.000000-0.08       2.355700    0.025700    1.10        70.20       29.80       1.616700    -0.001500   -0.09       61.78       38.22       2.773600    0.061600    2.27        73.50       26.50   
2026-06-06 10:15:00 UTCBLESSUSDT   0.004752      59.50     2001        19995358.000000   95346.683746      673943377.0000003661305.0000000.55        2.337800    -0.017900   -0.76       70.04       29.96       1.614900    -0.001800   -0.11       61.76       38.24       2.738300    -0.035300   -1.27       73.25       26.75   
2026-06-06 10:30:00 UTCBLESSUSDT   0.004736      57.71     2648        29346305.000000   137577.302995     668507709.000000-5435668.000000-0.81       2.352300    0.014500    0.62        70.17       29.83       1.605600    -0.009300   -0.58       61.62       38.38       2.769300    0.031000    1.13        73.47       26.53  
2026-06-06 10:45:00 UTCBLESSUSDT   0.004781      61.24     1509        10283037.000000   49240.328052      663031473.000000-5476236.000000-0.82       2.352300    0.000000    0.00        70.17       29.83       1.606100    0.000500    0.03        61.63       38.37       2.750900    -0.018400   -0.66       73.34       26.66  
2026-06-06 11:00:00 UTCBLESSUSDT   0.004764      59.23     1610        14850568.000000   70833.309048      662430051.000000-601422.000000-0.09       2.314600    -0.037700   -1.60       69.83       30.17       1.597100    -0.009000   -0.56       61.50       38.50       2.717500    -0.033400   -1.21       73.10       26.90   
2026-06-06 11:15:00 UTCBLESSUSDT   0.004923      69.37     3593        52681286.000000   256190.230081     659583353.000000-2846698.000000-0.43       2.316700    0.002100    0.09        69.85       30.15       1.587800    -0.009300   -0.58       61.36       38.64       2.731300    0.013800    0.51        73.20       26.80  
2026-06-06 11:30:00 UTCBLESSUSDT   0.004921      69.14     2099        17470947.000000   85923.685829      672207926.00000012624573.0000001.91        2.232100    -0.084600   -3.65       69.06       30.94       1.567900    -0.019900   -1.25       61.06       38.94       2.560000    -0.171300   -6.27       71.91       28.09  
2026-06-06 11:45:00 UTCBLESSUSDT   0.004861      62.37     2039        17489343.000000   85245.563559      674241501.0000002033575.0000000.30        2.252000    0.019900    0.89        69.25       30.75       1.566900    -0.001000   -0.06       61.04       38.96       2.602300    0.042300    1.65        72.24       27.76   
2026-06-06 12:00:00 UTCBLESSUSDT   0.004947      67.31     1545        12064814.000000   59179.165428      670040536.000000-4200965.000000-0.62       2.261600    0.009600    0.43        69.34       30.66       1.571900    0.005000    0.32        61.12       38.88       2.616600    0.014300    0.55        72.35       27.65  
2026-06-06 12:15:00 UTCBLESSUSDT   0.004948      67.36     1925        15510915.000000   76833.302737      671463425.0000001422889.0000000.21        2.249900    -0.011700   -0.52       69.23       30.77       1.564100    -0.007800   -0.50       61.00       39.00       2.615300    -0.001300   -0.05       72.34       27.66   
2026-06-06 12:30:00 UTCBLESSUSDT   0.004986      69.42     1654        13809556.000000   68571.097251      671079462.000000-383963.000000-0.06       2.247800    -0.002100   -0.09       69.21       30.79       1.559000    -0.005100   -0.33       60.92       39.08       2.624500    0.009200    0.35        72.41       27.59   
2026-06-06 12:45:00 UTCBLESSUSDT   0.004981      68.80     1702        14729982.000000   73566.957290      673054955.0000001975493.0000000.29        2.244600    -0.003200   -0.14       69.18       30.82       1.548200    -0.010800   -0.69       60.76       39.24       2.589400    -0.035100   -1.34       72.14       27.86   
2026-06-06 13:00:00 UTCBLESSUSDT   0.004979      68.54     5200        53201696.000000   267219.570672     671675148.000000-1379807.000000-0.21       2.226800    -0.017800   -0.79       69.01       30.99       1.535600    -0.012600   -0.81       60.56       39.44       2.608800    0.019400    0.75        72.29       27.71  
2026-06-06 13:15:00 UTCBLESSUSDT   0.004973      67.71     1785        12278680.000000   61086.436944      669525258.000000-2149890.000000-0.32       2.245700    0.018900    0.85        69.19       30.81       1.547000    0.011400    0.74        60.74       39.26       2.631100    0.022300    0.85        72.46       27.54  
2026-06-06 13:30:00 UTCBLESSUSDT   0.004922      60.96     2385        19688595.000000   97227.939513      667179792.000000-2345466.000000-0.35       2.217500    -0.028200   -1.26       68.92       31.08       1.543200    -0.003800   -0.25       60.68       39.32       2.577800    -0.053300   -2.03       72.05       27.95  
2026-06-06 13:45:00 UTCBLESSUSDT   0.004925      61.20     1594        11548906.000000   57068.223772      662731465.000000-4448327.000000-0.67       2.240400    0.022900    1.03        69.14       30.86       1.542300    -0.000900   -0.06       60.67       39.33       2.633700    0.055900    2.17        72.48       27.52  
2026-06-06 14:00:00 UTCBLESSUSDT   0.004954      63.58     1410        10090009.000000   49828.396895      661127265.000000-1604200.000000-0.24       2.244600    0.004200    0.19        69.18       30.82       1.538000    -0.004300   -0.28       60.60       39.40       2.636400    0.002700    0.10        72.50       27.50  
2026-06-06 14:15:00 UTCBLESSUSDT   0.004838      50.29     2551        21085317.000000   102992.601399     660842530.000000-284735.000000-0.04       2.236200    -0.008400   -0.37       69.10       30.90       1.540700    0.002700    0.18        60.64       39.36       2.607500    -0.028900   -1.10       72.28       27.72   
2026-06-06 14:30:00 UTCBLESSUSDT   0.004859      52.24     1450        12397440.000000   60122.989924      655530318.000000-5312212.000000-0.80       2.280800    0.044600    1.99        69.52       30.48       1.557100    0.016400    1.06        60.89       39.11       2.624500    0.017000    0.65        72.41       27.59  
2026-06-06 14:45:00 UTCBLESSUSDT   0.004843      50.61     1309        9126102.000000    44324.540771      655949729.000000419411.000000 0.06        2.272300    -0.008500   -0.37       69.44       30.56       1.558900    0.001800    0.12        60.92       39.08       2.594500    -0.030000   -1.14       72.18       27.82   
2026-06-06 15:00:00 UTCBLESSUSDT   0.004862      52.50     1450        9832460.000000    47892.487470      656241787.000000292058.000000 0.04        2.260500    -0.011800   -0.52       69.33       30.67       1.553600    -0.005300   -0.34       60.84       39.16       2.599700    0.005200    0.20        72.22       27.78   
2026-06-06 15:15:00 UTCBLESSUSDT   0.004948      59.97     2175        13348462.000000   65503.270423      657516421.0000001274634.0000000.19        2.244600    -0.015900   -0.70       69.18       30.82       1.559100    0.005500    0.35        60.92       39.08       2.568900    -0.030800   -1.18       71.98       28.02   
2026-06-06 15:30:00 UTCBLESSUSDT   0.004977      62.14     1709        12339934.000000   61265.609876      659866312.0000002349891.0000000.36        2.230000    -0.014600   -0.65       69.04       30.96       1.563200    0.004100    0.26        60.99       39.01       2.554900    -0.014000   -0.54       71.87       28.13   
2026-06-06 15:45:00 UTCBLESSUSDT   0.004983      62.59     1995        18026178.000000   89917.382227      659855904.000000-10408.000000 -0.00       2.207200    -0.022800   -1.02       68.82       31.18       1.552200    -0.011000   -0.70       60.82       39.18       2.592000    0.037100    1.45        72.16       27.84   
2026-06-06 16:00:00 UTCBLESSUSDT   0.004975      61.54     2798        24232478.000000   121187.650589     661587513.0000001731609.0000000.26        2.211300    0.004100    0.19        68.86       31.14       1.538600    -0.013600   -0.88       60.61       39.39       2.580400    -0.011600   -0.45       72.07       27.93   
2026-06-06 16:15:00 UTCBLESSUSDT   0.004941      57.14     2305        21445387.000000   106330.591316     664785714.0000003198201.0000000.48        2.200000    -0.011300   -0.51       68.75       31.25       1.545600    0.007000    0.45        60.72       39.28       2.563800    -0.016600   -0.64       71.94       28.06   
2026-06-06 16:30:00 UTCBLESSUSDT   0.004982      60.78     1619        15951081.000000   79200.532857      663038868.000000-1746846.000000-0.26       2.213400    0.013400    0.61        68.88       31.12       1.547600    0.002000    0.13        60.75       39.25       2.554900    -0.008900   -0.35       71.87       28.13  
2026-06-06 16:45:00 UTCBLESSUSDT   0.004949      56.62     1148        12313192.000000   61106.181574      665151856.0000002112988.0000000.32        2.170600    -0.042800   -1.93       68.46       31.54       1.542000    -0.005600   -0.36       60.66       39.34       2.507500    -0.047400   -1.86       71.49       28.51   
2026-06-06 17:00:00 UTCBLESSUSDT   0.004999      60.98     1450        6478674.000000    32226.929162      659527195.000000-5624661.000000-0.85       2.186700    0.016100    0.74        68.62       31.38       1.531900    -0.010100   -0.65       60.50       39.50       2.557500    0.050000    1.99        71.89       28.11  
2026-06-06 17:15:00 UTCBLESSUSDT   0.005019      62.60     2110        10372549.000000   51735.679465      659351798.000000-175397.000000-0.03       2.185700    -0.001000   -0.05       68.61       31.39       1.538300    0.006400    0.42        60.60       39.40       2.538600    -0.018900   -0.74       71.74       28.26   
2026-06-06 17:30:00 UTCBLESSUSDT   0.005008      61.09     1903        13299102.000000   66839.770627      660324920.000000973122.000000 0.15        2.174600    -0.011100   -0.51       68.50       31.50       1.538400    0.000100    0.01        60.61       39.39       2.518600    -0.020000   -0.79       71.58       28.42   
2026-06-06 17:45:00 UTCBLESSUSDT   0.004999      59.83     1412        7862051.000000    39236.660885      661920202.0000001595282.0000000.24        2.219600    0.045000    2.07        68.94       31.06       1.532300    -0.006100   -0.40       60.51       39.49       2.604900    0.086300    3.43        72.26       27.74   
2026-06-06 18:00:00 UTCBLESSUSDT   0.005009      60.80     1190        7907718.000000    39508.629153      659736169.000000-2184033.000000-0.33       2.226800    0.007200    0.32        69.01       30.99       1.526400    -0.005900   -0.39       60.42       39.58       2.619300    0.014400    0.55        72.37       27.63  
2026-06-06 18:15:00 UTCBLESSUSDT   0.004960      53.92     1197        8361688.000000    41558.232555      658645502.000000-1090667.000000-0.17       2.221600    -0.005200   -0.23       68.96       31.04       1.522900    -0.003500   -0.23       60.36       39.64       2.582900    -0.036400   -1.39       72.09       27.91  
2026-06-06 18:30:00 UTCBLESSUSDT   0.004973      55.36     884         6564236.000000    32534.917721      657561524.000000-1083978.000000-0.16       2.228900    0.007300    0.33        69.03       30.97       1.523600    0.000700    0.05        60.37       39.63       2.606200    0.023300    0.90        72.27       27.73  
2026-06-06 18:45:00 UTCBLESSUSDT   0.004977      55.82     806         6216295.000000    30774.894920      656362473.000000-1199051.000000-0.18       2.221600    -0.007300   -0.33       68.96       31.04       1.524100    0.000500    0.03        60.38       39.62       2.595800    -0.010400   -0.40       72.19       27.81  
2026-06-06 19:00:00 UTCBLESSUSDT   0.004975      55.52     690         3886836.000000    19351.869502      654800517.000000-1561956.000000-0.24       2.232100    0.010500    0.47        69.06       30.94       1.522000    -0.002100   -0.14       60.35       39.65       2.584200    -0.011600   -0.45       72.10       27.90  
2026-06-06 19:15:00 UTCBLESSUSDT   0.004985      56.80     999         7610484.000000    37936.813631      655142083.000000341566.000000 0.05        2.212300    -0.019800   -0.89       68.87       31.13       1.522800    0.000800    0.05        60.36       39.64       2.567600    -0.016600   -0.64       71.97       28.03   
2026-06-06 19:30:00 UTCBLESSUSDT   0.005007      59.55     901         7162948.000000    35769.597579      653262267.000000-1879816.000000-0.29       2.202000    -0.010300   -0.47       68.77       31.23       1.519100    -0.003700   -0.24       60.30       39.70       2.572700    0.005100    0.20        72.01       27.99  
2026-06-06 19:45:00 UTCBLESSUSDT   0.005030      62.26     1789        20026817.000000   100827.282912     652948104.000000-314163.000000-0.05       2.166600    -0.035400   -1.61       68.42       31.58       1.509100    -0.010000   -0.66       60.15       39.85       2.517400    -0.055300   -2.15       71.57       28.43   
2026-06-06 20:00:00 UTCBLESSUSDT   0.005018      60.00     1389        12637078.000000   63331.738246      659248493.0000006300389.0000000.96        2.136800    -0.029800   -1.38       68.12       31.88       1.504400    -0.004700   -0.31       60.07       39.93       2.481900    -0.035500   -1.41       71.28       28.72   
2026-06-06 20:15:00 UTCBLESSUSDT   0.005027      61.14     1587        18300630.000000   92056.066526      660169159.000000920666.000000 0.14        2.129900    -0.006900   -0.32       68.05       31.95       1.518100    0.013700    0.91        60.29       39.71       2.445900    -0.036000   -1.45       70.98       29.02   
2026-06-06 20:30:00 UTCBLESSUSDT   0.005084      67.46     2715        49150860.000000   248833.422886     659632666.000000-536493.000000-0.08       2.131900    0.002000    0.09        68.07       31.93       1.524800    0.006700    0.44        60.39       39.61       2.495300    0.049400    2.02        71.39       28.61   
2026-06-06 20:45:00 UTCBLESSUSDT   0.005120      70.70     1586        14927893.000000   76197.590935      668439762.0000008807096.0000001.34        2.136800    0.004900    0.23        68.12       31.88       1.457000    -0.067800   -4.45       59.30       40.70       2.480700    -0.014600   -0.59       71.27       28.73   
2026-06-06 21:00:00 UTCBLESSUSDT   0.005127      71.30     1369        11662034.000000   59593.726051      669204593.000000764831.000000 0.11        2.144700    0.007900    0.37        68.20       31.80       1.460400    0.003400    0.23        59.36       40.64       2.500200    0.019500    0.79        71.43       28.57   
2026-06-06 21:15:00 UTCBLESSUSDT   0.005206      77.01     2195        23902236.000000   123547.795359     669040825.000000-163768.000000-0.02       2.137700    -0.007000   -0.33       68.13       31.87       1.463400    0.003000    0.21        59.41       40.59       2.518600    0.018400    0.74        71.58       28.42   
2026-06-06 21:30:00 UTCBLESSUSDT   0.005212      77.38     2217        25852882.000000   134186.715709     670987513.0000001946688.0000000.29        2.119200    -0.018500   -0.87       67.94       32.06       1.461900    -0.001500   -0.10       59.38       40.62       2.494100    -0.024500   -0.97       71.38       28.62   
2026-06-06 21:45:00 UTCBLESSUSDT   0.005244      79.28     1755        19270941.000000   100608.106032     666676192.000000-4311321.000000-0.64       2.135800    0.016600    0.78        68.11       31.89       1.469100    0.007200    0.49        59.50       40.50       2.501400    0.007300    0.29        71.44       28.56  
2026-06-06 22:00:00 UTCBLESSUSDT   0.005330      83.34     6189        68103322.000000   362333.455730     669353292.0000002677100.0000000.40        2.109500    -0.026300   -1.23       67.84       32.16       1.467500    -0.001600   -0.11       59.47       40.53       2.479500    -0.021900   -0.88       71.26       28.74   
2026-06-06 22:15:00 UTCBLESSUSDT   0.005374      84.96     4082        32313977.000000   173638.569466     675211383.0000005858091.0000000.88        2.163600    0.054100    2.56        68.39       31.61       1.482500    0.015000    1.02        59.72       40.28       2.571400    0.091900    3.71        72.00       28.00   
2026-06-06 22:30:00 UTCBLESSUSDT   0.005397      85.75     4101        37563715.000000   201944.176146     678123138.0000002911755.0000000.43        2.141700    -0.021900   -1.01       68.17       31.83       1.485200    0.002700    0.18        59.76       40.24       2.496500    -0.074900   -2.91       71.40       28.60   
2026-06-06 22:45:00 UTCBLESSUSDT   0.005389      84.11     5508        44234459.000000   238338.475111     680881719.0000002758581.0000000.41        2.128900    -0.012800   -0.60       68.04       31.96       1.503900    0.018700    1.26        60.06       39.94       2.491600    -0.004900   -0.20       71.36       28.64   
2026-06-06 23:00:00 UTCBLESSUSDT   0.005551      88.78     10356       134560335.000000  744531.831868     682910094.0000002028375.0000000.30        2.094100    -0.034800   -1.63       67.68       32.32       1.513200    0.009300    0.62        60.21       39.79       2.437600    -0.054000   -2.17       70.91       29.09   
2026-06-06 23:15:00 UTCBLESSUSDT   0.005707      91.40     15251       179367022.000000  1012164.374378    698679859.00000015769765.0000002.31        2.013900    -0.080200   -3.83       66.82       33.18       1.549300    0.036100    2.39        60.77       39.23       2.361300    -0.076300   -3.13       70.25       29.75  
2026-06-06 23:30:00 UTCBLESSUSDT   0.006209      95.25     33652       412238267.000000  2441630.500688    739910537.00000041230678.0000005.90        2.025700    0.011800    0.59        66.95       33.05       1.581200    0.031900    2.06        61.26       38.74       2.371500    0.010200    0.43        70.34       29.66  
2026-06-06 23:45:00 UTCBLESSUSDT   0.006281      95.56     38705       455124186.000000  2807431.282692    798393179.00000058482642.0000007.90        1.820100    -0.205600   -10.15      64.54       35.46       1.483600    -0.097600   -6.17       59.74       40.26       2.184700    -0.186800   -7.88       68.60       31.40  
2026-06-07 00:00:00 UTCBLESSUSDT   0.006322      95.73     94729       1126039800.000000 7374600.433705    815551941.00000017158762.0000002.15        1.766300    -0.053800   -2.96       63.85       36.15       1.465300    -0.018300   -1.23       59.44       40.56       2.101700    -0.083000   -3.80       67.76       32.24  
2026-06-07 00:15:00 UTCBLESSUSDT   0.006621      96.71     52872       487926624.000000  3151318.203220    811885145.000000-3666796.000000-0.45       1.794900    0.028600    1.62        64.22       35.78       1.555800    0.090500    6.18        60.87       39.13       2.099800    -0.001900   -0.09       67.74       32.26  
2026-06-07 00:30:00 UTCBLESSUSDT   0.007177      97.75     51631       525163869.000000  3621786.001771    839808948.00000027923803.0000003.44        1.770100    -0.024800   -1.38       63.90       36.10       1.587400    0.031600    2.03        61.35       38.65       2.147600    0.047800    2.28        68.23       31.77  
2026-06-07 00:45:00 UTCBLESSUSDT   0.006509      69.40     76710       777601944.000000  5113766.514354    864252205.00000024443257.0000002.91        1.619900    -0.150200   -8.49       61.83       38.17       1.513700    -0.073700   -4.64       60.22       39.78       1.975300    -0.172300   -8.02       66.39       33.61  
2026-06-07 01:00:00 UTCBLESSUSDT   0.006198      60.58     56838       556028810.000000  3499026.711342    856226416.000000-8025789.000000-0.93       1.799600    0.179700    11.09       64.28       35.72       1.627100    0.113400    7.49        61.94       38.06       2.108500    0.133200    6.74        67.83       32.17  
2026-06-07 01:15:00 UTCBLESSUSDT   0.006613      66.67     44579       355916152.000000  2257392.859929    854011550.000000-2214866.000000-0.26       1.854700    0.055100    3.06        64.97       35.03       1.614100    -0.013000   -0.80       61.75       38.25       2.131900    0.023400    1.11        68.07       31.93  
2026-06-07 01:30:00 UTCBLESSUSDT   0.006440      62.35     36637       342167442.000000  2269850.485356    841392602.000000-12618948.000000-1.48       1.838500    -0.016200   -0.87       64.77       35.23       1.582800    -0.031300   -1.94       61.28       38.72       2.147600    0.015700    0.74        68.23       31.77 
2026-06-07 01:45:00 UTCBLESSUSDT   0.005612      46.74     58208       579435741.000000  3506716.964813    846234458.0000004841856.0000000.58        1.824100    -0.014400   -0.78       64.59       35.41       1.559400    -0.023400   -1.48       60.93       39.07       2.188800    0.041200    1.92        68.64       31.36   
2026-06-07 02:00:00 UTCBLESSUSDT   0.006049      53.37     36250       292909456.000000  1705209.667278    840224601.000000-6009857.000000-0.71       1.994000    0.169900    9.31        66.60       33.40       1.711800    0.152400    9.77        63.12       36.88       2.311300    0.122500    5.60        69.80       30.20  
2026-06-07 02:15:00 UTCBLESSUSDT   0.005949      51.78     35475       279504707.000000  1670724.823335    827046733.000000-13177868.000000-1.57       1.994900    0.000900    0.05        66.61       33.39       1.706500    -0.005300   -0.31       63.05       36.95       2.289500    -0.021800   -0.94       69.60       30.40 
2026-06-07 02:30:00 UTCBLESSUSDT   0.006132      54.46     28451       211102183.000000  1290235.960348    828206280.0000001159547.0000000.14        2.177600    0.182700    9.16        68.53       31.47       1.715200    0.008700    0.51        63.17       36.83       2.283000    -0.006500   -0.28       69.54       30.46   
2026-06-07 02:45:00 UTCBLESSUSDT   0.005907      50.73     23518       170401049.000000  1018459.787199    821348015.000000-6858265.000000-0.83       2.157600    -0.020000   -0.92       68.33       31.67       1.704800    -0.010400   -0.61       63.03       36.97       2.277600    -0.005400   -0.24       69.49       30.51  
2026-06-07 03:00:00 UTCBLESSUSDT   0.006025      52.57     17722       109285369.000000  657944.431882     824769858.0000003421843.0000000.42        2.150600    -0.007000   -0.32       68.26       31.74       1.729700    0.024900    1.46        63.37       36.63       2.264800    -0.012800   -0.56       69.37       30.63   
2026-06-07 03:15:00 UTCBLESSUSDT   0.005916      50.69     14959       105121627.000000  623734.967439     826305078.0000001535220.0000000.19        2.183700    0.033100    1.54        68.59       31.41       1.729800    0.000100    0.01        63.37       36.63       2.306900    0.042100    1.86        69.76       30.24   
2026-06-07 03:30:00 UTCBLESSUSDT   0.005907      50.53     11056       70612540.000000   420924.013422     822322078.000000-3983000.000000-0.48       2.172600    -0.011100   -0.51       68.48       31.52       1.703900    -0.025900   -1.50       63.02       36.98       2.317900    0.011000    0.48        69.86       30.14  
2026-06-07 03:45:00 UTCBLESSUSDT   0.006107      54.01     13361       111716210.000000  670471.912216     814229507.000000-8092571.000000-0.98       2.218500    0.045900    2.11        68.93       31.07       1.676900    -0.027000   -1.58       62.64       37.36       2.358000    0.040100    1.73        70.22       29.78  
2026-06-07 04:00:00 UTCBLESSUSDT   0.005728      47.23     16457       139853999.000000  826569.506084     816165369.0000001935862.0000000.24        2.148600    -0.069900   -3.15       68.24       31.76       1.681300    0.004400    0.26        62.70       37.30       2.296000    -0.062000   -2.63       69.66       30.34   
2026-06-07 04:15:00 UTCBLESSUSDT   0.005918      50.58     14242       109193572.000000  640154.960612     802889775.000000-13275594.000000-1.63       2.226800    0.078200    3.64        69.01       30.99       1.661400    -0.019900   -1.18       62.43       37.57       2.395600    0.099600    4.34        70.55       29.45 
2026-06-07 04:30:00 UTCBLESSUSDT   0.005950      51.14     10400       74741381.000000   447231.576314     801533275.000000-1356500.000000-0.17       2.164600    -0.062200   -2.79       68.40       31.60       1.635900    -0.025500   -1.53       62.06       37.94       2.327800    -0.067800   -2.83       69.95       30.05  
2026-06-07 04:45:00 UTCBLESSUSDT   0.006021      52.44     8153        50357909.000000   301102.263408     801543657.00000010382.000000  0.00        2.183700    0.019100    0.88        68.59       31.41       1.645600    0.009700    0.59        62.20       37.80       2.377200    0.049400    2.12        70.39       29.61   
2026-06-07 05:00:00 UTCBLESSUSDT   0.006150      54.78     11731       84798645.000000   518755.467627     803032088.0000001488431.0000000.19        2.168600    -0.015100   -0.69       68.44       31.56       1.633400    -0.012200   -0.74       62.03       37.97       2.328900    -0.048300   -2.03       69.96       30.04   
2026-06-07 05:15:00 UTCBLESSUSDT   0.006219      56.03     14330       111129359.000000  687958.921802     821836853.00000018804765.0000002.34        2.194900    0.026300    1.21        68.70       31.30       1.648200    0.014800    0.91        62.24       37.76       2.377200    0.048300    2.07        70.39       29.61  
2026-06-07 05:30:00 UTCBLESSUSDT   0.006072      52.69     11946       85380951.000000   525268.980973     828134118.0000006297265.0000000.77        2.176600    -0.018300   -0.83       68.52       31.48       1.666000    0.017800    1.08        62.49       37.51       2.352300    -0.024900   -1.05       70.17       29.83   
2026-06-07 05:45:00 UTCBLESSUSDT   0.006034      51.83     10014       73348568.000000   442732.680804     824105616.000000-4028502.000000-0.49       2.209200    0.032600    1.50        68.84       31.16       1.645900    -0.020100   -1.21       62.21       37.79       2.448300    0.096000    4.08        71.00       29.00  
2026-06-07 06:00:00 UTCBLESSUSDT   0.005946      49.81     9843        72151727.000000   433779.185989     815754376.000000-8351240.000000-1.01       2.260500    0.051300    2.32        69.33       30.67       1.646500    0.000600    0.04        62.21       37.79       2.477100    0.028800    1.18        71.24       28.76  
2026-06-07 06:15:00 UTCBLESSUSDT   0.006282      56.75     11452       97083925.000000   600034.934929     811765616.000000-3988760.000000-0.49       2.264800    0.004300    0.19        69.37       30.63       1.624100    -0.022400   -1.36       61.89       38.11       2.466200    -0.010900   -0.44       71.15       28.85  
2026-06-07 06:30:00 UTCBLESSUSDT   0.006087      52.24     8736        82077585.000000   505336.839577     820866776.0000009101160.0000001.12        2.158600    -0.106200   -4.69       68.34       31.66       1.631100    0.007000    0.43        61.99       38.01       2.368100    -0.098100   -3.98       70.31       29.69   
2026-06-07 06:45:00 UTCBLESSUSDT   0.006147      53.46     7095        60085699.000000   370234.101576     816386307.000000-4480469.000000-0.55       2.184700    0.026100    1.21        68.60       31.40       1.647900    0.016800    1.03        62.23       37.77       2.414100    0.046000    1.94        70.71       29.29  
2026-06-07 07:00:00 UTCBLESSUSDT   0.006190      54.37     7731        56014076.000000   344629.606560     822950812.0000006564505.0000000.80        2.203100    0.018400    0.84        68.78       31.22       1.662700    0.014800    0.90        62.44       37.56       2.418800    0.004700    0.19        70.75       29.25   
2026-06-07 07:15:00 UTCBLESSUSDT   0.006119      52.55     7397        51357730.000000   314117.873592     824017969.0000001067157.0000000.13        2.178600    -0.024500   -1.11       68.54       31.46       1.644600    -0.018100   -1.09       62.19       37.81       2.422300    0.003500    0.14        70.78       29.22   
2026-06-07 07:30:00 UTCBLESSUSDT   0.006184      54.06     9582        69314094.000000   431212.899917     821670077.000000-2347892.000000-0.28       2.173600    -0.005000   -0.23       68.49       31.51       1.630600    -0.014000   -0.85       61.99       38.01       2.404800    -0.017500   -0.72       70.63       29.37  
2026-06-07 07:45:00 UTCBLESSUSDT   0.005999      49.25     15088       131074361.000000  784458.314590     824006078.0000002336001.0000000.28        2.194900    0.021300    0.98        68.70       31.30       1.633200    0.002600    0.16        62.02       37.98       2.407200    0.002400    0.10        70.65       29.35   
2026-06-07 08:00:00 UTCBLESSUSDT   0.006038      50.25     9850        76784217.000000   462282.308143     823532208.000000-473870.000000-0.06       2.150600    -0.044300   -2.02       68.26       31.74       1.636800    0.003600    0.22        62.08       37.92       2.354600    -0.052600   -2.19       70.19       29.81   
2026-06-07 08:15:00 UTCBLESSUSDT   0.005957      48.12     9613        69554809.000000   418957.285928     812746755.000000-10785453.000000-1.31       2.161600    0.011000    0.51        68.37       31.63       1.609900    -0.026900   -1.64       61.68       38.32       2.340000    -0.014600   -0.62       70.06       29.94 
2026-06-07 08:30:00 UTCBLESSUSDT   0.006008      49.57     6648        43987285.000000   262980.524124     810773265.000000-1973490.000000-0.24       2.191800    0.030200    1.40        68.67       31.33       1.611100    0.001200    0.07        61.70       38.30       2.364700    0.024700    1.06        70.28       29.72  
2026-06-07 08:45:00 UTCBLESSUSDT   0.006201      54.73     10016       79733818.000000   490659.081356     813483430.0000002710165.0000000.33        2.161600    -0.030200   -1.38       68.37       31.63       1.618000    0.006900    0.43        61.80       38.20       2.347800    -0.016900   -0.71       70.13       29.87   
2026-06-07 09:00:00 UTCBLESSUSDT   0.006254      56.06     10134       79776126.000000   495117.577034     810663539.000000-2819891.000000-0.35       2.129900    -0.031700   -1.47       68.05       31.95       1.634100    0.016100    1.00        62.04       37.96       2.299200    -0.048600   -2.07       69.69       30.31  
2026-06-07 09:15:00 UTCBLESSUSDT   0.006188      53.94     8052        63045423.000000   389501.388287     820361091.0000009697552.0000001.20        2.086400    -0.043500   -2.04       67.60       32.40       1.652000    0.017900    1.10        62.29       37.71       2.231000    -0.068200   -2.97       69.05       30.95   
2026-06-07 09:30:00 UTCBLESSUSDT   0.006230      55.11     9360        73510952.000000   457544.982318     818020297.000000-2340794.000000-0.29       2.057200    -0.029200   -1.40       67.29       32.71       1.647800    -0.004200   -0.25       62.23       37.77       2.204100    -0.026900   -1.21       68.79       31.21  
2026-06-07 09:45:00 UTCBLESSUSDT   0.006108      51.06     9495        80936070.000000   497513.788516     822172917.0000004152620.0000000.51        2.059000    0.001800    0.09        67.31       32.69       1.626400    -0.021400   -1.30       61.92       38.08       2.212300    0.008200    0.37        68.87       31.13   
2026-06-07 10:00:00 UTCBLESSUSDT   0.006100      50.80     8278        64622177.000000   392554.622531     816781894.000000-5391023.000000-0.66       2.086400    0.027400    1.33        67.60       32.40       1.635900    0.009500    0.58        62.06       37.94       2.243600    0.031300    1.41        69.17       30.83  
2026-06-07 10:15:00 UTCBLESSUSDT   0.006083      50.20     4538        28151651.000000   171031.946849     812374991.000000-4406903.000000-0.54       2.095000    0.008600    0.41        67.69       32.31       1.629700    -0.006200   -0.38       61.97       38.03       2.275500    0.031900    1.42        69.47       30.53  
2026-06-07 10:30:00 UTCBLESSUSDT   0.006123      51.63     5211        30762987.000000   188910.321495     808783649.000000-3591342.000000-0.44       2.104600    0.009600    0.46        67.79       32.21       1.619500    -0.010200   -0.63       61.83       38.17       2.285200    0.009700    0.43        69.56       30.44  
2026-06-07 10:45:00 UTCBLESSUSDT   0.006274      56.69     7844        58878990.000000   365547.378129     809450007.000000666358.000000 0.08        2.080700    -0.023900   -1.14       67.54       32.46       1.612200    -0.007300   -0.45       61.72       38.28       2.286200    0.001000    0.04        69.57       30.43   
2026-06-07 11:00:00 UTCBLESSUSDT   0.006274      56.69     11688       100826930.000000  633439.468303     808533563.000000-916444.000000-0.11       2.045100    -0.035600   -1.71       67.16       32.84       1.578200    -0.034000   -2.11       61.21       38.79       2.219600    -0.066600   -2.91       68.94       31.06   
2026-06-07 11:15:00 UTCBLESSUSDT   0.006309      57.87     7343        51699749.000000   325072.765334     809233240.000000699677.000000 0.09        2.057200    0.012100    0.59        67.29       32.71       1.609900    0.031700    2.01        61.68       38.32       2.256300    0.036700    1.65        69.29       30.71   
2026-06-07 11:30:00 UTCBLESSUSDT   0.006325      58.43     5230        36699537.000000   231192.782741     814927605.0000005694365.0000000.70        2.018700    -0.038500   -1.87       66.88       33.13       1.608200    -0.001700   -0.11       61.66       38.34       2.214400    -0.041900   -1.86       68.89       31.11   
2026-06-07 11:45:00 UTCBLESSUSDT   0.006375      60.21     6409        50525076.000000   321625.823005     813987551.000000-940054.000000-0.12       2.020200    0.001500    0.07        66.89       33.11       1.616500    0.008300    0.52        61.78       38.22       2.215400    0.001000    0.05        68.90       31.10   
2026-06-07 12:00:00 UTCBLESSUSDT   0.006487      63.93     23327       211780347.000000  1382532.141748    817931941.0000003944390.0000000.48        2.008400    -0.011800   -0.58       66.76       33.24       1.610000    -0.006500   -0.40       61.69       38.31       2.228900    0.013500    0.61        69.03       30.97   
2026-06-07 12:15:00 UTCBLESSUSDT   0.006466      62.75     9247        77735504.000000   502061.809677     837978305.00000020046364.0000002.45        2.016600    0.008200    0.41        66.85       33.15       1.586500    -0.023500   -1.46       61.34       38.66       2.240400    0.011500    0.52        69.14       30.86  
2026-06-07 12:30:00 UTCBLESSUSDT   0.006574      66.21     7875        57941952.000000   379568.925708     842425915.0000004447610.0000000.53        2.025700    0.009100    0.45        66.95       33.05       1.583800    -0.002700   -0.17       61.30       38.70       2.208200    -0.032200   -1.44       68.83       31.17   
2026-06-07 12:45:00 UTCBLESSUSDT   0.006528      63.50     12507       108420011.000000  707876.948369     847254645.0000004828730.0000000.57        2.003900    -0.021800   -1.08       66.71       33.29       1.587600    0.003800    0.24        61.35       38.65       2.219600    0.011400    0.52        68.94       31.06   
2026-06-07 13:00:00 UTCBLESSUSDT   0.006553      64.36     11856       104050728.000000  686155.536358     831642960.000000-15611685.000000-1.84       2.036700    0.032800    1.64        67.07       32.93       1.575500    -0.012100   -0.76       61.17       38.83       2.233100    0.013500    0.61        69.07       30.93 
2026-06-07 13:15:00 UTCBLESSUSDT   0.006610      66.29     11613       92393134.000000   603237.186021     827447210.000000-4195750.000000-0.50       2.040400    0.003700    0.18        67.11       32.89       1.553500    -0.022000   -1.40       60.84       39.16       2.252000    0.018900    0.85        69.25       30.75  
2026-06-07 13:30:00 UTCBLESSUSDT   0.006679      68.52     14650       136921621.000000  917030.628415     827270184.000000-177026.000000-0.02       2.016600    -0.023800   -1.17       66.85       33.15       1.562100    0.008600    0.55        60.97       39.03       2.210300    -0.041700   -1.85       68.85       31.15   
2026-06-07 13:45:00 UTCBLESSUSDT   0.006515      58.60     13230       118120285.000000  777789.903016     834723888.0000007453704.0000000.90        2.060000    0.043400    2.15        67.32       32.68       1.567000    0.004900    0.31        61.04       38.96       2.260500    0.050200    2.27        69.33       30.67   
2026-06-07 14:00:00 UTCBLESSUSDT   0.006697      64.71     6811        53103364.000000   350466.081653     827509823.000000-7214065.000000-0.86       2.037700    -0.022300   -1.08       67.08       32.92       1.572100    0.005100    0.33        61.12       38.88       2.256300    -0.004200   -0.19       69.29       30.71  
2026-06-07 14:15:00 UTCBLESSUSDT   0.006970      71.50     18130       183336319.000000  1256103.263151    830746726.0000003236903.0000000.39        1.996700    -0.041000   -2.01       66.63       33.37       1.549800    -0.022300   -1.42       60.78       39.22       2.226800    -0.029500   -1.31       69.01       30.99   
2026-06-07 14:30:00 UTCBLESSUSDT   0.007052      73.17     16584       145415212.000000  1020263.731271    840901657.00000010154931.0000001.22        1.907800    -0.088900   -4.45       65.61       34.39       1.529400    -0.020400   -1.32       60.46       39.54       2.101700    -0.125100   -5.62       67.76       32.24  
2026-06-07 14:45:00 UTCBLESSUSDT   0.007102      74.17     16077       148270585.000000  1048393.190611    848818203.0000007916546.0000000.94        1.842500    -0.065300   -3.42       64.82       35.18       1.515900    -0.013500   -0.88       60.25       39.75       2.015700    -0.086000   -4.09       66.84       33.16   
2026-06-07 15:00:00 UTCBLESSUSDT   0.006990      68.08     16208       147712525.000000  1051714.620606    846729072.000000-2089131.000000-0.25       1.816900    -0.025600   -1.39       64.50       35.50       1.497500    -0.018400   -1.21       59.96       40.04       1.977100    -0.038600   -1.91       66.41       33.59  
2026-06-07 15:15:00 UTCBLESSUSDT   0.006765      57.81     32922       316629935.000000  2145491.151002    840840884.000000-5888188.000000-0.70       1.823300    0.006400    0.35        64.58       35.42       1.491600    -0.005900   -0.39       59.87       40.13       1.944600    -0.032500   -1.64       66.04       33.96  
2026-06-07 15:30:00 UTCBLESSUSDT   0.006907      61.74     19299       165066327.000000  1129555.558730    821893580.000000-18947304.000000-2.25       1.832100    0.008800    0.48        64.69       35.31       1.549200    0.057600    3.86        60.77       39.23       1.922300    -0.022300   -1.15       65.78       34.22 
2026-06-07 15:45:00 UTCBLESSUSDT   0.007151      67.35     18289       155057902.000000  1090628.964651    823324823.0000001431243.0000000.17        1.829700    -0.002400   -0.13       64.66       35.34       1.542400    -0.006800   -0.44       60.67       39.33       1.942000    0.019700    1.02        66.01       33.99   
2026-06-07 16:00:00 UTCBLESSUSDT   0.006901      57.96     22199       183956272.000000  1273052.549477    833124067.0000009799244.0000001.19        1.753300    -0.076400   -4.18       63.68       36.32       1.532100    -0.010300   -0.67       60.51       39.49       1.901900    -0.040100   -2.06       65.54       34.46   
2026-06-07 16:15:00 UTCBLESSUSDT   0.006960      59.40     15245       115878611.000000  805895.169472     818654335.000000-14469732.000000-1.74       1.764000    0.010700    0.61        63.82       36.18       1.543600    0.011500    0.75        60.69       39.31       1.913800    0.011900    0.63        65.68       34.32 
2026-06-07 16:30:00 UTCBLESSUSDT   0.007493      69.54     29749       271495838.000000  1983683.625272    820423956.0000001769621.0000000.22        1.772400    0.008400    0.48        63.93       36.07       1.565800    0.022200    1.44        61.03       38.97       1.937700    0.023900    1.25        65.96       34.04   
2026-06-07 16:45:00 UTCBLESSUSDT   0.007355      65.01     46106       415102005.000000  3052699.794965    830585094.00000010161138.0000001.24        1.686700    -0.085700   -4.84       62.78       37.22       1.524200    -0.041600   -2.66       60.38       39.62       1.835300    -0.102400   -5.28       64.73       35.27  
2026-06-07 17:00:00 UTCBLESSUSDT   0.006982      54.66     30534       239722217.000000  1690134.127793    805898637.000000-24686457.000000-2.97       1.759400    0.072700    4.31        63.76       36.24       1.549500    0.025300    1.66        60.78       39.22       1.956800    0.121500    6.62        66.18       33.82 
2026-06-07 17:15:00 UTCBLESSUSDT   0.007051      56.05     10145       78803262.000000   553878.831124     796555943.000000-9342694.000000-1.16       1.811400    0.052000    2.96        64.43       35.57       1.556100    0.006600    0.43        60.88       39.12       1.982400    0.025600    1.31        66.47       33.53  
2026-06-07 17:30:00 UTCBLESSUSDT   0.007083      56.72     14187       111767760.000000  795686.433765     796005187.000000-550756.000000-0.07       1.809000    -0.002400   -0.13       64.40       35.60       1.560700    0.004600    0.30        60.95       39.05       1.990400    0.008000    0.40        66.56       33.44   
2026-06-07 17:45:00 UTCBLESSUSDT   0.007212      59.38     10217       72174876.000000   517274.618423     803636538.0000007631351.0000000.96        1.798000    -0.011000   -0.61       64.26       35.74       1.561200    0.000500    0.03        60.96       39.04       1.969100    -0.021300   -1.07       66.32       33.68   
2026-06-07 18:00:00 UTCBLESSUSDT   0.007482      64.34     23427       209461979.000000  1558437.108480    810421927.0000006785389.0000000.84        1.774700    -0.023300   -1.30       63.96       36.04       1.575400    0.014200    0.91        61.17       38.83       1.945500    -0.023600   -1.20       66.05       33.95   
2026-06-07 18:15:00 UTCBLESSUSDT   0.007345      60.32     29087       236588668.000000  1750630.331701    817894887.0000007472960.0000000.92        1.674500    -0.100200   -5.65       62.61       37.39       1.568200    -0.007200   -0.46       61.06       38.94       1.838500    -0.107000   -5.50       64.77       35.23   
2026-06-07 18:30:00 UTCBLESSUSDT   0.007634      65.25     19436       165536743.000000  1243906.954029    820452471.0000002557584.0000000.31        1.695400    0.020900    1.25        62.90       37.10       1.587700    0.019500    1.24        61.36       38.64       1.857100    0.018600    1.01        65.00       35.00   
2026-06-07 18:45:00 UTCBLESSUSDT   0.007583      63.75     18587       163174027.000000  1248678.902282    831983652.00000011531181.0000001.41        1.592000    -0.103400   -6.10       61.42       38.58       1.541300    -0.046400   -2.92       60.65       39.35       1.730000    -0.127100   -6.84       63.37       36.63  

==============================================================================================================
LAST SNAPSHOT
==============================================================================================================
Time                : 2026-06-07 18:45:00 UTC
Symbol              : BLESSUSDT
Close               : 0.007583
RSI(14)            : 63.75
Number of Trades    : 18587
Volume              : 163174027.000000
Quote Volume        : 1248678.902282
Quote Volume Source : binance_kline_quote_asset_volume

Open Interest       : 831983652.000000
OI Change           : 11531181.000000
OI Change %         : 1.41%
OI Value            : 6354100.425583

Top Acco L/S Ratio  : 1.592000
Top Acco L/S Change : -0.103400
Top Acco Chg %      : -6.10%
Top Acco Long %     : 61.42
Top Acco Short %    : 38.58

Top Posit L/S Ratio : 1.541300
Top Posit L/S Change: -0.046400
Top Posit Chg %     : -2.92%
Top Posit Long %    : 60.65
Top Posit Short %   : 39.35

Global L/S Ratio    : 1.730000
Global L/S Change   : -0.127100
Global Chg %        : -6.84%
Global Long %       : 63.37
Global Short %      : 36.63

[Program finished]
