code_version,timestamp,time,symbol,open_time,open_time_str,close_time,close_time_str,is_closed_candle,open,high,low,close,close_change,close_change_pct,rsi,mark_open,mark_high,mark_low,mark_close,mark_close_change,mark_close_change_pct,mark_close_time,mark_close_time_str,mark_last_close_spread,mark_last_close_spread_pct,premium_index_open,premium_index_high,premium_index_low,premium_index_close,premium_index_close_change,premium_index_close_change_pct,premium_index_close_time,premium_index_close_time_str,number_of_trades,trades_change,trades_change_pct,volume,volume_change,volume_change_pct,quote_volume,quote_volume_change,quote_volume_change_pct,quote_volume_source,avg_base_per_trade,avg_quote_per_trade,price_range,price_range_pct,candle_body,candle_body_pct,candle_body_abs,candle_body_abs_pct,upper_wick,upper_wick_pct_of_range,lower_wick,lower_wick_pct_of_range,close_location_in_range,taker_buy_base_volume,taker_sell_base_volume,taker_buy_base_pct,taker_sell_base_pct,taker_buy_quote_volume,taker_buy_quote_change,taker_buy_quote_change_pct,taker_sell_quote_volume,taker_sell_quote_change,taker_sell_quote_change_pct,taker_buy_quote_pct,taker_sell_quote_pct,taker_buy_sell_base_ratio,taker_buy_sell_quote_ratio,taker_quote_imbalance,taker_quote_imbalance_pct,oi,oi_value,oi_change,oi_change_pct,oi_value_change,oi_value_change_pct,acco_ls_ratio,acco_ls_change,acco_ls_change_pct,acco_long_pct,acco_short_pct,posit_ls_ratio,posit_ls_change,posit_ls_change_pct,posit_long_pct,posit_short_pct,global_ls_ratio,global_ls_change,global_ls_change_pct,global_long_pct,global_short_pct,acco_posit_ls_spread,global_acco_ls_spread,global_posit_ls_spread,funding_time,funding_time_str,funding_rate,mark_price_at_funding
FINAL_REAL_MARK_PREMIUM_CLOSED_GUARD_2026_06_13,1782933300000,2026-07-01 19:15:00 UTC,BREVUSDT,1782933300000,2026-07-01 19:15:00 UTC,1782934199999,2026-07-01 19:29:59 UTC,True,0.07111,0.07118,0.07063,0.07067,,,55.17336455164379,0.07111451,0.07118,0.07071588,0.07071588,,,1782934199999,2026-07-01 19:29:59 UTC,-4.5879999999998144e-05,-0.06487934534647401,0.0,0.0,0.0,0.0,,,1782934199999,2026-07-01 19:29:59 UTC,404,,,120685.0,,,8554.65692,,,binance_kline_quote_asset_volume,298.7252475247525,21.174893366336633,0.0005499999999999949,0.7734495851497608,-0.00044000000000000983,-0.6187596681198281,0.00044000000000000983,0.6187596681198281,6.999999999998674e-05,12.727272727270433,3.999999999999837e-05,7.272727272727043,0.07272727272727043,40431.0,80254.0,33.50126362016821,66.4987363798318,2866.92803,,,5687.728889999999,,,33.51306845862382,66.48693154137618,0.5037879731851372,0.504054972634253,-2820.8008599999994,-32.97386308275235,16788480.0,1193904.1930752,,,,,1.4337,,,58.91,41.089999999999996,1.187,,,54.279999999999994,45.72,1.2712,,,55.97,44.03,-0.24669999999999992,-0.16249999999999987,0.08420000000000005,1782921600000,2026-07-01 16:00:00 UTC,5e-05,0.07143788
FINAL_REAL_MARK_PREMIUM_CLOSED_GUARD_2026_06_13,1782934200000,2026-07-01 19:30:00 UTC,BREVUSDT,1782934200000,2026-07-01 19:30:00 UTC,1782935099999,2026-07-01 19:44:59 UTC,True,0.0707,0.0708,0.07045,0.07056,-0.00010999999999999899,-0.15565303523418564,53.954357214660845,0.07071588,0.07081515,0.07048864,0.07058455,-0.00013132999999999895,-0.1857150048899893,1782935099999,2026-07-01 19:44:59 UTC,-2.4549999999998184e-05,-0.03478098252379336,0.0,0.0,-0.00195001,0.0,0.0,,1782935099999,2026-07-01 19:44:59 UTC,445,41.0,10.14851485148515,142124.0,21439.0,17.764428056510752,10039.7218,1485.06488,17.359724579112637,binance_kline_quote_asset_volume,319.37977528089885,22.561172584269663,0.0003500000000000031,0.4950495049504994,-0.00014000000000000123,-0.19801980198019975,0.00014000000000000123,0.19801980198019975,0.00010000000000000286,28.571428571429138,0.00010999999999999899,31.428571428570862,0.3142857142857086,59821.0,82303.0,42.09070952126312,57.90929047873688,4226.84288,1359.9148500000001,47.434565352517765,5812.878919999999,125.15002999999979,2.200351536094397,42.101195274155906,57.89880472584409,0.7268386328566395,0.7271513716649032,-1586.036039999999,-15.797609451688185,16815366.0,1189113.40421208,26886.0,0.16014552836230558,-4790.788863120135,-0.4012707963425654,1.4462,0.012499999999999956,0.8718699867475732,59.12,40.88,1.1877,0.0006999999999999229,0.05897219882054953,54.290000000000006,45.71,1.2722,0.0009999999999998899,0.0786658275644973,55.989999999999995,44.01,-0.25849999999999995,-0.17399999999999993,0.08450000000000002,1782921600000,2026-07-01 16:00:00 UTC,5e-05,0.07143788
FINAL_REAL_MARK_PREMIUM_CLOSED_GUARD_2026_06_13,1782935100000,2026-07-01 19:45:00 UTC,BREVUSDT,1782935100000,2026-07-01 19:45:00 UTC,1782935999999,2026-07-01 19:59:59 UTC,True,0.07052,0.07075,0.07027,0.07047,-8.999999999999286e-05,-0.12755102040815314,52.92405537863766,0.0705795,0.07075,0.07031053,0.07047064,-0.00011390999999999485,-0.16138092542914118,1782935999999,2026-07-01 19:59:59 UTC,-6.399999999961992e-07,-0.000908179633385193,0.0,0.0,-0.0031481,0.0,0.0,,1782935999999,2026-07-01 19:59:59 UTC,507,62.0,13.93258426966292,222996.0,80872.0,56.9024232360474,15723.21386,5683.4920600000005,56.61005527065501,binance_kline_quote_asset_volume,439.8343195266272,31.01225613412229,0.0004799999999999943,0.6806579693703834,-4.999999999999449e-05,-0.07090187180940796,4.999999999999449e-05,0.07090187180940796,0.0002299999999999941,47.916666666666,0.00020000000000000573,41.66666666666835,0.4166666666666835,75692.0,147304.0,33.94320974367253,66.05679025632747,5338.94043,1112.0975499999995,26.31035932899402,10384.273430000001,4571.394510000002,78.64252073566333,33.955783324822114,66.04421667517789,0.5138489110954217,0.5141371195577232,-5045.333000000001,-32.08843335035578,16873743.0,1190940.3440685,58377.0,0.3471646112252329,1826.9398564200383,0.15363882451822072,1.445,-0.0011999999999998678,-0.0829760752316324,59.099999999999994,40.9,1.1862,-0.0015000000000000568,-0.1262945188178881,54.26,45.739999999999995,1.2831,0.01089999999999991,0.8567835246030429,56.2,43.8,-0.25880000000000014,-0.16190000000000015,0.09689999999999999,1782921600000,2026-07-01 16:00:00 UTC,5e-05,0.07143788
FINAL_REAL_MARK_PREMIUM_CLOSED_GUARD_2026_06_13,1782936000000,2026-07-01 20:00:00 UTC,BREVUSDT,1782936000000,2026-07-01 20:00:00 UTC,1782936899999,2026-07-01 20:14:59 UTC,True,0.07049,0.07069,0.07023,0.07052,4.999999999999449e-05,0.0709521782318639,53.45581524533513,0.07047064,0.07061,0.07029756,0.07052,4.9359999999998294e-05,0.07004335422524656,1782936899999,2026-07-01 20:14:59 UTC,0.0,0.0,0.0,0.0,-0.00206443,0.0,0.0,,1782936899999,2026-07-01 20:14:59 UTC,607,100.0,19.723865877712033,261199.0,38203.0,17.131697429550304,18391.83464,2668.620780000001,16.972489236370414,binance_kline_quote_asset_volume,430.3113673805601,30.299562833607908,0.0004600000000000021,0.6525748333096923,3.0000000000002247e-05,0.042559228259330756,3.0000000000002247e-05,0.042559228259330756,0.00017000000000000348,36.95652173913103,0.00025999999999999635,56.52173913043374,0.6304347826086898,141640.0,119559.0,54.226853854723785,45.77314614527621,9977.87888,4638.938450000001,86.88874713666735,8413.95576,-1970.3176700000004,-18.97405421074318,54.25167785218843,45.74832214781157,1.1846870582724847,1.1858725152127492,1563.9231199999995,8.503355704376862,16879310.0,1189495.7784584,5567.0,0.03299208717354531,-1444.5656101000495,-0.12129621918467494,1.4474,0.0023999999999999577,0.16608996539792095,59.14,40.86,1.1889,0.0027000000000001467,0.22761760242793347,54.31,45.69,1.2795,-0.0035999999999998256,-0.2805704933364372,56.13,43.87,-0.25849999999999995,-0.16789999999999994,0.09060000000000001,1782936000000,2026-07-01 20:00:00 UTC,5e-05,0.07047064
FINAL_REAL_MARK_PREMIUM_CLOSED_GUARD_2026_06_13,1782936900000,2026-07-01 20:15:00 UTC,BREVUSDT,1782936900000,2026-07-01 20:15:00 UTC,1782937799999,2026-07-01 20:29:59 UTC,True,0.07053,0.07057,0.07021,0.07051,-9.999999999996123e-06,-0.014180374361877655,53.32607616315103,0.07052,0.07057,0.07026269,0.07052604,6.039999999998824e-06,0.008564946114575757,1782937799999,2026-07-01 20:29:59 UTC,-1.6039999999994947e-05,-0.022743372518852535,0.0,0.0,0.0,0.0,0.0,,1782937799999,2026-07-01 20:29:59 UTC,205,-402.0,-66.22734761120263,57170.0,-204029.0,-78.11247363121605,4026.47401,-14365.360630000001,-78.10727375047777,binance_kline_quote_asset_volume,278.8780487804878,19.64133663414634,0.0003599999999999992,0.5104210974053583,-1.9999999999992246e-05,-0.028356727633620085,1.9999999999992246e-05,0.028356727633620085,3.999999999999837e-05,11.111111111110683,0.0003000000000000086,83.3333333333359,0.833333333333359,25601.0,31569.0,44.78047927234564,55.219520727654356,1803.32493,-8174.55395,-81.92677069257029,2223.14908,-6190.806680000001,-73.57783730491114,44.786702348539436,55.21329765146057,0.8109537837752225,0.8111578958978315,-419.82415000000015,-10.426595302921132,16905208.0,1192155.26816,25898.0,0.15343044235812958,2659.489701600047,0.22358126441161277,1.4667,0.019299999999999873,1.3334254525355722,59.46,40.54,1.1861,-0.0028000000000001357,-0.23551181764657544,54.26,45.739999999999995,1.2889,0.009399999999999853,0.7346619773348849,56.31,43.69,-0.28059999999999996,-0.17779999999999996,0.1028,1782936000000,2026-07-01 20:00:00 UTC,5e-05,0.07047064
FINAL_REAL_MARK_PREMIUM_CLOSED_GUARD_2026_06_13,1782937800000,2026-07-01 20:30:00 UTC,BREVUSDT,1782937800000,2026-07-01 20:30:00 UTC,1782938699999,2026-07-01 20:44:59 UTC,True,0.07055,0.07081,0.07038,0.07057,5.9999999999990616e-05,0.08509431286341032,54.04673247581048,0.07052604,0.07089634,0.07044097,0.07057,4.395999999999567e-05,0.062331587027990895,1782938699999,2026-07-01 20:44:59 UTC,0.0,0.0,0.0,0.0,-0.00072042,0.0,0.0,,1782938699999,2026-07-01 20:44:59 UTC,635,430.0,209.7560975609756,275369.0,218199.0,381.66695819485744,19433.17697,15406.70296,382.6351026167433,binance_kline_quote_asset_volume,433.651968503937,30.6034282992126,0.0004299999999999998,0.6094968107725015,1.9999999999992246e-05,0.028348688873128625,1.9999999999992246e-05,0.028348688873128625,0.0002400000000000041,55.813953488373066,0.00017000000000000348,39.534883720931056,0.4418604651162693,131442.0,143927.0,47.7330418456689,52.2669581543311,9280.94652,7477.62159,414.6574732929578,10152.230450000001,7929.081370000001,356.6599037973648,47.758256585258685,52.241743414741315,0.9132546360307656,0.9141780779808834,-871.2839300000014,-4.483486829482628,16918661.0,1193206.16243244,13453.0,0.07957902677092173,1050.8942724401131,0.08815078878627007,1.4691,0.0024000000000001798,0.16363264471263242,59.5,40.5,1.1864,0.00029999999999996696,0.025292976983388157,54.26,45.739999999999995,1.291,0.0020999999999999908,0.16292962991698276,56.35,43.65,-0.2827000000000002,-0.17810000000000015,0.10460000000000003,1782936000000,2026-07-01 20:00:00 UTC,5e-05,0.07047064
FINAL_REAL_MARK_PREMIUM_CLOSED_GUARD_2026_06_13,1782938700000,2026-07-01 20:45:00 UTC,BREVUSDT,1782938700000,2026-07-01 20:45:00 UTC,1782939599999,2026-07-01 20:59:59 UTC,True,0.07055,0.07095,0.07055,0.07095,0.00038000000000000533,0.5384724387133418,58.42500797990641,0.07057,0.07096106,0.07055854,0.07095843,0.00038843000000000905,0.5504180246563825,1782939599999,2026-07-01 20:59:59 UTC,-8.430000000003712e-06,-0.011880195207255449,0.0,0.0,-0.0005468,0.0,0.0,,1782939599999,2026-07-01 20:59:59 UTC,267,-368.0,-57.95275590551181,108252.0,-167117.0,-60.68838540285944,7661.85781,-11771.31916,-60.573313247607395,binance_kline_quote_asset_volume,405.438202247191,28.69609666666667,0.0003999999999999976,0.5669737774627889,0.0003999999999999976,0.5669737774627889,0.0003999999999999976,0.5669737774627889,0.0,0.0,0.0,0.0,1.0,61880.0,46372.0,57.162916158592914,42.837083841407086,4379.77703,-4901.169489999999,-52.80894011659492,3282.0807800000002,-6870.149670000001,-67.6713329532428,57.16338176210556,42.83661823789445,1.3344259466919692,1.3344513202383763,1097.69625,14.326763524211106,16948643.0,1196065.73651,29982.0,0.17721260565478555,2859.574077559868,0.2396546521122898,1.474,0.004899999999999904,0.3335375399904638,59.58,40.42,1.1878,0.0014000000000000679,0.1180040458530064,54.290000000000006,45.71,1.3004,0.009400000000000075,0.7281177381874574,56.53,43.47,-0.2862,-0.17359999999999998,0.11260000000000003,1782936000000,2026-07-01 20:00:00 UTC,5e-05,0.07047064
FINAL_REAL_MARK_PREMIUM_CLOSED_GUARD_2026_06_13,1782939600000,2026-07-01 21:00:00 UTC,BREVUSDT,1782939600000,2026-07-01 21:00:00 UTC,1782940499999,2026-07-01 21:14:59 UTC,True,0.07094,0.07142,0.07083,0.07132,0.00036999999999999533,0.5214940098660964,62.20130626259866,0.07095843,0.07144737,0.07083196,0.07132,0.0003615699999999916,0.5095518601524746,1782940499999,2026-07-01 21:14:59 UTC,0.0,0.0,0.0,0.0,-0.00085716,0.0,0.0,,1782940499999,2026-07-01 21:14:59 UTC,456,189.0,70.78651685393258,190063.0,81811.0,75.57458522706278,13521.37674,5859.518929999999,76.47647705432945,binance_kline_quote_asset_volume,416.8048245614035,29.65214197368421,0.0005899999999999933,0.8316887510572221,0.00037999999999999146,0.5356639413588828,0.00037999999999999146,0.5356639413588828,0.00010000000000000286,16.949152542373557,0.00010999999999999899,18.64406779661021,0.8305084745762644,109374.0,80689.0,57.54618205542372,42.45381794457627,7781.03024,3401.25321,77.6581361722882,5740.3465,2458.2657199999994,74.89961048429768,57.54613890005405,42.45386109994595,1.3555007497924128,1.3554983553693145,2040.6837400000004,15.0922778001081,16940139.0,1201920.14099178,-8504.0,-0.050175108414284256,5854.404481780017,0.4894717993396068,1.4685,-0.00550000000000006,-0.3731343283582131,59.489999999999995,40.510000000000005,1.1874,-0.00039999999999995595,-0.033675702980296006,54.279999999999994,45.72,1.2983,-0.0020999999999999908,-0.16148877268532688,56.489999999999995,43.51,-0.2810999999999999,-0.1701999999999999,0.1109,1782936000000,2026-07-01 20:00:00 UTC,5e-05,0.07047064
FINAL_REAL_MARK_PREMIUM_CLOSED_GUARD_2026_06_13,1782940500000,2026-07-01 21:15:00 UTC,BREVUSDT,1782940500000,2026-07-01 21:15:00 UTC,1782941399999,2026-07-01 21:29:59 UTC,True,0.07133,0.07206,0.07126,0.07188,0.0005600000000000049,0.7851934941110558,67.07571022574727,0.07132,0.07197612,0.07126,0.07189508,0.0005750800000000056,0.8063376332024758,1782941399999,2026-07-01 21:29:59 UTC,-1.5080000000000648e-05,-0.020975009694683765,0.0,0.0,-0.00086138,0.0,0.0,,1782941399999,2026-07-01 21:29:59 UTC,362,-94.0,-20.614035087719298,169376.0,-20687.0,-10.884285736834629,12141.02839,-1380.3483500000002,-10.208637600611668,binance_kline_quote_asset_volume,467.88950276243094,33.538752458563536,0.0007999999999999952,1.1215477358755013,0.0005499999999999949,0.7710640684144048,0.0005499999999999949,0.7710640684144048,0.0001799999999999996,22.500000000000085,7.000000000000062e-05,8.75000000000013,0.7749999999999991,106181.0,63195.0,62.68951917627055,37.31048082372945,7613.47141,-167.55882999999994,-2.153427307590054,4527.556979999999,-1212.7895200000003,-21.12746190495644,62.70862043507668,37.291379564923325,1.6802120420919378,1.6815848908432736,3085.9144300000007,25.417240870153346,16924221.0,1207035.44172,-15918.0,-0.09396617111583322,5115.300728220027,0.4255940601843206,1.4661,-0.0023999999999999577,-0.16343207354443023,59.45,40.550000000000004,1.1901,0.0026999999999999247,0.22738756947952876,54.339999999999996,45.660000000000004,1.2873,-0.010999999999999899,-0.8472618038973965,56.279999999999994,43.72,-0.276,-0.17879999999999985,0.09720000000000018,1782936000000,2026-07-01 20:00:00 UTC,5e-05,0.07047064
FINAL_REAL_MARK_PREMIUM_CLOSED_GUARD_2026_06_13,1782941400000,2026-07-01 21:30:00 UTC,BREVUSDT,1782941400000,2026-07-01 21:30:00 UTC,1782942299999,2026-07-01 21:44:59 UTC,True,0.0719,0.07243,0.07188,0.07228,0.0003999999999999976,0.556483027267665,70.04697941357573,0.07189508,0.07237883,0.07189508,0.07228,0.00038491999999999693,0.5353912952040626,1782942299999,2026-07-01 21:44:59 UTC,0.0,0.0,0.0,0.0,0.0,0.0,0.0,,1782942299999,2026-07-01 21:44:59 UTC,434,72.0,19.88950276243094,165792.0,-3584.0,-2.1160022671452863,11974.29736,-166.731029999999,-1.3732858918057356,binance_kline_quote_asset_volume,382.00921658986175,27.5905469124424,0.0005499999999999949,0.7649513212795478,0.00037999999999999146,0.5285118219749533,0.00037999999999999146,0.5285118219749533,0.00014999999999999736,27.272727272727042,2.0000000000006124e-05,3.6363636363647833,0.7272727272727295,88880.0,76912.0,53.609341825902334,46.390658174097666,6416.09956,-1197.3718500000004,-15.727015779258052,5558.197800000001,1030.6408200000014,22.7637294141796,53.58226346902746,46.41773653097254,1.1556064073226544,1.1543489078420344,857.9017599999988,7.164526938054918,16925571.0,1216865.28109068,1350.0,0.007976733463832694,9829.839370680042,0.8143786860701231,1.4655,-0.0005999999999999339,-0.040924902803351336,59.440000000000005,40.56,1.1878,-0.0022999999999999687,-0.19326107049827485,54.290000000000006,45.71,1.2883,0.0009999999999998899,0.07768197001475102,56.3,43.7,-0.27770000000000006,-0.17720000000000002,0.10050000000000003,1782936000000,2026-07-01 20:00:00 UTC,5e-05,0.07047064
FINAL_REAL_MARK_PREMIUM_CLOSED_GUARD_2026_06_13,1782942300000,2026-07-01 21:45:00 UTC,BREVUSDT,1782942300000,2026-07-01 21:45:00 UTC,1782943199999,2026-07-01 21:59:59 UTC,True,0.07227,0.07265,0.07227,0.07241,0.0001300000000000051,0.17985611510792074,70.96410507323202,0.07228,0.07257345,0.07227513,0.07244135,0.00016135000000000455,0.22322910902048224,1782943199999,2026-07-01 21:59:59 UTC,-3.1349999999999434e-05,-0.04327638841628356,0.0,0.0,0.0,0.0,0.0,,1782943199999,2026-07-01 21:59:59 UTC,309,-125.0,-28.80184331797235,97111.0,-68681.0,-41.4260036672457,7030.86477,-4943.43259,-41.2836965825943,binance_kline_quote_asset_volume,314.27508090614884,22.753607669902912,0.00038000000000000533,0.5258060052580674,0.00014000000000000123,0.19371800193718172,0.00014000000000000123,0.19371800193718172,0.0002400000000000041,63.1578947368423,0.0,0.0,0.36842105263157704,50941.0,46170.0,52.45646734149582,47.54353265850418,3688.03779,-2728.06177,-42.51900620444861,3342.8269800000003,-2215.3708200000005,-39.857718269760035,52.45496693004949,47.54503306995051,1.103335499241932,1.10326912283088,345.2108099999996,4.90993386009897,16865750.0,1219056.41,-59821.0,-0.3534356388921827,2191.128909319872,0.18006339266709595,1.4771,0.011600000000000055,0.7915387239849917,59.63,40.37,1.1884,0.0005999999999999339,0.050513554470444005,54.300000000000004,45.7,1.2983,0.010000000000000009,0.7762167197081432,56.489999999999995,43.51,-0.2887000000000002,-0.17880000000000007,0.10990000000000011,1782936000000,2026-07-01 20:00:00 UTC,5e-05,0.07047064
FINAL_REAL_MARK_PREMIUM_CLOSED_GUARD_2026_06_13,1782943200000,2026-07-01 22:00:00 UTC,BREVUSDT,1782943200000,2026-07-01 22:00:00 UTC,1782944099999,2026-07-01 22:14:59 UTC,True,0.07242,0.07265,0.07235,0.07246,4.999999999999449e-05,0.0690512360171171,71.32773660259647,0.07244135,0.07261113,0.07236,0.07246,1.864999999999506e-05,0.025744964719728522,1782944099999,2026-07-01 22:14:59 UTC,0.0,0.0,0.0,0.0,0.0,0.0,0.0,,1782944099999,2026-07-01 22:14:59 UTC,346,37.0,11.974110032362459,114063.0,16952.0,17.45631287907652,8267.7931,1236.9283300000006,17.59283346307343,binance_kline_quote_asset_volume,329.66184971098266,23.895355780346822,0.0003000000000000086,0.41425020712511545,3.999999999999837e-05,0.05523336095001155,3.999999999999837e-05,0.05523336095001155,0.0001900000000000096,63.33333333333472,7.000000000000062e-05,23.33333333333287,0.36666666666665276,61096.0,52967.0,53.5633816399709,46.43661836002911,4428.72804,740.6902500000001,20.083586236788538,3839.065060000001,496.23808000000054,14.844862835228179,53.5660240457638,46.43397595423621,1.153472917099326,1.153595464203985,589.6629799999992,7.132048091527582,16837239.0,1219712.32343265,-28511.0,-0.16904673672976298,655.9134326500352,0.053805010766485806,1.4869,0.009800000000000031,0.6634621894252272,59.79,40.21,1.1863,-0.0020999999999999908,-0.17670817906428737,54.26,45.739999999999995,1.2989,0.0005999999999999339,0.0462142802125806,56.49999999999999,43.5,-0.3006000000000002,-0.18800000000000017,0.11260000000000003,1782936000000,2026-07-01 20:00:00 UTC,5e-05,0.07047064
FINAL_REAL_MARK_PREMIUM_CLOSED_GUARD_2026_06_13,1782944100000,2026-07-01 22:15:00 UTC,BREVUSDT,1782944100000,2026-07-01 22:15:00 UTC,1782944999999,2026-07-01 22:29:59 UTC,True,0.07241,0.07278,0.07204,0.07204,-0.0004199999999999898,-0.5796301407673059,64.06934238068285,0.07246,0.0727,0.07204,0.07204,-0.0004199999999999898,-0.5796301407673059,1782944999999,2026-07-01 22:29:59 UTC,0.0,0.0,0.0,0.0,-0.00076992,-0.00075519,-0.00075519,,1782944999999,2026-07-01 22:29:59 UTC,629,283.0,81.79190751445087,322294.0,208231.0,182.5578846777658,23342.09072,15074.29762,182.3255303764193,binance_kline_quote_asset_volume,512.3910969793322,37.10984216216216,0.0007399999999999907,1.0219582930534328,-0.00036999999999999533,-0.5109791465267164,0.00036999999999999533,0.5109791465267164,0.00036999999999999533,50.0,0.0,0.0,0.0,144298.0,177996.0,44.77216454541505,55.22783545458494,10452.15879,6023.4307499999995,136.00814264494775,12889.93193,9050.86687,235.7570587772221,44.7781602572745,55.2218397427255,0.8106811389019978,0.8108777336266352,-2437.773140000001,-10.443679485450998,16793910.0,1216886.7186,-43329.0,-0.2573402919564188,-2825.6048326499294,-0.23166157940405144,1.5019,0.014999999999999902,1.0088102764140092,60.029999999999994,39.97,1.1835,-0.0027999999999999137,-0.23602798617549642,54.2,45.800000000000004,1.3111,0.012199999999999989,0.9392562937870497,56.730000000000004,43.269999999999996,-0.3184,-0.19080000000000008,0.12759999999999994,1782936000000,2026-07-01 20:00:00 UTC,5e-05,0.07047064
FINAL_REAL_MARK_PREMIUM_CLOSED_GUARD_2026_06_13,1782945000000,2026-07-01 22:30:00 UTC,BREVUSDT,1782945000000,2026-07-01 22:30:00 UTC,1782945899999,2026-07-01 22:44:59 UTC,True,0.07201,0.07236,0.07194,0.07221,0.0001699999999999896,0.23598001110492728,65.59544039236728,0.07204,0.07234,0.07199,0.07221,0.0001699999999999896,0.23598001110492728,1782945899999,2026-07-01 22:44:59 UTC,0.0,0.0,-0.00020259,0.0,-0.0016223,0.0,0.00075519,-100.0,1782945899999,2026-07-01 22:44:59 UTC,394,-235.0,-37.36089030206677,107992.0,-214302.0,-66.49270541803448,7787.61203,-15554.47869,-66.63704154260951,binance_kline_quote_asset_volume,274.0913705583756,19.765512766497462,0.0004199999999999898,0.58325232606581,0.00019999999999999185,0.27773920288847637,0.00019999999999999185,0.27773920288847637,0.00014999999999999736,35.71428571428595,7.000000000000062e-05,16.66666666666722,0.6428571428571405,58984.0,49008.0,54.618860656344914,45.381139343655086,4253.82652,-6198.33227,-59.30193364389176,3533.7855100000006,-9356.146420000001,-72.5849172114286,54.62298973822916,45.37701026177084,1.203558602677114,1.203759115532736,720.041009999999,9.245979476458317,16815086.0,1211358.79544,21176.0,0.12609332787897518,-5527.923160000006,-0.4542676878222283,1.4981,-0.0038000000000000256,-0.2530128503895083,59.97,40.03,1.1857,0.0021999999999999797,0.18588931136459483,54.25,45.75,1.3186,0.007500000000000062,0.5720387460910734,56.87,43.13,-0.3124,-0.1795,0.13290000000000002,1782936000000,2026-07-01 20:00:00 UTC,5e-05,0.07047064
FINAL_REAL_MARK_PREMIUM_CLOSED_GUARD_2026_06_13,1782945900000,2026-07-01 22:45:00 UTC,BREVUSDT,1782945900000,2026-07-01 22:45:00 UTC,1782946799999,2026-07-01 22:59:59 UTC,True,0.07223,0.07246,0.07219,0.07228,7.000000000000062e-05,0.09693948206619668,66.23144971123071,0.07221,0.07246,0.07221,0.07228,7.000000000000062e-05,0.09693948206619668,1782946799999,2026-07-01 22:59:59 UTC,0.0,0.0,0.0,0.0,-0.00151432,0.0,0.0,,1782946799999,2026-07-01 22:59:59 UTC,310,-84.0,-21.31979695431472,147178.0,39186.0,36.286021186754574,10641.5748,2853.96277,36.64746984063611,binance_kline_quote_asset_volume,474.76774193548385,34.327660645161295,0.00026999999999999247,0.3738058978263775,4.999999999999449e-05,0.06922331441228644,4.999999999999449e-05,0.06922331441228644,0.0001799999999999996,66.66666666666839,3.999999999999837e-05,14.814814814814625,0.3333333333333162,64050.0,83128.0,43.51873241924744,56.48126758075256,4633.40086,379.5743400000001,8.923126935604326,6008.173940000001,2474.38843,70.02090033472346,43.540556234214506,56.4594437657855,0.7704985083245116,0.7711828762400975,-1374.7730800000008,-12.918887531570993,16830243.0,1215311.84703,15157.0,0.09013929515436317,3953.0515900000464,0.32633201697802383,1.5432,0.04509999999999992,3.0104799412589225,60.68,39.32,1.1855,-0.00019999999999997797,-0.01686767310449338,54.24,45.76,1.3381,0.019500000000000073,1.4788411952070433,57.230000000000004,42.77,-0.3576999999999999,-0.20509999999999984,0.15260000000000007,1782936000000,2026-07-01 20:00:00 UTC,5e-05,0.07047064
FINAL_REAL_MARK_PREMIUM_CLOSED_GUARD_2026_06_13,1782946800000,2026-07-01 23:00:00 UTC,BREVUSDT,1782946800000,2026-07-01 23:00:00 UTC,1782947699999,2026-07-01 23:14:59 UTC,True,0.07227,0.07227,0.07161,0.07175,-0.0005300000000000027,-0.7332595462091903,57.555850775088786,0.07228,0.07228,0.07169322,0.07175,-0.0005300000000000027,-0.7332595462091903,1782947699999,2026-07-01 23:14:59 UTC,0.0,0.0,0.0,0.0,-0.00286896,0.0,0.0,,1782947699999,2026-07-01 23:14:59 UTC,431,121.0,39.03225806451613,207345.0,60167.0,40.88043049912351,14898.15368,4256.578879999999,39.99952037174046,binance_kline_quote_asset_volume,481.07888631090486,34.56648185614849,0.0006600000000000078,0.9132420091324308,-0.0005200000000000066,-0.7195240071952491,0.0005200000000000066,0.7195240071952491,0.0,0.0,0.00014000000000000123,21.212121212121147,0.2121212121212115,122251.0,85094.0,58.96018712773397,41.039812872266026,8783.34118,4149.94032,89.56575192589747,6114.8125,106.63855999999942,1.7748913574229745,58.955903990916546,41.04409600908346,1.43665828378029,1.4364040074818318,2668.5286799999994,17.911807981833086,16825517.0,1216082.24447819,-4726.0,-0.028080402641839454,770.3974481900223,0.06339092719886939,1.531,-0.012199999999999989,-0.7905650596163808,60.49,39.51,1.1796,-0.005900000000000016,-0.49768030366933924,54.120000000000005,45.879999999999995,1.3348,-0.0033000000000000806,-0.24661833943652048,57.17,42.83,-0.35139999999999993,-0.19619999999999993,0.1552,1782936000000,2026-07-01 20:00:00 UTC,5e-05,0.07047064
FINAL_REAL_MARK_PREMIUM_CLOSED_GUARD_2026_06_13,1782947700000,2026-07-01 23:15:00 UTC,BREVUSDT,1782947700000,2026-07-01 23:15:00 UTC,1782948599999,2026-07-01 23:29:59 UTC,True,0.07176,0.07189,0.0716,0.07174,-9.999999999996123e-06,-0.013937282229959755,57.403066340475625,0.07175,0.07196153,0.07160463,0.07174914,-8.599999999914232e-07,-0.00119860627176505,1782948599999,2026-07-01 23:29:59 UTC,-9.1400000000047e-06,-0.01273882864659381,0.0,0.0,-0.00284195,0.0,0.0,,1782948599999,2026-07-01 23:29:59 UTC,319,-112.0,-25.986078886310903,98636.0,-108709.0,-52.429043381803275,7078.06697,-7820.08671,-52.490307711740556,binance_kline_quote_asset_volume,309.2037617554859,22.188297711598747,0.0002899999999999986,0.4041248606465978,-2.0000000000006124e-05,-0.02787068004460162,2.0000000000006124e-05,0.02787068004460162,0.00012999999999999123,44.82758620689375,0.00014000000000000123,48.27586206896618,0.4827586206896618,28946.0,69690.0,29.346283304270248,70.65371669572976,2076.73432,-6706.60686,-76.35598711878798,5001.33265,-1113.4798499999997,-18.20955017018101,29.34041637077079,70.65958362922922,0.41535370928397186,0.41523619109798665,-2924.5983300000003,-41.31916725845842,16828364.0,1207435.117,2847.0,0.016920728201100747,-8647.12747819,-0.711064364063666,1.5368,0.005800000000000027,0.3788373612018307,60.58,39.42,1.1772,-0.0023999999999999577,-0.20345879959307883,54.06999999999999,45.93,1.3469,0.0121,0.9065028468684446,57.38999999999999,42.61,-0.3595999999999999,-0.18989999999999996,0.16969999999999996,1782936000000,2026-07-01 20:00:00 UTC,5e-05,0.07047064
FINAL_REAL_MARK_PREMIUM_CLOSED_GUARD_2026_06_13,1782948600000,2026-07-01 23:30:00 UTC,BREVUSDT,1782948600000,2026-07-01 23:30:00 UTC,1782949499999,2026-07-01 23:44:59 UTC,True,0.07176,0.07184,0.07127,0.07136,-0.00037999999999999146,-0.5296905492054523,51.778285807374886,0.07174914,0.07184,0.07128629,0.0713949,-0.00035424000000000566,-0.49372020347561746,1782949499999,2026-07-01 23:44:59 UTC,-3.4899999999990494e-05,-0.048883043466676886,0.0,0.0,-0.00255237,0.0,0.0,,1782949499999,2026-07-01 23:44:59 UTC,461,142.0,44.5141065830721,136870.0,38234.0,38.762723549211245,9786.44133,2708.37436,38.26432232810591,binance_kline_quote_asset_volume,296.8980477223427,21.228723058568328,0.0005700000000000011,0.7943143812709044,-0.0003999999999999976,-0.5574136008918583,0.0003999999999999976,0.5574136008918583,7.999999999999674e-05,14.035087719297648,9.000000000000674e-05,15.78947368421168,0.1578947368421168,46043.0,90827.0,33.639950317819824,66.36004968218016,3291.86742,1215.1331,58.51172623756706,6494.573909999999,1493.2412599999989,29.856867449118763,33.63702196741213,66.36297803258786,0.5069307584749029,0.5068642632477179,-3202.706489999999,-32.72595606517573,16813460.0,1206351.2954244,-14904.0,-0.08856475887971046,-1083.8215756001882,-0.08976230360874854,1.5419,0.0051000000000001044,0.3318584070796528,60.660000000000004,39.34,1.1769,-0.00029999999999996696,-0.025484199796123597,54.059999999999995,45.94,1.348,0.001100000000000101,0.0816690177444577,57.410000000000004,42.59,-0.365,-0.19389999999999996,0.17110000000000003,1782936000000,2026-07-01 20:00:00 UTC,5e-05,0.07047064
FINAL_REAL_MARK_PREMIUM_CLOSED_GUARD_2026_06_13,1782949500000,2026-07-01 23:45:00 UTC,BREVUSDT,1782949500000,2026-07-01 23:45:00 UTC,1782950399999,2026-07-01 23:59:59 UTC,True,0.0714,0.07163,0.07122,0.07142,5.9999999999990616e-05,0.08408071748877607,52.56858029196685,0.0713949,0.07163,0.07123879,0.07142,2.5100000000000122e-05,0.03515657280842206,1782950399999,2026-07-01 23:59:59 UTC,0.0,0.0,0.0,0.0,-0.00012135,0.0,0.0,,1782950399999,2026-07-01 23:59:59 UTC,373,-88.0,-19.088937093275486,142735.0,5865.0,4.2850880397457445,10185.34814,398.9068100000004,4.076117114984027,binance_kline_quote_asset_volume,382.6675603217158,27.306563378016087,0.0004099999999999937,0.5742296918767418,1.9999999999992246e-05,0.028011204481781855,1.9999999999992246e-05,0.028011204481781855,0.00021000000000000185,51.21951219512319,0.0001799999999999996,43.90243902439082,0.4878048780487681,22677.0,120058.0,15.887483798647844,84.11251620135216,1618.86615,-1673.00127,-50.82225547224499,8566.48199,2071.908080000001,31.902140289908587,15.894067907628735,84.10593209237128,0.18888370620866582,0.18897677621802833,-6947.61584,-68.21186418474254,16786399.0,1198463.2779651,-27061.0,-0.16094843060262432,-7888.017459299881,-0.653873999159162,1.5536,0.011700000000000044,0.7588040728970779,60.84,39.160000000000004,1.1737,-0.0032000000000000917,-0.271900756223986,54.0,46.0,1.3546,0.006599999999999939,0.4896142433234376,57.53,42.47,-0.3799000000000001,-0.19900000000000007,0.18090000000000006,1782936000000,2026-07-01 20:00:00 UTC,5e-05,0.07047064
FINAL_REAL_MARK_PREMIUM_CLOSED_GUARD_2026_06_13,1782950400000,2026-07-02 00:00:00 UTC,BREVUSDT,1782950400000,2026-07-02 00:00:00 UTC,1782951299999,2026-07-02 00:14:59 UTC,True,0.07142,0.07181,0.0713,0.07166,0.0002400000000000041,0.33604032483898644,55.69632120356243,0.07142,0.07181,0.07132432,0.07169881,0.00027881000000000433,0.39038084570149023,1782951299999,2026-07-02 00:14:59 UTC,-3.881000000000023e-05,-0.054129210791643866,0.0,0.0,-0.00174822,0.0,0.0,,1782951299999,2026-07-02 00:14:59 UTC,700,327.0,87.66756032171583,292125.0,149390.0,104.66248642589413,20879.41781,10694.069669999999,104.99464056611028,binance_kline_quote_asset_volume,417.32142857142856,29.827739728571427,0.0005099999999999966,0.7140856902828291,0.0002400000000000041,0.33604032483898644,0.0002400000000000041,0.33604032483898644,0.00014999999999999736,29.41176470588203,0.00011999999999999511,23.52941176470508,0.7058823529411796,195982.0,96143.0,67.08840393667094,32.91159606332905,14007.43573,12388.56958,765.262129917288,6871.98208,-1694.4999100000005,-19.780581013046643,67.08729073514334,32.91270926485665,2.0384427363406594,2.038339967557075,7135.4536499999995,34.17458147028669,16794136.0,1199437.19312,7737.0,0.04609088584156733,973.9151548999362,0.08126366262582282,1.5753,0.02169999999999983,1.3967559217301642,61.17,38.83,1.1725,-0.0011999999999998678,-0.10224077702989418,53.97,46.03,1.3697,0.015099999999999891,1.11472021260888,57.8,42.199999999999996,-0.4027999999999998,-0.2056,0.19719999999999982,1782950400000,2026-07-02 00:00:00 UTC,5e-05,0.07142
FINAL_REAL_MARK_PREMIUM_CLOSED_GUARD_2026_06_13,1782951300000,2026-07-02 00:15:00 UTC,BREVUSDT,1782951300000,2026-07-02 00:15:00 UTC,1782952199999,2026-07-02 00:29:59 UTC,True,0.07167,0.07169,0.07113,0.07117,-0.0004900000000000043,-0.6837845380965731,48.64355517206724,0.07169881,0.07170111,0.07116,0.07117242,-0.0005263900000000016,-0.734168391358241,1782952199999,2026-07-02 00:29:59 UTC,-2.4200000000029753e-06,-0.0034001935019252897,0.0,0.0,-0.00217533,0.0,0.0,,1782952199999,2026-07-02 00:29:59 UTC,354,-346.0,-49.42857142857143,104400.0,-187725.0,-64.26187419768935,7452.00129,-13427.416519999999,-64.30934349888369,binance_kline_quote_asset_volume,294.91525423728814,21.050851101694917,0.0005600000000000049,0.7813590065578415,-0.0005000000000000004,-0.6976419701409243,0.0005000000000000004,0.6976419701409243,2.0000000000006124e-05,3.5714285714296334,3.999999999999837e-05,7.142857142856789,0.07142857142856789,27048.0,77352.0,25.908045977011497,74.0919540229885,1931.61191,-12075.82382,-86.21009621437685,5520.3893800000005,-1351.5926999999992,-19.668163919309862,25.92071357518512,74.0792864248149,0.3496742165684145,0.3499050115917729,-3588.7774700000004,-48.15857284962977,16797189.0,1204338.46264509,3053.0,0.018178964371849793,4901.26952509,0.4086307772681885,1.5589,-0.01639999999999997,-1.0410715419285197,60.919999999999995,39.08,1.1571,-0.01540000000000008,-1.3134328358209022,53.64,46.36,1.3798,0.010099999999999998,0.7373877491421478,57.98,42.02,-0.40179999999999993,-0.17910000000000004,0.2226999999999999,1782950400000,2026-07-02 00:00:00 UTC,5e-05,0.07142
FINAL_REAL_MARK_PREMIUM_CLOSED_GUARD_2026_06_13,1782952200000,2026-07-02 00:30:00 UTC,BREVUSDT,1782952200000,2026-07-02 00:30:00 UTC,1782953099999,2026-07-02 00:44:59 UTC,True,0.07116,0.07126,0.0709,0.07099,-0.0001799999999999996,-0.2529155543065893,46.32300583130098,0.07117104,0.07122098,0.07093,0.07099,-0.00018242000000000258,-0.2563071481902717,1782953099999,2026-07-02 00:44:59 UTC,0.0,0.0,0.0,0.0,-0.00211563,0.0,0.0,,1782953099999,2026-07-02 00:44:59 UTC,462,108.0,30.508474576271187,238209.0,133809.0,128.16954022988506,16930.11537,9478.11408,127.18884110660156,binance_kline_quote_asset_volume,515.6038961038961,36.64527136363636,0.0003599999999999992,0.505902192242832,-0.00017000000000000348,-0.23889825744800938,0.00017000000000000348,0.23889825744800938,0.00010000000000000286,27.777777777778635,8.999999999999286e-05,24.999999999998074,0.24999999999998074,116610.0,121599.0,48.9528103472161,51.0471896527839,8292.13892,6360.52701,329.2859697681197,8637.97645,3117.5870699999996,56.474042959629045,48.97863209304285,51.02136790695715,0.9589717020699183,0.9599631311798725,-345.8375300000007,-2.042735813914307,16791225.0,1195072.1180145,-5964.0,-0.03550594090475495,-9266.344630589942,-0.7694136588678119,1.551,-0.007900000000000018,-0.5067675925331977,60.8,39.2,1.1571,0.0,0.0,53.64,46.36,1.377,-0.0027999999999999137,-0.20292796057398998,57.93000000000001,42.07,-0.3938999999999999,-0.17399999999999993,0.21989999999999998,1782950400000,2026-07-02 00:00:00 UTC,5e-05,0.07142
FINAL_REAL_MARK_PREMIUM_CLOSED_GUARD_2026_06_13,1782953100000,2026-07-02 00:45:00 UTC,BREVUSDT,1782953100000,2026-07-02 00:45:00 UTC,1782953999999,2026-07-02 00:59:59 UTC,True,0.07099,0.07142,0.07099,0.07142,0.0004299999999999998,0.6057191153683615,52.19059227026904,0.07099,0.07141,0.07099,0.07140319,0.0004131900000000077,0.5820397239047862,1782953999999,2026-07-02 00:59:59 UTC,1.680999999999211e-05,0.023542365544161413,0.0,0.0,-0.00100414,0.0,0.0,,1782953999999,2026-07-02 00:59:59 UTC,318,-144.0,-31.16883116883117,97089.0,-141120.0,-59.242094127425915,6915.08827,-10015.0271,-59.15510249709538,binance_kline_quote_asset_volume,305.311320754717,21.74556059748428,0.0004299999999999998,0.6057191153683615,0.0004299999999999998,0.6057191153683615,0.0004299999999999998,0.6057191153683615,0.0,0.0,0.0,0.0,1.0,56147.0,40942.0,57.83044423158133,42.16955576841867,3999.53024,-4292.608679999999,-51.76720652432098,2915.55803,-5722.41842,-66.24721024795107,57.83773227236042,42.16226772763958,1.3713790239851498,1.3717889333178526,1083.97221,15.675464544720844,16804327.0,1192939.17373,13102.0,0.07802885137921742,-2132.9442845000885,-0.17847829033479376,1.5753,0.02429999999999999,1.5667311411992255,61.17,38.83,1.1557,-0.0014000000000000679,-0.12099213551119764,53.61,46.39,1.3941,0.017099999999999893,1.2418300653594694,58.230000000000004,41.77,-0.4196,-0.18120000000000003,0.23839999999999995,1782950400000,2026-07-02 00:00:00 UTC,5e-05,0.07142
FINAL_REAL_MARK_PREMIUM_CLOSED_GUARD_2026_06_13,1782954000000,2026-07-02 01:00:00 UTC,BREVUSDT,1782954000000,2026-07-02 01:00:00 UTC,1782954899999,2026-07-02 01:14:59 UTC,True,0.07148,0.07195,0.07141,0.07188,0.0004600000000000021,0.644077289274716,57.53802749388477,0.07140319,0.07190542,0.07140319,0.07188,0.0004768099999999942,0.6677712858487053,1782954899999,2026-07-02 01:14:59 UTC,0.0,0.0,0.0,0.0,0.0,0.0,0.0,,1782954899999,2026-07-02 01:14:59 UTC,436,118.0,37.10691823899371,129877.0,32788.0,33.77107602303042,9304.94024,2389.8519699999997,34.55996332495116,binance_kline_quote_asset_volume,297.8830275229358,21.341606055045872,0.0005399999999999988,0.7554560716284259,0.0003999999999999976,0.5595970900951281,0.0003999999999999976,0.5595970900951281,7.000000000000062e-05,12.962962962963106,7.000000000000062e-05,12.962962962963106,0.8703703703703689,76085.0,53792.0,58.58235099363244,41.41764900636756,5453.3947,1453.8644599999998,36.35088054741148,3851.54554,935.9875099999999,32.10320289869174,58.60751986946667,41.39248013053333,1.4144296549672815,1.4158977593187174,1601.8491599999998,17.215039738933342,16781118.0,1198225.35696642,-23209.0,-0.13811323714421886,5286.183236420155,0.4431226128564193,1.5727,-0.0025999999999999357,-0.16504792737890786,61.129999999999995,38.87,1.154,-0.0017000000000000348,-0.1470969974907013,53.56999999999999,46.43,1.3821,-0.011999999999999789,-0.8607703894985861,58.02,41.980000000000004,-0.41870000000000007,-0.19059999999999988,0.2281000000000002,1782950400000,2026-07-02 00:00:00 UTC,5e-05,0.07142
FINAL_REAL_MARK_PREMIUM_CLOSED_GUARD_2026_06_13,1782954900000,2026-07-02 01:15:00 UTC,BREVUSDT,1782954900000,2026-07-02 01:15:00 UTC,1782955799999,2026-07-02 01:29:59 UTC,True,0.07191,0.07201,0.07157,0.07194,6.0000000000004494e-05,0.08347245409015651,58.194838134907556,0.07188,0.07201923,0.07169768,0.07197337,9.33699999999954e-05,0.12989705063994908,1782955799999,2026-07-02 01:29:59 UTC,-3.336999999999091e-05,-0.04636437059983562,0.0,0.0,-0.00116888,0.0,0.0,,1782955799999,2026-07-02 01:29:59 UTC,369,-67.0,-15.36697247706422,149270.0,19393.0,14.931820106716353,10726.35033,1421.4100899999994,15.275864791583007,binance_kline_quote_asset_volume,404.52574525745257,29.06870008130081,0.00044000000000000983,0.6118759560561949,3.0000000000002247e-05,0.04171881518565185,3.0000000000002247e-05,0.04171881518565185,7.000000000000062e-05,15.909090909090695,0.00034000000000000696,77.27272727272712,0.840909090909093,96513.0,52757.0,64.65666242379581,35.34333757620419,6943.22847,1489.8337700000002,27.319382732374027,3783.1218599999993,-68.42368000000079,-1.7765252750977671,64.73057709648758,35.269422903512414,1.8293875694220672,1.8353171605209675,3160.1066100000007,29.46115419297517,16760348.0,1204733.81424,-20770.0,-0.12377006108889765,6508.457273579901,0.5431747238313784,1.5681,-0.0045999999999999375,-0.29249062122464153,61.06,38.940000000000005,1.1522,-0.0018000000000000238,-0.15597920277296567,53.54,46.46,1.3764,-0.005700000000000038,-0.4124158888647737,57.92,42.08,-0.41590000000000016,-0.19169999999999998,0.22420000000000018,1782950400000,2026-07-02 00:00:00 UTC,5e-05,0.07142
FINAL_REAL_MARK_PREMIUM_CLOSED_GUARD_2026_06_13,1782955800000,2026-07-02 01:30:00 UTC,BREVUSDT,1782955800000,2026-07-02 01:30:00 UTC,1782956699999,2026-07-02 01:44:59 UTC,True,0.07199,0.07252,0.07198,0.07248,0.0005399999999999988,0.7506255212677214,63.6452396248076,0.07197337,0.07250051,0.07197337,0.07248,0.0005066300000000079,0.7039131278693883,1782956699999,2026-07-02 01:44:59 UTC,0.0,0.0,0.0,0.0,-6.087e-05,0.0,0.0,,1782956699999,2026-07-02 01:44:59 UTC,464,95.0,25.745257452574528,224230.0,74960.0,50.2177262678368,16208.29997,5481.949640000001,51.107314895988495,binance_kline_quote_asset_volume,483.25431034482756,34.93168096982759,0.0005399999999999988,0.7501041811362673,0.0004900000000000043,0.6806500902903241,0.0004900000000000043,0.6806500902903241,3.999999999999837e-05,7.407407407407122,9.999999999996123e-06,1.851851851851138,0.9259259259259288,97857.0,126373.0,43.64135039914373,56.35864960085626,7067.84182,124.61334999999963,1.7947465006865837,9140.45815,5357.336290000001,141.61151790124998,43.60631178520815,56.39368821479185,0.7743505337374281,0.7732480915084108,-2072.6163300000007,-12.787376429583693,16763030.0,1206491.7605111,2682.0,0.01600205437261804,1757.9462711000815,0.1459198912092521,1.5773,0.009199999999999875,0.5866972769593696,61.199999999999996,38.800000000000004,1.1505,-0.0016999999999998128,-0.14754382919630385,53.5,46.5,1.3855,0.009099999999999886,0.6611450159837173,58.08,41.92,-0.42679999999999985,-0.19179999999999997,0.23499999999999988,1782950400000,2026-07-02 00:00:00 UTC,5e-05,0.07142
FINAL_REAL_MARK_PREMIUM_CLOSED_GUARD_2026_06_13,1782956700000,2026-07-02 01:45:00 UTC,BREVUSDT,1782956700000,2026-07-02 01:45:00 UTC,1782957599999,2026-07-02 01:59:59 UTC,True,0.07246,0.07259,0.07228,0.07238,-0.00010000000000000286,-0.13796909492274126,62.032338798108654,0.07248,0.07257611,0.07229965,0.07240131,-7.869000000000625e-05,-0.10856788079471062,1782957599999,2026-07-02 01:59:59 UTC,-2.130999999999661e-05,-0.02943316909596886,0.0,0.0,-0.00056771,0.0,0.0,,1782957599999,2026-07-02 01:59:59 UTC,266,-198.0,-42.672413793103445,84308.0,-139922.0,-62.401106007224726,6105.04621,-10103.25376,-62.33382759882373,binance_kline_quote_asset_volume,316.94736842105266,22.951301541353384,0.0003100000000000047,0.4278222467568379,-7.999999999999674e-05,-0.11040574109853264,7.999999999999674e-05,0.11040574109853264,0.0001300000000000051,41.93548387096875,0.00010000000000000286,32.258064516129465,0.32258064516129464,38225.0,46083.0,45.33970678939128,54.66029321060872,2767.9457,-4299.896119999999,-60.83746961954505,3337.10051,-5803.35764,-63.49088355051437,45.338652727413184,54.66134727258682,0.8294815875702537,0.8294463087658094,-569.15481,-9.32269454517364,16781932.0,1216354.43136,18902.0,0.11276004397772957,9862.670848899987,0.8174669045996561,1.5927,0.01540000000000008,0.976351993913655,61.42999999999999,38.57,1.1602,0.00969999999999982,0.8431116905693019,53.71,46.29,1.3975,0.01200000000000001,0.8661133164922419,58.29,41.71,-0.4325000000000001,-0.19520000000000004,0.23730000000000007,1782950400000,2026-07-02 00:00:00 UTC,5e-05,0.07142
FINAL_REAL_MARK_PREMIUM_CLOSED_GUARD_2026_06_13,1782957600000,2026-07-02 02:00:00 UTC,BREVUSDT,1782957600000,2026-07-02 02:00:00 UTC,1782958499999,2026-07-02 02:14:59 UTC,True,0.07239,0.07254,0.07218,0.07231,-7.000000000000062e-05,-0.09671179883945927,60.869487696819185,0.07240131,0.07253633,0.07220041,0.07233483,-6.647999999999377e-05,-0.09182154300798392,1782958499999,2026-07-02 02:14:59 UTC,-2.483000000000346e-05,-0.03432647868254264,0.0,0.0,-0.00119165,0.0,0.0,,1782958499999,2026-07-02 02:14:59 UTC,363,97.0,36.46616541353384,151984.0,67676.0,80.27233477250083,11002.68702,4897.640809999999,80.22282946814909,binance_kline_quote_asset_volume,418.6887052341598,30.31043256198347,0.0003599999999999992,0.4973062577704092,-7.999999999999674e-05,-0.11051250172675335,7.999999999999674e-05,0.11051250172675335,0.00014999999999999736,41.666666666666025,0.0001300000000000051,36.111111111112606,0.3611111111111261,48751.0,103233.0,32.07640277923992,67.92359722076007,3529.54099,761.5952899999997,27.514820467756994,7473.14603,4136.04552,123.94129297591935,32.078900213958825,67.92109978604117,0.47224240310753346,0.47229653693787116,-3943.60504,-35.84219957208235,16787620.0,1215445.6797822,5688.0,0.033893594611156805,-908.7515778001398,-0.07471108374095115,1.6035,0.01079999999999992,0.6780938029760734,61.59,38.41,1.1609,0.000700000000000145,0.060334425099133344,53.72,46.28,1.4033,0.005800000000000027,0.4150268336314868,58.39,41.61,-0.4425999999999999,-0.20019999999999993,0.24239999999999995,1782950400000,2026-07-02 00:00:00 UTC,5e-05,0.07142
FINAL_REAL_MARK_PREMIUM_CLOSED_GUARD_2026_06_13,1782958500000,2026-07-02 02:15:00 UTC,BREVUSDT,1782958500000,2026-07-02 02:15:00 UTC,1782959399999,2026-07-02 02:29:59 UTC,True,0.07233,0.07238,0.07218,0.07229,-2.0000000000006124e-05,-0.027658691743888984,60.52040812069824,0.07233483,0.07236,0.07218,0.07227072,-6.41100000000061e-05,-0.08862950255085428,1782959399999,2026-07-02 02:29:59 UTC,1.9279999999996522e-05,0.026677470488735304,0.0,0.0,-0.00173418,0.0,0.0,,1782959399999,2026-07-02 02:29:59 UTC,153,-210.0,-57.85123966942148,35642.0,-116342.0,-76.54884724707864,2576.01943,-8426.66759,-76.58736065728787,binance_kline_quote_asset_volume,232.95424836601308,16.836728300653593,0.00020000000000000573,0.2765104382690525,-4.000000000001225e-05,-0.05530208765382586,4.000000000001225e-05,0.05530208765382586,4.999999999999449e-05,24.99999999999653,0.00010999999999999899,54.99999999999792,0.5499999999999792,22398.0,13244.0,62.84159138095505,37.15840861904495,1619.06221,-1910.47878,-54.12825025726645,956.9572199999998,-6516.18881,-87.19472072192332,62.85131979769268,37.14868020230732,1.6911809121111447,1.6918856727994596,662.1049900000003,25.702639595385364,16776304.0,1213511.09786832,-11316.0,-0.06740681526029299,-1934.5819138798397,-0.15916646429040782,1.6596,0.05610000000000004,3.4985968194574397,62.4,37.6,1.1801,0.019199999999999884,1.6538892238780154,54.13,45.87,1.4248,0.021500000000000075,1.532102900306426,58.76,41.24,-0.47950000000000004,-0.2347999999999999,0.24470000000000014,1782950400000,2026-07-02 00:00:00 UTC,5e-05,0.07142
FINAL_REAL_MARK_PREMIUM_CLOSED_GUARD_2026_06_13,1782959400000,2026-07-02 02:30:00 UTC,BREVUSDT,1782959400000,2026-07-02 02:30:00 UTC,1782960299999,2026-07-02 02:44:59 UTC,True,0.07229,0.07232,0.07202,0.07211,-0.0001799999999999996,-0.24899709503389075,57.333563273793715,0.07229,0.07232,0.07202,0.07211,-0.00016072000000000308,-0.22238605067170092,1782960299999,2026-07-02 02:44:59 UTC,0.0,0.0,0.0,0.0,-0.00281266,-0.00214031,-0.00214031,,1782960299999,2026-07-02 02:44:59 UTC,238,85.0,55.55555555555556,69318.0,33676.0,94.48403568823298,5002.57393,2426.5544999999997,94.19783374848224,binance_kline_quote_asset_volume,291.25210084033614,21.019218193277307,0.0002999999999999947,0.41499515838981155,-0.0001799999999999996,-0.24899709503389075,0.0001799999999999996,0.24899709503389075,3.0000000000002247e-05,10.000000000000925,8.999999999999286e-05,29.99999999999815,0.2999999999999815,45517.0,23801.0,65.6640410860094,34.335958913990595,3284.71113,1665.64892,102.87738850998196,1717.8627999999994,760.9055799999996,79.51301940122254,65.66042153424009,34.33957846575992,1.912398638712659,1.9120916583093837,1566.8483300000007,31.320843068480166,16774053.0,1212272.88762816,-2251.0,-0.01341773491944352,-1238.210240160115,-0.10203534539858614,1.6759,0.01629999999999998,0.982164376958302,62.629999999999995,37.37,1.18,-9.999999999998899e-05,-0.008473858147613676,54.13,45.87,1.4402,0.015399999999999858,1.0808534531162168,59.019999999999996,40.98,-0.4959,-0.23570000000000002,0.2602,1782950400000,2026-07-02 00:00:00 UTC,5e-05,0.07142
FINAL_REAL_MARK_PREMIUM_CLOSED_GUARD_2026_06_13,1782960300000,2026-07-02 02:45:00 UTC,BREVUSDT,1782960300000,2026-07-02 02:45:00 UTC,1782961199999,2026-07-02 02:59:59 UTC,True,0.07212,0.07222,0.07196,0.07214,3.0000000000002247e-05,0.04160310636527839,57.73304185511665,0.07211,0.07228279,0.07198004,0.07214,3.0000000000002247e-05,0.04160310636527839,1782961199999,2026-07-02 02:59:59 UTC,0.0,0.0,-0.0001802,0.0,-0.00203642,0.0,0.00214031,-100.0,1782961199999,2026-07-02 02:59:59 UTC,182,-56.0,-23.52941176470588,47427.0,-21891.0,-31.580541850601573,3420.66089,-1581.9130399999995,-31.621982246247377,binance_kline_quote_asset_volume,260.5879120879121,18.794840054945055,0.0002600000000000102,0.3605102606766642,1.9999999999992246e-05,0.02773155851357771,1.9999999999992246e-05,0.02773155851357771,8.000000000001062e-05,30.76923076923364,0.00016000000000000736,61.53846153846195,0.6923076923076635,20518.0,26909.0,43.26227676218188,56.737723237818116,1479.9685,-1804.7426300000002,-54.94372438163231,1940.6923900000002,222.82959000000074,12.971326348064629,43.26557199301916,56.73442800698084,0.7624958192426325,0.7625981879590922,-460.7238900000002,-13.468856013961684,16766986.0,1209067.36046,-7067.0,-0.04213054531304986,-3205.5271681598388,-0.2644229035288851,1.6947,0.01880000000000015,1.1217853093860106,62.89,37.11,1.1778,-0.0021999999999999797,-0.1864406779661,54.08,45.92,1.4624,0.022199999999999998,1.5414525760311069,59.39,40.61,-0.5169000000000001,-0.23230000000000017,0.28459999999999996,1782950400000,2026-07-02 00:00:00 UTC,5e-05,0.07142
FINAL_REAL_MARK_PREMIUM_CLOSED_GUARD_2026_06_13,1782961200000,2026-07-02 03:00:00 UTC,BREVUSDT,1782961200000,2026-07-02 03:00:00 UTC,1782962099999,2026-07-02 03:14:59 UTC,True,0.07211,0.07226,0.07202,0.07215,1.0000000000010001e-05,0.013861935126157474,57.874625902730486,0.07214,0.07226,0.07203,0.07215,1.0000000000010001e-05,0.013861935126157474,1782962099999,2026-07-02 03:14:59 UTC,0.0,0.0,0.0,0.0,-0.00169954,0.0,0.0,,1782962099999,2026-07-02 03:14:59 UTC,313,131.0,71.97802197802197,95043.0,47616.0,100.39850717945473,6856.295,3435.63411,100.4377288623895,binance_kline_quote_asset_volume,303.6517571884984,21.905095846645366,0.0002400000000000041,0.3328248509222079,4.000000000001225e-05,0.05547080848705069,4.000000000001225e-05,0.05547080848705069,0.00010999999999999899,45.83333333333213,8.999999999999286e-05,37.49999999999638,0.5416666666666787,39641.0,55402.0,41.70848984144019,58.29151015855981,2859.42445,1379.45595,93.20846693696522,3996.87055,2056.17816,105.95075090699973,41.7050965572514,58.294903442748605,0.7155156853543193,0.715415827014963,-1137.4461000000001,-16.5898068854972,16774042.0,1210079.38988,7056.0,0.04208269751045298,1012.0294199998025,0.08370331158511855,1.6932,-0.0015000000000000568,-0.08851124092760115,62.870000000000005,37.13,1.18,0.0021999999999999797,0.1867889285107811,54.13,45.87,1.46,-0.0023999999999999577,-0.16411378555798398,59.35,40.65,-0.5132000000000001,-0.23320000000000007,0.28,1782950400000,2026-07-02 00:00:00 UTC,5e-05,0.07142
FINAL_REAL_MARK_PREMIUM_CLOSED_GUARD_2026_06_13,1782962100000,2026-07-02 03:15:00 UTC,BREVUSDT,1782962100000,2026-07-02 03:15:00 UTC,1782962999999,2026-07-02 03:29:59 UTC,True,0.07214,0.07279,0.07191,0.07257,0.0004199999999999898,0.582120582120568,63.41734118599246,0.07215,0.07279341,0.07194038,0.07259323,0.0004432299999999889,0.6143173943173789,1782962999999,2026-07-02 03:29:59 UTC,-2.3229999999999085e-05,-0.03200022922247582,0.0,0.0,-0.00161122,-4.7e-05,-4.7e-05,,1782962999999,2026-07-02 03:29:59 UTC,636,323.0,103.19488817891373,382157.0,287114.0,302.08852835032565,27668.1012,20811.8062,303.54303891533255,binance_kline_quote_asset_volume,600.875786163522,43.50330377358491,0.0008799999999999919,1.2198502911006266,0.0004299999999999998,0.596063210424175,0.0004299999999999998,0.596063210424175,0.00021999999999999797,25.0,0.0002299999999999941,26.136363636363207,0.75,267299.0,114858.0,69.94481325737851,30.055186742621487,19348.78469,16489.36024,576.6671065570557,8319.31651,4322.445960000001,108.14575818573861,69.93174034653306,30.06825965346693,2.3272127322432916,2.325766145180597,11029.46818,39.86348069306614,16781191.0,1210762.93065,7149.0,0.042619423511637805,683.5407700000796,0.056487266514626315,1.7086,0.015399999999999858,0.9095204346798877,63.080000000000005,36.919999999999995,1.1819,0.0019000000000000128,0.16101694915254344,54.169999999999995,45.83,1.4661,0.006099999999999994,0.4178082191780818,59.45,40.550000000000004,-0.5267,-0.24249999999999994,0.2842,1782950400000,2026-07-02 00:00:00 UTC,5e-05,0.07142
FINAL_REAL_MARK_PREMIUM_CLOSED_GUARD_2026_06_13,1782963000000,2026-07-02 03:30:00 UTC,BREVUSDT,1782963000000,2026-07-02 03:30:00 UTC,1782963899999,2026-07-02 03:44:59 UTC,True,0.07257,0.07266,0.07224,0.07249,-7.999999999999674e-05,-0.11023839051949394,61.750685221499474,0.07259323,0.07262922,0.07224527,0.0725,-9.32299999999997e-05,-0.12842795395658757,1782963899999,2026-07-02 03:44:59 UTC,-9.999999999996123e-06,-0.013793103448270515,-1.914e-05,0.0,-0.00273144,0.0,4.7e-05,-100.0,1782963899999,2026-07-02 03:44:59 UTC,431,-205.0,-32.23270440251572,209173.0,-172984.0,-45.26516588731857,15155.81037,-12512.290830000002,-45.22280274874808,binance_kline_quote_asset_volume,485.3201856148492,35.16429320185615,0.0004200000000000037,0.5787515502273718,-7.999999999999674e-05,-0.11023839051949394,7.999999999999674e-05,0.11023839051949394,9.000000000000674e-05,21.428571428572845,0.0002500000000000002,59.52380952380906,0.5952380952380906,119380.0,89793.0,57.07237549779369,42.92762450220631,8656.37027,-10692.414420000001,-55.26142644776105,6499.4401,-1819.8764100000008,-21.87531160537611,57.11585232773007,42.88414767226993,1.3295022997338322,1.3318639970233743,2156.9301699999996,14.231704655460135,16746252.0,1215664.52307396,-34939.0,-0.20820333908362046,4901.592423960101,0.40483502590624193,1.6969,-0.011699999999999822,-0.6847711576729383,62.92,37.08,1.1789,-0.0029999999999998916,-0.2538285810982225,54.1,45.9,1.4492,-0.016899999999999915,-1.1527180956278504,59.17,40.83,-0.518,-0.24770000000000003,0.2703,1782950400000,2026-07-02 00:00:00 UTC,5e-05,0.07142
FINAL_REAL_MARK_PREMIUM_CLOSED_GUARD_2026_06_13,1782963900000,2026-07-02 03:45:00 UTC,BREVUSDT,1782963900000,2026-07-02 03:45:00 UTC,1782964799999,2026-07-02 03:59:59 UTC,True,0.07247,0.07392,0.0722,0.07344,0.0009500000000000064,1.3105255897365242,71.3722125316792,0.0725,0.07382284,0.07225815,0.07344,0.0009400000000000103,1.2965517241379452,1782964799999,2026-07-02 03:59:59 UTC,0.0,0.0,-0.00022944,0.00208168,-0.00063897,0.0,0.0,,1782964799999,2026-07-02 03:59:59 UTC,1609,1178.0,273.31786542923436,978138.0,768965.0,367.6215381526296,71479.80496,56323.994589999995,371.63301212510487,binance_kline_quote_asset_volume,607.91671845867,44.42498754505904,0.0017199999999999993,2.373395887953635,0.0009699999999999986,1.3384848902994322,0.0009699999999999986,1.3384848902994322,0.0004799999999999943,27.90697674418573,0.00027000000000000635,15.697674418605025,0.7209302325581427,530736.0,447402.0,54.25982836777633,45.74017163222368,38783.11274,30126.742469999997,348.0297345228972,32696.692219999997,26197.252119999997,403.0693677752334,54.25744063194209,45.742559368057904,1.1862620193919562,1.1861478977459696,6086.42052,8.514881263884186,16727041.0,1212710.4725,-19211.0,-0.11471820679636255,-2954.0505739601795,-0.242998830507161,1.713,0.016100000000000003,0.9487889681183337,63.13999999999999,36.86,1.1789,0.0,0.0,54.11,45.89,1.474,0.024799999999999933,1.7112889870273207,59.58,40.42,-0.5341,-0.2390000000000001,0.2950999999999999,1782950400000,2026-07-02 00:00:00 UTC,5e-05,0.07142
FINAL_REAL_MARK_PREMIUM_CLOSED_GUARD_2026_06_13,1782964800000,2026-07-02 04:00:00 UTC,BREVUSDT,1782964800000,2026-07-02 04:00:00 UTC,1782965699999,2026-07-02 04:14:59 UTC,True,0.07346,0.07354,0.07314,0.07325,-0.0001900000000000096,-0.2587145969499041,67.70404106853078,0.07344,0.07352,0.07314,0.07325,-0.0001900000000000096,-0.2587145969499041,1782965699999,2026-07-02 04:14:59 UTC,0.0,0.0,0.0,0.0,0.0,0.0,0.0,,1782965699999,2026-07-02 04:14:59 UTC,501,-1108.0,-68.86264760720945,290982.0,-687156.0,-70.25143691380971,21345.15872,-50134.646239999995,-70.13819675089388,binance_kline_quote_asset_volume,580.8023952095808,42.6051072255489,0.0003999999999999976,0.5445140212360435,-0.00021000000000000185,-0.28586986114892715,0.00021000000000000185,0.28586986114892715,7.999999999999674e-05,19.999999999999307,0.00010999999999999899,27.499999999999915,0.27499999999999913,190753.0,100229.0,65.55491404966631,34.4450859503337,13994.30423,-24788.808509999995,-63.91650065888961,7350.85449,-25345.83773,-77.51804849083905,65.56195910076606,34.43804089923394,1.9031717367229046,1.9037656437136194,6643.44974,31.12391820153212,16535427.0,1214361.75888,-191614.0,-1.1455343476470226,1651.2863800001796,0.13616493115591363,1.6998,-0.0132000000000001,-0.7705779334500934,62.96000000000001,37.04,1.1721,-0.006800000000000139,-0.5768088896428992,53.959999999999994,46.04,1.4643,-0.009700000000000042,-0.6580732700135714,59.419999999999995,40.58,-0.5277000000000001,-0.23550000000000004,0.2922,1782950400000,2026-07-02 00:00:00 UTC,5e-05,0.07142
FINAL_REAL_MARK_PREMIUM_CLOSED_GUARD_2026_06_13,1782965700000,2026-07-02 04:15:00 UTC,BREVUSDT,1782965700000,2026-07-02 04:15:00 UTC,1782966599999,2026-07-02 04:29:59 UTC,True,0.07323,0.07457,0.07293,0.07453,0.0012800000000000034,1.7474402730375471,76.47564839836845,0.07325,0.07455,0.07295163,0.07455,0.0013000000000000095,1.7747440273037671,1782966599999,2026-07-02 04:29:59 UTC,-2.0000000000006124e-05,-0.02682763246144349,0.0,0.0,-0.00044245,0.0,0.0,,1782966599999,2026-07-02 04:29:59 UTC,1153,652.0,130.13972055888223,834474.0,543492.0,186.77856362249213,61303.75072,39958.592,187.2021310507266,binance_kline_quote_asset_volume,723.7415437987858,53.16890782307025,0.0016400000000000026,2.2395193226819643,0.0012999999999999956,1.7752287313942312,0.0012999999999999956,1.7752287313942312,3.999999999999837e-05,2.439024390243799,0.0003000000000000086,18.292682926829766,0.975609756097562,392518.0,441956.0,47.03777469399885,52.962225306001145,28924.1377,14929.83347,106.68507147353905,32379.613019999997,25028.75853,340.48774280661894,47.1816770756959,52.8183229243041,0.8881381857017441,0.8932823774680183,-3455.4753199999977,-5.636645848608198,16479177.0,1207099.71525,-56250.0,-0.34017869632274994,-7262.043630000204,-0.5980132013295569,1.7056,0.005800000000000027,0.3412166137192627,63.04,36.96,1.1728,0.000700000000000145,0.0597218667349326,53.98,46.02,1.4839,0.019600000000000062,1.3385235265997448,59.74,40.26,-0.5327999999999999,-0.2217,0.31109999999999993,1782964800003,2026-07-02 04:00:00 UTC,5e-05,0.07344
FINAL_REAL_MARK_PREMIUM_CLOSED_GUARD_2026_06_13,1782966600000,2026-07-02 04:30:00 UTC,BREVUSDT,1782966600000,2026-07-02 04:30:00 UTC,1782967499999,2026-07-02 04:44:59 UTC,True,0.07457,0.07636,0.07418,0.07596,0.0014300000000000007,1.9186904602173631,82.26945338796463,0.07453,0.07609693,0.07425771,0.07596,0.0014099999999999946,1.8913480885311795,1782967499999,2026-07-02 04:44:59 UTC,0.0,0.0,0.0,0.0,-0.00129652,0.0,0.0,,1782967499999,2026-07-02 04:44:59 UTC,4321,3168.0,274.7614917606245,2572337.0,1737863.0,208.25849577098867,193518.64591,132214.89519,215.6717878386936,binance_kline_quote_asset_volume,595.3105762554964,44.78561580884055,0.0021800000000000014,2.9234276518707274,0.0013900000000000023,1.8640203835322549,0.0013900000000000023,1.8640203835322549,0.0003999999999999976,18.348623853210885,0.00039000000000000146,17.88990825688079,0.8165137614678911,1628434.0,943903.0,63.30562441857346,36.69437558142654,122458.04319,93533.90549,323.3766429275435,71060.60272,38680.9897,119.46093882007736,63.27971271923417,36.72028728076583,1.7252132899249182,1.723290241042864,51397.44047,26.559425438468338,16684657.0,1243841.17935,205480.0,1.2469069298788404,36741.464100000216,3.0437803634466745,1.7078,0.0021999999999999797,0.12898686679174365,63.07000000000001,36.93,1.2121,0.03929999999999989,3.3509549795361435,54.790000000000006,45.21,1.4826,-0.0013000000000000789,-0.08760698160253919,59.72,40.28,-0.49570000000000003,-0.22520000000000007,0.27049999999999996,1782964800003,2026-07-02 04:00:00 UTC,5e-05,0.07344
FINAL_REAL_MARK_PREMIUM_CLOSED_GUARD_2026_06_13,1782967500000,2026-07-02 04:45:00 UTC,BREVUSDT,1782967500000,2026-07-02 04:45:00 UTC,1782968399999,2026-07-02 04:59:59 UTC,True,0.07597,0.0797,0.07555,0.07779,0.0018299999999999983,2.409162717219587,86.76258493503006,0.07596,0.07879,0.07568029,0.07775586,0.0017958599999999963,2.3642180094786682,1782968399999,2026-07-02 04:59:59 UTC,3.4140000000001947e-05,0.043906658610684705,0.0,0.0,-0.00139896,0.0,0.0,,1782968399999,2026-07-02 04:59:59 UTC,5011,690.0,15.968525804211989,4038369.0,1466032.0,56.992221470203944,313397.44315,119878.79724000001,61.946897507619106,binance_kline_quote_asset_volume,805.9008181999601,62.54189645779286,0.004149999999999987,5.462682637883359,0.0018200000000000022,2.3956825062524714,0.0018200000000000022,2.3956825062524714,0.001909999999999995,46.024096385542194,0.0004199999999999898,10.12048192771063,0.5397590361445781,2245827.0,1792542.0,55.61222860020963,44.38777139979036,174474.88407,52016.84088,42.477275910160664,138922.55908,67861.95636000001,95.4987064033166,55.67208280843946,44.32791719156054,1.2528727360363106,1.2559146997106987,35552.324989999994,11.34416561687893,16763581.0,1273361.61276,78924.0,0.47303339828921864,29520.433409999823,2.3733281949570486,1.7189,0.01110000000000011,0.6499590115938699,63.22,36.78,1.1792,-0.03289999999999993,-2.7142975002062477,54.11,45.89,1.4882,0.005600000000000049,0.37771482530689665,59.809999999999995,40.19,-0.5397000000000001,-0.23070000000000013,0.30899999999999994,1782964800003,2026-07-02 04:00:00 UTC,5e-05,0.07344
FINAL_REAL_MARK_PREMIUM_CLOSED_GUARD_2026_06_13,1782968400000,2026-07-02 05:00:00 UTC,BREVUSDT,1782968400000,2026-07-02 05:00:00 UTC,1782969299999,2026-07-02 05:14:59 UTC,True,0.07779,0.0795,0.0774,0.07875,0.0009600000000000025,1.2340917855765556,88.42036430964144,0.07779,0.07944612,0.07773,0.07880748,0.001051620000000003,1.3524639814928459,1782969299999,2026-07-02 05:14:59 UTC,-5.747999999999864e-05,-0.07293723895244289,0.0,0.00020073,-0.00741445,0.0,0.0,,1782969299999,2026-07-02 05:14:59 UTC,5571,560.0,11.17541408900419,3579841.0,-458528.0,-11.354286842039448,281131.36293,-32266.080220000003,-10.295578641513242,binance_kline_quote_asset_volume,642.5849937174654,50.46335719439957,0.0021000000000000046,2.699575780948714,0.0009600000000000025,1.2340917855765556,0.0009600000000000025,1.2340917855765556,0.0007500000000000007,35.714285714285666,0.00039000000000000146,18.5714285714286,0.6428571428571433,1814987.0,1764854.0,50.70021266307637,49.29978733692362,142640.84031,-31834.04376,-18.245631128906815,138490.52262,-432.036460000003,-0.31099085912404645,50.73814562109767,49.26185437890233,1.0284063157632304,1.0299682433966109,4150.317689999996,1.4762912421953434,17612930.0,1369508.5192698,849349.0,5.0666322428364206,96146.90650980012,7.550636484274295,1.6688,-0.05010000000000003,-2.914654721042529,62.529999999999994,37.47,1.2245,0.045299999999999896,3.841587516960642,55.05,44.95,1.4649,-0.023299999999999876,-1.5656497782556025,59.43000000000001,40.57,-0.44430000000000014,-0.20389999999999997,0.24040000000000017,1782964800003,2026-07-02 04:00:00 UTC,5e-05,0.07344
FINAL_REAL_MARK_PREMIUM_CLOSED_GUARD_2026_06_13,1782969300000,2026-07-02 05:15:00 UTC,BREVUSDT,1782969300000,2026-07-02 05:15:00 UTC,1782970199999,2026-07-02 05:29:59 UTC,True,0.07874,0.07918,0.07707,0.07862,-0.0001300000000000051,-0.16507936507937157,86.83447622139339,0.07880748,0.07918,0.07728,0.07862,-0.00018748000000000375,-0.23789619970084533,1782970199999,2026-07-02 05:29:59 UTC,0.0,0.0,-0.00013825,0.0,-0.00614018,-0.00020584,-0.00020584,,1782970199999,2026-07-02 05:29:59 UTC,4977,-594.0,-10.662358642972535,3291546.0,-288295.0,-8.053290634975129,258077.89323,-23053.469700000016,-8.200248261073664,binance_kline_quote_asset_volume,661.3514165159735,51.85410754068716,0.0021100000000000008,2.6797053594107196,-0.00012000000000000899,-0.152400304800621,0.00012000000000000899,0.152400304800621,0.00043999999999999595,20.85308056872018,0.0015499999999999958,73.4597156398102,0.734597156398102,1566965.0,1724581.0,47.6057451422523,52.394254857747704,122897.02855,-19743.811759999997,-13.841626084851264,135180.86468,-3309.6579400000046,-2.389808253580843,47.620130113381585,52.37986988661842,0.9086062063770852,0.9091303627989192,-12283.836129999996,-4.7597397732368325,17617749.0,1388410.40196252,4819.0,0.027360581118530534,18901.882692720043,1.3801946046161306,1.6983,0.02949999999999986,1.7677372962607778,62.94,37.059999999999995,1.1956,-0.028899999999999926,-2.3601469987750043,54.459999999999994,45.540000000000006,1.4808,0.015899999999999803,1.0853983207044715,59.69,40.31,-0.5026999999999999,-0.21750000000000003,0.2851999999999999,1782964800003,2026-07-02 04:00:00 UTC,5e-05,0.07344
FINAL_REAL_MARK_PREMIUM_CLOSED_GUARD_2026_06_13,1782970200000,2026-07-02 05:30:00 UTC,BREVUSDT,1782970200000,2026-07-02 05:30:00 UTC,1782971099999,2026-07-02 05:44:59 UTC,True,0.07864,0.07966,0.07714,0.07799,-0.0006299999999999917,-0.8013228186212055,79.40199951626111,0.07862,0.07962,0.07735,0.07799,-0.0006299999999999917,-0.8013228186212055,1782971099999,2026-07-02 05:44:59 UTC,0.0,0.0,0.0,0.0,-0.00219221,0.0,0.00020584,-100.0,1782971099999,2026-07-02 05:44:59 UTC,4481,-496.0,-9.965842877235282,2876737.0,-414809.0,-12.602254381375802,226373.3298,-31704.56342999998,-12.284881526735324,binance_kline_quote_asset_volume,641.985494309306,50.51848466860076,0.0025199999999999945,3.2044760935910412,-0.0006499999999999978,-0.8265513733468944,0.0006499999999999978,0.8265513733468944,0.0010199999999999931,40.4761904761903,0.0008500000000000035,33.73015873015894,0.33730158730158943,1436901.0,1439836.0,49.948987342256174,50.05101265774382,113108.26039,-9788.768160000007,-7.965016140335321,113265.06941000001,-21915.795269999988,-16.21220231271566,49.9653649526341,50.0346350473659,0.9979615734014151,0.998615557110265,-156.80902000001515,-0.06927009473181109,17421398.0,1369670.31076,-196351.0,-1.114506739765676,-18740.091202520067,-1.349751570287209,1.6702,-0.028100000000000014,-1.654595772242832,62.55,37.45,1.1877,-0.007900000000000018,-0.6607561057209784,54.290000000000006,45.71,1.4384,-0.04239999999999999,-2.8633171258779035,58.989999999999995,41.010000000000005,-0.48249999999999993,-0.2318,0.2506999999999999,1782964800003,2026-07-02 04:00:00 UTC,5e-05,0.07344
FINAL_REAL_MARK_PREMIUM_CLOSED_GUARD_2026_06_13,1782971100000,2026-07-02 05:45:00 UTC,BREVUSDT,1782971100000,2026-07-02 05:45:00 UTC,1782971999999,2026-07-02 05:59:59 UTC,True,0.07782,0.07903,0.07739,0.07747,-0.0005200000000000066,-0.6667521477112535,73.78797340995676,0.07799,0.07896,0.07745,0.07748898,-0.0005010200000000048,-0.6424156943197907,1782971999999,2026-07-02 05:59:59 UTC,-1.8980000000001773e-05,-0.02449380544175672,0.0,0.0,-0.00399387,-0.00109057,-0.00109057,,1782971999999,2026-07-02 05:59:59 UTC,4311,-170.0,-3.793796027672394,2733943.0,-142794.0,-4.963748858515742,214198.0972,-12175.232600000018,-5.378386495775271,binance_kline_quote_asset_volume,634.1783808861053,49.686406216655065,0.0016400000000000026,2.1074273965561585,-0.0003500000000000031,-0.4497558468260127,0.0003500000000000031,0.4497558468260127,0.0012100000000000027,73.7804878048781,7.999999999999674e-05,4.878048780487598,0.04878048780487598,1434527.0,1299416.0,52.470991531279175,47.52900846872082,112468.01834,-640.2420500000007,-0.5660435831940398,101730.07886,-11534.990550000017,-10.184066994428212,52.50654408707791,47.49345591292209,1.1039782486901808,1.1055532405000634,10737.939480000001,5.013088174155826,17534974.0,1367552.62226,113576.0,0.6519339033526471,-2117.688499999931,-0.15461301039845654,1.6991,0.028900000000000148,1.7303316968027873,62.949999999999996,37.05,1.1641,-0.023600000000000065,-1.9870337627347028,53.790000000000006,46.21,1.4679,0.02950000000000008,2.05088987764183,59.48,40.52,-0.5350000000000001,-0.23120000000000007,0.30380000000000007,1782964800003,2026-07-02 04:00:00 UTC,5e-05,0.07344
FINAL_REAL_MARK_PREMIUM_CLOSED_GUARD_2026_06_13,1782972000000,2026-07-02 06:00:00 UTC,BREVUSDT,1782972000000,2026-07-02 06:00:00 UTC,1782972899999,2026-07-02 06:14:59 UTC,True,0.07752,0.07781,0.07527,0.07695,-0.0005199999999999927,-0.6712275719633313,68.56709675156343,0.07752,0.07781965,0.0753482,0.07696,-0.0005289799999999983,-0.6826519074067027,1782972899999,2026-07-02 06:14:59 UTC,-9.999999999996123e-06,-0.012993762993757955,-0.0004182,0.0,-0.00642643,-0.00068836,0.00040220999999999996,-36.88071375519224,1782972899999,2026-07-02 06:14:59 UTC,5891,1580.0,36.650429134771514,6224502.0,3490559.0,127.67490031796567,476391.08106,262192.98386000004,122.40677545103797,binance_kline_quote_asset_volume,1056.6121201833305,80.86760839585808,0.0025400000000000006,3.2765737874097014,-0.0005700000000000011,-0.7352941176470601,0.0005700000000000011,0.7352941176470601,0.0002899999999999986,11.417322834645612,0.001680000000000001,66.14173228346459,0.6614173228346459,2915779.0,3308723.0,46.843570778834994,53.156429221165006,223197.987,110729.96866,98.45462763045603,253193.09406,151463.01520000002,148.88715009101884,46.851839984781094,53.148160015218906,0.881239982917881,0.8815326809312897,-29995.10706000001,-6.296320030437812,17651247.0,1368324.66744,116273.0,0.6630919441340489,772.0451799998991,0.05645451351802661,1.6434,-0.05570000000000008,-3.2782061091165957,62.17,37.830000000000005,1.1786,0.01450000000000018,1.2455974572631372,54.1,45.9,1.4231,-0.04479999999999995,-3.0519790176442503,58.730000000000004,41.27,-0.4647999999999999,-0.22029999999999994,0.24449999999999994,1782964800003,2026-07-02 04:00:00 UTC,5e-05,0.07344
FINAL_REAL_MARK_PREMIUM_CLOSED_GUARD_2026_06_13,1782972900000,2026-07-02 06:15:00 UTC,BREVUSDT,1782972900000,2026-07-02 06:15:00 UTC,1782973799999,2026-07-02 06:29:59 UTC,True,0.07691,0.07784,0.07669,0.07756,0.0006099999999999994,0.7927225471085113,71.14621806638618,0.07696,0.07784,0.07675588,0.07756,0.0006000000000000033,0.7796257796257839,1782973799999,2026-07-02 06:29:59 UTC,0.0,0.0,-0.00036304,0.0,-0.00253258,-0.00055348,0.00013487999999999998,-19.59439827996978,1782973799999,2026-07-02 06:29:59 UTC,2164,-3727.0,-63.2659989814972,1243584.0,-4980918.0,-80.02114867984619,96159.4769,-380231.60416,-79.81501318495738,binance_kline_quote_asset_volume,574.6691312384473,44.43598747689464,0.0011500000000000121,1.4952541932128618,0.0006499999999999978,0.8451436744246492,0.0006499999999999978,0.8451436744246492,0.00028000000000000247,24.34782608695648,0.00022000000000001185,19.130434782609523,0.7565217391304352,769933.0,473651.0,61.912424090371054,38.087575909628946,59577.36099,-163620.62601,-73.3073932293126,36582.11590999999,-216610.97815,-85.55169285093889,61.956827252665725,38.043172747334275,1.6255280786908504,1.6285925378557473,22995.245080000008,23.913654505331454,17398353.0,1338977.24688,-252894.0,-1.4327259711452682,-29347.42056,-2.144770262375385,1.6364,-0.006999999999999895,-0.4259462090787329,62.07,37.93,1.1092,-0.06940000000000013,-5.8883421007975665,52.59,47.410000000000004,1.4307,0.007600000000000051,0.5340453938584815,58.86,41.14,-0.5272000000000001,-0.2057,0.3215000000000001,1782964800003,2026-07-02 04:00:00 UTC,5e-05,0.07344
FINAL_REAL_MARK_PREMIUM_CLOSED_GUARD_2026_06_13,1782973800000,2026-07-02 06:30:00 UTC,BREVUSDT,1782973800000,2026-07-02 06:30:00 UTC,1782974699999,2026-07-02 06:44:59 UTC,True,0.0775,0.0857,0.07737,0.0853,0.007739999999999997,9.979370809695714,86.3974249881991,0.07756,0.08588671,0.0774518,0.08573244,0.00817243999999999,10.536926250644647,1782974699999,2026-07-02 06:44:59 UTC,-0.0004324399999999923,-0.5044065000366166,-0.00053195,0.0,-0.03715081,-0.02121307,-0.020659590000000002,3732.671460576715,1782974699999,2026-07-02 06:44:59 UTC,18581,16417.0,758.641404805915,17594562.0,16350978.0,1314.8269839431834,1447292.04238,1351132.56548,1405.0955860389047,binance_kline_quote_asset_volume,946.9114687045907,77.89096616866692,0.008330000000000004,10.748387096774199,0.007800000000000001,10.06451612903226,0.007800000000000001,10.06451612903226,0.0003999999999999976,4.8019207683072915,0.0001300000000000051,1.5606242496999405,0.9519807923169271,9194031.0,8400531.0,52.2549580944385,47.7450419055615,756352.33773,696774.9767400001,1169.5297763473495,690939.70465,654357.58874,1788.7363058765186,52.2598283955335,47.7401716044665,1.0944583145993985,1.0946719846026727,65412.63308000006,4.519656791067008,17377732.0,1347816.89392,-20621.0,-0.11852271304071138,8839.647039999953,0.6601790329594874,1.6504,0.014000000000000012,0.8555365436323644,62.27,37.730000000000004,1.0917,-0.01750000000000007,-1.5777136675081203,52.190000000000005,47.81,1.4266,-0.0040999999999999925,-0.28657300622073056,58.79,41.21,-0.5587000000000002,-0.2238,0.3349000000000002,1782964800003,2026-07-02 04:00:00 UTC,5e-05,0.07344
FINAL_REAL_MARK_PREMIUM_CLOSED_GUARD_2026_06_13,1782974700000,2026-07-02 06:45:00 UTC,BREVUSDT,1782974700000,2026-07-02 06:45:00 UTC,1782975599999,2026-07-02 06:59:59 UTC,True,0.08527,0.08882,0.08423,0.08746,0.0021599999999999953,2.5322391559202755,88.26204885808343,0.08596606,0.0894592,0.08437,0.08835755,0.002625110000000014,3.0619798060104366,1782975599999,2026-07-02 06:59:59 UTC,-0.0008975500000000108,-1.0158158527483059,-0.03008186,-0.00863662,-0.07654363,-0.07189628,-0.050683210000000006,238.9244461079891,1782975599999,2026-07-02 06:59:59 UTC,53494,34913.0,187.8962380926753,46607125.0,29012563.0,164.89505677947537,4057963.21889,2610671.17651,180.3831638718113,binance_kline_quote_asset_volume,871.2589262347179,75.8582872638053,0.004589999999999997,5.382901372112111,0.0021899999999999975,2.568312419373751,0.0021899999999999975,2.568312419373751,0.00136,29.62962962962965,0.0010399999999999993,22.657952069716774,0.7037037037037035,22227238.0,24379887.0,47.69064386614708,52.30935613385292,1936318.81984,1179966.48211,156.00751438825066,2121644.39905,1430704.6944000002,207.0665044679598,47.71651972660445,52.28348027339555,0.9117038975611331,0.9126500278307795,-185325.5792100001,-4.566960546791091,18447281.0,1581530.41149564,1069549.0,6.154709947189886,233713.51757564,17.34015344591104,1.594,-0.056400000000000006,-3.4173533688802715,61.45,38.550000000000004,1.0453,-0.0464,-4.250251900705322,51.11,48.89,1.4337,0.007099999999999884,0.4976868077947486,58.91,41.089999999999996,-0.5487000000000002,-0.1603000000000001,0.3884000000000001,1782964800003,2026-07-02 04:00:00 UTC,5e-05,0.07344
FINAL_REAL_MARK_PREMIUM_CLOSED_GUARD_2026_06_13,1782975600000,2026-07-02 07:00:00 UTC,BREVUSDT,1782975600000,2026-07-02 07:00:00 UTC,1782976499999,2026-07-02 07:14:59 UTC,True,0.0874,0.0976,0.0854,0.09633,0.008870000000000003,10.141779099016697,92.69215409631508,0.08847592,0.09768847,0.08587,0.09678258,0.00842503,9.535155739379373,1782976499999,2026-07-02 07:14:59 UTC,-0.000452580000000008,-0.46762547557629475,-0.07484327,-0.04808156,-0.17447414,-0.07102515,0.0008711300000000116,-1.2116482243587727,1782976499999,2026-07-02 07:14:59 UTC,78274,24780.0,46.32295210677833,58521259.0,11914134.0,25.562902667778797,5403751.23442,1345788.0155299995,33.16412552152509,binance_kline_quote_asset_volume,747.6462043590465,69.03634967447684,0.012200000000000003,13.958810068649887,0.008929999999999993,10.217391304347819,0.008929999999999993,10.217391304347819,0.0012700000000000072,10.409836065573828,0.0020000000000000018,16.39344262295083,0.8959016393442617,27895575.0,30625684.0,47.66742116740858,52.332578832591416,2580764.656,644445.83616,33.28201066667581,2822986.5784199997,701342.1793699996,33.05653764052245,47.75876135010499,52.24123864989502,0.9108555746869197,0.9141965731358279,-242221.92241999973,-4.482477299790025,25185094.0,2225293.2023597,6737813.0,36.52469434384395,643762.7908640602,40.70505291486992,1.6274,0.033399999999999874,2.095357590966115,61.94,38.06,0.9433,-0.10199999999999987,-9.757964220797845,48.54,51.459999999999994,1.5094,0.0757000000000001,5.280044639743329,60.150000000000006,39.85,-0.6840999999999999,-0.11799999999999988,0.5661,1782964800003,2026-07-02 04:00:00 UTC,5e-05,0.07344
FINAL_REAL_MARK_PREMIUM_CLOSED_GUARD_2026_06_13,1782976500000,2026-07-02 07:15:00 UTC,BREVUSDT,1782976500000,2026-07-02 07:15:00 UTC,1782977399999,2026-07-02 07:29:59 UTC,True,0.09634,0.09954,0.08837,0.08916,-0.007169999999999996,-7.443164123326063,69.76939374342312,0.09641,0.10068623,0.08895,0.08924,-0.007542580000000007,-7.79332396387863,1782977399999,2026-07-02 07:29:59 UTC,-7.999999999999674e-05,-0.08964589870013082,-0.06433208,-0.00792747,-0.08319886,-0.00792747,0.06309767999999999,-88.8385029809863,1782977399999,2026-07-02 07:29:59 UTC,96989,18715.0,23.909599611620717,72059123.0,13537864.0,23.133241203850382,6714977.82486,1311226.5904400004,24.265117574027965,binance_kline_quote_asset_volume,742.9618101021765,69.23442684077575,0.01117,11.594353331949346,-0.007179999999999992,-7.452771434502795,0.007179999999999992,7.452771434502795,0.0032000000000000084,28.648164726947257,0.000789999999999999,7.072515666965076,0.07072515666965076,32643680.0,39415443.0,45.30124520111076,54.69875479888924,3046771.27378,466006.61778,18.05692032772476,3668206.55108,845219.9726600004,29.94063022194964,45.37276746470152,54.627232535298475,0.8281951822791894,0.8305887990094134,-621435.2773000002,-9.254465070596959,33367109.0,3229354.89616122,8182015.0,32.48753012396936,1004061.6938015199,45.120422456547,1.3861,-0.24129999999999985,-14.82733194051861,58.089999999999996,41.91,0.968,0.024699999999999944,2.6184670836425257,49.19,50.81,1.3747,-0.13470000000000004,-8.924075791705317,57.89,42.11,-0.41810000000000014,-0.011400000000000077,0.40670000000000006,1782964800003,2026-07-02 04:00:00 UTC,5e-05,0.07344
FINAL_REAL_MARK_PREMIUM_CLOSED_GUARD_2026_06_13,1782977400000,2026-07-02 07:30:00 UTC,BREVUSDT,1782977400000,2026-07-02 07:30:00 UTC,1782978299999,2026-07-02 07:44:59 UTC,True,0.08917,0.09142,0.0871,0.0882,-0.0009600000000000025,-1.076716016150743,67.36719377584028,0.08917,0.09151075,0.08717938,0.08843058,-0.0008094200000000051,-0.9070147915732912,1782978299999,2026-07-02 07:44:59 UTC,-0.00023057999999999412,-0.2607469045210312,-0.00777624,-0.00204016,-0.02976731,-0.00550265,0.0024248200000000003,-30.587564506708954,1782978299999,2026-07-02 07:44:59 UTC,44260,-52729.0,-54.36595902628133,38476495.0,-33582628.0,-46.60426966339848,3444681.25549,-3270296.56937,-48.70152448252027,binance_kline_quote_asset_volume,869.3288522367826,77.82831575892453,0.004320000000000004,4.84467870359987,-0.0009699999999999986,-1.0878098015027462,0.0009699999999999986,1.0878098015027462,0.002250000000000002,52.08333333333333,0.0011000000000000038,25.462962962963026,0.25462962962963026,18372365.0,20104130.0,47.74958062058408,52.25041937941592,1646615.38648,-1400155.8872999998,-45.955398731421205,1798065.8690099998,-1870140.6820700003,-50.98242577205446,47.80167639184869,52.19832360815132,0.9138602366777374,0.9157703368156435,-151450.4825299997,-4.396647216302633,32508896.0,2901093.87904,-858213.0,-2.5720328362879745,-328261.01712122,-10.164909948777339,1.5056,0.11949999999999994,8.621311593680105,60.089999999999996,39.910000000000004,1.0079,0.03990000000000005,4.121900826446286,50.2,49.8,1.4366,0.061900000000000066,4.502800611042414,58.96,41.04,-0.49770000000000003,-0.06899999999999995,0.4287000000000001,1782964800003,2026-07-02 04:00:00 UTC,5e-05,0.07344
FINAL_REAL_MARK_PREMIUM_CLOSED_GUARD_2026_06_13,1782978300000,2026-07-02 07:45:00 UTC,BREVUSDT,1782978300000,2026-07-02 07:45:00 UTC,1782979199999,2026-07-02 07:59:59 UTC,True,0.08815,0.09983,0.08776,0.09664,0.008440000000000003,9.56916099773243,75.38979681648362,0.08839058,0.10007544,0.08794,0.09690745,0.008476870000000011,9.58590342842941,1782979199999,2026-07-02 07:59:59 UTC,-0.0002674500000000024,-0.27598497329152955,-0.00614756,-0.00476186,-0.07396944,-0.04735987,-0.04185722,760.673857141559,1782979199999,2026-07-02 07:59:59 UTC,80899,36639.0,82.78129236330773,63067746.0,24591251.0,63.91239898540655,6039094.83135,2594413.5758599997,75.31650633059658,binance_kline_quote_asset_volume,779.5862247988232,74.64980817253613,0.012069999999999997,13.692569483834369,0.008489999999999998,9.631310266591035,0.008489999999999998,9.631310266591035,0.0031899999999999984,26.429163214581596,0.00039000000000000146,3.23115161557582,0.735708367854184,32319878.0,30747868.0,51.246286810376894,48.75371318962311,3092837.08931,1446221.70283,87.82996410118666,2946257.7420399995,1148191.8730299997,63.857052893294984,51.213587063653,48.786412936347,1.0511258211463637,1.0497510265916208,146579.34727000073,2.4271741273059937,31931562.0,2823726.54796596,-577334.0,-1.7759261957096297,-77367.33107403992,-2.6668330740004014,1.54,0.034399999999999986,2.2848034006376183,60.629999999999995,39.37,1.0039,-0.0040000000000000036,-0.3968647683301918,50.1,49.9,1.5113,0.07469999999999999,5.1997772518446315,60.18,39.82,-0.5361,-0.028699999999999948,0.5074000000000001,1782964800003,2026-07-02 04:00:00 UTC,5e-05,0.07344
FINAL_REAL_MARK_PREMIUM_CLOSED_GUARD_2026_06_13,1782979200000,2026-07-02 08:00:00 UTC,BREVUSDT,1782979200000,2026-07-02 08:00:00 UTC,1782980099999,2026-07-02 08:14:59 UTC,True,0.09684,0.10448,0.0932,0.10315,0.006510000000000002,6.73634105960265,79.56325313796464,0.09711257,0.10530515,0.09350543,0.1029,0.005992549999999999,6.183786695450142,1782980099999,2026-07-02 08:14:59 UTC,0.0002500000000000002,0.24295432458697785,-0.04570017,-0.02675134,-0.08668753,-0.07732615,-0.029966279999999998,63.273568951941805,1782980099999,2026-07-02 08:14:59 UTC,104840,23941.0,29.59369089852779,88363309.0,25295563.0,40.1085572330427,8705523.72043,2666428.88908,44.1527905016179,binance_kline_quote_asset_volume,842.8396508966043,83.03628119448683,0.011279999999999998,11.64807930607187,0.00631000000000001,6.515902519620003,0.00631000000000001,6.515902519620003,0.0013299999999999979,11.790780141843953,0.0036399999999999905,32.26950354609921,0.8820921985815604,43033112.0,45330197.0,48.700204289542846,51.299795710457154,4240397.09005,1147560.0007399996,37.103797180472114,4465126.63038,1518868.8883400005,51.552478476928165,48.70927041527319,51.29072958472681,0.9493255014973794,0.949670063374916,-224729.54033000022,-2.5814591694536206,36171355.0,3505273.77609475,4239793.0,13.277750083130915,681547.2281287899,24.136445811997444,1.4195,-0.12050000000000005,-7.824675324675328,58.67,41.33,0.9885,-0.01539999999999997,-1.5340173324036228,49.71,50.29,1.4056,-0.10570000000000013,-6.993978693839749,58.43000000000001,41.57,-0.43099999999999994,-0.013900000000000023,0.4170999999999999,1782979200000,2026-07-02 08:00:00 UTC,-0.01162589,0.09697
FINAL_REAL_MARK_PREMIUM_CLOSED_GUARD_2026_06_13,1782980100000,2026-07-02 08:15:00 UTC,BREVUSDT,1782980100000,2026-07-02 08:15:00 UTC,1782980999999,2026-07-02 08:29:59 UTC,True,0.10321,0.1038,0.09752,0.09806,-0.005090000000000011,-4.93456131846826,69.6218495132753,0.10313,0.10363,0.09809,0.09809,-0.004810000000000009,-4.6744412050534585,1782980999999,2026-07-02 08:29:59 UTC,-3.0000000000002247e-05,-0.030584157406465747,-0.07262087,-0.03284709,-0.07741999,-0.05050823,0.026817919999999995,-34.68156632652731,1782980999999,2026-07-02 08:29:59 UTC,69781,-35059.0,-33.44048073254483,54598465.0,-33764844.0,-38.21138477283598,5496341.76362,-3209181.9568099994,-36.86374375476959,binance_kline_quote_asset_volume,782.4259468909875,78.765591831874,0.006280000000000008,6.084681716887906,-0.005150000000000002,-4.989826567193104,0.005150000000000002,4.989826567193104,0.0005900000000000072,9.39490445859883,0.0005399999999999988,8.598726114649653,0.08598726114649652,27071249.0,27527216.0,49.58243606299188,50.41756393700811,2726451.24767,-1513945.8423799998,-35.70292617010895,2769890.5159500004,-1695236.1144299996,-37.96613746396098,49.60483472327428,50.39516527672572,0.9834357749799326,0.9843173338332826,-43439.268280000426,-0.7903305534514371,38330062.0,3944163.3798,2158707.0,5.968001475200473,438889.6037052502,12.520836651858335,1.4166,-0.0028999999999999027,-0.20429728777737957,58.620000000000005,41.38,1.0036,0.015100000000000002,1.5275670207384928,50.09,49.91,1.3872,-0.018399999999999972,-1.309049516220829,58.10999999999999,41.89,-0.41300000000000003,-0.029400000000000093,0.38359999999999994,1782979200000,2026-07-02 08:00:00 UTC,-0.01162589,0.09697
FINAL_REAL_MARK_PREMIUM_CLOSED_GUARD_2026_06_13,1782981000000,2026-07-02 08:30:00 UTC,BREVUSDT,1782981000000,2026-07-02 08:30:00 UTC,1782981899999,2026-07-02 08:44:59 UTC,True,0.09803,0.10542,0.09758,0.10463,0.006570000000000006,6.6999796043238895,74.11733355912597,0.09806,0.10652088,0.09788,0.10528929,0.007199289999999997,7.3394739524926065,1782981899999,2026-07-02 08:44:59 UTC,-0.0006592899999999929,-0.6261700501541922,-0.0488388,-0.03330406,-0.10748515,-0.10748515,-0.05697692,112.80719993553525,1782981899999,2026-07-02 08:44:59 UTC,73817,4036.0,5.783809346383686,54821712.0,223247.0,0.4088887846938554,5623000.38082,126658.61719999928,2.3044166947249543,binance_kline_quote_asset_volume,742.6705501442757,76.17487002750043,0.00784,7.997551769866367,0.006599999999999995,6.732632867489538,0.006599999999999995,6.732632867489538,0.000789999999999999,10.076530612244886,0.00045000000000000595,5.739795918367423,0.8992346938775512,28330252.0,26491460.0,51.677065466324734,48.32293453367527,2907883.39864,181432.15096999984,6.654516603773865,2715116.98218,-54773.53377000056,-1.9774620496584743,51.714088595098836,48.285911404901164,1.0694107459536017,1.0709974626232222,192766.41645999998,3.4281771901976814,40626566.0,3985059.85894,2296504.0,5.991391300123647,40896.47913999995,1.0368860313812285,1.4337,0.017099999999999893,1.2071156289707674,58.91,41.089999999999996,0.9762,-0.02740000000000009,-2.730171383021133,49.4,50.6,1.3941,0.006899999999999906,0.4974048442906507,58.230000000000004,41.77,-0.4575,-0.03960000000000008,0.41789999999999994,1782979200000,2026-07-02 08:00:00 UTC,-0.01162589,0.09697
FINAL_REAL_MARK_PREMIUM_CLOSED_GUARD_2026_06_13,1782981900000,2026-07-02 08:45:00 UTC,BREVUSDT,1782981900000,2026-07-02 08:45:00 UTC,1782982799999,2026-07-02 08:59:59 UTC,True,0.10461,0.11066,0.10411,0.10631,0.001680000000000001,1.6056580330689105,75.13079141162213,0.10528929,0.11200691,0.10411,0.10672411,0.0014348200000000033,1.36274069280931,1782982799999,2026-07-02 08:59:59 UTC,-0.0004141099999999953,-0.38801916455428426,-0.10940563,-0.05339891,-0.12473657,-0.07654369,0.030941460000000004,-28.786730073875326,1782982799999,2026-07-02 08:59:59 UTC,119811,45994.0,62.30814040126258,97917039.0,43095327.0,78.60996205299098,10511517.72571,4888517.344890001,86.93788038081391,binance_kline_quote_asset_volume,817.2625134586974,87.73416235328978,0.00655,6.261351687219195,0.001700000000000007,1.6250836440110956,0.001700000000000007,1.6250836440110956,0.004349999999999993,66.4122137404579,0.0005000000000000004,7.633587786259549,0.33587786259542096,47867867.0,50049172.0,48.886146363147276,51.113853636852724,5139327.24197,2231443.84333,76.7377345451208,5372190.483740001,2657073.501560001,97.86221068922802,48.8923424388067,51.1076575611933,0.9564167615000704,0.9566539491712351,-232863.24177000113,-2.215315122386595,44861051.0,4723388.20844379,4234485.0,10.422945911795745,738328.3495037896,18.527409264566984,1.3952,-0.03849999999999998,-2.685359559182533,58.25,41.75,1.0154,0.039200000000000124,4.015570579799235,50.38,49.62,1.3736,-0.020499999999999963,-1.4704827487267746,57.87,42.13,-0.3797999999999999,-0.021600000000000064,0.35819999999999985,1782979200000,2026-07-02 08:00:00 UTC,-0.01162589,0.09697
FINAL_REAL_MARK_PREMIUM_CLOSED_GUARD_2026_06_13,1782982800000,2026-07-02 09:00:00 UTC,BREVUSDT,1782982800000,2026-07-02 09:00:00 UTC,1782983699999,2026-07-02 09:14:59 UTC,True,0.10628,0.10786,0.0995,0.10482,-0.0014900000000000052,-1.401561471169227,72.42228078099808,0.10672919,0.10842901,0.1,0.10527107,-0.0014530400000000027,-1.361491794122249,1782983699999,2026-07-02 09:14:59 UTC,-0.00045106999999999786,-0.4284842929781163,-0.0769859,-0.03403887,-0.09556208,-0.06467469,0.01186899999999999,-15.506176929803084,1782983699999,2026-07-02 09:14:59 UTC,90153,-29658.0,-24.753987530360316,69562573.0,-28354466.0,-28.95764239766278,7191130.04783,-3320387.6778800013,-31.588089983986833,binance_kline_quote_asset_volume,771.6057480061673,79.76584304271627,0.008359999999999992,7.866014301844178,-0.001460000000000003,-1.3737297704177671,0.001460000000000003,1.3737297704177671,0.001579999999999998,18.899521531100472,0.005319999999999991,63.63636363636359,0.6363636363636359,34155886.0,35406687.0,49.10095260564902,50.89904739435098,3532170.93223,-1607156.30974,-31.271725540558243,3658959.1155999997,-1713231.3681400013,-31.890741278170154,49.118440477875524,50.881559522124476,0.9646733115696479,0.9653485651617594,-126788.18336999975,-1.7631190442489557,52214503.0,5572546.36176733,7353452.0,16.391617753226512,849158.1533235405,17.9777336913688,1.4027,0.007500000000000062,0.5375573394495458,58.379999999999995,41.620000000000005,1.0195,0.0040999999999999925,0.40378176088241013,50.480000000000004,49.519999999999996,1.4149,0.041300000000000114,3.006697728596398,58.589999999999996,41.410000000000004,-0.3832,0.012199999999999989,0.3954,1782979200000,2026-07-02 08:00:00 UTC,-0.01162589,0.09697
FINAL_REAL_MARK_PREMIUM_CLOSED_GUARD_2026_06_13,1782983700000,2026-07-02 09:15:00 UTC,BREVUSDT,1782983700000,2026-07-02 09:15:00 UTC,1782984599999,2026-07-02 09:29:59 UTC,True,0.10485,0.1055,0.10143,0.1027,-0.002119999999999997,-2.022514787254338,68.63115524069282,0.10527107,0.10572701,0.10168802,0.10284408,-0.00242698999999999,-2.305467209557184,1782984599999,2026-07-02 09:29:59 UTC,-0.00014408000000000476,-0.14009556991516164,-0.06658907,-0.04734629,-0.0942363,-0.05847367,0.0062010200000000085,-9.58801657959243,1782984599999,2026-07-02 09:29:59 UTC,63145,-27008.0,-29.95796035628321,43342384.0,-26220189.0,-37.692954514491575,4503479.5899,-2687650.4579299996,-37.37452166841325,binance_kline_quote_asset_volume,686.3945522210785,71.3196546028981,0.00406999999999999,3.881735813066276,-0.002149999999999999,-2.0505484024797322,0.002149999999999999,2.0505484024797322,0.0006499999999999978,15.970515970515956,0.0012699999999999934,31.203931203931116,0.3120393120393112,21716008.0,21626376.0,50.10339994219054,49.896600057809465,2257070.58755,-1275100.34468,-36.09962170984116,2246409.00235,-1412550.1132499995,-38.60524451414561,50.11837052868976,49.88162947131025,1.0041445686507995,1.004746057013147,10661.585199999623,0.23674105737950873,52033876.0,5477661.80276732,-180627.0,-0.3459326233556221,-94884.5590000106,-1.7027145731977007,1.3629,-0.03980000000000006,-2.8373850431311083,57.68,42.32,0.9954,-0.02410000000000012,-2.3639038744482708,49.89,50.11,1.3798,-0.03510000000000013,-2.4807406883878813,57.98,42.02,-0.36750000000000005,0.016899999999999915,0.38439999999999996,1782979200000,2026-07-02 08:00:00 UTC,-0.01162589,0.09697
FINAL_REAL_MARK_PREMIUM_CLOSED_GUARD_2026_06_13,1782984600000,2026-07-02 09:30:00 UTC,BREVUSDT,1782984600000,2026-07-02 09:30:00 UTC,1782985499999,2026-07-02 09:44:59 UTC,True,0.10271,0.10784,0.09665,0.10049,-0.0022100000000000036,-2.1518987341772187,64.82174469034499,0.10279134,0.1075,0.09780577,0.10057,-0.0022740799999999978,-2.2111919324865346,1782985499999,2026-07-02 09:44:59 UTC,-8.000000000001062e-05,-0.07954658446853995,-0.06022953,-0.02163943,-0.0700908,-0.02191948,0.03655419,-62.513931484033755,1782985499999,2026-07-02 09:44:59 UTC,74642,11497.0,18.207300657217516,70274597.0,26932213.0,62.138282471956316,7118979.83217,2615500.2422700003,58.0773197714898,binance_kline_quote_asset_volume,941.4886658985557,95.37498770357172,0.011190000000000005,10.894752214974204,-0.0022199999999999998,-2.16142537240775,0.0022199999999999998,2.16142537240775,0.0051300000000000096,45.84450402144778,0.003839999999999996,34.316353887399416,0.34316353887399415,34062218.0,36212379.0,48.470171945632075,51.52982805436792,3455594.59762,1198524.0100700003,53.10086519584536,3663385.23455,1416976.2322,63.07739288427358,48.54058698136063,51.45941301863937,0.9406235917281215,0.9432790646830446,-207790.63693000004,-2.9188260372787362,54069998.0,5560779.19991184,2036122.0,3.9130700161563974,83117.39714452066,1.5173882604897162,1.3343,-0.02859999999999996,-2.0984665052461633,57.16,42.84,0.9831,-0.012299999999999978,-1.23568414707655,49.57,50.43,1.3041,-0.07569999999999988,-5.486302362661247,56.599999999999994,43.4,-0.35120000000000007,-0.030200000000000005,0.32100000000000006,1782979200000,2026-07-02 08:00:00 UTC,-0.01162589,0.09697
FINAL_REAL_MARK_PREMIUM_CLOSED_GUARD_2026_06_13,1782985500000,2026-07-02 09:45:00 UTC,BREVUSDT,1782985500000,2026-07-02 09:45:00 UTC,1782986399999,2026-07-02 09:59:59 UTC,True,0.10052,0.1056,0.09942,0.10123,0.0007400000000000045,0.7363916807642596,65.51202937897764,0.1006714,0.10522299,0.09953,0.10171084,0.0011408399999999902,1.1343740678134535,1782986399999,2026-07-02 09:59:59 UTC,-0.00048083999999999627,-0.47275197019314386,-0.02418764,-0.0179577,-0.0338138,-0.02922671,-0.007307229999999998,33.336694118656084,1782986399999,2026-07-02 09:59:59 UTC,45556,-29086.0,-38.96733742397041,42671737.0,-27602860.0,-39.278574589335605,4349345.55714,-2769634.27503,-38.90493217180197,binance_kline_quote_asset_volume,936.6875274387567,95.47250762007201,0.006180000000000005,6.148030242737769,0.0007100000000000023,0.7063270990847615,0.0007100000000000023,0.7063270990847615,0.004369999999999999,70.71197411003229,0.0011000000000000038,17.79935275080911,0.2928802588996771,21892723.0,20779014.0,51.30497265672592,48.69502734327407,2232869.19256,-1222725.4050600003,-35.38393670085426,2116476.3645800003,-1546908.8699699999,-42.226213486390755,51.338049902575875,48.661950097424125,1.0535977789898983,1.0549936819176797,116392.8279799996,2.6760998051517446,51321281.0,5161381.23017,-2748717.0,-5.0836269681385975,-399397.9697418399,-7.182410151227941,1.3844,0.05010000000000003,3.7547777861050764,58.06,41.94,1.0003,0.017199999999999993,1.749567694029091,50.01,49.99,1.3036,-0.0004999999999999449,-0.03834061805075875,56.589999999999996,43.41,-0.3841000000000001,-0.08079999999999998,0.3033000000000001,1782979200000,2026-07-02 08:00:00 UTC,-0.01162589,0.09697
FINAL_REAL_MARK_PREMIUM_CLOSED_GUARD_2026_06_13,1782986400000,2026-07-02 10:00:00 UTC,BREVUSDT,1782986400000,2026-07-02 10:00:00 UTC,1782987299999,2026-07-02 10:14:59 UTC,True,0.10126,0.10374,0.0976,0.10173,0.0005000000000000004,0.49392472587177755,65.99752734170109,0.10170777,0.10347,0.0979,0.10185736,0.0001465199999999972,0.14405544187816874,1782987299999,2026-07-02 10:14:59 UTC,-0.00012735999999999303,-0.12503760160286212,-0.03047137,-0.0082281,-0.03047137,-0.01903405,0.01019266,-34.874469278273196,1782987299999,2026-07-02 10:14:59 UTC,60634,15078.0,33.097725875845114,52500408.0,9828671.0,23.033210483088606,5291380.43289,942034.8757499997,21.659232713839682,binance_kline_quote_asset_volume,865.857571659465,87.26754680360854,0.006139999999999993,6.063598656922766,0.0004699999999999982,0.4641516887220997,0.0004699999999999982,0.4641516887220997,0.002009999999999998,32.736156351791536,0.0036599999999999966,59.609120521172656,0.6726384364820847,27258358.0,25242050.0,51.92027841002683,48.07972158997317,2750028.26866,517159.0761000002,23.16118999819572,2541352.1642299998,424875.7996499995,20.074677268333826,51.97184937916123,48.02815062083877,1.0798789321786464,1.0821122343322405,208676.1044300003,3.943698758322456,51110166.0,5198457.91639944,-211115.0,-0.4113595683630734,37076.68622943945,0.7183481431813991,1.4073,0.02289999999999992,1.6541462005200749,58.46,41.54,0.9786,-0.02169999999999994,-2.169349195241422,49.46,50.54,1.354,0.0504,3.8662166308683648,57.52,42.480000000000004,-0.42869999999999997,-0.0532999999999999,0.37540000000000007,1782979200000,2026-07-02 08:00:00 UTC,-0.01162589,0.09697
FINAL_REAL_MARK_PREMIUM_CLOSED_GUARD_2026_06_13,1782987300000,2026-07-02 10:15:00 UTC,BREVUSDT,1782987300000,2026-07-02 10:15:00 UTC,1782988199999,2026-07-02 10:29:59 UTC,True,0.10174,0.10215,0.09865,0.10044,-0.0012899999999999995,-1.2680625184311407,63.51331375022866,0.10186197,0.10209,0.09884853,0.10028,-0.0015773599999999999,-1.548596979148095,1782988199999,2026-07-02 10:29:59 UTC,0.00016000000000000736,0.15955325089749436,-0.01892789,-0.00809216,-0.02170015,-0.00886294,0.01017111,-53.43639425135481,1782988199999,2026-07-02 10:29:59 UTC,32930,-27704.0,-45.69053666259854,27450939.0,-25049469.0,-47.71290348829289,2752193.54374,-2539186.8891499997,-47.98722982318564,binance_kline_quote_asset_volume,833.614910416034,83.57708909019132,0.003500000000000003,3.4401415372518214,-0.0012999999999999956,-1.2777668566935283,0.0012999999999999956,1.2777668566935283,0.0004100000000000076,11.71428571428592,0.00179,51.14285714285709,0.5114285714285709,13806871.0,13644068.0,50.29653448284592,49.70346551715408,1385021.75809,-1365006.5105700002,-49.636090149543215,1367171.7856500002,-1174180.3785799996,-46.20297789132907,50.32428628576287,49.67571371423713,1.0119321451637444,1.0130561299080008,17849.972439999692,0.6485725715257321,51965176.0,5290878.04518784,855010.0,1.6728765858439982,92420.12878840044,1.7778373947559538,1.3602,-0.04709999999999992,-3.346834363675117,57.63,42.370000000000005,1.0842,0.10560000000000003,10.790925812385042,52.019999999999996,47.980000000000004,1.2836,-0.07040000000000002,-5.199409158050223,56.21000000000001,43.79,-0.276,-0.0766,0.19940000000000002,1782979200000,2026-07-02 08:00:00 UTC,-0.01162589,0.09697
FINAL_REAL_MARK_PREMIUM_CLOSED_GUARD_2026_06_13,1782988200000,2026-07-02 10:30:00 UTC,BREVUSDT,1782988200000,2026-07-02 10:30:00 UTC,1782989099999,2026-07-02 10:44:59 UTC,True,0.10043,0.10144,0.09569,0.09993,-0.0005099999999999966,-0.507765830346472,62.5115014756271,0.10034,0.10121,0.09769372,0.10020669,-7.33099999999931e-05,-0.07310530514558547,1782989099999,2026-07-02 10:44:59 UTC,-0.0002766899999999961,-0.27611928904147626,-0.00736997,-0.00573785,-0.01899163,-0.01060806,-0.001745120000000001,19.690080266818924,1782989099999,2026-07-02 10:44:59 UTC,48270,15340.0,46.58366231399939,43586776.0,16135837.0,58.780637704232994,4320991.09331,1568797.5495700003,57.00171607255993,binance_kline_quote_asset_volume,902.978578827429,89.51711401097991,0.005750000000000005,5.725380862292149,-0.0005000000000000004,-0.49785920541670853,0.0005000000000000004,0.49785920541670853,0.001009999999999997,17.56521739130428,0.004240000000000008,73.73913043478268,0.7373913043478267,21719753.0,21867023.0,49.831061145701625,50.168938854298375,2155328.96774,770307.2096500003,55.61697533996034,2165662.12557,798490.3399199999,58.40453616005325,49.88043069741571,50.11956930258429,0.9932652012118888,0.9952286380650074,-10333.157829999924,-0.23913860516857569,51297019.0,5152272.58836,-668157.0,-1.285778383585192,-138605.45682783984,-2.6197061365628014,1.3513,-0.00890000000000013,-0.6543155418320931,57.47,42.53,1.0856,0.0013999999999998458,0.12912746725694943,52.05,47.949999999999996,1.2543,-0.029300000000000104,-2.2826425677781317,55.64,44.36,-0.26570000000000005,-0.09699999999999998,0.16870000000000007,1782979200000,2026-07-02 08:00:00 UTC,-0.01162589,0.09697
FINAL_REAL_MARK_PREMIUM_CLOSED_GUARD_2026_06_13,1782989100000,2026-07-02 10:45:00 UTC,BREVUSDT,1782989100000,2026-07-02 10:45:00 UTC,1782989999999,2026-07-02 10:59:59 UTC,True,0.09989,0.10249,0.09945,0.09968,-0.0002500000000000002,-0.25017512258581026,61.99528159126604,0.10018592,0.10214,0.09954966,0.09982,-0.0003866899999999951,-0.385892399000501,1782989999999,2026-07-02 10:59:59 UTC,-0.00014000000000000123,-0.14025245441795356,-0.01304994,-0.01006951,-0.02245482,-0.01353878,-0.0029307199999999995,27.62729471741298,1782989999999,2026-07-02 10:59:59 UTC,32084,-16186.0,-33.53221462606174,23823612.0,-19763164.0,-45.34211018497904,2402794.80139,-1918196.2919200002,-44.392507424740096,binance_kline_quote_asset_volume,742.5387108839296,74.89074932645556,0.003040000000000001,3.0433476824506966,-0.00021000000000000185,-0.21023125437981965,0.00021000000000000185,0.21023125437981965,0.002599999999999991,85.52631578947336,0.00023000000000000798,7.56578947368447,0.0756578947368447,13011169.0,10812443.0,54.61459412619716,45.385405873802846,1312758.2377,-842570.7300400003,-39.09244215853923,1090036.5636900002,-1075625.56188,-49.66728416127684,54.63463783676319,45.36536216323681,1.2033514535059282,1.204324957005149,222721.67400999973,9.269275673526378,49716507.0,4981926.60483183,-1580512.0,-3.0810991180598624,-170345.98352817073,-3.3062300296963305,1.2978,-0.05349999999999988,-3.9591504477170045,56.48,43.519999999999996,1.0808,-0.0047999999999999154,-0.4421518054531979,51.94,48.06,1.2143,-0.040000000000000036,-3.189029737702307,54.84,45.16,-0.21700000000000008,-0.08350000000000013,0.13349999999999995,1782979200000,2026-07-02 08:00:00 UTC,-0.01162589,0.09697
FINAL_REAL_MARK_PREMIUM_CLOSED_GUARD_2026_06_13,1782990000000,2026-07-02 11:00:00 UTC,BREVUSDT,1782990000000,2026-07-02 11:00:00 UTC,1782990899999,2026-07-02 11:14:59 UTC,True,0.09972,0.10404,0.09784,0.10294,0.003259999999999999,3.270465489566612,65.94460741227354,0.09971,0.10392519,0.09802,0.103,0.0031799999999999884,3.1857343217791905,1782990899999,2026-07-02 11:14:59 UTC,-5.9999999999990616e-05,-0.05825242718445692,-0.01301521,-0.00448739,-0.02258672,-0.01970467,-0.00616589,45.542434399554466,1782990899999,2026-07-02 11:14:59 UTC,44523,12439.0,38.770103478369286,38584899.0,14761287.0,61.96074298053544,3919714.15632,1516919.35493,63.13145650442029,binance_kline_quote_asset_volume,866.628461693956,88.03796142038946,0.006199999999999997,6.217408744484554,0.0032200000000000006,3.2290413156839155,0.0032200000000000006,3.2290413156839155,0.0010999999999999899,17.74193548387081,0.0018800000000000067,30.322580645161413,0.8225806451612919,20543270.0,18041629.0,53.24173584074951,46.75826415925049,2087426.24612,774668.0084200001,59.01071394358542,1832287.9102,742251.3465099998,68.09416961182704,53.2545528289177,46.745447171082304,1.1386593749378173,1.1392457672725411,255138.33591999998,6.509105657835393,50346621.0,5025599.70822,630114.0,1.267414060283841,43673.10338817071,0.8766308067608505,1.3041,0.006299999999999972,0.4854368932038814,56.599999999999994,43.4,1.0853,0.0044999999999999485,0.41635825314581315,52.05,47.949999999999996,1.2153,0.001000000000000112,0.08235197232974652,54.86,45.14,-0.2188000000000001,-0.08879999999999999,0.13000000000000012,1782979200000,2026-07-02 08:00:00 UTC,-0.01162589,0.09697
FINAL_REAL_MARK_PREMIUM_CLOSED_GUARD_2026_06_13,1782990900000,2026-07-02 11:15:00 UTC,BREVUSDT,1782990900000,2026-07-02 11:15:00 UTC,1782991799999,2026-07-02 11:29:59 UTC,True,0.10294,0.11128,0.10228,0.10284,-0.00010000000000000286,-0.09714396735962975,65.71900511938229,0.103,0.1109258,0.10260562,0.10289,-0.00010999999999999899,-0.10679611650485339,1782991799999,2026-07-02 11:29:59 UTC,-4.999999999999449e-05,-0.04859558752064778,-0.02010299,-0.00206831,-0.02807523,-0.00332385,0.01638082,-83.13166371220629,1782991799999,2026-07-02 11:29:59 UTC,95946,51423.0,115.49760797789905,80889475.0,42304576.0,109.64024034376764,8634277.65214,4714563.495820001,120.27824754053597,binance_kline_quote_asset_volume,843.0729264377879,89.99101215412837,0.009000000000000008,8.742957062366434,-0.00010000000000000286,-0.09714396735962975,0.00010000000000000286,0.09714396735962975,0.00834,92.66666666666659,0.0005600000000000049,6.222222222222271,0.06222222222222271,40012658.0,40876817.0,49.46583965342833,50.53416034657167,4274164.77657,2186738.5304499995,104.75764279167208,4360112.875570001,2527824.9653700013,137.96003080618925,49.502285527158726,50.497714472841274,0.9788594351659035,0.9802876435879506,-85948.09900000133,-0.9954289456825509,51981922.0,5354137.966,1635301.0,3.248084911199899,328538.25777999964,6.537294588795721,1.3337,0.02960000000000007,2.269764588605174,57.15,42.85,1.0971,0.011800000000000033,1.0872569796369698,52.31,47.69,1.2553,0.040000000000000036,3.291368386406651,55.66,44.34,-0.23660000000000014,-0.07840000000000003,0.15820000000000012,1782979200000,2026-07-02 08:00:00 UTC,-0.01162589,0.09697
FINAL_REAL_MARK_PREMIUM_CLOSED_GUARD_2026_06_13,1782991800000,2026-07-02 11:30:00 UTC,BREVUSDT,1782991800000,2026-07-02 11:30:00 UTC,1782992699999,2026-07-02 11:44:59 UTC,True,0.10283,0.10405,0.09686,0.10069,-0.002149999999999999,-2.090626215480357,60.89539891373004,0.10289,0.10403399,0.09806191,0.10053,-0.002360000000000001,-2.2937117309748287,1782992699999,2026-07-02 11:44:59 UTC,0.00016000000000000736,0.15915647070526945,-0.00504676,0.00183444,-0.01730323,-0.00871881,-0.005394960000000001,162.31057358184034,1782992699999,2026-07-02 11:44:59 UTC,65410,-30536.0,-31.826235590853187,65275890.0,-15613585.0,-19.30236906593843,6561101.8058,-2073175.8463400006,-24.010993505938107,binance_kline_quote_asset_volume,997.9497018804465,100.30732007032564,0.007190000000000002,6.992122921326463,-0.002140000000000003,-2.0811047359719956,0.002140000000000003,2.0811047359719956,0.0012199999999999989,16.968011126564654,0.00383,53.268428372739905,0.5326842837273991,31111269.0,34164621.0,47.66119466161243,52.33880533838757,3130778.5886,-1143386.1879699999,-26.751102209203143,3430323.2172000003,-929789.6583700008,-21.324898802039584,47.717268856160686,52.282731143839314,0.9106282490298956,0.9126774331065796,-299544.6286000004,-4.565462287678628,54110030.0,5567380.9867,2128108.0,4.093938658135803,213243.02070000023,3.9827703741319733,1.3213,-0.012400000000000189,-0.9297443203119282,56.92,43.08,1.0684,-0.028699999999999948,-2.6159876036824308,51.65,48.35,1.2609,0.005599999999999827,0.4461084999601551,55.769999999999996,44.230000000000004,-0.2528999999999999,-0.06040000000000001,0.1924999999999999,1782979200000,2026-07-02 08:00:00 UTC,-0.01162589,0.09697
FINAL_REAL_MARK_PREMIUM_CLOSED_GUARD_2026_06_13,1782992700000,2026-07-02 11:45:00 UTC,BREVUSDT,1782992700000,2026-07-02 11:45:00 UTC,1782993599999,2026-07-02 11:59:59 UTC,True,0.10065,0.10258,0.09053,0.09271,-0.007980000000000001,-7.925315324262589,47.08238537474354,0.10062,0.10171,0.0922422,0.09265,-0.007879999999999998,-7.838456182234157,1782993599999,2026-07-02 11:59:59 UTC,6.0000000000004494e-05,0.06475984889369077,-0.00828011,0.0,-0.02215314,-0.01488049,-0.006161679999999999,70.6711122274714,1782993599999,2026-07-02 11:59:59 UTC,85318,19908.0,30.435713193701268,75725866.0,10449976.0,16.00893683716913,7258474.49192,697372.6861199997,10.628895980603803,binance_kline_quote_asset_volume,887.5719777772568,85.07553496237605,0.012050000000000005,11.972180824639846,-0.007940000000000003,-7.888723298559366,0.007940000000000003,7.888723298559366,0.0019300000000000012,16.016597510373444,0.0021800000000000014,18.091286307053945,0.18091286307053944,34354256.0,41371610.0,45.36660696623793,54.63339303376207,3301633.50309,170854.91448999988,5.457265969306428,3956840.98883,526517.7716299999,15.348925984291641,45.48660337327516,54.51339662672484,0.8303823805745051,0.8344114692529662,-655207.4857400004,-9.026793253449679,53375979.0,5365887.16887,-734051.0,-1.3565895269324375,-201493.81783000007,-3.619185004786841,1.3452,0.023900000000000032,1.8088246423976413,57.36,42.64,1.0174,-0.050999999999999934,-4.773493073755142,50.43,49.57,1.2665,0.005600000000000049,0.4441272107225037,55.879999999999995,44.12,-0.32779999999999987,-0.07869999999999999,0.24909999999999988,1782979200000,2026-07-02 08:00:00 UTC,-0.01162589,0.09697
FINAL_REAL_MARK_PREMIUM_CLOSED_GUARD_2026_06_13,1782993600000,2026-07-02 12:00:00 UTC,BREVUSDT,1782993600000,2026-07-02 12:00:00 UTC,1782994499999,2026-07-02 12:14:59 UTC,True,0.0927,0.095,0.09148,0.09392,0.0012100000000000027,1.3051450760435797,48.972446571814615,0.09289,0.09496785,0.09225,0.09404,0.0013900000000000023,1.5002698327037263,1782994499999,2026-07-02 12:14:59 UTC,-0.00011999999999999511,-0.12760527435133465,-0.01427243,-0.01400982,-0.029454,-0.02850526,-0.013624770000000001,91.56129939269474,1782994499999,2026-07-02 12:14:59 UTC,50719,-34599.0,-40.5529899903889,39945424.0,-35780442.0,-47.24996079939185,3731064.64756,-3527409.84436,-48.597123931297794,binance_kline_quote_asset_volume,787.5830359431377,73.56345053254205,0.0035199999999999954,3.7971952535059277,0.0012199999999999989,1.316073354908305,0.0012199999999999989,1.316073354908305,0.0010799999999999976,30.681818181818155,0.0012199999999999989,34.65909090909092,0.6931818181818185,20435412.0,19510012.0,51.15833042603328,48.841669573966726,1909569.5421,-1392063.9609899998,-42.16288572572234,1821495.10546,-2135345.88337,-53.965926085935564,51.18028558815777,48.819714411842234,1.0474320569356903,1.0483528264094664,88074.43663999997,2.36057117631553,46886916.0,4344072.7674,-6489063.0,-12.157272094250485,-1021814.4014699999,-19.04278583042184,1.4691,0.12390000000000012,9.210526315789483,59.5,40.5,0.949,-0.06840000000000013,-6.723019461372138,48.69,51.31,1.3196,0.05310000000000015,4.192656928543241,56.88999999999999,43.11,-0.5201000000000001,-0.14949999999999997,0.37060000000000015,1782979200000,2026-07-02 08:00:00 UTC,-0.01162589,0.09697
FINAL_REAL_MARK_PREMIUM_CLOSED_GUARD_2026_06_13,1782994500000,2026-07-02 12:15:00 UTC,BREVUSDT,1782994500000,2026-07-02 12:15:00 UTC,1782995399999,2026-07-02 12:29:59 UTC,True,0.09387,0.09676,0.09211,0.0933,-0.0006200000000000094,-0.6601362862010322,48.02589971182425,0.09396,0.09678891,0.09255,0.09335,-0.0006899999999999962,-0.7337303275202001,1782995399999,2026-07-02 12:29:59 UTC,-5.000000000000837e-05,-0.053561863952874524,-0.02935861,-0.02112945,-0.03743481,-0.02563747,0.002867790000000002,-10.060564260771528,1782995399999,2026-07-02 12:29:59 UTC,41404,-9315.0,-18.365898381277233,31975383.0,-7970041.0,-19.952325452847866,3034459.27489,-696605.37267,-18.67041819083886,binance_kline_quote_asset_volume,772.2776301806589,73.28903668461984,0.004650000000000001,4.953659316075425,-0.0005700000000000011,-0.6072227548737628,0.0005700000000000011,0.6072227548737628,0.0028900000000000037,62.150537634408664,0.0011899999999999966,25.591397849462282,0.25591397849462283,16031359.0,15944024.0,50.136565995159465,49.863434004840535,1523132.39275,-386437.14934999985,-20.236872280913403,1511326.88214,-310168.2233200001,-17.028221618068542,50.19452412341946,49.805475876580545,1.0054776008867021,1.0078113548759775,11805.51061000023,0.3890482468389095,46431034.0,4366374.43736,-455882.0,-0.972301099948651,22301.66995999962,0.5133815926694879,1.4938,0.024699999999999944,1.681301477094816,59.9,40.1,0.9619,0.012900000000000023,1.3593256059009509,49.03,50.970000000000006,1.3392,0.01959999999999984,1.485298575325844,57.25,42.75,-0.5319,-0.15460000000000007,0.37729999999999997,1782993600005,2026-07-02 12:00:00 UTC,-0.01090226,0.09289
FINAL_REAL_MARK_PREMIUM_CLOSED_GUARD_2026_06_13,1782995400000,2026-07-02 12:30:00 UTC,BREVUSDT,1782995400000,2026-07-02 12:30:00 UTC,1782996299999,2026-07-02 12:44:59 UTC,True,0.0934,0.09368,0.09028,0.09208,-0.0012199999999999989,-1.307609860664522,46.13623274238213,0.09338,0.09362,0.09086142,0.09229409,-0.0010559100000000071,-1.131130155329413,1782996299999,2026-07-02 12:44:59 UTC,-0.0002140900000000001,-0.23196501531138142,-0.02346916,-0.0162005,-0.02626585,-0.01901546,0.006622009999999998,-25.829420765777584,1782996299999,2026-07-02 12:44:59 UTC,38392,-3012.0,-7.274659453192927,36331941.0,4356558.0,13.624724995475427,3344307.0604,309847.78550999984,10.210971953849404,binance_kline_quote_asset_volume,946.34145134403,87.10947750573035,0.0034000000000000002,3.6402569593147756,-0.0013200000000000017,-1.413276231263385,0.0013200000000000017,1.413276231263385,0.00028000000000000247,8.23529411764713,0.001799999999999996,52.94117647058811,0.5294117647058811,16441339.0,19890602.0,45.253125892723425,54.74687410727657,1513954.75063,-9177.642120000208,-0.6025505178463225,1830352.30977,319025.42763000005,21.1089626870309,45.26960961679522,54.73039038320478,0.8265883053715518,0.8271384380749309,-316397.55914,-9.460780766409558,45706041.0,4266658.92735,-724993.0,-1.5614405658077741,-99715.51001000032,-2.283714130350451,1.4612,-0.03259999999999996,-2.1823537287454786,59.37,40.63,0.984,0.02210000000000001,2.2975361264164684,49.6,50.4,1.3348,-0.0043999999999999595,-0.3285543608124223,57.17,42.83,-0.47720000000000007,-0.12640000000000007,0.3508,1782993600005,2026-07-02 12:00:00 UTC,-0.01090226,0.09289
FINAL_REAL_MARK_PREMIUM_CLOSED_GUARD_2026_06_13,1782996300000,2026-07-02 12:45:00 UTC,BREVUSDT,1782996300000,2026-07-02 12:45:00 UTC,1782997199999,2026-07-02 12:59:59 UTC,True,0.09207,0.09428,0.09102,0.09317,0.0010900000000000076,1.1837532580364982,48.10103919065391,0.09218874,0.09358974,0.09119,0.09298,0.0006859099999999979,0.7431786802383532,1782997199999,2026-07-02 12:59:59 UTC,0.0001900000000000096,0.2043450204345124,-0.01983472,-0.01064203,-0.02378486,-0.01794358,0.0010718800000000007,-5.636887038231001,1782997199999,2026-07-02 12:59:59 UTC,22797,-15595.0,-40.62044175869973,18398053.0,-17933888.0,-49.36121634679523,1699920.6008,-1644386.4596,-49.1697212576922,binance_kline_quote_asset_volume,807.0383383778567,74.56773263148659,0.003259999999999999,3.5407841859454754,0.0011000000000000038,1.1947431302270053,0.0011000000000000038,1.1947431302270053,0.0011099999999999999,34.04907975460124,0.0010499999999999954,32.208588957055085,0.6595092024539877,9693389.0,8704664.0,52.687037046800555,47.31296295319945,896564.96877,-617389.7818599999,-40.77993623013411,803355.6320299999,-1026996.6777400001,-56.109234941171046,52.741579127170255,47.25842087282974,1.1135856593660594,1.1160249994195839,93209.33674000017,5.4831582543405215,43047602.0,3968504.18840148,-2658439.0,-5.816384315587517,-298154.73894851934,-6.988014369681567,1.4522,-0.009000000000000119,-0.6159321105940405,59.21999999999999,40.78,0.9971,0.0131,1.33130081300813,49.93,50.07,1.2946,-0.040200000000000014,-3.0116871441414452,56.42,43.580000000000005,-0.45509999999999995,-0.15759999999999996,0.2975,1782993600005,2026-07-02 12:00:00 UTC,-0.01090226,0.09289
FINAL_REAL_MARK_PREMIUM_CLOSED_GUARD_2026_06_13,1782997200000,2026-07-02 13:00:00 UTC,BREVUSDT,1782997200000,2026-07-02 13:00:00 UTC,1782998099999,2026-07-02 13:14:59 UTC,True,0.09314,0.09794,0.09255,0.09433,0.0011599999999999944,1.2450359557797515,50.183663856533165,0.093,0.0972383,0.09266,0.0944351,0.0014551000000000008,1.5649602064960217,1782998099999,2026-07-02 13:14:59 UTC,-0.00010509999999999686,-0.11129336443758397,-0.01732355,-0.01483421,-0.04736541,-0.02123441,-0.003290829999999998,18.33987420570476,1782998099999,2026-07-02 13:14:59 UTC,41436,18639.0,81.76075799447295,40915481.0,22517428.0,122.390276840707,3876479.0956,2176558.4948000005,128.03883274169922,binance_kline_quote_asset_volume,987.4380007722754,93.55340997200503,0.005390000000000006,5.786987330899727,0.0011899999999999966,1.2776465535752595,0.0011899999999999966,1.2776465535752595,0.003610000000000002,66.97588126159552,0.0005900000000000072,10.946196660482496,0.3302411873840449,21326066.0,19589415.0,52.122241945536466,47.87775805446354,2021048.46302,1124483.49425,125.4213061427865,1855430.6325800002,1052075.0005500005,130.96005786273153,52.13618887598265,47.86381112401735,1.0886525197408907,1.0892611275958648,165617.8304399997,4.272377751965291,42392569.0,3941661.06562,-655033.0,-1.5216480583517753,-26843.122781480197,-0.6764040431136007,1.4137,-0.03849999999999998,-2.651149979341687,58.57,41.43,0.981,-0.016100000000000003,-1.6146825794804938,49.519999999999996,50.480000000000004,1.2936,-0.0009999999999998899,-0.07724393635098795,56.39999999999999,43.6,-0.4327,-0.12009999999999987,0.3126000000000001,1782993600005,2026-07-02 12:00:00 UTC,-0.01090226,0.09289
FINAL_REAL_MARK_PREMIUM_CLOSED_GUARD_2026_06_13,1782998100000,2026-07-02 13:15:00 UTC,BREVUSDT,1782998100000,2026-07-02 13:15:00 UTC,1782998999999,2026-07-02 13:29:59 UTC,True,0.09434,0.09455,0.0908,0.09188,-0.002449999999999994,-2.597264921021938,45.986326799323315,0.09442972,0.09449664,0.09155159,0.09191,-0.0025250999999999885,-2.6738998529148468,1782998999999,2026-07-02 13:29:59 UTC,-3.0000000000002247e-05,-0.032640626700035084,-0.02135343,-0.01375034,-0.02276688,-0.01530546,0.005928949999999999,-27.9214256482756,1782998999999,2026-07-02 13:29:59 UTC,27205,-14231.0,-34.34453132541751,18667373.0,-22248108.0,-54.375770383831004,1726145.7809,-2150333.3147,-55.47129912658983,binance_kline_quote_asset_volume,686.1743429516633,63.44957841940819,0.0037499999999999895,3.9749841000635886,-0.00245999999999999,-2.607589569641711,0.00245999999999999,2.607589569641711,0.00021000000000000185,5.600000000000065,0.0010799999999999976,28.80000000000002,0.2880000000000002,9008269.0,9659104.0,48.25675792732057,51.74324207267943,833701.52271,-1187346.94031,-58.7490583246964,892444.2581899998,-962986.3743900004,-51.900963446472545,48.29844222515865,51.701557774841355,0.9326195266144769,0.9341776980008385,-58742.7354799998,-3.4031155496827017,43789290.0,4135245.980079,1396721.0,3.2947307345303845,193584.91445899988,4.911252165932996,1.4975,0.0838000000000001,5.927707434392028,59.96,40.04,1.0158,0.03480000000000005,3.5474006116208003,50.39,49.61,1.3923,0.09870000000000001,7.629870129870129,58.199999999999996,41.8,-0.4817,-0.10519999999999996,0.37650000000000006,1782993600005,2026-07-02 12:00:00 UTC,-0.01090226,0.09289
FINAL_REAL_MARK_PREMIUM_CLOSED_GUARD_2026_06_13,1782999000000,2026-07-02 13:30:00 UTC,BREVUSDT,1782999000000,2026-07-02 13:30:00 UTC,1782999899999,2026-07-02 13:44:59 UTC,True,0.09186,0.09368,0.0908,0.09279,0.0009099999999999941,0.9904222899433981,47.73489781499977,0.09185,0.09355,0.09129773,0.09289551,0.000985509999999995,1.0722554673049667,1782999899999,2026-07-02 13:44:59 UTC,-0.0001055100000000031,-0.11357922465790123,-0.01461948,-0.00839246,-0.01903278,-0.01695476,-0.0016492999999999994,10.77589304731775,1782999899999,2026-07-02 13:44:59 UTC,21902,-5303.0,-19.492740305090976,15234522.0,-3432851.0,-18.389577365813604,1405978.83595,-320166.9449499999,-18.548082583330082,binance_kline_quote_asset_volume,695.5767509816455,64.19408437357319,0.0028799999999999937,3.1352057478771975,0.0009300000000000003,1.012410189418681,0.0009300000000000003,1.012410189418681,0.0008900000000000019,30.902777777777914,0.0010599999999999915,36.805555555555344,0.6909722222222209,8015718.0,7218804.0,52.615487377943325,47.38451262205667,740271.58792,-93429.93479000009,-11.20664077550202,665707.24803,-226737.01015999983,-25.40629379137402,52.65168784847383,47.348312151526166,1.1103941871811451,1.112007703251925,74564.33988999994,5.303375696947662,42428483.0,3899601.87253,-1360807.0,-3.107625175014256,-235644.10754900007,-5.698430242945266,1.524,0.026499999999999968,1.7696160267111831,60.38,39.62,1.0429,0.027099999999999902,2.6678480015751034,51.05,48.949999999999996,1.3776,-0.014700000000000157,-1.0558069381598905,57.940000000000005,42.059999999999995,-0.4811000000000001,-0.14640000000000009,0.3347,1782993600005,2026-07-02 12:00:00 UTC,-0.01090226,0.09289
FINAL_REAL_MARK_PREMIUM_CLOSED_GUARD_2026_06_13,1782999900000,2026-07-02 13:45:00 UTC,BREVUSDT,1782999900000,2026-07-02 13:45:00 UTC,1783000799999,2026-07-02 13:59:59 UTC,True,0.0928,0.09374,0.09031,0.09187,-0.0009200000000000041,-0.9914861515249532,46.10971175513689,0.09289551,0.09366,0.09114026,0.09181987,-0.0010756400000000027,-1.1579031107100899,1783000799999,2026-07-02 13:59:59 UTC,5.0129999999995456e-05,0.05459602589286552,-0.01547031,-0.00869478,-0.01828748,-0.01476405,0.0021907099999999985,-12.920914244731266,1783000799999,2026-07-02 13:59:59 UTC,19615,-2287.0,-10.441968769975345,15731197.0,496675.0,3.26019418265962,1450339.60094,44360.764990000054,3.155151689038485,binance_kline_quote_asset_volume,801.9983176140709,73.94033142696915,0.0034300000000000025,3.6961206896551753,-0.0009300000000000003,-1.0021551724137936,0.0009300000000000003,1.0021551724137936,0.0009400000000000103,27.40524781341136,0.001559999999999992,45.481049562681946,0.45481049562681947,7514757.0,8216440.0,47.769772382864446,52.23022761713556,693515.22354,-46756.364379999926,-6.31610953911861,756824.3774,91117.12936999998,13.687267134260464,47.8174369017102,52.182563098289805,0.9146001187862384,0.9163489499671077,-63309.15385999996,-4.3651261965796,41189262.0,3826107.6175158,-1239221.0,-2.9207289829334697,-73494.25501419976,-1.8846604709038632,1.5025,-0.021500000000000075,-1.4107611548556478,60.040000000000006,39.96,1.033,-0.00990000000000002,-0.9492760571483383,50.81,49.19,1.3895,0.011900000000000022,0.8638211382113837,58.15,41.85,-0.46950000000000003,-0.11299999999999999,0.35650000000000004,1782993600005,2026-07-02 12:00:00 UTC,-0.01090226,0.09289
FINAL_REAL_MARK_PREMIUM_CLOSED_GUARD_2026_06_13,1783000800000,2026-07-02 14:00:00 UTC,BREVUSDT,1783000800000,2026-07-02 14:00:00 UTC,1783001699999,2026-07-02 14:14:59 UTC,True,0.09187,0.09397,0.09124,0.09249,0.0006200000000000094,0.6748666594100463,47.40917973166639,0.09190346,0.09387,0.09143,0.09251,0.0006901299999999971,0.7516129134140542,1783001699999,2026-07-02 14:14:59 UTC,-1.9999999999992246e-05,-0.021619284401677923,-0.01534621,-0.01043614,-0.01925388,-0.01558059,-0.0008165399999999993,5.530596279476155,1783001699999,2026-07-02 14:14:59 UTC,16366,-3249.0,-16.563854193219473,12869473.0,-2861724.0,-18.191393827183017,1189115.807,-261223.79394,-18.011215702218607,binance_kline_quote_asset_volume,786.3542099474521,72.65769320542589,0.0027299999999999963,2.9715902906280576,0.0006200000000000094,0.6748666594100463,0.0006200000000000094,0.6748666594100463,0.0014799999999999952,54.212454212454105,0.0006299999999999917,23.076923076922803,0.4578754578754589,6660607.0,6208866.0,51.755087407231045,48.244912592768955,615689.02006,-77826.20348000003,-11.221989199132732,573426.78694,-183397.59045999998,-24.232516279410213,51.77704445905158,48.22295554094842,1.0727574085187215,1.0737011839742012,42262.23311999999,3.5540889181031625,40181158.0,3689428.70400946,-1008104.0,-2.4474922614539683,-136678.91350634024,-3.5722704944478947,1.5471,0.04459999999999997,2.9683860232945074,60.74,39.26,1.0329,-9.999999999998899e-05,-0.009680542110357114,50.81,49.19,1.4184,0.028900000000000148,2.0798848506657177,58.650000000000006,41.349999999999994,-0.5142,-0.12869999999999981,0.3855000000000002,1782993600005,2026-07-02 12:00:00 UTC,-0.01090226,0.09289
FINAL_REAL_MARK_PREMIUM_CLOSED_GUARD_2026_06_13,1783001700000,2026-07-02 14:15:00 UTC,BREVUSDT,1783001700000,2026-07-02 14:15:00 UTC,1783002599999,2026-07-02 14:29:59 UTC,True,0.09246,0.09292,0.08856,0.09,-0.002490000000000006,-2.692182938696082,42.93177587206385,0.09249,0.09292295,0.08878,0.09001,-0.0024999999999999883,-2.7024105502107756,1783002599999,2026-07-02 14:29:59 UTC,-1.0000000000010001e-05,-0.011109876680379957,-0.01464909,-0.01119599,-0.02808214,-0.02009643,-0.004515839999999998,28.98375478720638,1783002599999,2026-07-02 14:29:59 UTC,31266,14900.0,91.04240498594648,30014497.0,17145024.0,133.22242488095665,2699768.13773,1510652.33073,127.03996716192,binance_kline_quote_asset_volume,959.9723981321563,86.34837004189855,0.004360000000000003,4.715552671425485,-0.002460000000000004,-2.6606099935107115,0.002460000000000004,2.6606099935107115,0.0004600000000000021,10.55045871559637,0.0014399999999999968,33.02752293577972,0.33027522935779724,13266016.0,16748481.0,44.19869505059505,55.80130494940495,1193979.43545,578290.41539,93.92573142422526,1505788.70228,932361.9153400001,162.59476127988367,44.22525841252106,55.774741587478935,0.7920727855857496,0.7929262808534345,-311809.2668300001,-11.549483174957881,39671472.0,3670007.87472,-509686.0,-1.2684701620595404,-19420.829289459623,-0.5263912341863166,1.5284,-0.01869999999999994,-1.208713076077819,60.45,39.550000000000004,1.0568,0.023900000000000032,2.3138735598799527,51.38,48.620000000000005,1.416,-0.0024000000000001798,-0.16920473773266917,58.60999999999999,41.39,-0.4716,-0.11240000000000006,0.35919999999999996,1782993600005,2026-07-02 12:00:00 UTC,-0.01090226,0.09289
FINAL_REAL_MARK_PREMIUM_CLOSED_GUARD_2026_06_13,1783002600000,2026-07-02 14:30:00 UTC,BREVUSDT,1783002600000,2026-07-02 14:30:00 UTC,1783003499999,2026-07-02 14:44:59 UTC,True,0.09003,0.09049,0.0881,0.08963,-0.00036999999999999533,-0.41111111111110593,42.29260739331869,0.09006,0.09045,0.08818,0.08963,-0.00038000000000000533,-0.42217531385402207,1783003499999,2026-07-02 14:44:59 UTC,0.0,0.0,-0.01962708,-0.012106,-0.02224319,-0.01717762,0.0029188099999999974,-14.524022425873639,1783003499999,2026-07-02 14:44:59 UTC,17964,-13302.0,-42.544617156016116,21691892.0,-8322605.0,-27.72861727451238,1934539.89642,-765228.2413100002,-28.34422077272954,binance_kline_quote_asset_volume,1207.520151413939,107.6898183266533,0.0023900000000000032,2.6546706653337813,-0.0003999999999999976,-0.4442963456625542,0.0003999999999999976,0.4442963456625542,0.0004600000000000021,19.246861924686254,0.0015300000000000036,64.0167364016737,0.640167364016737,10682895.0,11008997.0,49.248332049597145,50.75166795040285,952971.3048,-241008.13064999995,-20.185283221328362,981568.5916199998,-524220.11066000024,-34.813656781077505,49.26087627158993,50.73912372841007,0.970378591255861,0.9708657275058055,-28597.286819999805,-1.4782474568201496,39343790.0,3541334.5379,-327682.0,-0.8259890129612533,-128673.33682000032,-3.506077948942203,1.5202,-0.008199999999999985,-0.536508767338392,60.31999999999999,39.68,1.046,-0.01079999999999992,-1.02195306585919,51.12,48.88,1.359,-0.05699999999999994,-4.025423728813555,57.60999999999999,42.39,-0.47419999999999995,-0.1612,0.31299999999999994,1782993600005,2026-07-02 12:00:00 UTC,-0.01090226,0.09289
FINAL_REAL_MARK_PREMIUM_CLOSED_GUARD_2026_06_13,1783003500000,2026-07-02 14:45:00 UTC,BREVUSDT,1783003500000,2026-07-02 14:45:00 UTC,1783004399999,2026-07-02 14:59:59 UTC,True,0.08965,0.09086,0.08855,0.09001,0.00038000000000000533,0.42396519022649265,43.22745625860785,0.08963,0.09072,0.08886157,0.09000189,0.0003718899999999997,0.4149168805087579,1783004399999,2026-07-02 14:59:59 UTC,8.110000000005613e-06,0.00901092188175783,-0.01527173,-0.01305319,-0.02116244,-0.01370228,0.0034753400000000004,-20.23178996857539,1783004399999,2026-07-02 14:59:59 UTC,13353,-4611.0,-25.668002672010687,14023956.0,-7667936.0,-35.349318538004894,1259595.52287,-674944.3735499999,-34.88914210552242,binance_kline_quote_asset_volume,1050.2475848124018,94.33052668838464,0.0023099999999999926,2.5766871165644094,0.0003600000000000131,0.4015616285555082,0.0003600000000000131,0.4015616285555082,0.0008499999999999897,36.796536796536465,0.0010999999999999899,47.619047619047336,0.6320346320346354,7490378.0,6533578.0,53.411305625887586,46.58869437411241,672932.10344,-280039.20136000006,-29.38590070335558,586663.41943,-394905.17218999984,-40.23205057307719,53.42445977473134,46.57554022526866,1.146443495432365,1.147049707128183,86268.68400999997,6.8489195494626705,38793586.0,3478232.92076,-550204.0,-1.3984519539169968,-63101.617139999755,-1.7818598176668963,1.4919,-0.028299999999999992,-1.8615971582686484,59.870000000000005,40.129999999999995,1.0646,0.01859999999999995,1.7782026768642398,51.57000000000001,48.43,1.3207,-0.0383,-2.8182487122884474,56.910000000000004,43.09,-0.4273,-0.17120000000000002,0.2561,1782993600005,2026-07-02 12:00:00 UTC,-0.01090226,0.09289
FINAL_REAL_MARK_PREMIUM_CLOSED_GUARD_2026_06_13,1783004400000,2026-07-02 15:00:00 UTC,BREVUSDT,1783004400000,2026-07-02 15:00:00 UTC,1783005299999,2026-07-02 15:14:59 UTC,True,0.09003,0.09184,0.08885,0.09128,0.0012699999999999934,1.4109543384068362,46.355276406486475,0.08999727,0.09161,0.08896946,0.0914307,0.0014288100000000026,1.5875333284667719,1783005299999,2026-07-02 15:14:59 UTC,-0.0001507000000000036,-0.1648242876845563,-0.01400001,-0.00273469,-0.01622353,-0.01093763,0.0027646500000000004,-20.176569154914368,1783005299999,2026-07-02 15:14:59 UTC,13121,-232.0,-1.7374372800119824,15939799.0,1915843.0,13.661216563999487,1431216.50873,171620.9858599999,13.625087001655888,binance_kline_quote_asset_volume,1214.831110433656,109.07831024540812,0.0029900000000000065,3.3211151838276205,0.0012500000000000011,1.3884260801954917,0.0012500000000000011,1.3884260801954917,0.0005600000000000049,18.729096989966678,0.0011800000000000005,39.46488294314374,0.8127090301003332,8644434.0,7295365.0,54.231762897386595,45.768237102613405,777093.78464,104161.68119999999,15.47878020197431,654122.7240899999,67459.3046599999,11.498808759125142,54.296032773515144,45.703967226484856,1.184921385016377,1.1879938672381005,122971.06055000005,8.592065547030288,38608147.0,3474806.19939783,-185439.0,-0.4780145872567697,-3426.7213621702977,-0.09851903079054157,1.4944,0.0024999999999999467,0.16757155305315014,59.91,40.089999999999996,1.0603,-0.0042999999999999705,-0.40390757091865215,51.459999999999994,48.54,1.3375,0.016799999999999926,1.2720526993261094,57.220000000000006,42.78,-0.43409999999999993,-0.15690000000000004,0.2771999999999999,1782993600005,2026-07-02 12:00:00 UTC,-0.01090226,0.09289
FINAL_REAL_MARK_PREMIUM_CLOSED_GUARD_2026_06_13,1783005300000,2026-07-02 15:15:00 UTC,BREVUSDT,1783005300000,2026-07-02 15:15:00 UTC,1783006199999,2026-07-02 15:29:59 UTC,True,0.09129,0.09213,0.08936,0.09025,-0.0010300000000000031,-1.1283961437335703,44.22708856639832,0.0914307,0.09203,0.08947,0.09037688,-0.001053819999999997,-1.1525887912921993,1783006199999,2026-07-02 15:29:59 UTC,-0.00012688000000000976,-0.14038988732517627,-0.01157604,-0.00569381,-0.01817436,-0.01193773,-0.0010001000000000003,9.143662749608463,1783006199999,2026-07-02 15:29:59 UTC,14085,964.0,7.347000990778143,14249728.0,-1690071.0,-10.602837589106361,1295060.76803,-136155.74069999997,-9.513287463461326,binance_kline_quote_asset_volume,1011.6952786652467,91.94609641675541,0.0027700000000000086,3.0342863402344276,-0.0010399999999999993,-1.1392266403768203,0.0010399999999999993,1.1392266403768203,0.0008400000000000074,30.324909747292594,0.0008900000000000019,32.129963898916934,0.32129963898916936,6768569.0,7481159.0,47.49963648428939,52.50036351571061,615562.15009,-161531.63454999996,-20.78663318930441,679498.6179399999,25375.893849999993,3.8793781220951065,47.53152634114391,52.4684736588561,0.9047487160746083,0.9059064048668226,-63936.4678499999,-4.9369473177121845,38851794.0,3551768.45609166,243647.0,0.6310766481488997,76962.25669383025,2.2148647227338176,1.4808,-0.013600000000000056,-0.9100642398286976,59.69,40.31,1.0615,0.0012000000000000899,0.11317551636330188,51.49,48.51,1.337,-0.0004999999999999449,-0.03738317757008934,57.21000000000001,42.79,-0.4192999999999998,-0.14379999999999993,0.27549999999999986,1782993600005,2026-07-02 12:00:00 UTC,-0.01090226,0.09289
FINAL_REAL_MARK_PREMIUM_CLOSED_GUARD_2026_06_13,1783006200000,2026-07-02 15:30:00 UTC,BREVUSDT,1783006200000,2026-07-02 15:30:00 UTC,1783007099999,2026-07-02 15:44:59 UTC,True,0.09025,0.0912,0.08969,0.09102,0.0007700000000000068,0.8531855955678745,46.215057860186576,0.0903479,0.09107,0.08976483,0.09103,0.0006531199999999932,0.7226626986901884,1783007099999,2026-07-02 15:44:59 UTC,-9.999999999996123e-06,-0.010985389432051107,-0.01157919,-0.00751045,-0.01405413,-0.01237542,-0.00043768999999999926,3.666442447601003,1783007099999,2026-07-02 15:44:59 UTC,8249,-5836.0,-41.43414980475683,8452556.0,-5797172.0,-40.68268531160735,764442.20912,-530618.5589099999,-40.97248345474613,binance_kline_quote_asset_volume,1024.6764456297733,92.67089454721784,0.0015099999999999975,1.6731301939058145,0.0007700000000000068,0.8531855955678745,0.0007700000000000068,0.8531855955678745,0.0001799999999999996,11.920529801324498,0.0005599999999999911,37.08609271523125,0.880794701986755,4578484.0,3874072.0,54.16685793031125,45.83314206968874,414224.94734,-201337.20275,-32.70785942907031,350217.26178,-329281.3561599999,-48.459459293422086,54.186561442864566,45.81343855713544,1.1818272866379356,1.1827656501986143,64007.68556000001,8.373122885729124,37362868.0,3376739.43769184,-1488926.0,-3.8323223890253306,-175029.0183998202,-4.92793999844294,1.5595,0.07870000000000021,5.314694759589425,60.92999999999999,39.07,1.0789,0.01739999999999986,1.6391898257183097,51.9,48.1,1.4149,0.07790000000000008,5.8264771877337385,58.589999999999996,41.410000000000004,-0.48060000000000014,-0.14460000000000006,0.3360000000000001,1782993600005,2026-07-02 12:00:00 UTC,-0.01090226,0.09289
FINAL_REAL_MARK_PREMIUM_CLOSED_GUARD_2026_06_13,1783007100000,2026-07-02 15:45:00 UTC,BREVUSDT,1783007100000,2026-07-02 15:45:00 UTC,1783007999999,2026-07-02 15:59:59 UTC,True,0.09105,0.09196,0.09018,0.09098,-3.999999999999837e-05,-0.04394638540979825,46.12308521958592,0.09102,0.09193,0.0902,0.09135,0.00032000000000000084,0.35153246182577264,1783007999999,2026-07-02 15:59:59 UTC,-0.00036999999999999533,-0.4050355774493654,-0.01174256,-0.00852759,-0.01663288,-0.01393141,-0.0015559900000000002,12.57322983785601,1783007999999,2026-07-02 15:59:59 UTC,12109,3860.0,46.79355073342224,13576352.0,5123796.0,60.61830291334361,1235236.41487,470794.20574999996,61.58663142004709,binance_kline_quote_asset_volume,1121.178627467173,102.00977907919729,0.0017800000000000038,1.9549697968149409,-7.000000000000062e-05,-0.07688083470620606,7.000000000000062e-05,0.07688083470620606,0.0009099999999999941,51.12359550561754,0.000800000000000009,44.94382022471951,0.4494382022471951,7527416.0,6048936.0,55.44505622718091,44.55494377281909,685070.85008,270845.90274,65.38618798294806,550165.56479,199948.30300999997,57.092646431461105,55.460707102947495,44.53929289705251,1.2444198450768862,1.245208522531747,134905.28529000003,10.92141420589498,37643164.0,3423511.75613616,280296.0,0.7501993690634242,46772.31844432,1.385132590398834,1.5595,0.0,0.0,60.92999999999999,39.07,1.0783,-0.0005999999999999339,-0.05561219760866938,51.88,48.120000000000005,1.4166,0.0017000000000000348,0.12014983391052617,58.620000000000005,41.38,-0.48120000000000007,-0.14290000000000003,0.33830000000000005,1782993600005,2026-07-02 12:00:00 UTC,-0.01090226,0.09289
FINAL_REAL_MARK_PREMIUM_CLOSED_GUARD_2026_06_13,1783008000000,2026-07-02 16:00:00 UTC,BREVUSDT,1783008000000,2026-07-02 16:00:00 UTC,1783008899999,2026-07-02 16:14:59 UTC,True,0.09106,0.09177,0.08993,0.09055,-0.0004299999999999998,-0.4726313475489116,45.084375114505434,0.0914,0.09172,0.09,0.09051,-0.0008400000000000074,-0.9195402298850656,1783008899999,2026-07-02 16:14:59 UTC,4.000000000001225e-05,0.04419401171142664,-0.01523714,-0.00919887,-0.01630672,-0.01235736,0.0015740500000000004,-11.29856920440932,1783008899999,2026-07-02 16:14:59 UTC,15902,3793.0,31.323808737302834,17335067.0,3758715.0,27.68575092926288,1572817.78899,337581.37412000005,27.329292599872723,binance_kline_quote_asset_volume,1090.1186643189535,98.90691667651868,0.0018400000000000083,2.0206457280913774,-0.0005099999999999966,-0.5600702833296689,0.0005099999999999966,0.5600702833296689,0.0007100000000000023,38.58695652173908,0.0006200000000000094,33.6956521739134,0.33695652173913404,8640165.0,8694902.0,49.84212059866858,50.15787940133142,784424.28282,99353.43273999996,14.502650744575957,788393.5061700001,238227.9413800001,43.30113635355068,49.87381808058806,50.12618191941194,0.9937047019046333,0.9949654286610217,-3969.223350000102,-0.25236383882388413,39361556.0,3595678.1406,1718392.0,4.564951022714244,172166.38446384016,5.028940945076537,1.5674,0.007899999999999796,0.5065726194292911,61.050000000000004,38.95,1.0382,-0.040100000000000025,-3.718816655847169,50.94,49.059999999999995,1.4492,0.03259999999999996,2.3012847663419427,59.17,40.83,-0.5291999999999999,-0.11819999999999986,0.41100000000000003,1783008000000,2026-07-02 16:00:00 UTC,-0.00726393,0.0914
FINAL_REAL_MARK_PREMIUM_CLOSED_GUARD_2026_06_13,1783008900000,2026-07-02 16:15:00 UTC,BREVUSDT,1783008900000,2026-07-02 16:15:00 UTC,1783009799999,2026-07-02 16:29:59 UTC,True,0.09057,0.09088,0.0864,0.08728,-0.003270000000000009,-3.611264494754289,38.06408060737778,0.09055,0.09075,0.0865,0.08726,-0.003249999999999989,-3.5907634515523026,1783009799999,2026-07-02 16:29:59 UTC,1.9999999999992246e-05,0.02292000916799478,-0.01143374,-0.00770976,-0.01640995,-0.01070575,0.0016516099999999995,-13.36539519767976,1783009799999,2026-07-02 16:29:59 UTC,17681,1779.0,11.187272041252672,18165826.0,830759.0,4.79236105634896,1609451.25125,36633.46225999994,2.3291612363771947,binance_kline_quote_asset_volume,1027.4207341213732,91.02716199592783,0.004479999999999998,4.946450259467813,-0.0032900000000000013,-3.632549409296678,0.0032900000000000013,3.632549409296678,0.0003100000000000047,6.919642857142966,0.0008799999999999919,19.642857142856972,0.1964285714285697,7663029.0,10502797.0,42.18376307248566,57.81623692751433,679888.35721,-104535.92560999992,-13.326452010663663,929562.8940399999,141169.38786999986,17.905955181670375,42.24348868485184,57.75651131514816,0.7296179293953792,0.7314065154377213,-249674.53682999988,-15.513022630296328,38881600.0,3519173.616,-479956.0,-1.2193522024383385,-76504.52460000012,-2.1276799982779893,1.5323,-0.03509999999999991,-2.239377312747219,60.51,39.489999999999995,1.0654,0.02719999999999989,2.6199190907339522,51.580000000000005,48.42,1.4201,-0.029100000000000126,-2.0080044162296526,58.68,41.32,-0.4669000000000001,-0.11220000000000008,0.3547,1783008000000,2026-07-02 16:00:00 UTC,-0.00726393,0.0914
FINAL_REAL_MARK_PREMIUM_CLOSED_GUARD_2026_06_13,1783009800000,2026-07-02 16:30:00 UTC,BREVUSDT,1783009800000,2026-07-02 16:30:00 UTC,1783010699999,2026-07-02 16:44:59 UTC,True,0.0873,0.08982,0.08685,0.08864,0.00136,1.5582034830430798,42.10209589352761,0.08734,0.08976,0.08702042,0.08865,0.0013900000000000023,1.5929406371762576,1783010699999,2026-07-02 16:44:59 UTC,-1.0000000000010001e-05,-0.011280315848855048,-0.00868651,-0.00744316,-0.01295169,-0.01134909,-0.0006433399999999992,6.009294070943177,1783010699999,2026-07-02 16:44:59 UTC,11539,-6142.0,-34.73785419376732,10054786.0,-8111040.0,-44.64999279416196,888910.59542,-720540.65583,-44.76933708121841,binance_kline_quote_asset_volume,871.3741225409481,77.03532328797989,0.0029700000000000004,3.4020618556701034,0.001339999999999994,1.5349369988545176,0.001339999999999994,1.5349369988545176,0.0011800000000000005,39.730639730639744,0.00045000000000000595,15.15151515151535,0.6026936026936026,5285184.0,4769602.0,52.563863616789064,47.43613638321094,467217.3119,-212671.04531000007,-31.280289337902495,421693.28352000006,-507869.6105199999,-54.63531448773017,52.560664065349016,47.43933593465098,1.108097489056739,1.1079553081803846,45524.028379999916,5.121328130698041,36684671.0,3201104.39146,-2196929.0,-5.650305028599647,-318069.22453999985,-9.038179392283778,1.5349,0.0025999999999999357,0.16967956666448708,60.550000000000004,39.45,1.0582,-0.007199999999999873,-0.6758025154871291,51.41,48.59,1.381,-0.03909999999999991,-2.753327230476721,57.99999999999999,42.0,-0.4766999999999999,-0.15389999999999993,0.3228,1783008000000,2026-07-02 16:00:00 UTC,-0.00726393,0.0914
FINAL_REAL_MARK_PREMIUM_CLOSED_GUARD_2026_06_13,1783010700000,2026-07-02 16:45:00 UTC,BREVUSDT,1783010700000,2026-07-02 16:45:00 UTC,1783011599999,2026-07-02 16:59:59 UTC,True,0.08864,0.08959,0.08833,0.08897,0.00032999999999999696,0.37229241877255975,43.07196094295147,0.08869,0.08960112,0.08845,0.08884,0.00018999999999999573,0.21432600112802677,1783011599999,2026-07-02 16:59:59 UTC,0.00012999999999999123,0.14633048176496088,-0.01091299,-0.00581679,-0.01217019,-0.01071381,0.0006352799999999985,-5.597629413459568,1783011599999,2026-07-02 16:59:59 UTC,6849,-4690.0,-40.6447699107375,5782940.0,-4271846.0,-42.48569785572761,514197.80677,-374712.78865,-42.15415932498279,binance_kline_quote_asset_volume,844.3480800116805,75.0763332997518,0.0012599999999999972,1.421480144404329,0.00032999999999999696,0.37229241877255975,0.00032999999999999696,0.37229241877255975,0.0006200000000000094,49.20634920635006,0.00030999999999999084,24.60317460317393,0.5079365079364994,3078540.0,2704400.0,53.234859777206744,46.76514022279325,273780.82074,-193436.49115999998,-41.401824425847,240416.98603000003,-181276.29749000003,-42.98771277000964,53.24426069799667,46.75573930200333,1.1383449193906228,1.1387748647087552,33363.83470999997,6.488521395993345,35901150.0,3183546.3236295,-783521.0,-2.135826705383292,-17558.067830500193,-0.5485003199940033,1.5419,0.007000000000000117,0.45605576910548684,60.660000000000004,39.34,1.0687,0.010499999999999954,0.9922509922509879,51.66,48.339999999999996,1.381,0.0,0.0,57.99999999999999,42.0,-0.47320000000000007,-0.16090000000000004,0.3123,1783008000000,2026-07-02 16:00:00 UTC,-0.00726393,0.0914
FINAL_REAL_MARK_PREMIUM_CLOSED_GUARD_2026_06_13,1783011600000,2026-07-02 17:00:00 UTC,BREVUSDT,1783011600000,2026-07-02 17:00:00 UTC,1783012499999,2026-07-02 17:14:59 UTC,True,0.089,0.09048,0.0888,0.08968,0.0007100000000000023,0.7980218051028464,45.19895557698605,0.089,0.09021,0.08886417,0.08966,0.0008200000000000013,0.9230076542098169,1783012499999,2026-07-02 17:14:59 UTC,1.9999999999992246e-05,0.022306491188927333,-0.00885265,-0.00549426,-0.01291995,-0.01044655,0.00026726000000000007,-2.4945374241282985,1783012499999,2026-07-02 17:14:59 UTC,6918,69.0,1.0074463425317566,6691489.0,908549.0,15.710849498697893,600083.79642,85885.98965,16.702908592610292,binance_kline_quote_asset_volume,967.2577334489737,86.74238167389419,0.001680000000000001,1.8876404494382035,0.00068,0.7640449438202248,0.00068,0.7640449438202248,0.000800000000000009,47.61904761904813,0.00019999999999999185,11.904761904761413,0.5238095238095187,3738219.0,2953270.0,55.86527901338552,44.13472098661449,335250.76249,61469.94175,22.45224540705714,264833.03393000003,24416.047900000005,10.155708339573515,55.86732461200422,44.13267538799578,1.2657897855597355,1.2658948074378538,70417.72855999996,11.734649224008447,35937252.0,3192665.46768,36102.0,0.10055945283089816,9119.14405049989,0.2864460926110643,1.5432,0.0012999999999998568,0.08431156365522127,60.68,39.32,1.0511,-0.01760000000000006,-1.6468606718443024,51.24999999999999,48.75,1.3821,0.001100000000000101,0.07965242577842874,58.02,41.980000000000004,-0.4921,-0.1610999999999998,0.3310000000000002,1783008000000,2026-07-02 16:00:00 UTC,-0.00726393,0.0914
FINAL_REAL_MARK_PREMIUM_CLOSED_GUARD_2026_06_13,1783012500000,2026-07-02 17:15:00 UTC,BREVUSDT,1783012500000,2026-07-02 17:15:00 UTC,1783013399999,2026-07-02 17:29:59 UTC,True,0.08967,0.09098,0.08909,0.08939,-0.0002899999999999986,-0.3233719892952705,44.4681306109684,0.08968,0.09097,0.08912,0.08934,-0.00032000000000000084,-0.3569038590229766,1783013399999,2026-07-02 17:29:59 UTC,4.999999999999449e-05,0.05596597268859916,-0.00990687,-0.0065986,-0.01365825,-0.01094137,-0.00049482,4.736683402654465,1783013399999,2026-07-02 17:29:59 UTC,6634,-284.0,-4.105232726221451,6300567.0,-390922.0,-5.842077899253813,566739.98691,-33343.80951000005,-5.556525556751184,binance_kline_quote_asset_volume,949.7387699728671,85.42960309164907,0.0018900000000000028,2.107728337236537,-0.00028000000000000247,-0.3122560499609708,0.00028000000000000247,0.3122560499609708,0.0013100000000000056,69.3121693121695,0.0002999999999999947,15.87301587301557,0.1587301587301557,3011166.0,3289401.0,47.7919844356865,52.20801556431349,270860.62125,-64390.14123999997,-19.206560713466125,295879.36565999995,31046.331729999918,11.72298306947841,47.792749321747344,52.20725067825265,0.9154146910030124,0.9154427536567407,-25018.744409999927,-4.414501356505303,36101914.0,3236897.60924,164662.0,0.45819307497412437,44232.14156000037,1.3854298863370218,1.584,0.04080000000000017,2.6438569206843034,61.3,38.7,1.0437,-0.007399999999999851,-0.7040243554371469,51.07000000000001,48.93,1.4184,0.0363,2.6264380290861733,58.650000000000006,41.349999999999994,-0.5403,-0.16559999999999997,0.37470000000000003,1783008000000,2026-07-02 16:00:00 UTC,-0.00726393,0.0914
FINAL_REAL_MARK_PREMIUM_CLOSED_GUARD_2026_06_13,1783013400000,2026-07-02 17:30:00 UTC,BREVUSDT,1783013400000,2026-07-02 17:30:00 UTC,1783014299999,2026-07-02 17:44:59 UTC,True,0.08939,0.09128,0.08923,0.09079,0.0013999999999999985,1.5661707126076725,48.77426788680476,0.08939,0.09088,0.08934454,0.09075,0.0014099999999999946,1.5782404298186643,1783014299999,2026-07-02 17:44:59 UTC,3.999999999999837e-05,0.0440771349862241,-0.01054949,-0.00711723,-0.01181597,-0.00820881,0.00273256,-24.974568998215034,1783014299999,2026-07-02 17:44:59 UTC,6242,-392.0,-5.908953873982514,6185643.0,-114924.0,-1.8240263138222321,557267.9325,-9472.054409999982,-1.6713227633087717,binance_kline_quote_asset_volume,990.9713232938161,89.27714394424864,0.0020499999999999963,2.2933214006040905,0.0013999999999999985,1.5661707126076725,0.0013999999999999985,1.5661707126076725,0.0004900000000000043,23.9024390243905,0.00015999999999999348,7.804878048780184,0.760975609756095,3181390.0,3004253.0,51.431839826514405,48.5681601734856,286829.96989,15969.348639999982,5.895780850794301,270437.96261,-25441.403049999964,-8.598572933009162,51.47074740210357,48.52925259789643,1.0589620780939555,1.0606128190058843,16392.00728000002,2.9414948042071343,35889406.0,3206359.53204,-212508.0,-0.5886336109492698,-30538.077200000174,-0.9434366138992668,1.5867,0.0026999999999999247,0.1704545454545407,61.339999999999996,38.66,1.0316,-0.0121,-1.15933697422631,50.78,49.220000000000006,1.4337,0.01529999999999987,1.0786802030456761,58.91,41.089999999999996,-0.5550999999999999,-0.15300000000000002,0.4020999999999999,1783008000000,2026-07-02 16:00:00 UTC,-0.00726393,0.0914
FINAL_REAL_MARK_PREMIUM_CLOSED_GUARD_2026_06_13,1783014300000,2026-07-02 17:45:00 UTC,BREVUSDT,1783014300000,2026-07-02 17:45:00 UTC,1783015199999,2026-07-02 17:59:59 UTC,True,0.09079,0.09083,0.08895,0.08995,-0.0008399999999999935,-0.9252120277563537,46.44703673010996,0.09072907,0.09090756,0.08901,0.0899,-0.0008500000000000035,-0.9366391184573043,1783015199999,2026-07-02 17:59:59 UTC,5.000000000000837e-05,0.05561735261402489,-0.00679643,-0.00679643,-0.01332681,-0.00875337,-0.0005445599999999995,6.633848267897532,1783015199999,2026-07-02 17:59:59 UTC,7844,1602.0,25.664851009291894,6751386.0,565743.0,9.146066140577464,607632.95953,50365.02703,9.037847701742644,binance_kline_quote_asset_volume,860.7070372259052,77.46468122514024,0.0018799999999999928,2.0707126335499426,-0.0008399999999999935,-0.9252120277563537,0.0008399999999999935,0.9252120277563537,3.999999999999837e-05,2.1276595744680065,0.0010000000000000009,53.19148936170238,0.5319148936170238,3436591.0,3314795.0,50.90200738041049,49.09799261958952,309227.27149,22397.301600000006,7.808563940717013,298405.68804,27967.72542999999,10.341641816882193,50.89047041312328,49.10952958687672,1.0367431470121078,1.0362646688174035,10821.583450000035,1.7809408262465645,36595088.0,3321004.236,705682.0,1.9662682631192059,114644.70396000007,3.575541133625119,1.5025,-0.08420000000000005,-5.306611205646943,60.040000000000006,39.96,0.9957,-0.03590000000000004,-3.4800310197751108,49.89,50.11,1.3883,-0.045399999999999885,-3.166631791867189,58.13,41.870000000000005,-0.5067999999999999,-0.11419999999999986,0.39260000000000006,1783008000000,2026-07-02 16:00:00 UTC,-0.00726393,0.0914
FINAL_REAL_MARK_PREMIUM_CLOSED_GUARD_2026_06_13,1783015200000,2026-07-02 18:00:00 UTC,BREVUSDT,1783015200000,2026-07-02 18:00:00 UTC,1783016099999,2026-07-02 18:14:59 UTC,True,0.08994,0.09108,0.08977,0.09054,0.0005899999999999933,0.655919955530843,48.31252071545932,0.0899,0.09099,0.08984704,0.09066873,0.0007687300000000091,0.8550945494994541,1783016099999,2026-07-02 18:14:59 UTC,-0.00012873000000000745,-0.1419783865948133,-0.00684501,-0.00488852,-0.00997987,-0.00652799,0.00222538,-25.423122751580244,1783016099999,2026-07-02 18:14:59 UTC,5946,-1898.0,-24.196838347781743,6402369.0,-349017.0,-5.169560739083797,578937.06834,-28695.891189999995,-4.722569890250206,binance_kline_quote_asset_volume,1076.752270433905,97.36580362260344,0.0013099999999999917,1.4565265732710604,0.0005999999999999894,0.6671114076050583,0.0005999999999999894,0.6671114076050583,0.0005399999999999988,41.221374045801696,0.00017000000000000348,12.977099236641568,0.587786259541983,3066428.0,3335941.0,47.895208789121654,52.104791210878346,277284.34593,-31942.925560000003,-10.329918640773245,301652.72241,3247.0343700000085,1.0881275056542346,47.89542095223994,52.104579047760055,0.9192093025626052,0.9192171173350825,-24368.376479999977,-4.209158095520123,36234920.0,3256432.2604,-360168.0,-0.9841976606259288,-64571.975600000005,-1.9443508954319806,1.5107,0.008199999999999985,0.54575707154742,60.17,39.83,0.9803,-0.01540000000000008,-1.546650597569557,49.5,50.5,1.3964,0.008099999999999996,0.5834473816898362,58.269999999999996,41.730000000000004,-0.5304,-0.11429999999999985,0.41610000000000014,1783008000000,2026-07-02 16:00:00 UTC,-0.00726393,0.0914
FINAL_REAL_MARK_PREMIUM_CLOSED_GUARD_2026_06_13,1783016100000,2026-07-02 18:15:00 UTC,BREVUSDT,1783016100000,2026-07-02 18:15:00 UTC,1783016999999,2026-07-02 18:29:59 UTC,True,0.09055,0.09284,0.09008,0.09228,0.0017400000000000054,1.9218025182239955,53.461299048092606,0.09065447,0.09232,0.09012344,0.09227945,0.001610719999999996,1.7764889835779059,1783016999999,2026-07-02 18:29:59 UTC,5.500000000019378e-07,0.0005960156893023721,-0.00833729,0.0,-0.00930252,-0.00769969,-0.0011717000000000003,17.948863279508707,1783016999999,2026-07-02 18:29:59 UTC,10319,4373.0,73.54524049781365,10725627.0,4323258.0,67.52591111196496,980789.91527,401852.84693,69.41218120343238,binance_kline_quote_asset_volume,1039.4056594631263,95.04699246729334,0.0027600000000000124,3.0480397570403226,0.0017299999999999954,1.9105466593042468,0.0017299999999999954,1.9105466593042468,0.0005600000000000049,20.289855072463855,0.0004700000000000121,17.028985507246738,0.7971014492753614,5923861.0,4801766.0,55.230906314381436,44.769093685618564,541783.6085,264499.26256999996,95.38917953802282,439006.30677,137353.58436000004,45.533679677291936,55.239516645198506,44.760483354801494,1.2336838154962153,1.2341134971071066,102777.30172999995,10.479033290397012,36449642.0,3304842.74909466,214722.0,0.5925830662797102,48410.4886946599,1.4866112611448412,1.5151,0.0043999999999999595,0.2912557092738439,60.24,39.76,0.9931,0.012800000000000034,1.3057227379373697,49.830000000000005,50.17,1.4021,0.005699999999999816,0.40819249498709653,58.37,41.63,-0.5219999999999999,-0.11299999999999999,0.4089999999999999,1783008000000,2026-07-02 16:00:00 UTC,-0.00726393,0.0914
FINAL_REAL_MARK_PREMIUM_CLOSED_GUARD_2026_06_13,1783017000000,2026-07-02 18:30:00 UTC,BREVUSDT,1783017000000,2026-07-02 18:30:00 UTC,1783017899999,2026-07-02 18:44:59 UTC,True,0.09225,0.09636,0.09205,0.0934,0.001119999999999996,1.2136974425660987,56.46729216519584,0.09228969,0.09643099,0.09215697,0.09321197,0.0009325200000000061,1.0105391828841699,1783017899999,2026-07-02 18:44:59 UTC,0.00018802999999999181,0.20172301905001236,-0.00785452,-0.0037511,-0.01852767,-0.01365738,-0.00595769,77.37571252868621,1783017899999,2026-07-02 18:44:59 UTC,19945,9626.0,93.28423296831089,21753063.0,11027436.0,102.81390542482971,2050118.83565,1069328.92038,109.02731601656266,binance_kline_quote_asset_volume,1090.6524442216094,102.78861046126849,0.004309999999999994,4.672086720867203,0.0011499999999999982,1.2466124661246594,0.0011499999999999982,1.2466124661246594,0.0029600000000000043,68.67749419953614,0.00019999999999999185,4.640371229698193,0.31322505800463846,10734231.0,11018832.0,49.34583695178927,50.654163048210734,1011582.72143,469799.11293000006,86.7134231378283,1038536.11422,599529.80745,136.56519239121087,49.34263828219855,50.65736171780145,0.97417140038073,0.9740467448161458,-26953.392789999954,-1.3147234356029052,36431915.0,3363394.3928,-17727.0,-0.048634222525422884,58551.6437053401,1.7716922755668159,1.4826,-0.03249999999999997,-2.1450729324797027,59.72,40.28,1.0032,0.010100000000000109,1.0170174201993867,50.080000000000005,49.919999999999995,1.3923,-0.009799999999999809,-0.6989515726410249,58.199999999999996,41.8,-0.4793999999999998,-0.09029999999999982,0.3891,1783008000000,2026-07-02 16:00:00 UTC,-0.00726393,0.0914
FINAL_REAL_MARK_PREMIUM_CLOSED_GUARD_2026_06_13,1783017900000,2026-07-02 18:45:00 UTC,BREVUSDT,1783017900000,2026-07-02 18:45:00 UTC,1783018799999,2026-07-02 18:59:59 UTC,True,0.09335,0.09387,0.09185,0.09301,-0.00039000000000000146,-0.4175588865096376,55.13190261517424,0.0934,0.09385841,0.09205,0.09301,-0.00020197000000000964,-0.21667817985180404,1783018799999,2026-07-02 18:59:59 UTC,0.0,0.0,-0.01304061,-0.00836341,-0.01743746,-0.01021653,0.0034408500000000005,-25.194070897932107,1783018799999,2026-07-02 18:59:59 UTC,12246,-7699.0,-38.60115317122086,12956929.0,-8796134.0,-40.43630085565421,1203616.13005,-846502.7056,-41.29042135899465,binance_kline_quote_asset_volume,1058.053976808754,98.28647150498122,0.002019999999999994,2.163899303695762,-0.00034000000000000696,-0.3642206748794933,0.00034000000000000696,0.3642206748794933,0.0005199999999999927,25.742574257425453,0.0011599999999999944,57.42574257425732,0.5742574257425732,6059815.0,6897114.0,46.76891414624561,53.23108585375439,563111.97263,-448470.74880000006,-44.33357147164692,640504.1574200001,-398031.9567999999,-38.32625089777881,46.785013807234996,53.21498619276501,0.8786015426162305,0.8791698946939833,-77392.18479000009,-6.42997238553002,38859125.0,3626722.13625,2427210.0,6.662317915487012,263327.74344999995,7.8292258562868575,1.5773,0.0947,6.387427492243357,61.199999999999996,38.800000000000004,0.996,-0.007200000000000095,-0.7177033492823061,49.9,50.1,1.5113,0.119,8.547008547008545,60.18,39.82,-0.5812999999999999,-0.06599999999999984,0.5153000000000001,1783008000000,2026-07-02 16:00:00 UTC,-0.00726393,0.0914
FINAL_REAL_MARK_PREMIUM_CLOSED_GUARD_2026_06_13,1783018800000,2026-07-02 19:00:00 UTC,BREVUSDT,1783018800000,2026-07-02 19:00:00 UTC,1783019699999,2026-07-02 19:14:59 UTC,True,0.09303,0.09361,0.09163,0.09206,-0.0009499999999999925,-1.0213955488657054,51.91144344135776,0.09302026,0.09349,0.09171,0.09206,-0.0009499999999999925,-1.0213955488657054,1783019699999,2026-07-02 19:14:59 UTC,0.0,0.0,-0.0110169,-0.00379588,-0.01541288,-0.0052182,0.00499833,-48.9239497167825,1783019699999,2026-07-02 19:14:59 UTC,9410,-2836.0,-23.158582394251184,7997679.0,-4959250.0,-38.27488751385456,738668.10963,-464948.0204200001,-38.629261341046124,binance_kline_quote_asset_volume,849.9127523910734,78.49820506163655,0.0019799999999999957,2.1283456949371122,-0.0009699999999999986,-1.0426744061055557,0.0009699999999999986,1.0426744061055557,0.0005799999999999972,29.292929292929216,0.0004299999999999998,21.71717171717176,0.21717171717171757,3719329.0,4278350.0,46.505104793528226,53.49489520647178,343687.21275,-219424.75987999997,-38.9664525964849,394980.89687999996,-245523.2605400001,-38.33281294051028,46.527961376612495,53.472038623387505,0.8693372444984632,0.8701362913113654,-51293.68412999995,-6.944077246775016,38968024.0,3625195.27272,108899.0,0.2802404840561901,-1526.863530000206,-0.042100372530302806,1.524,-0.0532999999999999,-3.379192290623211,60.38,39.62,1.0021,0.006099999999999994,0.6124497991967865,50.05,49.95,1.4594,-0.05190000000000006,-3.434129557334749,59.34,40.660000000000004,-0.5219,-0.06459999999999999,0.45730000000000004,1783008000000,2026-07-02 16:00:00 UTC,-0.00726393,0.0914
FINAL_REAL_MARK_PREMIUM_CLOSED_GUARD_2026_06_13,1783019700000,2026-07-02 19:15:00 UTC,BREVUSDT,1783019700000,2026-07-02 19:15:00 UTC,1783020599999,2026-07-02 19:29:59 UTC,True,0.0921,0.09317,0.09106,0.09265,0.0005899999999999933,0.6408863784488305,53.719555845327264,0.09206,0.09314,0.09108,0.09255,0.0004899999999999904,0.5322615685422446,1783020599999,2026-07-02 19:29:59 UTC,0.00010000000000000286,0.10804970286332023,-0.00448183,-0.00221197,-0.01031609,-0.00877845,-0.00356025,68.22754972979187,1783020599999,2026-07-02 19:29:59 UTC,9392,-18.0,-0.19128586609989373,8963088.0,965409.0,12.071114632132646,825542.525,86874.41537000006,11.760953835345022,binance_kline_quote_asset_volume,954.3321976149915,87.89848008943783,0.0021100000000000008,2.29098805646037,0.0005499999999999949,0.5971769815417969,0.0005499999999999949,0.5971769815417969,0.0005200000000000066,24.644549763033478,0.0010399999999999993,49.2890995260663,0.7535545023696653,4103422.0,4859666.0,45.781342323092225,54.218657676907775,378033.1317,34345.91895000002,9.993365384525795,447509.3933,52528.49642000004,13.298996694505668,45.79208462943808,54.20791537056192,0.8443835440542622,0.8447490429470724,-69476.26159999997,-8.415830741123841,38879692.0,3579264.44552,-88332.0,-0.2266781605349042,-45930.82719999971,-1.2669890514763253,1.5394,0.01540000000000008,1.0104986876640472,60.62,39.379999999999995,1.0039,0.0018000000000000238,0.1796227921365157,50.1,49.9,1.482,0.022599999999999953,1.5485816088803586,59.709999999999994,40.29,-0.5355000000000001,-0.05740000000000012,0.47809999999999997,1783008000000,2026-07-02 16:00:00 UTC,-0.00726393,0.0914
FINAL_REAL_MARK_PREMIUM_CLOSED_GUARD_2026_06_13,1783020600000,2026-07-02 19:30:00 UTC,BREVUSDT,1783020600000,2026-07-02 19:30:00 UTC,1783021499999,2026-07-02 19:44:59 UTC,True,0.09265,0.09303,0.09161,0.09294,0.0002899999999999986,0.3130059363194804,54.62269170074494,0.09265,0.09306113,0.09171217,0.0929,0.0003500000000000031,0.3781739600216133,1783021499999,2026-07-02 19:44:59 UTC,3.999999999999837e-05,0.04305705059203269,-0.00612132,-0.0030402,-0.01290324,-0.00553539,0.00324306,-36.94342395297575,1783021499999,2026-07-02 19:44:59 UTC,6005,-3387.0,-36.06260647359455,5116121.0,-3846967.0,-42.92010744511266,473058.05884,-352484.46616,-42.697311826547036,binance_kline_quote_asset_volume,851.9768526228144,78.77736200499584,0.0014200000000000046,1.5326497571505717,0.0002899999999999986,0.3130059363194804,0.0002899999999999986,0.3130059363194804,9.000000000000674e-05,6.338028169014538,0.0010399999999999993,73.23943661971802,0.9366197183098546,2494017.0,2622104.0,48.74820200695019,51.251797993049806,230755.42973,-147277.70197000002,-38.95894026740409,242302.62911,-205206.76419,-45.8552976233136,48.779515625596225,51.220484374403775,0.9511510603698404,0.9523438956382193,-11547.199380000005,-2.440968748807544,40011509.0,3703065.15795,1131817.0,2.911075015717717,123800.71242999984,3.458831117800069,1.5056,-0.03380000000000005,-2.19566064700533,60.089999999999996,39.910000000000004,1.0406,0.036699999999999955,3.655742603845,51.0,49.0,1.4552,-0.026799999999999935,-1.808367071524962,59.27,40.73,-0.4650000000000001,-0.0504,0.4146000000000001,1783008000000,2026-07-02 16:00:00 UTC,-0.00726393,0.0914
FINAL_REAL_MARK_PREMIUM_CLOSED_GUARD_2026_06_13,1783021500000,2026-07-02 19:45:00 UTC,BREVUSDT,1783021500000,2026-07-02 19:45:00 UTC,1783022399999,2026-07-02 19:59:59 UTC,True,0.09294,0.09335,0.09154,0.09231,-0.0006299999999999917,-0.6778566817301396,52.23780516093609,0.0929,0.09336295,0.09167979,0.09215,-0.0007500000000000007,-0.8073196986006466,1783022399999,2026-07-02 19:59:59 UTC,0.00016000000000000736,0.17362995116658422,-0.00487403,-0.00203579,-0.01052757,-0.00426389,0.0012715,-22.970377877620184,1783022399999,2026-07-02 19:59:59 UTC,8137,2132.0,35.503746877602,5130398.0,14277.0,0.2790590762024589,474329.208,1271.1491599999717,0.26870891135794095,binance_kline_quote_asset_volume,630.502396460612,58.292885338576866,0.001810000000000006,1.947493006240592,-0.0006299999999999917,-0.6778566817301396,0.0006299999999999917,0.6778566817301396,0.0004100000000000076,22.6519337016578,0.0007700000000000068,42.54143646408863,0.42541436464088633,2783633.0,2346765.0,54.25764238953781,45.74235761046219,257380.37087,26624.94114000001,11.53816452819899,216948.83712999997,-25353.791980000038,-10.463688352506477,54.26196964661726,45.73803035338275,1.1861575402735254,1.1863643717793826,40431.53374000004,8.523939293234509,39809114.0,3700655.23744,-202395.0,-0.5058419566230307,-2409.9205100000836,-0.0650790738808983,1.5291,0.023499999999999854,1.5608395324123174,60.46,39.54,1.031,-0.009600000000000053,-0.9225446857582216,50.760000000000005,49.24,1.4808,0.025599999999999845,1.7592083562396814,59.69,40.31,-0.4981,-0.04830000000000001,0.4498,1783008000000,2026-07-02 16:00:00 UTC,-0.00726393,0.0914
