####################################################################################################
FETCHING BINANCE FUTURES DATA ...
####################################################################################################
SYMBOL     : BSBUSDT
PERIOD     : 15m
LIMIT      : 500
RSI_PERIOD : 14

====================================================================================================================================================================================================================================================================================================================================================================================================================================
BINANCE FUTURES MERGED DATA (L.S + OI + RSI + TRADES + VOLUME + QUOTE VOLUME) | ROW = ONE CANDLE
====================================================================================================================================================================================================================================================================================================================================================================================================================================
Time                  Symbol      Close         RSI       Trades      Volume            Quote Volume      OI              OI Chg        OI Chg %    Acco L/S    Acco Chg    Acco Chg%   Acco L%     Acco S%     Posit L/S   Posit Chg   Posit Chg%  Posit L%    Posit S%    Global L/S  Global Chg  Global Chg% Global L%   Global S%
------------------------------------------------------------------------------------------------------------------------------------------------------------------------------------------------------------------------------------------------------------------------------------------------------------------------------------------------------------------------------------------------------------------------------------
2026-06-02 13:45:00 UTCBSBUSDT     0.000000      0.00      0           0.000000          0.000000          0.000000        0.000000      0.00        0.000000    0.000000    0.00        0.00        0.00        0.000000    0.000000    0.00        0.00        0.00        1.833700    0.000000    0.00        64.71       35.29   
2026-06-02 14:00:00 UTCBSBUSDT     0.266510      18.88     28831       3017562.000000    800889.056760     46813935.000000 46813935.0000000.00        2.165600    2.165600    0.00        68.41       31.59       2.404000    2.404000    0.00        70.62       29.38       1.836900    0.003200    0.17        64.75       35.25  
2026-06-02 14:15:00 UTCBSBUSDT     0.261300      16.09     39082       4536620.000000    1189936.721160    46694668.000000 -119267.000000-0.25       2.188800    0.023200    1.07        68.64       31.36       2.414200    0.010200    0.42        70.71       29.29       1.861200    0.024300    1.32        65.05       34.95   
2026-06-02 14:30:00 UTCBSBUSDT     0.261390      16.32     28138       2232346.000000    582986.073110     46376722.000000 -317946.000000-0.68       2.179700    -0.009100   -0.42       68.55       31.45       2.430000    0.015800    0.65        70.85       29.15       1.836900    -0.024300   -1.31       64.75       35.25   
2026-06-02 14:45:00 UTCBSBUSDT     0.263050      20.64     21765       1622130.000000    427636.793890     46484620.000000 107898.000000 0.23        2.173600    -0.006100   -0.28       68.49       31.51       2.437500    0.007500    0.31        70.91       29.09       1.835300    -0.001600   -0.09       64.73       35.27   
2026-06-02 15:00:00 UTCBSBUSDT     0.267570      31.09     25016       1728211.000000    459417.039350     46621762.000000 137142.000000 0.30        2.176600    0.003000    0.14        68.52       31.48       2.445700    0.008200    0.34        70.98       29.02       1.839300    0.004000    0.22        64.78       35.22   
2026-06-02 15:15:00 UTCBSBUSDT     0.267400      30.93     23708       2017094.000000    538047.664220     46743363.000000 121601.000000 0.26        2.191800    0.015200    0.70        68.67       31.33       2.440600    -0.005100   -0.21       70.94       29.06       1.854700    0.015400    0.84        64.97       35.03   
2026-06-02 15:30:00 UTCBSBUSDT     0.260740      25.27     47900       6366748.000000    1651868.556740    46818539.000000 75176.000000  0.16        2.166600    -0.025200   -1.15       68.42       31.58       2.436000    -0.004600   -0.19       70.90       29.10       1.836900    -0.017800   -0.96       64.75       35.25   
2026-06-02 15:45:00 UTCBSBUSDT     0.266320      35.85     19934       1484524.000000    392377.108530     46322737.000000 -495802.000000-1.06       2.142700    -0.023900   -1.10       68.18       31.82       2.447700    0.011700    0.48        71.00       29.00       1.823300    -0.013600   -0.74       64.58       35.42   
2026-06-02 16:00:00 UTCBSBUSDT     0.269650      41.21     44493       5149459.000000    1399929.535180    46347872.000000 25135.000000  0.05        2.148600    0.005900    0.28        68.24       31.76       2.443000    -0.004700   -0.19       70.96       29.04       1.817700    -0.005600   -0.31       64.51       35.49   
2026-06-02 16:15:00 UTCBSBUSDT     0.267440      38.89     19814       1634962.000000    438977.100160     46525912.000000 178040.000000 0.38        2.162600    0.014000    0.65        68.38       31.62       2.451600    0.008600    0.35        71.03       28.97       1.840900    0.023200    1.28        64.80       35.20   
2026-06-02 16:30:00 UTCBSBUSDT     0.264800      36.26     18801       1566415.000000    416654.033210     46411545.000000 -114367.000000-0.25       2.164600    0.002000    0.09        68.40       31.60       2.457500    0.005900    0.24        71.08       28.92       1.846600    0.005700    0.31        64.87       35.13   
2026-06-02 16:45:00 UTCBSBUSDT     0.261770      33.47     17237       1417999.000000    372845.666100     46359128.000000 -52417.000000 -0.11       2.146600    -0.018000   -0.83       68.22       31.78       2.456300    -0.001200   -0.05       71.07       28.93       1.820100    -0.026500   -1.44       64.54       35.46   
2026-06-02 17:00:00 UTCBSBUSDT     0.263580      36.61     21871       1993355.000000    521212.827630     46477232.000000 118104.000000 0.25        2.168600    0.022000    1.02        68.44       31.56       2.450100    -0.006200   -0.25       71.02       28.98       1.842500    0.022400    1.23        64.82       35.18   
2026-06-02 17:15:00 UTCBSBUSDT     0.262390      35.43     16626       1415967.000000    371746.000800     46417341.000000 -59891.000000 -0.13       2.169600    0.001000    0.05        68.45       31.55       2.424300    -0.025800   -1.05       70.80       29.20       1.852300    0.009800    0.53        64.94       35.06   
2026-06-02 17:30:00 UTCBSBUSDT     0.257430      30.94     17792       1801298.000000    467110.241750     46629660.000000 212319.000000 0.46        2.173600    0.004000    0.18        68.49       31.51       2.436500    0.012200    0.50        70.90       29.10       1.856300    0.004000    0.22        64.99       35.01   
2026-06-02 17:45:00 UTCBSBUSDT     0.259070      33.92     14785       1288010.000000    333079.346530     46748414.000000 118754.000000 0.25        2.182700    0.009100    0.42        68.58       31.42       2.437000    0.000500    0.02        70.90       29.10       1.860400    0.004100    0.22        65.04       34.96   
2026-06-02 18:00:00 UTCBSBUSDT     0.260670      36.79     13846       1085306.000000    282286.069280     46871479.000000 123065.000000 0.26        2.160600    -0.022100   -1.01       68.36       31.64       2.434400    -0.002600   -0.11       70.88       29.12       1.849800    -0.010600   -0.57       64.91       35.09   
2026-06-02 18:15:00 UTCBSBUSDT     0.259400      35.47     11197       883376.000000     229745.161170     46976136.000000 104657.000000 0.22        2.174600    0.014000    0.65        68.50       31.50       2.434200    -0.000200   -0.01       70.88       29.12       1.857100    0.007300    0.39        65.00       35.00   
2026-06-02 18:30:00 UTCBSBUSDT     0.259810      36.26     13764       904839.000000     235752.805240     46974083.000000 -2053.000000  -0.00       2.185700    0.011100    0.51        68.61       31.39       2.425200    -0.009000   -0.37       70.80       29.20       1.867800    0.010700    0.58        65.13       34.87   
2026-06-02 18:45:00 UTCBSBUSDT     0.263130      42.43     12074       857616.000000     224519.257700     46902585.000000 -71498.000000 -0.15       2.176600    -0.009100   -0.42       68.52       31.48       2.423200    -0.002000   -0.08       70.79       29.21       1.867000    -0.000800   -0.04       65.12       34.88   
2026-06-02 19:00:00 UTCBSBUSDT     0.263090      42.38     19480       1542746.000000    408084.113170     46860242.000000 -42343.000000 -0.09       2.182700    0.006100    0.28        68.58       31.42       2.422600    -0.000600   -0.02       70.78       29.22       1.865300    -0.001700   -0.09       65.10       34.90   
2026-06-02 19:15:00 UTCBSBUSDT     0.260580      39.07     13225       1170297.000000    308470.405200     46715991.000000 -144251.000000-0.31       2.183700    0.001000    0.05        68.59       31.41       2.413500    -0.009100   -0.38       70.70       29.30       1.891000    0.025700    1.38        65.41       34.59   
2026-06-02 19:30:00 UTCBSBUSDT     0.261520      40.93     18622       1904248.000000    494634.613330     46671860.000000 -44131.000000 -0.09       2.203100    0.019400    0.89        68.78       31.22       2.411900    -0.001600   -0.07       70.69       29.31       1.899400    0.008400    0.44        65.51       34.49   
2026-06-02 19:45:00 UTCBSBUSDT     0.262580      43.04     12308       1145779.000000    300986.515190     46747789.000000 75929.000000  0.16        2.182700    -0.020400   -0.93       68.58       31.42       2.407500    -0.004400   -0.18       70.65       29.35       1.871900    -0.027500   -1.45       65.18       34.82   
2026-06-02 20:00:00 UTCBSBUSDT     0.269070      53.91     16727       1470204.000000    391893.794780     46634001.000000 -113788.000000-0.24       2.180700    -0.002000   -0.09       68.56       31.44       2.391400    -0.016100   -0.67       70.51       29.49       1.876900    0.005000    0.27        65.24       34.76   
2026-06-02 20:15:00 UTCBSBUSDT     0.269400      54.39     16607       1233598.000000    329926.464730     46581368.000000 -52633.000000 -0.11       2.164600    -0.016100   -0.74       68.40       31.60       2.393500    0.002100    0.09        70.53       29.47       1.876900    0.000000    0.00        65.24       34.76   
2026-06-02 20:30:00 UTCBSBUSDT     0.274450      61.03     14483       993855.000000     270438.919090     46555932.000000 -25436.000000 -0.05       2.157600    -0.007000   -0.32       68.33       31.67       2.395700    0.002200    0.09        70.55       29.45       1.871900    -0.005000   -0.27       65.18       34.82   
2026-06-02 20:45:00 UTCBSBUSDT     0.271840      56.45     14494       1038034.000000    283988.498020     46599191.000000 43259.000000  0.09        2.143700    -0.013900   -0.64       68.19       31.81       2.393700    -0.002000   -0.08       70.53       29.47       1.871900    0.000000    0.00        65.18       34.82   
2026-06-02 21:00:00 UTCBSBUSDT     0.268260      50.83     12630       1136037.000000    306950.684650     46642109.000000 42918.000000  0.09        2.163600    0.019900    0.93        68.39       31.61       2.392500    -0.001200   -0.05       70.52       29.48       1.887700    0.015800    0.84        65.37       34.63   
2026-06-02 21:15:00 UTCBSBUSDT     0.277680      61.66     13007       2121844.000000    584724.074300     46602795.000000 -39314.000000 -0.08       2.166600    0.003000    0.14        68.42       31.58       2.401100    0.008600    0.36        70.60       29.40       1.866200    -0.021500   -1.14       65.11       34.89   
2026-06-02 21:30:00 UTCBSBUSDT     0.276520      59.91     9635        1453237.000000    402698.747270     46669231.000000 66436.000000  0.14        2.159600    -0.007000   -0.32       68.35       31.65       2.389600    -0.011500   -0.48       70.50       29.50       1.875200    0.009000    0.48        65.22       34.78   
2026-06-02 21:45:00 UTCBSBUSDT     0.276890      60.29     14395       1091257.000000    302704.684720     46496526.000000 -172705.000000-0.37       2.182700    0.023100    1.07        68.58       31.42       2.379600    -0.010000   -0.42       70.41       29.59       1.891000    0.015800    0.84        65.41       34.59   
2026-06-02 22:00:00 UTCBSBUSDT     0.270200      50.75     19630       1664886.000000    454183.420670     46401891.000000 -94635.000000 -0.20       2.186700    0.004000    0.18        68.62       31.38       2.383000    0.003400    0.14        70.44       29.56       1.891000    0.000000    0.00        65.41       34.59   
2026-06-02 22:15:00 UTCBSBUSDT     0.262030      42.01     29214       3608847.000000    960086.908910     46290936.000000 -110955.000000-0.24       2.214400    0.027700    1.27        68.89       31.11       2.391600    0.008600    0.36        70.52       29.48       1.903600    0.012600    0.67        65.56       34.44   
2026-06-02 22:30:00 UTCBSBUSDT     0.264780      45.42     16796       1509118.000000    395745.172200     46006843.000000 -284093.000000-0.61       2.225800    0.011400    0.51        69.00       31.00       2.413100    0.021500    0.90        70.70       29.30       1.902800    -0.000800   -0.04       65.55       34.45   
2026-06-02 22:45:00 UTCBSBUSDT     0.259180      40.23     23852       2615945.000000    682459.708150     45948905.000000 -57938.000000 -0.13       2.214400    -0.011400   -0.51       68.89       31.11       2.421900    0.008800    0.36        70.78       29.22       1.901900    -0.000900   -0.05       65.54       34.46   
2026-06-02 23:00:00 UTCBSBUSDT     0.262000      43.72     20056       1827745.000000    477622.466190     45632384.000000 -316521.000000-0.69       2.223700    0.009300    0.42        68.98       31.02       2.395500    -0.026400   -1.09       70.55       29.45       1.908700    0.006800    0.36        65.62       34.38   
2026-06-02 23:15:00 UTCBSBUSDT     0.245110      31.77     51296       11681683.000000   2855903.076810    45620070.000000 -12314.000000 -0.03       2.212300    -0.011400   -0.51       68.87       31.13       2.407100    0.011600    0.48        70.65       29.35       1.891800    -0.016900   -0.89       65.42       34.58   
2026-06-02 23:30:00 UTCBSBUSDT     0.246870      33.80     33266       3438438.000000    847457.331740     45271543.000000 -348527.000000-0.76       2.230000    0.017700    0.80        69.04       30.96       2.451400    0.044300    1.84        71.03       28.97       1.853900    -0.037900   -2.00       64.96       35.04   
2026-06-02 23:45:00 UTCBSBUSDT     0.248150      35.31     20537       1837672.000000    456291.035100     45347857.000000 76314.000000  0.17        2.221600    -0.008400   -0.38       68.96       31.04       2.469600    0.018200    0.74        71.18       28.82       1.836100    -0.017800   -0.96       64.74       35.26   
2026-06-03 00:00:00 UTCBSBUSDT     0.254310      42.14     22072       2113405.000000    532985.806070     45337536.000000 -10321.000000 -0.02       2.232100    0.010500    0.47        69.06       30.94       2.474600    0.005000    0.20        71.22       28.78       1.854700    0.018600    1.01        64.97       35.03   
2026-06-03 00:15:00 UTCBSBUSDT     0.257110      44.98     18938       1694542.000000    435754.516370     45016508.000000 -321028.000000-0.71       2.192800    -0.039300   -1.76       68.68       31.32       2.466300    -0.008300   -0.34       71.15       28.85       1.830500    -0.024200   -1.30       64.67       35.33   
2026-06-03 00:30:00 UTCBSBUSDT     0.255410      43.58     15297       1414294.000000    362008.453630     45098335.000000 81827.000000  0.18        2.201000    0.008200    0.37        68.76       31.24       2.474900    0.008600    0.35        71.22       28.78       1.852300    0.021800    1.19        64.94       35.06   
2026-06-03 00:45:00 UTCBSBUSDT     0.253830      42.26     10623       914602.000000     233008.505080     45129721.000000 31386.000000  0.07        2.212300    0.011300    0.51        68.87       31.13       2.479800    0.004900    0.20        71.26       28.74       1.850600    -0.001700   -0.09       64.92       35.08   
2026-06-03 01:00:00 UTCBSBUSDT     0.255150      43.79     12688       1088866.000000    277070.734930     45188080.000000 58359.000000  0.13        2.210300    -0.002000   -0.09       68.85       31.15       2.481600    0.001800    0.07        71.28       28.72       1.858000    0.007400    0.40        65.01       34.99   
2026-06-03 01:15:00 UTCBSBUSDT     0.258970      48.07     9352        880691.000000     226191.622020     45228191.000000 40111.000000  0.09        2.217500    0.007200    0.33        68.92       31.08       2.479100    -0.002500   -0.10       71.26       28.74       1.862000    0.004000    0.22        65.06       34.94   
2026-06-03 01:30:00 UTCBSBUSDT     0.257270      46.38     12914       1157450.000000    299385.898800     45395649.000000 167458.000000 0.37        2.194900    -0.022600   -1.02       68.70       31.30       2.489000    0.009900    0.40        71.34       28.66       1.845800    -0.016200   -0.87       64.86       35.14   
2026-06-03 01:45:00 UTCBSBUSDT     0.255970      45.07     9922        776156.000000     199189.695080     45369190.000000 -26459.000000 -0.06       2.205100    0.010200    0.46        68.80       31.20       2.498200    0.009200    0.37        71.41       28.59       1.853900    0.008100    0.44        64.96       35.04   
2026-06-03 02:00:00 UTCBSBUSDT     0.256360      45.57     7185        572105.000000     146495.169240     45403929.000000 34739.000000  0.08        2.208200    0.003100    0.14        68.83       31.17       2.494700    -0.003500   -0.14       71.39       28.61       1.864500    0.010600    0.57        65.09       34.91   
2026-06-03 02:15:00 UTCBSBUSDT     0.255710      44.84     8633        721054.000000     184866.682160     45359752.000000 -44177.000000 -0.10       2.209200    0.001000    0.05        68.84       31.16       2.498200    0.003500    0.14        71.41       28.59       1.863700    -0.000800   -0.04       65.08       34.92   
2026-06-03 02:30:00 UTCBSBUSDT     0.259240      49.55     9902        927350.000000     239808.498250     45354152.000000 -5600.000000  -0.01       2.213400    0.004200    0.19        68.88       31.12       2.507900    0.009700    0.39        71.49       28.51       1.855500    -0.008200   -0.44       64.98       35.02   
2026-06-03 02:45:00 UTCBSBUSDT     0.259120      49.39     10701       1001358.000000    259697.320120     45464689.000000 110537.000000 0.24        2.200000    -0.013400   -0.61       68.75       31.25       2.532500    0.024600    0.98        71.69       28.31       1.858000    0.002500    0.13        65.01       34.99   
2026-06-03 03:00:00 UTCBSBUSDT     0.258190      48.14     9065        802079.000000     206990.662630     45406092.000000 -58597.000000 -0.13       2.205100    0.005100    0.23        68.80       31.20       2.530900    -0.001600   -0.06       71.68       28.32       1.865300    0.007300    0.39        65.10       34.90   
2026-06-03 03:15:00 UTCBSBUSDT     0.257320      46.94     7372        559637.000000     144031.289210     45300644.000000 -105448.000000-0.23       2.201000    -0.004100   -0.19       68.76       31.24       2.537600    0.006700    0.26        71.73       28.27       1.855500    -0.009800   -0.53       64.98       35.02   
2026-06-03 03:30:00 UTCBSBUSDT     0.255610      44.60     11710       956354.000000     246262.978470     45325697.000000 25053.000000  0.06        2.193900    -0.007100   -0.32       68.69       31.31       2.531800    -0.005800   -0.23       71.69       28.31       1.851400    -0.004100   -0.22       64.93       35.07   
2026-06-03 03:45:00 UTCBSBUSDT     0.254070      42.53     16164       1806869.000000    459010.146270     45162405.000000 -163292.000000-0.36       2.218500    0.024600    1.12        68.93       31.07       2.517800    -0.014000   -0.55       71.57       28.43       1.871900    0.020500    1.11        65.18       34.82   
2026-06-03 04:00:00 UTCBSBUSDT     0.252500      40.48     12520       1147066.000000    291232.575610     44802295.000000 -360110.000000-0.80       2.210300    -0.008200   -0.37       68.85       31.15       2.507400    -0.010400   -0.41       71.49       28.51       1.866200    -0.005700   -0.30       65.11       34.89   
2026-06-03 04:15:00 UTCBSBUSDT     0.254460      44.11     8100        552785.000000     140297.528610     44735622.000000 -66673.000000 -0.15       2.210300    0.000000    0.00        68.85       31.15       2.506600    -0.000800   -0.03       71.48       28.52       1.853900    -0.012300   -0.66       64.96       35.04   
2026-06-03 04:30:00 UTCBSBUSDT     0.254160      43.67     7276        451897.000000     114531.345080     44837081.000000 101459.000000 0.23        2.202000    -0.008300   -0.38       68.77       31.23       2.508200    0.001600    0.06        71.50       28.50       1.846600    -0.007300   -0.39       64.87       35.13   
2026-06-03 04:45:00 UTCBSBUSDT     0.256690      48.34     10365       1027829.000000    263310.970580     44876025.000000 38944.000000  0.09        2.201000    -0.001000   -0.05       68.76       31.24       2.504200    -0.004000   -0.16       71.46       28.54       1.846600    0.000000    0.00        64.87       35.13   
2026-06-03 05:00:00 UTCBSBUSDT     0.256650      48.27     13555       1148911.000000    295842.430090     45065576.000000 189551.000000 0.42        2.212300    0.011300    0.51        68.87       31.13       2.514100    0.009900    0.40        71.54       28.46       1.862900    0.016300    0.88        65.07       34.93   
2026-06-03 05:15:00 UTCBSBUSDT     0.257260      49.45     9584        873407.000000     224025.582800     45215526.000000 149950.000000 0.33        2.227900    0.015600    0.71        69.02       30.98       2.524000    0.009900    0.39        71.62       28.38       1.880200    0.017300    0.93        65.28       34.72   
2026-06-03 05:30:00 UTCBSBUSDT     0.260220      54.79     13501       1168192.000000    301186.673830     45359325.000000 143799.000000 0.32        2.235200    0.007300    0.33        69.09       30.91       2.529000    0.005000    0.20        71.66       28.34       1.882700    0.002500    0.13        65.31       34.69   
2026-06-03 05:45:00 UTCBSBUSDT     0.256070      47.25     14714       1160123.000000    299460.470560     45609076.000000 249751.000000 0.55        2.228900    -0.006300   -0.28       69.03       30.97       2.529000    0.000000    0.00        71.66       28.34       1.884300    0.001600    0.08        65.33       34.67   
2026-06-03 06:00:00 UTCBSBUSDT     0.256090      47.28     10851       852339.000000     218213.415150     45582395.000000 -26681.000000 -0.06       2.244600    0.015700    0.70        69.18       30.82       2.525300    -0.003700   -0.15       71.63       28.37       1.891800    0.007500    0.40        65.42       34.58   
2026-06-03 06:15:00 UTCBSBUSDT     0.256640      48.38     11052       1370109.000000    350973.559270     45617673.000000 35278.000000  0.08        2.249900    0.005300    0.24        69.23       30.77       2.520000    -0.005300   -0.21       71.59       28.41       1.887700    -0.004100   -0.22       65.37       34.63   
2026-06-03 06:30:00 UTCBSBUSDT     0.258410      51.83     10179       866292.000000     222819.069960     45991872.000000 374199.000000 0.82        2.254100    0.004200    0.19        69.27       30.73       2.518800    -0.001200   -0.05       71.58       28.42       1.889300    0.001600    0.08        65.39       34.61   
2026-06-03 06:45:00 UTCBSBUSDT     0.254130      44.14     9100        801288.000000     205166.879330     46062508.000000 70636.000000  0.15        2.260500    0.006400    0.28        69.33       30.67       2.511400    -0.007400   -0.29       71.52       28.48       1.908700    0.019400    1.03        65.62       34.38   
2026-06-03 07:00:00 UTCBSBUSDT     0.254210      44.30     8972        886089.000000     225720.637240     46121199.000000 58691.000000  0.13        2.286200    0.025700    1.14        69.57       30.43       2.511500    0.000100    0.00        71.52       28.48       1.916300    0.007600    0.40        65.71       34.29   
2026-06-03 07:15:00 UTCBSBUSDT     0.254400      44.72     8772        812349.000000     206604.297190     46257668.000000 136469.000000 0.30        2.280800    -0.005400   -0.24       69.52       30.48       2.496500    -0.015000   -0.60       71.40       28.60       1.921400    0.005100    0.27        65.77       34.23   
2026-06-03 07:30:00 UTCBSBUSDT     0.251450      39.70     12343       1501128.000000    378318.868130     46295325.000000 37657.000000  0.08        2.279800    -0.001000   -0.04       69.51       30.49       2.495300    -0.001200   -0.05       71.39       28.61       1.920600    -0.000800   -0.04       65.76       34.24   
2026-06-03 07:45:00 UTCBSBUSDT     0.251180      39.27     10359       1167034.000000    293097.226330     46306256.000000 10931.000000  0.02        2.296000    0.016200    0.71        69.66       30.34       2.487400    -0.007900   -0.32       71.33       28.67       1.927400    0.006800    0.35        65.84       34.16   
2026-06-03 08:00:00 UTCBSBUSDT     0.252330      42.17     11071       1049817.000000    264846.078230     46402237.000000 95981.000000  0.21        2.284100    -0.011900   -0.52       69.55       30.45       2.466800    -0.020600   -0.83       71.16       28.84       1.914600    -0.012800   -0.66       65.69       34.31   
2026-06-03 08:15:00 UTCBSBUSDT     0.254030      46.26     8260        988445.000000     250410.450700     46500047.000000 97810.000000  0.21        2.279800    -0.004300   -0.19       69.51       30.49       2.453200    -0.013600   -0.55       71.04       28.96       1.921400    0.006800    0.36        65.77       34.23   
2026-06-03 08:30:00 UTCBSBUSDT     0.252290      42.91     10338       1258903.000000    319401.109810     46646956.000000 146909.000000 0.32        2.279800    0.000000    0.00        69.51       30.49       2.455100    0.001900    0.08        71.06       28.94       1.926500    0.005100    0.27        65.83       34.17   
2026-06-03 08:45:00 UTCBSBUSDT     0.252520      43.50     7962        806202.000000     202852.164070     46468837.000000 -178119.000000-0.38       2.289500    0.009700    0.43        69.60       30.40       2.454000    -0.001100   -0.04       71.05       28.95       1.943800    0.017300    0.90        66.03       33.97   
2026-06-03 09:00:00 UTCBSBUSDT     0.247100      34.56     19713       2936441.000000    726561.719440     46485193.000000 16356.000000  0.04        2.299200    0.009700    0.42        69.69       30.31       2.461900    0.007900    0.32        71.11       28.89       1.929100    -0.014700   -0.76       65.86       34.14   
2026-06-03 09:15:00 UTCBSBUSDT     0.246790      34.13     14295       1685710.000000    416093.551640     46229190.000000 -256003.000000-0.55       2.308000    0.008800    0.38        69.77       30.23       2.479100    0.017200    0.70        71.26       28.74       1.929100    0.000000    0.00        65.86       34.14   
2026-06-03 09:30:00 UTCBSBUSDT     0.245330      32.09     13894       1702401.000000    418773.274120     46365214.000000 136024.000000 0.29        2.303600    -0.004400   -0.19       69.73       30.27       2.470800    -0.008300   -0.33       71.19       28.81       1.929100    0.000000    0.00        65.86       34.14   
2026-06-03 09:45:00 UTCBSBUSDT     0.247990      39.20     18355       1971140.000000    486890.931300     46406518.000000 41304.000000  0.09        2.303600    0.000000    0.00        69.73       30.27       2.482900    0.012100    0.49        71.29       28.71       1.930000    0.000900    0.05        65.87       34.13   
2026-06-03 10:00:00 UTCBSBUSDT     0.248330      40.07     14850       1589154.000000    393514.372780     46443439.000000 36921.000000  0.08        2.285200    -0.018400   -0.80       69.56       30.44       2.463800    -0.019100   -0.77       71.13       28.87       1.921400    -0.008600   -0.45       65.77       34.23   
2026-06-03 10:15:00 UTCBSBUSDT     0.247330      38.34     8238        1018712.000000    252053.669970     46464661.000000 21222.000000  0.05        2.281900    -0.003300   -0.14       69.53       30.47       2.473500    0.009700    0.39        71.21       28.79       1.921400    0.000000    0.00        65.77       34.23   
2026-06-03 10:30:00 UTCBSBUSDT     0.257260      57.79     26490       6501103.000000    1634774.549810    46515630.000000 50969.000000  0.11        2.296000    0.014100    0.62        69.66       30.34       2.471600    -0.001900   -0.08       71.20       28.80       1.932600    0.011200    0.58        65.90       34.10   
2026-06-03 10:45:00 UTCBSBUSDT     0.251220      47.89     26472       3169251.000000    808440.152610     47124023.000000 608393.000000 1.31        2.300300    0.004300    0.19        69.70       30.30       2.415400    -0.056200   -2.27       70.72       29.28       1.949000    0.016400    0.85        66.09       33.91   
2026-06-03 11:00:00 UTCBSBUSDT     0.252160      49.35     16900       1619185.000000    405777.888530     47003256.000000 -120767.000000-0.26       2.322300    0.022000    0.96        69.90       30.10       2.399700    -0.015700   -0.65       70.59       29.41       1.972700    0.023700    1.22        66.36       33.64   
2026-06-03 11:15:00 UTCBSBUSDT     0.251480      48.30     13837       1328815.000000    335951.785060     46961603.000000 -41653.000000 -0.09       2.325600    0.003300    0.14        69.93       30.07       2.400800    0.001100    0.05        70.60       29.40       1.956000    -0.016700   -0.85       66.17       33.83   
2026-06-03 11:30:00 UTCBSBUSDT     0.250450      46.68     10797       951584.000000     238393.019350     47068882.000000 107279.000000 0.23        2.327800    0.002200    0.09        69.95       30.05       2.397600    -0.003200   -0.13       70.57       29.43       1.965600    0.009600    0.49        66.28       33.72   
2026-06-03 11:45:00 UTCBSBUSDT     0.252440      50.15     9633        923717.000000     231666.557150     46993514.000000 -75368.000000 -0.16       2.334400    0.006600    0.28        70.01       29.99       2.401900    0.004300    0.18        70.60       29.40       1.970000    0.004400    0.22        66.33       33.67   
2026-06-03 12:00:00 UTCBSBUSDT     0.247890      43.22     15335       1437526.000000    358660.480380     47025572.000000 32058.000000  0.07        2.326700    -0.007700   -0.33       69.94       30.06       2.397800    -0.004100   -0.17       70.57       29.43       1.971800    0.001800    0.09        66.35       33.65   
2026-06-03 12:15:00 UTCBSBUSDT     0.245840      40.50     13816       1446054.000000    357780.662150     47062122.000000 36550.000000  0.08        2.335600    0.008900    0.38        70.02       29.98       2.410100    0.012300    0.51        70.68       29.32       1.954200    -0.017600   -0.89       66.15       33.85   
2026-06-03 12:30:00 UTCBSBUSDT     0.245220      39.68     15038       1549864.000000    380626.474850     47095381.000000 33259.000000  0.07        2.343400    0.007800    0.33        70.09       29.91       2.414800    0.004700    0.20        70.72       29.28       1.982400    0.028200    1.44        66.47       33.53   
2026-06-03 12:45:00 UTCBSBUSDT     0.247760      44.59     8331        808963.000000     200093.585860     47134910.000000 39529.000000  0.08        2.344500    0.001100    0.05        70.10       29.90       2.408500    -0.006300   -0.26       70.66       29.34       1.978000    -0.004400   -0.22       66.42       33.58   
2026-06-03 13:00:00 UTCBSBUSDT     0.247360      43.98     9796        869404.000000     214954.253990     47122644.000000 -12266.000000 -0.03       2.363600    0.019100    0.81        70.27       29.73       2.415300    0.006800    0.28        70.72       29.28       1.983300    0.005300    0.27        66.48       33.52   
2026-06-03 13:15:00 UTCBSBUSDT     0.248550      46.33     10263       843386.000000     209512.059430     47265376.000000 142732.000000 0.30        2.364700    0.001100    0.05        70.28       29.72       2.414500    -0.000800   -0.03       70.71       29.29       1.986000    0.002700    0.14        66.51       33.49   
2026-06-03 13:30:00 UTCBSBUSDT     0.247230      44.12     9818        646427.000000     160720.435450     47193850.000000 -71526.000000 -0.15       2.371500    0.006800    0.29        70.34       29.66       2.407600    -0.006900   -0.29       70.65       29.35       1.993100    0.007100    0.36        66.59       33.41   
2026-06-03 13:45:00 UTCBSBUSDT     0.248800      47.33     7940        635914.000000     158085.028800     47209215.000000 15365.000000  0.03        2.379500    0.008000    0.34        70.41       29.59       2.418100    0.010500    0.44        70.74       29.26       2.003000    0.009900    0.50        66.70       33.30   
2026-06-03 14:00:00 UTCBSBUSDT     0.249260      48.27     10449       951572.000000     236377.447820     47186788.000000 -22427.000000 -0.05       2.381800    0.002300    0.10        70.43       29.57       2.421100    0.003000    0.12        70.77       29.23       2.006600    0.003600    0.18        66.74       33.26   
2026-06-03 14:15:00 UTCBSBUSDT     0.251510      52.70     15221       1481483.000000    371173.888120     47271945.000000 85157.000000  0.18        2.380700    -0.001100   -0.05       70.42       29.58       2.419800    -0.001300   -0.05       70.76       29.24       1.998500    -0.008100   -0.40       66.65       33.35   
2026-06-03 14:30:00 UTCBSBUSDT     0.252070      53.76     9302        768090.000000     192744.198830     47309656.000000 37711.000000  0.08        2.380700    0.000000    0.00        70.42       29.58       2.417200    -0.002600   -0.11       70.74       29.26       2.008400    0.009900    0.50        66.76       33.24   
2026-06-03 14:45:00 UTCBSBUSDT     0.250210      49.77     9394        764448.000000     191661.713020     47332652.000000 22996.000000  0.05        2.381800    0.001100    0.05        70.43       29.57       2.424100    0.006900    0.29        70.80       29.20       2.002100    -0.006300   -0.31       66.69       33.31   
2026-06-03 15:00:00 UTCBSBUSDT     0.251060      51.54     10837       915207.000000     228884.644340     47350904.000000 18252.000000  0.04        2.393300    0.011500    0.48        70.53       29.47       2.437800    0.013700    0.57        70.91       29.09       2.006600    0.004500    0.22        66.74       33.26   
2026-06-03 15:15:00 UTCBSBUSDT     0.250100      49.42     8939        831315.000000     208131.947030     47320465.000000 -30439.000000 -0.06       2.395600    0.002300    0.10        70.55       29.45       2.434500    -0.003300   -0.14       70.88       29.12       2.022100    0.015500    0.77        66.91       33.09   
2026-06-03 15:30:00 UTCBSBUSDT     0.248630      46.28     10867       905545.000000     224559.217960     47312887.000000 -7578.000000  -0.02       2.382900    -0.012700   -0.53       70.44       29.56       2.440500    0.006000    0.25        70.93       29.07       2.011100    -0.011000   -0.54       66.79       33.21   
2026-06-03 15:45:00 UTCBSBUSDT     0.250400      50.37     9698        875329.000000     219268.242790     47342026.000000 29139.000000  0.06        2.395600    0.012700    0.53        70.55       29.45       2.435800    -0.004700   -0.19       70.89       29.11       2.025700    0.014600    0.73        66.95       33.05   
2026-06-03 16:00:00 UTCBSBUSDT     0.250340      50.23     13292       982713.000000     245741.306280     47408312.000000 66286.000000  0.14        2.386400    -0.009200   -0.38       70.47       29.53       2.432600    -0.003200   -0.13       70.87       29.13       2.011100    -0.014600   -0.72       66.79       33.21   
2026-06-03 16:15:00 UTCBSBUSDT     0.247810      44.61     15078       1364763.000000    340350.806930     47311958.000000 -96354.000000 -0.20       2.371500    -0.014900   -0.62       70.34       29.66       2.426900    -0.005700   -0.23       70.82       29.18       2.007500    -0.003600   -0.18       66.75       33.25   
2026-06-03 16:30:00 UTCBSBUSDT     0.255200      59.02     20179       1998867.000000    504608.645090     47206251.000000 -105707.000000-0.22       2.379500    0.008000    0.34        70.41       29.59       2.422700    -0.004200   -0.17       70.78       29.22       2.026600    0.019100    0.95        66.96       33.04   
2026-06-03 16:45:00 UTCBSBUSDT     0.259200      64.42     19003       1729478.000000    443467.891760     47243211.000000 36960.000000  0.08        2.352300    -0.027200   -1.14       70.17       29.83       2.409400    -0.013300   -0.55       70.67       29.33       2.005700    -0.020900   -1.03       66.73       33.27   
2026-06-03 17:00:00 UTCBSBUSDT     0.256020      57.89     17137       1259221.000000    324092.534950     47403906.000000 160695.000000 0.34        2.341100    -0.011200   -0.48       70.07       29.93       2.417200    0.007800    0.32        70.74       29.26       1.997600    -0.008100   -0.40       66.64       33.36   
2026-06-03 17:15:00 UTCBSBUSDT     0.253350      53.03     9422        907959.000000     230316.969600     47365747.000000 -38159.000000 -0.08       2.375000    0.033900    1.45        70.37       29.63       2.420000    0.002800    0.12        70.76       29.24       2.016600    0.019000    0.95        66.85       33.15   
2026-06-03 17:30:00 UTCBSBUSDT     0.257290      58.56     12418       958154.000000     245671.007030     47224610.000000 -141137.000000-0.30       2.360200    -0.014800   -0.62       70.24       29.76       2.420100    0.000100    0.00        70.76       29.24       2.017500    0.000900    0.04        66.86       33.14   
2026-06-03 17:45:00 UTCBSBUSDT     0.256210      56.59     9036        591533.000000     151285.595300     47204467.000000 -20143.000000 -0.04       2.368100    0.007900    0.33        70.31       29.69       2.431400    0.011300    0.47        70.86       29.14       2.025700    0.008200    0.41        66.95       33.05   
2026-06-03 18:00:00 UTCBSBUSDT     0.255190      54.73     7693        488188.000000     124603.636040     47247167.000000 42700.000000  0.09        2.349000    -0.019100   -0.81       70.14       29.86       2.434600    0.003200    0.13        70.88       29.12       2.011100    -0.014600   -0.72       66.79       33.21   
2026-06-03 18:15:00 UTCBSBUSDT     0.257240      57.75     8919        747357.000000     190869.230950     47149936.000000 -97231.000000 -0.21       2.365900    0.016900    0.72        70.29       29.71       2.438600    0.004000    0.16        70.92       29.08       2.022100    0.011000    0.55        66.91       33.09   
2026-06-03 18:30:00 UTCBSBUSDT     0.261920      63.70     14486       1274983.000000    331411.837140     47226537.000000 76601.000000  0.16        2.367000    0.001100    0.05        70.30       29.70       2.441400    0.002800    0.11        70.94       29.06       2.015700    -0.006400   -0.32       66.84       33.16   
2026-06-03 18:45:00 UTCBSBUSDT     0.263130      65.07     17674       1459538.000000    381723.700570     47392674.000000 166137.000000 0.35        2.359100    -0.007900   -0.33       70.23       29.77       2.440500    -0.000900   -0.04       70.93       29.07       2.026600    0.010900    0.54        66.96       33.04   
2026-06-03 19:00:00 UTCBSBUSDT     0.259580      58.14     12920       845318.000000     220643.715050     47389209.000000 -3465.000000  -0.01       2.352300    -0.006800   -0.29       70.17       29.83       2.444700    0.004200    0.17        70.97       29.03       2.036700    0.010100    0.50        67.07       32.93   
2026-06-03 19:15:00 UTCBSBUSDT     0.255140      50.84     11427       1165437.000000    299122.544250     47306872.000000 -82337.000000 -0.17       2.360200    0.007900    0.34        70.24       29.76       2.452000    0.007300    0.30        71.03       28.97       2.054400    0.017700    0.87        67.26       32.74   
2026-06-03 19:30:00 UTCBSBUSDT     0.257460      54.08     9305        722672.000000     185197.425350     47154474.000000 -152398.000000-0.32       2.376100    0.015900    0.67        70.38       29.62       2.459600    0.007600    0.31        71.09       28.91       2.050600    -0.003800   -0.18       67.22       32.78   
2026-06-03 19:45:00 UTCBSBUSDT     0.256540      52.60     9266        504872.000000     129639.356400     47334271.000000 179797.000000 0.38        2.358000    -0.018100   -0.76       70.22       29.78       2.448500    -0.011100   -0.45       71.00       29.00       2.027600    -0.023000   -1.12       66.97       33.03   
2026-06-03 20:00:00 UTCBSBUSDT     0.260520      57.97     11832       770841.000000     198923.194390     47275814.000000 -58457.000000 -0.12       2.367000    0.009000    0.38        70.30       29.70       2.446600    -0.001900   -0.08       70.99       29.01       2.044100    0.016500    0.81        67.15       32.85   
2026-06-03 20:15:00 UTCBSBUSDT     0.269560      67.08     22395       3023073.000000    805841.909660     47196769.000000 -79045.000000 -0.17       2.367000    0.000000    0.00        70.30       29.70       2.439800    -0.006800   -0.28       70.93       29.07       2.035800    -0.008300   -0.41       67.06       32.94   
2026-06-03 20:30:00 UTCBSBUSDT     0.264990      60.00     21059       1743272.000000    464880.837120     47242445.000000 45676.000000  0.10        2.350100    -0.016900   -0.71       70.15       29.85       2.477800    0.038000    1.56        71.25       28.75       2.032100    -0.003700   -0.18       67.02       32.98   
2026-06-03 20:45:00 UTCBSBUSDT     0.264900      59.86     14652       776582.000000     205186.676380     47174724.000000 -67721.000000 -0.14       2.359100    0.009000    0.38        70.23       29.77       2.484100    0.006300    0.25        71.30       28.70       2.046900    0.014800    0.73        67.18       32.82   
2026-06-03 21:00:00 UTCBSBUSDT     0.265420      60.41     13635       799754.000000     212616.733120     47172669.000000 -2055.000000  -0.00       2.345600    -0.013500   -0.57       70.11       29.89       2.483300    -0.000800   -0.03       71.29       28.71       2.041400    -0.005500   -0.27       67.12       32.88   
2026-06-03 21:15:00 UTCBSBUSDT     0.265630      60.65     6963        781061.000000     208596.702810     47177312.000000 4643.000000   0.01        2.349000    0.003400    0.14        70.14       29.86       2.494900    0.011600    0.47        71.39       28.61       2.038600    -0.002800   -0.14       67.09       32.91   
2026-06-03 21:30:00 UTCBSBUSDT     0.265170      59.81     6198        974180.000000     261777.251890     47204114.000000 26802.000000  0.06        2.336700    -0.012300   -0.52       70.03       29.97       2.493900    -0.001000   -0.04       71.38       28.62       2.030300    -0.008300   -0.41       67.00       33.00   
2026-06-03 21:45:00 UTCBSBUSDT     0.266680      61.68     7514        561743.000000     149832.626510     47160405.000000 -43709.000000 -0.09       2.343400    0.006700    0.29        70.09       29.91       2.500900    0.007000    0.28        71.44       28.56       2.035800    0.005500    0.27        67.06       32.94   
2026-06-03 22:00:00 UTCBSBUSDT     0.265200      58.80     14046       1130398.000000    302215.564910     47059031.000000 -101374.000000-0.21       2.360200    0.016800    0.72        70.24       29.76       2.501600    0.000700    0.03        71.44       28.56       2.040400    0.004600    0.23        67.11       32.89   
2026-06-03 22:15:00 UTCBSBUSDT     0.264210      56.88     10294       832626.000000     221115.098050     46879133.000000 -179898.000000-0.38       2.351200    -0.009000   -0.38       70.16       29.84       2.505600    0.004000    0.16        71.47       28.53       2.040400    0.000000    0.00        67.11       32.89   
2026-06-03 22:30:00 UTCBSBUSDT     0.256480      44.64     21079       3092302.000000    793516.543200     46675092.000000 -204041.000000-0.44       2.358000    0.006800    0.29        70.22       29.78       2.499600    -0.006000   -0.24       71.43       28.57       2.031200    -0.009200   -0.45       67.01       32.99   
2026-06-03 22:45:00 UTCBSBUSDT     0.253850      41.38     18855       1746712.000000    445149.742830     46458611.000000 -216481.000000-0.46       2.391000    0.033000    1.40        70.51       29.49       2.514700    0.015100    0.60        71.55       28.45       2.040400    0.009200    0.45        67.11       32.89   
2026-06-03 23:00:00 UTCBSBUSDT     0.256130      45.12     13671       1213275.000000    308830.974300     46389644.000000 -68967.000000 -0.15       2.376100    -0.014900   -0.62       70.38       29.62       2.511300    -0.003400   -0.14       71.52       28.48       2.032100    -0.008300   -0.41       67.02       32.98   
2026-06-03 23:15:00 UTCBSBUSDT     0.260770      51.86     20511       3447439.000000    894579.192980     46573711.000000 184067.000000 0.40        2.369300    -0.006800   -0.29       70.32       29.68       2.499900    -0.011400   -0.45       71.43       28.57       2.023900    -0.008200   -0.40       66.93       33.07   
2026-06-03 23:30:00 UTCBSBUSDT     0.260130      50.93     32737       5793845.000000    1520719.996990    46895196.000000 321485.000000 0.69        2.328900    -0.040400   -1.71       69.96       30.04       2.497000    -0.002900   -0.12       71.40       28.60       2.025700    0.001800    0.09        66.95       33.05   
2026-06-03 23:45:00 UTCBSBUSDT     0.259490      49.97     11318       757939.000000     196515.107870     46963370.000000 68174.000000  0.15        2.351200    0.022300    0.96        70.16       29.84       2.457000    -0.040000   -1.60       71.07       28.93       2.039500    0.013800    0.68        67.10       32.90   
2026-06-04 00:00:00 UTCBSBUSDT     0.263620      55.78     12496       940428.000000     246213.878160     46899298.000000 -64072.000000 -0.14       2.356800    0.005600    0.24        70.21       29.79       2.461000    0.004000    0.16        71.11       28.89       2.049700    0.010200    0.50        67.21       32.79   
2026-06-04 00:15:00 UTCBSBUSDT     0.265560      58.24     18692       1590203.000000    422897.142870     46913489.000000 14191.000000  0.03        2.360200    0.003400    0.14        70.24       29.76       2.466500    0.005500    0.22        71.15       28.85       2.038600    -0.011100   -0.54       67.09       32.91   
2026-06-04 00:30:00 UTCBSBUSDT     0.256980      46.06     28048       3007057.000000    778801.117390     46761630.000000 -151859.000000-0.32       2.376100    0.015900    0.67        70.38       29.62       2.481000    0.014500    0.59        71.27       28.73       2.061800    0.023200    1.14        67.34       32.66   
2026-06-04 00:45:00 UTCBSBUSDT     0.252740      41.44     18995       1667706.000000    422692.713570     46581512.000000 -180118.000000-0.39       2.382900    0.006800    0.29        70.44       29.56       2.500700    0.019700    0.79        71.43       28.57       2.037700    -0.024100   -1.17       67.08       32.92   
2026-06-04 01:00:00 UTCBSBUSDT     0.245760      35.19     34659       4514911.000000    1110749.864450    46502853.000000 -78659.000000 -0.17       2.382900    0.000000    0.00        70.44       29.56       2.514700    0.014000    0.56        71.55       28.45       2.058100    0.020400    1.00        67.30       32.70   
2026-06-04 01:15:00 UTCBSBUSDT     0.231860      26.59     65563       11952507.000000   2785574.488470    46597384.000000 94531.000000  0.20        2.385200    0.002300    0.10        70.46       29.54       2.567000    0.052300    2.08        71.97       28.03       2.032100    -0.026000   -1.26       67.02       32.98   
2026-06-04 01:30:00 UTCBSBUSDT     0.233830      29.23     21662       2272555.000000    527674.006010     46130373.000000 -467011.000000-1.00       2.382900    -0.002300   -0.10       70.44       29.56       2.652200    0.085200    3.32        72.62       27.38       1.988600    -0.043500   -2.14       66.54       33.46   
2026-06-04 01:45:00 UTCBSBUSDT     0.231120      27.76     24479       2764345.000000    637670.398800     46268490.000000 138117.000000 0.30        2.382900    0.000000    0.00        70.44       29.56       2.649000    -0.003200   -0.12       72.60       27.40       1.986000    -0.002600   -0.13       66.51       33.49   
2026-06-04 02:00:00 UTCBSBUSDT     0.217310      21.73     91764       24159707.000000   5186684.854620    46220260.000000 -48230.000000 -0.10       2.362500    -0.020400   -0.86       70.26       29.74       2.655300    0.006300    0.24        72.64       27.36       1.960300    -0.025700   -1.29       66.22       33.78   
2026-06-04 02:15:00 UTCBSBUSDT     0.221970      27.45     45447       8403506.000000    1849959.590870    45864020.000000 -356240.000000-0.77       2.227900    -0.134600   -5.70       69.02       30.98       2.636100    -0.019200   -0.72       72.50       27.50       1.796400    -0.163900   -8.36       64.24       35.76   
2026-06-04 02:30:00 UTCBSBUSDT     0.224150      30.03     20093       1901211.000000    426501.553950     46149464.000000 285444.000000 0.62        2.235200    0.007300    0.33        69.09       30.91       2.576600    -0.059500   -2.26       72.04       27.96       1.810600    0.014200    0.79        64.42       35.58   
2026-06-04 02:45:00 UTCBSBUSDT     0.224940      30.99     18717       1849594.000000    417239.358850     46135807.000000 -13657.000000 -0.03       2.243600    0.008400    0.38        69.17       30.83       2.613600    0.037000    1.44        72.33       27.67       1.816100    0.005500    0.30        64.49       35.51   
2026-06-04 03:00:00 UTCBSBUSDT     0.231580      38.60     22756       2301949.000000    529076.899630     46247901.000000 112094.000000 0.24        2.241500    -0.002100   -0.09       69.15       30.85       2.631900    0.018300    0.70        72.47       27.53       1.817700    0.001600    0.09        64.51       35.49   
2026-06-04 03:15:00 UTCBSBUSDT     0.229630      37.30     12800       1150967.000000    265798.498640     46350718.000000 102817.000000 0.22        2.245700    0.004200    0.19        69.19       30.81       2.639500    0.007600    0.29        72.52       27.48       1.835300    0.017600    0.97        64.73       35.27   
2026-06-04 03:30:00 UTCBSBUSDT     0.231990      39.93     12198       1002525.000000    232192.062100     46283016.000000 -67702.000000 -0.15       2.253100    0.007400    0.33        69.26       30.74       2.661500    0.022000    0.83        72.69       27.31       1.832100    -0.003200   -0.17       64.69       35.31   
2026-06-04 03:45:00 UTCBSBUSDT     0.230680      38.95     11949       943454.000000     217368.482900     46166749.000000 -116267.000000-0.25       2.340000    0.086900    3.86        70.06       29.94       2.682400    0.020900    0.79        72.84       27.16       1.845800    0.013700    0.75        64.86       35.14   
2026-06-04 04:00:00 UTCBSBUSDT     0.231140      39.51     12766       1227177.000000    284266.901510     46117764.000000 -48985.000000 -0.11       2.347800    0.007800    0.33        70.13       29.87       2.690700    0.008300    0.31        72.90       27.10       1.835300    -0.010500   -0.57       64.73       35.27   
2026-06-04 04:15:00 UTCBSBUSDT     0.231370      39.81     10084       857579.000000     198235.639010     46036132.000000 -81632.000000 -0.18       2.346700    -0.001100   -0.05       70.12       29.88       2.687200    -0.003500   -0.13       72.88       27.12       1.846600    0.011300    0.62        64.87       35.13   
2026-06-04 04:30:00 UTCBSBUSDT     0.231920      40.57     11409       952874.000000     219819.233640     46066988.000000 30856.000000  0.07        2.353500    0.006800    0.29        70.18       29.82       2.681700    -0.005500   -0.20       72.84       27.16       1.849800    0.003200    0.17        64.91       35.09   
2026-06-04 04:45:00 UTCBSBUSDT     0.234620      44.26     13195       1479923.000000    346687.371280     45948723.000000 -118265.000000-0.26       2.322300    -0.031200   -1.33       69.90       30.10       2.663700    -0.018000   -0.67       72.71       27.29       1.832900    -0.016900   -0.91       64.70       35.30   
2026-06-04 05:00:00 UTCBSBUSDT     0.230030      39.74     17710       1892662.000000    436234.936000     46231801.000000 283078.000000 0.62        2.286200    -0.036100   -1.55       69.57       30.43       2.643600    -0.020100   -0.75       72.55       27.45       1.806600    -0.026300   -1.43       64.37       35.63   
2026-06-04 05:15:00 UTCBSBUSDT     0.232910      43.63     13807       1403824.000000    324945.529290     46072962.000000 -158839.000000-0.34       2.265800    -0.020400   -0.89       69.38       30.62       2.660000    0.016400    0.62        72.68       27.32       1.799600    -0.007000   -0.39       64.28       35.72   
2026-06-04 05:30:00 UTCBSBUSDT     0.236280      47.86     15836       2484213.000000    581261.701600     46261317.000000 188355.000000 0.41        2.264800    -0.001000   -0.04       69.37       30.63       2.683000    0.023000    0.86        72.85       27.15       1.790200    -0.009400   -0.52       64.16       35.84   
2026-06-04 05:45:00 UTCBSBUSDT     0.231510      42.94     10732       1287988.000000    300820.862130     46075248.000000 -186069.000000-0.40       2.265800    0.001000    0.04        69.38       30.62       2.664100    -0.018900   -0.70       72.71       27.29       1.788600    -0.001600   -0.09       64.14       35.86   
2026-06-04 06:00:00 UTCBSBUSDT     0.237620      50.03     13483       1124041.000000    265047.935670     45866622.000000 -208626.000000-0.45       2.274400    0.008600    0.38        69.46       30.54       2.672300    0.008200    0.31        72.77       27.23       1.798800    0.010200    0.57        64.27       35.73   
2026-06-04 06:15:00 UTCBSBUSDT     0.238270      50.73     16229       1673071.000000    399937.832050     45875709.000000 9087.000000   0.02        2.271200    -0.003200   -0.14       69.43       30.57       2.670500    -0.001800   -0.07       72.76       27.24       1.801100    0.002300    0.13        64.30       35.70   
2026-06-04 06:30:00 UTCBSBUSDT     0.234150      46.30     9276        1100258.000000    258145.146660     45769588.000000 -106121.000000-0.23       2.274400    0.003200    0.14        69.46       30.54       2.655400    -0.015100   -0.57       72.64       27.36       1.829700    0.028600    1.59        64.66       35.34   
2026-06-04 06:45:00 UTCBSBUSDT     0.232950      45.06     4079        622364.000000     145169.167730     45598166.000000 -171422.000000-0.37       2.277600    0.003200    0.14        69.49       30.51       2.658600    0.003200    0.12        72.67       27.33       1.822500    -0.007200   -0.39       64.57       35.43   
2026-06-04 07:00:00 UTCBSBUSDT     0.231250      43.30     7867        2010955.000000    464297.280400     45638861.000000 40695.000000  0.09        2.277600    0.000000    0.00        69.49       30.51       2.656300    -0.002300   -0.09       72.65       27.35       1.832100    0.009600    0.53        64.69       35.31   
2026-06-04 07:15:00 UTCBSBUSDT     0.230220      42.22     7583        939863.000000     216834.176330     45796298.000000 157437.000000 0.34        2.258400    -0.019200   -0.84       69.31       30.69       2.627300    -0.029000   -1.09       72.43       27.57       1.801900    -0.030200   -1.65       64.31       35.69   
2026-06-04 07:30:00 UTCBSBUSDT     0.231670      44.32     8932        754586.000000     174674.268920     45818375.000000 22077.000000  0.05        2.257300    -0.001100   -0.05       69.30       30.70       2.616800    -0.010500   -0.40       72.35       27.65       1.804300    0.002400    0.13        64.34       35.66   
2026-06-04 07:45:00 UTCBSBUSDT     0.229310      41.67     6889        557858.000000     128634.639960     45879053.000000 60678.000000  0.13        2.259500    0.002200    0.10        69.32       30.68       2.612500    -0.004300   -0.16       72.32       27.68       1.801900    -0.002400   -0.13       64.31       35.69   
2026-06-04 08:00:00 UTCBSBUSDT     0.230570      43.61     11576       1195674.000000    276822.133530     45896598.000000 17545.000000  0.04        2.279800    0.020300    0.90        69.51       30.49       2.614700    0.002200    0.08        72.34       27.66       1.812100    0.010200    0.57        64.44       35.56   
2026-06-04 08:15:00 UTCBSBUSDT     0.232820      47.00     8398        624726.000000     144754.309280     46040847.000000 144249.000000 0.31        2.266900    -0.012900   -0.57       69.39       30.61       2.607700    -0.007000   -0.27       72.28       27.72       1.804300    -0.007800   -0.43       64.34       35.66   
2026-06-04 08:30:00 UTCBSBUSDT     0.233320      47.76     9503        757666.000000     177127.830660     46068271.000000 27424.000000  0.06        2.270100    0.003200    0.14        69.42       30.58       2.610200    0.002500    0.10        72.30       27.70       1.806600    0.002300    0.13        64.37       35.63   
2026-06-04 08:45:00 UTCBSBUSDT     0.234020      48.85     7124        543350.000000     127513.361740     46170657.000000 102386.000000 0.22        2.266900    -0.003200   -0.14       69.39       30.61       2.609600    -0.000600   -0.02       72.30       27.70       1.820100    0.013500    0.75        64.54       35.46   
2026-06-04 09:00:00 UTCBSBUSDT     0.229060      42.12     14398       1460713.000000    336643.009820     46173177.000000 2520.000000   0.01        2.262600    -0.004300   -0.19       69.35       30.65       2.611600    0.002000    0.08        72.31       27.69       1.832900    0.012800    0.70        64.70       35.30   
2026-06-04 09:15:00 UTCBSBUSDT     0.224000      36.57     20364       2486253.000000    561566.681340     46114131.000000 -59046.000000 -0.13       2.274400    0.011800    0.52        69.46       30.54       2.616400    0.004800    0.18        72.35       27.65       1.819300    -0.013600   -0.74       64.53       35.47   
2026-06-04 09:30:00 UTCBSBUSDT     0.224640      37.69     12991       1207920.000000    271478.905760     45999946.000000 -114185.000000-0.25       2.325600    0.051200    2.25        69.93       30.07       2.609400    -0.007000   -0.27       72.29       27.71       1.844100    0.024800    1.36        64.84       35.16   
2026-06-04 09:45:00 UTCBSBUSDT     0.226900      41.60     11428       1019245.000000    229343.050540     46165650.000000 165704.000000 0.36        2.306900    -0.018700   -0.80       69.76       30.24       2.609200    -0.000200   -0.01       72.29       27.71       1.832900    -0.011200   -0.61       64.70       35.30   
2026-06-04 10:00:00 UTCBSBUSDT     0.227970      43.41     11440       1027062.000000    233682.748060     46211582.000000 45932.000000  0.10        2.293800    -0.013100   -0.57       69.64       30.36       2.604400    -0.004800   -0.18       72.26       27.74       1.824900    -0.008000   -0.44       64.60       35.40   
2026-06-04 10:15:00 UTCBSBUSDT     0.230270      47.20     10282       998182.000000     229350.941870     46326867.000000 115285.000000 0.25        2.285200    -0.008600   -0.37       69.56       30.44       2.608200    0.003800    0.15        72.29       27.71       1.822500    -0.002400   -0.13       64.57       35.43   
2026-06-04 10:30:00 UTCBSBUSDT     0.231580      49.28     11396       1137558.000000    261540.296950     46296560.000000 -30307.000000 -0.07       2.294900    0.009700    0.42        69.65       30.35       2.608100    -0.000100   -0.00       72.28       27.72       1.830500    0.008000    0.44        64.67       35.33   
2026-06-04 10:45:00 UTCBSBUSDT     0.229450      46.10     12367       1286049.000000    296086.186650     46398923.000000 102363.000000 0.22        2.272300    -0.022600   -0.98       69.44       30.56       2.599000    -0.009100   -0.35       72.21       27.79       1.807400    -0.023100   -1.26       64.38       35.62   
2026-06-04 11:00:00 UTCBSBUSDT     0.227250      43.01     10353       1041287.000000    237601.405210     46373001.000000 -25922.000000 -0.06       2.288400    0.016100    0.71        69.59       30.41       2.585700    -0.013300   -0.51       72.11       27.89       1.829700    0.022300    1.23        64.66       35.34   
2026-06-04 11:15:00 UTCBSBUSDT     0.227140      42.85     9268        891743.000000     203190.484610     46354580.000000 -18421.000000 -0.04       2.275500    -0.012900   -0.56       69.47       30.53       2.573900    -0.011800   -0.46       72.02       27.98       1.820100    -0.009600   -0.52       64.54       35.46   
2026-06-04 11:30:00 UTCBSBUSDT     0.227800      44.15     8815        790192.000000     180342.790610     46348878.000000 -5702.000000  -0.01       2.280800    0.005300    0.23        69.52       30.48       2.574600    0.000700    0.03        72.03       27.97       1.822500    0.002400    0.13        64.57       35.43   
2026-06-04 11:45:00 UTCBSBUSDT     0.226660      42.36     8499        1159108.000000    262607.975110     46408459.000000 59581.000000  0.13        2.287300    0.006500    0.28        69.58       30.42       2.561700    -0.012900   -0.50       71.92       28.08       1.844100    0.021600    1.19        64.84       35.16   
2026-06-04 12:00:00 UTCBSBUSDT     0.222290      36.29     17146       1872815.000000    418438.279650     46323352.000000 -85107.000000 -0.18       2.291600    0.004300    0.19        69.62       30.38       2.551700    -0.010000   -0.39       71.84       28.16       1.834500    -0.009600   -0.52       64.72       35.28   
2026-06-04 12:15:00 UTCBSBUSDT     0.219650      33.19     21282       2690666.000000    595206.752550     46512728.000000 189376.000000 0.41        2.314600    0.023000    1.00        69.83       30.17       2.526100    -0.025600   -1.00       71.64       28.36       1.852300    0.017800    0.97        64.94       35.06   
2026-06-04 12:30:00 UTCBSBUSDT     0.223750      41.53     18257       1771658.000000    395062.286470     46576665.000000 63937.000000  0.14        2.320100    0.005500    0.24        69.88       30.12       2.500800    -0.025300   -1.00       71.44       28.56       1.853100    0.000800    0.04        64.95       35.05   
2026-06-04 12:45:00 UTCBSBUSDT     0.222940      40.46     11628       1121302.000000    250326.638640     46458526.000000 -118139.000000-0.25       2.317900    -0.002200   -0.09       69.86       30.14       2.493800    -0.007000   -0.28       71.38       28.62       1.853100    0.000000    0.00        64.95       35.05   
2026-06-04 13:00:00 UTCBSBUSDT     0.221800      38.93     11023       949657.000000     211088.295750     46391174.000000 -67352.000000 -0.14       2.316700    -0.001200   -0.05       69.85       30.15       2.495200    0.001400    0.06        71.39       28.61       1.849800    -0.003300   -0.18       64.91       35.09   
2026-06-04 13:15:00 UTCBSBUSDT     0.221420      38.41     10561       1155157.000000    256131.168460     46491775.000000 100601.000000 0.22        2.304700    -0.012000   -0.52       69.74       30.26       2.484000    -0.011200   -0.45       71.30       28.70       1.842500    -0.007300   -0.39       64.82       35.18   
2026-06-04 13:30:00 UTCBSBUSDT     0.223090      42.08     12175       1000869.000000    223237.505830     46512202.000000 20427.000000  0.04        2.310200    0.005500    0.24        69.79       30.21       2.469200    -0.014800   -0.60       71.17       28.83       1.854700    0.012200    0.66        64.97       35.03   
2026-06-04 13:45:00 UTCBSBUSDT     0.224910      45.86     7615        687805.000000     153675.768010     46599053.000000 86851.000000  0.19        2.310200    0.000000    0.00        69.79       30.21       2.472300    0.003100    0.13        71.20       28.80       1.854700    0.000000    0.00        64.97       35.03   
2026-06-04 14:00:00 UTCBSBUSDT     0.222690      42.24     12004       1208795.000000    269523.903020     46689389.000000 90336.000000  0.19        2.317900    0.007700    0.33        69.86       30.14       2.475300    0.003000    0.12        71.23       28.77       1.864500    0.009800    0.53        65.09       34.91   
2026-06-04 14:15:00 UTCBSBUSDT     0.220300      38.69     10505       1158813.000000    256127.097100     46837982.000000 148593.000000 0.32        2.337800    0.019900    0.86        70.04       29.96       2.486000    0.010700    0.43        71.31       28.69       1.877700    0.013200    0.71        65.25       34.75   
2026-06-04 14:30:00 UTCBSBUSDT     0.219770      37.93     15096       2013435.000000    440824.635420     46816936.000000 -21046.000000 -0.04       2.335600    -0.002200   -0.09       70.02       29.98       2.486000    0.000000    0.00        71.31       28.69       1.876000    -0.001700   -0.09       65.23       34.77   
2026-06-04 14:45:00 UTCBSBUSDT     0.222070      43.15     14193       1490425.000000    329483.630450     46867030.000000 50094.000000  0.11        2.365900    0.030300    1.30        70.29       29.71       2.494600    0.008600    0.35        71.38       28.62       1.887700    0.011700    0.62        65.37       34.63   
2026-06-04 15:00:00 UTCBSBUSDT     0.221490      42.19     10858       1216872.000000    269569.661970     46922644.000000 55614.000000  0.12        2.345600    -0.020300   -0.86       70.11       29.89       2.491800    -0.002800   -0.11       71.36       28.64       1.871100    -0.016600   -0.88       65.17       34.83   
2026-06-04 15:15:00 UTCBSBUSDT     0.218830      38.00     12115       1370439.000000    300305.904750     47024034.000000 101390.000000 0.22        2.389800    0.044200    1.88        70.50       29.50       2.504900    0.013100    0.53        71.47       28.53       1.897700    0.026600    1.42        65.49       34.51   
2026-06-04 15:30:00 UTCBSBUSDT     0.219390      39.36     9312        943647.000000     206842.366130     47088113.000000 64079.000000  0.14        2.389800    0.000000    0.00        70.50       29.50       2.512900    0.008000    0.32        71.53       28.47       1.906100    0.008400    0.44        65.59       34.41   
2026-06-04 15:45:00 UTCBSBUSDT     0.219450      39.52     9517        1043195.000000    228437.300180     47154960.000000 66847.000000  0.14        2.394400    0.004600    0.19        70.54       29.46       2.502600    -0.010300   -0.41       71.45       28.55       1.908700    0.002600    0.14        65.62       34.38   
2026-06-04 16:00:00 UTCBSBUSDT     0.215680      33.73     21091       3103096.000000    670616.881000     47214156.000000 59196.000000  0.13        2.403700    0.009300    0.39        70.62       29.38       2.495800    -0.006800   -0.27       71.39       28.61       1.921400    0.012700    0.67        65.77       34.23   
2026-06-04 16:15:00 UTCBSBUSDT     0.215510      33.50     8413        1240038.000000    266801.600810     47216179.000000 2023.000000   0.00        2.420000    0.016300    0.68        70.76       29.24       2.503700    0.007900    0.32        71.46       28.54       1.918000    -0.003400   -0.18       65.73       34.27   
2026-06-04 16:30:00 UTCBSBUSDT     0.215670      33.97     9811        1002559.000000    215728.102070     47378694.000000 162515.000000 0.34        2.413000    -0.007000   -0.29       70.70       29.30       2.508500    0.004800    0.19        71.50       28.50       1.919700    0.001700    0.09        65.75       34.25   
2026-06-04 16:45:00 UTCBSBUSDT     0.215680      34.00     7029        807145.000000     174166.032780     47509112.000000 130418.000000 0.28        2.415300    0.002300    0.10        70.72       29.28       2.507700    -0.000800   -0.03       71.49       28.51       1.923100    0.003400    0.18        65.79       34.21   
2026-06-04 17:00:00 UTCBSBUSDT     0.218190      41.55     14172       2161462.000000    467761.383520     47607844.000000 98732.000000  0.21        2.411800    -0.003500   -0.14       70.69       29.31       2.517700    0.010000    0.40        71.57       28.43       1.912900    -0.010200   -0.53       65.67       34.33   
2026-06-04 17:15:00 UTCBSBUSDT     0.220010      46.34     10808       1272990.000000    277892.386530     47683759.000000 75915.000000  0.16        2.388700    -0.023100   -0.96       70.49       29.51       2.501900    -0.015800   -0.63       71.44       28.56       1.902800    -0.010100   -0.53       65.55       34.45   
2026-06-04 17:30:00 UTCBSBUSDT     0.222800      52.74     15941       1645801.000000    366263.568940     47617510.000000 -66249.000000 -0.14       2.388700    0.000000    0.00        70.49       29.51       2.495900    -0.006000   -0.24       71.39       28.61       1.907800    0.005000    0.26        65.61       34.39   
2026-06-04 17:45:00 UTCBSBUSDT     0.224790      56.71     13000       1053888.000000    235770.593630     47570300.000000 -47210.000000 -0.10       2.370400    -0.018300   -0.77       70.33       29.67       2.483500    -0.012400   -0.50       71.29       28.71       1.911200    0.003400    0.18        65.65       34.35   
2026-06-04 18:00:00 UTCBSBUSDT     0.224930      56.98     18485       1618252.000000    365732.293600     47609023.000000 38723.000000  0.08        2.341100    -0.029300   -1.24       70.07       29.93       2.485700    0.002200    0.09        71.31       28.69       1.901100    -0.010100   -0.53       65.53       34.47   
2026-06-04 18:15:00 UTCBSBUSDT     0.224400      55.55     14042       1276151.000000    284956.831100     47608632.000000 -391.000000   -0.00       2.332200    -0.008900   -0.38       69.99       30.01       2.491600    0.005900    0.24        71.36       28.64       1.915500    0.014400    0.76        65.70       34.30   
2026-06-04 18:30:00 UTCBSBUSDT     0.225280      57.46     17902       1966649.000000    446449.001580     47360560.000000 -248072.000000-0.52       2.328900    -0.003300   -0.14       69.96       30.04       2.480000    -0.011600   -0.47       71.26       28.74       1.912100    -0.003400   -0.18       65.66       34.34   
2026-06-04 18:45:00 UTCBSBUSDT     0.225260      57.40     7042        571278.000000     129042.993710     47515470.000000 154910.000000 0.33        2.332200    0.003300    0.14        69.99       30.01       2.495600    0.015600    0.63        71.39       28.61       1.912900    0.000800    0.04        65.67       34.33   
2026-06-04 19:00:00 UTCBSBUSDT     0.225580      58.15     10193       1229819.000000    275395.240680     47532217.000000 16747.000000  0.04        2.323400    -0.008800   -0.38       69.91       30.09       2.503400    0.007800    0.31        71.46       28.54       1.905300    -0.007600   -0.40       65.58       34.42   
2026-06-04 19:15:00 UTCBSBUSDT     0.227530      62.53     6314        476688.000000     107771.000640     47551521.000000 19304.000000  0.04        2.342200    0.018800    0.81        70.08       29.92       2.505500    0.002100    0.08        71.47       28.53       1.912100    0.006800    0.36        65.66       34.34   
2026-06-04 19:30:00 UTCBSBUSDT     0.225840      56.97     6156        409897.000000     92813.083710      47518332.000000 -33189.000000 -0.07       2.346700    0.004500    0.19        70.12       29.88       2.509700    0.004200    0.17        71.51       28.49       1.913800    0.001700    0.09        65.68       34.32   
2026-06-04 19:45:00 UTCBSBUSDT     0.226400      58.29     6650        539548.000000     121676.265160     47521659.000000 3327.000000   0.01        2.349000    0.002300    0.10        70.14       29.86       2.508500    -0.001200   -0.05       71.50       28.50       1.921400    0.007600    0.40        65.77       34.23   
2026-06-04 20:00:00 UTCBSBUSDT     0.230950      67.13     13770       1625424.000000    371790.747780     47497682.000000 -23977.000000 -0.05       2.344500    -0.004500   -0.19       70.10       29.90       2.500800    -0.007700   -0.31       71.43       28.57       1.915500    -0.005900   -0.31       65.70       34.30   
2026-06-04 20:15:00 UTCBSBUSDT     0.233240      70.52     15891       1405462.000000    325867.034750     47374257.000000 -123425.000000-0.26       2.290600    -0.053900   -2.30       69.61       30.39       2.483300    -0.017500   -0.70       71.29       28.71       1.886000    -0.029500   -1.54       65.35       34.65   
2026-06-04 20:30:00 UTCBSBUSDT     0.232380      67.70     10353       646119.000000     150120.244260     47399740.000000 25483.000000  0.05        2.279800    -0.010800   -0.47       69.51       30.49       2.467900    -0.015400   -0.62       71.16       28.84       1.881000    -0.005000   -0.27       65.29       34.71   
2026-06-04 20:45:00 UTCBSBUSDT     0.228880      57.60     9415        648221.000000     148773.059230     47404752.000000 5012.000000   0.01        2.294900    0.015100    0.66        69.65       30.35       2.466900    -0.001000   -0.04       71.16       28.84       1.891000    0.010000    0.53        65.41       34.59   
2026-06-04 21:00:00 UTCBSBUSDT     0.226030      50.94     9820        827361.000000     187828.068630     47287165.000000 -117587.000000-0.25       2.299200    0.004300    0.19        69.69       30.31       2.465600    -0.001300   -0.05       71.14       28.86       1.891000    0.000000    0.00        65.41       34.59   
2026-06-04 21:15:00 UTCBSBUSDT     0.225620      50.04     5310        845746.000000     191208.570720     47173321.000000 -113844.000000-0.24       2.291600    -0.007600   -0.33       69.62       30.38       2.464200    -0.001400   -0.06       71.13       28.87       1.893500    0.002500    0.13        65.44       34.56   
2026-06-04 21:30:00 UTCBSBUSDT     0.225410      49.56     3887        681296.000000     153626.617650     47125850.000000 -47471.000000 -0.10       2.294900    0.003300    0.14        69.65       30.35       2.459000    -0.005200   -0.21       71.09       28.91       1.899400    0.005900    0.31        65.51       34.49   
2026-06-04 21:45:00 UTCBSBUSDT     0.225150      48.93     5308        418644.000000     94494.506190      47062510.000000 -63340.000000 -0.13       2.305800    0.010900    0.47        69.75       30.25       2.448000    -0.011000   -0.45       71.00       29.00       1.891800    -0.007600   -0.40       65.42       34.58   
2026-06-04 22:00:00 UTCBSBUSDT     0.223090      44.16     13700       987380.000000     221872.347100     46983499.000000 -79011.000000 -0.17       2.300300    -0.005500   -0.24       69.70       30.30       2.444200    -0.003800   -0.16       70.97       29.03       1.888500    -0.003300   -0.17       65.38       34.62   
2026-06-04 22:15:00 UTCBSBUSDT     0.224520      47.95     7541        480848.000000     107528.248840     47004972.000000 21473.000000  0.05        2.304700    0.004400    0.19        69.74       30.26       2.441300    -0.002900   -0.12       70.94       29.06       1.883500    -0.005000   -0.26       65.32       34.68   
2026-06-04 22:30:00 UTCBSBUSDT     0.221690      41.89     11416       1089699.000000    242512.015950     46975187.000000 -29785.000000 -0.06       2.293800    -0.010900   -0.47       69.64       30.36       2.436800    -0.004500   -0.18       70.90       29.10       1.880200    -0.003300   -0.18       65.28       34.72   
2026-06-04 22:45:00 UTCBSBUSDT     0.224050      47.82     8414        636561.000000     141914.928600     46933006.000000 -42181.000000 -0.09       2.296000    0.002200    0.10        69.66       30.34       2.445300    0.008500    0.35        70.97       29.03       1.882700    0.002500    0.13        65.31       34.69   
2026-06-04 23:00:00 UTCBSBUSDT     0.226090      52.34     11836       1078631.000000    244304.215340     46943105.000000 10099.000000  0.02        2.290600    -0.005400   -0.24       69.61       30.39       2.439700    -0.005600   -0.23       70.93       29.07       1.878500    -0.004200   -0.22       65.26       34.74   
2026-06-04 23:15:00 UTCBSBUSDT     0.225190      50.27     7525        492011.000000     110670.134250     47006006.000000 62901.000000  0.13        2.288400    -0.002200   -0.10       69.59       30.41       2.438000    -0.001700   -0.07       70.91       29.09       1.869400    -0.009100   -0.48       65.15       34.85   
2026-06-04 23:30:00 UTCBSBUSDT     0.224830      49.43     8184        543232.000000     121786.760300     46986489.000000 -19517.000000 -0.04       2.291600    0.003200    0.14        69.62       30.38       2.438300    0.000300    0.01        70.92       29.08       1.870300    0.000900    0.05        65.16       34.84   
2026-06-04 23:45:00 UTCBSBUSDT     0.232330      63.25     29886       3289261.000000    762547.394310     46946948.000000 -39541.000000 -0.08       2.296000    0.004400    0.19        69.66       30.34       2.440000    0.001700    0.07        70.93       29.07       1.874400    0.004100    0.22        65.21       34.79   
2026-06-05 00:00:00 UTCBSBUSDT     0.230940      59.98     20279       1808160.000000    417911.258360     46753142.000000 -193806.000000-0.41       2.260500    -0.035500   -1.55       69.33       30.67       2.411300    -0.028700   -1.18       70.69       29.31       1.858800    -0.015600   -0.83       65.02       34.98   
2026-06-05 00:15:00 UTCBSBUSDT     0.231480      60.82     16071       1289660.000000    299202.120040     46808204.000000 55062.000000  0.12        2.273300    0.012800    0.57        69.45       30.55       2.412100    0.000800    0.03        70.69       29.31       1.858800    0.000000    0.00        65.02       34.98   
2026-06-05 00:30:00 UTCBSBUSDT     0.233140      63.39     13804       1122160.000000    261800.657320     46914702.000000 106498.000000 0.23        2.265800    -0.007500   -0.33       69.38       30.62       2.400200    -0.011900   -0.49       70.59       29.41       1.860400    0.001600    0.09        65.04       34.96   
2026-06-05 00:45:00 UTCBSBUSDT     0.231910      60.24     10052       720707.000000     167846.983570     46933355.000000 18653.000000  0.04        2.280800    0.015000    0.66        69.52       30.48       2.396800    -0.003400   -0.14       70.56       29.44       1.879400    0.019000    1.02        65.27       34.73   
2026-06-05 01:00:00 UTCBSBUSDT     0.228560      52.58     19061       2441262.000000    555898.082710     46891485.000000 -41870.000000 -0.09       2.274400    -0.006400   -0.28       69.46       30.54       2.388600    -0.008200   -0.34       70.49       29.51       1.883500    0.004100    0.22        65.32       34.68   
2026-06-05 01:15:00 UTCBSBUSDT     0.228210      51.84     9374        682784.000000     156034.956940     46414519.000000 -476966.000000-1.02       2.283000    0.008600    0.38        69.54       30.46       2.378000    -0.010600   -0.44       70.40       29.60       1.885200    0.001700    0.09        65.34       34.66   
2026-06-05 01:30:00 UTCBSBUSDT     0.227930      51.21     7777        533653.000000     121536.547880     46379324.000000 -35195.000000 -0.08       2.272300    -0.010700   -0.47       69.44       30.56       2.376500    -0.001500   -0.06       70.38       29.62       1.873600    -0.011600   -0.62       65.20       34.80   
2026-06-05 01:45:00 UTCBSBUSDT     0.227670      50.61     6312        502496.000000     114198.234740     46363187.000000 -16137.000000 -0.03       2.249900    -0.022400   -0.99       69.23       30.77       2.379000    0.002500    0.11        70.41       29.59       1.862000    -0.011600   -0.62       65.06       34.94   
2026-06-05 02:00:00 UTCBSBUSDT     0.229030      53.70     9326        619053.000000     141586.919940     46343591.000000 -19596.000000 -0.04       2.252000    0.002100    0.09        69.25       30.75       2.378800    -0.000200   -0.01       70.40       29.60       1.860400    -0.001600   -0.09       65.04       34.96   
2026-06-05 02:15:00 UTCBSBUSDT     0.229830      55.47     11718       1012531.000000    233661.689460     46317667.000000 -25924.000000 -0.06       2.244600    -0.007400   -0.33       69.18       30.82       2.385300    0.006500    0.27        70.46       29.54       1.850600    -0.009800   -0.53       64.92       35.08   
2026-06-05 02:30:00 UTCBSBUSDT     0.225040      44.51     12537       1231984.000000    279673.396530     46438831.000000 121164.000000 0.26        2.252000    0.007400    0.33        69.25       30.75       2.393900    0.008600    0.36        70.54       29.46       1.853900    0.003300    0.18        64.96       35.04   
2026-06-05 02:45:00 UTCBSBUSDT     0.223310      41.33     10780       949370.000000     213413.668610     46388347.000000 -50484.000000 -0.11       2.238300    -0.013700   -0.61       69.12       30.88       2.419000    0.025100    1.05        70.75       29.25       1.860400    0.006500    0.35        65.04       34.96   
2026-06-05 03:00:00 UTCBSBUSDT     0.223580      42.03     12000       996416.000000     223316.771470     46469540.000000 81193.000000  0.18        2.236200    -0.002100   -0.09       69.10       30.90       2.413400    -0.005600   -0.23       70.70       29.30       1.857100    -0.003300   -0.18       65.00       35.00   
2026-06-05 03:15:00 UTCBSBUSDT     0.225200      46.15     14155       1132366.000000    255499.173980     46475107.000000 5567.000000   0.01        2.225800    -0.010400   -0.47       69.00       31.00       2.413000    -0.000400   -0.02       70.70       29.30       1.857100    0.000000    0.00        65.00       35.00   
2026-06-05 03:30:00 UTCBSBUSDT     0.226360      48.95     9768        787526.000000     177965.420310     46508105.000000 32998.000000  0.07        2.215400    -0.010400   -0.47       68.90       31.10       2.425400    0.012400    0.51        70.81       29.19       1.844100    -0.013000   -0.70       64.84       35.16   
2026-06-05 03:45:00 UTCBSBUSDT     0.224490      44.90     9323        632584.000000     143407.544700     46500536.000000 -7569.000000  -0.02       2.220600    0.005200    0.23        68.95       31.05       2.436700    0.011300    0.47        70.90       29.10       1.858000    0.013900    0.75        65.01       34.99   
2026-06-05 04:00:00 UTCBSBUSDT     0.224430      44.77     12027       1102477.000000    246472.508130     46547489.000000 46953.000000  0.10        2.220600    0.000000    0.00        68.95       31.05       2.441400    0.004700    0.19        70.94       29.06       1.856300    -0.001700   -0.09       64.99       35.01   
2026-06-05 04:15:00 UTCBSBUSDT     0.227540      52.36     9883        764976.000000     173153.959130     46542562.000000 -4927.000000  -0.01       2.232100    0.011500    0.52        69.06       30.94       2.444900    0.003500    0.14        70.97       29.03       1.858000    0.001700    0.09        65.01       34.99   
2026-06-05 04:30:00 UTCBSBUSDT     0.224770      46.26     7242        579536.000000     130824.980930     46529214.000000 -13348.000000 -0.03       2.228900    -0.003200   -0.14       69.03       30.97       2.437500    -0.007400   -0.30       70.91       29.09       1.858800    0.000800    0.04        65.02       34.98   
2026-06-05 04:45:00 UTCBSBUSDT     0.230660      57.57     13415       1276442.000000    291686.252350     46485474.000000 -43740.000000 -0.09       2.235200    0.006300    0.28        69.09       30.91       2.434900    -0.002600   -0.11       70.89       29.11       1.865300    0.006500    0.35        65.10       34.90   
2026-06-05 05:00:00 UTCBSBUSDT     0.227900      52.05     16469       1380582.000000    317792.606650     46663691.000000 178217.000000 0.38        2.214400    -0.020800   -0.93       68.89       31.11       2.430900    -0.004000   -0.16       70.85       29.15       1.858800    -0.006500   -0.35       65.02       34.98   
2026-06-05 05:15:00 UTCBSBUSDT     0.232130      58.61     19546       2066458.000000    480064.623390     46569146.000000 -94545.000000 -0.20       2.238300    0.023900    1.08        69.12       30.88       2.433600    0.002700    0.11        70.88       29.12       1.873600    0.014800    0.80        65.20       34.80   
2026-06-05 05:30:00 UTCBSBUSDT     0.227890      51.06     17259       1299672.000000    298320.516420     46926767.000000 357621.000000 0.77        2.215400    -0.022900   -1.02       68.90       31.10       2.416800    -0.016800   -0.69       70.73       29.27       1.867800    -0.005800   -0.31       65.13       34.87   
2026-06-05 05:45:00 UTCBSBUSDT     0.223840      45.10     15777       1269994.000000    286680.093920     46879814.000000 -46953.000000 -0.10       2.228900    0.013500    0.61        69.03       30.97       2.429800    0.013000    0.54        70.84       29.16       1.871900    0.004100    0.22        65.18       34.82   
2026-06-05 06:00:00 UTCBSBUSDT     0.219080      39.28     26785       3056029.000000    675100.788550     46902230.000000 22416.000000  0.05        2.244600    0.015700    0.70        69.18       30.82       2.427000    -0.002800   -0.12       70.82       29.18       1.876900    0.005000    0.27        65.24       34.76   
2026-06-05 06:15:00 UTCBSBUSDT     0.214850      34.97     45477       7110617.000000    1515477.788830    46924761.000000 22531.000000  0.05        2.224800    -0.019800   -0.88       68.99       31.01       2.419700    -0.007300   -0.30       70.76       29.24       1.862900    -0.014000   -0.75       65.07       34.93   
2026-06-05 06:30:00 UTCBSBUSDT     0.217480      39.42     21717       1876599.000000    405222.632060     46255621.000000 -669140.000000-1.43       2.246800    0.022000    0.99        69.20       30.80       2.443300    0.023600    0.98        70.96       29.04       1.848200    -0.014700   -0.79       64.89       35.11   
2026-06-05 06:45:00 UTCBSBUSDT     0.215310      37.16     12601       976980.000000     210815.147980     46364431.000000 108810.000000 0.24        2.226800    -0.020000   -0.89       69.01       30.99       2.411100    -0.032200   -1.32       70.68       29.32       1.844100    -0.004100   -0.22       64.84       35.16   
2026-06-05 07:00:00 UTCBSBUSDT     0.210130      32.39     18347       1692612.000000    358971.393820     46359839.000000 -4592.000000  -0.01       2.236200    0.009400    0.42        69.10       30.90       2.402800    -0.008300   -0.34       70.61       29.39       1.845800    0.001700    0.09        64.86       35.14   
2026-06-05 07:15:00 UTCBSBUSDT     0.218440      44.67     19228       2063633.000000    442685.957330     46252589.000000 -107250.000000-0.23       2.225800    -0.010400   -0.47       69.00       31.00       2.399700    -0.003100   -0.13       70.59       29.41       1.834500    -0.011300   -0.61       64.72       35.28   
2026-06-05 07:30:00 UTCBSBUSDT     0.216950      43.16     15951       1593608.000000    347444.513010     46199956.000000 -52633.000000 -0.11       2.222700    -0.003100   -0.14       68.97       31.03       2.413400    0.013700    0.57        70.70       29.30       1.828900    -0.005600   -0.31       64.65       35.35   
2026-06-05 07:45:00 UTCBSBUSDT     0.214930      41.12     6511        848149.000000     183090.377240     46090798.000000 -109158.000000-0.24       2.226800    0.004100    0.18        69.01       30.99       2.402300    -0.011100   -0.46       70.61       29.39       1.832100    0.003200    0.17        64.69       35.31   
2026-06-05 08:00:00 UTCBSBUSDT     0.215260      41.61     11304       2802600.000000    596158.547310     45954479.000000 -136319.000000-0.30       2.228900    0.002100    0.09        69.03       30.97       2.411800    0.009500    0.40        70.69       29.31       1.845000    0.012900    0.70        64.85       35.15   
2026-06-05 08:15:00 UTCBSBUSDT     0.213890      40.13     5876        892763.000000     190451.538650     46043179.000000 88700.000000  0.19        2.213400    -0.015500   -0.70       68.88       31.12       2.497400    0.085600    3.55        71.41       28.59       1.817700    -0.027300   -1.48       64.51       35.49   
2026-06-05 08:30:00 UTCBSBUSDT     0.213000      39.16     4089        629917.000000     134120.853180     46062726.000000 19547.000000  0.04        2.221600    0.008200    0.37        68.96       31.04       2.493400    -0.004000   -0.16       71.37       28.63       1.826500    0.008800    0.48        64.62       35.38   
2026-06-05 08:45:00 UTCBSBUSDT     0.213090      39.32     3301        462606.000000     98528.446700      46080258.000000 17532.000000  0.04        2.214400    -0.007200   -0.32       68.89       31.11       2.490000    -0.003400   -0.14       71.35       28.65       1.809800    -0.016700   -0.91       64.41       35.59   
2026-06-05 09:00:00 UTCBSBUSDT     0.218880      48.67     12711       1260945.000000    273168.084170     46108769.000000 28511.000000  0.06        2.225800    0.011400    0.51        69.00       31.00       2.490000    0.000000    0.00        71.35       28.65       1.831300    0.021500    1.19        64.68       35.32   
2026-06-05 09:15:00 UTCBSBUSDT     0.219750      49.92     11770       1030475.000000    225715.314160     46182093.000000 73324.000000  0.16        2.208200    -0.017600   -0.79       68.83       31.17       2.486900    -0.003100   -0.12       71.32       28.68       1.840100    0.008800    0.48        64.79       35.21   
2026-06-05 09:30:00 UTCBSBUSDT     0.216080      44.95     10882       1131702.000000    246690.398950     46114571.000000 -67522.000000 -0.15       2.210300    0.002100    0.10        68.85       31.15       2.514800    0.027900    1.12        71.55       28.45       1.836100    -0.004000   -0.22       64.74       35.26   
2026-06-05 09:45:00 UTCBSBUSDT     0.215250      43.89     10706       1447580.000000    309800.192380     46196044.000000 81473.000000  0.18        2.255200    0.044900    2.03        69.28       30.72       2.521300    0.006500    0.26        71.60       28.40       1.869400    0.033300    1.81        65.15       34.85   
2026-06-05 10:00:00 UTCBSBUSDT     0.212260      40.20     10501       1056652.000000    225345.978850     45943611.000000 -252433.000000-0.55       2.255200    0.000000    0.00        69.28       30.72       2.539900    0.018600    0.74        71.75       28.25       1.864500    -0.004900   -0.26       65.09       34.91   
2026-06-05 10:15:00 UTCBSBUSDT     0.212320      40.30     7363        785318.000000     166311.842170     45934327.000000 -9284.000000  -0.02       2.260500    0.005300    0.24        69.33       30.67       2.537300    -0.002600   -0.10       71.73       28.27       1.866200    0.001700    0.09        65.11       34.89   
2026-06-05 10:30:00 UTCBSBUSDT     0.213160      41.89     7547        641432.000000     136645.527060     46072970.000000 138643.000000 0.30        2.249900    -0.010600   -0.47       69.23       30.77       2.529400    -0.007900   -0.31       71.67       28.33       1.862000    -0.004200   -0.23       65.06       34.94   
2026-06-05 10:45:00 UTCBSBUSDT     0.211440      39.57     11110       1336611.000000    281170.041230     46149794.000000 76824.000000  0.17        2.238300    -0.011600   -0.52       69.12       30.88       2.519600    -0.009800   -0.39       71.59       28.41       1.865300    0.003300    0.18        65.10       34.90   
2026-06-05 11:00:00 UTCBSBUSDT     0.210660      38.53     10671       1268355.000000    267726.004960     46129488.000000 -20306.000000 -0.04       2.249900    0.011600    0.52        69.23       30.77       2.508900    -0.010700   -0.42       71.50       28.50       1.869400    0.004100    0.22        65.15       34.85   
2026-06-05 11:15:00 UTCBSBUSDT     0.211260      39.84     8358        637049.000000     134687.563270     46251115.000000 121627.000000 0.26        2.238300    -0.011600   -0.52       69.12       30.88       2.508800    -0.000100   -0.00       71.50       28.50       1.855500    -0.013900   -0.74       64.98       35.02   
2026-06-05 11:30:00 UTCBSBUSDT     0.211000      39.45     7550        902271.000000     190702.023370     46322225.000000 71110.000000  0.15        2.221600    -0.016700   -0.75       68.96       31.04       2.504900    -0.003900   -0.16       71.47       28.53       1.862900    0.007400    0.40        65.07       34.93   
2026-06-05 11:45:00 UTCBSBUSDT     0.211770      41.30     7021        724266.000000     153435.241550     46363824.000000 41599.000000  0.09        2.224800    0.003200    0.14        68.99       31.01       2.495500    -0.009400   -0.38       71.39       28.61       1.847400    -0.015500   -0.83       64.88       35.12   
2026-06-05 12:00:00 UTCBSBUSDT     0.213350      45.01     13258       1465127.000000    311548.422950     46454915.000000 91091.000000  0.20        2.236200    0.011400    0.51        69.10       30.90       2.491900    -0.003600   -0.14       71.36       28.64       1.853900    0.006500    0.35        64.96       35.04   
2026-06-05 12:15:00 UTCBSBUSDT     0.215700      50.07     12240       1139911.000000    245568.910110     46340395.000000 -114520.000000-0.25       2.193900    -0.042300   -1.89       68.69       31.31       2.502600    0.010700    0.43        71.45       28.55       1.828100    -0.025800   -1.39       64.64       35.36   
2026-06-05 12:30:00 UTCBSBUSDT     0.215160      48.95     13659       1250281.000000    270617.970310     46408970.000000 68575.000000  0.15        2.209200    0.015300    0.70        68.84       31.16       2.509600    0.007000    0.28        71.51       28.49       1.851400    0.023300    1.27        64.93       35.07   
2026-06-05 12:45:00 UTCBSBUSDT     0.218230      55.07     10149       881665.000000     191689.040740     46380771.000000 -28199.000000 -0.06       2.218500    0.009300    0.42        68.93       31.07       2.521900    0.012300    0.49        71.61       28.39       1.840900    -0.010500   -0.57       64.80       35.20   
2026-06-05 13:00:00 UTCBSBUSDT     0.216990      52.34     12173       1161189.000000    253070.565480     46350455.000000 -30316.000000 -0.07       2.217500    -0.001000   -0.05       68.92       31.08       2.519700    -0.002200   -0.09       71.59       28.41       1.840900    0.000000    0.00        64.80       35.20   
2026-06-05 13:15:00 UTCBSBUSDT     0.216640      51.57     8201        668512.000000     145551.952520     46203445.000000 -147010.000000-0.32       2.232100    0.014600    0.66        69.06       30.94       2.524500    0.004800    0.19        71.63       28.37       1.855500    0.014600    0.79        64.98       35.02   
2026-06-05 13:30:00 UTCBSBUSDT     0.217390      53.17     8150        568088.000000     123263.077090     46157433.000000 -46012.000000 -0.10       2.228900    -0.003200   -0.14       69.03       30.97       2.528900    0.004400    0.17        71.66       28.34       1.845800    -0.009700   -0.52       64.86       35.14   
2026-06-05 13:45:00 UTCBSBUSDT     0.213490      44.85     14619       1331889.000000    286863.995730     46191982.000000 34549.000000  0.07        2.225800    -0.003100   -0.14       69.00       31.00       2.528600    -0.000300   -0.01       71.66       28.34       1.845800    0.000000    0.00        64.86       35.14   
2026-06-05 14:00:00 UTCBSBUSDT     0.212380      42.80     23656       2403408.000000    511165.877640     46157309.000000 -34673.000000 -0.08       2.218500    -0.007300   -0.33       68.93       31.07       2.522100    -0.006500   -0.26       71.61       28.39       1.835300    -0.010500   -0.57       64.73       35.27   
2026-06-05 14:15:00 UTCBSBUSDT     0.213120      44.62     10676       781925.000000     167233.428490     46266229.000000 108920.000000 0.24        2.227900    0.009400    0.42        69.02       30.98       2.531900    0.009800    0.39        71.69       28.31       1.849800    0.014500    0.79        64.91       35.09   
2026-06-05 14:30:00 UTCBSBUSDT     0.212080      42.57     12539       1037640.000000    220684.871410     46275265.000000 9036.000000   0.02        2.233100    0.005200    0.23        69.07       30.93       2.531100    -0.000800   -0.03       71.68       28.32       1.855500    0.005700    0.31        64.98       35.02   
2026-06-05 14:45:00 UTCBSBUSDT     0.212110      42.65     11135       1346254.000000    285654.894700     46313952.000000 38687.000000  0.08        2.236200    0.003100    0.14        69.10       30.90       2.524100    -0.007000   -0.28       71.62       28.38       1.862900    0.007400    0.40        65.07       34.93   
2026-06-05 15:00:00 UTCBSBUSDT     0.206470      33.10     25443       4364128.000000    912333.169100     46237605.000000 -76347.000000 -0.16       2.219600    -0.016600   -0.74       68.94       31.06       2.534100    0.010000    0.40        71.70       28.30       1.855500    -0.007400   -0.40       64.98       35.02   
2026-06-05 15:15:00 UTCBSBUSDT     0.203710      29.61     22330       3212836.000000    660014.914620     46570503.000000 332898.000000 0.72        2.252000    0.032400    1.46        69.25       30.75       2.523300    -0.010800   -0.43       71.62       28.38       1.858000    0.002500    0.13        65.01       34.99   
2026-06-05 15:30:00 UTCBSBUSDT     0.202080      27.75     35081       7135210.000000    1439220.463230    46471824.000000 -98679.000000 -0.21       2.260500    0.008500    0.38        69.33       30.67       2.530700    0.007400    0.29        71.68       28.32       1.872700    0.014700    0.79        65.19       34.81   
2026-06-05 15:45:00 UTCBSBUSDT     0.203890      32.80     12645       1473369.000000    299003.938560     46654468.000000 182644.000000 0.39        2.277600    0.017100    0.76        69.49       30.51       2.522200    -0.008500   -0.34       71.61       28.39       1.858800    -0.013900   -0.74       65.02       34.98   
2026-06-05 16:00:00 UTCBSBUSDT     0.210820      47.84     33316       4256208.000000    888342.399900     46732413.000000 77945.000000  0.17        2.255200    -0.022400   -0.98       69.28       30.72       2.506200    -0.016000   -0.63       71.48       28.52       1.848200    -0.010600   -0.57       64.89       35.11   
2026-06-05 16:15:00 UTCBSBUSDT     0.213050      51.60     29484       3733205.000000    799630.122020     46580045.000000 -152368.000000-0.33       2.245700    -0.009500   -0.42       69.19       30.81       2.519400    0.013200    0.53        71.59       28.41       1.839300    -0.008900   -0.48       64.78       35.22   
2026-06-05 16:30:00 UTCBSBUSDT     0.210090      46.78     21583       2404997.000000    511311.919200     46758373.000000 178328.000000 0.38        2.258400    0.012700    0.57        69.31       30.69       2.565800    0.046400    1.84        71.96       28.04       1.849000    0.009700    0.53        64.90       35.10   
2026-06-05 16:45:00 UTCBSBUSDT     0.212470      50.76     13321       1107161.000000    234371.258510     46764634.000000 6261.000000   0.01        2.252000    -0.006400   -0.28       69.25       30.75       2.592200    0.026400    1.03        72.16       27.84       1.840900    -0.008100   -0.44       64.80       35.20   
2026-06-05 17:00:00 UTCBSBUSDT     0.211710      49.49     12985       1318449.000000    280168.296990     46799123.000000 34489.000000  0.07        2.248900    -0.003100   -0.14       69.22       30.78       2.607000    0.014800    0.57        72.28       27.72       1.836100    -0.004800   -0.26       64.74       35.26   
2026-06-05 17:15:00 UTCBSBUSDT     0.208320      44.17     13270       2201973.000000    461277.432070     47126589.000000 327466.000000 0.70        2.268000    0.019100    0.85        69.40       30.60       2.622600    0.015600    0.60        72.40       27.60       1.844100    0.008000    0.44        64.84       35.16   
2026-06-05 17:30:00 UTCBSBUSDT     0.209130      45.67     9161        783608.000000     163648.365300     46889810.000000 -236779.000000-0.50       2.309100    0.041100    1.81        69.78       30.22       2.613500    -0.009100   -0.35       72.33       27.67       1.871900    0.027800    1.51        65.18       34.82   
2026-06-05 17:45:00 UTCBSBUSDT     0.206300      41.48     7081        748119.000000     154784.411880     46818841.000000 -70969.000000 -0.15       2.299200    -0.009900   -0.43       69.69       30.31       2.607500    -0.006000   -0.23       72.28       27.72       1.860400    -0.011500   -0.61       65.04       34.96   
2026-06-05 18:00:00 UTCBSBUSDT     0.208080      44.91     9077        814293.000000     168670.202850     46759721.000000 -59120.000000 -0.13       2.299200    0.000000    0.00        69.69       30.31       2.604400    -0.003100   -0.12       72.26       27.74       1.862900    0.002500    0.13        65.07       34.93   
2026-06-05 18:15:00 UTCBSBUSDT     0.207340      43.76     9782        1036325.000000    214547.225720     46742121.000000 -17600.000000 -0.04       2.297100    -0.002100   -0.09       69.67       30.33       2.605900    0.001500    0.06        72.27       27.73       1.882700    0.019800    1.06        65.31       34.69   
2026-06-05 18:30:00 UTCBSBUSDT     0.203360      38.11     18303       2976931.000000    604163.809130     46767005.000000 24884.000000  0.05        2.302500    0.005400    0.24        69.72       30.28       2.601200    -0.004700   -0.18       72.23       27.77       1.879400    -0.003300   -0.18       65.27       34.73   
2026-06-05 18:45:00 UTCBSBUSDT     0.198940      33.02     19436       2292644.000000    458135.906550     46278217.000000 -488788.000000-1.05       2.327800    0.025300    1.10        69.95       30.05       2.622700    0.021500    0.83        72.40       27.60       1.891000    0.011600    0.62        65.41       34.59   
2026-06-05 19:00:00 UTCBSBUSDT     0.197270      31.31     19821       2514542.000000    498060.405170     46290588.000000 12371.000000  0.03        2.320100    -0.007700   -0.33       69.88       30.12       2.609800    -0.012900   -0.49       72.30       27.70       1.887700    -0.003300   -0.17       65.37       34.63   
2026-06-05 19:15:00 UTCBSBUSDT     0.200470      37.92     17273       1920560.000000    378467.538360     46415189.000000 124601.000000 0.27        2.320100    0.000000    0.00        69.88       30.12       2.598000    -0.011800   -0.45       72.21       27.79       1.888500    0.000800    0.04        65.38       34.62   
2026-06-05 19:30:00 UTCBSBUSDT     0.200040      37.40     9014        579218.000000     115623.512610     46391177.000000 -24012.000000 -0.05       2.309100    -0.011000   -0.47       69.78       30.22       2.582100    -0.015900   -0.61       72.08       27.92       1.875200    -0.013300   -0.70       65.22       34.78   
2026-06-05 19:45:00 UTCBSBUSDT     0.201320      40.04     13499       1131406.000000    229916.418210     46341335.000000 -49842.000000 -0.11       2.313500    0.004400    0.19        69.82       30.18       2.585500    0.003400    0.13        72.11       27.89       1.885200    0.010000    0.53        65.34       34.66   
2026-06-05 20:00:00 UTCBSBUSDT     0.203200      43.79     13053       1157314.000000    233538.566730     46176266.000000 -165069.000000-0.36       2.309100    -0.004400   -0.19       69.78       30.22       2.607400    0.021900    0.85        72.28       27.72       1.883500    -0.001700   -0.09       65.32       34.68   
2026-06-05 20:15:00 UTCBSBUSDT     0.202940      43.39     9573        681773.000000     138701.987450     46130850.000000 -45416.000000 -0.10       2.276500    -0.032600   -1.41       69.48       30.52       2.608200    0.000800    0.03        72.29       27.71       1.879400    -0.004100   -0.22       65.27       34.73   
2026-06-05 20:30:00 UTCBSBUSDT     0.201300      40.83     7546        646020.000000     130580.263080     46098649.000000 -32201.000000 -0.07       2.286200    0.009700    0.43        69.57       30.43       2.620900    0.012700    0.49        72.38       27.62       1.876900    -0.002500   -0.13       65.24       34.76   
2026-06-05 20:45:00 UTCBSBUSDT     0.205190      48.57     7684        690547.000000     140312.725160     46040506.000000 -58143.000000 -0.13       2.291600    0.005400    0.24        69.62       30.38       2.635200    0.014300    0.55        72.49       27.51       1.881800    0.004900    0.26        65.30       34.70   
2026-06-05 21:00:00 UTCBSBUSDT     0.204050      46.65     7499        696829.000000     142344.229690     45986483.000000 -54023.000000 -0.12       2.277600    -0.014000   -0.61       69.49       30.51       2.627000    -0.008200   -0.31       72.43       27.57       1.879400    -0.002400   -0.13       65.27       34.73   
2026-06-05 21:15:00 UTCBSBUSDT     0.203740      46.11     2420        388571.000000     79149.397810      46105394.000000 118911.000000 0.26        2.287300    0.009700    0.43        69.58       30.42       2.637800    0.010800    0.41        72.51       27.49       1.878500    -0.000900   -0.05       65.26       34.74   
2026-06-05 21:30:00 UTCBSBUSDT     0.204070      46.81     2780        462925.000000     94016.730690      46132530.000000 27136.000000  0.06        2.293800    0.006500    0.28        69.64       30.36       2.643200    0.005400    0.20        72.55       27.45       1.888500    0.010000    0.53        65.38       34.62   
2026-06-05 21:45:00 UTCBSBUSDT     0.203750      46.18     4430        434433.000000     88799.994560      46115923.000000 -16607.000000 -0.04       2.291600    -0.002200   -0.10       69.62       30.38       2.660500    0.017300    0.65        72.68       27.32       1.867000    -0.021500   -1.14       65.12       34.88   
2026-06-05 22:00:00 UTCBSBUSDT     0.200700      40.60     7836        725136.000000     146647.921110     46191643.000000 75720.000000  0.16        2.280800    -0.010800   -0.47       69.52       30.48       2.661500    0.001000    0.04        72.69       27.31       1.865300    -0.001700   -0.09       65.10       34.90   
2026-06-05 22:15:00 UTCBSBUSDT     0.199820      39.13     7663        682870.000000     137141.697890     46307473.000000 115830.000000 0.25        2.284100    0.003300    0.14        69.55       30.45       2.673100    0.011600    0.44        72.78       27.22       1.871900    0.006600    0.35        65.18       34.82   
2026-06-05 22:30:00 UTCBSBUSDT     0.200710      41.44     6144        439069.000000     88079.986380      46286431.000000 -21042.000000 -0.05       2.289500    0.005400    0.24        69.60       30.40       2.668000    -0.005100   -0.19       72.74       27.26       1.891800    0.019900    1.06        65.42       34.58   
2026-06-05 22:45:00 UTCBSBUSDT     0.201700      43.99     5559        391174.000000     78732.021970      46306999.000000 20568.000000  0.04        2.280800    -0.008700   -0.38       69.52       30.48       2.665400    -0.002600   -0.10       72.72       27.28       1.887700    -0.004100   -0.22       65.37       34.63   
2026-06-05 23:00:00 UTCBSBUSDT     0.198890      38.83     7665        725325.000000     145577.413940     46287800.000000 -19199.000000 -0.04       2.283000    0.002200    0.10        69.54       30.46       2.662400    -0.003000   -0.11       72.70       27.30       1.871100    -0.016600   -0.88       65.17       34.83   
2026-06-05 23:15:00 UTCBSBUSDT     0.197120      35.97     12959       1996030.000000    395126.479470     46320351.000000 32551.000000  0.07        2.275500    -0.007500   -0.33       69.47       30.53       2.669300    0.006900    0.26        72.75       27.25       1.871100    0.000000    0.00        65.17       34.83   
2026-06-05 23:30:00 UTCBSBUSDT     0.197900      38.13     11608       1470436.000000    289174.280870     46359201.000000 38850.000000  0.08        2.298200    0.022700    1.00        69.68       30.32       2.687900    0.018600    0.70        72.88       27.12       1.883500    0.012400    0.66        65.32       34.68   
2026-06-05 23:45:00 UTCBSBUSDT     0.200650      45.17     7924        938159.000000     187112.845610     46411201.000000 52000.000000  0.11        2.286200    -0.012000   -0.52       69.57       30.43       2.667300    -0.020600   -0.77       72.73       27.27       1.891000    0.007500    0.40        65.41       34.59   
2026-06-06 00:00:00 UTCBSBUSDT     0.201460      47.07     10817       1322720.000000    267335.649220     46358018.000000 -53183.000000 -0.11       2.290600    0.004400    0.19        69.61       30.39       2.657900    -0.009400   -0.35       72.66       27.34       1.879400    -0.011600   -0.61       65.27       34.73   
2026-06-06 00:15:00 UTCBSBUSDT     0.200240      44.56     7022        725950.000000     145232.183840     46370819.000000 12801.000000  0.03        2.271200    -0.019400   -0.85       69.43       30.57       2.671800    0.013900    0.52        72.77       27.23       1.870300    -0.009100   -0.48       65.16       34.84   
2026-06-06 00:30:00 UTCBSBUSDT     0.202430      49.75     6389        572434.000000     115291.237760     46394927.000000 24108.000000  0.05        2.272300    0.001100    0.05        69.44       30.56       2.674100    0.002300    0.09        72.78       27.22       1.874400    0.004100    0.22        65.21       34.79   
2026-06-06 00:45:00 UTCBSBUSDT     0.205360      55.72     11140       1362415.000000    279066.620230     46360364.000000 -34563.000000 -0.07       2.286200    0.013900    0.61        69.57       30.43       2.681600    0.007500    0.28        72.84       27.16       1.876000    0.001600    0.09        65.23       34.77   
2026-06-06 01:00:00 UTCBSBUSDT     0.208460      61.00     11963       1344427.000000    278111.119060     46454034.000000 93670.000000  0.20        2.261600    -0.024600   -1.08       69.34       30.66       2.676200    -0.005400   -0.20       72.80       27.20       1.868600    -0.007400   -0.39       65.14       34.86   
2026-06-06 01:15:00 UTCBSBUSDT     0.207490      58.65     15503       1820162.000000    378328.797500     46775944.000000 321910.000000 0.69        2.231000    -0.030600   -1.35       69.05       30.95       2.673100    -0.003100   -0.12       72.77       27.23       1.848200    -0.020400   -1.09       64.89       35.11   
2026-06-06 01:30:00 UTCBSBUSDT     0.205780      54.64     8178        795522.000000     164347.940720     46789758.000000 13814.000000  0.03        2.241500    0.010500    0.47        69.15       30.85       2.666000    -0.007100   -0.27       72.72       27.28       1.864500    0.016300    0.88        65.09       34.91   
2026-06-06 01:45:00 UTCBSBUSDT     0.205000      52.86     7716        810998.000000     166569.069310     46776438.000000 -13320.000000 -0.03       2.253100    0.011600    0.52        69.26       30.74       2.677200    0.011200    0.42        72.81       27.19       1.862900    -0.001600   -0.09       65.07       34.93   
2026-06-06 02:00:00 UTCBSBUSDT     0.204420      51.52     11190       1089814.000000    222615.071250     46879758.000000 103320.000000 0.22        2.256300    0.003200    0.14        69.29       30.71       2.685400    0.008200    0.31        72.87       27.13       1.856300    -0.006600   -0.35       64.99       35.01   
2026-06-06 02:15:00 UTCBSBUSDT     0.205990      54.86     7888        710834.000000     145439.754670     47000142.000000 120384.000000 0.26        2.212300    -0.044000   -1.95       68.87       31.13       2.726900    0.041500    1.55        73.17       26.83       1.847400    -0.008900   -0.48       64.88       35.12   
2026-06-06 02:30:00 UTCBSBUSDT     0.205210      52.91     6987        558501.000000     114844.065260     47040736.000000 40594.000000  0.09        2.212300    0.000000    0.00        68.87       31.13       2.730300    0.003400    0.12        73.19       26.81       1.847400    0.000000    0.00        64.88       35.12   
2026-06-06 02:45:00 UTCBSBUSDT     0.204320      50.70     7567        900394.000000     185207.557950     47028013.000000 -12723.000000 -0.03       2.218500    0.006200    0.28        68.93       31.07       2.728900    -0.001400   -0.05       73.18       26.82       1.850600    0.003200    0.17        64.92       35.08   
2026-06-06 03:00:00 UTCBSBUSDT     0.206460      55.52     9293        1011528.000000    206319.784770     47053495.000000 25482.000000  0.05        2.219600    0.001100    0.05        68.94       31.06       2.714500    -0.014400   -0.53       73.08       26.92       1.858800    0.008200    0.44        65.02       34.98   
2026-06-06 03:15:00 UTCBSBUSDT     0.205870      53.95     6721        698454.000000     144464.550530     47005318.000000 -48177.000000 -0.10       2.208200    -0.011400   -0.51       68.83       31.17       2.691500    -0.023000   -0.85       72.91       27.09       1.836100    -0.022700   -1.22       64.74       35.26   
2026-06-06 03:30:00 UTCBSBUSDT     0.207680      57.87     4391        691927.000000     143482.380300     47014228.000000 8910.000000   0.02        2.213400    0.005200    0.24        68.88       31.12       2.685100    -0.006400   -0.24       72.86       27.14       1.855500    0.019400    1.06        64.98       35.02   
2026-06-06 03:45:00 UTCBSBUSDT     0.209120      60.74     9320        1177397.000000    243666.188380     47013432.000000 -796.000000   -0.00       2.205100    -0.008300   -0.37       68.80       31.20       2.680100    -0.005000   -0.19       72.83       27.17       1.841700    -0.013800   -0.74       64.81       35.19   
2026-06-06 04:00:00 UTCBSBUSDT     0.203200      46.68     12989       1128553.000000    232229.352690     46942975.000000 -70457.000000 -0.15       2.198000    -0.007100   -0.32       68.73       31.27       2.672300    -0.007800   -0.29       72.77       27.23       1.845800    0.004100    0.22        64.86       35.14   
2026-06-06 04:15:00 UTCBSBUSDT     0.197510      37.66     23238       3178080.000000    634943.787800     46823762.000000 -119213.000000-0.25       2.214400    0.016400    0.75        68.89       31.11       2.674200    0.001900    0.07        72.78       27.22       1.840900    -0.004900   -0.27       64.80       35.20   
2026-06-06 04:30:00 UTCBSBUSDT     0.187770      27.76     39002       6337676.000000    1206750.403020    46690716.000000 -133046.000000-0.28       2.255200    0.040800    1.84        69.28       30.72       2.709700    0.035500    1.33        73.04       26.96       1.858000    0.017100    0.93        65.01       34.99   
2026-06-06 04:45:00 UTCBSBUSDT     0.190650      33.34     20957       3354627.000000    636756.501950     46671777.000000 -18939.000000 -0.04       2.264800    0.009600    0.43        69.37       30.63       2.718600    0.008900    0.33        73.11       26.89       1.850600    -0.007400   -0.40       64.92       35.08   
2026-06-06 05:00:00 UTCBSBUSDT     0.188640      31.51     16723       1500923.000000    284520.201750     46316506.000000 -355271.000000-0.76       2.249900    -0.014900   -0.66       69.23       30.77       2.633100    -0.085500   -3.15       72.48       27.52       1.861200    0.010600    0.57        65.05       34.95   
2026-06-06 05:15:00 UTCBSBUSDT     0.195070      42.40     19276       1787405.000000    346592.192150     46191267.000000 -125239.000000-0.27       2.256300    0.006400    0.28        69.29       30.71       2.618200    -0.014900   -0.57       72.36       27.64       1.861200    0.000000    0.00        65.05       34.95   
2026-06-06 05:30:00 UTCBSBUSDT     0.196220      44.11     9981        911615.000000     177907.672090     46131716.000000 -59551.000000 -0.13       2.226800    -0.029500   -1.31       69.01       30.99       2.631100    0.012900    0.49        72.46       27.54       1.843300    -0.017900   -0.96       64.83       35.17   
2026-06-06 05:45:00 UTCBSBUSDT     0.196500      44.54     9773        922524.000000     180733.665960     45977335.000000 -154381.000000-0.33       2.218500    -0.008300   -0.37       68.93       31.07       2.637400    0.006300    0.24        72.51       27.49       1.836100    -0.007200   -0.39       64.74       35.26   
2026-06-06 06:00:00 UTCBSBUSDT     0.196330      44.31     9473        761972.000000     149424.110300     45998612.000000 21277.000000  0.05        2.226800    0.008300    0.37        69.01       30.99       2.629000    -0.008400   -0.32       72.44       27.56       1.836900    0.000800    0.04        64.75       35.25   
2026-06-06 06:15:00 UTCBSBUSDT     0.195600      43.31     7083        536814.000000     105241.196860     45970609.000000 -28003.000000 -0.06       2.223700    -0.003100   -0.14       68.98       31.02       2.635400    0.006400    0.24        72.49       27.51       1.844100    0.007200    0.39        64.84       35.16   
2026-06-06 06:30:00 UTCBSBUSDT     0.195870      43.82     6739        669161.000000     130784.529500     45986506.000000 15897.000000  0.03        2.212300    -0.011400   -0.51       68.87       31.13       2.637200    0.001800    0.07        72.51       27.49       1.832900    -0.011200   -0.61       64.70       35.30   
2026-06-06 06:45:00 UTCBSBUSDT     0.194790      42.19     7453        627322.000000     122610.346680     46021023.000000 34517.000000  0.08        2.182700    -0.029600   -1.34       68.58       31.42       2.641400    0.004200    0.16        72.54       27.46       1.801100    -0.031800   -1.73       64.30       35.70   
2026-06-06 07:00:00 UTCBSBUSDT     0.203050      55.74     13758       1657807.000000    329239.282440     46072234.000000 51211.000000  0.11        2.179700    -0.003000   -0.14       68.55       31.45       2.647200    0.005800    0.22        72.58       27.42       1.800300    -0.000800   -0.04       64.29       35.71   
2026-06-06 07:15:00 UTCBSBUSDT     0.204020      57.02     14012       1439478.000000    292654.779670     46271154.000000 198920.000000 0.43        2.165600    -0.014100   -0.65       68.41       31.59       2.622800    -0.024400   -0.92       72.40       27.60       1.799600    -0.000700   -0.04       64.28       35.72   
2026-06-06 07:30:00 UTCBSBUSDT     0.201890      53.38     13522       1403561.000000    284805.506000     46275351.000000 4197.000000   0.01        2.156600    -0.009000   -0.42       68.32       31.68       2.644800    0.022000    0.84        72.56       27.44       1.781600    -0.018000   -1.00       64.05       35.95   
2026-06-06 07:45:00 UTCBSBUSDT     0.200930      51.78     6894        652317.000000     131713.712110     46285145.000000 9794.000000   0.02        2.180700    0.024100    1.12        68.56       31.44       2.649100    0.004300    0.16        72.60       27.40       1.801900    0.020300    1.14        64.31       35.69   
2026-06-06 08:00:00 UTCBSBUSDT     0.201060      51.99     8771        867466.000000     174104.057300     46391800.000000 106655.000000 0.23        2.184700    0.004000    0.18        68.60       31.40       2.648700    -0.000400   -0.02       72.59       27.41       1.798000    -0.003900   -0.22       64.26       35.74   
2026-06-06 08:15:00 UTCBSBUSDT     0.202540      54.43     6421        614806.000000     123711.936910     46434706.000000 42906.000000  0.09        2.195900    0.011200    0.51        68.71       31.29       2.648900    0.000200    0.01        72.59       27.41       1.812100    0.014100    0.78        64.44       35.56   
2026-06-06 08:30:00 UTCBSBUSDT     0.201050      51.59     6211        632737.000000     127415.909070     46429351.000000 -5355.000000  -0.01       2.182700    -0.013200   -0.60       68.58       31.42       2.642900    -0.006000   -0.23       72.55       27.45       1.801100    -0.011000   -0.61       64.30       35.70   
2026-06-06 08:45:00 UTCBSBUSDT     0.200830      51.16     5629        490222.000000     98628.788500      46282660.000000 -146691.000000-0.32       2.181700    -0.001000   -0.05       68.57       31.43       2.644300    0.001400    0.05        72.56       27.44       1.799600    -0.001500   -0.08       64.28       35.72   
2026-06-06 09:00:00 UTCBSBUSDT     0.200380      50.25     9657        930506.000000     186574.369130     46314003.000000 31343.000000  0.07        2.170600    -0.011100   -0.51       68.46       31.54       2.641300    -0.003000   -0.11       72.54       27.46       1.794100    -0.005500   -0.31       64.21       35.79   
2026-06-06 09:15:00 UTCBSBUSDT     0.200390      50.27     6235        571103.000000     114331.825420     46290035.000000 -23968.000000 -0.05       2.176600    0.006000    0.28        68.52       31.48       2.636500    -0.004800   -0.18       72.50       27.50       1.809000    0.014900    0.83        64.40       35.60   
2026-06-06 09:30:00 UTCBSBUSDT     0.198390      46.05     9762        1204373.000000    239380.032670     46261703.000000 -28332.000000 -0.06       2.189800    0.013200    0.61        68.65       31.35       2.637600    0.001100    0.04        72.51       27.49       1.821700    0.012700    0.70        64.56       35.44   
2026-06-06 09:45:00 UTCBSBUSDT     0.196190      41.89     14991       2323954.000000    455215.797940     46267080.000000 5377.000000   0.01        2.184700    -0.005100   -0.23       68.60       31.40       2.618600    -0.019000   -0.72       72.37       27.63       1.816100    -0.005600   -0.31       64.49       35.51   
2026-06-06 10:00:00 UTCBSBUSDT     0.191890      35.19     17547       2880635.000000    554270.595110     46274306.000000 7226.000000   0.02        2.189800    0.005100    0.23        68.65       31.35       2.626100    0.007500    0.29        72.42       27.58       1.829700    0.013600    0.75        64.66       35.34   
2026-06-06 10:15:00 UTCBSBUSDT     0.192360      36.39     8783        981511.000000     188795.050580     46041468.000000 -232838.000000-0.50       2.204100    0.014300    0.65        68.79       31.21       2.612900    -0.013200   -0.50       72.32       27.68       1.810600    -0.019100   -1.04       64.42       35.58   
2026-06-06 10:30:00 UTCBSBUSDT     0.192750      37.42     11632       1306689.000000    250109.402060     46016791.000000 -24677.000000 -0.05       2.188800    -0.015300   -0.69       68.64       31.36       2.611700    -0.001200   -0.05       72.31       27.69       1.818500    0.007900    0.44        64.52       35.48   
2026-06-06 10:45:00 UTCBSBUSDT     0.193940      40.59     8296        614879.000000     118854.941210     45933325.000000 -83466.000000 -0.18       2.185700    -0.003100   -0.14       68.61       31.39       2.610800    -0.000900   -0.03       72.31       27.69       1.828900    0.010400    0.57        64.65       35.35   
2026-06-06 11:00:00 UTCBSBUSDT     0.194130      41.10     8411        896656.000000     174347.558760     45867985.000000 -65340.000000 -0.14       2.180700    -0.005000   -0.23       68.56       31.44       2.611300    0.000500    0.02        72.31       27.69       1.821700    -0.007200   -0.39       64.56       35.44   
2026-06-06 11:15:00 UTCBSBUSDT     0.192830      38.64     6001        532810.000000     103231.021500     45957297.000000 89312.000000  0.19        2.192800    0.012100    0.55        68.68       31.32       2.622900    0.011600    0.44        72.40       27.60       1.812100    -0.009600   -0.53       64.44       35.56   
2026-06-06 11:30:00 UTCBSBUSDT     0.194250      42.68     5694        538211.000000     104214.385030     45970907.000000 13610.000000  0.03        2.205100    0.012300    0.56        68.80       31.20       2.621000    -0.001900   -0.07       72.38       27.62       1.826500    0.014400    0.79        64.62       35.38   
2026-06-06 11:45:00 UTCBSBUSDT     0.194460      43.27     4617        413964.000000     80499.441640      46012978.000000 42071.000000  0.09        2.195900    -0.009200   -0.42       68.71       31.29       2.615400    -0.005600   -0.21       72.34       27.66       1.824100    -0.002400   -0.13       64.59       35.41   
2026-06-06 12:00:00 UTCBSBUSDT     0.193190      40.54     6787        715363.000000     138713.131350     45982463.000000 -30515.000000 -0.07       2.191800    -0.004100   -0.19       68.67       31.33       2.615300    -0.000100   -0.00       72.34       27.66       1.813700    -0.010400   -0.57       64.46       35.54   
2026-06-06 12:15:00 UTCBSBUSDT     0.191940      37.99     5504        679693.000000     131019.282950     45916257.000000 -66206.000000 -0.14       2.205100    0.013300    0.61        68.80       31.20       2.616500    0.001200    0.05        72.35       27.65       1.818500    0.004800    0.26        64.52       35.48   
2026-06-06 12:30:00 UTCBSBUSDT     0.190280      34.86     12537       2586454.000000    492754.795210     45950731.000000 34474.000000  0.08        2.222700    0.017600    0.80        68.97       31.03       2.613200    -0.003300   -0.13       72.32       27.68       1.829700    0.011200    0.62        64.66       35.34   
2026-06-06 12:45:00 UTCBSBUSDT     0.191750      39.61     8238        893933.000000     170809.240310     46194497.000000 243766.000000 0.53        2.239400    0.016700    0.75        69.13       30.87       2.612400    -0.000800   -0.03       72.32       27.68       1.840100    0.010400    0.57        64.79       35.21   
2026-06-06 13:00:00 UTCBSBUSDT     0.192050      40.56     6315        656398.000000     125962.320200     46160415.000000 -34082.000000 -0.07       2.217500    -0.021900   -0.98       68.92       31.08       2.611600    -0.000800   -0.03       72.31       27.69       1.832100    -0.008000   -0.43       64.69       35.31   
2026-06-06 13:15:00 UTCBSBUSDT     0.192750      42.82     5864        744805.000000     143399.963170     46256481.000000 96066.000000  0.21        2.213400    -0.004100   -0.18       68.88       31.12       2.598600    -0.013000   -0.50       72.21       27.79       1.828900    -0.003200   -0.17       64.65       35.35   
2026-06-06 13:30:00 UTCBSBUSDT     0.194270      47.50     6525        571907.000000     110888.918010     46239958.000000 -16523.000000 -0.04       2.238300    0.024900    1.12        69.12       30.88       2.593200    -0.005400   -0.21       72.17       27.83       1.851400    0.022500    1.23        64.93       35.07   
2026-06-06 13:45:00 UTCBSBUSDT     0.197130      54.97     7734        867586.000000     169698.062010     46185743.000000 -54215.000000 -0.12       2.236200    -0.002100   -0.09       69.10       30.90       2.590700    -0.002500   -0.10       72.15       27.85       1.845800    -0.005600   -0.30       64.86       35.14   
2026-06-06 14:00:00 UTCBSBUSDT     0.199230      59.52     13935       2086037.000000    413929.481350     46237407.000000 51664.000000  0.11        2.240400    0.004200    0.19        69.14       30.86       2.603500    0.012800    0.49        72.25       27.75       1.826500    -0.019300   -1.05       64.62       35.38   
2026-06-06 14:15:00 UTCBSBUSDT     0.196980      53.30     10066       1364704.000000    270207.004900     46461294.000000 223887.000000 0.48        2.217500    -0.022900   -1.02       68.92       31.08       2.623400    0.019900    0.76        72.40       27.60       1.832900    0.006400    0.35        64.70       35.30   
2026-06-06 14:30:00 UTCBSBUSDT     0.197400      54.26     6445        493041.000000     97394.854370      46421057.000000 -40237.000000 -0.09       2.220600    0.003100    0.14        68.95       31.05       2.628600    0.005200    0.20        72.44       27.56       1.825700    -0.007200   -0.39       64.61       35.39   
2026-06-06 14:45:00 UTCBSBUSDT     0.194820      47.76     7571        757096.000000     148532.498230     46427933.000000 6876.000000   0.01        2.204100    -0.016500   -0.74       68.79       31.21       2.625900    -0.002700   -0.10       72.42       27.58       1.819300    -0.006400   -0.35       64.53       35.47   
2026-06-06 15:00:00 UTCBSBUSDT     0.193620      45.06     9879        1191014.000000    231308.483850     46516728.000000 88795.000000  0.19        2.209200    0.005100    0.23        68.84       31.16       2.630000    0.004100    0.16        72.45       27.55       1.828100    0.008800    0.48        64.64       35.36   
2026-06-06 15:15:00 UTCBSBUSDT     0.195130      48.97     7905        760247.000000     147228.624340     46502088.000000 -14640.000000 -0.03       2.226800    0.017600    0.80        69.01       30.99       2.629800    -0.000200   -0.01       72.45       27.55       1.836100    0.008000    0.44        64.74       35.26   
2026-06-06 15:30:00 UTCBSBUSDT     0.195640      50.26     8828        1201453.000000    235564.345540     46381129.000000 -120959.000000-0.26       2.213400    -0.013400   -0.60       68.88       31.12       2.618500    -0.011300   -0.43       72.36       27.64       1.835300    -0.000800   -0.04       64.73       35.27   
2026-06-06 15:45:00 UTCBSBUSDT     0.197740      55.27     6088        721984.000000     142231.677830     46326930.000000 -54199.000000 -0.12       2.231000    0.017600    0.80        69.05       30.95       2.610900    -0.007600   -0.29       72.31       27.69       1.843300    0.008000    0.44        64.83       35.17   
2026-06-06 16:00:00 UTCBSBUSDT     0.203440      65.44     51155       7349570.000000    1504319.082370    46575984.000000 249054.000000 0.54        2.219600    -0.011400   -0.51       68.94       31.06       2.621500    0.010600    0.41        72.39       27.61       1.840900    -0.002400   -0.13       64.80       35.20   
2026-06-06 16:15:00 UTCBSBUSDT     0.200110      57.25     23802       3273649.000000    658529.135570     47698236.000000 1122252.0000002.41        2.217500    -0.002100   -0.09       68.92       31.08       2.665700    0.044200    1.69        72.72       27.28       1.837700    -0.003200   -0.17       64.76       35.24   
2026-06-06 16:30:00 UTCBSBUSDT     0.199750      56.43     12497       1336868.000000    265623.114200     47757138.000000 58902.000000  0.12        2.251000    0.033500    1.51        69.24       30.76       2.633100    -0.032600   -1.22       72.48       27.52       1.854700    0.017000    0.93        64.97       35.03   
2026-06-06 16:45:00 UTCBSBUSDT     0.201360      59.25     8268        831106.000000     166434.215990     47637519.000000 -119619.000000-0.25       2.245700    -0.005300   -0.24       69.19       30.81       2.625800    -0.007300   -0.28       72.42       27.58       1.864500    0.009800    0.53        65.09       34.91   
2026-06-06 17:00:00 UTCBSBUSDT     0.202350      60.92     10092       1046116.000000    211126.344430     47564786.000000 -72733.000000 -0.15       2.234200    -0.011500   -0.51       69.08       30.92       2.622700    -0.003100   -0.12       72.40       27.60       1.856300    -0.008200   -0.44       64.99       35.01   
2026-06-06 17:15:00 UTCBSBUSDT     0.203420      62.71     8530        749462.000000     151694.227520     47708959.000000 144173.000000 0.30        2.227900    -0.006300   -0.28       69.02       30.98       2.623400    0.000700    0.03        72.40       27.60       1.851400    -0.004900   -0.26       64.93       35.07   
2026-06-06 17:30:00 UTCBSBUSDT     0.203120      61.85     11558       1227418.000000    248793.275670     47766191.000000 57232.000000  0.12        2.223700    -0.004200   -0.19       68.98       31.02       2.618000    -0.005400   -0.21       72.36       27.64       1.858000    0.006600    0.36        65.01       34.99   
2026-06-06 17:45:00 UTCBSBUSDT     0.202970      61.41     7884        775376.000000     156757.238860     47793378.000000 27187.000000  0.06        2.231000    0.007300    0.33        69.05       30.95       2.599200    -0.018800   -0.72       72.22       27.78       1.865300    0.007300    0.39        65.10       34.90   
2026-06-06 18:00:00 UTCBSBUSDT     0.201710      57.62     7306        567086.000000     114535.478280     47866289.000000 72911.000000  0.15        2.223700    -0.007300   -0.33       68.98       31.02       2.597000    -0.002200   -0.08       72.20       27.80       1.852300    -0.013000   -0.70       64.94       35.06   
2026-06-06 18:15:00 UTCBSBUSDT     0.205400      64.52     11340       958051.000000     195875.564440     47879781.000000 13492.000000  0.03        2.218500    -0.005200   -0.23       68.93       31.07       2.598100    0.001100    0.04        72.21       27.79       1.862000    0.009700    0.52        65.06       34.94   
2026-06-06 18:30:00 UTCBSBUSDT     0.213700      74.56     26916       3823490.000000    804998.243940     47936517.000000 56736.000000  0.12        2.226800    0.008300    0.37        69.01       30.99       2.588600    -0.009500   -0.37       72.13       27.87       1.883500    0.021500    1.15        65.32       34.68   
2026-06-06 18:45:00 UTCBSBUSDT     0.211140      68.15     28322       3221711.000000    682491.079000     47986802.000000 50285.000000  0.10        2.195900    -0.030900   -1.39       68.71       31.29       2.590300    0.001700    0.07        72.15       27.85       1.869400    -0.014100   -0.75       65.15       34.85   
2026-06-06 19:00:00 UTCBSBUSDT     0.212860      70.02     25532       2356715.000000    500940.554740     48025773.000000 38971.000000  0.08        2.214400    0.018500    0.84        68.89       31.11       2.580600    -0.009700   -0.37       72.07       27.93       1.896000    0.026600    1.42        65.47       34.53   
2026-06-06 19:15:00 UTCBSBUSDT     0.214070      71.29     23144       2035824.000000    433213.329980     48139783.000000 114010.000000 0.24        2.191800    -0.022600   -1.02       68.67       31.33       2.617000    0.036400    1.41        72.35       27.65       1.882700    -0.013300   -0.70       65.31       34.69   
2026-06-06 19:30:00 UTCBSBUSDT     0.215690      72.94     32098       3805174.000000    828563.380300     48346756.000000 206973.000000 0.43        2.209200    0.017400    0.79        68.84       31.16       2.616000    -0.001000   -0.04       72.34       27.66       1.901900    0.019200    1.02        65.54       34.46   
2026-06-06 19:45:00 UTCBSBUSDT     0.210990      61.81     21687       2569462.000000    547937.598150     48413643.000000 66887.000000  0.14        2.215400    0.006200    0.28        68.90       31.10       2.605300    -0.010700   -0.41       72.26       27.74       1.904400    0.002500    0.13        65.57       34.43   
2026-06-06 20:00:00 UTCBSBUSDT     0.207280      54.71     26130       3348082.000000    693773.359430     48472843.000000 59200.000000  0.12        2.214400    -0.001000   -0.05       68.89       31.11       2.616100    0.010800    0.41        72.35       27.65       1.900200    -0.004200   -0.22       65.52       34.48   
2026-06-06 20:15:00 UTCBSBUSDT     0.207030      54.25     13144       1517644.000000    315447.071510     48106436.000000 -366407.000000-0.76       2.233100    0.018700    0.84        69.07       30.93       2.605500    -0.010600   -0.41       72.26       27.74       1.915500    0.015300    0.81        65.70       34.30   
2026-06-06 20:30:00 UTCBSBUSDT     0.209630      58.13     9585        979472.000000     204199.737430     48050678.000000 -55758.000000 -0.12       2.238300    0.005200    0.23        69.12       30.88       2.611300    0.005800    0.22        72.31       27.69       1.909500    -0.006000   -0.31       65.63       34.37   
2026-06-06 20:45:00 UTCBSBUSDT     0.212630      62.12     21868       3169786.000000    675970.279030     47963901.000000 -86777.000000 -0.18       2.238300    0.000000    0.00        69.12       30.88       2.602100    -0.009200   -0.35       72.24       27.76       1.910400    0.000900    0.05        65.64       34.36   
2026-06-06 21:00:00 UTCBSBUSDT     0.214410      64.29     12977       1391833.000000    296999.944640     48273384.000000 309483.000000 0.65        2.217500    -0.020800   -0.93       68.92       31.08       2.608900    0.006800    0.26        72.29       27.71       1.897700    -0.012700   -0.66       65.49       34.51   
2026-06-06 21:15:00 UTCBSBUSDT     0.215460      65.55     7167        1524989.000000    327208.748930     48474594.000000 201210.000000 0.42        2.232100    0.014600    0.66        69.06       30.94       2.614200    0.005300    0.20        72.33       27.67       1.902800    0.005100    0.27        65.55       34.45   
2026-06-06 21:30:00 UTCBSBUSDT     0.217180      67.56     6116        1324121.000000    285527.362700     48696019.000000 221425.000000 0.46        2.231000    -0.001100   -0.05       69.05       30.95       2.629600    0.015400    0.59        72.45       27.55       1.904400    0.001600    0.08        65.57       34.43   
2026-06-06 21:45:00 UTCBSBUSDT     0.218540      69.10     14042       1557794.000000    340168.922640     48674212.000000 -21807.000000 -0.04       2.240400    0.009400    0.42        69.14       30.86       2.638500    0.008900    0.34        72.52       27.48       1.920600    0.016200    0.85        65.76       34.24   
2026-06-06 22:00:00 UTCBSBUSDT     0.218710      69.30     13674       1104418.000000    240430.571840     48878521.000000 204309.000000 0.42        2.201000    -0.039400   -1.76       68.76       31.24       2.642400    0.003900    0.15        72.55       27.45       1.906100    -0.014500   -0.75       65.59       34.41   
2026-06-06 22:15:00 UTCBSBUSDT     0.217750      66.72     15297       1484499.000000    324611.710200     48856842.000000 -21679.000000 -0.04       2.230000    0.029000    1.32        69.04       30.96       2.666400    0.024000    0.91        72.73       27.27       1.918000    0.011900    0.62        65.73       34.27   
2026-06-06 22:30:00 UTCBSBUSDT     0.220190      69.79     12285       942160.000000     205858.742860     48813162.000000 -43680.000000 -0.09       2.245700    0.015700    0.70        69.19       30.81       2.673900    0.007500    0.28        72.78       27.22       1.938600    0.020600    1.07        65.97       34.03   
2026-06-06 22:45:00 UTCBSBUSDT     0.218970      66.49     9498        759513.000000     166232.928320     48845215.000000 32053.000000  0.07        2.243600    -0.002100   -0.09       69.17       30.83       2.672200    -0.001700   -0.06       72.77       27.23       1.938600    0.000000    0.00        65.97       34.03   
2026-06-06 23:00:00 UTCBSBUSDT     0.215450      57.97     12411       1088957.000000    236622.384160     48812002.000000 -33213.000000 -0.07       2.249900    0.006300    0.28        69.23       30.77       2.676100    0.003900    0.15        72.80       27.20       1.936000    -0.002600   -0.13       65.94       34.06   
2026-06-06 23:15:00 UTCBSBUSDT     0.217780      61.49     16722       1945467.000000    420470.265200     48871293.000000 59291.000000  0.12        2.265800    0.015900    0.71        69.38       30.62       2.684200    0.008100    0.30        72.86       27.14       1.948100    0.012100    0.62        66.08       33.92   
2026-06-06 23:30:00 UTCBSBUSDT     0.224830      69.74     21923       2394959.000000    531716.829350     49081355.000000 210062.000000 0.43        2.218500    -0.047300   -2.09       68.93       31.07       2.669100    -0.015100   -0.56       72.75       27.25       1.922300    -0.025800   -1.32       65.78       34.22   
2026-06-06 23:45:00 UTCBSBUSDT     0.227770      72.40     20935       2104260.000000    472762.603310     49294051.000000 212696.000000 0.43        2.227900    0.009400    0.42        69.02       30.98       2.665500    -0.003600   -0.13       72.72       27.28       1.937700    0.015400    0.80        65.96       34.04   
2026-06-07 00:00:00 UTCBSBUSDT     0.228940      73.40     38662       4453853.000000    1025411.708350    49249096.000000 -44955.000000 -0.09       2.246800    0.018900    0.85        69.20       30.80       2.646700    -0.018800   -0.71       72.58       27.42       1.969100    0.031400    1.62        66.32       33.68   
2026-06-07 00:15:00 UTCBSBUSDT     0.224270      63.50     27302       2794536.000000    631114.296560     49649384.000000 400288.000000 0.81        2.276500    0.029700    1.32        69.48       30.52       2.646400    -0.000300   -0.01       72.58       27.42       2.012000    0.042900    2.18        66.80       33.20   
2026-06-07 00:30:00 UTCBSBUSDT     0.226500      65.87     16534       1270924.000000    287694.519300     49670592.000000 21208.000000  0.04        2.280800    0.004300    0.19        69.52       30.48       2.653300    0.006900    0.26        72.63       27.37       2.016600    0.004600    0.23        66.85       33.15   
2026-06-07 00:45:00 UTCBSBUSDT     0.220120      54.90     26764       3601582.000000    793779.536460     49650045.000000 -20547.000000 -0.04       2.271200    -0.009600   -0.42       69.43       30.57       2.648700    -0.004600   -0.17       72.59       27.41       2.011100    -0.005500   -0.27       66.79       33.21   
2026-06-07 01:00:00 UTCBSBUSDT     0.222710      57.96     17856       1612345.000000    355181.699970     49075781.000000 -574264.000000-1.16       2.300300    0.029100    1.28        69.70       30.30       2.650800    0.002100    0.08        72.61       27.39       2.027600    0.016500    0.82        66.97       33.03   
2026-06-07 01:15:00 UTCBSBUSDT     0.222700      57.94     17407       1319971.000000    293721.827190     49125685.000000 49904.000000  0.10        2.289500    -0.010800   -0.47       69.60       30.40       2.648200    -0.002600   -0.10       72.59       27.41       2.018400    -0.009200   -0.45       66.87       33.13   
2026-06-07 01:30:00 UTCBSBUSDT     0.221670      56.18     11018       895551.000000     199209.993980     49126148.000000 463.000000    0.00        2.297100    0.007600    0.33        69.67       30.33       2.646900    -0.001300   -0.05       72.58       27.42       2.024800    0.006400    0.32        66.94       33.06   
2026-06-07 01:45:00 UTCBSBUSDT     0.226200      61.69     11233       959006.000000     213843.289160     49223158.000000 97010.000000  0.20        2.294900    -0.002200   -0.10       69.65       30.35       2.634800    -0.012100   -0.46       72.49       27.51       2.023900    -0.000900   -0.04       66.93       33.07   
2026-06-07 02:00:00 UTCBSBUSDT     0.228030      63.68     18469       1647330.000000    373256.913070     49145834.000000 -77324.000000 -0.16       2.296000    0.001100    0.05        69.66       30.34       2.623500    -0.011300   -0.43       72.40       27.60       2.033100    0.009200    0.45        67.03       32.97   
2026-06-07 02:15:00 UTCBSBUSDT     0.227910      63.44     16439       1585560.000000    358453.334440     49261986.000000 116152.000000 0.24        2.314600    0.018600    0.81        69.83       30.17       2.715700    0.092200    3.51        73.09       26.91       2.045100    0.012000    0.59        67.16       32.84   
2026-06-07 02:30:00 UTCBSBUSDT     0.230630      66.43     24057       2643634.000000    606517.944170     49490069.000000 228083.000000 0.46        2.488000    0.173400    7.49        71.33       28.67       2.730700    0.015000    0.55        73.20       26.80       2.038600    -0.006500   -0.32       67.09       32.91   
2026-06-07 02:45:00 UTCBSBUSDT     0.233740      69.50     34549       3807690.000000    892318.917600     49776385.000000 286316.000000 0.58        2.448300    -0.039700   -1.60       71.00       29.00       2.721200    -0.009500   -0.35       73.13       26.87       2.019300    -0.019300   -0.95       66.88       33.12   
2026-06-07 03:00:00 UTCBSBUSDT     0.231090      64.12     26408       2401870.000000    558937.264060     50318985.000000 542600.000000 1.09        2.500200    0.051900    2.12        71.43       28.57       2.718400    -0.002800   -0.10       73.11       26.89       2.068400    0.049100    2.43        67.41       32.59   
2026-06-07 03:15:00 UTCBSBUSDT     0.226680      56.31     28705       2954694.000000    671503.924320     50264541.000000 -54444.000000 -0.11       2.501400    0.001200    0.05        71.44       28.56       2.693800    -0.024600   -0.90       72.93       27.07       2.079800    0.011400    0.55        67.53       32.47   
2026-06-07 03:30:00 UTCBSBUSDT     0.227980      57.94     18945       1607513.000000    366509.707290     50025983.000000 -238558.000000-0.47       2.489200    -0.012200   -0.49       71.34       28.66       2.696900    0.003100    0.12        72.95       27.05       2.059000    -0.020800   -1.00       67.31       32.69   
2026-06-07 03:45:00 UTCBSBUSDT     0.217020      43.30     35068       5704822.000000    1250218.037860    50087336.000000 61353.000000  0.12        2.503900    0.014700    0.59        71.46       28.54       2.685700    -0.011200   -0.42       72.87       27.13       2.066500    0.007500    0.36        67.39       32.61   
2026-06-07 04:00:00 UTCBSBUSDT     0.218350      45.11     31540       3686732.000000    800964.073150     49896891.000000 -190445.000000-0.38       2.488000    -0.015900   -0.64       71.33       28.67       2.685600    -0.000100   -0.00       72.87       27.13       2.035800    -0.030700   -1.49       67.06       32.94   
2026-06-07 04:15:00 UTCBSBUSDT     0.217040      43.63     13068       1227345.000000    266557.121920     49890555.000000 -6336.000000  -0.01       2.459000    -0.029000   -1.17       71.09       28.91       2.698800    0.013200    0.49        72.96       27.04       2.011100    -0.024700   -1.21       66.79       33.21   
2026-06-07 04:30:00 UTCBSBUSDT     0.225960      54.56     26668       3084705.000000    688158.738910     49718130.000000 -172425.000000-0.35       2.461400    0.002400    0.10        71.11       28.89       2.684000    -0.014800   -0.55       72.86       27.14       2.015700    0.004600    0.23        66.84       33.16   
2026-06-07 04:45:00 UTCBSBUSDT     0.222040      49.97     15412       1451907.000000    322130.344640     49451825.000000 -266305.000000-0.54       2.429400    -0.032000   -1.30       70.84       29.16       2.690400    0.006400    0.24        72.90       27.10       1.994000    -0.021700   -1.08       66.60       33.40   
2026-06-07 05:00:00 UTCBSBUSDT     0.224320      52.47     12898       1140628.000000    254119.524640     49704982.000000 253157.000000 0.51        2.423500    -0.005900   -0.24       70.79       29.21       2.716700    0.026300    0.98        73.09       26.91       1.989500    -0.004500   -0.23       66.55       33.45   
2026-06-07 05:15:00 UTCBSBUSDT     0.231650      59.49     21274       1797364.000000    410894.214490     49705631.000000 649.000000    0.00        2.415300    -0.008200   -0.34       70.72       29.28       2.696800    -0.019900   -0.73       72.95       27.05       1.995800    0.006300    0.32        66.62       33.38   
2026-06-07 05:30:00 UTCBSBUSDT     0.234090      61.52     31451       3557641.000000    831200.659480     49814762.000000 109131.000000 0.22        2.430500    0.015200    0.63        70.85       29.15       2.676300    -0.020500   -0.76       72.80       27.20       2.022100    0.026300    1.32        66.91       33.09   
2026-06-07 05:45:00 UTCBSBUSDT     0.241020      66.65     31574       3278792.000000    772308.584220     49687945.000000 -126817.000000-0.25       2.440000    0.009500    0.39        70.93       29.07       2.661300    -0.015000   -0.56       72.69       27.31       2.027600    0.005500    0.27        66.97       33.03   
2026-06-07 06:00:00 UTCBSBUSDT     0.252810      73.19     65558       7910669.000000    1932075.470760    50181861.000000 493916.000000 0.99        2.408300    -0.031700   -1.30       70.66       29.34       2.663900    0.002600    0.10        72.71       27.29       2.012000    -0.015600   -0.77       66.80       33.20   
2026-06-07 06:15:00 UTCBSBUSDT     0.252980      73.27     71358       8606185.000000    2156002.606020    51216602.000000 1034741.0000002.06        2.382900    -0.025400   -1.05       70.44       29.56       2.628400    -0.035500   -1.33       72.44       27.56       2.046900    0.034900    1.73        67.18       32.82   
2026-06-07 06:30:00 UTCBSBUSDT     0.253250      73.41     86360       9871259.000000    2496089.532870    51881986.000000 665384.000000 1.30        2.453000    0.070100    2.94        71.04       28.96       2.615800    -0.012600   -0.48       72.34       27.66       2.113300    0.066400    3.24        67.88       32.12   
2026-06-07 06:45:00 UTCBSBUSDT     0.255480      74.58     91920       10338145.000000   2666136.660600    52462904.000000 580918.000000 1.12        2.469800    0.016800    0.68        71.18       28.82       2.582600    -0.033200   -1.27       72.09       27.91       2.137700    0.024400    1.15        68.13       31.87   
2026-06-07 07:00:00 UTCBSBUSDT     0.252010      69.47     62749       7348739.000000    1843930.697040    52993104.000000 530200.000000 1.01        2.492800    0.023000    0.93        71.37       28.63       2.617200    0.034600    1.34        72.35       27.65       2.200000    0.062300    2.91        68.75       31.25   
2026-06-07 07:15:00 UTCBSBUSDT     0.244440      59.82     48039       7284991.000000    1788772.833080    52697868.000000 -295236.000000-0.56       2.516200    0.023400    0.94        71.56       28.44       2.599100    -0.018100   -0.69       72.22       27.78       2.209200    0.009200    0.42        68.84       31.16   
2026-06-07 07:30:00 UTCBSBUSDT     0.244940      60.22     39929       4564201.000000    1111696.195630    52276575.000000 -421293.000000-0.80       2.527300    0.011100    0.44        71.65       28.35       2.617600    0.018500    0.71        72.36       27.64       2.194900    -0.014300   -0.65       68.70       31.30   
2026-06-07 07:45:00 UTCBSBUSDT     0.252130      65.45     32900       3180016.000000    793705.281430     52484167.000000 207592.000000 0.40        2.511200    -0.016100   -0.64       71.52       28.48       2.629300    0.011700    0.45        72.45       27.55       2.168600    -0.026300   -1.20       68.44       31.56   
2026-06-07 08:00:00 UTCBSBUSDT     0.251530      64.68     42254       4479343.000000    1126841.414930    52399337.000000 -84830.000000 -0.16       2.510000    -0.001200   -0.05       71.51       28.49       2.605900    -0.023400   -0.89       72.27       27.73       2.176600    0.008000    0.37        68.52       31.48   
2026-06-07 08:15:00 UTCBSBUSDT     0.250400      63.19     24218       1916101.000000    480983.697770     52463387.000000 64050.000000  0.12        2.524900    0.014900    0.59        71.63       28.37       2.560200    -0.045700   -1.75       71.91       28.09       2.182700    0.006100    0.28        68.58       31.42   
2026-06-07 08:30:00 UTCBSBUSDT     0.260760      70.03     40714       4773211.000000    1220308.544850    52388311.000000 -75076.000000 -0.14       2.510000    -0.014900   -0.59       71.51       28.49       2.550800    -0.009400   -0.37       71.84       28.16       2.187800    0.005100    0.23        68.63       31.37   
2026-06-07 08:45:00 UTCBSBUSDT     0.260400      69.55     53750       6581112.000000    1717569.927190    52189723.000000 -198588.000000-0.38       2.450700    -0.059300   -2.36       71.02       28.98       2.495600    -0.055200   -2.16       71.39       28.61       2.146600    -0.041200   -1.88       68.22       31.78   
2026-06-07 09:00:00 UTCBSBUSDT     0.256270      64.08     49506       5887596.000000    1493196.774040    51667275.000000 -522448.000000-1.00       2.483100    0.032400    1.32        71.29       28.71       2.485000    -0.010600   -0.42       71.31       28.69       2.163600    0.017000    0.79        68.39       31.61   
2026-06-07 09:15:00 UTCBSBUSDT     0.256470      64.22     32778       3213089.000000    819257.422850     50863300.000000 -803975.000000-1.56       2.499000    0.015900    0.64        71.42       28.58       2.457700    -0.027300   -1.10       71.08       28.92       2.172600    0.009000    0.42        68.48       31.52   
2026-06-07 09:30:00 UTCBSBUSDT     0.248340      54.48     39653       4819728.000000    1198738.322340    51032280.000000 168980.000000 0.33        2.490400    -0.008600   -0.34       71.35       28.65       2.461800    0.004100    0.17        71.11       28.89       2.155600    -0.017000   -0.78       68.31       31.69   
2026-06-07 09:45:00 UTCBSBUSDT     0.251220      56.97     24132       2663793.000000    663314.685190     50962974.000000 -69306.000000 -0.14       2.495300    0.004900    0.20        71.39       28.61       2.455200    -0.006600   -0.27       71.06       28.94       2.160600    0.005000    0.23        68.36       31.64   
2026-06-07 10:00:00 UTCBSBUSDT     0.254320      59.54     25668       2655810.000000    668247.736150     51315207.000000 352233.000000 0.69        2.532300    0.037000    1.48        71.69       28.31       2.475000    0.019800    0.81        71.22       28.78       2.195900    0.035300    1.63        68.71       31.29   
2026-06-07 10:15:00 UTCBSBUSDT     0.258460      62.73     55480       6274879.000000    1628078.365600    51278124.000000 -37083.000000 -0.07       2.499000    -0.033300   -1.32       71.42       28.58       2.465700    -0.009300   -0.38       71.15       28.85       2.174600    -0.021300   -0.97       68.50       31.50   
2026-06-07 10:30:00 UTCBSBUSDT     0.256560      60.38     34303       3323090.000000    849015.277820     51769537.000000 491413.000000 0.96        2.517400    0.018400    0.74        71.57       28.43       2.446200    -0.019500   -0.79       70.98       29.02       2.202000    0.027400    1.26        68.77       31.23   
2026-06-07 10:45:00 UTCBSBUSDT     0.255220      58.70     23196       1834151.000000    468465.405120     51681500.000000 -88037.000000 -0.17       2.497700    -0.019700   -0.78       71.41       28.59       2.453500    0.007300    0.30        71.04       28.96       2.198000    -0.004000   -0.18       68.73       31.27   
2026-06-07 11:00:00 UTCBSBUSDT     0.262020      64.14     37540       3538360.000000    913797.785320     51513853.000000 -167647.000000-0.32       2.507500    0.009800    0.39        71.49       28.51       2.452000    -0.001500   -0.06       71.03       28.97       2.181700    -0.016300   -0.74       68.57       31.43   
2026-06-07 11:15:00 UTCBSBUSDT     0.258490      59.74     55705       6499277.000000    1708072.782060    51685964.000000 172111.000000 0.33        2.460200    -0.047300   -1.89       71.10       28.90       2.441200    -0.010800   -0.44       70.94       29.06       2.167600    -0.014100   -0.65       68.43       31.57   
2026-06-07 11:30:00 UTCBSBUSDT     0.267800      66.30     47994       4709378.000000    1247787.204230    51528112.000000 -157852.000000-0.31       2.444700    -0.015500   -0.63       70.97       29.03       2.426400    -0.014800   -0.61       70.81       29.19       2.167600    0.000000    0.00        68.43       31.57   
2026-06-07 11:45:00 UTCBSBUSDT     0.270680      68.04     73853       8658166.000000    2351354.775460    52107773.000000 579661.000000 1.12        2.399000    -0.045700   -1.87       70.58       29.42       2.407500    -0.018900   -0.78       70.65       29.35       2.138700    -0.028900   -1.33       68.14       31.86   
2026-06-07 12:00:00 UTCBSBUSDT     0.269830      66.94     75272       8662325.000000    2343072.503450    52759989.000000 652216.000000 1.25        2.438800    0.039800    1.66        70.92       29.08       2.393700    -0.013800   -0.57       70.53       29.47       2.196900    0.058200    2.72        68.72       31.28   
2026-06-07 12:15:00 UTCBSBUSDT     0.272810      68.84     62141       6806086.000000    1833153.003490    52722258.000000 -37731.000000 -0.07       2.454200    0.015400    0.63        71.05       28.95       2.404300    0.010600    0.44        70.63       29.37       2.207200    0.010300    0.47        68.82       31.18   
2026-06-07 12:30:00 UTCBSBUSDT     0.268240      62.88     60495       6598641.000000    1762535.184890    52552358.000000 -169900.000000-0.32       2.489200    0.035000    1.43        71.34       28.66       2.379600    -0.024700   -1.03       70.41       29.59       2.239400    0.032200    1.46        69.13       30.87   
2026-06-07 12:45:00 UTCBSBUSDT     0.270880      64.78     57081       6160390.000000    1652727.759020    52516278.000000 -36080.000000 -0.07       2.508800    0.019600    0.79        71.50       28.50       2.396900    0.017300    0.73        70.56       29.44       2.263700    0.024300    1.09        69.36       30.64   
2026-06-07 13:00:00 UTCBSBUSDT     0.271570      65.28     69029       8360548.000000    2278007.308440    52444120.000000 -72158.000000 -0.14       2.519900    0.011100    0.44        71.59       28.41       2.378500    -0.018400   -0.77       70.40       29.60       2.279800    0.016100    0.71        69.51       30.49   
2026-06-07 13:15:00 UTCBSBUSDT     0.270820      64.21     63371       7241423.000000    1957135.121800    52357398.000000 -86722.000000 -0.17       2.490400    -0.029500   -1.17       71.35       28.65       2.355100    -0.023400   -0.98       70.19       29.81       2.272300    -0.007500   -0.33       69.44       30.56   
2026-06-07 13:30:00 UTCBSBUSDT     0.284170      72.74     64318       7565409.000000    2098609.858260    52268264.000000 -89134.000000 -0.17       2.508800    0.018400    0.74        71.50       28.50       2.342100    -0.013000   -0.55       70.08       29.92       2.327800    0.055500    2.44        69.95       30.05   
2026-06-07 13:45:00 UTCBSBUSDT     0.285250      73.29     89960       10821502.000000   3095946.538450    52210246.000000 -58018.000000 -0.11       2.431700    -0.077100   -3.07       70.86       29.14       2.323400    -0.018700   -0.80       69.91       30.09       2.288400    -0.039400   -1.69       69.59       30.41   
2026-06-07 14:00:00 UTCBSBUSDT     0.291660      76.36     94837       11069179.000000   3217752.563610    52587336.000000 377090.000000 0.72        2.406000    -0.025700   -1.06       70.64       29.36       2.250800    -0.072600   -3.12       69.24       30.76       2.278700    -0.009700   -0.42       69.50       30.50   
2026-06-07 14:15:00 UTCBSBUSDT     0.298840      79.24     82629       10499685.000000   3103711.508650    52944824.000000 357488.000000 0.68        2.349000    -0.057000   -2.37       70.14       29.86       2.266200    0.015400    0.68        69.38       30.62       2.268000    -0.010700   -0.47       69.40       30.60   
2026-06-07 14:30:00 UTCBSBUSDT     0.307980      82.22     152081      19263663.000000   5797242.878090    53440265.000000 495441.000000 0.94        2.341100    -0.007900   -0.34       70.07       29.93       2.221700    -0.044500   -1.96       68.96       31.04       2.287300    0.019300    0.85        69.58       30.42   
2026-06-07 14:45:00 UTCBSBUSDT     0.319250      85.06     135211      16411461.000000   5084590.218120    53062563.000000 -377702.000000-0.71       2.297100    -0.044000   -1.88       69.67       30.33       2.213100    -0.008600   -0.39       68.88       31.12       2.259500    -0.027800   -1.22       69.32       30.68   
2026-06-07 15:00:00 UTCBSBUSDT     0.341990      88.91     264009      38991854.000000   13021219.133920   53958919.000000 896356.000000 1.69        2.246800    -0.050300   -2.19       69.20       30.80       2.188000    -0.025100   -1.13       68.63       31.37       2.231000    -0.028500   -1.26       69.05       30.95   
2026-06-07 15:15:00 UTCBSBUSDT     0.330290      77.80     269711      42346697.000000   13760186.083420   56459461.000000 2500542.0000004.63        2.102700    -0.144100   -6.41       67.77       32.23       2.102700    -0.085300   -3.90       67.77       32.23       2.113300    -0.117700   -5.28       67.88       32.12   
2026-06-07 15:30:00 UTCBSBUSDT     0.357610      83.11     273805      36859534.000000   12483255.164540   55440120.000000 -1019341.000000-1.81       2.122100    0.019400    0.92        67.97       32.03       2.134400    0.031700    1.51        68.10       31.90       2.081700    -0.031600   -1.50       67.55       32.45  
2026-06-07 15:45:00 UTCBSBUSDT     0.379910      86.04     328132      43929083.000000   16135343.469440   56069198.000000 629078.000000 1.13        1.923100    -0.199000   -9.38       65.79       34.21       2.085500    -0.048900   -2.29       67.59       32.41       1.946400    -0.135300   -6.50       66.06       33.94   
2026-06-07 16:00:00 UTCBSBUSDT     0.381010      86.17     354237      47121383.000000   17742769.807840   56703607.000000 634409.000000 1.13        1.766300    -0.156800   -8.15       63.85       36.15       2.036100    -0.049400   -2.37       67.06       32.94       1.787800    -0.158600   -8.15       64.13       35.87   
2026-06-07 16:15:00 UTCBSBUSDT     0.393460      87.55     271973      32246200.000000   12499066.270590   56333565.000000 -370042.000000-0.65       1.777000    0.010700    0.61        63.99       36.01       2.058000    0.021900    1.08        67.30       32.70       1.807400    0.019600    1.10        64.38       35.62   
2026-06-07 16:30:00 UTCBSBUSDT     0.397420      87.97     248743      31441150.000000   12332836.597620   55946610.000000 -386955.000000-0.69       1.688900    -0.088100   -4.96       62.81       37.19       2.072000    0.014000    0.68        67.45       32.55       1.698300    -0.109100   -6.04       62.94       37.06   
2026-06-07 16:45:00 UTCBSBUSDT     0.394730      85.88     192874      21949367.000000   8793025.729130    55611627.000000 -334983.000000-0.60       1.668800    -0.020100   -1.19       62.53       37.47       2.027100    -0.044900   -2.17       66.97       33.03       1.653900    -0.044400   -2.61       62.32       37.68   
2026-06-07 17:00:00 UTCBSBUSDT     0.353640      61.79     456571      77597627.000000   27460610.742220   55848307.000000 236680.000000 0.43        1.618500    -0.050300   -3.01       61.81       38.19       2.007600    -0.019500   -0.96       66.75       33.25       1.608200    -0.045700   -2.76       61.66       38.34   
2026-06-07 17:15:00 UTCBSBUSDT     0.344980      58.09     253445      29212874.000000   10365195.982730   55268445.000000 -579862.000000-1.04       1.836900    0.218400    13.49       64.75       35.25       2.186400    0.178800    8.91        68.62       31.38       1.690300    0.082100    5.11        62.83       37.17   
2026-06-07 17:30:00 UTCBSBUSDT     0.355010      61.00     185760      19045548.000000   6642690.752540    55430246.000000 161801.000000 0.29        1.868600    0.031700    1.73        65.14       34.86       2.189900    0.003500    0.16        68.65       31.35       1.687400    -0.002900   -0.17       62.79       37.21   
2026-06-07 17:45:00 UTCBSBUSDT     0.365360      63.79     146070      13279470.000000   4782466.586760    55856467.000000 426221.000000 0.77        1.876900    0.008300    0.44        65.24       34.76       2.200900    0.011000    0.50        68.76       31.24       1.707800    0.020400    1.21        63.07       36.93   
2026-06-07 18:00:00 UTCBSBUSDT     0.352540      58.23     158194      16572887.000000   6006171.074040    56400948.000000 544481.000000 0.97        1.858800    -0.018100   -0.96       65.02       34.98       2.171800    -0.029100   -1.32       68.47       31.53       1.719600    0.011800    0.69        63.23       36.77   
2026-06-07 18:15:00 UTCBSBUSDT     0.368240      62.54     111362      10211125.000000   3670458.747410    56099616.000000 -301332.000000-0.53       1.843300    -0.015500   -0.83       64.83       35.17       2.160900    -0.010900   -0.50       68.36       31.64       1.704900    -0.014700   -0.85       63.03       36.97   
2026-06-07 18:30:00 UTCBSBUSDT     0.359750      58.99     104841      9736583.000000    3536479.862850    55707201.000000 -392415.000000-0.70       1.821700    -0.021600   -1.17       64.56       35.44       2.139500    -0.021400   -0.99       68.15       31.85       1.694000    -0.010900   -0.64       62.88       37.12   
2026-06-07 18:45:00 UTCBSBUSDT     0.363670      60.12     10985       861585.000000     311529.844980     55478768.000000 -228433.000000-0.41       1.816100    -0.005600   -0.31       64.49       35.51       2.137500    -0.002000   -0.09       68.13       31.87       0.000000    -1.694000   -100.00     0.00        0.00    

==============================================================================================================
LAST SNAPSHOT
==============================================================================================================
Time                : 2026-06-07 18:45:00 UTC
Symbol              : BSBUSDT
Close               : 0.363670
RSI(14)            : 60.12
Number of Trades    : 10985
Volume              : 861585.000000
Quote Volume        : 311529.844980
Quote Volume Source : binance_kline_quote_asset_volume

Open Interest       : 55478768.000000
OI Change           : -228433.000000
OI Change %         : -0.41%
OI Value            : 19935089.172384

Top Acco L/S Ratio  : 1.816100
Top Acco L/S Change : -0.005600
Top Acco Chg %      : -0.31%
Top Acco Long %     : 64.49
Top Acco Short %    : 35.51

Top Posit L/S Ratio : 2.137500
Top Posit L/S Change: -0.002000
Top Posit Chg %     : -0.09%
Top Posit Long %    : 68.13
Top Posit Short %   : 31.87

Global L/S Ratio    : 0.000000
Global L/S Change   : -1.694000
Global Chg %        : -100.00%
Global Long %       : 0.00
Global Short %      : 0.00

[Program finished]
