####################################################################################################
FETCHING BINANCE FUTURES DATA ...
####################################################################################################
SYMBOL     : DOGSUSDT
PERIOD     : 15m
LIMIT      : 500
RSI_PERIOD : 14

========================================================================================================================================================================================================================================================================================================================================================================
BINANCE FUTURES MERGED DATA (L.S + OI + RSI + TRADES) | ROW = ONE CANDLE
========================================================================================================================================================================================================================================================================================================================================================================
Time                  Symbol      Close         RSI       Trades      OI              OI Chg        OI Chg %    Acco L/S    Acco Chg    Acco Chg%   Acco L%     Acco S%     Posit L/S   Posit Chg   Posit Chg%  Posit L%    Posit S%    Global L/S  Global Chg  Global Chg% Global L%   Global S%
------------------------------------------------------------------------------------------------------------------------------------------------------------------------------------------------------------------------------------------------------------------------------------------------------------------------------------------------------------------------
2026-05-02 14:15:00 UTCDOGSUSDT    0.000032      53.19     325         46982417536.0000000.000000      0.00        4.252100    0.000000    0.00        80.96       19.04       2.012200    0.000000    0.00        66.80       33.20       2.963500    0.000000    0.00        74.77       25.23
2026-05-02 14:30:00 UTCDOGSUSDT    0.000032      54.75     435         46701858905.000000-280558631.000000-0.60       4.302200    0.050100    1.18        81.14       18.86       1.967200    -0.045000   -2.24       66.30       33.70       2.992000    0.028500    0.96        74.95       25.05
2026-05-02 14:45:00 UTCDOGSUSDT    0.000032      67.25     357         46769532374.00000067673469.0000000.14        4.288200    -0.014000   -0.33       81.09       18.91       1.961300    -0.005900   -0.30       66.23       33.77       2.965100    -0.026900   -0.90       74.78       25.22
2026-05-02 15:00:00 UTCDOGSUSDT    0.000033      73.62     922         47069337557.000000299805183.0000000.64        4.246600    -0.041600   -0.97       80.94       19.06       1.965100    0.003800    0.19        66.27       33.73       2.980900    0.015800    0.53        74.88       25.12
2026-05-02 15:15:00 UTCDOGSUSDT    0.000033      78.76     722         47229958683.000000160621126.0000000.34        4.257600    0.011000    0.26        80.98       19.02       1.960300    -0.004800   -0.24       66.22       33.78       2.960400    -0.020500   -0.69       74.75       25.25
2026-05-02 15:30:00 UTCDOGSUSDT    0.000033      62.57     628         47348525470.000000118566787.0000000.25        4.197500    -0.060100   -1.41       80.76       19.24       1.957500    -0.002800   -0.14       66.19       33.81       2.929300    -0.031100   -1.05       74.55       25.45
2026-05-02 15:45:00 UTCDOGSUSDT    0.000033      64.88     676         47021640416.000000-326885054.000000-0.69       4.274300    0.076800    1.83        81.04       18.96       1.959300    0.001800    0.09        66.21       33.79       3.048600    0.119300    4.07        75.30       24.70
2026-05-02 16:00:00 UTCDOGSUSDT    0.000033      67.62     468         47422570623.000000400930207.0000000.85        4.279800    0.005500    0.13        81.06       18.94       1.965600    0.006300    0.32        66.28       33.72       3.014500    -0.034100   -1.12       75.09       24.91
2026-05-02 16:15:00 UTCDOGSUSDT    0.000033      66.04     325         47319716515.000000-102854108.000000-0.22       4.319100    0.039300    0.92        81.20       18.80       1.970200    0.004600    0.23        66.33       33.67       3.033900    0.019400    0.64        75.21       24.79
2026-05-02 16:30:00 UTCDOGSUSDT    0.000033      67.08     203         47334030699.00000014314184.0000000.03        4.316300    -0.002800   -0.06       81.19       18.81       1.972400    0.002200    0.11        66.36       33.64       3.050200    0.016300    0.54        75.31       24.69
2026-05-02 16:45:00 UTCDOGSUSDT    0.000033      69.86     491         47373408843.00000039378144.0000000.08        4.327700    0.011400    0.26        81.23       18.77       1.974500    0.002100    0.11        66.38       33.62       3.043700    -0.006500   -0.21       75.27       24.73
2026-05-02 17:00:00 UTCDOGSUSDT    0.000033      66.41     417         47800412439.000000427003596.0000000.90        4.322000    -0.005700   -0.13       81.21       18.79       1.987700    0.013200    0.67        66.53       33.47       3.080000    0.036300    1.19        75.49       24.51
2026-05-02 17:15:00 UTCDOGSUSDT    0.000033      60.75     204         47857047729.00000056635290.0000000.12        4.353300    0.031300    0.72        81.32       18.68       1.980100    -0.007600   -0.38       66.44       33.56       3.110200    0.030200    0.98        75.67       24.33
2026-05-02 17:30:00 UTCDOGSUSDT    0.000033      55.98     608         47756837192.000000-100210537.000000-0.21       4.370600    0.017300    0.40        81.38       18.62       1.982300    0.002200    0.11        66.47       33.53       3.116900    0.006700    0.22        75.71       24.29
2026-05-02 17:45:00 UTCDOGSUSDT    0.000033      54.22     1461        47767234675.00000010397483.0000000.02        4.299400    -0.071200   -1.63       81.13       18.87       1.968000    -0.014300   -0.72       66.31       33.69       3.088300    -0.028600   -0.92       75.54       24.46
2026-05-02 18:00:00 UTCDOGSUSDT    0.000032      51.10     614         47113332022.000000-653902653.000000-1.37       4.574100    0.274700    6.39        82.06       17.94       1.951000    -0.017000   -0.86       66.11       33.89       3.168400    0.080100    2.59        76.01       23.99
2026-05-02 18:15:00 UTCDOGSUSDT    0.000032      51.10     170         47561497143.000000448165121.0000000.95        4.503600    -0.070500   -1.54       81.83       18.17       1.977300    0.026300    1.35        66.41       33.59       3.130500    -0.037900   -1.20       75.79       24.21
2026-05-02 18:30:00 UTCDOGSUSDT    0.000033      53.18     591         47563441159.0000001944016.0000000.00        4.524900    0.021300    0.47        81.90       18.10       1.978100    0.000800    0.04        66.42       33.58       3.132200    0.001700    0.05        75.80       24.20
2026-05-02 18:45:00 UTCDOGSUSDT    0.000033      53.18     759         47599584691.00000036143532.0000000.08        4.515700    -0.009200   -0.20       81.87       18.13       1.983800    0.005700    0.29        66.49       33.51       3.145900    0.013700    0.44        75.88       24.12
2026-05-02 19:00:00 UTCDOGSUSDT    0.000033      53.56     687         47622715736.00000023131045.0000000.05        4.549400    0.033700    0.75        81.98       18.02       1.986000    0.002200    0.11        66.51       33.49       3.154500    0.008600    0.27        75.93       24.07
2026-05-02 19:15:00 UTCDOGSUSDT    0.000032      49.64     646         47832440802.000000209725066.0000000.44        4.524900    -0.024500   -0.54       81.90       18.10       1.999500    0.013500    0.68        66.66       33.34       3.140800    -0.013700   -0.43       75.85       24.15
2026-05-02 19:30:00 UTCDOGSUSDT    0.000033      53.70     669         47771026122.000000-61414680.000000-0.13       4.540200    0.015300    0.34        81.95       18.05       1.995400    -0.004100   -0.21       66.62       33.38       3.144200    0.003400    0.11        75.87       24.13
2026-05-02 19:45:00 UTCDOGSUSDT    0.000032      47.51     701         47774362778.0000003336656.0000000.01        4.549400    0.009200    0.20        81.98       18.02       1.995200    -0.000200   -0.01       66.61       33.39       3.147700    0.003500    0.11        75.89       24.11
2026-05-02 20:00:00 UTCDOGSUSDT    0.000032      45.99     412         47794630370.00000020267592.0000000.04        4.537100    -0.012300   -0.27       81.94       18.06       1.984300    -0.010900   -0.55       66.49       33.51       3.151100    0.003400    0.11        75.91       24.09
2026-05-02 20:15:00 UTCDOGSUSDT    0.000032      45.99     116         47832085786.00000037455416.0000000.08        4.599100    0.062000    1.37        82.14       17.86       1.990400    0.006100    0.31        66.56       33.44       3.152800    0.001700    0.05        75.92       24.08
2026-05-02 20:30:00 UTCDOGSUSDT    0.000032      47.45     168         47901769133.00000069683347.0000000.15        4.577200    -0.021900   -0.48       82.07       17.93       1.998000    0.007600    0.38        66.64       33.36       3.133900    -0.018900   -0.60       75.81       24.19
2026-05-02 20:45:00 UTCDOGSUSDT    0.000032      49.89     495         47822268467.000000-79500666.000000-0.17       4.586600    0.009400    0.21        82.10       17.90       2.001300    0.003300    0.17        66.68       33.32       3.125400    -0.008500   -0.27       75.76       24.24
2026-05-02 21:00:00 UTCDOGSUSDT    0.000032      50.39     177         47824630159.0000002361692.0000000.00        4.561700    -0.024900   -0.54       82.02       17.98       2.001200    -0.000100   -0.00       66.68       33.32       3.110200    -0.015200   -0.49       75.67       24.33
2026-05-02 21:15:00 UTCDOGSUSDT    0.000033      59.10     127         47709439434.000000-115190725.000000-0.24       4.558600    -0.003100   -0.07       82.01       17.99       1.999800    -0.001400   -0.07       66.66       33.34       3.133900    0.023700    0.76        75.81       24.19
2026-05-02 21:30:00 UTCDOGSUSDT    0.000033      51.33     525         47774204916.00000064765482.0000000.14        4.552500    -0.006100   -0.13       81.99       18.01       2.002000    0.002200    0.11        66.69       33.31       3.113500    -0.020400   -0.65       75.69       24.31
2026-05-02 21:45:00 UTCDOGSUSDT    0.000032      50.01     339         47230140826.000000-544064090.000000-1.14       4.646500    0.094000    2.06        82.29       17.71       1.958100    -0.043900   -2.19       66.19       33.81       3.171900    0.058400    1.88        76.03       23.97
2026-05-02 22:00:00 UTCDOGSUSDT    0.000033      54.64     265         47293123883.00000062983057.0000000.13        4.665700    0.019200    0.41        82.35       17.65       1.957400    -0.000700   -0.04       66.19       33.81       3.199900    0.028000    0.88        76.19       23.81
2026-05-02 22:15:00 UTCDOGSUSDT    0.000033      50.94     154         47215345763.000000-77778120.000000-0.16       4.649700    -0.016000   -0.34       82.30       17.70       1.960600    0.003200    0.16        66.22       33.78       3.192900    -0.007000   -0.22       76.15       23.85
2026-05-02 22:30:00 UTCDOGSUSDT    0.000032      49.15     74          47232644717.00000017298954.0000000.04        4.714300    0.064600    1.39        82.50       17.50       1.970900    0.010300    0.53        66.34       33.66       3.196400    0.003500    0.11        76.17       23.83
2026-05-02 22:45:00 UTCDOGSUSDT    0.000033      52.31     147         47234712726.0000002068009.0000000.00        4.740500    0.026200    0.56        82.58       17.42       1.970100    -0.000800   -0.04       66.33       33.67       3.210500    0.014100    0.44        76.25       23.75
2026-05-02 23:00:00 UTCDOGSUSDT    0.000032      46.93     144         47352858574.000000118145848.0000000.25        4.720800    -0.019700   -0.42       82.52       17.48       1.969900    -0.000200   -0.01       66.33       33.67       3.205200    -0.005300   -0.17       76.22       23.78
2026-05-02 23:15:00 UTCDOGSUSDT    0.000032      49.27     94          47309929004.000000-42929570.000000-0.09       4.681800    -0.039000   -0.83       82.40       17.60       1.967600    -0.002300   -0.12       66.30       33.70       3.194600    -0.010600   -0.33       76.16       23.84
2026-05-02 23:30:00 UTCDOGSUSDT    0.000032      46.61     155         47328529545.00000018600541.0000000.04        4.678600    -0.003200   -0.07       82.39       17.61       1.968600    0.001000    0.05        66.31       33.69       3.191100    -0.003500   -0.11       76.14       23.86
2026-05-02 23:45:00 UTCDOGSUSDT    0.000032      50.45     237         47301479634.000000-27049911.000000-0.06       4.630600    -0.048000   -1.03       82.24       17.76       1.964300    -0.004300   -0.22       66.27       33.73       3.178900    -0.012200   -0.38       76.07       23.93
2026-05-03 00:00:00 UTCDOGSUSDT    0.000032      46.41     239         47632293871.000000330814237.0000000.70        4.605400    -0.025200   -0.54       82.16       17.84       1.983600    0.019300    0.98        66.48       33.52       3.142500    -0.036400   -1.15       75.86       24.14
2026-05-03 00:15:00 UTCDOGSUSDT    0.000032      45.97     113         47673086264.00000040792393.0000000.09        4.580400    -0.025000   -0.54       82.08       17.92       1.986300    0.002700    0.14        66.51       33.49       3.151100    0.008600    0.27        75.91       24.09
2026-05-03 00:30:00 UTCDOGSUSDT    0.000033      57.66     180         47651423314.000000-21662950.000000-0.05       4.552500    -0.027900   -0.61       81.99       18.01       1.987000    0.000700    0.04        66.52       33.48       3.144200    -0.006900   -0.22       75.87       24.13
2026-05-03 00:45:00 UTCDOGSUSDT    0.000033      54.82     128         47737433798.00000086010484.0000000.18        4.473500    -0.079000   -1.74       81.73       18.27       1.990400    0.003400    0.17        66.56       33.44       3.098400    -0.045800   -1.46       75.60       24.40
2026-05-03 01:00:00 UTCDOGSUSDT    0.000032      44.26     324         47813535067.00000076101269.0000000.16        4.420100    -0.053400   -1.19       81.55       18.45       1.995600    0.005200    0.26        66.62       33.38       3.088300    -0.010100   -0.33       75.54       24.46
2026-05-03 01:15:00 UTCDOGSUSDT    0.000032      42.94     138         47878118558.00000064583491.0000000.14        4.440700    0.020600    0.47        81.62       18.38       1.982400    -0.013200   -0.66       66.47       33.53       3.065000    -0.023300   -0.75       75.40       24.60
2026-05-03 01:30:00 UTCDOGSUSDT    0.000032      38.88     203         47943430954.00000065312396.0000000.14        4.425900    -0.014800   -0.33       81.57       18.43       1.973800    -0.008600   -0.43       66.37       33.63       3.068300    0.003300    0.11        75.42       24.58
2026-05-03 01:45:00 UTCDOGSUSDT    0.000032      36.32     162         47794410729.000000-149020225.000000-0.31       4.443700    0.017800    0.40        81.63       18.37       1.978600    0.004800    0.24        66.43       33.57       3.066700    -0.001600   -0.05       75.41       24.59
2026-05-03 02:00:00 UTCDOGSUSDT    0.000032      39.65     221         47696898649.000000-97512080.000000-0.20       4.452600    0.008900    0.20        81.66       18.34       1.978600    0.000000    0.00        66.43       33.57       3.073300    0.006600    0.22        75.45       24.55
2026-05-03 02:15:00 UTCDOGSUSDT    0.000032      38.72     102         47700505845.0000003607196.0000000.01        4.488500    0.035900    0.81        81.78       18.22       1.985100    0.006500    0.33        66.50       33.50       3.068300    -0.005000   -0.16       75.42       24.58
2026-05-03 02:30:00 UTCDOGSUSDT    0.000032      42.60     175         47766336810.00000065830965.0000000.14        4.497500    0.009000    0.20        81.81       18.19       1.998200    0.013100    0.66        66.65       33.35       3.066700    -0.001600   -0.05       75.41       24.59
2026-05-03 02:45:00 UTCDOGSUSDT    0.000032      44.94     263         47769155926.0000002819116.0000000.01        4.515700    0.018200    0.40        81.87       18.13       1.997800    -0.000400   -0.02       66.64       33.36       3.061700    -0.005000   -0.16       75.38       24.62
2026-05-03 03:00:00 UTCDOGSUSDT    0.000032      39.09     189         48271884882.000000502728956.0000001.05        4.476500    -0.039200   -0.87       81.74       18.26       2.101200    0.103400    5.18        67.75       32.25       3.024100    -0.037600   -1.23       75.15       24.85
2026-05-03 03:15:00 UTCDOGSUSDT    0.000032      36.11     276         48111343982.000000-160540900.000000-0.33       4.476500    0.000000    0.00        81.74       18.26       2.101700    0.000500    0.02        67.76       32.24       3.020900    -0.003200   -0.11       75.13       24.87
2026-05-03 03:30:00 UTCDOGSUSDT    0.000032      38.63     185         47840682991.000000-270660991.000000-0.56       4.592800    0.116300    2.60        82.12       17.88       2.091400    -0.010300   -0.49       67.65       32.35       3.068300    0.047400    1.57        75.42       24.58
2026-05-03 03:45:00 UTCDOGSUSDT    0.000032      40.16     110         47681416072.000000-159266919.000000-0.33       4.589700    -0.003100   -0.07       82.11       17.89       2.060000    -0.031400   -1.50       67.32       32.68       3.068300    0.000000    0.00        75.42       24.58
2026-05-03 04:00:00 UTCDOGSUSDT    0.000032      34.08     238         47722551937.00000041135865.0000000.09        4.589700    0.000000    0.00        82.11       17.89       2.058700    -0.001300   -0.06       67.31       32.69       3.063400    -0.004900   -0.16       75.39       24.61
2026-05-03 04:15:00 UTCDOGSUSDT    0.000032      34.61     231         47480515294.000000-242036643.000000-0.51       4.698000    0.108300    2.36        82.45       17.55       2.049200    -0.009500   -0.46       67.20       32.80       3.147700    0.084300    2.75        75.89       24.11
2026-05-03 04:30:00 UTCDOGSUSDT    0.000032      46.30     365         47538586480.00000058071186.0000000.12        4.665700    -0.032300   -0.69       82.35       17.65       2.032400    -0.016800   -0.82       67.02       32.98       3.140800    -0.006900   -0.22       75.85       24.15
2026-05-03 04:45:00 UTCDOGSUSDT    0.000032      47.90     150         47870906459.000000332319979.0000000.70        4.455500    -0.210200   -4.51       81.67       18.33       2.035100    0.002700    0.13        67.05       32.95       3.012800    -0.128000   -4.08       75.08       24.92
2026-05-03 05:00:00 UTCDOGSUSDT    0.000032      50.68     198         47955064593.00000084158134.0000000.18        4.452600    -0.002900   -0.07       81.66       18.34       2.039700    0.004600    0.23        67.10       32.90       3.006400    -0.006400   -0.21       75.04       24.96
2026-05-03 05:15:00 UTCDOGSUSDT    0.000032      49.07     138         47919165476.000000-35899117.000000-0.07       4.434800    -0.017800   -0.40       81.60       18.40       2.037100    -0.002600   -0.13       67.07       32.93       2.998400    -0.008000   -0.27       74.99       25.01
2026-05-03 05:30:00 UTCDOGSUSDT    0.000032      43.49     196         47928252259.0000009086783.0000000.02        4.458500    0.023700    0.53        81.68       18.32       2.040000    0.002900    0.14        67.11       32.89       3.006400    0.008000    0.27        75.04       24.96
2026-05-03 05:45:00 UTCDOGSUSDT    0.000032      45.71     107         47914126958.000000-14125301.000000-0.03       4.425900    -0.032600   -0.73       81.57       18.43       2.046700    0.006700    0.33        67.18       32.82       2.998400    -0.008000   -0.27       74.99       25.01
2026-05-03 06:00:00 UTCDOGSUSDT    0.000032      47.05     189         47912636273.000000-1490685.000000-0.00       4.408300    -0.017600   -0.40       81.51       18.49       2.050500    0.003800    0.19        67.22       32.78       2.985700    -0.012700   -0.42       74.91       25.09
2026-05-03 06:15:00 UTCDOGSUSDT    0.000032      45.83     170         47749386547.000000-163249726.000000-0.34       4.411300    0.003000    0.07        81.52       18.48       2.047500    -0.003000   -0.15       67.19       32.81       3.009600    0.023900    0.80        75.06       24.94
2026-05-03 06:30:00 UTCDOGSUSDT    0.000032      52.85     213         47790034107.00000040647560.0000000.09        4.414200    0.002900    0.07        81.53       18.47       2.046100    -0.001400   -0.07       67.17       32.83       3.025800    0.016200    0.54        75.16       24.84
2026-05-03 06:45:00 UTCDOGSUSDT    0.000032      58.30     319         48099527734.000000309493627.0000000.65        4.408300    -0.005900   -0.13       81.51       18.49       2.068400    0.022300    1.09        67.41       32.59       2.990400    -0.035400   -1.17       74.94       25.06
2026-05-03 07:00:00 UTCDOGSUSDT    0.000032      60.90     290         48260055111.000000160527377.0000000.33        4.387900    -0.020400   -0.46       81.44       18.56       2.084000    0.015600    0.75        67.57       32.43       2.987200    -0.003200   -0.11       74.92       25.08
2026-05-03 07:15:00 UTCDOGSUSDT    0.000033      62.17     101         48292156491.00000032101380.0000000.07        4.396700    0.008800    0.20        81.47       18.53       2.081300    -0.002700   -0.13       67.55       32.45       2.988800    0.001600    0.05        74.93       25.07
2026-05-03 07:30:00 UTCDOGSUSDT    0.000033      64.06     258         48273732992.000000-18423499.000000-0.04       4.385000    -0.011700   -0.27       81.43       18.57       2.080800    -0.000500   -0.02       67.54       32.46       2.987200    -0.001600   -0.05       74.92       25.08
2026-05-03 07:45:00 UTCDOGSUSDT    0.000033      61.31     231         48358285072.00000084552080.0000000.18        4.425900    0.040900    0.93        81.57       18.43       2.079200    -0.001600   -0.08       67.52       32.48       2.998400    0.011200    0.37        74.99       25.01
2026-05-03 08:00:00 UTCDOGSUSDT    0.000033      69.02     488         48376591041.00000018305969.0000000.04        4.396700    -0.029200   -0.66       81.47       18.53       2.081200    0.002000    0.10        67.55       32.45       2.993600    -0.004800   -0.16       74.96       25.04
2026-05-03 08:15:00 UTCDOGSUSDT    0.000033      61.24     645         48177372058.000000-199218983.000000-0.41       4.417100    0.020400    0.46        81.54       18.46       2.048900    -0.032300   -1.55       67.20       32.80       2.995200    0.001600    0.05        74.97       25.03
2026-05-03 08:30:00 UTCDOGSUSDT    0.000033      67.21     273         48194581669.00000017209611.0000000.04        4.494500    0.077400    1.75        81.80       18.20       2.017900    -0.031000   -1.51       66.86       33.14       3.090000    0.094800    3.17        75.55       24.45
2026-05-03 08:45:00 UTCDOGSUSDT    0.000033      59.77     302         48150369258.000000-44212411.000000-0.09       4.452600    -0.041900   -0.93       81.66       18.34       2.020200    0.002300    0.11        66.89       33.11       3.071700    -0.018300   -0.59       75.44       24.56
2026-05-03 09:00:00 UTCDOGSUSDT    0.000033      60.81     529         48036154000.000000-114215258.000000-0.24       4.488500    0.035900    0.81        81.78       18.22       2.005000    -0.015200   -0.75       66.72       33.28       3.101700    0.030000    0.98        75.62       24.38
2026-05-03 09:15:00 UTCDOGSUSDT    0.000033      65.59     323         48223698021.000000187544021.0000000.39        4.379200    -0.109300   -2.44       81.41       18.59       1.981300    -0.023700   -1.18       66.46       33.54       3.055200    -0.046500   -1.50       75.34       24.66
2026-05-03 09:30:00 UTCDOGSUSDT    0.000033      63.10     302         48130113520.000000-93584501.000000-0.19       4.449600    0.070400    1.61        81.65       18.35       1.993200    0.011900    0.60        66.59       33.41       3.073300    0.018100    0.59        75.45       24.55
2026-05-03 09:45:00 UTCDOGSUSDT    0.000033      64.55     247         48232823512.000000102709992.0000000.21        4.437700    -0.011900   -0.27       81.61       18.39       2.002400    0.009200    0.46        66.69       33.31       3.075000    0.001700    0.06        75.46       24.54
2026-05-03 10:00:00 UTCDOGSUSDT    0.000033      61.11     532         48338167886.000000105344374.0000000.22        4.396700    -0.041000   -0.92       81.47       18.53       2.008300    0.005900    0.29        66.76       33.24       3.037100    -0.037900   -1.23       75.23       24.77
2026-05-03 10:15:00 UTCDOGSUSDT    0.000033      61.38     89          47988285977.000000-349881909.000000-0.72       4.558600    0.161900    3.68        82.01       17.99       1.971400    -0.036900   -1.84       66.35       33.65       3.086600    0.049500    1.63        75.53       24.47
2026-05-03 10:30:00 UTCDOGSUSDT    0.000033      63.35     103         47995042621.0000006756644.0000000.01        4.546300    -0.012300   -0.27       81.97       18.03       1.971100    -0.000300   -0.02       66.34       33.66       3.086600    0.000000    0.00        75.53       24.47
2026-05-03 10:45:00 UTCDOGSUSDT    0.000033      50.32     201         47995404833.000000362212.000000 0.00        4.537100    -0.009200   -0.20       81.94       18.06       1.969100    -0.002000   -0.10       66.32       33.68       3.090000    0.003400    0.11        75.55       24.45
2026-05-03 11:00:00 UTCDOGSUSDT    0.000033      50.98     295         47864114717.000000-131290116.000000-0.27       4.618000    0.080900    1.78        82.20       17.80       1.971800    0.002700    0.14        66.35       33.65       3.111800    0.021800    0.71        75.68       24.32
2026-05-03 11:15:00 UTCDOGSUSDT    0.000032      45.76     124         47932711118.00000068596401.0000000.14        4.691500    0.073500    1.59        82.43       17.57       1.980300    0.008500    0.43        66.45       33.55       3.133900    0.022100    0.71        75.81       24.19
2026-05-03 11:30:00 UTCDOGSUSDT    0.000033      52.62     217         47855162697.000000-77548421.000000-0.16       4.704500    0.013000    0.28        82.47       17.53       1.984500    0.004200    0.21        66.49       33.51       3.149400    0.015500    0.49        75.90       24.10
2026-05-03 11:45:00 UTCDOGSUSDT    0.000033      52.28     134         47678993143.000000-176169554.000000-0.37       4.558600    -0.145900   -3.10       82.01       17.99       1.991600    0.007100    0.36        66.57       33.43       3.091700    -0.057700   -1.83       75.56       24.44
2026-05-03 12:00:00 UTCDOGSUSDT    0.000033      57.05     170         47627829789.000000-51163354.000000-0.11       4.546300    -0.012300   -0.27       81.97       18.03       1.985900    -0.005700   -0.29       66.51       33.49       3.083300    -0.008400   -0.27       75.51       24.49
2026-05-03 12:15:00 UTCDOGSUSDT    0.000033      55.19     61          47762004755.000000134174966.0000000.28        4.518800    -0.027500   -0.60       81.88       18.12       1.986500    0.000600    0.03        66.52       33.48       3.066700    -0.016600   -0.54       75.41       24.59
2026-05-03 12:30:00 UTCDOGSUSDT    0.000033      50.58     196         47735904578.000000-26100177.000000-0.05       4.524900    0.006100    0.13        81.90       18.10       1.987600    0.001100    0.06        66.53       33.47       3.060100    -0.006600   -0.22       75.37       24.63
2026-05-03 12:45:00 UTCDOGSUSDT    0.000033      50.92     110         47851631985.000000115727407.0000000.24        4.521800    -0.003100   -0.07       81.89       18.11       1.990400    0.002800    0.14        66.56       33.44       3.073300    0.013200    0.43        75.45       24.55
2026-05-03 13:00:00 UTCDOGSUSDT    0.000033      47.41     212         47863328277.00000011696292.0000000.02        4.509600    -0.012200   -0.27       81.85       18.15       1.991200    0.000800    0.04        66.57       33.43       3.073300    0.000000    0.00        75.45       24.55
2026-05-03 13:15:00 UTCDOGSUSDT    0.000032      44.14     327         47823770086.000000-39558191.000000-0.08       4.577200    0.067600    1.50        82.07       17.93       1.989900    -0.001300   -0.07       66.55       33.45       3.101700    0.028400    0.92        75.62       24.38
2026-05-03 13:30:00 UTCDOGSUSDT    0.000032      42.56     276         47555128249.000000-268641837.000000-0.56       4.491500    -0.085700   -1.87       81.79       18.21       1.957200    -0.032700   -1.64       66.18       33.82       3.073300    -0.028400   -0.92       75.45       24.55
2026-05-03 13:45:00 UTCDOGSUSDT    0.000032      41.59     146         47574911262.00000019783013.0000000.04        4.558600    0.067100    1.49        82.01       17.99       1.962100    0.004900    0.25        66.24       33.76       3.118600    0.045300    1.47        75.72       24.28
2026-05-03 14:00:00 UTCDOGSUSDT    0.000033      53.95     281         47548712664.000000-26198598.000000-0.06       4.558600    0.000000    0.00        82.01       17.99       1.961000    -0.001100   -0.06       66.23       33.77       3.115200    -0.003400   -0.11       75.70       24.30
2026-05-03 14:15:00 UTCDOGSUSDT    0.000033      50.46     128         47610080033.00000061367369.0000000.13        4.564800    0.006200    0.14        82.03       17.97       1.977400    0.016400    0.84        66.41       33.59       3.122000    0.006800    0.22        75.74       24.26
2026-05-03 14:30:00 UTCDOGSUSDT    0.000033      50.81     117         47474583318.000000-135496715.000000-0.28       4.506600    -0.058200   -1.27       81.84       18.16       1.969700    -0.007700   -0.39       66.33       33.67       3.108500    -0.013500   -0.43       75.66       24.34
2026-05-03 14:45:00 UTCDOGSUSDT    0.000033      49.34     149         47480863866.0000006280548.0000000.01        4.497500    -0.009100   -0.20       81.81       18.19       1.967400    -0.002300   -0.12       66.30       33.70       3.115200    0.006700    0.22        75.70       24.30
2026-05-03 15:00:00 UTCDOGSUSDT    0.000033      50.11     164         47439248833.000000-41615033.000000-0.09       4.473500    -0.024000   -0.53       81.73       18.27       1.964800    -0.002600   -0.13       66.27       33.73       3.110200    -0.005000   -0.16       75.67       24.33
2026-05-03 15:15:00 UTCDOGSUSDT    0.000033      51.32     155         47452721049.00000013472216.0000000.03        4.461500    -0.012000   -0.27       81.69       18.31       1.963400    -0.001400   -0.07       66.25       33.75       3.098400    -0.011800   -0.38       75.60       24.40
2026-05-03 15:30:00 UTCDOGSUSDT    0.000033      50.02     218         47479438134.00000026717085.0000000.06        4.455500    -0.006000   -0.13       81.67       18.33       1.961900    -0.001500   -0.08       66.24       33.76       3.098400    0.000000    0.00        75.60       24.40
2026-05-03 15:45:00 UTCDOGSUSDT    0.000033      53.80     142         47660878251.000000181440117.0000000.38        4.464500    0.009000    0.20        81.70       18.30       1.967300    0.005400    0.28        66.30       33.70       3.083300    -0.015100   -0.49       75.51       24.49
2026-05-03 16:00:00 UTCDOGSUSDT    0.000033      46.62     255         47614791549.000000-46086702.000000-0.10       4.455500    -0.009000   -0.20       81.67       18.33       1.965000    -0.002300   -0.12       66.27       33.73       3.085000    0.001700    0.06        75.52       24.48
2026-05-03 16:15:00 UTCDOGSUSDT    0.000032      45.47     221         47546899344.000000-67892205.000000-0.14       4.461500    0.006000    0.13        81.69       18.31       1.951800    -0.013200   -0.67       66.12       33.88       3.106800    0.021800    0.71        75.65       24.35
2026-05-03 16:30:00 UTCDOGSUSDT    0.000033      47.34     140         47370497876.000000-176401468.000000-0.37       4.524900    0.063400    1.42        81.90       18.10       1.938600    -0.013200   -0.68       65.97       34.03       3.130500    0.023700    0.76        75.79       24.21
2026-05-03 16:45:00 UTCDOGSUSDT    0.000033      46.48     149         47465475802.00000094977926.0000000.20        4.537100    0.012200    0.27        81.94       18.06       1.943700    0.005100    0.26        66.03       33.97       3.137400    0.006900    0.22        75.83       24.17
2026-05-03 17:00:00 UTCDOGSUSDT    0.000032      44.74     245         47464691622.000000-784180.000000-0.00       4.549400    0.012300    0.27        81.98       18.02       1.944300    0.000600    0.03        66.04       33.96       3.135600    -0.001800   -0.06       75.82       24.18
2026-05-03 17:15:00 UTCDOGSUSDT    0.000032      43.42     124         47563641175.00000098949553.0000000.21        4.488500    -0.060900   -1.34       81.78       18.22       1.941300    -0.003000   -0.15       66.00       34.00       3.038800    -0.096800   -3.09       75.24       24.76
2026-05-03 17:30:00 UTCDOGSUSDT    0.000032      46.26     269         47582588962.00000018947787.0000000.04        4.512700    0.024200    0.54        81.86       18.14       1.943300    0.002000    0.10        66.02       33.98       3.045300    0.006500    0.21        75.28       24.72
2026-05-03 17:45:00 UTCDOGSUSDT    0.000033      47.40     102         47475972947.000000-106616015.000000-0.22       4.537100    0.024400    0.54        81.94       18.06       1.953100    0.009800    0.50        66.14       33.86       3.070000    0.024700    0.81        75.43       24.57
2026-05-03 18:00:00 UTCDOGSUSDT    0.000033      54.19     283         47438611268.000000-37361679.000000-0.08       4.543200    0.006100    0.13        81.96       18.04       1.953300    0.000200    0.01        66.14       33.86       3.066700    -0.003300   -0.11       75.41       24.59
2026-05-03 18:15:00 UTCDOGSUSDT    0.000033      55.15     143         47417816182.000000-20795086.000000-0.04       4.491500    -0.051700   -1.14       81.79       18.21       1.943300    -0.010000   -0.51       66.02       33.98       3.066700    0.000000    0.00        75.41       24.59
2026-05-03 18:30:00 UTCDOGSUSDT    0.000033      58.86     154         47463501073.00000045684891.0000000.10        4.509600    0.018100    0.40        81.85       18.15       1.943800    0.000500    0.03        66.03       33.97       3.076600    0.009900    0.32        75.47       24.53
2026-05-03 18:45:00 UTCDOGSUSDT    0.000033      57.57     85          47436506735.000000-26994338.000000-0.06       4.527900    0.018300    0.41        81.91       18.09       1.947300    0.003500    0.18        66.07       33.93       3.081600    0.005000    0.16        75.50       24.50
2026-05-03 19:00:00 UTCDOGSUSDT    0.000033      59.48     301         47482864686.00000046357951.0000000.10        4.512700    -0.015200   -0.34       81.86       18.14       1.947600    0.000300    0.02        66.07       33.93       3.080000    -0.001600   -0.05       75.49       24.51
2026-05-03 19:15:00 UTCDOGSUSDT    0.000033      59.48     357         47629504920.000000146640234.0000000.31        4.485500    -0.027200   -0.60       81.77       18.23       1.941900    -0.005700   -0.29       66.01       33.99       3.071700    -0.008300   -0.27       75.44       24.56
2026-05-03 19:30:00 UTCDOGSUSDT    0.000033      55.85     481         47483105238.000000-146399682.000000-0.31       4.470500    -0.015000   -0.33       81.72       18.28       1.962600    0.020700    1.07        66.25       33.75       3.051900    -0.019800   -0.64       75.32       24.68
2026-05-03 19:45:00 UTCDOGSUSDT    0.000033      47.17     183         47173479957.000000-309625281.000000-0.65       4.583500    0.113000    2.53        82.09       17.91       1.949200    -0.013400   -0.68       66.09       33.91       3.101700    0.049800    1.63        75.62       24.38
2026-05-03 20:00:00 UTCDOGSUSDT    0.000033      47.79     192         47157936060.000000-15543897.000000-0.03       4.586600    0.003100    0.07        82.10       17.90       1.953000    0.003800    0.19        66.14       33.86       3.093300    -0.008400   -0.27       75.57       24.43
2026-05-03 20:15:00 UTCDOGSUSDT    0.000033      48.45     138         47186338397.00000028402337.0000000.06        4.592800    0.006200    0.14        82.12       17.88       1.960300    0.007300    0.37        66.22       33.78       3.090000    -0.003300   -0.11       75.55       24.45
2026-05-03 20:30:00 UTCDOGSUSDT    0.000033      57.14     208         47176924155.000000-9414242.000000-0.02       4.577200    -0.015600   -0.34       82.07       17.93       1.958200    -0.002100   -0.11       66.20       33.80       3.088300    -0.001700   -0.06       75.54       24.46
2026-05-03 20:45:00 UTCDOGSUSDT    0.000033      54.50     316         47267656917.00000090732762.0000000.19        4.605400    0.028200    0.62        82.16       17.84       1.963100    0.004900    0.25        66.25       33.75       3.091700    0.003400    0.11        75.56       24.44
2026-05-03 21:00:00 UTCDOGSUSDT    0.000033      54.50     180         47292039412.00000024382495.0000000.05        4.417100    -0.188300   -4.09       81.54       18.46       1.968700    0.005600    0.29        66.32       33.68       3.012800    -0.078900   -2.55       75.08       24.92
2026-05-03 21:15:00 UTCDOGSUSDT    0.000033      43.91     130         47294311992.0000002272580.0000000.00        4.379200    -0.037900   -0.86       81.41       18.59       1.966100    -0.002600   -0.13       66.29       33.71       3.004800    -0.008000   -0.27       75.03       24.97
2026-05-03 21:30:00 UTCDOGSUSDT    0.000032      36.32     317         47301264893.0000006952901.0000000.01        4.393700    0.014500    0.33        81.46       18.54       1.966700    0.000600    0.03        66.29       33.71       2.988800    -0.016000   -0.53       74.93       25.07
2026-05-03 21:45:00 UTCDOGSUSDT    0.000033      47.69     159         47201951072.000000-99313821.000000-0.21       4.356200    -0.037500   -0.85       81.33       18.67       1.966400    -0.000300   -0.02       66.29       33.71       2.976100    -0.012700   -0.42       74.85       25.15
2026-05-03 22:00:00 UTCDOGSUSDT    0.000033      55.09     271         47175793576.000000-26157496.000000-0.06       4.370600    0.014400    0.33        81.38       18.62       1.967500    0.001100    0.06        66.30       33.70       2.973000    -0.003100   -0.10       74.83       25.17
2026-05-03 22:15:00 UTCDOGSUSDT    0.000033      62.68     249         47028504556.000000-147289020.000000-0.31       4.546300    0.175700    4.02        81.97       18.03       1.965800    -0.001700   -0.09       66.28       33.72       3.043700    0.070700    2.38        75.27       24.73
2026-05-03 22:30:00 UTCDOGSUSDT    0.000033      64.04     320         46958568860.000000-69935696.000000-0.15       4.437700    -0.108600   -2.39       81.61       18.39       1.961100    -0.004700   -0.24       66.23       33.77       3.012800    -0.030900   -1.02       75.08       24.92
2026-05-03 22:45:00 UTCDOGSUSDT    0.000033      57.69     171         46946809685.000000-11759175.000000-0.03       4.420100    -0.017600   -0.40       81.55       18.45       1.951700    -0.009400   -0.48       66.12       33.88       3.004800    -0.008000   -0.27       75.03       24.97
2026-05-03 23:00:00 UTCDOGSUSDT    0.000033      53.98     189         46897730848.000000-49078837.000000-0.10       4.446600    0.026500    0.60        81.64       18.36       1.949200    -0.002500   -0.13       66.09       33.91       3.014500    0.009700    0.32        75.09       24.91
2026-05-03 23:15:00 UTCDOGSUSDT    0.000033      46.79     320         46907419785.0000009688937.0000000.02        4.461500    0.014900    0.34        81.69       18.31       1.951300    0.002100    0.11        66.12       33.88       3.020900    0.006400    0.21        75.13       24.87
2026-05-03 23:30:00 UTCDOGSUSDT    0.000033      44.55     190         46964842677.00000057422892.0000000.12        4.399600    -0.061900   -1.39       81.48       18.52       1.955900    0.004600    0.24        66.17       33.83       2.992000    -0.028900   -0.96       74.95       25.05
2026-05-03 23:45:00 UTCDOGSUSDT    0.000033      44.55     209         47011917561.00000047074884.0000000.10        4.387900    -0.011700   -0.27       81.44       18.56       1.959600    0.003700    0.19        66.21       33.79       2.990400    -0.001600   -0.05       74.94       25.06
2026-05-04 00:00:00 UTCDOGSUSDT    0.000032      38.99     382         47309478790.000000297561229.0000000.63        4.396700    0.008800    0.20        81.47       18.53       1.973300    0.013700    0.70        66.37       33.63       2.992000    0.001600    0.05        74.95       25.05
2026-05-04 00:15:00 UTCDOGSUSDT    0.000032      35.30     472         47190614937.000000-118863853.000000-0.25       4.414200    0.017500    0.40        81.53       18.47       1.973500    0.000200    0.01        66.37       33.63       2.995200    0.003200    0.11        74.97       25.03
2026-05-04 00:30:00 UTCDOGSUSDT    0.000032      40.10     287         46884501619.000000-306113318.000000-0.65       4.589700    0.175500    3.98        82.11       17.89       1.966800    -0.006700   -0.34       66.29       33.71       3.127100    0.131900    4.40        75.77       24.23
2026-05-04 00:45:00 UTCDOGSUSDT    0.000033      51.96     354         46886762517.0000002260898.0000000.00        4.534000    -0.055700   -1.21       81.93       18.07       1.963900    -0.002900   -0.15       66.26       33.74       3.096700    -0.030400   -0.97       75.59       24.41
2026-05-04 01:00:00 UTCDOGSUSDT    0.000033      53.70     407         46630508870.000000-256253647.000000-0.55       4.624300    0.090300    1.99        82.22       17.78       1.972200    0.008300    0.42        66.35       33.65       3.083300    -0.013400   -0.43       75.51       24.49
2026-05-04 01:15:00 UTCDOGSUSDT    0.000033      52.01     193         46620003035.000000-10505835.000000-0.02       4.621100    -0.003200   -0.07       82.21       17.79       1.961100    -0.011100   -0.56       66.23       33.77       3.101700    0.018400    0.60        75.62       24.38
2026-05-04 01:30:00 UTCDOGSUSDT    0.000033      57.23     667         46600117219.000000-19885816.000000-0.04       4.614800    -0.006300   -0.14       82.19       17.81       1.959100    -0.002000   -0.10       66.21       33.79       3.122000    0.020300    0.65        75.74       24.26
2026-05-04 01:45:00 UTCDOGSUSDT    0.000033      66.76     858         46187880536.000000-412236683.000000-0.88       4.659300    0.044500    0.96        82.33       17.67       1.920600    -0.038500   -1.97       65.76       34.24       3.116900    -0.005100   -0.16       75.71       24.29
2026-05-04 02:00:00 UTCDOGSUSDT    0.000033      66.40     597         46575205922.000000387325386.0000000.84        4.458500    -0.200800   -4.31       81.68       18.32       1.950600    0.030000    1.56        66.11       33.89       3.045300    -0.071600   -2.30       75.28       24.72
2026-05-04 02:15:00 UTCDOGSUSDT    0.000033      70.07     400         47590687958.0000001015482036.0000002.18        4.464500    0.006000    0.13        81.70       18.30       1.957600    0.007000    0.36        66.19       33.81       3.063400    0.018100    0.59        75.39       24.61
2026-05-04 02:30:00 UTCDOGSUSDT    0.000033      69.68     534         47596097117.0000005409159.0000000.01        4.467500    0.003000    0.07        81.71       18.29       1.956700    -0.000900   -0.05       66.18       33.82       3.053500    -0.009900   -0.32       75.33       24.67
2026-05-04 02:45:00 UTCDOGSUSDT    0.000034      71.55     366         47332693446.000000-263403671.000000-0.55       4.531000    0.063500    1.42        81.92       18.08       1.952300    -0.004400   -0.22       66.13       33.87       3.086600    0.033100    1.08        75.53       24.47
2026-05-04 03:00:00 UTCDOGSUSDT    0.000034      73.18     358         47364619784.00000031926338.0000000.07        4.509600    -0.021400   -0.47       81.85       18.15       1.960500    0.008200    0.42        66.22       33.78       3.065000    -0.021600   -0.70       75.40       24.60
2026-05-04 03:15:00 UTCDOGSUSDT    0.000033      64.80     268         47542610156.000000177990372.0000000.38        4.497500    -0.012100   -0.27       81.81       18.19       1.974200    0.013700    0.70        66.38       33.62       3.055200    -0.009800   -0.32       75.34       24.66
2026-05-04 03:30:00 UTCDOGSUSDT    0.000033      61.21     297         47526636279.000000-15973877.000000-0.03       4.417100    -0.080400   -1.79       81.54       18.46       1.976000    0.001800    0.09        66.40       33.60       3.025800    -0.029400   -0.96       75.16       24.84
2026-05-04 03:45:00 UTCDOGSUSDT    0.000033      61.67     235         47494897125.000000-31739154.000000-0.07       4.402500    -0.014600   -0.33       81.49       18.51       1.977600    0.001600    0.08        66.42       33.58       3.032300    0.006500    0.21        75.20       24.80
2026-05-04 04:00:00 UTCDOGSUSDT    0.000033      63.96     731         47588737954.00000093840829.0000000.20        4.316300    -0.086200   -1.96       81.19       18.81       1.976400    -0.001200   -0.06       66.40       33.60       2.985700    -0.046600   -1.54       74.91       25.09
2026-05-04 04:15:00 UTCDOGSUSDT    0.000034      64.19     357         47508001188.000000-80736766.000000-0.17       4.405400    0.089100    2.06        81.50       18.50       1.933600    -0.042800   -2.17       65.91       34.09       2.990400    0.004700    0.16        74.94       25.06
2026-05-04 04:30:00 UTCDOGSUSDT    0.000034      67.13     261         47766367725.000000258366537.0000000.54        4.449600    0.044200    1.00        81.65       18.35       1.925300    -0.008300   -0.43       65.82       34.18       3.006400    0.016000    0.54        75.04       24.96
2026-05-04 04:45:00 UTCDOGSUSDT    0.000034      63.26     240         47786423975.00000020056250.0000000.04        4.583500    0.133900    3.01        82.09       17.91       1.926700    0.001400    0.07        65.83       34.17       3.043700    0.037300    1.24        75.27       24.73
2026-05-04 05:00:00 UTCDOGSUSDT    0.000033      59.56     325         47794780697.0000008356722.0000000.02        4.574100    -0.009400   -0.21       82.06       17.94       1.933700    0.007000    0.36        65.91       34.09       3.029000    -0.014700   -0.48       75.18       24.82
2026-05-04 05:15:00 UTCDOGSUSDT    0.000033      57.54     467         47663114753.000000-131665944.000000-0.28       4.589700    0.015600    0.34        82.11       17.89       1.943500    0.009800    0.51        66.03       33.97       3.020900    -0.008100   -0.27       75.13       24.87
2026-05-04 05:30:00 UTCDOGSUSDT    0.000034      61.47     231         47580859445.000000-82255308.000000-0.17       4.567900    -0.021800   -0.47       82.04       17.96       1.942800    -0.000700   -0.04       66.02       33.98       3.012800    -0.008100   -0.27       75.08       24.92
2026-05-04 05:45:00 UTCDOGSUSDT    0.000033      56.63     201         47503608538.000000-77250907.000000-0.16       4.583500    0.015600    0.34        82.09       17.91       1.933100    -0.009700   -0.50       65.91       34.09       3.032300    0.019500    0.65        75.20       24.80
2026-05-04 06:00:00 UTCDOGSUSDT    0.000033      48.42     234         47553146363.00000049537825.0000000.10        4.589700    0.006200    0.14        82.11       17.89       1.928900    -0.004200   -0.22       65.86       34.14       3.045300    0.013000    0.43        75.28       24.72
2026-05-04 06:15:00 UTCDOGSUSDT    0.000033      44.12     693         47435998761.000000-117147602.000000-0.25       4.602200    0.012500    0.27        82.15       17.85       1.918800    -0.010100   -0.52       65.74       34.26       3.055200    0.009900    0.33        75.34       24.66
2026-05-04 06:30:00 UTCDOGSUSDT    0.000033      47.79     268         47378523172.000000-57475589.000000-0.12       4.571000    -0.031200   -0.68       82.05       17.95       1.940200    0.021400    1.12        65.99       34.01       3.055200    0.000000    0.00        75.34       24.66
2026-05-04 06:45:00 UTCDOGSUSDT    0.000033      50.03     220         47149557237.000000-228965935.000000-0.48       4.552500    -0.018500   -0.40       81.99       18.01       1.969100    0.028900    1.49        66.32       33.68       3.045300    -0.009900   -0.32       75.28       24.72
2026-05-04 07:00:00 UTCDOGSUSDT    0.000033      52.84     299         47097205157.000000-52352080.000000-0.11       4.399600    -0.152900   -3.36       81.48       18.52       1.980800    0.011700    0.59        66.45       33.55       2.990400    -0.054900   -1.80       74.94       25.06
2026-05-04 07:15:00 UTCDOGSUSDT    0.000033      50.79     137         47165168634.00000067963477.0000000.14        4.376300    -0.023300   -0.53       81.40       18.60       1.984200    0.003400    0.17        66.49       33.51       2.984100    -0.006300   -0.21       74.90       25.10
2026-05-04 07:30:00 UTCDOGSUSDT    0.000033      49.75     330         47151558456.000000-13610178.000000-0.03       4.387900    0.011600    0.27        81.44       18.56       1.991900    0.007700    0.39        66.58       33.42       2.985700    0.001600    0.05        74.91       25.09
2026-05-04 07:45:00 UTCDOGSUSDT    0.000033      47.99     138         47195041084.00000043482628.0000000.09        4.534000    0.146100    3.33        81.93       18.07       1.985900    -0.006000   -0.30       66.51       33.49       3.075000    0.089300    2.99        75.46       24.54
2026-05-04 08:00:00 UTCDOGSUSDT    0.000033      47.63     195         47206357802.00000011316718.0000000.02        4.521800    -0.012200   -0.27       81.89       18.11       1.984500    -0.001400   -0.07       66.49       33.51       3.073300    -0.001700   -0.06       75.45       24.55
2026-05-04 08:15:00 UTCDOGSUSDT    0.000033      43.38     235         47204736803.000000-1620999.000000-0.00       4.524900    0.003100    0.07        81.90       18.10       1.982000    -0.002500   -0.13       66.47       33.53       3.080000    0.006700    0.22        75.49       24.51
2026-05-04 08:30:00 UTCDOGSUSDT    0.000033      44.71     234         47350336735.000000145599932.0000000.31        4.561700    0.036800    0.81        82.02       17.98       1.983700    0.001700    0.09        66.48       33.52       3.103400    0.023400    0.76        75.63       24.37
2026-05-04 08:45:00 UTCDOGSUSDT    0.000033      43.97     152         47301674872.000000-48661863.000000-0.10       4.571000    0.009300    0.20        82.05       17.95       1.993600    0.009900    0.50        66.60       33.40       3.106800    0.003400    0.11        75.65       24.35
2026-05-04 09:00:00 UTCDOGSUSDT    0.000033      53.50     212         47288857445.000000-12817427.000000-0.03       4.543200    -0.027800   -0.61       81.96       18.04       1.992500    -0.001100   -0.06       66.58       33.42       3.091700    -0.015100   -0.49       75.56       24.44
2026-05-04 09:15:00 UTCDOGSUSDT    0.000033      55.28     278         47274762300.000000-14095145.000000-0.03       4.561700    0.018500    0.41        82.02       17.98       1.999500    0.007000    0.35        66.66       33.34       3.100000    0.008300    0.27        75.61       24.39
2026-05-04 09:30:00 UTCDOGSUSDT    0.000034      61.88     387         47247445932.000000-27316368.000000-0.06       4.614800    0.053100    1.16        82.19       17.81       2.002100    0.002600    0.13        66.69       33.31       3.128800    0.028800    0.93        75.78       24.22
2026-05-04 09:45:00 UTCDOGSUSDT    0.000034      63.80     234         47465143062.000000217697130.0000000.46        4.540200    -0.074600   -1.62       81.95       18.05       2.003700    0.001600    0.08        66.71       33.29       3.118600    -0.010200   -0.33       75.72       24.28
2026-05-04 10:00:00 UTCDOGSUSDT    0.000033      38.66     921         47480864861.00000015721799.0000000.03        4.524900    -0.015300   -0.34       81.90       18.10       2.007300    0.003600    0.18        66.75       33.25       3.103400    -0.015200   -0.49       75.63       24.37
2026-05-04 10:15:00 UTCDOGSUSDT    0.000033      41.89     954         47062140808.000000-418724053.000000-0.88       4.627500    0.102600    2.27        82.23       17.77       2.020800    0.013500    0.67        66.90       33.10       3.127100    0.023700    0.76        75.77       24.23
2026-05-04 10:30:00 UTCDOGSUSDT    0.000033      45.00     505         47047756846.000000-14383962.000000-0.03       4.546300    -0.081200   -1.75       81.97       18.03       2.005800    -0.015000   -0.74       66.73       33.27       3.081600    -0.045500   -1.46       75.50       24.50
2026-05-04 10:45:00 UTCDOGSUSDT    0.000033      45.86     296         47153818531.000000106061685.0000000.23        4.574100    0.027800    0.61        82.06       17.94       2.022200    0.016400    0.82        66.91       33.09       3.071700    -0.009900   -0.32       75.44       24.56
2026-05-04 11:00:00 UTCDOGSUSDT    0.000033      45.60     260         47019362320.000000-134456211.000000-0.29       4.633800    0.059700    1.31        82.25       17.75       2.023700    0.001500    0.07        66.93       33.07       3.103400    0.031700    1.03        75.63       24.37
2026-05-04 11:15:00 UTCDOGSUSDT    0.000033      43.28     178         47092853099.00000073490779.0000000.16        4.618000    -0.015800   -0.34       82.20       17.80       2.025100    0.001400    0.07        66.94       33.06       3.108500    0.005100    0.16        75.66       24.34
2026-05-04 11:30:00 UTCDOGSUSDT    0.000033      52.54     342         47109218116.00000016365017.0000000.03        4.586600    -0.031400   -0.68       82.10       17.90       2.030600    0.005500    0.27        67.00       33.00       3.075000    -0.033500   -1.08       75.46       24.54
2026-05-04 11:45:00 UTCDOGSUSDT    0.000033      54.30     542         47322478881.000000213260765.0000000.45        4.549400    -0.037200   -0.81       81.98       18.02       2.020100    -0.010500   -0.52       66.89       33.11       3.070000    -0.005000   -0.16       75.43       24.57
2026-05-04 12:00:00 UTCDOGSUSDT    0.000033      55.06     803         47316881500.000000-5597381.000000-0.01       4.561700    0.012300    0.27        82.02       17.98       2.027200    0.007100    0.35        66.97       33.03       3.093300    0.023300    0.76        75.57       24.43
2026-05-04 12:15:00 UTCDOGSUSDT    0.000033      58.56     878         47214671215.000000-102210285.000000-0.22       4.524900    -0.036800   -0.81       81.90       18.10       2.015900    -0.011300   -0.56       66.84       33.16       3.081600    -0.011700   -0.38       75.50       24.50
2026-05-04 12:30:00 UTCDOGSUSDT    0.000034      60.00     952         47384957902.000000170286687.0000000.36        4.561700    0.036800    0.81        82.02       17.98       2.029300    0.013400    0.66        66.99       33.01       3.078300    -0.003300   -0.11       75.48       24.52
2026-05-04 12:45:00 UTCDOGSUSDT    0.000034      64.82     1251        47341144337.000000-43813565.000000-0.09       4.567900    0.006200    0.14        82.04       17.96       2.024300    -0.005000   -0.25       66.93       33.07       3.085000    0.006700    0.22        75.52       24.48
2026-05-04 13:00:00 UTCDOGSUSDT    0.000033      55.63     1539        47943242857.000000602098520.0000001.27        4.437700    -0.130200   -2.85       81.61       18.39       2.041900    0.017600    0.87        67.13       32.87       3.003200    -0.081800   -2.65       75.02       24.98
2026-05-04 13:15:00 UTCDOGSUSDT    0.000034      61.51     946         47367550465.000000-575692392.000000-1.20       4.640200    0.202500    4.56        82.27       17.73       2.063000    0.021100    1.03        67.35       32.65       3.116900    0.113700    3.79        75.71       24.29
2026-05-04 13:30:00 UTCDOGSUSDT    0.000034      61.51     518         47272334066.000000-95216399.000000-0.20       4.580400    -0.059800   -1.29       82.08       17.92       2.068400    0.005400    0.26        67.41       32.59       3.073300    -0.043600   -1.40       75.45       24.55
2026-05-04 13:45:00 UTCDOGSUSDT    0.000034      64.07     891         47493375946.000000221041880.0000000.47        4.602200    0.021800    0.48        82.15       17.85       2.091000    0.022600    1.09        67.65       32.35       3.091700    0.018400    0.60        75.56       24.44
2026-05-04 14:00:00 UTCDOGSUSDT    0.000034      59.79     791         48279633880.000000786257934.0000001.66        4.524900    -0.077300   -1.68       81.90       18.10       2.128600    0.037600    1.80        68.04       31.96       3.050200    -0.041500   -1.34       75.31       24.69
2026-05-04 14:15:00 UTCDOGSUSDT    0.000034      62.29     435         48153383276.000000-126250604.000000-0.26       4.646500    0.121600    2.69        82.29       17.71       2.132500    0.003900    0.18        68.08       31.92       3.108500    0.058300    1.91        75.66       24.34
2026-05-04 14:30:00 UTCDOGSUSDT    0.000034      62.29     473         48195734515.00000042351239.0000000.09        4.608500    -0.038000   -0.82       82.17       17.83       2.127100    -0.005400   -0.25       68.02       31.98       3.120300    0.011800    0.38        75.73       24.27
2026-05-04 14:45:00 UTCDOGSUSDT    0.000034      66.71     910         48032949193.000000-162785322.000000-0.34       4.589700    -0.018800   -0.41       82.11       17.89       2.105600    -0.021500   -1.01       67.80       32.20       3.113500    -0.006800   -0.22       75.69       24.31
2026-05-04 15:00:00 UTCDOGSUSDT    0.000034      71.45     1044        48178809589.000000145860396.0000000.30        4.402500    -0.187200   -4.08       81.49       18.51       2.124900    0.019300    0.92        68.00       32.00       3.030600    -0.082900   -2.66       75.19       24.81
2026-05-04 15:15:00 UTCDOGSUSDT    0.000034      62.52     1739        48310595875.000000131786286.0000000.27        4.449600    0.047100    1.07        81.65       18.35       2.135600    0.010700    0.50        68.11       31.89       3.029000    -0.001600   -0.05       75.18       24.82
2026-05-04 15:30:00 UTCDOGSUSDT    0.000035      71.26     880         48125938541.000000-184657334.000000-0.38       4.524900    0.075300    1.69        81.90       18.10       2.097300    -0.038300   -1.79       67.71       32.29       3.073300    0.044300    1.46        75.45       24.55
2026-05-04 15:45:00 UTCDOGSUSDT    0.000035      74.97     2865        49124162733.000000998224192.0000002.07        4.359100    -0.165800   -3.66       81.34       18.66       2.141400    0.044100    2.10        68.17       31.83       2.977700    -0.095600   -3.11       74.86       25.14
2026-05-04 16:00:00 UTCDOGSUSDT    0.000035      61.84     1603        52506772669.0000003382609936.0000006.89        4.063300    -0.295800   -6.79       80.25       19.75       2.236600    0.095200    4.45        69.10       30.90       2.828500    -0.149200   -5.01       73.88       26.12
2026-05-04 16:15:00 UTCDOGSUSDT    0.000034      59.20     1665        51832453609.000000-674319060.000000-1.28       4.246600    0.183300    4.51        80.94       19.06       2.198500    -0.038100   -1.70       68.74       31.26       2.907800    0.079300    2.80        74.41       25.59
2026-05-04 16:30:00 UTCDOGSUSDT    0.000035      63.58     1305        51543575897.000000-288877712.000000-0.56       4.387900    0.141300    3.33        81.44       18.56       2.101300    -0.097200   -4.42       67.76       32.24       3.016100    0.108300    3.72        75.10       24.90
2026-05-04 16:45:00 UTCDOGSUSDT    0.000035      63.15     1396        51781939154.000000238363257.0000000.46        4.279800    -0.108100   -2.46       81.06       18.94       2.102100    0.000800    0.04        67.76       32.24       2.903200    -0.112900   -3.74       74.38       25.62
2026-05-04 17:00:00 UTCDOGSUSDT    0.000035      68.91     1701        52310313541.000000528374387.0000001.02        4.243800    -0.036000   -0.84       80.93       19.07       2.102200    0.000100    0.00        67.76       32.24       2.895600    -0.007600   -0.26       74.33       25.67
2026-05-04 17:15:00 UTCDOGSUSDT    0.000035      66.71     1697        52438746564.000000128433023.0000000.25        4.120300    -0.123500   -2.91       80.47       19.53       2.120300    0.018100    0.86        67.95       32.05       2.862500    -0.033100   -1.14       74.11       25.89
2026-05-04 17:30:00 UTCDOGSUSDT    0.000035      62.81     1579        52424583591.000000-14162973.000000-0.03       4.128200    0.007900    0.19        80.50       19.50       2.135000    0.014700    0.69        68.10       31.90       2.859500    -0.003000   -0.10       74.09       25.91
2026-05-04 17:45:00 UTCDOGSUSDT    0.000035      61.32     982         52281662879.000000-142920712.000000-0.27       4.035200    -0.093000   -2.25       80.14       19.86       2.107500    -0.027500   -1.29       67.82       32.18       2.840200    -0.019300   -0.67       73.96       26.04
2026-05-04 18:00:00 UTCDOGSUSDT    0.000035      55.97     789         52285279057.0000003616178.0000000.01        4.050500    0.015300    0.38        80.20       19.80       2.145200    0.037700    1.79        68.21       31.79       2.850600    0.010400    0.37        74.03       25.97
2026-05-04 18:15:00 UTCDOGSUSDT    0.000034      53.10     922         52240015209.000000-45263848.000000-0.09       3.997500    -0.053000   -1.31       79.99       20.01       2.121500    -0.023700   -1.10       67.96       32.04       2.841700    -0.008900   -0.31       73.97       26.03
2026-05-04 18:30:00 UTCDOGSUSDT    0.000035      54.44     521         51759842025.000000-480173184.000000-0.92       4.227400    0.229900    5.75        80.87       19.13       2.090600    -0.030900   -1.46       67.64       32.36       2.980900    0.139200    4.90        74.88       25.12
2026-05-04 18:45:00 UTCDOGSUSDT    0.000035      56.46     334         51689572951.000000-70269074.000000-0.14       4.157300    -0.070100   -1.66       80.61       19.39       2.095700    0.005100    0.24        67.70       32.30       2.935500    -0.045400   -1.52       74.59       25.41
2026-05-04 19:00:00 UTCDOGSUSDT    0.000035      60.25     538         51663811003.000000-25761948.000000-0.05       4.141400    -0.015900   -0.38       80.55       19.45       2.088800    -0.006900   -0.33       67.62       32.38       2.927700    -0.007800   -0.27       74.54       25.46
2026-05-04 19:15:00 UTCDOGSUSDT    0.000035      62.72     783         51707768834.00000043957831.0000000.09        4.120300    -0.021100   -0.51       80.47       19.53       2.086700    -0.002100   -0.10       67.60       32.40       2.892600    -0.035100   -1.20       74.31       25.69
2026-05-04 19:30:00 UTCDOGSUSDT    0.000035      61.27     576         52568171278.000000860402444.0000001.66        4.133500    0.013200    0.32        80.52       19.48       2.111400    0.024700    1.18        67.86       32.14       2.886500    -0.006100   -0.21       74.27       25.73
2026-05-04 19:45:00 UTCDOGSUSDT    0.000035      57.68     391         52511952930.000000-56218348.000000-0.11       4.032700    -0.100800   -2.44       80.13       19.87       2.094200    -0.017200   -0.81       67.68       32.32       2.850600    -0.035900   -1.24       74.03       25.97
2026-05-04 20:00:00 UTCDOGSUSDT    0.000035      61.85     699         52413143540.000000-98809390.000000-0.19       4.063300    0.030600    0.76        80.25       19.75       2.098700    0.004500    0.21        67.73       32.27       2.846200    -0.004400   -0.15       74.00       26.00
2026-05-04 20:15:00 UTCDOGSUSDT    0.000035      61.85     572         52316101613.000000-97041927.000000-0.19       3.995000    -0.068300   -1.68       79.98       20.02       2.089000    -0.009700   -0.46       67.63       32.37       2.811000    -0.035200   -1.24       73.76       26.24
2026-05-04 20:30:00 UTCDOGSUSDT    0.000035      60.01     896         52441020062.000000124918449.0000000.24        4.010000    0.015000    0.38        80.04       19.96       2.084300    -0.004700   -0.22       67.58       32.42       2.815300    0.004300    0.15        73.79       26.21
2026-05-04 20:45:00 UTCDOGSUSDT    0.000035      63.52     542         53104157182.000000663137120.0000001.26        3.863800    -0.146200   -3.65       79.44       20.56       2.067800    -0.016500   -0.79       67.40       32.60       2.767900    -0.047400   -1.68       73.46       26.54
2026-05-04 21:00:00 UTCDOGSUSDT    0.000036      73.20     2485        53176424479.00000072267297.0000000.14        3.842600    -0.021200   -0.55       79.35       20.65       2.067700    -0.000100   -0.00       67.40       32.60       2.748100    -0.019800   -0.72       73.32       26.68
2026-05-04 21:15:00 UTCDOGSUSDT    0.000036      71.41     1382        55456250468.0000002279825989.0000004.29        3.710300    -0.132300   -3.44       78.77       21.23       2.126900    0.059200    2.86        68.02       31.98       2.620600    -0.127500   -4.64       72.38       27.62
2026-05-04 21:30:00 UTCDOGSUSDT    0.000036      74.65     3203        56101142834.000000644892366.0000001.16        3.775500    0.065200    1.76        79.06       20.94       2.178800    0.051900    2.44        68.54       31.46       2.684600    0.064000    2.44        72.86       27.14
2026-05-04 21:45:00 UTCDOGSUSDT    0.000037      77.25     2984        56281735830.000000180592996.0000000.32        3.640400    -0.135100   -3.58       78.45       21.55       2.155300    -0.023500   -1.08       68.31       31.69       2.610100    -0.074500   -2.78       72.30       27.70
2026-05-04 22:00:00 UTCDOGSUSDT    0.000037      78.86     2725        57795509185.0000001513773355.0000002.69        3.764200    0.123800    3.40        79.01       20.99       2.217900    0.062600    2.90        68.92       31.08       2.694100    0.084000    3.22        72.93       27.07
2026-05-04 22:15:00 UTCDOGSUSDT    0.000036      69.06     1853        58169159855.000000373650670.0000000.65        3.625300    -0.138900   -3.69       78.38       21.62       2.212700    -0.005200   -0.23       68.87       31.13       2.620600    -0.073500   -2.73       72.38       27.62
2026-05-04 22:30:00 UTCDOGSUSDT    0.000037      69.55     2097        57344270177.000000-824889678.000000-1.42       3.750600    0.125300    3.46        78.95       21.05       2.189700    -0.023000   -1.04       68.65       31.35       2.691400    0.070800    2.70        72.91       27.09
2026-05-04 22:45:00 UTCDOGSUSDT    0.000037      72.50     2354        57441359041.00000097088864.0000000.17        3.728100    -0.022500   -0.60       78.85       21.15       2.230800    0.041100    1.88        69.05       30.95       2.679200    -0.012200   -0.45       72.82       27.18
2026-05-04 23:00:00 UTCDOGSUSDT    0.000037      73.91     2615        58178526508.000000737167467.0000001.28        3.659800    -0.068300   -1.83       78.54       21.46       2.213000    -0.017800   -0.80       68.88       31.12       2.641700    -0.037500   -1.40       72.54       27.46
2026-05-04 23:15:00 UTCDOGSUSDT    0.000037      76.57     3525        59593162155.0000001414635647.0000002.43        3.712500    0.052700    1.44        78.78       21.22       2.289200    0.076200    3.44        69.60       30.40       2.665700    0.024000    0.91        72.72       27.28
2026-05-04 23:30:00 UTCDOGSUSDT    0.000038      78.43     3976        59511504033.000000-81658122.000000-0.14       3.591400    -0.121100   -3.26       78.22       21.78       2.242100    -0.047100   -2.06       69.16       30.84       2.594500    -0.071200   -2.67       72.18       27.82
2026-05-04 23:45:00 UTCDOGSUSDT    0.000038      79.64     4346        62157232990.0000002645728957.0000004.45        3.332800    -0.258600   -7.20       76.92       23.08       2.279100    0.037000    1.65        69.50       30.50       2.474600    -0.119900   -4.62       71.22       28.78
2026-05-05 00:00:00 UTCDOGSUSDT    0.000038      82.61     4916        65002754318.0000002845521328.0000004.58        3.198200    -0.134600   -4.04       76.18       23.82       2.256000    -0.023100   -1.01       69.29       30.71       2.447100    -0.027500   -1.11       70.99       29.01
2026-05-05 00:15:00 UTCDOGSUSDT    0.000039      86.32     6790        67444902095.0000002442147777.0000003.76        3.224800    0.026600    0.83        76.33       23.67       2.153900    -0.102100   -4.53       68.29       31.71       2.474600    0.027500    1.12        71.22       28.78
2026-05-05 00:30:00 UTCDOGSUSDT    0.000041      91.44     38041       70061421888.0000002616519793.0000003.88        3.106800    -0.118000   -3.66       75.65       24.35       2.175900    0.022000    1.02        68.51       31.49       2.480700    0.006100    0.25        71.27       28.73
2026-05-05 00:45:00 UTCDOGSUSDT    0.000046      95.25     71966       76439789946.0000006378368058.0000009.10        2.694100    -0.412700   -13.28      72.93       27.07       1.699000    -0.476900   -21.92      62.95       37.05       2.362500    -0.118200   -4.76       70.26       29.74
2026-05-05 01:00:00 UTCDOGSUSDT    0.000047      95.58     88947       91868623180.00000015428833234.00000020.18       2.131900    -0.562200   -20.87      68.07       31.93       1.499900    -0.199100   -11.72      60.00       40.00       1.919700    -0.442800   -18.74      65.75       34.25
2026-05-05 01:15:00 UTCDOGSUSDT    0.000050      96.72     77633       97979942267.0000006111319087.0000006.65        2.022100    -0.109800   -5.15       66.91       33.09       1.461900    -0.038000   -2.53       59.38       40.62       1.915500    -0.004200   -0.22       65.70       34.30
2026-05-05 01:30:00 UTCDOGSUSDT    0.000054      97.49     95958       103590245801.0000005610303534.0000005.73        1.773200    -0.248900   -12.31      63.94       36.06       1.404300    -0.057600   -3.94       58.41       41.59       1.732200    -0.183300   -9.57       63.40       36.60
2026-05-05 01:45:00 UTCDOGSUSDT    0.000054      97.15     95388       116940695430.00000013350449629.00000012.89       1.564100    -0.209100   -11.79      61.00       39.00       1.266100    -0.138200   -9.84       55.87       44.13       1.582000    -0.150200   -8.67       61.27       38.73
2026-05-05 02:00:00 UTCDOGSUSDT    0.000049      73.67     87309       119269824299.0000002329128869.0000001.99        1.527200    -0.036900   -2.36       60.43       39.57       1.292400    0.026300    2.08        56.38       43.62       1.564800    -0.017200   -1.09       61.01       38.99
2026-05-05 02:15:00 UTCDOGSUSDT    0.000052      77.81     70152       122694537775.0000003424713476.0000002.87        1.643400    0.116200    7.61        62.17       37.83       1.296800    0.004400    0.34        56.46       43.54       1.603500    0.038700    2.47        61.59       38.41
2026-05-05 02:30:00 UTCDOGSUSDT    0.000061      84.80     185348      127504936968.0000004810399193.0000003.92        1.501300    -0.142100   -8.65       60.02       39.98       1.273300    -0.023500   -1.81       56.01       43.99       1.483900    -0.119600   -7.46       59.74       40.26
2026-05-05 02:45:00 UTCDOGSUSDT    0.000062      85.60     142363      135517366099.0000008012429131.0000006.28        1.302000    -0.199300   -13.28      56.56       43.44       1.241200    -0.032100   -2.52       55.38       44.62       1.428400    -0.055500   -3.74       58.82       41.18
2026-05-05 03:00:00 UTCDOGSUSDT    0.000062      83.93     150593      148712866730.00000013195500631.0000009.74        1.242700    -0.059300   -4.55       55.41       44.59       1.217000    -0.024200   -1.95       54.89       45.11       1.370200    -0.058200   -4.07       57.81       42.19
2026-05-05 03:15:00 UTCDOGSUSDT    0.000067      86.93     149038      150780219615.0000002067352885.0000001.39        1.221700    -0.021000   -1.69       54.99       45.01       1.159300    -0.057700   -4.74       53.69       46.31       1.320200    -0.050000   -3.65       56.90       43.10
2026-05-05 03:30:00 UTCDOGSUSDT    0.000063      75.79     102760      155408011578.0000004627791963.0000003.07        1.109700    -0.112000   -9.17       52.60       47.40       1.110400    -0.048900   -4.22       52.61       47.39       1.243200    -0.077000   -5.83       55.42       44.58
2026-05-05 03:45:00 UTCDOGSUSDT    0.000061      71.58     99046       158507653236.0000003099641658.0000001.99        1.192500    0.082800    7.46        54.39       45.61       1.148100    0.037700    3.40        53.45       46.55       1.284700    0.041500    3.34        56.23       43.77
2026-05-05 04:00:00 UTCDOGSUSDT    0.000065      74.98     191190      162265174281.0000003757521045.0000002.37        1.231600    0.039100    3.28        55.19       44.81       1.141100    -0.007000   -0.61       53.30       46.70       1.293100    0.008400    0.65        56.39       43.61
2026-05-05 04:15:00 UTCDOGSUSDT    0.000064      72.21     115053      153544651624.000000-8720522657.000000-5.37       1.155600    -0.076000   -6.17       53.61       46.39       1.076200    -0.064900   -5.69       51.83       48.17       1.196400    -0.096700   -7.48       54.47       45.53
2026-05-05 04:30:00 UTCDOGSUSDT    0.000061      64.22     110633      165324062136.00000011779410512.0000007.67        1.085100    -0.070500   -6.10       52.04       47.96       1.112900    0.036700    3.41        52.67       47.33       1.122700    -0.073700   -6.16       52.89       47.11
2026-05-05 04:45:00 UTCDOGSUSDT    0.000063      67.22     84572       163125855893.000000-2198206243.000000-1.33       1.090300    0.005200    0.48        52.16       47.84       1.107800    -0.005100   -0.46       52.56       47.44       1.099500    -0.023200   -2.07       52.37       47.63
2026-05-05 05:00:00 UTCDOGSUSDT    0.000061      62.34     84812       168040796840.0000004914940947.0000003.01        1.041600    -0.048700   -4.47       51.02       48.98       1.110600    0.002800    0.25        52.62       47.38       1.062300    -0.037200   -3.38       51.51       48.49
2026-05-05 05:15:00 UTCDOGSUSDT    0.000061      61.91     74023       173139481396.0000005098684556.0000003.03        1.073000    0.031400    3.01        51.76       48.24       1.125700    0.015100    1.36        52.96       47.04       1.092900    0.030600    2.88        52.22       47.78
2026-05-05 05:30:00 UTCDOGSUSDT    0.000061      62.46     63323       171105260154.000000-2034221242.000000-1.17       1.084200    0.011200    1.04        52.02       47.98       1.094100    -0.031600   -2.81       52.25       47.75       1.082900    -0.010000   -0.91       51.99       48.01
2026-05-05 05:45:00 UTCDOGSUSDT    0.000059      58.21     59849       169152702117.000000-1952558037.000000-1.14       1.079900    -0.004300   -0.40       51.92       48.08       1.090500    -0.003600   -0.33       52.17       47.83       1.086800    0.003900    0.36        52.08       47.92
2026-05-05 06:00:00 UTCDOGSUSDT    0.000060      59.39     80759       168852597316.000000-300104801.000000-0.18       1.101700    0.021800    2.02        52.42       47.58       1.093100    0.002600    0.24        52.22       47.78       1.064800    -0.022000   -2.02       51.57       48.43
2026-05-05 06:15:00 UTCDOGSUSDT    0.000060      59.72     57800       167073479986.000000-1779117330.000000-1.05       1.062300    -0.039400   -3.58       51.51       48.49       1.124400    0.031300    2.86        52.93       47.07       1.001200    -0.063600   -5.97       50.03       49.97
2026-05-05 06:30:00 UTCDOGSUSDT    0.000059      57.93     57933       170044558778.0000002971078792.0000001.78        1.078600    0.016300    1.53        51.89       48.11       1.106900    -0.017500   -1.56       52.54       47.46       1.039600    0.038400    3.84        50.97       49.03
2026-05-05 06:45:00 UTCDOGSUSDT    0.000061      61.07     68622       176292157284.0000006247598506.0000003.67        1.082500    0.003900    0.36        51.98       48.02       1.133000    0.026100    2.36        53.12       46.88       1.028400    -0.011200   -1.08       50.70       49.30
2026-05-05 07:00:00 UTCDOGSUSDT    0.000065      66.76     106082      183183954400.0000006891797116.0000003.91        1.067000    -0.015500   -1.43       51.62       48.38       1.163900    0.030900    2.73        53.79       46.21       1.031700    0.003300    0.32        50.78       49.22
2026-05-05 07:15:00 UTCDOGSUSDT    0.000069      70.98     153117      191826964280.0000008643009880.0000004.72        1.010100    -0.056900   -5.33       50.25       49.75       1.147500    -0.016400   -1.41       53.43       46.57       1.023500    -0.008200   -0.79       50.58       49.42
2026-05-05 07:30:00 UTCDOGSUSDT    0.000071      73.72     195526      194692402273.0000002865437993.0000001.49        0.933500    -0.076600   -7.58       48.28       51.72       1.104400    -0.043100   -3.76       52.48       47.52       1.008800    -0.014700   -1.44       50.22       49.78
2026-05-05 07:45:00 UTCDOGSUSDT    0.000071      72.39     134095      203236829920.0000008544427647.0000004.39        0.910200    -0.023300   -2.50       47.65       52.35       1.099600    -0.004800   -0.43       52.37       47.63       1.002000    -0.006800   -0.67       50.05       49.95
2026-05-05 08:00:00 UTCDOGSUSDT    0.000072      73.80     170473      213815079180.00000010578249260.0000005.20        0.869900    -0.040300   -4.43       46.52       53.48       1.093100    -0.006500   -0.59       52.22       47.78       0.941000    -0.061000   -6.09       48.48       51.52
2026-05-05 08:15:00 UTCDOGSUSDT    0.000074      75.76     144447      222529302935.0000008714223755.0000004.08        0.848100    -0.021800   -2.51       45.89       54.11       1.071300    -0.021800   -1.99       51.72       48.28       0.923400    -0.017600   -1.87       48.01       51.99
2026-05-05 08:30:00 UTCDOGSUSDT    0.000072      70.45     159257      229414661027.0000006885358092.0000003.09        0.811600    -0.036500   -4.30       44.80       55.20       1.045000    -0.026300   -2.45       51.10       48.90       0.900100    -0.023300   -2.52       47.37       52.63
2026-05-05 08:45:00 UTCDOGSUSDT    0.000070      64.81     112751      227840123895.000000-1574537132.000000-0.69       0.779700    -0.031900   -3.93       43.81       56.19       1.061600    0.016600    1.59        51.49       48.51       0.833200    -0.066900   -7.43       45.45       54.55
2026-05-05 09:00:00 UTCDOGSUSDT    0.000066      54.93     135045      218266953554.000000-9573170341.000000-4.20       0.771500    -0.008200   -1.05       43.55       56.45       1.073500    0.011900    1.12        51.77       48.23       0.791500    -0.041700   -5.00       44.18       55.82
2026-05-05 09:15:00 UTCDOGSUSDT    0.000067      57.08     84213       206959585481.000000-11307368073.000000-5.18       0.819800    0.048300    6.26        45.05       54.95       1.057000    -0.016500   -1.54       51.39       48.61       0.799900    0.008400    1.06        44.44       55.56
2026-05-05 09:30:00 UTCDOGSUSDT    0.000072      63.49     141813      209656582704.0000002696997223.0000001.30        0.843300    0.023500    2.87        45.75       54.25       1.069100    0.012100    1.14        51.67       48.33       0.826500    0.026600    3.33        45.25       54.75
2026-05-05 09:45:00 UTCDOGSUSDT    0.000069      58.21     73348       210809937521.0000001153354817.0000000.55        0.811900    -0.031400   -3.72       44.81       55.19       1.063700    -0.005400   -0.51       51.54       48.46       0.838200    0.011700    1.42        45.60       54.40
2026-05-05 10:00:00 UTCDOGSUSDT    0.000067      54.97     105775      211050226976.000000240289455.0000000.11        0.815500    0.003600    0.44        44.92       55.08       1.071400    0.007700    0.72        51.72       48.28       0.812900    -0.025300   -3.02       44.84       55.16
2026-05-05 10:15:00 UTCDOGSUSDT    0.000072      60.95     76611       212899618317.0000001849391341.0000000.88        0.803100    -0.012400   -1.52       44.54       55.46       1.071800    0.000400    0.04        51.73       48.27       0.800200    -0.012700   -1.56       44.45       55.55
2026-05-05 10:30:00 UTCDOGSUSDT    0.000071      59.02     98223       221733603209.0000008833984892.0000004.15        0.758100    -0.045000   -5.60       43.12       56.88       1.064600    -0.007200   -0.67       51.57       48.43       0.776200    -0.024000   -3.00       43.70       56.30
2026-05-05 10:45:00 UTCDOGSUSDT    0.000071      60.12     55364       227012243529.0000005278640320.0000002.38        0.765200    0.007100    0.94        43.35       56.65       1.072500    0.007900    0.74        51.75       48.25       0.780000    0.003800    0.49        43.82       56.18
2026-05-05 11:00:00 UTCDOGSUSDT    0.000072      60.46     66632       230824447188.0000003812203659.0000001.68        0.758400    -0.006800   -0.89       43.13       56.87       1.075700    0.003200    0.30        51.82       48.18       0.779400    -0.000600   -0.08       43.80       56.20
2026-05-05 11:15:00 UTCDOGSUSDT    0.000072      60.63     74497       232523069584.0000001698622396.0000000.74        0.752500    -0.005900   -0.78       42.94       57.06       1.063800    -0.011900   -1.11       51.54       48.46       0.770500    -0.008900   -1.14       43.52       56.48
2026-05-05 11:30:00 UTCDOGSUSDT    0.000069      54.92     84128       237523250479.0000005000180895.0000002.15        0.747000    -0.005500   -0.73       42.76       57.24       1.061600    -0.002200   -0.21       51.49       48.51       0.778700    0.008200    1.06        43.78       56.22
2026-05-05 11:45:00 UTCDOGSUSDT    0.000070      56.78     92687       235340712821.000000-2182537658.000000-0.92       0.772400    0.025400    3.40        43.58       56.42       1.066100    0.004500    0.42        51.60       48.40       0.784800    0.006100    0.78        43.97       56.03
2026-05-05 12:00:00 UTCDOGSUSDT    0.000068      52.06     90293       236413081645.0000001072368824.0000000.46        0.772700    0.000300    0.04        43.59       56.41       1.077800    0.011700    1.10        51.87       48.13       0.792100    0.007300    0.93        44.20       55.80
2026-05-05 12:15:00 UTCDOGSUSDT    0.000069      53.77     73434       241568361506.0000005155279861.0000002.18        0.780600    0.007900    1.02        43.84       56.16       1.081100    0.003300    0.31        51.95       48.05       0.781300    -0.010800   -1.36       43.86       56.14
2026-05-05 12:30:00 UTCDOGSUSDT    0.000070      54.88     78624       243222221935.0000001653860429.0000000.68        0.765500    -0.015100   -1.93       43.36       56.64       1.075700    -0.005400   -0.50       51.82       48.18       0.757500    -0.023800   -3.05       43.10       56.90
2026-05-05 12:45:00 UTCDOGSUSDT    0.000071      57.47     87926       243359478837.000000137256902.0000000.06        0.769600    0.004100    0.54        43.49       56.51       1.077500    0.001800    0.17        51.87       48.13       0.774300    0.016800    2.22        43.64       56.36
2026-05-05 13:00:00 UTCDOGSUSDT    0.000069      53.42     85979       250586043388.0000007226564551.0000002.97        0.759300    -0.010300   -1.34       43.16       56.84       1.091400    0.013900    1.29        52.18       47.82       0.757200    -0.017100   -2.21       43.09       56.91
2026-05-05 13:15:00 UTCDOGSUSDT    0.000069      53.57     65545       250800551690.000000214508302.0000000.09        0.760900    0.001600    0.21        43.21       56.79       1.091100    -0.000300   -0.03       52.18       47.82       0.758700    0.001500    0.20        43.14       56.86
2026-05-05 13:30:00 UTCDOGSUSDT    0.000062      39.61     217486      253442385207.0000002641833517.0000001.05        0.761500    0.000600    0.08        43.23       56.77       1.097000    0.005900    0.54        52.31       47.69       0.754700    -0.004000   -0.53       43.01       56.99
2026-05-05 13:45:00 UTCDOGSUSDT    0.000063      42.41     158858      230989721798.000000-22452663409.000000-8.86       0.809000    0.047500    6.24        44.72       55.28       1.063600    -0.033400   -3.04       51.54       48.46       0.736100    -0.018600   -2.46       42.40       57.60
2026-05-05 14:00:00 UTCDOGSUSDT    0.000060      37.53     149040      233975462440.0000002985740642.0000001.29        0.811300    0.002300    0.28        44.79       55.21       1.068900    0.005300    0.50        51.66       48.34       0.744300    0.008200    1.11        42.67       57.33
2026-05-05 14:15:00 UTCDOGSUSDT    0.000062      41.17     142071      228842365182.000000-5133097258.000000-2.19       0.851200    0.039900    4.92        45.98       54.02       1.082200    0.013300    1.24        51.97       48.03       0.754400    0.010100    1.36        43.00       57.00
2026-05-05 14:30:00 UTCDOGSUSDT    0.000062      41.97     88358       220726696810.000000-8115668372.000000-3.55       0.865000    0.013800    1.62        46.38       53.62       1.091400    0.009200    0.85        52.19       47.81       0.775300    0.020900    2.77        43.67       56.33
2026-05-05 14:45:00 UTCDOGSUSDT    0.000061      39.62     62832       228013682931.0000007286986121.0000003.30        0.883200    0.018200    2.10        46.90       53.10       1.110400    0.019000    1.74        52.62       47.38       0.791200    0.015900    2.05        44.17       55.83
2026-05-05 15:00:00 UTCDOGSUSDT    0.000062      43.30     73406       227551448307.000000-462234624.000000-0.20       0.869500    -0.013700   -1.55       46.51       53.49       1.102200    -0.008200   -0.74       52.43       47.57       0.775300    -0.015900   -2.01       43.67       56.33
2026-05-05 15:15:00 UTCDOGSUSDT    0.000061      41.10     80261       229617859569.0000002066411262.0000000.91        0.884700    0.015200    1.75        46.94       53.06       1.122200    0.020000    1.81        52.88       47.12       0.795700    0.020400    2.63        44.31       55.69
2026-05-05 15:30:00 UTCDOGSUSDT    0.000061      40.46     72701       227714153538.000000-1903706031.000000-0.83       0.924600    0.039900    4.51        48.04       51.96       1.116500    -0.005700   -0.51       52.75       47.25       0.845000    0.049300    6.20        45.80       54.20
2026-05-05 15:45:00 UTCDOGSUSDT    0.000058      36.76     123319      226310382034.000000-1403771504.000000-0.62       0.932700    0.008100    0.88        48.26       51.74       1.108000    -0.008500   -0.76       52.56       47.44       0.838600    -0.006400   -0.76       45.61       54.39
2026-05-05 16:00:00 UTCDOGSUSDT    0.000059      38.59     105016      222035930206.000000-4274451828.000000-1.89       0.938700    0.006000    0.64        48.42       51.58       1.088600    -0.019400   -1.75       52.12       47.88       0.807700    -0.030900   -3.68       44.68       55.32
2026-05-05 16:15:00 UTCDOGSUSDT    0.000059      38.27     52628       215881337419.000000-6154592787.000000-2.77       0.982900    0.044200    4.71        49.57       50.43       1.149100    0.060500    5.56        53.47       46.53       0.835900    0.028200    3.49        45.53       54.47
2026-05-05 16:30:00 UTCDOGSUSDT    0.000059      40.11     56344       214097560816.000000-1783776603.000000-0.83       0.985300    0.002400    0.24        49.63       50.37       1.135400    -0.013700   -1.19       53.17       46.83       0.846400    0.010500    1.26        45.84       54.16
2026-05-05 16:45:00 UTCDOGSUSDT    0.000061      44.58     72098       212761958054.000000-1335602762.000000-0.62       0.998000    0.012700    1.29        49.95       50.05       1.166100    0.030700    2.70        53.83       46.17       0.858000    0.011600    1.37        46.18       53.82
2026-05-05 17:00:00 UTCDOGSUSDT    0.000062      48.41     112817      212793861730.00000031903676.0000000.01        1.024700    0.026700    2.68        50.61       49.39       1.182800    0.016700    1.43        54.19       45.81       0.912800    0.054800    6.39        47.72       52.28
2026-05-05 17:15:00 UTCDOGSUSDT    0.000060      43.01     74273       213902778577.0000001108916847.0000000.52        1.020600    -0.004100   -0.40       50.51       49.49       1.149900    -0.032900   -2.78       53.49       46.51       0.945500    0.032700    3.58        48.60       51.40
2026-05-05 17:30:00 UTCDOGSUSDT    0.000062      47.04     68087       211057748861.000000-2845029716.000000-1.33       1.016500    -0.004100   -0.40       50.41       49.59       1.164400    0.014500    1.26        53.80       46.20       0.922700    -0.022800   -2.41       47.99       52.01
2026-05-05 17:45:00 UTCDOGSUSDT    0.000062      47.72     76410       207951762872.000000-3105985989.000000-1.47       0.992000    -0.024500   -2.41       49.80       50.20       1.173400    0.009000    0.77        53.99       46.01       0.904400    -0.018300   -1.98       47.49       52.51
2026-05-05 18:00:00 UTCDOGSUSDT    0.000061      46.54     62135       209233133060.0000001281370188.0000000.62        0.997200    0.005200    0.52        49.93       50.07       1.180000    0.006600    0.56        54.13       45.87       0.904400    0.000000    0.00        47.49       52.51
2026-05-05 18:15:00 UTCDOGSUSDT    0.000061      45.26     43901       205567647935.000000-3665485125.000000-1.75       1.008400    0.011200    1.12        50.21       49.79       1.159100    -0.020900   -1.77       53.68       46.32       0.914600    0.010200    1.13        47.77       52.23
2026-05-05 18:30:00 UTCDOGSUSDT    0.000061      44.64     34793       204324916367.000000-1242731568.000000-0.60       0.986500    -0.021900   -2.17       49.66       50.34       1.160800    0.001700    0.15        53.72       46.28       0.895400    -0.019200   -2.10       47.24       52.76
2026-05-05 18:45:00 UTCDOGSUSDT    0.000060      43.03     35218       207488852474.0000003163936107.0000001.55        0.985700    -0.000800   -0.08       49.64       50.36       1.160200    -0.000600   -0.05       53.71       46.29       0.892100    -0.003300   -0.37       47.15       52.85
2026-05-05 19:00:00 UTCDOGSUSDT    0.000061      47.86     37508       206475049272.000000-1013803202.000000-0.49       0.988100    0.002400    0.24        49.70       50.30       1.158700    -0.001500   -0.13       53.68       46.32       0.883200    -0.008900   -1.00       46.90       53.10
2026-05-05 19:15:00 UTCDOGSUSDT    0.000060      43.45     52277       204413279844.000000-2061769428.000000-1.00       0.996000    0.007900    0.80        49.90       50.10       1.149200    -0.009500   -0.82       53.47       46.53       0.897500    0.014300    1.62        47.30       52.70
2026-05-05 19:30:00 UTCDOGSUSDT    0.000060      43.66     29831       203461425746.000000-951854098.000000-0.47       1.007600    0.011600    1.16        50.19       49.81       1.160500    0.011300    0.98        53.71       46.29       0.904800    0.007300    0.81        47.50       52.50
2026-05-05 19:45:00 UTCDOGSUSDT    0.000059      41.01     34728       203950469087.000000489043341.0000000.24        1.003200    -0.004400   -0.44       50.08       49.92       1.164000    0.003500    0.30        53.79       46.21       0.908800    0.004000    0.44        47.61       52.39
2026-05-05 20:00:00 UTCDOGSUSDT    0.000059      43.03     46966       203105024962.000000-845444125.000000-0.41       1.013300    0.010100    1.01        50.33       49.67       1.143300    -0.020700   -1.78       53.34       46.66       0.902900    -0.005900   -0.65       47.45       52.55
2026-05-05 20:15:00 UTCDOGSUSDT    0.000060      45.56     34326       199651248779.000000-3453776183.000000-1.70       1.022200    0.008900    0.88        50.55       49.45       1.167100    0.023800    2.08        53.85       46.15       0.906200    0.003300    0.37        47.54       52.46
2026-05-05 20:30:00 UTCDOGSUSDT    0.000060      44.95     25896       196916401853.000000-2734846926.000000-1.37       1.036700    0.014500    1.42        50.90       49.10       1.180200    0.013100    1.12        54.13       45.87       0.922300    0.016100    1.78        47.98       52.02
2026-05-05 20:45:00 UTCDOGSUSDT    0.000062      51.63     34979       196882378307.000000-34023546.000000-0.02       1.033800    -0.002900   -0.28       50.83       49.17       1.186500    0.006300    0.53        54.27       45.73       0.913500    -0.008800   -0.95       47.74       52.26
2026-05-05 21:00:00 UTCDOGSUSDT    0.000062      53.28     39796       196439952823.000000-442425484.000000-0.22       1.012500    -0.021300   -2.06       50.31       49.69       1.200400    0.013900    1.17        54.55       45.45       0.902900    -0.010600   -1.16       47.45       52.55
2026-05-05 21:15:00 UTCDOGSUSDT    0.000061      48.30     21465       197775126230.0000001335173407.0000000.68        1.007600    -0.004900   -0.48       50.19       49.81       1.192700    -0.007700   -0.64       54.39       45.61       0.905500    0.002600    0.29        47.52       52.48
2026-05-05 21:30:00 UTCDOGSUSDT    0.000064      58.11     66464       194122517716.000000-3652608514.000000-1.85       1.027200    0.019600    1.95        50.67       49.33       1.192600    -0.000100   -0.01       54.39       45.61       0.910900    0.005400    0.60        47.67       52.33
2026-05-05 21:45:00 UTCDOGSUSDT    0.000064      58.16     35770       192229901293.000000-1892616423.000000-0.97       1.024300    -0.002900   -0.28       50.60       49.40       1.195100    0.002500    0.21        54.44       45.56       0.958500    0.047600    5.23        48.94       51.06
2026-05-05 22:00:00 UTCDOGSUSDT    0.000067      64.99     117453      195080815287.0000002850913994.0000001.48        1.017300    -0.007000   -0.68       50.43       49.57       1.178200    -0.016900   -1.41       54.09       45.91       0.956600    -0.001900   -0.20       48.89       51.11
2026-05-05 22:15:00 UTCDOGSUSDT    0.000067      66.02     71970       189189823509.000000-5890991778.000000-3.02       1.024700    0.007400    0.73        50.61       49.39       1.140100    -0.038100   -3.23       53.27       46.73       1.003200    0.046600    4.87        50.08       49.92
2026-05-05 22:30:00 UTCDOGSUSDT    0.000065      57.95     69408       193063209688.0000003873386179.0000002.05        1.036200    0.011500    1.12        50.89       49.11       1.112000    -0.028100   -2.46       52.65       47.35       1.009600    0.006400    0.64        50.24       49.76
2026-05-05 22:45:00 UTCDOGSUSDT    0.000063      51.79     55256       188788550467.000000-4274659221.000000-2.21       1.014900    -0.021300   -2.06       50.37       49.63       1.111500    -0.000500   -0.04       52.64       47.36       0.987300    -0.022300   -2.21       49.68       50.32
2026-05-05 23:00:00 UTCDOGSUSDT    0.000065      55.28     49906       186826943356.000000-1961607111.000000-1.04       1.038300    0.023400    2.31        50.94       49.06       1.136400    0.024900    2.24        53.19       46.81       0.996000    0.008700    0.88        49.90       50.10
2026-05-05 23:15:00 UTCDOGSUSDT    0.000064      51.90     32344       191111016840.0000004284073484.0000002.29        1.028400    -0.009900   -0.95       50.70       49.30       1.144800    0.008400    0.74        53.38       46.62       0.995600    -0.000400   -0.04       49.89       50.11
2026-05-05 23:30:00 UTCDOGSUSDT    0.000061      45.72     68028       194987870897.0000003876854057.0000002.03        1.032500    0.004100    0.40        50.80       49.20       1.143000    -0.001800   -0.16       53.34       46.66       0.995600    0.000000    0.00        49.89       50.11
2026-05-05 23:45:00 UTCDOGSUSDT    0.000062      47.06     45455       193398756816.000000-1589114081.000000-0.81       1.035000    0.002500    0.24        50.86       49.14       1.154600    0.011600    1.01        53.59       46.41       0.972400    -0.023200   -2.33       49.30       50.70
2026-05-06 00:00:00 UTCDOGSUSDT    0.000063      49.48     50519       193736768466.000000338011650.0000000.17        1.030900    -0.004100   -0.40       50.76       49.24       1.179700    0.025100    2.17        54.12       45.88       0.975500    0.003100    0.32        49.38       50.62
2026-05-06 00:15:00 UTCDOGSUSDT    0.000060      44.08     63422       196545059408.0000002808290942.0000001.45        1.021000    -0.009900   -0.96       50.52       49.48       1.194200    0.014500    1.23        54.42       45.58       0.980200    0.004700    0.48        49.50       50.50
2026-05-06 00:30:00 UTCDOGSUSDT    0.000060      42.42     55576       194255307448.000000-2289751960.000000-1.17       1.012900    -0.008100   -0.79       50.32       49.68       1.186300    -0.007900   -0.66       54.26       45.74       0.964600    -0.015600   -1.59       49.10       50.90
2026-05-06 00:45:00 UTCDOGSUSDT    0.000061      47.35     43361       196628502249.0000002373194801.0000001.22        1.023500    0.010600    1.05        50.58       49.42       1.202300    0.016000    1.35        54.59       45.41       0.941000    -0.023600   -2.45       48.48       51.52
2026-05-06 01:00:00 UTCDOGSUSDT    0.000065      55.81     80337       199613790467.0000002985288218.0000001.52        1.008400    -0.015100   -1.48       50.21       49.79       1.219600    0.017300    1.44        54.95       45.05       0.941400    0.000400    0.04        48.49       51.51
2026-05-06 01:15:00 UTCDOGSUSDT    0.000063      51.08     50360       202897998033.0000003284207566.0000001.65        1.018200    0.009800    0.97        50.45       49.55       1.220700    0.001100    0.09        54.97       45.03       0.967000    0.025600    2.72        49.16       50.84
2026-05-06 01:30:00 UTCDOGSUSDT    0.000064      53.33     34331       203837906410.000000939908377.0000000.46        1.021800    0.003600    0.35        50.54       49.46       1.209200    -0.011500   -0.94       54.73       45.27       0.963900    -0.003100   -0.32       49.08       50.92
2026-05-06 01:45:00 UTCDOGSUSDT    0.000064      53.81     50364       204887411321.0000001049504911.0000000.51        1.040400    0.018600    1.82        50.99       49.01       1.216500    0.007300    0.60        54.88       45.12       0.985300    0.021400    2.22        49.63       50.37
2026-05-06 02:00:00 UTCDOGSUSDT    0.000063      51.51     30528       208294543054.0000003407131733.0000001.66        1.036700    -0.003700   -0.36       50.90       49.10       1.188800    -0.027700   -2.28       54.31       45.69       0.989300    0.004000    0.41        49.73       50.27
2026-05-06 02:15:00 UTCDOGSUSDT    0.000065      56.20     31459       207229157060.000000-1065385994.000000-0.51       1.059700    0.023000    2.22        51.45       48.55       1.180400    -0.008400   -0.71       54.14       45.86       1.010500    0.021200    2.14        50.26       49.74
2026-05-06 02:30:00 UTCDOGSUSDT    0.000065      57.41     73064       205315676596.000000-1913480464.000000-0.92       1.054200    -0.005500   -0.52       51.32       48.68       1.175700    -0.004700   -0.40       54.04       45.96       1.000000    -0.010500   -1.04       50.00       50.00
2026-05-06 02:45:00 UTCDOGSUSDT    0.000064      53.50     31717       204125974091.000000-1189702505.000000-0.58       1.058500    0.004300    0.41        51.42       48.58       1.163900    -0.011800   -1.00       53.79       46.21       1.012900    0.012900    1.29        50.32       49.68
2026-05-06 03:00:00 UTCDOGSUSDT    0.000064      51.95     31602       205040559462.000000914585371.0000000.45        1.062300    0.003800    0.36        51.51       48.49       1.164800    0.000900    0.08        53.81       46.19       1.019400    0.006500    0.64        50.48       49.52
2026-05-06 03:15:00 UTCDOGSUSDT    0.000062      45.85     50453       204747875014.000000-292684448.000000-0.14       1.065300    0.003000    0.28        51.58       48.42       1.161500    -0.003300   -0.28       53.74       46.26       1.017300    -0.002100   -0.21       50.43       49.57
2026-05-06 03:30:00 UTCDOGSUSDT    0.000061      43.50     32815       199273503692.000000-5474371322.000000-2.67       1.067400    0.002100    0.20        51.63       48.37       1.164300    0.002800    0.24        53.80       46.20       1.025500    0.008200    0.81        50.63       49.37
2026-05-06 03:45:00 UTCDOGSUSDT    0.000062      46.39     37648       199095877627.000000-177626065.000000-0.09       1.087200    0.019800    1.85        52.09       47.91       1.167600    0.003300    0.28        53.87       46.13       1.040800    0.015300    1.49        51.00       49.00
2026-05-06 04:00:00 UTCDOGSUSDT    0.000063      51.94     42441       194769891403.000000-4325986224.000000-2.17       1.111000    0.023800    2.19        52.63       47.37       1.171200    0.003600    0.31        53.94       46.06       1.052500    0.011700    1.12        51.28       48.72
2026-05-06 04:15:00 UTCDOGSUSDT    0.000063      51.37     33936       197259645434.0000002489754031.0000001.28        1.097300    -0.013700   -1.23       52.32       47.68       1.161900    -0.009300   -0.79       53.74       46.26       1.064800    0.012300    1.17        51.57       48.43
2026-05-06 04:30:00 UTCDOGSUSDT    0.000063      51.24     21469       196972038907.000000-287606527.000000-0.15       1.102600    0.005300    0.48        52.44       47.56       1.172000    0.010100    0.87        53.96       46.04       1.064400    -0.000400   -0.04       51.56       48.44
2026-05-06 04:45:00 UTCDOGSUSDT    0.000064      52.41     27122       199464273610.0000002492234703.0000001.27        1.097800    -0.004800   -0.44       52.33       47.67       1.170600    -0.001400   -0.12       53.93       46.07       1.060200    -0.004200   -0.39       51.46       48.54
2026-05-06 05:00:00 UTCDOGSUSDT    0.000063      49.80     21814       201388459983.0000001924186373.0000000.96        1.102600    0.004800    0.44        52.44       47.56       1.162200    -0.008400   -0.72       53.75       46.25       1.055900    -0.004300   -0.41       51.36       48.64
2026-05-06 05:15:00 UTCDOGSUSDT    0.000065      56.38     27131       198725144191.000000-2663315792.000000-1.32       1.114200    0.011600    1.05        52.70       47.30       1.173300    0.011100    0.96        53.99       46.01       1.061000    0.005100    0.48        51.48       48.52
2026-05-06 05:30:00 UTCDOGSUSDT    0.000065      55.44     40254       200146695311.0000001421551120.0000000.72        1.097800    -0.016400   -1.47       52.33       47.67       1.169200    -0.004100   -0.35       53.90       46.10       1.047900    -0.013100   -1.23       51.17       48.83
2026-05-06 05:45:00 UTCDOGSUSDT    0.000063      49.03     23024       198119732397.000000-2026962914.000000-1.01       1.091600    -0.006200   -0.56       52.19       47.81       1.145300    -0.023900   -2.04       53.39       46.61       1.047100    -0.000800   -0.08       51.15       48.85
2026-05-06 06:00:00 UTCDOGSUSDT    0.000062      44.79     28100       197211890919.000000-907841478.000000-0.46       1.096900    0.005300    0.49        52.31       47.69       1.134800    -0.010500   -0.92       53.16       46.84       1.055900    0.008800    0.84        51.36       48.64
2026-05-06 06:15:00 UTCDOGSUSDT    0.000062      45.78     30676       196408145450.000000-803745469.000000-0.41       1.121300    0.024400    2.22        52.86       47.14       1.167500    0.032700    2.88        53.86       46.14       1.069100    0.013200    1.25        51.67       48.33
2026-05-06 06:30:00 UTCDOGSUSDT    0.000062      45.82     21448       199140964784.0000002732819334.0000001.39        1.136300    0.015000    1.34        53.19       46.81       1.187300    0.019800    1.70        54.28       45.72       1.083300    0.014200    1.33        52.00       48.00
2026-05-06 06:45:00 UTCDOGSUSDT    0.000054      27.97     149243      201155973013.0000002015008229.0000001.01        1.156100    0.019800    1.74        53.62       46.38       1.201600    0.014300    1.20        54.58       45.42       1.097300    0.014000    1.29        52.32       47.68
2026-05-06 07:00:00 UTCDOGSUSDT    0.000054      29.81     77959       179451208677.000000-21704764336.000000-10.79      1.254300    0.098200    8.49        55.64       44.36       1.243200    0.041600    3.46        55.42       44.58       1.115100    0.017800    1.62        52.72       47.28
2026-05-06 07:15:00 UTCDOGSUSDT    0.000055      32.41     36499       178274485898.000000-1176722779.000000-0.66       1.273200    0.018900    1.51        56.01       43.99       1.253800    0.010600    0.85        55.63       44.37       1.137200    0.022100    1.98        53.21       46.79
2026-05-06 07:30:00 UTCDOGSUSDT    0.000054      30.32     38490       174430013954.000000-3844471944.000000-2.16       1.313200    0.040000    3.14        56.77       43.23       1.242600    -0.011200   -0.89       55.41       44.59       1.178200    0.041000    3.61        54.09       45.91
2026-05-06 07:45:00 UTCDOGSUSDT    0.000054      31.42     27823       172916105272.000000-1513908682.000000-0.87       1.337500    0.024300    1.85        57.22       42.78       1.261700    0.019100    1.54        55.79       44.21       1.182500    0.004300    0.36        54.18       45.82
2026-05-06 08:00:00 UTCDOGSUSDT    0.000053      29.32     29320       173078570945.000000162465673.0000000.09        1.336400    -0.001100   -0.08       57.20       42.80       1.278400    0.016700    1.32        56.11       43.89       1.170100    -0.012400   -1.05       53.92       46.08
2026-05-06 08:15:00 UTCDOGSUSDT    0.000052      27.58     54169       173153593136.00000075022191.0000000.04        1.369700    0.033300    2.49        57.80       42.20       1.260600    -0.017800   -1.39       55.76       44.24       1.195900    0.025800    2.20        54.46       45.54
2026-05-06 08:30:00 UTCDOGSUSDT    0.000053      33.05     26293       171826350512.000000-1327242624.000000-0.77       1.371400    0.001700    0.12        57.83       42.17       1.271700    0.011100    0.88        55.98       44.02       1.185800    -0.010100   -0.84       54.25       45.75
2026-05-06 08:45:00 UTCDOGSUSDT    0.000055      37.95     30395       172977915224.0000001151564712.0000000.67        1.377000    0.005600    0.41        57.93       42.07       1.287000    0.015300    1.20        56.27       43.73       1.180500    -0.005300   -0.45       54.14       45.86
2026-05-06 09:00:00 UTCDOGSUSDT    0.000055      39.41     28447       176425732870.0000003447817646.0000001.99        1.360700    -0.016300   -1.18       57.64       42.36       1.293200    0.006200    0.48        56.39       43.61       1.180500    0.000000    0.00        54.14       45.86
2026-05-06 09:15:00 UTCDOGSUSDT    0.000056      42.18     24896       173822161796.000000-2603571074.000000-1.48       1.396400    0.035700    2.62        58.27       41.73       1.296700    0.003500    0.27        56.46       43.54       1.208500    0.028000    2.37        54.72       45.28
2026-05-06 09:30:00 UTCDOGSUSDT    0.000056      42.90     31790       171348107047.000000-2474054749.000000-1.42       1.405000    0.008600    0.62        58.42       41.58       1.269900    -0.026800   -2.07       55.95       44.05       1.237100    0.028600    2.37        55.30       44.70
2026-05-06 09:45:00 UTCDOGSUSDT    0.000055      41.66     21589       167424586404.000000-3923520643.000000-2.29       1.430700    0.025700    1.83        58.86       41.14       1.248600    -0.021300   -1.68       55.53       44.47       1.267600    0.030500    2.47        55.90       44.10
2026-05-06 10:00:00 UTCDOGSUSDT    0.000054      38.63     23500       168537521795.0000001112935391.0000000.66        1.411400    -0.019300   -1.35       58.53       41.47       1.247200    -0.001400   -0.11       55.50       44.50       1.246700    -0.020900   -1.65       55.49       44.51
2026-05-06 10:15:00 UTCDOGSUSDT    0.000055      40.22     11849       165174571636.000000-3362950159.000000-2.00       1.395200    -0.016200   -1.15       58.25       41.75       1.254300    0.007100    0.57        55.64       44.36       1.222700    -0.024000   -1.93       55.01       44.99
2026-05-06 10:30:00 UTCDOGSUSDT    0.000055      41.22     11523       165967662499.000000793090863.0000000.48        1.402700    0.007500    0.54        58.38       41.62       1.259200    0.004900    0.39        55.74       44.26       1.229200    0.006500    0.53        55.14       44.86
2026-05-06 10:45:00 UTCDOGSUSDT    0.000055      42.22     18937       166945076265.000000977413766.0000000.59        1.398700    -0.004000   -0.29       58.31       41.69       1.285200    0.026000    2.06        56.24       43.76       1.219800    -0.009400   -0.76       54.95       45.05
2026-05-06 11:00:00 UTCDOGSUSDT    0.000057      49.81     33299       166210883134.000000-734193131.000000-0.44       1.390600    -0.008100   -0.58       58.17       41.83       1.305400    0.020200    1.57        56.62       43.38       1.210400    -0.009400   -0.77       54.76       45.24
2026-05-06 11:15:00 UTCDOGSUSDT    0.000056      46.03     17459       170091914087.0000003881030953.0000002.34        1.368500    -0.022100   -1.59       57.78       42.22       1.313700    0.008300    0.64        56.78       43.22       1.206500    -0.003900   -0.32       54.68       45.32
2026-05-06 11:30:00 UTCDOGSUSDT    0.000056      46.03     14289       170138514668.00000046600581.0000000.03        1.374700    0.006200    0.45        57.89       42.11       1.293300    -0.020400   -1.55       56.40       43.60       1.223700    0.017200    1.43        55.03       44.97
2026-05-06 11:45:00 UTCDOGSUSDT    0.000056      44.89     16166       168784575350.000000-1353939318.000000-0.80       1.369700    -0.005000   -0.36       57.80       42.20       1.277200    -0.016100   -1.24       56.09       43.91       1.219800    -0.003900   -0.32       54.95       45.05
2026-05-06 12:00:00 UTCDOGSUSDT    0.000056      46.41     15686       167195109834.000000-1589465516.000000-0.94       1.378700    0.009000    0.66        57.96       42.04       1.276500    -0.000700   -0.05       56.07       43.93       1.226700    0.006900    0.57        55.09       44.91
2026-05-06 12:15:00 UTCDOGSUSDT    0.000056      47.91     12401       168044888872.000000849779038.0000000.51        1.373600    -0.005100   -0.37       57.87       42.13       1.290400    0.013900    1.09        56.34       43.66       1.220200    -0.006500   -0.53       54.96       45.04
2026-05-06 12:30:00 UTCDOGSUSDT    0.000056      45.32     10259       167218416498.000000-826472374.000000-0.49       1.373600    0.000000    0.00        57.87       42.13       1.278700    -0.011700   -0.91       56.12       43.88       1.228200    0.008000    0.66        55.12       44.88
2026-05-06 12:45:00 UTCDOGSUSDT    0.000056      48.23     11636       165932292255.000000-1286124243.000000-0.77       1.378700    0.005100    0.37        57.96       42.04       1.265400    -0.013300   -1.04       55.86       44.14       1.224200    -0.004000   -0.33       55.04       44.96
2026-05-06 13:00:00 UTCDOGSUSDT    0.000055      41.94     40445       165904125664.000000-28166591.000000-0.02       1.361300    -0.017400   -1.26       57.65       42.35       1.279400    0.014000    1.11        56.13       43.87       1.205600    -0.018600   -1.52       54.66       45.34
2026-05-06 13:15:00 UTCDOGSUSDT    0.000055      42.72     17611       162451804874.000000-3452320790.000000-2.08       1.437800    0.076500    5.62        58.98       41.02       1.288700    0.009300    0.73        56.31       43.69       1.268100    0.062500    5.18        55.91       44.09
2026-05-06 13:30:00 UTCDOGSUSDT    0.000056      46.39     20216       162030240453.000000-421564421.000000-0.26       1.433700    -0.004100   -0.29       58.91       41.09       1.279100    -0.009600   -0.74       56.12       43.88       1.250200    -0.017900   -1.41       55.56       44.44
2026-05-06 13:45:00 UTCDOGSUSDT    0.000055      43.14     30302       164203304491.0000002173064038.0000001.34        1.419500    -0.014200   -0.99       58.67       41.33       1.290100    0.011000    0.86        56.33       43.67       1.240100    -0.010100   -0.81       55.36       44.64
2026-05-06 14:00:00 UTCDOGSUSDT    0.000054      40.84     18786       161738122041.000000-2465182450.000000-1.50       1.412000    -0.007500   -0.53       58.54       41.46       1.280400    -0.009700   -0.75       56.15       43.85       1.235600    -0.004500   -0.36       55.27       44.73
2026-05-06 14:15:00 UTCDOGSUSDT    0.000055      45.65     18441       162084502077.000000346380036.0000000.21        1.427200    0.015200    1.08        58.80       41.20       1.262600    -0.017800   -1.39       55.80       44.20       1.248700    0.013100    1.06        55.53       44.47
2026-05-06 14:30:00 UTCDOGSUSDT    0.000055      45.31     9830        161757792975.000000-326709102.000000-0.20       1.420700    -0.006500   -0.46       58.69       41.31       1.290700    0.028100    2.23        56.34       43.66       1.233100    -0.015600   -1.25       55.22       44.78
2026-05-06 14:45:00 UTCDOGSUSDT    0.000054      42.13     12715       160757404620.000000-1000388355.000000-0.62       1.414900    -0.005800   -0.41       58.59       41.41       1.299500    0.008800    0.68        56.51       43.49       1.232100    -0.001000   -0.08       55.20       44.80
2026-05-06 15:00:00 UTCDOGSUSDT    0.000055      46.54     10987       160753727917.000000-3676703.000000-0.00       1.407900    -0.007000   -0.49       58.47       41.53       1.298600    -0.000900   -0.07       56.50       43.50       1.238600    0.006500    0.53        55.33       44.67
2026-05-06 15:15:00 UTCDOGSUSDT    0.000055      46.07     12001       159745108676.000000-1008619241.000000-0.63       1.412500    0.004600    0.33        58.55       41.45       1.311800    0.013200    1.02        56.74       43.26       1.239100    0.000500    0.04        55.34       44.66
2026-05-06 15:30:00 UTCDOGSUSDT    0.000055      46.58     9648        159392853635.000000-352255041.000000-0.22       1.424800    0.012300    0.87        58.76       41.24       1.313000    0.001200    0.09        56.77       43.23       1.248200    0.009100    0.73        55.52       44.48
2026-05-06 15:45:00 UTCDOGSUSDT    0.000054      42.61     8684        158327682508.000000-1065171127.000000-0.67       1.418400    -0.006400   -0.45       58.65       41.35       1.306000    -0.007000   -0.53       56.63       43.37       1.256800    0.008600    0.69        55.69       44.31
2026-05-06 16:00:00 UTCDOGSUSDT    0.000057      54.83     20968       158879451438.000000551768930.0000000.35        1.449200    0.030800    2.17        59.17       40.83       1.323200    0.017200    1.32        56.96       43.04       1.282100    0.025300    2.01        56.18       43.82
2026-05-06 16:15:00 UTCDOGSUSDT    0.000058      59.62     44087       158676822620.000000-202628818.000000-0.13       1.401000    -0.048200   -3.33       58.35       41.65       1.347100    0.023900    1.81        57.39       42.61       1.236100    -0.046000   -3.59       55.28       44.72
2026-05-06 16:30:00 UTCDOGSUSDT    0.000058      60.82     29369       160864358243.0000002187535623.0000001.38        1.452800    0.051800    3.70        59.23       40.77       1.364400    0.017300    1.28        57.71       42.29       1.284700    0.048600    3.93        56.23       43.77
2026-05-06 16:45:00 UTCDOGSUSDT    0.000060      66.78     31288       160350099778.000000-514258465.000000-0.32       1.443800    -0.009000   -0.62       59.08       40.92       1.350500    -0.013900   -1.02       57.46       42.54       1.285200    0.000500    0.04        56.24       43.76
2026-05-06 17:00:00 UTCDOGSUSDT    0.000058      58.22     36621       160418626630.00000068526852.0000000.04        1.427800    -0.016000   -1.11       58.81       41.19       1.335700    -0.014800   -1.10       57.19       42.81       1.287300    0.002100    0.16        56.28       43.72
2026-05-06 17:15:00 UTCDOGSUSDT    0.000058      56.91     15336       158005210807.000000-2413415823.000000-1.50       1.485100    0.057300    4.01        59.76       40.24       1.346900    0.011200    0.84        57.39       42.61       1.340300    0.053000    4.12        57.27       42.73
2026-05-06 17:30:00 UTCDOGSUSDT    0.000057      53.05     20382       157613853913.000000-391356894.000000-0.25       1.466100    -0.019000   -1.28       59.45       40.55       1.333900    -0.013000   -0.97       57.15       42.85       1.321800    -0.018500   -1.38       56.93       43.07
2026-05-06 17:45:00 UTCDOGSUSDT    0.000057      51.26     11450       155741382268.000000-1872471645.000000-1.19       1.444400    -0.021700   -1.48       59.09       40.91       1.318200    -0.015700   -1.18       56.86       43.14       1.307900    -0.013900   -1.05       56.67       43.33
2026-05-06 18:00:00 UTCDOGSUSDT    0.000057      52.13     13918       156356038541.000000614656273.0000000.39        1.448600    0.004200    0.29        59.16       40.84       1.311100    -0.007100   -0.54       56.73       43.27       1.314300    0.006400    0.49        56.79       43.21
2026-05-06 18:15:00 UTCDOGSUSDT    0.000057      52.13     6570        153043121582.000000-3312916959.000000-2.12       1.449200    0.000600    0.04        59.17       40.83       1.301800    -0.009300   -0.71       56.56       43.44       1.307300    -0.007000   -0.53       56.66       43.34
2026-05-06 18:30:00 UTCDOGSUSDT    0.000057      50.50     5898        153631242216.000000588120634.0000000.38        1.433700    -0.015500   -1.07       58.91       41.09       1.304600    0.002800    0.22        56.61       43.39       1.296200    -0.011100   -0.85       56.45       43.55
2026-05-06 18:45:00 UTCDOGSUSDT    0.000057      51.21     6236        152619124310.000000-1012117906.000000-0.66       1.438400    0.004700    0.33        58.99       41.01       1.301400    -0.003200   -0.25       56.55       43.45       1.300400    0.004200    0.32        56.53       43.47
2026-05-06 19:00:00 UTCDOGSUSDT    0.000057      52.36     8462        151076339113.000000-1542785197.000000-1.01       1.419500    -0.018900   -1.31       58.67       41.33       1.299200    -0.002200   -0.17       56.51       43.49       1.275800    -0.024600   -1.89       56.06       43.94
2026-05-06 19:15:00 UTCDOGSUSDT    0.000057      53.55     6002        150116274341.000000-960064772.000000-0.64       1.406700    -0.012800   -0.90       58.45       41.55       1.297100    -0.002100   -0.16       56.47       43.53       1.273800    -0.002000   -0.16       56.02       43.98
2026-05-06 19:30:00 UTCDOGSUSDT    0.000057      50.35     6561        149759110114.000000-357164227.000000-0.24       1.400400    -0.006300   -0.45       58.34       41.66       1.286300    -0.010800   -0.83       56.26       43.74       1.273200    -0.000600   -0.05       56.01       43.99
2026-05-06 19:45:00 UTCDOGSUSDT    0.000057      52.59     4904        150022448685.000000263338571.0000000.18        1.392900    -0.007500   -0.54       58.21       41.79       1.288000    0.001700    0.13        56.29       43.71       1.272200    -0.001000   -0.08       55.99       44.01
2026-05-06 20:00:00 UTCDOGSUSDT    0.000057      54.97     7788        149658176225.000000-364272460.000000-0.24       1.384400    -0.008500   -0.61       58.06       41.94       1.286900    -0.001100   -0.09       56.27       43.73       1.247200    -0.025000   -1.97       55.50       44.50
2026-05-06 20:15:00 UTCDOGSUSDT    0.000058      59.69     11519       149435484280.000000-222691945.000000-0.15       1.397500    0.013100    0.95        58.29       41.71       1.304200    0.017300    1.34        56.60       43.40       1.257300    0.010100    0.81        55.70       44.30
2026-05-06 20:30:00 UTCDOGSUSDT    0.000058      55.36     8076        150586219043.0000001150734763.0000000.77        1.390100    -0.007400   -0.53       58.16       41.84       1.315500    0.011300    0.87        56.81       43.19       1.252800    -0.004500   -0.36       55.61       44.39
2026-05-06 20:45:00 UTCDOGSUSDT    0.000059      63.49     12621       150436811820.000000-149407223.000000-0.10       1.401500    0.011400    0.82        58.36       41.64       1.324100    0.008600    0.65        56.97       43.03       1.260400    0.007600    0.61        55.76       44.24
2026-05-06 21:00:00 UTCDOGSUSDT    0.000059      59.26     12535       152257066760.0000001820254940.0000001.21        1.390100    -0.011400   -0.81       58.16       41.84       1.349000    0.024900    1.88        57.43       42.57       1.251200    -0.009200   -0.73       55.58       44.42
2026-05-06 21:15:00 UTCDOGSUSDT    0.000058      58.51     6005        151208261981.000000-1048804779.000000-0.69       1.409100    0.019000    1.37        58.49       41.51       1.346100    -0.002900   -0.21       57.38       42.62       1.273800    0.022600    1.81        56.02       43.98
2026-05-06 21:30:00 UTCDOGSUSDT    0.000059      60.91     5307        150442682216.000000-765579765.000000-0.51       1.395800    -0.013300   -0.94       58.26       41.74       1.332500    -0.013600   -1.01       57.13       42.87       1.273200    -0.000600   -0.05       56.01       43.99
2026-05-06 21:45:00 UTCDOGSUSDT    0.000059      58.02     4978        149886287747.000000-556394469.000000-0.37       1.380400    -0.015400   -1.10       57.99       42.01       1.330800    -0.001700   -0.13       57.10       42.90       1.251700    -0.021500   -1.69       55.59       44.41
2026-05-06 22:00:00 UTCDOGSUSDT    0.000060      63.68     12716       150016854369.000000130566622.0000000.09        1.383800    0.003400    0.25        58.05       41.95       1.322800    -0.008000   -0.60       56.95       43.05       1.257800    0.006100    0.49        55.71       44.29
2026-05-06 22:15:00 UTCDOGSUSDT    0.000059      60.95     6963        148642547413.000000-1374306956.000000-0.92       1.378700    -0.005100   -0.37       57.96       42.04       1.319900    -0.002900   -0.22       56.89       43.11       1.251200    -0.006600   -0.52       55.58       44.42
2026-05-06 22:30:00 UTCDOGSUSDT    0.000059      60.13     9749        149806362143.0000001163814730.0000000.78        1.385500    0.006800    0.49        58.08       41.92       1.325200    0.005300    0.40        56.99       43.01       1.259400    0.008200    0.66        55.74       44.26
2026-05-06 22:45:00 UTCDOGSUSDT    0.000059      58.36     6471        148132743975.000000-1673618168.000000-1.12       1.415500    0.030000    2.17        58.60       41.40       1.307600    -0.017600   -1.33       56.66       43.34       1.288900    0.029500    2.34        56.31       43.69
2026-05-06 23:00:00 UTCDOGSUSDT    0.000059      54.18     9285        148218523951.00000085779976.0000000.06        1.396400    -0.019100   -1.35       58.27       41.73       1.307200    -0.000400   -0.03       56.66       43.34       1.270100    -0.018800   -1.46       55.95       44.05
2026-05-06 23:15:00 UTCDOGSUSDT    0.000059      55.20     8993        148419005855.000000200481904.0000000.14        1.398100    0.001700    0.12        58.30       41.70       1.306100    -0.001100   -0.08       56.64       43.36       1.267600    -0.002500   -0.20       55.90       44.10
2026-05-06 23:30:00 UTCDOGSUSDT    0.000058      51.66     10829       147520095057.000000-898910798.000000-0.61       1.416000    0.017900    1.28        58.61       41.39       1.302900    -0.003200   -0.25       56.58       43.42       1.281000    0.013400    1.06        56.16       43.84
2026-05-06 23:45:00 UTCDOGSUSDT    0.000059      56.29     8633        148705529567.0000001185434510.0000000.80        1.421900    0.005900    0.42        58.71       41.29       1.319300    0.016400    1.26        56.88       43.12       1.283600    0.002600    0.20        56.21       43.79
2026-05-07 00:00:00 UTCDOGSUSDT    0.000060      60.43     22868       148678842248.000000-26687319.000000-0.02       1.399800    -0.022100   -1.55       58.33       41.67       1.321600    0.002300    0.17        56.93       43.07       1.263000    -0.020600   -1.60       55.81       44.19
2026-05-07 00:15:00 UTCDOGSUSDT    0.000060      63.23     16234       149457309388.000000778467140.0000000.52        1.401000    0.001200    0.09        58.35       41.65       1.304400    -0.017200   -1.30       56.61       43.39       1.257800    -0.005200   -0.41       55.71       44.29
2026-05-07 00:30:00 UTCDOGSUSDT    0.000063      74.90     47511       148656453915.000000-800855473.000000-0.54       1.409600    0.008600    0.61        58.50       41.50       1.286900    -0.017500   -1.34       56.27       43.73       1.266000    0.008200    0.65        55.87       44.13
2026-05-07 00:45:00 UTCDOGSUSDT    0.000069      85.24     81903       150962890357.0000002306436442.0000001.55        1.437800    0.028200    2.00        58.98       41.02       1.311200    0.024300    1.89        56.73       43.27       1.335900    0.069900    5.52        57.19       42.81
2026-05-07 01:00:00 UTCDOGSUSDT    0.000082      92.13     213607      150070992121.000000-891898236.000000-0.59       1.414900    -0.022900   -1.59       58.59       41.41       1.304600    -0.006600   -0.50       56.61       43.39       1.368500    0.032600    2.44        57.78       42.22
2026-05-07 01:15:00 UTCDOGSUSDT    0.000086      93.40     154863      150135649500.00000064657379.0000000.04        1.279500    -0.135400   -9.57       56.13       43.87       1.340000    0.035400    2.71        57.26       42.74       1.297300    -0.071200   -5.20       56.47       43.53
2026-05-07 01:30:00 UTCDOGSUSDT    0.000090      94.11     165508      151374028746.0000001238379246.0000000.82        1.242200    -0.037300   -2.92       55.40       44.60       1.315800    -0.024200   -1.81       56.82       43.18       1.281500    -0.015800   -1.22       56.17       43.83
2026-05-07 01:45:00 UTCDOGSUSDT    0.000088      88.51     109749      150713412361.000000-660616385.000000-0.44       1.143600    -0.098600   -7.94       53.35       46.65       1.303000    -0.012800   -0.97       56.58       43.42       1.214800    -0.066700   -5.20       54.85       45.15
2026-05-07 02:00:00 UTCDOGSUSDT    0.000091      89.61     104897      151633573935.000000920161574.0000000.61        1.118600    -0.025000   -2.19       52.80       47.20       1.261400    -0.041600   -3.19       55.78       44.22       1.168700    -0.046100   -3.79       53.89       46.11
2026-05-07 02:15:00 UTCDOGSUSDT    0.000090      86.94     107524      157244821010.0000005611247075.0000003.70        1.086400    -0.032200   -2.88       52.07       47.93       1.246400    -0.015000   -1.19       55.48       44.52       1.140900    -0.027800   -2.38       53.29       46.71
2026-05-07 02:30:00 UTCDOGSUSDT    0.000095      89.12     88929       155444825144.000000-1799995866.000000-1.14       1.066500    -0.019900   -1.83       51.61       48.39       1.223600    -0.022800   -1.83       55.03       44.97       1.116000    -0.024900   -2.18       52.74       47.26
2026-05-07 02:45:00 UTCDOGSUSDT    0.000097      89.63     138302      156725361803.0000001280536659.0000000.82        1.000400    -0.066100   -6.20       50.01       49.99       1.215200    -0.008400   -0.69       54.86       45.14       1.070400    -0.045600   -4.09       51.70       48.30
2026-05-07 03:00:00 UTCDOGSUSDT    0.000096      88.04     110019      165539889325.0000008814527522.0000005.62        0.991600    -0.008800   -0.88       49.79       50.21       1.203600    -0.011600   -0.95       54.62       45.38       1.051700    -0.018700   -1.75       51.26       48.74
2026-05-07 03:15:00 UTCDOGSUSDT    0.000102      89.94     170734      164703017175.000000-836872150.000000-0.51       0.972400    -0.019200   -1.94       49.30       50.70       1.201900    -0.001700   -0.14       54.58       45.42       1.036700    -0.015000   -1.43       50.90       49.10
2026-05-07 03:30:00 UTCDOGSUSDT    0.000100      84.35     109396      171150275353.0000006447258178.0000003.91        0.941700    -0.030700   -3.16       48.50       51.50       1.235100    0.033200    2.76        55.26       44.74       1.028800    -0.007900   -0.76       50.71       49.29
2026-05-07 03:45:00 UTCDOGSUSDT    0.000090      64.71     148581      172263815347.0000001113539994.0000000.65        0.958100    0.016400    1.74        48.93       51.07       1.234200    -0.000900   -0.07       55.24       44.76       1.045400    0.016600    1.61        51.11       48.89
2026-05-07 04:00:00 UTCDOGSUSDT    0.000097      70.21     161775      167784813877.000000-4479001470.000000-2.60       0.966600    0.008500    0.89        49.15       50.85       1.244900    0.010700    0.87        55.45       44.55       0.977500    -0.067900   -6.50       49.43       50.57
2026-05-07 04:15:00 UTCDOGSUSDT    0.000099      71.55     107299      169036629182.0000001251815305.0000000.75        0.958900    -0.007700   -0.80       48.95       51.05       1.247300    0.002400    0.19        55.50       44.50       1.013700    0.036200    3.70        50.34       49.66
2026-05-07 04:30:00 UTCDOGSUSDT    0.000098      69.02     119871      170689859965.0000001653230783.0000000.98        0.918300    -0.040600   -4.23       47.87       52.13       1.236900    -0.010400   -0.83       55.30       44.70       0.983700    -0.030000   -2.96       49.59       50.41
2026-05-07 04:45:00 UTCDOGSUSDT    0.000097      67.63     105049      172070491072.0000001380631107.0000000.81        0.894300    -0.024000   -2.61       47.21       52.79       1.197400    -0.039500   -3.19       54.49       45.51       0.954700    -0.029000   -2.95       48.84       51.16
2026-05-07 05:00:00 UTCDOGSUSDT    0.000097      67.77     85156       171879070658.000000-191420414.000000-0.11       0.883600    -0.010700   -1.20       46.91       53.09       1.207800    0.010400    0.87        54.71       45.29       0.917500    -0.037200   -3.90       47.85       52.15
2026-05-07 05:15:00 UTCDOGSUSDT    0.000096      66.15     69712       175134736772.0000003255666114.0000001.89        0.870600    -0.013000   -1.47       46.54       53.46       1.199000    -0.008800   -0.73       54.53       45.47       0.892500    -0.025000   -2.72       47.16       52.84
2026-05-07 05:30:00 UTCDOGSUSDT    0.000099      68.84     106927      176235690799.0000001100954027.0000000.63        0.856000    -0.014600   -1.68       46.12       53.88       1.200000    0.001000    0.08        54.54       45.46       0.878300    -0.014200   -1.59       46.76       53.24
2026-05-07 05:45:00 UTCDOGSUSDT    0.000096      62.55     144395      178106260073.0000001870569274.0000001.06        0.834200    -0.021800   -2.55       45.48       54.52       1.203400    0.003400    0.28        54.62       45.38       0.874400    -0.003900   -0.44       46.65       53.35
2026-05-07 06:00:00 UTCDOGSUSDT    0.000094      59.91     123922      178207782610.000000101522537.0000000.06        0.854600    0.020400    2.45        46.08       53.92       1.174300    -0.029100   -2.42       54.01       45.99       0.900400    0.026000    2.97        47.38       52.62
2026-05-07 06:15:00 UTCDOGSUSDT    0.000093      57.24     99705       178437876281.000000230093671.0000000.13        0.890000    0.035400    4.14        47.09       52.91       1.176600    0.002300    0.20        54.06       45.94       0.906600    0.006200    0.69        47.55       52.45
2026-05-07 06:30:00 UTCDOGSUSDT    0.000094      59.15     76104       175569504382.000000-2868371899.000000-1.61       0.890400    0.000400    0.04        47.10       52.90       1.191400    0.014800    1.26        54.37       45.63       0.890700    -0.015900   -1.75       47.11       52.89
2026-05-07 06:45:00 UTCDOGSUSDT    0.000095      60.65     79559       175832621689.000000263117307.0000000.15        0.895400    0.005000    0.56        47.24       52.76       1.200600    0.009200    0.77        54.56       45.44       0.899300    0.008600    0.97        47.35       52.65
2026-05-07 07:00:00 UTCDOGSUSDT    0.000095      60.48     76653       175671998809.000000-160622880.000000-0.09       0.897900    0.002500    0.28        47.31       52.69       1.220300    0.019700    1.64        54.96       45.04       0.930100    0.030800    3.42        48.19       51.81
2026-05-07 07:15:00 UTCDOGSUSDT    0.000093      56.57     46413       176218933123.000000546934314.0000000.31        0.874400    -0.023500   -2.62       46.65       53.35       1.223300    0.003000    0.25        55.02       44.98       0.893600    -0.036500   -3.92       47.19       52.81
2026-05-07 07:30:00 UTCDOGSUSDT    0.000092      53.07     67484       177020584375.000000801651252.0000000.45        0.885400    0.011000    1.26        46.96       53.04       1.224000    0.000700    0.06        55.04       44.96       0.895400    0.001800    0.20        47.24       52.76
2026-05-07 07:45:00 UTCDOGSUSDT    0.000091      51.93     52407       177008502042.000000-12082333.000000-0.01       0.899700    0.014300    1.62        47.36       52.64       1.214000    -0.010000   -0.82       54.83       45.17       0.892500    -0.002900   -0.32       47.16       52.84
2026-05-07 08:00:00 UTCDOGSUSDT    0.000091      52.39     70595       180819398451.0000003810896409.0000002.15        0.892100    -0.007600   -0.84       47.15       52.85       1.224800    0.010800    0.89        55.05       44.95       0.882200    -0.010300   -1.15       46.87       53.13
2026-05-07 08:15:00 UTCDOGSUSDT    0.000086      42.72     146801      181614349509.000000794951058.0000000.44        0.878300    -0.013800   -1.55       46.76       53.24       1.226000    0.001200    0.10        55.08       44.92       0.870200    -0.012000   -1.36       46.53       53.47
2026-05-07 08:30:00 UTCDOGSUSDT    0.000088      47.29     89479       176780549501.000000-4833800008.000000-2.66       0.932400    0.054100    6.16        48.25       51.75       1.295100    0.069100    5.64        56.43       43.57       0.873700    0.003500    0.40        46.63       53.37
2026-05-07 08:45:00 UTCDOGSUSDT    0.000088      46.45     52603       177241378089.000000460828588.0000000.26        0.916800    -0.015600   -1.67       47.83       52.17       1.294100    -0.001000   -0.08       56.41       43.59       0.853200    -0.020500   -2.35       46.04       53.96
2026-05-07 09:00:00 UTCDOGSUSDT    0.000090      50.79     71002       179787494680.0000002546116591.0000001.44        0.896500    -0.020300   -2.21       47.27       52.73       1.268700    -0.025400   -1.96       55.92       44.08       0.836200    -0.017000   -1.99       45.54       54.46
2026-05-07 09:15:00 UTCDOGSUSDT    0.000087      46.07     50573       181038936241.0000001251441561.0000000.70        0.885400    -0.011100   -1.24       46.96       53.04       1.281800    0.013100    1.03        56.18       43.82       0.844000    0.007800    0.93        45.77       54.23
2026-05-07 09:30:00 UTCDOGSUSDT    0.000087      44.83     62008       182953185601.0000001914249360.0000001.06        0.895400    0.010000    1.13        47.24       52.76       1.270400    -0.011400   -0.89       55.95       44.05       0.840600    -0.003400   -0.40       45.67       54.33
2026-05-07 09:45:00 UTCDOGSUSDT    0.000089      50.21     55006       182660715008.000000-292470593.000000-0.16       0.896800    0.001400    0.16        47.28       52.72       1.266700    -0.003700   -0.29       55.88       44.12       0.840600    0.000000    0.00        45.67       54.33
2026-05-07 10:00:00 UTCDOGSUSDT    0.000091      53.16     88663       185707273108.0000003046558100.0000001.67        0.861900    -0.034900   -3.89       46.29       53.71       1.266900    0.000200    0.02        55.89       44.11       0.796300    -0.044300   -5.27       44.33       55.67
2026-05-07 10:15:00 UTCDOGSUSDT    0.000089      50.08     58069       185585838331.000000-121434777.000000-0.07       0.879000    0.017100    1.98        46.78       53.22       1.265300    -0.001600   -0.13       55.85       44.15       0.840300    0.044000    5.53        45.66       54.34
2026-05-07 10:30:00 UTCDOGSUSDT    0.000091      53.15     61923       186476527635.000000890689304.0000000.48        0.885700    0.006700    0.76        46.97       53.03       1.268000    0.002700    0.21        55.91       44.09       0.852500    0.012200    1.45        46.02       53.98
2026-05-07 10:45:00 UTCDOGSUSDT    0.000088      47.48     52581       186917173337.000000440645702.0000000.24        0.865000    -0.020700   -2.34       46.38       53.62       1.265700    -0.002300   -0.18       55.86       44.14       0.832200    -0.020300   -2.38       45.42       54.58
2026-05-07 11:00:00 UTCDOGSUSDT    0.000088      46.77     52663       186136195204.000000-780978133.000000-0.42       0.877900    0.012900    1.49        46.75       53.25       1.250600    -0.015100   -1.19       55.57       44.43       0.843700    0.011500    1.38        45.76       54.24
2026-05-07 11:15:00 UTCDOGSUSDT    0.000086      43.63     86715       185785252810.000000-350942394.000000-0.19       0.876200    -0.001700   -0.19       46.70       53.30       1.270500    0.019900    1.59        55.96       44.04       0.842300    -0.001400   -0.17       45.72       54.28
2026-05-07 11:30:00 UTCDOGSUSDT    0.000086      43.44     59276       178562341454.000000-7222911356.000000-3.89       0.917500    0.041300    4.71        47.85       52.15       1.296600    0.026100    2.05        56.46       43.54       0.849800    0.007500    0.89        45.94       54.06
2026-05-07 11:45:00 UTCDOGSUSDT    0.000081      36.46     81999       179923545955.0000001361204501.0000000.76        0.889600    -0.027900   -3.04       47.08       52.92       1.292300    -0.004300   -0.33       56.38       43.62       0.821200    -0.028600   -3.37       45.09       54.91
2026-05-07 12:00:00 UTCDOGSUSDT    0.000083      40.29     78252       171531986963.000000-8391558992.000000-4.66       0.927500    0.037900    4.26        48.12       51.88       1.299100    0.006800    0.53        56.51       43.49       0.821500    0.000300    0.04        45.10       54.90
2026-05-07 12:15:00 UTCDOGSUSDT    0.000084      42.55     56325       172630024703.0000001098037740.0000000.64        0.929400    0.001900    0.20        48.17       51.83       1.313600    0.014500    1.12        56.78       43.22       0.825200    0.003700    0.45        45.21       54.79
2026-05-07 12:30:00 UTCDOGSUSDT    0.000083      40.47     42846       173335712291.000000705687588.0000000.41        0.936100    0.006700    0.72        48.35       51.65       1.311900    -0.001700   -0.13       56.74       43.26       0.833500    0.008300    1.01        45.46       54.54
2026-05-07 12:45:00 UTCDOGSUSDT    0.000083      40.89     38822       174547814930.0000001212102639.0000000.70        0.958900    0.022800    2.44        48.95       51.05       1.303800    -0.008100   -0.62       56.59       43.41       0.846700    0.013200    1.58        45.85       54.15
2026-05-07 13:00:00 UTCDOGSUSDT    0.000082      39.66     58035       175133632984.000000585818054.0000000.34        0.947800    -0.011100   -1.16       48.66       51.34       1.296400    -0.007400   -0.57       56.45       43.55       0.836200    -0.010500   -1.24       45.54       54.46
2026-05-07 13:15:00 UTCDOGSUSDT    0.000083      40.91     55231       173494319324.000000-1639313660.000000-0.94       0.960400    0.012600    1.33        48.99       51.01       1.292900    -0.003500   -0.27       56.39       43.61       0.848100    0.011900    1.42        45.89       54.11
2026-05-07 13:30:00 UTCDOGSUSDT    0.000081      37.70     50717       172740472576.000000-753846748.000000-0.43       0.970800    0.010400    1.08        49.26       50.74       1.318500    0.025600    1.98        56.87       43.13       0.860100    0.012000    1.41        46.24       53.76
2026-05-07 13:45:00 UTCDOGSUSDT    0.000083      43.43     60308       169920462166.000000-2820010410.000000-1.63       1.006000    0.035200    3.63        50.15       49.85       1.306400    -0.012100   -0.92       56.64       43.36       0.888900    0.028800    3.35        47.06       52.94
2026-05-07 14:00:00 UTCDOGSUSDT    0.000081      39.55     50682       169136046047.000000-784416119.000000-0.46       1.001200    -0.004800   -0.48       50.03       49.97       1.313600    0.007200    0.55        56.78       43.22       0.890000    0.001100    0.12        47.09       52.91
2026-05-07 14:15:00 UTCDOGSUSDT    0.000081      40.78     76134       170045332508.000000909286461.0000000.54        1.018600    0.017400    1.74        50.46       49.54       1.303100    -0.010500   -0.80       56.58       43.42       0.921600    0.031600    3.55        47.96       52.04
2026-05-07 14:30:00 UTCDOGSUSDT    0.000081      38.92     38231       162986019317.000000-7059313191.000000-4.15       1.004400    -0.014200   -1.39       50.11       49.89       1.315400    0.012300    0.94        56.81       43.19       0.881800    -0.039800   -4.32       46.86       53.14
2026-05-07 14:45:00 UTCDOGSUSDT    0.000080      37.74     40767       163156670023.000000170650706.0000000.10        0.984900    -0.019500   -1.94       49.62       50.38       1.308800    -0.006600   -0.50       56.69       43.31       0.856000    -0.025800   -2.93       46.12       53.88
2026-05-07 15:00:00 UTCDOGSUSDT    0.000079      36.68     31554       164005200421.000000848530398.0000000.52        1.014100    0.029200    2.96        50.35       49.65       1.317200    0.008400    0.64        56.85       43.15       0.874100    0.018100    2.11        46.64       53.36
2026-05-07 15:15:00 UTCDOGSUSDT    0.000080      38.37     41111       165837520834.0000001832320413.0000001.12        1.023900    0.009800    0.97        50.59       49.41       1.323300    0.006100    0.46        56.96       43.04       0.877600    0.003500    0.40        46.74       53.26
2026-05-07 15:30:00 UTCDOGSUSDT    0.000080      39.71     45352       164932575079.000000-904945755.000000-0.55       1.006000    -0.017900   -1.75       50.15       49.85       1.316400    -0.006900   -0.52       56.83       43.17       0.857700    -0.019900   -2.27       46.17       53.83
2026-05-07 15:45:00 UTCDOGSUSDT    0.000081      42.65     28569       165751154240.000000818579161.0000000.50        1.016500    0.010500    1.04        50.41       49.59       1.302700    -0.013700   -1.04       56.57       43.43       0.877600    0.019900    2.32        46.74       53.26
2026-05-07 16:00:00 UTCDOGSUSDT    0.000082      45.80     83102       165845952845.00000094798605.0000000.06        1.032900    0.016400    1.61        50.81       49.19       1.311400    0.008700    0.67        56.74       43.26       0.897200    0.019600    2.23        47.29       52.71
2026-05-07 16:15:00 UTCDOGSUSDT    0.000083      48.20     46016       161583465805.000000-4262487040.000000-2.57       1.069100    0.036200    3.50        51.67       48.33       1.287200    -0.024200   -1.85       56.28       43.72       0.967000    0.069800    7.78        49.16       50.84
2026-05-07 16:30:00 UTCDOGSUSDT    0.000082      47.54     39448       161596943022.00000013477217.0000000.01        1.096000    0.026900    2.52        52.29       47.71       1.280100    -0.007100   -0.55       56.14       43.86       0.994400    0.027400    2.83        49.86       50.14
2026-05-07 16:45:00 UTCDOGSUSDT    0.000081      42.23     28266       159687793325.000000-1909149697.000000-1.18       1.095100    -0.000900   -0.08       52.27       47.73       1.274500    -0.005600   -0.44       56.03       43.97       0.986100    -0.008300   -0.83       49.65       50.35
2026-05-07 17:00:00 UTCDOGSUSDT    0.000082      47.10     25165       160406941745.000000719148420.0000000.45        1.096900    0.001800    0.16        52.31       47.69       1.278100    0.003600    0.28        56.10       43.90       0.986500    0.000400    0.04        49.66       50.34
2026-05-07 17:15:00 UTCDOGSUSDT    0.000083      50.82     32343       160072115909.000000-334825836.000000-0.21       1.094700    -0.002200   -0.20       52.26       47.74       1.273700    -0.004400   -0.34       56.02       43.98       0.984900    -0.001600   -0.16       49.62       50.38
2026-05-07 17:30:00 UTCDOGSUSDT    0.000084      52.61     35779       160377218047.000000305102138.0000000.19        1.095600    0.000900    0.08        52.28       47.72       1.258100    -0.015600   -1.22       55.72       44.28       0.992800    0.007900    0.80        49.82       50.18
2026-05-07 17:45:00 UTCDOGSUSDT    0.000086      60.03     47165       161127973461.000000750755414.0000000.47        1.100400    0.004800    0.44        52.39       47.61       1.260300    0.002200    0.17        55.76       44.24       1.010500    0.017700    1.78        50.26       49.74
2026-05-07 18:00:00 UTCDOGSUSDT    0.000086      58.77     48918       159357624734.000000-1770348727.000000-1.10       1.103000    0.002600    0.24        52.45       47.55       1.237900    -0.022400   -1.78       55.32       44.68       1.042100    0.031600    3.13        51.03       48.97
2026-05-07 18:15:00 UTCDOGSUSDT    0.000089      66.26     78082       158278568103.000000-1079056631.000000-0.68       1.113700    0.010700    0.97        52.69       47.31       1.219900    -0.018000   -1.45       54.95       45.05       1.060200    0.018100    1.74        51.46       48.54
2026-05-07 18:30:00 UTCDOGSUSDT    0.000088      62.10     79605       153325415600.000000-4953152503.000000-3.13       1.134000    0.020300    1.82        53.14       46.86       1.193400    -0.026500   -2.17       54.41       45.59       1.117700    0.057500    5.42        52.78       47.22
2026-05-07 18:45:00 UTCDOGSUSDT    0.000088      59.42     43218       153494891769.000000169476169.0000000.11        1.123100    -0.010900   -0.96       52.90       47.10       1.190100    -0.003300   -0.28       54.34       45.66       1.121300    0.003600    0.32        52.86       47.14
2026-05-07 19:00:00 UTCDOGSUSDT    0.000087      55.96     33543       154865363678.0000001370471909.0000000.89        1.128100    0.005000    0.45        53.01       46.99       1.199200    0.009100    0.76        54.53       45.47       1.115500    -0.005800   -0.52       52.73       47.27

==============================================================================================================
LAST SNAPSHOT
==============================================================================================================
Time                : 2026-05-07 19:00:00 UTC
Symbol              : DOGSUSDT
Close               : 0.000087
RSI(14)            : 55.96
Number of Trades    : 33543
Volume              : 39595737277.000000
Quote Volume        : 3419549.904328

Open Interest       : 154865363678.000000
OI Change           : 1370471909.000000
OI Change %         : 0.89%
OI Value            : 13567754.511830

Top Acco L/S Ratio  : 1.128100
Top Acco L/S Change : 0.005000
Top Acco Chg %      : 0.45%
Top Acco Long %     : 53.01
Top Acco Short %    : 46.99

Top Posit L/S Ratio : 1.199200
Top Posit L/S Change: 0.009100
Top Posit Chg %     : 0.76%
Top Posit Long %    : 54.53
Top Posit Short %   : 45.47

Global L/S Ratio    : 1.115500
Global L/S Change   : -0.005800
Global Chg %        : -0.52%
Global Long %       : 52.73
Global Short %      : 47.27

[Program finished]
