####################################################################################################
FETCHING BINANCE FUTURES DATA ...
####################################################################################################
SYMBOL     : NILUSDT
PERIOD     : 5m
LIMIT      : 500
RSI_PERIOD : 14

========================================================================================================================================================================================================================================================================================================================================================================
BINANCE FUTURES MERGED DATA (L.S + OI + RSI + TRADES) | ROW = ONE CANDLE
========================================================================================================================================================================================================================================================================================================================================================================
Time                  Symbol      Close         RSI       Trades      OI              OI Chg        OI Chg %    Acco L/S    Acco Chg    Acco Chg%   Acco L%     Acco S%     Posit L/S   Posit Chg   Posit Chg%  Posit L%    Posit S%    Global L/S  Global Chg  Global Chg% Global L%   Global S%
------------------------------------------------------------------------------------------------------------------------------------------------------------------------------------------------------------------------------------------------------------------------------------------------------------------------------------------------------------------------
2026-05-06 00:45:00 UTCNILUSDT     0.000000      0.00      0           40092630.200000 0.000000      0.00        2.730000    0.000000    0.00        73.19       26.81       3.717200    0.000000    0.00        78.80       21.20       2.070300    0.000000    0.00        67.43       32.57
2026-05-06 00:50:00 UTCNILUSDT     0.039970      29.66     298         40053348.000000 -39282.200000 -0.10       2.717500    -0.012500   -0.46       73.10       26.90       3.691500    -0.025700   -0.69       78.68       21.32       2.064700    -0.005600   -0.27       67.37       32.63
2026-05-06 00:55:00 UTCNILUSDT     0.039980      30.17     360         40035817.400000 -17530.600000 -0.04       2.710600    -0.006900   -0.25       73.05       26.95       3.672400    -0.019100   -0.52       78.60       21.40       2.058100    -0.006600   -0.32       67.30       32.70
2026-05-06 01:00:00 UTCNILUSDT     0.040130      37.60     419         40019145.800000 -16671.600000 -0.04       2.706400    -0.004200   -0.15       73.02       26.98       3.669000    -0.003400   -0.09       78.58       21.42       2.049700    -0.008400   -0.41       67.21       32.79
2026-05-06 01:05:00 UTCNILUSDT     0.040170      39.45     358         40029443.900000 10298.100000  0.03        2.653600    -0.052800   -1.95       72.63       27.37       3.670500    0.001500    0.04        78.59       21.41       2.033100    -0.016600   -0.81       67.03       32.97
2026-05-06 01:10:00 UTCNILUSDT     0.040160      39.14     286         40041455.500000 12011.600000  0.03        2.640300    -0.013300   -0.50       72.53       27.47       3.668900    -0.001600   -0.04       78.58       21.42       2.029400    -0.003700   -0.18       66.99       33.01
2026-05-06 01:15:00 UTCNILUSDT     0.040340      47.24     339         40069175.400000 27719.900000  0.07        2.640300    0.000000    0.00        72.53       27.47       3.669500    0.000600    0.02        78.58       21.42       2.034000    0.004600    0.23        67.04       32.96
2026-05-06 01:20:00 UTCNILUSDT     0.040330      46.87     382         40043633.000000 -25542.400000 -0.06       2.644300    0.004000    0.15        72.56       27.44       3.670700    0.001200    0.03        78.59       21.41       2.035800    0.001800    0.09        67.06       32.94
2026-05-06 01:25:00 UTCNILUSDT     0.040320      46.47     347         40052840.200000 9207.200000   0.02        2.617900    -0.026400   -1.00       72.36       27.64       3.674100    0.003400    0.09        78.61       21.39       2.020200    -0.015600   -0.77       66.89       33.11
2026-05-06 01:30:00 UTCNILUSDT     0.040390      49.67     302         40053423.900000 583.700000    0.00        2.619300    0.001400    0.05        72.37       27.63       3.674800    0.000700    0.02        78.61       21.39       2.013900    -0.006300   -0.31       66.82       33.18
2026-05-06 01:35:00 UTCNILUSDT     0.040340      47.49     346         40058251.800000 4827.900000   0.01        2.617900    -0.001400   -0.05       72.36       27.64       3.676500    0.001700    0.05        78.62       21.38       2.013000    -0.000900   -0.04       66.81       33.19
2026-05-06 01:40:00 UTCNILUSDT     0.040530      55.50     433         40056081.700000 -2170.100000  -0.01       2.614000    -0.003900   -0.15       72.33       27.67       3.682400    0.005900    0.16        78.64       21.36       2.013000    0.000000    0.00        66.81       33.19
2026-05-06 01:45:00 UTCNILUSDT     0.040580      57.34     352         40124653.000000 68571.300000  0.17        2.625800    0.011800    0.45        72.42       27.58       3.684800    0.002400    0.07        78.65       21.35       2.003000    -0.010000   -0.50       66.70       33.30
2026-05-06 01:50:00 UTCNILUSDT     0.040600      58.09     362         40113163.000000 -11490.000000 -0.03       2.632400    0.006600    0.25        72.47       27.53       3.685900    0.001100    0.03        78.66       21.34       2.005700    0.002700    0.13        66.73       33.27
2026-05-06 01:55:00 UTCNILUSDT     0.040770      63.89     574         40099959.900000 -13203.100000 -0.03       2.640300    0.007900    0.30        72.53       27.47       3.684500    -0.001400   -0.04       78.65       21.35       2.011100    0.005400    0.27        66.79       33.21
2026-05-06 02:00:00 UTCNILUSDT     0.040630      56.91     419         40255006.300000 155046.400000 0.39        2.608800    -0.031500   -1.19       72.29       27.71       3.707300    0.022800    0.62        78.76       21.24       1.979700    -0.031400   -1.56       66.44       33.56
2026-05-06 02:05:00 UTCNILUSDT     0.040730      60.25     319         40142147.300000 -112859.000000-0.28       2.601000    -0.007800   -0.30       72.23       27.77       3.699800    -0.007500   -0.20       78.72       21.28       1.977100    -0.002600   -0.13       66.41       33.59
2026-05-06 02:10:00 UTCNILUSDT     0.040790      62.14     118         40055372.400000 -86774.900000 -0.22       2.614000    0.013000    0.50        72.33       27.67       3.729500    0.029700    0.80        78.86       21.14       1.970000    -0.007100   -0.36       66.33       33.67
2026-05-06 02:15:00 UTCNILUSDT     0.040640      55.07     120         40081539.000000 26166.600000  0.07        2.607500    -0.006500   -0.25       72.28       27.72       3.734400    0.004900    0.13        78.88       21.12       1.968200    -0.001800   -0.09       66.31       33.69
2026-05-06 02:20:00 UTCNILUSDT     0.040610      53.75     64          40063706.200000 -17832.800000 -0.04       2.611400    0.003900    0.15        72.31       27.69       3.732900    -0.001500   -0.04       78.87       21.13       1.971800    0.003600    0.18        66.35       33.65
2026-05-06 02:25:00 UTCNILUSDT     0.040350      43.94     234         40057647.100000 -6059.100000  -0.02       2.615300    0.003900    0.15        72.34       27.66       3.732600    -0.000300   -0.01       78.87       21.13       1.972700    0.000900    0.05        66.36       33.64
2026-05-06 02:30:00 UTCNILUSDT     0.040300      42.34     183         39952484.600000 -105162.500000-0.26       2.644300    0.029000    1.11        72.56       27.44       3.718700    -0.013900   -0.37       78.81       21.19       2.034900    0.062200    3.15        67.05       32.95
2026-05-06 02:35:00 UTCNILUSDT     0.040300      42.34     229         39954068.600000 1584.000000   0.00        2.656300    0.012000    0.45        72.65       27.35       3.728400    0.009700    0.26        78.85       21.15       2.034900    0.000000    0.00        67.05       32.95
2026-05-06 02:40:00 UTCNILUSDT     0.040300      42.34     83          40001663.300000 47594.700000  0.12        2.652300    -0.004000   -0.15       72.62       27.38       3.722000    -0.006400   -0.17       78.82       21.18       2.036700    0.001800    0.09        67.07       32.93
2026-05-06 02:45:00 UTCNILUSDT     0.040430      48.44     117         40005662.600000 3999.300000   0.01        2.661700    0.009400    0.35        72.69       27.31       3.721000    -0.001000   -0.03       78.82       21.18       2.040400    0.003700    0.18        67.11       32.89
2026-05-06 02:50:00 UTCNILUSDT     0.040430      48.44     114         40042380.600000 36718.000000  0.09        2.665700    0.004000    0.15        72.72       27.28       3.725300    0.004300    0.12        78.84       21.16       2.037700    -0.002700   -0.13       67.08       32.92
2026-05-06 02:55:00 UTCNILUSDT     0.040510      52.06     74          40053775.000000 11394.400000  0.03        2.679200    0.013500    0.51        72.82       27.18       3.724800    -0.000500   -0.01       78.84       21.16       2.034000    -0.003700   -0.18       67.04       32.96
2026-05-06 03:00:00 UTCNILUSDT     0.040320      44.13     265         40063069.300000 9294.300000   0.02        2.677800    -0.001400   -0.05       72.81       27.19       3.724400    -0.000400   -0.01       78.83       21.17       2.030300    -0.003700   -0.18       67.00       33.00
2026-05-06 03:05:00 UTCNILUSDT     0.040230      40.95     335         40112967.400000 49898.100000  0.12        2.683200    0.005400    0.20        72.85       27.15       3.703400    -0.021000   -0.56       78.74       21.26       2.040400    0.010100    0.50        67.11       32.89
2026-05-06 03:10:00 UTCNILUSDT     0.040210      40.26     168         40210546.100000 97578.700000  0.24        2.679200    -0.004000   -0.15       72.82       27.18       3.674100    -0.029300   -0.79       78.61       21.39       2.039500    -0.000900   -0.04       67.10       32.90
2026-05-06 03:15:00 UTCNILUSDT     0.040240      41.85     141         40249932.500000 39386.400000  0.10        2.677800    -0.001400   -0.05       72.81       27.19       3.671300    -0.002800   -0.08       78.59       21.41       2.043200    0.003700    0.18        67.14       32.86
2026-05-06 03:20:00 UTCNILUSDT     0.040660      58.52     414         40249142.600000 -789.900000   -0.00       2.668400    -0.009400   -0.35       72.74       27.26       3.669600    -0.001700   -0.05       78.58       21.42       2.011100    -0.032100   -1.57       66.79       33.21
2026-05-06 03:25:00 UTCNILUSDT     0.040640      57.67     135         40387797.600000 138655.000000 0.34        2.633700    -0.034700   -1.30       72.48       27.52       3.708200    0.038600    1.05        78.76       21.24       1.949900    -0.061200   -3.04       66.10       33.90
2026-05-06 03:30:00 UTCNILUSDT     0.040630      57.23     216         40391649.500000 3851.900000   0.01        2.641700    0.008000    0.30        72.54       27.46       3.700300    -0.007900   -0.21       78.72       21.28       1.952500    0.002600    0.13        66.13       33.87
2026-05-06 03:35:00 UTCNILUSDT     0.040620      56.75     91          40428934.300000 37284.800000  0.09        2.628400    -0.013300   -0.50       72.44       27.56       3.647000    -0.053300   -1.44       78.48       21.52       1.954200    0.001700    0.09        66.15       33.85
2026-05-06 03:40:00 UTCNILUSDT     0.040590      55.28     130         40432924.400000 3990.100000   0.01        2.628400    0.000000    0.00        72.44       27.56       3.649300    0.002300    0.06        78.49       21.51       1.952500    -0.001700   -0.09       66.13       33.87
2026-05-06 03:45:00 UTCNILUSDT     0.040490      50.56     168         40454425.000000 21500.600000  0.05        2.639000    0.010600    0.40        72.52       27.48       3.648800    -0.000500   -0.01       78.49       21.51       1.952500    0.000000    0.00        66.13       33.87
2026-05-06 03:50:00 UTCNILUSDT     0.040600      55.10     146         40405819.100000 -48605.900000 -0.12       2.641700    0.002700    0.10        72.54       27.46       3.640500    -0.008300   -0.23       78.45       21.55       1.979700    0.027200    1.39        66.44       33.56
2026-05-06 03:55:00 UTCNILUSDT     0.040560      53.19     74          40368047.200000 -37771.900000 -0.09       2.645600    0.003900    0.15        72.57       27.43       3.649200    0.008700    0.24        78.49       21.51       1.972700    -0.007000   -0.35       66.36       33.64
2026-05-06 04:00:00 UTCNILUSDT     0.040480      49.48     154         40419452.800000 51405.600000  0.13        2.641700    -0.003900   -0.15       72.54       27.46       3.655100    0.005900    0.16        78.52       21.48       1.970000    -0.002700   -0.14       66.33       33.67
2026-05-06 04:05:00 UTCNILUSDT     0.040450      48.13     88          40393123.400000 -26329.400000 -0.07       2.648300    0.006600    0.25        72.59       27.41       3.652400    -0.002700   -0.07       78.51       21.49       1.977100    0.007100    0.36        66.41       33.59
2026-05-06 04:10:00 UTCNILUSDT     0.040370      44.63     278         40379201.700000 -13921.700000 -0.03       2.645600    -0.002700   -0.10       72.57       27.43       3.654100    0.001700    0.05        78.51       21.49       1.978000    0.000900    0.05        66.42       33.58
2026-05-06 04:15:00 UTCNILUSDT     0.040350      43.77     257         40340313.800000 -38887.900000 -0.10       2.652300    0.006700    0.25        72.62       27.38       3.646600    -0.007500   -0.21       78.48       21.52       1.985100    0.007100    0.36        66.50       33.50
2026-05-06 04:20:00 UTCNILUSDT     0.040330      42.88     102         40284369.800000 -55944.000000 -0.14       2.659000    0.006700    0.25        72.67       27.33       3.641200    -0.005400   -0.15       78.45       21.55       1.994900    0.009800    0.49        66.61       33.39
2026-05-06 04:25:00 UTCNILUSDT     0.040240      39.04     157         40268725.600000 -15644.200000 -0.04       2.656300    -0.002700   -0.10       72.65       27.35       3.646000    0.004800    0.13        78.48       21.52       1.997600    0.002700    0.14        66.64       33.36
2026-05-06 04:30:00 UTCNILUSDT     0.040170      36.32     132         40286371.600000 17646.000000  0.04        2.636400    -0.019900   -0.75       72.50       27.50       3.639700    -0.006300   -0.17       78.45       21.55       1.982400    -0.015200   -0.76       66.47       33.53
2026-05-06 04:35:00 UTCNILUSDT     0.040020      31.29     173         40290838.900000 4467.300000   0.01        2.632400    -0.004000   -0.15       72.47       27.53       3.639400    -0.000300   -0.01       78.45       21.55       1.975300    -0.007100   -0.36       66.39       33.61
2026-05-06 04:40:00 UTCNILUSDT     0.039970      29.80     395         40257115.300000 -33723.600000 -0.08       2.656300    0.023900    0.91        72.65       27.35       3.629300    -0.010100   -0.28       78.40       21.60       1.986900    0.011600    0.59        66.52       33.48
2026-05-06 04:45:00 UTCNILUSDT     0.040170      41.71     132         40012772.700000 -244342.600000-0.61       2.698200    0.041900    1.58        72.96       27.04       3.617100    -0.012200   -0.34       78.34       21.66       2.076000    0.089100    4.48        67.49       32.51
2026-05-06 04:50:00 UTCNILUSDT     0.039990      35.82     263         40009251.400000 -3521.300000  -0.01       2.705100    0.006900    0.26        73.01       26.99       3.625600    0.008500    0.23        78.38       21.62       2.072200    -0.003800   -0.18       67.45       32.55
2026-05-06 04:55:00 UTCNILUSDT     0.039960      34.93     96          39990463.700000 -18787.700000 -0.05       2.692800    -0.012300   -0.45       72.92       27.08       3.634300    0.008700    0.24        78.42       21.58       2.062800    -0.009400   -0.45       67.35       32.65
2026-05-06 05:00:00 UTCNILUSDT     0.039880      32.62     269         39980727.100000 -9736.600000  -0.02       2.691400    -0.001400   -0.05       72.91       27.09       3.632100    -0.002200   -0.06       78.41       21.59       2.062800    0.000000    0.00        67.35       32.65
2026-05-06 05:05:00 UTCNILUSDT     0.039830      31.23     107         39943386.500000 -37340.600000 -0.09       2.684600    -0.006800   -0.25       72.86       27.14       3.629400    -0.002700   -0.07       78.40       21.60       2.065600    0.002800    0.14        67.38       32.62
2026-05-06 05:10:00 UTCNILUSDT     0.039910      35.94     97          39941398.400000 -1988.100000  -0.00       2.677800    -0.006800   -0.25       72.81       27.19       3.629700    0.000300    0.01        78.40       21.60       2.056200    -0.009400   -0.46       67.28       32.72
2026-05-06 05:15:00 UTCNILUSDT     0.039880      34.97     109         39945479.000000 4080.600000   0.01        2.692800    0.015000    0.56        72.92       27.08       3.623800    -0.005900   -0.16       78.37       21.63       2.058100    0.001900    0.09        67.30       32.70
2026-05-06 05:20:00 UTCNILUSDT     0.040150      48.43     330         39929260.000000 -16219.000000 -0.04       2.703700    0.010900    0.40        73.00       27.00       3.651100    0.027300    0.75        78.50       21.50       2.061800    0.003700    0.18        67.34       32.66
2026-05-06 05:25:00 UTCNILUSDT     0.040170      49.27     227         39925476.400000 -3783.600000  -0.01       2.681900    -0.021800   -0.81       72.84       27.16       3.679700    0.028600    0.78        78.63       21.37       2.033100    -0.028700   -1.39       67.03       32.97
2026-05-06 05:30:00 UTCNILUSDT     0.040150      48.42     112         40085992.600000 160516.200000 0.40        2.677800    -0.004100   -0.15       72.81       27.19       3.712600    0.032900    0.89        78.78       21.22       2.007500    -0.025600   -1.26       66.75       33.25
2026-05-06 05:35:00 UTCNILUSDT     0.039890      39.03     404         40060970.500000 -25022.100000 -0.06       2.675100    -0.002700   -0.10       72.79       27.21       3.721800    0.009200    0.25        78.82       21.18       2.005700    -0.001800   -0.09       66.73       33.27
2026-05-06 05:40:00 UTCNILUSDT     0.040070      46.73     136         40127635.100000 66664.600000  0.17        2.683200    0.008100    0.30        72.85       27.15       3.728300    0.006500    0.17        78.85       21.15       2.024800    0.019100    0.95        66.94       33.06
2026-05-06 05:45:00 UTCNILUSDT     0.040150      49.77     107         40128376.600000 741.500000    0.00        2.663000    -0.020200   -0.75       72.70       27.30       3.731100    0.002800    0.08        78.86       21.14       2.010200    -0.014600   -0.72       66.78       33.22
2026-05-06 05:50:00 UTCNILUSDT     0.040130      49.02     62          40129757.600000 1381.000000   0.00        2.636400    -0.026600   -1.00       72.50       27.50       3.727700    -0.003400   -0.09       78.85       21.15       2.008400    -0.001800   -0.09       66.76       33.24
2026-05-06 05:55:00 UTCNILUSDT     0.040180      51.01     77          40126403.100000 -3354.500000  -0.01       2.648300    0.011900    0.45        72.59       27.41       3.727000    -0.000700   -0.02       78.84       21.16       2.015700    0.007300    0.36        66.84       33.16
2026-05-06 06:00:00 UTCNILUSDT     0.040300      55.51     166         40136640.200000 10237.100000  0.03        2.644300    -0.004000   -0.15       72.56       27.44       3.725100    -0.001900   -0.05       78.84       21.16       2.007500    -0.008200   -0.41       66.75       33.25
2026-05-06 06:05:00 UTCNILUSDT     0.040220      52.08     129         40137548.700000 908.500000    0.00        2.668400    0.024100    0.91        72.74       27.26       3.739400    0.014300    0.38        78.90       21.10       2.011100    0.003600    0.18        66.79       33.21
2026-05-06 06:10:00 UTCNILUSDT     0.040210      51.65     156         40119650.900000 -17897.800000 -0.04       2.663000    -0.005400   -0.20       72.70       27.30       3.737000    -0.002400   -0.06       78.89       21.11       2.014800    0.003700    0.18        66.83       33.17
2026-05-06 06:15:00 UTCNILUSDT     0.040220      52.07     89          40165524.700000 45873.800000  0.11        2.652300    -0.010700   -0.40       72.62       27.38       3.752400    0.015400    0.41        78.96       21.04       2.008400    -0.006400   -0.32       66.76       33.24
2026-05-06 06:20:00 UTCNILUSDT     0.040260      53.83     216         40154604.800000 -10919.900000 -0.03       2.660300    0.008000    0.30        72.68       27.32       3.752400    0.000000    0.00        78.96       21.04       2.008400    0.000000    0.00        66.76       33.24
2026-05-06 06:25:00 UTCNILUSDT     0.040490      62.35     290         40167111.300000 12506.500000  0.03        2.651000    -0.009300   -0.35       72.61       27.39       3.748900    -0.003500   -0.09       78.94       21.06       2.005700    -0.002700   -0.13       66.73       33.27
2026-05-06 06:30:00 UTCNILUSDT     0.040500      62.68     192         40169389.000000 2277.700000   0.01        2.645600    -0.005400   -0.20       72.57       27.43       3.745700    -0.003200   -0.09       78.93       21.07       1.981500    -0.024200   -1.21       66.46       33.54
2026-05-06 06:35:00 UTCNILUSDT     0.040800      70.77     266         40137268.100000 -32120.900000 -0.08       2.644300    -0.001300   -0.05       72.56       27.44       3.739500    -0.006200   -0.17       78.90       21.10       1.998500    0.017000    0.86        66.65       33.35
2026-05-06 06:40:00 UTCNILUSDT     0.041630      82.25     2397        40096535.500000 -40732.600000 -0.10       2.628400    -0.015900   -0.60       72.44       27.56       3.723900    -0.015600   -0.42       78.83       21.17       1.978000    -0.020500   -1.03       66.42       33.58
2026-05-06 06:45:00 UTCNILUSDT     0.041710      82.94     1184        41200564.200000 1104028.7000002.75        2.508800    -0.119600   -4.55       71.50       28.50       3.824800    0.100900    2.71        79.27       20.73       1.854700    -0.123300   -6.23       64.97       35.03
2026-05-06 06:50:00 UTCNILUSDT     0.041910      84.57     1530        41562340.600000 361776.400000 0.88        2.531100    0.022300    0.89        71.68       28.32       3.852700    0.027900    0.73        79.39       20.61       1.845000    -0.009700   -0.52       64.85       35.15
2026-05-06 06:55:00 UTCNILUSDT     0.041890      83.71     513         41521804.500000 -40536.100000 -0.10       2.546100    0.015000    0.59        71.80       28.20       3.868000    0.015300    0.40        79.46       20.54       1.875200    0.030200    1.64        65.22       34.78
2026-05-06 07:00:00 UTCNILUSDT     0.041930      84.06     872         41613880.100000 92075.600000  0.22        2.560000    0.013900    0.55        71.91       28.09       3.880500    0.012500    0.32        79.51       20.49       1.886800    0.011600    0.62        65.36       34.64
2026-05-06 07:05:00 UTCNILUSDT     0.042110      85.56     486         41761409.000000 147528.900000 0.35        2.574000    0.014000    0.55        72.02       27.98       3.904800    0.024300    0.63        79.61       20.39       1.895200    0.008400    0.45        65.46       34.54
2026-05-06 07:10:00 UTCNILUSDT     0.041990      80.14     251         41758939.500000 -2469.500000  -0.01       2.560000    -0.014000   -0.54       71.91       28.09       3.869300    -0.035500   -0.91       79.46       20.54       1.887700    -0.007500   -0.40       65.37       34.63
2026-05-06 07:15:00 UTCNILUSDT     0.042300      83.12     559         41711701.800000 -47237.700000 -0.11       2.567600    0.007600    0.30        71.97       28.03       3.869700    0.000400    0.01        79.46       20.54       1.899400    0.011700    0.62        65.51       34.49
2026-05-06 07:20:00 UTCNILUSDT     0.042570      85.19     847         41716174.600000 4472.800000   0.01        2.565100    -0.002500   -0.10       71.95       28.05       3.890800    0.021100    0.55        79.55       20.45       1.890200    -0.009200   -0.48       65.40       34.60
2026-05-06 07:25:00 UTCNILUSDT     0.042540      83.96     562         42494642.400000 778467.800000 1.87        2.510000    -0.055100   -2.15       71.51       28.49       3.948200    0.057400    1.48        79.79       20.21       1.856300    -0.033900   -1.79       64.99       35.01
2026-05-06 07:30:00 UTCNILUSDT     0.042530      83.52     850         42470494.800000 -24147.600000 -0.06       2.500200    -0.009800   -0.39       71.43       28.57       3.952900    0.004700    0.12        79.81       20.19       1.855500    -0.000800   -0.04       64.98       35.02
2026-05-06 07:35:00 UTCNILUSDT     0.041670      56.43     2094        42201256.100000 -269238.700000-0.63       2.488000    -0.012200   -0.49       71.33       28.67       3.943800    -0.009100   -0.23       79.77       20.23       1.858000    0.002500    0.13        65.01       34.99
2026-05-06 07:40:00 UTCNILUSDT     0.041630      55.53     1086        41737882.200000 -463373.900000-1.10       2.595800    0.107800    4.33        72.19       27.81       3.509900    -0.433900   -11.00      77.83       22.17       1.987800    0.129800    6.99        66.53       33.47
2026-05-06 07:45:00 UTCNILUSDT     0.042720      69.73     1717        41427540.800000 -310341.400000-0.74       2.631100    0.035300    1.36        72.46       27.54       3.558700    0.048800    1.39        78.06       21.94       2.029400    0.041600    2.09        66.99       33.01
2026-05-06 07:50:00 UTCNILUSDT     0.043220      73.85     3283        41609539.300000 181998.500000 0.44        2.480700    -0.150400   -5.72       71.27       28.73       3.829500    0.270800    7.61        79.29       20.71       1.881000    -0.148400   -7.31       65.29       34.71
2026-05-06 07:55:00 UTCNILUSDT     0.043280      74.31     1440        43665386.300000 2055847.0000004.94        2.543600    0.062900    2.54        71.78       28.22       3.674700    -0.154800   -4.04       78.61       21.39       1.840100    -0.040900   -2.17       64.79       35.21
2026-05-06 08:00:00 UTCNILUSDT     0.043940      78.68     1690        43843947.700000 178561.400000 0.41        2.557500    0.013900    0.55        71.89       28.11       3.630500    -0.044200   -1.20       78.40       21.60       1.859600    0.019500    1.06        65.03       34.97
2026-05-06 08:05:00 UTCNILUSDT     0.043640      72.63     9053        44419953.000000 576005.300000 1.31        2.454200    -0.103300   -4.04       71.05       28.95       3.760400    0.129900    3.58        78.99       21.01       1.791000    -0.068600   -3.69       64.17       35.83
2026-05-06 08:10:00 UTCNILUSDT     0.042990      61.58     1857        45051359.600000 631406.600000 1.42        2.301400    -0.152800   -6.23       69.71       30.29       3.621200    -0.139200   -3.70       78.36       21.64       1.744200    -0.046800   -2.61       63.56       36.44
2026-05-06 08:15:00 UTCNILUSDT     0.043100      62.62     2551        45173791.900000 122432.300000 0.27        2.354600    0.053200    2.31        70.19       29.81       3.572400    -0.048800   -1.35       78.13       21.87       1.816900    0.072700    4.17        64.50       35.50
2026-05-06 08:20:00 UTCNILUSDT     0.043320      64.67     2110        45003630.200000 -170161.700000-0.38       2.460200    0.105600    4.48        71.10       28.90       3.531900    -0.040500   -1.13       77.93       22.07       1.907800    0.090900    5.00        65.61       34.39
2026-05-06 08:25:00 UTCNILUSDT     0.043070      60.60     1920        44716039.800000 -287590.400000-0.64       2.378400    -0.081800   -3.32       70.40       29.60       3.577600    0.045700    1.29        78.15       21.85       1.791700    -0.116100   -6.09       64.18       35.82
2026-05-06 08:30:00 UTCNILUSDT     0.043310      63.01     2810        44034786.400000 -681253.400000-1.52       2.447100    0.068700    2.89        70.99       29.01       3.570300    -0.007300   -0.20       78.12       21.88       1.840100    0.048400    2.70        64.79       35.21
2026-05-06 08:35:00 UTCNILUSDT     0.043450      64.38     1914        44048084.500000 13298.100000  0.03        2.478300    0.031200    1.27        71.25       28.75       3.553200    -0.017100   -0.48       78.04       21.96       1.851400    0.011300    0.61        64.93       35.07
2026-05-06 08:40:00 UTCNILUSDT     0.042930      56.08     2057        44286675.400000 238590.900000 0.54        2.453000    -0.025300   -1.02       71.04       28.96       3.466700    -0.086500   -2.43       77.61       22.39       1.816100    -0.035300   -1.91       64.49       35.51
2026-05-06 08:45:00 UTCNILUSDT     0.043290      59.93     1936        44500442.300000 213766.900000 0.48        2.496500    0.043500    1.77        71.40       28.60       3.283100    -0.183600   -5.30       76.65       23.35       1.925700    0.109600    6.03        65.82       34.18
2026-05-06 08:50:00 UTCNILUSDT     0.043140      57.66     713         44038774.100000 -461668.200000-1.04       2.376100    -0.120400   -4.82       70.38       29.62       3.438700    0.155600    4.74        77.47       22.53       1.831300    -0.094400   -4.90       64.68       35.32
2026-05-06 08:55:00 UTCNILUSDT     0.042970      55.12     1095        44084071.600000 45297.500000  0.10        2.358000    -0.018100   -0.76       70.22       29.78       3.387100    -0.051600   -1.50       77.21       22.79       1.804300    -0.027000   -1.47       64.34       35.66
2026-05-06 09:00:00 UTCNILUSDT     0.043370      59.63     1227        43887458.100000 -196613.500000-0.45       2.428200    0.070200    2.98        70.83       29.17       3.435200    0.048100    1.42        77.45       22.55       1.853100    0.048800    2.70        64.95       35.05
2026-05-06 09:05:00 UTCNILUSDT     0.043150      56.28     558         44132038.500000 244580.400000 0.56        2.370400    -0.057800   -2.38       70.33       29.67       3.484700    0.049500    1.44        77.70       22.30       1.812900    -0.040200   -2.17       64.45       35.55
2026-05-06 09:10:00 UTCNILUSDT     0.043060      54.92     538         44161396.900000 29358.400000  0.07        2.359100    -0.011300   -0.48       70.23       29.77       3.471800    -0.012900   -0.37       77.64       22.36       1.812100    -0.000800   -0.04       64.44       35.56
2026-05-06 09:15:00 UTCNILUSDT     0.042960      53.38     638         44206724.100000 45327.200000  0.10        2.359100    0.000000    0.00        70.23       29.77       3.470600    -0.001200   -0.03       77.63       22.37       1.821700    0.009600    0.53        64.56       35.44
2026-05-06 09:20:00 UTCNILUSDT     0.042920      52.74     702         44128932.800000 -77791.300000 -0.18       2.362500    0.003400    0.14        70.26       29.74       3.473900    0.003300    0.10        77.65       22.35       1.830500    0.008800    0.48        64.67       35.33
2026-05-06 09:25:00 UTCNILUSDT     0.042880      52.07     414         44034408.500000 -94524.300000 -0.21       2.400200    0.037700    1.60        70.59       29.41       3.464200    -0.009700   -0.28       77.60       22.40       1.875200    0.044700    2.44        65.22       34.78
2026-05-06 09:30:00 UTCNILUSDT     0.043120      55.71     531         43902203.300000 -132205.200000-0.30       2.418800    0.018600    0.77        70.75       29.25       3.455600    -0.008600   -0.25       77.56       22.44       1.888500    0.013300    0.71        65.38       34.62
2026-05-06 09:35:00 UTCNILUSDT     0.042920      52.15     408         43986437.200000 84233.900000  0.19        2.402500    -0.016300   -0.67       70.61       29.39       3.479100    0.023500    0.68        77.67       22.33       1.861200    -0.027300   -1.45       65.05       34.95
2026-05-06 09:40:00 UTCNILUSDT     0.042980      53.12     260         43955320.100000 -31117.100000 -0.07       2.413000    0.010500    0.44        70.70       29.30       3.498700    0.019600    0.56        77.77       22.23       1.871100    0.009900    0.53        65.17       34.83
2026-05-06 09:45:00 UTCNILUSDT     0.043160      55.99     165         43803158.300000 -152161.800000-0.35       2.395600    -0.017400   -0.72       70.55       29.45       3.477400    -0.021300   -0.61       77.67       22.33       1.862000    -0.009100   -0.49       65.06       34.94
2026-05-06 09:50:00 UTCNILUSDT     0.043290      57.99     327         43813537.800000 10379.500000  0.02        2.388700    -0.006900   -0.29       70.49       29.51       3.473300    -0.004100   -0.12       77.65       22.35       1.853900    -0.008100   -0.44       64.96       35.04
2026-05-06 09:55:00 UTCNILUSDT     0.043190      55.89     130         43749227.200000 -64310.600000 -0.15       2.421100    0.032400    1.36        70.77       29.23       3.476500    0.003200    0.09        77.66       22.34       1.883500    0.029600    1.60        65.32       34.68
2026-05-06 10:00:00 UTCNILUSDT     0.043120      54.40     809         43711073.700000 -38153.500000 -0.09       2.415300    -0.005800   -0.24       70.72       29.28       3.477700    0.001200    0.03        77.67       22.33       1.883500    0.000000    0.00        65.32       34.68
2026-05-06 10:05:00 UTCNILUSDT     0.043010      52.05     285         43590011.500000 -121062.200000-0.28       2.413000    -0.002300   -0.10       70.70       29.30       3.465900    -0.011800   -0.34       77.61       22.39       1.867800    -0.015700   -0.83       65.13       34.87
2026-05-06 10:10:00 UTCNILUSDT     0.043140      54.55     207         43592581.400000 2569.900000   0.01        2.402500    -0.010500   -0.44       70.61       29.39       3.476600    0.010700    0.31        77.66       22.34       1.858000    -0.009800   -0.52       65.01       34.99
2026-05-06 10:15:00 UTCNILUSDT     0.042960      50.62     578         43614628.900000 22047.500000  0.05        2.400200    -0.002300   -0.10       70.59       29.41       3.476000    -0.000600   -0.02       77.66       22.34       1.850600    -0.007400   -0.40       64.92       35.08
2026-05-06 10:20:00 UTCNILUSDT     0.043050      52.46     188         43486614.600000 -128014.300000-0.29       2.432900    0.032700    1.36        70.87       29.13       3.460900    -0.015100   -0.43       77.58       22.42       1.906100    0.055500    3.00        65.59       34.41
2026-05-06 10:25:00 UTCNILUSDT     0.042980      50.87     161         43446568.600000 -40046.000000 -0.09       2.437600    0.004700    0.19        70.91       29.09       3.452500    -0.008400   -0.24       77.54       22.46       1.912900    0.006800    0.36        65.67       34.33
2026-05-06 10:30:00 UTCNILUSDT     0.042930      49.71     165         43422364.900000 -24203.700000 -0.06       2.414100    -0.023500   -0.96       70.71       29.29       3.453100    0.000600    0.02        77.54       22.46       1.894400    -0.018500   -0.97       65.45       34.55
2026-05-06 10:35:00 UTCNILUSDT     0.042910      49.23     212         43395807.700000 -26557.200000 -0.06       2.401400    -0.012700   -0.53       70.60       29.40       3.463200    0.010100    0.29        77.59       22.41       1.883500    -0.010900   -0.58       65.32       34.68
2026-05-06 10:40:00 UTCNILUSDT     0.042780      46.09     459         43371032.200000 -24775.500000 -0.06       2.410600    0.009200    0.38        70.68       29.32       3.462700    -0.000500   -0.01       77.59       22.41       1.872700    -0.010800   -0.57       65.19       34.81
2026-05-06 10:45:00 UTCNILUSDT     0.042810      46.93     127         43366493.000000 -4539.200000  -0.01       2.421100    0.010500    0.44        70.77       29.23       3.462400    -0.000300   -0.01       77.59       22.41       1.871100    -0.001600   -0.09       65.17       34.83
2026-05-06 10:50:00 UTCNILUSDT     0.042850      48.09     186         43334493.600000 -31999.400000 -0.07       2.418800    -0.002300   -0.09       70.75       29.25       3.460300    -0.002100   -0.06       77.58       22.42       1.876000    0.004900    0.26        65.23       34.77
2026-05-06 10:55:00 UTCNILUSDT     0.043080      54.29     366         43303655.200000 -30838.400000 -0.07       2.410600    -0.008200   -0.34       70.68       29.32       3.461900    0.001600    0.05        77.59       22.41       1.862900    -0.013100   -0.70       65.07       34.93
2026-05-06 11:00:00 UTCNILUSDT     0.042980      51.42     307         43392567.700000 88912.500000  0.21        2.400200    -0.010400   -0.43       70.59       29.41       3.472600    0.010700    0.31        77.64       22.36       1.838500    -0.024400   -1.31       64.77       35.23
2026-05-06 11:05:00 UTCNILUSDT     0.043170      56.17     254         43337562.600000 -55005.100000 -0.13       2.389800    -0.010400   -0.43       70.50       29.50       3.484700    0.012100    0.35        77.70       22.30       1.840100    0.001600    0.09        64.79       35.21
2026-05-06 11:10:00 UTCNILUSDT     0.043440      61.87     759         43391110.000000 53547.400000  0.12        2.373800    -0.016000   -0.67       70.36       29.64       3.493300    0.008600    0.25        77.74       22.26       1.810600    -0.029500   -1.60       64.42       35.58
2026-05-06 11:15:00 UTCNILUSDT     0.043110      52.82     542         43620893.700000 229783.700000 0.53        2.364700    -0.009100   -0.38       70.28       29.72       3.500400    0.007100    0.20        77.78       22.22       1.773200    -0.037400   -2.07       63.94       36.06
2026-05-06 11:20:00 UTCNILUSDT     0.043090      52.32     320         43562536.800000 -58356.900000 -0.13       2.406000    0.041300    1.75        70.64       29.36       3.510100    0.009700    0.28        77.83       22.17       1.809800    0.036600    2.06        64.41       35.59
2026-05-06 11:25:00 UTCNILUSDT     0.042970      49.31     144         43605387.600000 42850.800000  0.10        2.402500    -0.003500   -0.15       70.61       29.39       3.526500    0.016400    0.47        77.91       22.09       1.804300    -0.005500   -0.30       64.34       35.66
2026-05-06 11:30:00 UTCNILUSDT     0.042890      47.35     272         43568452.700000 -36934.900000 -0.08       2.402500    0.000000    0.00        70.61       29.39       3.529000    0.002500    0.07        77.92       22.08       1.808200    0.003900    0.22        64.39       35.61
2026-05-06 11:35:00 UTCNILUSDT     0.042840      46.12     202         43576726.600000 8273.900000   0.02        2.418800    0.016300    0.68        70.75       29.25       3.511500    -0.017500   -0.50       77.83       22.17       1.832100    0.023900    1.32        64.69       35.31
2026-05-06 11:40:00 UTCNILUSDT     0.042740      43.67     535         43398567.800000 -178158.800000-0.41       2.411800    -0.007000   -0.29       70.69       29.31       3.507500    -0.004000   -0.11       77.81       22.19       1.830500    -0.001600   -0.09       64.67       35.33
2026-05-06 11:45:00 UTCNILUSDT     0.042580      40.01     440         43037571.400000 -360996.400000-0.83       2.407200    -0.004600   -0.19       70.65       29.35       3.499700    -0.007800   -0.22       77.78       22.22       1.814500    -0.016000   -0.87       64.47       35.53
2026-05-06 11:50:00 UTCNILUSDT     0.042620      41.34     281         42972501.800000 -65069.600000 -0.15       2.411800    0.004600    0.19        70.69       29.31       3.503600    0.003900    0.11        77.80       22.20       1.828900    0.014400    0.79        64.65       35.35
2026-05-06 11:55:00 UTCNILUSDT     0.042760      45.84     224         42904091.300000 -68410.500000 -0.16       2.416500    0.004700    0.19        70.73       29.27       3.501500    -0.002100   -0.06       77.78       22.22       1.831300    0.002400    0.13        64.68       35.32
2026-05-06 12:00:00 UTCNILUSDT     0.042740      45.31     252         42936945.500000 32854.200000  0.08        2.421100    0.004600    0.19        70.77       29.23       3.499700    -0.001800   -0.05       77.78       22.22       1.828100    -0.003200   -0.17       64.64       35.36
2026-05-06 12:05:00 UTCNILUSDT     0.042640      42.63     160         42954180.500000 17235.000000  0.04        2.418800    -0.002300   -0.09       70.75       29.25       3.510700    0.011000    0.31        77.83       22.17       1.823300    -0.004800   -0.26       64.58       35.42
2026-05-06 12:10:00 UTCNILUSDT     0.042630      42.36     318         42968006.100000 13825.600000  0.03        2.416500    -0.002300   -0.10       70.73       29.27       3.513100    0.002400    0.07        77.84       22.16       1.821700    -0.001600   -0.09       64.56       35.44
2026-05-06 12:15:00 UTCNILUSDT     0.042580      40.96     339         42939790.700000 -28215.400000 -0.07       2.407200    -0.009300   -0.38       70.65       29.35       3.506600    -0.006500   -0.19       77.81       22.19       1.813700    -0.008000   -0.44       64.46       35.54
2026-05-06 12:20:00 UTCNILUSDT     0.042620      42.59     288         42985816.100000 46025.400000  0.11        2.427000    0.019800    0.82        70.82       29.18       3.499000    -0.007600   -0.22       77.77       22.23       1.828100    0.014400    0.79        64.64       35.36
2026-05-06 12:25:00 UTCNILUSDT     0.042780      48.69     182         43048284.500000 62468.400000  0.15        2.418800    -0.008200   -0.34       70.75       29.25       3.509200    0.010200    0.29        77.82       22.18       1.821700    -0.006400   -0.35       64.56       35.44
2026-05-06 12:30:00 UTCNILUSDT     0.042720      46.69     147         43059160.200000 10875.700000  0.03        2.425800    0.007000    0.29        70.81       29.19       3.500600    -0.008600   -0.25       77.78       22.22       1.833700    0.012000    0.66        64.71       35.29
2026-05-06 12:35:00 UTCNILUSDT     0.042770      48.59     146         43073081.900000 13921.700000  0.03        2.427000    0.001200    0.05        70.82       29.18       3.506300    0.005700    0.16        77.81       22.19       1.836100    0.002400    0.13        64.74       35.26
2026-05-06 12:40:00 UTCNILUSDT     0.042760      48.22     89          43062426.600000 -10655.300000 -0.02       2.437600    0.010600    0.44        70.91       29.09       3.500400    -0.005900   -0.17       77.78       22.22       1.835300    -0.000800   -0.04       64.73       35.27
2026-05-06 12:45:00 UTCNILUSDT     0.042760      48.22     130         43044817.300000 -17609.300000 -0.04       2.435200    -0.002400   -0.10       70.89       29.11       3.499800    -0.000600   -0.02       77.78       22.22       1.831300    -0.004000   -0.22       64.68       35.32
2026-05-06 12:50:00 UTCNILUSDT     0.042780      49.12     442         42972914.200000 -71903.100000 -0.17       2.443500    0.008300    0.34        70.96       29.04       3.500100    0.000300    0.01        77.78       22.22       1.834500    0.003200    0.17        64.72       35.28
2026-05-06 12:55:00 UTCNILUSDT     0.042820      50.95     182         42760654.300000 -212259.900000-0.49       2.459000    0.015500    0.63        71.09       28.91       3.501700    0.001600    0.05        77.79       22.21       1.863700    0.029200    1.59        65.08       34.92
2026-05-06 13:00:00 UTCNILUSDT     0.042740      47.28     445         42734339.300000 -26315.000000 -0.06       2.461400    0.002400    0.10        71.11       28.89       3.487700    -0.014000   -0.40       77.72       22.28       1.864500    0.000800    0.04        65.09       34.91
2026-05-06 13:05:00 UTCNILUSDT     0.042540      39.60     555         42609524.700000 -124814.600000-0.29       2.465000    0.003600    0.15        71.14       28.86       3.475100    -0.012600   -0.36       77.65       22.35       1.883500    0.019000    1.02        65.32       34.68
2026-05-06 13:10:00 UTCNILUSDT     0.042440      36.42     337         42277496.400000 -332028.300000-0.78       2.497700    0.032700    1.33        71.41       28.59       3.609600    0.134500    3.87        78.31       21.69       1.888500    0.005000    0.27        65.38       34.62
2026-05-06 13:15:00 UTCNILUSDT     0.042420      35.80     364         42204171.800000 -73324.600000 -0.17       2.489200    -0.008500   -0.34       71.34       28.66       3.607900    -0.001700   -0.05       78.30       21.70       1.896000    0.007500    0.40        65.47       34.53
2026-05-06 13:20:00 UTCNILUSDT     0.042450      37.52     484         42206266.200000 2094.400000   0.00        2.475800    -0.013400   -0.54       71.23       28.77       3.590500    -0.017400   -0.48       78.22       21.78       1.897700    0.001700    0.09        65.49       34.51
2026-05-06 13:25:00 UTCNILUSDT     0.042360      34.53     211         42133268.200000 -72998.000000 -0.17       2.465000    -0.010800   -0.44       71.14       28.86       3.595000    0.004500    0.13        78.24       21.76       1.882700    -0.015000   -0.79       65.31       34.69
2026-05-06 13:30:00 UTCNILUSDT     0.042400      36.93     423         42105951.000000 -27317.200000 -0.06       2.477100    0.012100    0.49        71.24       28.76       3.597500    0.002500    0.07        78.25       21.75       1.891800    0.009100    0.48        65.42       34.58
2026-05-06 13:35:00 UTCNILUSDT     0.042230      31.62     579         42096962.100000 -8988.900000  -0.02       2.466200    -0.010900   -0.44       71.15       28.85       3.601000    0.003500    0.10        78.27       21.73       1.871900    -0.019900   -1.05       65.18       34.82
2026-05-06 13:40:00 UTCNILUSDT     0.042260      33.44     359         42138354.200000 41392.100000  0.10        2.478300    0.012100    0.49        71.25       28.75       3.612200    0.011200    0.31        78.32       21.68       1.880200    0.008300    0.44        65.28       34.72
2026-05-06 13:45:00 UTCNILUSDT     0.042210      31.92     508         42113441.100000 -24913.100000 -0.06       2.474600    -0.003700   -0.15       71.22       28.78       3.606400    -0.005800   -0.16       78.29       21.71       1.875200    -0.005000   -0.27       65.22       34.78
2026-05-06 13:50:00 UTCNILUSDT     0.042140      29.87     325         41985622.100000 -127819.000000-0.30       2.469800    -0.004800   -0.19       71.18       28.82       3.592200    -0.014200   -0.39       78.22       21.78       1.867000    -0.008200   -0.44       65.12       34.88
2026-05-06 13:55:00 UTCNILUSDT     0.042080      28.19     274         41983642.400000 -1979.700000  -0.00       2.469800    0.000000    0.00        71.18       28.82       3.585200    -0.007000   -0.19       78.19       21.81       1.879400    0.012400    0.66        65.27       34.73
2026-05-06 14:00:00 UTCNILUSDT     0.041520      18.04     1401        42019720.100000 36077.700000  0.09        2.449500    -0.020300   -0.82       71.01       28.99       3.552800    -0.032400   -0.90       78.04       21.96       1.882700    0.003300    0.18        65.31       34.69
2026-05-06 14:05:00 UTCNILUSDT     0.041630      23.84     702         41491138.600000 -528581.500000-1.26       2.531100    0.081600    3.33        71.68       28.32       3.518700    -0.034100   -0.96       77.87       22.13       1.942900    0.060200    3.20        66.02       33.98
2026-05-06 14:10:00 UTCNILUSDT     0.041600      23.35     269         41413588.400000 -77550.200000 -0.19       2.505100    -0.026000   -1.03       71.47       28.53       3.508500    -0.010200   -0.29       77.82       22.18       1.902800    -0.040100   -2.06       65.55       34.45
2026-05-06 14:15:00 UTCNILUSDT     0.041600      23.35     193         41387511.500000 -26076.900000 -0.06       2.511200    0.006100    0.24        71.52       28.48       3.487400    -0.021100   -0.60       77.72       22.28       1.900200    -0.002600   -0.14       65.52       34.48
2026-05-06 14:20:00 UTCNILUSDT     0.041840      35.54     213         41405370.900000 17859.400000  0.04        2.523600    0.012400    0.49        71.62       28.38       3.479100    -0.008300   -0.24       77.67       22.33       1.905300    0.005100    0.27        65.58       34.42
2026-05-06 14:25:00 UTCNILUSDT     0.041890      37.76     219         41546274.200000 140903.300000 0.34        2.492800    -0.030800   -1.22       71.37       28.63       3.487900    0.008800    0.25        77.72       22.28       1.882700    -0.022600   -1.19       65.31       34.69
2026-05-06 14:30:00 UTCNILUSDT     0.042000      42.45     298         41533937.400000 -12336.800000 -0.03       2.497700    0.004900    0.20        71.41       28.59       3.491100    0.003200    0.09        77.73       22.27       1.885200    0.002500    0.13        65.34       34.66
2026-05-06 14:35:00 UTCNILUSDT     0.042060      44.90     279         41565435.400000 31498.000000  0.08        2.501400    0.003700    0.15        71.44       28.56       3.504400    0.013300    0.38        77.80       22.20       1.881800    -0.003400   -0.18       65.30       34.70
2026-05-06 14:40:00 UTCNILUSDT     0.042170      49.16     200         41507546.700000 -57888.700000 -0.14       2.501400    0.000000    0.00        71.44       28.56       3.491100    -0.013300   -0.38       77.73       22.27       1.890200    0.008400    0.45        65.40       34.60
2026-05-06 14:45:00 UTCNILUSDT     0.042050      45.06     233         41460434.400000 -47112.300000 -0.11       2.489200    -0.012200   -0.49       71.34       28.66       3.481600    -0.009500   -0.27       77.69       22.31       1.887700    -0.002500   -0.13       65.37       34.63
2026-05-06 14:50:00 UTCNILUSDT     0.041880      39.98     192         41414735.000000 -45699.400000 -0.11       2.500200    0.011000    0.44        71.43       28.57       3.480800    -0.000800   -0.02       77.68       22.32       1.887700    0.000000    0.00        65.37       34.63
2026-05-06 14:55:00 UTCNILUSDT     0.041800      37.82     166         41414926.300000 191.300000    0.00        2.480700    -0.019500   -0.78       71.27       28.73       3.475300    -0.005500   -0.16       77.66       22.34       1.879400    -0.008300   -0.44       65.27       34.73
2026-05-06 15:00:00 UTCNILUSDT     0.041760      36.75     327         41463511.800000 48585.500000  0.12        2.468600    -0.012100   -0.49       71.17       28.83       3.481700    0.006400    0.18        77.69       22.31       1.860400    -0.019000   -1.01       65.04       34.96
2026-05-06 15:05:00 UTCNILUSDT     0.041860      41.23     147         41525653.900000 62142.100000  0.15        2.491600    0.023000    0.93        71.36       28.64       3.484600    0.002900    0.08        77.70       22.30       1.875200    0.014800    0.80        65.22       34.78
2026-05-06 15:10:00 UTCNILUSDT     0.041730      37.51     143         41527078.700000 1424.800000   0.00        2.492800    0.001200    0.05        71.37       28.63       3.484500    -0.000100   -0.00       77.70       22.30       1.878500    0.003300    0.18        65.26       34.74
2026-05-06 15:15:00 UTCNILUSDT     0.041960      46.67     145         41528264.000000 1185.300000   0.00        2.489200    -0.003600   -0.14       71.34       28.66       3.479800    -0.004700   -0.13       77.68       22.32       1.879400    0.000900    0.05        65.27       34.73
2026-05-06 15:20:00 UTCNILUSDT     0.041900      44.82     143         41539268.000000 11004.000000  0.03        2.503900    0.014700    0.59        71.46       28.54       3.482700    0.002900    0.08        77.69       22.31       1.879400    0.000000    0.00        65.27       34.73
2026-05-06 15:25:00 UTCNILUSDT     0.041790      41.58     153         41537346.900000 -1921.100000  -0.00       2.495300    -0.008600   -0.34       71.39       28.61       3.484200    0.001500    0.04        77.70       22.30       1.876900    -0.002500   -0.13       65.24       34.76
2026-05-06 15:30:00 UTCNILUSDT     0.041760      40.71     146         41521729.300000 -15617.600000 -0.04       2.483100    -0.012200   -0.49       71.29       28.71       3.481500    -0.002700   -0.08       77.69       22.31       1.861200    -0.015700   -0.84       65.05       34.95
2026-05-06 15:35:00 UTCNILUSDT     0.041590      36.12     337         41520489.700000 -1239.600000  -0.00       2.488000    0.004900    0.20        71.33       28.67       3.483700    0.002200    0.06        77.70       22.30       1.863700    0.002500    0.13        65.08       34.92
2026-05-06 15:40:00 UTCNILUSDT     0.041710      41.16     182         41574823.700000 54334.000000  0.13        2.529800    0.041800    1.68        71.67       28.33       3.504800    0.021100    0.61        77.80       22.20       1.883500    0.019800    1.06        65.32       34.68
2026-05-06 15:45:00 UTCNILUSDT     0.042080      53.38     362         41588754.500000 13930.800000  0.03        2.531100    0.001300    0.05        71.68       28.32       3.510000    0.005200    0.15        77.83       22.17       1.876000    -0.007500   -0.40       65.23       34.77
2026-05-06 15:50:00 UTCNILUSDT     0.042250      57.73     499         41730569.400000 141814.900000 0.34        2.522400    -0.008700   -0.34       71.61       28.39       3.504500    -0.005500   -0.16       77.80       22.20       1.873600    -0.002400   -0.13       65.20       34.80
2026-05-06 15:55:00 UTCNILUSDT     0.042940      69.96     2306        42059691.500000 329122.100000 0.79        2.490400    -0.032000   -1.27       71.35       28.65       3.519600    0.015100    0.43        77.87       22.13       1.849000    -0.024600   -1.31       64.90       35.10
2026-05-06 16:00:00 UTCNILUSDT     0.043130      72.34     1903        43288839.000000 1229147.5000002.92        2.332200    -0.158200   -6.35       69.99       30.01       3.511500    -0.008100   -0.23       77.83       22.17       1.764700    -0.084300   -4.56       63.83       36.17
2026-05-06 16:05:00 UTCNILUSDT     0.043160      72.70     777         43750600.100000 461761.100000 1.07        2.395600    0.063400    2.72        70.55       29.45       3.431800    -0.079700   -2.27       77.44       22.56       1.799600    0.034900    1.98        64.28       35.72
2026-05-06 16:10:00 UTCNILUSDT     0.043280      74.18     741         43817817.100000 67217.000000  0.15        2.400200    0.004600    0.19        70.59       29.41       3.432200    0.000400    0.01        77.44       22.56       1.804300    0.004700    0.26        64.34       35.66
2026-05-06 16:15:00 UTCNILUSDT     0.043260      73.47     1396        43790545.500000 -27271.600000 -0.06       2.367000    -0.033200   -1.38       70.30       29.70       3.423300    -0.008900   -0.26       77.39       22.61       1.805800    0.001500    0.08        64.36       35.64
2026-05-06 16:20:00 UTCNILUSDT     0.043170      70.20     560         43853527.200000 62981.700000  0.14        2.386400    0.019400    0.82        70.47       29.53       3.442200    0.018900    0.55        77.49       22.51       1.802700    -0.003100   -0.17       64.32       35.68
2026-05-06 16:25:00 UTCNILUSDT     0.043160      69.83     528         43974011.400000 120484.200000 0.27        2.382900    -0.003500   -0.15       70.44       29.56       3.394300    -0.047900   -1.39       77.24       22.76       1.813700    0.011000    0.61        64.46       35.54
2026-05-06 16:30:00 UTCNILUSDT     0.043200      70.50     901         44031308.000000 57296.600000  0.13        2.402500    0.019600    0.82        70.61       29.39       3.408100    0.013800    0.41        77.31       22.69       1.825700    0.012000    0.66        64.61       35.39
2026-05-06 16:35:00 UTCNILUSDT     0.043150      68.44     521         43956006.000000 -75302.000000 -0.17       2.355700    -0.046800   -1.95       70.20       29.80       3.371300    -0.036800   -1.08       77.12       22.88       1.801900    -0.023800   -1.30       64.31       35.69
2026-05-06 16:40:00 UTCNILUSDT     0.042920      59.81     780         43901700.800000 -54305.200000 -0.12       2.354600    -0.001100   -0.05       70.19       29.81       3.343500    -0.027800   -0.82       76.98       23.02       1.805800    0.003900    0.22        64.36       35.64
2026-05-06 16:45:00 UTCNILUSDT     0.043070      63.08     354         43616770.700000 -284930.100000-0.65       2.457800    0.103200    4.38        71.08       28.92       3.312400    -0.031100   -0.93       76.81       23.19       1.854700    0.048900    2.71        64.97       35.03
2026-05-06 16:50:00 UTCNILUSDT     0.042940      58.63     149         43465463.800000 -151306.900000-0.35       2.457800    0.000000    0.00        71.08       28.92       3.310300    -0.002100   -0.06       76.80       23.20       1.845000    -0.009700   -0.52       64.85       35.15
2026-05-06 16:55:00 UTCNILUSDT     0.043040      60.91     796         43434879.300000 -30584.500000 -0.07       2.453000    -0.004800   -0.20       71.04       28.96       3.306700    -0.003600   -0.11       76.78       23.22       1.846600    0.001600    0.09        64.87       35.13
2026-05-06 17:00:00 UTCNILUSDT     0.043550      70.01     778         43697678.500000 262799.200000 0.61        2.445900    -0.007100   -0.29       70.98       29.02       3.299500    -0.007200   -0.22       76.74       23.26       1.859600    0.013000    0.70        65.03       34.97
2026-05-06 17:05:00 UTCNILUSDT     0.043240      60.75     774         44028895.700000 331217.200000 0.76        2.388700    -0.057200   -2.34       70.49       29.51       3.184400    -0.115100   -3.49       76.10       23.90       1.798800    -0.060800   -3.27       64.27       35.73
2026-05-06 17:10:00 UTCNILUSDT     0.043190      59.39     469         44207128.600000 178232.900000 0.40        2.420000    0.031300    1.31        70.76       29.24       3.184600    0.000200    0.01        76.10       23.90       1.850600    0.051800    2.88        64.92       35.08
2026-05-06 17:15:00 UTCNILUSDT     0.043670      67.04     700         44060210.600000 -146918.000000-0.33       2.473400    0.053400    2.21        71.21       28.79       3.184600    0.000000    0.00        76.10       23.90       1.876900    0.026300    1.42        65.24       34.76
2026-05-06 17:20:00 UTCNILUSDT     0.043720      67.72     915         44371010.700000 310800.100000 0.71        2.427000    -0.046400   -1.88       70.82       29.18       3.198900    0.014300    0.45        76.18       23.82       1.834500    -0.042400   -2.26       64.72       35.28
2026-05-06 17:25:00 UTCNILUSDT     0.043730      67.87     1091        44474201.800000 103191.100000 0.23        2.457800    0.030800    1.27        71.08       28.92       3.158000    -0.040900   -1.28       75.95       24.05       1.872700    0.038200    2.08        65.19       34.81
2026-05-06 17:30:00 UTCNILUSDT     0.043770      68.47     813         44776923.600000 302721.800000 0.68        2.429400    -0.028400   -1.16       70.84       29.16       3.161500    0.003500    0.11        75.97       24.03       1.849800    -0.022900   -1.22       64.91       35.09
2026-05-06 17:35:00 UTCNILUSDT     0.043520      60.79     1508        44740460.100000 -36463.500000 -0.08       2.450700    0.021300    0.88        71.02       28.98       3.168800    0.007300    0.23        76.01       23.99       1.863700    0.013900    0.75        65.08       34.92
2026-05-06 17:40:00 UTCNILUSDT     0.043830      65.90     472         44506087.800000 -234372.300000-0.52       2.448300    -0.002400   -0.10       71.00       29.00       3.143100    -0.025700   -0.81       75.86       24.14       1.829700    -0.034000   -1.82       64.66       35.34
2026-05-06 17:45:00 UTCNILUSDT     0.043840      66.05     631         44624136.900000 118049.100000 0.27        2.435200    -0.013100   -0.54       70.89       29.11       3.140200    -0.002900   -0.09       75.85       24.15       1.816900    -0.012800   -0.70       64.50       35.50
2026-05-06 17:50:00 UTCNILUSDT     0.044050      69.19     701         44823367.300000 199230.400000 0.45        2.388700    -0.046500   -1.91       70.49       29.51       3.131300    -0.008900   -0.28       75.79       24.21       1.781600    -0.035300   -1.94       64.05       35.95
2026-05-06 17:55:00 UTCNILUSDT     0.044080      69.62     755         44932883.500000 109516.200000 0.24        2.372700    -0.016000   -0.67       70.35       29.65       3.128100    -0.003200   -0.10       75.78       24.22       1.769300    -0.012300   -0.69       63.89       36.11
2026-05-06 18:00:00 UTCNILUSDT     0.043920      64.43     1122        45008806.900000 75923.400000  0.17        2.358000    -0.014700   -0.62       70.22       29.78       3.121400    -0.006700   -0.21       75.74       24.26       1.769300    0.000000    0.00        63.89       36.11
2026-05-06 18:05:00 UTCNILUSDT     0.044140      67.97     1107        45124789.500000 115982.600000 0.26        2.395600    0.037600    1.59        70.55       29.45       3.124800    0.003400    0.11        75.76       24.24       1.798000    0.028700    1.62        64.26       35.74
2026-05-06 18:10:00 UTCNILUSDT     0.044360      71.07     1615        45562548.400000 437758.900000 0.97        2.355700    -0.039900   -1.67       70.20       29.80       3.128000    0.003200    0.10        75.78       24.22       1.759400    -0.038600   -2.15       63.76       36.24
2026-05-06 18:15:00 UTCNILUSDT     0.043670      53.57     1024        45867353.600000 304805.200000 0.67        2.363600    0.007900    0.34        70.27       29.73       3.127800    -0.000200   -0.01       75.77       24.23       1.775500    0.016100    0.92        63.97       36.03
2026-05-06 18:20:00 UTCNILUSDT     0.044060      59.62     1190        45770575.900000 -96777.700000 -0.21       2.335600    -0.028000   -1.18       70.02       29.98       3.146700    0.018900    0.60        75.88       24.12       1.811400    0.035900    2.02        64.43       35.57
2026-05-06 18:25:00 UTCNILUSDT     0.044090      60.05     396         46345913.300000 575337.400000 1.26        2.296000    -0.039600   -1.70       69.66       30.34       3.215400    0.068700    2.18        76.28       23.72       1.743500    -0.067900   -3.75       63.55       36.45
2026-05-06 18:30:00 UTCNILUSDT     0.044370      63.93     844         46386788.800000 40875.500000  0.09        2.283000    -0.013000   -0.57       69.54       30.46       3.207400    -0.008000   -0.25       76.23       23.77       1.733700    -0.009800   -0.56       63.42       36.58
2026-05-06 18:35:00 UTCNILUSDT     0.044220      60.54     1363        46434157.300000 47368.500000  0.10        2.284100    0.001100    0.05        69.55       30.45       3.192900    -0.014500   -0.45       76.15       23.85       1.736700    0.003000    0.17        63.46       36.54
2026-05-06 18:40:00 UTCNILUSDT     0.044150      58.97     534         46363467.900000 -70689.400000 -0.15       2.303600    0.019500    0.85        69.73       30.27       3.156400    -0.036500   -1.14       75.94       24.06       1.750300    0.013600    0.78        63.64       36.36
2026-05-06 18:45:00 UTCNILUSDT     0.044200      59.77     324         46374239.700000 10771.800000  0.02        2.306900    0.003300    0.14        69.76       30.24       3.152700    -0.003700   -0.12       75.92       24.08       1.745700    -0.004600   -0.26       63.58       36.42
2026-05-06 18:50:00 UTCNILUSDT     0.043740      50.07     1059        46376384.000000 2144.300000   0.00        2.308000    0.001100    0.05        69.77       30.23       3.148200    -0.004500   -0.14       75.89       24.11       1.748800    0.003100    0.18        63.62       36.38
2026-05-06 18:55:00 UTCNILUSDT     0.043460      45.26     634         45943636.600000 -432747.400000-0.93       2.387500    0.079500    3.44        70.48       29.52       3.147900    -0.000300   -0.01       75.89       24.11       1.819300    0.070500    4.03        64.53       35.47
2026-05-06 19:00:00 UTCNILUSDT     0.043910      53.07     638         45739344.300000 -204292.300000-0.44       2.400200    0.012700    0.53        70.59       29.41       3.186000    0.038100    1.21        76.11       23.89       1.845000    0.025700    1.41        64.85       35.15
2026-05-06 19:05:00 UTCNILUSDT     0.043670      49.05     672         45671846.400000 -67497.900000 -0.15       2.449500    0.049300    2.05        71.01       28.99       3.201400    0.015400    0.48        76.20       23.80       1.830500    -0.014500   -0.79       64.67       35.33
2026-05-06 19:10:00 UTCNILUSDT     0.043560      47.28     541         45680427.600000 8581.200000   0.02        2.424700    -0.024800   -1.01       70.80       29.20       3.204600    0.003200    0.10        76.22       23.78       1.816100    -0.014400   -0.79       64.49       35.51
2026-05-06 19:15:00 UTCNILUSDT     0.043540      46.95     617         45699682.000000 19254.400000  0.04        2.479500    0.054800    2.26        71.26       28.74       3.217400    0.012800    0.40        76.29       23.71       1.858000    0.041900    2.31        65.01       34.99
2026-05-06 19:20:00 UTCNILUSDT     0.043610      48.31     136         45661145.500000 -38536.500000 -0.08       2.490400    0.010900    0.44        71.35       28.65       3.225200    0.007800    0.24        76.33       23.67       1.869400    0.011400    0.61        65.15       34.85
2026-05-06 19:25:00 UTCNILUSDT     0.043360      43.96     588         45678756.600000 17611.100000  0.04        2.461400    -0.029000   -1.16       71.11       28.89       3.225300    0.000100    0.00        76.33       23.67       1.858000    -0.011400   -0.61       65.01       34.99
2026-05-06 19:30:00 UTCNILUSDT     0.043200      41.39     433         45722263.100000 43506.500000  0.10        2.513700    0.052300    2.12        71.54       28.46       3.224300    -0.001000   -0.03       76.33       23.67       1.876900    0.018900    1.02        65.24       34.76
2026-05-06 19:35:00 UTCNILUSDT     0.043500      47.58     853         45675899.100000 -46364.000000 -0.10       2.497700    -0.016000   -0.64       71.41       28.59       3.223800    -0.000500   -0.02       76.32       23.68       1.865300    -0.011600   -0.62       65.10       34.90
2026-05-06 19:40:00 UTCNILUSDT     0.043310      44.38     279         45583457.400000 -92441.700000 -0.20       2.449500    -0.048200   -1.93       71.01       28.99       3.239100    0.015300    0.47        76.41       23.59       1.826500    -0.038800   -2.08       64.62       35.38
2026-05-06 19:45:00 UTCNILUSDT     0.043430      46.81     191         45532236.600000 -51220.800000 -0.11       2.465000    0.015500    0.63        71.14       28.86       3.232300    -0.006800   -0.21       76.37       23.63       1.832100    0.005600    0.31        64.69       35.31
2026-05-06 19:50:00 UTCNILUSDT     0.043590      49.95     127         45535676.500000 3439.900000   0.01        2.453000    -0.012000   -0.49       71.04       28.96       3.233300    0.001000    0.03        76.38       23.62       1.828100    -0.004000   -0.22       64.64       35.36
2026-05-06 19:55:00 UTCNILUSDT     0.043500      48.23     159         45542922.900000 7246.400000   0.02        2.462600    0.009600    0.39        71.12       28.88       3.233100    -0.000200   -0.01       76.38       23.62       1.834500    0.006400    0.35        64.72       35.28
2026-05-06 20:00:00 UTCNILUSDT     0.043650      51.25     402         45557226.400000 14303.500000  0.03        2.489200    0.026600    1.08        71.34       28.66       3.234400    0.001300    0.04        76.38       23.62       1.849000    0.014500    0.79        64.90       35.10
2026-05-06 20:05:00 UTCNILUSDT     0.043960      56.85     674         45547149.100000 -10077.300000 -0.02       2.478300    -0.010900   -0.44       71.25       28.75       3.278000    0.043600    1.35        76.62       23.38       1.844100    -0.004900   -0.27       64.84       35.16
2026-05-06 20:10:00 UTCNILUSDT     0.043840      54.25     717         45979742.200000 432593.100000 0.95        2.462600    -0.015700   -0.63       71.12       28.88       3.300500    0.022500    0.69        76.75       23.25       1.809800    -0.034300   -1.86       64.41       35.59
2026-05-06 20:15:00 UTCNILUSDT     0.043950      56.23     522         46381627.000000 401884.800000 0.87        2.484300    0.021700    0.88        71.30       28.70       3.268100    -0.032400   -0.98       76.57       23.43       1.821700    0.011900    0.66        64.56       35.44
2026-05-06 20:20:00 UTCNILUSDT     0.043860      54.17     186         46580211.800000 198584.800000 0.43        2.466200    -0.018100   -0.73       71.15       28.85       3.229600    -0.038500   -1.18       76.36       23.64       1.799600    -0.022100   -1.21       64.28       35.72
2026-05-06 20:25:00 UTCNILUSDT     0.043830      53.46     228         46549712.800000 -30499.000000 -0.07       2.457800    -0.008400   -0.34       71.08       28.92       3.211900    -0.017700   -0.55       76.26       23.74       1.796400    -0.003200   -0.18       64.24       35.76
2026-05-06 20:30:00 UTCNILUSDT     0.043770      52.01     227         46570171.900000 20459.100000  0.04        2.422300    -0.035500   -1.44       70.78       29.22       3.206900    -0.005000   -0.16       76.23       23.77       1.797200    0.000800    0.04        64.25       35.75
2026-05-06 20:35:00 UTCNILUSDT     0.043720      50.77     194         46562533.700000 -7638.200000  -0.02       2.424700    0.002400    0.10        70.80       29.20       3.203300    -0.003600   -0.11       76.21       23.79       1.806600    0.009400    0.52        64.37       35.63
2026-05-06 20:40:00 UTCNILUSDT     0.043760      51.76     249         46581796.700000 19263.000000  0.04        2.422300    -0.002400   -0.10       70.78       29.22       3.205500    0.002200    0.07        76.22       23.78       1.810600    0.004000    0.22        64.42       35.58
2026-05-06 20:45:00 UTCNILUSDT     0.043710      50.39     223         46658213.300000 76416.600000  0.16        2.431700    0.009400    0.39        70.86       29.14       3.208600    0.003100    0.10        76.24       23.76       1.816900    0.006300    0.35        64.50       35.50
2026-05-06 20:50:00 UTCNILUSDT     0.043780      52.29     126         46684686.200000 26472.900000  0.06        2.441200    0.009500    0.39        70.94       29.06       3.190600    -0.018000   -0.56       76.14       23.86       1.824100    0.007200    0.40        64.59       35.41
2026-05-06 20:55:00 UTCNILUSDT     0.043970      57.09     261         46681503.900000 -3182.300000  -0.01       2.448300    0.007100    0.29        71.00       29.00       3.194900    0.004300    0.13        76.16       23.84       1.822500    -0.001600   -0.09       64.57       35.43
2026-05-06 21:00:00 UTCNILUSDT     0.043870      54.01     336         46702202.900000 20699.000000  0.04        2.449500    0.001200    0.05        71.01       28.99       3.196800    0.001900    0.06        76.17       23.83       1.815300    -0.007200   -0.40       64.48       35.52
2026-05-06 21:05:00 UTCNILUSDT     0.043920      55.31     198         46684828.100000 -17374.800000 -0.04       2.469800    0.020300    0.83        71.18       28.82       3.199600    0.002800    0.09        76.19       23.81       1.828100    0.012800    0.71        64.64       35.36
2026-05-06 21:10:00 UTCNILUSDT     0.043730      49.58     198         46689251.800000 4423.700000   0.01        2.467400    -0.002400   -0.10       71.16       28.84       3.196700    -0.002900   -0.09       76.17       23.83       1.829700    0.001600    0.09        64.66       35.34
2026-05-06 21:15:00 UTCNILUSDT     0.043910      54.40     235         46723721.100000 34469.300000  0.07        2.468600    0.001200    0.05        71.17       28.83       3.200000    0.003300    0.10        76.19       23.81       1.834500    0.004800    0.26        64.72       35.28
2026-05-06 21:20:00 UTCNILUSDT     0.043900      54.09     317         46741711.600000 17990.500000  0.04        2.440000    -0.028600   -1.16       70.93       29.07       3.195400    -0.004600   -0.14       76.16       23.84       1.780100    -0.054400   -2.97       64.03       35.97
2026-05-06 21:25:00 UTCNILUSDT     0.044010      56.99     106         46621080.000000 -120631.600000-0.26       2.479500    0.039500    1.62        71.26       28.74       3.155900    -0.039500   -1.24       75.94       24.06       1.830500    0.050400    2.83        64.67       35.33
2026-05-06 21:30:00 UTCNILUSDT     0.044080      58.77     278         46533097.300000 -87982.700000 -0.19       2.484300    0.004800    0.19        71.30       28.70       3.141700    -0.014200   -0.45       75.86       24.14       1.835300    0.004800    0.26        64.73       35.27
2026-05-06 21:35:00 UTCNILUSDT     0.044060      58.03     146         46435967.400000 -97129.900000 -0.21       2.488000    0.003700    0.15        71.33       28.67       3.155100    0.013400    0.43        75.93       24.07       1.853900    0.018600    1.01        64.96       35.04
2026-05-06 21:40:00 UTCNILUSDT     0.043980      55.04     118         46387378.700000 -48588.700000 -0.10       2.506300    0.018300    0.74        71.48       28.52       3.149300    -0.005800   -0.18       75.90       24.10       1.867000    0.013100    0.71        65.12       34.88
2026-05-06 21:45:00 UTCNILUSDT     0.044000      55.66     102         46388763.200000 1384.500000   0.00        2.496500    -0.009800   -0.39       71.40       28.60       3.142400    -0.006900   -0.22       75.86       24.14       1.862900    -0.004100   -0.22       65.07       34.93
2026-05-06 21:50:00 UTCNILUSDT     0.044020      56.30     173         46399095.500000 10332.300000  0.02        2.505100    0.008600    0.34        71.47       28.53       3.139700    -0.002700   -0.09       75.84       24.16       1.867800    0.004900    0.26        65.13       34.87
2026-05-06 21:55:00 UTCNILUSDT     0.044030      56.64     141         46401635.700000 2540.200000   0.01        2.491600    -0.013500   -0.54       71.36       28.64       3.134000    -0.005700   -0.18       75.81       24.19       1.858000    -0.009800   -0.52       65.01       34.99
2026-05-06 22:00:00 UTCNILUSDT     0.043500      39.28     546         46421691.500000 20055.800000  0.04        2.497700    0.006100    0.24        71.41       28.59       3.132400    -0.001600   -0.05       75.80       24.20       1.860400    0.002400    0.13        65.04       34.96
2026-05-06 22:05:00 UTCNILUSDT     0.043500      39.28     593         46460679.800000 38988.300000  0.08        2.524900    0.027200    1.09        71.63       28.37       3.140800    0.008400    0.27        75.85       24.15       1.881000    0.020600    1.11        65.29       34.71
2026-05-06 22:10:00 UTCNILUSDT     0.043710      46.77     260         46543539.300000 82859.500000  0.18        2.505100    -0.019800   -0.78       71.47       28.53       3.137900    -0.002900   -0.09       75.83       24.17       1.839300    -0.041700   -2.22       64.78       35.22
2026-05-06 22:15:00 UTCNILUSDT     0.043610      43.99     147         46603561.000000 60021.700000  0.13        2.508800    0.003700    0.15        71.50       28.50       3.144500    0.006600    0.21        75.87       24.13       1.855500    0.016200    0.88        64.98       35.02
2026-05-06 22:20:00 UTCNILUSDT     0.043560      42.62     95          46603212.400000 -348.600000   -0.00       2.492800    -0.016000   -0.64       71.37       28.63       3.141300    -0.003200   -0.10       75.85       24.15       1.853900    -0.001600   -0.09       64.96       35.04
2026-05-06 22:25:00 UTCNILUSDT     0.043490      40.71     153         46596152.300000 -7060.100000  -0.02       2.495300    0.002500    0.10        71.39       28.61       3.141500    0.000200    0.01        75.85       24.15       1.854700    0.000800    0.04        64.97       35.03
2026-05-06 22:30:00 UTCNILUSDT     0.043530      42.30     243         46590282.100000 -5870.200000  -0.01       2.506300    0.011000    0.44        71.48       28.52       3.148000    0.006500    0.21        75.89       24.11       1.851400    -0.003300   -0.18       64.93       35.07
2026-05-06 22:35:00 UTCNILUSDT     0.043460      40.27     119         46576433.900000 -13848.200000 -0.03       2.437600    -0.068700   -2.74       70.91       29.09       3.144400    -0.003600   -0.11       75.87       24.13       1.826500    -0.024900   -1.34       64.62       35.38
2026-05-06 22:40:00 UTCNILUSDT     0.043570      44.76     117         46600644.900000 24211.000000  0.05        2.444700    0.007100    0.29        70.97       29.03       3.146900    0.002500    0.08        75.89       24.11       1.824900    -0.001600   -0.09       64.60       35.40
2026-05-06 22:45:00 UTCNILUSDT     0.043500      42.57     224         46585179.000000 -15465.900000 -0.03       2.443500    -0.001200   -0.05       70.96       29.04       3.151900    0.005000    0.16        75.91       24.09       1.818500    -0.006400   -0.35       64.52       35.48
2026-05-06 22:50:00 UTCNILUSDT     0.043590      46.22     90          46563052.400000 -22126.600000 -0.05       2.449500    0.006000    0.25        71.01       28.99       3.150700    -0.001200   -0.04       75.91       24.09       1.832100    0.013600    0.75        64.69       35.31
2026-05-06 22:55:00 UTCNILUSDT     0.043550      44.85     110         46532698.600000 -30353.800000 -0.07       2.460200    0.010700    0.44        71.10       28.90       3.138700    -0.012000   -0.38       75.84       24.16       1.833700    0.001600    0.09        64.71       35.29
2026-05-06 23:00:00 UTCNILUSDT     0.043270      36.69     401         46627840.400000 95141.800000  0.20        2.455400    -0.004800   -0.20       71.06       28.94       3.143000    0.004300    0.14        75.86       24.14       1.829700    -0.004000   -0.22       64.66       35.34
2026-05-06 23:05:00 UTCNILUSDT     0.043290      37.56     297         46643088.300000 15247.900000  0.03        2.384100    -0.071300   -2.90       70.45       29.55       3.133300    -0.009700   -0.31       75.81       24.19       1.803500    -0.026200   -1.43       64.33       35.67
2026-05-06 23:10:00 UTCNILUSDT     0.043290      37.56     115         46549244.100000 -93844.200000 -0.20       2.394400    0.010300    0.43        70.54       29.46       3.134300    0.001000    0.03        75.81       24.19       1.820100    0.016600    0.92        64.54       35.46
2026-05-06 23:15:00 UTCNILUSDT     0.043380      41.76     232         46546620.200000 -2623.900000  -0.01       2.399000    0.004600    0.19        70.58       29.42       3.132300    -0.002000   -0.06       75.80       24.20       1.820900    0.000800    0.04        64.55       35.45
2026-05-06 23:20:00 UTCNILUSDT     0.043570      49.48     186         46565128.400000 18508.200000  0.04        2.379500    -0.019500   -0.81       70.41       29.59       3.139300    0.007000    0.22        75.84       24.16       1.796400    -0.024500   -1.35       64.24       35.76
2026-05-06 23:25:00 UTCNILUSDT     0.043500      47.01     221         46605960.700000 40832.300000  0.09        2.376100    -0.003400   -0.14       70.38       29.62       3.143300    0.004000    0.13        75.86       24.14       1.791000    -0.005400   -0.30       64.17       35.83
2026-05-06 23:30:00 UTCNILUSDT     0.043540      48.59     123         46638754.700000 32794.000000  0.07        2.378400    0.002300    0.10        70.40       29.60       3.151100    0.007800    0.25        75.91       24.09       1.789400    -0.001600   -0.09       64.15       35.85
2026-05-06 23:35:00 UTCNILUSDT     0.043550      49.00     97          46632027.200000 -6727.500000  -0.01       2.375000    -0.003400   -0.14       70.37       29.63       3.143600    -0.007500   -0.24       75.87       24.13       1.784700    -0.004700   -0.26       64.09       35.91
2026-05-06 23:40:00 UTCNILUSDT     0.043700      54.82     175         46633513.800000 1486.600000   0.00        2.381800    0.006800    0.29        70.43       29.57       3.140900    -0.002700   -0.09       75.85       24.15       1.796400    0.011700    0.66        64.24       35.76
2026-05-06 23:45:00 UTCNILUSDT     0.043720      55.55     302         46636690.700000 3176.900000   0.01        2.386400    0.004600    0.19        70.47       29.53       3.133800    -0.007100   -0.23       75.81       24.19       1.794900    -0.001500   -0.08       64.22       35.78
2026-05-06 23:50:00 UTCNILUSDT     0.043740      56.30     183         46655838.900000 19148.200000  0.04        2.386400    0.000000    0.00        70.47       29.53       3.124200    -0.009600   -0.31       75.75       24.25       1.797200    0.002300    0.13        64.25       35.75
2026-05-06 23:55:00 UTCNILUSDT     0.043700      54.31     242         46670256.900000 14418.000000  0.03        2.384100    -0.002300   -0.10       70.45       29.55       3.116200    -0.008000   -0.26       75.71       24.29       1.803500    0.006300    0.35        64.33       35.67
2026-05-07 00:00:00 UTCNILUSDT     0.043360      41.01     406         46660061.800000 -10195.100000 -0.02       2.378400    -0.005700   -0.24       70.40       29.60       3.103700    -0.012500   -0.40       75.63       24.37       1.807400    0.003900    0.22        64.38       35.62
2026-05-07 00:05:00 UTCNILUSDT     0.043330      40.07     184         46552521.400000 -107540.400000-0.23       2.375000    -0.003400   -0.14       70.37       29.63       3.093000    -0.010700   -0.34       75.57       24.43       1.796400    -0.011000   -0.61       64.24       35.76
2026-05-07 00:10:00 UTCNILUSDT     0.043490      47.00     246         46508417.300000 -44104.100000 -0.09       2.378400    0.003400    0.14        70.40       29.60       3.096300    0.003300    0.11        75.59       24.41       1.801900    0.005500    0.31        64.31       35.69
2026-05-07 00:15:00 UTCNILUSDT     0.043470      46.28     179         46508924.500000 507.200000    0.00        2.368100    -0.010300   -0.43       70.31       29.69       3.090400    -0.005900   -0.19       75.55       24.45       1.794900    -0.007000   -0.39       64.22       35.78
2026-05-07 00:20:00 UTCNILUSDT     0.043380      43.08     126         46473318.700000 -35605.800000 -0.08       2.362500    -0.005600   -0.24       70.26       29.74       3.097500    0.007100    0.23        75.59       24.41       1.791700    -0.003200   -0.18       64.18       35.82
2026-05-07 00:25:00 UTCNILUSDT     0.043210      37.77     160         46446761.200000 -26557.500000 -0.06       2.368100    0.005600    0.24        70.31       29.69       3.103400    0.005900    0.19        75.63       24.37       1.789400    -0.002300   -0.13       64.15       35.85
2026-05-07 00:30:00 UTCNILUSDT     0.043010      32.67     467         46492814.400000 46053.200000  0.10        2.378400    0.010300    0.43        70.40       29.60       3.101300    -0.002100   -0.07       75.62       24.38       1.796400    0.007000    0.39        64.24       35.76
2026-05-07 00:35:00 UTCNILUSDT     0.043110      37.24     206         46202474.600000 -290339.800000-0.62       2.399000    0.020600    0.87        70.58       29.42       3.206100    0.104800    3.38        76.23       23.77       1.833700    0.037300    2.08        64.71       35.29
2026-05-07 00:40:00 UTCNILUSDT     0.042990      34.24     319         46124112.700000 -78361.900000 -0.17       2.389800    -0.009200   -0.38       70.50       29.50       3.216000    0.009900    0.31        76.28       23.72       1.804300    -0.029400   -1.60       64.34       35.66
2026-05-07 00:45:00 UTCNILUSDT     0.043050      36.97     149         46045382.900000 -78729.800000 -0.17       2.387500    -0.002300   -0.10       70.48       29.52       3.215700    -0.000300   -0.01       76.28       23.72       1.801900    -0.002400   -0.13       64.31       35.69
2026-05-07 00:50:00 UTCNILUSDT     0.043180      42.54     439         46019166.300000 -26216.600000 -0.06       2.384100    -0.003400   -0.14       70.45       29.55       3.221100    0.005400    0.17        76.31       23.69       1.801100    -0.000800   -0.04       64.30       35.70
2026-05-07 00:55:00 UTCNILUSDT     0.043400      50.52     331         46280665.400000 261499.100000 0.57        2.330000    -0.054100   -2.27       69.97       30.03       3.211300    -0.009800   -0.30       76.25       23.75       1.764700    -0.036400   -2.02       63.83       36.17
2026-05-07 01:00:00 UTCNILUSDT     0.042890      37.52     781         46415481.500000 134816.100000 0.29        2.331100    0.001100    0.05        69.98       30.02       3.205900    -0.005400   -0.17       76.22       23.78       1.738200    -0.026500   -1.50       63.48       36.52
2026-05-07 01:05:00 UTCNILUSDT     0.042880      37.32     367         46199061.300000 -216420.200000-0.47       2.505100    0.174000    7.46        71.47       28.53       3.211300    0.005400    0.17        76.25       23.75       1.863700    0.125500    7.22        65.08       34.92
2026-05-07 01:10:00 UTCNILUSDT     0.043070      43.56     271         46023231.600000 -175829.700000-0.38       2.503900    -0.001200   -0.05       71.46       28.54       3.197500    -0.013800   -0.43       76.18       23.82       1.872700    0.009000    0.48        65.19       34.81
2026-05-07 01:15:00 UTCNILUSDT     0.042810      37.98     261         46049831.300000 26599.700000  0.06        2.478300    -0.025600   -1.02       71.25       28.75       3.220600    0.023100    0.72        76.31       23.69       1.853900    -0.018800   -1.00       64.96       35.04
2026-05-07 01:20:00 UTCNILUSDT     0.043010      43.93     368         46019910.000000 -29921.300000 -0.06       2.484300    0.006000    0.24        71.30       28.70       3.226000    0.005400    0.17        76.34       23.66       1.848200    -0.005700   -0.31       64.89       35.11
2026-05-07 01:25:00 UTCNILUSDT     0.043510      55.43     412         46051423.600000 31513.600000  0.07        2.486800    0.002500    0.10        71.32       28.68       3.238800    0.012800    0.40        76.41       23.59       1.830500    -0.017700   -0.96       64.67       35.33
2026-05-07 01:30:00 UTCNILUSDT     0.043650      58.02     886         46207274.400000 155850.800000 0.34        2.475800    -0.011000   -0.44       71.23       28.77       3.252400    0.013600    0.42        76.48       23.52       1.799600    -0.030900   -1.69       64.28       35.72
2026-05-07 01:35:00 UTCNILUSDT     0.043890      62.10     858         46504361.300000 297086.900000 0.64        2.436400    -0.039400   -1.59       70.90       29.10       3.231300    -0.021100   -0.65       76.37       23.63       1.787800    -0.011800   -0.66       64.13       35.87
2026-05-07 01:40:00 UTCNILUSDT     0.044120      65.55     830         46752146.400000 247785.100000 0.53        2.380700    -0.055700   -2.29       70.42       29.58       3.225500    -0.005800   -0.18       76.33       23.67       1.764000    -0.023800   -1.33       63.82       36.18
2026-05-07 01:45:00 UTCNILUSDT     0.044520      70.57     1245        47361693.100000 609546.700000 1.30        2.394400    0.013700    0.58        70.54       29.46       3.247600    0.022100    0.69        76.46       23.54       1.748800    -0.015200   -0.86       63.62       36.38
2026-05-07 01:50:00 UTCNILUSDT     0.044300      64.96     931         47751947.400000 390254.300000 0.82        2.309100    -0.085300   -3.56       69.78       30.22       3.234300    -0.013300   -0.41       76.38       23.62       1.695400    -0.053400   -3.05       62.90       37.10
2026-05-07 01:55:00 UTCNILUSDT     0.044450      66.90     792         47912830.900000 160883.500000 0.34        2.355700    0.046600    2.02        70.20       29.80       3.208900    -0.025400   -0.79       76.24       23.76       1.733700    0.038300    2.26        63.42       36.58
2026-05-07 02:00:00 UTCNILUSDT     0.044730      70.20     1155        47997603.000000 84772.100000  0.18        2.337800    -0.017900   -0.76       70.04       29.96       3.182700    -0.026200   -0.82       76.09       23.91       1.709300    -0.024400   -1.41       63.09       36.91
2026-05-07 02:05:00 UTCNILUSDT     0.044630      67.60     1518        48414860.300000 417257.300000 0.87        2.347800    0.010000    0.43        70.13       29.87       3.180100    -0.002600   -0.08       76.08       23.92       1.727800    0.018500    1.08        63.34       36.66
2026-05-07 02:10:00 UTCNILUSDT     0.044330      60.39     1434        48933943.100000 519082.800000 1.07        2.263700    -0.084100   -3.58       69.36       30.64       3.154500    -0.025600   -0.81       75.93       24.07       1.678800    -0.049000   -2.84       62.67       37.33
2026-05-07 02:15:00 UTCNILUSDT     0.044650      64.72     536         49391265.500000 457322.400000 0.93        2.305800    0.042100    1.86        69.75       30.25       3.089200    -0.065300   -2.07       75.55       24.45       1.722600    0.043800    2.61        63.27       36.73
2026-05-07 02:20:00 UTCNILUSDT     0.044790      66.44     968         49497694.000000 106428.500000 0.22        2.286200    -0.019600   -0.85       69.57       30.43       3.077500    -0.011700   -0.38       75.48       24.52       1.691800    -0.030800   -1.79       62.85       37.15
2026-05-07 02:25:00 UTCNILUSDT     0.044710      64.50     952         49659181.400000 161487.400000 0.33        2.291600    0.005400    0.24        69.62       30.38       3.079500    0.002000    0.06        75.49       24.51       1.688900    -0.002900   -0.17       62.81       37.19
2026-05-07 02:30:00 UTCNILUSDT     0.045030      68.47     1014        50061824.700000 402643.300000 0.81        2.294900    0.003300    0.14        69.65       30.35       3.088000    0.008500    0.28        75.54       24.46       1.716700    0.027800    1.65        63.19       36.81
2026-05-07 02:35:00 UTCNILUSDT     0.045270      71.08     1108        50359240.400000 297415.700000 0.59        2.283000    -0.011900   -0.52       69.54       30.46       3.095300    0.007300    0.24        75.58       24.42       1.699100    -0.017600   -1.03       62.95       37.05
2026-05-07 02:40:00 UTCNILUSDT     0.045310      71.50     1102        51074817.800000 715577.400000 1.42        2.249900    -0.033100   -1.45       69.23       30.77       3.064000    -0.031300   -1.01       75.39       24.61       1.671700    -0.027400   -1.61       62.57       37.43
2026-05-07 02:45:00 UTCNILUSDT     0.045560      74.06     1686        51402803.200000 327985.400000 0.64        2.245700    -0.004200   -0.19       69.19       30.81       2.962500    -0.101500   -3.31       74.76       25.24       1.670900    -0.000800   -0.05       62.56       37.44
2026-05-07 02:50:00 UTCNILUSDT     0.045760      75.92     1396        52029396.300000 626593.100000 1.22        2.191800    -0.053900   -2.40       68.67       31.33       2.847100    -0.115400   -3.90       74.01       25.99       1.667400    -0.003500   -0.21       62.51       37.49
2026-05-07 02:55:00 UTCNILUSDT     0.046010      78.04     1285        52519788.200000 490391.900000 0.94        2.210300    0.018500    0.84        68.85       31.15       2.810000    -0.037100   -1.30       73.75       26.25       1.691100    0.023700    1.42        62.84       37.16
2026-05-07 03:00:00 UTCNILUSDT     0.045750      71.03     1996        53811287.500000 1291499.3000002.46        2.137700    -0.072600   -3.28       68.13       31.87       2.875000    0.065000    2.31        74.19       25.81       1.624000    -0.067100   -3.97       61.89       38.11
2026-05-07 03:05:00 UTCNILUSDT     0.046180      75.03     2029        53698790.700000 -112496.800000-0.21       2.149600    0.011900    0.56        68.25       31.75       2.844600    -0.030400   -1.06       73.99       26.01       1.670900    0.046900    2.89        62.56       37.44
2026-05-07 03:10:00 UTCNILUSDT     0.046760      79.20     3431        54808697.400000 1109906.7000002.07        2.138700    -0.010900   -0.51       68.14       31.86       2.892700    0.048100    1.69        74.31       25.69       1.646200    -0.024700   -1.48       62.21       37.79
2026-05-07 03:15:00 UTCNILUSDT     0.045150      52.84     8211        56509239.800000 1700542.4000003.10        2.089300    -0.049400   -2.31       67.63       32.37       2.901900    0.009200    0.32        74.37       25.63       1.646200    0.000000    0.00        62.21       37.79
2026-05-07 03:20:00 UTCNILUSDT     0.045570      56.87     4793        57275249.100000 766009.300000 1.36        2.340000    0.250700    12.00       70.06       29.94       2.801200    -0.100700   -3.47       73.69       26.31       1.858800    0.212600    12.91       65.02       34.98
2026-05-07 03:25:00 UTCNILUSDT     0.045740      58.42     1851        58422943.200000 1147694.1000002.00        2.355700    0.015700    0.67        70.20       29.80       2.835600    0.034400    1.23        73.93       26.07       1.870300    0.011500    0.62        65.16       34.84
2026-05-07 03:30:00 UTCNILUSDT     0.046100      61.57     2133        58924004.100000 501060.900000 0.86        2.316700    -0.039000   -1.66       69.85       30.15       2.812200    -0.023400   -0.83       73.77       26.23       1.869400    -0.000900   -0.05       65.15       34.85
2026-05-07 03:35:00 UTCNILUSDT     0.045940      59.42     1699        59121438.400000 197434.300000 0.34        2.293800    -0.022900   -0.99       69.64       30.36       2.793400    -0.018800   -0.67       73.64       26.36       1.833700    -0.035700   -1.91       64.71       35.29
2026-05-07 03:40:00 UTCNILUSDT     0.046230      62.01     1339        59381048.700000 259610.300000 0.44        2.305800    0.012000    0.52        69.75       30.25       2.813600    0.020200    0.72        73.78       26.22       1.851400    0.017700    0.97        64.93       35.07
2026-05-07 03:45:00 UTCNILUSDT     0.046720      65.97     1693        59516792.400000 135743.700000 0.23        2.281900    -0.023900   -1.04       69.53       30.47       2.821300    0.007700    0.27        73.83       26.17       1.819300    -0.032100   -1.73       64.53       35.47
2026-05-07 03:50:00 UTCNILUSDT     0.046700      65.67     2458        59609209.100000 92416.700000  0.16        2.236200    -0.045700   -2.00       69.10       30.90       2.790700    -0.030600   -1.08       73.62       26.38       1.816900    -0.002400   -0.13       64.50       35.50
2026-05-07 03:55:00 UTCNILUSDT     0.046510      62.74     2308        59780924.000000 171714.900000 0.29        2.207200    -0.029000   -1.30       68.82       31.18       2.807800    0.017100    0.61        73.74       26.26       1.780100    -0.036800   -2.03       64.03       35.97
2026-05-07 04:00:00 UTCNILUSDT     0.046700      64.45     3909        59813611.700000 32687.700000  0.05        2.230000    0.022800    1.03        69.04       30.96       2.837200    0.029400    1.05        73.94       26.06       1.791700    0.011600    0.65        64.18       35.82
2026-05-07 04:05:00 UTCNILUSDT     0.046940      66.53     2908        59771892.400000 -41719.300000 -0.07       2.172600    -0.057400   -2.57       68.48       31.52       2.789300    -0.047900   -1.69       73.61       26.39       1.736000    -0.055700   -3.11       63.45       36.55
2026-05-07 04:10:00 UTCNILUSDT     0.047320      69.57     4294        61103332.800000 1331440.4000002.23        2.143700    -0.028900   -1.33       68.19       31.81       2.784300    -0.005000   -0.18       73.57       26.43       1.714400    -0.021600   -1.24       63.16       36.84
2026-05-07 04:15:00 UTCNILUSDT     0.047220      67.83     5996        61974995.900000 871663.100000 1.43        2.210300    0.066600    3.11        68.85       31.15       2.679200    -0.105100   -3.77       72.82       27.18       1.761700    0.047300    2.76        63.79       36.21
2026-05-07 04:20:00 UTCNILUSDT     0.047240      68.00     4724        62957734.900000 982739.000000 1.59        2.230000    0.019700    0.89        69.04       30.96       2.619300    -0.059900   -2.24       72.37       27.63       1.798800    0.037100    2.11        64.27       35.73
2026-05-07 04:25:00 UTCNILUSDT     0.046590      57.22     5199        63294878.300000 337143.400000 0.54        2.286200    0.056200    2.52        69.57       30.43       2.619100    -0.000200   -0.01       72.37       27.63       1.839300    0.040500    2.25        64.78       35.22
2026-05-07 04:30:00 UTCNILUSDT     0.047120      62.45     3021        62982697.100000 -312181.200000-0.49       2.275500    -0.010700   -0.47       69.47       30.53       2.710100    0.091000    3.47        73.05       26.95       1.828100    -0.011200   -0.61       64.64       35.36
2026-05-07 04:35:00 UTCNILUSDT     0.047030      61.08     1694        63107123.600000 124426.500000 0.20        2.236200    -0.039300   -1.73       69.10       30.90       2.710000    -0.000100   -0.00       73.05       26.95       1.812100    -0.016000   -0.88       64.44       35.56
2026-05-07 04:40:00 UTCNILUSDT     0.047040      61.19     2083        63195642.900000 88519.300000  0.14        2.249900    0.013700    0.61        69.23       30.77       2.681600    -0.028400   -1.05       72.84       27.16       1.825700    0.013600    0.75        64.61       35.39
2026-05-07 04:45:00 UTCNILUSDT     0.047580      66.30     2669        63306841.700000 111198.800000 0.18        2.257300    0.007400    0.33        69.30       30.70       2.620900    -0.060700   -2.26       72.38       27.62       1.858000    0.032300    1.77        65.01       34.99
2026-05-07 04:50:00 UTCNILUSDT     0.048300      71.66     2825        63462366.300000 155524.600000 0.25        2.179700    -0.077600   -3.44       68.55       31.45       2.581300    -0.039600   -1.51       72.08       27.92       1.769300    -0.088700   -4.77       63.89       36.11
2026-05-07 04:55:00 UTCNILUSDT     0.047540      60.69     7877        63429584.900000 -32781.400000 -0.05       2.093100    -0.086600   -3.97       67.67       32.33       2.596500    0.015200    0.59        72.20       27.80       1.675900    -0.093400   -5.28       62.63       37.37
2026-05-07 05:00:00 UTCNILUSDT     0.047560      60.86     3462        64124915.300000 695330.400000 1.10        2.196900    0.103800    4.96        68.72       31.28       2.571800    -0.024700   -0.95       72.00       28.00       1.773900    0.098000    5.85        63.95       36.05
2026-05-07 05:05:00 UTCNILUSDT     0.048050      64.86     3108        64185982.300000 61067.000000  0.10        2.089300    -0.107600   -4.90       67.63       32.37       2.569200    -0.002600   -0.10       71.98       28.02       1.729300    -0.044600   -2.51       63.36       36.64
2026-05-07 05:10:00 UTCNILUSDT     0.048510      68.16     4543        64574479.700000 388497.400000 0.61        2.156600    0.067300    3.22        68.32       31.68       2.582500    0.013300    0.52        72.09       27.91       1.778500    0.049200    2.85        64.01       35.99
2026-05-07 05:15:00 UTCNILUSDT     0.049040      71.47     3136        64321320.700000 -253159.000000-0.39       2.123000    -0.033600   -1.56       67.98       32.02       2.528700    -0.053800   -2.08       71.66       28.34       1.736700    -0.041800   -2.35       63.46       36.54
2026-05-07 05:20:00 UTCNILUSDT     0.048200      60.68     4177        64726646.500000 405325.800000 0.63        2.095000    -0.028000   -1.32       67.69       32.31       2.493000    -0.035700   -1.41       71.37       28.63       1.723300    -0.013400   -0.77       63.28       36.72
2026-05-07 05:25:00 UTCNILUSDT     0.047090      49.95     4433        64460506.200000 -266140.300000-0.41       2.113300    0.018300    0.87        67.88       32.12       2.513300    0.020300    0.81        71.54       28.46       1.742700    0.019400    1.13        63.54       36.46
2026-05-07 05:30:00 UTCNILUSDT     0.047920      56.19     4459        64132905.500000 -327600.700000-0.51       2.183700    0.070400    3.33        68.59       31.41       2.486200    -0.027100   -1.08       71.32       28.68       1.847400    0.104700    6.01        64.88       35.12
2026-05-07 05:35:00 UTCNILUSDT     0.049200      63.70     4162        64691515.000000 558609.500000 0.87        2.107500    -0.076200   -3.49       67.82       32.18       2.442800    -0.043400   -1.75       70.95       29.05       1.769300    -0.078100   -4.23       63.89       36.11
2026-05-07 05:40:00 UTCNILUSDT     0.049380      64.62     2666        65226709.900000 535194.900000 0.83        2.065600    -0.041900   -1.99       67.38       32.62       2.450700    0.007900    0.32        71.02       28.98       1.701200    -0.068100   -3.85       62.98       37.02
2026-05-07 05:45:00 UTCNILUSDT     0.049290      63.75     2468        65127944.500000 -98765.400000 -0.15       2.007500    -0.058100   -2.81       66.75       33.25       2.467700    0.017000    0.69        71.16       28.84       1.679500    -0.021700   -1.28       62.68       37.32
2026-05-07 05:50:00 UTCNILUSDT     0.051750      74.03     8399        65677198.500000 549254.000000 0.84        2.016600    0.009100    0.45        66.85       33.15       2.458000    -0.009700   -0.39       71.08       28.92       1.692500    0.013000    0.77        62.86       37.14
2026-05-07 05:55:00 UTCNILUSDT     0.051520      71.98     19127       67078479.000000 1401280.5000002.13        1.901900    -0.114700   -5.69       65.54       34.46       2.347600    -0.110400   -4.49       70.13       29.87       1.620500    -0.072000   -4.25       61.84       38.16
2026-05-07 06:00:00 UTCNILUSDT     0.049070      54.59     11553       68358521.200000 1280042.2000001.91        1.845800    -0.056100   -2.95       64.86       35.14       2.206500    -0.141100   -6.01       68.81       31.19       1.578000    -0.042500   -2.62       61.21       38.79
2026-05-07 06:05:00 UTCNILUSDT     0.049690      57.40     7895        69646863.500000 1288342.3000001.88        1.985100    0.139300    7.55        66.50       33.50       2.251900    0.045400    2.06        69.25       30.75       1.663100    0.085100    5.39        62.45       37.55
2026-05-07 06:10:00 UTCNILUSDT     0.050630      61.30     5081        70554187.000000 907323.500000 1.30        2.029400    0.044300    2.23        66.99       33.01       2.252700    0.000800    0.04        69.26       30.74       1.675200    0.012100    0.73        62.62       37.38
2026-05-07 06:15:00 UTCNILUSDT     0.054600      72.68     16275       71273180.100000 718993.100000 1.02        1.954200    -0.075200   -3.71       66.15       33.85       2.217100    -0.035600   -1.58       68.92       31.08       1.624000    -0.051200   -3.06       61.89       38.11
2026-05-07 06:20:00 UTCNILUSDT     0.051500      58.27     24622       71866671.800000 593491.700000 0.83        1.896900    -0.057300   -2.93       65.48       34.52       2.203200    -0.013900   -0.63       68.78       31.22       1.577300    -0.046700   -2.88       61.20       38.80
2026-05-07 06:25:00 UTCNILUSDT     0.052190      60.16     12930       73195872.900000 1329201.1000001.85        2.009300    0.112400    5.93        66.77       33.23       2.057300    -0.145900   -6.62       67.29       32.71       1.721100    0.143800    9.12        63.25       36.75
2026-05-07 06:30:00 UTCNILUSDT     0.050340      53.19     12506       73930645.200000 734772.300000 1.00        1.895200    -0.114100   -5.68       65.46       34.54       2.025000    -0.032300   -1.57       66.94       33.06       1.680200    -0.040900   -2.38       62.69       37.31
2026-05-07 06:35:00 UTCNILUSDT     0.051730      57.21     6872        72541067.200000 -1389578.000000-1.88       1.981500    0.086300    4.55        66.46       33.54       2.031700    0.006700    0.33        67.01       32.99       1.710000    0.029800    1.77        63.10       36.90
2026-05-07 06:40:00 UTCNILUSDT     0.051200      55.26     4342        72775273.800000 234206.600000 0.32        1.913800    -0.067700   -3.42       65.68       34.32       2.067200    0.035500    1.75        67.40       32.60       1.671700    -0.038300   -2.24       62.57       37.43
2026-05-07 06:45:00 UTCNILUSDT     0.050950      54.32     3160        72808449.800000 33176.000000  0.05        1.878500    -0.035300   -1.84       65.26       34.74       2.081500    0.014300    0.69        67.55       32.45       1.639200    -0.032500   -1.94       62.11       37.89
2026-05-07 06:50:00 UTCNILUSDT     0.050400      52.22     4029        72511385.100000 -297064.700000-0.41       1.930800    0.052300    2.78        65.88       34.12       2.096600    0.015100    0.73        67.71       32.29       1.664500    0.025300    1.54        62.47       37.53
2026-05-07 06:55:00 UTCNILUSDT     0.051380      55.52     3210        72398446.300000 -112938.800000-0.16       1.957700    0.026900    1.39        66.19       33.81       2.114900    0.018300    0.87        67.90       32.10       1.692500    0.028000    1.68        62.86       37.14
2026-05-07 07:00:00 UTCNILUSDT     0.053140      60.76     9113        72594029.000000 195582.700000 0.27        1.908700    -0.049000   -2.50       65.62       34.38       2.115200    0.000300    0.01        67.90       32.10       1.643400    -0.049100   -2.90       62.17       37.83
2026-05-07 07:05:00 UTCNILUSDT     0.052080      56.45     17886       72024587.900000 -569441.100000-0.78       1.877700    -0.031000   -1.62       65.25       34.75       2.037600    -0.077600   -3.67       67.08       32.92       1.644800    0.001400    0.09        62.19       37.81
2026-05-07 07:10:00 UTCNILUSDT     0.051350      53.63     6252        71309500.100000 -715087.800000-0.99       1.961200    0.083500    4.45        66.23       33.77       1.970900    -0.066700   -3.27       66.34       33.66       1.704200    0.059400    3.61        63.02       36.98
2026-05-07 07:15:00 UTCNILUSDT     0.050710      51.21     4443        71395683.300000 86183.200000  0.12        1.994000    0.032800    1.67        66.60       33.40       1.962400    -0.008500   -0.43       66.24       33.76       1.768500    0.064300    3.77        63.88       36.12
2026-05-07 07:20:00 UTCNILUSDT     0.052080      55.80     5165        71492807.000000 97123.700000  0.14        1.983300    -0.010700   -0.54       66.48       33.52       1.972500    0.010100    0.51        66.36       33.64       1.759400    -0.009100   -0.51       63.76       36.24
2026-05-07 07:25:00 UTCNILUSDT     0.052810      58.07     5567        73032059.100000 1539252.1000002.15        1.857100    -0.126200   -6.36       65.00       35.00       1.989500    0.017000    0.86        66.55       33.45       1.640600    -0.118800   -6.75       62.13       37.87
2026-05-07 07:30:00 UTCNILUSDT     0.052980      58.60     9162        72782740.200000 -249318.900000-0.34       1.855500    -0.001600   -0.09       64.98       35.02       1.970500    -0.019000   -0.96       66.34       33.66       1.644100    0.003500    0.21        62.18       37.82
2026-05-07 07:35:00 UTCNILUSDT     0.053140      59.13     6440        72917663.300000 134923.100000 0.19        1.882700    0.027200    1.47        65.31       34.69       1.953700    -0.016800   -0.85       66.14       33.86       1.663100    0.019000    1.16        62.45       37.55
2026-05-07 07:40:00 UTCNILUSDT     0.052440      55.79     5624        73614344.200000 696680.900000 0.96        1.826500    -0.056200   -2.99       64.62       35.38       1.903600    -0.050100   -2.56       65.56       34.44       1.602800    -0.060300   -3.63       61.58       38.42
2026-05-07 07:45:00 UTCNILUSDT     0.051360      51.00     6661        74266252.000000 651907.800000 0.89        1.867800    0.041300    2.26        65.13       34.87       1.926400    0.022800    1.20        65.83       34.17       1.630900    0.028100    1.75        61.99       38.01
2026-05-07 07:50:00 UTCNILUSDT     0.051670      52.27     6013        74616613.800000 350361.800000 0.47        1.860400    -0.007400   -0.40       65.04       34.96       1.960800    0.034400    1.79        66.23       33.77       1.658900    0.028000    1.72        62.39       37.61
2026-05-07 07:55:00 UTCNILUSDT     0.053490      58.97     4561        75449618.700000 833004.900000 1.12        1.793300    -0.067100   -3.61       64.20       35.80       1.940500    -0.020300   -1.04       65.99       34.01       1.596100    -0.062800   -3.79       61.48       38.52
2026-05-07 08:00:00 UTCNILUSDT     0.056390      66.93     15515       75268835.200000 -180783.500000-0.24       1.759400    -0.033900   -1.89       63.76       36.24       1.918300    -0.022200   -1.14       65.73       34.27       1.562100    -0.034000   -2.13       60.97       39.03
2026-05-07 08:05:00 UTCNILUSDT     0.053140      54.23     20401       75897307.800000 628472.600000 0.83        1.665200    -0.094200   -5.35       62.48       37.52       1.861000    -0.057300   -2.99       65.05       34.95       1.454000    -0.108100   -6.92       59.25       40.75
2026-05-07 08:10:00 UTCNILUSDT     0.053880      56.26     7643        76318322.000000 421014.200000 0.55        1.768500    0.103300    6.20        63.88       36.12       1.894800    0.033800    1.82        65.46       34.54       1.583300    0.129300    8.89        61.29       38.71
2026-05-07 08:15:00 UTCNILUSDT     0.055870      61.25     15574       76985841.100000 667519.100000 0.87        1.715900    -0.052600   -2.97       63.18       36.82       1.901600    0.006800    0.36        65.54       34.46       1.549100    -0.034200   -2.16       60.77       39.23
2026-05-07 08:20:00 UTCNILUSDT     0.054050      55.07     13304       77199029.800000 213188.700000 0.28        1.674500    -0.041400   -2.41       62.61       37.39       1.855700    -0.045900   -2.41       64.98       35.02       1.525900    -0.023200   -1.50       60.41       39.59
2026-05-07 08:25:00 UTCNILUSDT     0.053620      53.69     7237        78832777.400000 1633747.6000002.12        1.738200    0.063700    3.80        63.48       36.52       1.834500    -0.021200   -1.14       64.72       35.28       1.584600    0.058700    3.85        61.31       38.69
2026-05-07 08:30:00 UTCNILUSDT     0.052920      51.43     10730       78827202.300000 -5575.100000  -0.01       1.777800    0.039600    2.28        64.00       36.00       1.830800    -0.003700   -0.20       64.67       35.33       1.608200    0.023600    1.49        61.66       38.34
2026-05-07 08:35:00 UTCNILUSDT     0.052410      49.78     11254       77736617.900000 -1090584.400000-1.38       1.790200    0.012400    0.70        64.16       35.84       1.862900    0.032100    1.75        65.07       34.93       1.630200    0.022000    1.37        61.98       38.02
2026-05-07 08:40:00 UTCNILUSDT     0.052630      50.52     5718        79768069.300000 2031451.4000002.61        1.793300    0.003100    0.17        64.20       35.80       1.905400    0.042500    2.28        65.58       34.42       1.649000    0.018800    1.15        62.25       37.75
2026-05-07 08:45:00 UTCNILUSDT     0.052080      48.60     7510        80272650.600000 504581.300000 0.63        1.845000    0.051700    2.88        64.85       35.15       1.899300    -0.006100   -0.32       65.51       34.49       1.668100    0.019100    1.16        62.52       37.48
2026-05-07 08:50:00 UTCNILUSDT     0.052390      49.76     6001        80444099.800000 171449.200000 0.21        1.875200    0.030200    1.64        65.22       34.78       1.888200    -0.011100   -0.58       65.38       34.62       1.683800    0.015700    0.94        62.74       37.26
2026-05-07 08:55:00 UTCNILUSDT     0.053290      53.06     4399        80579274.300000 135174.500000 0.17        1.816900    -0.058300   -3.11       64.50       35.50       1.891800    0.003600    0.19        65.42       34.58       1.639900    -0.043900   -2.61       62.12       37.88
2026-05-07 09:00:00 UTCNILUSDT     0.051970      48.07     7429        80693992.200000 114717.900000 0.14        1.794100    -0.022800   -1.25       64.21       35.79       1.888400    -0.003400   -0.18       65.38       34.62       1.606200    -0.033700   -2.06       61.63       38.37
2026-05-07 09:05:00 UTCNILUSDT     0.052900      51.53     5673        80778605.400000 84613.200000  0.10        1.889300    0.095200    5.31        65.39       34.61       1.886600    -0.001800   -0.10       65.36       34.64       1.702000    0.095800    5.96        62.99       37.01
2026-05-07 09:10:00 UTCNILUSDT     0.054140      55.76     8059        81458496.100000 679890.700000 0.84        1.850600    -0.038700   -2.05       64.92       35.08       1.894300    0.007700    0.41        65.45       34.55       1.657500    -0.044500   -2.61       62.37       37.63
2026-05-07 09:15:00 UTCNILUSDT     0.055380      59.56     9842        82473762.000000 1015265.9000001.25        1.737500    -0.113100   -6.11       63.47       36.53       1.859800    -0.034500   -1.82       65.03       34.97       1.563400    -0.094100   -5.68       60.99       39.01
2026-05-07 09:20:00 UTCNILUSDT     0.056140      61.73     9604        82758162.700000 284400.700000 0.34        1.671700    -0.065800   -3.79       62.57       37.43       1.836800    -0.023000   -1.24       64.75       35.25       1.502500    -0.060900   -3.90       60.04       39.96
2026-05-07 09:25:00 UTCNILUSDT     0.056230      61.99     11757       84102982.800000 1344820.1000001.62        1.632300    -0.039400   -2.36       62.01       37.99       1.791500    -0.045300   -2.47       64.18       35.82       1.456400    -0.046100   -3.07       59.29       40.71
2026-05-07 09:30:00 UTCNILUSDT     0.055770      59.75     18613       84503347.700000 400364.900000 0.48        1.662400    0.030100    1.84        62.44       37.56       1.813800    0.022300    1.24        64.46       35.54       1.461200    0.004800    0.33        59.37       40.63
2026-05-07 09:35:00 UTCNILUSDT     0.054520      54.05     10408       84304047.000000 -199300.700000-0.24       1.660300    -0.002100   -0.13       62.41       37.59       1.788900    -0.024900   -1.37       64.14       35.86       1.494400    0.033200    2.27        59.91       40.09
2026-05-07 09:40:00 UTCNILUSDT     0.053920      51.51     9355        84253339.700000 -50707.300000 -0.06       1.715200    0.054900    3.31        63.17       36.83       1.794800    0.005900    0.33        64.22       35.78       1.457600    -0.036800   -2.46       59.31       40.69
2026-05-07 09:45:00 UTCNILUSDT     0.054370      53.28     6130        84614203.600000 360863.900000 0.43        1.754100    0.038900    2.27        63.69       36.31       1.820600    0.025800    1.44        64.55       35.45       1.456400    -0.001200   -0.08       59.29       40.71
2026-05-07 09:50:00 UTCNILUSDT     0.054820      55.05     6137        84575963.600000 -38240.000000 -0.05       1.715900    -0.038200   -2.18       63.18       36.82       1.811000    -0.009600   -0.53       64.43       35.57       1.433100    -0.023300   -1.60       58.90       41.10
2026-05-07 09:55:00 UTCNILUSDT     0.055230      56.67     7706        84463889.500000 -112074.100000-0.13       1.704200    -0.011700   -0.68       63.02       36.98       1.793000    -0.018000   -0.99       64.20       35.80       1.429000    -0.004100   -0.29       58.83       41.17
2026-05-07 10:00:00 UTCNILUSDT     0.055820      58.95     8630        84768949.900000 305060.400000 0.36        1.690300    -0.013900   -0.82       62.83       37.17       1.770500    -0.022500   -1.25       63.90       36.10       1.429500    0.000500    0.03        58.84       41.16
2026-05-07 10:05:00 UTCNILUSDT     0.055450      56.92     7107        85658150.800000 889200.900000 1.05        1.647600    -0.042700   -2.53       62.23       37.77       1.751600    -0.018900   -1.07       63.66       36.34       1.405000    -0.024500   -1.71       58.42       41.58
2026-05-07 10:10:00 UTCNILUSDT     0.054300      51.05     7507        85313144.900000 -345005.900000-0.40       1.638500    -0.009100   -0.55       62.10       37.90       1.749700    -0.001900   -0.11       63.63       36.37       1.391200    -0.013800   -0.98       58.18       41.82
2026-05-07 10:15:00 UTCNILUSDT     0.054380      51.43     6237        85605686.000000 292541.100000 0.34        1.683800    0.045300    2.76        62.74       37.26       1.787100    0.037400    2.14        64.12       35.88       1.406200    0.015000    1.08        58.44       41.56
2026-05-07 10:20:00 UTCNILUSDT     0.056670      60.71     8766        86903867.000000 1298181.0000001.52        1.696900    0.013100    0.78        62.92       37.08       1.813900    0.026800    1.50        64.46       35.54       1.415500    0.009300    0.66        58.60       41.40
2026-05-07 10:25:00 UTCNILUSDT     0.057780      64.28     22670       86982031.300000 78164.300000  0.09        1.637800    -0.059100   -3.48       62.09       37.91       1.782500    -0.031400   -1.73       64.06       35.94       1.357900    -0.057600   -4.07       57.59       42.41
2026-05-07 10:30:00 UTCNILUSDT     0.060190      70.53     31645       88107859.100000 1125827.8000001.29        1.775500    0.137700    8.41        63.97       36.03       1.791600    0.009100    0.51        64.18       35.82       1.436600    0.078700    5.80        58.96       41.04
2026-05-07 10:35:00 UTCNILUSDT     0.060550      71.33     28683       91360469.400000 3252610.3000003.69        1.611000    -0.164500   -9.26       61.70       38.30       1.667100    -0.124500   -6.95       62.51       37.49       1.373600    -0.063000   -4.39       57.87       42.13
2026-05-07 10:40:00 UTCNILUSDT     0.059750      66.95     24734       93428223.400000 2067754.0000002.26        1.573300    -0.037700   -2.34       61.14       38.86       1.662600    -0.004500   -0.27       62.44       37.56       1.355700    -0.017900   -1.30       57.55       42.45
2026-05-07 10:45:00 UTCNILUSDT     0.060980      70.00     28480       96294702.000000 2866478.6000003.07        1.586000    0.012700    0.81        61.33       38.67       1.633900    -0.028700   -1.73       62.03       37.97       1.394100    0.038400    2.83        58.23       41.77
2026-05-07 10:50:00 UTCNILUSDT     0.060280      66.25     15956       97170431.200000 875729.200000 0.91        1.560200    -0.025800   -1.63       60.94       39.06       1.600000    -0.033900   -2.07       61.54       38.46       1.374200    -0.019900   -1.43       57.88       42.12
2026-05-07 10:55:00 UTCNILUSDT     0.059620      62.83     16604       99140308.200000 1969877.0000002.03        1.554900    -0.005300   -0.34       60.86       39.14       1.602600    0.002600    0.16        61.58       38.42       1.373000    -0.001200   -0.09       57.86       42.14
2026-05-07 11:00:00 UTCNILUSDT     0.059770      63.29     17410       101612635.8000002472327.6000002.49        1.547100    -0.007800   -0.50       60.74       39.26       1.587900    -0.014700   -0.92       61.36       38.64       1.381500    0.008500    0.62        58.01       41.99
2026-05-07 11:05:00 UTCNILUSDT     0.059070      59.56     46594       102002286.100000389650.300000 0.38        1.494400    -0.052700   -3.41       59.91       40.09       1.571400    -0.016500   -1.04       61.11       38.89       1.354600    -0.026900   -1.95       57.53       42.47
2026-05-07 11:10:00 UTCNILUSDT     0.059830      62.17     21870       98309702.500000 -3692583.600000-3.62       1.574000    0.079600    5.33        61.15       38.85       1.565800    -0.005600   -0.36       61.03       38.97       1.434300    0.079700    5.88        58.92       41.08
2026-05-07 11:15:00 UTCNILUSDT     0.060530      64.45     17866       99284086.800000 974384.300000 0.99        1.485700    -0.088300   -5.61       59.77       40.23       1.564600    -0.001200   -0.08       61.01       38.99       1.377600    -0.056700   -3.95       57.94       42.06
2026-05-07 11:20:00 UTCNILUSDT     0.058670      54.98     20313       99676451.400000 392364.600000 0.40        1.486300    0.000600    0.04        59.78       40.22       1.530100    -0.034500   -2.21       60.48       39.52       1.370800    -0.006800   -0.49       57.82       42.18
2026-05-07 11:25:00 UTCNILUSDT     0.058420      53.84     15791       99017464.900000 -658986.500000-0.66       1.525900    0.039600    2.66        60.41       39.59       1.535300    0.005200    0.34        60.56       39.44       1.393500    0.022700    1.66        58.22       41.78
2026-05-07 11:30:00 UTCNILUSDT     0.058380      53.64     13759       99283544.800000 266079.900000 0.27        1.581300    0.055400    3.63        61.26       38.74       1.555500    0.020200    1.32        60.87       39.13       1.421300    0.027800    1.99        58.70       41.30
2026-05-07 11:35:00 UTCNILUSDT     0.057930      51.42     16438       100070683.900000787139.100000 0.79        1.545800    -0.035500   -2.24       60.72       39.28       1.567900    0.012400    0.80        61.06       38.94       1.422500    0.001200    0.08        58.72       41.28
2026-05-07 11:40:00 UTCNILUSDT     0.057680      50.17     13922       100353850.900000283167.000000 0.28        1.512600    -0.033200   -2.15       60.20       39.80       1.584500    0.016600    1.06        61.31       38.69       1.379300    -0.043200   -3.04       57.97       42.03
2026-05-07 11:45:00 UTCNILUSDT     0.059240      57.15     17086       101229642.600000875791.700000 0.87        1.536800    0.024200    1.60        60.58       39.42       1.601600    0.017100    1.08        61.56       38.44       1.391800    0.012500    0.91        58.19       41.81
2026-05-07 11:50:00 UTCNILUSDT     0.058230      52.07     13329       101927289.000000697646.400000 0.69        1.506900    -0.029900   -1.95       60.11       39.89       1.565300    -0.036300   -2.27       61.02       38.98       1.363500    -0.028300   -2.03       57.69       42.31
2026-05-07 11:55:00 UTCNILUSDT     0.057980      50.86     11383       101578383.000000-348906.000000-0.34       1.566700    0.059800    3.97        61.04       38.96       1.587700    0.022400    1.43        61.36       38.64       1.395200    0.031700    2.32        58.25       41.75
2026-05-07 12:00:00 UTCNILUSDT     0.057550      48.77     18166       101423879.400000-154503.600000-0.15       1.595400    0.028700    1.83        61.47       38.53       1.590300    0.002600    0.16        61.40       38.60       1.411400    0.016200    1.16        58.53       41.47
2026-05-07 12:05:00 UTCNILUSDT     0.058280      52.35     12936       103549810.9000002125931.5000002.10        1.578000    -0.017400   -1.09       61.21       38.79       1.590200    -0.000100   -0.01       61.39       38.61       1.409600    -0.001800   -0.13       58.50       41.50
2026-05-07 12:10:00 UTCNILUSDT     0.056720      45.09     21481       105294409.7000001744598.8000001.68        1.536800    -0.041200   -2.61       60.58       39.42       1.626000    0.035800    2.25        61.92       38.08       1.370800    -0.038800   -2.75       57.82       42.18
2026-05-07 12:15:00 UTCNILUSDT     0.056220      43.03     20339       105901983.200000607573.500000 0.58        1.630900    0.094100    6.12        61.99       38.01       1.633900    0.007900    0.49        62.03       37.97       1.437200    0.066400    4.84        58.97       41.03
2026-05-07 12:20:00 UTCNILUSDT     0.056930      46.75     13477       105841932.700000-60050.500000 -0.06       1.618500    -0.012400   -0.76       61.81       38.19       1.652200    0.018300    1.12        62.30       37.70       1.395800    -0.041400   -2.88       58.26       41.74
2026-05-07 12:25:00 UTCNILUSDT     0.057280      48.54     7378        107176244.1000001334311.4000001.26        1.623300    0.004800    0.30        61.88       38.12       1.688900    0.036700    2.22        62.81       37.19       1.394100    -0.001700   -0.12       58.23       41.77
2026-05-07 12:30:00 UTCNILUSDT     0.057480      49.58     13709       109089840.7000001913596.6000001.79        1.606900    -0.016400   -1.01       61.64       38.36       1.691100    0.002200    0.13        62.84       37.16       1.377600    -0.016500   -1.18       57.94       42.06
2026-05-07 12:35:00 UTCNILUSDT     0.057220      48.21     12084       110768062.7000001678222.0000001.54        1.445000    -0.161900   -10.08      59.10       40.90       1.677700    -0.013400   -0.79       62.66       37.34       1.288300    -0.089300   -6.48       56.30       43.70
2026-05-07 12:40:00 UTCNILUSDT     0.057450      49.53     8320        113060126.0000002292063.3000002.07        1.466100    0.021100    1.46        59.45       40.55       1.701000    0.023300    1.39        62.98       37.02       1.317500    0.029200    2.27        56.85       43.15
2026-05-07 12:45:00 UTCNILUSDT     0.059050      57.64     13683       114166644.3000001106518.3000000.98        1.459400    -0.006700   -0.46       59.34       40.66       1.695100    -0.005900   -0.35       62.90       37.10       1.311100    -0.006400   -0.49       56.73       43.27
2026-05-07 12:50:00 UTCNILUSDT     0.057730      50.44     11263       114786281.600000619637.300000 0.54        1.416600    -0.042800   -2.93       58.62       41.38       1.688800    -0.006300   -0.37       62.81       37.19       1.322300    0.011200    0.85        56.94       43.06
2026-05-07 12:55:00 UTCNILUSDT     0.057540      49.48     8886        115644098.700000857817.100000 0.75        1.449800    0.033200    2.34        59.18       40.82       1.702000    0.013200    0.78        62.99       37.01       1.362400    0.040100    3.03        57.67       42.33
2026-05-07 13:00:00 UTCNILUSDT     0.058250      53.07     12202       116603280.700000959182.000000 0.83        1.431300    -0.018500   -1.28       58.87       41.13       1.688400    -0.013600   -0.80       62.80       37.20       1.340300    -0.022100   -1.62       57.27       42.73
2026-05-07 13:05:00 UTCNILUSDT     0.057720      50.20     6059        116915402.800000312122.100000 0.27        1.388900    -0.042400   -2.96       58.14       41.86       1.700700    0.012300    0.73        62.97       37.03       1.314300    -0.026000   -1.94       56.79       43.21
2026-05-07 13:10:00 UTCNILUSDT     0.057920      51.27     5703        118063922.3000001148519.5000000.98        1.410800    0.021900    1.58        58.52       41.48       1.680100    -0.020600   -1.21       62.69       37.31       1.337000    0.022700    1.73        57.21       42.79
2026-05-07 13:15:00 UTCNILUSDT     0.058650      55.06     9742        118223063.900000159141.600000 0.13        1.401500    -0.009300   -0.66       58.36       41.64       1.673400    -0.006700   -0.40       62.59       37.41       1.332600    -0.004400   -0.33       57.13       42.87
2026-05-07 13:20:00 UTCNILUSDT     0.058060      51.57     8154        117924517.000000-298546.900000-0.25       1.414900    0.013400    0.96        58.59       41.41       1.701100    0.027700    1.66        62.98       37.02       1.354000    0.021400    1.61        57.52       42.48
2026-05-07 13:25:00 UTCNILUSDT     0.058170      52.18     7515        118570833.100000646316.100000 0.55        1.419500    0.004600    0.33        58.67       41.33       1.724900    0.023800    1.40        63.30       36.70       1.358500    0.004500    0.33        57.60       42.40
2026-05-07 13:30:00 UTCNILUSDT     0.058690      55.06     7044        119345802.500000774969.400000 0.65        1.430700    0.011200    0.79        58.86       41.14       1.724700    -0.000200   -0.01       63.30       36.70       1.364600    0.006100    0.45        57.71       42.29
2026-05-07 13:35:00 UTCNILUSDT     0.058780      55.56     8430        120286197.200000940394.700000 0.79        1.397500    -0.033200   -2.32       58.29       41.71       1.722500    -0.002200   -0.13       63.27       36.73       1.329400    -0.035200   -2.58       57.07       42.93
2026-05-07 13:40:00 UTCNILUSDT     0.058670      54.76     7108        121368500.5000001082303.3000000.90        1.386600    -0.010900   -0.78       58.10       41.90       1.724800    0.002300    0.13        63.30       36.70       1.315400    -0.014000   -1.05       56.81       43.19
2026-05-07 13:45:00 UTCNILUSDT     0.058380      52.61     6594        121168703.800000-199796.700000-0.16       1.404400    0.017800    1.28        58.41       41.59       1.733700    0.008900    0.52        63.42       36.58       1.337000    0.021600    1.64        57.21       42.79
2026-05-07 13:50:00 UTCNILUSDT     0.059220      57.78     6875        121205378.20000036674.400000  0.03        1.394600    -0.009800   -0.70       58.24       41.76       1.735600    0.001900    0.11        63.45       36.55       1.336400    -0.000600   -0.04       57.20       42.80
2026-05-07 13:55:00 UTCNILUSDT     0.060300      63.32     33113       120698694.900000-506683.300000-0.42       1.383200    -0.011400   -0.82       58.04       41.96       1.728700    -0.006900   -0.40       63.35       36.65       1.322300    -0.014100   -1.06       56.94       43.06
2026-05-07 14:00:00 UTCNILUSDT     0.061360      67.78     26086       120748058.40000049363.500000  0.04        1.313200    -0.070000   -5.06       56.77       43.23       1.660300    -0.068400   -3.96       62.41       37.59       1.272700    -0.049600   -3.75       56.00       44.00
2026-05-07 14:05:00 UTCNILUSDT     0.063840      75.35     43327       126631804.6000005883746.2000004.87        1.259900    -0.053300   -4.06       55.75       44.25       1.641300    -0.019000   -1.14       62.14       37.86       1.224200    -0.048500   -3.81       55.04       44.96
2026-05-07 14:10:00 UTCNILUSDT     0.064950      77.85     48592       132442800.8000005810996.2000004.59        1.175800    -0.084100   -6.68       54.04       45.96       1.567000    -0.074300   -4.53       61.04       38.96       1.183400    -0.040800   -3.33       54.20       45.80
2026-05-07 14:15:00 UTCNILUSDT     0.064480      74.41     45711       138030671.3000005587870.5000004.22        1.116400    -0.059400   -5.05       52.75       47.25       1.484400    -0.082600   -5.27       59.75       40.25       1.147800    -0.035600   -3.01       53.44       46.56
2026-05-07 14:20:00 UTCNILUSDT     0.065830      77.49     46866       141571560.0000003540888.7000002.57        1.104800    -0.011600   -1.04       52.49       47.51       1.507500    0.023100    1.56        60.12       39.88       1.101700    -0.046100   -4.02       52.42       47.58
2026-05-07 14:25:00 UTCNILUSDT     0.064090      66.38     45691       146171780.8000004600220.8000003.25        1.056300    -0.048500   -4.39       51.37       48.63       1.448800    -0.058700   -3.89       59.16       40.84       1.080700    -0.021000   -1.91       51.94       48.06
2026-05-07 14:30:00 UTCNILUSDT     0.063510      63.14     31672       145754870.200000-416910.600000-0.29       1.088600    0.032300    3.06        52.12       47.88       1.440200    -0.008600   -0.59       59.02       40.98       1.087200    0.006500    0.60        52.09       47.91
2026-05-07 14:35:00 UTCNILUSDT     0.062830      59.46     44580       147354275.1000001599404.9000001.10        1.067800    -0.020800   -1.91       51.64       48.36       1.454100    0.013900    0.97        59.25       40.75       1.066100    -0.021100   -1.94       51.60       48.40
2026-05-07 14:40:00 UTCNILUSDT     0.062650      58.49     23496       142184294.700000-5169980.400000-3.51       1.110100    0.042300    3.96        52.61       47.39       1.480500    0.026400    1.82        59.69       40.31       1.087200    0.021100    1.98        52.09       47.91
2026-05-07 14:45:00 UTCNILUSDT     0.063100      60.24     27326       143843132.0000001658837.3000001.17        1.124900    0.014800    1.33        52.94       47.06       1.475300    -0.005200   -0.35       59.60       40.40       1.089000    0.001800    0.17        52.13       47.87
2026-05-07 14:50:00 UTCNILUSDT     0.064270      64.43     17817       145919653.1000002076521.1000001.44        1.110100    -0.014800   -1.32       52.61       47.39       1.437500    -0.037800   -2.56       58.97       41.03       1.101700    0.012700    1.17        52.42       47.58
2026-05-07 14:55:00 UTCNILUSDT     0.064250      64.30     15278       147159284.2000001239631.1000000.85        1.097800    -0.012300   -1.11       52.33       47.67       1.418500    -0.019000   -1.32       58.65       41.35       1.087700    -0.014000   -1.27       52.10       47.90
2026-05-07 15:00:00 UTCNILUSDT     0.066990      72.24     59787       149089289.8000001930005.6000001.31        1.098600    0.000800    0.07        52.35       47.65       1.411300    -0.007200   -0.51       58.53       41.47       1.083800    -0.003900   -0.36       52.01       47.99
2026-05-07 15:05:00 UTCNILUSDT     0.067980      74.45     60391       149625903.000000536613.200000 0.36        1.023500    -0.075100   -6.84       50.58       49.42       1.365900    -0.045400   -3.22       57.73       42.27       1.024700    -0.059100   -5.45       50.61       49.39
2026-05-07 15:10:00 UTCNILUSDT     0.067000      68.62     38481       154251717.9000004625814.9000003.09        0.970800    -0.052700   -5.15       49.26       50.74       1.387100    0.021200    1.55        58.11       41.89       0.992000    -0.032700   -3.19       49.80       50.20
2026-05-07 15:15:00 UTCNILUSDT     0.065180      59.34     44946       158356025.4000004104307.5000002.66        0.979000    0.008200    0.84        49.47       50.53       1.386300    -0.000800   -0.06       58.09       41.91       0.987300    -0.004700   -0.47       49.68       50.32
2026-05-07 15:20:00 UTCNILUSDT     0.065580      60.60     38228       157974586.900000-381438.500000-0.24       1.049200    0.070200    7.17        51.20       48.80       1.406300    0.020000    1.44        58.44       41.56       1.054200    0.066900    6.78        51.32       48.68
2026-05-07 15:25:00 UTCNILUSDT     0.066350      62.98     30893       157688254.400000-286332.500000-0.18       1.046200    -0.003000   -0.29       51.13       48.87       1.373200    -0.033100   -2.35       57.86       42.14       1.060600    0.006400    0.61        51.47       48.53
2026-05-07 15:30:00 UTCNILUSDT     0.066580      63.69     27348       159592635.5000001904381.1000001.21        1.032900    -0.013300   -1.27       50.81       49.19       1.374200    0.001000    0.07        57.88       42.12       1.037100    -0.023500   -2.22       50.91       49.09
2026-05-07 15:35:00 UTCNILUSDT     0.066150      61.34     16494       161596082.1000002003446.6000001.26        1.023500    -0.009400   -0.91       50.58       49.42       1.357700    -0.016500   -1.20       57.59       42.41       1.032500    -0.004600   -0.44       50.80       49.20
2026-05-07 15:40:00 UTCNILUSDT     0.065660      58.67     18356       163684712.3000002088630.2000001.29        1.015700    -0.007800   -0.76       50.39       49.61       1.362100    0.004400    0.32        57.66       42.34       1.021000    -0.011500   -1.11       50.52       49.48
2026-05-07 15:45:00 UTCNILUSDT     0.065890      59.56     18987       165125779.7000001441067.4000000.88        1.013700    -0.002000   -0.20       50.34       49.66       1.340900    -0.021200   -1.56       57.28       42.72       1.017300    -0.003700   -0.36       50.43       49.57
2026-05-07 15:50:00 UTCNILUSDT     0.067670      65.70     41521       165987196.500000861416.800000 0.52        1.018600    0.004900    0.48        50.46       49.54       1.337700    -0.003200   -0.24       57.22       42.78       1.023500    0.006200    0.61        50.58       49.42
2026-05-07 15:55:00 UTCNILUSDT     0.068620      68.45     37250       167576406.4000001589209.9000000.96        0.961600    -0.057000   -5.60       49.02       50.98       1.338300    0.000600    0.04        57.23       42.77       0.957700    -0.065800   -6.43       48.92       51.08
2026-05-07 16:00:00 UTCNILUSDT     0.069460      70.69     41170       174639567.4000007063161.0000004.21        0.943300    -0.018300   -1.90       48.54       51.46       1.340600    0.002300    0.17        57.28       42.72       0.929400    -0.028300   -2.95       48.17       51.83
2026-05-07 16:05:00 UTCNILUSDT     0.069220      69.18     30896       176791753.6000002152186.2000001.23        0.927500    -0.015800   -1.67       48.12       51.88       1.320800    -0.019800   -1.48       56.91       43.09       0.935000    0.005600    0.60        48.32       51.68
2026-05-07 16:10:00 UTCNILUSDT     0.067310      58.47     53803       180896710.1000004104956.5000002.32        0.937600    0.010100    1.09        48.39       51.61       1.310200    -0.010600   -0.80       56.71       43.29       0.935000    0.000000    0.00        48.32       51.68
2026-05-07 16:15:00 UTCNILUSDT     0.068440      62.20     33645       173595211.700000-7301498.400000-4.04       0.984500    0.046900    5.00        49.61       50.39       1.323100    0.012900    0.98        56.95       43.05       0.974700    0.039700    4.25        49.36       50.64
2026-05-07 16:20:00 UTCNILUSDT     0.067410      57.16     25643       175517656.1000001922444.4000001.11        0.961600    -0.022900   -2.33       49.02       50.98       1.317600    -0.005500   -0.42       56.85       43.15       0.952000    -0.022700   -2.33       48.77       51.23
2026-05-07 16:25:00 UTCNILUSDT     0.067260      56.44     15720       177121780.5000001604124.4000000.91        0.974300    0.012700    1.32        49.35       50.65       1.307500    -0.010100   -0.77       56.66       43.34       0.963900    0.011900    1.25        49.08       50.92
2026-05-07 16:30:00 UTCNILUSDT     0.067230      56.29     20662       178557906.0000001436125.5000000.81        0.978600    0.004300    0.44        49.46       50.54       1.297500    -0.010000   -0.76       56.47       43.53       0.969700    0.005800    0.60        49.23       50.77
2026-05-07 16:35:00 UTCNILUSDT     0.068430      60.84     23265       178006421.100000-551484.900000-0.31       0.968100    -0.010500   -1.07       49.19       50.81       1.289800    -0.007700   -0.59       56.33       43.67       0.963100    -0.006600   -0.68       49.06       50.94
2026-05-07 16:40:00 UTCNILUSDT     0.067270      54.89     18303       178371453.800000365032.700000 0.21        0.946700    -0.021400   -2.21       48.63       51.37       1.285600    -0.004200   -0.33       56.25       43.75       0.928300    -0.034800   -3.61       48.14       51.86
2026-05-07 16:45:00 UTCNILUSDT     0.067010      53.63     15875       180605741.7000002234287.9000001.25        0.944000    -0.002700   -0.29       48.56       51.44       1.300200    0.014600    1.14        56.53       43.47       0.930900    0.002600    0.28        48.21       51.79
2026-05-07 16:50:00 UTCNILUSDT     0.066380      50.59     23895       181687403.1000001081661.4000000.60        0.950800    0.006800    0.72        48.74       51.26       1.299400    -0.000800   -0.06       56.51       43.49       0.936100    0.005200    0.56        48.35       51.65
2026-05-07 16:55:00 UTCNILUSDT     0.066720      52.16     14068       180951356.300000-736046.800000-0.41       0.945500    -0.005300   -0.56       48.60       51.40       1.295700    -0.003700   -0.28       56.44       43.56       0.921600    -0.014500   -1.55       47.96       52.04
2026-05-07 17:00:00 UTCNILUSDT     0.066570      51.39     11505       181547928.900000596572.600000 0.33        0.931600    -0.013900   -1.47       48.23       51.77       1.306900    0.011200    0.86        56.65       43.35       0.906900    -0.014700   -1.60       47.56       52.44
2026-05-07 17:05:00 UTCNILUSDT     0.065870      47.80     26256       182735506.2000001187577.3000000.65        0.936900    0.005300    0.57        48.37       51.63       1.300400    -0.006500   -0.50       56.53       43.47       0.906600    -0.000300   -0.03       47.55       52.45
2026-05-07 17:10:00 UTCNILUSDT     0.067050      53.67     12732       179556262.400000-3179243.800000-1.74       0.949700    0.012800    1.37        48.71       51.29       1.305800    0.005400    0.42        56.63       43.37       0.890000    -0.016600   -1.83       47.09       52.91
2026-05-07 17:15:00 UTCNILUSDT     0.066170      49.22     10600       178714485.100000-841777.300000-0.47       0.936500    -0.013200   -1.39       48.36       51.64       1.305100    -0.000700   -0.05       56.62       43.38       0.881500    -0.008500   -0.96       46.85       53.15
2026-05-07 17:20:00 UTCNILUSDT     0.066410      50.43     14625       179633665.000000919179.900000 0.51        0.948200    0.011700    1.25        48.67       51.33       1.310200    0.005100    0.39        56.71       43.29       0.893200    0.011700    1.33        47.18       52.82
2026-05-07 17:25:00 UTCNILUSDT     0.066190      49.27     9739        177443308.600000-2190356.400000-1.22       0.917500    -0.030700   -3.24       47.85       52.15       1.323700    0.013500    1.03        56.96       43.04       0.862500    -0.030700   -3.44       46.31       53.69
2026-05-07 17:30:00 UTCNILUSDT     0.065810      47.26     16623       177974183.400000530874.800000 0.30        0.930900    0.013400    1.46        48.21       51.79       1.318900    -0.004800   -0.36       56.88       43.12       0.878600    0.016100    1.87        46.77       53.23
2026-05-07 17:35:00 UTCNILUSDT     0.067220      54.67     15814       176458947.000000-1515236.400000-0.85       0.922700    -0.008200   -0.88       47.99       52.01       1.339300    0.020400    1.55        57.25       42.75       0.864300    -0.014300   -1.63       46.36       53.64
2026-05-07 17:40:00 UTCNILUSDT     0.066340      49.95     8988        174162958.400000-2295988.600000-1.30       0.926000    0.003300    0.36        48.08       51.92       1.344500    0.005200    0.39        57.35       42.65       0.861500    -0.002800   -0.32       46.28       53.72
2026-05-07 17:45:00 UTCNILUSDT     0.066620      51.39     6104        174731362.200000568403.800000 0.33        0.934200    0.008200    0.89        48.30       51.70       1.348400    0.003900    0.29        57.42       42.58       0.863900    0.002400    0.28        46.35       53.65
2026-05-07 17:50:00 UTCNILUSDT     0.066690      51.76     7258        174504583.500000-226778.700000-0.13       0.927500    -0.006700   -0.72       48.12       51.88       1.346800    -0.001600   -0.12       57.39       42.61       0.865700    0.001800    0.21        46.40       53.60
2026-05-07 17:55:00 UTCNILUSDT     0.071380      68.94     51583       174322029.700000-182553.800000-0.10       0.928600    0.001100    0.12        48.15       51.85       1.353900    0.007100    0.53        57.52       42.48       0.862900    -0.002800   -0.32       46.32       53.68
2026-05-07 18:00:00 UTCNILUSDT     0.073530      73.59     71161       167555682.900000-6766346.800000-3.88       0.858700    -0.069900   -7.53       46.20       53.80       1.330800    -0.023100   -1.71       57.10       42.90       0.846000    -0.016900   -1.96       45.83       54.17
2026-05-07 18:05:00 UTCNILUSDT     0.076470      78.35     51419       168403643.300000847960.400000 0.51        0.842000    -0.016700   -1.94       45.71       54.29       1.309800    -0.021000   -1.58       56.71       43.29       0.840600    -0.005400   -0.64       45.67       54.33
2026-05-07 18:10:00 UTCNILUSDT     0.075720      74.65     35876       170575901.9000002172258.6000001.29        0.809000    -0.033000   -3.92       44.72       55.28       1.291400    -0.018400   -1.40       56.36       43.64       0.819800    -0.020800   -2.47       45.05       54.95
2026-05-07 18:15:00 UTCNILUSDT     0.074790      70.22     34400       172455098.5000001879196.6000001.10        0.813200    0.004200    0.52        44.85       55.15       1.285900    -0.005500   -0.43       56.25       43.75       0.817500    -0.002300   -0.28       44.98       55.02
2026-05-07 18:20:00 UTCNILUSDT     0.078530      76.31     55152       174675315.4000002220216.9000001.29        0.815900    0.002700    0.33        44.93       55.07       1.294500    0.008600    0.67        56.42       43.58       0.799500    -0.018000   -2.20       44.43       55.57
2026-05-07 18:25:00 UTC            0.077740      72.92     5835        0.000000        -174675315.400000-100.00     0.000000    -0.815900   -100.00     0.00        0.00        0.000000    -1.294500   -100.00     0.00        0.00        0.000000    -0.799500   -100.00     0.00        0.00

==============================================================================================================
LAST SNAPSHOT
==============================================================================================================
Time                : 2026-05-07 18:25:00 UTC
Symbol              :
Close               : 0.077740
RSI(14)            : 72.92
Number of Trades    : 5835
Volume              : 6330737.000000
Quote Volume        : 495711.817857

Open Interest       : 0.000000
OI Change           : -174675315.400000
OI Change %         : -100.00%
OI Value            : 0.000000

Top Acco L/S Ratio  : 0.000000
Top Acco L/S Change : -0.815900
Top Acco Chg %      : -100.00%
Top Acco Long %     : 0.00
Top Acco Short %    : 0.00

Top Posit L/S Ratio : 0.000000
Top Posit L/S Change: -1.294500
Top Posit Chg %     : -100.00%
Top Posit Long %    : 0.00
Top Posit Short %   : 0.00

Global L/S Ratio    : 0.000000
Global L/S Change   : -0.799500
Global Chg %        : -100.00%
Global Long %       : 0.00
Global Short %      : 0.00

[Program finished]
