####################################################################################################
FETCHING BINANCE FUTURES DATA ...
####################################################################################################
SYMBOL     : CLOUSDT
PERIOD     : 5m
LIMIT      : 500
RSI_PERIOD : 14

========================================================================================================================================================================================================================================================================================================================================================================
BINANCE FUTURES MERGED DATA (L.S + OI + RSI + TRADES) | ROW = ONE CANDLE
========================================================================================================================================================================================================================================================================================================================================================================
Time                  Symbol      Close         RSI       Trades      OI              OI Chg        OI Chg %    Acco L/S    Acco Chg    Acco Chg%   Acco L%     Acco S%     Posit L/S   Posit Chg   Posit Chg%  Posit L%    Posit S%    Global L/S  Global Chg  Global Chg% Global L%   Global S%
------------------------------------------------------------------------------------------------------------------------------------------------------------------------------------------------------------------------------------------------------------------------------------------------------------------------------------------------------------------------
2026-05-06 00:50:00 UTCCLOUSDT     0.114230      63.24     103         33428281.000000 0.000000      0.00        3.397500    0.000000    0.00        77.26       22.74       1.677300    0.000000    0.00        62.65       37.35       3.093300    0.000000    0.00        75.57       24.43
2026-05-06 00:55:00 UTCCLOUSDT     0.114580      67.71     304         33427652.000000 -629.000000   -0.00       3.393700    -0.003800   -0.11       77.24       22.76       1.677600    0.000300    0.02        62.65       37.35       3.116900    0.023600    0.76        75.71       24.29
2026-05-06 01:00:00 UTCCLOUSDT     0.114320      61.70     123         33409608.000000 -18044.000000 -0.05       3.382100    -0.011600   -0.34       77.18       22.82       1.678900    0.001300    0.08        62.67       37.33       3.137400    0.020500    0.66        75.83       24.17
2026-05-06 01:05:00 UTCCLOUSDT     0.114480      63.83     142         33410211.000000 603.000000    0.00        3.395600    0.013500    0.40        77.25       22.75       1.679500    0.000600    0.04        62.68       37.32       3.123700    -0.013700   -0.44       75.75       24.25
2026-05-06 01:10:00 UTCCLOUSDT     0.114850      68.22     114         33423595.000000 13384.000000  0.04        3.384000    -0.011600   -0.34       77.19       22.81       1.679600    0.000100    0.01        62.68       37.32       3.088300    -0.035400   -1.13       75.54       24.46
2026-05-06 01:15:00 UTCCLOUSDT     0.116050      77.69     264         33422669.000000 -926.000000   -0.00       3.393700    0.009700    0.29        77.24       22.76       1.679600    0.000000    0.00        62.68       37.32       3.105100    0.016800    0.54        75.64       24.36
2026-05-06 01:20:00 UTCCLOUSDT     0.115880      74.31     253         33429050.000000 6381.000000   0.02        3.368700    -0.025000   -0.74       77.11       22.89       1.679500    -0.000100   -0.01       62.68       37.32       3.118600    0.013500    0.43        75.72       24.28
2026-05-06 01:25:00 UTCCLOUSDT     0.115570      68.47     112         33423009.000000 -6041.000000  -0.02       3.386000    0.017300    0.51        77.20       22.80       1.684400    0.004900    0.29        62.75       37.25       3.068300    -0.050300   -1.61       75.42       24.58
2026-05-06 01:30:00 UTCCLOUSDT     0.115500      67.18     202         33388783.000000 -34226.000000 -0.10       3.387900    0.001900    0.06        77.21       22.79       1.683200    -0.001200   -0.07       62.73       37.27       3.075000    0.006700    0.22        75.46       24.54
2026-05-06 01:35:00 UTCCLOUSDT     0.115350      64.39     209         33363768.000000 -25015.000000 -0.07       3.393700    0.005800    0.17        77.24       22.76       1.681500    -0.001700   -0.10       62.71       37.29       3.066700    -0.008300   -0.27       75.41       24.59
2026-05-06 01:40:00 UTCCLOUSDT     0.115240      62.35     71          33386711.000000 22943.000000  0.07        3.380200    -0.013500   -0.40       77.17       22.83       1.684700    0.003200    0.19        62.75       37.25       3.116900    0.050200    1.64        75.71       24.29
2026-05-06 01:45:00 UTCCLOUSDT     0.115170      61.02     141         33372628.000000 -14083.000000 -0.04       3.393700    0.013500    0.40        77.24       22.76       1.684500    -0.000200   -0.01       62.75       37.25       3.103400    -0.013500   -0.43       75.63       24.37
2026-05-06 01:50:00 UTCCLOUSDT     0.115240      61.89     66          33373147.000000 519.000000    0.00        3.403300    0.009600    0.28        77.29       22.71       1.684300    -0.000200   -0.01       62.75       37.25       3.108500    0.005100    0.16        75.66       24.34
2026-05-06 01:55:00 UTCCLOUSDT     0.115580      65.89     73          33362930.000000 -10217.000000 -0.03       3.401400    -0.001900   -0.06       77.28       22.72       1.683700    -0.000600   -0.04       62.74       37.26       3.108500    0.000000    0.00        75.66       24.34
2026-05-06 02:00:00 UTCCLOUSDT     0.114900      53.74     172         33369153.000000 6223.000000   0.02        3.401400    0.000000    0.00        77.28       22.72       1.683200    -0.000500   -0.03       62.73       37.27       3.132200    0.023700    0.76        75.80       24.20
2026-05-06 02:05:00 UTCCLOUSDT     0.115060      55.81     257         33356350.000000 -12803.000000 -0.04       3.413100    0.011700    0.34        77.34       22.66       1.682000    -0.001200   -0.07       62.71       37.29       3.111800    -0.020400   -0.65       75.68       24.32
2026-05-06 02:10:00 UTCCLOUSDT     0.114650      49.69     129         33357885.000000 1535.000000   0.00        3.345900    -0.067200   -1.97       76.99       23.01       1.679400    -0.002600   -0.15       62.68       37.32       3.115200    0.003400    0.11        75.70       24.30
2026-05-06 02:15:00 UTCCLOUSDT     0.114680      50.12     66          33370012.000000 12127.000000  0.04        3.349700    0.003800    0.11        77.01       22.99       1.680100    0.000700    0.04        62.69       37.31       3.106800    -0.008400   -0.27       75.65       24.35
2026-05-06 02:20:00 UTCCLOUSDT     0.114600      48.92     50          33370424.000000 412.000000    0.00        3.351600    0.001900    0.06        77.02       22.98       1.680000    -0.000100   -0.01       62.69       37.31       3.120300    0.013500    0.43        75.73       24.27
2026-05-06 02:25:00 UTCCLOUSDT     0.114190      43.19     90          33372575.000000 2151.000000   0.01        3.353500    0.001900    0.06        77.03       22.97       1.680200    0.000200    0.01        62.69       37.31       3.120300    0.000000    0.00        75.73       24.27
2026-05-06 02:30:00 UTCCLOUSDT     0.113960      40.34     274         33371392.000000 -1183.000000  -0.00       3.344000    -0.009500   -0.28       76.98       23.02       1.680400    0.000200    0.01        62.69       37.31       3.086600    -0.033700   -1.08       75.53       24.47
2026-05-06 02:35:00 UTCCLOUSDT     0.114010      41.25     112         33365643.000000 -5749.000000  -0.02       3.366800    0.022800    0.68        77.10       22.90       1.681800    0.001400    0.08        62.71       37.29       3.098400    0.011800    0.38        75.60       24.40
2026-05-06 02:40:00 UTCCLOUSDT     0.114070      42.38     93          33347267.000000 -18376.000000 -0.06       3.368700    0.001900    0.06        77.11       22.89       1.679900    -0.001900   -0.11       62.68       37.32       3.085000    -0.013400   -0.43       75.52       24.48
2026-05-06 02:45:00 UTCCLOUSDT     0.114400      48.29     64          33361188.000000 13921.000000  0.04        3.357300    -0.011400   -0.34       77.05       22.95       1.680600    0.000700    0.04        62.70       37.30       3.093300    0.008300    0.27        75.57       24.43
2026-05-06 02:50:00 UTCCLOUSDT     0.114180      44.98     70          33362632.000000 1444.000000   0.00        3.372500    0.015200    0.45        77.13       22.87       1.680900    0.000300    0.02        62.70       37.30       3.110200    0.016900    0.55        75.67       24.33
2026-05-06 02:55:00 UTCCLOUSDT     0.114300      47.11     74          33358222.000000 -4410.000000  -0.01       3.378300    0.005800    0.17        77.16       22.84       1.681100    0.000200    0.01        62.70       37.30       3.127100    0.016900    0.54        75.77       24.23
2026-05-06 03:00:00 UTCCLOUSDT     0.114370      48.37     78          33361474.000000 3252.000000   0.01        3.355400    -0.022900   -0.68       77.04       22.96       1.681000    -0.000100   -0.01       62.70       37.30       3.091700    -0.035400   -1.13       75.56       24.44
2026-05-06 03:05:00 UTCCLOUSDT     0.114070      43.59     126         33366735.000000 5261.000000   0.02        3.336500    -0.018900   -0.56       76.94       23.06       1.681100    0.000100    0.01        62.70       37.30       3.053500    -0.038200   -1.24       75.33       24.67
2026-05-06 03:10:00 UTCCLOUSDT     0.114160      45.33     66          33381081.000000 14346.000000  0.04        3.340300    0.003800    0.11        76.96       23.04       1.682900    0.001800    0.11        62.73       37.27       3.065000    0.011500    0.38        75.40       24.60
2026-05-06 03:15:00 UTCCLOUSDT     0.114010      42.95     48          33384458.000000 3377.000000   0.01        3.327100    -0.013200   -0.40       76.89       23.11       1.683200    0.000300    0.02        62.73       37.27       3.056800    -0.008200   -0.27       75.35       24.65
2026-05-06 03:20:00 UTCCLOUSDT     0.114400      50.27     46          33381700.000000 -2758.000000  -0.01       3.314100    -0.013000   -0.39       76.82       23.18       1.683100    -0.000100   -0.01       62.73       37.27       3.043700    -0.013100   -0.43       75.27       24.73
2026-05-06 03:25:00 UTCCLOUSDT     0.114670      54.61     108         33383432.000000 1732.000000   0.01        3.314100    0.000000    0.00        76.82       23.18       1.683000    -0.000100   -0.01       62.73       37.27       3.038800    -0.004900   -0.16       75.24       24.76
2026-05-06 03:30:00 UTCCLOUSDT     0.114860      57.43     132         33391908.000000 8476.000000   0.03        3.302900    -0.011200   -0.34       76.76       23.24       1.683300    0.000300    0.02        62.73       37.27       3.040400    0.001600    0.05        75.25       24.75
2026-05-06 03:35:00 UTCCLOUSDT     0.114990      59.29     84          33391585.000000 -323.000000   -0.00       3.301100    -0.001800   -0.05       76.75       23.25       1.697000    0.013700    0.81        62.92       37.08       3.004800    -0.035600   -1.17       75.03       24.97
2026-05-06 03:40:00 UTCCLOUSDT     0.114700      53.66     59          33385885.000000 -5700.000000  -0.02       3.299200    -0.001900   -0.06       76.74       23.26       1.696900    -0.000100   -0.01       62.92       37.08       3.025800    0.021000    0.70        75.16       24.84
2026-05-06 03:45:00 UTCCLOUSDT     0.114980      57.83     76          33384642.000000 -1243.000000  -0.00       3.291800    -0.007400   -0.22       76.70       23.30       1.696500    -0.000400   -0.02       62.92       37.08       3.032300    0.006500    0.21        75.20       24.80
2026-05-06 03:50:00 UTCCLOUSDT     0.114930      56.84     122         33383412.000000 -1230.000000  -0.00       3.284500    -0.007300   -0.22       76.66       23.34       1.695900    -0.000600   -0.04       62.91       37.09       3.025800    -0.006500   -0.21       75.16       24.84
2026-05-06 03:55:00 UTCCLOUSDT     0.114970      57.47     112         33410137.000000 26725.000000  0.08        3.290000    0.005500    0.17        76.69       23.31       1.697900    0.002000    0.12        62.93       37.07       3.035500    0.009700    0.32        75.22       24.78
2026-05-06 04:00:00 UTCCLOUSDT     0.114910      56.16     95          33404119.000000 -6018.000000  -0.02       3.264400    -0.025600   -0.78       76.55       23.45       1.697900    0.000000    0.00        62.93       37.07       3.017700    -0.017800   -0.59       75.11       24.89
2026-05-06 04:05:00 UTCCLOUSDT     0.114890      55.70     104         33407436.000000 3317.000000   0.01        3.251700    -0.012700   -0.39       76.48       23.52       1.697700    -0.000200   -0.01       62.93       37.07       2.985700    -0.032000   -1.06       74.91       25.09
2026-05-06 04:10:00 UTCCLOUSDT     0.114850      54.74     276         33399602.000000 -7834.000000  -0.02       3.249900    -0.001800   -0.06       76.47       23.53       1.697400    -0.000300   -0.02       62.93       37.07       2.966700    -0.019000   -0.64       74.79       25.21
2026-05-06 04:15:00 UTCCLOUSDT     0.114300      43.64     91          33406104.000000 6502.000000   0.02        3.226500    -0.023400   -0.72       76.34       23.66       1.699700    0.002300    0.14        62.96       37.04       2.976100    0.009400    0.32        74.85       25.15
2026-05-06 04:20:00 UTCCLOUSDT     0.114470      47.20     69          33401054.000000 -5050.000000  -0.02       3.233700    0.007200    0.22        76.38       23.62       1.700100    0.000400    0.02        62.96       37.04       2.962000    -0.014100   -0.47       74.76       25.24
2026-05-06 04:25:00 UTCCLOUSDT     0.113650      35.53     255         33394560.000000 -6494.000000  -0.02       3.242700    0.009000    0.28        76.43       23.57       1.700100    0.000000    0.00        62.96       37.04       2.966700    0.004700    0.16        74.79       25.21
2026-05-06 04:30:00 UTCCLOUSDT     0.113350      32.38     145         33374985.000000 -19575.000000 -0.06       3.242700    0.000000    0.00        76.43       23.57       1.698600    -0.001500   -0.09       62.94       37.06       2.973000    0.006300    0.21        74.83       25.17
2026-05-06 04:35:00 UTCCLOUSDT     0.113310      31.97     184         33374494.000000 -491.000000   -0.00       3.239100    -0.003600   -0.11       76.41       23.59       1.699100    0.000500    0.03        62.95       37.05       2.973000    0.000000    0.00        74.83       25.17
2026-05-06 04:40:00 UTCCLOUSDT     0.113360      33.10     92          33376622.000000 2128.000000   0.01        3.231900    -0.007200   -0.22       76.37       23.63       1.700000    0.000900    0.05        62.96       37.04       2.949400    -0.023600   -0.79       74.68       25.32
2026-05-06 04:45:00 UTCCLOUSDT     0.113890      43.79     177         33374034.000000 -2588.000000  -0.01       3.244500    0.012600    0.39        76.44       23.56       1.699300    -0.000700   -0.04       62.95       37.05       2.960400    0.011000    0.37        74.75       25.25
2026-05-06 04:50:00 UTCCLOUSDT     0.113750      41.89     135         33370620.000000 -3414.000000  -0.01       3.253500    0.009000    0.28        76.49       23.51       1.699100    -0.000200   -0.01       62.95       37.05       3.017700    0.057300    1.94        75.11       24.89
2026-05-06 04:55:00 UTCCLOUSDT     0.113400      37.50     98          33369919.000000 -701.000000   -0.00       3.268000    0.014500    0.45        76.57       23.43       1.699900    0.000800    0.05        62.96       37.04       3.011200    -0.006500   -0.22       75.07       24.93
2026-05-06 05:00:00 UTCCLOUSDT     0.113280      36.10     110         33362470.000000 -7449.000000  -0.02       3.269900    0.001900    0.06        76.58       23.42       1.700000    0.000100    0.01        62.96       37.04       3.001600    -0.009600   -0.32       75.01       24.99
2026-05-06 05:05:00 UTCCLOUSDT     0.113410      38.76     141         33359222.000000 -3248.000000  -0.01       3.279000    0.009100    0.28        76.63       23.37       1.699900    -0.000100   -0.01       62.96       37.04       3.012800    0.011200    0.37        75.08       24.92
2026-05-06 05:10:00 UTCCLOUSDT     0.113420      38.97     110         33380827.000000 21605.000000  0.06        3.275300    -0.003700   -0.11       76.61       23.39       1.700800    0.000900    0.05        62.97       37.03       3.017700    0.004900    0.16        75.11       24.89
2026-05-06 05:15:00 UTCCLOUSDT     0.113430      39.20     97          33379297.000000 -1530.000000  -0.00       3.253500    -0.021800   -0.67       76.49       23.51       1.700800    0.000000    0.00        62.97       37.03       2.969800    -0.047900   -1.59       74.81       25.19
2026-05-06 05:20:00 UTCCLOUSDT     0.113460      39.92     82          33381987.000000 2690.000000   0.01        3.240900    -0.012600   -0.39       76.42       23.58       1.700700    -0.000100   -0.01       62.97       37.03       2.971400    0.001600    0.05        74.82       25.18
2026-05-06 05:25:00 UTCCLOUSDT     0.113550      42.12     169         33381896.000000 -91.000000    -0.00       3.219400    -0.021500   -0.66       76.30       23.70       1.700300    -0.000400   -0.02       62.97       37.03       2.973000    0.001600    0.05        74.83       25.17
2026-05-06 05:30:00 UTCCLOUSDT     0.113360      38.88     97          33384444.000000 2548.000000   0.01        3.224800    0.005400    0.17        76.33       23.67       1.699200    -0.001100   -0.06       62.95       37.05       3.024100    0.051100    1.72        75.15       24.85
2026-05-06 05:35:00 UTCCLOUSDT     0.112920      32.62     360         33389664.000000 5220.000000   0.02        3.217600    -0.007200   -0.22       76.29       23.71       1.698900    -0.000300   -0.02       62.95       37.05       2.998400    -0.025700   -0.85       74.99       25.01
2026-05-06 05:40:00 UTCCLOUSDT     0.113350      42.38     202         33481278.000000 91614.000000  0.27        3.201700    -0.015900   -0.49       76.20       23.80       1.704600    0.005700    0.34        63.03       36.97       2.962000    -0.036400   -1.21       74.76       25.24
2026-05-06 05:45:00 UTCCLOUSDT     0.113910      52.11     147         33496080.000000 14802.000000  0.04        3.191100    -0.010600   -0.33       76.14       23.86       1.700600    -0.004000   -0.23       62.97       37.03       2.960400    -0.001600   -0.05       74.75       25.25
2026-05-06 05:50:00 UTCCLOUSDT     0.114610      60.98     203         33495511.000000 -569.000000   -0.00       3.194600    0.003500    0.11        76.16       23.84       1.700700    0.000100    0.01        62.97       37.03       2.979300    0.018900    0.64        74.87       25.13
2026-05-06 05:55:00 UTCCLOUSDT     0.114220      54.88     121         33494259.000000 -1252.000000  -0.00       3.171900    -0.022700   -0.71       76.03       23.97       1.699000    -0.001700   -0.10       62.95       37.05       2.987200    0.007900    0.27        74.92       25.08
2026-05-06 06:00:00 UTCCLOUSDT     0.114010      51.87     123         33493333.000000 -926.000000   -0.00       3.170100    -0.001800   -0.06       76.02       23.98       1.699100    0.000100    0.01        62.95       37.05       2.984100    -0.003100   -0.10       74.90       25.10
2026-05-06 06:05:00 UTCCLOUSDT     0.114160      53.82     103         33491175.000000 -2158.000000  -0.01       3.177100    0.007000    0.22        76.06       23.94       1.698800    -0.000300   -0.02       62.95       37.05       2.954100    -0.030000   -1.01       74.71       25.29
2026-05-06 06:10:00 UTCCLOUSDT     0.113910      50.18     55          33492402.000000 1227.000000   0.00        3.173600    -0.003500   -0.11       76.04       23.96       1.697900    -0.000900   -0.05       62.93       37.07       3.003200    0.049100    1.66        75.02       24.98
2026-05-06 06:15:00 UTCCLOUSDT     0.113740      47.81     83          33501945.000000 9543.000000   0.03        3.170100    -0.003500   -0.11       76.02       23.98       1.698100    0.000200    0.01        62.94       37.06       3.009600    0.006400    0.21        75.06       24.94
2026-05-06 06:20:00 UTCCLOUSDT     0.114040      52.11     81          33506680.000000 4735.000000   0.01        3.175400    0.005300    0.17        76.05       23.95       1.698600    0.000500    0.03        62.94       37.06       2.988800    -0.020800   -0.69       74.93       25.07
2026-05-06 06:25:00 UTCCLOUSDT     0.114100      52.94     188         33500403.000000 -6277.000000  -0.02       3.182400    0.007000    0.22        76.09       23.91       1.698500    -0.000100   -0.01       62.94       37.06       2.988800    0.000000    0.00        74.93       25.07
2026-05-06 06:30:00 UTCCLOUSDT     0.114220      54.64     145         33517334.000000 16931.000000  0.05        3.177100    -0.005300   -0.17       76.06       23.94       1.700700    0.002200    0.13        62.97       37.03       2.992000    0.003200    0.11        74.95       25.05
2026-05-06 06:35:00 UTCCLOUSDT     0.113850      48.78     38          33516250.000000 -1084.000000  -0.00       3.199900    0.022800    0.72        76.19       23.81       1.699900    -0.000800   -0.05       62.96       37.04       3.014500    0.022500    0.75        75.09       24.91
2026-05-06 06:40:00 UTCCLOUSDT     0.113610      45.38     44          33513492.000000 -2758.000000  -0.01       3.210500    0.010600    0.33        76.25       23.75       1.700400    0.000500    0.03        62.97       37.03       3.016100    0.001600    0.05        75.10       24.90
2026-05-06 06:45:00 UTCCLOUSDT     0.113690      46.71     77          33508694.000000 -4798.000000  -0.01       3.208800    -0.001700   -0.05       76.24       23.76       1.700000    -0.000400   -0.02       62.96       37.04       3.014500    -0.001600   -0.05       75.09       24.91
2026-05-06 06:50:00 UTCCLOUSDT     0.113520      44.24     62          33516591.000000 7897.000000   0.02        3.208800    0.000000    0.00        76.24       23.76       1.700200    0.000200    0.01        62.97       37.03       3.030600    0.016100    0.53        75.19       24.81
2026-05-06 06:55:00 UTCCLOUSDT     0.113700      47.42     61          33515918.000000 -673.000000   -0.00       3.199900    -0.008900   -0.28       76.19       23.81       1.699900    -0.000300   -0.02       62.96       37.04       3.014500    -0.016100   -0.53       75.09       24.91
2026-05-06 07:00:00 UTCCLOUSDT     0.113330      42.11     250         33519882.000000 3964.000000   0.01        3.199900    0.000000    0.00        76.19       23.81       1.700100    0.000200    0.01        62.96       37.04       3.035500    0.021000    0.70        75.22       24.78
2026-05-06 07:05:00 UTCCLOUSDT     0.113660      47.73     156         33492271.000000 -27611.000000 -0.08       3.205200    0.005300    0.17        76.22       23.78       1.698100    -0.002000   -0.12       62.94       37.06       3.033900    -0.001600   -0.05       75.21       24.79
2026-05-06 07:10:00 UTCCLOUSDT     0.113740      49.02     80          33521285.000000 29014.000000  0.09        3.221200    0.016000    0.50        76.31       23.69       1.698600    0.000500    0.03        62.94       37.06       3.017700    -0.016200   -0.53       75.11       24.89
2026-05-06 07:15:00 UTCCLOUSDT     0.114110      54.61     131         33526861.000000 5576.000000   0.02        3.224800    0.003600    0.11        76.33       23.67       1.698500    -0.000100   -0.01       62.94       37.06       3.037100    0.019400    0.64        75.23       24.77
2026-05-06 07:20:00 UTCCLOUSDT     0.113950      51.95     77          33535001.000000 8140.000000   0.02        3.215900    -0.008900   -0.28       76.28       23.72       1.698600    0.000100    0.01        62.94       37.06       3.043700    0.006600    0.22        75.27       24.73
2026-05-06 07:25:00 UTCCLOUSDT     0.114160      55.04     79          33539889.000000 4888.000000   0.01        3.215900    0.000000    0.00        76.28       23.72       1.698900    0.000300    0.02        62.95       37.05       3.016100    -0.027600   -0.91       75.10       24.90
2026-05-06 07:30:00 UTCCLOUSDT     0.113810      49.35     91          33544721.000000 4832.000000   0.01        3.215900    0.000000    0.00        76.28       23.72       1.699200    0.000300    0.02        62.95       37.05       3.030600    0.014500    0.48        75.19       24.81
2026-05-06 07:35:00 UTCCLOUSDT     0.113860      50.14     66          33543472.000000 -1249.000000  -0.00       3.196400    -0.019500   -0.61       76.17       23.83       1.699100    -0.000100   -0.01       62.95       37.05       3.020900    -0.009700   -0.32       75.13       24.87
2026-05-06 07:40:00 UTCCLOUSDT     0.114050      53.15     289         33543507.000000 35.000000     0.00        3.203400    0.007000    0.22        76.21       23.79       1.699100    0.000000    0.00        62.95       37.05       3.033900    0.013000    0.43        75.21       24.79
2026-05-06 07:45:00 UTCCLOUSDT     0.113710      47.62     148         33577936.000000 34429.000000  0.10        3.194600    -0.008800   -0.27       76.16       23.84       1.698700    -0.000400   -0.02       62.95       37.05       2.980900    -0.053000   -1.75       74.88       25.12
2026-05-06 07:50:00 UTCCLOUSDT     0.113420      43.47     171         33568223.000000 -9713.000000  -0.03       3.189400    -0.005200   -0.16       76.13       23.87       1.698400    -0.000300   -0.02       62.94       37.06       2.965100    -0.015800   -0.53       74.78       25.22
2026-05-06 07:55:00 UTCCLOUSDT     0.113290      41.72     117         33575522.000000 7299.000000   0.02        3.180600    -0.008800   -0.28       76.08       23.92       1.695400    -0.003000   -0.18       62.90       37.10       2.992000    0.026900    0.91        74.95       25.05
2026-05-06 08:00:00 UTCCLOUSDT     0.113420      44.14     106         33570885.000000 -4637.000000  -0.01       3.177100    -0.003500   -0.11       76.06       23.94       1.694800    -0.000600   -0.04       62.89       37.11       2.990400    -0.001600   -0.05       74.94       25.06
2026-05-06 08:05:00 UTCCLOUSDT     0.113190      40.90     137         33564707.000000 -6178.000000  -0.02       3.184100    0.007000    0.22        76.10       23.90       1.694400    -0.000400   -0.02       62.89       37.11       3.008000    0.017600    0.59        75.05       24.95
2026-05-06 08:10:00 UTCCLOUSDT     0.112950      37.77     110         33572014.000000 7307.000000   0.02        3.185900    0.001800    0.06        76.11       23.89       1.694500    0.000100    0.01        62.89       37.11       3.033900    0.025900    0.86        75.21       24.79
2026-05-06 08:15:00 UTCCLOUSDT     0.113020      39.23     121         33571080.000000 -934.000000   -0.00       3.191100    0.005200    0.16        76.14       23.86       1.695200    0.000700    0.04        62.90       37.10       3.061700    0.027800    0.92        75.38       24.62
2026-05-06 08:20:00 UTCCLOUSDT     0.112930      38.00     67          33571287.000000 207.000000    0.00        3.187600    -0.003500   -0.11       76.12       23.88       1.695100    -0.000100   -0.01       62.90       37.10       3.060100    -0.001600   -0.05       75.37       24.63
2026-05-06 08:25:00 UTCCLOUSDT     0.112720      35.22     85          33575125.000000 3838.000000   0.01        3.196400    0.008800    0.28        76.17       23.83       1.695400    0.000300    0.02        62.90       37.10       3.063400    0.003300    0.11        75.39       24.61
2026-05-06 08:30:00 UTCCLOUSDT     0.113090      43.12     138         33583964.000000 8839.000000   0.03        3.201700    0.005300    0.17        76.20       23.80       1.695900    0.000500    0.03        62.91       37.09       3.066700    0.003300    0.11        75.41       24.59
2026-05-06 08:35:00 UTCCLOUSDT     0.113440      49.40     133         33592172.000000 8208.000000   0.02        3.184100    -0.017600   -0.55       76.10       23.90       1.696500    0.000600    0.04        62.91       37.09       3.040400    -0.026300   -0.86       75.25       24.75
2026-05-06 08:40:00 UTCCLOUSDT     0.113460      49.74     115         33605333.000000 13161.000000  0.04        3.189400    0.005300    0.17        76.13       23.87       1.697900    0.001400    0.08        62.93       37.07       3.017700    -0.022700   -0.75       75.11       24.89
2026-05-06 08:45:00 UTCCLOUSDT     0.113400      48.68     61          33599183.000000 -6150.000000  -0.02       3.194600    0.005200    0.16        76.16       23.84       1.698800    0.000900    0.05        62.95       37.05       3.060100    0.042400    1.41        75.37       24.63
2026-05-06 08:50:00 UTCCLOUSDT     0.112540      36.61     354         33612320.000000 13137.000000  0.04        3.199900    0.005300    0.17        76.19       23.81       1.699700    0.000900    0.05        62.96       37.04       3.050200    -0.009900   -0.32       75.31       24.69
2026-05-06 08:55:00 UTCCLOUSDT     0.112950      43.77     430         33548785.000000 -63535.000000 -0.19       3.312200    0.112300    3.51        76.81       23.19       1.695900    -0.003800   -0.22       62.91       37.09       3.101700    0.051500    1.69        75.62       24.38
2026-05-06 09:00:00 UTCCLOUSDT     0.113050      45.39     111         33577183.000000 28398.000000  0.08        3.233700    -0.078500   -2.37       76.38       23.62       1.694700    -0.001200   -0.07       62.89       37.11       3.070000    -0.031700   -1.02       75.43       24.57
2026-05-06 09:05:00 UTCCLOUSDT     0.113130      46.71     99          33587390.000000 10207.000000  0.03        3.224800    -0.008900   -0.28       76.33       23.67       1.694600    -0.000100   -0.01       62.89       37.11       3.085000    0.015000    0.49        75.52       24.48
2026-05-06 09:10:00 UTCCLOUSDT     0.113220      48.23     79          33564613.000000 -22777.000000 -0.07       3.212300    -0.012500   -0.39       76.26       23.74       1.693900    -0.000700   -0.04       62.88       37.12       3.081600    -0.003400   -0.11       75.50       24.50
2026-05-06 09:15:00 UTCCLOUSDT     0.113150      47.10     107         33568153.000000 3540.000000   0.01        3.217600    0.005300    0.16        76.29       23.71       1.694000    0.000100    0.01        62.88       37.12       3.080000    -0.001600   -0.05       75.49       24.51
2026-05-06 09:20:00 UTCCLOUSDT     0.113590      54.31     245         33568789.000000 636.000000    0.00        3.217600    0.000000    0.00        76.29       23.71       1.693300    -0.000700   -0.04       62.87       37.13       3.085000    0.005000    0.16        75.52       24.48
2026-05-06 09:25:00 UTCCLOUSDT     0.113290      49.37     281         33554121.000000 -14668.000000 -0.04       3.217600    0.000000    0.00        76.29       23.71       1.693800    0.000500    0.03        62.88       37.12       3.066700    -0.018300   -0.59       75.41       24.59
2026-05-06 09:30:00 UTCCLOUSDT     0.113260      48.89     130         33517653.000000 -36468.000000 -0.11       3.251700    0.034100    1.06        76.48       23.52       1.690000    -0.003800   -0.22       62.83       37.17       3.095000    0.028300    0.92        75.58       24.42
2026-05-06 09:35:00 UTCCLOUSDT     0.113460      52.22     111         33513763.000000 -3890.000000  -0.01       3.251700    0.000000    0.00        76.48       23.52       1.689500    -0.000500   -0.03       62.82       37.18       3.096700    0.001700    0.05        75.59       24.41
2026-05-06 09:40:00 UTCCLOUSDT     0.113930      58.98     108         33520282.000000 6519.000000   0.02        3.249900    -0.001800   -0.06       76.47       23.53       1.690100    0.000600    0.04        62.83       37.17       3.120300    0.023600    0.76        75.73       24.27
2026-05-06 09:45:00 UTCCLOUSDT     0.114190      62.17     144         33527414.000000 7132.000000   0.02        3.258900    0.009000    0.28        76.52       23.48       1.690200    0.000100    0.01        62.83       37.17       3.125400    0.005100    0.16        75.76       24.24
2026-05-06 09:50:00 UTCCLOUSDT     0.114020      58.94     86          33548780.000000 21366.000000  0.06        3.253500    -0.005400   -0.17       76.49       23.51       1.690300    0.000100    0.01        62.83       37.17       3.130500    0.005100    0.16        75.79       24.21
2026-05-06 09:55:00 UTCCLOUSDT     0.114040      59.21     98          33578432.000000 29652.000000  0.09        3.258900    0.005400    0.17        76.52       23.48       1.693500    0.003200    0.19        62.87       37.13       3.135600    0.005100    0.16        75.82       24.18
2026-05-06 10:00:00 UTCCLOUSDT     0.113840      55.32     178         33583014.000000 4582.000000   0.01        3.246300    -0.012600   -0.39       76.45       23.55       1.693500    0.000000    0.00        62.87       37.13       3.133900    -0.001700   -0.05       75.81       24.19
2026-05-06 10:05:00 UTCCLOUSDT     0.113510      49.54     85          33595163.000000 12149.000000  0.04        3.251700    0.005400    0.17        76.48       23.52       1.692700    -0.000800   -0.05       62.86       37.14       3.111800    -0.022100   -0.71       75.68       24.32
2026-05-06 10:10:00 UTCCLOUSDT     0.113170      44.39     56          33601182.000000 6019.000000   0.02        3.239100    -0.012600   -0.39       76.41       23.59       1.692500    -0.000200   -0.01       62.86       37.14       3.105100    -0.006700   -0.22       75.64       24.36
2026-05-06 10:15:00 UTCCLOUSDT     0.113330      47.17     67          33601120.000000 -62.000000    -0.00       3.257100    0.018000    0.56        76.51       23.49       1.692600    0.000100    0.01        62.86       37.14       3.106800    0.001700    0.05        75.65       24.35
2026-05-06 10:20:00 UTCCLOUSDT     0.113090      43.64     78          33600100.000000 -1020.000000  -0.00       3.288200    0.031100    0.95        76.68       23.32       1.693000    0.000400    0.02        62.87       37.13       3.106800    0.000000    0.00        75.65       24.35
2026-05-06 10:25:00 UTCCLOUSDT     0.113400      48.95     111         33610152.000000 10052.000000  0.03        3.279000    -0.009200   -0.28       76.63       23.37       1.693200    0.000200    0.01        62.87       37.13       3.090000    -0.016800   -0.54       75.55       24.45
2026-05-06 10:30:00 UTCCLOUSDT     0.113480      50.26     66          33606968.000000 -3184.000000  -0.01       3.279000    0.000000    0.00        76.63       23.37       1.693200    0.000000    0.00        62.87       37.13       3.095000    0.005000    0.16        75.58       24.42
2026-05-06 10:35:00 UTCCLOUSDT     0.113460      49.91     46          33614356.000000 7388.000000   0.02        3.275300    -0.003700   -0.11       76.61       23.39       1.693500    0.000300    0.02        62.87       37.13       3.125400    0.030400    0.98        75.76       24.24
2026-05-06 10:40:00 UTCCLOUSDT     0.113260      46.49     68          33614687.000000 331.000000    0.00        3.290000    0.014700    0.45        76.69       23.31       1.693500    0.000000    0.00        62.87       37.13       3.135600    0.010200    0.33        75.82       24.18
2026-05-06 10:45:00 UTCCLOUSDT     0.113280      46.89     72          33623302.000000 8615.000000   0.03        3.295500    0.005500    0.17        76.72       23.28       1.694000    0.000500    0.03        62.88       37.12       3.110200    -0.025400   -0.81       75.67       24.33
2026-05-06 10:50:00 UTCCLOUSDT     0.113390      49.09     93          33624139.000000 837.000000    0.00        3.282700    -0.012800   -0.39       76.65       23.35       1.694000    0.000000    0.00        62.88       37.12       3.105100    -0.005100   -0.16       75.64       24.36
2026-05-06 10:55:00 UTCCLOUSDT     0.113450      50.31     85          33610274.000000 -13865.000000 -0.04       3.277200    -0.005500   -0.17       76.62       23.38       1.693700    -0.000300   -0.02       62.88       37.12       3.081600    -0.023500   -0.76       75.50       24.50
2026-05-06 11:00:00 UTCCLOUSDT     0.113700      55.11     107         33604890.000000 -5384.000000  -0.02       3.271700    -0.005500   -0.17       76.59       23.41       1.692700    -0.001000   -0.06       62.86       37.14       3.078300    -0.003300   -0.11       75.48       24.52
2026-05-06 11:05:00 UTCCLOUSDT     0.113600      52.90     83          33601368.000000 -3522.000000  -0.01       3.226500    -0.045200   -1.38       76.34       23.66       1.692200    -0.000500   -0.03       62.86       37.14       3.071700    -0.006600   -0.21       75.44       24.56
2026-05-06 11:10:00 UTCCLOUSDT     0.113380      48.33     74          33597577.000000 -3791.000000  -0.01       3.231900    0.005400    0.17        76.37       23.63       1.691000    -0.001200   -0.07       62.84       37.16       3.101700    0.030000    0.98        75.62       24.38
2026-05-06 11:15:00 UTCCLOUSDT     0.113140      43.87     73          33591117.000000 -6460.000000  -0.02       3.212300    -0.019600   -0.61       76.26       23.74       1.690200    -0.000800   -0.05       62.83       37.17       3.095000    -0.006700   -0.22       75.58       24.42
2026-05-06 11:20:00 UTCCLOUSDT     0.113380      48.94     82          33591007.000000 -110.000000   -0.00       3.217600    0.005300    0.16        76.29       23.71       1.690600    0.000400    0.02        62.83       37.17       3.076600    -0.018400   -0.59       75.47       24.53
2026-05-06 11:25:00 UTCCLOUSDT     0.113490      51.12     122         33585847.000000 -5160.000000  -0.02       3.212300    -0.005300   -0.16       76.26       23.74       1.690400    -0.000200   -0.01       62.83       37.17       3.073300    -0.003300   -0.11       75.45       24.55
2026-05-06 11:30:00 UTCCLOUSDT     0.114050      60.39     243         33589493.000000 3646.000000   0.01        3.208800    -0.003500   -0.11       76.24       23.76       1.690600    0.000200    0.01        62.83       37.17       3.091700    0.018400    0.60        75.56       24.44
2026-05-06 11:35:00 UTCCLOUSDT     0.113680      53.21     105         33611571.000000 22078.000000  0.07        3.205200    -0.003600   -0.11       76.22       23.78       1.692900    0.002300    0.14        62.87       37.13       3.071700    -0.020000   -0.65       75.44       24.56
2026-05-06 11:40:00 UTCCLOUSDT     0.113530      50.59     157         33607523.000000 -4048.000000  -0.01       3.214100    0.008900    0.28        76.27       23.73       1.692700    -0.000200   -0.01       62.86       37.14       3.068300    -0.003400   -0.11       75.42       24.58
2026-05-06 11:45:00 UTCCLOUSDT     0.113480      49.71     181         33592484.000000 -15039.000000 -0.04       3.217600    0.003500    0.11        76.29       23.71       1.691900    -0.000800   -0.05       62.85       37.15       3.073300    0.005000    0.16        75.45       24.55
2026-05-06 11:50:00 UTCCLOUSDT     0.113090      43.37     85          33632151.000000 39667.000000  0.12        3.224800    0.007200    0.22        76.33       23.67       1.695900    0.004000    0.24        62.91       37.09       3.083300    0.010000    0.33        75.51       24.49
2026-05-06 11:55:00 UTCCLOUSDT     0.113060      42.91     102         33627187.000000 -4964.000000  -0.01       3.224800    0.000000    0.00        76.33       23.67       1.695100    -0.000800   -0.05       62.90       37.10       3.091700    0.008400    0.27        75.56       24.44
2026-05-06 12:00:00 UTCCLOUSDT     0.113210      45.96     185         33653463.000000 26276.000000  0.08        3.255300    0.030500    0.95        76.50       23.50       1.697300    0.002200    0.13        62.93       37.07       3.110200    0.018500    0.60        75.67       24.33
2026-05-06 12:05:00 UTCCLOUSDT     0.112480      35.92     255         33672210.000000 18747.000000  0.06        3.244500    -0.010800   -0.33       76.44       23.56       1.698300    0.001000    0.06        62.94       37.06       3.060100    -0.050100   -1.61       75.37       24.63
2026-05-06 12:10:00 UTCCLOUSDT     0.112990      44.96     148         33654149.000000 -18061.000000 -0.05       3.282700    0.038200    1.18        76.65       23.35       1.697800    -0.000500   -0.03       62.93       37.07       3.132200    0.072100    2.36        75.80       24.20
2026-05-06 12:15:00 UTCCLOUSDT     0.112740      41.85     136         33626816.000000 -27333.000000 -0.08       3.258900    -0.023800   -0.73       76.52       23.48       1.697000    -0.000800   -0.05       62.92       37.08       3.093300    -0.038900   -1.24       75.57       24.43
2026-05-06 12:20:00 UTCCLOUSDT     0.113240      49.40     122         33609999.000000 -16817.000000 -0.05       3.280800    0.021900    0.67        76.64       23.36       1.695300    -0.001700   -0.10       62.90       37.10       3.115200    0.021900    0.71        75.70       24.30
2026-05-06 12:25:00 UTCCLOUSDT     0.113070      47.16     136         33606577.000000 -3422.000000  -0.01       3.279000    -0.001800   -0.05       76.63       23.37       1.694200    -0.001100   -0.06       62.88       37.12       3.090000    -0.025200   -0.81       75.55       24.45
2026-05-06 12:30:00 UTCCLOUSDT     0.113420      51.99     145         33600036.000000 -6541.000000  -0.02       3.286300    0.007300    0.22        76.67       23.33       1.693700    -0.000500   -0.03       62.88       37.12       3.111800    0.021800    0.71        75.68       24.32
2026-05-06 12:35:00 UTCCLOUSDT     0.113510      53.18     139         33608392.000000 8356.000000   0.02        3.268000    -0.018300   -0.56       76.57       23.43       1.693100    -0.000600   -0.04       62.87       37.13       3.144200    0.032400    1.04        75.87       24.13
2026-05-06 12:40:00 UTCCLOUSDT     0.113540      53.59     237         33628132.000000 19740.000000  0.06        3.275300    0.007300    0.22        76.61       23.39       1.693900    0.000800    0.05        62.88       37.12       3.139100    -0.005100   -0.16       75.84       24.16
2026-05-06 12:45:00 UTCCLOUSDT     0.114070      60.24     128         33650843.000000 22711.000000  0.07        3.251700    -0.023600   -0.72       76.48       23.52       1.694600    0.000700    0.04        62.89       37.11       3.127100    -0.012000   -0.38       75.77       24.23
2026-05-06 12:50:00 UTCCLOUSDT     0.113670      53.96     130         33656799.000000 5956.000000   0.02        3.251700    0.000000    0.00        76.48       23.52       1.694800    0.000200    0.01        62.89       37.11       3.120300    -0.006800   -0.22       75.73       24.27
2026-05-06 12:55:00 UTCCLOUSDT     0.113630      53.36     120         33650505.000000 -6294.000000  -0.02       3.248100    -0.003600   -0.11       76.46       23.54       1.694400    -0.000400   -0.02       62.89       37.11       3.100000    -0.020300   -0.65       75.61       24.39
2026-05-06 13:00:00 UTCCLOUSDT     0.113830      55.99     192         33658249.000000 7744.000000   0.02        3.224800    -0.023300   -0.72       76.33       23.67       1.696000    0.001600    0.09        62.91       37.09       3.100000    0.000000    0.00        75.61       24.39
2026-05-06 13:05:00 UTCCLOUSDT     0.113020      44.93     281         33665899.000000 7650.000000   0.02        3.221200    -0.003600   -0.11       76.31       23.69       1.695600    -0.000400   -0.02       62.90       37.10       3.106800    0.006800    0.22        75.65       24.35
2026-05-06 13:10:00 UTCCLOUSDT     0.113050      45.36     170         33614794.000000 -51105.000000 -0.15       3.240900    0.019700    0.61        76.42       23.58       1.689400    -0.006200   -0.37       62.82       37.18       3.085000    -0.021800   -0.70       75.52       24.48
2026-05-06 13:15:00 UTCCLOUSDT     0.111810      33.65     569         33612518.000000 -2276.000000  -0.01       3.248100    0.007200    0.22        76.46       23.54       1.689900    0.000500    0.03        62.82       37.18       3.118600    0.033600    1.09        75.72       24.28
2026-05-06 13:20:00 UTCCLOUSDT     0.112280      39.97     186         33515004.000000 -97514.000000 -0.29       3.271700    0.023600    0.73        76.59       23.41       1.690700    0.000800    0.05        62.84       37.16       3.168400    0.049800    1.60        76.01       23.99
2026-05-06 13:25:00 UTCCLOUSDT     0.111890      36.84     210         33529037.000000 14033.000000  0.04        3.264400    -0.007300   -0.22       76.55       23.45       1.690600    -0.000100   -0.01       62.83       37.17       3.130500    -0.037900   -1.20       75.79       24.21
2026-05-06 13:30:00 UTCCLOUSDT     0.112100      39.59     314         33467967.000000 -61070.000000 -0.18       3.277200    0.012800    0.39        76.62       23.38       1.687100    -0.003500   -0.21       62.78       37.22       3.115200    -0.015300   -0.49       75.70       24.30
2026-05-06 13:35:00 UTCCLOUSDT     0.111760      36.79     236         33435540.000000 -32427.000000 -0.10       3.228300    -0.048900   -1.49       76.35       23.65       1.683700    -0.003400   -0.20       62.74       37.26       3.115200    0.000000    0.00        75.70       24.30
2026-05-06 13:40:00 UTCCLOUSDT     0.111490      34.70     341         33430186.000000 -5354.000000  -0.02       3.231900    0.003600    0.11        76.37       23.63       1.683600    -0.000100   -0.01       62.74       37.26       3.111800    -0.003400   -0.11       75.68       24.32
2026-05-06 13:45:00 UTCCLOUSDT     0.111010      31.29     325         33404274.000000 -25912.000000 -0.08       3.226500    -0.005400   -0.17       76.34       23.66       1.682100    -0.001500   -0.09       62.72       37.28       3.170100    0.058300    1.87        76.02       23.98
2026-05-06 13:50:00 UTCCLOUSDT     0.110980      31.09     331         33366453.000000 -37821.000000 -0.11       3.253500    0.027000    0.84        76.49       23.51       1.679400    -0.002700   -0.16       62.68       37.32       3.192900    0.022800    0.72        76.15       23.85
2026-05-06 13:55:00 UTCCLOUSDT     0.110530      28.10     279         33405078.000000 38625.000000  0.12        3.210500    -0.043000   -1.32       76.25       23.75       1.678800    -0.000600   -0.04       62.67       37.33       3.163200    -0.029700   -0.93       75.98       24.02
2026-05-06 14:00:00 UTCCLOUSDT     0.109260      21.76     1556        33449152.000000 44074.000000  0.13        3.255300    0.044800    1.40        76.50       23.50       1.678900    0.000100    0.01        62.67       37.33       3.224800    0.061600    1.95        76.33       23.67
2026-05-06 14:05:00 UTCCLOUSDT     0.108870      20.25     560         33254670.000000 -194482.000000-0.58       3.325300    0.070000    2.15        76.88       23.12       1.678600    -0.000300   -0.02       62.67       37.33       3.306600    0.081800    2.54        76.78       23.22
2026-05-06 14:10:00 UTCCLOUSDT     0.110020      34.66     465         33295187.000000 40517.000000  0.12        3.304800    -0.020500   -0.62       76.77       23.23       1.683200    0.004600    0.27        62.73       37.27       3.293700    -0.012900   -0.39       76.71       23.29
2026-05-06 14:15:00 UTCCLOUSDT     0.110470      39.29     308         33277284.000000 -17903.000000 -0.05       3.407200    0.102400    3.10        77.31       22.69       1.684100    0.000900    0.05        62.74       37.26       3.334600    0.040900    1.24        76.93       23.07
2026-05-06 14:20:00 UTCCLOUSDT     0.110730      41.85     179         33386091.000000 108807.000000 0.33        3.407200    0.000000    0.00        77.31       22.69       1.690500    0.006400    0.38        62.83       37.17       3.302900    -0.031700   -0.95       76.76       23.24
2026-05-06 14:25:00 UTCCLOUSDT     0.110900      43.52     96          33390475.000000 4384.000000   0.01        3.347800    -0.059400   -1.74       77.00       23.00       1.691000    0.000500    0.03        62.84       37.16       3.266200    -0.036700   -1.11       76.56       23.44
2026-05-06 14:30:00 UTCCLOUSDT     0.110590      41.19     127         33363099.000000 -27376.000000 -0.08       3.364900    0.017100    0.51        77.09       22.91       1.689200    -0.001800   -0.11       62.81       37.19       3.280800    0.014600    0.45        76.64       23.36
2026-05-06 14:35:00 UTCCLOUSDT     0.110700      42.37     197         33363004.000000 -95.000000    -0.00       3.368700    0.003800    0.11        77.11       22.89       1.688900    -0.000300   -0.02       62.81       37.19       3.288200    0.007400    0.23        76.68       23.32
2026-05-06 14:40:00 UTCCLOUSDT     0.110650      41.96     182         33379270.000000 16266.000000  0.05        3.389800    0.021100    0.63        77.22       22.78       1.690600    0.001700    0.10        62.83       37.17       3.280800    -0.007400   -0.23       76.64       23.36
2026-05-06 14:45:00 UTCCLOUSDT     0.109330      32.87     1115        33384184.000000 4914.000000   0.01        3.387900    -0.001900   -0.06       77.21       22.79       1.691500    0.000900    0.05        62.85       37.15       3.277200    -0.003600   -0.11       76.62       23.38
2026-05-06 14:50:00 UTCCLOUSDT     0.109730      37.30     163         33258638.000000 -125546.000000-0.38       3.446400    0.058500    1.73        77.51       22.49       1.679100    -0.012400   -0.73       62.67       37.33       3.329000    0.051800    1.58        76.90       23.10
2026-05-06 14:55:00 UTCCLOUSDT     0.109510      35.90     155         33243137.000000 -15501.000000 -0.05       3.364900    -0.081500   -2.36       77.09       22.91       1.681700    0.002600    0.15        62.71       37.29       3.233700    -0.095300   -2.86       76.38       23.62
2026-05-06 15:00:00 UTCCLOUSDT     0.109630      37.28     164         33258062.000000 14925.000000  0.04        3.368700    0.003800    0.11        77.11       22.89       1.682800    0.001100    0.07        62.73       37.27       3.249900    0.016200    0.50        76.47       23.53
2026-05-06 15:05:00 UTCCLOUSDT     0.109680      37.89     72          33265321.000000 7259.000000   0.02        3.353500    -0.015200   -0.45       77.03       22.97       1.681500    -0.001300   -0.08       62.71       37.29       3.246300    -0.003600   -0.11       76.45       23.55
2026-05-06 15:10:00 UTCCLOUSDT     0.109720      38.40     128         33268878.000000 3557.000000   0.01        3.353500    0.000000    0.00        77.03       22.97       1.682000    0.000500    0.03        62.71       37.29       3.248100    0.001800    0.06        76.46       23.54
2026-05-06 15:15:00 UTCCLOUSDT     0.109920      41.01     112         33270099.000000 1221.000000   0.00        3.340300    -0.013200   -0.39       76.96       23.04       1.679300    -0.002700   -0.16       62.68       37.32       3.233700    -0.014400   -0.44       76.38       23.62
2026-05-06 15:20:00 UTCCLOUSDT     0.110060      42.83     132         33263830.000000 -6269.000000  -0.02       3.338400    -0.001900   -0.06       76.95       23.05       1.678700    -0.000600   -0.04       62.67       37.33       3.242700    0.009000    0.28        76.43       23.57
2026-05-06 15:25:00 UTCCLOUSDT     0.109870      40.98     87          33260186.000000 -3644.000000  -0.01       3.330900    -0.007500   -0.22       76.91       23.09       1.674000    -0.004700   -0.28       62.60       37.40       3.262600    0.019900    0.61        76.54       23.46
2026-05-06 15:30:00 UTCCLOUSDT     0.109600      38.43     217         33260487.000000 301.000000    0.00        3.332800    0.001900    0.06        76.92       23.08       1.674300    0.000300    0.02        62.61       37.39       3.257100    -0.005500   -0.17       76.51       23.49
2026-05-06 15:35:00 UTCCLOUSDT     0.109260      35.45     229         33250473.000000 -10014.000000 -0.03       3.323400    -0.009400   -0.28       76.87       23.13       1.675400    0.001100    0.07        62.62       37.38       3.273500    0.016400    0.50        76.60       23.40
2026-05-06 15:40:00 UTCCLOUSDT     0.109320      36.39     148         33240962.000000 -9511.000000  -0.03       3.312200    -0.011200   -0.34       76.81       23.19       1.674400    -0.001000   -0.06       62.61       37.39       3.233700    -0.039800   -1.22       76.38       23.62
2026-05-06 15:45:00 UTCCLOUSDT     0.109530      39.69     86          33245875.000000 4913.000000   0.01        3.314100    0.001900    0.06        76.82       23.18       1.674100    -0.000300   -0.02       62.60       37.40       3.260800    0.027100    0.84        76.53       23.47
2026-05-06 15:50:00 UTCCLOUSDT     0.109690      42.16     109         33246237.000000 362.000000    0.00        3.301100    -0.013000   -0.39       76.75       23.25       1.674400    0.000300    0.02        62.61       37.39       3.257100    -0.003700   -0.11       76.51       23.49
2026-05-06 15:55:00 UTCCLOUSDT     0.109510      40.17     166         33255568.000000 9331.000000   0.03        3.319700    0.018600    0.56        76.85       23.15       1.674500    0.000100    0.01        62.61       37.39       3.258900    0.001800    0.06        76.52       23.48
2026-05-06 16:00:00 UTCCLOUSDT     0.109550      40.84     275         33272749.000000 17181.000000  0.05        3.315900    -0.003800   -0.11       76.83       23.17       1.672900    -0.001600   -0.10       62.59       37.41       3.244500    -0.014400   -0.44       76.44       23.56
2026-05-06 16:05:00 UTCCLOUSDT     0.109810      45.13     167         33285728.000000 12979.000000  0.04        3.353500    0.037600    1.13        77.03       22.97       1.672600    -0.000300   -0.02       62.58       37.42       3.284500    0.040000    1.23        76.66       23.34
2026-05-06 16:10:00 UTCCLOUSDT     0.109660      43.18     117         33299449.000000 13721.000000  0.04        3.363000    0.009500    0.28        77.08       22.92       1.673100    0.000500    0.03        62.59       37.41       3.301100    0.016600    0.51        76.75       23.25
2026-05-06 16:15:00 UTCCLOUSDT     0.109590      42.27     134         33309461.000000 10012.000000  0.03        3.349700    -0.013300   -0.40       77.01       22.99       1.673100    0.000000    0.00        62.59       37.41       3.295500    -0.005600   -0.17       76.72       23.28
2026-05-06 16:20:00 UTCCLOUSDT     0.109370      39.44     109         33316479.000000 7018.000000   0.02        3.363000    0.013300    0.40        77.08       22.92       1.672900    -0.000200   -0.01       62.59       37.41       3.314100    0.018600    0.56        76.82       23.18
2026-05-06 16:25:00 UTCCLOUSDT     0.108450      30.29     388         33318875.000000 2396.000000   0.01        3.359200    -0.003800   -0.11       77.06       22.94       1.673400    0.000500    0.03        62.59       37.41       3.251700    -0.062400   -1.88       76.48       23.52
2026-05-06 16:30:00 UTCCLOUSDT     0.108670      34.22     290         33298316.000000 -20559.000000 -0.06       3.372500    0.013300    0.40        77.13       22.87       1.670500    -0.002900   -0.17       62.55       37.45       3.295500    0.043800    1.35        76.72       23.28
2026-05-06 16:35:00 UTCCLOUSDT     0.108750      35.64     205         33305178.000000 6862.000000   0.02        3.387900    0.015400    0.46        77.21       22.79       1.667700    -0.002800   -0.17       62.51       37.49       3.327100    0.031600    0.96        76.89       23.11
2026-05-06 16:40:00 UTCCLOUSDT     0.108860      37.63     127         33308498.000000 3320.000000   0.01        3.376400    -0.011500   -0.34       77.15       22.85       1.666400    -0.001300   -0.08       62.50       37.50       3.317800    -0.009300   -0.28       76.84       23.16
2026-05-06 16:45:00 UTCCLOUSDT     0.109120      42.19     82          33313338.000000 4840.000000   0.01        3.364900    -0.011500   -0.34       77.09       22.91       1.669300    0.002900    0.17        62.54       37.46       3.306600    -0.011200   -0.34       76.78       23.22
2026-05-06 16:50:00 UTCCLOUSDT     0.109240      44.22     119         33315808.000000 2470.000000   0.01        3.374500    0.009600    0.29        77.14       22.86       1.669400    0.000100    0.01        62.54       37.46       3.321500    0.014900    0.45        76.86       23.14
2026-05-06 16:55:00 UTCCLOUSDT     0.109230      44.08     185         33323867.000000 8059.000000   0.02        3.363000    -0.011500   -0.34       77.08       22.92       1.669100    -0.000300   -0.02       62.53       37.47       3.329000    0.007500    0.23        76.90       23.10
2026-05-06 17:00:00 UTCCLOUSDT     0.109380      46.77     157         33337933.000000 14066.000000  0.04        3.351600    -0.011400   -0.34       77.02       22.98       1.669900    0.000800    0.05        62.55       37.45       3.291800    -0.037200   -1.12       76.70       23.30
2026-05-06 17:05:00 UTCCLOUSDT     0.109600      50.54     94          33332960.000000 -4973.000000  -0.01       3.364900    0.013300    0.40        77.09       22.91       1.670300    0.000400    0.02        62.55       37.45       3.304800    0.013000    0.39        76.77       23.23
2026-05-06 17:10:00 UTCCLOUSDT     0.109580      50.19     158         33340433.000000 7473.000000   0.02        3.368700    0.003800    0.11        77.11       22.89       1.670600    0.000300    0.02        62.55       37.45       3.317800    0.013000    0.39        76.84       23.16
2026-05-06 17:15:00 UTCCLOUSDT     0.109010      41.44     125         33352649.000000 12216.000000  0.04        3.382100    0.013400    0.40        77.18       22.82       1.671500    0.000900    0.05        62.57       37.43       3.302900    -0.014900   -0.45       76.76       23.24
2026-05-06 17:20:00 UTCCLOUSDT     0.109180      44.55     103         33350346.000000 -2303.000000  -0.01       3.380200    -0.001900   -0.06       77.17       22.83       1.671900    0.000400    0.02        62.57       37.43       3.279000    -0.023900   -0.72       76.63       23.37
2026-05-06 17:25:00 UTCCLOUSDT     0.109190      44.73     70          33362684.000000 12338.000000  0.04        3.382100    0.001900    0.06        77.18       22.82       1.671800    -0.000100   -0.01       62.57       37.43       3.269900    -0.009100   -0.28       76.58       23.42
2026-05-06 17:30:00 UTCCLOUSDT     0.109000      41.87     110         33361996.000000 -688.000000   -0.00       3.391700    0.009600    0.28        77.23       22.77       1.671600    -0.000200   -0.01       62.57       37.43       3.291800    0.021900    0.67        76.70       23.30
2026-05-06 17:35:00 UTCCLOUSDT     0.108690      37.63     104         33364925.000000 2929.000000   0.01        3.403300    0.011600    0.34        77.29       22.71       1.671900    0.000300    0.02        62.57       37.43       3.317800    0.026000    0.79        76.84       23.16
2026-05-06 17:40:00 UTCCLOUSDT     0.108700      37.85     140         33372800.000000 7875.000000   0.02        3.393700    -0.009600   -0.28       77.24       22.76       1.672500    0.000600    0.04        62.58       37.42       3.291800    -0.026000   -0.78       76.70       23.30
2026-05-06 17:45:00 UTCCLOUSDT     0.108890      42.00     95          33374551.000000 1751.000000   0.01        3.389800    -0.003900   -0.11       77.22       22.78       1.671600    -0.000900   -0.05       62.57       37.43       3.301100    0.009300    0.28        76.75       23.25
2026-05-06 17:50:00 UTCCLOUSDT     0.109150      47.21     95          33378515.000000 3964.000000   0.01        3.389800    0.000000    0.00        77.22       22.78       1.673300    0.001700    0.10        62.59       37.41       3.310300    0.009200    0.28        76.80       23.20
2026-05-06 17:55:00 UTCCLOUSDT     0.109170      47.60     94          33385463.000000 6948.000000   0.02        3.384000    -0.005800   -0.17       77.19       22.81       1.673100    -0.000200   -0.01       62.59       37.41       3.317800    0.007500    0.23        76.84       23.16
2026-05-06 18:00:00 UTCCLOUSDT     0.108890      42.83     104         33394002.000000 8539.000000   0.03        3.374500    -0.009500   -0.28       77.14       22.86       1.672500    -0.000600   -0.04       62.58       37.42       3.301100    -0.016700   -0.50       76.75       23.25
2026-05-06 18:05:00 UTCCLOUSDT     0.108940      43.91     206         33399312.000000 5310.000000   0.02        3.374500    0.000000    0.00        77.14       22.86       1.672100    -0.000400   -0.02       62.58       37.42       3.297400    -0.003700   -0.11       76.73       23.27
2026-05-06 18:10:00 UTCCLOUSDT     0.109010      45.47     89          33397584.000000 -1728.000000  -0.01       3.368700    -0.005800   -0.17       77.11       22.89       1.671600    -0.000500   -0.03       62.57       37.43       3.301100    0.003700    0.11        76.75       23.25
2026-05-06 18:15:00 UTCCLOUSDT     0.108910      43.61     97          33405458.000000 7874.000000   0.02        3.370600    0.001900    0.06        77.12       22.88       1.673000    0.001400    0.08        62.59       37.41       3.310300    0.009200    0.28        76.80       23.20
2026-05-06 18:20:00 UTCCLOUSDT     0.108830      42.13     67          33409318.000000 3860.000000   0.01        3.374500    0.003900    0.12        77.14       22.86       1.673300    0.000300    0.02        62.59       37.41       3.301100    -0.009200   -0.28       76.75       23.25
2026-05-06 18:25:00 UTCCLOUSDT     0.108740      40.46     55          33409715.000000 397.000000    0.00        3.380200    0.005700    0.17        77.17       22.83       1.673500    0.000200    0.01        62.60       37.40       3.297400    -0.003700   -0.11       76.73       23.27
2026-05-06 18:30:00 UTCCLOUSDT     0.108980      46.53     153         33411715.000000 2000.000000   0.01        3.376400    -0.003800   -0.11       77.15       22.85       1.673600    0.000100    0.01        62.60       37.40       3.295500    -0.001900   -0.06       76.72       23.28
2026-05-06 18:35:00 UTCCLOUSDT     0.108760      42.28     57          33423932.000000 12217.000000  0.04        3.361100    -0.015300   -0.45       77.07       22.93       1.673600    0.000000    0.00        62.60       37.40       3.266200    -0.029300   -0.89       76.56       23.44
2026-05-06 18:40:00 UTCCLOUSDT     0.108990      47.67     260         33423726.000000 -206.000000   -0.00       3.359200    -0.001900   -0.06       77.06       22.94       1.673700    0.000100    0.01        62.60       37.40       3.260800    -0.005400   -0.17       76.53       23.47
2026-05-06 18:45:00 UTCCLOUSDT     0.109090      49.86     616         33428506.000000 4780.000000   0.01        3.366800    0.007600    0.23        77.10       22.90       1.674500    0.000800    0.05        62.61       37.39       3.258900    -0.001900   -0.06       76.52       23.48
2026-05-06 18:50:00 UTCCLOUSDT     0.109250      53.24     73          33436920.000000 8414.000000   0.03        3.378300    0.011500    0.34        77.16       22.84       1.674800    0.000300    0.02        62.61       37.39       3.260800    0.001900    0.06        76.53       23.47
2026-05-06 18:55:00 UTCCLOUSDT     0.109280      53.87     55          33440752.000000 3832.000000   0.01        3.368700    -0.009600   -0.28       77.11       22.89       1.674900    0.000100    0.01        62.62       37.38       3.271700    0.010900    0.33        76.59       23.41
2026-05-06 19:00:00 UTCCLOUSDT     0.109180      51.39     139         33441157.000000 405.000000    0.00        3.370600    0.001900    0.06        77.12       22.88       1.674700    -0.000200   -0.01       62.61       37.39       3.291800    0.020100    0.61        76.70       23.30
2026-05-06 19:05:00 UTCCLOUSDT     0.109540      58.74     134         33438407.000000 -2750.000000  -0.01       3.378300    0.007700    0.23        77.16       22.84       1.674100    -0.000600   -0.04       62.60       37.40       3.284500    -0.007300   -0.22       76.66       23.34
2026-05-06 19:10:00 UTCCLOUSDT     0.109670      61.03     119         33457836.000000 19429.000000  0.06        3.359200    -0.019100   -0.57       77.06       22.94       1.675000    0.000900    0.05        62.62       37.38       3.268000    -0.016500   -0.50       76.57       23.43
2026-05-06 19:15:00 UTCCLOUSDT     0.109510      56.85     173         33463528.000000 5692.000000   0.02        3.351600    -0.007600   -0.23       77.02       22.98       1.675100    0.000100    0.01        62.62       37.38       3.264400    -0.003600   -0.11       76.55       23.45
2026-05-06 19:20:00 UTCCLOUSDT     0.109890      63.29     101         33471361.000000 7833.000000   0.02        3.330900    -0.020700   -0.62       76.91       23.09       1.673800    -0.001300   -0.08       62.60       37.40       3.237300    -0.027100   -0.83       76.40       23.60
2026-05-06 19:25:00 UTCCLOUSDT     0.109680      58.12     67          33448418.000000 -22943.000000 -0.07       3.327100    -0.003800   -0.11       76.89       23.11       1.672400    -0.001400   -0.08       62.58       37.42       3.239100    0.001800    0.06        76.41       23.59
2026-05-06 19:30:00 UTCCLOUSDT     0.109590      56.02     109         33438219.000000 -10199.000000 -0.03       3.332800    0.005700    0.17        76.92       23.08       1.672000    -0.000400   -0.02       62.57       37.43       3.228300    -0.010800   -0.33       76.35       23.65
2026-05-06 19:35:00 UTCCLOUSDT     0.109630      56.77     94          33440358.000000 2139.000000   0.01        3.317800    -0.015000   -0.45       76.84       23.16       1.671600    -0.000400   -0.02       62.57       37.43       3.268000    0.039700    1.23        76.57       23.43
2026-05-06 19:40:00 UTCCLOUSDT     0.109640      56.96     41          33438147.000000 -2211.000000  -0.01       3.327100    0.009300    0.28        76.89       23.11       1.670700    -0.000900   -0.05       62.56       37.44       3.251700    -0.016300   -0.50       76.48       23.52
2026-05-06 19:45:00 UTCCLOUSDT     0.109710      58.40     39          33429068.000000 -9079.000000  -0.03       3.327100    0.000000    0.00        76.89       23.11       1.670400    -0.000300   -0.02       62.55       37.45       3.264400    0.012700    0.39        76.55       23.45
2026-05-06 19:50:00 UTCCLOUSDT     0.109810      60.43     90          33429369.000000 301.000000    0.00        3.332800    0.005700    0.17        76.92       23.08       1.670300    -0.000100   -0.01       62.55       37.45       3.264400    0.000000    0.00        76.55       23.45
2026-05-06 19:55:00 UTCCLOUSDT     0.109650      55.74     85          33432738.000000 3369.000000   0.01        3.334600    0.001800    0.05        76.93       23.07       1.669800    -0.000500   -0.03       62.54       37.46       3.302900    0.038500    1.18        76.76       23.24
2026-05-06 20:00:00 UTCCLOUSDT     0.109740      57.73     191         33437299.000000 4561.000000   0.01        3.321500    -0.013100   -0.39       76.86       23.14       1.669700    -0.000100   -0.01       62.54       37.46       3.284500    -0.018400   -0.56       76.66       23.34
2026-05-06 20:05:00 UTCCLOUSDT     0.109680      55.93     143         33439478.000000 2179.000000   0.01        3.347800    0.026300    0.79        77.00       23.00       1.668900    -0.000800   -0.05       62.53       37.47       3.325300    0.040800    1.24        76.88       23.12
2026-05-06 20:10:00 UTCCLOUSDT     0.109830      59.34     162         33454442.000000 14964.000000  0.04        3.334600    -0.013200   -0.39       76.93       23.07       1.667600    -0.001300   -0.08       62.51       37.49       3.286300    -0.039000   -1.17       76.67       23.33
2026-05-06 20:15:00 UTCCLOUSDT     0.109070      41.71     347         33445194.000000 -9248.000000  -0.03       3.366800    0.032200    0.97        77.10       22.90       1.666700    -0.000900   -0.05       62.50       37.50       3.310300    0.024000    0.73        76.80       23.20
2026-05-06 20:20:00 UTCCLOUSDT     0.109130      43.14     66          33412377.000000 -32817.000000 -0.10       3.393700    0.026900    0.80        77.24       22.76       1.664100    -0.002600   -0.16       62.46       37.54       3.340300    0.030000    0.91        76.96       23.04
2026-05-06 20:25:00 UTCCLOUSDT     0.109260      46.24     69          33414252.000000 1875.000000   0.01        3.391700    -0.002000   -0.06       77.23       22.77       1.664100    0.000000    0.00        62.46       37.54       3.325300    -0.015000   -0.45       76.88       23.12
2026-05-06 20:30:00 UTCCLOUSDT     0.109230      45.62     115         33419188.000000 4936.000000   0.01        3.395600    0.003900    0.11        77.25       22.75       1.664900    0.000800    0.05        62.48       37.52       3.342200    0.016900    0.51        76.97       23.03
2026-05-06 20:35:00 UTCCLOUSDT     0.109200      44.97     131         33452102.000000 32914.000000  0.10        3.391700    -0.003900   -0.11       77.23       22.77       1.664700    -0.000200   -0.01       62.47       37.53       3.314100    -0.028100   -0.84       76.82       23.18
2026-05-06 20:40:00 UTCCLOUSDT     0.108970      40.27     101         33457968.000000 5866.000000   0.02        3.378300    -0.013400   -0.40       77.16       22.84       1.662900    -0.001800   -0.11       62.45       37.55       3.288200    -0.025900   -0.78       76.68       23.32
2026-05-06 20:45:00 UTCCLOUSDT     0.108810      37.34     138         33470233.000000 12265.000000  0.04        3.357300    -0.021000   -0.62       77.05       22.95       1.664700    0.001800    0.11        62.47       37.53       3.264400    -0.023800   -0.72       76.55       23.45
2026-05-06 20:50:00 UTCCLOUSDT     0.108730      35.93     81          33431684.000000 -38549.000000 -0.12       3.376400    0.019100    0.57        77.15       22.85       1.663400    -0.001300   -0.08       62.45       37.55       3.310300    0.045900    1.41        76.80       23.20
2026-05-06 20:55:00 UTCCLOUSDT     0.108870      40.18     47          33433977.000000 2293.000000   0.01        3.386000    0.009600    0.28        77.20       22.80       1.663500    0.000100    0.01        62.46       37.54       3.325300    0.015000    0.45        76.88       23.12
2026-05-06 21:00:00 UTCCLOUSDT     0.109190      48.57     129         33448013.000000 14036.000000  0.04        3.387900    0.001900    0.06        77.21       22.79       1.664100    0.000600    0.04        62.46       37.54       3.355400    0.030100    0.91        77.04       22.96
2026-05-06 21:05:00 UTCCLOUSDT     0.108830      41.52     108         33463838.000000 15825.000000  0.05        3.391700    0.003800    0.11        77.23       22.77       1.664500    0.000400    0.02        62.47       37.53       3.382100    0.026700    0.80        77.18       22.82
2026-05-06 21:10:00 UTCCLOUSDT     0.108810      41.16     106         33467866.000000 4028.000000   0.01        3.391700    0.000000    0.00        77.23       22.77       1.665100    0.000600    0.04        62.48       37.52       3.321500    -0.060600   -1.79       76.86       23.14
2026-05-06 21:15:00 UTCCLOUSDT     0.109040      46.83     83          33467497.000000 -369.000000   -0.00       3.380200    -0.011500   -0.34       77.17       22.83       1.664800    -0.000300   -0.02       62.47       37.53       3.315900    -0.005600   -0.17       76.83       23.17
2026-05-06 21:20:00 UTCCLOUSDT     0.108980      45.60     84          33469428.000000 1931.000000   0.01        3.374500    -0.005700   -0.17       77.14       22.86       1.664800    0.000000    0.00        62.47       37.53       3.340300    0.024400    0.74        76.96       23.04
2026-05-06 21:25:00 UTCCLOUSDT     0.108980      45.60     43          33469734.000000 306.000000    0.00        3.384000    0.009500    0.28        77.19       22.81       1.665400    0.000600    0.04        62.48       37.52       3.355400    0.015100    0.45        77.04       22.96
2026-05-06 21:30:00 UTCCLOUSDT     0.109490      56.82     61          33470958.000000 1224.000000   0.00        3.372500    -0.011500   -0.34       77.13       22.87       1.665600    0.000200    0.01        62.48       37.52       3.338400    -0.017000   -0.51       76.95       23.05
2026-05-06 21:35:00 UTCCLOUSDT     0.109450      55.85     219         33481684.000000 10726.000000  0.03        3.374500    0.002000    0.06        77.14       22.86       1.666300    0.000700    0.04        62.49       37.51       3.330900    -0.007500   -0.22       76.91       23.09
2026-05-06 21:40:00 UTCCLOUSDT     0.109480      56.45     62          33557599.000000 75915.000000  0.23        3.330900    -0.043600   -1.29       76.91       23.09       1.672700    0.006400    0.38        62.58       37.42       3.297400    -0.033500   -1.01       76.73       23.27
2026-05-06 21:45:00 UTCCLOUSDT     0.109520      57.29     46          33554585.000000 -3014.000000  -0.01       3.327100    -0.003800   -0.11       76.89       23.11       1.672700    0.000000    0.00        62.58       37.42       3.290000    -0.007400   -0.22       76.69       23.31
2026-05-06 21:50:00 UTCCLOUSDT     0.109430      54.74     54          33556224.000000 1639.000000   0.00        3.323400    -0.003700   -0.11       76.87       23.13       1.672800    0.000100    0.01        62.59       37.41       3.282700    -0.007300   -0.22       76.65       23.35
2026-05-06 21:55:00 UTCCLOUSDT     0.109710      60.61     60          33556006.000000 -218.000000   -0.00       3.321500    -0.001900   -0.06       76.86       23.14       1.672700    -0.000100   -0.01       62.59       37.41       3.288200    0.005500    0.17        76.68       23.32
2026-05-06 22:00:00 UTCCLOUSDT     0.109090      46.29     186         33562343.000000 6337.000000   0.02        3.325300    0.003800    0.11        76.88       23.12       1.672800    0.000100    0.01        62.59       37.41       3.299200    0.011000    0.33        76.74       23.26
2026-05-06 22:05:00 UTCCLOUSDT     0.108750      40.62     118         33568125.000000 5782.000000   0.02        3.338400    0.013100    0.39        76.95       23.05       1.672200    -0.000600   -0.04       62.58       37.42       3.295500    -0.003700   -0.11       76.72       23.28
2026-05-06 22:10:00 UTCCLOUSDT     0.108560      37.83     273         33564145.000000 -3980.000000  -0.01       3.332800    -0.005600   -0.17       76.92       23.08       1.671600    -0.000600   -0.04       62.57       37.43       3.282700    -0.012800   -0.39       76.65       23.35
2026-05-06 22:15:00 UTCCLOUSDT     0.108430      36.01     84          33518835.000000 -45310.000000 -0.13       3.405300    0.072500    2.18        77.30       22.70       1.669200    -0.002400   -0.14       62.54       37.46       3.329000    0.046300    1.41        76.90       23.10
2026-05-06 22:20:00 UTCCLOUSDT     0.108560      39.17     72          33512700.000000 -6135.000000  -0.02       3.411100    0.005800    0.17        77.33       22.67       1.668600    -0.000600   -0.04       62.53       37.47       3.347800    0.018800    0.56        77.00       23.00
2026-05-06 22:25:00 UTCCLOUSDT     0.108390      36.62     81          33512942.000000 242.000000    0.00        3.405300    -0.005800   -0.17       77.30       22.70       1.668800    0.000200    0.01        62.53       37.47       3.325300    -0.022500   -0.67       76.88       23.12
2026-05-06 22:30:00 UTCCLOUSDT     0.108470      38.64     80          33504550.000000 -8392.000000  -0.03       3.405300    0.000000    0.00        77.30       22.70       1.668000    -0.000800   -0.05       62.52       37.48       3.327100    0.001800    0.05        76.89       23.11
2026-05-06 22:35:00 UTCCLOUSDT     0.108390      37.36     63          33503375.000000 -1175.000000  -0.00       3.405300    0.000000    0.00        77.30       22.70       1.668100    0.000100    0.01        62.52       37.48       3.342200    0.015100    0.45        76.97       23.03
2026-05-06 22:40:00 UTCCLOUSDT     0.108420      38.19     23          33504391.000000 1016.000000   0.00        3.405300    0.000000    0.00        77.30       22.70       1.668300    0.000200    0.01        62.52       37.48       3.345900    0.003700    0.11        76.99       23.01
2026-05-06 22:45:00 UTCCLOUSDT     0.108280      35.81     61          33503585.000000 -806.000000   -0.00       3.407200    0.001900    0.06        77.31       22.69       1.668300    0.000000    0.00        62.52       37.48       3.342200    -0.003700   -0.11       76.97       23.03
2026-05-06 22:50:00 UTCCLOUSDT     0.108230      34.97     85          33509941.000000 6356.000000   0.02        3.378300    -0.028900   -0.85       77.16       22.84       1.668900    0.000600    0.04        62.53       37.47       3.302900    -0.039300   -1.18       76.76       23.24
2026-05-06 22:55:00 UTCCLOUSDT     0.107580      26.35     262         33498993.000000 -10948.000000 -0.03       3.386000    0.007700    0.23        77.20       22.80       1.667900    -0.001000   -0.06       62.52       37.48       3.323400    0.020500    0.62        76.87       23.13
2026-05-06 23:00:00 UTCCLOUSDT     0.106910      20.68     465         33472492.000000 -26501.000000 -0.08       3.368700    -0.017300   -0.51       77.11       22.89       1.671200    0.003300    0.20        62.56       37.44       3.288200    -0.035200   -1.06       76.68       23.32
2026-05-06 23:05:00 UTCCLOUSDT     0.107400      32.17     121         33493228.000000 20736.000000  0.06        3.370600    0.001900    0.06        77.12       22.88       1.676600    0.005400    0.32        62.64       37.36       3.288200    0.000000    0.00        76.68       23.32
2026-05-06 23:10:00 UTCCLOUSDT     0.107560      35.45     125         33494527.000000 1299.000000   0.00        3.363000    -0.007600   -0.23       77.08       22.92       1.677800    0.001200    0.07        62.66       37.34       3.282700    -0.005500   -0.17       76.65       23.35
2026-05-06 23:15:00 UTCCLOUSDT     0.107610      36.49     79          33521135.000000 26608.000000  0.08        3.364900    0.001900    0.06        77.09       22.91       1.677500    -0.000300   -0.02       62.65       37.35       3.306600    0.023900    0.73        76.78       23.22
2026-05-06 23:20:00 UTCCLOUSDT     0.107330      33.27     99          33487831.000000 -33304.000000 -0.10       3.372500    0.007600    0.23        77.13       22.87       1.675800    -0.001700   -0.10       62.63       37.37       3.314100    0.007500    0.23        76.82       23.18
2026-05-06 23:25:00 UTCCLOUSDT     0.107440      35.67     68          33531237.000000 43406.000000  0.13        3.378300    0.005800    0.17        77.16       22.84       1.678600    0.002800    0.17        62.67       37.33       3.321500    0.007400    0.22        76.86       23.14
2026-05-06 23:30:00 UTCCLOUSDT     0.107620      39.51     62          33537287.000000 6050.000000   0.02        3.378300    0.000000    0.00        77.16       22.84       1.679400    0.000800    0.05        62.68       37.32       3.321500    0.000000    0.00        76.86       23.14
2026-05-06 23:35:00 UTCCLOUSDT     0.107810      43.35     93          33545333.000000 8046.000000   0.02        3.372500    -0.005800   -0.17       77.13       22.87       1.679400    0.000000    0.00        62.68       37.32       3.295500    -0.026000   -0.78       76.72       23.28
2026-05-06 23:40:00 UTCCLOUSDT     0.107980      46.61     86          33558317.000000 12984.000000  0.04        3.372500    0.000000    0.00        77.13       22.87       1.679800    0.000400    0.02        62.68       37.32       3.284500    -0.011000   -0.33       76.66       23.34
2026-05-06 23:45:00 UTCCLOUSDT     0.107830      44.19     117         33566054.000000 7737.000000   0.02        3.370600    -0.001900   -0.06       77.12       22.88       1.682200    0.002400    0.14        62.72       37.28       3.304800    0.020300    0.62        76.77       23.23
2026-05-06 23:50:00 UTCCLOUSDT     0.107820      44.03     58          33588986.000000 22932.000000  0.07        3.389800    0.019200    0.57        77.22       22.78       1.682500    0.000300    0.02        62.72       37.28       3.314100    0.009300    0.28        76.82       23.18
2026-05-06 23:55:00 UTCCLOUSDT     0.107940      46.59     54          33595913.000000 6927.000000   0.02        3.389800    0.000000    0.00        77.22       22.78       1.682900    0.000400    0.02        62.73       37.27       3.297400    -0.016700   -0.50       76.73       23.27
2026-05-07 00:00:00 UTCCLOUSDT     0.107620      41.18     204         33600587.000000 4674.000000   0.01        3.387900    -0.001900   -0.06       77.21       22.79       1.683100    0.000200    0.01        62.73       37.27       3.266200    -0.031200   -0.95       76.56       23.44
2026-05-07 00:05:00 UTCCLOUSDT     0.108150      51.28     108         33604222.000000 3635.000000   0.01        3.376400    -0.011500   -0.34       77.15       22.85       1.683500    0.000400    0.02        62.74       37.26       3.239100    -0.027100   -0.83       76.41       23.59
2026-05-07 00:10:00 UTCCLOUSDT     0.107790      45.55     79          33600864.000000 -3358.000000  -0.01       3.366800    -0.009600   -0.28       77.10       22.90       1.683600    0.000100    0.01        62.74       37.26       3.288200    0.049100    1.52        76.68       23.32
2026-05-07 00:15:00 UTCCLOUSDT     0.107580      42.57     76          33610042.000000 9178.000000   0.03        3.372500    0.005700    0.17        77.13       22.87       1.684100    0.000500    0.03        62.74       37.26       3.280800    -0.007400   -0.23       76.64       23.36
2026-05-07 00:20:00 UTCCLOUSDT     0.107380      39.89     32          33607717.000000 -2325.000000  -0.01       3.386000    0.013500    0.40        77.20       22.80       1.684100    0.000000    0.00        62.74       37.26       3.295500    0.014700    0.45        76.72       23.28
2026-05-07 00:25:00 UTCCLOUSDT     0.106980      35.13     233         33605117.000000 -2600.000000  -0.01       3.386000    0.000000    0.00        77.20       22.80       1.684000    -0.000100   -0.01       62.74       37.26       3.293700    -0.001800   -0.05       76.71       23.29
2026-05-07 00:30:00 UTCCLOUSDT     0.107000      35.54     120         33575158.000000 -29959.000000 -0.09       3.386000    0.000000    0.00        77.20       22.80       1.682300    -0.001700   -0.10       62.72       37.28       3.302900    0.009200    0.28        76.76       23.24
2026-05-07 00:35:00 UTCCLOUSDT     0.106850      33.80     247         33569149.000000 -6009.000000  -0.02       3.376400    -0.009600   -0.28       77.15       22.85       1.682500    0.000200    0.01        62.72       37.28       3.295500    -0.007400   -0.22       76.72       23.28
2026-05-07 00:40:00 UTCCLOUSDT     0.106530      30.37     161         33558899.000000 -10250.000000 -0.03       3.387900    0.011500    0.34        77.21       22.79       1.682300    -0.000200   -0.01       62.72       37.28       3.258900    -0.036600   -1.11       76.52       23.48
2026-05-07 00:45:00 UTCCLOUSDT     0.106850      37.22     95          33559685.000000 786.000000    0.00        3.361100    -0.026800   -0.79       77.07       22.93       1.682300    0.000000    0.00        62.72       37.28       3.249900    -0.009000   -0.28       76.47       23.53
2026-05-07 00:50:00 UTCCLOUSDT     0.106590      34.27     95          33558952.000000 -733.000000   -0.00       3.378300    0.017200    0.51        77.16       22.84       1.681500    -0.000800   -0.05       62.71       37.29       3.304800    0.054900    1.69        76.77       23.23
2026-05-07 00:55:00 UTCCLOUSDT     0.106320      31.48     165         33571616.000000 12664.000000  0.04        3.382100    0.003800    0.11        77.18       22.82       1.682500    0.001000    0.06        62.72       37.28       3.325300    0.020500    0.62        76.88       23.12
2026-05-07 01:00:00 UTCCLOUSDT     0.106500      35.27     151         33537714.000000 -33902.000000 -0.10       3.391700    0.009600    0.28        77.23       22.77       1.679100    -0.003400   -0.20       62.67       37.33       3.332800    0.007500    0.23        76.92       23.08
2026-05-07 01:05:00 UTCCLOUSDT     0.105990      30.18     521         33540152.000000 2438.000000   0.01        3.374500    -0.017200   -0.51       77.14       22.86       1.680100    0.001000    0.06        62.69       37.31       3.319700    -0.013100   -0.39       76.85       23.15
2026-05-07 01:10:00 UTCCLOUSDT     0.106200      34.38     140         33499530.000000 -40622.000000 -0.12       3.317800    -0.056700   -1.68       76.84       23.16       1.678800    -0.001300   -0.08       62.67       37.33       3.242700    -0.077000   -2.32       76.43       23.57
2026-05-07 01:15:00 UTCCLOUSDT     0.105800      30.60     183         33512287.000000 12757.000000  0.04        3.321500    0.003700    0.11        76.86       23.14       1.679800    0.001000    0.06        62.68       37.32       3.240900    -0.001800   -0.06       76.42       23.58
2026-05-07 01:20:00 UTCCLOUSDT     0.105690      29.64     269         33506153.000000 -6134.000000  -0.02       3.321500    0.000000    0.00        76.86       23.14       1.681400    0.001600    0.10        62.71       37.29       3.248100    0.007200    0.22        76.46       23.54
2026-05-07 01:25:00 UTCCLOUSDT     0.106000      35.78     101         33489875.000000 -16278.000000 -0.05       3.325300    0.003800    0.11        76.88       23.12       1.678100    -0.003300   -0.20       62.66       37.34       3.282700    0.034600    1.07        76.65       23.35
2026-05-07 01:30:00 UTCCLOUSDT     0.105930      35.03     178         33514962.000000 25087.000000  0.07        3.325300    0.000000    0.00        76.88       23.12       1.679700    0.001600    0.10        62.68       37.32       3.275300    -0.007400   -0.23       76.61       23.39
2026-05-07 01:35:00 UTCCLOUSDT     0.106430      43.98     161         33529527.000000 14565.000000  0.04        3.327100    0.001800    0.05        76.89       23.11       1.678700    -0.001000   -0.06       62.67       37.33       3.268000    -0.007300   -0.22       76.57       23.43
2026-05-07 01:40:00 UTCCLOUSDT     0.106240      41.64     168         33537731.000000 8204.000000   0.02        3.386000    0.058900    1.77        77.20       22.80       1.679100    0.000400    0.02        62.67       37.33       3.325300    0.057300    1.75        76.88       23.12
2026-05-07 01:45:00 UTCCLOUSDT     0.106350      43.51     98          33575184.000000 37453.000000  0.11        3.417000    0.031000    0.92        77.36       22.64       1.681600    0.002500    0.15        62.71       37.29       3.325300    0.000000    0.00        76.88       23.12
2026-05-07 01:50:00 UTCCLOUSDT     0.106260      42.31     189         33583026.000000 7842.000000   0.02        3.409200    -0.007800   -0.23       77.32       22.68       1.681200    -0.000400   -0.02       62.70       37.30       3.319700    -0.005600   -0.17       76.85       23.15
2026-05-07 01:55:00 UTCCLOUSDT     0.106000      38.97     78          33604986.000000 21960.000000  0.07        3.359200    -0.050000   -1.47       77.06       22.94       1.680800    -0.000400   -0.02       62.70       37.30       3.253500    -0.066200   -1.99       76.49       23.51
2026-05-07 02:00:00 UTCCLOUSDT     0.105750      36.02     281         33607035.000000 2049.000000   0.01        3.380200    0.021000    0.63        77.17       22.83       1.681300    0.000500    0.03        62.71       37.29       3.280800    0.027300    0.84        76.64       23.36
2026-05-07 02:05:00 UTCCLOUSDT     0.105330      31.68     350         33561780.000000 -45255.000000 -0.13       3.374500    -0.005700   -0.17       77.14       22.86       1.676500    -0.004800   -0.29       62.64       37.36       3.286300    0.005500    0.17        76.67       23.33
2026-05-07 02:10:00 UTCCLOUSDT     0.105000      28.75     114         33540183.000000 -21597.000000 -0.06       3.314100    -0.060400   -1.79       76.82       23.18       1.678300    0.001800    0.11        62.66       37.34       3.217600    -0.068700   -2.09       76.29       23.71
2026-05-07 02:15:00 UTCCLOUSDT     0.105190      32.62     140         33509884.000000 -30299.000000 -0.09       3.295500    -0.018600   -0.56       76.72       23.28       1.676700    -0.001600   -0.10       62.64       37.36       3.242700    0.025100    0.78        76.43       23.57
2026-05-07 02:20:00 UTCCLOUSDT     0.105260      34.04     55          33510978.000000 1094.000000   0.00        3.291800    -0.003700   -0.11       76.70       23.30       1.676900    0.000200    0.01        62.64       37.36       3.233700    -0.009000   -0.28       76.38       23.62
2026-05-07 02:25:00 UTCCLOUSDT     0.105140      32.76     66          33513087.000000 2109.000000   0.01        3.299200    0.007400    0.22        76.74       23.26       1.676900    0.000000    0.00        62.64       37.36       3.257100    0.023400    0.72        76.51       23.49
2026-05-07 02:30:00 UTCCLOUSDT     0.105140      32.76     237         33507915.000000 -5172.000000  -0.02       3.291800    -0.007400   -0.22       76.70       23.30       1.676800    -0.000100   -0.01       62.64       37.36       3.246300    -0.010800   -0.33       76.45       23.55
2026-05-07 02:35:00 UTCCLOUSDT     0.105250      35.34     111         33498864.000000 -9051.000000  -0.03       3.233700    -0.058100   -1.76       76.38       23.62       1.676500    -0.000300   -0.02       62.64       37.36       3.178900    -0.067400   -2.08       76.07       23.93
2026-05-07 02:40:00 UTCCLOUSDT     0.105080      33.22     149         33490866.000000 -7998.000000  -0.02       3.244500    0.010800    0.33        76.44       23.56       1.677000    0.000500    0.03        62.65       37.35       3.192900    0.014000    0.44        76.15       23.85
2026-05-07 02:45:00 UTCCLOUSDT     0.105210      36.36     143         33558430.000000 67564.000000  0.20        3.214100    -0.030400   -0.94       76.27       23.73       1.653400    -0.023600   -1.41       62.31       37.69       3.194600    0.001700    0.05        76.16       23.84
2026-05-07 02:50:00 UTCCLOUSDT     0.105340      39.42     111         33554574.000000 -3856.000000  -0.01       3.235500    0.021400    0.67        76.39       23.61       1.655500    0.002100    0.13        62.34       37.66       3.199900    0.005300    0.17        76.19       23.81
2026-05-07 02:55:00 UTCCLOUSDT     0.105300      38.80     55          33562751.000000 8177.000000   0.02        3.231900    -0.003600   -0.11       76.37       23.63       1.655700    0.000200    0.01        62.34       37.66       3.201700    0.001800    0.06        76.20       23.80
2026-05-07 03:00:00 UTCCLOUSDT     0.105370      40.56     105         33564471.000000 1720.000000   0.01        3.231900    0.000000    0.00        76.37       23.63       1.656300    0.000600    0.04        62.35       37.65       3.189400    -0.012300   -0.38       76.13       23.87
2026-05-07 03:05:00 UTCCLOUSDT     0.105500      43.80     71          33561756.000000 -2715.000000  -0.01       3.226500    -0.005400   -0.17       76.34       23.66       1.656500    0.000200    0.01        62.36       37.64       3.164900    -0.024500   -0.77       75.99       24.01
2026-05-07 03:10:00 UTCCLOUSDT     0.105540      44.79     103         33571009.000000 9253.000000   0.03        3.228300    0.001800    0.06        76.35       23.65       1.656800    0.000300    0.02        62.36       37.64       3.171900    0.007000    0.22        76.03       23.97
2026-05-07 03:15:00 UTCCLOUSDT     0.105570      45.57     126         33572997.000000 1988.000000   0.01        3.207000    -0.021300   -0.66       76.23       23.77       1.657500    0.000700    0.04        62.37       37.63       3.161500    -0.010400   -0.33       75.97       24.03
2026-05-07 03:20:00 UTCCLOUSDT     0.105060      36.22     185         33593172.000000 20175.000000  0.06        3.189400    -0.017600   -0.55       76.13       23.87       1.656600    -0.000900   -0.05       62.36       37.64       3.137400    -0.024100   -0.76       75.83       24.17
2026-05-07 03:25:00 UTCCLOUSDT     0.105310      42.45     68          33567813.000000 -25359.000000 -0.08       3.215900    0.026500    0.83        76.28       23.72       1.656600    0.000000    0.00        62.36       37.64       3.118600    -0.018800   -0.60       75.72       24.28
2026-05-07 03:30:00 UTCCLOUSDT     0.104980      37.28     67          33553587.000000 -14226.000000 -0.04       3.223000    0.007100    0.22        76.32       23.68       1.656500    -0.000100   -0.01       62.36       37.64       3.142500    0.023900    0.77        75.86       24.14
2026-05-07 03:35:00 UTCCLOUSDT     0.104770      34.40     78          33552642.000000 -945.000000   -0.00       3.230100    0.007100    0.22        76.36       23.64       1.656100    -0.000400   -0.02       62.35       37.65       3.147700    0.005200    0.17        75.89       24.11
2026-05-07 03:40:00 UTCCLOUSDT     0.104520      31.31     190         33547990.000000 -4652.000000  -0.01       3.231900    0.001800    0.06        76.37       23.63       1.656100    0.000000    0.00        62.35       37.65       3.137400    -0.010300   -0.33       75.83       24.17
2026-05-07 03:45:00 UTCCLOUSDT     0.104770      37.37     95          33538761.000000 -9229.000000  -0.03       3.240900    0.009000    0.28        76.42       23.58       1.654600    -0.001500   -0.09       62.33       37.67       3.164900    0.027500    0.88        75.99       24.01
2026-05-07 03:50:00 UTCCLOUSDT     0.104630      35.48     68          33543700.000000 4939.000000   0.01        3.235500    -0.005400   -0.17       76.39       23.61       1.654700    0.000100    0.01        62.33       37.67       3.152800    -0.012100   -0.38       75.92       24.08
2026-05-07 03:55:00 UTCCLOUSDT     0.104430      32.92     127         33539111.000000 -4589.000000  -0.01       3.246300    0.010800    0.33        76.45       23.55       1.654800    0.000100    0.01        62.33       37.67       3.158000    0.005200    0.16        75.95       24.05
2026-05-07 04:00:00 UTCCLOUSDT     0.104660      38.43     247         33523299.000000 -15812.000000 -0.05       3.228300    -0.018000   -0.55       76.35       23.65       1.655600    0.000800    0.05        62.34       37.66       3.151100    -0.006900   -0.22       75.91       24.09
2026-05-07 04:05:00 UTCCLOUSDT     0.104290      33.64     266         33464741.000000 -58558.000000 -0.17       3.226500    -0.001800   -0.06       76.34       23.66       1.659500    0.003900    0.24        62.40       37.60       3.127100    -0.024000   -0.76       75.77       24.23
2026-05-07 04:10:00 UTCCLOUSDT     0.104950      46.45     77          33423522.000000 -41219.000000 -0.12       3.221200    -0.005300   -0.16       76.31       23.69       1.655500    -0.004000   -0.24       62.34       37.66       3.098400    -0.028700   -0.92       75.60       24.40
2026-05-07 04:15:00 UTCCLOUSDT     0.104910      45.87     77          33412623.000000 -10899.000000 -0.03       3.230100    0.008900    0.28        76.36       23.64       1.655100    -0.000400   -0.02       62.34       37.66       3.093300    -0.005100   -0.16       75.57       24.43
2026-05-07 04:20:00 UTCCLOUSDT     0.104970      46.94     120         33414566.000000 1943.000000   0.01        3.230100    0.000000    0.00        76.36       23.64       1.654800    -0.000300   -0.02       62.33       37.67       3.133900    0.040600    1.31        75.81       24.19
2026-05-07 04:25:00 UTCCLOUSDT     0.104940      46.45     63          33434289.000000 19723.000000  0.06        3.208800    -0.021300   -0.66       76.24       23.76       1.654000    -0.000800   -0.05       62.32       37.68       3.125400    -0.008500   -0.27       75.76       24.24
2026-05-07 04:30:00 UTCCLOUSDT     0.105280      52.53     220         33444094.000000 9805.000000   0.03        3.196400    -0.012400   -0.39       76.17       23.83       1.653900    -0.000100   -0.01       62.32       37.68       3.111800    -0.013600   -0.44       75.68       24.32
2026-05-07 04:35:00 UTCCLOUSDT     0.105320      53.20     128         33446415.000000 2321.000000   0.01        3.185900    -0.010500   -0.33       76.11       23.89       1.654900    0.001000    0.06        62.33       37.67       3.103400    -0.008400   -0.27       75.63       24.37
2026-05-07 04:40:00 UTCCLOUSDT     0.105590      57.58     177         33445597.000000 -818.000000   -0.00       3.175400    -0.010500   -0.33       76.05       23.95       1.656200    0.001300    0.08        62.35       37.65       3.071700    -0.031700   -1.02       75.44       24.56
2026-05-07 04:45:00 UTCCLOUSDT     0.105710      59.39     296         33470543.000000 24946.000000  0.07        3.149400    -0.026000   -0.82       75.90       24.10       1.658000    0.001800    0.11        62.38       37.62       3.100000    0.028300    0.92        75.61       24.39
2026-05-07 04:50:00 UTCCLOUSDT     0.105840      61.32     123         33469258.000000 -1285.000000  -0.00       3.164900    0.015500    0.49        75.99       24.01       1.659200    0.001200    0.07        62.39       37.61       3.060100    -0.039900   -1.29       75.37       24.63
2026-05-07 04:55:00 UTCCLOUSDT     0.105640      56.84     94          33464294.000000 -4964.000000  -0.01       3.170100    0.005200    0.16        76.02       23.98       1.660000    0.000800    0.05        62.41       37.59       3.061700    0.001600    0.05        75.38       24.62
2026-05-07 05:00:00 UTCCLOUSDT     0.105860      60.28     231         33430411.000000 -33883.000000 -0.10       3.175400    0.005300    0.17        76.05       23.95       1.656600    -0.003400   -0.20       62.36       37.64       3.065000    0.003300    0.11        75.40       24.60
2026-05-07 05:05:00 UTCCLOUSDT     0.105850      60.05     114         33378430.000000 -51981.000000 -0.16       3.210500    0.035100    1.11        76.25       23.75       1.654500    -0.002100   -0.13       62.33       37.67       3.105100    0.040100    1.31        75.64       24.36
2026-05-07 05:10:00 UTCCLOUSDT     0.106120      64.10     85          33356238.000000 -22192.000000 -0.07       3.207000    -0.003500   -0.11       76.23       23.77       1.653100    -0.001400   -0.08       62.31       37.69       3.115200    0.010100    0.33        75.70       24.30
2026-05-07 05:15:00 UTCCLOUSDT     0.105730      55.36     106         33358432.000000 2194.000000   0.01        3.207000    0.000000    0.00        76.23       23.77       1.652500    -0.000600   -0.04       62.30       37.70       3.128800    0.013600    0.44        75.78       24.22
2026-05-07 05:20:00 UTCCLOUSDT     0.105470      50.43     63          33346307.000000 -12125.000000 -0.04       3.203400    -0.003600   -0.11       76.21       23.79       1.653000    0.000500    0.03        62.31       37.69       3.149400    0.020600    0.66        75.90       24.10
2026-05-07 05:25:00 UTCCLOUSDT     0.105620      53.03     94          33335693.000000 -10614.000000 -0.03       3.210500    0.007100    0.22        76.25       23.75       1.652800    -0.000200   -0.01       62.30       37.70       3.152800    0.003400    0.11        75.92       24.08
2026-05-07 05:30:00 UTCCLOUSDT     0.105520      51.10     84          33337005.000000 1312.000000   0.00        3.201700    -0.008800   -0.27       76.20       23.80       1.652300    -0.000500   -0.03       62.30       37.70       3.130500    -0.022300   -0.71       75.79       24.21
2026-05-07 05:35:00 UTCCLOUSDT     0.105350      47.92     105         33340417.000000 3412.000000   0.01        3.194600    -0.007100   -0.22       76.16       23.84       1.652400    0.000100    0.01        62.30       37.70       3.130500    0.000000    0.00        75.79       24.21
2026-05-07 05:40:00 UTCCLOUSDT     0.105780      55.48     140         33329971.000000 -10446.000000 -0.03       3.180600    -0.014000   -0.44       76.08       23.92       1.652200    -0.000200   -0.01       62.30       37.70       3.096700    -0.033800   -1.08       75.59       24.41
2026-05-07 05:45:00 UTCCLOUSDT     0.105320      47.53     78          33289656.000000 -40315.000000 -0.12       3.163200    -0.017400   -0.55       75.98       24.02       1.648100    -0.004100   -0.25       62.24       37.76       3.071700    -0.025000   -0.81       75.44       24.56
2026-05-07 05:50:00 UTCCLOUSDT     0.105490      50.36     128         33280252.000000 -9404.000000  -0.03       3.168400    0.005200    0.16        76.01       23.99       1.648200    0.000100    0.01        62.24       37.76       3.075000    0.003300    0.11        75.46       24.54
2026-05-07 05:55:00 UTCCLOUSDT     0.105350      48.06     49          33263397.000000 -16855.000000 -0.05       3.154500    -0.013900   -0.44       75.93       24.07       1.646400    -0.001800   -0.11       62.21       37.79       3.073300    -0.001700   -0.06       75.45       24.55
2026-05-07 06:00:00 UTCCLOUSDT     0.105220      45.96     89          33262345.000000 -1052.000000  -0.00       3.156300    0.001800    0.06        75.94       24.06       1.646400    0.000000    0.00        62.21       37.79       3.070000    -0.003300   -0.11       75.43       24.57
2026-05-07 06:05:00 UTCCLOUSDT     0.105030      43.01     146         33259465.000000 -2880.000000  -0.01       3.144200    -0.012100   -0.38       75.87       24.13       1.646500    0.000100    0.01        62.21       37.79       3.075000    0.005000    0.16        75.46       24.54
2026-05-07 06:10:00 UTCCLOUSDT     0.104690      38.26     171         33241004.000000 -18461.000000 -0.06       3.161500    0.017300    0.55        75.97       24.03       1.645400    -0.001100   -0.07       62.20       37.80       3.100000    0.025000    0.81        75.61       24.39
2026-05-07 06:15:00 UTCCLOUSDT     0.103960      30.49     431         33250351.000000 9347.000000   0.03        3.185900    0.024400    0.77        76.11       23.89       1.644300    -0.001100   -0.07       62.18       37.82       3.128800    0.028800    0.93        75.78       24.22
2026-05-07 06:20:00 UTCCLOUSDT     0.104020      31.72     134         33263233.000000 12882.000000  0.04        3.266200    0.080300    2.52        76.56       23.44       1.636700    -0.007600   -0.46       62.07       37.93       3.230100    0.101300    3.24        76.36       23.64
2026-05-07 06:25:00 UTCCLOUSDT     0.104590      42.17     141         33268064.000000 4831.000000   0.01        3.253500    -0.012700   -0.39       76.49       23.51       1.635800    -0.000900   -0.05       62.06       37.94       3.221200    -0.008900   -0.28       76.31       23.69
2026-05-07 06:30:00 UTCCLOUSDT     0.104850      46.21     184         33269620.000000 1556.000000   0.00        3.244500    -0.009000   -0.28       76.44       23.56       1.634800    -0.001000   -0.06       62.05       37.95       3.210500    -0.010700   -0.33       76.25       23.75
2026-05-07 06:35:00 UTCCLOUSDT     0.104580      42.86     85          33283214.000000 13594.000000  0.04        3.275300    0.030800    0.95        76.61       23.39       1.635400    0.000600    0.04        62.05       37.95       3.235500    0.025000    0.78        76.39       23.61
2026-05-07 06:40:00 UTCCLOUSDT     0.104680      44.47     80          33281172.000000 -2042.000000  -0.01       3.268000    -0.007300   -0.22       76.57       23.43       1.636100    0.000700    0.04        62.07       37.93       3.239100    0.003600    0.11        76.41       23.59
2026-05-07 06:45:00 UTCCLOUSDT     0.104620      43.67     80          33274418.000000 -6754.000000  -0.02       3.260800    -0.007200   -0.22       76.53       23.47       1.635700    -0.000400   -0.02       62.06       37.94       3.224800    -0.014300   -0.44       76.33       23.67
2026-05-07 06:50:00 UTCCLOUSDT     0.104960      49.21     116         33274033.000000 -385.000000   -0.00       3.257100    -0.003700   -0.11       76.51       23.49       1.635700    0.000000    0.00        62.06       37.94       3.215900    -0.008900   -0.28       76.28       23.72
2026-05-07 06:55:00 UTCCLOUSDT     0.104920      48.60     118         33280889.000000 6856.000000   0.02        3.242700    -0.014400   -0.44       76.43       23.57       1.636700    0.001000    0.06        62.07       37.93       3.192900    -0.023000   -0.72       76.15       23.85
2026-05-07 07:00:00 UTCCLOUSDT     0.104950      49.11     125         33259835.000000 -21054.000000 -0.06       3.237300    -0.005400   -0.17       76.40       23.60       1.639100    0.002400    0.15        62.11       37.89       3.171900    -0.021000   -0.66       76.03       23.97
2026-05-07 07:05:00 UTCCLOUSDT     0.105170      52.77     175         33254152.000000 -5683.000000  -0.02       3.246300    0.009000    0.28        76.45       23.55       1.638900    -0.000200   -0.01       62.11       37.89       3.192900    0.021000    0.66        76.15       23.85
2026-05-07 07:10:00 UTCCLOUSDT     0.105540      58.22     139         33246590.000000 -7562.000000  -0.02       3.237300    -0.009000   -0.28       76.40       23.60       1.641500    0.002600    0.16        62.14       37.86       3.147700    -0.045200   -1.42       75.89       24.11
2026-05-07 07:15:00 UTCCLOUSDT     0.105580      58.78     117         33258374.000000 11784.000000  0.04        3.208800    -0.028500   -0.88       76.24       23.76       1.641500    0.000000    0.00        62.14       37.86       3.144200    -0.003500   -0.11       75.87       24.13
2026-05-07 07:20:00 UTCCLOUSDT     0.105670      60.06     70          33245923.000000 -12451.000000 -0.04       3.215900    0.007100    0.22        76.28       23.72       1.641000    -0.000500   -0.03       62.14       37.86       3.154500    0.010300    0.33        75.93       24.07
2026-05-07 07:25:00 UTCCLOUSDT     0.105540      57.29     112         33246743.000000 820.000000    0.00        3.214100    -0.001800   -0.06       76.27       23.73       1.640600    -0.000400   -0.02       62.13       37.87       3.173600    0.019100    0.61        76.04       23.96
2026-05-07 07:30:00 UTCCLOUSDT     0.106040      64.14     219         33245537.000000 -1206.000000  -0.00       3.226500    0.012400    0.39        76.34       23.66       1.640000    -0.000600   -0.04       62.12       37.88       3.173600    0.000000    0.00        76.04       23.96
2026-05-07 07:35:00 UTCCLOUSDT     0.106040      64.14     181         33252477.000000 6940.000000   0.02        3.224800    -0.001700   -0.05       76.33       23.67       1.641500    0.001500    0.09        62.14       37.86       3.147700    -0.025900   -0.82       75.89       24.11
2026-05-07 07:40:00 UTCCLOUSDT     0.106190      66.04     137         33283693.000000 31216.000000  0.09        3.217600    -0.007200   -0.22       76.29       23.71       1.643000    0.001500    0.09        62.16       37.84       3.159700    0.012000    0.38        75.96       24.04
2026-05-07 07:45:00 UTCCLOUSDT     0.106290      67.28     191         33283468.000000 -225.000000   -0.00       3.226500    0.008900    0.28        76.34       23.66       1.644500    0.001500    0.09        62.19       37.81       3.152800    -0.006900   -0.22       75.92       24.08
2026-05-07 07:50:00 UTCCLOUSDT     0.105740      55.30     108         33284522.000000 1054.000000   0.00        3.215900    -0.010600   -0.33       76.28       23.72       1.643700    -0.000800   -0.05       62.17       37.83       3.135600    -0.017200   -0.55       75.82       24.18
2026-05-07 07:55:00 UTCCLOUSDT     0.105830      56.66     85          33291036.000000 6514.000000   0.02        3.210500    -0.005400   -0.17       76.25       23.75       1.643900    0.000200    0.01        62.18       37.82       3.125400    -0.010200   -0.33       75.76       24.24
2026-05-07 08:00:00 UTCCLOUSDT     0.105630      52.81     137         33286312.000000 -4724.000000  -0.01       3.223000    0.012500    0.39        76.32       23.68       1.643900    0.000000    0.00        62.18       37.82       3.127100    0.001700    0.05        75.77       24.23
2026-05-07 08:05:00 UTCCLOUSDT     0.105690      53.82     165         33280082.000000 -6230.000000  -0.02       3.231900    0.008900    0.28        76.37       23.63       1.643600    -0.000300   -0.02       62.17       37.83       3.164900    0.037800    1.21        75.99       24.01
2026-05-07 08:10:00 UTCCLOUSDT     0.105450      49.27     126         33290130.000000 10048.000000  0.03        3.223000    -0.008900   -0.28       76.32       23.68       1.643800    0.000200    0.01        62.18       37.82       3.132200    -0.032700   -1.03       75.80       24.20
2026-05-07 08:15:00 UTCCLOUSDT     0.105530      50.76     103         33281842.000000 -8288.000000  -0.02       3.235500    0.012500    0.39        76.39       23.61       1.644800    0.001000    0.06        62.19       37.81       3.156300    0.024100    0.77        75.94       24.06
2026-05-07 08:20:00 UTCCLOUSDT     0.105510      50.36     67          33281231.000000 -611.000000   -0.00       3.244500    0.009000    0.28        76.44       23.56       1.646400    0.001600    0.10        62.21       37.79       3.130500    -0.025800   -0.82       75.79       24.21
2026-05-07 08:25:00 UTCCLOUSDT     0.104860      39.48     125         33279596.000000 -1635.000000  -0.00       3.240900    -0.003600   -0.11       76.42       23.58       1.646000    -0.000400   -0.02       62.21       37.79       3.142500    0.012000    0.38        75.86       24.14
2026-05-07 08:30:00 UTCCLOUSDT     0.104630      36.48     274         33271511.000000 -8085.000000  -0.02       3.231900    -0.009000   -0.28       76.37       23.63       1.645600    -0.000400   -0.02       62.20       37.80       3.171900    0.029400    0.94        76.03       23.97
2026-05-07 08:35:00 UTCCLOUSDT     0.104940      42.79     177         33272229.000000 718.000000    0.00        3.231900    0.000000    0.00        76.37       23.63       1.646400    0.000800    0.05        62.21       37.79       3.140800    -0.031100   -0.98       75.85       24.15
2026-05-07 08:40:00 UTCCLOUSDT     0.104830      41.23     121         33275930.000000 3701.000000   0.01        3.221200    -0.010700   -0.33       76.31       23.69       1.648200    0.001800    0.11        62.24       37.76       3.101700    -0.039100   -1.24       75.62       24.38
2026-05-07 08:45:00 UTCCLOUSDT     0.104840      41.44     106         33300278.000000 24348.000000  0.07        3.217600    -0.003600   -0.11       76.29       23.71       1.645700    -0.002500   -0.15       62.20       37.80       3.116900    0.015200    0.49        75.71       24.29
2026-05-07 08:50:00 UTCCLOUSDT     0.105090      46.57     69          33303840.000000 3562.000000   0.01        3.219400    0.001800    0.06        76.30       23.70       1.645900    0.000200    0.01        62.21       37.79       3.101700    -0.015200   -0.49       75.62       24.38
2026-05-07 08:55:00 UTCCLOUSDT     0.105110      46.98     71          33307391.000000 3551.000000   0.01        3.215900    -0.003500   -0.11       76.28       23.72       1.646500    0.000600    0.04        62.21       37.79       3.100000    -0.001700   -0.05       75.61       24.39
2026-05-07 09:00:00 UTCCLOUSDT     0.105070      46.23     78          33311836.000000 4445.000000   0.01        3.217600    0.001700    0.05        76.29       23.71       1.646900    0.000400    0.02        62.22       37.78       3.103400    0.003400    0.11        75.63       24.37
2026-05-07 09:05:00 UTCCLOUSDT     0.105020      45.26     88          33307951.000000 -3885.000000  -0.01       3.223000    0.005400    0.17        76.32       23.68       1.647200    0.000300    0.02        62.22       37.78       3.101700    -0.001700   -0.05       75.62       24.38
2026-05-07 09:10:00 UTCCLOUSDT     0.105070      46.47     55          33295505.000000 -12446.000000 -0.04       3.210500    -0.012500   -0.39       76.25       23.75       1.647800    0.000600    0.04        62.23       37.77       3.098400    -0.003300   -0.11       75.60       24.40
2026-05-07 09:15:00 UTCCLOUSDT     0.105080      46.72     65          33286165.000000 -9340.000000  -0.03       3.219400    0.008900    0.28        76.30       23.70       1.647700    -0.000100   -0.01       62.23       37.77       3.123700    0.025300    0.82        75.75       24.25
2026-05-07 09:20:00 UTCCLOUSDT     0.105080      46.72     64          33287532.000000 1367.000000   0.00        3.194600    -0.024800   -0.77       76.16       23.84       1.647300    -0.000400   -0.02       62.23       37.77       3.108500    -0.015200   -0.49       75.66       24.34
2026-05-07 09:25:00 UTCCLOUSDT     0.133280      96.77     35487       33285902.000000 -1630.000000  -0.00       3.194600    0.000000    0.00        76.16       23.84       1.648000    0.000700    0.04        62.24       37.76       3.100000    -0.008500   -0.27       75.61       24.39
2026-05-07 09:30:00 UTCCLOUSDT     0.133430      96.78     12019       39360475.000000 6074573.00000018.25       2.688700    -0.505900   -15.84      72.89       27.11       1.724400    0.076400    4.64        63.29       36.71       2.645600    -0.454400   -14.66      72.57       27.43
2026-05-07 09:35:00 UTCCLOUSDT     0.137200      97.19     11241       39385236.000000 24761.000000  0.06        2.532300    -0.156400   -5.82       71.69       28.31       1.719200    -0.005200   -0.30       63.22       36.78       2.529800    -0.115800   -4.38       71.67       28.33
2026-05-07 09:40:00 UTCCLOUSDT     0.139340      97.39     15564       39427757.000000 42521.000000  0.11        2.502600    -0.029700   -1.17       71.45       28.55       1.685300    -0.033900   -1.97       62.76       37.24       2.505100    -0.024700   -0.98       71.47       28.53
2026-05-07 09:45:00 UTCCLOUSDT     0.143040      97.70     11888       40760328.000000 1332571.0000003.38        2.241500    -0.261100   -10.43      69.15       30.85       1.697500    0.012200    0.72        62.93       37.07       2.288400    -0.216700   -8.65       69.59       30.41
2026-05-07 09:50:00 UTCCLOUSDT     0.135950      78.58     14214       41032801.000000 272473.000000 0.67        2.133800    -0.107700   -4.80       68.09       31.91       1.679000    -0.018500   -1.09       62.67       37.33       2.224800    -0.063600   -2.78       68.99       31.01
2026-05-07 09:55:00 UTCCLOUSDT     0.132240      70.77     7647        39982493.000000 -1050308.000000-2.56       2.261600    0.127800    5.99        69.34       30.66       1.704900    0.025900    1.54        63.03       36.97       2.325600    0.100800    4.53        69.93       30.07
2026-05-07 10:00:00 UTCCLOUSDT     0.126340      60.48     9447        39782728.000000 -199765.000000-0.50       2.312400    0.050800    2.25        69.81       30.19       1.725300    0.020400    1.20        63.31       36.69       2.402500    0.076900    3.31        70.61       29.39
2026-05-07 10:05:00 UTCCLOUSDT     0.125290      58.84     4930        39382759.000000 -399969.000000-1.01       2.382900    0.070500    3.05        70.44       29.56       1.701100    -0.024200   -1.40       62.98       37.02       2.365900    -0.036600   -1.52       70.29       29.71
2026-05-07 10:10:00 UTCCLOUSDT     0.125170      58.65     3464        39020586.000000 -362173.000000-0.92       2.394400    0.011500    0.48        70.54       29.46       1.727300    0.026200    1.54        63.33       36.67       2.388700    0.022800    0.96        70.49       29.51
2026-05-07 10:15:00 UTCCLOUSDT     0.122840      54.84     3398        38890889.000000 -129697.000000-0.33       2.442300    0.047900    2.00        70.95       29.05       1.739100    0.011800    0.68        63.49       36.51       2.410600    0.021900    0.92        70.68       29.32
2026-05-07 10:20:00 UTCCLOUSDT     0.121110      52.13     3679        38621873.000000 -269016.000000-0.69       2.441200    -0.001100   -0.05       70.94       29.06       1.724300    -0.014800   -0.85       63.29       36.71       2.370400    -0.040200   -1.67       70.33       29.67
2026-05-07 10:25:00 UTCCLOUSDT     0.118870      48.77     4748        38439125.000000 -182748.000000-0.47       2.454200    0.013000    0.53        71.05       28.95       1.707900    -0.016400   -0.95       63.07       36.93       2.404800    0.034400    1.45        70.63       29.37
2026-05-07 10:30:00 UTCCLOUSDT     0.121970      53.26     6002        38348480.000000 -90645.000000 -0.24       2.473400    0.019200    0.78        71.21       28.79       1.706700    -0.001200   -0.07       63.06       36.94       2.402500    -0.002300   -0.10       70.61       29.39
2026-05-07 10:35:00 UTCCLOUSDT     0.120790      51.41     2605        38098449.000000 -250031.000000-0.65       2.492800    0.019400    0.78        71.37       28.63       1.695000    -0.011700   -0.69       62.89       37.11       2.466200    0.063700    2.65        71.15       28.85
2026-05-07 10:40:00 UTCCLOUSDT     0.120780      51.39     1549        38043509.000000 -54940.000000 -0.14       2.480700    -0.012100   -0.49       71.27       28.73       1.695000    0.000000    0.00        62.89       37.11       2.445900    -0.020300   -0.82       70.98       29.02
2026-05-07 10:45:00 UTCCLOUSDT     0.120870      51.54     2029        37968479.000000 -75030.000000 -0.20       2.491600    0.010900    0.44        71.36       28.64       1.696500    0.001500    0.09        62.91       37.09       2.451800    0.005900    0.24        71.03       28.97
2026-05-07 10:50:00 UTCCLOUSDT     0.120150      50.22     1600        37912483.000000 -55996.000000 -0.15       2.505100    0.013500    0.54        71.47       28.53       1.698300    0.001800    0.11        62.94       37.06       2.448300    -0.003500   -0.14       71.00       29.00
2026-05-07 10:55:00 UTCCLOUSDT     0.121800      53.18     1472        37781626.000000 -130857.000000-0.35       2.512500    0.007400    0.30        71.53       28.47       1.701700    0.003400    0.20        62.99       37.01       2.484300    0.036000    1.47        71.30       28.70
2026-05-07 11:00:00 UTCCLOUSDT     0.121760      53.10     971         37758010.000000 -23616.000000 -0.06       2.557500    0.045000    1.79        71.89       28.11       1.697600    -0.004100   -0.24       62.93       37.07       2.556200    0.071900    2.89        71.88       28.12
2026-05-07 11:05:00 UTCCLOUSDT     0.122170      53.89     1273        37736944.000000 -21066.000000 -0.06       2.577800    0.020300    0.79        72.05       27.95       1.704100    0.006500    0.38        63.02       36.98       2.557500    0.001300    0.05        71.89       28.11
2026-05-07 11:10:00 UTCCLOUSDT     0.120990      51.22     947         37749968.000000 13024.000000  0.03        2.554900    -0.022900   -0.89       71.87       28.13       1.707600    0.003500    0.21        63.07       36.93       2.514900    -0.042600   -1.67       71.55       28.45
2026-05-07 11:15:00 UTCCLOUSDT     0.120780      50.73     778         37652747.000000 -97221.000000 -0.26       2.606200    0.051300    2.01        72.27       27.73       1.705400    -0.002200   -0.13       63.04       36.96       2.549900    0.035000    1.39        71.83       28.17
2026-05-07 11:20:00 UTCCLOUSDT     0.120340      49.68     1048        37531793.000000 -120954.000000-0.32       2.582900    -0.023300   -0.89       72.09       27.91       1.707300    0.001900    0.11        63.06       36.94       2.531100    -0.018800   -0.74       71.68       28.32
2026-05-07 11:25:00 UTCCLOUSDT     0.120770      50.76     690         37400985.000000 -130808.000000-0.35       2.580400    -0.002500   -0.10       72.07       27.93       1.696900    -0.010400   -0.61       62.92       37.08       2.584200    0.053100    2.10        72.10       27.90
2026-05-07 11:30:00 UTCCLOUSDT     0.120780      50.78     496         37376232.000000 -24753.000000 -0.07       2.594500    0.014100    0.55        72.18       27.82       1.699400    0.002500    0.15        62.96       37.04       2.566300    -0.017900   -0.69       71.96       28.04
2026-05-07 11:35:00 UTCCLOUSDT     0.120800      50.84     518         37305745.000000 -70487.000000 -0.19       2.582900    -0.011600   -0.45       72.09       27.91       1.705600    0.006200    0.36        63.04       36.96       2.572700    0.006400    0.25        72.01       27.99
2026-05-07 11:40:00 UTCCLOUSDT     0.119850      48.00     549         37244087.000000 -61658.000000 -0.17       2.571400    -0.011500   -0.45       72.00       28.00       1.708500    0.002900    0.17        63.08       36.92       2.593200    0.020500    0.80        72.17       27.83
2026-05-07 11:45:00 UTCCLOUSDT     0.120910      51.27     579         37160035.000000 -84052.000000 -0.23       2.580400    0.009000    0.35        72.07       27.93       1.713700    0.005200    0.30        63.15       36.85       2.579100    -0.014100   -0.54       72.06       27.94
2026-05-07 11:50:00 UTCCLOUSDT     0.120960      51.43     719         37115497.000000 -44538.000000 -0.12       2.598400    0.018000    0.70        72.21       27.79       1.714200    0.000500    0.03        63.16       36.84       2.554900    -0.024200   -0.94       71.87       28.13
2026-05-07 11:55:00 UTCCLOUSDT     0.121430      52.94     343         37101755.000000 -13742.000000 -0.04       2.595800    -0.002600   -0.10       72.19       27.81       1.716900    0.002700    0.16        63.19       36.81       2.557500    0.002600    0.10        71.89       28.11
2026-05-07 12:00:00 UTCCLOUSDT     0.122800      57.14     738         37072112.000000 -29643.000000 -0.08       2.597100    0.001300    0.05        72.20       27.80       1.716400    -0.000500   -0.03       63.19       36.81       2.553700    -0.003800   -0.15       71.86       28.14
2026-05-07 12:05:00 UTCCLOUSDT     0.120880      50.36     604         37020472.000000 -51640.000000 -0.14       2.563800    -0.033300   -1.28       71.94       28.06       1.715400    -0.001000   -0.06       63.17       36.83       2.541100    -0.012600   -0.49       71.76       28.24
2026-05-07 12:10:00 UTCCLOUSDT     0.120890      50.39     433         36983334.000000 -37138.000000 -0.10       2.584200    0.020400    0.80        72.10       27.90       1.716200    0.000800    0.05        63.18       36.82       2.584200    0.043100    1.70        72.10       27.90
2026-05-07 12:15:00 UTCCLOUSDT     0.121270      51.71     379         36990687.000000 7353.000000   0.02        2.574000    -0.010200   -0.39       72.02       27.98       1.717700    0.001500    0.09        63.20       36.80       2.542300    -0.041900   -1.62       71.77       28.23
2026-05-07 12:20:00 UTCCLOUSDT     0.121450      52.35     365         36982420.000000 -8267.000000  -0.02       2.548600    -0.025400   -0.99       71.82       28.18       1.718000    0.000300    0.02        63.21       36.79       2.537300    -0.005000   -0.20       71.73       28.27
2026-05-07 12:25:00 UTCCLOUSDT     0.121090      50.89     381         36996039.000000 13619.000000  0.04        2.544800    -0.003800   -0.15       71.79       28.21       1.717200    -0.000800   -0.05       63.20       36.80       2.561300    0.024000    0.95        71.92       28.08
2026-05-07 12:30:00 UTCCLOUSDT     0.120560      48.73     345         36981150.000000 -14889.000000 -0.04       2.568900    0.024100    0.95        71.98       28.02       1.717600    0.000400    0.02        63.20       36.80       2.588100    0.026800    1.05        72.13       27.87
2026-05-07 12:35:00 UTCCLOUSDT     0.121080      50.93     328         36991458.000000 10308.000000  0.03        2.558700    -0.010200   -0.40       71.90       28.10       1.717300    -0.000300   -0.02       63.20       36.80       2.572700    -0.015400   -0.60       72.01       27.99
2026-05-07 12:40:00 UTCCLOUSDT     0.122660      56.97     375         36983749.000000 -7709.000000  -0.02       2.560000    0.001300    0.05        71.91       28.09       1.718600    0.001300    0.08        63.22       36.78       2.567600    -0.005100   -0.20       71.97       28.03
2026-05-07 12:45:00 UTCCLOUSDT     0.123540      59.92     701         36973616.000000 -10133.000000 -0.03       2.577800    0.017800    0.70        72.05       27.95       1.719700    0.001100    0.06        63.23       36.77       2.541100    -0.026500   -1.03       71.76       28.24
2026-05-07 12:50:00 UTCCLOUSDT     0.122360      54.51     349         37026416.000000 52800.000000  0.14        2.593200    0.015400    0.60        72.17       27.83       1.719200    -0.000500   -0.03       63.22       36.78       2.576500    0.035400    1.39        72.04       27.96
2026-05-07 12:55:00 UTCCLOUSDT     0.121940      52.69     419         37077156.000000 50740.000000  0.14        2.585500    -0.007700   -0.30       72.11       27.89       1.721500    0.002300    0.13        63.26       36.74       2.599700    0.023200    0.90        72.22       27.78
2026-05-07 13:00:00 UTCCLOUSDT     0.122930      56.39     715         37095956.000000 18800.000000  0.05        2.570200    -0.015300   -0.59       71.99       28.01       1.720900    -0.000600   -0.03       63.25       36.75       2.586800    -0.012900   -0.50       72.12       27.88
2026-05-07 13:05:00 UTCCLOUSDT     0.122680      55.22     372         37093174.000000 -2782.000000  -0.01       2.601000    0.030800    1.20        72.23       27.77       1.722400    0.001500    0.09        63.27       36.73       2.595800    0.009000    0.35        72.19       27.81
2026-05-07 13:10:00 UTCCLOUSDT     0.123420      58.01     682         37081365.000000 -11809.000000 -0.03       2.601000    0.000000    0.00        72.23       27.77       1.723400    0.001000    0.06        63.28       36.72       2.602300    0.006500    0.25        72.24       27.76
2026-05-07 13:15:00 UTCCLOUSDT     0.124260      60.98     603         37096640.000000 15275.000000  0.04        2.590700    -0.010300   -0.40       72.15       27.85       1.727200    0.003800    0.22        63.33       36.67       2.551100    -0.051200   -1.97       71.84       28.16
2026-05-07 13:20:00 UTCCLOUSDT     0.124070      59.94     915         37110804.000000 14164.000000  0.04        2.580400    -0.010300   -0.40       72.07       27.93       1.725200    -0.002000   -0.12       63.31       36.69       2.571400    0.020300    0.80        72.00       28.00
2026-05-07 13:25:00 UTCCLOUSDT     0.122260      51.07     699         37178769.000000 67965.000000  0.18        2.616600    0.036200    1.40        72.35       27.65       1.728800    0.003600    0.21        63.35       36.65       2.595800    0.024400    0.95        72.19       27.81
2026-05-07 13:30:00 UTCCLOUSDT     0.123500      55.89     583         37193771.000000 15002.000000  0.04        2.688700    0.072100    2.76        72.89       27.11       1.729900    0.001100    0.06        63.37       36.63       2.631100    0.035300    1.36        72.46       27.54
2026-05-07 13:35:00 UTCCLOUSDT     0.123090      53.99     373         37191640.000000 -2131.000000  -0.01       2.633700    -0.055000   -2.05       72.48       27.52       1.729200    -0.000700   -0.04       63.36       36.64       2.627100    -0.004000   -0.15       72.43       27.57
2026-05-07 13:40:00 UTCCLOUSDT     0.122860      52.91     263         37159723.000000 -31917.000000 -0.09       2.631100    -0.002600   -0.10       72.46       27.54       1.728900    -0.000300   -0.02       63.35       36.65       2.611400    -0.015700   -0.60       72.31       27.69
2026-05-07 13:45:00 UTCCLOUSDT     0.122280      50.18     275         37143728.000000 -15995.000000 -0.04       2.643000    0.011900    0.45        72.55       27.45       1.728800    -0.000100   -0.01       63.35       36.65       2.623200    0.011800    0.45        72.40       27.60
2026-05-07 13:50:00 UTCCLOUSDT     0.121870      48.28     535         37129585.000000 -14143.000000 -0.04       2.637700    -0.005300   -0.20       72.51       27.49       1.728700    -0.000100   -0.01       63.35       36.65       2.644300    0.021100    0.80        72.56       27.44
2026-05-07 13:55:00 UTCCLOUSDT     0.122270      50.26     482         37111872.000000 -17713.000000 -0.05       2.628400    -0.009300   -0.35       72.44       27.56       1.729700    0.001000    0.06        63.37       36.63       2.627100    -0.017200   -0.65       72.43       27.57
2026-05-07 14:00:00 UTCCLOUSDT     0.121800      47.94     801         37145442.000000 33570.000000  0.09        2.589400    -0.039000   -1.48       72.14       27.86       1.731300    0.001600    0.09        63.39       36.61       2.563800    -0.063300   -2.41       71.94       28.06
2026-05-07 14:05:00 UTCCLOUSDT     0.122740      52.64     373         37090425.000000 -55017.000000 -0.15       2.644300    0.054900    2.12        72.56       27.44       1.723500    -0.007800   -0.45       63.28       36.72       2.645600    0.081800    3.19        72.57       27.43
2026-05-07 14:10:00 UTCCLOUSDT     0.123070      54.21     676         37076235.000000 -14190.000000 -0.04       2.635000    -0.009300   -0.35       72.49       27.51       1.725600    0.002100    0.12        63.31       36.69       2.632400    -0.013200   -0.50       72.47       27.53
2026-05-07 14:15:00 UTCCLOUSDT     0.124320      59.65     420         37078792.000000 2557.000000   0.01        2.610100    -0.024900   -0.94       72.30       27.70       1.725700    0.000100    0.01        63.31       36.69       2.614000    -0.018400   -0.70       72.33       27.67
2026-05-07 14:20:00 UTCCLOUSDT     0.122520      50.37     770         37106408.000000 27616.000000  0.07        2.558700    -0.051400   -1.97       71.90       28.10       1.721800    -0.003900   -0.23       63.26       36.74       2.594500    -0.019500   -0.75       72.18       27.82
2026-05-07 14:25:00 UTCCLOUSDT     0.123530      54.63     334         37131349.000000 24941.000000  0.07        2.579100    0.020400    0.80        72.06       27.94       1.728600    0.006800    0.39        63.35       36.65       2.615300    0.020800    0.80        72.34       27.66
2026-05-07 14:30:00 UTCCLOUSDT     0.124010      56.55     729         37150276.000000 18927.000000  0.05        2.561300    -0.017800   -0.69       71.92       28.08       1.728000    -0.000600   -0.03       63.34       36.66       2.593200    -0.022100   -0.85       72.17       27.83
2026-05-07 14:35:00 UTCCLOUSDT     0.123160      52.34     573         37171255.000000 20979.000000  0.06        2.562500    0.001200    0.05        71.93       28.07       1.726800    -0.001200   -0.07       63.33       36.67       2.581700    -0.011500   -0.44       72.08       27.92
2026-05-07 14:40:00 UTCCLOUSDT     0.123580      54.15     404         37123535.000000 -47720.000000 -0.13       2.553700    -0.008800   -0.34       71.86       28.14       1.724900    -0.001900   -0.11       63.30       36.70       2.590700    0.009000    0.35        72.15       27.85
2026-05-07 14:45:00 UTCCLOUSDT     0.124400      57.55     471         37174194.000000 50659.000000  0.14        2.572700    0.019000    0.74        72.01       27.99       1.731600    0.006700    0.39        63.39       36.61       2.603600    0.012900    0.50        72.25       27.75
2026-05-07 14:50:00 UTCCLOUSDT     0.124940      59.67     725         37195605.000000 21411.000000  0.06        2.529800    -0.042900   -1.67       71.67       28.33       1.731100    -0.000500   -0.03       63.39       36.61       2.581700    -0.021900   -0.84       72.08       27.92
2026-05-07 14:55:00 UTCCLOUSDT     0.126250      64.33     755         37219605.000000 24000.000000  0.06        2.537300    0.007500    0.30        71.73       28.27       1.727800    -0.003300   -0.19       63.34       36.66       2.604900    0.023200    0.90        72.26       27.74
2026-05-07 15:00:00 UTCCLOUSDT     0.126010      62.89     1243        37237031.000000 17426.000000  0.05        2.510000    -0.027300   -1.08       71.51       28.49       1.723700    -0.004100   -0.24       63.29       36.71       2.554900    -0.050000   -1.92       71.87       28.13
2026-05-07 15:05:00 UTCCLOUSDT     0.125810      61.66     747         37304285.000000 67254.000000  0.18        2.536100    0.026100    1.04        71.72       28.28       1.729100    0.005400    0.31        63.36       36.64       2.580400    0.025500    1.00        72.07       27.93
2026-05-07 15:10:00 UTCCLOUSDT     0.125820      61.70     539         37268107.000000 -36178.000000 -0.10       2.549900    0.013800    0.54        71.83       28.17       1.731500    0.002400    0.14        63.39       36.61       2.611400    0.031000    1.20        72.31       27.69
2026-05-07 15:15:00 UTCCLOUSDT     0.124820      55.41     965         37235670.000000 -32437.000000 -0.09       2.552400    0.002500    0.10        71.85       28.15       1.730000    -0.001500   -0.09       63.37       36.63       2.621900    0.010500    0.40        72.39       27.61
2026-05-07 15:20:00 UTCCLOUSDT     0.125270      57.51     445         37170255.000000 -65415.000000 -0.18       2.593200    0.040800    1.60        72.17       27.83       1.739000    0.009000    0.52        63.49       36.51       2.644300    0.022400    0.85        72.56       27.44
2026-05-07 15:25:00 UTCCLOUSDT     0.126270      61.81     637         37143982.000000 -26273.000000 -0.07       2.593200    0.000000    0.00        72.17       27.83       1.740400    0.001400    0.08        63.51       36.49       2.624500    -0.019800   -0.75       72.41       27.59
2026-05-07 15:30:00 UTCCLOUSDT     0.127180      65.26     692         37245476.000000 101494.000000 0.27        2.561300    -0.031900   -1.23       71.92       28.08       1.740600    0.000200    0.01        63.51       36.49       2.589400    -0.035100   -1.34       72.14       27.86
2026-05-07 15:35:00 UTCCLOUSDT     0.127430      66.16     606         37280815.000000 35339.000000  0.09        2.537300    -0.024000   -0.94       71.73       28.27       1.740800    0.000200    0.01        63.51       36.49       2.577800    -0.011600   -0.45       72.05       27.95
2026-05-07 15:40:00 UTCCLOUSDT     0.127660      67.01     826         37314465.000000 33650.000000  0.09        2.527300    -0.010000   -0.39       71.65       28.35       1.740800    0.000000    0.00        63.51       36.49       2.575300    -0.002500   -0.10       72.03       27.97
2026-05-07 15:45:00 UTCCLOUSDT     0.128830      71.00     1267        37380019.000000 65554.000000  0.18        2.538600    0.011300    0.45        71.74       28.26       1.740500    -0.000300   -0.02       63.51       36.49       2.568900    -0.006400   -0.25       71.98       28.02
2026-05-07 15:50:00 UTCCLOUSDT     0.128490      68.41     1142        37341687.000000 -38332.000000 -0.10       2.533600    -0.005000   -0.20       71.70       28.30       1.742100    0.001600    0.09        63.53       36.47       2.582900    0.014000    0.54        72.09       27.91
2026-05-07 15:55:00 UTCCLOUSDT     0.128060      65.18     1381        37409642.000000 67955.000000  0.18        2.537300    0.003700    0.15        71.73       28.27       1.744900    0.002800    0.16        63.57       36.43       2.585500    0.002600    0.10        72.11       27.89
2026-05-07 16:00:00 UTCCLOUSDT     0.127970      64.49     1230        37350070.000000 -59572.000000 -0.16       2.681900    0.144600    5.70        72.84       27.16       1.750500    0.005600    0.32        63.64       36.36       2.710600    0.125100    4.84        73.05       26.95
2026-05-07 16:05:00 UTCCLOUSDT     0.127870      63.68     992         37521272.000000 171202.000000 0.46        2.684600    0.002700    0.10        72.86       27.14       1.737000    -0.013500   -0.77       63.46       36.54       2.730000    0.019400    0.72        73.19       26.81
2026-05-07 16:10:00 UTCCLOUSDT     0.128940      68.25     1109        37446777.000000 -74495.000000 -0.20       2.723000    0.038400    1.43        73.14       26.86       1.742200    0.005200    0.30        63.53       36.47       2.770700    0.040700    1.49        73.48       26.52
2026-05-07 16:15:00 UTCCLOUSDT     0.127960      60.72     704         37343859.000000 -102918.000000-0.27       2.677800    -0.045200   -1.66       72.81       27.19       1.749200    0.007000    0.40        63.63       36.37       2.731300    -0.039400   -1.42       73.20       26.80
2026-05-07 16:20:00 UTCCLOUSDT     0.129600      67.23     1030        37352298.000000 8439.000000   0.02        2.703700    0.025900    0.97        73.00       27.00       1.745800    -0.003400   -0.19       63.58       36.42       2.746700    0.015400    0.56        73.31       26.69
2026-05-07 16:25:00 UTCCLOUSDT     0.130010      68.63     1017        37461484.000000 109186.000000 0.29        2.673800    -0.029900   -1.11       72.78       27.22       1.749200    0.003400    0.19        63.63       36.37       2.721600    -0.025100   -0.91       73.13       26.87
2026-05-07 16:30:00 UTCCLOUSDT     0.130770      71.10     1400        37570121.000000 108637.000000 0.29        2.672400    -0.001400   -0.05       72.77       27.23       1.756200    0.007000    0.40        63.72       36.28       2.688700    -0.032900   -1.21       72.89       27.11
2026-05-07 16:35:00 UTCCLOUSDT     0.130770      71.10     1440        37622185.000000 52064.000000  0.14        2.679200    0.006800    0.25        72.82       27.18       1.759000    0.002800    0.16        63.75       36.25       2.725800    0.037100    1.38        73.16       26.84
2026-05-07 16:40:00 UTCCLOUSDT     0.130930      71.64     1479        37580361.000000 -41824.000000 -0.11       2.730000    0.050800    1.90        73.19       26.81       1.758800    -0.000200   -0.01       63.75       36.25       2.783600    0.057800    2.12        73.57       26.43
2026-05-07 16:45:00 UTCCLOUSDT     0.132050      75.17     2155        37699058.000000 118697.000000 0.32        2.725800    -0.004200   -0.15       73.16       26.84       1.757900    -0.000900   -0.05       63.74       36.26       2.792200    0.008600    0.31        73.63       26.37
2026-05-07 16:50:00 UTCCLOUSDT     0.131330      69.21     1447        37806894.000000 107836.000000 0.29        2.536100    -0.189700   -6.96       71.72       28.28       1.756200    -0.001700   -0.10       63.72       36.28       2.619300    -0.172900   -6.19       72.37       27.63
2026-05-07 16:55:00 UTCCLOUSDT     0.132800      73.78     1508        37729756.000000 -77138.000000 -0.20       2.721600    0.185500    7.31        73.13       26.87       1.753200    -0.003000   -0.17       63.68       36.32       2.779300    0.160000    6.11        73.54       26.46
2026-05-07 17:00:00 UTCCLOUSDT     0.133130      74.69     1593        37852610.000000 122854.000000 0.33        2.696900    -0.024700   -0.91       72.95       27.05       1.747300    -0.005900   -0.34       63.60       36.40       2.813900    0.034600    1.24        73.78       26.22
2026-05-07 17:05:00 UTCCLOUSDT     0.133000      73.61     1558        37930161.000000 77551.000000  0.20        2.699600    0.002700    0.10        72.97       27.03       1.746400    -0.000900   -0.05       63.59       36.41       2.824100    0.010200    0.36        73.85       26.15
2026-05-07 17:10:00 UTCCLOUSDT     0.133080      73.86     1098        38024707.000000 94546.000000  0.25        2.732700    0.033100    1.23        73.21       26.79       1.754500    0.008100    0.46        63.70       36.30       2.846200    0.022100    0.78        74.00       26.00
2026-05-07 17:15:00 UTCCLOUSDT     0.133040      73.48     1027        37981780.000000 -42927.000000 -0.11       2.765100    0.032400    1.19        73.44       26.56       1.755600    0.001100    0.06        63.71       36.29       2.838800    -0.007400   -0.26       73.95       26.05
2026-05-07 17:20:00 UTCCLOUSDT     0.133900      76.28     901         37986548.000000 4768.000000   0.01        2.752300    -0.012800   -0.46       73.35       26.65       1.753300    -0.002300   -0.13       63.68       36.32       2.843200    0.004400    0.15        73.98       26.02
2026-05-07 17:25:00 UTCCLOUSDT     0.134860      78.95     1996        37997638.000000 11090.000000  0.03        2.743900    -0.008400   -0.31       73.29       26.71       1.749000    -0.004300   -0.25       63.62       36.38       2.855100    0.011900    0.42        74.06       25.94
2026-05-07 17:30:00 UTCCLOUSDT     0.136130      81.85     2069        38095961.000000 98323.000000  0.26        2.680500    -0.063400   -2.31       72.83       27.17       1.751500    0.002500    0.14        63.66       36.34       2.783600    -0.071500   -2.50       73.57       26.43
2026-05-07 17:35:00 UTCCLOUSDT     0.135380      75.24     2773        38302896.000000 206935.000000 0.54        2.607500    -0.073000   -2.72       72.28       27.72       1.747500    -0.004000   -0.23       63.60       36.40       2.727200    -0.056400   -2.03       73.17       26.83
2026-05-07 17:40:00 UTCCLOUSDT     0.136170      77.32     1699        38433423.000000 130527.000000 0.34        2.680500    0.073000    2.80        72.83       27.17       1.757400    0.009900    0.57        63.73       36.27       2.765100    0.037900    1.39        73.44       26.56
2026-05-07 17:45:00 UTCCLOUSDT     0.137090      79.48     3597        38265310.000000 -168113.000000-0.44       2.617900    -0.062600   -2.34       72.36       27.64       1.753700    -0.003700   -0.21       63.69       36.31       2.687300    -0.077800   -2.81       72.88       27.12
2026-05-07 17:50:00 UTCCLOUSDT     0.138980      83.05     4271        38423584.000000 158274.000000 0.41        2.538600    -0.079300   -3.03       71.74       28.26       1.755800    0.002100    0.12        63.71       36.29       2.625800    -0.061500   -2.29       72.42       27.58
2026-05-07 17:55:00 UTCCLOUSDT     0.140460      85.22     3646        38902010.000000 478426.000000 1.25        2.499000    -0.039600   -1.56       71.42       28.58       1.746700    -0.009100   -0.52       63.59       36.41       2.621900    -0.003900   -0.15       72.39       27.61
2026-05-07 18:00:00 UTCCLOUSDT     0.137000      64.45     6512        38776851.000000 -125159.000000-0.32       2.517400    0.018400    0.74        71.57       28.43       1.733100    -0.013600   -0.78       63.41       36.59       2.635000    0.013100    0.50        72.49       27.51
2026-05-07 18:05:00 UTCCLOUSDT     0.139530      70.18     7345        38610391.000000 -166460.000000-0.43       2.555300    0.037900    1.51        71.88       28.13       1.714500    -0.018600   -1.07       63.16       36.84       2.663000    0.028000    1.06        72.70       27.30
2026-05-07 18:10:00 UTCCLOUSDT     0.141930      74.39     5167        38610635.000000 244.000000    0.00        2.522400    -0.032900   -1.29       71.61       28.39       1.725400    0.010900    0.64        63.31       36.69       2.653600    -0.009400   -0.35       72.63       27.37
2026-05-07 18:15:00 UTCCLOUSDT     0.141090      70.63     4378        38643505.000000 32870.000000  0.09        2.496500    -0.025900   -1.03       71.40       28.60       1.729000    0.003600    0.21        63.36       36.64       2.576500    -0.077100   -2.91       72.04       27.96
2026-05-07 18:20:00 UTCCLOUSDT     0.142790      73.54     2405        38639343.000000 -4162.000000  -0.01       2.528600    0.032100    1.29        71.66       28.34       1.746200    0.017200    0.99        63.59       36.41       2.597100    0.020600    0.80        72.20       27.80
2026-05-07 18:25:00 UTCCLOUSDT     0.137630      55.53     3059        38508839.000000 -130504.000000-0.34       2.539800    0.011200    0.44        71.75       28.25       1.741200    -0.005000   -0.29       63.52       36.48       2.606200    0.009100    0.35        72.27       27.73

==============================================================================================================
LAST SNAPSHOT
==============================================================================================================
Time                : 2026-05-07 18:25:00 UTC
Symbol              : CLOUSDT
Close               : 0.137630
RSI(14)            : 55.53
Number of Trades    : 3059
Volume              : 1511643.000000
Quote Volume        : 210871.734110

Open Interest       : 38508839.000000
OI Change           : -130504.000000
OI Change %         : -0.34%
OI Value            : 5488822.323822

Top Acco L/S Ratio  : 2.539800
Top Acco L/S Change : 0.011200
Top Acco Chg %      : 0.44%
Top Acco Long %     : 71.75
Top Acco Short %    : 28.25

Top Posit L/S Ratio : 1.741200
Top Posit L/S Change: -0.005000
Top Posit Chg %     : -0.29%
Top Posit Long %    : 63.52
Top Posit Short %   : 36.48

Global L/S Ratio    : 2.606200
Global L/S Change   : 0.009100
Global Chg %        : 0.35%
Global Long %       : 72.27
Global Short %      : 27.73

[Program finished]
