####################################################################################################
FETCHING BINANCE FUTURES DATA ...
####################################################################################################
SYMBOL     : JTOUSDT
PERIOD     : 5m
LIMIT      : 500
RSI_PERIOD : 14

========================================================================================================================================================================================================================================================================================================================================================================
BINANCE FUTURES MERGED DATA (L.S + OI + RSI + TRADES) | ROW = ONE CANDLE
========================================================================================================================================================================================================================================================================================================================================================================
Time                  Symbol      Close         RSI       Trades      OI              OI Chg        OI Chg %    Acco L/S    Acco Chg    Acco Chg%   Acco L%     Acco S%     Posit L/S   Posit Chg   Posit Chg%  Posit L%    Posit S%    Global L/S  Global Chg  Global Chg% Global L%   Global S%
------------------------------------------------------------------------------------------------------------------------------------------------------------------------------------------------------------------------------------------------------------------------------------------------------------------------------------------------------------------------
2026-05-06 00:50:00 UTCJTOUSDT     0.376400      62.14     610         11951912.000000 0.000000      0.00        1.420100    0.000000    0.00        58.68       41.32       1.746500    0.000000    0.00        63.59       36.41       1.292000    0.000000    0.00        56.37       43.63
2026-05-06 00:55:00 UTCJTOUSDT     0.377600      66.36     1009        11949050.000000 -2862.000000  -0.02       1.427800    0.007700    0.54        58.81       41.19       1.745400    -0.001100   -0.06       63.58       36.42       1.299900    0.007900    0.61        56.52       43.48
2026-05-06 01:00:00 UTCJTOUSDT     0.380000      72.87     1251        11945996.000000 -3054.000000  -0.03       1.396400    -0.031400   -2.20       58.27       41.73       1.751900    0.006500    0.37        63.66       36.34       1.272700    -0.027200   -2.09       56.00       44.00
2026-05-06 01:05:00 UTCJTOUSDT     0.381100      75.24     927         11937379.000000 -8617.000000  -0.07       1.394600    -0.001800   -0.13       58.24       41.76       1.750900    -0.001000   -0.06       63.65       36.35       1.272200    -0.000500   -0.04       55.99       44.01
2026-05-06 01:10:00 UTCJTOUSDT     0.381700      76.44     528         11938272.000000 893.000000    0.01        1.387800    -0.006800   -0.49       58.12       41.88       1.756900    0.006000    0.34        63.73       36.27       1.262400    -0.009800   -0.77       55.80       44.20
2026-05-06 01:15:00 UTCJTOUSDT     0.382100      77.24     1276        11939503.000000 1231.000000   0.01        1.390100    0.002300    0.17        58.16       41.84       1.755500    -0.001400   -0.08       63.71       36.29       1.266000    0.003600    0.29        55.87       44.13
2026-05-06 01:20:00 UTCJTOUSDT     0.380600      67.96     918         11965905.000000 26402.000000  0.22        1.394600    0.004500    0.32        58.24       41.76       1.761200    0.005700    0.32        63.78       36.22       1.269100    0.003100    0.24        55.93       44.07
2026-05-06 01:25:00 UTCJTOUSDT     0.380300      66.25     420         11922142.000000 -43763.000000 -0.37       1.382700    -0.011900   -0.85       58.03       41.97       1.760300    -0.000900   -0.05       63.77       36.23       1.263500    -0.005600   -0.44       55.82       44.18
2026-05-06 01:30:00 UTCJTOUSDT     0.381700      70.04     877         11923101.000000 959.000000    0.01        1.378100    -0.004600   -0.33       57.95       42.05       1.759400    -0.000900   -0.05       63.76       36.24       1.257800    -0.005700   -0.45       55.71       44.29
2026-05-06 01:35:00 UTCJTOUSDT     0.381400      68.27     704         11922987.000000 -114.000000   -0.00       1.379800    0.001700    0.12        57.98       42.02       1.763100    0.003700    0.21        63.81       36.19       1.264500    0.006700    0.53        55.84       44.16
2026-05-06 01:40:00 UTCJTOUSDT     0.382300      70.67     469         11921183.000000 -1804.000000  -0.02       1.377000    -0.002800   -0.20       57.93       42.07       1.764500    0.001400    0.08        63.83       36.17       1.274800    0.010300    0.81        56.04       43.96
2026-05-06 01:45:00 UTCJTOUSDT     0.381900      68.20     652         11899321.000000 -21862.000000 -0.18       1.377600    0.000600    0.04        57.94       42.06       1.761500    -0.003000   -0.17       63.79       36.21       1.272700    -0.002100   -0.16       56.00       44.00
2026-05-06 01:50:00 UTCJTOUSDT     0.383700      72.80     643         11901897.000000 2576.000000   0.02        1.381500    0.003900    0.28        58.01       41.99       1.767300    0.005800    0.33        63.86       36.14       1.279500    0.006800    0.53        56.13       43.87
2026-05-06 01:55:00 UTCJTOUSDT     0.383000      68.64     595         11925376.000000 23479.000000  0.20        1.379300    -0.002200   -0.16       57.97       42.03       1.771500    0.004200    0.24        63.92       36.08       1.271700    -0.007800   -0.61       55.98       44.02
2026-05-06 02:00:00 UTCJTOUSDT     0.383800      70.70     738         11935657.000000 10281.000000  0.09        1.381000    0.001700    0.12        58.00       42.00       1.762000    -0.009500   -0.54       63.79       36.21       1.280500    0.008800    0.69        56.15       43.85
2026-05-06 02:05:00 UTCJTOUSDT     0.388300      79.04     2456        11925561.000000 -10096.000000 -0.08       1.405000    0.024000    1.74        58.42       41.58       1.765900    0.003900    0.22        63.85       36.15       1.283600    0.003100    0.24        56.21       43.79
2026-05-06 02:10:00 UTCJTOUSDT     0.390500      81.78     1195        12083087.000000 157526.000000 1.32        1.396900    -0.008100   -0.58       58.28       41.72       1.794300    0.028400    1.61        64.21       35.79       1.252300    -0.031300   -2.44       55.60       44.40
2026-05-06 02:15:00 UTCJTOUSDT     0.392200      83.56     1069        12115296.000000 32209.000000  0.27        1.406700    0.009800    0.70        58.45       41.55       1.791700    -0.002600   -0.14       64.18       35.82       1.261900    0.009600    0.77        55.79       44.21
2026-05-06 02:20:00 UTCJTOUSDT     0.393600      84.87     1768        12158282.000000 42986.000000  0.35        1.403800    -0.002900   -0.21       58.40       41.60       1.795300    0.003600    0.20        64.23       35.77       1.268100    0.006200    0.49        55.91       44.09
2026-05-06 02:25:00 UTCJTOUSDT     0.392600      79.96     1614        12117413.000000 -40869.000000 -0.34       1.418400    0.014600    1.04        58.65       41.35       1.787100    -0.008200   -0.46       64.12       35.88       1.287300    0.019200    1.51        56.28       43.72
2026-05-06 02:30:00 UTCJTOUSDT     0.390500      70.71     1776        12128786.000000 11373.000000  0.09        1.405600    -0.012800   -0.90       58.43       41.57       1.788600    0.001500    0.08        64.14       35.86       1.283600    -0.003700   -0.29       56.21       43.79
2026-05-06 02:35:00 UTCJTOUSDT     0.392600      73.95     1488        12086883.000000 -41903.000000 -0.35       1.420100    0.014500    1.03        58.68       41.32       1.788100    -0.000500   -0.03       64.13       35.87       1.298300    0.014700    1.15        56.49       43.51
2026-05-06 02:40:00 UTCJTOUSDT     0.394300      76.25     2124        12089851.000000 2968.000000   0.02        1.414300    -0.005800   -0.41       58.58       41.42       1.790500    0.002400    0.13        64.16       35.84       1.290400    -0.007900   -0.61       56.34       43.66
2026-05-06 02:45:00 UTCJTOUSDT     0.395100      77.26     1488        12100559.000000 10708.000000  0.09        1.426000    0.011700    0.83        58.78       41.22       1.771300    -0.019200   -1.07       63.92       36.08       1.298900    0.008500    0.66        56.50       43.50
2026-05-06 02:50:00 UTCJTOUSDT     0.392800      68.23     1612        12067673.000000 -32886.000000 -0.27       1.436600    0.010600    0.74        58.96       41.04       1.782300    0.011000    0.62        64.06       35.94       1.311600    0.012700    0.98        56.74       43.26
2026-05-06 02:55:00 UTCJTOUSDT     0.392400      66.77     1345        12041469.000000 -26204.000000 -0.22       1.444400    0.007800    0.54        59.09       40.91       1.798000    0.015700    0.88        64.26       35.74       1.317500    0.005900    0.45        56.85       43.15
2026-05-06 03:00:00 UTCJTOUSDT     0.390700      60.81     1716        12058749.000000 17280.000000  0.14        1.430700    -0.013700   -0.95       58.86       41.14       1.782900    -0.015100   -0.84       64.07       35.93       1.305200    -0.012300   -0.93       56.62       43.38
2026-05-06 03:05:00 UTCJTOUSDT     0.389200      56.05     1113        12032168.000000 -26581.000000 -0.22       1.444400    0.013700    0.96        59.09       40.91       1.793700    0.010800    0.61        64.20       35.80       1.335900    0.030700    2.35        57.19       42.81
2026-05-06 03:10:00 UTCJTOUSDT     0.388200      53.07     1281        12150226.000000 118058.000000 0.98        1.453400    0.009000    0.62        59.24       40.76       1.827700    0.034000    1.90        64.64       35.36       1.338600    0.002700    0.20        57.24       42.76
2026-05-06 03:15:00 UTCJTOUSDT     0.385700      46.43     1318        12148140.000000 -2086.000000  -0.02       1.449800    -0.003600   -0.25       59.18       40.82       1.830000    0.002300    0.13        64.66       35.34       1.333200    -0.005400   -0.40       57.14       42.86
2026-05-06 03:20:00 UTCJTOUSDT     0.389300      55.14     1257        12173355.000000 25215.000000  0.21        1.477700    0.027900    1.92        59.64       40.36       1.832400    0.002400    0.13        64.69       35.31       1.342500    0.009300    0.70        57.31       42.69
2026-05-06 03:25:00 UTCJTOUSDT     0.389400      55.36     944         12199466.000000 26111.000000  0.21        1.445600    -0.032100   -2.17       59.11       40.89       1.833800    0.001400    0.08        64.71       35.29       1.296700    -0.045800   -3.41       56.46       43.54
2026-05-06 03:30:00 UTCJTOUSDT     0.389100      54.50     1149        12202037.000000 2571.000000   0.02        1.458800    0.013200    0.91        59.33       40.67       1.830700    -0.003100   -0.17       64.67       35.33       1.294100    -0.002600   -0.20       56.41       43.59
2026-05-06 03:35:00 UTCJTOUSDT     0.386900      48.59     1017        12176679.000000 -25358.000000 -0.21       1.442000    -0.016800   -1.15       59.05       40.95       1.882300    0.051600    2.82        65.31       34.69       1.274300    -0.019800   -1.53       56.03       43.97
2026-05-06 03:40:00 UTCJTOUSDT     0.387500      50.18     1023        12166238.000000 -10441.000000 -0.09       1.454000    0.012000    0.83        59.25       40.75       1.882700    0.000400    0.02        65.31       34.69       1.289900    0.015600    1.22        56.33       43.67
2026-05-06 03:45:00 UTCJTOUSDT     0.387100      49.09     1239        12162042.000000 -4196.000000  -0.03       1.478900    0.024900    1.71        59.66       40.34       1.892000    0.009300    0.49        65.42       34.58       1.302000    0.012100    0.94        56.56       43.44
2026-05-06 03:50:00 UTCJTOUSDT     0.385800      45.63     980         12257714.000000 95672.000000  0.79        1.458800    -0.020100   -1.36       59.33       40.67       1.915300    0.023300    1.23        65.70       34.30       1.283100    -0.018900   -1.45       56.20       43.80
2026-05-06 03:55:00 UTCJTOUSDT     0.386100      46.57     1324        12193935.000000 -63779.000000 -0.52       1.470400    0.011600    0.80        59.52       40.48       1.897300    -0.018000   -0.94       65.49       34.51       1.296200    0.013100    1.02        56.45       43.55
2026-05-06 04:00:00 UTCJTOUSDT     0.388000      52.18     855         12281870.000000 87935.000000  0.72        1.448600    -0.021800   -1.48       59.16       40.84       1.912900    0.015600    0.82        65.67       34.33       1.275300    -0.020900   -1.61       56.05       43.95
2026-05-06 04:05:00 UTCJTOUSDT     0.392500      62.29     1284        12243534.000000 -38336.000000 -0.31       1.436100    -0.012500   -0.86       58.95       41.05       1.887300    -0.025600   -1.34       65.37       34.63       1.263000    -0.012300   -0.96       55.81       44.19
2026-05-06 04:10:00 UTCJTOUSDT     0.391800      60.16     1625        12256670.000000 13136.000000  0.11        1.436100    0.000000    0.00        58.95       41.05       1.877900    -0.009400   -0.50       65.25       34.75       1.269600    0.006600    0.52        55.94       44.06
2026-05-06 04:15:00 UTCJTOUSDT     0.392100      60.78     1355        12217292.000000 -39378.000000 -0.32       1.429500    -0.006600   -0.46       58.84       41.16       1.868500    -0.009400   -0.50       65.14       34.86       1.260400    -0.009200   -0.72       55.76       44.24
2026-05-06 04:20:00 UTCJTOUSDT     0.390200      54.96     685         12192970.000000 -24322.000000 -0.20       1.444400    0.014900    1.04        59.09       40.91       1.865400    -0.003100   -0.17       65.10       34.90       1.270100    0.009700    0.77        55.95       44.05
2026-05-06 04:25:00 UTCJTOUSDT     0.390100      54.66     661         12192586.000000 -384.000000   -0.00       1.451000    0.006600    0.46        59.20       40.80       1.856800    -0.008600   -0.46       65.00       35.00       1.277900    0.007800    0.61        56.10       43.90
2026-05-06 04:30:00 UTCJTOUSDT     0.391200      57.39     812         12205372.000000 12786.000000  0.10        1.451600    0.000600    0.04        59.21       40.79       1.866100    0.009300    0.50        65.11       34.89       1.268600    -0.009300   -0.73       55.92       44.08
2026-05-06 04:35:00 UTCJTOUSDT     0.390300      54.50     2550        12204063.000000 -1309.000000  -0.01       1.437200    -0.014400   -0.99       58.97       41.03       1.860500    -0.005600   -0.30       65.04       34.96       1.268600    0.000000    0.00        55.92       44.08
2026-05-06 04:40:00 UTCJTOUSDT     0.391800      58.27     846         12283254.000000 79191.000000  0.65        1.436600    -0.000600   -0.04       58.96       41.04       1.806200    -0.054300   -2.92       64.36       35.64       1.279500    0.010900    0.86        56.13       43.87
2026-05-06 04:45:00 UTCJTOUSDT     0.391700      57.92     489         12206555.000000 -76699.000000 -0.62       1.436100    -0.000500   -0.03       58.95       41.05       1.870600    0.064400    3.57        65.16       34.84       1.266000    -0.013500   -1.06       55.87       44.13
2026-05-06 04:50:00 UTCJTOUSDT     0.389900      51.97     787         12203329.000000 -3226.000000  -0.03       1.434300    -0.001800   -0.13       58.92       41.08       1.868500    -0.002100   -0.11       65.14       34.86       1.266000    0.000000    0.00        55.87       44.13
2026-05-06 04:55:00 UTCJTOUSDT     0.388800      48.67     413         12213719.000000 10390.000000  0.09        1.435500    0.001200    0.08        58.94       41.06       1.868200    -0.000300   -0.02       65.13       34.87       1.272200    0.006200    0.49        55.99       44.01
2026-05-06 05:00:00 UTCJTOUSDT     0.389100      49.61     974         12222425.000000 8706.000000   0.07        1.438400    0.002900    0.20        58.99       41.01       1.868700    0.000500    0.03        65.14       34.86       1.271200    -0.001000   -0.08       55.97       44.03
2026-05-06 05:05:00 UTCJTOUSDT     0.389400      50.58     395         12223415.000000 990.000000    0.01        1.434300    -0.004100   -0.29       58.92       41.08       1.864100    -0.004600   -0.25       65.08       34.92       1.273800    0.002600    0.20        56.02       43.98
2026-05-06 05:10:00 UTCJTOUSDT     0.387600      44.97     433         12222957.000000 -458.000000   -0.00       1.436100    0.001800    0.13        58.95       41.05       1.866400    0.002300    0.12        65.11       34.89       1.272700    -0.001100   -0.09       56.00       44.00
2026-05-06 05:15:00 UTCJTOUSDT     0.386400      41.66     484         12217141.000000 -5816.000000  -0.05       1.436100    0.000000    0.00        58.95       41.05       1.867500    0.001100    0.06        65.13       34.87       1.278400    0.005700    0.45        56.11       43.89
2026-05-06 05:20:00 UTCJTOUSDT     0.386200      41.11     372         12211389.000000 -5752.000000  -0.05       1.446200    0.010100    0.70        59.12       40.88       1.868400    0.000900    0.05        65.14       34.86       1.280000    0.001600    0.13        56.14       43.86
2026-05-06 05:25:00 UTCJTOUSDT     0.385200      38.41     518         12206564.000000 -4825.000000  -0.04       1.447400    0.001200    0.08        59.14       40.86       1.868600    0.000200    0.01        65.14       34.86       1.287300    0.007300    0.57        56.28       43.72
2026-05-06 05:30:00 UTCJTOUSDT     0.384500      36.60     892         12200378.000000 -6186.000000  -0.05       1.449800    0.002400    0.17        59.18       40.82       1.866800    -0.001800   -0.10       65.12       34.88       1.293100    0.005800    0.45        56.39       43.61
2026-05-06 05:35:00 UTCJTOUSDT     0.381900      30.78     901         12101348.000000 -99030.000000 -0.81       1.475200    0.025400    1.75        59.60       40.40       1.855100    -0.011700   -0.63       64.97       35.03       1.306300    0.013200    1.02        56.64       43.36
2026-05-06 05:40:00 UTCJTOUSDT     0.382400      32.99     403         12122444.000000 21096.000000  0.17        1.469700    -0.005500   -0.37       59.51       40.49       1.858700    0.003600    0.19        65.02       34.98       1.315900    0.009600    0.73        56.82       43.18
2026-05-06 05:45:00 UTCJTOUSDT     0.381900      31.89     417         12146510.000000 24066.000000  0.20        1.464900    -0.004800   -0.33       59.43       40.57       1.852000    -0.006700   -0.36       64.94       35.06       1.305200    -0.010700   -0.81       56.62       43.38
2026-05-06 05:50:00 UTCJTOUSDT     0.382300      33.79     218         12150001.000000 3491.000000   0.03        1.457000    -0.007900   -0.54       59.30       40.70       1.849300    -0.002700   -0.15       64.90       35.10       1.298900    -0.006300   -0.48       56.50       43.50
2026-05-06 05:55:00 UTCJTOUSDT     0.383300      38.39     318         12145095.000000 -4906.000000  -0.04       1.449200    -0.007800   -0.54       59.17       40.83       1.848500    -0.000800   -0.04       64.89       35.11       1.295700    -0.003200   -0.25       56.44       43.56
2026-05-06 06:00:00 UTCJTOUSDT     0.380800      32.34     665         12162854.000000 17759.000000  0.15        1.451600    0.002400    0.17        59.21       40.79       1.852700    0.004200    0.23        64.95       35.05       1.293600    -0.002100   -0.16       56.40       43.60
2026-05-06 06:05:00 UTCJTOUSDT     0.380400      31.48     828         12166735.000000 3881.000000   0.03        1.458800    0.007200    0.50        59.33       40.67       1.857200    0.004500    0.24        65.00       35.00       1.301500    0.007900    0.61        56.55       43.45
2026-05-06 06:10:00 UTCJTOUSDT     0.380200      31.04     330         12163660.000000 -3075.000000  -0.03       1.463100    0.004300    0.29        59.40       40.60       1.858100    0.000900    0.05        65.01       34.99       1.293600    -0.007900   -0.61       56.40       43.60
2026-05-06 06:15:00 UTCJTOUSDT     0.378900      28.26     465         12164164.000000 504.000000    0.00        1.461800    -0.001300   -0.09       59.38       40.62       1.851700    -0.006400   -0.34       64.93       35.07       1.289900    -0.003700   -0.29       56.33       43.67
2026-05-06 06:20:00 UTCJTOUSDT     0.379100      29.31     326         12160906.000000 -3258.000000  -0.03       1.463700    0.001900    0.13        59.41       40.59       1.855000    0.003300    0.18        64.97       35.03       1.296700    0.006800    0.53        56.46       43.54
2026-05-06 06:25:00 UTCJTOUSDT     0.380900      38.08     463         12152615.000000 -8291.000000  -0.07       1.465500    0.001800    0.12        59.44       40.56       1.860100    0.005100    0.27        65.04       34.96       1.289400    -0.007300   -0.56       56.32       43.68
2026-05-06 06:30:00 UTCJTOUSDT     0.381500      40.72     467         12145241.000000 -7374.000000  -0.06       1.462400    -0.003100   -0.21       59.39       40.61       1.855100    -0.005000   -0.27       64.97       35.03       1.286800    -0.002600   -0.20       56.27       43.73
2026-05-06 06:35:00 UTCJTOUSDT     0.381000      39.22     485         12132648.000000 -12593.000000 -0.10       1.458800    -0.003600   -0.25       59.33       40.67       1.853300    -0.001800   -0.10       64.95       35.05       1.291000    0.004200    0.33        56.35       43.65
2026-05-06 06:40:00 UTCJTOUSDT     0.381200      40.17     235         12119677.000000 -12971.000000 -0.11       1.462400    0.003600    0.25        59.39       40.61       1.858900    0.005600    0.30        65.02       34.98       1.290400    -0.000600   -0.05       56.34       43.66
2026-05-06 06:45:00 UTCJTOUSDT     0.381600      42.12     232         12121857.000000 2180.000000   0.02        1.466700    0.004300    0.29        59.46       40.54       1.857400    -0.001500   -0.08       65.00       35.00       1.293600    0.003200    0.25        56.40       43.60
2026-05-06 06:50:00 UTCJTOUSDT     0.381300      41.04     300         12120948.000000 -909.000000   -0.01       1.470400    0.003700    0.25        59.52       40.48       1.855600    -0.001800   -0.10       64.98       35.02       1.298300    0.004700    0.36        56.49       43.51
2026-05-06 06:55:00 UTCJTOUSDT     0.380300      37.58     240         12127917.000000 6969.000000   0.06        1.470400    0.000000    0.00        59.52       40.48       1.850600    -0.005000   -0.27       64.92       35.08       1.300400    0.002100    0.16        56.53       43.47
2026-05-06 07:00:00 UTCJTOUSDT     0.381900      45.50     624         12118901.000000 -9016.000000  -0.07       1.470400    0.000000    0.00        59.52       40.48       1.853300    0.002700    0.15        64.95       35.05       1.294600    -0.005800   -0.45       56.42       43.58
2026-05-06 07:05:00 UTCJTOUSDT     0.382700      48.98     931         12155140.000000 36239.000000  0.30        1.460000    -0.010400   -0.71       59.35       40.65       1.859800    0.006500    0.35        65.03       34.97       1.280000    -0.014600   -1.13       56.14       43.86
2026-05-06 07:10:00 UTCJTOUSDT     0.382700      48.98     558         12128235.000000 -26905.000000 -0.22       1.443800    -0.016200   -1.11       59.08       40.92       1.861900    0.002100    0.11        65.06       34.94       1.264000    -0.016000   -1.25       55.83       44.17
2026-05-06 07:15:00 UTCJTOUSDT     0.386400      62.00     654         12158291.000000 30056.000000  0.25        1.439000    -0.004800   -0.33       59.00       41.00       1.868400    0.006500    0.35        65.14       34.86       1.256800    -0.007200   -0.57       55.69       44.31
2026-05-06 07:20:00 UTCJTOUSDT     0.386000      60.21     542         12152239.000000 -6052.000000  -0.05       1.433700    -0.005300   -0.37       58.91       41.09       1.858600    -0.009800   -0.52       65.02       34.98       1.256300    -0.000500   -0.04       55.68       44.32
2026-05-06 07:25:00 UTCJTOUSDT     0.384500      53.93     618         12156554.000000 4315.000000   0.04        1.429000    -0.004700   -0.33       58.83       41.17       1.860700    0.002100    0.11        65.04       34.96       1.254800    -0.001500   -0.12       55.65       44.35
2026-05-06 07:30:00 UTCJTOUSDT     0.383600      50.52     406         12173091.000000 16537.000000  0.14        1.421900    -0.007100   -0.50       58.71       41.29       1.860100    -0.000600   -0.03       65.04       34.96       1.257800    0.003000    0.24        55.71       44.29
2026-05-06 07:35:00 UTCJTOUSDT     0.383600      50.52     430         12165195.000000 -7896.000000  -0.06       1.419000    -0.002900   -0.20       58.66       41.34       1.860500    0.000400    0.02        65.04       34.96       1.260900    0.003100    0.25        55.77       44.23
2026-05-06 07:40:00 UTCJTOUSDT     0.384700      54.59     420         12151751.000000 -13444.000000 -0.11       1.419500    0.000500    0.04        58.67       41.33       1.858000    -0.002500   -0.13       65.01       34.99       1.256300    -0.004600   -0.36       55.68       44.32
2026-05-06 07:45:00 UTCJTOUSDT     0.385100      56.00     308         12161832.000000 10081.000000  0.08        1.425400    0.005900    0.42        58.77       41.23       1.855200    -0.002800   -0.15       64.98       35.02       1.255800    -0.000500   -0.04       55.67       44.33
2026-05-06 07:50:00 UTCJTOUSDT     0.385300      56.73     391         12158123.000000 -3709.000000  -0.03       1.426600    0.001200    0.08        58.79       41.21       1.855000    -0.000200   -0.01       64.97       35.03       1.260400    0.004600    0.37        55.76       44.24
2026-05-06 07:55:00 UTCJTOUSDT     0.385300      56.73     326         12136927.000000 -21196.000000 -0.17       1.428400    0.001800    0.13        58.82       41.18       1.855300    0.000300    0.02        64.98       35.02       1.266000    0.005600    0.44        55.87       44.13
2026-05-06 08:00:00 UTCJTOUSDT     0.387600      64.54     418         12131036.000000 -5891.000000  -0.05       1.421900    -0.006500   -0.46       58.71       41.29       1.854800    -0.000500   -0.03       64.97       35.03       1.244700    -0.021300   -1.68       55.45       44.55
2026-05-06 08:05:00 UTCJTOUSDT     0.386900      60.94     722         12151447.000000 20411.000000  0.17        1.422500    0.000600    0.04        58.72       41.28       1.857400    0.002600    0.14        65.00       35.00       1.249700    0.005000    0.40        55.55       44.45
2026-05-06 08:10:00 UTCJTOUSDT     0.389300      67.62     610         12156595.000000 5148.000000   0.04        1.414300    -0.008200   -0.58       58.58       41.42       1.860900    0.003500    0.19        65.05       34.95       1.244700    -0.005000   -0.40       55.45       44.55
2026-05-06 08:15:00 UTCJTOUSDT     0.390300      69.92     642         12172681.000000 16086.000000  0.13        1.409600    -0.004700   -0.33       58.50       41.50       1.851800    -0.009100   -0.49       64.93       35.07       1.247200    0.002500    0.20        55.50       44.50
2026-05-06 08:20:00 UTCJTOUSDT     0.390800      71.04     532         12186702.000000 14021.000000  0.12        1.413100    0.003500    0.25        58.56       41.44       1.856200    0.004400    0.24        64.99       35.01       1.248700    0.001500    0.12        55.53       44.47
2026-05-06 08:25:00 UTCJTOUSDT     0.391000      71.49     464         12162698.000000 -24004.000000 -0.20       1.420700    0.007600    0.54        58.69       41.31       1.856300    0.000100    0.01        64.99       35.01       1.260900    0.012200    0.98        55.77       44.23
2026-05-06 08:30:00 UTCJTOUSDT     0.393300      76.12     722         12160882.000000 -1816.000000  -0.01       1.421900    0.001200    0.08        58.71       41.29       1.858300    0.002000    0.11        65.01       34.99       1.259400    -0.001500   -0.12       55.74       44.26
2026-05-06 08:35:00 UTCJTOUSDT     0.393700      76.83     963         12181917.000000 21035.000000  0.17        1.423700    0.001800    0.13        58.74       41.26       1.849500    -0.008800   -0.47       64.91       35.09       1.263000    0.003600    0.29        55.81       44.19
2026-05-06 08:40:00 UTCJTOUSDT     0.394200      77.71     620         12212562.000000 30645.000000  0.25        1.417200    -0.006500   -0.46       58.63       41.37       1.845800    -0.003700   -0.20       64.86       35.14       1.267600    0.004600    0.36        55.90       44.10
2026-05-06 08:45:00 UTCJTOUSDT     0.393600      74.05     586         12194711.000000 -17851.000000 -0.15       1.416000    -0.001200   -0.08       58.61       41.39       1.846200    0.000400    0.02        64.87       35.13       1.270100    0.002500    0.20        55.95       44.05
2026-05-06 08:50:00 UTCJTOUSDT     0.394200      75.31     863         12185874.000000 -8837.000000  -0.07       1.417200    0.001200    0.08        58.63       41.37       1.851300    0.005100    0.28        64.93       35.07       1.265000    -0.005100   -0.40       55.85       44.15
2026-05-06 08:55:00 UTCJTOUSDT     0.393300      69.86     886         12137888.000000 -47986.000000 -0.39       1.429500    0.012300    0.87        58.84       41.16       1.837900    -0.013400   -0.72       64.76       35.24       1.274300    0.009300    0.74        56.03       43.97
2026-05-06 09:00:00 UTCJTOUSDT     0.394400      72.48     921         12137256.000000 -632.000000   -0.01       1.439000    0.009500    0.66        59.00       41.00       1.841000    0.003100    0.17        64.80       35.20       1.289400    0.015100    1.18        56.32       43.68
2026-05-06 09:05:00 UTCJTOUSDT     0.394700      73.16     1854        12097343.000000 -39913.000000 -0.33       1.424800    -0.014200   -0.99       58.76       41.24       1.835200    -0.005800   -0.32       64.73       35.27       1.276300    -0.013100   -1.02       56.07       43.93
2026-05-06 09:10:00 UTCJTOUSDT     0.394600      72.52     515         12128805.000000 31462.000000  0.26        1.425400    0.000600    0.04        58.77       41.23       1.826600    -0.008600   -0.47       64.62       35.38       1.273200    -0.003100   -0.24       56.01       43.99
2026-05-06 09:15:00 UTCJTOUSDT     0.393500      65.63     737         12127552.000000 -1253.000000  -0.01       1.424800    -0.000600   -0.04       58.76       41.24       1.829400    0.002800    0.15        64.66       35.34       1.274800    0.001600    0.13        56.04       43.96
2026-05-06 09:20:00 UTCJTOUSDT     0.394300      68.01     507         12098860.000000 -28692.000000 -0.24       1.437200    0.012400    0.87        58.97       41.03       1.825200    -0.004200   -0.23       64.60       35.40       1.286200    0.011400    0.89        56.26       43.74
2026-05-06 09:25:00 UTCJTOUSDT     0.397600      75.53     694         12089602.000000 -9258.000000  -0.08       1.436600    -0.000600   -0.04       58.96       41.04       1.824200    -0.001000   -0.05       64.59       35.41       1.281500    -0.004700   -0.37       56.17       43.83
2026-05-06 09:30:00 UTCJTOUSDT     0.399400      78.50     2072        12092551.000000 2949.000000   0.02        1.430700    -0.005900   -0.41       58.86       41.14       1.819000    -0.005200   -0.29       64.53       35.47       1.275300    -0.006200   -0.48       56.05       43.95
2026-05-06 09:35:00 UTCJTOUSDT     0.400400      79.96     1261        12254737.000000 162186.000000 1.34        1.409600    -0.021100   -1.47       58.50       41.50       1.843200    0.024200    1.33        64.83       35.17       1.265000    -0.010300   -0.81       55.85       44.15
2026-05-06 09:40:00 UTCJTOUSDT     0.402700      82.84     2943        12216343.000000 -38394.000000 -0.31       1.414900    0.005300    0.38        58.59       41.41       1.847900    0.004700    0.25        64.89       35.11       1.269600    0.004600    0.36        55.94       44.06
2026-05-06 09:45:00 UTCJTOUSDT     0.402900      83.07     1790        12136189.000000 -80154.000000 -0.66       1.423100    0.008200    0.58        58.73       41.27       1.904600    0.056700    3.07        65.57       34.43       1.282600    0.013000    1.02        56.19       43.81
2026-05-06 09:50:00 UTCJTOUSDT     0.402800      82.48     1406        12053961.000000 -82228.000000 -0.68       1.409100    -0.014000   -0.98       58.49       41.51       1.939100    0.034500    1.81        65.98       34.02       1.274800    -0.007800   -0.61       56.04       43.96
2026-05-06 09:55:00 UTCJTOUSDT     0.404100      84.06     1091        12009164.000000 -44797.000000 -0.37       1.416600    0.007500    0.53        58.62       41.38       1.951500    0.012400    0.64        66.12       33.88       1.282100    0.007300    0.57        56.18       43.82
2026-05-06 10:00:00 UTCJTOUSDT     0.402000      72.64     1154        12036119.000000 26955.000000  0.22        1.423700    0.007100    0.50        58.74       41.26       1.947500    -0.004000   -0.20       66.07       33.93       1.293600    0.011500    0.90        56.40       43.60
2026-05-06 10:05:00 UTCJTOUSDT     0.400000      63.76     961         12034361.000000 -1758.000000  -0.01       1.446200    0.022500    1.58        59.12       40.88       1.954800    0.007300    0.37        66.16       33.84       1.313200    0.019600    1.52        56.77       43.23
2026-05-06 10:10:00 UTCJTOUSDT     0.401100      66.21     616         12029994.000000 -4367.000000  -0.04       1.427800    -0.018400   -1.27       58.81       41.19       1.952200    -0.002600   -0.13       66.13       33.87       1.271700    -0.041500   -3.16       55.98       44.02
2026-05-06 10:15:00 UTCJTOUSDT     0.401600      67.29     565         12049516.000000 19522.000000  0.16        1.428400    0.000600    0.04        58.82       41.18       1.953000    0.000800    0.04        66.14       33.86       1.269100    -0.002600   -0.20       55.93       44.07
2026-05-06 10:20:00 UTCJTOUSDT     0.400200      61.37     615         12045728.000000 -3788.000000  -0.03       1.423700    -0.004700   -0.33       58.74       41.26       1.949700    -0.003300   -0.17       66.10       33.90       1.263500    -0.005600   -0.44       55.82       44.18
2026-05-06 10:25:00 UTCJTOUSDT     0.398200      54.05     548         12043559.000000 -2169.000000  -0.02       1.435500    0.011800    0.83        58.94       41.06       1.952500    0.002800    0.14        66.13       33.87       1.277400    0.013900    1.10        56.09       43.91
2026-05-06 10:30:00 UTCJTOUSDT     0.396700      49.30     641         12037940.000000 -5619.000000  -0.05       1.445600    0.010100    0.70        59.11       40.89       1.968100    0.015600    0.80        66.31       33.69       1.271200    -0.006200   -0.49       55.97       44.03
2026-05-06 10:35:00 UTCJTOUSDT     0.397600      52.02     341         12030421.000000 -7519.000000  -0.06       1.449800    0.004200    0.29        59.18       40.82       1.981900    0.013800    0.70        66.46       33.54       1.277900    0.006700    0.53        56.10       43.90
2026-05-06 10:40:00 UTCJTOUSDT     0.397200      50.72     521         12031792.000000 1371.000000   0.01        1.452800    0.003000    0.21        59.23       40.77       1.984100    0.002200    0.11        66.49       33.51       1.275800    -0.002100   -0.16       56.06       43.94
2026-05-06 10:45:00 UTCJTOUSDT     0.403200      64.92     3010        12031513.000000 -279.000000   -0.00       1.451000    -0.001800   -0.12       59.20       40.80       1.987600    0.003500    0.18        66.53       33.47       1.272700    -0.003100   -0.24       56.00       44.00
2026-05-06 10:50:00 UTCJTOUSDT     0.403400      65.28     1495        12334236.000000 302723.000000 2.52        1.406200    -0.044800   -3.09       58.44       41.56       2.015500    0.027900    1.40        66.84       33.16       1.256800    -0.015900   -1.25       55.69       44.31
2026-05-06 10:55:00 UTCJTOUSDT     0.401600      59.39     688         12349534.000000 15298.000000  0.12        1.413700    0.007500    0.53        58.57       41.43       2.020000    0.004500    0.22        66.89       33.11       1.264000    0.007200    0.57        55.83       44.17
2026-05-06 11:00:00 UTCJTOUSDT     0.398700      51.34     1368        12331870.000000 -17664.000000 -0.14       1.431900    0.018200    1.29        58.88       41.12       2.033900    0.013900    0.69        67.04       32.96       1.278900    0.014900    1.18        56.12       43.88
2026-05-06 11:05:00 UTCJTOUSDT     0.400500      55.38     848         12320194.000000 -11676.000000 -0.09       1.433100    0.001200    0.08        58.90       41.10       2.044600    0.010700    0.53        67.15       32.85       1.278900    0.000000    0.00        56.12       43.88
2026-05-06 11:10:00 UTCJTOUSDT     0.399400      52.51     864         12299128.000000 -21066.000000 -0.17       1.454000    0.020900    1.46        59.25       40.75       2.059200    0.014600    0.71        67.31       32.69       1.281500    0.002600    0.20        56.17       43.83
2026-05-06 11:15:00 UTCJTOUSDT     0.397900      48.80     534         12292581.000000 -6547.000000  -0.05       1.451600    -0.002400   -0.17       59.21       40.79       2.067300    0.008100    0.39        67.40       32.60       1.283100    0.001600    0.12        56.20       43.80
2026-05-06 11:20:00 UTCJTOUSDT     0.398600      50.56     443         12290599.000000 -1982.000000  -0.02       1.443200    -0.008400   -0.58       59.07       40.93       2.070300    0.003000    0.15        67.43       32.57       1.275800    -0.007300   -0.57       56.06       43.94
2026-05-06 11:25:00 UTCJTOUSDT     0.394800      42.11     1322        12297326.000000 6727.000000   0.05        1.446800    0.003600    0.25        59.13       40.87       2.069200    -0.001100   -0.05       67.42       32.58       1.282100    0.006300    0.49        56.18       43.82
2026-05-06 11:30:00 UTCJTOUSDT     0.393600      39.85     1628        12195929.000000 -101397.000000-0.82       1.476500    0.029700    2.05        59.62       40.38       2.020900    -0.048300   -2.33       66.90       33.10       1.298900    0.016800    1.31        56.50       43.50
2026-05-06 11:35:00 UTCJTOUSDT     0.396300      46.78     1359        12013569.000000 -182360.000000-1.50       1.510700    0.034200    2.32        60.17       39.83       1.983300    -0.037600   -1.86       66.48       33.52       1.327200    0.028300    2.18        57.03       42.97
2026-05-06 11:40:00 UTCJTOUSDT     0.395500      45.12     541         12108497.000000 94928.000000  0.79        1.491300    -0.019400   -1.28       59.86       40.14       2.030300    0.047000    2.37        67.00       33.00       1.299900    -0.027300   -2.06       56.52       43.48
2026-05-06 11:45:00 UTCJTOUSDT     0.394800      43.66     579         12100781.000000 -7716.000000  -0.06       1.493100    0.001800    0.12        59.89       40.11       2.031100    0.000800    0.04        67.01       32.99       1.303100    0.003200    0.25        56.58       43.42
2026-05-06 11:50:00 UTCJTOUSDT     0.395700      46.08     921         12077179.000000 -23602.000000 -0.20       1.447400    -0.045700   -3.06       59.14       40.86       2.029700    -0.001400   -0.07       66.99       33.01       1.280500    -0.022600   -1.73       56.15       43.85
2026-05-06 11:55:00 UTCJTOUSDT     0.397300      50.17     711         12073628.000000 -3551.000000  -0.03       1.443200    -0.004200   -0.29       59.07       40.93       2.032500    0.002800    0.14        67.02       32.98       1.269600    -0.010900   -0.85       55.94       44.06
2026-05-06 12:00:00 UTCJTOUSDT     0.396300      47.73     1000        12048637.000000 -24991.000000 -0.21       1.454000    0.010800    0.75        59.25       40.75       2.021700    -0.010800   -0.53       66.91       33.09       1.281000    0.011400    0.90        56.16       43.84
2026-05-06 12:05:00 UTCJTOUSDT     0.393400      41.44     666         11973573.000000 -75064.000000 -0.62       1.457000    0.003000    0.21        59.30       40.70       1.969500    -0.052200   -2.58       66.32       33.68       1.285700    0.004700    0.37        56.25       43.75
2026-05-06 12:10:00 UTCJTOUSDT     0.395600      47.13     1096        11964746.000000 -8827.000000  -0.07       1.473400    0.016400    1.13        59.57       40.43       1.973100    0.003600    0.18        66.37       33.63       1.294100    0.008400    0.65        56.41       43.59
2026-05-06 12:15:00 UTCJTOUSDT     0.394400      44.59     756         12075493.000000 110747.000000 0.93        1.427800    -0.045600   -3.09       58.81       41.19       1.966900    -0.006200   -0.31       66.30       33.70       1.260900    -0.033200   -2.57       55.77       44.23
2026-05-06 12:20:00 UTCJTOUSDT     0.394300      44.37     372         12185101.000000 109608.000000 0.91        1.442000    0.014200    0.99        59.05       40.95       1.950500    -0.016400   -0.83       66.11       33.89       1.275300    0.014400    1.14        56.05       43.95
2026-05-06 12:25:00 UTCJTOUSDT     0.394700      45.50     263         12190854.000000 5753.000000   0.05        1.437800    -0.004200   -0.29       58.98       41.02       1.956600    0.006100    0.31        66.18       33.82       1.267100    -0.008200   -0.64       55.89       44.11
2026-05-06 12:30:00 UTCJTOUSDT     0.395700      48.33     425         12185885.000000 -4969.000000  -0.04       1.441400    0.003600    0.25        59.04       40.96       1.957200    0.000600    0.03        66.18       33.82       1.276300    0.009200    0.73        56.07       43.93
2026-05-06 12:35:00 UTCJTOUSDT     0.398600      55.55     632         12172791.000000 -13094.000000 -0.11       1.448000    0.006600    0.46        59.15       40.85       1.961600    0.004400    0.22        66.23       33.77       1.269600    -0.006700   -0.52       55.94       44.06
2026-05-06 12:40:00 UTCJTOUSDT     0.399800      58.15     720         12181680.000000 8889.000000   0.07        1.438400    -0.009600   -0.66       58.99       41.01       1.962100    0.000500    0.03        66.24       33.76       1.264500    -0.005100   -0.40       55.84       44.16
2026-05-06 12:45:00 UTCJTOUSDT     0.403400      64.81     862         12165252.000000 -16428.000000 -0.13       1.448000    0.009600    0.67        59.15       40.85       1.966300    0.004200    0.21        66.29       33.71       1.272700    0.008200    0.65        56.00       44.00
2026-05-06 12:50:00 UTCJTOUSDT     0.404000      65.78     1225        12180538.000000 15286.000000  0.13        1.462400    0.014400    0.99        59.39       40.61       1.967800    0.001500    0.08        66.30       33.70       1.282100    0.009400    0.74        56.18       43.82
2026-05-06 12:55:00 UTCJTOUSDT     0.402100      60.09     1070        12210608.000000 30070.000000  0.25        1.436100    -0.026300   -1.80       58.95       41.05       1.976000    0.008200    0.42        66.40       33.60       1.269100    -0.013000   -1.01       55.93       44.07
2026-05-06 13:00:00 UTCJTOUSDT     0.403000      61.78     1567        12193253.000000 -17355.000000 -0.14       1.434300    -0.001800   -0.13       58.92       41.08       1.974500    -0.001500   -0.08       66.38       33.62       1.276300    0.007200    0.57        56.07       43.93
2026-05-06 13:05:00 UTCJTOUSDT     0.404300      64.14     1643        12158530.000000 -34723.000000 -0.28       1.429000    -0.005300   -0.37       58.83       41.17       1.969200    -0.005300   -0.27       66.32       33.68       1.271200    -0.005100   -0.40       55.97       44.03
2026-05-06 13:10:00 UTCJTOUSDT     0.404500      64.50     1251        12136450.000000 -22080.000000 -0.18       1.426600    -0.002400   -0.17       58.79       41.21       1.951200    -0.018000   -0.91       66.12       33.88       1.282100    0.010900    0.86        56.18       43.82
2026-05-06 13:15:00 UTCJTOUSDT     0.405900      67.01     1012        12122896.000000 -13554.000000 -0.11       1.439000    0.012400    0.87        59.00       41.00       1.956600    0.005400    0.28        66.18       33.82       1.296200    0.014100    1.10        56.45       43.55
2026-05-06 13:20:00 UTCJTOUSDT     0.405900      67.01     1826        12132810.000000 9914.000000   0.08        1.439600    0.000600    0.04        59.01       40.99       1.951700    -0.004900   -0.25       66.12       33.88       1.300400    0.004200    0.32        56.53       43.47
2026-05-06 13:25:00 UTCJTOUSDT     0.406300      67.77     2729        12122627.000000 -10183.000000 -0.08       1.423700    -0.015900   -1.10       58.74       41.26       1.957000    0.005300    0.27        66.18       33.82       1.299400    -0.001000   -0.08       56.51       43.49
2026-05-06 13:30:00 UTCJTOUSDT     0.407900      70.67     4610        12109466.000000 -13161.000000 -0.11       1.426000    0.002300    0.16        58.78       41.22       1.979700    0.022700    1.16        66.44       33.56       1.298300    -0.001100   -0.08       56.49       43.51
2026-05-06 13:35:00 UTCJTOUSDT     0.406900      66.64     4272        12072709.000000 -36757.000000 -0.30       1.423100    -0.002900   -0.20       58.73       41.27       1.930100    -0.049600   -2.51       65.87       34.13       1.299400    0.001100    0.08        56.51       43.49
2026-05-06 13:40:00 UTCJTOUSDT     0.417100      79.49     41830       12150719.000000 78010.000000  0.65        1.482000    0.058900    4.14        59.71       40.29       1.905100    -0.025000   -1.30       65.58       34.42       1.345200    0.045800    3.52        57.36       42.64
2026-05-06 13:45:00 UTCJTOUSDT     0.425400      84.67     26503       13605743.000000 1455024.00000011.97       1.469100    -0.012900   -0.87       59.50       40.50       1.932400    0.027300    1.43        65.90       34.10       1.339200    -0.006000   -0.45       57.25       42.75
2026-05-06 13:50:00 UTCJTOUSDT     0.425200      84.12     30727       14821021.000000 1215278.0000008.93        1.457600    -0.011500   -0.78       59.31       40.69       1.857800    -0.074600   -3.86       65.01       34.99       1.329900    -0.009300   -0.69       57.08       42.92
2026-05-06 13:55:00 UTCJTOUSDT     0.430700      86.68     19988       15843209.000000 1022188.0000006.90        1.480200    0.022600    1.55        59.68       40.32       1.816400    -0.041400   -2.23       64.49       35.51       1.433100    0.103200    7.76        58.90       41.10
2026-05-06 14:00:00 UTCJTOUSDT     0.427400      78.49     27540       16888811.000000 1045602.0000006.60        1.383800    -0.096400   -6.51       58.05       41.95       1.767100    -0.049300   -2.71       63.86       36.14       1.337000    -0.096100   -6.71       57.21       42.79
2026-05-06 14:05:00 UTCJTOUSDT     0.425200      73.50     20684       17852290.000000 963479.000000 5.70        1.398100    0.014300    1.03        58.30       41.70       1.730200    -0.036900   -2.09       63.37       36.63       1.404400    0.067400    5.04        58.41       41.59
2026-05-06 14:10:00 UTCJTOUSDT     0.433100      78.73     20079       18089877.000000 237587.000000 1.33        1.359600    -0.038500   -2.75       57.62       42.38       1.705400    -0.024800   -1.43       63.04       36.96       1.355700    -0.048700   -3.47       57.55       42.45
2026-05-06 14:15:00 UTCJTOUSDT     0.441300      82.57     19610       18818820.000000 728943.000000 4.03        1.371900    0.012300    0.90        57.84       42.16       1.737800    0.032400    1.90        63.47       36.53       1.373600    0.017900    1.32        57.87       42.13
2026-05-06 14:20:00 UTCJTOUSDT     0.442700      83.13     18033       19238956.000000 420136.000000 2.23        1.377600    0.005700    0.42        57.94       42.06       1.692200    -0.045600   -2.62       62.86       37.14       1.384900    0.011300    0.82        58.07       41.93
2026-05-06 14:25:00 UTCJTOUSDT     0.451500      86.15     21665       19702596.000000 463640.000000 2.41        1.329400    -0.048200   -3.50       57.07       42.93       1.683200    -0.009000   -0.53       62.73       37.27       1.341400    -0.043500   -3.14       57.29       42.71
2026-05-06 14:30:00 UTCJTOUSDT     0.468400      89.89     32129       20006275.000000 303679.000000 1.54        1.310000    -0.019400   -1.46       56.71       43.29       1.679400    -0.003800   -0.23       62.68       37.32       1.332100    -0.009300   -0.69       57.12       42.88
2026-05-06 14:35:00 UTCJTOUSDT     0.465900      86.18     54087       21052975.000000 1046700.0000005.23        1.225700    -0.084300   -6.44       55.07       44.93       1.638300    -0.041100   -2.45       62.10       37.90       1.283100    -0.049000   -3.68       56.20       43.80
2026-05-06 14:40:00 UTCJTOUSDT     0.462400      81.14     29904       21961130.000000 908155.000000 4.31        1.282600    0.056900    4.64        56.19       43.81       1.560200    -0.078100   -4.77       60.94       39.06       1.302600    0.019500    1.52        56.57       43.43
2026-05-06 14:45:00 UTCJTOUSDT     0.454100      70.59     40499       22279270.000000 318140.000000 1.45        1.275300    -0.007300   -0.57       56.05       43.95       1.530000    -0.030200   -1.94       60.47       39.53       1.308400    0.005800    0.45        56.68       43.32
2026-05-06 14:50:00 UTCJTOUSDT     0.444100      60.40     31039       22275435.000000 -3835.000000  -0.02       1.343600    0.068300    5.36        57.33       42.67       1.548900    0.018900    1.24        60.77       39.23       1.367400    0.059000    4.51        57.76       42.24
2026-05-06 14:55:00 UTCJTOUSDT     0.441700      58.23     19243       22100931.000000 -174504.000000-0.78       1.399800    0.056200    4.18        58.33       41.67       1.546300    -0.002600   -0.17       60.73       39.27       1.417200    0.049800    3.64        58.63       41.37
2026-05-06 15:00:00 UTCJTOUSDT     0.438200      55.11     28896       22271474.000000 170543.000000 0.77        1.407900    0.008100    0.58        58.47       41.53       1.536200    -0.010100   -0.65       60.57       39.43       1.430700    0.013500    0.95        58.86       41.14
2026-05-06 15:05:00 UTCJTOUSDT     0.432300      50.24     22164       21893711.000000 -377763.000000-1.70       1.386100    -0.021800   -1.55       58.09       41.91       1.564700    0.028500    1.86        61.01       38.99       1.417800    -0.012900   -0.90       58.64       41.36
2026-05-06 15:10:00 UTCJTOUSDT     0.436300      53.26     14369       21683161.000000 -210550.000000-0.96       1.443800    0.057700    4.16        59.08       40.92       1.593200    0.028500    1.82        61.44       38.56       1.438400    0.020600    1.45        58.99       41.01
2026-05-06 15:15:00 UTCJTOUSDT     0.435700      52.74     10775       21837389.000000 154228.000000 0.71        1.423700    -0.020100   -1.39       58.74       41.26       1.569200    -0.024000   -1.51       61.08       38.92       1.464300    0.025900    1.80        59.42       40.58
2026-05-06 15:20:00 UTCJTOUSDT     0.429600      47.67     15769       22032296.000000 194907.000000 0.89        1.428400    0.004700    0.33        58.82       41.18       1.566900    -0.002300   -0.15       61.04       38.96       1.470400    0.006100    0.42        59.52       40.48
2026-05-06 15:25:00 UTCJTOUSDT     0.432100      49.80     6561        21837986.000000 -194310.000000-0.88       1.463100    0.034700    2.43        59.40       40.60       1.611100    0.044200    2.82        61.70       38.30       1.493100    0.022700    1.54        59.89       40.11
2026-05-06 15:30:00 UTCJTOUSDT     0.435300      52.47     8313        21842689.000000 4703.000000   0.02        1.467900    0.004800    0.33        59.48       40.52       1.600300    -0.010800   -0.67       61.54       38.46       1.515700    0.022600    1.51        60.25       39.75
2026-05-06 15:35:00 UTCJTOUSDT     0.439000      55.41     7502        21914850.000000 72161.000000  0.33        1.468500    0.000600    0.04        59.49       40.51       1.590900    -0.009400   -0.59       61.40       38.60       1.524000    0.008300    0.55        60.38       39.62
2026-05-06 15:40:00 UTCJTOUSDT     0.438800      55.22     14528       22086171.000000 171321.000000 0.78        1.481400    0.012900    0.88        59.70       40.30       1.581600    -0.009300   -0.58       61.26       38.74       1.540000    0.016000    1.05        60.63       39.37
2026-05-06 15:45:00 UTCJTOUSDT     0.439900      56.15     11363       21999297.000000 -86874.000000 -0.39       1.457000    -0.024400   -1.65       59.30       40.70       1.577700    -0.003900   -0.25       61.21       38.79       1.500600    -0.039400   -2.56       60.01       39.99
2026-05-06 15:50:00 UTCJTOUSDT     0.448100      62.44     9946        22505455.000000 506158.000000 2.30        1.490700    0.033700    2.31        59.85       40.15       1.562600    -0.015100   -0.96       60.98       39.02       1.551700    0.051100    3.41        60.81       39.19
2026-05-06 15:55:00 UTCJTOUSDT     0.440000      54.17     11210       22676470.000000 171015.000000 0.76        1.495000    0.004300    0.29        59.92       40.08       1.514700    -0.047900   -3.07       60.23       39.77       1.555600    0.003900    0.25        60.87       39.13
2026-05-06 16:00:00 UTCJTOUSDT     0.431400      47.05     20047       22568961.000000 -107509.000000-0.47       1.497500    0.002500    0.17        59.96       40.04       1.512700    -0.002000   -0.13       60.20       39.80       1.560200    0.004600    0.30        60.94       39.06
2026-05-06 16:05:00 UTCJTOUSDT     0.430500      46.36     8973        21742919.000000 -826042.000000-3.66       1.490700    -0.006800   -0.45       59.85       40.15       1.611100    0.098400    6.50        61.70       38.30       1.515100    -0.045100   -2.89       60.24       39.76
2026-05-06 16:10:00 UTCJTOUSDT     0.428300      44.65     8090        21585350.000000 -157569.000000-0.72       1.489400    -0.001300   -0.09       59.83       40.17       1.646200    0.035100    2.18        62.21       37.79       1.519500    0.004400    0.29        60.31       39.69
2026-05-06 16:15:00 UTCJTOUSDT     0.430500      46.77     6308        21286832.000000 -298518.000000-1.38       1.499400    0.010000    0.67        59.99       40.01       1.666900    0.020700    1.26        62.50       37.50       1.517000    -0.002500   -0.16       60.27       39.73
2026-05-06 16:20:00 UTCJTOUSDT     0.431200      47.46     7397        21135657.000000 -151175.000000-0.71       1.495600    -0.003800   -0.25       59.93       40.07       1.670300    0.003400    0.20        62.55       37.45       1.514500    -0.002500   -0.16       60.23       39.77
2026-05-06 16:25:00 UTCJTOUSDT     0.433100      49.38     3548        20800104.000000 -335553.000000-1.59       1.479500    -0.016100   -1.08       59.67       40.33       1.665000    -0.005300   -0.32       62.48       37.52       1.514500    0.000000    0.00        60.23       39.77
2026-05-06 16:30:00 UTCJTOUSDT     0.434000      50.30     4145        20841553.000000 41449.000000  0.20        1.495000    0.015500    1.05        59.92       40.08       1.680200    0.015200    0.91        62.69       37.31       1.525900    0.011400    0.75        60.41       39.59
2026-05-06 16:35:00 UTCJTOUSDT     0.430000      46.26     5575        20825405.000000 -16148.000000 -0.08       1.515700    0.020700    1.38        60.25       39.75       1.678000    -0.002200   -0.13       62.66       37.34       1.535500    0.009600    0.63        60.56       39.44
2026-05-06 16:40:00 UTCJTOUSDT     0.430600      46.95     3928        20893529.000000 68124.000000  0.33        1.510700    -0.005000   -0.33       60.17       39.83       1.709200    0.031200    1.86        63.09       36.91       1.522700    -0.012800   -0.83       60.36       39.64
2026-05-06 16:45:00 UTCJTOUSDT     0.433800      50.59     3214        20932369.000000 38840.000000  0.19        1.503100    -0.007600   -0.50       60.05       39.95       1.717500    0.008300    0.49        63.20       36.80       1.517000    -0.005700   -0.37       60.27       39.73
2026-05-06 16:50:00 UTCJTOUSDT     0.433700      50.47     3592        21000443.000000 68074.000000  0.33        1.500600    -0.002500   -0.17       60.01       39.99       1.719700    0.002200    0.13        63.23       36.77       1.517000    0.000000    0.00        60.27       39.73
2026-05-06 16:55:00 UTCJTOUSDT     0.435500      52.59     3226        21014732.000000 14289.000000  0.07        1.508200    0.007600    0.51        60.13       39.87       1.705800    -0.013900   -0.81       63.04       36.96       1.530400    0.013400    0.88        60.48       39.52
2026-05-06 17:00:00 UTCJTOUSDT     0.434900      51.79     4481        21063974.000000 49242.000000  0.23        1.520800    0.012600    0.84        60.33       39.67       1.700100    -0.005700   -0.33       62.96       37.04       1.541300    0.010900    0.71        60.65       39.35
2026-05-06 17:05:00 UTCJTOUSDT     0.432600      48.75     4035        21063632.000000 -342.000000   -0.00       1.547100    0.026300    1.73        60.74       39.26       1.709800    0.009700    0.57        63.10       36.90       1.588700    0.047400    3.08        61.37       38.63
2026-05-06 17:10:00 UTCJTOUSDT     0.431700      47.57     4096        21004989.000000 -58643.000000 -0.28       1.531000    -0.016100   -1.04       60.49       39.51       1.705200    -0.004600   -0.27       63.03       36.97       1.564800    -0.023900   -1.50       61.01       38.99
2026-05-06 17:15:00 UTCJTOUSDT     0.434500      51.50     4883        20856980.000000 -148009.000000-0.70       1.548400    0.017400    1.14        60.76       39.24       1.709300    0.004100    0.24        63.09       36.91       1.581300    0.016500    1.05        61.26       38.74
2026-05-06 17:20:00 UTCJTOUSDT     0.436800      54.51     2964        20787636.000000 -69344.000000 -0.33       1.513200    -0.035200   -2.27       60.21       39.79       1.694100    -0.015200   -0.89       62.88       37.12       1.542600    -0.038700   -2.45       60.67       39.33
2026-05-06 17:25:00 UTCJTOUSDT     0.436900      54.64     3063        20938470.000000 150834.000000 0.73        1.505600    -0.007600   -0.50       60.09       39.91       1.698100    0.004000    0.24        62.94       37.06       1.531000    -0.011600   -0.75       60.49       39.51
2026-05-06 17:30:00 UTCJTOUSDT     0.440700      59.46     4526        20936694.000000 -1776.000000  -0.01       1.495600    -0.010000   -0.66       59.93       40.07       1.693900    -0.004200   -0.25       62.88       37.12       1.538700    0.007700    0.50        60.61       39.39
2026-05-06 17:35:00 UTCJTOUSDT     0.443600      62.71     11937       21009348.000000 72654.000000  0.35        1.482600    -0.013000   -0.87       59.72       40.28       1.689900    -0.004000   -0.24       62.82       37.18       1.516400    -0.022300   -1.45       60.26       39.74
2026-05-06 17:40:00 UTCJTOUSDT     0.442200      60.20     5887        21546262.000000 536914.000000 2.56        1.498100    0.015500    1.05        59.97       40.03       1.666000    -0.023900   -1.41       62.49       37.51       1.558900    0.042500    2.80        60.92       39.08
2026-05-06 17:45:00 UTCJTOUSDT     0.440300      56.87     4919        21500972.000000 -45290.000000 -0.21       1.498800    0.000700    0.05        59.98       40.02       1.678700    0.012700    0.76        62.67       37.33       1.552300    -0.006600   -0.42       60.82       39.18
2026-05-06 17:50:00 UTCJTOUSDT     0.436600      50.96     3806        21498562.000000 -2410.000000  -0.01       1.492500    -0.006300   -0.42       59.88       40.12       1.671400    -0.007300   -0.43       62.57       37.43       1.549100    -0.003200   -0.21       60.77       39.23
2026-05-06 17:55:00 UTCJTOUSDT     0.435600      49.47     2894        21338307.000000 -160255.000000-0.75       1.524000    0.031500    2.11        60.38       39.62       1.683100    0.011700    0.70        62.73       37.27       1.558200    0.009100    0.59        60.91       39.09
2026-05-06 18:00:00 UTCJTOUSDT     0.438400      53.58     4000        21226987.000000 -111320.000000-0.52       1.518300    -0.005700   -0.37       60.29       39.71       1.698700    0.015600    0.93        62.94       37.06       1.555600    -0.002600   -0.17       60.87       39.13
2026-05-06 18:05:00 UTCJTOUSDT     0.433100      45.96     4871        21357130.000000 130143.000000 0.61        1.512600    -0.005700   -0.38       60.20       39.80       1.691600    -0.007100   -0.42       62.85       37.15       1.562800    0.007200    0.46        60.98       39.02
2026-05-06 18:10:00 UTCJTOUSDT     0.436400      50.66     3291        21243761.000000 -113369.000000-0.53       1.529100    0.016500    1.09        60.46       39.54       1.728600    0.037000    2.19        63.35       36.65       1.580000    0.017200    1.10        61.24       38.76
2026-05-06 18:15:00 UTCJTOUSDT     0.438900      53.93     2216        21094799.000000 -148962.000000-0.70       1.533600    0.004500    0.29        60.53       39.47       1.730500    0.001900    0.11        63.38       36.62       1.566700    -0.013300   -0.84       61.04       38.96
2026-05-06 18:20:00 UTCJTOUSDT     0.439200      54.32     1964        21082838.000000 -11961.000000 -0.06       1.527800    -0.005800   -0.38       60.44       39.56       1.721500    -0.009000   -0.52       63.26       36.74       1.570000    0.003300    0.21        61.09       38.91
2026-05-06 18:25:00 UTCJTOUSDT     0.441700      57.56     2275        21089715.000000 6877.000000   0.03        1.532300    0.004500    0.29        60.51       39.49       1.717300    -0.004200   -0.24       63.20       36.80       1.574000    0.004000    0.25        61.15       38.85
2026-05-06 18:30:00 UTCJTOUSDT     0.442800      58.94     2483        21090326.000000 611.000000    0.00        1.528400    -0.003900   -0.25       60.45       39.55       1.715600    -0.001700   -0.10       63.18       36.82       1.576000    0.002000    0.13        61.18       38.82
2026-05-06 18:35:00 UTCJTOUSDT     0.441200      56.09     3218        21084232.000000 -6094.000000  -0.03       1.530400    0.002000    0.13        60.48       39.52       1.713600    -0.002000   -0.12       63.15       36.85       1.570700    -0.005300   -0.34       61.10       38.90
2026-05-06 18:40:00 UTCJTOUSDT     0.437900      50.64     3495        21126457.000000 42225.000000  0.20        1.528400    -0.002000   -0.13       60.45       39.55       1.720000    0.006400    0.37        63.23       36.77       1.577300    0.006600    0.42        61.20       38.80
2026-05-06 18:45:00 UTCJTOUSDT     0.436400      48.34     2516        21070782.000000 -55675.000000 -0.26       1.580000    0.051600    3.38        61.24       38.76       1.739100    0.019100    1.11        63.49       36.51       1.624000    0.046700    2.96        61.89       38.11
2026-05-06 18:50:00 UTCJTOUSDT     0.437200      49.65     2035        20982198.000000 -88584.000000 -0.42       1.597400    0.017400    1.10        61.50       38.50       1.741200    0.002100    0.12        63.52       36.48       1.643400    0.019400    1.19        62.17       37.83
2026-05-06 18:55:00 UTCJTOUSDT     0.435500      46.93     2458        20981454.000000 -744.000000   -0.00       1.585300    -0.012100   -0.76       61.32       38.68       1.744500    0.003300    0.19        63.56       36.44       1.618500    -0.024900   -1.52       61.81       38.19
2026-05-06 19:00:00 UTCJTOUSDT     0.436600      48.88     2663        20967272.000000 -14182.000000 -0.07       1.588700    0.003400    0.21        61.37       38.63       1.719500    -0.025000   -1.43       63.23       36.77       1.629500    0.011000    0.68        61.97       38.03
2026-05-06 19:05:00 UTCJTOUSDT     0.436600      48.88     2007        20905905.000000 -61367.000000 -0.29       1.589300    0.000600    0.04        61.38       38.62       1.710800    -0.008700   -0.51       63.11       36.89       1.624000    -0.005500   -0.34       61.89       38.11
2026-05-06 19:10:00 UTCJTOUSDT     0.434500      45.20     1791        20846670.000000 -59235.000000 -0.28       1.583300    -0.006000   -0.38       61.29       38.71       1.700600    -0.010200   -0.60       62.97       37.03       1.626700    0.002700    0.17        61.93       38.07
2026-05-06 19:15:00 UTCJTOUSDT     0.434100      44.51     2658        20778918.000000 -67752.000000 -0.33       1.593400    0.010100    0.64        61.44       38.56       1.695400    -0.005200   -0.31       62.90       37.10       1.626700    0.000000    0.00        61.93       38.07
2026-05-06 19:20:00 UTCJTOUSDT     0.430600      38.92     3180        20711557.000000 -67361.000000 -0.32       1.602100    0.008700    0.55        61.57       38.43       1.690500    -0.004900   -0.29       62.83       37.17       1.644100    0.017400    1.07        62.18       37.82
2026-05-06 19:25:00 UTCJTOUSDT     0.424000      31.01     11020       20640909.000000 -70648.000000 -0.34       1.604800    0.002700    0.17        61.61       38.39       1.677300    -0.013200   -0.78       62.65       37.35       1.633700    -0.010400   -0.63       62.03       37.97
2026-05-06 19:30:00 UTCJTOUSDT     0.420900      28.12     4856        20353376.000000 -287533.000000-1.39       1.731500    0.126700    7.90        63.39       36.61       1.696600    0.019300    1.15        62.92       37.08       1.781600    0.147900    9.05        64.05       35.95
2026-05-06 19:35:00 UTCJTOUSDT     0.421900      30.37     3049        20212238.000000 -141138.000000-0.69       1.707800    -0.023700   -1.37       63.07       36.93       1.680600    -0.016000   -0.94       62.69       37.31       1.751000    -0.030600   -1.72       63.65       36.35
2026-05-06 19:40:00 UTCJTOUSDT     0.422200      31.07     2234        20083248.000000 -128990.000000-0.64       1.696100    -0.011700   -0.69       62.91       37.09       1.681300    0.000700    0.04        62.70       37.30       1.741200    -0.009800   -0.56       63.52       36.48
2026-05-06 19:45:00 UTCJTOUSDT     0.421600      30.41     2796        20016073.000000 -67175.000000 -0.33       1.712200    0.016100    0.95        63.13       36.87       1.675900    -0.005400   -0.32       62.63       37.37       1.750300    0.009100    0.52        63.64       36.36
2026-05-06 19:50:00 UTCJTOUSDT     0.421900      31.20     2126        19966689.000000 -49384.000000 -0.25       1.702700    -0.009500   -0.55       63.00       37.00       1.690200    0.014300    0.85        62.83       37.17       1.735200    -0.015100   -0.86       63.44       36.56
2026-05-06 19:55:00 UTCJTOUSDT     0.422800      33.61     1427        19886092.000000 -80597.000000 -0.40       1.692500    -0.010200   -0.60       62.86       37.14       1.707000    0.016800    0.99        63.06       36.94       1.715900    -0.019300   -1.11       63.18       36.82
2026-05-06 20:00:00 UTCJTOUSDT     0.423900      36.54     2207        19869965.000000 -16127.000000 -0.08       1.678100    -0.014400   -0.85       62.66       37.34       1.702700    -0.004300   -0.25       63.00       37.00       1.703400    -0.012500   -0.73       63.01       36.99
2026-05-06 20:05:00 UTCJTOUSDT     0.423900      36.54     1723        19896633.000000 26668.000000  0.13        1.671700    -0.006400   -0.38       62.57       37.43       1.699700    -0.003000   -0.18       62.96       37.04       1.706400    0.003000    0.18        63.05       36.95
2026-05-06 20:10:00 UTCJTOUSDT     0.423800      36.37     1560        19876544.000000 -20089.000000 -0.10       1.661700    -0.010000   -0.60       62.43       37.57       1.694300    -0.005400   -0.32       62.88       37.12       1.699800    -0.006600   -0.39       62.96       37.04
2026-05-06 20:15:00 UTCJTOUSDT     0.424600      38.82     1333        19882139.000000 5595.000000   0.03        1.661000    -0.000700   -0.04       62.42       37.58       1.693000    -0.001300   -0.08       62.87       37.13       1.701200    0.001400    0.08        62.98       37.02
2026-05-06 20:20:00 UTCJTOUSDT     0.425600      41.82     3552        19861126.000000 -21013.000000 -0.11       1.648300    -0.012700   -0.76       62.24       37.76       1.692300    -0.000700   -0.04       62.86       37.14       1.685300    -0.015900   -0.93       62.76       37.24
2026-05-06 20:25:00 UTCJTOUSDT     0.424500      39.52     2241        19849141.000000 -11985.000000 -0.06       1.649700    0.001400    0.08        62.26       37.74       1.686800    -0.005500   -0.33       62.78       37.22       1.696900    0.011600    0.69        62.92       37.08
2026-05-06 20:30:00 UTCJTOUSDT     0.425900      43.76     2400        19874118.000000 24977.000000  0.13        1.614400    -0.035300   -2.14       61.75       38.25       1.685400    -0.001400   -0.08       62.76       37.24       1.611600    -0.085300   -5.03       61.71       38.29
2026-05-06 20:35:00 UTCJTOUSDT     0.426100      44.36     1831        19901816.000000 27698.000000  0.14        1.602100    -0.012300   -0.76       61.57       38.43       1.687100    0.001700    0.10        62.79       37.21       1.594700    -0.016900   -1.05       61.46       38.54
2026-05-06 20:40:00 UTCJTOUSDT     0.424900      41.50     1921        19972106.000000 70290.000000  0.35        1.608200    0.006100    0.38        61.66       38.34       1.686700    -0.000400   -0.02       62.78       37.22       1.592000    -0.002700   -0.17       61.42       38.58
2026-05-06 20:45:00 UTCJTOUSDT     0.425200      42.50     1799        19993062.000000 20956.000000  0.10        1.605500    -0.002700   -0.17       61.62       38.38       1.688900    0.002200    0.13        62.81       37.19       1.604200    0.012200    0.77        61.60       38.40
2026-05-06 20:50:00 UTCJTOUSDT     0.425800      44.54     1669        19973507.000000 -19555.000000 -0.10       1.614400    0.008900    0.55        61.75       38.25       1.685300    -0.003600   -0.21       62.76       37.24       1.614400    0.010200    0.64        61.75       38.25
2026-05-06 20:55:00 UTCJTOUSDT     0.428800      53.43     1593        19965204.000000 -8303.000000  -0.04       1.600100    -0.014300   -0.89       61.54       38.46       1.685300    0.000000    0.00        62.76       37.24       1.602100    -0.012300   -0.76       61.57       38.43
2026-05-06 21:00:00 UTCJTOUSDT     0.427600      49.98     1624        19966325.000000 1121.000000   0.01        1.593400    -0.006700   -0.42       61.44       38.56       1.679100    -0.006200   -0.37       62.67       37.33       1.596100    -0.006000   -0.37       61.48       38.52
2026-05-06 21:05:00 UTCJTOUSDT     0.426500      46.98     1997        20050844.000000 84519.000000  0.42        1.606200    0.012800    0.80        61.63       38.37       1.684600    0.005500    0.33        62.75       37.25       1.598100    0.002000    0.13        61.51       38.49
2026-05-06 21:10:00 UTCJTOUSDT     0.424000      40.97     2776        20128426.000000 77582.000000  0.39        1.612300    0.006100    0.38        61.72       38.28       1.691100    0.006500    0.39        62.84       37.16       1.608900    0.010800    0.68        61.67       38.33
2026-05-06 21:15:00 UTCJTOUSDT     0.420800      34.83     1511        20119493.000000 -8933.000000  -0.04       1.691800    0.079500    4.93        62.85       37.15       1.690900    -0.000200   -0.01       62.84       37.16       1.683800    0.074900    4.66        62.74       37.26
2026-05-06 21:20:00 UTCJTOUSDT     0.422700      40.53     1217        20153793.000000 34300.000000  0.17        1.696900    0.005100    0.30        62.92       37.08       1.695000    0.004100    0.24        62.89       37.11       1.684600    0.000800    0.05        62.75       37.25
2026-05-06 21:25:00 UTCJTOUSDT     0.421900      38.98     714         20157226.000000 3433.000000   0.02        1.685300    -0.011600   -0.68       62.76       37.24       1.691100    -0.003900   -0.23       62.84       37.16       1.668800    -0.015800   -0.94       62.53       37.47
2026-05-06 21:30:00 UTCJTOUSDT     0.420800      36.90     3875        20150302.000000 -6924.000000  -0.03       1.678100    -0.007200   -0.43       62.66       37.34       1.691800    0.000700    0.04        62.85       37.15       1.662400    -0.006400   -0.38       62.44       37.56
2026-05-06 21:35:00 UTCJTOUSDT     0.421000      37.55     1774        20083937.000000 -66365.000000 -0.33       1.722600    0.044500    2.65        63.27       36.73       1.711100    0.019300    1.14        63.11       36.89       1.704900    0.042500    2.56        63.03       36.97
2026-05-06 21:40:00 UTCJTOUSDT     0.420900      37.34     807         20126052.000000 42115.000000  0.21        1.720300    -0.002300   -0.13       63.24       36.76       1.700700    -0.010400   -0.61       62.97       37.03       1.700500    -0.004400   -0.26       62.97       37.03
2026-05-06 21:45:00 UTCJTOUSDT     0.420700      36.90     625         20132196.000000 6144.000000   0.03        1.726300    0.006000    0.35        63.32       36.68       1.699900    -0.000800   -0.05       62.96       37.04       1.700500    0.000000    0.00        62.97       37.03
2026-05-06 21:50:00 UTCJTOUSDT     0.419900      35.12     780         20161881.000000 29685.000000  0.15        1.724100    -0.002200   -0.13       63.29       36.71       1.700900    0.001000    0.06        62.98       37.02       1.712200    0.011700    0.69        63.13       36.87
2026-05-06 21:55:00 UTCJTOUSDT     0.421300      40.54     657         20162756.000000 875.000000    0.00        1.731500    0.007400    0.43        63.39       36.61       1.703600    0.002700    0.16        63.01       36.99       1.707800    -0.004400   -0.26       63.07       36.93
2026-05-06 22:00:00 UTCJTOUSDT     0.423800      48.78     1750        20128167.000000 -34589.000000 -0.17       1.715200    -0.016300   -0.94       63.17       36.83       1.709000    0.005400    0.32        63.09       36.91       1.695400    -0.012400   -0.73       62.90       37.10
2026-05-06 22:05:00 UTCJTOUSDT     0.423400      47.64     1219        20029233.000000 -98934.000000 -0.49       1.693200    -0.022000   -1.28       62.87       37.13       1.702300    -0.006700   -0.39       62.99       37.01       1.684600    -0.010800   -0.64       62.75       37.25
2026-05-06 22:10:00 UTCJTOUSDT     0.421000      41.40     1256        20049861.000000 20628.000000  0.10        1.688900    -0.004300   -0.25       62.81       37.19       1.703400    0.001100    0.06        63.01       36.99       1.675200    -0.009400   -0.56       62.62       37.38
2026-05-06 22:15:00 UTCJTOUSDT     0.421800      44.03     1119        20031754.000000 -18107.000000 -0.09       1.666700    -0.022200   -1.31       62.50       37.50       1.701200    -0.002200   -0.13       62.98       37.02       1.661000    -0.014200   -0.85       62.42       37.58
2026-05-06 22:20:00 UTCJTOUSDT     0.422500      46.31     1405        19994466.000000 -37288.000000 -0.19       1.672400    0.005700    0.34        62.58       37.42       1.696400    -0.004800   -0.28       62.91       37.09       1.666700    0.005700    0.34        62.50       37.50
2026-05-06 22:25:00 UTCJTOUSDT     0.422400      46.02     666         19987330.000000 -7136.000000  -0.04       1.661700    -0.010700   -0.64       62.43       37.57       1.691200    -0.005200   -0.31       62.84       37.16       1.645500    -0.021200   -1.27       62.20       37.80
2026-05-06 22:30:00 UTCJTOUSDT     0.424200      51.81     1316        19988989.000000 1659.000000   0.01        1.658200    -0.003500   -0.21       62.38       37.62       1.693300    0.002100    0.12        62.87       37.13       1.646200    0.000700    0.04        62.21       37.79
2026-05-06 22:35:00 UTCJTOUSDT     0.420900      42.75     1984        19970077.000000 -18912.000000 -0.09       1.640600    -0.017600   -1.06       62.13       37.87       1.687100    -0.006200   -0.37       62.78       37.22       1.633000    -0.013200   -0.80       62.02       37.98
2026-05-06 22:40:00 UTCJTOUSDT     0.422400      47.27     1231        19951285.000000 -18792.000000 -0.09       1.657500    0.016900    1.03        62.37       37.63       1.692800    0.005700    0.34        62.86       37.14       1.658200    0.025200    1.54        62.38       37.62
2026-05-06 22:45:00 UTCJTOUSDT     0.421300      44.50     1438        19963641.000000 12356.000000  0.06        1.658900    0.001400    0.08        62.39       37.61       1.692500    -0.000300   -0.02       62.86       37.14       1.651800    -0.006400   -0.39       62.29       37.71
2026-05-06 22:50:00 UTCJTOUSDT     0.421400      44.81     724         19901360.000000 -62281.000000 -0.31       1.653900    -0.005000   -0.30       62.32       37.68       1.691900    -0.000600   -0.04       62.85       37.15       1.653200    0.001400    0.08        62.31       37.69
2026-05-06 22:55:00 UTCJTOUSDT     0.420700      42.96     2059        19873649.000000 -27711.000000 -0.14       1.653200    -0.000700   -0.04       62.31       37.69       1.694000    0.002100    0.12        62.88       37.12       1.658200    0.005000    0.30        62.38       37.62
2026-05-06 23:00:00 UTCJTOUSDT     0.418800      38.34     1839        19918906.000000 45257.000000  0.23        1.635000    -0.018200   -1.10       62.05       37.95       1.690800    -0.003200   -0.19       62.84       37.16       1.634400    -0.023800   -1.44       62.04       37.96
2026-05-06 23:05:00 UTCJTOUSDT     0.419300      40.17     690         19849988.000000 -68918.000000 -0.35       1.649000    0.014000    0.86        62.25       37.75       1.687600    -0.003200   -0.19       62.79       37.21       1.662400    0.028000    1.71        62.44       37.56
2026-05-06 23:10:00 UTCJTOUSDT     0.418100      37.31     1366        19847037.000000 -2951.000000  -0.01       1.642700    -0.006300   -0.38       62.16       37.84       1.687000    -0.000600   -0.04       62.78       37.22       1.643400    -0.019000   -1.14       62.17       37.83
2026-05-06 23:15:00 UTCJTOUSDT     0.419000      40.71     1751        19892567.000000 45530.000000  0.23        1.639900    -0.002800   -0.17       62.12       37.88       1.680500    -0.006500   -0.39       62.69       37.31       1.649700    0.006300    0.38        62.26       37.74
2026-05-06 23:20:00 UTCJTOUSDT     0.419000      40.71     1237        19866231.000000 -26336.000000 -0.13       1.632300    -0.007600   -0.46       62.01       37.99       1.666000    -0.014500   -0.86       62.49       37.51       1.657500    0.007800    0.47        62.37       37.63
2026-05-06 23:25:00 UTCJTOUSDT     0.420000      44.59     1216        19840278.000000 -25953.000000 -0.13       1.630900    -0.001400   -0.09       61.99       38.01       1.661900    -0.004100   -0.25       62.43       37.57       1.662400    0.004900    0.30        62.44       37.56
2026-05-06 23:30:00 UTCJTOUSDT     0.419600      43.37     712         19782164.000000 -58114.000000 -0.29       1.626100    -0.004800   -0.29       61.92       38.08       1.648200    -0.013700   -0.82       62.24       37.76       1.653200    -0.009200   -0.55       62.31       37.69
2026-05-06 23:35:00 UTCJTOUSDT     0.419500      43.05     1142        19794922.000000 12758.000000  0.06        1.621900    -0.004200   -0.26       61.86       38.14       1.645800    -0.002400   -0.15       62.20       37.80       1.638500    -0.014700   -0.89       62.10       37.90
2026-05-06 23:40:00 UTCJTOUSDT     0.416200      34.16     1777        19218470.000000 -576452.000000-2.91       1.602800    -0.019100   -1.18       61.58       38.42       1.639700    -0.006100   -0.37       62.12       37.88       1.630200    -0.008300   -0.51       61.98       38.02
2026-05-06 23:45:00 UTCJTOUSDT     0.416400      35.04     1904        19154919.000000 -63551.000000 -0.33       1.627400    0.024600    1.53        61.94       38.06       1.649800    0.010100    0.62        62.26       37.74       1.661700    0.031500    1.93        62.43       37.57
2026-05-06 23:50:00 UTCJTOUSDT     0.417200      38.56     989         19038874.000000 -116045.000000-0.61       1.624700    -0.002700   -0.17       61.90       38.10       1.645400    -0.004400   -0.27       62.20       37.80       1.663800    0.002100    0.13        62.46       37.54
2026-05-06 23:55:00 UTCJTOUSDT     0.419800      48.35     1399        19063588.000000 24714.000000  0.13        1.619900    -0.004800   -0.30       61.83       38.17       1.634600    -0.010800   -0.66       62.04       37.96       1.661700    -0.002100   -0.13       62.43       37.57
2026-05-07 00:00:00 UTCJTOUSDT     0.417800      42.71     15520       19093115.000000 29527.000000  0.15        1.608200    -0.011700   -0.72       61.66       38.34       1.628900    -0.005700   -0.35       61.96       38.04       1.654600    -0.007100   -0.43       62.33       37.67
2026-05-07 00:05:00 UTCJTOUSDT     0.411500      30.60     6992        19010340.000000 -82775.000000 -0.43       1.541900    -0.066300   -4.12       60.66       39.34       1.676700    0.047800    2.93        62.64       37.36       1.538700    -0.115900   -7.00       60.61       39.39
2026-05-07 00:10:00 UTCJTOUSDT     0.412100      32.56     4102        18976378.000000 -33962.000000 -0.18       1.578000    0.036100    2.34        61.21       38.79       1.693400    0.016700    1.00        62.87       37.13       1.670900    0.132200    8.59        62.56       37.44
2026-05-07 00:15:00 UTCJTOUSDT     0.412500      33.90     3086        18935640.000000 -40738.000000 -0.21       1.540000    -0.038000   -2.41       60.63       39.37       1.664400    -0.029000   -1.71       62.47       37.53       1.580000    -0.090900   -5.44       61.24       38.76
2026-05-07 00:20:00 UTCJTOUSDT     0.412000      33.02     1565        18891003.000000 -44637.000000 -0.24       1.527200    -0.012800   -0.83       60.43       39.57       1.661200    -0.003200   -0.19       62.42       37.58       1.568100    -0.011900   -0.75       61.06       38.94
2026-05-07 00:25:00 UTCJTOUSDT     0.411500      32.12     2016        18885901.000000 -5102.000000  -0.03       1.513200    -0.014000   -0.92       60.21       39.79       1.661500    0.000300    0.02        62.43       37.57       1.548400    -0.019700   -1.26       60.76       39.24
2026-05-07 00:30:00 UTCJTOUSDT     0.410600      30.51     2846        18871800.000000 -14101.000000 -0.07       1.492500    -0.020700   -1.37       59.88       40.12       1.655400    -0.006100   -0.37       62.34       37.66       1.524000    -0.024400   -1.58       60.38       39.62
2026-05-07 00:35:00 UTCJTOUSDT     0.412400      37.29     2143        18815799.000000 -56001.000000 -0.30       1.488200    -0.004300   -0.29       59.81       40.19       1.647700    -0.007700   -0.47       62.23       37.77       1.536800    0.012800    0.84        60.58       39.42
2026-05-07 00:40:00 UTCJTOUSDT     0.410400      33.39     3580        18816138.000000 339.000000    0.00        1.488200    0.000000    0.00        59.81       40.19       1.640100    -0.007600   -0.46       62.12       37.88       1.527800    -0.009000   -0.59       60.44       39.56
2026-05-07 00:45:00 UTCJTOUSDT     0.411000      35.57     2538        18786542.000000 -29596.000000 -0.16       1.503100    0.014900    1.00        60.05       39.95       1.633600    -0.006500   -0.40       62.03       37.97       1.542600    0.014800    0.97        60.67       39.33
2026-05-07 00:50:00 UTCJTOUSDT     0.410300      34.17     1658        18730856.000000 -55686.000000 -0.30       1.500600    -0.002500   -0.17       60.01       39.99       1.624700    -0.008900   -0.54       61.90       38.10       1.532300    -0.010300   -0.67       60.51       39.49
2026-05-07 00:55:00 UTCJTOUSDT     0.410000      33.55     1320        18711662.000000 -19194.000000 -0.10       1.489400    -0.011200   -0.75       59.83       40.17       1.622300    -0.002400   -0.15       61.87       38.13       1.524000    -0.008300   -0.54       60.38       39.62
2026-05-07 01:00:00 UTCJTOUSDT     0.405800      26.43     3932        18683797.000000 -27865.000000 -0.15       1.493100    0.003700    0.25        59.89       40.11       1.622700    0.000400    0.02        61.87       38.13       1.525900    0.001900    0.12        60.41       39.59
2026-05-07 01:05:00 UTCJTOUSDT     0.406900      30.59     3178        18643943.000000 -39854.000000 -0.21       1.489400    -0.003700   -0.25       59.83       40.17       1.612200    -0.010500   -0.65       61.72       38.28       1.531000    0.005100    0.33        60.49       39.51
2026-05-07 01:10:00 UTCJTOUSDT     0.406800      30.42     1865        18588229.000000 -55714.000000 -0.30       1.477700    -0.011700   -0.79       59.64       40.36       1.599800    -0.012400   -0.77       61.54       38.46       1.516400    -0.014600   -0.95       60.26       39.74
2026-05-07 01:15:00 UTCJTOUSDT     0.406900      30.83     1929        18559045.000000 -29184.000000 -0.16       1.466700    -0.011000   -0.74       59.46       40.54       1.592300    -0.007500   -0.47       61.42       38.58       1.504400    -0.012000   -0.79       60.07       39.93
2026-05-07 01:20:00 UTCJTOUSDT     0.406700      30.44     1281        18520388.000000 -38657.000000 -0.21       1.472200    0.005500    0.37        59.55       40.45       1.593800    0.001500    0.09        61.45       38.55       1.511900    0.007500    0.50        60.19       39.81
2026-05-07 01:25:00 UTCJTOUSDT     0.409500      41.50     1823        18542134.000000 21746.000000  0.12        1.455200    -0.017000   -1.15       59.27       40.73       1.598200    0.004400    0.28        61.51       38.49       1.493800    -0.018100   -1.20       59.90       40.10
2026-05-07 01:30:00 UTCJTOUSDT     0.406400      34.88     1146        18527730.000000 -14404.000000 -0.08       1.446200    -0.009000   -0.62       59.12       40.88       1.615000    0.016800    1.05        61.76       38.24       1.487600    -0.006200   -0.42       59.80       40.20
2026-05-07 01:35:00 UTCJTOUSDT     0.407800      39.57     775         18528610.000000 880.000000    0.00        1.448000    0.001800    0.12        59.15       40.85       1.618200    0.003200    0.20        61.81       38.19       1.486900    -0.000700   -0.05       59.79       40.21
2026-05-07 01:40:00 UTCJTOUSDT     0.408400      41.51     1123        18522996.000000 -5614.000000  -0.03       1.448600    0.000600    0.04        59.16       40.84       1.616900    -0.001300   -0.08       61.79       38.21       1.482000    -0.004900   -0.33       59.71       40.29
2026-05-07 01:45:00 UTCJTOUSDT     0.409000      43.46     1537        18551667.000000 28671.000000  0.15        1.431300    -0.017300   -1.19       58.87       41.13       1.614900    -0.002000   -0.12       61.76       38.24       1.461200    -0.020800   -1.40       59.37       40.63
2026-05-07 01:50:00 UTCJTOUSDT     0.405000      35.05     1961        18530137.000000 -21530.000000 -0.12       1.438400    0.007100    0.50        58.99       41.01       1.612800    -0.002100   -0.13       61.73       38.27       1.477100    0.015900    1.09        59.63       40.37
2026-05-07 01:55:00 UTCJTOUSDT     0.405400      36.38     895         18424590.000000 -105547.000000-0.57       1.461800    0.023400    1.63        59.38       40.62       1.618100    0.005300    0.33        61.80       38.20       1.518900    0.041800    2.83        60.30       39.70
2026-05-07 02:00:00 UTCJTOUSDT     0.406800      40.92     1775        18395714.000000 -28876.000000 -0.16       1.471000    0.009200    0.63        59.53       40.47       1.620900    0.002800    0.17        61.84       38.16       1.527800    0.008900    0.59        60.44       39.56
2026-05-07 02:05:00 UTCJTOUSDT     0.406700      40.70     4137        18352023.000000 -43691.000000 -0.24       1.461800    -0.009200   -0.63       59.38       40.62       1.624400    0.003500    0.22        61.90       38.10       1.501900    -0.025900   -1.70       60.03       39.97
2026-05-07 02:10:00 UTCJTOUSDT     0.406900      41.39     1102        18208250.000000 -143773.000000-0.78       1.470400    0.008600    0.59        59.52       40.48       1.622600    -0.001800   -0.11       61.87       38.13       1.490700    -0.011200   -0.75       59.85       40.15
2026-05-07 02:15:00 UTCJTOUSDT     0.408300      46.12     1247        18178135.000000 -30115.000000 -0.17       1.466700    -0.003700   -0.25       59.46       40.54       1.625800    0.003200    0.20        61.92       38.08       1.491300    0.000600    0.04        59.86       40.14
2026-05-07 02:20:00 UTCJTOUSDT     0.408000      45.28     838         18184386.000000 6251.000000   0.03        1.472800    0.006100    0.42        59.56       40.44       1.636500    0.010700    0.66        62.07       37.93       1.500000    0.008700    0.58        60.00       40.00
2026-05-07 02:25:00 UTCJTOUSDT     0.407500      43.84     753         18162199.000000 -22187.000000 -0.12       1.466100    -0.006700   -0.45       59.45       40.55       1.633400    -0.003100   -0.19       62.03       37.97       1.490000    -0.010000   -0.67       59.84       40.16
2026-05-07 02:30:00 UTCJTOUSDT     0.408700      48.10     1085        18137074.000000 -25125.000000 -0.14       1.464900    -0.001200   -0.08       59.43       40.57       1.634800    0.001400    0.09        62.05       37.95       1.486900    -0.003100   -0.21       59.79       40.21
2026-05-07 02:35:00 UTCJTOUSDT     0.409700      51.41     735         18128831.000000 -8243.000000  -0.05       1.469700    0.004800    0.33        59.51       40.49       1.632200    -0.002600   -0.16       62.01       37.99       1.489400    0.002500    0.17        59.83       40.17
2026-05-07 02:40:00 UTCJTOUSDT     0.410900      55.10     1233        18102994.000000 -25837.000000 -0.14       1.467900    -0.001800   -0.12       59.48       40.52       1.630600    -0.001600   -0.10       61.99       38.01       1.484500    -0.004900   -0.33       59.75       40.25
2026-05-07 02:45:00 UTCJTOUSDT     0.411200      56.01     1223        18104513.000000 1519.000000   0.01        1.463100    -0.004800   -0.33       59.40       40.60       1.627000    -0.003600   -0.22       61.93       38.07       1.478300    -0.006200   -0.42       59.65       40.35
2026-05-07 02:50:00 UTCJTOUSDT     0.412100      58.69     786         18073692.000000 -30821.000000 -0.17       1.472800    0.009700    0.66        59.56       40.44       1.625900    -0.001100   -0.07       61.92       38.08       1.478900    0.000600    0.04        59.66       40.34
2026-05-07 02:55:00 UTCJTOUSDT     0.412300      59.28     1357        18067657.000000 -6035.000000  -0.03       1.469700    -0.003100   -0.21       59.51       40.49       1.626900    0.001000    0.06        61.93       38.07       1.477100    -0.001800   -0.12       59.63       40.37
2026-05-07 03:00:00 UTCJTOUSDT     0.411700      56.65     1692        18060905.000000 -6752.000000  -0.04       1.466700    -0.003000   -0.20       59.46       40.54       1.629100    0.002200    0.14        61.96       38.04       1.477100    0.000000    0.00        59.63       40.37
2026-05-07 03:05:00 UTCJTOUSDT     0.413200      61.27     965         17982644.000000 -78261.000000 -0.43       1.478300    0.011600    0.79        59.65       40.35       1.620300    -0.008800   -0.54       61.84       38.16       1.510000    0.032900    2.23        60.16       39.84
2026-05-07 03:10:00 UTCJTOUSDT     0.412300      57.32     1360        17958807.000000 -23837.000000 -0.13       1.467300    -0.011000   -0.74       59.47       40.53       1.619800    -0.000500   -0.03       61.83       38.17       1.496900    -0.013100   -0.87       59.95       40.05
2026-05-07 03:15:00 UTCJTOUSDT     0.413800      61.75     1084        17932797.000000 -26010.000000 -0.14       1.471000    0.003700    0.25        59.53       40.47       1.620000    0.000200    0.01        61.83       38.17       1.487600    -0.009300   -0.62       59.80       40.20
2026-05-07 03:20:00 UTCJTOUSDT     0.413600      60.84     1385        17950098.000000 17301.000000  0.10        1.466700    -0.004300   -0.29       59.46       40.54       1.622400    0.002400    0.15        61.87       38.13       1.469100    -0.018500   -1.24       59.50       40.50
2026-05-07 03:25:00 UTCJTOUSDT     0.416600      68.35     1920        17960286.000000 10188.000000  0.06        1.450400    -0.016300   -1.11       59.19       40.81       1.630300    0.007900    0.49        61.98       38.02       1.454600    -0.014500   -0.99       59.26       40.74
2026-05-07 03:30:00 UTCJTOUSDT     0.413800      57.31     2654        18009472.000000 49186.000000  0.27        1.426600    -0.023800   -1.64       58.79       41.21       1.638300    0.008000    0.49        62.10       37.90       1.423700    -0.030900   -2.12       58.74       41.26
2026-05-07 03:35:00 UTCJTOUSDT     0.413500      56.26     1048        17974963.000000 -34509.000000 -0.19       1.433700    0.007100    0.50        58.91       41.09       1.639000    0.000700    0.04        62.11       37.89       1.438400    0.014700    1.03        58.99       41.01
2026-05-07 03:40:00 UTCJTOUSDT     0.412100      51.52     908         17994707.000000 19744.000000  0.11        1.446200    0.012500    0.87        59.12       40.88       1.639800    0.000800    0.05        62.12       37.88       1.449200    0.010800    0.75        59.17       40.83
2026-05-07 03:45:00 UTCJTOUSDT     0.410000      45.35     2074        18001387.000000 6680.000000   0.04        1.446800    0.000600    0.04        59.13       40.87       1.637800    -0.002000   -0.12       62.09       37.91       1.457600    0.008400    0.58        59.31       40.69
2026-05-07 03:50:00 UTCJTOUSDT     0.408500      41.53     1718        17812193.000000 -189194.000000-1.05       1.485100    0.038300    2.65        59.76       40.24       1.634200    -0.003600   -0.22       62.04       37.96       1.505600    0.048000    3.29        60.09       39.91
2026-05-07 03:55:00 UTCJTOUSDT     0.408900      42.91     999         17770214.000000 -41979.000000 -0.24       1.479500    -0.005600   -0.38       59.67       40.33       1.629500    -0.004700   -0.29       61.97       38.03       1.518900    0.013300    0.88        60.30       39.70
2026-05-07 04:00:00 UTCJTOUSDT     0.408600      42.11     3718        17746311.000000 -23903.000000 -0.13       1.493100    0.013600    0.92        59.89       40.11       1.636800    0.007300    0.45        62.07       37.93       1.509400    -0.009500   -0.63       60.15       39.85
2026-05-07 04:05:00 UTCJTOUSDT     0.408900      43.25     972         17466045.000000 -280266.000000-1.58       1.514500    0.021400    1.43        60.23       39.77       1.657500    0.020700    1.26        62.37       37.63       1.536100    0.026700    1.77        60.57       39.43
2026-05-07 04:10:00 UTCJTOUSDT     0.407900      40.38     1088        17391350.000000 -74695.000000 -0.43       1.511300    -0.003200   -0.21       60.18       39.82       1.670300    0.012800    0.77        62.55       37.45       1.524000    -0.012100   -0.79       60.38       39.62
2026-05-07 04:15:00 UTCJTOUSDT     0.409500      46.50     1005        17350682.000000 -40668.000000 -0.23       1.503100    -0.008200   -0.54       60.05       39.95       1.678700    0.008400    0.50        62.67       37.33       1.524000    0.000000    0.00        60.38       39.62
2026-05-07 04:20:00 UTCJTOUSDT     0.412200      54.90     830         17341123.000000 -9559.000000  -0.06       1.495600    -0.007500   -0.50       59.93       40.07       1.682200    0.003500    0.21        62.72       37.28       1.513200    -0.010800   -0.71       60.21       39.79
2026-05-07 04:25:00 UTCJTOUSDT     0.413200      57.56     864         17342626.000000 1503.000000   0.01        1.490000    -0.005600   -0.37       59.84       40.16       1.685400    0.003200    0.19        62.76       37.24       1.503800    -0.009400   -0.62       60.06       39.94
2026-05-07 04:30:00 UTCJTOUSDT     0.413700      58.87     995         17313600.000000 -29026.000000 -0.17       1.500000    0.010000    0.67        60.00       40.00       1.684000    -0.001400   -0.08       62.74       37.26       1.511900    0.008100    0.54        60.19       39.81
2026-05-07 04:35:00 UTCJTOUSDT     0.413900      59.40     859         17281004.000000 -32596.000000 -0.19       1.500600    0.000600    0.04        60.01       39.99       1.688100    0.004100    0.24        62.80       37.20       1.503800    -0.008100   -0.54       60.06       39.94
2026-05-07 04:40:00 UTCJTOUSDT     0.414700      61.57     1187        17272319.000000 -8685.000000  -0.05       1.498800    -0.001800   -0.12       59.98       40.02       1.689500    0.001400    0.08        62.82       37.18       1.503800    0.000000    0.00        60.06       39.94
2026-05-07 04:45:00 UTCJTOUSDT     0.415200      62.90     918         17305785.000000 33466.000000  0.19        1.487600    -0.011200   -0.75       59.80       40.20       1.693400    0.003900    0.23        62.87       37.13       1.493800    -0.010000   -0.66       59.90       40.10
2026-05-07 04:50:00 UTCJTOUSDT     0.416500      66.18     975         17259989.000000 -45796.000000 -0.26       1.488800    0.001200    0.08        59.82       40.18       1.688600    -0.004800   -0.28       62.81       37.19       1.508200    0.014400    0.96        60.13       39.87
2026-05-07 04:55:00 UTCJTOUSDT     0.416500      66.18     736         17235049.000000 -24940.000000 -0.14       1.496900    0.008100    0.54        59.95       40.05       1.689000    0.000400    0.02        62.81       37.19       1.510700    0.002500    0.17        60.17       39.83
2026-05-07 05:00:00 UTCJTOUSDT     0.415900      63.19     1773        17214444.000000 -20605.000000 -0.12       1.503100    0.006200    0.41        60.05       39.95       1.693000    0.004000    0.24        62.87       37.13       1.514500    0.003800    0.25        60.23       39.77
2026-05-07 05:05:00 UTCJTOUSDT     0.413600      53.25     1507        17188078.000000 -26366.000000 -0.15       1.505600    0.002500    0.17        60.09       39.91       1.697000    0.004000    0.24        62.92       37.08       1.508800    -0.005700   -0.38       60.14       39.86
2026-05-07 05:10:00 UTCJTOUSDT     0.414300      55.54     1621        17157108.000000 -30970.000000 -0.18       1.535500    0.029900    1.99        60.56       39.44       1.703400    0.006400    0.38        63.01       36.99       1.547800    0.039000    2.58        60.75       39.25
2026-05-07 05:15:00 UTCJTOUSDT     0.415800      60.06     1191        17046819.000000 -110289.000000-0.64       1.480200    -0.055300   -3.60       59.68       40.32       1.670300    -0.033100   -1.94       62.55       37.45       1.458800    -0.089000   -5.75       59.33       40.67
2026-05-07 05:20:00 UTCJTOUSDT     0.416800      62.78     991         17054521.000000 7702.000000   0.05        1.470400    -0.009800   -0.66       59.52       40.48       1.677300    0.007000    0.42        62.65       37.35       1.445600    -0.013200   -0.90       59.11       40.89
2026-05-07 05:25:00 UTCJTOUSDT     0.417100      63.58     1048        17038038.000000 -16483.000000 -0.10       1.472800    0.002400    0.16        59.56       40.44       1.675700    -0.001600   -0.10       62.63       37.37       1.455200    0.009600    0.66        59.27       40.73
2026-05-07 05:30:00 UTCJTOUSDT     0.416100      59.02     1536        17038727.000000 689.000000    0.00        1.475200    0.002400    0.16        59.60       40.40       1.677300    0.001600    0.10        62.65       37.35       1.449200    -0.006000   -0.41       59.17       40.83
2026-05-07 05:35:00 UTCJTOUSDT     0.416900      61.41     1443        16998728.000000 -39999.000000 -0.23       1.492500    0.017300    1.17        59.88       40.12       1.674800    -0.002500   -0.15       62.61       37.39       1.472200    0.023000    1.59        59.55       40.45
2026-05-07 05:40:00 UTCJTOUSDT     0.417400      62.86     1272        16983676.000000 -15052.000000 -0.09       1.485700    -0.006800   -0.46       59.77       40.23       1.675900    0.001100    0.07        62.63       37.37       1.465500    -0.006700   -0.46       59.44       40.56
2026-05-07 05:45:00 UTCJTOUSDT     0.417900      64.31     1080        16986686.000000 3010.000000   0.02        1.486900    0.001200    0.08        59.79       40.21       1.677400    0.001500    0.09        62.65       37.35       1.461500    -0.004000   -0.27       59.38       40.63
2026-05-07 05:50:00 UTCJTOUSDT     0.417900      64.31     962         16989480.000000 2794.000000   0.02        1.484500    -0.002400   -0.16       59.75       40.25       1.676100    -0.001300   -0.08       62.63       37.37       1.466700    0.005200    0.36        59.46       40.54
2026-05-07 05:55:00 UTCJTOUSDT     0.417100      59.97     1052        17005325.000000 15845.000000  0.09        1.478900    -0.005600   -0.38       59.66       40.34       1.671300    -0.004800   -0.29       62.56       37.44       1.460000    -0.006700   -0.46       59.35       40.65
2026-05-07 06:00:00 UTCJTOUSDT     0.415700      53.21     1584        17006409.000000 1084.000000   0.01        1.480200    0.001300    0.09        59.68       40.32       1.673500    0.002200    0.13        62.60       37.40       1.457000    -0.003000   -0.21       59.30       40.70
2026-05-07 06:05:00 UTCJTOUSDT     0.412300      41.09     1756        16981061.000000 -25348.000000 -0.15       1.485700    0.005500    0.37        59.77       40.23       1.674400    0.000900    0.05        62.61       37.39       1.486900    0.029900    2.05        59.79       40.21
2026-05-07 06:10:00 UTCJTOUSDT     0.412700      42.74     1829        16874334.000000 -106727.000000-0.63       1.501900    0.016200    1.09        60.03       39.97       1.684900    0.010500    0.63        62.75       37.25       1.500000    0.013100    0.88        60.00       40.00
2026-05-07 06:15:00 UTCJTOUSDT     0.412900      43.59     1031        16914404.000000 40070.000000  0.24        1.495600    -0.006300   -0.42       59.93       40.07       1.694500    0.009600    0.57        62.89       37.11       1.491900    -0.008100   -0.54       59.87       40.13
2026-05-07 06:20:00 UTCJTOUSDT     0.412000      40.66     834         16905837.000000 -8567.000000  -0.05       1.510700    0.015100    1.01        60.17       39.83       1.692000    -0.002500   -0.15       62.85       37.15       1.515100    0.023200    1.56        60.24       39.76
2026-05-07 06:25:00 UTCJTOUSDT     0.412700      43.83     872         16869840.000000 -35997.000000 -0.21       1.508800    -0.001900   -0.13       60.14       39.86       1.691100    -0.000900   -0.05       62.84       37.16       1.508200    -0.006900   -0.46       60.13       39.87
2026-05-07 06:30:00 UTCJTOUSDT     0.413200      46.04     1172        16859293.000000 -10547.000000 -0.06       1.495000    -0.013800   -0.91       59.92       40.08       1.690000    -0.001100   -0.07       62.83       37.17       1.500600    -0.007600   -0.50       60.01       39.99
2026-05-07 06:35:00 UTCJTOUSDT     0.413800      48.65     618         16781325.000000 -77968.000000 -0.46       1.474000    -0.021000   -1.40       59.58       40.42       1.708900    0.018900    1.12        63.09       36.91       1.480800    -0.019800   -1.32       59.69       40.31
2026-05-07 06:40:00 UTCJTOUSDT     0.413900      49.10     705         16781162.000000 -163.000000   -0.00       1.468500    -0.005500   -0.37       59.49       40.51       1.712300    0.003400    0.20        63.13       36.87       1.471600    -0.009200   -0.62       59.54       40.46
2026-05-07 06:45:00 UTCJTOUSDT     0.413600      47.77     651         16785301.000000 4139.000000   0.02        1.466700    -0.001800   -0.12       59.46       40.54       1.716100    0.003800    0.22        63.18       36.82       1.471600    0.000000    0.00        59.54       40.46
2026-05-07 06:50:00 UTCJTOUSDT     0.415400      55.55     551         16772185.000000 -13116.000000 -0.08       1.468500    0.001800    0.12        59.49       40.51       1.717300    0.001200    0.07        63.20       36.80       1.473400    0.001800    0.12        59.57       40.43
2026-05-07 06:55:00 UTCJTOUSDT     0.417700      63.11     1491        16784924.000000 12739.000000  0.08        1.461800    -0.006700   -0.46       59.38       40.62       1.714800    -0.002500   -0.15       63.16       36.84       1.462400    -0.011000   -0.75       59.39       40.61
2026-05-07 07:00:00 UTCJTOUSDT     0.419200      67.05     2344        16913899.000000 128975.000000 0.77        1.449200    -0.012600   -0.86       59.17       40.83       1.713500    -0.001300   -0.08       63.15       36.85       1.445000    -0.017400   -1.19       59.10       40.90
2026-05-07 07:05:00 UTCJTOUSDT     0.420400      69.83     1903        17019826.000000 105927.000000 0.63        1.443800    -0.005400   -0.37       59.08       40.92       1.707900    -0.005600   -0.33       63.07       36.93       1.445000    0.000000    0.00        59.10       40.90
2026-05-07 07:10:00 UTCJTOUSDT     0.420900      70.93     1677        17086663.000000 66837.000000  0.39        1.453400    0.009600    0.66        59.24       40.76       1.698500    -0.009400   -0.55       62.94       37.06       1.452800    0.007800    0.54        59.23       40.77
2026-05-07 07:15:00 UTCJTOUSDT     0.423700      76.16     2137        17107103.000000 20440.000000  0.12        1.465500    0.012100    0.83        59.44       40.56       1.688800    -0.009700   -0.57       62.81       37.19       1.461800    0.009000    0.62        59.38       40.62
2026-05-07 07:20:00 UTCJTOUSDT     0.422200      68.99     1679        17276789.000000 169686.000000 0.99        1.448600    -0.016900   -1.15       59.16       40.84       1.675000    -0.013800   -0.82       62.62       37.38       1.443200    -0.018600   -1.27       59.07       40.93
2026-05-07 07:25:00 UTCJTOUSDT     0.420600      62.26     2039        17276749.000000 -40.000000    -0.00       1.451600    0.003000    0.21        59.21       40.79       1.659800    -0.015200   -0.91       62.40       37.60       1.461200    0.018000    1.25        59.37       40.63
2026-05-07 07:30:00 UTCJTOUSDT     0.421900      65.23     1135        17175824.000000 -100925.000000-0.58       1.453400    0.001800    0.12        59.24       40.76       1.676700    0.016900    1.02        62.64       37.36       1.448000    -0.013200   -0.90       59.15       40.85
2026-05-07 07:35:00 UTCJTOUSDT     0.421800      64.81     927         17108174.000000 -67650.000000 -0.39       1.479500    0.026100    1.80        59.67       40.33       1.678900    0.002200    0.13        62.67       37.33       1.485700    0.037700    2.60        59.77       40.23
2026-05-07 07:40:00 UTCJTOUSDT     0.420700      60.19     1030        17123819.000000 15645.000000  0.09        1.483200    0.003700    0.25        59.73       40.27       1.677500    -0.001400   -0.08       62.65       37.35       1.481400    -0.004300   -0.29       59.70       40.30
2026-05-07 07:45:00 UTCJTOUSDT     0.423400      66.50     1192        17131815.000000 7996.000000   0.05        1.478300    -0.004900   -0.33       59.65       40.35       1.677000    -0.000500   -0.03       62.65       37.35       1.483200    0.001800    0.12        59.73       40.27
2026-05-07 07:50:00 UTCJTOUSDT     0.424200      68.11     1666        17257898.000000 126083.000000 0.74        1.457000    -0.021300   -1.44       59.30       40.70       1.678300    0.001300    0.08        62.66       37.34       1.439000    -0.044200   -2.98       59.00       41.00
2026-05-07 07:55:00 UTCJTOUSDT     0.424500      68.72     1096        17348534.000000 90636.000000  0.53        1.449800    -0.007200   -0.49       59.18       40.82       1.671800    -0.006500   -0.39       62.57       37.43       1.443800    0.004800    0.33        59.08       40.92
2026-05-07 08:00:00 UTCJTOUSDT     0.425500      70.72     2132        17304061.000000 -44473.000000 -0.26       1.457000    0.007200    0.50        59.30       40.70       1.663200    -0.008600   -0.51       62.45       37.55       1.455800    0.012000    0.83        59.28       40.72
2026-05-07 08:05:00 UTCJTOUSDT     0.425700      71.12     2867        17348857.000000 44796.000000  0.26        1.466100    0.009100    0.62        59.45       40.55       1.668900    0.005700    0.34        62.53       37.47       1.481400    0.025600    1.76        59.70       40.30
2026-05-07 08:10:00 UTCJTOUSDT     0.427500      74.49     2455        17308587.000000 -40270.000000 -0.23       1.467900    0.001800    0.12        59.48       40.52       1.666600    -0.002300   -0.14       62.50       37.50       1.495000    0.013600    0.92        59.92       40.08
2026-05-07 08:15:00 UTCJTOUSDT     0.427900      75.18     2376        17310271.000000 1684.000000   0.01        1.471600    0.003700    0.25        59.54       40.46       1.679500    0.012900    0.77        62.68       37.32       1.483900    -0.011100   -0.74       59.74       40.26
2026-05-07 08:20:00 UTCJTOUSDT     0.424200      59.18     3251        17423817.000000 113546.000000 0.66        1.460000    -0.011600   -0.79       59.35       40.65       1.665800    -0.013700   -0.82       62.49       37.51       1.468500    -0.015400   -1.04       59.49       40.51
2026-05-07 08:25:00 UTCJTOUSDT     0.421700      51.25     2351        17293470.000000 -130347.000000-0.75       1.501300    0.041300    2.83        60.02       39.98       1.690200    0.024400    1.46        62.83       37.17       1.548400    0.079900    5.44        60.76       39.24
2026-05-07 08:30:00 UTCJTOUSDT     0.421900      51.81     1595        17312556.000000 19086.000000  0.11        1.525300    0.024000    1.60        60.40       39.60       1.679400    -0.010800   -0.64       62.68       37.32       1.541300    -0.007100   -0.46       60.65       39.35
2026-05-07 08:35:00 UTCJTOUSDT     0.422100      52.39     1992        17283062.000000 -29494.000000 -0.17       1.530400    0.005100    0.33        60.48       39.52       1.682900    0.003500    0.21        62.73       37.27       1.548400    0.007100    0.46        60.76       39.24
2026-05-07 08:40:00 UTCJTOUSDT     0.420500      47.43     1141        17203589.000000 -79473.000000 -0.46       1.536100    0.005700    0.37        60.57       39.43       1.685600    0.002700    0.16        62.76       37.24       1.554900    0.006500    0.42        60.86       39.14
2026-05-07 08:45:00 UTCJTOUSDT     0.425200      59.55     2566        17161219.000000 -42370.000000 -0.25       1.535500    -0.000600   -0.04       60.56       39.44       1.686800    0.001200    0.07        62.78       37.22       1.545800    -0.009100   -0.59       60.72       39.28
2026-05-07 08:50:00 UTCJTOUSDT     0.428000      64.76     1563        17194376.000000 33157.000000  0.19        1.510000    -0.025500   -1.66       60.16       39.84       1.694600    0.007800    0.46        62.89       37.11       1.498100    -0.047700   -3.09       59.97       40.03
2026-05-07 08:55:00 UTCJTOUSDT     0.427900      64.44     2219        17189424.000000 -4952.000000  -0.03       1.486300    -0.023700   -1.57       59.78       40.22       1.688800    -0.005800   -0.34       62.81       37.19       1.477700    -0.020400   -1.36       59.64       40.36
2026-05-07 09:00:00 UTCJTOUSDT     0.429700      67.55     1940        17217430.000000 28006.000000  0.16        1.506300    0.020000    1.35        60.10       39.90       1.679000    -0.009800   -0.58       62.67       37.33       1.501300    0.023600    1.60        60.02       39.98
2026-05-07 09:05:00 UTCJTOUSDT     0.424300      52.69     3234        17264245.000000 46815.000000  0.27        1.511900    0.005600    0.37        60.19       39.81       1.679100    0.000100    0.01        62.67       37.33       1.517000    0.015700    1.05        60.27       39.73
2026-05-07 09:10:00 UTCJTOUSDT     0.425700      55.43     2827        17318158.000000 53913.000000  0.31        1.553000    0.041100    2.72        60.83       39.17       1.669700    -0.009400   -0.56       62.54       37.46       1.577300    0.060300    3.97        61.20       38.80
2026-05-07 09:15:00 UTCJTOUSDT     0.424600      52.84     903         17411577.000000 93419.000000  0.54        1.544500    -0.008500   -0.55       60.70       39.30       1.659200    -0.010500   -0.63       62.39       37.61       1.543200    -0.034100   -2.16       60.68       39.32
2026-05-07 09:20:00 UTCJTOUSDT     0.423800      50.98     1325        17419769.000000 8192.000000   0.05        1.550400    0.005900    0.38        60.79       39.21       1.661300    0.002100    0.13        62.42       37.58       1.549100    0.005900    0.38        60.77       39.23
2026-05-07 09:25:00 UTCJTOUSDT     0.424800      53.20     667         17393638.000000 -26131.000000 -0.15       1.538100    -0.012300   -0.79       60.60       39.40       1.659900    -0.001400   -0.08       62.40       37.60       1.532900    -0.016200   -1.05       60.52       39.48
2026-05-07 09:30:00 UTCJTOUSDT     0.426400      56.59     953         17395760.000000 2122.000000   0.01        1.543200    0.005100    0.33        60.68       39.32       1.661800    0.001900    0.11        62.43       37.57       1.535500    0.002600    0.17        60.56       39.44
2026-05-07 09:35:00 UTCJTOUSDT     0.425700      54.72     1163        17384303.000000 -11457.000000 -0.07       1.538100    -0.005100   -0.33       60.60       39.40       1.660800    -0.001000   -0.06       62.42       37.58       1.532300    -0.003200   -0.21       60.51       39.49
2026-05-07 09:40:00 UTCJTOUSDT     0.428900      61.05     3137        17374617.000000 -9686.000000  -0.06       1.543200    0.005100    0.33        60.68       39.32       1.664200    0.003400    0.20        62.47       37.53       1.534200    0.001900    0.12        60.54       39.46
2026-05-07 09:45:00 UTCJTOUSDT     0.430100      63.13     2321        17596066.000000 221449.000000 1.27        1.494400    -0.048800   -3.16       59.91       40.09       1.670900    0.006700    0.40        62.56       37.44       1.483900    -0.050300   -3.28       59.74       40.26
2026-05-07 09:50:00 UTCJTOUSDT     0.428900      59.70     1414        17566769.000000 -29297.000000 -0.17       1.489400    -0.005000   -0.33       59.83       40.17       1.660300    -0.010600   -0.63       62.41       37.59       1.481400    -0.002500   -0.17       59.70       40.30
2026-05-07 09:55:00 UTCJTOUSDT     0.428500      58.55     1280        17546410.000000 -20359.000000 -0.12       1.495000    0.005600    0.38        59.92       40.08       1.659800    -0.000500   -0.03       62.40       37.60       1.485700    0.004300    0.29        59.77       40.23
2026-05-07 10:00:00 UTCJTOUSDT     0.431800      64.58     1909        17489597.000000 -56813.000000 -0.32       1.510000    0.015000    1.00        60.16       39.84       1.660900    0.001100    0.07        62.42       37.58       1.496300    0.010600    0.71        59.94       40.06
2026-05-07 10:05:00 UTCJTOUSDT     0.430000      59.50     3553        17490826.000000 1229.000000   0.01        1.514500    0.004500    0.30        60.23       39.77       1.671800    0.010900    0.66        62.57       37.43       1.495000    -0.001300   -0.09       59.92       40.08
2026-05-07 10:10:00 UTCJTOUSDT     0.429600      58.40     2379        17429196.000000 -61630.000000 -0.35       1.510700    -0.003800   -0.25       60.17       39.83       1.716700    0.044900    2.69        63.19       36.81       1.516400    0.021400    1.43        60.26       39.74
2026-05-07 10:15:00 UTCJTOUSDT     0.446900      77.65     11811       17494589.000000 65393.000000  0.38        1.518300    0.007600    0.50        60.29       39.71       1.720400    0.003700    0.22        63.24       36.76       1.520200    0.003800    0.25        60.32       39.68
2026-05-07 10:20:00 UTCJTOUSDT     0.449100      78.98     23221       18731668.000000 1237079.0000007.07        1.398100    -0.120200   -7.92       58.30       41.70       1.591300    -0.129100   -7.50       61.41       38.59       1.384400    -0.135800   -8.93       58.06       41.94
2026-05-07 10:25:00 UTCJTOUSDT     0.448100      76.74     16917       19149642.000000 417974.000000 2.23        1.496900    0.098800    7.07        59.95       40.05       1.591400    0.000100    0.01        61.41       38.59       1.488800    0.104400    7.54        59.82       40.18
2026-05-07 10:30:00 UTCJTOUSDT     0.443900      68.02     14917       19811180.000000 661538.000000 3.45        1.465500    -0.031400   -2.10       59.44       40.56       1.551700    -0.039700   -2.49       60.81       39.19       1.458800    -0.030000   -2.02       59.33       40.67
2026-05-07 10:35:00 UTCJTOUSDT     0.459800      78.14     17126       20546712.000000 735532.000000 3.71        1.513200    0.047700    3.25        60.21       39.79       1.519500    -0.032200   -2.08       60.31       39.69       1.501900    0.043100    2.95        60.03       39.97
2026-05-07 10:40:00 UTCJTOUSDT     0.458400      75.87     14543       21228895.000000 682183.000000 3.32        1.486900    -0.026300   -1.74       59.79       40.21       1.545900    0.026400    1.74        60.72       39.28       1.478300    -0.023600   -1.57       59.65       40.35
2026-05-07 10:45:00 UTCJTOUSDT     0.453900      68.91     9990        21990063.000000 761168.000000 3.59        1.476500    -0.010400   -0.70       59.62       40.38       1.524800    -0.021100   -1.36       60.39       39.61       1.497500    0.019200    1.30        59.96       40.04
2026-05-07 10:50:00 UTCJTOUSDT     0.456800      70.77     7818        21947635.000000 -42428.000000 -0.19       1.461200    -0.015300   -1.04       59.37       40.63       1.527800    0.003000    0.20        60.44       39.56       1.489400    -0.008100   -0.54       59.83       40.17
2026-05-07 10:55:00 UTCJTOUSDT     0.461500      73.54     8941        22124331.000000 176696.000000 0.81        1.448000    -0.013200   -0.90       59.15       40.85       1.530600    0.002800    0.18        60.48       39.52       1.464300    -0.025100   -1.69       59.42       40.58
2026-05-07 11:00:00 UTCJTOUSDT     0.451500      60.45     11343       22503272.000000 378941.000000 1.71        1.459400    0.011400    0.79        59.34       40.66       1.484300    -0.046300   -3.02       59.75       40.25       1.480800    0.016500    1.13        59.69       40.31
2026-05-07 11:05:00 UTCJTOUSDT     0.452400      61.12     8143        22410924.000000 -92348.000000 -0.41       1.500000    0.040600    2.78        60.00       40.00       1.480800    -0.003500   -0.24       59.69       40.31       1.533600    0.052800    3.57        60.53       39.47
2026-05-07 11:10:00 UTCJTOUSDT     0.453400      61.89     5351        22374082.000000 -36842.000000 -0.16       1.521400    0.021400    1.43        60.34       39.66       1.499500    0.018700    1.26        59.99       40.01       1.524600    -0.009000   -0.59       60.39       39.61
2026-05-07 11:15:00 UTCJTOUSDT     0.454000      62.37     4851        22385150.000000 11068.000000  0.05        1.518900    -0.002500   -0.16       60.30       39.70       1.497500    -0.002000   -0.13       59.96       40.04       1.531600    0.007000    0.46        60.50       39.50
2026-05-07 11:20:00 UTCJTOUSDT     0.453000      60.99     3955        22474013.000000 88863.000000  0.40        1.513200    -0.005700   -0.38       60.21       39.79       1.489300    -0.008200   -0.55       59.83       40.17       1.525900    -0.005700   -0.37       60.41       39.59
2026-05-07 11:25:00 UTCJTOUSDT     0.454800      62.60     4958        22496911.000000 22898.000000  0.10        1.503800    -0.009400   -0.62       60.06       39.94       1.483900    -0.005400   -0.36       59.74       40.26       1.529100    0.003200    0.21        60.46       39.54
2026-05-07 11:30:00 UTCJTOUSDT     0.457300      64.78     4657        22625325.000000 128414.000000 0.57        1.500000    -0.003800   -0.25       60.00       40.00       1.470000    -0.013900   -0.94       59.51       40.49       1.522700    -0.006400   -0.42       60.36       39.64
2026-05-07 11:35:00 UTCJTOUSDT     0.474900      75.57     16164       22648635.000000 23310.000000  0.10        1.491300    -0.008700   -0.58       59.86       40.14       1.460700    -0.009300   -0.63       59.36       40.64       1.510000    -0.012700   -0.83       60.16       39.84
2026-05-07 11:40:00 UTCJTOUSDT     0.485900      79.75     25076       22984940.000000 336305.000000 1.48        1.376400    -0.114900   -7.70       57.92       42.08       1.451400    -0.009300   -0.64       59.21       40.79       1.417800    -0.092200   -6.11       58.64       41.36
2026-05-07 11:45:00 UTCJTOUSDT     0.478000      70.43     22006       22700988.000000 -283952.000000-1.24       1.397500    0.021100    1.53        58.29       41.71       1.417400    -0.034000   -2.34       58.63       41.37       1.436600    0.018800    1.33        58.96       41.04
2026-05-07 11:50:00 UTCJTOUSDT     0.494600      76.62     29130       22764940.000000 63952.000000  0.28        1.354000    -0.043500   -3.11       57.52       42.48       1.424700    0.007300    0.52        58.76       41.24       1.383200    -0.053400   -3.72       58.04       41.96
2026-05-07 11:55:00 UTCJTOUSDT     0.502400      78.85     59194       23382485.000000 617545.000000 2.71        1.315900    -0.038100   -2.81       56.82       43.18       1.420700    -0.004000   -0.28       58.69       41.31       1.375900    -0.007300   -0.53       57.91       42.09
2026-05-07 12:00:00 UTCJTOUSDT     0.490400      68.06     39017       24262152.000000 879667.000000 3.76        1.228700    -0.087200   -6.63       55.13       44.87       1.427500    0.006800    0.48        58.81       41.19       1.259400    -0.116500   -8.47       55.74       44.26
2026-05-07 12:05:00 UTCJTOUSDT     0.489300      67.16     19930       24860934.000000 598782.000000 2.47        1.256800    0.028100    2.29        55.69       44.31       1.438200    0.010700    0.75        58.99       41.01       1.332100    0.072700    5.77        57.12       42.88
2026-05-07 12:10:00 UTCJTOUSDT     0.496400      69.94     19764       25211861.000000 350927.000000 1.41        1.252300    -0.004500   -0.36       55.60       44.40       1.460200    0.022000    1.53        59.35       40.65       1.326100    -0.006000   -0.45       57.01       42.99
2026-05-07 12:15:00 UTCJTOUSDT     0.480300      57.94     24951       25276758.000000 64897.000000  0.26        1.227700    -0.024600   -1.96       55.11       44.89       1.472300    0.012100    0.83        59.55       40.45       1.302600    -0.023500   -1.77       56.57       43.43
2026-05-07 12:20:00 UTCJTOUSDT     0.477700      56.27     11862       24901102.000000 -375656.000000-1.49       1.378700    0.151000    12.30       57.96       42.04       1.497600    0.025300    1.72        59.96       40.04       1.442000    0.139400    10.70       59.05       40.95
2026-05-07 12:25:00 UTCJTOUSDT     0.478500      56.68     8944        24671064.000000 -230038.000000-0.92       1.378100    -0.000600   -0.04       57.95       42.05       1.496300    -0.001300   -0.09       59.94       40.06       1.457000    0.015000    1.04        59.30       40.70
2026-05-07 12:30:00 UTCJTOUSDT     0.485200      60.10     9559        24755025.000000 83961.000000  0.34        1.378700    0.000600    0.04        57.96       42.04       1.512800    0.016500    1.10        60.20       39.80       1.436100    -0.020900   -1.43       58.95       41.05
2026-05-07 12:35:00 UTCJTOUSDT     0.486200      60.60     10155       24782537.000000 27512.000000  0.11        1.371900    -0.006800   -0.49       57.84       42.16       1.521200    0.008400    0.56        60.34       39.66       1.433700    -0.002400   -0.17       58.91       41.09
2026-05-07 12:40:00 UTCJTOUSDT     0.479900      55.85     11560       25063891.000000 281354.000000 1.14        1.390600    0.018700    1.36        58.17       41.83       1.506300    -0.014900   -0.98       60.10       39.90       1.466700    0.033000    2.30        59.46       40.54
2026-05-07 12:45:00 UTCJTOUSDT     0.477800      54.32     8578        24855916.000000 -207975.000000-0.83       1.421300    0.030700    2.21        58.70       41.30       1.499700    -0.006600   -0.44       59.99       40.01       1.513200    0.046500    3.17        60.21       39.79
2026-05-07 12:50:00 UTCJTOUSDT     0.472900      50.83     11063       24743859.000000 -112057.000000-0.45       1.436100    0.014800    1.04        58.95       41.05       1.502200    0.002500    0.17        60.04       39.96       1.495000    -0.018200   -1.20       59.92       40.08
2026-05-07 12:55:00 UTCJTOUSDT     0.472200      50.33     8590        24324035.000000 -419824.000000-1.70       1.477100    0.041000    2.85        59.63       40.37       1.486400    -0.015800   -1.05       59.78       40.22       1.552300    0.057300    3.83        60.82       39.18
2026-05-07 13:00:00 UTCJTOUSDT     0.475100      52.41     8270        24129782.000000 -194253.000000-0.80       1.447400    -0.029700   -2.01       59.14       40.86       1.486800    0.000400    0.03        59.79       40.21       1.484500    -0.067800   -4.37       59.75       40.25
2026-05-07 13:05:00 UTCJTOUSDT     0.477400      54.06     6729        24139575.000000 9793.000000   0.04        1.418400    -0.029000   -2.00       58.65       41.35       1.470200    -0.016600   -1.12       59.52       40.48       1.470400    -0.014100   -0.95       59.52       40.48
2026-05-07 13:10:00 UTCJTOUSDT     0.481700      57.04     6998        24101629.000000 -37946.000000 -0.16       1.407900    -0.010500   -0.74       58.47       41.53       1.448200    -0.022000   -1.50       59.15       40.85       1.452200    -0.018200   -1.24       59.22       40.78
2026-05-07 13:15:00 UTCJTOUSDT     0.483300      58.14     6500        24004486.000000 -97143.000000 -0.40       1.387800    -0.020100   -1.43       58.12       41.88       1.438200    -0.010000   -0.69       58.99       41.01       1.456400    0.004200    0.29        59.29       40.71
2026-05-07 13:20:00 UTCJTOUSDT     0.484300      58.84     5691        24145394.000000 140908.000000 0.59        1.408500    0.020700    1.49        58.48       41.52       1.447400    0.009200    0.64        59.14       40.86       1.464300    0.007900    0.54        59.42       40.58
2026-05-07 13:25:00 UTCJTOUSDT     0.487100      60.82     6321        24227479.000000 82085.000000  0.34        1.412500    0.004000    0.28        58.55       41.45       1.447600    0.000200    0.01        59.14       40.86       1.469700    0.005400    0.37        59.51       40.49
2026-05-07 13:30:00 UTCJTOUSDT     0.485800      59.39     8070        24251616.000000 24137.000000  0.10        1.424200    0.011700    0.83        58.75       41.25       1.451400    0.003800    0.26        59.21       40.79       1.480800    0.011100    0.76        59.69       40.31
2026-05-07 13:35:00 UTCJTOUSDT     0.491100      63.20     13578       24104003.000000 -147613.000000-0.61       1.425400    0.001200    0.08        58.77       41.23       1.446900    -0.004500   -0.31       59.13       40.87       1.490700    0.009900    0.67        59.85       40.15
2026-05-07 13:40:00 UTCJTOUSDT     0.485700      57.31     13597       24152087.000000 48084.000000  0.20        1.385500    -0.039900   -2.80       58.08       41.92       1.436300    -0.010600   -0.73       58.95       41.05       1.451600    -0.039100   -2.62       59.21       40.79
2026-05-07 13:45:00 UTCJTOUSDT     0.487800      58.91     8540        23902032.000000 -250055.000000-1.04       1.396900    0.011400    0.82        58.28       41.72       1.391700    -0.044600   -3.11       58.19       41.81       1.462400    0.010800    0.74        59.39       40.61
2026-05-07 13:50:00 UTCJTOUSDT     0.482000      52.99     6661        23723647.000000 -178385.000000-0.75       1.402700    0.005800    0.42        58.38       41.62       1.391600    -0.000100   -0.01       58.19       41.81       1.472200    0.009800    0.67        59.55       40.45
2026-05-07 13:55:00 UTCJTOUSDT     0.482900      53.76     6998        23532176.000000 -191471.000000-0.81       1.409100    0.006400    0.46        58.49       41.51       1.396200    0.004600    0.33        58.27       41.73       1.475200    0.003000    0.20        59.60       40.40
2026-05-07 14:00:00 UTCJTOUSDT     0.486100      56.52     6699        23427941.000000 -104235.000000-0.44       1.419500    0.010400    0.74        58.67       41.33       1.377200    -0.019000   -1.36       57.93       42.07       1.478300    0.003100    0.21        59.65       40.35
2026-05-07 14:05:00 UTCJTOUSDT     0.487000      57.28     7760        23397167.000000 -30774.000000 -0.13       1.421900    0.002400    0.17        58.71       41.29       1.365600    -0.011600   -0.84       57.73       42.27       1.480200    0.001900    0.13        59.68       40.32
2026-05-07 14:10:00 UTCJTOUSDT     0.493400      62.38     6778        23251189.000000 -145978.000000-0.62       1.449200    0.027300    1.92        59.17       40.83       1.360700    -0.004900   -0.36       57.64       42.36       1.503800    0.023600    1.59        60.06       39.94
2026-05-07 14:15:00 UTCJTOUSDT     0.497000      64.92     7966        23220549.000000 -30640.000000 -0.13       1.426000    -0.023200   -1.60       58.78       41.22       1.350800    -0.009900   -0.73       57.46       42.54       1.498100    -0.005700   -0.38       59.97       40.03
2026-05-07 14:20:00 UTCJTOUSDT     0.495900      63.51     6125        23308111.000000 87562.000000  0.38        1.407300    -0.018700   -1.31       58.46       41.54       1.358700    0.007900    0.58        57.60       42.40       1.474600    -0.023500   -1.57       59.59       40.41
2026-05-07 14:25:00 UTCJTOUSDT     0.502000      67.70     7936        23193677.000000 -114434.000000-0.49       1.411400    0.004100    0.29        58.53       41.47       1.356100    -0.002600   -0.19       57.56       42.44       1.484500    0.009900    0.67        59.75       40.25
2026-05-07 14:30:00 UTCJTOUSDT     0.501100      66.49     12203       23098966.000000 -94711.000000 -0.41       1.394100    -0.017300   -1.23       58.23       41.77       1.354000    -0.002100   -0.15       57.52       42.48       1.462400    -0.022100   -1.49       59.39       40.61
2026-05-07 14:35:00 UTCJTOUSDT     0.495800      59.71     9865        23037761.000000 -61205.000000 -0.26       1.399200    0.005100    0.37        58.32       41.68       1.354900    0.000900    0.07        57.53       42.47       1.478900    0.016500    1.13        59.66       40.34
2026-05-07 14:40:00 UTCJTOUSDT     0.496100      59.95     6378        22898773.000000 -138988.000000-0.60       1.406200    0.007000    0.50        58.44       41.56       1.363200    0.008300    0.61        57.68       42.32       1.457600    -0.021300   -1.44       59.31       40.69
2026-05-07 14:45:00 UTCJTOUSDT     0.504200      66.05     14063       22891946.000000 -6827.000000  -0.03       1.405000    -0.001200   -0.09       58.42       41.58       1.354400    -0.008800   -0.65       57.53       42.47       1.464300    0.006700    0.46        59.42       40.58
2026-05-07 14:50:00 UTCJTOUSDT     0.509300      69.23     8726        23158107.000000 266161.000000 1.16        1.391200    -0.013800   -0.98       58.18       41.82       1.342100    -0.012300   -0.91       57.30       42.70       1.457000    -0.007300   -0.50       59.30       40.70
2026-05-07 14:55:00 UTCJTOUSDT     0.503700      62.33     8922        23254939.000000 96832.000000  0.42        1.393500    0.002300    0.17        58.22       41.78       1.352300    0.010200    0.76        57.49       42.51       1.464300    0.007300    0.50        59.42       40.58
2026-05-07 15:00:00 UTCJTOUSDT     0.513200      68.13     26501       23191881.000000 -63058.000000 -0.27       1.416600    0.023100    1.66        58.62       41.38       1.350600    -0.001700   -0.13       57.46       42.54       1.485100    0.020800    1.42        59.76       40.24
2026-05-07 15:05:00 UTCJTOUSDT     0.530600      75.56     21225       23530310.000000 338429.000000 1.46        1.394100    -0.022500   -1.59       58.23       41.77       1.333200    -0.017400   -1.29       57.14       42.86       1.459400    -0.025700   -1.73       59.34       40.66
2026-05-07 15:10:00 UTCJTOUSDT     0.544700      79.69     31414       23661579.000000 131269.000000 0.56        1.375900    -0.018200   -1.31       57.91       42.09       1.305600    -0.027600   -2.07       56.63       43.37       1.451600    -0.007800   -0.53       59.21       40.79
2026-05-07 15:15:00 UTCJTOUSDT     0.527700      65.35     29548       23820878.000000 159299.000000 0.67        1.299900    -0.076000   -5.52       56.52       43.48       1.285900    -0.019700   -1.51       56.25       43.75       1.366300    -0.085300   -5.88       57.74       42.26
2026-05-07 15:20:00 UTCJTOUSDT     0.525900      64.04     20497       23762281.000000 -58597.000000 -0.25       1.422500    0.122600    9.43        58.72       41.28       1.293800    0.007900    0.61        56.40       43.60       1.474600    0.108300    7.93        59.59       40.41
2026-05-07 15:25:00 UTCJTOUSDT     0.524400      62.90     13917       23756431.000000 -5850.000000  -0.02       1.424800    0.002300    0.16        58.76       41.24       1.258300    -0.035500   -2.74       55.72       44.28       1.494400    0.019800    1.34        59.91       40.09
2026-05-07 15:30:00 UTCJTOUSDT     0.532900      66.52     19683       23659455.000000 -96976.000000 -0.41       1.411400    -0.013400   -0.94       58.53       41.47       1.260900    0.002600    0.21        55.77       44.23       1.477700    -0.016700   -1.12       59.64       40.36
2026-05-07 15:35:00 UTCJTOUSDT     0.534800      67.29     15022       23523437.000000 -136018.000000-0.57       1.369100    -0.042300   -3.00       57.79       42.21       1.266100    0.005200    0.41        55.87       44.13       1.441400    -0.036300   -2.46       59.04       40.96
2026-05-07 15:40:00 UTCJTOUSDT     0.530000      63.34     13060       23704107.000000 180670.000000 0.77        1.361300    -0.007800   -0.57       57.65       42.35       1.269800    0.003700    0.29        55.94       44.06       1.414900    -0.026500   -1.84       58.59       41.41
2026-05-07 15:45:00 UTCJTOUSDT     0.533300      64.86     13524       23861555.000000 157448.000000 0.66        1.337000    -0.024300   -1.79       57.21       42.79       1.254300    -0.015500   -1.22       55.64       44.36       1.395800    -0.019100   -1.35       58.26       41.74
2026-05-07 15:50:00 UTCJTOUSDT     0.543900      69.29     17070       23855299.000000 -6256.000000  -0.03       1.349100    0.012100    0.91        57.43       42.57       1.250400    -0.003900   -0.31       55.56       44.44       1.403300    0.007500    0.54        58.39       41.61
2026-05-07 15:55:00 UTCJTOUSDT     0.534800      62.06     16689       23978293.000000 122994.000000 0.52        1.296700    -0.052400   -3.88       56.46       43.54       1.233900    -0.016500   -1.32       55.23       44.77       1.357900    -0.045400   -3.24       57.59       42.41
2026-05-07 16:00:00 UTCJTOUSDT     0.528100      57.32     22187       23866960.000000 -111333.000000-0.46       1.325600    0.028900    2.23        57.00       43.00       1.252100    0.018200    1.47        55.60       44.40       1.381000    0.023100    1.70        58.00       42.00
2026-05-07 16:05:00 UTCJTOUSDT     0.516300      50.06     20748       24204507.000000 337547.000000 1.41        1.331500    0.005900    0.45        57.11       42.89       1.267700    0.015600    1.25        55.90       44.10       1.373600    -0.007400   -0.54       57.87       42.13
2026-05-07 16:10:00 UTCJTOUSDT     0.519600      51.89     11749       23751139.000000 -453368.000000-1.87       1.394100    0.062600    4.70        58.23       41.77       1.265000    -0.002700   -0.21       55.85       44.15       1.449800    0.076200    5.55        59.18       40.82
2026-05-07 16:15:00 UTCJTOUSDT     0.524200      54.41     9669        23625226.000000 -125913.000000-0.53       1.361800    -0.032300   -2.32       57.66       42.34       1.258900    -0.006100   -0.48       55.73       44.27       1.418400    -0.031400   -2.17       58.65       41.35
2026-05-07 16:20:00 UTCJTOUSDT     0.524400      54.52     8725        23725210.000000 99984.000000  0.42        1.359000    -0.002800   -0.21       57.61       42.39       1.248300    -0.010600   -0.84       55.52       44.48       1.419000    0.000600    0.04        58.66       41.34
2026-05-07 16:25:00 UTCJTOUSDT     0.526800      55.91     9529        23669092.000000 -56118.000000 -0.24       1.360200    0.001200    0.09        57.63       42.37       1.241200    -0.007100   -0.57       55.38       44.62       1.414300    -0.004700   -0.33       58.58       41.42
2026-05-07 16:30:00 UTCJTOUSDT     0.538900      62.19     12351       23647598.000000 -21494.000000 -0.09       1.349100    -0.011100   -0.82       57.43       42.57       1.248500    0.007300    0.59        55.53       44.47       1.395800    -0.018500   -1.31       58.26       41.74
2026-05-07 16:35:00 UTCJTOUSDT     0.558800      69.80     28490       23605267.000000 -42331.000000 -0.18       1.350200    0.001100    0.08        57.45       42.55       1.252600    0.004100    0.33        55.61       44.39       1.407300    0.011500    0.82        58.46       41.54
2026-05-07 16:40:00 UTCJTOUSDT     0.562300      70.91     22468       23613088.000000 7821.000000   0.03        1.325000    -0.025200   -1.87       56.99       43.01       1.245900    -0.006700   -0.53       55.48       44.52       1.399200    -0.008100   -0.58       58.32       41.68
2026-05-07 16:45:00 UTCJTOUSDT     0.597600      79.21     75406       23804258.000000 191170.000000 0.81        1.334800    0.009800    0.74        57.17       42.83       1.250700    0.004800    0.39        55.57       44.43       1.385500    -0.013700   -0.98       58.08       41.92
2026-05-07 16:50:00 UTCJTOUSDT     0.622800      82.95     81885       24275144.000000 470886.000000 1.98        1.224200    -0.110600   -8.29       55.04       44.96       1.186100    -0.064600   -5.17       54.26       45.74       1.287300    -0.098200   -7.09       56.28       43.72
2026-05-07 16:55:00 UTCJTOUSDT     0.618500      80.30     69856       24914155.000000 639011.000000 2.63        1.159400    -0.064800   -5.29       53.69       46.31       1.221500    0.035400    2.98        54.99       45.01       1.221200    -0.066100   -5.13       54.98       45.02
2026-05-07 17:00:00 UTCJTOUSDT     0.638000      82.96     77867       25362364.000000 448209.000000 1.80        1.180500    0.021100    1.82        54.14       45.86       1.192600    -0.028900   -2.37       54.39       45.61       1.241600    0.020400    1.67        55.39       44.61
2026-05-07 17:05:00 UTCJTOUSDT     0.657600      85.13     86649       25007798.000000 -354566.000000-1.40       1.164500    -0.016000   -1.36       53.80       46.20       1.206800    0.014200    1.19        54.69       45.31       1.229700    -0.011900   -0.96       55.15       44.85
2026-05-07 17:10:00 UTCJTOUSDT     0.663300      85.71     69260       25217685.000000 209887.000000 0.84        1.123100    -0.041400   -3.56       52.90       47.10       1.202900    -0.003900   -0.32       54.60       45.40       1.185800    -0.043900   -3.57       54.25       45.75
2026-05-07 17:15:00 UTCJTOUSDT     0.641600      74.04     73535       25952076.000000 734391.000000 2.91        1.116400    -0.006700   -0.60       52.75       47.25       1.183000    -0.019900   -1.65       54.19       45.81       1.195400    0.009600    0.81        54.45       45.55
2026-05-07 17:20:00 UTCJTOUSDT     0.654600      76.14     47443       25928885.000000 -23191.000000 -0.09       1.199700    0.083300    7.46        54.54       45.46       1.183000    0.000000    0.00        54.19       45.81       1.296200    0.100800    8.43        56.45       43.55
2026-05-07 17:25:00 UTCJTOUSDT     0.643600      70.92     46918       25890389.000000 -38496.000000 -0.15       1.177200    -0.022500   -1.88       54.07       45.93       1.167100    -0.015900   -1.34       53.86       46.14       1.280500    -0.015700   -1.21       56.15       43.85
2026-05-07 17:30:00 UTCJTOUSDT     0.669300      75.19     84291       25785191.000000 -105198.000000-0.41       1.177700    0.000500    0.04        54.08       45.92       1.186000    0.018900    1.62        54.25       45.75       1.267600    -0.012900   -1.01       55.90       44.10
2026-05-07 17:35:00 UTCJTOUSDT     0.669600      75.24     54305       26793240.000000 1008049.0000003.91        1.140900    -0.036800   -3.12       53.29       46.71       1.173400    -0.012600   -1.06       53.99       46.01       1.224200    -0.043400   -3.42       55.04       44.96
2026-05-07 17:40:00 UTCJTOUSDT     0.681500      77.05     45534       26899332.000000 106092.000000 0.40        1.110600    -0.030300   -2.66       52.62       47.38       1.184600    0.011200    0.95        54.23       45.77       1.209000    -0.015200   -1.24       54.73       45.27
2026-05-07 17:45:00 UTCJTOUSDT     0.666600      70.14     48720       27230124.000000 330792.000000 1.23        1.099100    -0.011500   -1.04       52.36       47.64       1.186200    0.001600    0.14        54.26       45.74       1.187200    -0.021800   -1.80       54.28       45.72
2026-05-07 17:50:00 UTCJTOUSDT     0.654500      65.04     44995       27269367.000000 39243.000000  0.14        1.102600    0.003500    0.32        52.44       47.56       1.169200    -0.017000   -1.43       53.90       46.10       1.165900    -0.021300   -1.79       53.83       46.17
2026-05-07 17:55:00 UTCJTOUSDT     0.668600      67.96     38440       27502043.000000 232676.000000 0.85        1.137200    0.034600    3.14        53.21       46.79       1.181900    0.012700    1.09        54.17       45.83       1.215800    0.049900    4.28        54.87       45.13
2026-05-07 18:00:00 UTCJTOUSDT     0.686300      71.22     51841       27580714.000000 78671.000000  0.29        1.088600    -0.048600   -4.27       52.12       47.88       1.161600    -0.020300   -1.72       53.74       46.26       1.174400    -0.041400   -3.41       54.01       45.99
2026-05-07 18:05:00 UTCJTOUSDT     0.670600      64.92     50026       27531059.000000 -49655.000000 -0.18       1.077300    -0.011300   -1.04       51.86       48.14       1.158600    -0.003000   -0.26       53.67       46.33       1.182500    0.008100    0.69        54.18       45.82
2026-05-07 18:10:00 UTCJTOUSDT     0.667300      63.64     37629       27517538.000000 -13521.000000 -0.05       1.086400    0.009100    0.84        52.07       47.93       1.149800    -0.008800   -0.76       53.48       46.52       1.179600    -0.002900   -0.25       54.12       45.88
2026-05-07 18:15:00 UTCJTOUSDT     0.659700      60.69     31740       27291649.000000 -225889.000000-0.82       1.094700    0.008300    0.76        52.26       47.74       1.150000    0.000200    0.02        53.49       46.51       1.191100    0.011500    0.97        54.36       45.64
2026-05-07 18:20:00 UTCJTOUSDT     0.658400      60.17     29503       27314289.000000 22640.000000  0.08        1.100400    0.005700    0.52        52.39       47.61       1.153400    0.003400    0.30        53.56       46.44       1.180100    -0.011000   -0.92       54.13       45.87
2026-05-07 18:25:00 UTCJTOUSDT     0.660100      60.64     25638       27400587.000000 86298.000000  0.32        1.093800    -0.006600   -0.60       52.24       47.76       1.142800    -0.010600   -0.92       53.33       46.67       1.174400    -0.005700   -0.48       54.01       45.99

==============================================================================================================
LAST SNAPSHOT
==============================================================================================================
Time                : 2026-05-07 18:25:00 UTC
Symbol              : JTOUSDT
Close               : 0.660100
RSI(14)            : 60.64
Number of Trades    : 25638
Volume              : 4428021.000000
Quote Volume        : 2895750.225800

Open Interest       : 27400587.000000
OI Change           : 86298.000000
OI Change %         : 0.32%
OI Value            : 18063185.941803

Top Acco L/S Ratio  : 1.093800
Top Acco L/S Change : -0.006600
Top Acco Chg %      : -0.60%
Top Acco Long %     : 52.24
Top Acco Short %    : 47.76

Top Posit L/S Ratio : 1.142800
Top Posit L/S Change: -0.010600
Top Posit Chg %     : -0.92%
Top Posit Long %    : 53.33
Top Posit Short %   : 46.67

Global L/S Ratio    : 1.174400
Global L/S Change   : -0.005700
Global Chg %        : -0.48%
Global Long %       : 54.01
Global Short %      : 45.99

[Program finished]
