####################################################################################################
FETCHING BINANCE FUTURES DATA ...
####################################################################################################
SYMBOL     : UBUSDT
PERIOD     : 15m
LIMIT      : 500
RSI_PERIOD : 14

========================================================================================================================================================================================================================================================================================================================================================================
BINANCE FUTURES MERGED DATA (L.S + OI + RSI + TRADES) | ROW = ONE CANDLE
========================================================================================================================================================================================================================================================================================================================================================================
Time                  Symbol      Close         RSI       Trades      OI              OI Chg        OI Chg %    Acco L/S    Acco Chg    Acco Chg%   Acco L%     Acco S%     Posit L/S   Posit Chg   Posit Chg%  Posit L%    Posit S%    Global L/S  Global Chg  Global Chg% Global L%   Global S%
------------------------------------------------------------------------------------------------------------------------------------------------------------------------------------------------------------------------------------------------------------------------------------------------------------------------------------------------------------------------
2026-05-17 09:00:00 UTCUBUSDT      0.143380      16.17     20194       87494461.000000 0.000000      0.00        0.862500    0.000000    0.00        46.31       53.69       0.997400    0.000000    0.00        49.94       50.06       0.874400    0.000000    0.00        46.65       53.35
2026-05-17 09:15:00 UTCUBUSDT      0.143970      19.56     36164       88160680.000000 666219.000000 0.76        0.847700    -0.014800   -1.72       45.88       54.12       0.990600    -0.006800   -0.68       49.76       50.24       0.857700    -0.016700   -1.91       46.17       53.83
2026-05-17 09:30:00 UTCUBUSDT      0.145480      27.62     29610       87533394.000000 -627286.000000-0.71       0.844300    -0.003400   -0.40       45.78       54.22       0.981200    -0.009400   -0.95       49.52       50.48       0.877600    0.019900    2.32        46.74       53.26
2026-05-17 09:45:00 UTCUBUSDT      0.145220      27.11     36558       87655152.000000 121758.000000 0.14        0.836900    -0.007400   -0.88       45.56       54.44       0.977400    -0.003800   -0.39       49.43       50.57       0.877600    0.000000    0.00        46.74       53.26
2026-05-17 10:00:00 UTCUBUSDT      0.147790      38.97     31762       87873630.000000 218478.000000 0.25        0.843300    0.006400    0.76        45.75       54.25       0.982900    0.005500    0.56        49.57       50.43       0.881500    0.003900    0.44        46.85       53.15
2026-05-17 10:15:00 UTCUBUSDT      0.145060      32.85     31365       87966936.000000 93306.000000  0.11        0.838200    -0.005100   -0.60       45.60       54.40       0.972500    -0.010400   -1.06       49.30       50.70       0.885000    0.003500    0.40        46.95       53.05
2026-05-17 10:30:00 UTCUBUSDT      0.144430      31.62     21755       87966840.000000 -96.000000    -0.00       0.844700    0.006500    0.78        45.79       54.21       0.977700    0.005200    0.53        49.44       50.56       0.894300    0.009300    1.05        47.21       52.79
2026-05-17 10:45:00 UTCUBUSDT      0.143780      30.36     20825       87695744.000000 -271096.000000-0.31       0.848800    0.004100    0.49        45.91       54.09       0.983900    0.006200    0.63        49.59       50.41       0.890400    -0.003900   -0.44       47.10       52.90
2026-05-17 11:00:00 UTCUBUSDT      0.144450      33.32     21319       87857294.000000 161550.000000 0.18        0.846000    -0.002800   -0.33       45.83       54.17       0.983400    -0.000500   -0.05       49.58       50.42       0.881100    -0.009300   -1.04       46.84       53.16
2026-05-17 11:15:00 UTCUBUSDT      0.142820      29.98     16423       88014445.000000 157151.000000 0.18        0.838600    -0.007400   -0.87       45.61       54.39       0.979100    -0.004300   -0.44       49.47       50.53       0.877900    -0.003200   -0.36       46.75       53.25
2026-05-17 11:30:00 UTCUBUSDT      0.144190      35.80     14295       88403632.000000 389187.000000 0.44        0.846000    0.007400    0.88        45.83       54.17       0.976100    -0.003000   -0.31       49.40       50.60       0.885400    0.007500    0.85        46.96       53.04
2026-05-17 11:45:00 UTCUBUSDT      0.144240      36.01     12482       88230518.000000 -173114.000000-0.20       0.841300    -0.004700   -0.56       45.69       54.31       0.977700    0.001600    0.16        49.44       50.56       0.881100    -0.004300   -0.49       46.84       53.16
2026-05-17 12:00:00 UTCUBUSDT      0.144800      38.43     22004       88225735.000000 -4783.000000  -0.01       0.841300    0.000000    0.00        45.69       54.31       0.973000    -0.004700   -0.48       49.31       50.69       0.888200    0.007100    0.81        47.04       52.96
2026-05-17 12:15:00 UTCUBUSDT      0.145690      42.18     19505       87956110.000000 -269625.000000-0.31       0.849100    0.007800    0.93        45.92       54.08       0.971100    -0.001900   -0.20       49.27       50.73       0.897500    0.009300    1.05        47.30       52.70
2026-05-17 12:30:00 UTCUBUSDT      0.147140      47.75     22816       88604729.000000 648619.000000 0.74        0.852500    0.003400    0.40        46.02       53.98       0.987400    0.016300    1.68        49.68       50.32       0.904400    0.006900    0.77        47.49       52.51
2026-05-17 12:45:00 UTCUBUSDT      0.149600      55.58     30571       87829840.000000 -774889.000000-0.87       0.843000    -0.009500   -1.11       45.74       54.26       0.954500    -0.032900   -3.33       48.84       51.16       0.913500    0.009100    1.01        47.74       52.26
2026-05-17 13:00:00 UTCUBUSDT      0.145440      43.67     27222       87237807.000000 -592033.000000-0.67       0.838900    -0.004100   -0.49       45.62       54.38       0.943900    -0.010600   -1.11       48.56       51.44       0.922300    0.008800    0.96        47.98       52.02
2026-05-17 13:15:00 UTCUBUSDT      0.143590      39.60     29204       87262055.000000 24248.000000  0.03        0.847400    0.008500    1.01        45.87       54.13       0.951300    0.007400    0.78        48.75       51.25       0.921600    -0.000700   -0.08       47.96       52.04
2026-05-17 13:30:00 UTCUBUSDT      0.142370      37.15     22989       88167992.000000 905937.000000 1.04        0.857700    0.010300    1.22        46.17       53.83       0.974200    0.022900    2.41        49.35       50.65       0.928300    0.006700    0.73        48.14       51.86
2026-05-17 13:45:00 UTCUBUSDT      0.143400      40.50     18571       88400571.000000 232579.000000 0.26        0.862200    0.004500    0.52        46.30       53.70       0.970900    -0.003300   -0.34       49.26       50.74       0.917200    -0.011100   -1.20       47.84       52.16
2026-05-17 14:00:00 UTCUBUSDT      0.142850      39.30     24997       88886571.000000 486000.000000 0.55        0.861900    -0.000300   -0.03       46.29       53.71       0.975000    0.004100    0.42        49.37       50.63       0.925300    0.008100    0.88        48.06       51.94
2026-05-17 14:15:00 UTCUBUSDT      0.144370      44.24     21123       88527264.000000 -359307.000000-0.40       0.859100    -0.002800   -0.32       46.21       53.79       0.974100    -0.000900   -0.09       49.34       50.66       0.924200    -0.001100   -0.12       48.03       51.97
2026-05-17 14:30:00 UTCUBUSDT      0.141690      38.31     23295       88307190.000000 -220074.000000-0.25       0.854300    -0.004800   -0.56       46.07       53.93       0.975200    0.001100    0.11        49.37       50.63       0.922000    -0.002200   -0.24       47.97       52.03
2026-05-17 14:45:00 UTCUBUSDT      0.143990      45.11     20133       87779723.000000 -527467.000000-0.60       0.865000    0.010700    1.25        46.38       53.62       0.986300    0.011100    1.14        49.65       50.35       0.925300    0.003300    0.36        48.06       51.94
2026-05-17 15:00:00 UTCUBUSDT      0.146320      50.99     23670       87512863.000000 -266860.000000-0.30       0.852900    -0.012100   -1.40       46.03       53.97       0.980600    -0.005700   -0.58       49.51       50.49       0.906200    -0.019100   -2.06       47.54       52.46
2026-05-17 15:15:00 UTCUBUSDT      0.144910      47.66     26652       86408085.000000 -1104778.000000-1.26       0.853600    0.000700    0.08        46.05       53.95       0.981000    0.000400    0.04        49.52       50.48       0.911300    0.005100    0.56        47.68       52.32
2026-05-17 15:30:00 UTCUBUSDT      0.145820      49.94     20078       85759998.000000 -648087.000000-0.75       0.856300    0.002700    0.32        46.13       53.87       0.969100    -0.011900   -1.21       49.21       50.79       0.914200    0.002900    0.32        47.76       52.24
2026-05-17 15:45:00 UTCUBUSDT      0.148440      55.88     20873       85682782.000000 -77216.000000 -0.09       0.858700    0.002400    0.28        46.20       53.80       0.965600    -0.003500   -0.36       49.13       50.87       0.915000    0.000800    0.09        47.78       52.22
2026-05-17 16:00:00 UTCUBUSDT      0.147720      53.98     37811       85633798.000000 -48984.000000 -0.06       0.851500    -0.007200   -0.84       45.99       54.01       0.965600    0.000000    0.00        49.12       50.88       0.908400    -0.006600   -0.72       47.60       52.40
2026-05-17 16:15:00 UTCUBUSDT      0.147290      52.83     25304       84713655.000000 -920143.000000-1.07       0.848400    -0.003100   -0.36       45.90       54.10       0.956800    -0.008800   -0.91       48.90       51.10       0.898300    -0.010100   -1.11       47.32       52.68
2026-05-17 16:30:00 UTCUBUSDT      0.152420      62.98     40956       84879769.000000 166114.000000 0.20        0.842600    -0.005800   -0.68       45.73       54.27       0.967100    0.010300    1.08        49.16       50.84       0.893900    -0.004400   -0.49       47.20       52.80
2026-05-17 16:45:00 UTCUBUSDT      0.157200      69.56     38094       83758539.000000 -1121230.000000-1.32       0.837900    -0.004700   -0.56       45.59       54.41       0.954100    -0.013000   -1.34       48.83       51.17       0.894300    0.000400    0.04        47.21       52.79
2026-05-17 17:00:00 UTCUBUSDT      0.152520      58.59     47076       83303887.000000 -454652.000000-0.54       0.828200    -0.009700   -1.16       45.30       54.70       0.948000    -0.006100   -0.64       48.67       51.33       0.907700    0.013400    1.50        47.58       52.42
2026-05-17 17:15:00 UTCUBUSDT      0.151300      56.10     34857       83021131.000000 -282756.000000-0.34       0.844700    0.016500    1.99        45.79       54.21       0.965800    0.017800    1.88        49.13       50.87       0.915300    0.007600    0.84        47.79       52.21
2026-05-17 17:30:00 UTCUBUSDT      0.150430      54.33     24291       82836186.000000 -184945.000000-0.22       0.844000    -0.000700   -0.08       45.77       54.23       0.988000    0.022200    2.30        49.70       50.30       0.918300    0.003000    0.33        47.87       52.13
2026-05-17 17:45:00 UTCUBUSDT      0.151210      55.68     19854       82418248.000000 -417938.000000-0.50       0.844300    0.000300    0.04        45.78       54.22       0.989400    0.001400    0.14        49.73       50.27       0.929800    0.011500    1.25        48.18       51.82
2026-05-17 18:00:00 UTCUBUSDT      0.156720      63.82     31093       82291613.000000 -126635.000000-0.15       0.846700    0.002400    0.28        45.85       54.15       0.995000    0.005600    0.57        49.87       50.13       0.924900    -0.004900   -0.53       48.05       51.95
2026-05-17 18:15:00 UTCUBUSDT      0.157030      64.22     37723       82246616.000000 -44997.000000 -0.05       0.832200    -0.014500   -1.71       45.42       54.58       1.000800    0.005800    0.58        50.02       49.98       0.922300    -0.002600   -0.28       47.98       52.02
2026-05-17 18:30:00 UTCUBUSDT      0.159780      67.62     40356       82609304.000000 362688.000000 0.44        0.838600    0.006400    0.77        45.61       54.39       0.997300    -0.003500   -0.35       49.93       50.07       0.931200    0.008900    0.96        48.22       51.78
2026-05-17 18:45:00 UTCUBUSDT      0.163360      71.43     62107       82518705.000000 -90599.000000 -0.11       0.844300    0.005700    0.68        45.78       54.22       0.991500    -0.005800   -0.58       49.79       50.21       0.950100    0.018900    2.03        48.72       51.28
2026-05-17 19:00:00 UTCUBUSDT      0.160370      64.59     42775       82088757.000000 -429948.000000-0.52       0.854900    0.010600    1.26        46.09       53.91       0.992200    0.000700    0.07        49.81       50.19       0.967000    0.016900    1.78        49.16       50.84
2026-05-17 19:15:00 UTCUBUSDT      0.162130      66.62     34325       81311826.000000 -776931.000000-0.95       0.875800    0.020900    2.44        46.69       53.31       0.999300    0.007100    0.72        49.98       50.02       0.987300    0.020300    2.10        49.68       50.32
2026-05-17 19:30:00 UTCUBUSDT      0.162920      67.52     34117       80861201.000000 -450625.000000-0.55       0.873400    -0.002400   -0.27       46.62       53.38       0.997800    -0.001500   -0.15       49.94       50.06       0.982600    -0.004700   -0.48       49.56       50.44
2026-05-17 19:45:00 UTCUBUSDT      0.165050      69.87     23047       80731142.000000 -130059.000000-0.16       0.866700    -0.006700   -0.77       46.43       53.57       0.985200    -0.012600   -1.26       49.63       50.37       0.984100    0.001500    0.15        49.60       50.40
2026-05-17 20:00:00 UTCUBUSDT      0.167690      72.53     40590       80894694.000000 163552.000000 0.20        0.859400    -0.007300   -0.84       46.22       53.78       0.986600    0.001400    0.14        49.66       50.34       0.979800    -0.004300   -0.44       49.49       50.51
2026-05-17 20:15:00 UTCUBUSDT      0.171820      76.08     35408       80744221.000000 -150473.000000-0.19       0.856000    -0.003400   -0.40       46.12       53.88       0.975300    -0.011300   -1.15       49.38       50.62       0.989300    0.009500    0.97        49.73       50.27
2026-05-17 20:30:00 UTCUBUSDT      0.171920      76.16     36007       81042849.000000 298628.000000 0.37        0.847700    -0.008300   -0.97       45.88       54.12       0.978500    0.003200    0.33        49.46       50.54       0.982200    -0.007100   -0.72       49.55       50.45
2026-05-17 20:45:00 UTCUBUSDT      0.168970      68.81     42799       80877860.000000 -164989.000000-0.20       0.855600    0.007900    0.93        46.11       53.89       0.990200    0.011700    1.20        49.75       50.25       0.998000    0.015800    1.61        49.95       50.05
2026-05-17 21:00:00 UTCUBUSDT      0.165990      62.28     41229       80059506.000000 -818354.000000-1.01       0.859400    0.003800    0.44        46.22       53.78       1.004800    0.014600    1.47        50.12       49.88       0.983300    -0.014700   -1.47       49.58       50.42
2026-05-17 21:15:00 UTCUBUSDT      0.163660      57.66     18319       79729494.000000 -330012.000000-0.41       0.860800    0.001400    0.16        46.26       53.74       0.993400    -0.011400   -1.13       49.83       50.17       0.993200    0.009900    1.01        49.83       50.17
2026-05-17 21:30:00 UTCUBUSDT      0.166640      61.58     30370       80243950.000000 514456.000000 0.65        0.865300    0.004500    0.52        46.39       53.61       0.994000    0.000600    0.06        49.85       50.15       1.003600    0.010400    1.05        50.09       49.91
2026-05-17 21:45:00 UTCUBUSDT      0.168050      63.31     32600       79472968.000000 -770982.000000-0.96       0.844700    -0.020600   -2.38       45.79       54.21       0.981700    -0.012300   -1.24       49.54       50.46       0.981000    -0.022600   -2.25       49.52       50.48
2026-05-17 22:00:00 UTCUBUSDT      0.166240      59.60     39465       79805567.000000 332599.000000 0.42        0.846000    0.001300    0.15        45.83       54.17       0.986300    0.004600    0.47        49.66       50.34       0.987700    0.006700    0.68        49.69       50.31
2026-05-17 22:15:00 UTCUBUSDT      0.167890      61.80     27955       79427459.000000 -378108.000000-0.47       0.848100    0.002100    0.25        45.89       54.11       0.975400    -0.010900   -1.11       49.38       50.62       0.971600    -0.016100   -1.63       49.28       50.72
2026-05-17 22:30:00 UTCUBUSDT      0.168900      63.12     21080       79754851.000000 327392.000000 0.41        0.826200    -0.021900   -2.58       45.24       54.76       0.977400    0.002000    0.21        49.43       50.57       0.961200    -0.010400   -1.07       49.01       50.99
2026-05-17 22:45:00 UTCUBUSDT      0.172120      67.04     30291       79603571.000000 -151280.000000-0.19       0.825500    -0.000700   -0.08       45.22       54.78       0.973800    -0.003600   -0.37       49.34       50.66       0.956600    -0.004600   -0.48       48.89       51.11
2026-05-17 23:00:00 UTCUBUSDT      0.171420      65.41     26142       79954488.000000 350917.000000 0.44        0.822200    -0.003300   -0.40       45.12       54.88       0.976500    0.002700    0.28        49.40       50.60       0.958500    0.001900    0.20        48.94       51.06
2026-05-17 23:15:00 UTCUBUSDT      0.170320      62.83     36226       80016470.000000 61982.000000  0.08        0.835500    0.013300    1.62        45.52       54.48       0.975100    -0.001400   -0.14       49.37       50.63       0.973200    0.014700    1.53        49.32       50.68
2026-05-17 23:30:00 UTCUBUSDT      0.169500      60.90     46403       79883039.000000 -133431.000000-0.17       0.835900    0.000400    0.05        45.53       54.47       0.970600    -0.004500   -0.46       49.26       50.74       0.979000    0.005800    0.60        49.47       50.53
2026-05-17 23:45:00 UTCUBUSDT      0.161060      45.44     67880       79781103.000000 -101936.000000-0.13       0.828800    -0.007100   -0.85       45.32       54.68       0.949400    -0.021200   -2.18       48.70       51.30       0.969300    -0.009700   -0.99       49.22       50.78
2026-05-18 00:00:00 UTCUBUSDT      0.156030      39.07     47608       78912732.000000 -868371.000000-1.09       0.840900    0.012100    1.46        45.68       54.32       0.987600    0.038200    4.02        49.69       50.31       0.968900    -0.000400   -0.04       49.21       50.79
2026-05-18 00:15:00 UTCUBUSDT      0.161810      48.08     53361       79309300.000000 396568.000000 0.50        0.818500    -0.022400   -2.66       45.01       54.99       0.979700    -0.007900   -0.80       49.49       50.51       0.928300    -0.040600   -4.19       48.14       51.86
2026-05-18 00:30:00 UTCUBUSDT      0.157680      43.17     42452       79921460.000000 612160.000000 0.77        0.815500    -0.003000   -0.37       44.92       55.08       0.967500    -0.012200   -1.25       49.17       50.83       0.929400    0.001100    0.12        48.17       51.83
2026-05-18 00:45:00 UTCUBUSDT      0.162520      49.65     37667       79970104.000000 48644.000000  0.06        0.819500    0.004000    0.49        45.04       54.96       0.972300    0.004800    0.50        49.30       50.70       0.930100    0.000700    0.08        48.19       51.81
2026-05-18 01:00:00 UTCUBUSDT      0.163300      50.63     38320       80685903.000000 715799.000000 0.90        0.800500    -0.019000   -2.32       44.46       55.54       0.956800    -0.015500   -1.59       48.90       51.10       0.919800    -0.010300   -1.11       47.91       52.09
2026-05-18 01:15:00 UTCUBUSDT      0.162300      49.31     29593       81407795.000000 721892.000000 0.89        0.816500    0.016000    2.00        44.95       55.05       0.957000    0.000200    0.02        48.90       51.10       0.926000    0.006200    0.67        48.08       51.92
2026-05-18 01:30:00 UTCUBUSDT      0.164200      51.88     26583       81723376.000000 315581.000000 0.39        0.816500    0.000000    0.00        44.95       55.05       0.965200    0.008200    0.86        49.11       50.89       0.922700    -0.003300   -0.36       47.99       52.01
2026-05-18 01:45:00 UTCUBUSDT      0.160250      46.59     21626       81888990.000000 165614.000000 0.20        0.823800    0.007300    0.89        45.17       54.83       0.969600    0.004400    0.46        49.23       50.77       0.935700    0.013000    1.41        48.34       51.66
2026-05-18 02:00:00 UTCUBUSDT      0.158480      44.40     23327       81644615.000000 -244375.000000-0.30       0.838900    0.015100    1.83        45.62       54.38       0.974500    0.004900    0.51        49.35       50.65       0.946300    0.010600    1.13        48.62       51.38
2026-05-18 02:15:00 UTCUBUSDT      0.157120      42.74     19526       80947780.000000 -696835.000000-0.85       0.847100    0.008200    0.98        45.86       54.14       0.977400    0.002900    0.30        49.43       50.57       0.945500    -0.000800   -0.08       48.60       51.40
2026-05-18 02:30:00 UTCUBUSDT      0.153000      38.10     27553       80434938.000000 -512842.000000-0.63       0.839200    -0.007900   -0.93       45.63       54.37       0.976900    -0.000500   -0.05       49.41       50.59       0.939900    -0.005600   -0.59       48.45       51.55
2026-05-18 02:45:00 UTCUBUSDT      0.154300      40.30     25975       80245426.000000 -189512.000000-0.24       0.840600    0.001400    0.17        45.67       54.33       0.977800    0.000900    0.09        49.44       50.56       0.935400    -0.004500   -0.48       48.33       51.67
2026-05-18 03:00:00 UTCUBUSDT      0.153080      38.90     24735       80305144.000000 59718.000000  0.07        0.837600    -0.003000   -0.36       45.58       54.42       0.977200    -0.000600   -0.06       49.42       50.58       0.929000    -0.006400   -0.68       48.16       51.84
2026-05-18 03:15:00 UTCUBUSDT      0.152720      38.48     17600       80145843.000000 -159301.000000-0.20       0.833200    -0.004400   -0.53       45.45       54.55       0.970200    -0.007000   -0.72       49.24       50.76       0.923800    -0.005200   -0.56       48.02       51.98
2026-05-18 03:30:00 UTCUBUSDT      0.152060      37.67     17738       79928378.000000 -217465.000000-0.27       0.820200    -0.013000   -1.56       45.06       54.94       0.970500    0.000300    0.03        49.25       50.75       0.899700    -0.024100   -2.61       47.36       52.64
2026-05-18 03:45:00 UTCUBUSDT      0.154390      42.30     18617       80087804.000000 159426.000000 0.20        0.825200    0.005000    0.61        45.21       54.79       0.966800    -0.003700   -0.38       49.16       50.84       0.909100    0.009400    1.04        47.62       52.38
2026-05-18 04:00:00 UTCUBUSDT      0.152390      39.58     17511       80425567.000000 337763.000000 0.42        0.810600    -0.014600   -1.77       44.77       55.23       0.962600    -0.004200   -0.43       49.05       50.95       0.897900    -0.011200   -1.23       47.31       52.69
2026-05-18 04:15:00 UTCUBUSDT      0.156860      47.67     23124       80342125.000000 -83442.000000 -0.10       0.814900    0.004300    0.53        44.90       55.10       0.964000    0.001400    0.15        49.08       50.92       0.898600    0.000700    0.08        47.33       52.67
2026-05-18 04:30:00 UTCUBUSDT      0.154000      43.64     26838       80135667.000000 -206458.000000-0.26       0.816500    0.001600    0.20        44.95       55.05       0.955800    -0.008200   -0.85       48.87       51.13       0.913900    0.015300    1.70        47.75       52.25
2026-05-18 04:45:00 UTCUBUSDT      0.154410      44.37     19658       80008144.000000 -127523.000000-0.16       0.819800    0.003300    0.40        45.05       54.95       0.958900    0.003100    0.32        48.95       51.05       0.914200    0.000300    0.03        47.76       52.24
2026-05-18 05:00:00 UTCUBUSDT      0.152900      42.21     21284       79802605.000000 -205539.000000-0.26       0.822500    0.002700    0.33        45.13       54.87       0.961800    0.002900    0.30        49.03       50.97       0.914600    0.000400    0.04        47.77       52.23
2026-05-18 05:15:00 UTCUBUSDT      0.151130      39.77     20735       79547374.000000 -255231.000000-0.32       0.818200    -0.004300   -0.52       45.00       55.00       0.961700    -0.000100   -0.01       49.02       50.98       0.911300    -0.003300   -0.36       47.68       52.32
2026-05-18 05:30:00 UTCUBUSDT      0.150560      38.99     19047       78968567.000000 -578807.000000-0.73       0.833200    0.015000    1.83        45.45       54.55       0.963300    0.001600    0.17        49.06       50.94       0.920500    0.009200    1.01        47.93       52.07
2026-05-18 05:45:00 UTCUBUSDT      0.148230      35.89     18173       78828878.000000 -139689.000000-0.18       0.832500    -0.000700   -0.08       45.43       54.57       0.967800    0.004500    0.47        49.18       50.82       0.903300    -0.017200   -1.87       47.46       52.54
2026-05-18 06:00:00 UTCUBUSDT      0.143150      30.24     44485       78876165.000000 47287.000000  0.06        0.829200    -0.003300   -0.40       45.33       54.67       0.964700    -0.003100   -0.32       49.10       50.90       0.897900    -0.005400   -0.60       47.31       52.69
2026-05-18 06:15:00 UTCUBUSDT      0.151730      45.77     44052       79283302.000000 407137.000000 0.52        0.860800    0.031600    3.81        46.26       53.74       0.970400    0.005700    0.59        49.25       50.75       0.922000    0.024100    2.68        47.97       52.03
2026-05-18 06:30:00 UTCUBUSDT      0.150580      44.35     28576       79016489.000000 -266813.000000-0.34       0.820500    -0.040300   -4.68       45.07       54.93       0.958700    -0.011700   -1.21       48.95       51.05       0.893900    -0.028100   -3.05       47.20       52.80
2026-05-18 06:45:00 UTCUBUSDT      0.145580      38.70     24201       79335590.000000 319101.000000 0.40        0.822800    0.002300    0.28        45.14       54.86       0.952100    -0.006600   -0.69       48.77       51.23       0.893600    -0.000300   -0.03       47.19       52.81
2026-05-18 07:00:00 UTCUBUSDT      0.149030      44.00     27602       79365742.000000 30152.000000  0.04        0.830200    0.007400    0.90        45.36       54.64       0.955800    0.003700    0.39        48.87       51.13       0.893200    -0.000400   -0.04       47.18       52.82
2026-05-18 07:15:00 UTCUBUSDT      0.147970      42.77     17297       80018573.000000 652831.000000 0.82        0.830200    0.000000    0.00        45.36       54.64       0.951300    -0.004500   -0.47       48.75       51.25       0.896500    0.003300    0.37        47.27       52.73
2026-05-18 07:30:00 UTCUBUSDT      0.147080      41.73     13392       80339595.000000 321022.000000 0.40        0.834500    0.004300    0.52        45.49       54.51       0.945200    -0.006100   -0.64       48.59       51.41       0.896800    0.000300    0.03        47.28       52.72
2026-05-18 07:45:00 UTCUBUSDT      0.146870      41.47     13763       80172833.000000 -166762.000000-0.21       0.850800    0.016300    1.95        45.97       54.03       0.949100    0.003900    0.41        48.69       51.31       0.906900    0.010100    1.13        47.56       52.44
2026-05-18 08:00:00 UTCUBUSDT      0.146560      41.06     16256       79928597.000000 -244236.000000-0.30       0.851900    0.001100    0.13        46.00       54.00       0.949000    -0.000100   -0.01       48.69       51.31       0.908400    0.001500    0.17        47.60       52.40
2026-05-18 08:15:00 UTCUBUSDT      0.145730      39.94     13677       79719478.000000 -209119.000000-0.26       0.858400    0.006500    0.76        46.19       53.81       0.949400    0.000400    0.04        48.70       51.30       0.914600    0.006200    0.68        47.77       52.23
2026-05-18 08:30:00 UTCUBUSDT      0.145480      39.59     12899       79541060.000000 -178418.000000-0.22       0.850500    -0.007900   -0.92       45.96       54.04       0.951600    0.002200    0.23        48.76       51.24       0.911300    -0.003300   -0.36       47.68       52.32
2026-05-18 08:45:00 UTCUBUSDT      0.146440      41.71     22645       79523970.000000 -17090.000000 -0.02       0.859100    0.008600    1.01        46.21       53.79       0.950800    -0.000800   -0.08       48.74       51.26       0.918300    0.007000    0.77        47.87       52.13
2026-05-18 09:00:00 UTCUBUSDT      0.146510      41.87     29486       79486780.000000 -37190.000000 -0.05       0.867400    0.008300    0.97        46.45       53.55       0.954100    0.003300    0.35        48.82       51.18       0.939500    0.021200    2.31        48.44       51.56
2026-05-18 09:15:00 UTCUBUSDT      0.150890      50.95     23285       79409638.000000 -77142.000000 -0.10       0.865300    -0.002100   -0.24       46.39       53.61       0.957400    0.003300    0.35        48.91       51.09       0.939900    0.000400    0.04        48.45       51.55
2026-05-18 09:30:00 UTCUBUSDT      0.154130      56.37     41137       79602316.000000 192678.000000 0.24        0.861900    -0.003400   -0.39       46.29       53.71       0.942100    -0.015300   -1.60       48.51       51.49       0.947400    0.007500    0.80        48.65       51.35
2026-05-18 09:45:00 UTCUBUSDT      0.152790      53.72     26760       79395144.000000 -207172.000000-0.26       0.847700    -0.014200   -1.65       45.88       54.12       0.941700    -0.000400   -0.04       48.50       51.50       0.951200    0.003800    0.40        48.75       51.25
2026-05-18 10:00:00 UTCUBUSDT      0.151780      51.75     20071       79083176.000000 -311968.000000-0.39       0.861500    0.013800    1.63        46.28       53.72       0.941200    -0.000500   -0.05       48.49       51.51       0.964300    0.013100    1.38        49.09       50.91
2026-05-18 10:15:00 UTCUBUSDT      0.154370      56.19     30727       78605794.000000 -477382.000000-0.60       0.857000    -0.004500   -0.52       46.15       53.85       0.941700    0.000500    0.05        48.50       51.50       0.955000    -0.009300   -0.96       48.85       51.15
2026-05-18 10:30:00 UTCUBUSDT      0.155530      58.06     22894       78681643.000000 75849.000000  0.10        0.860500    0.003500    0.41        46.25       53.75       0.934700    -0.007000   -0.74       48.31       51.69       0.972000    0.017000    1.78        49.29       50.71
2026-05-18 10:45:00 UTCUBUSDT      0.153280      53.32     19906       78936723.000000 255080.000000 0.32        0.865300    0.004800    0.56        46.39       53.61       0.938300    0.003600    0.39        48.41       51.59       0.976700    0.004700    0.48        49.41       50.59
2026-05-18 11:00:00 UTCUBUSDT      0.155880      57.62     27332       79029965.000000 93242.000000  0.12        0.877900    0.012600    1.46        46.75       53.25       0.945700    0.007400    0.79        48.60       51.40       0.981400    0.004700    0.48        49.53       50.47
2026-05-18 11:15:00 UTCUBUSDT      0.154820      55.38     20827       79108951.000000 78986.000000  0.10        0.876500    -0.001400   -0.16       46.71       53.29       0.943800    -0.001900   -0.20       48.55       51.45       0.992800    0.011400    1.16        49.82       50.18
2026-05-18 11:30:00 UTCUBUSDT      0.156260      57.78     24265       78866821.000000 -242130.000000-0.31       0.880100    0.003600    0.41        46.81       53.19       0.947500    0.003700    0.39        48.65       51.35       1.004800    0.012000    1.21        50.12       49.88
2026-05-18 11:45:00 UTCUBUSDT      0.157690      60.08     19969       78917117.000000 50296.000000  0.06        0.881100    0.001000    0.11        46.84       53.16       0.946800    -0.000700   -0.07       48.63       51.37       0.999200    -0.005600   -0.56       49.98       50.02
2026-05-18 12:00:00 UTCUBUSDT      0.158990      62.10     32668       78771885.000000 -145232.000000-0.18       0.888600    0.007500    0.85        47.05       52.95       0.947700    0.000900    0.10        48.66       51.34       1.006800    0.007600    0.76        50.17       49.83
2026-05-18 12:15:00 UTCUBUSDT      0.160480      64.33     27751       78359029.000000 -412856.000000-0.52       0.905900    0.017300    1.95        47.53       52.47       0.943700    -0.004000   -0.42       48.55       51.45       1.029200    0.022400    2.22        50.72       49.28
2026-05-18 12:30:00 UTCUBUSDT      0.158190      58.63     35735       78472234.000000 113205.000000 0.14        0.911300    0.005400    0.60        47.68       52.32       0.950700    0.007000    0.74        48.74       51.26       1.040800    0.011600    1.13        51.00       49.00
2026-05-18 12:45:00 UTCUBUSDT      0.156750      55.30     26345       78030760.000000 -441474.000000-0.56       0.929400    0.018100    1.99        48.17       51.83       0.946000    -0.004700   -0.49       48.61       51.39       1.063600    0.022800    2.19        51.54       48.46
2026-05-18 13:00:00 UTCUBUSDT      0.155280      52.06     27473       78556766.000000 526006.000000 0.67        0.919000    -0.010400   -1.12       47.89       52.11       0.943200    -0.002800   -0.30       48.54       51.46       1.039200    -0.024400   -2.29       50.96       49.04
2026-05-18 13:15:00 UTCUBUSDT      0.152060      45.74     33805       78576064.000000 19298.000000  0.02        0.912000    -0.007000   -0.76       47.70       52.30       0.942500    -0.000700   -0.07       48.52       51.48       1.040000    0.000800    0.08        50.98       49.02
2026-05-18 13:30:00 UTCUBUSDT      0.151510      44.74     22012       78209661.000000 -366403.000000-0.47       0.929800    0.017800    1.95        48.18       51.82       0.945800    0.003300    0.35        48.61       51.39       1.026800    -0.013200   -1.27       50.66       49.34
2026-05-18 13:45:00 UTCUBUSDT      0.151070      43.91     22386       78633386.000000 423725.000000 0.54        0.920900    -0.008900   -0.96       47.94       52.06       0.945100    -0.000700   -0.07       48.59       51.41       1.016100    -0.010700   -1.04       50.40       49.60
2026-05-18 14:00:00 UTCUBUSDT      0.148020      38.59     34565       78688084.000000 54698.000000  0.07        0.924900    0.004000    0.43        48.05       51.95       0.950300    0.005200    0.55        48.73       51.27       1.021800    0.005700    0.56        50.54       49.46
2026-05-18 14:15:00 UTCUBUSDT      0.149650      42.59     32123       79045650.000000 357566.000000 0.45        0.953900    0.029000    3.14        48.82       51.18       0.960600    0.010300    1.08        48.99       51.01       1.027600    0.005800    0.57        50.68       49.32
2026-05-18 14:30:00 UTCUBUSDT      0.151180      46.14     26472       78779528.000000 -266122.000000-0.34       0.937600    -0.016300   -1.71       48.39       51.61       0.961400    0.000800    0.08        49.02       50.98       1.026300    -0.001300   -0.13       50.65       49.35
2026-05-18 14:45:00 UTCUBUSDT      0.150220      44.29     19120       78319709.000000 -459819.000000-0.58       0.933900    -0.003700   -0.39       48.29       51.71       0.959600    -0.001800   -0.19       48.97       51.03       1.023500    -0.002800   -0.27       50.58       49.42
2026-05-18 15:00:00 UTCUBUSDT      0.146900      38.54     22009       78474649.000000 154940.000000 0.20        0.935400    0.001500    0.16        48.33       51.67       0.955800    -0.003800   -0.40       48.87       51.13       1.027200    0.003700    0.36        50.67       49.33
2026-05-18 15:15:00 UTCUBUSDT      0.145130      35.86     24389       78249811.000000 -224838.000000-0.29       0.960400    0.025000    2.67        48.99       51.01       0.958800    0.003000    0.31        48.95       51.05       1.054700    0.027500    2.68        51.33       48.67
2026-05-18 15:30:00 UTCUBUSDT      0.143090      33.01     19288       78432336.000000 182525.000000 0.23        0.973900    0.013500    1.41        49.34       50.66       0.970200    0.011400    1.19        49.24       50.76       1.061900    0.007200    0.68        51.50       48.50
2026-05-18 15:45:00 UTCUBUSDT      0.142520      32.24     24673       78621010.000000 188674.000000 0.24        0.989300    0.015400    1.58        49.73       50.27       0.977500    0.007300    0.75        49.43       50.57       1.072500    0.010600    1.00        51.75       48.25
2026-05-18 16:00:00 UTCUBUSDT      0.144930      38.75     28299       78828629.000000 207619.000000 0.26        0.998000    0.008700    0.88        49.95       50.05       0.971600    -0.005900   -0.60       49.28       50.72       1.083300    0.010800    1.01        52.00       48.00
2026-05-18 16:15:00 UTCUBUSDT      0.142080      34.53     19658       79197962.000000 369333.000000 0.47        0.990400    -0.007600   -0.76       49.76       50.24       0.969100    -0.002500   -0.26       49.22       50.78       1.072100    -0.011200   -1.03       51.74       48.26
2026-05-18 16:30:00 UTCUBUSDT      0.138450      30.04     35232       79378290.000000 180328.000000 0.23        0.998000    0.007600    0.77        49.95       50.05       0.963100    -0.006000   -0.62       49.06       50.94       1.084600    0.012500    1.17        52.03       47.97
2026-05-18 16:45:00 UTCUBUSDT      0.139290      32.23     26108       79334456.000000 -43834.000000 -0.06       1.025500    0.027500    2.76        50.63       49.37       0.967200    0.004100    0.43        49.17       50.83       1.068300    -0.016300   -1.50       51.65       48.35
2026-05-18 17:00:00 UTCUBUSDT      0.136960      29.47     30344       79614638.000000 280182.000000 0.35        0.998000    -0.027500   -2.68       49.95       50.05       0.959800    -0.007400   -0.77       48.97       51.03       1.048300    -0.020000   -1.87       51.18       48.82
2026-05-18 17:15:00 UTCUBUSDT      0.139220      35.27     29416       80008709.000000 394071.000000 0.49        1.006000    0.008000    0.80        50.15       49.85       0.956500    -0.003300   -0.34       48.89       51.11       1.042900    -0.005400   -0.52       51.05       48.95
2026-05-18 17:30:00 UTCUBUSDT      0.139520      36.02     24669       79670122.000000 -338587.000000-0.42       0.989700    -0.016300   -1.62       49.74       50.26       0.953400    -0.003100   -0.32       48.81       51.19       1.032500    -0.010400   -1.00       50.80       49.20
2026-05-18 17:45:00 UTCUBUSDT      0.139940      37.12     22658       79480621.000000 -189501.000000-0.24       0.982200    -0.007500   -0.76       49.55       50.45       0.952200    -0.001200   -0.13       48.78       51.22       1.039600    0.007100    0.69        50.97       49.03
2026-05-18 18:00:00 UTCUBUSDT      0.137200      33.12     24793       79532023.000000 51402.000000  0.06        0.980600    -0.001600   -0.16       49.51       50.49       0.948300    -0.003900   -0.41       48.67       51.33       1.045800    0.006200    0.60        51.12       48.88
2026-05-18 18:15:00 UTCUBUSDT      0.140720      41.80     28145       79541405.000000 9382.000000   0.01        0.980600    0.000000    0.00        49.51       50.49       0.946300    -0.002000   -0.21       48.62       51.38       1.045000    -0.000800   -0.08       51.10       48.90
2026-05-18 18:30:00 UTCUBUSDT      0.140420      41.31     17300       79388913.000000 -152492.000000-0.19       0.972000    -0.008600   -0.88       49.29       50.71       0.942000    -0.004300   -0.45       48.51       51.49       1.037100    -0.007900   -0.76       50.91       49.09
2026-05-18 18:45:00 UTCUBUSDT      0.139260      39.38     12644       79437214.000000 48301.000000  0.06        0.967700    -0.004300   -0.44       49.18       50.82       0.941800    -0.000200   -0.02       48.50       51.50       1.041200    0.004100    0.40        51.01       48.99
2026-05-18 19:00:00 UTCUBUSDT      0.139500      40.00     18174       79414312.000000 -22902.000000 -0.03       0.975100    0.007400    0.76        49.37       50.63       0.938700    -0.003100   -0.33       48.42       51.58       1.055100    0.013900    1.33        51.34       48.66
2026-05-18 19:15:00 UTCUBUSDT      0.138770      38.69     10527       79384646.000000 -29666.000000 -0.04       0.971600    -0.003500   -0.36       49.28       50.72       0.939000    0.000300    0.03        48.43       51.57       1.059700    0.004600    0.44        51.45       48.55
2026-05-18 19:30:00 UTCUBUSDT      0.139560      40.94     9503        79362812.000000 -21834.000000 -0.03       0.978200    0.006600    0.68        49.45       50.55       0.942700    0.003700    0.39        48.53       51.47       1.061400    0.001700    0.16        51.49       48.51
2026-05-18 19:45:00 UTCUBUSDT      0.138340      38.59     8033        79431350.000000 68538.000000  0.09        0.967700    -0.010500   -1.07       49.18       50.82       0.944800    0.002100    0.22        48.58       51.42       1.042100    -0.019300   -1.82       51.03       48.97
2026-05-18 20:00:00 UTCUBUSDT      0.140340      44.25     13329       79443014.000000 11664.000000  0.01        0.960000    -0.007700   -0.80       48.98       51.02       0.944900    0.000100    0.01        48.58       51.42       1.042500    0.000400    0.04        51.04       48.96
2026-05-18 20:15:00 UTCUBUSDT      0.139760      43.01     8547        79470543.000000 27529.000000  0.03        0.960400    0.000400    0.04        48.99       51.01       0.947200    0.002300    0.24        48.65       51.35       1.034200    -0.008300   -0.80       50.84       49.16
2026-05-18 20:30:00 UTCUBUSDT      0.139960      43.59     17612       79582267.000000 111724.000000 0.14        0.960400    0.000000    0.00        48.99       51.01       0.947200    0.000000    0.00        48.64       51.36       1.034200    0.000000    0.00        50.84       49.16
2026-05-18 20:45:00 UTCUBUSDT      0.138640      40.63     17201       79426321.000000 -155946.000000-0.20       0.954300    -0.006100   -0.64       48.83       51.17       0.943500    -0.003700   -0.39       48.55       51.45       1.035800    0.001600    0.15        50.88       49.12
2026-05-18 21:00:00 UTCUBUSDT      0.141760      49.40     9857        79496259.000000 69938.000000  0.09        0.954300    0.000000    0.00        48.83       51.17       0.945300    0.001800    0.19        48.59       51.41       1.029600    -0.006200   -0.60       50.73       49.27
2026-05-18 21:15:00 UTCUBUSDT      0.139820      44.95     6898        79322352.000000 -173907.000000-0.22       0.955800    0.001500    0.16        48.87       51.13       0.948700    0.003400    0.36        48.68       51.32       1.031700    0.002100    0.20        50.78       49.22
2026-05-18 21:30:00 UTCUBUSDT      0.137930      41.07     9208        79159981.000000 -162371.000000-0.20       0.961200    0.005400    0.56        49.01       50.99       0.951500    0.002800    0.30        48.76       51.24       1.035000    0.003300    0.32        50.86       49.14
2026-05-18 21:45:00 UTCUBUSDT      0.136890      39.07     14900       78990650.000000 -169331.000000-0.21       0.964300    0.003100    0.32        49.09       50.91       0.965100    0.013600    1.43        49.11       50.89       1.032500    -0.002500   -0.24       50.80       49.20
2026-05-18 22:00:00 UTCUBUSDT      0.137310      40.34     20535       78671628.000000 -319022.000000-0.40       0.963100    -0.001200   -0.12       49.06       50.94       0.968700    0.003600    0.37        49.21       50.79       1.031300    -0.001200   -0.12       50.77       49.23
2026-05-18 22:15:00 UTCUBUSDT      0.137240      40.19     8834        78260279.000000 -411349.000000-0.52       0.953500    -0.009600   -1.00       48.81       51.19       0.979600    0.010900    1.13        49.49       50.51       1.010900    -0.020400   -1.98       50.27       49.73
2026-05-18 22:30:00 UTCUBUSDT      0.136250      38.04     7682        78205970.000000 -54309.000000 -0.07       0.949700    -0.003800   -0.40       48.71       51.29       0.979700    0.000100    0.01        49.49       50.51       1.006800    -0.004100   -0.41       50.17       49.83
2026-05-18 22:45:00 UTCUBUSDT      0.136360      38.43     7488        78333894.000000 127924.000000 0.16        0.947000    -0.002700   -0.28       48.64       51.36       0.981700    0.002000    0.20        49.54       50.46       1.002800    -0.004000   -0.40       50.07       49.93
2026-05-18 23:00:00 UTCUBUSDT      0.136240      38.15     8519        78396766.000000 62872.000000  0.08        0.946300    -0.000700   -0.07       48.62       51.38       0.980000    -0.001700   -0.17       49.50       50.50       0.998400    -0.004400   -0.44       49.96       50.04
2026-05-18 23:15:00 UTCUBUSDT      0.136310      38.44     6590        78602055.000000 205289.000000 0.26        0.952000    0.005700    0.60        48.77       51.23       0.977700    -0.002300   -0.23       49.44       50.56       1.007200    0.008800    0.88        50.18       49.82
2026-05-18 23:30:00 UTCUBUSDT      0.136550      39.47     5980        78601224.000000 -831.000000   -0.00       0.944800    -0.007200   -0.76       48.58       51.42       0.980800    0.003100    0.32        49.52       50.48       0.998400    -0.008800   -0.87       49.96       50.04
2026-05-18 23:45:00 UTCUBUSDT      0.136950      41.24     7356        78564553.000000 -36671.000000 -0.05       0.946300    0.001500    0.16        48.62       51.38       0.983700    0.002900    0.30        49.59       50.41       0.992800    -0.005600   -0.56       49.82       50.18
2026-05-19 00:00:00 UTCUBUSDT      0.138220      46.59     15206       78349617.000000 -214936.000000-0.27       0.954700    0.008400    0.89        48.84       51.16       0.982300    -0.001400   -0.14       49.55       50.45       0.997600    0.004800    0.48        49.94       50.06
2026-05-19 00:15:00 UTCUBUSDT      0.137770      45.03     13420       78035671.000000 -313946.000000-0.40       0.956600    0.001900    0.20        48.89       51.11       0.985600    0.003300    0.34        49.64       50.36       1.009200    0.011600    1.16        50.23       49.77
2026-05-19 00:30:00 UTCUBUSDT      0.137230      43.16     8913        77910109.000000 -125562.000000-0.16       0.957700    0.001100    0.11        48.92       51.08       0.992400    0.006800    0.69        49.81       50.19       1.014500    0.005300    0.53        50.36       49.64
2026-05-19 00:45:00 UTCUBUSDT      0.135670      38.21     11860       77931984.000000 21875.000000  0.03        0.960000    0.002300    0.24        48.98       51.02       0.995100    0.002700    0.27        49.88       50.12       1.014900    0.000400    0.04        50.37       49.63
2026-05-19 01:00:00 UTCUBUSDT      0.136510      42.06     10640       77896921.000000 -35063.000000 -0.04       0.956200    -0.003800   -0.40       48.88       51.12       0.998200    0.003100    0.31        49.96       50.04       1.006400    -0.008500   -0.84       50.16       49.84
2026-05-19 01:15:00 UTCUBUSDT      0.134680      36.70     16299       77984931.000000 88010.000000  0.11        0.957300    0.001100    0.12        48.91       51.09       0.996500    -0.001700   -0.17       49.91       50.09       0.999200    -0.007200   -0.72       49.98       50.02
2026-05-19 01:30:00 UTCUBUSDT      0.135210      39.12     13507       77821313.000000 -163618.000000-0.21       0.961200    0.003900    0.41        49.01       50.99       0.998100    0.001600    0.16        49.95       50.05       0.982200    -0.017000   -1.70       49.55       50.45
2026-05-19 01:45:00 UTCUBUSDT      0.134480      37.02     8101        77977952.000000 156639.000000 0.20        0.937600    -0.023600   -2.46       48.39       51.61       1.002900    0.004800    0.48        50.07       49.93       0.963900    -0.018300   -1.86       49.08       50.92
2026-05-19 02:00:00 UTCUBUSDT      0.135680      42.49     10230       78007964.000000 30012.000000  0.04        0.929000    -0.008600   -0.92       48.16       51.84       1.007100    0.004200    0.42        50.18       49.82       0.947800    -0.016100   -1.67       48.66       51.34
2026-05-19 02:15:00 UTCUBUSDT      0.135350      41.42     9090        78044550.000000 36586.000000  0.05        0.929400    0.000400    0.04        48.17       51.83       1.014800    0.007700    0.76        50.37       49.63       0.943600    -0.004200   -0.44       48.55       51.45
2026-05-19 02:30:00 UTCUBUSDT      0.134710      39.36     7023        77868435.000000 -176115.000000-0.23       0.927500    -0.001900   -0.20       48.12       51.88       1.019200    0.004400    0.43        50.47       49.53       0.942500    -0.001100   -0.12       48.52       51.48
2026-05-19 02:45:00 UTCUBUSDT      0.133720      36.35     8884        77942309.000000 73874.000000  0.09        0.922300    -0.005200   -0.56       47.98       52.02       1.017200    -0.002000   -0.20       50.43       49.57       0.944000    0.001500    0.16        48.56       51.44
2026-05-19 03:00:00 UTCUBUSDT      0.134920      42.13     8807        78067153.000000 124844.000000 0.16        0.923400    0.001100    0.12        48.01       51.99       1.022500    0.005300    0.52        50.56       49.44       0.930500    -0.013500   -1.43       48.20       51.80
2026-05-19 03:15:00 UTCUBUSDT      0.134450      40.57     6538        78201301.000000 134148.000000 0.17        0.923400    0.000000    0.00        48.01       51.99       1.032000    0.009500    0.93        50.79       49.21       0.927500    -0.003000   -0.32       48.12       51.88
2026-05-19 03:30:00 UTCUBUSDT      0.134060      39.28     6484        77814816.000000 -386485.000000-0.49       0.923800    0.000400    0.04        48.02       51.98       1.032600    0.000600    0.06        50.80       49.20       0.927200    -0.000300   -0.03       48.11       51.89
2026-05-19 03:45:00 UTCUBUSDT      0.135430      45.82     7586        77876384.000000 61568.000000  0.08        0.923400    -0.000400   -0.04       48.01       51.99       1.036400    0.003800    0.37        50.89       49.11       0.926000    -0.001200   -0.13       48.08       51.92
2026-05-19 04:00:00 UTCUBUSDT      0.135580      46.50     13580       77897785.000000 21401.000000  0.03        0.924900    0.001500    0.16        48.05       51.95       1.035800    -0.000600   -0.06       50.88       49.12       0.932700    0.006700    0.72        48.26       51.74
2026-05-19 04:15:00 UTCUBUSDT      0.136830      51.91     8906        77784216.000000 -113569.000000-0.15       0.914200    -0.010700   -1.16       47.76       52.24       1.031600    -0.004200   -0.41       50.78       49.22       0.929400    -0.003300   -0.35       48.17       51.83
2026-05-19 04:30:00 UTCUBUSDT      0.139820      61.85     16507       77830606.000000 46390.000000  0.06        0.908000    -0.006200   -0.68       47.59       52.41       1.020700    -0.010900   -1.06       50.51       49.49       0.926800    -0.002600   -0.28       48.10       51.90
2026-05-19 04:45:00 UTCUBUSDT      0.140480      63.64     17664       77780791.000000 -49815.000000 -0.06       0.916400    0.008400    0.93        47.82       52.18       1.018000    -0.002700   -0.26       50.45       49.55       0.941700    0.014900    1.61        48.50       51.50
2026-05-19 05:00:00 UTCUBUSDT      0.135920      47.19     24554       77826915.000000 46124.000000  0.06        0.910200    -0.006200   -0.68       47.65       52.35       1.008900    -0.009100   -0.89       50.22       49.78       0.947000    0.005300    0.56        48.64       51.36
2026-05-19 05:15:00 UTCUBUSDT      0.134750      44.05     15323       77231055.000000 -595860.000000-0.77       0.921600    0.011400    1.25        47.96       52.04       1.013200    0.004300    0.43        50.33       49.67       0.953500    0.006500    0.69        48.81       51.19
2026-05-19 05:30:00 UTCUBUSDT      0.134620      43.70     10409       77186939.000000 -44116.000000 -0.06       0.917200    -0.004400   -0.48       47.84       52.16       1.010400    -0.002800   -0.28       50.26       49.74       0.955000    0.001500    0.16        48.85       51.15
2026-05-19 05:45:00 UTCUBUSDT      0.134050      42.12     9459        77030193.000000 -156746.000000-0.20       0.910600    -0.006600   -0.72       47.66       52.34       1.021100    0.010700    1.06        50.52       49.48       0.950100    -0.004900   -0.51       48.72       51.28
2026-05-19 06:00:00 UTCUBUSDT      0.134840      45.08     7257        77005625.000000 -24568.000000 -0.03       0.909900    -0.000700   -0.08       47.64       52.36       1.024000    0.002900    0.28        50.59       49.41       0.954300    0.004200    0.44        48.83       51.17
2026-05-19 06:15:00 UTCUBUSDT      0.134090      42.84     5864        76980906.000000 -24719.000000 -0.03       0.911300    0.001400    0.15        47.68       52.32       1.026700    0.002700    0.26        50.66       49.34       0.955000    0.000700    0.07        48.85       51.15
2026-05-19 06:30:00 UTCUBUSDT      0.135550      48.22     7221        77093059.000000 112153.000000 0.15        0.913500    0.002200    0.24        47.74       52.26       1.027500    0.000800    0.08        50.68       49.32       0.957700    0.002700    0.28        48.92       51.08
2026-05-19 06:45:00 UTCUBUSDT      0.135370      47.63     5226        76988993.000000 -104066.000000-0.13       0.911700    -0.001800   -0.20       47.69       52.31       1.028900    0.001400    0.14        50.71       49.29       0.963100    0.005400    0.56        49.06       50.94
2026-05-19 07:00:00 UTCUBUSDT      0.134770      45.61     7016        77031953.000000 42960.000000  0.06        0.902900    -0.008800   -0.97       47.45       52.55       1.030600    0.001700    0.17        50.75       49.25       0.950100    -0.013000   -1.35       48.72       51.28
2026-05-19 07:15:00 UTCUBUSDT      0.133660      42.05     12065       76895638.000000 -136315.000000-0.18       0.907300    0.004400    0.49        47.57       52.43       1.029500    -0.001100   -0.11       50.73       49.27       0.953100    0.003000    0.32        48.80       51.20
2026-05-19 07:30:00 UTCUBUSDT      0.131310      35.71     17557       76855803.000000 -39835.000000 -0.05       0.915700    0.008400    0.93        47.80       52.20       1.036400    0.006900    0.67        50.89       49.11       0.946300    -0.006800   -0.71       48.62       51.38
2026-05-19 07:45:00 UTCUBUSDT      0.131680      37.31     13114       76811207.000000 -44596.000000 -0.06       0.912400    -0.003300   -0.36       47.71       52.29       1.029500    -0.006900   -0.67       50.73       49.27       0.936100    -0.010200   -1.08       48.35       51.65
2026-05-19 08:00:00 UTCUBUSDT      0.131960      38.56     11718       77152295.000000 341088.000000 0.44        0.898300    -0.014100   -1.55       47.32       52.68       1.022000    -0.007500   -0.73       50.54       49.46       0.920100    -0.016000   -1.71       47.92       52.08
2026-05-19 08:15:00 UTCUBUSDT      0.130440      34.54     13254       77314176.000000 161881.000000 0.21        0.896800    -0.001500   -0.17       47.28       52.72       1.023700    0.001700    0.17        50.59       49.41       0.926400    0.006300    0.68        48.09       51.91
2026-05-19 08:30:00 UTCUBUSDT      0.131560      39.54     24670       77270886.000000 -43290.000000 -0.06       0.890400    -0.006400   -0.71       47.10       52.90       1.027200    0.003500    0.34        50.67       49.33       0.917200    -0.009200   -0.99       47.84       52.16
2026-05-19 08:45:00 UTCUBUSDT      0.131000      37.98     10368       76835710.000000 -435176.000000-0.56       0.883200    -0.007200   -0.81       46.90       53.10       1.029700    0.002500    0.24        50.73       49.27       0.893900    -0.023300   -2.54       47.20       52.80
2026-05-19 09:00:00 UTCUBUSDT      0.129380      33.81     14234       76393321.000000 -442389.000000-0.58       0.877900    -0.005300   -0.60       46.75       53.25       1.019700    -0.010000   -0.97       50.49       49.51       0.889600    -0.004300   -0.48       47.08       52.92
2026-05-19 09:15:00 UTCUBUSDT      0.126930      28.69     28244       76793393.000000 400072.000000 0.52        0.869500    -0.008400   -0.96       46.51       53.49       1.011700    -0.008000   -0.78       50.29       49.71       0.881500    -0.008100   -0.91       46.85       53.15
2026-05-19 09:30:00 UTCUBUSDT      0.130550      42.54     86906       76295444.000000 -497949.000000-0.65       0.867800    -0.001700   -0.20       46.46       53.54       1.014600    0.002900    0.29        50.36       49.64       0.860100    -0.021400   -2.43       46.24       53.76
2026-05-19 09:45:00 UTCUBUSDT      0.128150      37.36     42503       74131477.000000 -2163967.000000-2.84       0.850800    -0.017000   -1.96       45.97       54.03       1.017800    0.003200    0.32        50.44       49.56       0.856000    -0.004100   -0.48       46.12       53.88
2026-05-19 10:00:00 UTCUBUSDT      0.127170      35.46     18743       73760189.000000 -371288.000000-0.50       0.830800    -0.020000   -2.35       45.38       54.62       1.037900    0.020100    1.97        50.93       49.07       0.845000    -0.011000   -1.29       45.80       54.20
2026-05-19 10:15:00 UTCUBUSDT      0.126890      34.91     16802       74274164.000000 513975.000000 0.70        0.808300    -0.022500   -2.71       44.70       55.30       1.039400    0.001500    0.14        50.97       49.03       0.832500    -0.012500   -1.48       45.43       54.57
2026-05-19 10:30:00 UTCUBUSDT      0.125370      32.03     20563       74560490.000000 286326.000000 0.39        0.814200    0.005900    0.73        44.88       55.12       1.040400    0.001000    0.10        50.99       49.01       0.844000    0.011500    1.38        45.77       54.23
2026-05-19 10:45:00 UTCUBUSDT      0.134080      54.98     64701       74858826.000000 298336.000000 0.40        0.823500    0.009300    1.14        45.16       54.84       1.054100    0.013700    1.32        51.32       48.68       0.841300    -0.002700   -0.32       45.69       54.31
2026-05-19 11:00:00 UTCUBUSDT      0.134680      56.08     95334       73835477.000000 -1023349.000000-1.37       0.772400    -0.051100   -6.21       43.58       56.42       1.044000    -0.010100   -0.96       51.08       48.92       0.783200    -0.058100   -6.91       43.92       56.08
2026-05-19 11:15:00 UTCUBUSDT      0.136010      58.50     68874       73988821.000000 153344.000000 0.21        0.764000    -0.008400   -1.09       43.31       56.69       1.025600    -0.018400   -1.76       50.63       49.37       0.773700    -0.009500   -1.21       43.62       56.38
2026-05-19 11:30:00 UTCUBUSDT      0.131790      49.23     47891       74114571.000000 125750.000000 0.17        0.755000    -0.009000   -1.18       43.02       56.98       1.012600    -0.013000   -1.27       50.31       49.69       0.771500    -0.002200   -0.28       43.55       56.45
2026-05-19 11:45:00 UTCUBUSDT      0.129760      45.50     40559       73711510.000000 -403061.000000-0.54       0.771500    0.016500    2.19        43.55       56.45       1.010000    -0.002600   -0.26       50.25       49.75       0.791500    0.020000    2.59        44.18       55.82
2026-05-19 12:00:00 UTCUBUSDT      0.128900      43.97     31017       73488583.000000 -222927.000000-0.30       0.770200    -0.001300   -0.17       43.51       56.49       0.993300    -0.016700   -1.65       49.83       50.17       0.792100    0.000600    0.08        44.20       55.80
2026-05-19 12:15:00 UTCUBUSDT      0.132010      50.43     49722       73493118.000000 4535.000000   0.01        0.765500    -0.004700   -0.61       43.36       56.64       0.995000    0.001700    0.17        49.87       50.13       0.791200    -0.000900   -0.11       44.17       55.83
2026-05-19 12:30:00 UTCUBUSDT      0.127790      43.16     48448       73656118.000000 163000.000000 0.22        0.766800    0.001300    0.17        43.40       56.60       0.972900    -0.022100   -2.22       49.31       50.69       0.789900    -0.001300   -0.16       44.13       55.87
2026-05-19 12:45:00 UTCUBUSDT      0.126940      41.85     29578       73998260.000000 342142.000000 0.46        0.771200    0.004400    0.57        43.54       56.46       0.969500    -0.003400   -0.35       49.22       50.78       0.801800    0.011900    1.51        44.50       55.50
2026-05-19 13:00:00 UTCUBUSDT      0.126970      41.92     32898       74259015.000000 260755.000000 0.35        0.784100    0.012900    1.67        43.95       56.05       0.969900    0.000400    0.04        49.23       50.77       0.814900    0.013100    1.63        44.90       55.10
2026-05-19 13:15:00 UTCUBUSDT      0.128490      45.35     17061       74168163.000000 -90852.000000 -0.12       0.780300    -0.003800   -0.48       43.83       56.17       0.968800    -0.001100   -0.11       49.21       50.79       0.802800    -0.012100   -1.48       44.53       55.47
2026-05-19 13:30:00 UTCUBUSDT      0.128430      45.24     19231       73408602.000000 -759561.000000-1.02       0.784800    0.004500    0.58        43.97       56.03       0.958100    -0.010700   -1.10       48.93       51.07       0.807300    0.004500    0.56        44.67       55.33
2026-05-19 13:45:00 UTCUBUSDT      0.128350      45.08     13147       73054870.000000 -353732.000000-0.48       0.787300    0.002500    0.32        44.05       55.95       0.955800    -0.002300   -0.24       48.87       51.13       0.811300    0.004000    0.50        44.79       55.21
2026-05-19 14:00:00 UTCUBUSDT      0.128690      45.96     12313       72861991.000000 -192879.000000-0.26       0.786400    -0.000900   -0.11       44.02       55.98       0.953900    -0.001900   -0.20       48.82       51.18       0.818200    0.006900    0.85        45.00       55.00
2026-05-19 14:15:00 UTCUBUSDT      0.130090      49.57     23345       72645768.000000 -216223.000000-0.30       0.786700    0.000300    0.04        44.03       55.97       0.949800    -0.004100   -0.43       48.71       51.29       0.816900    -0.001300   -0.16       44.96       55.04
2026-05-19 14:30:00 UTCUBUSDT      0.130600      50.86     10876       71724795.000000 -920973.000000-1.27       0.778400    -0.008300   -1.06       43.77       56.23       0.953800    0.004000    0.42        48.82       51.18       0.803400    -0.013500   -1.65       44.55       55.45
2026-05-19 14:45:00 UTCUBUSDT      0.129450      47.89     14668       71547713.000000 -177082.000000-0.25       0.774000    -0.004400   -0.57       43.63       56.37       0.948900    -0.004900   -0.51       48.69       51.31       0.805700    0.002300    0.29        44.62       55.38
2026-05-19 15:00:00 UTCUBUSDT      0.127710      43.73     21436       70901351.000000 -646362.000000-0.90       0.777500    0.003500    0.45        43.74       56.26       0.951900    0.003000    0.32        48.77       51.23       0.803800    -0.001900   -0.24       44.56       55.44
2026-05-19 15:15:00 UTCUBUSDT      0.125830      39.71     14831       70727814.000000 -173537.000000-0.24       0.782500    0.005000    0.64        43.90       56.10       0.951700    -0.000200   -0.02       48.76       51.24       0.798900    -0.004900   -0.61       44.41       55.59
2026-05-19 15:30:00 UTCUBUSDT      0.123560      35.48     25811       70523378.000000 -204436.000000-0.29       0.791800    0.009300    1.19        44.19       55.81       0.944100    -0.007600   -0.80       48.56       51.44       0.805700    0.006800    0.85        44.62       55.38
2026-05-19 15:45:00 UTCUBUSDT      0.124020      36.94     15106       71722494.000000 1199116.0000001.70        0.785100    -0.006700   -0.85       43.98       56.02       0.928600    -0.015500   -1.64       48.15       51.85       0.794700    -0.011000   -1.37       44.28       55.72
2026-05-19 16:00:00 UTCUBUSDT      0.123740      36.40     18921       71962299.000000 239805.000000 0.33        0.772100    -0.013000   -1.66       43.57       56.43       0.930200    0.001600    0.17        48.19       51.81       0.796600    0.001900    0.24        44.34       55.66
2026-05-19 16:15:00 UTCUBUSDT      0.125810      43.06     16174       71706340.000000 -255959.000000-0.36       0.767100    -0.005000   -0.65       43.41       56.59       0.933300    0.003100    0.33        48.27       51.73       0.785700    -0.010900   -1.37       44.00       56.00
2026-05-19 16:30:00 UTCUBUSDT      0.125680      42.76     10907       71210673.000000 -495667.000000-0.69       0.768000    0.000900    0.12        43.44       56.56       0.933800    0.000500    0.05        48.29       51.71       0.780000    -0.005700   -0.73       43.82       56.18
2026-05-19 16:45:00 UTCUBUSDT      0.124800      40.67     9363        71239775.000000 29102.000000  0.04        0.765200    -0.002800   -0.36       43.35       56.65       0.932800    -0.001000   -0.11       48.26       51.74       0.780000    0.000000    0.00        43.82       56.18
2026-05-19 17:00:00 UTCUBUSDT      0.123540      37.83     9952        71141070.000000 -98705.000000 -0.14       0.769300    0.004100    0.54        43.48       56.52       0.933800    0.001000    0.11        48.29       51.71       0.783500    0.003500    0.45        43.93       56.07
2026-05-19 17:15:00 UTCUBUSDT      0.122680      35.98     8988        71478511.000000 337441.000000 0.47        0.769300    0.000000    0.00        43.48       56.52       0.944300    0.010500    1.12        48.57       51.43       0.782500    -0.001000   -0.13       43.90       56.10
2026-05-19 17:30:00 UTCUBUSDT      0.123080      37.51     6280        70908550.000000 -569961.000000-0.80       0.768700    -0.000600   -0.08       43.46       56.54       0.970500    0.026200    2.77        49.25       50.75       0.779400    -0.003100   -0.40       43.80       56.20
2026-05-19 17:45:00 UTCUBUSDT      0.123780      40.20     6702        71016984.000000 108434.000000 0.15        0.764000    -0.004700   -0.61       43.31       56.69       0.976100    0.005600    0.58        49.39       50.61       0.774600    -0.004800   -0.62       43.65       56.35
2026-05-19 18:00:00 UTCUBUSDT      0.124500      42.93     6069        70964451.000000 -52533.000000 -0.07       0.764300    0.000300    0.04        43.32       56.68       0.975900    -0.000200   -0.02       49.39       50.61       0.768300    -0.006300   -0.81       43.45       56.55
2026-05-19 18:15:00 UTCUBUSDT      0.122910      38.73     7120        70786423.000000 -178028.000000-0.25       0.767100    0.002800    0.37        43.41       56.59       0.975800    -0.000100   -0.01       49.39       50.61       0.774600    0.006300    0.82        43.65       56.35
2026-05-19 18:30:00 UTCUBUSDT      0.123240      40.04     5590        70917424.000000 131001.000000 0.19        0.766200    -0.000900   -0.12       43.38       56.62       0.980400    0.004600    0.47        49.51       50.49       0.768300    -0.006300   -0.81       43.45       56.55
2026-05-19 18:45:00 UTCUBUSDT      0.123060      39.55     3961        70990312.000000 72888.000000  0.10        0.768300    0.002100    0.27        43.45       56.55       0.984500    0.004100    0.42        49.61       50.39       0.774000    0.005700    0.74        43.63       56.37
2026-05-19 19:00:00 UTCUBUSDT      0.123100      39.72     5258        71004478.000000 14166.000000  0.02        0.766200    -0.002100   -0.27       43.38       56.62       0.983000    -0.001500   -0.15       49.57       50.43       0.771200    -0.002800   -0.36       43.54       56.46
2026-05-19 19:15:00 UTCUBUSDT      0.123010      39.44     3959        70999189.000000 -5289.000000  -0.01       0.766500    0.000300    0.04        43.39       56.61       0.981600    -0.001400   -0.14       49.54       50.46       0.772400    0.001200    0.16        43.58       56.42
2026-05-19 19:30:00 UTCUBUSDT      0.122860      38.94     3758        71010813.000000 11624.000000  0.02        0.770500    0.004000    0.52        43.52       56.48       0.981500    -0.000100   -0.01       49.53       50.47       0.771800    -0.000600   -0.08       43.56       56.44
2026-05-19 19:45:00 UTCUBUSDT      0.122220      36.81     7756        70992477.000000 -18336.000000 -0.03       0.767400    -0.003100   -0.40       43.42       56.58       0.979300    -0.002200   -0.22       49.48       50.52       0.774300    0.002500    0.32        43.64       56.36
2026-05-19 20:00:00 UTCUBUSDT      0.122390      37.78     4345        70751411.000000 -241066.000000-0.34       0.770900    0.003500    0.46        43.53       56.47       0.981800    0.002500    0.26        49.54       50.46       0.759900    -0.014400   -1.86       43.18       56.82
2026-05-19 20:15:00 UTCUBUSDT      0.123630      44.51     4873        70843910.000000 92499.000000  0.13        0.769300    -0.001600   -0.21       43.48       56.52       0.984800    0.003000    0.31        49.62       50.38       0.759300    -0.000600   -0.08       43.16       56.84
2026-05-19 20:30:00 UTCUBUSDT      0.123840      45.59     4981        70561860.000000 -282050.000000-0.40       0.765500    -0.003800   -0.49       43.36       56.64       0.987800    0.003000    0.30        49.69       50.31       0.755900    -0.003400   -0.45       43.05       56.95
2026-05-19 20:45:00 UTCUBUSDT      0.123970      46.28     5658        70438995.000000 -122865.000000-0.17       0.762400    -0.003100   -0.40       43.26       56.74       0.987000    -0.000800   -0.08       49.67       50.33       0.752800    -0.003100   -0.41       42.95       57.05
2026-05-19 21:00:00 UTCUBUSDT      0.124340      48.30     4761        70291378.000000 -147617.000000-0.21       0.768000    0.005600    0.73        43.44       56.56       0.984400    -0.002600   -0.26       49.61       50.39       0.757200    0.004400    0.58        43.09       56.91
2026-05-19 21:15:00 UTCUBUSDT      0.123520      44.32     4536        70298471.000000 7093.000000   0.01        0.767100    -0.000900   -0.12       43.41       56.59       0.986800    0.002400    0.24        49.67       50.33       0.756900    -0.000300   -0.04       43.08       56.92
2026-05-19 21:30:00 UTCUBUSDT      0.123650      45.10     1949        70073510.000000 -224961.000000-0.32       0.765500    -0.001600   -0.21       43.36       56.64       0.988600    0.001800    0.18        49.71       50.29       0.755600    -0.001300   -0.17       43.04       56.96
2026-05-19 21:45:00 UTCUBUSDT      0.124560      50.29     3644        70051840.000000 -21670.000000 -0.03       0.769300    0.003800    0.50        43.48       56.52       0.987800    -0.000800   -0.08       49.69       50.31       0.758400    0.002800    0.37        43.13       56.87
2026-05-19 22:00:00 UTCUBUSDT      0.122850      42.21     6472        70092652.000000 40812.000000  0.06        0.773000    0.003700    0.48        43.60       56.40       0.989300    0.001500    0.15        49.73       50.27       0.763000    0.004600    0.61        43.28       56.72
2026-05-19 22:15:00 UTCUBUSDT      0.122220      39.68     4977        70054803.000000 -37849.000000 -0.05       0.771500    -0.001500   -0.19       43.55       56.45       0.988600    -0.000700   -0.07       49.71       50.29       0.764900    0.001900    0.25        43.34       56.66
2026-05-19 22:30:00 UTCUBUSDT      0.122030      38.92     4054        70147996.000000 93193.000000  0.13        0.769900    -0.001600   -0.21       43.50       56.50       0.989900    0.001300    0.13        49.75       50.25       0.762400    -0.002500   -0.33       43.26       56.74
2026-05-19 22:45:00 UTCUBUSDT      0.121050      35.19     7875        70297447.000000 149451.000000 0.21        0.769000    -0.000900   -0.12       43.47       56.53       0.987500    -0.002400   -0.24       49.69       50.31       0.767700    0.005300    0.70        43.43       56.57
2026-05-19 23:00:00 UTCUBUSDT      0.122100      41.65     5286        70259990.000000 -37457.000000 -0.05       0.769300    0.000300    0.04        43.48       56.52       0.988600    0.001100    0.11        49.71       50.29       0.751300    -0.016400   -2.14       42.90       57.10
2026-05-19 23:15:00 UTCUBUSDT      0.122030      41.35     3773        70259027.000000 -963.000000   -0.00       0.755900    -0.013400   -1.74       43.05       56.95       0.988400    -0.000200   -0.02       49.71       50.29       0.749500    -0.001800   -0.24       42.84       57.16
2026-05-19 23:30:00 UTCUBUSDT      0.121440      38.85     4177        70222945.000000 -36082.000000 -0.05       0.753500    -0.002400   -0.32       42.97       57.03       0.991100    0.002700    0.27        49.78       50.22       0.750400    0.000900    0.12        42.87       57.13
2026-05-19 23:45:00 UTCUBUSDT      0.121060      37.28     5106        70378644.000000 155699.000000 0.22        0.760300    0.006800    0.90        43.19       56.81       0.990500    -0.000600   -0.06       49.76       50.24       0.754700    0.004300    0.57        43.01       56.99
2026-05-20 00:00:00 UTCUBUSDT      0.122500      46.14     9580        70306614.000000 -72030.000000 -0.10       0.760300    0.000000    0.00        43.19       56.81       0.989500    -0.001000   -0.10       49.74       50.26       0.742800    -0.011900   -1.58       42.62       57.38
2026-05-20 00:15:00 UTCUBUSDT      0.121140      40.34     9504        70159442.000000 -147172.000000-0.21       0.758100    -0.002200   -0.29       43.12       56.88       0.994200    0.004700    0.47        49.85       50.15       0.744600    0.001800    0.24        42.68       57.32
2026-05-20 00:30:00 UTCUBUSDT      0.120590      38.25     27279       70425041.000000 265599.000000 0.38        0.762100    0.004000    0.53        43.25       56.75       0.993500    -0.000700   -0.07       49.84       50.16       0.749200    0.004600    0.62        42.83       57.17
2026-05-20 00:45:00 UTCUBUSDT      0.123240      51.35     21807       70105512.000000 -319529.000000-0.45       0.745200    -0.016900   -2.22       42.70       57.30       0.993000    -0.000500   -0.05       49.82       50.18       0.720600    -0.028600   -3.82       41.88       58.12
2026-05-20 01:00:00 UTCUBUSDT      0.125310      58.71     23429       69606521.000000 -498991.000000-0.71       0.774000    0.028800    3.86        43.63       56.37       0.990300    -0.002700   -0.27       49.76       50.24       0.735800    0.015200    2.11        42.39       57.61
2026-05-20 01:15:00 UTCUBUSDT      0.125480      59.26     11391       69435129.000000 -171392.000000-0.25       0.773400    -0.000600   -0.08       43.61       56.39       0.997300    0.007000    0.71        49.93       50.07       0.742800    0.007000    0.95        42.62       57.38
2026-05-20 01:30:00 UTCUBUSDT      0.126400      62.17     9382        69469530.000000 34401.000000  0.05        0.766500    -0.006900   -0.89       43.39       56.61       0.999500    0.002200    0.22        49.99       50.01       0.735200    -0.007600   -1.02       42.37       57.63
2026-05-20 01:45:00 UTCUBUSDT      0.125550      58.04     14377       69556114.000000 86584.000000  0.12        0.769300    0.002800    0.37        43.48       56.52       0.998700    -0.000800   -0.08       49.97       50.03       0.738200    0.003000    0.41        42.47       57.53
2026-05-20 02:00:00 UTCUBUSDT      0.124590      53.70     13623       69292049.000000 -264065.000000-0.38       0.766200    -0.003100   -0.40       43.38       56.62       0.992000    -0.006700   -0.67       49.80       50.20       0.743700    0.005500    0.75        42.65       57.35
2026-05-20 02:15:00 UTCUBUSDT      0.124130      51.71     8643        69213736.000000 -78313.000000 -0.11       0.758700    -0.007500   -0.98       43.14       56.86       0.993400    0.001400    0.14        49.83       50.17       0.752200    0.008500    1.14        42.93       57.07
2026-05-20 02:30:00 UTCUBUSDT      0.123860      50.52     6494        69471033.000000 257297.000000 0.37        0.764600    0.005900    0.78        43.33       56.67       0.998500    0.005100    0.51        49.96       50.04       0.748300    -0.003900   -0.52       42.80       57.20
2026-05-20 02:45:00 UTCUBUSDT      0.123350      48.27     6461        69475192.000000 4159.000000   0.01        0.759000    -0.005600   -0.73       43.15       56.85       0.995500    -0.003000   -0.30       49.89       50.11       0.746100    -0.002200   -0.29       42.73       57.27
2026-05-20 03:00:00 UTCUBUSDT      0.124100      51.68     7238        69472604.000000 -2588.000000  -0.00       0.760300    0.001300    0.17        43.19       56.81       0.994100    -0.001400   -0.14       49.85       50.15       0.740600    -0.005500   -0.74       42.55       57.45
2026-05-20 03:15:00 UTCUBUSDT      0.124070      51.54     4808        69500858.000000 28254.000000  0.04        0.760600    0.000300    0.04        43.20       56.80       0.990600    -0.003500   -0.35       49.76       50.24       0.745200    0.004600    0.62        42.70       57.30
2026-05-20 03:30:00 UTCUBUSDT      0.122130      43.05     7956        69563559.000000 62701.000000  0.09        0.765500    0.004900    0.64        43.36       56.64       0.990700    0.000100    0.01        49.77       50.23       0.751300    0.006100    0.82        42.90       57.10
2026-05-20 03:45:00 UTCUBUSDT      0.121420      40.42     7748        69342682.000000 -220877.000000-0.32       0.765500    0.000000    0.00        43.36       56.64       0.994000    0.003300    0.33        49.85       50.15       0.745800    -0.005500   -0.73       42.72       57.28
2026-05-20 04:00:00 UTCUBUSDT      0.121850      42.70     8087        69509795.000000 167113.000000 0.24        0.768700    0.003200    0.42        43.46       56.54       0.998500    0.004500    0.45        49.96       50.04       0.745500    -0.000300   -0.04       42.71       57.29
2026-05-20 04:15:00 UTCUBUSDT      0.123680      51.25     9473        69571533.000000 61738.000000  0.09        0.769300    0.000600    0.08        43.48       56.52       1.002000    0.003500    0.35        50.05       49.95       0.741600    -0.003900   -0.52       42.58       57.42
2026-05-20 04:30:00 UTCUBUSDT      0.124080      52.90     8021        69157466.000000 -414067.000000-0.60       0.758700    -0.010600   -1.38       43.14       56.86       1.000400    -0.001600   -0.16       50.01       49.99       0.732800    -0.008800   -1.19       42.29       57.71
2026-05-20 04:45:00 UTCUBUSDT      0.124820      55.88     8501        69193748.000000 36282.000000  0.05        0.760300    0.001600    0.21        43.19       56.81       1.004500    0.004100    0.41        50.11       49.89       0.740000    0.007200    0.98        42.53       57.47
2026-05-20 05:00:00 UTCUBUSDT      0.125940      60.01     17112       68992558.000000 -201190.000000-0.29       0.758100    -0.002200   -0.29       43.12       56.88       1.014000    0.009500    0.95        50.35       49.65       0.734000    -0.006000   -0.81       42.33       57.67
2026-05-20 05:15:00 UTCUBUSDT      0.128060      66.41     19811       68582265.000000 -410293.000000-0.59       0.753200    -0.004900   -0.65       42.96       57.04       1.017100    0.003100    0.31        50.42       49.58       0.728300    -0.005700   -0.78       42.14       57.86
2026-05-20 05:30:00 UTCUBUSDT      0.126300      58.09     12831       68324784.000000 -257481.000000-0.38       0.752200    -0.001000   -0.13       42.93       57.07       1.027600    0.010500    1.03        50.68       49.32       0.725300    -0.003000   -0.41       42.04       57.96
2026-05-20 05:45:00 UTCUBUSDT      0.127250      60.94     7737        68297404.000000 -27380.000000 -0.04       0.754100    0.001900    0.25        42.99       57.01       1.032700    0.005100    0.50        50.80       49.20       0.724100    -0.001200   -0.17       42.00       58.00
2026-05-20 06:00:00 UTCUBUSDT      0.128610      64.64     12569       68334670.000000 37266.000000  0.05        0.756500    0.002400    0.32        43.07       56.93       1.037000    0.004300    0.42        50.91       49.09       0.725900    0.001800    0.25        42.06       57.94
2026-05-20 06:15:00 UTCUBUSDT      0.128430      63.78     17080       68267220.000000 -67450.000000 -0.10       0.763000    0.006500    0.86        43.28       56.72       1.037000    0.000000    0.00        50.91       49.09       0.736100    0.010200    1.41        42.40       57.60
2026-05-20 06:30:00 UTCUBUSDT      0.126250      54.34     20404       68086378.000000 -180842.000000-0.26       0.779700    0.016700    2.19        43.81       56.19       1.035800    -0.001200   -0.12       50.88       49.12       0.747900    0.011800    1.60        42.79       57.21
2026-05-20 06:45:00 UTCUBUSDT      0.125360      51.02     10178       68032169.000000 -54209.000000 -0.08       0.777500    -0.002200   -0.28       43.74       56.26       1.033400    -0.002400   -0.23       50.82       49.18       0.754700    0.006800    0.91        43.01       56.99
2026-05-20 07:00:00 UTCUBUSDT      0.124850      49.16     8377        68089915.000000 57746.000000  0.08        0.777100    -0.000400   -0.05       43.73       56.27       1.031000    -0.002400   -0.23       50.76       49.24       0.755000    0.000300    0.04        43.02       56.98
2026-05-20 07:15:00 UTCUBUSDT      0.125300      50.86     8727        67941002.000000 -148913.000000-0.22       0.781900    0.004800    0.62        43.88       56.12       1.026900    -0.004100   -0.40       50.66       49.34       0.759300    0.004300    0.57        43.16       56.84
2026-05-20 07:30:00 UTCUBUSDT      0.125000      49.67     10023       67940982.000000 -20.000000    -0.00       0.780900    -0.001000   -0.13       43.85       56.15       1.025900    -0.001000   -0.10       50.64       49.36       0.761200    0.001900    0.25        43.22       56.78
2026-05-20 07:45:00 UTCUBUSDT      0.123000      42.53     10702       68031384.000000 90402.000000  0.13        0.782800    0.001900    0.24        43.91       56.09       1.035800    0.009900    0.97        50.88       49.12       0.756200    -0.005000   -0.66       43.06       56.94
2026-05-20 08:00:00 UTCUBUSDT      0.122000      39.47     10415       67932731.000000 -98653.000000 -0.15       0.788900    0.006100    0.78        44.10       55.90       1.034500    -0.001300   -0.13       50.85       49.15       0.761800    0.005600    0.74        43.24       56.76
2026-05-20 08:15:00 UTCUBUSDT      0.123040      43.98     8046        68236289.000000 303558.000000 0.45        0.793700    0.004800    0.61        44.25       55.75       1.039400    0.004900    0.47        50.97       49.03       0.769600    0.007800    1.02        43.49       56.51
2026-05-20 08:30:00 UTCUBUSDT      0.123090      44.19     5373        68329507.000000 93218.000000  0.14        0.805400    0.011700    1.47        44.61       55.39       1.037100    -0.002300   -0.22       50.91       49.09       0.780900    0.011300    1.47        43.85       56.15
2026-05-20 08:45:00 UTCUBUSDT      0.123300      45.15     5260        68258449.000000 -71058.000000 -0.10       0.800500    -0.004900   -0.61       44.46       55.54       1.036500    -0.000600   -0.06       50.90       49.10       0.779400    -0.001500   -0.19       43.80       56.20
2026-05-20 09:00:00 UTCUBUSDT      0.123940      48.06     6046        68346002.000000 87553.000000  0.13        0.803800    0.003300    0.41        44.56       55.44       1.038200    0.001700    0.16        50.94       49.06       0.773700    -0.005700   -0.73       43.62       56.38
2026-05-20 09:15:00 UTCUBUSDT      0.123590      46.60     8918        68435394.000000 89392.000000  0.13        0.802500    -0.001300   -0.16       44.52       55.48       1.036200    -0.002000   -0.19       50.89       49.11       0.775600    0.001900    0.25        43.68       56.32
2026-05-20 09:30:00 UTCUBUSDT      0.124960      52.65     9471        68298515.000000 -136879.000000-0.20       0.793700    -0.008800   -1.10       44.25       55.75       1.034400    -0.001800   -0.17       50.85       49.15       0.768000    -0.007600   -0.98       43.44       56.56
2026-05-20 09:45:00 UTCUBUSDT      0.124360      49.98     9295        68168633.000000 -129882.000000-0.19       0.796600    0.002900    0.37        44.34       55.66       1.030300    -0.004100   -0.40       50.75       49.25       0.774900    0.006900    0.90        43.66       56.34
2026-05-20 10:00:00 UTCUBUSDT      0.124720      51.57     9923        67722697.000000 -445936.000000-0.65       0.792800    -0.003800   -0.48       44.22       55.78       1.026300    -0.004000   -0.39       50.65       49.35       0.772400    -0.002500   -0.32       43.58       56.42
2026-05-20 10:15:00 UTCUBUSDT      0.124070      48.57     6999        67725419.000000 2722.000000   0.00        0.800500    0.007700    0.97        44.46       55.54       1.023100    -0.003200   -0.31       50.57       49.43       0.775600    0.003200    0.41        43.68       56.32
2026-05-20 10:30:00 UTCUBUSDT      0.124430      50.30     5626        67740571.000000 15152.000000  0.02        0.805700    0.005200    0.65        44.62       55.38       1.025700    0.002600    0.25        50.63       49.37       0.780600    0.005000    0.64        43.84       56.16
2026-05-20 10:45:00 UTCUBUSDT      0.125110      53.47     3523        67785005.000000 44434.000000  0.07        0.799900    -0.005800   -0.72       44.44       55.56       1.028300    0.002600    0.25        50.70       49.30       0.769000    -0.011600   -1.49       43.47       56.53
2026-05-20 11:00:00 UTCUBUSDT      0.123430      45.71     7494        67867571.000000 82566.000000  0.12        0.799900    0.000000    0.00        44.44       55.56       1.030200    0.001900    0.18        50.74       49.26       0.770200    0.001200    0.16        43.51       56.49
2026-05-20 11:15:00 UTCUBUSDT      0.122780      43.10     6545        67973637.000000 106066.000000 0.16        0.798900    -0.001000   -0.13       44.41       55.59       1.031600    0.001400    0.14        50.78       49.22       0.777500    0.007300    0.95        43.74       56.26
2026-05-20 11:30:00 UTCUBUSDT      0.122150      40.68     16443       68139794.000000 166157.000000 0.24        0.803100    0.004200    0.53        44.54       55.46       1.028800    -0.002800   -0.27       50.71       49.29       0.776800    -0.000700   -0.09       43.72       56.28
2026-05-20 11:45:00 UTCUBUSDT      0.120820      36.07     8884        68352489.000000 212695.000000 0.31        0.807300    0.004200    0.52        44.67       55.33       1.032000    0.003200    0.31        50.79       49.21       0.773400    -0.003400   -0.44       43.61       56.39
2026-05-20 12:00:00 UTCUBUSDT      0.120800      36.00     8984        68564553.000000 212064.000000 0.31        0.806000    -0.001300   -0.16       44.63       55.37       1.030800    -0.001200   -0.12       50.76       49.24       0.769300    -0.004100   -0.53       43.48       56.52
2026-05-20 12:15:00 UTCUBUSDT      0.121170      38.26     8866        68630920.000000 66367.000000  0.10        0.803400    -0.002600   -0.32       44.55       55.45       1.032600    0.001800    0.17        50.80       49.20       0.768300    -0.001000   -0.13       43.45       56.55
2026-05-20 12:30:00 UTCUBUSDT      0.120490      35.77     6875        68952077.000000 321157.000000 0.47        0.806400    0.003000    0.37        44.64       55.36       1.030000    -0.002600   -0.25       50.74       49.26       0.773000    0.004700    0.61        43.60       56.40
2026-05-20 12:45:00 UTCUBUSDT      0.120420      35.51     6944        69009125.000000 57048.000000  0.08        0.810600    0.004200    0.52        44.77       55.23       1.030800    0.000800    0.08        50.76       49.24       0.775900    0.002900    0.38        43.69       56.31
2026-05-20 13:00:00 UTCUBUSDT      0.119990      33.90     7873        68941397.000000 -67728.000000 -0.10       0.809000    -0.001600   -0.20       44.72       55.28       1.029900    -0.000900   -0.09       50.74       49.26       0.777100    0.001200    0.15        43.73       56.27
2026-05-20 13:15:00 UTCUBUSDT      0.120400      36.84     7489        68840567.000000 -100830.000000-0.15       0.812300    0.003300    0.41        44.82       55.18       1.038600    0.008700    0.84        50.95       49.05       0.770500    -0.006600   -0.85       43.52       56.48
2026-05-20 13:30:00 UTCUBUSDT      0.120680      38.84     7601        68915480.000000 74913.000000  0.11        0.817900    0.005600    0.69        44.99       55.01       1.034000    -0.004600   -0.44       50.84       49.16       0.773400    0.002900    0.38        43.61       56.39
2026-05-20 13:45:00 UTCUBUSDT      0.126330      63.75     30221       68853468.000000 -62012.000000 -0.09       0.813900    -0.004000   -0.49       44.87       55.13       1.039600    0.005600    0.54        50.97       49.03       0.762100    -0.011300   -1.46       43.25       56.75
2026-05-20 14:00:00 UTCUBUSDT      0.125290      58.99     40997       68198569.000000 -654899.000000-0.95       0.775600    -0.038300   -4.71       43.68       56.32       1.046600    0.007000    0.67        51.14       48.86       0.722100    -0.040000   -5.25       41.93       58.07
2026-05-20 14:15:00 UTCUBUSDT      0.126110      61.44     15585       67704344.000000 -494225.000000-0.72       0.774900    -0.000700   -0.09       43.66       56.34       1.061500    0.014900    1.42        51.49       48.51       0.728000    0.005900    0.82        42.13       57.87
2026-05-20 14:30:00 UTCUBUSDT      0.126660      63.03     13731       67468146.000000 -236198.000000-0.35       0.769300    -0.005600   -0.72       43.48       56.52       1.069300    0.007800    0.73        51.68       48.32       0.720900    -0.007100   -0.98       41.89       58.11
2026-05-20 14:45:00 UTCUBUSDT      0.123600      50.52     11544       67850975.000000 382829.000000 0.57        0.765200    -0.004100   -0.53       43.35       56.65       1.090000    0.020700    1.94        52.15       47.85       0.716700    -0.004200   -0.58       41.75       58.25
2026-05-20 15:00:00 UTCUBUSDT      0.123100      48.82     11996       68148844.000000 297869.000000 0.44        0.779400    0.014200    1.86        43.80       56.20       1.086500    -0.003500   -0.32       52.07       47.93       0.727100    0.010400    1.45        42.10       57.90
2026-05-20 15:15:00 UTCUBUSDT      0.122760      47.64     9138        68382416.000000 233572.000000 0.34        0.785100    0.005700    0.73        43.98       56.02       1.080600    -0.005900   -0.54       51.94       48.06       0.734300    0.007200    0.99        42.34       57.66
2026-05-20 15:30:00 UTCUBUSDT      0.120480      40.58     10577       68222140.000000 -160276.000000-0.23       0.781900    -0.003200   -0.41       43.88       56.12       1.076300    -0.004300   -0.40       51.84       48.16       0.735200    0.000900    0.12        42.37       57.63
2026-05-20 15:45:00 UTCUBUSDT      0.119190      37.21     25316       67708484.000000 -513656.000000-0.75       0.818200    0.036300    4.64        45.00       55.00       1.072000    -0.004300   -0.40       51.74       48.26       0.761200    0.026000    3.54        43.22       56.78
2026-05-20 16:00:00 UTCUBUSDT      0.117500      33.32     14268       66602512.000000 -1105972.000000-1.63       0.833200    0.015000    1.83        45.45       54.55       1.069100    -0.002900   -0.27       51.67       48.33       0.758400    -0.002800   -0.37       43.13       56.87
2026-05-20 16:15:00 UTCUBUSDT      0.116940      32.12     14617       66787156.000000 184644.000000 0.28        0.830500    -0.002700   -0.32       45.37       54.63       1.052500    -0.016600   -1.55       51.28       48.72       0.762100    0.003700    0.49        43.25       56.75
2026-05-20 16:30:00 UTCUBUSDT      0.116400      30.96     16421       66239592.000000 -547564.000000-0.82       0.829200    -0.001300   -0.16       45.33       54.67       1.058600    0.006100    0.58        51.42       48.58       0.747600    -0.014500   -1.90       42.78       57.22
2026-05-20 16:45:00 UTCUBUSDT      0.117920      37.76     12862       66771904.000000 532312.000000 0.80        0.829800    0.000600    0.07        45.35       54.65       1.060000    0.001400    0.13        51.46       48.54       0.742800    -0.004800   -0.64       42.62       57.38
2026-05-20 17:00:00 UTCUBUSDT      0.117810      37.47     8812        66707498.000000 -64406.000000 -0.10       0.830200    0.000400    0.05        45.36       54.64       1.073700    0.013700    1.29        51.78       48.22       0.745800    0.003000    0.40        42.72       57.28
2026-05-20 17:15:00 UTCUBUSDT      0.118270      39.55     7462        66502777.000000 -204721.000000-0.31       0.820200    -0.010000   -1.20       45.06       54.94       1.071700    -0.002000   -0.19       51.73       48.27       0.742500    -0.003300   -0.44       42.61       57.39
2026-05-20 17:30:00 UTCUBUSDT      0.118010      38.77     4616        66832368.000000 329591.000000 0.50        0.824200    0.004000    0.49        45.18       54.82       1.074400    0.002700    0.25        51.79       48.21       0.740000    -0.002500   -0.34       42.53       57.47
2026-05-20 17:45:00 UTCUBUSDT      0.117490      37.18     3419        66893082.000000 60714.000000  0.09        0.821500    -0.002700   -0.33       45.10       54.90       1.073800    -0.000600   -0.06       51.78       48.22       0.737600    -0.002400   -0.32       42.45       57.55
2026-05-20 18:00:00 UTCUBUSDT      0.118080      40.17     5599        66951792.000000 58710.000000  0.09        0.815900    -0.005600   -0.68       44.93       55.07       1.074400    0.000600    0.06        51.79       48.21       0.733100    -0.004500   -0.61       42.30       57.70
2026-05-20 18:15:00 UTCUBUSDT      0.117320      37.68     4361        66983070.000000 31278.000000  0.05        0.812300    -0.003600   -0.44       44.82       55.18       1.068000    -0.006400   -0.60       51.64       48.36       0.727400    -0.005700   -0.78       42.11       57.89
2026-05-20 18:30:00 UTCUBUSDT      0.116510      35.18     5327        67014070.000000 31000.000000  0.05        0.807300    -0.005000   -0.62       44.67       55.33       1.065500    -0.002500   -0.23       51.59       48.41       0.725300    -0.002100   -0.29       42.04       57.96
2026-05-20 18:45:00 UTCUBUSDT      0.115960      33.55     5071        67151269.000000 137199.000000 0.20        0.810000    0.002700    0.33        44.75       55.25       1.064000    -0.001500   -0.14       51.55       48.45       0.723800    -0.001500   -0.21       41.99       58.01
2026-05-20 19:00:00 UTCUBUSDT      0.115860      33.25     8097        67183333.000000 32064.000000  0.05        0.806700    -0.003300   -0.41       44.65       55.35       1.062700    -0.001300   -0.12       51.52       48.48       0.722400    -0.001400   -0.19       41.94       58.06
2026-05-20 19:15:00 UTCUBUSDT      0.116450      36.85     5267        66951035.000000 -232298.000000-0.35       0.800200    -0.006500   -0.81       44.45       55.55       1.060600    -0.002100   -0.20       51.47       48.53       0.718200    -0.004200   -0.58       41.80       58.20
2026-05-20 19:30:00 UTCUBUSDT      0.116480      37.04     5483        66919293.000000 -31742.000000 -0.05       0.802500    0.002300    0.29        44.52       55.48       1.059000    -0.001600   -0.15       51.43       48.57       0.721500    0.003300    0.46        41.91       58.09
2026-05-20 19:45:00 UTCUBUSDT      0.116640      38.09     4561        66857270.000000 -62023.000000 -0.09       0.802500    0.000000    0.00        44.52       55.48       1.055100    -0.003900   -0.37       51.34       48.66       0.718500    -0.003000   -0.42       41.81       58.19
2026-05-20 20:00:00 UTCUBUSDT      0.116790      39.11     4683        66851482.000000 -5788.000000  -0.01       0.800500    -0.002000   -0.25       44.46       55.54       1.052800    -0.002300   -0.22       51.29       48.71       0.720000    0.001500    0.21        41.86       58.14
2026-05-20 20:15:00 UTCUBUSDT      0.116270      36.84     3871        66873751.000000 22269.000000  0.03        0.795300    -0.005200   -0.65       44.30       55.70       1.049400    -0.003400   -0.32       51.21       48.79       0.720900    0.000900    0.13        41.89       58.11
2026-05-20 20:30:00 UTCUBUSDT      0.116220      36.62     3155        66838606.000000 -35145.000000 -0.05       0.788900    -0.006400   -0.80       44.10       55.90       1.047600    -0.001800   -0.17       51.16       48.84       0.712600    -0.008300   -1.15       41.61       58.39
2026-05-20 20:45:00 UTCUBUSDT      0.116060      35.88     3343        67012004.000000 173398.000000 0.26        0.788600    -0.000300   -0.04       44.09       55.91       1.050500    0.002900    0.28        51.23       48.77       0.707900    -0.004700   -0.66       41.45       58.55
2026-05-20 21:00:00 UTCUBUSDT      0.115300      32.52     3676        67090122.000000 78118.000000  0.12        0.786400    -0.002200   -0.28       44.02       55.98       1.047200    -0.003300   -0.31       51.15       48.85       0.712900    0.005000    0.71        41.62       58.38
2026-05-20 21:15:00 UTCUBUSDT      0.113380      25.92     9399        67278664.000000 188542.000000 0.28        0.783800    -0.002600   -0.33       43.94       56.06       1.048200    0.001000    0.10        51.18       48.82       0.705000    -0.007900   -1.11       41.35       58.65
2026-05-20 21:30:00 UTCUBUSDT      0.112540      23.65     5577        67213522.000000 -65142.000000 -0.10       0.781600    -0.002200   -0.28       43.87       56.13       1.050400    0.002200    0.21        51.23       48.77       0.699800    -0.005200   -0.74       41.17       58.83
2026-05-20 21:45:00 UTCUBUSDT      0.112730      25.24     4697        67389193.000000 175671.000000 0.26        0.787900    0.006300    0.81        44.07       55.93       1.057700    0.007300    0.69        51.40       48.60       0.699800    0.000000    0.00        41.17       58.83
2026-05-20 22:00:00 UTCUBUSDT      0.112700      25.15     6187        67501421.000000 112228.000000 0.17        0.775600    -0.012300   -1.56       43.68       56.32       1.052400    -0.005300   -0.50       51.28       48.72       0.690000    -0.009800   -1.40       40.83       59.17
2026-05-20 22:15:00 UTCUBUSDT      0.111910      22.87     7497        67676037.000000 174616.000000 0.26        0.765800    -0.009800   -1.26       43.37       56.63       1.054400    0.002000    0.19        51.32       48.68       0.680100    -0.009900   -1.43       40.48       59.52
2026-05-20 22:30:00 UTCUBUSDT      0.110940      20.41     6646        67668250.000000 -7787.000000  -0.01       0.767400    0.001600    0.21        43.42       56.58       1.057500    0.003100    0.29        51.40       48.60       0.679800    -0.000300   -0.04       40.47       59.53
2026-05-20 22:45:00 UTCUBUSDT      0.111160      22.45     3981        67629524.000000 -38726.000000 -0.06       0.767100    -0.000300   -0.04       43.41       56.59       1.055600    -0.001900   -0.18       51.35       48.65       0.677000    -0.002800   -0.41       40.37       59.63
2026-05-20 23:00:00 UTCUBUSDT      0.110590      20.95     9961        67671659.000000 42135.000000  0.06        0.766800    -0.000300   -0.04       43.40       56.60       1.060300    0.004700    0.45        51.46       48.54       0.677000    0.000000    0.00        40.37       59.63
2026-05-20 23:15:00 UTCUBUSDT      0.110470      20.64     5284        67685538.000000 13879.000000  0.02        0.763400    -0.003400   -0.44       43.29       56.71       1.061300    0.001000    0.09        51.49       48.51       0.666700    -0.010300   -1.52       40.00       60.00
2026-05-20 23:30:00 UTCUBUSDT      0.109900      19.18     5699        67756111.000000 70573.000000  0.10        0.762700    -0.000700   -0.09       43.27       56.73       1.063200    0.001900    0.18        51.53       48.47       0.662800    -0.003900   -0.58       39.86       60.14
2026-05-20 23:45:00 UTCUBUSDT      0.111430      32.89     6057        68010619.000000 254508.000000 0.38        0.758400    -0.004300   -0.56       43.13       56.87       1.060200    -0.003000   -0.28       51.46       48.54       0.663300    0.000500    0.08        39.88       60.12
2026-05-21 00:00:00 UTCUBUSDT      0.110450      29.45     9540        67808291.000000 -202328.000000-0.30       0.755600    -0.002800   -0.37       43.04       56.96       1.055700    -0.004500   -0.42       51.35       48.65       0.665000    0.001700    0.26        39.94       60.06
2026-05-21 00:15:00 UTCUBUSDT      0.111060      34.07     7211        67350353.000000 -457938.000000-0.68       0.756200    0.000600    0.08        43.06       56.94       1.076300    0.020600    1.95        51.84       48.16       0.673100    0.008100    1.22        40.23       59.77
2026-05-21 00:30:00 UTCUBUSDT      0.110720      32.78     6316        67454808.000000 104455.000000 0.16        0.761200    0.005000    0.66        43.22       56.78       1.086500    0.010200    0.95        52.07       47.93       0.672000    -0.001100   -0.16       40.19       59.81
2026-05-21 00:45:00 UTCUBUSDT      0.110620      32.39     5151        67558101.000000 103293.000000 0.15        0.758400    -0.002800   -0.37       43.13       56.87       1.082800    -0.003700   -0.34       51.99       48.01       0.675300    0.003300    0.49        40.31       59.69
2026-05-21 01:00:00 UTCUBUSDT      0.111820      41.38     7931        67673520.000000 115419.000000 0.17        0.759900    0.001500    0.20        43.18       56.82       1.087700    0.004900    0.45        52.10       47.90       0.668900    -0.006400   -0.95       40.08       59.92
2026-05-21 01:15:00 UTCUBUSDT      0.115110      57.90     14649       67566715.000000 -106805.000000-0.16       0.755300    -0.004600   -0.61       43.03       56.97       1.090400    0.002700    0.25        52.16       47.84       0.665600    -0.003300   -0.49       39.96       60.04
2026-05-21 01:30:00 UTCUBUSDT      0.114230      53.55     10584       67381646.000000 -185069.000000-0.27       0.751300    -0.004000   -0.53       42.90       57.10       1.100200    0.009800    0.90        52.38       47.62       0.662000    -0.003600   -0.54       39.83       60.17
2026-05-21 01:45:00 UTCUBUSDT      0.114340      54.02     8096        67220510.000000 -161136.000000-0.24       0.749200    -0.002100   -0.28       42.83       57.17       1.097900    -0.002300   -0.21       52.33       47.67       0.663300    0.001300    0.20        39.88       60.12
2026-05-21 02:00:00 UTCUBUSDT      0.116160      60.97     11198       67475028.000000 254518.000000 0.38        0.743400    -0.005800   -0.77       42.64       57.36       1.104500    0.006600    0.60        52.48       47.52       0.657800    -0.005500   -0.83       39.68       60.32
2026-05-21 02:15:00 UTCUBUSDT      0.115070      55.55     8456        67454046.000000 -20982.000000 -0.03       0.738500    -0.004900   -0.66       42.48       57.52       1.102200    -0.002300   -0.21       52.43       47.57       0.656200    -0.001600   -0.24       39.62       60.38
2026-05-21 02:30:00 UTCUBUSDT      0.114990      55.16     6367        67375697.000000 -78349.000000 -0.12       0.747600    0.009100    1.23        42.78       57.22       1.401500    0.299300    27.15       58.36       41.64       0.662500    0.006300    0.96        39.85       60.15
2026-05-21 02:45:00 UTCUBUSDT      0.115530      57.33     5987        67222923.000000 -152774.000000-0.23       0.746400    -0.001200   -0.16       42.74       57.26       1.398500    -0.003000   -0.21       58.31       41.69       0.663100    0.000600    0.09        39.87       60.13
2026-05-21 03:00:00 UTCUBUSDT      0.115090      55.00     10558       67216469.000000 -6454.000000  -0.01       0.747300    0.000900    0.12        42.77       57.23       1.398500    0.000000    0.00        58.31       41.69       0.663300    0.000200    0.03        39.88       60.12
2026-05-21 03:15:00 UTCUBUSDT      0.116110      59.14     6968        67340589.000000 124120.000000 0.18        0.761500    0.014200    1.90        43.23       56.77       1.406000    0.007500    0.54        58.44       41.56       0.668900    0.005600    0.84        40.08       59.92
2026-05-21 03:30:00 UTCUBUSDT      0.117570      64.22     7399        67216859.000000 -123730.000000-0.18       0.760600    -0.000900   -0.12       43.20       56.80       1.402300    -0.003700   -0.26       58.37       41.63       0.667800    -0.001100   -0.16       40.04       59.96
2026-05-21 03:45:00 UTCUBUSDT      0.116770      59.83     7103        67260400.000000 43541.000000  0.06        0.766200    0.005600    0.74        43.38       56.62       1.410400    0.008100    0.58        58.51       41.49       0.667800    0.000000    0.00        40.04       59.96
2026-05-21 04:00:00 UTCUBUSDT      0.115090      51.82     12492       67259345.000000 -1055.000000  -0.00       0.763400    -0.002800   -0.37       43.29       56.71       1.398000    -0.012400   -0.88       58.30       41.70       0.678100    0.010300    1.54        40.41       59.59
2026-05-21 04:15:00 UTCUBUSDT      0.113960      47.24     12224       67223396.000000 -35949.000000 -0.05       0.767100    0.003700    0.48        43.41       56.59       1.393500    -0.004500   -0.32       58.22       41.78       0.675900    -0.002200   -0.32       40.33       59.67
2026-05-21 04:30:00 UTCUBUSDT      0.112520      42.13     10593       67211528.000000 -11868.000000 -0.02       0.757200    -0.009900   -1.29       43.09       56.91       1.404900    0.011400    0.82        58.42       41.58       0.662200    -0.013700   -2.03       39.84       60.16
2026-05-21 04:45:00 UTCUBUSDT      0.111390      38.60     10429       67288285.000000 76757.000000  0.11        0.746100    -0.011100   -1.47       42.73       57.27       1.398300    -0.006600   -0.47       58.30       41.70       0.656200    -0.006000   -0.91       39.62       60.38
2026-05-21 05:00:00 UTCUBUSDT      0.112210      42.37     13033       67698342.000000 410057.000000 0.61        0.755000    0.008900    1.19        43.02       56.98       1.392200    -0.006100   -0.44       58.20       41.80       0.658600    0.002400    0.37        39.71       60.29
2026-05-21 05:15:00 UTCUBUSDT      0.110940      38.43     7764        68231072.000000 532730.000000 0.79        0.757200    0.002200    0.29        43.09       56.91       1.389900    -0.002300   -0.17       58.16       41.84       0.666100    0.007500    1.14        39.98       60.02
2026-05-21 05:30:00 UTCUBUSDT      0.110530      37.23     8189        68625722.000000 394650.000000 0.58        0.756500    -0.000700   -0.09       43.07       56.93       1.381500    -0.008400   -0.60       58.01       41.99       0.663600    -0.002500   -0.38       39.89       60.11
2026-05-21 05:45:00 UTCUBUSDT      0.110650      37.84     6722        68897535.000000 271813.000000 0.40        0.764900    0.008400    1.11        43.34       56.66       1.365600    -0.015900   -1.15       57.73       42.27       0.671100    0.007500    1.13        40.16       59.84
2026-05-21 06:00:00 UTCUBUSDT      0.109760      35.10     15981       69154411.000000 256876.000000 0.37        0.772700    0.007800    1.02        43.59       56.41       1.358600    -0.007000   -0.51       57.60       42.40       0.677000    0.005900    0.88        40.37       59.63
2026-05-21 06:15:00 UTCUBUSDT      0.110270      37.88     28425       70779301.000000 1624890.0000002.35        0.779700    0.007000    0.91        43.81       56.19       1.419000    0.060400    4.45        58.66       41.34       0.662800    -0.014200   -2.10       39.86       60.14
2026-05-21 06:30:00 UTCUBUSDT      0.111700      44.98     21954       71390006.000000 610705.000000 0.86        0.768700    -0.011000   -1.41       43.46       56.54       1.423700    0.004700    0.33        58.74       41.26       0.665800    0.003000    0.45        39.97       60.03
2026-05-21 06:45:00 UTCUBUSDT      0.108000      34.11     17692       70674850.000000 -715156.000000-1.00       0.762100    -0.006600   -0.86       43.25       56.75       1.397000    -0.026700   -1.88       58.28       41.72       0.661400    -0.004400   -0.66       39.81       60.19
2026-05-21 07:00:00 UTCUBUSDT      0.106990      31.85     24759       71108057.000000 433207.000000 0.61        0.764000    0.001900    0.25        43.31       56.69       1.387700    -0.009300   -0.67       58.12       41.88       0.651300    -0.010100   -1.53       39.44       60.56
2026-05-21 07:15:00 UTCUBUSDT      0.104850      27.66     19934       72470117.000000 1362060.0000001.92        0.759900    -0.004100   -0.54       43.18       56.82       1.382100    -0.005600   -0.40       58.02       41.98       0.651000    -0.000300   -0.05       39.43       60.57
2026-05-21 07:30:00 UTCUBUSDT      0.103970      26.14     23243       71843962.000000 -626155.000000-0.86       0.760600    0.000700    0.09        43.20       56.80       1.332200    -0.049900   -3.61       57.12       42.88       0.640700    -0.010300   -1.58       39.05       60.95
2026-05-21 07:45:00 UTCUBUSDT      0.103830      25.90     10056       71557360.000000 -286602.000000-0.40       0.766500    0.005900    0.78        43.39       56.61       1.329500    -0.002700   -0.20       57.07       42.93       0.643900    0.003200    0.50        39.17       60.83
2026-05-21 08:00:00 UTCUBUSDT      0.103040      24.51     16409       71744434.000000 187074.000000 0.26        0.766200    -0.000300   -0.04       43.38       56.62       1.323100    -0.006400   -0.48       56.95       43.05       0.648800    0.004900    0.76        39.35       60.65
2026-05-21 08:15:00 UTCUBUSDT      0.104540      31.98     15859       72078706.000000 334272.000000 0.47        0.783800    0.017600    2.30        43.94       56.06       1.332500    0.009400    0.71        57.13       42.87       0.660000    0.011200    1.73        39.76       60.24
2026-05-21 08:30:00 UTCUBUSDT      0.103900      30.58     10164       71951638.000000 -127068.000000-0.18       0.783200    -0.000600   -0.08       43.92       56.08       1.338000    0.005500    0.41        57.23       42.77       0.666100    0.006100    0.92        39.98       60.02
2026-05-21 08:45:00 UTCUBUSDT      0.103550      29.82     8731        71934631.000000 -17007.000000 -0.02       0.781600    -0.001600   -0.20       43.87       56.13       1.335500    -0.002500   -0.19       57.18       42.82       0.663900    -0.002200   -0.33       39.90       60.10
2026-05-21 09:00:00 UTCUBUSDT      0.103170      28.98     8345        72028163.000000 93532.000000  0.13        0.792100    0.010500    1.34        44.20       55.80       1.352500    0.017000    1.27        57.49       42.51       0.663300    -0.000600   -0.09       39.88       60.12
2026-05-21 09:15:00 UTCUBUSDT      0.103030      28.65     8267        72072440.000000 44277.000000  0.06        0.791500    -0.000600   -0.08       44.18       55.82       1.350500    -0.002000   -0.15       57.45       42.55       0.666900    0.003600    0.54        40.01       59.99
2026-05-21 09:30:00 UTCUBUSDT      0.101800      25.92     17869       72281888.000000 209448.000000 0.29        0.787600    -0.003900   -0.49       44.06       55.94       1.343000    -0.007500   -0.56       57.32       42.68       0.669400    0.002500    0.37        40.10       59.90
2026-05-21 09:45:00 UTCUBUSDT      0.100840      24.00     13732       71499609.000000 -782279.000000-1.08       0.796600    0.009000    1.14        44.34       55.66       1.319900    -0.023100   -1.72       56.89       43.11       0.670300    0.000900    0.13        40.13       59.87
2026-05-21 10:00:00 UTCUBUSDT      0.099980      22.40     19335       71683091.000000 183482.000000 0.26        0.793100    -0.003500   -0.44       44.23       55.77       1.315300    -0.004600   -0.35       56.81       43.19       0.665800    -0.004500   -0.67       39.97       60.03
2026-05-21 10:15:00 UTCUBUSDT      0.099770      22.01     21343       72477106.000000 794015.000000 1.11        0.794700    0.001600    0.20        44.28       55.72       1.336500    0.021200    1.61        57.20       42.80       0.661700    -0.004100   -0.62       39.82       60.18
2026-05-21 10:30:00 UTCUBUSDT      0.101700      33.39     25595       72007084.000000 -470022.000000-0.65       0.775300    -0.019400   -2.44       43.67       56.33       1.316900    -0.019600   -1.47       56.84       43.16       0.646400    -0.015300   -2.31       39.26       60.74
2026-05-21 10:45:00 UTCUBUSDT      0.103800      43.11     14515       71808016.000000 -199068.000000-0.28       0.768700    -0.006600   -0.85       43.46       56.54       1.331200    0.014300    1.09        57.10       42.90       0.649100    0.002700    0.42        39.36       60.64
2026-05-21 11:00:00 UTCUBUSDT      0.104470      45.83     20727       71868539.000000 60523.000000  0.08        0.765800    -0.002900   -0.38       43.37       56.63       1.332400    0.001200    0.09        57.12       42.88       0.651000    0.001900    0.29        39.43       60.57
2026-05-21 11:15:00 UTCUBUSDT      0.102820      40.67     16853       71457115.000000 -411424.000000-0.57       0.761200    -0.004600   -0.60       43.22       56.78       1.331500    -0.000900   -0.07       57.11       42.89       0.645000    -0.006000   -0.92       39.21       60.79
2026-05-21 11:30:00 UTCUBUSDT      0.104140      45.91     10834       71223774.000000 -233341.000000-0.33       0.758400    -0.002800   -0.37       43.13       56.87       1.340700    0.009200    0.69        57.28       42.72       0.643700    -0.001300   -0.20       39.16       60.84
2026-05-21 11:45:00 UTCUBUSDT      0.107090      55.39     30303       71139426.000000 -84348.000000 -0.12       0.758700    0.000300    0.04        43.14       56.86       1.320700    -0.020000   -1.49       56.91       43.09       0.646900    0.003200    0.50        39.28       60.72
2026-05-21 12:00:00 UTCUBUSDT      0.108940      60.11     33366       73217820.000000 2078394.0000002.92        0.750400    -0.008300   -1.09       42.87       57.13       1.378200    0.057500    4.35        57.95       42.05       0.644700    -0.002200   -0.34       39.20       60.80
2026-05-21 12:15:00 UTCUBUSDT      0.111440      65.44     28114       73270560.000000 52740.000000  0.07        0.740300    -0.010100   -1.35       42.54       57.46       1.435000    0.056800    4.12        58.93       41.07       0.632900    -0.011800   -1.83       38.76       61.24
2026-05-21 12:30:00 UTCUBUSDT      0.108940      57.21     41004       72331666.000000 -938894.000000-1.28       0.726800    -0.013500   -1.82       42.09       57.91       1.439900    0.004900    0.34        59.02       40.98       0.625000    -0.007900   -1.25       38.46       61.54
2026-05-21 12:45:00 UTCUBUSDT      0.111980      63.26     39780       72030761.000000 -300905.000000-0.42       0.728900    0.002100    0.29        42.16       57.84       1.441400    0.001500    0.10        59.04       40.96       0.634500    0.009500    1.52        38.82       61.18
2026-05-21 13:00:00 UTCUBUSDT      0.108620      54.15     26225       71576647.000000 -454114.000000-0.63       0.735200    0.006300    0.86        42.37       57.63       1.444300    0.002900    0.20        59.09       40.91       0.631600    -0.002900   -0.46       38.71       61.29
2026-05-21 13:15:00 UTCUBUSDT      0.106790      49.93     13758       72023307.000000 446660.000000 0.62        0.734600    -0.000600   -0.08       42.35       57.65       1.476400    0.032100    2.22        59.62       40.38       0.624200    -0.007400   -1.17       38.43       61.57
2026-05-21 13:30:00 UTCUBUSDT      0.105660      47.48     18457       71868883.000000 -154424.000000-0.21       0.740600    0.006000    0.82        42.55       57.45       1.483300    0.006900    0.47        59.73       40.27       0.626000    0.001800    0.29        38.50       61.50
2026-05-21 13:45:00 UTCUBUSDT      0.103340      42.81     17520       72584026.000000 715143.000000 1.00        0.738500    -0.002100   -0.28       42.48       57.52       1.406300    -0.077000   -5.19       58.44       41.56       0.620700    -0.005300   -0.85       38.30       61.70
2026-05-21 14:00:00 UTCUBUSDT      0.103070      42.29     30490       73911304.000000 1327278.0000001.83        0.741300    0.002800    0.38        42.57       57.43       1.389100    -0.017200   -1.22       58.14       41.86       0.616800    -0.003900   -0.63       38.15       61.85
2026-05-21 14:15:00 UTCUBUSDT      0.103700      44.00     27868       74570359.000000 659055.000000 0.89        0.743400    0.002100    0.28        42.64       57.36       1.328900    -0.060200   -4.33       57.06       42.94       0.627300    0.010500    1.70        38.55       61.45
2026-05-21 14:30:00 UTCUBUSDT      0.100720      38.23     23245       74731573.000000 161214.000000 0.22        0.730400    -0.013000   -1.75       42.21       57.79       1.313700    -0.015200   -1.14       56.78       43.22       0.617600    -0.009700   -1.55       38.18       61.82
2026-05-21 14:45:00 UTCUBUSDT      0.100340      37.56     20983       74516610.000000 -214963.000000-0.29       0.748300    0.017900    2.45        42.80       57.20       1.310100    -0.003600   -0.27       56.71       43.29       0.635300    0.017700    2.87        38.85       61.15
2026-05-21 15:00:00 UTCUBUSDT      0.099030      35.24     26371       74637633.000000 121023.000000 0.16        0.740600    -0.007700   -1.03       42.55       57.45       1.296100    -0.014000   -1.07       56.45       43.55       0.632400    -0.002900   -0.46       38.74       61.26
2026-05-21 15:15:00 UTCUBUSDT      0.099500      36.75     17430       74978940.000000 341307.000000 0.46        0.734300    -0.006300   -0.85       42.34       57.66       1.289500    -0.006600   -0.51       56.32       43.68       0.621500    -0.010900   -1.72       38.33       61.67
2026-05-21 15:30:00 UTCUBUSDT      0.097390      33.03     20205       75341349.000000 362409.000000 0.48        0.746700    0.012400    1.69        42.75       57.25       1.272500    -0.017000   -1.32       56.00       44.00       0.642600    0.021100    3.40        39.12       60.88
2026-05-21 15:45:00 UTCUBUSDT      0.095830      30.57     22388       75647155.000000 305806.000000 0.41        0.756200    0.009500    1.27        43.06       56.94       1.264300    -0.008200   -0.64       55.84       44.16       0.638800    -0.003800   -0.59       38.98       61.02
2026-05-21 16:00:00 UTCUBUSDT      0.099000      40.30     23482       76124242.000000 477087.000000 0.63        0.753500    -0.002700   -0.36       42.97       57.03       1.265000    0.000700    0.06        55.85       44.15       0.633200    -0.005600   -0.88       38.77       61.23
2026-05-21 16:15:00 UTCUBUSDT      0.095680      34.80     18201       75968727.000000 -155515.000000-0.20       0.758100    0.004600    0.61        43.12       56.88       1.261800    -0.003200   -0.25       55.79       44.21       0.639900    0.006700    1.06        39.02       60.98
2026-05-21 16:30:00 UTCUBUSDT      0.095220      34.11     23025       76484552.000000 515825.000000 0.68        0.763400    0.005300    0.70        43.29       56.71       1.235900    -0.025900   -2.05       55.27       44.73       0.651500    0.011600    1.81        39.45       60.55
2026-05-21 16:45:00 UTCUBUSDT      0.094990      33.74     13396       76882991.000000 398439.000000 0.52        0.760900    -0.002500   -0.33       43.21       56.79       1.259600    0.023700    1.92        55.75       44.25       0.639600    -0.011900   -1.83       39.01       60.99
2026-05-21 17:00:00 UTCUBUSDT      0.094510      32.96     13796       77059823.000000 176832.000000 0.23        0.757800    -0.003100   -0.41       43.11       56.89       1.249100    -0.010500   -0.83       55.54       44.46       0.637500    -0.002100   -0.33       38.93       61.07
2026-05-21 17:15:00 UTCUBUSDT      0.095170      35.20     18097       77494928.000000 435105.000000 0.56        0.755900    -0.001900   -0.25       43.05       56.95       1.229800    -0.019300   -1.55       55.15       44.85       0.643100    0.005600    0.88        39.14       60.86
2026-05-21 17:30:00 UTCUBUSDT      0.095600      36.68     10953       77340415.000000 -154513.000000-0.20       0.749500    -0.006400   -0.85       42.84       57.16       1.238000    0.008200    0.67        55.32       44.68       0.636700    -0.006400   -1.00       38.90       61.10
2026-05-21 17:45:00 UTCUBUSDT      0.094580      34.65     8808        77384908.000000 44493.000000  0.06        0.746700    -0.002800   -0.37       42.75       57.25       1.222400    -0.015600   -1.26       55.00       45.00       0.641500    0.004800    0.75        39.08       60.92
2026-05-21 18:00:00 UTCUBUSDT      0.093880      33.29     13173       77685403.000000 300495.000000 0.39        0.751300    0.004600    0.62        42.90       57.10       1.215800    -0.006600   -0.54       54.87       45.13       0.642800    0.001300    0.20        39.13       60.87
2026-05-21 18:15:00 UTCUBUSDT      0.092560      30.83     12984       77991150.000000 305747.000000 0.39        0.754400    0.003100    0.41        43.00       57.00       1.233800    0.018000    1.48        55.23       44.77       0.635100    -0.007700   -1.20       38.84       61.16
2026-05-21 18:30:00 UTCUBUSDT      0.091110      28.36     16686       78232519.000000 241369.000000 0.31        0.762700    0.008300    1.10        43.27       56.73       1.249400    0.015600    1.26        55.54       44.46       0.638500    0.003400    0.54        38.97       61.03
2026-05-21 18:45:00 UTCUBUSDT      0.091100      28.34     11098       78852720.000000 620201.000000 0.79        0.769300    0.006600    0.87        43.48       56.52       1.229500    -0.019900   -1.59       55.15       44.85       0.640700    0.002200    0.34        39.05       60.95
2026-05-21 19:00:00 UTCUBUSDT      0.091620      30.66     17439       79245637.000000 392917.000000 0.50        0.755900    -0.013400   -1.74       43.05       56.95       1.243100    0.013600    1.11        55.42       44.58       0.632700    -0.008000   -1.25       38.75       61.25
2026-05-21 19:15:00 UTCUBUSDT      0.091110      29.64     8551        79477623.000000 231986.000000 0.29        0.760600    0.004700    0.62        43.20       56.80       1.252000    0.008900    0.72        55.60       44.40       0.635300    0.002600    0.41        38.85       61.15
2026-05-21 19:30:00 UTCUBUSDT      0.090720      28.86     9172        79555929.000000 78306.000000  0.10        0.757500    -0.003100   -0.41       43.10       56.90       1.247900    -0.004100   -0.33       55.51       44.49       0.638500    0.003200    0.50        38.97       61.03
2026-05-21 19:45:00 UTCUBUSDT      0.091830      34.20     9658        79776833.000000 220904.000000 0.28        0.757500    0.000000    0.00        43.10       56.90       1.238700    -0.009200   -0.74       55.33       44.67       0.641200    0.002700    0.42        39.07       60.93
2026-05-21 20:00:00 UTCUBUSDT      0.091240      32.79     8884        79916862.000000 140029.000000 0.18        0.758400    0.000900    0.12        43.13       56.87       1.238200    -0.000500   -0.04       55.32       44.68       0.639900    -0.001300   -0.20       39.02       60.98
2026-05-21 20:15:00 UTCUBUSDT      0.090950      32.09     6979        79975756.000000 58894.000000  0.07        0.758700    0.000300    0.04        43.14       56.86       1.241600    0.003400    0.27        55.39       44.61       0.638800    -0.001100   -0.17       38.98       61.02
2026-05-21 20:30:00 UTCUBUSDT      0.091230      33.56     6825        80327832.000000 352076.000000 0.44        0.762700    0.004000    0.53        43.27       56.73       1.242600    0.001000    0.08        55.41       44.59       0.645300    0.006500    1.02        39.22       60.78
2026-05-21 20:45:00 UTCUBUSDT      0.092010      37.62     7984        80600671.000000 272839.000000 0.34        0.766800    0.004100    0.54        43.40       56.60       1.241100    -0.001500   -0.12       55.38       44.62       0.647700    0.002400    0.37        39.31       60.69
2026-05-21 21:00:00 UTCUBUSDT      0.092880      41.89     9315        80508066.000000 -92605.000000 -0.11       0.766500    -0.000300   -0.04       43.39       56.61       1.249300    0.008200    0.66        55.54       44.46       0.644700    -0.003000   -0.46       39.20       60.80
2026-05-21 21:15:00 UTCUBUSDT      0.091710      38.11     6253        80191894.000000 -316172.000000-0.39       0.775300    0.008800    1.15        43.67       56.33       1.239700    -0.009600   -0.77       55.35       44.65       0.652900    0.008200    1.27        39.50       60.50
2026-05-21 21:30:00 UTCUBUSDT      0.092840      43.42     5019        80470581.000000 278687.000000 0.35        0.770200    -0.005100   -0.66       43.51       56.49       1.231000    -0.008700   -0.70       55.18       44.82       0.653700    0.000800    0.12        39.53       60.47
2026-05-21 21:45:00 UTCUBUSDT      0.092380      41.84     5460        80161647.000000 -308934.000000-0.38       0.770900    0.000700    0.09        43.53       56.47       1.227200    -0.003800   -0.31       55.10       44.90       0.658900    0.005200    0.80        39.72       60.28
2026-05-21 22:00:00 UTCUBUSDT      0.091140      37.86     8855        79981538.000000 -180109.000000-0.22       0.773400    0.002500    0.32        43.61       56.39       1.228900    0.001700    0.14        55.13       44.87       0.656700    -0.002200   -0.33       39.64       60.36
2026-05-21 22:15:00 UTCUBUSDT      0.092060      42.25     5345        79955159.000000 -26379.000000 -0.03       0.763700    -0.009700   -1.25       43.30       56.70       1.224100    -0.004800   -0.39       55.04       44.96       0.653400    -0.003300   -0.50       39.52       60.48
2026-05-21 22:30:00 UTCUBUSDT      0.091430      40.16     4877        79998118.000000 42959.000000  0.05        0.765800    0.002100    0.27        43.37       56.63       1.224800    0.000700    0.06        55.05       44.95       0.653700    0.000300    0.05        39.53       60.47
2026-05-21 22:45:00 UTCUBUSDT      0.090870      38.34     4459        80204368.000000 206250.000000 0.26        0.773400    0.007600    0.99        43.61       56.39       1.225400    0.000600    0.05        55.06       44.94       0.659500    0.005800    0.89        39.74       60.26
2026-05-21 23:00:00 UTCUBUSDT      0.090690      37.75     7662        80543220.000000 338852.000000 0.42        0.772100    -0.001300   -0.17       43.57       56.43       1.224600    -0.000800   -0.07       55.05       44.95       0.660300    0.000800    0.12        39.77       60.23
2026-05-21 23:15:00 UTCUBUSDT      0.091620      42.67     4529        80902136.000000 358916.000000 0.45        0.772700    0.000600    0.08        43.59       56.41       1.226600    0.002000    0.16        55.09       44.91       0.661400    0.001100    0.17        39.81       60.19
2026-05-21 23:30:00 UTCUBUSDT      0.091100      40.73     4624        81039141.000000 137005.000000 0.17        0.762700    -0.010000   -1.29       43.27       56.73       1.218600    -0.008000   -0.65       54.93       45.07       0.657600    -0.003800   -0.57       39.67       60.33
2026-05-21 23:45:00 UTCUBUSDT      0.091370      42.20     4019        81045923.000000 6782.000000   0.01        0.759300    -0.003400   -0.45       43.16       56.84       1.204300    -0.014300   -1.17       54.63       45.37       0.658900    0.001300    0.20        39.72       60.28
2026-05-22 00:00:00 UTCUBUSDT      0.089690      36.19     14030       80992644.000000 -53279.000000 -0.07       0.764900    0.005600    0.74        43.34       56.66       1.207400    0.003100    0.26        54.70       45.30       0.662800    0.003900    0.59        39.86       60.14
2026-05-22 00:15:00 UTCUBUSDT      0.089440      35.39     14836       80616425.000000 -376219.000000-0.46       0.764600    -0.000300   -0.04       43.33       56.67       1.226800    0.019400    1.61        55.09       44.91       0.650700    -0.012100   -1.83       39.42       60.58
2026-05-22 00:30:00 UTCUBUSDT      0.089000      33.95     7290        80642863.000000 26438.000000  0.03        0.754400    -0.010200   -1.33       43.00       57.00       1.243700    0.016900    1.38        55.43       44.57       0.641500    -0.009200   -1.41       39.08       60.92
2026-05-22 00:45:00 UTCUBUSDT      0.089400      36.47     6137        80865729.000000 222866.000000 0.28        0.750700    -0.003700   -0.49       42.88       57.12       1.244600    0.000900    0.07        55.45       44.55       0.636700    -0.004800   -0.75       38.90       61.10
2026-05-22 01:00:00 UTCUBUSDT      0.088950      34.86     8699        81035956.000000 170227.000000 0.21        0.756500    0.005800    0.77        43.07       56.93       1.244400    -0.000200   -0.02       55.44       44.56       0.640200    0.003500    0.55        39.03       60.97
2026-05-22 01:15:00 UTCUBUSDT      0.088850      34.50     8739        81446122.000000 410166.000000 0.51        0.748900    -0.007600   -1.00       42.82       57.18       1.247100    0.002700    0.22        55.50       44.50       0.640400    0.000200    0.03        39.04       60.96
2026-05-22 01:30:00 UTCUBUSDT      0.093760      57.84     36022       81619064.000000 172942.000000 0.21        0.747300    -0.001600   -0.21       42.77       57.23       1.263200    0.016100    1.29        55.81       44.19       0.631300    -0.009100   -1.42       38.70       61.30
2026-05-22 01:45:00 UTCUBUSDT      0.094840      61.12     22759       79639483.000000 -1979581.000000-2.43       0.712300    -0.035000   -4.68       41.60       58.40       1.293700    0.030500    2.41        56.40       43.60       0.618900    -0.012400   -1.96       38.23       61.77
2026-05-22 02:00:00 UTCUBUSDT      0.095270      62.38     27687       80305948.000000 666465.000000 0.84        0.710300    -0.002000   -0.28       41.53       58.47       1.317100    0.023400    1.81        56.84       43.16       0.616600    -0.002300   -0.37       38.14       61.86
2026-05-22 02:15:00 UTCUBUSDT      0.095650      63.50     25003       79459011.000000 -846937.000000-1.05       0.707100    -0.003200   -0.45       41.42       58.58       1.330000    0.012900    0.98        57.08       42.92       0.624400    0.007800    1.27        38.44       61.56
2026-05-22 02:30:00 UTCUBUSDT      0.094960      60.00     15130       79948987.000000 489976.000000 0.62        0.707700    0.000600    0.08        41.44       58.56       1.331700    0.001700    0.13        57.11       42.89       0.620200    -0.004200   -0.67       38.28       61.72
2026-05-22 02:45:00 UTCUBUSDT      0.095080      60.41     9281        80166465.000000 217478.000000 0.27        0.705000    -0.002700   -0.38       41.35       58.65       1.334200    0.002500    0.19        57.16       42.84       0.615000    -0.005200   -0.84       38.08       61.92
2026-05-22 03:00:00 UTCUBUSDT      0.093540      52.94     12731       80386400.000000 219935.000000 0.27        0.707900    0.002900    0.41        41.45       58.55       1.320500    -0.013700   -1.03       56.91       43.09       0.617600    0.002600    0.42        38.18       61.82
2026-05-22 03:15:00 UTCUBUSDT      0.094220      55.55     7609        79872072.000000 -514328.000000-0.64       0.706800    -0.001100   -0.16       41.41       58.59       1.304100    -0.016400   -1.24       56.60       43.40       0.615200    -0.002400   -0.39       38.09       61.91
2026-05-22 03:30:00 UTCUBUSDT      0.095220      59.15     7942        79590157.000000 -281915.000000-0.35       0.711400    0.004600    0.65        41.57       58.43       1.296600    -0.007500   -0.58       56.46       43.54       0.610800    -0.004400   -0.72       37.92       62.08
2026-05-22 03:45:00 UTCUBUSDT      0.094450      55.43     8582        79474032.000000 -116125.000000-0.15       0.705000    -0.006400   -0.90       41.35       58.65       1.294600    -0.002000   -0.15       56.42       43.58       0.616300    0.005500    0.90        38.13       61.87
2026-05-22 04:00:00 UTCUBUSDT      0.094030      53.46     5826        79531839.000000 57807.000000  0.07        0.707900    0.002900    0.41        41.45       58.55       1.297700    0.003100    0.24        56.48       43.52       0.613900    -0.002400   -0.39       38.04       61.96
2026-05-22 04:15:00 UTCUBUSDT      0.092570      47.17     10218       79472777.000000 -59062.000000 -0.07       0.712300    0.004400    0.62        41.60       58.40       1.300000    0.002300    0.18        56.52       43.48       0.615200    0.001300    0.21        38.09       61.91
2026-05-22 04:30:00 UTCUBUSDT      0.091530      43.26     10687       79243840.000000 -228937.000000-0.29       0.717600    0.005300    0.74        41.78       58.22       1.324600    0.024600    1.89        56.98       43.02       0.617300    0.002100    0.34        38.17       61.83
2026-05-22 04:45:00 UTCUBUSDT      0.092070      45.77     8369        78962867.000000 -280973.000000-0.35       0.712900    -0.004700   -0.65       41.62       58.38       1.337700    0.013100    0.99        57.22       42.78       0.608800    -0.008500   -1.38       37.84       62.16
2026-05-22 05:00:00 UTCUBUSDT      0.094010      53.70     13899       79349734.000000 386867.000000 0.49        0.712000    -0.000900   -0.13       41.59       58.41       1.355000    0.017300    1.29        57.54       42.46       0.604900    -0.003900   -0.64       37.69       62.31
2026-05-22 05:15:00 UTCUBUSDT      0.094120      54.11     12176       79615349.000000 265615.000000 0.33        0.720300    0.008300    1.17        41.87       58.13       1.365400    0.010400    0.77        57.72       42.28       0.611900    0.007000    1.16        37.96       62.04
2026-05-22 05:30:00 UTCUBUSDT      0.093860      52.92     6887        79813703.000000 198354.000000 0.25        0.714100    -0.006200   -0.86       41.66       58.34       1.368900    0.003500    0.26        57.79       42.21       0.616000    0.004100    0.67        38.12       61.88
2026-05-22 05:45:00 UTCUBUSDT      0.092680      47.78     9095        79812616.000000 -1087.000000  -0.00       0.712000    -0.002100   -0.29       41.59       58.41       1.367000    -0.001900   -0.14       57.75       42.25       0.611900    -0.004100   -0.67       37.96       62.04
2026-05-22 06:00:00 UTCUBUSDT      0.092500      47.02     9740        79713213.000000 -99403.000000 -0.12       0.720000    0.008000    1.12        41.86       58.14       1.375500    0.008500    0.62        57.90       42.10       0.622300    0.010400    1.70        38.36       61.64
2026-05-22 06:15:00 UTCUBUSDT      0.093560      51.82     10049       79423038.000000 -290175.000000-0.36       0.718500    -0.001500   -0.21       41.81       58.19       1.376200    0.000700    0.05        57.92       42.08       0.620700    -0.001600   -0.26       38.30       61.70
2026-05-22 06:30:00 UTCUBUSDT      0.095260      58.34     9759        78919639.000000 -503399.000000-0.63       0.708500    -0.010000   -1.39       41.47       58.53       1.382100    0.005900    0.43        58.02       41.98       0.610300    -0.010400   -1.68       37.90       62.10
2026-05-22 06:45:00 UTCUBUSDT      0.096750      63.06     12878       78741411.000000 -178228.000000-0.23       0.706500    -0.002000   -0.28       41.40       58.60       1.386100    0.004000    0.29        58.09       41.91       0.604400    -0.005900   -0.97       37.67       62.33
2026-05-22 07:00:00 UTCUBUSDT      0.096640      62.50     19572       78733783.000000 -7628.000000  -0.01       0.702100    -0.004400   -0.62       41.25       58.75       1.374200    -0.011900   -0.86       57.88       42.12       0.612400    0.008000    1.32        37.98       62.02
2026-05-22 07:15:00 UTCUBUSDT      0.097980      66.43     13401       78624660.000000 -109123.000000-0.14       0.694300    -0.007800   -1.11       40.98       59.02       1.383800    0.009600    0.70        58.05       41.95       0.602300    -0.010100   -1.65       37.59       62.41
2026-05-22 07:30:00 UTCUBUSDT      0.098010      66.51     12742       78012018.000000 -612642.000000-0.78       0.682400    -0.011900   -1.71       40.56       59.44       1.374900    -0.008900   -0.64       57.89       42.11       0.595900    -0.006400   -1.06       37.34       62.66
2026-05-22 07:45:00 UTCUBUSDT      0.094600      50.83     15561       77820067.000000 -191951.000000-0.25       0.690900    0.008500    1.25        40.86       59.14       1.382300    0.007400    0.54        58.02       41.98       0.603100    0.007200    1.21        37.62       62.38
2026-05-22 08:00:00 UTCUBUSDT      0.093960      48.52     24047       77704532.000000 -115535.000000-0.15       0.698400    0.007500    1.09        41.12       58.88       1.393200    0.010900    0.79        58.22       41.78       0.607200    0.004100    0.68        37.78       62.22
2026-05-22 08:15:00 UTCUBUSDT      0.096390      56.59     25070       77915984.000000 211452.000000 0.27        0.707400    0.009000    1.29        41.43       58.57       1.387300    -0.005900   -0.42       58.11       41.89       0.613200    0.006000    0.99        38.01       61.99
2026-05-22 08:30:00 UTCUBUSDT      0.101870      68.56     49082       77631472.000000 -284512.000000-0.37       0.697800    -0.009600   -1.36       41.10       58.90       1.425300    0.038000    2.74        58.77       41.23       0.605700    -0.007500   -1.22       37.72       62.28
2026-05-22 08:45:00 UTCUBUSDT      0.101120      65.89     27233       77020212.000000 -611260.000000-0.79       0.686900    -0.010900   -1.56       40.72       59.28       1.390900    -0.034400   -2.41       58.18       41.82       0.607200    0.001500    0.25        37.78       62.22
2026-05-22 09:00:00 UTCUBUSDT      0.102690      68.65     22636       77238051.000000 217839.000000 0.28        0.686300    -0.000600   -0.09       40.70       59.30       1.404400    0.013500    0.97        58.41       41.59       0.600500    -0.006700   -1.10       37.52       62.48
2026-05-22 09:15:00 UTCUBUSDT      0.102000      66.11     18241       77284541.000000 46490.000000  0.06        0.679000    -0.007300   -1.06       40.44       59.56       1.403400    -0.001000   -0.07       58.39       41.61       0.601800    0.001300    0.22        37.57       62.43
2026-05-22 09:30:00 UTCUBUSDT      0.101040      62.65     16967       77393757.000000 109216.000000 0.14        0.682900    0.003900    0.57        40.58       59.42       1.406000    0.002600    0.19        58.44       41.56       0.601500    -0.000300   -0.05       37.56       62.44
2026-05-22 09:45:00 UTCUBUSDT      0.102120      64.88     16509       76852412.000000 -541345.000000-0.70       0.686100    0.003200    0.47        40.69       59.31       1.412800    0.006800    0.48        58.55       41.45       0.605700    0.004200    0.70        37.72       62.28
2026-05-22 10:00:00 UTCUBUSDT      0.102090      64.76     14953       76495993.000000 -356419.000000-0.46       0.686100    0.000000    0.00        40.69       59.31       1.421700    0.008900    0.63        58.71       41.29       0.607200    0.001500    0.25        37.78       62.22
2026-05-22 10:15:00 UTCUBUSDT      0.107110      73.33     35766       76528463.000000 32470.000000  0.04        0.698400    0.012300    1.79        41.12       58.88       1.412400    -0.009300   -0.65       58.55       41.45       0.620700    0.013500    2.22        38.30       61.70
2026-05-22 10:30:00 UTCUBUSDT      0.110060      76.89     46164       76446131.000000 -82332.000000 -0.11       0.697800    -0.000600   -0.09       41.10       58.90       1.420000    0.007600    0.54        58.68       41.32       0.627300    0.006600    1.06        38.55       61.45
2026-05-22 10:45:00 UTCUBUSDT      0.103440      58.15     52552       76513990.000000 67859.000000  0.09        0.693200    -0.004600   -0.66       40.94       59.06       1.407400    -0.012600   -0.89       58.46       41.54       0.625000    -0.002300   -0.37       38.46       61.54
2026-05-22 11:00:00 UTCUBUSDT      0.106780      63.04     38022       75096945.000000 -1417045.000000-1.85       0.719100    0.025900    3.74        41.83       58.17       1.409600    0.002200    0.16        58.50       41.50       0.638000    0.013000    2.08        38.95       61.05
2026-05-22 11:15:00 UTCUBUSDT      0.110170      67.23     31194       75026993.000000 -69952.000000 -0.09       0.709100    -0.010000   -1.39       41.49       58.51       1.403800    -0.005800   -0.41       58.40       41.60       0.631600    -0.006400   -1.00       38.71       61.29
2026-05-22 11:30:00 UTCUBUSDT      0.109960      66.73     22874       75770804.000000 743811.000000 0.99        0.710000    0.000900    0.13        41.52       58.48       1.387800    -0.016000   -1.14       58.12       41.88       0.628400    -0.003200   -0.51       38.59       61.41
2026-05-22 11:45:00 UTCUBUSDT      0.108990      64.33     14459       76262758.000000 491954.000000 0.65        0.701300    -0.008700   -1.23       41.22       58.78       1.371500    -0.016300   -1.17       57.83       42.17       0.623100    -0.005300   -0.84       38.39       61.61
2026-05-22 12:00:00 UTCUBUSDT      0.109630      65.21     19446       76043506.000000 -219252.000000-0.29       0.697200    -0.004100   -0.58       41.08       58.92       1.374700    0.003200    0.23        57.89       42.11       0.615500    -0.007600   -1.22       38.10       61.90
2026-05-22 12:15:00 UTCUBUSDT      0.108960      63.43     14230       76338467.000000 294961.000000 0.39        0.700100    0.002900    0.42        41.18       58.82       1.391300    0.016600    1.21        58.18       41.82       0.611900    -0.003600   -0.58       37.96       62.04
2026-05-22 12:30:00 UTCUBUSDT      0.109550      64.36     19566       76314040.000000 -24427.000000 -0.03       0.696600    -0.003500   -0.50       41.06       58.94       1.382700    -0.008600   -0.62       58.03       41.97       0.619200    0.007300    1.19        38.24       61.76
2026-05-22 12:45:00 UTCUBUSDT      0.112000      67.97     27275       76490293.000000 176253.000000 0.23        0.694600    -0.002000   -0.29       40.99       59.01       1.399200    0.016500    1.19        58.32       41.68       0.610800    -0.008400   -1.36       37.92       62.08
2026-05-22 13:00:00 UTCUBUSDT      0.112290      68.38     29922       76697950.000000 207657.000000 0.27        0.701300    0.006700    0.96        41.22       58.78       1.390900    -0.008300   -0.59       58.18       41.82       0.617300    0.006500    1.06        38.17       61.83
2026-05-22 13:15:00 UTCUBUSDT      0.112990      69.40     64907       77197416.000000 499466.000000 0.65        0.696100    -0.005200   -0.74       41.04       58.96       1.363600    -0.027300   -1.96       57.69       42.31       0.624700    0.007400    1.20        38.45       61.55
2026-05-22 13:30:00 UTCUBUSDT      0.119460      76.82     71037       77094858.000000 -102558.000000-0.13       0.681200    -0.014900   -2.14       40.52       59.48       1.388700    0.025100    1.84        58.14       41.86       0.606400    -0.018300   -2.93       37.75       62.25
2026-05-22 13:45:00 UTCUBUSDT      0.127950      82.73     71221       77082644.000000 -12214.000000 -0.02       0.679300    -0.001900   -0.28       40.45       59.55       1.381200    -0.007500   -0.54       58.00       42.00       0.610000    0.003600    0.59        37.89       62.11

==============================================================================================================
LAST SNAPSHOT
==============================================================================================================
Time                : 2026-05-22 13:45:00 UTC
Symbol              : UBUSDT
Close               : 0.127950
RSI(14)            : 82.73
Number of Trades    : 71221
Volume              : 27966900.000000
Quote Volume        : 3541501.975810

Open Interest       : 77082644.000000
OI Change           : -12214.000000
OI Change %         : -0.02%
OI Value            : 9174891.200942

Top Acco L/S Ratio  : 0.679300
Top Acco L/S Change : -0.001900
Top Acco Chg %      : -0.28%
Top Acco Long %     : 40.45
Top Acco Short %    : 59.55

Top Posit L/S Ratio : 1.381200
Top Posit L/S Change: -0.007500
Top Posit Chg %     : -0.54%
Top Posit Long %    : 58.00
Top Posit Short %   : 42.00

Global L/S Ratio    : 0.610000
Global L/S Change   : 0.003600
Global Chg %        : 0.59%
Global Long %       : 37.89
Global Short %      : 62.11

[Program finished]
