####################################################################################################
FETCHING BINANCE FUTURES DATA ...
####################################################################################################
SYMBOL     : RAVEUSDT
PERIOD     : 1h
LIMIT      : 100
RSI_PERIOD : 14

========================================================================================================================================================================================================================================================================================================================================================================
BINANCE FUTURES MERGED DATA (L.S + OI + RSI + TRADES) | ROW = ONE CANDLE
========================================================================================================================================================================================================================================================================================================================================================================
Time                  Symbol      Close         RSI       Trades      OI              OI Chg        OI Chg %    Acco L/S    Acco Chg    Acco Chg%   Acco L%     Acco S%     Posit L/S   Posit Chg   Posit Chg%  Posit L%    Posit S%    Global L/S  Global Chg  Global Chg% Global L%   Global S%
------------------------------------------------------------------------------------------------------------------------------------------------------------------------------------------------------------------------------------------------------------------------------------------------------------------------------------------------------------------------
2026-04-11 21:00:00 UTCRAVEUSDT    2.146460      53.69     123290      26870453.000000 0.000000      0.00        0.217900    0.000000    0.00        17.89       82.11       0.858400    0.000000    0.00        46.19       53.81       0.227700    0.000000    0.00        18.55       81.45
2026-04-11 22:00:00 UTCRAVEUSDT    2.187690      56.55     99442       27013314.000000 142861.000000 0.53        0.216500    -0.001400   -0.64       17.80       82.20       0.851500    -0.006900   -0.80       45.99       54.01       0.227100    -0.000600   -0.26       18.51       81.49
2026-04-11 23:00:00 UTCRAVEUSDT    2.169360      54.93     125897      27157154.000000 143840.000000 0.53        0.216800    0.000300    0.14        17.82       82.18       0.853200    0.001700    0.20        46.04       53.96       0.227100    0.000000    0.00        18.51       81.49
2026-04-12 00:00:00 UTCRAVEUSDT    2.082400      47.89     493660      27139754.000000 -17400.000000 -0.06       0.216100    -0.000700   -0.32       17.77       82.23       0.851800    -0.001400   -0.16       46.00       54.00       0.227700    0.000600    0.26        18.55       81.45
2026-04-12 01:00:00 UTCRAVEUSDT    2.093100      48.76     368372      27013061.000000 -126693.000000-0.47       0.213200    -0.002900   -1.34       17.57       82.43       0.847000    -0.004800   -0.56       45.86       54.14       0.221300    -0.006400   -2.81       18.12       81.88
2026-04-12 02:00:00 UTCRAVEUSDT    2.096750      49.07     232641      27352904.000000 339843.000000 1.26        0.208600    -0.004600   -2.16       17.26       82.74       0.852700    0.005700    0.67        46.02       53.98       0.216400    -0.004900   -2.21       17.79       82.21
2026-04-12 03:00:00 UTCRAVEUSDT    2.071180      46.91     137337      27567157.000000 214253.000000 0.78        0.210500    0.001900    0.91        17.39       82.61       0.831800    -0.020900   -2.45       45.41       54.59       0.214500    -0.001900   -0.88       17.66       82.34
2026-04-12 04:00:00 UTCRAVEUSDT    2.036060      44.04     841595      27995461.000000 428304.000000 1.55        0.209900    -0.000600   -0.29       17.35       82.65       0.829900    -0.001900   -0.23       45.35       54.65       0.214000    -0.000500   -0.23       17.63       82.37
2026-04-12 05:00:00 UTCRAVEUSDT    1.970070      39.20     543560      28068398.000000 72937.000000  0.26        0.202800    -0.007100   -3.38       16.86       83.14       0.848700    0.018800    2.27        45.91       54.09       0.202900    -0.011100   -5.19       16.87       83.13
2026-04-12 06:00:00 UTCRAVEUSDT    2.772720      75.09     2130007     28093398.000000 25000.000000  0.09        0.209200    0.006400    3.16        17.30       82.70       0.851200    0.002500    0.29        45.98       54.02       0.206000    0.003100    1.53        17.08       82.92
2026-04-12 07:00:00 UTCRAVEUSDT    2.843260      76.41     1313403     22723036.000000 -5370362.000000-19.12      0.241300    0.032100    15.34       19.44       80.56       0.827000    -0.024200   -2.84       45.26       54.74       0.296200    0.090200    43.79       22.85       77.15
2026-04-12 08:00:00 UTCRAVEUSDT    2.767680      72.01     601005      22500642.000000 -222394.000000-0.98       0.257500    0.016200    6.71        20.48       79.52       0.824200    -0.002800   -0.34       45.18       54.82       0.314200    0.018000    6.08        23.91       76.09
2026-04-12 09:00:00 UTCRAVEUSDT    2.490480      58.68     643612      22791603.000000 290961.000000 1.29        0.260900    0.003400    1.32        20.69       79.31       0.811100    -0.013100   -1.59       44.79       55.21       0.314100    -0.000100   -0.03       23.90       76.10
2026-04-12 10:00:00 UTCRAVEUSDT    2.526050      59.71     821420      22426453.000000 -365150.000000-1.60       0.255500    -0.005400   -2.07       20.35       79.65       0.800700    -0.010400   -1.28       44.47       55.53       0.287200    -0.026900   -8.56       22.31       77.69
2026-04-12 11:00:00 UTCRAVEUSDT    2.547190      60.34     438751      21901814.000000 -524639.000000-2.34       0.267900    0.012400    4.85        21.13       78.87       0.819600    0.018900    2.36        45.04       54.96       0.309400    0.022200    7.73        23.63       76.37
2026-04-12 12:00:00 UTCRAVEUSDT    2.735670      65.54     748621      21976050.000000 74236.000000  0.34        0.271500    0.003600    1.34        21.35       78.65       0.811600    -0.008000   -0.98       44.80       55.20       0.316500    0.007100    2.29        24.04       75.96
2026-04-12 13:00:00 UTCRAVEUSDT    2.715130      64.55     712820      22219430.000000 243380.000000 1.11        0.257500    -0.014000   -5.16       20.48       79.52       0.786500    -0.025100   -3.09       44.03       55.97       0.308900    -0.007600   -2.40       23.60       76.40
2026-04-12 14:00:00 UTCRAVEUSDT    2.858790      68.18     604155      22008278.000000 -211152.000000-0.95       0.249400    -0.008100   -3.15       19.96       80.04       0.778600    -0.007900   -1.00       43.78       56.22       0.294500    -0.014400   -4.66       22.75       77.25
2026-04-12 15:00:00 UTCRAVEUSDT    3.072150      72.66     1390243     22681272.000000 672994.000000 3.06        0.257900    0.008500    3.41        20.50       79.50       0.781800    0.003200    0.41        43.88       56.12       0.318000    0.023500    7.98        24.13       75.87
2026-04-12 16:00:00 UTCRAVEUSDT    3.170480      74.45     779471      23054236.000000 372964.000000 1.64        0.256300    -0.001600   -0.62       20.40       79.60       0.792100    0.010300    1.32        44.20       55.80       0.313000    -0.005000   -1.57       23.84       76.16
2026-04-12 17:00:00 UTCRAVEUSDT    3.904800      83.25     1789288     23201145.000000 146909.000000 0.64        0.254700    -0.001600   -0.62       20.30       79.70       0.791000    -0.001100   -0.14       44.17       55.83       0.314400    0.001400    0.45        23.92       76.08
2026-04-12 18:00:00 UTCRAVEUSDT    3.796570      78.93     2604786     21542685.000000 -1658460.000000-7.15       0.277800    0.023100    9.07        21.74       78.26       0.852300    0.061300    7.75        46.01       53.99       0.340500    0.026100    8.30        25.40       74.60
2026-04-12 19:00:00 UTCRAVEUSDT    4.393360      83.89     1042512     19132355.000000 -2410330.000000-11.19      0.321500    0.043700    15.73       24.33       75.67       0.866700    0.014400    1.69        46.43       53.57       0.378200    0.037700    11.07       27.44       72.56
2026-04-12 20:00:00 UTCRAVEUSDT    4.890660      86.70     1432643     18369833.000000 -762522.000000-3.99       0.325000    0.003500    1.09        24.53       75.47       0.873300    0.006600    0.76        46.62       53.38       0.391400    0.013200    3.49        28.13       71.87
2026-04-12 21:00:00 UTCRAVEUSDT    5.444880      89.00     1084764     17181053.000000 -1188780.000000-6.47       0.313200    -0.011800   -3.63       23.85       76.15       0.872600    -0.000700   -0.08       46.60       53.40       0.380300    -0.011100   -2.84       27.55       72.45
2026-04-12 22:00:00 UTCRAVEUSDT    5.322510      85.48     1311668     16395152.000000 -785901.000000-4.57       0.324000    0.010800    3.45        24.47       75.53       0.873800    0.001200    0.14        46.63       53.37       0.392200    0.011900    3.13        28.17       71.83
2026-04-12 23:00:00 UTCRAVEUSDT    5.970780      88.16     1205369     16179676.000000 -215476.000000-1.31       0.307700    -0.016300   -5.03       23.53       76.47       0.881100    0.007300    0.84        46.84       53.16       0.353200    -0.039000   -9.94       26.10       73.90
2026-04-13 00:00:00 UTCRAVEUSDT    5.908860      86.52     1057522     15351148.000000 -828528.000000-5.12       0.320000    0.012300    4.00        24.24       75.76       0.864400    -0.016700   -1.90       46.36       53.64       0.386800    0.033600    9.51        27.89       72.11
2026-04-13 01:00:00 UTCRAVEUSDT    5.582760      78.27     928287      15011290.000000 -339858.000000-2.21       0.349700    0.029700    9.28        25.91       74.09       0.883900    0.019500    2.26        46.92       53.08       0.416400    0.029600    7.65        29.40       70.60
2026-04-13 02:00:00 UTCRAVEUSDT    5.698020      79.03     735195      15057833.000000 46543.000000  0.31        0.350100    0.000400    0.11        25.93       74.07       0.881400    -0.002500   -0.28       46.85       53.15       0.400400    -0.016000   -3.84       28.59       71.41
2026-04-13 03:00:00 UTCRAVEUSDT    5.840270      79.96     459972      14898800.000000 -159033.000000-1.06       0.400400    0.050300    14.37       28.59       71.41       0.870900    -0.010500   -1.19       46.55       53.45       0.410400    0.010000    2.50        29.10       70.90
2026-04-13 04:00:00 UTCRAVEUSDT    6.249730      82.39     659774      14937729.000000 38929.000000  0.26        0.397600    -0.002800   -0.70       28.45       71.55       0.858700    -0.012200   -1.40       46.20       53.80       0.412600    0.002200    0.54        29.21       70.79
2026-04-13 05:00:00 UTCRAVEUSDT    6.192540      80.92     480875      14691535.000000 -246194.000000-1.65       0.401000    0.003400    0.86        28.62       71.38       0.855300    -0.003400   -0.40       46.10       53.90       0.440300    0.027700    6.71        30.57       69.43
2026-04-13 06:00:00 UTCRAVEUSDT    6.743500      83.91     594351      14904916.000000 213381.000000 1.45        0.403300    0.002300    0.57        28.74       71.26       0.875000    0.019700    2.30        46.67       53.33       0.430200    -0.010100   -2.29       30.08       69.92
2026-04-13 07:00:00 UTCRAVEUSDT    9.345280      91.04     2294015     14623445.000000 -281471.000000-1.89       0.395300    -0.008000   -1.98       28.33       71.67       0.865700    -0.009300   -1.06       46.40       53.60       0.440700    0.010500    2.44        30.59       69.41
2026-04-13 08:00:00 UTCRAVEUSDT    8.735610      81.88     1672092     12529372.000000 -2094073.000000-14.32      0.423500    0.028200    7.13        29.75       70.25       0.876500    0.010800    1.25        46.71       53.29       0.533300    0.092600    21.01       34.78       65.22
2026-04-13 09:00:00 UTCRAVEUSDT    8.674700      81.00     1652323     11810205.000000 -719167.000000-5.74       0.431200    0.007700    1.82        30.13       69.87       0.868600    -0.007900   -0.90       46.48       53.52       0.497500    -0.035800   -6.71       33.22       66.78
2026-04-13 10:00:00 UTCRAVEUSDT    8.855150      81.63     930847      11524266.000000 -285939.000000-2.42       0.414200    -0.017000   -3.94       29.29       70.71       0.873000    0.004400    0.51        46.61       53.39       0.460100    -0.037400   -7.52       31.51       68.49
2026-04-13 11:00:00 UTCRAVEUSDT    8.835890      81.32     1006521     11499611.000000 -24655.000000 -0.21       0.408300    -0.005900   -1.42       28.99       71.01       0.884600    0.011600    1.33        46.94       53.06       0.453300    -0.006800   -1.48       31.19       68.81
2026-04-13 12:00:00 UTCRAVEUSDT    9.652970      84.07     1305015     11767464.000000 267853.000000 2.33        0.434700    0.026400    6.47        30.30       69.70       0.891500    0.006900    0.78        47.13       52.87       0.479500    0.026200    5.78        32.41       67.59
2026-04-13 13:00:00 UTCRAVEUSDT    9.680000      84.16     1033376     11635724.000000 -131740.000000-1.12       0.435500    0.000800    0.18        30.34       69.66       0.917200    0.025700    2.88        47.84       52.16       0.497200    0.017700    3.69        33.21       66.79
2026-04-13 14:00:00 UTCRAVEUSDT    9.265370      77.47     991958      11224259.000000 -411465.000000-3.54       0.446500    0.011000    2.53        30.87       69.13       0.919600    0.002400    0.26        47.91       52.09       0.502600    0.005400    1.09        33.45       66.55
2026-04-13 15:00:00 UTCRAVEUSDT    9.471160      78.39     593274      11080064.000000 -144195.000000-1.28       0.449300    0.002800    0.63        31.00       69.00       0.927300    0.007700    0.84        48.11       51.89       0.484600    -0.018000   -3.58       32.64       67.36
2026-04-13 16:00:00 UTCRAVEUSDT    11.247490     84.32     1610845     11226470.000000 146406.000000 1.32        0.446300    -0.003000   -0.67       30.86       69.14       0.928000    0.000700    0.08        48.13       51.87       0.482800    -0.001800   -0.37       32.56       67.44
2026-04-13 17:00:00 UTCRAVEUSDT    11.193450     83.57     776207      10338192.000000 -888278.000000-7.91       0.476500    0.030200    6.77        32.27       67.73       0.923400    -0.004600   -0.50       48.01       51.99       0.571100    0.088300    18.29       36.35       63.65
2026-04-13 18:00:00 UTCRAVEUSDT    11.472580     84.35     1654915     9951790.000000  -386402.000000-3.74       0.485000    0.008500    1.78        32.66       67.34       0.941900    0.018500    2.00        48.50       51.50       0.563000    -0.008100   -1.42       36.02       63.98
2026-04-13 19:00:00 UTCRAVEUSDT    12.350660     86.51     1111236     8916282.000000  -1035508.000000-10.41      0.528100    0.043100    8.89        34.56       65.44       0.987000    0.045100    4.79        49.67       50.33       0.614200    0.051200    9.09        38.05       61.95
2026-04-13 20:00:00 UTCRAVEUSDT    8.344050      51.55     3007076     8343833.000000  -572449.000000-6.42       0.563500    0.035400    6.70        36.04       63.96       0.997900    0.010900    1.10        49.95       50.05       0.664200    0.050000    8.14        39.91       60.09
2026-04-13 21:00:00 UTCRAVEUSDT    10.659300     61.29     1466536     8068023.000000  -275810.000000-3.31       0.437600    -0.125900   -22.34      30.44       69.56       0.983300    -0.014600   -1.46       49.58       50.42       0.456200    -0.208000   -31.32      31.33       68.67
2026-04-13 22:00:00 UTCRAVEUSDT    9.239700      54.11     1150517     7863302.000000  -204721.000000-2.54       0.413200    -0.024400   -5.58       29.24       70.76       0.983100    -0.000200   -0.02       49.57       50.43       0.440900    -0.015300   -3.35       30.60       69.40
2026-04-13 23:00:00 UTCRAVEUSDT    8.034730      48.87     2160928     7879939.000000  16637.000000  0.21        0.406700    -0.006500   -1.57       28.91       71.09       0.991800    0.008700    0.88        49.80       50.20       0.411400    -0.029500   -6.69       29.15       70.85
2026-04-14 00:00:00 UTCRAVEUSDT    7.284570      45.90     1546535     8258440.000000  378501.000000 4.80        0.401500    -0.005200   -1.28       28.65       71.35       0.976200    -0.015600   -1.57       49.40       50.60       0.400600    -0.010800   -2.63       28.60       71.40
2026-04-14 01:00:00 UTCRAVEUSDT    8.121620      49.59     1283188     8145369.000000  -113071.000000-1.37       0.436400    0.034900    8.69        30.38       69.62       0.993600    0.017400    1.78        49.84       50.16       0.430800    0.030200    7.54        30.11       69.89
2026-04-14 02:00:00 UTCRAVEUSDT    7.905370      48.66     708756      7977583.000000  -167786.000000-2.06       0.476900    0.040500    9.28        32.29       67.71       1.011700    0.018100    1.82        50.29       49.71       0.503800    0.073000    16.95       33.50       66.50
2026-04-14 03:00:00 UTCRAVEUSDT    9.366100      54.79     675915      7987668.000000  10085.000000  0.13        0.486100    0.009200    1.93        32.71       67.29       0.959200    -0.052500   -5.19       48.96       51.04       0.531900    0.028100    5.58        34.72       65.28
2026-04-14 04:00:00 UTCRAVEUSDT    10.891610     60.14     1138389     7871588.000000  -116080.000000-1.45       0.532800    0.046700    9.61        34.76       65.24       0.963800    0.004600    0.48        49.08       50.92       0.643900    0.112000    21.06       39.17       60.83
2026-04-14 05:00:00 UTCRAVEUSDT    11.379560     61.70     892399      7878607.000000  7019.000000   0.09        0.538500    0.005700    1.07        35.00       65.00       0.905700    -0.058100   -6.03       47.53       52.47       0.661100    0.017200    2.67        39.80       60.20
2026-04-14 06:00:00 UTCRAVEUSDT    10.940400     59.44     948998      7838947.000000  -39660.000000 -0.50       0.508800    -0.029700   -5.52       33.72       66.28       0.882000    -0.023700   -2.62       46.87       53.13       0.606400    -0.054700   -8.27       37.75       62.25
2026-04-14 07:00:00 UTCRAVEUSDT    11.113990     60.06     434695      7837374.000000  -1573.000000  -0.02       0.467100    -0.041700   -8.20       31.84       68.16       0.876700    -0.005300   -0.60       46.71       53.29       0.534900    -0.071500   -11.79      34.85       65.15
2026-04-14 08:00:00 UTCRAVEUSDT    12.749720     65.44     841393      8037253.000000  199879.000000 2.55        0.447200    -0.019900   -4.26       30.90       69.10       0.886900    0.010200    1.16        47.00       53.00       0.503800    -0.031100   -5.81       33.50       66.50
2026-04-14 09:00:00 UTCRAVEUSDT    13.536400     67.69     1230560     7817839.000000  -219414.000000-2.73       0.437000    -0.010200   -2.28       30.41       69.59       0.879500    -0.007400   -0.83       46.79       53.21       0.519500    0.015700    3.12        34.19       65.81
2026-04-14 10:00:00 UTCRAVEUSDT    14.177430     69.44     797438      7465946.000000  -351893.000000-4.50       0.457900    0.020900    4.78        31.41       68.59       0.908000    0.028500    3.24        47.59       52.41       0.550900    0.031400    6.04        35.52       64.48
2026-04-14 11:00:00 UTCRAVEUSDT    14.792650     71.05     697116      7467553.000000  1607.000000   0.02        0.458600    0.000700    0.15        31.44       68.56       0.926600    0.018600    2.05        48.09       51.91       0.548900    -0.002000   -0.36       35.44       64.56
2026-04-14 12:00:00 UTCRAVEUSDT    14.552180     69.51     1597376     7011973.000000  -455580.000000-6.10       0.464800    0.006200    1.35        31.73       68.27       0.894400    -0.032200   -3.48       47.21       52.79       0.554200    0.005300    0.97        35.66       64.34
2026-04-14 13:00:00 UTCRAVEUSDT    13.724230     64.31     926451      7121983.000000  110010.000000 1.57        0.490500    0.025700    5.53        32.91       67.09       0.907100    0.012700    1.42        47.57       52.43       0.559800    0.005600    1.01        35.89       64.11
2026-04-14 14:00:00 UTCRAVEUSDT    13.306600     61.80     743905      6901217.000000  -220766.000000-3.10       0.503100    0.012600    2.57        33.47       66.53       0.915500    0.008400    0.93        47.79       52.21       0.577000    0.017200    3.07        36.59       63.41
2026-04-14 15:00:00 UTCRAVEUSDT    13.072030     60.37     452925      6603581.000000  -297636.000000-4.31       0.540600    0.037500    7.45        35.09       64.91       0.900100    -0.015400   -1.68       47.37       52.63       0.601000    0.024000    4.16        37.54       62.46
2026-04-14 16:00:00 UTCRAVEUSDT    13.181540     60.83     1068628     6175398.000000  -428183.000000-6.48       0.583000    0.042400    7.84        36.83       63.17       0.910200    0.010100    1.12        47.65       52.35       0.657000    0.056000    9.32        39.65       60.35
2026-04-14 17:00:00 UTCRAVEUSDT    15.172630     68.01     1607170     6086770.000000  -88628.000000 -1.44       0.527400    -0.055600   -9.54       34.53       65.47       0.868200    -0.042000   -4.61       46.47       53.53       0.583000    -0.074000   -11.26      36.83       63.17
2026-04-14 18:00:00 UTCRAVEUSDT    14.786780     65.50     755905      5876787.000000  -209983.000000-3.45       0.476000    -0.051400   -9.75       32.25       67.75       0.896600    0.028400    3.27        47.27       52.73       0.540100    -0.042900   -7.36       35.07       64.93
2026-04-14 19:00:00 UTCRAVEUSDT    14.638190     64.52     544298      5854747.000000  -22040.000000 -0.38       0.475600    -0.000400   -0.08       32.23       67.77       0.889400    -0.007200   -0.80       47.07       52.93       0.527000    -0.013100   -2.43       34.51       65.49
2026-04-14 20:00:00 UTCRAVEUSDT    15.207110     66.59     424975      5816967.000000  -37780.000000 -0.65       0.471900    -0.003700   -0.78       32.06       67.94       0.887500    -0.001900   -0.21       47.02       52.98       0.517700    -0.009300   -1.76       34.11       65.89
2026-04-14 21:00:00 UTCRAVEUSDT    14.945990     64.72     299478      5761264.000000  -55703.000000 -0.96       0.462200    -0.009700   -2.06       31.61       68.39       0.883200    -0.004300   -0.48       46.90       53.10       0.513300    -0.004400   -0.85       33.92       66.08
2026-04-14 22:00:00 UTCRAVEUSDT    15.427470     66.58     489562      5706363.000000  -54901.000000 -0.95       0.456200    -0.006000   -1.30       31.33       68.67       0.864800    -0.018400   -2.08       46.37       53.63       0.497200    -0.016100   -3.14       33.21       66.79
2026-04-14 23:00:00 UTCRAVEUSDT    15.800330     67.99     557445      5721322.000000  14959.000000  0.26        0.449900    -0.006300   -1.38       31.03       68.97       0.865000    0.000200    0.02        46.38       53.62       0.489200    -0.008000   -1.61       32.85       67.15
2026-04-15 00:00:00 UTCRAVEUSDT    17.714960     74.05     803287      5674304.000000  -47018.000000 -0.82       0.455800    0.005900    1.31        31.31       68.69       0.863500    -0.001500   -0.17       46.34       53.66       0.510300    0.021100    4.31        33.79       66.21
2026-04-15 01:00:00 UTCRAVEUSDT    17.770810     74.20     669482      5570810.000000  -103494.000000-1.82       0.450500    -0.005300   -1.16       31.06       68.94       0.873200    0.009700    1.12        46.61       53.39       0.523900    0.013600    2.67        34.38       65.62
2026-04-15 02:00:00 UTCRAVEUSDT    17.017900     68.34     604178      5352871.000000  -217939.000000-3.91       0.500600    0.050100    11.12       33.36       66.64       0.875500    0.002300    0.26        46.68       53.32       0.582300    0.058400    11.15       36.80       63.20
2026-04-15 03:00:00 UTCRAVEUSDT    15.789450     60.01     927762      5393145.000000  40274.000000  0.75        0.552800    0.052200    10.43       35.60       64.40       0.911300    0.035800    4.09        47.68       52.32       0.587300    0.005000    0.86        37.00       63.00
2026-04-15 04:00:00 UTCRAVEUSDT    15.662590     59.21     605082      5390612.000000  -2533.000000  -0.05       0.602600    0.049800    9.01        37.60       62.40       0.916400    0.005100    0.56        47.82       52.18       0.613400    0.026100    4.44        38.02       61.98
2026-04-15 05:00:00 UTCRAVEUSDT    14.725370     53.52     620496      5457184.000000  66572.000000  1.23        0.673400    0.070800    11.75       40.24       59.76       0.910500    -0.005900   -0.64       47.66       52.34       0.688000    0.074600    12.16       40.76       59.24
2026-04-15 06:00:00 UTCRAVEUSDT    14.301710     51.12     672708      5356471.000000  -100713.000000-1.85       0.716100    0.042700    6.34        41.73       58.27       0.923700    0.013200    1.45        48.02       51.98       0.708800    0.020800    3.02        41.48       58.52
2026-04-15 07:00:00 UTCRAVEUSDT    12.380000     41.96     838400      5244073.000000  -112398.000000-2.10       0.727700    0.011600    1.62        42.12       57.88       0.938600    0.014900    1.61        48.42       51.58       0.726500    0.017700    2.50        42.08       57.92
2026-04-15 08:00:00 UTCRAVEUSDT    14.502510     52.16     1486032     5400660.000000  156587.000000 2.99        0.639100    -0.088600   -12.18      38.99       61.01       0.896700    -0.041900   -4.46       47.28       52.72       0.597700    -0.128800   -17.73      37.41       62.59
2026-04-15 09:00:00 UTCRAVEUSDT    13.068670     46.25     759119      5131487.000000  -269173.000000-4.98       0.718500    0.079400    12.42       41.81       58.19       0.928000    0.031300    3.49        48.13       51.87       0.734300    0.136600    22.85       42.34       57.66
2026-04-15 10:00:00 UTCRAVEUSDT    13.238420     47.01     770162      5351056.000000  219569.000000 4.28        0.696900    -0.021600   -3.01       41.07       58.93       0.899100    -0.028900   -3.11       47.34       52.66       0.686100    -0.048200   -6.56       40.69       59.31
2026-04-15 11:00:00 UTCRAVEUSDT    12.262490     43.20     637446      5354695.000000  3639.000000   0.07        0.722400    0.025500    3.66        41.94       58.06       0.927900    0.028800    3.20        48.13       51.87       0.712900    0.026800    3.91        41.62       58.38
2026-04-15 12:00:00 UTCRAVEUSDT    11.996950     42.20     969236      5531040.000000  176345.000000 3.29        0.730100    0.007700    1.07        42.20       57.80       0.900100    -0.027800   -3.00       47.37       52.63       0.702400    -0.010500   -1.47       41.26       58.74
2026-04-15 13:00:00 UTCRAVEUSDT    11.723820     41.14     711049      5640715.000000  109675.000000 1.98        0.692300    -0.037800   -5.18       40.91       59.09       0.904700    0.004600    0.51        47.50       52.50       0.661400    -0.041000   -5.84       39.81       60.19
2026-04-15 14:00:00 UTCRAVEUSDT    13.012840     47.79     827489      5625887.000000  -14828.000000 -0.26       0.650700    -0.041600   -6.01       39.42       60.58       0.903300    -0.001400   -0.15       47.46       52.54       0.609800    -0.051600   -7.80       37.88       62.12
2026-04-15 15:00:00 UTCRAVEUSDT    12.210100     44.42     568540      5451981.000000  -173906.000000-3.09       0.706200    0.055500    8.53        41.39       58.61       0.905900    0.002600    0.29        47.53       52.47       0.712600    0.102800    16.86       41.61       58.39
2026-04-15 16:00:00 UTCRAVEUSDT    11.434980     41.39     555768      5335706.000000  -116275.000000-2.13       0.676400    -0.029800   -4.22       40.35       59.65       0.910500    0.004600    0.51        47.66       52.34       0.656200    -0.056400   -7.91       39.62       60.38
2026-04-15 17:00:00 UTCRAVEUSDT    11.790000     43.30     409923      5259572.000000  -76134.000000 -1.43       0.673900    -0.002500   -0.37       40.26       59.74       0.907200    -0.003300   -0.36       47.57       52.43       0.654300    -0.001900   -0.29       39.55       60.45
2026-04-15 18:00:00 UTCRAVEUSDT    11.955600     44.21     374943      5221483.000000  -38089.000000 -0.72       0.667200    -0.006700   -0.99       40.02       59.98       0.912100    0.004900    0.54        47.70       52.30       0.649100    -0.005200   -0.79       39.36       60.64
2026-04-15 19:00:00 UTCRAVEUSDT    12.141500     45.28     286540      5167589.000000  -53894.000000 -1.03       0.677600    0.010400    1.56        40.39       59.61       0.907400    -0.004700   -0.52       47.57       52.43       0.660600    0.011500    1.77        39.78       60.22
2026-04-15 20:00:00 UTCRAVEUSDT    11.909920     44.15     269420      5182062.000000  14473.000000  0.28        0.685800    0.008200    1.21        40.68       59.32       0.938300    0.030900    3.41        48.41       51.59       0.673600    0.013000    1.97        40.25       59.75
2026-04-15 21:00:00 UTCRAVEUSDT    11.669730     42.95     149335      5160611.000000  -21451.000000 -0.41       0.675000    -0.010800   -1.57       40.30       59.70       0.928900    -0.009400   -1.00       48.16       51.84       0.661400    -0.012200   -1.81       39.81       60.19
2026-04-15 22:00:00 UTCRAVEUSDT    11.259320     40.91     340542      5203333.000000  42722.000000  0.83        0.690600    0.015600    2.31        40.85       59.15       0.916200    -0.012700   -1.37       47.81       52.19       0.675600    0.014200    2.15        40.32       59.68
2026-04-15 23:00:00 UTCRAVEUSDT    10.890600     39.11     401309      5231183.000000  27850.000000  0.54        0.673600    -0.017000   -2.46       40.25       59.75       0.923000    0.006800    0.74        48.00       52.00       0.648300    -0.027300   -4.04       39.33       60.67
2026-04-16 00:00:00 UTCRAVEUSDT    10.688420     38.12     347213      5456797.000000  225614.000000 4.31        0.630800    -0.042800   -6.35       38.68       61.32       0.910800    -0.012200   -1.32       47.67       52.33       0.594400    -0.053900   -8.31       37.28       62.72

==============================================================================================================
LAST SNAPSHOT
==============================================================================================================
Time                : 2026-04-16 00:00:00 UTC
Symbol              : RAVEUSDT
Close               : 10.688420
RSI(14)            : 38.12
Number of Trades    : 347213
Volume              : 3605554.000000
Quote Volume        : 38972335.395150

Open Interest       : 5456797.000000
OI Change           : 225614.000000
OI Change %         : 4.31%
OI Value            : 59431012.918430

Top Acco L/S Ratio  : 0.630800
Top Acco L/S Change : -0.042800
Top Acco Chg %      : -6.35%
Top Acco Long %     : 38.68
Top Acco Short %    : 61.32

Top Posit L/S Ratio : 0.910800
Top Posit L/S Change: -0.012200
Top Posit Chg %     : -1.32%
Top Posit Long %    : 47.67
Top Posit Short %   : 52.33

Global L/S Ratio    : 0.594400
Global L/S Change   : -0.053900
Global Chg %        : -8.31%
Global Long %       : 37.28
Global Short %      : 62.72

[Program finished]####################################################################################################
FETCHING BINANCE FUTURES DATA ...
####################################################################################################
SYMBOL     : REDUSDT
PERIOD     : 1h
LIMIT      : 100
RSI_PERIOD : 14

========================================================================================================================================================================================================================================================================================================================================================================
BINANCE FUTURES MERGED DATA (L.S + OI + RSI + TRADES) | ROW = ONE CANDLE
========================================================================================================================================================================================================================================================================================================================================================================
Time                  Symbol      Close         RSI       Trades      OI              OI Chg        OI Chg %    Acco L/S    Acco Chg    Acco Chg%   Acco L%     Acco S%     Posit L/S   Posit Chg   Posit Chg%  Posit L%    Posit S%    Global L/S  Global Chg  Global Chg% Global L%   Global S%
------------------------------------------------------------------------------------------------------------------------------------------------------------------------------------------------------------------------------------------------------------------------------------------------------------------------------------------------------------------------
2026-04-11 21:00:00 UTCREDUSDT     0.154600      66.12     5162        38184444.000000 0.000000      0.00        0.725900    0.000000    0.00        42.06       57.94       1.330000    0.000000    0.00        57.08       42.92       0.650700    0.000000    0.00        39.42       60.58
2026-04-11 22:00:00 UTCREDUSDT     0.153300      59.26     4948        38135391.000000 -49053.000000 -0.13       0.733100    0.007200    0.99        42.30       57.70       1.313500    -0.016500   -1.24       56.78       43.22       0.661700    0.011000    1.69        39.82       60.18
2026-04-11 23:00:00 UTCREDUSDT     0.153500      59.95     7704        37768250.000000 -367141.000000-0.96       0.735200    0.002100    0.29        42.37       57.63       1.304100    -0.009400   -0.72       56.60       43.40       0.659800    -0.001900   -0.29       39.75       60.25
2026-04-12 00:00:00 UTCREDUSDT     0.152000      52.75     37550       38100328.000000 332078.000000 0.88        0.724700    -0.010500   -1.43       42.02       57.98       1.280000    -0.024100   -1.85       56.14       43.86       0.648000    -0.011800   -1.79       39.32       60.68
2026-04-12 01:00:00 UTCREDUSDT     0.149100      42.20     13070       40231268.000000 2130940.0000005.59        0.729200    0.004500    0.62        42.17       57.83       1.304500    0.024500    1.91        56.61       43.39       0.661400    0.013400    2.07        39.81       60.19
2026-04-12 02:00:00 UTCREDUSDT     0.149700      44.67     9062        39427047.000000 -804221.000000-2.00       0.694300    -0.034900   -4.79       40.98       59.02       1.300900    -0.003600   -0.28       56.54       43.46       0.625200    -0.036200   -5.47       38.47       61.53
2026-04-12 03:00:00 UTCREDUSDT     0.150200      46.71     6903        39082922.000000 -344125.000000-0.87       0.720600    0.026300    3.79        41.88       58.12       1.410500    0.109600    8.42        58.52       41.48       0.638800    0.013600    2.18        38.98       61.02
2026-04-12 04:00:00 UTCREDUSDT     0.147900      39.49     6094        38798807.000000 -284115.000000-0.73       0.740000    0.019400    2.69        42.53       57.47       1.390200    -0.020300   -1.44       58.16       41.84       0.660900    0.022100    3.46        39.79       60.21
2026-04-12 05:00:00 UTCREDUSDT     0.149600      46.12     5992        38470671.000000 -328136.000000-0.85       0.724400    -0.015600   -2.11       42.01       57.99       1.405900    0.015700    1.13        58.44       41.56       0.644500    -0.016400   -2.48       39.19       60.81
2026-04-12 06:00:00 UTCREDUSDT     0.148700      43.41     6438        38234281.000000 -236390.000000-0.61       0.722400    -0.002000   -0.28       41.94       58.06       1.416600    0.010700    0.76        58.62       41.38       0.644200    -0.000300   -0.05       39.18       60.82
2026-04-12 07:00:00 UTCREDUSDT     0.148400      42.51     6187        37418485.000000 -815796.000000-2.13       0.722700    0.000300    0.04        41.95       58.05       1.394500    -0.022100   -1.56       58.24       41.76       0.643400    -0.000800   -0.12       39.15       60.85
2026-04-12 08:00:00 UTCREDUSDT     0.148600      43.35     6107        37427091.000000 8606.000000   0.02        0.723200    0.000500    0.07        41.97       58.03       1.409000    0.014500    1.04        58.49       41.51       0.644200    0.000800    0.12        39.18       60.82
2026-04-12 09:00:00 UTCREDUSDT     0.148100      41.71     4813        37645935.000000 218844.000000 0.58        0.723500    0.000300    0.04        41.98       58.02       1.408900    -0.000100   -0.01       58.49       41.51       0.644200    0.000000    0.00        39.18       60.82
2026-04-12 10:00:00 UTCREDUSDT     0.147500      39.77     5055        37804534.000000 158599.000000 0.42        0.736700    0.013200    1.82        42.42       57.58       1.409100    0.000200    0.01        58.49       41.51       0.656500    0.012300    1.91        39.63       60.37
2026-04-12 11:00:00 UTCREDUSDT     0.145800      34.81     6940        37674363.000000 -130171.000000-0.34       0.731300    -0.005400   -0.73       42.24       57.76       1.417500    0.008400    0.60        58.63       41.37       0.653400    -0.003100   -0.47       39.52       60.48
2026-04-12 12:00:00 UTCREDUSDT     0.145600      34.27     8935        37064311.000000 -610052.000000-1.62       0.723200    -0.008100   -1.11       41.97       58.03       1.440500    0.023000    1.62        59.02       40.98       0.641000    -0.012400   -1.90       39.06       60.94
2026-04-12 13:00:00 UTCREDUSDT     0.144500      31.38     6497        36571343.000000 -492968.000000-1.33       0.744000    0.020800    2.88        42.66       57.34       1.479900    0.039400    2.74        59.67       40.33       0.645300    0.004300    0.67        39.22       60.78
2026-04-12 14:00:00 UTCREDUSDT     0.144200      30.63     5540        35991141.000000 -580202.000000-1.59       0.737600    -0.006400   -0.86       42.45       57.55       1.470900    -0.009000   -0.61       59.53       40.47       0.641800    -0.003500   -0.54       39.09       60.91
2026-04-12 15:00:00 UTCREDUSDT     0.142900      27.52     5915        36076886.000000 85745.000000  0.24        0.733700    -0.003900   -0.53       42.32       57.68       1.467100    -0.003800   -0.26       59.47       40.53       0.642800    0.001000    0.16        39.13       60.87
2026-04-12 16:00:00 UTCREDUSDT     0.143500      31.00     7415        35811636.000000 -265250.000000-0.74       0.733700    0.000000    0.00        42.32       57.68       1.448800    -0.018300   -1.25       59.16       40.84       0.645500    0.002700    0.42        39.23       60.77
2026-04-12 17:00:00 UTCREDUSDT     0.143700      32.16     4672        35384452.000000 -427184.000000-1.19       0.738500    0.004800    0.65        42.48       57.52       1.459000    0.010200    0.70        59.33       40.67       0.637200    -0.008300   -1.29       38.92       61.08
2026-04-12 18:00:00 UTCREDUSDT     0.144700      37.83     5072        35462372.000000 77920.000000  0.22        0.754400    0.015900    2.15        43.00       57.00       1.440400    -0.018600   -1.27       59.02       40.98       0.651800    0.014600    2.29        39.46       60.54
2026-04-12 19:00:00 UTCREDUSDT     0.143000      32.81     4556        35488131.000000 25759.000000  0.07        0.751600    -0.002800   -0.37       42.91       57.09       1.488100    0.047700    3.31        59.81       40.19       0.646400    -0.005400   -0.83       39.26       60.74
2026-04-12 20:00:00 UTCREDUSDT     0.143700      36.54     4268        35438751.000000 -49380.000000 -0.14       0.745500    -0.006100   -0.81       42.71       57.29       1.492500    0.004400    0.30        59.88       40.12       0.642300    -0.004100   -0.63       39.11       60.89
2026-04-12 21:00:00 UTCREDUSDT     0.142100      32.15     3773        35373188.000000 -65563.000000 -0.19       0.739700    -0.005800   -0.78       42.52       57.48       1.522900    0.030400    2.04        60.36       39.64       0.638000    -0.004300   -0.67       38.95       61.05
2026-04-12 22:00:00 UTCREDUSDT     0.141700      31.14     5608        35404352.000000 31164.000000  0.09        0.740900    0.001200    0.16        42.56       57.44       1.524100    0.001200    0.08        60.38       39.62       0.640700    0.002700    0.42        39.05       60.95
2026-04-12 23:00:00 UTCREDUSDT     0.140000      27.23     6097        35235973.000000 -168379.000000-0.48       0.734300    -0.006600   -0.89       42.34       57.66       1.543000    0.018900    1.24        60.68       39.32       0.625500    -0.015200   -2.37       38.48       61.52
2026-04-13 00:00:00 UTCREDUSDT     0.140800      31.58     10185       35288940.000000 52967.000000  0.15        0.740900    0.006600    0.90        42.56       57.44       1.515500    -0.027500   -1.78       60.25       39.75       0.642600    0.017100    2.73        39.12       60.88
2026-04-13 01:00:00 UTCREDUSDT     0.141600      35.72     30191       35399816.000000 110876.000000 0.31        0.733400    -0.007500   -1.01       42.31       57.69       1.510400    -0.005100   -0.34       60.17       39.83       0.625200    -0.017400   -2.71       38.47       61.53
2026-04-13 02:00:00 UTCREDUSDT     0.139700      30.94     9470        36454209.000000 1054393.0000002.98        0.724100    -0.009300   -1.27       42.00       58.00       1.487200    -0.023200   -1.54       59.79       40.21       0.623600    -0.001600   -0.26       38.41       61.59
2026-04-13 03:00:00 UTCREDUSDT     0.140400      34.42     6999        36621886.000000 167677.000000 0.46        0.732800    0.008700    1.20        42.29       57.71       1.343500    -0.143700   -9.66       57.33       42.67       0.642800    0.019200    3.08        39.13       60.87
2026-04-13 04:00:00 UTCREDUSDT     0.139100      31.27     4631        36353581.000000 -268305.000000-0.73       0.720600    -0.012200   -1.66       41.88       58.12       1.364000    0.020500    1.53        57.70       42.30       0.627300    -0.015500   -2.41       38.55       61.45
2026-04-13 05:00:00 UTCREDUSDT     0.138700      30.34     5549        36382690.000000 29109.000000  0.08        0.707900    -0.012700   -1.76       41.45       58.55       1.361800    -0.002200   -0.16       57.66       42.34       0.617100    -0.010200   -1.63       38.16       61.84
2026-04-13 06:00:00 UTCREDUSDT     0.139100      32.49     4851        36284692.000000 -97998.000000 -0.27       0.689500    -0.018400   -2.60       40.81       59.19       1.353700    -0.008100   -0.59       57.51       42.49       0.601500    -0.015600   -2.53       37.56       62.44
2026-04-13 07:00:00 UTCREDUSDT     0.138000      29.77     5219        35771391.000000 -513301.000000-1.41       0.683500    -0.006000   -0.87       40.60       59.40       1.387900    0.034200    2.53        58.12       41.88       0.592100    -0.009400   -1.56       37.19       62.81
2026-04-13 08:00:00 UTCREDUSDT     0.138200      30.90     6922        35232522.000000 -538869.000000-1.51       0.683800    0.000300    0.04        40.61       59.39       1.376400    -0.011500   -0.83       57.92       42.08       0.593900    0.001800    0.30        37.26       62.74
2026-04-13 09:00:00 UTCREDUSDT     0.139700      38.85     6235        35004003.000000 -228519.000000-0.65       0.677900    -0.005900   -0.86       40.40       59.60       1.337500    -0.038900   -2.83       57.22       42.78       0.580800    -0.013100   -2.21       36.74       63.26
2026-04-13 10:00:00 UTCREDUSDT     0.140400      42.20     6839        35063636.000000 59633.000000  0.17        0.673400    -0.004500   -0.66       40.24       59.76       1.309900    -0.027600   -2.06       56.71       43.29       0.581800    0.001000    0.17        36.78       63.22
2026-04-13 11:00:00 UTCREDUSDT     0.140100      41.16     4972        35353313.000000 289677.000000 0.83        0.656200    -0.017200   -2.55       39.62       60.38       1.336000    0.026100    1.99        57.19       42.81       0.580500    -0.001300   -0.22       36.73       63.27
2026-04-13 12:00:00 UTCREDUSDT     0.138900      37.21     5165        35342866.000000 -10447.000000 -0.03       0.681800    0.025600    3.90        40.54       59.46       1.340700    0.004700    0.35        57.28       42.72       0.595200    0.014700    2.53        37.31       62.69
2026-04-13 13:00:00 UTCREDUSDT     0.138700      36.58     5152        35041279.000000 -301587.000000-0.85       0.675300    -0.006500   -0.95       40.31       59.69       1.335500    -0.005200   -0.39       57.18       42.82       0.580300    -0.014900   -2.50       36.72       63.28
2026-04-13 14:00:00 UTCREDUSDT     0.140300      44.65     5488        34790509.000000 -250770.000000-0.72       0.663900    -0.011400   -1.69       39.90       60.10       1.343700    0.008200    0.61        57.33       42.67       0.570600    -0.009700   -1.67       36.33       63.67
2026-04-13 15:00:00 UTCREDUSDT     0.139000      40.18     4634        34680009.000000 -110500.000000-0.32       0.653700    -0.010200   -1.54       39.53       60.47       1.358400    0.014700    1.09        57.60       42.40       0.560300    -0.010300   -1.81       35.91       64.09
2026-04-13 16:00:00 UTCREDUSDT     0.139400      42.10     5670        34655934.000000 -24075.000000 -0.07       0.651500    -0.002200   -0.34       39.45       60.55       1.365900    0.007500    0.55        57.73       42.27       0.557600    -0.002700   -0.48       35.80       64.20
2026-04-13 17:00:00 UTCREDUSDT     0.140500      47.13     4653        34458537.000000 -197397.000000-0.57       0.641800    -0.009700   -1.49       39.09       60.91       1.392200    0.026300    1.93        58.20       41.80       0.548700    -0.008900   -1.60       35.43       64.57
2026-04-13 18:00:00 UTCREDUSDT     0.141300      50.49     3681        34292729.000000 -165808.000000-0.48       0.638800    -0.003000   -0.47       38.98       61.02       1.393000    0.000800    0.06        58.21       41.79       0.551300    0.002600    0.47        35.54       64.46
2026-04-13 19:00:00 UTCREDUSDT     0.142000      53.30     3935        34321222.000000 28493.000000  0.08        0.646600    0.007800    1.22        39.27       60.73       1.395000    0.002000    0.14        58.25       41.75       0.556200    0.004900    0.89        35.74       64.26
2026-04-13 20:00:00 UTCREDUSDT     0.142200      54.10     3293        34239456.000000 -81766.000000 -0.24       0.642000    -0.004600   -0.71       39.10       60.90       1.383500    -0.011500   -0.82       58.05       41.95       0.553000    -0.003200   -0.58       35.61       64.39
2026-04-13 21:00:00 UTCREDUSDT     0.143100      57.61     3478        34226610.000000 -12846.000000 -0.04       0.635900    -0.006100   -0.95       38.87       61.13       1.363700    -0.019800   -1.43       57.69       42.31       0.546800    -0.006200   -1.12       35.35       64.65
2026-04-13 22:00:00 UTCREDUSDT     0.144600      62.74     5392        34127706.000000 -98904.000000 -0.29       0.636400    0.000500    0.08        38.89       61.11       1.358700    -0.005000   -0.37       57.60       42.40       0.546800    0.000000    0.00        35.35       64.65
2026-04-13 23:00:00 UTCREDUSDT     0.143900      59.15     4534        34228467.000000 100761.000000 0.30        0.614200    -0.022200   -3.49       38.05       61.95       1.345600    -0.013100   -0.96       57.37       42.63       0.529100    -0.017700   -3.24       34.60       65.40
2026-04-14 00:00:00 UTCREDUSDT     0.141700      49.54     6306        34070284.000000 -158183.000000-0.46       0.608800    -0.005400   -0.88       37.84       62.16       1.319500    -0.026100   -1.94       56.89       43.11       0.521800    -0.007300   -1.38       34.29       65.71
2026-04-14 01:00:00 UTCREDUSDT     0.141900      50.33     5104        34642085.000000 571801.000000 1.68        0.597400    -0.011400   -1.87       37.40       62.60       1.313000    -0.006500   -0.49       56.77       43.23       0.516300    -0.005500   -1.05       34.05       65.95
2026-04-14 02:00:00 UTCREDUSDT     0.141800      49.91     3279        34743949.000000 101864.000000 0.29        0.590100    -0.007300   -1.22       37.11       62.89       1.283900    -0.029100   -2.22       56.22       43.78       0.511900    -0.004400   -0.85       33.86       66.14
2026-04-14 03:00:00 UTCREDUSDT     0.141200      47.35     3401        34829061.000000 85112.000000  0.24        0.607200    0.017100    2.90        37.78       62.22       1.471400    0.187500    14.60       59.54       40.46       0.513800    0.001900    0.37        33.94       66.06
2026-04-14 04:00:00 UTCREDUSDT     0.140600      44.88     3927        34815217.000000 -13844.000000 -0.04       0.608800    0.001600    0.26        37.84       62.16       1.467700    -0.003700   -0.25       59.48       40.52       0.512900    -0.000900   -0.18       33.90       66.10
2026-04-14 05:00:00 UTCREDUSDT     0.140500      44.46     4332        34702142.000000 -113075.000000-0.32       0.602800    -0.006000   -0.99       37.61       62.39       1.486700    0.019000    1.29        59.79       40.21       0.502200    -0.010700   -2.09       33.43       66.57
2026-04-14 06:00:00 UTCREDUSDT     0.140900      46.60     3021        34411550.000000 -290592.000000-0.84       0.598500    -0.004300   -0.71       37.44       62.56       1.480800    -0.005900   -0.40       59.69       40.31       0.502000    -0.000200   -0.04       33.42       66.58
2026-04-14 07:00:00 UTCREDUSDT     0.140200      43.45     4333        34580577.000000 169027.000000 0.49        0.592600    -0.005900   -0.99       37.21       62.79       1.489200    0.008400    0.57        59.83       40.17       0.498800    -0.003200   -0.64       33.28       66.72
2026-04-14 08:00:00 UTCREDUSDT     0.142000      52.37     13445       34815017.000000 234440.000000 0.68        0.582800    -0.009800   -1.65       36.82       63.18       1.491900    0.002700    0.18        59.87       40.13       0.490500    -0.008300   -1.66       32.91       67.09
2026-04-14 09:00:00 UTCREDUSDT     0.140900      47.44     4597        34346397.000000 -468620.000000-1.35       0.584500    0.001700    0.29        36.89       63.11       1.426700    -0.065200   -4.37       58.79       41.21       0.487200    -0.003300   -0.67       32.76       67.24
2026-04-14 10:00:00 UTCREDUSDT     0.138300      38.28     4632        33823806.000000 -522591.000000-1.52       0.590100    0.005600    0.96        37.11       62.89       1.444500    0.017800    1.25        59.09       40.91       0.485900    -0.001300   -0.27       32.70       67.30
2026-04-14 11:00:00 UTCREDUSDT     0.137900      37.09     3727        33681482.000000 -142324.000000-0.42       0.581800    -0.008300   -1.41       36.78       63.22       1.430800    -0.013700   -0.95       58.86       41.14       0.481700    -0.004200   -0.86       32.51       67.49
2026-04-14 12:00:00 UTCREDUSDT     0.137300      35.32     3852        33624729.000000 -56753.000000 -0.17       0.576000    -0.005800   -1.00       36.55       63.45       1.434900    0.004100    0.29        58.93       41.07       0.475100    -0.006600   -1.37       32.21       67.79
2026-04-14 13:00:00 UTCREDUSDT     0.137800      37.98     4625        33803905.000000 179176.000000 0.53        0.576500    0.000500    0.09        36.57       63.43       1.439800    0.004900    0.34        59.01       40.99       0.469900    -0.005200   -1.09       31.97       68.03
2026-04-14 14:00:00 UTCREDUSDT     0.138400      41.10     4570        33202267.000000 -601638.000000-1.78       0.569400    -0.007100   -1.23       36.28       63.72       1.447100    0.007300    0.51        59.14       40.86       0.461600    -0.008300   -1.77       31.58       68.42
2026-04-14 15:00:00 UTCREDUSDT     0.138800      43.16     5181        33013005.000000 -189262.000000-0.57       0.568600    -0.000800   -0.14       36.25       63.75       1.480700    0.033600    2.32        59.69       40.31       0.462800    0.001200    0.26        31.64       68.36
2026-04-14 16:00:00 UTCREDUSDT     0.138200      40.85     4147        33298063.000000 285058.000000 0.86        0.558600    -0.010000   -1.76       35.84       64.16       1.462200    -0.018500   -1.25       59.39       40.61       0.460700    -0.002100   -0.45       31.54       68.46
2026-04-14 17:00:00 UTCREDUSDT     0.138200      40.85     3240        33113806.000000 -184257.000000-0.55       0.552300    -0.006300   -1.13       35.58       64.42       1.463200    0.001000    0.07        59.40       40.60       0.453500    -0.007200   -1.56       31.20       68.80
2026-04-14 18:00:00 UTCREDUSDT     0.137300      37.38     3799        32911042.000000 -202764.000000-0.61       0.547500    -0.004800   -0.87       35.38       64.62       1.456400    -0.006800   -0.46       59.29       40.71       0.445700    -0.007800   -1.72       30.83       69.17
2026-04-14 19:00:00 UTCREDUSDT     0.138600      44.69     2860        32964658.000000 53616.000000  0.16        0.540600    -0.006900   -1.26       35.09       64.91       1.416500    -0.039900   -2.74       58.62       41.38       0.441100    -0.004600   -1.03       30.61       69.39
2026-04-14 20:00:00 UTCREDUSDT     0.138400      43.84     3210        32721397.000000 -243261.000000-0.74       0.537800    -0.002800   -0.52       34.97       65.03       1.407900    -0.008600   -0.61       58.47       41.53       0.439700    -0.001400   -0.32       30.54       69.46
2026-04-14 21:00:00 UTCREDUSDT     0.141200      56.34     3912        32811586.000000 90189.000000  0.28        0.539900    0.002100    0.39        35.06       64.94       1.394000    -0.013900   -0.99       58.23       41.77       0.445100    0.005400    1.23        30.80       69.20
2026-04-14 22:00:00 UTCREDUSDT     0.141900      58.81     4628        33008173.000000 196587.000000 0.60        0.539200    -0.000700   -0.13       35.03       64.97       1.379500    -0.014500   -1.04       57.97       42.03       0.442600    -0.002500   -0.56       30.68       69.32
2026-04-14 23:00:00 UTCREDUSDT     0.144100      65.42     6214        32750467.000000 -257706.000000-0.78       0.531400    -0.007800   -1.45       34.70       65.30       1.376200    -0.003300   -0.24       57.92       42.08       0.437400    -0.005200   -1.17       30.43       69.57
2026-04-15 00:00:00 UTCREDUSDT     0.141700      55.04     11498       32409292.000000 -341175.000000-1.04       0.539400    0.008000    1.51        35.04       64.96       1.319000    -0.057200   -4.16       56.88       43.12       0.458400    0.021000    4.80        31.43       68.57
2026-04-15 01:00:00 UTCREDUSDT     0.151700      73.74     23535       31667796.000000 -741496.000000-2.29       0.551300    0.011900    2.21        35.54       64.46       1.296500    -0.022500   -1.71       56.46       43.54       0.462800    0.004400    0.96        31.64       68.36
2026-04-15 02:00:00 UTCREDUSDT     0.148200      63.75     20705       32051731.000000 383935.000000 1.21        0.540100    -0.011200   -2.03       35.07       64.93       1.338100    0.041600    3.21        57.23       42.77       0.445300    -0.017500   -3.78       30.81       69.19
2026-04-15 03:00:00 UTCREDUSDT     0.151600      68.25     9997        32159246.000000 107515.000000 0.34        0.542300    0.002200    0.41        35.16       64.84       1.169700    -0.168400   -12.59      53.91       46.09       0.448000    0.002700    0.61        30.94       69.06
2026-04-15 04:00:00 UTCREDUSDT     0.151400      67.71     34988       32215917.000000 56671.000000  0.18        0.533700    -0.008600   -1.59       34.80       65.20       1.146300    -0.023400   -2.00       53.41       46.59       0.450700    0.002700    0.60        31.07       68.93
2026-04-15 05:00:00 UTCREDUSDT     0.152100      68.64     11580       33054855.000000 838938.000000 2.60        0.563000    0.029300    5.49        36.02       63.98       1.150500    0.004200    0.37        53.50       46.50       0.479300    0.028600    6.35        32.40       67.60
2026-04-15 06:00:00 UTCREDUSDT     0.172500      83.47     95915       33344104.000000 289249.000000 0.88        0.574300    0.011300    2.01        36.48       63.52       1.196400    0.045900    3.99        54.47       45.53       0.486500    0.007200    1.50        32.73       67.27
2026-04-15 07:00:00 UTCREDUSDT     0.165600      71.20     91954       39552970.000000 6208866.00000018.62       0.663100    0.088800    15.46       39.87       60.13       1.165900    -0.030500   -2.55       53.83       46.17       0.566900    0.080400    16.53       36.18       63.82
2026-04-15 08:00:00 UTCREDUSDT     0.163300      67.64     39984       38376696.000000 -1176274.000000-2.97       0.661400    -0.001700   -0.26       39.81       60.19       1.159600    -0.006300   -0.54       53.70       46.30       0.598000    0.031100    5.49        37.42       62.58
2026-04-15 09:00:00 UTCREDUSDT     0.157800      59.91     31715       37441561.000000 -935135.000000-2.44       0.672800    0.011400    1.72        40.22       59.78       1.158200    -0.001400   -0.12       53.66       46.34       0.601800    0.003800    0.64        37.57       62.43
2026-04-15 10:00:00 UTCREDUSDT     0.159700      61.54     16096       36919434.000000 -522127.000000-1.39       0.669400    -0.003400   -0.51       40.10       59.90       1.175900    0.017700    1.53        54.04       45.96       0.597700    -0.004100   -0.68       37.41       62.59
2026-04-15 11:00:00 UTCREDUSDT     0.158400      59.75     24501       36291847.000000 -627587.000000-1.70       0.631300    -0.038100   -5.69       38.70       61.30       1.126500    -0.049400   -4.20       52.97       47.03       0.555700    -0.042000   -7.03       35.72       64.28
2026-04-15 12:00:00 UTCREDUSDT     0.156600      57.26     19647       36314656.000000 22809.000000  0.06        0.632100    0.000800    0.13        38.73       61.27       1.088100    -0.038400   -3.41       52.11       47.89       0.565900    0.010200    1.84        36.14       63.86
2026-04-15 13:00:00 UTCREDUSDT     0.155800      56.14     13660       37024223.000000 709567.000000 1.95        0.672200    0.040100    6.34        40.20       59.80       1.118000    0.029900    2.75        52.79       47.21       0.601500    0.035600    6.29        37.56       62.44
2026-04-15 14:00:00 UTCREDUSDT     0.154300      54.00     12730       36956096.000000 -68127.000000 -0.18       0.666100    -0.006100   -0.91       39.98       60.02       1.118300    0.000300    0.03        52.79       47.21       0.582300    -0.019200   -3.19       36.80       63.20
2026-04-15 15:00:00 UTCREDUSDT     0.154900      54.74     11731       36632994.000000 -323102.000000-0.87       0.667800    0.001700    0.26        40.04       59.96       1.096500    -0.021800   -1.95       52.30       47.70       0.595700    0.013400    2.30        37.33       62.67
2026-04-15 16:00:00 UTCREDUSDT     0.156300      56.50     11216       36183251.000000 -449743.000000-1.23       0.636100    -0.031700   -4.75       38.88       61.12       1.049700    -0.046800   -4.27       51.21       48.79       0.570800    -0.024900   -4.18       36.34       63.66
2026-04-15 17:00:00 UTCREDUSDT     0.155800      55.67     10833       36169929.000000 -13322.000000 -0.04       0.639300    0.003200    0.50        39.00       61.00       1.069700    0.020000    1.91        51.68       48.32       0.568100    -0.002700   -0.47       36.23       63.77
2026-04-15 18:00:00 UTCREDUSDT     0.155000      54.29     6220        35966133.000000 -203796.000000-0.56       0.647700    0.008400    1.31        39.31       60.69       1.089100    0.019400    1.81        52.13       47.87       0.578800    0.010700    1.88        36.66       63.34
2026-04-15 19:00:00 UTCREDUSDT     0.157100      57.28     6496        35597122.000000 -369011.000000-1.03       0.667800    0.020100    3.10        40.04       59.96       1.114600    0.025500    2.34        52.71       47.29       0.595200    0.016400    2.83        37.31       62.69
2026-04-15 20:00:00 UTCREDUSDT     0.156700      56.52     6866        35257525.000000 -339597.000000-0.95       0.642800    -0.025000   -3.74       39.13       60.87       1.119200    0.004600    0.41        52.81       47.19       0.584000    -0.011200   -1.88       36.87       63.13
2026-04-15 21:00:00 UTCREDUSDT     0.156400      55.93     8148        35263607.000000 6082.000000   0.02        0.652600    0.009800    1.52        39.49       60.51       1.131700    0.012500    1.12        53.09       46.91       0.586300    0.002300    0.39        36.96       63.04
2026-04-15 22:00:00 UTCREDUSDT     0.155300      53.68     6706        35204040.000000 -59567.000000 -0.17       0.629200    -0.023400   -3.59       38.62       61.38       1.123500    -0.008200   -0.72       52.91       47.09       0.558600    -0.027700   -4.72       35.84       64.16
2026-04-15 23:00:00 UTCREDUSDT     0.156800      56.26     7723        35230081.000000 26041.000000  0.07        0.640400    0.011200    1.78        39.04       60.96       1.138000    0.014500    1.29        53.23       46.77       0.573100    0.014500    2.60        36.43       63.57
2026-04-16 00:00:00 UTCREDUSDT     0.150600      45.09     51253       35652834.000000 422753.000000 1.20        0.629500    -0.010900   -1.70       38.63       61.37       1.118300    -0.019700   -1.73       52.79       47.21       0.556700    -0.016400   -2.86       35.76       64.24

==============================================================================================================
LAST SNAPSHOT
==============================================================================================================
Time                : 2026-04-16 00:00:00 UTC
Symbol              : REDUSDT
Close               : 0.150600
RSI(14)            : 45.09
Number of Trades    : 51253
Volume              : 53724015.000000
Quote Volume        : 8215600.342300

Open Interest       : 35652834.000000
OI Change           : 422753.000000
OI Change %         : 1.20%
OI Value            : 5590800.761888

Top Acco L/S Ratio  : 0.629500
Top Acco L/S Change : -0.010900
Top Acco Chg %      : -1.70%
Top Acco Long %     : 38.63
Top Acco Short %    : 61.37

Top Posit L/S Ratio : 1.118300
Top Posit L/S Change: -0.019700
Top Posit Chg %     : -1.73%
Top Posit Long %    : 52.79
Top Posit Short %   : 47.21

Global L/S Ratio    : 0.556700
Global L/S Change   : -0.016400
Global Chg %        : -2.86%
Global Long %       : 35.76
Global Short %      : 64.24

[Program finished]####################################################################################################
FETCHING BINANCE FUTURES DATA ...
####################################################################################################
SYMBOL     : SPORTFUNUSDT
PERIOD     : 1h
LIMIT      : 100
RSI_PERIOD : 14

========================================================================================================================================================================================================================================================================================================================================================================
BINANCE FUTURES MERGED DATA (L.S + OI + RSI + TRADES) | ROW = ONE CANDLE
========================================================================================================================================================================================================================================================================================================================================================================
Time                  Symbol      Close         RSI       Trades      OI              OI Chg        OI Chg %    Acco L/S    Acco Chg    Acco Chg%   Acco L%     Acco S%     Posit L/S   Posit Chg   Posit Chg%  Posit L%    Posit S%    Global L/S  Global Chg  Global Chg% Global L%   Global S%
------------------------------------------------------------------------------------------------------------------------------------------------------------------------------------------------------------------------------------------------------------------------------------------------------------------------------------------------------------------------
2026-04-11 21:00:00 UTCSPORTFUNUSDT0.038700      40.17     2319        33406643.000000 0.000000      0.00        3.649000    0.000000    0.00        78.49       21.51       2.268100    0.000000    0.00        69.40       30.60       4.288200    0.000000    0.00        81.09       18.91
2026-04-11 22:00:00 UTCSPORTFUNUSDT0.039160      43.98     846         33532374.000000 125731.000000 0.38        3.721400    0.072400    1.98        78.82       21.18       2.297700    0.029600    1.31        69.68       30.32       4.302200    0.014000    0.33        81.14       18.86
2026-04-11 23:00:00 UTCSPORTFUNUSDT0.039000      42.96     1376        33513110.000000 -19264.000000 -0.06       3.621100    -0.100300   -2.70       78.36       21.64       2.290200    -0.007500   -0.33       69.61       30.39       4.197500    -0.104700   -2.43       80.76       19.24
2026-04-12 00:00:00 UTCSPORTFUNUSDT0.038880      42.16     1133        33311393.000000 -201717.000000-0.60       3.721400    0.100300    2.77        78.82       21.18       2.248000    -0.042200   -1.84       69.21       30.79       4.307900    0.110400    2.63        81.16       18.84
2026-04-12 01:00:00 UTCSPORTFUNUSDT0.037850      36.00     2247        33076325.000000 -235068.000000-0.71       3.629600    -0.091800   -2.47       78.40       21.60       2.263300    0.015300    0.68        69.36       30.64       4.162600    -0.145300   -3.37       80.63       19.37
2026-04-12 02:00:00 UTCSPORTFUNUSDT0.037830      35.89     2320        32879612.000000 -196713.000000-0.59       3.791600    0.162000    4.46        79.13       20.87       2.259600    -0.003700   -0.16       69.32       30.68       4.243800    0.081200    1.95        80.93       19.07
2026-04-12 03:00:00 UTCSPORTFUNUSDT0.037560      34.37     835         32903422.000000 23810.000000  0.07        3.835600    0.044000    1.16        79.32       20.68       2.401800    0.142200    6.29        70.60       29.40       4.382100    0.138300    3.26        81.42       18.58
2026-04-12 04:00:00 UTCSPORTFUNUSDT0.037560      34.37     2706        32811106.000000 -92316.000000 -0.28       3.842600    0.007000    0.18        79.35       20.65       2.383000    -0.018800   -0.78       70.44       29.56       4.387900    0.005800    0.13        81.44       18.56
2026-04-12 05:00:00 UTCSPORTFUNUSDT0.037840      37.56     2326        32511152.000000 -299954.000000-0.91       3.697000    -0.145600   -3.79       78.71       21.29       2.408000    0.025000    1.05        70.66       29.34       4.083900    -0.304000   -6.93       80.33       19.67
2026-04-12 06:00:00 UTCSPORTFUNUSDT0.038060      40.02     661         32337544.000000 -173608.000000-0.53       3.627500    -0.069500   -1.88       78.39       21.61       2.373400    -0.034600   -1.44       70.36       29.64       4.015000    -0.068900   -1.69       80.06       19.94
2026-04-12 07:00:00 UTCSPORTFUNUSDT0.038300      42.67     818         32409579.000000 72035.000000  0.22        3.610400    -0.017100   -0.47       78.31       21.69       2.362400    -0.011000   -0.46       70.26       29.74       4.007500    -0.007500   -0.19       80.03       19.97
2026-04-12 08:00:00 UTCSPORTFUNUSDT0.038700      46.89     729         32488225.000000 78646.000000  0.24        3.601900    -0.008500   -0.24       78.27       21.73       2.354900    -0.007500   -0.32       70.19       29.81       4.040300    0.032800    0.82        80.16       19.84
2026-04-12 09:00:00 UTCSPORTFUNUSDT0.038740      47.31     838         32743911.000000 255686.000000 0.79        3.629600    0.027700    0.77        78.40       21.60       2.342700    -0.012200   -0.52       70.08       29.92       4.063300    0.023000    0.57        80.25       19.75
2026-04-12 10:00:00 UTCSPORTFUNUSDT0.038710      47.01     772         32783285.000000 39374.000000  0.12        3.668500    0.038900    1.07        78.58       21.42       2.312800    -0.029900   -1.28       69.81       30.19       4.192100    0.128800    3.17        80.74       19.26
2026-04-12 11:00:00 UTCSPORTFUNUSDT0.038680      46.69     1147        32741573.000000 -41712.000000 -0.13       3.764200    0.095700    2.61        79.01       20.99       2.314600    0.001800    0.08        69.83       30.17       4.310700    0.118600    2.83        81.17       18.83
2026-04-12 12:00:00 UTCSPORTFUNUSDT0.039180      52.46     2639        32516333.000000 -225240.000000-0.69       3.875700    0.111500    2.96        79.49       20.51       2.331300    0.016700    0.72        69.98       30.02       4.467500    0.156800    3.64        81.71       18.29
2026-04-12 13:00:00 UTCSPORTFUNUSDT0.038610      46.31     938         33047588.000000 531255.000000 1.63        3.904400    0.028700    0.74        79.61       20.39       2.345900    0.014600    0.63        70.11       29.89       4.291000    -0.176500   -3.95       81.10       18.90
2026-04-12 14:00:00 UTCSPORTFUNUSDT0.038760      48.04     640         32815865.000000 -231723.000000-0.70       4.012500    0.108100    2.77        80.05       19.95       2.331300    -0.014600   -0.62       69.98       30.02       4.390800    0.099800    2.33        81.45       18.55
2026-04-12 15:00:00 UTCSPORTFUNUSDT0.037990      40.79     1392        32816409.000000 544.000000    0.00        3.982600    -0.029900   -0.75       79.93       20.07       2.333500    0.002200    0.09        70.00       30.00       4.387900    -0.002900   -0.07       81.44       18.56
2026-04-12 16:00:00 UTCSPORTFUNUSDT0.039420      54.51     1174        32981676.000000 165267.000000 0.50        4.176000    0.193400    4.86        80.68       19.32       2.370700    0.037200    1.59        70.33       29.67       4.571000    0.183100    4.17        82.05       17.95
2026-04-12 17:00:00 UTCSPORTFUNUSDT0.039010      50.87     2099        32709502.000000 -272174.000000-0.83       3.935800    -0.240200   -5.75       79.74       20.26       2.322400    -0.048300   -2.04       69.90       30.10       4.408300    -0.162700   -3.56       81.51       18.49
2026-04-12 18:00:00 UTCSPORTFUNUSDT0.038880      49.74     839         32749299.000000 39797.000000  0.12        4.045400    0.109600    2.78        80.18       19.82       2.322200    -0.000200   -0.01       69.90       30.10       4.558600    0.150300    3.41        82.01       17.99
2026-04-12 19:00:00 UTCSPORTFUNUSDT0.038840      49.37     653         32740044.000000 -9255.000000  -0.03       4.170600    0.125200    3.09        80.66       19.34       2.322200    0.000000    0.00        69.90       30.10       4.698000    0.139400    3.06        82.45       17.55
2026-04-12 20:00:00 UTCSPORTFUNUSDT0.038840      49.37     706         32682288.000000 -57756.000000 -0.18       4.152000    -0.018600   -0.45       80.59       19.41       2.321000    -0.001200   -0.05       69.89       30.11       4.685000    -0.013000   -0.28       82.41       17.59
2026-04-12 21:00:00 UTCSPORTFUNUSDT0.038960      50.63     583         32707922.000000 25634.000000  0.08        4.189400    0.037400    0.90        80.73       19.27       2.318300    -0.002700   -0.12       69.86       30.14       4.694800    0.009800    0.21        82.44       17.56
2026-04-12 22:00:00 UTCSPORTFUNUSDT0.038900      49.96     619         32797047.000000 89125.000000  0.27        4.168000    -0.021400   -0.51       80.65       19.35       2.316300    -0.002000   -0.09       69.85       30.15       4.717600    0.022800    0.49        82.51       17.49
2026-04-12 23:00:00 UTCSPORTFUNUSDT0.038550      46.13     757         32697915.000000 -99132.000000 -0.30       4.227400    0.059400    1.43        80.87       19.13       2.312800    -0.003500   -0.15       69.81       30.19       4.824100    0.106500    2.26        82.83       17.17
2026-04-13 00:00:00 UTCSPORTFUNUSDT0.038750      48.56     621         32500177.000000 -197738.000000-0.60       4.350500    0.123100    2.91        81.31       18.69       2.310600    -0.002200   -0.10       69.79       30.21       4.927700    0.103600    2.15        83.13       16.87
2026-04-13 01:00:00 UTCSPORTFUNUSDT0.039420      55.75     1059        32531104.000000 30927.000000  0.10        4.464500    0.114000    2.62        81.70       18.30       2.312200    0.001600    0.07        69.81       30.19       4.977300    0.049600    1.01        83.27       16.73
2026-04-13 02:00:00 UTCSPORTFUNUSDT0.039470      56.25     825         32530224.000000 -880.000000   -0.00       4.399600    -0.064900   -1.45       81.48       18.52       2.293500    -0.018700   -0.81       69.64       30.36       4.952400    -0.024900   -0.50       83.20       16.80
2026-04-13 03:00:00 UTCSPORTFUNUSDT0.039700      58.53     2698        32706604.000000 176380.000000 0.54        4.420100    0.020500    0.47        81.55       18.45       2.304600    0.011100    0.48        69.74       30.26       5.082700    0.130300    2.63        83.56       16.44
2026-04-13 04:00:00 UTCSPORTFUNUSDT0.039750      59.03     2099        33316778.000000 610174.000000 1.87        4.443700    0.023600    0.53        81.63       18.37       2.288600    -0.016000   -0.69       69.59       30.41       5.269600    0.186900    3.68        84.05       15.95
2026-04-13 05:00:00 UTCSPORTFUNUSDT0.040850      68.14     2449        33717950.000000 401172.000000 1.20        4.527900    0.084200    1.89        81.91       18.09       2.278100    -0.010500   -0.46       69.49       30.51       5.414400    0.144800    2.75        84.41       15.59
2026-04-13 06:00:00 UTCSPORTFUNUSDT0.040900      68.48     2885        34616231.000000 898281.000000 2.66        4.455500    -0.072400   -1.60       81.67       18.33       2.317300    0.039200    1.72        69.85       30.15       5.211200    -0.203200   -3.75       83.90       16.10
2026-04-13 07:00:00 UTCSPORTFUNUSDT0.039840      54.97     7262        35576749.000000 960518.000000 2.77        4.737200    0.281700    6.32        82.57       17.43       2.301200    -0.016100   -0.69       69.71       30.29       5.385700    0.174500    3.35        84.34       15.66
2026-04-13 08:00:00 UTCSPORTFUNUSDT0.038320      42.13     4819        34554441.000000 -1022308.000000-2.87       4.977300    0.240100    5.07        83.27       16.73       2.248100    -0.053100   -2.31       69.21       30.79       5.527400    0.141700    2.63        84.68       15.32
2026-04-13 09:00:00 UTCSPORTFUNUSDT0.038890      47.12     2070        34297330.000000 -257111.000000-0.74       4.827500    -0.149800   -3.01       82.84       17.16       2.270900    0.022800    1.01        69.43       30.57       5.489300    -0.038100   -0.69       84.59       15.41
2026-04-13 10:00:00 UTCSPORTFUNUSDT0.038900      47.20     1400        33728360.000000 -568970.000000-1.66       4.878900    0.051400    1.06        82.99       17.01       2.285300    0.014400    0.63        69.56       30.44       5.497700    0.008400    0.15        84.61       15.39
2026-04-13 11:00:00 UTCSPORTFUNUSDT0.038660      45.30     949         33378092.000000 -350268.000000-1.04       4.865100    -0.013800   -0.28       82.95       17.05       2.327700    0.042400    1.86        69.95       30.05       5.544500    0.046800    0.85        84.72       15.28
2026-04-13 12:00:00 UTCSPORTFUNUSDT0.038590      44.73     2046        33543163.000000 165071.000000 0.49        4.820700    -0.044400   -0.91       82.82       17.18       2.371900    0.044200    1.90        70.34       29.66       5.502000    -0.042500   -0.77       84.62       15.38
2026-04-13 13:00:00 UTCSPORTFUNUSDT0.038450      43.56     1357        33421125.000000 -122038.000000-0.36       4.583500    -0.237200   -4.92       82.09       17.91       2.420500    0.048600    2.05        70.76       29.24       5.361300    -0.140700   -2.56       84.28       15.72
2026-04-13 14:00:00 UTCSPORTFUNUSDT0.038290      42.20     1312        33159928.000000 -261197.000000-0.78       4.405400    -0.178100   -3.89       81.50       18.50       2.409800    -0.010700   -0.44       70.67       29.33       5.389800    0.028500    0.53        84.35       15.65
2026-04-13 15:00:00 UTCSPORTFUNUSDT0.038070      40.33     1283        33129488.000000 -30440.000000 -0.09       4.552500    0.147100    3.34        81.99       18.01       2.392100    -0.017700   -0.73       70.52       29.48       5.531700    0.141900    2.63        84.69       15.31
2026-04-13 16:00:00 UTCSPORTFUNUSDT0.037950      39.31     1315        33206879.000000 77391.000000  0.23        4.605400    0.052900    1.16        82.16       17.84       2.394600    0.002500    0.10        70.54       29.46       5.592000    0.060300    1.09        84.83       15.17
2026-04-13 17:00:00 UTCSPORTFUNUSDT0.037970      39.58     3365        33677176.000000 470297.000000 1.42        4.621100    0.015700    0.34        82.21       17.79       2.426700    0.032100    1.34        70.82       29.18       5.609400    0.017400    0.31        84.87       15.13
2026-04-13 18:00:00 UTCSPORTFUNUSDT0.037890      38.83     881         34015806.000000 338630.000000 1.01        4.824100    0.203000    4.39        82.83       17.17       2.430000    0.003300    0.14        70.85       29.15       5.734000    0.124600    2.22        85.15       14.85
2026-04-13 19:00:00 UTCSPORTFUNUSDT0.038280      44.41     811         33912716.000000 -103090.000000-0.30       4.780300    -0.043800   -0.91       82.70       17.30       2.417300    -0.012700   -0.52       70.74       29.26       5.635700    -0.098300   -1.71       84.93       15.07
2026-04-13 20:00:00 UTCSPORTFUNUSDT0.038270      44.30     1142        33824307.000000 -88409.000000 -0.26       4.659300    -0.121000   -2.53       82.33       17.67       2.400700    -0.016600   -0.69       70.59       29.41       5.476700    -0.159000   -2.82       84.56       15.44
2026-04-13 21:00:00 UTCSPORTFUNUSDT0.037640      37.84     1426        33734892.000000 -89415.000000 -0.26       4.567900    -0.091400   -1.96       82.04       17.96       2.392200    -0.008500   -0.35       70.52       29.48       5.480900    0.004200    0.08        84.57       15.43
2026-04-13 22:00:00 UTCSPORTFUNUSDT0.038130      44.60     1268        33937150.000000 202258.000000 0.60        4.906700    0.338800    7.42        83.07       16.93       2.445800    0.053600    2.24        70.98       29.02       5.788900    0.308000    5.62        85.27       14.73
2026-04-13 23:00:00 UTCSPORTFUNUSDT0.037360      37.67     2430        34023893.000000 86743.000000  0.26        4.889300    -0.017400   -0.35       83.02       16.98       2.456300    0.010500    0.43        71.07       28.93       5.752200    -0.036700   -0.63       85.19       14.81
2026-04-14 00:00:00 UTCSPORTFUNUSDT0.037080      35.51     3051        34183148.000000 159255.000000 0.47        4.955900    0.066600    1.36        83.21       16.79       2.433700    -0.022600   -0.92       70.88       29.12       5.887100    0.134900    2.35        85.48       14.52
2026-04-14 01:00:00 UTCSPORTFUNUSDT0.037880      45.19     5053        33771668.000000 -411480.000000-1.20       5.071600    0.115700    2.33        83.53       16.47       2.418100    -0.015600   -0.64       70.74       29.26       5.882300    -0.004800   -0.08       85.47       14.53
2026-04-14 02:00:00 UTCSPORTFUNUSDT0.038410      50.49     3648        33445329.000000 -326339.000000-0.97       5.035000    -0.036600   -0.72       83.43       16.57       2.469300    0.051200    2.12        71.18       28.82       5.675600    -0.206700   -3.51       85.02       14.98
2026-04-14 03:00:00 UTCSPORTFUNUSDT0.038880      54.67     2134        33489446.000000 44117.000000  0.13        4.963000    -0.072000   -1.43       83.23       16.77       2.464700    -0.004600   -0.19       71.14       28.86       5.711400    0.035800    0.63        85.10       14.90
2026-04-14 04:00:00 UTCSPORTFUNUSDT0.038550      51.39     3278        34187746.000000 698300.000000 2.09        4.984400    0.021400    0.43        83.29       16.71       2.532900    0.068200    2.77        71.70       28.30       5.662200    -0.049200   -0.86       84.99       15.01
2026-04-14 05:00:00 UTCSPORTFUNUSDT0.039330      57.84     2739        34501659.000000 313913.000000 0.92        5.082700    0.098300    1.97        83.56       16.44       2.507700    -0.025200   -0.99       71.49       28.51       5.863400    0.201200    3.55        85.43       14.57
2026-04-14 06:00:00 UTCSPORTFUNUSDT0.038700      51.85     1742        34889497.000000 387838.000000 1.12        5.218900    0.136200    2.68        83.92       16.08       2.501000    -0.006700   -0.27       71.44       28.56       5.925200    0.061800    1.05        85.56       14.44
2026-04-14 07:00:00 UTCSPORTFUNUSDT0.038700      51.85     1730        35127918.000000 238421.000000 0.68        5.273500    0.054600    1.05        84.06       15.94       2.494200    -0.006800   -0.27       71.38       28.62       6.032300    0.107100    1.81        85.78       14.22
2026-04-14 08:00:00 UTCSPORTFUNUSDT0.038580      50.70     1005        34803498.000000 -324420.000000-0.92       5.353200    0.079700    1.51        84.26       15.74       2.461900    -0.032300   -1.30       71.11       28.89       6.127600    0.095300    1.58        85.97       14.03
2026-04-14 09:00:00 UTCSPORTFUNUSDT0.038920      53.84     1706        34769722.000000 -33776.000000 -0.10       5.325100    -0.028100   -0.52       84.19       15.81       2.436300    -0.025600   -1.04       70.90       29.10       6.209800    0.082200    1.34        86.13       13.87
2026-04-14 10:00:00 UTCSPORTFUNUSDT0.038910      53.73     1264        34621888.000000 -147834.000000-0.43       5.497700    0.172600    3.24        84.61       15.39       2.407000    -0.029300   -1.20       70.65       29.35       6.446000    0.236200    3.80        86.57       13.43
2026-04-14 11:00:00 UTCSPORTFUNUSDT0.038990      54.52     1425        34471513.000000 -150375.000000-0.43       5.557400    0.059700    1.09        84.75       15.25       2.407500    0.000500    0.02        70.65       29.35       6.462700    0.016700    0.26        86.60       13.40
2026-04-14 12:00:00 UTCSPORTFUNUSDT0.039190      56.52     1041        34609528.000000 138015.000000 0.40        5.715900    0.158500    2.85        85.11       14.89       2.426600    0.019100    0.79        70.82       29.18       6.598800    0.136100    2.11        86.84       13.16
2026-04-14 13:00:00 UTCSPORTFUNUSDT0.039490      59.41     2393        34687038.000000 77510.000000  0.22        5.648900    -0.067000   -1.17       84.96       15.04       2.451300    0.024700    1.02        71.03       28.97       6.407400    -0.191400   -2.90       86.50       13.50
2026-04-14 14:00:00 UTCSPORTFUNUSDT0.039400      58.16     2477        34421810.000000 -265228.000000-0.76       5.622500    -0.026400   -0.47       84.90       15.10       2.429500    -0.021800   -0.89       70.84       29.16       6.374600    -0.032800   -0.51       86.44       13.56
2026-04-14 15:00:00 UTCSPORTFUNUSDT0.039280      56.46     2033        34581374.000000 159564.000000 0.46        5.734000    0.111500    1.98        85.15       14.85       2.443500    0.014000    0.58        70.96       29.04       6.552900    0.178300    2.80        86.76       13.24
2026-04-14 16:00:00 UTCSPORTFUNUSDT0.038220      44.17     2354        34637155.000000 55781.000000  0.16        5.680000    -0.054000   -0.94       85.03       14.97       2.462900    0.019400    0.79        71.12       28.88       6.423900    -0.129000   -1.97       86.53       13.47
2026-04-14 17:00:00 UTCSPORTFUNUSDT0.038920      51.66     1729        34109239.000000 -527916.000000-1.52       5.958900    0.278900    4.91        85.63       14.37       2.437200    -0.025700   -1.04       70.91       29.09       6.668700    0.244800    3.81        86.96       13.04
2026-04-14 18:00:00 UTCSPORTFUNUSDT0.038550      47.99     1421        34087491.000000 -21748.000000 -0.06       5.854000    -0.104900   -1.76       85.41       14.59       2.438500    0.001300    0.05        70.92       29.08       6.374600    -0.294100   -4.41       86.44       13.56
2026-04-14 19:00:00 UTCSPORTFUNUSDT0.038460      47.12     1043        34042227.000000 -45264.000000 -0.13       5.480900    -0.373100   -6.37       84.57       15.43       2.423800    -0.014700   -0.60       70.79       29.21       6.122500    -0.252100   -3.95       85.96       14.04
2026-04-14 20:00:00 UTCSPORTFUNUSDT0.038090      43.60     1235        33976967.000000 -65260.000000 -0.19       5.835300    0.354400    6.47        85.37       14.63       2.409200    -0.014600   -0.60       70.67       29.33       6.423900    0.301400    4.92        86.53       13.47
2026-04-14 21:00:00 UTCSPORTFUNUSDT0.038530      48.52     767         34056456.000000 79489.000000  0.23        5.640100    -0.195200   -3.35       84.94       15.06       2.382200    -0.027000   -1.12       70.43       29.57       6.412900    -0.011000   -0.17       86.51       13.49
2026-04-14 22:00:00 UTCSPORTFUNUSDT0.038630      49.60     641         34023574.000000 -32882.000000 -0.10       5.502000    -0.138100   -2.45       84.62       15.38       2.370000    -0.012200   -0.51       70.33       29.67       6.331400    -0.081500   -1.27       86.36       13.64
2026-04-14 23:00:00 UTCSPORTFUNUSDT0.038570      48.94     1680        34036499.000000 12925.000000  0.04        5.548800    0.046800    0.85        84.73       15.27       2.363700    -0.006300   -0.27       70.27       29.73       6.358400    0.027000    0.43        86.41       13.59
2026-04-15 00:00:00 UTCSPORTFUNUSDT0.039230      55.91     2976        33661501.000000 -374998.000000-1.10       5.626900    0.078100    1.41        84.91       15.09       2.367300    0.003600    0.15        70.30       29.70       6.434900    0.076500    1.20        86.55       13.45
2026-04-15 01:00:00 UTCSPORTFUNUSDT0.038120      44.83     3320        33879674.000000 218173.000000 0.65        5.583300    -0.043600   -0.77       84.81       15.19       2.402800    0.035500    1.50        70.61       29.39       6.251600    -0.183300   -2.85       86.21       13.79
2026-04-15 02:00:00 UTCSPORTFUNUSDT0.038500      48.58     3488        34213053.000000 333379.000000 0.98        5.983200    0.399900    7.16        85.68       14.32       2.437000    0.034200    1.42        70.90       29.10       6.581500    0.329900    5.28        86.81       13.19
2026-04-15 03:00:00 UTCSPORTFUNUSDT0.038210      46.01     1590        33728056.000000 -484997.000000-1.42       5.618100    -0.365100   -6.10       84.89       15.11       2.400600    -0.036400   -1.49       70.59       29.41       6.288600    -0.292900   -4.45       86.28       13.72
2026-04-15 04:00:00 UTCSPORTFUNUSDT0.038590      49.77     2251        33805095.000000 77039.000000  0.23        5.738500    0.120400    2.14        85.16       14.84       2.407400    0.006800    0.28        70.65       29.35       6.462700    0.174100    2.77        86.60       13.40
2026-04-15 05:00:00 UTCSPORTFUNUSDT0.038600      49.86     815         33932109.000000 127014.000000 0.38        5.587600    -0.150900   -2.63       84.82       15.18       2.395400    -0.012000   -0.50       70.55       29.45       6.293900    -0.168800   -2.61       86.29       13.71
2026-04-15 06:00:00 UTCSPORTFUNUSDT0.038380      47.64     1210        33979383.000000 47274.000000  0.14        5.518900    -0.068700   -1.23       84.66       15.34       2.390500    -0.004900   -0.20       70.51       29.49       6.288600    -0.005300   -0.08       86.28       13.72
2026-04-15 07:00:00 UTCSPORTFUNUSDT0.037650      41.10     1279        34224149.000000 244766.000000 0.72        5.631300    0.112400    2.04        84.92       15.08       2.406000    0.015500    0.65        70.64       29.36       6.363800    0.075200    1.20        86.42       13.58
2026-04-15 08:00:00 UTCSPORTFUNUSDT0.038010      45.10     2508        34312868.000000 88719.000000  0.26        5.666700    0.035400    0.63        85.00       15.00       2.383700    -0.022300   -0.93       70.45       29.55       6.558600    0.194800    3.06        86.77       13.23
2026-04-15 09:00:00 UTCSPORTFUNUSDT0.038190      47.04     1618        34487539.000000 174671.000000 0.51        5.535900    -0.130800   -2.31       84.70       15.30       2.333800    -0.049900   -2.09       70.00       30.00       6.288600    -0.270000   -4.12       86.28       13.72
2026-04-15 10:00:00 UTCSPORTFUNUSDT0.038300      48.25     1041        34538686.000000 51147.000000  0.15        5.480900    -0.055000   -0.99       84.57       15.43       2.280500    -0.053300   -2.28       69.52       30.48       6.429400    0.140800    2.24        86.54       13.46
2026-04-15 11:00:00 UTCSPORTFUNUSDT0.038290      48.14     1228        34462373.000000 -76313.000000 -0.22       5.455800    -0.025100   -0.46       84.51       15.49       2.249200    -0.031300   -1.37       69.22       30.78       6.336800    -0.092600   -1.44       86.37       13.63
2026-04-15 12:00:00 UTCSPORTFUNUSDT0.038340      48.75     1633        34693877.000000 231504.000000 0.67        5.609400    0.153600    2.82        84.87       15.13       2.272700    0.023500    1.04        69.44       30.56       6.479400    0.142600    2.25        86.63       13.37
2026-04-15 13:00:00 UTCSPORTFUNUSDT0.037990      44.77     762         34583959.000000 -109918.000000-0.32       5.648900    0.039500    0.70        84.96       15.04       2.255900    -0.016800   -0.74       69.29       30.71       6.524500    0.045100    0.70        86.71       13.29
2026-04-15 14:00:00 UTCSPORTFUNUSDT0.038220      47.79     1270        34687328.000000 103369.000000 0.30        5.653400    0.004500    0.08        84.97       15.03       2.256400    0.000500    0.02        69.29       30.71       6.440500    -0.084000   -1.29       86.56       13.44
2026-04-15 15:00:00 UTCSPORTFUNUSDT0.037670      41.89     1403        34600930.000000 -86398.000000 -0.25       5.622500    -0.030900   -0.55       84.90       15.10       2.248300    -0.008100   -0.36       69.21       30.79       6.331400    -0.109100   -1.69       86.36       13.64
2026-04-15 16:00:00 UTCSPORTFUNUSDT0.038070      47.01     1064        34579730.000000 -21200.000000 -0.06       5.896600    0.274100    4.88        85.50       14.50       2.245900    -0.002400   -0.11       69.19       30.81       6.627800    0.296400    4.68        86.89       13.11
2026-04-15 17:00:00 UTCSPORTFUNUSDT0.038080      47.14     854         34588418.000000 8688.000000   0.03        5.574600    -0.322000   -5.46       84.79       15.21       2.251300    0.005400    0.24        69.24       30.76       6.342100    -0.285700   -4.31       86.38       13.62
2026-04-15 18:00:00 UTCSPORTFUNUSDT0.037940      45.51     650         34545511.000000 -42907.000000 -0.12       5.729500    0.154900    2.78        85.14       14.86       2.258200    0.006900    0.31        69.31       30.69       6.490600    0.148500    2.34        86.65       13.35
2026-04-15 19:00:00 UTCSPORTFUNUSDT0.038190      48.90     724         34550455.000000 4944.000000   0.01        5.747600    0.018100    0.32        85.18       14.82       2.257600    -0.000600   -0.03       69.30       30.70       6.651100    0.160500    2.47        86.93       13.07
2026-04-15 20:00:00 UTCSPORTFUNUSDT0.037990      46.41     742         34612104.000000 61649.000000  0.18        5.724900    -0.022700   -0.39       85.13       14.87       2.261000    0.003400    0.15        69.33       30.67       6.622000    -0.029100   -0.44       86.88       13.12
2026-04-15 21:00:00 UTCSPORTFUNUSDT0.037860      44.82     857         34714815.000000 102711.000000 0.30        5.812000    0.087100    1.52        85.32       14.68       2.262700    0.001700    0.08        69.35       30.65       6.788200    0.166200    2.51        87.16       12.84
2026-04-15 22:00:00 UTCSPORTFUNUSDT0.038020      47.22     867         34772555.000000 57740.000000  0.17        5.906100    0.094100    1.62        85.52       14.48       2.262700    0.000000    0.00        69.35       30.65       6.886400    0.098200    1.45        87.32       12.68
2026-04-15 23:00:00 UTCSPORTFUNUSDT0.037970      46.54     1025        34828002.000000 55447.000000  0.16        5.968600    0.062500    1.06        85.65       14.35       2.246600    -0.016100   -0.71       69.20       30.80       6.898900    0.012500    0.18        87.34       12.66
2026-04-16 00:00:00 UTCSPORTFUNUSDT0.039130      60.72     2166        35344094.000000 516092.000000 1.48        6.052200    0.083600    1.40        85.82       14.18       2.232500    -0.014100   -0.63       69.06       30.94       6.898900    0.000000    0.00        87.34       12.66

==============================================================================================================
LAST SNAPSHOT
==============================================================================================================
Time                : 2026-04-16 00:00:00 UTC
Symbol              : SPORTFUNUSDT
Close               : 0.039130
RSI(14)            : 60.72
Number of Trades    : 2166
Volume              : 2634426.000000
Quote Volume        : 101910.436670

Open Interest       : 35344094.000000
OI Change           : 516092.000000
OI Change %         : 1.48%
OI Value            : 1341145.784468

Top Acco L/S Ratio  : 6.052200
Top Acco L/S Change : 0.083600
Top Acco Chg %      : 1.40%
Top Acco Long %     : 85.82
Top Acco Short %    : 14.18

Top Posit L/S Ratio : 2.232500
Top Posit L/S Change: -0.014100
Top Posit Chg %     : -0.63%
Top Posit Long %    : 69.06
Top Posit Short %   : 30.94

Global L/S Ratio    : 6.898900
Global L/S Change   : 0.000000
Global Chg %        : 0.00%
Global Long %       : 87.34
Global Short %      : 12.66

[Program finished]####################################################################################################
FETCHING BINANCE FUTURES DATA ...
####################################################################################################
SYMBOL     : HIGHUSDT
PERIOD     : 1h
LIMIT      : 100
RSI_PERIOD : 14

========================================================================================================================================================================================================================================================================================================================================================================
BINANCE FUTURES MERGED DATA (L.S + OI + RSI + TRADES) | ROW = ONE CANDLE
========================================================================================================================================================================================================================================================================================================================================================================
Time                  Symbol      Close         RSI       Trades      OI              OI Chg        OI Chg %    Acco L/S    Acco Chg    Acco Chg%   Acco L%     Acco S%     Posit L/S   Posit Chg   Posit Chg%  Posit L%    Posit S%    Global L/S  Global Chg  Global Chg% Global L%   Global S%
------------------------------------------------------------------------------------------------------------------------------------------------------------------------------------------------------------------------------------------------------------------------------------------------------------------------------------------------------------------------
2026-04-11 21:00:00 UTCHIGHUSDT    0.128100      59.62     735         8963083.100000  0.000000      0.00        4.417100    0.000000    0.00        81.54       18.46       1.736200    0.000000    0.00        63.45       36.55       3.965200    0.000000    0.00        79.86       20.14
2026-04-11 22:00:00 UTCHIGHUSDT    0.127800      56.13     811         8996826.700000  33743.600000  0.38        4.473500    0.056400    1.28        81.73       18.27       1.743900    0.007700    0.44        63.56       36.44       4.015000    0.049800    1.26        80.06       19.94
2026-04-11 23:00:00 UTCHIGHUSDT    0.127200      49.85     810         9062863.500000  66036.800000  0.73        4.482500    0.009000    0.20        81.76       18.24       1.767700    0.023800    1.36        63.87       36.13       4.007500    -0.007500   -0.19       80.03       19.97
2026-04-12 00:00:00 UTCHIGHUSDT    0.127400      51.78     924         9103875.100000  41011.600000  0.45        4.491500    0.009000    0.20        81.79       18.21       1.765900    -0.001800   -0.10       63.85       36.15       4.022600    0.015100    0.38        80.09       19.91
2026-04-12 01:00:00 UTCHIGHUSDT    0.124600      32.73     1846        9167247.900000  63372.800000  0.70        4.515700    0.024200    0.54        81.87       18.13       1.782800    0.016900    0.96        64.07       35.93       4.037800    0.015200    0.38        80.15       19.85
2026-04-12 02:00:00 UTCHIGHUSDT    0.124200      30.98     1794        9046793.500000  -120454.400000-1.31       4.537100    0.021400    0.47        81.94       18.06       1.752300    -0.030500   -1.71       63.67       36.33       4.005000    -0.032800   -0.81       80.02       19.98
2026-04-12 03:00:00 UTCHIGHUSDT    0.123200      27.07     1135        9204871.500000  158078.000000 1.75        4.694800    0.157700    3.48        82.44       17.56       1.776600    0.024300    1.39        63.99       36.01       4.168000    0.163000    4.07        80.65       19.35
2026-04-12 04:00:00 UTCHIGHUSDT    0.123500      29.92     967         9151060.400000  -53811.100000 -0.58       4.515700    -0.179100   -3.81       81.87       18.13       1.768700    -0.007900   -0.44       63.88       36.12       4.042900    -0.125100   -3.00       80.17       19.83
2026-04-12 05:00:00 UTCHIGHUSDT    0.124300      37.00     1009        9252036.800000  100976.400000 1.10        4.512700    -0.003000   -0.07       81.86       18.14       1.776700    0.008000    0.45        63.99       36.01       4.030200    -0.012700   -0.31       80.12       19.88
2026-04-12 06:00:00 UTCHIGHUSDT    0.124400      37.85     1050        9313778.000000  61741.200000  0.67        4.506600    -0.006100   -0.14       81.84       18.16       1.755700    -0.021000   -1.18       63.71       36.29       3.995000    -0.035200   -0.87       79.98       20.02
2026-04-12 07:00:00 UTCHIGHUSDT    0.124400      37.85     943         9394403.600000  80625.600000  0.87        4.488500    -0.018100   -0.40       81.78       18.22       1.775700    0.020000    1.14        63.97       36.03       3.977600    -0.017400   -0.44       79.91       20.09
2026-04-12 08:00:00 UTCHIGHUSDT    0.125400      46.22     994         9451840.700000  57437.100000  0.61        4.485500    -0.003000   -0.07       81.77       18.23       1.770000    -0.005700   -0.32       63.90       36.10       3.955400    -0.022200   -0.56       79.82       20.18
2026-04-12 09:00:00 UTCHIGHUSDT    0.125200      44.92     878         9477027.800000  25187.100000  0.27        4.470500    -0.015000   -0.33       81.72       18.28       1.751500    -0.018500   -1.05       63.66       36.34       3.845000    -0.110400   -2.79       79.36       20.64
2026-04-12 10:00:00 UTCHIGHUSDT    0.123700      36.59     1118        9503579.500000  26551.700000  0.28        4.461500    -0.009000   -0.20       81.69       18.31       1.756300    0.004800    0.27        63.72       36.28       3.861400    0.016400    0.43        79.43       20.57
2026-04-12 11:00:00 UTCHIGHUSDT    0.123500      35.64     1217        9452463.300000  -51116.200000 -0.54       4.515700    0.054200    1.21        81.87       18.13       1.736300    -0.020000   -1.14       63.45       36.55       3.909200    0.047800    1.24        79.63       20.37
2026-04-12 12:00:00 UTCHIGHUSDT    0.124000      39.84     1748        9484603.300000  32140.000000  0.34        4.534000    0.018300    0.41        81.93       18.07       1.721100    -0.015200   -0.88       63.25       36.75       3.921300    0.012100    0.31        79.68       20.32
2026-04-12 13:00:00 UTCHIGHUSDT    0.123100      35.36     1323        9533881.800000  49278.500000  0.52        4.515700    -0.018300   -0.40       81.87       18.13       1.699100    -0.022000   -1.28       62.95       37.05       3.948000    0.026700    0.68        79.79       20.21
2026-04-12 14:00:00 UTCHIGHUSDT    0.122600      33.14     802         9643020.100000  109138.300000 1.14        4.515700    0.000000    0.00        81.87       18.13       1.718000    0.018900    1.11        63.21       36.79       3.940700    -0.007300   -0.18       79.76       20.24
2026-04-12 15:00:00 UTCHIGHUSDT    0.122400      32.26     1010        9635167.100000  -7853.000000  -0.08       4.524900    0.009200    0.20        81.90       18.10       1.705700    -0.012300   -0.72       63.04       36.96       3.952900    0.012200    0.31        79.81       20.19
2026-04-12 16:00:00 UTCHIGHUSDT    0.121900      30.12     1123        9663290.700000  28123.600000  0.29        4.515700    -0.009200   -0.20       81.87       18.13       1.712000    0.006300    0.37        63.13       36.87       3.948000    -0.004900   -0.12       79.79       20.21
2026-04-12 17:00:00 UTCHIGHUSDT    0.122500      35.64     778         9698554.300000  35263.600000  0.36        4.521800    0.006100    0.14        81.89       18.11       1.744900    0.032900    1.92        63.57       36.43       3.935800    -0.012200   -0.31       79.74       20.26
2026-04-12 18:00:00 UTCHIGHUSDT    0.121500      31.22     1077        9762382.800000  63828.500000  0.66        4.564800    0.043000    0.95        82.03       17.97       1.731400    -0.013500   -0.77       63.39       36.61       3.960300    0.024500    0.62        79.84       20.16
2026-04-12 19:00:00 UTCHIGHUSDT    0.121400      30.80     1078        9865691.100000  103308.300000 1.06        4.515700    -0.049100   -1.08       81.87       18.13       1.731200    -0.000200   -0.01       63.39       36.61       3.923700    -0.036600   -0.92       79.69       20.31
2026-04-12 20:00:00 UTCHIGHUSDT    0.122000      36.24     815         9857002.600000  -8688.500000  -0.09       4.707800    0.192100    4.25        82.48       17.52       1.728800    -0.002400   -0.14       63.35       36.65       4.073600    0.149900    3.82        80.29       19.71
2026-04-12 21:00:00 UTCHIGHUSDT    0.121600      34.31     692         9928463.000000  71460.400000  0.72        4.543200    -0.164600   -3.50       81.96       18.04       1.741000    0.012200    0.71        63.52       36.48       3.997500    -0.076100   -1.87       79.99       20.01
2026-04-12 22:00:00 UTCHIGHUSDT    0.120600      29.99     1362        9949383.200000  20920.200000  0.21        4.555600    0.012400    0.27        82.00       18.00       1.743400    0.002400    0.14        63.55       36.45       3.987500    -0.010000   -0.25       79.95       20.05
2026-04-12 23:00:00 UTCHIGHUSDT    0.120100      28.09     877         9980635.300000  31252.100000  0.31        4.574100    0.018500    0.41        82.06       17.94       1.727600    -0.015800   -0.91       63.34       36.66       4.091600    0.104100    2.61        80.36       19.64
2026-04-13 00:00:00 UTCHIGHUSDT    0.120700      33.54     1066        9967656.500000  -12978.800000 -0.13       4.605400    0.031300    0.68        82.16       17.84       1.730300    0.002700    0.16        63.37       36.63       4.094200    0.002600    0.06        80.37       19.63
2026-04-13 01:00:00 UTCHIGHUSDT    0.121400      39.31     850         9971265.500000  3609.000000   0.04        4.737200    0.131800    2.86        82.57       17.43       1.730800    0.000500    0.03        63.38       36.62       4.213800    0.119600    2.92        80.82       19.18
2026-04-13 02:00:00 UTCHIGHUSDT    0.121500      40.11     1089        9971327.900000  62.400000     0.00        4.848000    0.110800    2.34        82.90       17.10       1.733300    0.002500    0.14        63.41       36.59       4.305000    0.091200    2.16        81.15       18.85
2026-04-13 03:00:00 UTCHIGHUSDT    0.121600      40.95     727         9898847.800000  -72480.100000 -0.73       4.773700    -0.074300   -1.53       82.68       17.32       1.750400    0.017100    0.99        63.64       36.36       4.246600    -0.058400   -1.36       80.94       19.06
2026-04-13 04:00:00 UTCHIGHUSDT    0.121300      39.18     827         9914877.500000  16029.700000  0.16        4.727400    -0.046300   -0.97       82.54       17.46       1.740500    -0.009900   -0.57       63.51       36.49       4.189400    -0.057200   -1.35       80.73       19.27
2026-04-13 05:00:00 UTCHIGHUSDT    0.121600      41.89     717         9942660.300000  27782.800000  0.28        4.685000    -0.042400   -0.90       82.41       17.59       1.741200    0.000700    0.04        63.52       36.48       4.176000    -0.013400   -0.32       80.68       19.32
2026-04-13 06:00:00 UTCHIGHUSDT    0.121500      41.23     984         9956074.300000  13414.000000  0.13        4.640200    -0.044800   -0.96       82.27       17.73       1.732200    -0.009000   -0.52       63.40       36.60       4.130800    -0.045200   -1.08       80.51       19.49
2026-04-13 07:00:00 UTCHIGHUSDT    0.120600      35.77     1307        9960935.000000  4860.700000   0.05        4.633800    -0.006400   -0.14       82.25       17.75       1.738200    0.006000    0.35        63.48       36.52       4.165300    0.034500    0.84        80.64       19.36
2026-04-13 08:00:00 UTCHIGHUSDT    0.121300      42.18     1348        9929315.800000  -31619.200000 -0.32       4.611700    -0.022100   -0.48       82.18       17.82       1.732500    -0.005700   -0.33       63.40       36.60       4.149300    -0.016000   -0.38       80.58       19.42
2026-04-13 09:00:00 UTCHIGHUSDT    0.123100      54.70     1248        10050570.000000 121254.200000 1.22        4.552500    -0.059200   -1.28       81.99       18.01       1.719500    -0.013000   -0.75       63.23       36.77       4.015000    -0.134300   -3.24       80.06       19.94
2026-04-13 10:00:00 UTCHIGHUSDT    0.123200      55.28     1056        10078521.600000 27951.600000  0.28        4.503600    -0.048900   -1.07       81.83       18.17       1.729600    0.010100    0.59        63.36       36.64       3.992500    -0.022500   -0.56       79.97       20.03
2026-04-13 11:00:00 UTCHIGHUSDT    0.122500      50.42     936         10049424.400000 -29097.200000 -0.29       4.476500    -0.027100   -0.60       81.74       18.26       1.723900    -0.005700   -0.33       63.29       36.71       3.997500    0.005000    0.13        79.99       20.01
2026-04-13 12:00:00 UTCHIGHUSDT    0.122200      48.45     1080        10062137.900000 12713.500000  0.13        4.482500    0.006000    0.13        81.76       18.24       1.722400    -0.001500   -0.09       63.27       36.73       3.997500    0.000000    0.00        79.99       20.01
2026-04-13 13:00:00 UTCHIGHUSDT    0.121900      46.50     1274        10126508.900000 64371.000000  0.64        4.549400    0.066900    1.49        81.98       18.02       1.738000    0.015600    0.91        63.48       36.52       4.138700    0.141200    3.53        80.54       19.46
2026-04-13 14:00:00 UTCHIGHUSDT    0.122400      50.11     841         10130592.700000 4083.800000   0.04        4.580400    0.031000    0.68        82.08       17.92       1.765900    0.027900    1.61        63.85       36.15       4.154600    0.015900    0.38        80.60       19.40
2026-04-13 15:00:00 UTCHIGHUSDT    0.122000      47.36     843         10107547.900000 -23044.800000 -0.23       4.488500    -0.091900   -2.01       81.78       18.22       1.761100    -0.004800   -0.27       63.78       36.22       4.076100    -0.078500   -1.89       80.30       19.70
2026-04-13 16:00:00 UTCHIGHUSDT    0.121800      46.00     1073        10076626.000000 -30921.900000 -0.31       4.479500    -0.009000   -0.20       81.75       18.25       1.740400    -0.020700   -1.18       63.51       36.49       4.060700    -0.015400   -0.38       80.24       19.76
2026-04-13 17:00:00 UTCHIGHUSDT    0.121500      43.96     888         10058244.000000 -18382.000000 -0.18       4.437700    -0.041800   -0.93       81.61       18.39       1.749000    0.008600    0.49        63.62       36.38       4.060700    0.000000    0.00        80.24       19.76
2026-04-13 18:00:00 UTCHIGHUSDT    0.121500      43.96     724         10033422.300000 -24821.700000 -0.25       4.531000    0.093300    2.10        81.92       18.08       1.773900    0.024900    1.42        63.95       36.05       4.141400    0.080700    1.99        80.55       19.45
2026-04-13 19:00:00 UTCHIGHUSDT    0.122600      52.85     849         10024692.000000 -8730.300000  -0.09       4.567900    0.036900    0.81        82.04       17.96       1.774300    0.000400    0.02        63.96       36.04       4.170600    0.029200    0.71        80.66       19.34
2026-04-13 20:00:00 UTCHIGHUSDT    0.122100      49.04     613         9973589.400000  -51102.600000 -0.51       4.558600    -0.009300   -0.20       82.01       17.99       1.795300    0.021000    1.18        64.23       35.77       4.112500    -0.058100   -1.39       80.44       19.56
2026-04-13 21:00:00 UTCHIGHUSDT    0.123200      56.47     796         9959167.900000  -14421.500000 -0.14       4.540200    -0.018400   -0.40       81.95       18.05       1.804400    0.009100    0.51        64.34       35.66       4.125600    0.013100    0.32        80.49       19.51
2026-04-13 22:00:00 UTCHIGHUSDT    0.125300      66.51     1539        9919676.300000  -39491.600000 -0.40       4.491500    -0.048700   -1.07       81.79       18.21       1.817600    0.013200    0.73        64.51       35.49       4.094200    -0.031400   -0.76       80.37       19.63
2026-04-13 23:00:00 UTCHIGHUSDT    0.125300      66.51     1178        9693177.500000  -226498.800000-2.28       4.509600    0.018100    0.40        81.85       18.15       1.818200    0.000600    0.03        64.52       35.48       4.125600    0.031400    0.77        80.49       19.51
2026-04-14 00:00:00 UTCHIGHUSDT    0.125000      64.06     814         9577291.000000  -115886.500000-1.20       4.485500    -0.024100   -0.53       81.77       18.23       1.838000    0.019800    1.09        64.76       35.24       4.086500    -0.039100   -0.95       80.34       19.66
2026-04-14 01:00:00 UTCHIGHUSDT    0.124400      59.36     780         9558913.200000  -18377.800000 -0.19       4.488500    0.003000    0.07        81.78       18.22       1.847300    0.009300    0.51        64.88       35.12       4.078700    -0.007800   -0.19       80.31       19.69
2026-04-14 02:00:00 UTCHIGHUSDT    0.116500      29.07     13096       9571002.000000  12088.800000  0.13        4.458500    -0.030000   -0.67       81.68       18.32       1.844400    -0.002900   -0.16       64.84       35.16       4.078700    0.000000    0.00        80.31       19.69
2026-04-14 03:00:00 UTCHIGHUSDT    0.113700      24.33     9498        11158681.500000 1587679.50000016.59       4.339000    -0.119500   -2.68       81.27       18.73       1.647800    -0.196600   -10.66      62.23       37.77       4.211000    0.132300    3.24        80.81       19.19
2026-04-14 04:00:00 UTCHIGHUSDT    0.112100      22.12     8209        11532013.100000 373331.600000 3.35        4.288200    -0.050800   -1.17       81.09       18.91       1.701500    0.053700    3.26        62.98       37.02       4.104600    -0.106400   -2.53       80.41       19.59
2026-04-14 05:00:00 UTCHIGHUSDT    0.112400      23.52     7382        11511606.000000 -20407.100000 -0.18       4.425900    0.137700    3.21        81.57       18.43       1.673500    -0.028000   -1.65       62.60       37.40       4.128200    0.023600    0.57        80.50       19.50
2026-04-14 06:00:00 UTCHIGHUSDT    0.111400      22.09     7261        11655720.700000 144114.700000 1.25        4.299400    -0.126500   -2.86       81.13       18.87       1.676100    0.002600    0.16        62.63       37.37       4.045400    -0.082800   -2.01       80.18       19.82
2026-04-14 07:00:00 UTCHIGHUSDT    0.110600      20.99     7586        11860401.100000 204680.400000 1.76        4.279800    -0.019600   -0.46       81.06       18.94       1.639000    -0.037100   -2.21       62.11       37.89       3.975100    -0.070300   -1.74       79.90       20.10
2026-04-14 08:00:00 UTCHIGHUSDT    0.110300      20.57     5919        12087712.700000 227311.600000 1.92        4.370600    0.090800    2.12        81.38       18.62       1.578600    -0.060400   -3.69       61.22       38.78       3.950500    -0.024600   -0.62       79.80       20.20
2026-04-14 09:00:00 UTCHIGHUSDT    0.111900      28.66     5618        12233230.600000 145517.900000 1.20        4.197500    -0.173100   -3.96       80.76       19.24       1.572600    -0.006000   -0.38       61.13       38.87       3.854400    -0.096100   -2.43       79.40       20.60
2026-04-14 10:00:00 UTCHIGHUSDT    0.112300      30.57     3947        11962271.900000 -270958.700000-2.21       4.173300    -0.024200   -0.58       80.67       19.33       1.510500    -0.062100   -3.95       60.17       39.83       3.807700    -0.046700   -1.21       79.20       20.80
2026-04-14 11:00:00 UTCHIGHUSDT    0.115600      43.88     5266        11844401.800000 -117870.100000-0.99       4.032700    -0.140600   -3.37       80.13       19.87       1.515400    0.004900    0.32        60.24       39.76       3.739300    -0.068400   -1.80       78.90       21.10
2026-04-14 12:00:00 UTCHIGHUSDT    0.113000      37.74     5742        11666817.200000 -177584.600000-1.50       3.945600    -0.087100   -2.16       79.78       20.22       1.503200    -0.012200   -0.81       60.05       39.95       3.773300    0.034000    0.91        79.05       20.95
2026-04-14 13:00:00 UTCHIGHUSDT    0.113200      38.45     3871        11497291.500000 -169525.700000-1.45       3.938300    -0.007300   -0.19       79.75       20.25       1.498900    -0.004300   -0.29       59.98       40.02       3.766400    -0.006900   -0.18       79.02       20.98
2026-04-14 14:00:00 UTCHIGHUSDT    0.112900      37.75     4468        11402851.500000 -94440.000000 -0.82       4.045400    0.107100    2.72        80.18       19.82       1.479600    -0.019300   -1.29       59.67       40.33       3.803100    0.036700    0.97        79.18       20.82
2026-04-14 15:00:00 UTCHIGHUSDT    0.113900      41.56     4478        11427678.800000 24827.300000  0.22        4.115100    0.069700    1.72        80.45       19.55       1.513500    0.033900    2.29        60.21       39.79       3.810000    0.006900    0.18        79.21       20.79
2026-04-14 16:00:00 UTCHIGHUSDT    0.113400      40.24     3969        11349422.100000 -78256.700000 -0.68       4.045400    -0.069700   -1.69       80.18       19.82       1.447500    -0.066000   -4.36       59.14       40.86       3.705900    -0.104100   -2.73       78.75       21.25
2026-04-14 17:00:00 UTCHIGHUSDT    0.113500      40.65     3833        11378504.300000 29082.200000  0.26        4.032700    -0.012700   -0.31       80.13       19.87       1.451900    0.004400    0.30        59.22       40.78       3.757400    0.051500    1.39        78.98       21.02
2026-04-14 18:00:00 UTCHIGHUSDT    0.112300      37.35     3945        11399263.100000 20758.800000  0.18        3.977600    -0.055100   -1.37       79.91       20.09       1.449700    -0.002200   -0.15       59.18       40.82       3.688200    -0.069200   -1.84       78.67       21.33
2026-04-14 19:00:00 UTCHIGHUSDT    0.113000      40.39     3292        11402122.200000 2859.100000   0.03        3.933400    -0.044200   -1.11       79.73       20.27       1.453500    0.003800    0.26        59.24       40.76       3.646800    -0.041400   -1.12       78.48       21.52
2026-04-14 20:00:00 UTCHIGHUSDT    0.113100      40.83     3110        11422335.500000 20213.300000  0.18        3.904400    -0.029000   -0.74       79.61       20.39       1.459900    0.006400    0.44        59.35       40.65       3.627500    -0.019300   -0.53       78.39       21.61
2026-04-14 21:00:00 UTCHIGHUSDT    0.113700      43.53     3302        11424848.700000 2513.200000   0.02        3.943200    0.038800    0.99        79.77       20.23       1.458400    -0.001500   -0.10       59.32       40.68       3.621100    -0.006400   -0.18       78.36       21.64
2026-04-14 22:00:00 UTCHIGHUSDT    0.113400      42.48     3064        11398908.100000 -25940.600000 -0.23       3.943200    0.000000    0.00        79.77       20.23       1.471800    0.013400    0.92        59.54       40.46       3.601900    -0.019200   -0.53       78.27       21.73
2026-04-14 23:00:00 UTCHIGHUSDT    0.113300      42.12     2182        11415372.700000 16464.600000  0.14        3.952900    0.009700    0.25        79.81       20.19       1.466700    -0.005100   -0.35       59.46       40.54       3.612500    0.010600    0.29        78.32       21.68
2026-04-15 00:00:00 UTCHIGHUSDT    0.113300      42.12     1261        11445616.200000 30243.500000  0.26        4.010000    0.057100    1.44        80.04       19.96       1.402100    -0.064600   -4.40       58.37       41.63       3.766400    0.153900    4.26        79.02       20.98
2026-04-15 01:00:00 UTCHIGHUSDT    0.114300      47.34     1208        11528402.400000 82786.200000  0.72        3.990000    -0.020000   -0.50       79.96       20.04       1.392900    -0.009200   -0.66       58.21       41.79       3.732600    -0.033800   -0.90       78.87       21.13
2026-04-15 02:00:00 UTCHIGHUSDT    0.114700      49.30     1807        11758308.900000 229906.500000 1.99        3.945600    -0.044400   -1.11       79.78       20.22       1.401400    0.008500    0.61        58.36       41.64       3.690400    -0.042200   -1.13       78.68       21.32
2026-04-15 03:00:00 UTCHIGHUSDT    0.114300      47.40     1062        11454614.600000 -303694.300000-2.58       3.911600    -0.034000   -0.86       79.64       20.36       1.369900    -0.031500   -2.25       57.80       42.20       3.690400    0.000000    0.00        78.68       21.32
2026-04-15 04:00:00 UTCHIGHUSDT    0.114300      47.40     748         11493161.600000 38547.000000  0.34        3.909200    -0.002400   -0.06       79.63       20.37       1.362500    -0.007400   -0.54       57.67       42.33       3.701500    0.011100    0.30        78.73       21.27
2026-04-15 05:00:00 UTCHIGHUSDT    0.113400      43.05     797         11517721.600000 24560.000000  0.21        3.892400    -0.016800   -0.43       79.56       20.44       1.357400    -0.005100   -0.37       57.58       42.42       3.688200    -0.013300   -0.36       78.67       21.33
2026-04-15 06:00:00 UTCHIGHUSDT    0.112800      40.39     761         11513469.900000 -4251.700000  -0.04       3.880400    -0.012000   -0.31       79.51       20.49       1.367100    0.009700    0.71        57.75       42.25       3.690400    0.002200    0.06        78.68       21.32
2026-04-15 07:00:00 UTCHIGHUSDT    0.112300      38.27     1088        11554343.600000 40873.700000  0.36        3.906800    0.026400    0.68        79.62       20.38       1.371200    0.004100    0.30        57.83       42.17       3.728100    0.037700    1.02        78.85       21.15
2026-04-15 08:00:00 UTCHIGHUSDT    0.111500      35.10     842         11501104.500000 -53239.100000 -0.46       3.882800    -0.024000   -0.61       79.52       20.48       1.383400    0.012200    0.89        58.04       41.96       3.692600    -0.035500   -0.95       78.69       21.31
2026-04-15 09:00:00 UTCHIGHUSDT    0.110400      31.26     1629        11464929.500000 -36175.000000 -0.31       3.882800    0.000000    0.00        79.52       20.48       1.380100    -0.003300   -0.24       57.99       42.01       3.694800    0.002200    0.06        78.70       21.30
2026-04-15 10:00:00 UTCHIGHUSDT    0.110400      31.26     1083        11428784.600000 -36144.900000 -0.32       3.890000    0.007200    0.19        79.55       20.45       1.377700    -0.002400   -0.17       57.94       42.06       3.723700    0.028900    0.78        78.83       21.17
2026-04-15 11:00:00 UTCHIGHUSDT    0.111100      36.39     2884        11506880.300000 78095.700000  0.68        3.810000    -0.080000   -2.06       79.21       20.79       1.368200    -0.009500   -0.69       57.77       42.23       3.562000    -0.161700   -4.34       78.08       21.92
2026-04-15 12:00:00 UTCHIGHUSDT    0.111300      37.82     1022        11517198.200000 10317.900000  0.09        3.828600    0.018600    0.49        79.29       20.71       1.362000    -0.006200   -0.45       57.66       42.34       3.649000    0.087000    2.44        78.49       21.51
2026-04-15 13:00:00 UTCHIGHUSDT    0.111300      37.82     1168        11610534.200000 93336.000000  0.81        3.856700    0.028100    0.73        79.41       20.59       1.407900    0.045900    3.37        58.47       41.53       3.640400    -0.008600   -0.24       78.45       21.55
2026-04-15 14:00:00 UTCHIGHUSDT    0.111600      40.16     639         11538764.400000 -71769.800000 -0.62       3.826300    -0.030400   -0.79       79.28       20.72       1.403700    -0.004200   -0.30       58.40       41.60       3.621100    -0.019300   -0.53       78.36       21.64
2026-04-15 15:00:00 UTCHIGHUSDT    0.111400      39.11     997         11504982.000000 -33782.400000 -0.29       3.852000    0.025700    0.67        79.39       20.61       1.407800    0.004100    0.29        58.47       41.53       3.629600    0.008500    0.23        78.40       21.60
2026-04-15 16:00:00 UTCHIGHUSDT    0.112200      45.30     1298        11605390.100000 100408.100000 0.87        3.847300    -0.004700   -0.12       79.37       20.63       1.405100    -0.002700   -0.19       58.42       41.58       3.638200    0.008600    0.24        78.44       21.56
2026-04-15 17:00:00 UTCHIGHUSDT    0.112200      45.30     1644        11611389.100000 5999.000000   0.05        3.914000    0.066700    1.73        79.65       20.35       1.405000    -0.000100   -0.01       58.42       41.58       3.668500    0.030300    0.83        78.58       21.42
2026-04-15 18:00:00 UTCHIGHUSDT    0.112200      45.30     2226        11588851.800000 -22537.300000 -0.19       3.911600    -0.002400   -0.06       79.64       20.36       1.391800    -0.013200   -0.94       58.19       41.81       3.701500    0.033000    0.90        78.73       21.27
2026-04-15 19:00:00 UTCHIGHUSDT    0.112100      44.59     1105        11577561.900000 -11289.900000 -0.10       3.943200    0.031600    0.81        79.77       20.23       1.401900    0.010100    0.73        58.37       41.63       3.752900    0.051400    1.39        78.96       21.04
2026-04-15 20:00:00 UTCHIGHUSDT    0.111400      39.89     1473        11539534.800000 -38027.100000 -0.33       3.885200    -0.058000   -1.47       79.53       20.47       1.405500    0.003600    0.26        58.43       41.57       3.737100    -0.015800   -0.42       78.89       21.11
2026-04-15 21:00:00 UTCHIGHUSDT    0.110900      36.90     2756        11476686.100000 -62848.700000 -0.54       3.952900    0.067700    1.74        79.81       20.19       1.400700    -0.004800   -0.34       58.35       41.65       3.793900    0.056800    1.52        79.14       20.86
2026-04-15 22:00:00 UTCHIGHUSDT    0.111100      38.87     3195        11550800.100000 74114.000000  0.65        3.962800    0.009900    0.25        79.85       20.15       1.430100    0.029400    2.10        58.85       41.15       3.837900    0.044000    1.16        79.33       20.67
2026-04-15 23:00:00 UTCHIGHUSDT    0.110500      35.30     3103        11631851.900000 81051.800000  0.70        4.071000    0.108200    2.73        80.28       19.72       1.444800    0.014700    1.03        59.10       40.90       3.866200    0.028300    0.74        79.45       20.55
2026-04-16 00:00:00 UTCHIGHUSDT    0.110800      38.35     1166        11803886.900000 172035.000000 1.48        3.828600    -0.242400   -5.95       79.29       20.71       1.442800    -0.002000   -0.14       59.06       40.94       3.668500    -0.197700   -5.11       78.58       21.42

==============================================================================================================
LAST SNAPSHOT
==============================================================================================================
Time                : 2026-04-16 00:00:00 UTC
Symbol              : HIGHUSDT
Close               : 0.110800
RSI(14)            : 38.35
Number of Trades    : 1166
Volume              : 554876.000000
Quote Volume        : 61312.313790

Open Interest       : 11803886.900000
OI Change           : 172035.000000
OI Change %         : 1.48%
OI Value            : 1303535.809095

Top Acco L/S Ratio  : 3.828600
Top Acco L/S Change : -0.242400
Top Acco Chg %      : -5.95%
Top Acco Long %     : 79.29
Top Acco Short %    : 20.71

Top Posit L/S Ratio : 1.442800
Top Posit L/S Change: -0.002000
Top Posit Chg %     : -0.14%
Top Posit Long %    : 59.06
Top Posit Short %   : 40.94

Global L/S Ratio    : 3.668500
Global L/S Change   : -0.197700
Global Chg %        : -5.11%
Global Long %       : 78.58
Global Short %      : 21.42

[Program finished]

####################################################################################################
FETCHING BINANCE FUTURES DATA ...
####################################################################################################
SYMBOL     : BLESSUSDT
PERIOD     : 1h
LIMIT      : 100
RSI_PERIOD : 14

========================================================================================================================================================================================================================================================================================================================================================================
BINANCE FUTURES MERGED DATA (L.S + OI + RSI + TRADES) | ROW = ONE CANDLE
========================================================================================================================================================================================================================================================================================================================================================================
Time                  Symbol      Close         RSI       Trades      OI              OI Chg        OI Chg %    Acco L/S    Acco Chg    Acco Chg%   Acco L%     Acco S%     Posit L/S   Posit Chg   Posit Chg%  Posit L%    Posit S%    Global L/S  Global Chg  Global Chg% Global L%   Global S%
------------------------------------------------------------------------------------------------------------------------------------------------------------------------------------------------------------------------------------------------------------------------------------------------------------------------------------------------------------------------
2026-04-11 21:00:00 UTCBLESSUSDT   0.007575      76.35     5441        322130015.0000000.000000      0.00        1.985100    0.000000    0.00        66.50       33.50       1.249000    0.000000    0.00        55.54       44.46       2.164600    0.000000    0.00        68.40       31.60
2026-04-11 22:00:00 UTCBLESSUSDT   0.007500      73.72     3370        326910256.0000004780241.0000001.48        1.985100    0.000000    0.00        66.50       33.50       1.231900    -0.017100   -1.37       55.20       44.80       2.172600    0.008000    0.37        68.48       31.52
2026-04-11 23:00:00 UTCBLESSUSDT   0.007911      78.16     14168       324533734.000000-2376522.000000-0.73       1.981500    -0.003600   -0.18       66.46       33.54       1.229700    -0.002200   -0.18       55.15       44.85       2.160600    -0.012000   -0.55       68.36       31.64
2026-04-12 00:00:00 UTCBLESSUSDT   0.007840      75.78     28355       352933733.00000028399999.0000008.75        2.027600    0.046100    2.33        66.97       33.03       1.291500    0.061800    5.03        56.36       43.64       2.237300    0.076700    3.55        69.11       30.89
2026-04-12 01:00:00 UTCBLESSUSDT   0.007920      76.64     18199       357018137.0000004084404.0000001.16        2.033100    0.005500    0.27        67.03       32.97       1.295000    0.003500    0.27        56.43       43.57       2.259500    0.022200    0.99        69.32       30.68
2026-04-12 02:00:00 UTCBLESSUSDT   0.007863      74.60     15971       349894688.000000-7123449.000000-2.00       1.956000    -0.077100   -3.79       66.17       33.83       1.277900    -0.017100   -1.32       56.10       43.90       2.131900    -0.127600   -5.65       68.07       31.93
2026-04-12 03:00:00 UTCBLESSUSDT   0.007934      75.47     7427        360143041.00000010248353.0000002.93        2.038600    0.082600    4.22        67.09       32.91       1.395200    0.117300    9.18        58.25       41.75       2.234200    0.102300    4.80        69.08       30.92
2026-04-12 04:00:00 UTCBLESSUSDT   0.009010      84.30     68515       357426815.000000-2716226.000000-0.75       1.959500    -0.079100   -3.88       66.21       33.79       1.355700    -0.039500   -2.83       57.55       42.45       2.161600    -0.072600   -3.25       68.37       31.63
2026-04-12 05:00:00 UTCBLESSUSDT   0.008433      69.79     73728       412098198.00000054671383.00000015.30       1.803500    -0.156000   -7.96       64.33       35.67       1.449200    0.093500    6.90        59.17       40.83       1.927400    -0.234200   -10.83      65.84       34.16
2026-04-12 06:00:00 UTCBLESSUSDT   0.008527      70.68     23483       380604907.000000-31493291.000000-7.64       1.870300    0.066800    3.70        65.16       34.84       1.404100    -0.045100   -3.11       58.40       41.60       1.986900    0.059500    3.09        66.52       33.48
2026-04-12 07:00:00 UTCBLESSUSDT   0.008680      72.11     21414       376454448.000000-4150459.000000-1.09       1.929100    0.058800    3.14        65.86       34.14       1.399900    -0.004200   -0.30       58.33       41.67       2.090200    0.103300    5.20        67.64       32.36
2026-04-12 08:00:00 UTCBLESSUSDT   0.008409      65.96     24950       368965919.000000-7488529.000000-1.99       1.968200    0.039100    2.03        66.31       33.69       1.392700    -0.007200   -0.51       58.21       41.79       2.119200    0.029000    1.39        67.94       32.06
2026-04-12 09:00:00 UTCBLESSUSDT   0.008185      61.31     17661       361763897.000000-7202022.000000-1.95       1.978000    0.009800    0.50        66.42       33.58       1.383900    -0.008800   -0.63       58.05       41.95       2.109500    -0.009700   -0.46       67.84       32.16
2026-04-12 10:00:00 UTCBLESSUSDT   0.008579      65.87     14329       355485618.000000-6278279.000000-1.74       1.933400    -0.044600   -2.25       65.91       34.09       1.366600    -0.017300   -1.25       57.74       42.26       2.063700    -0.045800   -2.17       67.36       32.64
2026-04-12 11:00:00 UTCBLESSUSDT   0.008714      67.29     16006       360452894.0000004967276.0000001.40        1.904400    -0.029000   -1.50       65.57       34.43       1.395500    0.028900    2.11        58.26       41.74       2.074100    0.010400    0.50        67.47       32.53
2026-04-12 12:00:00 UTCBLESSUSDT   0.008689      66.74     17284       363976476.0000003523582.0000000.98        1.906100    0.001700    0.09        65.59       34.41       1.428900    0.033400    2.39        58.83       41.17       2.039500    -0.034600   -1.67       67.10       32.90
2026-04-12 13:00:00 UTCBLESSUSDT   0.008312      58.86     16944       356314452.000000-7662024.000000-2.11       1.964700    0.058600    3.07        66.27       33.73       1.422900    -0.006000   -0.42       58.73       41.27       2.154600    0.115100    5.64        68.30       31.70
2026-04-12 14:00:00 UTCBLESSUSDT   0.007775      49.83     21844       333726804.000000-22587648.000000-6.34       1.919700    -0.045000   -2.29       65.75       34.25       1.458600    0.035700    2.51        59.33       40.67       2.019300    -0.135300   -6.28       66.88       33.12
2026-04-12 15:00:00 UTCBLESSUSDT   0.007421      44.94     15887       322736751.000000-10990053.000000-3.29       1.904400    -0.015300   -0.80       65.57       34.43       1.446300    -0.012300   -0.84       59.12       40.88       1.937700    -0.081600   -4.04       65.96       34.04
2026-04-12 16:00:00 UTCBLESSUSDT   0.007682      48.92     10821       317426660.000000-5310091.000000-1.65       2.027600    0.123200    6.47        66.97       33.03       1.425200    -0.021100   -1.46       58.77       41.23       2.108500    0.170800    8.81        67.83       32.17
2026-04-12 17:00:00 UTCBLESSUSDT   0.007770      50.23     6243        318606837.0000001180177.0000000.37        1.930000    -0.097600   -4.81       65.87       34.13       1.425200    0.000000    0.00        58.77       41.23       2.008400    -0.100100   -4.75       66.76       33.24
2026-04-12 18:00:00 UTCBLESSUSDT   0.007689      48.98     8006        319779145.0000001172308.0000000.37        1.956000    0.026000    1.35        66.17       33.83       1.410800    -0.014400   -1.01       58.52       41.48       2.023900    0.015500    0.77        66.93       33.07
2026-04-12 19:00:00 UTCBLESSUSDT   0.007848      51.52     3612        318137946.000000-1641199.000000-0.51       1.923100    -0.032900   -1.68       65.79       34.21       1.440300    0.029500    2.09        59.02       40.98       2.031200    0.007300    0.36        67.01       32.99
2026-04-12 20:00:00 UTCBLESSUSDT   0.008018      54.14     7008        320581156.0000002443210.0000000.77        1.927400    0.004300    0.22        65.84       34.16       1.451800    0.011500    0.80        59.21       40.79       2.000300    -0.030900   -1.52       66.67       33.33
2026-04-12 21:00:00 UTCBLESSUSDT   0.008227      57.21     8434        323522795.0000002941639.0000000.92        1.935100    0.007700    0.40        65.93       34.07       1.467100    0.015300    1.05        59.47       40.53       2.051600    0.051300    2.56        67.23       32.77
2026-04-12 22:00:00 UTCBLESSUSDT   0.008212      56.92     9857        323224919.000000-297876.000000-0.09       1.907000    -0.028100   -1.45       65.60       34.40       1.484100    0.017000    1.16        59.74       40.26       2.070300    0.018700    0.91        67.43       32.57
2026-04-12 23:00:00 UTCBLESSUSDT   0.008557      61.78     10723       318084085.000000-5140834.000000-1.59       1.881000    -0.026000   -1.36       65.29       34.71       1.480100    -0.004000   -0.27       59.68       40.32       2.047900    -0.022400   -1.08       67.19       32.81
2026-04-13 00:00:00 UTCBLESSUSDT   0.008778      64.55     14568       323790459.0000005706374.0000001.79        1.848200    -0.032800   -1.74       64.89       35.11       1.529000    0.048900    3.30        60.46       39.54       2.012000    -0.035900   -1.75       66.80       33.20
2026-04-13 01:00:00 UTCBLESSUSDT   0.008781      64.58     23520       328722546.0000004932087.0000001.52        1.842500    -0.005700   -0.31       64.82       35.18       1.528900    -0.000100   -0.01       60.46       39.54       2.046900    0.034900    1.73        67.18       32.82
2026-04-13 02:00:00 UTCBLESSUSDT   0.008594      60.31     32375       334234464.0000005511918.0000001.68        1.855500    0.013000    0.71        64.98       35.02       1.536200    0.007300    0.48        60.57       39.43       2.048800    0.001900    0.09        67.20       32.80
2026-04-13 03:00:00 UTCBLESSUSDT   0.009145      67.20     19610       329778735.000000-4455729.000000-1.33       1.968200    0.112700    6.07        66.31       33.69       1.544200    0.008000    0.52        60.70       39.30       2.150600    0.101800    4.97        68.26       31.74
2026-04-13 04:00:00 UTCBLESSUSDT   0.009532      71.00     30434       333076419.0000003297684.0000001.00        1.909000    -0.059200   -3.01       65.63       34.38       1.551700    0.007500    0.49        60.81       39.19       2.081700    -0.068900   -3.20       67.55       32.45
2026-04-13 05:00:00 UTCBLESSUSDT   0.009043      61.32     20783       338285690.0000005209271.0000001.56        1.912900    0.003900    0.20        65.67       34.33       1.566000    0.014300    0.92        61.03       38.97       2.119200    0.037500    1.80        67.94       32.06
2026-04-13 06:00:00 UTCBLESSUSDT   0.009118      62.17     12794       332188301.000000-6097389.000000-1.80       1.880200    -0.032700   -1.71       65.28       34.72       1.548600    -0.017400   -1.11       60.76       39.24       2.039500    -0.079700   -3.76       67.10       32.90
2026-04-13 07:00:00 UTCBLESSUSDT   0.009482      66.08     17330       329200824.000000-2987477.000000-0.90       2.005700    0.125500    6.67        66.73       33.27       1.530100    -0.018500   -1.19       60.48       39.52       2.120100    0.080600    3.95        67.95       32.05
2026-04-13 08:00:00 UTCBLESSUSDT   0.011697      79.77     148182      329349977.000000149153.000000 0.05        2.048800    0.043100    2.15        67.20       32.80       1.534400    0.004300    0.28        60.54       39.46       2.213400    0.093300    4.40        68.88       31.12
2026-04-13 09:00:00 UTCBLESSUSDT   0.013093      84.12     207988      368922028.00000039572051.00000012.02       1.757100    -0.291700   -14.24      63.73       36.27       1.418900    -0.115500   -7.53       58.66       41.34       2.005700    -0.207700   -9.38       66.73       33.27
2026-04-13 10:00:00 UTCBLESSUSDT   0.010471      58.62     367818      383469218.00000014547190.0000003.94        1.549700    -0.207400   -11.80      60.78       39.22       1.365300    -0.053600   -3.78       57.72       42.28       1.724800    -0.280900   -14.01      63.30       36.70
2026-04-13 11:00:00 UTCBLESSUSDT   0.012379      66.56     154985      373518391.000000-9950827.000000-2.59       1.774700    0.225000    14.52       63.96       36.04       1.386800    0.021500    1.57        58.10       41.90       1.924800    0.200000    11.60       65.81       34.19
2026-04-13 12:00:00 UTCBLESSUSDT   0.011850      62.96     204872      381850554.0000008332163.0000002.23        1.664500    -0.110200   -6.21       62.47       37.53       1.381000    -0.005800   -0.42       58.00       42.00       1.956000    0.031200    1.62        66.17       33.83
2026-04-13 13:00:00 UTCBLESSUSDT   0.012689      66.10     133557      378788436.000000-3062118.000000-0.80       1.733700    0.069200    4.16        63.42       36.58       1.377000    -0.004000   -0.29       57.93       42.07       1.894400    -0.061600   -3.15       65.45       34.55
2026-04-13 14:00:00 UTCBLESSUSDT   0.013621      69.22     194935      389898943.00000011110507.0000002.93        1.688200    -0.045500   -2.62       62.80       37.20       1.371700    -0.005300   -0.38       57.84       42.16       1.894400    0.000000    0.00        65.45       34.55
2026-04-13 15:00:00 UTCBLESSUSDT   0.013231      66.46     216328      417705450.00000027806507.0000007.13        1.566700    -0.121500   -7.20       61.04       38.96       1.380800    0.009100    0.66        58.00       42.00       1.696900    -0.197500   -10.43      62.92       37.08
2026-04-13 16:00:00 UTCBLESSUSDT   0.015262      72.58     284734      424277599.0000006572149.0000001.57        1.580000    0.013300    0.85        61.24       38.76       1.385400    0.004600    0.33        58.08       41.92       1.642000    -0.054900   -3.24       62.15       37.85
2026-04-13 17:00:00 UTCBLESSUSDT   0.016471      75.46     390193      447072246.00000022794647.0000005.37        1.500000    -0.080000   -5.06       60.00       40.00       1.347500    -0.037900   -2.74       57.40       42.60       1.628800    -0.013200   -0.80       61.96       38.04
2026-04-13 18:00:00 UTCBLESSUSDT   0.016279      74.13     484930      455579640.0000008507394.0000001.90        1.403800    -0.096200   -6.41       58.40       41.60       1.309400    -0.038100   -2.83       56.70       43.30       1.478900    -0.149900   -9.20       59.66       40.34
2026-04-13 19:00:00 UTCBLESSUSDT   0.019318      80.10     372465      450114967.000000-5464673.000000-1.20       1.570000    0.166200    11.84       61.09       38.91       1.314800    0.005400    0.41        56.80       43.20       1.600800    0.121900    8.24        61.55       38.45
2026-04-13 20:00:00 UTCBLESSUSDT   0.020679      82.09     487004      456168232.0000006053265.0000001.34        1.486900    -0.083100   -5.29       59.79       40.21       1.273100    -0.041700   -3.17       56.01       43.99       1.539400    -0.061400   -3.84       60.62       39.38
2026-04-13 21:00:00 UTCBLESSUSDT   0.023381      85.25     396467      455386108.000000-782124.000000-0.17       1.523300    0.036400    2.45        60.37       39.63       1.289700    0.016600    1.30        56.33       43.67       1.608200    0.068800    4.47        61.66       38.34
2026-04-13 22:00:00 UTCBLESSUSDT   0.025220      86.94     669378      470717097.00000015330989.0000003.37        1.514500    -0.008800   -0.58       60.23       39.77       1.282000    -0.007700   -0.60       56.18       43.82       1.570000    -0.038200   -2.38       61.09       38.91
2026-04-13 23:00:00 UTCBLESSUSDT   0.029770      89.99     1115742     485114654.00000014397557.0000003.06        1.383800    -0.130700   -8.63       58.05       41.95       1.309300    0.027300    2.13        56.70       43.30       1.418400    -0.151600   -9.66       58.65       41.35
2026-04-14 00:00:00 UTCBLESSUSDT   0.023145      65.86     1400070     473156237.000000-11958417.000000-2.47       1.365200    -0.018600   -1.34       57.72       42.28       1.319300    0.010000    0.76        56.88       43.12       1.480800    0.062400    4.40        59.69       40.31
2026-04-14 01:00:00 UTCBLESSUSDT   0.020554      59.17     1159947     442091694.000000-31064543.000000-6.57       1.401000    0.035800    2.62        58.35       41.65       1.425900    0.106600    8.08        58.78       41.22       1.360700    -0.120100   -8.11       57.64       42.36
2026-04-14 02:00:00 UTCBLESSUSDT   0.019137      55.83     712838      440559548.000000-1532146.000000-0.35       1.552300    0.151300    10.80       60.82       39.18       1.429600    0.003700    0.26        58.84       41.16       1.509400    0.148700    10.93       60.15       39.85
2026-04-14 03:00:00 UTCBLESSUSDT   0.018028      53.30     529248      474429467.00000033869919.0000007.69        1.440800    -0.111500   -7.18       59.03       40.97       1.412500    -0.017100   -1.20       58.55       41.45       1.345200    -0.164200   -10.88      57.36       42.64
2026-04-14 04:00:00 UTCBLESSUSDT   0.019948      56.94     589191      470566596.000000-3862871.000000-0.81       1.545800    0.105000    7.29        60.72       39.28       1.416700    0.004200    0.30        58.62       41.38       1.439600    0.094400    7.02        59.01       40.99
2026-04-14 05:00:00 UTCBLESSUSDT   0.025665      65.56     747216      472843399.0000002276803.0000000.48        1.683100    0.137300    8.88        62.73       37.27       1.380200    -0.036500   -2.58       57.99       42.01       1.694000    0.254400    17.67       62.88       37.12
2026-04-14 06:00:00 UTCBLESSUSDT   0.020052      54.11     906436      481434434.0000008591035.0000001.82        1.805000    0.121900    7.24        64.35       35.65       1.413500    0.033300    2.41        58.57       41.43       1.949900    0.255900    15.11       66.10       33.90
2026-04-14 07:00:00 UTCBLESSUSDT   0.015694      47.22     661900      478246587.000000-3187847.000000-0.66       1.891000    0.086000    4.76        65.41       34.59       1.401400    -0.012100   -0.86       58.36       41.64       1.887700    -0.062200   -3.19       65.37       34.63
2026-04-14 08:00:00 UTCBLESSUSDT   0.017135      49.51     575575      494635653.00000016389066.0000003.43        1.799600    -0.091400   -4.83       64.28       35.72       1.405000    0.003600    0.26        58.42       41.58       1.617100    -0.270600   -14.33      61.79       38.21
2026-04-14 09:00:00 UTCBLESSUSDT   0.016304      48.21     260018      493520833.000000-1114820.000000-0.23       1.948100    0.148500    8.25        66.08       33.92       1.418400    0.013400    0.95        58.65       41.35       1.894400    0.277300    17.15       65.45       34.55
2026-04-14 10:00:00 UTCBLESSUSDT   0.017434      50.12     325148      491945160.000000-1575673.000000-0.32       1.957700    0.009600    0.49        66.19       33.81       1.411300    -0.007100   -0.50       58.53       41.47       1.902800    0.008400    0.44        65.55       34.45
2026-04-14 11:00:00 UTCBLESSUSDT   0.018775      52.38     529303      501694639.0000009749479.0000001.98        2.149600    0.191900    9.80        68.25       31.75       1.364700    -0.046600   -3.30       57.71       42.29       2.164600    0.261800    13.76       68.40       31.60
2026-04-14 12:00:00 UTCBLESSUSDT   0.020337      54.93     577755      512416387.00000010721748.0000002.14        2.202000    0.052400    2.44        68.77       31.23       1.361500    -0.003200   -0.23       57.65       42.35       2.205100    0.040500    1.87        68.80       31.20
2026-04-14 13:00:00 UTCBLESSUSDT   0.018217      50.94     601296      503580555.000000-8835832.000000-1.72       2.034900    -0.167100   -7.59       67.05       32.95       1.333300    -0.028200   -2.07       57.14       42.86       2.121100    -0.084000   -3.81       67.96       32.04
2026-04-14 14:00:00 UTCBLESSUSDT   0.019525      53.20     279944      473925369.000000-29655186.000000-5.89       2.008400    -0.026500   -1.30       66.76       33.24       1.369500    0.036200    2.72        57.80       42.20       1.927400    -0.193700   -9.13       65.84       34.16
2026-04-14 15:00:00 UTCBLESSUSDT   0.020218      54.40     388889      470693809.000000-3231560.000000-0.68       1.947200    -0.061200   -3.05       66.07       33.93       1.358500    -0.011000   -0.80       57.60       42.40       1.942900    0.015500    0.80        66.02       33.98
2026-04-14 16:00:00 UTCBLESSUSDT   0.017513      49.11     383098      458767132.000000-11926677.000000-2.53       1.963800    0.016600    0.85        66.26       33.74       1.382000    0.023500    1.73        58.02       41.98       1.901900    -0.041000   -2.11       65.54       34.46
2026-04-14 17:00:00 UTCBLESSUSDT   0.016310      46.93     227763      433059307.000000-25707825.000000-5.60       1.901900    -0.061900   -3.15       65.54       34.46       1.400400    0.018400    1.33        58.34       41.66       1.826500    -0.075400   -3.96       64.62       35.38
2026-04-14 18:00:00 UTCBLESSUSDT   0.016947      48.24     135840      423516740.000000-9542567.000000-2.20       1.918900    0.017000    0.89        65.74       34.26       1.438100    0.037700    2.69        58.98       41.02       1.828100    0.001600    0.09        64.64       35.36
2026-04-14 19:00:00 UTCBLESSUSDT   0.017571      49.56     143242      421912712.000000-1604028.000000-0.38       1.900200    -0.018700   -0.97       65.52       34.48       1.440800    0.002700    0.19        59.03       40.97       1.891000    0.062900    3.44        65.41       34.59
2026-04-14 20:00:00 UTCBLESSUSDT   0.017618      49.66     117980      422118476.000000205764.000000 0.05        1.941200    0.041000    2.16        66.00       34.00       1.413200    -0.027600   -1.92       58.56       41.44       1.936000    0.045000    2.38        65.94       34.06
2026-04-14 21:00:00 UTCBLESSUSDT   0.018633      51.96     77037       418802968.000000-3315508.000000-0.79       1.947200    0.006000    0.31        66.07       33.93       1.421800    0.008600    0.61        58.71       41.29       1.886800    -0.049200   -2.54       65.36       34.64
2026-04-14 22:00:00 UTCBLESSUSDT   0.018322      51.19     131297      419214710.000000411742.000000 0.10        1.873600    -0.073600   -3.78       65.20       34.80       1.412300    -0.009500   -0.67       58.55       41.45       1.894400    0.007600    0.40        65.45       34.55
2026-04-14 23:00:00 UTCBLESSUSDT   0.020190      55.47     189850      424454133.0000005239423.0000001.25        1.851400    -0.022200   -1.18       64.93       35.07       1.391000    -0.021300   -1.51       58.18       41.82       1.846600    -0.047800   -2.52       64.87       35.13
2026-04-15 00:00:00 UTCBLESSUSDT   0.022734      60.54     349719      418628628.000000-5825505.000000-1.37       1.770100    -0.081300   -4.39       63.90       36.10       1.469700    0.078700    5.66        59.51       40.49       1.799600    -0.047000   -2.55       64.28       35.72
2026-04-15 01:00:00 UTCBLESSUSDT   0.023972      62.76     604660      414844038.000000-3784590.000000-0.90       1.838500    0.068400    3.86        64.77       35.23       1.450300    -0.019400   -1.32       59.19       40.81       1.886800    0.087200    4.85        65.36       34.64
2026-04-15 02:00:00 UTCBLESSUSDT   0.023953      62.70     518767      399045015.000000-15799023.000000-3.81       1.764000    -0.074500   -4.05       63.82       36.18       1.401000    -0.049300   -3.40       58.35       41.65       1.786300    -0.100500   -5.33       64.11       35.89
2026-04-15 03:00:00 UTCBLESSUSDT   0.024690      64.10     336930      401149480.0000002104465.0000000.53        1.827300    0.063300    3.59        64.63       35.37       1.468200    0.067200    4.80        59.48       40.52       1.941200    0.154900    8.67        66.00       34.00
2026-04-15 04:00:00 UTCBLESSUSDT   0.023147      59.11     348526      403024627.0000001875147.0000000.47        1.780900    -0.046400   -2.54       64.04       35.96       1.452400    -0.015800   -1.08       59.22       40.78       1.851400    -0.089800   -4.63       64.93       35.07
2026-04-15 05:00:00 UTCBLESSUSDT   0.023854      60.62     202234      397120931.000000-5903696.000000-1.46       1.881000    0.100100    5.62        65.29       34.71       1.474900    0.022500    1.55        59.59       40.41       1.903600    0.052200    2.82        65.56       34.44
2026-04-15 06:00:00 UTCBLESSUSDT   0.025820      64.55     200433      397137510.00000016579.000000  0.00        1.768500    -0.112500   -5.98       63.88       36.12       1.449400    -0.025500   -1.73       59.17       40.83       1.804300    -0.099300   -5.22       64.34       35.66
2026-04-15 07:00:00 UTCBLESSUSDT   0.026024      64.94     185541      402017955.0000004880445.0000001.23        1.737500    -0.031000   -1.75       63.47       36.53       1.418800    -0.030600   -2.11       58.66       41.34       1.801900    -0.002400   -0.13       64.31       35.69
2026-04-15 08:00:00 UTCBLESSUSDT   0.028999      70.11     1013607     403701270.0000001683315.0000000.42        1.672400    -0.065100   -3.75       62.58       37.42       1.408300    -0.010500   -0.74       58.48       41.52       1.735200    -0.066700   -3.70       63.44       36.56
2026-04-15 09:00:00 UTCBLESSUSDT   0.026738      62.56     965746      447974895.00000044273625.00000010.97       1.544500    -0.127900   -7.65       60.70       39.30       1.360000    -0.048300   -3.43       57.63       42.37       1.503100    -0.232100   -13.38      60.05       39.95
2026-04-15 10:00:00 UTCBLESSUSDT   0.023969      54.78     695931      446427005.000000-1547890.000000-0.35       1.689600    0.145100    9.39        62.82       37.18       1.454500    0.094500    6.95        59.26       40.74       1.605500    0.102400    6.81        61.62       38.38
2026-04-15 11:00:00 UTCBLESSUSDT   0.022594      51.36     355440      457265739.00000010838734.0000002.43        1.895200    0.205600    12.17       65.46       34.54       1.533000    0.078500    5.40        60.52       39.48       1.793300    0.187800    11.70       64.20       35.80
2026-04-15 12:00:00 UTCBLESSUSDT   0.021986      49.88     321150      460456381.0000003190642.0000000.70        1.945500    0.050300    2.65        66.05       33.95       1.570000    0.037000    2.41        61.09       38.91       1.849800    0.056500    3.15        64.91       35.09
2026-04-15 13:00:00 UTCBLESSUSDT   0.018779      42.86     350956      453574476.000000-6881905.000000-1.49       1.996700    0.051200    2.63        66.63       33.37       1.601500    0.031500    2.01        61.56       38.44       1.893500    0.043700    2.36        65.44       34.56
2026-04-15 14:00:00 UTCBLESSUSDT   0.016151      38.12     484359      439884709.000000-13689767.000000-3.02       1.938600    -0.058100   -2.91       65.97       34.03       1.574600    -0.026900   -1.68       61.16       38.84       1.788600    -0.104900   -5.54       64.14       35.86
2026-04-15 15:00:00 UTCBLESSUSDT   0.013306      33.77     650924      482077023.00000042192314.0000009.59        2.001200    0.062600    3.23        66.68       33.32       1.802200    0.227600    14.45       64.31       35.69       1.805800    0.017200    0.96        64.36       35.64
2026-04-15 16:00:00 UTCBLESSUSDT   0.012819      33.08     324760      590403714.000000108326691.00000022.47       1.994900    -0.006300   -0.31       66.61       33.39       2.117800    0.315600    17.51       67.93       32.07       1.751800    -0.054000   -2.99       63.66       36.34
2026-04-15 17:00:00 UTCBLESSUSDT   0.010569      30.00     416484      602807217.00000012403503.0000002.10        2.059000    0.064100    3.21        67.31       32.69       2.089500    -0.028300   -1.34       67.63       32.37       1.827300    0.075500    4.31        64.63       35.37
2026-04-15 18:00:00 UTCBLESSUSDT   0.007126      26.02     777107      728409030.000000125601813.00000020.84       2.084500    0.025500    1.24        67.58       32.42       2.114100    0.024600    1.18        67.89       32.11       1.784000    -0.043300   -2.37       64.08       35.92
2026-04-15 19:00:00 UTCBLESSUSDT   0.007704      27.75     480512      929542591.000000201133561.00000027.61       2.527300    0.442800    21.24       71.65       28.35       1.780300    -0.333800   -15.79      64.03       35.97       2.046000    0.262000    14.69       67.17       32.83
2026-04-15 20:00:00 UTCBLESSUSDT   0.007906      28.38     265446      864849253.000000-64693338.000000-6.96       2.709200    0.181900    7.20        73.04       26.96       1.673400    -0.106900   -6.00       62.59       37.41       2.236200    0.190200    9.30        69.10       30.90
2026-04-15 21:00:00 UTCBLESSUSDT   0.010256      35.46     172656      885269157.00000020419904.0000002.36        2.723000    0.013800    0.51        73.14       26.86       1.646700    -0.026700   -1.60       62.22       37.78       2.293800    0.057600    2.58        69.64       30.36
2026-04-15 22:00:00 UTCBLESSUSDT   0.011284      38.33     941772      846271406.000000-38997751.000000-4.41       2.717500    -0.005500   -0.20       73.10       26.90       1.703800    0.057100    3.47        63.01       36.99       2.479500    0.185700    8.10        71.26       28.74
2026-04-15 23:00:00 UTCBLESSUSDT   0.009914      36.03     382143      692530578.000000-153740828.000000-18.17      2.653600    -0.063900   -2.35       72.63       27.37       1.944300    0.240500    14.12       66.04       33.96       2.414100    -0.065400   -2.64       70.71       29.29
2026-04-16 00:00:00 UTCBLESSUSDT   0.011259      39.85     252369      714105106.00000021574528.0000003.12        2.547400    -0.106200   -4.00       71.81       28.19       2.001800    0.057500    2.96        66.69       33.31       2.260500    -0.153600   -6.36       69.33       30.67

==============================================================================================================
LAST SNAPSHOT
==============================================================================================================
Time                : 2026-04-16 00:00:00 UTC
Symbol              : BLESSUSDT
Close               : 0.011259
RSI(14)            : 39.85
Number of Trades    : 252369
Volume              : 844120068.000000
Quote Volume        : 8958428.768639

Open Interest       : 714105106.000000
OI Change           : 21574528.000000
OI Change %         : 3.12%
OI Value            : 7063156.475038

Top Acco L/S Ratio  : 2.547400
Top Acco L/S Change : -0.106200
Top Acco Chg %      : -4.00%
Top Acco Long %     : 71.81
Top Acco Short %    : 28.19

Top Posit L/S Ratio : 2.001800
Top Posit L/S Change: 0.057500
Top Posit Chg %     : 2.96%
Top Posit Long %    : 66.69
Top Posit Short %   : 33.31

Global L/S Ratio    : 2.260500
Global L/S Change   : -0.153600
Global Chg %        : -6.36%
Global Long %       : 69.33
Global Short %      : 30.67

[Program finished]####################################################################################################
FETCHING BINANCE FUTURES DATA ...
####################################################################################################
SYMBOL     : ARIAUSDT
PERIOD     : 1h
LIMIT      : 100
RSI_PERIOD : 14

========================================================================================================================================================================================================================================================================================================================================================================
BINANCE FUTURES MERGED DATA (L.S + OI + RSI + TRADES) | ROW = ONE CANDLE
========================================================================================================================================================================================================================================================================================================================================================================
Time                  Symbol      Close         RSI       Trades      OI              OI Chg        OI Chg %    Acco L/S    Acco Chg    Acco Chg%   Acco L%     Acco S%     Posit L/S   Posit Chg   Posit Chg%  Posit L%    Posit S%    Global L/S  Global Chg  Global Chg% Global L%   Global S%
------------------------------------------------------------------------------------------------------------------------------------------------------------------------------------------------------------------------------------------------------------------------------------------------------------------------------------------------------------------------
2026-04-11 21:00:00 UTCARIAUSDT    0.790900      71.32     213758      34572520.000000 0.000000      0.00        0.601300    0.000000    0.00        37.55       62.45       0.986300    0.000000    0.00        49.65       50.35       0.673400    0.000000    0.00        40.24       59.76
2026-04-11 22:00:00 UTCARIAUSDT    0.777500      69.41     164107      34208724.000000 -363796.000000-1.05       0.610600    0.009300    1.55        37.91       62.09       0.970400    -0.015900   -1.61       49.25       50.75       0.705000    0.031600    4.69        41.35       58.65
2026-04-11 23:00:00 UTCARIAUSDT    0.752700      65.88     93671       33917990.000000 -290734.000000-0.85       0.606200    -0.004400   -0.72       37.74       62.26       0.984900    0.014500    1.49        49.62       50.38       0.698100    -0.006900   -0.98       41.11       58.89
2026-04-12 00:00:00 UTCARIAUSDT    0.777000      67.62     215559      33575930.000000 -342060.000000-1.01       0.597200    -0.009000   -1.48       37.39       62.61       0.971700    -0.013200   -1.34       49.28       50.72       0.677000    -0.021100   -3.02       40.37       59.63
2026-04-12 01:00:00 UTCARIAUSDT    0.776900      67.60     127796      33432041.000000 -143889.000000-0.43       0.599700    0.002500    0.42        37.49       62.51       0.985100    0.013400    1.38        49.63       50.37       0.676200    -0.000800   -0.12       40.34       59.66
2026-04-12 02:00:00 UTCARIAUSDT    0.799500      69.29     170255      33634219.000000 202178.000000 0.60        0.602600    0.002900    0.48        37.60       62.40       0.975300    -0.009800   -0.99       49.37       50.63       0.680700    0.004500    0.67        40.50       59.50
2026-04-12 03:00:00 UTCARIAUSDT    0.851800      72.81     177928      33981323.000000 347104.000000 1.03        0.628900    0.026300    4.36        38.61       61.39       0.962300    -0.013000   -1.33       49.04       50.96       0.722900    0.042200    6.20        41.96       58.04
2026-04-12 04:00:00 UTCARIAUSDT    0.768200      60.80     249843      34792099.000000 810776.000000 2.39        0.651000    0.022100    3.51        39.43       60.57       0.954700    -0.007600   -0.79       48.84       51.16       0.786000    0.063100    8.73        44.01       55.99
2026-04-12 05:00:00 UTCARIAUSDT    0.824400      64.98     211893      33779571.000000 -1012528.000000-2.91       0.613400    -0.037600   -5.78       38.02       61.98       0.913900    -0.040800   -4.27       47.75       52.25       0.690000    -0.096000   -12.21      40.83       59.17
2026-04-12 06:00:00 UTCARIAUSDT    0.941300      71.74     468836      34294719.000000 515148.000000 1.53        0.619400    0.006000    0.98        38.25       61.75       0.906700    -0.007200   -0.79       47.55       52.45       0.729800    0.039800    5.77        42.19       57.81
2026-04-12 07:00:00 UTCARIAUSDT    0.896000      66.39     362186      35466371.000000 1171652.0000003.42        0.607200    -0.012200   -1.97       37.78       62.22       0.925000    0.018300    2.02        48.05       51.95       0.735500    0.005700    0.78        42.38       57.62
2026-04-12 08:00:00 UTCARIAUSDT    0.883900      65.00     268668      34784155.000000 -682216.000000-1.92       0.623600    0.016400    2.70        38.41       61.59       0.912200    -0.012800   -1.38       47.70       52.30       0.727100    -0.008400   -1.14       42.10       57.90
2026-04-12 09:00:00 UTCARIAUSDT    0.886500      65.17     215968      35094152.000000 309997.000000 0.89        0.655400    0.031800    5.10        39.59       60.41       0.928600    0.016400    1.80        48.15       51.85       0.766800    0.039700    5.46        43.40       56.60
2026-04-12 10:00:00 UTCARIAUSDT    0.875800      63.80     182088      34918314.000000 -175838.000000-0.50       0.643700    -0.011700   -1.79       39.16       60.84       0.932800    0.004200    0.45        48.26       51.74       0.741900    -0.024900   -3.25       42.59       57.41
2026-04-12 11:00:00 UTCARIAUSDT    0.914200      66.51     157748      34867660.000000 -50654.000000 -0.15       0.637700    -0.006000   -0.93       38.94       61.06       0.898000    -0.034800   -3.73       47.31       52.69       0.730400    -0.011500   -1.55       42.21       57.79
2026-04-12 12:00:00 UTCARIAUSDT    0.935100      67.92     321398      35362515.000000 494855.000000 1.42        0.621500    -0.016200   -2.54       38.33       61.67       0.905400    0.007400    0.82        47.52       52.48       0.707100    -0.023300   -3.19       41.42       58.58
2026-04-12 13:00:00 UTCARIAUSDT    0.836400      55.95     449326      34877853.000000 -484662.000000-1.37       0.593600    -0.027900   -4.49       37.25       62.75       0.886600    -0.018800   -2.08       46.99       53.01       0.685500    -0.021600   -3.05       40.67       59.33
2026-04-12 14:00:00 UTCARIAUSDT    0.828700      55.13     243909      33912607.000000 -965246.000000-2.77       0.600000    0.006400    1.08        37.50       62.50       0.847500    -0.039100   -4.41       45.87       54.13       0.669200    -0.016300   -2.38       40.09       59.91
2026-04-12 15:00:00 UTCARIAUSDT    0.896800      60.61     279602      33976966.000000 64359.000000  0.19        0.620700    0.020700    3.45        38.30       61.70       0.857400    0.009900    1.17        46.16       53.84       0.700100    0.030900    4.62        41.18       58.82
2026-04-12 16:00:00 UTCARIAUSDT    0.870400      57.67     170598      33164618.000000 -812348.000000-2.39       0.602100    -0.018600   -3.00       37.58       62.42       0.869500    0.012100    1.41        46.51       53.49       0.696600    -0.003500   -0.50       41.06       58.94
2026-04-12 17:00:00 UTCARIAUSDT    0.824000      52.82     205785      32973832.000000 -190786.000000-0.58       0.596700    -0.005400   -0.90       37.37       62.63       0.845200    -0.024300   -2.79       45.81       54.19       0.674500    -0.022100   -3.17       40.28       59.72
2026-04-12 18:00:00 UTCARIAUSDT    0.822100      52.62     333336      33082785.000000 108953.000000 0.33        0.603300    0.006600    1.11        37.63       62.37       0.838500    -0.006700   -0.79       45.61       54.39       0.677900    0.003400    0.50        40.40       59.60
2026-04-12 19:00:00 UTCARIAUSDT    0.814500      51.80     144555      31963131.000000 -1119654.000000-3.38       0.641500    0.038200    6.33        39.08       60.92       0.834700    -0.003800   -0.45       45.50       54.50       0.730700    0.052800    7.79        42.22       57.78
2026-04-12 20:00:00 UTCARIAUSDT    0.795300      49.68     123779      31828861.000000 -134270.000000-0.42       0.661100    0.019600    3.06        39.80       60.20       0.829000    -0.005700   -0.68       45.33       54.67       0.746400    0.015700    2.15        42.74       57.26
2026-04-12 21:00:00 UTCARIAUSDT    0.786900      48.75     83313       31540890.000000 -287971.000000-0.90       0.675300    0.014200    2.15        40.31       59.69       0.815300    -0.013700   -1.65       44.91       55.09       0.769900    0.023500    3.15        43.50       56.50
2026-04-12 22:00:00 UTCARIAUSDT    0.798100      50.10     111328      30873244.000000 -667646.000000-2.12       0.701500    0.026200    3.88        41.23       58.77       0.815300    0.000000    0.00        44.91       55.09       0.797900    0.028000    3.64        44.38       55.62
2026-04-12 23:00:00 UTCARIAUSDT    0.815300      52.19     92955       30830791.000000 -42453.000000 -0.14       0.718800    0.017300    2.47        41.82       58.18       0.820200    0.004900    0.60        45.06       54.94       0.829200    0.031300    3.92        45.33       54.67
2026-04-13 00:00:00 UTCARIAUSDT    0.847400      55.90     113920      30491059.000000 -339732.000000-1.10       0.737000    0.018200    2.53        42.43       57.57       0.819900    -0.000300   -0.04       45.05       54.95       0.852200    0.023000    2.77        46.01       53.99
2026-04-13 01:00:00 UTCARIAUSDT    0.813600      51.38     119834      30478740.000000 -12319.000000 -0.04       0.769000    0.032000    4.34        43.47       56.53       0.822200    0.002300    0.28        45.12       54.88       0.910900    0.058700    6.89        47.67       52.33
2026-04-13 02:00:00 UTCARIAUSDT    0.815600      51.63     117617      30495570.000000 16830.000000  0.06        0.754700    -0.014300   -1.86       43.01       56.99       0.815200    -0.007000   -0.85       44.91       55.09       0.902900    -0.008000   -0.88       47.45       52.55
2026-04-13 03:00:00 UTCARIAUSDT    0.781700      47.21     127506      30263896.000000 -231674.000000-0.76       0.761800    0.007100    0.94        43.24       56.76       0.814000    -0.001200   -0.15       44.87       55.13       0.873400    -0.029500   -3.27       46.62       53.38
2026-04-13 04:00:00 UTCARIAUSDT    0.834300      53.81     190174      30096915.000000 -166981.000000-0.55       0.743100    -0.018700   -2.45       42.63       57.37       0.805400    -0.008600   -1.06       44.61       55.39       0.842600    -0.030800   -3.53       45.73       54.27
2026-04-13 05:00:00 UTCARIAUSDT    0.843200      54.84     287488      29904353.000000 -192562.000000-0.64       0.739100    -0.004000   -0.54       42.50       57.50       0.780100    -0.025300   -3.14       43.82       56.18       0.837900    -0.004700   -0.56       45.59       54.41
2026-04-13 06:00:00 UTCARIAUSDT    0.898100      60.67     618214      29293597.000000 -610756.000000-2.04       0.741900    0.002800    0.38        42.59       57.41       0.786600    0.006500    0.83        44.03       55.97       0.836200    -0.001700   -0.20       45.54       54.46
2026-04-13 07:00:00 UTCARIAUSDT    0.908700      61.69     573977      28308001.000000 -985596.000000-3.36       0.749200    0.007300    0.98        42.83       57.17       0.749800    -0.036800   -4.68       42.85       57.15       0.866700    0.030500    3.65        46.43       53.57
2026-04-13 08:00:00 UTCARIAUSDT    0.792800      47.18     576819      27147913.000000 -1160088.000000-4.10       0.736100    -0.013100   -1.75       42.40       57.60       0.761300    0.011500    1.53        43.22       56.78       0.851900    -0.014800   -1.71       46.00       54.00
2026-04-13 09:00:00 UTCARIAUSDT    0.835900      51.73     373457      26057145.000000 -1090768.000000-4.02       0.846400    0.110300    14.98       45.84       54.16       0.759500    -0.001800   -0.24       43.17       56.83       0.961900    0.110000    12.91       49.03       50.97
2026-04-13 10:00:00 UTCARIAUSDT    0.821600      50.19     197652      26253275.000000 196130.000000 0.75        0.847400    0.001000    0.12        45.87       54.13       0.791100    0.031600    4.16        44.17       55.83       0.962300    0.000400    0.04        49.04       50.96
2026-04-13 11:00:00 UTCARIAUSDT    0.789500      46.81     174806      25723723.000000 -529552.000000-2.02       0.831500    -0.015900   -1.88       45.40       54.60       0.792900    0.001800    0.23        44.22       55.78       0.947400    -0.014900   -1.55       48.65       51.35
2026-04-13 12:00:00 UTCARIAUSDT    0.800800      48.13     152467      25725413.000000 1690.000000   0.01        0.869500    0.038000    4.57        46.51       53.49       0.840300    0.047400    5.98        45.66       54.34       0.986500    0.039100    4.13        49.66       50.34
2026-04-13 13:00:00 UTCARIAUSDT    0.788100      46.73     115038      25486679.000000 -238734.000000-0.93       0.875500    0.006000    0.69        46.68       53.32       0.839900    -0.000400   -0.05       45.65       54.35       1.000000    0.013500    1.37        50.00       50.00
2026-04-13 14:00:00 UTCARIAUSDT    0.801200      48.40     89308       25604770.000000 118091.000000 0.46        0.890400    0.014900    1.70        47.10       52.90       0.845900    0.006000    0.71        45.83       54.17       1.016500    0.016500    1.65        50.41       49.59
2026-04-13 15:00:00 UTCARIAUSDT    0.780700      45.97     109691      25333046.000000 -271724.000000-1.06       0.876900    -0.013500   -1.52       46.72       53.28       0.854400    0.008500    1.00        46.07       53.93       1.012500    -0.004000   -0.39       50.31       49.69
2026-04-13 16:00:00 UTCARIAUSDT    0.753300      42.86     147053      25313334.000000 -19712.000000 -0.08       0.905100    0.028200    3.22        47.51       52.49       0.853700    -0.000700   -0.08       46.05       53.95       1.030000    0.017500    1.73        50.74       49.26
2026-04-13 17:00:00 UTCARIAUSDT    0.829700      52.50     152704      25510944.000000 197610.000000 0.78        0.912000    0.006900    0.76        47.70       52.30       0.912400    0.058700    6.88        47.71       52.29       1.030000    0.000000    0.00        50.74       49.26
2026-04-13 18:00:00 UTCARIAUSDT    0.849900      54.67     351000      24591296.000000 -919648.000000-3.60       0.889300    -0.022700   -2.49       47.07       52.93       0.902100    -0.010300   -1.13       47.43       52.57       1.015700    -0.014300   -1.39       50.39       49.61
2026-04-13 19:00:00 UTCARIAUSDT    0.828400      51.94     110003      23766214.000000 -825082.000000-3.36       0.900400    0.011100    1.25        47.38       52.62       0.879700    -0.022400   -2.48       46.80       53.20       1.026800    0.011100    1.09        50.66       49.34
2026-04-13 20:00:00 UTCARIAUSDT    0.788700      47.26     80280       23521346.000000 -244868.000000-1.03       0.897500    -0.002900   -0.32       47.30       52.70       0.887400    0.007700    0.88        47.02       52.98       1.032500    0.005700    0.56        50.80       49.20
2026-04-13 21:00:00 UTCARIAUSDT    0.786700      47.03     71316       23426204.000000 -95142.000000 -0.40       0.873700    -0.023800   -2.65       46.63       53.37       0.877300    -0.010100   -1.14       46.73       53.27       1.002400    -0.030100   -2.92       50.06       49.94
2026-04-13 22:00:00 UTCARIAUSDT    0.774800      45.60     82928       23317232.000000 -108972.000000-0.47       0.895400    0.021700    2.48        47.24       52.76       0.877100    -0.000200   -0.02       46.73       53.27       1.035000    0.032600    3.25        50.86       49.14
2026-04-13 23:00:00 UTCARIAUSDT    0.774300      45.54     53451       23097545.000000 -219687.000000-0.94       0.894300    -0.001100   -0.12       47.21       52.79       0.894900    0.017800    2.03        47.23       52.77       1.041600    0.006600    0.64        51.02       48.98
2026-04-14 00:00:00 UTCARIAUSDT    0.785100      47.22     56598       23254475.000000 156930.000000 0.68        0.870600    -0.023700   -2.65       46.54       53.46       0.904400    0.009500    1.06        47.49       52.51       1.025900    -0.015700   -1.51       50.64       49.36
2026-04-14 01:00:00 UTCARIAUSDT    0.800100      49.55     53723       23196962.000000 -57513.000000 -0.25       0.876200    0.005600    0.64        46.70       53.30       0.906200    0.001800    0.20        47.54       52.46       1.009200    -0.016700   -1.63       50.23       49.77
2026-04-14 02:00:00 UTCARIAUSDT    0.823900      53.08     64386       23223133.000000 26171.000000  0.11        0.869500    -0.006700   -0.76       46.51       53.49       0.910600    0.004400    0.49        47.66       52.34       1.006800    -0.002400   -0.24       50.17       49.83
2026-04-14 03:00:00 UTCARIAUSDT    0.811100      51.01     59093       23204155.000000 -18978.000000 -0.08       0.881800    0.012300    1.41        46.86       53.14       0.959200    0.048600    5.34        48.96       51.04       1.035800    0.029000    2.88        50.88       49.12
2026-04-14 04:00:00 UTCARIAUSDT    0.789300      47.61     69646       23113245.000000 -90910.000000 -0.39       0.881800    0.000000    0.00        46.86       53.14       0.965200    0.006000    0.63        49.12       50.88       1.036200    0.000400    0.04        50.89       49.11
2026-04-14 05:00:00 UTCARIAUSDT    0.800500      49.47     79028       23225611.000000 112366.000000 0.49        0.904000    0.022200    2.52        47.48       52.52       0.969900    0.004700    0.49        49.24       50.76       1.050000    0.013800    1.33        51.22       48.78
2026-04-14 06:00:00 UTCARIAUSDT    0.772400      45.13     60253       23076778.000000 -148833.000000-0.64       0.905500    0.001500    0.17        47.52       52.48       0.972000    0.002100    0.22        49.29       50.71       1.048800    -0.001200   -0.11       51.19       48.81
2026-04-14 07:00:00 UTCARIAUSDT    0.871900      58.89     209303      22940403.000000 -136375.000000-0.59       0.903700    -0.001800   -0.20       47.47       52.53       0.977600    0.005600    0.58        49.43       50.57       1.039200    -0.009600   -0.92       50.96       49.04
2026-04-14 08:00:00 UTCARIAUSDT    0.795900      48.82     253869      23325388.000000 384985.000000 1.68        0.792800    -0.110900   -12.27      44.22       55.78       0.950700    -0.026900   -2.75       48.74       51.26       0.936500    -0.102700   -9.88       48.36       51.64
2026-04-14 09:00:00 UTCARIAUSDT    0.762300      45.14     144734      23301754.000000 -23634.000000 -0.10       0.869900    0.077100    9.73        46.52       53.48       0.960200    0.009500    1.00        48.99       51.01       1.011700    0.075200    8.03        50.29       49.71
2026-04-14 10:00:00 UTCARIAUSDT    0.725000      41.42     400454      23223841.000000 -77913.000000 -0.33       0.977800    0.107900    12.40       49.44       50.56       0.968900    0.008700    0.91        49.21       50.79       1.134000    0.122300    12.09       53.14       46.86
2026-04-14 11:00:00 UTCARIAUSDT    0.890900      58.02     403286      22754152.000000 -469689.000000-2.02       0.998800    0.021000    2.15        49.97       50.03       0.924100    -0.044800   -4.62       48.03       51.97       1.125900    -0.008100   -0.71       52.96       47.04
2026-04-14 12:00:00 UTCARIAUSDT    0.981300      64.01     551169      22543480.000000 -210672.000000-0.93       0.862200    -0.136600   -13.68      46.30       53.70       0.875400    -0.048700   -5.27       46.68       53.32       0.996400    -0.129500   -11.50      49.91       50.09
2026-04-14 13:00:00 UTCARIAUSDT    0.846100      52.05     658650      22003364.000000 -540116.000000-2.40       0.883900    0.021700    2.52        46.92       53.08       0.864700    -0.010700   -1.22       46.37       53.63       0.986500    -0.009900   -0.99       49.66       50.34
2026-04-14 14:00:00 UTCARIAUSDT    0.785800      47.77     380133      21570981.000000 -432383.000000-1.97       1.141300    0.257400    29.12       53.30       46.70       0.871000    0.006300    0.73        46.55       53.45       1.265500    0.279000    28.28       55.86       44.14
2026-04-14 15:00:00 UTCARIAUSDT    0.594100      37.26     605952      22960847.000000 1389866.0000006.44        1.223200    0.081900    7.18        55.02       44.98       0.930500    0.059500    6.83        48.20       51.80       1.364100    0.098600    7.79        57.70       42.30
2026-04-14 16:00:00 UTCARIAUSDT    0.185500      24.76     1247300     25773337.000000 2812490.00000012.25       1.373000    0.149800    12.25       57.86       42.14       0.925800    -0.004700   -0.51       48.07       51.93       1.562800    0.198700    14.57       60.98       39.02
2026-04-14 17:00:00 UTCARIAUSDT    0.115600      23.32     1505648     39651850.000000 13878513.00000053.85       2.665700    1.292700    94.15       72.72       27.28       0.942000    0.016200    1.75        48.51       51.49       2.976100    1.413300    90.43       74.85       25.15
2026-04-14 18:00:00 UTCARIAUSDT    0.140400      24.99     991514      72382644.000000 32730794.00000082.55       2.501400    -0.164300   -6.16       71.44       28.56       1.353100    0.411100    43.64       57.50       42.50       2.699600    -0.276500   -9.29       72.97       27.03
2026-04-14 19:00:00 UTCARIAUSDT    0.117600      24.46     398622      66488788.000000 -5893856.000000-8.14       2.656300    0.154900    6.19        72.65       27.35       1.395600    0.042500    3.14        58.26       41.74       2.923100    0.223500    8.28        74.51       25.49
2026-04-14 20:00:00 UTCARIAUSDT    0.103000      24.11     280347      68033685.000000 1544897.0000002.32        2.815300    0.159000    5.99        73.79       26.21       1.469500    0.073900    5.30        59.51       40.49       2.962000    0.038900    1.33        74.76       25.24
2026-04-14 21:00:00 UTCARIAUSDT    0.103000      24.11     279032      72340660.000000 4306975.0000006.33        2.903200    0.087900    3.12        74.38       25.62       1.516300    0.046800    3.18        60.26       39.74       3.006400    0.044400    1.50        75.04       24.96
2026-04-14 22:00:00 UTCARIAUSDT    0.099500      24.02     152065      77123456.000000 4782796.0000006.61        3.277200    0.374000    12.88       76.62       23.38       1.624400    0.108100    7.13        61.90       38.10       3.215900    0.209500    6.97        76.28       23.72
2026-04-14 23:00:00 UTCARIAUSDT    0.115300      25.46     271605      78502395.000000 1378939.0000001.79        3.384000    0.106800    3.26        77.19       22.81       1.705900    0.081500    5.02        63.04       36.96       3.386000    0.170100    5.29        77.20       22.80
2026-04-15 00:00:00 UTCARIAUSDT    0.126700      26.54     387169      76147152.000000 -2355243.000000-3.00       3.755100    0.371100    10.97       78.97       21.03       1.672100    -0.033800   -1.98       62.58       37.42       3.777800    0.391800    11.57       79.07       20.93
2026-04-15 01:00:00 UTCARIAUSDT    0.121700      26.36     189792      75763235.000000 -383917.000000-0.50       3.246300    -0.508800   -13.55      76.45       23.55       1.607700    -0.064400   -3.85       61.65       38.35       3.357300    -0.420500   -11.13      77.05       22.95
2026-04-15 02:00:00 UTCARIAUSDT    0.126400      26.86     202144      77219225.000000 1455990.0000001.92        3.450400    0.204100    6.29        77.53       22.47       1.653400    0.045700    2.84        62.31       37.69       3.557900    0.200600    5.98        78.06       21.94
2026-04-15 03:00:00 UTCARIAUSDT    0.136300      27.98     211726      77431444.000000 212219.000000 0.27        3.492400    0.042000    1.22        77.74       22.26       1.724800    0.071400    4.32        63.30       36.70       3.618900    0.061000    1.71        78.35       21.65
2026-04-15 04:00:00 UTCARIAUSDT    0.146500      29.18     154824      80247310.000000 2815866.0000003.64        3.315900    -0.176500   -5.05       76.83       23.17       1.638900    -0.085900   -4.98       62.11       37.89       3.616800    -0.002100   -0.06       78.34       21.66
2026-04-15 05:00:00 UTCARIAUSDT    0.135500      28.62     159016      78988693.000000 -1258617.000000-1.57       3.291800    -0.024100   -0.73       76.70       23.30       1.615100    -0.023800   -1.45       61.76       38.24       3.576700    -0.040100   -1.11       78.15       21.85
2026-04-15 06:00:00 UTCARIAUSDT    0.119700      27.81     140516      78513183.000000 -475510.000000-0.60       3.357300    0.065500    1.99        77.05       22.95       1.636600    0.021500    1.33        62.07       37.93       3.526900    -0.049800   -1.39       77.91       22.09
2026-04-15 07:00:00 UTCARIAUSDT    0.115900      27.60     115720      78061173.000000 -452010.000000-0.58       3.397500    0.040200    1.20        77.26       22.74       1.632200    -0.004400   -0.27       62.01       37.99       3.413100    -0.113800   -3.23       77.34       22.66
2026-04-15 08:00:00 UTCARIAUSDT    0.111400      27.35     110578      77949687.000000 -111486.000000-0.14       3.223000    -0.174500   -5.14       76.32       23.68       1.575400    -0.056800   -3.48       61.17       38.83       3.280800    -0.132300   -3.88       76.64       23.36
2026-04-15 09:00:00 UTCARIAUSDT    0.115500      28.00     120917      79578499.000000 1628812.0000002.09        3.329000    0.106000    3.29        76.90       23.10       1.610000    0.034600    2.20        61.69       38.31       3.330900    0.050100    1.53        76.91       23.09
2026-04-15 10:00:00 UTCARIAUSDT    0.111800      27.76     82313       81088190.000000 1509691.0000001.90        3.460300    0.131300    3.94        77.58       22.42       1.555200    -0.054800   -3.40       60.86       39.14       3.490300    0.159400    4.79        77.73       22.27
2026-04-15 11:00:00 UTCARIAUSDT    0.116100      28.53     65820       84168435.000000 3080245.0000003.80        3.549600    0.089300    2.58        78.02       21.98       1.585100    0.029900    1.92        61.32       38.68       3.578800    0.088500    2.54        78.16       21.84
2026-04-15 12:00:00 UTCARIAUSDT    0.113400      28.33     79597       86998914.000000 2830479.0000003.36        3.557900    0.008300    0.23        78.06       21.94       1.538000    -0.047100   -2.97       60.60       39.40       3.633900    0.055100    1.54        78.42       21.58
2026-04-15 13:00:00 UTCARIAUSDT    0.104300      27.61     132451      86906227.000000 -92687.000000 -0.11       3.555800    -0.002100   -0.06       78.05       21.95       1.499300    -0.038700   -2.52       59.99       40.01       3.694800    0.060900    1.68        78.70       21.30
2026-04-15 14:00:00 UTCARIAUSDT    0.110300      28.89     150323      85209222.000000 -1697005.000000-1.95       3.401400    -0.154400   -4.34       77.28       22.72       1.496300    -0.003000   -0.20       59.94       40.06       3.273500    -0.421300   -11.40      76.60       23.40
2026-04-15 15:00:00 UTCARIAUSDT    0.109800      28.85     74267       86292652.000000 1083430.0000001.27        3.506500    0.105100    3.09        77.81       22.19       1.517700    0.021400    1.43        60.28       39.72       3.580900    0.307400    9.39        78.17       21.83
2026-04-15 16:00:00 UTCARIAUSDT    0.105000      28.38     49556       84792890.000000 -1499762.000000-1.74       3.450400    -0.056100   -1.60       77.53       22.47       1.495400    -0.022300   -1.47       59.93       40.07       3.537200    -0.043700   -1.22       77.96       22.04
2026-04-15 17:00:00 UTCARIAUSDT    0.107800      29.10     51964       86388701.000000 1595811.0000001.88        3.500500    0.050100    1.45        77.78       22.22       1.473800    -0.021600   -1.44       59.58       40.42       3.604100    0.066900    1.89        78.28       21.72
2026-04-15 18:00:00 UTCARIAUSDT    0.089400      27.16     100921      85713872.000000 -674829.000000-0.78       3.591400    0.090900    2.60        78.22       21.78       1.491300    0.017500    1.19        59.86       40.14       3.631800    0.027700    0.77        78.41       21.59
2026-04-15 19:00:00 UTCARIAUSDT    0.095200      28.77     93284       85651663.000000 -62209.000000 -0.07       3.255300    -0.336100   -9.36       76.50       23.50       1.472000    -0.019300   -1.29       59.55       40.45       3.093300    -0.538500   -14.83      75.57       24.43
2026-04-15 20:00:00 UTCARIAUSDT    0.098700      29.78     44662       84024597.000000 -1627066.000000-1.90       3.060100    -0.195200   -6.00       75.37       24.63       1.454300    -0.017700   -1.20       59.25       40.75       2.960400    -0.132900   -4.30       74.75       25.25
2026-04-15 21:00:00 UTCARIAUSDT    0.098900      29.84     37621       84095606.000000 71009.000000  0.08        3.051900    -0.008200   -0.27       75.32       24.68       1.469700    0.015400    1.06        59.51       40.49       3.012800    0.052400    1.77        75.08       24.92
2026-04-15 22:00:00 UTCARIAUSDT    0.094100      29.19     38831       83758166.000000 -337440.000000-0.40       3.055200    0.003300    0.11        75.34       24.66       1.520800    0.051100    3.48        60.33       39.67       3.009600    -0.003200   -0.11       75.06       24.94
2026-04-15 23:00:00 UTCARIAUSDT    0.090800      28.72     51521       84384708.000000 626542.000000 0.75        3.125400    0.070200    2.30        75.76       24.24       1.532700    0.011900    0.78        60.52       39.48       3.061700    0.052100    1.73        75.38       24.62
2026-04-16 00:00:00 UTCARIAUSDT    0.093000      29.53     49908       87044322.000000 2659614.0000003.15        3.046900    -0.078500   -2.51       75.29       24.71       1.503100    -0.029600   -1.93       60.05       39.95       2.984100    -0.077600   -2.53       74.90       25.10

==============================================================================================================
LAST SNAPSHOT
==============================================================================================================
Time                : 2026-04-16 00:00:00 UTC
Symbol              : ARIAUSDT
Close               : 0.093000
RSI(14)            : 29.53
Number of Trades    : 49908
Volume              : 39623404.000000
Quote Volume        : 3680432.962830

Open Interest       : 87044322.000000
OI Change           : 2659614.000000
OI Change %         : 3.15%
OI Value            : 7900691.914392

Top Acco L/S Ratio  : 3.046900
Top Acco L/S Change : -0.078500
Top Acco Chg %      : -2.51%
Top Acco Long %     : 75.29
Top Acco Short %    : 24.71

Top Posit L/S Ratio : 1.503100
Top Posit L/S Change: -0.029600
Top Posit Chg %     : -1.93%
Top Posit Long %    : 60.05
Top Posit Short %   : 39.95

Global L/S Ratio    : 2.984100
Global L/S Change   : -0.077600
Global Chg %        : -2.53%
Global Long %       : 74.90
Global Short %      : 25.10

[Program finished]####################################################################################################
FETCHING BINANCE FUTURES DATA ...
####################################################################################################
SYMBOL     : GMXUSDT
PERIOD     : 1h
LIMIT      : 100
RSI_PERIOD : 14

========================================================================================================================================================================================================================================================================================================================================================================
BINANCE FUTURES MERGED DATA (L.S + OI + RSI + TRADES) | ROW = ONE CANDLE
========================================================================================================================================================================================================================================================================================================================================================================
Time                  Symbol      Close         RSI       Trades      OI              OI Chg        OI Chg %    Acco L/S    Acco Chg    Acco Chg%   Acco L%     Acco S%     Posit L/S   Posit Chg   Posit Chg%  Posit L%    Posit S%    Global L/S  Global Chg  Global Chg% Global L%   Global S%
------------------------------------------------------------------------------------------------------------------------------------------------------------------------------------------------------------------------------------------------------------------------------------------------------------------------------------------------------------------------
2026-04-11 21:00:00 UTCGMXUSDT     6.149000      71.57     1229        261027.410000   0.000000      0.00        2.002100    0.000000    0.00        66.69       33.31       0.980400    0.000000    0.00        49.50       50.50       1.761700    0.000000    0.00        63.79       36.21
2026-04-11 22:00:00 UTCGMXUSDT     6.139000      69.70     1129        262039.070000   1011.660000   0.39        2.006600    0.004500    0.22        66.74       33.26       0.978700    -0.001700   -0.17       49.46       50.54       1.760900    -0.000800   -0.05       63.78       36.22
2026-04-11 23:00:00 UTCGMXUSDT     6.094000      61.86     1692        261166.710000   -872.360000   -0.33       2.050600    0.044000    2.19        67.22       32.78       0.970600    -0.008100   -0.83       49.25       50.75       1.784000    0.023100    1.31        64.08       35.92
2026-04-12 00:00:00 UTCGMXUSDT     6.103000      62.76     1220        260516.270000   -650.440000   -0.25       2.090200    0.039600    1.93        67.64       32.36       0.981800    0.011200    1.15        49.54       50.46       1.791000    0.007000    0.39        64.17       35.83
2026-04-12 01:00:00 UTCGMXUSDT     6.040000      53.26     2738        260426.780000   -89.490000    -0.03       2.069400    -0.020800   -1.00       67.42       32.58       0.987300    0.005500    0.56        49.68       50.32       1.784000    -0.007000   -0.39       64.08       35.92
2026-04-12 02:00:00 UTCGMXUSDT     6.025000      51.27     1901        258952.090000   -1474.690000  -0.57       2.066500    -0.002900   -0.14       67.39       32.61       0.989600    0.002300    0.23        49.74       50.26       1.788600    0.004600    0.26        64.14       35.86
2026-04-12 03:00:00 UTCGMXUSDT     6.021000      50.73     1129        259118.880000   166.790000    0.06        2.114300    0.047800    2.31        67.89       32.11       1.044400    0.054800    5.54        51.09       48.91       1.824900    0.036300    2.03        64.60       35.40
2026-04-12 04:00:00 UTCGMXUSDT     6.011000      49.32     1059        260158.750000   1039.870000   0.40        2.099800    -0.014500   -0.69       67.74       32.26       1.053500    0.009100    0.87        51.30       48.70       1.799600    -0.025300   -1.39       64.28       35.72
2026-04-12 05:00:00 UTCGMXUSDT     6.058000      55.57     1067        260086.780000   -71.970000    -0.03       2.118200    0.018400    0.88        67.93       32.07       1.055600    0.002100    0.20        51.35       48.65       1.825700    0.026100    1.45        64.61       35.39
2026-04-12 06:00:00 UTCGMXUSDT     6.016000      49.67     1208        260132.080000   45.300000     0.02        2.120100    0.001900    0.09        67.95       32.05       1.058500    0.002900    0.27        51.42       48.58       1.842500    0.016800    0.92        64.82       35.18
2026-04-12 07:00:00 UTCGMXUSDT     5.993000      46.75     1264        260702.940000   570.860000    0.22        2.107500    -0.012600   -0.59       67.82       32.18       1.083400    0.024900    2.35        52.00       48.00       1.837700    -0.004800   -0.26       64.76       35.24
2026-04-12 08:00:00 UTCGMXUSDT     6.120000      60.56     3421        258630.550000   -2072.390000  -0.79       2.152600    0.045100    2.14        68.28       31.72       1.073800    -0.009600   -0.89       51.78       48.22       1.862000    0.024300    1.32        65.06       34.94
2026-04-12 09:00:00 UTCGMXUSDT     6.078000      55.44     2492        256646.460000   -1984.090000  -0.77       2.268000    0.115400    5.36        69.40       30.60       1.066500    -0.007300   -0.68       51.61       48.39       1.904400    0.042400    2.28        65.57       34.43
2026-04-12 10:00:00 UTCGMXUSDT     6.075000      55.08     1802        254404.980000   -2241.480000  -0.87       2.219600    -0.048400   -2.13       68.94       31.06       1.074600    0.008100    0.76        51.80       48.20       1.859600    -0.044800   -2.35       65.03       34.97
2026-04-12 11:00:00 UTCGMXUSDT     6.122000      59.49     1262        254809.480000   404.500000    0.16        2.219600    0.000000    0.00        68.94       31.06       1.078700    0.004100    0.38        51.89       48.11       1.862000    0.002400    0.13        65.06       34.94
2026-04-12 12:00:00 UTCGMXUSDT     6.057000      51.90     1654        254761.410000   -48.070000    -0.02       2.236200    0.016600    0.75        69.10       30.90       1.078500    -0.000200   -0.02       51.89       48.11       1.865300    0.003300    0.18        65.10       34.90
2026-04-12 13:00:00 UTCGMXUSDT     6.008000      47.02     1678        254512.530000   -248.880000   -0.10       2.292700    0.056500    2.53        69.63       30.37       1.079700    0.001200    0.11        51.92       48.08       1.886000    0.020700    1.11        65.35       34.65
2026-04-12 14:00:00 UTCGMXUSDT     5.998000      46.07     1232        254307.630000   -204.900000   -0.08       2.322300    0.029600    1.29        69.90       30.10       1.071700    -0.008000   -0.74       51.73       48.27       1.943800    0.057800    3.06        66.03       33.97
2026-04-12 15:00:00 UTCGMXUSDT     5.976000      43.96     1086        256601.000000   2293.370000   0.90        2.336700    0.014400    0.62        70.03       29.97       1.090400    0.018700    1.74        52.16       47.84       1.936900    -0.006900   -0.35       65.95       34.05
2026-04-12 16:00:00 UTCGMXUSDT     5.976000      43.96     1774        256380.480000   -220.520000   -0.09       2.314600    -0.022100   -0.95       69.83       30.17       1.090500    0.000100    0.01        52.16       47.84       1.932600    -0.004300   -0.22       65.90       34.10
2026-04-12 17:00:00 UTCGMXUSDT     6.039000      51.35     999         255104.480000   -1276.000000  -0.50       2.324500    0.009900    0.43        69.92       30.08       1.074200    -0.016300   -1.49       51.79       48.21       1.970000    0.037400    1.94        66.33       33.67
2026-04-12 18:00:00 UTCGMXUSDT     6.014000      48.61     1354        255212.390000   107.910000    0.04        2.266900    -0.057600   -2.48       69.39       30.61       1.074600    0.000400    0.04        51.80       48.20       1.982400    0.012400    0.63        66.47       33.53
2026-04-12 19:00:00 UTCGMXUSDT     5.977000      44.80     911         250178.890000   -5033.500000  -1.97       2.246800    -0.020100   -0.89       69.20       30.80       1.026400    -0.048200   -4.49       50.65       49.35       1.972700    -0.009700   -0.49       66.36       33.64
2026-04-12 20:00:00 UTCGMXUSDT     6.035000      51.25     1137        250071.060000   -107.830000   -0.04       2.268000    0.021200    0.94        69.40       30.60       1.025800    -0.000600   -0.06       50.64       49.36       2.007500    0.034800    1.76        66.75       33.25
2026-04-12 21:00:00 UTCGMXUSDT     6.005000      48.12     598         251050.200000   979.140000    0.39        2.235200    -0.032800   -1.45       69.09       30.91       1.017600    -0.008200   -0.80       50.44       49.56       2.007500    0.000000    0.00        66.75       33.25
2026-04-12 22:00:00 UTCGMXUSDT     5.959000      43.71     1209        250883.570000   -166.630000   -0.07       2.270100    0.034900    1.56        69.42       30.58       1.017000    -0.000600   -0.06       50.42       49.58       1.995800    -0.011700   -0.58       66.62       33.38
2026-04-12 23:00:00 UTCGMXUSDT     5.889000      38.00     1482        250718.470000   -165.100000   -0.07       2.309100    0.039000    1.72        69.78       30.22       1.009200    -0.007800   -0.77       50.23       49.77       2.115300    0.119500    5.99        67.90       32.10
2026-04-13 00:00:00 UTCGMXUSDT     5.923000      41.97     1284        250923.230000   204.760000    0.08        2.360200    0.051100    2.21        70.24       29.76       0.992300    -0.016900   -1.67       49.81       50.19       2.133800    0.018500    0.87        68.09       31.91
2026-04-13 01:00:00 UTCGMXUSDT     5.960000      46.01     1355        251621.230000   698.000000    0.28        2.326700    -0.033500   -1.42       69.94       30.06       0.991000    -0.001300   -0.13       49.77       50.23       2.132800    -0.001000   -0.05       68.08       31.92
2026-04-13 02:00:00 UTCGMXUSDT     5.945000      44.65     969         252574.460000   953.230000    0.38        2.333300    0.006600    0.28        70.00       30.00       0.990700    -0.000300   -0.03       49.77       50.23       2.089300    -0.043500   -2.04       67.63       32.37
2026-04-13 03:00:00 UTCGMXUSDT     5.943000      44.47     931         253169.910000   595.450000    0.24        2.331100    -0.002200   -0.09       69.98       30.02       1.002200    0.011500    1.16        50.06       49.94       2.065600    -0.023700   -1.13       67.38       32.62
2026-04-13 04:00:00 UTCGMXUSDT     5.926000      42.81     1465        252800.980000   -368.930000   -0.15       2.332200    0.001100    0.05        69.99       30.01       1.000600    -0.001600   -0.16       50.02       49.98       2.058100    -0.007500   -0.36       67.30       32.70
2026-04-13 05:00:00 UTCGMXUSDT     5.865000      37.43     3275        252614.140000   -186.840000   -0.07       2.309100    -0.023100   -0.99       69.78       30.22       0.993700    -0.006900   -0.69       49.84       50.16       2.037700    -0.020400   -0.99       67.08       32.92
2026-04-13 06:00:00 UTCGMXUSDT     5.924000      44.67     1518        249620.740000   -2993.400000  -1.18       2.483100    0.174000    7.54        71.29       28.71       0.972500    -0.021200   -2.13       49.30       50.70       2.034900    -0.002800   -0.14       67.05       32.95
2026-04-13 07:00:00 UTCGMXUSDT     5.880000      40.87     1465        249813.840000   193.100000    0.08        2.440000    -0.043100   -1.74       70.93       29.07       0.974100    0.001600    0.16        49.34       50.66       2.054400    0.019500    0.96        67.26       32.74
2026-04-13 08:00:00 UTCGMXUSDT     5.878000      40.70     1420        250978.880000   1165.040000   0.47        2.444700    0.004700    0.19        70.97       29.03       0.982500    0.008400    0.86        49.56       50.44       2.028500    -0.025900   -1.26       66.98       33.02
2026-04-13 09:00:00 UTCGMXUSDT     5.849000      38.23     1870        252154.880000   1176.000000   0.47        2.436400    -0.008300   -0.34       70.90       29.10       0.971800    -0.010700   -1.09       49.29       50.71       2.036700    0.008200    0.40        67.07       32.93
2026-04-13 10:00:00 UTCGMXUSDT     5.822000      36.03     1975        254835.590000   2680.710000   1.06        2.145600    -0.290800   -11.94      68.21       31.79       0.973600    0.001800    0.19        49.33       50.67       1.963000    -0.073700   -3.62       66.25       33.75
2026-04-13 11:00:00 UTCGMXUSDT     5.828000      36.90     1572        255196.080000   360.490000    0.14        2.159600    0.014000    0.65        68.35       31.65       0.967300    -0.006300   -0.65       49.17       50.83       1.963000    0.000000    0.00        66.25       33.75
2026-04-13 12:00:00 UTCGMXUSDT     5.858000      41.19     1694        255354.850000   158.770000    0.06        2.127000    -0.032600   -1.51       68.02       31.98       0.968800    0.001500    0.16        49.21       50.79       1.951600    -0.011400   -0.58       66.12       33.88
2026-04-13 13:00:00 UTCGMXUSDT     5.864000      42.04     2008        256507.690000   1152.840000   0.45        2.228900    0.101900    4.79        69.03       30.97       0.973200    0.004400    0.45        49.32       50.68       2.004800    0.053200    2.73        66.72       33.28
2026-04-13 14:00:00 UTCGMXUSDT     5.883000      44.77     1648        256984.730000   477.040000    0.19        2.251000    0.022100    0.99        69.24       30.76       0.949900    -0.023300   -2.39       48.72       51.28       2.094100    0.089300    4.45        67.68       32.32
2026-04-13 15:00:00 UTCGMXUSDT     5.836000      39.79     1793        258833.130000   1848.400000   0.72        2.200000    -0.051000   -2.27       68.75       31.25       0.936500    -0.013400   -1.41       48.36       51.64       2.047900    -0.046200   -2.21       67.19       32.81
2026-04-13 16:00:00 UTCGMXUSDT     5.904000      48.68     1841        259189.370000   356.240000    0.14        2.153600    -0.046400   -2.11       68.29       31.71       0.940500    0.004000    0.43        48.47       51.53       2.003000    -0.044900   -2.19       66.70       33.30
2026-04-13 17:00:00 UTCGMXUSDT     5.878000      45.89     1309        259859.820000   670.450000    0.26        2.069400    -0.084200   -3.91       67.42       32.58       0.929700    -0.010800   -1.15       48.18       51.82       1.925700    -0.077300   -3.86       65.82       34.18
2026-04-13 18:00:00 UTCGMXUSDT     5.925000      51.32     1643        260769.460000   909.640000    0.35        2.098900    0.029500    1.43        67.73       32.27       0.932500    0.002800    0.30        48.25       51.75       1.958600    0.032900    1.71        66.20       33.80
2026-04-13 19:00:00 UTCGMXUSDT     5.977000      56.52     1346        259472.850000   -1296.610000  -0.50       2.069400    -0.029500   -1.41       67.42       32.58       0.924500    -0.008000   -0.86       48.04       51.96       1.906100    -0.052500   -2.68       65.59       34.41
2026-04-13 20:00:00 UTCGMXUSDT     5.975000      56.28     1180        259467.430000   -5.420000     -0.00       2.119200    0.049800    2.41        67.94       32.06       0.917700    -0.006800   -0.74       47.85       52.15       1.930800    0.024700    1.30        65.88       34.12
2026-04-13 21:00:00 UTCGMXUSDT     6.014000      59.98     1202        259123.850000   -343.580000   -0.13       2.090200    -0.029000   -1.37       67.64       32.36       0.922600    0.004900    0.53        47.99       52.01       1.935100    0.004300    0.22        65.93       34.07
2026-04-13 22:00:00 UTCGMXUSDT     6.144000      69.31     2472        259078.930000   -44.920000    -0.02       2.057200    -0.033000   -1.58       67.29       32.71       0.931800    0.009200    1.00        48.23       51.77       1.922300    -0.012800   -0.66       65.78       34.22
2026-04-13 23:00:00 UTCGMXUSDT     6.170000      70.78     2354        256901.950000   -2176.980000  -0.84       2.032100    -0.025100   -1.22       67.02       32.98       0.923200    -0.008600   -0.92       48.00       52.00       1.926500    0.004200    0.22        65.83       34.17
2026-04-14 00:00:00 UTCGMXUSDT     6.097000      61.84     1453        258207.770000   1305.820000   0.51        2.013900    -0.018200   -0.90       66.82       33.18       0.923500    0.000300    0.03        48.01       51.99       1.879400    -0.047100   -2.44       65.27       34.73
2026-04-14 01:00:00 UTCGMXUSDT     6.135000      64.36     1218        256480.040000   -1727.730000  -0.67       2.055300    0.041400    2.06        67.27       32.73       0.923300    -0.000200   -0.02       48.01       51.99       1.909500    0.030100    1.60        65.63       34.37
2026-04-14 02:00:00 UTCGMXUSDT     6.132000      64.00     1100        255496.320000   -983.720000   -0.38       2.066500    0.011200    0.54        67.39       32.61       0.927400    0.004100    0.44        48.12       51.88       1.911200    0.001700    0.09        65.65       34.35
2026-04-14 03:00:00 UTCGMXUSDT     6.146000      64.98     902         255443.640000   -52.680000    -0.02       2.053400    -0.013100   -0.63       67.25       32.75       0.928800    0.001400    0.15        48.15       51.85       1.925700    0.014500    0.76        65.82       34.18
2026-04-14 04:00:00 UTCGMXUSDT     6.127000      62.49     1060        254999.040000   -444.600000   -0.17       2.024800    -0.028600   -1.39       66.94       33.06       0.930300    0.001500    0.16        48.20       51.80       1.946400    0.020700    1.07        66.06       33.94
2026-04-14 05:00:00 UTCGMXUSDT     6.089000      57.71     1054        252917.030000   -2082.010000  -0.82       2.047900    0.023100    1.14        67.19       32.81       0.931200    0.000900    0.10        48.22       51.78       1.945500    -0.000900   -0.05       66.05       33.95
2026-04-14 06:00:00 UTCGMXUSDT     6.075000      56.02     1165        251408.460000   -1508.570000  -0.60       2.049700    0.001800    0.09        67.21       32.79       0.933000    0.001800    0.19        48.27       51.73       1.931700    -0.013800   -0.71       65.89       34.11
2026-04-14 07:00:00 UTCGMXUSDT     6.037000      51.58     1253        252337.730000   929.270000    0.37        1.942000    -0.107700   -5.25       66.01       33.99       0.926900    -0.006100   -0.65       48.10       51.90       1.886800    -0.044900   -2.32       65.36       34.64
2026-04-14 08:00:00 UTCGMXUSDT     6.035000      51.35     1097        252739.720000   401.990000    0.16        1.967400    0.025400    1.31        66.30       33.70       0.935700    0.008800    0.95        48.34       51.66       1.893500    0.006700    0.36        65.44       34.56
2026-04-14 09:00:00 UTCGMXUSDT     6.057000      53.80     928         254818.040000   2078.320000   0.82        1.991300    0.023900    1.21        66.57       33.43       0.960200    0.024500    2.62        48.98       51.02       1.901900    0.008400    0.44        65.54       34.46
2026-04-14 10:00:00 UTCGMXUSDT     6.022000      49.53     1184        254763.170000   -54.870000    -0.02       2.002100    0.010800    0.54        66.69       33.31       0.963700    0.003500    0.36        49.08       50.92       1.878500    -0.023400   -1.23       65.26       34.74
2026-04-14 11:00:00 UTCGMXUSDT     6.061000      53.91     1491        251202.370000   -3560.800000  -1.40       2.115300    0.113200    5.65        67.90       32.10       0.937600    -0.026100   -2.71       48.39       51.61       1.977100    0.098600    5.25        66.41       33.59
2026-04-14 12:00:00 UTCGMXUSDT     6.061000      53.91     1065        253554.420000   2352.050000   0.94        2.040400    -0.074900   -3.54       67.11       32.89       0.957300    0.019700    2.10        48.91       51.09       1.936000    -0.041100   -2.08       65.94       34.06
2026-04-14 13:00:00 UTCGMXUSDT     6.127000      60.63     2656        254080.600000   526.180000    0.21        2.063700    0.023300    1.14        67.36       32.64       0.954500    -0.002800   -0.29       48.84       51.16       1.924800    -0.011200   -0.58       65.81       34.19
2026-04-14 14:00:00 UTCGMXUSDT     6.110000      58.27     4240        261553.980000   7473.380000   2.94        2.077900    0.014200    0.69        67.51       32.49       0.962300    0.007800    0.82        49.04       50.96       1.936000    0.011200    0.58        65.94       34.06
2026-04-14 15:00:00 UTCGMXUSDT     6.107000      57.85     2179        258129.400000   -3424.580000  -1.31       2.162600    0.084700    4.08        68.38       31.62       0.956700    -0.005600   -0.58       48.89       51.11       1.981500    0.045500    2.35        66.46       33.54
2026-04-14 16:00:00 UTCGMXUSDT     6.072000      52.97     2063        255701.440000   -2427.960000  -0.94       2.209200    0.046600    2.15        68.84       31.16       0.950600    -0.006100   -0.64       48.73       51.27       2.062800    0.081300    4.10        67.35       32.65
2026-04-14 17:00:00 UTCGMXUSDT     6.093000      55.40     1922        254713.390000   -988.050000   -0.39       2.243600    0.034400    1.56        69.17       30.83       0.957000    0.006400    0.67        48.90       51.10       2.086400    0.023600    1.14        67.60       32.40
2026-04-14 18:00:00 UTCGMXUSDT     5.984000      42.99     1764        254276.590000   -436.800000   -0.17       2.251000    0.007400    0.33        69.24       30.76       0.947300    -0.009700   -1.01       48.65       51.35       2.054400    -0.032000   -1.53       67.26       32.74
2026-04-14 19:00:00 UTCGMXUSDT     6.025000      47.73     1709        251756.070000   -2520.520000  -0.99       2.326700    0.075700    3.36        69.94       30.06       0.948000    0.000700    0.07        48.66       51.34       2.109500    0.055100    2.68        67.84       32.16
2026-04-14 20:00:00 UTCGMXUSDT     6.021000      47.32     915         250693.860000   -1062.210000  -0.42       2.448300    0.121600    5.23        71.00       29.00       0.959500    0.011500    1.21        48.97       51.03       2.135800    0.026300    1.25        68.11       31.89
2026-04-14 21:00:00 UTCGMXUSDT     6.042000      49.78     748         251374.290000   680.430000    0.27        2.420000    -0.028300   -1.16       70.76       29.24       0.960400    0.000900    0.09        48.99       51.01       2.139700    0.003900    0.18        68.15       31.85
2026-04-14 22:00:00 UTCGMXUSDT     6.045000      50.14     405         251105.100000   -269.190000   -0.11       2.463800    0.043800    1.81        71.13       28.87       0.957500    -0.002900   -0.30       48.91       51.09       2.157600    0.017900    0.84        68.33       31.67
2026-04-14 23:00:00 UTCGMXUSDT     6.095000      55.80     962         251898.150000   793.050000    0.32        2.447100    -0.016700   -0.68       70.99       29.01       0.963800    0.006300    0.66        49.08       50.92       2.157600    0.000000    0.00        68.33       31.67
2026-04-15 00:00:00 UTCGMXUSDT     6.124000      58.72     1120        252625.400000   727.250000    0.29        2.399000    -0.048100   -1.97       70.58       29.42       0.964800    0.001000    0.10        49.10       50.90       2.127000    -0.030600   -1.42       68.02       31.98
2026-04-15 01:00:00 UTCGMXUSDT     6.149000      61.11     1228        251488.050000   -1137.350000  -0.45       2.393300    -0.005700   -0.24       70.53       29.47       0.955800    -0.009000   -0.93       48.87       51.13       2.084500    -0.042500   -2.00       67.58       32.42
2026-04-15 02:00:00 UTCGMXUSDT     6.080000      52.14     1951        251959.290000   471.240000    0.19        2.402500    0.009200    0.38        70.61       29.39       0.950300    -0.005500   -0.58       48.73       51.27       2.087400    0.002900    0.14        67.61       32.39
2026-04-15 03:00:00 UTCGMXUSDT     6.077000      51.78     696         250603.780000   -1355.510000  -0.54       2.469800    0.067300    2.80        71.18       28.82       0.964300    0.014000    1.47        49.09       50.91       2.158600    0.071200    3.41        68.34       31.66
2026-04-15 04:00:00 UTCGMXUSDT     6.101000      54.46     620         250608.070000   4.290000      0.00        2.497700    0.027900    1.13        71.41       28.59       0.968200    0.003900    0.40        49.19       50.81       2.183700    0.025100    1.16        68.59       31.41
2026-04-15 05:00:00 UTCGMXUSDT     6.084000      52.25     453         251082.430000   474.360000    0.19        2.485500    -0.012200   -0.49       71.31       28.69       0.973200    0.005000    0.52        49.32       50.68       2.172600    -0.011100   -0.51       68.48       31.52
2026-04-15 06:00:00 UTCGMXUSDT     6.047000      47.70     722         250702.410000   -380.020000   -0.15       2.483100    -0.002400   -0.10       71.29       28.71       0.969300    -0.003900   -0.40       49.22       50.78       2.167600    -0.005000   -0.23       68.43       31.57
2026-04-15 07:00:00 UTCGMXUSDT     6.077000      51.39     892         249680.920000   -1021.490000  -0.41       2.467400    -0.015700   -0.63       71.16       28.84       0.958000    -0.011300   -1.17       48.93       51.07       2.166600    -0.001000   -0.05       68.42       31.58
2026-04-15 08:00:00 UTCGMXUSDT     6.112000      55.36     487         249691.660000   10.740000     0.00        2.450700    -0.016700   -0.68       71.02       28.98       0.953500    -0.004500   -0.47       48.81       51.19       2.127900    -0.038700   -1.79       68.03       31.97
2026-04-15 09:00:00 UTCGMXUSDT     6.104000      54.27     986         249502.200000   -189.460000   -0.08       2.436400    -0.014300   -0.58       70.90       29.10       0.951300    -0.002200   -0.23       48.75       51.25       2.141700    0.013800    0.65        68.17       31.83
2026-04-15 10:00:00 UTCGMXUSDT     6.058000      48.38     579         250223.950000   721.750000    0.29        2.480700    0.044300    1.82        71.27       28.73       0.952000    0.000700    0.07        48.77       51.23       2.195900    0.054200    2.53        68.71       31.29
2026-04-15 11:00:00 UTCGMXUSDT     6.121000      55.50     786         250355.830000   131.880000    0.05        2.510000    0.029300    1.18        71.51       28.49       0.953800    0.001800    0.19        48.82       51.18       2.211300    0.015400    0.70        68.86       31.14
2026-04-15 12:00:00 UTCGMXUSDT     6.115000      54.73     981         250225.880000   -129.950000   -0.05       2.448300    -0.061700   -2.46       71.00       29.00       0.948700    -0.005100   -0.53       48.68       51.32       2.136800    -0.074500   -3.37       68.12       31.88
2026-04-15 13:00:00 UTCGMXUSDT     6.106000      53.52     1376        248042.610000   -2183.270000  -0.87       2.503900    0.055600    2.27        71.46       28.54       0.938700    -0.010000   -1.05       48.42       51.58       2.158600    0.021800    1.02        68.34       31.66
2026-04-15 14:00:00 UTCGMXUSDT     6.124000      55.63     988         247894.360000   -148.250000   -0.06       2.546100    0.042200    1.69        71.80       28.20       0.938200    -0.000500   -0.05       48.41       51.59       2.165600    0.007000    0.32        68.41       31.59
2026-04-15 15:00:00 UTCGMXUSDT     6.096000      51.70     626         248108.030000   213.670000    0.09        2.556200    0.010100    0.40        71.88       28.12       0.939700    0.001500    0.16        48.45       51.55       2.200000    0.034400    1.59        68.75       31.25
2026-04-15 16:00:00 UTCGMXUSDT     6.086000      50.33     750         247963.480000   -144.550000   -0.06       2.542300    -0.013900   -0.54       71.77       28.23       0.941900    0.002200    0.23        48.50       51.50       2.192800    -0.007200   -0.33       68.68       31.32
2026-04-15 17:00:00 UTCGMXUSDT     6.125000      55.30     910         247732.990000   -230.490000   -0.09       2.584200    0.041900    1.65        72.10       27.90       0.937300    -0.004600   -0.49       48.38       51.62       2.189800    -0.003000   -0.14       68.65       31.35
2026-04-15 18:00:00 UTCGMXUSDT     6.087000      50.05     884         247041.760000   -691.230000   -0.28       2.572700    -0.011500   -0.45       72.01       27.99       0.939000    0.001700    0.18        48.43       51.57       2.213400    0.023600    1.08        68.88       31.12
2026-04-15 19:00:00 UTCGMXUSDT     6.115000      53.55     750         247220.600000   178.840000    0.07        2.582900    0.010200    0.40        72.09       27.91       0.931200    -0.007800   -0.83       48.22       51.78       2.254100    0.040700    1.84        69.27       30.73
2026-04-15 20:00:00 UTCGMXUSDT     6.073000      48.10     630         248078.930000   858.330000    0.35        2.561300    -0.021600   -0.84       71.92       28.08       0.933800    0.002600    0.28        48.29       51.71       2.222700    -0.031400   -1.39       68.97       31.03
2026-04-15 21:00:00 UTCGMXUSDT     6.068000      47.49     782         247968.830000   -110.100000   -0.04       2.588100    0.026800    1.05        72.13       27.87       0.935000    0.001200    0.13        48.32       51.68       2.225800    0.003100    0.14        69.00       31.00
2026-04-15 22:00:00 UTCGMXUSDT     6.058000      46.21     1093        247227.120000   -741.710000   -0.30       2.664300    0.076200    2.94        72.71       27.29       0.936300    0.001300    0.14        48.36       51.64       2.312400    0.086600    3.89        69.81       30.19
2026-04-15 23:00:00 UTCGMXUSDT     6.140000      56.55     6187        248695.470000   1468.350000   0.59        2.783600    0.119300    4.48        73.57       26.43       0.944200    0.007900    0.84        48.56       51.44       2.379500    0.067100    2.90        70.41       29.59
2026-04-16 00:00:00 UTCGMXUSDT     6.119000      53.70     1853        259065.200000   10369.730000  4.17        2.554900    -0.228700   -8.22       71.87       28.13       0.993200    0.049000    5.19        49.83       50.17       2.114300    -0.265200   -11.15      67.89       32.11

==============================================================================================================
LAST SNAPSHOT
==============================================================================================================
Time                : 2026-04-16 00:00:00 UTC
Symbol              : GMXUSDT
Close               : 6.119000
RSI(14)            : 53.70
Number of Trades    : 1853
Volume              : 10966.360000
Quote Volume        : 66992.991470

Open Interest       : 259065.200000
OI Change           : 10369.730000
OI Change %         : 4.17%
OI Value            : 1591267.232272

Top Acco L/S Ratio  : 2.554900
Top Acco L/S Change : -0.228700
Top Acco Chg %      : -8.22%
Top Acco Long %     : 71.87
Top Acco Short %    : 28.13

Top Posit L/S Ratio : 0.993200
Top Posit L/S Change: 0.049000
Top Posit Chg %     : 5.19%
Top Posit Long %    : 49.83
Top Posit Short %   : 50.17

Global L/S Ratio    : 2.114300
Global L/S Change   : -0.265200
Global Chg %        : -11.15%
Global Long %       : 67.89
Global Short %      : 32.11

[Program finished]
