####################################################################################################
FETCHING BINANCE FUTURES DATA ...
####################################################################################################
SYMBOL     : NOTUSDT
PERIOD     : 5m
LIMIT      : 500
RSI_PERIOD : 14

========================================================================================================================================================================================================================================================================================================================================================================
BINANCE FUTURES MERGED DATA (L.S + OI + RSI + TRADES) | ROW = ONE CANDLE
========================================================================================================================================================================================================================================================================================================================================================================
Time                  Symbol      Close         RSI       Trades      OI              OI Chg        OI Chg %    Acco L/S    Acco Chg    Acco Chg%   Acco L%     Acco S%     Posit L/S   Posit Chg   Posit Chg%  Posit L%    Posit S%    Global L/S  Global Chg  Global Chg% Global L%   Global S%
------------------------------------------------------------------------------------------------------------------------------------------------------------------------------------------------------------------------------------------------------------------------------------------------------------------------------------------------------------------------
2026-05-06 00:50:00 UTCNOTUSDT     0.000521      49.16     1977        8766692747.0000000.000000      0.00        2.047900    0.000000    0.00        67.19       32.81       1.598100    0.000000    0.00        61.51       38.49       1.952500    0.000000    0.00        66.13       33.87
2026-05-06 00:55:00 UTCNOTUSDT     0.000528      55.96     4372        8774134477.0000007441730.0000000.08        2.009300    -0.038600   -1.88       66.77       33.23       1.594300    -0.003800   -0.24       61.45       38.55       1.936000    -0.016500   -0.85       65.94       34.06
2026-05-06 01:00:00 UTCNOTUSDT     0.000544      67.06     9264        8844979618.00000070845141.0000000.81        1.964700    -0.044600   -2.22       66.27       33.73       1.604900    0.010600    0.66        61.61       38.39       1.873600    -0.062400   -3.22       65.20       34.80
2026-05-06 01:05:00 UTCNOTUSDT     0.000549      69.79     6751        9065836590.000000220856972.0000002.50        1.950700    -0.014000   -0.71       66.11       33.89       1.629600    0.024700    1.54        61.97       38.03       1.869400    -0.004200   -0.22       65.15       34.85
2026-05-06 01:10:00 UTCNOTUSDT     0.000554      72.23     7019        9114205735.00000048369145.0000000.53        1.949900    -0.000800   -0.04       66.10       33.90       1.625100    -0.004500   -0.28       61.91       38.09       1.851400    -0.018000   -0.96       64.93       35.07
2026-05-06 01:15:00 UTCNOTUSDT     0.000562      75.32     7227        9167316007.00000053110272.0000000.58        1.933400    -0.016500   -0.85       65.91       34.09       1.623000    -0.002100   -0.13       61.88       38.12       1.863700    0.012300    0.66        65.08       34.92
2026-05-06 01:20:00 UTCNOTUSDT     0.000556      68.53     7362        9169050530.0000001734523.0000000.02        1.948100    0.014700    0.76        66.08       33.92       1.621400    -0.001600   -0.10       61.85       38.15       1.878500    0.014800    0.79        65.26       34.74
2026-05-06 01:25:00 UTCNOTUSDT     0.000552      64.78     8036        9151586819.000000-17463711.000000-0.19       1.995800    0.047700    2.45        66.62       33.38       1.634900    0.013500    0.83        62.05       37.95       1.900200    0.021700    1.16        65.52       34.48
2026-05-06 01:30:00 UTCNOTUSDT     0.000562      69.74     6735        9167776041.00000016189222.0000000.18        1.971800    -0.024000   -1.20       66.35       33.65       1.626600    -0.008300   -0.51       61.93       38.07       1.880200    -0.020000   -1.05       65.28       34.72
2026-05-06 01:35:00 UTCNOTUSDT     0.000563      70.27     5530        9170336584.0000002560543.0000000.03        1.956000    -0.015800   -0.80       66.17       33.83       1.646300    0.019700    1.21        62.21       37.79       1.873600    -0.006600   -0.35       65.20       34.80
2026-05-06 01:40:00 UTCNOTUSDT     0.000565      70.99     4942        9223027491.00000052690907.0000000.57        1.975300    0.019300    0.99        66.39       33.61       1.654900    0.008600    0.52        62.33       37.67       1.914600    0.041000    2.19        65.69       34.31
2026-05-06 01:45:00 UTCNOTUSDT     0.000576      75.53     6842        9231965604.0000008938113.0000000.10        1.994000    0.018700    0.95        66.60       33.40       1.655100    0.000200    0.01        62.34       37.66       1.912900    -0.001700   -0.09       65.67       34.33
2026-05-06 01:50:00 UTCNOTUSDT     0.000587      78.84     11342       9243970733.00000012005129.0000000.13        1.968200    -0.025800   -1.29       66.31       33.69       1.629600    -0.025500   -1.54       61.97       38.03       1.922300    0.009400    0.49        65.78       34.22
2026-05-06 01:55:00 UTCNOTUSDT     0.000590      79.76     9606        9369759193.000000125788460.0000001.36        1.937700    -0.030500   -1.55       65.96       34.04       1.648200    0.018600    1.14        62.24       37.76       1.886000    -0.036300   -1.89       65.35       34.65
2026-05-06 02:00:00 UTCNOTUSDT     0.000579      68.68     11338       9482971076.000000113211883.0000001.21        2.003000    0.065300    3.37        66.70       33.30       1.658500    0.010300    0.62        62.38       37.62       1.939400    0.053400    2.83        65.98       34.02
2026-05-06 02:05:00 UTCNOTUSDT     0.000584      70.55     12860       9380650575.000000-102320501.000000-1.08       2.039500    0.036500    1.82        67.10       32.90       1.650000    -0.008500   -0.51       62.26       37.74       1.974400    0.035000    1.80        66.38       33.62
2026-05-06 02:10:00 UTCNOTUSDT     0.000589      72.40     11638       9372543816.000000-8106759.000000-0.09       1.902800    -0.136700   -6.70       65.55       34.45       1.678400    0.028400    1.72        62.66       37.34       1.862000    -0.112400   -5.69       65.06       34.94
2026-05-06 02:15:00 UTCNOTUSDT     0.000580      64.93     7676        9475077161.000000102533345.0000001.09        1.904400    0.001600    0.08        65.57       34.43       1.678800    0.000400    0.02        62.67       37.33       1.881800    0.019800    1.06        65.30       34.70
2026-05-06 02:20:00 UTCNOTUSDT     0.000582      65.95     6957        9385324678.000000-89752483.000000-0.95       1.979700    0.075300    3.95        66.44       33.56       1.708700    0.029900    1.78        63.08       36.92       1.932600    0.050800    2.70        65.90       34.10
2026-05-06 02:25:00 UTCNOTUSDT     0.000584      66.46     5542        9424931281.00000039606603.0000000.42        1.952500    -0.027200   -1.37       66.13       33.87       1.707300    -0.001400   -0.08       63.06       36.94       1.912900    -0.019700   -1.02       65.67       34.33
2026-05-06 02:30:00 UTCNOTUSDT     0.000585      66.99     8158        9380087066.000000-44844215.000000-0.48       1.935100    -0.017400   -0.89       65.93       34.07       1.701700    -0.005600   -0.33       62.99       37.01       1.888500    -0.024400   -1.28       65.38       34.62
2026-05-06 02:35:00 UTCNOTUSDT     0.000601      73.70     11969       9441858282.00000061771216.0000000.66        1.914600    -0.020500   -1.06       65.69       34.31       1.704000    0.002300    0.14        63.02       36.98       1.876000    -0.012500   -0.66       65.23       34.77
2026-05-06 02:40:00 UTCNOTUSDT     0.000606      75.23     19155       9570998309.000000129140027.0000001.37        1.876000    -0.038600   -2.02       65.23       34.77       1.695200    -0.008800   -0.52       62.90       37.10       1.828100    -0.047900   -2.55       64.64       35.36
2026-05-06 02:45:00 UTCNOTUSDT     0.000610      76.64     13367       9632491580.00000061493271.0000000.64        1.947200    0.071200    3.80        66.07       33.93       1.667800    -0.027400   -1.62       62.52       37.48       1.921400    0.093300    5.10        65.77       34.23
2026-05-06 02:50:00 UTCNOTUSDT     0.000623      80.10     14923       9663159250.00000030667670.0000000.32        1.867800    -0.079400   -4.08       65.13       34.87       1.658400    -0.009400   -0.56       62.38       37.62       1.851400    -0.070000   -3.64       64.93       35.07
2026-05-06 02:55:00 UTCNOTUSDT     0.000640      83.49     22902       9608983022.000000-54176228.000000-0.56       1.819300    -0.048500   -2.60       64.53       35.47       1.601000    -0.057400   -3.46       61.55       38.45       1.828900    -0.022500   -1.22       64.65       35.35
2026-05-06 03:00:00 UTCNOTUSDT     0.000642      83.97     23164       9655345904.00000046362882.0000000.48        1.787800    -0.031500   -1.73       64.13       35.87       1.625500    0.024500    1.53        61.91       38.09       1.813700    -0.015200   -0.83       64.46       35.54
2026-05-06 03:05:00 UTCNOTUSDT     0.000639      80.87     17544       9870230861.000000214884957.0000002.23        1.754100    -0.033700   -1.88       63.69       36.31       1.644000    0.018500    1.14        62.18       37.82       1.783200    -0.030500   -1.68       64.07       35.93
2026-05-06 03:10:00 UTCNOTUSDT     0.000626      70.12     19710       9970110988.00000099880127.0000001.01        1.701200    -0.052900   -3.02       62.98       37.02       1.602400    -0.041600   -2.53       61.57       38.43       1.746500    -0.036700   -2.06       63.59       36.41
2026-05-06 03:15:00 UTCNOTUSDT     0.000613      61.16     22969       10020584206.00000050473218.0000000.51        1.691800    -0.009400   -0.55       62.85       37.15       1.576000    -0.026400   -1.65       61.18       38.82       1.714400    -0.032100   -1.84       63.16       36.84
2026-05-06 03:20:00 UTCNOTUSDT     0.000598      52.68     17547       9739109964.000000-281474242.000000-2.81       1.799600    0.107800    6.37        64.28       35.72       1.532400    -0.043600   -2.77       60.51       39.49       1.796400    0.082000    4.78        64.24       35.76
2026-05-06 03:25:00 UTCNOTUSDT     0.000613      58.58     12076       9645438037.000000-93671927.000000-0.96       1.826500    0.026900    1.49        64.62       35.38       1.528400    -0.004000   -0.26       60.45       39.55       1.821700    0.025300    1.41        64.56       35.44
2026-05-06 03:30:00 UTCNOTUSDT     0.000607      55.69     11627       9574660546.000000-70777491.000000-0.73       1.834500    0.008000    0.44        64.72       35.28       1.536900    0.008500    0.56        60.58       39.42       1.813700    -0.008000   -0.44       64.46       35.54
2026-05-06 03:35:00 UTCNOTUSDT     0.000604      54.10     9468        9590698023.00000016037477.0000000.17        1.833700    -0.000800   -0.04       64.71       35.29       1.639500    0.102600    6.68        62.11       37.89       1.816900    0.003200    0.18        64.50       35.50
2026-05-06 03:40:00 UTCNOTUSDT     0.000599      51.74     7852        9572428681.000000-18269342.000000-0.19       1.885200    0.051500    2.81        65.34       34.66       1.651500    0.012000    0.73        62.28       37.72       1.861200    0.044300    2.44        65.05       34.95
2026-05-06 03:45:00 UTCNOTUSDT     0.000603      53.45     8490        9565866917.000000-6561764.000000-0.07       1.881800    -0.003400   -0.18       65.30       34.70       1.646600    -0.004900   -0.30       62.22       37.78       1.866200    0.005000    0.27        65.11       34.89
2026-05-06 03:50:00 UTCNOTUSDT     0.000603      53.23     7485        9590380219.00000024513302.0000000.26        1.894400    0.012600    0.67        65.45       34.55       1.639300    -0.007300   -0.44       62.11       37.89       1.852300    -0.013900   -0.74       64.94       35.06
2026-05-06 03:55:00 UTCNOTUSDT     0.000599      51.19     9304        9615730543.00000025350324.0000000.26        1.906100    0.011700    0.62        65.59       34.41       1.653600    0.014300    0.87        62.32       37.68       1.867800    0.015500    0.84        65.13       34.87
2026-05-06 04:00:00 UTCNOTUSDT     0.000595      48.61     7337        9540170931.000000-75559612.000000-0.79       1.972700    0.066600    3.49        66.36       33.64       1.658700    0.005100    0.31        62.39       37.61       1.920600    0.052800    2.83        65.76       34.24
2026-05-06 04:05:00 UTCNOTUSDT     0.000597      49.82     6203        9638842329.00000098671398.0000001.03        1.936000    -0.036700   -1.86       65.94       34.06       1.674000    0.015300    0.92        62.60       37.40       1.887700    -0.032900   -1.71       65.37       34.63
2026-05-06 04:10:00 UTCNOTUSDT     0.000604      54.07     7654        9656486414.00000017644085.0000000.18        1.934300    -0.001700   -0.09       65.92       34.08       1.731700    0.057700    3.45        63.39       36.61       1.889300    0.001600    0.08        65.39       34.61
2026-05-06 04:15:00 UTCNOTUSDT     0.000592      46.92     11743       9720824686.00000064338272.0000000.67        1.925700    -0.008600   -0.44       65.82       34.18       1.736600    0.004900    0.28        63.46       36.54       1.885200    -0.004100   -0.22       65.34       34.66
2026-05-06 04:20:00 UTCNOTUSDT     0.000595      48.77     7794        9611717650.000000-109107036.000000-1.12       2.026600    0.100900    5.24        66.96       33.04       1.757900    0.021300    1.23        63.74       36.26       1.951600    0.066400    3.52        66.12       33.88
2026-05-06 04:25:00 UTCNOTUSDT     0.000602      52.94     6920        9606246635.000000-5471015.000000-0.06       2.013900    -0.012700   -0.63       66.82       33.18       1.754100    -0.003800   -0.22       63.69       36.31       1.935100    -0.016500   -0.85       65.93       34.07
2026-05-06 04:30:00 UTCNOTUSDT     0.000593      47.68     7120        9651364286.00000045117651.0000000.47        1.971800    -0.042100   -2.09       66.35       33.65       1.755000    0.000900    0.05        63.70       36.30       1.888500    -0.046600   -2.41       65.38       34.62
2026-05-06 04:35:00 UTCNOTUSDT     0.000584      43.16     9203        9563778375.000000-87585911.000000-0.91       1.973500    0.001700    0.09        66.37       33.63       1.763800    0.008800    0.50        63.82       36.18       1.893500    0.005000    0.26        65.44       34.56
2026-05-06 04:40:00 UTCNOTUSDT     0.000581      41.60     4726        9520435823.000000-43342552.000000-0.45       2.054400    0.080900    4.10        67.26       32.74       1.784600    0.020800    1.18        64.09       35.91       1.988600    0.095100    5.02        66.54       33.46
2026-05-06 04:45:00 UTCNOTUSDT     0.000584      43.72     7165        9527021410.0000006585587.0000000.07        2.061800    0.007400    0.36        67.34       32.66       1.792900    0.008300    0.47        64.20       35.80       1.966500    -0.022100   -1.11       66.29       33.71
2026-05-06 04:50:00 UTCNOTUSDT     0.000577      40.59     5640        9503751603.000000-23269807.000000-0.24       2.026600    -0.035200   -1.71       66.96       33.04       1.799000    0.006100    0.34        64.27       35.73       1.922300    -0.044200   -2.25       65.78       34.22
2026-05-06 04:55:00 UTCNOTUSDT     0.000574      39.11     4355        9502033803.000000-1717800.000000-0.02       2.045100    0.018500    0.91        67.16       32.84       1.808800    0.009800    0.54        64.40       35.60       1.939400    0.017100    0.89        65.98       34.02
2026-05-06 05:00:00 UTCNOTUSDT     0.000569      36.74     7162        9440066408.000000-61967395.000000-0.65       2.075000    0.029900    1.46        67.48       32.52       1.808600    -0.000200   -0.01       64.40       35.60       1.962100    0.022700    1.17        66.24       33.76
2026-05-06 05:05:00 UTCNOTUSDT     0.000565      34.86     6577        9450873324.00000010806916.0000000.11        2.087400    0.012400    0.60        67.61       32.39       1.820600    0.012000    0.66        64.55       35.45       1.951600    -0.010500   -0.54       66.12       33.88
2026-05-06 05:10:00 UTCNOTUSDT     0.000566      35.78     5362        9340637649.000000-110235675.000000-1.17       2.086400    -0.001000   -0.05       67.60       32.40       1.796600    -0.024000   -1.32       64.24       35.76       1.936000    -0.015600   -0.80       65.94       34.06
2026-05-06 05:15:00 UTCNOTUSDT     0.000569      38.03     3612        9342970336.0000002332687.0000000.02        2.109500    0.023100    1.11        67.84       32.16       1.799500    0.002900    0.16        64.28       35.72       1.957700    0.021700    1.12        66.19       33.81
2026-05-06 05:20:00 UTCNOTUSDT     0.000575      43.13     3876        9332048234.000000-10922102.000000-0.12       2.068400    -0.041100   -1.95       67.41       32.59       1.796300    -0.003200   -0.18       64.24       35.76       1.896900    -0.060800   -3.11       65.48       34.52
2026-05-06 05:25:00 UTCNOTUSDT     0.000566      38.07     3033        9336225780.0000004177546.0000000.04        2.062800    -0.005600   -0.27       67.35       32.65       1.790600    -0.005700   -0.32       64.16       35.84       1.916300    0.019400    1.02        65.71       34.29
2026-05-06 05:30:00 UTCNOTUSDT     0.000567      38.90     5574        9307467330.000000-28758450.000000-0.31       2.092100    0.029300    1.42        67.66       32.34       1.796600    0.006000    0.34        64.24       35.76       1.937700    0.021400    1.12        65.96       34.04
2026-05-06 05:35:00 UTCNOTUSDT     0.000558      34.51     8054        9276268142.000000-31199188.000000-0.34       2.097900    0.005800    0.28        67.72       32.28       1.797300    0.000700    0.04        64.25       35.75       1.922300    -0.015400   -0.79       65.78       34.22
2026-05-06 05:40:00 UTCNOTUSDT     0.000560      36.69     6210        9079877181.000000-196390961.000000-2.12       2.173600    0.075700    3.61        68.49       31.51       1.796900    -0.000400   -0.02       64.25       35.75       2.003900    0.081600    4.24        66.71       33.29
2026-05-06 05:45:00 UTCNOTUSDT     0.000544      29.60     10972       9067301538.000000-12575643.000000-0.14       2.103700    -0.069900   -3.22       67.78       32.22       1.772400    -0.024500   -1.36       63.93       36.07       1.925700    -0.078200   -3.90       65.82       34.18
2026-05-06 05:50:00 UTCNOTUSDT     0.000545      30.38     10266       8980005829.000000-87295709.000000-0.96       2.207200    0.103500    4.92        68.82       31.18       1.784700    0.012300    0.69        64.09       35.91       2.037700    0.112000    5.82        67.08       32.92
2026-05-06 05:55:00 UTCNOTUSDT     0.000541      29.18     3923        8812491261.000000-167514568.000000-1.87       2.198000    -0.009200   -0.42       68.73       31.27       1.733700    -0.051000   -2.86       63.42       36.58       2.009300    -0.028400   -1.39       66.77       33.23
2026-05-06 06:00:00 UTCNOTUSDT     0.000543      30.70     4830        8812701928.000000210667.000000 0.00        2.180700    -0.017300   -0.79       68.56       31.44       1.748100    0.014400    0.83        63.61       36.39       1.959500    -0.049800   -2.48       66.21       33.79
2026-05-06 06:05:00 UTCNOTUSDT     0.000541      29.71     6083        8814409684.0000001707756.0000000.02        2.190800    0.010100    0.46        68.66       31.34       1.745300    -0.002800   -0.16       63.57       36.43       1.963800    0.004300    0.22        66.26       33.74
2026-05-06 06:10:00 UTCNOTUSDT     0.000544      32.85     3622        8806450553.000000-7959131.000000-0.09       2.150600    -0.040200   -1.83       68.26       31.74       1.749200    0.003900    0.22        63.63       36.37       1.920600    -0.043200   -2.20       65.76       34.24
2026-05-06 06:15:00 UTCNOTUSDT     0.000546      34.58     3489        8794094979.000000-12355574.000000-0.14       2.150600    0.000000    0.00        68.26       31.74       1.759200    0.010000    0.57        63.76       36.24       1.910400    -0.010200   -0.53       65.64       34.36
2026-05-06 06:20:00 UTCNOTUSDT     0.000543      33.17     3200        8832842756.00000038747777.0000000.44        2.165600    0.015000    0.70        68.41       31.59       1.759400    0.000200    0.01        63.76       36.24       1.930000    0.019600    1.03        65.87       34.13
2026-05-06 06:25:00 UTCNOTUSDT     0.000551      40.84     3710        8816863042.000000-15979714.000000-0.18       2.174600    0.009000    0.42        68.50       31.50       1.764400    0.005000    0.28        63.83       36.17       1.937700    0.007700    0.40        65.96       34.04
2026-05-06 06:30:00 UTCNOTUSDT     0.000548      38.85     4261        8850258619.00000033395577.0000000.38        2.159600    -0.015000   -0.69       68.35       31.65       1.761200    -0.003200   -0.18       63.78       36.22       1.944600    0.006900    0.36        66.04       33.96
2026-05-06 06:35:00 UTCNOTUSDT     0.000545      37.25     3911        8966356565.000000116097946.0000001.31        2.185700    0.026100    1.21        68.61       31.39       1.782400    0.021200    1.20        64.06       35.94       1.990400    0.045800    2.36        66.56       33.44
2026-05-06 06:40:00 UTCNOTUSDT     0.000549      40.87     2642        9002334658.00000035978093.0000000.40        2.202000    0.016300    0.75        68.77       31.23       1.801000    0.018600    1.04        64.30       35.70       2.013000    0.022600    1.14        66.81       33.19
2026-05-06 06:45:00 UTCNOTUSDT     0.000535      33.25     8942        9008754838.0000006420180.0000000.07        2.213400    0.011400    0.52        68.88       31.12       1.805500    0.004500    0.25        64.36       35.64       2.015700    0.002700    0.13        66.84       33.16
2026-05-06 06:50:00 UTCNOTUSDT     0.000534      32.80     5785        8793650242.000000-215104596.000000-2.39       2.276500    0.063100    2.85        69.48       30.52       1.801200    -0.004300   -0.24       64.30       35.70       2.079800    0.064100    3.18        67.53       32.47
2026-05-06 06:55:00 UTCNOTUSDT     0.000532      31.78     3106        8774950914.000000-18699328.000000-0.21       2.262600    -0.013900   -0.61       69.35       30.65       1.760100    -0.041100   -2.28       63.77       36.23       2.072200    -0.007600   -0.37       67.45       32.55
2026-05-06 07:00:00 UTCNOTUSDT     0.000535      34.42     4501        8735220704.000000-39730210.000000-0.45       2.262600    0.000000    0.00        69.35       30.65       1.746600    -0.013500   -0.77       63.59       36.41       2.077900    0.005700    0.28        67.51       32.49
2026-05-06 07:05:00 UTCNOTUSDT     0.000536      35.53     3873        8742926940.0000007706236.0000000.09        2.288400    0.025800    1.14        69.59       30.41       1.719800    -0.026800   -1.53       63.23       36.77       2.095000    0.017100    0.82        67.69       32.31
2026-05-06 07:10:00 UTCNOTUSDT     0.000536      35.89     3177        8693727032.000000-49199908.000000-0.56       2.284100    -0.004300   -0.19       69.55       30.45       1.724100    0.004300    0.25        63.29       36.71       2.069400    -0.025600   -1.22       67.42       32.58
2026-05-06 07:15:00 UTCNOTUSDT     0.000534      34.73     2218        8675927808.000000-17799224.000000-0.20       2.281900    -0.002200   -0.10       69.53       30.47       1.738500    0.014400    0.84        63.48       36.52       2.074100    0.004700    0.23        67.47       32.53
2026-05-06 07:20:00 UTCNOTUSDT     0.000534      34.45     5797        8673104736.000000-2823072.000000-0.03       2.280800    -0.001100   -0.05       69.52       30.48       1.746000    0.007500    0.43        63.58       36.42       2.076900    0.002800    0.13        67.50       32.50
2026-05-06 07:25:00 UTCNOTUSDT     0.000532      33.28     2218        8585064022.000000-88040714.000000-1.02       2.291600    0.010800    0.47        69.62       30.38       1.714500    -0.031500   -1.80       63.16       36.84       2.106600    0.029700    1.43        67.81       32.19
2026-05-06 07:30:00 UTCNOTUSDT     0.000535      37.54     1646        8567465611.000000-17598411.000000-0.20       2.259500    -0.032100   -1.40       69.32       30.68       1.717500    0.003000    0.17        63.20       36.80       2.017500    -0.089100   -4.23       66.86       33.14
2026-05-06 07:35:00 UTCNOTUSDT     0.000536      38.53     1854        8549394504.000000-18071107.000000-0.21       2.261600    0.002100    0.09        69.34       30.66       1.718900    0.001400    0.08        63.22       36.78       2.017500    0.000000    0.00        66.86       33.14
2026-05-06 07:40:00 UTCNOTUSDT     0.000537      40.55     1532        8542889668.000000-6504836.000000-0.08       2.249900    -0.011700   -0.52       69.23       30.77       1.723000    0.004100    0.24        63.28       36.72       2.005700    -0.011800   -0.58       66.73       33.27
2026-05-06 07:45:00 UTCNOTUSDT     0.000540      44.09     1887        8606940578.00000064050910.0000000.75        2.237300    -0.012600   -0.56       69.11       30.89       1.737300    0.014300    0.83        63.47       36.53       2.008400    0.002700    0.13        66.76       33.24
2026-05-06 07:50:00 UTCNOTUSDT     0.000537      41.44     2081        8635112686.00000028172108.0000000.33        2.215400    -0.021900   -0.98       68.90       31.10       1.741100    0.003800    0.22        63.52       36.48       1.984200    -0.024200   -1.20       66.49       33.51
2026-05-06 07:55:00 UTCNOTUSDT     0.000542      47.56     2739        8581200146.000000-53912540.000000-0.62       2.215400    0.000000    0.00        68.90       31.10       1.730800    -0.010300   -0.59       63.38       36.62       2.002100    0.017900    0.90        66.69       33.31
2026-05-06 08:00:00 UTCNOTUSDT     0.000544      50.41     3032        8509245457.000000-71954689.000000-0.84       2.202000    -0.013400   -0.60       68.77       31.23       1.768200    0.037400    2.16        63.88       36.12       1.940300    -0.061800   -3.09       65.99       34.01
2026-05-06 08:05:00 UTCNOTUSDT     0.000545      51.65     2567        8472449764.000000-36795693.000000-0.43       2.202000    0.000000    0.00        68.77       31.23       1.780200    0.012000    0.68        64.03       35.97       1.940300    0.000000    0.00        65.99       34.01
2026-05-06 08:10:00 UTCNOTUSDT     0.000545      51.37     1926        8523936656.00000051486892.0000000.61        2.187800    -0.014200   -0.64       68.63       31.37       1.791100    0.010900    0.61        64.17       35.83       1.944600    0.004300    0.22        66.04       33.96
2026-05-06 08:15:00 UTCNOTUSDT     0.000544      49.39     2472        8544831081.00000020894425.0000000.25        2.195900    0.008100    0.37        68.71       31.29       1.799200    0.008100    0.45        64.28       35.72       1.957700    0.013100    0.67        66.19       33.81
2026-05-06 08:20:00 UTCNOTUSDT     0.000547      54.15     2713        8542868967.000000-1962114.000000-0.02       2.200000    0.004100    0.19        68.75       31.25       1.801300    0.002100    0.12        64.30       35.70       1.978900    0.021200    1.08        66.43       33.57
2026-05-06 08:25:00 UTCNOTUSDT     0.000547      53.69     2321        8577906532.00000035037565.0000000.41        2.191800    -0.008200   -0.37       68.67       31.33       1.813900    0.012600    0.70        64.46       35.54       1.939400    -0.039500   -2.00       65.98       34.02
2026-05-06 08:30:00 UTCNOTUSDT     0.000546      52.08     4670        8591520844.00000013614312.0000000.16        2.193900    0.002100    0.10        68.69       31.31       1.814900    0.001000    0.06        64.47       35.53       1.964700    0.025300    1.30        66.27       33.73
2026-05-06 08:35:00 UTCNOTUSDT     0.000551      58.85     2790        8592937988.0000001417144.0000000.02        2.166600    -0.027300   -1.24       68.42       31.58       1.803600    -0.011300   -0.62       64.33       35.67       1.965600    0.000900    0.05        66.28       33.72
2026-05-06 08:40:00 UTCNOTUSDT     0.000553      61.82     2622        8662215060.00000069277072.0000000.81        2.127000    -0.039600   -1.83       68.02       31.98       1.809400    0.005800    0.32        64.41       35.59       1.925700    -0.039900   -2.03       65.82       34.18
2026-05-06 08:45:00 UTCNOTUSDT     0.000554      62.16     3311        8720589657.00000058374597.0000000.67        2.137700    0.010700    0.50        68.13       31.87       1.813800    0.004400    0.24        64.46       35.54       1.938600    0.012900    0.67        65.97       34.03
2026-05-06 08:50:00 UTCNOTUSDT     0.000553      60.80     4101        8725041598.0000004451941.0000000.05        2.119200    -0.018500   -0.87       67.94       32.06       1.822500    0.008700    0.48        64.57       35.43       1.925700    -0.012900   -0.67       65.82       34.18
2026-05-06 08:55:00 UTCNOTUSDT     0.000549      53.29     3447        8712562602.000000-12478996.000000-0.14       2.114300    -0.004900   -0.23       67.89       32.11       1.819100    -0.003400   -0.19       64.53       35.47       1.916300    -0.009400   -0.49       65.71       34.29
2026-05-06 09:00:00 UTCNOTUSDT     0.000545      47.84     5389        8751610059.00000039047457.0000000.45        2.121100    0.006800    0.32        67.96       32.04       1.836000    0.016900    0.93        64.74       35.26       1.929100    0.012800    0.67        65.86       34.14
2026-05-06 09:05:00 UTCNOTUSDT     0.000547      50.13     2085        8695266758.000000-56343301.000000-0.64       2.180700    0.059600    2.81        68.56       31.44       1.817200    -0.018800   -1.02       64.50       35.50       2.049700    0.120600    6.25        67.21       32.79
2026-05-06 09:10:00 UTCNOTUSDT     0.000549      53.77     1446        8661666795.000000-33599963.000000-0.39       2.147600    -0.033100   -1.52       68.23       31.77       1.801900    -0.015300   -0.84       64.31       35.69       2.019300    -0.030400   -1.48       66.88       33.12
2026-05-06 09:15:00 UTCNOTUSDT     0.000552      57.64     1651        8690779630.00000029112835.0000000.34        2.125000    -0.022600   -1.05       68.00       32.00       1.801000    -0.000900   -0.05       64.30       35.70       1.988600    -0.030700   -1.52       66.54       33.46
2026-05-06 09:20:00 UTCNOTUSDT     0.000550      54.43     1711        8701851133.00000011071503.0000000.13        2.115300    -0.009700   -0.46       67.90       32.10       1.795500    -0.005500   -0.31       64.23       35.77       1.990400    0.001800    0.09        66.56       33.44
2026-05-06 09:25:00 UTCNOTUSDT     0.000552      57.13     2085        8686206271.000000-15644862.000000-0.18       2.121100    0.005800    0.27        67.96       32.04       1.786600    -0.008900   -0.50       64.11       35.89       2.000300    0.009900    0.50        66.67       33.33
2026-05-06 09:30:00 UTCNOTUSDT     0.000552      57.27     2513        8726352146.00000040145875.0000000.46        2.103700    -0.017400   -0.82       67.78       32.22       1.789200    0.002600    0.15        64.15       35.85       1.986000    -0.014300   -0.71       66.51       33.49
2026-05-06 09:35:00 UTCNOTUSDT     0.000552      55.93     2420        8752701324.00000026349178.0000000.30        2.089300    -0.014400   -0.68       67.63       32.37       1.795900    0.006700    0.37        64.23       35.77       1.978000    -0.008000   -0.40       66.42       33.58
2026-05-06 09:40:00 UTCNOTUSDT     0.000551      54.16     2271        8741512229.000000-11189095.000000-0.13       2.108500    0.019200    0.92        67.83       32.17       1.793700    -0.002200   -0.12       64.21       35.79       1.994900    0.016900    0.85        66.61       33.39
2026-05-06 09:45:00 UTCNOTUSDT     0.000546      46.31     3553        8780640077.00000039127848.0000000.45        2.098900    -0.009600   -0.46       67.73       32.27       1.800700    0.007000    0.39        64.30       35.70       1.988600    -0.006300   -0.32       66.54       33.46
2026-05-06 09:50:00 UTCNOTUSDT     0.000546      45.68     1342        8766967562.000000-13672515.000000-0.16       2.122100    0.023200    1.11        67.97       32.03       1.825300    0.024600    1.37        64.61       35.39       2.025700    0.037100    1.87        66.95       33.05
2026-05-06 09:55:00 UTCNOTUSDT     0.000545      43.90     2632        8748976132.000000-17991430.000000-0.21       2.114300    -0.007800   -0.37       67.89       32.11       1.824400    -0.000900   -0.05       64.59       35.41       2.010200    -0.015500   -0.77       66.78       33.22
2026-05-06 10:00:00 UTCNOTUSDT     0.000543      40.94     2369        8690530629.000000-58445503.000000-0.67       2.123000    0.008700    0.41        67.98       32.02       1.825000    0.000600    0.03        64.60       35.40       2.010200    0.000000    0.00        66.78       33.22
2026-05-06 10:05:00 UTCNOTUSDT     0.000542      39.43     2328        8583946948.000000-106583681.000000-1.23       2.119200    -0.003800   -0.18       67.94       32.06       1.789300    -0.035700   -1.96       64.15       35.85       2.008400    -0.001800   -0.09       66.76       33.24
2026-05-06 10:10:00 UTCNOTUSDT     0.000542      39.90     1500        8561312832.000000-22634116.000000-0.26       2.127900    0.008700    0.41        68.03       31.97       1.780300    -0.009000   -0.50       64.03       35.97       2.017500    0.009100    0.45        66.86       33.14
2026-05-06 10:15:00 UTCNOTUSDT     0.000547      50.59     1912        8546632691.000000-14680141.000000-0.17       2.096000    -0.031900   -1.50       67.70       32.30       1.781500    0.001200    0.07        64.05       35.95       1.984200    -0.033300   -1.65       66.49       33.51
2026-05-06 10:20:00 UTCNOTUSDT     0.000545      47.06     1683        8526018306.000000-20614385.000000-0.24       2.085500    -0.010500   -0.50       67.59       32.41       1.795200    0.013700    0.77        64.22       35.78       1.957700    -0.026500   -1.34       66.19       33.81
2026-05-06 10:25:00 UTCNOTUSDT     0.000547      49.53     1380        8567905382.00000041887076.0000000.49        2.046000    -0.039500   -1.89       67.17       32.83       1.783300    -0.011900   -0.66       64.07       35.93       1.928300    -0.029400   -1.50       65.85       34.15
2026-05-06 10:30:00 UTCNOTUSDT     0.000545      47.16     1955        8574746010.0000006840628.0000000.08        2.043200    -0.002800   -0.14       67.14       32.86       1.797600    0.014300    0.80        64.26       35.74       1.911200    -0.017100   -0.89       65.65       34.35
2026-05-06 10:35:00 UTCNOTUSDT     0.000549      54.07     3040        8626576532.00000051830522.0000000.60        2.031200    -0.012000   -0.59       67.01       32.99       1.787000    -0.010600   -0.59       64.12       35.88       1.912100    0.000900    0.05        65.66       34.34
2026-05-06 10:40:00 UTCNOTUSDT     0.000551      57.83     2471        8636235058.0000009658526.0000000.11        1.996700    -0.034500   -1.70       66.63       33.37       1.783900    -0.003100   -0.17       64.08       35.92       1.849000    -0.063100   -3.30       64.90       35.10
2026-05-06 10:45:00 UTCNOTUSDT     0.000550      54.81     2569        8692786341.00000056551283.0000000.65        1.978900    -0.017800   -0.89       66.43       33.57       1.797100    0.013200    0.74        64.25       35.75       1.842500    -0.006500   -0.35       64.82       35.18
2026-05-06 10:50:00 UTCNOTUSDT     0.000556      63.21     3531        8675962497.000000-16823844.000000-0.19       1.968200    -0.010700   -0.54       66.31       33.69       1.804200    0.007100    0.40        64.34       35.66       1.835300    -0.007200   -0.39       64.73       35.27
2026-05-06 10:55:00 UTCNOTUSDT     0.000557      63.81     2834        8765953091.00000089990594.0000001.04        1.933400    -0.034800   -1.77       65.91       34.09       1.809700    0.005500    0.30        64.41       35.59       1.795600    -0.039700   -2.16       64.23       35.77
2026-05-06 11:00:00 UTCNOTUSDT     0.000556      62.72     3205        8784715801.00000018762710.0000000.21        1.925700    -0.007700   -0.40       65.82       34.18       1.820500    0.010800    0.60        64.55       35.45       1.795600    0.000000    0.00        64.23       35.77
2026-05-06 11:05:00 UTCNOTUSDT     0.000567      73.39     6550        8784171841.000000-543960.000000-0.01       1.946400    0.020700    1.07        66.06       33.94       1.825100    0.004600    0.25        64.60       35.40       1.820900    0.025300    1.41        64.55       35.45
2026-05-06 11:10:00 UTCNOTUSDT     0.000561      62.14     5202        8993808319.000000209636478.0000002.39        1.891800    -0.054600   -2.81       65.42       34.58       1.824900    -0.000200   -0.01       64.60       35.40       1.777800    -0.043100   -2.37       64.00       36.00
2026-05-06 11:15:00 UTCNOTUSDT     0.000560      60.88     3539        8970778770.000000-23029549.000000-0.26       1.936900    0.045100    2.38        65.95       34.05       1.824200    -0.000700   -0.04       64.59       35.41       1.840900    0.063100    3.55        64.80       35.20
2026-05-06 11:20:00 UTCNOTUSDT     0.000565      66.06     2717        8963122577.000000-7656193.000000-0.09       1.918900    -0.018000   -0.93       65.74       34.26       1.818100    -0.006100   -0.33       64.51       35.49       1.812100    -0.028800   -1.56       64.44       35.56
2026-05-06 11:25:00 UTCNOTUSDT     0.000566      66.40     2008        8974478915.00000011356338.0000000.13        1.915500    -0.003400   -0.18       65.70       34.30       1.807300    -0.010800   -0.59       64.38       35.62       1.803500    -0.008600   -0.47       64.33       35.67
2026-05-06 11:30:00 UTCNOTUSDT     0.000564      62.98     2329        8979301012.0000004822097.0000000.05        1.911200    -0.004300   -0.22       65.65       34.35       1.813900    0.006600    0.37        64.46       35.54       1.798000    -0.005500   -0.30       64.26       35.74
2026-05-06 11:35:00 UTCNOTUSDT     0.000561      57.86     2476        8962276003.000000-17025009.000000-0.19       1.927400    0.016200    0.85        65.84       34.16       1.819500    0.005600    0.31        64.53       35.47       1.816100    0.018100    1.01        64.49       35.51
2026-05-06 11:40:00 UTCNOTUSDT     0.000551      45.61     5859        8927452837.000000-34823166.000000-0.39       1.936000    0.008600    0.45        65.94       34.06       1.815300    -0.004200   -0.23       64.48       35.52       1.829700    0.013600    0.75        64.66       35.34
2026-05-06 11:45:00 UTCNOTUSDT     0.000549      43.78     2663        8653927455.000000-273525382.000000-3.06       2.031200    0.095200    4.92        67.01       32.99       1.809600    -0.005700   -0.31       64.41       35.59       1.943800    0.114100    6.24        66.03       33.97
2026-05-06 11:50:00 UTCNOTUSDT     0.000551      46.96     1692        8658646356.0000004718901.0000000.05        2.033100    0.001900    0.09        67.03       32.97       1.797400    -0.012200   -0.67       64.25       35.75       1.942900    -0.000900   -0.05       66.02       33.98
2026-05-06 11:55:00 UTCNOTUSDT     0.000551      46.51     1374        8655113239.000000-3533117.000000-0.04       2.031200    -0.001900   -0.09       67.01       32.99       1.786700    -0.010700   -0.60       64.11       35.89       1.929100    -0.013800   -0.71       65.86       34.14
2026-05-06 12:00:00 UTCNOTUSDT     0.000551      46.79     2188        8640699895.000000-14413344.000000-0.17       2.033100    0.001900    0.09        67.03       32.97       1.785200    -0.001500   -0.08       64.10       35.90       1.933400    0.004300    0.22        65.91       34.09
2026-05-06 12:05:00 UTCNOTUSDT     0.000548      42.73     3258        8629936890.000000-10763005.000000-0.12       2.023000    -0.010100   -0.50       66.92       33.08       1.779300    -0.005900   -0.33       64.02       35.98       1.926500    -0.006900   -0.36       65.83       34.17
2026-05-06 12:10:00 UTCNOTUSDT     0.000549      43.96     2099        8582849699.000000-47087191.000000-0.55       2.034900    0.011900    0.59        67.05       32.95       1.761800    -0.017500   -0.98       63.79       36.21       1.956800    0.030300    1.57        66.18       33.82
2026-05-06 12:15:00 UTCNOTUSDT     0.000553      49.90     1845        8554162835.000000-28686864.000000-0.33       2.019300    -0.015600   -0.77       66.88       33.12       1.761100    -0.000700   -0.04       63.78       36.22       1.939400    -0.017400   -0.89       65.98       34.02
2026-05-06 12:20:00 UTCNOTUSDT     0.000552      49.49     1972        8545965114.000000-8197721.000000-0.10       2.014800    -0.004500   -0.22       66.83       33.17       1.758700    -0.002400   -0.14       63.75       36.25       1.930800    -0.008600   -0.44       65.88       34.12
2026-05-06 12:25:00 UTCNOTUSDT     0.000557      55.34     2254        8542955511.000000-3009603.000000-0.04       1.991300    -0.023500   -1.17       66.57       33.43       1.776300    0.017600    1.00        63.98       36.02       1.911200    -0.019600   -1.02       65.65       34.35
2026-05-06 12:30:00 UTCNOTUSDT     0.000552      48.71     1830        8580334137.00000037378626.0000000.44        1.978000    -0.013300   -0.67       66.42       33.58       1.775300    -0.001000   -0.06       63.97       36.03       1.906100    -0.005100   -0.27       65.59       34.41
2026-05-06 12:35:00 UTCNOTUSDT     0.000557      54.78     2329        8601636569.00000021302432.0000000.25        1.959500    -0.018500   -0.94       66.21       33.79       1.784200    0.008900    0.50        64.08       35.92       1.891800    -0.014300   -0.75       65.42       34.58
2026-05-06 12:40:00 UTCNOTUSDT     0.000557      54.51     1598        8576713803.000000-24922766.000000-0.29       1.968200    0.008700    0.44        66.31       33.69       1.777100    -0.007100   -0.40       63.99       36.01       1.882700    -0.009100   -0.48       65.31       34.69
2026-05-06 12:45:00 UTCNOTUSDT     0.000563      60.73     2268        8589119246.00000012405443.0000000.14        1.956800    -0.011400   -0.58       66.18       33.82       1.773400    -0.003700   -0.21       63.94       36.06       1.882700    0.000000    0.00        65.31       34.69
2026-05-06 12:50:00 UTCNOTUSDT     0.000569      66.29     3345        8615011826.00000025892580.0000000.30        1.958600    0.001800    0.09        66.20       33.80       1.768500    -0.004900   -0.28       63.88       36.12       1.875200    -0.007500   -0.40       65.22       34.78
2026-05-06 12:55:00 UTCNOTUSDT     0.000565      60.99     4848        8667673822.00000052661996.0000000.61        1.943800    -0.014800   -0.76       66.03       33.97       1.781200    0.012700    0.72        64.04       35.96       1.862000    -0.013200   -0.70       65.06       34.94
2026-05-06 13:00:00 UTCNOTUSDT     0.000567      62.05     4917        8738958912.00000071285090.0000000.82        2.076000    0.132200    6.80        67.49       32.51       1.785200    0.004000    0.22        64.10       35.90       1.955100    0.093100    5.00        66.16       33.84
2026-05-06 13:05:00 UTCNOTUSDT     0.000559      52.68     5773        8811159705.00000072200793.0000000.83        2.076900    0.000900    0.04        67.50       32.50       1.771200    -0.014000   -0.78       63.92       36.08       1.970900    0.015800    0.81        66.34       33.66
2026-05-06 13:10:00 UTCNOTUSDT     0.000564      57.17     3294        8651667074.000000-159492631.000000-1.81       2.084500    0.007600    0.37        67.58       32.42       1.778200    0.007000    0.40        64.01       35.99       2.011100    0.040200    2.04        66.79       33.21
2026-05-06 13:15:00 UTCNOTUSDT     0.000563      56.55     3971        8678981841.00000027314767.0000000.32        2.098900    0.014400    0.69        67.73       32.27       1.786600    0.008400    0.47        64.11       35.89       1.999400    -0.011700   -0.58       66.66       33.34
2026-05-06 13:20:00 UTCNOTUSDT     0.000562      54.05     4669        8735810266.00000056828425.0000000.65        2.080700    -0.018200   -0.87       67.54       32.46       1.784000    -0.002600   -0.15       64.08       35.92       1.991300    -0.008100   -0.41       66.57       33.43
2026-05-06 13:25:00 UTCNOTUSDT     0.000565      57.21     3365        8727658559.000000-8151707.000000-0.09       2.044100    -0.036600   -1.76       67.15       32.85       1.772500    -0.011500   -0.64       63.93       36.07       1.959500    -0.031800   -1.60       66.21       33.79
2026-05-06 13:30:00 UTCNOTUSDT     0.000573      64.15     5401        8716876662.000000-10781897.000000-0.12       2.044100    0.000000    0.00        67.15       32.85       1.771400    -0.001100   -0.06       63.92       36.08       1.958600    -0.000900   -0.05       66.20       33.80
2026-05-06 13:35:00 UTCNOTUSDT     0.000575      65.77     10535       8839564838.000000122688176.0000001.41        1.995800    -0.048300   -2.36       66.62       33.38       1.764200    -0.007200   -0.41       63.82       36.18       1.898600    -0.060000   -3.06       65.50       34.50
2026-05-06 13:40:00 UTCNOTUSDT     0.000577      67.29     10740       9086136680.000000246571842.0000002.79        1.966500    -0.029300   -1.47       66.29       33.71       1.746800    -0.017400   -0.99       63.59       36.41       1.866200    -0.032400   -1.71       65.11       34.89
2026-05-06 13:45:00 UTCNOTUSDT     0.000556      45.79     13112       9281692403.000000195555723.0000002.15        1.984200    0.017700    0.90        66.49       33.51       1.733500    -0.013300   -0.76       63.42       36.58       1.919700    0.053500    2.87        65.75       34.25
2026-05-06 13:50:00 UTCNOTUSDT     0.000540      36.08     19620       9175263262.000000-106429141.000000-1.15       2.034900    0.050700    2.56        67.05       32.95       1.762400    0.028900    1.67        63.80       36.20       1.979700    0.060000    3.13        66.44       33.56
2026-05-06 13:55:00 UTCNOTUSDT     0.000539      35.58     6547        8718750725.000000-456512537.000000-4.98       2.135800    0.100900    4.96        68.11       31.89       1.726500    -0.035900   -2.04       63.32       36.68       2.065600    0.085900    4.34        67.38       32.62
2026-05-06 14:00:00 UTCNOTUSDT     0.000539      35.36     7257        8725362805.0000006612080.0000000.08        2.115300    -0.020500   -0.96       67.90       32.10       1.727900    0.001400    0.08        63.34       36.66       2.052500    -0.013100   -0.63       67.24       32.76
2026-05-06 14:05:00 UTCNOTUSDT     0.000522      27.69     16510       8606747764.000000-118615041.000000-1.36       2.083600    -0.031700   -1.50       67.57       32.43       1.687900    -0.040000   -2.31       62.80       37.20       2.015700    -0.036800   -1.79       66.84       33.16
2026-05-06 14:10:00 UTCNOTUSDT     0.000528      33.05     5725        8313373587.000000-293374177.000000-3.41       2.136800    0.053200    2.55        68.12       31.88       1.678600    -0.009300   -0.55       62.67       37.33       2.032100    0.016400    0.81        67.02       32.98
2026-05-06 14:15:00 UTCNOTUSDT     0.000529      33.95     3816        8280761542.000000-32612045.000000-0.39       2.096000    -0.040800   -1.91       67.70       32.30       1.645200    -0.033400   -1.99       62.20       37.80       1.999400    -0.032700   -1.61       66.66       33.34
2026-05-06 14:20:00 UTCNOTUSDT     0.000532      36.68     6004        8267982567.000000-12778975.000000-0.15       2.087400    -0.008600   -0.41       67.61       32.39       1.654500    0.009300    0.57        62.33       37.67       1.987800    -0.011600   -0.58       66.53       33.47
2026-05-06 14:25:00 UTCNOTUSDT     0.000534      39.21     2454        8209575556.000000-58407011.000000-0.71       2.074100    -0.013300   -0.64       67.47       32.53       1.646100    -0.008400   -0.51       62.21       37.79       1.937700    -0.050100   -2.52       65.96       34.04
2026-05-06 14:30:00 UTCNOTUSDT     0.000540      44.19     2201        8185994058.000000-23581498.000000-0.29       2.073100    -0.001000   -0.05       67.46       32.54       1.640700    -0.005400   -0.33       62.13       37.87       1.949000    0.011300    0.58        66.09       33.91
2026-05-06 14:35:00 UTCNOTUSDT     0.000533      39.78     3858        8172107948.000000-13886110.000000-0.17       2.062800    -0.010300   -0.50       67.35       32.65       1.628600    -0.012100   -0.74       61.96       38.04       1.940300    -0.008700   -0.45       65.99       34.01
2026-05-06 14:40:00 UTCNOTUSDT     0.000533      39.66     1521        8103362788.000000-68745160.000000-0.84       2.101700    0.038900    1.89        67.76       32.24       1.619900    -0.008700   -0.53       61.83       38.17       1.968200    0.027900    1.44        66.31       33.69
2026-05-06 14:45:00 UTCNOTUSDT     0.000533      40.04     2299        8092609300.000000-10753488.000000-0.13       2.111400    0.009700    0.46        67.86       32.14       1.617200    -0.002700   -0.17       61.79       38.21       1.976200    0.008000    0.41        66.40       33.60
2026-05-06 14:50:00 UTCNOTUSDT     0.000530      37.98     2169        8072798951.000000-19810349.000000-0.24       2.113300    0.001900    0.09        67.88       32.12       1.611000    -0.006200   -0.38       61.70       38.30       1.968200    -0.008000   -0.40       66.31       33.69
2026-05-06 14:55:00 UTCNOTUSDT     0.000528      37.02     2847        8076728011.0000003929060.0000000.05        2.100800    -0.012500   -0.59       67.75       32.25       1.608800    -0.002200   -0.14       61.67       38.33       1.944600    -0.023600   -1.20       66.04       33.96
2026-05-06 15:00:00 UTCNOTUSDT     0.000532      40.88     2293        7965709634.000000-111018377.000000-1.37       2.110400    0.009600    0.46        67.85       32.15       1.599500    -0.009300   -0.58       61.53       38.47       1.968200    0.023600    1.21        66.31       33.69
2026-05-06 15:05:00 UTCNOTUSDT     0.000530      39.58     1106        7914007561.000000-51702073.000000-0.65       2.071300    -0.039100   -1.85       67.44       32.56       1.604700    0.005200    0.33        61.61       38.39       1.932600    -0.035600   -1.81       65.90       34.10
2026-05-06 15:10:00 UTCNOTUSDT     0.000528      38.19     1736        7899637521.000000-14370040.000000-0.18       2.076000    0.004700    0.23        67.49       32.51       1.603400    -0.001300   -0.08       61.59       38.41       1.949900    0.017300    0.90        66.10       33.90
2026-05-06 15:15:00 UTCNOTUSDT     0.000532      42.42     1751        7853182226.000000-46455295.000000-0.59       2.098900    0.022900    1.10        67.73       32.27       1.597700    -0.005700   -0.36       61.50       38.50       1.963000    0.013100    0.67        66.25       33.75
2026-05-06 15:20:00 UTCNOTUSDT     0.000530      41.11     1180        7834759240.000000-18422986.000000-0.23       2.101700    0.002800    0.13        67.76       32.24       1.597000    -0.000700   -0.04       61.49       38.51       1.971800    0.008800    0.45        66.35       33.65
2026-05-06 15:25:00 UTCNOTUSDT     0.000527      38.70     1517        7807994398.000000-26764842.000000-0.34       2.109500    0.007800    0.37        67.84       32.16       1.599800    0.002800    0.18        61.54       38.46       1.977100    0.005300    0.27        66.41       33.59
2026-05-06 15:30:00 UTCNOTUSDT     0.000530      42.00     1880        7787418777.000000-20575621.000000-0.26       2.112400    0.002900    0.14        67.87       32.13       1.601600    0.001800    0.11        61.56       38.44       1.967400    -0.009700   -0.49       66.30       33.70
2026-05-06 15:35:00 UTCNOTUSDT     0.000532      44.84     1670        7729409034.000000-58009743.000000-0.74       2.090200    -0.022200   -1.05       67.64       32.36       1.617900    0.016300    1.02        61.80       38.20       1.910400    -0.057000   -2.90       65.64       34.36
2026-05-06 15:40:00 UTCNOTUSDT     0.000536      48.37     1865        7712755163.000000-16653871.000000-0.22       2.066500    -0.023700   -1.13       67.39       32.61       1.605100    -0.012800   -0.79       61.61       38.39       1.917200    0.006800    0.36        65.72       34.28
2026-05-06 15:45:00 UTCNOTUSDT     0.000536      48.71     1748        7708819743.000000-3935420.000000-0.05       2.066500    0.000000    0.00        67.39       32.61       1.585400    -0.019700   -1.23       61.32       38.68       1.912100    -0.005100   -0.27       65.66       34.34
2026-05-06 15:50:00 UTCNOTUSDT     0.000533      45.88     1344        7698697429.000000-10122314.000000-0.13       2.052500    -0.014000   -0.68       67.24       32.76       1.584600    -0.000800   -0.05       61.31       38.69       1.904400    -0.007700   -0.40       65.57       34.43
2026-05-06 15:55:00 UTCNOTUSDT     0.000536      48.72     1102        7669735044.000000-28962385.000000-0.38       2.053400    0.000900    0.04        67.25       32.75       1.575200    -0.009400   -0.59       61.17       38.83       1.908700    0.004300    0.23        65.62       34.38
2026-05-06 16:00:00 UTCNOTUSDT     0.000535      48.48     1776        7676272024.0000006536980.0000000.09        2.054400    0.001000    0.05        67.26       32.74       1.568000    -0.007200   -0.46       61.06       38.94       1.904400    -0.004300   -0.23       65.57       34.43
2026-05-06 16:05:00 UTCNOTUSDT     0.000543      56.97     2816        7675237334.000000-1034690.000000-0.01       2.035800    -0.018600   -0.91       67.06       32.94       1.567800    -0.000200   -0.01       61.06       38.94       1.882700    -0.021700   -1.14       65.31       34.69
2026-05-06 16:10:00 UTCNOTUSDT     0.000538      51.38     3034        7719834323.00000044596989.0000000.58        2.047900    0.012100    0.59        67.19       32.81       1.561300    -0.006500   -0.41       60.96       39.04       1.907800    0.025100    1.33        65.61       34.39
2026-05-06 16:15:00 UTCNOTUSDT     0.000537      49.56     1537        7683808242.000000-36026081.000000-0.47       2.060900    0.013000    0.63        67.33       32.67       1.558900    -0.002400   -0.15       60.92       39.08       1.926500    0.018700    0.98        65.83       34.17
2026-05-06 16:20:00 UTCNOTUSDT     0.000537      49.56     2209        7678445791.000000-5362451.000000-0.07       2.060900    0.000000    0.00        67.33       32.67       1.560200    0.001300    0.08        60.94       39.06       1.931700    0.005200    0.27        65.89       34.11
2026-05-06 16:25:00 UTCNOTUSDT     0.000537      49.81     2650        7663908600.000000-14537191.000000-0.19       2.052500    -0.008400   -0.41       67.24       32.76       1.564100    0.003900    0.25        61.00       39.00       1.912900    -0.018800   -0.97       65.67       34.33
2026-05-06 16:30:00 UTCNOTUSDT     0.000535      47.46     2196        7681674513.00000017765913.0000000.23        2.022100    -0.030400   -1.48       66.91       33.09       1.558700    -0.005400   -0.35       60.92       39.08       1.874400    -0.038500   -2.01       65.21       34.79
2026-05-06 16:35:00 UTCNOTUSDT     0.000539      52.56     2220        7684613963.0000002939450.0000000.04        2.035800    0.013700    0.68        67.06       32.94       1.551400    -0.007300   -0.47       60.81       39.19       1.867800    -0.006600   -0.35       65.13       34.87
2026-05-06 16:40:00 UTCNOTUSDT     0.000540      53.95     2087        7687771651.0000003157688.0000000.04        2.018400    -0.017400   -0.85       66.87       33.13       1.552800    0.001400    0.09        60.83       39.17       1.861200    -0.006600   -0.35       65.05       34.95
2026-05-06 16:45:00 UTCNOTUSDT     0.000544      58.59     1875        7696350318.0000008578667.0000000.11        2.004800    -0.013600   -0.67       66.72       33.28       1.551700    -0.001100   -0.07       60.81       39.19       1.874400    0.013200    0.71        65.21       34.79
2026-05-06 16:50:00 UTCNOTUSDT     0.000544      58.71     2643        7721580939.00000025230621.0000000.33        1.993100    -0.011700   -0.58       66.59       33.41       1.549000    -0.002700   -0.17       60.77       39.23       1.845000    -0.029400   -1.57       64.85       35.15
2026-05-06 16:55:00 UTCNOTUSDT     0.000546      60.93     2257        7795929744.00000074348805.0000000.96        1.982400    -0.010700   -0.54       66.47       33.53       1.556300    0.007300    0.47        60.88       39.12       1.832100    -0.012900   -0.70       64.69       35.31
2026-05-06 17:00:00 UTCNOTUSDT     0.000543      55.82     2563        7799316810.0000003387066.0000000.04        1.978900    -0.003500   -0.18       66.43       33.57       1.556000    -0.000300   -0.02       60.88       39.12       1.840100    0.008000    0.44        64.79       35.21
2026-05-06 17:05:00 UTCNOTUSDT     0.000548      61.60     2426        7793560520.000000-5756290.000000-0.07       2.003900    0.025000    1.26        66.71       33.29       1.546300    -0.009700   -0.62       60.73       39.27       1.869400    0.029300    1.59        65.15       34.85
2026-05-06 17:10:00 UTCNOTUSDT     0.000544      54.81     2390        7810034267.00000016473747.0000000.21        1.984200    -0.019700   -0.98       66.49       33.51       1.562000    0.015700    1.02        60.97       39.03       1.837700    -0.031700   -1.70       64.76       35.24
2026-05-06 17:15:00 UTCNOTUSDT     0.000541      50.83     2671        7783589803.000000-26444464.000000-0.34       1.985100    0.000900    0.05        66.50       33.50       1.566100    0.004100    0.26        61.03       38.97       1.849800    0.012100    0.66        64.91       35.09
2026-05-06 17:20:00 UTCNOTUSDT     0.000544      55.18     1773        7745914370.000000-37675433.000000-0.48       2.000300    0.015200    0.77        66.67       33.33       1.568800    0.002700    0.17        61.07       38.93       1.859600    0.009800    0.53        65.03       34.97
2026-05-06 17:25:00 UTCNOTUSDT     0.000544      54.60     1137        7754125312.0000008210942.0000000.11        1.993100    -0.007200   -0.36       66.59       33.41       1.555300    -0.013500   -0.86       60.87       39.13       1.851400    -0.008200   -0.44       64.93       35.07
2026-05-06 17:30:00 UTCNOTUSDT     0.000540      49.83     1479        7759692410.0000005567098.0000000.07        1.994000    0.000900    0.05        66.60       33.40       1.553300    -0.002000   -0.13       60.83       39.17       1.849000    -0.002400   -0.13       64.90       35.10
2026-05-06 17:35:00 UTCNOTUSDT     0.000542      51.96     1622        7763005537.0000003313127.0000000.04        2.010200    0.016200    0.81        66.78       33.22       1.551400    -0.001900   -0.12       60.81       39.19       1.867800    0.018800    1.02        65.13       34.87
2026-05-06 17:40:00 UTCNOTUSDT     0.000546      56.44     1664        7738591354.000000-24414183.000000-0.31       2.003900    -0.006300   -0.31       66.71       33.29       1.545100    -0.006300   -0.41       60.71       39.29       1.852300    -0.015500   -0.83       64.94       35.06
2026-05-06 17:45:00 UTCNOTUSDT     0.000546      57.39     1897        7700991931.000000-37599423.000000-0.49       1.994000    -0.009900   -0.49       66.60       33.40       1.536300    -0.008800   -0.57       60.57       39.43       1.865300    0.013000    0.70        65.10       34.90
2026-05-06 17:50:00 UTCNOTUSDT     0.000548      59.41     1232        7671773905.000000-29218026.000000-0.38       1.993100    -0.000900   -0.05       66.59       33.41       1.539100    0.002800    0.18        60.62       39.38       1.856300    -0.009000   -0.48       64.99       35.01
2026-05-06 17:55:00 UTCNOTUSDT     0.000548      59.54     1161        7684420307.00000012646402.0000000.16        1.989500    -0.003600   -0.18       66.55       33.45       1.544500    0.005400    0.35        60.70       39.30       1.853100    -0.003200   -0.17       64.95       35.05
2026-05-06 18:00:00 UTCNOTUSDT     0.000551      62.45     3079        7699090530.00000014670223.0000000.19        1.992200    0.002700    0.14        66.58       33.42       1.544500    0.000000    0.00        60.70       39.30       1.837700    -0.015400   -0.83       64.76       35.24
2026-05-06 18:05:00 UTCNOTUSDT     0.000550      61.46     2940        7689742946.000000-9347584.000000-0.12       1.981500    -0.010700   -0.54       66.46       33.54       1.533700    -0.010800   -0.70       60.53       39.47       1.855500    0.017800    0.97        64.98       35.02
2026-05-06 18:10:00 UTCNOTUSDT     0.000551      62.61     2315        7667250873.000000-22492073.000000-0.29       1.997600    0.016100    0.81        66.64       33.36       1.529400    -0.004300   -0.28       60.46       39.54       1.881800    0.026300    1.42        65.30       34.70
2026-05-06 18:15:00 UTCNOTUSDT     0.000553      64.76     2099        7662639093.000000-4611780.000000-0.06       2.003900    0.006300    0.32        66.71       33.29       1.531300    0.001900    0.12        60.49       39.51       1.874400    -0.007400   -0.39       65.21       34.79
2026-05-06 18:20:00 UTCNOTUSDT     0.000554      66.35     1732        7682909258.00000020270165.0000000.26        1.995800    -0.008100   -0.40       66.62       33.38       1.530800    -0.000500   -0.03       60.49       39.51       1.881800    0.007400    0.39        65.30       34.70
2026-05-06 18:25:00 UTCNOTUSDT     0.000553      64.89     1740        7682686291.000000-222967.000000-0.00       1.999400    0.003600    0.18        66.66       33.34       1.530300    -0.000500   -0.03       60.48       39.52       1.893500    0.011700    0.62        65.44       34.56
2026-05-06 18:30:00 UTCNOTUSDT     0.000556      67.92     2363        7725712851.00000043026560.0000000.56        1.998500    -0.000900   -0.05       66.65       33.35       1.537000    0.006700    0.44        60.58       39.42       1.880200    -0.013300   -0.70       65.28       34.72
2026-05-06 18:35:00 UTCNOTUSDT     0.000552      60.02     1518        7731682770.0000005969919.0000000.08        1.966500    -0.032000   -1.60       66.29       33.71       1.522200    -0.014800   -0.96       60.35       39.65       1.859600    -0.020600   -1.10       65.03       34.97
2026-05-06 18:40:00 UTCNOTUSDT     0.000554      62.76     1688        7746268316.00000014585546.0000000.19        1.972700    0.006200    0.32        66.36       33.64       1.534000    0.011800    0.78        60.54       39.46       1.862900    0.003300    0.18        65.07       34.93
2026-05-06 18:45:00 UTCNOTUSDT     0.000551      55.03     2063        7735570372.000000-10697944.000000-0.14       1.960300    -0.012400   -0.63       66.22       33.78       1.531900    -0.002100   -0.14       60.50       39.50       1.835300    -0.027600   -1.48       64.73       35.27
2026-05-06 18:50:00 UTCNOTUSDT     0.000551      55.34     1412        7708260816.000000-27309556.000000-0.35       1.982400    0.022100    1.13        66.47       33.53       1.528000    -0.003900   -0.25       60.44       39.56       1.873600    0.038300    2.09        65.20       34.80
2026-05-06 18:55:00 UTCNOTUSDT     0.000551      55.34     1258        7693874511.000000-14386305.000000-0.19       1.978900    -0.003500   -0.18       66.43       33.57       1.529400    0.001400    0.09        60.47       39.53       1.864500    -0.009100   -0.49       65.09       34.91
2026-05-06 19:00:00 UTCNOTUSDT     0.000550      54.68     1699        7685195977.000000-8678534.000000-0.11       1.970900    -0.008000   -0.40       66.34       33.66       1.532100    0.002700    0.18        60.51       39.49       1.841700    -0.022800   -1.22       64.81       35.19
2026-05-06 19:05:00 UTCNOTUSDT     0.000549      52.23     1850        7714056126.00000028860149.0000000.38        1.961200    -0.009700   -0.49       66.23       33.77       1.524700    -0.007400   -0.48       60.39       39.61       1.848200    0.006500    0.35        64.89       35.11
2026-05-06 19:10:00 UTCNOTUSDT     0.000548      48.20     1076        7736539100.00000022482974.0000000.29        1.986900    0.025700    1.31        66.52       33.48       1.533200    0.008500    0.56        60.52       39.48       1.879400    0.031200    1.69        65.27       34.73
2026-05-06 19:15:00 UTCNOTUSDT     0.000546      45.42     1440        7730703622.000000-5835478.000000-0.08       1.974400    -0.012500   -0.63       66.38       33.62       1.532300    -0.000900   -0.06       60.51       39.49       1.866200    -0.013200   -0.70       65.11       34.89
2026-05-06 19:20:00 UTCNOTUSDT     0.000542      38.57     1862        7697094993.000000-33608629.000000-0.43       1.984200    0.009800    0.50        66.49       33.51       1.520400    -0.011900   -0.78       60.32       39.68       1.878500    0.012300    0.66        65.26       34.74
2026-05-06 19:25:00 UTCNOTUSDT     0.000544      43.82     1260        7633746391.000000-63348602.000000-0.82       1.991300    0.007100    0.36        66.57       33.43       1.500800    -0.019600   -1.29       60.01       39.99       1.881800    0.003300    0.18        65.30       34.70
2026-05-06 19:30:00 UTCNOTUSDT     0.000543      41.81     1085        7608566238.000000-25180153.000000-0.33       1.986900    -0.004400   -0.22       66.52       33.48       1.506700    0.005900    0.39        60.11       39.89       1.863700    -0.018100   -0.96       65.08       34.92
2026-05-06 19:35:00 UTCNOTUSDT     0.000544      43.21     947         7602169202.000000-6397036.000000-0.08       1.982400    -0.004500   -0.23       66.47       33.53       1.503400    -0.003300   -0.22       60.05       39.95       1.864500    0.000800    0.04        65.09       34.91
2026-05-06 19:40:00 UTCNOTUSDT     0.000543      41.94     1160        7597277876.000000-4891326.000000-0.06       1.968200    -0.014200   -0.72       66.31       33.69       1.501800    -0.001600   -0.11       60.03       39.97       1.845000    -0.019500   -1.05       64.85       35.15
2026-05-06 19:45:00 UTCNOTUSDT     0.000541      38.95     977         7625935730.00000028657854.0000000.38        1.959500    -0.008700   -0.44       66.21       33.79       1.502700    0.000900    0.06        60.04       39.96       1.846600    0.001600    0.09        64.87       35.13
2026-05-06 19:50:00 UTCNOTUSDT     0.000544      45.59     1088        7633277992.0000007342262.0000000.10        1.982400    0.022900    1.17        66.47       33.53       1.492600    -0.010100   -0.67       59.88       40.12       1.866200    0.019600    1.06        65.11       34.89
2026-05-06 19:55:00 UTCNOTUSDT     0.000545      47.19     667         7618700235.000000-14577757.000000-0.19       1.969100    -0.013300   -0.67       66.32       33.68       1.492400    -0.000200   -0.01       59.88       40.12       1.853100    -0.013100   -0.70       64.95       35.05
2026-05-06 20:00:00 UTCNOTUSDT     0.000549      54.77     1460        7608506728.000000-10193507.000000-0.13       1.967400    -0.001700   -0.09       66.30       33.70       1.493300    0.000900    0.06        59.89       40.11       1.845800    -0.007300   -0.39       64.86       35.14
2026-05-06 20:05:00 UTCNOTUSDT     0.000545      48.31     1191        7588843152.000000-19663576.000000-0.26       1.977100    0.009700    0.49        66.41       33.59       1.498500    0.005200    0.35        59.98       40.02       1.865300    0.019500    1.06        65.10       34.90
2026-05-06 20:10:00 UTCNOTUSDT     0.000545      48.72     771         7589613730.000000770578.000000 0.01        1.984200    0.007100    0.36        66.49       33.51       1.504600    0.006100    0.41        60.07       39.93       1.871900    0.006600    0.35        65.18       34.82
2026-05-06 20:15:00 UTCNOTUSDT     0.000545      47.51     1050        7587303763.000000-2309967.000000-0.03       1.966500    -0.017700   -0.89       66.29       33.71       1.503400    -0.001200   -0.08       60.05       39.95       1.856300    -0.015600   -0.83       64.99       35.01
2026-05-06 20:20:00 UTCNOTUSDT     0.000546      49.75     694         7587087941.000000-215822.000000-0.00       1.963800    -0.002700   -0.14       66.26       33.74       1.503900    0.000500    0.03        60.06       39.94       1.848200    -0.008100   -0.44       64.89       35.11
2026-05-06 20:25:00 UTCNOTUSDT     0.000546      50.65     1413        7594196534.0000007108593.0000000.09        1.965600    0.001800    0.09        66.28       33.72       1.508400    0.004500    0.30        60.13       39.87       1.840100    -0.008100   -0.44       64.79       35.21
2026-05-06 20:30:00 UTCNOTUSDT     0.000545      48.08     1490        7636125055.00000041928521.0000000.55        1.987800    0.022200    1.13        66.53       33.47       1.522100    0.013700    0.91        60.35       39.65       1.874400    0.034300    1.86        65.21       34.79
2026-05-06 20:35:00 UTCNOTUSDT     0.000545      47.38     988         7640451052.0000004325997.0000000.06        1.995800    0.008000    0.40        66.62       33.38       1.521300    -0.000800   -0.05       60.34       39.66       1.884300    0.009900    0.53        65.33       34.67
2026-05-06 20:40:00 UTCNOTUSDT     0.000543      43.49     771         7635821677.000000-4629375.000000-0.06       1.990400    -0.005400   -0.27       66.56       33.44       1.519100    -0.002200   -0.14       60.30       39.70       1.892700    0.008400    0.45        65.43       34.57
2026-05-06 20:45:00 UTCNOTUSDT     0.000545      49.05     1035        7633645473.000000-2176204.000000-0.03       1.984200    -0.006200   -0.31       66.49       33.51       1.517500    -0.001600   -0.11       60.28       39.72       1.872700    -0.020000   -1.06       65.19       34.81
2026-05-06 20:50:00 UTCNOTUSDT     0.000547      52.20     868         7627507187.000000-6138286.000000-0.08       1.981500    -0.002700   -0.14       66.46       33.54       1.514800    -0.002700   -0.18       60.24       39.76       1.867000    -0.005700   -0.30       65.12       34.88
2026-05-06 20:55:00 UTCNOTUSDT     0.000548      55.60     734         7611877702.000000-15629485.000000-0.20       1.987800    0.006300    0.32        66.53       33.47       1.512600    -0.002200   -0.15       60.20       39.80       1.890200    0.023200    1.24        65.40       34.60
2026-05-06 21:00:00 UTCNOTUSDT     0.000552      63.44     1456        7611242431.000000-635271.000000-0.01       1.995800    0.008000    0.40        66.62       33.38       1.511400    -0.001200   -0.08       60.18       39.82       1.899400    0.009200    0.49        65.51       34.49
2026-05-06 21:05:00 UTCNOTUSDT     0.000548      53.30     2290        7605293512.000000-5948919.000000-0.08       1.975300    -0.020500   -1.03       66.39       33.61       1.496000    -0.015400   -1.02       59.94       40.06       1.894400    -0.005000   -0.26       65.45       34.55
2026-05-06 21:10:00 UTCNOTUSDT     0.000548      53.68     1454        7594251333.000000-11042179.000000-0.15       1.985100    0.009800    0.50        66.50       33.50       1.491400    -0.004600   -0.31       59.86       40.14       1.922300    0.027900    1.47        65.78       34.22
2026-05-06 21:15:00 UTCNOTUSDT     0.000549      55.25     1737        7596218135.0000001966802.0000000.03        1.991300    0.006200    0.31        66.57       33.43       1.489600    -0.001800   -0.12       59.83       40.17       1.911200    -0.011100   -0.58       65.65       34.35
2026-05-06 21:20:00 UTCNOTUSDT     0.000553      61.85     1049        7622392887.00000026174752.0000000.34        1.993100    0.001800    0.09        66.59       33.41       1.480300    -0.009300   -0.62       59.68       40.32       1.912100    0.000900    0.05        65.66       34.34
2026-05-06 21:25:00 UTCNOTUSDT     0.000553      62.63     850         7619615318.000000-2777569.000000-0.04       1.976200    -0.016900   -0.85       66.40       33.60       1.474100    -0.006200   -0.42       59.58       40.42       1.911200    -0.000900   -0.05       65.65       34.35
2026-05-06 21:30:00 UTCNOTUSDT     0.000552      58.99     1171        7646662079.00000027046761.0000000.35        1.971800    -0.004400   -0.22       66.35       33.65       1.481300    0.007200    0.49        59.70       40.30       1.897700    -0.013500   -0.71       65.49       34.51
2026-05-06 21:35:00 UTCNOTUSDT     0.000554      62.51     1133        7625688793.000000-20973286.000000-0.27       1.985100    0.013300    0.67        66.50       33.50       1.472000    -0.009300   -0.63       59.55       40.45       1.929100    0.031400    1.65        65.86       34.14
2026-05-06 21:40:00 UTCNOTUSDT     0.000554      61.43     1015        7675499835.00000049811042.0000000.65        1.970900    -0.014200   -0.72       66.34       33.66       1.482900    0.010900    0.74        59.73       40.27       1.904400    -0.024700   -1.28       65.57       34.43
2026-05-06 21:45:00 UTCNOTUSDT     0.000554      62.48     813         7672708710.000000-2791125.000000-0.04       1.972700    0.001800    0.09        66.36       33.64       1.480300    -0.002600   -0.18       59.68       40.32       1.905300    0.000900    0.05        65.58       34.42
2026-05-06 21:50:00 UTCNOTUSDT     0.000554      60.99     1002        7683925044.00000011216334.0000000.15        1.968200    -0.004500   -0.23       66.31       33.69       1.476500    -0.003800   -0.26       59.62       40.38       1.894400    -0.010900   -0.57       65.45       34.55
2026-05-06 21:55:00 UTCNOTUSDT     0.000553      57.45     607         7663211537.000000-20713507.000000-0.27       1.966500    -0.001700   -0.09       66.29       33.71       1.478200    0.001700    0.12        59.65       40.35       1.891000    -0.003400   -0.18       65.41       34.59
2026-05-06 22:00:00 UTCNOTUSDT     0.000547      45.21     1665        7649224716.000000-13986821.000000-0.18       1.967400    0.000900    0.05        66.30       33.70       1.473400    -0.004800   -0.32       59.57       40.43       1.881000    -0.010000   -0.53       65.29       34.71
2026-05-06 22:05:00 UTCNOTUSDT     0.000545      40.56     1356        7630627886.000000-18596830.000000-0.24       1.974400    0.007000    0.36        66.38       33.62       1.483700    0.010300    0.70        59.74       40.26       1.898600    0.017600    0.94        65.50       34.50
2026-05-06 22:10:00 UTCNOTUSDT     0.000547      45.44     797         7589851750.000000-40776136.000000-0.53       1.985100    0.010700    0.54        66.50       33.50       1.480600    -0.003100   -0.21       59.69       40.31       1.902800    0.004200    0.22        65.55       34.45
2026-05-06 22:15:00 UTCNOTUSDT     0.000547      44.87     928         7598229969.0000008378219.0000000.11        1.970000    -0.015100   -0.76       66.33       33.67       1.476900    -0.003700   -0.25       59.63       40.37       1.881000    -0.021800   -1.15       65.29       34.71
2026-05-06 22:20:00 UTCNOTUSDT     0.000546      42.95     636         7627139191.00000028909222.0000000.38        1.963000    -0.007000   -0.36       66.25       33.75       1.480500    0.003600    0.24        59.68       40.32       1.871100    -0.009900   -0.53       65.17       34.83
2026-05-06 22:25:00 UTCNOTUSDT     0.000548      47.99     738         7616560346.000000-10578845.000000-0.14       1.958600    -0.004400   -0.22       66.20       33.80       1.477600    -0.002900   -0.20       59.64       40.36       1.868600    -0.002500   -0.13       65.14       34.86
2026-05-06 22:30:00 UTCNOTUSDT     0.000547      46.72     1421        7616962955.000000402609.000000 0.01        1.950700    -0.007900   -0.40       66.11       33.89       1.472400    -0.005200   -0.35       59.55       40.45       1.853900    -0.014700   -0.79       64.96       35.04
2026-05-06 22:35:00 UTCNOTUSDT     0.000544      41.41     1181        7624799256.0000007836301.0000000.10        1.963800    0.013100    0.67        66.26       33.74       1.472600    0.000200    0.01        59.56       40.44       1.877700    0.023800    1.28        65.25       34.75
2026-05-06 22:40:00 UTCNOTUSDT     0.000545      43.71     707         7567222771.000000-57576485.000000-0.76       1.965600    0.001800    0.09        66.28       33.72       1.465300    -0.007300   -0.50       59.44       40.56       1.884300    0.006600    0.35        65.33       34.67
2026-05-06 22:45:00 UTCNOTUSDT     0.000544      41.93     817         7559652903.000000-7569868.000000-0.10       1.975300    0.009700    0.49        66.39       33.61       1.467600    0.002300    0.16        59.48       40.52       1.881800    -0.002500   -0.13       65.30       34.70
2026-05-06 22:50:00 UTCNOTUSDT     0.000546      45.63     745         7555232786.000000-4420117.000000-0.06       1.956800    -0.018500   -0.94       66.18       33.82       1.468100    0.000500    0.03        59.48       40.52       1.853100    -0.028700   -1.53       64.95       35.05
2026-05-06 22:55:00 UTCNOTUSDT     0.000547      47.43     767         7551102845.000000-4129941.000000-0.05       1.963000    0.006200    0.32        66.25       33.75       1.467600    -0.000500   -0.03       59.48       40.52       1.853900    0.000800    0.04        64.96       35.04
2026-05-06 23:00:00 UTCNOTUSDT     0.000541      37.20     2978        7542284939.000000-8817906.000000-0.12       1.956800    -0.006200   -0.32       66.18       33.82       1.467900    0.000300    0.02        59.48       40.52       1.852300    -0.001600   -0.09       64.94       35.06
2026-05-06 23:05:00 UTCNOTUSDT     0.000543      41.24     1132        7506253588.000000-36031351.000000-0.48       1.963000    0.006200    0.32        66.25       33.75       1.478100    0.010200    0.69        59.65       40.35       1.883500    0.031200    1.68        65.32       34.68
2026-05-06 23:10:00 UTCNOTUSDT     0.000542      39.36     830         7496565730.000000-9687858.000000-0.13       1.956000    -0.007000   -0.36       66.17       33.83       1.472100    -0.006000   -0.41       59.55       40.45       1.876000    -0.007500   -0.40       65.23       34.77
2026-05-06 23:15:00 UTCNOTUSDT     0.000542      40.43     817         7494646611.000000-1919119.000000-0.03       1.958600    0.002600    0.13        66.20       33.80       1.473400    0.001300    0.09        59.57       40.43       1.881800    0.005800    0.31        65.30       34.70
2026-05-06 23:20:00 UTCNOTUSDT     0.000543      43.87     713         7506796539.00000012149928.0000000.16        1.967400    0.008800    0.45        66.30       33.70       1.468500    -0.004900   -0.33       59.49       40.51       1.891000    0.009200    0.49        65.41       34.59
2026-05-06 23:25:00 UTCNOTUSDT     0.000542      41.11     922         7513177441.0000006380902.0000000.09        1.968200    0.000800    0.04        66.31       33.69       1.463100    -0.005400   -0.37       59.40       40.60       1.871900    -0.019100   -1.01       65.18       34.82
2026-05-06 23:30:00 UTCNOTUSDT     0.000545      48.99     1107        7518407257.0000005229816.0000000.07        1.983300    0.015100    0.77        66.48       33.52       1.464500    0.001400    0.10        59.42       40.58       1.881000    0.009100    0.49        65.29       34.71
2026-05-06 23:35:00 UTCNOTUSDT     0.000544      47.08     1055        7518415092.0000007835.000000   0.00        1.983300    0.000000    0.00        66.48       33.52       1.463000    -0.001500   -0.10       59.40       40.60       1.889300    0.008300    0.44        65.39       34.61
2026-05-06 23:40:00 UTCNOTUSDT     0.000543      45.19     942         7557916251.00000039501159.0000000.53        1.979700    -0.003600   -0.18       66.44       33.56       1.463600    0.000600    0.04        59.41       40.59       1.886000    -0.003300   -0.17       65.35       34.65
2026-05-06 23:45:00 UTCNOTUSDT     0.000542      42.53     1130        7559157366.0000001241115.0000000.02        1.977100    -0.002600   -0.13       66.41       33.59       1.466800    0.003200    0.22        59.46       40.54       1.886000    0.000000    0.00        65.35       34.65
2026-05-06 23:50:00 UTCNOTUSDT     0.000543      44.69     707         7565396216.0000006238850.0000000.08        1.970900    -0.006200   -0.31       66.34       33.66       1.479200    0.012400    0.85        59.67       40.33       1.864500    -0.021500   -1.14       65.09       34.91
2026-05-06 23:55:00 UTCNOTUSDT     0.000546      53.21     1134        7541019313.000000-24376903.000000-0.32       1.977100    0.006200    0.31        66.41       33.59       1.480700    0.001500    0.10        59.69       40.31       1.863700    -0.000800   -0.04       65.08       34.92
2026-05-07 00:00:00 UTCNOTUSDT     0.000548      56.24     2831        7541963861.000000944548.000000 0.01        1.962100    -0.015000   -0.76       66.24       33.76       1.492300    0.011600    0.78        59.88       40.12       1.845800    -0.017900   -0.96       64.86       35.14
2026-05-07 00:05:00 UTCNOTUSDT     0.000547      54.47     2247        7552537126.00000010573265.0000000.14        1.949000    -0.013100   -0.67       66.09       33.91       1.495300    0.003000    0.20        59.92       40.08       1.836900    -0.008900   -0.48       64.75       35.25
2026-05-07 00:10:00 UTCNOTUSDT     0.000549      57.74     1728        7600542220.00000048005094.0000000.64        1.947200    -0.001800   -0.09       66.07       33.93       1.499100    0.003800    0.25        59.99       40.01       1.827300    -0.009600   -0.52       64.63       35.37
2026-05-07 00:15:00 UTCNOTUSDT     0.000545      49.79     1575        7604762751.0000004220531.0000000.06        1.942900    -0.004300   -0.22       66.02       33.98       1.496800    -0.002300   -0.15       59.95       40.05       1.836100    0.008800    0.48        64.74       35.26
2026-05-07 00:20:00 UTCNOTUSDT     0.000549      57.44     1798        7612112884.0000007350133.0000000.10        1.925700    -0.017200   -0.89       65.82       34.18       1.492300    -0.004500   -0.30       59.88       40.12       1.824100    -0.012000   -0.65       64.59       35.41
2026-05-07 00:25:00 UTCNOTUSDT     0.000551      59.60     2304        7631372224.00000019259340.0000000.25        1.940300    0.014600    0.76        65.99       34.01       1.482800    -0.009500   -0.64       59.72       40.28       1.826500    0.002400    0.13        64.62       35.38
2026-05-07 00:30:00 UTCNOTUSDT     0.000553      62.43     2443        7679617531.00000048245307.0000000.63        1.927400    -0.012900   -0.66       65.84       34.16       1.479900    -0.002900   -0.20       59.68       40.32       1.818500    -0.008000   -0.44       64.52       35.48
2026-05-07 00:35:00 UTCNOTUSDT     0.000552      60.90     2166        7698996270.00000019378739.0000000.25        1.942000    0.014600    0.76        66.01       33.99       1.479900    0.000000    0.00        59.68       40.32       1.860400    0.041900    2.30        65.04       34.96
2026-05-07 00:40:00 UTCNOTUSDT     0.000545      46.22     3169        7750414509.00000051418239.0000000.67        1.950700    0.008700    0.45        66.11       33.89       1.488700    0.008800    0.59        59.82       40.18       1.877700    0.017300    0.93        65.25       34.75
2026-05-07 00:45:00 UTCNOTUSDT     0.000542      42.11     4113        7697309889.000000-53104620.000000-0.69       1.916300    -0.034400   -1.76       65.71       34.29       1.471300    -0.017400   -1.17       59.54       40.46       1.841700    -0.036000   -1.92       64.81       35.19
2026-05-07 00:50:00 UTCNOTUSDT     0.000542      42.32     1970        7674165099.000000-23144790.000000-0.30       1.950700    0.034400    1.80        66.11       33.89       1.472400    0.001100    0.07        59.55       40.45       1.865300    0.023600    1.28        65.10       34.90
2026-05-07 00:55:00 UTCNOTUSDT     0.000544      45.03     2846        7681636975.0000007471876.0000000.10        1.956000    0.005300    0.27        66.17       33.83       1.472800    0.000400    0.03        59.56       40.44       1.871900    0.006600    0.35        65.18       34.82
2026-05-07 01:00:00 UTCNOTUSDT     0.000545      47.49     6851        7713413860.00000031776885.0000000.41        1.951600    -0.004400   -0.22       66.12       33.88       1.477900    0.005100    0.35        59.64       40.36       1.875200    0.003300    0.18        65.22       34.78
2026-05-07 01:05:00 UTCNOTUSDT     0.000563      69.92     12424       7931147335.000000217733475.0000002.82        1.924800    -0.026800   -1.37       65.81       34.19       1.511600    0.033700    2.28        60.19       39.81       1.817700    -0.057500   -3.07       64.51       35.49
2026-05-07 01:10:00 UTCNOTUSDT     0.000562      68.07     15738       8092661125.000000161513790.0000002.04        1.900200    -0.024600   -1.28       65.52       34.48       1.477000    -0.034600   -2.29       59.63       40.37       1.824900    0.007200    0.40        64.60       35.40
2026-05-07 01:15:00 UTCNOTUSDT     0.000552      54.05     14223       8223056421.000000130395296.0000001.61        1.926500    0.026300    1.38        65.83       34.17       1.476900    -0.000100   -0.01       59.63       40.37       1.853900    0.029000    1.59        64.96       35.04
2026-05-07 01:20:00 UTCNOTUSDT     0.000554      56.10     11034       8237237075.00000014180654.0000000.17        2.000300    0.073800    3.83        66.67       33.33       1.509500    0.032600    2.21        60.15       39.85       1.940300    0.086400    4.66        65.99       34.01
2026-05-07 01:25:00 UTCNOTUSDT     0.000565      64.84     16126       8427261985.000000190024910.0000002.31        1.972700    -0.027600   -1.38       66.36       33.64       1.545500    0.036000    2.38        60.71       39.29       1.888500    -0.051800   -2.67       65.38       34.62
2026-05-07 01:30:00 UTCNOTUSDT     0.000570      67.82     14429       8723046244.000000295784259.0000003.51        1.930800    -0.041900   -2.12       65.88       34.12       1.575200    0.029700    1.92        61.17       38.83       1.828100    -0.060400   -3.20       64.64       35.36
2026-05-07 01:35:00 UTCNOTUSDT     0.000570      67.69     15575       8802310238.00000079263994.0000000.91        1.926500    -0.004300   -0.22       65.83       34.17       1.593500    0.018300    1.16        61.44       38.56       1.824900    -0.003200   -0.18       64.60       35.40
2026-05-07 01:40:00 UTCNOTUSDT     0.000573      69.83     10743       8839932322.00000037622084.0000000.43        2.005700    0.079200    4.11        66.73       33.27       1.608600    0.015100    0.95        61.66       38.34       1.895200    0.070300    3.85        65.46       34.54
2026-05-07 01:45:00 UTCNOTUSDT     0.000581      74.16     11123       8928436071.00000088503749.0000001.00        2.015700    0.010000    0.50        66.84       33.16       1.622300    0.013700    0.85        61.87       38.13       1.903600    0.008400    0.44        65.56       34.44
2026-05-07 01:50:00 UTCNOTUSDT     0.000584      75.31     9478        9034481819.000000106045748.0000001.19        1.972700    -0.043000   -2.13       66.36       33.64       1.639200    0.016900    1.04        62.11       37.89       1.879400    -0.024200   -1.27       65.27       34.73
2026-05-07 01:55:00 UTCNOTUSDT     0.000575      64.41     11372       9115018485.00000080536666.0000000.89        1.917200    -0.055500   -2.81       65.72       34.28       1.640000    0.000800    0.05        62.12       37.88       1.844100    -0.035300   -1.88       64.84       35.16
2026-05-07 02:00:00 UTCNOTUSDT     0.000588      71.30     16507       9039552749.000000-75465736.000000-0.83       1.912100    -0.005100   -0.27       65.66       34.34       1.624000    -0.016000   -0.98       61.89       38.11       1.888500    0.044400    2.41        65.38       34.62
2026-05-07 02:05:00 UTCNOTUSDT     0.000583      66.14     23336       9259764238.000000220211489.0000002.44        1.858000    -0.054100   -2.83       65.01       34.99       1.594100    -0.029900   -1.84       61.45       38.55       1.809000    -0.079500   -4.21       64.40       35.60
2026-05-07 02:10:00 UTCNOTUSDT     0.000582      65.01     13841       9491956777.000000232192539.0000002.51        1.856300    -0.001700   -0.09       64.99       35.01       1.589400    -0.004700   -0.29       61.38       38.62       1.833700    0.024700    1.37        64.71       35.29
2026-05-07 02:15:00 UTCNOTUSDT     0.000589      68.55     11175       9425612427.000000-66344350.000000-0.70       1.874400    0.018100    0.98        65.21       34.79       1.603900    0.014500    0.91        61.60       38.40       1.836900    0.003200    0.17        64.75       35.25
2026-05-07 02:20:00 UTCNOTUSDT     0.000579      58.79     10415       9394584177.000000-31028250.000000-0.33       1.826500    -0.047900   -2.56       64.62       35.38       1.595500    -0.008400   -0.52       61.47       38.53       1.789400    -0.047500   -2.59       64.15       35.85
2026-05-07 02:25:00 UTCNOTUSDT     0.000580      59.40     7712        9496746862.000000102162685.0000001.09        1.862000    0.035500    1.94        65.06       34.94       1.560300    -0.035200   -2.21       60.94       39.06       1.830500    0.041100    2.30        64.67       35.33
2026-05-07 02:30:00 UTCNOTUSDT     0.000592      66.15     7601        9428681452.000000-68065410.000000-0.72       1.886000    0.024000    1.29        65.35       34.65       1.539900    -0.020400   -1.31       60.63       39.37       1.840100    0.009600    0.52        64.79       35.21
2026-05-07 02:35:00 UTCNOTUSDT     0.000599      69.35     8145        9407276463.000000-21404989.000000-0.23       1.856300    -0.029700   -1.57       64.99       35.01       1.537700    -0.002200   -0.14       60.59       39.41       1.798800    -0.041300   -2.24       64.27       35.73
2026-05-07 02:40:00 UTCNOTUSDT     0.000598      68.40     7489        9388805785.000000-18470678.000000-0.20       1.881000    0.024700    1.33        65.29       34.71       1.535800    -0.001900   -0.12       60.56       39.44       1.828100    0.029300    1.63        64.64       35.36
2026-05-07 02:45:00 UTCNOTUSDT     0.000606      71.60     10786       9365819284.000000-22986501.000000-0.24       1.913800    0.032800    1.74        65.68       34.32       1.603000    0.067200    4.38        61.58       38.42       1.871100    0.043000    2.35        65.17       34.83
2026-05-07 02:50:00 UTCNOTUSDT     0.000632      79.28     17582       9361763608.000000-4055676.000000-0.04       1.983300    0.069500    3.63        66.48       33.52       1.607600    0.004600    0.29        61.65       38.35       1.867800    -0.003300   -0.18       65.13       34.87
2026-05-07 02:55:00 UTCNOTUSDT     0.000623      71.68     10605       9344502137.000000-17261471.000000-0.18       1.901100    -0.082200   -4.14       65.53       34.47       1.572500    -0.035100   -2.18       61.13       38.87       1.789400    -0.078400   -4.20       64.15       35.85
2026-05-07 03:00:00 UTCNOTUSDT     0.000628      73.21     12360       9244041459.000000-100460678.000000-1.08       1.912100    0.011000    0.58        65.66       34.34       1.570300    -0.002200   -0.14       61.09       38.91       1.801100    0.011700    0.65        64.30       35.70
2026-05-07 03:05:00 UTCNOTUSDT     0.000634      75.08     12060       9209819005.000000-34222454.000000-0.37       1.983300    0.071200    3.72        66.48       33.52       1.606300    0.036000    2.29        61.63       38.37       1.850600    0.049500    2.75        64.92       35.08
2026-05-07 03:10:00 UTCNOTUSDT     0.000641      76.74     11907       9236311260.00000026492255.0000000.29        1.945500    -0.037800   -1.91       66.05       33.95       1.610200    0.003900    0.24        61.69       38.31       1.802700    -0.047900   -2.59       64.32       35.68
2026-05-07 03:15:00 UTCNOTUSDT     0.000627      66.61     16421       9175762677.000000-60548583.000000-0.66       1.923100    -0.022400   -1.15       65.79       34.21       1.588300    -0.021900   -1.36       61.36       38.64       1.794100    -0.008600   -0.48       64.21       35.79
2026-05-07 03:20:00 UTCNOTUSDT     0.000636      69.44     14106       9095239313.000000-80523364.000000-0.88       2.013000    0.089900    4.67        66.81       33.19       1.609500    0.021200    1.33        61.68       38.32       1.918900    0.124800    6.96        65.74       34.26
2026-05-07 03:25:00 UTCNOTUSDT     0.000619      58.77     15049       9071191025.000000-24048288.000000-0.26       1.965600    -0.047400   -2.35       66.28       33.72       1.579700    -0.029800   -1.85       61.24       38.76       1.820900    -0.098000   -5.11       64.55       35.45
2026-05-07 03:30:00 UTCNOTUSDT     0.000616      57.36     9352        8971928092.000000-99262933.000000-1.09       2.080700    0.115100    5.86        67.54       32.46       1.563700    -0.016000   -1.01       60.99       39.01       1.956800    0.135900    7.46        66.18       33.82
2026-05-07 03:35:00 UTCNOTUSDT     0.000613      55.86     11173       8936037959.000000-35890133.000000-0.40       2.082600    0.001900    0.09        67.56       32.44       1.565000    0.001300    0.08        61.01       38.99       1.961200    0.004400    0.22        66.23       33.77
2026-05-07 03:40:00 UTCNOTUSDT     0.000619      58.29     6320        8906484187.000000-29553772.000000-0.33       2.094100    0.011500    0.55        67.68       32.32       1.564700    -0.000300   -0.02       61.01       38.99       1.917200    -0.044000   -2.24       65.72       34.28
2026-05-07 03:45:00 UTCNOTUSDT     0.000611      53.79     12317       8855503216.000000-50980971.000000-0.57       2.095000    0.000900    0.04        67.69       32.31       1.550900    -0.013800   -0.88       60.80       39.20       1.924800    0.007600    0.40        65.81       34.19
2026-05-07 03:50:00 UTCNOTUSDT     0.000600      48.02     10691       8764301323.000000-91201893.000000-1.03       2.095000    0.000000    0.00        67.69       32.31       1.569300    0.018400    1.19        61.08       38.92       1.968200    0.043400    2.25        66.31       33.69
2026-05-07 03:55:00 UTCNOTUSDT     0.000599      47.73     7873        8747433967.000000-16867356.000000-0.19       2.181700    0.086700    4.14        68.57       31.43       1.576600    0.007300    0.47        61.19       38.81       2.015700    0.047500    2.41        66.84       33.16
2026-05-07 04:00:00 UTCNOTUSDT     0.000605      50.97     8641        8608000588.000000-139433379.000000-1.59       2.163600    -0.018100   -0.83       68.39       31.61       1.562300    -0.014300   -0.91       60.97       39.03       2.002100    -0.013600   -0.67       66.69       33.31
2026-05-07 04:05:00 UTCNOTUSDT     0.000613      55.06     7712        8585609690.000000-22390898.000000-0.26       2.173600    0.010000    0.46        68.49       31.51       1.560000    -0.002300   -0.15       60.94       39.06       1.995800    -0.006300   -0.31       66.62       33.38
2026-05-07 04:10:00 UTCNOTUSDT     0.000634      63.15     11168       8673192348.00000087582658.0000001.02        2.130900    -0.042700   -1.96       68.06       31.94       1.558800    -0.001200   -0.08       60.92       39.08       1.959500    -0.036300   -1.82       66.21       33.79
2026-05-07 04:15:00 UTCNOTUSDT     0.000638      64.60     16331       8715515314.00000042322966.0000000.49        2.115300    -0.015600   -0.73       67.90       32.10       1.556200    -0.002600   -0.17       60.88       39.12       1.924000    -0.035500   -1.81       65.80       34.20
2026-05-07 04:20:00 UTCNOTUSDT     0.000654      69.49     17102       8782350819.00000066835505.0000000.77        2.114300    -0.001000   -0.05       67.89       32.11       1.565400    0.009200    0.59        61.02       38.98       1.947200    0.023200    1.21        66.07       33.93
2026-05-07 04:25:00 UTCNOTUSDT     0.000663      71.86     18388       8800239569.00000017888750.0000000.20        2.051600    -0.062700   -2.97       67.23       32.77       1.557100    -0.008300   -0.53       60.89       39.11       1.896900    -0.050300   -2.58       65.48       34.52
2026-05-07 04:30:00 UTCNOTUSDT     0.000687      76.79     22457       8973884356.000000173644787.0000001.97        2.027600    -0.024000   -1.17       66.97       33.03       1.557700    0.000600    0.04        60.90       39.10       1.869400    -0.027500   -1.45       65.15       34.85
2026-05-07 04:35:00 UTCNOTUSDT     0.000663      64.39     21566       9031992837.00000058108481.0000000.65        1.944600    -0.083000   -4.09       66.04       33.96       1.523700    -0.034000   -2.18       60.38       39.62       1.819300    -0.050100   -2.68       64.53       35.47
2026-05-07 04:40:00 UTCNOTUSDT     0.000672      66.49     15461       8924665713.000000-107327124.000000-1.19       2.003900    0.059300    3.05        66.71       33.29       1.526600    0.002900    0.19        60.42       39.58       1.876900    0.057600    3.17        65.24       34.76
2026-05-07 04:45:00 UTCNOTUSDT     0.000655      59.06     22243       8919236292.000000-5429421.000000-0.06       1.965600    -0.038300   -1.91       66.28       33.72       1.516400    -0.010200   -0.67       60.26       39.74       1.850600    -0.026300   -1.40       64.92       35.08
2026-05-07 04:50:00 UTCNOTUSDT     0.000675      64.25     14293       8879833048.000000-39403244.000000-0.44       1.989500    0.023900    1.22        66.55       33.45       1.488800    -0.027600   -1.82       59.82       40.18       1.862900    0.012300    0.66        65.07       34.93
2026-05-07 04:55:00 UTCNOTUSDT     0.000698      69.02     20019       8825126507.000000-54706541.000000-0.62       1.936000    -0.053500   -2.69       65.94       34.06       1.482000    -0.006800   -0.46       59.71       40.29       1.810600    -0.052300   -2.81       64.42       35.58
2026-05-07 05:00:00 UTCNOTUSDT     0.000694      67.30     32812       8906642820.00000081516313.0000000.92        1.932600    -0.003400   -0.18       65.90       34.10       1.506000    0.024000    1.62        60.10       39.90       1.808200    -0.002400   -0.13       64.39       35.61
2026-05-07 05:05:00 UTCNOTUSDT     0.000692      66.61     21212       8962409716.00000055766896.0000000.63        1.906100    -0.026500   -1.37       65.59       34.41       1.516500    0.010500    0.70        60.26       39.74       1.800300    -0.007900   -0.44       64.29       35.71
2026-05-07 05:10:00 UTCNOTUSDT     0.000684      62.76     19688       9104046123.000000141636407.0000001.58        1.960300    0.054200    2.84        66.22       33.78       1.534200    0.017700    1.17        60.54       39.46       1.840900    0.040600    2.26        64.80       35.20
2026-05-07 05:15:00 UTCNOTUSDT     0.000697      66.09     15857       9083176268.000000-20869855.000000-0.23       1.979700    0.019400    0.99        66.44       33.56       1.535500    0.001300    0.08        60.56       39.44       1.867800    0.026900    1.46        65.13       34.87
2026-05-07 05:20:00 UTCNOTUSDT     0.000698      66.28     13150       8982093492.000000-101082776.000000-1.11       1.953300    -0.026400   -1.33       66.14       33.86       1.517300    -0.018200   -1.19       60.27       39.73       1.850600    -0.017200   -0.92       64.92       35.08
2026-05-07 05:25:00 UTCNOTUSDT     0.000696      65.17     13599       9054354941.00000072261449.0000000.80        1.966500    0.013200    0.68        66.29       33.71       1.513100    -0.004200   -0.28       60.21       39.79       1.858800    0.008200    0.44        65.02       34.98
2026-05-07 05:30:00 UTCNOTUSDT     0.000701      66.51     16657       9144916073.00000090561132.0000001.00        1.950700    -0.015800   -0.80       66.11       33.89       1.528800    0.015700    1.04        60.46       39.54       1.836900    -0.021900   -1.18       64.75       35.25
2026-05-07 05:35:00 UTCNOTUSDT     0.000687      59.75     13468       9192224278.00000047308205.0000000.52        1.937700    -0.013000   -0.67       65.96       34.04       1.535200    0.006400    0.42        60.56       39.44       1.842500    0.005600    0.30        64.82       35.18
2026-05-07 05:40:00 UTCNOTUSDT     0.000678      55.72     12505       9111984654.000000-80239624.000000-0.87       1.946400    0.008700    0.45        66.06       33.94       1.538600    0.003400    0.22        60.61       39.39       1.868600    0.026100    1.42        65.14       34.86
2026-05-07 05:45:00 UTCNOTUSDT     0.000685      58.17     12424       9053262476.000000-58722178.000000-0.64       2.000300    0.053900    2.77        66.67       33.33       1.530400    -0.008200   -0.53       60.48       39.52       1.921400    0.052800    2.83        65.77       34.23
2026-05-07 05:50:00 UTCNOTUSDT     0.000679      55.28     12927       8969089547.000000-84172929.000000-0.93       1.965600    -0.034700   -1.73       66.28       33.72       1.527600    -0.002800   -0.18       60.44       39.56       1.886800    -0.034600   -1.80       65.36       34.64
2026-05-07 05:55:00 UTCNOTUSDT     0.000669      51.00     15983       8947099148.000000-21990399.000000-0.25       1.963800    -0.001800   -0.09       66.26       33.74       1.538300    0.010700    0.70        60.60       39.40       1.886000    -0.000800   -0.04       65.35       34.65
2026-05-07 06:00:00 UTCNOTUSDT     0.000664      49.15     14983       8917316623.000000-29782525.000000-0.33       2.001200    0.037400    1.90        66.68       33.32       1.520900    -0.017400   -1.13       60.33       39.67       1.923100    0.037100    1.97        65.79       34.21
2026-05-07 06:05:00 UTCNOTUSDT     0.000652      44.71     10487       8803822474.000000-113494149.000000-1.27       2.050600    0.049400    2.47        67.22       32.78       1.543900    0.023000    1.51        60.69       39.31       1.937700    0.014600    0.76        65.96       34.04
2026-05-07 06:10:00 UTCNOTUSDT     0.000658      47.26     19433       8786965011.000000-16857463.000000-0.19       2.022100    -0.028500   -1.39       66.91       33.09       1.532800    -0.011100   -0.72       60.52       39.48       1.924800    -0.012900   -0.67       65.81       34.19
2026-05-07 06:15:00 UTCNOTUSDT     0.000666      50.63     13694       8815697946.00000028732935.0000000.33        2.075000    0.052900    2.62        67.48       32.52       1.508700    -0.024100   -1.57       60.14       39.86       1.951600    0.026800    1.39        66.12       33.88
2026-05-07 06:20:00 UTCNOTUSDT     0.000651      44.94     11041       8821914147.0000006216201.0000000.07        2.017500    -0.057500   -2.77       66.86       33.14       1.495800    -0.012900   -0.86       59.93       40.07       1.901900    -0.049700   -2.55       65.54       34.46
2026-05-07 06:25:00 UTCNOTUSDT     0.000659      47.94     9023        8787042333.000000-34871814.000000-0.40       2.068400    0.050900    2.52        67.41       32.59       1.498800    0.003000    0.20        59.98       40.02       1.946400    0.044500    2.34        66.06       33.94
2026-05-07 06:30:00 UTCNOTUSDT     0.000663      49.71     11735       8770310643.000000-16731690.000000-0.19       2.077900    0.009500    0.46        67.51       32.49       1.500100    0.001300    0.09        60.00       40.00       1.944600    -0.001800   -0.09       66.04       33.96
2026-05-07 06:35:00 UTCNOTUSDT     0.000667      51.49     10188       8801316226.00000031005583.0000000.35        2.058100    -0.019800   -0.95       67.30       32.70       1.504800    0.004700    0.31        60.08       39.92       1.966500    0.021900    1.13        66.29       33.71
2026-05-07 06:40:00 UTCNOTUSDT     0.000668      51.84     8711        8833276752.00000031960526.0000000.36        2.074100    0.016000    0.78        67.47       32.53       1.503600    -0.001200   -0.08       60.06       39.94       1.970900    0.004400    0.22        66.34       33.66
2026-05-07 06:45:00 UTCNOTUSDT     0.000673      54.14     7972        8878925870.00000045649118.0000000.52        2.059000    -0.015100   -0.73       67.31       32.69       1.519200    0.015600    1.04        60.31       39.69       1.963800    -0.007100   -0.36       66.26       33.74
2026-05-07 06:50:00 UTCNOTUSDT     0.000679      56.92     8992        8926839039.00000047913169.0000000.54        2.061800    0.002800    0.14        67.34       32.66       1.527900    0.008700    0.57        60.44       39.56       1.966500    0.002700    0.14        66.29       33.71
2026-05-07 06:55:00 UTCNOTUSDT     0.000685      59.29     7956        8949060399.00000022221360.0000000.25        2.015700    -0.046100   -2.24       66.84       33.16       1.505200    -0.022700   -1.49       60.08       39.92       1.970000    0.003500    0.18        66.33       33.67
2026-05-07 07:00:00 UTCNOTUSDT     0.000679      55.71     11836       8957840088.0000008779689.0000000.10        2.012000    -0.003700   -0.18       66.80       33.20       1.498100    -0.007100   -0.47       59.97       40.03       1.949000    -0.021000   -1.07       66.09       33.91
2026-05-07 07:05:00 UTCNOTUSDT     0.000679      55.59     11631       8891779505.000000-66060583.000000-0.74       2.052500    0.040500    2.01        67.24       32.76       1.494400    -0.003700   -0.25       59.91       40.09       1.973500    0.024500    1.26        66.37       33.63
2026-05-07 07:10:00 UTCNOTUSDT     0.000669      49.93     10203       8848949038.000000-42830467.000000-0.48       2.060000    0.007500    0.37        67.32       32.68       1.474900    -0.019500   -1.30       59.59       40.41       1.964700    -0.008800   -0.45       66.27       33.73
2026-05-07 07:15:00 UTCNOTUSDT     0.000664      47.73     7223        8876114809.00000027165771.0000000.31        2.110400    0.050400    2.45        67.85       32.15       1.457500    -0.017400   -1.18       59.31       40.69       2.018400    0.053700    2.73        66.87       33.13
2026-05-07 07:20:00 UTCNOTUSDT     0.000660      45.75     5904        8806383469.000000-69731340.000000-0.79       2.111400    0.001000    0.05        67.86       32.14       1.454300    -0.003200   -0.22       59.25       40.75       2.013000    -0.005400   -0.27       66.81       33.19
2026-05-07 07:25:00 UTCNOTUSDT     0.000658      44.48     7237        8766309410.000000-40074059.000000-0.46       2.116200    0.004800    0.23        67.91       32.09       1.469700    0.015400    1.06        59.51       40.49       2.011100    -0.001900   -0.09       66.79       33.21
2026-05-07 07:30:00 UTCNOTUSDT     0.000657      44.17     6149        8737282422.000000-29026988.000000-0.33       2.102700    -0.013500   -0.64       67.77       32.23       1.475900    0.006200    0.42        59.61       40.39       1.991300    -0.019800   -0.98       66.57       33.43
2026-05-07 07:35:00 UTCNOTUSDT     0.000657      44.11     5179        8791259134.00000053976712.0000000.62        2.096000    -0.006700   -0.32       67.70       32.30       1.479000    0.003100    0.21        59.66       40.34       1.983300    -0.008000   -0.40       66.48       33.52
2026-05-07 07:40:00 UTCNOTUSDT     0.000659      45.46     6241        8772333798.000000-18925336.000000-0.22       2.084500    -0.011500   -0.55       67.58       32.42       1.475300    -0.003700   -0.25       59.60       40.40       1.951600    -0.031700   -1.60       66.12       33.88
2026-05-07 07:45:00 UTCNOTUSDT     0.000665      49.61     4826        8810440571.00000038106773.0000000.43        2.060900    -0.023600   -1.13       67.33       32.67       1.473600    -0.001700   -0.12       59.57       40.43       1.953300    0.001700    0.09        66.14       33.86
2026-05-07 07:50:00 UTCNOTUSDT     0.000662      47.56     4241        8812833398.0000002392827.0000000.03        2.043200    -0.017700   -0.86       67.14       32.86       1.469700    -0.003900   -0.26       59.51       40.49       1.931700    -0.021600   -1.11       65.89       34.11
2026-05-07 07:55:00 UTCNOTUSDT     0.000660      46.52     8731        8820399205.0000007565807.0000000.09        2.037700    -0.005500   -0.27       67.08       32.92       1.469700    0.000000    0.00        59.51       40.49       1.923100    -0.008600   -0.45       65.79       34.21
2026-05-07 08:00:00 UTCNOTUSDT     0.000654      42.47     8757        8798393177.000000-22006028.000000-0.25       2.034900    -0.002800   -0.14       67.05       32.95       1.474700    0.005000    0.34        59.59       40.41       1.898600    -0.024500   -1.27       65.50       34.50
2026-05-07 08:05:00 UTCNOTUSDT     0.000659      46.50     7882        8840753550.00000042360373.0000000.48        2.055300    0.020400    1.00        67.27       32.73       1.451300    -0.023400   -1.59       59.21       40.79       1.942000    0.043400    2.29        66.01       33.99
2026-05-07 08:10:00 UTCNOTUSDT     0.000652      42.15     5002        8838628924.000000-2124626.000000-0.02       2.042300    -0.013000   -0.63       67.13       32.87       1.439700    -0.011600   -0.80       59.01       40.99       1.924000    -0.018000   -0.93       65.80       34.20
2026-05-07 08:15:00 UTCNOTUSDT     0.000634      33.18     13359       8846950845.0000008321921.0000000.09        2.016600    -0.025700   -1.26       66.85       33.15       1.434500    -0.005200   -0.36       58.92       41.08       1.918900    -0.005100   -0.27       65.74       34.26
2026-05-07 08:20:00 UTCNOTUSDT     0.000637      35.40     16599       8800406889.000000-46543956.000000-0.53       2.145600    0.129000    6.40        68.21       31.79       1.418000    -0.016500   -1.15       58.64       41.36       2.056200    0.137300    7.16        67.28       32.72
2026-05-07 08:25:00 UTCNOTUSDT     0.000636      35.12     8407        8703665223.000000-96741666.000000-1.10       2.120100    -0.025500   -1.19       67.95       32.05       1.429700    0.011700    0.83        58.84       41.16       2.009300    -0.046900   -2.28       66.77       33.23
2026-05-07 08:30:00 UTCNOTUSDT     0.000635      34.44     7330        8658225707.000000-45439516.000000-0.52       2.127900    0.007800    0.37        68.03       31.97       1.429500    -0.000200   -0.01       58.84       41.16       1.994900    -0.014400   -0.72       66.61       33.39
2026-05-07 08:35:00 UTCNOTUSDT     0.000631      32.67     6599        8661173467.0000002947760.0000000.03        2.177600    0.049700    2.34        68.53       31.47       1.441400    0.011900    0.83        59.04       40.96       2.023900    0.029000    1.45        66.93       33.07
2026-05-07 08:40:00 UTCNOTUSDT     0.000664      54.89     20308       8633517220.000000-27656247.000000-0.32       2.181700    0.004100    0.19        68.57       31.43       1.440500    -0.000900   -0.06       59.02       40.98       2.078800    0.054900    2.71        67.52       32.48
2026-05-07 08:45:00 UTCNOTUSDT     0.000661      53.53     10149       9047130043.000000413612823.0000004.79        1.956800    -0.224900   -10.31      66.18       33.82       1.488600    0.048100    3.34        59.82       40.18       1.815300    -0.263500   -12.68      64.48       35.52
2026-05-07 08:50:00 UTCNOTUSDT     0.000658      51.62     7383        9077242597.00000030112554.0000000.33        1.969100    0.012300    0.63        66.32       33.68       1.498500    0.009900    0.67        59.98       40.02       1.828100    0.012800    0.71        64.64       35.36
2026-05-07 08:55:00 UTCNOTUSDT     0.000659      52.08     6051        9058536045.000000-18706552.000000-0.21       1.999400    0.030300    1.54        66.66       33.34       1.489500    -0.009000   -0.60       59.83       40.17       1.837700    0.009600    0.53        64.76       35.24
2026-05-07 09:00:00 UTCNOTUSDT     0.000667      56.59     16073       9069606024.00000011069979.0000000.12        1.987800    -0.011600   -0.58       66.53       33.47       1.486400    -0.003100   -0.21       59.78       40.22       1.828100    -0.009600   -0.52       64.64       35.36
2026-05-07 09:05:00 UTCNOTUSDT     0.000663      54.09     9548        9134906177.00000065300153.0000000.72        1.968200    -0.019600   -0.99       66.31       33.69       1.471200    -0.015200   -1.02       59.53       40.47       1.828900    0.000800    0.04        64.65       35.35
2026-05-07 09:10:00 UTCNOTUSDT     0.000670      57.74     6054        9134733359.000000-172818.000000-0.00       2.005700    0.037500    1.91        66.73       33.27       1.464200    -0.007000   -0.48       59.42       40.58       1.870300    0.041400    2.26        65.16       34.84
2026-05-07 09:15:00 UTCNOTUSDT     0.000662      52.69     12755       9153107657.00000018374298.0000000.20        1.977100    -0.028600   -1.43       66.41       33.59       1.472300    0.008100    0.55        59.55       40.45       1.846600    -0.023700   -1.27       64.87       35.13
2026-05-07 09:20:00 UTCNOTUSDT     0.000665      54.13     10378       9181702563.00000028594906.0000000.31        2.008400    0.031300    1.58        66.76       33.24       1.456800    -0.015500   -1.05       59.30       40.70       1.885200    0.038600    2.09        65.34       34.66
2026-05-07 09:25:00 UTCNOTUSDT     0.000661      51.43     9020        9176262886.000000-5439677.000000-0.06       1.958600    -0.049800   -2.48       66.20       33.80       1.468200    0.011400    0.78        59.49       40.51       1.838500    -0.046700   -2.48       64.77       35.23
2026-05-07 09:30:00 UTCNOTUSDT     0.000652      45.89     15112       9189207943.00000012945057.0000000.14        1.942900    -0.015700   -0.80       66.02       33.98       1.465600    -0.002600   -0.18       59.44       40.56       1.819300    -0.019200   -1.04       64.53       35.47
2026-05-07 09:35:00 UTCNOTUSDT     0.000637      38.58     8495        8925715443.000000-263492500.000000-2.87       2.077900    0.135000    6.95        67.51       32.49       1.436600    -0.029000   -1.98       58.96       41.04       1.939400    0.120100    6.60        65.98       34.02
2026-05-07 09:40:00 UTCNOTUSDT     0.000643      42.47     7743        8848758980.000000-76956463.000000-0.86       2.131900    0.054000    2.60        68.07       31.93       1.454800    0.018200    1.27        59.26       40.74       2.006600    0.067200    3.46        66.74       33.26
2026-05-07 09:45:00 UTCNOTUSDT     0.000649      46.09     5019        8790745479.000000-58013501.000000-0.66       2.070300    -0.061600   -2.89       67.43       32.57       1.450400    -0.004400   -0.30       59.19       40.81       1.898600    -0.108000   -5.38       65.50       34.50
2026-05-07 09:50:00 UTCNOTUSDT     0.000663      53.78     9793        8860091162.00000069345683.0000000.79        2.058100    -0.012200   -0.59       67.30       32.70       1.459600    0.009200    0.63        59.34       40.66       1.901100    0.002500    0.13        65.53       34.47
2026-05-07 09:55:00 UTCNOTUSDT     0.000671      57.64     13174       9019150817.000000159059655.0000001.80        1.948100    -0.110000   -5.34       66.08       33.92       1.480400    0.020800    1.43        59.68       40.32       1.809000    -0.092100   -4.84       64.40       35.60
2026-05-07 10:00:00 UTCNOTUSDT     0.000686      63.42     11448       9258522387.000000239371570.0000002.65        1.941200    -0.006900   -0.35       66.00       34.00       1.484400    0.004000    0.27        59.75       40.25       1.804300    -0.004700   -0.26       64.34       35.66
2026-05-07 10:05:00 UTCNOTUSDT     0.000676      57.99     12601       9335435909.00000076913522.0000000.83        1.918000    -0.023200   -1.20       65.73       34.27       1.477400    -0.007000   -0.47       59.64       40.36       1.796400    -0.007900   -0.44       64.24       35.76
2026-05-07 10:10:00 UTCNOTUSDT     0.000678      58.60     9943        9358151372.00000022715463.0000000.24        1.963000    0.045000    2.35        66.25       33.75       1.505100    0.027700    1.87        60.08       39.92       1.798800    0.002400    0.13        64.27       35.73
2026-05-07 10:15:00 UTCNOTUSDT     0.000672      55.40     23195       9373340937.00000015189565.0000000.16        1.956800    -0.006200   -0.32       66.18       33.82       1.501300    -0.003800   -0.25       60.02       39.98       1.790200    -0.008600   -0.48       64.16       35.84
2026-05-07 10:20:00 UTCNOTUSDT     0.000656      47.34     14239       9113764710.000000-259576227.000000-2.77       2.015700    0.058900    3.01        66.84       33.16       1.489900    -0.011400   -0.76       59.84       40.16       1.879400    0.089200    4.98        65.27       34.73
2026-05-07 10:25:00 UTCNOTUSDT     0.000664      51.10     9684        9378224435.000000264459725.0000002.90        1.994000    -0.021700   -1.08       66.60       33.40       1.556300    0.066400    4.46        60.88       39.12       1.850600    -0.028800   -1.53       64.92       35.08
2026-05-07 10:30:00 UTCNOTUSDT     0.000662      50.16     8024        9292321952.000000-85902483.000000-0.92       1.954200    -0.039800   -2.00       66.15       33.85       1.518600    -0.037700   -2.42       60.29       39.71       1.828900    -0.021700   -1.17       64.65       35.35
2026-05-07 10:35:00 UTCNOTUSDT     0.000659      48.29     7991        9257944845.000000-34377107.000000-0.37       1.929100    -0.025100   -1.28       65.86       34.14       1.514800    -0.003800   -0.25       60.23       39.77       1.816900    -0.012000   -0.66       64.50       35.50
2026-05-07 10:40:00 UTCNOTUSDT     0.000662      50.02     6712        9134735958.000000-123208887.000000-1.33       1.970900    0.041800    2.17        66.34       33.66       1.504600    -0.010200   -0.67       60.07       39.93       1.840100    0.023200    1.28        64.79       35.21
2026-05-07 10:45:00 UTCNOTUSDT     0.000659      48.71     4076        9113568131.000000-21167827.000000-0.23       1.942900    -0.028000   -1.42       66.02       33.98       1.507600    0.003000    0.20        60.12       39.88       1.810600    -0.029500   -1.60       64.42       35.58
2026-05-07 10:50:00 UTCNOTUSDT     0.000653      45.39     4384        9113982482.000000414351.000000 0.00        1.939400    -0.003500   -0.18       65.98       34.02       1.503100    -0.004500   -0.30       60.05       39.95       1.818500    0.007900    0.44        64.52       35.48
2026-05-07 10:55:00 UTCNOTUSDT     0.000642      40.20     6544        9117783512.0000003801030.0000000.04        1.975300    0.035900    1.85        66.39       33.61       1.496300    -0.006800   -0.45       59.94       40.06       1.836100    0.017600    0.97        64.74       35.26
2026-05-07 11:00:00 UTCNOTUSDT     0.000646      42.41     10505       9110022643.000000-7760869.000000-0.09       2.054400    0.079100    4.00        67.26       32.74       1.504100    0.007800    0.52        60.07       39.93       1.936900    0.100800    5.49        65.95       34.05
2026-05-07 11:05:00 UTCNOTUSDT     0.000640      39.76     9465        9115441267.0000005418624.0000000.06        2.026600    -0.027800   -1.35       66.96       33.04       1.524300    0.020200    1.34        60.39       39.61       1.915500    -0.021400   -1.10       65.70       34.30
2026-05-07 11:10:00 UTCNOTUSDT     0.000639      39.20     4726        9124140560.0000008699293.0000000.10        1.994900    -0.031700   -1.56       66.61       33.39       1.513400    -0.010900   -0.72       60.21       39.79       1.861200    -0.054300   -2.83       65.05       34.95
2026-05-07 11:15:00 UTCNOTUSDT     0.000631      35.87     5758        9151291758.00000027151198.0000000.30        2.009300    0.014400    0.72        66.77       33.23       1.509400    -0.004000   -0.26       60.15       39.85       1.860400    -0.000800   -0.04       65.04       34.96
2026-05-07 11:20:00 UTCNOTUSDT     0.000635      38.39     5041        9091983060.000000-59308698.000000-0.65       2.031200    0.021900    1.09        67.01       32.99       1.498400    -0.011000   -0.73       59.97       40.03       1.877700    0.017300    0.93        65.25       34.75
2026-05-07 11:25:00 UTCNOTUSDT     0.000632      36.88     5021        9016504630.000000-75478430.000000-0.83       2.016600    -0.014600   -0.72       66.85       33.15       1.498000    -0.000400   -0.03       59.97       40.03       1.858000    -0.019700   -1.05       65.01       34.99
2026-05-07 11:30:00 UTCNOTUSDT     0.000628      35.02     7128        8942919521.000000-73585109.000000-0.82       2.004800    -0.011800   -0.59       66.72       33.28       1.489500    -0.008500   -0.57       59.83       40.17       1.854700    -0.003300   -0.18       64.97       35.03
2026-05-07 11:35:00 UTCNOTUSDT     0.000624      33.44     6576        8824192445.000000-118727076.000000-1.33       2.041400    0.036600    1.83        67.12       32.88       1.464700    -0.024800   -1.66       59.43       40.57       1.907000    0.052300    2.82        65.60       34.40
2026-05-07 11:40:00 UTCNOTUSDT     0.000622      32.49     4365        8823640891.000000-551554.000000-0.01       2.037700    -0.003700   -0.18       67.08       32.92       1.472100    0.007400    0.51        59.55       40.45       1.877700    -0.029300   -1.54       65.25       34.75
2026-05-07 11:45:00 UTCNOTUSDT     0.000618      30.87     4790        8783749627.000000-39891264.000000-0.45       2.066500    0.028800    1.41        67.39       32.61       1.469500    -0.002600   -0.18       59.51       40.49       1.896000    0.018300    0.97        65.47       34.53
2026-05-07 11:50:00 UTCNOTUSDT     0.000626      37.82     4961        8736819078.000000-46930549.000000-0.53       2.059000    -0.007500   -0.36       67.31       32.69       1.464200    -0.005300   -0.36       59.42       40.58       1.887700    -0.008300   -0.44       65.37       34.63
2026-05-07 11:55:00 UTCNOTUSDT     0.000625      37.50     4792        8701235808.000000-35583270.000000-0.41       2.023900    -0.035100   -1.70       66.93       33.07       1.451400    -0.012800   -0.87       59.21       40.79       1.860400    -0.027300   -1.45       65.04       34.96
2026-05-07 12:00:00 UTCNOTUSDT     0.000628      40.35     5457        8707374270.0000006138462.0000000.07        2.024800    0.000900    0.04        66.94       33.06       1.460200    0.008800    0.61        59.35       40.65       1.858800    -0.001600   -0.09       65.02       34.98
2026-05-07 12:05:00 UTCNOTUSDT     0.000625      38.23     5684        8733325027.00000025950757.0000000.30        2.017500    -0.007300   -0.36       66.86       33.14       1.484400    0.024200    1.66        59.75       40.25       1.833700    -0.025100   -1.35       64.71       35.29
2026-05-07 12:10:00 UTCNOTUSDT     0.000618      34.44     4927        8733157423.000000-167604.000000-0.00       2.065600    0.048100    2.38        67.38       32.62       1.482600    -0.001800   -0.12       59.72       40.28       1.884300    0.050600    2.76        65.33       34.67
2026-05-07 12:15:00 UTCNOTUSDT     0.000619      35.25     4227        8725690215.000000-7467208.000000-0.09       2.057200    -0.008400   -0.41       67.29       32.71       1.482100    -0.000500   -0.03       59.71       40.29       1.871100    -0.013200   -0.70       65.17       34.83
2026-05-07 12:20:00 UTCNOTUSDT     0.000620      36.63     5366        8704737823.000000-20952392.000000-0.24       2.060900    0.003700    0.18        67.33       32.67       1.481000    -0.001100   -0.07       59.69       40.31       1.860400    -0.010700   -0.57       65.04       34.96
2026-05-07 12:25:00 UTCNOTUSDT     0.000624      40.20     2901        8661808867.000000-42928956.000000-0.49       1.995800    -0.065100   -3.16       66.62       33.38       1.474100    -0.006900   -0.47       59.58       40.42       1.781600    -0.078800   -4.24       64.05       35.95
2026-05-07 12:30:00 UTCNOTUSDT     0.000621      38.75     2858        8682545232.00000020736365.0000000.24        2.023000    0.027200    1.36        66.92       33.08       1.483200    0.009100    0.62        59.73       40.27       1.804300    0.022700    1.27        64.34       35.66
2026-05-07 12:35:00 UTCNOTUSDT     0.000621      38.61     2374        8669271590.000000-13273642.000000-0.15       2.033100    0.010100    0.50        67.03       32.97       1.486000    0.002800    0.19        59.77       40.23       1.818500    0.014200    0.79        64.52       35.48
2026-05-07 12:40:00 UTCNOTUSDT     0.000625      43.03     3282        8681541149.00000012269559.0000000.14        2.043200    0.010100    0.50        67.14       32.86       1.494000    0.008000    0.54        59.90       40.10       1.820900    0.002400    0.13        64.55       35.45
2026-05-07 12:45:00 UTCNOTUSDT     0.000622      40.23     3740        8684426340.0000002885191.0000000.03        1.900200    -0.143000   -7.00       65.52       34.48       1.513700    0.019700    1.32        60.22       39.78       1.726300    -0.094600   -5.20       63.32       36.68
2026-05-07 12:50:00 UTCNOTUSDT     0.000620      38.98     2704        8698432887.00000014006547.0000000.16        1.895200    -0.005000   -0.26       65.46       34.54       1.517600    0.003900    0.26        60.28       39.72       1.736700    0.010400    0.60        63.46       36.54
2026-05-07 12:55:00 UTCNOTUSDT     0.000617      36.61     2771        8679653967.000000-18778920.000000-0.22       1.896000    0.000800    0.04        65.47       34.53       1.518500    0.000900    0.06        60.29       39.71       1.741200    0.004500    0.26        63.52       36.48
2026-05-07 13:00:00 UTCNOTUSDT     0.000620      40.15     4575        8655049837.000000-24604130.000000-0.28       1.927400    0.031400    1.66        65.84       34.16       1.522200    0.003700    0.24        60.35       39.65       1.764000    0.022800    1.31        63.82       36.18
2026-05-07 13:05:00 UTCNOTUSDT     0.000618      38.81     3118        8641589192.000000-13460645.000000-0.16       1.900200    -0.027200   -1.41       65.52       34.48       1.526800    0.004600    0.30        60.42       39.58       1.739700    -0.024300   -1.38       63.50       36.50
2026-05-07 13:10:00 UTCNOTUSDT     0.000618      38.38     2768        8678115467.00000036526275.0000000.42        1.896900    -0.003300   -0.17       65.48       34.52       1.522900    -0.003900   -0.26       60.36       39.64       1.733000    -0.006700   -0.39       63.41       36.59
2026-05-07 13:15:00 UTCNOTUSDT     0.000627      49.76     4719        8685715630.0000007600163.0000000.09        1.899400    0.002500    0.13        65.51       34.49       1.529600    0.006700    0.44        60.47       39.53       1.740500    0.007500    0.43        63.51       36.49
2026-05-07 13:20:00 UTCNOTUSDT     0.000633      54.94     4527        8682207052.000000-3508578.000000-0.04       1.874400    -0.025000   -1.32       65.21       34.79       1.526800    -0.002800   -0.18       60.42       39.58       1.710000    -0.030500   -1.75       63.10       36.90
2026-05-07 13:25:00 UTCNOTUSDT     0.000629      51.12     4877        8757365772.00000075158720.0000000.87        1.909500    0.035100    1.87        65.63       34.37       1.548900    0.022100    1.45        60.77       39.23       1.739700    0.029700    1.74        63.50       36.50
2026-05-07 13:30:00 UTCNOTUSDT     0.000617      41.26     10172       8795463924.00000038098152.0000000.44        1.930800    0.021300    1.12        65.88       34.12       1.558800    0.009900    0.64        60.92       39.08       1.761700    0.022000    1.26        63.79       36.21
2026-05-07 13:35:00 UTCNOTUSDT     0.000623      46.70     6447        8748479155.000000-46984769.000000-0.53       1.981500    0.050700    2.63        66.46       33.54       1.549100    -0.009700   -0.62       60.77       39.23       1.838500    0.076800    4.36        64.77       35.23
2026-05-07 13:40:00 UTCNOTUSDT     0.000623      46.89     3525        8768519959.00000020040804.0000000.23        1.949900    -0.031600   -1.59       66.10       33.90       1.528400    -0.020700   -1.34       60.45       39.55       1.794900    -0.043600   -2.37       64.22       35.78
2026-05-07 13:45:00 UTCNOTUSDT     0.000618      42.85     4445        8776547542.0000008027583.0000000.09        1.933400    -0.016500   -0.85       65.91       34.09       1.522100    -0.006300   -0.41       60.35       39.65       1.773900    -0.021000   -1.17       63.95       36.05
2026-05-07 13:50:00 UTCNOTUSDT     0.000620      45.14     4486        8758195483.000000-18352059.000000-0.21       1.956000    0.022600    1.17        66.17       33.83       1.516500    -0.005600   -0.37       60.26       39.74       1.798800    0.024900    1.40        64.27       35.73
2026-05-07 13:55:00 UTCNOTUSDT     0.000620      45.25     3141        8758213420.00000017937.000000  0.00        1.954200    -0.001800   -0.09       66.15       33.85       1.510800    -0.005700   -0.38       60.17       39.83       1.808200    0.009400    0.52        64.39       35.61
2026-05-07 14:00:00 UTCNOTUSDT     0.000619      43.83     4326        8762156292.0000003942872.0000000.05        1.937700    -0.016500   -0.84       65.96       34.04       1.514500    0.003700    0.24        60.23       39.77       1.805000    -0.003200   -0.18       64.35       35.65
2026-05-07 14:05:00 UTCNOTUSDT     0.000609      36.33     7560        8769002911.0000006846619.0000000.08        1.912900    -0.024800   -1.28       65.67       34.33       1.520900    0.006400    0.42        60.33       39.67       1.770100    -0.034900   -1.93       63.90       36.10
2026-05-07 14:10:00 UTCNOTUSDT     0.000614      41.90     7694        8674672997.000000-94329914.000000-1.08       1.974400    0.061500    3.22        66.38       33.62       1.526100    0.005200    0.34        60.41       39.59       1.840900    0.070800    4.00        64.80       35.20
2026-05-07 14:15:00 UTCNOTUSDT     0.000607      36.98     4086        8712108775.00000037435778.0000000.43        1.943800    -0.030600   -1.55       66.03       33.97       1.543800    0.017700    1.16        60.69       39.31       1.802700    -0.038200   -2.08       64.32       35.68
2026-05-07 14:20:00 UTCNOTUSDT     0.000613      42.99     2515        8672773817.000000-39334958.000000-0.45       1.947200    0.003400    0.17        66.07       33.93       1.544600    0.000800    0.05        60.70       39.30       1.809800    0.007100    0.39        64.41       35.59
2026-05-07 14:25:00 UTCNOTUSDT     0.000609      40.50     2988        8681278395.0000008504578.0000000.10        1.931700    -0.015500   -0.80       65.89       34.11       1.549200    0.004600    0.30        60.77       39.23       1.787800    -0.022000   -1.22       64.13       35.87
2026-05-07 14:30:00 UTCNOTUSDT     0.000607      38.62     3969        8745965456.00000064687061.0000000.75        1.925700    -0.006000   -0.31       65.82       34.18       1.558300    0.009100    0.59        60.91       39.09       1.791700    0.003900    0.22        64.18       35.82
2026-05-07 14:35:00 UTCNOTUSDT     0.000601      35.23     6547        8751274641.0000005309185.0000000.06        1.929100    0.003400    0.18        65.86       34.14       1.559400    0.001100    0.07        60.93       39.07       1.791000    -0.000700   -0.04       64.17       35.83
2026-05-07 14:40:00 UTCNOTUSDT     0.000603      37.10     2855        8653816727.000000-97457914.000000-1.11       1.933400    0.004300    0.22        65.91       34.09       1.545000    -0.014400   -0.92       60.71       39.29       1.787800    -0.003200   -0.18       64.13       35.87
2026-05-07 14:45:00 UTCNOTUSDT     0.000603      37.90     3818        8646937999.000000-6878728.000000-0.08       1.907800    -0.025600   -1.32       65.61       34.39       1.531000    -0.014000   -0.91       60.49       39.51       1.773200    -0.014600   -0.82       63.94       36.06
2026-05-07 14:50:00 UTCNOTUSDT     0.000607      41.96     3581        8643272885.000000-3665114.000000-0.04       1.915500    0.007700    0.40        65.70       34.30       1.538200    0.007200    0.47        60.60       39.40       1.763200    -0.010000   -0.56       63.81       36.19
2026-05-07 14:55:00 UTCNOTUSDT     0.000609      43.94     3713        8600118255.000000-43154630.000000-0.50       1.906100    -0.009400   -0.49       65.59       34.41       1.536500    -0.001700   -0.11       60.57       39.43       1.760100    -0.003100   -0.18       63.77       36.23
2026-05-07 15:00:00 UTCNOTUSDT     0.000607      42.39     4313        8606134927.0000006016672.0000000.07        1.864500    -0.041600   -2.18       65.09       34.91       1.535300    -0.001200   -0.08       60.56       39.44       1.712200    -0.047900   -2.72       63.13       36.87
2026-05-07 15:05:00 UTCNOTUSDT     0.000607      42.12     3285        8560785437.000000-45349490.000000-0.53       1.861200    -0.003300   -0.18       65.05       34.95       1.546500    0.011200    0.73        60.73       39.27       1.724100    0.011900    0.70        63.29       36.71
2026-05-07 15:10:00 UTCNOTUSDT     0.000609      45.34     2436        8572721775.00000011936338.0000000.14        1.858800    -0.002400   -0.13       65.02       34.98       1.550900    0.004400    0.28        60.80       39.20       1.705600    -0.018500   -1.07       63.04       36.96
2026-05-07 15:15:00 UTCNOTUSDT     0.000606      41.69     2657        8569389791.000000-3331984.000000-0.04       1.877700    0.018900    1.02        65.25       34.75       1.555800    0.004900    0.32        60.87       39.13       1.715200    0.009600    0.56        63.17       36.83
2026-05-07 15:20:00 UTCNOTUSDT     0.000605      41.13     3908        8573913770.0000004523979.0000000.05        1.879400    0.001700    0.09        65.27       34.73       1.547600    -0.008200   -0.53       60.75       39.25       1.722600    0.007400    0.43        63.27       36.73
2026-05-07 15:25:00 UTCNOTUSDT     0.000606      42.25     4122        8521789774.000000-52123996.000000-0.61       1.876900    -0.002500   -0.13       65.24       34.76       1.544500    -0.003100   -0.20       60.70       39.30       1.705600    -0.017000   -0.99       63.04       36.96
2026-05-07 15:30:00 UTCNOTUSDT     0.000609      47.12     2893        8503927701.000000-17862073.000000-0.21       1.867800    -0.009100   -0.48       65.13       34.87       1.532500    -0.012000   -0.78       60.51       39.49       1.688900    -0.016700   -0.98       62.81       37.19
2026-05-07 15:35:00 UTCNOTUSDT     0.000612      50.14     4876        8482911640.000000-21016061.000000-0.25       1.853900    -0.013900   -0.74       64.96       35.04       1.528400    -0.004100   -0.27       60.45       39.55       1.685300    -0.003600   -0.21       62.76       37.24
2026-05-07 15:40:00 UTCNOTUSDT     0.000608      45.37     2943        8482738798.000000-172842.000000-0.00       1.846600    -0.007300   -0.39       64.87       35.13       1.536600    0.008200    0.54        60.58       39.42       1.683100    -0.002200   -0.13       62.73       37.27
2026-05-07 15:45:00 UTCNOTUSDT     0.000611      49.18     2700        8534593106.00000051854308.0000000.61        1.852300    0.005700    0.31        64.94       35.06       1.552300    0.015700    1.02        60.82       39.18       1.678800    -0.004300   -0.26       62.67       37.33
2026-05-07 15:50:00 UTCNOTUSDT     0.000606      43.81     2131        8558820146.00000024227040.0000000.28        1.842500    -0.009800   -0.53       64.82       35.18       1.550900    -0.001400   -0.09       60.80       39.20       1.673100    -0.005700   -0.34       62.59       37.41
2026-05-07 15:55:00 UTCNOTUSDT     0.000606      44.21     1786        8548267239.000000-10552907.000000-0.12       1.866200    0.023700    1.29        65.11       34.89       1.557000    0.006100    0.39        60.89       39.11       1.699800    0.026700    1.60        62.96       37.04
2026-05-07 16:00:00 UTCNOTUSDT     0.000607      45.74     4150        8553129435.0000004862196.0000000.06        1.865300    -0.000900   -0.05       65.10       34.90       1.559900    0.002900    0.19        60.94       39.06       1.691100    -0.008700   -0.51       62.84       37.16
2026-05-07 16:05:00 UTCNOTUSDT     0.000616      55.74     3650        8537328188.000000-15801247.000000-0.18       1.854700    -0.010600   -0.57       64.97       35.03       1.562200    0.002300    0.15        60.97       39.03       1.681700    -0.009400   -0.56       62.71       37.29
2026-05-07 16:10:00 UTCNOTUSDT     0.000624      62.70     6200        8610778549.00000073450361.0000000.86        1.819300    -0.035400   -1.91       64.53       35.47       1.578100    0.015900    1.02        61.21       38.79       1.642000    -0.039700   -2.36       62.15       37.85
2026-05-07 16:15:00 UTCNOTUSDT     0.000617      55.14     5885        8797584062.000000186805513.0000002.17        1.803500    -0.015800   -0.87       64.33       35.67       1.580300    0.002200    0.14        61.24       38.76       1.646900    0.004900    0.30        62.22       37.78
2026-05-07 16:20:00 UTCNOTUSDT     0.000627      62.45     5911        8754026971.000000-43557091.000000-0.50       1.809000    0.005500    0.30        64.40       35.60       1.584000    0.003700    0.23        61.30       38.70       1.653200    0.006300    0.38        62.31       37.69
2026-05-07 16:25:00 UTCNOTUSDT     0.000627      62.34     4597        8817496344.00000063469373.0000000.73        1.801900    -0.007100   -0.39       64.31       35.69       1.576900    -0.007100   -0.45       61.19       38.81       1.665200    0.012000    0.73        62.48       37.52
2026-05-07 16:30:00 UTCNOTUSDT     0.000626      62.22     5242        8825646690.0000008150346.0000000.09        1.805800    0.003900    0.22        64.36       35.64       1.573000    -0.003900   -0.25       61.13       38.87       1.685300    0.020100    1.21        62.76       37.24
2026-05-07 16:35:00 UTCNOTUSDT     0.000623      58.16     4573        8842236256.00000016589566.0000000.19        1.821700    0.015900    0.88        64.56       35.44       1.577400    0.004400    0.28        61.20       38.80       1.686700    0.001400    0.08        62.78       37.22
2026-05-07 16:40:00 UTCNOTUSDT     0.000629      62.97     5629        8829761746.000000-12474510.000000-0.14       1.846600    0.024900    1.37        64.87       35.13       1.573000    -0.004400   -0.28       61.13       38.87       1.724100    0.037400    2.22        63.29       36.71
2026-05-07 16:45:00 UTCNOTUSDT     0.000624      56.34     6494        8864676480.00000034914734.0000000.40        1.794100    -0.052500   -2.84       64.21       35.79       1.573400    0.000400    0.03        61.14       38.86       1.692500    -0.031600   -1.83       62.86       37.14
2026-05-07 16:50:00 UTCNOTUSDT     0.000614      47.52     5253        8826216386.000000-38460094.000000-0.43       1.827300    0.033200    1.85        64.63       35.37       1.576500    0.003100    0.20        61.19       38.81       1.712200    0.019700    1.16        63.13       36.87
2026-05-07 16:55:00 UTCNOTUSDT     0.000621      53.54     12857       8754577454.000000-71638932.000000-0.81       1.867800    0.040500    2.22        65.13       34.87       1.587500    0.011000    0.70        61.35       38.65       1.742000    0.029800    1.74        63.53       36.47
2026-05-07 17:00:00 UTCNOTUSDT     0.000632      60.60     18051       8911309721.000000156732267.0000001.79        1.817700    -0.050100   -2.68       64.51       35.49       1.628200    0.040700    2.56        61.95       38.05       1.655300    -0.086700   -4.98       62.34       37.66
2026-05-07 17:05:00 UTCNOTUSDT     0.000641      65.56     9396        9223629406.000000312319685.0000003.50        1.818500    0.000800    0.04        64.52       35.48       1.674700    0.046500    2.86        62.61       37.39       1.673800    0.018500    1.12        62.60       37.40
2026-05-07 17:10:00 UTCNOTUSDT     0.000631      57.30     17536       9254378434.00000030749028.0000000.33        1.836900    0.018400    1.01        64.75       35.25       1.654400    -0.020300   -1.21       62.33       37.67       1.707800    0.034000    2.03        63.07       36.93
2026-05-07 17:15:00 UTCNOTUSDT     0.000634      59.09     8721        8939214338.000000-315164096.000000-3.41       1.827300    -0.009600   -0.52       64.63       35.37       1.569900    -0.084500   -5.11       61.09       38.91       1.721100    0.013300    0.78        63.25       36.75
2026-05-07 17:20:00 UTCNOTUSDT     0.000634      59.01     5407        8916956812.000000-22257526.000000-0.25       1.858000    0.030700    1.68        65.01       34.99       1.561000    -0.008900   -0.57       60.95       39.05       1.744200    0.023100    1.34        63.56       36.44
2026-05-07 17:25:00 UTCNOTUSDT     0.000633      57.69     6799        8906975920.000000-9980892.000000-0.11       1.838500    -0.019500   -1.05       64.77       35.23       1.552300    -0.008700   -0.56       60.82       39.18       1.727000    -0.017200   -0.99       63.33       36.67
2026-05-07 17:30:00 UTCNOTUSDT     0.000631      55.99     4020        8844955984.000000-62019936.000000-0.70       1.849800    0.011300    0.61        64.91       35.09       1.563600    0.011300    0.73        60.99       39.01       1.735200    0.008200    0.47        63.44       36.56
2026-05-07 17:35:00 UTCNOTUSDT     0.000637      59.95     3548        8852502487.0000007546503.0000000.09        1.837700    -0.012100   -0.65       64.76       35.24       1.561500    -0.002100   -0.13       60.96       39.04       1.727000    -0.008200   -0.47       63.33       36.67
2026-05-07 17:40:00 UTCNOTUSDT     0.000638      60.84     4156        8867806742.00000015304255.0000000.17        1.832100    -0.005600   -0.30       64.69       35.31       1.557100    -0.004400   -0.28       60.89       39.11       1.730000    0.003000    0.17        63.37       36.63
2026-05-07 17:45:00 UTCNOTUSDT     0.000634      56.73     4426        8866577671.000000-1229071.000000-0.01       1.831300    -0.000800   -0.04       64.68       35.32       1.555500    -0.001600   -0.10       60.87       39.13       1.718900    -0.011100   -0.64       63.22       36.78
2026-05-07 17:50:00 UTCNOTUSDT     0.000643      62.40     4353        8837786914.000000-28790757.000000-0.32       1.831300    0.000000    0.00        64.68       35.32       1.558300    0.002800    0.18        60.91       39.09       1.726300    0.007400    0.43        63.32       36.68
2026-05-07 17:55:00 UTCNOTUSDT     0.000653      67.56     6116        8846850057.0000009063143.0000000.10        1.798800    -0.032500   -1.77       64.27       35.73       1.543200    -0.015100   -0.97       60.68       39.32       1.684600    -0.041700   -2.42       62.75       37.25
2026-05-07 18:00:00 UTCNOTUSDT     0.000654      68.18     9636        8865620502.00000018770445.0000000.21        1.795600    -0.003200   -0.18       64.23       35.77       1.533800    -0.009400   -0.61       60.53       39.47       1.693200    0.008600    0.51        62.87       37.13
2026-05-07 18:05:00 UTCNOTUSDT     0.000659      70.53     5958        8825539472.000000-40081030.000000-0.45       1.837700    0.042100    2.34        64.76       35.24       1.528300    -0.005500   -0.36       60.45       39.55       1.738200    0.045000    2.66        63.48       36.52
2026-05-07 18:10:00 UTCNOTUSDT     0.000669      74.56     11694       8826108844.000000569372.000000 0.01        1.821700    -0.016000   -0.87       64.56       35.44       1.519800    -0.008500   -0.56       60.31       39.69       1.735200    -0.003000   -0.17       63.44       36.56
2026-05-07 18:15:00 UTCNOTUSDT     0.000682      78.82     17329       8925900332.00000099791488.0000001.13        1.805800    -0.015900   -0.87       64.36       35.64       1.477300    -0.042500   -2.80       59.63       40.37       1.733000    -0.002200   -0.13       63.41       36.59
2026-05-07 18:20:00 UTCNOTUSDT     0.000701      82.91     24460       8865735301.000000-60165031.000000-0.67       1.747300    -0.058500   -3.24       63.60       36.40       1.470000    -0.007300   -0.49       59.51       40.49       1.699800    -0.033200   -1.92       62.96       37.04
2026-05-07 18:25:00 UTCNOTUSDT     0.000705      83.66     14549       9057721073.000000191985772.0000002.17        1.709300    -0.038000   -2.17       63.09       36.91       1.479400    0.009400    0.64        59.67       40.33       1.658900    -0.040900   -2.41       62.39       37.61

==============================================================================================================
LAST SNAPSHOT
==============================================================================================================
Time                : 2026-05-07 18:25:00 UTC
Symbol              : NOTUSDT
Close               : 0.000705
RSI(14)            : 83.66
Number of Trades    : 14549
Volume              : 1217665705.000000
Quote Volume        : 857720.762872

Open Interest       : 9057721073.000000
OI Change           : 191985772.000000
OI Change %         : 2.17%
OI Value            : 6344933.611636

Top Acco L/S Ratio  : 1.709300
Top Acco L/S Change : -0.038000
Top Acco Chg %      : -2.17%
Top Acco Long %     : 63.09
Top Acco Short %    : 36.91

Top Posit L/S Ratio : 1.479400
Top Posit L/S Change: 0.009400
Top Posit Chg %     : 0.64%
Top Posit Long %    : 59.67
Top Posit Short %   : 40.33

Global L/S Ratio    : 1.658900
Global L/S Change   : -0.040900
Global Chg %        : -2.41%
Global Long %       : 62.39
Global Short %      : 37.61

[Program finished]
