####################################################################################################
FETCHING BINANCE FUTURES DATA ...
####################################################################################################
SYMBOL     : TSTUSDT
PERIOD     : 15m
LIMIT      : 500
RSI_PERIOD : 14

========================================================================================================================================================================================================================================================================================================================================================================
BINANCE FUTURES MERGED DATA (L.S + OI + RSI + TRADES) | ROW = ONE CANDLE
========================================================================================================================================================================================================================================================================================================================================================================
Time                  Symbol      Close         RSI       Trades      OI              OI Chg        OI Chg %    Acco L/S    Acco Chg    Acco Chg%   Acco L%     Acco S%     Posit L/S   Posit Chg   Posit Chg%  Posit L%    Posit S%    Global L/S  Global Chg  Global Chg% Global L%   Global S%
------------------------------------------------------------------------------------------------------------------------------------------------------------------------------------------------------------------------------------------------------------------------------------------------------------------------------------------------------------------------
2026-04-29 13:45:00 UTCTSTUSDT     0.010769      25.91     708         225935820.0000000.000000      0.00        2.586800    0.000000    0.00        72.12       27.88       2.765600    0.000000    0.00        73.44       26.56       2.024800    0.000000    0.00        66.94       33.06
2026-04-29 14:00:00 UTCTSTUSDT     0.010696      22.66     810         225626667.000000-309153.000000-0.14       2.588100    0.001300    0.05        72.13       27.87       2.750300    -0.015300   -0.55       73.34       26.66       2.031200    0.006400    0.32        67.01       32.99
2026-04-29 14:15:00 UTCTSTUSDT     0.010664      21.39     466         225758181.000000131514.000000 0.06        2.606200    0.018100    0.70        72.27       27.73       2.741300    -0.009000   -0.33       73.27       26.73       2.021100    -0.010100   -0.50       66.90       33.10
2026-04-29 14:30:00 UTCTSTUSDT     0.010646      20.69     549         225689634.000000-68547.000000 -0.03       2.612700    0.006500    0.25        72.32       27.68       2.743100    0.001800    0.07        73.28       26.72       2.035800    0.014700    0.73        67.06       32.94
2026-04-29 14:45:00 UTCTSTUSDT     0.010612      19.40     586         225996705.000000307071.000000 0.14        2.602300    -0.010400   -0.40       72.24       27.76       2.739100    -0.004000   -0.15       73.26       26.74       2.029400    -0.006400   -0.31       66.99       33.01
2026-04-29 15:00:00 UTCTSTUSDT     0.010560      17.59     1144        226201719.000000205014.000000 0.09        2.580400    -0.021900   -0.84       72.07       27.93       2.726400    -0.012700   -0.46       73.16       26.84       2.015700    -0.013700   -0.68       66.84       33.16
2026-04-29 15:15:00 UTCTSTUSDT     0.010591      22.25     659         226477531.000000275812.000000 0.12        2.575300    -0.005100   -0.20       72.03       27.97       2.743200    0.016800    0.62        73.28       26.72       2.003900    -0.011800   -0.59       66.71       33.29
2026-04-29 15:30:00 UTCTSTUSDT     0.010524      19.66     570         225920703.000000-556828.000000-0.25       2.568900    -0.006400   -0.25       71.98       28.02       2.743200    0.000000    0.00        73.28       26.72       1.986000    -0.017900   -0.89       66.51       33.49
2026-04-29 15:45:00 UTCTSTUSDT     0.010520      19.52     640         225413208.000000-507495.000000-0.22       2.575300    0.006400    0.25        72.03       27.97       2.730200    -0.013000   -0.47       73.19       26.81       1.988600    0.002600    0.13        66.54       33.46
2026-04-29 16:00:00 UTCTSTUSDT     0.010525      20.31     1541        225395120.000000-18088.000000 -0.01       2.584200    0.008900    0.35        72.10       27.90       2.708200    -0.022000   -0.81       73.03       26.97       1.995800    0.007200    0.36        66.62       33.38
2026-04-29 16:15:00 UTCTSTUSDT     0.010499      19.25     531         225243901.000000-151219.000000-0.07       2.554900    -0.029300   -1.13       71.87       28.13       2.676400    -0.031800   -1.17       72.80       27.20       1.991300    -0.004500   -0.23       66.57       33.43
2026-04-29 16:30:00 UTCTSTUSDT     0.010461      17.78     483         224507550.000000-736351.000000-0.33       2.532300    -0.022600   -0.88       71.69       28.31       2.716100    0.039700    1.48        73.09       26.91       1.959500    -0.031800   -1.60       66.21       33.79
2026-04-29 16:45:00 UTCTSTUSDT     0.010481      21.19     1781        224108863.000000-398687.000000-0.18       2.561300    0.029000    1.15        71.92       28.08       2.723700    0.007600    0.28        73.14       26.86       1.963800    0.004300    0.22        66.26       33.74
2026-04-29 17:00:00 UTCTSTUSDT     0.010562      33.25     708         222204853.000000-1904010.000000-0.85       2.497700    -0.063600   -2.48       71.41       28.59       2.699900    -0.023800   -0.87       72.97       27.03       1.867000    -0.096800   -4.93       65.12       34.88
2026-04-29 17:15:00 UTCTSTUSDT     0.010532      31.34     536         222093632.000000-111221.000000-0.05       2.490400    -0.007300   -0.29       71.35       28.65       2.723600    0.023700    0.88        73.14       26.86       1.876900    0.009900    0.53        65.24       34.76
2026-04-29 17:30:00 UTCTSTUSDT     0.010530      31.21     392         222457487.000000363855.000000 0.16        2.466200    -0.024200   -0.97       71.15       28.85       2.734400    0.010800    0.40        73.22       26.78       1.863700    -0.013200   -0.70       65.08       34.92
2026-04-29 17:45:00 UTCTSTUSDT     0.010538      32.41     514         222364928.000000-92559.000000 -0.04       2.469800    0.003600    0.15        71.18       28.82       2.741500    0.007100    0.26        73.27       26.73       1.855500    -0.008200   -0.44       64.98       35.02
2026-04-29 18:00:00 UTCTSTUSDT     0.010417      25.25     996         222368220.0000003292.000000   0.00        2.456600    -0.013200   -0.53       71.07       28.93       2.748800    0.007300    0.27        73.32       26.68       1.849000    -0.006500   -0.35       64.90       35.10
2026-04-29 18:15:00 UTCTSTUSDT     0.010391      24.02     588         221929958.000000-438262.000000-0.20       2.473400    0.016800    0.68        71.21       28.79       2.757800    0.009000    0.33        73.39       26.61       1.865300    0.016300    0.88        65.10       34.90
2026-04-29 18:30:00 UTCTSTUSDT     0.010421      28.35     792         221639182.000000-290776.000000-0.13       2.463800    -0.009600   -0.39       71.13       28.87       2.751200    -0.006600   -0.24       73.34       26.66       1.859600    -0.005700   -0.31       65.03       34.97
2026-04-29 18:45:00 UTCTSTUSDT     0.010539      42.29     1204        221939203.000000300021.000000 0.14        2.466200    0.002400    0.10        71.15       28.85       2.742600    -0.008600   -0.31       73.28       26.72       1.891800    0.032200    1.73        65.42       34.58
2026-04-29 19:00:00 UTCTSTUSDT     0.010521      40.98     664         221880203.000000-59000.000000 -0.03       2.436400    -0.029800   -1.21       70.90       29.10       2.723000    -0.019600   -0.71       73.14       26.86       1.858800    -0.033000   -1.74       65.02       34.98
2026-04-29 19:15:00 UTCTSTUSDT     0.010496      39.16     269         221106402.000000-773801.000000-0.35       2.459000    0.022600    0.93        71.09       28.91       2.757000    0.034000    1.25        73.38       26.62       1.876900    0.018100    0.97        65.24       34.76
2026-04-29 19:30:00 UTCTSTUSDT     0.010491      38.79     312         221048416.000000-57986.000000 -0.03       2.449500    -0.009500   -0.39       71.01       28.99       2.754900    -0.002100   -0.08       73.37       26.63       1.876900    0.000000    0.00        65.24       34.76
2026-04-29 19:45:00 UTCTSTUSDT     0.010505      40.49     348         221079845.00000031429.000000  0.01        2.453000    0.003500    0.14        71.04       28.96       2.756700    0.001800    0.07        73.38       26.62       1.871100    -0.005800   -0.31       65.17       34.83
2026-04-29 20:00:00 UTCTSTUSDT     0.010526      43.04     832         220999700.000000-80145.000000 -0.04       2.441200    -0.011800   -0.48       70.94       29.06       2.756500    -0.000200   -0.01       73.38       26.62       1.863700    -0.007400   -0.40       65.08       34.92
2026-04-29 20:15:00 UTCTSTUSDT     0.010554      46.33     351         220349860.000000-649840.000000-0.29       2.460200    0.019000    0.78        71.10       28.90       2.794600    0.038100    1.38        73.65       26.35       1.876900    0.013200    0.71        65.24       34.76
2026-04-29 20:30:00 UTCTSTUSDT     0.010578      49.06     404         220371198.00000021338.000000  0.01        2.456600    -0.003600   -0.15       71.07       28.93       2.794600    0.000000    0.00        73.65       26.35       1.877700    0.000800    0.04        65.25       34.75
2026-04-29 20:45:00 UTCTSTUSDT     0.010574      48.61     534         220053391.000000-317807.000000-0.14       2.468600    0.012000    0.49        71.17       28.83       2.810600    0.016000    0.57        73.76       26.24       1.881800    0.004100    0.22        65.30       34.70
2026-04-29 21:00:00 UTCTSTUSDT     0.010609      52.64     892         220251378.000000197987.000000 0.09        2.453000    -0.015600   -0.63       71.04       28.96       2.821100    0.010500    0.37        73.83       26.17       1.869400    -0.012400   -0.66       65.15       34.85
2026-04-29 21:15:00 UTCTSTUSDT     0.010663      58.10     592         220301118.00000049740.000000  0.02        2.440000    -0.013000   -0.53       70.93       29.07       2.864200    0.043100    1.53        74.12       25.88       1.862000    -0.007400   -0.40       65.06       34.94
2026-04-29 21:30:00 UTCTSTUSDT     0.010654      56.92     539         220277079.000000-24039.000000 -0.01       2.436400    -0.003600   -0.15       70.90       29.10       2.864300    0.000100    0.00        74.12       25.88       1.858800    -0.003200   -0.17       65.02       34.98
2026-04-29 21:45:00 UTCTSTUSDT     0.010659      57.44     327         220117584.000000-159495.000000-0.07       2.465000    0.028600    1.17        71.14       28.86       2.878900    0.014600    0.51        74.22       25.78       1.871100    0.012300    0.66        65.17       34.83
2026-04-29 22:00:00 UTCTSTUSDT     0.010654      56.71     659         219886539.000000-231045.000000-0.10       2.481900    0.016900    0.69        71.28       28.72       2.880700    0.001800    0.06        74.23       25.77       1.873600    0.002500    0.13        65.20       34.80
2026-04-29 22:15:00 UTCTSTUSDT     0.010665      57.97     347         219785277.000000-101262.000000-0.05       2.492800    0.010900    0.44        71.37       28.63       2.920300    0.039600    1.37        74.49       25.51       1.895200    0.021600    1.15        65.46       34.54
2026-04-29 22:30:00 UTCTSTUSDT     0.010691      60.89     406         219754965.000000-30312.000000 -0.01       2.501400    0.008600    0.34        71.44       28.56       2.921000    0.000700    0.02        74.50       25.50       1.899400    0.004200    0.22        65.51       34.49
2026-04-29 22:45:00 UTCTSTUSDT     0.010740      65.72     772         219884453.000000129488.000000 0.06        2.512500    0.011100    0.44        71.53       28.47       2.936100    0.015100    0.52        74.59       25.41       1.884300    -0.015100   -0.79       65.33       34.67
2026-04-29 23:00:00 UTCTSTUSDT     0.010712      61.08     542         219388435.000000-496018.000000-0.23       2.500200    -0.012300   -0.49       71.43       28.57       2.927500    -0.008600   -0.29       74.54       25.46       1.859600    -0.024700   -1.31       65.03       34.97
2026-04-29 23:15:00 UTCTSTUSDT     0.010727      62.60     256         219095915.000000-292520.000000-0.13       2.527300    0.027100    1.08        71.65       28.35       2.940900    0.013400    0.46        74.63       25.37       1.891800    0.032200    1.73        65.42       34.58
2026-04-29 23:30:00 UTCTSTUSDT     0.010763      66.04     692         219081386.000000-14529.000000 -0.01       2.522400    -0.004900   -0.19       71.61       28.39       2.938800    -0.002100   -0.07       74.61       25.39       1.886000    -0.005800   -0.31       65.35       34.65
2026-04-29 23:45:00 UTCTSTUSDT     0.010749      63.59     921         217177870.000000-1903516.000000-0.87       2.534800    0.012400    0.49        71.71       28.29       2.915700    -0.023100   -0.79       74.46       25.54       1.895200    0.009200    0.49        65.46       34.54
2026-04-30 00:00:00 UTCTSTUSDT     0.010733      60.82     574         217218634.00000040764.000000  0.02        2.539800    0.005000    0.20        71.75       28.25       2.916400    0.000700    0.02        74.47       25.53       1.901100    0.005900    0.31        65.53       34.47
2026-04-30 00:15:00 UTCTSTUSDT     0.010768      64.47     284         216876664.000000-341970.000000-0.16       2.544800    0.005000    0.20        71.79       28.21       2.922900    0.006500    0.22        74.51       25.49       1.908700    0.007600    0.40        65.62       34.38
2026-04-30 00:30:00 UTCTSTUSDT     0.010847      71.03     593         216911426.00000034762.000000  0.02        2.541100    -0.003700   -0.15       71.76       28.24       2.922800    -0.000100   -0.00       74.51       25.49       1.909500    0.000800    0.04        65.63       34.37
2026-04-30 00:45:00 UTCTSTUSDT     0.010882      73.37     362         216455585.000000-455841.000000-0.21       2.557500    0.016400    0.65        71.89       28.11       2.951400    0.028600    0.98        74.69       25.31       1.910400    0.000900    0.05        65.64       34.36
2026-04-30 01:00:00 UTCTSTUSDT     0.010949      77.18     751         216304854.000000-150731.000000-0.07       2.553700    -0.003800   -0.15       71.86       28.14       2.941300    -0.010100   -0.34       74.63       25.37       1.926500    0.016100    0.84        65.83       34.17
2026-04-30 01:15:00 UTCTSTUSDT     0.010922      72.67     459         216099656.000000-205198.000000-0.09       2.534800    -0.018900   -0.74       71.71       28.29       2.962100    0.020800    0.71        74.76       25.24       1.898600    -0.027900   -1.45       65.50       34.50
2026-04-30 01:30:00 UTCTSTUSDT     0.010941      73.83     639         215846758.000000-252898.000000-0.12       2.529800    -0.005000   -0.20       71.67       28.33       2.956200    -0.005900   -0.20       74.72       25.28       1.917200    0.018600    0.98        65.72       34.28
2026-04-30 01:45:00 UTCTSTUSDT     0.010927      71.43     634         215799631.000000-47127.000000 -0.02       2.548600    0.018800    0.74        71.82       28.18       2.969400    0.013200    0.45        74.81       25.19       1.936000    0.018800    0.98        65.94       34.06
2026-04-30 02:00:00 UTCTSTUSDT     0.010936      72.06     917         215787722.000000-11909.000000 -0.01       2.537300    -0.011300   -0.44       71.73       28.27       2.969900    0.000500    0.02        74.81       25.19       1.930800    -0.005200   -0.27       65.88       34.12
2026-04-30 02:15:00 UTCTSTUSDT     0.010921      69.31     287         215194275.000000-593447.000000-0.28       2.551100    0.013800    0.54        71.84       28.16       2.992800    0.022900    0.77        74.95       25.05       1.940300    0.009500    0.49        65.99       34.01
2026-04-30 02:30:00 UTCTSTUSDT     0.010844      57.26     880         215138913.000000-55362.000000 -0.03       2.539800    -0.011300   -0.44       71.75       28.25       2.995000    0.002200    0.07        74.97       25.03       1.930000    -0.010300   -0.53       65.87       34.13
2026-04-30 02:45:00 UTCTSTUSDT     0.010858      58.67     582         214310010.000000-828903.000000-0.39       2.548600    0.008800    0.35        71.82       28.18       2.934200    -0.060800   -2.03       74.58       25.42       1.954200    0.024200    1.25        66.15       33.85
2026-04-30 03:00:00 UTCTSTUSDT     0.010772      48.18     827         214617865.000000307855.000000 0.14        2.557500    0.008900    0.35        71.89       28.11       2.915400    -0.018800   -0.64       74.46       25.54       1.952500    -0.001700   -0.09       66.13       33.87
2026-04-30 03:15:00 UTCTSTUSDT     0.010760      46.92     587         214646813.00000028948.000000  0.01        2.563800    0.006300    0.25        71.94       28.06       2.932900    0.017500    0.60        74.57       25.43       1.956000    0.003500    0.18        66.17       33.83
2026-04-30 03:30:00 UTCTSTUSDT     0.010743      45.12     693         214921177.000000274364.000000 0.13        2.588100    0.024300    0.95        72.13       27.87       2.948700    0.015800    0.54        74.68       25.32       1.969100    0.013100    0.67        66.32       33.68
2026-04-30 03:45:00 UTCTSTUSDT     0.010680      39.12     595         215333077.000000411900.000000 0.19        2.608800    0.020700    0.80        72.29       27.71       2.959100    0.010400    0.35        74.74       25.26       1.978000    0.008900    0.45        66.42       33.58
2026-04-30 04:00:00 UTCTSTUSDT     0.010693      40.87     677         215255908.000000-77169.000000 -0.04       2.625800    0.017000    0.65        72.42       27.58       2.967700    0.008600    0.29        74.80       25.20       1.982400    0.004400    0.22        66.47       33.53
2026-04-30 04:15:00 UTCTSTUSDT     0.010749      47.81     365         215866466.000000610558.000000 0.28        2.635000    0.009200    0.35        72.49       27.51       2.970500    0.002800    0.09        74.81       25.19       1.979700    -0.002700   -0.14       66.44       33.56
2026-04-30 04:30:00 UTCTSTUSDT     0.010669      40.50     505         215856019.000000-10447.000000 -0.00       2.624500    -0.010500   -0.40       72.41       27.59       2.974000    0.003500    0.12        74.84       25.16       1.972700    -0.007000   -0.35       66.36       33.64
2026-04-30 04:45:00 UTCTSTUSDT     0.010688      42.74     262         215525173.000000-330846.000000-0.15       2.619300    -0.005200   -0.20       72.37       27.63       2.975700    0.001700    0.06        74.85       25.15       1.986900    0.014200    0.72        66.52       33.48
2026-04-30 05:00:00 UTCTSTUSDT     0.010689      42.86     526         215707504.000000182331.000000 0.08        2.611400    -0.007900   -0.30       72.31       27.69       2.977700    0.002000    0.07        74.86       25.14       1.996700    0.009800    0.49        66.63       33.37
2026-04-30 05:15:00 UTCTSTUSDT     0.010642      38.69     322         216066142.000000358638.000000 0.17        2.645600    0.034200    1.31        72.57       27.43       2.982300    0.004600    0.15        74.89       25.11       2.004800    0.008100    0.41        66.72       33.28
2026-04-30 05:30:00 UTCTSTUSDT     0.010683      43.82     382         216125231.00000059089.000000  0.03        2.644300    -0.001300   -0.05       72.56       27.44       2.968200    -0.014100   -0.47       74.80       25.20       2.015700    0.010900    0.54        66.84       33.16
2026-04-30 05:45:00 UTCTSTUSDT     0.010676      43.16     288         216095128.000000-30103.000000 -0.01       2.636400    -0.007900   -0.30       72.50       27.50       2.975100    0.006900    0.23        74.84       25.16       2.007500    -0.008200   -0.41       66.75       33.25
2026-04-30 06:00:00 UTCTSTUSDT     0.010692      45.21     395         216149357.00000054229.000000  0.03        2.644300    0.007900    0.30        72.56       27.44       2.990500    0.015400    0.52        74.94       25.06       2.011100    0.003600    0.18        66.79       33.21
2026-04-30 06:15:00 UTCTSTUSDT     0.010733      50.16     270         216066599.000000-82758.000000 -0.04       2.623200    -0.021100   -0.80       72.40       27.60       2.997300    0.006800    0.23        74.98       25.02       2.005700    -0.005400   -0.27       66.73       33.27
2026-04-30 06:30:00 UTCTSTUSDT     0.010791      56.19     423         216020798.000000-45801.000000 -0.02       2.632400    0.009200    0.35        72.47       27.53       3.001800    0.004500    0.15        75.01       24.99       2.002100    -0.003600   -0.18       66.69       33.31
2026-04-30 06:45:00 UTCTSTUSDT     0.010756      52.09     445         215830725.000000-190073.000000-0.09       2.641700    0.009300    0.35        72.54       27.46       3.018800    0.017000    0.57        75.12       24.88       1.981500    -0.020600   -1.03       66.46       33.54
2026-04-30 07:00:00 UTCTSTUSDT     0.010739      50.18     622         216200167.000000369442.000000 0.17        2.632400    -0.009300   -0.35       72.47       27.53       3.035500    0.016700    0.55        75.22       24.78       1.981500    0.000000    0.00        66.46       33.54
2026-04-30 07:15:00 UTCTSTUSDT     0.010724      48.49     302         216114368.000000-85799.000000 -0.04       2.653600    0.021200    0.81        72.63       27.37       3.049700    0.014200    0.47        75.31       24.69       1.998500    0.017000    0.86        66.65       33.35
2026-04-30 07:30:00 UTCTSTUSDT     0.010780      54.64     396         215960977.000000-153391.000000-0.07       2.672400    0.018800    0.71        72.77       27.23       3.053800    0.004100    0.13        75.33       24.67       2.005700    0.007200    0.36        66.73       33.27
2026-04-30 07:45:00 UTCTSTUSDT     0.010769      53.29     421         216333326.000000372349.000000 0.17        2.694100    0.021700    0.81        72.93       27.07       3.058600    0.004800    0.16        75.36       24.64       2.004800    -0.000900   -0.04       66.72       33.28
2026-04-30 08:00:00 UTCTSTUSDT     0.010785      55.03     445         216171951.000000-161375.000000-0.07       2.706400    0.012300    0.46        73.02       26.98       3.055700    -0.002900   -0.09       75.34       24.66       2.007500    0.002700    0.13        66.75       33.25
2026-04-30 08:15:00 UTCTSTUSDT     0.010762      52.03     243         216103706.000000-68245.000000 -0.03       2.710600    0.004200    0.16        73.05       26.95       3.062100    0.006400    0.21        75.38       24.62       2.013900    0.006400    0.32        66.82       33.18
2026-04-30 08:30:00 UTCTSTUSDT     0.010759      51.64     314         216065613.000000-38093.000000 -0.02       2.712000    0.001400    0.05        73.06       26.94       3.064900    0.002800    0.09        75.40       24.60       2.009300    -0.004600   -0.23       66.77       33.23
2026-04-30 08:45:00 UTCTSTUSDT     0.010775      53.66     321         216046225.000000-19388.000000 -0.01       2.716100    0.004100    0.15        73.09       26.91       3.060100    -0.004800   -0.16       75.37       24.63       2.015700    0.006400    0.32        66.84       33.16
2026-04-30 09:00:00 UTCTSTUSDT     0.010815      58.34     591         216098552.00000052327.000000  0.02        2.688700    -0.027400   -1.01       72.89       27.11       3.065200    0.005100    0.17        75.40       24.60       2.006600    -0.009100   -0.45       66.74       33.26
2026-04-30 09:15:00 UTCTSTUSDT     0.010840      60.99     206         216305653.000000207101.000000 0.10        2.720200    0.031500    1.17        73.12       26.88       3.072200    0.007000    0.23        75.44       24.56       2.018400    0.011800    0.59        66.87       33.13
2026-04-30 09:30:00 UTCTSTUSDT     0.010826      58.74     288         216336323.00000030670.000000  0.01        2.721600    0.001400    0.05        73.13       26.87       3.073400    0.001200    0.04        75.45       24.55       2.020200    0.001800    0.09        66.89       33.11
2026-04-30 09:45:00 UTCTSTUSDT     0.010809      56.03     279         216371570.00000035247.000000  0.02        2.753800    0.032200    1.18        73.36       26.64       3.065800    -0.007600   -0.25       75.40       24.60       2.035800    0.015600    0.77        67.06       32.94
2026-04-30 10:00:00 UTCTSTUSDT     0.010813      56.53     588         216282229.000000-89341.000000 -0.04       2.752300    -0.001500   -0.05       73.35       26.65       3.062700    -0.003100   -0.10       75.39       24.61       2.039500    0.003700    0.18        67.10       32.90
2026-04-30 10:15:00 UTCTSTUSDT     0.010814      56.67     257         216467652.000000185423.000000 0.09        2.720200    -0.032100   -1.17       73.12       26.88       3.043000    -0.019700   -0.64       75.27       24.73       2.018400    -0.021100   -1.03       66.87       33.13
2026-04-30 10:30:00 UTCTSTUSDT     0.010836      59.63     446         216453379.000000-14273.000000 -0.01       2.782100    0.061900    2.28        73.56       26.44       3.047200    0.004200    0.14        75.29       24.71       2.039500    0.021100    1.05        67.10       32.90
2026-04-30 10:45:00 UTCTSTUSDT     0.010860      62.64     540         216388701.000000-64678.000000 -0.03       2.813900    0.031800    1.14        73.78       26.22       3.060700    0.013500    0.44        75.37       24.63       2.056200    0.016700    0.82        67.28       32.72
2026-04-30 11:00:00 UTCTSTUSDT     0.010786      50.23     549         216490567.000000101866.000000 0.05        2.811000    -0.002900   -0.10       73.76       26.24       3.064700    0.004000    0.13        75.40       24.60       2.066500    0.010300    0.50        67.39       32.61
2026-04-30 11:15:00 UTCTSTUSDT     0.010796      51.62     276         216454928.000000-35639.000000 -0.02       2.825600    0.014600    0.52        73.86       26.14       3.075300    0.010600    0.35        75.46       24.54       2.069400    0.002900    0.14        67.42       32.58
2026-04-30 11:30:00 UTCTSTUSDT     0.010773      48.27     342         216455581.000000653.000000    0.00        2.827000    0.001400    0.05        73.87       26.13       3.066100    -0.009200   -0.30       75.41       24.59       2.077900    0.008500    0.41        67.51       32.49
2026-04-30 11:45:00 UTCTSTUSDT     0.010746      44.61     729         216457895.0000002314.000000   0.00        2.838800    0.011800    0.42        73.95       26.05       3.062900    -0.003200   -0.10       75.39       24.61       2.083600    0.005700    0.27        67.57       32.43
2026-04-30 12:00:00 UTCTSTUSDT     0.010714      40.67     501         216383903.000000-73992.000000 -0.03       2.906300    0.067500    2.38        74.40       25.60       3.049800    -0.013100   -0.43       75.31       24.69       2.163600    0.080000    3.84        68.39       31.61
2026-04-30 12:15:00 UTCTSTUSDT     0.010749      46.26     446         216336815.000000-47088.000000 -0.02       2.929300    0.023000    0.79        74.55       25.45       3.047000    -0.002800   -0.09       75.29       24.71       2.172600    0.009000    0.42        68.48       31.52
2026-04-30 12:30:00 UTCTSTUSDT     0.010746      45.86     301         216875193.000000538378.000000 0.25        2.921600    -0.007700   -0.26       74.50       25.50       3.052400    0.005400    0.18        75.32       24.68       2.175600    0.003000    0.14        68.51       31.49
2026-04-30 12:45:00 UTCTSTUSDT     0.010750      46.52     1278        216954447.00000079254.000000  0.04        2.929300    0.007700    0.26        74.55       25.45       3.052800    0.000400    0.01        75.33       24.67       2.174600    -0.001000   -0.05       68.50       31.50
2026-04-30 13:00:00 UTCTSTUSDT     0.010805      54.72     1286        216872104.000000-82343.000000 -0.04       2.926200    -0.003100   -0.11       74.53       25.47       3.055500    0.002700    0.09        75.34       24.66       2.164600    -0.010000   -0.46       68.40       31.60
2026-04-30 13:15:00 UTCTSTUSDT     0.010843      59.35     706         216791397.000000-80707.000000 -0.04       2.929300    0.003100    0.11        74.55       25.45       3.048100    -0.007400   -0.24       75.30       24.70       2.176600    0.012000    0.55        68.52       31.48
2026-04-30 13:30:00 UTCTSTUSDT     0.010841      59.01     591         216858373.00000066976.000000  0.03        2.935500    0.006200    0.21        74.59       25.41       3.051100    0.003000    0.10        75.32       24.68       2.188800    0.012200    0.56        68.64       31.36
2026-04-30 13:45:00 UTCTSTUSDT     0.010784      50.14     343         216450187.000000-408186.000000-0.19       2.952600    0.017100    0.58        74.70       25.30       3.049100    -0.002000   -0.07       75.30       24.70       2.201000    0.012200    0.56        68.76       31.24
2026-04-30 14:00:00 UTCTSTUSDT     0.010760      46.93     556         216393329.000000-56858.000000 -0.03       2.976100    0.023500    0.80        74.85       25.15       3.050500    0.001400    0.05        75.31       24.69       2.212300    0.011300    0.51        68.87       31.13
2026-04-30 14:15:00 UTCTSTUSDT     0.010708      40.85     415         216671247.000000277918.000000 0.13        3.000000    0.023900    0.80        75.00       25.00       3.045400    -0.005100   -0.17       75.28       24.72       2.224800    0.012500    0.57        68.99       31.01
2026-04-30 14:30:00 UTCTSTUSDT     0.010714      41.79     514         216563245.000000-108002.000000-0.05       3.022500    0.022500    0.75        75.14       24.86       3.038300    -0.007100   -0.23       75.24       24.76       2.243600    0.018800    0.85        69.17       30.83
2026-04-30 14:45:00 UTCTSTUSDT     0.010732      44.62     392         216669918.000000106673.000000 0.05        2.996800    -0.025700   -0.85       74.98       25.02       3.014100    -0.024200   -0.80       75.09       24.91       2.239400    -0.004200   -0.19       69.13       30.87
2026-04-30 15:00:00 UTCTSTUSDT     0.010762      49.08     425         216690193.00000020275.000000  0.01        2.980900    -0.015900   -0.53       74.88       25.12       3.011100    -0.003000   -0.10       75.07       24.93       2.239400    0.000000    0.00        69.13       30.87
2026-04-30 15:15:00 UTCTSTUSDT     0.010748      47.17     367         216687185.000000-3008.000000  -0.00       2.985700    0.004800    0.16        74.91       25.09       3.005800    -0.005300   -0.18       75.04       24.96       2.243600    0.004200    0.19        69.17       30.83
2026-04-30 15:30:00 UTCTSTUSDT     0.010746      46.89     337         216777416.00000090231.000000  0.04        3.024100    0.038400    1.29        75.15       24.85       2.993400    -0.012400   -0.41       74.96       25.04       2.260500    0.016900    0.75        69.33       30.67
2026-04-30 15:45:00 UTCTSTUSDT     0.010759      49.01     353         216761748.000000-15668.000000 -0.01       3.011200    -0.012900   -0.43       75.07       24.93       2.983600    -0.009800   -0.33       74.90       25.10       2.257300    -0.003200   -0.14       69.30       30.70
2026-04-30 16:00:00 UTCTSTUSDT     0.010759      49.01     467         216799973.00000038225.000000  0.02        3.017700    0.006500    0.22        75.11       24.89       2.981300    -0.002300   -0.08       74.88       25.12       2.265800    0.008500    0.38        69.38       30.62
2026-04-30 16:15:00 UTCTSTUSDT     0.010745      46.68     548         216691223.000000-108750.000000-0.05       3.020900    0.003200    0.11        75.13       24.87       2.977700    -0.003600   -0.12       74.86       25.14       2.266900    0.001100    0.05        69.39       30.61
2026-04-30 16:30:00 UTCTSTUSDT     0.010750      47.64     294         216713191.00000021968.000000  0.01        3.037100    0.016200    0.54        75.23       24.77       2.976600    -0.001100   -0.04       74.85       25.15       2.275500    0.008600    0.38        69.47       30.53
2026-04-30 16:45:00 UTCTSTUSDT     0.010697      39.54     524         216467438.000000-245753.000000-0.11       3.053500    0.016400    0.54        75.33       24.67       2.987700    0.011100    0.37        74.92       25.08       2.278700    0.003200    0.14        69.50       30.50
2026-04-30 17:00:00 UTCTSTUSDT     0.010687      38.22     533         216381089.000000-86349.000000 -0.04       3.056800    0.003300    0.11        75.35       24.65       2.981600    -0.006100   -0.20       74.88       25.12       2.303600    0.024900    1.09        69.73       30.27
2026-04-30 17:15:00 UTCTSTUSDT     0.010670      36.02     249         216282367.000000-98722.000000 -0.05       3.078300    0.021500    0.70        75.48       24.52       2.991400    0.009800    0.33        74.95       25.05       2.304700    0.001100    0.05        69.74       30.26
2026-04-30 17:30:00 UTCTSTUSDT     0.010686      39.55     278         216326619.00000044252.000000  0.02        3.096700    0.018400    0.60        75.59       24.41       2.993300    0.001900    0.06        74.96       25.04       2.309100    0.004400    0.19        69.78       30.22
2026-04-30 17:45:00 UTCTSTUSDT     0.010688      39.99     282         216425755.00000099136.000000  0.05        3.113500    0.016800    0.54        75.69       24.31       2.993600    0.000300    0.01        74.96       25.04       2.320100    0.011000    0.48        69.88       30.12
2026-04-30 18:00:00 UTCTSTUSDT     0.010681      38.91     472         216611126.000000185371.000000 0.09        3.108500    -0.005000   -0.16       75.66       24.34       2.988600    -0.005000   -0.17       74.93       25.07       2.314600    -0.005500   -0.24       69.83       30.17
2026-04-30 18:15:00 UTCTSTUSDT     0.010629      31.99     631         216491644.000000-119482.000000-0.06       3.095000    -0.013500   -0.43       75.58       24.42       2.991600    0.003000    0.10        74.95       25.05       2.279800    -0.034800   -1.50       69.51       30.49
2026-04-30 18:30:00 UTCTSTUSDT     0.010629      31.99     490         216707371.000000215727.000000 0.10        3.142500    0.047500    1.53        75.86       24.14       2.985300    -0.006300   -0.21       74.91       25.09       2.335600    0.055800    2.45        70.02       29.98
2026-04-30 18:45:00 UTCTSTUSDT     0.010618      30.66     497         217321664.000000614293.000000 0.28        3.147700    0.005200    0.17        75.89       24.11       2.977000    -0.008300   -0.28       74.86       25.14       2.317900    -0.017700   -0.76       69.86       30.14
2026-04-30 19:00:00 UTCTSTUSDT     0.010598      28.34     675         216370754.000000-950910.000000-0.44       3.182400    0.034700    1.10        76.09       23.91       2.974400    -0.002600   -0.09       74.84       25.16       2.346700    0.028800    1.24        70.12       29.88
2026-04-30 19:15:00 UTCTSTUSDT     0.010613      32.46     195         215966212.000000-404542.000000-0.19       3.219400    0.037000    1.16        76.30       23.70       2.982000    0.007600    0.26        74.89       25.11       2.361300    0.014600    0.62        70.25       29.75
2026-04-30 19:30:00 UTCTSTUSDT     0.010611      32.20     325         216041071.00000074859.000000  0.03        3.231900    0.012500    0.39        76.37       23.63       2.987300    0.005300    0.18        74.92       25.08       2.367000    0.005700    0.24        70.30       29.70
2026-04-30 19:45:00 UTCTSTUSDT     0.010598      30.45     249         215861404.000000-179667.000000-0.08       3.233700    0.001800    0.06        76.38       23.62       3.005700    0.018400    0.62        75.04       24.96       2.370400    0.003400    0.14        70.33       29.67
2026-04-30 20:00:00 UTCTSTUSDT     0.010594      29.91     445         215834047.000000-27357.000000 -0.01       3.219400    -0.014300   -0.44       76.30       23.70       3.004700    -0.001000   -0.03       75.03       24.97       2.363600    -0.006800   -0.29       70.27       29.73
2026-04-30 20:15:00 UTCTSTUSDT     0.010625      38.92     360         215704521.000000-129526.000000-0.06       3.212300    -0.007100   -0.22       76.26       23.74       2.993600    -0.011100   -0.37       74.96       25.04       2.365900    0.002300    0.10        70.29       29.71
2026-04-30 20:30:00 UTCTSTUSDT     0.010629      39.99     258         215638926.000000-65595.000000 -0.03       3.203400    -0.008900   -0.28       76.21       23.79       2.995500    0.001900    0.06        74.97       25.03       2.354600    -0.011300   -0.48       70.19       29.81
2026-04-30 20:45:00 UTCTSTUSDT     0.010631      40.55     360         215614015.000000-24911.000000 -0.01       3.215900    0.012500    0.39        76.28       23.72       2.999800    0.004300    0.14        75.00       25.00       2.365900    0.011300    0.48        70.29       29.71
2026-04-30 21:00:00 UTCTSTUSDT     0.010619      38.24     486         215547326.000000-66689.000000 -0.03       3.192900    -0.023000   -0.72       76.15       23.85       2.988400    -0.011400   -0.38       74.93       25.07       2.355700    -0.010200   -0.43       70.20       29.80
2026-04-30 21:15:00 UTCTSTUSDT     0.010630      41.53     391         215497015.000000-50311.000000 -0.02       3.235500    0.042600    1.33        76.39       23.61       2.983100    -0.005300   -0.18       74.89       25.11       2.362500    0.006800    0.29        70.26       29.74
2026-04-30 21:30:00 UTCTSTUSDT     0.010618      39.09     325         215712948.000000215933.000000 0.10        3.199900    -0.035600   -1.10       76.19       23.81       2.989500    0.006400    0.21        74.93       25.07       2.338900    -0.023600   -1.00       70.05       29.95
2026-04-30 21:45:00 UTCTSTUSDT     0.010603      36.21     364         215749715.00000036767.000000  0.02        3.219400    0.019500    0.61        76.30       23.70       2.992600    0.003100    0.10        74.95       25.05       2.345600    0.006700    0.29        70.11       29.89
2026-04-30 22:00:00 UTCTSTUSDT     0.010578      31.99     434         215642014.000000-107701.000000-0.05       3.215900    -0.003500   -0.11       76.28       23.72       2.986300    -0.006300   -0.21       74.91       25.09       2.334400    -0.011200   -0.48       70.01       29.99
2026-04-30 22:15:00 UTCTSTUSDT     0.010601      39.03     149         215626822.000000-15192.000000 -0.01       3.207000    -0.008900   -0.28       76.23       23.77       2.993800    0.007500    0.25        74.96       25.04       2.335600    0.001200    0.05        70.02       29.98
2026-04-30 22:30:00 UTCTSTUSDT     0.010583      35.90     243         215658368.00000031546.000000  0.01        3.221200    0.014200    0.44        76.31       23.69       2.994600    0.000800    0.03        74.97       25.03       2.338900    0.003300    0.14        70.05       29.95
2026-04-30 22:45:00 UTCTSTUSDT     0.010562      32.61     309         215615882.000000-42486.000000 -0.02       3.237300    0.016100    0.50        76.40       23.60       2.992000    -0.002600   -0.09       74.95       25.05       2.342200    0.003300    0.14        70.08       29.92
2026-04-30 23:00:00 UTCTSTUSDT     0.010572      35.64     368         215684943.00000069061.000000  0.03        3.224800    -0.012500   -0.39       76.33       23.67       2.981300    -0.010700   -0.36       74.88       25.12       2.342200    0.000000    0.00        70.08       29.92
2026-04-30 23:15:00 UTCTSTUSDT     0.010573      35.94     226         215708826.00000023883.000000  0.01        3.244500    0.019700    0.61        76.44       23.56       2.979000    -0.002300   -0.08       74.87       25.13       2.353500    0.011300    0.48        70.18       29.82
2026-04-30 23:30:00 UTCTSTUSDT     0.010581      38.49     295         215737031.00000028205.000000  0.01        3.239100    -0.005400   -0.17       76.41       23.59       2.980100    0.001100    0.04        74.87       25.13       2.360200    0.006700    0.28        70.24       29.76
2026-04-30 23:45:00 UTCTSTUSDT     0.010635      52.29     478         215726523.000000-10508.000000 -0.00       3.269900    0.030800    0.95        76.58       23.42       2.988500    0.008400    0.28        74.93       25.07       2.360200    0.000000    0.00        70.24       29.76
2026-05-01 00:00:00 UTCTSTUSDT     0.010686      61.15     518         215861070.000000134547.000000 0.06        3.163200    -0.106700   -3.26       75.98       24.02       2.991200    0.002700    0.09        74.95       25.05       2.306900    -0.053300   -2.26       69.76       30.24
2026-05-01 00:15:00 UTCTSTUSDT     0.010653      54.14     191         215209201.000000-651869.000000-0.30       3.113500    -0.049700   -1.57       75.69       24.31       2.984900    -0.006300   -0.21       74.91       25.09       2.283000    -0.023900   -1.04       69.54       30.46
2026-05-01 00:30:00 UTCTSTUSDT     0.010634      50.55     278         215159179.000000-50022.000000 -0.02       3.106800    -0.006700   -0.22       75.65       24.35       2.986400    0.001500    0.05        74.91       25.09       2.278700    -0.004300   -0.19       69.50       30.50
2026-05-01 00:45:00 UTCTSTUSDT     0.010629      49.62     227         215064071.000000-95108.000000 -0.04       3.120300    0.013500    0.43        75.73       24.27       2.991000    0.004600    0.15        74.94       25.06       2.284100    0.005400    0.24        69.55       30.45
2026-05-01 01:00:00 UTCTSTUSDT     0.010675      57.41     403         215099895.00000035824.000000  0.02        3.132200    0.011900    0.38        75.80       24.20       2.997700    0.006700    0.22        74.99       25.01       2.291600    0.007500    0.33        69.62       30.38
2026-05-01 01:15:00 UTCTSTUSDT     0.010692      59.87     221         215107948.0000008053.000000   0.00        3.115200    -0.017000   -0.54       75.70       24.30       3.004300    0.006600    0.22        75.03       24.97       2.296000    0.004400    0.19        69.66       30.34
2026-05-01 01:30:00 UTCTSTUSDT     0.010720      63.61     282         215042978.000000-64970.000000 -0.03       3.125400    0.010200    0.33        75.76       24.24       3.007000    0.002700    0.09        75.04       24.96       2.304700    0.008700    0.38        69.74       30.26
2026-05-01 01:45:00 UTCTSTUSDT     0.010724      64.13     237         214905939.000000-137039.000000-0.06       3.123700    -0.001700   -0.05       75.75       24.25       3.016400    0.009400    0.31        75.10       24.90       2.306900    0.002200    0.10        69.76       30.24
2026-05-01 02:00:00 UTCTSTUSDT     0.010671      53.36     437         214832702.000000-73237.000000 -0.03       3.130500    0.006800    0.22        75.79       24.21       3.013600    -0.002800   -0.09       75.08       24.92       2.313500    0.006600    0.29        69.82       30.18
2026-05-01 02:15:00 UTCTSTUSDT     0.010679      54.60     209         214737392.000000-95310.000000 -0.04       3.177100    0.046600    1.49        76.06       23.94       3.005200    -0.008400   -0.28       75.03       24.97       2.362500    0.049000    2.12        70.26       29.74
2026-05-01 02:30:00 UTCTSTUSDT     0.010706      58.60     322         214739045.0000001653.000000   0.00        3.194600    0.017500    0.55        76.16       23.84       3.007100    0.001900    0.06        75.04       24.96       2.355700    -0.006800   -0.29       70.20       29.80
2026-05-01 02:45:00 UTCTSTUSDT     0.010688      55.12     291         215155140.000000416095.000000 0.19        3.171900    -0.022700   -0.71       76.03       23.97       2.985100    -0.022000   -0.73       74.91       25.09       2.337800    -0.017900   -0.76       70.04       29.96
2026-05-01 03:00:00 UTCTSTUSDT     0.010710      58.37     320         215102193.000000-52947.000000 -0.02       3.178900    0.007000    0.22        76.07       23.93       2.978900    -0.006200   -0.21       74.87       25.13       2.353500    0.015700    0.67        70.18       29.82
2026-05-01 03:15:00 UTCTSTUSDT     0.010751      63.67     529         215078498.000000-23695.000000 -0.01       3.201700    0.022800    0.72        76.20       23.80       2.980900    0.002000    0.07        74.88       25.12       2.360200    0.006700    0.28        70.24       29.76
2026-05-01 03:30:00 UTCTSTUSDT     0.010746      62.62     374         214481916.000000-596582.000000-0.28       3.149400    -0.052300   -1.63       75.90       24.10       2.980200    -0.000700   -0.02       74.88       25.12       2.336700    -0.023500   -1.00       70.03       29.97
2026-05-01 03:45:00 UTCTSTUSDT     0.010754      63.65     356         214233980.000000-247936.000000-0.12       3.130500    -0.018900   -0.60       75.79       24.21       2.992300    0.012100    0.41        74.95       25.05       2.328900    -0.007800   -0.33       69.96       30.04
2026-05-01 04:00:00 UTCTSTUSDT     0.010741      60.72     472         214269183.00000035203.000000  0.02        3.096700    -0.033800   -1.08       75.59       24.41       2.990500    -0.001800   -0.06       74.94       25.06       2.312400    -0.016500   -0.71       69.81       30.19
2026-05-01 04:15:00 UTCTSTUSDT     0.010734      59.15     291         213965470.000000-303713.000000-0.14       3.132200    0.035500    1.15        75.80       24.20       2.999400    0.008900    0.30        75.00       25.00       2.337800    0.025400    1.10        70.04       29.96
2026-05-01 04:30:00 UTCTSTUSDT     0.010712      54.37     329         213887676.000000-77794.000000 -0.04       3.110200    -0.022000   -0.70       75.67       24.33       3.002600    0.003200    0.11        75.02       24.98       2.330000    -0.007800   -0.33       69.97       30.03
2026-05-01 04:45:00 UTCTSTUSDT     0.010728      57.09     269         213894162.0000006486.000000   0.00        3.120300    0.010100    0.32        75.73       24.27       3.005900    0.003300    0.11        75.04       24.96       2.332200    0.002200    0.09        69.99       30.01
2026-05-01 05:00:00 UTCTSTUSDT     0.010733      57.93     391         213963814.00000069652.000000  0.03        3.076600    -0.043700   -1.40       75.47       24.53       3.010900    0.005000    0.17        75.07       24.93       2.306900    -0.025300   -1.08       69.76       30.24
2026-05-01 05:15:00 UTCTSTUSDT     0.010759      62.09     348         214136126.000000172312.000000 0.08        3.070000    -0.006600   -0.21       75.43       24.57       3.009000    -0.001900   -0.06       75.06       24.94       2.298200    -0.008700   -0.38       69.68       30.32
2026-05-01 05:30:00 UTCTSTUSDT     0.010733      56.11     323         214157601.00000021475.000000  0.01        3.045300    -0.024700   -0.80       75.28       24.72       3.006400    -0.002600   -0.09       75.04       24.96       2.287300    -0.010900   -0.47       69.58       30.42
2026-05-01 05:45:00 UTCTSTUSDT     0.010707      50.84     219         214341327.000000183726.000000 0.09        3.055200    0.009900    0.33        75.34       24.66       3.011900    0.005500    0.18        75.07       24.93       2.299200    0.011900    0.52        69.69       30.31
2026-05-01 06:00:00 UTCTSTUSDT     0.010695      48.57     364         214411492.00000070165.000000  0.03        3.075000    0.019800    0.65        75.46       24.54       3.015200    0.003300    0.11        75.09       24.91       2.301400    0.002200    0.10        69.71       30.29
2026-05-01 06:15:00 UTCTSTUSDT     0.010695      48.57     148         214601671.000000190179.000000 0.09        3.098400    0.023400    0.76        75.60       24.40       3.012400    -0.002800   -0.09       75.08       24.92       2.312400    0.011000    0.48        69.81       30.19
2026-05-01 06:30:00 UTCTSTUSDT     0.010634      38.45     302         214612031.00000010360.000000  0.00        3.103400    0.005000    0.16        75.63       24.37       3.016800    0.004400    0.15        75.10       24.90       2.310200    -0.002200   -0.10       69.79       30.21
2026-05-01 06:45:00 UTCTSTUSDT     0.010604      34.63     450         214670728.00000058697.000000  0.03        3.115200    0.011800    0.38        75.70       24.30       3.013800    -0.003000   -0.10       75.09       24.91       2.321200    0.011000    0.48        69.89       30.11
2026-05-01 07:00:00 UTCTSTUSDT     0.010565      30.40     571         214744572.00000073844.000000  0.03        3.113500    -0.001700   -0.05       75.69       24.31       3.013100    -0.000700   -0.02       75.08       24.92       2.317900    -0.003300   -0.14       69.86       30.14
2026-05-01 07:15:00 UTCTSTUSDT     0.010590      35.81     609         214847309.000000102737.000000 0.05        3.120300    0.006800    0.22        75.73       24.27       2.999900    -0.013200   -0.44       75.00       25.00       2.324500    0.006600    0.28        69.92       30.08
2026-05-01 07:30:00 UTCTSTUSDT     0.010602      38.29     237         215614381.000000767072.000000 0.36        3.137400    0.017100    0.55        75.83       24.17       3.012800    0.012900    0.43        75.08       24.92       2.312400    -0.012100   -0.52       69.81       30.19
2026-05-01 07:45:00 UTCTSTUSDT     0.010637      44.97     257         215483294.000000-131087.000000-0.06       3.113500    -0.023900   -0.76       75.69       24.31       3.011200    -0.001600   -0.05       75.07       24.93       2.297100    -0.015300   -0.66       69.67       30.33
2026-05-01 08:00:00 UTCTSTUSDT     0.010636      44.82     364         215514476.00000031182.000000  0.01        3.105100    -0.008400   -0.27       75.64       24.36       3.011000    -0.000200   -0.01       75.07       24.93       2.298200    0.001100    0.05        69.68       30.32
2026-05-01 08:15:00 UTCTSTUSDT     0.010684      52.90     356         215441269.000000-73207.000000 -0.03       3.125400    0.020300    0.65        75.76       24.24       3.002400    -0.008600   -0.29       75.02       24.98       2.310200    0.012000    0.52        69.79       30.21
2026-05-01 08:30:00 UTCTSTUSDT     0.010652      47.87     340         215211185.000000-230084.000000-0.11       3.096700    -0.028700   -0.92       75.59       24.41       3.025700    0.023300    0.78        75.16       24.84       2.300300    -0.009900   -0.43       69.70       30.30
2026-05-01 08:45:00 UTCTSTUSDT     0.010688      53.26     477         215060720.000000-150465.000000-0.07       3.083300    -0.013400   -0.43       75.51       24.49       3.033100    0.007400    0.24        75.20       24.80       2.292700    -0.007600   -0.33       69.63       30.37
2026-05-01 09:00:00 UTCTSTUSDT     0.010668      50.16     552         215283933.000000223213.000000 0.10        3.083300    0.000000    0.00        75.51       24.49       3.023600    -0.009500   -0.31       75.15       24.85       2.290600    -0.002100   -0.09       69.61       30.39
2026-05-01 09:15:00 UTCTSTUSDT     0.010700      54.70     275         215267349.000000-16584.000000 -0.01       3.093300    0.010000    0.32        75.57       24.43       3.028200    0.004600    0.15        75.18       24.82       2.315600    0.025000    1.09        69.84       30.16
2026-05-01 09:30:00 UTCTSTUSDT     0.010653      47.81     322         215420509.000000153160.000000 0.07        3.078300    -0.015000   -0.48       75.48       24.52       3.025100    -0.003100   -0.10       75.16       24.84       2.311300    -0.004300   -0.19       69.80       30.20
2026-05-01 09:45:00 UTCTSTUSDT     0.010661      48.98     232         215518218.00000097709.000000  0.05        3.066700    -0.011600   -0.38       75.41       24.59       3.035900    0.010800    0.36        75.22       24.78       2.305800    -0.005500   -0.24       69.75       30.25
2026-05-01 10:00:00 UTCTSTUSDT     0.010596      40.90     584         215560988.00000042770.000000  0.02        3.060100    -0.006600   -0.22       75.37       24.63       3.035700    -0.000200   -0.01       75.22       24.78       2.297100    -0.008700   -0.38       69.67       30.33
2026-05-01 10:15:00 UTCTSTUSDT     0.010658      49.47     730         215137393.000000-423595.000000-0.20       3.035500    -0.024600   -0.80       75.22       24.78       3.017200    -0.018500   -0.61       75.11       24.89       2.313500    0.016400    0.71        69.82       30.18
2026-05-01 10:30:00 UTCTSTUSDT     0.010692      53.45     420         215469728.000000332335.000000 0.15        3.043700    0.008200    0.27        75.27       24.73       3.014700    -0.002500   -0.08       75.09       24.91       2.292700    -0.020800   -0.90       69.63       30.37
2026-05-01 10:45:00 UTCTSTUSDT     0.010675      51.27     284         215851736.000000382008.000000 0.18        2.995200    -0.048500   -1.59       74.97       25.03       3.022300    0.007600    0.25        75.14       24.86       2.281900    -0.010800   -0.47       69.53       30.47
2026-05-01 11:00:00 UTCTSTUSDT     0.010732      57.52     453         215710274.000000-141462.000000-0.07       2.980900    -0.014300   -0.48       74.88       25.12       3.022800    0.000500    0.02        75.14       24.86       2.270100    -0.011800   -0.52       69.42       30.58
2026-05-01 11:15:00 UTCTSTUSDT     0.010704      53.87     594         215483722.000000-226552.000000-0.11       2.973000    -0.007900   -0.27       74.83       25.17       3.019600    -0.003200   -0.11       75.12       24.88       2.270100    0.000000    0.00        69.42       30.58
2026-05-01 11:30:00 UTCTSTUSDT     0.010670      49.74     475         215051307.000000-432415.000000-0.20       2.968300    -0.004700   -0.16       74.80       25.20       3.014000    -0.005600   -0.19       75.09       24.91       2.264800    -0.005300   -0.23       69.37       30.63
2026-05-01 11:45:00 UTCTSTUSDT     0.010740      57.04     320         214574041.000000-477266.000000-0.22       2.958800    -0.009500   -0.32       74.74       25.26       3.017100    0.003100    0.10        75.11       24.89       2.284100    0.019300    0.85        69.55       30.45
2026-05-01 12:00:00 UTCTSTUSDT     0.010739      56.91     399         214689396.000000115355.000000 0.05        2.915400    -0.043400   -1.47       74.46       25.54       3.012400    -0.004700   -0.16       75.08       24.92       2.259500    -0.024600   -1.08       69.32       30.68
2026-05-01 12:15:00 UTCTSTUSDT     0.010745      57.53     204         214564101.000000-125295.000000-0.06       2.909300    -0.006100   -0.21       74.42       25.58       3.012500    0.000100    0.00        75.08       24.92       2.251000    -0.008500   -0.38       69.24       30.76
2026-05-01 12:30:00 UTCTSTUSDT     0.010729      55.27     418         214601375.00000037274.000000  0.02        2.901700    -0.007600   -0.26       74.37       25.63       3.018200    0.005700    0.19        75.11       24.89       2.248900    -0.002100   -0.09       69.22       30.78
2026-05-01 12:45:00 UTCTSTUSDT     0.010742      56.75     391         214181865.000000-419510.000000-0.20       2.924600    0.022900    0.79        74.52       25.48       3.029300    0.011100    0.37        75.18       24.82       2.261600    0.012700    0.56        69.34       30.66
2026-05-01 13:00:00 UTCTSTUSDT     0.010746      57.22     458         214378050.000000196185.000000 0.09        2.906300    -0.018300   -0.63       74.40       25.60       3.024700    -0.004600   -0.15       75.15       24.85       2.255200    -0.006400   -0.28       69.28       30.72
2026-05-01 13:15:00 UTCTSTUSDT     0.010725      53.91     284         214786880.000000408830.000000 0.19        2.930800    0.024500    0.84        74.56       25.44       3.017100    -0.007600   -0.25       75.11       24.89       2.274400    0.019200    0.85        69.46       30.54
2026-05-01 13:30:00 UTCTSTUSDT     0.010727      54.18     272         214591154.000000-195726.000000-0.09       2.932400    0.001600    0.05        74.57       25.43       3.029600    0.012500    0.41        75.18       24.82       2.268000    -0.006400   -0.28       69.40       30.60
2026-05-01 13:45:00 UTCTSTUSDT     0.010810      63.75     363         214376331.000000-214823.000000-0.10       2.926200    -0.006200   -0.21       74.53       25.47       3.040300    0.010700    0.35        75.25       24.75       2.266900    -0.001100   -0.05       69.39       30.61
2026-05-01 14:00:00 UTCTSTUSDT     0.010788      60.16     446         214418862.00000042531.000000  0.02        2.933900    0.007700    0.26        74.58       25.42       3.039400    -0.000900   -0.03       75.24       24.76       2.260500    -0.006400   -0.28       69.33       30.67
2026-05-01 14:15:00 UTCTSTUSDT     0.010793      60.70     275         214479693.00000060831.000000  0.03        2.940100    0.006200    0.21        74.62       25.38       3.063700    0.024300    0.80        75.39       24.61       2.258400    -0.002100   -0.09       69.31       30.69
2026-05-01 14:30:00 UTCTSTUSDT     0.010797      61.16     245         214511682.00000031989.000000  0.01        2.951000    0.010900    0.37        74.69       25.31       3.061200    -0.002500   -0.08       75.38       24.62       2.275500    0.017100    0.76        69.47       30.53
2026-05-01 14:45:00 UTCTSTUSDT     0.010803      61.87     331         214571574.00000059892.000000  0.03        2.947900    -0.003100   -0.11       74.67       25.33       3.063000    0.001800    0.06        75.39       24.61       2.270100    -0.005400   -0.24       69.42       30.58
2026-05-01 15:00:00 UTCTSTUSDT     0.010740      51.25     583         214643519.00000071945.000000  0.03        2.935500    -0.012400   -0.42       74.59       25.41       3.101900    0.038900    1.27        75.62       24.38       2.257300    -0.012800   -0.56       69.30       30.70
2026-05-01 15:15:00 UTCTSTUSDT     0.010772      55.43     353         214262643.000000-380876.000000-0.18       2.943200    0.007700    0.26        74.64       25.36       3.093000    -0.008900   -0.29       75.57       24.43       2.274400    0.017100    0.76        69.46       30.54
2026-05-01 15:30:00 UTCTSTUSDT     0.010795      58.21     373         214111237.000000-151406.000000-0.07       2.937000    -0.006200   -0.21       74.60       25.40       3.082000    -0.011000   -0.36       75.50       24.50       2.271200    -0.003200   -0.14       69.43       30.57
2026-05-01 15:45:00 UTCTSTUSDT     0.010768      53.96     436         214451626.000000340389.000000 0.16        2.935500    -0.001500   -0.05       74.59       25.41       3.083800    0.001800    0.06        75.51       24.49       2.259500    -0.011700   -0.52       69.32       30.68
2026-05-01 16:00:00 UTCTSTUSDT     0.010780      55.51     386         214466369.00000014743.000000  0.01        2.927700    -0.007800   -0.27       74.54       25.46       3.077000    -0.006800   -0.22       75.47       24.53       2.268000    0.008500    0.38        69.40       30.60
2026-05-01 16:15:00 UTCTSTUSDT     0.010750      50.89     162         214396811.000000-69558.000000 -0.03       2.927700    0.000000    0.00        74.54       25.46       3.068400    -0.008600   -0.28       75.42       24.58       2.265800    -0.002200   -0.10       69.38       30.62
2026-05-01 16:30:00 UTCTSTUSDT     0.010768      53.40     372         214420055.00000023244.000000  0.01        2.929300    0.001600    0.05        74.55       25.45       3.068200    -0.000200   -0.01       75.42       24.58       2.262600    -0.003200   -0.14       69.35       30.65
2026-05-01 16:45:00 UTCTSTUSDT     0.010759      51.97     334         214899446.000000479391.000000 0.22        2.941700    0.012400    0.42        74.63       25.37       3.032800    -0.035400   -1.15       75.20       24.80       2.265800    0.003200    0.14        69.38       30.62
2026-05-01 17:00:00 UTCTSTUSDT     0.010762      52.42     416         214925557.00000026111.000000  0.01        2.943200    0.001500    0.05        74.64       25.36       3.028000    -0.004800   -0.16       75.17       24.83       2.249900    -0.015900   -0.70       69.23       30.77
2026-05-01 17:15:00 UTCTSTUSDT     0.010768      53.38     163         215410725.000000485168.000000 0.23        2.949400    0.006200    0.21        74.68       25.32       3.018100    -0.009900   -0.33       75.11       24.89       2.251000    0.001100    0.05        69.24       30.76
2026-05-01 17:30:00 UTCTSTUSDT     0.010794      57.38     292         215483192.00000072467.000000  0.03        2.958800    0.009400    0.32        74.74       25.26       3.018700    0.000600    0.02        75.12       24.88       2.255200    0.004200    0.19        69.28       30.72
2026-05-01 17:45:00 UTCTSTUSDT     0.010787      55.99     259         215714479.000000231287.000000 0.11        2.952600    -0.006200   -0.21       74.70       25.30       3.024500    0.005800    0.19        75.15       24.85       2.248900    -0.006300   -0.28       69.22       30.78
2026-05-01 18:00:00 UTCTSTUSDT     0.010801      58.17     641         215949135.000000234656.000000 0.11        2.944800    -0.007800   -0.26       74.65       25.35       3.029500    0.005000    0.17        75.18       24.82       2.255200    0.006300    0.28        69.28       30.72
2026-05-01 18:15:00 UTCTSTUSDT     0.010741      47.32     311         216407907.000000458772.000000 0.21        2.952600    0.007800    0.26        74.70       25.30       3.039300    0.009800    0.32        75.24       24.76       2.254100    -0.001100   -0.05       69.27       30.73
2026-05-01 18:30:00 UTCTSTUSDT     0.010704      42.11     466         216066721.000000-341186.000000-0.16       2.974600    0.022000    0.75        74.84       25.16       3.033400    -0.005900   -0.19       75.21       24.79       2.272300    0.018200    0.81        69.44       30.56
2026-05-01 18:45:00 UTCTSTUSDT     0.010727      46.09     289         216410091.000000343370.000000 0.16        2.993600    0.019000    0.64        74.96       25.04       3.033300    -0.000100   -0.00       75.21       24.79       2.278700    0.006400    0.28        69.50       30.50
2026-05-01 19:00:00 UTCTSTUSDT     0.010716      44.51     322         216568280.000000158189.000000 0.07        2.998400    0.004800    0.16        74.99       25.01       3.025900    -0.007400   -0.24       75.16       24.84       2.283000    0.004300    0.19        69.54       30.46
2026-05-01 19:15:00 UTCTSTUSDT     0.010714      44.22     174         216709958.000000141678.000000 0.07        3.000000    0.001600    0.05        75.00       25.00       3.016700    -0.009200   -0.30       75.10       24.90       2.283000    0.000000    0.00        69.54       30.46
2026-05-01 19:30:00 UTCTSTUSDT     0.010688      40.45     283         216756533.00000046575.000000  0.02        2.995200    -0.004800   -0.16       74.97       25.03       3.016500    -0.000200   -0.01       75.10       24.90       2.286200    0.003200    0.14        69.57       30.43
2026-05-01 19:45:00 UTCTSTUSDT     0.010678      39.07     436         217161887.000000405354.000000 0.19        3.008000    0.012800    0.43        75.05       24.95       3.003000    -0.013500   -0.45       75.02       24.98       2.300300    0.014100    0.62        69.70       30.30
2026-05-01 20:00:00 UTCTSTUSDT     0.010668      37.69     419         217316020.000000154133.000000 0.07        3.008000    0.000000    0.00        75.05       24.95       3.009900    0.006900    0.23        75.06       24.94       2.298200    -0.002100   -0.09       69.68       30.32
2026-05-01 20:15:00 UTCTSTUSDT     0.010667      37.55     203         217306555.000000-9465.000000  -0.00       3.000000    -0.008000   -0.27       75.00       25.00       3.000300    -0.009600   -0.32       75.00       25.00       2.286200    -0.012000   -0.52       69.57       30.43
2026-05-01 20:30:00 UTCTSTUSDT     0.010648      34.84     224         217307616.0000001061.000000   0.00        2.995200    -0.004800   -0.16       74.97       25.03       3.003100    0.002800    0.09        75.02       24.98       2.283000    -0.003200   -0.14       69.54       30.46
2026-05-01 20:45:00 UTCTSTUSDT     0.010644      34.28     562         217373899.00000066283.000000  0.03        2.992000    -0.003200   -0.11       74.95       25.05       3.003600    0.000500    0.02        75.02       24.98       2.273300    -0.009700   -0.42       69.45       30.55
2026-05-01 21:00:00 UTCTSTUSDT     0.010670      40.93     425         217160367.000000-213532.000000-0.10       2.992000    0.000000    0.00        74.95       25.05       2.996600    -0.007000   -0.23       74.98       25.02       2.284100    0.010800    0.48        69.55       30.45
2026-05-01 21:15:00 UTCTSTUSDT     0.010667      40.42     246         217211343.00000050976.000000  0.02        2.980900    -0.011100   -0.37       74.88       25.12       2.996600    0.000000    0.00        74.98       25.02       2.272300    -0.011800   -0.52       69.44       30.56
2026-05-01 21:30:00 UTCTSTUSDT     0.010666      40.24     460         217204814.000000-6529.000000  -0.00       2.987200    0.006300    0.21        74.92       25.08       2.999900    0.003300    0.11        75.00       25.00       2.279800    0.007500    0.33        69.51       30.49
2026-05-01 21:45:00 UTCTSTUSDT     0.010671      41.64     180         217384102.000000179288.000000 0.08        3.000000    0.012800    0.43        75.00       25.00       3.006600    0.006700    0.22        75.04       24.96       2.280800    0.001000    0.04        69.52       30.48
2026-05-01 22:00:00 UTCTSTUSDT     0.010680      44.16     226         217441060.00000056958.000000  0.03        2.988800    -0.011200   -0.37       74.93       25.07       3.006900    0.000300    0.01        75.04       24.96       2.280800    0.000000    0.00        69.52       30.48
2026-05-01 22:15:00 UTCTSTUSDT     0.010653      38.75     165         217350790.000000-90270.000000 -0.04       2.979300    -0.009500   -0.32       74.87       25.13       2.999500    -0.007400   -0.25       75.00       25.00       2.277600    -0.003200   -0.14       69.49       30.51
2026-05-01 22:30:00 UTCTSTUSDT     0.010650      38.19     190         217268891.000000-81899.000000 -0.04       2.982500    0.003200    0.11        74.89       25.11       3.000000    0.000500    0.02        75.00       25.00       2.279800    0.002200    0.10        69.51       30.49
2026-05-01 22:45:00 UTCTSTUSDT     0.010630      34.59     1966        217289570.00000020679.000000  0.01        2.974600    -0.007900   -0.26       74.84       25.16       2.997900    -0.002100   -0.07       74.99       25.01       2.279800    0.000000    0.00        69.51       30.49
2026-05-01 23:00:00 UTCTSTUSDT     0.010610      31.41     694         217342379.00000052809.000000  0.02        2.971400    -0.003200   -0.11       74.82       25.18       2.997900    0.000000    0.00        74.99       25.01       2.279800    0.000000    0.00        69.51       30.49
2026-05-01 23:15:00 UTCTSTUSDT     0.010575      26.77     197         217360334.00000017955.000000  0.01        2.954100    -0.017300   -0.58       74.71       25.29       2.991000    -0.006900   -0.23       74.94       25.06       2.276500    -0.003300   -0.14       69.48       30.52
2026-05-01 23:30:00 UTCTSTUSDT     0.010608      36.32     479         217396665.00000036331.000000  0.02        2.946300    -0.007800   -0.26       74.66       25.34       2.993200    0.002200    0.07        74.96       25.04       2.256300    -0.020200   -0.89       69.29       30.71
2026-05-01 23:45:00 UTCTSTUSDT     0.010612      37.39     400         217481008.00000084343.000000  0.04        2.926200    -0.020100   -0.68       74.53       25.47       2.990600    -0.002600   -0.09       74.94       25.06       2.242500    -0.013800   -0.61       69.16       30.84
2026-05-02 00:00:00 UTCTSTUSDT     0.010601      35.62     644         217596964.000000115956.000000 0.05        2.946300    0.020100    0.69        74.66       25.34       2.991400    0.000800    0.03        74.95       25.05       2.246800    0.004300    0.19        69.20       30.80
2026-05-02 00:15:00 UTCTSTUSDT     0.010622      41.32     183         217876383.000000279419.000000 0.13        2.910800    -0.035500   -1.20       74.43       25.57       2.996000    0.004600    0.15        74.98       25.02       2.239400    -0.007400   -0.33       69.13       30.87
2026-05-02 00:30:00 UTCTSTUSDT     0.010649      47.73     241         217944597.00000068214.000000  0.03        2.901700    -0.009100   -0.31       74.37       25.63       2.997100    0.001100    0.04        74.98       25.02       2.226800    -0.012600   -0.56       69.01       30.99
2026-05-02 00:45:00 UTCTSTUSDT     0.010682      54.30     260         217942604.000000-1993.000000  -0.00       2.907800    0.006100    0.21        74.41       25.59       2.992900    -0.004200   -0.14       74.96       25.04       2.230000    0.003200    0.14        69.04       30.96
2026-05-02 01:00:00 UTCTSTUSDT     0.010681      54.08     354         217987620.00000045016.000000  0.02        2.907800    0.000000    0.00        74.41       25.59       2.990400    -0.002500   -0.08       74.94       25.06       2.234200    0.004200    0.19        69.08       30.92
2026-05-02 01:15:00 UTCTSTUSDT     0.010683      54.48     224         218045988.00000058368.000000  0.03        2.894100    -0.013700   -0.47       74.32       25.68       2.992000    0.001600    0.05        74.95       25.05       2.226800    -0.007400   -0.33       69.01       30.99
2026-05-02 01:30:00 UTCTSTUSDT     0.010691      56.13     312         218111764.00000065776.000000  0.03        2.904700    0.010600    0.37        74.39       25.61       2.998400    0.006400    0.21        74.99       25.01       2.232100    0.005300    0.24        69.06       30.94
2026-05-02 01:45:00 UTCTSTUSDT     0.010707      59.30     164         218544081.000000432317.000000 0.20        2.889500    -0.015200   -0.52       74.29       25.71       3.040800    0.042400    1.41        75.25       24.75       2.217500    -0.014600   -0.65       68.92       31.08
2026-05-02 02:00:00 UTCTSTUSDT     0.010713      60.45     328         218583569.00000039488.000000  0.02        2.894100    0.004600    0.16        74.32       25.68       3.044700    0.003900    0.13        75.28       24.72       2.215400    -0.002100   -0.09       68.90       31.10
2026-05-02 02:15:00 UTCTSTUSDT     0.010706      58.37     241         218578170.000000-5399.000000  -0.00       2.876000    -0.018100   -0.63       74.20       25.80       3.048900    0.004200    0.14        75.30       24.70       2.210300    -0.005100   -0.23       68.85       31.15
2026-05-02 02:30:00 UTCTSTUSDT     0.010711      59.45     254         217905423.000000-672747.000000-0.31       2.870000    -0.006000   -0.21       74.16       25.84       3.038700    -0.010200   -0.33       75.24       24.76       2.217500    0.007200    0.33        68.92       31.08
2026-05-02 02:45:00 UTCTSTUSDT     0.010703      56.92     271         217819833.000000-85590.000000 -0.04       2.865500    -0.004500   -0.16       74.13       25.87       3.040600    0.001900    0.06        75.25       24.75       2.214400    -0.003100   -0.14       68.89       31.11
2026-05-02 03:00:00 UTCTSTUSDT     0.010686      51.86     395         217790459.000000-29374.000000 -0.01       2.868500    0.003000    0.10        74.15       25.85       3.118000    0.077400    2.55        75.72       24.28       2.194900    -0.019500   -0.88       68.70       31.30
2026-05-02 03:15:00 UTCTSTUSDT     0.010736      62.43     176         218249665.000000459206.000000 0.21        2.885000    0.016500    0.58        74.26       25.74       3.126500    0.008500    0.27        75.77       24.23       2.219600    0.024700    1.13        68.94       31.06
2026-05-02 03:30:00 UTCTSTUSDT     0.010706      54.67     316         218330337.00000080672.000000  0.04        2.900200    0.015200    0.53        74.36       25.64       3.130500    0.004000    0.13        75.79       24.21       2.225800    0.006200    0.28        69.00       31.00
2026-05-02 03:45:00 UTCTSTUSDT     0.010715      56.42     191         218285785.000000-44552.000000 -0.02       2.888000    -0.012200   -0.42       74.28       25.72       3.136200    0.005700    0.18        75.82       24.18       2.219600    -0.006200   -0.28       68.94       31.06
2026-05-02 04:00:00 UTCTSTUSDT     0.010697      52.09     332         218287139.0000001354.000000   0.00        2.894100    0.006100    0.21        74.32       25.68       3.136300    0.000100    0.00        75.82       24.18       2.224800    0.005200    0.23        68.99       31.01
2026-05-02 04:15:00 UTCTSTUSDT     0.010688      50.03     199         218170522.000000-116617.000000-0.05       2.892600    -0.001500   -0.05       74.31       25.69       3.135000    -0.001300   -0.04       75.82       24.18       2.217500    -0.007300   -0.33       68.92       31.08
2026-05-02 04:30:00 UTCTSTUSDT     0.010705      53.76     264         218311271.000000140749.000000 0.06        2.880500    -0.012100   -0.42       74.23       25.77       3.135500    0.000500    0.02        75.82       24.18       2.202000    -0.015500   -0.70       68.77       31.23
2026-05-02 04:45:00 UTCTSTUSDT     0.010682      48.48     195         218461764.000000150493.000000 0.07        2.880500    0.000000    0.00        74.23       25.77       3.140100    0.004600    0.15        75.85       24.15       2.196900    -0.005100   -0.23       68.72       31.28
2026-05-02 05:00:00 UTCTSTUSDT     0.010648      41.93     593         218501856.00000040092.000000  0.02        2.889500    0.009000    0.31        74.29       25.71       3.140400    0.000300    0.01        75.85       24.15       2.196900    0.000000    0.00        68.72       31.28
2026-05-02 05:15:00 UTCTSTUSDT     0.010628      38.63     366         218726201.000000224345.000000 0.10        2.904700    0.015200    0.53        74.39       25.61       3.148900    0.008500    0.27        75.90       24.10       2.204100    0.007200    0.33        68.79       31.21
2026-05-02 05:30:00 UTCTSTUSDT     0.010647      43.21     354         218736544.00000010343.000000  0.00        2.929300    0.024600    0.85        74.55       25.45       3.150700    0.001800    0.06        75.91       24.09       2.211300    0.007200    0.33        68.86       31.14
2026-05-02 05:45:00 UTCTSTUSDT     0.010652      44.39     427         218957953.000000221409.000000 0.10        2.912400    -0.016900   -0.58       74.44       25.56       3.152900    0.002200    0.07        75.92       24.08       2.195900    -0.015400   -0.70       68.71       31.29
2026-05-02 06:00:00 UTCTSTUSDT     0.010658      45.84     307         219636207.000000678254.000000 0.31        2.923100    0.010700    0.37        74.51       25.49       3.163200    0.010300    0.33        75.98       24.02       2.211300    0.015400    0.70        68.86       31.14
2026-05-02 06:15:00 UTCTSTUSDT     0.010635      41.38     233         219564337.000000-71870.000000 -0.03       2.910800    -0.012300   -0.42       74.43       25.57       3.163300    0.000100    0.00        75.98       24.02       2.202000    -0.009300   -0.42       68.77       31.23
2026-05-02 06:30:00 UTCTSTUSDT     0.010649      44.89     258         219700239.000000135902.000000 0.06        2.909300    -0.001500   -0.05       74.42       25.58       3.166800    0.003500    0.11        76.00       24.00       2.199000    -0.003000   -0.14       68.74       31.26
2026-05-02 06:45:00 UTCTSTUSDT     0.010647      44.48     206         219815715.000000115476.000000 0.05        2.918500    0.009200    0.32        74.48       25.52       3.167700    0.000900    0.03        76.01       23.99       2.202000    0.003000    0.14        68.77       31.23
2026-05-02 07:00:00 UTCTSTUSDT     0.010650      45.29     374         219954083.000000138368.000000 0.06        2.906300    -0.012200   -0.42       74.40       25.60       3.161900    -0.005800   -0.18       75.97       24.03       2.202000    0.000000    0.00        68.77       31.23
2026-05-02 07:15:00 UTCTSTUSDT     0.010652      45.85     442         220025237.00000071154.000000  0.03        2.894100    -0.012200   -0.42       74.32       25.68       3.156100    -0.005800   -0.18       75.94       24.06       2.202000    0.000000    0.00        68.77       31.23
2026-05-02 07:30:00 UTCTSTUSDT     0.010616      38.21     795         220281837.000000256600.000000 0.12        2.926200    0.032100    1.11        74.53       25.47       3.163000    0.006900    0.22        75.98       24.02       2.219600    0.017600    0.80        68.94       31.06
2026-05-02 07:45:00 UTCTSTUSDT     0.010635      43.56     311         220426211.000000144374.000000 0.07        2.926200    0.000000    0.00        74.53       25.47       3.171700    0.008700    0.28        76.03       23.97       2.257300    0.037700    1.70        69.30       30.70
2026-05-02 08:00:00 UTCTSTUSDT     0.010628      42.11     353         220470318.00000044107.000000  0.02        2.920000    -0.006200   -0.21       74.49       25.51       3.172200    0.000500    0.02        76.03       23.97       2.253100    -0.004200   -0.19       69.26       30.74
2026-05-02 08:15:00 UTCTSTUSDT     0.010599      36.68     326         220520289.00000049971.000000  0.02        2.920000    0.000000    0.00        74.49       25.51       3.175700    0.003500    0.11        76.05       23.95       2.247800    -0.005300   -0.24       69.21       30.79
2026-05-02 08:30:00 UTCTSTUSDT     0.010622      42.96     314         220575925.00000055636.000000  0.03        2.933900    0.013900    0.48        74.58       25.42       3.174800    -0.000900   -0.03       76.05       23.95       2.252000    0.004200    0.19        69.25       30.75
2026-05-02 08:45:00 UTCTSTUSDT     0.010646      48.69     501         220666804.00000090879.000000  0.04        2.927700    -0.006200   -0.21       74.54       25.46       3.178200    0.003400    0.11        76.07       23.93       2.246800    -0.005200   -0.23       69.20       30.80
2026-05-02 09:00:00 UTCTSTUSDT     0.010646      48.69     500         220833393.000000166589.000000 0.08        2.933900    0.006200    0.21        74.58       25.42       3.176000    -0.002200   -0.07       76.05       23.95       2.253100    0.006300    0.28        69.26       30.74
2026-05-02 09:15:00 UTCTSTUSDT     0.010646      48.69     222         221051083.000000217690.000000 0.10        2.935500    0.001600    0.05        74.59       25.41       3.175800    -0.000200   -0.01       76.05       23.95       2.251000    -0.002100   -0.09       69.24       30.76
2026-05-02 09:30:00 UTCTSTUSDT     0.010677      55.84     316         220977917.000000-73166.000000 -0.03       2.941700    0.006200    0.21        74.63       25.37       3.174900    -0.000900   -0.03       76.05       23.95       2.251000    0.000000    0.00        69.24       30.76
2026-05-02 09:45:00 UTCTSTUSDT     0.010633      46.03     368         221124368.000000146451.000000 0.07        2.958800    0.017100    0.58        74.74       25.26       3.179700    0.004800    0.15        76.07       23.93       2.259500    0.008500    0.38        69.32       30.68
2026-05-02 10:00:00 UTCTSTUSDT     0.010588      38.57     480         221270482.000000146114.000000 0.07        2.946300    -0.012500   -0.42       74.66       25.34       3.180700    0.001000    0.03        76.08       23.92       2.260500    0.001000    0.04        69.33       30.67
2026-05-02 10:15:00 UTCTSTUSDT     0.010606      42.58     298         221168891.000000-101591.000000-0.05       2.941700    -0.004600   -0.16       74.63       25.37       3.175200    -0.005500   -0.17       76.05       23.95       2.262600    0.002100    0.09        69.35       30.65
2026-05-02 10:30:00 UTCTSTUSDT     0.010571      37.46     419         221259827.00000090936.000000  0.04        2.949400    0.007700    0.26        74.68       25.32       3.175100    -0.000100   -0.00       76.05       23.95       2.255200    -0.007400   -0.33       69.28       30.72
2026-05-02 10:45:00 UTCTSTUSDT     0.010604      44.27     360         222006393.000000746566.000000 0.34        2.944800    -0.004600   -0.16       74.65       25.35       3.182300    0.007200    0.23        76.09       23.91       2.248900    -0.006300   -0.28       69.22       30.78
2026-05-02 11:00:00 UTCTSTUSDT     0.010583      41.19     376         222192503.000000186110.000000 0.08        2.940100    -0.004700   -0.16       74.62       25.38       3.185400    0.003100    0.10        76.11       23.89       2.251000    0.002100    0.09        69.24       30.76
2026-05-02 11:15:00 UTCTSTUSDT     0.010563      38.46     210         222206527.00000014024.000000  0.01        2.949400    0.009300    0.32        74.68       25.32       3.183800    -0.001600   -0.05       76.10       23.90       2.249900    -0.001100   -0.05       69.23       30.77
2026-05-02 11:30:00 UTCTSTUSDT     0.010568      39.54     231         222283876.00000077349.000000  0.03        2.960400    0.011000    0.37        74.75       25.25       3.186400    0.002600    0.08        76.11       23.89       2.257300    0.007400    0.33        69.30       30.70
2026-05-02 11:45:00 UTCTSTUSDT     0.010573      40.66     306         222235184.000000-48692.000000 -0.02       2.954100    -0.006300   -0.21       74.71       25.29       3.191200    0.004800    0.15        76.14       23.86       2.251000    -0.006300   -0.28       69.24       30.76
2026-05-02 12:00:00 UTCTSTUSDT     0.010593      45.06     400         222141304.000000-93880.000000 -0.04       2.962000    0.007900    0.27        74.76       25.24       3.189000    -0.002200   -0.07       76.13       23.87       2.256300    0.005300    0.24        69.29       30.71
2026-05-02 12:15:00 UTCTSTUSDT     0.010582      43.16     132         222019975.000000-121329.000000-0.05       2.944800    -0.017200   -0.58       74.65       25.35       3.201400    0.012400    0.39        76.20       23.80       2.242500    -0.013800   -0.61       69.16       30.84
2026-05-02 12:30:00 UTCTSTUSDT     0.010613      49.59     220         222008393.000000-11582.000000 -0.01       2.935500    -0.009300   -0.32       74.59       25.41       3.201200    -0.000200   -0.01       76.20       23.80       2.240400    -0.002100   -0.09       69.14       30.86
2026-05-02 12:45:00 UTCTSTUSDT     0.010592      45.81     268         222035318.00000026925.000000  0.01        2.923100    -0.012400   -0.42       74.51       25.49       3.203900    0.002700    0.08        76.21       23.79       2.240400    0.000000    0.00        69.14       30.86
2026-05-02 13:00:00 UTCTSTUSDT     0.010580      43.76     456         222174706.000000139388.000000 0.06        2.900200    -0.022900   -0.78       74.36       25.64       3.214500    0.010600    0.33        76.27       23.73       2.219600    -0.020800   -0.93       68.94       31.06
2026-05-02 13:15:00 UTCTSTUSDT     0.010578      43.41     142         222091526.000000-83180.000000 -0.04       2.910800    0.010600    0.37        74.43       25.57       3.219000    0.004500    0.14        76.30       23.70       2.224800    0.005200    0.23        68.99       31.01
2026-05-02 13:30:00 UTCTSTUSDT     0.010570      41.97     304         222113334.00000021808.000000  0.01        2.907800    -0.003000   -0.10       74.41       25.59       3.219200    0.000200    0.01        76.30       23.70       2.219600    -0.005200   -0.23       68.94       31.06
2026-05-02 13:45:00 UTCTSTUSDT     0.010633      54.73     472         222232280.000000118946.000000 0.05        2.913900    0.006100    0.21        74.45       25.55       3.217700    -0.001500   -0.05       76.29       23.71       2.223700    0.004100    0.18        68.98       31.02
2026-05-02 14:00:00 UTCTSTUSDT     0.010647      56.99     421         221922905.000000-309375.000000-0.14       2.906300    -0.007600   -0.26       74.40       25.60       3.182400    -0.035300   -1.10       76.09       23.91       2.206200    -0.017500   -0.79       68.81       31.19
2026-05-02 14:15:00 UTCTSTUSDT     0.010730      67.40     558         221750988.000000-171917.000000-0.08       2.903200    -0.003100   -0.11       74.38       25.62       3.182800    0.000400    0.01        76.09       23.91       2.211300    0.005100    0.23        68.86       31.14
2026-05-02 14:30:00 UTCTSTUSDT     0.010725      66.35     500         222075547.000000324559.000000 0.15        2.909300    0.006100    0.21        74.42       25.58       3.180500    -0.002300   -0.07       76.08       23.92       2.215400    0.004100    0.19        68.90       31.10
2026-05-02 14:45:00 UTCTSTUSDT     0.010747      68.65     394         221827997.000000-247550.000000-0.11       2.898600    -0.010700   -0.37       74.35       25.65       3.205700    0.025200    0.79        76.22       23.78       2.207200    -0.008200   -0.37       68.82       31.18
2026-05-02 15:00:00 UTCTSTUSDT     0.010805      73.74     522         221709743.000000-118254.000000-0.05       2.888000    -0.010600   -0.37       74.28       25.72       3.203400    -0.002300   -0.07       76.21       23.79       2.207200    0.000000    0.00        68.82       31.18
2026-05-02 15:15:00 UTCTSTUSDT     0.010834      75.85     378         221401567.000000-308176.000000-0.14       2.859500    -0.028500   -0.99       74.09       25.91       3.200900    -0.002500   -0.08       76.20       23.80       2.189800    -0.017400   -0.79       68.65       31.35
2026-05-02 15:30:00 UTCTSTUSDT     0.010964      82.60     1480        221519503.000000117936.000000 0.05        2.859500    0.000000    0.00        74.09       25.91       3.202500    0.001600    0.05        76.20       23.80       2.203100    0.013300    0.61        68.78       31.22
2026-05-02 15:45:00 UTCTSTUSDT     0.010886      69.96     869         221087470.000000-432033.000000-0.20       2.889500    0.030000    1.05        74.29       25.71       3.240500    0.038000    1.19        76.42       23.58       2.191800    -0.011300   -0.51       68.67       31.33
2026-05-02 16:00:00 UTCTSTUSDT     0.011190      81.71     1839        220584676.000000-502794.000000-0.23       2.915400    0.025900    0.90        74.46       25.54       3.220800    -0.019700   -0.61       76.31       23.69       2.239400    0.047600    2.17        69.13       30.87
2026-05-02 16:15:00 UTCTSTUSDT     0.011199      81.93     1216        221773107.0000001188431.0000000.54        2.850600    -0.064800   -2.22       74.03       25.97       3.217700    -0.003100   -0.10       76.29       23.71       2.174600    -0.064800   -2.89       68.50       31.50
2026-05-02 16:30:00 UTCTSTUSDT     0.011102      71.69     1304        223842526.0000002069419.0000000.93        2.822600    -0.028000   -0.98       73.84       26.16       3.215900    -0.001800   -0.06       76.28       23.72       2.160600    -0.014000   -0.64       68.36       31.64
2026-05-02 16:45:00 UTCTSTUSDT     0.011127      72.64     768         222966188.000000-876338.000000-0.39       2.861000    0.038400    1.36        74.10       25.90       3.183600    -0.032300   -1.00       76.10       23.90       2.241500    0.080900    3.74        69.15       30.85
2026-05-02 17:00:00 UTCTSTUSDT     0.011191      74.95     1114        222795761.000000-170427.000000-0.08       2.889500    0.028500    1.00        74.29       25.71       3.192200    0.008600    0.27        76.15       23.85       2.297100    0.055600    2.48        69.67       30.33
2026-05-02 17:15:00 UTCTSTUSDT     0.011230      76.27     768         222446709.000000-349052.000000-0.16       2.877500    -0.012000   -0.42       74.21       25.79       3.179800    -0.012400   -0.39       76.08       23.92       2.276500    -0.020600   -0.90       69.48       30.52
2026-05-02 17:30:00 UTCTSTUSDT     0.011200      73.09     613         223060540.000000613831.000000 0.28        2.871500    -0.006000   -0.21       74.17       25.83       3.198100    0.018300    0.58        76.18       23.82       2.278700    0.002200    0.10        69.50       30.50
2026-05-02 17:45:00 UTCTSTUSDT     0.011164      69.34     818         222784484.000000-276056.000000-0.12       2.856500    -0.015000   -0.52       74.07       25.93       3.195700    -0.002400   -0.08       76.17       23.83       2.273300    -0.005400   -0.24       69.45       30.55
2026-05-02 18:00:00 UTCTSTUSDT     0.011130      65.91     1032        222381600.000000-402884.000000-0.18       2.882000    0.025500    0.89        74.24       25.76       3.199300    0.003600    0.11        76.19       23.81       2.306900    0.033600    1.48        69.76       30.24
2026-05-02 18:15:00 UTCTSTUSDT     0.011106      63.52     551         222761353.000000379753.000000 0.17        2.877500    -0.004500   -0.16       74.21       25.79       3.218900    0.019600    0.61        76.30       23.70       2.293800    -0.013100   -0.57       69.64       30.36
2026-05-02 18:30:00 UTCTSTUSDT     0.011101      63.00     564         222120938.000000-640415.000000-0.29       2.871500    -0.006000   -0.21       74.17       25.83       3.212200    -0.006700   -0.21       76.26       23.74       2.293800    0.000000    0.00        69.64       30.36
2026-05-02 18:45:00 UTCTSTUSDT     0.011099      62.79     562         222105390.000000-15548.000000 -0.01       2.870000    -0.001500   -0.05       74.16       25.84       3.220200    0.008000    0.25        76.30       23.70       2.289500    -0.004300   -0.19       69.60       30.40
2026-05-02 19:00:00 UTCTSTUSDT     0.011062      58.73     694         222212056.000000106666.000000 0.05        2.883500    0.013500    0.47        74.25       25.75       3.233300    0.013100    0.41        76.38       23.62       2.293800    0.004300    0.19        69.64       30.36
2026-05-02 19:15:00 UTCTSTUSDT     0.011094      61.07     565         222562155.000000350099.000000 0.16        2.892600    0.009100    0.32        74.31       25.69       3.238100    0.004800    0.15        76.40       23.60       2.305800    0.012000    0.52        69.75       30.25
2026-05-02 19:30:00 UTCTSTUSDT     0.011122      63.05     691         222705725.000000143570.000000 0.06        2.901700    0.009100    0.31        74.37       25.63       3.241700    0.003600    0.11        76.42       23.58       2.305800    0.000000    0.00        69.75       30.25
2026-05-02 19:45:00 UTCTSTUSDT     0.011106      61.14     477         222990105.000000284380.000000 0.13        2.882000    -0.019700   -0.68       74.24       25.76       3.263600    0.021900    0.68        76.55       23.45       2.309100    0.003300    0.14        69.78       30.22
2026-05-02 20:00:00 UTCTSTUSDT     0.011358      74.33     2403        222609457.000000-380648.000000-0.17       2.917000    0.035000    1.21        74.47       25.53       3.241700    -0.021900   -0.67       76.42       23.58       2.333300    0.024200    1.05        70.00       30.00
2026-05-02 20:15:00 UTCTSTUSDT     0.011251      64.34     1081        228056115.0000005446658.0000002.45        2.707800    -0.209200   -7.17       73.03       26.97       3.128800    -0.112900   -3.48       75.78       24.22       2.178600    -0.154700   -6.63       68.54       31.46
2026-05-02 20:30:00 UTCTSTUSDT     0.011203      60.42     863         228314205.000000258090.000000 0.11        2.753800    0.046000    1.70        73.36       26.64       3.164600    0.035800    1.14        75.99       24.01       2.201000    0.022400    1.03        68.76       31.24
2026-05-02 20:45:00 UTCTSTUSDT     0.011271      63.79     585         228572783.000000258578.000000 0.11        2.787900    0.034100    1.24        73.60       26.40       3.191300    0.026700    0.84        76.14       23.86       2.223700    0.022700    1.03        68.98       31.02
2026-05-02 21:00:00 UTCTSTUSDT     0.011276      64.03     1174        228529908.000000-42875.000000 -0.02       2.802300    0.014400    0.52        73.70       26.30       3.190100    -0.001200   -0.04       76.13       23.87       2.235200    0.011500    0.52        69.09       30.91
2026-05-02 21:15:00 UTCTSTUSDT     0.011288      64.64     439         228372878.000000-157030.000000-0.07       2.828500    0.026200    0.93        73.88       26.12       3.215400    0.025300    0.79        76.28       23.72       2.233100    -0.002100   -0.09       69.07       30.93
2026-05-02 21:30:00 UTCTSTUSDT     0.011237      59.98     878         228265947.000000-106931.000000-0.05       2.850600    0.022100    0.78        74.03       25.97       3.216100    0.000700    0.02        76.28       23.72       2.242500    0.009400    0.42        69.16       30.84
2026-05-02 21:45:00 UTCTSTUSDT     0.011245      60.46     361         227581272.000000-684675.000000-0.30       2.894100    0.043500    1.53        74.32       25.68       3.192000    -0.024100   -0.75       76.15       23.85       2.310200    0.067700    3.02        69.79       30.21
2026-05-02 22:00:00 UTCTSTUSDT     0.011194      55.84     583         227535719.000000-45553.000000 -0.02       2.903200    0.009100    0.31        74.38       25.62       3.192800    0.000800    0.03        76.15       23.85       2.322300    0.012100    0.52        69.90       30.10
2026-05-02 22:15:00 UTCTSTUSDT     0.011185      55.04     431         227493204.000000-42515.000000 -0.02       2.926200    0.023000    0.79        74.53       25.47       3.189800    -0.003000   -0.09       76.13       23.87       2.331100    0.008800    0.38        69.98       30.02
2026-05-02 22:30:00 UTCTSTUSDT     0.011281      61.39     1172        227418995.000000-74209.000000 -0.03       2.982500    0.056300    1.92        74.89       25.11       3.206300    0.016500    0.52        76.23       23.77       2.343400    0.012300    0.53        70.09       29.91
2026-05-02 22:45:00 UTCTSTUSDT     0.011210      55.18     992         228543478.0000001124483.0000000.49        2.909300    -0.073200   -2.45       74.42       25.58       3.173500    -0.032800   -1.02       76.04       23.96       2.281900    -0.061500   -2.62       69.53       30.47
2026-05-02 23:00:00 UTCTSTUSDT     0.011192      53.70     477         226418136.000000-2125342.000000-0.93       3.014500    0.105200    3.62        75.09       24.91       3.154400    -0.019100   -0.60       75.93       24.07       2.359100    0.077200    3.38        70.23       29.77
2026-05-02 23:15:00 UTCTSTUSDT     0.011178      52.52     317         226814558.000000396422.000000 0.18        3.046900    0.032400    1.07        75.29       24.71       3.161200    0.006800    0.22        75.97       24.03       2.365900    0.006800    0.29        70.29       29.71
2026-05-02 23:30:00 UTCTSTUSDT     0.011435      66.91     1833        226751328.000000-63230.000000 -0.03       3.075000    0.028100    0.92        75.46       24.54       3.162700    0.001500    0.05        75.98       24.02       2.387500    0.021600    0.91        70.48       29.52
2026-05-02 23:45:00 UTCTSTUSDT     0.011395      63.68     828         231287724.0000004536396.0000002.00        2.963500    -0.111500   -3.63       74.77       25.23       3.372600    0.209900    6.64        77.13       22.87       2.285200    -0.102300   -4.28       69.56       30.44
2026-05-03 00:00:00 UTCTSTUSDT     0.012166      81.87     8526        232206855.000000919131.000000 0.40        2.969800    0.006300    0.21        74.81       25.19       3.376200    0.003600    0.11        77.15       22.85       2.296000    0.010800    0.47        69.66       30.34
2026-05-03 00:15:00 UTCTSTUSDT     0.011886      68.46     7786        249346535.00000017139680.0000007.38        2.748100    -0.221700   -7.47       73.32       26.68       3.140900    -0.235300   -6.97       75.85       24.15       2.195900    -0.100100   -4.36       68.71       31.29
2026-05-03 00:30:00 UTCTSTUSDT     0.011692      61.00     4055        259191347.0000009844812.0000003.95        2.718900    -0.029200   -1.06       73.11       26.89       3.073800    -0.067100   -2.14       75.45       24.55       2.188800    -0.007100   -0.32       68.64       31.36
2026-05-03 00:45:00 UTCTSTUSDT     0.011688      60.86     2553        254242950.000000-4948397.000000-1.91       2.812400    0.093500    3.44        73.77       26.23       3.007800    -0.066000   -2.15       75.05       24.95       2.239400    0.050600    2.31        69.13       30.87
2026-05-03 01:00:00 UTCTSTUSDT     0.011688      60.86     2459        249731147.000000-4511803.000000-1.77       2.889500    0.077100    2.74        74.29       25.71       2.980700    -0.027100   -0.90       74.88       25.12       2.273300    0.033900    1.51        69.45       30.55
2026-05-03 01:15:00 UTCTSTUSDT     0.011792      63.51     2566        251377410.0000001646263.0000000.66        2.853600    -0.035900   -1.24       74.05       25.95       3.018900    0.038200    1.28        75.12       24.88       2.237300    -0.036000   -1.58       69.11       30.89
2026-05-03 01:30:00 UTCTSTUSDT     0.011702      59.73     2118        253240409.0000001862999.0000000.74        2.827000    -0.026600   -0.93       73.87       26.13       3.020300    0.001400    0.05        75.13       24.87       2.226800    -0.010500   -0.47       69.01       30.99
2026-05-03 01:45:00 UTCTSTUSDT     0.011637      57.10     3793        254623561.0000001383152.0000000.55        2.865500    0.038500    1.36        74.13       25.87       3.050000    0.029700    0.98        75.31       24.69       2.255200    0.028400    1.28        69.28       30.72
2026-05-03 02:00:00 UTCTSTUSDT     0.011551      53.71     1875        256284700.0000001661139.0000000.65        2.831400    -0.034100   -1.19       73.90       26.10       3.094800    0.044800    1.47        75.58       24.42       2.263700    0.008500    0.38        69.36       30.64
2026-05-03 02:15:00 UTCTSTUSDT     0.011565      54.19     1454        257109286.000000824586.000000 0.32        2.849100    0.017700    0.63        74.02       25.98       3.089500    -0.005300   -0.17       75.55       24.45       2.268000    0.004300    0.19        69.40       30.60
2026-05-03 02:30:00 UTCTSTUSDT     0.011540      53.14     1254        256988418.000000-120868.000000-0.05       2.787900    -0.061200   -2.15       73.60       26.40       3.090700    0.001200    0.04        75.55       24.45       2.242500    -0.025500   -1.12       69.16       30.84
2026-05-03 02:45:00 UTCTSTUSDT     0.011512      51.92     1010        257180017.000000191599.000000 0.07        2.805200    0.017300    0.62        73.72       26.28       3.063800    -0.026900   -0.87       75.39       24.61       2.255200    0.012700    0.57        69.28       30.72
2026-05-03 03:00:00 UTCTSTUSDT     0.011267      42.73     2395        257748893.000000568876.000000 0.22        2.827400    0.022200    0.79        73.88       26.13       3.046600    -0.017200   -0.56       75.29       24.71       2.252000    -0.003200   -0.14       69.25       30.75
2026-05-03 03:15:00 UTCTSTUSDT     0.010946      34.18     4785        254984993.000000-2763900.000000-1.07       2.947900    0.120500    4.26        74.67       25.33       3.043600    -0.003000   -0.10       75.27       24.73       2.313500    0.061500    2.73        69.82       30.18
2026-05-03 03:30:00 UTCTSTUSDT     0.010967      35.10     3972        242265307.000000-12719686.000000-4.99       3.130500    0.182600    6.19        75.79       24.21       3.003100    -0.040500   -1.33       75.02       24.98       2.424700    0.111200    4.81        70.80       29.20
2026-05-03 03:45:00 UTCTSTUSDT     0.010934      34.29     1454        241080826.000000-1184481.000000-0.49       3.063400    -0.067100   -2.14       75.39       24.61       2.958500    -0.044600   -1.49       74.74       25.26       2.400200    -0.024500   -1.01       70.59       29.41
2026-05-03 04:00:00 UTCTSTUSDT     0.010995      37.16     1105        240178259.000000-902567.000000-0.37       3.108500    0.045100    1.47        75.66       24.34       2.958400    -0.000100   -0.00       74.74       25.26       2.420000    0.019800    0.82        70.76       29.24
2026-05-03 04:15:00 UTCTSTUSDT     0.010990      37.02     736         240616421.000000438162.000000 0.18        3.095000    -0.013500   -0.43       75.58       24.42       2.972400    0.014000    0.47        74.83       25.17       2.408300    -0.011700   -0.48       70.66       29.34
2026-05-03 04:30:00 UTCTSTUSDT     0.010971      36.45     724         240965168.000000348747.000000 0.14        3.068300    -0.026700   -0.86       75.42       24.58       2.990000    0.017600    0.59        74.94       25.06       2.397900    -0.010400   -0.43       70.57       29.43
2026-05-03 04:45:00 UTCTSTUSDT     0.010893      34.11     1580        240849545.000000-115623.000000-0.05       3.056800    -0.011500   -0.37       75.35       24.65       2.993000    0.003000    0.10        74.96       25.04       2.389800    -0.008100   -0.34       70.50       29.50
2026-05-03 05:00:00 UTCTSTUSDT     0.010914      35.31     867         238692345.000000-2157200.000000-0.90       3.093300    0.036500    1.19        75.57       24.43       2.985100    -0.007900   -0.26       74.91       25.09       2.416500    0.026700    1.12        70.73       29.27
2026-05-03 05:15:00 UTCTSTUSDT     0.010905      35.02     454         238858826.000000166481.000000 0.07        3.050200    -0.043100   -1.39       75.31       24.69       2.972000    -0.013100   -0.44       74.82       25.18       2.368100    -0.048400   -2.00       70.31       29.69
2026-05-03 05:30:00 UTCTSTUSDT     0.010891      34.54     835         238642932.000000-215894.000000-0.09       3.055200    0.005000    0.16        75.34       24.66       2.988800    0.016800    0.57        74.93       25.07       2.378400    0.010300    0.43        70.40       29.60
2026-05-03 05:45:00 UTCTSTUSDT     0.010888      34.43     566         237795473.000000-847459.000000-0.36       3.017700    -0.037500   -1.23       75.11       24.89       3.035800    0.047000    1.57        75.22       24.78       2.368100    -0.010300   -0.43       70.31       29.69
2026-05-03 06:00:00 UTCTSTUSDT     0.010894      34.87     1336        237496582.000000-298891.000000-0.13       3.032300    0.014600    0.48        75.20       24.80       3.039200    0.003400    0.11        75.24       24.76       2.380700    0.012600    0.53        70.42       29.58
2026-05-03 06:15:00 UTCTSTUSDT     0.010810      31.63     1117        237420846.000000-75736.000000 -0.03       3.040400    0.008100    0.27        75.25       24.75       3.053000    0.013800    0.45        75.33       24.67       2.375000    -0.005700   -0.24       70.37       29.63
2026-05-03 06:30:00 UTCTSTUSDT     0.010860      35.47     784         237429146.0000008300.000000   0.00        3.068300    0.027900    0.92        75.42       24.58       3.036200    -0.016800   -0.55       75.22       24.78       2.394400    0.019400    0.82        70.54       29.46
2026-05-03 06:45:00 UTCTSTUSDT     0.010898      38.31     659         237240599.000000-188547.000000-0.08       3.080000    0.011700    0.38        75.49       24.51       3.007500    -0.028700   -0.95       75.05       24.95       2.380700    -0.013700   -0.57       70.42       29.58
2026-05-03 07:00:00 UTCTSTUSDT     0.010952      42.20     969         236720885.000000-519714.000000-0.22       3.050200    -0.029800   -0.97       75.31       24.69       3.033400    0.025900    0.86        75.21       24.79       2.356800    -0.023900   -1.00       70.21       29.79
2026-05-03 07:15:00 UTCTSTUSDT     0.010960      42.77     868         236490881.000000-230004.000000-0.10       3.033900    -0.016300   -0.53       75.21       24.79       3.045000    0.011600    0.38        75.28       24.72       2.341100    -0.015700   -0.67       70.07       29.93
2026-05-03 07:30:00 UTCTSTUSDT     0.010942      41.77     514         236704237.000000213356.000000 0.09        3.058400    0.024500    0.81        75.36       24.64       3.026000    -0.019000   -0.62       75.16       24.84       2.369300    0.028200    1.20        70.32       29.68
2026-05-03 07:45:00 UTCTSTUSDT     0.010938      41.53     860         237085400.000000381163.000000 0.16        3.075000    0.016600    0.54        75.46       24.54       2.993500    -0.032500   -1.07       74.96       25.04       2.376100    0.006800    0.29        70.38       29.62
2026-05-03 08:00:00 UTCTSTUSDT     0.011406      65.73     3907        236496559.000000-588841.000000-0.25       3.110200    0.035200    1.14        75.67       24.33       2.983000    -0.010500   -0.35       74.89       25.11       2.382900    0.006800    0.29        70.44       29.56
2026-05-03 08:15:00 UTCTSTUSDT     0.012889      85.80     41313       249976008.00000013479449.0000005.70        2.966700    -0.143500   -4.61       74.79       25.21       3.067200    0.084200    2.82        75.41       24.59       2.193900    -0.189000   -7.93       68.69       31.31
2026-05-03 08:30:00 UTCTSTUSDT     0.013730      89.54     60021       283824348.00000033848340.00000013.54       2.593200    -0.373500   -12.59      72.17       27.83       2.603600    -0.463600   -15.11      72.25       27.75       2.043200    -0.150700   -6.87       67.14       32.86
2026-05-03 08:45:00 UTCTSTUSDT     0.014499      91.69     52545       327717627.00000043893279.00000015.46       2.344500    -0.248700   -9.59       70.10       29.90       2.181100    -0.422500   -16.23      68.56       31.44       1.945500    -0.097700   -4.78       66.05       33.95
2026-05-03 09:00:00 UTCTSTUSDT     0.014769      92.29     94098       351840068.00000024122441.0000007.36        1.984200    -0.360300   -15.37      66.49       33.51       2.099300    -0.081800   -3.75       67.73       32.27       1.779300    -0.166200   -8.54       64.02       35.98
2026-05-03 09:15:00 UTCTSTUSDT     0.016894      95.22     84947       357748564.0000005908496.0000001.68        1.798800    -0.185400   -9.34       64.27       35.73       1.999700    -0.099600   -4.74       66.66       33.34       1.658900    -0.120400   -6.77       62.39       37.61
2026-05-03 09:30:00 UTCTSTUSDT     0.015785      78.47     86977       399643038.00000041894474.00000011.71       1.386600    -0.412200   -22.92      58.10       41.90       1.909200    -0.090500   -4.53       65.63       34.37       1.306300    -0.352600   -21.26      56.64       43.36
2026-05-03 09:45:00 UTCTSTUSDT     0.015407      73.71     50411       388459715.000000-11183323.000000-2.80       1.645500    0.258900    18.67       62.20       37.80       2.007400    0.098200    5.14        66.75       33.25       1.553000    0.246700    18.89       60.83       39.17
2026-05-03 10:00:00 UTCTSTUSDT     0.015324      72.67     43542       382368748.000000-6090967.000000-1.57       1.702000    0.056500    3.43        62.99       37.01       1.987400    -0.020000   -1.00       66.53       33.47       1.591300    0.038300    2.47        61.41       38.59
2026-05-03 10:15:00 UTCTSTUSDT     0.016028      75.80     62843       397243501.00000014874753.0000003.89        1.632300    -0.069700   -4.10       62.01       37.99       1.883400    -0.104000   -5.23       65.32       34.68       1.527800    -0.063500   -3.99       60.44       39.56
2026-05-03 10:30:00 UTCTSTUSDT     0.016387      77.23     62932       428485878.00000031242377.0000007.86        1.429000    -0.203300   -12.45      58.83       41.17       1.772400    -0.111000   -5.89       63.93       36.07       1.414900    -0.112900   -7.39       58.59       41.41
2026-05-03 10:45:00 UTCTSTUSDT     0.015716      69.02     65183       450934720.00000022448842.0000005.24        1.324500    -0.104500   -7.31       56.98       43.02       1.732000    -0.040400   -2.28       63.40       36.60       1.322300    -0.092600   -6.54       56.94       43.06
2026-05-03 11:00:00 UTCTSTUSDT     0.015653      68.28     73885       447128601.000000-3806119.000000-0.84       1.375300    0.050800    3.84        57.90       42.10       1.782300    0.050300    2.90        64.06       35.94       1.331000    0.008700    0.66        57.10       42.90
2026-05-03 11:15:00 UTCTSTUSDT     0.015046      61.49     42850       451579470.0000004450869.0000001.00        1.333200    -0.042100   -3.06       57.14       42.86       1.735900    -0.046400   -2.60       63.45       36.55       1.249700    -0.081300   -6.11       55.55       44.45
2026-05-03 11:30:00 UTCTSTUSDT     0.015920      66.64     48956       456074925.0000004495455.0000001.00        1.356800    0.023600    1.77        57.57       42.43       1.744000    0.008100    0.47        63.56       36.44       1.249700    0.000000    0.00        55.55       44.45
2026-05-03 11:45:00 UTCTSTUSDT     0.015405      61.43     46519       456840046.000000765121.000000 0.17        1.294100    -0.062700   -4.62       56.41       43.59       1.697800    -0.046200   -2.65       62.93       37.07       1.212900    -0.036800   -2.94       54.81       45.19
2026-05-03 12:00:00 UTCTSTUSDT     0.015132      58.81     53882       459155355.0000002315309.0000000.51        1.306800    0.012700    0.98        56.65       43.35       1.687900    -0.009900   -0.58       62.80       37.20       1.230200    0.017300    1.43        55.16       44.84
2026-05-03 12:15:00 UTCTSTUSDT     0.015583      61.72     32986       467010185.0000007854830.0000001.71        1.348500    0.041700    3.19        57.42       42.58       1.677500    -0.010400   -0.62       62.65       37.35       1.249200    0.019000    1.54        55.54       44.46
2026-05-03 12:30:00 UTCTSTUSDT     0.015614      61.92     42667       474844248.0000007834063.0000001.68        1.322900    -0.025600   -1.90       56.95       43.05       1.689900    0.012400    0.74        62.82       37.18       1.243200    -0.006000   -0.48       55.42       44.58
2026-05-03 12:45:00 UTCTSTUSDT     0.015978      64.26     48247       483572608.0000008728360.0000001.84        1.292500    -0.030400   -2.30       56.38       43.62       1.637400    -0.052500   -3.11       62.08       37.92       1.245200    0.002000    0.16        55.46       44.54
2026-05-03 13:00:00 UTCTSTUSDT     0.015645      60.58     67666       495443861.00000011871253.0000002.45        1.266000    -0.026500   -2.05       55.87       44.13       1.586200    -0.051200   -3.13       61.33       38.67       1.247200    0.002000    0.16        55.50       44.50
2026-05-03 13:15:00 UTCTSTUSDT     0.015734      61.22     66142       492084899.000000-3358962.000000-0.68       1.270700    0.004700    0.37        55.96       44.04       1.558100    -0.028100   -1.77       60.91       39.09       1.247700    0.000500    0.04        55.51       44.49
2026-05-03 13:30:00 UTCTSTUSDT     0.015489      58.41     26818       490104806.000000-1980093.000000-0.40       1.288300    0.017600    1.39        56.30       43.70       1.569800    0.011700    0.75        61.09       38.91       1.251700    0.004000    0.32        55.59       44.41
2026-05-03 13:45:00 UTCTSTUSDT     0.015691      60.04     37882       494220730.0000004115924.0000000.84        1.311100    0.022800    1.77        56.73       43.27       1.608700    0.038900    2.48        61.67       38.33       1.257300    0.005600    0.45        55.70       44.30
2026-05-03 14:00:00 UTCTSTUSDT     0.015643      59.45     24530       491375538.000000-2845192.000000-0.58       1.266000    -0.045100   -3.44       55.87       44.13       1.583700    -0.025000   -1.55       61.30       38.70       1.217300    -0.040000   -3.18       54.90       45.10
2026-05-03 14:15:00 UTCTSTUSDT     0.015694      59.90     27812       492612611.0000001237073.0000000.25        1.259400    -0.006600   -0.52       55.74       44.26       1.569900    -0.013800   -0.87       61.09       38.91       1.209500    -0.007800   -0.64       54.74       45.26
2026-05-03 14:30:00 UTCTSTUSDT     0.016204      64.22     36653       492409358.000000-203253.000000-0.04       1.234100    -0.025300   -2.01       55.24       44.76       1.539700    -0.030200   -1.92       60.63       39.37       1.186300    -0.023200   -1.92       54.26       45.74
2026-05-03 14:45:00 UTCTSTUSDT     0.016245      64.55     31666       504524261.00000012114903.0000002.46        1.207000    -0.027100   -2.20       54.69       45.31       1.560400    0.020700    1.34        60.94       39.06       1.179600    -0.006700   -0.56       54.12       45.88
2026-05-03 15:00:00 UTCTSTUSDT     0.016080      62.07     35849       508779493.0000004255232.0000000.84        1.183400    -0.023600   -1.96       54.20       45.80       1.588400    0.028000    1.79        61.37       38.63       1.140000    -0.039600   -3.36       53.27       46.73
2026-05-03 15:15:00 UTCTSTUSDT     0.016018      61.11     30048       522369094.00000013589601.0000002.67        1.210400    0.027000    2.28        54.76       45.24       1.628000    0.039600    2.49        61.95       38.05       1.164000    0.024000    2.11        53.79       46.21
2026-05-03 15:30:00 UTCTSTUSDT     0.014331      42.15     93418       525117925.0000002748831.0000000.53        1.206000    -0.004400   -0.36       54.67       45.33       1.600300    -0.027700   -1.70       61.54       38.46       1.162200    -0.001800   -0.15       53.75       46.25
2026-05-03 15:45:00 UTCTSTUSDT     0.014101      40.31     65138       468405421.000000-56712504.000000-10.80      1.313200    0.107200    8.89        56.77       43.23       1.579700    -0.020600   -1.29       61.24       38.76       1.161700    -0.000500   -0.04       53.74       46.26
2026-05-03 16:00:00 UTCTSTUSDT     0.014242      41.98     35821       456033935.000000-12371486.000000-2.64       1.361800    0.048600    3.70        57.66       42.34       1.560100    -0.019600   -1.24       60.94       39.06       1.202600    0.040900    3.52        54.60       45.40
2026-05-03 16:15:00 UTCTSTUSDT     0.014641      46.54     31388       453326346.000000-2707589.000000-0.59       1.384900    0.023100    1.70        58.07       41.93       1.497000    -0.063100   -4.04       59.95       40.05       1.216800    0.014200    1.18        54.89       45.11
2026-05-03 16:30:00 UTCTSTUSDT     0.014422      44.47     28523       447123152.000000-6203194.000000-1.37       1.370800    -0.014100   -1.02       57.82       42.18       1.458800    -0.038200   -2.55       59.33       40.67       1.251200    0.034400    2.83        55.58       44.42
2026-05-03 16:45:00 UTCTSTUSDT     0.014921      49.92     24331       437799435.000000-9323717.000000-2.09       1.381000    0.010200    0.74        58.00       42.00       1.448500    -0.010300   -0.71       59.16       40.84       1.232600    -0.018600   -1.49       55.21       44.79
2026-05-03 17:00:00 UTCTSTUSDT     0.014667      47.38     21272       437322574.000000-476861.000000-0.11       1.327700    -0.053300   -3.86       57.04       42.96       1.449400    0.000900    0.06        59.17       40.83       1.208000    -0.024600   -2.00       54.71       45.29
2026-05-03 17:15:00 UTCTSTUSDT     0.015354      54.19     27631       440153651.0000002831077.0000000.65        1.366900    0.039200    2.95        57.75       42.25       1.458100    0.008700    0.60        59.32       40.68       1.224700    0.016700    1.38        55.05       44.95
2026-05-03 17:30:00 UTCTSTUSDT     0.015640      56.70     34376       436327472.000000-3826179.000000-0.87       1.318600    -0.048300   -3.53       56.87       43.13       1.446800    -0.011300   -0.77       59.13       40.87       1.202200    -0.022500   -1.84       54.59       45.41
2026-05-03 17:45:00 UTCTSTUSDT     0.015511      55.23     33305       439569344.0000003241872.0000000.74        1.269100    -0.049500   -3.75       55.93       44.07       1.437700    -0.009100   -0.63       58.98       41.02       1.171600    -0.030600   -2.55       53.95       46.05
2026-05-03 18:00:00 UTCTSTUSDT     0.015466      54.70     24741       432461594.000000-7107750.000000-1.62       1.303100    0.034000    2.68        56.58       43.42       1.381700    -0.056000   -3.90       58.01       41.99       1.190100    0.018500    1.58        54.34       45.66
2026-05-03 18:15:00 UTCTSTUSDT     0.015468      54.72     20515       433414215.000000952621.000000 0.22        1.260900    -0.042200   -3.24       55.77       44.23       1.362700    -0.019000   -1.38       57.68       42.32       1.171100    -0.019000   -1.60       53.94       46.06
2026-05-03 18:30:00 UTCTSTUSDT     0.015397      53.77     21445       433818413.000000404198.000000 0.09        1.235100    -0.025800   -2.05       55.26       44.74       1.354300    -0.008400   -0.62       57.53       42.47       1.145900    -0.025200   -2.15       53.40       46.60
2026-05-03 18:45:00 UTCTSTUSDT     0.015191      51.00     20800       432848831.000000-969582.000000-0.22       1.240600    0.005500    0.45        55.37       44.63       1.363500    0.009200    0.68        57.69       42.31       1.131700    -0.014200   -1.24       53.09       46.91
2026-05-03 19:00:00 UTCTSTUSDT     0.015107      49.88     21399       425525981.000000-7322850.000000-1.69       1.229700    -0.010900   -0.88       55.15       44.85       1.332500    -0.031000   -2.27       57.13       42.87       1.118600    -0.013100   -1.16       52.80       47.20
2026-05-03 19:15:00 UTCTSTUSDT     0.014984      48.20     13011       425442307.000000-83674.000000 -0.02       1.211900    -0.017800   -1.45       54.79       45.21       1.357100    0.024600    1.85        57.58       42.42       1.089000    -0.029600   -2.65       52.13       47.87
2026-05-03 19:30:00 UTCTSTUSDT     0.014973      48.04     15021       426488463.0000001046156.0000000.25        1.218300    0.006400    0.53        54.92       45.08       1.349500    -0.007600   -0.56       57.44       42.56       1.082000    -0.007000   -0.64       51.97       48.03
2026-05-03 19:45:00 UTCTSTUSDT     0.014795      45.48     16482       424697241.000000-1791222.000000-0.42       1.233100    0.014800    1.21        55.22       44.78       1.382800    0.033300    2.47        58.03       41.97       1.088600    0.006600    0.61        52.12       47.88
2026-05-03 20:00:00 UTCTSTUSDT     0.014923      47.64     9152        426372571.0000001675330.0000000.39        1.256300    0.023200    1.88        55.68       44.32       1.406700    0.023900    1.73        58.45       41.55       1.100400    0.011800    1.08        52.39       47.61
2026-05-03 20:15:00 UTCTSTUSDT     0.015388      54.67     20909       427754660.0000001382089.0000000.32        1.254300    -0.002000   -0.16       55.64       44.36       1.389100    -0.017600   -1.25       58.14       41.86       1.104400    0.004000    0.36        52.48       47.52
2026-05-03 20:30:00 UTCTSTUSDT     0.015429      55.24     17284       431471608.0000003716948.0000000.87        1.188700    -0.065600   -5.23       54.31       45.69       1.369700    -0.019400   -1.40       57.80       42.20       1.075100    -0.029300   -2.65       51.81       48.19
2026-05-03 20:45:00 UTCTSTUSDT     0.015179      51.02     15369       436682290.0000005210682.0000001.21        1.189100    0.000400    0.03        54.32       45.68       1.364600    -0.005100   -0.37       57.71       42.29       1.082500    0.007400    0.69        51.98       48.02
2026-05-03 21:00:00 UTCTSTUSDT     0.015482      55.46     18445       434653610.000000-2028680.000000-0.46       1.215800    0.026700    2.25        54.87       45.13       1.374400    0.009800    0.72        57.88       42.12       1.092100    0.009600    0.89        52.20       47.80
2026-05-03 21:15:00 UTCTSTUSDT     0.014933      47.13     23293       440229943.0000005576333.0000001.28        1.206000    -0.009800   -0.81       54.67       45.33       1.379100    0.004700    0.34        57.97       42.03       1.089400    -0.002700   -0.25       52.14       47.86
2026-05-03 21:30:00 UTCTSTUSDT     0.015111      49.76     11883       434139952.000000-6089991.000000-1.38       1.280000    0.074000    6.14        56.14       43.86       1.385800    0.006700    0.49        58.08       41.92       1.150100    0.060700    5.57        53.49       46.51
2026-05-03 21:45:00 UTCTSTUSDT     0.015153      50.39     12695       431207583.000000-2932369.000000-0.68       1.253800    -0.026200   -2.05       55.63       44.37       1.396500    0.010700    0.77        58.27       41.73       1.121300    -0.028800   -2.50       52.86       47.14
2026-05-03 22:00:00 UTCTSTUSDT     0.015053      48.83     17794       429786788.000000-1420795.000000-0.33       1.267600    0.013800    1.10        55.90       44.10       1.403500    0.007000    0.50        58.39       41.61       1.132700    0.011400    1.02        53.11       46.89
2026-05-03 22:15:00 UTCTSTUSDT     0.015022      48.33     9868        426298375.000000-3488413.000000-0.81       1.282600    0.015000    1.18        56.19       43.81       1.423100    0.019600    1.40        58.73       41.27       1.128100    -0.004600   -0.41       53.01       46.99
2026-05-03 22:30:00 UTCTSTUSDT     0.014857      45.64     9354        426800290.000000501915.000000 0.12        1.283600    0.001000    0.08        56.21       43.79       1.428600    0.005500    0.39        58.82       41.18       1.123600    -0.004500   -0.40       52.91       47.09
2026-05-03 22:45:00 UTCTSTUSDT     0.014937      47.17     11255       424624362.000000-2175928.000000-0.51       1.268100    -0.015500   -1.21       55.91       44.09       1.422100    -0.006500   -0.45       58.71       41.29       1.118200    -0.005400   -0.48       52.79       47.21
2026-05-03 23:00:00 UTCTSTUSDT     0.014703      43.32     22141       425605124.000000980762.000000 0.23        1.255800    -0.012300   -0.97       55.67       44.33       1.421700    -0.000400   -0.03       58.71       41.29       1.103000    -0.015200   -1.36       52.45       47.55
2026-05-03 23:15:00 UTCTSTUSDT     0.014839      46.08     9821        425668392.00000063268.000000  0.01        1.275300    0.019500    1.55        56.05       43.95       1.407700    -0.014000   -0.98       58.47       41.53       1.108400    0.005400    0.49        52.57       47.43
2026-05-03 23:30:00 UTCTSTUSDT     0.015063      50.36     11213       428622889.0000002954497.0000000.69        1.239600    -0.035700   -2.80       55.35       44.65       1.423100    0.015400    1.09        58.73       41.27       1.075100    -0.033300   -3.00       51.81       48.19
2026-05-03 23:45:00 UTCTSTUSDT     0.015217      53.11     11415       430271935.0000001649046.0000000.38        1.196400    -0.043200   -3.48       54.47       45.53       1.427700    0.004600    0.32        58.81       41.19       1.039600    -0.035500   -3.30       50.97       49.03
2026-05-04 00:00:00 UTCTSTUSDT     0.015421      56.55     23344       435732951.0000005461016.0000001.27        1.177200    -0.019200   -1.60       54.07       45.93       1.410200    -0.017500   -1.23       58.51       41.49       1.058900    0.019300    1.86        51.43       48.57
2026-05-04 00:15:00 UTCTSTUSDT     0.015218      52.43     17501       443070117.0000007337166.0000001.68        1.162200    -0.015000   -1.27       53.75       46.25       1.402700    -0.007500   -0.53       58.38       41.62       1.050400    -0.008500   -0.80       51.23       48.77
2026-05-04 00:30:00 UTCTSTUSDT     0.015028      48.84     14023       436543895.000000-6526222.000000-1.47       1.178600    0.016400    1.41        54.10       45.90       1.410200    0.007500    0.53        58.51       41.49       1.056300    0.005900    0.56        51.37       48.63
2026-05-04 00:45:00 UTCTSTUSDT     0.015313      53.93     10674       434421626.000000-2122269.000000-0.49       1.192500    0.013900    1.18        54.39       45.61       1.406300    -0.003900   -0.28       58.44       41.56       1.073400    0.017100    1.62        51.77       48.23
2026-05-04 01:00:00 UTCTSTUSDT     0.015462      56.38     13415       433395188.000000-1026438.000000-0.24       1.191500    -0.001000   -0.08       54.37       45.63       1.404200    -0.002100   -0.15       58.41       41.59       1.072500    -0.000900   -0.08       51.75       48.25
2026-05-04 01:15:00 UTCTSTUSDT     0.015898      62.63     37321       437956626.0000004561438.0000001.05        1.187700    -0.003800   -0.32       54.29       45.71       1.412900    0.008700    0.62        58.56       41.44       1.074300    0.001800    0.17        51.79       48.21
2026-05-04 01:30:00 UTCTSTUSDT     0.015186      50.02     27861       441363559.0000003406933.0000000.78        1.184800    -0.002900   -0.24       54.23       45.77       1.413000    0.000100    0.01        58.56       41.44       1.099100    0.024800    2.31        52.36       47.64
2026-05-04 01:45:00 UTCTSTUSDT     0.015230      50.68     19247       428377366.000000-12986193.000000-2.94       1.249700    0.064900    5.48        55.55       44.45       1.438000    0.025000    1.77        58.98       41.02       1.155600    0.056500    5.14        53.61       46.39
2026-05-04 02:00:00 UTCTSTUSDT     0.015470      54.24     24557       426978872.000000-1398494.000000-0.33       1.211900    -0.037800   -3.02       54.79       45.21       1.435500    -0.002500   -0.17       58.94       41.06       1.130800    -0.024800   -2.15       53.07       46.93
2026-05-04 02:15:00 UTCTSTUSDT     0.016567      66.22     43803       429492737.0000002513865.0000000.59        1.232100    0.020200    1.67        55.20       44.80       1.419800    -0.015700   -1.09       58.67       41.33       1.135400    0.004600    0.41        53.17       46.83
2026-05-04 02:30:00 UTCTSTUSDT     0.016412      63.68     33956       461010551.00000031517814.0000007.34        1.131300    -0.100800   -8.18       53.08       46.92       1.312500    -0.107300   -7.56       56.76       43.24       1.082000    -0.053400   -4.70       51.97       48.03
2026-05-04 02:45:00 UTCTSTUSDT     0.016640      65.76     30944       463806082.0000002795531.0000000.61        1.135800    0.004500    0.40        53.18       46.82       1.331600    0.019100    1.46        57.11       42.89       1.092500    0.010500    0.97        52.21       47.79
2026-05-04 03:00:00 UTCTSTUSDT     0.016622      65.44     52630       473513877.0000009707795.0000002.09        1.080300    -0.055500   -4.89       51.93       48.07       1.347100    0.015500    1.16        57.39       42.61       1.053000    -0.039500   -3.62       51.29       48.71
2026-05-04 03:15:00 UTCTSTUSDT     0.016368      60.96     24296       470947494.000000-2566383.000000-0.54       1.064400    -0.015900   -1.47       51.56       48.44       1.313500    -0.033600   -2.49       56.77       43.23       1.053800    0.000800    0.08        51.31       48.69
2026-05-04 03:30:00 UTCTSTUSDT     0.016524      62.65     17629       471120837.000000173343.000000 0.04        1.050400    -0.014000   -1.32       51.23       48.77       1.319100    0.005600    0.43        56.88       43.12       1.036200    -0.017600   -1.67       50.89       49.11
2026-05-04 03:45:00 UTCTSTUSDT     0.017780      72.85     42035       473869014.0000002748177.0000000.58        1.015300    -0.035100   -3.34       50.38       49.62       1.302900    -0.016200   -1.23       56.58       43.42       1.010100    -0.026100   -2.52       50.25       49.75
2026-05-04 04:00:00 UTCTSTUSDT     0.019241      79.78     58384       485577282.00000011708268.0000002.47        0.981400    -0.033900   -3.34       49.53       50.47       1.323100    0.020200    1.55        56.95       43.05       0.993200    -0.016900   -1.67       49.83       50.17
2026-05-04 04:15:00 UTCTSTUSDT     0.019025      76.66     84654       491745337.0000006168055.0000001.27        0.901100    -0.080300   -8.18       47.40       52.60       1.324400    0.001300    0.10        56.98       43.02       0.947400    -0.045800   -4.61       48.65       51.35
2026-05-04 04:30:00 UTCTSTUSDT     0.019060      76.82     54971       505389294.00000013643957.0000002.77        0.915000    0.013900    1.54        47.78       52.22       1.349100    0.024700    1.86        57.43       42.57       0.967300    0.019900    2.10        49.17       50.83
2026-05-04 04:45:00 UTCTSTUSDT     0.019128      77.15     54403       501927192.000000-3462102.000000-0.69       0.882500    -0.032500   -3.55       46.88       53.12       1.330600    -0.018500   -1.37       57.09       42.91       0.927500    -0.039800   -4.11       48.12       51.88
2026-05-04 05:00:00 UTCTSTUSDT     0.020178      81.45     74372       513827135.00000011899943.0000002.37        0.879000    -0.003500   -0.40       46.78       53.22       1.300900    -0.029700   -2.23       56.54       43.46       0.933900    0.006400    0.69        48.29       51.71
2026-05-04 05:15:00 UTCTSTUSDT     0.020234      81.65     65310       522693765.0000008866630.0000001.73        0.845000    -0.034000   -3.87       45.80       54.20       1.282300    -0.018600   -1.43       56.18       43.82       0.891100    -0.042800   -4.58       47.12       52.88
2026-05-04 05:30:00 UTCTSTUSDT     0.019946      77.08     40706       529671498.0000006977733.0000001.33        0.825500    -0.019500   -2.31       45.22       54.78       1.236800    -0.045500   -3.55       55.29       44.71       0.888900    -0.002200   -0.25       47.06       52.94
2026-05-04 05:45:00 UTCTSTUSDT     0.019393      69.09     47749       541974368.00000012302870.0000002.32        0.798900    -0.026600   -3.22       44.41       55.59       1.207800    -0.029000   -2.34       54.71       45.29       0.859400    -0.029500   -3.32       46.22       53.78
2026-05-04 06:00:00 UTCTSTUSDT     0.019256      67.23     44923       535126256.000000-6848112.000000-1.26       0.800800    0.001900    0.24        44.47       55.53       1.204100    -0.003700   -0.31       54.63       45.37       0.844700    -0.014700   -1.71       45.79       54.21
2026-05-04 06:15:00 UTCTSTUSDT     0.019146      65.70     37012       528920339.000000-6205917.000000-1.16       0.787300    -0.013500   -1.69       44.05       55.95       1.238400    0.034300    2.85        55.33       44.67       0.809300    -0.035400   -4.19       44.73       55.27
2026-05-04 06:30:00 UTCTSTUSDT     0.019295      66.80     26954       527418095.000000-1502244.000000-0.28       0.772700    -0.014600   -1.85       43.59       56.41       1.236800    -0.001600   -0.13       55.29       44.71       0.802800    -0.006500   -0.80       44.53       55.47
2026-05-04 06:45:00 UTCTSTUSDT     0.019064      63.40     25826       528813708.0000001395613.0000000.26        0.774000    0.001300    0.17        43.63       56.37       1.232100    -0.004700   -0.38       55.20       44.80       0.792400    -0.010400   -1.30       44.21       55.79
2026-05-04 07:00:00 UTCTSTUSDT     0.019039      63.03     28378       534276900.0000005463192.0000001.03        0.760600    -0.013400   -1.73       43.20       56.80       1.208600    -0.023500   -1.91       54.72       45.28       0.775600    -0.016800   -2.12       43.68       56.32
2026-05-04 07:15:00 UTCTSTUSDT     0.019140      63.95     28728       540571164.0000006294264.0000001.18        0.762700    0.002100    0.28        43.27       56.73       1.201400    -0.007200   -0.60       54.58       45.42       0.776500    0.000900    0.12        43.71       56.29
2026-05-04 07:30:00 UTCTSTUSDT     0.019168      64.22     28463       546375764.0000005804600.0000001.07        0.752800    -0.009900   -1.30       42.95       57.05       1.196700    -0.004700   -0.39       54.48       45.52       0.769600    -0.006900   -0.89       43.49       56.51
2026-05-04 07:45:00 UTCTSTUSDT     0.019449      66.87     33211       555620004.0000009244240.0000001.69        0.757200    0.004400    0.58        43.09       56.91       1.195500    -0.001200   -0.10       54.45       45.55       0.787900    0.018300    2.38        44.07       55.93
2026-05-04 08:00:00 UTCTSTUSDT     0.019986      71.26     51477       565580718.0000009960714.0000001.79        0.746700    -0.010500   -1.39       42.75       57.25       1.211300    0.015800    1.32        54.78       45.22       0.769300    -0.018600   -2.36       43.48       56.52
2026-05-04 08:15:00 UTCTSTUSDT     0.019567      64.12     41239       578155029.00000012574311.0000002.22        0.745200    -0.001500   -0.20       42.70       57.30       1.223800    0.012500    1.03        55.03       44.97       0.785100    0.015800    2.05        43.98       56.02
2026-05-04 08:30:00 UTCTSTUSDT     0.019418      61.76     66999       579607355.0000001452326.0000000.25        0.745200    0.000000    0.00        42.70       57.30       1.195400    -0.028400   -2.32       54.45       45.55       0.771500    -0.013600   -1.73       43.55       56.45
2026-05-04 08:45:00 UTCTSTUSDT     0.021475      75.31     117794      552643678.000000-26963677.000000-4.65       0.732200    -0.013000   -1.74       42.27       57.73       1.193100    -0.002300   -0.19       54.40       45.60       0.731300    -0.040200   -5.21       42.24       57.76
2026-05-04 09:00:00 UTCTSTUSDT     0.022885      80.43     110188      579896109.00000027252431.0000004.93        0.694300    -0.037900   -5.18       40.98       59.02       1.211000    0.017900    1.50        54.77       45.23       0.717000    -0.014300   -1.96       41.76       58.24
2026-05-04 09:15:00 UTCTSTUSDT     0.023454      82.05     128490      581707189.0000001811080.0000000.31        0.684100    -0.010200   -1.47       40.62       59.38       1.150700    -0.060300   -4.98       53.50       46.50       0.743400    0.026400    3.68        42.64       57.36
2026-05-04 09:30:00 UTCTSTUSDT     0.023677      82.65     96843       590425655.0000008718466.0000001.50        0.673400    -0.010700   -1.56       40.24       59.76       1.110200    -0.040500   -3.52       52.61       47.39       0.731000    -0.012400   -1.67       42.23       57.77
2026-05-04 09:45:00 UTCTSTUSDT     0.022653      70.84     83609       596393672.0000005968017.0000001.01        0.677600    0.004200    0.62        40.39       59.61       1.109600    -0.000600   -0.05       52.60       47.40       0.732800    0.001800    0.25        42.29       57.71
2026-05-04 10:00:00 UTCTSTUSDT     0.023532      74.24     90226       581229587.000000-15164085.000000-2.54       0.668100    -0.009500   -1.40       40.05       59.95       1.110200    0.000600    0.05        52.61       47.39       0.681200    -0.051600   -7.04       40.52       59.48
2026-05-04 10:15:00 UTCTSTUSDT     0.023891      75.50     73203       573429249.000000-7800338.000000-1.34       0.651300    -0.016800   -2.51       39.44       60.56       1.072700    -0.037500   -3.38       51.75       48.25       0.679500    -0.001700   -0.25       40.46       59.54
2026-05-04 10:30:00 UTCTSTUSDT     0.024756      78.26     112443      580979934.0000007550685.0000001.32        0.644500    -0.006800   -1.04       39.19       60.81       1.055000    -0.017700   -1.65       51.34       48.66       0.682700    0.003200    0.47        40.57       59.43
2026-05-04 10:45:00 UTCTSTUSDT     0.027259      83.90     177366      589400286.0000008420352.0000001.45        0.649600    0.005100    0.79        39.38       60.62       1.025500    -0.029500   -2.80       50.63       49.37       0.702400    0.019700    2.89        41.26       58.74
2026-05-04 11:00:00 UTCTSTUSDT     0.026846      80.20     162627      609019261.00000019618975.0000003.33        0.635900    -0.013700   -2.11       38.87       61.13       1.036900    0.011400    1.11        50.91       49.09       0.710000    0.007600    1.08        41.52       58.48
2026-05-04 11:15:00 UTCTSTUSDT     0.026882      80.28     120817      615914538.0000006895277.0000001.13        0.640700    0.004800    0.75        39.05       60.95       1.052100    0.015200    1.47        51.27       48.73       0.718500    0.008500    1.20        41.81       58.19
2026-05-04 11:30:00 UTCTSTUSDT     0.027385      81.43     72449       615866871.000000-47667.000000 -0.01       0.631600    -0.009100   -1.42       38.71       61.29       1.030600    -0.021500   -2.04       50.75       49.25       0.698900    -0.019600   -2.73       41.14       58.86
2026-05-04 11:45:00 UTCTSTUSDT     0.027695      82.13     92318       625276682.0000009409811.0000001.53        0.618600    -0.013000   -2.06       38.22       61.78       1.013200    -0.017400   -1.69       50.33       49.67       0.688300    -0.010600   -1.52       40.77       59.23
2026-05-04 12:00:00 UTCTSTUSDT     0.026895      74.41     112856      636285977.00000011009295.0000001.76        0.620700    0.002100    0.34        38.30       61.70       1.012000    -0.001200   -0.12       50.30       49.70       0.698100    0.009800    1.42        41.11       58.89
2026-05-04 12:15:00 UTCTSTUSDT     0.026110      67.69     127702      647773244.00000011487267.0000001.81        0.601500    -0.019200   -3.09       37.56       62.44       1.011000    -0.001000   -0.10       50.27       49.73       0.663100    -0.035000   -5.01       39.87       60.13
2026-05-04 12:30:00 UTCTSTUSDT     0.026632      69.66     91325       649054273.0000001281029.0000000.20        0.598700    -0.002800   -0.47       37.45       62.55       1.015900    0.004900    0.48        50.39       49.61       0.641000    -0.022100   -3.33       39.06       60.94
2026-05-04 12:45:00 UTCTSTUSDT     0.027371      72.23     72881       650151339.0000001097066.0000000.17        0.579500    -0.019200   -3.21       36.69       63.31       1.009600    -0.006300   -0.62       50.24       49.76       0.619200    -0.021800   -3.40       38.24       61.76
2026-05-04 13:00:00 UTCTSTUSDT     0.028485      75.59     105318      656932674.0000006781335.0000001.04        0.584800    0.005300    0.91        36.90       63.10       1.023800    0.014200    1.41        50.59       49.41       0.635600    0.016400    2.65        38.86       61.14
2026-05-04 13:15:00 UTCTSTUSDT     0.029762      78.76     131530      648663587.000000-8269087.000000-1.26       0.581800    -0.003000   -0.51       36.78       63.22       1.034100    0.010300    1.01        50.84       49.16       0.648300    0.012700    2.00        39.33       60.67
2026-05-04 13:30:00 UTCTSTUSDT     0.031310      81.84     178496      656731665.0000008068078.0000001.24        0.599000    0.017200    2.96        37.46       62.54       1.049100    0.015000    1.45        51.20       48.80       0.671100    0.022800    3.52        40.16       59.84
2026-05-04 13:45:00 UTCTSTUSDT     0.030202      73.61     408085      666822061.00000010090396.0000001.54        0.584300    -0.014700   -2.45       36.88       63.12       1.031600    -0.017500   -1.67       50.78       49.22       0.660300    -0.010800   -1.61       39.77       60.23
2026-05-04 14:00:00 UTCTSTUSDT     0.031162      75.87     176646      658289218.000000-8532843.000000-1.28       0.599200    0.014900    2.55        37.47       62.53       1.075900    0.044300    4.29        51.83       48.17       0.667500    0.007200    1.09        40.03       59.97
2026-05-04 14:15:00 UTCTSTUSDT     0.030846      73.63     93549       663854789.0000005565571.0000000.85        0.589100    -0.010100   -1.69       37.07       62.93       1.062400    -0.013500   -1.25       51.51       48.49       0.661100    -0.006400   -0.96       39.80       60.20
2026-05-04 14:30:00 UTCTSTUSDT     0.028795      61.05     167967      662774376.000000-1080413.000000-0.16       0.595700    0.006600    1.12        37.33       62.67       1.057300    -0.005100   -0.48       51.39       48.61       0.663900    0.002800    0.42        39.90       60.10
2026-05-04 14:45:00 UTCTSTUSDT     0.027255      53.63     243843      637003648.000000-25770728.000000-3.89       0.602800    0.007100    1.19        37.61       62.39       1.091700    0.034400    3.25        52.19       47.81       0.661700    -0.002200   -0.33       39.82       60.18
2026-05-04 15:00:00 UTCTSTUSDT     0.024492      43.44     216532      613817944.000000-23185704.000000-3.64       0.615800    0.013000    2.16        38.11       61.89       1.079500    -0.012200   -1.12       51.91       48.09       0.650700    -0.011000   -1.66       39.42       60.58
2026-05-04 15:15:00 UTCTSTUSDT     0.025398      47.00     106204      587957248.000000-25860696.000000-4.21       0.633700    0.017900    2.91        38.79       61.21       1.122500    0.043000    3.98        52.89       47.11       0.635600    -0.015100   -2.32       38.86       61.14
2026-05-04 15:30:00 UTCTSTUSDT     0.024121      42.90     133116      578419097.000000-9538151.000000-1.62       0.653200    0.019500    3.08        39.51       60.49       1.101800    -0.020700   -1.84       52.42       47.58       0.658600    0.023000    3.62        39.71       60.29
2026-05-04 15:45:00 UTCTSTUSDT     0.024856      45.83     90331       542748186.000000-35670911.000000-6.17       0.668100    0.014900    2.28        40.05       59.95       1.105700    0.003900    0.35        52.51       47.49       0.648000    -0.010600   -1.61       39.32       60.68
2026-05-04 16:00:00 UTCTSTUSDT     0.027220      53.99     166241      526576259.000000-16171927.000000-2.98       0.662200    -0.005900   -0.88       39.84       60.16       1.090700    -0.015000   -1.36       52.17       47.83       0.653400    0.005400    0.83        39.52       60.48
2026-05-04 16:15:00 UTCTSTUSDT     0.026918      52.90     144598      536989071.00000010412812.0000001.98        0.683800    0.021600    3.26        40.61       59.39       1.084200    -0.006500   -0.60       52.02       47.98       0.734900    0.081500    12.47       42.36       57.64
2026-05-04 16:30:00 UTCTSTUSDT     0.028350      57.32     104578      528904773.000000-8084298.000000-1.51       0.683500    -0.000300   -0.04       40.60       59.40       1.083400    -0.000800   -0.07       52.00       48.00       0.710000    -0.024900   -3.39       41.52       58.48
2026-05-04 16:45:00 UTCTSTUSDT     0.029700      61.04     108202      545330592.00000016425819.0000003.11        0.685500    0.002000    0.29        40.67       59.33       1.089700    0.006300    0.58        52.15       47.85       0.734600    0.024600    3.46        42.35       57.65
2026-05-04 17:00:00 UTCTSTUSDT     0.029554      60.43     120323      553704260.0000008373668.0000001.54        0.679500    -0.006000   -0.88       40.46       59.54       1.093700    0.004000    0.37        52.24       47.76       0.744900    0.010300    1.40        42.69       57.31
2026-05-04 17:15:00 UTCTSTUSDT     0.029852      61.28     105742      557731629.0000004027369.0000000.73        0.676700    -0.002800   -0.41       40.36       59.64       1.074800    -0.018900   -1.73       51.80       48.20       0.740300    -0.004600   -0.62       42.54       57.46
2026-05-04 17:30:00 UTCTSTUSDT     0.028829      56.75     73223       554188099.000000-3543530.000000-0.64       0.658900    -0.017800   -2.63       39.72       60.28       1.058700    -0.016100   -1.50       51.42       48.58       0.718800    -0.021500   -2.90       41.82       58.18
2026-05-04 17:45:00 UTCTSTUSDT     0.029498      58.89     58396       556889434.0000002701335.0000000.49        0.651800    -0.007100   -1.08       39.46       60.54       1.050600    -0.008100   -0.77       51.23       48.77       0.687200    -0.031600   -4.40       40.73       59.27
2026-05-04 18:00:00 UTCTSTUSDT     0.027644      51.31     130509      560984926.0000004095492.0000000.74        0.637500    -0.014300   -2.19       38.93       61.07       1.050600    0.000000    0.00        51.23       48.77       0.685500    -0.001700   -0.25       40.67       59.33
2026-05-04 18:15:00 UTCTSTUSDT     0.027776      51.79     87041       538248244.000000-22736682.000000-4.05       0.623400    -0.014100   -2.21       38.40       61.60       1.028300    -0.022300   -2.12       50.70       49.30       0.630800    -0.054700   -7.98       38.68       61.32
2026-05-04 18:30:00 UTCTSTUSDT     0.027626      51.17     29901       542067337.0000003819093.0000000.71        0.607700    -0.015700   -2.52       37.80       62.20       1.047100    0.018800    1.83        51.15       48.85       0.616300    -0.014500   -2.30       38.13       61.87

==============================================================================================================
LAST SNAPSHOT
==============================================================================================================
Time                : 2026-05-04 18:30:00 UTC
Symbol              : TSTUSDT
Close               : 0.027626
RSI(14)            : 51.17
Number of Trades    : 29901
Volume              : 87006272.000000
Quote Volume        : 2423520.742874

Open Interest       : 542067337.000000
OI Change           : 3819093.000000
OI Change %         : 0.71%
OI Value            : 15039116.197728

Top Acco L/S Ratio  : 0.607700
Top Acco L/S Change : -0.015700
Top Acco Chg %      : -2.52%
Top Acco Long %     : 37.80
Top Acco Short %    : 62.20

Top Posit L/S Ratio : 1.047100
Top Posit L/S Change: 0.018800
Top Posit Chg %     : 1.83%
Top Posit Long %    : 51.15
Top Posit Short %   : 48.85

Global L/S Ratio    : 0.616300
Global L/S Change   : -0.014500
Global Chg %        : -2.30%
Global Long %       : 38.13
Global Short %      : 61.87

[Program finished]
