####################################################################################################
FETCHING BINANCE FUTURES DATA ...
####################################################################################################
SYMBOL     : GUAUSDT
PERIOD     : 15m
LIMIT      : 500
RSI_PERIOD : 14

========================================================================================================================================================================================================================================================================================================================================================================
BINANCE FUTURES MERGED DATA (L.S + OI + RSI + TRADES) | ROW = ONE CANDLE
========================================================================================================================================================================================================================================================================================================================================================================
Time                  Symbol      Close         RSI       Trades      OI              OI Chg        OI Chg %    Acco L/S    Acco Chg    Acco Chg%   Acco L%     Acco S%     Posit L/S   Posit Chg   Posit Chg%  Posit L%    Posit S%    Global L/S  Global Chg  Global Chg% Global L%   Global S%
------------------------------------------------------------------------------------------------------------------------------------------------------------------------------------------------------------------------------------------------------------------------------------------------------------------------------------------------------------------------
2026-05-23 10:15:00 UTCGUAUSDT     0.000000      0.00      0           13437892.000000 0.000000      0.00        0.677600    0.000000    0.00        40.39       59.61       1.015700    0.000000    0.00        50.39       49.61       0.000000    0.000000    0.00        0.00        0.00
2026-05-23 10:30:00 UTCGUAUSDT     1.304100      52.87     4234        13413900.000000 -23992.000000 -0.18       0.669700    -0.007900   -1.17       40.11       59.89       1.015400    -0.000300   -0.03       50.38       49.62       0.742800    0.742800    0.00        42.62       57.38
2026-05-23 10:45:00 UTCGUAUSDT     1.294200      48.93     6765        13435916.000000 22016.000000  0.16        0.673100    0.003400    0.51        40.23       59.77       1.011500    -0.003900   -0.38       50.29       49.71       0.752200    0.009400    1.27        42.93       57.07
2026-05-23 11:00:00 UTCGUAUSDT     1.285800      45.81     5058        13471303.000000 35387.000000  0.26        0.682100    0.009000    1.34        40.55       59.45       1.007400    -0.004100   -0.41       50.18       49.82       0.760300    0.008100    1.08        43.19       56.81
2026-05-23 11:15:00 UTCGUAUSDT     1.295000      49.60     5932        13481014.000000 9711.000000   0.07        0.683200    0.001100    0.16        40.59       59.41       1.005300    -0.002100   -0.21       50.13       49.87       0.756200    -0.004100   -0.54       43.06       56.94
2026-05-23 11:30:00 UTCGUAUSDT     1.293200      48.88     5897        13531523.000000 50509.000000  0.37        0.682900    -0.000300   -0.04       40.58       59.42       1.002000    -0.003300   -0.33       50.05       49.95       0.762700    0.006500    0.86        43.27       56.73
2026-05-23 11:45:00 UTCGUAUSDT     1.300100      51.77     7918        13527281.000000 -4242.000000  -0.03       0.677300    -0.005600   -0.82       40.38       59.62       1.000800    -0.001200   -0.12       50.02       49.98       0.755900    -0.006800   -0.89       43.05       56.95
2026-05-23 12:00:00 UTCGUAUSDT     1.310400      55.79     6398        13550510.000000 23229.000000  0.17        0.680400    0.003100    0.46        40.49       59.51       0.997700    -0.003100   -0.31       49.94       50.06       0.758700    0.002800    0.37        43.14       56.86
2026-05-23 12:15:00 UTCGUAUSDT     1.295300      49.30     6541        13557750.000000 7240.000000   0.05        0.673600    -0.006800   -1.00       40.25       59.75       0.995000    -0.002700   -0.27       49.88       50.12       0.752200    -0.006500   -0.86       42.93       57.07
2026-05-23 12:30:00 UTCGUAUSDT     1.303200      52.42     3084        13614525.000000 56775.000000  0.42        0.690600    0.017000    2.52        40.85       59.15       0.989600    -0.005400   -0.54       49.74       50.26       0.774600    0.022400    2.98        43.65       56.35
2026-05-23 12:45:00 UTCGUAUSDT     1.306200      53.59     5198        13595455.000000 -19070.000000 -0.14       0.684900    -0.005700   -0.83       40.65       59.35       0.990200    0.000600    0.06        49.75       50.25       0.767100    -0.007500   -0.97       43.41       56.59
2026-05-23 13:00:00 UTCGUAUSDT     1.300600      51.07     4024        13611672.000000 16217.000000  0.12        0.686600    0.001700    0.25        40.71       59.29       0.986100    -0.004100   -0.41       49.65       50.35       0.772700    0.005600    0.73        43.59       56.41
2026-05-23 13:15:00 UTCGUAUSDT     1.293900      48.15     2162        13610504.000000 -1168.000000  -0.01       0.687800    0.001200    0.17        40.75       59.25       0.983800    -0.002300   -0.23       49.59       50.41       0.771500    -0.001200   -0.16       43.55       56.45
2026-05-23 13:30:00 UTCGUAUSDT     1.299500      50.69     1765        13609605.000000 -899.000000   -0.01       0.688000    0.000200    0.03        40.76       59.24       0.984800    0.001000    0.10        49.62       50.38       0.772700    0.001200    0.16        43.59       56.41
2026-05-23 13:45:00 UTCGUAUSDT     1.159800      21.91     30843       13591510.000000 -18095.000000 -0.13       0.686300    -0.001700   -0.25       40.70       59.30       0.983900    -0.000900   -0.09       49.60       50.40       0.770500    -0.002200   -0.28       43.52       56.48
2026-05-23 14:00:00 UTCGUAUSDT     1.141100      20.26     45618       14087555.000000 496045.000000 3.65        0.744900    0.058600    8.54        42.69       57.31       0.965400    -0.018500   -1.88       49.12       50.88       0.816500    0.046000    5.97        44.95       55.05
2026-05-23 14:15:00 UTCGUAUSDT     1.143000      20.91     27296       14356172.000000 268617.000000 1.91        0.759300    0.014400    1.93        43.16       56.84       0.966900    0.001500    0.16        49.16       50.84       0.817500    0.001000    0.12        44.98       55.02
2026-05-23 14:30:00 UTCGUAUSDT     1.174500      31.02     18060       14340981.000000 -15191.000000 -0.11       0.746100    -0.013200   -1.74       42.73       57.27       0.963200    -0.003700   -0.38       49.06       50.94       0.804100    -0.013400   -1.64       44.57       55.43
2026-05-23 14:45:00 UTCGUAUSDT     1.253600      48.74     29276       14423983.000000 83002.000000  0.58        0.739100    -0.007000   -0.94       42.50       57.50       0.974800    0.011600    1.20        49.36       50.64       0.799900    -0.004200   -0.52       44.44       55.56
2026-05-23 15:00:00 UTCGUAUSDT     1.285800      53.93     23998       14324082.000000 -99901.000000 -0.69       0.707400    -0.031700   -4.29       41.43       58.57       0.975600    0.000800    0.08        49.38       50.62       0.775900    -0.024000   -3.00       43.69       56.31
2026-05-23 15:15:00 UTCGUAUSDT     1.262300      49.95     16380       14344104.000000 20022.000000  0.14        0.695500    -0.011900   -1.68       41.02       58.98       0.973100    -0.002500   -0.26       49.32       50.68       0.760900    -0.015000   -1.93       43.21       56.79
2026-05-23 15:30:00 UTCGUAUSDT     1.303800      56.11     12197       14282099.000000 -62005.000000 -0.43       0.703600    0.008100    1.16        41.30       58.70       0.966500    -0.006600   -0.68       49.15       50.85       0.764300    0.003400    0.45        43.32       56.68
2026-05-23 15:45:00 UTCGUAUSDT     1.284500      52.85     12426       14314637.000000 32538.000000  0.23        0.689200    -0.014400   -2.05       40.80       59.20       0.966000    -0.000500   -0.05       49.14       50.86       0.760600    -0.003700   -0.48       43.20       56.80
2026-05-23 16:00:00 UTCGUAUSDT     1.270700      50.59     7168        14276373.000000 -38264.000000 -0.27       0.682900    -0.006300   -0.91       40.58       59.42       0.969600    0.003600    0.37        49.23       50.77       0.746100    -0.014500   -1.91       42.73       57.27
2026-05-23 16:15:00 UTCGUAUSDT     1.268200      50.17     15303       14254344.000000 -22029.000000 -0.15       0.677600    -0.005300   -0.78       40.39       59.61       0.971300    0.001700    0.18        49.27       50.73       0.738200    -0.007900   -1.06       42.47       57.53
2026-05-23 16:30:00 UTCGUAUSDT     1.262700      49.21     10009       14226432.000000 -27912.000000 -0.20       0.682700    0.005100    0.75        40.57       59.43       0.973000    0.001700    0.18        49.32       50.68       0.739400    0.001200    0.16        42.51       57.49
2026-05-23 16:45:00 UTCGUAUSDT     1.287000      53.47     8868        14144238.000000 -82194.000000 -0.58       0.672200    -0.010500   -1.54       40.20       59.80       0.981300    0.008300    0.85        49.53       50.47       0.724700    -0.014700   -1.99       42.02       57.98
2026-05-23 17:00:00 UTCGUAUSDT     1.271000      50.47     6363        14071346.000000 -72892.000000 -0.52       0.665000    -0.007200   -1.07       39.94       60.06       0.985900    0.004600    0.47        49.65       50.35       0.712000    -0.012700   -1.75       41.59       58.41
2026-05-23 17:15:00 UTCGUAUSDT     1.276600      51.49     7534        14022627.000000 -48719.000000 -0.35       0.673600    0.008600    1.29        40.25       59.75       0.986800    0.000900    0.09        49.67       50.33       0.720900    0.008900    1.25        41.89       58.11
2026-05-23 17:30:00 UTCGUAUSDT     1.270300      50.23     6305        13999725.000000 -22902.000000 -0.16       0.672200    -0.001400   -0.21       40.20       59.80       0.988200    0.001400    0.14        49.70       50.30       0.712900    -0.008000   -1.11       41.62       58.38
2026-05-23 17:45:00 UTCGUAUSDT     1.302200      56.09     8457        13962128.000000 -37597.000000 -0.27       0.669200    -0.003000   -0.45       40.09       59.91       0.990400    0.002200    0.22        49.76       50.24       0.705300    -0.007600   -1.07       41.36       58.64
2026-05-23 18:00:00 UTCGUAUSDT     1.291600      53.82     5989        13927982.000000 -34146.000000 -0.24       0.667800    -0.001400   -0.21       40.04       59.96       0.990600    0.000200    0.02        49.76       50.24       0.707900    0.002600    0.37        41.45       58.55
2026-05-23 18:15:00 UTCGUAUSDT     1.296700      54.77     8438        13891900.000000 -36082.000000 -0.26       0.662000    -0.005800   -0.87       39.83       60.17       0.992600    0.002000    0.20        49.81       50.19       0.703900    -0.004000   -0.57       41.31       58.69
2026-05-23 18:30:00 UTCGUAUSDT     1.295500      54.49     4692        13825615.000000 -66285.000000 -0.48       0.659800    -0.002200   -0.33       39.75       60.25       0.990000    -0.002600   -0.26       49.75       50.25       0.708500    0.004600    0.65        41.47       58.53
2026-05-23 18:45:00 UTCGUAUSDT     1.336800      61.81     13242       13807815.000000 -17800.000000 -0.13       0.654000    -0.005800   -0.88       39.54       60.46       0.994500    0.004500    0.45        49.86       50.14       0.701000    -0.007500   -1.06       41.21       58.79
2026-05-23 19:00:00 UTCGUAUSDT     1.340600      62.41     8181        13764939.000000 -42876.000000 -0.31       0.659800    0.005800    0.89        39.75       60.25       0.994800    0.000300    0.03        49.87       50.13       0.713200    0.012200    1.74        41.63       58.37
2026-05-23 19:15:00 UTCGUAUSDT     1.338100      61.72     6148        13740582.000000 -24357.000000 -0.18       0.654300    -0.005500   -0.83       39.55       60.45       0.996200    0.001400    0.14        49.91       50.09       0.710900    -0.002300   -0.32       41.55       58.45
2026-05-23 19:30:00 UTCGUAUSDT     1.319000      56.60     23143       13722474.000000 -18108.000000 -0.13       0.654800    0.000500    0.08        39.57       60.43       0.996900    0.000700    0.07        49.92       50.08       0.716700    0.005800    0.82        41.75       58.25
2026-05-23 19:45:00 UTCGUAUSDT     1.321100      57.02     17564       13670369.000000 -52105.000000 -0.38       0.648000    -0.006800   -1.04       39.32       60.68       1.001700    0.004800    0.48        50.04       49.96       0.714100    -0.002600   -0.36       41.66       58.34
2026-05-23 20:00:00 UTCGUAUSDT     1.328100      58.47     11056       13687262.000000 16893.000000  0.12        0.649900    0.001900    0.29        39.39       60.61       0.998400    -0.003300   -0.33       49.96       50.04       0.715300    0.001200    0.17        41.70       58.30
2026-05-23 20:15:00 UTCGUAUSDT     1.395600      69.25     9006        13669984.000000 -17278.000000 -0.13       0.643900    -0.006000   -0.92       39.17       60.83       1.002800    0.004400    0.44        50.07       49.93       0.707100    -0.008200   -1.15       41.42       58.58
2026-05-23 20:30:00 UTCGUAUSDT     1.435600      73.61     9355        13645635.000000 -24349.000000 -0.18       0.641200    -0.002700   -0.42       39.07       60.93       1.006300    0.003500    0.35        50.16       49.84       0.701500    -0.005600   -0.79       41.23       58.77
2026-05-23 20:45:00 UTCGUAUSDT     1.417500      68.85     10547       13601392.000000 -44243.000000 -0.32       0.632700    -0.008500   -1.33       38.75       61.25       1.006900    0.000600    0.06        50.17       49.83       0.703000    0.001500    0.21        41.28       58.72
2026-05-23 21:00:00 UTCGUAUSDT     1.389000      62.04     8516        13526181.000000 -75211.000000 -0.55       0.646900    0.014200    2.24        39.28       60.72       1.005700    -0.001200   -0.12       50.14       49.86       0.720000    0.017000    2.42        41.86       58.14
2026-05-23 21:15:00 UTCGUAUSDT     1.404400      64.10     4058        13487029.000000 -39152.000000 -0.29       0.657600    0.010700    1.65        39.67       60.33       1.006100    0.000400    0.04        50.15       49.85       0.725900    0.005900    0.82        42.06       57.94
2026-05-23 21:30:00 UTCGUAUSDT     1.356900      54.29     9573        13474145.000000 -12884.000000 -0.10       0.657300    -0.000300   -0.05       39.66       60.34       1.006400    0.000300    0.03        50.16       49.84       0.732200    0.006300    0.87        42.27       57.73
2026-05-23 21:45:00 UTCGUAUSDT     1.359900      54.76     3964        13435457.000000 -38688.000000 -0.29       0.663900    0.006600    1.00        39.90       60.10       1.004800    -0.001600   -0.16       50.12       49.88       0.734900    0.002700    0.37        42.36       57.64
2026-05-23 22:00:00 UTCGUAUSDT     1.380800      58.01     4542        13412455.000000 -23002.000000 -0.17       0.663100    -0.000800   -0.12       39.87       60.13       1.005400    0.000600    0.06        50.13       49.87       0.731000    -0.003900   -0.53       42.23       57.77
2026-05-23 22:15:00 UTCGUAUSDT     1.379000      57.62     3003        13413023.000000 568.000000    0.00        0.669200    0.006100    0.92        40.09       59.91       1.004700    -0.000700   -0.07       50.12       49.88       0.736400    0.005400    0.74        42.41       57.59
2026-05-23 22:30:00 UTCGUAUSDT     1.355400      52.70     5151        13412390.000000 -633.000000   -0.00       0.664700    -0.004500   -0.67       39.93       60.07       1.005100    0.000400    0.04        50.13       49.87       0.737000    0.000600    0.08        42.43       57.57
2026-05-23 22:45:00 UTCGUAUSDT     1.379500      56.76     2358        13409693.000000 -2697.000000  -0.02       0.661100    -0.003600   -0.54       39.80       60.20       1.004700    -0.000400   -0.04       50.12       49.88       0.728000    -0.009000   -1.22       42.13       57.87
2026-05-23 23:00:00 UTCGUAUSDT     1.378200      56.48     3543        13399558.000000 -10135.000000 -0.08       0.661100    0.000000    0.00        39.80       60.20       1.003700    -0.001000   -0.10       50.09       49.91       0.729800    0.001800    0.25        42.19       57.81
2026-05-23 23:15:00 UTCGUAUSDT     1.371000      54.86     3013        13386170.000000 -13388.000000 -0.10       0.660000    -0.001100   -0.17       39.76       60.24       1.003300    -0.000400   -0.04       50.08       49.92       0.728000    -0.001800   -0.25       42.13       57.87
2026-05-23 23:30:00 UTCGUAUSDT     1.350200      50.35     5578        13374635.000000 -11535.000000 -0.09       0.662500    0.002500    0.38        39.85       60.15       1.002600    -0.000700   -0.07       50.07       49.93       0.731300    0.003300    0.45        42.24       57.76
2026-05-23 23:45:00 UTCGUAUSDT     1.344300      49.12     6145        13330777.000000 -43858.000000 -0.33       0.665000    0.002500    0.38        39.94       60.06       1.002800    0.000200    0.02        50.07       49.93       0.725000    -0.006300   -0.86       42.03       57.97
2026-05-24 00:00:00 UTCGUAUSDT     1.334900      47.14     3827        13303470.000000 -27307.000000 -0.20       0.657300    -0.007700   -1.16       39.66       60.34       1.003300    0.000500    0.05        50.08       49.92       0.719700    -0.005300   -0.73       41.85       58.15
2026-05-24 00:15:00 UTCGUAUSDT     1.344600      49.41     4501        13299777.000000 -3693.000000  -0.03       0.659200    0.001900    0.29        39.73       60.27       1.002400    -0.000900   -0.09       50.06       49.94       0.720000    0.000300    0.04        41.86       58.14
2026-05-24 00:30:00 UTCGUAUSDT     1.325800      45.35     3597        13282794.000000 -16983.000000 -0.13       0.654800    -0.004400   -0.67       39.57       60.43       1.000800    -0.001600   -0.16       50.02       49.98       0.718200    -0.001800   -0.25       41.80       58.20
2026-05-24 00:45:00 UTCGUAUSDT     1.322600      44.68     5630        13283512.000000 718.000000    0.01        0.652600    -0.002200   -0.34       39.49       60.51       1.001600    0.000800    0.08        50.04       49.96       0.713200    -0.005000   -0.70       41.63       58.37
2026-05-24 01:00:00 UTCGUAUSDT     1.339200      48.91     5758        13286752.000000 3240.000000   0.02        0.647200    -0.005400   -0.83       39.29       60.71       1.000800    -0.000800   -0.08       50.02       49.98       0.703900    -0.009300   -1.30       41.31       58.69
2026-05-24 01:15:00 UTCGUAUSDT     1.339400      48.96     3435        13268656.000000 -18096.000000 -0.14       0.642300    -0.004900   -0.76       39.11       60.89       0.999500    -0.001300   -0.13       49.99       50.01       0.696600    -0.007300   -1.04       41.06       58.94
2026-05-24 01:30:00 UTCGUAUSDT     1.348200      51.25     3884        13251964.000000 -16692.000000 -0.13       0.625500    -0.016800   -2.62       38.48       61.52       0.998400    -0.001100   -0.11       49.96       50.04       0.679800    -0.016800   -2.41       40.47       59.53
2026-05-24 01:45:00 UTCGUAUSDT     1.351500      52.12     2642        13250226.000000 -1738.000000  -0.01       0.629200    0.003700    0.59        38.62       61.38       0.997800    -0.000600   -0.06       49.94       50.06       0.685500    0.005700    0.84        40.67       59.33
2026-05-24 02:00:00 UTCGUAUSDT     1.343300      49.75     2480        13231073.000000 -19153.000000 -0.14       0.627600    -0.001600   -0.25       38.56       61.44       0.997800    0.000000    0.00        49.95       50.05       0.681200    -0.004300   -0.63       40.52       59.48
2026-05-24 02:15:00 UTCGUAUSDT     1.354100      52.79     3632        13214671.000000 -16402.000000 -0.12       0.623600    -0.004000   -0.64       38.41       61.59       0.996800    -0.001000   -0.10       49.92       50.08       0.677900    -0.003300   -0.48       40.40       59.60
2026-05-24 02:30:00 UTCGUAUSDT     1.362600      55.10     2869        13181532.000000 -33139.000000 -0.25       0.621300    -0.002300   -0.37       38.32       61.68       0.996700    -0.000100   -0.01       49.92       50.08       0.674800    -0.003100   -0.46       40.29       59.71
2026-05-24 02:45:00 UTCGUAUSDT     1.375000      58.30     2984        13167246.000000 -14286.000000 -0.11       0.621800    0.000500    0.08        38.34       61.66       0.996000    -0.000700   -0.07       49.90       50.10       0.679800    0.005000    0.74        40.47       59.53
2026-05-24 03:00:00 UTCGUAUSDT     1.388600      61.54     4540        13156223.000000 -11023.000000 -0.08       0.627600    0.005800    0.93        38.56       61.44       0.994500    -0.001500   -0.15       49.86       50.14       0.684100    0.004300    0.63        40.62       59.38
2026-05-24 03:15:00 UTCGUAUSDT     1.360200      52.39     3116        13158257.000000 2034.000000   0.02        0.620200    -0.007400   -1.18       38.28       61.72       0.994500    0.000000    0.00        49.86       50.14       0.677000    -0.007100   -1.04       40.37       59.63
2026-05-24 03:30:00 UTCGUAUSDT     1.362200      52.92     3298        13138629.000000 -19628.000000 -0.15       0.635300    0.015100    2.43        38.85       61.15       0.993500    -0.001000   -0.10       49.84       50.16       0.690300    0.013300    1.96        40.84       59.16
2026-05-24 03:45:00 UTCGUAUSDT     1.379900      57.44     2612        13138876.000000 247.000000    0.00        0.632100    -0.003200   -0.50       38.73       61.27       0.994200    0.000700    0.07        49.86       50.14       0.690300    0.000000    0.00        40.84       59.16
2026-05-24 04:00:00 UTCGUAUSDT     1.393200      60.51     3044        13137570.000000 -1306.000000  -0.01       0.624400    -0.007700   -1.22       38.44       61.56       0.993200    -0.001000   -0.10       49.83       50.17       0.681500    -0.008800   -1.27       40.53       59.47
2026-05-24 04:15:00 UTCGUAUSDT     1.424200      66.56     5499        13142428.000000 4858.000000   0.04        0.621800    -0.002600   -0.42       38.34       61.66       0.992300    -0.000900   -0.09       49.81       50.19       0.679800    -0.001700   -0.25       40.47       59.53
2026-05-24 04:30:00 UTCGUAUSDT     1.404000      60.10     5659        13137854.000000 -4574.000000  -0.03       0.619200    -0.002600   -0.42       38.24       61.76       0.993900    0.001600    0.16        49.85       50.15       0.680700    0.000900    0.13        40.50       59.50
2026-05-24 04:45:00 UTCGUAUSDT     1.408500      61.01     5180        13114211.000000 -23643.000000 -0.18       0.622300    0.003100    0.50        38.36       61.64       0.994100    0.000200    0.02        49.85       50.15       0.682700    0.002000    0.29        40.57       59.43
2026-05-24 05:00:00 UTCGUAUSDT     1.411800      61.70     3253        13075399.000000 -38812.000000 -0.30       0.626300    0.004000    0.64        38.51       61.49       0.993900    -0.000200   -0.02       49.85       50.15       0.691800    0.009100    1.33        40.89       59.11
2026-05-24 05:15:00 UTCGUAUSDT     1.411200      61.48     3276        13062240.000000 -13159.000000 -0.10       0.626500    0.000200    0.03        38.52       61.48       0.993400    -0.000500   -0.05       49.83       50.17       0.689200    -0.002600   -0.38       40.80       59.20
2026-05-24 05:30:00 UTCGUAUSDT     1.410800      61.33     4037        13051973.000000 -10267.000000 -0.08       0.621500    -0.005000   -0.80       38.33       61.67       0.992600    -0.000800   -0.08       49.82       50.18       0.685500    -0.003700   -0.54       40.67       59.33
2026-05-24 05:45:00 UTCGUAUSDT     1.410000      61.01     3625        13052106.000000 133.000000    0.00        0.618600    -0.002900   -0.47       38.22       61.78       0.990200    -0.002400   -0.24       49.75       50.25       0.682900    -0.002600   -0.38       40.58       59.42
2026-05-24 06:00:00 UTCGUAUSDT     1.398900      56.54     5075        13058375.000000 6269.000000   0.05        0.616300    -0.002300   -0.37       38.13       61.87       0.988400    -0.001800   -0.18       49.71       50.29       0.681800    -0.001100   -0.16       40.54       59.46
2026-05-24 06:15:00 UTCGUAUSDT     1.416200      61.30     3679        13045091.000000 -13284.000000 -0.10       0.611100    -0.005200   -0.84       37.93       62.07       0.986700    -0.001700   -0.17       49.67       50.33       0.679000    -0.002800   -0.41       40.44       59.56
2026-05-24 06:30:00 UTCGUAUSDT     1.410500      59.01     3310        13043928.000000 -1163.000000  -0.01       0.608800    -0.002300   -0.38       37.84       62.16       0.985800    -0.000900   -0.09       49.64       50.36       0.673600    -0.005400   -0.80       40.25       59.75
2026-05-24 06:45:00 UTCGUAUSDT     1.402300      55.78     4313        13022065.000000 -21863.000000 -0.17       0.613900    0.005100    0.84        38.04       61.96       0.985300    -0.000500   -0.05       49.63       50.37       0.680400    0.006800    1.01        40.49       59.51
2026-05-24 07:00:00 UTCGUAUSDT     1.411100      58.41     4718        13016832.000000 -5233.000000  -0.04       0.609800    -0.004100   -0.67       37.88       62.12       0.985300    0.000000    0.00        49.63       50.37       0.674800    -0.005600   -0.82       40.29       59.71
2026-05-24 07:15:00 UTCGUAUSDT     1.411200      58.44     3014        13021298.000000 4466.000000   0.03        0.613900    0.004100    0.67        38.04       61.96       0.981300    -0.004000   -0.41       49.53       50.47       0.680400    0.005600    0.83        40.49       59.51
2026-05-24 07:30:00 UTCGUAUSDT     1.416300      60.03     4016        13000169.000000 -21129.000000 -0.16       0.609300    -0.004600   -0.75       37.86       62.14       0.980400    -0.000900   -0.09       49.51       50.49       0.678100    -0.002300   -0.34       40.41       59.59
2026-05-24 07:45:00 UTCGUAUSDT     1.430300      64.11     4340        12999420.000000 -749.000000   -0.01       0.608000    -0.001300   -0.21       37.81       62.19       0.979800    -0.000600   -0.06       49.49       50.51       0.678400    0.000300    0.04        40.42       59.58
2026-05-24 08:00:00 UTCGUAUSDT     1.434400      65.23     6318        12987362.000000 -12058.000000 -0.09       0.605900    -0.002100   -0.35       37.73       62.27       0.979000    -0.000800   -0.08       49.47       50.53       0.679500    0.001100    0.16        40.46       59.54
2026-05-24 08:15:00 UTCGUAUSDT     1.441600      67.17     4206        12979341.000000 -8021.000000  -0.06       0.608200    0.002300    0.38        37.82       62.18       0.977500    -0.001500   -0.15       49.43       50.57       0.680700    0.001200    0.18        40.50       59.50
2026-05-24 08:30:00 UTCGUAUSDT     1.446000      68.33     4233        12970405.000000 -8936.000000  -0.07       0.604600    -0.003600   -0.59       37.68       62.32       0.978100    0.000600    0.06        49.45       50.55       0.679300    -0.001400   -0.21       40.45       59.55
2026-05-24 08:45:00 UTCGUAUSDT     1.450200      69.44     3666        12972061.000000 1656.000000   0.01        0.584300    -0.020300   -3.36       36.88       63.12       0.977300    -0.000800   -0.08       49.43       50.57       0.663100    -0.016200   -2.38       39.87       60.13
2026-05-24 09:00:00 UTCGUAUSDT     1.455000      70.70     4337        12982681.000000 10620.000000  0.08        0.584000    -0.000300   -0.05       36.87       63.13       0.976000    -0.001300   -0.13       49.39       50.61       0.663600    0.000500    0.08        39.89       60.11
2026-05-24 09:15:00 UTCGUAUSDT     1.460000      72.00     3924        12964362.000000 -18319.000000 -0.14       0.586000    0.002000    0.34        36.95       63.05       0.976900    0.000900    0.09        49.42       50.58       0.665000    0.001400    0.21        39.94       60.06
2026-05-24 09:30:00 UTCGUAUSDT     1.476200      75.75     4939        12961884.000000 -2478.000000  -0.02       0.590300    0.004300    0.73        37.12       62.88       0.975600    -0.001300   -0.13       49.38       50.62       0.665000    0.000000    0.00        39.94       60.06
2026-05-24 09:45:00 UTCGUAUSDT     1.469800      71.67     3523        12952890.000000 -8994.000000  -0.07       0.579800    -0.010500   -1.78       36.70       63.30       0.976100    0.000500    0.05        49.40       50.60       0.659500    -0.005500   -0.83       39.74       60.26
2026-05-24 10:00:00 UTCGUAUSDT     1.482000      74.49     5121        12938282.000000 -14608.000000 -0.11       0.577000    -0.002800   -0.48       36.59       63.41       0.974300    -0.001800   -0.18       49.35       50.65       0.652300    -0.007200   -1.09       39.48       60.52
2026-05-24 10:15:00 UTCGUAUSDT     1.462200      63.44     7049        12937143.000000 -1139.000000  -0.01       0.574100    -0.002900   -0.50       36.47       63.53       0.972100    -0.002200   -0.23       49.29       50.71       0.655400    0.003100    0.48        39.59       60.41
2026-05-24 10:30:00 UTCGUAUSDT     1.485700      69.27     5946        12912620.000000 -24523.000000 -0.19       0.578800    0.004700    0.82        36.66       63.34       0.966300    -0.005800   -0.60       49.14       50.86       0.656500    0.001100    0.17        39.63       60.37
2026-05-24 10:45:00 UTCGUAUSDT     1.475200      64.33     3993        12939465.000000 26845.000000  0.21        0.573600    -0.005200   -0.90       36.45       63.55       0.962500    -0.003800   -0.39       49.05       50.95       0.653200    -0.003300   -0.50       39.51       60.49
2026-05-24 11:00:00 UTCGUAUSDT     1.486700      67.10     3123        12934652.000000 -4813.000000  -0.04       0.572600    -0.001000   -0.17       36.41       63.59       0.963800    0.001300    0.14        49.08       50.92       0.653200    0.000000    0.00        39.51       60.49
2026-05-24 11:15:00 UTCGUAUSDT     1.479600      63.81     3498        12948077.000000 13425.000000  0.10        0.573100    0.000500    0.09        36.43       63.57       0.961600    -0.002200   -0.23       49.02       50.98       0.658900    0.005700    0.87        39.72       60.28
2026-05-24 11:30:00 UTCGUAUSDT     1.488900      66.15     3397        12959481.000000 11404.000000  0.09        0.571800    -0.001300   -0.23       36.38       63.62       0.962600    0.001000    0.10        49.05       50.95       0.656700    -0.002200   -0.33       39.64       60.36
2026-05-24 11:45:00 UTCGUAUSDT     1.477000      60.74     3143        12975261.000000 15780.000000  0.12        0.564900    -0.006900   -1.21       36.10       63.90       0.960500    -0.002100   -0.22       48.99       51.01       0.650700    -0.006000   -0.91       39.42       60.58
2026-05-24 12:00:00 UTCGUAUSDT     1.471600      58.40     5247        12965384.000000 -9877.000000  -0.08       0.559300    -0.005600   -0.99       35.87       64.13       0.960400    -0.000100   -0.01       48.99       51.01       0.642300    -0.008400   -1.29       39.11       60.89
2026-05-24 12:15:00 UTCGUAUSDT     1.419400      41.71     9312        12951233.000000 -14151.000000 -0.11       0.563500    0.004200    0.75        36.04       63.96       0.960800    0.000400    0.04        49.00       51.00       0.648800    0.006500    1.01        39.35       60.65
2026-05-24 12:30:00 UTCGUAUSDT     1.405600      38.57     16491       12954215.000000 2982.000000   0.02        0.568900    0.005400    0.96        36.26       63.74       0.959800    -0.001000   -0.10       48.97       51.03       0.650200    0.001400    0.22        39.40       60.60
2026-05-24 12:45:00 UTCGUAUSDT     1.430700      46.46     6319        12994921.000000 40706.000000  0.31        0.565400    -0.003500   -0.62       36.12       63.88       0.961700    0.001900    0.20        49.02       50.98       0.641800    -0.008400   -1.29       39.09       60.91
2026-05-24 13:00:00 UTCGUAUSDT     1.422300      44.41     10086       12990822.000000 -4099.000000  -0.03       0.567400    0.002000    0.35        36.20       63.80       0.961800    0.000100    0.01        49.03       50.97       0.643900    0.002100    0.33        39.17       60.83
2026-05-24 13:15:00 UTCGUAUSDT     1.421400      44.18     9147        12979234.000000 -11588.000000 -0.09       0.565400    -0.002000   -0.35       36.12       63.88       0.963200    0.001400    0.15        49.06       50.94       0.639900    -0.004000   -0.62       39.02       60.98
2026-05-24 13:30:00 UTCGUAUSDT     1.408900      41.06     8170        12894977.000000 -84257.000000 -0.65       0.571300    0.005900    1.04        36.36       63.64       0.960100    -0.003100   -0.32       48.98       51.02       0.642300    0.002400    0.38        39.11       60.89
2026-05-24 13:45:00 UTCGUAUSDT     1.388300      36.49     6324        12885713.000000 -9264.000000  -0.07       0.573800    0.002500    0.44        36.46       63.54       0.956900    -0.003200   -0.33       48.90       51.10       0.648500    0.006200    0.97        39.34       60.66
2026-05-24 14:00:00 UTCGUAUSDT     1.351600      30.06     11641       12884291.000000 -1422.000000  -0.01       0.584000    0.010200    1.78        36.87       63.13       0.957500    0.000600    0.06        48.92       51.08       0.656500    0.008000    1.23        39.63       60.37
2026-05-24 14:15:00 UTCGUAUSDT     1.365000      34.59     7312        12893486.000000 9195.000000   0.07        0.589800    0.005800    0.99        37.10       62.90       0.960400    0.002900    0.30        48.99       51.01       0.649600    -0.006900   -1.05       39.38       60.62
2026-05-24 14:30:00 UTCGUAUSDT     1.329600      29.21     9083        12852845.000000 -40641.000000 -0.32       0.583500    -0.006300   -1.07       36.85       63.15       0.961100    0.000700    0.07        49.01       50.99       0.642300    -0.007300   -1.12       39.11       60.89
2026-05-24 14:45:00 UTCGUAUSDT     1.349300      35.25     6910        12850615.000000 -2230.000000  -0.02       0.592600    0.009100    1.56        37.21       62.79       0.964000    0.002900    0.30        49.08       50.92       0.644700    0.002400    0.37        39.20       60.80
2026-05-24 15:00:00 UTCGUAUSDT     1.357000      37.49     10724       12865272.000000 14657.000000  0.11        0.584800    -0.007800   -1.32       36.90       63.10       0.960600    -0.003400   -0.35       48.99       51.01       0.638500    -0.006200   -0.96       38.97       61.03
2026-05-24 15:15:00 UTCGUAUSDT     1.345900      35.58     8985        12818361.000000 -46911.000000 -0.36       0.585500    0.000700    0.12        36.93       63.07       0.960200    -0.000400   -0.04       48.98       51.02       0.641200    0.002700    0.42        39.07       60.93
2026-05-24 15:30:00 UTCGUAUSDT     1.344000      35.25     6114        12758420.000000 -59941.000000 -0.47       0.577800    -0.007700   -1.32       36.62       63.38       0.964700    0.004500    0.47        49.10       50.90       0.633700    -0.007500   -1.17       38.79       61.21
2026-05-24 15:45:00 UTCGUAUSDT     1.344300      35.35     4956        12768557.000000 10137.000000  0.08        0.587600    0.009800    1.70        37.01       62.99       0.964100    -0.000600   -0.06       49.09       50.91       0.645500    0.011800    1.86        39.23       60.77
2026-05-24 16:00:00 UTCGUAUSDT     1.357600      39.89     10943       12756351.000000 -12206.000000 -0.10       0.584000    -0.003600   -0.61       36.87       63.13       0.963900    -0.000200   -0.02       49.08       50.92       0.644500    -0.001000   -0.15       39.19       60.81
2026-05-24 16:15:00 UTCGUAUSDT     1.359700      40.60     12751       12699943.000000 -56408.000000 -0.44       0.583300    -0.000700   -0.12       36.84       63.16       0.962600    -0.001300   -0.13       49.05       50.95       0.645000    0.000500    0.08        39.21       60.79
2026-05-24 16:30:00 UTCGUAUSDT     1.354800      39.43     5247        12654950.000000 -44993.000000 -0.35       0.599700    0.016400    2.81        37.49       62.51       0.962100    -0.000500   -0.05       49.03       50.97       0.652900    0.007900    1.22        39.50       60.50
2026-05-24 16:45:00 UTCGUAUSDT     1.350400      38.36     8127        12639482.000000 -15468.000000 -0.12       0.604600    0.004900    0.82        37.68       62.32       0.963400    0.001300    0.14        49.07       50.93       0.654500    0.001600    0.25        39.56       60.44
2026-05-24 17:00:00 UTCGUAUSDT     1.350300      38.34     6084        12612945.000000 -26537.000000 -0.21       0.601500    -0.003100   -0.51       37.56       62.44       0.965000    0.001600    0.17        49.11       50.89       0.653700    -0.000800   -0.12       39.53       60.47
2026-05-24 17:15:00 UTCGUAUSDT     1.345100      36.96     6080        12599249.000000 -13696.000000 -0.11       0.600800    -0.000700   -0.12       37.53       62.47       0.964000    -0.001000   -0.10       49.08       50.92       0.654800    0.001100    0.17        39.57       60.43
2026-05-24 17:30:00 UTCGUAUSDT     1.329800      33.20     6043        12566673.000000 -32576.000000 -0.26       0.604600    0.003800    0.63        37.68       62.32       0.963400    -0.000600   -0.06       49.07       50.93       0.660300    0.005500    0.84        39.77       60.23
2026-05-24 17:45:00 UTCGUAUSDT     1.301300      27.56     7756        12585476.000000 18803.000000  0.15        0.604600    0.000000    0.00        37.68       62.32       0.960100    -0.003300   -0.34       48.98       51.02       0.654300    -0.006000   -0.91       39.55       60.45
2026-05-24 18:00:00 UTCGUAUSDT     1.295900      26.64     8619        12602617.000000 17141.000000  0.14        0.603300    -0.001300   -0.22       37.63       62.37       0.958200    -0.001900   -0.20       48.93       51.07       0.649100    -0.005200   -0.79       39.36       60.64
2026-05-24 18:15:00 UTCGUAUSDT     1.299100      28.18     6670        12579694.000000 -22923.000000 -0.18       0.596900    -0.006400   -1.06       37.38       62.62       0.959200    0.001000    0.10        48.96       51.04       0.641500    -0.007600   -1.17       39.08       60.92
2026-05-24 18:30:00 UTCGUAUSDT     1.295000      27.39     7039        12558166.000000 -21528.000000 -0.17       0.596400    -0.000500   -0.08       37.36       62.64       0.960400    0.001200    0.13        48.99       51.01       0.636100    -0.005400   -0.84       38.88       61.12
2026-05-24 18:45:00 UTCGUAUSDT     1.305900      32.78     6989        12550969.000000 -7197.000000  -0.06       0.591800    -0.004600   -0.77       37.18       62.82       0.961800    0.001400    0.15        49.03       50.97       0.631900    -0.004200   -0.66       38.72       61.28
2026-05-24 19:00:00 UTCGUAUSDT     1.304900      32.54     5863        12545527.000000 -5442.000000  -0.04       0.592900    0.001100    0.19        37.22       62.78       0.962600    0.000800    0.08        49.05       50.95       0.633200    0.001300    0.21        38.77       61.23
2026-05-24 19:15:00 UTCGUAUSDT     1.294600      30.11     4775        12530819.000000 -14708.000000 -0.12       0.588600    -0.004300   -0.73       37.05       62.95       0.961700    -0.000900   -0.09       49.02       50.98       0.632100    -0.001100   -0.17       38.73       61.27
2026-05-24 19:30:00 UTCGUAUSDT     1.302000      33.93     3681        12536224.000000 5405.000000   0.04        0.590600    0.002000    0.34        37.13       62.87       0.961600    -0.000100   -0.01       49.02       50.98       0.632700    0.000600    0.09        38.75       61.25
2026-05-24 19:45:00 UTCGUAUSDT     1.286800      30.27     5458        12528587.000000 -7637.000000  -0.06       0.588600    -0.002000   -0.34       37.05       62.95       0.960600    -0.001000   -0.10       48.99       51.01       0.632400    -0.000300   -0.05       38.74       61.26
2026-05-24 20:00:00 UTCGUAUSDT     1.294000      33.91     5828        12534836.000000 6249.000000   0.05        0.590300    0.001700    0.29        37.12       62.88       0.961400    0.000800    0.08        49.02       50.98       0.633200    0.000800    0.13        38.77       61.23
2026-05-24 20:15:00 UTCGUAUSDT     1.256600      26.25     11119       12524920.000000 -9916.000000  -0.08       0.580800    -0.009500   -1.61       36.74       63.26       0.961700    0.000300    0.03        49.02       50.98       0.621500    -0.011700   -1.85       38.33       61.67
2026-05-24 20:30:00 UTCGUAUSDT     1.242800      24.08     5655        12626898.000000 101978.000000 0.81        0.593900    0.013100    2.26        37.26       62.74       0.955700    -0.006000   -0.62       48.87       51.13       0.632400    0.010900    1.75        38.74       61.26
2026-05-24 20:45:00 UTCGUAUSDT     1.252500      28.54     5489        12596788.000000 -30110.000000 -0.24       0.595700    0.001800    0.30        37.33       62.67       0.955700    0.000000    0.00        48.87       51.13       0.631900    -0.000500   -0.08       38.72       61.28
2026-05-24 21:00:00 UTCGUAUSDT     1.246100      27.40     6690        12587217.000000 -9571.000000  -0.08       0.586300    -0.009400   -1.58       36.96       63.04       0.956000    0.000300    0.03        48.88       51.12       0.625500    -0.006400   -1.01       38.48       61.52
2026-05-24 21:15:00 UTCGUAUSDT     1.256000      31.94     5833        12588167.000000 950.000000    0.01        0.576000    -0.010300   -1.76       36.55       63.45       0.955200    -0.000800   -0.08       48.86       51.14       0.616000    -0.009500   -1.52       38.12       61.88
2026-05-24 21:30:00 UTCGUAUSDT     1.271000      38.24     6141        12575130.000000 -13037.000000 -0.10       0.569100    -0.006900   -1.20       36.27       63.73       0.954700    -0.000500   -0.05       48.84       51.16       0.604400    -0.011600   -1.88       37.67       62.33
2026-05-24 21:45:00 UTCGUAUSDT     1.278600      41.21     5761        12573002.000000 -2128.000000  -0.02       0.567600    -0.001500   -0.26       36.21       63.79       0.952800    -0.001900   -0.20       48.79       51.21       0.602300    -0.002100   -0.35       37.59       62.41
2026-05-24 22:00:00 UTCGUAUSDT     1.283900      43.26     6149        12542551.000000 -30451.000000 -0.24       0.569600    0.002000    0.35        36.29       63.71       0.947000    -0.005800   -0.61       48.64       51.36       0.601300    -0.001000   -0.17       37.55       62.45
2026-05-24 22:15:00 UTCGUAUSDT     1.263600      37.82     7836        12535956.000000 -6595.000000  -0.05       0.572100    0.002500    0.44        36.39       63.61       0.946300    -0.000700   -0.07       48.62       51.38       0.603600    0.002300    0.38        37.64       62.36
2026-05-24 22:30:00 UTCGUAUSDT     1.265100      38.44     5331        12556049.000000 20093.000000  0.16        0.585300    0.013200    2.31        36.92       63.08       0.947900    0.001600    0.17        48.66       51.34       0.613400    0.009800    1.62        38.02       61.98
2026-05-24 22:45:00 UTCGUAUSDT     1.275400      42.64     3444        12545122.000000 -10927.000000 -0.09       0.588100    0.002800    0.48        37.03       62.97       0.945100    -0.002800   -0.30       48.59       51.41       0.615000    0.001600    0.26        38.08       61.92
2026-05-24 23:00:00 UTCGUAUSDT     1.266600      40.12     4182        12523449.000000 -21673.000000 -0.17       0.583800    -0.004300   -0.73       36.86       63.14       0.944800    -0.000300   -0.03       48.58       51.42       0.610800    -0.004200   -0.68       37.92       62.08
2026-05-24 23:15:00 UTCGUAUSDT     1.268800      41.06     4977        12495985.000000 -27464.000000 -0.22       0.579800    -0.004000   -0.69       36.70       63.30       0.944800    0.000000    0.00        48.58       51.42       0.608000    -0.002800   -0.46       37.81       62.19
2026-05-24 23:30:00 UTCGUAUSDT     1.255200      37.18     6210        12497253.000000 1268.000000   0.01        0.583300    0.003500    0.60        36.84       63.16       0.943000    -0.001800   -0.19       48.53       51.47       0.610300    0.002300    0.38        37.90       62.10
2026-05-24 23:45:00 UTCGUAUSDT     1.260600      39.62     4286        12457940.000000 -39313.000000 -0.31       0.593900    0.010600    1.82        37.26       62.74       0.941600    -0.001400   -0.15       48.50       51.50       0.623100    0.012800    2.10        38.39       61.61
2026-05-25 00:00:00 UTCGUAUSDT     1.261500      40.04     5791        12426585.000000 -31355.000000 -0.25       0.586500    -0.007400   -1.25       36.97       63.03       0.942200    0.000600    0.06        48.51       51.49       0.616800    -0.006300   -1.01       38.15       61.85
2026-05-25 00:15:00 UTCGUAUSDT     1.250000      36.56     6227        12414562.000000 -12023.000000 -0.10       0.578500    -0.008000   -1.36       36.65       63.35       0.941700    -0.000500   -0.05       48.50       51.50       0.608000    -0.008800   -1.43       37.81       62.19
2026-05-25 00:30:00 UTCGUAUSDT     1.252700      37.92     6787        12386337.000000 -28225.000000 -0.23       0.577300    -0.001200   -0.21       36.60       63.40       0.938400    -0.003300   -0.35       48.41       51.59       0.607500    -0.000500   -0.08       37.79       62.21
2026-05-25 00:45:00 UTCGUAUSDT     1.247300      36.24     5163        12390170.000000 3833.000000   0.03        0.576300    -0.001000   -0.17       36.56       63.44       0.936300    -0.002100   -0.22       48.35       51.65       0.601000    -0.006500   -1.07       37.54       62.46
2026-05-25 01:00:00 UTCGUAUSDT     1.275600      48.99     5966        12361231.000000 -28939.000000 -0.23       0.577500    0.001200    0.21        36.61       63.39       0.936200    -0.000100   -0.01       48.35       51.65       0.606200    0.005200    0.87        37.74       62.26
2026-05-25 01:15:00 UTCGUAUSDT     1.289100      53.74     5876        12313674.000000 -47557.000000 -0.38       0.566700    -0.010800   -1.87       36.17       63.83       0.936800    0.000600    0.06        48.37       51.63       0.596900    -0.009300   -1.53       37.38       62.62
2026-05-25 01:30:00 UTCGUAUSDT     1.300700      57.41     9398        12302865.000000 -10809.000000 -0.09       0.567600    0.000900    0.16        36.21       63.79       0.937000    0.000200    0.02        48.37       51.63       0.600500    0.003600    0.60        37.52       62.48
2026-05-25 01:45:00 UTCGUAUSDT     1.295700      55.37     8959        12237257.000000 -65608.000000 -0.53       0.561500    -0.006100   -1.07       35.96       64.04       0.936400    -0.000600   -0.06       48.36       51.64       0.594900    -0.005600   -0.93       37.30       62.70
2026-05-25 02:00:00 UTCGUAUSDT     1.293300      54.37     9324        12183021.000000 -54236.000000 -0.44       0.569400    0.007900    1.41        36.28       63.72       0.932200    -0.004200   -0.45       48.25       51.75       0.605900    0.011000    1.85        37.73       62.27
2026-05-25 02:15:00 UTCGUAUSDT     1.284700      50.83     3776        12196351.000000 13330.000000  0.11        0.566400    -0.003000   -0.53       36.16       63.84       0.931800    -0.000400   -0.04       48.24       51.76       0.606400    0.000500    0.08        37.75       62.25
2026-05-25 02:30:00 UTCGUAUSDT     1.288800      52.42     3394        12186659.000000 -9692.000000  -0.08       0.554700    -0.011700   -2.07       35.68       64.32       0.925000    -0.006800   -0.73       48.05       51.95       0.607500    0.001100    0.18        37.79       62.21
2026-05-25 02:45:00 UTCGUAUSDT     1.295300      54.91     4340        12168855.000000 -17804.000000 -0.15       0.557100    0.002400    0.43        35.78       64.22       0.923800    -0.001200   -0.13       48.02       51.98       0.605700    -0.001800   -0.30       37.72       62.28
2026-05-25 03:00:00 UTCGUAUSDT     1.288500      51.85     4330        12136000.000000 -32855.000000 -0.27       0.560800    0.003700    0.66        35.93       64.07       0.924600    0.000800    0.09        48.04       51.96       0.613700    0.008000    1.32        38.03       61.97
2026-05-25 03:15:00 UTCGUAUSDT     1.304000      57.64     2792        12107246.000000 -28754.000000 -0.24       0.557400    -0.003400   -0.61       35.79       64.21       0.926200    0.001600    0.17        48.09       51.91       0.608800    -0.004900   -0.80       37.84       62.16
2026-05-25 03:30:00 UTCGUAUSDT     1.319800      62.58     3518        12092513.000000 -14733.000000 -0.12       0.557100    -0.000300   -0.05       35.78       64.22       0.926000    -0.000200   -0.02       48.08       51.92       0.608200    -0.000600   -0.10       37.82       62.18
2026-05-25 03:45:00 UTCGUAUSDT     1.318100      61.74     4369        12083307.000000 -9206.000000  -0.08       0.552300    -0.004800   -0.86       35.58       64.42       0.925700    -0.000300   -0.03       48.07       51.93       0.608500    0.000300    0.05        37.83       62.17
2026-05-25 04:00:00 UTCGUAUSDT     1.319100      62.06     3777        12095000.000000 11693.000000  0.10        0.562000    0.009700    1.76        35.98       64.02       0.923200    -0.002500   -0.27       48.00       52.00       0.618900    0.010400    1.71        38.23       61.77
2026-05-25 04:15:00 UTCGUAUSDT     1.292400      50.02     6599        12086401.000000 -8599.000000  -0.07       0.563700    0.001700    0.30        36.05       63.95       0.923900    0.000700    0.08        48.02       51.98       0.620500    0.001600    0.26        38.29       61.71
2026-05-25 04:30:00 UTCGUAUSDT     1.303800      54.12     7271        12092642.000000 6241.000000   0.05        0.569100    0.005400    0.96        36.27       63.73       0.924800    0.000900    0.10        48.05       51.95       0.620700    0.000200    0.03        38.30       61.70
2026-05-25 04:45:00 UTCGUAUSDT     1.265600      41.77     13527       12059326.000000 -33316.000000 -0.28       0.564900    -0.004200   -0.74       36.10       63.90       0.923800    -0.001000   -0.11       48.02       51.98       0.616300    -0.004400   -0.71       38.13       61.87
2026-05-25 05:00:00 UTCGUAUSDT     1.286800      48.76     6171        11978895.000000 -80431.000000 -0.67       0.576500    0.011600    2.05        36.57       63.43       0.925900    0.002100    0.23        48.08       51.92       0.624400    0.008100    1.31        38.44       61.56
2026-05-25 05:15:00 UTCGUAUSDT     1.298800      52.25     4789        11949446.000000 -29449.000000 -0.25       0.572600    -0.003900   -0.68       36.41       63.59       0.925200    -0.000700   -0.08       48.06       51.94       0.621000    -0.003400   -0.54       38.31       61.69
2026-05-25 05:30:00 UTCGUAUSDT     1.280400      46.97     5075        11927525.000000 -21921.000000 -0.18       0.566700    -0.005900   -1.03       36.17       63.83       0.925500    0.000300    0.03        48.06       51.94       0.615200    -0.005800   -0.93       38.09       61.91
2026-05-25 05:45:00 UTCGUAUSDT     1.278900      46.55     3524        11930908.000000 3383.000000   0.03        0.568400    0.001700    0.30        36.24       63.76       0.925900    0.000400    0.04        48.08       51.92       0.617900    0.002700    0.44        38.19       61.81
2026-05-25 06:00:00 UTCGUAUSDT     1.284700      48.44     4739        11889591.000000 -41317.000000 -0.35       0.569600    0.001200    0.21        36.29       63.71       0.927800    0.001900    0.21        48.13       51.87       0.619700    0.001800    0.29        38.26       61.74
2026-05-25 06:15:00 UTCGUAUSDT     1.286700      49.11     4476        11875267.000000 -14324.000000 -0.12       0.564500    -0.005100   -0.90       36.08       63.92       0.930800    0.003000    0.32        48.21       51.79       0.613200    -0.006500   -1.05       38.01       61.99
2026-05-25 06:30:00 UTCGUAUSDT     1.285000      48.53     3604        11855436.000000 -19831.000000 -0.17       0.560800    -0.003700   -0.66       35.93       64.07       0.930800    0.000000    0.00        48.21       51.79       0.607500    -0.005700   -0.93       37.79       62.21
2026-05-25 06:45:00 UTCGUAUSDT     1.274400      44.99     3301        11843593.000000 -11843.000000 -0.10       0.561000    0.000200    0.04        35.94       64.06       0.929800    -0.001000   -0.11       48.18       51.82       0.605700    -0.001800   -0.30       37.72       62.28
2026-05-25 07:00:00 UTCGUAUSDT     1.265600      42.24     4411        11830898.000000 -12695.000000 -0.11       0.565900    0.004900    0.87        36.14       63.86       0.931600    0.001800    0.19        48.23       51.77       0.608200    0.002500    0.41        37.82       62.18
2026-05-25 07:15:00 UTCGUAUSDT     1.275600      46.26     4022        11838081.000000 7183.000000   0.06        0.561500    -0.004400   -0.78       35.96       64.04       0.930000    -0.001600   -0.17       48.19       51.81       0.603600    -0.004600   -0.76       37.64       62.36
2026-05-25 07:30:00 UTCGUAUSDT     1.278600      47.45     2508        11838183.000000 102.000000    0.00        0.555500    -0.006000   -1.07       35.71       64.29       0.927600    -0.002400   -0.26       48.12       51.88       0.599500    -0.004100   -0.68       37.48       62.52
2026-05-25 07:45:00 UTCGUAUSDT     1.285000      49.98     3500        11830489.000000 -7694.000000  -0.06       0.554000    -0.001500   -0.27       35.65       64.35       0.926300    -0.001300   -0.14       48.09       51.91       0.598700    -0.000800   -0.13       37.45       62.55
2026-05-25 08:00:00 UTCGUAUSDT     1.277600      47.15     3325        11815204.000000 -15285.000000 -0.13       0.551100    -0.002900   -0.52       35.53       64.47       0.924400    -0.001900   -0.21       48.04       51.96       0.592900    -0.005800   -0.97       37.22       62.78
2026-05-25 08:15:00 UTCGUAUSDT     1.257100      40.34     3274        11808475.000000 -6729.000000  -0.06       0.549700    -0.001400   -0.25       35.47       64.53       0.924500    0.000100    0.01        48.04       51.96       0.592100    -0.000800   -0.13       37.19       62.81
2026-05-25 08:30:00 UTCGUAUSDT     1.302000      55.50     7805        11798217.000000 -10258.000000 -0.09       0.556400    0.006700    1.22        35.75       64.25       0.924600    0.000100    0.01        48.04       51.96       0.593400    0.001300    0.22        37.24       62.76
2026-05-25 08:45:00 UTCGUAUSDT     1.330000      61.99     6568        11792317.000000 -5900.000000  -0.05       0.539900    -0.016500   -2.97       35.06       64.94       0.924400    -0.000200   -0.02       48.04       51.96       0.575100    -0.018300   -3.08       36.51       63.49
2026-05-25 09:00:00 UTCGUAUSDT     1.372900      69.36     8857        11786754.000000 -5563.000000  -0.05       0.541300    0.001400    0.26        35.12       64.88       0.918100    -0.006300   -0.68       47.86       52.14       0.580300    0.005200    0.90        36.72       63.28
2026-05-25 09:15:00 UTCGUAUSDT     1.364600      66.67     7935        11758487.000000 -28267.000000 -0.24       0.518800    -0.022500   -4.16       34.16       65.84       0.915300    -0.002800   -0.30       47.79       52.21       0.563200    -0.017100   -2.95       36.03       63.97
2026-05-25 09:30:00 UTCGUAUSDT     1.348000      61.52     9278        11729738.000000 -28749.000000 -0.24       0.531600    0.012800    2.47        34.71       65.29       0.913700    -0.001600   -0.17       47.74       52.26       0.578000    0.014800    2.63        36.63       63.37
2026-05-25 09:45:00 UTCGUAUSDT     1.272000      44.56     16342       11718685.000000 -11053.000000 -0.09       0.554500    0.022900    4.31        35.67       64.33       0.913900    0.000200    0.02        47.75       52.25       0.600000    0.022000    3.81        37.50       62.50
2026-05-25 10:00:00 UTCGUAUSDT     1.285400      47.32     31020       11772250.000000 53565.000000  0.46        0.576800    0.022300    4.02        36.58       63.42       0.912200    -0.001700   -0.19       47.70       52.30       0.620500    0.020500    3.42        38.29       61.71
2026-05-25 10:15:00 UTCGUAUSDT     1.216200      37.07     20083       11660127.000000 -112123.000000-0.95       0.537300    -0.039500   -6.85       34.95       65.05       0.912000    -0.000200   -0.02       47.70       52.30       0.582800    -0.037700   -6.08       36.82       63.18
2026-05-25 10:30:00 UTCGUAUSDT     1.211100      36.44     14085       11563396.000000 -96731.000000 -0.83       0.558400    0.021100    3.93        35.83       64.17       0.918100    0.006100    0.67        47.86       52.14       0.603600    0.020800    3.57        37.64       62.36
2026-05-25 10:45:00 UTCGUAUSDT     1.183300      33.15     13634       11600275.000000 36879.000000  0.32        0.564200    0.005800    1.04        36.07       63.93       0.916300    -0.001800   -0.20       47.82       52.18       0.600000    -0.003600   -0.60       37.50       62.50
2026-05-25 11:00:00 UTCGUAUSDT     1.209000      38.66     20588       11587107.000000 -13168.000000 -0.11       0.575100    0.010900    1.93        36.51       63.49       0.916500    0.000200    0.02        47.82       52.18       0.609500    0.009500    1.58        37.87       62.13
2026-05-25 11:15:00 UTCGUAUSDT     1.197200      37.15     10862       11527830.000000 -59277.000000 -0.51       0.555900    -0.019200   -3.34       35.73       64.27       0.917800    0.001300    0.14        47.86       52.14       0.589800    -0.019700   -3.23       37.10       62.90
2026-05-25 11:30:00 UTCGUAUSDT     1.182600      35.31     11790       11479438.000000 -48392.000000 -0.42       0.560100    0.004200    0.76        35.90       64.10       0.922700    0.004900    0.53        47.99       52.01       0.589100    -0.000700   -0.12       37.07       62.93
2026-05-25 11:45:00 UTCGUAUSDT     1.179700      34.93     14100       11483785.000000 4347.000000   0.04        0.564700    0.004600    0.82        36.09       63.91       0.923500    0.000800    0.09        48.01       51.99       0.588100    -0.001000   -0.17       37.03       62.97
2026-05-25 12:00:00 UTCGUAUSDT     1.208500      41.50     21924       11485686.000000 1901.000000   0.02        0.559800    -0.004900   -0.87       35.89       64.11       0.921100    -0.002400   -0.26       47.95       52.05       0.586800    -0.001300   -0.22       36.98       63.02
2026-05-25 12:15:00 UTCGUAUSDT     1.184900      38.11     12773       11442321.000000 -43365.000000 -0.38       0.542500    -0.017300   -3.09       35.17       64.83       0.920200    -0.000900   -0.10       47.92       52.08       0.567600    -0.019200   -3.27       36.21       63.79
2026-05-25 12:30:00 UTCGUAUSDT     1.185500      38.25     12860       11414928.000000 -27393.000000 -0.24       0.530000    -0.012500   -2.30       34.64       65.36       0.917400    -0.002800   -0.30       47.85       52.15       0.559600    -0.008000   -1.41       35.88       64.12
2026-05-25 12:45:00 UTCGUAUSDT     1.158200      34.47     12757       11419151.000000 4223.000000   0.04        0.543200    0.013200    2.49        35.20       64.80       0.914500    -0.002900   -0.32       47.77       52.23       0.571800    0.012200    2.18        36.38       63.62
2026-05-25 13:00:00 UTCGUAUSDT     1.169900      37.33     13051       11386716.000000 -32435.000000 -0.28       0.547500    0.004300    0.79        35.38       64.62       0.913600    -0.000900   -0.10       47.74       52.26       0.573100    0.001300    0.23        36.43       63.57
2026-05-25 13:15:00 UTCGUAUSDT     1.209600      45.94     17684       11383055.000000 -3661.000000  -0.03       0.542500    -0.005000   -0.91       35.17       64.83       0.914100    0.000500    0.05        47.76       52.24       0.563500    -0.009600   -1.68       36.04       63.96
2026-05-25 13:30:00 UTCGUAUSDT     1.198800      44.16     9204        11301959.000000 -81096.000000 -0.71       0.519100    -0.023400   -4.31       34.17       65.83       0.912500    -0.001600   -0.18       47.71       52.29       0.542000    -0.021500   -3.82       35.15       64.85
2026-05-25 13:45:00 UTCGUAUSDT     1.212000      46.86     9297        11251388.000000 -50571.000000 -0.45       0.515800    -0.003300   -0.64       34.03       65.97       0.912400    -0.000100   -0.01       47.71       52.29       0.539600    -0.002400   -0.44       35.05       64.95
2026-05-25 14:00:00 UTCGUAUSDT     1.216700      47.83     9024        11237314.000000 -14074.000000 -0.13       0.519500    0.003700    0.72        34.19       65.81       0.911700    -0.000700   -0.08       47.69       52.31       0.544400    0.004800    0.89        35.25       64.75
2026-05-25 14:15:00 UTCGUAUSDT     1.220800      48.71     4911        11208217.000000 -29097.000000 -0.26       0.522500    0.003000    0.58        34.32       65.68       0.910000    -0.001700   -0.19       47.65       52.35       0.547300    0.002900    0.53        35.37       64.63
2026-05-25 14:30:00 UTCGUAUSDT     1.206300      45.78     4296        11187215.000000 -21002.000000 -0.19       0.524900    0.002400    0.46        34.42       65.58       0.907500    -0.002500   -0.27       47.57       52.43       0.545800    -0.001500   -0.27       35.31       64.69
2026-05-25 14:45:00 UTCGUAUSDT     1.202200      44.95     7552        11173766.000000 -13449.000000 -0.12       0.524600    -0.000300   -0.06       34.41       65.59       0.907500    0.000000    0.00        47.57       52.43       0.547500    0.001700    0.31        35.38       64.62
2026-05-25 15:00:00 UTCGUAUSDT     1.244400      54.12     15264       11137995.000000 -35771.000000 -0.32       0.513100    -0.011500   -2.19       33.91       66.09       0.908000    0.000500    0.06        47.59       52.41       0.538000    -0.009500   -1.74       34.98       65.02
2026-05-25 15:15:00 UTCGUAUSDT     1.395900      72.09     40445       11094537.000000 -43458.000000 -0.39       0.494800    -0.018300   -3.57       33.10       66.90       0.912100    0.004100    0.45        47.70       52.30       0.524600    -0.013400   -2.49       34.41       65.59
2026-05-25 15:30:00 UTCGUAUSDT     1.444900      75.44     21486       10869505.000000 -225032.000000-2.03       0.465800    -0.029000   -5.86       31.78       68.22       0.923900    0.011800    1.29        48.02       51.98       0.495900    -0.028700   -5.47       33.15       66.85
2026-05-25 15:45:00 UTCGUAUSDT     1.581300      81.94     43235       10748167.000000 -121338.000000-1.12       0.443200    -0.022600   -4.85       30.71       69.29       0.926500    0.002600    0.28        48.09       51.91       0.487000    -0.008900   -1.79       32.75       67.25
2026-05-25 16:00:00 UTCGUAUSDT     1.532400      74.34     39912       10588260.000000 -159907.000000-1.49       0.397800    -0.045400   -10.24      28.46       71.54       0.922500    -0.004000   -0.43       47.98       52.02       0.445700    -0.041300   -8.48       30.83       69.17
2026-05-25 16:15:00 UTCGUAUSDT     1.590800      77.08     25636       10803302.000000 215042.000000 2.03        0.438000    0.040200    10.11       30.46       69.54       0.926900    0.004400    0.48        48.10       51.90       0.488500    0.042800    9.60        32.82       67.18
2026-05-25 16:30:00 UTCGUAUSDT     1.645200      79.29     44026       11047035.000000 243733.000000 2.26        0.431400    -0.006600   -1.51       30.14       69.86       0.932800    0.005900    0.64        48.26       51.74       0.482600    -0.005900   -1.21       32.55       67.45
2026-05-25 16:45:00 UTCGUAUSDT     1.678100      80.52     17742       11332030.000000 284995.000000 2.58        0.433100    0.001700    0.39        30.22       69.78       0.946600    0.013800    1.48        48.63       51.37       0.481300    -0.001300   -0.27       32.49       67.51
2026-05-25 17:00:00 UTCGUAUSDT     1.670900      79.41     26319       11482070.000000 150040.000000 1.32        0.421100    -0.012000   -2.77       29.63       70.37       0.952300    0.005700    0.60        48.78       51.22       0.476500    -0.004800   -1.00       32.27       67.73
2026-05-25 17:15:00 UTCGUAUSDT     1.644300      75.29     26571       11578312.000000 96242.000000  0.84        0.432000    0.010900    2.59        30.17       69.83       0.952000    -0.000300   -0.03       48.77       51.23       0.491900    0.015400    3.23        32.97       67.03
2026-05-25 17:30:00 UTCGUAUSDT     1.624500      72.28     24486       11617554.000000 39242.000000  0.34        0.427600    -0.004400   -1.02       29.95       70.05       0.951300    -0.000700   -0.07       48.75       51.25       0.487700    -0.004200   -0.85       32.78       67.22
2026-05-25 17:45:00 UTCGUAUSDT     1.641300      73.26     36043       11668693.000000 51139.000000  0.44        0.422500    -0.005100   -1.19       29.70       70.30       0.953200    0.001900    0.20        48.80       51.20       0.480600    -0.007100   -1.46       32.46       67.54
2026-05-25 18:00:00 UTCGUAUSDT     1.583600      64.82     32322       11564615.000000 -104078.000000-0.89       0.413000    -0.009500   -2.25       29.23       70.77       0.952600    -0.000600   -0.06       48.79       51.21       0.477300    -0.003300   -0.69       32.31       67.69
2026-05-25 18:15:00 UTCGUAUSDT     1.575400      63.70     26924       11527027.000000 -37588.000000 -0.33       0.431200    0.018200    4.41        30.13       69.87       0.957400    0.004800    0.50        48.91       51.09       0.489900    0.012600    2.64        32.88       67.12
2026-05-25 18:30:00 UTCGUAUSDT     1.605500      66.02     18313       11465914.000000 -61113.000000 -0.53       0.416200    -0.015000   -3.48       29.39       70.61       0.963300    0.005900    0.62        49.07       50.93       0.475600    -0.014300   -2.92       32.23       67.77
2026-05-25 18:45:00 UTCGUAUSDT     1.593300      64.23     16822       11451863.000000 -14051.000000 -0.12       0.420700    0.004500    1.08        29.61       70.39       0.965600    0.002300    0.24        49.13       50.87       0.477300    0.001700    0.36        32.31       67.69
2026-05-25 19:00:00 UTCGUAUSDT     1.573300      61.28     14457       11417139.000000 -34724.000000 -0.30       0.426100    0.005400    1.28        29.88       70.12       0.962600    -0.003000   -0.31       49.05       50.95       0.486500    0.009200    1.93        32.73       67.27
2026-05-25 19:15:00 UTCGUAUSDT     1.549200      57.84     14482       11402135.000000 -15004.000000 -0.13       0.426300    0.000200    0.05        29.89       70.11       0.962000    -0.000600   -0.06       49.03       50.97       0.486800    0.000300    0.06        32.74       67.26
2026-05-25 19:30:00 UTCGUAUSDT     1.514300      53.19     15724       11330326.000000 -71809.000000 -0.63       0.431000    0.004700    1.10        30.12       69.88       0.965000    0.003000    0.31        49.11       50.89       0.489600    0.002800    0.58        32.87       67.13
2026-05-25 19:45:00 UTCGUAUSDT     1.628900      63.56     34205       11255935.000000 -74391.000000 -0.66       0.428000    -0.003000   -0.70       29.97       70.03       0.961000    -0.004000   -0.41       49.00       51.00       0.488300    -0.001300   -0.27       32.81       67.19
2026-05-25 20:00:00 UTCGUAUSDT     1.650300      65.12     28107       11276143.000000 20208.000000  0.18        0.401000    -0.027000   -6.31       28.62       71.38       0.958700    -0.002300   -0.24       48.95       51.05       0.459600    -0.028700   -5.88       31.49       68.51
2026-05-25 20:15:00 UTCGUAUSDT     1.629500      62.33     16563       11293112.000000 16969.000000  0.15        0.404500    0.003500    0.87        28.80       71.20       0.955600    -0.003100   -0.32       48.86       51.14       0.463100    0.003500    0.76        31.65       68.35
2026-05-25 20:30:00 UTCGUAUSDT     1.609100      59.64     15250       11301960.000000 8848.000000   0.08        0.402500    -0.002000   -0.49       28.70       71.30       0.953300    -0.002300   -0.24       48.80       51.20       0.463700    0.000600    0.13        31.68       68.32
2026-05-25 20:45:00 UTCGUAUSDT     1.611300      59.84     18130       11343937.000000 41977.000000  0.37        0.411200    0.008700    2.16        29.14       70.86       0.949900    -0.003400   -0.36       48.72       51.28       0.466900    0.003200    0.69        31.83       68.17
2026-05-25 21:00:00 UTCGUAUSDT     1.625000      61.14     13714       11343507.000000 -430.000000   -0.00       0.406500    -0.004700   -1.14       28.90       71.10       0.955500    0.005600    0.59        48.86       51.14       0.453500    -0.013400   -2.87       31.20       68.80
2026-05-25 21:15:00 UTCGUAUSDT     1.615700      59.73     10882       11397433.000000 53926.000000  0.48        0.401300    -0.005200   -1.28       28.64       71.36       0.957400    0.001900    0.20        48.91       51.09       0.450300    -0.003200   -0.71       31.05       68.95
2026-05-25 21:30:00 UTCGUAUSDT     1.614300      59.50     9532        11428201.000000 30768.000000  0.27        0.405700    0.004400    1.10        28.86       71.14       0.953700    -0.003700   -0.39       48.81       51.19       0.451000    0.000700    0.16        31.08       68.92
2026-05-25 21:45:00 UTCGUAUSDT     1.613700      59.40     10106       11437115.000000 8914.000000   0.08        0.404500    -0.001200   -0.30       28.80       71.20       0.948000    -0.005700   -0.60       48.67       51.33       0.452200    0.001200    0.27        31.14       68.86
2026-05-25 22:00:00 UTCGUAUSDT     1.612500      59.18     7838        11417826.000000 -19289.000000 -0.17       0.402900    -0.001600   -0.40       28.72       71.28       0.946000    -0.002000   -0.21       48.61       51.39       0.441500    -0.010700   -2.37       30.63       69.37
2026-05-25 22:15:00 UTCGUAUSDT     1.623700      60.64     8814        11432106.000000 14280.000000  0.13        0.403100    0.000200    0.05        28.73       71.27       0.947700    0.001700    0.18        48.66       51.34       0.443000    0.001500    0.34        30.70       69.30
2026-05-25 22:30:00 UTCGUAUSDT     1.615300      58.94     7077        11434891.000000 2785.000000   0.02        0.398000    -0.005100   -1.27       28.47       71.53       0.946700    -0.001000   -0.11       48.63       51.37       0.440300    -0.002700   -0.61       30.57       69.43
2026-05-25 22:45:00 UTCGUAUSDT     1.623000      60.05     6289        11446277.000000 11386.000000  0.10        0.397600    -0.000400   -0.10       28.45       71.55       0.943100    -0.003600   -0.38       48.53       51.47       0.441100    0.000800    0.18        30.61       69.39
2026-05-25 23:00:00 UTCGUAUSDT     1.605200      56.27     8627        11456884.000000 10607.000000  0.09        0.393700    -0.003900   -0.98       28.25       71.75       0.940700    -0.002400   -0.25       48.47       51.53       0.439900    -0.001200   -0.27       30.55       69.45
2026-05-25 23:15:00 UTCGUAUSDT     1.617500      58.22     6037        11468583.000000 11699.000000  0.10        0.397800    0.004100    1.04        28.46       71.54       0.939800    -0.000900   -0.10       48.45       51.55       0.442800    0.002900    0.66        30.69       69.31
2026-05-25 23:30:00 UTCGUAUSDT     1.629200      60.06     5073        11484629.000000 16046.000000  0.14        0.393700    -0.004100   -1.03       28.25       71.75       0.939400    -0.000400   -0.04       48.44       51.56       0.438000    -0.004800   -1.08       30.46       69.54
2026-05-25 23:45:00 UTCGUAUSDT     1.619400      57.77     7098        11530386.000000 45757.000000  0.40        0.388100    -0.005600   -1.42       27.96       72.04       0.940200    0.000800    0.09        48.46       51.54       0.431800    -0.006200   -1.42       30.16       69.84
2026-05-26 00:00:00 UTCGUAUSDT     1.628500      59.32     6870        11556631.000000 26245.000000  0.23        0.394100    0.006000    1.55        28.27       71.73       0.941700    0.001500    0.16        48.50       51.50       0.438000    0.006200    1.44        30.46       69.54
2026-05-26 00:15:00 UTCGUAUSDT     1.613500      55.69     6503        11576559.000000 19928.000000  0.17        0.393100    -0.001000   -0.25       28.22       71.78       0.943400    0.001700    0.18        48.54       51.46       0.434900    -0.003100   -0.71       30.31       69.69
2026-05-26 00:30:00 UTCGUAUSDT     1.616300      56.23     8261        11587008.000000 10449.000000  0.09        0.396100    0.003000    0.76        28.37       71.63       0.941000    -0.002400   -0.25       48.48       51.52       0.434900    0.000000    0.00        30.31       69.69
2026-05-26 00:45:00 UTCGUAUSDT     1.615800      56.10     6660        11611146.000000 24138.000000  0.21        0.394300    -0.001800   -0.45       28.28       71.72       0.944800    0.003800    0.40        48.58       51.42       0.429800    -0.005100   -1.17       30.06       69.94
2026-05-26 01:00:00 UTCGUAUSDT     1.612900      55.30     6985        11660126.000000 48980.000000  0.42        0.385200    -0.009100   -2.31       27.81       72.19       0.945100    0.000300    0.03        48.59       51.41       0.425500    -0.004300   -1.00       29.85       70.15
2026-05-26 01:15:00 UTCGUAUSDT     1.598600      51.39     8735        11713446.000000 53320.000000  0.46        0.390000    0.004800    1.25        28.06       71.94       0.947100    0.002000    0.21        48.64       51.36       0.431600    0.006100    1.43        30.15       69.85
2026-05-26 01:30:00 UTCGUAUSDT     1.599800      51.70     12626       11742742.000000 29296.000000  0.25        0.394700    0.004700    1.21        28.30       71.70       0.945000    -0.002100   -0.22       48.59       51.41       0.455000    0.023400    5.42        31.27       68.73
2026-05-26 01:45:00 UTCGUAUSDT     1.604500      52.96     8289        11751116.000000 8374.000000   0.07        0.391400    -0.003300   -0.84       28.13       71.87       0.943500    -0.001500   -0.16       48.55       51.45       0.431000    -0.024000   -5.27       30.12       69.88
2026-05-26 02:00:00 UTCGUAUSDT     1.609000      54.19     6701        11749309.000000 -1807.000000  -0.02       0.379500    -0.011900   -3.04       27.51       72.49       0.942700    -0.000800   -0.08       48.52       51.48       0.419800    -0.011200   -2.60       29.57       70.43
2026-05-26 02:15:00 UTCGUAUSDT     1.614900      55.82     5296        11712615.000000 -36694.000000 -0.31       0.379300    -0.000200   -0.05       27.50       72.50       0.941400    -0.001300   -0.14       48.49       51.51       0.416600    -0.003200   -0.76       29.41       70.59
2026-05-26 02:30:00 UTCGUAUSDT     1.619600      57.13     4824        11735098.000000 22483.000000  0.19        0.377800    -0.001500   -0.40       27.42       72.58       0.939500    -0.001900   -0.20       48.44       51.56       0.411400    -0.005200   -1.25       29.15       70.85
2026-05-26 02:45:00 UTCGUAUSDT     1.616800      56.07     6678        11736407.000000 1309.000000   0.01        0.374000    -0.003800   -1.01       27.22       72.78       0.946500    0.007000    0.75        48.63       51.37       0.411600    0.000200    0.05        29.16       70.84
2026-05-26 03:00:00 UTCGUAUSDT     1.621700      57.56     4149        11709812.000000 -26595.000000 -0.23       0.369500    -0.004500   -1.20       26.98       73.02       0.947000    0.000500    0.05        48.64       51.36       0.408100    -0.003500   -0.85       28.98       71.02
2026-05-26 03:15:00 UTCGUAUSDT     1.628200      59.53     5551        11719637.000000 9825.000000   0.08        0.369300    -0.000200   -0.05       26.97       73.03       0.947700    0.000700    0.07        48.66       51.34       0.410400    0.002300    0.56        29.10       70.90
2026-05-26 03:30:00 UTCGUAUSDT     1.613300      53.41     13914       11734550.000000 14913.000000  0.13        0.367200    -0.002100   -0.57       26.86       73.14       0.950100    0.002400    0.25        48.72       51.28       0.408600    -0.001800   -0.44       29.01       70.99
2026-05-26 03:45:00 UTCGUAUSDT     1.616900      54.63     5498        11743239.000000 8689.000000   0.07        0.379500    0.012300    3.35        27.51       72.49       0.954800    0.004700    0.49        48.84       51.16       0.420700    0.012100    2.96        29.61       70.39
2026-05-26 04:00:00 UTCGUAUSDT     1.624100      57.04     8996        11721368.000000 -21871.000000 -0.19       0.379500    0.000000    0.00        27.51       72.49       0.955400    0.000600    0.06        48.86       51.14       0.418000    -0.002700   -0.64       29.48       70.52
2026-05-26 04:15:00 UTCGUAUSDT     1.634100      60.20     7574        11710291.000000 -11077.000000 -0.09       0.379300    -0.000200   -0.05       27.50       72.50       0.952300    -0.003100   -0.32       48.78       51.22       0.416000    -0.002000   -0.48       29.38       70.62
2026-05-26 04:30:00 UTCGUAUSDT     1.630000      58.30     6994        11733272.000000 22981.000000  0.20        0.371000    -0.008300   -2.19       27.06       72.94       0.952400    0.000100    0.01        48.78       51.22       0.410400    -0.005600   -1.35       29.10       70.90
2026-05-26 04:45:00 UTCGUAUSDT     1.611600      50.61     8125        11740033.000000 6761.000000   0.06        0.369100    -0.001900   -0.51       26.96       73.04       0.950700    -0.001700   -0.18       48.74       51.26       0.405100    -0.005300   -1.29       28.83       71.17
2026-05-26 05:00:00 UTCGUAUSDT     1.568600      37.99     26546       11701295.000000 -38738.000000 -0.33       0.378500    0.009400    2.55        27.46       72.54       0.947800    -0.002900   -0.31       48.66       51.34       0.414200    0.009100    2.25        29.29       70.71
2026-05-26 05:15:00 UTCGUAUSDT     1.577700      41.33     13815       11519319.000000 -181976.000000-1.56       0.381200    0.002700    0.71        27.60       72.40       0.959600    0.011800    1.24        48.97       51.03       0.416400    0.002200    0.53        29.40       70.60
2026-05-26 05:30:00 UTCGUAUSDT     1.537700      32.94     18438       11512899.000000 -6420.000000  -0.06       0.383900    0.002700    0.71        27.74       72.26       0.953800    -0.005800   -0.60       48.82       51.18       0.420500    0.004100    0.98        29.60       70.40
2026-05-26 05:45:00 UTCGUAUSDT     1.548500      36.68     10103       11405141.000000 -107758.000000-0.94       0.393000    0.009100    2.37        28.21       71.79       0.958300    0.004500    0.47        48.93       51.07       0.420500    0.000000    0.00        29.60       70.40
2026-05-26 06:00:00 UTCGUAUSDT     1.560400      40.60     12736       11401967.000000 -3174.000000  -0.03       0.391800    -0.001200   -0.31       28.15       71.85       0.957800    -0.000500   -0.05       48.92       51.08       0.421500    0.001000    0.24        29.65       70.35
2026-05-26 06:15:00 UTCGUAUSDT     1.534700      35.49     8628        11345743.000000 -56224.000000 -0.49       0.386800    -0.005000   -1.28       27.89       72.11       0.956600    -0.001200   -0.13       48.89       51.11       0.419400    -0.002100   -0.50       29.55       70.45
2026-05-26 06:30:00 UTCGUAUSDT     1.527700      34.22     9369        11318864.000000 -26879.000000 -0.24       0.388300    0.001500    0.39        27.97       72.03       0.954200    -0.002400   -0.25       48.83       51.17       0.420900    0.001500    0.36        29.62       70.38
2026-05-26 06:45:00 UTCGUAUSDT     1.513400      31.73     12975       11297459.000000 -21405.000000 -0.19       0.391200    0.002900    0.75        28.12       71.88       0.955300    0.001100    0.12        48.86       51.14       0.422300    0.001400    0.33        29.69       70.31
2026-05-26 07:00:00 UTCGUAUSDT     1.513400      31.73     15047       11285202.000000 -12257.000000 -0.11       0.398800    0.007600    1.94        28.51       71.49       0.957000    0.001700    0.18        48.90       51.10       0.426300    0.004000    0.95        29.89       70.11
2026-05-26 07:15:00 UTCGUAUSDT     1.511000      31.29     6654        11240113.000000 -45089.000000 -0.40       0.405700    0.006900    1.73        28.86       71.14       0.953300    -0.003700   -0.39       48.80       51.20       0.432700    0.006400    1.50        30.20       69.80
2026-05-26 07:30:00 UTCGUAUSDT     1.541900      42.43     10486       11237146.000000 -2967.000000  -0.03       0.412800    0.007100    1.75        29.22       70.78       0.952700    -0.000600   -0.06       48.79       51.21       0.440300    0.007600    1.76        30.57       69.43
2026-05-26 07:45:00 UTCGUAUSDT     1.492700      33.20     12430       11188001.000000 -49145.000000 -0.44       0.405900    -0.006900   -1.67       28.87       71.13       0.956200    0.003500    0.37        48.88       51.12       0.440300    0.000000    0.00        30.57       69.43
2026-05-26 08:00:00 UTCGUAUSDT     1.591500      54.57     30378       11138416.000000 -49585.000000 -0.44       0.418000    0.012100    2.98        29.48       70.52       0.948400    -0.007800   -0.82       48.68       51.32       0.451200    0.010900    2.48        31.09       68.91
2026-05-26 08:15:00 UTCGUAUSDT     1.644400      61.65     55125       11293173.000000 154757.000000 1.39        0.392000    -0.026000   -6.22       28.16       71.84       0.947700    -0.000700   -0.07       48.66       51.34       0.435500    -0.015700   -3.48       30.34       69.66
2026-05-26 08:30:00 UTCGUAUSDT     1.650800      62.41     37720       11678061.000000 384888.000000 3.41        0.379100    -0.012900   -3.29       27.49       72.51       0.959400    0.011700    1.23        48.96       51.04       0.435500    0.000000    0.00        30.34       69.66
2026-05-26 08:45:00 UTCGUAUSDT     1.637900      59.83     22961       11924387.000000 246326.000000 2.11        0.377200    -0.001900   -0.50       27.39       72.61       0.956000    -0.003400   -0.35       48.88       51.12       0.436000    0.000500    0.11        30.36       69.64
2026-05-26 09:00:00 UTCGUAUSDT     1.563600      47.61     50555       12023937.000000 99550.000000  0.83        0.385200    0.008000    2.12        27.81       72.19       0.957500    0.001500    0.16        48.92       51.08       0.438600    0.002600    0.60        30.49       69.51
2026-05-26 09:15:00 UTCGUAUSDT     1.514100      41.52     33157       11902999.000000 -120938.000000-1.01       0.408100    0.022900    5.94        28.98       71.02       0.962100    0.004600    0.48        49.03       50.97       0.459000    0.020400    4.65        31.46       68.54
2026-05-26 09:30:00 UTCGUAUSDT     1.436600      34.16     62854       11885367.000000 -17632.000000 -0.15       0.417000    0.008900    2.18        29.43       70.57       0.972100    0.010000    1.04        49.29       50.71       0.464600    0.005600    1.22        31.72       68.28
2026-05-26 09:45:00 UTCGUAUSDT     1.438100      34.40     29869       11807976.000000 -77391.000000 -0.65       0.422100    0.005100    1.22        29.68       70.32       0.989200    0.017100    1.76        49.73       50.27       0.465000    0.000400    0.09        31.74       68.26
2026-05-26 10:00:00 UTCGUAUSDT     1.450800      36.53     16550       11820254.000000 12278.000000  0.10        0.437400    0.015300    3.62        30.43       69.57       1.007500    0.018300    1.85        50.19       49.81       0.479500    0.014500    3.12        32.41       67.59
2026-05-26 10:15:00 UTCGUAUSDT     1.459900      38.08     18337       11788167.000000 -32087.000000 -0.27       0.442000    0.004600    1.05        30.65       69.35       1.009500    0.002000    0.20        50.24       49.76       0.489200    0.009700    2.02        32.85       67.15
2026-05-26 10:30:00 UTCGUAUSDT     1.437200      35.74     20436       11758043.000000 -30124.000000 -0.26       0.450500    0.008500    1.92        31.06       68.94       1.010500    0.001000    0.10        50.26       49.74       0.496300    0.007100    1.45        33.17       66.83
2026-05-26 10:45:00 UTCGUAUSDT     1.425100      34.52     44643       11789185.000000 31142.000000  0.26        0.467600    0.017100    3.80        31.86       68.14       1.010300    -0.000200   -0.02       50.26       49.74       0.512200    0.015900    3.20        33.87       66.13
2026-05-26 11:00:00 UTCGUAUSDT     1.381000      30.43     18065       11679412.000000 -109773.000000-0.93       0.468400    0.000800    0.17        31.90       68.10       1.016600    0.006300    0.62        50.41       49.59       0.506000    -0.006200   -1.21       33.60       66.40
2026-05-26 11:15:00 UTCGUAUSDT     1.399600      33.98     21746       11732046.000000 52634.000000  0.45        0.468900    0.000500    0.11        31.92       68.08       1.016400    -0.000200   -0.02       50.41       49.59       0.505600    -0.000400   -0.08       33.58       66.42
2026-05-26 11:30:00 UTCGUAUSDT     1.351000      29.72     20675       11725592.000000 -6454.000000  -0.06       0.473800    0.004900    1.04        32.15       67.85       1.018700    0.002300    0.23        50.46       49.54       0.513500    0.007900    1.56        33.93       66.07
2026-05-26 11:45:00 UTCGUAUSDT     1.289100      25.35     40892       11684235.000000 -41357.000000 -0.35       0.523700    0.049900    10.53       34.37       65.63       1.023500    0.004800    0.47        50.58       49.42       0.561800    0.048300    9.41        35.97       64.03
2026-05-26 12:00:00 UTCGUAUSDT     1.291600      25.83     26016       11617098.000000 -67137.000000 -0.57       0.551100    0.027400    5.23        35.53       64.47       1.019900    -0.003600   -0.35       50.49       49.51       0.591100    0.029300    5.22        37.15       62.85
2026-05-26 12:15:00 UTCGUAUSDT     1.375600      39.68     48372       11591129.000000 -25969.000000 -0.22       0.552600    0.001500    0.27        35.59       64.41       1.023400    0.003500    0.34        50.58       49.42       0.587600    -0.003500   -0.59       37.01       62.99
2026-05-26 12:30:00 UTCGUAUSDT     1.419900      45.46     50385       11520310.000000 -70819.000000 -0.61       0.524600    -0.028000   -5.07       34.41       65.59       1.019300    -0.004100   -0.40       50.48       49.52       0.578300    -0.009300   -1.58       36.64       63.36
2026-05-26 12:45:00 UTCGUAUSDT     1.377900      41.41     24694       11507122.000000 -13188.000000 -0.11       0.512900    -0.011700   -2.23       33.90       66.10       1.016800    -0.002500   -0.25       50.42       49.58       0.574300    -0.004000   -0.69       36.48       63.52
2026-05-26 13:00:00 UTCGUAUSDT     1.376900      41.31     8512        11389887.000000 -117235.000000-1.02       0.531200    0.018300    3.57        34.69       65.31       1.023500    0.006700    0.66        50.58       49.42       0.588800    0.014500    2.52        37.06       62.94
2026-05-26 13:15:00 UTCGUAUSDT     1.374800      41.10     11944       11407081.000000 17194.000000  0.15        0.527000    -0.004200   -0.79       34.51       65.49       1.026300    0.002800    0.27        50.65       49.35       0.584500    -0.004300   -0.73       36.89       63.11
2026-05-26 13:30:00 UTCGUAUSDT     1.379800      41.87     11580       11366733.000000 -40348.000000 -0.35       0.527200    0.000200    0.04        34.52       65.48       1.026400    0.000100    0.01        50.65       49.35       0.584000    -0.000500   -0.09       36.87       63.13
2026-05-26 13:45:00 UTCGUAUSDT     1.372000      40.97     9873        11368285.000000 1552.000000   0.01        0.527400    0.000200    0.04        34.53       65.47       1.026600    0.000200    0.02        50.66       49.34       0.584800    0.000800    0.14        36.90       63.10
2026-05-26 14:00:00 UTCGUAUSDT     1.325200      36.00     15035       11376601.000000 8316.000000   0.07        0.534200    0.006800    1.29        34.82       65.18       1.026300    -0.000300   -0.03       50.65       49.35       0.596700    0.011900    2.03        37.37       62.63
2026-05-26 14:15:00 UTCGUAUSDT     1.283800      32.28     16896       11377465.000000 864.000000    0.01        0.563000    0.028800    5.39        36.02       63.98       1.030200    0.003900    0.38        50.74       49.26       0.617600    0.020900    3.50        38.18       61.82
2026-05-26 14:30:00 UTCGUAUSDT     1.281200      32.05     16088       11382699.000000 5234.000000   0.05        0.575500    0.012500    2.22        36.53       63.47       1.036800    0.006600    0.64        50.90       49.10       0.628700    0.011100    1.80        38.60       61.40
2026-05-26 14:45:00 UTCGUAUSDT     1.259400      30.16     9737        11339667.000000 -43032.000000 -0.38       0.575300    -0.000200   -0.03       36.52       63.48       1.041500    0.004700    0.45        51.02       48.98       0.625500    -0.003200   -0.51       38.48       61.52
2026-05-26 15:00:00 UTCGUAUSDT     1.255500      29.82     10953       11358120.000000 18453.000000  0.16        0.590600    0.015300    2.66        37.13       62.87       1.045100    0.003600    0.35        51.10       48.90       0.641000    0.015500    2.48        39.06       60.94
2026-05-26 15:15:00 UTCGUAUSDT     1.259100      30.59     8206        11402578.000000 44458.000000  0.39        0.598200    0.007600    1.29        37.43       62.57       1.046900    0.001800    0.17        51.15       48.85       0.646100    0.005100    0.80        39.25       60.75
2026-05-26 15:30:00 UTCGUAUSDT     1.247000      29.42     8190        11373944.000000 -28634.000000 -0.25       0.603100    0.004900    0.82        37.62       62.38       1.047500    0.000600    0.06        51.16       48.84       0.652600    0.006500    1.01        39.49       60.51
2026-05-26 15:45:00 UTCGUAUSDT     1.200500      25.37     21985       11341626.000000 -32318.000000 -0.28       0.604600    0.001500    0.25        37.68       62.32       1.046900    -0.000600   -0.06       51.15       48.85       0.659800    0.007200    1.10        39.75       60.25
2026-05-26 16:00:00 UTCGUAUSDT     1.178600      23.72     15474       11385751.000000 44125.000000  0.39        0.622600    0.018000    2.98        38.37       61.63       1.055800    0.008900    0.85        51.36       48.64       0.665600    0.005800    0.88        39.96       60.04
2026-05-26 16:15:00 UTCGUAUSDT     1.186800      25.67     10265       11379203.000000 -6548.000000  -0.06       0.631100    0.008500    1.37        38.69       61.31       1.059900    0.004100    0.39        51.45       48.55       0.675000    0.009400    1.41        40.30       59.70
2026-05-26 16:30:00 UTCGUAUSDT     1.205900      30.16     13046       11334959.000000 -44244.000000 -0.39       0.634500    0.003400    0.54        38.82       61.18       1.056600    -0.003300   -0.31       51.38       48.62       0.684400    0.009400    1.39        40.63       59.37
2026-05-26 16:45:00 UTCGUAUSDT     1.174200      27.22     17579       11349622.000000 14663.000000  0.13        0.640400    0.005900    0.93        39.04       60.96       1.059800    0.003200    0.30        51.45       48.55       0.691500    0.007100    1.04        40.88       59.12
2026-05-26 17:00:00 UTCGUAUSDT     1.195700      32.05     14944       11406026.000000 56404.000000  0.50        0.647700    0.007300    1.14        39.31       60.69       1.071700    0.011900    1.12        51.73       48.27       0.688000    -0.003500   -0.51       40.76       59.24
2026-05-26 17:15:00 UTCGUAUSDT     1.207400      34.60     15862       11409311.000000 3285.000000   0.03        0.644200    -0.003500   -0.54       39.18       60.82       1.072800    0.001100    0.10        51.75       48.25       0.689200    0.001200    0.17        40.80       59.20
2026-05-26 17:30:00 UTCGUAUSDT     1.189200      32.56     11497       11283501.000000 -125810.000000-1.10       0.627900    -0.016300   -2.53       38.57       61.43       1.070600    -0.002200   -0.21       51.70       48.30       0.676400    -0.012800   -1.86       40.35       59.65
2026-05-26 17:45:00 UTCGUAUSDT     1.178700      31.40     12394       11279276.000000 -4225.000000  -0.04       0.643100    0.015200    2.42        39.14       60.86       1.068200    -0.002400   -0.22       51.65       48.35       0.690900    0.014500    2.14        40.86       59.14
2026-05-26 18:00:00 UTCGUAUSDT     1.220300      40.40     22033       11326297.000000 47021.000000  0.42        0.632900    -0.010200   -1.59       38.76       61.24       1.061700    -0.006500   -0.61       51.50       48.50       0.688000    -0.002900   -0.42       40.76       59.24
2026-05-26 18:15:00 UTCGUAUSDT     1.256000      46.85     17042       11347329.000000 21032.000000  0.19        0.606700    -0.026200   -4.14       37.76       62.24       1.063300    0.001600    0.15        51.53       48.47       0.663600    -0.024400   -3.55       39.89       60.11
2026-05-26 18:30:00 UTCGUAUSDT     1.220100      41.94     15537       11319279.000000 -28050.000000 -0.25       0.598700    -0.008000   -1.32       37.45       62.55       1.067700    0.004400    0.41        51.64       48.36       0.657800    -0.005800   -0.87       39.68       60.32
2026-05-26 18:45:00 UTCGUAUSDT     1.233000      44.20     16546       11314329.000000 -4950.000000  -0.04       0.610300    0.011600    1.94        37.90       62.10       1.057900    -0.009800   -0.92       51.41       48.59       0.668900    0.011100    1.69        40.08       59.92
2026-05-26 19:00:00 UTCGUAUSDT     1.211100      41.26     13222       11258709.000000 -55620.000000 -0.49       0.598700    -0.011600   -1.90       37.45       62.55       1.060800    0.002900    0.27        51.47       48.53       0.654500    -0.014400   -2.15       39.56       60.44
2026-05-26 19:15:00 UTCGUAUSDT     1.179000      37.34     12131       11241740.000000 -16969.000000 -0.15       0.603100    0.004400    0.73        37.62       62.38       1.061100    0.000300    0.03        51.48       48.52       0.659500    0.005000    0.76        39.74       60.26
2026-05-26 19:30:00 UTCGUAUSDT     1.201900      41.60     6675        11296737.000000 54997.000000  0.49        0.636900    0.033800    5.60        38.91       61.09       1.056600    -0.004500   -0.42       51.38       48.62       0.691500    0.032000    4.85        40.88       59.12
2026-05-26 19:45:00 UTCGUAUSDT     1.186100      39.60     10675       11253711.000000 -43026.000000 -0.38       0.618900    -0.018000   -2.83       38.23       61.77       1.059500    0.002900    0.27        51.44       48.56       0.678400    -0.013100   -1.89       40.42       59.58
2026-05-26 20:00:00 UTCGUAUSDT     1.183200      39.23     8679        11270801.000000 17090.000000  0.15        0.632900    0.014000    2.26        38.76       61.24       1.058000    -0.001500   -0.14       51.41       48.59       0.687200    0.008800    1.30        40.73       59.27
2026-05-26 20:15:00 UTCGUAUSDT     1.197100      42.05     11525       11286289.000000 15488.000000  0.14        0.642800    0.009900    1.56        39.13       60.87       1.055000    -0.003000   -0.28       51.34       48.66       0.695500    0.008300    1.21        41.02       58.98
2026-05-26 20:30:00 UTCGUAUSDT     1.198600      42.36     11654       11270757.000000 -15532.000000 -0.14       0.634800    -0.008000   -1.24       38.83       61.17       1.060600    0.005600    0.53        51.47       48.53       0.686600    -0.008900   -1.28       40.71       59.29
2026-05-26 20:45:00 UTCGUAUSDT     1.196100      41.95     7763        11252325.000000 -18432.000000 -0.16       0.621300    -0.013500   -2.13       38.32       61.68       1.061800    0.001200    0.11        51.50       48.50       0.668100    -0.018500   -2.69       40.05       59.95
2026-05-26 21:00:00 UTCGUAUSDT     1.177500      38.98     10247       11271560.000000 19235.000000  0.17        0.626300    0.005000    0.80        38.51       61.49       1.060900    -0.000900   -0.08       51.48       48.52       0.673100    0.005000    0.75        40.23       59.77
2026-05-26 21:15:00 UTCGUAUSDT     1.191000      42.18     5270        11263027.000000 -8533.000000  -0.08       0.643400    0.017100    2.73        39.15       60.85       1.065400    0.004500    0.42        51.58       48.42       0.687200    0.014100    2.09        40.73       59.27
2026-05-26 21:30:00 UTCGUAUSDT     1.180100      40.34     7496        11248511.000000 -14516.000000 -0.13       0.638800    -0.004600   -0.71       38.98       61.02       1.062500    -0.002900   -0.27       51.52       48.48       0.685500    -0.001700   -0.25       40.67       59.33
2026-05-26 21:45:00 UTCGUAUSDT     1.155900      36.52     12761       11234621.000000 -13890.000000 -0.12       0.635300    -0.003500   -0.55       38.85       61.15       1.064000    0.001500    0.14        51.55       48.45       0.678100    -0.007400   -1.08       40.41       59.59
2026-05-26 22:00:00 UTCGUAUSDT     1.192300      44.96     8250        11172612.000000 -62009.000000 -0.55       0.633200    -0.002100   -0.33       38.77       61.23       1.069200    0.005200    0.49        51.67       48.33       0.675900    -0.002200   -0.32       40.33       59.67
2026-05-26 22:15:00 UTCGUAUSDT     1.171800      41.60     7799        11126409.000000 -46203.000000 -0.41       0.609800    -0.023400   -3.70       37.88       62.12       1.073100    0.003900    0.36        51.76       48.24       0.642000    -0.033900   -5.02       39.10       60.90
2026-05-26 22:30:00 UTCGUAUSDT     1.147800      38.03     5552        11127511.000000 1102.000000   0.01        0.614500    0.004700    0.77        38.06       61.94       1.072200    -0.000900   -0.08       51.74       48.26       0.642600    0.000600    0.09        39.12       60.88
2026-05-26 22:45:00 UTCGUAUSDT     1.153000      39.25     10922       11129253.000000 1742.000000   0.02        0.625800    0.011300    1.84        38.49       61.51       1.072800    0.000600    0.06        51.75       48.25       0.658900    0.016300    2.54        39.72       60.28
2026-05-26 23:00:00 UTCGUAUSDT     1.167900      42.72     9261        11178840.000000 49587.000000  0.45        0.612600    -0.013200   -2.11       37.99       62.01       1.070300    -0.002500   -0.23       51.70       48.30       0.645800    -0.013100   -1.99       39.24       60.76
2026-05-26 23:15:00 UTCGUAUSDT     1.174800      44.31     6267        11109047.000000 -69793.000000 -0.62       0.596700    -0.015900   -2.60       37.37       62.63       1.075200    0.004900    0.46        51.81       48.19       0.623400    -0.022400   -3.47       38.40       61.60
2026-05-26 23:30:00 UTCGUAUSDT     1.179700      45.47     6268        11115281.000000 6234.000000   0.06        0.599500    0.002800    0.47        37.48       62.52       1.074900    -0.000300   -0.03       51.80       48.20       0.625800    0.002400    0.38        38.49       61.51
2026-05-26 23:45:00 UTCGUAUSDT     1.171000      43.73     7810        11098486.000000 -16795.000000 -0.15       0.608800    0.009300    1.55        37.84       62.16       1.074900    0.000000    0.00        51.80       48.20       0.633200    0.007400    1.18        38.77       61.23
2026-05-27 00:00:00 UTCGUAUSDT     1.154800      40.62     10061       11062940.000000 -35546.000000 -0.32       0.614200    0.005400    0.89        38.05       61.95       1.080700    0.005800    0.54        51.94       48.06       0.638000    0.004800    0.76        38.95       61.05
2026-05-27 00:15:00 UTCGUAUSDT     1.163000      42.84     9202        11077948.000000 15008.000000  0.14        0.627100    0.012900    2.10        38.54       61.46       1.077500    -0.003200   -0.30       51.87       48.13       0.644500    0.006500    1.02        39.19       60.81
2026-05-27 00:30:00 UTCGUAUSDT     1.171800      45.20     5680        11055264.000000 -22684.000000 -0.20       0.631600    0.004500    0.72        38.71       61.29       1.080900    0.003400    0.32        51.94       48.06       0.643400    -0.001100   -0.17       39.15       60.85
2026-05-27 00:45:00 UTCGUAUSDT     1.161100      42.88     7440        11041936.000000 -13328.000000 -0.12       0.636400    0.004800    0.76        38.89       61.11       1.081600    0.000700    0.06        51.96       48.04       0.648800    0.005400    0.84        39.35       60.65
2026-05-27 01:00:00 UTCGUAUSDT     1.215200      55.36     17440       11005459.000000 -36477.000000 -0.33       0.640700    0.004300    0.68        39.05       60.95       1.075700    -0.005900   -0.55       51.82       48.18       0.651300    0.002500    0.39        39.44       60.56
2026-05-27 01:15:00 UTCGUAUSDT     1.269300      63.87     20659       10968112.000000 -37347.000000 -0.34       0.632900    -0.007800   -1.22       38.76       61.24       1.084700    0.009000    0.84        52.03       47.97       0.653400    0.002100    0.32        39.52       60.48
2026-05-27 01:30:00 UTCGUAUSDT     1.263800      62.56     25307       10951467.000000 -16645.000000 -0.15       0.628400    -0.004500   -0.71       38.59       61.41       1.087600    0.002900    0.27        52.10       47.90       0.652300    -0.001100   -0.17       39.48       60.52
2026-05-27 01:45:00 UTCGUAUSDT     1.309600      68.36     21636       10955749.000000 4282.000000   0.04        0.620000    -0.008400   -1.34       38.27       61.73       1.080100    -0.007500   -0.69       51.93       48.07       0.652100    -0.000200   -0.03       39.47       60.53
2026-05-27 02:00:00 UTCGUAUSDT     1.307700      67.89     17574       10942263.000000 -13486.000000 -0.12       0.612600    -0.007400   -1.19       37.99       62.01       1.077100    -0.003000   -0.28       51.86       48.14       0.660900    0.008800    1.35        39.79       60.21
2026-05-27 02:15:00 UTCGUAUSDT     1.326000      70.03     13428       10935209.000000 -7054.000000  -0.06       0.595700    -0.016900   -2.76       37.33       62.67       1.081100    0.004000    0.37        51.95       48.05       0.648300    -0.012600   -1.91       39.33       60.67
2026-05-27 02:30:00 UTCGUAUSDT     1.322900      69.19     14670       10953470.000000 18261.000000  0.17        0.595700    0.000000    0.00        37.33       62.67       1.084300    0.003200    0.30        52.02       47.98       0.654500    0.006200    0.96        39.56       60.44
2026-05-27 02:45:00 UTCGUAUSDT     1.333400      70.48     16341       10942877.000000 -10593.000000 -0.10       0.591600    -0.004100   -0.69       37.17       62.83       1.084400    0.000100    0.01        52.02       47.98       0.645500    -0.009000   -1.38       39.23       60.77
2026-05-27 03:00:00 UTCGUAUSDT     1.346600      72.07     16357       10909268.000000 -33609.000000 -0.31       0.584800    -0.006800   -1.15       36.90       63.10       1.088800    0.004400    0.41        52.13       47.87       0.640700    -0.004800   -0.74       39.05       60.95
2026-05-27 03:15:00 UTCGUAUSDT     1.351300      72.63     15424       10894515.000000 -14753.000000 -0.14       0.563200    -0.021600   -3.69       36.03       63.97       1.087800    -0.001000   -0.09       52.10       47.90       0.623900    -0.016800   -2.62       38.42       61.58
2026-05-27 03:30:00 UTCGUAUSDT     1.358400      73.50     11796       10949876.000000 55361.000000  0.51        0.570400    0.007200    1.28        36.32       63.68       1.085500    -0.002300   -0.21       52.05       47.95       0.632900    0.009000    1.44        38.76       61.24
2026-05-27 03:45:00 UTCGUAUSDT     1.328300      64.19     12517       10998091.000000 48215.000000  0.44        0.562700    -0.007700   -1.35       36.01       63.99       1.084100    -0.001400   -0.13       52.02       47.98       0.625000    -0.007900   -1.25       38.46       61.54
2026-05-27 04:00:00 UTCGUAUSDT     1.345100      66.72     9589        11003213.000000 5122.000000   0.05        0.570600    0.007900    1.40        36.33       63.67       1.081900    -0.002200   -0.20       51.97       48.03       0.630000    0.005000    0.80        38.65       61.35
2026-05-27 04:15:00 UTCGUAUSDT     1.347000      67.01     10632       11006374.000000 3161.000000   0.03        0.569900    -0.000700   -0.12       36.30       63.70       1.080400    -0.001500   -0.14       51.93       48.07       0.633500    0.003500    0.56        38.78       61.22
2026-05-27 04:30:00 UTCGUAUSDT     1.356100      68.40     9453        11004980.000000 -1394.000000  -0.01       0.557400    -0.012500   -2.19       35.79       64.21       1.084100    0.003700    0.34        52.02       47.98       0.617900    -0.015600   -2.46       38.19       61.81
2026-05-27 04:45:00 UTCGUAUSDT     1.356600      68.48     8423        10970486.000000 -34494.000000 -0.31       0.557100    -0.000300   -0.05       35.78       64.22       1.081600    -0.002500   -0.23       51.96       48.04       0.620000    0.002100    0.34        38.27       61.73
2026-05-27 05:00:00 UTCGUAUSDT     1.286200      49.70     27900       10952484.000000 -18002.000000 -0.16       0.558800    0.001700    0.31        35.85       64.15       1.080700    -0.000900   -0.08       51.94       48.06       0.618400    -0.001600   -0.26       38.21       61.79
2026-05-27 05:15:00 UTCGUAUSDT     1.259000      44.61     21621       10859393.000000 -93091.000000 -0.85       0.562300    0.003500    0.63        35.99       64.01       1.079900    -0.000800   -0.07       51.92       48.08       0.621000    0.002600    0.42        38.31       61.69
2026-05-27 05:30:00 UTCGUAUSDT     1.273400      47.67     9680        10844761.000000 -14632.000000 -0.13       0.579800    0.017500    3.11        36.70       63.30       1.085700    0.005800    0.54        52.05       47.95       0.628400    0.007400    1.19        38.59       61.41
2026-05-27 05:45:00 UTCGUAUSDT     1.290900      51.19     10254       10808889.000000 -35872.000000 -0.33       0.564700    -0.015100   -2.60       36.09       63.91       1.086500    0.000800    0.07        52.07       47.93       0.613200    -0.015200   -2.42       38.01       61.99
2026-05-27 06:00:00 UTCGUAUSDT     1.299100      52.79     7850        10844791.000000 35902.000000  0.33        0.574600    0.009900    1.75        36.49       63.51       1.081100    -0.005400   -0.50       51.95       48.05       0.621500    0.008300    1.35        38.33       61.67
2026-05-27 06:15:00 UTCGUAUSDT     1.297800      52.50     8421        10824059.000000 -20732.000000 -0.19       0.553500    -0.021100   -3.67       35.63       64.37       1.078900    -0.002200   -0.20       51.90       48.10       0.603100    -0.018400   -2.96       37.62       62.38
2026-05-27 06:30:00 UTCGUAUSDT     1.337000      59.79     13195       10790628.000000 -33431.000000 -0.31       0.547500    -0.006000   -1.08       35.38       64.62       1.079400    0.000500    0.05        51.91       48.09       0.596900    -0.006200   -1.03       37.38       62.62
2026-05-27 06:45:00 UTCGUAUSDT     1.339200      60.16     12121       10736712.000000 -53916.000000 -0.50       0.542700    -0.004800   -0.88       35.18       64.82       1.081600    0.002200    0.20        51.96       48.04       0.593900    -0.003000   -0.50       37.26       62.74
2026-05-27 07:00:00 UTCGUAUSDT     1.359000      63.41     11741       10716245.000000 -20467.000000 -0.19       0.538500    -0.004200   -0.77       35.00       65.00       1.080000    -0.001600   -0.15       51.92       48.08       0.593400    -0.000500   -0.08       37.24       62.76
2026-05-27 07:15:00 UTCGUAUSDT     1.302900      50.75     16807       10641399.000000 -74846.000000 -0.70       0.533300    -0.005200   -0.97       34.78       65.22       1.087000    0.007000    0.65        52.09       47.91       0.587600    -0.005800   -0.98       37.01       62.99
2026-05-27 07:30:00 UTCGUAUSDT     1.290800      48.50     13536       10601537.000000 -39862.000000 -0.37       0.557600    0.024300    4.56        35.80       64.20       1.086900    -0.000100   -0.01       52.08       47.92       0.610000    0.022400    3.81        37.89       62.11
2026-05-27 07:45:00 UTCGUAUSDT     1.267100      44.36     11595       10574213.000000 -27324.000000 -0.26       0.554500    -0.003100   -0.56       35.67       64.33       1.091800    0.004900    0.45        52.19       47.81       0.613400    0.003400    0.56        38.02       61.98
2026-05-27 08:00:00 UTCGUAUSDT     1.277700      46.56     14177       10522785.000000 -51428.000000 -0.49       0.557400    0.002900    0.52        35.79       64.21       1.098400    0.006600    0.60        52.35       47.65       0.612100    -0.001300   -0.21       37.97       62.03
2026-05-27 08:15:00 UTCGUAUSDT     1.245500      41.22     11516       10562767.000000 39982.000000  0.38        0.553300    -0.004100   -0.74       35.62       64.38       1.098700    0.000300    0.03        52.35       47.65       0.604900    -0.007200   -1.18       37.69       62.31
2026-05-27 08:30:00 UTCGUAUSDT     1.245200      41.18     11678       10613996.000000 51229.000000  0.48        0.559800    0.006500    1.17        35.89       64.11       1.102100    0.003400    0.31        52.43       47.57       0.611600    0.006700    1.11        37.95       62.05
2026-05-27 08:45:00 UTCGUAUSDT     1.225300      38.05     12420       10673037.000000 59041.000000  0.56        0.554200    -0.005600   -1.00       35.66       64.34       1.105700    0.003600    0.33        52.51       47.49       0.605400    -0.006200   -1.01       37.71       62.29
2026-05-27 09:00:00 UTCGUAUSDT     1.220400      37.31     13428       10736556.000000 63519.000000  0.60        0.558800    0.004600    0.83        35.85       64.15       1.107000    0.001300    0.12        52.54       47.46       0.602600    -0.002800   -0.46       37.60       62.40
2026-05-27 09:15:00 UTCGUAUSDT     1.228100      39.33     12664       10780557.000000 44001.000000  0.41        0.555900    -0.002900   -0.52       35.73       64.27       1.106600    -0.000400   -0.04       52.53       47.47       0.598700    -0.003900   -0.65       37.45       62.55
2026-05-27 09:30:00 UTCGUAUSDT     1.210400      36.42     10739       10824369.000000 43812.000000  0.41        0.549700    -0.006200   -1.12       35.47       64.53       1.108700    0.002100    0.19        52.58       47.42       0.591100    -0.007600   -1.27       37.15       62.85
2026-05-27 09:45:00 UTCGUAUSDT     1.199000      34.64     9568        10834765.000000 10396.000000  0.10        0.547700    -0.002000   -0.36       35.39       64.61       1.108300    -0.000400   -0.04       52.57       47.43       0.591800    0.000700    0.12        37.18       62.82
2026-05-27 10:00:00 UTCGUAUSDT     1.209200      37.58     8044        10878440.000000 43675.000000  0.40        0.557600    0.009900    1.81        35.80       64.20       1.107000    -0.001300   -0.12       52.54       47.46       0.600500    0.008700    1.47        37.52       62.48
2026-05-27 10:15:00 UTCGUAUSDT     1.216400      39.64     6966        10861157.000000 -17283.000000 -0.16       0.549400    -0.008200   -1.47       35.46       64.54       1.109600    0.002600    0.23        52.60       47.40       0.591800    -0.008700   -1.45       37.18       62.82
2026-05-27 10:30:00 UTCGUAUSDT     1.215500      39.46     6886        10854419.000000 -6738.000000  -0.06       0.547000    -0.002400   -0.44       35.36       64.64       1.113300    0.003700    0.33        52.68       47.32       0.589300    -0.002500   -0.42       37.08       62.92
2026-05-27 10:45:00 UTCGUAUSDT     1.203700      37.14     9332        10826333.000000 -28086.000000 -0.26       0.543900    -0.003100   -0.57       35.23       64.77       1.119500    0.006200    0.56        52.82       47.18       0.591600    0.002300    0.39        37.17       62.83
2026-05-27 11:00:00 UTCGUAUSDT     1.192800      35.09     9854        10823543.000000 -2790.000000  -0.03       0.556200    0.012300    2.26        35.74       64.26       1.126300    0.006800    0.61        52.97       47.03       0.601300    0.009700    1.64        37.55       62.45
2026-05-27 11:15:00 UTCGUAUSDT     1.177900      32.45     10182       10824600.000000 1057.000000   0.01        0.558400    0.002200    0.40        35.83       64.17       1.135200    0.008900    0.79        53.17       46.83       0.601300    0.000000    0.00        37.55       62.45
2026-05-27 11:30:00 UTCGUAUSDT     1.146300      27.69     17531       10847476.000000 22876.000000  0.21        0.572300    0.013900    2.49        36.40       63.60       1.144000    0.008800    0.78        53.36       46.64       0.609000    0.007700    1.28        37.85       62.15
2026-05-27 11:45:00 UTCGUAUSDT     1.094900      22.03     24612       10826563.000000 -20913.000000 -0.19       0.587000    0.014700    2.57        36.99       63.01       1.152100    0.008100    0.71        53.53       46.47       0.621000    0.012000    1.97        38.31       61.69
2026-05-27 12:00:00 UTCGUAUSDT     1.093000      21.85     32543       10948000.000000 121437.000000 1.12        0.590600    0.003600    0.61        37.13       62.87       1.156700    0.004600    0.40        53.63       46.37       0.615500    -0.005500   -0.89       38.10       61.90
2026-05-27 12:15:00 UTCGUAUSDT     1.055900      18.68     22509       11006396.000000 58396.000000  0.53        0.612100    0.021500    3.64        37.97       62.03       1.170700    0.014000    1.21        53.93       46.07       0.632400    0.016900    2.75        38.74       61.26
2026-05-27 12:30:00 UTCGUAUSDT     1.054900      18.61     61269       11101622.000000 95226.000000  0.87        0.612100    0.000000    0.00        37.97       62.03       1.175800    0.005100    0.44        54.04       45.96       0.627100    -0.005300   -0.84       38.54       61.46
2026-05-27 12:45:00 UTCGUAUSDT     0.978300      13.82     80269       11441723.000000 340101.000000 3.06        0.601800    -0.010300   -1.68       37.57       62.43       1.154900    -0.020900   -1.78       53.59       46.41       0.607700    -0.019400   -3.09       37.80       62.20
2026-05-27 13:00:00 UTCGUAUSDT     0.987900      16.71     53348       11683279.000000 241556.000000 2.11        0.636400    0.034600    5.75        38.89       61.11       1.152300    -0.002600   -0.23       53.54       46.46       0.638300    0.030600    5.04        38.96       61.04
2026-05-27 13:15:00 UTCGUAUSDT     0.917800      13.23     52304       11852939.000000 169660.000000 1.45        0.635300    -0.001100   -0.17       38.85       61.15       1.170700    0.018400    1.60        53.93       46.07       0.630800    -0.007500   -1.17       38.68       61.32
2026-05-27 13:30:00 UTCGUAUSDT     0.975200      26.71     41773       12154817.000000 301878.000000 2.55        0.664400    0.029100    4.58        39.92       60.08       1.175400    0.004700    0.40        54.03       45.97       0.658600    0.027800    4.41        39.71       60.29
2026-05-27 13:45:00 UTCGUAUSDT     1.015200      34.36     39450       12061108.000000 -93709.000000 -0.77       0.636900    -0.027500   -4.14       38.91       61.09       1.169200    -0.006200   -0.53       53.90       46.10       0.632400    -0.026200   -3.98       38.74       61.26
2026-05-27 14:00:00 UTCGUAUSDT     1.026900      36.45     57496       11846100.000000 -215008.000000-1.78       0.641200    0.004300    0.68        39.07       60.93       1.170400    0.001200    0.10        53.93       46.07       0.642000    0.009600    1.52        39.10       60.90
2026-05-27 14:15:00 UTCGUAUSDT     1.037700      38.40     23964       11571103.000000 -274997.000000-2.32       0.636900    -0.004300   -0.67       38.91       61.09       1.197500    0.027100    2.32        54.49       45.51       0.634300    -0.007700   -1.20       38.81       61.19
2026-05-27 14:30:00 UTCGUAUSDT     1.127400      51.67     48533       11514315.000000 -56788.000000 -0.49       0.635900    -0.001000   -0.16       38.87       61.13       1.185900    -0.011600   -0.97       54.25       45.75       0.632100    -0.002200   -0.35       38.73       61.27
2026-05-27 14:45:00 UTCGUAUSDT     1.160400      55.47     50299       11426713.000000 -87602.000000 -0.76       0.596900    -0.039000   -6.13       37.38       62.62       1.161900    -0.024000   -2.02       53.75       46.25       0.613400    -0.018700   -2.96       38.02       61.98
2026-05-27 15:00:00 UTCGUAUSDT     1.131400      51.63     89568       11439937.000000 13224.000000  0.12        0.594600    -0.002300   -0.39       37.29       62.71       1.147800    -0.014100   -1.21       53.44       46.56       0.613900    0.000500    0.08        38.04       61.96
2026-05-27 15:15:00 UTCGUAUSDT     1.012400      39.53     63908       11509608.000000 69671.000000  0.61        0.601800    0.007200    1.21        37.57       62.43       1.150900    0.003100    0.27        53.51       46.49       0.612900    -0.001000   -0.16       38.00       62.00
2026-05-27 15:30:00 UTCGUAUSDT     0.974600      36.60     58657       11771044.000000 261436.000000 2.27        0.655400    0.053600    8.91        39.59       60.41       1.164200    0.013300    1.16        53.79       46.21       0.659500    0.046600    7.60        39.74       60.26
2026-05-27 15:45:00 UTCGUAUSDT     0.952300      34.95     75993       12180780.000000 409736.000000 3.48        0.692900    0.037500    5.72        40.93       59.07       1.165700    0.001500    0.13        53.83       46.17       0.698700    0.039200    5.94        41.13       58.87
2026-05-27 16:00:00 UTCGUAUSDT     0.888200      30.67     131884      12712112.000000 531332.000000 4.36        0.755900    0.063000    9.09        43.05       56.95       1.190200    0.024500    2.10        54.34       45.66       0.764300    0.065600    9.39        43.32       56.68
2026-05-27 16:15:00 UTCGUAUSDT     0.699600      22.11     189849      12966449.000000 254337.000000 2.00        0.755000    -0.000900   -0.12       43.02       56.98       1.192800    0.002600    0.22        54.40       45.60       0.750100    -0.014200   -1.86       42.86       57.14
2026-05-27 16:30:00 UTCGUAUSDT     0.717500      24.27     363137      13853590.000000 887141.000000 6.84        0.771200    0.016200    2.15        43.54       56.46       1.169900    -0.022900   -1.92       53.91       46.09       0.729200    -0.020900   -2.79       42.17       57.83
2026-05-27 16:45:00 UTCGUAUSDT     0.706600      23.83     211794      13550501.000000 -303089.000000-2.19       0.820500    0.049300    6.39        45.07       54.93       1.171000    0.001100    0.09        53.94       46.06       0.761200    0.032000    4.39        43.22       56.78
2026-05-27 17:00:00 UTCGUAUSDT     1.184200      58.69     290272      14036114.000000 485613.000000 3.58        0.897200    0.076700    9.35        47.29       52.71       1.184100    0.013100    1.12        54.21       45.79       0.873000    0.111800    14.69       46.61       53.39
2026-05-27 17:15:00 UTCGUAUSDT     0.879100      44.64     420087      12194108.000000 -1842006.000000-13.12      0.599700    -0.297500   -33.16      37.49       62.51       1.173200    -0.010900   -0.92       53.98       46.02       0.600800    -0.272200   -31.18      37.53       62.47
2026-05-27 17:30:00 UTCGUAUSDT     0.912400      46.15     228963      11739330.000000 -454778.000000-3.73       0.754400    0.154700    25.80       43.00       57.00       1.204900    0.031700    2.70        54.65       45.35       0.733100    0.132300    22.02       42.30       57.70
2026-05-27 17:45:00 UTCGUAUSDT     0.711800      39.19     238438      11774914.000000 35584.000000  0.30        0.776800    0.022400    2.97        43.72       56.28       1.241500    0.036600    3.04        55.39       44.61       0.777100    0.044000    6.00        43.73       56.27
2026-05-27 18:00:00 UTCGUAUSDT     0.631400      36.80     336798      13870333.000000 2095419.00000017.80       0.988900    0.212100    27.30       49.72       50.28       1.243000    0.001500    0.12        55.42       44.58       0.979400    0.202300    26.03       49.48       50.52
2026-05-27 18:15:00 UTCGUAUSDT     0.860700      46.78     271601      13733981.000000 -136352.000000-0.98       1.013300    0.024400    2.47        50.33       49.67       1.203100    -0.039900   -3.21       54.61       45.39       0.976700    -0.002700   -0.28       49.41       50.59
2026-05-27 18:30:00 UTCGUAUSDT     0.883500      47.67     334368      13386869.000000 -347112.000000-2.53       0.810600    -0.202700   -20.00      44.77       55.23       1.198100    -0.005000   -0.42       54.51       45.49       0.829500    -0.147200   -15.07      45.34       54.66
2026-05-27 18:45:00 UTCGUAUSDT     0.734000      42.66     220230      13126938.000000 -259931.000000-1.94       0.789500    -0.021100   -2.60       44.12       55.88       1.187700    -0.010400   -0.87       54.29       45.71       0.796300    -0.033200   -4.00       44.33       55.67
2026-05-27 19:00:00 UTCGUAUSDT     0.735400      42.72     156552      13292009.000000 165071.000000 1.26        0.911300    0.121800    15.43       47.68       52.32       1.185000    -0.002700   -0.23       54.23       45.77       0.905900    0.109600    13.76       47.53       52.47
2026-05-27 19:15:00 UTCGUAUSDT     0.651300      39.98     119201      13094909.000000 -197100.000000-1.48       0.917500    0.006200    0.68        47.85       52.15       1.218500    0.033500    2.83        54.92       45.08       0.929800    0.023900    2.64        48.18       51.82
2026-05-27 19:30:00 UTCGUAUSDT     0.596100      38.24     123878      13746671.000000 651762.000000 4.98        1.003200    0.085700    9.34        50.08       49.92       1.234100    0.015600    1.28        55.24       44.76       0.986500    0.056700    6.10        49.66       50.34
2026-05-27 19:45:00 UTCGUAUSDT     0.418800      33.26     209177      14381983.000000 635312.000000 4.62        1.101700    0.098500    9.82        52.42       47.58       1.209800    -0.024300   -1.97       54.75       45.25       1.078600    0.092100    9.34        51.89       48.11
2026-05-27 20:00:00 UTCGUAUSDT     0.350700      31.55     421114      16984975.000000 2602992.00000018.10       1.203600    0.101900    9.25        54.62       45.38       1.205400    -0.004400   -0.36       54.66       45.34       1.094200    0.015600    1.45        52.25       47.75
2026-05-27 20:15:00 UTCGUAUSDT     0.379400      33.11     228464      16915985.000000 -68990.000000 -0.41       1.158000    -0.045600   -3.79       53.66       46.34       1.177900    -0.027500   -2.28       54.08       45.92       1.100400    0.006200    0.57        52.39       47.61
2026-05-27 20:30:00 UTCGUAUSDT     0.347200      32.22     116847      16957755.000000 41770.000000  0.25        1.120400    -0.037600   -3.25       52.84       47.16       1.156400    -0.021500   -1.83       53.63       46.37       1.076800    -0.023600   -2.14       51.85       48.15
2026-05-27 20:45:00 UTCGUAUSDT     0.396700      35.09     127900      17718251.000000 760496.000000 4.48        1.145900    0.025500    2.28        53.40       46.60       1.163700    0.007300    0.63        53.78       46.22       1.082500    0.005700    0.53        51.98       48.02
2026-05-27 21:00:00 UTCGUAUSDT     0.369100      34.22     93671       17974803.000000 256552.000000 1.45        1.127200    -0.018700   -1.63       52.99       47.01       1.176600    0.012900    1.11        54.06       45.94       1.085100    0.002600    0.24        52.04       47.96
2026-05-27 21:15:00 UTCGUAUSDT     0.335400      33.14     80674       18981028.000000 1006225.0000005.60        1.147300    0.020100    1.78        53.43       46.57       1.175900    -0.000700   -0.06       54.04       45.96       1.103500    0.018400    1.70        52.46       47.54
2026-05-27 21:30:00 UTCGUAUSDT     0.261700      30.85     119464      19321960.000000 340932.000000 1.80        1.168700    0.021400    1.87        53.89       46.11       1.185900    0.010000    0.85        54.25       45.75       1.099500    -0.004000   -0.36       52.37       47.63
2026-05-27 21:45:00 UTCGUAUSDT     0.292200      32.92     116394      22056338.000000 2734378.00000014.15       1.210900    0.042200    3.61        54.77       45.23       1.197400    0.011500    0.97        54.49       45.51       1.078600    -0.020900   -1.90       51.89       48.11
2026-05-27 22:00:00 UTCGUAUSDT     0.318100      34.70     72536       21398233.000000 -658105.000000-2.98       1.220200    0.009300    0.77        54.96       45.04       1.233800    0.036400    3.04        55.23       44.77       1.111900    0.033300    3.09        52.65       47.35
2026-05-27 22:15:00 UTCGUAUSDT     0.301400      34.07     48319       20628441.000000 -769792.000000-3.60       1.219300    -0.000900   -0.07       54.94       45.06       1.231600    -0.002200   -0.18       55.19       44.81       1.121800    0.009900    0.89        52.87       47.13
2026-05-27 22:30:00 UTCGUAUSDT     0.295100      33.83     42453       20471960.000000 -156481.000000-0.76       1.221200    0.001900    0.16        54.98       45.02       1.244200    0.012600    1.02        55.44       44.56       1.103500    -0.018300   -1.63       52.46       47.54
2026-05-27 22:45:00 UTCGUAUSDT     0.290600      33.64     25946       20344424.000000 -127536.000000-0.62       1.211400    -0.009800   -0.80       54.78       45.22       1.271500    0.027300    2.19        55.98       44.02       1.104400    0.000900    0.08        52.48       47.52
2026-05-27 23:00:00 UTCGUAUSDT     0.285100      33.39     41639       20578061.000000 233637.000000 1.15        1.236600    0.025200    2.08        55.29       44.71       1.265600    -0.005900   -0.46       55.86       44.14       1.112400    0.008000    0.72        52.66       47.34
2026-05-27 23:15:00 UTCGUAUSDT     0.307500      35.46     46704       20608040.000000 29979.000000  0.15        1.253300    0.016700    1.35        55.62       44.38       1.266600    0.001000    0.08        55.88       44.12       1.129900    0.017500    1.57        53.05       46.95
2026-05-27 23:30:00 UTCGUAUSDT     0.328200      37.40     52053       20049843.000000 -558197.000000-2.71       1.275300    0.022000    1.76        56.05       43.95       1.283300    0.016700    1.32        56.20       43.80       1.191500    0.061600    5.45        54.37       45.63
2026-05-27 23:45:00 UTCGUAUSDT     0.320800      36.97     32367       20050106.000000 263.000000    0.00        1.293600    0.018300    1.43        56.40       43.60       1.234000    -0.049300   -3.84       55.24       44.76       1.235600    0.044100    3.70        55.27       44.73
2026-05-28 00:00:00 UTCGUAUSDT     0.325200      37.43     33847       20251974.000000 201868.000000 1.01        1.273800    -0.019800   -1.53       56.02       43.98       1.218300    -0.015700   -1.27       54.92       45.08       1.226200    -0.009400   -0.76       55.08       44.92
2026-05-28 00:15:00 UTCGUAUSDT     0.317900      36.95     34558       20571979.000000 320005.000000 1.58        1.280500    0.006700    0.53        56.15       43.85       1.222200    0.003900    0.32        55.00       45.00       1.228700    0.002500    0.20        55.13       44.87
2026-05-28 00:30:00 UTCGUAUSDT     0.300500      35.77     31424       20504058.000000 -67921.000000 -0.33       1.299900    0.019400    1.52        56.52       43.48       1.206100    -0.016100   -1.32       54.67       45.33       1.241100    0.012400    1.01        55.38       44.62
2026-05-28 00:45:00 UTCGUAUSDT     0.287600      34.89     33704       20397857.000000 -106201.000000-0.52       1.331500    0.031600    2.43        57.11       42.89       1.219700    0.013600    1.13        54.95       45.05       1.223700    -0.017400   -1.40       55.03       44.97
2026-05-28 01:00:00 UTCGUAUSDT     0.303500      36.96     37793       20715040.000000 317183.000000 1.55        1.364600    0.033100    2.49        57.71       42.29       1.221900    0.002200    0.18        54.99       45.01       1.248700    0.025000    2.04        55.53       44.47
2026-05-28 01:15:00 UTCGUAUSDT     0.328700      40.21     47960       20933905.000000 218865.000000 1.06        1.376400    0.011800    0.86        57.92       42.08       1.230400    0.008500    0.70        55.16       44.84       1.274300    0.025600    2.05        56.03       43.97
2026-05-28 01:30:00 UTCGUAUSDT     0.327500      40.11     27546       20928450.000000 -5455.000000  -0.03       1.333200    -0.043200   -3.14       57.14       42.86       1.179300    -0.051100   -4.15       54.11       45.89       1.262400    -0.011900   -0.93       55.80       44.20
2026-05-28 01:45:00 UTCGUAUSDT     0.339500      41.76     39139       21229589.000000 301139.000000 1.44        1.280000    -0.053200   -3.99       56.14       43.86       1.236200    0.056900    4.82        55.28       44.72       1.223700    -0.038700   -3.07       55.03       44.97
2026-05-28 02:00:00 UTCGUAUSDT     0.334400      41.24     31773       20869285.000000 -360304.000000-1.70       1.286800    0.006800    0.53        56.27       43.73       1.217900    -0.018300   -1.48       54.91       45.09       1.269600    0.045900    3.75        55.94       44.06
2026-05-28 02:15:00 UTCGUAUSDT     0.347000      43.13     38623       21099934.000000 230649.000000 1.11        1.287800    0.001000    0.08        56.29       43.71       1.206700    -0.011200   -0.92       54.68       45.32       1.248700    -0.020900   -1.65       55.53       44.47
2026-05-28 02:30:00 UTCGUAUSDT     0.351000      43.75     27063       20941457.000000 -158477.000000-0.75       1.295700    0.007900    0.61        56.44       43.56       1.220400    0.013700    1.14        54.96       45.04       1.284100    0.035400    2.83        56.22       43.78
2026-05-28 02:45:00 UTCGUAUSDT     0.346600      43.19     30080       21263508.000000 322051.000000 1.54        1.280000    -0.015700   -1.21       56.14       43.86       1.218100    -0.002300   -0.19       54.92       45.08       1.287300    0.003200    0.25        56.28       43.72
2026-05-28 03:00:00 UTCGUAUSDT     0.343100      42.72     26578       21016665.000000 -246843.000000-1.16       1.278900    -0.001100   -0.09       56.12       43.88       1.231500    0.013400    1.10        55.19       44.81       1.285200    -0.002100   -0.16       56.24       43.76
2026-05-28 03:15:00 UTCGUAUSDT     0.349200      43.86     24848       20689584.000000 -327081.000000-1.56       1.274800    -0.004100   -0.32       56.04       43.96       1.235700    0.004200    0.34        55.27       44.73       1.282600    -0.002600   -0.20       56.19       43.81
2026-05-28 03:30:00 UTCGUAUSDT     0.351400      44.29     16888       20612718.000000 -76866.000000 -0.37       1.237100    -0.037700   -2.96       55.30       44.70       1.242600    0.006900    0.56        55.41       44.59       1.234100    -0.048500   -3.78       55.24       44.76
2026-05-28 03:45:00 UTCGUAUSDT     0.379400      49.57     70576       20786035.000000 173317.000000 0.84        1.222200    -0.014900   -1.20       55.00       45.00       1.252100    0.009500    0.76        55.60       44.40       1.238600    0.004500    0.36        55.33       44.67
2026-05-28 04:00:00 UTCGUAUSDT     0.368400      47.66     40235       20350587.000000 -435448.000000-2.09       1.229200    0.007000    0.57        55.14       44.86       1.244500    -0.007600   -0.61       55.45       44.55       1.261400    0.022800    1.84        55.78       44.22
2026-05-28 04:15:00 UTCGUAUSDT     0.354600      45.30     29882       20099272.000000 -251315.000000-1.23       1.231600    0.002400    0.20        55.19       44.81       1.248000    0.003500    0.28        55.52       44.48       1.282600    0.021200    1.68        56.19       43.81
2026-05-28 04:30:00 UTCGUAUSDT     0.365000      47.41     24320       20026625.000000 -72647.000000 -0.36       1.221700    -0.009900   -0.80       54.99       45.01       1.256300    0.008300    0.67        55.68       44.32       1.250200    -0.032400   -2.53       55.56       44.44
2026-05-28 04:45:00 UTCGUAUSDT     0.371700      48.78     24575       20228667.000000 202042.000000 1.01        1.226700    0.005000    0.41        55.09       44.91       1.276500    0.020200    1.61        56.07       43.93       1.273800    0.023600    1.89        56.02       43.98
2026-05-28 05:00:00 UTCGUAUSDT     0.377900      50.08     35054       20350781.000000 122114.000000 0.60        1.255300    0.028600    2.33        55.66       44.34       1.284200    0.007700    0.60        56.22       43.78       1.293100    0.019300    1.52        56.39       43.61
2026-05-28 05:15:00 UTCGUAUSDT     0.387300      52.07     31592       20457245.000000 106464.000000 0.52        1.237600    -0.017700   -1.41       55.31       44.69       1.258400    -0.025800   -2.01       55.72       44.28       1.298900    0.005800    0.45        56.50       43.50
2026-05-28 05:30:00 UTCGUAUSDT     0.423900      58.92     65237       20488508.000000 31263.000000  0.15        1.217300    -0.020300   -1.64       54.90       45.10       1.235400    -0.023000   -1.83       55.27       44.73       1.295700    -0.003200   -0.25       56.44       43.56
2026-05-28 05:45:00 UTCGUAUSDT     0.447700      62.65     65393       20453491.000000 -35017.000000 -0.17       1.203600    -0.013700   -1.13       54.62       45.38       1.241100    0.005700    0.46        55.38       44.62       1.295200    -0.000500   -0.04       56.43       43.57
2026-05-28 06:00:00 UTCGUAUSDT     0.470300      65.83     100312      20221437.000000 -232054.000000-1.13       1.175800    -0.027800   -2.31       54.04       45.96       1.247900    0.006800    0.55        55.51       44.49       1.297800    0.002600    0.20        56.48       43.52
2026-05-28 06:15:00 UTCGUAUSDT     0.561000      75.02     194443      20210225.000000 -11212.000000 -0.06       1.167300    -0.008500   -0.72       53.86       46.14       1.249800    0.001900    0.15        55.55       44.45       1.298900    0.001100    0.08        56.50       43.50
2026-05-28 06:30:00 UTCGUAUSDT     0.577100      76.24     102501      20178983.000000 -31242.000000 -0.15       1.036700    -0.130600   -11.19      50.90       49.10       1.229400    -0.020400   -1.63       55.15       44.85       1.194400    -0.104500   -8.05       54.43       45.57
2026-05-28 06:45:00 UTCGUAUSDT     0.590700      77.25     114606      20275279.000000 96296.000000  0.48        0.964600    -0.072100   -6.95       49.10       50.90       1.197800    -0.031600   -2.57       54.50       45.50       1.118600    -0.075800   -6.35       52.80       47.20
2026-05-28 07:00:00 UTCGUAUSDT     0.604200      78.24     91674       20137343.000000 -137936.000000-0.68       0.941000    -0.023600   -2.45       48.48       51.52       1.197300    -0.000500   -0.04       54.49       45.51       1.104800    -0.013800   -1.23       52.49       47.51
2026-05-28 07:15:00 UTCGUAUSDT     0.628900      79.96     104828      20280927.000000 143584.000000 0.71        0.908800    -0.032200   -3.42       47.61       52.39       1.181000    -0.016300   -1.36       54.15       45.85       1.078100    -0.026700   -2.42       51.88       48.12
2026-05-28 07:30:00 UTCGUAUSDT     0.578800      68.19     116769      19844066.000000 -436861.000000-2.15       0.885700    -0.023100   -2.54       46.97       53.03       1.164600    -0.016400   -1.39       53.80       46.20       1.052500    -0.025600   -2.37       51.28       48.72
2026-05-28 07:45:00 UTCGUAUSDT     0.586500      68.95     64734       19570907.000000 -273159.000000-1.38       0.855600    -0.030100   -3.40       46.11       53.89       1.162300    -0.002300   -0.20       53.75       46.25       0.966600    -0.085900   -8.16       49.15       50.85
2026-05-28 08:00:00 UTCGUAUSDT     0.579300      67.34     84253       19628946.000000 58039.000000  0.30        0.826800    -0.028800   -3.37       45.26       54.74       1.176300    0.014000    1.20        54.05       45.95       0.944400    -0.022200   -2.30       48.57       51.43
2026-05-28 08:15:00 UTCGUAUSDT     0.596500      69.19     45665       19627870.000000 -1076.000000  -0.01       0.812900    -0.013900   -1.68       44.84       55.16       1.158700    -0.017600   -1.50       53.68       46.32       0.919800    -0.024600   -2.60       47.91       52.09
2026-05-28 08:30:00 UTCGUAUSDT     0.609900      70.59     44646       20015604.000000 387734.000000 1.98        0.816200    0.003300    0.41        44.94       55.06       1.164400    0.005700    0.49        53.80       46.20       0.930500    0.010700    1.16        48.20       51.80
2026-05-28 08:45:00 UTCGUAUSDT     0.626100      72.23     53884       20048287.000000 32683.000000  0.16        0.816500    0.000300    0.04        44.95       55.05       1.166600    0.002200    0.19        53.84       46.16       0.938700    0.008200    0.88        48.42       51.58
2026-05-28 09:00:00 UTCGUAUSDT     0.609900      68.13     55607       20180686.000000 132399.000000 0.66        0.811900    -0.004600   -0.56       44.81       55.19       1.162500    -0.004100   -0.35       53.76       46.24       0.954300    0.015600    1.66        48.83       51.17
2026-05-28 09:15:00 UTCGUAUSDT     0.629700      70.35     38187       19967922.000000 -212764.000000-1.05       0.807000    -0.004900   -0.60       44.66       55.34       1.152000    -0.010500   -0.90       53.53       46.47       0.933500    -0.020800   -2.18       48.28       51.72
2026-05-28 09:30:00 UTCGUAUSDT     0.599400      63.12     100963      19957359.000000 -10563.000000 -0.05       0.781300    -0.025700   -3.18       43.86       56.14       1.144300    -0.007700   -0.67       53.36       46.64       0.900400    -0.033100   -3.55       47.38       52.62
2026-05-28 09:45:00 UTCGUAUSDT     0.601500      63.40     28633       19670975.000000 -286384.000000-1.43       0.775300    -0.006000   -0.77       43.67       56.33       1.124200    -0.020100   -1.76       52.92       47.08       0.872700    -0.027700   -3.08       46.60       53.40
2026-05-28 10:00:00 UTCGUAUSDT     0.595000      61.83     24681       19883017.000000 212042.000000 1.08        0.766200    -0.009100   -1.17       43.38       56.62       1.134200    0.010000    0.89        53.14       46.86       0.868100    -0.004600   -0.53       46.47       53.53
2026-05-28 10:15:00 UTCGUAUSDT     0.600400      62.66     28775       19901182.000000 18165.000000  0.09        0.758100    -0.008100   -1.06       43.12       56.88       1.139300    0.005100    0.45        53.26       46.74       0.857400    -0.010700   -1.23       46.16       53.84
2026-05-28 10:30:00 UTCGUAUSDT     0.594500      61.10     28169       19863874.000000 -37308.000000 -0.19       0.765800    0.007700    1.02        43.37       56.63       1.128100    -0.011200   -0.98       53.01       46.99       0.868800    0.011400    1.33        46.49       53.51
2026-05-28 10:45:00 UTCGUAUSDT     0.609700      63.61     48384       19780368.000000 -83506.000000 -0.42       0.757500    -0.008300   -1.08       43.10       56.90       1.132300    0.004200    0.37        53.10       46.90       0.853900    -0.014900   -1.72       46.06       53.94
2026-05-28 11:00:00 UTCGUAUSDT     0.625600      66.07     51511       19823040.000000 42672.000000  0.22        0.755600    -0.001900   -0.25       43.04       56.96       1.154100    0.021800    1.93        53.58       46.42       0.840600    -0.013300   -1.56       45.67       54.33
2026-05-28 11:15:00 UTCGUAUSDT     0.688500      73.67     124160      19866685.000000 43645.000000  0.22        0.758100    0.002500    0.33        43.12       56.88       1.147000    -0.007100   -0.62       53.42       46.58       0.866700    0.026100    3.10        46.43       53.57
2026-05-28 11:30:00 UTCGUAUSDT     0.707600      75.47     78720       19622175.000000 -244510.000000-1.23       0.761800    0.003700    0.49        43.24       56.76       1.150100    0.003100    0.27        53.49       46.51       0.886100    0.019400    2.24        46.98       53.02
2026-05-28 11:45:00 UTCGUAUSDT     0.709200      75.62     87460       20100257.000000 478082.000000 2.44        0.762100    0.000300    0.04        43.25       56.75       1.144300    -0.005800   -0.50       53.36       46.64       0.890400    0.004300    0.49        47.10       52.90
2026-05-28 12:00:00 UTCGUAUSDT     0.693700      71.08     83161       20080711.000000 -19546.000000 -0.10       0.754100    -0.008000   -1.05       42.99       57.01       1.120600    -0.023700   -2.07       52.84       47.16       0.874800    -0.015600   -1.75       46.66       53.34
2026-05-28 12:15:00 UTCGUAUSDT     0.714800      73.42     53012       19794466.000000 -286245.000000-1.43       0.753500    -0.000600   -0.08       42.97       57.03       1.116200    -0.004400   -0.39       52.75       47.25       0.873400    -0.001400   -0.16       46.62       53.38
2026-05-28 12:30:00 UTCGUAUSDT     0.700900      69.44     31763       19894520.000000 100054.000000 0.51        0.740000    -0.013500   -1.79       42.53       57.47       1.111200    -0.005000   -0.45       52.63       47.37       0.870200    -0.003200   -0.37       46.53       53.47
2026-05-28 12:45:00 UTCGUAUSDT     0.690900      66.64     31338       19924346.000000 29826.000000  0.15        0.747300    0.007300    0.99        42.77       57.23       1.106000    -0.005200   -0.47       52.52       47.48       0.865300    -0.004900   -0.56       46.39       53.61
2026-05-28 13:00:00 UTCGUAUSDT     0.616600      50.38     169073      19904583.000000 -19763.000000 -0.10       0.739400    -0.007900   -1.06       42.51       57.49       1.103600    -0.002400   -0.22       52.46       47.54       0.841300    -0.024000   -2.77       45.69       54.31
2026-05-28 13:15:00 UTCGUAUSDT     0.635700      53.52     242594      18977268.000000 -927315.000000-4.66       0.723500    -0.015900   -2.15       41.98       58.02       1.116900    0.013300    1.21        52.76       47.24       0.776500    -0.064800   -7.70       43.71       56.29
2026-05-28 13:30:00 UTCGUAUSDT     0.654300      56.41     89959       18872072.000000 -105196.000000-0.55       0.699800    -0.023700   -3.28       41.17       58.83       1.113600    -0.003300   -0.30       52.69       47.31       0.734600    -0.041900   -5.40       42.35       57.65
2026-05-28 13:45:00 UTCGUAUSDT     0.625600      51.12     151389      19060484.000000 188412.000000 1.00        0.677300    -0.022500   -3.22       40.38       59.62       1.097200    -0.016400   -1.47       52.32       47.68       0.716700    -0.017900   -2.44       41.75       58.25
2026-05-28 14:00:00 UTCGUAUSDT     0.674700      58.32     99166       18454964.000000 -605520.000000-3.18       0.710000    0.032700    4.83        41.52       58.48       1.107900    0.010700    0.98        52.56       47.44       0.750100    0.033400    4.66        42.86       57.14
2026-05-28 14:15:00 UTCGUAUSDT     0.700900      61.57     67759       18842130.000000 387166.000000 2.10        0.679300    -0.030700   -4.32       40.45       59.55       1.097400    -0.010500   -0.95       52.32       47.68       0.731600    -0.018500   -2.47       42.25       57.75
2026-05-28 14:30:00 UTCGUAUSDT     0.702300      61.74     74357       18810717.000000 -31413.000000 -0.17       0.686100    0.006800    1.00        40.69       59.31       1.103200    0.005800    0.53        52.45       47.55       0.744900    0.013300    1.82        42.69       57.31
2026-05-28 14:45:00 UTCGUAUSDT     0.731600      65.24     105046      18794513.000000 -16204.000000 -0.09       0.656500    -0.029600   -4.31       39.63       60.37       1.090200    -0.013000   -1.18       52.16       47.84       0.712000    -0.032900   -4.42       41.59       58.41
2026-05-28 15:00:00 UTCGUAUSDT     0.720200      62.83     97175       18845762.000000 51249.000000  0.27        0.632100    -0.024400   -3.72       38.73       61.27       1.092900    0.002700    0.25        52.22       47.78       0.694300    -0.017700   -2.49       40.98       59.02
2026-05-28 15:15:00 UTCGUAUSDT     0.723400      63.24     2196        0.000000        -18845762.000000-100.00     0.000000    -0.632100   -100.00     0.00        0.00        0.000000    -1.092900   -100.00     0.00        0.00        0.718500    0.024200    3.49        41.81       58.19

==============================================================================================================
LAST SNAPSHOT
==============================================================================================================
Time                : 2026-05-28 15:15:00 UTC
Symbol              : GUAUSDT
Close               : 0.723400
RSI(14)            : 63.24
Number of Trades    : 2196
Volume              : 157560.000000
Quote Volume        : 113825.886900

Open Interest       : 0.000000
OI Change           : -18845762.000000
OI Change %         : -100.00%
OI Value            : 0.000000

Top Acco L/S Ratio  : 0.000000
Top Acco L/S Change : -0.632100
Top Acco Chg %      : -100.00%
Top Acco Long %     : 0.00
Top Acco Short %    : 0.00

Top Posit L/S Ratio : 0.000000
Top Posit L/S Change: -1.092900
Top Posit Chg %     : -100.00%
Top Posit Long %    : 0.00
Top Posit Short %   : 0.00

Global L/S Ratio    : 0.718500
Global L/S Change   : 0.024200
Global Chg %        : 3.49%
Global Long %       : 41.81
Global Short %      : 58.19

[Program finished]
