code_version,timestamp,time,symbol,open_time,open_time_str,close_time,close_time_str,is_closed_candle,open,high,low,close,close_change,close_change_pct,rsi,mark_open,mark_high,mark_low,mark_close,mark_close_change,mark_close_change_pct,mark_close_time,mark_close_time_str,mark_last_close_spread,mark_last_close_spread_pct,premium_index_open,premium_index_high,premium_index_low,premium_index_close,premium_index_close_change,premium_index_close_change_pct,premium_index_close_time,premium_index_close_time_str,number_of_trades,trades_change,trades_change_pct,volume,volume_change,volume_change_pct,quote_volume,quote_volume_change,quote_volume_change_pct,quote_volume_source,avg_base_per_trade,avg_quote_per_trade,price_range,price_range_pct,candle_body,candle_body_pct,candle_body_abs,candle_body_abs_pct,upper_wick,upper_wick_pct_of_range,lower_wick,lower_wick_pct_of_range,close_location_in_range,taker_buy_base_volume,taker_sell_base_volume,taker_buy_base_pct,taker_sell_base_pct,taker_buy_quote_volume,taker_buy_quote_change,taker_buy_quote_change_pct,taker_sell_quote_volume,taker_sell_quote_change,taker_sell_quote_change_pct,taker_buy_quote_pct,taker_sell_quote_pct,taker_buy_sell_base_ratio,taker_buy_sell_quote_ratio,taker_quote_imbalance,taker_quote_imbalance_pct,oi,oi_value,oi_change,oi_change_pct,oi_value_change,oi_value_change_pct,acco_ls_ratio,acco_ls_change,acco_ls_change_pct,acco_long_pct,acco_short_pct,posit_ls_ratio,posit_ls_change,posit_ls_change_pct,posit_long_pct,posit_short_pct,global_ls_ratio,global_ls_change,global_ls_change_pct,global_long_pct,global_short_pct,acco_posit_ls_spread,global_acco_ls_spread,global_posit_ls_spread,funding_time,funding_time_str,funding_rate,mark_price_at_funding
FINAL_REAL_MARK_PREMIUM_CLOSED_GUARD_2026_06_13,1782303300000,2026-06-24 12:15:00 UTC,HEIUSDT,1782303300000,2026-06-24 12:15:00 UTC,1782304199999,2026-06-24 12:29:59 UTC,True,0.12792,0.13114,0.12726,0.12766,,,54.27455926177283,0.12798,0.13102355,0.12737173,0.12747371,,,1782304199999,2026-06-24 12:29:59 UTC,0.00018629000000000562,0.14613993740356787,0.0,0.00292837,-0.00351012,0.00010031,,,1782304199999,2026-06-24 12:29:59 UTC,42394,,,17012135.2,,,2194769.432746,,,binance_kline_quote_asset_volume,401.2863895834316,51.770756067981324,0.0038799999999999946,3.0331457160725406,-0.0002600000000000102,-0.2032520325203332,0.0002600000000000102,0.2032520325203332,0.0032200000000000006,82.98969072164962,0.0003999999999999837,10.309278350515058,0.10309278350515058,8565499.1,8446636.1,50.349347682118115,49.650652317881885,1105550.339168,,,1089219.093578,,,50.372049230920055,49.627950769079945,1.0140722292984778,1.0149935359068607,16331.245589999948,0.7440984618401124,54254214.1,6943454.320518,,,,,0.6807,,,40.5,59.5,1.051,,,51.239999999999995,48.76,0.6918,,,40.89,59.11,0.37029999999999996,0.011099999999999999,-0.35919999999999996,1782302400005,2026-06-24 12:00:00 UTC,-0.00059097,0.1269135
FINAL_REAL_MARK_PREMIUM_CLOSED_GUARD_2026_06_13,1782304200000,2026-06-24 12:30:00 UTC,HEIUSDT,1782304200000,2026-06-24 12:30:00 UTC,1782305099999,2026-06-24 12:44:59 UTC,True,0.1276,0.1307,0.12709,0.12877,0.0011099999999999999,0.8694971016763278,56.255749573037924,0.12747371,0.13052957,0.12728248,0.12853917,0.001065460000000018,0.8358272462612236,1782305099999,2026-06-24 12:44:59 UTC,0.00023082999999998743,0.17957950094122083,0.00043249,0.00172366,-0.00229255,0.0004292,0.00032889000000000003,327.8735918652179,1782305099999,2026-06-24 12:44:59 UTC,32910,-9484.0,-22.37109024862009,12451307.4,-4560827.799999999,-26.809261426513935,1603177.017557,-591592.4151890001,-26.954649830748977,binance_kline_quote_asset_volume,378.34419325433,48.713978047918566,0.003610000000000002,2.829153605015676,0.0011700000000000044,0.9169278996865239,0.0011700000000000044,0.9169278996865239,0.001930000000000015,53.46260387811673,0.0005099999999999827,14.127423822714194,0.46537396121883273,6081418.7,6369888.7,48.8416075889348,51.1583924110652,783106.565926,-322443.773242,-29.16590604862555,820070.451631,-269148.64194700005,-24.710239063370405,48.84716767705018,51.15283232294981,0.9547134944445733,0.954925963212692,-36963.88570500002,-2.30566464589964,54447526.9,6940628.2542678,193312.79999999702,0.35630928068313317,-2826.0662502003834,-0.04070115708616848,0.6918,0.011099999999999999,1.6306743058616129,40.89,59.11,1.0608,0.009800000000000031,0.9324452901998128,51.470000000000006,48.53,0.7079,0.016100000000000003,2.3272622145128654,41.449999999999996,58.550000000000004,0.369,0.016100000000000003,-0.3529,1782302400005,2026-06-24 12:00:00 UTC,-0.00059097,0.1269135
FINAL_REAL_MARK_PREMIUM_CLOSED_GUARD_2026_06_13,1782305100000,2026-06-24 12:45:00 UTC,HEIUSDT,1782305100000,2026-06-24 12:45:00 UTC,1782305999999,2026-06-24 12:59:59 UTC,True,0.1287,0.12886,0.12559,0.12599,-0.0027800000000000047,-2.1588879397375202,50.36945432741902,0.1286106,0.1287651,0.12568,0.12591131,-0.0026278600000000096,-2.044404052087787,1782305999999,2026-06-24 12:59:59 UTC,7.868999999999238e-05,0.062496371453837136,0.00072555,0.00301854,-0.00348521,0.0,-0.0004292,-100.0,1782305999999,2026-06-24 12:59:59 UTC,37465,4555.0,13.840777879064115,16341702.6,3890395.1999999993,31.244873128744686,2076823.070016,473646.0524589999,29.544214224126357,binance_kline_quote_asset_volume,436.1858427866008,55.43368664129187,0.003269999999999995,2.5407925407925367,-0.002710000000000018,-2.1056721056721193,0.002710000000000018,2.1056721056721193,0.00015999999999999348,4.892966360856077,0.0003999999999999837,12.232415902140193,0.12232415902140192,7765913.8,8575788.8,47.52206052262877,52.47793947737123,986969.032774,203862.46684799995,26.03253193349729,1089854.037242,269783.58561099996,32.89761081800227,47.52301951106486,52.47698048893513,0.905562622997432,0.9055974461237376,-102885.00446800003,-4.953960977870272,54731821.7,7035182.93390599,284294.80000000447,0.522144560435498,94554.6796381902,1.3623360331976924,0.6895,-0.0022999999999999687,-0.3324660306446905,40.81,59.19,1.0738,0.013000000000000123,1.225490196078443,51.78,48.22,0.7013,-0.006599999999999939,-0.9323350755756377,41.22,58.78,0.3843000000000001,0.011800000000000033,-0.37250000000000005,1782302400005,2026-06-24 12:00:00 UTC,-0.00059097,0.1269135
FINAL_REAL_MARK_PREMIUM_CLOSED_GUARD_2026_06_13,1782306000000,2026-06-24 13:00:00 UTC,HEIUSDT,1782306000000,2026-06-24 13:00:00 UTC,1782306899999,2026-06-24 13:14:59 UTC,True,0.12601,0.12695,0.12422,0.12501,-0.0009799999999999809,-0.7778395110722922,48.44507483453547,0.12598939,0.12685648,0.1243209,0.12494492,-0.0009663899999999975,-0.7675164367680691,1782306899999,2026-06-24 13:14:59 UTC,6.508000000000902e-05,0.05208695159435776,-2.901e-05,0.00238609,-0.0031498,0.0,0.0,,1782306899999,2026-06-24 13:14:59 UTC,33731,-3734.0,-9.966635526491393,14230424.1,-2111278.5,-12.919574855070486,1783168.410245,-293654.65977100004,-14.139608906055617,binance_kline_quote_asset_volume,421.8796982004684,52.86438025095609,0.00273000000000001,2.166494722641068,-0.0010000000000000009,-0.7935878104912315,0.0010000000000000009,0.7935878104912315,0.0009399999999999964,34.43223443223417,0.0007900000000000129,28.9377289377293,0.289377289377293,6534692.4,7695731.699999999,45.9205737937213,54.079426206278704,819190.173254,-167778.85951999994,-16.99940463668211,963978.2369909999,-125875.8002510001,-11.549785195964697,45.940146121220636,54.059853878779364,0.8491320454947775,0.8498015222947904,-144788.06373699987,-8.119707757558727,55137526.2,6942438.15400132,405704.5,0.7412589009439091,-92744.77990467008,-1.318299478151273,0.6935,0.0040000000000000036,0.5801305293691086,40.949999999999996,59.050000000000004,1.0506,-0.02320000000000011,-2.1605513130936957,51.23,48.77,0.7004,-0.0009000000000000119,-0.12833309567945414,41.19,58.809999999999995,0.3571,0.006900000000000017,-0.35019999999999996,1782302400005,2026-06-24 12:00:00 UTC,-0.00059097,0.1269135
FINAL_REAL_MARK_PREMIUM_CLOSED_GUARD_2026_06_13,1782306900000,2026-06-24 13:15:00 UTC,HEIUSDT,1782306900000,2026-06-24 13:15:00 UTC,1782307799999,2026-06-24 13:29:59 UTC,True,0.12501,0.1277,0.11946,0.1199,-0.005110000000000003,-4.08767298616111,39.88767694279298,0.12494493,0.12747533,0.1195,0.11987892,-0.005066000000000001,-4.054586613045173,1782307799999,2026-06-24 13:29:59 UTC,2.108000000000665e-05,0.01758440933569192,0.0,0.00335922,-0.00303982,0.00087503,0.00087503,,1782307799999,2026-06-24 13:29:59 UTC,46496,12765.0,37.843526726156945,22378208.4,8147784.299999999,57.25608908591838,2770184.02416,987015.6139150001,55.351788885682886,binance_kline_quote_asset_volume,481.2931951135581,59.5789750550585,0.008240000000000011,6.591472682185434,-0.005110000000000003,-4.08767298616111,0.005110000000000003,4.08767298616111,0.002689999999999998,32.6456310679611,0.00044000000000000983,5.339805825242831,0.053398058252428306,10346205.6,12032002.799999999,46.23339552061728,53.76660447938272,1282486.276419,463296.103165,56.555378505663455,1487697.747741,523719.51075000013,54.32897659440519,46.29606788696599,53.703932113034,0.8598905578712133,0.8620610459123138,-205211.47132200003,-7.407864226068018,55254883.4,6903816.98602233,117357.19999999553,0.2128445145948451,-38621.16797898989,-0.5563055388074336,0.6661,-0.02739999999999998,-3.9509733237202567,39.98,60.019999999999996,1.0535,0.0029000000000001247,0.27603274319437704,51.300000000000004,48.699999999999996,0.6658,-0.034600000000000075,-4.940034266133648,39.97,60.029999999999994,0.3874000000000001,-0.000300000000000078,-0.38770000000000016,1782302400005,2026-06-24 12:00:00 UTC,-0.00059097,0.1269135
FINAL_REAL_MARK_PREMIUM_CLOSED_GUARD_2026_06_13,1782307800000,2026-06-24 13:30:00 UTC,HEIUSDT,1782307800000,2026-06-24 13:30:00 UTC,1782308699999,2026-06-24 13:44:59 UTC,True,0.11989,0.12234,0.1188,0.12081,0.0009099999999999941,0.7589658048373595,41.857340997862735,0.11984274,0.12226242,0.11903575,0.12077214,0.0008932200000000001,0.7451018077239936,1782308699999,2026-06-24 13:44:59 UTC,3.786000000000067e-05,0.03134828943165259,-5.666e-05,0.00306543,-0.00307999,-5.14e-05,-0.00092643,-105.87408431710914,1782308699999,2026-06-24 13:44:59 UTC,44837,-1659.0,-3.5680488644184445,20112964.2,-2265244.1999999993,-10.122544930808667,2433441.395864,-336742.62829599995,-12.155966006558357,binance_kline_quote_asset_volume,448.57961505007023,54.273064564176906,0.0035400000000000015,2.9527066477604484,0.0009200000000000041,0.7673700892484813,0.0009200000000000041,0.7673700892484813,0.0015300000000000036,43.22033898305093,0.0010899999999999938,30.790960451977213,0.5677966101694907,10296553.8,9816410.399999999,51.193616702206434,48.806383297793566,1246718.917624,-35767.35879500001,-2.788907721872143,1186722.47824,-300975.26950099994,-20.230942068576557,51.23274880352518,48.76725119647482,1.0489123193137893,1.0505564194528272,59996.43938399991,2.4654976070503647,53921627.4,6464066.45735441,-1333256.0,-2.412919760138341,-439750.52866792027,-6.3696724516054255,0.7307,0.06459999999999999,9.698243506980932,42.22,57.78,1.0726,0.019099999999999895,1.8130042714760222,51.74999999999999,48.25,0.6889,0.02310000000000001,3.4695103634725157,40.79,59.209999999999994,0.3419,-0.04180000000000006,-0.38370000000000004,1782302400005,2026-06-24 12:00:00 UTC,-0.00059097,0.1269135
FINAL_REAL_MARK_PREMIUM_CLOSED_GUARD_2026_06_13,1782308700000,2026-06-24 13:45:00 UTC,HEIUSDT,1782308700000,2026-06-24 13:45:00 UTC,1782309599999,2026-06-24 13:59:59 UTC,True,0.12082,0.12543,0.12054,0.12309,0.0022800000000000042,1.887260988328784,46.58024059818181,0.12077214,0.12521555,0.12076951,0.12315895,0.002386810000000003,1.9762918832108158,1782309599999,2026-06-24 13:59:59 UTC,-6.894999999999818e-05,-0.05598456303825112,0.0,0.0041352,-0.00267785,-0.00027846,-0.00022706,441.7509727626459,1782309599999,2026-06-24 13:59:59 UTC,39709,-5128.0,-11.436982848986329,16751392.8,-3361571.3999999985,-16.713455891300192,2062053.033898,-371388.3619660002,-15.26185765546812,binance_kline_quote_asset_volume,421.8538064418646,51.92911012359918,0.004890000000000019,4.047343155106786,0.002270000000000008,1.878828008607853,0.002270000000000008,1.878828008607853,0.0023400000000000087,47.85276073619631,0.00028000000000000247,5.725971370143177,0.5214723926380369,9206474.1,7544918.700000001,54.9594544759287,45.04054552407129,1133661.860622,-113057.05700200005,-9.068367809599334,928391.173276,-258331.30496400013,-21.768468171861475,54.977337730202954,45.02266226979704,1.2202217765447887,1.221103661101887,205270.687346,9.954675460405921,53251430.3,6431289.19539184,-670197.1000000015,-1.2429096307282474,-32777.26196256932,-0.5070687651312342,0.7473,0.016599999999999948,2.2717941699739903,42.77,57.230000000000004,1.1053,0.03269999999999995,3.048666790975196,52.5,47.5,0.7159,0.027000000000000024,3.9192916243286433,41.72,58.28,0.358,-0.031399999999999983,-0.38939999999999997,1782302400005,2026-06-24 12:00:00 UTC,-0.00059097,0.1269135
FINAL_REAL_MARK_PREMIUM_CLOSED_GUARD_2026_06_13,1782309600000,2026-06-24 14:00:00 UTC,HEIUSDT,1782309600000,2026-06-24 14:00:00 UTC,1782310499999,2026-06-24 14:14:59 UTC,True,0.1232,0.12459,0.12114,0.12225,-0.0008400000000000074,-0.6824274920789726,45.12589125494434,0.12315895,0.12462378,0.121446,0.12227,-0.0008889499999999995,-0.7217908239717856,1782310499999,2026-06-24 14:14:59 UTC,-2.0000000000006124e-05,-0.01635724216897532,0.0,0.00221162,-0.00384214,-0.00073959,-0.00046113,165.60008618832148,1782310499999,2026-06-24 14:14:59 UTC,36544,-3165.0,-7.97048528041502,13546348.9,-3205043.9000000004,-19.132999496018027,1664726.520092,-397326.5138059999,-19.268491511826642,binance_kline_quote_asset_volume,370.6859922285464,45.55403130724606,0.0034500000000000086,2.800324675324682,-0.0009500000000000064,-0.7711038961039013,0.0009500000000000064,0.7711038961039013,0.0013900000000000023,40.28985507246374,0.0011099999999999999,32.17391304347817,0.32173913043478175,6685127.7,6861221.2,49.35003335105299,50.64996664894701,822417.637419,-311244.2232029999,-27.45476707068819,842308.882673,-86082.29060299997,-9.272200456111909,49.402567178034126,50.59743282196588,0.9743349624116476,0.9763848563594905,-19891.24525399995,-1.1948656439317535,52676746.7,6487612.81298797,-574683.599999994,-1.079189041050028,56323.61759612989,0.875774916738109,0.7612,0.013900000000000023,1.8600294393148702,43.22,56.779999999999994,1.0986,-0.006699999999999928,-0.6061702705147859,52.349999999999994,47.65,0.7256,0.009700000000000042,1.35493784048052,42.05,57.95,0.33740000000000003,-0.035599999999999965,-0.373,1782302400005,2026-06-24 12:00:00 UTC,-0.00059097,0.1269135
FINAL_REAL_MARK_PREMIUM_CLOSED_GUARD_2026_06_13,1782310500000,2026-06-24 14:15:00 UTC,HEIUSDT,1782310500000,2026-06-24 14:15:00 UTC,1782311399999,2026-06-24 14:29:59 UTC,True,0.12228,0.12334,0.12049,0.12213,-0.00011999999999999511,-0.09815950920244998,44.91016732264504,0.1222923,0.12303842,0.12066604,0.12210564,-0.00016436000000000228,-0.1344238161445999,1782311399999,2026-06-24 14:29:59 UTC,2.4360000000001047e-05,0.019949938430363287,0.0,0.00278176,-0.00266195,-0.0007555,-1.5909999999999948e-05,2.1511918765802602,1782311399999,2026-06-24 14:29:59 UTC,31791,-4753.0,-13.006239054290718,11142465.4,-2403883.5,-17.745619264243224,1356551.617132,-308174.9029600001,-18.51204382464989,binance_kline_quote_asset_volume,350.4911893303136,42.67093256368154,0.0028500000000000053,2.330716388616295,-0.00014999999999999736,-0.12266928361138155,0.00014999999999999736,0.12266928361138155,0.0010600000000000054,37.19298245614047,0.0016400000000000026,57.54385964912279,0.5754385964912279,5706028.0,5436437.4,51.20974394051069,48.79025605948931,695196.720461,-127220.91695800005,-15.469137719037555,661354.8966709999,-180953.98600200005,-21.483091265493606,51.24734744194799,48.75265255805202,1.0495895712879908,1.0511704441296896,33841.82379000005,2.4946948838959706,52790881.7,6453685.287825,114135.0,0.2166705560804878,-33927.52516297065,-0.522958538694679,0.7652,0.0040000000000000036,0.5254860746190231,43.35,56.65,1.097,-0.0016000000000000458,-0.14563990533406568,52.31,47.69,0.7221,-0.0035000000000000586,-0.4823594266813752,41.93,58.07,0.3318,-0.04310000000000003,-0.3749,1782302400005,2026-06-24 12:00:00 UTC,-0.00059097,0.1269135
FINAL_REAL_MARK_PREMIUM_CLOSED_GUARD_2026_06_13,1782311400000,2026-06-24 14:30:00 UTC,HEIUSDT,1782311400000,2026-06-24 14:30:00 UTC,1782312299999,2026-06-24 14:44:59 UTC,True,0.12212,0.12457,0.12127,0.12345,0.0013200000000000017,1.0808155244411706,47.862723987745056,0.12213,0.12435587,0.12134026,0.12362,0.0015143599999999924,1.2402047931610631,1782312299999,2026-06-24 14:44:59 UTC,-0.0001699999999999896,-0.1375182009383511,-0.00062386,0.00281387,-0.00269354,-0.00032222,0.00043327999999999997,-57.350099272005295,1782312299999,2026-06-24 14:44:59 UTC,26160,-5631.0,-17.712560158535435,10172026.6,-970438.8000000007,-8.709372344113365,1250505.508885,-106046.10824700003,-7.817329389293793,binance_kline_quote_asset_volume,388.8389373088685,47.80219835187309,0.0032999999999999974,2.702260072060266,0.0013299999999999979,1.0890926957091367,0.0013299999999999979,1.0890926957091367,0.001119999999999996,33.939393939393845,0.0008500000000000035,25.757575757575886,0.6606060606060615,5312101.2,4859925.399999999,52.22264361754618,47.77735638245381,653104.589776,-42092.13068499998,-6.054707890032591,597400.9191089999,-63953.977562000044,-9.670145013504728,52.22724611252083,47.77275388747916,1.0930417162370436,1.0932433628493239,55703.670667000115,4.4544922250416725,52567756.0,6418819.48974384,-223125.70000000298,-0.42265954425232294,-34865.79808115959,-0.540246332540178,0.7587,-0.00649999999999995,-0.8494511238891728,43.14,56.86,1.094,-0.0029999999999998916,-0.2734731084776565,52.239999999999995,47.760000000000005,0.7027,-0.019399999999999973,-2.6866085029774234,41.27,58.730000000000004,0.33530000000000004,-0.05600000000000005,-0.3913000000000001,1782302400005,2026-06-24 12:00:00 UTC,-0.00059097,0.1269135
FINAL_REAL_MARK_PREMIUM_CLOSED_GUARD_2026_06_13,1782312300000,2026-06-24 14:45:00 UTC,HEIUSDT,1782312300000,2026-06-24 14:45:00 UTC,1782313199999,2026-06-24 14:59:59 UTC,True,0.12347,0.12457,0.12159,0.12366,0.00021000000000000185,0.1701093560145823,48.33711395794988,0.12352,0.12451114,0.12176,0.12369,7.000000000000062e-05,0.05662514156285441,1782313199999,2026-06-24 14:59:59 UTC,-2.999999999998837e-05,-0.024254183846704157,-0.00094228,0.00198613,-0.0037543,-0.00014666,0.00017556,-54.484513686301284,1782313199999,2026-06-24 14:59:59 UTC,27681,1521.0,5.814220183486238,9687368.2,-484658.4000000004,-4.764619864442749,1194642.535959,-55862.9729259999,-4.467231254007792,binance_kline_quote_asset_volume,349.9645316281926,43.157491996640296,0.0029799999999999965,2.413541751032637,0.0001900000000000096,0.15388353446182038,0.0001900000000000096,0.15388353446182038,0.0009099999999999941,30.53691275167769,0.0018799999999999928,63.08724832214748,0.6946308724832231,4964620.9,4722747.299999999,51.24839685560833,48.75160314439167,612465.262431,-40639.327345,-6.222483807522829,582177.273528,-15223.645580999902,-2.54831304975315,51.2676590691912,48.732340930808796,1.0512145970630276,1.0520253714464918,30287.98890300002,2.535318138382401,52913577.1,6534826.77185,345821.1000000015,0.6578578320900772,116007.28210616019,1.8072993373862545,0.7593,0.0005999999999999339,0.07908264136021272,43.16,56.84,1.0994,0.005399999999999849,0.4936014625228381,52.370000000000005,47.63,0.7132,0.010499999999999954,1.4942365162942868,41.63,58.37,0.34009999999999996,-0.04610000000000003,-0.3862,1782302400005,2026-06-24 12:00:00 UTC,-0.00059097,0.1269135
FINAL_REAL_MARK_PREMIUM_CLOSED_GUARD_2026_06_13,1782313200000,2026-06-24 15:00:00 UTC,HEIUSDT,1782313200000,2026-06-24 15:00:00 UTC,1782314099999,2026-06-24 15:14:59 UTC,True,0.12367,0.1248,0.12104,0.12182,-0.0018400000000000083,-1.4879508329290054,44.51521786021732,0.12366,0.12479679,0.12133382,0.12193,-0.0017599999999999977,-1.4229121190071936,1782314099999,2026-06-24 15:14:59 UTC,-0.00010999999999999899,-0.09021569753136963,-0.00066705,0.00169895,-0.00407959,-0.00043689,-0.00029023,197.89308604936588,1782314099999,2026-06-24 15:14:59 UTC,32122,4441.0,16.043495538455982,11772942.4,2085574.2000000011,21.52880077377467,1443049.216696,248406.68073699996,20.793389927104123,binance_kline_quote_asset_volume,366.5071415229438,44.92401521374759,0.0037599999999999995,3.0403493167300066,-0.0018500000000000044,-1.4959165521145017,0.0018500000000000044,1.4959165521145017,0.0011299999999999921,30.053191489361495,0.0007800000000000029,20.744680851063908,0.2074468085106391,5815732.0,5957210.4,49.39913746626331,50.60086253373668,713196.436578,100731.17414699995,16.446838755748743,729852.780118,147675.50659,25.36607203766045,49.42287680325497,50.57712319674502,0.9762508975677608,0.9771784886024452,-16656.34354000003,-1.1542463934900524,53216172.3,6582308.351787,302595.19999999553,0.5718668375568877,47481.57993699983,0.7265927865377503,0.7516,-0.007699999999999929,-1.0140919267746515,42.91,57.089999999999996,1.0909,-0.008499999999999952,-0.773148990358373,52.17,47.83,0.71,-0.0031999999999999806,-0.44868199663488234,41.52,58.48,0.33929999999999993,-0.04160000000000008,-0.3809,1782302400005,2026-06-24 12:00:00 UTC,-0.00059097,0.1269135
FINAL_REAL_MARK_PREMIUM_CLOSED_GUARD_2026_06_13,1782314100000,2026-06-24 15:15:00 UTC,HEIUSDT,1782314100000,2026-06-24 15:15:00 UTC,1782314999999,2026-06-24 15:29:59 UTC,True,0.12186,0.12523,0.12184,0.12266,0.0008400000000000074,0.6895419471351235,46.591354209635874,0.12193,0.12477027,0.12187,0.12266,0.0007300000000000084,0.5987041745263745,1782314999999,2026-06-24 15:29:59 UTC,0.0,0.0,-0.00044803,0.00106675,-0.00337368,-0.00068605,-0.00024916,57.03037377829659,1782314999999,2026-06-24 15:29:59 UTC,29495,-2627.0,-8.178195629163813,11868637.5,95695.09999999963,0.8128392779701328,1465365.874005,22316.657309000148,1.5464931515015325,binance_kline_quote_asset_volume,402.3948974402441,49.68184010866249,0.003390000000000004,2.781880846873465,0.000800000000000009,0.6564910553093789,0.000800000000000009,0.6564910553093789,0.002570000000000003,75.81120943952801,1.9999999999992246e-05,0.5899705014746969,0.24188790560471984,6320740.5,5547897.0,53.25582233006948,46.74417766993052,780975.665866,67779.22928800003,9.503584960857728,684390.2081390001,-45462.571978999884,-6.229005796436051,53.295608947921714,46.70439105207829,1.1393038659513686,1.1411262998482048,96585.45772699988,6.591217895843418,52994416.3,6461609.179459,-221756.0,-0.4167079111775952,-120699.17232799996,-1.8336906428157822,0.7492,-0.0024000000000000687,-0.3193187865886201,42.83,57.17,1.0938,0.0029000000000001247,0.2658355486295833,52.239999999999995,47.760000000000005,0.7074,-0.0025999999999999357,-0.3661971830985825,41.43,58.57,0.34460000000000013,-0.04179999999999995,-0.3864000000000001,1782302400005,2026-06-24 12:00:00 UTC,-0.00059097,0.1269135
FINAL_REAL_MARK_PREMIUM_CLOSED_GUARD_2026_06_13,1782315000000,2026-06-24 15:30:00 UTC,HEIUSDT,1782315000000,2026-06-24 15:30:00 UTC,1782315899999,2026-06-24 15:44:59 UTC,True,0.12268,0.12292,0.11423,0.11789,-0.00477000000000001,-3.8887983042556744,37.91533246266483,0.12266,0.12284,0.11690317,0.11814,-0.00452000000000001,-3.684982879504329,1782315899999,2026-06-24 15:44:59 UTC,-0.0002500000000000002,-0.2116133401049604,-0.00070229,0.00600744,-0.00310924,-0.00112871,-0.00044266,64.52299395087822,1782315899999,2026-06-24 15:44:59 UTC,63975,34480.0,116.90116968977793,34600772.9,22732135.4,191.53112899437696,4089700.07934,2624334.205335,179.0907139226886,binance_kline_quote_asset_volume,540.8483454474404,63.92653504243845,0.008690000000000003,7.083469188131727,-0.004790000000000003,-3.904466905771114,0.004790000000000003,3.904466905771114,0.0002400000000000041,2.761795166858504,0.0036599999999999966,42.11737629459143,0.4211737629459143,15249328.5,19351444.4,44.07221926536791,55.92778073463208,1804899.414477,1023923.748611,131.1082781914341,2284800.664863,1600410.4567240002,233.84473326639937,44.13280630515762,55.86719369484238,0.7880201696985473,0.7899592477513675,-479901.25038600015,-11.734387389684748,53131724.9,6517137.376234,137308.6000000015,0.25910012712037644,55528.19677499961,0.859355544924008,0.7532,0.0040000000000000036,0.5339028296849979,42.96,57.04,1.1119,0.018100000000000005,1.654781495703054,52.65,47.349999999999994,0.7123,0.0049000000000000155,0.6926774102346642,41.6,58.4,0.35870000000000013,-0.040899999999999936,-0.39960000000000007,1782302400005,2026-06-24 12:00:00 UTC,-0.00059097,0.1269135
FINAL_REAL_MARK_PREMIUM_CLOSED_GUARD_2026_06_13,1782315900000,2026-06-24 15:45:00 UTC,HEIUSDT,1782315900000,2026-06-24 15:45:00 UTC,1782316799999,2026-06-24 15:59:59 UTC,True,0.11788,0.12043,0.11785,0.11895,0.0010600000000000054,0.8991432691492114,40.56405601076714,0.11803,0.1202,0.11792462,0.11908,0.0009400000000000103,0.7956661587946591,1782316799999,2026-06-24 15:59:59 UTC,-0.0001300000000000051,-0.10917030567686019,-0.00222355,0.00277187,-0.00278492,-0.00042802,0.00070069,-62.07883335843574,1782316799999,2026-06-24 15:59:59 UTC,29845,-34130.0,-53.34896443923408,12265381.8,-22335391.099999998,-64.55171150237513,1461318.640051,-2628381.439289,-64.26831768341239,binance_kline_quote_asset_volume,410.96940190986766,48.96359993469593,0.002579999999999999,2.1886664404479124,0.0010700000000000015,0.9077027485578567,0.0010700000000000015,0.9077027485578567,0.0014799999999999952,57.36434108527115,3.0000000000002247e-05,1.1627906976745062,0.42635658914728847,6148248.8,6117133.000000001,50.126843992740596,49.8731560072594,732892.776911,-1072006.637566,-59.394259257191464,728425.86314,-1556374.8017230001,-68.1186252112861,50.15283845865554,49.84716154134446,1.0050866639649652,1.0061322833208375,4466.913770999992,0.305676917311073,51597774.4,6095761.067616,-1533950.5,-2.887070771534466,-421376.3086179998,-6.465665587388565,0.7618,0.008600000000000052,1.1417950079660186,43.24,56.76,1.1391,0.02719999999999989,2.4462631531612455,53.25,46.75,0.6889,-0.023400000000000087,-3.28513266881933,40.79,59.209999999999994,0.37729999999999997,-0.07290000000000008,-0.45020000000000004,1782302400005,2026-06-24 12:00:00 UTC,-0.00059097,0.1269135
FINAL_REAL_MARK_PREMIUM_CLOSED_GUARD_2026_06_13,1782316800000,2026-06-24 16:00:00 UTC,HEIUSDT,1782316800000,2026-06-24 16:00:00 UTC,1782317699999,2026-06-24 16:14:59 UTC,True,0.11895,0.12224,0.11714,0.11715,-0.001799999999999996,-1.5132408575031493,37.62831106688638,0.11907451,0.12139,0.11725405,0.11725405,-0.0018259500000000067,-1.5333809203896596,1782317699999,2026-06-24 16:14:59 UTC,-0.00010404999999999442,-0.08873893908141717,-0.0014543,0.0012186,-0.00296527,-0.00080154,-0.00037352,87.2669501425167,1782317699999,2026-06-24 16:14:59 UTC,36560,6715.0,22.499581169375105,14924150.4,2658768.5999999996,21.677014571205596,1785987.159459,324668.51940799993,22.217503459523996,binance_kline_quote_asset_volume,408.20980306345734,48.8508522827954,0.005100000000000007,4.287515762925605,-0.001799999999999996,-1.5132408575031493,0.001799999999999996,1.5132408575031493,0.0032900000000000013,64.50980392156856,1.0000000000010001e-05,0.19607843137274483,0.0019607843137274482,8121363.4,6802787.0,54.41759284334202,45.58240715665797,973026.043599,240133.26668799995,32.765129395887186,812961.11586,84535.25271999999,11.605196492556816,54.48113321787503,45.51886678212497,1.1938288527922454,1.1968912468460111,160064.92773899995,8.962266435750065,51691409.4,6155413.031352,93635.0,0.1814710054625922,59651.96373600047,0.9785810676357407,0.7495,-0.012299999999999978,-1.6145970070884716,42.84,57.16,1.1361,-0.0029999999999998916,-0.26336581511718826,53.190000000000005,46.81,0.6812,-0.007699999999999929,-1.117723907678898,40.52,59.48,0.38660000000000005,-0.06830000000000003,-0.4549000000000001,1782302400005,2026-06-24 12:00:00 UTC,-0.00059097,0.1269135
FINAL_REAL_MARK_PREMIUM_CLOSED_GUARD_2026_06_13,1782317700000,2026-06-24 16:15:00 UTC,HEIUSDT,1782317700000,2026-06-24 16:15:00 UTC,1782318599999,2026-06-24 16:29:59 UTC,True,0.11715,0.12051,0.1171,0.12041,0.003259999999999999,2.7827571489543312,45.34353079406124,0.11725405,0.12037,0.11725405,0.12036861,0.0031145600000000023,2.6562494003405446,1782318599999,2026-06-24 16:29:59 UTC,4.139000000000226e-05,0.034386041344169595,-0.00188103,0.00102648,-0.0030793,0.0,0.00080154,-100.0,1782318599999,2026-06-24 16:29:59 UTC,24296,-12264.0,-33.544857768052516,10810726.2,-4113424.200000001,-27.562200123633176,1282627.072021,-503360.0874379999,-28.1838581409776,binance_kline_quote_asset_volume,444.95909614751395,52.7916970703408,0.0034100000000000102,2.9107981220657364,0.003259999999999999,2.7827571489543312,0.003259999999999999,2.7827571489543312,0.00010000000000000286,2.932551319648169,5.000000000000837e-05,1.4662756598242879,0.9706744868035183,6035203.4,4775522.799999999,55.82606837272412,44.17393162727588,716519.987068,-256506.05653099995,-26.36168458371812,566107.0849530001,-246854.03090699995,-30.364801721895716,55.8634698033466,44.1365301966534,1.2637785751959978,1.2656969080814235,150412.90211499995,11.726939606693197,50805474.1,5957147.60039511,-885935.299999997,-1.7138927150243208,-198265.43095688988,-3.220993131525766,0.7634,0.013899999999999912,1.8545697131420829,43.29,56.71000000000001,1.1555,0.019399999999999862,1.7075961623096436,53.61,46.39,0.6892,0.008000000000000007,1.1743981209630074,40.8,59.199999999999996,0.3921,-0.07419999999999993,-0.46629999999999994,1782316800003,2026-06-24 16:00:00 UTC,-3.06e-06,0.11907451
FINAL_REAL_MARK_PREMIUM_CLOSED_GUARD_2026_06_13,1782318600000,2026-06-24 16:30:00 UTC,HEIUSDT,1782318600000,2026-06-24 16:30:00 UTC,1782319499999,2026-06-24 16:44:59 UTC,True,0.12042,0.12128,0.11824,0.1192,-0.0012100000000000027,-1.0048999252553796,43.20719591709425,0.12036861,0.1212716,0.11843195,0.1192,-0.0011686100000000005,-0.970859429214976,1782319499999,2026-06-24 16:44:59 UTC,0.0,0.0,0.0,0.000725,-0.00278649,-0.00044947,-0.00044947,,1782319499999,2026-06-24 16:44:59 UTC,21085,-3211.0,-13.216167270332566,8326884.0,-2483842.1999999993,-22.975720169473902,997383.69597,-285243.3760510001,-22.23899543937974,binance_kline_quote_asset_volume,394.91980080626035,47.302997200379416,0.003040000000000001,2.5244975917621666,-0.0012199999999999989,-1.0131207440624472,0.0012199999999999989,1.0131207440624472,0.0008599999999999997,28.289473684210503,0.0009600000000000025,31.578947368421122,0.31578947368421123,4243165.0,4083719.0,50.95741696413688,49.04258303586311,508493.396657,-208026.590411,-29.032908246180945,488890.299313,-77216.78564000007,-13.639961006036666,50.98272597713436,49.017274022865635,1.0390443123045439,1.0400971288887235,19603.09734400001,1.9654519542687254,49297085.8,5933821.69479674,-1508388.3000000045,-2.9689483795211835,-23325.90559837036,-0.39156165270813936,0.7718,0.008400000000000074,1.100340581608603,43.56,56.44,1.1702,0.014699999999999935,1.272176546949367,53.92,46.08,0.6895,0.00029999999999996696,0.043528728961109535,40.81,59.19,0.39839999999999987,-0.08230000000000004,-0.4806999999999999,1782316800003,2026-06-24 16:00:00 UTC,-3.06e-06,0.11907451
FINAL_REAL_MARK_PREMIUM_CLOSED_GUARD_2026_06_13,1782319500000,2026-06-24 16:45:00 UTC,HEIUSDT,1782319500000,2026-06-24 16:45:00 UTC,1782320399999,2026-06-24 16:59:59 UTC,True,0.1192,0.12226,0.11818,0.11948,0.00028000000000000247,0.23489932885906248,43.866271511735874,0.1192,0.12181922,0.11853892,0.11935402,0.0001540200000000047,0.12921140939597708,1782320399999,2026-06-24 16:59:59 UTC,0.00012597999999999776,0.10555153483728302,-0.00045178,0.00282124,-0.00313337,0.0,0.00044947,-100.0,1782320399999,2026-06-24 16:59:59 UTC,30048,8963.0,42.50889257766185,12753104.7,4426220.699999999,53.15578672646334,1532271.260027,534887.564057,53.6290663481117,binance_kline_quote_asset_volume,424.424410942492,50.99411807864084,0.00408,3.422818791946309,0.00028000000000000247,0.23489932885906248,0.00028000000000000247,0.23489932885906248,0.002779999999999991,68.13725490196056,0.001020000000000007,25.00000000000017,0.31862745098039447,6759935.6,5993169.1,53.00619542471098,46.993804575289026,812884.633957,304391.2373,59.86139432707807,719386.62607,230496.326757,47.14683991089592,53.05096135149571,46.9490386485043,1.1279400743089327,1.1299690660052695,93498.00788699999,6.101922702991406,49267970.4,5872742.07168,-29115.39999999851,-0.05906109768459885,-61079.623116740026,-1.0293471266637424,0.7737,0.0019000000000000128,0.24617776626069096,43.62,56.379999999999995,1.1693,-0.0008999999999999009,-0.07690992992649982,53.900000000000006,46.1,0.6909,0.0013999999999999568,0.20304568527918154,40.86,59.14,0.39559999999999995,-0.0828000000000001,-0.47840000000000005,1782316800003,2026-06-24 16:00:00 UTC,-3.06e-06,0.11907451
FINAL_REAL_MARK_PREMIUM_CLOSED_GUARD_2026_06_13,1782320400000,2026-06-24 17:00:00 UTC,HEIUSDT,1782320400000,2026-06-24 17:00:00 UTC,1782321299999,2026-06-24 17:14:59 UTC,True,0.11947,0.12096,0.11807,0.11833,-0.0011499999999999982,-0.962504184800802,41.72457311014637,0.11959365,0.12093,0.1182486,0.11836361,-0.000990410000000011,-0.8298086650118788,1782321299999,2026-06-24 17:14:59 UTC,-3.360999999998948e-05,-0.028395551639553308,0.0,0.00083184,-0.00443146,-0.00147013,-0.00147013,,1782321299999,2026-06-24 17:14:59 UTC,23275,-6773.0,-22.540601703940364,8351634.2,-4401470.499999999,-34.51293315266203,999891.037141,-532380.222886,-34.74451533318056,binance_kline_quote_asset_volume,358.8242406015038,42.959872702083786,0.0028900000000000037,2.4190173265254904,-0.0011400000000000021,-0.9542144471415435,0.0011400000000000021,0.9542144471415435,0.0014899999999999913,51.557093425605174,0.0002600000000000102,8.996539792387885,0.08996539792387885,4270856.6,4080777.6000000006,51.137974888794815,48.862025111205185,511685.60663,-301199.027327,-37.05310873706746,488205.43051100004,-231181.19555899996,-32.13587620080455,51.1741367432464,48.8258632567536,1.0465791127651747,1.048094868781823,23480.176118999952,2.3482734864927974,48590834.1,5799511.38498808,-677136.299999997,-1.374394549851392,-73230.68669192027,-1.2469590150239878,0.7658,-0.007900000000000018,-1.0210675972599221,43.37,56.63,1.1496,-0.01970000000000005,-1.68476866501326,53.480000000000004,46.52,0.6903,-0.0005999999999999339,-0.0868432479374633,40.839999999999996,59.160000000000004,0.3837999999999999,-0.07550000000000001,-0.45929999999999993,1782316800003,2026-06-24 16:00:00 UTC,-3.06e-06,0.11907451
FINAL_REAL_MARK_PREMIUM_CLOSED_GUARD_2026_06_13,1782321300000,2026-06-24 17:15:00 UTC,HEIUSDT,1782321300000,2026-06-24 17:15:00 UTC,1782322199999,2026-06-24 17:29:59 UTC,True,0.11832,0.11894,0.11606,0.11729,-0.0010399999999999993,-0.8788979971266789,39.830638248743455,0.11836361,0.11891,0.11674,0.11727406,-0.0010895499999999947,-0.9205109577174899,1782322199999,2026-06-24 17:29:59 UTC,1.594000000000595e-05,0.01359209359683288,-0.00170157,0.00142082,-0.00300465,0.0002043,0.00167443,-113.8967302211369,1782322199999,2026-06-24 17:29:59 UTC,29974,6699.0,28.78195488721805,12457561.4,4105927.2,49.163158989889666,1463941.29728,464050.260139,46.41008298922893,binance_kline_quote_asset_volume,415.61224394475215,48.8403715646894,0.0028800000000000076,2.4340770791075115,-0.0010299999999999893,-0.8705206220419112,0.0010299999999999893,0.8705206220419112,0.0006200000000000094,21.52777777777805,0.0012300000000000089,42.708333333333535,0.4270833333333353,6275617.7,6181943.7,50.375972459585874,49.624027540414126,737661.311675,225975.705045,44.162998160783346,726279.985605,238074.555094,48.76524106764023,50.388722078239965,49.611277921760035,1.0151528393893332,1.0156707141812797,11381.326069999952,0.7774441564799376,48119461.6,5695593.18623238,-471372.5,-0.9700852202493886,-103918.19875570014,-1.791844034045529,0.773,0.007199999999999984,0.9401932619482873,43.6,56.39999999999999,1.1368,-0.012799999999999923,-1.1134307585246976,53.2,46.800000000000004,0.7085,0.018199999999999994,2.6365348399246695,41.47,58.53,0.3638,-0.0645,-0.4283,1782316800003,2026-06-24 16:00:00 UTC,-3.06e-06,0.11907451
FINAL_REAL_MARK_PREMIUM_CLOSED_GUARD_2026_06_13,1782322200000,2026-06-24 17:30:00 UTC,HEIUSDT,1782322200000,2026-06-24 17:30:00 UTC,1782323099999,2026-06-24 17:44:59 UTC,True,0.11729,0.11774,0.1125,0.11623,-0.0010600000000000054,-0.9037428595788263,37.94033489253507,0.11728,0.11755251,0.11572735,0.11621643,-0.0010576300000000038,-0.901844789887895,1782323099999,2026-06-24 17:44:59 UTC,1.3570000000004412e-05,0.011676490148599826,0.0,0.00205769,-0.00373476,0.0,-0.0002043,-100.0,1782323099999,2026-06-24 17:44:59 UTC,35156,5182.0,17.288316541002203,17169841.0,4712279.6,37.8266616450311,1991882.813573,527941.516293,36.0630250184153,binance_kline_quote_asset_volume,488.3900614404369,56.65840293471954,0.005239999999999995,4.467559041691529,-0.0010600000000000054,-0.9037428595788263,0.0010600000000000054,0.9037428595788263,0.0004499999999999921,8.587786259541842,0.003729999999999997,71.18320610687024,0.7118320610687024,8016202.1,9153638.9,46.687689769520865,53.312310230479135,931167.752559,193506.44088400004,26.23242371822469,1060715.0610139999,334435.0754089998,46.047678861811306,46.74811922739018,53.251880772609816,0.8757393849128131,0.8778679466178618,-129547.30845499982,-6.503761545219641,47672756.5,5591060.88232,-446705.1000000015,-0.9283252246529738,-104532.30391237978,-1.8353190000483097,0.7778,0.0048000000000000265,0.620957309184997,43.75,56.25,1.1547,0.017900000000000027,1.574595355383535,53.59,46.410000000000004,0.6981,-0.010399999999999965,-1.4678899082568757,41.11,58.89,0.3769,-0.0797,-0.4566,1782316800003,2026-06-24 16:00:00 UTC,-3.06e-06,0.11907451
FINAL_REAL_MARK_PREMIUM_CLOSED_GUARD_2026_06_13,1782323100000,2026-06-24 17:45:00 UTC,HEIUSDT,1782323100000,2026-06-24 17:45:00 UTC,1782323999999,2026-06-24 17:59:59 UTC,True,0.11624,0.1169,0.11368,0.11519,-0.0010399999999999993,-0.8947775961455727,36.12866800181313,0.11621643,0.11669532,0.11378125,0.11530197,-0.000914459999999992,-0.7868594827770841,1782323999999,2026-06-24 17:59:59 UTC,-0.0001119700000000029,-0.09711022283487689,0.0,0.0039879,-0.00231608,-0.00027877,-0.00027877,,1782323999999,2026-06-24 17:59:59 UTC,30006,-5150.0,-14.648993059506202,14071107.7,-3098733.3000000007,-18.047536374972843,1620864.241254,-371018.572319,-18.626526108404654,binance_kline_quote_asset_volume,468.943134706392,54.01800444091182,0.0032200000000000006,2.7701307639366837,-0.0010499999999999954,-0.9033035099793492,0.0010499999999999954,0.9033035099793492,0.0006600000000000078,20.496894409938125,0.0015099999999999975,46.894409937888106,0.4689440993788811,6771250.4,7299857.299999999,48.12165853865223,51.87834146134777,780264.989309,-150902.76325000008,-16.20575485301062,840599.251945,-220115.80906899984,-20.751643599608947,48.13882430433157,51.861175695668436,0.9275866803588066,0.9282247010137148,-60334.26263600006,-3.7223513913368693,47360057.0,5504016.74913651,-312699.5,-0.655929136382118,-87044.13318348955,-1.5568446671496583,0.795,0.017199999999999993,2.2113653895602976,44.29,55.71,1.1502,-0.0045000000000001705,-0.3897116134060942,53.49,46.51,0.7018,0.0036999999999999256,0.5300100272167204,41.24,58.76,0.35519999999999985,-0.09320000000000006,-0.4483999999999999,1782316800003,2026-06-24 16:00:00 UTC,-3.06e-06,0.11907451
FINAL_REAL_MARK_PREMIUM_CLOSED_GUARD_2026_06_13,1782324000000,2026-06-24 18:00:00 UTC,HEIUSDT,1782324000000,2026-06-24 18:00:00 UTC,1782324899999,2026-06-24 18:14:59 UTC,True,0.11518,0.11679,0.11455,0.11506,-0.0001300000000000051,-0.11285701883844527,35.89791829993642,0.11530197,0.1166804,0.11468,0.11495,-0.000351970000000007,-0.30525931170127185,1782324899999,2026-06-24 18:14:59 UTC,0.00010999999999999899,0.09569377990430535,-0.00018278,0.00177856,-0.00676365,0.0,0.00027877,-100.0,1782324899999,2026-06-24 18:14:59 UTC,20565,-9441.0,-31.46370725854829,7535584.0,-6535523.699999999,-46.446405210870495,872517.956454,-748346.2848,-46.1695844570569,binance_kline_quote_asset_volume,366.42761974228057,42.42732586695843,0.002240000000000006,1.9447820802222657,-0.00012000000000000899,-0.10418475429762891,0.00012000000000000899,0.10418475429762891,0.0016100000000000003,71.87499999999983,0.0005099999999999966,22.76785714285693,0.2276785714285693,3736105.1,3799478.9,49.57950306174014,50.42049693825986,432719.906469,-347545.08284,-44.54192967799116,439798.049985,-400801.20196000003,-47.68041382770874,49.59438407750562,50.405615922494384,0.9833203969102184,0.983905923374964,-7078.143516000011,-0.8112318449887601,46986218.4,5417603.54437025,-373838.6000000015,-0.7893542020019138,-86413.20476626046,-1.570002576387822,0.7963,0.0012999999999999678,0.1635220125786123,44.330000000000005,55.669999999999995,1.1472,-0.0029999999999998916,-0.26082420448616694,53.43,46.57,0.6949,-0.006900000000000017,-0.9831860929039636,41.0,59.0,0.3509,-0.10140000000000005,-0.45230000000000004,1782316800003,2026-06-24 16:00:00 UTC,-3.06e-06,0.11907451
FINAL_REAL_MARK_PREMIUM_CLOSED_GUARD_2026_06_13,1782324900000,2026-06-24 18:15:00 UTC,HEIUSDT,1782324900000,2026-06-24 18:15:00 UTC,1782325799999,2026-06-24 18:29:59 UTC,True,0.11506,0.11681,0.11393,0.11561,0.0005500000000000088,0.47801147227534224,37.71054247372368,0.11506,0.11667188,0.11407,0.11565237,0.0007023700000000077,0.6110221835580755,1782325799999,2026-06-24 18:29:59 UTC,-4.236999999999991e-05,-0.03663565217037914,-0.00025716,0.00254541,-0.00256529,0.0,0.0,,1782325799999,2026-06-24 18:29:59 UTC,18017,-2548.0,-12.38998298079261,6407385.1,-1128198.9000000004,-14.97161865623156,740044.150693,-132473.80576100003,-15.182931741529629,binance_kline_quote_asset_volume,355.6299661430871,41.07477108802797,0.0028799999999999937,2.5030418911872014,0.0005500000000000088,0.47801147227534224,0.0005500000000000088,0.47801147227534224,0.0011999999999999927,41.66666666666651,0.0011299999999999921,39.23611111111092,0.5833333333333349,3692526.7,2714858.3999999994,57.62923005829633,42.37076994170367,426632.201668,-6087.704800999956,-1.4068464866050896,313411.9490249999,-126386.10096000007,-28.737303624768384,57.64956067397987,42.35043932602013,1.3601176031869657,1.3612505936522825,113220.2526430001,15.29912134795974,46661934.9,5368922.229594,-324283.5,-0.6901672682813733,-48681.31477625016,-0.8985765454697728,0.8149,0.01859999999999995,2.3358030892879507,44.9,55.1,1.1676,0.020399999999999974,1.7782426778242655,53.87,46.129999999999995,0.7114,0.01650000000000007,2.3744423658080405,41.57,58.43000000000001,0.3527,-0.10349999999999993,-0.45619999999999994,1782316800003,2026-06-24 16:00:00 UTC,-3.06e-06,0.11907451
FINAL_REAL_MARK_PREMIUM_CLOSED_GUARD_2026_06_13,1782325800000,2026-06-24 18:30:00 UTC,HEIUSDT,1782325800000,2026-06-24 18:30:00 UTC,1782326699999,2026-06-24 18:44:59 UTC,True,0.11561,0.11607,0.1132,0.11464,-0.0009699999999999986,-0.839027765764206,35.78845851086368,0.11565237,0.1161238,0.11334788,0.11492181,-0.0007305600000000051,-0.6316861470283792,1782326699999,2026-06-24 18:44:59 UTC,-0.00028180999999999345,-0.24521890144263603,0.0,0.00151243,-0.00159693,0.0,0.0,,1782326699999,2026-06-24 18:44:59 UTC,16126,-1891.0,-10.495643003829716,6712930.7,305545.60000000056,4.7686473535046385,768408.817975,28364.667282000068,3.8328344674352914,binance_kline_quote_asset_volume,416.2799640332383,47.6503049717847,0.0028700000000000114,2.482484214168334,-0.0009699999999999986,-0.839027765764206,0.0009699999999999986,0.839027765764206,0.0004600000000000021,16.02787456445994,0.0014400000000000107,50.17421602787474,0.5017421602787474,3536262.0,3176668.7,52.67836296894887,47.32163703105113,404962.130214,-21670.07145400002,-5.079333292066735,363446.687761,50034.73873600009,15.964528120786156,52.70139029393275,47.29860970606725,1.1131982381417362,1.1142270485631727,41515.442452999996,5.402780587865494,46855842.6,5418989.24503696,193907.70000000298,0.41555863556785977,50067.015442959964,0.9325338178114392,0.8268,0.011900000000000022,1.4603018775309882,45.26,54.74,1.1792,0.011600000000000055,0.9934909215484802,54.11,45.89,0.7179,0.00649999999999995,0.9136913129041256,41.79,58.209999999999994,0.35240000000000005,-0.1089,-0.46130000000000004,1782316800003,2026-06-24 16:00:00 UTC,-3.06e-06,0.11907451
FINAL_REAL_MARK_PREMIUM_CLOSED_GUARD_2026_06_13,1782326700000,2026-06-24 18:45:00 UTC,HEIUSDT,1782326700000,2026-06-24 18:45:00 UTC,1782327599999,2026-06-24 18:59:59 UTC,True,0.1147,0.11508,0.11333,0.11468,3.999999999999837e-05,0.03489183531053591,35.93347376644678,0.11492181,0.11506845,0.1134,0.11466333,-0.00025848000000000537,-0.22491814216988523,1782327599999,2026-06-24 18:59:59 UTC,1.6670000000010288e-05,0.014538213742798406,-0.00181294,0.00094481,-0.00181294,0.0,0.0,,1782327599999,2026-06-24 18:59:59 UTC,10856,-5270.0,-32.68014386704701,3592027.0,-3120903.7,-46.49092683170407,410226.367282,-358182.450693,-46.613526851100424,binance_kline_quote_asset_volume,330.8794215180545,37.78798519546795,0.0017500000000000016,1.5257192676547529,-1.9999999999992246e-05,-0.017436791630333258,1.9999999999992246e-05,0.017436791630333258,0.00038000000000000533,21.714285714286,0.001350000000000004,77.1428571428573,0.771428571428573,1756777.9,1835249.1,48.9077030879779,51.09229691202209,200674.878854,-204287.25136,-50.44601361911187,209551.488428,-153895.199333,-42.34326643092161,48.91808397972893,51.081916020271066,0.9572422076109449,0.9576399593217401,-8876.609574000002,-2.163832040542142,46827894.9,5381546.44039777,-27947.70000000298,-0.05964613685125146,-37442.804639189504,-0.6909555074958287,0.8198,-0.007000000000000006,-0.8466376390904701,45.050000000000004,54.949999999999996,1.191,0.011800000000000033,1.000678426051563,54.36,45.64,0.715,-0.0029000000000000137,-0.4039559827274013,41.69,58.309999999999995,0.3712000000000001,-0.1048,-0.4760000000000001,1782316800003,2026-06-24 16:00:00 UTC,-3.06e-06,0.11907451
FINAL_REAL_MARK_PREMIUM_CLOSED_GUARD_2026_06_13,1782327600000,2026-06-24 19:00:00 UTC,HEIUSDT,1782327600000,2026-06-24 19:00:00 UTC,1782328499999,2026-06-24 19:14:59 UTC,True,0.11469,0.11657,0.11409,0.11535,0.00066999999999999,0.5842343913498343,38.441256111719184,0.11466333,0.11643349,0.11414,0.11553886,0.0008755299999999994,0.7635658235287598,1782328499999,2026-06-24 19:14:59 UTC,-0.00018885999999999903,-0.1634601553105155,0.0,0.001376,-0.00230929,-0.00025908,-0.00025908,,1782328499999,2026-06-24 19:14:59 UTC,13945,3089.0,28.45431098010317,5494070.5,1902043.5,52.95181522856036,632880.461994,222654.094712,54.27591019739155,binance_kline_quote_asset_volume,393.9813911796343,45.384041734958764,0.002479999999999996,2.1623506844537417,0.0006599999999999939,0.5754642950562333,0.0006599999999999939,0.5754642950562333,0.0012199999999999989,49.19354838709681,0.0006000000000000033,24.193548387096946,0.5080645161290319,3068187.1,2425883.4,55.84542644656635,44.15457355343365,353605.16498,152930.286126,76.20798726743652,279275.297014,69723.808586,33.27287680419243,55.87234655118052,44.12765344881948,1.2647710520629312,1.2661526771638303,74329.86796599999,11.744693102361039,46574180.5,5340350.62815107,-253714.3999999985,-0.5418018481116872,-41195.81224669982,-0.7655013796304782,0.8292,0.009400000000000075,1.1466211271041808,45.33,54.669999999999995,1.2,0.008999999999999897,0.7556675062972206,54.55,45.45,0.7194,0.0044000000000000705,0.6153846153846253,41.839999999999996,58.160000000000004,0.3707999999999999,-0.10980000000000001,-0.4805999999999999,1782316800003,2026-06-24 16:00:00 UTC,-3.06e-06,0.11907451
FINAL_REAL_MARK_PREMIUM_CLOSED_GUARD_2026_06_13,1782328500000,2026-06-24 19:15:00 UTC,HEIUSDT,1782328500000,2026-06-24 19:15:00 UTC,1782329399999,2026-06-24 19:29:59 UTC,True,0.11535,0.11607,0.11461,0.11548,0.0001300000000000051,0.11270047680971401,38.9406737821982,0.11553886,0.11606781,0.11469387,0.11544407,-9.478999999999738e-05,-0.08204166113461513,1782329399999,2026-06-24 19:29:59 UTC,3.593000000000346e-05,0.031123296328692727,-0.00066617,0.00147564,-0.00161042,0.0,0.00025908,-100.0,1782329399999,2026-06-24 19:29:59 UTC,10334,-3611.0,-25.894585873072785,3131160.0,-2362910.5,-43.00837603012193,361162.165367,-271718.29662700003,-42.93358903368644,binance_kline_quote_asset_volume,302.9959357460809,34.94892252438552,0.001460000000000003,1.2657130472475102,0.0001300000000000051,0.11270047680971401,0.0001300000000000051,0.11270047680971401,0.0005900000000000072,40.410958904110004,0.0007399999999999907,50.68493150684857,0.5958904109589,1694411.6,1436748.4,54.114500696227594,45.885499303772406,195538.941325,-158066.223655,-44.70133338237304,165623.224042,-113652.07297200002,-40.69535479405565,54.14159069688276,45.858409303117234,1.1793377323406105,1.1806251354907435,29915.717283000005,8.28318139376552,46475620.4,5369740.19880874,-98560.10000000149,-0.21161961185769332,29389.570657669567,0.5503303566388634,0.8376,0.008399999999999963,1.0130246020260447,45.58,54.42,1.1979,-0.0020999999999999908,-0.17499999999999924,54.50000000000001,45.5,0.728,0.008599999999999941,1.195440644981921,42.13,57.87,0.36029999999999995,-0.10960000000000003,-0.4699,1782316800003,2026-06-24 16:00:00 UTC,-3.06e-06,0.11907451
FINAL_REAL_MARK_PREMIUM_CLOSED_GUARD_2026_06_13,1782329400000,2026-06-24 19:30:00 UTC,HEIUSDT,1782329400000,2026-06-24 19:30:00 UTC,1782330299999,2026-06-24 19:44:59 UTC,True,0.11549,0.11594,0.11354,0.11373,-0.0017500000000000016,-1.5154139244890903,34.8427324129251,0.11543086,0.11583665,0.11368,0.11395437,-0.0014896999999999966,-1.2904084202852486,1782330299999,2026-06-24 19:44:59 UTC,-0.0002243700000000015,-0.1968945991277048,0.0,0.00096234,-0.00323279,-0.00058405,-0.00058405,,1782330299999,2026-06-24 19:44:59 UTC,11596,1262.0,12.212115347396942,4296092.9,1164932.9000000004,37.20451525952044,493329.557891,132167.39252400002,36.59502716451384,binance_kline_quote_asset_volume,370.48058813383926,42.543080190669194,0.0023999999999999994,2.0781020001731747,-0.0017599999999999977,-1.5239414667936597,0.0017599999999999977,1.5239414667936597,0.00045000000000000595,18.750000000000252,0.00018999999999999573,7.916666666666491,0.07916666666666491,2052572.3,2243520.6000000006,47.777651642495904,52.2223483575041,235747.704631,40208.76330600001,20.563046436448744,257581.85326,91958.62921800002,55.52278658377068,47.7870625954036,52.2129374045964,0.9148889918817771,0.9152341348869756,-21834.148629000003,-4.425874809192805,46539375.3,5372694.89988947,63754.89999999851,0.13717923386773878,2954.701080730185,0.0550250286109871,0.8505,0.012900000000000023,1.5401146131805183,45.96,54.04,1.1932,-0.0046999999999999265,-0.3923532849152623,54.400000000000006,45.6,0.7382,0.010199999999999987,1.4010989010988995,42.47,57.53,0.3427,-0.11230000000000007,-0.45500000000000007,1782316800003,2026-06-24 16:00:00 UTC,-3.06e-06,0.11907451
FINAL_REAL_MARK_PREMIUM_CLOSED_GUARD_2026_06_13,1782330300000,2026-06-24 19:45:00 UTC,HEIUSDT,1782330300000,2026-06-24 19:45:00 UTC,1782331199999,2026-06-24 19:59:59 UTC,True,0.11374,0.11566,0.113,0.11547,0.0017400000000000054,1.5299393299920911,41.44129889612173,0.11395437,0.1156,0.11350186,0.11556511,0.0016107399999999994,1.4134955947718366,1782331199999,2026-06-24 19:59:59 UTC,-9.510999999999548e-05,-0.08229992598976929,0.0,0.00200593,-0.00326372,-0.00023122,0.00035283000000000005,-60.41092372228406,1782331199999,2026-06-24 19:59:59 UTC,12491,895.0,7.718178682304242,4391427.2,95334.29999999981,2.2190930740813313,501331.138526,8001.58063500002,1.6219544333015516,binance_kline_quote_asset_volume,351.5673044592107,40.13538856184453,0.0026599999999999957,2.3386671355723543,0.0017300000000000093,1.5210128362933089,0.0017300000000000093,1.5210128362933089,0.00018999999999999573,7.142857142856994,0.0007399999999999907,27.819548872180142,0.92857142857143,2485897.3,1905529.9000000004,56.6079587975408,43.3920412024592,284062.82895,48315.124318999995,20.49441982674843,217268.30957600003,-40313.543683999975,-15.650770104254189,56.661716602163125,43.33828339783687,1.3045700831039173,1.30742872489941,66794.51937399997,13.32343320432626,46204626.3,5265219.08110193,-334749.0,-0.7192812491404456,-107475.81878754031,-2.000408003621262,0.8549,0.0043999999999999595,0.517342739564957,46.089999999999996,53.910000000000004,1.1959,0.0026999999999999247,0.2262822661749853,54.459999999999994,45.540000000000006,0.7461,0.007900000000000018,1.0701706854511,42.730000000000004,57.269999999999996,0.34099999999999997,-0.10880000000000001,-0.4498,1782316800003,2026-06-24 16:00:00 UTC,-3.06e-06,0.11907451
FINAL_REAL_MARK_PREMIUM_CLOSED_GUARD_2026_06_13,1782331200000,2026-06-24 20:00:00 UTC,HEIUSDT,1782331200000,2026-06-24 20:00:00 UTC,1782332099999,2026-06-24 20:14:59 UTC,True,0.11547,0.12162,0.11506,0.11956,0.004089999999999996,3.542045552957475,53.39008500704279,0.11556511,0.12089248,0.11513,0.11966,0.004094890000000004,3.5433618329961383,1782332099999,2026-06-24 20:14:59 UTC,-0.00010000000000000286,-0.08357011532676153,-0.00033226,0.00248684,-0.00231181,-0.00055728,-0.00032606,141.01721304385433,1782332099999,2026-06-24 20:14:59 UTC,28724,16233.0,129.957569450004,12683370.0,8291942.8,188.8211376930033,1501823.81582,1000492.6772939998,199.5672321961929,binance_kline_quote_asset_volume,441.56001949589194,52.28463361022141,0.00656000000000001,5.6811292976530785,0.004089999999999996,3.542045552957475,0.004089999999999996,3.542045552957475,0.0020600000000000063,31.40243902439029,0.0004100000000000076,6.250000000000106,0.6859756097560971,7451014.9,5232355.1,58.74633397906077,41.25366602093923,883041.577277,598978.748327,210.8613613900292,618782.238543,401513.9289669999,184.80096326544628,58.79794740069805,41.20205259930195,1.424026993122084,1.4270635488119885,264259.338734,17.595894801396106,46207574.3,5339983.40681267,2948.0,0.006380313479561678,74764.32571073994,1.4199660937013263,0.8392,-0.015700000000000047,-1.8364721020002397,45.629999999999995,54.37,1.1937,-0.0021999999999999797,-0.18396186972154693,54.410000000000004,45.59,0.7361,-0.010000000000000009,-1.3403029084573126,42.4,57.599999999999994,0.35450000000000004,-0.10309999999999997,-0.4576,1782316800003,2026-06-24 16:00:00 UTC,-3.06e-06,0.11907451
FINAL_REAL_MARK_PREMIUM_CLOSED_GUARD_2026_06_13,1782332100000,2026-06-24 20:15:00 UTC,HEIUSDT,1782332100000,2026-06-24 20:15:00 UTC,1782332999999,2026-06-24 20:29:59 UTC,True,0.11953,0.11953,0.11645,0.11653,-0.003030000000000005,-2.5342924054867892,45.91537287754915,0.11956,0.11956,0.11657229,0.11657229,-0.0030877100000000074,-2.580402807955881,1782332999999,2026-06-24 20:29:59 UTC,-4.229000000000038e-05,-0.03627791819136468,-0.00038291,0.00376018,-0.0031641,-0.00082489,-0.00026761000000000005,48.0207436118289,1782332999999,2026-06-24 20:29:59 UTC,21807,-6917.0,-24.080907951538784,6742680.8,-5940689.2,-46.838412819305915,795195.566226,-706628.2495939999,-47.05134131916659,binance_kline_quote_asset_volume,309.1980006419957,36.4651518423442,0.0030799999999999994,2.5767589726428506,-0.0030000000000000027,-2.5098301681586235,0.0030000000000000027,2.5098301681586235,0.0,0.0,7.999999999999674e-05,2.597402597402492,0.02597402597402492,3358613.0,3384067.8,49.81124124991947,50.18875875008053,396161.381737,-486880.1955399999,-55.13672380425992,399034.18448899995,-219748.054054,-35.512986696487,49.81936501698354,50.18063498301646,0.9924780466868898,0.9928006099134619,-2872.8027519999305,-0.36126996603291683,45368189.1,5421498.59745,-839385.1999999955,-1.816553265813816,81515.19063733052,1.5265064407004465,0.8467,0.007500000000000062,0.8937082936129721,45.85,54.15,1.2129,0.019200000000000106,1.6084443327469302,54.81,45.190000000000005,0.7535,0.01739999999999997,2.3638092650455063,42.970000000000006,57.03,0.3662000000000001,-0.09320000000000006,-0.45940000000000014,1782331200006,2026-06-24 20:00:00 UTC,5e-05,0.11556511
FINAL_REAL_MARK_PREMIUM_CLOSED_GUARD_2026_06_13,1782333000000,2026-06-24 20:30:00 UTC,HEIUSDT,1782333000000,2026-06-24 20:30:00 UTC,1782333899999,2026-06-24 20:44:59 UTC,True,0.11654,0.11991,0.11439,0.1192,0.0026700000000000057,2.2912554706942467,52.25823983552199,0.11651,0.11932986,0.11452,0.11913055,0.0025582600000000066,2.194569567090092,1782333899999,2026-06-24 20:44:59 UTC,6.944999999999868e-05,0.05829738887296221,0.0,0.00266517,-0.00353716,-8.535e-05,0.00073954,-89.65316587666234,1782333899999,2026-06-24 20:44:59 UTC,25082,3275.0,15.018113449809695,10959081.9,4216401.100000001,62.53300764289481,1284963.284303,489767.718077,61.590851216819374,binance_kline_quote_asset_volume,436.9301451239933,51.23049534738059,0.005519999999999997,4.736571134374461,0.0026599999999999957,2.282478119100734,0.0026599999999999957,2.282478119100734,0.0007100000000000023,12.862318840579759,0.002149999999999999,38.94927536231884,0.8713768115942024,5940644.5,5018437.4,54.20750163387318,45.79249836612682,696522.79924,300361.41750299995,75.81794474414498,588440.485063,189406.30057400005,47.46618408559464,54.20565768288185,45.79434231711816,1.1837637946823845,1.1836758634400018,108082.31417699996,8.411315365763688,44826099.4,5227171.451034,-542089.700000003,-1.1948673966358576,-194327.1464160001,-3.584380645369931,0.865,0.018299999999999983,2.161332231014525,46.379999999999995,53.620000000000005,1.1968,-0.016100000000000003,-1.3273971473328388,54.48,45.519999999999996,0.7696,0.016100000000000003,2.1366954213669547,43.49,56.510000000000005,0.3318000000000001,-0.09540000000000004,-0.42720000000000014,1782331200006,2026-06-24 20:00:00 UTC,5e-05,0.11556511
FINAL_REAL_MARK_PREMIUM_CLOSED_GUARD_2026_06_13,1782333900000,2026-06-24 20:45:00 UTC,HEIUSDT,1782333900000,2026-06-24 20:45:00 UTC,1782334799999,2026-06-24 20:59:59 UTC,True,0.1192,0.11992,0.11728,0.11851,-0.0006899999999999962,-0.5788590604026813,50.6065039255928,0.11913055,0.11983329,0.11742,0.11872474,-0.00040581000000000644,-0.34064310120284547,1782334799999,2026-06-24 20:59:59 UTC,-0.00021473999999999105,-0.18087215857452377,0.0,0.00138178,-0.00314545,-0.00237576,-0.00229041,2683.5500878734624,1782334799999,2026-06-24 20:59:59 UTC,16932,-8150.0,-32.49342157722669,5471773.1,-5487308.800000001,-50.07088048132937,649212.173552,-635751.110751,-49.476208271261946,binance_kline_quote_asset_volume,323.1616524923222,38.3423206680841,0.0026400000000000035,2.2147651006711437,-0.0006899999999999962,-0.5788590604026813,0.0006899999999999962,0.5788590604026813,0.0007199999999999984,27.272727272727177,0.0012300000000000089,46.59090909090936,0.46590909090909366,2847378.8,2624394.3,52.0375890586545,47.9624109413455,337905.484195,-358617.31504499994,-51.48680207400241,311306.68935699994,-277133.79570600006,-47.09631691577601,52.04854406013919,47.95145593986081,1.0849660815068833,1.0854424133735756,26598.79483800009,4.097088120278386,44519634.0,5303648.4842187,-306465.3999999985,-0.6836762602636769,76477.03318469971,1.4630672420276476,0.8396,-0.025399999999999978,-2.9364161849710957,45.64,54.36,1.1867,-0.010099999999999998,-0.843917112299465,54.269999999999996,45.73,0.7565,-0.0131,-1.7021829521829523,43.07,56.93,0.3471000000000001,-0.08310000000000006,-0.43020000000000014,1782331200006,2026-06-24 20:00:00 UTC,5e-05,0.11556511
FINAL_REAL_MARK_PREMIUM_CLOSED_GUARD_2026_06_13,1782334800000,2026-06-24 21:00:00 UTC,HEIUSDT,1782334800000,2026-06-24 21:00:00 UTC,1782335699999,2026-06-24 21:14:59 UTC,True,0.11851,0.12084,0.11793,0.12052,0.002009999999999998,1.69605940426968,55.06232816328953,0.11872474,0.12054309,0.11798,0.12039771,0.0016729700000000097,1.409116583451781,1782335699999,2026-06-24 21:14:59 UTC,0.00012228999999999712,0.10157169932883037,-0.00212425,0.00118121,-0.00239513,0.0,0.00237576,-100.0,1782335699999,2026-06-24 21:14:59 UTC,11433,-5499.0,-32.476966690290574,4320815.1,-1150958.0,-21.034461388758977,515054.625671,-134157.54788099998,-20.664669170787562,binance_kline_quote_asset_volume,377.92487536079767,45.049822939823315,0.00291000000000001,2.45548898827104,0.002009999999999998,1.69605940426968,0.002009999999999998,1.69605940426968,0.00032000000000000084,10.996563573883153,0.0005800000000000111,19.931271477663543,0.8900343642611684,2423310.0,1897505.0999999996,56.084556823549335,43.91544317645066,289005.004903,-48900.479292,-14.471644166562356,226049.62076799996,-85257.06858899997,-27.386841177456667,56.11152497203412,43.88847502796588,1.2771032868370158,1.2785024983501858,62955.38413500006,12.223049944068244,44097307.8,5235441.40325497,-422326.200000003,-0.9486290925033278,-68207.08096372988,-1.286040754146581,0.8508,0.011199999999999988,1.3339685564554535,45.97,54.03,1.1999,0.013199999999999878,1.11232830538467,54.54,45.46,0.7627,0.006200000000000094,0.8195637805684197,43.269999999999996,56.730000000000004,0.34909999999999997,-0.08809999999999996,-0.4371999999999999,1782331200006,2026-06-24 20:00:00 UTC,5e-05,0.11556511
FINAL_REAL_MARK_PREMIUM_CLOSED_GUARD_2026_06_13,1782335700000,2026-06-24 21:15:00 UTC,HEIUSDT,1782335700000,2026-06-24 21:15:00 UTC,1782336599999,2026-06-24 21:29:59 UTC,True,0.12049,0.12079,0.11867,0.12043,-9.000000000000674e-05,-0.07467640225689241,54.82384435067457,0.12039771,0.12056,0.1188,0.12035126,-4.645000000000343e-05,-0.03858046801721016,1782336599999,2026-06-24 21:29:59 UTC,7.873999999999381e-05,0.0654251563298912,0.0,0.00528798,-0.00223199,-0.00023145,-0.00023145,,1782336599999,2026-06-24 21:29:59 UTC,7411,-4022.0,-35.17886818857693,3717019.4,-603795.6999999997,-13.974115670906626,445243.822629,-69810.80304199998,-13.554058067346208,binance_kline_quote_asset_volume,501.5543651329105,60.078777847658884,0.002119999999999997,1.7594821146983126,-6.0000000000004494e-05,-0.049796663623540946,6.0000000000004494e-05,0.049796663623540946,0.0002999999999999947,14.150943396226188,0.0017599999999999977,83.01886792452832,0.8301886792452832,2151012.1,1566007.2999999998,57.869272891069656,42.13072710893034,257747.422609,-31257.58229400002,-10.815585115728753,187496.40002,-38553.22074799996,-17.05520257765353,57.889050787296014,42.110949212703986,1.3735645421320835,1.374679314277535,70251.022589,15.778101574592032,43839071.0,5278123.75692741,-258236.79999999702,-0.5856067249529392,42682.353672440164,0.8152579770237475,0.8477,-0.0030999999999999917,-0.3643629525152787,45.879999999999995,54.120000000000005,1.2115,0.011600000000000055,0.9667472289357493,54.779999999999994,45.22,0.7615,-0.0012000000000000899,-0.1573357807788239,43.230000000000004,56.769999999999996,0.3638,-0.08620000000000005,-0.45000000000000007,1782331200006,2026-06-24 20:00:00 UTC,5e-05,0.11556511
FINAL_REAL_MARK_PREMIUM_CLOSED_GUARD_2026_06_13,1782336600000,2026-06-24 21:30:00 UTC,HEIUSDT,1782336600000,2026-06-24 21:30:00 UTC,1782337499999,2026-06-24 21:44:59 UTC,True,0.12042,0.12043,0.11826,0.11969,-0.0007399999999999907,-0.6144648343435943,52.79894485180265,0.12035126,0.12035126,0.11828,0.11979464,-0.0005566200000000077,-0.46249619655000507,1782337499999,2026-06-24 21:44:59 UTC,-0.00010463999999998919,-0.08734948408375298,0.0,0.00128128,-0.00230655,0.0,0.00023145,-100.0,1782337499999,2026-06-24 21:44:59 UTC,4978,-2433.0,-32.82957765483741,2551660.7,-1165358.6999999997,-31.351967116448186,303805.454945,-141438.367684,-31.766497477462746,binance_kline_quote_asset_volume,512.5875251104861,61.02962132282041,0.0021699999999999914,1.8020262414881176,-0.0007299999999999945,-0.6062115927586734,0.0007299999999999945,0.6062115927586734,9.999999999996123e-06,0.46082949308738075,0.0014300000000000007,65.89861751152102,0.6589861751152103,1231014.3,1320646.4000000001,48.24365167359437,51.75634832640562,146528.155879,-111219.26673,-43.1504864740077,157277.299066,-30219.100953999994,-16.117163289949332,48.230916691580475,51.769083308419525,0.9321301296092579,0.9316548335275695,-10749.143187000009,-3.5381666168390558,43857200.2,5278269.30414225,18129.20000000298,0.041353978509268544,145.54721483960748,0.002757555933556508,0.8598,0.0121,1.4273917659549369,46.23,53.769999999999996,1.2241,0.012599999999999945,1.0400330169211676,55.04,44.96,0.7819,0.020400000000000085,2.678923177938291,43.88,56.120000000000005,0.36429999999999996,-0.07789999999999997,-0.4421999999999999,1782331200006,2026-06-24 20:00:00 UTC,5e-05,0.11556511
FINAL_REAL_MARK_PREMIUM_CLOSED_GUARD_2026_06_13,1782337500000,2026-06-24 21:45:00 UTC,HEIUSDT,1782337500000,2026-06-24 21:45:00 UTC,1782338399999,2026-06-24 21:59:59 UTC,True,0.11969,0.12066,0.11784,0.11924,-0.00045000000000000595,-0.37597125908597706,51.55200634481202,0.11976,0.12057856,0.11787667,0.11916654,-0.0006280999999999926,-0.5243139425937525,1782338399999,2026-06-24 21:59:59 UTC,7.345999999999742e-05,0.06164482076931781,0.0,0.00119257,-0.00196856,0.00013654,0.00013654,,1782338399999,2026-06-24 21:59:59 UTC,9016,4038.0,81.11691442346324,2948853.9,397193.1999999997,15.566066444492394,351752.030903,47946.57595799997,15.781999690124088,binance_kline_quote_asset_volume,327.0689773735581,39.01420041071428,0.002820000000000003,2.3560865569387612,-0.00045000000000000595,-0.37597125908597706,0.00045000000000000595,0.37597125908597706,0.0009699999999999986,34.39716312056729,0.0013999999999999985,49.64539007092188,0.4964539007092188,1426315.0,1522538.9,48.368452570675004,51.631547429324996,170032.193306,23504.037427000003,16.040628701018502,181719.83759699998,24442.53853099997,15.54104672203385,48.33865290542943,51.66134709457057,0.9368003668083621,0.9356831678612896,-11687.644290999975,-3.3226941891411537,43538351.1,5215661.0962181,-318849.1000000015,-0.7270165412884735,-62608.20792414993,-1.1861503139867575,0.8681,0.008299999999999974,0.9653407769248633,46.47,53.53,1.2262,0.0020999999999999908,0.1715546115513431,55.08,44.92,0.7944,0.012499999999999956,1.5986699066376717,44.269999999999996,55.730000000000004,0.3581,-0.07369999999999999,-0.43179999999999996,1782331200006,2026-06-24 20:00:00 UTC,5e-05,0.11556511
FINAL_REAL_MARK_PREMIUM_CLOSED_GUARD_2026_06_13,1782338400000,2026-06-24 22:00:00 UTC,HEIUSDT,1782338400000,2026-06-24 22:00:00 UTC,1782339299999,2026-06-24 22:14:59 UTC,True,0.11924,0.11926,0.11781,0.11863,-0.0006099999999999994,-0.5115732975511569,49.83391287820538,0.11916654,0.11919371,0.11801,0.11867688,-0.0004896600000000029,-0.4109039332685189,1782339299999,2026-06-24 22:14:59 UTC,-4.6879999999999145e-05,-0.03950221812369785,0.0,0.00072064,-0.00281413,0.0,-0.00013654,-100.0,1782339299999,2026-06-24 22:14:59 UTC,6646,-2370.0,-26.2866015971606,1928502.7,-1020351.2,-34.60161929351603,228701.536396,-123050.49450699997,-34.98217030648295,binance_kline_quote_asset_volume,290.1749473367439,34.41190737225399,0.0014500000000000068,1.2160348876216092,-0.0006099999999999994,-0.5115732975511569,0.0006099999999999994,0.5115732975511569,2.0000000000006124e-05,1.379310344828002,0.0008200000000000013,56.55172413793086,0.5655172413793086,942327.5,986175.2,48.863167264427474,51.136832735572526,111738.101762,-58294.091543999995,-34.28414961341497,116963.434634,-64756.40296299997,-35.63529651980552,48.85760870820031,51.1423912917997,0.9555376164397564,0.9553250732731043,-5225.332871999999,-2.284782583599377,43526674.3,5186923.17403792,-11676.80000000447,-0.02681957333015414,-28737.922180179507,-0.5509928971615412,0.8921,0.02400000000000002,2.7646584494873885,47.15,52.849999999999994,1.2355,0.009300000000000086,0.7584407111401147,55.269999999999996,44.73,0.8155,0.021100000000000008,2.6560926485397793,44.92,55.08,0.34340000000000004,-0.0766,-0.42000000000000004,1782331200006,2026-06-24 20:00:00 UTC,5e-05,0.11556511
FINAL_REAL_MARK_PREMIUM_CLOSED_GUARD_2026_06_13,1782339300000,2026-06-24 22:15:00 UTC,HEIUSDT,1782339300000,2026-06-24 22:15:00 UTC,1782340199999,2026-06-24 22:29:59 UTC,True,0.11862,0.11956,0.11824,0.11921,0.0005799999999999972,0.4889151142206838,51.4893811847356,0.11867688,0.1195041,0.11837271,0.11924924,0.0005723600000000079,0.4822843337303845,1782340199999,2026-06-24 22:29:59 UTC,-3.924000000000982e-05,-0.03290587009192664,0.0,0.00150314,-0.00183024,0.0,0.0,,1782340199999,2026-06-24 22:29:59 UTC,6600,-46.0,-0.6921456515197111,1613041.5,-315461.19999999995,-16.357830352013504,191938.526864,-36763.009532,-16.07466662066682,binance_kline_quote_asset_volume,244.40022727272728,29.08159497939394,0.0013200000000000017,1.1127971674253934,0.0005899999999999933,0.49738661271285894,0.0005899999999999933,0.49738661271285894,0.0003500000000000031,26.515151515151715,0.00038000000000000533,28.787878787879155,0.7348484848484829,827317.8,785723.7,51.28930656774795,48.71069343225205,98432.149351,-13305.952411000006,-11.90816042261164,93506.37751300001,-23457.05712099999,-20.05503445961673,51.28316391671856,48.71683608328144,1.052937311169308,1.0526784586143887,4925.771837999986,2.5663278334371045,43590082.7,5173135.01377798,63408.40000000596,0.14567710724457061,-13788.160259940661,-0.26582541898739637,0.9044,0.012299999999999978,1.3787691962784416,47.49,52.51,1.2216,-0.013900000000000023,-1.1250505868069627,54.99000000000001,45.01,0.8212,0.005700000000000038,0.6989576946658539,45.09,54.910000000000004,0.31720000000000004,-0.08319999999999994,-0.4004,1782331200006,2026-06-24 20:00:00 UTC,5e-05,0.11556511
FINAL_REAL_MARK_PREMIUM_CLOSED_GUARD_2026_06_13,1782340200000,2026-06-24 22:30:00 UTC,HEIUSDT,1782340200000,2026-06-24 22:30:00 UTC,1782341099999,2026-06-24 22:44:59 UTC,True,0.11923,0.11975,0.11737,0.11795,-0.0012599999999999972,-1.0569583088667036,47.799114686837825,0.11923544,0.11962328,0.11750801,0.11800605,-0.0012431900000000051,-1.0425139816404743,1782341099999,2026-06-24 22:44:59 UTC,-5.605000000000193e-05,-0.047497564743504195,0.0,0.00128026,-0.00204169,0.0,0.0,,1782341099999,2026-06-24 22:44:59 UTC,7872,1272.0,19.272727272727273,2407265.0,794223.5,49.23763585747794,285182.284578,93243.757714,48.5800111303703,binance_kline_quote_asset_volume,305.8009400406504,36.22742436204268,0.0023799999999999932,1.9961419105929659,-0.0012800000000000034,-1.0735553132600884,0.0012800000000000034,1.0735553132600884,0.0005199999999999927,21.848739495798075,0.0005799999999999972,24.369747899159616,0.24369747899159616,1046869.1,1360395.9,43.487904322955714,56.51209567704427,124159.508687,25727.359335999994,26.137150824837313,161022.77589100003,67516.39837800001,72.20512672369682,43.53689391005675,56.46310608994325,0.7695326779505878,0.7710679933318649,-36863.26720400003,-12.926212179886504,43603804.2,5199720.51195881,13721.5,0.031478490404424034,26585.49818082992,0.5139146399624767,0.899,-0.00539999999999996,-0.5970809376382088,47.339999999999996,52.66,1.229,0.007400000000000073,0.6057629338572423,55.14,44.86,0.8179,-0.0033000000000000806,-0.40185094982952757,44.99,55.010000000000005,0.33000000000000007,-0.08110000000000006,-0.41110000000000013,1782331200006,2026-06-24 20:00:00 UTC,5e-05,0.11556511
FINAL_REAL_MARK_PREMIUM_CLOSED_GUARD_2026_06_13,1782341100000,2026-06-24 22:45:00 UTC,HEIUSDT,1782341100000,2026-06-24 22:45:00 UTC,1782341999999,2026-06-24 22:59:59 UTC,True,0.11795,0.11798,0.11622,0.11623,-0.0017199999999999993,-1.4582450190758791,43.242963827112575,0.11800605,0.11801569,0.11626,0.11638967,-0.0016163800000000006,-1.369743330956337,1782341999999,2026-06-24 22:59:59 UTC,-0.00015967000000000064,-0.13718571416174705,0.0,0.0009838,-0.00186132,-0.0008977,-0.0008977,,1782341999999,2026-06-24 22:59:59 UTC,7487,-385.0,-4.890752032520325,2313449.9,-93815.1000000001,-3.8971654554027118,270650.548736,-14531.735841999995,-5.095595563905173,binance_kline_quote_asset_volume,308.9955790036062,36.14939878936824,0.0017599999999999977,1.4921576939381074,-0.0017199999999999993,-1.4582450190758791,0.0017199999999999993,1.4582450190758791,3.0000000000002247e-05,1.7045454545455845,9.999999999996123e-06,0.5681818181815986,0.005681818181815987,1006107.2,1307342.7,43.48947431280012,56.51052568719989,117777.228556,-6382.280130999992,-5.140387714556286,152873.32018000004,-8149.455710999988,-5.061057770185591,43.51634574769813,56.483654252301875,0.7695818395589772,0.7704236973287668,-35096.09162400004,-12.967308504603745,43723409.7,5159626.87122869,119605.5,0.27430060792723215,-40093.64073011931,-0.7710729959025329,0.9051,0.006099999999999994,0.6785317018909893,47.510000000000005,52.49,1.2357,0.006699999999999928,0.545158665581768,55.269999999999996,44.73,0.8232,0.005300000000000082,0.648000978114694,45.15,54.85,0.3306,-0.08189999999999997,-0.4125,1782331200006,2026-06-24 20:00:00 UTC,5e-05,0.11556511
FINAL_REAL_MARK_PREMIUM_CLOSED_GUARD_2026_06_13,1782342000000,2026-06-24 23:00:00 UTC,HEIUSDT,1782342000000,2026-06-24 23:00:00 UTC,1782342899999,2026-06-24 23:14:59 UTC,True,0.11623,0.1163,0.11389,0.11441,-0.0018200000000000022,-1.5658607932547555,39.00615375765715,0.11631824,0.11631824,0.11404692,0.11433567,-0.0020540000000000003,-1.7647614259925302,1782342899999,2026-06-24 23:14:59 UTC,7.432999999999745e-05,0.06501033317073968,-0.0010696,0.00159923,-0.00213754,0.00043411,0.00133181,-148.35802606661468,1782342899999,2026-06-24 23:14:59 UTC,11899,4412.0,58.92880993722452,3950787.6,1637337.7000000002,70.77472047265861,453914.091613,183263.542877,67.71223769280449,binance_kline_quote_asset_volume,332.02685939994956,38.147246963022106,0.0024099999999999955,2.0734750064527194,-0.0018200000000000022,-1.5658607932547555,0.0018200000000000022,1.5658607932547555,7.000000000000062e-05,2.904564315352728,0.0005199999999999927,21.576763485476917,0.21576763485476916,1697097.3,2253690.3,42.95592352269203,57.04407647730796,195034.954669,77257.726113,65.596488438566,258879.13694400003,106005.81676399999,69.34226105587548,42.96737163984847,57.03262836015153,0.7530303964124974,0.7533822809027264,-63844.18227500003,-14.065256720303049,43842172.0,5102775.93116324,118762.29999999702,0.2716217715289414,-56850.940065450035,-1.101842080528428,0.9051,0.0,0.0,47.510000000000005,52.49,1.2381,0.0023999999999999577,0.1942218985190546,55.32,44.68,0.8175,-0.005700000000000038,-0.6924198250728909,44.98,55.02,0.33299999999999996,-0.08760000000000001,-0.4206,1782331200006,2026-06-24 20:00:00 UTC,5e-05,0.11556511
FINAL_REAL_MARK_PREMIUM_CLOSED_GUARD_2026_06_13,1782342900000,2026-06-24 23:15:00 UTC,HEIUSDT,1782342900000,2026-06-24 23:15:00 UTC,1782343799999,2026-06-24 23:29:59 UTC,True,0.11442,0.11469,0.11321,0.11363,-0.0007800000000000029,-0.6817585875360571,37.318603093598824,0.11435526,0.11465724,0.11339499,0.11360038,-0.0007352899999999996,-0.6430976439810949,1782343799999,2026-06-24 23:29:59 UTC,2.9619999999994095e-05,0.026073856443080645,0.00045112,0.00159265,-0.00147427,0.0,-0.00043411,-100.0,1782343799999,2026-06-24 23:29:59 UTC,8481,-3418.0,-28.72510294982772,2458730.5,-1492057.1,-37.76606720138537,280039.634442,-173874.45717100002,-38.30558697861326,binance_kline_quote_asset_volume,289.910446881264,33.01964797099399,0.0014799999999999952,1.293480160811043,-0.000789999999999999,-0.6904387344869769,0.000789999999999999,0.6904387344869769,0.00027000000000000635,18.243243243243732,0.0004199999999999898,28.378378378377782,0.28378378378377783,1225640.3,1233090.2,49.84850108623129,50.15149891376871,139630.053107,-55404.901561999985,-28.407677821665047,140409.581335,-118469.55560900003,-45.76249635544289,49.86081823211324,50.139181767886754,0.9939583495189566,0.9944481835171909,-779.528227999981,-0.2783635357735163,43823406.1,5010578.49812559,-18765.89999999851,-0.04280330819376036,-92197.43303764984,-1.8068093579141797,0.9146,0.009499999999999953,1.049607778146056,47.77,52.23,1.2327,-0.005400000000000071,-0.436152168645511,55.21,44.79,0.8172,-0.00029999999999996696,-0.036697247706417975,44.97,55.03,0.31809999999999994,-0.09739999999999993,-0.41549999999999987,1782331200006,2026-06-24 20:00:00 UTC,5e-05,0.11556511
FINAL_REAL_MARK_PREMIUM_CLOSED_GUARD_2026_06_13,1782343800000,2026-06-24 23:30:00 UTC,HEIUSDT,1782343800000,2026-06-24 23:30:00 UTC,1782344699999,2026-06-24 23:44:59 UTC,True,0.11365,0.11469,0.11344,0.11416,0.0005300000000000027,0.4664261198627147,39.24210388399946,0.11360038,0.1145561,0.1135941,0.11419862,0.0005982399999999999,0.526617956735708,1782344699999,2026-06-24 23:44:59 UTC,-3.8620000000003096e-05,-0.033818272059682596,0.0,0.00118876,-0.00151085,-0.00071013,-0.00071013,,1782344699999,2026-06-24 23:44:59 UTC,7802,-679.0,-8.006131352434855,2121392.9,-337337.6000000001,-13.719990865204629,242054.600049,-37985.03439300001,-13.564163683004388,binance_kline_quote_asset_volume,271.9037298128685,31.02468598423481,0.0012500000000000011,1.0998680158381005,0.0005099999999999966,0.44874615046194155,0.0005099999999999966,0.44874615046194155,0.0005300000000000027,42.400000000000176,0.00021000000000000185,16.800000000000136,0.5759999999999982,1166353.4,955039.5,54.980546036521574,45.01945396347843,133090.445947,-6539.607160000014,-4.683524079868854,108964.154102,-31445.427232999995,-22.39549960481334,54.98364663181696,45.01635336818304,1.221261947804253,1.2214149418570779,24126.291845,9.967293263633918,43700836.0,4964431.57591768,-122570.10000000149,-0.27969094807535166,-46146.92220791057,-0.9209899061590131,0.9091,-0.005499999999999949,-0.6013557839492619,47.620000000000005,52.38,1.2308,-0.0019000000000000128,-0.15413320353695248,55.169999999999995,44.83,0.8146,-0.0026000000000000467,-0.31815956926089656,44.89,55.11000000000001,0.3216999999999999,-0.09450000000000003,-0.4161999999999999,1782331200006,2026-06-24 20:00:00 UTC,5e-05,0.11556511
FINAL_REAL_MARK_PREMIUM_CLOSED_GUARD_2026_06_13,1782344700000,2026-06-24 23:45:00 UTC,HEIUSDT,1782344700000,2026-06-24 23:45:00 UTC,1782345599999,2026-06-24 23:59:59 UTC,True,0.11414,0.1149,0.11318,0.11404,-0.00011999999999999511,-0.10511562718990462,38.95065757716563,0.11419862,0.11491926,0.11325775,0.11402,-0.00017862000000000433,-0.15641169744433367,1782345599999,2026-06-24 23:59:59 UTC,2.0000000000006124e-05,0.017540782318896792,-0.00065269,0.00096629,-0.00137,0.0,0.00071013,-100.0,1782345599999,2026-06-24 23:59:59 UTC,7738,-64.0,-0.8203024865419123,2639028.8,517635.8999999999,24.400755748734706,300510.276766,58455.676717000024,24.149789636374035,binance_kline_quote_asset_volume,341.0479193590075,38.835652205479455,0.0017199999999999993,1.5069213246889777,-0.00010000000000000286,-0.08761170492378033,0.00010000000000000286,0.08761170492378033,0.0007599999999999968,44.18604651162774,0.0008599999999999997,50.0,0.5,1200175.0,1438853.7999999998,45.47790459884333,54.52209540115667,136714.683101,3624.237154000002,2.7231384854201073,163795.59366500002,54831.43956300002,50.320621506108324,45.49417895863055,54.50582104136945,0.8341187965031611,0.8346664280884944,-27080.91056400002,-9.011642082738907,43596319.2,4978639.4897195,-104516.79999999702,-0.2391643034014201,14207.913801820017,0.2861941711663872,0.9026,-0.006500000000000061,-0.714992850071506,47.44,52.559999999999995,1.2342,0.0034000000000000696,0.2762430939226576,55.24,44.76,0.8123,-0.0022999999999999687,-0.28234716425239,44.82,55.17999999999999,0.3316,-0.09029999999999994,-0.42189999999999994,1782331200006,2026-06-24 20:00:00 UTC,5e-05,0.11556511
FINAL_REAL_MARK_PREMIUM_CLOSED_GUARD_2026_06_13,1782345600000,2026-06-25 00:00:00 UTC,HEIUSDT,1782345600000,2026-06-25 00:00:00 UTC,1782346499999,2026-06-25 00:14:59 UTC,True,0.11405,0.11734,0.11327,0.11654,0.0025000000000000022,2.1922132585057894,47.67028775643997,0.11402852,0.11717,0.11342336,0.11637974,0.002359739999999999,2.069584283459042,1782346499999,2026-06-25 00:14:59 UTC,0.00016026000000000928,0.1377043805047247,0.0,0.00297402,-0.0028016,0.0,0.0,,1782346499999,2026-06-25 00:14:59 UTC,22973,15235.0,196.88550012923235,8428353.2,5789324.399999999,219.37329369046674,971310.538664,670800.261898,223.22040667525513,binance_kline_quote_asset_volume,366.88082531667607,42.28052664710747,0.004070000000000004,3.5686102586584867,0.002490000000000006,2.183252959228414,0.002490000000000006,2.183252959228414,0.0007999999999999952,19.656019656019517,0.0007800000000000029,19.164619164619218,0.8034398034398048,4439367.8,3988985.3999999994,52.67182917773309,47.32817082226691,511297.831749,374583.148648,273.9889674990294,460012.706915,296217.11324999994,180.8455933532819,52.63999631387407,47.36000368612593,1.1129065049974864,1.1114863221451758,51285.12483400002,5.279992627748147,43199333.6,4925588.017072,-396985.6000000015,-0.9105943054018227,-53051.472647500224,-1.0655817268361638,0.9164,0.013800000000000034,1.528916463549749,47.82,52.18000000000001,1.2441,0.00990000000000002,0.8021390374331567,55.44,44.56,0.8169,0.0045999999999999375,0.5662932414132632,44.96,55.04,0.3277,-0.09950000000000003,-0.4272,1782345600000,2026-06-25 00:00:00 UTC,5e-05,0.11402852
FINAL_REAL_MARK_PREMIUM_CLOSED_GUARD_2026_06_13,1782346500000,2026-06-25 00:15:00 UTC,HEIUSDT,1782346500000,2026-06-25 00:15:00 UTC,1782347399999,2026-06-25 00:29:59 UTC,True,0.11655,0.11704,0.1114,0.11287,-0.0036700000000000066,-3.1491333447743317,38.889059691667924,0.1165226,0.11690962,0.11158,0.11281,-0.003569740000000002,-3.067320824054085,1782347399999,2026-06-25 00:29:59 UTC,6.0000000000004494e-05,0.05318677422214742,0.0,0.0015465,-0.00643197,-0.00030233,-0.00030233,,1782347399999,2026-06-25 00:29:59 UTC,23914,941.0,4.096112828102555,8526195.5,97842.30000000075,1.1608709041761651,974002.96574,2692.4270760000218,0.2771952911890929,binance_kline_quote_asset_volume,356.53573220707534,40.729403936606175,0.005640000000000006,4.839124839124844,-0.0036800000000000027,-3.15744315744316,0.0036800000000000027,3.15744315744316,0.0004900000000000043,8.687943262411414,0.001469999999999999,26.063829787234,0.26063829787234,3927607.7,4598587.8,46.06518464184876,53.93481535815123,449510.01173,-61787.82001899998,-12.08450656003018,524492.95401,64480.247095,14.017057817256012,46.15078470407779,53.84921529592221,0.8540899664892775,0.8570372743680932,-74982.94227999996,-7.698430591844407,43325248.5,5042181.15586539,125914.89999999851,0.29147417218491195,116593.13879339024,2.367090759301844,0.9131,-0.0032999999999999696,-0.3601047577477051,47.73,52.27,1.2367,-0.007400000000000073,-0.5948074913592214,55.28999999999999,44.71,0.8162,-0.0006999999999999229,-0.08568980291344387,44.940000000000005,55.059999999999995,0.3235999999999999,-0.09689999999999999,-0.4204999999999999,1782345600000,2026-06-25 00:00:00 UTC,5e-05,0.11402852
FINAL_REAL_MARK_PREMIUM_CLOSED_GUARD_2026_06_13,1782347400000,2026-06-25 00:30:00 UTC,HEIUSDT,1782347400000,2026-06-25 00:30:00 UTC,1782348299999,2026-06-25 00:44:59 UTC,True,0.11287,0.11524,0.11206,0.11509,0.0022199999999999998,1.9668645344201292,45.43663123859301,0.11287,0.11509575,0.11220986,0.11509575,0.002285750000000003,2.0261944863044086,1782348299999,2026-06-25 00:44:59 UTC,-5.749999999998812e-06,-0.004995840419823331,0.0,0.00268771,-0.00340557,0.0,0.00030233,-100.0,1782348299999,2026-06-25 00:44:59 UTC,21221,-2693.0,-11.261185916199716,8021520.4,-504675.0999999996,-5.919112457601983,912489.690476,-61513.275264000054,-6.315512111122297,binance_kline_quote_asset_volume,377.9991706328637,42.99937281353376,0.0031799999999999884,2.8174005493044993,0.0022199999999999998,1.9668645344201292,0.0022199999999999998,1.9668645344201292,0.00014999999999999736,4.716981132075406,0.0008099999999999913,25.471698113207363,0.952830188679246,3880205.5,4141314.9000000004,48.372444455791694,51.627555544208306,441601.087592,-7908.924138000002,-1.7594545019278744,470888.60288399993,-53604.35112600005,-10.220223306370295,48.39518651017733,51.60481348982267,0.936950121807931,0.9378037287107271,-29287.51529199991,-3.2096269796453356,42486473.5,4792899.075535,-838775.0,-1.9359958200816783,-249282.08033038955,-4.943933441193571,0.926,0.012900000000000023,1.4127696856861267,48.08,51.92,1.2606,0.023900000000000032,1.9325624646235977,55.76,44.24,0.8113,-0.0049000000000000155,-0.6003430531732438,44.79,55.21,0.3345999999999999,-0.11470000000000002,-0.4492999999999999,1782345600000,2026-06-25 00:00:00 UTC,5e-05,0.11402852
FINAL_REAL_MARK_PREMIUM_CLOSED_GUARD_2026_06_13,1782348300000,2026-06-25 00:45:00 UTC,HEIUSDT,1782348300000,2026-06-25 00:45:00 UTC,1782349199999,2026-06-25 00:59:59 UTC,True,0.1151,0.11544,0.11321,0.1139,-0.0011899999999999966,-1.033973412112257,42.79006422514517,0.11509575,0.11530848,0.11332,0.11388254,-0.0012132099999999924,-1.0540875749104484,1782349199999,2026-06-25 00:59:59 UTC,1.7459999999996922e-05,0.015331586387164284,0.0,0.00185319,-0.00264694,0.0,0.0,,1782349199999,2026-06-25 00:59:59 UTC,12048,-9173.0,-43.226049667781915,3220089.0,-4801431.4,-59.8568745147117,368756.380639,-543733.309837,-59.58788526732414,binance_kline_quote_asset_volume,267.27166334661354,30.60726930934595,0.002229999999999996,1.9374456993918296,-0.0011999999999999927,-1.042571676802774,0.0011999999999999927,1.042571676802774,0.00034000000000000696,15.246636771300789,0.0006899999999999962,30.941704035874324,0.30941704035874323,1467889.7,1752199.3,45.58537667747692,54.41462332252307,168159.083629,-273442.003963,-61.92059115027272,200597.29700999998,-270291.30587399995,-57.400264992309516,45.60167429173844,54.39832570826157,0.8377412889047495,0.8382918720017304,-32438.21338099998,-8.79665141652312,42988847.7,4947833.66766728,502374.200000003,1.1824332749104323,154934.59213227965,3.2325861590353915,0.9153,-0.010700000000000043,-1.1555075593952528,47.79,52.21,1.2751,0.014499999999999957,1.150245914643817,56.05,43.95,0.7989,-0.012399999999999967,-1.5284111919142076,44.41,55.589999999999996,0.3597999999999999,-0.11639999999999995,-0.47619999999999985,1782345600000,2026-06-25 00:00:00 UTC,5e-05,0.11402852
FINAL_REAL_MARK_PREMIUM_CLOSED_GUARD_2026_06_13,1782349200000,2026-06-25 01:00:00 UTC,HEIUSDT,1782349200000,2026-06-25 01:00:00 UTC,1782350099999,2026-06-25 01:14:59 UTC,True,0.11391,0.11522,0.11297,0.11496,0.0010600000000000054,0.9306409130816553,45.81752943878093,0.11389641,0.11519,0.11304174,0.11488574,0.0010031999999999958,0.8809076439636802,1782350099999,2026-06-25 01:14:59 UTC,7.426000000000654e-05,0.06463813524638179,0.0,0.00329507,-0.00239155,0.0,0.0,,1782350099999,2026-06-25 01:14:59 UTC,12159,111.0,0.9213147410358566,3149295.4,-70793.6000000001,-2.1984982402660327,358830.457968,-9925.922671000008,-2.691729063453725,binance_kline_quote_asset_volume,259.009408668476,29.511510647915124,0.002250000000000002,1.9752436133789852,0.0010500000000000093,0.9217803529102003,0.0010500000000000093,0.9217803529102003,0.00025999999999999635,11.555555555555383,0.0009399999999999964,41.77777777777758,0.8844444444444461,1422124.4,1727171.0,45.1569071608843,54.84309283911569,162104.36981,-6054.713818999997,-3.6005868302411628,196726.08815799997,-3871.2088520000107,-1.9298409847501716,45.17575534918952,54.824244650810485,0.8233836719120458,0.8240105383471376,-34621.718347999966,-9.648489301620957,42982387.8,4895539.6636478,-6459.9000000059605,-0.015026920575044768,-52294.0040194802,-1.0569070735179924,0.9212,0.005900000000000016,0.6445973997596434,47.949999999999996,52.05,1.2781,0.0030000000000001137,0.23527566465376157,56.10000000000001,43.9,0.8119,0.0129999999999999,1.627237451495794,44.81,55.19,0.3569,-0.10930000000000006,-0.46620000000000006,1782345600000,2026-06-25 00:00:00 UTC,5e-05,0.11402852
FINAL_REAL_MARK_PREMIUM_CLOSED_GUARD_2026_06_13,1782350100000,2026-06-25 01:15:00 UTC,HEIUSDT,1782350100000,2026-06-25 01:15:00 UTC,1782350999999,2026-06-25 01:29:59 UTC,True,0.11497,0.11672,0.11377,0.11444,-0.0005200000000000066,-0.45233124565066685,44.57144749880739,0.11488573,0.11653,0.11391729,0.11444,-0.00044574,-0.3879854888866103,1782350999999,2026-06-25 01:29:59 UTC,0.0,0.0,0.00019343,0.00231094,-0.00234519,0.0,0.0,,1782350999999,2026-06-25 01:29:59 UTC,15530,3371.0,27.724319434163995,4156102.6,1006807.2000000002,31.969284304038297,479484.147585,120653.68961700005,33.62414949395399,binance_kline_quote_asset_volume,267.61768190598843,30.874703643593048,0.002950000000000008,2.5658867530660245,-0.0005300000000000027,-0.460989823432202,0.0005300000000000027,0.460989823432202,0.0017500000000000016,59.32203389830497,0.0006700000000000039,22.711864406779732,0.2271186440677973,1828544.5,2327558.1,43.99661596419684,56.00338403580316,210924.398098,48820.028288,30.116417185558408,268559.74948700005,71833.66132900008,36.514557881772696,43.9898585094742,56.0101414905258,0.7856063829298181,0.7853909549026075,-57635.35138900005,-12.02028298105159,43357511.2,4981159.75877029,375123.40000000596,0.8727374610863429,85620.09512249008,1.7489408932434676,0.904,-0.017199999999999993,-1.8671298306556658,47.48,52.52,1.2829,0.0047999999999999154,0.3755574681167292,56.2,43.8,0.795,-0.016899999999999915,-2.0815371351151515,44.29,55.71,0.3788999999999999,-0.10899999999999999,-0.4878999999999999,1782345600000,2026-06-25 00:00:00 UTC,5e-05,0.11402852
FINAL_REAL_MARK_PREMIUM_CLOSED_GUARD_2026_06_13,1782351000000,2026-06-25 01:30:00 UTC,HEIUSDT,1782351000000,2026-06-25 01:30:00 UTC,1782351899999,2026-06-25 01:44:59 UTC,True,0.11447,0.1149,0.1125,0.11272,-0.0017199999999999993,-1.502970989164627,40.6348304193974,0.11444,0.1146941,0.11264,0.11285202,-0.0015879800000000027,-1.3876092275428196,1782351899999,2026-06-25 01:44:59 UTC,-0.00013201999999999658,-0.11698505706853682,2.528e-05,0.00269462,-0.00240946,0.0,0.0,,1782351899999,2026-06-25 01:44:59 UTC,10298,-5232.0,-33.689632968448166,2762902.0,-1393200.6,-33.52180477931416,314459.722414,-165024.425171,-34.41707635219483,binance_kline_quote_asset_volume,268.29500873956107,30.53599945756458,0.0023999999999999994,2.0966192015375205,-0.0017500000000000016,-1.5287848344544437,0.0017500000000000016,1.5287848344544437,0.0004299999999999998,17.916666666666664,0.00021999999999999797,9.166666666666584,0.09166666666666584,1443088.2,1319813.8,52.23088622035815,47.76911377964184,164292.863302,-46631.53479599999,-22.108174879955794,150166.859112,-118392.89037500005,-44.08437623327877,52.246075281368235,47.753924718631765,1.0934028724354905,1.0940687197796706,14126.004190000007,4.492150562736459,43682322.4,4999004.975456,324811.19999999553,0.7491463209262701,17845.216685710475,0.3582542530239175,0.9095,0.005499999999999949,0.608407079646012,47.63,52.370000000000005,1.2955,0.012600000000000167,0.9821498168212773,56.44,43.56,0.7957,0.0006999999999999229,0.08805031446539911,44.31,55.69,0.3860000000000001,-0.11380000000000001,-0.49980000000000013,1782345600000,2026-06-25 00:00:00 UTC,5e-05,0.11402852
FINAL_REAL_MARK_PREMIUM_CLOSED_GUARD_2026_06_13,1782351900000,2026-06-25 01:45:00 UTC,HEIUSDT,1782351900000,2026-06-25 01:45:00 UTC,1782352799999,2026-06-25 01:59:59 UTC,True,0.11272,0.11389,0.1125,0.11352,0.0007999999999999952,0.7097232079488957,43.14986609219575,0.11285202,0.1137214,0.11261695,0.1133879,0.0005358800000000025,0.4748519344181899,1782352799999,2026-06-25 01:59:59 UTC,0.0001320999999999961,0.1165027308910352,-0.00036488,0.00280634,-0.00107118,0.00082966,0.00082966,,1782352799999,2026-06-25 01:59:59 UTC,10071,-227.0,-2.2043115167993785,2752811.7,-10090.299999999814,-0.36520658351254637,311425.499827,-3034.2225869999966,-0.9649002306900563,binance_kline_quote_asset_volume,273.3404527852249,30.922996706086785,0.0013900000000000023,1.2331440738112158,0.0007999999999999952,0.7097232079488957,0.0007999999999999952,0.7097232079488957,0.0003700000000000092,26.61870503597184,0.00021999999999999797,15.82733812949623,0.7338129496402815,1432396.3,1320415.4000000001,52.033936792698164,47.96606320730183,162072.418677,-2220.4446250000037,-1.3515161768885997,149353.08115,-813.7779619999928,-0.5419158173862098,52.04211561578382,47.95788438421618,1.084807326542844,1.0851628733003877,12719.337526999996,4.084231231567651,44067322.4,4973086.34883125,385000.0,0.8813633956421695,-25918.626624749973,-0.5184757117067227,0.9099,0.00040000000000006697,0.043980208905999664,47.64,52.35999999999999,1.3037,0.008199999999999985,0.6329602470088758,56.589999999999996,43.41,0.7995,0.0038000000000000256,0.47756692220686514,44.43,55.57,0.39380000000000004,-0.11040000000000005,-0.5042000000000001,1782345600000,2026-06-25 00:00:00 UTC,5e-05,0.11402852
FINAL_REAL_MARK_PREMIUM_CLOSED_GUARD_2026_06_13,1782352800000,2026-06-25 02:00:00 UTC,HEIUSDT,1782352800000,2026-06-25 02:00:00 UTC,1782353699999,2026-06-25 02:14:59 UTC,True,0.11352,0.11556,0.11325,0.11556,0.00204,1.7970401691331925,49.07463543112934,0.1133879,0.11552074,0.11334,0.11552074,0.002132839999999997,1.881011995107059,1782353699999,2026-06-25 02:14:59 UTC,3.9259999999999295e-05,0.033985239360481326,0.00060444,0.00314437,-0.00244159,0.00011202,-0.00071764,-86.49808355229854,1782353699999,2026-06-25 02:14:59 UTC,13174,3103.0,30.81124019461821,3869599.8,1116788.0999999996,40.568997145718306,443273.86157,131848.361743,42.33704748527114,binance_kline_quote_asset_volume,293.73005920752996,33.64762878169121,0.0023099999999999926,2.034883720930226,0.00204,1.7970401691331925,0.00204,1.7970401691331925,0.0,0.0,0.00026999999999999247,11.6883116883114,1.0,1813668.6,2055931.1999999997,46.86966853781624,53.130331462183754,207811.270991,45738.85231399999,28.221243742375812,235462.590579,86109.509429,57.6549936338558,46.88101171924916,53.11898828075085,0.8821640529605272,0.8825659756821425,-27651.319588000013,-6.237976561501682,44289849.1,5021932.98076589,222526.70000000298,0.5049698685573031,48846.63193464,0.9822196621645166,0.9124,0.0024999999999999467,0.27475546763380004,47.71,52.290000000000006,1.3147,0.010999999999999899,0.8437523970238473,56.8,43.2,0.7969,-0.0025999999999999357,-0.3252032520325123,44.35,55.65,0.4023,-0.11549999999999994,-0.5177999999999999,1782345600000,2026-06-25 00:00:00 UTC,5e-05,0.11402852
FINAL_REAL_MARK_PREMIUM_CLOSED_GUARD_2026_06_13,1782353700000,2026-06-25 02:15:00 UTC,HEIUSDT,1782353700000,2026-06-25 02:15:00 UTC,1782354599999,2026-06-25 02:29:59 UTC,True,0.11555,0.11594,0.11227,0.11409,-0.001469999999999999,-1.272066458982346,45.402712122108454,0.11552074,0.11552074,0.11239037,0.11409,-0.0014307399999999998,-1.2385135344527742,1782354599999,2026-06-25 02:29:59 UTC,0.0,0.0,0.0,0.00412992,-0.00405658,-0.00021525,-0.00032727,-292.1531869309052,1782354599999,2026-06-25 02:29:59 UTC,17960,4786.0,36.32913314103538,5990409.0,2120809.2,54.806938950120895,682327.460914,239053.59934400005,53.929098931598,binance_kline_quote_asset_volume,333.54170378619153,37.99150673240535,0.0036700000000000066,3.176114236261365,-0.001460000000000003,-1.2635222847252296,0.001460000000000003,1.2635222847252296,0.00039000000000000146,10.626702997275226,0.0018200000000000022,49.591280653950925,0.49591280653950925,3078188.1,2912220.9,51.385274361066166,48.614725638933834,350634.740123,142823.469132,68.72748934690144,331692.72079100006,96230.13021200005,40.86854305619045,51.38804462791418,48.61195537208582,1.0569899075993858,1.057107130017289,18942.019331999938,2.77608925582835,44181603.3,5103891.50760244,-108245.80000000447,-0.2444031808634102,81958.52683654986,1.6320115610951553,0.9088,-0.0035999999999999366,-0.39456378781235607,47.61,52.39,1.3157,0.001000000000000112,0.0760629801475707,56.82000000000001,43.18,0.7957,-0.0012000000000000899,-0.15058351110554521,44.31,55.69,0.40690000000000004,-0.11310000000000009,-0.5200000000000001,1782345600000,2026-06-25 00:00:00 UTC,5e-05,0.11402852
FINAL_REAL_MARK_PREMIUM_CLOSED_GUARD_2026_06_13,1782354600000,2026-06-25 02:30:00 UTC,HEIUSDT,1782354600000,2026-06-25 02:30:00 UTC,1782355499999,2026-06-25 02:44:59 UTC,True,0.11408,0.11536,0.11391,0.11435,0.00025999999999999635,0.2278902620737982,46.16990116905324,0.11409,0.11528563,0.11394529,0.11425234,0.00016233999999999693,0.14229117363484697,1782355499999,2026-06-25 02:44:59 UTC,9.765999999999941e-05,0.0854774615557103,0.0,0.00226135,-0.00141682,0.00014089,0.00035614,-165.45412311265972,1782355499999,2026-06-25 02:44:59 UTC,10973,-6987.0,-38.90311804008908,3698366.8,-2292042.2,-38.261864924415015,424194.204008,-258133.25690600008,-37.831286543886435,binance_kline_quote_asset_volume,337.0424496491388,38.657997266745646,0.0014500000000000068,1.2710378681626988,0.00026999999999999247,0.23667601683028794,0.00026999999999999247,0.23667601683028794,0.0010100000000000109,69.65517241379354,0.00017000000000000348,11.724137931034667,0.30344827586206474,1797564.4,1900802.4,48.60427581169072,51.39572418830928,206206.651104,-144428.089019,-41.19046759837195,217987.55290399998,-113705.16788700008,-34.28027230017081,48.611378740127975,51.388621259872025,0.9456871477014128,0.9459560803217594,-11780.901799999992,-2.7772425197440493,44238517.8,5047172.495802,56914.5,0.1288194536842442,-56719.01180044003,-1.1112895271373795,0.8786,-0.030200000000000005,-3.3230633802816905,46.77,53.23,1.2991,-0.01660000000000017,-1.261685794634048,56.510000000000005,43.49,0.7973,0.0016000000000000458,0.20108080935026343,44.36,55.64,0.4204999999999999,-0.08130000000000004,-0.5017999999999999,1782345600000,2026-06-25 00:00:00 UTC,5e-05,0.11402852
FINAL_REAL_MARK_PREMIUM_CLOSED_GUARD_2026_06_13,1782355500000,2026-06-25 02:45:00 UTC,HEIUSDT,1782355500000,2026-06-25 02:45:00 UTC,1782356399999,2026-06-25 02:59:59 UTC,True,0.11435,0.1152,0.11306,0.11306,-0.0012899999999999995,-1.128115435067774,42.9454933467619,0.11432377,0.11506772,0.11313885,0.11313885,-0.0011134899999999948,-0.9745883541641203,1782356399999,2026-06-25 02:59:59 UTC,-7.88500000000053e-05,-0.06969312486383353,0.00026002,0.00083226,-0.0025864,-0.00124347,-0.00138436,-982.5821562921429,1782356399999,2026-06-25 02:59:59 UTC,7152,-3821.0,-34.82183541419849,2144307.3,-1554059.5,-42.02015603211667,244866.596213,-179327.60779499996,-42.27488402732112,binance_kline_quote_asset_volume,299.8192533557047,34.23749947049777,0.002140000000000003,1.8714473108876286,-0.0012899999999999995,-1.128115435067774,0.0012899999999999995,1.128115435067774,0.0008500000000000035,39.71962616822441,0.0,0.0,0.0,1060020.3,1084286.9999999998,49.43415992661127,50.56584007338872,121106.370826,-85100.28027799999,-41.26941581291663,123760.22538700001,-94227.32751699997,-43.226012798307316,49.45810196203905,50.541898037960955,0.9776196708067147,0.9785564824829515,-2653.8545610000147,-1.0837960759218987,44573317.7,5092605.84878842,334799.90000000596,0.7568063231992053,45433.35298641957,0.9001743654334956,0.8776,-0.0010000000000000009,-0.11381743683132266,46.739999999999995,53.26,1.3004,0.0013000000000000789,0.10006927873143553,56.53,43.47,0.8002,0.0029000000000000137,0.3637275805844743,44.45,55.55,0.42279999999999995,-0.07740000000000002,-0.5002,1782345600000,2026-06-25 00:00:00 UTC,5e-05,0.11402852
FINAL_REAL_MARK_PREMIUM_CLOSED_GUARD_2026_06_13,1782356400000,2026-06-25 03:00:00 UTC,HEIUSDT,1782356400000,2026-06-25 03:00:00 UTC,1782357299999,2026-06-25 03:14:59 UTC,True,0.11307,0.11441,0.11261,0.1143,0.001240000000000005,1.0967627808243456,46.79214972180376,0.11313885,0.11434,0.11273,0.11430156,0.0011627099999999974,1.027684124418798,1782357299999,2026-06-25 03:14:59 UTC,-1.5599999999976744e-06,-0.0013648107689848454,-0.00151889,0.00102023,-0.00183384,0.0,0.00124347,-100.0,1782357299999,2026-06-25 03:14:59 UTC,9725,2573.0,35.975950782997764,2767055.0,622747.7000000002,29.041905514195665,313130.73886,68264.14264699997,27.878095135368987,binance_kline_quote_asset_volume,284.5300771208226,32.198533558868895,0.001799999999999996,1.591934200053061,0.001229999999999995,1.0878217033695896,0.001229999999999995,1.0878217033695896,0.00010999999999999899,6.111111111111069,0.0004600000000000021,25.555555555555724,0.9388888888888893,1560841.8,1206213.2,56.408051159084295,43.5919488409157,176637.920973,55531.550147,45.85353335935164,136492.81788699998,12732.59249999997,10.288113535818935,56.41027821672097,43.58972178327903,1.294001591095173,1.2941187947283457,40145.10308600002,12.820556433441944,44423741.6,5026051.03732116,-149576.1000000015,-0.3355731808135105,-66554.81146726012,-1.3068910778377665,0.8864,0.008799999999999919,1.0027347310847672,46.989999999999995,53.010000000000005,1.3118,0.011400000000000077,0.8766533374346414,56.74,43.26,0.8031,0.0029000000000000137,0.36240939765058905,44.54,55.46,0.4254000000000001,-0.08329999999999993,-0.5087,1782345600000,2026-06-25 00:00:00 UTC,5e-05,0.11402852
FINAL_REAL_MARK_PREMIUM_CLOSED_GUARD_2026_06_13,1782357300000,2026-06-25 03:15:00 UTC,HEIUSDT,1782357300000,2026-06-25 03:15:00 UTC,1782358199999,2026-06-25 03:29:59 UTC,True,0.1143,0.11603,0.11364,0.11573,0.0014300000000000007,1.2510936132983383,50.903137740347674,0.11430156,0.11595441,0.11364284,0.11570662,0.0014050599999999996,1.2292570635081443,1782358199999,2026-06-25 03:29:59 UTC,2.3380000000003398e-05,0.020206276875085798,0.0,0.00330425,-0.00229997,0.0,0.0,,1782358199999,2026-06-25 03:29:59 UTC,10923,1198.0,12.318766066838046,3518955.9,751900.8999999999,27.17332687640831,405060.224327,91929.48546699999,29.358179845799633,binance_kline_quote_asset_volume,322.1602032408679,37.08323943303122,0.0023899999999999894,2.090988626421688,0.0014300000000000007,1.2510936132983383,0.0014300000000000007,1.2510936132983383,0.0002999999999999947,12.552301255229962,0.0006599999999999939,27.61506276150614,0.8744769874477004,1595709.9,1923246.0,45.3461181482837,54.6538818517163,183663.488436,7025.567463000014,3.9773834657360507,221396.73589099996,84903.91800399998,62.20394546641307,45.342267002679286,54.65773299732071,0.8296962011099983,0.8295672819965281,-37733.247454999946,-9.315465994641423,44257095.2,5058655.02242851,-166646.3999999985,-0.37512914040540546,32603.985107350163,0.64869984139134,0.8786,-0.007799999999999918,-0.8799638989169584,46.77,53.23,1.3098,-0.0020000000000000018,-0.1524622655892668,56.71000000000001,43.29,0.796,-0.007099999999999995,-0.8840742124268454,44.32,55.67999999999999,0.4312,-0.0826,-0.5138,1782345600000,2026-06-25 00:00:00 UTC,5e-05,0.11402852
FINAL_REAL_MARK_PREMIUM_CLOSED_GUARD_2026_06_13,1782358200000,2026-06-25 03:30:00 UTC,HEIUSDT,1782358200000,2026-06-25 03:30:00 UTC,1782359099999,2026-06-25 03:44:59 UTC,True,0.11574,0.11799,0.11497,0.11593,0.00020000000000000573,0.17281603732826903,51.467916140941774,0.11570662,0.11778959,0.11512774,0.11590143,0.0001948100000000036,0.1683654746807085,1782359099999,2026-06-25 03:44:59 UTC,2.8570000000005535e-05,0.024650256687950733,0.0,0.00175694,-0.00210501,0.0,0.0,,1782359099999,2026-06-25 03:44:59 UTC,13362,2439.0,22.329030486130183,5324430.2,1805474.3000000003,51.30710220039985,621264.776759,216204.55243200005,53.37590300089817,binance_kline_quote_asset_volume,398.4755425834456,46.49489423432121,0.003019999999999995,2.6092966994988727,0.0001900000000000096,0.16416105063073236,0.0001900000000000096,0.16416105063073236,0.0020599999999999924,68.21192052980119,0.0007699999999999929,25.496688741721663,0.3178807947019881,3351915.0,1972515.2000000002,62.9534968831031,37.04650311689691,391224.463498,207560.97506199998,113.01156088752357,230040.31326100003,8643.577370000072,3.9041123778155233,62.97225887148002,37.02774112851997,1.6993100991059535,1.7006778418621045,161184.15023699997,25.94451774296006,44095257.4,5102113.19178399,-161837.80000000447,-0.36567650739085217,43458.16935548,0.8590854518206901,0.8797,0.0010999999999999899,0.12519918051445367,46.800000000000004,53.2,1.2986,-0.011200000000000099,-0.8550923805161169,56.489999999999995,43.51,0.7982,0.0021999999999999797,0.27638190954773617,44.39,55.61000000000001,0.41889999999999994,-0.08150000000000002,-0.5004,1782345600000,2026-06-25 00:00:00 UTC,5e-05,0.11402852
FINAL_REAL_MARK_PREMIUM_CLOSED_GUARD_2026_06_13,1782359100000,2026-06-25 03:45:00 UTC,HEIUSDT,1782359100000,2026-06-25 03:45:00 UTC,1782359999999,2026-06-25 03:59:59 UTC,True,0.11591,0.11628,0.11479,0.11584,-9.000000000000674e-05,-0.07763305442940285,51.182588539810844,0.11590143,0.1162211,0.11497,0.11593143,3.0000000000002247e-05,0.025884063725531467,1782359999999,2026-06-25 03:59:59 UTC,-9.143000000000345e-05,-0.07886558459600079,0.0,0.00146182,-0.00324319,-8.778e-05,-8.778e-05,,1782359999999,2026-06-25 03:59:59 UTC,7260,-6102.0,-45.66681634485855,2092670.6,-3231759.6,-60.696815971031036,242024.642656,-379240.13410300005,-61.0432376484325,binance_kline_quote_asset_volume,288.2466391184573,33.336727638567496,0.0014899999999999913,1.2854801138814522,-7.000000000000062e-05,-0.06039168320248521,7.000000000000062e-05,0.06039168320248521,0.00036999999999999533,24.832214765100503,0.0010499999999999954,70.46979865771821,0.7046979865771822,1050250.3,1042420.3,50.18708152157344,49.81291847842656,121479.297998,-269745.1655,-68.94895147613359,120545.34465800002,-109494.96860300002,-47.5981653175584,50.192945918595456,49.807054081404544,1.0075113656171124,1.0077477346192814,933.9533399999782,0.385891837190912,43691727.3,5063933.67324004,-403530.1000000015,-0.9151326555132014,-38179.51854394935,-0.7483079482719123,0.8793,-0.00040000000000006697,-0.045470046606805384,46.79,53.21,1.304,0.005400000000000071,0.41583243492993,56.599999999999994,43.4,0.8106,0.012399999999999967,1.553495364570279,44.769999999999996,55.230000000000004,0.4247000000000001,-0.06869999999999998,-0.49340000000000006,1782345600000,2026-06-25 00:00:00 UTC,5e-05,0.11402852
FINAL_REAL_MARK_PREMIUM_CLOSED_GUARD_2026_06_13,1782360000000,2026-06-25 04:00:00 UTC,HEIUSDT,1782360000000,2026-06-25 04:00:00 UTC,1782360899999,2026-06-25 04:14:59 UTC,True,0.11587,0.11594,0.11383,0.11392,-0.001920000000000005,-1.657458563535916,45.40018702084568,0.11593143,0.11593143,0.11384017,0.11392,-0.0020114300000000085,-1.7350169837463476,1782360899999,2026-06-25 04:14:59 UTC,0.0,0.0,-9.151e-05,0.00042434,-0.0022317,0.0,8.778e-05,-100.0,1782360899999,2026-06-25 04:14:59 UTC,9943,2683.0,36.955922865013775,3560628.3,1467957.6999999997,70.14757602080326,408515.602957,166490.960301,68.7909125591152,binance_kline_quote_asset_volume,358.104022930705,41.085749065372625,0.0021100000000000008,1.8210063001639774,-0.0019500000000000073,-1.6829205143695583,0.0019500000000000073,1.6829205143695583,7.000000000000062e-05,3.3175355450237247,8.999999999999286e-05,4.265402843601556,0.04265402843601556,1771496.2,1789132.0999999999,49.752348482991046,50.247651517008954,203265.83428,81786.53628200002,67.32549300980199,205249.76867700001,84704.424019,70.2676857902024,49.75717764723802,50.24282235276198,0.9901427625159708,0.9903340480732911,-1983.9343970000045,-0.48564470552397276,43520989.9,5045450.59412256,-170737.3999999985,-0.39077740925110677,-18483.079117480665,-0.36499449459918965,0.8968,0.01750000000000007,1.9902194927783545,47.28,52.72,1.3024,-0.0016000000000000458,-0.12269938650307101,56.57,43.43,0.8195,0.008900000000000019,1.0979521342215666,45.04,54.96,0.40559999999999996,-0.07730000000000004,-0.4829,1782345600000,2026-06-25 00:00:00 UTC,5e-05,0.11402852
FINAL_REAL_MARK_PREMIUM_CLOSED_GUARD_2026_06_13,1782360900000,2026-06-25 04:15:00 UTC,HEIUSDT,1782360900000,2026-06-25 04:15:00 UTC,1782361799999,2026-06-25 04:29:59 UTC,True,0.11392,0.11409,0.11289,0.11348,-0.00043999999999999595,-0.38623595505617625,44.16868094346805,0.11392,0.11402227,0.11297,0.11328603,-0.0006339699999999976,-0.5565045646067395,1782361799999,2026-06-25 04:29:59 UTC,0.00019397000000000164,0.17122146481786116,0.0,0.00112272,-0.001767,0.00020125,0.00020125,,1782361799999,2026-06-25 04:29:59 UTC,8223,-1720.0,-17.298602031580007,2735761.1,-824867.1999999997,-23.16633836786614,310424.726216,-98090.87674100004,-24.011537388285507,binance_kline_quote_asset_volume,332.6962300863432,37.750787573391705,0.0011999999999999927,1.0533707865168476,-0.00043999999999999595,-0.38623595505617625,0.00043999999999999595,0.38623595505617625,0.00017000000000000348,14.166666666667044,0.0005899999999999933,49.16666666666641,0.4916666666666641,1360106.1,1375655.0,49.71582131202904,50.28417868797096,154302.929406,-48962.904874,-24.088113502908353,156121.79680999997,-49127.971867000044,-23.935701454705345,49.70703567557722,50.29296432442278,0.988697093384606,0.988349689529813,-1818.8674039999605,-0.5859286488455674,44005512.0,5013107.92704,484522.1000000015,1.113306708127063,-32342.667082559317,-0.6410263360865184,0.9037,0.006899999999999906,0.7694023193577059,47.47,52.53,1.329,0.026599999999999957,2.042383292383289,57.06,42.94,0.8235,0.0040000000000000036,0.48810250152532075,45.16,54.84,0.4253,-0.08019999999999994,-0.5055,1782360000008,2026-06-25 04:00:00 UTC,5e-05,0.11593143
FINAL_REAL_MARK_PREMIUM_CLOSED_GUARD_2026_06_13,1782361800000,2026-06-25 04:30:00 UTC,HEIUSDT,1782361800000,2026-06-25 04:30:00 UTC,1782362699999,2026-06-25 04:44:59 UTC,True,0.11349,0.11388,0.1127,0.11319,-0.0002899999999999986,-0.2555516390553389,43.33434461300088,0.11328603,0.11378633,0.11275469,0.11326833,-1.7699999999995497e-05,-0.01562416831095193,1782362699999,2026-06-25 04:44:59 UTC,-7.833000000000145e-05,-0.0691543699814427,0.0011826,0.0011826,-0.00190097,0.0,-0.00020125,-100.0,1782362699999,2026-06-25 04:44:59 UTC,6932,-1291.0,-15.69986622887024,2215582.8,-520178.3000000003,-19.014025018485725,250909.250844,-59515.475371999986,-19.172272807478578,binance_kline_quote_asset_volume,319.61667628390074,36.195794986151185,0.0011800000000000005,1.0397391840690815,-0.0002999999999999947,-0.26434047052603293,0.0002999999999999947,0.26434047052603293,0.00039000000000000146,33.05084745762723,0.0004900000000000043,41.52542372881391,0.4152542372881391,1143086.0,1072496.7999999998,51.59301651917501,48.40698348082499,129500.292835,-24802.63657100001,-16.0739894352489,121408.958009,-34712.838800999976,-22.23446021649716,51.6124026513137,48.3875973486863,1.0658176322763855,1.0666452867950666,8091.334826000006,3.224805302627404,43789341.9,4960720.70016366,-216170.1000000015,-0.4912341435772898,-52387.22687634081,-1.0450049677520696,0.9128,0.009099999999999997,1.0069713400464753,47.72,52.28,1.3318,0.0028000000000001357,0.21068472535742178,57.11000000000001,42.89,0.8288,0.005299999999999971,0.6435944140862139,45.32,54.67999999999999,0.41900000000000015,-0.08399999999999996,-0.5030000000000001,1782360000008,2026-06-25 04:00:00 UTC,5e-05,0.11593143
FINAL_REAL_MARK_PREMIUM_CLOSED_GUARD_2026_06_13,1782362700000,2026-06-25 04:45:00 UTC,HEIUSDT,1782362700000,2026-06-25 04:45:00 UTC,1782363599999,2026-06-25 04:59:59 UTC,True,0.11319,0.11325,0.11166,0.11255,-0.0006400000000000017,-0.5654209735842404,41.4724582813537,0.11326833,0.11326833,0.11183238,0.11265,-0.0006183300000000003,-0.545898398961122,1782363599999,2026-06-25 04:59:59 UTC,-0.00010000000000000286,-0.08877052818464524,0.0,0.00109797,-0.00095413,4.802e-05,4.802e-05,,1782363599999,2026-06-25 04:59:59 UTC,7767,835.0,12.045585689555685,2743554.8,527972.0,23.82993765793813,308313.241453,57403.990609,22.878387471130065,binance_kline_quote_asset_volume,353.23223895970125,39.695280217973476,0.001590000000000008,1.4047177312483508,-0.0006400000000000017,-0.5654209735842404,0.0006400000000000017,0.5654209735842404,6.0000000000004494e-05,3.7735849056606408,0.0008900000000000019,55.97484276729543,0.5597484276729543,1116182.5,1627372.2999999998,40.68380555037574,59.31619444962426,125433.940727,-4066.3521080000064,-3.140033137362138,182879.300726,61470.34271699999,50.630813183029886,40.68392915460345,59.31607084539654,0.6858802377304813,0.6858837508074911,-57445.35999899999,-18.632141690793098,43429003.8,4919130.73398965,-360338.1000000015,-0.8228899644641645,-41589.966174009256,-0.8383855630621807,0.9106,-0.0021999999999999797,-0.24101665205959466,47.660000000000004,52.339999999999996,1.3218,-0.010000000000000009,-0.7508634930169701,56.93,43.07,0.8282,-0.0005999999999999339,-0.07239382239381442,45.300000000000004,54.7,0.4112000000000001,-0.08239999999999992,-0.49360000000000004,1782360000008,2026-06-25 04:00:00 UTC,5e-05,0.11593143
FINAL_REAL_MARK_PREMIUM_CLOSED_GUARD_2026_06_13,1782363600000,2026-06-25 05:00:00 UTC,HEIUSDT,1782363600000,2026-06-25 05:00:00 UTC,1782364499999,2026-06-25 05:14:59 UTC,True,0.11254,0.1151,0.11206,0.11446,0.001910000000000009,1.6970235450910784,48.5738435426181,0.11263,0.11506186,0.1121067,0.11450573,0.0018557299999999999,1.64734132268087,1782364499999,2026-06-25 05:14:59 UTC,-4.572999999999383e-05,-0.039936866041545546,0.0,0.00255965,-0.00179108,-0.00059939,-0.00064741,-1348.2090795501874,1782364499999,2026-06-25 05:14:59 UTC,11681,3914.0,50.392687009141234,4971904.8,2228350.0,81.22126811536624,563770.759904,255457.51845099998,82.85648623039842,binance_kline_quote_asset_volume,425.64033901207085,48.263912328054104,0.003039999999999987,2.7012617735916002,0.001920000000000005,1.7060600675315487,0.001920000000000005,1.7060600675315487,0.0006399999999999878,21.052631578947057,0.0004799999999999943,15.789473684210407,0.7894736842105294,2760270.2,2211634.5999999996,55.517358256738945,44.48264174326105,313036.1382,187602.19747299998,149.5625477328387,250734.621704,67855.320978,37.10388256550951,55.52542992000941,44.47457007999059,1.2480679222508098,1.2484759227608737,62301.516496,11.05085984001881,43458773.0,4895630.77845,29769.20000000298,0.06854681755330289,-23499.955539650284,-0.4777257773873128,0.9157,0.005099999999999993,0.560070283329672,47.8,52.2,1.3162,-0.005600000000000049,-0.42366469965199344,56.830000000000005,43.169999999999995,0.8252,-0.0030000000000000027,-0.3622313450857284,45.21,54.790000000000006,0.4005000000000001,-0.09049999999999991,-0.491,1782360000008,2026-06-25 04:00:00 UTC,5e-05,0.11593143
FINAL_REAL_MARK_PREMIUM_CLOSED_GUARD_2026_06_13,1782364500000,2026-06-25 05:15:00 UTC,HEIUSDT,1782364500000,2026-06-25 05:15:00 UTC,1782365399999,2026-06-25 05:29:59 UTC,True,0.11446,0.11895,0.11403,0.11795,0.003489999999999993,3.0491001223134657,58.48574144889472,0.11450573,0.1188116,0.11418764,0.118259,0.003753270000000003,3.2778010323151543,1782365399999,2026-06-25 05:29:59 UTC,-0.0003090000000000037,-0.2612908954075408,0.0,0.00108492,-0.00307865,-0.0001506,0.00044879,-74.8744556966249,1782365399999,2026-06-25 05:29:59 UTC,17157,5476.0,46.87954798390549,6231177.6,1259272.7999999998,25.327773773946756,725301.975679,161531.21577500005,28.65193217940319,binance_kline_quote_asset_volume,363.18573177128866,42.274405530046046,0.004919999999999994,4.298444871570848,0.003489999999999993,3.0491001223134657,0.003489999999999993,3.0491001223134657,0.0010000000000000009,20.325203252032566,0.0004299999999999998,8.739837398373991,0.7967479674796744,3394093.2,2837084.3999999994,54.469530767346455,45.530469232653545,394874.929478,81838.79127799999,26.143560212755013,330427.04620100005,79692.42449700006,31.783574185091773,54.442831085401785,45.55716891459821,1.1963314168588008,1.1950442132929882,64447.88327699993,8.885662170803586,43561946.0,4988092.42695058,103173.0,0.2374043095970519,92461.64850058034,1.888656491571746,0.899,-0.016699999999999937,-1.8237414000218344,47.339999999999996,52.66,1.3145,-0.0017000000000000348,-0.1291597021729247,56.79,43.21,0.809,-0.016199999999999992,-1.9631604459524954,44.72,55.279999999999994,0.4155,-0.08999999999999997,-0.5055,1782360000008,2026-06-25 04:00:00 UTC,5e-05,0.11593143
FINAL_REAL_MARK_PREMIUM_CLOSED_GUARD_2026_06_13,1782365400000,2026-06-25 05:30:00 UTC,HEIUSDT,1782365400000,2026-06-25 05:30:00 UTC,1782366299999,2026-06-25 05:44:59 UTC,True,0.11795,0.11859,0.1163,0.11798,3.0000000000002247e-05,0.025434506146674224,58.55968092262867,0.118259,0.11845,0.11648842,0.11794683,-0.0003121700000000005,-0.26397145248987436,1782366299999,2026-06-25 05:44:59 UTC,3.3169999999999034e-05,0.028122841453220096,-0.00229481,0.00069434,-0.00229481,0.0,0.0001506,-100.0,1782366299999,2026-06-25 05:44:59 UTC,12937,-4220.0,-24.59637465757417,4728186.5,-1502991.0999999996,-24.120498507376837,554903.550591,-170398.42508800002,-23.49344559946628,binance_kline_quote_asset_volume,365.4778155677514,42.8927533888073,0.0022900000000000004,1.941500635862654,3.0000000000002247e-05,0.025434506146674224,3.0000000000002247e-05,0.025434506146674224,0.0006099999999999994,26.637554585152813,0.0016499999999999987,72.05240174672483,0.7336244541484719,2398578.9,2329607.6,50.72936315012109,49.27063684987891,281539.755159,-113335.17431899998,-28.701537083861467,273363.795432,-57063.250769000035,-17.26954600873932,50.736700974276715,49.263299025723285,1.0296064023829592,1.029908714554096,8175.9597269999795,1.473401948553433,43505948.1,5144969.9163579,-55997.89999999851,-0.12854774669616117,156877.48940731958,3.145039746250753,0.9175,0.01849999999999996,2.0578420467185716,47.85,52.15,1.2894,-0.0250999999999999,-1.9094712818562114,56.32,43.68,0.8232,0.01419999999999999,1.7552533992583423,45.15,54.85,0.3719000000000001,-0.09429999999999994,-0.46620000000000006,1782360000008,2026-06-25 04:00:00 UTC,5e-05,0.11593143
FINAL_REAL_MARK_PREMIUM_CLOSED_GUARD_2026_06_13,1782366300000,2026-06-25 05:45:00 UTC,HEIUSDT,1782366300000,2026-06-25 05:45:00 UTC,1782367199999,2026-06-25 05:59:59 UTC,True,0.11799,0.1266,0.11733,0.12426,0.006279999999999994,5.322936090862853,70.43177630042543,0.11794683,0.12602616,0.11754866,0.12430561,0.0063587799999999944,5.391225859991315,1782367199999,2026-06-25 05:59:59 UTC,-4.561000000000148e-05,-0.036691827504809704,0.0,0.00476087,-0.00537998,-4.407e-05,-4.407e-05,,1782367199999,2026-06-25 05:59:59 UTC,40381,27444.0,212.1357347143851,20259348.4,15531161.899999999,328.48031480991705,2481906.912304,1927003.361713,347.26816212666967,binance_kline_quote_asset_volume,501.70497015923326,61.46224492469231,0.009269999999999987,7.856598016781072,0.006269999999999998,5.314009661835747,0.006269999999999998,5.314009661835747,0.002339999999999995,25.242718446601923,0.0006599999999999939,7.119741100323569,0.7475728155339808,10783679.0,9475669.399999999,53.22816305385222,46.77183694614778,1319897.937885,1038358.182726,368.81405332599854,1162008.974419,888645.1789870001,325.07786101764634,53.1807994627693,46.81920053723069,1.1380387542857924,1.1358758554725825,157888.9634659998,6.361598925538613,43431046.3,5122554.23466823,-74901.80000000447,-0.1721645045588708,-22415.68168967031,-0.43568149190536504,0.9253,0.007800000000000029,0.8501362397820196,48.06,51.94,1.3014,0.011999999999999789,0.9306654257794158,56.55,43.45,0.8285,0.005299999999999971,0.6438289601554873,45.31,54.690000000000005,0.3760999999999999,-0.0968,-0.4728999999999999,1782360000008,2026-06-25 04:00:00 UTC,5e-05,0.11593143
FINAL_REAL_MARK_PREMIUM_CLOSED_GUARD_2026_06_13,1782367200000,2026-06-25 06:00:00 UTC,HEIUSDT,1782367200000,2026-06-25 06:00:00 UTC,1782368099999,2026-06-25 06:14:59 UTC,True,0.12425,0.12451,0.12026,0.12436,0.00010000000000000286,0.08047642040882252,70.57632899175498,0.12423846,0.12440674,0.12036305,0.12420736,-9.824999999999418e-05,-0.0790390715270165,1782368099999,2026-06-25 06:14:59 UTC,0.00015263999999999556,0.12289126827910646,5.79e-05,0.00259938,-0.00636557,0.00022639,0.00027046000000000004,-613.7054685727253,1782368099999,2026-06-25 06:14:59 UTC,34514,-5867.0,-14.529110225105867,9994132.9,-10265215.499999998,-50.66903089538655,1221533.883933,-1260373.028371,-50.78244563173292,binance_kline_quote_asset_volume,289.56750593961874,35.39241710416063,0.00424999999999999,3.4205231388329898,0.00010999999999999899,0.08853118712273561,0.00010999999999999899,0.08853118712273561,0.00014999999999999736,3.529411764705829,0.0039899999999999936,93.88235294117653,0.9647058823529417,5218908.1,4775224.800000001,52.219718831235475,47.78028116876453,638118.456247,-681779.4816379999,-51.653954602768835,583415.427686,-578593.5467330001,-49.79251963370546,52.239112204766336,47.76088779523367,1.0929135943505737,1.0937634247657257,54703.028561000014,4.478224409532665,42391227.6,5269467.40546684,-1039818.6999999955,-2.3941829372874115,146913.17079860996,2.8679671130534166,0.944,0.01869999999999994,2.020966173133031,48.559999999999995,51.44,1.3024,0.001000000000000112,0.07684032580299001,56.57,43.43,0.8889,0.06040000000000001,7.290283645141823,47.06,52.94,0.35840000000000005,-0.05509999999999993,-0.4135,1782360000008,2026-06-25 04:00:00 UTC,5e-05,0.11593143
FINAL_REAL_MARK_PREMIUM_CLOSED_GUARD_2026_06_13,1782368100000,2026-06-25 06:15:00 UTC,HEIUSDT,1782368100000,2026-06-25 06:15:00 UTC,1782368999999,2026-06-25 06:29:59 UTC,True,0.12436,0.12939,0.12278,0.12551,0.0011500000000000121,0.9247346413637922,72.25610328048802,0.12421607,0.12912531,0.12293055,0.125738,0.001530639999999986,1.2323263291321753,1782368999999,2026-06-25 06:29:59 UTC,-0.00022799999999997822,-0.18132943103912758,0.00019372,0.00246994,-0.00386239,-0.00040719,-0.00063358,-279.86218472547375,1782368999999,2026-06-25 06:29:59 UTC,53758,19244.0,55.75708408182187,15735738.8,5741605.9,57.449765351829576,1987532.955862,765999.0719289999,62.70796758111167,binance_kline_quote_asset_volume,292.71436437367464,36.9718545307117,0.006610000000000005,5.3152138951431365,0.0011500000000000121,0.9247346413637922,0.0011500000000000121,0.9247346413637922,0.0038799999999999946,58.69894099848702,0.001579999999999998,23.90317700453853,0.41301059001512985,7732136.5,8003602.300000001,49.13742276911714,50.86257723088286,976740.138158,338621.68191099993,53.065646134505116,1010792.8177039999,427377.3900179999,73.25438610924404,49.14334302116688,50.856656978833115,0.9660820478298877,0.9663109205471502,-34052.67954599997,-1.7133139576662368,42597711.1,5290949.2377737,206483.5,0.48709016390928955,21481.832306860015,0.40766610083921506,0.9425,-0.0014999999999999458,-0.15889830508474004,48.52,51.480000000000004,1.2883,-0.014100000000000001,-1.0826167076167077,56.3,43.7,0.8765,-0.012400000000000078,-1.3949825627179746,46.71,53.290000000000006,0.3458,-0.06600000000000006,-0.41180000000000005,1782360000008,2026-06-25 04:00:00 UTC,5e-05,0.11593143
FINAL_REAL_MARK_PREMIUM_CLOSED_GUARD_2026_06_13,1782369000000,2026-06-25 06:30:00 UTC,HEIUSDT,1782369000000,2026-06-25 06:30:00 UTC,1782369899999,2026-06-25 06:44:59 UTC,True,0.1255,0.12976,0.12515,0.1258,0.0002899999999999847,0.231057286271998,72.67967290609647,0.125738,0.12920336,0.12534871,0.12591121,0.00017321000000000697,0.13775469627320855,1782369899999,2026-06-25 06:44:59 UTC,-0.00011121000000000048,-0.0883241452448916,-0.00357996,0.00198935,-0.00470755,-0.00147087,-0.00106368,261.2244897959184,1782369899999,2026-06-25 06:44:59 UTC,38487,-15271.0,-28.40693478179992,10298234.7,-5437504.1000000015,-34.55512428815863,1313734.169326,-673798.786536,-33.90126360162773,binance_kline_quote_asset_volume,267.5769662483436,34.1344913691896,0.004609999999999975,3.673306772908347,0.0002999999999999947,0.239043824701191,0.0002999999999999947,0.239043824701191,0.003959999999999991,85.90021691973998,0.0003499999999999892,7.592190889370739,0.1409978308026003,4677968.7,5620265.999999999,45.42495715309344,54.57504284690656,597018.2487,-379721.88945799996,-38.87644979698533,716715.9206259999,-294076.897078,-29.093686849298265,45.44437243390686,54.555627566093136,0.8323393768195315,0.8329914705655588,-119697.67192599992,-9.111255132186278,42096981.0,5293190.196978,-500730.1000000015,-1.1754859288672002,2240.9592043003067,0.04235457766824553,0.9577,0.015199999999999991,1.6127320954907154,48.92,51.080000000000005,1.288,-0.00029999999999996696,-0.02328650159124171,56.28999999999999,43.71,0.8936,0.017100000000000004,1.9509412435824307,47.19,52.81,0.33030000000000004,-0.06410000000000005,-0.3944000000000001,1782360000008,2026-06-25 04:00:00 UTC,5e-05,0.11593143
FINAL_REAL_MARK_PREMIUM_CLOSED_GUARD_2026_06_13,1782369900000,2026-06-25 06:45:00 UTC,HEIUSDT,1782369900000,2026-06-25 06:45:00 UTC,1782370799999,2026-06-25 06:59:59 UTC,True,0.12579,0.12817,0.123,0.12601,0.00021000000000001573,0.16693163751988532,73.00111968913943,0.12591121,0.12806522,0.12322,0.12609463,0.00018342000000001746,0.14567408255390246,1782370799999,2026-06-25 06:59:59 UTC,-8.46300000000022e-05,-0.06711626022456484,-0.00192433,0.00229614,-0.0050871,-0.00038557,0.0010853,-73.78626255209501,1782370799999,2026-06-25 06:59:59 UTC,27541,-10946.0,-28.440772208797778,7631853.5,-2666381.1999999993,-25.89163364086079,957954.5384,-355779.63092599995,-27.08155418599865,binance_kline_quote_asset_volume,277.10880142333247,34.78285241639737,0.005170000000000008,4.110024644248356,0.00021999999999999797,0.17489466571269413,0.00021999999999999797,0.17489466571269413,0.0021599999999999953,41.77949709864588,0.0027900000000000147,53.965183752418,0.5822050290135412,3944259.7,3687593.8,51.6815436774304,48.31845632256961,495237.83538,-101780.41331999999,-17.04812433147992,462716.70301999996,-253999.21760599996,-35.4393156753306,51.6974256635559,48.3025743364441,1.0696025413645072,1.0702830309512177,32521.132360000047,3.394851327111793,42528854.8,5354859.56778231,431873.799999997,1.0259020712197795,61669.370804309845,1.1650699957752937,0.9569,-0.0008000000000000229,-0.08353346559465626,48.9,51.1,1.2846,-0.0034000000000000696,-0.2639751552795085,56.230000000000004,43.769999999999996,0.9004,0.006800000000000028,0.7609668755595377,47.38,52.62,0.3277,-0.056499999999999995,-0.3842,1782360000008,2026-06-25 04:00:00 UTC,5e-05,0.11593143
FINAL_REAL_MARK_PREMIUM_CLOSED_GUARD_2026_06_13,1782370800000,2026-06-25 07:00:00 UTC,HEIUSDT,1782370800000,2026-06-25 07:00:00 UTC,1782371699999,2026-06-25 07:14:59 UTC,True,0.12601,0.12793,0.12335,0.12383,-0.0021800000000000153,-1.7300214268708953,64.51505836405973,0.12609463,0.1275252,0.12372871,0.12399639,-0.002098240000000015,-1.6640201093417022,1782371699999,2026-06-25 07:14:59 UTC,-0.00016639000000000237,-0.13418939051370962,-0.00060745,0.00224345,-0.00381356,-0.00033917,4.639999999999999e-05,-12.034131286147778,1782371699999,2026-06-25 07:14:59 UTC,26210,-1331.0,-4.832794742384082,7114719.5,-517134.0,-6.7759948484336086,894404.910584,-63549.627815999906,-6.633887650048834,binance_kline_quote_asset_volume,271.4505723006486,34.12456736299123,0.004579999999999987,3.6346321720498267,-0.0021800000000000153,-1.7300214268708953,0.0021800000000000153,1.7300214268708953,0.0019199999999999773,41.92139737991229,0.0004799999999999943,10.480349344978073,0.10480349344978072,3389849.7,3724869.8,47.64558462213444,52.35441537786556,426441.862617,-68795.972763,-13.891501789279143,467963.04796700005,5246.344947000092,1.1338136083609955,47.67883735550553,52.32116264449448,0.9100585743963454,0.9112725127969334,-41521.18535000004,-4.64232528898895,42290234.2,5332571.43406235,-238620.59999999404,-0.5610792980957344,-22288.133719960228,-0.4162225626617274,0.9508,-0.006099999999999994,-0.6374751802696201,48.74,51.25999999999999,1.2922,0.007600000000000051,0.5916238517826601,56.37,43.63,0.8882,-0.012199999999999989,-1.3549533540648588,47.04,52.959999999999994,0.34140000000000004,-0.06259999999999999,-0.404,1782360000008,2026-06-25 04:00:00 UTC,5e-05,0.11593143
FINAL_REAL_MARK_PREMIUM_CLOSED_GUARD_2026_06_13,1782371700000,2026-06-25 07:15:00 UTC,HEIUSDT,1782371700000,2026-06-25 07:15:00 UTC,1782372599999,2026-06-25 07:29:59 UTC,True,0.12382,0.12396,0.12001,0.12056,-0.003269999999999995,-2.6407171121699062,54.315598835819365,0.12399639,0.12399639,0.12017,0.1209697,-0.0030266899999999985,-2.44095009540197,1782372599999,2026-06-25 07:29:59 UTC,-0.00040969999999999895,-0.3386798512354738,-0.00152619,0.00174525,-0.00404898,-0.00103228,-0.00069311,204.3547483562815,1782372599999,2026-06-25 07:29:59 UTC,24613,-1597.0,-6.093094238840138,6692531.7,-422187.7999999998,-5.934004847274721,813960.409909,-80444.50067500002,-8.994192643964121,binance_kline_quote_asset_volume,271.91044163653356,33.07034534225816,0.003949999999999995,3.1901146826037756,-0.003259999999999999,-2.6328541431109667,0.003259999999999999,2.6328541431109667,0.00014000000000000123,3.54430379746839,0.0005499999999999949,13.92405063291128,0.1392405063291128,3246122.4,3446409.3000000003,48.50365370701195,51.49634629298805,394770.487913,-31671.374704000016,-7.426891560232446,419189.92199600005,-48773.125971,-10.422431040845643,48.499961804915664,51.50003819508434,0.9418853413609346,0.9417461327153922,-24419.43408300006,-3.0000763901686724,42057221.2,5214943.60223147,-233013.0,-0.5509853620058693,-117627.83183087967,-2.205836964124283,0.9562,0.005400000000000071,0.5679427850231459,48.88,51.12,1.3032,0.010999999999999899,0.8512614146416886,56.58,43.419999999999995,0.8936,0.00539999999999996,0.6079711776626842,47.19,52.81,0.34699999999999986,-0.0626000000000001,-0.40959999999999996,1782360000008,2026-06-25 04:00:00 UTC,5e-05,0.11593143
FINAL_REAL_MARK_PREMIUM_CLOSED_GUARD_2026_06_13,1782372600000,2026-06-25 07:30:00 UTC,HEIUSDT,1782372600000,2026-06-25 07:30:00 UTC,1782373499999,2026-06-25 07:44:59 UTC,True,0.12056,0.1236,0.12042,0.12203,0.001469999999999999,1.219309887193098,57.56354920395202,0.12089827,0.12349557,0.12054519,0.12227961,0.0013099099999999975,1.0828414057404436,1782373499999,2026-06-25 07:44:59 UTC,-0.00024960999999999733,-0.20413051693573225,-0.00175947,0.00188107,-0.00270626,-0.00129953,-0.0002672499999999999,25.88929360251094,1782373499999,2026-06-25 07:44:59 UTC,16363,-8250.0,-33.51887214073863,4905192.5,-1787339.2000000002,-26.706473426192368,600885.65175,-213074.75815900008,-26.177533399053353,binance_kline_quote_asset_volume,299.77342174417896,36.72221791541893,0.0031800000000000023,2.6376907763769095,0.001469999999999999,1.219309887193098,0.001469999999999999,1.219309887193098,0.001570000000000002,49.37106918238997,0.00014000000000000123,4.402515723270476,0.5062893081761004,2922712.4,1982480.1,59.584050982708625,40.415949017291375,357989.723113,-36780.764800000004,-9.316999605123925,242895.92863699998,-176293.99335900007,-42.055875895003574,59.577013042398704,40.42298695760129,1.474270737950913,1.4738399491578302,115093.79447600001,19.154026084797426,41712602.8,5045961.04693516,-344618.40000000596,-0.819403636681555,-168982.55529631022,-3.2403524982322485,0.9486,-0.007600000000000051,-0.7948128006693214,48.68,51.32,1.3267,0.023500000000000076,1.803253529772873,57.02,42.980000000000004,0.8808,-0.012799999999999923,-1.4324082363473505,46.83,53.169999999999995,0.3781,-0.06779999999999997,-0.44589999999999996,1782360000008,2026-06-25 04:00:00 UTC,5e-05,0.11593143
FINAL_REAL_MARK_PREMIUM_CLOSED_GUARD_2026_06_13,1782373500000,2026-06-25 07:45:00 UTC,HEIUSDT,1782373500000,2026-06-25 07:45:00 UTC,1782374399999,2026-06-25 07:59:59 UTC,True,0.12203,0.12485,0.12173,0.12399,0.0019600000000000034,1.606162419077279,61.49441809365628,0.12220818,0.12467262,0.12184524,0.12428536,0.0020057500000000006,1.6402980022589215,1782374399999,2026-06-25 07:59:59 UTC,-0.0002953599999999945,-0.23764665444103353,-0.00171328,0.00295243,-0.00291489,-3.733e-05,0.0012622,-97.1274229913892,1782374399999,2026-06-25 07:59:59 UTC,15091,-1272.0,-7.773635641386053,4137317.8,-767874.7000000002,-15.65432345417637,509699.530553,-91186.12119699997,-15.17528683393129,binance_kline_quote_asset_volume,274.1579616990259,33.77506663262872,0.0031199999999999978,2.5567483405719886,0.0019600000000000034,1.606162419077279,0.0019600000000000034,1.606162419077279,0.0008599999999999997,27.564102564102573,0.0002999999999999947,9.615384615384453,0.7243589743589742,2289956.2,1847361.5999999996,55.348810768174495,44.6511892318255,282284.837593,-75704.88552000001,-21.147223127436998,227414.69296000001,-15481.23567699996,-6.373608550737036,55.38259713261541,44.61740286738459,1.2395820071176107,1.241277922366481,54870.14463299996,10.76519426523082,41616352.9,5088831.40223437,-96249.89999999851,-0.23074537079714078,42870.355299210176,0.8495974285265041,0.944,-0.0046000000000000485,-0.48492515285684673,48.559999999999995,51.44,1.3159,-0.01079999999999992,-0.8140498982437568,56.82000000000001,43.18,0.8797,-0.0010999999999999899,-0.12488646684831856,46.800000000000004,53.2,0.3719000000000001,-0.06429999999999991,-0.43620000000000003,1782360000008,2026-06-25 04:00:00 UTC,5e-05,0.11593143
FINAL_REAL_MARK_PREMIUM_CLOSED_GUARD_2026_06_13,1782374400000,2026-06-25 08:00:00 UTC,HEIUSDT,1782374400000,2026-06-25 08:00:00 UTC,1782375299999,2026-06-25 08:14:59 UTC,True,0.12399,0.12445,0.12094,0.12222,-0.0017700000000000077,-1.427534478586989,56.41251000312426,0.12428536,0.12432189,0.12107719,0.12222,-0.002065360000000002,-1.6617886450986683,1782375299999,2026-06-25 08:14:59 UTC,0.0,0.0,-0.00166945,0.00243476,-0.00228237,0.0,3.733e-05,-100.0,1782375299999,2026-06-25 08:14:59 UTC,13313,-1778.0,-11.781856735802796,3451243.9,-686073.8999999999,-16.582576760238236,423545.764943,-86153.76561,-16.902853631536058,binance_kline_quote_asset_volume,259.2386314129047,31.814449406069254,0.0035099999999999992,2.8308734575368972,-0.0017700000000000077,-1.427534478586989,0.0017700000000000077,1.427534478586989,0.0004600000000000021,13.105413105413167,0.0012799999999999895,36.46723646723618,0.36467236467236175,1574237.3,1877006.5999999999,45.6136206426906,54.3863793573094,193109.748678,-89175.08891499997,-31.590463616601745,230436.01626499998,3021.323304999969,1.32855237525545,45.59359688178876,54.40640311821123,0.8386956657477923,0.8380189512386162,-37326.26758699998,-8.812806236422475,41757988.6,5189906.6460269,141635.70000000298,0.34033664684730935,101075.24379253015,1.9862171843254763,0.9478,0.0038000000000000256,0.4025423728813587,48.66,51.339999999999996,1.3186,0.0026999999999999247,0.20518276464776383,56.87,43.13,0.8836,0.0039000000000000146,0.4433329544162799,46.910000000000004,53.09,0.3708,-0.06419999999999992,-0.43499999999999994,1782374400000,2026-06-25 08:00:00 UTC,8.4e-07,0.12428536
FINAL_REAL_MARK_PREMIUM_CLOSED_GUARD_2026_06_13,1782375300000,2026-06-25 08:15:00 UTC,HEIUSDT,1782375300000,2026-06-25 08:15:00 UTC,1782376199999,2026-06-25 08:29:59 UTC,True,0.12221,0.12349,0.12,0.12077,-0.001449999999999993,-1.186385207003758,52.579113117887744,0.12222,0.12345708,0.12006,0.12067223,-0.00154776999999999,-1.2663802978235887,1782376199999,2026-06-25 08:29:59 UTC,9.776999999999703e-05,0.08102112640165597,0.0,0.00234586,-0.0031152,0.0,0.0,,1782376199999,2026-06-25 08:29:59 UTC,12951,-362.0,-2.719146698715541,3511221.3,59977.39999999991,1.7378487796820128,427056.623973,3510.8590299999923,0.8289208205097924,binance_kline_quote_asset_volume,271.11584433634465,32.974799164002775,0.003490000000000007,2.855740119466498,-0.0014399999999999968,-1.1782996481466304,0.0014399999999999968,1.1782996481466304,0.0012800000000000034,36.676217765043,0.0007700000000000068,22.063037249283816,0.22063037249283818,1503509.7,2007711.5999999999,42.820134976966564,57.179865023033436,182981.582201,-10128.166476999992,-5.244772232544385,244075.04177199997,13639.025506999984,5.918790702975523,42.84714764489141,57.1528523551086,0.7488673672055289,0.7496939501578791,-61093.459570999956,-14.305704710217187,41856510.2,5115702.676644,98521.60000000149,0.2359347356112873,-74203.96938289981,-1.4297746461336869,0.9673,0.019500000000000073,2.0573960751213414,49.17,50.83,1.3261,0.007500000000000062,0.5687850750796346,57.010000000000005,42.99,0.8918,0.008199999999999985,0.9280217292892695,47.14,52.86,0.3588,-0.07550000000000001,-0.4343,1782374400000,2026-06-25 08:00:00 UTC,8.4e-07,0.12428536
FINAL_REAL_MARK_PREMIUM_CLOSED_GUARD_2026_06_13,1782376200000,2026-06-25 08:30:00 UTC,HEIUSDT,1782376200000,2026-06-25 08:30:00 UTC,1782377099999,2026-06-25 08:44:59 UTC,True,0.12077,0.12424,0.12074,0.1229,0.002129999999999993,1.7636830338660208,57.18200691368876,0.12074366,0.12388999,0.12074,0.12303187,0.002359639999999996,1.9554126081866525,1782377099999,2026-06-25 08:44:59 UTC,-0.00013187000000000615,-0.10718361023042741,0.0,0.00177157,-0.00197591,0.0,0.0,,1782377099999,2026-06-25 08:44:59 UTC,15158,2207.0,17.04115512315651,4406745.1,895523.7999999998,25.504624274180603,541037.357962,113980.73398899997,26.689841016540754,binance_kline_quote_asset_volume,290.7207481198047,35.69318894062541,0.003500000000000003,2.898070712925398,0.002129999999999993,1.7636830338660208,0.002129999999999993,1.7636830338660208,0.0013400000000000079,38.28571428571448,3.0000000000002247e-05,0.8571428571429205,0.6171428571428552,2163120.9,2243624.1999999997,49.086590009483416,50.91340999051658,265535.933099,82554.350898,45.11620781993044,275501.42486299993,31426.383090999967,12.875705300649534,49.0790384788272,50.9209615211728,0.964119080191772,0.9638278031812159,-9965.491763999918,-1.841923042345599,42019589.7,5070597.59278403,163079.5,0.3896156158761654,-45105.08385996986,-0.8816986973441481,0.9716,0.0042999999999999705,0.4445363382611362,49.28,50.72,1.3275,0.0013999999999998458,0.10557273207147619,57.03,42.970000000000006,0.8943,0.0024999999999999467,0.28033191298496823,47.21,52.790000000000006,0.3558999999999999,-0.07730000000000004,-0.4331999999999999,1782374400000,2026-06-25 08:00:00 UTC,8.4e-07,0.12428536
FINAL_REAL_MARK_PREMIUM_CLOSED_GUARD_2026_06_13,1782377100000,2026-06-25 08:45:00 UTC,HEIUSDT,1782377100000,2026-06-25 08:45:00 UTC,1782377999999,2026-06-25 08:59:59 UTC,True,0.1229,0.12658,0.1229,0.12578,0.0028800000000000076,2.3433685923515113,62.48438744373576,0.12296044,0.12637773,0.1229583,0.12581261,0.00278073999999999,2.2601786025035544,1782377999999,2026-06-25 08:59:59 UTC,-3.260999999998848e-05,-0.02591950043798351,0.0,0.00147159,-0.00238859,-0.00019718,-0.00019718,,1782377999999,2026-06-25 08:59:59 UTC,18531,3373.0,22.252276025860933,4546851.2,140106.10000000056,3.1793556654774644,569711.035821,28673.677859000047,5.299759330300064,binance_kline_quote_asset_volume,245.36458906696888,30.743674697587824,0.0036800000000000027,2.994304312449148,0.0028800000000000076,2.3433685923515113,0.0028800000000000076,2.3433685923515113,0.0007999999999999952,21.73913043478246,0.0,0.0,0.7826086956521754,2394704.6,2152146.6,52.66731842907021,47.33268157092979,299906.479813,34370.546714,12.943840147309023,269804.556008,-5696.86885499995,-2.0678182908973564,52.64185893482129,47.358141065178714,1.1127051475024983,1.1115693680284164,30101.923805000028,5.283717869642582,42290784.0,5203114.23928608,271194.299999997,0.6453996860421438,132516.64650204964,2.613432521062885,0.972,0.00039999999999995595,0.04116920543433058,49.29,50.71,1.3448,0.017300000000000093,1.3032015065913443,57.35,42.65,0.8893,-0.0050000000000000044,-0.5590965000559102,47.07,52.93,0.3728,-0.0827,-0.4555,1782374400000,2026-06-25 08:00:00 UTC,8.4e-07,0.12428536
FINAL_REAL_MARK_PREMIUM_CLOSED_GUARD_2026_06_13,1782378000000,2026-06-25 09:00:00 UTC,HEIUSDT,1782378000000,2026-06-25 09:00:00 UTC,1782378899999,2026-06-25 09:14:59 UTC,True,0.12575,0.1268,0.12317,0.12519,-0.0005900000000000072,-0.4690729845762499,60.82268082457518,0.12581261,0.12661,0.12331,0.1252132,-0.0005994099999999947,-0.476430780666576,1782378899999,2026-06-25 09:14:59 UTC,-2.3200000000000998e-05,-0.018528397964432664,-0.00094995,0.00168175,-0.00289835,-0.00099095,-0.00079377,402.561111674612,1782378899999,2026-06-25 09:14:59 UTC,19441,910.0,4.9106901948087,4907764.0,360912.7999999998,7.937642648169349,615204.863936,45493.82811500004,7.9854216005206435,binance_kline_quote_asset_volume,252.4440100817859,31.64471292299779,0.0036299999999999943,2.8866799204771327,-0.0005600000000000049,-0.44532803180914904,0.0005600000000000049,0.44532803180914904,0.0010499999999999954,28.925619834710663,0.002019999999999994,55.64738292011011,0.5564738292011011,2168254.0,2739510.0,44.180078748692885,55.819921251307115,271798.005954,-28108.47385900002,-9.37241298571689,343406.85798200005,73602.30197400006,27.27985882188649,44.1800807970002,55.81991920299979,0.7914751178130396,0.7914751835510708,-71608.85202800005,-11.63983840599959,42413408.1,5336141.57205614,122624.10000000149,0.2899546624626337,133027.33277005982,2.556686758204112,0.9616,-0.010399999999999965,-1.069958847736622,49.02,50.980000000000004,1.327,-0.017800000000000038,-1.3236168947055351,57.03,42.970000000000006,0.8871,-0.0021999999999999797,-0.24738558416732034,47.010000000000005,52.99,0.36539999999999995,-0.07450000000000001,-0.43989999999999996,1782374400000,2026-06-25 08:00:00 UTC,8.4e-07,0.12428536
FINAL_REAL_MARK_PREMIUM_CLOSED_GUARD_2026_06_13,1782378900000,2026-06-25 09:15:00 UTC,HEIUSDT,1782378900000,2026-06-25 09:15:00 UTC,1782379799999,2026-06-25 09:29:59 UTC,True,0.12519,0.12545,0.12294,0.12315,-0.00204,-1.6295231248502278,55.34239026526355,0.12526,0.12539,0.12313,0.12315653,-0.0020566699999999966,-1.6425344931684491,1782379799999,2026-06-25 09:29:59 UTC,-6.530000000004588e-06,-0.0053021955068112,-0.0008292,0.00097699,-0.00274053,0.0,0.00099095,-100.0,1782379799999,2026-06-25 09:29:59 UTC,14405,-5036.0,-25.90401728306157,3634763.6,-1273000.4,-25.938500710303103,450590.73965,-164614.12428600003,-26.757610990397644,binance_kline_quote_asset_volume,252.326525511975,31.280162419298854,0.0025100000000000122,2.0049524722422016,-0.00204,-1.6295231248502278,0.00204,1.6295231248502278,0.0002600000000000102,10.35856573705215,0.00021000000000000185,8.366533864541866,0.08366533864541865,1725576.6,1909187.0,47.4742456428253,52.525754357174705,214041.041406,-57756.96454799999,-21.24995889696666,236549.698244,-106857.15973800005,-31.116780941981375,47.50231697443629,52.4976830255637,0.9038279644686456,0.9048459710365708,-22508.656837999995,-4.9953660511274105,42265136.0,5292152.9269952,-148272.1000000015,-0.3495877993355631,-43988.645060939714,-0.8243530361206265,0.9627,0.0010999999999999899,0.11439267886855135,49.05,50.949999999999996,1.3125,-0.014499999999999957,-1.0926902788244128,56.76,43.24,0.8979,0.010800000000000032,1.2174501183632094,47.31,52.690000000000005,0.3498,-0.06479999999999997,-0.41459999999999997,1782374400000,2026-06-25 08:00:00 UTC,8.4e-07,0.12428536
FINAL_REAL_MARK_PREMIUM_CLOSED_GUARD_2026_06_13,1782379800000,2026-06-25 09:30:00 UTC,HEIUSDT,1782379800000,2026-06-25 09:30:00 UTC,1782380699999,2026-06-25 09:44:59 UTC,True,0.12316,0.12319,0.11965,0.12002,-0.003129999999999994,-2.541615915550137,48.170724250520244,0.12315653,0.12319,0.1198723,0.12022,-0.0029365300000000066,-2.384388387688421,1782380699999,2026-06-25 09:44:59 UTC,-0.00019999999999999185,-0.16636167027116275,-0.00054239,0.00198387,-0.00332544,-0.00332544,-0.00332544,,1782380699999,2026-06-25 09:44:59 UTC,24140,9735.0,67.58070114543561,5114229.7,1479466.1,40.70322757716623,622522.72447,171931.98482,38.157016931495214,binance_kline_quote_asset_volume,211.85707125103562,25.788016755178127,0.0035399999999999876,2.874309840857411,-0.003140000000000004,-2.5495290678791847,0.003140000000000004,2.5495290678791847,2.999999999998837e-05,0.8474576271183185,0.00036999999999999533,10.451977401129849,0.10451977401129849,2383687.8,2730541.9000000004,46.6089311553605,53.3910688446395,290433.87485,76392.83344400002,35.69074087015658,332088.84962,95539.151376,40.38861688906141,46.65434102783445,53.34565897216555,0.8729724308570396,0.8745667768801494,-41654.97476999997,-6.691317944331102,42276246.1,5206595.77110203,11110.10000000149,0.02628667751122696,-85557.15589317027,-1.61667958340252,0.9677,0.0050000000000000044,0.5193725979017352,49.18,50.82,1.3301,0.01760000000000006,1.3409523809523856,57.08,42.92,0.8954,-0.0025000000000000577,-0.2784274418086711,47.24,52.76,0.36240000000000006,-0.07230000000000003,-0.4347000000000001,1782374400000,2026-06-25 08:00:00 UTC,8.4e-07,0.12428536
FINAL_REAL_MARK_PREMIUM_CLOSED_GUARD_2026_06_13,1782380700000,2026-06-25 09:45:00 UTC,HEIUSDT,1782380700000,2026-06-25 09:45:00 UTC,1782381599999,2026-06-25 09:59:59 UTC,True,0.12002,0.12086,0.11911,0.11974,-0.00028000000000000247,-0.23329445092484793,47.57676664942751,0.12020419,0.12089363,0.11927,0.11973,-0.0004899999999999904,-0.40758609216435737,1782381599999,2026-06-25 09:59:59 UTC,9.999999999996123e-06,0.008352125615966027,-0.00251083,0.00238143,-0.00347556,0.0,0.00332544,-100.0,1782381599999,2026-06-25 09:59:59 UTC,48617,24477.0,101.39602319801159,6845826.4,1731596.7000000002,33.85840686819366,821015.897132,198493.17266199994,31.88528946168061,binance_kline_quote_asset_volume,140.81137050825845,16.88742409305387,0.0017500000000000016,1.458090318280288,-0.00028000000000000247,-0.23329445092484793,0.00028000000000000247,0.23329445092484793,0.0008399999999999935,47.99999999999959,0.0006300000000000056,36.000000000000284,0.3600000000000029,3414204.5,3431621.9000000004,49.87278818522187,50.12721181477813,409556.672877,119122.79802699998,41.01546284451948,411459.22425499995,79370.37463499996,23.900343153894283,49.884134315508014,50.11586568449198,0.9949244408307336,0.9953760876756506,-1902.5513779999455,-0.2317313689839626,42331488.7,5089091.571514,55242.60000000149,0.13067054219840368,-117504.19958802965,-2.2568335387242606,0.9639,-0.0038000000000000256,-0.39268368295959755,49.08,50.92,1.34,0.00990000000000002,0.7443049394782362,57.26,42.74,0.8882,-0.007199999999999984,-0.8041098950189842,47.04,52.959999999999994,0.3761000000000001,-0.07569999999999999,-0.4518000000000001,1782374400000,2026-06-25 08:00:00 UTC,8.4e-07,0.12428536
FINAL_REAL_MARK_PREMIUM_CLOSED_GUARD_2026_06_13,1782381600000,2026-06-25 10:00:00 UTC,HEIUSDT,1782381600000,2026-06-25 10:00:00 UTC,1782382499999,2026-06-25 10:14:59 UTC,True,0.11974,0.12498,0.11822,0.1242,0.004460000000000006,3.724736930015037,56.729063083254054,0.11976083,0.12478826,0.1185441,0.12424,0.00451,3.766808652802138,1782382499999,2026-06-25 10:14:59 UTC,-3.999999999999837e-05,-0.032195750160977435,-0.00033275,0.00828994,-0.00335711,0.00098214,0.00098214,,1782382499999,2026-06-25 10:14:59 UTC,68701,20084.0,41.310652652364396,10771755.9,3925929.5,57.347780539687655,1312400.289419,491384.3922870001,59.85077682460478,binance_kline_quote_asset_volume,156.79183563558027,19.103074037044586,0.006759999999999988,5.645565391681968,0.004460000000000006,3.724736930015037,0.004460000000000006,3.724736930015037,0.000779999999999989,11.538461538461396,0.0015199999999999936,22.48520710059166,0.884615384615386,5428392.7,5343363.2,50.39468727656556,49.605312723434444,661901.690433,252345.01755599998,61.61418779563761,650498.598986,239039.3747310001,58.09551971129381,50.434436487820655,49.56556351217935,1.0159131050646155,1.0175297709553488,11403.091446999926,0.868872975641302,43973326.4,5264926.369872,1641837.6999999955,3.8785257745967137,175834.79835799988,3.4551313507940904,0.9631,-0.0008000000000000229,-0.08299616142753635,49.059999999999995,50.94,1.3703,0.030299999999999994,2.2611940298507456,57.809999999999995,42.19,0.8776,-0.010599999999999943,-1.1934249043008267,46.739999999999995,53.26,0.4072000000000001,-0.08549999999999991,-0.4927,1782374400000,2026-06-25 08:00:00 UTC,8.4e-07,0.12428536
FINAL_REAL_MARK_PREMIUM_CLOSED_GUARD_2026_06_13,1782382500000,2026-06-25 10:15:00 UTC,HEIUSDT,1782382500000,2026-06-25 10:15:00 UTC,1782383399999,2026-06-25 10:29:59 UTC,True,0.1242,0.12537,0.12247,0.12333,-0.0008700000000000097,-0.7004830917874474,54.72210569274901,0.12419,0.1252654,0.12255858,0.12358031,-0.0006596900000000044,-0.5309803605924053,1782383399999,2026-06-25 10:29:59 UTC,-0.0002503100000000036,-0.20254844804969627,0.0,0.00125319,-0.00319401,-0.00079425,-0.00177639,-180.8693261653125,1782383399999,2026-06-25 10:29:59 UTC,23014,-45687.0,-66.50121541171163,4219362.3,-6552393.600000001,-60.82939179860175,522768.734643,-789631.5547760001,-60.16697505648755,binance_kline_quote_asset_volume,183.33893716867993,22.71524874611106,0.0029000000000000137,2.3349436392914766,-0.0008700000000000097,-0.7004830917874474,0.0008700000000000097,0.7004830917874474,0.0011700000000000044,40.344827586206854,0.0008599999999999997,29.65517241379295,0.2965517241379295,2140606.8,2078755.5,50.73294606628115,49.26705393371885,265141.581429,-396760.10900399997,-59.94245289575393,257627.153214,-392871.44577200006,-60.395433039273215,50.718714387168895,49.281285612831105,1.029754004258798,1.0291678424469415,7514.428215000022,1.437428774337785,45298783.6,5627920.874464,1325457.200000003,3.014230008307952,362994.5045919996,6.894578937878378,0.9489,-0.01419999999999999,-1.4744055653618515,48.69,51.31,1.342,-0.028299999999999992,-2.0652411880610075,57.3,42.699999999999996,0.8755,-0.002100000000000102,-0.23928896991796964,46.68,53.32,0.3931000000000001,-0.07340000000000002,-0.46650000000000014,1782374400000,2026-06-25 08:00:00 UTC,8.4e-07,0.12428536
FINAL_REAL_MARK_PREMIUM_CLOSED_GUARD_2026_06_13,1782383400000,2026-06-25 10:30:00 UTC,HEIUSDT,1782383400000,2026-06-25 10:30:00 UTC,1782384299999,2026-06-25 10:44:59 UTC,True,0.12332,0.12363,0.12167,0.12271,-0.0006199999999999956,-0.5027162896294459,53.275606927068296,0.12358031,0.12365003,0.12187949,0.12267383,-0.0009064800000000012,-0.7335149102636181,1782384299999,2026-06-25 10:44:59 UTC,3.6170000000002034e-05,0.029484691233657604,-0.00222644,0.00129464,-0.0040079,-0.00120139,-0.00040714000000000006,51.26093799181618,1782384299999,2026-06-25 10:44:59 UTC,15415,-7599.0,-33.019031893629965,4367961.4,148599.10000000056,3.521837885312683,536408.804199,13640.069556000002,2.609197653206028,binance_kline_quote_asset_volume,283.35785922802467,34.79784652604606,0.0019600000000000034,1.5893610120013002,-0.0006099999999999994,-0.4946480700616278,0.0006099999999999994,0.4946480700616278,0.0003100000000000047,15.816326530612457,0.0010399999999999993,53.06122448979579,0.5306122448979579,2013453.3,2354508.1000000006,46.095949932158284,53.90405006784172,247232.581431,-17908.999998000014,-6.75450448076765,289176.222768,31549.069553999987,12.24601877574353,46.09032877455908,53.90967122544092,0.8551481729878099,0.8549547368192492,-41943.64133699998,-7.819342450881825,45721222.7,5650242.87484504,422439.1000000015,0.9325616858285826,22322.000381040387,0.3966296058340786,0.9474,-0.0014999999999999458,-0.15807777426493264,48.65,51.349999999999994,1.3167,-0.0253000000000001,-1.8852459016393517,56.830000000000005,43.169999999999995,0.8804,0.0049000000000000155,0.5596801827527145,46.82,53.18000000000001,0.36929999999999996,-0.06700000000000006,-0.4363,1782374400000,2026-06-25 08:00:00 UTC,8.4e-07,0.12428536
FINAL_REAL_MARK_PREMIUM_CLOSED_GUARD_2026_06_13,1782384300000,2026-06-25 10:45:00 UTC,HEIUSDT,1782384300000,2026-06-25 10:45:00 UTC,1782385199999,2026-06-25 10:59:59 UTC,True,0.12272,0.12313,0.11977,0.12054,-0.0021700000000000053,-1.768397033656593,48.448485738718425,0.12267383,0.12308253,0.11996443,0.12057917,-0.002094659999999998,-1.7075035482302936,1782385199999,2026-06-25 10:59:59 UTC,-3.9170000000005034e-05,-0.0324848810951386,-0.00063972,0.00336421,-0.00390017,0.0,0.00120139,-100.0,1782385199999,2026-06-25 10:59:59 UTC,11961,-3454.0,-22.40674667531625,3784786.6,-583174.8000000003,-13.351189412983372,458757.970278,-77650.83392100001,-14.476055074627869,binance_kline_quote_asset_volume,316.42727196722683,38.35448292600953,0.003360000000000002,2.737940026075621,-0.0021800000000000014,-1.7764015645371591,0.0021800000000000014,1.7764015645371591,0.0004100000000000076,12.202380952381171,0.0007699999999999929,22.916666666666444,0.22916666666666444,1962101.0,1822685.6,51.84178679981587,48.15821320018413,237997.388825,-9235.192605999997,-3.7354270026005625,220760.581453,-68415.64131499999,-23.658805921221408,51.87863846393282,48.121361536067184,1.0764890006263286,1.0780791899466424,17236.80737200001,3.7572769278656417,46027740.9,5646399.26245065,306518.19999999553,0.6704068305679749,-3843.6123943896964,-0.06802561375726895,0.9474,0.0,0.0,48.65,51.349999999999994,1.3377,0.020999999999999908,1.59489633173843,57.220000000000006,42.78,0.8702,-0.010199999999999987,-1.1585642889595624,46.53,53.47,0.39029999999999987,-0.07720000000000005,-0.4674999999999999,1782374400000,2026-06-25 08:00:00 UTC,8.4e-07,0.12428536
FINAL_REAL_MARK_PREMIUM_CLOSED_GUARD_2026_06_13,1782385200000,2026-06-25 11:00:00 UTC,HEIUSDT,1782385200000,2026-06-25 11:00:00 UTC,1782386099999,2026-06-25 11:14:59 UTC,True,0.12054,0.12224,0.11986,0.12018,-0.0003599999999999992,-0.298656047784967,47.67670579757641,0.12057917,0.12217,0.12002807,0.12015,-0.0004291699999999926,-0.35592382996166966,1782386099999,2026-06-25 11:14:59 UTC,2.999999999998837e-05,0.024968789013723153,0.0,0.00238437,-0.00377754,0.0,0.0,,1782386099999,2026-06-25 11:14:59 UTC,10568,-1393.0,-11.64618342947914,3248281.2,-536505.3999999999,-14.175314402138284,393335.756294,-65422.21398399997,-14.260725311073106,binance_kline_quote_asset_volume,307.369530658592,37.219507597842544,0.002380000000000007,1.9744483159117365,-0.0003599999999999992,-0.298656047784967,0.0003599999999999992,0.298656047784967,0.001700000000000007,71.4285714285715,0.00032000000000000084,13.445378151260497,0.13445378151260498,1510126.6,1738154.6,46.49002062998733,53.50997937001267,182773.827897,-55223.56092799999,-23.203431432857442,210561.928397,-10198.653055999981,-4.619779939368967,46.46763610282741,53.53236389717259,0.8688102887970955,0.8680288468501891,-27788.1005,-7.06472779434517,45590059.9,5497211.58299228,-437681.0,-0.9509069779264356,-149187.67945837043,-2.6421737557683795,0.9444,-0.0030000000000000027,-0.31665611146295153,48.57,51.43,1.3287,-0.008999999999999897,-0.6727965911639304,57.06,42.94,0.8723,0.0020999999999999908,0.24132383360146986,46.589999999999996,53.410000000000004,0.3843,-0.07210000000000005,-0.45640000000000003,1782374400000,2026-06-25 08:00:00 UTC,8.4e-07,0.12428536
FINAL_REAL_MARK_PREMIUM_CLOSED_GUARD_2026_06_13,1782386100000,2026-06-25 11:15:00 UTC,HEIUSDT,1782386100000,2026-06-25 11:15:00 UTC,1782386999999,2026-06-25 11:29:59 UTC,True,0.12018,0.12166,0.11972,0.12156,0.0013800000000000062,1.1482775836245684,50.90526997944456,0.12018,0.12163523,0.11977,0.12158573,0.0014357299999999962,1.1949479816895516,1782386999999,2026-06-25 11:29:59 UTC,-2.5730000000001585e-05,-0.021162022878837495,0.0,0.00119352,-0.00381265,0.0,0.0,,1782386999999,2026-06-25 11:29:59 UTC,7950,-2618.0,-24.772899318697956,2354124.2,-894157.0,-27.52708109137842,284810.94917,-108524.80712400004,-27.59088269688933,binance_kline_quote_asset_volume,296.1162515723271,35.82527662515723,0.0019400000000000112,1.614245298718598,0.0013800000000000062,1.1482775836245684,0.0013800000000000062,1.1482775836245684,0.00010000000000000286,5.1546391752578495,0.0004600000000000021,23.71134020618554,0.9484536082474215,1389677.7,964446.5000000002,59.031622035914666,40.968377964085334,168053.314218,-14720.513678999996,-8.053950529118186,116757.63495199996,-93804.29344500005,-44.54950339747008,59.00521546230695,40.99478453769305,1.4409069865461688,1.4393346892225773,51295.67926600005,18.0104309246139,45535642.8,5472473.551704,-54417.10000000149,-0.1193617646464235,-24738.03128828015,-0.4500105356107574,0.9493,0.0049000000000000155,0.5188479457856857,48.699999999999996,51.300000000000004,1.322,-0.006699999999999928,-0.5042522766613929,56.93,43.07,0.8783,0.006000000000000005,0.6878367534105245,46.760000000000005,53.239999999999995,0.37270000000000003,-0.07100000000000006,-0.4437000000000001,1782374400000,2026-06-25 08:00:00 UTC,8.4e-07,0.12428536
FINAL_REAL_MARK_PREMIUM_CLOSED_GUARD_2026_06_13,1782387000000,2026-06-25 11:30:00 UTC,HEIUSDT,1782387000000,2026-06-25 11:30:00 UTC,1782387899999,2026-06-25 11:44:59 UTC,True,0.12157,0.12383,0.12157,0.12218,0.0006199999999999956,0.5100361961171401,52.328485214585655,0.12158573,0.12379073,0.12158573,0.12243507,0.0008493399999999901,0.6985523712363204,1782387899999,2026-06-25 11:44:59 UTC,-0.00025506999999999613,-0.20833083200752545,-0.00012561,0.00206782,-0.00492912,0.0,0.0,,1782387899999,2026-06-25 11:44:59 UTC,11704,3754.0,47.22012578616352,2994000.0,639875.7999999998,27.181055273124493,367418.201201,82607.25203100004,29.004240276483483,binance_kline_quote_asset_volume,255.80997949419003,31.392532570146958,0.002259999999999998,1.8590112692276042,0.0006099999999999994,0.5017685284198399,0.0006099999999999994,0.5017685284198399,0.0016499999999999987,73.00884955752213,0.0,0.0,0.26991150442477874,1684542.2,1309457.8,56.26393453573814,43.736065464261856,206759.75685,38706.44263199999,23.03223998414557,160658.444351,43900.80939900005,37.59994746129282,56.273683822454366,43.72631617754563,1.286442526059259,1.2869523148019517,46101.31249899999,12.547367644908746,45470276.2,5528536.72507863,-65366.59999999404,-0.1435504057493925,56063.17337463051,1.0244576395837264,0.9486,-0.0007000000000000339,-0.0737385441904597,48.68,51.32,1.3211,-0.0009000000000001229,-0.0680786686838217,56.92,43.08,0.8699,-0.008399999999999963,-0.9563930319936199,46.52,53.480000000000004,0.37249999999999994,-0.07869999999999999,-0.45119999999999993,1782374400000,2026-06-25 08:00:00 UTC,8.4e-07,0.12428536
FINAL_REAL_MARK_PREMIUM_CLOSED_GUARD_2026_06_13,1782387900000,2026-06-25 11:45:00 UTC,HEIUSDT,1782387900000,2026-06-25 11:45:00 UTC,1782388799999,2026-06-25 11:59:59 UTC,True,0.12219,0.13057,0.12206,0.12917,0.00699000000000001,5.72106727778688,64.7392262929609,0.12243507,0.13035402,0.12216712,0.12932367,0.006888600000000009,5.626329122856719,1782388799999,2026-06-25 11:59:59 UTC,-0.00015366999999999464,-0.11882588856316452,-0.00150412,0.0026438,-0.00370162,-0.00013521,-0.00013521,,1782388799999,2026-06-25 11:59:59 UTC,34195,22491.0,192.16507177033492,10675366.6,7681366.6,256.5586706746827,1361247.61068,993829.4094789999,270.4899774236593,binance_kline_quote_asset_volume,312.1908641614271,39.808381654627865,0.00850999999999999,6.964563384892372,0.006980000000000014,5.712415091251342,0.006980000000000014,5.712415091251342,0.0013999999999999846,16.45123384253803,0.00012999999999999123,1.5276145710927307,0.8354876615746197,6127360.1,4548006.5,57.39718671581733,42.60281328418267,781127.533873,574367.777023,277.79476324287424,580120.076807,419461.63245599996,261.0890664044881,57.38320697457784,42.616793025422155,1.3472628282303465,1.3464928470884021,201007.45706599997,14.766413949155686,45220136.9,5536530.62676108,-250139.30000000447,-0.5501160778082198,7993.901682449505,0.14459344452190123,0.938,-0.010600000000000054,-1.117436221800554,48.4,51.6,1.3084,-0.012699999999999934,-0.9613201120278506,56.68,43.32,0.8692,-0.0007000000000000339,-0.08046901942752431,46.5,53.5,0.37040000000000006,-0.06879999999999997,-0.43920000000000003,1782374400000,2026-06-25 08:00:00 UTC,8.4e-07,0.12428536
FINAL_REAL_MARK_PREMIUM_CLOSED_GUARD_2026_06_13,1782388800000,2026-06-25 12:00:00 UTC,HEIUSDT,1782388800000,2026-06-25 12:00:00 UTC,1782389699999,2026-06-25 12:14:59 UTC,True,0.12919,0.13151,0.12798,0.12899,-0.00018000000000001348,-0.13935124254858983,64.275179183462,0.12931919,0.13103157,0.12818312,0.12890306,-0.00042060999999998794,-0.32523821818541643,1782389699999,2026-06-25 12:14:59 UTC,8.693999999997981e-05,0.06744603270083721,-0.0009505,0.00264018,-0.00369459,-0.00056814,-0.00043293,320.1908142888839,1782389699999,2026-06-25 12:14:59 UTC,26929,-7266.0,-21.248720573183213,7781656.4,-2893710.1999999993,-27.10642461683704,1007399.753008,-353847.85767199995,-25.994378605023826,binance_kline_quote_asset_volume,288.9693787366779,37.40947502721973,0.0035299999999999776,2.732409629228251,-0.00020000000000000573,-0.1548107438656287,0.00020000000000000573,0.1548107438656287,0.0023199999999999887,65.72237960339953,0.0010099999999999831,28.61189801699687,0.28611898016996873,3982036.5,3799619.9000000004,51.17209364319915,48.827906356800845,515906.786529,-265220.747344,-33.953578108939254,491492.966479,-88627.11032799998,-15.277373404452147,51.211724540188875,48.78827545981113,1.048009170601512,1.0496727760417364,24413.82004999998,2.4234490803777384,45666738.0,5905585.56810222,446601.1000000015,0.9876155416946593,369054.9413411403,6.665815945409856,0.9209,-0.017099999999999893,-1.8230277185500954,47.94,52.059999999999995,1.2848,-0.023600000000000065,-1.8037297462549728,56.230000000000004,43.769999999999996,0.8657,-0.0034999999999999476,-0.40266912103082697,46.400000000000006,53.6,0.3638999999999999,-0.05520000000000003,-0.4190999999999999,1782374400000,2026-06-25 08:00:00 UTC,8.4e-07,0.12428536
FINAL_REAL_MARK_PREMIUM_CLOSED_GUARD_2026_06_13,1782389700000,2026-06-25 12:15:00 UTC,HEIUSDT,1782389700000,2026-06-25 12:15:00 UTC,1782390599999,2026-06-25 12:29:59 UTC,True,0.12896,0.1312,0.12611,0.12621,-0.0027800000000000047,-2.155205829909299,57.428513583677415,0.12892145,0.13109434,0.1262455,0.1262455,-0.0026575600000000033,-2.0616733225727946,1782390599999,2026-06-25 12:29:59 UTC,-3.5500000000021625e-05,-0.028119814171611364,0.0,0.001551,-0.00339469,-0.00130388,-0.0007357400000000001,129.4997711831591,1782390599999,2026-06-25 12:29:59 UTC,17886,-9043.0,-33.58089791674403,4975469.8,-2806186.6000000006,-36.06155882184673,639427.609178,-367972.14382999996,-36.52692416602943,binance_kline_quote_asset_volume,278.17677513138767,35.750173833053786,0.005090000000000011,3.9469602977667586,-0.0027500000000000024,-2.1324441687344935,0.0027500000000000024,2.1324441687344935,0.0022400000000000198,44.007858546169246,9.999999999998899e-05,1.964636542239465,0.01964636542239465,2183524.3,2791945.5,43.8857914482769,56.1142085517231,280787.683049,-235119.10348,-45.573950492466246,358639.926129,-132853.04034999997,-27.030506927035823,43.91234895377124,56.08765104622875,0.7820798436072623,0.7829236584997589,-77852.24308000004,-12.175302092457507,45478159.1,5862273.87115685,-188578.8999999985,-0.41294585131085676,-43311.696945370175,-0.7334022417575187,0.9421,0.021199999999999997,2.3020957758714298,48.51,51.49,1.3056,0.02080000000000015,1.6189290161893022,56.63,43.37,0.8786,0.012900000000000023,1.4901235993993325,46.77,53.23,0.36350000000000005,-0.0635,-0.42700000000000005,1782388800006,2026-06-25 12:00:00 UTC,1.788e-05,0.12931919
FINAL_REAL_MARK_PREMIUM_CLOSED_GUARD_2026_06_13,1782390600000,2026-06-25 12:30:00 UTC,HEIUSDT,1782390600000,2026-06-25 12:30:00 UTC,1782391499999,2026-06-25 12:44:59 UTC,True,0.12623,0.13811,0.12592,0.13556,0.009350000000000025,7.408287774344367,69.28070316561855,0.1262455,0.13795423,0.12607988,0.13548,0.009234499999999979,7.3147161681010235,1782391499999,2026-06-25 12:44:59 UTC,8.00000000000245e-05,0.059049306170670585,-0.00034023,0.00614141,-0.00569892,0.0,0.00130388,-100.0,1782391499999,2026-06-25 12:44:59 UTC,60434,42548.0,237.88437884378845,21353683.2,16378213.399999999,329.1792344915851,2853896.881577,2214469.272399,346.3205592961109,binance_kline_quote_asset_volume,353.33890194261505,47.2233656811894,0.012190000000000006,9.656975362433657,0.009330000000000005,7.391269904143234,0.009330000000000005,7.391269904143234,0.0025499999999999967,20.918785890073792,0.0003100000000000047,2.5430680885972485,0.7908121410992621,10845215.7,10508467.5,50.788501442224266,49.21149855777574,1450079.96203,1169292.2789810002,416.43289558999214,1403816.919547,1045176.9934179999,291.42795245894007,50.81052407292018,49.18947592707982,1.0320454148047753,1.0329551822882495,46263.042483000085,1.6210481458403696,45561692.5,5751958.65050875,83533.39999999851,0.18367805921150074,-110315.22064809967,-1.8817821049075325,0.9505,0.008399999999999963,0.8916250928776098,48.730000000000004,51.27,1.3212,0.015599999999999836,1.1948529411764581,56.92,43.08,0.8815,0.0028999999999999027,0.33007056681082436,46.85,53.15,0.3706999999999999,-0.06900000000000006,-0.4397,1782388800006,2026-06-25 12:00:00 UTC,1.788e-05,0.12931919
FINAL_REAL_MARK_PREMIUM_CLOSED_GUARD_2026_06_13,1782391500000,2026-06-25 12:45:00 UTC,HEIUSDT,1782391500000,2026-06-25 12:45:00 UTC,1782392399999,2026-06-25 12:59:59 UTC,True,0.13554,0.1523,0.13507,0.15093,0.015369999999999995,11.338152847447619,79.42256913350931,0.13548,0.15225557,0.13511,0.1513745,0.015894500000000006,11.731989961617955,1782392399999,2026-06-25 12:59:59 UTC,-0.00044449999999998657,-0.2936425884148166,0.0,0.0091297,-0.00816799,-0.00023604,-0.00023604,,1782392399999,2026-06-25 12:59:59 UTC,127600,67166.0,111.1394248270841,34488910.3,13135227.099999998,61.512700066656414,5077753.966015,2223857.084438,77.92352620705573,binance_kline_quote_asset_volume,270.28926567398116,39.79431007848746,0.017229999999999995,12.712114504943187,0.015390000000000015,11.354581673306784,0.015390000000000015,11.354581673306784,0.0013699999999999823,7.951247823563451,0.0004699999999999982,2.727800348229822,0.9204875217643654,18682714.9,15806195.399999999,54.17020931507947,45.82979068492053,2750376.076499,1300296.1144690001,89.6706491032871,2327377.8895159997,923560.9699689997,65.7892747344166,54.1652095573564,45.8347904426436,1.1819868366298951,1.1817488208032116,422998.1869830005,8.330419114712793,46007976.6,6233160.669768,446284.1000000015,0.9795160704357098,481202.0192592498,8.365881058910052,0.9227,-0.027800000000000047,-2.9247764334560804,47.99,52.01,1.2997,-0.021499999999999853,-1.6273085074174882,56.52,43.480000000000004,0.8744,-0.007099999999999995,-0.8054452637549626,46.650000000000006,53.349999999999994,0.3770000000000001,-0.04830000000000001,-0.4253000000000001,1782388800006,2026-06-25 12:00:00 UTC,1.788e-05,0.12931919
