code_version,timestamp,time,symbol,open_time,open_time_str,close_time,close_time_str,is_closed_candle,open,high,low,close,close_change,close_change_pct,rsi,mark_open,mark_high,mark_low,mark_close,mark_close_change,mark_close_change_pct,mark_close_time,mark_close_time_str,mark_last_close_spread,mark_last_close_spread_pct,premium_index_open,premium_index_high,premium_index_low,premium_index_close,premium_index_close_change,premium_index_close_change_pct,premium_index_close_time,premium_index_close_time_str,number_of_trades,trades_change,trades_change_pct,volume,volume_change,volume_change_pct,quote_volume,quote_volume_change,quote_volume_change_pct,quote_volume_source,avg_base_per_trade,avg_quote_per_trade,price_range,price_range_pct,candle_body,candle_body_pct,candle_body_abs,candle_body_abs_pct,upper_wick,upper_wick_pct_of_range,lower_wick,lower_wick_pct_of_range,close_location_in_range,taker_buy_base_volume,taker_sell_base_volume,taker_buy_base_pct,taker_sell_base_pct,taker_buy_quote_volume,taker_buy_quote_change,taker_buy_quote_change_pct,taker_sell_quote_volume,taker_sell_quote_change,taker_sell_quote_change_pct,taker_buy_quote_pct,taker_sell_quote_pct,taker_buy_sell_base_ratio,taker_buy_sell_quote_ratio,taker_quote_imbalance,taker_quote_imbalance_pct,oi,oi_value,oi_change,oi_change_pct,oi_value_change,oi_value_change_pct,acco_ls_ratio,acco_ls_change,acco_ls_change_pct,acco_long_pct,acco_short_pct,posit_ls_ratio,posit_ls_change,posit_ls_change_pct,posit_long_pct,posit_short_pct,global_ls_ratio,global_ls_change,global_ls_change_pct,global_long_pct,global_short_pct,acco_posit_ls_spread,global_acco_ls_spread,global_posit_ls_spread,funding_time,funding_time_str,funding_rate,mark_price_at_funding
FINAL_REAL_MARK_PREMIUM_CLOSED_GUARD_2026_06_13,1783099800000,2026-07-03 17:30:00 UTC,HMSTRUSDT,1783099800000,2026-07-03 17:30:00 UTC,1783100699999,2026-07-03 17:44:59 UTC,True,0.000229,0.000239,0.0002286,0.0002377,,,59.11519093420711,0.00022911,0.00023891,0.0002289,0.00023795,,,1783100699999,2026-07-03 17:44:59 UTC,-2.500000000000061e-07,-0.10506408909435011,-0.00021197,0.00287769,-0.00289065,-0.00095558,,,1783100699999,2026-07-03 17:44:59 UTC,9649,,,3537761111.0,,,830934.7057983,,,binance_kline_quote_asset_volume,366645.3633537154,86.11614735188103,1.0400000000000009e-05,4.541484716157209,8.699999999999995e-06,3.7991266375545827,8.699999999999995e-06,3.7991266375545827,1.3000000000000045e-06,12.500000000000034,4.000000000000097e-07,3.8461538461539364,0.8749999999999997,1894945170.0,1642815941.0,53.56340099132262,46.43659900867738,444806.2159702,,,386128.48982809996,,,53.530826533820544,46.469173466179456,1.1534738145081098,1.1519642494347484,58677.72614210006,7.061653067641083,15251001524.0,3494614.48920936,,,,,1.0542,,,51.32,48.68,1.9042,,,65.57,34.43,0.8653,,,46.39,53.61,0.8499999999999999,-0.18890000000000007,-1.0389,1783094400000,2026-07-03 16:00:00 UTC,-0.00011393,0.0002265
FINAL_REAL_MARK_PREMIUM_CLOSED_GUARD_2026_06_13,1783100700000,2026-07-03 17:45:00 UTC,HMSTRUSDT,1783100700000,2026-07-03 17:45:00 UTC,1783101599999,2026-07-03 17:59:59 UTC,True,0.0002379,0.0002423,0.0002346,0.0002376,-1.0000000000000243e-07,-0.0420698359276409,59.03772493279873,0.00023795,0.00024207,0.00023536,0.00023754,-4.1000000000000454e-07,-0.1723051061147319,1783101599999,2026-07-03 17:59:59 UTC,5.999999999999604e-08,0.025258903763574994,-0.00085577,0.00259191,-0.00330768,-0.00104949,-9.390999999999989e-05,9.827539295506382,1783101599999,2026-07-03 17:59:59 UTC,10643,994.0,10.301585656544718,3448908162.0,-88852949.0,-2.511558757422273,822606.1548991,-8328.550899200025,-1.0023111131455962,binance_kline_quote_asset_volume,324054.1353001973,77.29081601983462,7.699999999999997e-06,3.236654056326186,-3.000000000000073e-07,-0.12610340479193244,3.000000000000073e-07,0.12610340479193244,4.3999999999999985e-06,57.14285714285714,2.9999999999999916e-06,38.96103896103887,0.38961038961038863,1725856989.0,1723051173.0,50.0406768732046,49.9593231267954,411763.2068102,-33043.009160000016,-7.428630260466897,410842.94808889995,24714.45826079999,6.400578800026538,50.05593556015958,49.94406443984042,1.0016283996923405,1.002239928239199,920.2587213000515,0.11187112031916775,15438310158.0,3677559.86273718,187308634.0,1.2281726790548053,182945.37352782022,5.23506595914134,1.04,-0.01419999999999999,-1.346992980459115,50.980000000000004,49.02,1.8738,-0.030399999999999983,-1.5964709589328843,65.2,34.8,0.8727,0.007400000000000073,0.855194730151401,46.6,53.400000000000006,0.8337999999999999,-0.1673,-1.0010999999999999,1783094400000,2026-07-03 16:00:00 UTC,-0.00011393,0.0002265
FINAL_REAL_MARK_PREMIUM_CLOSED_GUARD_2026_06_13,1783101600000,2026-07-03 18:00:00 UTC,HMSTRUSDT,1783101600000,2026-07-03 18:00:00 UTC,1783102499999,2026-07-03 18:14:59 UTC,True,0.0002376,0.0002395,0.0002312,0.0002323,-5.299999999999993e-06,-2.230639730639728,54.92928852137239,0.0002376,0.00023946,0.0002313,0.0002324,-5.139999999999995e-06,-2.1638460890797315,1783102499999,2026-07-03 18:14:59 UTC,-1.0000000000000243e-07,-0.04302925989673082,-0.00150021,3.672e-05,-0.00269558,-0.00058073,0.0004687599999999999,-44.66550419727677,1783102499999,2026-07-03 18:14:59 UTC,6800,-3843.0,-36.10824015785023,2466287677.0,-982620485.0,-28.49076979858416,577323.1741457,-245282.9807534,-29.817790602780764,binance_kline_quote_asset_volume,362689.36426470586,84.90046678613234,8.299999999999985e-06,3.493265993265987,-5.299999999999993e-06,-2.230639730639728,5.299999999999993e-06,2.230639730639728,1.899999999999992e-06,22.891566265060188,1.0999999999999996e-06,13.253012048192792,0.13253012048192792,1189319344.0,1276968333.0,48.223058286805035,51.77694171319496,278280.8825637,-133482.32424649998,-32.417253906813464,299042.2915819999,-111800.65650690004,-27.2125046874866,48.201924853525774,51.79807514647422,0.9313616581281347,0.9305736693346368,-20761.40901829989,-3.5961502929484523,15271591102.0,3627613.75036908,-166719056.0,-1.0799048230910662,-49946.11236810032,-1.358131865484463,1.0614,0.021399999999999864,2.0576923076922946,51.49,48.51,1.8254,-0.0484,-2.5829864446579145,64.61,35.39,0.8765,0.0037999999999999146,0.4354302738627151,46.71,53.290000000000006,0.764,-0.18489999999999995,-0.9489,1783094400000,2026-07-03 16:00:00 UTC,-0.00011393,0.0002265
FINAL_REAL_MARK_PREMIUM_CLOSED_GUARD_2026_06_13,1783102500000,2026-07-03 18:15:00 UTC,HMSTRUSDT,1783102500000,2026-07-03 18:15:00 UTC,1783103399999,2026-07-03 18:29:59 UTC,True,0.0002324,0.0002328,0.0002297,0.0002304,-1.900000000000019e-06,-0.8179078777443043,53.492147440252715,0.0002325,0.0002327,0.00022973,0.00023054,-1.8600000000000127e-06,-0.8003442340791792,1783103399999,2026-07-03 18:29:59 UTC,-1.4000000000000882e-07,-0.06072698880888732,-0.00030768,0.00184558,-0.00201215,-0.00201215,-0.0014314199999999999,246.48631894339877,1783103399999,2026-07-03 18:29:59 UTC,3971,-2829.0,-41.60294117647059,1378497098.0,-1087790579.0,-44.106394770750825,318416.4656727,-258906.70847299992,-44.84606197492762,binance_kline_quote_asset_volume,347141.04709141277,80.18546101050114,3.099999999999994e-06,1.3339070567986204,-2.0000000000000215e-06,-0.8605851979346049,2.0000000000000215e-06,0.8605851979346049,3.999999999999826e-07,12.903225806451077,6.999999999999899e-07,22.580645161290043,0.22580645161290042,754784848.0,623712250.0,54.754184763615655,45.24581523638434,174437.7514224,-103843.13114130002,-37.31594142746395,143978.71425030002,-155063.5773316999,-51.85339388331304,54.78289291788836,45.21710708211164,1.210149148104755,1.2115523626579163,30459.037172099983,9.56578583577672,15098044007.0,3507879.54458638,-173547095.0,-1.1364048044559805,-119734.20578269986,-3.3006327029860305,1.1008,0.0394000000000001,3.7120783870360006,52.400000000000006,47.599999999999994,1.8131,-0.012299999999999978,-0.673824915087103,64.45,35.55,0.8983,0.02180000000000004,2.487164860239594,47.32,52.68000000000001,0.7122999999999999,-0.2025,-0.9148,1783094400000,2026-07-03 16:00:00 UTC,-0.00011393,0.0002265
FINAL_REAL_MARK_PREMIUM_CLOSED_GUARD_2026_06_13,1783103400000,2026-07-03 18:30:00 UTC,HMSTRUSDT,1783103400000,2026-07-03 18:30:00 UTC,1783104299999,2026-07-03 18:44:59 UTC,True,0.0002305,0.0002333,0.0002295,0.0002326,2.1999999999999993e-06,0.9548611111111108,54.96152325466144,0.00023047,0.0002333,0.00022982,0.00023269,2.149999999999998e-06,0.9325930424221385,1783104299999,2026-07-03 18:44:59 UTC,-9.000000000000761e-08,-0.03867806953457717,-0.00124931,0.00153151,-0.00242433,-0.00113878,0.0008733699999999998,-43.40481574435305,1783104299999,2026-07-03 18:44:59 UTC,3278,-693.0,-17.451523545706372,1022449083.0,-356048015.0,-25.82870979681961,236795.6983424,-81620.76733030003,-25.63333750905895,binance_kline_quote_asset_volume,311912.47193410614,72.23785794460036,3.800000000000011e-06,1.6485900216919789,2.099999999999997e-06,0.9110629067245105,2.099999999999997e-06,0.9110629067245105,7.00000000000017e-07,18.42105263157934,9.999999999999972e-07,26.31578947368406,0.8157894736842066,480647254.0,541801829.0,47.00940731343978,52.99059268656021,111349.6327369,-63088.1186855,-36.16655120297468,125446.06560549999,-18532.648644800036,-12.871797571814625,47.02350317863103,52.97649682136897,0.8871274113029988,0.8876295338513833,-14096.432868599979,-5.9529936427379395,15018445784.0,3462352.49104336,-79598223.0,-0.5272088421725051,-45527.05354302004,-1.2978511081796058,1.1079,0.007100000000000106,0.6449854651162887,52.559999999999995,47.44,1.8224,0.009300000000000086,0.5129336495504985,64.57000000000001,35.43,0.8983,0.0,0.0,47.32,52.68000000000001,0.7144999999999999,-0.20960000000000012,-0.9241,1783094400000,2026-07-03 16:00:00 UTC,-0.00011393,0.0002265
FINAL_REAL_MARK_PREMIUM_CLOSED_GUARD_2026_06_13,1783104300000,2026-07-03 18:45:00 UTC,HMSTRUSDT,1783104300000,2026-07-03 18:45:00 UTC,1783105199999,2026-07-03 18:59:59 UTC,True,0.0002327,0.0002359,0.000231,0.0002341,1.5000000000000094e-06,0.6448839208942431,55.98265942925756,0.00023266,0.00023584,0.00023127,0.0002342,1.5100000000000042e-06,0.6489320555245194,1783105199999,2026-07-03 18:59:59 UTC,-1.0000000000000243e-07,-0.04269854824936056,-0.00016967,0.00107258,-0.00325027,-0.00081936,0.00031942000000000006,-28.049315934596674,1783105199999,2026-07-03 18:59:59 UTC,3346,68.0,2.0744356314826113,1253643860.0,231194777.0,22.611862130253385,292494.7492982,55699.05095580002,23.521985975970196,binance_kline_quote_asset_volume,374669.4142259414,87.41624306580992,4.899999999999984e-06,2.105715513536736,1.400000000000007e-06,0.6016330038676437,1.400000000000007e-06,0.6016330038676437,1.7999999999999895e-06,36.734693877550924,1.6999999999999871e-06,34.693877551020265,0.6326530612244907,719153372.0,534490488.0,57.3650456039405,42.6349543960595,167659.8353754,56310.20263849999,50.5706226903786,124834.91392280001,-611.1516826999723,-0.4871828221555458,57.320630807108905,42.679369192891095,1.3454933027732385,1.3430524370696777,42824.921452599985,14.641261614217813,14964387847.0,3482063.40811843,-54057937.0,-0.3599436171856809,19710.917075070087,0.5692926161059446,1.116,0.008099999999999996,0.7311129163281881,52.739999999999995,47.260000000000005,1.8374,0.014999999999999902,0.8230904302019261,64.75999999999999,35.24,0.9091,0.010800000000000032,1.2022709562506995,47.620000000000005,52.38,0.7213999999999998,-0.20690000000000008,-0.9282999999999999,1783094400000,2026-07-03 16:00:00 UTC,-0.00011393,0.0002265
FINAL_REAL_MARK_PREMIUM_CLOSED_GUARD_2026_06_13,1783105200000,2026-07-03 19:00:00 UTC,HMSTRUSDT,1783105200000,2026-07-03 19:00:00 UTC,1783106099999,2026-07-03 19:14:59 UTC,True,0.0002341,0.0002405,0.0002323,0.0002398,5.700000000000003e-06,2.4348568987612147,59.7199608970906,0.0002342,0.0002402,0.0002328,0.00023999,5.790000000000011e-06,2.4722459436379207,1783106099999,2026-07-03 19:14:59 UTC,-1.9000000000001004e-07,-0.07916996541522982,-0.00167333,0.0018265,-0.00410322,0.0,0.00081936,-100.0,1783106099999,2026-07-03 19:14:59 UTC,5551,2205.0,65.89958158995816,1663130655.0,409486795.0,32.66372596440587,394180.1990564,101685.44975819997,34.76488039603443,binance_kline_quote_asset_volume,299609.19744190236,71.01066457510358,8.199999999999982e-06,3.5027765912003344,5.700000000000003e-06,2.4348568987612147,5.700000000000003e-06,2.4348568987612147,6.999999999999899e-07,8.536585365853554,1.7999999999999895e-06,21.951219512195042,0.9146341463414644,939643760.0,723486895.0,56.49849319865973,43.50150680134027,223052.1770012,55392.34162580001,33.03852798243144,171128.02205519998,46293.10813239997,37.08346221236504,56.58634744595208,43.41365255404792,1.2987709473300135,1.3034228662401712,51924.154946000024,13.172694891904152,14797518710.0,3465578.881882,-166869137.0,-1.1151083405891091,-16484.526236430276,-0.47341258054050966,1.1227,0.006699999999999928,0.6003584229390616,52.89,47.11,1.7999,-0.03749999999999987,-2.0409273974093756,64.28,35.72,0.9264,0.017299999999999982,1.902980970190296,48.089999999999996,51.910000000000004,0.6772,-0.19630000000000003,-0.8735,1783094400000,2026-07-03 16:00:00 UTC,-0.00011393,0.0002265
FINAL_REAL_MARK_PREMIUM_CLOSED_GUARD_2026_06_13,1783106100000,2026-07-03 19:15:00 UTC,HMSTRUSDT,1783106100000,2026-07-03 19:15:00 UTC,1783106999999,2026-07-03 19:29:59 UTC,True,0.00024,0.0002444,0.0002392,0.0002408,9.999999999999972e-07,0.41701417848206723,60.3559103654979,0.00023997,0.0002444,0.0002393,0.0002409,9.099999999999896e-07,0.3791824659360763,1783106999999,2026-07-03 19:29:59 UTC,-1.0000000000000243e-07,-0.041511000415111014,-8.23e-05,0.0,-0.00293626,-0.00133217,-0.00133217,,1783106999999,2026-07-03 19:29:59 UTC,6425,874.0,15.744910826878039,1852187020.0,189056365.0,11.367499266015272,448085.3335778,53905.13452140003,13.675251737768592,binance_kline_quote_asset_volume,288278.13540856034,69.74090794985214,5.199999999999991e-06,2.166666666666663,7.999999999999923e-07,0.33333333333333015,7.999999999999923e-07,0.33333333333333015,3.599999999999979e-06,69.23076923076896,8.000000000000194e-07,15.384615384615785,0.3076923076923105,946002862.0,906184158.0,51.07491045909608,48.92508954090392,228946.395443,5894.2184417999815,2.642528990769846,219138.93813480003,48010.91607960005,28.055554843094832,51.094373836105156,48.90562616389484,1.043941072737226,1.0447545168908643,9807.457308199955,2.188747672210322,14708333377.0,3529852.92714623,-89185333.0,-0.6027046476361576,64274.04526423011,1.85464095479846,1.1128,-0.00990000000000002,-0.8818027968290745,52.669999999999995,47.33,1.7781,-0.02180000000000004,-1.2111783987999356,64.0,36.0,0.919,-0.007399999999999962,-0.7987910189982689,47.89,52.11,0.6653,-0.19379999999999997,-0.8591,1783094400000,2026-07-03 16:00:00 UTC,-0.00011393,0.0002265
FINAL_REAL_MARK_PREMIUM_CLOSED_GUARD_2026_06_13,1783107000000,2026-07-03 19:30:00 UTC,HMSTRUSDT,1783107000000,2026-07-03 19:30:00 UTC,1783107899999,2026-07-03 19:44:59 UTC,True,0.0002408,0.0002478,0.0002389,0.0002466,5.799999999999978e-06,2.408637873754144,63.914501640334876,0.00024086,0.00024745,0.0002391,0.00024655,5.650000000000002e-06,2.345371523453716,1783107899999,2026-07-03 19:44:59 UTC,4.999999999997411e-08,0.02027986209692724,-0.00144734,0.00245475,-0.00237754,0.0,0.00133217,-100.0,1783107899999,2026-07-03 19:44:59 UTC,9098,2673.0,41.60311284046693,2653587249.0,801400229.0,43.26778129564908,645432.4209987,197347.08742089994,44.042300122870465,binance_kline_quote_asset_volume,291667.0970542976,70.94223136938888,8.9e-06,3.6960132890365447,5.799999999999978e-06,2.408637873754144,5.799999999999978e-06,2.408637873754144,1.2000000000000292e-06,13.483146067416058,1.899999999999992e-06,21.348314606741482,0.8651685393258394,1521543448.0,1132043801.0,57.33911513832422,42.66088486167579,370252.6196696,141306.2242266,61.72022230495459,275179.8013291,56040.86319429995,25.57321107389288,57.365048241099394,42.634951758900606,1.3440676470786133,1.345493447852294,95072.8183405,14.730096482198793,14682548274.0,3537025.8792066,-25785103.0,-0.17530948163250895,7172.95206037024,0.20320824148810462,1.1017,-0.01110000000000011,-0.9974838245866382,52.42,47.58,1.7542,-0.023900000000000032,-1.3441313761880676,63.690000000000005,36.309999999999995,0.912,-0.007000000000000006,-0.7616974972796524,47.699999999999996,52.300000000000004,0.6525000000000001,-0.18969999999999987,-0.8422,1783094400000,2026-07-03 16:00:00 UTC,-0.00011393,0.0002265
FINAL_REAL_MARK_PREMIUM_CLOSED_GUARD_2026_06_13,1783107900000,2026-07-03 19:45:00 UTC,HMSTRUSDT,1783107900000,2026-07-03 19:45:00 UTC,1783108799999,2026-07-03 19:59:59 UTC,True,0.0002465,0.0002465,0.0002356,0.0002383,-8.299999999999985e-06,-3.3657745336577394,56.147319805315014,0.00024655,0.0002466,0.00023643,0.0002384,-8.150000000000008e-06,-3.3056175218008548,1783108799999,2026-07-03 19:59:59 UTC,-1.0000000000000243e-07,-0.04194630872483323,-0.00047949,0.0,-0.00312198,-0.00037571,-0.00037571,,1783108799999,2026-07-03 19:59:59 UTC,7736,-1362.0,-14.970323147944603,2478190997.0,-175396252.0,-6.609778972449382,594354.6325339,-51077.78846479999,-7.913731446239646,binance_kline_quote_asset_volume,320345.2684850052,76.82970947956308,1.0899999999999967e-05,4.421906693711954,-8.199999999999982e-06,-3.3265720081135832,8.199999999999982e-06,3.3265720081135832,0.0,0.0,2.6999999999999843e-06,24.770642201834793,0.24770642201834794,1031655529.0,1446535468.0,41.62937926289303,58.37062073710697,247393.9832175,-122858.63645209998,-33.18238141346159,346960.64931639994,71780.84798729996,26.085071520730548,41.62396819602302,58.37603180397698,0.7131906211925666,0.7130318199050197,-99566.66609889994,-16.75206360795396,14860347454.0,3663818.6647837,177799180.0,1.2109558687087618,126792.78557709977,3.584728806268757,1.07,-0.03169999999999984,-2.8773713352092076,51.690000000000005,48.309999999999995,1.7715,0.017300000000000093,0.9862045376809995,63.92,36.08,0.8939,-0.018100000000000005,-1.9846491228070182,47.199999999999996,52.800000000000004,0.7015,-0.17610000000000003,-0.8776,1783094400000,2026-07-03 16:00:00 UTC,-0.00011393,0.0002265
FINAL_REAL_MARK_PREMIUM_CLOSED_GUARD_2026_06_13,1783108800000,2026-07-03 20:00:00 UTC,HMSTRUSDT,1783108800000,2026-07-03 20:00:00 UTC,1783109699999,2026-07-03 20:14:59 UTC,True,0.0002383,0.0002431,0.0002383,0.0002418,3.5000000000000038e-06,1.4687368862778027,58.44085448026866,0.0002384,0.00024266,0.00023831,0.00024184,3.4400000000000077e-06,1.4429530201342313,1783109699999,2026-07-03 20:14:59 UTC,-4.000000000000639e-08,-0.016539861065169695,-0.00010564,0.00068286,-0.00346737,-0.00071243,-0.00033672,89.622315083442,1783109699999,2026-07-03 20:14:59 UTC,4095,-3641.0,-47.06566701137539,1335383774.0,-1142807223.0,-46.114574073727056,321973.8673414,-272380.76519249997,-45.82798724580721,binance_kline_quote_asset_volume,326101.0437118437,78.62609703086692,4.800000000000008e-06,2.0142677297524165,3.5000000000000038e-06,1.4687368862778027,3.5000000000000038e-06,1.4687368862778027,1.3000000000000045e-06,27.083333333333382,0.0,0.0,0.7291666666666662,759841276.0,575542498.0,56.90059223379481,43.099407766205196,183275.9350812,-64118.0481363,-25.917383803117673,138697.9322602,-208262.71705619994,-60.02488105395527,56.92261194815112,43.07738805184888,1.3202174967798816,1.3214035140579516,44578.002821,13.845223896302244,14498286696.0,3456391.5483264,-362060758.0,-2.4364218879858233,-207427.1164572998,-5.6615006209524195,1.1119,0.04190000000000005,3.9158878504672945,52.65,47.349999999999994,1.7511,-0.020399999999999974,-1.1515664690939866,63.65,36.35,0.9095,0.015599999999999947,1.7451616511914025,47.63,52.370000000000005,0.6392,-0.20240000000000014,-0.8416000000000001,1783094400000,2026-07-03 16:00:00 UTC,-0.00011393,0.0002265
FINAL_REAL_MARK_PREMIUM_CLOSED_GUARD_2026_06_13,1783109700000,2026-07-03 20:15:00 UTC,HMSTRUSDT,1783109700000,2026-07-03 20:15:00 UTC,1783110599999,2026-07-03 20:29:59 UTC,True,0.0002418,0.0002426,0.0002391,0.0002421,3.000000000000073e-07,0.1240694789081916,58.64052872053662,0.0002418,0.0002426,0.00023923,0.0002421,2.600000000000009e-07,0.1075090969235862,1783110599999,2026-07-03 20:29:59 UTC,0.0,0.0,-0.00075302,0.00063909,-0.00263438,-0.00060262,0.00010981000000000001,-15.413444127844139,1783110599999,2026-07-03 20:29:59 UTC,3630,-465.0,-11.355311355311356,926463118.0,-408920656.0,-30.621957819295776,223089.5084027,-98884.3589387,-30.71192073916033,binance_kline_quote_asset_volume,255223.99944903582,61.457164849228654,3.4999999999999767e-06,1.4474772539288572,3.000000000000073e-07,0.1240694789081916,3.000000000000073e-07,0.1240694789081916,4.99999999999985e-07,14.285714285713954,2.6999999999999843e-06,77.14285714285721,0.8571428571428604,475378598.0,451084520.0,51.31111954313112,48.68888045686887,114497.2825752,-68778.652506,-37.52737776267668,108592.2258275,-30105.706432699997,-21.705951878374876,51.323472535750255,48.676527464249745,1.0538570421348088,1.0543782642146065,5905.0567477,2.646945071500517,14355837764.0,3471815.80484576,-142448932.0,-0.9825225213631683,15424.256519360002,0.4462531603755511,1.1119,0.0,0.0,52.65,47.349999999999994,1.7492,-0.0019000000000000128,-0.10850322654331636,63.629999999999995,36.370000000000005,0.9069,-0.0025999999999999357,-0.2858713578889429,47.56,52.44,0.6373,-0.20500000000000007,-0.8423,1783108800001,2026-07-03 20:00:00 UTC,-8.484e-05,0.0002384
FINAL_REAL_MARK_PREMIUM_CLOSED_GUARD_2026_06_13,1783110600000,2026-07-03 20:30:00 UTC,HMSTRUSDT,1783110600000,2026-07-03 20:30:00 UTC,1783111499999,2026-07-03 20:44:59 UTC,True,0.0002422,0.0002466,0.0002418,0.000244,1.899999999999992e-06,0.7847996695580305,59.95286142285913,0.0002421,0.0002465,0.0002421,0.000244,1.899999999999992e-06,0.7847996695580305,1783111499999,2026-07-03 20:44:59 UTC,0.0,0.0,0.0,0.00276546,-0.00258193,0.0,0.00060262,-100.0,1783111499999,2026-07-03 20:44:59 UTC,4037,407.0,11.212121212121213,1242735292.0,316272174.0,34.137589274223004,303475.4231334,80385.91473069997,36.03303234932722,binance_kline_quote_asset_volume,307836.3368838246,75.17350090002476,4.799999999999981e-06,1.9818331957060202,1.7999999999999895e-06,0.7431874483897561,1.7999999999999895e-06,0.7431874483897561,2.599999999999982e-06,54.166666666666494,4.000000000000097e-07,8.333333333333568,0.458333333333335,593014451.0,649720841.0,47.71848476642442,52.28151523357558,144839.1576477,30341.875072499985,26.50008313740714,158636.2654857,50044.03965819998,46.08436679223751,47.72681627797992,52.27318372202008,0.9127219162113964,0.9130267735706139,-13797.107837999996,-4.546367444040153,14349454834.0,3474003.0153114,-6382930.0,-0.04446226061432941,2187.2104656398296,0.06299903533439324,1.1349,0.02299999999999991,2.068531342746642,53.16,46.839999999999996,1.7788,0.02959999999999985,1.6922021495540733,64.01,35.99,0.9161,0.009199999999999986,1.014444811996911,47.81,52.190000000000005,0.6438999999999999,-0.2188,-0.8626999999999999,1783108800001,2026-07-03 20:00:00 UTC,-8.484e-05,0.0002384
FINAL_REAL_MARK_PREMIUM_CLOSED_GUARD_2026_06_13,1783111500000,2026-07-03 20:45:00 UTC,HMSTRUSDT,1783111500000,2026-07-03 20:45:00 UTC,1783112399999,2026-07-03 20:59:59 UTC,True,0.000244,0.0002463,0.0002427,0.0002438,-2.0000000000000486e-07,-0.08196721311475609,59.73798901541985,0.000244,0.0002461,0.0002429,0.0002438,-2.0000000000000486e-07,-0.08196721311475609,1783112399999,2026-07-03 20:59:59 UTC,0.0,0.0,0.0,0.0,-0.00236724,-0.00053787,-0.00053787,,1783112399999,2026-07-03 20:59:59 UTC,3051,-986.0,-24.42407728511271,963761476.0,-278973816.0,-22.448369962281557,235783.5531351,-67691.86999829998,-22.305552554924482,binance_kline_quote_asset_volume,315883.80072107504,77.28074504591937,3.6000000000000333e-06,1.4754098360655876,-2.0000000000000486e-07,-0.08196721311475609,2.0000000000000486e-07,0.08196721311475609,2.300000000000029e-06,63.88888888888909,1.0999999999999996e-06,30.555555555555262,0.30555555555555264,503335152.0,460426324.0,52.22611242867317,47.77388757132683,123144.1537095,-21695.003938199996,-14.97868690383433,112639.3994256,-45996.86606009999,-28.995177060724682,52.22762659740753,47.77237340259247,1.093193689768268,1.0932600345657786,10504.754283899994,4.455253194815055,14436365452.0,3522473.170288,86910618.0,0.6056719158003937,48470.15497659985,1.3952248965522305,1.1295,-0.005400000000000071,-0.47581284694687387,53.04,46.96,1.7992,0.020399999999999974,1.146840566674161,64.28,35.72,0.912,-0.0040999999999999925,-0.44754939417094125,47.699999999999996,52.300000000000004,0.6697,-0.21749999999999992,-0.8871999999999999,1783108800001,2026-07-03 20:00:00 UTC,-8.484e-05,0.0002384
FINAL_REAL_MARK_PREMIUM_CLOSED_GUARD_2026_06_13,1783112400000,2026-07-03 21:00:00 UTC,HMSTRUSDT,1783112400000,2026-07-03 21:00:00 UTC,1783113299999,2026-07-03 21:14:59 UTC,True,0.0002439,0.0002479,0.0002439,0.0002455,1.7000000000000142e-06,0.697292863002467,61.01692964584127,0.0002438,0.00024775,0.0002438,0.0002455,1.7000000000000142e-06,0.697292863002467,1783113299999,2026-07-03 21:14:59 UTC,0.0,0.0,0.0,0.00208084,-0.00300598,-0.00123898,-0.00070111,130.3493409188094,1783113299999,2026-07-03 21:14:59 UTC,4319,1268.0,41.560144215011476,1131082647.0,167321171.0,17.361263670182225,278497.5603616,42714.00722650002,18.115770442235053,binance_kline_quote_asset_volume,261885.30840472333,64.48195423977774,4.000000000000016e-06,1.6400164001640083,1.6000000000000118e-06,0.6560065600656054,1.6000000000000118e-06,0.6560065600656054,2.400000000000004e-06,59.999999999999865,0.0,0.0,0.40000000000000135,557109566.0,573973081.0,49.25454099023058,50.74545900976942,137182.7770471,14038.623337600016,11.40015414025863,141314.7833145,28675.383888900004,25.457685352664296,49.25816113756347,50.74183886243654,0.9706196761516765,0.9707602688799791,-4132.006267399993,-1.4836777248730704,14369767041.0,3503349.2045958,-66598411.0,-0.4613239476475952,-19123.965692199767,-0.5429130263790249,1.14,0.010499999999999954,0.9296148738379773,53.269999999999996,46.73,1.7861,-0.01309999999999989,-0.7281013783903896,64.11,35.89,0.9198,0.007799999999999918,0.8552631578947278,47.910000000000004,52.09,0.6461000000000001,-0.22019999999999995,-0.8663000000000001,1783108800001,2026-07-03 20:00:00 UTC,-8.484e-05,0.0002384
FINAL_REAL_MARK_PREMIUM_CLOSED_GUARD_2026_06_13,1783113300000,2026-07-03 21:15:00 UTC,HMSTRUSDT,1783113300000,2026-07-03 21:15:00 UTC,1783114199999,2026-07-03 21:29:59 UTC,True,0.0002457,0.000249,0.0002429,0.0002445,-1.0000000000000243e-06,-0.4073319755600914,59.81331203151901,0.0002455,0.0002489,0.0002431,0.0002447,-8.000000000000194e-07,-0.32586558044807307,1783114199999,2026-07-03 21:29:59 UTC,-2.0000000000000486e-07,-0.08173273395995295,-0.00032959,0.00048761,-0.0024371,0.0,0.00123898,-100.0,1783114199999,2026-07-03 21:29:59 UTC,4170,-149.0,-3.4498726557073396,1320681266.0,189598619.0,16.762578711898495,325391.2188194,46893.65845779999,16.83808590528171,binance_kline_quote_asset_volume,316710.1357314149,78.03146734278178,6.099999999999986e-06,2.482702482702477,-1.2000000000000292e-06,-0.48840048840050027,1.2000000000000292e-06,0.48840048840050027,3.299999999999972e-06,54.098360655737366,1.5999999999999847e-06,26.229508196721124,0.26229508196721124,717541253.0,603140013.0,54.331144953183575,45.66885504681642,176835.2486257,39652.4715786,28.90484682708079,148555.9701937,7241.186879199988,5.124153828325607,54.34542741113363,45.65457258886637,1.1896760910140445,1.1903611035970287,28279.27843200002,8.690854822267255,14338928340.0,3520206.90747,-30838701.0,-0.21460821815698633,16857.702874199953,0.48118819705684795,1.1598,0.01980000000000004,1.7368421052631615,53.7,46.300000000000004,1.753,-0.03310000000000013,-1.8531997088628929,63.68000000000001,36.32,0.9324,0.012600000000000056,1.3698630136986363,48.25,51.74999999999999,0.5932,-0.22739999999999994,-0.8205999999999999,1783108800001,2026-07-03 20:00:00 UTC,-8.484e-05,0.0002384
FINAL_REAL_MARK_PREMIUM_CLOSED_GUARD_2026_06_13,1783114200000,2026-07-03 21:30:00 UTC,HMSTRUSDT,1783114200000,2026-07-03 21:30:00 UTC,1783115099999,2026-07-03 21:44:59 UTC,True,0.0002444,0.0002444,0.0002406,0.0002418,-2.6999999999999843e-06,-1.104294478527601,56.568699603408845,0.00024463,0.00024463,0.0002407,0.0002418,-2.899999999999989e-06,-1.1851246424192845,1783115099999,2026-07-03 21:44:59 UTC,0.0,0.0,0.0,0.0,-0.00490589,0.0,0.0,,1783115099999,2026-07-03 21:44:59 UTC,4636,466.0,11.175059952038369,1332593893.0,11912627.0,0.902006207453843,322783.5810018,-2607.6378175999853,-0.8013854298407749,binance_kline_quote_asset_volume,287444.75690250215,69.62544887873167,3.799999999999984e-06,1.554828150572825,-2.599999999999982e-06,-1.0638297872340352,2.599999999999982e-06,1.0638297872340352,0.0,0.0,1.200000000000002e-06,31.57894736842124,0.3157894736842124,612496232.0,720097661.0,45.96270740976598,54.03729259023402,148412.0744812,-28423.174144500023,-16.07325143906247,174371.50652060003,25815.536326900037,17.37764984688231,45.978817764083345,54.021182235916655,0.8505738390393133,0.851125722559877,-25959.43203940004,-8.042364471833304,14381661200.0,3519192.49564,42732860.0,0.29801990069782297,-1014.4118300001137,-0.02881682402950511,1.1636,0.0038000000000000256,0.3276426970167292,53.779999999999994,46.22,1.7563,0.0033000000000000806,0.1882487164860286,63.72,36.28,0.9309,-0.0015000000000000568,-0.16087516087516698,48.209999999999994,51.790000000000006,0.5927,-0.23270000000000002,-0.8254,1783108800001,2026-07-03 20:00:00 UTC,-8.484e-05,0.0002384
FINAL_REAL_MARK_PREMIUM_CLOSED_GUARD_2026_06_13,1783115100000,2026-07-03 21:45:00 UTC,HMSTRUSDT,1783115100000,2026-07-03 21:45:00 UTC,1783115999999,2026-07-03 21:59:59 UTC,True,0.0002418,0.0002475,0.0002417,0.000246,4.200000000000021e-06,1.736972704714649,60.1866599228095,0.0002418,0.0002473,0.0002418,0.0002459,4.100000000000018e-06,1.6956162117452518,1783115999999,2026-07-03 21:59:59 UTC,1.0000000000000243e-07,0.04066693777958618,0.0,0.0,-0.00285415,0.0,0.0,,1783115999999,2026-07-03 21:59:59 UTC,3267,-1369.0,-29.5297670405522,787287381.0,-545306512.0,-40.92068220216585,193315.0934486,-129468.48755320002,-40.10999789746989,binance_kline_quote_asset_volume,240981.75114784206,59.172051866727884,5.8000000000000055e-06,2.3986765922249815,4.200000000000021e-06,1.736972704714649,4.200000000000021e-06,1.736972704714649,1.4999999999999823e-06,25.86206896551691,1.0000000000000243e-07,1.724137931034523,0.7413793103448308,360605165.0,426682216.0,45.803498659150996,54.196501340849004,88438.1959309,-59973.878550299996,-40.41037682408863,104876.89751770001,-69494.60900290002,-39.85433766650976,45.74821052677637,54.25178947322363,0.8451375554869622,0.8432571712561799,-16438.701586800016,-8.50357894644727,14279076538.0,3452680.7068884,-102584662.0,-0.7133018958894679,-66511.78875159984,-1.8899730217657225,1.1659,0.0022999999999999687,0.19766242695083955,53.83,46.17,1.7389,-0.017400000000000082,-0.9907191254341561,63.49,36.51,0.929,-0.0018999999999999018,-0.20410355569877559,48.16,51.839999999999996,0.573,-0.2368999999999999,-0.8098999999999998,1783108800001,2026-07-03 20:00:00 UTC,-8.484e-05,0.0002384
FINAL_REAL_MARK_PREMIUM_CLOSED_GUARD_2026_06_13,1783116000000,2026-07-03 22:00:00 UTC,HMSTRUSDT,1783116000000,2026-07-03 22:00:00 UTC,1783116899999,2026-07-03 22:14:59 UTC,True,0.000246,0.0002498,0.0002456,0.0002488,2.7999999999999596e-06,1.1382113821138047,62.43341683603225,0.000246,0.00024983,0.00024584,0.0002487,2.7999999999999596e-06,1.138674257828369,1783116899999,2026-07-03 22:14:59 UTC,1.0000000000000243e-07,0.04020908725372032,0.0,0.0,-0.00359445,-0.00125262,-0.00125262,,1783116899999,2026-07-03 22:14:59 UTC,7323,4056.0,124.1505968778696,1680091453.0,892804072.0,113.40256347891342,416781.461414,223466.36796540002,115.59695830207734,binance_kline_quote_asset_volume,229426.66297965313,56.91403269343166,4.199999999999994e-06,1.707317073170729,2.7999999999999596e-06,1.1382113821138047,2.7999999999999596e-06,1.1382113821138047,1.0000000000000243e-06,23.809523809524425,4.000000000000097e-07,9.52380952380977,0.7619047619047558,865545308.0,814546145.0,51.51774961145523,48.48225038854477,214794.7760564,126356.58012550001,142.87557406103923,201986.6853576,97109.7878399,92.5940699413909,51.536547553644354,48.463452446355646,1.0626105265036887,1.0634105692468014,12808.090698799992,3.073095107288704,14330493568.0,3523868.3683712,51417030.0,0.36008652144392617,71187.6614827998,2.0618084186230767,1.1678,0.0019000000000000128,0.16296423363924975,53.87,46.129999999999995,1.7392,0.000300000000000189,0.017252285927896314,63.49,36.51,0.9294,0.00039999999999995595,0.0430570505920297,48.17,51.83,0.5714000000000001,-0.23839999999999995,-0.8098000000000001,1783108800001,2026-07-03 20:00:00 UTC,-8.484e-05,0.0002384
FINAL_REAL_MARK_PREMIUM_CLOSED_GUARD_2026_06_13,1783116900000,2026-07-03 22:15:00 UTC,HMSTRUSDT,1783116900000,2026-07-03 22:15:00 UTC,1783117799999,2026-07-03 22:29:59 UTC,True,0.0002487,0.0002524,0.0002451,0.0002483,-4.999999999999579e-07,-0.2009646302250635,61.76314109061894,0.0002487,0.00025192,0.00024546,0.00024795,-7.499999999999911e-07,-0.30156815440289153,1783117799999,2026-07-03 22:29:59 UTC,3.500000000000356e-07,0.1411574914297381,-0.00109283,0.00040529,-0.00277684,-0.00109021,0.00016240999999999998,-12.965624051987032,1783117799999,2026-07-03 22:29:59 UTC,7811,488.0,6.663935545541445,2475763693.0,795672240.0,47.35886481531907,615704.2262086,198922.76479459996,47.7283140472999,binance_kline_quote_asset_volume,316958.6087568813,78.82527540757906,7.300000000000015e-06,2.9352633695215182,-3.999999999999555e-07,-0.1608363490148595,3.999999999999555e-07,0.1608363490148595,3.7000000000000357e-06,50.68493150684971,3.2000000000000236e-06,43.8356164383564,0.438356164383564,1023933363.0,1451830330.0,41.358283340816406,58.641716659183594,255277.0925325,40482.31647610001,18.846974409410365,360427.13367609994,158440.44831849993,78.4410358722382,41.46099404002018,58.53900595997982,0.7052706792535461,0.7082626935681994,-105150.04114359993,-17.078011919959632,14280539206.0,3551570.1005322,-49954362.0,-0.34858786798207786,27701.73216100037,0.7861171095276935,1.1944,0.026599999999999957,2.2777872923445757,54.43,45.57,1.7143,-0.024900000000000144,-1.4316927322907167,63.160000000000004,36.84,0.9486,0.019199999999999995,2.0658489347966427,48.68,51.32,0.5199,-0.2457999999999999,-0.7656999999999999,1783108800001,2026-07-03 20:00:00 UTC,-8.484e-05,0.0002384
FINAL_REAL_MARK_PREMIUM_CLOSED_GUARD_2026_06_13,1783117800000,2026-07-03 22:30:00 UTC,HMSTRUSDT,1783117800000,2026-07-03 22:30:00 UTC,1783118699999,2026-07-03 22:44:59 UTC,True,0.0002483,0.0002525,0.0002483,0.000251,2.699999999999957e-06,1.0873942811115413,64.01010172134944,0.0002482,0.0002515,0.0002482,0.00025115,3.2000000000000236e-06,1.290582778786055,1783118699999,2026-07-03 22:44:59 UTC,-1.5000000000003075e-07,-0.05972526378659397,0.0,0.00198809,-0.0034328,-0.00162303,-0.0005328199999999998,48.87315287880315,1783118699999,2026-07-03 22:44:59 UTC,5146,-2665.0,-34.118550761746256,1243834213.0,-1231929480.0,-49.75957452979742,311507.0984954,-304197.1277132,-49.406373184474184,binance_kline_quote_asset_volume,241708.94150796736,60.53383181022153,4.199999999999994e-06,1.691502215062422,2.699999999999957e-06,1.0873942811115413,2.699999999999957e-06,1.0873942811115413,1.5000000000000365e-06,35.71428571428664,0.0,0.0,0.6428571428571337,685377289.0,558456924.0,55.10198078142107,44.89801921857893,171760.7931785,-83516.29935400002,-32.71593957979889,139746.3053169,-220680.82835919995,-61.22758464614269,55.13864499657185,44.86135500342815,1.227269749098858,1.2290900484918108,32014.487861600006,10.277289993143691,14745346828.0,3656108.7460026,464807622.0,3.25483243521162,104538.64547039988,2.943448742704947,1.1848,-0.009599999999999831,-0.8037508372404414,54.230000000000004,45.769999999999996,1.7031,-0.011199999999999877,-0.6533278889342518,63.01,36.99,0.9531,0.0044999999999999485,0.4743833017077745,48.8,51.2,0.5183,-0.23170000000000013,-0.7500000000000001,1783108800001,2026-07-03 20:00:00 UTC,-8.484e-05,0.0002384
FINAL_REAL_MARK_PREMIUM_CLOSED_GUARD_2026_06_13,1783118700000,2026-07-03 22:45:00 UTC,HMSTRUSDT,1783118700000,2026-07-03 22:45:00 UTC,1783119599999,2026-07-03 22:59:59 UTC,True,0.000251,0.0002515,0.000249,0.0002492,-1.7999999999999895e-06,-0.7171314741035816,61.418857122902786,0.00025115,0.0002513,0.000249,0.00024927,-1.8800000000000023e-06,-0.7485566394584918,1783119599999,2026-07-03 22:59:59 UTC,-7.000000000001796e-08,-0.028081999438367217,-0.00156888,0.00092662,-0.00309114,-0.00014083,0.0014822,-91.32301929107904,1783119599999,2026-07-03 22:59:59 UTC,4525,-621.0,-12.067625340069958,1565567995.0,321733782.0,25.866291394575107,391158.2344204,79651.13592500001,25.569605415003476,binance_kline_quote_asset_volume,345981.8773480663,86.44380871169061,2.5000000000000066e-06,0.9960159362549829,-1.7999999999999895e-06,-0.7171314741035816,1.7999999999999895e-06,0.7171314741035816,5.000000000000122e-07,20.000000000000433,2.0000000000000486e-07,8.000000000000174,0.08000000000000174,639956860.0,925611135.0,40.87697641008559,59.1230235899144,160145.7454396,-11615.0477389,-6.762339369747335,231012.4889808,91266.18366390001,65.30847699832741,40.94142251073826,59.05857748926173,0.6913884630396111,0.6932341456782022,-70866.7435412,-18.11715497852347,14656059617.0,3680869.37280955,-89287211.0,-0.6055280492314508,24760.62680694973,0.6772398888304874,1.1612,-0.023600000000000065,-1.9918973666441648,53.73,46.27,1.6985,-0.0046000000000001595,-0.2700957078269132,62.94,37.059999999999995,0.9451,-0.007999999999999896,-0.839366278459752,48.59,51.41,0.5372999999999999,-0.21609999999999996,-0.7533999999999998,1783108800001,2026-07-03 20:00:00 UTC,-8.484e-05,0.0002384
FINAL_REAL_MARK_PREMIUM_CLOSED_GUARD_2026_06_13,1783119600000,2026-07-03 23:00:00 UTC,HMSTRUSDT,1783119600000,2026-07-03 23:00:00 UTC,1783120499999,2026-07-03 23:14:59 UTC,True,0.0002494,0.0002559,0.0002465,0.0002543,5.1000000000000155e-06,2.0465489566613226,65.66051837367328,0.00024927,0.00025585,0.0002475,0.00025448,5.210000000000013e-06,2.090103101055086,1783120499999,2026-07-03 23:14:59 UTC,-1.8000000000001522e-07,-0.07073247406476549,-0.00043127,0.00209525,-0.005504,-0.00067054,-0.00052971,376.13434637506214,1783120499999,2026-07-03 23:14:59 UTC,11632,7107.0,157.060773480663,4442292284.0,2876724289.0,183.7495591496171,1119836.6115588,728678.3771384001,186.28736736633493,binance_kline_quote_asset_volume,381902.70667125174,96.27206082864512,9.400000000000012e-06,3.769045709703293,4.900000000000011e-06,1.964715316760229,4.900000000000011e-06,1.964715316760229,1.5999999999999847e-06,17.021276595744496,2.9000000000000163e-06,30.851063829787368,0.829787234042555,2387459506.0,2054832778.0,53.74386360391049,46.25613639608951,603066.8683131,442921.1228735,276.5737682619552,516769.74324570014,285757.2542649001,123.69775137509993,53.85311232802413,46.14688767197586,1.1618753270637188,1.1669933779895654,86297.12506739981,7.706224656048276,15124669937.0,3770126.47519599,468610320.0,3.1973827361922362,89257.10238644015,2.424891875973083,1.1404,-0.02079999999999993,-1.79125043058904,53.28000000000001,46.72,1.7073,0.008800000000000141,0.5181042095967113,63.06,36.94,0.9227,-0.022400000000000087,-2.3701195640673034,47.99,52.01,0.5669,-0.21770000000000012,-0.7846000000000001,1783108800001,2026-07-03 20:00:00 UTC,-8.484e-05,0.0002384
FINAL_REAL_MARK_PREMIUM_CLOSED_GUARD_2026_06_13,1783120500000,2026-07-03 23:15:00 UTC,HMSTRUSDT,1783120500000,2026-07-03 23:15:00 UTC,1783121399999,2026-07-03 23:29:59 UTC,True,0.0002544,0.0002568,0.000252,0.0002553,1.0000000000000243e-06,0.393236335037367,66.43963430540374,0.00025448,0.00025677,0.00025229,0.0002553,8.200000000000091e-07,0.322225715183908,1783121399999,2026-07-03 23:29:59 UTC,0.0,0.0,-0.00082357,0.0,-0.00370364,-0.00111146,-0.00044092000000000014,65.75595788468998,1783121399999,2026-07-03 23:29:59 UTC,6463,-5169.0,-44.43775790921596,1882445781.0,-2559846503.0,-57.62445015650843,479259.2669145,-640577.3446443002,-57.20275065418906,binance_kline_quote_asset_volume,291265.013306514,74.15430402514312,4.800000000000008e-06,1.8867924528301918,9.000000000000219e-07,0.35377358490566896,9.000000000000219e-07,0.35377358490566896,1.4999999999999823e-06,31.249999999999577,2.400000000000004e-06,50.0,0.6875000000000042,1047907072.0,834538709.0,55.66731762352946,44.33268237647053,266892.9902649,-336173.8780481999,-55.74404692278093,212366.27664959995,-304403.4665961002,-58.90504824919102,55.68864468352864,44.311355316471364,1.2556722183152802,1.2567578735924634,54526.713615300076,11.37728936705728,15091715798.0,3840539.83627504,-32954139.0,-0.21788335968498168,70413.36107905023,1.8676657545126465,1.1272,-0.0132000000000001,-1.1574886004910645,52.99,47.010000000000005,1.6759,-0.031400000000000095,-1.8391612487553504,62.629999999999995,37.37,0.9305,0.007800000000000029,0.8453451826162383,48.199999999999996,51.800000000000004,0.5487,-0.19669999999999999,-0.7454,1783108800001,2026-07-03 20:00:00 UTC,-8.484e-05,0.0002384
FINAL_REAL_MARK_PREMIUM_CLOSED_GUARD_2026_06_13,1783121400000,2026-07-03 23:30:00 UTC,HMSTRUSDT,1783121400000,2026-07-03 23:30:00 UTC,1783122299999,2026-07-03 23:44:59 UTC,True,0.0002552,0.0002583,0.0002545,0.0002572,1.899999999999992e-06,0.744222483352915,67.9285340189851,0.0002553,0.00025825,0.0002545,0.00025733,2.029999999999979e-06,0.7951429690560042,1783122299999,2026-07-03 23:44:59 UTC,-1.299999999999869e-07,-0.050518789103480705,-0.00191374,0.00030654,-0.00374427,-0.002232,-0.00112054,100.81694347974735,1783122299999,2026-07-03 23:44:59 UTC,8107,1644.0,25.43710351230079,2142713487.0,260267706.0,13.82603996497257,549158.4936138,69899.22669930005,14.584846141696014,binance_kline_quote_asset_volume,264304.11829283333,67.73880518241026,3.799999999999984e-06,1.4890282131661376,1.9999999999999944e-06,0.7836990595611262,1.9999999999999944e-06,0.7836990595611262,1.0999999999999725e-06,28.947368421052033,7.00000000000017e-07,18.421052631579474,0.7105263157894797,1154558694.0,988154793.0,53.88301800519726,46.11698199480274,296063.2813571,29170.291092199972,10.929583074942322,253095.21225670003,40728.93560710008,19.17862678089045,53.912173771331815,46.087826228668185,1.168398617482595,1.1697703750192632,42968.06910039997,7.824347542663629,14964808798.0,3820515.6861294,-126907000.0,-0.8409050481643585,-20024.15014564013,-0.5213889452859226,1.1349,0.00770000000000004,0.6831085876508197,53.16,46.839999999999996,1.6645,-0.011399999999999855,-0.6802315173936306,62.470000000000006,37.53,0.9417,0.011199999999999988,1.2036539494895204,48.5,51.5,0.5296000000000001,-0.19320000000000004,-0.7228000000000001,1783108800001,2026-07-03 20:00:00 UTC,-8.484e-05,0.0002384
FINAL_REAL_MARK_PREMIUM_CLOSED_GUARD_2026_06_13,1783122300000,2026-07-03 23:45:00 UTC,HMSTRUSDT,1783122300000,2026-07-03 23:45:00 UTC,1783123199999,2026-07-03 23:59:59 UTC,True,0.0002572,0.0002587,0.0002542,0.0002566,-6.000000000000146e-07,-0.23328149300156087,66.91888645850617,0.00025733,0.0002587,0.0002546,0.00025652,-8.100000000000143e-07,-0.31477091672172475,1783123199999,2026-07-03 23:59:59 UTC,8.000000000001279e-08,0.031186652112900663,-0.00177538,0.0,-0.00307876,-0.00109392,0.00113808,-50.98924731182796,1783123199999,2026-07-03 23:59:59 UTC,7747,-360.0,-4.440606882940668,2847160824.0,704447337.0,32.8764130750067,732375.647649,183217.15403520002,33.36325599364196,binance_kline_quote_asset_volume,367517.8551697431,94.53667841086873,4.500000000000001e-06,1.7496111975116642,-6.000000000000146e-07,-0.23328149300156087,6.000000000000146e-07,0.23328149300156087,1.4999999999999823e-06,33.33333333333293,2.400000000000004e-06,53.333333333333414,0.5333333333333341,1132017183.0,1715143641.0,39.75950966512737,60.24049033487263,291431.4632377,-4631.818119400006,-1.5644689534509642,440944.18441130006,187848.97215460002,74.2206739035725,39.79262065488175,60.20737934511825,0.6600130484348162,0.6609259709974111,-149512.72117360006,-20.414758690236496,14983098092.0,3855600.63201436,18289294.0,0.12221535367992344,35084.94588495977,0.9183301095278229,1.1404,0.00550000000000006,0.4846241959644075,53.28000000000001,46.72,1.6441,-0.020400000000000196,-1.22559327125264,62.18,37.82,0.9543,0.012600000000000056,1.3380057343102958,48.83,51.17,0.5036999999999998,-0.18610000000000004,-0.6897999999999999,1783108800001,2026-07-03 20:00:00 UTC,-8.484e-05,0.0002384
FINAL_REAL_MARK_PREMIUM_CLOSED_GUARD_2026_06_13,1783123200000,2026-07-04 00:00:00 UTC,HMSTRUSDT,1783123200000,2026-07-04 00:00:00 UTC,1783124099999,2026-07-04 00:14:59 UTC,True,0.0002566,0.0002639,0.0002566,0.0002609,4.299999999999996e-06,1.67575993764614,70.32324897374876,0.0002566,0.00026374,0.0002566,0.00026128,4.760000000000029e-06,1.8556058007173044,1783124099999,2026-07-04 00:14:59 UTC,-3.800000000000201e-07,-0.14543784445806032,-0.00155852,8.01e-05,-0.00547155,-0.00233173,-0.0012378100000000002,113.15361269562676,1783124099999,2026-07-04 00:14:59 UTC,13373,5626.0,72.62165999741835,4222857006.0,1375696182.0,48.31817614247982,1101514.1827717,369138.5351226999,50.402895878320365,binance_kline_quote_asset_volume,315774.8452852763,82.3685173687056,7.300000000000015e-06,2.844894777864386,4.299999999999996e-06,1.67575993764614,4.299999999999996e-06,1.67575993764614,3.0000000000000187e-06,41.09589041095908,0.0,0.0,0.5890410958904092,2128018772.0,2094838234.0,50.39286835846982,49.60713164153018,555026.5318413,263595.06860359997,90.44839073830686,546487.6509304,105543.46651909995,23.935788303911963,50.387597411111585,49.61240258888842,1.015839188659758,1.0156250207966502,8538.880910899956,0.7751948222231585,15454504889.0,3964389.59412628,471406797.0,3.1462571632745338,108788.96211192012,2.821582744037556,1.1622,0.02179999999999982,1.9116099614170305,53.75,46.25,1.6889,0.04480000000000017,2.7248950793747446,62.81,37.19,0.9701,0.015799999999999925,1.6556638373676962,49.24,50.760000000000005,0.5267000000000002,-0.19209999999999994,-0.7188000000000001,1783123200000,2026-07-04 00:00:00 UTC,-0.0002011,0.0002566
FINAL_REAL_MARK_PREMIUM_CLOSED_GUARD_2026_06_13,1783124100000,2026-07-04 00:15:00 UTC,HMSTRUSDT,1783124100000,2026-07-04 00:15:00 UTC,1783124999999,2026-07-04 00:29:59 UTC,True,0.000261,0.0002646,0.0002589,0.0002642,3.300000000000026e-06,1.2648524338827236,72.64947304749224,0.00026128,0.0002645,0.0002594,0.00026421,2.9300000000000007e-06,1.1214023270055116,1783124999999,2026-07-04 00:29:59 UTC,-9.999999999994822e-09,-0.0037848680973448477,-0.00314029,0.0,-0.00474528,-0.0023254,6.330000000000138e-06,-0.2714722545063167,1783124999999,2026-07-04 00:29:59 UTC,10354,-3019.0,-22.575338368354146,3105182488.0,-1117674518.0,-26.467259403099952,815437.1467675,-286077.0360042,-25.97125306951153,binance_kline_quote_asset_volume,299901.7276414912,78.75576074632991,5.699999999999976e-06,2.183908045977002,3.2000000000000236e-06,1.2260536398467523,3.2000000000000236e-06,1.2260536398467523,3.999999999999555e-07,7.017543859648372,2.099999999999997e-06,36.84210526315799,0.9298245614035163,1548373162.0,1556809326.0,49.8641599321038,50.1358400678962,406961.9614725,-148064.57036879996,-26.67702566895242,408475.185295,-138012.46563540003,-25.254452758526675,49.90721395091586,50.09278604908414,0.9945811193065784,0.9962954326799384,-1513.2238224999746,-0.18557209816827608,15815507021.0,4132275.67444688,361002132.0,2.3359022795803006,167886.08032059995,4.234853218496572,1.1925,0.030299999999999994,2.607124419204956,54.39000000000001,45.61,1.6647,-0.0242,-1.432885309965066,62.470000000000006,37.53,1.0198,0.04970000000000008,5.123183176992071,50.49,49.51,0.4722000000000002,-0.17269999999999985,-0.6449,1783123200000,2026-07-04 00:00:00 UTC,-0.0002011,0.0002566
FINAL_REAL_MARK_PREMIUM_CLOSED_GUARD_2026_06_13,1783125000000,2026-07-04 00:30:00 UTC,HMSTRUSDT,1783125000000,2026-07-04 00:30:00 UTC,1783125899999,2026-07-04 00:44:59 UTC,True,0.000264,0.0002656,0.0002604,0.0002645,2.999999999999531e-07,0.1135503406510042,72.85776514573584,0.00026422,0.000265,0.00026051,0.0002645,2.8999999999995826e-07,0.10976117482304161,1783125899999,2026-07-04 00:44:59 UTC,0.0,0.0,-0.00245035,0.00242411,-0.00534227,-0.00036519,0.00196021,-84.29560505719445,1783125899999,2026-07-04 00:44:59 UTC,11001,647.0,6.248792737106433,3437114978.0,331932490.0,10.689629072776093,903337.6887471,87900.54197959998,10.779560672217261,binance_kline_quote_asset_volume,312436.5946732115,82.11414314581401,5.200000000000018e-06,1.9696969696969764,4.999999999999579e-07,0.18939393939392343,4.999999999999579e-07,0.18939393939392343,1.1000000000000267e-06,21.153846153846594,3.6000000000000333e-06,69.23076923076962,0.7884615384615341,1803029457.0,1634085521.0,52.45764161340779,47.54235838659221,474132.0925808,67170.1311083,16.505260311125898,429205.59616629995,20730.410871299973,5.075072273075416,52.48669445403144,47.51330554596855,1.1033874505519226,1.1046736035498774,44926.496414500056,4.973388908062903,16144125185.0,4265439.31512885,328618164.0,2.077822503974468,133163.64068196993,3.2225255808905917,1.1911,-0.0013999999999998458,-0.11740041928719881,54.36,45.64,1.6362,-0.02849999999999997,-1.7120201838169022,62.07,37.93,1.0268,0.006999999999999895,0.6864090998234845,50.660000000000004,49.34,0.44510000000000005,-0.1643000000000001,-0.6094000000000002,1783123200000,2026-07-04 00:00:00 UTC,-0.0002011,0.0002566
FINAL_REAL_MARK_PREMIUM_CLOSED_GUARD_2026_06_13,1783125900000,2026-07-04 00:45:00 UTC,HMSTRUSDT,1783125900000,2026-07-04 00:45:00 UTC,1783126799999,2026-07-04 00:59:59 UTC,True,0.0002644,0.0002683,0.0002621,0.000268,3.500000000000031e-06,1.323251417769388,75.2280411487425,0.0002645,0.0002683,0.00026238,0.00026784,3.3400000000000053e-06,1.2627599243856353,1783126799999,2026-07-04 00:59:59 UTC,1.6000000000002557e-07,0.05973715651135961,-0.00034959,0.0,-0.00341282,-0.00233256,-0.00196737,538.7250472356856,1783126799999,2026-07-04 00:59:59 UTC,10060,-941.0,-8.553767839287337,3417293964.0,-19821014.0,-0.5766759077560308,908058.9623726,4721.2736255000345,0.5226476969037225,binance_kline_quote_asset_volume,339691.24890656065,90.26431037500994,6.200000000000042e-06,2.3449319213313324,3.6000000000000333e-06,1.361573373676261,3.6000000000000333e-06,1.361573373676261,3.000000000000073e-07,4.838709677419439,2.3000000000000017e-06,37.09677419354816,0.9516129032258056,1836075987.0,1581217977.0,53.72894478328233,46.27105521671766,488172.642409,14040.549828200019,2.961316065270835,419886.31996359996,-9319.276202699984,-2.1712848774434756,53.76001588415469,46.2399841158453,1.1611782902212728,1.16263050068247,68286.32244540006,7.520031768309382,16076565291.0,4252251.5194695,-67559894.0,-0.4184797455781126,-13187.795659350231,-0.3091778990402037,1.1877,-0.0034000000000000696,-0.2854504239778414,54.290000000000006,45.71,1.575,-0.06120000000000014,-3.7403740374037486,61.160000000000004,38.84,1.0292,0.0023999999999999577,0.2337358784573391,50.72,49.28,0.3873,-0.15850000000000009,-0.5458000000000001,1783123200000,2026-07-04 00:00:00 UTC,-0.0002011,0.0002566
FINAL_REAL_MARK_PREMIUM_CLOSED_GUARD_2026_06_13,1783126800000,2026-07-04 01:00:00 UTC,HMSTRUSDT,1783126800000,2026-07-04 01:00:00 UTC,1783127699999,2026-07-04 01:14:59 UTC,True,0.000268,0.0002745,0.0002679,0.0002736,5.5999999999999735e-06,2.08955223880596,78.46801853490712,0.0002679,0.00027437,0.0002679,0.0002738,5.960000000000004e-06,2.225209080047791,1783127699999,2026-07-04 01:14:59 UTC,-2.0000000000000486e-07,-0.07304601899196672,-0.00198925,-0.00083765,-0.00733033,-0.00358395,-0.0012513899999999998,53.64878073875913,1783127699999,2026-07-04 01:14:59 UTC,25095,15035.0,149.45328031809143,8761886062.0,5344592098.0,156.39837117624103,2382973.9687909,1474915.0064182999,162.42502607590632,binance_kline_quote_asset_volume,349148.6775054792,94.95811790360231,6.599999999999998e-06,2.462686567164178,5.5999999999999735e-06,2.08955223880596,5.5999999999999735e-06,2.08955223880596,9.000000000000219e-07,13.63636363636397,1.0000000000000243e-07,1.5151515151515524,0.8636363636363603,4491281255.0,4270604807.0,51.25929763545469,48.740702364545314,1222001.4663789,733828.8239698999,150.32157892926014,1160972.502412,741086.1824484,176.49686289199536,51.28052099532303,48.71947900467697,1.0516733479150977,1.0525671054569408,61028.96396690002,2.5610419906460655,16577281781.0,4440059.15222304,500716490.0,3.1145737969310625,187807.63275354076,4.416663311039776,1.1631,-0.024599999999999955,-2.0712301086132827,53.769999999999996,46.23,1.5178,-0.05719999999999992,-3.631746031746027,60.28,39.72,1.0408,0.011600000000000055,1.1270890011659596,51.0,49.0,0.3547,-0.12230000000000008,-0.4770000000000001,1783123200000,2026-07-04 00:00:00 UTC,-0.0002011,0.0002566
FINAL_REAL_MARK_PREMIUM_CLOSED_GUARD_2026_06_13,1783127700000,2026-07-04 01:15:00 UTC,HMSTRUSDT,1783127700000,2026-07-04 01:15:00 UTC,1783128599999,2026-07-04 01:29:59 UTC,True,0.0002734,0.0002795,0.0002468,0.0002624,-1.1200000000000001e-05,-4.093567251461989,61.22153610338356,0.00027392,0.0002789,0.0002592,0.0002621,-1.1700000000000013e-05,-4.273192111029954,1783128599999,2026-07-04 01:29:59 UTC,3.000000000000073e-07,0.11446012972148314,-0.00560205,0.00338509,-0.00560205,-0.00374042,-0.00015647000000000013,4.365853318266163,1783128599999,2026-07-04 01:29:59 UTC,31250,6155.0,24.52679816696553,12664516471.0,3902630409.0,44.54098559813023,3399856.9980839,1016883.0292930002,42.67285512182736,binance_kline_quote_asset_volume,405264.527072,108.7954239386848,3.2700000000000036e-05,11.960497439648881,-1.0999999999999996e-05,-4.023408924652522,1.0999999999999996e-05,4.023408924652522,6.10000000000004e-06,18.654434250764627,1.56e-05,47.70642201834857,0.4770642201834857,6143533220.0,6520983251.0,48.50981270440009,51.49018729559991,1653597.1449049,431595.6785260001,35.31875291483303,1746259.853179,585287.3507670001,50.41354119507788,48.63725579743026,51.36274420256974,0.9421176199245539,0.9469364721948964,-92662.70827409998,-2.7254884051394828,17919689714.0,4906411.0436932,1342407933.0,8.097877268024705,466351.8914701594,10.503281048331692,1.1796,0.01649999999999996,1.4186226463760605,54.120000000000005,45.879999999999995,1.5136,-0.0041999999999999815,-0.27671629990776003,60.22,39.78,1.0747,0.03390000000000004,3.257109915449658,51.800000000000004,48.199999999999996,0.3340000000000001,-0.1049,-0.43890000000000007,1783123200000,2026-07-04 00:00:00 UTC,-0.0002011,0.0002566
FINAL_REAL_MARK_PREMIUM_CLOSED_GUARD_2026_06_13,1783128600000,2026-07-04 01:30:00 UTC,HMSTRUSDT,1783128600000,2026-07-04 01:30:00 UTC,1783129499999,2026-07-04 01:44:59 UTC,True,0.0002624,0.0002756,0.0002552,0.000269,6.599999999999998e-06,2.515243902439024,65.96834272476988,0.0002621,0.0002743,0.0002559,0.00026948,7.380000000000028e-06,2.8157191911484274,1783129499999,2026-07-04 01:44:59 UTC,-4.800000000000225e-07,-0.17812082529316556,-0.0006754,0.00024396,-0.00754027,-0.00416664,-0.00042622000000000016,11.39497703466456,1783129499999,2026-07-04 01:44:59 UTC,36681,5431.0,17.3792,12769994007.0,105477536.0,0.8328587691565568,3390944.2131078,-8912.784976100083,-0.26215176053355105,binance_kline_quote_asset_volume,348136.47411466425,92.44415945878794,2.0399999999999954e-05,7.774390243902422,6.599999999999998e-06,2.515243902439024,6.599999999999998e-06,2.515243902439024,6.599999999999998e-06,32.35294117647065,7.199999999999958e-06,35.2941176470587,0.6764705882352935,6747265391.0,6022728616.0,52.83687202438324,47.16312797561675,1795123.6557266,141526.51082169986,8.558705562462688,1595820.5573812001,-150439.29579779995,-8.614943275706127,52.93875519353853,47.06124480646147,1.1203004188292982,1.1248906698334953,199303.09834539983,5.877510387077072,17413227322.0,4564006.8810962,-506462392.0,-2.8262899641857047,-342404.16259699967,-6.978709275431233,1.1464,-0.033199999999999896,-2.8145133943709646,53.410000000000004,46.589999999999996,1.4654,-0.04820000000000002,-3.1844608879492613,59.440000000000005,40.56,1.0288,-0.04590000000000005,-4.270959337489537,50.71,49.29,0.31899999999999995,-0.11760000000000015,-0.4366000000000001,1783123200000,2026-07-04 00:00:00 UTC,-0.0002011,0.0002566
FINAL_REAL_MARK_PREMIUM_CLOSED_GUARD_2026_06_13,1783129500000,2026-07-04 01:45:00 UTC,HMSTRUSDT,1783129500000,2026-07-04 01:45:00 UTC,1783130399999,2026-07-04 01:59:59 UTC,True,0.000269,0.0002767,0.0002657,0.000273,4.000000000000043e-06,1.4869888475836592,68.48609983882477,0.00026925,0.00027639,0.00026723,0.0002729,3.420000000000018e-06,1.2691108802137518,1783130399999,2026-07-04 01:59:59 UTC,1.0000000000000243e-07,0.036643459142543945,-0.00254658,0.00037587,-0.00742452,-0.00165514,0.0025115,-60.27638576886891,1783130399999,2026-07-04 01:59:59 UTC,17317,-19364.0,-52.79027289332352,6505018490.0,-6264975517.0,-49.060128873715925,1766823.9484946,-1624120.2646132002,-47.89581197871416,binance_kline_quote_asset_volume,375643.5000288734,102.02829291993994,1.0999999999999996e-05,4.089219330855018,4.000000000000043e-06,1.4869888475836592,4.000000000000043e-06,1.4869888475836592,3.6999999999999815e-06,33.636363636363484,3.299999999999972e-06,29.999999999999755,0.6636363636363652,3374840781.0,3130177709.0,51.88057168766018,48.11942831233982,916718.9230151,-878404.7327115,-48.93282587577256,850105.0254795,-745715.5319017002,-46.729284721425486,51.88513115843708,48.11486884156292,1.0781626778877558,1.0783596091530296,66613.8975356,3.7702623168741587,17242834190.0,4646598.9575212,-170393132.0,-0.9785270062185661,82592.0764250001,1.8096396122251863,1.0756,-0.0708000000000002,-6.175854849965125,51.82,48.18,1.3801,-0.08529999999999993,-5.82093626313634,57.989999999999995,42.01,0.9681,-0.060699999999999976,-5.900077760497665,49.19,50.81,0.3045000000000002,-0.10749999999999993,-0.41200000000000014,1783123200000,2026-07-04 00:00:00 UTC,-0.0002011,0.0002566
FINAL_REAL_MARK_PREMIUM_CLOSED_GUARD_2026_06_13,1783130400000,2026-07-04 02:00:00 UTC,HMSTRUSDT,1783130400000,2026-07-04 02:00:00 UTC,1783131299999,2026-07-04 02:14:59 UTC,True,0.0002729,0.0002783,0.0002668,0.0002715,-1.5000000000000365e-06,-0.5494505494505628,66.49925717087301,0.0002729,0.0002783,0.00026825,0.00027113,-1.770000000000005e-06,-0.6485892268230139,1783131299999,2026-07-04 02:14:59 UTC,3.6999999999997105e-07,0.13646590196583597,-0.00121181,0.00047029,-0.00555136,-0.0007312,0.00092394,-55.82246819000205,1783131299999,2026-07-04 02:14:59 UTC,22380,5063.0,29.237165790841367,8766445168.0,2261426678.0,34.764338971156405,2401200.8995849,634376.9510903002,35.90493278239822,binance_kline_quote_asset_volume,391708.8993744415,107.2922653970018,1.1500000000000008e-05,4.213997801392455,-1.400000000000034e-06,-0.5130084279956152,1.400000000000034e-06,0.5130084279956152,5.399999999999969e-06,46.956521739130125,4.700000000000006e-06,40.869565217391326,0.40869565217391324,4288094682.0,4478350486.0,48.914863434642314,51.08513656535768,1175047.0840359,258328.1610208,28.17964749447469,1226153.8155490002,376048.7900695002,44.23556840607908,48.93580892123739,51.06419107876261,0.9575165444074177,0.9583194776503487,-51106.73151310021,-2.128382157525225,17730349683.0,4838612.4284907,487515493.0,2.8273512789604807,192013.47096950002,4.132344381877376,1.0721,-0.0034999999999998366,-0.3253997768687093,51.739999999999995,48.26,1.3389,-0.041200000000000125,-2.985290920947766,57.25,42.75,0.965,-0.0030999999999999917,-0.3202148538374126,49.11,50.89,0.2667999999999999,-0.10710000000000008,-0.3739,1783123200000,2026-07-04 00:00:00 UTC,-0.0002011,0.0002566
FINAL_REAL_MARK_PREMIUM_CLOSED_GUARD_2026_06_13,1783131300000,2026-07-04 02:15:00 UTC,HMSTRUSDT,1783131300000,2026-07-04 02:15:00 UTC,1783132199999,2026-07-04 02:29:59 UTC,True,0.0002715,0.0002922,0.0002691,0.0002847,1.3199999999999996e-05,4.861878453038672,73.72354671716617,0.00027113,0.00028795,0.00026935,0.00028491,1.3779999999999966e-05,5.0824327813226,1783132199999,2026-07-04 02:29:59 UTC,-2.0999999999999968e-07,-0.0737074865747077,0.0,0.0054813,-0.00425195,-0.00061927,0.00011193,-15.307713347921226,1783132199999,2026-07-04 02:29:59 UTC,46556,24176.0,108.02502234137623,16590341523.0,7823896355.0,89.24822097284576,4634843.8118964,2233642.9123114995,93.02190885808986,binance_kline_quote_asset_volume,356352.38257152674,99.55416728018729,2.310000000000002e-05,8.508287292817688,1.3199999999999996e-05,4.861878453038672,1.3199999999999996e-05,4.861878453038672,7.50000000000002e-06,32.46753246753252,2.400000000000004e-06,10.389610389610398,0.6753246753246748,8566719260.0,8023622263.0,51.636786669662825,48.36321333033718,2394584.725317,1219537.6412811,103.7862786819052,2240259.0865793996,1014105.2710303995,82.70620359129595,51.6648418479765,48.3351581520235,1.0676872588462232,1.0688874066674299,154325.6387376003,3.329683695952986,18559091430.0,5031926.4594159,828741747.0,4.67414214506217,193314.0309251994,3.9952369358398783,1.0653,-0.006800000000000139,-0.634269191306794,51.580000000000005,48.42,1.3748,0.03590000000000004,2.681305549331544,57.89,42.11,0.9631,-0.0019000000000000128,-0.1968911917098459,49.059999999999995,50.94,0.3095000000000001,-0.10219999999999996,-0.41170000000000007,1783123200000,2026-07-04 00:00:00 UTC,-0.0002011,0.0002566
FINAL_REAL_MARK_PREMIUM_CLOSED_GUARD_2026_06_13,1783132200000,2026-07-04 02:30:00 UTC,HMSTRUSDT,1783132200000,2026-07-04 02:30:00 UTC,1783133099999,2026-07-04 02:44:59 UTC,True,0.0002849,0.0002989,0.0002812,0.0002934,8.699999999999995e-06,3.0558482613277116,77.21160999682198,0.00028489,0.00029738,0.0002817,0.00029346,8.550000000000018e-06,3.0009476676845384,1783133099999,2026-07-04 02:44:59 UTC,-6.000000000002314e-08,-0.0204457166223755,0.0,0.01167927,-0.00363972,0.00041735,0.00103662,-167.393866972403,1783133099999,2026-07-04 02:44:59 UTC,37262,-9294.0,-19.963055245295987,11524919055.0,-5065422468.0,-30.532358004671316,3334366.9786374,-1300476.8332589995,-28.05869811450873,binance_kline_quote_asset_volume,309294.16174655146,89.4843802972841,1.7699999999999997e-05,6.212706212706212,8.49999999999999e-06,2.98350298350298,8.49999999999999e-06,2.98350298350298,5.500000000000025e-06,31.07344632768376,3.6999999999999815e-06,20.903954802259786,0.6892655367231624,6255184374.0,5269734681.0,54.2752998450452,45.724700154954796,1810824.6290606,-583760.0962564,-24.3783437722848,1523542.3495768001,-716716.7370025995,-31.992582522985675,54.30789834058996,45.69210165941004,1.1870017662469865,1.1885620570794104,287282.2794837998,8.615796681179907,19238121731.0,5481133.26237921,679030301.0,3.6587475392377007,449206.80296331085,8.927133704880383,1.0559,-0.009399999999999853,-0.882380550079776,51.35999999999999,48.64,1.4512,0.07640000000000002,5.55717195228397,59.199999999999996,40.8,0.9732,0.010099999999999998,1.048696916208078,49.32,50.68,0.3953,-0.0827000000000001,-0.4780000000000001,1783123200000,2026-07-04 00:00:00 UTC,-0.0002011,0.0002566
FINAL_REAL_MARK_PREMIUM_CLOSED_GUARD_2026_06_13,1783133100000,2026-07-04 02:45:00 UTC,HMSTRUSDT,1783133100000,2026-07-04 02:45:00 UTC,1783133999999,2026-07-04 02:59:59 UTC,True,0.0002936,0.000298,0.000288,0.0002932,-1.9999999999995065e-07,-0.06816632583502068,76.95869723515726,0.00029381,0.00029698,0.00028842,0.0002931,-3.599999999999762e-07,-0.12267429973419758,1783133999999,2026-07-04 02:59:59 UTC,1.0000000000000243e-07,0.03411804844762962,-0.00106419,0.00333214,-0.0040369,-0.00023736,-0.00065471,-156.87312806996525,1783133999999,2026-07-04 02:59:59 UTC,29892,-7370.0,-19.778863185014224,9237678267.0,-2287240788.0,-19.84604644149494,2707296.473476,-627070.5051614,-18.806283446870456,binance_kline_quote_asset_volume,309035.13538739464,90.56926513702663,9.999999999999972e-06,3.40599455040871,-3.999999999999555e-07,-0.13623978201633363,3.999999999999555e-07,0.13623978201633363,4.3999999999999985e-06,44.00000000000011,5.200000000000018e-06,52.00000000000033,0.5200000000000032,4388281604.0,4849396663.0,47.50416151292445,52.49583848707555,1287806.4673738,-523018.16168679995,-28.88287210662281,1419490.0061022001,-104052.3434746,-6.829632501092142,47.56798821225282,52.43201178774718,0.9049129013268346,0.9072317958123622,-131683.53872840013,-4.864023575494363,19767662165.0,5801018.1389409,529540434.0,2.752557871316029,319884.8765616892,5.836108360241471,1.0433,-0.012600000000000167,-1.1932948195852036,51.06,48.94,1.4141,-0.03710000000000013,-2.556504961411255,58.58,41.42,0.9708,-0.0023999999999999577,-0.24660912453760356,49.26,50.739999999999995,0.3708,-0.0724999999999999,-0.4432999999999999,1783123200000,2026-07-04 00:00:00 UTC,-0.0002011,0.0002566
FINAL_REAL_MARK_PREMIUM_CLOSED_GUARD_2026_06_13,1783134000000,2026-07-04 03:00:00 UTC,HMSTRUSDT,1783134000000,2026-07-04 03:00:00 UTC,1783134899999,2026-07-04 03:14:59 UTC,True,0.0002934,0.0002962,0.0002856,0.0002915,-1.7000000000000413e-06,-0.5798090040927835,74.71833155966094,0.00029311,0.0002962,0.00028603,0.00029138,-1.720000000000031e-06,-0.5868304332992258,1783134899999,2026-07-04 03:14:59 UTC,1.1999999999999207e-07,0.04118333447731212,0.0,0.00388488,-0.00227802,-0.00120126,-0.0009639,406.09201213346813,1783134899999,2026-07-04 03:14:59 UTC,30408,516.0,1.7262143717382576,9132090849.0,-105587418.0,-1.1430081774680625,2654999.3252743,-52297.1482017003,-1.9317111632976798,binance_kline_quote_asset_volume,300318.6940607735,87.3125271400388,1.0599999999999987e-05,3.6128152692569824,-1.899999999999992e-06,-0.6475800954328534,1.899999999999992e-06,0.6475800954328534,2.800000000000014e-06,26.415094339622808,5.899999999999981e-06,55.66037735849045,0.5566037735849045,4643644230.0,4488446619.0,50.84973755499264,49.15026244500736,1350605.6748134,62799.207439600024,4.876447589804801,1304393.6504608998,-115096.35564130032,-8.108289255050497,50.87028316566005,49.12971683433995,1.0345771319509593,1.0354279740139578,46212.024352500215,1.7405663313200974,20873721441.0,6118087.7543571,1106059276.0,5.595296331795642,317069.61541620083,5.4657580414683675,1.0243,-0.018999999999999906,-1.8211444455094323,50.6,49.4,1.41,-0.0040999999999999925,-0.28993706244254247,58.51,41.49,0.9596,-0.011199999999999988,-1.1536876802636988,48.97,51.03,0.38569999999999993,-0.06469999999999998,-0.4503999999999999,1783123200000,2026-07-04 00:00:00 UTC,-0.0002011,0.0002566
FINAL_REAL_MARK_PREMIUM_CLOSED_GUARD_2026_06_13,1783134900000,2026-07-04 03:15:00 UTC,HMSTRUSDT,1783134900000,2026-07-04 03:15:00 UTC,1783135799999,2026-07-04 03:29:59 UTC,True,0.0002914,0.0003033,0.0002839,0.0003011,9.600000000000017e-06,3.2933104631217893,78.5209538460831,0.00029138,0.0003015,0.00028457,0.00030063,9.250000000000035e-06,3.1745486992930316,1783135799999,2026-07-04 03:29:59 UTC,4.699999999999735e-07,0.1563383561188083,0.0,0.01421431,-0.00254849,-0.00016121,0.00104005,-86.57992441270001,1783135799999,2026-07-04 03:29:59 UTC,30684,276.0,0.9076558800315706,9874244248.0,742153399.0,8.126872709345294,2895806.0859321,240806.76065780036,9.069936793031824,binance_kline_quote_asset_volume,321804.33607091644,94.3751168665135,1.9399999999999984e-05,6.657515442690455,9.700000000000019e-06,3.3287577213452364,9.700000000000019e-06,3.3287577213452364,2.1999999999999993e-06,11.340206185567016,7.4999999999999655e-06,38.659793814432845,0.8865979381443299,5323438110.0,4550806138.0,53.91236003786566,46.08763996213435,1564179.798223,213574.1234096,15.813210872159814,1331626.2877091002,27232.637248200364,2.08776217505949,54.01535019288154,45.98464980711846,1.169779144303334,1.174638720082629,232553.51051389985,8.030700385763078,21465746263.0,6254689.14611294,592024822.0,2.836220765297507,136601.3917558398,2.2327465253919705,0.9936,-0.03069999999999995,-2.997168798203646,49.84,50.160000000000004,1.3312,-0.07879999999999998,-5.588652482269502,57.099999999999994,42.9,0.9635,0.0039000000000000146,0.4064193413922483,49.07,50.93,0.3375999999999999,-0.030100000000000016,-0.3676999999999999,1783123200000,2026-07-04 00:00:00 UTC,-0.0002011,0.0002566
FINAL_REAL_MARK_PREMIUM_CLOSED_GUARD_2026_06_13,1783135800000,2026-07-04 03:30:00 UTC,HMSTRUSDT,1783135800000,2026-07-04 03:30:00 UTC,1783136699999,2026-07-04 03:44:59 UTC,True,0.000301,0.000308,0.000292,0.0002961,-5.000000000000013e-06,-1.660577881102628,72.41194018339586,0.00030067,0.00030736,0.00029237,0.00029619,-4.440000000000032e-06,-1.4768985131224532,1783136699999,2026-07-04 03:44:59 UTC,-9.000000000000761e-08,-0.030385900941965496,0.0,0.00285523,-0.00434777,-0.0006894,-0.00052819,327.6409652006699,1783136699999,2026-07-04 03:44:59 UTC,38599,7915.0,25.795202711510886,12237230062.0,2362985814.0,23.930801736837896,3673527.3521329,777721.2662008,26.85681441098524,binance_kline_quote_asset_volume,317034.89888339076,95.17156797152518,1.600000000000001e-05,5.315614617940202,-4.900000000000011e-06,-1.6279069767441894,4.900000000000011e-06,1.6279069767441894,7.0000000000000075e-06,43.75000000000002,4.099999999999991e-06,25.624999999999932,0.2562499999999993,6109553739.0,6127676323.0,49.92595307962594,50.07404692037406,1834731.1314085,270551.3331855,17.296690156263505,1838796.2207244001,507169.93301529996,38.08650652938248,49.94467049069963,50.05532950930037,0.9970425030558521,0.9977892660045284,-4065.0893159001134,-0.1106590186007426,21567252425.0,6483763.09652775,101506162.0,0.4728750668918685,229073.9504148094,3.662435415470175,0.9516,-0.04200000000000004,-4.227053140096622,48.76,51.239999999999995,1.2941,-0.03709999999999991,-2.7869591346153784,56.410000000000004,43.59,0.9421,-0.021399999999999975,-2.2210690192008276,48.51,51.49,0.3425,-0.009499999999999953,-0.352,1783123200000,2026-07-04 00:00:00 UTC,-0.0002011,0.0002566
FINAL_REAL_MARK_PREMIUM_CLOSED_GUARD_2026_06_13,1783136700000,2026-07-04 03:45:00 UTC,HMSTRUSDT,1783136700000,2026-07-04 03:45:00 UTC,1783137599999,2026-07-04 03:59:59 UTC,True,0.0002961,0.0003005,0.0002939,0.0002976,1.5000000000000365e-06,0.506585612968604,73.08838326143405,0.00029619,0.00029961,0.00029423,0.00029742,1.2300000000000136e-06,0.41527397954016465,1783137599999,2026-07-04 03:59:59 UTC,1.8000000000001522e-07,0.060520476094417054,-0.00125347,0.00143111,-0.0054216,-0.00089526,-0.0002058600000000001,29.860748476936482,1783137599999,2026-07-04 03:59:59 UTC,19153,-19446.0,-50.379543511489935,5722001601.0,-6515228461.0,-53.2410392547215,1701533.3323915,-1971994.0197414001,-53.68121238015101,binance_kline_quote_asset_volume,298752.23729963973,88.8389981930507,6.599999999999998e-06,2.228976697061803,1.5000000000000365e-06,0.506585612968604,1.5000000000000365e-06,0.506585612968604,2.899999999999962e-06,43.939393939393376,2.1999999999999993e-06,33.33333333333333,0.5606060606060662,2884292236.0,2837709365.0,50.407050489044416,49.59294951095558,858139.6063464,-976591.5250621,-53.228045698030044,843393.7260451,-995402.4946793001,-54.13337723128221,50.43331153203372,49.56668846796628,1.0164156596071987,1.0174839814975236,14745.88030129997,0.8666230640674362,21932508518.0,6496189.69794642,365256093.0,1.6935680345476367,12426.601418670267,0.19165724030424686,0.944,-0.007600000000000051,-0.798654897015558,48.559999999999995,51.44,1.2815,-0.012599999999999945,-0.973649640676914,56.169999999999995,43.830000000000005,0.9406,-0.0015000000000000568,-0.1592187665852942,48.47,51.53,0.33750000000000013,-0.0033999999999999586,-0.3409000000000001,1783123200000,2026-07-04 00:00:00 UTC,-0.0002011,0.0002566
FINAL_REAL_MARK_PREMIUM_CLOSED_GUARD_2026_06_13,1783137600000,2026-07-04 04:00:00 UTC,HMSTRUSDT,1783137600000,2026-07-04 04:00:00 UTC,1783138499999,2026-07-04 04:14:59 UTC,True,0.0002976,0.0003062,0.0002954,0.0003047,7.099999999999956e-06,2.385752688172028,76.07826827734827,0.0002976,0.00030512,0.0002958,0.00030471,7.289999999999966e-06,2.451079281823672,1783138499999,2026-07-04 04:14:59 UTC,-9.999999999994822e-09,-0.0032818089330822167,-0.00053661,0.00306007,-0.00737117,0.00019137,0.00108663,-121.37591314255076,1783138499999,2026-07-04 04:14:59 UTC,28943,9790.0,51.11470787866131,9444468758.0,3722467157.0,65.05533232198758,2843130.1646035,1141596.8322120002,67.09224030348493,binance_kline_quote_asset_volume,326312.7097398335,98.23204797717929,1.0799999999999991e-05,3.629032258064513,7.099999999999956e-06,2.385752688172028,7.099999999999956e-06,2.385752688172028,1.5000000000000365e-06,13.888888888889236,2.1999999999999993e-06,20.37037037037038,0.8611111111111076,5041519126.0,4402949632.0,53.38065332398445,46.61934667601555,1518526.6415623,660387.0352159,76.95566436183411,1324603.5230412001,481209.7969961001,57.056364321397346,53.41038058924299,46.58961941075701,1.1450322050833763,1.1464008778082255,193923.1185210999,6.820761178485974,22367691349.0,6652598.76101958,435182831.0,1.9841908673731763,156409.06307316013,2.4077046752899514,0.9312,-0.012799999999999923,-1.3559322033898222,48.22,51.78,1.2599,-0.021600000000000064,-1.6855247756535359,55.75,44.25,0.9354,-0.005199999999999982,-0.5528386136508593,48.33,51.67,0.3287,0.0041999999999999815,-0.3245,1783123200000,2026-07-04 00:00:00 UTC,-0.0002011,0.0002566
FINAL_REAL_MARK_PREMIUM_CLOSED_GUARD_2026_06_13,1783138500000,2026-07-04 04:15:00 UTC,HMSTRUSDT,1783138500000,2026-07-04 04:15:00 UTC,1783139399999,2026-07-04 04:29:59 UTC,True,0.0003047,0.0003168,0.0003022,0.0003066,1.9000000000000462e-06,0.6235641614703138,76.82043241205447,0.00030476,0.00031504,0.00030252,0.0003062,1.4900000000000416e-06,0.48898953102951714,1783139399999,2026-07-04 04:29:59 UTC,4.000000000000097e-07,0.13063357282822002,-0.00072536,0.00580219,-0.00525301,-0.00121421,-0.00140558,-734.4829388096357,1783139399999,2026-07-04 04:29:59 UTC,38308,9365.0,32.356701102166326,13401819949.0,3957351191.0,41.901257682152846,4135235.1979356,1292105.0333320997,45.446566232478325,binance_kline_quote_asset_volume,349843.8955048554,107.94703972892346,1.460000000000003e-05,4.791598293403357,1.9000000000000462e-06,0.6235641614703138,1.9000000000000462e-06,0.6235641614703138,1.0199999999999977e-05,69.86301369862984,2.5000000000000066e-06,17.123287671232887,0.3013698630137016,7248430102.0,6153389847.0,54.08541623140412,45.91458376859589,2238588.3482404,720061.7066781002,47.41844410034728,1896646.8496951996,572043.3266539995,43.18600371382274,54.13448670000567,45.86551329999434,1.17795723694215,1.1802873838111465,341941.49854520056,8.268973400011328,23353356898.0,7116001.38038958,985665549.0,4.406648561180484,463402.6193699995,6.965738292910036,0.9153,-0.015900000000000025,-1.7074742268041263,47.79,52.21,1.254,-0.005900000000000016,-0.46829113421700264,55.63,44.37,0.9305,-0.0049000000000000155,-0.523840068419929,48.199999999999996,51.800000000000004,0.3387,0.015199999999999991,-0.3235,1783137600006,2026-07-04 04:00:00 UTC,-0.00011649,0.0002976
FINAL_REAL_MARK_PREMIUM_CLOSED_GUARD_2026_06_13,1783139400000,2026-07-04 04:30:00 UTC,HMSTRUSDT,1783139400000,2026-07-04 04:30:00 UTC,1783140299999,2026-07-04 04:44:59 UTC,True,0.0003064,0.0003155,0.0003011,0.0003103,3.6999999999999815e-06,1.206784083496406,78.2364538080901,0.00030623,0.00031496,0.00030169,0.0003104,4.199999999999994e-06,1.3716525146962748,1783140299999,2026-07-04 04:44:59 UTC,-1.0000000000000243e-07,-0.032216494845361605,-4.594e-05,0.00272282,-0.00353023,-0.00044147,0.0007727400000000001,-63.641379991928915,1783140299999,2026-07-04 04:44:59 UTC,30613,-7695.0,-20.08718805471442,11777847251.0,-1623972698.0,-12.117553467961457,3643504.9184661,-491730.27946949983,-11.891228816077556,binance_kline_quote_asset_volume,384733.5201058374,119.01822488701205,1.4400000000000025e-05,4.699738903394263,3.899999999999986e-06,1.2728459530026064,3.899999999999986e-06,1.2728459530026064,5.200000000000018e-06,36.11111111111117,5.30000000000002e-06,36.805555555555635,0.6388888888888883,5837617303.0,5940229948.0,49.56438285022211,50.43561714977789,1807870.6533586,-430717.6948818001,-19.24059397612596,1835634.2651075,-61012.584587699734,-3.216865838651236,49.618998569095005,50.381001430905,0.982725812654012,0.9848751942167119,-27763.6117488998,-0.7620028618100003,23666576797.0,7246705.8152414,313219899.0,1.3412200240335659,130704.43485182058,1.836767980568673,0.8993,-0.016000000000000014,-1.748060745110894,47.349999999999994,52.65,1.2164,-0.03760000000000008,-2.9984051036682677,54.879999999999995,45.12,0.9425,0.01200000000000001,1.2896292315959175,48.52,51.480000000000004,0.31709999999999994,0.043200000000000016,-0.2738999999999999,1783137600006,2026-07-04 04:00:00 UTC,-0.00011649,0.0002976
FINAL_REAL_MARK_PREMIUM_CLOSED_GUARD_2026_06_13,1783140300000,2026-07-04 04:45:00 UTC,HMSTRUSDT,1783140300000,2026-07-04 04:45:00 UTC,1783141199999,2026-07-04 04:59:59 UTC,True,0.0003103,0.0003123,0.0002996,0.0003075,-2.800000000000014e-06,-0.9023525620367431,74.52611182852856,0.0003104,0.00031203,0.00030018,0.0003077,-2.7000000000000114e-06,-0.869845360824746,1783141199999,2026-07-04 04:59:59 UTC,-2.0000000000000486e-07,-0.06499837504062556,-0.0003289,0.00083852,-0.0034442,0.0,0.00044147,-100.0,1783141199999,2026-07-04 04:59:59 UTC,29388,-1225.0,-4.001567961323621,12851827016.0,1073979765.0,9.118642330064295,3936341.0143875,292836.0959214,8.037208744723824,binance_kline_quote_asset_volume,437315.46944331017,133.94382109662106,1.2699999999999983e-05,4.092813406380916,-2.800000000000014e-06,-0.9023525620367431,2.800000000000014e-06,0.9023525620367431,1.9999999999999944e-06,15.74803149606297,7.899999999999975e-06,62.20472440944871,0.6220472440944871,6274572674.0,6577254342.0,48.82241774798566,51.17758225201434,1923423.4895784,115552.83621979994,6.391653960703983,2012917.5248091,177283.25970160007,9.657874832229602,48.86323320434389,51.13676679565611,0.9539805438164094,0.9555401380693989,-89494.03523069993,-2.273533591312218,24818630620.0,7703702.944448,1152053823.0,4.867851539670222,456997.12920659967,6.306274062422062,0.8893,-0.010000000000000009,-1.1119759813188044,47.07,52.93,1.2133,-0.0030999999999998806,-0.2548503781650675,54.82,45.18,0.9268,-0.015700000000000047,-1.6657824933687053,48.1,51.9,0.32400000000000007,0.03749999999999998,-0.2865000000000001,1783137600006,2026-07-04 04:00:00 UTC,-0.00011649,0.0002976
FINAL_REAL_MARK_PREMIUM_CLOSED_GUARD_2026_06_13,1783141200000,2026-07-04 05:00:00 UTC,HMSTRUSDT,1783141200000,2026-07-04 05:00:00 UTC,1783142099999,2026-07-04 05:14:59 UTC,True,0.0003075,0.0003242,0.0003029,0.0003225,1.4999999999999985e-05,4.8780487804878,79.99858276194693,0.00030769,0.00032403,0.00030334,0.00032278,1.5079999999999998e-05,4.900877478063047,1783142099999,2026-07-04 05:14:59 UTC,-2.8000000000001765e-07,-0.086746390730534,-0.0007934,0.00156075,-0.00400019,-0.00051919,-0.00051919,,1783142099999,2026-07-04 05:14:59 UTC,45975,16587.0,56.44140465496121,17976592926.0,5124765910.0,39.87577722311291,5642845.736568,1706504.7221805002,43.35256310220964,binance_kline_quote_asset_volume,391008.0027406199,122.737264525677,2.130000000000003e-05,6.9268292682926935,1.4999999999999985e-05,4.8780487804878,1.4999999999999985e-05,4.8780487804878,1.7000000000000413e-06,7.981220657277179,4.600000000000003e-06,21.596244131455386,0.9201877934272282,9557291919.0,8419301007.0,53.165201873025936,46.834798126974064,3005459.0762342,1082035.5866558,56.25571240647446,2637386.6603338,624469.1355247002,31.023086034482372,53.261407746052114,46.73859225394789,1.13516453575586,1.1395595198217219,368072.4159003999,6.522815492104218,25165490829.0,7743421.5280833,346860209.0,1.3975799644662266,39718.5836353004,0.5155778191567638,0.8783,-0.01100000000000001,-1.2369279208366142,46.760000000000005,53.239999999999995,1.2187,0.005399999999999849,0.4450671721750473,54.93,45.07,0.9168,-0.010000000000000009,-1.0789814415192067,47.83,52.17,0.3403999999999999,0.03849999999999998,-0.30189999999999995,1783137600006,2026-07-04 04:00:00 UTC,-0.00011649,0.0002976
FINAL_REAL_MARK_PREMIUM_CLOSED_GUARD_2026_06_13,1783142100000,2026-07-04 05:15:00 UTC,HMSTRUSDT,1783142100000,2026-07-04 05:15:00 UTC,1783142999999,2026-07-04 05:29:59 UTC,True,0.0003225,0.0003299,0.0003193,0.000321,-1.4999999999999823e-06,-0.465116279069762,78.18965100303787,0.00032271,0.00032785,0.0003204,0.0003211,-1.6799999999999975e-06,-0.5204783443831704,1783142999999,2026-07-04 05:29:59 UTC,-1.0000000000000243e-07,-0.031142946122703963,-0.00086582,0.01068267,-0.00377901,-0.00108151,-0.0005623199999999999,108.30717078526165,1783142999999,2026-07-04 05:29:59 UTC,43355,-2620.0,-5.698749320282762,16244059571.0,-1732533355.0,-9.637718126743545,5256169.6628463,-386676.07372170035,-6.852501233834511,binance_kline_quote_asset_volume,374675.57538922847,121.23560518616767,1.0599999999999987e-05,3.286821705426353,-1.4999999999999823e-06,-0.465116279069762,1.4999999999999823e-06,0.465116279069762,7.400000000000017e-06,69.81132075471723,1.6999999999999871e-06,16.037735849056503,0.16037735849056503,8180017854.0,8064041717.0,50.35698015170742,49.643019848292575,2648429.5478616,-357029.5283726002,-11.879367488175998,2607740.1149847,-29646.54534910014,-1.124087938829111,50.38706354138943,49.61293645861057,1.0143818870325916,1.0156033312687445,40689.43287689984,0.7741270827788663,26219660451.0,8463182.00037378,1054169622.0,4.188949181095267,719760.4722904805,9.295121926142127,0.8093,-0.06899999999999995,-7.8560856199476214,44.73,55.269999999999996,1.1707,-0.04799999999999982,-3.9386231229999034,53.93,46.07,0.8699,-0.04689999999999994,-5.115619546247813,46.52,53.480000000000004,0.36140000000000005,0.06059999999999999,-0.30080000000000007,1783137600006,2026-07-04 04:00:00 UTC,-0.00011649,0.0002976
FINAL_REAL_MARK_PREMIUM_CLOSED_GUARD_2026_06_13,1783143000000,2026-07-04 05:30:00 UTC,HMSTRUSDT,1783143000000,2026-07-04 05:30:00 UTC,1783143899999,2026-07-04 05:44:59 UTC,True,0.0003209,0.0003271,0.0003186,0.0003199,-1.0999999999999725e-06,-0.34267912772584813,76.81785921150527,0.0003211,0.00032688,0.0003189,0.00032045,-6.499999999999887e-07,-0.20242914979756735,1783143899999,2026-07-04 05:44:59 UTC,-5.499999999999863e-07,-0.17163364019347363,-0.00106841,0.00107359,-0.00382617,0.0,0.00108151,-100.0,1783143899999,2026-07-04 05:44:59 UTC,30636,-12719.0,-29.336870026525197,10530700034.0,-5713359537.0,-35.17199325715277,3393405.0995815,-1862764.5632647998,-35.43958210542395,binance_kline_quote_asset_volume,343736.12854158506,110.76527939618423,8.49999999999999e-06,2.648800249298844,-9.9999999999997e-07,-0.3116235587410315,9.9999999999997e-07,0.3116235587410315,6.199999999999988e-06,72.94117647058819,1.3000000000000316e-06,15.294117647059213,0.15294117647059213,5364869476.0,5165830558.0,50.94504124776782,49.05495875223218,1729691.0000383,-918738.5478232999,-34.68993723337325,1663714.0995432,-944026.0154414999,-36.20092393474718,50.9721341625737,49.0278658374263,1.038529896744631,1.0396563931947291,65976.90049509984,1.9442683251474042,27507142389.0,8832543.4211079,1287481938.0,4.910368463413477,369361.42073411867,4.3643327145488024,0.779,-0.030299999999999994,-3.743976275793895,43.79,56.21000000000001,1.1352,-0.03550000000000009,-3.0323737934569133,53.169999999999995,46.83,0.8372,-0.03269999999999995,-3.75905276468559,45.57,54.43,0.35619999999999996,0.05820000000000003,-0.29799999999999993,1783137600006,2026-07-04 04:00:00 UTC,-0.00011649,0.0002976
FINAL_REAL_MARK_PREMIUM_CLOSED_GUARD_2026_06_13,1783143900000,2026-07-04 05:45:00 UTC,HMSTRUSDT,1783143900000,2026-07-04 05:45:00 UTC,1783144799999,2026-07-04 05:59:59 UTC,True,0.00032,0.0003246,0.0003129,0.000318,-1.9000000000000462e-06,-0.5939356048765383,74.39013217621685,0.00032031,0.00032421,0.00031314,0.000318,-2.4500000000000324e-06,-0.7645498517709572,1783144799999,2026-07-04 05:59:59 UTC,0.0,0.0,-0.00119882,0.00158901,-0.0038048,0.0,0.0,,1783144799999,2026-07-04 05:59:59 UTC,34303,3667.0,11.9695782739261,12881164995.0,2350464961.0,22.320120727123165,4103863.3782356,710458.2786540999,20.9364416509458,binance_kline_quote_asset_volume,375511.3253942804,119.6356988670262,1.1699999999999959e-05,3.6562499999999867,-2.0000000000000486e-06,-0.6250000000000151,2.0000000000000486e-06,0.6250000000000151,4.599999999999949e-06,39.31623931623902,5.099999999999961e-06,43.589743589743414,0.4358974358974341,6102900666.0,6778264329.0,47.37848376578457,52.62151623421543,1945234.4756879,215543.47564960015,12.461386203942059,2158628.9025477,494914.80300449976,29.747587229103047,47.40007881364284,52.59992118635716,0.900363333411101,0.9011435330047035,-213394.42685979977,-5.199842372714312,28207747762.0,9039172.7703329,700605373.0,2.5469943881926804,206629.3492250014,2.3394093793097155,0.7599,-0.019100000000000006,-2.451861360718871,43.18,56.82000000000001,1.1406,0.005400000000000071,0.4756871035940866,53.28000000000001,46.72,0.8123,-0.024900000000000033,-2.974199713330152,44.82,55.17999999999999,0.38070000000000004,0.0524,-0.32830000000000004,1783137600006,2026-07-04 04:00:00 UTC,-0.00011649,0.0002976
FINAL_REAL_MARK_PREMIUM_CLOSED_GUARD_2026_06_13,1783144800000,2026-07-04 06:00:00 UTC,HMSTRUSDT,1783144800000,2026-07-04 06:00:00 UTC,1783145699999,2026-07-04 06:14:59 UTC,True,0.0003178,0.000318,0.0003043,0.0003096,-8.399999999999987e-06,-2.6415094339622605,64.66068188751436,0.00031806,0.00031806,0.00030471,0.00030926,-8.739999999999974e-06,-2.748427672955967,1783145699999,2026-07-04 06:14:59 UTC,3.399999999999866e-07,0.10993985643147726,-8.176e-05,0.00469572,-0.00328479,0.0,0.0,,1783145699999,2026-07-04 06:14:59 UTC,49029,14726.0,42.9291898667755,18346276347.0,5465111352.0,42.427151225229686,5686667.1143885,1582803.7361529004,38.56862644470892,binance_kline_quote_asset_volume,374192.3422260295,115.98578625687858,1.3699999999999954e-05,4.310887350534913,-8.200000000000037e-06,-2.5802391441158075,8.200000000000037e-06,2.5802391441158075,1.9999999999995065e-07,1.4598540145981849,5.299999999999966e-06,38.6861313868612,0.386861313868612,8821000954.0,9525275393.0,48.080606588281434,51.91939341171857,2733585.2576072,788350.7819193001,40.527288189281805,2953081.8567813,794452.9542336003,36.80359108024335,48.07007694701589,51.92992305298411,0.9260625640789807,0.9256720233914073,-219496.59917409997,-3.859846105968222,28532277628.0,9073264.285704,324529866.0,1.150499035719504,34091.515371099114,0.37715304527632754,0.7581,-0.0018000000000000238,-0.23687327279905565,43.120000000000005,56.879999999999995,1.164,0.023399999999999865,2.0515518148342857,53.790000000000006,46.21,0.8054,-0.006900000000000017,-0.8494398621199085,44.61,55.38999999999999,0.4058999999999999,0.04730000000000001,-0.3585999999999999,1783137600006,2026-07-04 04:00:00 UTC,-0.00011649,0.0002976
FINAL_REAL_MARK_PREMIUM_CLOSED_GUARD_2026_06_13,1783145700000,2026-07-04 06:15:00 UTC,HMSTRUSDT,1783145700000,2026-07-04 06:15:00 UTC,1783146599999,2026-07-04 06:29:59 UTC,True,0.0003097,0.0003233,0.0003086,0.0003215,1.1900000000000018e-05,3.8436692506460006,70.5392226467231,0.00030938,0.00032308,0.0003088,0.0003216,1.2340000000000007e-05,3.9901700834249523,1783146599999,2026-07-04 06:29:59 UTC,-1.0000000000000243e-07,-0.031094527363184833,0.00175604,0.00800656,-0.00303938,0.00051132,0.00051132,,1783146599999,2026-07-04 06:29:59 UTC,39290,-9739.0,-19.86375410471354,14317742101.0,-4028534246.0,-21.95832096826967,4539999.4739562,-1146667.6404323,-20.16414214806037,binance_kline_quote_asset_volume,364411.8630949351,115.55101740789515,1.4699999999999978e-05,4.746528898934446,1.1800000000000016e-05,3.810138844042627,1.1800000000000016e-05,3.810138844042627,1.7999999999999895e-06,12.244897959183621,1.0999999999999725e-06,7.482993197278735,0.8775510204081638,8335230501.0,5982511600.0,58.2160961009197,41.78390389908029,2644924.621544,-88660.63606319996,-3.2433828729676284,1895074.8524122,-1058007.0043691,-35.827215623554395,58.258258326166434,41.74174167383357,1.393266082593137,1.3956834571348633,749849.7691318002,16.516516652332864,28638144297.0,8856632.50529022,105866669.0,0.3710417737422697,-216631.78041378036,-2.3875837140014684,0.7319,-0.0262,-3.456008442158027,42.26,57.74,1.2035,0.03950000000000009,3.393470790378015,54.620000000000005,45.379999999999995,0.7535,-0.05190000000000006,-6.444002979885778,42.970000000000006,57.03,0.4716,0.021599999999999953,-0.45000000000000007,1783137600006,2026-07-04 04:00:00 UTC,-0.00011649,0.0002976
FINAL_REAL_MARK_PREMIUM_CLOSED_GUARD_2026_06_13,1783146600000,2026-07-04 06:30:00 UTC,HMSTRUSDT,1783146600000,2026-07-04 06:30:00 UTC,1783147499999,2026-07-04 06:44:59 UTC,True,0.0003216,0.0003385,0.0003213,0.0003354,1.3900000000000013e-05,4.323483670295493,75.63713388185343,0.0003217,0.00033789,0.0003217,0.00033603,1.443000000000001e-05,4.486940298507466,1783147499999,2026-07-04 06:44:59 UTC,-6.29999999999999e-07,-0.18748326042317623,-0.00025749,0.00510891,-0.00438292,0.0,-0.00051132,-100.0,1783147499999,2026-07-04 06:44:59 UTC,61308,22018.0,56.03970475948078,19474942673.0,5157200572.0,36.01964985554394,6444061.6951128,1904062.2211566,41.939701360744465,binance_kline_quote_asset_volume,317657.4455699093,105.10963814041887,1.7199999999999984e-05,5.348258706467657,1.380000000000001e-05,4.291044776119406,1.380000000000001e-05,4.291044776119406,3.099999999999967e-06,18.023255813953313,3.000000000000073e-07,1.7441860465116719,0.8197674418604669,10994818603.0,8480124070.0,56.4562308994274,43.5437691005726,3639336.9175321,994412.2959880996,37.596999471675,2804724.7775807003,909649.9251685003,48.00073854658704,56.475823629872856,43.52417637012715,1.2965398279839082,1.297573632401579,834612.1399513995,12.951647259745705,30498151905.0,9808205.652648,1860007608.0,6.494860800721805,951573.1473577805,10.744186876777256,0.7286,-0.0032999999999999696,-0.45088126793277356,42.15,57.85,1.2225,0.018999999999999906,1.578728707935181,55.010000000000005,44.99,0.7584,0.0049000000000000155,0.6502986065029881,43.13,56.87,0.4938999999999999,0.029799999999999938,-0.46409999999999996,1783137600006,2026-07-04 04:00:00 UTC,-0.00011649,0.0002976
FINAL_REAL_MARK_PREMIUM_CLOSED_GUARD_2026_06_13,1783147500000,2026-07-04 06:45:00 UTC,HMSTRUSDT,1783147500000,2026-07-04 06:45:00 UTC,1783148399999,2026-07-04 06:59:59 UTC,True,0.0003354,0.0003468,0.0003332,0.0003355,1.0000000000000243e-07,0.029815146094216587,75.66975241888545,0.00033599,0.00034427,0.00033326,0.00033529,-7.399999999999963e-07,-0.22021843287801574,1783148399999,2026-07-04 06:59:59 UTC,2.0999999999999968e-07,0.06263234811655571,-0.00147534,0.0022003,-0.00166812,0.00044174,0.00044174,,1783148399999,2026-07-04 06:59:59 UTC,63435,2127.0,3.4693677823448814,19453972850.0,-20969823.0,-0.10767591644350512,6621118.0155294,177056.3204165995,2.7475888468119365,binance_kline_quote_asset_volume,306675.69717033184,104.3764170494112,1.3600000000000005e-05,4.054859868813359,1.0000000000000243e-07,0.029815146094216587,1.0000000000000243e-07,0.029815146094216587,1.1300000000000004e-05,83.08823529411764,2.1999999999999993e-06,16.176470588235283,0.1691176470588236,9956065802.0,9497907048.0,51.177545474985074,48.822454525014926,3391528.743535,-247808.17399709998,-6.809157261678954,3229589.2719944,424864.4944136995,15.148170608746113,51.22290126199821,48.77709873800179,1.0482378645826478,1.0501424354313005,161939.47154060006,2.445802523996425,31785520917.0,10680888.59373951,1287369012.0,4.221137779135211,872682.9410915095,8.897478009710209,0.6756,-0.05300000000000005,-7.2742245402141155,40.32,59.68,1.1934,-0.029099999999999904,-2.3803680981595012,54.410000000000004,45.59,0.7464,-0.01200000000000001,-1.5822784810126598,42.74,57.26,0.5178,0.07079999999999997,-0.44700000000000006,1783137600006,2026-07-04 04:00:00 UTC,-0.00011649,0.0002976
FINAL_REAL_MARK_PREMIUM_CLOSED_GUARD_2026_06_13,1783148400000,2026-07-04 07:00:00 UTC,HMSTRUSDT,1783148400000,2026-07-04 07:00:00 UTC,1783149299999,2026-07-04 07:14:59 UTC,True,0.0003355,0.0003449,0.0003307,0.000337,1.4999999999999823e-06,0.4470938897168352,76.18482196772759,0.0003352,0.00034419,0.00033088,0.00033743,2.139999999999976e-06,0.6382534522353712,1783149299999,2026-07-04 07:14:59 UTC,-4.299999999999942e-07,-0.12743383812938808,0.00075184,0.00207135,-0.00395375,0.00057487,0.00013313000000000002,30.137637524335588,1783149299999,2026-07-04 07:14:59 UTC,52632,-10803.0,-17.03003074012769,15652858261.0,-3801114589.0,-19.539014566888326,5291711.8535167,-1329406.1620127,-20.078273169193853,binance_kline_quote_asset_volume,297401.92774357804,100.54172088305023,1.4199999999999966e-05,4.232488822652747,1.4999999999999823e-06,0.4470938897168352,1.4999999999999823e-06,0.4470938897168352,7.899999999999975e-06,55.633802816901365,4.800000000000008e-06,33.80281690140859,0.4436619718309863,7874794942.0,7778063319.0,50.30899028594992,49.691009714050075,2662791.5141933,-728737.2293416997,-21.4869837305915,2628920.3393233996,-600668.9326710002,-18.598926429429934,50.32003986429638,49.679960135703624,1.0124364663840815,1.0128840628463538,33871.17486990057,0.6400797285927594,33607266903.0,11268180.51990687,1821745986.0,5.7313705531428525,587291.9261673596,5.498530585850268,0.657,-0.01859999999999995,-2.7531083481349836,39.65,60.35,1.1962,0.0027999999999999137,0.23462376403552151,54.47,45.53,0.7212,-0.0252,-3.376205787781351,41.9,58.099999999999994,0.5391999999999999,0.06419999999999992,-0.475,1783137600006,2026-07-04 04:00:00 UTC,-0.00011649,0.0002976
FINAL_REAL_MARK_PREMIUM_CLOSED_GUARD_2026_06_13,1783149300000,2026-07-04 07:15:00 UTC,HMSTRUSDT,1783149300000,2026-07-04 07:15:00 UTC,1783150199999,2026-07-04 07:29:59 UTC,True,0.000337,0.0003439,0.0003324,0.0003398,2.800000000000014e-06,0.8308605341246331,77.15695306183932,0.00033732,0.00034335,0.00033266,0.00033887,1.4400000000000133e-06,0.42675517885191394,1783150199999,2026-07-04 07:29:59 UTC,9.300000000000063e-07,0.2744415262490059,-0.00058473,0.00296152,-0.00305533,0.0,-0.00057487,-100.0,1783150199999,2026-07-04 07:29:59 UTC,37489,-15143.0,-28.771469828241376,11498467468.0,-4154390793.0,-26.54078075536469,3891265.8492674,-1400446.0042492999,-26.4648953498594,binance_kline_quote_asset_volume,306715.7691056043,103.79753659119741,1.1500000000000008e-05,3.412462908011872,2.800000000000014e-06,0.8308605341246331,2.800000000000014e-06,0.8308605341246331,4.099999999999991e-06,35.65217391304338,4.600000000000003e-06,40.0,0.6434782608695663,5854035967.0,5644431501.0,50.9114452277372,49.0885547722628,1981784.9157092,-681006.5984841001,-25.574912450117704,1909480.9335581998,-719439.4057651998,-27.366344845213554,50.929054772300034,49.070945227699966,1.03713473464296,1.037865778537137,72303.9821510003,1.8581095446000637,34435060849.0,11619422.58227807,827793946.0,2.463139738168074,351242.06237119995,3.117114264815691,0.6472,-0.009800000000000031,-1.491628614916291,39.290000000000006,60.709999999999994,1.1992,0.0030000000000001137,0.250794181574997,54.53,45.47,0.7109,-0.010299999999999976,-1.4281752634498026,41.55,58.45,0.552,0.06369999999999998,-0.48830000000000007,1783137600006,2026-07-04 04:00:00 UTC,-0.00011649,0.0002976
FINAL_REAL_MARK_PREMIUM_CLOSED_GUARD_2026_06_13,1783150200000,2026-07-04 07:30:00 UTC,HMSTRUSDT,1783150200000,2026-07-04 07:30:00 UTC,1783151099999,2026-07-04 07:44:59 UTC,True,0.0003398,0.0003412,0.0003302,0.0003327,-7.10000000000001e-06,-2.089464390818131,69.41886750688644,0.00033919,0.0003409,0.00033126,0.00033283,-6.040000000000017e-06,-1.7823944285419235,1783151099999,2026-07-04 07:44:59 UTC,-1.299999999999869e-07,-0.039058979058374216,3.7e-07,0.00635327,-0.00232151,-0.00116807,-0.00116807,,1783151099999,2026-07-04 07:44:59 UTC,35899,-1590.0,-4.241244098268825,12841047666.0,1342580198.0,11.67616642597262,4300762.3241682,409496.4749007998,10.52347721186654,binance_kline_quote_asset_volume,357699.3137970417,119.80173052642691,1.0999999999999996e-05,3.237198351971747,-7.10000000000001e-06,-2.089464390818131,7.10000000000001e-06,2.089464390818131,1.3999999999999798e-06,12.727272727272549,2.5000000000000066e-06,22.727272727272794,0.22727272727272793,6375334575.0,6465713091.0,49.648087452243864,50.35191254775613,2135216.9577261,153432.0420168999,7.7421137279164745,2165545.3664420997,256064.4328838999,13.410159189531138,49.647406594110436,50.352593405889564,0.9860218796089478,0.9859950250011026,-30328.408715999685,-0.7051868117791288,35276249789.0,11954062.76599843,841188940.0,2.4428269306352286,334640.18372036144,2.880006999924026,0.6284,-0.01880000000000004,-2.9048207663782506,38.59,61.41,1.1942,-0.0050000000000001155,-0.4169446297531784,54.43,45.57,0.6932,-0.017699999999999938,-2.489801659867765,40.94,59.06,0.5658,0.06480000000000008,-0.5009999999999999,1783137600006,2026-07-04 04:00:00 UTC,-0.00011649,0.0002976
FINAL_REAL_MARK_PREMIUM_CLOSED_GUARD_2026_06_13,1783151100000,2026-07-04 07:45:00 UTC,HMSTRUSDT,1783151100000,2026-07-04 07:45:00 UTC,1783151999999,2026-07-04 07:59:59 UTC,True,0.0003329,0.000345,0.0003312,0.0003436,1.0899999999999994e-05,3.276224827171624,73.76834409549183,0.00033283,0.00034354,0.00033157,0.00034333,1.0499999999999984e-05,3.1547636931766916,1783151999999,2026-07-04 07:59:59 UTC,2.700000000000228e-07,0.0786415402091349,0.0006795,0.00618969,-0.00410389,0.0,0.00116807,-100.0,1783151999999,2026-07-04 07:59:59 UTC,44095,8196.0,22.830719518649545,14636855070.0,1795807404.0,13.984897889249842,4957780.3149885,657017.9908203008,15.276779819432898,binance_kline_quote_asset_volume,331939.1103299694,112.43406996232,1.380000000000001e-05,4.145389005707423,1.0699999999999989e-05,3.2141784319615465,1.0699999999999989e-05,3.2141784319615465,1.3999999999999798e-06,10.14492753623173,1.7000000000000413e-06,12.318840579710436,0.8985507246376827,8307275788.0,6329579282.0,56.75587923956946,43.24412076043054,2814241.0499171,679024.092191,31.80117550743541,2143539.2650714004,-22006.101370699238,-1.0161921200872528,56.76413376786801,43.235866232132,1.3124530743495315,1.3128945645058472,670701.7848456996,13.528267535736004,35963340820.0,11969678.7251206,687091031.0,1.947743978199893,15615.959122169763,0.13063306950827677,0.6236,-0.0047999999999999154,-0.7638446849140541,38.41,61.59,1.1718,-0.022399999999999975,-1.8757327080890955,53.949999999999996,46.050000000000004,0.6861,-0.007099999999999995,-1.0242354298903629,40.69,59.309999999999995,0.5481999999999999,0.0625,-0.4856999999999999,1783137600006,2026-07-04 04:00:00 UTC,-0.00011649,0.0002976
FINAL_REAL_MARK_PREMIUM_CLOSED_GUARD_2026_06_13,1783152000000,2026-07-04 08:00:00 UTC,HMSTRUSDT,1783152000000,2026-07-04 08:00:00 UTC,1783152899999,2026-07-04 08:14:59 UTC,True,0.0003436,0.0003439,0.0003326,0.0003341,-9.500000000000014e-06,-2.7648428405122276,65.08042788847077,0.0003436,0.0003437,0.00033327,0.00033405,-9.279999999999965e-06,-2.7029388634841016,1783152899999,2026-07-04 08:14:59 UTC,4.999999999997411e-08,0.014967819188736449,0.0,0.00209504,-0.00434528,0.00209504,0.00209504,,1783152899999,2026-07-04 08:14:59 UTC,39611,-4484.0,-10.168953396076652,11879717645.0,-2757137425.0,-18.83695241781198,4026366.5550812,-931413.7599073006,-18.786910688467266,binance_kline_quote_asset_volume,299909.5616116735,101.64768763932241,1.1300000000000004e-05,3.2887077997671725,-9.500000000000014e-06,-2.7648428405122276,9.500000000000014e-06,2.7648428405122276,3.000000000000073e-07,2.6548672566372318,1.4999999999999823e-06,13.274336283185677,0.13274336283185678,5720792638.0,6158925007.0,48.15596472032143,51.84403527967857,1938528.279643,-875712.7702740999,-31.117191269024236,2087838.2754381998,-55700.98963320069,-2.5985523354220113,48.145846959627,51.854153040373006,0.9288622010331291,0.9284858422456777,-149309.99579519965,-3.7083060807460066,36820529141.0,12641592.26997953,857188321.0,2.383505818578731,671913.5448589288,5.613463487944694,0.6075,-0.016100000000000003,-2.5817831943553564,37.79,62.21,1.1689,-0.0028999999999999027,-0.24748250554701337,53.89000000000001,46.11,0.6703,-0.015800000000000036,-2.3028713015595446,40.129999999999995,59.870000000000005,0.5614,0.06279999999999997,-0.49860000000000004,1783152000000,2026-07-04 08:00:00 UTC,5e-05,0.0003436
FINAL_REAL_MARK_PREMIUM_CLOSED_GUARD_2026_06_13,1783152900000,2026-07-04 08:15:00 UTC,HMSTRUSDT,1783152900000,2026-07-04 08:15:00 UTC,1783153799999,2026-07-04 08:29:59 UTC,True,0.0003341,0.0003395,0.0003316,0.0003334,-6.999999999999628e-07,-0.20951810835078208,64.4778471637979,0.00033407,0.0003392,0.00033271,0.0003331,-9.49999999999996e-07,-0.2843885645861386,1783153799999,2026-07-04 08:29:59 UTC,3.000000000000073e-07,0.0900630441308938,0.0,0.00146285,-0.00246398,0.0,-0.00209504,-100.0,1783153799999,2026-07-04 08:29:59 UTC,28049,-11562.0,-29.188861679836407,8581051151.0,-3298666494.0,-27.76721293025311,2879564.024189,-1146802.5308921998,-28.48231811991773,binance_kline_quote_asset_volume,305930.7337516489,102.66191394306392,7.90000000000003e-06,2.364561508530389,-6.999999999999628e-07,-0.20951810835078208,6.999999999999628e-07,0.20951810835078208,5.400000000000023e-06,68.35443037974687,1.8000000000000438e-06,22.784810126582748,0.22784810126582747,4165132827.0,4415918324.0,48.53872507815797,51.461274921842026,1398113.0196754,-540415.2599676,-27.877605173091567,1481451.0045136,-606387.2709245998,-29.04378552966848,48.552940928936785,51.447059071063215,0.9432087555521554,0.9437457029734426,-83337.9848381998,-2.8941181421264317,37315629590.0,12465286.0645395,495100449.0,1.3446315426485846,-176306.2054400295,-1.3946518893724373,0.6137,0.006199999999999983,1.0205761316872402,38.03,61.970000000000006,1.1723,0.0033999999999998476,0.2908717597741336,53.97,46.03,0.6753,0.0050000000000000044,0.7459346561241242,40.31,59.69,0.5585999999999999,0.06159999999999999,-0.4969999999999999,1783152000000,2026-07-04 08:00:00 UTC,5e-05,0.0003436
FINAL_REAL_MARK_PREMIUM_CLOSED_GUARD_2026_06_13,1783153800000,2026-07-04 08:30:00 UTC,HMSTRUSDT,1783153800000,2026-07-04 08:30:00 UTC,1783154699999,2026-07-04 08:44:59 UTC,True,0.0003332,0.000343,0.0003318,0.0003393,5.899999999999981e-06,1.769646070785837,67.23179753183433,0.00033329,0.0003426,0.00033215,0.0003397,6.599999999999998e-06,1.9813869708796148,1783154699999,2026-07-04 08:44:59 UTC,-4.000000000000097e-07,-0.11775095672652625,0.0,0.0008806,-0.00298955,0.0,0.0,,1783154699999,2026-07-04 08:44:59 UTC,29544,1495.0,5.3299582872829685,9250623864.0,669572713.0,7.802921824116743,3133499.7137003,253935.68951130006,8.818546397238675,binance_kline_quote_asset_volume,313113.4532900081,106.06213490726714,1.1200000000000001e-05,3.361344537815126,6.099999999999986e-06,1.8307322929171626,6.099999999999986e-06,1.8307322929171626,3.6999999999999815e-06,33.03571428571412,1.400000000000034e-06,12.500000000000302,0.6696428571428589,4967855943.0,4282767921.0,53.70292875416819,46.297071245831816,1683098.344065,284985.32438959996,20.383568451123143,1450401.3696353,-31049.634878299898,-2.0958934709078907,53.713052428444485,46.286947571555515,1.1599638445596734,1.1604362621970021,232696.97442970006,7.426104856888974,37736221747.0,12569935.4639257,420592157.0,1.1271206237739912,104649.39938620105,0.8395266570247546,0.6049,-0.00880000000000003,-1.4339253707023023,37.69,62.31,1.1705,-0.0017999999999998018,-0.15354431459522325,53.93,46.07,0.6603,-0.015000000000000013,-2.221235006663707,39.77,60.23,0.5656000000000001,0.055400000000000005,-0.5102000000000001,1783152000000,2026-07-04 08:00:00 UTC,5e-05,0.0003436
FINAL_REAL_MARK_PREMIUM_CLOSED_GUARD_2026_06_13,1783154700000,2026-07-04 08:45:00 UTC,HMSTRUSDT,1783154700000,2026-07-04 08:45:00 UTC,1783155599999,2026-07-04 08:59:59 UTC,True,0.0003393,0.0003399,0.0003312,0.0003322,-7.10000000000001e-06,-2.0925434718538196,61.093565221587674,0.00033958,0.00033976,0.00033235,0.00033251,-7.1900000000000176e-06,-2.116573447159263,1783155599999,2026-07-04 08:59:59 UTC,-3.100000000000021e-07,-0.0932302787886085,-0.0012638,0.00101844,-0.00342842,-0.00035939,-0.00035939,,1783155599999,2026-07-04 08:59:59 UTC,26467,-3077.0,-10.414974275656649,8282653211.0,-967970653.0,-10.463841868730423,2780988.0784104,-352511.6352899,-11.249773974723762,binance_kline_quote_asset_volume,312942.65353081195,105.07379296521707,8.700000000000049e-06,2.5641025641025785,-7.10000000000001e-06,-2.0925434718538196,7.10000000000001e-06,2.0925434718538196,6.000000000000146e-07,6.89655172413806,1.0000000000000243e-06,11.494252873563433,0.11494252873563433,4018737502.0,4263915709.0,48.51992953976158,51.48007046023842,1350083.8940982,-333014.44996680017,-19.785798681407258,1430904.1843122002,-19497.18532309984,-1.3442613700787085,48.54691411945576,51.453085880544236,0.942499283819684,0.9435180279014639,-80820.29021400027,-2.906171761088482,38545403566.0,13093873.5913702,809181819.0,2.144310642504451,523938.1274445001,4.1681847050698355,0.5916,-0.013299999999999979,-2.1987105306662222,37.169999999999995,62.83,1.1523,-0.018199999999999994,-1.5548910721913705,53.54,46.46,0.6383,-0.02200000000000002,-3.3318188702105136,38.96,61.040000000000006,0.5607000000000001,0.046699999999999964,-0.5140000000000001,1783152000000,2026-07-04 08:00:00 UTC,5e-05,0.0003436
FINAL_REAL_MARK_PREMIUM_CLOSED_GUARD_2026_06_13,1783155600000,2026-07-04 09:00:00 UTC,HMSTRUSDT,1783155600000,2026-07-04 09:00:00 UTC,1783156499999,2026-07-04 09:14:59 UTC,True,0.0003322,0.0003338,0.0003151,0.0003193,-1.2899999999999988e-05,-3.883202889825403,51.83384131234436,0.00033245,0.00033358,0.00031606,0.00031946,-1.3050000000000019e-05,-3.9246939941655947,1783156499999,2026-07-04 09:14:59 UTC,-1.5999999999997136e-07,-0.05008451762348068,-0.0002749,0.00270929,-0.00348655,-7.184e-05,0.00028755,-80.01057347171596,1783156499999,2026-07-04 09:14:59 UTC,75808,49341.0,186.42460422412816,28021957294.0,19739304083.0,238.32102564410985,9010139.0377896,6229150.9593792,223.99056679666725,binance_kline_quote_asset_volume,369643.8013666104,118.8547255934677,1.8699999999999967e-05,5.629139072847672,-1.2899999999999988e-05,-3.883202889825403,1.2899999999999988e-05,3.883202889825403,1.5999999999999847e-06,8.556149732620254,4.199999999999994e-06,22.45989304812835,0.2245989304812835,13155065937.0,14866891357.0,46.945564148071604,53.054435851928396,4228511.3041224,2878427.4100241996,213.20359591037635,4781627.7336672,3350723.5493550003,234.16826829433091,46.93058882207608,53.06941117792392,0.8848565326204529,0.884324656716721,-553116.4295448009,-6.138822355847834,39248184068.0,13050413.68445068,702780502.0,1.8232537137577314,-43459.90691952035,-0.3319102373812707,0.5835,-0.008099999999999996,-1.369168356997971,36.85,63.14999999999999,1.15,-0.0023000000000001908,-0.19960079840321016,53.49,46.51,0.6276,-0.010699999999999932,-1.6763277455741707,38.56,61.44,0.5664999999999999,0.04410000000000003,-0.5223999999999999,1783152000000,2026-07-04 08:00:00 UTC,5e-05,0.0003436
FINAL_REAL_MARK_PREMIUM_CLOSED_GUARD_2026_06_13,1783156500000,2026-07-04 09:15:00 UTC,HMSTRUSDT,1783156500000,2026-07-04 09:15:00 UTC,1783157399999,2026-07-04 09:29:59 UTC,True,0.0003191,0.000323,0.0002985,0.0003025,-1.680000000000003e-05,-5.261509552145327,42.74700828103811,0.00031934,0.00032288,0.00030018,0.00030261,-1.6850000000000003e-05,-5.274525762223754,1783157399999,2026-07-04 09:29:59 UTC,-1.0999999999999725e-07,-0.03635041802980644,-0.00123003,0.00433918,-0.00379436,0.00083205,0.00090389,-1258.198775055679,1783157399999,2026-07-04 09:29:59 UTC,82654,6846.0,9.030709159983115,29886830481.0,1864873187.0,6.655042570489187,9232043.7253432,221904.68755359948,2.462833110819985,binance_kline_quote_asset_volume,361589.6445544075,111.69506285652479,2.45e-05,7.6778439360701976,-1.6600000000000024e-05,-5.202130993418998,1.6600000000000024e-05,5.202130993418998,3.899999999999986e-06,15.91836734693872,3.999999999999989e-06,16.326530612244852,0.16326530612244852,14454446782.0,15432383699.0,48.3639333759033,51.6360666240967,4465440.0588276,236928.7547052009,5.603124543482188,4766603.666515599,-15024.067151601426,-0.3142040323594772,48.36892232831792,51.63107767168208,0.9366308578069266,0.9368179884970067,-301163.60768799856,-3.262155343364157,39376940273.0,12579357.33961258,128756205.0,0.3280564644135423,-471056.34483809955,-3.6095127421083535,0.5637,-0.01980000000000004,-3.393316195372757,36.05,63.949999999999996,1.1618,0.011800000000000033,1.026086956521742,53.74,46.26,0.5823,-0.04530000000000001,-7.217973231357553,36.8,63.2,0.5981,0.01860000000000006,-0.5794999999999999,1783152000000,2026-07-04 08:00:00 UTC,5e-05,0.0003436
FINAL_REAL_MARK_PREMIUM_CLOSED_GUARD_2026_06_13,1783157400000,2026-07-04 09:30:00 UTC,HMSTRUSDT,1783157400000,2026-07-04 09:30:00 UTC,1783158299999,2026-07-04 09:44:59 UTC,True,0.0003023,0.0003197,0.0003006,0.0003136,1.1099999999999999e-05,3.6694214876033056,49.096580813388336,0.00030261,0.00031875,0.0003009,0.00031424,1.1629999999999995e-05,3.8432305607878114,1783158299999,2026-07-04 09:44:59 UTC,-6.399999999999939e-07,-0.2036659877800388,-0.00073856,0.00780383,-0.00414227,0.00056583,-0.00026621999999999995,-31.99567333693888,1783158299999,2026-07-04 09:44:59 UTC,62708,-19946.0,-24.131923439881916,20929993987.0,-8956836494.0,-29.969174883546597,6497745.7796856,-2734297.9456575997,-29.617471786356305,binance_kline_quote_asset_volume,333769.12016010715,103.6190881496077,1.910000000000003e-05,6.318226926893825,1.1300000000000004e-05,3.7380086007277553,1.1300000000000004e-05,3.7380086007277553,6.10000000000004e-06,31.937172774869264,1.6999999999999871e-06,8.900523560209342,0.6806282722513073,11201735554.0,9728258433.0,53.52001324490395,46.47998675509605,3477363.1766838,-988076.8821438006,-22.127200659440042,3020382.6030018,-1746221.063513799,-36.6344925167712,53.51645469964902,46.48354530035098,1.1514636079158527,1.1512989027376304,456980.57368199993,7.032909399298035,38696724450.0,11710015.7858145,-680215823.0,-1.7274471258662285,-869341.5537980814,-6.910858244407383,0.5613,-0.0023999999999999577,-0.4257583821181405,35.949999999999996,64.05,1.1602,-0.0016000000000000458,-0.13771733516956844,53.71,46.29,0.5601,-0.022199999999999998,-3.812467800103039,35.9,64.1,0.5988999999999999,-0.0011999999999999789,-0.6000999999999999,1783152000000,2026-07-04 08:00:00 UTC,5e-05,0.0003436
FINAL_REAL_MARK_PREMIUM_CLOSED_GUARD_2026_06_13,1783158300000,2026-07-04 09:45:00 UTC,HMSTRUSDT,1783158300000,2026-07-04 09:45:00 UTC,1783159199999,2026-07-04 09:59:59 UTC,True,0.0003136,0.00038,0.0003065,0.0003439,3.0300000000000032e-05,9.661989795918378,61.61201569380846,0.00031415,0.00037819,0.00030694,0.0003443,3.0060000000000048e-05,9.565936863543804,1783159199999,2026-07-04 09:59:59 UTC,-4.000000000000097e-07,-0.11617775196050238,-0.00114367,0.03407173,-0.017397,0.0,-0.00056583,-100.0,1783159199999,2026-07-04 09:59:59 UTC,125829,63121.0,100.6586081520699,37694103606.0,16764109619.0,80.09610336922454,12778565.350677,6280819.570991401,96.66151591568276,binance_kline_quote_asset_volume,299566.1064301552,101.55500997923373,7.35e-05,23.4375,3.0300000000000032e-05,9.661989795918378,3.0300000000000032e-05,9.661989795918378,3.610000000000001e-05,49.11564625850342,7.099999999999956e-06,9.659863945578172,0.5088435374149658,21107252448.0,16586851158.0,55.99616499340292,44.00383500659708,7170846.298261,3693483.1215772,106.21505243808052,5607719.0524160005,2587336.4494142006,85.66253980018236,56.1162078955999,43.8837921044001,1.2725292008073374,1.2787456417188998,1563127.2458449993,12.232415791199799,37902372373.0,11910441.49449152,-794352077.0,-2.0527630911664927,200425.70867701992,1.7115750511610361,0.5645,0.0031999999999999806,0.5701051131302299,36.08,63.92,1.2086,0.0484,4.171694535424927,54.72,45.28,0.5746,0.014499999999999957,2.588823424388494,36.49,63.51,0.6440999999999999,0.010099999999999998,-0.6339999999999999,1783152000000,2026-07-04 08:00:00 UTC,5e-05,0.0003436
FINAL_REAL_MARK_PREMIUM_CLOSED_GUARD_2026_06_13,1783159200000,2026-07-04 10:00:00 UTC,HMSTRUSDT,1783159200000,2026-07-04 10:00:00 UTC,1783160099999,2026-07-04 10:14:59 UTC,True,0.0003441,0.0003573,0.0003246,0.0003496,5.699999999999976e-06,1.6574585635359047,63.43339557114231,0.00034401,0.00035538,0.00032635,0.0003493,4.999999999999959e-06,1.4522218995062326,1783160099999,2026-07-04 10:14:59 UTC,3.000000000000073e-07,0.0858860578299477,-0.00142049,0.00723529,-0.00862712,-0.00095985,-0.00095985,,1783160099999,2026-07-04 10:14:59 UTC,118702,-7127.0,-5.664036112501888,30929465672.0,-6764637934.0,-17.946143526074543,10675547.4789642,-2103017.8717128,-16.457386365374603,binance_kline_quote_asset_volume,260563.980994423,89.93570014796886,3.2700000000000036e-05,9.50305143853532,5.499999999999971e-06,1.5983725661144932,5.499999999999971e-06,1.5983725661144932,7.700000000000025e-06,23.547400611620844,1.950000000000004e-05,59.63302752293583,0.7645259938837916,15532662049.0,15396803623.0,50.219626209260696,49.780373790739304,5362356.7247253,-1808489.5735356994,-25.220029802818054,5313190.7542389,-294528.2981771007,-5.252194259807072,50.23027376620862,49.76972623379138,1.0088238071567694,1.0092535677261683,49165.97048640065,0.4605475324172414,34807540595.0,11984236.2268585,-3094831778.0,-8.165271945364093,73794.73236698098,0.6195801591495197,0.5545,-0.010000000000000009,-1.7714791851195764,35.67,64.33,1.289,0.08040000000000003,6.652325004137021,56.31,43.69,0.6142,0.03959999999999997,6.891750783153492,38.05,61.95,0.7344999999999999,0.059699999999999975,-0.6748,1783152000000,2026-07-04 08:00:00 UTC,5e-05,0.0003436
FINAL_REAL_MARK_PREMIUM_CLOSED_GUARD_2026_06_13,1783160100000,2026-07-04 10:15:00 UTC,HMSTRUSDT,1783160100000,2026-07-04 10:15:00 UTC,1783160999999,2026-07-04 10:29:59 UTC,True,0.0003495,0.0003666,0.00034,0.0003626,1.299999999999999e-05,3.7185354691075494,67.24994144150426,0.0003496,0.00036568,0.00034259,0.00036322,1.3920000000000002e-05,3.9851130833094772,1783160999999,2026-07-04 10:29:59 UTC,-6.200000000000042e-07,-0.17069544628599864,-0.00126021,0.00198168,-0.00371373,-0.00094528,1.45700000000001e-05,-1.5179455123196435,1783160999999,2026-07-04 10:29:59 UTC,86028,-32674.0,-27.52607369715759,20065335610.0,-10864130062.0,-35.12550193143214,7130644.8195558,-3544902.6594084,-33.20581606136368,binance_kline_quote_asset_volume,233241.91670153904,82.88748802199052,2.6599999999999996e-05,7.6108726752503575,1.3099999999999993e-05,3.7482117310443472,1.3099999999999993e-05,3.7482117310443472,4.000000000000043e-06,15.03759398496257,9.49999999999996e-06,35.71428571428557,0.8496240601503743,10913067596.0,9152268014.0,54.38766541518116,45.61233458481884,3882449.1387096,-1479907.5860157004,-27.598081626908407,3248195.6808462003,-2064995.0733926995,-38.86544204619856,54.447377999560146,45.552622000439854,1.1923894251464826,1.1952633154472294,634253.4578633998,8.89475599912029,35874588994.0,12530993.9356042,1067048399.0,3.0655667730608878,546757.7087456994,4.562307504589504,0.5598,0.005299999999999971,0.9558160504959371,35.89,64.11,1.2287,-0.06030000000000002,-4.6780449961210255,55.13,44.87,0.6184,0.0041999999999999815,0.6838163464669459,38.21,61.79,0.6688999999999999,0.058599999999999985,-0.6103,1783152000000,2026-07-04 08:00:00 UTC,5e-05,0.0003436
FINAL_REAL_MARK_PREMIUM_CLOSED_GUARD_2026_06_13,1783161000000,2026-07-04 10:30:00 UTC,HMSTRUSDT,1783161000000,2026-07-04 10:30:00 UTC,1783161899999,2026-07-04 10:44:59 UTC,True,0.0003627,0.000373,0.000359,0.0003684,5.8000000000000326e-06,1.5995587424158944,68.81386914984446,0.00036318,0.00037213,0.00035947,0.00036851,5.290000000000026e-06,1.4564175981498888,1783161899999,2026-07-04 10:44:59 UTC,-1.0999999999999725e-07,-0.029849936229680945,-0.00151127,0.00244255,-0.00334815,-0.0011761,-0.00023082000000000007,24.418161814488837,1783161899999,2026-07-04 10:44:59 UTC,64331,-21697.0,-25.22085832519645,16108532441.0,-3956803169.0,-19.71959625249448,5901117.0981578,-1229527.7213980006,-17.24286866772581,binance_kline_quote_asset_volume,250400.77786759107,91.73053579390651,1.4000000000000015e-05,3.859939343810316,5.70000000000003e-06,1.5715467328370636,5.70000000000003e-06,1.5715467328370636,4.600000000000003e-06,32.85714285714285,3.6999999999999815e-06,26.428571428571267,0.6714285714285715,8554837618.0,7553694823.0,53.107492251907,46.892507748093,3136403.3846346,-746045.7540750001,-19.21585389584682,2764713.7135232,-483481.96732300054,-14.884631802633477,53.14931617970633,46.85068382029367,1.132536833756065,1.1344405640603341,371689.67111140024,6.298632359412655,36467816442.0,13245840.28806324,593227448.0,1.6536146186907308,714846.3524590395,5.704626114517166,0.5458,-0.014000000000000012,-2.500893176134336,35.31,64.69,1.2087,-0.019999999999999796,-1.6277366322128914,54.72,45.28,0.6036,-0.014799999999999924,-2.393272962483817,37.64,62.36000000000001,0.6629000000000002,0.057800000000000074,-0.6051000000000001,1783152000000,2026-07-04 08:00:00 UTC,5e-05,0.0003436
FINAL_REAL_MARK_PREMIUM_CLOSED_GUARD_2026_06_13,1783161900000,2026-07-04 10:45:00 UTC,HMSTRUSDT,1783161900000,2026-07-04 10:45:00 UTC,1783162799999,2026-07-04 10:59:59 UTC,True,0.0003685,0.00037,0.000356,0.0003619,-6.499999999999995e-06,-1.7643865363735058,65.06400583235595,0.0003686,0.0003686,0.00035724,0.00036169,-6.819999999999992e-06,-1.8506960462402626,1783162799999,2026-07-04 10:59:59 UTC,2.0999999999999968e-07,0.058060770272885524,-0.00072172,0.00350788,-0.00535514,0.0,0.0011761,-100.0,1783162799999,2026-07-04 10:59:59 UTC,61366,-2965.0,-4.608975455068318,15007602063.0,-1100930378.0,-6.834454858208396,5431080.8395286,-470036.25862920005,-7.9652081260332075,binance_kline_quote_asset_volume,244558.90986865692,88.50309356204738,1.4000000000000015e-05,3.7991858887381316,-6.599999999999998e-06,-1.7910447761194024,6.599999999999998e-06,1.7910447761194024,1.4999999999999823e-06,10.714285714285577,5.900000000000035e-06,42.14285714285735,0.4214285714285735,7569151866.0,7438450197.0,50.435451541329954,49.564548458670046,2740564.1764214,-395839.20821319986,-12.620800313902105,2690516.6631071996,-74197.05041600019,-2.683715498392328,50.46075095172533,49.53924904827466,1.0175710888072778,1.0186014507921324,50047.513314200565,0.921501903450668,37813255277.0,13934562.70212727,1345438835.0,3.6893868793593505,688722.4140640311,5.199537357284063,0.5207,-0.0250999999999999,-4.598754122389136,34.239999999999995,65.75999999999999,1.1743,-0.03440000000000021,-2.846032927939125,54.010000000000005,45.989999999999995,0.5755,-0.028100000000000014,-4.655400927766735,36.53,63.470000000000006,0.6535999999999998,0.05479999999999996,-0.5987999999999999,1783152000000,2026-07-04 08:00:00 UTC,5e-05,0.0003436
FINAL_REAL_MARK_PREMIUM_CLOSED_GUARD_2026_06_13,1783162800000,2026-07-04 11:00:00 UTC,HMSTRUSDT,1783162800000,2026-07-04 11:00:00 UTC,1783163699999,2026-07-04 11:14:59 UTC,True,0.000362,0.0003664,0.0003572,0.0003584,-3.500000000000031e-06,-0.9671179883945927,63.07100009351857,0.00036193,0.000366,0.00035799,0.00035849,-3.2000000000000236e-06,-0.8847355470154065,1783163699999,2026-07-04 11:14:59 UTC,-9.000000000000761e-08,-0.025105302797848644,0.0,0.00254785,-0.00309363,0.0,0.0,,1783163699999,2026-07-04 11:14:59 UTC,48406,-12960.0,-21.119186520222925,11392182887.0,-3615419176.0,-24.09058529685776,4121587.1990078,-1309493.6405208,-24.11110567513592,binance_kline_quote_asset_volume,235346.504296988,85.14620499540966,9.200000000000007e-06,2.5414364640883997,-3.6000000000000333e-06,-0.9944751381215561,3.6000000000000333e-06,0.9944751381215561,4.3999999999999985e-06,47.82608695652169,1.199999999999975e-06,13.043478260869284,0.13043478260869285,5675925312.0,5716257575.0,49.82298272683971,50.17701727316029,2054682.6714649,-685881.5049565001,-25.027018555431784,2066904.5275428998,-623612.1355642998,-23.178155486467354,49.851733622414415,50.148266377585585,0.9929442887289767,0.9940868792364933,-12221.856077999808,-0.29653275517116334,38493366627.0,13922665.77531963,680111350.0,1.7986056609457777,-11896.92680764012,-0.08537710914906514,0.502,-0.01870000000000005,-3.5913193777607164,33.42,66.58,1.1576,-0.016699999999999937,-1.4221238184450258,53.65,46.35,0.5423,-0.03320000000000001,-5.7688966116420515,35.160000000000004,64.84,0.6556,0.0403,-0.6153,1783152000000,2026-07-04 08:00:00 UTC,5e-05,0.0003436
FINAL_REAL_MARK_PREMIUM_CLOSED_GUARD_2026_06_13,1783163700000,2026-07-04 11:15:00 UTC,HMSTRUSDT,1783163700000,2026-07-04 11:15:00 UTC,1783164599999,2026-07-04 11:29:59 UTC,True,0.0003584,0.00043,0.000357,0.000401,4.2600000000000005e-05,11.886160714285717,73.65052135618133,0.00035832,0.00042376,0.00035716,0.0004013,4.2810000000000005e-05,11.941755697508997,1783164599999,2026-07-04 11:29:59 UTC,-3.000000000000073e-07,-0.07475703962123281,-0.00023615,0.02695069,-0.00946975,0.0,0.0,,1783164599999,2026-07-04 11:29:59 UTC,171044,122638.0,253.35289013758623,42624481843.0,31232298956.0,274.15552634465007,16754192.5646711,12632605.3656633,306.49855882472605,binance_kline_quote_asset_volume,249201.85357568812,97.952530136521,7.299999999999999e-05,20.368303571428566,4.2600000000000005e-05,11.886160714285717,4.2600000000000005e-05,11.886160714285717,2.9e-05,39.72602739726028,1.3999999999999798e-06,1.9178082191780548,0.6027397260273972,24531351454.0,18093130389.0,57.552257278709085,42.447742721290915,9630493.7207071,7575811.0492422,368.7095411108409,7123698.843963999,5056794.316421099,244.6554375896853,57.48109724496386,42.51890275503614,1.355837874739145,1.3518951224148308,2506794.8767431006,14.96219448992773,39450109459.0,14142469.73995691,956742832.0,2.4854745527218234,219803.9646372795,1.5787491288264683,0.4879,-0.014100000000000001,-2.808764940239044,32.79,67.21000000000001,1.1335,-0.02410000000000001,-2.0818935729094687,53.13,46.87,0.5249,-0.01739999999999997,-3.208556149732615,34.42,65.58,0.6456,0.03700000000000003,-0.6085999999999999,1783152000000,2026-07-04 08:00:00 UTC,5e-05,0.0003436
FINAL_REAL_MARK_PREMIUM_CLOSED_GUARD_2026_06_13,1783164600000,2026-07-04 11:30:00 UTC,HMSTRUSDT,1783164600000,2026-07-04 11:30:00 UTC,1783165499999,2026-07-04 11:44:59 UTC,True,0.0004008,0.0004258,0.0003972,0.0004048,3.799999999999984e-06,0.947630922693263,74.35625148616487,0.0004014,0.00041553,0.00039777,0.00040652,5.220000000000008e-06,1.3007724894094213,1783165499999,2026-07-04 11:44:59 UTC,-1.720000000000031e-06,-0.4231034143461652,-0.00205529,0.00393087,-0.00437769,0.0,0.0,,1783165499999,2026-07-04 11:44:59 UTC,104472,-66572.0,-38.920979397114195,21192448113.0,-21432033730.0,-50.28104226332002,8616809.6000209,-8137382.964650199,-48.56923383946998,binance_kline_quote_asset_volume,202852.8994658856,82.47960793342618,2.859999999999999e-05,7.13572854291417,3.999999999999989e-06,0.9980039920159653,3.999999999999989e-06,0.9980039920159653,2.1000000000000023e-05,73.42657342657353,3.599999999999979e-06,12.58741258741252,0.2657342657342647,11141569775.0,10050878338.0,52.57330212909886,47.426697870901144,4535356.8794438,-5095136.8412633,-52.906289013074606,4081452.7205771003,-3042246.123386899,-42.70599010462988,52.63382957229088,47.36617042770912,1.1085170271016367,1.1112114215064384,453904.1588666998,5.267659144581758,37313381671.0,14973860.0645723,-2136727788.0,-5.416278477555744,831390.324615391,5.878678476266792,0.4799,-0.008000000000000007,-1.6396802623488433,32.43,67.57,1.1225,-0.010999999999999899,-0.9704455227172386,52.89,47.11,0.5521,0.027200000000000002,5.181939417031815,35.57,64.42999999999999,0.6426000000000001,0.07220000000000004,-0.5704,1783152000000,2026-07-04 08:00:00 UTC,5e-05,0.0003436
FINAL_REAL_MARK_PREMIUM_CLOSED_GUARD_2026_06_13,1783165500000,2026-07-04 11:45:00 UTC,HMSTRUSDT,1783165500000,2026-07-04 11:45:00 UTC,1783166399999,2026-07-04 11:59:59 UTC,True,0.0004048,0.0004142,0.0004023,0.0004095,4.700000000000006e-06,1.1610671936758907,75.23958262155065,0.00040542,0.00041237,0.00040279,0.0004098,3.279999999999982e-06,0.806848371543831,1783166399999,2026-07-04 11:59:59 UTC,-3.000000000000073e-07,-0.07320644216691247,-0.00112484,0.00159666,-0.00463742,-0.00010326,-0.00010326,,1783166399999,2026-07-04 11:59:59 UTC,64566,-39906.0,-38.19779462439697,13759310358.0,-7433137755.0,-35.074464806358634,5621470.2765787,-2995339.3234422,-34.76158186708611,binance_kline_quote_asset_volume,213104.58070811263,87.06548766500481,1.1899999999999964e-05,2.939723320158094,4.700000000000006e-06,1.1610671936758907,4.700000000000006e-06,1.1610671936758907,4.700000000000006e-06,39.4957983193279,2.4999999999999523e-06,21.008403361344204,0.605042016806721,7209851970.0,6549458388.0,52.39980625778977,47.60019374221023,2947328.7995677,-1588028.0798761002,-35.0144017789147,2674141.4770110003,-1407311.2435661,-34.48064549347792,52.42985650653449,47.57014349346551,1.100831785298458,1.102158889088416,273187.3225566996,4.859713013068975,38214262019.0,15534861.79596388,900880348.0,2.4143626432555836,561001.7313915789,3.7465404977230423,0.4797,-0.00019999999999997797,-0.04167534903104354,32.42,67.58,1.0821,-0.04039999999999999,-3.599109131403117,51.970000000000006,48.03,0.5523,0.00019999999999997797,0.03622532149972432,35.58,64.42,0.6024,0.0726,-0.5298,1783152000000,2026-07-04 08:00:00 UTC,5e-05,0.0003436
FINAL_REAL_MARK_PREMIUM_CLOSED_GUARD_2026_06_13,1783166400000,2026-07-04 12:00:00 UTC,HMSTRUSDT,1783166400000,2026-07-04 12:00:00 UTC,1783167299999,2026-07-04 12:14:59 UTC,True,0.0004097,0.0004396,0.0004084,0.0004256,1.6100000000000012e-05,3.931623931623935,78.03122950176203,0.00040959,0.0004352,0.00040882,0.0004261,1.6300000000000017e-05,3.9775500244021518,1783167299999,2026-07-04 12:14:59 UTC,-5.000000000000122e-07,-0.1173433466322488,0.0,0.00175385,-0.00374214,0.0,0.00010326,-100.0,1783167299999,2026-07-04 12:14:59 UTC,126102,61536.0,95.30712759037264,27240791811.0,13481481453.0,97.9807933844703,11557760.2074255,5936289.930846799,105.60030808274064,binance_kline_quote_asset_volume,216021.88554503498,91.65405947110672,3.12e-05,7.615328288991946,1.5900000000000007e-05,3.8808884549670513,1.5900000000000007e-05,3.8808884549670513,1.4000000000000015e-05,44.871794871794926,1.2999999999999774e-06,4.166666666666594,0.5512820512820508,15131213336.0,12109578475.0,55.54615827976749,44.45384172023251,6424493.2401753,3477164.4406076004,117.97680805472449,5133266.967250199,2459125.490239199,91.95943862281611,55.585971026183465,44.414028973816535,1.2495243634811988,1.2515408376698531,1291226.2729251012,11.171942052366933,38920364191.0,15949565.2454718,706102172.0,1.8477451472147453,414703.4495079201,2.6695020203891637,0.476,-0.0037000000000000366,-0.7713154054617546,32.25,67.75,1.0809,-0.0012000000000000899,-0.11089548100915718,51.94,48.06,0.5432,-0.009099999999999997,-1.6476552598225596,35.199999999999996,64.8,0.6049,0.06720000000000004,-0.5377,1783166400000,2026-07-04 12:00:00 UTC,7.14e-06,0.00040959
FINAL_REAL_MARK_PREMIUM_CLOSED_GUARD_2026_06_13,1783167300000,2026-07-04 12:15:00 UTC,HMSTRUSDT,1783167300000,2026-07-04 12:15:00 UTC,1783168199999,2026-07-04 12:29:59 UTC,True,0.0004256,0.0004262,0.0004038,0.0004104,-1.519999999999999e-05,-3.571428571428569,70.00628647507546,0.00042604,0.00042604,0.00040643,0.00041037,-1.5729999999999987e-05,-3.691621685050454,1783168199999,2026-07-04 12:29:59 UTC,2.9999999999984466e-08,0.007310475911978084,-0.00085232,0.00259031,-0.00315207,-0.00033355,-0.00033355,,1783168199999,2026-07-04 12:29:59 UTC,90452,-35650.0,-28.27076493632139,20331592556.0,-6909199255.0,-25.36343033982596,8433211.0150333,-3124549.1923922,-27.03421023032451,binance_kline_quote_asset_volume,224777.7003935789,93.23410223138569,2.2400000000000002e-05,5.2631578947368425,-1.519999999999999e-05,-3.571428571428569,1.519999999999999e-05,3.571428571428569,6.000000000000146e-07,2.678571428571493,6.599999999999998e-06,29.464285714285705,0.29464285714285704,9970981132.0,10360611424.0,49.04181069208713,50.95818930791286,4139148.3668696,-2285344.8733057003,-35.57237571695759,4294062.648163699,-839204.3190865004,-16.34834744501994,49.08152255992442,50.91847744007557,0.9623931179295621,0.9639236094144211,-154914.2812940986,-1.836954880151151,38606749515.0,16436823.60601125,-313614676.0,-0.8057855637243001,487258.3605394494,3.0549946223630493,0.4837,0.00770000000000004,1.6176470588235379,32.6,67.4,1.0717,-0.009199999999999875,-0.8511425663798571,51.73,48.27,0.5649,0.02169999999999994,3.9948453608247316,36.1,63.9,0.5880000000000001,0.08119999999999994,-0.5068000000000001,1783166400000,2026-07-04 12:00:00 UTC,7.14e-06,0.00040959
FINAL_REAL_MARK_PREMIUM_CLOSED_GUARD_2026_06_13,1783168200000,2026-07-04 12:30:00 UTC,HMSTRUSDT,1783168200000,2026-07-04 12:30:00 UTC,1783169099999,2026-07-04 12:44:59 UTC,True,0.0004103,0.0004124,0.0003821,0.000387,-2.3400000000000027e-05,-5.701754385964919,59.80875162353786,0.00041008,0.00041153,0.00038489,0.00038566,-2.471e-05,-6.021395326169066,1783169099999,2026-07-04 12:44:59 UTC,1.3399999999999567e-06,0.3474563086656528,0.0,0.0040288,-0.00452357,-0.00159288,-0.0012593300000000001,377.55359016639187,1783169099999,2026-07-04 12:44:59 UTC,117053,26601.0,29.408968292575068,27244154152.0,6912561596.0,33.99911530275111,10878722.3728453,2445511.3578120004,28.9985789926584,binance_kline_quote_asset_volume,232750.58436776503,92.93843278553561,3.0299999999999978e-05,7.384840360711668,-2.3300000000000024e-05,-5.678771630514263,2.3300000000000024e-05,5.678771630514263,2.099999999999997e-06,6.930693069306926,4.8999999999999565e-06,16.17161716171604,0.1617161716171604,13139585989.0,14104568163.0,48.22901058220381,51.77098941779619,5252977.4623916,1113829.095522,26.909619970070768,5625744.9104536995,1331682.262290001,31.012175913629903,48.28671311167672,51.71328688832328,0.9315837136700574,0.933739006301294,-372767.4480620995,-3.4265737766465603,39053946092.0,16026567.85777404,447196577.0,1.1583378104034616,-410255.7482372094,-2.4959551679265535,0.4738,-0.00990000000000002,-2.046723175522022,32.15,67.85,1.0594,-0.0123000000000002,-1.1477092469907808,51.44,48.559999999999995,0.5333,-0.03159999999999996,-5.593910426624174,34.78,65.22,0.5855999999999999,0.0595,-0.5260999999999999,1783166400000,2026-07-04 12:00:00 UTC,7.14e-06,0.00040959
FINAL_REAL_MARK_PREMIUM_CLOSED_GUARD_2026_06_13,1783169100000,2026-07-04 12:45:00 UTC,HMSTRUSDT,1783169100000,2026-07-04 12:45:00 UTC,1783169999999,2026-07-04 12:59:59 UTC,True,0.000387,0.0003959,0.0003641,0.0003677,-1.929999999999998e-05,-4.987080103359168,52.95691540880651,0.00038612,0.00039489,0.0003667,0.00036797,-1.7690000000000002e-05,-4.586941865892237,1783169999999,2026-07-04 12:59:59 UTC,-2.700000000000228e-07,-0.07337554691959204,0.00034684,0.00432096,-0.01120744,0.0,0.00159288,-100.0,1783169999999,2026-07-04 12:59:59 UTC,108533,-8520.0,-7.278754068669747,26850210567.0,-393943585.0,-1.4459747320548781,10230409.5304803,-648312.8423650004,-5.959457555266538,binance_kline_quote_asset_volume,247392.13480692508,94.26081957082454,3.179999999999996e-05,8.217054263565881,-1.929999999999998e-05,-4.987080103359168,1.929999999999998e-05,4.987080103359168,8.9e-06,27.98742138364783,3.599999999999979e-06,11.320754716981082,0.11320754716981081,13137103645.0,13713106922.0,48.92737661113926,51.07262338886074,5008821.5216708,-244155.9407208003,-4.647953326828855,5221588.008809499,-404156.9016442001,-7.184060210287886,48.96012722411167,51.03987277588833,0.9579961506698446,0.9592525326050744,-212766.48713869974,-2.0797455517766625,38679617619.0,14917181.33094354,-374328473.0,-0.958490781234215,-1109386.5268305,-6.922171588300284,0.452,-0.021799999999999986,-4.601097509497675,31.130000000000003,68.87,1.0823,0.022900000000000142,2.1616009061733195,51.980000000000004,48.02,0.4914,-0.04189999999999999,-7.856741046315394,32.95,67.05,0.6303000000000001,0.03939999999999999,-0.5909,1783166400000,2026-07-04 12:00:00 UTC,7.14e-06,0.00040959
FINAL_REAL_MARK_PREMIUM_CLOSED_GUARD_2026_06_13,1783170000000,2026-07-04 13:00:00 UTC,HMSTRUSDT,1783170000000,2026-07-04 13:00:00 UTC,1783170899999,2026-07-04 13:14:59 UTC,True,0.0003678,0.0003684,0.0003159,0.0003456,-2.2099999999999995e-05,-6.010334511830296,46.40158350793508,0.00036785,0.00036785,0.00031761,0.00034306,-2.4910000000000004e-05,-6.769573606544012,1783170899999,2026-07-04 13:14:59 UTC,2.539999999999986e-06,0.7403952661341998,0.0,0.04051644,-0.00926457,-0.00170164,-0.00170164,,1783170899999,2026-07-04 13:14:59 UTC,271261,162728.0,149.93412141929184,74832498497.0,47982287930.0,178.7035815241322,25439674.9894691,15209265.4589888,148.66722015061654,binance_kline_quote_asset_volume,275868.9914768433,93.78301705541563,5.250000000000003e-05,14.27406199021208,-2.2199999999999998e-05,-6.035889070146818,2.2199999999999998e-05,6.035889070146818,6.000000000000146e-07,1.1428571428571699,2.9700000000000017e-05,56.57142857142857,0.5657142857142857,37485412680.0,37347085817.0,50.09242432484433,49.90757567515566,12743779.4528415,7734957.9311707,154.42670292213845,12695895.5366276,7474307.5278181005,143.14242171553883,50.09411267288934,49.90588732711066,1.003703819454021,1.0037716060340727,47883.91621389985,0.1882253457786771,37842797565.0,13925014.21999305,-836820054.0,-2.1634651672175313,-992167.1109504905,-6.651170143600675,0.4607,0.008699999999999986,1.9247787610619436,31.540000000000003,68.46,1.0913,0.008999999999999897,0.8315624133789057,52.18000000000001,47.82,0.4912,-0.00019999999999997797,-0.040700040700036216,32.940000000000005,67.06,0.6305999999999999,0.030500000000000027,-0.6000999999999999,1783166400000,2026-07-04 12:00:00 UTC,7.14e-06,0.00040959
FINAL_REAL_MARK_PREMIUM_CLOSED_GUARD_2026_06_13,1783170900000,2026-07-04 13:15:00 UTC,HMSTRUSDT,1783170900000,2026-07-04 13:15:00 UTC,1783171799999,2026-07-04 13:29:59 UTC,True,0.0003457,0.0003715,0.000334,0.0003595,1.3900000000000013e-05,4.021990740740745,50.5479132489981,0.0003448,0.00036995,0.00033511,0.00035962,1.655999999999999e-05,4.827143939835595,1783171799999,2026-07-04 13:29:59 UTC,-1.1999999999999207e-07,-0.03336855569767868,3.391e-05,0.01077996,-0.00715222,0.0,0.00170164,-100.0,1783171799999,2026-07-04 13:29:59 UTC,145775,-125486.0,-46.26024382421358,38341527197.0,-36490971300.0,-48.76353460450463,13572636.9837766,-11867038.0056925,-46.64775792381361,binance_kline_quote_asset_volume,263018.53676556336,93.1067534472756,3.749999999999999e-05,10.847555684119175,1.380000000000001e-05,3.9919004917558607,1.380000000000001e-05,3.9919004917558607,1.1999999999999966e-05,31.99999999999992,1.1700000000000013e-05,31.200000000000045,0.6800000000000008,20780017959.0,17561509238.0,54.197157698574706,45.802842301425294,7361055.5912764,-5382723.8615651,-42.23804940664526,6211581.392500199,-6484314.144127401,-51.0740981242338,54.23452789664296,45.765472103357034,1.1832706219825182,1.1850533907780818,1149474.1987762004,8.469055793285927,36951674149.0,12747958.06466351,-891123416.0,-2.3548032210604353,-1177056.1553295385,-8.452818336368823,0.5097,0.049000000000000044,10.635988712828315,33.76,66.24,1.1621,0.07079999999999997,6.487675249702188,53.75,46.25,0.53,0.0388,7.899022801302931,34.64,65.36,0.6523999999999999,0.020299999999999985,-0.6320999999999999,1783166400000,2026-07-04 12:00:00 UTC,7.14e-06,0.00040959
FINAL_REAL_MARK_PREMIUM_CLOSED_GUARD_2026_06_13,1783171800000,2026-07-04 13:30:00 UTC,HMSTRUSDT,1783171800000,2026-07-04 13:30:00 UTC,1783172699999,2026-07-04 13:44:59 UTC,True,0.0003595,0.0003658,0.0003453,0.0003575,-1.9999999999999944e-06,-0.5563282336578566,49.94917081351857,0.00035954,0.0003648,0.00034623,0.0003566,-3.0200000000000084e-06,-0.839775318391638,1783172699999,2026-07-04 13:44:59 UTC,9.000000000000219e-07,0.252383623107129,-0.00081904,0.00137217,-0.01192827,-0.00039291,-0.00039291,,1783172699999,2026-07-04 13:44:59 UTC,78347,-67428.0,-46.254844795060876,20718470684.0,-17623056513.0,-45.96336609768351,7359868.2563266,-6212768.727449999,-45.77422010826735,binance_kline_quote_asset_volume,264444.97790598235,93.93937555141358,2.050000000000001e-05,5.702364394993049,-1.9999999999999944e-06,-0.5563282336578566,1.9999999999999944e-06,0.5563282336578566,6.2999999999999905e-06,30.73170731707311,1.2200000000000025e-05,59.512195121951315,0.5951219512195132,10481808260.0,10236662424.0,50.5916118031562,49.4083881968438,3725073.3196114,-3635982.271665,-49.39484869498892,3634794.9367152,-2576786.4557849993,-41.4835819248249,50.61331520994683,49.38668479005317,1.0239478284860946,1.0248372699060115,90278.38289619982,1.2266304198936688,34861408160.0,12536859.6024992,-2090265989.0,-5.656755849738861,-211098.46216431074,-1.6559394147166329,0.5251,0.01539999999999997,3.0213851285069584,34.43,65.57,1.1592,-0.0028999999999999027,-0.24954823164959153,53.690000000000005,46.31,0.5676,0.03759999999999997,7.094339622641503,36.21,63.79,0.6341,0.04249999999999998,-0.5916,1783166400000,2026-07-04 12:00:00 UTC,7.14e-06,0.00040959
FINAL_REAL_MARK_PREMIUM_CLOSED_GUARD_2026_06_13,1783172700000,2026-07-04 13:45:00 UTC,HMSTRUSDT,1783172700000,2026-07-04 13:45:00 UTC,1783173599999,2026-07-04 13:59:59 UTC,True,0.0003575,0.0003639,0.0003461,0.0003626,5.099999999999961e-06,1.4265734265734158,51.5259503508242,0.00035685,0.00036256,0.0003466,0.00036256,5.960000000000004e-06,1.6713404374649479,1783173599999,2026-07-04 13:59:59 UTC,3.999999999997929e-08,0.011032656663718913,-0.00011268,0.00186046,-0.00487221,0.00138602,0.00177893,-452.7576289735562,1783173599999,2026-07-04 13:59:59 UTC,49790,-28557.0,-36.44938542637242,13485546722.0,-7232923962.0,-34.910510878516156,4772739.5170431,-2587128.7392835002,-35.151834913071774,binance_kline_quote_asset_volume,270848.49813215504,95.85739138467764,1.78e-05,4.979020979020979,5.099999999999961e-06,1.4265734265734158,5.099999999999961e-06,1.4265734265734158,1.3000000000000316e-06,7.303370786517031,1.1400000000000006e-05,64.04494382022476,0.9269662921348297,7092510746.0,6393035976.0,52.593423850064944,47.40657614993505,2512067.361484,-1213005.9581274,-32.56327739218676,2260672.1555590997,-1374122.7811561003,-37.804685135770235,52.63365730548657,47.36634269451343,1.109411987141303,1.1112037432348196,251395.20592490025,5.267314610973144,34677467841.0,12365985.0321006,-183940319.0,-0.5276330725247446,-170874.57039860077,-1.362977458601652,0.5209,-0.0041999999999999815,-0.7998476480670313,34.25,65.75,1.1572,-0.0020000000000000018,-0.17253278122843355,53.64,46.36,0.5579,-0.009700000000000042,-1.7089499647639257,35.809999999999995,64.19,0.6363,0.03699999999999992,-0.5993,1783166400000,2026-07-04 12:00:00 UTC,7.14e-06,0.00040959
FINAL_REAL_MARK_PREMIUM_CLOSED_GUARD_2026_06_13,1783173600000,2026-07-04 14:00:00 UTC,HMSTRUSDT,1783173600000,2026-07-04 14:00:00 UTC,1783174499999,2026-07-04 14:14:59 UTC,True,0.0003627,0.0003866,0.0003566,0.0003694,6.800000000000003e-06,1.8753447324875903,53.623818112410405,0.00036303,0.00038362,0.00035705,0.0003696,7.039999999999987e-06,1.9417475728155305,1783174499999,2026-07-04 14:14:59 UTC,-2.0000000000000486e-07,-0.05411255411255544,-0.00036912,0.00303626,-0.00848734,-0.00138984,-0.00277586,-200.2756092985671,1783174499999,2026-07-04 14:14:59 UTC,91042,41252.0,82.85197830889737,23022440013.0,9536893291.0,70.71936709426649,8567953.9461063,3795214.4290632,79.51857451073478,binance_kline_quote_asset_volume,252877.13377342327,94.10990472645922,3.0000000000000024e-05,8.271298593879246,6.7e-06,1.8472566859663635,6.7e-06,1.8472566859663635,1.720000000000004e-05,57.333333333333414,6.099999999999986e-06,20.33333333333327,0.42666666666666586,12752861470.0,10269578543.0,55.39317927551939,44.606820724480606,4751193.1706595,2239125.8091755,89.13478370471482,3816760.7754467996,1556088.6198876998,68.83300685865504,55.45306616428157,44.54693383571843,1.2418096240855636,1.2448234118375716,934432.3952127006,10.906132328563142,34504160582.0,12509828.46060992,-173307259.0,-0.4997690713596299,143843.42850932106,1.163218523521749,0.5218,0.0009000000000000119,0.17277788443079514,34.29,65.71000000000001,1.1662,0.008999999999999897,0.7777393708952555,53.839999999999996,46.160000000000004,0.5591,0.0012000000000000899,0.21509231044991753,35.86,64.14,0.6443999999999999,0.0373,-0.6070999999999999,1783166400000,2026-07-04 12:00:00 UTC,7.14e-06,0.00040959
FINAL_REAL_MARK_PREMIUM_CLOSED_GUARD_2026_06_13,1783174500000,2026-07-04 14:15:00 UTC,HMSTRUSDT,1783174500000,2026-07-04 14:15:00 UTC,1783175399999,2026-07-04 14:29:59 UTC,True,0.0003696,0.0003698,0.0003442,0.0003525,-1.6899999999999977e-05,-4.574986464537082,48.057219341743775,0.0003694,0.0003698,0.00034558,0.00035198,-1.7619999999999984e-05,-4.767316017316013,1783175399999,2026-07-04 14:29:59 UTC,5.200000000000018e-07,0.14773566679925046,-0.00046278,0.00181992,-0.00401631,0.0,0.00138984,-100.0,1783175399999,2026-07-04 14:29:59 UTC,73797,-17245.0,-18.94180707805189,16567153932.0,-6455286081.0,-28.039104792345714,5841489.2291973,-2726464.7169089997,-31.82165466876768,binance_kline_quote_asset_volume,224496.30651652507,79.15618831656165,2.5599999999999972e-05,6.926406926406919,-1.7099999999999982e-05,-4.626623376623372,1.7099999999999982e-05,4.626623376623372,2.0000000000000486e-07,0.7812500000000198,8.299999999999985e-06,32.42187499999998,0.3242187499999998,8123281678.0,8443872254.0,49.032451266778025,50.96754873322197,2863072.3029133,-1888120.8677462,-39.739930580092896,2978416.926284,-838343.8491627998,-21.96479943296056,49.01271217967692,50.98728782032308,0.9620327538886995,0.9612731775888044,-115344.62337069958,-1.9745756406461696,33102398070.0,12234646.326672,-1401762512.0,-4.062589810491626,-275182.1339379195,-2.19972747671476,0.5444,0.022599999999999953,4.331161364507465,35.25,64.75,1.1228,-0.04339999999999988,-3.7214885954381653,52.89,47.11,0.6033,0.044199999999999906,7.905562511178663,37.63,62.370000000000005,0.5784,0.05889999999999995,-0.5195000000000001,1783166400000,2026-07-04 12:00:00 UTC,7.14e-06,0.00040959
FINAL_REAL_MARK_PREMIUM_CLOSED_GUARD_2026_06_13,1783175400000,2026-07-04 14:30:00 UTC,HMSTRUSDT,1783175400000,2026-07-04 14:30:00 UTC,1783176299999,2026-07-04 14:44:59 UTC,True,0.0003525,0.000359,0.0003466,0.0003545,1.9999999999999944e-06,0.5673758865248211,48.73544983438346,0.00035198,0.00035886,0.00034717,0.00035481,2.8299999999999983e-06,0.8040229558497637,1783176299999,2026-07-04 14:44:59 UTC,-3.100000000000021e-07,-0.08737070544798685,0.0,0.00219535,-0.00282034,0.00014622,0.00014622,,1783176299999,2026-07-04 14:44:59 UTC,41404,-32393.0,-43.8947382684933,10666851210.0,-5900302722.0,-35.61446188173198,3768299.6055174,-2073189.6236799,-35.49077199898877,binance_kline_quote_asset_volume,257628.51922519563,91.01293608147522,1.2399999999999976e-05,3.5177304964538942,1.9999999999999944e-06,0.5673758865248211,1.9999999999999944e-06,0.5673758865248211,4.500000000000001e-06,36.29032258064524,5.899999999999981e-06,47.580645161290256,0.6370967741935476,5634207742.0,5032643468.0,52.819783749472585,47.180216250527415,1992058.3890977,-871013.9138156003,-30.42235129477191,1776241.2164197,-1202175.7098642997,-40.362908874688195,52.86358829274096,47.13641170725904,1.119532463967503,1.121502175877336,215817.17267799983,5.727176585481914,32969185989.0,11623286.52042195,-133212081.0,-0.40242426158462297,-611359.8062500507,-4.996955285231766,0.5385,-0.005900000000000016,-1.0837619397501865,35.0,65.0,1.1233,0.0004999999999999449,0.044531528322047105,52.900000000000006,47.099999999999994,0.5855,-0.017799999999999927,-2.9504392507873245,36.93,63.07000000000001,0.5848,0.04700000000000004,-0.5378,1783166400000,2026-07-04 12:00:00 UTC,7.14e-06,0.00040959
FINAL_REAL_MARK_PREMIUM_CLOSED_GUARD_2026_06_13,1783176300000,2026-07-04 14:45:00 UTC,HMSTRUSDT,1783176300000,2026-07-04 14:45:00 UTC,1783177199999,2026-07-04 14:59:59 UTC,True,0.0003545,0.0003546,0.0003259,0.0003436,-1.0899999999999994e-05,-3.0747531734837783,45.266409496237884,0.00035481,0.00035481,0.00032731,0.0003441,-1.0709999999999984e-05,-3.018516952735262,1783177199999,2026-07-04 14:59:59 UTC,-5.000000000000122e-07,-0.14530659691950365,0.0,0.00810229,-0.00939475,-0.00067749,-0.00082371,-563.3360689372179,1783177199999,2026-07-04 14:59:59 UTC,79707,38303.0,92.5103854700029,21166044516.0,10499193306.0,98.4282343430194,7175352.5048002,3407052.8992828005,90.41353543901668,binance_kline_quote_asset_volume,265548.1264631714,90.02161045830606,2.8699999999999993e-05,8.095909732016922,-1.0899999999999994e-05,-3.0747531734837783,1.0899999999999994e-05,3.0747531734837783,1.0000000000000243e-07,0.34843205574913744,1.7699999999999997e-05,61.672473867595826,0.6167247386759582,10469250749.0,10696793767.0,49.46248100860793,50.53751899139207,3550996.733157,1558938.3440593001,78.25766315842876,3624355.7716432004,1848114.5552235004,104.04637265138305,49.48881230269088,50.51118769730911,0.9787279232491162,0.9797594267482905,-73359.03848620038,-1.022375394618234,33292409092.0,11812479.66993252,323223103.0,0.9803793854899594,189193.14951056987,1.627707870559331,0.5411,0.0026000000000000467,0.48282265552461406,35.11,64.89,1.1415,0.018199999999999994,1.62022611946942,53.300000000000004,46.7,0.5903,0.0048000000000000265,0.8198121263877074,37.12,62.88,0.6003999999999999,0.04920000000000002,-0.5511999999999999,1783166400000,2026-07-04 12:00:00 UTC,7.14e-06,0.00040959
FINAL_REAL_MARK_PREMIUM_CLOSED_GUARD_2026_06_13,1783177200000,2026-07-04 15:00:00 UTC,HMSTRUSDT,1783177200000,2026-07-04 15:00:00 UTC,1783178099999,2026-07-04 15:14:59 UTC,True,0.0003436,0.0003526,0.0003388,0.0003395,-4.099999999999991e-06,-1.193247962747378,43.99777326504427,0.00034382,0.000351,0.00033905,0.00034013,-3.970000000000004e-06,-1.1537343795408324,1783178099999,2026-07-04 15:14:59 UTC,-6.29999999999999e-07,-0.18522329697468587,0.0,0.00455491,-0.00211877,0.00036651,0.001044,-154.09821547181508,1783178099999,2026-07-04 15:14:59 UTC,37805,-41902.0,-52.57003776330812,9388323098.0,-11777721418.0,-55.644413905946834,3238646.5504937,-3936705.9543065005,-54.86428648171508,binance_kline_quote_asset_volume,248335.48731649254,85.66714853838646,1.380000000000001e-05,4.0162980209546015,-4.099999999999991e-06,-1.193247962747378,4.099999999999991e-06,1.193247962747378,9.000000000000002e-06,65.2173913043478,7.00000000000017e-07,5.072463768116061,0.05072463768116062,4789286057.0,4599037041.0,51.01322149873884,48.98677850126116,1653654.561833,-1897342.171324,-53.4312564584416,1584991.9886607,-2039363.7829825005,-56.26831115583059,51.06005042695742,48.93994957304258,1.041367141491566,1.043320454401993,68662.57317230012,2.1201008539148303,33139086022.0,11403159.5001702,-153323070.0,-0.4605346208990408,-409320.1697623208,-3.465150258029262,0.5333,-0.007800000000000029,-1.4415080391794546,34.78,65.22,1.147,0.00550000000000006,0.48182216381954096,53.42,46.58,0.5659,-0.02440000000000009,-4.133491445027967,36.14,63.85999999999999,0.6137,0.03259999999999996,-0.5811000000000001,1783166400000,2026-07-04 12:00:00 UTC,7.14e-06,0.00040959
FINAL_REAL_MARK_PREMIUM_CLOSED_GUARD_2026_06_13,1783178100000,2026-07-04 15:15:00 UTC,HMSTRUSDT,1783178100000,2026-07-04 15:15:00 UTC,1783178999999,2026-07-04 15:29:59 UTC,True,0.0003395,0.0003398,0.0003207,0.000328,-1.1500000000000008e-05,-3.3873343151693693,40.563789411201114,0.00034,0.00034,0.00032124,0.00032824,-1.1890000000000023e-05,-3.4957222238555916,1783178999999,2026-07-04 15:29:59 UTC,-2.3999999999998415e-07,-0.07311723129417018,-0.00107461,0.00555421,-0.00559309,0.0,-0.00036651,-100.0,1783178999999,2026-07-04 15:29:59 UTC,62024,24219.0,64.0629546356302,17772852425.0,8384529327.0,89.30806108266727,5829787.193155,2591140.6426613,80.00689801319338,binance_kline_quote_asset_volume,286547.98827873083,93.99244152513543,1.910000000000003e-05,5.6259204712813045,-1.1500000000000008e-05,-3.3873343151693693,1.1500000000000008e-05,3.3873343151693693,3.000000000000073e-07,1.570680628272287,7.300000000000015e-06,38.21989528795813,0.38219895287958133,8681232556.0,9091619869.0,48.845465817229396,51.154534182770604,2848254.6478865,1194600.0860535002,72.24000184956047,2981532.5452684998,1396540.5566077998,88.11025964792798,48.85692313487458,51.14307686512542,0.9548609247952269,0.955298862125955,-133277.89738199953,-2.286153730250853,33135726073.0,11266146.86482,-3359949.0,-0.010138930801439228,-137012.63535019942,-1.2015322187517803,0.5485,0.015199999999999991,2.850178136133507,35.42,64.58,1.138,-0.009000000000000119,-0.7846556233653111,53.23,46.77,0.5751,0.009199999999999986,1.625728927372325,36.51,63.49,0.5894999999999999,0.026599999999999957,-0.5629,1783166400000,2026-07-04 12:00:00 UTC,7.14e-06,0.00040959
FINAL_REAL_MARK_PREMIUM_CLOSED_GUARD_2026_06_13,1783179000000,2026-07-04 15:30:00 UTC,HMSTRUSDT,1783179000000,2026-07-04 15:30:00 UTC,1783179899999,2026-07-04 15:44:59 UTC,True,0.0003281,0.0003337,0.0003182,0.0003287,7.00000000000017e-07,0.21341463414634665,40.86633250904246,0.00032817,0.00032961,0.00031831,0.00032813,-1.0999999999999725e-07,-0.03351206434316271,1783179899999,2026-07-04 15:44:59 UTC,5.700000000000301e-07,0.17371163867980075,-0.00058717,0.00348077,-0.00447645,0.0,0.0,,1783179899999,2026-07-04 15:44:59 UTC,46470,-15554.0,-25.07738939765252,12913080504.0,-4859771921.0,-27.34379268329518,4182503.3300151,-1647283.8631399,-28.25632923743847,binance_kline_quote_asset_volume,277879.93337637186,90.00437551140736,1.5499999999999997e-05,4.724169460530325,6.000000000000146e-07,0.18287107589150092,6.000000000000146e-07,0.18287107589150092,4.999999999999959e-06,32.25806451612877,9.900000000000024e-06,63.870967741935644,0.6774193548387123,6441186375.0,6471894129.0,49.88109826315073,50.11890173684927,2088073.8027172,-760180.8451693002,-26.689356786738845,2094429.5272979,-887103.0179705997,-29.753256236574543,49.924020089415244,50.075979910584756,0.9952552137924505,0.9969654149266604,-6355.724580700044,-0.1519598211695171,32586066181.0,10696050.36325144,-549659892.0,-1.658813483637166,-570096.5015685596,-5.060261581967829,0.5559,0.007399999999999962,1.349134001823147,35.730000000000004,64.27000000000001,1.1803,0.042300000000000004,3.7170474516695964,54.14,45.86,0.58,0.0049000000000000155,0.8520257346548454,36.71,63.29,0.6244,0.02410000000000001,-0.6003,1783166400000,2026-07-04 12:00:00 UTC,7.14e-06,0.00040959
FINAL_REAL_MARK_PREMIUM_CLOSED_GUARD_2026_06_13,1783179900000,2026-07-04 15:45:00 UTC,HMSTRUSDT,1783179900000,2026-07-04 15:45:00 UTC,1783180799999,2026-07-04 15:59:59 UTC,True,0.0003289,0.0003306,0.0003172,0.0003252,-3.500000000000031e-06,-1.0648007301490814,39.77611491593109,0.0003287,0.00033013,0.0003187,0.00032486,-3.2699999999999873e-06,-0.9965562429524846,1783180799999,2026-07-04 15:59:59 UTC,3.399999999999866e-07,0.10466046912515747,0.0,0.00585581,-0.00172172,0.0,0.0,,1783180799999,2026-07-04 15:59:59 UTC,36030,-10440.0,-22.466107165913492,9501815117.0,-3411265387.0,-26.41713095448692,3075916.9644707,-1106586.3655444002,-26.457513078427247,binance_kline_quote_asset_volume,263719.54252012214,85.37099540579239,1.34e-05,4.074186682882335,-3.7000000000000357e-06,-1.1249619945272227,3.7000000000000357e-06,1.1249619945272227,1.6999999999999871e-06,12.686567164179008,7.999999999999978e-06,59.701492537313264,0.5970149253731326,4751928208.0,4749886909.0,50.01074162659904,49.98925837340095,1539058.5253242,-549015.277393,-26.292905771748543,1536858.4391464998,-557571.0881514002,-26.62162087023014,50.03576309443839,49.96423690556161,1.0004297573898302,1.0014315477090538,2200.086177700199,0.07152618887677897,32682106243.0,10723979.52151559,96040062.0,0.29472738889850475,27929.15826414898,0.26111655532312705,0.5731,0.017200000000000104,3.094081669365013,36.43,63.57000000000001,1.1935,0.0132000000000001,1.1183597390494027,54.410000000000004,45.59,0.5946,0.014600000000000057,2.517241379310355,37.29,62.71,0.6204,0.021499999999999964,-0.5989,1783166400000,2026-07-04 12:00:00 UTC,7.14e-06,0.00040959
FINAL_REAL_MARK_PREMIUM_CLOSED_GUARD_2026_06_13,1783180800000,2026-07-04 16:00:00 UTC,HMSTRUSDT,1783180800000,2026-07-04 16:00:00 UTC,1783181699999,2026-07-04 16:14:59 UTC,True,0.0003252,0.000347,0.0003213,0.0003366,1.1400000000000006e-05,3.5055350553505553,44.929450472908805,0.00032487,0.00034556,0.00032163,0.00033663,1.1769999999999977e-05,3.6230991811857343,1783181699999,2026-07-04 16:14:59 UTC,-2.9999999999984466e-08,-0.008911861687901989,0.0008232,0.01642573,-0.00737097,2.812e-05,2.812e-05,,1783181699999,2026-07-04 16:14:59 UTC,54728,18698.0,51.895642520122124,13816147999.0,4314332882.0,45.40535496508546,4634442.0636588,1558525.0991881,50.66863368518432,binance_kline_quote_asset_volume,252451.17671027628,84.68137084598013,2.5699999999999974e-05,7.902829028290276,1.1400000000000006e-05,3.5055350553505553,1.1400000000000006e-05,3.5055350553505553,1.0399999999999982e-05,40.46692607003888,3.899999999999986e-06,15.175097276264554,0.5953307392996112,7512407283.0,6303740716.0,54.37410835164578,45.62589164835422,2520061.6181254,981003.0928012,63.74046708812151,2114380.4455334,577522.0063869001,37.578087329086024,54.37680703544844,45.62319296455156,1.1917379888313286,1.191867633589308,405681.1725920001,8.753614070896873,32469921712.0,10548178.76736032,-212184531.0,-0.6492376269214493,-175800.7541552689,-1.639323851771245,0.5853,0.012199999999999989,2.1287733379863876,36.919999999999995,63.080000000000005,1.1935,0.0,0.0,54.410000000000004,45.59,0.6046,0.010000000000000009,1.681802892700977,37.68,62.32,0.6082,0.019299999999999984,-0.5889,1783166400000,2026-07-04 12:00:00 UTC,7.14e-06,0.00040959
FINAL_REAL_MARK_PREMIUM_CLOSED_GUARD_2026_06_13,1783181700000,2026-07-04 16:15:00 UTC,HMSTRUSDT,1783181700000,2026-07-04 16:15:00 UTC,1783182599999,2026-07-04 16:29:59 UTC,True,0.0003367,0.0003435,0.0003336,0.0003399,3.300000000000026e-06,0.9803921568627529,46.36031861705628,0.00033663,0.00034285,0.00033459,0.00033942,2.790000000000019e-06,0.8288031369753198,1783182599999,2026-07-04 16:29:59 UTC,4.800000000000225e-07,0.14141771256850585,0.0,0.00389891,-0.00265308,-0.00015109,-0.00017921,-637.3044096728307,1783182599999,2026-07-04 16:29:59 UTC,31518,-23210.0,-42.40973541879842,6975159794.0,-6840988205.0,-49.51443923078375,2363686.1992008,-2270755.864458,-48.997394578826245,binance_kline_quote_asset_volume,221307.18300653595,74.99480294437465,9.900000000000024e-06,2.9403029403029475,3.2000000000000236e-06,0.9504009504009574,3.2000000000000236e-06,0.9504009504009574,3.599999999999979e-06,36.36363636363606,3.100000000000021e-06,31.313131313131453,0.6363636363636394,3606124471.0,3369035323.0,51.69952484962382,48.30047515037618,1222608.8058978,-1297452.8122276,-51.48496381579499,1141077.3933030001,-973303.0522303998,-46.03254131897073,51.72466659538747,48.27533340461253,1.0703730074841962,1.071451255693355,81531.41259479988,3.4493331907749405,31862639204.0,10725920.23524252,-607282508.0,-1.8702924921915192,177741.4678821992,1.6850441370238456,0.6023,0.016999999999999904,2.904493422176645,37.59,62.41,1.2062,0.012699999999999934,1.0640971931294456,54.669999999999995,45.33,0.6313,0.026699999999999946,4.416142904399594,38.7,61.3,0.6039,0.029000000000000026,-0.5749,1783180800007,2026-07-04 16:00:00 UTC,5e-05,0.00032487
FINAL_REAL_MARK_PREMIUM_CLOSED_GUARD_2026_06_13,1783182600000,2026-07-04 16:30:00 UTC,HMSTRUSDT,1783182600000,2026-07-04 16:30:00 UTC,1783183499999,2026-07-04 16:44:59 UTC,True,0.0003399,0.00036,0.0003374,0.0003536,1.3699999999999954e-05,4.030597234480716,51.94283104301669,0.00033957,0.000359,0.00033754,0.0003538,1.4379999999999981e-05,4.2366389723646165,1783183499999,2026-07-04 16:44:59 UTC,-2.0000000000000486e-07,-0.056529112492935234,0.00052785,0.00278417,-0.00220857,7.37e-05,0.00022479,-148.7788735190946,1783183499999,2026-07-04 16:44:59 UTC,48513,16995.0,53.92156862745098,12829219649.0,5854059855.0,83.92725081417683,4494932.0604786,2131245.8612777996,90.1661930419701,binance_kline_quote_asset_volume,264449.1094964236,92.65417641618947,2.2600000000000007e-05,6.649014416004709,1.3699999999999954e-05,4.030597234480716,1.3699999999999954e-05,4.030597234480716,6.400000000000047e-06,28.31858407079666,2.5000000000000066e-06,11.061946902654892,0.7168141592920334,7339611523.0,5489608126.0,57.21011662289297,42.78988337710703,2573701.0808006,1351092.2749027999,110.50895988849439,1921230.9796779999,780153.5863749997,68.36990995998453,57.257841635242954,42.742158364757046,1.3370009943401924,1.3396104414430974,652470.1011226,14.515683270485919,31358635696.0,10643748.12793632,-504003508.0,-1.5818008821338565,-82172.10730619915,-0.766107760490363,0.6062,0.0039000000000000146,0.6475178482483837,37.74,62.260000000000005,1.1971,-0.009099999999999886,-0.7544354170120947,54.49,45.51,0.6372,0.005900000000000016,0.9345794392523391,38.92,61.08,0.5909000000000001,0.031000000000000028,-0.5599000000000001,1783180800007,2026-07-04 16:00:00 UTC,5e-05,0.00032487
FINAL_REAL_MARK_PREMIUM_CLOSED_GUARD_2026_06_13,1783183500000,2026-07-04 16:45:00 UTC,HMSTRUSDT,1783183500000,2026-07-04 16:45:00 UTC,1783184399999,2026-07-04 16:59:59 UTC,True,0.0003536,0.0003562,0.0003358,0.0003389,-1.4699999999999978e-05,-4.157239819004519,46.36672090578054,0.0003538,0.00035557,0.00033927,0.00033927,-1.4529999999999957e-05,-4.1068400226116335,1783184399999,2026-07-04 16:59:59 UTC,-3.7000000000002526e-07,-0.10905768267162591,-0.00080921,0.00305271,-0.00303023,-0.00165778,-0.00173148,-2349.3622795115334,1783184399999,2026-07-04 16:59:59 UTC,39459,-9054.0,-18.663038773112362,9424526969.0,-3404692680.0,-26.538579688791796,3291736.9147563,-1203195.1457222998,-26.76781605446978,binance_kline_quote_asset_volume,238843.533008946,83.42170138007299,2.0400000000000008e-05,5.769230769230772,-1.4699999999999978e-05,-4.157239819004519,1.4699999999999978e-05,4.157239819004519,2.600000000000009e-06,12.745098039215724,3.100000000000021e-06,15.196078431372648,0.15196078431372648,4213619373.0,5210907596.0,44.7090807513185,55.290919248681504,1474744.952785,-1098956.1280156,-42.69944696428181,1816991.9619713,-104239.0177066999,-5.425636938467985,44.801422196712245,55.198577803287755,0.8086152547081167,0.8116408787989422,-342247.0091863,-10.397155606575499,30802546910.0,10897941.096758,-556088786.0,-1.7733194498347795,254192.96882168017,2.3881903796136217,0.6263,0.020100000000000007,3.3157373804025085,38.51,61.49,1.1935,-0.0036000000000000476,-0.3007267563277961,54.410000000000004,45.59,0.6703,0.03310000000000002,5.1946013810420615,40.129999999999995,59.870000000000005,0.5672,0.04400000000000004,-0.5232,1783180800007,2026-07-04 16:00:00 UTC,5e-05,0.00032487
FINAL_REAL_MARK_PREMIUM_CLOSED_GUARD_2026_06_13,1783184400000,2026-07-04 17:00:00 UTC,HMSTRUSDT,1783184400000,2026-07-04 17:00:00 UTC,1783185299999,2026-07-04 17:14:59 UTC,True,0.0003387,0.0003467,0.000327,0.000328,-1.0899999999999994e-05,-3.2162879905576847,42.70583036312387,0.00033827,0.00034547,0.00032783,0.00032783,-1.144000000000004e-05,-3.371945648008972,1783185299999,2026-07-04 17:14:59 UTC,1.700000000000204e-07,0.05185614495318318,-0.00022968,0.00364092,-0.00532686,-0.00093393,0.00072385,-43.66381546405434,1783185299999,2026-07-04 17:14:59 UTC,47810,8351.0,21.163739577789602,10948033458.0,1523506489.0,16.16533640373946,3694384.6310366,402647.71628030017,12.232074637414021,binance_kline_quote_asset_volume,228990.4509098515,77.27221566694415,1.9700000000000045e-05,5.816356657809284,-1.0699999999999989e-05,-3.1591378801299053,1.0699999999999989e-05,3.1591378801299053,8.000000000000032e-06,40.60913705583763,1.0000000000000243e-06,5.0761421319798075,0.05076142131979807,5369340948.0,5578692510.0,49.04388508309216,50.95611491690784,1814572.2459106,339827.2931256001,23.043122980949967,1879812.385126,62820.42315470008,3.4573858591286575,49.117036452196714,50.882963547803286,0.962473005704342,0.9652943348327674,-65240.13921539998,-1.7659270956065658,30226305768.0,10254878.75790936,-576241142.0,-1.8707581021909725,-643062.3388486411,-5.900769082335599,0.6337,0.007400000000000073,1.1815423918250156,38.79,61.21,1.1895,-0.0040000000000000036,-0.33514872224549674,54.33,45.67,0.672,0.0017000000000000348,0.25361778308220717,40.19,59.809999999999995,0.5558,0.0383,-0.5175,1783180800007,2026-07-04 16:00:00 UTC,5e-05,0.00032487
FINAL_REAL_MARK_PREMIUM_CLOSED_GUARD_2026_06_13,1783185300000,2026-07-04 17:15:00 UTC,HMSTRUSDT,1783185300000,2026-07-04 17:15:00 UTC,1783186199999,2026-07-04 17:29:59 UTC,True,0.000328,0.0003372,0.0003259,0.0003303,2.3000000000000017e-06,0.7012195121951225,43.71567335751077,0.00032783,0.00033648,0.00032634,0.0003304,2.5700000000000245e-06,0.7839428972333297,1783186199999,2026-07-04 17:29:59 UTC,-1.0000000000000243e-07,-0.030266343825666592,0.0,0.00237554,-0.00300387,-0.00013029,0.00080364,-86.04927564164338,1783186199999,2026-07-04 17:29:59 UTC,28542,-19268.0,-40.301192219201006,6435734351.0,-4512299107.0,-41.21561305334476,2128725.6586368,-1565658.9723998,-42.37942522948659,binance_kline_quote_asset_volume,225482.9497232149,74.58221773655666,1.1300000000000004e-05,3.4451219512195133,2.3000000000000017e-06,0.7012195121951225,2.3000000000000017e-06,0.7012195121951225,6.900000000000005e-06,61.061946902654896,2.099999999999997e-06,18.584070796460143,0.3893805309734511,3477808487.0,2957925864.0,54.039031093003544,45.96096890699645,1150614.4148784,-663957.8310322,-36.590322183562805,978111.2437584,-901701.1413676001,-47.96761360347995,54.05179433103814,45.94820566896187,1.1757591795410867,1.1763635498730751,172503.17112000007,8.103588662076268,29675543106.0,9728533.29643998,-550762662.0,-1.8221302537840454,-526345.4614693802,-5.132634659999483,0.6265,-0.007200000000000095,-1.1361843143443418,38.519999999999996,61.480000000000004,1.1854,-0.0040999999999999925,-0.3446826397646064,54.24,45.76,0.6614,-0.010600000000000054,-1.5773809523809603,39.81,60.19,0.5589000000000001,0.03490000000000004,-0.524,1783180800007,2026-07-04 16:00:00 UTC,5e-05,0.00032487
FINAL_REAL_MARK_PREMIUM_CLOSED_GUARD_2026_06_13,1783186200000,2026-07-04 17:30:00 UTC,HMSTRUSDT,1783186200000,2026-07-04 17:30:00 UTC,1783187099999,2026-07-04 17:44:59 UTC,True,0.0003302,0.0003395,0.0003277,0.0003346,4.299999999999996e-06,1.3018468059339983,45.64458161929077,0.00033042,0.0003366,0.0003279,0.00033462,4.219999999999983e-06,1.2772397094430943,1783187099999,2026-07-04 17:44:59 UTC,-1.9999999999989644e-08,-0.005976929053849036,-0.00069124,0.00328462,-0.00257177,0.0,0.00013029,-100.0,1783187099999,2026-07-04 17:44:59 UTC,23505,-5037.0,-17.64767710742064,5619040828.0,-816693523.0,-12.68998188020455,1872633.8159265,-256091.84271030012,-12.030288716221751,binance_kline_quote_asset_volume,239057.25709423528,79.66959438104658,1.1800000000000016e-05,3.573591762568145,4.3999999999999985e-06,1.3325257419745604,4.3999999999999985e-06,1.3325257419745604,4.900000000000011e-06,41.52542372881359,2.5000000000000066e-06,21.18644067796613,0.5847457627118641,3140500406.0,2478540422.0,55.8903290104373,44.1096709895627,1047234.9463889,-103379.4684895,-8.984718699219965,825398.8695375999,-152712.37422080012,-15.612986272808977,55.92310346434562,44.07689653565438,1.2670765334808811,1.2687622736575541,221836.0768513002,11.84620692869124,29668013460.0,9802311.647184,-7529646.0,-0.02537323739317716,73778.3507440202,0.758370748147805,0.6276,0.001100000000000101,0.1755786113328174,38.56,61.44,1.1995,0.014100000000000001,1.1894719082166358,54.53,45.47,0.6631,0.0017000000000000348,0.2570305412760863,39.87,60.129999999999995,0.5719,0.035499999999999976,-0.5364,1783180800007,2026-07-04 16:00:00 UTC,5e-05,0.00032487
FINAL_REAL_MARK_PREMIUM_CLOSED_GUARD_2026_06_13,1783187100000,2026-07-04 17:45:00 UTC,HMSTRUSDT,1783187100000,2026-07-04 17:45:00 UTC,1783187999999,2026-07-04 17:59:59 UTC,True,0.0003346,0.0003386,0.0003316,0.000334,-6.000000000000146e-07,-0.17931858936043474,45.41072481507555,0.00033462,0.00033747,0.00033166,0.00033385,-7.699999999999808e-07,-0.2301117685733013,1783187999999,2026-07-04 17:59:59 UTC,1.4999999999997654e-07,0.04493035794517793,0.0,0.00498956,-0.00119046,-0.00087182,-0.00087182,,1783187999999,2026-07-04 17:59:59 UTC,16250,-7255.0,-30.865773239736228,3622164496.0,-1996876332.0,-35.53767258727596,1212350.3790325,-660283.4368939998,-35.25961302622956,binance_kline_quote_asset_volume,222902.4305230769,74.60617717123077,7.0000000000000075e-06,2.092050209205023,-6.000000000000146e-07,-0.17931858936043474,6.000000000000146e-07,0.17931858936043474,3.999999999999989e-06,57.14285714285692,2.400000000000004e-06,34.285714285714306,0.3428571428571431,1777248006.0,1844916490.0,49.065910948070865,50.934089051929135,595252.6438062,-451982.30258270004,-43.1595893682918,617097.7352263001,-208301.13431129977,-25.236421080633782,49.09906031301227,50.90093968698773,0.9633216547378792,0.9646002729015216,-21845.09142010007,-1.8018793739754717,29722607805.0,9945779.0237091,54594345.0,0.1840175280815718,143467.37652510032,1.4636075824656678,0.6361,0.008499999999999952,1.3543658381134405,38.879999999999995,61.12,1.2253,0.025800000000000045,2.1508962067528175,55.059999999999995,44.940000000000005,0.67,0.006900000000000017,1.0405670336299226,40.12,59.88,0.5892000000000001,0.03390000000000004,-0.5553,1783180800007,2026-07-04 16:00:00 UTC,5e-05,0.00032487
FINAL_REAL_MARK_PREMIUM_CLOSED_GUARD_2026_06_13,1783188000000,2026-07-04 18:00:00 UTC,HMSTRUSDT,1783188000000,2026-07-04 18:00:00 UTC,1783188899999,2026-07-04 18:14:59 UTC,True,0.000334,0.000345,0.000317,0.0003409,6.900000000000005e-06,2.0658682634730554,48.66783806465632,0.00033384,0.00034335,0.00031775,0.00034063,6.780000000000013e-06,2.0308521791223644,1783188899999,2026-07-04 18:14:59 UTC,2.699999999999686e-07,0.07926489152451886,0.0,0.00317336,-0.00342553,-0.00068891,0.00018291,-20.98024821637494,1783188899999,2026-07-04 18:14:59 UTC,47940,31690.0,195.01538461538462,13156014444.0,9533849948.0,263.20864109093736,4363133.4163691,3150783.0373366,259.8904649867838,binance_kline_quote_asset_volume,274426.6675844806,91.0123783139153,2.7999999999999976e-05,8.383233532934124,6.900000000000005e-06,2.0658682634730554,6.900000000000005e-06,2.0658682634730554,4.099999999999991e-06,14.642857142857125,1.699999999999998e-05,60.7142857142857,0.8535714285714288,6695657851.0,6460356593.0,50.8942725739683,49.105727426031706,2228396.1830489,1633143.5392427002,274.36140876249726,2134737.2333202,1517639.4980938998,245.93178867158798,51.07329917276105,48.92670082723895,1.036422332825243,1.0438737603236679,93658.94972870033,2.146598345522085,29537093457.0,9860958.65061945,-185514348.0,-0.6241523261252748,-84820.37308965065,-0.8528278467423501,0.6311,-0.0050000000000000044,-0.7860399308284869,38.690000000000005,61.309999999999995,1.2368,0.011499999999999844,0.938545662286774,55.28999999999999,44.71,0.6647,-0.005300000000000082,-0.7910447761194153,39.93,60.07,0.6056999999999999,0.03359999999999996,-0.5720999999999999,1783180800007,2026-07-04 16:00:00 UTC,5e-05,0.00032487
