####################################################################################################
FETCHING BINANCE FUTURES DATA ...
####################################################################################################
SYMBOL     : HUSDT
PERIOD     : 15m
LIMIT      : 500
RSI_PERIOD : 14
PRINT MODE : CSV_STYLE
NOTE       : EACH OUTPUT ROW = ONE ACTUAL KLINE CANDLE
####################################################################################################

============================================================================================================================================
ANALYSIS-READY CANDLE DATA FOR V3.2.1 | CSV STYLE | EACH ROW = ONE 15m CANDLE
============================================================================================================================================
candle_index,time,symbol,open,high,low,close,close_change,close_change_pct,candle_body_pct,price_range_pct,rsi,number_of_trades,trades_change,trades_change_pct,volume,volume_change,volume_change_pct,quote_volume,quote_volume_change,quote_volume_change_pct,taker_buy_base_volume,taker_buy_quote_volume,taker_sell_quote_volume,taker_buy_quote_pct,oi,oi_value,oi_change,oi_change_pct,oi_value_change,oi_value_change_pct,acco_ls_ratio,acco_ls_change,acco_ls_change_pct,acco_long_pct,acco_short_pct,posit_ls_ratio,posit_ls_change,posit_ls_change_pct,posit_long_pct,posit_short_pct,global_ls_ratio,global_ls_change,global_ls_change_pct,global_long_pct,global_short_pct,quote_volume_source,oi_match_delta_min,acco_match_delta_min,posit_match_delta_min,global_match_delta_min,data_quality1,2026-06-04 13:30:00 UTC,HUSDT,0.597300,0.613270,0.592350,0.598180,0.000000,0.000000,0.147330,3.502428,56.811677,100547,0.000000,0.000000,7244580.000000,0.000000,0.000000,4369148.576340,0.000000,0.000000,2848013.000000,1718299.648430,2650848.927910,39.328021,239161046.000000,142862061.596648,0.000000,0.000000,0.000000,0.000000,0.725300,0.000000,0.000000,42.040000,57.960000,2.675700,0.000000,0.000000,72.790000,27.210000,0.827200,0.000000,0.000000,45.270000,54.730000,binance_kline_quote_asset_volume,0.000000,0.000000,0.000000,0.000000,OK
2,2026-06-04 13:45:00 UTC,HUSDT,0.598090,0.598940,0.582570,0.590970,-0.007210,-1.205323,-1.190456,2.737046,51.130397,86164,-14383,-14.304753,5801197.000000,-1443383.000000,-19.923626,3427413.757050,-941734.819290,-21.554195,2134488.000000,1262046.394470,2165367.362580,36.822120,237506135.000000,142057169.466200,-1654911.000000,-0.691965,-804892.130448,-0.563405,0.742500,0.017200,2.371433,42.610000,57.390000,2.678500,0.002800,0.104646,72.810000,27.190000,0.844300,0.017100,2.067215,45.780000,54.220000,binance_kline_quote_asset_volume,0.000000,0.000000,0.000000,0.000000,OK
3,2026-06-04 14:00:00 UTC,HUSDT,0.590970,0.609200,0.580600,0.598830,0.007860,1.330017,1.330017,4.839501,56.265030,63937,-22227,-25.796156,4531379.000000,-1269818.000000,-21.888896,2703769.556710,-723644.200340,-21.113418,2237915.000000,1337097.702330,1366671.854380,49.453094,235854422.000000,139767330.477200,-1651713.000000,-0.695440,-2289838.989000,-1.611914,0.750100,0.007600,1.023569,42.860000,57.140000,2.681000,0.002500,0.093336,72.830000,27.170000,0.855300,0.011000,1.302854,46.100000,53.900000,binance_kline_quote_asset_volume,0.000000,0.000000,0.000000,0.000000,OK
4,2026-06-04 14:15:00 UTC,HUSDT,0.599060,0.603080,0.591120,0.594000,-0.004830,-0.806573,-0.844657,1.996461,52.607188,43218,-20719,-32.405337,2782620.000000,-1748759.000000,-38.592203,1660446.385670,-1043323.171040,-38.587725,1098858.000000,656367.365820,1004079.019850,39.529573,235142058.000000,140708424.354896,-712364.000000,-0.302035,941093.877696,0.673329,0.746100,-0.004000,-0.533262,42.730000,57.270000,2.679800,-0.001200,-0.044759,72.820000,27.180000,0.849500,-0.005800,-0.678125,45.930000,54.070000,binance_kline_quote_asset_volume,0.000000,0.000000,0.000000,0.000000,OK
5,2026-06-04 14:30:00 UTC,HUSDT,0.593360,0.599600,0.583480,0.587250,-0.006750,-1.136364,-1.029729,2.716732,47.918700,87207,43989,101.783979,5528885.000000,2746265.000000,98.693497,3271910.229390,1611463.843720,97.050038,1928335.000000,1140986.646920,2130923.582470,34.872187,234448274.000000,139433569.698433,-693784.000000,-0.295049,-1274854.656464,-0.906026,0.753200,0.007100,0.951615,42.960000,57.040000,2.678600,-0.001200,-0.044779,72.820000,27.180000,0.859100,0.009600,1.130077,46.210000,53.790000,binance_kline_quote_asset_volume,0.000000,0.000000,0.000000,0.000000,OK
6,2026-06-04 14:45:00 UTC,HUSDT,0.587260,0.599510,0.585370,0.596780,0.009530,1.622818,1.621088,2.407792,54.133877,62630,-24577,-28.182371,4330174.000000,-1198711.000000,-21.680881,2564704.865160,-707205.364230,-21.614449,1890422.000000,1119977.245100,1444727.620060,43.668855,232583574.000000,136633913.864087,-1864700.000000,-0.795357,-2799655.834346,-2.007878,0.766200,0.013000,1.725969,43.380000,56.620000,2.673700,-0.004900,-0.182931,72.780000,27.220000,0.867100,0.008000,0.931207,46.440000,53.560000,binance_kline_quote_asset_volume,0.000000,0.000000,0.000000,0.000000,OK
7,2026-06-04 15:00:00 UTC,HUSDT,0.596800,0.598850,0.584450,0.587620,-0.009160,-1.534904,-1.538204,2.412869,48.182125,38848,-23782,-37.972218,2666526.000000,-1663648.000000,-38.419888,1570748.371730,-993956.493430,-38.755200,1245214.000000,733180.154380,837568.217350,46.677123,231110065.000000,137931504.191511,-1473509.000000,-0.633540,1297590.327424,0.949684,0.756900,-0.009300,-1.213782,43.080000,56.920000,2.670300,-0.003400,-0.127165,72.750000,27.250000,0.863600,-0.003500,-0.403644,46.340000,53.660000,binance_kline_quote_asset_volume,0.000000,0.000000,0.000000,0.000000,OK
8,2026-06-04 15:15:00 UTC,HUSDT,0.587700,0.597580,0.582500,0.596330,0.008710,1.482250,1.468436,2.565935,53.425721,35891,-2957,-7.611717,2716118.000000,49592.000000,1.859798,1598331.979160,27583.607430,1.756081,1257154.000000,740243.677590,858088.301570,46.313512,230280983.000000,135359967.790841,-829082.000000,-0.358739,-2571536.400671,-1.864358,0.763000,0.006100,0.805919,43.280000,56.720000,2.667200,-0.003100,-0.116092,72.730000,27.270000,0.871600,0.008000,0.926355,46.570000,53.430000,binance_kline_quote_asset_volume,0.000000,0.000000,0.000000,0.000000,OK
9,2026-06-04 15:30:00 UTC,HUSDT,0.596320,0.601070,0.592190,0.592280,-0.004050,-0.679154,-0.677489,1.489133,50.849078,21933,-13958,-38.889972,1684081.000000,-1032037.000000,-37.996766,1006668.437170,-591663.541990,-37.017563,788247.000000,471441.008850,535227.428320,46.831806,229464530.000000,136802209.388306,-816453.000000,-0.354546,1442241.597465,1.065486,0.759000,-0.004000,-0.524246,43.150000,56.850000,2.670900,0.003700,0.138722,72.760000,27.240000,0.863600,-0.008000,-0.917852,46.340000,53.660000,binance_kline_quote_asset_volume,0.000000,0.000000,0.000000,0.000000,OK
10,2026-06-04 15:45:00 UTC,HUSDT,0.592330,0.593700,0.585710,0.588160,-0.004120,-0.695617,-0.703999,1.348910,48.297240,18264,-3669,-16.728218,1058351.000000,-625730.000000,-37.155576,623838.464130,-382829.973040,-38.029401,518849.000000,305792.667500,318045.796630,49.017925,229153589.000000,135820081.532536,-310941.000000,-0.135507,-982127.855770,-0.717918,0.763000,0.004000,0.527009,43.280000,56.720000,2.672400,0.001500,0.056161,72.770000,27.230000,0.871300,0.007700,0.891616,46.560000,53.440000,binance_kline_quote_asset_volume,0.000000,0.000000,0.000000,0.000000,OK
11,2026-06-04 16:00:00 UTC,HUSDT,0.588120,0.592300,0.578170,0.583380,-0.004780,-0.812704,-0.805958,2.402571,45.447561,30292,12028,65.856329,2545278.000000,1486927.000000,140.494694,1486694.180440,862855.716310,138.313965,1053553.000000,615466.097460,871228.082980,41.398299,228912595.000000,134715201.794183,-240994.000000,-0.105167,-1104879.738353,-0.813488,0.765500,0.002500,0.327654,43.360000,56.640000,2.672100,-0.000300,-0.011226,72.770000,27.230000,0.876200,0.004900,0.562378,46.700000,53.300000,binance_kline_quote_asset_volume,0.000000,0.000000,0.000000,0.000000,OK
12,2026-06-04 16:15:00 UTC,HUSDT,0.583380,0.597350,0.571880,0.576870,-0.006510,-1.115911,-1.115911,4.365936,41.827826,26462,-3830,-12.643602,2413230.000000,-132048.000000,-5.187960,1405431.548970,-81262.631470,-5.465995,1177820.000000,686987.686820,718443.862150,48.880907,228743955.000000,133353171.472856,-168640.000000,-0.073670,-1362030.321327,-1.011044,0.774300,0.008800,1.149575,43.640000,56.360000,2.668400,-0.003700,-0.138468,72.740000,27.260000,0.877600,0.001400,0.159781,46.740000,53.260000,binance_kline_quote_asset_volume,0.000000,0.000000,0.000000,0.000000,OK
13,2026-06-04 16:30:00 UTC,HUSDT,0.576710,0.583970,0.573950,0.577560,0.000690,0.119611,0.147388,1.737442,42.351914,23718,-2744,-10.369587,1528260.000000,-884970.000000,-36.671598,882919.446620,-522512.102350,-37.178054,552819.000000,319503.067760,563416.378860,36.187114,228925903.000000,132016989.742040,181948.000000,0.079542,-1336181.730816,-1.001987,0.773000,-0.001300,-0.167894,43.600000,56.400000,2.664700,-0.003700,-0.138660,72.710000,27.290000,0.875100,-0.002500,-0.284868,46.670000,53.330000,binance_kline_quote_asset_volume,0.000000,0.000000,0.000000,0.000000,OK
14,2026-06-04 16:45:00 UTC,HUSDT,0.577660,0.583550,0.574580,0.582540,0.004980,0.862248,0.844788,1.552817,46.124545,20075,-3643,-15.359642,935251.000000,-593009.000000,-38.802887,541499.455260,-341419.991360,-38.669438,458574.000000,265587.026420,275912.428840,49.046592,228792662.000000,132180867.369777,-133241.000000,-0.058203,163877.627737,0.124134,0.766800,-0.006200,-0.802070,43.400000,56.600000,2.658600,-0.006100,-0.228919,72.670000,27.330000,0.869200,-0.005900,-0.674209,46.500000,53.500000,binance_kline_quote_asset_volume,0.000000,0.000000,0.000000,0.000000,OK
15,2026-06-04 17:00:00 UTC,HUSDT,0.582560,0.585480,0.574920,0.579630,-0.002910,-0.499537,-0.502952,1.812689,44.300174,19538,-537,-2.674969,1081512.000000,146261.000000,15.638690,628937.527270,87438.072010,16.147398,584745.000000,340108.056980,288829.470290,54.076604,228633038.000000,133169599.313480,-159624.000000,-0.069768,988731.943703,0.748014,0.762700,-0.004100,-0.534690,43.270000,56.730000,2.654000,-0.004600,-0.173023,72.630000,27.370000,0.865000,-0.004200,-0.483203,46.380000,53.620000,binance_kline_quote_asset_volume,0.000000,0.000000,0.000000,0.000000,OK
16,2026-06-04 17:15:00 UTC,HUSDT,0.579670,0.595700,0.579440,0.589990,0.010360,1.787347,1.780323,2.805044,51.634619,27310,7772,39.778892,2095904.000000,1014392.000000,93.793874,1235932.762140,606995.234870,96.511213,1051242.000000,619956.337020,615976.425120,50.161008,228323878.000000,132184460.552530,-309160.000000,-0.135221,-985138.760950,-0.739763,0.765200,0.002500,0.327783,43.350000,56.650000,2.653000,-0.001000,-0.037679,72.630000,27.370000,0.868800,0.003800,0.439306,46.490000,53.510000,binance_kline_quote_asset_volume,0.000000,0.000000,0.000000,0.000000,OK
17,2026-06-04 17:30:00 UTC,HUSDT,0.590010,0.598370,0.586060,0.593090,0.003100,0.525433,0.522025,2.086405,53.603351,27180,-130,-0.476016,1341686.000000,-754218.000000,-35.985331,792707.965500,-443224.796640,-35.861562,774035.000000,457341.200530,335366.764970,57.693529,228307904.000000,134557829.380480,-15974.000000,-0.006996,2373368.827950,1.795498,0.766500,0.001300,0.169890,43.390000,56.610000,2.654900,0.001900,0.071617,72.640000,27.360000,0.873000,0.004200,0.483425,46.610000,53.390000,binance_kline_quote_asset_volume,0.000000,0.000000,0.000000,0.000000,OK
18,2026-06-04 17:45:00 UTC,HUSDT,0.593230,0.597910,0.588000,0.593480,0.000390,0.065757,0.042142,1.670516,53.857821,27874,694,2.553348,1724667.000000,382981.000000,28.544756,1023568.606680,230860.641180,29.123038,1031143.000000,611918.174050,411650.432630,59.782820,228298027.000000,135468218.380907,-9877.000000,-0.004326,910389.000427,0.676578,0.774600,0.008100,1.056751,43.650000,56.350000,2.648500,-0.006400,-0.241064,72.590000,27.410000,0.885000,0.012000,1.374570,46.950000,53.050000,binance_kline_quote_asset_volume,0.000000,0.000000,0.000000,0.000000,OK
19,2026-06-04 18:00:00 UTC,HUSDT,0.593490,0.599370,0.591380,0.592540,-0.000940,-0.158388,-0.160070,1.346274,53.101844,25422,-2452,-8.796728,1226934.000000,-497733.000000,-28.859658,731286.435220,-292282.171460,-28.555211,730150.000000,435289.648550,295996.786670,59.523824,228229494.000000,135479008.670408,-68533.000000,-0.030019,10790.289501,0.007965,0.788600,0.014000,1.807384,44.090000,55.910000,2.645300,-0.003200,-0.120823,72.570000,27.430000,0.899700,0.014700,1.661017,47.360000,52.640000,binance_kline_quote_asset_volume,0.000000,0.000000,0.000000,0.000000,OK
20,2026-06-04 18:15:00 UTC,HUSDT,0.592550,0.594190,0.582230,0.584040,-0.008500,-1.434502,-1.436166,2.018395,46.716221,20680,-4742,-18.653135,877670.000000,-349264.000000,-28.466405,514694.191910,-216592.243310,-29.617976,422397.000000,247517.392930,267176.798980,48.090186,228169094.000000,135165089.594660,-60400.000000,-0.026465,-313919.075748,-0.231710,0.804100,0.015500,1.965508,44.570000,55.430000,2.642500,-0.002800,-0.105848,72.550000,27.450000,0.923100,0.023400,2.600867,48.000000,52.000000,binance_kline_quote_asset_volume,0.000000,0.000000,0.000000,0.000000,OK
21,2026-06-04 18:30:00 UTC,HUSDT,0.584040,0.584810,0.578060,0.578550,-0.005490,-0.940004,-0.940004,1.155743,43.110326,15788,-4892,-23.655706,732110.000000,-145560.000000,-16.584821,425182.359230,-89511.832680,-17.391265,340147.000000,197580.087580,227602.271650,46.469493,228087634.000000,133134088.230785,-81460.000000,-0.035702,-2031001.363875,-1.502608,0.803800,-0.000300,-0.037309,44.560000,55.440000,2.641700,-0.000800,-0.030274,72.540000,27.460000,0.925300,0.002200,0.238327,48.060000,51.940000,binance_kline_quote_asset_volume,0.000000,0.000000,0.000000,0.000000,OK
22,2026-06-04 18:45:00 UTC,HUSDT,0.578600,0.579990,0.572660,0.574160,-0.004390,-0.758794,-0.767370,1.266851,40.423403,19836,4048,25.639726,1957853.000000,1225743.000000,167.426070,1127233.742040,702051.382810,165.117712,853092.000000,490972.759320,636260.982720,43.555541,227961324.000000,131900646.968922,-126310.000000,-0.055378,-1233441.261863,-0.926465,0.808000,0.004200,0.522518,44.690000,55.310000,2.639800,-0.001900,-0.071923,72.530000,27.470000,0.928600,0.003300,0.356641,48.150000,51.850000,binance_kline_quote_asset_volume,0.000000,0.000000,0.000000,0.000000,OK
23,2026-06-04 19:00:00 UTC,HUSDT,0.574210,0.580090,0.572210,0.578860,0.004700,0.818587,0.809808,1.372320,44.417597,16021,-3815,-19.232708,677269.000000,-1280584.000000,-65.407566,390140.700260,-737093.041780,-65.389547,337431.000000,194300.895470,195839.804790,49.802775,227751958.000000,130812042.770561,-209366.000000,-0.091843,-1088604.198361,-0.825321,0.800800,-0.007200,-0.891089,44.470000,55.530000,2.636400,-0.003400,-0.128798,72.500000,27.500000,0.922000,-0.006600,-0.710747,47.970000,52.030000,binance_kline_quote_asset_volume,0.000000,0.000000,0.000000,0.000000,OK
24,2026-06-04 19:15:00 UTC,HUSDT,0.578870,0.583320,0.576370,0.578340,-0.000520,-0.089832,-0.091558,1.200615,44.065597,16146,125,0.780226,609165.000000,-68104.000000,-10.055680,353396.242990,-36744.457270,-9.418258,302986.000000,175719.629600,177676.613390,49.723118,227634039.000000,131800108.581000,-117919.000000,-0.051775,988065.810439,0.755332,0.795000,-0.005800,-0.724276,44.290000,55.710000,2.632900,-0.003500,-0.132757,72.470000,27.530000,0.916800,-0.005200,-0.563991,47.830000,52.170000,binance_kline_quote_asset_volume,0.000000,0.000000,0.000000,0.000000,OK
25,2026-06-04 19:30:00 UTC,HUSDT,0.578410,0.578480,0.572510,0.573340,-0.005000,-0.864543,-0.876541,1.032140,40.723744,12023,-4123,-25.535736,470117.000000,-139048.000000,-22.826000,270479.407570,-82916.835420,-23.462851,215183.000000,123824.866960,146654.540610,45.779776,227505165.000000,131760719.709800,-128874.000000,-0.056615,-39388.871200,-0.029885,0.796900,0.001900,0.238994,44.350000,55.650000,2.632700,-0.000200,-0.007596,72.470000,27.530000,0.921200,0.004400,0.479930,47.950000,52.050000,binance_kline_quote_asset_volume,0.000000,0.000000,0.000000,0.000000,OK
26,2026-06-04 19:45:00 UTC,HUSDT,0.573300,0.576920,0.567540,0.567580,-0.005760,-1.004639,-0.997732,1.636142,37.221705,14878,2855,23.746153,685478.000000,215361.000000,45.810086,392298.557620,121819.150050,45.038235,382043.000000,218834.106130,173464.451490,55.782542,227422947.000000,130417963.186620,-82218.000000,-0.036139,-1342756.523180,-1.019087,0.796900,0.000000,0.000000,44.350000,55.650000,2.631400,-0.001300,-0.049379,72.460000,27.540000,0.919400,-0.001800,-0.195397,47.900000,52.100000,binance_kline_quote_asset_volume,0.000000,0.000000,0.000000,0.000000,OK
27,2026-06-04 20:00:00 UTC,HUSDT,0.567670,0.569620,0.563070,0.566690,-0.000890,-0.156806,-0.172636,1.153839,36.696593,19077,4199,28.222879,906416.000000,220938.000000,32.231231,513680.122900,121381.565280,30.941119,452933.000000,256711.574110,256968.548790,49.974987,227230847.000000,128992134.916490,-192100.000000,-0.084468,-1425828.270130,-1.093276,0.795700,-0.001200,-0.150584,44.310000,55.690000,2.632500,0.001100,0.041803,72.470000,27.530000,0.920100,0.000700,0.076137,47.920000,52.080000,binance_kline_quote_asset_volume,0.000000,0.000000,0.000000,0.000000,OK
28,2026-06-04 20:15:00 UTC,HUSDT,0.566690,0.569380,0.550740,0.569060,0.002370,0.418218,0.418218,3.289276,39.158099,31433,12356,64.769094,2271872.000000,1365456.000000,150.643413,1273743.413380,760063.290480,147.964318,832584.000000,467019.960680,806723.452700,36.665152,227181447.000000,128817707.653116,-49400.000000,-0.021740,-174427.263374,-0.135223,0.782800,-0.012900,-1.621214,43.910000,56.090000,2.632900,0.000400,0.015195,72.470000,27.530000,0.907700,-0.012400,-1.347680,47.580000,52.420000,binance_kline_quote_asset_volume,0.000000,0.000000,0.000000,0.000000,OK
29,2026-06-04 20:30:00 UTC,HUSDT,0.568890,0.572940,0.559780,0.561510,-0.007550,-1.326749,-1.297263,2.313277,34.549220,24282,-7151,-22.749976,1101686.000000,-1170186.000000,-51.507567,624268.315500,-649475.097880,-50.989476,521694.000000,295782.325990,328485.989510,47.380640,227460984.000000,129345688.551600,279537.000000,0.123046,527980.898484,0.409867,0.784400,0.001600,0.204394,43.960000,56.040000,2.636500,0.003600,0.136731,72.500000,27.500000,0.905100,-0.002600,-0.286438,47.510000,52.490000,binance_kline_quote_asset_volume,0.000000,0.000000,0.000000,0.000000,OK
30,2026-06-04 20:45:00 UTC,HUSDT,0.561510,0.563190,0.556190,0.560670,-0.000840,-0.149597,-0.149597,1.246639,34.068771,18589,-5693,-23.445350,1042439.000000,-59247.000000,-5.377848,582674.351280,-41593.964220,-6.662834,525119.000000,293563.230440,289111.120840,50.382041,227381580.000000,127683852.433200,-79404.000000,-0.034909,-1661836.118400,-1.284802,0.786400,0.002000,0.254972,44.020000,55.980000,2.637300,0.000800,0.030343,72.510000,27.490000,0.905900,0.000800,0.088388,47.530000,52.470000,binance_kline_quote_asset_volume,0.000000,0.000000,0.000000,0.000000,OK
31,2026-06-04 21:00:00 UTC,HUSDT,0.560560,0.564970,0.557270,0.561130,0.000460,0.082045,0.101684,1.373626,34.605082,16532,-2057,-11.065684,897167.000000,-145272.000000,-13.935779,504379.142970,-78295.208310,-13.437216,445504.000000,250444.371660,253934.771310,49.653990,227262220.000000,127530324.200001,-119360.000000,-0.052493,-153528.233199,-0.120241,0.787300,0.000900,0.114446,44.050000,55.950000,2.634000,-0.003300,-0.125128,72.480000,27.520000,0.906900,0.001000,0.110387,47.560000,52.440000,binance_kline_quote_asset_volume,0.000000,0.000000,0.000000,0.000000,OK
32,2026-06-04 21:15:00 UTC,HUSDT,0.560980,0.562320,0.557080,0.557290,-0.003840,-0.684333,-0.657777,0.934080,32.246931,5991,-10541,-63.761190,415199.000000,-481968.000000,-53.721102,232204.638950,-272174.504020,-53.962284,203666.000000,113931.314520,118273.324430,49.065047,227196154.000000,127497937.701720,-66066.000000,-0.029070,-32386.498281,-0.025395,0.785400,-0.001900,-0.241331,43.990000,56.010000,2.636100,0.002100,0.079727,72.500000,27.500000,0.905100,-0.001800,-0.198478,47.510000,52.490000,binance_kline_quote_asset_volume,0.000000,0.000000,0.000000,0.000000,OK
33,2026-06-04 21:30:00 UTC,HUSDT,0.557300,0.561420,0.555490,0.558880,0.001590,0.285309,0.283510,1.064059,34.245003,7704,1713,28.592889,905795.000000,490596.000000,118.159244,505394.137280,273189.498330,117.650319,452289.000000,252329.961550,253064.175730,49.927362,227082388.000000,126589000.578426,-113766.000000,-0.050074,-908937.123294,-0.712903,0.787600,0.002200,0.280112,44.060000,55.940000,2.634000,-0.002100,-0.079663,72.480000,27.520000,0.906600,0.001500,0.165728,47.550000,52.450000,binance_kline_quote_asset_volume,0.000000,0.000000,0.000000,0.000000,OK
34,2026-06-04 21:45:00 UTC,HUSDT,0.558880,0.564950,0.558350,0.564500,0.005620,1.005583,1.005583,1.180933,40.881367,14222,6518,84.605400,578709.000000,-327086.000000,-36.110378,324847.662300,-180546.474980,-35.723896,308755.000000,173335.683350,151511.978950,53.359067,227067290.000000,126938469.367561,-15098.000000,-0.006649,349468.789135,0.276066,0.787600,0.000000,0.000000,44.060000,55.940000,2.623400,-0.010600,-0.402430,72.400000,27.600000,0.902900,-0.003700,-0.408118,47.450000,52.550000,binance_kline_quote_asset_volume,0.000000,0.000000,0.000000,0.000000,OK
35,2026-06-04 22:00:00 UTC,HUSDT,0.564520,0.572640,0.563410,0.567640,0.003140,0.556244,0.552682,1.635017,44.265913,16122,1900,13.359584,747604.000000,168895.000000,29.184789,424316.172640,99468.510340,30.620048,354838.000000,201390.557660,222925.614980,47.462381,226857210.000000,127927974.868517,-210080.000000,-0.092519,989505.500956,0.779516,0.787600,0.000000,0.000000,44.060000,55.940000,2.621800,-0.001600,-0.060990,72.390000,27.610000,0.904400,0.001500,0.166131,47.490000,52.510000,binance_kline_quote_asset_volume,0.000000,0.000000,0.000000,0.000000,OK
36,2026-06-04 22:15:00 UTC,HUSDT,0.567710,0.570360,0.564120,0.570130,0.002490,0.438658,0.426274,1.099153,46.863803,15919,-203,-1.259149,640939.000000,-106665.000000,-14.267580,363183.077020,-61133.095620,-14.407439,304073.000000,172326.324020,190856.753000,47.448886,226744557.000000,128827865.471345,-112653.000000,-0.049658,899890.602829,0.703435,0.789900,0.002300,0.292026,44.130000,55.870000,2.619500,-0.002300,-0.087726,72.370000,27.630000,0.907700,0.003300,0.364883,47.580000,52.420000,binance_kline_quote_asset_volume,0.000000,0.000000,0.000000,0.000000,OK
37,2026-06-04 22:30:00 UTC,HUSDT,0.570130,0.570340,0.563890,0.564730,-0.005400,-0.947152,-0.947152,1.131321,42.262945,13399,-2520,-15.830140,691403.000000,50464.000000,7.873448,392188.326380,29005.249360,7.986399,296287.000000,168051.321410,224137.004970,42.849649,226634453.000000,129151407.440314,-110104.000000,-0.048559,323541.968969,0.251143,0.794400,0.004500,0.569692,44.270000,55.730000,2.617000,-0.002500,-0.095438,72.350000,27.650000,0.912000,0.004300,0.473725,47.700000,52.300000,binance_kline_quote_asset_volume,0.000000,0.000000,0.000000,0.000000,OK
38,2026-06-04 22:45:00 UTC,HUSDT,0.564780,0.565200,0.557320,0.559960,-0.004770,-0.844651,-0.853430,1.395234,38.653052,17326,3927,29.308157,930711.000000,239308.000000,34.611941,521498.192670,129309.866290,32.971371,472252.000000,264687.309670,256810.883000,50.755173,226524666.000000,127993232.029980,-109787.000000,-0.048442,-1158175.410334,-0.896758,0.795300,0.000900,0.113293,44.300000,55.700000,2.615700,-0.001300,-0.049675,72.340000,27.660000,0.915700,0.003700,0.405702,47.800000,52.200000,binance_kline_quote_asset_volume,0.000000,0.000000,0.000000,0.000000,OK
39,2026-06-04 23:00:00 UTC,HUSDT,0.560160,0.568210,0.559620,0.563360,0.003400,0.607186,0.571265,1.533490,42.427838,15533,-1793,-10.348609,693416.000000,-237295.000000,-25.496099,390771.961170,-130726.231500,-25.067437,325362.000000,183385.507640,207386.453530,46.929034,226333613.000000,126682653.174042,-191053.000000,-0.084341,-1310578.855938,-1.023944,0.794000,-0.001300,-0.163460,44.260000,55.740000,2.613100,-0.002600,-0.099400,72.320000,27.680000,0.916100,0.000400,0.043682,47.810000,52.190000,binance_kline_quote_asset_volume,0.000000,0.000000,0.000000,0.000000,OK
40,2026-06-04 23:15:00 UTC,HUSDT,0.563330,0.568560,0.563000,0.565740,0.002380,0.422465,0.427813,0.986988,44.979969,11667,-3866,-24.888946,490171.000000,-203245.000000,-29.310688,277371.345210,-113400.615960,-29.019640,210113.000000,118891.694480,158479.650730,42.863726,226213321.000000,127596331.757745,-120292.000000,-0.053148,913678.583702,0.721234,0.792800,-0.001200,-0.151134,44.220000,55.780000,2.613700,0.000600,0.022961,72.330000,27.670000,0.912400,-0.003700,-0.403886,47.710000,52.290000,binance_kline_quote_asset_volume,0.000000,0.000000,0.000000,0.000000,OK
41,2026-06-04 23:30:00 UTC,HUSDT,0.565790,0.570310,0.563950,0.564020,-0.001720,-0.304027,-0.312837,1.124092,43.479887,13131,1464,12.548213,570381.000000,80210.000000,16.363677,323325.910370,45954.565160,16.567885,271403.000000,153855.443660,169470.466710,47.585250,226059457.000000,127922405.715648,-153864.000000,-0.068017,326073.957903,0.255551,0.793100,0.000300,0.037841,44.230000,55.770000,2.614200,0.000500,0.019130,72.330000,27.670000,0.913100,0.000700,0.076721,47.730000,52.270000,binance_kline_quote_asset_volume,0.000000,0.000000,0.000000,0.000000,OK
42,2026-06-04 23:45:00 UTC,HUSDT,0.564000,0.566510,0.560850,0.564110,0.000090,0.015957,0.019504,1.003546,43.585906,12668,-463,-3.526007,644006.000000,73625.000000,12.908039,362630.278460,39304.368090,12.156269,360179.000000,202729.770150,159900.508310,55.905362,225880201.000000,127466476.555528,-179256.000000,-0.079296,-455929.160120,-0.356411,0.794400,0.001300,0.163914,44.270000,55.730000,2.614000,-0.000200,-0.007651,72.330000,27.670000,0.911300,-0.001800,-0.197131,47.680000,52.320000,binance_kline_quote_asset_volume,0.000000,0.000000,0.000000,0.000000,OK
43,2026-06-05 00:00:00 UTC,HUSDT,0.564110,0.568170,0.561640,0.564870,0.000760,0.134725,0.134725,1.157576,44.532092,17548,4880,38.522261,680102.000000,36096.000000,5.604917,384047.048290,21416.769830,5.905952,288552.000000,162915.014570,221132.033720,42.420588,225712504.000000,127290399.603547,-167697.000000,-0.074242,-176076.951981,-0.138136,0.797600,0.003200,0.402820,44.370000,55.630000,2.610900,-0.003100,-0.118592,72.310000,27.690000,0.916400,0.005100,0.559640,47.820000,52.180000,binance_kline_quote_asset_volume,0.000000,0.000000,0.000000,0.000000,OK
44,2026-06-05 00:15:00 UTC,HUSDT,0.564870,0.567450,0.560250,0.563700,-0.001170,-0.207127,-0.207127,1.274630,43.327312,15471,-2077,-11.836107,739484.000000,59382.000000,8.731337,416534.392790,32487.344500,8.459210,419777.000000,236513.372730,180021.020060,56.781235,225628473.000000,127607048.386757,-84031.000000,-0.037229,316648.783210,0.248761,0.792800,-0.004800,-0.601805,44.220000,55.780000,2.610300,-0.000600,-0.022981,72.300000,27.700000,0.908400,-0.008000,-0.872981,47.600000,52.400000,binance_kline_quote_asset_volume,0.000000,0.000000,0.000000,0.000000,OK
45,2026-06-05 00:30:00 UTC,HUSDT,0.563700,0.573640,0.561030,0.567180,0.003480,0.617350,0.617350,2.237005,47.846843,16071,600,3.878224,823399.000000,83915.000000,11.347778,467556.514500,51022.121710,12.249198,457348.000000,259869.730230,207686.784270,55.580389,225504357.000000,127076409.190387,-124116.000000,-0.055009,-530639.196370,-0.415838,0.792100,-0.000700,-0.088295,44.200000,55.800000,2.607200,-0.003100,-0.118760,72.280000,27.720000,0.909100,0.000700,0.077059,47.620000,52.380000,binance_kline_quote_asset_volume,0.000000,0.000000,0.000000,0.000000,OK
46,2026-06-05 00:45:00 UTC,HUSDT,0.567220,0.573110,0.567220,0.569380,0.002200,0.387884,0.380805,1.038398,50.532601,12200,-3871,-24.086865,553404.000000,-269995.000000,-32.790300,315537.156400,-152019.358100,-32.513579,330789.000000,188608.062470,126929.093930,59.773646,225392160.000000,127850468.382504,-112197.000000,-0.049754,774059.192117,0.609129,0.793100,0.001000,0.126247,44.230000,55.770000,2.608800,0.001600,0.061369,72.290000,27.710000,0.912000,0.002900,0.318997,47.700000,52.300000,binance_kline_quote_asset_volume,0.000000,0.000000,0.000000,0.000000,OK
47,2026-06-05 01:00:00 UTC,HUSDT,0.569380,0.570900,0.561880,0.565650,-0.003730,-0.655099,-0.655099,1.584179,46.189497,12315,115,0.942623,541130.000000,-12274.000000,-2.217910,305578.139020,-9959.017380,-3.156211,294042.000000,166001.528120,139576.610900,54.323758,225304898.000000,128284102.823240,-87262.000000,-0.038716,433634.440736,0.339173,0.793100,0.000000,0.000000,44.230000,55.770000,2.609500,0.000700,0.026832,72.300000,27.700000,0.913500,0.001500,0.164474,47.740000,52.260000,binance_kline_quote_asset_volume,0.000000,0.000000,0.000000,0.000000,OK
48,2026-06-05 01:15:00 UTC,HUSDT,0.565650,0.570350,0.564610,0.570270,0.004620,0.816759,0.816759,1.014762,51.723989,9910,-2405,-19.529030,471000.000000,-70130.000000,-12.959917,267554.487850,-38023.651170,-12.443184,311212.000000,176768.015350,90786.472500,66.068043,225254666.000000,127292767.789689,-50232.000000,-0.022295,-991335.033551,-0.772765,0.796600,0.003500,0.441306,44.340000,55.660000,2.608200,-0.001300,-0.049818,72.290000,27.710000,0.915300,0.001800,0.197044,47.790000,52.210000,binance_kline_quote_asset_volume,0.000000,0.000000,0.000000,0.000000,OK
49,2026-06-05 01:30:00 UTC,HUSDT,0.570270,0.574030,0.566660,0.567950,-0.002320,-0.406825,-0.406825,1.292370,48.998620,10974,1064,10.736630,534982.000000,63982.000000,13.584289,305301.304580,37746.816730,14.108086,244252.000000,139366.857410,165934.447170,45.648956,225172972.000000,128409390.742440,-81694.000000,-0.036267,1116622.952751,0.877208,0.794400,-0.002200,-0.276174,44.270000,55.730000,2.606300,-0.001900,-0.072847,72.270000,27.730000,0.915000,-0.000300,-0.032776,47.780000,52.220000,binance_kline_quote_asset_volume,0.000000,0.000000,0.000000,0.000000,OK
50,2026-06-05 01:45:00 UTC,HUSDT,0.567930,0.571230,0.564800,0.565800,-0.002150,-0.378554,-0.375046,1.132182,46.550714,10538,-436,-3.973027,479274.000000,-55708.000000,-10.413061,272472.867240,-32828.437340,-10.752800,246891.000000,140367.722170,132105.145070,51.516220,225095011.000000,127798649.149047,-77961.000000,-0.034623,-610741.593393,-0.475621,0.793700,-0.000700,-0.088117,44.250000,55.750000,2.605600,-0.000700,-0.026858,72.270000,27.730000,0.914200,-0.000800,-0.087432,47.760000,52.240000,binance_kline_quote_asset_volume,0.000000,0.000000,0.000000,0.000000,OK
51,2026-06-05 02:00:00 UTC,HUSDT,0.565800,0.572560,0.564890,0.570950,0.005150,0.910216,0.910216,1.355603,52.652555,11480,942,8.939078,521263.000000,41989.000000,8.760959,296606.703820,24133.836580,8.857336,269201.000000,153208.132660,143398.571160,51.653631,225044815.000000,127294598.956345,-50196.000000,-0.022300,-504050.192702,-0.394410,0.791800,-0.001900,-0.239385,44.190000,55.810000,2.605700,0.000100,0.003838,72.270000,27.730000,0.917200,0.003000,0.328156,47.840000,52.160000,binance_kline_quote_asset_volume,0.000000,0.000000,0.000000,0.000000,OK
52,2026-06-05 02:15:00 UTC,HUSDT,0.570950,0.574680,0.567530,0.569800,-0.001150,-0.201419,-0.201419,1.252299,51.245693,12362,882,7.682927,660609.000000,139346.000000,26.732379,377387.188920,80780.485100,27.234882,370950.000000,212020.006950,165367.181970,56.181029,225063070.000000,128576281.260300,18255.000000,0.008112,1281682.303955,1.006863,0.793400,0.001600,0.202071,44.240000,55.760000,2.603700,-0.002000,-0.076755,72.250000,27.750000,0.911300,-0.005900,-0.643262,47.680000,52.320000,binance_kline_quote_asset_volume,0.000000,0.000000,0.000000,0.000000,OK
53,2026-06-05 02:30:00 UTC,HUSDT,0.569780,0.578200,0.568450,0.569910,0.000110,0.019305,0.022816,1.711187,51.379516,13760,1398,11.308850,753221.000000,92612.000000,14.019185,431609.317220,54222.128300,14.367771,466860.000000,267661.456500,163947.860720,62.014754,224994483.000000,128112864.345539,-68587.000000,-0.030475,-463416.914761,-0.360422,0.789200,-0.004200,-0.529367,44.110000,55.890000,2.603200,-0.000500,-0.019203,72.250000,27.750000,0.905500,-0.005800,-0.636453,47.520000,52.480000,binance_kline_quote_asset_volume,0.000000,0.000000,0.000000,0.000000,OK
54,2026-06-05 02:45:00 UTC,HUSDT,0.569920,0.575770,0.568810,0.571520,0.001610,0.282501,0.280741,1.221224,53.395841,10419,-3341,-24.280523,576678.000000,-176543.000000,-23.438407,330593.774840,-101015.542380,-23.404393,313768.000000,179855.361060,150738.413780,54.403735,224995985.000000,128215694.521334,1502.000000,0.000668,102830.175795,0.080265,0.785100,-0.004100,-0.519513,43.980000,56.020000,2.578100,-0.025100,-0.964198,72.050000,27.950000,0.913100,0.007600,0.839315,47.730000,52.270000,binance_kline_quote_asset_volume,0.000000,0.000000,0.000000,0.000000,OK
55,2026-06-05 03:00:00 UTC,HUSDT,0.571520,0.574900,0.561930,0.562420,-0.009100,-1.592245,-1.592245,2.269387,42.633782,14490,4071,39.072848,741731.000000,165053.000000,28.621345,423192.256010,92598.481170,28.009747,359482.000000,205161.642120,218030.613890,48.479536,225045603.000000,128600059.378320,49618.000000,0.022053,384364.856985,0.299780,0.786000,0.000900,0.114635,44.010000,55.990000,2.578000,-0.000100,-0.003879,72.050000,27.950000,0.912400,-0.000700,-0.076662,47.710000,52.290000,binance_kline_quote_asset_volume,0.000000,0.000000,0.000000,0.000000,OK
56,2026-06-05 03:15:00 UTC,HUSDT,0.562400,0.562910,0.553760,0.557900,-0.004520,-0.803670,-0.800142,1.626956,38.484651,22309,7819,53.961353,1360259.000000,618528.000000,83.389800,758990.171060,335797.915050,79.348785,695730.000000,388529.917970,370460.253090,51.190375,225028124.000000,126531093.097616,-17479.000000,-0.007767,-2068966.280704,-1.608838,0.798200,0.012200,1.552163,44.390000,55.610000,2.577200,-0.000800,-0.031032,72.050000,27.950000,0.921200,0.008800,0.964489,47.950000,52.050000,binance_kline_quote_asset_volume,0.000000,0.000000,0.000000,0.000000,OK
57,2026-06-05 03:30:00 UTC,HUSDT,0.557920,0.563960,0.557330,0.557560,-0.000340,-0.060943,-0.064525,1.188342,38.183623,12894,-9415,-42.202698,605925.000000,-754334.000000,-55.455174,339781.202680,-419208.968380,-55.232463,342414.000000,191991.191830,147790.010850,56.504359,224904292.000000,125319682.970870,-123832.000000,-0.055030,-1211410.126746,-0.957401,0.800500,0.002300,0.288148,44.460000,55.540000,2.577100,-0.000100,-0.003880,72.040000,27.960000,0.922700,0.001500,0.162831,47.990000,52.010000,binance_kline_quote_asset_volume,0.000000,0.000000,0.000000,0.000000,OK
58,2026-06-05 03:45:00 UTC,HUSDT,0.557550,0.565290,0.557530,0.565180,0.007620,1.366669,1.368487,1.391803,48.000589,12197,-697,-5.405615,450632.000000,-155293.000000,-25.629080,252619.435430,-87161.767250,-25.652322,275230.000000,154318.999440,98300.435990,61.087540,224921275.000000,125499346.303878,16983.000000,0.007551,179663.333008,0.143364,0.795700,-0.004800,-0.599625,44.310000,55.690000,2.575100,-0.002000,-0.077607,72.030000,27.970000,0.922000,-0.000700,-0.075864,47.970000,52.030000,binance_kline_quote_asset_volume,0.000000,0.000000,0.000000,0.000000,OK
59,2026-06-05 04:00:00 UTC,HUSDT,0.565190,0.570960,0.562100,0.569100,0.003920,0.693584,0.691803,1.567614,52.205594,20299,8102,66.426170,920345.000000,469713.000000,104.234275,522076.576800,269457.141370,106.665246,545396.000000,309202.673330,212873.903470,59.225540,224884373.000000,126958180.427465,-36902.000000,-0.016407,1458834.123588,1.162424,0.793100,-0.002600,-0.326756,44.230000,55.770000,2.573500,-0.001600,-0.062134,72.020000,27.980000,0.922000,0.000000,0.000000,47.970000,52.030000,binance_kline_quote_asset_volume,0.000000,0.000000,0.000000,0.000000,OK
60,2026-06-05 04:15:00 UTC,HUSDT,0.569100,0.570320,0.564880,0.568180,-0.000920,-0.161659,-0.161659,0.955895,51.159948,10827,-9472,-46.662397,418661.000000,-501684.000000,-54.510428,237578.173570,-284498.403230,-54.493616,177652.000000,100781.054770,136797.118800,42.420166,224707975.000000,127781434.865931,-176398.000000,-0.078439,823254.438466,0.648445,0.790500,-0.002600,-0.327828,44.150000,55.850000,2.573900,0.000400,0.015543,72.020000,27.980000,0.918600,-0.003400,-0.368764,47.880000,52.120000,binance_kline_quote_asset_volume,0.000000,0.000000,0.000000,0.000000,OK
61,2026-06-05 04:30:00 UTC,HUSDT,0.568230,0.571240,0.566610,0.568200,0.000020,0.003520,-0.005280,0.814811,51.182840,10943,116,1.071396,429534.000000,10873.000000,2.597089,244145.035220,6566.861650,2.764085,240686.000000,136784.109660,107360.925560,56.025759,224666012.000000,127670954.639240,-41963.000000,-0.018674,-110480.226691,-0.086460,0.794400,0.003900,0.493359,44.270000,55.730000,2.573800,-0.000100,-0.003885,72.020000,27.980000,0.921200,0.002600,0.283039,47.950000,52.050000,binance_kline_quote_asset_volume,0.000000,0.000000,0.000000,0.000000,OK
62,2026-06-05 04:45:00 UTC,HUSDT,0.568140,0.572730,0.566240,0.568910,0.000710,0.124956,0.135530,1.142324,52.042176,15474,4531,41.405465,956533.000000,526999.000000,122.690870,544955.147050,300810.111830,123.209596,441392.000000,251490.560180,293464.586870,46.148855,224584100.000000,127546543.199530,-81912.000000,-0.036459,-124411.439710,-0.097447,0.790500,-0.003900,-0.490937,44.150000,55.850000,2.572700,-0.001100,-0.042738,72.010000,27.990000,0.916100,-0.005100,-0.553626,47.810000,52.190000,binance_kline_quote_asset_volume,0.000000,0.000000,0.000000,0.000000,OK
63,2026-06-05 05:00:00 UTC,HUSDT,0.568940,0.569100,0.556930,0.559810,-0.009100,-1.599550,-1.604739,2.139066,41.869101,40568,25094,162.168799,2486712.000000,1530179.000000,159.971376,1396923.140280,851967.993230,156.337269,1018312.000000,572170.404740,824752.735540,40.959333,224356720.000000,127742678.928665,-227380.000000,-0.101245,196135.729135,0.153776,0.796600,0.006100,0.771664,44.340000,55.660000,2.571300,-0.001400,-0.054418,72.000000,28.000000,0.922300,0.006200,0.676782,47.980000,52.020000,binance_kline_quote_asset_volume,0.000000,0.000000,0.000000,0.000000,OK
64,2026-06-05 05:15:00 UTC,HUSDT,0.559800,0.571590,0.557270,0.558390,-0.001420,-0.253657,-0.251876,2.558056,40.537467,48297,7729,19.051962,2454412.000000,-32300.000000,-1.298904,1384270.002000,-12653.138280,-0.905786,922010.000000,520048.085390,864221.916610,37.568400,223875085.000000,125224528.794750,-481635.000000,-0.214674,-2518150.133915,-1.971268,0.803400,0.006800,0.853628,44.550000,55.450000,2.562700,-0.008600,-0.334461,71.930000,28.070000,0.930100,0.007800,0.845712,48.190000,51.810000,binance_kline_quote_asset_volume,0.000000,0.000000,0.000000,0.000000,OK
65,2026-06-05 05:30:00 UTC,HUSDT,0.558390,0.565740,0.558010,0.562220,0.003830,0.685901,0.685901,1.384337,45.566164,40722,-7575,-15.684204,2107040.000000,-347372.000000,-14.152962,1183217.166040,-201052.835960,-14.524106,785570.000000,441149.035260,742068.130780,37.283860,223377200.000000,124702037.436896,-497885.000000,-0.222394,-522491.357854,-0.417244,0.814900,0.011500,1.431416,44.900000,55.100000,2.557100,-0.005600,-0.218520,71.890000,28.110000,0.941000,0.010900,1.171917,48.480000,51.520000,binance_kline_quote_asset_volume,0.000000,0.000000,0.000000,0.000000,OK
66,2026-06-05 05:45:00 UTC,HUSDT,0.562210,0.565750,0.556070,0.559860,-0.002360,-0.419765,-0.417993,1.721777,43.144914,35815,-4907,-12.049998,2194159.000000,87119.000000,4.134663,1233524.415860,50307.249820,4.251734,824835.000000,463558.257840,769966.158020,37.579982,222767424.000000,125144055.780480,-609776.000000,-0.272980,442018.343584,0.354460,0.817500,0.002600,0.319058,44.980000,55.020000,2.552300,-0.004800,-0.187713,71.850000,28.150000,0.940200,-0.000800,-0.085016,48.460000,51.540000,binance_kline_quote_asset_volume,0.000000,0.000000,0.000000,0.000000,OK
67,2026-06-05 06:00:00 UTC,HUSDT,0.559880,0.565530,0.558260,0.561630,0.001770,0.316150,0.312567,1.298493,45.484624,15571,-20244,-56.523803,876986.000000,-1317173.000000,-60.030882,493185.301630,-740339.114230,-60.018197,565420.000000,318039.883770,175145.417860,64.486894,222110519.000000,124210865.540370,-656905.000000,-0.294884,-933190.240110,-0.745693,0.809600,-0.007900,-0.966361,44.740000,55.260000,2.552200,-0.000100,-0.003918,71.850000,28.150000,0.934600,-0.005600,-0.595618,48.310000,51.690000,binance_kline_quote_asset_volume,0.000000,0.000000,0.000000,0.000000,OK
68,2026-06-05 06:15:00 UTC,HUSDT,0.561630,0.562410,0.556120,0.557560,-0.004070,-0.724676,-0.724676,1.119954,41.278145,13554,-2017,-12.953568,1058323.000000,181337.000000,20.677297,591582.293180,98396.991550,19.951323,529893.000000,296246.181530,295336.111650,50.076918,221833369.000000,124617579.219515,-277150.000000,-0.124780,406713.679145,0.327438,0.803400,-0.006200,-0.765810,44.550000,55.450000,2.551100,-0.001100,-0.043100,71.840000,28.160000,0.933500,-0.001100,-0.117697,48.280000,51.720000,binance_kline_quote_asset_volume,0.000000,0.000000,0.000000,0.000000,OK
69,2026-06-05 06:30:00 UTC,HUSDT,0.557590,0.563780,0.548260,0.554780,-0.002780,-0.498601,-0.503955,2.783407,38.648927,19777,6223,45.912646,1678765.000000,620442.000000,58.625013,933544.289890,341961.996710,57.804637,722433.000000,402408.219090,531136.070800,43.105423,221596810.000000,123555733.351700,-236559.000000,-0.106638,-1061845.867815,-0.852084,0.807700,0.004300,0.535225,44.680000,55.320000,2.548300,-0.002800,-0.109757,71.820000,28.180000,0.929400,-0.004100,-0.439207,48.170000,51.830000,binance_kline_quote_asset_volume,0.000000,0.000000,0.000000,0.000000,OK
70,2026-06-05 06:45:00 UTC,HUSDT,0.554780,0.569470,0.553820,0.568680,0.013900,2.505498,2.505498,2.820938,54.317005,23502,3725,18.835010,1825882.000000,147117.000000,8.763406,1028048.432970,94504.143080,10.123156,1066429.000000,600732.661320,427315.771650,58.434276,221285573.000000,122747107.343100,-311237.000000,-0.140452,-808626.008600,-0.654463,0.809000,0.001300,0.160951,44.720000,55.280000,2.551700,0.003400,0.133422,71.840000,28.160000,0.929000,-0.000400,-0.043039,48.160000,51.840000,binance_kline_quote_asset_volume,0.000000,0.000000,0.000000,0.000000,OK
71,2026-06-05 07:00:00 UTC,HUSDT,0.568730,0.572170,0.556680,0.558150,-0.010530,-1.851656,-1.860285,2.723612,44.951414,33404,9902,42.132584,2847510.000000,1021628.000000,55.952575,1606770.098730,578721.665760,56.293230,1292572.000000,729556.617910,877213.480820,45.405165,220960461.000000,125711035.076730,-325112.000000,-0.146920,2963927.733630,2.414662,0.805400,-0.003600,-0.444994,44.610000,55.390000,2.542100,-0.009600,-0.376220,71.770000,28.230000,0.926000,-0.003000,-0.322928,48.080000,51.920000,binance_kline_quote_asset_volume,0.000000,0.000000,0.000000,0.000000,OK
72,2026-06-05 07:15:00 UTC,HUSDT,0.558130,0.563780,0.557500,0.559270,0.001120,0.200663,0.204253,1.125186,46.017583,36213,2809,8.409173,2350639.000000,-496871.000000,-17.449315,1316098.017990,-290672.080740,-18.090459,898430.000000,503184.554270,812913.463720,38.233061,220208784.000000,122891532.923596,-751677.000000,-0.340186,-2819502.153134,-2.242844,0.811600,0.006200,0.769804,44.800000,55.200000,2.548100,0.006000,0.236025,71.820000,28.180000,0.928600,0.002600,0.280778,48.150000,51.850000,binance_kline_quote_asset_volume,0.000000,0.000000,0.000000,0.000000,OK
73,2026-06-05 07:30:00 UTC,HUSDT,0.559200,0.589500,0.557470,0.578370,0.019100,3.415166,3.428112,5.727825,60.181053,94091,57878,159.826582,7866598.000000,5515959.000000,234.657853,4492175.472700,3176077.454710,241.325297,3509468.000000,2005703.527690,2486471.945010,44.648824,219463724.000000,122678027.078760,-745060.000000,-0.338343,-213505.844836,-0.173735,0.811600,0.000000,0.000000,44.800000,55.200000,2.540800,-0.007300,-0.286488,71.760000,28.240000,0.930900,0.002300,0.247685,48.210000,51.790000,binance_kline_quote_asset_volume,0.000000,0.000000,0.000000,0.000000,OK
74,2026-06-05 07:45:00 UTC,HUSDT,0.578300,0.585000,0.568420,0.576500,-0.001870,-0.323322,-0.311257,2.867024,58.561038,65429,-28662,-30.462000,7323001.000000,-543597.000000,-6.910192,4228302.139570,-263873.333130,-5.874066,2834090.000000,1637479.130140,2590823.009430,38.726635,217166034.000000,125563229.198460,-2297690.000000,-1.046957,2885202.119700,2.351849,0.820200,0.008600,1.059635,45.060000,54.940000,2.512100,-0.028700,-1.129565,71.530000,28.470000,0.943600,0.012700,1.364271,48.550000,51.450000,binance_kline_quote_asset_volume,0.000000,0.000000,0.000000,0.000000,OK
75,2026-06-05 08:00:00 UTC,HUSDT,0.576500,0.586040,0.565500,0.584910,0.008410,1.458803,1.458803,3.562879,63.340557,30493,-34936,-53.395283,3253720.000000,-4069281.000000,-55.568489,1880059.516320,-2348242.623250,-55.536301,1801728.000000,1042390.806900,837668.709420,55.444564,215073082.000000,124144589.777850,-2092952.000000,-0.963757,-1418639.420610,-1.129821,0.829200,0.009000,1.097293,45.330000,54.670000,2.490400,-0.021700,-0.863819,71.350000,28.650000,0.952000,0.008400,0.890208,48.770000,51.230000,binance_kline_quote_asset_volume,0.000000,0.000000,0.000000,0.000000,OK
76,2026-06-05 08:15:00 UTC,HUSDT,0.584760,0.585970,0.572660,0.573230,-0.011680,-1.996888,-1.971749,2.276147,54.021472,18512,-11981,-39.290985,1478795.000000,-1774925.000000,-54.550637,858304.413140,-1021755.103180,-54.346955,654839.000000,380318.546690,477985.866450,44.310450,214477311.000000,125560875.234763,-595771.000000,-0.277009,1416285.456913,1.140835,0.827800,-0.001400,-0.168837,45.290000,54.710000,2.486000,-0.004400,-0.176678,71.310000,28.690000,0.948900,-0.003100,-0.325630,48.690000,51.310000,binance_kline_quote_asset_volume,0.000000,0.000000,0.000000,0.000000,OK
77,2026-06-05 08:30:00 UTC,HUSDT,0.573150,0.578290,0.562930,0.566920,-0.006310,-1.100780,-1.086975,2.679927,49.761958,27827,9315,50.318712,2325949.000000,847154.000000,57.286777,1323723.125810,465418.712670,54.225366,813011.000000,462779.634050,860943.491760,34.960455,214261111.000000,122889768.750050,-216200.000000,-0.100803,-2671106.484714,-2.127340,0.833200,0.005400,0.652331,45.450000,54.550000,2.484500,-0.001500,-0.060338,71.300000,28.700000,0.959200,0.010300,1.085467,48.960000,51.040000,binance_kline_quote_asset_volume,0.000000,0.000000,0.000000,0.000000,OK
78,2026-06-05 08:45:00 UTC,HUSDT,0.566900,0.575530,0.565450,0.572810,0.005890,1.038947,1.042512,1.778091,53.451480,22709,-5118,-18.392209,1977701.000000,-348248.000000,-14.972297,1129302.283980,-194420.841830,-14.687425,659938.000000,376877.897490,752424.386490,33.372632,213711523.000000,121294111.993880,-549588.000000,-0.256504,-1595656.756170,-1.298446,0.837900,0.004700,0.564090,45.590000,54.410000,2.479100,-0.005400,-0.217348,71.260000,28.740000,0.971600,0.012400,1.292744,49.280000,50.720000,binance_kline_quote_asset_volume,0.000000,0.000000,0.000000,0.000000,OK
79,2026-06-05 09:00:00 UTC,HUSDT,0.572650,0.580760,0.572110,0.574210,0.001400,0.244409,0.272418,1.510521,54.310399,38341,15632,68.836144,2173170.000000,195469.000000,9.883648,1252976.672750,123674.388770,10.951398,756801.000000,436369.033080,816607.639670,34.826589,213097468.000000,122214432.405944,-614055.000000,-0.287329,920320.412064,0.758751,0.834500,-0.003400,-0.405776,45.490000,54.510000,2.473600,-0.005500,-0.221855,71.210000,28.790000,0.966600,-0.005000,-0.514615,49.150000,50.850000,binance_kline_quote_asset_volume,0.000000,0.000000,0.000000,0.000000,OK
80,2026-06-05 09:15:00 UTC,HUSDT,0.574630,0.583790,0.572000,0.579730,0.005520,0.961321,0.887528,2.051755,57.630104,38926,585,1.525782,2502319.000000,329149.000000,15.146031,1448276.053210,195299.380460,15.586833,864227.000000,500259.240880,948016.812330,34.541705,212409814.000000,122089537.375773,-687654.000000,-0.322695,-124895.030171,-0.102193,0.833500,-0.001000,-0.119832,45.460000,54.540000,2.472500,-0.001100,-0.044470,71.200000,28.800000,0.961600,-0.005000,-0.517277,49.020000,50.980000,binance_kline_quote_asset_volume,0.000000,0.000000,0.000000,0.000000,OK
81,2026-06-05 09:30:00 UTC,HUSDT,0.580010,0.595190,0.576910,0.594340,0.014610,2.520139,2.470647,3.151670,64.899401,39971,1045,2.684581,2424992.000000,-77327.000000,-3.090214,1414220.744230,-34055.308980,-2.351438,1192101.000000,696453.402530,717767.341700,49.246442,211677612.000000,122968668.576772,-732202.000000,-0.344712,879131.200998,0.720071,0.830800,-0.002700,-0.323935,45.380000,54.620000,2.478100,0.005600,0.226491,71.250000,28.750000,0.960800,-0.000800,-0.083195,49.000000,51.000000,binance_kline_quote_asset_volume,0.000000,0.000000,0.000000,0.000000,OK
82,2026-06-05 09:45:00 UTC,HUSDT,0.594340,0.623870,0.593610,0.623180,0.028840,4.852441,4.852441,5.091362,74.280082,49654,9683,24.225063,3645234.000000,1220242.000000,50.319424,2227029.018910,812808.274680,57.473932,2103332.000000,1285041.923520,941987.095390,57.702074,211057881.000000,125478825.792548,-619731.000000,-0.292771,2510157.215777,2.041298,0.827500,-0.003300,-0.397208,45.280000,54.720000,2.482500,0.004400,0.177555,71.280000,28.720000,0.952000,-0.008800,-0.915903,48.770000,51.230000,binance_kline_quote_asset_volume,0.000000,0.000000,0.000000,0.000000,OK
83,2026-06-05 10:00:00 UTC,HUSDT,0.623210,0.635500,0.600940,0.608140,-0.015040,-2.413428,-2.418126,5.545482,64.586217,63689,14035,28.265598,4530630.000000,885396.000000,24.289140,2813002.446690,585973.427780,26.311890,2026716.000000,1259517.895970,1553484.550720,44.774860,211040680.000000,131406091.752795,-17201.000000,-0.008150,5927265.960247,4.723718,0.826500,-0.001000,-0.120846,45.250000,54.750000,2.483300,0.000800,0.032226,71.290000,28.710000,0.963500,0.011500,1.207983,49.070000,50.930000,binance_kline_quote_asset_volume,0.000000,0.000000,0.000000,0.000000,OK
84,2026-06-05 10:15:00 UTC,HUSDT,0.608110,0.619530,0.601100,0.609710,0.001570,0.258164,0.263110,3.030702,65.098262,40077,-23612,-37.073906,2430505.000000,-2100125.000000,-46.353929,1487341.491080,-1325660.955610,-47.126193,1160637.000000,710522.334070,776819.157010,47.771298,210940485.000000,128302440.596400,-100195.000000,-0.047477,-3103651.156395,-2.361878,0.836500,0.010000,1.209921,45.550000,54.450000,2.487800,0.004500,0.181210,71.330000,28.670000,0.983700,0.020200,2.096523,49.590000,50.410000,binance_kline_quote_asset_volume,0.000000,0.000000,0.000000,0.000000,OK
85,2026-06-05 10:30:00 UTC,HUSDT,0.609720,0.619990,0.590050,0.595920,-0.013790,-2.261731,-2.263334,4.910451,57.266084,47817,7740,19.312823,2956925.000000,526420.000000,21.658873,1782548.315270,295206.824190,19.847952,1145955.000000,691917.645890,1090630.669380,38.816207,210933271.000000,128553282.010950,-7214.000000,-0.003420,250841.414550,0.195508,0.848400,0.011900,1.422594,45.900000,54.100000,2.486800,-0.001000,-0.040196,71.320000,28.680000,0.991600,0.007900,0.803090,49.790000,50.210000,binance_kline_quote_asset_volume,0.000000,0.000000,0.000000,0.000000,OK
86,2026-06-05 10:45:00 UTC,HUSDT,0.596140,0.603390,0.588480,0.593830,-0.002090,-0.350718,-0.387493,2.501090,56.163195,44027,-3790,-7.926051,2697145.000000,-259780.000000,-8.785478,1609237.266650,-173311.048620,-9.722656,921763.000000,550044.251490,1059193.015160,34.180432,210602841.000000,125508763.093950,-330430.000000,-0.156651,-3044518.917000,-2.368293,0.865700,0.017300,2.039132,46.400000,53.600000,2.497700,0.010900,0.438314,71.410000,28.590000,1.007200,0.015600,1.573215,50.180000,49.820000,binance_kline_quote_asset_volume,0.000000,0.000000,0.000000,0.000000,OK
87,2026-06-05 11:00:00 UTC,HUSDT,0.593870,0.596960,0.585010,0.592720,-0.001110,-0.186922,-0.193645,2.012225,55.551282,41490,-2537,-5.762373,2489511.000000,-207634.000000,-7.698288,1475011.554410,-134225.712240,-8.340952,884662.000000,524597.712440,950413.841970,35.565668,210112941.000000,124901637.777450,-489900.000000,-0.232618,-607125.316500,-0.483731,0.869500,0.003800,0.438951,46.510000,53.490000,2.497100,-0.000600,-0.024022,71.400000,28.600000,1.012100,0.004900,0.486497,50.300000,49.700000,binance_kline_quote_asset_volume,0.000000,0.000000,0.000000,0.000000,OK
88,2026-06-05 11:15:00 UTC,HUSDT,0.592760,0.602450,0.587360,0.594320,0.001600,0.269942,0.263176,2.545718,56.290539,45358,3868,9.322728,2318637.000000,-170874.000000,-6.863758,1376638.430430,-98373.123980,-6.669312,833233.000000,494931.975850,881706.454580,35.952213,209694550.000000,124290153.676000,-418391.000000,-0.199127,-611484.101450,-0.489573,0.858400,-0.011100,-1.276596,46.190000,53.810000,2.492000,-0.005100,-0.204237,71.360000,28.640000,1.003200,-0.008900,-0.879360,50.080000,49.920000,binance_kline_quote_asset_volume,0.000000,0.000000,0.000000,0.000000,OK
89,2026-06-05 11:30:00 UTC,HUSDT,0.594470,0.597990,0.588040,0.593760,-0.000560,-0.094225,-0.119434,1.673760,55.939859,38752,-6606,-14.564134,1920595.000000,-398042.000000,-17.167068,1137934.520800,-238703.909630,-17.339623,761741.000000,451339.487160,686595.033640,39.663046,208985660.000000,124312933.860996,-708890.000000,-0.338058,22780.184996,0.018328,0.853200,-0.005200,-0.605778,46.040000,53.960000,2.495800,0.003800,0.152488,71.390000,28.610000,0.991200,-0.012000,-1.196172,49.780000,50.220000,binance_kline_quote_asset_volume,0.000000,0.000000,0.000000,0.000000,OK
90,2026-06-05 11:45:00 UTC,HUSDT,0.593760,0.601810,0.592000,0.596010,0.002250,0.378941,0.378941,1.652183,57.096365,54053,15301,39.484414,2854988.000000,934393.000000,48.651225,1703127.258600,565192.737800,49.668301,1189986.000000,709862.109840,993265.148760,41.679922,208273577.000000,123576456.845693,-712083.000000,-0.340733,-736477.015304,-0.592438,0.850800,-0.002400,-0.281294,45.970000,54.030000,2.498900,0.003100,0.124209,71.420000,28.580000,0.992000,0.000800,0.080710,49.800000,50.200000,binance_kline_quote_asset_volume,0.000000,0.000000,0.000000,0.000000,OK
91,2026-06-05 12:00:00 UTC,HUSDT,0.596060,0.619480,0.592100,0.617230,0.021220,3.560343,3.551656,4.593497,66.126750,35403,-18650,-34.503173,2441136.000000,-413852.000000,-14.495753,1484394.277570,-218732.981030,-12.843020,1248845.000000,758239.439520,726154.838050,51.080730,207575149.000000,123878773.171710,-698428.000000,-0.335342,302316.326017,0.244639,0.859100,0.008300,0.975552,46.210000,53.790000,2.493600,-0.005300,-0.212093,71.380000,28.620000,1.004400,0.012400,1.250000,50.110000,49.890000,binance_kline_quote_asset_volume,0.000000,0.000000,0.000000,0.000000,OK
92,2026-06-05 12:15:00 UTC,HUSDT,0.617070,0.624630,0.610100,0.612750,-0.004480,-0.725823,-0.700083,2.354676,63.106761,36273,870,2.457419,1738013.000000,-703123.000000,-28.803106,1075735.605710,-408658.671860,-27.530332,823259.000000,509678.887240,566056.718470,47.379568,207208813.000000,127941541.590415,-366336.000000,-0.176484,4062768.418705,3.279632,0.852900,-0.006200,-0.721685,46.030000,53.970000,2.499400,0.005800,0.232595,71.420000,28.580000,0.999600,-0.004800,-0.477897,49.990000,50.010000,binance_kline_quote_asset_volume,0.000000,0.000000,0.000000,0.000000,OK
93,2026-06-05 12:30:00 UTC,HUSDT,0.613050,0.614400,0.592920,0.593460,-0.019290,-3.148103,-3.195498,3.503793,52.078112,46782,10509,28.971963,2868011.000000,1129998.000000,65.016660,1728449.252900,652713.647190,60.676029,1151421.000000,693215.750300,1035233.502600,40.106225,207139637.000000,127125738.019640,-69176.000000,-0.033385,-815803.570775,-0.637638,0.856700,0.003800,0.445539,46.140000,53.860000,2.496700,-0.002700,-0.108026,71.400000,28.600000,1.007600,0.008000,0.800320,50.190000,49.810000,binance_kline_quote_asset_volume,0.000000,0.000000,0.000000,0.000000,OK
94,2026-06-05 12:45:00 UTC,HUSDT,0.593260,0.600280,0.592190,0.595530,0.002070,0.348802,0.382632,1.363652,53.026791,42063,-4719,-10.087213,2052065.000000,-815946.000000,-28.449891,1221176.645910,-507272.606990,-29.348424,988809.000000,588480.137380,632696.508530,48.189600,206953772.000000,122853967.672360,-185865.000000,-0.089729,-4271770.347280,-3.360272,0.867100,0.010400,1.213961,46.440000,53.560000,2.498200,0.001500,0.060079,71.410000,28.590000,1.016100,0.008500,0.843589,50.400000,49.600000,binance_kline_quote_asset_volume,0.000000,0.000000,0.000000,0.000000,OK
95,2026-06-05 13:00:00 UTC,HUSDT,0.595390,0.601180,0.586770,0.587740,-0.007790,-1.308079,-1.284872,2.420262,49.088422,40841,-1222,-2.905166,2402769.000000,350704.000000,17.090297,1423185.963570,202009.317660,16.542186,1041788.000000,617473.109520,805712.854050,43.386678,206639418.000000,122986152.735854,-314354.000000,-0.151896,132185.063494,0.107595,0.873400,0.006300,0.726560,46.620000,53.380000,2.496000,-0.002200,-0.088063,71.400000,28.600000,1.017800,0.001700,0.167306,50.440000,49.560000,binance_kline_quote_asset_volume,0.000000,0.000000,0.000000,0.000000,OK
96,2026-06-05 13:15:00 UTC,HUSDT,0.587700,0.590000,0.580990,0.582670,-0.005070,-0.862626,-0.855879,1.533095,46.659485,39846,-995,-2.436277,2343053.000000,-59716.000000,-2.485299,1373173.728310,-50012.235260,-3.514104,897234.000000,526008.870540,847164.857770,38.306069,206326944.000000,121347065.574720,-312474.000000,-0.151217,-1639087.161134,-1.332741,0.869900,-0.003500,-0.400733,46.520000,53.480000,2.496600,0.000600,0.024038,71.400000,28.600000,1.015700,-0.002100,-0.206327,50.390000,49.610000,binance_kline_quote_asset_volume,0.000000,0.000000,0.000000,0.000000,OK
97,2026-06-05 13:30:00 UTC,HUSDT,0.582650,0.591010,0.582580,0.587000,0.004330,0.743131,0.746589,1.446838,48.981318,33407,-6439,-16.159715,1992250.000000,-350803.000000,-14.972047,1171196.872410,-201976.855900,-14.708762,867326.000000,510098.218270,661098.654140,43.553584,206046810.000000,120088201.804200,-280134.000000,-0.135772,-1258863.770520,-1.037408,0.866000,-0.003900,-0.448327,46.410000,53.590000,2.493400,-0.003200,-0.128174,71.370000,28.630000,1.015700,0.000000,0.000000,50.390000,49.610000,binance_kline_quote_asset_volume,0.000000,0.000000,0.000000,0.000000,OK
98,2026-06-05 13:45:00 UTC,HUSDT,0.586890,0.589200,0.584040,0.587220,0.000220,0.037479,0.056229,0.879211,49.102542,28250,-5157,-15.436884,1661239.000000,-331011.000000,-16.614933,973439.022970,-197757.849440,-16.885107,622702.000000,364960.947940,608478.075030,37.491917,205783464.000000,120817529.549040,-263346.000000,-0.127809,729327.744840,0.607327,0.868100,0.002100,0.242494,46.470000,53.530000,2.491800,-0.001600,-0.064169,71.360000,28.640000,1.017800,0.002100,0.206754,50.440000,49.560000,binance_kline_quote_asset_volume,0.000000,0.000000,0.000000,0.000000,OK
99,2026-06-05 14:00:00 UTC,HUSDT,0.587370,0.589830,0.577410,0.582840,-0.004380,-0.745887,-0.771234,2.114510,46.722304,39594,11344,40.155752,3167936.000000,1506697.000000,90.697184,1852131.911940,878692.888970,90.266865,1215775.000000,711032.764560,1141099.147380,38.389963,205481545.000000,120742238.046841,-301919.000000,-0.146717,-75291.502199,-0.062318,0.865300,-0.002800,-0.322543,46.390000,53.610000,2.488900,-0.002900,-0.116382,71.340000,28.660000,1.015700,-0.002100,-0.206327,50.390000,49.610000,binance_kline_quote_asset_volume,0.000000,0.000000,0.000000,0.000000,OK
100,2026-06-05 14:15:00 UTC,HUSDT,0.582820,0.605050,0.579470,0.604690,0.021850,3.748885,3.752445,4.389005,57.730288,32064,-7530,-19.018033,2274055.000000,-893881.000000,-28.216511,1338264.649590,-513867.262350,-27.744636,1206783.000000,712826.110200,625438.539390,53.264958,204888372.000000,119371534.682640,-593173.000000,-0.288675,-1370703.364201,-1.135231,0.863600,-0.001700,-0.196464,46.340000,53.660000,2.485000,-0.003900,-0.156696,71.310000,28.690000,1.014500,-0.001200,-0.118145,50.360000,49.640000,binance_kline_quote_asset_volume,0.000000,0.000000,0.000000,0.000000,OK
101,2026-06-05 14:30:00 UTC,HUSDT,0.604890,0.610090,0.584600,0.587550,-0.017140,-2.834510,-2.866637,4.213989,49.151210,41193,9129,28.471183,3181541.000000,907486.000000,39.906071,1895748.128910,557483.479320,41.657192,1325879.000000,791581.915510,1104166.213400,41.755648,204455508.000000,123581733.334925,-432864.000000,-0.211268,4210198.652285,3.526970,0.849800,-0.013800,-1.597962,45.940000,54.060000,2.489400,0.004400,0.177062,71.340000,28.660000,0.999200,-0.015300,-1.508132,49.980000,50.020000,binance_kline_quote_asset_volume,0.000000,0.000000,0.000000,0.000000,OK
102,2026-06-05 14:45:00 UTC,HUSDT,0.587570,0.590820,0.578530,0.582290,-0.005260,-0.895243,-0.898616,2.091666,46.850253,38827,-2366,-5.743694,2021044.000000,-1160497.000000,-36.475940,1179747.693800,-716000.435110,-37.768753,762376.000000,445206.976880,734540.716920,37.737474,204110450.000000,119855697.344500,-345058.000000,-0.168769,-3726035.990425,-3.015038,0.856700,0.006900,0.811956,46.140000,53.860000,2.490300,0.000900,0.036153,71.350000,28.650000,1.012100,0.012900,1.291033,50.300000,49.700000,binance_kline_quote_asset_volume,0.000000,0.000000,0.000000,0.000000,OK
103,2026-06-05 15:00:00 UTC,HUSDT,0.582290,0.586040,0.565110,0.568560,-0.013730,-2.357932,-2.357932,3.594429,41.401914,43898,5071,13.060499,2316752.000000,295708.000000,14.631448,1329024.697290,149277.003490,12.653299,1030621.000000,591401.585580,737623.111710,44.498916,203743964.000000,118641401.973932,-366486.000000,-0.179553,-1214295.370568,-1.013131,0.857000,0.000300,0.035018,46.150000,53.850000,2.487300,-0.003000,-0.120467,71.320000,28.680000,1.012900,0.000800,0.079044,50.320000,49.680000,binance_kline_quote_asset_volume,0.000000,0.000000,0.000000,0.000000,OK
104,2026-06-05 15:15:00 UTC,HUSDT,0.568520,0.582660,0.568100,0.579740,0.011180,1.966371,1.973545,2.561036,46.824650,43652,-246,-0.560390,2116891.000000,-199861.000000,-8.626776,1221020.989860,-108003.707430,-8.126539,1057824.000000,610060.844540,610960.145320,49.963174,203344195.000000,115546271.924850,-399769.000000,-0.196211,-3095130.049082,-2.608811,0.846400,-0.010600,-1.236873,45.840000,54.160000,2.489200,0.001900,0.076388,71.340000,28.660000,0.998800,-0.014100,-1.392043,49.970000,50.030000,binance_kline_quote_asset_volume,0.000000,0.000000,0.000000,0.000000,OK
105,2026-06-05 15:30:00 UTC,HUSDT,0.579730,0.584090,0.572000,0.577270,-0.002470,-0.426053,-0.424335,2.085454,45.815883,48045,4393,10.063686,2476174.000000,359283.000000,16.972201,1431307.095760,210286.105900,17.222153,1070348.000000,618965.972600,812341.123160,43.244806,202914803.000000,117641886.187280,-429392.000000,-0.211165,2095614.262430,1.813658,0.855600,0.009200,1.086957,46.110000,53.890000,2.483800,-0.005400,-0.216937,71.300000,28.700000,1.004800,0.006000,0.600721,50.120000,49.880000,binance_kline_quote_asset_volume,0.000000,0.000000,0.000000,0.000000,OK
106,2026-06-05 15:45:00 UTC,HUSDT,0.577280,0.583690,0.576000,0.580020,0.002750,0.476380,0.474640,1.332109,47.180256,118904,70859,147.484650,4405650.000000,1929476.000000,77.921665,2553279.413470,1121972.317710,78.387952,2091283.000000,1212055.265520,1341224.147950,47.470530,202375139.000000,116825096.490530,-539664.000000,-0.265956,-816789.696750,-0.694302,0.844700,-0.010900,-1.273960,45.790000,54.210000,2.494700,0.010900,0.438844,71.390000,28.610000,0.980600,-0.024200,-2.408439,49.510000,50.490000,binance_kline_quote_asset_volume,0.000000,0.000000,0.000000,0.000000,OK
107,2026-06-05 16:00:00 UTC,HUSDT,0.579970,0.581290,0.552600,0.557810,-0.022210,-3.829178,-3.820887,4.946808,38.703785,72414,-46490,-39.098769,4184132.000000,-221518.000000,-5.028044,2373466.770130,-179812.643340,-7.042419,1702656.000000,967781.798930,1405684.971200,40.775030,201932182.000000,117199419.110980,-442957.000000,-0.218879,374322.620450,0.320413,0.845000,0.000300,0.035516,45.800000,54.200000,2.506200,0.011500,0.460977,71.480000,28.520000,0.979400,-0.001200,-0.122374,49.480000,50.520000,binance_kline_quote_asset_volume,0.000000,0.000000,0.000000,0.000000,OK
108,2026-06-05 16:15:00 UTC,HUSDT,0.557540,0.564960,0.556250,0.560210,0.002400,0.430254,0.478889,1.562220,39.959090,34739,-37675,-52.027232,2139559.000000,-2044573.000000,-48.864926,1200007.980000,-1173458.790130,-49.440709,812574.000000,455813.790670,744194.189330,37.984230,201458186.000000,112125582.582020,-473996.000000,-0.234730,-5073836.528960,-4.329234,0.846400,0.001400,0.165680,45.840000,54.160000,2.512900,0.006700,0.267337,71.530000,28.470000,0.988100,0.008700,0.888299,49.700000,50.300000,binance_kline_quote_asset_volume,0.000000,0.000000,0.000000,0.000000,OK
109,2026-06-05 16:30:00 UTC,HUSDT,0.560200,0.578060,0.557070,0.576920,0.016710,2.982810,2.984648,3.746876,47.951439,30411,-4328,-12.458620,1486330.000000,-653229.000000,-30.531011,842807.186170,-357200.793830,-29.766535,794677.000000,451233.274900,391573.911270,53.539325,201253468.000000,112841189.354509,-204718.000000,-0.101618,715606.772489,0.638219,0.844700,-0.001700,-0.200851,45.790000,54.210000,2.518500,0.005600,0.222850,71.580000,28.420000,0.992400,0.004300,0.435179,49.810000,50.190000,binance_kline_quote_asset_volume,0.000000,0.000000,0.000000,0.000000,OK
110,2026-06-05 16:45:00 UTC,HUSDT,0.576890,0.583670,0.575840,0.577690,0.000770,0.133467,0.138675,1.357278,48.293005,22542,-7869,-25.875506,1250874.000000,-235456.000000,-15.841435,726283.088530,-116524.097640,-13.825712,594822.000000,345471.488900,380811.599630,47.567057,201181742.000000,115980660.658687,-71726.000000,-0.035640,3139471.304178,2.782203,0.838900,-0.005800,-0.686634,45.620000,54.380000,2.512600,-0.005900,-0.234266,71.530000,28.470000,0.980200,-0.012200,-1.229343,49.500000,50.500000,binance_kline_quote_asset_volume,0.000000,0.000000,0.000000,0.000000,OK
111,2026-06-05 17:00:00 UTC,HUSDT,0.577710,0.585880,0.572170,0.581330,0.003640,0.630096,0.626612,2.373163,49.964631,22493,-49,-0.217372,1101246.000000,-149628.000000,-11.961876,638387.021110,-87896.067420,-12.102177,602985.000000,349844.197180,288542.823930,54.801270,201188605.000000,116298320.489601,6863.000000,0.003411,317659.830914,0.273890,0.832800,-0.006100,-0.727143,45.440000,54.560000,2.508300,-0.004300,-0.171137,71.500000,28.500000,0.975500,-0.004700,-0.479494,49.380000,50.620000,binance_kline_quote_asset_volume,0.000000,0.000000,0.000000,0.000000,OK
112,2026-06-05 17:15:00 UTC,HUSDT,0.581310,0.589940,0.577340,0.589340,0.008010,1.377875,1.381363,2.167518,53.525229,18852,-3641,-16.187258,776109.000000,-325137.000000,-29.524466,452380.730040,-186006.291070,-29.136916,368431.000000,214941.339820,237439.390220,47.513372,201109677.000000,116905051.217906,-78928.000000,-0.039231,606730.728305,0.521702,0.828500,-0.004300,-0.516330,45.310000,54.690000,2.507900,-0.000400,-0.015947,71.490000,28.510000,0.966200,-0.009300,-0.953357,49.140000,50.860000,binance_kline_quote_asset_volume,0.000000,0.000000,0.000000,0.000000,OK
113,2026-06-05 17:30:00 UTC,HUSDT,0.589210,0.596670,0.587450,0.596090,0.006750,1.145349,1.167665,1.564807,56.344523,26043,7191,38.144494,1192230.000000,416121.000000,53.616309,705900.083770,253519.353730,56.041148,566290.000000,335459.679520,370440.404250,47.522261,201047550.000000,118445153.607000,-62127.000000,-0.030892,1540102.389094,1.317396,0.830800,0.002300,0.277610,45.380000,54.620000,2.504200,-0.003700,-0.147534,71.460000,28.540000,0.975900,0.009700,1.003933,49.390000,50.610000,binance_kline_quote_asset_volume,0.000000,0.000000,0.000000,0.000000,OK
114,2026-06-05 17:45:00 UTC,HUSDT,0.596100,0.596150,0.581460,0.581600,-0.014490,-2.430841,-2.432478,2.464352,49.414609,20063,-5980,-22.962024,1178393.000000,-13837.000000,-1.160598,692557.596570,-13342.487200,-1.890138,411653.000000,242012.569090,450545.027480,34.944757,200943308.000000,119701468.415425,-104242.000000,-0.051849,1256314.808425,1.060672,0.825500,-0.005300,-0.637939,45.220000,54.780000,2.501200,-0.003000,-0.119799,71.440000,28.560000,0.971600,-0.004300,-0.440619,49.280000,50.720000,binance_kline_quote_asset_volume,0.000000,0.000000,0.000000,0.000000,OK
115,2026-06-05 18:00:00 UTC,HUSDT,0.581580,0.591260,0.579440,0.588140,0.006540,1.124484,1.127962,2.032395,52.268115,40392,20329,101.325824,1910416.000000,732023.000000,62.120447,1118590.034800,426032.438230,61.515813,634838.000000,371644.422780,746945.612020,33.224364,200792671.000000,116762946.113210,-150637.000000,-0.074965,-2938522.302215,-2.454876,0.825500,0.000000,0.000000,45.220000,54.780000,2.503400,0.002200,0.087958,71.460000,28.540000,0.966600,-0.005000,-0.514615,49.150000,50.850000,binance_kline_quote_asset_volume,0.000000,0.000000,0.000000,0.000000,OK
116,2026-06-05 18:15:00 UTC,HUSDT,0.588140,0.598220,0.587320,0.595530,0.007390,1.256504,1.256504,1.853300,55.334173,46039,5647,13.980491,2448816.000000,538400.000000,28.182344,1451958.345490,333368.310690,29.802546,989799.000000,586980.112830,864978.232660,40.426787,200482428.000000,117870550.098736,-310243.000000,-0.154509,1107603.985526,0.948592,0.814900,-0.010600,-1.284070,44.900000,55.100000,2.502000,-0.001400,-0.055924,71.440000,28.560000,0.959600,-0.007000,-0.724188,48.970000,51.030000,binance_kline_quote_asset_volume,0.000000,0.000000,0.000000,0.000000,OK
117,2026-06-05 18:30:00 UTC,HUSDT,0.595550,0.598800,0.591030,0.593810,-0.001720,-0.288818,-0.292167,1.304676,54.457380,42646,-3393,-7.369839,2446549.000000,-2267.000000,-0.092575,1455230.835660,3272.490170,0.225385,936629.000000,557055.103550,898175.732110,38.279501,199846449.000000,119174253.070366,-635979.000000,-0.317224,1303702.971630,1.106046,0.814200,-0.000700,-0.085900,44.880000,55.120000,2.495600,-0.006400,-0.255795,71.390000,28.610000,0.961600,0.002000,0.208420,49.020000,50.980000,binance_kline_quote_asset_volume,0.000000,0.000000,0.000000,0.000000,OK
118,2026-06-05 18:45:00 UTC,HUSDT,0.593810,0.597050,0.584500,0.595630,0.001820,0.306495,0.306495,2.113471,55.265131,41618,-1028,-2.410543,2654017.000000,207468.000000,8.480026,1569739.516330,114508.680670,7.868764,988315.000000,584718.097640,985021.418690,37.249371,199186784.000000,118272762.099837,-659665.000000,-0.330086,-901490.970528,-0.756448,0.824200,0.010000,1.228199,45.180000,54.820000,2.488700,-0.006900,-0.276487,71.340000,28.660000,0.971200,0.009600,0.998336,49.270000,50.730000,binance_kline_quote_asset_volume,0.000000,0.000000,0.000000,0.000000,OK
119,2026-06-05 19:00:00 UTC,HUSDT,0.595660,0.597660,0.590650,0.592690,-0.002940,-0.493595,-0.498607,1.176846,53.610985,39511,-2107,-5.062713,2288619.000000,-365398.000000,-13.767734,1360253.777110,-209485.739220,-13.345255,877575.000000,521716.227610,838537.549500,38.354330,198509808.000000,118446981.119796,-676976.000000,-0.339870,174219.019959,0.147303,0.827500,0.003300,0.400388,45.280000,54.720000,2.496000,0.007300,0.293326,71.400000,28.600000,0.968500,-0.002700,-0.278007,49.200000,50.800000,binance_kline_quote_asset_volume,0.000000,0.000000,0.000000,0.000000,OK
120,2026-06-05 19:15:00 UTC,HUSDT,0.592620,0.592880,0.583630,0.587430,-0.005260,-0.887479,-0.875772,1.560865,50.687844,42748,3237,8.192655,2467505.000000,178886.000000,7.816329,1449916.972430,89663.195320,6.591652,905752.000000,532185.490350,917731.482080,36.704549,197980558.000000,117383834.984075,-529250.000000,-0.266612,-1063146.135721,-0.897571,0.842300,0.014800,1.788520,45.720000,54.280000,2.488500,-0.007500,-0.300481,71.330000,28.670000,0.983300,0.014800,1.528136,49.580000,50.420000,binance_kline_quote_asset_volume,0.000000,0.000000,0.000000,0.000000,OK
121,2026-06-05 19:30:00 UTC,HUSDT,0.587350,0.592150,0.583000,0.588210,0.000780,0.132782,0.146420,1.557845,51.113519,35417,-7331,-17.149340,2070070.000000,-397435.000000,-16.106756,1215642.195370,-234274.777060,-16.157806,727798.000000,427550.347230,788091.848140,35.170739,197545962.000000,115914044.122740,-434596.000000,-0.219514,-1469790.861335,-1.252124,0.837600,-0.004700,-0.557996,45.580000,54.420000,2.485000,-0.003500,-0.140647,71.310000,28.690000,0.977500,-0.005800,-0.589851,49.430000,50.570000,binance_kline_quote_asset_volume,0.000000,0.000000,0.000000,0.000000,OK
122,2026-06-05 19:45:00 UTC,HUSDT,0.588230,0.598980,0.587900,0.596620,0.008410,1.429761,1.426313,1.883617,55.567153,48935,13518,38.168111,3135305.000000,1065235.000000,51.458888,1861991.694460,646349.499090,53.169387,1185800.000000,704671.854170,1157319.840290,37.845059,197223790.000000,115982334.942778,-322172.000000,-0.163087,68290.820038,0.058915,0.844000,0.006400,0.764088,45.770000,54.230000,2.480900,-0.004100,-0.164990,71.270000,28.730000,0.983300,0.005800,0.593350,49.580000,50.420000,binance_kline_quote_asset_volume,0.000000,0.000000,0.000000,0.000000,OK
123,2026-06-05 20:00:00 UTC,HUSDT,0.596440,0.599000,0.586040,0.591190,-0.005430,-0.910127,-0.880223,2.172892,52.256923,37006,-11929,-24.377235,2032828.000000,-1102477.000000,-35.163309,1207009.603290,-654982.091170,-35.176424,868179.000000,515624.663260,691384.940030,42.719185,196893598.000000,117486368.578944,-330192.000000,-0.167420,1504033.636166,1.296778,0.846700,0.002700,0.319905,45.850000,54.150000,2.473800,-0.007100,-0.286186,71.210000,28.790000,0.986500,0.003200,0.325435,49.660000,50.340000,binance_kline_quote_asset_volume,0.000000,0.000000,0.000000,0.000000,OK
124,2026-06-05 20:15:00 UTC,HUSDT,0.591020,0.597040,0.588910,0.589400,-0.001790,-0.302779,-0.274102,1.375588,51.174660,22562,-14444,-39.031508,911584.000000,-1121244.000000,-55.156855,540583.453660,-666426.149630,-55.212995,397670.000000,235856.232670,304727.220990,43.629939,196414259.000000,116178647.262410,-479339.000000,-0.243451,-1307721.316535,-1.113083,0.849500,0.002800,0.330696,45.930000,54.070000,2.476600,0.002800,0.113186,71.240000,28.760000,0.993200,0.006700,0.679169,49.830000,50.170000,binance_kline_quote_asset_volume,0.000000,0.000000,0.000000,0.000000,OK
125,2026-06-05 20:30:00 UTC,HUSDT,0.589500,0.592800,0.588210,0.589400,0.000000,0.000000,-0.016964,0.778626,51.174660,19354,-3208,-14.218598,746749.000000,-164835.000000,-18.082261,440874.536200,-99708.917460,-18.444685,330020.000000,194848.158700,246026.377500,44.195830,196191424.000000,115620187.232950,-222835.000000,-0.113452,-558460.029459,-0.480691,0.854300,0.004800,0.565038,46.070000,53.930000,2.476000,-0.000600,-0.024227,71.230000,28.770000,0.990000,-0.003200,-0.322191,49.750000,50.250000,binance_kline_quote_asset_volume,0.000000,0.000000,0.000000,0.000000,OK
126,2026-06-05 20:45:00 UTC,HUSDT,0.589410,0.595820,0.587050,0.587600,-0.001800,-0.305395,-0.307087,1.487929,49.967770,18619,-735,-3.797665,718034.000000,-28715.000000,-3.845335,424020.340250,-16854.195950,-3.822901,297492.000000,175677.129950,248343.210300,41.431298,196043651.000000,115526563.097790,-147773.000000,-0.075321,-93624.135160,-0.080976,0.850800,-0.003500,-0.409692,45.970000,54.030000,2.474700,-0.001300,-0.052504,71.220000,28.780000,0.988500,-0.001500,-0.151515,49.710000,50.290000,binance_kline_quote_asset_volume,0.000000,0.000000,0.000000,0.000000,OK
127,2026-06-05 21:00:00 UTC,HUSDT,0.587670,0.594460,0.587360,0.592450,0.004850,0.825391,0.813382,1.208161,53.172336,18297,-322,-1.729416,832885.000000,114851.000000,15.995204,492953.728320,68933.388070,16.257095,358244.000000,211969.652780,280984.075540,42.999909,195900839.000000,115199033.884004,-142812.000000,-0.072847,-327529.213786,-0.283510,0.856300,0.005500,0.646450,46.130000,53.870000,2.474700,0.000000,0.000000,71.220000,28.780000,0.991600,0.003100,0.313606,49.790000,50.210000,binance_kline_quote_asset_volume,0.000000,0.000000,0.000000,0.000000,OK
128,2026-06-05 21:15:00 UTC,HUSDT,0.592360,0.596120,0.585090,0.586300,-0.006150,-1.038062,-1.023027,1.862043,48.895648,9682,-8615,-47.084221,602904.000000,-229981.000000,-27.612576,356612.335740,-136341.392580,-27.658051,215135.000000,127267.793480,229344.542260,35.687995,195776719.000000,115954635.129320,-124120.000000,-0.063359,755601.245316,0.655909,0.864300,0.008000,0.934252,46.360000,53.640000,2.473900,-0.000800,-0.032327,71.210000,28.790000,0.998800,0.007200,0.726099,49.970000,50.030000,binance_kline_quote_asset_volume,0.000000,0.000000,0.000000,0.000000,OK
129,2026-06-05 21:30:00 UTC,HUSDT,0.586300,0.590690,0.586120,0.587800,0.001500,0.255842,0.255842,0.779464,49.952955,9629,-53,-0.547408,616677.000000,13773.000000,2.284443,362541.908590,5929.572850,1.662750,283908.000000,166948.543770,195593.364820,46.049447,195672619.000000,114732640.150650,-104100.000000,-0.053173,-1221994.978670,-1.053856,0.871600,0.007300,0.844614,46.570000,53.430000,2.475400,0.001500,0.060633,71.230000,28.770000,1.006000,0.007200,0.720865,50.150000,49.850000,binance_kline_quote_asset_volume,0.000000,0.000000,0.000000,0.000000,OK
130,2026-06-05 21:45:00 UTC,HUSDT,0.587970,0.592410,0.586920,0.590780,0.002980,0.506975,0.477916,0.933721,52.074347,12768,3139,32.599439,609156.000000,-7521.000000,-1.219601,358692.170190,-3849.738400,-1.061874,214041.000000,126080.700140,232611.470050,35.150112,195497071.000000,114939208.768804,-175548.000000,-0.089715,206568.618154,0.180043,0.867800,-0.003800,-0.435980,46.460000,53.540000,2.477200,0.001800,0.072716,71.240000,28.760000,1.003600,-0.002400,-0.238569,50.090000,49.910000,binance_kline_quote_asset_volume,0.000000,0.000000,0.000000,0.000000,OK
131,2026-06-05 22:00:00 UTC,HUSDT,0.590670,0.592390,0.587970,0.592230,0.001450,0.245438,0.264107,0.748303,53.115720,15652,2884,22.587719,692200.000000,83044.000000,13.632633,408459.000990,49766.830800,13.874524,303878.000000,179342.378960,229116.622030,43.907070,195311312.000000,115371724.021548,-185759.000000,-0.095019,432515.252744,0.376299,0.871600,0.003800,0.437889,46.570000,53.430000,2.476400,-0.000800,-0.032295,71.230000,28.770000,1.009600,0.006000,0.597848,50.240000,49.760000,binance_kline_quote_asset_volume,0.000000,0.000000,0.000000,0.000000,OK
132,2026-06-05 22:15:00 UTC,HUSDT,0.592160,0.595750,0.591040,0.594060,0.001830,0.309002,0.320859,0.795393,54.460629,19373,3721,23.773320,860204.000000,168004.000000,24.271020,510671.322160,102212.321170,25.023888,364636.000000,216498.420520,294172.901640,42.394866,195151697.000000,115546400.324313,-159615.000000,-0.081723,174676.302765,0.151403,0.870200,-0.001400,-0.160624,46.530000,53.470000,2.475000,-0.001400,-0.056534,71.220000,28.780000,1.001200,-0.008400,-0.832013,50.030000,49.970000,binance_kline_quote_asset_volume,0.000000,0.000000,0.000000,0.000000,OK
133,2026-06-05 22:30:00 UTC,HUSDT,0.594100,0.594600,0.590610,0.592450,-0.001610,-0.271016,-0.277731,0.671604,53.019636,17824,-1549,-7.995664,698751.000000,-161453.000000,-18.769152,414125.376620,-96545.945540,-18.905692,303891.000000,180102.833430,234022.543190,43.489929,194961547.000000,115867596.997570,-190150.000000,-0.097437,321196.673257,0.277981,0.872000,0.001800,0.206849,46.580000,53.420000,2.473500,-0.001500,-0.060606,71.210000,28.790000,1.006400,0.005200,0.519377,50.160000,49.840000,binance_kline_quote_asset_volume,0.000000,0.000000,0.000000,0.000000,OK
134,2026-06-05 22:45:00 UTC,HUSDT,0.592450,0.592450,0.588310,0.590690,-0.001760,-0.297071,-0.297071,0.698793,51.417992,14541,-3283,-18.418986,607499.000000,-91252.000000,-13.059302,358427.981280,-55697.395340,-13.449404,228488.000000,134811.618270,223616.363010,37.611912,194798876.000000,115474825.704040,-162671.000000,-0.083437,-392771.293530,-0.338983,0.877600,0.005600,0.642202,46.740000,53.260000,2.470100,-0.003400,-0.137457,71.180000,28.820000,1.012900,0.006500,0.645866,50.320000,49.680000,binance_kline_quote_asset_volume,0.000000,0.000000,0.000000,0.000000,OK
135,2026-06-05 23:00:00 UTC,HUSDT,0.590690,0.592200,0.587150,0.587680,-0.003010,-0.509574,-0.509574,0.854932,48.708001,16437,1896,13.038993,763816.000000,156317.000000,25.731236,450619.715070,92191.733790,25.721132,312148.000000,184193.046390,266426.668680,40.875497,194587017.000000,114935658.669758,-211859.000000,-0.108758,-539167.034282,-0.466913,0.874800,-0.002800,-0.319052,46.660000,53.340000,2.468500,-0.001600,-0.064775,71.170000,28.830000,1.012500,-0.000400,-0.039491,50.310000,49.690000,binance_kline_quote_asset_volume,0.000000,0.000000,0.000000,0.000000,OK
136,2026-06-05 23:15:00 UTC,HUSDT,0.587700,0.588750,0.579970,0.581650,-0.006030,-1.026069,-1.029437,1.493960,43.735011,13708,-2729,-16.602786,939584.000000,175768.000000,23.011825,548233.566190,97613.851120,21.662135,337942.000000,197146.982980,351086.583210,35.960400,194419594.000000,114256530.332271,-167423.000000,-0.086040,-679128.337487,-0.590877,0.879700,0.004900,0.560128,46.800000,53.200000,2.466800,-0.001700,-0.068868,71.160000,28.840000,1.018200,0.005700,0.562963,50.450000,49.550000,binance_kline_quote_asset_volume,0.000000,0.000000,0.000000,0.000000,OK
137,2026-06-05 23:30:00 UTC,HUSDT,0.581610,0.599430,0.578850,0.582250,0.000600,0.103155,0.110039,3.538454,44.343915,25405,11697,85.329734,2708402.000000,1768818.000000,188.255441,1589289.168320,1041055.602130,189.892715,1379743.000000,810549.875030,778739.293290,51.000780,194231186.000000,112982998.970372,-188408.000000,-0.096908,-1273531.361899,-1.114625,0.873700,-0.006000,-0.682051,46.630000,53.370000,2.468600,0.001800,0.072969,71.170000,28.830000,1.018200,0.000000,0.000000,50.450000,49.550000,binance_kline_quote_asset_volume,0.000000,0.000000,0.000000,0.000000,OK
138,2026-06-05 23:45:00 UTC,HUSDT,0.582250,0.589240,0.580920,0.587400,0.005150,0.884500,0.884500,1.428939,49.405158,17697,-7708,-30.340484,1189043.000000,-1519359.000000,-56.097987,695414.429140,-893874.739180,-56.243682,517057.000000,302325.102230,393089.326910,43.474091,194394345.000000,113191939.206600,163159.000000,0.084002,208940.236228,0.184931,0.859400,-0.014300,-1.636717,46.220000,53.780000,2.472900,0.004300,0.174188,71.210000,28.790000,0.998800,-0.019400,-1.905323,49.970000,50.030000,binance_kline_quote_asset_volume,0.000000,0.000000,0.000000,0.000000,OK
139,2026-06-06 00:00:00 UTC,HUSDT,0.587410,0.590570,0.585450,0.589460,0.002060,0.350698,0.348990,0.871623,51.312407,13926,-3771,-21.308696,861141.000000,-327902.000000,-27.576967,506428.760370,-188985.668770,-27.175977,321951.000000,189332.799920,317095.960450,37.385870,194211423.000000,114116241.412183,-182922.000000,-0.094098,924302.205583,0.816580,0.846700,-0.012700,-1.477775,45.850000,54.150000,2.476200,0.003300,0.133447,71.230000,28.770000,0.984900,-0.013900,-1.391670,49.620000,50.380000,binance_kline_quote_asset_volume,0.000000,0.000000,0.000000,0.000000,OK
140,2026-06-06 00:15:00 UTC,HUSDT,0.589490,0.592500,0.587360,0.589860,0.000400,0.067859,0.062766,0.871940,51.693199,14094,168,1.206377,755415.000000,-105726.000000,-12.277432,445452.093180,-60976.667190,-12.040522,259840.000000,153256.054280,292196.038900,34.404610,193934834.000000,114307130.507940,-276589.000000,-0.142416,190889.095757,0.167276,0.845700,-0.001000,-0.118106,45.820000,54.180000,2.474300,-0.001900,-0.076730,71.220000,28.780000,0.984100,-0.000800,-0.081227,49.600000,50.400000,binance_kline_quote_asset_volume,0.000000,0.000000,0.000000,0.000000,OK
141,2026-06-06 00:30:00 UTC,HUSDT,0.589990,0.594000,0.582980,0.584640,-0.005220,-0.884956,-0.906795,1.867828,46.573942,18923,4829,34.262807,1544776.000000,789361.000000,104.493689,908697.860510,463245.767330,103.994520,473521.000000,278371.658070,630326.202440,30.634127,193675703.000000,114197878.237311,-259131.000000,-0.133618,-109252.270629,-0.095578,0.849800,0.004100,0.484805,45.940000,54.060000,2.472800,-0.001500,-0.060623,71.200000,28.800000,0.988100,0.004000,0.406463,49.700000,50.300000,binance_kline_quote_asset_volume,0.000000,0.000000,0.000000,0.000000,OK
142,2026-06-06 00:45:00 UTC,HUSDT,0.584650,0.586430,0.579930,0.580390,-0.004250,-0.726943,-0.728641,1.111776,42.852961,15763,-3160,-16.699255,1240885.000000,-303891.000000,-19.672173,723359.464410,-185338.396100,-20.396042,364597.000000,212517.973010,510841.491400,29.379304,193217844.000000,112972371.176657,-457859.000000,-0.236405,-1225507.060653,-1.073143,0.858000,0.008200,0.964933,46.180000,53.820000,2.470400,-0.002400,-0.097056,71.190000,28.810000,1.000800,0.012700,1.285295,50.020000,49.980000,binance_kline_quote_asset_volume,0.000000,0.000000,0.000000,0.000000,OK
143,2026-06-06 01:00:00 UTC,HUSDT,0.580380,0.581760,0.576000,0.578110,-0.002280,-0.392839,-0.391123,0.992453,40.962235,16357,594,3.768318,1114655.000000,-126230.000000,-10.172578,645390.911490,-77968.552920,-10.778673,360600.000000,208840.284800,436550.626690,32.358727,192731765.000000,111871914.284722,-486079.000000,-0.251570,-1100456.891936,-0.974094,0.860500,0.002500,0.291375,46.250000,53.750000,2.468800,-0.001600,-0.064767,71.170000,28.830000,1.001600,0.000800,0.079936,50.040000,49.960000,binance_kline_quote_asset_volume,0.000000,0.000000,0.000000,0.000000,OK
144,2026-06-06 01:15:00 UTC,HUSDT,0.578120,0.585090,0.577790,0.583220,0.005110,0.883915,0.882170,1.262714,46.644219,14122,-2235,-13.663875,761586.000000,-353069.000000,-31.675182,442165.806210,-203225.105280,-31.488684,263381.000000,152940.171710,289225.634500,34.588874,192457969.000000,111261876.458590,-273796.000000,-0.142061,-610037.826132,-0.545300,0.839200,-0.021300,-2.475305,45.630000,54.370000,2.471300,0.002500,0.101264,71.190000,28.810000,0.988100,-0.013500,-1.347843,49.700000,50.300000,binance_kline_quote_asset_volume,0.000000,0.000000,0.000000,0.000000,OK
145,2026-06-06 01:30:00 UTC,HUSDT,0.583230,0.587500,0.581350,0.581360,-0.001860,-0.318919,-0.320628,1.054473,44.948469,15677,1555,11.011188,700015.000000,-61571.000000,-8.084576,409178.063910,-32987.742300,-7.460491,250795.000000,146598.471130,262579.592780,35.827549,192231075.000000,112105181.834437,-226894.000000,-0.117893,843305.375847,0.757946,0.831200,-0.008000,-0.953289,45.390000,54.610000,2.471800,0.000500,0.020232,71.200000,28.800000,0.977800,-0.010300,-1.042405,49.440000,50.560000,binance_kline_quote_asset_volume,0.000000,0.000000,0.000000,0.000000,OK
146,2026-06-06 01:45:00 UTC,HUSDT,0.581370,0.583620,0.579630,0.580230,-0.001130,-0.194372,-0.196089,0.686310,43.904182,16518,841,5.364547,652025.000000,-47990.000000,-6.855567,378951.298360,-30226.765550,-7.387191,272399.000000,158320.411910,220630.886450,41.778564,192067309.000000,111690810.589775,-163766.000000,-0.085192,-414371.244662,-0.369627,0.823800,-0.007400,-0.890279,45.170000,54.830000,2.469800,-0.002000,-0.080913,71.180000,28.820000,0.968100,-0.009700,-0.992023,49.190000,50.810000,binance_kline_quote_asset_volume,0.000000,0.000000,0.000000,0.000000,OK
147,2026-06-06 02:00:00 UTC,HUSDT,0.580360,0.587800,0.578820,0.584330,0.004100,0.706616,0.684058,1.547315,48.572798,12257,-4261,-25.796101,593186.000000,-58839.000000,-9.024040,346447.179620,-32504.118740,-8.577387,288158.000000,168378.685750,178068.493870,48.601546,191843632.000000,111320093.324699,-223677.000000,-0.116458,-370717.265076,-0.331914,0.830200,0.006400,0.776888,45.360000,54.640000,2.467000,-0.002800,-0.113370,71.160000,28.840000,0.977800,0.009700,1.001963,49.440000,50.560000,binance_kline_quote_asset_volume,0.000000,0.000000,0.000000,0.000000,OK
148,2026-06-06 02:15:00 UTC,HUSDT,0.584370,0.586510,0.581430,0.583130,-0.001200,-0.205363,-0.212194,0.869312,47.331182,8544,-3713,-30.292894,344965.000000,-248221.000000,-41.845391,201399.387660,-145047.791960,-41.867217,180954.000000,105637.780170,95761.607490,52.451887,191762379.000000,112052510.921070,-81253.000000,-0.042354,732417.596371,0.657938,0.839900,0.009700,1.168393,45.650000,54.350000,2.516800,0.049800,2.018646,71.560000,28.440000,0.971200,-0.006600,-0.674985,49.270000,50.730000,binance_kline_quote_asset_volume,0.000000,0.000000,0.000000,0.000000,OK
149,2026-06-06 02:30:00 UTC,HUSDT,0.583230,0.587530,0.581660,0.584440,0.001310,0.224650,0.207465,1.006464,48.867791,10977,2433,28.476124,453575.000000,108610.000000,31.484353,265183.847890,63784.460230,31.670633,248365.000000,145169.842860,120014.005030,54.743094,191674122.000000,111761347.055760,-88257.000000,-0.046024,-291163.865310,-0.259846,0.837600,-0.002300,-0.273842,45.580000,54.420000,2.515800,-0.001000,-0.039733,71.560000,28.440000,0.968500,-0.002700,-0.278007,49.200000,50.800000,binance_kline_quote_asset_volume,0.000000,0.000000,0.000000,0.000000,OK
150,2026-06-06 02:45:00 UTC,HUSDT,0.584340,0.590710,0.583580,0.588090,0.003650,0.624529,0.641750,1.220180,52.983688,9064,-1913,-17.427348,341774.000000,-111801.000000,-24.648845,200985.988830,-64197.859060,-24.208812,180355.000000,106072.767930,94913.220900,52.776200,191624331.000000,112040523.493460,-49791.000000,-0.025977,279176.437700,0.249797,0.838900,0.001300,0.155205,45.620000,54.380000,2.516100,0.000300,0.011925,71.560000,28.440000,0.972800,0.004300,0.443986,49.310000,50.690000,binance_kline_quote_asset_volume,0.000000,0.000000,0.000000,0.000000,OK
151,2026-06-06 03:00:00 UTC,HUSDT,0.588090,0.590470,0.585600,0.589100,0.001010,0.171742,0.171742,0.828105,54.085068,12982,3918,43.225949,497381.000000,155607.000000,45.529209,292813.731180,91827.742350,45.688629,261565.000000,153981.440790,138832.290390,52.586824,191579968.000000,112684791.079825,-44363.000000,-0.023151,644267.586365,0.575031,0.836200,-0.002700,-0.321850,45.540000,54.460000,2.515500,-0.000600,-0.023846,71.550000,28.450000,0.971600,-0.001200,-0.123355,49.280000,50.720000,binance_kline_quote_asset_volume,0.000000,0.000000,0.000000,0.000000,OK
152,2026-06-06 03:15:00 UTC,HUSDT,0.589100,0.590580,0.578480,0.580050,-0.009050,-1.536242,-1.536242,2.053981,44.113341,10931,-2051,-15.798798,619603.000000,122222.000000,24.573114,361418.953860,68605.222680,23.429647,253337.000000,147880.879430,213538.074430,40.916747,191604825.000000,112871658.626406,24857.000000,0.012975,186867.546581,0.165832,0.842600,0.006400,0.765367,45.730000,54.270000,2.515000,-0.000500,-0.019877,71.550000,28.450000,0.979800,0.008200,0.843969,49.490000,50.510000,binance_kline_quote_asset_volume,0.000000,0.000000,0.000000,0.000000,OK
153,2026-06-06 03:30:00 UTC,HUSDT,0.580110,0.583100,0.577920,0.578310,-0.001740,-0.299974,-0.310286,0.892934,42.491241,7915,-3016,-27.591254,644460.000000,24857.000000,4.011762,373736.646740,12317.692880,3.408148,317450.000000,184151.456840,189585.189900,49.273053,191504110.000000,111138466.123238,-100715.000000,-0.052564,-1733192.503168,-1.535543,0.850500,0.007900,0.937574,45.960000,54.040000,2.515700,0.000700,0.027833,71.560000,28.440000,0.987700,0.007900,0.806287,49.690000,50.310000,binance_kline_quote_asset_volume,0.000000,0.000000,0.000000,0.000000,OK
154,2026-06-06 03:45:00 UTC,HUSDT,0.578250,0.580890,0.577220,0.579680,0.001370,0.236897,0.247298,0.634674,44.230097,8457,542,6.847757,519976.000000,-124484.000000,-19.316017,300972.659900,-72763.986840,-19.469321,248496.000000,143834.654960,157138.004940,47.789940,191446519.000000,110725617.528770,-57591.000000,-0.030073,-412848.594467,-0.371472,0.848400,-0.002100,-0.246914,45.900000,54.100000,2.515200,-0.000500,-0.019875,71.550000,28.450000,0.988500,0.000800,0.080996,49.710000,50.290000,binance_kline_quote_asset_volume,0.000000,0.000000,0.000000,0.000000,OK
155,2026-06-06 04:00:00 UTC,HUSDT,0.579700,0.583980,0.571010,0.572020,-0.007660,-1.321419,-1.324823,2.237364,37.417704,51408,42951,507.875133,3909194.000000,3389218.000000,651.802776,2267057.567260,1966084.907360,653.243689,2793582.000000,1621114.189420,645943.377840,71.507412,191415993.000000,110977097.128816,-30526.000000,-0.015945,251479.600045,0.227120,0.846400,-0.002000,-0.235738,45.840000,54.160000,2.512000,-0.003200,-0.127226,71.530000,28.470000,0.988100,-0.000400,-0.040465,49.700000,50.300000,binance_kline_quote_asset_volume,0.000000,0.000000,0.000000,0.000000,OK
156,2026-06-06 04:15:00 UTC,HUSDT,0.572020,0.572020,0.560560,0.561380,-0.010640,-1.860075,-1.860075,2.003426,30.411049,18715,-32693,-63.595160,1198748.000000,-2710446.000000,-69.335162,677887.352030,-1589170.215230,-70.098362,564085.000000,318911.110980,358976.241050,47.044853,189853412.000000,108757137.864705,-1562581.000000,-0.816327,-2219959.264110,-2.000376,0.837600,-0.008800,-1.039698,45.580000,54.420000,2.502800,-0.009200,-0.366242,71.450000,28.550000,0.973200,-0.014900,-1.507945,49.320000,50.680000,binance_kline_quote_asset_volume,0.000000,0.000000,0.000000,0.000000,OK
157,2026-06-06 04:30:00 UTC,HUSDT,0.561370,0.569280,0.560480,0.562360,0.000980,0.174570,0.176354,1.567594,31.680016,19788,1073,5.733369,1264187.000000,65439.000000,5.458945,714064.242100,36176.890070,5.336711,647282.000000,365661.317200,348402.924900,51.208462,189810966.000000,106774214.651427,-42446.000000,-0.022357,-1982923.213279,-1.823258,0.838600,0.001000,0.119389,45.610000,54.390000,2.504600,0.001800,0.071919,71.470000,28.530000,0.970800,-0.002400,-0.246609,49.260000,50.740000,binance_kline_quote_asset_volume,0.000000,0.000000,0.000000,0.000000,OK
158,2026-06-06 04:45:00 UTC,HUSDT,0.562360,0.569220,0.560980,0.568180,0.005820,1.034924,1.034924,1.465254,38.815644,13384,-6404,-32.363048,687092.000000,-577095.000000,-45.649496,388804.335490,-325259.906610,-45.550510,381190.000000,215683.391320,173120.944170,55.473505,189807930.000000,106772317.004785,-3036.000000,-0.001599,-1897.646642,-0.001777,0.834500,-0.004100,-0.488910,45.490000,54.510000,2.501600,-0.003000,-0.119780,71.440000,28.560000,0.964300,-0.006500,-0.669551,49.090000,50.910000,binance_kline_quote_asset_volume,0.000000,0.000000,0.000000,0.000000,OK
159,2026-06-06 05:00:00 UTC,HUSDT,0.568200,0.573720,0.566990,0.568470,0.000290,0.051040,0.047518,1.184442,39.156646,20934,7550,56.410640,1184339.000000,497247.000000,72.369785,675122.405820,286318.070330,73.640658,394527.000000,224903.036190,450219.369630,33.312927,189810260.000000,107835813.502908,2330.000000,0.001228,1063496.498123,0.996041,0.828200,-0.006300,-0.754943,45.300000,54.700000,2.500400,-0.001200,-0.047969,71.430000,28.570000,0.964600,0.000300,0.031111,49.100000,50.900000,binance_kline_quote_asset_volume,0.000000,0.000000,0.000000,0.000000,OK
160,2026-06-06 05:15:00 UTC,HUSDT,0.568700,0.574290,0.565180,0.572070,0.003600,0.633279,0.592580,1.601899,43.375645,23023,2089,9.978982,1549359.000000,365020.000000,30.820567,882636.386780,207513.980960,30.737238,515674.000000,293814.165770,588822.221010,33.288245,189484438.000000,107843642.964726,-325822.000000,-0.171657,7829.461819,0.007261,0.830800,0.002600,0.313934,45.380000,54.620000,2.496100,-0.004300,-0.171972,71.400000,28.600000,0.968900,0.004300,0.445781,49.210000,50.790000,binance_kline_quote_asset_volume,0.000000,0.000000,0.000000,0.000000,OK
161,2026-06-06 05:30:00 UTC,HUSDT,0.572120,0.576450,0.571180,0.575640,0.003570,0.624050,0.615256,0.921135,47.279771,20009,-3014,-13.091257,945472.000000,-603887.000000,-38.976570,542492.084690,-340144.302090,-38.537308,387782.000000,222551.348420,319940.736270,41.023889,189561861.000000,108504627.281487,77423.000000,0.040860,660984.316760,0.612910,0.827500,-0.003300,-0.397208,45.280000,54.720000,2.495900,-0.000200,-0.008012,71.390000,28.610000,0.965000,-0.003900,-0.402518,49.110000,50.890000,binance_kline_quote_asset_volume,0.000000,0.000000,0.000000,0.000000,OK
162,2026-06-06 05:45:00 UTC,HUSDT,0.575630,0.582000,0.575410,0.581740,0.006100,1.059690,1.061446,1.144833,53.215438,17751,-2258,-11.284922,771462.000000,-174010.000000,-18.404564,446359.996620,-96132.088070,-17.720459,291285.000000,168557.515800,277802.480820,37.762684,189394365.000000,108864392.366785,-167496.000000,-0.088360,359765.085299,0.331567,0.827500,0.000000,0.000000,45.280000,54.720000,2.495200,-0.000700,-0.028046,71.390000,28.610000,0.969700,0.004700,0.487047,49.230000,50.770000,binance_kline_quote_asset_volume,0.000000,0.000000,0.000000,0.000000,OK
163,2026-06-06 06:00:00 UTC,HUSDT,0.581760,0.583990,0.575010,0.581490,-0.000250,-0.042975,-0.046411,1.543592,52.952307,23390,5639,31.767224,1150490.000000,379028.000000,49.131130,666257.565820,219897.569200,49.264623,487254.000000,282035.081070,384222.484750,42.331239,189166794.000000,110075410.219764,-227571.000000,-0.120157,1211017.852978,1.112410,0.833200,0.005700,0.688822,45.450000,54.550000,2.494800,-0.000400,-0.016031,71.390000,28.610000,0.972800,0.003100,0.319687,49.310000,50.690000,binance_kline_quote_asset_volume,0.000000,0.000000,0.000000,0.000000,OK
164,2026-06-06 06:15:00 UTC,HUSDT,0.581410,0.581550,0.573590,0.577180,-0.004310,-0.741199,-0.727542,1.369085,48.499879,19604,-3786,-16.186404,919764.000000,-230726.000000,-20.054585,531432.851560,-134824.714260,-20.236125,371480.000000,214624.127420,316808.724140,40.385935,188964907.000000,109907658.858410,-201887.000000,-0.106724,-167751.361354,-0.152397,0.833200,0.000000,0.000000,45.450000,54.550000,2.496900,0.002100,0.084175,71.400000,28.600000,0.974300,0.001500,0.154194,49.350000,50.650000,binance_kline_quote_asset_volume,0.000000,0.000000,0.000000,0.000000,OK
165,2026-06-06 06:30:00 UTC,HUSDT,0.577180,0.603920,0.575980,0.600900,0.023720,4.109637,4.109637,4.840778,65.628768,33605,14001,71.419098,2171719.000000,1251955.000000,136.116982,1289515.644970,758082.793410,142.648839,810987.000000,481806.296860,807709.348110,37.363354,188783132.000000,108865568.730440,-181775.000000,-0.096195,-1042090.127970,-0.948151,0.834900,0.001700,0.204033,45.500000,54.500000,2.494600,-0.002300,-0.092114,71.380000,28.620000,0.975500,0.001200,0.123165,49.380000,50.620000,binance_kline_quote_asset_volume,0.000000,0.000000,0.000000,0.000000,OK
166,2026-06-06 06:45:00 UTC,HUSDT,0.600880,0.606580,0.579600,0.583310,-0.017590,-2.927276,-2.924045,4.490081,51.855134,36922,3317,9.870555,1977400.000000,-194319.000000,-8.947705,1165221.789080,-124293.855890,-9.638802,831285.000000,489196.932710,676024.856370,41.983160,189044784.000000,113700452.230509,261652.000000,0.138599,4834883.500069,4.441150,0.831200,-0.003700,-0.443167,45.390000,54.610000,2.493200,-0.001400,-0.056121,71.370000,28.630000,0.962300,-0.013200,-1.353152,49.040000,50.960000,binance_kline_quote_asset_volume,0.000000,0.000000,0.000000,0.000000,OK
167,2026-06-06 07:00:00 UTC,HUSDT,0.583290,0.583560,0.578240,0.580580,-0.002730,-0.468019,-0.464606,0.912068,50.097799,26946,-9976,-27.019121,1173651.000000,-803749.000000,-40.646758,681438.166360,-483783.622720,-41.518587,582366.000000,338147.936080,343290.230280,49.622688,188938899.000000,110253537.379689,-105885.000000,-0.056011,-3446914.850820,-3.031575,0.845700,0.014500,1.744466,45.820000,54.180000,2.497300,0.004100,0.164447,71.410000,28.590000,0.980200,0.017900,1.860127,49.500000,50.500000,binance_kline_quote_asset_volume,0.000000,0.000000,0.000000,0.000000,OK
168,2026-06-06 07:15:00 UTC,HUSDT,0.580560,0.584580,0.578920,0.580770,0.000190,0.032726,0.036172,0.974921,50.224231,24630,-2316,-8.594968,1122395.000000,-51256.000000,-4.367227,652107.744580,-29330.421780,-4.304194,522196.000000,303452.597220,348655.147360,46.534120,188625357.000000,109554848.500449,-313542.000000,-0.165949,-698688.879240,-0.633711,0.849100,0.003400,0.402034,45.920000,54.080000,2.494600,-0.002700,-0.108117,71.380000,28.620000,0.988500,0.008300,0.846766,49.710000,50.290000,binance_kline_quote_asset_volume,0.000000,0.000000,0.000000,0.000000,OK
169,2026-06-06 07:30:00 UTC,HUSDT,0.580770,0.589800,0.579070,0.586340,0.005570,0.959072,0.959072,1.847547,53.910797,21263,-3367,-13.670321,1096233.000000,-26162.000000,-2.330908,639273.556190,-12834.188390,-1.968109,463454.000000,270578.020180,368695.536010,42.325858,188321724.000000,109365957.995760,-303633.000000,-0.160971,-188890.504689,-0.172416,0.844300,-0.004800,-0.565304,45.780000,54.220000,2.496800,0.002200,0.088190,71.400000,28.600000,0.985300,-0.003200,-0.323723,49.630000,50.370000,binance_kline_quote_asset_volume,0.000000,0.000000,0.000000,0.000000,OK
170,2026-06-06 07:45:00 UTC,HUSDT,0.586340,0.595430,0.585480,0.594230,0.007890,1.345636,1.345636,1.696968,58.589458,30311,9048,42.552791,1486158.000000,389925.000000,35.569537,877700.201440,238426.645250,37.296497,749788.000000,443022.056310,434678.145130,50.475328,188237137.000000,110369080.537210,-84587.000000,-0.044916,1003122.541450,0.917216,0.849500,0.005200,0.615895,45.930000,54.070000,2.499400,0.002600,0.104133,71.420000,28.580000,0.986100,0.000800,0.081194,49.650000,50.350000,binance_kline_quote_asset_volume,0.000000,0.000000,0.000000,0.000000,OK
171,2026-06-06 08:00:00 UTC,HUSDT,0.594270,0.598550,0.584430,0.591000,-0.003230,-0.543561,-0.550255,2.376024,56.079665,32033,1722,5.681106,1925238.000000,439080.000000,29.544638,1138898.316880,261198.115440,29.759377,820416.000000,485268.291620,653630.025260,42.608570,188033253.000000,111866361.841068,-203884.000000,-0.108312,1497281.303858,1.356613,0.843700,-0.005800,-0.682755,45.760000,54.240000,2.501400,0.002000,0.080019,71.440000,28.560000,0.972800,-0.013300,-1.348748,49.310000,50.690000,binance_kline_quote_asset_volume,0.000000,0.000000,0.000000,0.000000,OK
172,2026-06-06 08:15:00 UTC,HUSDT,0.591000,0.593290,0.586020,0.589320,-0.001680,-0.284264,-0.284264,1.230118,54.765597,13293,-18740,-58.502170,967585.000000,-957653.000000,-49.742058,570128.547300,-568769.769580,-49.940347,577356.000000,340162.187010,229966.360290,59.664121,187891860.000000,111044089.260000,-141393.000000,-0.075196,-822272.581068,-0.735049,0.852900,0.009200,1.090435,46.030000,53.970000,2.497900,-0.003500,-0.139922,71.410000,28.590000,0.988100,0.015300,1.572780,49.700000,50.300000,binance_kline_quote_asset_volume,0.000000,0.000000,0.000000,0.000000,OK
173,2026-06-06 08:30:00 UTC,HUSDT,0.589280,0.592400,0.587230,0.590240,0.000920,0.156112,0.162911,0.877342,55.382169,12761,-532,-4.002106,637019.000000,-330566.000000,-34.164027,375653.592460,-194474.954840,-34.110720,346402.000000,204304.500260,171349.092200,54.386409,187606629.000000,110422286.388264,-285231.000000,-0.151806,-621802.871736,-0.559960,0.854900,0.002000,0.234494,46.090000,53.910000,2.498600,0.000700,0.028024,71.420000,28.580000,0.990000,0.001900,0.192288,49.750000,50.250000,binance_kline_quote_asset_volume,0.000000,0.000000,0.000000,0.000000,OK
174,2026-06-06 08:45:00 UTC,HUSDT,0.590220,0.592040,0.588870,0.589970,-0.000270,-0.045744,-0.042357,0.537088,55.144606,8168,-4593,-35.992477,303416.000000,-333603.000000,-52.369396,179113.865450,-196539.727010,-52.319406,165544.000000,97725.683890,81388.181560,54.560647,187529774.000000,110754790.102655,-76855.000000,-0.040966,332503.714391,0.301120,0.850500,-0.004400,-0.514680,45.960000,54.040000,2.495300,-0.003300,-0.132074,71.390000,28.610000,0.988100,-0.001900,-0.191919,49.700000,50.300000,binance_kline_quote_asset_volume,0.000000,0.000000,0.000000,0.000000,OK
175,2026-06-06 09:00:00 UTC,HUSDT,0.589940,0.593230,0.588190,0.588930,-0.001040,-0.176280,-0.171204,0.854324,54.180541,11041,2873,35.173849,435436.000000,132020.000000,43.511219,257119.258180,78005.392730,43.550728,245461.000000,144951.237440,112168.020740,56.375099,187531815.000000,110636269.577400,2041.000000,0.001088,-118520.525255,-0.107012,0.851200,0.000700,0.082305,45.980000,54.020000,2.493600,-0.001700,-0.068128,71.380000,28.620000,0.987300,-0.000800,-0.080963,49.680000,50.320000,binance_kline_quote_asset_volume,0.000000,0.000000,0.000000,0.000000,OK
176,2026-06-06 09:15:00 UTC,HUSDT,0.589000,0.589150,0.578930,0.581510,-0.007420,-1.259912,-1.271647,1.735144,47.764543,12655,1614,14.618241,799818.000000,364382.000000,83.682103,466764.031890,209644.773710,81.536006,360779.000000,210385.081740,256378.950150,45.073113,187507702.000000,110428910.938860,-24113.000000,-0.012858,-207358.638540,-0.187424,0.852900,0.001700,0.199718,46.030000,53.970000,2.492000,-0.001600,-0.064164,71.360000,28.640000,0.988100,0.000800,0.081029,49.700000,50.300000,binance_kline_quote_asset_volume,0.000000,0.000000,0.000000,0.000000,OK
177,2026-06-06 09:30:00 UTC,HUSDT,0.581610,0.583810,0.574070,0.577800,-0.003710,-0.637994,-0.655078,1.674662,44.901447,10794,-1861,-14.705650,719555.000000,-80263.000000,-10.035158,417032.878840,-49731.153050,-10.654453,250507.000000,145364.939080,271667.939760,34.856949,187447352.000000,108969305.237587,-60350.000000,-0.032185,-1459605.701273,-1.321760,0.856700,0.003800,0.445539,46.140000,53.860000,2.491900,-0.000100,-0.004013,71.360000,28.640000,0.998400,0.010300,1.042405,49.960000,50.040000,binance_kline_quote_asset_volume,0.000000,0.000000,0.000000,0.000000,OK
178,2026-06-06 09:45:00 UTC,HUSDT,0.577950,0.584780,0.576120,0.584740,0.006940,1.201108,1.174842,1.498400,50.837948,10981,187,1.732444,752704.000000,33149.000000,4.606875,436834.678620,19801.799780,4.748259,309247.000000,179648.230040,257186.448580,41.124993,187433662.000000,108560319.350528,-13690.000000,-0.007303,-408985.887059,-0.375322,0.857400,0.000700,0.081709,46.160000,53.840000,2.488300,-0.003600,-0.144468,71.330000,28.670000,0.999600,0.001200,0.120192,49.990000,50.010000,binance_kline_quote_asset_volume,0.000000,0.000000,0.000000,0.000000,OK
179,2026-06-06 10:00:00 UTC,HUSDT,0.584740,0.587500,0.577580,0.578290,-0.006450,-1.103054,-1.103054,1.696480,45.889298,11544,563,5.127038,698257.000000,-54447.000000,-7.233521,407661.928310,-29172.750310,-6.678213,345700.000000,201914.983190,205746.945120,49.530007,187534884.000000,109334712.720840,101222.000000,0.054004,774393.370312,0.713330,0.848800,-0.008600,-1.003032,45.910000,54.090000,2.488600,0.000300,0.012056,71.340000,28.660000,0.986900,-0.012700,-1.270508,49.670000,50.330000,binance_kline_quote_asset_volume,0.000000,0.000000,0.000000,0.000000,OK
180,2026-06-06 10:15:00 UTC,HUSDT,0.578330,0.579790,0.575720,0.577690,-0.000600,-0.103754,-0.110663,0.703750,45.446127,9244,-2300,-19.923770,757256.000000,58999.000000,8.449468,437566.811440,29904.883130,7.335707,480333.000000,277677.941490,159888.869950,63.459553,187557567.000000,108464540.996100,22683.000000,0.012095,-870171.724740,-0.795879,0.843300,-0.005500,-0.647974,45.750000,54.250000,2.489100,0.000500,0.020092,71.340000,28.660000,0.982200,-0.004700,-0.476239,49.550000,50.450000,binance_kline_quote_asset_volume,0.000000,0.000000,0.000000,0.000000,OK
181,2026-06-06 10:30:00 UTC,HUSDT,0.577690,0.585890,0.576150,0.582920,0.005230,0.905330,0.905330,1.686025,49.980668,11165,1921,20.781047,679493.000000,-77763.000000,-10.269050,393935.143860,-43631.667580,-9.971430,417520.000000,242046.982580,151888.161280,61.443358,187297144.000000,108202432.893491,-260423.000000,-0.138850,-262108.102609,-0.241653,0.842000,-0.001300,-0.154156,45.710000,54.290000,2.489100,0.000000,0.000000,71.340000,28.660000,0.978600,-0.003600,-0.366524,49.460000,50.540000,binance_kline_quote_asset_volume,0.000000,0.000000,0.000000,0.000000,OK
182,2026-06-06 10:45:00 UTC,HUSDT,0.582980,0.592560,0.580300,0.591930,0.009010,1.545667,1.535216,2.102988,56.663618,11890,725,6.493506,790133.000000,110640.000000,16.282728,463890.657690,69955.513830,17.758130,549835.000000,322832.067980,141058.589710,69.592276,187265494.000000,109232797.854303,-31650.000000,-0.016898,1030364.960812,0.952257,0.840300,-0.001700,-0.201900,45.660000,54.340000,2.485600,-0.003500,-0.140613,71.310000,28.690000,0.973600,-0.005000,-0.510934,49.330000,50.670000,binance_kline_quote_asset_volume,0.000000,0.000000,0.000000,0.000000,OK
183,2026-06-06 11:00:00 UTC,HUSDT,0.591920,0.599570,0.589090,0.595280,0.003350,0.565945,0.567644,1.770510,58.864284,20708,8818,74.163162,1089634.000000,299501.000000,37.905137,647103.832090,183213.174400,39.494905,490225.000000,291534.314240,355569.517850,45.052169,187269128.000000,110889541.453920,3634.000000,0.001941,1656743.599617,1.516709,0.831200,-0.009100,-1.082947,45.390000,54.610000,2.486900,0.001300,0.052301,71.320000,28.680000,0.960800,-0.012800,-1.314708,49.000000,51.000000,binance_kline_quote_asset_volume,0.000000,0.000000,0.000000,0.000000,OK
184,2026-06-06 11:15:00 UTC,HUSDT,0.595280,0.598500,0.591390,0.597110,0.001830,0.307418,0.307418,1.194396,60.057523,13801,-6907,-33.354259,720801.000000,-368833.000000,-33.849256,429117.784380,-217986.047710,-33.686410,329555.000000,196219.275380,232898.509000,45.726204,187482849.000000,111604790.352720,213721.000000,0.114125,715248.898800,0.645010,0.839200,0.008000,0.962464,45.630000,54.370000,2.481400,-0.005500,-0.221159,71.280000,28.720000,0.968100,0.007300,0.759784,49.190000,50.810000,binance_kline_quote_asset_volume,0.000000,0.000000,0.000000,0.000000,OK
185,2026-06-06 11:30:00 UTC,HUSDT,0.597070,0.599970,0.590610,0.593320,-0.003790,-0.634724,-0.628067,1.567655,56.408112,15587,1786,12.941091,772943.000000,52142.000000,7.233897,461850.916440,32733.132060,7.628006,396355.000000,236942.139320,224908.777120,51.302732,187516103.000000,111994836.339214,33254.000000,0.017737,390045.986493,0.349489,0.842600,0.003400,0.405148,45.730000,54.270000,2.479600,-0.001800,-0.072540,71.260000,28.740000,0.973200,0.005100,0.526805,49.320000,50.680000,binance_kline_quote_asset_volume,0.000000,0.000000,0.000000,0.000000,OK
186,2026-06-06 11:45:00 UTC,HUSDT,0.593320,0.595910,0.588240,0.589530,-0.003790,-0.638778,-0.638778,1.292726,52.943515,14178,-1409,-9.039584,539269.000000,-233674.000000,-30.231725,319445.468370,-142405.448070,-30.833640,280535.000000,166189.296290,153256.172080,52.024309,187540918.000000,111247588.440156,24815.000000,0.013234,-747247.899057,-0.667216,0.857400,0.014800,1.756468,46.160000,53.840000,2.477900,-0.001700,-0.068559,71.250000,28.750000,0.992400,0.019200,1.972873,49.810000,50.190000,binance_kline_quote_asset_volume,0.000000,0.000000,0.000000,0.000000,OK
187,2026-06-06 12:00:00 UTC,HUSDT,0.589510,0.592050,0.586030,0.589990,0.000460,0.078028,0.081424,1.021187,53.318282,13637,-541,-3.815771,780836.000000,241567.000000,44.795269,460141.456040,140695.987670,44.043820,432987.000000,255258.900930,204882.555110,55.474006,187513619.000000,110539278.400500,-27299.000000,-0.014556,-708310.039656,-0.636697,0.858000,0.000600,0.069979,46.180000,53.820000,2.477900,0.000000,0.000000,71.250000,28.750000,0.988500,-0.003900,-0.392987,49.710000,50.290000,binance_kline_quote_asset_volume,0.000000,0.000000,0.000000,0.000000,OK
188,2026-06-06 12:15:00 UTC,HUSDT,0.590000,0.591760,0.588650,0.589490,-0.000500,-0.084747,-0.086441,0.527119,52.825806,8862,-4775,-35.015033,331933.000000,-448903.000000,-57.490049,195801.227250,-264340.228790,-57.447601,189498.000000,111784.473280,84016.753970,57.090793,187431227.000000,110546118.610138,-82392.000000,-0.043939,6840.209638,0.006188,0.857400,-0.000600,-0.069930,46.160000,53.840000,2.475200,-0.002700,-0.108963,71.220000,28.780000,0.992000,0.003500,0.354072,49.800000,50.200000,binance_kline_quote_asset_volume,0.000000,0.000000,0.000000,0.000000,OK
189,2026-06-06 12:30:00 UTC,HUSDT,0.589510,0.615600,0.588690,0.614530,0.025040,4.247740,4.244203,4.564808,68.511643,24536,15674,176.867524,1801274.000000,1469341.000000,442.661923,1087756.233230,891955.005980,455.541070,1213159.000000,732838.312340,354917.920890,67.371557,187432994.000000,110495264.331638,1767.000000,0.000943,-50854.278501,-0.046003,0.857000,-0.000400,-0.046653,46.150000,53.850000,2.474800,-0.000400,-0.016160,71.220000,28.780000,0.987700,-0.004300,-0.433468,49.690000,50.310000,binance_kline_quote_asset_volume,0.000000,0.000000,0.000000,0.000000,OK
190,2026-06-06 12:45:00 UTC,HUSDT,0.614530,0.622000,0.604440,0.610210,-0.004320,-0.702976,-0.702976,2.857468,64.525363,31654,7118,29.010434,2630267.000000,828993.000000,46.022593,1613465.513130,525709.279900,48.329696,1400370.000000,859153.328010,754312.185120,53.248943,187625762.000000,115306246.971741,192768.000000,0.102846,4810982.640103,4.354017,0.849800,-0.007200,-0.840140,45.940000,54.060000,2.465200,-0.009600,-0.387910,71.140000,28.860000,0.982600,-0.005100,-0.516351,49.560000,50.440000,binance_kline_quote_asset_volume,0.000000,0.000000,0.000000,0.000000,OK
191,2026-06-06 13:00:00 UTC,HUSDT,0.610200,0.616800,0.604200,0.611010,0.000800,0.131102,0.132743,2.064897,64.932277,24456,-7198,-22.739622,1067952.000000,-1562315.000000,-59.397582,652195.322600,-961270.190530,-59.577982,558534.000000,341227.218910,310968.103690,52.319789,187818000.000000,114621569.040000,192238.000000,0.102458,-684677.931741,-0.593791,0.865700,0.015900,1.871028,46.400000,53.600000,2.465300,0.000100,0.004056,71.140000,28.860000,0.998800,0.016200,1.648687,49.970000,50.030000,binance_kline_quote_asset_volume,0.000000,0.000000,0.000000,0.000000,OK
192,2026-06-06 13:15:00 UTC,HUSDT,0.610960,0.616060,0.600160,0.601370,-0.009640,-1.577716,-1.569661,2.602462,56.519254,20009,-4447,-18.183677,933315.000000,-134637.000000,-12.607027,567877.276950,-84318.045650,-12.928343,397849.000000,242187.877470,325689.399480,42.647925,187863282.000000,114786343.934820,45282.000000,0.024110,164774.894820,0.143756,0.882200,0.016500,1.905972,46.870000,53.130000,2.465700,0.000400,0.016225,71.150000,28.850000,1.021800,0.023000,2.302763,50.540000,49.460000,binance_kline_quote_asset_volume,0.000000,0.000000,0.000000,0.000000,OK
193,2026-06-06 13:30:00 UTC,HUSDT,0.601260,0.611410,0.601190,0.608280,0.006910,1.149043,1.167548,1.699764,60.472687,15932,-4077,-20.375831,687262.000000,-246053.000000,-26.363339,416898.823650,-150978.453300,-26.586458,426286.000000,258492.052860,158406.770790,62.003546,187952873.000000,113087988.340340,89591.000000,0.047689,-1698355.594480,-1.479580,0.891100,0.008900,1.008842,47.120000,52.880000,2.465400,-0.000300,-0.012167,71.140000,28.860000,1.031700,0.009900,0.968878,50.780000,49.220000,binance_kline_quote_asset_volume,0.000000,0.000000,0.000000,0.000000,OK
194,2026-06-06 13:45:00 UTC,HUSDT,0.608250,0.614890,0.607560,0.609790,0.001510,0.248241,0.253185,1.205097,61.300751,13944,-1988,-12.478032,576396.000000,-110866.000000,-16.131548,352179.211930,-64719.611720,-15.524057,364148.000000,222526.668310,129652.543620,63.185634,187858801.000000,114052036.863216,-94072.000000,-0.050051,964048.522876,0.852476,0.885700,-0.005400,-0.605993,46.970000,53.030000,2.462800,-0.002600,-0.105460,71.120000,28.880000,1.032900,0.001200,0.116313,50.810000,49.190000,binance_kline_quote_asset_volume,0.000000,0.000000,0.000000,0.000000,OK
195,2026-06-06 14:00:00 UTC,HUSDT,0.609790,0.619990,0.609720,0.616820,0.007030,1.152856,1.152856,1.684186,64.979128,18860,4916,35.255307,865010.000000,288614.000000,50.072173,533521.749320,181342.537390,51.491551,466513.000000,287659.100240,245862.649080,53.917033,187836881.000000,114602737.296710,-21920.000000,-0.011668,550700.433495,0.482850,0.885400,-0.000300,-0.033872,46.960000,53.040000,2.461500,-0.001300,-0.052785,71.110000,28.890000,1.035400,0.002500,0.242037,50.870000,49.130000,binance_kline_quote_asset_volume,0.000000,0.000000,0.000000,0.000000,OK
196,2026-06-06 14:15:00 UTC,HUSDT,0.616820,0.715240,0.615810,0.714440,0.097620,15.826335,15.826335,16.119776,85.537042,164931,146071,774.501591,18030627.000000,17165617.000000,1984.441452,12061244.436740,11527722.687420,2160.684677,10735667.000000,7181905.228080,4879339.208660,59.545309,187828583.000000,115856426.566060,-8298.000000,-0.004418,1253689.269350,1.093944,0.892500,0.007100,0.801897,47.160000,52.840000,2.460400,-0.001100,-0.044688,71.100000,28.900000,1.040400,0.005000,0.482905,50.990000,49.010000,binance_kline_quote_asset_volume,0.000000,0.000000,0.000000,0.000000,OK
197,2026-06-06 14:30:00 UTC,HUSDT,0.714430,0.756720,0.690820,0.699620,-0.014820,-2.074352,-2.072981,9.224137,78.046715,176648,11717,7.104183,12111996.000000,-5918631.000000,-32.825431,8813396.549620,-3247847.887120,-26.927967,5976559.000000,4350228.974040,4463167.575580,49.359279,189561665.000000,135254143.594150,1733082.000000,0.922693,19397717.028090,16.742893,0.845400,-0.047100,-5.277311,45.810000,54.190000,2.417700,-0.042700,-1.735490,70.740000,29.260000,1.021800,-0.018600,-1.787774,50.540000,49.460000,binance_kline_quote_asset_volume,0.000000,0.000000,0.000000,0.000000,OK
198,2026-06-06 14:45:00 UTC,HUSDT,0.699880,0.713600,0.655350,0.671220,-0.028400,-4.059347,-4.094988,8.322855,66.101063,109934,-66714,-37.766632,7366649.000000,-4745347.000000,-39.178902,5009426.198190,-3803970.351430,-43.161230,3183542.000000,2165423.887010,2844002.311180,43.226985,189088774.000000,132448313.336087,-472891.000000,-0.249466,-2805830.258063,-2.074487,0.881100,0.035700,4.222853,46.840000,53.160000,2.424200,0.006500,0.268851,70.800000,29.200000,1.049200,0.027400,2.681542,51.200000,48.800000,binance_kline_quote_asset_volume,0.000000,0.000000,0.000000,0.000000,OK
199,2026-06-06 15:00:00 UTC,HUSDT,0.671200,0.691200,0.634070,0.644190,-0.027030,-4.026996,-4.024136,8.511621,57.137355,108148,-1786,-1.624611,7355200.000000,-11449.000000,-0.155417,4846230.742130,-163195.456060,-3.257767,3288488.000000,2169706.632170,2676524.109960,44.771014,188602240.000000,125912171.867635,-486534.000000,-0.257305,-6536141.468452,-4.934862,0.888900,0.007800,0.885257,47.060000,52.940000,2.421800,-0.002400,-0.099002,70.780000,29.220000,1.045400,-0.003800,-0.362181,51.110000,48.890000,binance_kline_quote_asset_volume,0.000000,0.000000,0.000000,0.000000,OK
200,2026-06-06 15:15:00 UTC,HUSDT,0.644180,0.651980,0.628570,0.636860,-0.007330,-1.137863,-1.136328,3.634077,54.960774,108466,318,0.294041,6253473.000000,-1101727.000000,-14.978886,4001112.864200,-845117.877930,-17.438664,2742227.000000,1755559.365530,2245553.498670,43.876777,188077161.000000,121565177.629638,-525079.000000,-0.278405,-4346994.237997,-3.452402,0.905500,0.016600,1.867477,47.520000,52.480000,2.421500,-0.000300,-0.012387,70.770000,29.230000,1.064000,0.018600,1.779223,51.550000,48.450000,binance_kline_quote_asset_volume,0.000000,0.000000,0.000000,0.000000,OK
201,2026-06-06 15:30:00 UTC,HUSDT,0.636860,0.660000,0.623270,0.626510,-0.010350,-1.625161,-1.625161,5.767359,51.951421,113788,5322,4.906607,7052224.000000,798751.000000,12.772918,4524030.209800,522917.345600,13.069298,3275295.000000,2102052.841380,2421977.368420,46.464165,187338996.000000,119415194.604496,-738165.000000,-0.392480,-2149983.025142,-1.768585,0.913500,0.008000,0.883490,47.740000,52.260000,2.397900,-0.023600,-0.974603,70.570000,29.430000,1.084600,0.020600,1.936090,52.030000,47.970000,binance_kline_quote_asset_volume,0.000000,0.000000,0.000000,0.000000,OK
202,2026-06-06 15:45:00 UTC,HUSDT,0.626540,0.641230,0.624390,0.636170,0.009660,1.541875,1.537013,2.687777,54.457850,82618,-31170,-27.393047,4376177.000000,-2676047.000000,-37.946143,2778786.046870,-1745244.162930,-38.577200,1720031.000000,1092310.953680,1686475.093190,39.308926,186486800.000000,116965281.826144,-852196.000000,-0.454895,-2449912.778352,-2.051592,0.930100,0.016600,1.817187,48.190000,51.810000,2.386400,-0.011500,-0.479586,70.470000,29.530000,1.100800,0.016200,1.493638,52.400000,47.600000,binance_kline_quote_asset_volume,0.000000,0.000000,0.000000,0.000000,OK
203,2026-06-06 16:00:00 UTC,HUSDT,0.636150,0.640570,0.595540,0.610980,-0.025190,-3.959633,-3.956614,7.078519,47.499595,89868,7250,8.775327,6803728.000000,2427551.000000,55.471956,4163255.166010,1384469.119140,49.822804,2661778.000000,1629630.473720,2533624.692290,39.143180,185910488.000000,118435637.245172,-576312.000000,-0.309036,1470355.419028,1.257087,0.935000,0.004900,0.526825,48.320000,51.680000,2.377300,-0.009100,-0.381328,70.390000,29.610000,1.108400,0.007600,0.690407,52.570000,47.430000,binance_kline_quote_asset_volume,0.000000,0.000000,0.000000,0.000000,OK
204,2026-06-06 16:15:00 UTC,HUSDT,0.611150,0.613720,0.593010,0.603010,-0.007970,-1.304462,-1.331915,3.388693,45.517899,77504,-12364,-13.757956,3877849.000000,-2925879.000000,-43.004056,2334857.393070,-1828397.772940,-43.917504,1724841.000000,1038946.225310,1295911.167760,44.497203,185188503.000000,113220546.964140,-721985.000000,-0.388351,-5215090.281032,-4.403312,0.947800,0.012800,1.368984,48.660000,51.340000,2.393200,0.015900,0.668826,70.530000,29.470000,1.111500,0.003100,0.279682,52.640000,47.360000,binance_kline_quote_asset_volume,0.000000,0.000000,0.000000,0.000000,OK
205,2026-06-06 16:30:00 UTC,HUSDT,0.603010,0.615260,0.598130,0.613970,0.010960,1.817549,1.817549,2.840749,48.688205,69877,-7627,-9.840782,3727470.000000,-150379.000000,-3.877897,2264656.019990,-70201.373080,-3.006666,1574906.000000,957246.984270,1307409.035720,42.268979,184247383.000000,111297856.030353,-941120.000000,-0.508196,-1922690.933787,-1.698182,0.950500,0.002700,0.284870,48.730000,51.270000,2.389000,-0.004200,-0.175497,70.490000,29.510000,1.112400,0.000900,0.080972,52.660000,47.340000,binance_kline_quote_asset_volume,0.000000,0.000000,0.000000,0.000000,OK
206,2026-06-06 16:45:00 UTC,HUSDT,0.613970,0.616340,0.586320,0.587700,-0.026270,-4.278711,-4.278711,4.889490,42.330061,85978,16101,23.041917,5114347.000000,1386877.000000,37.206926,3085127.360780,820471.340790,36.229402,1961844.000000,1185388.633740,1899738.727040,38.422681,183387339.000000,112563148.678200,-860044.000000,-0.466788,1265292.647848,1.136853,0.962300,0.011800,1.241452,49.040000,50.960000,2.390600,0.001600,0.066974,70.510000,29.490000,1.129000,0.016600,1.492269,53.030000,46.970000,binance_kline_quote_asset_volume,0.000000,0.000000,0.000000,0.000000,OK
207,2026-06-06 17:00:00 UTC,HUSDT,0.587710,0.597580,0.574680,0.577720,-0.009980,-1.698145,-1.699818,3.896480,40.183189,85210,-768,-0.893252,5422611.000000,308264.000000,6.027436,3178058.997030,92931.636250,3.012246,1786827.000000,1047655.385460,2130403.611570,32.965259,182889308.000000,107858963.906321,-498031.000000,-0.271573,-4704184.771879,-4.179152,0.972000,0.009700,1.008002,49.290000,50.710000,2.379400,-0.011200,-0.468502,70.410000,29.590000,1.135400,0.006400,0.566873,53.170000,46.830000,binance_kline_quote_asset_volume,0.000000,0.000000,0.000000,0.000000,OK
208,2026-06-06 17:15:00 UTC,HUSDT,0.577740,0.581810,0.550500,0.553730,-0.023990,-4.152531,-4.155849,5.419393,35.519700,113444,28234,33.134609,7901254.000000,2478643.000000,45.709401,4447882.611830,1269823.614800,39.955948,2940554.000000,1655065.504790,2792817.107040,37.210189,182327025.000000,105366787.747500,-562283.000000,-0.307444,-2492176.158821,-2.310588,0.988100,0.016100,1.656379,49.700000,50.300000,2.385100,0.005700,0.239556,70.460000,29.540000,1.135400,0.000000,0.000000,53.170000,46.830000,binance_kline_quote_asset_volume,0.000000,0.000000,0.000000,0.000000,OK
209,2026-06-06 17:30:00 UTC,HUSDT,0.553730,0.574190,0.543050,0.570090,0.016360,2.954509,2.954509,5.623679,40.583874,123171,9727,8.574275,9065821.000000,1164567.000000,14.739015,5079211.602260,631328.990430,14.193922,4026057.000000,2261686.168200,2817525.434060,44.528292,182217844.000000,100959618.646640,-109181.000000,-0.059882,-4407169.100860,-4.182693,0.982900,-0.005200,-0.526263,49.570000,50.430000,2.358300,-0.026800,-1.123643,70.220000,29.780000,1.118600,-0.016800,-1.479655,52.800000,47.200000,binance_kline_quote_asset_volume,0.000000,0.000000,0.000000,0.000000,OK
210,2026-06-06 17:45:00 UTC,HUSDT,0.570130,0.575960,0.560410,0.566240,-0.003850,-0.675332,-0.682301,2.727448,39.791851,96005,-27166,-22.055516,4758767.000000,-4307054.000000,-47.508703,2705252.189610,-2373959.412650,-46.738738,1958402.000000,1113295.506770,1591956.682840,41.153114,182574848.000000,103826664.560640,357004.000000,0.195922,2867045.914000,2.839795,0.970800,-0.012100,-1.231051,49.260000,50.740000,2.346200,-0.012100,-0.513081,70.120000,29.880000,1.109300,-0.009300,-0.831396,52.590000,47.410000,binance_kline_quote_asset_volume,0.000000,0.000000,0.000000,0.000000,OK
211,2026-06-06 18:00:00 UTC,HUSDT,0.566080,0.577530,0.563900,0.572750,0.006510,1.149689,1.178279,2.407787,41.858081,84690,-11315,-11.785844,4419306.000000,-339461.000000,-7.133381,2517621.675710,-187630.513900,-6.935786,1822456.000000,1038497.707840,1479123.967870,41.249157,182193524.000000,103154329.418320,-381324.000000,-0.208859,-672335.142320,-0.647555,0.973200,0.002400,0.247219,49.320000,50.680000,2.336000,-0.010200,-0.434746,70.020000,29.980000,1.116400,0.007100,0.640043,52.750000,47.250000,binance_kline_quote_asset_volume,0.000000,0.000000,0.000000,0.000000,OK
212,2026-06-06 18:15:00 UTC,HUSDT,0.572670,0.607230,0.571920,0.596720,0.023970,4.185072,4.199626,6.165855,48.822348,74324,-10366,-12.239934,4248046.000000,-171260.000000,-3.875269,2512754.464230,-4867.211480,-0.193326,2175979.000000,1287580.699700,1225173.764530,51.241803,181899483.000000,103937364.586200,-294041.000000,-0.161389,783035.167880,0.759091,0.974300,0.001100,0.113029,49.350000,50.650000,2.324900,-0.011100,-0.475171,69.920000,30.080000,1.116000,-0.000400,-0.035829,52.740000,47.260000,binance_kline_quote_asset_volume,0.000000,0.000000,0.000000,0.000000,OK
213,2026-06-06 18:30:00 UTC,HUSDT,0.596610,0.596740,0.576940,0.584120,-0.012600,-2.111543,-2.093495,3.318751,45.722080,69464,-4860,-6.538938,3781751.000000,-466295.000000,-10.976694,2216082.300410,-296672.163820,-11.806652,1545074.000000,905906.221150,1310176.079260,40.878726,181691183.000000,108611466.205362,-208300.000000,-0.114514,4674101.619162,4.497037,0.946700,-0.027600,-2.832803,48.630000,51.370000,2.313400,-0.011500,-0.494645,69.820000,30.180000,1.093400,-0.022600,-2.025090,52.230000,47.770000,binance_kline_quote_asset_volume,0.000000,0.000000,0.000000,0.000000,OK
214,2026-06-06 18:45:00 UTC,HUSDT,0.584400,0.592390,0.572650,0.581920,-0.002200,-0.376635,-0.424367,3.377823,45.182584,112275,42811,61.630485,6778851.000000,2997100.000000,79.251648,3957501.803150,1741419.502740,78.580994,3067768.000000,1792218.603790,2165283.199360,45.286615,181209167.000000,105996087.860629,-482016.000000,-0.265294,-2615378.344732,-2.408013,0.952000,0.005300,0.559839,48.770000,51.230000,2.313700,0.000300,0.012968,69.820000,30.180000,1.103500,0.010100,0.923724,52.460000,47.540000,binance_kline_quote_asset_volume,0.000000,0.000000,0.000000,0.000000,OK
215,2026-06-06 19:00:00 UTC,HUSDT,0.581910,0.597210,0.574050,0.594070,0.012150,2.087916,2.089670,3.979997,48.777289,102999,-9276,-8.261857,6006837.000000,-772014.000000,-11.388567,3515165.100760,-442336.702390,-11.177170,2985441.000000,1747823.132100,1767341.968660,49.722362,180070957.000000,104777887.749590,-1138210.000000,-0.628119,-1218200.111039,-1.149288,0.956600,0.004600,0.483193,48.890000,51.110000,2.304200,-0.009500,-0.410598,69.740000,30.260000,1.110100,0.006600,0.598097,52.610000,47.390000,binance_kline_quote_asset_volume,0.000000,0.000000,0.000000,0.000000,OK
216,2026-06-06 19:15:00 UTC,HUSDT,0.594070,0.596420,0.571690,0.571920,-0.022150,-3.728517,-3.728517,4.162809,43.213776,79152,-23847,-23.152652,3698553.000000,-2308284.000000,-38.427612,2159577.440620,-1355587.660140,-38.563983,1653116.000000,965791.406880,1193786.033740,44.721314,178956857.000000,106425642.857900,-1114100.000000,-0.618701,1647755.108310,1.572617,0.955400,-0.001200,-0.125444,48.860000,51.140000,2.298200,-0.006000,-0.260394,69.680000,30.320000,1.108800,-0.001300,-0.117107,52.580000,47.420000,binance_kline_quote_asset_volume,0.000000,0.000000,0.000000,0.000000,OK
217,2026-06-06 19:30:00 UTC,HUSDT,0.571920,0.588090,0.566000,0.577000,0.005080,0.888236,0.888236,3.862428,44.769683,84874,5722,7.229129,4783329.000000,1084776.000000,29.329741,2757909.815680,598332.375060,27.705993,2376795.000000,1371058.734760,1386851.080920,49.713690,178400033.000000,102087634.883920,-556824.000000,-0.311150,-4338007.973980,-4.076093,0.995200,0.039800,4.165794,49.880000,50.120000,2.295100,-0.003100,-0.134888,69.650000,30.350000,1.151000,0.042200,3.805916,53.510000,46.490000,binance_kline_quote_asset_volume,0.000000,0.000000,0.000000,0.000000,OK
218,2026-06-06 19:45:00 UTC,HUSDT,0.576890,0.591280,0.572530,0.591140,0.014140,2.450607,2.470142,3.250186,48.961559,86817,1943,2.289276,5532266.000000,748937.000000,15.657234,3230456.777550,472546.961870,17.134243,2720802.000000,1589236.645180,1641220.132370,49.195416,177559702.000000,102244203.202660,-840331.000000,-0.471037,156568.318740,0.153367,1.012500,0.017300,1.738344,50.310000,49.690000,2.280100,-0.015000,-0.653566,69.510000,30.490000,1.160800,0.009800,0.851434,53.720000,46.280000,binance_kline_quote_asset_volume,0.000000,0.000000,0.000000,0.000000,OK
219,2026-06-06 20:00:00 UTC,HUSDT,0.591110,0.613920,0.578870,0.611860,0.020720,3.505092,3.510345,5.929522,54.420692,59664,-27153,-31.276133,3230606.000000,-2301660.000000,-41.604290,1936955.887830,-1293500.889720,-40.040805,1985721.000000,1190636.094390,746319.793440,61.469448,176471475.000000,104271700.433250,-1088227.000000,-0.612879,2027497.230590,1.982995,0.975100,-0.037400,-3.693827,49.370000,50.630000,2.264900,-0.015200,-0.666637,69.370000,30.630000,1.116900,-0.043900,-3.781875,52.760000,47.240000,binance_kline_quote_asset_volume,0.000000,0.000000,0.000000,0.000000,OK
220,2026-06-06 20:15:00 UTC,HUSDT,0.611870,0.625270,0.608910,0.624790,0.012930,2.113229,2.111560,2.673771,57.477305,38915,-20749,-34.776415,1814143.000000,-1416463.000000,-43.845118,1117219.606180,-819736.281650,-42.320854,1109840.000000,683966.730740,433252.875440,61.220438,175803683.000000,107574273.627700,-667792.000000,-0.378414,3302573.194450,3.167277,0.991200,0.016100,1.651113,49.780000,50.220000,2.259600,-0.005300,-0.234006,69.320000,30.680000,1.117300,0.000400,0.035813,52.770000,47.230000,binance_kline_quote_asset_volume,0.000000,0.000000,0.000000,0.000000,OK
221,2026-06-06 20:30:00 UTC,HUSDT,0.624750,0.633700,0.618540,0.630820,0.006030,0.965124,0.971589,2.426571,58.862819,37645,-1270,-3.263523,1817473.000000,3330.000000,0.183558,1139331.410630,22111.804450,1.979182,969316.000000,607610.652620,531720.758010,53.330457,175686542.000000,109819730.122834,-117141.000000,-0.066632,2245456.495134,2.087355,0.981400,-0.009800,-0.988701,49.530000,50.470000,2.255800,-0.003800,-0.168171,69.290000,30.710000,1.114600,-0.002700,-0.241654,52.710000,47.290000,binance_kline_quote_asset_volume,0.000000,0.000000,0.000000,0.000000,OK
222,2026-06-06 20:45:00 UTC,HUSDT,0.630850,0.631520,0.613870,0.624840,-0.005980,-0.947972,-0.952683,2.797812,56.883372,30740,-6905,-18.342409,1409857.000000,-407616.000000,-22.427623,879365.292040,-259966.118590,-22.817427,652354.000000,406969.350220,472395.941820,46.279897,175545054.000000,110806594.020786,-141488.000000,-0.080534,986863.897952,0.898622,1.007200,0.025800,2.628897,50.180000,49.820000,2.251600,-0.004200,-0.186187,69.250000,30.750000,1.136800,0.022200,1.991746,53.200000,46.800000,binance_kline_quote_asset_volume,0.000000,0.000000,0.000000,0.000000,OK
223,2026-06-06 21:00:00 UTC,HUSDT,0.624810,0.627530,0.619150,0.626400,0.001560,0.249664,0.254477,1.341208,57.286898,22979,-7761,-25.247235,1038302.000000,-371555.000000,-26.354091,646873.684130,-232491.607910,-26.438570,518647.000000,323167.490590,323706.193540,49.958361,175406853.000000,109583677.343220,-138201.000000,-0.078727,-1222916.677566,-1.103650,0.994800,-0.012400,-1.231136,49.870000,50.130000,2.254900,0.003300,0.146562,69.280000,30.720000,1.124900,-0.011900,-1.046798,52.940000,47.060000,binance_kline_quote_asset_volume,0.000000,0.000000,0.000000,0.000000,OK
224,2026-06-06 21:15:00 UTC,HUSDT,0.626470,0.634260,0.620260,0.629350,0.002950,0.470945,0.459719,2.234744,58.085759,18213,-4766,-20.740676,1339681.000000,301379.000000,29.026141,841273.384570,194399.700440,30.052189,802155.000000,503724.323610,337549.060960,59.876413,175289667.000000,109890845.138970,-117186.000000,-0.066808,307167.795750,0.280304,0.991200,-0.003600,-0.361882,49.780000,50.220000,2.256300,0.001400,0.062087,69.290000,30.710000,1.121800,-0.003100,-0.275580,52.870000,47.130000,binance_kline_quote_asset_volume,0.000000,0.000000,0.000000,0.000000,OK
225,2026-06-06 21:30:00 UTC,HUSDT,0.629310,0.629410,0.609410,0.609440,-0.019910,-3.163581,-3.157426,3.178084,51.134580,15797,-2416,-13.265250,1325492.000000,-14189.000000,-1.059133,818654.262540,-22619.122030,-2.688677,756604.000000,467508.471370,351145.791170,57.106949,174987443.000000,110123097.628760,-302224.000000,-0.172414,232252.489790,0.211348,0.980600,-0.010600,-1.069411,49.510000,50.490000,2.255000,-0.001300,-0.057616,69.280000,30.720000,1.115500,-0.006300,-0.561597,52.730000,47.270000,binance_kline_quote_asset_volume,0.000000,0.000000,0.000000,0.000000,OK
226,2026-06-06 21:45:00 UTC,HUSDT,0.609490,0.614340,0.604130,0.608390,-0.001050,-0.172289,-0.180479,1.675171,50.789385,23944,8147,51.573083,1334763.000000,9271.000000,0.699438,812759.555640,-5894.706900,-0.720048,787985.000000,479674.735520,333084.820120,59.018037,174655234.000000,106459492.803100,-332209.000000,-0.189847,-3663604.825660,-3.326827,0.993200,0.012600,1.284928,49.830000,50.170000,2.251800,-0.003200,-0.141907,69.250000,30.750000,1.126800,0.011300,1.012999,52.980000,47.020000,binance_kline_quote_asset_volume,0.000000,0.000000,0.000000,0.000000,OK
227,2026-06-06 22:00:00 UTC,HUSDT,0.608380,0.611880,0.603570,0.608930,0.000540,0.088759,0.090404,1.365923,50.972691,21435,-2509,-10.478617,880343.000000,-454420.000000,-34.044995,534757.330670,-278002.224970,-34.204732,480299.000000,291793.979100,242963.351570,54.565681,174345725.000000,106109207.232176,-309509.000000,-0.177211,-350285.570924,-0.329032,0.990800,-0.002400,-0.241643,49.770000,50.230000,2.246600,-0.005200,-0.230926,69.200000,30.800000,1.127700,0.000900,0.079872,53.000000,47.000000,binance_kline_quote_asset_volume,0.000000,0.000000,0.000000,0.000000,OK
228,2026-06-06 22:15:00 UTC,HUSDT,0.608840,0.609590,0.598640,0.602630,-0.006300,-1.034602,-1.019972,1.798502,48.693801,19523,-1912,-8.919991,875840.000000,-4503.000000,-0.511505,529001.687430,-5755.643240,-1.076309,463426.000000,279929.716360,249071.971070,52.916602,174243961.000000,106065783.939920,-101764.000000,-0.058369,-43423.292256,-0.040923,0.982200,-0.008600,-0.867985,49.550000,50.450000,2.241900,-0.004700,-0.209205,69.150000,30.850000,1.121800,-0.005900,-0.523189,52.870000,47.130000,binance_kline_quote_asset_volume,0.000000,0.000000,0.000000,0.000000,OK
229,2026-06-06 22:30:00 UTC,HUSDT,0.602520,0.615500,0.599270,0.614320,0.011690,1.939830,1.958441,2.693687,52.901561,19977,454,2.325462,827519.000000,-48321.000000,-5.517104,502762.560580,-26239.126850,-4.960122,431670.000000,262358.685210,240403.875370,52.183417,174137994.000000,104952968.983800,-105967.000000,-0.060815,-1112814.956120,-1.049174,0.982600,0.000400,0.040725,49.560000,50.440000,2.240100,-0.001800,-0.080289,69.140000,30.860000,1.116000,-0.005800,-0.517026,52.740000,47.260000,binance_kline_quote_asset_volume,0.000000,0.000000,0.000000,0.000000,OK
230,2026-06-06 22:45:00 UTC,HUSDT,0.614370,0.621880,0.612550,0.621050,0.006730,1.095520,1.087293,1.518629,55.180503,21876,1899,9.505932,923628.000000,96109.000000,11.614114,569481.828570,66719.267990,13.270532,545361.000000,336281.857480,233199.971090,59.050498,174054030.000000,106990061.905996,-83964.000000,-0.048217,2037092.922196,1.940958,0.972000,-0.010600,-1.078771,49.290000,50.710000,2.237400,-0.002700,-0.120530,69.110000,30.890000,1.102600,-0.013400,-1.200717,52.440000,47.560000,binance_kline_quote_asset_volume,0.000000,0.000000,0.000000,0.000000,OK
231,2026-06-06 23:00:00 UTC,HUSDT,0.620950,0.630200,0.616750,0.629040,0.007990,1.286531,1.302842,2.166036,57.791708,30231,8355,38.192540,1385207.000000,461579.000000,49.974557,862937.235590,293455.407020,51.530249,609344.000000,379655.023770,483282.211820,43.995671,173960233.000000,108041481.909310,-93797.000000,-0.053890,1051420.003314,0.982727,0.959600,-0.012400,-1.275720,48.970000,51.030000,2.235600,-0.001800,-0.080451,69.090000,30.910000,1.088100,-0.014500,-1.315073,52.110000,47.890000,binance_kline_quote_asset_volume,0.000000,0.000000,0.000000,0.000000,OK
232,2026-06-06 23:15:00 UTC,HUSDT,0.629040,0.633480,0.625820,0.631190,0.002150,0.341791,0.341791,1.217729,58.492481,34247,4016,13.284377,1260570.000000,-124637.000000,-8.997717,792787.145960,-70150.089630,-8.129223,709271.000000,446070.575750,346716.570210,56.266121,173895019.000000,109407790.154040,-65214.000000,-0.037488,1366308.244730,1.264614,0.958500,-0.001100,-0.114631,48.940000,51.060000,2.236800,0.001200,0.053677,69.110000,30.890000,1.092900,0.004800,0.441136,52.220000,47.780000,binance_kline_quote_asset_volume,0.000000,0.000000,0.000000,0.000000,OK
233,2026-06-06 23:30:00 UTC,HUSDT,0.631170,0.633920,0.626270,0.630880,-0.000310,-0.049114,-0.045946,1.212035,58.342073,27872,-6375,-18.614769,1372365.000000,111795.000000,8.868607,864561.485410,71774.339450,9.053419,757206.000000,476827.893540,387733.591870,55.152572,173773027.000000,109650064.092129,-121992.000000,-0.070153,242273.938089,0.221441,0.959600,0.001100,0.114763,48.970000,51.030000,2.235400,-0.001400,-0.062589,69.090000,30.910000,1.096400,0.003500,0.320249,52.300000,47.700000,binance_kline_quote_asset_volume,0.000000,0.000000,0.000000,0.000000,OK
234,2026-06-06 23:45:00 UTC,HUSDT,0.630840,0.631950,0.625010,0.629550,-0.001330,-0.210817,-0.204489,1.100120,57.657064,23833,-4039,-14.491246,815895.000000,-556470.000000,-40.548251,513057.533310,-351503.952100,-40.656906,413736.000000,260175.179220,252882.354090,50.710722,173556158.000000,109521995.645978,-216869.000000,-0.124800,-128068.446151,-0.116797,0.942100,-0.017500,-1.823677,48.510000,51.490000,2.234300,-0.001100,-0.049208,69.080000,30.920000,1.086800,-0.009600,-0.875593,52.080000,47.920000,binance_kline_quote_asset_volume,0.000000,0.000000,0.000000,0.000000,OK
235,2026-06-07 00:00:00 UTC,HUSDT,0.629540,0.638560,0.625490,0.632040,0.002490,0.395521,0.397115,2.076119,58.636254,32721,8888,37.292829,1916069.000000,1100174.000000,134.842596,1212186.706760,699129.173450,136.267207,1143829.000000,723698.469580,488488.237180,59.701898,173387848.000000,109106037.232480,-168310.000000,-0.096977,-415958.413498,-0.379794,0.941000,-0.001100,-0.116760,48.480000,51.520000,2.232100,-0.002200,-0.098465,69.060000,30.940000,1.087700,0.000900,0.082812,52.100000,47.900000,binance_kline_quote_asset_volume,0.000000,0.000000,0.000000,0.000000,OK
236,2026-06-07 00:15:00 UTC,HUSDT,0.632050,0.638790,0.621510,0.622710,-0.009330,-1.476172,-1.477731,2.733961,53.631607,26385,-6336,-19.363711,1477344.000000,-438725.000000,-22.897140,933163.765950,-279022.940810,-23.018149,739596.000000,467024.896370,466138.869580,50.047474,172749391.000000,109320997.106530,-638457.000000,-0.368225,214959.874050,0.197019,0.952000,0.011000,1.168969,48.770000,51.230000,2.221300,-0.010800,-0.483849,68.960000,31.040000,1.100800,0.013100,1.204376,52.400000,47.600000,binance_kline_quote_asset_volume,0.000000,0.000000,0.000000,0.000000,OK
237,2026-06-07 00:30:00 UTC,HUSDT,0.622750,0.630570,0.620860,0.624020,0.001310,0.210371,0.203934,1.559213,54.222399,24403,-1982,-7.511844,1313038.000000,-164306.000000,-11.121716,821720.002350,-111443.763600,-11.942573,741224.000000,463926.080380,357793.921970,56.457927,172382856.000000,107399690.773680,-366535.000000,-0.212177,-1921306.332850,-1.757491,0.954700,0.002700,0.283613,48.840000,51.160000,2.214600,-0.006700,-0.301625,68.890000,31.110000,1.103500,0.002700,0.245276,52.460000,47.540000,binance_kline_quote_asset_volume,0.000000,0.000000,0.000000,0.000000,OK
238,2026-06-07 00:45:00 UTC,HUSDT,0.623980,0.626740,0.620040,0.620530,-0.003490,-0.559277,-0.552902,1.073752,52.310180,22530,-1873,-7.675286,993483.000000,-319555.000000,-24.337072,619025.917840,-202694.084510,-24.667050,508031.000000,316535.627500,302490.290340,51.134471,172003691.000000,107332023.220910,-379165.000000,-0.219955,-67667.552770,-0.063005,0.954300,-0.000400,-0.041898,48.830000,51.170000,2.208100,-0.006500,-0.293507,68.830000,31.170000,1.096900,-0.006600,-0.598097,52.310000,47.690000,binance_kline_quote_asset_volume,0.000000,0.000000,0.000000,0.000000,OK
239,2026-06-07 01:00:00 UTC,HUSDT,0.620530,0.625590,0.617170,0.624030,0.003500,0.564034,0.564034,1.356905,54.059937,24261,1731,7.683089,956376.000000,-37107.000000,-3.735041,594679.950070,-24345.967770,-3.932948,483097.000000,300398.259380,294281.690690,50.514274,171750802.000000,106627724.079136,-252889.000000,-0.147025,-704299.141774,-0.656187,0.956600,0.002300,0.241014,48.890000,51.110000,2.201800,-0.006300,-0.285313,68.770000,31.230000,1.107000,0.010100,0.920777,52.540000,47.460000,binance_kline_quote_asset_volume,0.000000,0.000000,0.000000,0.000000,OK
240,2026-06-07 01:15:00 UTC,HUSDT,0.623920,0.629540,0.621180,0.628600,0.004570,0.732337,0.750096,1.339915,56.313808,22993,-1268,-5.226495,1105516.000000,149140.000000,15.594285,691723.560080,97043.610010,16.318628,577012.000000,361133.870620,330589.689460,52.207831,171516225.000000,107111837.918281,-234577.000000,-0.136580,484113.839145,0.454022,0.944800,-0.011800,-1.233535,48.580000,51.420000,2.196700,-0.005100,-0.231629,68.720000,31.280000,1.095600,-0.011400,-1.029810,52.280000,47.720000,binance_kline_quote_asset_volume,0.000000,0.000000,0.000000,0.000000,OK
241,2026-06-07 01:30:00 UTC,HUSDT,0.628520,0.668580,0.627030,0.663670,0.035070,5.579065,5.592503,6.610768,68.916673,62932,39939,173.700692,3194615.000000,2089099.000000,188.970490,2081813.730880,1390090.170800,200.960362,1878489.000000,1223978.886680,857834.844200,58.793871,171179089.000000,107449961.501791,-337136.000000,-0.196562,338123.583509,0.315673,0.940200,-0.004600,-0.486876,48.460000,51.540000,2.192200,-0.004500,-0.204853,68.670000,31.330000,1.108800,0.013200,1.204819,52.580000,47.420000,binance_kline_quote_asset_volume,0.000000,0.000000,0.000000,0.000000,OK
242,2026-06-07 01:45:00 UTC,HUSDT,0.663680,0.665260,0.651100,0.661730,-0.001940,-0.292314,-0.293816,2.133558,67.752279,47891,-15041,-23.900400,2097813.000000,-1096802.000000,-34.332838,1381940.463030,-699873.267850,-33.618438,1054485.000000,694891.869800,687048.593230,50.283778,170795092.000000,113372417.416815,-383997.000000,-0.224325,5922455.915024,5.511827,0.967000,0.026800,2.850457,49.160000,50.840000,2.179500,-0.012700,-0.579327,68.550000,31.450000,1.134500,0.025700,2.317821,53.150000,46.850000,binance_kline_quote_asset_volume,0.000000,0.000000,0.000000,0.000000,OK
243,2026-06-07 02:00:00 UTC,HUSDT,0.661700,0.674980,0.658090,0.662760,0.001030,0.155653,0.160193,2.552516,68.060825,47876,-15,-0.031321,2374117.000000,276304.000000,13.171050,1582044.712050,200104.249020,14.479947,1231455.000000,820492.925220,761551.786830,51.862815,170711054.000000,112823556.976837,-84038.000000,-0.049204,-548860.439978,-0.484122,0.972000,0.005000,0.517063,49.290000,50.710000,2.182800,0.003300,0.151411,68.580000,31.420000,1.140900,0.006400,0.564125,53.290000,46.710000,binance_kline_quote_asset_volume,0.000000,0.000000,0.000000,0.000000,OK
244,2026-06-07 02:15:00 UTC,HUSDT,0.662900,0.669840,0.647900,0.653450,-0.009310,-1.404732,-1.425554,3.309700,62.261995,35102,-12774,-26.681427,1892447.000000,-481670.000000,-20.288385,1244851.616840,-337193.095210,-21.313753,779979.000000,513222.769970,731628.846870,41.227626,170423083.000000,112954715.181570,-287971.000000,-0.168689,131158.204733,0.116251,0.975500,0.003500,0.360082,49.380000,50.620000,2.237800,0.055000,2.519699,69.120000,30.880000,1.149600,0.008700,0.762556,53.480000,46.520000,binance_kline_quote_asset_volume,0.000000,0.000000,0.000000,0.000000,OK
245,2026-06-07 02:30:00 UTC,HUSDT,0.653620,0.664890,0.644900,0.664240,0.010790,1.651236,1.624797,3.058352,65.889347,31669,-3433,-9.780070,1812791.000000,-79656.000000,-4.209154,1186172.979350,-58678.637490,-4.713705,910187.000000,595326.084560,590846.894790,50.188808,170344172.000000,111314821.407815,-78911.000000,-0.046303,-1639893.773755,-1.451815,1.012900,0.037400,3.833931,50.320000,49.680000,2.236900,-0.000900,-0.040218,69.110000,30.890000,1.165900,0.016300,1.417884,53.830000,46.170000,binance_kline_quote_asset_volume,0.000000,0.000000,0.000000,0.000000,OK
246,2026-06-07 02:45:00 UTC,HUSDT,0.664200,0.704300,0.663540,0.694850,0.030610,4.608274,4.614574,6.136706,73.632340,70911,39242,123.912975,4696621.000000,2883830.000000,159.082321,3234740.243510,2048567.264160,172.703923,2860929.000000,1970443.466380,1264296.777130,60.915045,170285171.000000,113075631.958255,-59001.000000,-0.034636,1760810.550439,1.581829,1.012500,-0.000400,-0.039491,50.310000,49.690000,2.241800,0.004900,0.219053,69.150000,30.850000,1.164000,-0.001900,-0.162964,53.790000,46.210000,binance_kline_quote_asset_volume,0.000000,0.000000,0.000000,0.000000,OK
247,2026-06-07 03:00:00 UTC,HUSDT,0.694790,0.716920,0.693930,0.708500,0.013650,1.964453,1.973258,3.308913,76.224180,52834,-18077,-25.492519,2801010.000000,-1895611.000000,-40.361166,1974121.341860,-1260618.901650,-38.971256,1589370.000000,1120626.029920,853495.311940,56.765813,169883960.000000,117984411.918840,-401211.000000,-0.235611,4908779.960585,4.341147,0.966200,-0.046300,-4.572840,49.140000,50.860000,2.260800,0.019000,0.847533,69.330000,30.670000,1.119100,-0.044900,-3.857388,52.810000,47.190000,binance_kline_quote_asset_volume,0.000000,0.000000,0.000000,0.000000,OK
248,2026-06-07 03:15:00 UTC,HUSDT,0.708420,0.715000,0.690490,0.707350,-0.001150,-0.162315,-0.151040,3.459812,75.550392,48325,-4509,-8.534277,2158614.000000,-642396.000000,-22.934442,1519491.577780,-454629.764080,-23.029474,1015869.000000,715579.736140,803911.841640,47.093366,169688799.000000,120174262.450564,-195161.000000,-0.114879,2189850.531725,1.856051,0.979400,0.013200,1.366177,49.480000,50.520000,2.267200,0.006400,0.283086,69.390000,30.610000,1.151000,0.031900,2.850505,53.510000,46.490000,binance_kline_quote_asset_volume,0.000000,0.000000,0.000000,0.000000,OK
249,2026-06-07 03:30:00 UTC,HUSDT,0.707360,0.718200,0.698150,0.698560,-0.008790,-1.242666,-1.244062,2.834483,70.426034,43064,-5261,-10.886705,2004117.000000,-154497.000000,-7.157231,1423329.573260,-96162.004520,-6.328564,1053956.000000,748646.215850,674683.357410,52.598234,169478881.000000,119863938.587250,-209918.000000,-0.123708,-310323.863314,-0.258228,0.975100,-0.004300,-0.439044,49.370000,50.630000,2.270700,0.003500,0.154375,69.430000,30.570000,1.140900,-0.010100,-0.877498,53.290000,46.710000,binance_kline_quote_asset_volume,0.000000,0.000000,0.000000,0.000000,OK
250,2026-06-07 03:45:00 UTC,HUSDT,0.698540,0.703690,0.690000,0.694140,-0.004420,-0.632730,-0.629885,1.959802,67.930931,42040,-1024,-2.377856,1913371.000000,-90746.000000,-4.527979,1334092.557550,-89237.015710,-6.269596,878875.000000,613024.892350,721067.665200,45.950702,169298241.000000,118395355.808354,-180640.000000,-0.106586,-1468582.778896,-1.225208,0.970800,-0.004300,-0.440980,49.260000,50.740000,2.269300,-0.001400,-0.061655,69.410000,30.590000,1.141300,0.000400,0.035060,53.300000,46.700000,binance_kline_quote_asset_volume,0.000000,0.000000,0.000000,0.000000,OK
251,2026-06-07 04:00:00 UTC,HUSDT,0.694020,0.708990,0.691090,0.703390,0.009250,1.332584,1.350105,2.579176,70.302214,46838,4798,11.412940,1790036.000000,-123335.000000,-6.445953,1255462.375890,-78630.181660,-5.893908,907906.000000,637010.241920,618452.133970,50.739095,169155281.000000,117569725.411955,-142960.000000,-0.084443,-825630.396399,-0.697350,0.969300,-0.001500,-0.154512,49.220000,50.780000,2.271400,0.002100,0.092540,69.430000,30.570000,1.134500,-0.006800,-0.595812,53.150000,46.850000,binance_kline_quote_asset_volume,0.000000,0.000000,0.000000,0.000000,OK
252,2026-06-07 04:15:00 UTC,HUSDT,0.703220,0.711660,0.699000,0.702000,-0.001390,-0.197614,-0.173488,1.800290,69.470914,37941,-8897,-18.995260,1573420.000000,-216616.000000,-12.101209,1109609.303030,-145853.072860,-11.617479,845373.000000,596182.080700,513427.222330,53.729009,169077433.000000,118974717.279110,-77848.000000,-0.046022,1404991.867155,1.195029,0.968100,-0.001200,-0.123801,49.190000,50.810000,2.272200,0.000800,0.035221,69.440000,30.560000,1.130800,-0.003700,-0.326135,53.070000,46.930000,binance_kline_quote_asset_volume,0.000000,0.000000,0.000000,0.000000,OK
253,2026-06-07 04:30:00 UTC,HUSDT,0.702000,0.714600,0.700800,0.702170,0.000170,0.024217,0.024217,1.965812,69.518387,39983,2042,5.382041,1604080.000000,30660.000000,1.948621,1136651.026480,27041.723450,2.437049,838813.000000,594491.901410,542159.125070,52.302060,169095438.000000,118832902.956258,18005.000000,0.010649,-141814.322852,-0.119197,0.959600,-0.008500,-0.878008,48.970000,51.030000,2.269900,-0.002300,-0.101223,69.420000,30.580000,1.124000,-0.006800,-0.601344,52.920000,47.080000,binance_kline_quote_asset_volume,0.000000,0.000000,0.000000,0.000000,OK
254,2026-06-07 04:45:00 UTC,HUSDT,0.702170,0.705430,0.698930,0.701130,-0.001040,-0.148112,-0.148112,0.925702,68.813412,29685,-10298,-25.755946,1102109.000000,-501971.000000,-31.293389,773512.262790,-363138.763690,-31.948131,594027.000000,416943.295930,356568.966860,53.902610,169127693.000000,118807130.501710,32255.000000,0.019075,-25772.454548,-0.021688,0.960800,0.001200,0.125052,49.000000,51.000000,2.266400,-0.003500,-0.154192,69.390000,30.610000,1.128100,0.004100,0.364769,53.010000,46.990000,binance_kline_quote_asset_volume,0.000000,0.000000,0.000000,0.000000,OK
255,2026-06-07 05:00:00 UTC,HUSDT,0.701150,0.721410,0.700950,0.714290,0.013160,1.876970,1.874064,2.918063,72.599877,44605,14920,50.261075,1916627.000000,814518.000000,73.905394,1364994.315360,591482.052570,76.467056,1100645.000000,784249.233440,580745.081920,57.454396,169175784.000000,118581402.409098,48091.000000,0.028435,-225728.092612,-0.189995,0.949300,-0.011500,-1.196919,48.700000,51.300000,2.260800,-0.005600,-0.247088,69.330000,30.670000,1.115500,-0.012600,-1.116922,52.730000,47.270000,binance_kline_quote_asset_volume,0.000000,0.000000,0.000000,0.000000,OK
256,2026-06-07 05:15:00 UTC,HUSDT,0.714270,0.715990,0.701500,0.702220,-0.012070,-1.689790,-1.687037,2.028645,64.825780,28125,-16480,-36.946531,1084049.000000,-832578.000000,-43.439751,767434.946670,-597559.368690,-43.777425,511232.000000,361882.649710,405552.296960,47.154831,169230681.000000,120851013.915720,54897.000000,0.032450,2269611.506622,1.913969,0.948900,-0.000400,-0.042136,48.690000,51.310000,2.260000,-0.000800,-0.035386,69.330000,30.670000,1.117700,0.002200,0.197221,52.780000,47.220000,binance_kline_quote_asset_volume,0.000000,0.000000,0.000000,0.000000,OK
257,2026-06-07 05:30:00 UTC,HUSDT,0.702110,0.706670,0.695520,0.701280,-0.000940,-0.133861,-0.118215,1.588070,64.248769,25786,-2339,-8.316444,1100699.000000,16650.000000,1.535908,771751.320910,4316.374240,0.562442,546207.000000,383043.439200,388707.881710,49.633014,169157059.000000,118907983.662531,-73622.000000,-0.043504,-1943030.253189,-1.607790,0.954700,0.005800,0.611234,48.840000,51.160000,2.259000,-0.001000,-0.044248,69.320000,30.680000,1.122200,0.004500,0.402613,52.880000,47.120000,binance_kline_quote_asset_volume,0.000000,0.000000,0.000000,0.000000,OK
258,2026-06-07 05:45:00 UTC,HUSDT,0.701240,0.712000,0.696400,0.701810,0.000530,0.075576,0.081285,2.224631,64.440954,23487,-2299,-8.915691,850474.000000,-250225.000000,-22.733281,600493.374290,-171257.946620,-22.190820,411101.000000,290280.525940,310212.848350,48.340338,169286844.000000,118807843.277647,129785.000000,0.076725,-100140.384884,-0.084217,0.948900,-0.005800,-0.607521,48.690000,51.310000,2.255400,-0.003600,-0.159363,69.280000,30.720000,1.109700,-0.012500,-1.113883,52.600000,47.400000,binance_kline_quote_asset_volume,0.000000,0.000000,0.000000,0.000000,OK
259,2026-06-07 06:00:00 UTC,HUSDT,0.701810,0.705970,0.686450,0.698370,-0.003440,-0.490161,-0.490161,2.781380,62.107291,32374,8887,37.837953,1364669.000000,514195.000000,60.459814,951273.527770,350780.153480,58.415325,637376.000000,444864.429110,506409.098660,46.765143,169299739.000000,118713500.122994,12895.000000,0.007617,-94343.154654,-0.079408,0.946300,-0.002600,-0.274001,48.620000,51.380000,2.255300,-0.000100,-0.004434,69.280000,30.720000,1.115100,0.005400,0.486618,52.720000,47.280000,binance_kline_quote_asset_volume,0.000000,0.000000,0.000000,0.000000,OK
260,2026-06-07 06:15:00 UTC,HUSDT,0.698410,0.716250,0.698410,0.702120,0.003750,0.536965,0.531207,2.554374,63.652572,41961,9587,29.613270,2340070.000000,975401.000000,71.475281,1657256.906200,705983.378430,74.214551,1041530.000000,737346.981030,919909.925170,44.492014,169290479.000000,118208769.866540,-9260.000000,-0.005470,-504730.256454,-0.425167,0.943600,-0.002700,-0.285322,48.550000,51.450000,2.249100,-0.006200,-0.274908,69.220000,30.780000,1.102600,-0.012500,-1.120976,52.440000,47.560000,binance_kline_quote_asset_volume,0.000000,0.000000,0.000000,0.000000,OK
261,2026-06-07 06:30:00 UTC,HUSDT,0.702090,0.704980,0.662990,0.694430,-0.007690,-1.095254,-1.091028,5.980715,58.393646,60948,18987,45.249160,3479154.000000,1139084.000000,48.677347,2381389.681580,724132.775380,43.694660,1612413.000000,1104859.985220,1276529.696360,46.395598,169032580.000000,118928728.637897,-257899.000000,-0.152341,719958.771357,0.609057,0.938000,-0.005600,-0.593472,48.400000,51.600000,2.237500,-0.011600,-0.515762,69.110000,30.890000,1.107000,0.004400,0.399057,52.540000,47.460000,binance_kline_quote_asset_volume,0.000000,0.000000,0.000000,0.000000,OK
262,2026-06-07 06:45:00 UTC,HUSDT,0.694430,0.706000,0.686660,0.688630,-0.005800,-0.835217,-0.835217,2.785018,54.721457,32355,-28593,-46.913763,1410025.000000,-2069129.000000,-59.472188,983021.819680,-1398367.861900,-58.720665,697061.000000,486008.779830,497013.039850,49.440284,168686519.000000,117164595.501830,-346061.000000,-0.204730,-1764133.136067,-1.483353,0.927500,-0.010500,-1.119403,48.120000,51.880000,2.241600,0.004100,0.183240,69.150000,30.850000,1.082000,-0.025000,-2.258356,51.970000,48.030000,binance_kline_quote_asset_volume,0.000000,0.000000,0.000000,0.000000,OK
263,2026-06-07 07:00:00 UTC,HUSDT,0.688970,0.699660,0.680860,0.697170,0.008540,1.240143,1.190182,2.728711,58.827137,31319,-1036,-3.201978,1173295.000000,-236730.000000,-16.789064,809785.768860,-173236.050820,-17.622808,687321.000000,474467.994740,335317.774120,58.591792,168729132.000000,116094079.272600,42613.000000,0.025262,-1070516.229230,-0.913686,0.939500,0.012000,1.293801,48.440000,51.560000,2.241900,0.000300,0.013383,69.150000,30.850000,1.097800,0.015800,1.460259,52.330000,47.670000,binance_kline_quote_asset_volume,0.000000,0.000000,0.000000,0.000000,OK
264,2026-06-07 07:15:00 UTC,HUSDT,0.697190,0.712350,0.695760,0.710780,0.013610,1.952178,1.949253,2.379552,64.371759,27607,-3712,-11.852230,1413814.000000,240519.000000,20.499448,996157.820200,186372.051340,23.014982,702217.000000,494347.965520,501809.854680,49.625467,168776164.000000,117519575.481752,47032.000000,0.027874,1425496.209152,1.227880,0.932700,-0.006800,-0.723789,48.260000,51.740000,2.242200,0.000300,0.013382,69.160000,30.840000,1.089400,-0.008400,-0.765167,52.140000,47.860000,binance_kline_quote_asset_volume,0.000000,0.000000,0.000000,0.000000,OK
265,2026-06-07 07:30:00 UTC,HUSDT,0.710580,0.720000,0.707480,0.714090,0.003310,0.465686,0.493963,1.761941,65.585583,27017,-590,-2.137139,1374882.000000,-38932.000000,-2.753686,981061.554910,-15096.265290,-1.515449,707883.000000,505523.516690,475538.038220,51.528216,168945447.000000,120034050.639030,169283.000000,0.100300,2514475.157278,2.139622,0.929400,-0.003300,-0.353812,48.170000,51.830000,2.239800,-0.002400,-0.107038,69.130000,30.870000,1.094700,0.005300,0.486506,52.260000,47.740000,binance_kline_quote_asset_volume,0.000000,0.000000,0.000000,0.000000,OK
266,2026-06-07 07:45:00 UTC,HUSDT,0.713940,0.738190,0.713920,0.737960,0.023870,3.342716,3.364428,3.399445,72.786070,39387,12370,45.785987,2649352.000000,1274470.000000,92.696682,1922887.710700,941826.155790,96.000720,1700990.000000,1234818.624020,688069.086680,64.216887,168986457.000000,120681923.296913,41010.000000,0.024274,647872.657883,0.539741,0.911300,-0.018100,-1.947493,47.680000,52.320000,2.240400,0.000600,0.026788,69.140000,30.860000,1.073800,-0.020900,-1.909199,51.780000,48.220000,binance_kline_quote_asset_volume,0.000000,0.000000,0.000000,0.000000,OK
267,2026-06-07 08:00:00 UTC,HUSDT,0.737810,0.738250,0.705260,0.717000,-0.020960,-2.840262,-2.820509,4.471341,60.763721,81234,41847,106.245716,4190616.000000,1541264.000000,58.175131,3034329.834740,1111442.124040,57.800677,1761652.000000,1275851.575390,1758478.259350,42.047228,168954951.000000,124598275.082640,-31506.000000,-0.018644,3916351.785728,3.245185,0.909100,-0.002200,-0.241413,47.620000,52.380000,2.243900,0.003500,0.156222,69.170000,30.830000,1.071700,-0.002100,-0.195567,51.730000,48.270000,binance_kline_quote_asset_volume,0.000000,0.000000,0.000000,0.000000,OK
268,2026-06-07 08:15:00 UTC,HUSDT,0.716990,0.720000,0.695830,0.699870,-0.017130,-2.389121,-2.387760,3.371037,53.051344,74523,-6711,-8.261319,3660386.000000,-530230.000000,-12.652794,2588975.397430,-445354.437310,-14.677193,1501840.000000,1062660.066960,1526315.330470,41.045584,168612047.000000,120423632.786333,-342904.000000,-0.202956,-4174642.296307,-3.350482,0.912400,0.003300,0.362996,47.710000,52.290000,2.244100,0.000200,0.008913,69.170000,30.830000,1.075100,0.003400,0.317253,51.810000,48.190000,binance_kline_quote_asset_volume,0.000000,0.000000,0.000000,0.000000,OK
269,2026-06-07 08:30:00 UTC,HUSDT,0.699980,0.736270,0.691230,0.721020,0.021150,3.021990,3.005800,6.434470,59.830532,65843,-8680,-11.647411,3422435.000000,-237951.000000,-6.500708,2461137.586680,-127837.810750,-4.937776,1856380.000000,1334200.177910,1126937.408770,54.210711,168110757.000000,117892711.668960,-501290.000000,-0.297304,-2530921.117373,-2.101681,0.927500,0.015100,1.654976,48.120000,51.880000,2.242100,-0.002000,-0.089123,69.160000,30.840000,1.089900,0.014800,1.376616,52.150000,47.850000,binance_kline_quote_asset_volume,0.000000,0.000000,0.000000,0.000000,OK
270,2026-06-07 08:45:00 UTC,HUSDT,0.720910,0.731600,0.712060,0.717420,-0.003600,-0.499293,-0.484110,2.710463,58.287736,62161,-3682,-5.592090,2629607.000000,-792828.000000,-23.165612,1903442.201540,-557695.385140,-22.660065,1037923.000000,751738.967050,1151703.234490,39.493659,167887290.000000,121034033.737639,-223467.000000,-0.132928,3141322.068679,2.664560,0.908800,-0.018700,-2.016173,47.610000,52.390000,2.239100,-0.003000,-0.133803,69.130000,30.870000,1.068700,-0.021200,-1.945133,51.660000,48.340000,binance_kline_quote_asset_volume,0.000000,0.000000,0.000000,0.000000,OK
271,2026-06-07 09:00:00 UTC,HUSDT,0.717470,0.727930,0.707940,0.712570,-0.004850,-0.676034,-0.682955,2.786179,56.185722,70340,8179,13.157768,2710466.000000,80859.000000,3.074946,1947646.257220,44204.055680,2.322322,1118983.000000,804232.490990,1143413.766230,41.292534,167521257.000000,120387147.788816,-366033.000000,-0.218023,-646885.948822,-0.534466,0.912000,0.003200,0.352113,47.700000,52.300000,2.230400,-0.008700,-0.388549,69.040000,30.960000,1.065700,-0.003000,-0.280715,51.590000,48.410000,binance_kline_quote_asset_volume,0.000000,0.000000,0.000000,0.000000,OK
272,2026-06-07 09:15:00 UTC,HUSDT,0.712260,0.723710,0.707630,0.709290,-0.003280,-0.460306,-0.416983,2.257603,54.747780,58628,-11712,-16.650554,2306703.000000,-403763.000000,-14.896442,1652747.254840,-294899.002380,-15.141302,977020.000000,699863.704280,952883.550560,42.345477,167028385.000000,119089568.221150,-492872.000000,-0.294215,-1297579.567666,-1.077839,0.910600,-0.001400,-0.153509,47.660000,52.340000,2.222300,-0.008100,-0.363164,68.970000,31.030000,1.068700,0.003000,0.281505,51.660000,48.340000,binance_kline_quote_asset_volume,0.000000,0.000000,0.000000,0.000000,OK
273,2026-06-07 09:30:00 UTC,HUSDT,0.709250,0.742000,0.695920,0.724350,0.015060,2.123250,2.129010,6.497004,59.831037,79429,20801,35.479634,4390132.000000,2083429.000000,90.320644,3151936.917960,1499189.663120,90.708949,1992512.000000,1434039.870220,1717897.047740,45.497099,166446145.000000,118171769.565650,-582240.000000,-0.348587,-917798.655500,-0.770679,0.909100,-0.001500,-0.164727,47.620000,52.380000,2.217500,-0.004800,-0.215992,68.920000,31.080000,1.068300,-0.000400,-0.037429,51.650000,48.350000,binance_kline_quote_asset_volume,0.000000,0.000000,0.000000,0.000000,OK
274,2026-06-07 09:45:00 UTC,HUSDT,0.724340,0.730670,0.710110,0.719470,-0.004880,-0.673707,-0.672336,2.838446,57.574153,76608,-2821,-3.551600,3501526.000000,-888606.000000,-20.240986,2518318.057550,-633618.860410,-20.102524,1550701.000000,1114987.377660,1403330.679890,44.275082,166095661.000000,120400381.117644,-350484.000000,-0.210569,2228611.551994,1.885909,0.916400,0.007300,0.802992,47.820000,52.180000,2.211600,-0.005900,-0.266065,68.860000,31.140000,1.062700,-0.005600,-0.524197,51.520000,48.480000,binance_kline_quote_asset_volume,0.000000,0.000000,0.000000,0.000000,OK
275,2026-06-07 10:00:00 UTC,HUSDT,0.719460,0.720000,0.701690,0.706710,-0.012760,-1.773528,-1.772162,2.544964,52.045935,68316,-8292,-10.823935,3574189.000000,72663.000000,2.075181,2536357.064100,18039.006550,0.716312,1613781.000000,1145348.589450,1391008.474650,45.157230,165653764.000000,119167265.930533,-441897.000000,-0.266050,-1233115.187111,-1.024179,0.948900,0.032500,3.546486,48.690000,51.310000,2.212500,0.000900,0.040695,68.870000,31.130000,1.089900,0.027200,2.559518,52.150000,47.850000,binance_kline_quote_asset_volume,0.000000,0.000000,0.000000,0.000000,OK
276,2026-06-07 10:15:00 UTC,HUSDT,0.706680,0.734730,0.698080,0.726840,0.020130,2.848410,2.852776,5.186223,58.771555,57875,-10441,-15.283389,3072209.000000,-501980.000000,-14.044585,2201970.247430,-334386.816670,-13.183744,1615386.000000,1159667.143450,1042303.103980,52.664978,164936659.000000,116569955.225172,-717105.000000,-0.432894,-2597310.705361,-2.179550,0.938000,-0.010900,-1.148698,48.400000,51.600000,2.202700,-0.009800,-0.442938,68.780000,31.220000,1.088100,-0.001800,-0.165153,52.110000,47.890000,binance_kline_quote_asset_volume,0.000000,0.000000,0.000000,0.000000,OK
277,2026-06-07 10:30:00 UTC,HUSDT,0.726810,0.734370,0.714990,0.723490,-0.003350,-0.460899,-0.456791,2.666447,57.330507,55389,-2486,-4.295464,2556996.000000,-515213.000000,-16.770116,1851285.967700,-350684.279730,-15.925932,980695.000000,710654.967420,1140631.000280,38.387098,164468172.000000,119654451.908633,-468487.000000,-0.284041,3084496.683462,2.646048,0.930500,-0.007500,-0.799574,48.200000,51.800000,2.201600,-0.001100,-0.049939,68.770000,31.230000,1.073400,-0.014700,-1.350979,51.770000,48.230000,binance_kline_quote_asset_volume,0.000000,0.000000,0.000000,0.000000,OK
278,2026-06-07 10:45:00 UTC,HUSDT,0.723170,0.725040,0.710300,0.713550,-0.009940,-1.373896,-1.330254,2.038248,53.165041,53372,-2017,-3.641517,2612374.000000,55378.000000,2.165744,1866610.868000,15324.900300,0.827798,1105804.000000,789953.677520,1076657.190480,42.320212,164381240.000000,118880512.768000,-86932.000000,-0.052856,-773939.140633,-0.646812,0.931600,0.001100,0.118216,48.230000,51.770000,2.196400,-0.005200,-0.236192,68.720000,31.280000,1.077300,0.003900,0.363331,51.860000,48.140000,binance_kline_quote_asset_volume,0.000000,0.000000,0.000000,0.000000,OK
279,2026-06-07 11:00:00 UTC,HUSDT,0.713600,0.725750,0.713600,0.720580,0.007030,0.985215,0.978139,1.702635,55.620935,64622,11250,21.078468,3753638.000000,1141264.000000,43.686853,2705346.550000,838735.682000,44.933612,1383029.000000,996827.323330,1708519.226670,36.846567,163941173.000000,117020115.799776,-440067.000000,-0.267711,-1860396.968224,-1.564930,0.948200,0.016600,1.781881,48.670000,51.330000,2.192800,-0.003600,-0.163905,68.680000,31.320000,1.093400,0.016100,1.494477,52.230000,47.770000,binance_kline_quote_asset_volume,0.000000,0.000000,0.000000,0.000000,OK
280,2026-06-07 11:15:00 UTC,HUSDT,0.720580,0.740740,0.713260,0.737860,0.017280,2.398068,2.398068,3.813595,61.030227,56383,-8239,-12.749528,2727407.000000,-1026231.000000,-27.339637,1975949.428310,-729397.121690,-26.961319,1357123.000000,985296.405230,990653.023080,49.864455,163871371.000000,118113009.274295,-69802.000000,-0.042577,1092893.474519,0.933936,0.954300,0.006100,0.643324,48.830000,51.170000,2.190900,-0.001900,-0.086647,68.660000,31.340000,1.095100,0.001700,0.155478,52.270000,47.730000,binance_kline_quote_asset_volume,0.000000,0.000000,0.000000,0.000000,OK
281,2026-06-07 11:30:00 UTC,HUSDT,0.737690,0.753940,0.732320,0.752760,0.014900,2.019353,2.042864,2.930770,64.992550,58746,2363,4.190980,3097882.000000,370475.000000,13.583415,2309514.607670,333565.179360,16.881261,1912663.000000,1426174.516750,883340.090920,61.752132,163620519.000000,120762331.288751,-250852.000000,-0.153079,2649322.014456,2.243040,0.943600,-0.010700,-1.121241,48.550000,51.450000,2.178100,-0.012800,-0.584235,68.540000,31.460000,1.085900,-0.009200,-0.840106,52.060000,47.940000,binance_kline_quote_asset_volume,0.000000,0.000000,0.000000,0.000000,OK
282,2026-06-07 11:45:00 UTC,HUSDT,0.752790,0.773520,0.750410,0.769830,0.017070,2.267655,2.263579,3.069913,68.894576,74159,15413,26.236680,3579014.000000,481132.000000,15.530998,2726770.879170,417256.271500,18.066838,2177224.000000,1659672.090710,1067098.788460,60.865843,163701406.000000,123267158.718000,80887.000000,0.049436,2504827.429249,2.074179,0.923800,-0.019800,-2.098347,48.020000,51.980000,2.167900,-0.010200,-0.468298,68.430000,31.570000,1.068700,-0.017200,-1.583940,51.660000,48.340000,binance_kline_quote_asset_volume,0.000000,0.000000,0.000000,0.000000,OK
283,2026-06-07 12:00:00 UTC,HUSDT,0.769820,0.771190,0.738880,0.741750,-0.028080,-3.647559,-3.646307,4.197085,57.533953,76081,1922,2.591729,3687735.000000,108721.000000,3.037736,2770919.558770,44148.679600,1.619083,1783056.000000,1340818.206350,1430101.352420,48.388926,163411014.000000,126048719.759040,-290392.000000,-0.177391,2781561.041040,2.256531,0.909900,-0.013900,-1.504655,47.640000,52.360000,2.156400,-0.011500,-0.530467,68.320000,31.680000,1.060200,-0.008500,-0.795359,51.460000,48.540000,binance_kline_quote_asset_volume,0.000000,0.000000,0.000000,0.000000,OK
284,2026-06-07 12:15:00 UTC,HUSDT,0.741720,0.759980,0.737300,0.750470,0.008720,1.175598,1.179690,3.057758,59.753427,55568,-20513,-26.962054,2283095.000000,-1404640.000000,-38.089505,1707994.835500,-1062924.723270,-38.359999,1135429.000000,849945.327460,858049.508040,49.762757,163032717.000000,121151861.854195,-378297.000000,-0.231500,-4896857.904845,-3.884893,0.922000,0.012100,1.329816,47.970000,52.030000,2.157900,0.001500,0.069560,68.330000,31.670000,1.065300,0.005100,0.481041,51.580000,48.420000,binance_kline_quote_asset_volume,0.000000,0.000000,0.000000,0.000000,OK
285,2026-06-07 12:30:00 UTC,HUSDT,0.750570,0.758830,0.741600,0.742680,-0.007790,-1.038016,-1.051201,2.295589,56.892738,45622,-9946,-17.898791,1601159.000000,-681936.000000,-29.868928,1198267.971280,-509726.864220,-29.843583,714171.000000,534819.635010,663448.336270,44.632724,162693076.000000,122149961.460800,-339641.000000,-0.208327,998099.606605,0.823842,0.915700,-0.006300,-0.683297,47.800000,52.200000,2.159400,0.001500,0.069512,68.350000,31.650000,1.062700,-0.002600,-0.244063,51.520000,48.480000,binance_kline_quote_asset_volume,0.000000,0.000000,0.000000,0.000000,OK
286,2026-06-07 12:45:00 UTC,HUSDT,0.742580,0.754820,0.741160,0.743580,0.000900,0.121183,0.134666,1.839532,57.147990,38175,-7447,-16.323265,1244551.000000,-356608.000000,-22.271867,930932.634470,-267335.336810,-22.310146,536468.000000,401152.827240,529779.807230,43.091499,162390348.000000,120574966.550085,-302728.000000,-0.186073,-1574994.910715,-1.289395,0.916100,0.000400,0.043682,47.810000,52.190000,2.164400,0.005000,0.231546,68.400000,31.600000,1.058900,-0.003800,-0.357580,51.430000,48.570000,binance_kline_quote_asset_volume,0.000000,0.000000,0.000000,0.000000,OK
287,2026-06-07 13:00:00 UTC,HUSDT,0.743580,0.758490,0.742970,0.758150,0.014570,1.959439,1.959439,2.087200,61.157801,43879,5704,14.941716,1532195.000000,287644.000000,23.112271,1150413.447640,219480.813170,23.576444,754840.000000,566634.788870,583778.658770,49.254882,162123068.000000,120728392.565087,-267280.000000,-0.164591,153426.015002,0.127245,0.914200,-0.001900,-0.207401,47.760000,52.240000,2.162500,-0.001900,-0.087784,68.380000,31.620000,1.054200,-0.004700,-0.443857,51.320000,48.680000,binance_kline_quote_asset_volume,0.000000,0.000000,0.000000,0.000000,OK
288,2026-06-07 13:15:00 UTC,HUSDT,0.758030,0.762520,0.751700,0.761450,0.003300,0.435270,0.451169,1.427384,62.024553,38270,-5609,-12.782880,1412646.000000,-119549.000000,-7.802466,1069583.422600,-80830.025040,-7.026172,592350.000000,448814.479440,620768.943160,41.961615,161925271.000000,122812221.789950,-197797.000000,-0.122004,2083829.224863,1.726047,0.923800,0.009600,1.050098,48.020000,51.980000,2.165100,0.002600,0.120231,68.410000,31.590000,1.057600,0.003400,0.322519,51.400000,48.600000,binance_kline_quote_asset_volume,0.000000,0.000000,0.000000,0.000000,OK
289,2026-06-07 13:30:00 UTC,HUSDT,0.761490,0.765650,0.750010,0.758420,-0.003030,-0.397925,-0.403157,2.053868,60.685526,41709,3439,8.986151,1577367.000000,164721.000000,11.660458,1195997.754810,126414.332210,11.819025,694929.000000,527179.042670,668818.712140,44.078598,161720392.000000,123234173.111840,-204879.000000,-0.126527,421951.321890,0.343574,0.915700,-0.008100,-0.876813,47.800000,52.200000,2.165600,0.000500,0.023094,68.410000,31.590000,1.054200,-0.003400,-0.321483,51.320000,48.680000,binance_kline_quote_asset_volume,0.000000,0.000000,0.000000,0.000000,OK
290,2026-06-07 13:45:00 UTC,HUSDT,0.758460,0.764500,0.753410,0.763620,0.005200,0.685636,0.680326,1.462173,62.193980,36547,-5162,-12.376226,1160882.000000,-416485.000000,-26.403811,882116.668490,-313881.086320,-26.244287,508492.000000,386349.223770,495767.444720,43.797973,161545284.000000,122671939.589095,-175108.000000,-0.108278,-562233.522745,-0.456232,0.915300,-0.000400,-0.043682,47.790000,52.210000,2.165100,-0.000500,-0.023088,68.410000,31.590000,1.048800,-0.005400,-0.512237,51.190000,48.810000,binance_kline_quote_asset_volume,0.000000,0.000000,0.000000,0.000000,OK
291,2026-06-07 14:00:00 UTC,HUSDT,0.763620,0.769810,0.761270,0.767110,0.003490,0.457034,0.457034,1.118357,63.214137,33902,-2645,-7.237256,1193538.000000,32656.000000,2.813034,914061.119840,31944.451350,3.621341,534410.000000,409320.921880,504740.197960,44.780476,161301027.000000,123198498.402060,-244257.000000,-0.151200,526558.812965,0.429241,0.922700,0.007400,0.808478,47.990000,52.010000,2.166500,0.001400,0.064662,68.420000,31.580000,1.058000,0.009200,0.877193,51.410000,48.590000,binance_kline_quote_asset_volume,0.000000,0.000000,0.000000,0.000000,OK
292,2026-06-07 14:15:00 UTC,HUSDT,0.767010,0.782430,0.764870,0.781750,0.014640,1.908462,1.921748,2.289410,67.211129,52877,18975,55.970149,2504484.000000,1310946.000000,109.836972,1939221.493540,1025160.373700,112.154467,1400444.000000,1084836.107900,854385.385640,55.941836,161191944.000000,123717176.870060,-109083.000000,-0.067627,518678.468000,0.421010,0.926000,0.003300,0.357646,48.080000,51.920000,2.168900,0.002400,0.110778,68.440000,31.560000,1.055900,-0.002100,-0.198488,51.360000,48.640000,binance_kline_quote_asset_volume,0.000000,0.000000,0.000000,0.000000,OK
293,2026-06-07 14:30:00 UTC,HUSDT,0.781750,0.793020,0.772410,0.790330,0.008580,1.097538,1.097538,2.636393,69.315408,57477,4600,8.699435,2547570.000000,43086.000000,1.720354,1993717.437350,54495.943810,2.810197,1343969.000000,1053387.636030,940329.801320,52.835353,161153451.000000,125796383.850600,-38493.000000,-0.023880,2079206.980540,1.680613,0.927900,0.001900,0.205184,48.130000,51.870000,2.162100,-0.006800,-0.313523,68.380000,31.620000,1.064000,0.008100,0.767118,51.550000,48.450000,binance_kline_quote_asset_volume,0.000000,0.000000,0.000000,0.000000,OK
294,2026-06-07 14:45:00 UTC,HUSDT,0.790610,0.796000,0.783360,0.787450,-0.002880,-0.364405,-0.399691,1.598766,67.743828,57261,-216,-0.375802,2378318.000000,-169252.000000,-6.643664,1878935.251300,-114782.186050,-5.757194,1129068.000000,892202.740710,986732.510590,47.484486,161110875.000000,127336812.385432,-42576.000000,-0.026420,1540428.534832,1.224541,0.922700,-0.005200,-0.560405,47.990000,52.010000,2.160700,-0.001400,-0.064752,68.360000,31.640000,1.060600,-0.003400,-0.319549,51.470000,48.530000,binance_kline_quote_asset_volume,0.000000,0.000000,0.000000,0.000000,OK
295,2026-06-07 15:00:00 UTC,HUSDT,0.787450,0.802780,0.775070,0.779500,-0.007950,-1.009588,-1.009588,3.518954,63.466148,70304,13043,22.778156,3373376.000000,995058.000000,41.838728,2671196.219940,792260.968640,42.165422,1455355.000000,1153833.550470,1517362.669470,43.195387,160894920.000000,126756834.403502,-215955.000000,-0.134041,-579977.981930,-0.455468,0.930500,0.007800,0.845345,48.200000,51.800000,2.157400,-0.003300,-0.152728,68.330000,31.670000,1.065700,0.005100,0.480860,51.590000,48.410000,binance_kline_quote_asset_volume,0.000000,0.000000,0.000000,0.000000,OK
296,2026-06-07 15:15:00 UTC,HUSDT,0.779750,0.794230,0.778820,0.789440,0.009940,1.275176,1.242706,1.976274,66.328998,61197,-9107,-12.953744,2917239.000000,-456137.000000,-13.521677,2294269.774440,-376926.445500,-14.110773,1621861.000000,1274897.564090,1019372.210350,55.568773,160709990.000000,125297543.703500,-184930.000000,-0.114938,-1459290.700002,-1.151252,0.908800,-0.021700,-2.332080,47.610000,52.390000,2.150700,-0.006700,-0.310559,68.260000,31.740000,1.037900,-0.027800,-2.608614,50.930000,49.070000,binance_kline_quote_asset_volume,0.000000,0.000000,0.000000,0.000000,OK
297,2026-06-07 15:30:00 UTC,HUSDT,0.789400,0.793860,0.773980,0.790170,0.000730,0.092471,0.097542,2.518368,66.536392,58468,-2729,-4.459369,2128307.000000,-788932.000000,-27.043790,1676049.704640,-618220.069800,-26.946267,1046210.000000,823777.315360,852272.389280,49.149934,160106693.000000,126298081.784974,-603297.000000,-0.375395,1000538.081474,0.798530,0.912000,0.003200,0.352113,47.700000,52.300000,2.132700,-0.018000,-0.836937,68.080000,31.920000,1.041200,0.003300,0.317950,51.010000,48.990000,binance_kline_quote_asset_volume,0.000000,0.000000,0.000000,0.000000,OK
298,2026-06-07 15:45:00 UTC,HUSDT,0.790170,0.796800,0.783560,0.789990,-0.000180,-0.022780,-0.022780,1.675589,66.427743,61365,2897,4.954847,2122817.000000,-5490.000000,-0.257952,1679319.177220,3269.472580,0.195070,1153490.000000,912529.567630,766789.609590,54.339257,159692656.000000,126215150.704862,-414037.000000,-0.258601,-82931.080112,-0.065663,0.896500,-0.015500,-1.699561,47.270000,52.730000,2.125500,-0.007200,-0.337600,68.010000,31.990000,1.030000,-0.011200,-1.075682,50.740000,49.260000,binance_kline_quote_asset_volume,0.000000,0.000000,0.000000,0.000000,OK
299,2026-06-07 16:00:00 UTC,HUSDT,0.789960,0.802110,0.787200,0.799820,0.009830,1.244320,1.248164,1.887437,69.369367,50081,-11284,-18.388332,1771743.000000,-351074.000000,-16.538119,1406164.137530,-273155.039690,-16.265820,968616.000000,768653.364800,637510.772730,54.663132,159199911.000000,125729584.799437,-492745.000000,-0.308558,-485565.905426,-0.384713,0.892900,-0.003600,-0.401562,47.170000,52.830000,2.111600,-0.013900,-0.653964,67.860000,32.140000,1.028000,-0.002000,-0.194175,50.690000,49.310000,binance_kline_quote_asset_volume,0.000000,0.000000,0.000000,0.000000,OK
300,2026-06-07 16:15:00 UTC,HUSDT,0.799750,0.843700,0.792360,0.834770,0.034950,4.369733,4.378868,6.419506,77.064197,99713,49632,99.103452,5916272.000000,4144529.000000,233.923825,4874921.626840,3468757.489310,246.682261,3226901.000000,2659140.322170,2215781.304670,54.547345,159054957.000000,127224879.005160,-144954.000000,-0.091052,1495294.205723,1.189294,0.901100,0.008200,0.918356,47.400000,52.600000,2.103300,-0.008300,-0.393067,67.780000,32.220000,1.030500,0.002500,0.243191,50.750000,49.250000,binance_kline_quote_asset_volume,0.000000,0.000000,0.000000,0.000000,OK
301,2026-06-07 16:30:00 UTC,HUSDT,0.834560,0.852980,0.823000,0.825410,-0.009360,-1.121267,-1.096386,3.592312,71.857878,112730,13017,13.054466,5626430.000000,-289842.000000,-4.899065,4730510.742430,-144410.884410,-2.962322,2902117.000000,2442277.451200,2288233.291230,51.628198,159288158.000000,133003079.248288,233201.000000,0.146617,5778200.243128,4.541722,0.893600,-0.007500,-0.832316,47.190000,52.810000,2.097000,-0.006300,-0.299529,67.710000,32.290000,1.019800,-0.010700,-1.038331,50.490000,49.510000,binance_kline_quote_asset_volume,0.000000,0.000000,0.000000,0.000000,OK
302,2026-06-07 16:45:00 UTC,HUSDT,0.825340,0.827970,0.798900,0.808550,-0.016860,-2.042621,-2.034313,3.522185,63.531881,90313,-22417,-19.885567,4324523.000000,-1301907.000000,-23.139131,3497624.344560,-1232886.397870,-26.062437,2114398.000000,1709731.180140,1787893.164420,48.882642,158900442.000000,131205634.704683,-387716.000000,-0.243405,-1797444.543605,-1.351431,0.880400,-0.013200,-1.477171,46.820000,53.180000,2.103600,0.006600,0.314735,67.780000,32.220000,0.997600,-0.022200,-2.176897,49.940000,50.060000,binance_kline_quote_asset_volume,0.000000,0.000000,0.000000,0.000000,OK
303,2026-06-07 17:00:00 UTC,HUSDT,0.808430,0.824890,0.806960,0.816750,0.008200,1.014161,1.029155,2.217879,65.618430,63566,-26747,-29.615891,2605199.000000,-1719324.000000,-39.757541,2130166.334560,-1367458.010000,-39.096766,1283507.000000,1049767.702230,1080398.632330,49.281020,158318836.000000,127827880.488393,-581606.000000,-0.366019,-3377754.216290,-2.574397,0.878600,-0.001800,-0.204453,46.770000,53.230000,2.091300,-0.012300,-0.584712,67.650000,32.350000,1.000800,0.003200,0.320770,50.020000,49.980000,binance_kline_quote_asset_volume,0.000000,0.000000,0.000000,0.000000,OK
304,2026-06-07 17:15:00 UTC,HUSDT,0.816800,0.818580,0.774180,0.784030,-0.032720,-4.006122,-4.011998,5.435847,52.668912,84593,21027,33.079004,3951618.000000,1346419.000000,51.682002,3142831.771500,1012665.436940,47.539266,1765578.000000,1405172.975050,1737658.796450,44.710410,158044161.000000,129033574.806840,-274675.000000,-0.173495,1205694.318447,0.943217,0.885400,0.006800,0.773959,46.960000,53.040000,2.090900,-0.000400,-0.019127,67.650000,32.350000,1.015700,0.014900,1.488809,50.390000,49.610000,binance_kline_quote_asset_volume,0.000000,0.000000,0.000000,0.000000,OK
305,2026-06-07 17:30:00 UTC,HUSDT,0.784010,0.800750,0.772320,0.781950,-0.002080,-0.265296,-0.262752,3.626229,51.966828,78080,-6513,-7.699219,3658754.000000,-292864.000000,-7.411243,2882119.468690,-260712.302810,-8.295458,1827824.000000,1440580.931460,1441538.537230,49.983387,157573928.000000,123203009.380468,-470233.000000,-0.297533,-5830565.426372,-4.518642,0.862900,-0.022500,-2.541224,46.320000,53.680000,2.089100,-0.001800,-0.086087,67.630000,32.370000,0.984500,-0.031200,-3.071773,49.610000,50.390000,binance_kline_quote_asset_volume,0.000000,0.000000,0.000000,0.000000,OK
306,2026-06-07 17:45:00 UTC,HUSDT,0.781940,0.792880,0.774800,0.788030,0.006080,0.777543,0.778832,2.312198,53.901238,56610,-21470,-27.497439,2203343.000000,-1455411.000000,-39.778870,1726592.160930,-1155527.307760,-40.092970,1033953.000000,810471.330960,916120.829970,46.940520,157404989.000000,123305982.627405,-168939.000000,-0.107213,102973.246937,0.083580,0.856000,-0.006900,-0.799629,46.120000,53.880000,2.082500,-0.006600,-0.315926,67.560000,32.440000,0.971200,-0.013300,-1.350940,49.270000,50.730000,binance_kline_quote_asset_volume,0.000000,0.000000,0.000000,0.000000,OK
307,2026-06-07 18:00:00 UTC,HUSDT,0.788000,0.817800,0.781350,0.808210,0.020180,2.560816,2.564721,4.625635,59.702094,78849,22239,39.284579,3087921.000000,884578.000000,40.147086,2468432.826300,741840.665370,42.965599,1661748.000000,1330081.306910,1138351.519390,53.883634,157112987.000000,123853738.781970,-292002.000000,-0.185510,547756.154565,0.444225,0.851200,-0.004800,-0.560748,45.980000,54.020000,2.080400,-0.002100,-0.100840,67.540000,32.460000,0.966200,-0.005000,-0.514827,49.140000,50.860000,binance_kline_quote_asset_volume,0.000000,0.000000,0.000000,0.000000,OK
308,2026-06-07 18:15:00 UTC,HUSDT,0.808120,0.813590,0.799280,0.808450,0.000240,0.029695,0.040836,1.770777,59.766936,65037,-13812,-17.517026,2374464.000000,-713457.000000,-23.104769,1913833.521810,-554599.304490,-22.467668,1175850.000000,948090.553310,965742.968500,49.538821,156723012.000000,126708987.971880,-389975.000000,-0.248213,2855249.189910,2.305340,0.842600,-0.008600,-1.010338,45.730000,54.270000,2.075300,-0.005100,-0.245145,67.480000,32.520000,0.960000,-0.006200,-0.641689,48.980000,51.020000,binance_kline_quote_asset_volume,0.000000,0.000000,0.000000,0.000000,OK
309,2026-06-07 18:30:00 UTC,HUSDT,0.808480,0.812680,0.790000,0.792960,-0.015490,-1.916012,-1.919652,2.805264,53.754907,57292,-7745,-11.908606,2083935.000000,-290529.000000,-12.235561,1671445.142010,-242388.379800,-12.665071,888776.000000,713606.708830,957838.433180,42.693995,156419130.000000,126580669.943704,-303882.000000,-0.193897,-128318.028176,-0.101270,0.842000,-0.000600,-0.071208,45.710000,54.290000,2.069500,-0.005800,-0.279478,67.420000,32.580000,0.954700,-0.005300,-0.552083,48.840000,51.160000,binance_kline_quote_asset_volume,0.000000,0.000000,0.000000,0.000000,OK
310,2026-06-07 18:45:00 UTC,HUSDT,0.792970,0.801120,0.787560,0.790840,-0.002120,-0.267353,-0.268610,1.710027,52.969570,43523,-13769,-24.033024,1405467.000000,-678468.000000,-32.557062,1116540.207870,-554904.934140,-33.199111,627080.000000,498363.751460,618176.456410,44.634644,156073758.000000,124194463.067287,-345372.000000,-0.220799,-2386206.876417,-1.885127,0.842000,0.000000,0.000000,45.710000,54.290000,2.066000,-0.003500,-0.169123,67.380000,32.620000,0.956900,0.002200,0.230439,48.900000,51.100000,binance_kline_quote_asset_volume,0.000000,0.000000,0.000000,0.000000,OK
311,2026-06-07 19:00:00 UTC,HUSDT,0.791090,0.793670,0.755860,0.760000,-0.030840,-3.899651,-3.930021,4.779481,43.104071,65379,21856,50.217127,3637531.000000,2232064.000000,158.812978,2806674.612940,1690134.405070,151.372462,1534809.000000,1184237.217550,1622437.395390,42.193606,155982571.000000,123371294.881030,-91187.000000,-0.058426,-823168.186257,-0.662806,0.841600,-0.000400,-0.047506,45.700000,54.300000,2.063900,-0.002100,-0.101646,67.360000,32.640000,0.953100,-0.003800,-0.397116,48.800000,51.200000,binance_kline_quote_asset_volume,0.000000,0.000000,0.000000,0.000000,OK
312,2026-06-07 19:15:00 UTC,HUSDT,0.760020,0.765470,0.744820,0.748870,-0.011130,-1.464474,-1.467067,2.717034,40.194526,52366,-13013,-19.903945,2788613.000000,-848918.000000,-23.337753,2099669.349040,-707005.263900,-25.190140,1158900.000000,872838.721520,1226830.627520,41.570294,155940917.000000,118616458.516050,-41654.000000,-0.026704,-4754836.364980,-3.854086,0.823800,-0.017800,-2.115019,45.170000,54.830000,2.061900,-0.002000,-0.096904,67.340000,32.660000,0.919000,-0.034100,-3.577799,47.890000,52.110000,binance_kline_quote_asset_volume,0.000000,0.000000,0.000000,0.000000,OK
313,2026-06-07 19:30:00 UTC,HUSDT,0.748890,0.756650,0.736550,0.751950,0.003080,0.411286,0.408605,2.683972,41.373864,48400,-3966,-7.573616,2381017.000000,-407596.000000,-14.616442,1774398.141020,-325271.208020,-15.491544,1023327.000000,764072.696230,1010325.444790,43.060950,155808690.000000,116721665.078805,-132227.000000,-0.084793,-1894793.437245,-1.597412,0.811600,-0.012200,-1.480942,44.800000,55.200000,2.059200,-0.002700,-0.130947,67.310000,32.690000,0.899000,-0.020000,-2.176279,47.340000,52.660000,binance_kline_quote_asset_volume,0.000000,0.000000,0.000000,0.000000,OK
314,2026-06-07 19:45:00 UTC,HUSDT,0.751960,0.753690,0.704800,0.712520,-0.039430,-5.243700,-5.244960,6.501676,32.529999,91738,43338,89.541322,5526335.000000,3145318.000000,132.099771,3990420.954750,2216022.813730,124.888702,1885220.000000,1359982.489470,2630438.465280,34.081179,155685101.000000,117222692.016687,-123589.000000,-0.079321,501026.937882,0.429249,0.800200,-0.011400,-1.404633,44.450000,55.550000,2.055800,-0.003400,-0.165113,67.280000,32.720000,0.891400,-0.007600,-0.845384,47.130000,52.870000,binance_kline_quote_asset_volume,0.000000,0.000000,0.000000,0.000000,OK
315,2026-06-07 20:00:00 UTC,HUSDT,0.712520,0.730330,0.697380,0.721740,0.009220,1.293999,1.293999,4.624432,35.976243,65015,-26723,-29.129695,2977722.000000,-2548613.000000,-46.117599,2131059.886200,-1859361.068550,-46.595612,1444711.000000,1036379.286920,1094680.599280,48.632105,155704821.000000,110928728.014246,19720.000000,0.012667,-6293964.002441,-5.369237,0.798200,-0.002000,-0.249938,44.390000,55.610000,2.051500,-0.004300,-0.209164,67.230000,32.770000,0.890400,-0.001000,-0.112183,47.100000,52.900000,binance_kline_quote_asset_volume,0.000000,0.000000,0.000000,0.000000,OK
316,2026-06-07 20:15:00 UTC,HUSDT,0.721770,0.735850,0.705610,0.733740,0.012000,1.662649,1.658423,4.189700,40.253660,43371,-21644,-33.290779,1757219.000000,-1220503.000000,-40.987809,1267648.075440,-863411.810760,-40.515605,881656.000000,637545.106570,630102.968870,50.293541,155695401.000000,112363813.947690,-9420.000000,-0.006050,1435085.933444,1.293701,0.802100,0.003900,0.488599,44.510000,55.490000,2.046700,-0.004800,-0.233975,67.180000,32.820000,0.892500,0.002100,0.235849,47.160000,52.840000,binance_kline_quote_asset_volume,0.000000,0.000000,0.000000,0.000000,OK
317,2026-06-07 20:30:00 UTC,HUSDT,0.733860,0.737840,0.722060,0.732300,-0.001440,-0.196255,-0.212575,2.150274,39.909089,30111,-13260,-30.573425,1183216.000000,-574003.000000,-32.665422,864130.590140,-403517.485300,-31.831980,671614.000000,490524.478230,373606.111910,56.765087,155515635.000000,114108042.024900,-179766.000000,-0.115460,1744228.077210,1.552304,0.806700,0.004600,0.573495,44.650000,55.350000,2.043600,-0.003100,-0.151463,67.140000,32.860000,0.900800,0.008300,0.929972,47.390000,52.610000,binance_kline_quote_asset_volume,0.000000,0.000000,0.000000,0.000000,OK
318,2026-06-07 20:45:00 UTC,HUSDT,0.732300,0.743240,0.730890,0.732400,0.000100,0.013656,0.013656,1.686467,39.947533,31119,1008,3.347614,1116218.000000,-66998.000000,-5.662364,823262.819180,-40867.770960,-4.729351,614660.000000,453309.586090,369953.233090,55.062560,155312050.000000,113687777.608113,-203585.000000,-0.130910,-420264.416787,-0.368304,0.806400,-0.000300,-0.037189,44.640000,55.360000,2.041700,-0.001900,-0.092973,67.120000,32.880000,0.896500,-0.004300,-0.477353,47.270000,52.730000,binance_kline_quote_asset_volume,0.000000,0.000000,0.000000,0.000000,OK
319,2026-06-07 21:00:00 UTC,HUSDT,0.732370,0.740240,0.728230,0.729930,-0.002470,-0.337247,-0.333165,1.639881,39.279096,35286,4167,13.390533,1911419.000000,795201.000000,71.240654,1404946.486490,581683.667310,70.655889,919234.000000,675775.633490,729170.853000,48.099742,155086365.000000,113656370.129534,-225685.000000,-0.145311,-31407.478579,-0.027626,0.814900,0.008500,1.054067,44.900000,55.100000,2.040800,-0.000900,-0.044081,67.110000,32.890000,0.906900,0.010400,1.160067,47.560000,52.440000,binance_kline_quote_asset_volume,0.000000,0.000000,0.000000,0.000000,OK
320,2026-06-07 21:15:00 UTC,HUSDT,0.729640,0.740920,0.727980,0.737380,0.007450,1.020646,1.060797,1.773477,42.409259,18629,-16657,-47.205691,1358298.000000,-553121.000000,-28.937716,996487.197160,-408459.289330,-29.072943,640190.000000,469693.649260,526793.547900,47.134941,155021315.000000,113088889.508027,-65050.000000,-0.041944,-567480.621507,-0.499295,0.813200,-0.001700,-0.208615,44.850000,55.150000,2.040100,-0.000700,-0.034300,67.110000,32.890000,0.905900,-0.001000,-0.110266,47.530000,52.470000,binance_kline_quote_asset_volume,0.000000,0.000000,0.000000,0.000000,OK
321,2026-06-07 21:30:00 UTC,HUSDT,0.737170,0.739320,0.729400,0.737980,0.000600,0.081369,0.109880,1.345687,42.665603,13875,-4754,-25.519352,892245.000000,-466053.000000,-34.311543,655508.396620,-340978.800540,-34.218081,347573.000000,255465.904350,400042.492270,38.972179,154994930.000000,114385140.826555,-26385.000000,-0.017020,1296251.318527,1.146223,0.805400,-0.007800,-0.959174,44.610000,55.390000,2.039200,-0.000900,-0.044115,67.100000,32.900000,0.901900,-0.004000,-0.441550,47.420000,52.580000,binance_kline_quote_asset_volume,0.000000,0.000000,0.000000,0.000000,OK
322,2026-06-07 21:45:00 UTC,HUSDT,0.737930,0.740750,0.731280,0.735220,-0.002760,-0.373994,-0.367244,1.283320,41.745113,19188,5313,38.291892,899319.000000,7074.000000,0.792832,661858.724890,6350.328270,0.968764,455575.000000,335426.066320,326432.658570,50.679405,155012006.000000,114395760.187880,17076.000000,0.011017,10619.361325,0.009284,0.803800,-0.001600,-0.198659,44.560000,55.440000,2.037400,-0.001800,-0.088270,67.080000,32.920000,0.899000,-0.002900,-0.321543,47.340000,52.660000,binance_kline_quote_asset_volume,0.000000,0.000000,0.000000,0.000000,OK
323,2026-06-07 22:00:00 UTC,HUSDT,0.735220,0.752430,0.728610,0.752430,0.017210,2.340796,2.340796,3.239847,49.116877,24692,5504,28.684595,984951.000000,85632.000000,9.521872,727231.036540,65372.311650,9.877079,487500.000000,360573.801120,366657.235420,49.581740,154889595.000000,113801960.885136,-122411.000000,-0.078969,-593799.302744,-0.519075,0.798200,-0.005600,-0.696691,44.390000,55.610000,2.038000,0.000600,0.029449,67.080000,32.920000,0.892100,-0.006900,-0.767519,47.150000,52.850000,binance_kline_quote_asset_volume,0.000000,0.000000,0.000000,0.000000,OK
324,2026-06-07 22:15:00 UTC,HUSDT,0.751860,0.753250,0.730700,0.736010,-0.016420,-2.182263,-2.108105,2.999229,43.465426,31497,6805,27.559533,1433393.000000,448442.000000,45.529372,1065519.708790,338288.672250,46.517359,622873.000000,462958.021200,602561.687590,43.449034,154793422.000000,116003218.275122,-96173.000000,-0.062091,2201257.389986,1.934288,0.796600,-0.001600,-0.200451,44.340000,55.660000,2.037700,-0.000300,-0.014720,67.080000,32.920000,0.894700,0.002600,0.291447,47.220000,52.780000,binance_kline_quote_asset_volume,0.000000,0.000000,0.000000,0.000000,OK
325,2026-06-07 22:30:00 UTC,HUSDT,0.735890,0.735890,0.728320,0.730290,-0.005720,-0.777163,-0.760983,1.028686,41.666856,20138,-11359,-36.063752,652744.000000,-780649.000000,-54.461617,477488.059920,-588031.648870,-55.187309,291761.000000,213467.827350,264020.232570,44.706422,154540836.000000,113703633.353354,-252586.000000,-0.163176,-2299584.921768,-1.982346,0.802100,0.005500,0.690434,44.510000,55.490000,2.039200,0.001500,0.073612,67.100000,32.900000,0.901500,0.006800,0.760031,47.410000,52.590000,binance_kline_quote_asset_volume,0.000000,0.000000,0.000000,0.000000,OK
326,2026-06-07 22:45:00 UTC,HUSDT,0.730260,0.732540,0.718270,0.721990,-0.008300,-1.136535,-1.132473,1.954099,39.136222,20721,583,2.895024,878979.000000,226235.000000,34.659070,636984.765220,159496.705300,33.403287,332378.000000,240868.259080,396116.506140,37.813818,154443645.000000,112793282.816400,-97191.000000,-0.062890,-910350.536954,-0.800635,0.802800,0.000700,0.087271,44.530000,55.470000,2.039000,-0.000200,-0.009808,67.090000,32.910000,0.901900,0.000400,0.044370,47.420000,52.580000,binance_kline_quote_asset_volume,0.000000,0.000000,0.000000,0.000000,OK
327,2026-06-07 23:00:00 UTC,HUSDT,0.722060,0.726330,0.718720,0.725160,0.003170,0.439064,0.429327,1.053929,40.619586,25201,4480,21.620578,1004771.000000,125792.000000,14.311150,726530.811020,89546.045800,14.057800,528213.000000,381904.252910,344626.558110,52.565459,154317589.000000,111408040.202660,-126056.000000,-0.081619,-1385242.613740,-1.228125,0.807300,0.004500,0.560538,44.670000,55.330000,2.036900,-0.002100,-0.102992,67.070000,32.930000,0.905100,0.003200,0.354807,47.510000,52.490000,binance_kline_quote_asset_volume,0.000000,0.000000,0.000000,0.000000,OK
328,2026-06-07 23:15:00 UTC,HUSDT,0.725150,0.731700,0.722480,0.724580,-0.000580,-0.079982,-0.078604,1.271461,40.425454,21440,-3761,-14.924011,619040.000000,-385731.000000,-38.389942,450056.927810,-276473.883210,-38.053979,292102.000000,212375.718700,237681.209110,47.188634,154246150.000000,111826809.858656,-71439.000000,-0.046293,418769.655997,0.375888,0.809600,0.002300,0.284900,44.740000,55.260000,2.038600,0.001700,0.083460,67.090000,32.910000,0.906200,0.001100,0.121534,47.540000,52.460000,binance_kline_quote_asset_volume,0.000000,0.000000,0.000000,0.000000,OK
329,2026-06-07 23:30:00 UTC,HUSDT,0.724660,0.724660,0.706180,0.713760,-0.010820,-1.493279,-1.504154,2.550161,36.883986,23200,1760,8.208955,895253.000000,276213.000000,44.619572,639532.403070,189475.475260,42.100335,407279.000000,290891.663580,348640.739490,45.485055,154155709.000000,111759805.910820,-90441.000000,-0.058634,-67003.947836,-0.059918,0.808300,-0.001300,-0.160573,44.700000,55.300000,2.039000,0.000400,0.019621,67.090000,32.910000,0.905100,-0.001100,-0.121386,47.510000,52.490000,binance_kline_quote_asset_volume,0.000000,0.000000,0.000000,0.000000,OK
330,2026-06-07 23:45:00 UTC,HUSDT,0.713740,0.715720,0.707090,0.714800,0.001040,0.145707,0.148513,1.209124,37.451189,21897,-1303,-5.616379,848696.000000,-46557.000000,-5.200429,603496.615500,-36035.787570,-5.634709,365734.000000,260135.632020,343360.983480,43.104738,154058311.000000,109979336.548403,-97398.000000,-0.063182,-1780469.362417,-1.593121,0.810000,0.001700,0.210318,44.750000,55.250000,2.039800,0.000800,0.039235,67.100000,32.900000,0.902900,-0.002200,-0.243067,47.450000,52.550000,binance_kline_quote_asset_volume,0.000000,0.000000,0.000000,0.000000,OK
331,2026-06-08 00:00:00 UTC,HUSDT,0.714800,0.718200,0.700170,0.703360,-0.011440,-1.600448,-1.600448,2.522384,33.847835,23554,1657,7.567247,1060293.000000,211597.000000,24.932013,753331.314050,149834.698550,24.827761,477018.000000,339289.953110,414041.360940,45.038610,154014658.000000,110051173.873900,-43653.000000,-0.028335,71837.325497,0.065319,0.810300,0.000300,0.037037,44.760000,55.240000,2.040500,0.000700,0.034317,67.110000,32.890000,0.905900,0.003000,0.332263,47.530000,52.470000,binance_kline_quote_asset_volume,0.000000,0.000000,0.000000,0.000000,OK
332,2026-06-08 00:15:00 UTC,HUSDT,0.703290,0.706470,0.699450,0.703920,0.000560,0.079618,0.089579,0.998166,34.181672,21994,-1560,-6.623079,910921.000000,-149372.000000,-14.087804,639961.783990,-113369.530060,-15.049093,379674.000000,266805.121850,373156.662140,41.690790,153931362.000000,108270702.089940,-83296.000000,-0.054083,-1780471.783960,-1.617858,0.815500,0.005200,0.641738,44.920000,55.080000,2.041200,0.000700,0.034305,67.120000,32.880000,0.913100,0.007200,0.794790,47.730000,52.270000,binance_kline_quote_asset_volume,0.000000,0.000000,0.000000,0.000000,OK
333,2026-06-08 00:30:00 UTC,HUSDT,0.703920,0.716270,0.700680,0.716110,0.012190,1.731731,1.731731,2.214740,41.144393,26816,4822,21.924161,1260074.000000,349153.000000,38.329669,890237.473560,250275.689570,39.107912,660319.000000,466611.822240,423625.651320,52.414309,153935330.000000,108340411.828758,3968.000000,0.002578,69709.738818,0.064385,0.810900,-0.004600,-0.564071,44.780000,55.220000,2.038900,-0.002300,-0.112679,67.090000,32.910000,0.909500,-0.003600,-0.394261,47.630000,52.370000,binance_kline_quote_asset_volume,0.000000,0.000000,0.000000,0.000000,OK
334,2026-06-08 00:45:00 UTC,HUSDT,0.716010,0.733240,0.714980,0.731950,0.015840,2.211951,2.226226,2.550244,48.733671,29842,3026,11.284308,1472644.000000,212570.000000,16.869644,1065015.711540,174778.237980,19.632766,821038.000000,594399.551570,470616.159970,55.811341,153773411.000000,110112526.414770,-161919.000000,-0.105186,1772114.586012,1.635691,0.813200,0.002300,0.283635,44.850000,55.150000,2.040000,0.001100,0.053951,67.110000,32.890000,0.912000,0.002500,0.274876,47.700000,52.300000,binance_kline_quote_asset_volume,0.000000,0.000000,0.000000,0.000000,OK
335,2026-06-08 01:00:00 UTC,HUSDT,0.731900,0.733930,0.717000,0.720340,-0.011610,-1.586174,-1.579451,2.313158,44.231650,26495,-3347,-11.215736,987426.000000,-485218.000000,-32.948764,716404.745530,-348610.966010,-32.732941,507730.000000,368413.037080,347991.708450,51.425265,153757041.000000,112590756.633817,-16370.000000,-0.010646,2478230.219047,2.250634,0.806400,-0.006800,-0.836203,44.640000,55.360000,2.043800,0.003800,0.186275,67.150000,32.850000,0.914600,0.002600,0.285088,47.770000,52.230000,binance_kline_quote_asset_volume,0.000000,0.000000,0.000000,0.000000,OK
336,2026-06-08 01:15:00 UTC,HUSDT,0.720250,0.723240,0.707750,0.714270,-0.006070,-0.842658,-0.830267,2.150642,42.044739,20185,-6310,-23.815814,785023.000000,-202403.000000,-20.498042,562088.255750,-154316.489780,-21.540406,368424.000000,264125.980130,297962.275620,46.990126,153647845.000000,110704900.989657,-109196.000000,-0.071019,-1885855.644160,-1.674965,0.805100,-0.001300,-0.161210,44.600000,55.400000,2.043800,0.000000,0.000000,67.150000,32.850000,0.916800,0.002200,0.240542,47.830000,52.170000,binance_kline_quote_asset_volume,0.000000,0.000000,0.000000,0.000000,OK
337,2026-06-08 01:30:00 UTC,HUSDT,0.714340,0.726610,0.710310,0.725910,0.011640,1.629636,1.619677,2.281827,47.414030,20512,327,1.620015,617796.000000,-167227.000000,-21.302178,443651.882180,-118436.373570,-21.070779,372364.000000,267511.772940,176140.109240,60.297676,153527155.000000,109679799.532000,-120690.000000,-0.078550,-1025101.457657,-0.925977,0.811900,0.006800,0.844616,44.810000,55.190000,2.043800,0.000000,0.000000,67.150000,32.850000,0.918300,0.001500,0.163613,47.870000,52.130000,binance_kline_quote_asset_volume,0.000000,0.000000,0.000000,0.000000,OK
338,2026-06-08 01:45:00 UTC,HUSDT,0.725870,0.730450,0.716350,0.718170,-0.007740,-1.066248,-1.060796,1.942497,44.464135,22228,1716,8.365835,678478.000000,60682.000000,9.822336,491076.116040,47424.233860,10.689515,382714.000000,277076.970770,213999.145270,56.422408,153423610.000000,111227601.993158,-103545.000000,-0.067444,1547802.461158,1.411201,0.808300,-0.003600,-0.443404,44.700000,55.300000,2.044800,0.001000,0.048928,67.160000,32.840000,0.922300,0.004000,0.435587,47.980000,52.020000,binance_kline_quote_asset_volume,0.000000,0.000000,0.000000,0.000000,OK
339,2026-06-08 02:00:00 UTC,HUSDT,0.718160,0.727230,0.710480,0.714100,-0.004070,-0.566718,-0.565334,2.332349,42.950887,24737,2509,11.287565,1030141.000000,351663.000000,51.831157,740789.002090,249712.886050,50.850139,606867.000000,436782.463900,304006.538190,58.961791,153335229.000000,110120761.410930,-88381.000000,-0.057606,-1106840.582228,-0.995113,0.809000,0.000700,0.086602,44.720000,55.280000,2.044000,-0.000800,-0.039124,67.150000,32.850000,0.923100,0.000800,0.086740,48.000000,52.000000,binance_kline_quote_asset_volume,0.000000,0.000000,0.000000,0.000000,OK
340,2026-06-08 02:15:00 UTC,HUSDT,0.714040,0.718030,0.712770,0.717590,0.003490,0.488727,0.497171,0.736653,44.689192,17804,-6933,-28.026842,461978.000000,-568163.000000,-55.153906,330325.019090,-410463.983000,-55.409028,244875.000000,175097.284700,155227.734390,53.007576,153192418.000000,109454233.203586,-142811.000000,-0.093136,-666528.207344,-0.605270,0.815900,0.006900,0.852905,44.930000,55.070000,2.010800,-0.033200,-1.624266,66.790000,33.210000,0.931600,0.008500,0.920810,48.230000,51.770000,binance_kline_quote_asset_volume,0.000000,0.000000,0.000000,0.000000,OK
341,2026-06-08 02:30:00 UTC,HUSDT,0.717590,0.717890,0.711560,0.716340,-0.001250,-0.174194,-0.174194,0.882119,44.170064,14401,-3403,-19.113682,425058.000000,-36920.000000,-7.991723,303798.521520,-26526.497570,-8.030423,207861.000000,148575.415830,155223.105690,48.905905,153048707.000000,109740938.325128,-143711.000000,-0.093811,286705.121542,0.261941,0.817200,0.001300,0.159333,44.970000,55.030000,2.009500,-0.001300,-0.064651,66.770000,33.230000,0.932700,0.001100,0.118076,48.260000,51.740000,binance_kline_quote_asset_volume,0.000000,0.000000,0.000000,0.000000,OK
342,2026-06-08 02:45:00 UTC,HUSDT,0.716430,0.719670,0.711480,0.718070,0.001730,0.241505,0.228913,1.143168,45.120241,14411,10,0.069440,530957.000000,105899.000000,24.914012,379700.396980,75901.875460,24.984281,247571.000000,177131.536600,202568.860380,46.650343,153015562.000000,109641731.011434,-33145.000000,-0.021657,-99207.313695,-0.090401,0.814900,-0.002300,-0.281449,44.900000,55.100000,2.007900,-0.001600,-0.079622,66.750000,33.250000,0.932000,-0.000700,-0.075051,48.240000,51.760000,binance_kline_quote_asset_volume,0.000000,0.000000,0.000000,0.000000,OK
343,2026-06-08 03:00:00 UTC,HUSDT,0.718120,0.725840,0.713000,0.715850,-0.002220,-0.309162,-0.316103,1.788002,44.083419,17690,3279,22.753452,738979.000000,208022.000000,39.178691,531286.522800,151586.125820,39.922562,331917.000000,238538.951800,292747.571000,44.898363,152881784.000000,109747147.213186,-133778.000000,-0.087428,105416.201752,0.096146,0.812300,-0.002600,-0.319058,44.820000,55.180000,2.004700,-0.003200,-0.159370,66.720000,33.280000,0.930900,-0.001100,-0.118026,48.210000,51.790000,binance_kline_quote_asset_volume,0.000000,0.000000,0.000000,0.000000,OK
344,2026-06-08 03:15:00 UTC,HUSDT,0.715850,0.726350,0.715490,0.724340,0.008490,1.186003,1.186003,1.517078,48.917811,15427,-2263,-12.792538,499796.000000,-239183.000000,-32.366684,360499.654940,-170786.867860,-32.145906,262886.000000,189607.281650,170892.373290,52.595690,152722854.000000,109363015.292980,-158930.000000,-0.103956,-384131.920205,-0.350015,0.813900,0.001600,0.196972,44.870000,55.130000,2.007200,0.002500,0.124707,66.750000,33.250000,0.933100,0.002200,0.236330,48.270000,51.730000,binance_kline_quote_asset_volume,0.000000,0.000000,0.000000,0.000000,OK
345,2026-06-08 03:30:00 UTC,HUSDT,0.724350,0.729330,0.719420,0.726000,0.001660,0.229174,0.227790,1.368123,49.831126,19691,4264,27.639852,752602.000000,252806.000000,50.581837,545711.279250,185211.624310,51.376367,356787.000000,258695.524990,287015.754260,47.405200,152648083.000000,110630171.673420,-74771.000000,-0.048959,1267156.380440,1.158670,0.817500,0.003600,0.442315,44.980000,55.020000,2.006000,-0.001200,-0.059785,66.730000,33.270000,0.929000,-0.004100,-0.439396,48.160000,51.840000,binance_kline_quote_asset_volume,0.000000,0.000000,0.000000,0.000000,OK
346,2026-06-08 03:45:00 UTC,HUSDT,0.726010,0.733090,0.722820,0.726960,0.000960,0.132231,0.130852,1.414581,50.383616,18571,-1120,-5.687878,673095.000000,-79507.000000,-10.564282,491107.446680,-54603.832570,-10.005993,355616.000000,259478.770750,231628.675930,52.835438,152488980.000000,110595682.524600,-159103.000000,-0.104229,-34489.148820,-0.031175,0.818500,0.001000,0.122324,45.010000,54.990000,2.004100,-0.001900,-0.094716,66.710000,33.290000,0.928300,-0.000700,-0.075350,48.140000,51.860000,binance_kline_quote_asset_volume,0.000000,0.000000,0.000000,0.000000,OK
347,2026-06-08 04:00:00 UTC,HUSDT,0.726970,0.727470,0.705160,0.705590,-0.021370,-2.939639,-2.940974,3.068902,39.860382,23213,4642,24.995961,876312.000000,203217.000000,30.191429,629311.863670,138204.416990,28.141381,364564.000000,261954.764780,367357.098890,41.625588,152353730.000000,110758114.635400,-135250.000000,-0.088695,162432.110800,0.146870,0.822200,0.003700,0.452046,45.120000,54.880000,2.002400,-0.001700,-0.084826,66.690000,33.310000,0.935000,0.006700,0.721749,48.320000,51.680000,binance_kline_quote_asset_volume,0.000000,0.000000,0.000000,0.000000,OK
348,2026-06-08 04:15:00 UTC,HUSDT,0.705570,0.718940,0.704070,0.718450,0.012860,1.822588,1.825474,2.107516,47.030218,17737,-5476,-23.590230,629153.000000,-247159.000000,-28.204452,446439.355290,-182872.508380,-29.059123,332635.000000,235994.412810,210444.942480,52.861472,152223151.000000,107468022.374490,-130579.000000,-0.085708,-3290092.260910,-2.970520,0.826800,0.004600,0.559475,45.260000,54.740000,2.001500,-0.000900,-0.044946,66.680000,33.320000,0.941400,0.006400,0.684492,48.490000,51.510000,binance_kline_quote_asset_volume,0.000000,0.000000,0.000000,0.000000,OK
349,2026-06-08 04:30:00 UTC,HUSDT,0.718640,0.721970,0.711830,0.715300,-0.003150,-0.438444,-0.464767,1.410999,45.596274,16596,-1141,-6.432880,576118.000000,-53035.000000,-8.429587,413407.935520,-33031.419770,-7.398859,308808.000000,221658.701410,191749.234110,53.617428,152161927.000000,109319447.641628,-61224.000000,-0.040220,1851425.267138,1.722769,0.824500,-0.002300,-0.278181,45.190000,54.810000,1.999400,-0.002100,-0.104921,66.660000,33.340000,0.937200,-0.004200,-0.446144,48.380000,51.620000,binance_kline_quote_asset_volume,0.000000,0.000000,0.000000,0.000000,OK
350,2026-06-08 04:45:00 UTC,HUSDT,0.715360,0.731000,0.714440,0.723690,0.008390,1.172934,1.164449,2.314918,49.971576,21257,4661,28.085081,835167.000000,259049.000000,44.964573,606178.160650,192770.225130,46.629542,421785.000000,306018.200670,300159.959980,50.483211,152110281.000000,108965526.196000,-51646.000000,-0.033941,-353921.445628,-0.323750,0.819800,-0.004700,-0.570042,45.050000,54.950000,1.997400,-0.002000,-0.100030,66.640000,33.360000,0.930100,-0.007100,-0.757576,48.190000,51.810000,binance_kline_quote_asset_volume,0.000000,0.000000,0.000000,0.000000,OK
351,2026-06-08 05:00:00 UTC,HUSDT,0.723740,0.728950,0.711320,0.712240,-0.011450,-1.582169,-1.588968,2.435958,44.689408,15750,-5507,-25.906760,672255.000000,-162912.000000,-19.506518,483045.647320,-123132.513330,-20.312925,386566.000000,277478.203240,205567.444080,57.443474,151996239.000000,110190928.951984,-114042.000000,-0.074973,1225402.755984,1.124578,0.819800,0.000000,0.000000,45.050000,54.950000,1.993800,-0.003600,-0.180234,66.600000,33.400000,0.935000,0.004900,0.526825,48.320000,51.680000,binance_kline_quote_asset_volume,0.000000,0.000000,0.000000,0.000000,OK
352,2026-06-08 05:15:00 UTC,HUSDT,0.712240,0.724680,0.710000,0.724610,0.012370,1.736774,1.736774,2.061103,50.746637,14745,-1005,-6.380952,533618.000000,-138637.000000,-20.622680,382959.192070,-100086.455250,-20.719875,295742.000000,212360.335240,170598.856830,55.452471,151963467.000000,108234459.736080,-32772.000000,-0.021561,-1956469.215904,-1.775527,0.819500,-0.000300,-0.036594,45.040000,54.960000,1.990000,-0.003800,-0.190591,66.560000,33.440000,0.933100,-0.001900,-0.203209,48.270000,51.730000,binance_kline_quote_asset_volume,0.000000,0.000000,0.000000,0.000000,OK
353,2026-06-08 05:30:00 UTC,HUSDT,0.724580,0.728750,0.719790,0.720070,-0.004540,-0.626544,-0.622430,1.236578,48.641207,16255,1510,10.240760,644224.000000,110606.000000,20.727562,466369.066100,83409.874030,21.780356,289537.000000,209699.265770,256669.800330,44.964231,151907505.000000,109916352.923446,-55962.000000,-0.036826,1681893.187366,1.553935,0.813200,-0.006300,-0.768761,44.850000,55.150000,1.989600,-0.000400,-0.020101,66.550000,33.450000,0.929000,-0.004100,-0.439396,48.160000,51.840000,binance_kline_quote_asset_volume,0.000000,0.000000,0.000000,0.000000,OK
354,2026-06-08 05:45:00 UTC,HUSDT,0.720070,0.723160,0.710420,0.714560,-0.005510,-0.765203,-0.765203,1.769272,46.139224,16401,146,0.898185,617917.000000,-26307.000000,-4.083518,443439.888590,-22929.177510,-4.916531,280897.000000,201564.407450,241875.481140,45.454731,151877958.000000,109462074.213796,-29547.000000,-0.019451,-454278.709650,-0.413295,0.817500,0.004300,0.528775,44.980000,55.020000,1.986400,-0.003200,-0.160836,66.520000,33.480000,0.931200,0.002200,0.236814,48.220000,51.780000,binance_kline_quote_asset_volume,0.000000,0.000000,0.000000,0.000000,OK
355,2026-06-08 06:00:00 UTC,HUSDT,0.714590,0.723110,0.711470,0.718820,0.004260,0.596171,0.591948,1.628906,48.351212,16522,121,0.737760,674411.000000,56494.000000,9.142652,483710.823130,40270.934540,9.081487,353310.000000,253414.361070,230296.462060,52.389640,151827993.000000,108478595.836616,-49965.000000,-0.032898,-983478.377181,-0.898465,0.822500,0.005000,0.611621,45.130000,54.870000,1.987200,0.000800,0.040274,66.520000,33.480000,0.940200,0.009000,0.966495,48.460000,51.540000,binance_kline_quote_asset_volume,0.000000,0.000000,0.000000,0.000000,OK
356,2026-06-08 06:15:00 UTC,HUSDT,0.718810,0.723520,0.716180,0.720070,0.001250,0.173896,0.175290,1.021132,49.012903,10696,-5826,-35.262075,432870.000000,-241541.000000,-35.815104,311461.479970,-172249.343160,-35.609983,202733.000000,145836.436550,165625.043420,46.823266,151655307.000000,109012867.777740,-172686.000000,-0.113738,534271.941124,0.492514,0.818800,-0.003700,-0.449848,45.020000,54.980000,1.985300,-0.001900,-0.095612,66.500000,33.500000,0.934200,-0.006000,-0.638162,48.300000,51.700000,binance_kline_quote_asset_volume,0.000000,0.000000,0.000000,0.000000,OK
357,2026-06-08 06:30:00 UTC,HUSDT,0.720060,0.726250,0.717490,0.718630,-0.001440,-0.199981,-0.198595,1.216565,48.246081,16687,5991,56.011593,772426.000000,339556.000000,78.442951,557391.261770,245929.781800,78.959935,437273.000000,315436.938120,241954.323650,56.591655,151596687.000000,109149614.640000,-58620.000000,-0.038653,136746.862260,0.125441,0.822500,0.003700,0.451881,45.130000,54.870000,1.982900,-0.002400,-0.120889,66.480000,33.520000,0.934600,0.000400,0.042817,48.310000,51.690000,binance_kline_quote_asset_volume,0.000000,0.000000,0.000000,0.000000,OK
358,2026-06-08 06:45:00 UTC,HUSDT,0.718610,0.724400,0.707890,0.709350,-0.009280,-1.291346,-1.288599,2.297491,43.520569,28219,11532,69.107689,1560207.000000,787781.000000,101.987893,1118850.366870,561459.105100,100.729800,527842.000000,378744.807130,740105.559740,33.851248,151579801.000000,108943434.574720,-16886.000000,-0.011139,-206180.065280,-0.188897,0.818500,-0.004000,-0.486322,45.010000,54.990000,1.983200,0.000300,0.015129,66.480000,33.520000,0.930100,-0.004500,-0.481489,48.190000,51.810000,binance_kline_quote_asset_volume,0.000000,0.000000,0.000000,0.000000,OK
359,2026-06-08 07:00:00 UTC,HUSDT,0.709240,0.720640,0.703270,0.717150,0.007800,1.099598,1.115278,2.449100,48.120136,28249,30,0.106311,1230495.000000,-329712.000000,-21.132580,876086.752830,-242763.614040,-21.697594,568695.000000,405505.372060,470581.380770,46.285984,151314302.000000,107377168.128260,-265499.000000,-0.175155,-1566266.446460,-1.437688,0.823500,0.005000,0.610874,45.160000,54.840000,1.990100,0.006900,0.347923,66.560000,33.440000,0.942100,0.012000,1.290184,48.510000,51.490000,binance_kline_quote_asset_volume,0.000000,0.000000,0.000000,0.000000,OK
360,2026-06-08 07:15:00 UTC,HUSDT,0.717060,0.722420,0.715380,0.716490,-0.000660,-0.092031,-0.079491,0.981787,47.765669,14980,-13269,-46.971574,636651.000000,-593844.000000,-48.260578,457216.958330,-418869.794500,-47.811452,291362.000000,209229.215260,247987.743070,45.761473,151206678.000000,108484085.448831,-107624.000000,-0.071126,1106917.320571,1.030868,0.826500,0.003000,0.364299,45.250000,54.750000,1.987400,-0.002700,-0.135672,66.530000,33.470000,0.942500,0.000400,0.042458,48.520000,51.480000,binance_kline_quote_asset_volume,0.000000,0.000000,0.000000,0.000000,OK
361,2026-06-08 07:30:00 UTC,HUSDT,0.716510,0.719990,0.686780,0.704090,-0.012400,-1.730659,-1.733402,4.634967,41.569950,96428,81448,543.711615,5026102.000000,4389451.000000,689.459531,3547505.930640,3090288.972310,675.891153,1974437.000000,1394147.562730,2153358.367910,39.299372,151116875.000000,108259078.987719,-89803.000000,-0.059391,-225006.461112,-0.207410,0.832500,0.006000,0.725953,45.430000,54.570000,1.986100,-0.001300,-0.065412,66.510000,33.490000,0.948900,0.006400,0.679045,48.690000,51.310000,binance_kline_quote_asset_volume,0.000000,0.000000,0.000000,0.000000,OK
362,2026-06-08 07:45:00 UTC,HUSDT,0.704060,0.711100,0.675170,0.676980,-0.027110,-3.850360,-3.846263,5.103258,31.844620,91398,-5030,-5.216327,4717750.000000,-308352.000000,-6.135013,3281729.197870,-265776.732770,-7.491932,1988330.000000,1384672.025620,1897057.172250,42.193366,150665798.000000,106175358.523850,-451077.000000,-0.298495,-2083720.463868,-1.924754,0.844000,0.011500,1.381381,45.770000,54.230000,1.976900,-0.009200,-0.463219,66.410000,33.590000,0.950100,0.001200,0.126462,48.720000,51.280000,binance_kline_quote_asset_volume,0.000000,0.000000,0.000000,0.000000,OK
363,2026-06-08 08:00:00 UTC,HUSDT,0.676980,0.705900,0.676060,0.693760,0.016780,2.478655,2.478655,4.407811,41.039263,138703,47305,51.757150,8040508.000000,3322758.000000,70.430989,5539077.807310,2257348.609440,68.785341,3852536.000000,2655752.704270,2883325.103040,47.945756,150057484.000000,101622919.693874,-608314.000000,-0.403751,-4552438.829976,-4.287660,0.849500,0.005500,0.651659,45.930000,54.070000,1.967700,-0.009200,-0.465375,66.300000,33.700000,0.950100,0.000000,0.000000,48.720000,51.280000,binance_kline_quote_asset_volume,0.000000,0.000000,0.000000,0.000000,OK
364,2026-06-08 08:15:00 UTC,HUSDT,0.693760,0.711780,0.668510,0.708740,0.014980,2.159248,2.159248,6.237027,47.808491,132963,-5740,-4.138339,7346372.000000,-694136.000000,-8.632987,5097978.579790,-441099.227520,-7.963406,3719829.000000,2584257.007200,2513721.572590,50.691798,148551683.000000,103285294.918921,-1505801.000000,-1.003483,1662375.225046,1.635827,0.856300,0.006800,0.800471,46.130000,53.870000,1.926200,-0.041500,-2.109061,65.830000,34.170000,0.956600,0.006500,0.684139,48.890000,51.110000,binance_kline_quote_asset_volume,0.000000,0.000000,0.000000,0.000000,OK
365,2026-06-08 08:30:00 UTC,HUSDT,0.708750,0.709000,0.687790,0.691370,-0.017370,-2.450828,-2.452205,2.992593,41.813779,56612,-76351,-57.422742,4063997.000000,-3282375.000000,-44.680218,2829228.157310,-2268750.422480,-44.502941,1759045.000000,1225752.950020,1603475.207290,43.324641,147291916.000000,104479604.346773,-1259767.000000,-0.848033,1194309.427852,1.156321,0.855600,-0.000700,-0.081747,46.110000,53.890000,1.900800,-0.025400,-1.318658,65.530000,34.470000,0.944400,-0.012200,-1.275350,48.570000,51.430000,binance_kline_quote_asset_volume,0.000000,0.000000,0.000000,0.000000,OK
366,2026-06-08 08:45:00 UTC,HUSDT,0.691400,0.725500,0.688390,0.722000,0.030630,4.430334,4.425803,5.367371,53.004362,45133,-11479,-20.276620,3230425.000000,-833572.000000,-20.511137,2273266.234420,-555961.922890,-19.650657,1511292.000000,1065305.197740,1207961.036680,46.862316,146883401.000000,101580153.629570,-408515.000000,-0.277351,-2899450.717203,-2.775136,0.854300,-0.001300,-0.151940,46.070000,53.930000,1.886700,-0.014100,-0.741793,65.360000,34.640000,0.950500,0.006100,0.645913,48.730000,51.270000,binance_kline_quote_asset_volume,0.000000,0.000000,0.000000,0.000000,OK
367,2026-06-08 09:00:00 UTC,HUSDT,0.722000,0.725900,0.701290,0.710050,-0.011950,-1.655125,-1.655125,3.408587,49.041560,32870,-12263,-27.170806,2502295.000000,-728130.000000,-22.539759,1781899.760510,-491366.473910,-21.614999,1238329.000000,882633.186750,899266.573760,49.533268,146621749.000000,105973660.767851,-261652.000000,-0.178136,4393507.138281,4.325163,0.849100,-0.005200,-0.608685,45.920000,54.080000,1.879000,-0.007700,-0.408120,65.270000,34.730000,0.945500,-0.005000,-0.526039,48.600000,51.400000,binance_kline_quote_asset_volume,0.000000,0.000000,0.000000,0.000000,OK
368,2026-06-08 09:15:00 UTC,HUSDT,0.709870,0.727650,0.705700,0.718360,0.008310,1.170340,1.195994,3.092115,51.743433,37654,4784,14.554305,1747193.000000,-755102.000000,-30.176378,1252322.289930,-529577.470580,-29.719824,889634.000000,637747.557780,614574.732150,50.925194,146416199.000000,103959893.775970,-205550.000000,-0.140191,-2013766.991881,-1.900252,0.854300,0.005200,0.612413,46.070000,53.930000,1.879500,0.000500,0.026610,65.270000,34.730000,0.962700,0.017200,1.819143,49.050000,50.950000,binance_kline_quote_asset_volume,0.000000,0.000000,0.000000,0.000000,OK
369,2026-06-08 09:30:00 UTC,HUSDT,0.718150,0.718500,0.696130,0.702830,-0.015530,-2.161869,-2.133259,3.114948,46.754295,41046,3392,9.008339,1501178.000000,-246015.000000,-14.080585,1059051.094480,-193271.195450,-15.433024,728882.000000,514126.426450,544924.668030,48.545951,146362909.000000,105532048.276270,-53290.000000,-0.036396,1572154.500300,1.512270,0.855600,0.001300,0.152171,46.110000,53.890000,1.878900,-0.000600,-0.031923,65.260000,34.740000,0.964300,0.001600,0.166199,49.090000,50.910000,binance_kline_quote_asset_volume,0.000000,0.000000,0.000000,0.000000,OK
370,2026-06-08 09:45:00 UTC,HUSDT,0.702690,0.708130,0.696000,0.706870,0.004040,0.574819,0.594857,1.726224,48.154765,32360,-8686,-21.161624,1232894.000000,-268284.000000,-17.871565,863689.122670,-195361.971810,-18.446888,552306.000000,387130.211110,476558.911560,44.822865,146008521.000000,102570986.002500,-354388.000000,-0.242130,-2961062.273770,-2.805842,0.867800,0.012200,1.425900,46.460000,53.540000,1.876500,-0.002400,-0.127734,65.240000,34.760000,0.973200,0.008900,0.922949,49.320000,50.680000,binance_kline_quote_asset_volume,0.000000,0.000000,0.000000,0.000000,OK
371,2026-06-08 10:00:00 UTC,HUSDT,0.706870,0.708590,0.694490,0.699030,-0.007840,-1.109115,-1.109115,1.994709,45.645719,29004,-3356,-10.370828,1423226.000000,190332.000000,15.437824,995599.247440,131910.124770,15.272871,741968.000000,519326.339540,476272.907900,52.162187,145868128.000000,103128766.496000,-140393.000000,-0.096154,557780.493500,0.543799,0.861200,-0.006600,-0.760544,46.270000,53.730000,1.874300,-0.002200,-0.117240,65.210000,34.790000,0.965000,-0.008200,-0.842581,49.110000,50.890000,binance_kline_quote_asset_volume,0.000000,0.000000,0.000000,0.000000,OK
372,2026-06-08 10:15:00 UTC,HUSDT,0.698900,0.710350,0.696990,0.707590,0.008560,1.224554,1.243382,1.911575,48.783493,41558,12554,43.283685,1922913.000000,499687.000000,35.109463,1350041.730930,354442.483490,35.600919,980379.000000,688749.724660,661292.006270,51.016921,145762821.000000,101929025.468880,-105307.000000,-0.072193,-1199741.027120,-1.163343,0.863600,0.002400,0.278681,46.340000,53.660000,1.871400,-0.002900,-0.154724,65.170000,34.830000,0.961900,-0.003100,-0.321244,49.030000,50.970000,binance_kline_quote_asset_volume,0.000000,0.000000,0.000000,0.000000,OK
373,2026-06-08 10:30:00 UTC,HUSDT,0.707530,0.710470,0.698120,0.698820,-0.008770,-1.239418,-1.231043,1.745509,45.862338,18062,-23496,-56.537851,781500.000000,-1141413.000000,-59.358536,550749.933270,-799291.797660,-59.204970,470023.000000,331136.075480,219613.857790,60.124578,145559534.000000,103020329.326278,-203287.000000,-0.139464,1091303.857398,1.070651,0.859800,-0.003800,-0.440019,46.230000,53.770000,1.866300,-0.005100,-0.272523,65.110000,34.890000,0.953100,-0.008800,-0.914856,48.800000,51.200000,binance_kline_quote_asset_volume,0.000000,0.000000,0.000000,0.000000,OK
374,2026-06-08 10:45:00 UTC,HUSDT,0.698860,0.710160,0.689800,0.708960,0.010140,1.451017,1.445211,2.913316,49.618754,37648,19586,108.437604,2219651.000000,1438151.000000,184.024440,1550861.145340,1000111.212070,181.590800,1247731.000000,871753.415290,679107.730050,56.210926,145577169.000000,101745339.185790,17635.000000,0.012115,-1274990.140488,-1.237610,0.863600,0.003800,0.441963,46.340000,53.660000,1.866200,-0.000100,-0.005358,65.110000,34.890000,0.956600,0.003500,0.367223,48.890000,51.110000,binance_kline_quote_asset_volume,0.000000,0.000000,0.000000,0.000000,OK
375,2026-06-08 11:00:00 UTC,HUSDT,0.708970,0.732730,0.708180,0.725820,0.016860,2.378131,2.376687,3.462770,55.186590,49462,11814,31.380153,2679603.000000,459952.000000,20.721816,1931297.320220,380436.174880,24.530641,1373293.000000,989890.050360,941407.269860,51.255187,145385553.000000,102976755.837141,-191616.000000,-0.131625,1231416.651351,1.210293,0.855600,-0.008000,-0.926355,46.110000,53.890000,1.875500,0.009300,0.498339,65.220000,34.780000,0.952400,-0.004200,-0.439055,48.780000,51.220000,binance_kline_quote_asset_volume,0.000000,0.000000,0.000000,0.000000,OK
376,2026-06-08 11:15:00 UTC,HUSDT,0.725700,0.728380,0.711480,0.713900,-0.011920,-1.642280,-1.626016,2.328786,50.903397,30123,-19339,-39.098702,1395841.000000,-1283762.000000,-47.908664,1005817.739550,-925479.580670,-47.920099,710958.000000,512853.075470,492964.664080,50.988669,145643414.000000,105706533.447060,257861.000000,0.177364,2729777.609919,2.650868,0.854600,-0.001000,-0.116877,46.080000,53.920000,1.880000,0.004500,0.239936,65.280000,34.720000,0.953100,0.000700,0.073499,48.800000,51.200000,binance_kline_quote_asset_volume,0.000000,0.000000,0.000000,0.000000,OK
377,2026-06-08 11:30:00 UTC,HUSDT,0.713850,0.716000,0.705010,0.711920,-0.001980,-0.277350,-0.270365,1.539539,50.206343,30244,121,0.401686,1493224.000000,97383.000000,6.976654,1059991.604670,54173.865120,5.386052,582066.000000,413287.157940,646704.446730,38.989663,145508276.000000,103862352.326040,-135138.000000,-0.092787,-1844181.121020,-1.744624,0.863200,0.008600,1.006319,46.330000,53.670000,1.879500,-0.000500,-0.026596,65.270000,34.730000,0.965800,0.012700,1.332494,49.130000,50.870000,binance_kline_quote_asset_volume,0.000000,0.000000,0.000000,0.000000,OK
378,2026-06-08 11:45:00 UTC,HUSDT,0.711920,0.725360,0.694920,0.695850,-0.016070,-2.257276,-2.257276,4.275761,44.839535,48506,18262,60.382225,2614473.000000,1121249.000000,75.089136,1861273.863980,801282.259310,75.593265,950084.000000,677936.664190,1183337.199790,36.423262,145272097.000000,103621224.137830,-236179.000000,-0.162313,-241128.188210,-0.232161,0.865700,0.002500,0.289620,46.400000,53.600000,1.879500,0.000000,0.000000,65.270000,34.730000,0.974300,0.008500,0.880099,49.350000,50.650000,binance_kline_quote_asset_volume,0.000000,0.000000,0.000000,0.000000,OK
379,2026-06-08 12:00:00 UTC,HUSDT,0.696230,0.703190,0.684040,0.695170,-0.000680,-0.097722,-0.152249,2.750528,44.622172,42268,-6238,-12.860265,2354775.000000,-259698.000000,-9.933092,1634954.691490,-226319.172490,-12.159370,1322377.000000,918723.812730,716230.878760,56.192616,144724121.000000,100732492.030646,-547976.000000,-0.377207,-2888732.107185,-2.787780,0.888900,0.023200,2.679912,47.060000,52.940000,1.878000,-0.001500,-0.079808,65.250000,34.750000,0.994800,0.020500,2.104075,49.870000,50.130000,binance_kline_quote_asset_volume,0.000000,0.000000,0.000000,0.000000,OK
380,2026-06-08 12:15:00 UTC,HUSDT,0.695480,0.696810,0.684160,0.685190,-0.009980,-1.435620,-1.479554,1.818888,41.446613,28262,-14006,-33.136179,1693872.000000,-660903.000000,-28.066503,1169872.379880,-465082.311610,-28.446190,1095765.000000,756894.256080,412978.123800,64.698874,144585421.000000,100544915.749823,-138700.000000,-0.095838,-187576.280822,-0.186212,0.881500,-0.007400,-0.832490,46.850000,53.150000,1.870700,-0.007300,-0.388711,65.170000,34.830000,0.981000,-0.013800,-1.387214,49.520000,50.480000,binance_kline_quote_asset_volume,0.000000,0.000000,0.000000,0.000000,OK
381,2026-06-08 12:30:00 UTC,HUSDT,0.684840,0.688750,0.673440,0.686860,0.001670,0.243728,0.294959,2.235559,42.188022,33783,5521,19.535065,1775152.000000,81280.000000,4.798474,1207358.397300,37486.017420,3.204283,1016907.000000,691865.345830,515493.051470,57.304057,144526312.000000,99017866.877440,-59109.000000,-0.040882,-1527048.872383,-1.518773,0.900800,0.019300,2.189450,47.390000,52.610000,1.864900,-0.005800,-0.310044,65.090000,34.910000,1.002000,0.021000,2.140673,50.050000,49.950000,binance_kline_quote_asset_volume,0.000000,0.000000,0.000000,0.000000,OK
382,2026-06-08 12:45:00 UTC,HUSDT,0.686780,0.694120,0.681180,0.691790,0.004930,0.717759,0.729491,1.884155,44.425192,38585,4802,14.214250,2045187.000000,270035.000000,15.211937,1408472.902500,201114.505200,16.657399,1181848.000000,814414.743720,594058.158780,57.822535,144597838.000000,99359708.866099,71526.000000,0.049490,341841.988659,0.345233,0.907700,0.006900,0.765986,47.580000,52.420000,1.856100,-0.008800,-0.471875,64.990000,35.010000,1.008000,0.006000,0.598802,50.200000,49.800000,binance_kline_quote_asset_volume,0.000000,0.000000,0.000000,0.000000,OK
383,2026-06-08 13:00:00 UTC,HUSDT,0.692030,0.700560,0.689460,0.698530,0.006740,0.974284,0.939266,1.603977,47.420851,40857,2272,5.888299,1983324.000000,-61863.000000,-3.024809,1377324.846550,-31148.055950,-2.211477,989530.000000,687248.267450,690076.579100,49.897326,144050748.000000,99795572.272934,-547090.000000,-0.378353,435863.406834,0.438672,0.896100,-0.011600,-1.277955,47.260000,52.740000,1.875900,0.019800,1.066753,65.230000,34.770000,0.986900,-0.021100,-2.093254,49.670000,50.330000,binance_kline_quote_asset_volume,0.000000,0.000000,0.000000,0.000000,OK
384,2026-06-08 13:15:00 UTC,HUSDT,0.698500,0.700500,0.687430,0.687700,-0.010830,-1.550399,-1.546170,1.871152,43.375024,35670,-5187,-12.695499,1581761.000000,-401563.000000,-20.246969,1096243.134180,-281081.712370,-20.407801,811156.000000,562075.640330,534167.493850,51.272899,143483405.000000,100252632.753555,-567343.000000,-0.393849,457060.480621,0.457997,0.893200,-0.002900,-0.323625,47.180000,52.820000,1.890800,0.014900,0.794285,65.410000,34.590000,0.985300,-0.001600,-0.162124,49.630000,50.370000,binance_kline_quote_asset_volume,0.000000,0.000000,0.000000,0.000000,OK
385,2026-06-08 13:30:00 UTC,HUSDT,0.687680,0.691800,0.682610,0.688700,0.001000,0.145412,0.148325,1.336377,43.851381,29476,-6194,-17.364732,1870855.000000,289094.000000,18.276718,1285787.990810,189544.856630,17.290403,864126.000000,594137.442180,691650.548630,46.208041,143104189.000000,98464892.217604,-379216.000000,-0.264293,-1787740.535951,-1.783235,0.899000,0.005800,0.649351,47.340000,52.660000,1.900700,0.009900,0.523588,65.530000,34.470000,0.991600,0.006300,0.639399,49.790000,50.210000,binance_kline_quote_asset_volume,0.000000,0.000000,0.000000,0.000000,OK
386,2026-06-08 13:45:00 UTC,HUSDT,0.688670,0.690470,0.681940,0.687040,-0.001660,-0.241034,-0.236688,1.238619,43.201673,32440,2964,10.055638,1733947.000000,-136908.000000,-7.317938,1190089.781340,-95698.209470,-7.442767,885083.000000,607560.388300,582529.393040,51.051643,142715302.000000,98267420.397791,-388887.000000,-0.271751,-197471.819813,-0.200550,0.901500,0.002500,0.278087,47.410000,52.590000,1.909600,0.008900,0.468249,65.630000,34.370000,0.996000,0.004400,0.443727,49.900000,50.100000,binance_kline_quote_asset_volume,0.000000,0.000000,0.000000,0.000000,OK
387,2026-06-08 14:00:00 UTC,HUSDT,0.687100,0.697910,0.672410,0.682990,-0.004050,-0.589485,-0.598166,3.711250,41.582915,47807,15367,47.370530,2870395.000000,1136448.000000,65.541104,1965011.814300,774922.032960,65.114586,1455123.000000,996192.392830,968819.421470,50.696509,142287932.000000,97816328.323886,-427370.000000,-0.299456,-451092.073905,-0.459045,0.895000,-0.006500,-0.721021,47.230000,52.770000,1.916600,0.007000,0.366569,65.710000,34.290000,0.990000,-0.006000,-0.602410,49.750000,50.250000,binance_kline_quote_asset_volume,0.000000,0.000000,0.000000,0.000000,OK
388,2026-06-08 14:15:00 UTC,HUSDT,0.683090,0.684360,0.671770,0.676740,-0.006250,-0.915094,-0.929599,1.843095,39.145271,30121,-17686,-36.994582,1426561.000000,-1443834.000000,-50.300882,965227.311050,-999784.503250,-50.879313,690918.000000,467382.396380,497844.914670,48.422003,141752078.000000,96824516.669038,-535854.000000,-0.376598,-991811.654848,-1.013953,0.909100,0.014100,1.575419,47.620000,52.380000,1.927900,0.011300,0.589586,65.850000,34.150000,0.999200,0.009200,0.929293,49.980000,50.020000,binance_kline_quote_asset_volume,0.000000,0.000000,0.000000,0.000000,OK
389,2026-06-08 14:30:00 UTC,HUSDT,0.676740,0.680660,0.673120,0.673920,-0.002820,-0.416704,-0.416704,1.114165,38.061118,19915,-10206,-33.883337,988216.000000,-438345.000000,-30.727393,669087.717120,-296139.593930,-30.680814,516066.000000,349555.682000,319532.035120,52.243626,141352433.000000,95658845.508420,-399645.000000,-0.281932,-1165671.160618,-1.203901,0.901100,-0.008000,-0.879991,47.400000,52.600000,1.933900,0.006000,0.311219,65.920000,34.080000,0.991200,-0.008000,-0.800641,49.780000,50.220000,binance_kline_quote_asset_volume,0.000000,0.000000,0.000000,0.000000,OK
390,2026-06-08 14:45:00 UTC,HUSDT,0.674040,0.678020,0.673350,0.676180,0.002260,0.335351,0.317489,0.692837,39.507090,14272,-5643,-28.335426,552551.000000,-435665.000000,-44.086010,373332.686670,-295755.030450,-44.202729,288640.000000,194997.811490,178334.875180,52.231647,141289294.000000,95306693.267700,-63139.000000,-0.044668,-352152.240720,-0.368133,0.902600,0.001500,0.166463,47.440000,52.560000,1.934900,0.001000,0.051709,65.930000,34.070000,0.986900,-0.004300,-0.433818,49.670000,50.330000,binance_kline_quote_asset_volume,0.000000,0.000000,0.000000,0.000000,OK
391,2026-06-08 15:00:00 UTC,HUSDT,0.676190,0.676400,0.661940,0.663480,-0.012700,-1.878198,-1.879649,2.138452,34.616516,29732,15460,108.323991,1861295.000000,1308744.000000,236.854879,1247746.750070,874414.063400,234.218458,730827.000000,490371.437880,757375.312190,39.300558,141282424.000000,95551155.563779,-6870.000000,-0.004862,244462.296079,0.256501,0.905100,0.002500,0.276978,47.510000,52.490000,1.934900,0.000000,0.000000,65.930000,34.070000,0.987300,0.000400,0.040531,49.680000,50.320000,binance_kline_quote_asset_volume,0.000000,0.000000,0.000000,0.000000,OK
392,2026-06-08 15:15:00 UTC,HUSDT,0.663710,0.667430,0.653500,0.662180,-0.001300,-0.195937,-0.230522,2.098808,34.150494,49872,20140,67.738464,3317354.000000,1456059.000000,78.228277,2194762.721590,947015.971520,75.898092,913368.000000,604337.656610,1590425.064980,27.535444,141259425.000000,93781457.037448,-22999.000000,-0.016279,-1769698.526330,-1.852095,0.907300,0.002200,0.243067,47.570000,52.430000,1.931000,-0.003900,-0.201561,65.880000,34.120000,0.993200,0.005900,0.597589,49.830000,50.170000,binance_kline_quote_asset_volume,0.000000,0.000000,0.000000,0.000000,OK
393,2026-06-08 15:30:00 UTC,HUSDT,0.662190,0.662740,0.643260,0.654330,-0.007850,-1.185478,-1.186971,2.941754,31.401440,52038,2166,4.343118,3351226.000000,33872.000000,1.021055,2187906.686190,-6856.035400,-0.312382,1299572.000000,847889.577010,1340017.109180,38.753462,140635001.000000,93109891.651568,-624424.000000,-0.442041,-671565.385881,-0.716096,0.906200,-0.001100,-0.121239,47.540000,52.460000,1.930300,-0.000700,-0.036251,65.870000,34.130000,0.987300,-0.005900,-0.594039,49.680000,50.320000,binance_kline_quote_asset_volume,0.000000,0.000000,0.000000,0.000000,OK
394,2026-06-08 15:45:00 UTC,HUSDT,0.654370,0.655730,0.586050,0.625440,-0.028890,-4.415203,-4.421046,10.648410,23.806234,132086,80048,153.826050,14287277.000000,10936051.000000,326.329857,8755945.614480,6568038.928290,300.197397,5654215.000000,3460703.061880,5295242.552600,39.524036,140508292.000000,91886591.873882,-126709.000000,-0.090098,-1223299.777686,-1.313824,0.909900,0.003700,0.408298,47.640000,52.360000,1.920900,-0.009400,-0.486971,65.760000,34.240000,0.982900,-0.004400,-0.445660,49.570000,50.430000,binance_kline_quote_asset_volume,0.000000,0.000000,0.000000,0.000000,OK
395,2026-06-08 16:00:00 UTC,HUSDT,0.625220,0.645200,0.610700,0.644910,0.019470,3.113008,3.149291,5.518058,35.184408,92663,-39423,-29.846464,6021287.000000,-8265990.000000,-57.855601,3769793.268500,-4986152.345980,-56.945904,3359775.000000,2104224.534060,1665568.734440,55.818035,140211739.000000,87314750.275578,-296553.000000,-0.211057,-4571841.598304,-4.975526,0.956200,0.046300,5.088471,48.880000,51.120000,1.918400,-0.002500,-0.130147,65.730000,34.270000,1.030000,0.047100,4.791942,50.740000,49.260000,binance_kline_quote_asset_volume,0.000000,0.000000,0.000000,0.000000,OK
396,2026-06-08 16:15:00 UTC,HUSDT,0.644870,0.645350,0.626930,0.642480,-0.002430,-0.376797,-0.370617,2.856390,34.492103,58269,-34394,-37.117296,2658543.000000,-3362744.000000,-55.847595,1689747.958920,-2080045.309580,-55.176641,1440091.000000,916283.317510,773464.641410,54.226035,140119556.000000,90262215.584080,-92183.000000,-0.065746,2947465.308502,3.375679,0.928300,-0.027900,-2.917800,48.140000,51.860000,1.900700,-0.017700,-0.922644,65.530000,34.470000,0.994800,-0.035200,-3.417476,49.870000,50.130000,binance_kline_quote_asset_volume,0.000000,0.000000,0.000000,0.000000,OK
397,2026-06-08 16:30:00 UTC,HUSDT,0.642530,0.645880,0.628150,0.635190,-0.007290,-1.134666,-1.142359,2.759404,32.430490,49045,-9224,-15.830030,2144011.000000,-514532.000000,-19.353909,1360426.467310,-329321.491610,-19.489385,996668.000000,633245.244720,727181.222590,46.547554,140078621.000000,89962692.764830,-40935.000000,-0.029214,-299522.819250,-0.331836,0.919400,-0.008900,-0.958742,47.900000,52.100000,1.896600,-0.004100,-0.215710,65.480000,34.520000,0.988500,-0.006300,-0.633293,49.710000,50.290000,binance_kline_quote_asset_volume,0.000000,0.000000,0.000000,0.000000,OK
398,2026-06-08 16:45:00 UTC,HUSDT,0.635160,0.635240,0.623570,0.629210,-0.005980,-0.941451,-0.936772,1.837332,30.803995,40509,-8536,-17.404425,1618567.000000,-525444.000000,-24.507524,1017373.223020,-343053.244290,-25.216596,822096.000000,516633.919480,500739.303540,50.781160,139617040.000000,88712667.216000,-461581.000000,-0.329516,-1250025.548830,-1.389493,0.911700,-0.007700,-0.837503,47.690000,52.310000,1.895800,-0.000800,-0.042181,65.470000,34.530000,0.974700,-0.013800,-1.396055,49.360000,50.640000,binance_kline_quote_asset_volume,0.000000,0.000000,0.000000,0.000000,OK
399,2026-06-08 17:00:00 UTC,HUSDT,0.629190,0.633580,0.615060,0.631120,0.001910,0.303555,0.306744,2.943467,31.977457,38166,-2343,-5.783900,1875049.000000,256482.000000,15.846239,1169807.104510,152433.881490,14.983084,718632.000000,448840.682800,720966.421710,38.368777,139450066.000000,87817295.718845,-166974.000000,-0.119594,-895371.497155,-1.009294,0.905500,-0.006200,-0.680048,47.520000,52.480000,1.889700,-0.006100,-0.321764,65.390000,34.610000,0.971600,-0.003100,-0.318047,49.280000,50.720000,binance_kline_quote_asset_volume,0.000000,0.000000,0.000000,0.000000,OK
400,2026-06-08 17:15:00 UTC,HUSDT,0.631120,0.632630,0.621640,0.627470,-0.003650,-0.578337,-0.578337,1.741349,30.899063,36737,-1429,-3.744170,1344717.000000,-530332.000000,-28.283634,842335.375480,-327471.729030,-27.993652,546913.000000,342785.752050,499549.623430,40.694688,139323745.000000,87952293.743600,-126321.000000,-0.090585,134998.024755,0.153726,0.911700,0.006200,0.684705,47.690000,52.310000,1.886000,-0.003700,-0.195798,65.350000,34.650000,0.977500,0.005900,0.607246,49.430000,50.570000,binance_kline_quote_asset_volume,0.000000,0.000000,0.000000,0.000000,OK
401,2026-06-08 17:30:00 UTC,HUSDT,0.627470,0.627470,0.591120,0.602640,-0.024830,-3.957161,-3.957161,5.793106,24.777532,70289,33552,91.330266,5447398.000000,4102681.000000,305.096240,3301685.571890,2459350.196410,291.968053,2291850.000000,1388131.102850,1913554.469040,42.043104,139267523.000000,87384799.981580,-56222.000000,-0.040353,-567493.762020,-0.645229,0.913100,0.001400,0.153559,47.730000,52.270000,1.882400,-0.003600,-0.190880,65.310000,34.690000,0.975500,-0.002000,-0.204604,49.380000,50.620000,binance_kline_quote_asset_volume,0.000000,0.000000,0.000000,0.000000,OK
402,2026-06-08 17:45:00 UTC,HUSDT,0.602590,0.606150,0.577030,0.604640,0.002000,0.331873,0.340198,4.832473,26.048399,98944,28655,40.767403,7394775.000000,1947377.000000,35.748756,4382633.781970,1080948.210080,32.739284,3213937.000000,1905146.263490,2477487.518480,43.470350,139620513.000000,84269757.537152,352990.000000,0.253462,-3115042.444428,-3.564742,0.923400,0.010300,1.128025,48.010000,51.990000,1.866500,-0.015900,-0.844666,65.110000,34.890000,0.984100,0.008600,0.881599,49.600000,50.400000,binance_kline_quote_asset_volume,0.000000,0.000000,0.000000,0.000000,OK
403,2026-06-08 18:00:00 UTC,HUSDT,0.604740,0.605880,0.551090,0.551820,-0.052820,-8.735777,-8.750868,9.060092,17.594163,141579,42635,43.090031,9743708.000000,2348933.000000,31.764766,5626145.837620,1243512.055650,28.373625,3941229.000000,2273835.747960,3352310.089660,40.415514,140193223.000000,84825311.508380,572710.000000,0.410190,555553.971228,0.659257,0.928600,0.005200,0.563136,48.150000,51.850000,1.866000,-0.000500,-0.026788,65.110000,34.890000,0.986900,0.002800,0.284524,49.670000,50.330000,binance_kline_quote_asset_volume,0.000000,0.000000,0.000000,0.000000,OK
404,2026-06-08 18:15:00 UTC,HUSDT,0.551730,0.579410,0.523890,0.577750,0.025930,4.698996,4.716075,10.062893,29.663014,181643,40064,28.297982,12730625.000000,2986917.000000,30.654829,6960301.346890,1334155.509270,23.713490,5554777.000000,3042994.383190,3917306.963700,43.719291,140465649.000000,77834314.128918,272426.000000,0.194322,-6990997.379462,-8.241641,0.975900,0.047300,5.093689,49.390000,50.610000,1.857700,-0.008300,-0.444802,65.010000,34.990000,1.036700,0.049800,5.046104,50.900000,49.100000,binance_kline_quote_asset_volume,0.000000,0.000000,0.000000,0.000000,OK
405,2026-06-08 18:30:00 UTC,HUSDT,0.577440,0.577440,0.498910,0.500160,-0.077590,-13.429684,-13.383209,13.599681,20.152190,176589,-5054,-2.782381,12915027.000000,184402.000000,1.448491,6903460.014960,-56841.331930,-0.816650,5333507.000000,2854881.928190,4048578.086770,41.354363,140081428.000000,80983875.155360,-384221.000000,-0.273534,3149561.026442,4.046494,0.962700,-0.013200,-1.352598,49.050000,50.950000,1.872000,0.014300,0.769769,65.180000,34.820000,1.010500,-0.026200,-2.527250,50.260000,49.740000,binance_kline_quote_asset_volume,0.000000,0.000000,0.000000,0.000000,OK
406,2026-06-08 18:45:00 UTC,HUSDT,0.500170,0.526040,0.390990,0.404640,-0.095520,-19.097889,-19.099506,27.000820,14.141041,456423,279834,158.466269,51490375.000000,38575348.000000,298.685771,23436469.436920,16533009.421960,239.488740,24106860.000000,11024485.675960,12411983.760960,47.039874,140041106.000000,70680685.767518,-40322.000000,-0.028785,-10303189.387842,-12.722520,1.000000,0.037300,3.874520,50.000000,50.000000,1.878100,0.006100,0.325855,65.250000,34.750000,1.046700,0.036200,3.582385,51.140000,48.860000,binance_kline_quote_asset_volume,0.000000,0.000000,0.000000,0.000000,OK
407,2026-06-08 19:00:00 UTC,HUSDT,0.404810,0.430000,0.371000,0.374660,-0.029980,-7.409055,-7.447939,14.574739,12.845887,461786,5363,1.175007,57099243.000000,5608868.000000,10.893042,22795776.879810,-640692.557110,-2.733742,25498033.000000,10217921.239020,12577855.640790,44.823746,141828911.000000,57694582.705690,1787805.000000,1.276629,-12986103.061828,-18.372916,1.034600,0.034600,3.460000,50.850000,49.150000,1.766100,-0.112000,-5.963474,63.850000,36.150000,1.076000,0.029300,2.799274,51.830000,48.170000,binance_kline_quote_asset_volume,0.000000,0.000000,0.000000,0.000000,OK
408,2026-06-08 19:15:00 UTC,HUSDT,0.374610,0.429690,0.341500,0.346480,-0.028180,-7.521486,-7.509143,23.541817,11.755973,458006,-3780,-0.818561,63311372.000000,6212129.000000,10.879530,23727708.113100,931931.233290,4.088175,29178554.000000,10969911.457750,12757796.655350,46.232495,139875907.000000,52474446.511050,-1953004.000000,-1.377014,-5220136.194640,-9.047879,1.084600,0.050000,4.832786,52.030000,47.970000,1.765800,-0.000300,-0.016987,63.840000,36.160000,1.141300,0.065300,6.068773,53.300000,46.700000,binance_kline_quote_asset_volume,0.000000,0.000000,0.000000,0.000000,OK
409,2026-06-08 19:30:00 UTC,HUSDT,0.346560,0.349750,0.302490,0.324360,-0.022120,-6.384207,-6.405817,13.636888,10.969229,407092,-50914,-11.116448,54752904.000000,-8558468.000000,-13.518058,17558302.726160,-6169405.386940,-26.000848,25671564.000000,8245171.337700,9313131.388460,46.958818,138109974.000000,48168437.470114,-1765933.000000,-1.262500,-4306009.040936,-8.205916,1.173000,0.088400,8.150470,53.980000,46.020000,1.765400,-0.000400,-0.022653,63.840000,36.160000,1.225700,0.084400,7.395076,55.070000,44.930000,binance_kline_quote_asset_volume,0.000000,0.000000,0.000000,0.000000,OK
410,2026-06-08 19:45:00 UTC,HUSDT,0.324360,0.338220,0.292500,0.294680,-0.029680,-9.150327,-9.150327,14.095450,10.002008,316718,-90374,-22.199896,40729642.000000,-14023262.000000,-25.611905,12740252.479870,-4818050.246290,-27.440296,19709445.000000,6173112.739800,6567139.740070,48.453614,139297052.000000,45222787.931800,1187078.000000,0.859516,-2945649.538314,-6.115311,1.207000,0.034000,2.898551,54.690000,45.310000,1.719100,-0.046300,-2.622635,63.220000,36.780000,1.237100,0.011400,0.930081,55.300000,44.700000,binance_kline_quote_asset_volume,0.000000,0.000000,0.000000,0.000000,OK411,2026-06-08 20:00:00 UTC,HUSDT,0.294690,0.334190,0.224880,0.250360,-0.044320,-15.040043,-15.042926,37.093217,8.759876,543526,226808,71.611970,106632199.000000,65902557.000000,161.804901,28817396.878950,16077144.399080,126.191725,50092626.000000,13579882.109810,15237514.769140,47.123903,138462145.000000,40795101.781350,-834907.000000,-0.599372,-4427686.150450,-9.790830,1.262400,0.055400,4.589892,55.800000,44.200000,1.740400,0.021300,1.239020,63.510000,36.490000,1.293600,0.056500,4.567133,56.400000,43.600000,binance_kline_quote_asset_volume,0.000000,0.000000,0.000000,0.000000,OK
412,2026-06-08 20:15:00 UTC,HUSDT,0.250460,0.251950,0.217000,0.224310,-0.026050,-10.405017,-10.440789,13.954324,8.121455,435794,-107732,-19.820947,78299967.000000,-28332232.000000,-26.570053,18239826.542890,-10577570.336060,-36.705503,38027005.000000,8859902.331920,9379924.210970,48.574488,140852049.000000,35247464.661185,2389904.000000,1.726034,-5547637.120165,-13.598782,1.375900,0.113500,8.990811,57.910000,42.090000,1.651200,-0.089200,-5.125259,62.280000,37.720000,1.362400,0.068800,5.318491,57.670000,42.330000,binance_kline_quote_asset_volume,0.000000,0.000000,0.000000,0.000000,OK
413,2026-06-08 20:30:00 UTC,HUSDT,0.224220,0.236170,0.184500,0.235510,0.011200,4.993090,5.035233,23.044331,11.120652,581148,145354,33.353832,137798434.000000,59498467.000000,75.987857,28064092.486430,9824265.943540,53.861619,64551594.000000,13160426.588870,14903665.897560,46.894182,142547961.000000,32297037.355545,1695912.000000,1.204038,-2950427.305641,-8.370609,1.442000,0.066100,4.804128,59.050000,40.950000,1.644600,-0.006600,-0.399709,62.190000,37.810000,1.434300,0.071900,5.277452,58.920000,41.080000,binance_kline_quote_asset_volume,0.000000,0.000000,0.000000,0.000000,OK
414,2026-06-08 20:45:00 UTC,HUSDT,0.235140,0.256360,0.224000,0.232810,-0.002700,-1.146448,-0.990899,13.762014,11.027201,503120,-78028,-13.426528,85485614.000000,-52312820.000000,-37.963291,20539250.085060,-7524842.401370,-26.813062,44194948.000000,10635355.452470,9903894.632590,51.780641,141533322.000000,33135277.488014,-1014639.000000,-0.711788,838240.132469,2.595409,1.343000,-0.099000,-6.865465,57.320000,42.680000,1.688200,0.043600,2.651101,62.800000,37.200000,1.356300,-0.078000,-5.438193,57.560000,42.440000,binance_kline_quote_asset_volume,0.000000,0.000000,0.000000,0.000000,OK
415,2026-06-08 21:00:00 UTC,HUSDT,0.232810,0.254550,0.106800,0.124230,-0.108580,-46.638890,-46.638890,63.463769,8.084827,551194,48074,9.555176,181270007.000000,95784393.000000,112.047383,30514094.674820,9974844.589760,48.564794,78239891.000000,13344809.847130,17169284.827690,43.733265,135362087.000000,31488069.454510,-6171235.000000,-4.360270,-1647208.033503,-4.971161,1.435500,0.092500,6.887565,58.940000,41.060000,1.699100,0.010900,0.645658,62.950000,37.050000,1.463700,0.107400,7.918602,59.410000,40.590000,binance_kline_quote_asset_volume,0.000000,0.000000,0.000000,0.000000,OK
416,2026-06-08 21:15:00 UTC,HUSDT,0.124280,0.144860,0.100850,0.113180,-0.011050,-8.894792,-8.931445,35.411973,7.855116,277784,-273410,-49.603225,110813530.000000,-70456477.000000,-38.868249,13242747.225620,-17271347.449200,-56.601212,56049871.000000,6703535.484480,6539211.741140,50.620429,128199434.000000,18082994.247651,-7162653.000000,-5.291476,-13405075.206859,-42.571918,1.734500,0.299000,20.828979,63.430000,36.570000,1.601500,-0.097600,-5.744218,61.560000,38.440000,1.657500,0.193800,13.240418,62.370000,37.630000,binance_kline_quote_asset_volume,0.000000,0.000000,0.000000,0.000000,OK
417,2026-06-08 21:30:00 UTC,HUSDT,0.113110,0.165860,0.109280,0.147230,0.034050,30.084821,30.165326,50.022102,15.794579,317527,39743,14.307160,96637840.000000,-14175690.000000,-12.792382,13248588.960430,5841.734810,0.044113,49072994.000000,6722499.028540,6526089.931890,50.741245,128113526.000000,16918702.990806,-85908.000000,-0.067011,-1164291.256845,-6.438598,1.947200,0.212700,12.262900,66.070000,33.930000,1.589900,-0.011600,-0.724321,61.390000,38.610000,1.906100,0.248600,14.998492,65.590000,34.410000,binance_kline_quote_asset_volume,0.000000,0.000000,0.000000,0.000000,OK
418,2026-06-08 21:45:00 UTC,HUSDT,0.147260,0.159100,0.135600,0.138110,-0.009120,-6.194390,-6.213500,15.958169,15.411552,326799,9272,2.920067,58589661.000000,-38048179.000000,-39.371926,8660732.825970,-4587856.134460,-34.629017,28243926.000000,4183825.360850,4476907.465120,48.307983,126600108.000000,18321567.629760,-1513418.000000,-1.181310,1402864.638954,8.291798,1.781600,-0.165600,-8.504519,64.050000,35.950000,1.459800,-0.130100,-8.182905,59.350000,40.650000,1.723300,-0.182800,-9.590263,63.280000,36.720000,binance_kline_quote_asset_volume,0.000000,0.000000,0.000000,0.000000,OK
419,2026-06-08 22:00:00 UTC,HUSDT,0.138110,0.146230,0.129110,0.133260,-0.004850,-3.511694,-3.511694,12.395916,15.200442,270054,-56745,-17.363884,54120112.000000,-4469549.000000,-7.628563,7498287.237070,-1162445.588900,-13.422023,27432131.000000,3807768.224920,3690519.012150,50.781840,127799431.000000,17744950.994350,1199323.000000,0.947332,-576616.635410,-3.147201,1.890200,0.108600,6.095644,65.400000,34.600000,1.459000,-0.000800,-0.054802,59.330000,40.670000,1.822500,0.099200,5.756398,64.570000,35.430000,binance_kline_quote_asset_volume,0.000000,0.000000,0.000000,0.000000,OK
420,2026-06-08 22:15:00 UTC,HUSDT,0.133270,0.135950,0.115010,0.117890,-0.015370,-11.533844,-11.540482,15.712463,14.521564,314763,44709,16.555578,67842282.000000,13722170.000000,25.355029,8572982.432550,1074695.195480,14.332542,32583637.000000,4134135.466580,4438846.965970,48.222838,129262168.000000,17344853.997693,1462737.000000,1.144557,-400096.996657,-2.254709,1.901100,0.010900,0.576659,65.530000,34.470000,1.457100,-0.001900,-0.130226,59.300000,40.700000,1.845800,0.023300,1.278464,64.860000,35.140000,binance_kline_quote_asset_volume,0.000000,0.000000,0.000000,0.000000,OK
421,2026-06-08 22:30:00 UTC,HUSDT,0.117810,0.126390,0.103750,0.104260,-0.013630,-11.561625,-11.501570,19.217384,13.927522,348242,33479,10.636256,83341487.000000,15499205.000000,22.845937,9669511.996040,1096529.563490,12.790526,38550204.000000,4487416.755820,5182095.240220,46.407893,130816185.000000,15559635.480247,1554017.000000,1.202221,-1785218.517446,-10.292497,1.968200,0.067100,3.529536,66.310000,33.690000,1.424500,-0.032600,-2.237321,58.750000,41.250000,1.883500,0.037700,2.042475,65.320000,34.680000,binance_kline_quote_asset_volume,0.000000,0.000000,0.000000,0.000000,OK
422,2026-06-08 22:45:00 UTC,HUSDT,0.104250,0.123090,0.094000,0.118470,0.014210,13.629388,13.640288,27.904077,17.707143,389165,40923,11.751311,115451536.000000,32110049.000000,38.528289,12349553.863670,2680041.867630,27.716413,58135319.000000,6225417.973120,6124135.890550,50.410064,134779094.000000,14271829.696580,3962909.000000,3.029372,-1287805.783667,-8.276581,2.140700,0.172500,8.764353,68.160000,31.840000,1.398500,-0.026000,-1.825202,58.310000,41.690000,2.013900,0.130400,6.923281,66.820000,33.180000,binance_kline_quote_asset_volume,0.000000,0.000000,0.000000,0.000000,OK
423,2026-06-08 23:00:00 UTC,HUSDT,0.118610,0.120450,0.100000,0.101200,-0.017270,-14.577530,-14.678358,17.241379,16.744765,260128,-129037,-33.157401,69966417.000000,-45485119.000000,-39.397587,7573054.226880,-4776499.636790,-38.677508,32219022.000000,3495654.561390,4077399.665490,46.159112,135654705.000000,16197171.777000,875611.000000,0.649664,1925342.080420,13.490506,2.101700,-0.039000,-1.821834,67.760000,32.240000,1.282600,-0.115900,-8.287451,56.190000,43.810000,1.992200,-0.021700,-1.077511,66.580000,33.420000,binance_kline_quote_asset_volume,0.000000,0.000000,0.000000,0.000000,OK
424,2026-06-08 23:15:00 UTC,HUSDT,0.101200,0.112230,0.088020,0.096950,-0.004250,-4.199605,-4.199605,23.922925,16.507000,297216,37088,14.257596,97409255.000000,27442838.000000,39.222872,9632012.713300,2058958.486420,27.187954,46743496.000000,4633745.094630,4998267.618670,48.107755,139134879.000000,14172985.580125,3480174.000000,2.565465,-2024186.196875,-12.497158,2.324500,0.222800,10.600942,69.920000,30.080000,1.337400,0.054800,4.272571,57.220000,42.780000,2.149600,0.157400,7.900813,68.250000,31.750000,binance_kline_quote_asset_volume,0.000000,0.000000,0.000000,0.000000,OK
425,2026-06-08 23:30:00 UTC,HUSDT,0.097040,0.098210,0.077770,0.080290,-0.016660,-17.184116,-17.260923,21.063479,15.573479,336483,39267,13.211604,127322102.000000,29912847.000000,30.708424,11029339.176580,1397326.463280,14.507108,57207414.000000,4969031.703050,6060307.473530,45.052851,141622943.000000,13766248.572359,2488064.000000,1.788239,-406737.007766,-2.869805,2.413000,0.088500,3.807270,70.700000,29.300000,1.320300,-0.017100,-1.278600,56.900000,43.100000,2.204100,0.054500,2.535355,68.790000,31.210000,binance_kline_quote_asset_volume,0.000000,0.000000,0.000000,0.000000,OK
426,2026-06-08 23:45:00 UTC,HUSDT,0.080290,0.086290,0.074800,0.075650,-0.004640,-5.779051,-5.779051,14.310624,15.313724,310215,-26268,-7.806635,124159349.000000,-3162753.000000,-2.484057,9944943.273680,-1084395.902900,-9.831921,59097091.000000,4737911.593990,5207031.679690,47.641414,147030988.000000,11887136.322556,5408045.000000,3.818622,-1879112.249803,-13.650140,2.548600,0.135600,5.619561,71.820000,28.180000,1.467100,0.146800,11.118685,59.470000,40.530000,2.280800,0.076700,3.479878,69.520000,30.480000,binance_kline_quote_asset_volume,0.000000,0.000000,0.000000,0.000000,OK
427,2026-06-09 00:00:00 UTC,HUSDT,0.075640,0.079690,0.052330,0.058200,-0.017450,-23.066755,-23.056584,36.171338,14.344704,430940,120725,38.916558,269305545.000000,145146196.000000,116.903155,17900245.720700,7955302.447020,79.993442,129039642.000000,8621852.960240,9278392.760460,48.166115,151457144.000000,11453548.182711,4426156.000000,3.010356,-433588.139845,-3.647541,2.712000,0.163400,6.411363,73.060000,26.940000,1.577900,0.110800,7.552314,61.210000,38.790000,2.437600,0.156800,6.874781,70.910000,29.090000,binance_kline_quote_asset_volume,0.000000,0.000000,0.000000,0.000000,OK
428,2026-06-09 00:15:00 UTC,HUSDT,0.058170,0.069600,0.052960,0.063810,0.005610,9.639175,9.695719,28.605811,16.181015,401756,-29184,-6.772172,222150196.000000,-47155349.000000,-17.509981,13915271.811610,-3984973.909090,-22.262118,110675671.000000,6952195.515790,6963076.295820,49.960903,179411571.000000,10918188.035453,27954427.000000,18.456988,-535360.147258,-4.674186,2.645600,-0.066400,-2.448378,72.570000,27.430000,1.791600,0.213700,13.543317,64.180000,35.820000,2.236200,-0.201400,-8.262225,69.100000,30.900000,binance_kline_quote_asset_volume,0.000000,0.000000,0.000000,0.000000,OK
429,2026-06-09 00:30:00 UTC,HUSDT,0.063870,0.068800,0.060200,0.061410,-0.002400,-3.761166,-3.851574,13.464850,16.022758,305848,-95908,-23.872201,151179711.000000,-70970485.000000,-31.947073,9644317.063400,-4270954.748210,-30.692571,67975363.000000,4346179.286860,5298137.776540,45.064666,191382058.000000,12282900.482440,11970487.000000,6.672082,1364712.446987,12.499441,2.673800,0.028200,1.065921,72.780000,27.220000,1.745800,-0.045800,-2.556374,63.580000,36.420000,2.272300,0.036100,1.614346,69.440000,30.560000,binance_kline_quote_asset_volume,0.000000,0.000000,0.000000,0.000000,OK430,2026-06-09 00:45:00 UTC,HUSDT,0.061430,0.074420,0.054260,0.069970,0.008560,13.939098,13.902002,32.817841,19.063289,382264,76416,24.984960,216391325.000000,65211614.000000,43.135162,14089622.193660,4445305.130260,46.092482,103339811.000000,6763981.184720,7325641.008940,48.006831,192081785.000000,12008849.474036,699727.000000,0.365618,-274051.008404,-2.231159,2.850600,0.176800,6.612312,74.030000,25.970000,1.708200,-0.037600,-2.153740,63.080000,36.920000,2.480700,0.208400,9.171324,71.270000,28.730000,binance_kline_quote_asset_volume,0.000000,0.000000,0.000000,0.000000,OK
431,2026-06-09 01:00:00 UTC,HUSDT,0.070080,0.075680,0.062750,0.068770,-0.001200,-1.715021,-1.869292,18.450342,18.959653,310407,-71857,-18.797742,162040701.000000,-54350624.000000,-25.116822,11032712.986780,-3056909.206880,-21.696176,79992569.000000,5455147.297970,5577565.688810,49.445203,194830859.000000,13660090.291489,2749074.000000,1.431200,1651240.817453,13.750200,2.815300,-0.035300,-1.238336,73.790000,26.210000,1.576800,-0.131400,-7.692308,61.190000,38.810000,2.441200,-0.039500,-1.592292,70.940000,29.060000,binance_kline_quote_asset_volume,0.000000,0.000000,0.000000,0.000000,OK
432,2026-06-09 01:15:00 UTC,HUSDT,0.068770,0.091290,0.068130,0.088720,0.019950,29.009743,29.009743,33.677476,26.147881,341756,31349,10.099321,170227164.000000,8186463.000000,5.052103,13584978.205970,2552265.219190,23.133614,85624160.000000,6842607.164630,6742371.041340,50.368923,194266929.000000,13729197.438241,-563930.000000,-0.289446,69107.146752,0.505905,2.946300,0.131000,4.653145,74.660000,25.340000,1.608900,0.032100,2.035769,61.670000,38.330000,2.601000,0.159800,6.545961,72.230000,27.770000,binance_kline_quote_asset_volume,0.000000,0.000000,0.000000,0.000000,OK
433,2026-06-09 01:30:00 UTC,HUSDT,0.088670,0.093760,0.075450,0.091970,0.003250,3.663210,3.721665,20.649600,27.279506,338426,-3330,-0.974379,148650762.000000,-21576402.000000,-12.675064,12731092.556140,-853885.649830,-6.285514,70658935.000000,6067880.689420,6663211.866720,47.661901,189451837.000000,16821428.607230,-4815092.000000,-2.478596,3092231.168989,22.523029,2.679200,-0.267100,-9.065608,72.820000,27.180000,1.621300,0.012400,0.770713,61.850000,38.150000,2.513700,-0.087300,-3.356401,71.540000,28.460000,binance_kline_quote_asset_volume,0.000000,0.000000,0.000000,0.000000,OK
434,2026-06-09 01:45:00 UTC,HUSDT,0.092030,0.110000,0.087840,0.106530,0.014560,15.831249,15.755732,24.079105,32.285431,369285,30859,9.118389,158795447.000000,10144685.000000,6.824509,15705768.040050,2974675.483910,23.365438,79441384.000000,7872487.372540,7833280.667510,50.124816,179312264.000000,17141176.564816,-10139573.000000,-5.352058,319747.957586,1.900837,2.977700,0.298500,11.141385,74.860000,25.140000,1.752000,0.130700,8.061432,63.660000,36.340000,2.738300,0.224600,8.935036,73.250000,26.750000,binance_kline_quote_asset_volume,0.000000,0.000000,0.000000,0.000000,OK
435,2026-06-09 02:00:00 UTC,HUSDT,0.106530,0.126800,0.103350,0.116950,0.010420,9.781282,9.781282,22.012579,35.696968,491784,122499,33.171940,193834570.000000,35039123.000000,22.065572,22262039.855260,6556271.815210,41.744357,93018283.000000,10674535.770720,11587504.084540,47.949495,176894907.000000,18915372.405510,-2417357.000000,-1.348127,1774195.840694,10.350490,2.982500,0.004800,0.161198,74.890000,25.110000,1.782200,0.030200,1.723744,64.060000,35.940000,2.808100,0.069800,2.549027,73.740000,26.260000,binance_kline_quote_asset_volume,0.000000,0.000000,0.000000,0.000000,OK
436,2026-06-09 02:15:00 UTC,HUSDT,0.117120,0.119000,0.073010,0.081110,-0.035840,-30.645575,-30.746243,39.267418,30.082955,598023,106239,21.602777,281006584.000000,87172014.000000,44.972377,24875030.086530,2612990.231270,11.737425,128644410.000000,11382188.614870,13492841.471660,45.757487,174534930.000000,20431058.905800,-2359977.000000,-1.334112,1515686.500290,8.012988,2.943200,-0.039300,-1.317687,74.640000,25.360000,1.915200,0.133000,7.462687,65.700000,34.300000,2.874500,0.066400,2.364588,74.190000,25.810000,binance_kline_quote_asset_volume,0.000000,0.000000,0.000000,0.000000,OK
437,2026-06-09 02:30:00 UTC,HUSDT,0.081180,0.085600,0.061200,0.070220,-0.010890,-13.426211,-13.500862,30.056664,28.610597,511454,-86569,-14.475865,223719974.000000,-57286610.000000,-20.386216,16333236.852850,-8541793.233680,-34.338826,103857148.000000,7601795.972590,8731440.880260,46.541883,177256590.000000,14334001.273320,2721660.000000,1.559378,-6097057.632480,-29.842103,3.024100,0.080900,2.748709,75.150000,24.850000,1.782200,-0.133000,-6.944444,64.060000,35.940000,2.776400,-0.098100,-3.412767,73.520000,26.480000,binance_kline_quote_asset_volume,0.000000,0.000000,0.000000,0.000000,OK
438,2026-06-09 02:45:00 UTC,HUSDT,0.070140,0.074250,0.061640,0.063600,-0.006620,-9.427514,-9.324209,17.978329,27.722342,373571,-137883,-26.959023,165000490.000000,-58719484.000000,-26.246867,11147474.780850,-5185762.072000,-31.749751,78208957.000000,5286113.237900,5861361.542950,47.419827,194529076.000000,13580041.725617,17272486.000000,9.744341,-753959.547703,-5.259938,3.086600,0.062500,2.066731,75.530000,24.470000,1.783800,0.001600,0.089777,64.080000,35.920000,2.736900,-0.039500,-1.422706,73.240000,26.760000,binance_kline_quote_asset_volume,0.000000,0.000000,0.000000,0.000000,OK
439,2026-06-09 03:00:00 UTC,HUSDT,0.063600,0.068640,0.055000,0.066260,0.002660,4.182390,4.182390,21.446541,28.680479,366347,-7224,-1.933769,203352503.000000,38352013.000000,23.243575,12717099.456060,1569624.675210,14.080540,97143345.000000,6099274.270310,6617825.185750,47.961206,204115044.000000,13006210.603680,9585968.000000,4.927782,-573831.121937,-4.225548,3.329000,0.242400,7.853301,76.900000,23.100000,1.750500,-0.033300,-1.866801,63.640000,36.360000,2.938600,0.201700,7.369652,74.610000,25.390000,binance_kline_quote_asset_volume,0.000000,0.000000,0.000000,0.000000,OK
440,2026-06-09 03:15:00 UTC,HUSDT,0.066270,0.067570,0.057700,0.061230,-0.005030,-7.591307,-7.605251,14.893617,27.926581,254809,-111538,-30.445998,125142577.000000,-78209926.000000,-38.460272,7810109.995960,-4906989.460100,-38.585760,59797218.000000,3739137.312420,4070972.683540,47.875604,216190685.000000,14279446.630014,12075641.000000,5.916096,1273236.026334,9.789446,3.208800,-0.120200,-3.610694,76.240000,23.760000,1.814700,0.064200,3.667524,64.470000,35.530000,2.844700,-0.093900,-3.195399,73.990000,26.010000,binance_kline_quote_asset_volume,0.000000,0.000000,0.000000,0.000000,OK
441,2026-06-09 03:30:00 UTC,HUSDT,0.061230,0.069700,0.060560,0.068170,0.006940,11.334313,11.334313,14.927323,30.635760,243727,-11082,-4.349140,118764783.000000,-6377794.000000,-5.096422,7875426.827590,65316.831630,0.836311,62668366.000000,4160113.437560,3715313.390030,52.823974,219253157.000000,13525510.194705,3062472.000000,1.416561,-753936.435310,-5.279872,3.288200,0.079400,2.474445,76.680000,23.320000,1.897000,0.082300,4.535185,65.480000,34.520000,2.897100,0.052400,1.842022,74.340000,25.660000,binance_kline_quote_asset_volume,0.000000,0.000000,0.000000,0.000000,OK
442,2026-06-09 03:45:00 UTC,HUSDT,0.068130,0.069220,0.063720,0.067170,-0.001000,-1.466921,-1.409071,8.072802,30.458100,215595,-28132,-11.542422,106340734.000000,-12424049.000000,-10.461055,7100103.702160,-775323.125430,-9.844839,51506290.000000,3441818.824610,3658284.877550,48.475613,216220562.000000,14736464.834586,-3032595.000000,-1.383148,1210954.639882,8.953116,3.221200,-0.067000,-2.037589,76.310000,23.690000,1.921000,0.024000,1.265156,65.760000,34.240000,2.880500,-0.016600,-0.572987,74.230000,25.770000,binance_kline_quote_asset_volume,0.000000,0.000000,0.000000,0.000000,OK
443,2026-06-09 04:00:00 UTC,HUSDT,0.067120,0.075960,0.066440,0.073910,0.006740,10.034241,10.116210,14.183552,33.267067,198876,-16719,-7.754818,122718123.000000,16377389.000000,15.400861,8660514.817320,1560411.115160,21.977300,63930672.000000,4510118.581740,4150396.235580,52.076795,223184211.000000,14977892.400210,6963649.000000,3.220623,241427.565624,1.638300,3.147700,-0.073500,-2.281758,75.890000,24.110000,1.923800,0.002800,0.145757,65.800000,34.200000,2.841700,-0.038800,-1.346988,73.970000,26.030000,binance_kline_quote_asset_volume,0.000000,0.000000,0.000000,0.000000,OK
444,2026-06-09 04:15:00 UTC,HUSDT,0.073900,0.083260,0.072070,0.074110,0.000200,0.270599,0.284168,15.142084,33.353095,247859,48983,24.629920,122305903.000000,-412220.000000,-0.335908,9369207.108170,708692.290850,8.183027,60837286.000000,4668504.330560,4700702.777610,49.828169,215305914.000000,15861311.092810,-7878297.000000,-3.529953,883418.692600,5.898151,3.280800,0.133100,4.228484,76.640000,23.360000,2.015600,0.091800,4.771806,66.840000,33.160000,3.012800,0.171100,6.021044,75.080000,24.920000,binance_kline_quote_asset_volume,0.000000,0.000000,0.000000,0.000000,OK
445,2026-06-09 04:30:00 UTC,HUSDT,0.074030,0.081850,0.073270,0.081320,0.007210,9.728782,9.847359,11.589896,36.529644,203963,-43896,-17.710069,84673211.000000,-37632692.000000,-30.769318,6538515.928050,-2830691.180120,-30.212708,42178023.000000,3257384.456290,3281131.471760,49.818407,209010378.000000,15491174.113839,-6295536.000000,-2.923996,-370136.978971,-2.333584,3.273500,-0.007300,-0.222507,76.600000,23.400000,1.999400,-0.016200,-0.803731,66.660000,33.340000,3.038800,0.026000,0.862985,75.240000,24.760000,binance_kline_quote_asset_volume,0.000000,0.000000,0.000000,0.000000,OK
446,2026-06-09 04:45:00 UTC,HUSDT,0.081330,0.087650,0.081260,0.084510,0.003190,3.922774,3.909996,7.856879,37.939044,242419,38456,18.854400,108827330.000000,24154119.000000,28.526282,9203191.876440,2664675.948390,40.753528,52719577.000000,4461721.419620,4741470.456820,48.480152,208326071.000000,16939607.394919,-684307.000000,-0.327403,1448433.281080,9.350055,3.144200,-0.129300,-3.949901,75.870000,24.130000,2.013300,0.013900,0.695209,66.810000,33.190000,3.004800,-0.034000,-1.118863,75.030000,24.970000,binance_kline_quote_asset_volume,0.000000,0.000000,0.000000,0.000000,OK
447,2026-06-09 05:00:00 UTC,HUSDT,0.084560,0.086330,0.073520,0.079390,-0.005120,-6.058455,-6.114002,15.149007,36.536694,286768,44349,18.294358,114028107.000000,5200777.000000,4.778925,9123836.164990,-79355.711450,-0.862263,53629187.000000,4290912.572170,4832923.592820,47.029698,204807568.000000,17308287.571680,-3518503.000000,-1.688940,368680.176761,2.176439,3.014500,-0.129700,-4.125056,75.090000,24.910000,2.068000,0.054700,2.716932,67.410000,32.590000,2.910800,-0.094000,-3.128328,74.430000,25.570000,binance_kline_quote_asset_volume,0.000000,0.000000,0.000000,0.000000,OK
448,2026-06-09 05:15:00 UTC,HUSDT,0.079380,0.080800,0.074270,0.075830,-0.003560,-4.484192,-4.472159,8.226253,35.552667,162833,-123935,-43.217863,79441402.000000,-34586705.000000,-30.331737,6131453.297960,-2992382.867030,-32.797420,38808283.000000,2995671.270600,3135782.027360,48.857443,206572915.000000,16352311.951400,1765347.000000,0.861954,-955975.620280,-5.523225,3.003200,-0.011300,-0.374855,75.020000,24.980000,2.100600,0.032600,1.576402,67.750000,32.250000,2.841700,-0.069100,-2.373918,73.970000,26.030000,binance_kline_quote_asset_volume,0.000000,0.000000,0.000000,0.000000,OK449,2026-06-09 05:30:00 UTC,HUSDT,0.075770,0.083110,0.074860,0.082840,0.007010,9.244362,9.330870,10.888214,39.034550,150311,-12522,-7.690087,72406152.000000,-7035250.000000,-8.855899,5718572.909740,-412880.388220,-6.733810,39116038.000000,3087260.589810,2631312.319930,53.986556,210446886.000000,15963322.269398,3873971.000000,1.875353,-388989.682002,-2.378805,2.977700,-0.025500,-0.849094,74.860000,25.140000,2.162000,0.061400,2.922974,68.370000,31.630000,2.775000,-0.066700,-2.347187,73.510000,26.490000,binance_kline_quote_asset_volume,0.000000,0.000000,0.000000,0.000000,OK
450,2026-06-09 05:45:00 UTC,HUSDT,0.082910,0.092600,0.078770,0.092300,0.009460,11.419604,11.325534,16.680738,43.472921,207310,56999,37.920711,87362690.000000,14956538.000000,20.656446,7542621.821150,1824048.911410,31.896925,41839328.000000,3615611.534040,3927010.287110,47.935739,210483471.000000,17371110.353737,36585.000000,0.017384,1407788.084339,8.818892,2.933900,-0.043800,-1.470934,74.580000,25.420000,2.134700,-0.027300,-1.262720,68.100000,31.900000,2.797900,0.022900,0.825225,73.670000,26.330000,binance_kline_quote_asset_volume,0.000000,0.000000,0.000000,0.000000,OK
451,2026-06-09 06:00:00 UTC,HUSDT,0.092310,0.099000,0.090300,0.093560,0.001260,1.365114,1.354133,9.424764,44.057104,243524,36214,17.468525,106440910.000000,19078220.000000,21.837949,10009969.696120,2467347.874970,32.712072,50711854.000000,4772635.808680,5237333.887440,47.678824,208142455.000000,19129696.576071,-2341016.000000,-1.112209,1758586.222334,10.123626,2.803700,-0.130200,-4.437779,73.710000,26.290000,2.131300,-0.003400,-0.159273,68.060000,31.940000,2.695500,-0.102400,-3.659888,72.940000,27.060000,binance_kline_quote_asset_volume,0.000000,0.000000,0.000000,0.000000,OK
452,2026-06-09 06:15:00 UTC,HUSDT,0.093560,0.099970,0.092560,0.095630,0.002070,2.212484,2.212484,7.920051,45.061611,159407,-84117,-34.541565,70325765.000000,-36115145.000000,-33.929760,6742135.925290,-3267833.770830,-32.645791,34060214.000000,3265663.363950,3476472.561340,48.436629,205001142.000000,19198356.948300,-3141313.000000,-1.509213,68660.372229,0.358920,2.718900,-0.084800,-3.024575,73.110000,26.890000,2.155800,0.024500,1.149533,68.310000,31.690000,2.664300,-0.031200,-1.157485,72.710000,27.290000,binance_kline_quote_asset_volume,0.000000,0.000000,0.000000,0.000000,OK
453,2026-06-09 06:30:00 UTC,HUSDT,0.095650,0.098500,0.092500,0.096580,0.000950,0.993412,0.972295,6.272870,45.544875,135274,-24133,-15.139235,52960576.000000,-17365189.000000,-24.692499,5061925.556630,-1680210.368660,-24.921040,25340235.000000,2424018.852250,2637906.704380,47.887288,203076266.000000,19393555.957582,-1924876.000000,-0.938959,195199.009282,1.016749,2.554900,-0.164000,-6.031851,71.870000,28.130000,2.200500,0.044700,2.073476,68.760000,31.240000,2.517400,-0.146900,-5.513643,71.570000,28.430000,binance_kline_quote_asset_volume,0.000000,0.000000,0.000000,0.000000,OK
454,2026-06-09 06:45:00 UTC,HUSDT,0.096520,0.104950,0.093680,0.101960,0.005380,5.570511,5.636138,11.676337,48.317526,147228,11954,8.836879,60532126.000000,7571550.000000,14.296578,5913745.303280,851819.746650,16.827979,30418046.000000,2974821.163610,2938924.139670,50.303505,203229309.000000,19670457.106576,153043.000000,0.075362,276901.148994,1.427800,2.521100,-0.033800,-1.322948,71.600000,28.400000,2.164200,-0.036300,-1.649625,68.400000,31.600000,2.467400,-0.050000,-1.986176,71.160000,28.840000,binance_kline_quote_asset_volume,0.000000,0.000000,0.000000,0.000000,OK
455,2026-06-09 07:00:00 UTC,HUSDT,0.102080,0.109030,0.101620,0.103010,0.001050,1.029816,0.911050,7.259013,48.864754,180487,33259,22.590132,66362851.000000,5830725.000000,9.632447,6979914.875320,1066169.572040,18.028669,32509651.000000,3422906.601190,3557008.274130,49.039375,201362529.000000,20530923.456840,-1866780.000000,-0.918558,860466.350264,4.374410,2.499000,-0.022100,-0.876601,71.420000,28.580000,2.172600,0.008400,0.388134,68.480000,31.520000,2.483100,0.015700,0.636297,71.290000,28.710000,binance_kline_quote_asset_volume,0.000000,0.000000,0.000000,0.000000,OK
456,2026-06-09 07:15:00 UTC,HUSDT,0.102990,0.103300,0.084830,0.090680,-0.012330,-11.969712,-11.952617,17.933780,43.094376,249666,69179,38.329076,103327069.000000,36964218.000000,55.700166,9400841.018020,2420926.142700,34.684179,48191397.000000,4380282.995420,5020558.022600,46.594586,201544318.000000,20759064.754000,181789.000000,0.090279,228141.297160,1.111208,2.434100,-0.064900,-2.597039,70.880000,29.120000,2.175200,0.002600,0.119672,68.510000,31.490000,2.449500,-0.033600,-1.353147,71.010000,28.990000,binance_kline_quote_asset_volume,0.000000,0.000000,0.000000,0.000000,OK
457,2026-06-09 07:30:00 UTC,HUSDT,0.090690,0.091220,0.081250,0.088720,-0.001960,-2.161447,-2.172235,10.993494,42.240460,171182,-78484,-31.435598,67138082.000000,-36188987.000000,-35.023724,5829111.543700,-3571729.474320,-37.993723,31437985.000000,2733108.095150,3096003.448550,46.887216,197319007.000000,17916565.835600,-4225311.000000,-2.096467,-2842498.918400,-13.692808,2.420000,-0.014100,-0.579270,70.760000,29.240000,2.089200,-0.086000,-3.953659,67.630000,32.370000,2.370400,-0.079100,-3.229230,70.330000,29.670000,binance_kline_quote_asset_volume,0.000000,0.000000,0.000000,0.000000,OK
458,2026-06-09 07:45:00 UTC,HUSDT,0.088710,0.099000,0.087500,0.096480,0.007760,8.746619,8.758877,12.963589,46.740169,166453,-4729,-2.762557,67028159.000000,-109923.000000,-0.163727,6268920.030420,439808.486720,7.545035,35218542.000000,3294489.748330,2974430.282090,52.552748,197671122.000000,17513661.409200,352115.000000,0.178450,-402904.426400,-2.248782,2.503900,0.083900,3.466942,71.460000,28.540000,2.096000,0.006800,0.325483,67.700000,32.300000,2.393300,0.022900,0.966082,70.530000,29.470000,binance_kline_quote_asset_volume,0.000000,0.000000,0.000000,0.000000,OK
459,2026-06-09 08:00:00 UTC,HUSDT,0.096470,0.097670,0.087390,0.090280,-0.006200,-6.426202,-6.416503,10.656163,43.803949,167710,1257,0.755168,68105463.000000,1077304.000000,1.607241,6214835.367090,-54084.663330,-0.862743,32922742.000000,3000372.087640,3214463.279450,48.277580,197035829.000000,18950208.526385,-635293.000000,-0.321389,1436547.117185,8.202437,2.483100,-0.020800,-0.830704,71.290000,28.710000,2.141400,0.045400,2.166031,68.170000,31.830000,2.445900,0.052600,2.197802,70.980000,29.020000,binance_kline_quote_asset_volume,0.000000,0.000000,0.000000,0.000000,OK
460,2026-06-09 08:15:00 UTC,HUSDT,0.090280,0.092750,0.087690,0.091550,0.001270,1.406735,1.406735,5.604785,44.572060,104841,-62869,-37.486733,45068081.000000,-23037382.000000,-33.826041,4069866.346470,-2144969.020620,-34.513690,22283774.000000,2013322.248300,2056544.098170,49.469002,196293377.000000,17756698.883420,-742452.000000,-0.376811,-1193509.642965,-6.298135,2.606200,0.123100,4.957513,72.270000,27.730000,2.162000,0.020600,0.961987,68.370000,31.630000,2.519900,0.074000,3.025471,71.590000,28.410000,binance_kline_quote_asset_volume,0.000000,0.000000,0.000000,0.000000,OK
461,2026-06-09 08:30:00 UTC,HUSDT,0.091620,0.093500,0.089780,0.090440,-0.001110,-1.212452,-1.287928,4.060249,44.005908,73735,-31106,-29.669690,28676159.000000,-16391922.000000,-36.371467,2633536.867670,-1436329.478800,-35.291810,13712110.000000,1260146.693910,1373390.173760,47.849974,196548358.000000,17938618.778583,254981.000000,0.129898,181919.895163,1.024514,2.542300,-0.063900,-2.451846,71.770000,28.230000,2.145500,-0.016500,-0.763182,68.210000,31.790000,2.465000,-0.054900,-2.178658,71.140000,28.860000,binance_kline_quote_asset_volume,0.000000,0.000000,0.000000,0.000000,OK
462,2026-06-09 08:45:00 UTC,HUSDT,0.090440,0.094970,0.090240,0.092390,0.001950,2.156126,2.156126,5.229987,45.319909,77421,3686,4.998983,31785281.000000,3109122.000000,10.842184,2954469.347260,320932.479590,12.186367,15517904.000000,1442699.144690,1511770.202570,48.831075,196865823.000000,17798639.057430,317465.000000,0.161520,-139979.721153,-0.780326,2.601000,0.058700,2.308933,72.230000,27.770000,2.123800,-0.021700,-1.011419,67.990000,32.010000,2.501400,0.036400,1.476673,71.440000,28.560000,binance_kline_quote_asset_volume,0.000000,0.000000,0.000000,0.000000,OK
463,2026-06-09 09:00:00 UTC,HUSDT,0.092430,0.093370,0.088540,0.090660,-0.001730,-1.872497,-1.914963,5.225576,44.326086,91079,13658,17.641208,39209257.000000,7423976.000000,23.356647,3562300.239320,607830.892060,20.573268,18893523.000000,1716968.739010,1845331.500310,48.198316,197735970.000000,18362021.208321,870147.000000,0.442000,563382.150891,3.165310,2.604900,0.003900,0.149942,72.260000,27.740000,2.099500,-0.024300,-1.144176,67.740000,32.260000,2.499000,-0.002400,-0.095946,71.420000,28.580000,binance_kline_quote_asset_volume,0.000000,0.000000,0.000000,0.000000,OK
464,2026-06-09 09:15:00 UTC,HUSDT,0.090640,0.093090,0.088940,0.092300,0.001640,1.808957,1.831421,4.578553,45.545184,65402,-25677,-28.192009,28634152.000000,-10575105.000000,-26.970940,2614541.319540,-947758.919780,-26.605251,14221598.000000,1299050.535020,1315490.784520,49.685600,197436029.000000,17923489.507656,-299941.000000,-0.151688,-438531.700664,-2.388254,2.628400,0.023500,0.902146,72.440000,27.560000,2.120000,0.020500,0.976423,67.950000,32.050000,2.547400,0.048400,1.936775,71.810000,28.190000,binance_kline_quote_asset_volume,0.000000,0.000000,0.000000,0.000000,OK
465,2026-06-09 09:30:00 UTC,HUSDT,0.092270,0.097000,0.091100,0.095410,0.003110,3.369447,3.403056,6.394278,47.876093,102780,37378,57.151157,40508808.000000,11874656.000000,41.470256,3796140.756950,1181599.437410,45.193374,20667329.000000,1938476.282260,1857664.474690,51.064394,196889262.000000,18173739.288675,-546767.000000,-0.276934,250249.781019,1.396211,2.604900,-0.023500,-0.894080,72.260000,27.740000,2.109700,-0.010300,-0.485849,67.840000,32.160000,2.514900,-0.032500,-1.275811,71.550000,28.450000,binance_kline_quote_asset_volume,0.000000,0.000000,0.000000,0.000000,OK
466,2026-06-09 09:45:00 UTC,HUSDT,0.095410,0.113690,0.095350,0.112490,0.017080,17.901687,17.901687,19.222304,58.406140,254249,151469,147.372057,96311565.000000,55802757.000000,137.754626,10130410.526920,6334269.769970,166.860772,48552257.000000,5109954.272740,5020456.254180,50.441729,196036529.000000,18688162.309570,-852733.000000,-0.433103,514423.020895,2.830584,2.565100,-0.039800,-1.527890,71.950000,28.050000,2.107900,-0.001800,-0.085320,67.820000,32.180000,2.484300,-0.030600,-1.216748,71.300000,28.700000,binance_kline_quote_asset_volume,0.000000,0.000000,0.000000,0.000000,OK
467,2026-06-09 10:00:00 UTC,HUSDT,0.112410,0.140000,0.107400,0.138790,0.026300,23.379856,23.467663,29.000979,68.843570,441218,186969,73.537752,159379525.000000,63067960.000000,65.483268,19495406.511000,9364995.984080,92.444388,79365818.000000,9734627.671950,9760778.839050,49.932930,192260470.000000,21634436.229549,-3776059.000000,-1.926202,2946273.919979,15.765456,2.363600,-0.201500,-7.855444,70.270000,29.730000,2.092600,-0.015300,-0.725841,67.660000,32.340000,2.384100,-0.100200,-4.033329,70.450000,29.550000,binance_kline_quote_asset_volume,0.000000,0.000000,0.000000,0.000000,OK468,2026-06-09 10:15:00 UTC,HUSDT,0.138760,0.151890,0.127560,0.140460,0.001670,1.203257,1.225137,17.533871,69.369186,516367,75149,17.032170,161834986.000000,2455461.000000,1.540638,22941911.803700,3446505.292700,17.678551,77686726.000000,11025344.700900,11916567.102800,48.057654,188769584.000000,26320307.326658,-3490886.000000,-1.815707,4685871.097109,21.659317,2.092100,-0.271500,-11.486715,67.660000,32.340000,2.065900,-0.026700,-1.275925,67.380000,32.620000,2.201000,-0.183100,-7.680047,68.760000,31.240000,binance_kline_quote_asset_volume,0.000000,0.000000,0.000000,0.000000,OK
469,2026-06-09 10:30:00 UTC,HUSDT,0.140390,0.148280,0.131220,0.144590,0.004130,2.940339,2.991666,12.151863,70.686260,341932,-174435,-33.781206,86198668.000000,-75636318.000000,-46.736691,12134140.109990,-10807771.693710,-47.109290,41167743.000000,5802744.599200,6331395.510790,47.821638,183805172.000000,25878871.248361,-4964412.000000,-2.629879,-441436.078297,-1.677169,2.016600,-0.075500,-3.608814,66.850000,33.150000,2.133600,0.067700,3.277022,68.090000,31.910000,2.112400,-0.088600,-4.025443,67.870000,32.130000,binance_kline_quote_asset_volume,0.000000,0.000000,0.000000,0.000000,OK
470,2026-06-09 10:45:00 UTC,HUSDT,0.144690,0.158760,0.136410,0.152390,0.007800,5.394564,5.321722,15.446817,73.043702,302156,-39776,-11.632722,78101509.000000,-8097159.000000,-9.393601,11482280.539960,-651859.570030,-5.372112,38406943.000000,5655202.414260,5827078.125700,49.251561,182666589.000000,26461741.508926,-1138583.000000,-0.619451,582870.260566,2.252302,1.942900,-0.073700,-3.654666,66.020000,33.980000,2.196700,0.063100,2.957443,68.720000,31.280000,2.027600,-0.084800,-4.014391,66.970000,33.030000,binance_kline_quote_asset_volume,0.000000,0.000000,0.000000,0.000000,OK
471,2026-06-09 11:00:00 UTC,HUSDT,0.152340,0.161830,0.141520,0.157320,0.004930,3.235120,3.269004,13.332020,74.442715,312723,10567,3.497200,82117875.000000,4016366.000000,5.142495,12478436.719060,996156.179100,8.675595,39306695.000000,5979754.877870,6498681.841190,47.920705,179997111.000000,27602990.764888,-2669478.000000,-1.461394,1141249.255961,4.312827,1.916300,-0.026600,-1.369087,65.710000,34.290000,2.176100,-0.020600,-0.937770,68.510000,31.490000,2.034900,0.007300,0.360032,67.050000,32.950000,binance_kline_quote_asset_volume,0.000000,0.000000,0.000000,0.000000,OK
472,2026-06-09 11:15:00 UTC,HUSDT,0.157310,0.158800,0.142720,0.151640,-0.005680,-3.610475,-3.604348,10.221855,69.939039,254188,-58535,-18.717843,69845387.000000,-12272488.000000,-14.944965,10463436.292380,-2015000.426680,-16.147859,34771500.000000,5212740.553890,5250695.738490,49.818629,178051979.000000,27934574.985310,-1945132.000000,-1.080646,331584.220422,1.201262,1.868600,-0.047700,-2.489172,65.140000,34.860000,2.176200,0.000100,0.004595,68.520000,31.480000,2.018400,-0.016500,-0.810851,66.870000,33.130000,binance_kline_quote_asset_volume,0.000000,0.000000,0.000000,0.000000,OK
473,2026-06-09 11:30:00 UTC,HUSDT,0.151690,0.152930,0.132300,0.141830,-0.009810,-6.469269,-6.500099,13.600105,62.865122,229593,-24595,-9.675909,60422451.000000,-9422936.000000,-13.491136,8613049.565450,-1850386.726930,-17.684312,28112116.000000,4011292.686280,4601756.879170,46.572270,176607901.000000,26840868.793980,-1444078.000000,-0.811043,-1093706.191330,-3.915242,1.874400,0.005800,0.310393,65.210000,34.790000,2.197600,0.021400,0.983365,68.730000,31.270000,2.023900,0.005500,0.272493,66.930000,33.070000,binance_kline_quote_asset_volume,0.000000,0.000000,0.000000,0.000000,OK
474,2026-06-09 11:45:00 UTC,HUSDT,0.141860,0.153150,0.135000,0.146040,0.004210,2.968342,2.946567,12.794304,64.523483,269317,39724,17.301921,72211516.000000,11789065.000000,19.511067,10494042.823600,1880993.258150,21.838877,36044922.000000,5248390.556340,5245652.267260,50.013047,174615713.000000,24722092.646540,-1992188.000000,-1.128029,-2118776.147440,-7.893843,1.848200,-0.026200,-1.397781,64.890000,35.110000,2.257000,0.059400,2.702949,69.300000,30.700000,1.911200,-0.112700,-5.568457,65.650000,34.350000,binance_kline_quote_asset_volume,0.000000,0.000000,0.000000,0.000000,OK
475,2026-06-09 12:00:00 UTC,HUSDT,0.146040,0.148950,0.133310,0.136790,-0.009250,-6.333881,-6.333881,10.709395,58.357041,202853,-66464,-24.678724,57442496.000000,-14769020.000000,-20.452444,8109633.004920,-2384409.818680,-22.721556,27767604.000000,3923902.304790,4185730.700130,48.385695,177635603.000000,25883283.713130,3019890.000000,1.729449,1161191.066590,4.696977,1.876000,0.027800,1.504166,65.230000,34.770000,2.288100,0.031100,1.377935,69.590000,30.410000,1.981500,0.070300,3.678317,66.460000,33.540000,binance_kline_quote_asset_volume,0.000000,0.000000,0.000000,0.000000,OK
476,2026-06-09 12:15:00 UTC,HUSDT,0.136720,0.137110,0.090000,0.102490,-0.034300,-25.074932,-25.036571,34.457285,42.237514,534427,331574,163.455310,227240451.000000,169797955.000000,295.596408,25571236.948030,17461603.943110,215.319287,104015297.000000,11693307.919280,13877929.028750,45.728362,176743427.000000,24213849.499000,-892176.000000,-0.502251,-1669434.214130,-6.449855,1.949000,0.073000,3.891258,66.090000,33.910000,2.319000,0.030900,1.350465,69.870000,30.130000,2.003900,0.022400,1.130457,66.710000,33.290000,binance_kline_quote_asset_volume,0.000000,0.000000,0.000000,0.000000,OK
477,2026-06-09 12:30:00 UTC,HUSDT,0.102490,0.106800,0.096320,0.106290,0.003800,3.707679,3.707679,10.225388,44.080395,286904,-247523,-46.315587,119534035.000000,-107706416.000000,-47.397554,12148036.043140,-13423200.904890,-52.493358,60185922.000000,6120672.779920,6027363.263220,50.384052,172274709.000000,17708117.338110,-4468718.000000,-2.528364,-6505732.160890,-26.867814,2.133800,0.184800,9.481786,68.090000,31.910000,2.531600,0.212600,9.167745,71.680000,28.320000,2.034900,0.031000,1.546983,67.050000,32.950000,binance_kline_quote_asset_volume,0.000000,0.000000,0.000000,0.000000,OK
478,2026-06-09 12:45:00 UTC,HUSDT,0.106300,0.113900,0.105870,0.107640,0.001350,1.270110,1.260583,7.554092,44.754739,218904,-68000,-23.701308,83975160.000000,-35558875.000000,-29.747908,9234681.209600,-2913354.833540,-23.982106,40770959.000000,4486901.951130,4747779.258470,48.587513,177928168.000000,18945791.328640,5653459.000000,3.281653,1237673.990530,6.989303,2.271200,0.137400,6.439216,69.430000,30.570000,2.444000,-0.087600,-3.460262,70.960000,29.040000,2.187100,0.152200,7.479483,68.630000,31.380000,binance_kline_quote_asset_volume,0.000000,0.000000,0.000000,0.000000,OK
479,2026-06-09 13:00:00 UTC,HUSDT,0.107650,0.111220,0.103710,0.107460,-0.000180,-0.167224,-0.176498,6.976312,44.677377,168300,-50604,-23.116983,67144275.000000,-16830885.000000,-20.042695,7252297.785690,-1982383.423910,-21.466723,32151020.000000,3475804.534590,3776493.251100,47.926942,180827581.000000,19462472.543030,2899413.000000,1.629541,516681.214390,2.727156,2.277600,0.006400,0.281789,69.490000,30.510000,2.450100,0.006100,0.249591,71.020000,28.980000,2.235200,0.048100,2.199259,69.090000,30.910000,binance_kline_quote_asset_volume,0.000000,0.000000,0.000000,0.000000,OK
480,2026-06-09 13:15:00 UTC,HUSDT,0.107430,0.108600,0.095950,0.100330,-0.007130,-6.635027,-6.608955,11.775109,41.609200,168500,200,0.118835,80737473.000000,13593198.000000,20.244761,8155604.446910,903306.661220,12.455455,38276081.000000,3868322.451440,4287281.995470,47.431462,180051423.000000,19324919.230590,-776158.000000,-0.429225,-137553.312440,-0.706762,2.371500,0.093900,4.122761,70.340000,29.660000,2.460300,0.010200,0.416310,71.100000,28.900000,2.313500,0.078300,3.503042,69.820000,30.180000,binance_kline_quote_asset_volume,0.000000,0.000000,0.000000,0.000000,OK
481,2026-06-09 13:30:00 UTC,HUSDT,0.100340,0.108320,0.099260,0.101150,0.000820,0.817303,0.807255,9.029300,42.101657,132838,-35662,-21.164392,66092324.000000,-14645149.000000,-18.139221,6863789.195310,-1291815.251600,-15.839602,32634795.000000,3393377.794480,3470411.400830,49.438841,181047218.000000,18164635.755853,995795.000000,0.553061,-1160283.474737,-6.004079,2.356800,-0.014700,-0.619861,70.210000,29.790000,2.428700,-0.031600,-1.284396,70.830000,29.170000,2.249900,-0.063600,-2.749081,69.230000,30.770000,binance_kline_quote_asset_volume,0.000000,0.000000,0.000000,0.000000,OK
482,2026-06-09 13:45:00 UTC,HUSDT,0.101150,0.102490,0.096280,0.098880,-0.002270,-2.244192,-2.244192,6.139397,41.069051,99561,-33277,-25.050814,48097100.000000,-17995224.000000,-27.227404,4771235.302500,-2092553.892810,-30.486861,24175094.000000,2400304.239410,2370931.063090,50.307815,178978336.000000,18191358.071040,-2068882.000000,-1.142731,26722.315187,0.147112,2.445900,0.089100,3.780550,70.980000,29.020000,2.555600,0.126900,5.225017,71.870000,28.130000,2.328900,0.079000,3.511267,69.960000,30.040000,binance_kline_quote_asset_volume,0.000000,0.000000,0.000000,0.000000,OK
483,2026-06-09 14:00:00 UTC,HUSDT,0.099000,0.104740,0.085010,0.096520,-0.002360,-2.386731,-2.505051,19.929293,39.971421,203620,104059,104.517833,105054767.000000,56957667.000000,118.422248,10008425.813360,5237190.510860,109.765924,49479531.000000,4732123.450120,5276302.363240,47.281396,182253265.000000,18041250.702350,3274929.000000,1.829791,-150107.368690,-0.825158,2.465000,0.019100,0.780899,71.140000,28.860000,2.528600,-0.027000,-1.056503,71.660000,28.340000,2.345600,0.016700,0.717077,70.110000,29.890000,binance_kline_quote_asset_volume,0.000000,0.000000,0.000000,0.000000,OK
484,2026-06-09 14:15:00 UTC,HUSDT,0.096480,0.105150,0.095540,0.102530,0.006010,6.226689,6.270730,9.960614,44.070879,137836,-65784,-32.307239,60379050.000000,-44675717.000000,-42.526121,6061073.377040,-3947352.436320,-39.440293,31621437.000000,3177357.698690,2883715.678350,52.422360,180103899.000000,17380119.907527,-2149366.000000,-1.179329,-661130.794823,-3.664551,2.408300,-0.056700,-2.300203,70.660000,29.340000,2.490300,-0.038300,-1.514672,71.350000,28.650000,2.265800,-0.079800,-3.402115,69.380000,30.620000,binance_kline_quote_asset_volume,0.000000,0.000000,0.000000,0.000000,OK485,2026-06-09 14:30:00 UTC,HUSDT,0.102470,0.104000,0.090000,0.094130,-0.008400,-8.192724,-8.138968,13.662535,39.963014,147526,9690,7.030094,66742387.000000,6363337.000000,10.538982,6463828.540750,402755.163710,6.644948,28792476.000000,2797121.682210,3666706.858540,43.273451,180155788.000000,18464701.774810,51889.000000,0.028811,1084581.867283,6.240359,2.331100,-0.077200,-3.205581,69.980000,30.020000,2.528900,0.038600,1.550014,71.660000,28.340000,2.247800,-0.018000,-0.794421,69.210000,30.790000,binance_kline_quote_asset_volume,0.000000,0.000000,0.000000,0.000000,OK
486,2026-06-09 14:45:00 UTC,HUSDT,0.094130,0.096360,0.089330,0.093210,-0.000920,-0.977372,-0.977372,7.468395,39.528437,129126,-18400,-12.472378,56992480.000000,-9749907.000000,-14.608268,5290691.369190,-1173137.171560,-18.149262,27814438.000000,2586209.109980,2704482.259210,48.882252,182354063.000000,17225713.676710,2198275.000000,1.220208,-1238988.098101,-6.710036,2.451800,0.120700,5.177813,71.030000,28.970000,2.532500,0.003600,0.142354,71.690000,28.310000,2.302500,0.054700,2.433491,69.720000,30.280000,binance_kline_quote_asset_volume,0.000000,0.000000,0.000000,0.000000,OK
487,2026-06-09 15:00:00 UTC,HUSDT,0.093220,0.101780,0.090350,0.093150,-0.000060,-0.064371,-0.075091,12.261317,39.498269,152356,23230,17.990180,66319508.000000,9327028.000000,16.365366,6329655.877000,1038964.507810,19.637594,32195555.000000,3076636.722780,3253019.154220,48.606698,184505149.000000,17219324.956083,2151086.000000,1.179621,-6388.720626,-0.037088,2.534800,0.083000,3.385268,71.710000,28.290000,2.495000,-0.037500,-1.480750,71.390000,28.610000,2.367000,0.064500,2.801303,70.300000,29.700000,binance_kline_quote_asset_volume,0.000000,0.000000,0.000000,0.000000,OK
488,2026-06-09 15:15:00 UTC,HUSDT,0.093220,0.094060,0.085220,0.085940,-0.007210,-7.740204,-7.809483,9.482944,35.947943,101972,-50384,-33.069915,48114091.000000,-18205417.000000,-27.451074,4270438.268870,-2059217.608130,-32.532852,22670601.000000,2013739.563490,2256698.705380,47.155337,184386179.000000,17197079.377769,-118970.000000,-0.064481,-22245.578315,-0.129190,2.532300,-0.002500,-0.098627,71.690000,28.310000,2.476200,-0.018800,-0.753507,71.230000,28.770000,2.372700,0.005700,0.240811,70.350000,29.650000,binance_kline_quote_asset_volume,0.000000,0.000000,0.000000,0.000000,OK
489,2026-06-09 15:30:00 UTC,HUSDT,0.086080,0.088670,0.082860,0.087530,0.001590,1.850128,1.684480,6.749535,37.286684,93849,-8123,-7.965912,46672913.000000,-1441178.000000,-2.995335,4022218.779030,-248219.489840,-5.812506,22813248.000000,1971042.100300,2051176.678730,49.003851,185278379.000000,15909854.404730,892200.000000,0.483876,-1287224.973039,-7.485137,2.526100,-0.006200,-0.244837,71.640000,28.360000,2.412100,-0.064100,-2.588644,70.690000,29.310000,2.335600,-0.037100,-1.563620,70.020000,29.980000,binance_kline_quote_asset_volume,0.000000,0.000000,0.000000,0.000000,OK
490,2026-06-09 15:45:00 UTC,HUSDT,0.087520,0.090750,0.083780,0.084980,-0.002550,-2.913287,-2.902194,7.963894,35.987580,97155,3306,3.522680,45978816.000000,-694097.000000,-1.487152,4015514.863320,-6703.915710,-0.166672,22224163.000000,1942403.325290,2073111.538030,48.372460,186641709.000000,16391261.232718,1363330.000000,0.735828,481406.827988,3.025841,2.528600,0.002500,0.098967,71.660000,28.340000,2.397000,-0.015100,-0.626011,70.560000,29.440000,2.325600,-0.010000,-0.428156,69.930000,30.070000,binance_kline_quote_asset_volume,0.000000,0.000000,0.000000,0.000000,OK
491,2026-06-09 16:00:00 UTC,HUSDT,0.085030,0.089240,0.083310,0.086440,0.001460,1.718051,1.658238,6.974009,37.333814,100596,3441,3.541763,39964695.000000,-6014121.000000,-13.080200,3445657.569270,-569857.294050,-14.191388,20258341.000000,1747424.013440,1698233.555830,50.713804,188173931.000000,15984743.174042,1532222.000000,0.820943,-406518.058676,-2.480090,2.505100,-0.023500,-0.929368,71.470000,28.530000,2.376600,-0.020400,-0.851064,70.380000,29.620000,2.314600,-0.011000,-0.472996,69.830000,30.170000,binance_kline_quote_asset_volume,0.000000,0.000000,0.000000,0.000000,OK
492,2026-06-09 16:15:00 UTC,HUSDT,0.086430,0.091980,0.084690,0.090300,0.003860,4.465525,4.477612,8.434571,40.874216,84794,-15802,-15.708378,35784860.000000,-4179835.000000,-10.458819,3157867.219360,-287790.349910,-8.352262,18936377.000000,1672450.637380,1485416.581980,52.961398,188648216.000000,16299205.862400,474285.000000,0.252046,314462.688358,1.967268,2.547400,0.042300,1.688555,71.810000,28.190000,2.387200,0.010600,0.446015,70.480000,29.520000,2.360200,0.045600,1.970103,70.240000,29.760000,binance_kline_quote_asset_volume,0.000000,0.000000,0.000000,0.000000,OK
493,2026-06-09 16:30:00 UTC,HUSDT,0.090300,0.090300,0.085300,0.086160,-0.004140,-4.584718,-4.584718,5.537099,38.370341,69595,-15199,-17.924617,29014558.000000,-6770302.000000,-18.919459,2521404.038440,-636463.180920,-20.154843,14424916.000000,1253815.223840,1267588.814600,49.726867,188578406.000000,17035181.275624,-69810.000000,-0.037005,735975.413224,4.515407,2.570200,0.022800,0.895030,71.990000,28.010000,2.368300,-0.018900,-0.791723,70.310000,29.690000,2.378400,0.018200,0.771121,70.400000,29.600000,binance_kline_quote_asset_volume,0.000000,0.000000,0.000000,0.000000,OK
494,2026-06-09 16:45:00 UTC,HUSDT,0.086140,0.086350,0.081030,0.084640,-0.001520,-1.764160,-1.741351,6.175993,37.462953,84548,14953,21.485739,37407636.000000,8393078.000000,28.927127,3160252.373080,638848.334640,25.337008,16058738.000000,1358814.276060,1801438.097020,42.997018,189820889.000000,16354967.796240,1242483.000000,0.658868,-680213.479384,-3.992992,2.611400,0.041200,1.602988,72.310000,27.690000,2.324100,-0.044200,-1.866318,69.920000,30.080000,2.438800,0.060400,2.539522,70.920000,29.080000,binance_kline_quote_asset_volume,0.000000,0.000000,0.000000,0.000000,OK
495,2026-06-09 17:00:00 UTC,HUSDT,0.084690,0.087300,0.083560,0.085480,0.000840,0.992439,0.932814,4.416106,38.330885,55905,-28643,-33.877797,21308819.000000,-16098817.000000,-43.036178,1824474.423630,-1335777.949450,-42.268078,10486915.000000,898021.596580,926452.827050,49.220838,191006315.000000,16210705.954050,1185426.000000,0.624497,-144261.842190,-0.882067,2.631100,0.019700,0.754385,72.460000,27.540000,2.377000,0.052900,2.276150,70.390000,29.610000,2.425800,-0.013000,-0.533049,70.810000,29.190000,binance_kline_quote_asset_volume,0.000000,0.000000,0.000000,0.000000,OK
496,2026-06-09 17:15:00 UTC,HUSDT,0.085500,0.088000,0.080100,0.082250,-0.003230,-3.778662,-3.801170,9.239766,36.247660,106620,50715,90.716394,40108170.000000,18799351.000000,88.223336,3372827.243810,1548352.820180,84.865691,20163981.000000,1697245.053480,1675582.190330,50.321138,190902298.000000,16316419.410060,-104017.000000,-0.054457,105713.456010,0.652121,2.692800,0.061700,2.345027,72.920000,27.080000,2.386000,0.009000,0.378629,70.470000,29.530000,2.481900,0.056100,2.312639,71.280000,28.720000,binance_kline_quote_asset_volume,0.000000,0.000000,0.000000,0.000000,OK
497,2026-06-09 17:30:00 UTC,HUSDT,0.082260,0.083330,0.076200,0.079430,-0.002820,-3.428571,-3.440311,8.667639,34.485462,106421,-199,-0.186644,52191966.000000,12083796.000000,30.128016,4190534.790620,817707.546810,24.243980,24438948.000000,1966171.574820,2224363.215800,46.919347,192366938.000000,15814485.972980,1464640.000000,0.767220,-501933.437080,-3.076247,2.717500,0.024700,0.917261,73.100000,26.900000,2.382000,-0.004000,-0.167645,70.430000,29.570000,2.523600,0.041700,1.680164,71.620000,28.380000,binance_kline_quote_asset_volume,0.000000,0.000000,0.000000,0.000000,OK
498,2026-06-09 17:45:00 UTC,HUSDT,0.079420,0.080710,0.077820,0.079050,-0.000380,-0.478409,-0.465878,3.638882,34.243874,63775,-42646,-40.072918,28473003.000000,-23718963.000000,-45.445621,2251680.617830,-1938854.172790,-46.267464,14899348.000000,1178635.200890,1073045.416940,52.344688,189754154.000000,15077865.076840,-2612784.000000,-1.358229,-736620.896140,-4.657887,2.730000,0.012500,0.459982,73.190000,26.810000,2.487400,0.105400,4.424853,71.330000,28.670000,2.442300,-0.081300,-3.221588,70.950000,29.050000,binance_kline_quote_asset_volume,0.000000,0.000000,0.000000,0.000000,OK
499,2026-06-09 18:00:00 UTC,HUSDT,0.079080,0.080090,0.076210,0.077090,-0.001960,-2.479443,-2.516439,4.906424,32.961244,78279,14504,22.742454,30636942.000000,2163939.000000,7.599968,2400822.226300,149141.608470,6.623569,14631066.000000,1147718.915830,1253103.310470,47.805244,191267875.000000,15157881.547134,1513721.000000,0.797727,80016.470294,0.530688,2.695500,-0.034500,-1.263736,72.940000,27.060000,2.469800,-0.017600,-0.707566,71.180000,28.820000,2.416500,-0.025800,-1.056381,70.730000,29.270000,binance_kline_quote_asset_volume,0.000000,0.000000,0.000000,0.000000,OK
500,2026-06-09 18:15:00 UTC,HUSDT,0.077120,0.077210,0.076500,0.076610,-0.000480,-0.622649,-0.661307,0.920643,32.638823,2044,-76235,-97.388827,905946.000000,-29730996.000000,-97.042962,69586.429390,-2331235.796910,-97.101558,443107.000000,34062.991400,35523.437990,48.950624,191267875.000000,15157881.547134,0.000000,0.000000,0.000000,0.000000,2.695500,0.000000,0.000000,72.940000,27.060000,2.469800,0.000000,0.000000,71.180000,28.820000,2.416500,0.000000,0.000000,70.730000,29.270000,binance_kline_quote_asset_volume,-15.000000,-15.000000,-15.000000,-15.000000,OK

==================================================================================================================================LAST CANDLE SNAPSHOT — FULL DATA NEEDED FOR V3.2.1
==================================================================================================================================Candle Index        : 500
Time                : 2026-06-09 18:15:00 UTC
Close Time          : 2026-06-09 18:29:59 UTC
Symbol              : HUSDT

[PRICE / RSI]
Open                : 0.07712000
High                : 0.07721000
Low                 : 0.07650000
Close               : 0.07661000
Close Change        : -0.00048000
Close Change %      : -0.6226%
Candle Body %       : -0.6613%
Price Range %       : 0.9206%
RSI(14)            : 32.64

[TRADES / VOLUME / QUOTE VOLUME]
Number of Trades    : 2044
Trades Change       : -76235
Trades Change %     : -97.3888%
Volume              : 905946.00000000
Volume Change       : -29730996.00000000
Volume Change %     : -97.0430%
Quote Volume        : 69586.42939000
Quote Volume Change : -2331235.79691000
Quote Volume Chg %  : -97.1016%
Quote Volume Source : binance_kline_quote_asset_volume
Taker Buy Base Vol  : 443107.00000000
Taker Buy Quote Vol : 34062.99140000
Taker Sell Quote Vol: 35523.43799000
Taker Buy Quote %   : 48.9506%

[OPEN INTEREST]
Open Interest       : 191267875.00000000
OI Change           : 0.00000000
OI Change %         : 0.0000%
OI Value            : 15157881.54713375
OI Value Change     : 0.00000000
OI Value Change %   : 0.0000%

[TOP ACCOUNT L/S]
Top Acco L/S Ratio  : 2.69550000
Top Acco L/S Change : 0.00000000
Top Acco Chg %      : 0.0000%
Top Acco Long %     : 72.9400
Top Acco Short %    : 27.0600

[TOP POSITION L/S]
Top Posit L/S Ratio : 2.46980000
Top Posit L/S Change: 0.00000000
Top Posit Chg %     : 0.0000%
Top Posit Long %    : 71.1800
Top Posit Short %   : 28.8200

[GLOBAL L/S]
Global L/S Ratio    : 2.41650000
Global L/S Change   : 0.00000000
Global Chg %        : 0.0000%
Global Long %       : 70.7300
Global Short %      : 29.2700

[DATA QUALITY / TIMESTAMP MATCH]
OI Match Delta Min     : -15.0
Acco Match Delta Min   : -15.0
Posit Match Delta Min  : -15.0
Global Match Delta Min : -15.0
Data Quality           : OK

====================================================================================================
تمت الطباعة: 500 شمعة. كل صف في الجدول = شمعة واحدة.
RSI للسياق فقط. القرار البنيوي يعتمد على OI → Trades/Quote → L/S → Price Acceptance.
====================================================================================================

[Program finished]
