code_version,timestamp,time,symbol,open_time,open_time_str,close_time,close_time_str,is_closed_candle,open,high,low,close,close_change,close_change_pct,rsi,mark_open,mark_high,mark_low,mark_close,mark_close_change,mark_close_change_pct,mark_close_time,mark_close_time_str,mark_source_timestamp,mark_source_time_str,mark_age_seconds_at_candle_open,mark_close_age_seconds_at_candle_close,mark_last_close_spread,mark_last_close_spread_pct,premium_index_open,premium_index_high,premium_index_low,premium_index_close,premium_index_close_change,premium_index_close_change_pct,premium_index_close_time,premium_index_close_time_str,number_of_trades,trades_change,trades_change_pct,volume,volume_change,volume_change_pct,quote_volume,quote_volume_change,quote_volume_change_pct,quote_volume_source,avg_base_per_trade,avg_quote_per_trade,price_range,price_range_pct,candle_body,candle_body_pct,candle_body_abs,candle_body_abs_pct,upper_wick,upper_wick_pct_of_range,lower_wick,lower_wick_pct_of_range,close_location_in_range,taker_buy_base_volume,taker_sell_base_volume,taker_buy_base_pct,taker_sell_base_pct,taker_buy_quote_volume,taker_buy_quote_change,taker_buy_quote_change_pct,taker_sell_quote_volume,taker_sell_quote_change,taker_sell_quote_change_pct,taker_buy_quote_pct,taker_sell_quote_pct,taker_buy_sell_base_ratio,taker_buy_sell_quote_ratio,taker_quote_imbalance,taker_quote_imbalance_pct,oi,oi_value,oi_change,oi_change_pct,oi_value_change,oi_value_change_pct,oi_source_timestamp,oi_source_time_str,oi_timestamp_alignment_status,oi_age_seconds_at_candle_open,oi_age_seconds_at_candle_close,oi_quantity,oi_quantity_change,oi_quantity_change_pct,open_interest_quantity,open_interest_quantity_change,open_interest_quantity_change_pct,oi_source_value,oi_source_value_change,oi_source_value_change_pct,oi_source_implied_price,source_open_interest_value,source_open_interest_value_change,source_open_interest_value_change_pct,oi_notional_mark_open,oi_notional_mark_open_change,oi_notional_mark_open_change_pct,oi_notional_sync,oi_notional_sync_change,oi_notional_sync_change_pct,open_interest_notional_sync,open_interest_notional_sync_change,open_interest_notional_sync_change_pct,oi_notional_calculation_method,oi_notional_mark_close_estimate,oi_notional_mark_close_estimate_change,oi_notional_mark_close_estimate_change_pct,oi_quantity_log_contribution,oi_mark_open_log_contribution,oi_mark_close_log_contribution,oi_notional_mark_open_log_change,oi_notional_mark_close_estimate_log_change,oi_quantity_contribution_pct,oi_price_revaluation_open_contribution_pct,oi_price_revaluation_close_contribution_pct,oi_source_value_error_vs_mark_open_pct,oi_source_value_error_vs_mark_close_pct,oi_source_value_error_vs_previous_mark_close_pct,oi_source_value_alignment_status,oi_source_value_apparent_lag_bars_vs_mark_close,oi_value_alignment_error_pct,oi_value_alignment_status,oi_value_lag_bars,acco_ls_ratio,acco_ls_change,acco_ls_change_pct,acco_long_pct,acco_short_pct,acco_source_timestamp,acco_source_time_str,acco_age_seconds_at_candle_open,posit_ls_ratio,posit_ls_change,posit_ls_change_pct,posit_long_pct,posit_short_pct,posit_source_timestamp,posit_source_time_str,posit_age_seconds_at_candle_open,global_ls_ratio,global_ls_change,global_ls_change_pct,global_long_pct,global_short_pct,global_source_timestamp,global_source_time_str,global_age_seconds_at_candle_open,acco_posit_ls_spread,global_acco_ls_spread,global_posit_ls_spread,funding_time,funding_time_str,funding_rate,mark_price_at_funding,funding_age_seconds_at_candle_open
FINAL_REAL_MARK_PREMIUM_OI_SYNC_AUDIT_2026_07_12,1781812800000,2026-06-18 20:00:00 UTC,LYNUSDT,1781812800000,2026-06-18 20:00:00 UTC,1781827199999,2026-06-18 23:59:59 UTC,True,0.03554,0.03594,0.03533,0.03585,,,45.173766682495874,0.03554585,0.03593914,0.03537985,0.03583633,,,1781827199999,2026-06-18 23:59:59 UTC,1781812800000,2026-06-18 20:00:00 UTC,0.0,0.0,1.3670000000000349e-05,0.03814564716867031,0.00033508,0.00434851,0.0,0.0,,,1781827199999,2026-06-18 23:59:59 UTC,3826,,,4578188.0,,,162921.40931,,,binance_kline_quote_asset_volume,1196.5990590695244,42.58269976738107,0.0006099999999999994,1.7163759144625756,0.0003099999999999978,0.872256612267861,0.0003099999999999978,0.872256612267861,8.99999999999998e-05,14.754098360655718,0.00021000000000000185,34.42622950819706,0.8524590163934428,1917003.0,2661185.0,41.87252685997168,58.12747314002833,68253.48156,,,94667.92774999999,,,41.893500583542185,58.106499416457815,0.7203569086703856,0.7209778769029832,-26414.446189999988,-16.212998832915627,168766692.0,5998955.5188282,,,,,1781812800000,2026-06-18 20:00:00 UTC,EXACT_CANDLE_OPEN,0.0,14399.999,168766692.0,,,168766692.0,,,5998955.5188282,,,0.035545850000000004,5998955.5188282,,,5998955.518828199,,,5998955.518828199,,,5998955.518828199,,,sumOpenInterest * mark_open,6047978.86752036,,,,,,,,,,,1.95209677188961e-14,-0.8105740738518585,,ALIGNED_OI_TIMESTAMP_MARK_OPEN,0,1.95209677188961e-14,ALIGNED_OI_TIMESTAMP_MARK_OPEN,0,4.9242,,,83.12,16.88,1781812800000,2026-06-18 20:00:00 UTC,0.0,1.5041,,,60.07,39.93,1781812800000,2026-06-18 20:00:00 UTC,0.0,4.4201,,,81.55,18.45,1781812800000,2026-06-18 20:00:00 UTC,0.0,-3.4200999999999997,-0.5041000000000002,2.9159999999999995,1781812800000,2026-06-18 20:00:00 UTC,0.00070044,0.03554585,0.0
FINAL_REAL_MARK_PREMIUM_OI_SYNC_AUDIT_2026_07_12,1781827200000,2026-06-19 00:00:00 UTC,LYNUSDT,1781827200000,2026-06-19 00:00:00 UTC,1781841599999,2026-06-19 03:59:59 UTC,True,0.03585,0.03666,0.03574,0.03663,0.0007800000000000029,2.17573221757323,52.095221064176044,0.03583633,0.03665,0.03575,0.03662463,0.0007882999999999987,2.199723018512216,1781841599999,2026-06-19 03:59:59 UTC,1781827200000,2026-06-19 00:00:00 UTC,0.0,0.0,5.370000000004538e-06,0.014662264164865386,6.272e-05,0.00516416,-0.00232616,0.00152747,0.00152747,,1781841599999,2026-06-19 03:59:59 UTC,4213,387.0,10.115002613695765,5745457.0,1167269.0,25.4963098937833,208076.8022,45155.39289000002,27.71605836288848,binance_kline_quote_asset_volume,1363.7448374080227,49.3892243531925,0.0009199999999999972,2.5662482566248177,0.0007800000000000029,2.17573221757323,0.0007800000000000029,2.17573221757323,2.9999999999995308e-05,3.260869565216891,0.00010999999999999899,11.95652173913036,0.967391304347831,3104007.0,2641450.0,54.02541521066122,45.97458478933878,112418.34799,44164.866429999995,64.70712617227551,95658.45421000001,990.5264600000228,1.0463168293023324,54.027333562126415,45.972666437873585,1.1751148043688127,1.175205567750518,16759.893779999984,8.054667124252827,169059949.0,6058488.12214717,293257.0,0.17376473789034153,59532.60331896972,0.9923828095094537,1781827200000,2026-06-19 00:00:00 UTC,EXACT_CANDLE_OPEN,0.0,14399.999,169059949.0,293257.0,0.17376473789034153,169059949.0,293257.0,0.17376473789034153,6058488.12214717,59532.60331896972,0.9923828095094537,0.03583633,6058488.12214717,59532.60331896972,0.9923828095094537,6058488.12214717,59532.60331897065,0.9923828095094693,6058488.12214717,59532.60331897065,0.9923828095094693,6058488.12214717,59532.60331897065,0.9923828095094693,sumOpenInterest * mark_open,6191758.079943869,143779.212423509,2.3773100993399754,0.0017361394163155405,0.008138770865163741,0.021758781587157258,0.009874910281479281,0.0234949210034728,0.17376473789034153,0.8171980695355512,2.199723018512216,0.0,-2.152376692952253,0.0,ALIGNED_OI_TIMESTAMP_MARK_OPEN,1,0.0,ALIGNED_OI_TIMESTAMP_MARK_OPEN,1,4.8962,-0.02799999999999958,-0.5686202834978185,83.04,16.96,1781827200000,2026-06-19 00:00:00 UTC,0.0,1.5147,0.010599999999999943,0.7047403763047632,60.23,39.77,1781827200000,2026-06-19 00:00:00 UTC,0.0,4.3879,-0.03219999999999956,-0.7284903056491836,81.44,18.56,1781827200000,2026-06-19 00:00:00 UTC,0.0,-3.3815000000000004,-0.5083000000000002,2.8732,1781812800000,2026-06-18 20:00:00 UTC,0.00070044,0.03554585,14400.0
FINAL_REAL_MARK_PREMIUM_OI_SYNC_AUDIT_2026_07_12,1781841600000,2026-06-19 04:00:00 UTC,LYNUSDT,1781841600000,2026-06-19 04:00:00 UTC,1781855999999,2026-06-19 07:59:59 UTC,True,0.03663,0.038,0.03651,0.03684,0.0002099999999999949,0.5733005733005594,53.786770315583794,0.03662463,0.03799,0.03652,0.036835,0.0002103700000000014,0.5743948812588725,1781855999999,2026-06-19 07:59:59 UTC,1781841600000,2026-06-19 04:00:00 UTC,0.0,0.0,4.9999999999980616e-06,0.013574046423233505,0.00152961,0.00814255,-0.00293916,0.0,-0.00152747,-100.0,1781855999999,2026-06-19 07:59:59 UTC,10830,6617.0,157.0614763826252,15880311.0,10134854.0,176.39769995667882,591705.30809,383628.5058899999,184.36870512901407,binance_kline_quote_asset_volume,1466.3260387811633,54.63576251985226,0.0014899999999999983,4.067704067704063,0.0002099999999999949,0.5733005733005594,0.0002099999999999949,0.5733005733005594,0.0011600000000000013,77.85234899328877,0.00012000000000000205,8.053691275167932,0.2214765100671123,7107978.0,8772333.0,44.75969015972042,55.24030984027958,264828.29029,152409.9423,135.57390321512054,326877.0178,231218.56358999998,241.7126280155055,44.756787993816495,55.243212006183505,0.8102722502668332,0.81017714880168,-62048.72751,-10.486424012367019,169596770.0,6211418.9504451,536821.0,0.31753292437110575,152930.82829792984,2.5242407877120687,1781841600000,2026-06-19 04:00:00 UTC,EXACT_CANDLE_OPEN,0.0,14399.999,169596770.0,536821.0,0.31753292437110575,169596770.0,536821.0,0.31753292437110575,6211418.9504451,152930.82829792984,2.5242407877120687,0.03662463,6211418.9504451,152930.82829792984,2.5242407877120687,6211418.9504451,152930.82829792984,2.5242407877120687,6211418.9504451,152930.82829792984,2.5242407877120687,6211418.9504451,152930.82829792984,2.5242407877120687,sumOpenInterest * mark_open,6247097.02295,55338.94300613087,0.8937516984938878,0.0031702985324380145,0.021758781587157258,0.005727515237653596,0.024929080119595274,0.008897813770091611,0.31753292437110575,2.199723018512216,0.5743948812588725,0.0,-0.5711144292113517,0.0,ALIGNED_OI_TIMESTAMP_MARK_OPEN,1,0.0,ALIGNED_OI_TIMESTAMP_MARK_OPEN,1,4.7372,-0.1590000000000007,-3.2474163637106463,82.57,17.43,1781841600000,2026-06-19 04:00:00 UTC,0.0,1.5235,0.008800000000000141,0.5809731299927472,60.370000000000005,39.629999999999995,1781841600000,2026-06-19 04:00:00 UTC,0.0,4.2165,-0.17140000000000022,-3.9061965860662324,80.83,19.17,1781841600000,2026-06-19 04:00:00 UTC,0.0,-3.2136999999999993,-0.5206999999999997,2.6929999999999996,1781841600000,2026-06-19 04:00:00 UTC,0.00023172,0.03662463,0.0
FINAL_REAL_MARK_PREMIUM_OI_SYNC_AUDIT_2026_07_12,1781856000000,2026-06-19 08:00:00 UTC,LYNUSDT,1781856000000,2026-06-19 08:00:00 UTC,1781870399999,2026-06-19 11:59:59 UTC,True,0.03683,0.03744,0.03656,0.03704,0.0001999999999999988,0.542888165037999,55.40193642549,0.036835,0.03743698,0.0366195,0.03703719,0.00020218999999999793,0.5489072892629236,1781870399999,2026-06-19 11:59:59 UTC,1781856000000,2026-06-19 08:00:00 UTC,0.0,0.0,2.8099999999989245e-06,0.0075869686658165065,0.0,0.0039565,-0.00150846,0.0,0.0,,1781870399999,2026-06-19 11:59:59 UTC,5100,-5730.0,-52.90858725761773,6244905.0,-9635406.0,-60.67517191571375,230845.93113,-360859.3769599999,-60.986334248857574,binance_kline_quote_asset_volume,1224.4911764705882,45.26390806470589,0.0008799999999999988,2.3893565028509336,0.0002099999999999949,0.5701873472712324,0.0002099999999999949,0.5701873472712324,0.0004000000000000045,45.45454545454603,0.0002699999999999994,30.681818181818155,0.5454545454545398,2910481.0,3334424.0,46.60568895763827,53.39431104236173,107594.39588,-157233.89440999998,-59.372015821202915,123251.53525000002,-203625.48254999996,-62.29421814983286,46.60874694794106,53.39125305205894,0.8728587006331529,0.87296596883567,-15657.139370000019,-6.782506104117885,170106112.0,6265858.63552,509342.0,0.30032529511027833,54439.68507490028,0.8764452294913905,1781856000000,2026-06-19 08:00:00 UTC,EXACT_CANDLE_OPEN,0.0,14399.999,170106112.0,509342.0,0.30032529511027833,170106112.0,509342.0,0.30032529511027833,6265858.63552,54439.68507490028,0.8764452294913905,0.036835,6265858.63552,54439.68507490028,0.8764452294913905,6265858.63552,54439.68507490028,0.8764452294913905,6265858.63552,54439.68507490028,0.8764452294913905,6265858.63552,54439.68507490028,0.8764452294913905,sumOpenInterest * mark_open,6300252.39030528,53155.367355279624,0.8508810918095623,0.0029987521959777513,0.005727515237653596,0.0054740628345026875,0.008726267433631347,0.00847281503048044,0.30032529511027833,0.5743948812588725,0.5489072892629236,0.0,-0.545910745388616,0.0,ALIGNED_OI_TIMESTAMP_MARK_OPEN,1,0.0,ALIGNED_OI_TIMESTAMP_MARK_OPEN,1,4.9559,0.21870000000000012,4.616651186354812,83.21,16.79,1781856000000,2026-06-19 08:00:00 UTC,0.0,1.5319,0.008399999999999963,0.5513619954053143,60.5,39.5,1781856000000,2026-06-19 08:00:00 UTC,0.0,4.4496,0.2331000000000003,5.5282817502668165,81.65,18.35,1781856000000,2026-06-19 08:00:00 UTC,0.0,-3.4239999999999995,-0.5062999999999995,2.9177,1781841600000,2026-06-19 04:00:00 UTC,0.00023172,0.03662463,14400.0
FINAL_REAL_MARK_PREMIUM_OI_SYNC_AUDIT_2026_07_12,1781870400000,2026-06-19 12:00:00 UTC,LYNUSDT,1781870400000,2026-06-19 12:00:00 UTC,1781884799999,2026-06-19 15:59:59 UTC,True,0.03701,0.03764,0.03699,0.03732,0.00028000000000000247,0.7559395248380196,57.63436372602345,0.03703719,0.03762633,0.03698925,0.03732,0.0002828100000000014,0.7635838463987182,1781884799999,2026-06-19 15:59:59 UTC,1781870400000,2026-06-19 12:00:00 UTC,0.0,0.0,0.0,0.0,0.0,0.00347658,-0.00106895,0.00236952,0.00236952,,1781884799999,2026-06-19 15:59:59 UTC,3990,-1110.0,-21.764705882352942,6421662.0,176757.0,2.830419357860528,239942.79578,9096.864649999974,3.940664929838902,binance_kline_quote_asset_volume,1609.4390977443609,60.13603904260651,0.0006499999999999978,1.7562820859227175,0.0003099999999999978,0.837611456363139,0.0003099999999999978,0.837611456363139,0.00032000000000000084,49.230769230769525,1.9999999999999185e-05,3.076923076922962,0.5076923076923048,2751049.0,3670613.0,42.84014013817607,57.15985986182394,102806.26227,-4788.13360999999,-4.450170077017946,137136.53350999998,13884.998259999964,11.265578340939946,42.846155032827724,57.153844967172276,0.7494794466210413,0.7496635625728675,-34330.27123999997,-14.307689934344555,169817431.0,6289560.45725889,-288681.0,-0.16970642418774465,23701.821738890372,0.3782693341424766,1781870400000,2026-06-19 12:00:00 UTC,EXACT_CANDLE_OPEN,0.0,14399.999,169817431.0,-288681.0,-0.16970642418774465,169817431.0,-288681.0,-0.16970642418774465,6289560.45725889,23701.821738890372,0.3782693341424766,0.037037190000000005,6289560.45725889,23701.821738890372,0.3782693341424766,6289560.457258889,23701.82173888944,0.3782693341424617,6289560.457258889,23701.82173888944,0.3782693341424617,6289560.457258889,23701.82173888944,0.3782693341424617,sumOpenInterest * mark_open,6337586.52492,37334.13461472001,0.5925815713695713,-0.0016985058866713896,0.0054740628345026875,0.007606833009863569,0.003775556947831298,0.005908327123192179,-0.16970642418774465,0.5489072892629236,0.7635838463987182,1.8734936165263154e-14,-0.7577974276527183,1.8734936165263154e-14,ALIGNED_OI_TIMESTAMP_MARK_OPEN,1,1.8734936165263154e-14,ALIGNED_OI_TIMESTAMP_MARK_OPEN,1,4.9773,0.021399999999999864,0.431808551423553,83.27,16.73,1781870400000,2026-06-19 12:00:00 UTC,0.0,1.5323,0.00039999999999995595,0.026111364971601016,60.51,39.489999999999995,1781870400000,2026-06-19 12:00:00 UTC,0.0,4.5066,0.056999999999999496,1.281014023732459,81.84,18.16,1781870400000,2026-06-19 12:00:00 UTC,0.0,-3.4449999999999994,-0.4706999999999999,2.9742999999999995,1781870400000,2026-06-19 12:00:00 UTC,5e-05,0.03703719,0.0
FINAL_REAL_MARK_PREMIUM_OI_SYNC_AUDIT_2026_07_12,1781884800000,2026-06-19 16:00:00 UTC,LYNUSDT,1781884800000,2026-06-19 16:00:00 UTC,1781899199999,2026-06-19 19:59:59 UTC,True,0.03732,0.03833,0.03718,0.03786,0.0005399999999999988,1.4469453376205756,61.62406770386688,0.03732,0.03822912,0.03723277,0.03782759,0.0005075900000000022,1.36010182207932,1781899199999,2026-06-19 19:59:59 UTC,1781884800000,2026-06-19 16:00:00 UTC,0.0,0.0,3.240999999999661e-05,0.08567820471776448,0.00232014,0.00768746,-0.00266997,0.00234564,-2.3879999999999995e-05,-1.0077990479084369,1781899199999,2026-06-19 19:59:59 UTC,14180,10190.0,255.38847117794487,41093750.0,34672088.0,539.9239013202501,1558884.05837,1318941.26259,549.6898784989227,binance_kline_quote_asset_volume,2898.0077574047955,109.9354060909732,0.0011500000000000052,3.0814576634512467,0.0005399999999999988,1.4469453376205756,0.0005399999999999988,1.4469453376205756,0.00047000000000000514,40.86956521739157,0.00014000000000000123,12.173913043478313,0.5913043478260843,29546949.0,11546801.0,71.90132076045627,28.098679239543728,1122217.07529,1019410.81302,991.584355379755,436666.9830799999,299530.44956999994,218.41769067916408,71.98848876955047,28.011511230449525,2.558886136515213,2.569960905618558,685550.0922100001,43.97697753910094,170006059.0,6344626.12188,188628.0,0.11107693650129473,55065.664621110074,0.8755089484442086,1781884800000,2026-06-19 16:00:00 UTC,EXACT_CANDLE_OPEN,0.0,14399.999,170006059.0,188628.0,0.11107693650129473,170006059.0,188628.0,0.11107693650129473,6344626.12188,55065.664621110074,0.8755089484442086,0.037320000000000006,6344626.12188,55065.664621110074,0.8755089484442086,6344626.1218799995,55065.664621110074,0.8755089484442088,6344626.1218799995,55065.664621110074,0.8755089484442088,6344626.1218799995,55065.664621110074,0.8755089484442088,sumOpenInterest * mark_open,6430919.49736781,93332.9724478107,1.4726895180178838,0.0011101529171672088,0.007606833009863569,0.013509354583081374,0.008716985927030777,0.014619507500248582,0.11107693650129473,0.7635838463987182,1.36010182207932,1.859296330093041e-14,-1.3418512783922931,1.859296330093041e-14,ALIGNED_OI_TIMESTAMP_MARK_OPEN,1,1.859296330093041e-14,ALIGNED_OI_TIMESTAMP_MARK_OPEN,1,5.0314,0.05410000000000004,1.0869346834629225,83.42,16.580000000000002,1781884800000,2026-06-19 16:00:00 UTC,0.0,1.5326,0.00029999999999996696,0.019578411538208378,60.519999999999996,39.48,1781884800000,2026-06-19 16:00:00 UTC,0.0,4.3996,-0.10699999999999932,-2.3742954777437384,81.47999999999999,18.52,1781884800000,2026-06-19 16:00:00 UTC,0.0,-3.4987999999999997,-0.6317999999999993,2.8670000000000004,1781870400000,2026-06-19 12:00:00 UTC,5e-05,0.03703719,14400.0
FINAL_REAL_MARK_PREMIUM_OI_SYNC_AUDIT_2026_07_12,1781899200000,2026-06-19 20:00:00 UTC,LYNUSDT,1781899200000,2026-06-19 20:00:00 UTC,1781913599999,2026-06-19 23:59:59 UTC,True,0.03785,0.0382,0.03765,0.03817,0.0003100000000000047,0.8188061278394209,63.73542691395046,0.03782909,0.03817602,0.03768,0.0381695,0.0003419100000000008,0.9038640843892005,1781913599999,2026-06-19 23:59:59 UTC,1781899200000,2026-06-19 20:00:00 UTC,0.0,0.0,5.000000000005e-07,0.0013099464231926016,0.00230284,0.00633996,-0.00040524,0.00177121,-0.0005744299999999999,-24.489265189884208,1781913599999,2026-06-19 23:59:59 UTC,3868,-10312.0,-72.72214386459802,4391603.0,-36702147.0,-89.31320942965779,166651.8592,-1392232.19917,-89.30954112300984,binance_kline_quote_asset_volume,1135.3678903826267,43.08476194415719,0.0005499999999999949,1.4531043593130646,0.00032000000000000084,0.8454425363276112,0.00032000000000000084,0.8454425363276112,2.9999999999995308e-05,5.454545454544651,0.0001999999999999988,36.36363636363647,0.9454545454545534,2374506.0,2017097.0,54.06923166779875,45.93076833220125,90151.97948,-1032065.0958100001,-91.9666184497591,76499.87972000001,-360167.1033599999,-82.48095627005883,54.095993835753134,45.904006164246866,1.1771897930540771,1.178459100981185,13652.099759999983,8.191987671506267,170440124.0,6447339.13022116,434065.0,0.25532325292006214,102713.00834115967,1.618897731214529,1781899200000,2026-06-19 20:00:00 UTC,EXACT_CANDLE_OPEN,0.0,14399.999,170440124.0,434065.0,0.25532325292006214,170440124.0,434065.0,0.25532325292006214,6447339.13022116,102713.00834115967,1.618897731214529,0.03782759,6447339.13022116,102713.00834115967,1.618897731214529,6447594.79040716,102968.66852716077,1.62292728600767,6447594.79040716,102968.66852716077,1.62292728600767,6447594.79040716,102968.66852716077,1.62292728600767,sumOpenInterest * mark_open,6505614.313018001,74694.81565019023,1.1614951124915027,0.0025499785685950092,0.013549007393651289,0.008998036816479456,0.0160989859622463,0.011548015385074465,0.25532325292006214,1.3641211146838255,0.9038640843892005,-0.00396520244077111,-0.895767563106671,0.0,ALIGNED_OI_TIMESTAMP_MARK_OPEN,1,-0.00396520244077111,ALIGNED_OI_TIMESTAMP_MARK_OPEN,1,4.848,-0.18339999999999979,-3.6451087172556305,82.89999999999999,17.1,1781899200000,2026-06-19 20:00:00 UTC,0.0,1.5353,0.0027000000000001467,0.17617121231894473,60.56,39.44,1781899200000,2026-06-19 20:00:00 UTC,0.0,4.1282,-0.27140000000000075,-6.168742612964832,80.5,19.5,1781899200000,2026-06-19 20:00:00 UTC,0.0,-3.3126999999999995,-0.7198000000000002,2.5928999999999993,1781899200000,2026-06-19 20:00:00 UTC,0.00010286,0.03782759,0.0
FINAL_REAL_MARK_PREMIUM_OI_SYNC_AUDIT_2026_07_12,1781913600000,2026-06-20 00:00:00 UTC,LYNUSDT,1781913600000,2026-06-20 00:00:00 UTC,1781927999999,2026-06-20 03:59:59 UTC,True,0.03816,0.04249,0.03783,0.03993,0.0017599999999999977,4.610951008645527,72.86371341306595,0.0381695,0.04237,0.03783,0.03996384,0.0017943399999999984,4.70097852997812,1781927999999,2026-06-20 03:59:59 UTC,1781913600000,2026-06-20 00:00:00 UTC,0.0,0.0,-3.384000000000026e-05,-0.08467654759903018,0.00163607,0.00772228,-0.0036033,0.0,-0.00177121,-100.0,1781927999999,2026-06-20 03:59:59 UTC,39897,36029.0,931.4632885211996,76598216.0,72206613.0,1644.1971872229801,3108630.87891,2941979.01971,1765.3442534831318,binance_kline_quote_asset_volume,1919.899140286237,77.91640672005414,0.0046599999999999975,12.211740041928715,0.0017700000000000007,4.638364779874216,0.0017700000000000007,4.638364779874216,0.0025599999999999998,54.93562231759659,0.00032999999999999696,7.081545064377622,0.45064377682403406,39399784.0,37198432.0,51.43694730436019,48.563052695639804,1597648.01303,1507496.03355,1672.1718616111302,1510982.86588,1434482.9861599999,1875.1441066448774,51.39394399859382,48.60605600140619,1.0591786234430527,1.0573568033807756,86665.14715000009,2.787887997187626,170441453.0,6505665.0402835,1329.0,0.0007797459710836633,58325.91006234009,0.9046508782040656,1781913600000,2026-06-20 00:00:00 UTC,EXACT_CANDLE_OPEN,0.0,14399.999,170441453.0,1329.0,0.0007797459710836633,170441453.0,1329.0,0.0007797459710836633,6505665.0402835,58325.91006234009,0.9046508782040656,0.0381695,6505665.0402835,58325.91006234009,0.9046508782040656,6505665.0402835,58070.24987633992,0.9006498045245929,6505665.0402835,58070.24987633992,0.9006498045245929,6505665.0402835,58070.24987633992,0.9006498045245929,sumOpenInterest * mark_open,6811494.95705952,305880.6440415196,4.70179493163989,7.797429310770093e-06,0.008958384005909458,0.04593827788081115,0.008966181435220228,0.045946075310121924,0.0007797459710836633,0.8998630419076941,4.70097852997812,0.0,-4.4899088776253695,0.0,ALIGNED_OI_TIMESTAMP_MARK_OPEN,1,0.0,ALIGNED_OI_TIMESTAMP_MARK_OPEN,1,4.8106,-0.03739999999999988,-0.771452145214519,82.78999999999999,17.21,1781913600000,2026-06-20 00:00:00 UTC,0.0,1.5403,0.004999999999999893,0.3256692503093788,60.629999999999995,39.37,1781913600000,2026-06-20 00:00:00 UTC,0.0,4.0352,-0.09299999999999997,-2.2527978295625206,80.14,19.86,1781913600000,2026-06-20 00:00:00 UTC,0.0,-3.2702999999999998,-0.7754000000000003,2.4948999999999995,1781899200000,2026-06-19 20:00:00 UTC,0.00010286,0.03782759,14400.0
FINAL_REAL_MARK_PREMIUM_OI_SYNC_AUDIT_2026_07_12,1781928000000,2026-06-20 04:00:00 UTC,LYNUSDT,1781928000000,2026-06-20 04:00:00 UTC,1781942399999,2026-06-20 07:59:59 UTC,True,0.03992,0.03995,0.03632,0.03741,-0.0025200000000000014,-6.311044327573256,52.49048565106031,0.03995884,0.03995884,0.03642725,0.03741,-0.0025538400000000017,-6.390376900718254,1781942399999,2026-06-20 07:59:59 UTC,1781928000000,2026-06-20 04:00:00 UTC,0.0,0.0,0.0,0.0,0.0,0.00897702,-0.00835458,0.00077744,0.00077744,,1781942399999,2026-06-20 07:59:59 UTC,21652,-18245.0,-45.73025540767476,36228643.0,-40369573.0,-52.703019871898846,1375967.22402,-1732663.65489,-55.737195002628795,binance_kline_quote_asset_volume,1673.223859227785,63.54919748845373,0.0036300000000000013,9.093186372745494,-0.0025099999999999983,-6.287575150300598,0.0025099999999999983,6.287575150300598,3.0000000000002247e-05,0.8264462809917972,0.0010900000000000007,30.0275482093664,0.300275482093664,15195255.0,21033388.0,41.94265570476929,58.057344295230706,576768.67986,-1020879.33317,-63.89888916982807,799198.54416,-711784.3217199999,-47.107372147827434,41.917326938567875,58.08267306143213,0.7224349686317773,0.721683846992257,-222429.86430000002,-16.165346122864253,170125924.0,6798885.20658816,-315529.0,-0.1851245659117914,293220.16630466003,4.507151297969105,1781928000000,2026-06-20 04:00:00 UTC,EXACT_CANDLE_OPEN,0.0,14399.999,170125924.0,-315529.0,-0.1851245659117914,170125924.0,-315529.0,-0.1851245659117914,6798885.20658816,293220.16630466003,4.507151297969105,0.03996384,6798885.20658816,293220.16630466003,4.507151297969105,6798034.57696816,292369.53668466024,4.49407608406349,6798034.57696816,292369.53668466024,4.49407608406349,6798034.57696816,292369.53668466024,4.49407608406349,sumOpenInterest * mark_open,6364410.8168399995,-447084.1402195208,-6.56367130913247,-0.0018529613321115073,0.04581315695126967,-0.06603699689946006,0.04396019561915816,-0.06788995823157157,-0.1851245659117914,4.687879065746212,-6.390376900718254,0.012512875749141018,6.826623897353653,0.0,ALIGNED_OI_TIMESTAMP_MARK_OPEN,1,0.012512875749141018,ALIGNED_OI_TIMESTAMP_MARK_OPEN,1,4.0968,-0.7138,-14.838065937720865,80.38,19.62,1781928000000,2026-06-20 04:00:00 UTC,0.0,1.548,0.00770000000000004,0.4999026163734364,60.75000000000001,39.25,1781928000000,2026-06-20 04:00:00 UTC,0.0,3.8662,-0.1689999999999996,-4.188144329896897,79.45,20.549999999999997,1781928000000,2026-06-20 04:00:00 UTC,0.0,-2.5488,-0.23059999999999992,2.3182,1781928000000,2026-06-20 04:00:00 UTC,0.00034355,0.03995884,0.0
FINAL_REAL_MARK_PREMIUM_OI_SYNC_AUDIT_2026_07_12,1781942400000,2026-06-20 08:00:00 UTC,LYNUSDT,1781942400000,2026-06-20 08:00:00 UTC,1781956799999,2026-06-20 11:59:59 UTC,True,0.03742,0.03774,0.03671,0.03718,-0.00023000000000000104,-0.614808874632454,51.08648741900594,0.03741,0.03752277,0.03680741,0.03718,-0.00023000000000000104,-0.614808874632454,1781956799999,2026-06-20 11:59:59 UTC,1781942400000,2026-06-20 08:00:00 UTC,0.0,0.0,0.0,0.0,0.00077744,0.00323347,-0.00319638,0.0,-0.00077744,-100.0,1781956799999,2026-06-20 11:59:59 UTC,10254,-11398.0,-52.64178828745612,17085736.0,-19142907.0,-52.839149951048405,634800.55761,-741166.6664100001,-53.865139624810354,binance_kline_quote_asset_volume,1666.250828944802,61.907602653598595,0.0010300000000000031,2.752538749331916,-0.0002400000000000041,-0.6413682522715235,0.0002400000000000041,0.6413682522715235,0.00032000000000000084,31.06796116504853,0.0004699999999999982,45.63106796116473,0.45631067961164734,8579309.0,8506427.0,50.21328317375383,49.78671682624618,319045.36706,-257723.3128,-44.683999287644674,315755.19055,-483443.35361000005,-60.49102030311187,50.259150411145455,49.74084958885454,1.0085678746199784,1.0104200235133713,3290.1765100000193,0.5183008222909269,169733273.0,6349721.74293,-392651.0,-0.23080021596238323,-449163.46365816053,-6.6064281129929725,1781942400000,2026-06-20 08:00:00 UTC,EXACT_CANDLE_OPEN,0.0,14399.999,169733273.0,-392651.0,-0.23080021596238323,169733273.0,-392651.0,-0.23080021596238323,6349721.74293,-449163.46365816053,-6.6064281129929725,0.03741,6349721.74293,-449163.46365816053,-6.6064281129929725,6349721.74293,-448312.83403816074,-6.594741891385064,6349721.74293,-448312.83403816074,-6.594741891385064,6349721.74293,-448312.83403816074,-6.594741891385064,sumOpenInterest * mark_open,6310683.09014,-53727.72669999953,-0.8441901103844195,-0.0023106697018607653,-0.06591187596991867,-0.006167066066756858,-0.06822254567177943,-0.008477735768617625,-0.23080021596238323,-6.378663644890602,-0.614808874632454,0.0,0.6186121570736984,0.0,ALIGNED_OI_TIMESTAMP_MARK_OPEN,1,0.0,ALIGNED_OI_TIMESTAMP_MARK_OPEN,1,4.9737,0.8769,21.404510837727006,83.26,16.74,1781942400000,2026-06-20 08:00:00 UTC,0.0,1.5246,-0.023400000000000087,-1.5116279069767498,60.39,39.61,1781942400000,2026-06-20 08:00:00 UTC,0.0,4.339,0.47280000000000033,12.229062128187893,81.27,18.73,1781942400000,2026-06-20 08:00:00 UTC,0.0,-3.4491,-0.6346999999999996,2.8144000000000005,1781942400000,2026-06-20 08:00:00 UTC,0.00022362,0.03741,0.0
FINAL_REAL_MARK_PREMIUM_OI_SYNC_AUDIT_2026_07_12,1781956800000,2026-06-20 12:00:00 UTC,LYNUSDT,1781956800000,2026-06-20 12:00:00 UTC,1781971199999,2026-06-20 15:59:59 UTC,True,0.03716,0.03756,0.03673,0.03746,0.00028000000000000247,0.7530930607853752,52.74363490315708,0.03718,0.03746513,0.03683933,0.03745618,0.00027618000000000087,0.742818719741799,1781971199999,2026-06-20 15:59:59 UTC,1781956800000,2026-06-20 12:00:00 UTC,0.0,0.0,3.8200000000016e-06,0.010198584052088601,0.0,0.00367238,-0.00167359,0.00210973,0.00210973,,1781971199999,2026-06-20 15:59:59 UTC,6977,-3277.0,-31.958260191144923,10568538.0,-6517198.0,-38.14408697407007,392740.57439,-242059.98322,-38.131658883751875,binance_kline_quote_asset_volume,1514.7682384979216,56.29075166833883,0.0008300000000000043,2.2335844994617986,0.00030000000000000165,0.8073196986006503,0.00030000000000000165,0.8073196986006503,0.00010000000000000286,12.048192771084619,0.0004299999999999998,51.807228915662364,0.8795180722891538,4719095.0,5849443.0,44.652297224081515,55.347702775918485,175719.13685,-143326.23021,-44.9234638731005,217021.43754,-98733.75300999999,-31.269083126715998,44.74178333189151,55.25821666810848,0.806759720540913,0.80968561835101,-41302.300690000004,-10.516433336216977,170411543.0,6335901.16874,678270.0,0.39960933293261836,-13820.574190000072,-0.2176563753425633,1781956800000,2026-06-20 12:00:00 UTC,EXACT_CANDLE_OPEN,0.0,14399.999,170411543.0,678270.0,0.39960933293261836,170411543.0,678270.0,0.39960933293261836,6335901.16874,-13820.574190000072,-0.2176563753425633,0.03718,6335901.16874,-13820.574190000072,-0.2176563753425633,6335901.16874,-13820.574190000072,-0.2176563753425633,6335901.16874,-13820.574190000072,-0.2176563753425633,6335901.16874,-13820.574190000072,-0.2176563753425633,sumOpenInterest * mark_open,6382965.42868574,72282.33854573965,1.1453964256052682,0.00398813015571823,-0.006167066066756858,0.00740073408232596,-0.002178935911038628,0.01138886423804419,0.39960933293261836,-0.614808874632454,0.742818719741799,0.0,-0.7373416082472929,0.0,ALIGNED_OI_TIMESTAMP_MARK_OPEN,1,0.0,ALIGNED_OI_TIMESTAMP_MARK_OPEN,1,5.0132,0.03950000000000031,0.794177372981891,83.37,16.63,1781956800000,2026-06-20 12:00:00 UTC,0.0,1.5083,-0.01629999999999998,-1.0691328873147043,60.129999999999995,39.87,1781956800000,2026-06-20 12:00:00 UTC,0.0,4.4113,0.07229999999999936,1.6662825535837602,81.52000000000001,18.48,1781956800000,2026-06-20 12:00:00 UTC,0.0,-3.5049,-0.6019000000000005,2.9029999999999996,1781942400000,2026-06-20 08:00:00 UTC,0.00022362,0.03741,14400.0
FINAL_REAL_MARK_PREMIUM_OI_SYNC_AUDIT_2026_07_12,1781971200000,2026-06-20 16:00:00 UTC,LYNUSDT,1781971200000,2026-06-20 16:00:00 UTC,1781985599999,2026-06-20 19:59:59 UTC,True,0.03747,0.0375,0.03684,0.03707,-0.00039000000000000146,-1.0411105178857487,50.19289702019838,0.03745618,0.03747,0.03682449,0.03707,-0.00038617999999999986,-1.0310181123649018,1781985599999,2026-06-20 19:59:59 UTC,1781971200000,2026-06-20 16:00:00 UTC,0.0,0.0,0.0,0.0,0.0021025,0.00286299,-0.00012765,0.00143911,-0.0006706200000000002,-31.78700592018885,1781985599999,2026-06-20 19:59:59 UTC,5697,-1280.0,-18.345993980220726,7884060.0,-2684478.0,-25.400656174013854,292897.53792,-99843.03647000005,-25.42213435041059,binance_kline_quote_asset_volume,1383.8967877830437,51.41259222748815,0.0006600000000000009,1.7614091273018435,-0.0004000000000000045,-1.0675206832132493,0.0004000000000000045,1.0675206832132493,2.9999999999995308e-05,4.545454545453829,0.00023000000000000104,34.848484848484965,0.3484848484848496,2907105.0,4976955.0,36.87319731204481,63.126802687955184,108163.29461,-67555.84224000001,-38.44535288018632,184734.24331,-32287.194230000023,-14.877421602208793,36.9287141770181,63.071285822981906,0.584113177635723,0.5855075522110574,-76570.9487,-26.142571645963802,170338465.0,6380228.2059637,-73078.0,-0.04288324529753246,44327.037223700434,0.6996169296705682,1781971200000,2026-06-20 16:00:00 UTC,EXACT_CANDLE_OPEN,0.0,14399.999,170338465.0,-73078.0,-0.04288324529753246,170338465.0,-73078.0,-0.04288324529753246,6380228.2059637,44327.037223700434,0.6996169296705682,0.03745618,6380228.2059637,44327.037223700434,0.6996169296705682,6380228.2059637,44327.037223700434,0.6996169296705682,6380228.2059637,44327.037223700434,0.6996169296705682,6380228.2059637,44327.037223700434,0.6996169296705682,sumOpenInterest * mark_open,6314446.89755,-68518.53113573976,-1.0734592236362435,-0.0004289244279071734,0.00740073408232596,-0.01036369921298297,0.006971809654418787,-0.010792623640890144,-0.04288324529753246,0.742818719741799,-1.0310181123649018,0.0,1.0417588346371724,0.0,ALIGNED_OI_TIMESTAMP_MARK_OPEN,1,0.0,ALIGNED_OI_TIMESTAMP_MARK_OPEN,1,5.2305,0.21729999999999983,4.334556770126861,83.95,16.05,1781971200000,2026-06-20 16:00:00 UTC,0.0,1.504,-0.0042999999999999705,-0.28508917324139565,60.06,39.94,1781971200000,2026-06-20 16:00:00 UTC,0.0,4.5127,0.10139999999999993,2.298642123637022,81.86,18.14,1781971200000,2026-06-20 16:00:00 UTC,0.0,-3.7265,-0.7178000000000004,3.0086999999999997,1781956800001,2026-06-20 12:00:00 UTC,5e-05,0.03718,14399.999
FINAL_REAL_MARK_PREMIUM_OI_SYNC_AUDIT_2026_07_12,1781985600000,2026-06-20 20:00:00 UTC,LYNUSDT,1781985600000,2026-06-20 20:00:00 UTC,1781999999999,2026-06-20 23:59:59 UTC,True,0.03707,0.03728,0.03622,0.03639,-0.00068,-1.8343674130024281,46.01441383513522,0.03707,0.03725116,0.03628,0.03639,-0.00068,-1.8343674130024281,1781999999999,2026-06-20 23:59:59 UTC,1781985600000,2026-06-20 20:00:00 UTC,0.0,0.0,0.0,0.0,0.00137083,0.00526238,-0.00363007,0.00073436,-0.00070475,-48.97123916865284,1781999999999,2026-06-20 23:59:59 UTC,5424,-273.0,-4.79199578725645,8110474.0,226414.0,2.8717944815234793,298413.41093,5515.873010000039,1.8832090734428115,binance_kline_quote_asset_volume,1495.2938790560472,55.0172217791298,0.0010599999999999984,2.859455084974369,-0.00068,-1.8343674130024281,0.00068,1.8343674130024281,0.00021000000000000185,19.811320754717183,0.00016999999999999654,16.0377358490563,0.160377358490563,3375766.0,4734708.0,41.62230222302667,58.377697776973335,124444.63574,16281.34113,15.0525565892801,173968.77519000001,-10765.468119999976,-5.827543354771856,41.70209219222774,58.29790780777226,0.7129829336888357,0.7153274235798222,-49524.13945000002,-16.59581561554453,170321030.0,6313800.5821,-17435.0,-0.010235503765987324,-66427.62386369985,-1.041148086233168,1781985600000,2026-06-20 20:00:00 UTC,EXACT_CANDLE_OPEN,0.0,14399.999,170321030.0,-17435.0,-0.010235503765987324,170321030.0,-17435.0,-0.010235503765987324,6313800.5821,-66427.62386369985,-1.041148086233168,0.03707,6313800.5821,-66427.62386369985,-1.041148086233168,6313800.5821,-66427.62386369985,-1.041148086233168,6313800.5821,-66427.62386369985,-1.041148086233168,6313800.5821,-66427.62386369985,-1.041148086233168,sumOpenInterest * mark_open,6197982.2817,-116464.61584999971,-1.8444151600227707,-0.00010236027629421094,-0.01036369921298297,-0.018514005538572412,-0.010466059489277181,-0.018616365814866625,-0.010235503765987324,-1.0310181123649018,-1.8343674130024281,0.0,1.8686452322066505,0.0,ALIGNED_OI_TIMESTAMP_MARK_OPEN,1,0.0,ALIGNED_OI_TIMESTAMP_MARK_OPEN,1,5.1843,-0.0461999999999998,-0.883280757097788,83.83,16.17,1781985600000,2026-06-20 20:00:00 UTC,0.0,1.5101,0.006099999999999994,0.40558510638297834,60.160000000000004,39.839999999999996,1781985600000,2026-06-20 20:00:00 UTC,0.0,4.4675,-0.04519999999999946,-1.0016176568351423,81.71000000000001,18.29,1781985600000,2026-06-20 20:00:00 UTC,0.0,-3.6742000000000004,-0.7168000000000001,2.9574000000000003,1781985600000,2026-06-20 20:00:00 UTC,5e-05,0.03707,0.0
FINAL_REAL_MARK_PREMIUM_OI_SYNC_AUDIT_2026_07_12,1782000000000,2026-06-21 00:00:00 UTC,LYNUSDT,1782000000000,2026-06-21 00:00:00 UTC,1782014399999,2026-06-21 03:59:59 UTC,True,0.03639,0.03693,0.03593,0.03676,0.00037000000000000227,1.0167628469359777,48.52541406503086,0.03639,0.03689,0.03594,0.036715,0.0003249999999999989,0.8931025006869989,1782014399999,2026-06-21 03:59:59 UTC,1782000000000,2026-06-21 00:00:00 UTC,0.0,0.0,4.500000000000337e-05,0.12256570883835863,0.00053961,0.00589242,-0.00256348,7.584e-05,-0.00065852,-89.672640122011,1782014399999,2026-06-21 03:59:59 UTC,5301,-123.0,-2.267699115044248,6950205.0,-1160269.0,-14.305809993349342,253181.55968,-45231.85125000001,-15.157445876522694,binance_kline_quote_asset_volume,1311.1120543293719,47.76109407281645,0.0010000000000000009,2.748007694421547,0.00037000000000000227,1.0167628469359777,0.00037000000000000227,1.0167628469359777,0.00016999999999999654,16.99999999999964,0.0004600000000000021,46.00000000000017,0.8300000000000036,3450368.0,3499837.0,49.64411841089579,50.3558815891042,125849.01124,1404.3755000000092,1.1285142920375824,127332.54844,-46636.226750000016,-26.807239804422522,49.707021079679926,50.292978920320074,0.9858653417287719,0.9883491124761471,-1483.5371999999916,-0.5859578406401543,169870605.0,6181591.31595,-450425.0,-0.26445647962556357,-132209.2661500005,-2.0939727891441744,1782000000000,2026-06-21 00:00:00 UTC,EXACT_CANDLE_OPEN,0.0,14399.999,169870605.0,-450425.0,-0.26445647962556357,169870605.0,-450425.0,-0.26445647962556357,6181591.31595,-132209.2661500005,-2.0939727891441744,0.03639,6181591.31595,-132209.2661500005,-2.0939727891441744,6181591.31595,-132209.2661500005,-2.0939727891441744,6181591.31595,-132209.2661500005,-2.0939727891441744,6181591.31595,-132209.2661500005,-2.0939727891441744,sumOpenInterest * mark_open,6236799.262575,38816.980874999426,0.6262841536286643,-0.0026480678351082443,-0.018514005538572412,0.00889137927950526,-0.021162073373680656,0.006243311444397016,-0.26445647962556357,-1.8343674130024281,0.8931025006869989,0.0,-0.8851967860547431,0.0,ALIGNED_OI_TIMESTAMP_MARK_OPEN,1,0.0,ALIGNED_OI_TIMESTAMP_MARK_OPEN,1,5.1958,0.011499999999999844,0.22182358274019331,83.86,16.14,1782000000000,2026-06-21 00:00:00 UTC,0.0,1.501,-0.009100000000000108,-0.6026090987351903,60.019999999999996,39.98,1782000000000,2026-06-21 00:00:00 UTC,0.0,4.596,0.12849999999999984,2.876329043088972,82.13000000000001,17.87,1782000000000,2026-06-21 00:00:00 UTC,0.0,-3.6948000000000003,-0.5998000000000001,3.095,1782000000000,2026-06-21 00:00:00 UTC,5e-05,0.03639,0.0
FINAL_REAL_MARK_PREMIUM_OI_SYNC_AUDIT_2026_07_12,1782014400000,2026-06-21 04:00:00 UTC,LYNUSDT,1782014400000,2026-06-21 04:00:00 UTC,1782028799999,2026-06-21 07:59:59 UTC,True,0.03676,0.03717,0.03609,0.03616,-0.0006000000000000033,-1.6322089227421197,44.87992916458432,0.036715,0.03712,0.0361124,0.0361585,-0.0005564999999999945,-1.5157292659675734,1782028799999,2026-06-21 07:59:59 UTC,1782014400000,2026-06-21 04:00:00 UTC,0.0,0.0,1.4999999999945612e-06,0.004148402173747697,0.00123661,0.00415448,-0.00050804,0.00105165,0.0009758099999999999,1286.669303797468,1782028799999,2026-06-21 07:59:59 UTC,6828,1527.0,28.8058856819468,7687107.0,736902.0,10.602593736443746,280989.81619,27808.256509999977,10.983523659917118,binance_kline_quote_asset_volume,1125.8211775043937,41.15257999267721,0.0010800000000000046,2.937976060935812,-0.0006000000000000033,-1.6322089227421197,0.0006000000000000033,1.6322089227421197,0.00041000000000000064,37.96296296296286,7.000000000000062e-05,6.481481481481512,0.06481481481481512,3580324.0,4106783.0,46.575701365936496,53.424298634063504,130957.7782,5108.766959999994,4.059441476466854,150032.03798999998,22699.489549999984,17.826934140642088,46.60588058872882,53.39411941127118,0.8718074463637353,0.8728654223088582,-19074.259789999982,-6.788238822542354,170112875.0,6245694.205625,242270.0,0.14262031974278305,64102.88967500068,1.0369965660719067,1782014400000,2026-06-21 04:00:00 UTC,EXACT_CANDLE_OPEN,0.0,14399.999,170112875.0,242270.0,0.14262031974278305,170112875.0,242270.0,0.14262031974278305,6245694.205625,64102.88967500068,1.0369965660719067,0.036715000000000005,6245694.205625,64102.88967500068,1.0369965660719067,6245694.2056249995,64102.88967499975,1.0369965660718916,6245694.2056249995,64102.88967499975,1.0369965660718916,6245694.2056249995,64102.88967499975,1.0369965660718916,sumOpenInterest * mark_open,6151026.3906875,-85772.87188749947,-1.3752706841503546,0.0014251871356067598,0.00889137927950526,-0.015273338540897257,0.01031656641511202,-0.013848151405290497,0.14262031974278305,0.8931025006869989,-1.5157292659675734,1.889934333081092e-14,1.53905720646598,1.889934333081092e-14,ALIGNED_OI_TIMESTAMP_MARK_OPEN,1,1.889934333081092e-14,ALIGNED_OI_TIMESTAMP_MARK_OPEN,1,5.0132,-0.18259999999999987,-3.5143769968051095,83.37,16.63,1782014400000,2026-06-21 04:00:00 UTC,0.0,1.5017,0.000700000000000145,0.04663557628248801,60.029999999999994,39.97,1782014400000,2026-06-21 04:00:00 UTC,0.0,4.3937,-0.20230000000000015,-4.401653611836383,81.46,18.54,1782014400000,2026-06-21 04:00:00 UTC,0.0,-3.5115000000000003,-0.6195000000000004,2.892,1782014400000,2026-06-21 04:00:00 UTC,0.00035425,0.036715,0.0
FINAL_REAL_MARK_PREMIUM_OI_SYNC_AUDIT_2026_07_12,1782028800000,2026-06-21 08:00:00 UTC,LYNUSDT,1782028800000,2026-06-21 08:00:00 UTC,1782043199999,2026-06-21 11:59:59 UTC,True,0.03618,0.03651,0.03535,0.03556,-0.0005999999999999964,-1.6592920353982201,41.520730257031666,0.0361585,0.03646891,0.03536,0.03554727,-0.0006112300000000043,-1.6904185737793442,1782043199999,2026-06-21 11:59:59 UTC,1782028800000,2026-06-21 08:00:00 UTC,0.0,0.0,1.2730000000002462e-05,0.035811470191670025,0.0011826,0.00524879,-0.00038669,0.00144328,0.00039163,37.23957590453098,1782043199999,2026-06-21 11:59:59 UTC,6589,-239.0,-3.5002929115407144,9105686.0,1418579.0,18.454003567271794,327081.76067,46091.944480000006,16.403421698683022,binance_kline_quote_asset_volume,1381.9526483533161,49.640576820458335,0.0011600000000000013,3.2061912658927625,-0.0006199999999999956,-1.7136539524599104,0.0006199999999999956,1.7136539524599104,0.0003300000000000039,28.448275862069274,0.00021000000000000185,18.103448275862206,0.18103448275862208,3012396.0,6093290.0,33.0825815869337,66.9174184130663,108442.84885,-22514.929350000006,-17.192510181117296,218638.91181999998,68606.87383,45.728148966804554,33.154660971575964,66.84533902842404,0.4943792269857499,0.49599061734847233,-110196.06296999998,-33.690678056848064,169512954.0,6129334.147209,-599921.0,-0.35266054964975463,-116360.05841600057,-1.8630444364567882,1782028800000,2026-06-21 08:00:00 UTC,EXACT_CANDLE_OPEN,0.0,14399.999,169512954.0,-599921.0,-0.35266054964975463,169512954.0,-599921.0,-0.35266054964975463,6129334.147209,-116360.05841600057,-1.8630444364567882,0.036158499999999996,6129334.147209,-116360.05841600057,-1.8630444364567882,6129334.147209001,-116360.0584159987,-1.8630444364567587,6129334.147209001,-116360.0584159987,-1.8630444364567587,6129334.147209001,-116360.0584159987,-1.8630444364567587,sumOpenInterest * mark_open,6025722.74433558,-125303.64635192044,-2.0371176839954224,-0.0035328386285080763,-0.015273338540897257,-0.017048692311124197,-0.018806177169405334,-0.020581530939632272,-0.35266054964975463,-1.5157292659675734,-1.6904185737793442,-1.919021503631851e-14,1.719485068754921,-1.919021503631851e-14,ALIGNED_OI_TIMESTAMP_MARK_OPEN,1,-1.919021503631851e-14,ALIGNED_OI_TIMESTAMP_MARK_OPEN,1,4.9207,-0.09250000000000025,-1.845128859810106,83.11,16.89,1782028800000,2026-06-21 08:00:00 UTC,0.0,1.5003,-0.0014000000000000679,-0.09322767530132968,60.01,39.989999999999995,1782028800000,2026-06-21 08:00:00 UTC,0.0,4.4555,0.061799999999999855,1.4065593918565185,81.67,18.33,1782028800000,2026-06-21 08:00:00 UTC,0.0,-3.4204,-0.4652000000000003,2.9551999999999996,1782028800000,2026-06-21 08:00:00 UTC,5e-05,0.0361585,0.0
FINAL_REAL_MARK_PREMIUM_OI_SYNC_AUDIT_2026_07_12,1782043200000,2026-06-21 12:00:00 UTC,LYNUSDT,1782043200000,2026-06-21 12:00:00 UTC,1782057599999,2026-06-21 15:59:59 UTC,True,0.03553,0.03645,0.03548,0.03599,0.0004299999999999998,1.2092238470191221,44.71445192997808,0.03554927,0.03639902,0.03548,0.03598337,0.00043610000000000176,1.2268171367308989,1782057599999,2026-06-21 15:59:59 UTC,1782043200000,2026-06-21 12:00:00 UTC,0.0,0.0,6.630000000000524e-06,0.018425178075317915,0.00111146,0.00792857,-0.00021839,0.0,-0.00144328,-100.0,1782057599999,2026-06-21 15:59:59 UTC,7619,1030.0,15.632114129609956,11854832.0,2749146.0,30.19153087422518,426615.75055,99533.98988000001,30.43092029225746,binance_kline_quote_asset_volume,1555.9564247276546,55.993667220107625,0.0009700000000000056,2.7300872502111053,0.0004600000000000021,1.2946805516465016,0.0004600000000000021,1.2946805516465016,0.0004600000000000021,47.42268041237108,5.000000000000143e-05,5.1546391752578495,0.5257731958762892,5587784.0,6267048.0,47.135075385294364,52.864924614705636,201169.55655,92726.70770000001,85.50744349059032,225446.194,6807.282180000009,3.1134815497088995,47.154742010966295,52.84525798903371,0.8916134039503129,0.8923173772895896,-24276.63744999998,-5.690515978067416,169592533.0,6023926.77216,79579.0,0.04694567472406858,-105407.37504899967,-1.7197198344455908,1782043200000,2026-06-21 12:00:00 UTC,EXACT_CANDLE_OPEN,0.0,14399.999,169592533.0,79579.0,0.04694567472406858,169592533.0,79579.0,0.04694567472406858,6023926.77216,-105407.37504899967,-1.7197198344455908,0.03552,6023926.77216,-105407.37504899967,-1.7197198344455908,6028890.74560091,-100443.40160809085,-1.638732677901528,6028890.74560091,-100443.40160809085,-1.638732677901528,6028890.74560091,-100443.40160809085,-1.638732677901528,sumOpenInterest * mark_open,6102510.86417621,76788.11984063033,1.2743387490374367,0.000469346586897646,-0.0169924307827705,0.012193527230908559,-0.016523084195872853,0.012662873817806205,0.04694567472406858,-1.6848873708809886,1.2268171367308989,-0.082336430537105,-1.287733750340776,-0.07671475193452523,ALIGNED_OI_TIMESTAMP_MARK_OPEN,1,-0.082336430537105,ALIGNED_OI_TIMESTAMP_MARK_OPEN,1,5.068,0.14729999999999954,2.9934765378909414,83.52000000000001,16.48,1782043200000,2026-06-21 12:00:00 UTC,0.0,1.4994,-0.0008999999999999009,-0.05998800239951349,59.99,40.01,1782043200000,2026-06-21 12:00:00 UTC,0.0,4.5928,0.13730000000000064,3.081584558410967,82.12,17.88,1782043200000,2026-06-21 12:00:00 UTC,0.0,-3.5685999999999996,-0.4751999999999992,3.0934000000000004,1782028800000,2026-06-21 08:00:00 UTC,5e-05,0.0361585,14400.0
FINAL_REAL_MARK_PREMIUM_OI_SYNC_AUDIT_2026_07_12,1782057600000,2026-06-21 16:00:00 UTC,LYNUSDT,1782057600000,2026-06-21 16:00:00 UTC,1782071999999,2026-06-21 19:59:59 UTC,True,0.03599,0.03636,0.03588,0.03631,0.00032000000000000084,0.889135871075301,47.03274735394178,0.03598337,0.03636,0.03592613,0.03628807,0.00030469999999999803,0.8467800542306015,1782071999999,2026-06-21 19:59:59 UTC,1782057600000,2026-06-21 16:00:00 UTC,0.0,0.0,2.1930000000003336e-05,0.06043308448204421,0.00014322,0.00403255,0.0,0.00157994,0.00157994,,1782071999999,2026-06-21 19:59:59 UTC,3886,-3733.0,-48.99593122457016,4460007.0,-7394825.0,-62.37815095144326,160739.46025,-265876.2903,-62.32219273602251,binance_kline_quote_asset_volume,1147.7115285640762,41.36373140761709,0.00048000000000000126,1.3337038066129516,0.00032000000000000084,0.889135871075301,0.00032000000000000084,0.889135871075301,5.000000000000143e-05,10.416666666666938,0.00010999999999999899,22.916666666666398,0.8958333333333306,2523125.0,1936882.0,56.572220626559556,43.427779373440444,90983.16493,-110186.39162000001,-54.77289581468733,69756.29532,-155689.89867999998,-69.0585615652487,56.602880704273105,43.39711929572689,1.302673575364942,1.3043004149320696,21226.869609999994,13.205761408546222,170181120.0,6123690.2079744,588587.0,0.34705950172935973,99763.4358144002,1.6561196639285842,1782057600000,2026-06-21 16:00:00 UTC,EXACT_CANDLE_OPEN,0.0,14399.999,170181120.0,588587.0,0.34705950172935973,170181120.0,588587.0,0.34705950172935973,6123690.2079744,99763.4358144002,1.6561196639285842,0.03598337,6123690.2079744,99763.4358144002,1.6561196639285842,6123690.2079744,94799.46237349045,1.5724196435747753,6123690.2079744,94799.46237349045,1.5724196435747753,6123690.2079744,94799.46237349045,1.5724196435747753,sumOpenInterest * mark_open,6175544.3952383995,73033.53106218949,1.1967783865969148,0.0034645864007096573,0.012137265702554837,0.008432149833311172,0.015601852103264494,0.011896736234020829,0.34705950172935973,1.2211221214950398,0.8467800542306015,0.0,-0.8396698970212471,0.0,ALIGNED_OI_TIMESTAMP_MARK_OPEN,1,0.0,ALIGNED_OI_TIMESTAMP_MARK_OPEN,1,4.9277,-0.14029999999999987,-2.768350434096288,83.13000000000001,16.869999999999997,1782057600000,2026-06-21 16:00:00 UTC,0.0,1.4997,0.00029999999999996696,0.020008003201278306,60.0,40.0,1782057600000,2026-06-21 16:00:00 UTC,0.0,4.4615,-0.13130000000000042,-2.858822504790115,81.69,18.310000000000002,1782057600000,2026-06-21 16:00:00 UTC,0.0,-3.428,-0.4661999999999997,2.9618,1782057600000,2026-06-21 16:00:00 UTC,0.00052064,0.03598337,0.0
FINAL_REAL_MARK_PREMIUM_OI_SYNC_AUDIT_2026_07_12,1782072000000,2026-06-21 20:00:00 UTC,LYNUSDT,1782072000000,2026-06-21 20:00:00 UTC,1782086399999,2026-06-21 23:59:59 UTC,True,0.0363,0.03679,0.03616,0.03662,0.0003099999999999978,0.85375929496006,49.252811602565586,0.03628807,0.03678697,0.03618658,0.03662,0.0003319300000000011,0.9147083325181006,1782086399999,2026-06-21 23:59:59 UTC,1782072000000,2026-06-21 20:00:00 UTC,0.0,0.0,0.0,0.0,0.00157752,0.00532338,0.0,0.00068825,-0.00089169,-56.43821917287999,1782086399999,2026-06-21 23:59:59 UTC,5832,1946.0,50.077200205867214,6510275.0,2050268.0,45.970062378825865,237539.96223,76800.50198,47.77949475539563,binance_kline_quote_asset_volume,1116.3022976680384,40.73044619855967,0.0006300000000000056,1.73553719008266,0.00032000000000000084,0.8815426997245203,0.00032000000000000084,0.8815426997245203,0.00017000000000000348,26.9841269841273,0.00014000000000000123,22.22222222222222,0.730158730158727,3441657.0,3068618.0,52.86500186244053,47.13499813755948,125629.03857,34645.873640000005,38.079433339844364,111910.92366,42154.628339999996,60.43128888456572,52.88753832854391,47.11246167145608,1.121565799327254,1.1225806602372208,13718.114910000004,5.7750766570878405,170758169.0,6196245.32830723,577049.0,0.3390793291288716,72555.12033282965,1.1848267608042422,1782072000000,2026-06-21 20:00:00 UTC,EXACT_CANDLE_OPEN,0.0,14399.999,170758169.0,577049.0,0.3390793291288716,170758169.0,577049.0,0.3390793291288716,6196245.32830723,72555.12033282965,1.1848267608042422,0.03628667,6196245.32830723,72555.12033282965,1.1848267608042422,6196484.38974383,72794.1817694297,1.188730639486556,6196484.38974383,72794.1817694297,1.188730639486556,6196484.38974383,72794.1817694297,1.188730639486556,sumOpenInterest * mark_open,6253164.14878,77619.75354160089,1.2568892485243721,0.003385057513949643,0.008432149833311172,0.009105502130592658,0.011817207347260815,0.012490559644542302,0.3390793291288716,0.8467800542306015,0.9147083325181006,-0.0038580172491913312,-0.9102403058438004,-0.0038580172491913312,ALIGNED_OI_TIMESTAMP_MARK_OPEN,1,-0.0038580172491913312,ALIGNED_OI_TIMESTAMP_MARK_OPEN,1,4.9559,0.028200000000000003,0.5722750979158635,83.21,16.79,1782072000000,2026-06-21 20:00:00 UTC,0.0,1.4998,9.999999999998899e-05,0.006668000266719276,60.0,40.0,1782072000000,2026-06-21 20:00:00 UTC,0.0,4.3792,-0.08230000000000004,-1.8446710747506454,81.41000000000001,18.59,1782072000000,2026-06-21 20:00:00 UTC,0.0,-3.4560999999999997,-0.5766999999999998,2.8794,1782057600000,2026-06-21 16:00:00 UTC,0.00052064,0.03598337,14400.0
FINAL_REAL_MARK_PREMIUM_OI_SYNC_AUDIT_2026_07_12,1782086400000,2026-06-22 00:00:00 UTC,LYNUSDT,1782086400000,2026-06-22 00:00:00 UTC,1782100799999,2026-06-22 03:59:59 UTC,True,0.03661,0.03691,0.03605,0.03607,-0.0005500000000000019,-1.5019115237575147,45.600923880412864,0.03662,0.0368781,0.03607,0.03607,-0.0005500000000000019,-1.5019115237575147,1782100799999,2026-06-22 03:59:59 UTC,1782086400000,2026-06-22 00:00:00 UTC,0.0,0.0,0.0,0.0,0.00046834,0.00410252,-0.00165205,-0.00022106,-0.00090931,-132.11914275336,1782100799999,2026-06-22 03:59:59 UTC,5770,-62.0,-1.0631001371742113,5960132.0,-550143.0,-8.45038036027664,218040.79352,-19499.168709999998,-8.208795070498399,binance_kline_quote_asset_volume,1032.9518197573657,37.788699050259964,0.0008599999999999997,2.3490849494673576,-0.0005399999999999988,-1.475006828735315,0.0005399999999999988,1.475006828735315,0.00030000000000000165,34.88372093023276,1.9999999999999185e-05,2.3255813953487436,0.023255813953487435,2429018.0,3531114.0,40.754432955511724,59.245567044488276,88941.67479,-36687.36378,-29.202932855016595,129099.11873,17188.19507,15.35881798475722,40.791300267324395,59.2086997326756,0.6878899973209588,0.6889409909607057,-40157.44394,-18.4173994653512,171623667.0,6284858.68554,865498.0,0.506855985320386,88613.35723276995,1.4301137630549319,1782086400000,2026-06-22 00:00:00 UTC,EXACT_CANDLE_OPEN,0.0,14399.999,171623667.0,865498.0,0.506855985320386,171623667.0,865498.0,0.506855985320386,6284858.68554,88613.35723276995,1.4301137630549319,0.03662,6284858.68554,88613.35723276995,1.4301137630549319,6284858.68554,88374.2957961699,1.4262005717700743,6284858.68554,88374.2957961699,1.4262005717700743,6284858.68554,88374.2957961699,1.4262005717700743,sumOpenInterest * mark_open,6190465.66869,-62698.48009000067,-1.0026680668895156,0.005055757943652161,0.009105502130592658,-0.015133044330917087,0.014161260074244819,-0.010077286387264926,0.506855985320386,0.9147083325181006,-1.5019115237575147,0.0,1.5248128638758023,0.0,ALIGNED_OI_TIMESTAMP_MARK_OPEN,1,0.0,ALIGNED_OI_TIMESTAMP_MARK_OPEN,1,4.872,-0.08389999999999986,-1.692931657216648,82.97,17.03,1782086400000,2026-06-22 00:00:00 UTC,0.0,1.4965,-0.0033000000000000806,-0.22002933724497137,59.940000000000005,40.06,1782086400000,2026-06-22 00:00:00 UTC,0.0,4.3447,-0.03450000000000042,-0.7878151260504297,81.28999999999999,18.709999999999997,1782086400000,2026-06-22 00:00:00 UTC,0.0,-3.3754999999999997,-0.5273000000000003,2.8481999999999994,1782086400000,2026-06-22 00:00:00 UTC,0.00040877,0.03662,0.0
FINAL_REAL_MARK_PREMIUM_OI_SYNC_AUDIT_2026_07_12,1782100800000,2026-06-22 04:00:00 UTC,LYNUSDT,1782100800000,2026-06-22 04:00:00 UTC,1782115199999,2026-06-22 07:59:59 UTC,True,0.03608,0.03637,0.0358,0.03634,0.0002699999999999994,0.7485444968117533,47.65286577382083,0.03607,0.03634577,0.03585643,0.03632088,0.00025088000000000193,0.6955364568893871,1782115199999,2026-06-22 07:59:59 UTC,1782100800000,2026-06-22 04:00:00 UTC,0.0,0.0,1.9119999999997472e-05,0.05264189634171163,-0.00021754,0.00329181,-0.00044728,0.00143474,0.0016558,-749.0274133719353,1782115199999,2026-06-22 07:59:59 UTC,4094,-1676.0,-29.04679376083189,4310030.0,-1650102.0,-27.685661995405468,155538.42373,-62502.36979,-28.665447772857654,binance_kline_quote_asset_volume,1052.7674645823156,37.99179866389839,0.0005700000000000011,1.5798226164079852,0.00025999999999999635,0.720620842572052,0.00025999999999999635,0.720620842572052,3.0000000000002247e-05,5.263157894737226,0.00028000000000000247,49.122807017544204,0.9473684210526278,1930033.0,2379997.0,44.78003633385382,55.21996366614618,69681.50136,-19260.17343000001,-21.654835571148354,85856.92237000001,-43242.19635999999,-33.495345890344474,44.80018486040497,55.19981513959503,0.810939257486459,0.8116002698036144,-16175.42101000002,-10.399630279190061,171503425.0,6186128.53975,-120242.0,-0.07006143272769018,-98730.14578999951,-1.5709206957533453,1782100800000,2026-06-22 04:00:00 UTC,EXACT_CANDLE_OPEN,0.0,14399.999,171503425.0,-120242.0,-0.07006143272769018,171503425.0,-120242.0,-0.07006143272769018,6186128.53975,-98730.14578999951,-1.5709206957533453,0.036070000000000005,6186128.53975,-98730.14578999951,-1.5709206957533453,6186128.5397499995,-98730.14579000045,-1.5709206957533601,6186128.5397499995,-98730.14579000045,-1.5709206957533601,6186128.5397499995,-98730.14579000045,-1.5709206957533601,sumOpenInterest * mark_open,6229155.319014,38689.650324000046,0.6249877213548523,-0.0007008598721895412,-0.015133044330917087,0.006931287599015461,-0.015833904203106628,0.00623042772682592,-0.07006143272769018,-1.5019115237575147,0.6955364568893871,1.9237299428631074e-14,-0.6907321628770972,1.9237299428631074e-14,ALIGNED_OI_TIMESTAMP_MARK_OPEN,1,1.9237299428631074e-14,ALIGNED_OI_TIMESTAMP_MARK_OPEN,1,5.0423,0.17030000000000012,3.495484400656817,83.45,16.55,1782100800000,2026-06-22 04:00:00 UTC,0.0,1.5003,0.0038000000000000256,0.2539258269295039,60.0,40.0,1782100800000,2026-06-22 04:00:00 UTC,0.0,4.5586,0.21390000000000065,4.9232398094229906,82.01,17.990000000000002,1782100800000,2026-06-22 04:00:00 UTC,0.0,-3.542,-0.4836999999999998,3.0583,1782100800000,2026-06-22 04:00:00 UTC,0.00010642,0.03607,0.0
FINAL_REAL_MARK_PREMIUM_OI_SYNC_AUDIT_2026_07_12,1782115200000,2026-06-22 08:00:00 UTC,LYNUSDT,1782115200000,2026-06-22 08:00:00 UTC,1782129599999,2026-06-22 11:59:59 UTC,True,0.03633,0.0383,0.03629,0.03804,0.0017000000000000001,4.678040726472207,58.31459014403541,0.03632088,0.03827,0.03628833,0.0380265,0.001705619999999998,4.6959765292030315,1782129599999,2026-06-22 11:59:59 UTC,1782115200000,2026-06-22 08:00:00 UTC,0.0,0.0,1.3499999999999623e-05,0.035501558123938896,0.00140766,0.00800542,-0.00294048,0.00400382,0.0025690799999999996,179.06240852001056,1782129599999,2026-06-22 11:59:59 UTC,11513,7419.0,181.2164142647777,14708119.0,10398089.0,241.25328594000507,551444.47832,395906.05458999996,254.53906828659615,binance_kline_quote_asset_volume,1277.5227134543559,47.897548711890906,0.002009999999999998,5.53261767134599,0.0017099999999999962,4.7068538398018065,0.0017099999999999962,4.7068538398018065,0.0002600000000000033,12.935323383084754,3.999999999999837e-05,1.9900497512437019,0.8706467661691525,8073173.0,6634946.0,54.889228187506504,45.110771812493496,302576.97947,232895.47811000003,334.2285593227638,248867.49884999997,163010.57647999996,189.8630558611298,54.86989014593349,45.13010985406651,1.2167654416479048,1.2158155679957727,53709.480620000046,9.739780291866982,172082251.0,6250178.78870088,578826.0,0.337501131537169,64050.24895087909,1.0353850318387912,1782115200000,2026-06-22 08:00:00 UTC,EXACT_CANDLE_OPEN,0.0,14399.999,172082251.0,578826.0,0.337501131537169,172082251.0,578826.0,0.337501131537169,6250178.78870088,64050.24895087909,1.0353850318387912,0.03632088,6250178.78870088,64050.24895087909,1.0353850318387912,6250178.78870088,64050.24895088002,1.0353850318388065,6250178.78870088,64050.24895088002,1.0353850318388065,6250178.78870088,64050.24895088002,1.0353850318388065,sumOpenInterest * mark_open,6543685.717651499,314530.39863749966,5.049326634662981,0.003369328746914543,0.006931287599015461,0.04589050258460756,0.010300616345930004,0.049259831331522105,0.337501131537169,0.6955364568893871,4.6959765292030315,0.0,-4.485345745729946,0.0,ALIGNED_OI_TIMESTAMP_MARK_OPEN,1,0.0,ALIGNED_OI_TIMESTAMP_MARK_OPEN,1,5.0205,-0.02179999999999982,-0.43234238343612674,83.39,16.61,1782115200000,2026-06-22 08:00:00 UTC,0.0,1.5029,0.0025999999999999357,0.17329867359860932,60.050000000000004,39.95,1782115200000,2026-06-22 08:00:00 UTC,0.0,4.5371,-0.02150000000000052,-0.4716360286052849,81.94,18.060000000000002,1782115200000,2026-06-22 08:00:00 UTC,0.0,-3.5176000000000003,-0.4834000000000005,3.0342,1782115200000,2026-06-22 08:00:00 UTC,0.00031822,0.03632088,0.0
FINAL_REAL_MARK_PREMIUM_OI_SYNC_AUDIT_2026_07_12,1782129600000,2026-06-22 12:00:00 UTC,LYNUSDT,1782129600000,2026-06-22 12:00:00 UTC,1782143999999,2026-06-22 15:59:59 UTC,True,0.03803,0.03828,0.03755,0.03807,3.0000000000002247e-05,0.07886435331230876,58.47532047757645,0.0380265,0.03825816,0.03764,0.03807417,4.766999999999966e-05,0.12535994635320016,1782143999999,2026-06-22 15:59:59 UTC,1782129600000,2026-06-22 12:00:00 UTC,0.0,0.0,-4.169999999997787e-06,-0.010952307036496887,0.00401536,0.00486229,-0.0021692,3.617e-05,-0.00396765,-99.09661273483822,1782143999999,2026-06-22 15:59:59 UTC,13799,2286.0,19.855815165465128,15987368.0,1279249.0,8.697570369127419,607361.59253,55917.11421000003,10.140116803844695,binance_kline_quote_asset_volume,1158.5888832524097,44.01489908906443,0.0007300000000000015,1.9195372074677926,3.999999999999837e-05,0.10518012095713482,3.999999999999837e-05,0.10518012095713482,0.00021000000000000185,28.767123287671424,0.00048000000000000126,65.75342465753428,0.7123287671232857,9271834.0,6715534.0,57.99474935461547,42.00525064538453,352611.72364,50034.74416999996,16.53620320278226,254749.86889000004,5882.370040000067,2.3636553857703815,58.05630912076204,41.94369087923796,1.380654762525214,1.3841487933886094,97861.85474999994,16.11261824152408,172725474.0,6567022.52148,643223.0,0.37378811368524,316843.7327791201,5.069354709531071,1782129600000,2026-06-22 12:00:00 UTC,EXACT_CANDLE_OPEN,0.0,14399.999,172725474.0,643223.0,0.37378811368524,172725474.0,643223.0,0.37378811368524,6567022.52148,316843.7327791201,5.069354709531071,0.03802,6567022.52148,316843.7327791201,5.069354709531071,6568145.2370609995,317966.44836011995,5.087317644975887,6568145.2370609995,317966.44836011995,5.087317644975887,6568145.2370609995,317966.44836011995,5.087317644975887,sumOpenInterest * mark_open,6576379.06040658,32693.3427550802,0.49961664061723465,0.003730912618752492,0.04589050258460756,0.0012528143637898573,0.04962141520336005,0.004983726982542349,0.37378811368524,4.6959765292030315,0.12535994635320016,-0.017093342800414347,-0.14227493337346347,-0.017093342800414347,ALIGNED_OI_TIMESTAMP_MARK_OPEN,0,-0.017093342800414347,ALIGNED_OI_TIMESTAMP_MARK_OPEN,0,4.9032,-0.11730000000000018,-2.336420675231554,83.06,16.939999999999998,1782129600000,2026-06-22 12:00:00 UTC,0.0,1.5042,0.0013000000000000789,0.08649943442678015,60.07,39.93,1782129600000,2026-06-22 12:00:00 UTC,0.0,4.4054,-0.13169999999999948,-2.902735227347854,81.5,18.5,1782129600000,2026-06-22 12:00:00 UTC,0.0,-3.399,-0.4977999999999998,2.9012000000000002,1782129600000,2026-06-22 12:00:00 UTC,0.00040594,0.0380265,0.0
FINAL_REAL_MARK_PREMIUM_OI_SYNC_AUDIT_2026_07_12,1782144000000,2026-06-22 16:00:00 UTC,LYNUSDT,1782144000000,2026-06-22 16:00:00 UTC,1782158399999,2026-06-22 19:59:59 UTC,True,0.03808,0.03844,0.03646,0.0369,-0.0011699999999999974,-3.0732860520094496,50.32544966633295,0.03807417,0.03844,0.03664929,0.03691,-0.001164169999999999,-3.057637238054038,1782158399999,2026-06-22 19:59:59 UTC,1782144000000,2026-06-22 16:00:00 UTC,0.0,0.0,-9.999999999996123e-06,-0.027092928745586893,3.112e-05,0.00389357,-0.00466417,0.0,-3.617e-05,-100.0,1782158399999,2026-06-22 19:59:59 UTC,13652,-147.0,-1.0652945865642438,18990067.0,3002699.0,18.781696899702315,715268.8953,107907.30276999995,17.76656675317677,binance_kline_quote_asset_volume,1391.0098886610022,52.392975043949605,0.0019800000000000026,5.1995798319327795,-0.0011800000000000005,-3.0987394957983203,0.0011800000000000005,3.0987394957983203,0.0003599999999999992,18.18181818181812,0.0004400000000000029,22.22222222222234,0.2222222222222234,9950990.0,9039077.0,52.401026283898844,47.59897371610116,375852.38154,23240.65789999999,6.591005443632842,339416.51376,84666.64486999996,33.235206455222425,52.547004910979524,47.452995089020476,1.1008856324600398,1.1073485416969535,36435.86777999997,5.094009821959047,170500224.0,6491654.51361408,-2225250.0,-1.2883160476954314,-75368.00786591973,-1.1476739666934195,1782144000000,2026-06-22 16:00:00 UTC,EXACT_CANDLE_OPEN,0.0,14399.999,170500224.0,-2225250.0,-1.2883160476954314,170500224.0,-2225250.0,-1.2883160476954314,6491654.51361408,-75368.00786591973,-1.1476739666934195,0.03807417,6491654.51361408,-75368.00786591973,-1.1476739666934195,6491654.51361408,-76490.72344691958,-1.1645711336484748,6491654.51361408,-76490.72344691958,-1.1645711336484748,6491654.51361408,-76490.72344691958,-1.1645711336484748,sumOpenInterest * mark_open,6293163.26784,-283215.79256657977,-4.306561254531307,-0.012966868112028357,0.0012528143637898573,-0.03105358242095317,-0.0117140537482385,-0.04402045053298153,-1.2883160476954314,0.12535994635320016,-3.057637238054038,0.0,3.15407748577621,0.0,ALIGNED_OI_TIMESTAMP_MARK_OPEN,1,0.0,ALIGNED_OI_TIMESTAMP_MARK_OPEN,1,5.2696,0.3663999999999996,7.472670908794249,84.05,15.950000000000001,1782144000000,2026-06-22 16:00:00 UTC,0.0,1.4944,-0.009800000000000031,-0.6515091078314075,59.91,40.089999999999996,1782144000000,2026-06-22 16:00:00 UTC,0.0,4.7504,0.34499999999999975,7.83129795251282,82.61,17.39,1782144000000,2026-06-22 16:00:00 UTC,0.0,-3.7752,-0.5191999999999997,3.2560000000000002,1782129600000,2026-06-22 12:00:00 UTC,0.00040594,0.0380265,14400.0
FINAL_REAL_MARK_PREMIUM_OI_SYNC_AUDIT_2026_07_12,1782158400000,2026-06-22 20:00:00 UTC,LYNUSDT,1782158400000,2026-06-22 20:00:00 UTC,1782172799999,2026-06-22 23:59:59 UTC,True,0.03692,0.03751,0.03588,0.03687,-3.0000000000002247e-05,-0.08130081300813616,50.1325117188006,0.03691,0.03749,0.0361697,0.03687983,-3.0169999999996033e-05,-0.08173936602545662,1782172799999,2026-06-22 23:59:59 UTC,1782158400000,2026-06-22 20:00:00 UTC,0.0,0.0,-9.830000000002337e-06,-0.026654135878615322,0.0,0.00536112,-0.00534404,0.0,0.0,,1782172799999,2026-06-22 23:59:59 UTC,9038,-4614.0,-33.797245824787574,14364532.0,-4625535.0,-24.357654978257845,528685.34779,-186583.54750999995,-26.08579077547369,binance_kline_quote_asset_volume,1589.3485284354945,58.49583401084311,0.0016299999999999995,4.41495124593716,-5.000000000000143e-05,-0.13542795232936466,5.000000000000143e-05,0.13542795232936466,0.0005900000000000002,36.196319018404935,0.0009899999999999978,60.73619631901829,0.6073619631901829,7033020.0,7331512.0,48.96101035522772,51.03898964477228,259170.2398,-116682.14173999996,-31.044672714833414,269515.10799000005,-69901.40576999995,-20.594580091476324,49.02164224587995,50.978357754120054,0.9592864336851662,0.9616167410163,-10344.868190000037,-1.9567155082400995,170364801.0,6288164.80491,-135423.0,-0.07942687512246319,-203489.7087040795,-3.134635527465729,1782158400000,2026-06-22 20:00:00 UTC,EXACT_CANDLE_OPEN,0.0,14399.999,170364801.0,-135423.0,-0.07942687512246319,170364801.0,-135423.0,-0.07942687512246319,6288164.80491,-203489.7087040795,-3.134635527465729,0.036910000000000005,6288164.80491,-203489.7087040795,-3.134635527465729,6288164.8049099995,-203489.70870408043,-3.134635527465743,6288164.8049099995,-203489.70870408043,-3.134635527465743,6288164.8049099995,-203489.70870408043,-3.134635527465743,sumOpenInterest * mark_open,6283024.898863831,-10138.368976169266,-0.16110131812373993,-0.0007945843497737091,-0.03105358242095317,-0.0008177279086065531,-0.03184816677072688,-0.0016123122583802624,-0.07942687512246319,-3.057637238054038,-0.08173936602545662,1.8799495811181872e-14,0.08180623392245293,1.8799495811181872e-14,ALIGNED_OI_TIMESTAMP_MARK_OPEN,0,1.8799495811181872e-14,ALIGNED_OI_TIMESTAMP_MARK_OPEN,0,5.3452,0.07560000000000056,1.4346439957492136,84.24000000000001,15.76,1782158400000,2026-06-22 20:00:00 UTC,0.0,1.4569,-0.03749999999999987,-2.509368308351169,59.3,40.699999999999996,1782158400000,2026-06-22 20:00:00 UTC,0.0,4.9137,0.16330000000000044,3.4376052542943847,83.09,16.91,1782158400000,2026-06-22 20:00:00 UTC,0.0,-3.8883,-0.4314999999999998,3.4568000000000003,1782158400000,2026-06-22 20:00:00 UTC,5e-05,0.03691,0.0
FINAL_REAL_MARK_PREMIUM_OI_SYNC_AUDIT_2026_07_12,1782172800000,2026-06-23 00:00:00 UTC,LYNUSDT,1782172800000,2026-06-23 00:00:00 UTC,1782187199999,2026-06-23 03:59:59 UTC,True,0.03687,0.03772,0.03679,0.03762,0.0007500000000000007,2.0341741253051278,54.79814830832617,0.03687983,0.03768,0.03686,0.037615,0.0007351700000000003,1.9934202516660195,1782187199999,2026-06-23 03:59:59 UTC,1782172800000,2026-06-23 00:00:00 UTC,0.0,0.0,4.9999999999980616e-06,0.013292569453670243,0.0,0.00504074,0.0,0.00121103,0.00121103,,1782187199999,2026-06-23 03:59:59 UTC,4697,-4341.0,-48.03053772958619,5444443.0,-8920089.0,-62.0980133567874,202753.11618,-325932.23161,-61.649567738628555,binance_kline_quote_asset_volume,1159.1319991483927,43.166513983393656,0.0009299999999999933,2.5223759153783383,0.0007500000000000007,2.0341741253051278,0.0007500000000000007,2.0341741253051278,9.999999999999593e-05,10.75268817204265,7.999999999999674e-05,8.602150537634119,0.8924731182795735,3002897.0,2441546.0,55.15526565343782,44.84473434656218,111794.83124,-147375.40856,-56.86432542321551,90958.28494000001,-178556.82305000004,-66.25113685894934,55.138403466386606,44.861596533613394,1.2299162088283406,1.2290780473020646,20836.546299999987,10.276806932773223,171169477.0,6312701.21294891,804676.0,0.47232526629723237,24536.408038909547,0.3901998245935083,1782172800000,2026-06-23 00:00:00 UTC,EXACT_CANDLE_OPEN,0.0,14399.999,171169477.0,804676.0,0.47232526629723237,171169477.0,804676.0,0.47232526629723237,6312701.21294891,24536.408038909547,0.3901998245935083,0.03687983,6312701.21294891,24536.408038909547,0.3901998245935083,6312701.21294891,24536.40803891048,0.3901998245935232,6312701.21294891,24536.40803891048,0.3901998245935232,6312701.21294891,24536.40803891048,0.3901998245935232,sumOpenInterest * mark_open,6438539.877355,155514.9784911694,2.4751609454753463,0.004712133105020771,-0.0008177279086065531,0.019738117878884374,0.003894405196414218,0.024450250983905145,0.47232526629723237,-0.08173936602545662,1.9934202516660195,0.0,-1.9544596570517085,0.0,ALIGNED_OI_TIMESTAMP_MARK_OPEN,1,0.0,ALIGNED_OI_TIMESTAMP_MARK_OPEN,1,5.4433,0.09809999999999963,1.835291476464859,84.48,15.52,1782172800000,2026-06-23 00:00:00 UTC,0.0,1.4429,-0.014000000000000012,-0.9609444711373473,59.06,40.94,1782172800000,2026-06-23 00:00:00 UTC,0.0,4.8962,-0.01750000000000007,-0.35614709892748986,83.04,16.96,1782172800000,2026-06-23 00:00:00 UTC,0.0,-4.0004,-0.5470999999999995,3.4533000000000005,1782158400000,2026-06-22 20:00:00 UTC,5e-05,0.03691,14400.0
FINAL_REAL_MARK_PREMIUM_OI_SYNC_AUDIT_2026_07_12,1782187200000,2026-06-23 04:00:00 UTC,LYNUSDT,1782187200000,2026-06-23 04:00:00 UTC,1782201599999,2026-06-23 07:59:59 UTC,True,0.03761,0.03785,0.03421,0.0355,-0.002120000000000004,-5.6353003721424875,42.65083500613874,0.037615,0.03778966,0.03445295,0.0354923,-0.002122700000000005,-5.643227435863365,1782201599999,2026-06-23 07:59:59 UTC,1782187200000,2026-06-23 04:00:00 UTC,0.0,0.0,7.699999999999374e-06,0.021694846487827994,0.00121523,0.00667234,-0.01799253,0.0,-0.00121103,-100.0,1782201599999,2026-06-23 07:59:59 UTC,19240,14543.0,309.62316372152435,39322447.0,33878004.0,622.2492181477518,1405474.90185,1202721.7856700001,593.1952160983058,binance_kline_quote_asset_volume,2043.7862266112265,73.04963107328483,0.0036400000000000043,9.67827705397502,-0.0021100000000000008,-5.610210050518481,0.0021100000000000008,5.610210050518481,0.0002400000000000041,6.593406593406698,0.0012899999999999995,35.43956043956038,0.3543956043956038,16671044.0,22651403.0,42.39574408988332,57.604255910116684,595786.45888,483991.6276400001,432.9284478286584,809688.44297,718730.1580299999,790.1755826905764,42.390401856040086,57.60959814395991,0.7359828439765961,0.735821863400457,-213901.98408999993,-15.21919628791982,170838043.0,6426072.987445,-331434.0,-0.19362914802853548,113371.77449608967,1.7959312609875493,1782187200000,2026-06-23 04:00:00 UTC,EXACT_CANDLE_OPEN,0.0,14399.999,170838043.0,-331434.0,-0.19362914802853548,170838043.0,-331434.0,-0.19362914802853548,6426072.987445,113371.77449608967,1.7959312609875493,0.037614999999999996,6426072.987445,113371.77449608967,1.7959312609875493,6426072.987445001,113371.7744960906,1.7959312609875637,6426072.987445001,113371.7744960906,1.7959312609875637,6426072.987445001,113371.7744960906,1.7959312609875637,sumOpenInterest * mark_open,6063435.073568899,-375104.8037861008,-5.825929650686526,-0.0019381685160172841,0.019738117878884374,-0.0580871354657781,0.01779994936286709,-0.06002530398179538,-0.19362914802853548,1.9934202516660195,-5.643227435863365,-1.8447145829874326e-14,5.98073384931379,-1.8447145829874326e-14,ALIGNED_OI_TIMESTAMP_MARK_OPEN,1,-1.8447145829874326e-14,ALIGNED_OI_TIMESTAMP_MARK_OPEN,1,5.5147,0.07140000000000057,1.3117042970257118,84.65,15.35,1782187200000,2026-06-23 04:00:00 UTC,0.0,1.448,0.005099999999999882,0.3534548478757975,59.150000000000006,40.849999999999994,1782187200000,2026-06-23 04:00:00 UTC,0.0,4.8309,-0.06530000000000058,-1.3336873493729948,82.85,17.150000000000002,1782187200000,2026-06-23 04:00:00 UTC,0.0,-4.066700000000001,-0.6838000000000006,3.3829,1782187200000,2026-06-23 04:00:00 UTC,0.00012052,0.037615,0.0
FINAL_REAL_MARK_PREMIUM_OI_SYNC_AUDIT_2026_07_12,1782201600000,2026-06-23 08:00:00 UTC,LYNUSDT,1782201600000,2026-06-23 08:00:00 UTC,1782215999999,2026-06-23 11:59:59 UTC,True,0.03551,0.03794,0.03505,0.03696,0.001460000000000003,4.112676056338037,50.74811063764189,0.0354923,0.03792594,0.03508977,0.03695457,0.0014622700000000016,4.119964048540111,1782215999999,2026-06-23 11:59:59 UTC,1782201600000,2026-06-23 08:00:00 UTC,0.0,0.0,5.430000000000712e-06,0.014693717177606756,0.0,0.00805463,-0.00530874,0.0,0.0,,1782215999999,2026-06-23 11:59:59 UTC,19378,138.0,0.7172557172557172,36982198.0,-2340249.0,-5.951432778331419,1349546.28257,-55928.619279999984,-3.979339595917522,binance_kline_quote_asset_volume,1908.4631024873568,69.64321821498606,0.0028900000000000037,8.138552520416795,0.00145,4.0833568009011545,0.00145,4.0833568009011545,0.0009800000000000017,33.91003460207614,0.0004600000000000021,15.91695501730109,0.6608996539792386,18509455.0,18472743.0,50.049634691804954,49.95036530819504,676027.91458,80241.45569999993,13.468157005589433,673518.36799,-136170.07497999992,-16.817589056911512,50.092977418500276,49.907022581499724,1.0019873605127294,1.00372602546459,2509.5465899999253,0.18595483700054258,169370423.0,6011345.8642429,-1467620.0,-0.8590709506078807,-414727.12320209946,-6.4538190588929885,1782201600000,2026-06-23 08:00:00 UTC,EXACT_CANDLE_OPEN,0.0,14399.999,169370423.0,-1467620.0,-0.8590709506078807,169370423.0,-1467620.0,-0.8590709506078807,6011345.8642429,-414727.12320209946,-6.4538190588929885,0.035492300000000004,6011345.8642429,-414727.12320209946,-6.4538190588929885,6011345.864242899,-414727.1232021013,-6.453819058893018,6011345.864242899,-414727.1232021013,-6.453819058893018,6011345.864242899,-414727.1232021013,-6.453819058893018,sumOpenInterest * mark_open,6259011.15268311,195576.0791142108,3.2254996836157424,-0.008627822354317458,-0.0580871354657781,0.04037354884950941,-0.06671495782009557,0.03174572649519195,-0.8590709506078807,-5.643227435863365,4.119964048540111,1.9550420524753902e-14,-3.956939561196341,1.9550420524753902e-14,ALIGNED_OI_TIMESTAMP_MARK_OPEN,1,1.9550420524753902e-14,ALIGNED_OI_TIMESTAMP_MARK_OPEN,1,5.1843,-0.3304,-5.991259724010373,83.83,16.17,1782201600000,2026-06-23 08:00:00 UTC,0.0,1.4331,-0.014899999999999913,-1.0290055248618726,58.9,41.099999999999994,1782201600000,2026-06-23 08:00:00 UTC,0.0,4.6689,-0.16199999999999992,-3.353412407625907,82.36,17.64,1782201600000,2026-06-23 08:00:00 UTC,0.0,-3.7512000000000003,-0.5154000000000005,3.2358,1782187200000,2026-06-23 04:00:00 UTC,0.00012052,0.037615,14400.0
FINAL_REAL_MARK_PREMIUM_OI_SYNC_AUDIT_2026_07_12,1782216000000,2026-06-23 12:00:00 UTC,LYNUSDT,1782216000000,2026-06-23 12:00:00 UTC,1782230399999,2026-06-23 15:59:59 UTC,True,0.03695,0.03925,0.03674,0.03858,0.0016200000000000034,4.383116883116892,57.858153613961555,0.03695457,0.03914489,0.03683,0.03858,0.001625430000000004,4.398454643092868,1782230399999,2026-06-23 15:59:59 UTC,1782216000000,2026-06-23 12:00:00 UTC,0.0,0.0,0.0,0.0,0.0,0.00868029,-0.00523822,0.0,0.0,,1782230399999,2026-06-23 15:59:59 UTC,18313,-1065.0,-5.495923211889772,35083736.0,-1898462.0,-5.133448260701,1336358.62089,-13187.661680000136,-0.9771922497453215,binance_kline_quote_asset_volume,1915.7831048981598,72.97322234969693,0.0025099999999999983,6.792963464140726,0.0016300000000000064,4.411366711772684,0.0016300000000000064,4.411366711772684,0.000669999999999997,26.693227091633364,0.0002099999999999949,8.366533864541635,0.7330677290836664,20245051.0,14838685.0,57.70494624631767,42.29505375368233,771996.41853,95968.50395000004,14.195938049336762,564362.2023599999,-109156.16563000018,-16.20685801869933,57.768656291965925,42.231343708034075,1.3643426624394277,1.367909500851995,207634.21617000015,15.537312583931856,174620708.0,6453033.17723556,5250285.0,3.0998830297542566,441687.3129926594,7.347561144667024,1782216000000,2026-06-23 12:00:00 UTC,EXACT_CANDLE_OPEN,0.0,14399.999,174620708.0,5250285.0,3.0998830297542566,174620708.0,5250285.0,3.0998830297542566,6453033.17723556,441687.3129926594,7.347561144667024,0.03695457,6453033.17723556,441687.3129926594,7.347561144667024,6453033.17723556,441687.3129926603,7.347561144667041,6453033.17723556,441687.3129926603,7.347561144667041,6453033.17723556,441687.3129926603,7.347561144667041,sumOpenInterest * mark_open,6736866.91464,477855.7619568901,7.634684621899789,0.03052807050221283,0.04037354884950941,0.04304468708166698,0.07090161935172223,0.07357275758387981,3.0998830297542566,4.119964048540111,4.398454643092868,0.0,-4.213141524105764,0.0,ALIGNED_OI_TIMESTAMP_MARK_OPEN,1,0.0,ALIGNED_OI_TIMESTAMP_MARK_OPEN,1,5.2112,0.02689999999999948,0.5188742935401014,83.89999999999999,16.1,1782216000000,2026-06-23 12:00:00 UTC,0.0,1.3715,-0.0616000000000001,-4.298374153932042,57.830000000000005,42.17,1782216000000,2026-06-23 12:00:00 UTC,0.0,4.7637,0.09480000000000022,2.030456852791883,82.65,17.349999999999998,1782216000000,2026-06-23 12:00:00 UTC,0.0,-3.8396999999999997,-0.4474999999999998,3.3922,1782216000000,2026-06-23 12:00:00 UTC,0.00027628,0.03695457,0.0
FINAL_REAL_MARK_PREMIUM_OI_SYNC_AUDIT_2026_07_12,1782230400000,2026-06-23 16:00:00 UTC,LYNUSDT,1782230400000,2026-06-23 16:00:00 UTC,1782244799999,2026-06-23 19:59:59 UTC,True,0.03858,0.04087,0.03444,0.03497,-0.003610000000000002,-9.357179885951275,42.97125478708973,0.03858,0.04058,0.03453,0.03498364,-0.00359636,-9.32182477967859,1782244799999,2026-06-23 19:59:59 UTC,1782230400000,2026-06-23 16:00:00 UTC,0.0,0.0,-1.3640000000002261e-05,-0.0389896534494474,0.0,0.01862674,-0.01442442,0.0,0.0,,1782244799999,2026-06-23 19:59:59 UTC,49061,30748.0,167.90258286463168,86856738.0,51773002.0,147.5698084149305,3238610.94383,1902252.3229399999,142.34594615576478,binance_kline_quote_asset_volume,1770.3825441796946,66.01192278653104,0.006429999999999998,16.66666666666666,-0.003610000000000002,-9.357179885951275,0.003610000000000002,9.357179885951275,0.0022899999999999934,35.61430793157067,0.0005300000000000027,8.242612752721662,0.08242612752721662,37565727.0,49291011.0,43.250216235382915,56.74978376461709,1403755.34946,631758.9309299999,81.83443805775241,1834855.5943699998,1270493.39201,225.1202129939183,43.34436503200075,56.65563496799925,0.7621212516821779,0.7650494969561794,-431100.2449099999,-13.311269935998496,168411874.0,6497330.09892,-6208834.0,-3.555611514299896,44296.921684440225,0.6864511690518963,1782230400000,2026-06-23 16:00:00 UTC,EXACT_CANDLE_OPEN,0.0,14399.999,168411874.0,-6208834.0,-3.555611514299896,168411874.0,-6208834.0,-3.555611514299896,6497330.09892,44296.921684440225,0.6864511690518963,0.038579999999999996,6497330.09892,44296.921684440225,0.6864511690518963,6497330.098920001,44296.92168444116,0.6864511690519107,6497330.098920001,44296.92168444116,0.6864511690519107,6497330.098920001,44296.92168444116,0.6864511690519107,sumOpenInterest * mark_open,5891660.371741361,-845206.5428986391,-12.54598841876936,-0.036203628881524126,0.04304468708166698,-0.09785348383838728,0.006841058200142851,-0.13405711271991141,-3.555611514299896,4.398454643092868,-9.32182477967859,-1.7985728107587425e-14,10.28011950728967,-1.7985728107587425e-14,ALIGNED_OI_TIMESTAMP_MARK_OPEN,1,-1.7985728107587425e-14,ALIGNED_OI_TIMESTAMP_MARK_OPEN,1,5.3251,0.11390000000000011,2.1856770033773434,84.19,15.809999999999999,1782230400000,2026-06-23 16:00:00 UTC,0.0,1.3863,0.014800000000000146,1.0791104629967296,58.089999999999996,41.91,1782230400000,2026-06-23 16:00:00 UTC,0.0,4.7208,-0.04290000000000038,-0.9005604886957697,82.52000000000001,17.48,1782230400000,2026-06-23 16:00:00 UTC,0.0,-3.9387999999999996,-0.6043000000000003,3.3344999999999994,1782216000000,2026-06-23 12:00:00 UTC,0.00027628,0.03695457,14400.0
FINAL_REAL_MARK_PREMIUM_OI_SYNC_AUDIT_2026_07_12,1782244800000,2026-06-23 20:00:00 UTC,LYNUSDT,1782244800000,2026-06-23 20:00:00 UTC,1782259199999,2026-06-23 23:59:59 UTC,True,0.03498,0.03577,0.0345,0.03555,0.0005799999999999972,1.658564483843286,45.4019058901911,0.03498364,0.03571701,0.03459867,0.03554888,0.0005652399999999946,1.6157266653784301,1782259199999,2026-06-23 23:59:59 UTC,1782244800000,2026-06-23 20:00:00 UTC,0.0,0.0,1.1200000000002874e-06,0.003150591523559357,0.0,0.00745185,-0.00562621,0.0,0.0,,1782259199999,2026-06-23 23:59:59 UTC,14663,-34398.0,-70.11271682191558,20378236.0,-66478502.0,-76.53810577136801,716199.3103,-2522411.6335299998,-77.88560210776603,binance_kline_quote_asset_volume,1389.7726249744255,48.84398215235627,0.0012700000000000003,3.630646083476273,0.0005700000000000011,1.6295025728988024,0.0005700000000000011,1.6295025728988024,0.00022000000000000491,17.322834645669673,0.0004799999999999943,37.79527559055072,0.8267716535433033,10227856.0,10150380.0,50.190094962095834,49.80990503790416,359677.99852,-1044077.3509399999,-74.37744414235986,356521.31178,-1478334.28259,-80.56951659444285,50.22037767243016,49.77962232756984,1.0076328176876137,1.008854131957048,3156.6867400000338,0.4407553448603249,171010652.0,5982874.35437428,2598778.0,1.5431085340217758,-514455.7445457196,-7.917956094476923,1782244800000,2026-06-23 20:00:00 UTC,EXACT_CANDLE_OPEN,0.0,14399.999,171010652.0,2598778.0,1.5431085340217758,171010652.0,2598778.0,1.5431085340217758,5982874.35437428,-514455.7445457196,-7.917956094476923,0.03498539,5982874.35437428,-514455.7445457196,-7.917956094476923,5982575.0857332805,-514755.0131867202,-7.922562119358593,5982575.0857332805,-514755.0131867202,-7.922562119358593,5982575.0857332805,-514755.0131867202,-7.922562119358593,sumOpenInterest * mark_open,6079237.146669759,187576.77492839843,3.183767615460114,0.01531323694892914,-0.09785348383838728,0.016028127191119398,-0.08254024688945814,0.03134136414004854,1.5431085340217758,-9.32182477967859,1.6157266653784301,0.005002338235800537,-1.585113230008934,0.005002338235800537,ALIGNED_OI_TIMESTAMP_MARK_OPEN,1,0.005002338235800537,ALIGNED_OI_TIMESTAMP_MARK_OPEN,1,4.4615,-0.8635999999999999,-16.217535820923548,81.69,18.310000000000002,1782244800000,2026-06-23 20:00:00 UTC,0.0,1.4095,0.023199999999999887,1.6735194402365927,58.5,41.5,1782244800000,2026-06-23 20:00:00 UTC,0.0,4.2466,-0.47419999999999973,-10.044907642772406,80.94,19.06,1782244800000,2026-06-23 20:00:00 UTC,0.0,-3.052,-0.2149000000000001,2.8371,1782244800000,2026-06-23 20:00:00 UTC,5e-05,0.03498364,0.0
FINAL_REAL_MARK_PREMIUM_OI_SYNC_AUDIT_2026_07_12,1782259200000,2026-06-24 00:00:00 UTC,LYNUSDT,1782259200000,2026-06-24 00:00:00 UTC,1782273599999,2026-06-24 03:59:59 UTC,True,0.03555,0.03622,0.03522,0.03541,-0.00014000000000000123,-0.39381153305204286,44.90439523589982,0.03554888,0.03607,0.03528759,0.03538362,-0.0001652600000000004,-0.4648810314136491,1782273599999,2026-06-24 03:59:59 UTC,1782259200000,2026-06-24 00:00:00 UTC,0.0,0.0,2.637999999999946e-05,0.0745542711571045,0.0,0.00832136,-0.00478038,0.0,0.0,,1782273599999,2026-06-24 03:59:59 UTC,7079,-7584.0,-51.72202141444452,9183525.0,-11194711.0,-54.93464203672978,327990.3868,-388208.92350000003,-54.20403481502767,binance_kline_quote_asset_volume,1297.2912840796723,46.3328700098884,0.0010000000000000009,2.812939521800284,-0.00014000000000000123,-0.39381153305204286,0.00014000000000000123,0.39381153305204286,0.0006700000000000039,67.00000000000034,0.00018999999999999573,18.999999999999556,0.18999999999999556,4174921.0,5008604.0,45.460985841493326,54.539014158506674,149134.92669,-210543.07183000003,-58.536544547161874,178855.46010999999,-177665.85167,-49.833164470019945,45.469298092854956,54.530701907145044,0.8335498274569122,0.8338293200458,-29720.533419999992,-9.061403814290083,172186861.0,6121050.05926568,1176209.0,0.6877986758392103,138175.70489139948,2.3095204195684738,1782259200000,2026-06-24 00:00:00 UTC,EXACT_CANDLE_OPEN,0.0,14399.999,172186861.0,1176209.0,0.6877986758392103,172186861.0,1176209.0,0.6877986758392103,6121050.05926568,138175.70489139948,2.3095204195684738,0.03554888,6121050.05926568,138175.70489139948,2.3095204195684738,6121050.05926568,138474.97353239916,2.3146382878272953,6121050.05926568,138474.97353239916,2.3146382878272953,6121050.05926568,138474.97353239916,2.3146382878272953,sumOpenInterest * mark_open,6092594.458616819,13357.311947059818,0.21972019884726868,0.006854441309337384,0.016028127191119398,-0.004659649639161946,0.022882568500456783,0.0021947916701754383,0.6877986758392103,1.6157266653784301,-0.4648810314136491,0.0,0.4670522688181718,0.0,ALIGNED_OI_TIMESTAMP_MARK_OPEN,0,0.0,ALIGNED_OI_TIMESTAMP_MARK_OPEN,0,4.2798,-0.1817000000000002,-4.072621315701002,81.06,18.94,1782259200000,2026-06-24 00:00:00 UTC,0.0,1.4042,-0.005300000000000082,-0.3760198652004315,58.41,41.589999999999996,1782259200000,2026-06-24 00:00:00 UTC,0.0,3.9456,-0.3009999999999997,-7.088023359864355,79.78,20.22,1782259200000,2026-06-24 00:00:00 UTC,0.0,-2.8756,-0.3341999999999996,2.5414000000000003,1782244800000,2026-06-23 20:00:00 UTC,5e-05,0.03498364,14400.0
FINAL_REAL_MARK_PREMIUM_OI_SYNC_AUDIT_2026_07_12,1782273600000,2026-06-24 04:00:00 UTC,LYNUSDT,1782273600000,2026-06-24 04:00:00 UTC,1782287999999,2026-06-24 07:59:59 UTC,True,0.03538,0.03542,0.0351,0.03531,-9.999999999999593e-05,-0.2824060999717479,44.529052167325425,0.03538362,0.03541,0.03511,0.0353,-8.361999999999953e-05,-0.23632403920231887,1782287999999,2026-06-24 07:59:59 UTC,1782273600000,2026-06-24 04:00:00 UTC,0.0,0.0,1.0000000000003062e-05,0.028328611898025675,0.0,0.00421891,-0.00127975,0.00050486,0.00050486,,1782287999999,2026-06-24 07:59:59 UTC,4611,-2468.0,-34.86368131091962,5134278.0,-4049247.0,-44.09251349563485,181042.71681,-146947.66998999997,-44.80243199310742,binance_kline_quote_asset_volume,1113.4847104749513,39.26322203643461,0.00032000000000000084,0.9044657998869441,-7.000000000000062e-05,-0.19785189372527023,7.000000000000062e-05,0.19785189372527023,3.999999999999837e-05,12.499999999999458,0.00021000000000000185,65.62500000000041,0.6562500000000041,2151262.0,2983016.0,41.89999061211723,58.10000938788278,75875.65296,-73259.27372999999,-49.12281472621146,105167.06385,-73688.39625999998,-41.19997019642566,41.910359221812655,58.089640778187345,0.721170117760012,0.7214773350354404,-29291.41089,-16.179281556374693,170949067.0,6048796.82608254,-1237794.0,-0.7188666968033061,-72253.23318313994,-1.1804058533023645,1782273600000,2026-06-24 04:00:00 UTC,EXACT_CANDLE_OPEN,0.0,14399.999,170949067.0,-1237794.0,-0.7188666968033061,170949067.0,-1237794.0,-0.7188666968033061,6048796.82608254,-72253.23318313994,-1.1804058533023645,0.03538362,6048796.82608254,-72253.23318313994,-1.1804058533023645,6048796.82608254,-72253.23318313994,-1.1804058533023645,6048796.82608254,-72253.23318313994,-1.1804058533023645,6048796.82608254,-72253.23318313994,-1.1804058533023645,sumOpenInterest * mark_open,6034502.065099999,-58092.393516819924,-0.9534918811912593,-0.007214629935330606,-0.004659649639161946,-0.002366037251902134,-0.011874279574492552,-0.009580667187232739,-0.7188666968033061,-0.4648810314136491,-0.23632403920231887,0.0,0.2368838526912168,0.0,ALIGNED_OI_TIMESTAMP_MARK_OPEN,0,0.0,ALIGNED_OI_TIMESTAMP_MARK_OPEN,0,4.3163,0.0365000000000002,0.8528435908220058,81.19,18.81,1782273600000,2026-06-24 04:00:00 UTC,0.0,1.419,0.014800000000000146,1.0539809143996686,58.660000000000004,41.339999999999996,1782273600000,2026-06-24 04:00:00 UTC,0.0,3.985,0.03939999999999966,0.9985806974857983,79.94,20.06,1782273600000,2026-06-24 04:00:00 UTC,0.0,-2.8973,-0.33130000000000015,2.566,1782259200005,2026-06-24 00:00:00 UTC,5e-05,0.03554888,14399.995
FINAL_REAL_MARK_PREMIUM_OI_SYNC_AUDIT_2026_07_12,1782288000000,2026-06-24 08:00:00 UTC,LYNUSDT,1782288000000,2026-06-24 08:00:00 UTC,1782302399999,2026-06-24 11:59:59 UTC,True,0.03533,0.03572,0.03524,0.03548,0.00016999999999999654,0.48145001416028477,45.365123094897356,0.0353,0.03566,0.03525353,0.03543968,0.00013968000000000313,0.39569405099151034,1782302399999,2026-06-24 11:59:59 UTC,1782288000000,2026-06-24 08:00:00 UTC,0.0,0.0,4.031999999999647e-05,0.11377077896864889,0.00095855,0.00460183,-0.00057324,0.0,-0.00050486,-100.0,1782302399999,2026-06-24 11:59:59 UTC,4227,-384.0,-8.327911515940144,5000091.0,-134187.0,-2.6135515061708774,177303.46644,-3739.2503700000234,-2.0653967394470096,binance_kline_quote_asset_volume,1182.8935415188078,41.9454616607523,0.00048000000000000126,1.3586187376167598,0.00014999999999999736,0.42456835550522887,0.00014999999999999736,0.42456835550522887,0.0002400000000000041,50.000000000000725,8.99999999999998e-05,18.749999999999908,0.4999999999999928,2301432.0,2698659.0,46.02780229399825,53.972197706001744,81616.05798,5740.405019999991,7.5655428270597,95687.40845999999,-9479.655390000014,-9.01390135177765,46.03184563659905,53.96815436340094,0.8528057824274945,0.8529445963009625,-14071.350479999994,-7.936308726801898,171088289.0,6039416.6017,139222.0,0.08144063167071862,-9380.22438253928,-0.15507587132190578,1782288000000,2026-06-24 08:00:00 UTC,EXACT_CANDLE_OPEN,0.0,14399.999,171088289.0,139222.0,0.08144063167071862,171088289.0,139222.0,0.08144063167071862,6039416.6017,-9380.22438253928,-0.15507587132190578,0.035300000000000005,6039416.6017,-9380.22438253928,-0.15507587132190578,6039416.6016999995,-9380.224382540211,-0.15507587132192116,6039416.6016999995,-9380.224382540211,-0.15507587132192116,6039416.6016999995,-9380.224382540211,-0.15507587132192116,sumOpenInterest * mark_open,6063314.21390752,28812.148807520978,0.4774569383968473,0.0008140748678267484,-0.002366037251902134,0.003949132411491986,-0.0015519623840753853,0.004763207279318734,0.08144063167071862,-0.23632403920231887,0.39569405099151034,1.9656923240530392e-14,-0.39413448428427167,1.9656923240530392e-14,ALIGNED_OI_TIMESTAMP_MARK_OPEN,0,1.9656923240530392e-14,ALIGNED_OI_TIMESTAMP_MARK_OPEN,0,4.2383,-0.07800000000000029,-1.8071033060723372,80.91000000000001,19.09,1782288000000,2026-06-24 08:00:00 UTC,0.0,1.4231,0.0040999999999999925,0.28893587033121865,58.730000000000004,41.27,1782288000000,2026-06-24 08:00:00 UTC,0.0,3.8996,-0.08539999999999992,-2.143036386449183,79.59,20.41,1782288000000,2026-06-24 08:00:00 UTC,0.0,-2.8152,-0.3386999999999998,2.4764999999999997,1782259200005,2026-06-24 00:00:00 UTC,5e-05,0.03554888,28799.995
FINAL_REAL_MARK_PREMIUM_OI_SYNC_AUDIT_2026_07_12,1782302400000,2026-06-24 12:00:00 UTC,LYNUSDT,1782302400000,2026-06-24 12:00:00 UTC,1782316799999,2026-06-24 15:59:59 UTC,True,0.03546,0.03554,0.03332,0.03451,-0.0009699999999999986,-2.733934611048474,41.51973964203314,0.03543968,0.03549052,0.03348,0.03449602,-0.0009436599999999989,-2.6627215595626113,1782316799999,2026-06-24 15:59:59 UTC,1782302400000,2026-06-24 12:00:00 UTC,0.0,0.0,1.3979999999996773e-05,0.04052641435155931,0.0,0.0082086,-0.01295683,0.00119837,0.00119837,,1782316799999,2026-06-24 15:59:59 UTC,17052,12825.0,303.40667139815474,35760253.0,30760162.0,615.1920435048082,1224967.01105,1047663.5446100001,590.887231730764,binance_kline_quote_asset_volume,2097.1295449214167,71.83714585092659,0.0022199999999999998,6.260575296108291,-0.0009499999999999995,-2.6790750141003934,0.0009499999999999995,2.6790750141003934,8.000000000000368e-05,3.6036036036037693,0.0011899999999999966,53.60360360360345,0.5360360360360346,14149910.0,21610343.0,39.56881960538702,60.43118039461298,484825.02019,403208.96221,494.03141022665704,740141.99086,644454.5824000001,673.4998813029825,39.578618511075206,60.42138148892479,0.6547748918191627,0.655043256803553,-255316.97067,-20.84276297784958,170874967.0,6055754.15049056,-213322.0,-0.12468533132621368,16337.548790559173,0.27051534722675713,1782302400000,2026-06-24 12:00:00 UTC,EXACT_CANDLE_OPEN,0.0,14399.999,170874967.0,-213322.0,-0.12468533132621368,170874967.0,-213322.0,-0.12468533132621368,6055754.15049056,16337.548790559173,0.27051534722675713,0.03543968,6055754.15049056,16337.548790559173,0.27051534722675713,6055754.150490561,16337.548790561035,0.27051534722678805,6055754.150490561,16337.548790561035,0.27051534722678805,6055754.150490561,16337.548790561035,0.27051534722678805,sumOpenInterest * mark_open,5894506.279131341,-168807.9347761795,-2.7840868676899846,-0.0012476312815966944,0.003949132411491986,-0.026988141287013514,0.002701501129895291,-0.028235772568610207,-0.12468533132621368,0.39569405099151034,-2.6627215595626113,0.0,2.73556195758235,0.0,ALIGNED_OI_TIMESTAMP_MARK_OPEN,1,0.0,ALIGNED_OI_TIMESTAMP_MARK_OPEN,1,4.2743,0.036000000000000476,0.8493971639572584,81.04,18.96,1782302400000,2026-06-24 12:00:00 UTC,0.0,1.4332,0.010099999999999998,0.7097182207856088,58.9,41.099999999999994,1782302400000,2026-06-24 12:00:00 UTC,0.0,3.8924,-0.007200000000000095,-0.18463432146887104,79.56,20.44,1782302400000,2026-06-24 12:00:00 UTC,0.0,-2.8411,-0.38190000000000035,2.4592,1782288000005,2026-06-24 08:00:00 UTC,0.00018198,0.0353,14399.995
FINAL_REAL_MARK_PREMIUM_OI_SYNC_AUDIT_2026_07_12,1782316800000,2026-06-24 16:00:00 UTC,LYNUSDT,1782316800000,2026-06-24 16:00:00 UTC,1782331199999,2026-06-24 19:59:59 UTC,True,0.03451,0.03465,0.03275,0.03412,-0.00039000000000000146,-1.1301072152999172,40.049813173619775,0.03449876,0.03463,0.03304,0.03409203,-0.0004039899999999999,-1.1711206104356382,1782331199999,2026-06-24 19:59:59 UTC,1782316800000,2026-06-24 16:00:00 UTC,0.0,0.0,2.796999999999522e-05,0.08204263577145514,0.00123019,0.0100116,-0.00909535,0.0,-0.00119837,-100.0,1782331199999,2026-06-24 19:59:59 UTC,12558,-4494.0,-26.354679802955665,22752765.0,-13007488.0,-36.3741498137611,773941.87843,-451025.13262000005,-36.81936970967052,binance_kline_quote_asset_volume,1811.814381270903,61.62938990523969,0.001899999999999999,5.505650536076496,-0.00039000000000000146,-1.1301072152999172,0.00039000000000000146,1.1301072152999172,0.00014000000000000123,7.368421052631648,0.0013699999999999962,72.10526315789458,0.7210526315789458,9135670.0,13617095.0,40.15191120727525,59.84808879272475,311714.76105,-173110.25914000004,-35.70571895653388,462227.11738000007,-277914.87347999995,-37.54885912594687,40.276249384816474,59.723750615183526,0.670897133345989,0.6743757545357019,-150512.3563300001,-19.44750123036705,168631522.0,5817116.35554244,-2243445.0,-1.3129161277321564,-238637.79494811967,-3.940678386502667,1782316800000,2026-06-24 16:00:00 UTC,EXACT_CANDLE_OPEN,0.0,14399.999,168631522.0,-2243445.0,-1.3129161277321564,168631522.0,-2243445.0,-1.3129161277321564,5817116.35554244,-238637.79494811967,-3.940678386502667,0.03449602,5817116.35554244,-238637.79494811967,-3.940678386502667,5817578.405912721,-238175.74457783997,-3.9330484471293468,5817578.405912721,-238175.74457783997,-3.9330484471293468,5817578.405912721,-238175.74457783997,-3.9330484471293468,sumOpenInterest * mark_open,5748990.90696966,-145515.37216168083,-2.4686609067982044,-0.013216110601585644,-0.0269087149883445,-0.01178032243222446,-0.04012482558993014,-0.024996433033810106,-1.3129161277321564,-2.654990112777536,-1.1711206104356382,-0.007942314448406478,1.184998370586908,0.0,ALIGNED_OI_TIMESTAMP_MARK_OPEN,1,-0.007942314448406478,ALIGNED_OI_TIMESTAMP_MARK_OPEN,1,4.0403,-0.23399999999999999,-5.474580633086119,80.16,19.84,1782316800000,2026-06-24 16:00:00 UTC,0.0,1.446,0.012799999999999923,0.8931063354730617,59.12,40.88,1782316800000,2026-06-24 16:00:00 UTC,0.0,3.6664,-0.22599999999999998,-5.8061864145514335,78.57,21.43,1782316800000,2026-06-24 16:00:00 UTC,0.0,-2.5943000000000005,-0.37390000000000034,2.2203999999999997,1782302400005,2026-06-24 12:00:00 UTC,5e-05,0.03543968,14399.995
FINAL_REAL_MARK_PREMIUM_OI_SYNC_AUDIT_2026_07_12,1782331200000,2026-06-24 20:00:00 UTC,LYNUSDT,1782331200000,2026-06-24 20:00:00 UTC,1782345599999,2026-06-24 23:59:59 UTC,True,0.03412,0.03436,0.03398,0.03401,-0.00010999999999999899,-0.32239155920281065,39.623715709869586,0.03409203,0.0343391,0.03398,0.03401,-8.203000000000377e-05,-0.24061342196403018,1782345599999,2026-06-24 23:59:59 UTC,1782331200000,2026-06-24 20:00:00 UTC,0.0,0.0,0.0,0.0,0.0,0.00496186,0.0,0.00159753,0.00159753,,1782345599999,2026-06-24 23:59:59 UTC,5065,-7493.0,-59.66714444975314,5359201.0,-17393564.0,-76.44593525226495,182890.2796,-591051.59883,-76.36899039873552,binance_kline_quote_asset_volume,1058.0850937808489,36.1086435538006,0.0003799999999999984,1.113716295427897,-0.00010999999999999899,-0.32239155920281065,0.00010999999999999899,0.32239155920281065,0.0002400000000000041,63.15789473684346,2.9999999999995308e-05,7.894736842104062,0.07894736842104062,2350855.0,3008346.0,43.865774021164725,56.134225978835275,80244.05976,-231470.70128999997,-74.25721531771522,102646.21984,-359580.89754000003,-77.79312031240828,43.875519210480775,56.124480789519225,0.7814443551373412,0.7817536767070487,-22402.16008,-12.248961579038452,170549073.0,5814364.11318819,1917551.0,1.1371248846345585,-2752.2423542495817,-0.047312829691420845,1782331200000,2026-06-24 20:00:00 UTC,EXACT_CANDLE_OPEN,0.0,14399.999,170549073.0,1917551.0,1.1371248846345585,170549073.0,1917551.0,1.1371248846345585,5814364.11318819,-2752.2423542495817,-0.047312829691420845,0.03409203,5814364.11318819,-2752.2423542495817,-0.047312829691420845,5814364.11318819,-3214.2927245302126,-0.055251386406126514,5814364.11318819,-3214.2927245302126,-0.055251386406126514,5814364.11318819,-3214.2927245302126,-0.055251386406126514,sumOpenInterest * mark_open,5800373.97273,51383.06576033961,0.893775387573609,0.011307082174801626,-0.011859748730893498,-0.0024090336124009504,-0.0005526665560918725,0.008898048562400675,1.1371248846345585,-1.178969910802594,-0.24061342196403018,0.0,0.24119376653926422,0.0,ALIGNED_OI_TIMESTAMP_MARK_OPEN,0,0.0,ALIGNED_OI_TIMESTAMP_MARK_OPEN,0,3.8193,-0.22100000000000009,-5.469890849689381,79.25,20.75,1782331200000,2026-06-24 20:00:00 UTC,0.0,1.4688,0.022800000000000153,1.576763485477189,59.5,40.5,1782331200000,2026-06-24 20:00:00 UTC,0.0,3.3668,-0.29959999999999987,-8.171503382064147,77.10000000000001,22.900000000000002,1782331200000,2026-06-24 20:00:00 UTC,0.0,-2.3505000000000003,-0.4525000000000001,1.898,1782316800003,2026-06-24 16:00:00 UTC,0.00023433,0.03449876,14399.997
FINAL_REAL_MARK_PREMIUM_OI_SYNC_AUDIT_2026_07_12,1782345600000,2026-06-25 00:00:00 UTC,LYNUSDT,1782345600000,2026-06-25 00:00:00 UTC,1782359999999,2026-06-25 03:59:59 UTC,True,0.03402,0.03425,0.03397,0.03413,0.00012000000000000205,0.35283740076448705,40.36905394125225,0.03401,0.03418912,0.033942,0.03413,0.00012000000000000205,0.35283740076448705,1782359999999,2026-06-25 03:59:59 UTC,1782345600000,2026-06-25 00:00:00 UTC,0.0,0.0,0.0,0.0,0.00159753,0.00511561,0.0,0.00165005,5.251999999999991e-05,3.2875751942060503,1782359999999,2026-06-25 03:59:59 UTC,3941,-1124.0,-22.191510365251727,3602732.0,-1756469.0,-32.774829680767716,122682.73539,-60207.54421000001,-32.920035084248404,binance_kline_quote_asset_volume,914.1669626998224,31.129849122050242,0.00028000000000000247,0.8230452674897191,0.00010999999999999899,0.32333921222809814,0.00010999999999999899,0.32333921222809814,0.00012000000000000205,42.85714285714321,5.000000000000143e-05,17.85714285714321,0.5714285714285678,1542251.0,2060481.0,42.807819177224395,57.192180822775605,52556.26865,-27687.791110000006,-34.50447446553769,70126.46674,-32519.7531,-31.681393772406068,42.83917250697682,57.16082749302318,0.7484907650204006,0.7494498310439188,-17570.198090000005,-14.321654986046367,171659778.0,5838149.04978,1110705.0,0.6512524404046452,23784.936591809615,0.4090720176581377,1782345600000,2026-06-25 00:00:00 UTC,EXACT_CANDLE_OPEN,0.0,14399.999,171659778.0,1110705.0,0.6512524404046452,171659778.0,1110705.0,0.6512524404046452,5838149.04978,23784.936591809615,0.4090720176581377,0.03401,5838149.04978,23784.936591809615,0.4090720176581377,5838149.04978,23784.936591809615,0.4090720176581377,5838149.04978,23784.936591809615,0.4090720176581377,5838149.04978,23784.936591809615,0.4090720176581377,sumOpenInterest * mark_open,5858748.22314,58374.25041000079,1.006387703352279,0.006491409541448105,-0.0024090336124009504,0.0035221638995116046,0.004082375929047154,0.01001357344095971,0.6512524404046452,-0.24061342196403018,0.35283740076448705,0.0,-0.35159683562848537,0.0,ALIGNED_OI_TIMESTAMP_MARK_OPEN,0,0.0,ALIGNED_OI_TIMESTAMP_MARK_OPEN,0,3.9164,0.09709999999999974,2.5423506925352743,79.66,20.34,1782345600000,2026-06-25 00:00:00 UTC,0.0,1.471,0.0021999999999999797,0.14978213507625132,59.53000000000001,40.47,1782345600000,2026-06-25 00:00:00 UTC,0.0,3.5269,0.1600999999999999,4.755257217535937,77.91,22.09,1782345600000,2026-06-25 00:00:00 UTC,0.0,-2.4454,-0.38949999999999996,2.0559,1782345600000,2026-06-25 00:00:00 UTC,0.00019257,0.03401,0.0
FINAL_REAL_MARK_PREMIUM_OI_SYNC_AUDIT_2026_07_12,1782360000000,2026-06-25 04:00:00 UTC,LYNUSDT,1782360000000,2026-06-25 04:00:00 UTC,1782374399999,2026-06-25 07:59:59 UTC,True,0.03413,0.03422,0.03302,0.03377,-0.0003599999999999992,-1.0547905068854357,38.820747747954464,0.03413,0.03421,0.03332,0.03377,-0.0003599999999999992,-1.0547905068854357,1782374399999,2026-06-25 07:59:59 UTC,1782360000000,2026-06-25 04:00:00 UTC,0.0,0.0,0.0,0.0,0.00169406,0.00842289,-0.01474574,0.00023649,-0.00141356,-85.66770703918063,1782374399999,2026-06-25 07:59:59 UTC,7388,3447.0,87.46511037807663,13529435.0,9926703.0,275.5326513323777,456981.20666,334298.47127000004,272.4902328003106,binance_kline_quote_asset_volume,1831.2716567406605,61.85452174607472,0.0011999999999999997,3.5159683562847923,-0.0003599999999999992,-1.0547905068854357,0.0003599999999999992,1.0547905068854357,8.99999999999998e-05,7.499999999999986,0.0007500000000000007,62.50000000000008,0.6250000000000008,5914038.0,7615397.0,43.712379711347886,56.28762028865212,199899.17041,147342.90175999998,280.35266875819195,257082.03625000003,186955.56951000003,266.5977315000828,43.743411653846756,56.256588346153244,0.7765895855462296,0.7775695778899447,-57182.86584000004,-12.513176692306482,172428920.0,5884999.0396,769142.0,0.44806186339120163,46849.989819999784,0.8024801939882854,1782360000000,2026-06-25 04:00:00 UTC,EXACT_CANDLE_OPEN,0.0,14399.999,172428920.0,769142.0,0.44806186339120163,172428920.0,769142.0,0.44806186339120163,5884999.0396,46849.989819999784,0.8024801939882854,0.03413,5884999.0396,46849.989819999784,0.8024801939882854,5884999.0396,46849.989819999784,0.8024801939882854,5884999.0396,46849.989819999784,0.8024801939882854,5884999.0396,46849.989819999784,0.8024801939882854,sumOpenInterest * mark_open,5822924.6284,-35823.59474000055,-0.6114547574942701,0.004470610546054871,0.0035221638995116046,-0.010603928521139354,0.007992774445566475,-0.006133317975084483,0.44806186339120163,0.35283740076448705,-1.0547905068854357,0.0,1.0660349422564381,0.0,ALIGNED_OI_TIMESTAMP_MARK_OPEN,1,0.0,ALIGNED_OI_TIMESTAMP_MARK_OPEN,1,3.8216,-0.09479999999999977,-2.4205903380655647,79.25999999999999,20.74,1782360000000,2026-06-25 04:00:00 UTC,0.0,1.4682,-0.0028000000000001357,-0.19034670292319072,59.48,40.52,1782360000000,2026-06-25 04:00:00 UTC,0.0,3.4464,-0.0804999999999998,-2.2824576823839577,77.51,22.49,1782360000000,2026-06-25 04:00:00 UTC,0.0,-2.3534,-0.3752,1.9782000000000002,1782345600000,2026-06-25 00:00:00 UTC,0.00019257,0.03401,14400.0
FINAL_REAL_MARK_PREMIUM_OI_SYNC_AUDIT_2026_07_12,1782374400000,2026-06-25 08:00:00 UTC,LYNUSDT,1782374400000,2026-06-25 08:00:00 UTC,1782388799999,2026-06-25 11:59:59 UTC,True,0.03379,0.0341,0.0336,0.03373,-3.999999999999837e-05,-0.11844832691737747,38.643399957071885,0.03377,0.03407529,0.0336,0.03373,-3.999999999999837e-05,-0.11844832691737747,1782388799999,2026-06-25 11:59:59 UTC,1782374400000,2026-06-25 08:00:00 UTC,0.0,0.0,0.0,0.0,0.00018163,0.00595514,0.0,0.00125977,0.00102328,432.6948285339761,1782388799999,2026-06-25 11:59:59 UTC,4816,-2572.0,-34.81321061180292,5864621.0,-7664814.0,-56.65287574832208,198216.13208,-258765.07458000001,-56.62488321374769,binance_kline_quote_asset_volume,1217.7369186046512,41.15783473421927,0.0005000000000000004,1.4797277300976635,-5.9999999999997555e-05,-0.1775673276117122,5.9999999999997555e-05,0.1775673276117122,0.0003099999999999978,61.9999999999995,0.0001300000000000051,26.000000000001002,0.26000000000001,2869597.0,2995024.0,48.93064701026716,51.06935298973284,97026.52296,-102872.64744999999,-51.46226832207692,101189.60912000001,-155892.42713000003,-60.63917549587248,48.94986192185413,51.05013807814588,0.9581215375903499,0.9588585607138472,-4163.086160000006,-2.1002761562917516,173496161.0,5858965.35697,1067241.0,0.6189454761997002,-26033.682629999705,-0.4423736088114842,1782374400000,2026-06-25 08:00:00 UTC,EXACT_CANDLE_OPEN,0.0,14399.999,173496161.0,1067241.0,0.6189454761997002,173496161.0,1067241.0,0.6189454761997002,5858965.35697,-26033.682629999705,-0.4423736088114842,0.03377,5858965.35697,-26033.682629999705,-0.4423736088114842,5858965.35697,-26033.682629999705,-0.4423736088114842,5858965.35697,-26033.682629999705,-0.4423736088114842,5858965.35697,-26033.682629999705,-0.4423736088114842,sumOpenInterest * mark_open,5852025.510530001,29100.88213000074,0.49976401872124127,0.006170378759774161,-0.010603928521139354,-0.0011851853239173836,-0.004433549761365193,0.0049851934358567775,0.6189454761997002,-1.0547905068854357,-0.11844832691737747,0.0,0.11858879335902273,0.0,ALIGNED_OI_TIMESTAMP_MARK_OPEN,0,0.0,ALIGNED_OI_TIMESTAMP_MARK_OPEN,0,3.8948,0.07319999999999993,1.9154280929453613,79.57,20.43,1782374400000,2026-06-25 08:00:00 UTC,0.0,1.469,0.0008000000000001339,0.054488489306643094,59.5,40.5,1782374400000,2026-06-25 08:00:00 UTC,0.0,3.4643,0.017900000000000027,0.5193825441039934,77.60000000000001,22.400000000000002,1782374400000,2026-06-25 08:00:00 UTC,0.0,-2.4257999999999997,-0.4304999999999999,1.9953,1782374400000,2026-06-25 08:00:00 UTC,0.00014048,0.03377,0.0
FINAL_REAL_MARK_PREMIUM_OI_SYNC_AUDIT_2026_07_12,1782388800000,2026-06-25 12:00:00 UTC,LYNUSDT,1782388800000,2026-06-25 12:00:00 UTC,1782403199999,2026-06-25 15:59:59 UTC,True,0.03374,0.03395,0.03083,0.03294,-0.000790000000000006,-2.3421286688408123,35.22111067506367,0.03373,0.03393735,0.03136186,0.03294,-0.000790000000000006,-2.3421286688408123,1782403199999,2026-06-25 15:59:59 UTC,1782388800000,2026-06-25 12:00:00 UTC,0.0,0.0,0.0,0.0,0.00123111,0.00847846,-0.02464871,0.00126721,7.440000000000051e-06,0.5905839954912445,1782403199999,2026-06-25 15:59:59 UTC,16076,11260.0,233.80398671096344,32145402.0,26280781.0,448.12411577832563,1050426.55603,852210.4239500001,429.93999277821047,binance_kline_quote_asset_volume,1999.589574521025,65.34128863087834,0.0031200000000000012,9.247184350918793,-0.0008000000000000021,-2.371072910492004,0.0008000000000000021,2.371072910492004,0.00021000000000000185,6.730769230769288,0.0021099999999999973,67.62820512820501,0.6762820512820501,12470197.0,19675205.0,38.79309706563944,61.20690293436056,407836.33208,310809.80912,320.3348936332944,642590.22395,541400.61483,535.035780391203,38.82578270120888,61.17421729879111,0.6338026465289688,0.634675593993683,-234753.89187,-22.348434597582227,174840749.0,5897378.46377,1344588.0,0.7749958225300444,38413.10680000018,0.6556295260271987,1782388800000,2026-06-25 12:00:00 UTC,EXACT_CANDLE_OPEN,0.0,14399.999,174840749.0,1344588.0,0.7749958225300444,174840749.0,1344588.0,0.7749958225300444,5897378.46377,38413.10680000018,0.6556295260271987,0.03373,5897378.46377,38413.10680000018,0.6556295260271987,5897378.46377,38413.10680000018,0.6556295260271987,5897378.46377,38413.10680000018,0.6556295260271987,5897378.46377,38413.10680000018,0.6556295260271987,sumOpenInterest * mark_open,5759254.272059999,-92771.23847000115,-1.5852842456525642,0.007720081561701825,-0.0011851853239173836,-0.02369992432406482,0.0065348962377844416,-0.015979842762362997,0.7749958225300444,-0.11844832691737747,-2.3421286688408123,0.0,2.398299939283564,0.0,ALIGNED_OI_TIMESTAMP_MARK_OPEN,1,0.0,ALIGNED_OI_TIMESTAMP_MARK_OPEN,1,3.81,-0.08479999999999999,-2.177261990346102,79.21000000000001,20.79,1782388800000,2026-06-25 12:00:00 UTC,0.0,1.4689,-9.999999999998899e-05,-0.006807351940094552,59.5,40.5,1782388800000,2026-06-25 12:00:00 UTC,0.0,3.4307,-0.033600000000000296,-0.9698929076581212,77.42999999999999,22.57,1782388800000,2026-06-25 12:00:00 UTC,0.0,-2.3411,-0.3793000000000002,1.9617999999999998,1782374400000,2026-06-25 08:00:00 UTC,0.00014048,0.03377,14400.0
FINAL_REAL_MARK_PREMIUM_OI_SYNC_AUDIT_2026_07_12,1782403200000,2026-06-25 16:00:00 UTC,LYNUSDT,1782403200000,2026-06-25 16:00:00 UTC,1782417599999,2026-06-25 19:59:59 UTC,True,0.03295,0.03313,0.0327,0.03282,-0.00011999999999999511,-0.3642987249544478,34.7181468374567,0.03294,0.03311146,0.03272149,0.03282,-0.00011999999999999511,-0.3642987249544478,1782417599999,2026-06-25 19:59:59 UTC,1782403200000,2026-06-25 16:00:00 UTC,0.0,0.0,0.0,0.0,0.00068866,0.00665604,0.0,0.00109642,-0.00017078999999999987,-13.477639854483462,1782417599999,2026-06-25 19:59:59 UTC,4681,-11395.0,-70.88206021398358,5193486.0,-26951916.0,-83.84376714280941,170706.01157,-879720.5444600001,-83.74888652709151,binance_kline_quote_asset_volume,1109.4821619312113,36.46785122196112,0.0004299999999999998,1.3050075872534137,-0.00012999999999999817,-0.3945371775417243,0.00012999999999999817,0.3945371775417243,0.0001799999999999996,41.860465116278995,0.00012000000000000205,27.906976744186533,0.27906976744186535,2431030.0,2762456.0,46.80921446596756,53.190785534032436,79922.74022,-327913.59186000004,-80.4032319012906,90783.27135,-551806.9526,-85.87229186401942,46.818937121746735,53.18106287825326,0.8800248764143211,0.8803685858804428,-10860.531129999988,-6.36212575650653,174726994.0,5755507.18236,-113755.0,-0.06506206399287388,-141871.2814100003,-2.4056668955803566,1782403200000,2026-06-25 16:00:00 UTC,EXACT_CANDLE_OPEN,0.0,14399.999,174726994.0,-113755.0,-0.06506206399287388,174726994.0,-113755.0,-0.06506206399287388,5755507.18236,-141871.2814100003,-2.4056668955803566,0.03294,5755507.18236,-141871.2814100003,-2.4056668955803566,5755507.182359999,-141871.28141000122,-2.4056668955803726,5755507.182359999,-141871.28141000122,-2.4056668955803726,5755507.182359999,-141871.28141000122,-2.4056668955803726,sumOpenInterest * mark_open,5734539.943080001,-24714.328979998827,-0.42912376867776114,-0.0006508323853862205,-0.02369992432406482,-0.0036496390875492813,-0.02435075670945104,-0.004300471472935502,-0.06506206399287388,-2.3421286688408123,-0.3642987249544478,0.0,0.36563071297987537,0.0,ALIGNED_OI_TIMESTAMP_MARK_OPEN,0,0.0,ALIGNED_OI_TIMESTAMP_MARK_OPEN,0,3.6555,-0.15450000000000008,-4.055118110236223,78.52,21.48,1782403200000,2026-06-25 16:00:00 UTC,0.0,1.4785,0.009599999999999831,0.653550275716511,59.650000000000006,40.35,1782403200000,2026-06-25 16:00:00 UTC,0.0,3.3141,-0.11660000000000004,-3.3987232926224977,76.82,23.18,1782403200000,2026-06-25 16:00:00 UTC,0.0,-2.177,-0.34140000000000015,1.8356,1782403200000,2026-06-25 16:00:00 UTC,0.00053568,0.03294,0.0
FINAL_REAL_MARK_PREMIUM_OI_SYNC_AUDIT_2026_07_12,1782417600000,2026-06-25 20:00:00 UTC,LYNUSDT,1782417600000,2026-06-25 20:00:00 UTC,1782431999999,2026-06-25 23:59:59 UTC,True,0.03284,0.0335,0.03273,0.03337,0.0005499999999999949,1.6758074344911482,39.016593304025754,0.03282,0.03347938,0.03273,0.0334056,0.0005855999999999986,1.7842778793418606,1782431999999,2026-06-25 23:59:59 UTC,1782417600000,2026-06-25 20:00:00 UTC,0.0,0.0,-3.5600000000003684e-05,-0.1065689584979874,0.00112906,0.00357922,0.0,0.00158474,0.00048832,44.5376771675088,1782431999999,2026-06-25 23:59:59 UTC,3613,-1068.0,-22.815637684255503,3026568.0,-2166918.0,-41.723767042021485,100199.79289,-70506.21868,-41.30271572251461,binance_kline_quote_asset_volume,837.6883476335455,27.733128394685856,0.0007699999999999999,2.344701583434835,0.0005299999999999958,1.6138855054811077,0.0005299999999999958,1.6138855054811077,0.0001300000000000051,16.883116883117548,0.00010999999999999899,14.285714285714157,0.8311688311688245,1338060.0,1688508.0,44.210472059441585,55.789527940558415,44315.92838,-35606.81184000001,-44.551540327554605,55883.86451,-34899.406839999996,-38.44255259920196,44.22756485000954,55.772435149990464,0.792451086995146,0.7930004263049846,-11567.936130000002,-11.544870299980918,175612123.0,5763589.87686,885129.0,0.5065782794843938,8082.694500000216,0.140434096316877,1782417600000,2026-06-25 20:00:00 UTC,EXACT_CANDLE_OPEN,0.0,14399.999,175612123.0,885129.0,0.5065782794843938,175612123.0,885129.0,0.5065782794843938,5763589.87686,8082.694500000216,0.140434096316877,0.03282,5763589.87686,8082.694500000216,0.140434096316877,5763589.87686,8082.694500001147,0.1404340963168932,5763589.87686,8082.694500001147,0.1404340963168932,5763589.87686,8082.694500001147,0.1404340963168932,sumOpenInterest * mark_open,5866428.3360888,131888.3930087993,2.2998949230086363,0.005052994886177822,-0.0036496390875492813,0.017685464937218495,0.0014033557986285407,0.02273845982339632,0.5065782794843938,-0.3642987249544478,1.7842778793418606,0.0,-1.7529994970903042,0.0,ALIGNED_OI_TIMESTAMP_MARK_OPEN,1,0.0,ALIGNED_OI_TIMESTAMP_MARK_OPEN,1,3.5413,-0.11419999999999986,-3.1240596361646795,77.98,22.02,1782417600000,2026-06-25 20:00:00 UTC,0.0,1.4793,0.0008000000000001339,0.05410889414948488,59.67,40.33,1782417600000,2026-06-25 20:00:00 UTC,0.0,3.2301,-0.08399999999999963,-2.534624785009494,76.36,23.64,1782417600000,2026-06-25 20:00:00 UTC,0.0,-2.0620000000000003,-0.3111999999999999,1.7508000000000001,1782403200000,2026-06-25 16:00:00 UTC,0.00053568,0.03294,14400.0
FINAL_REAL_MARK_PREMIUM_OI_SYNC_AUDIT_2026_07_12,1782432000000,2026-06-26 00:00:00 UTC,LYNUSDT,1782432000000,2026-06-26 00:00:00 UTC,1782446399999,2026-06-26 03:59:59 UTC,True,0.03337,0.03363,0.0323,0.03319,-0.0001799999999999996,-0.5394066526820486,38.13168246458057,0.0334,0.03357,0.03233,0.0332,-0.00020560000000000023,-0.615465670426516,1782446399999,2026-06-26 03:59:59 UTC,1782432000000,2026-06-26 00:00:00 UTC,0.0,0.0,-1.0000000000003062e-05,-0.03012048192772007,0.0,0.00754773,-0.00163018,0.0,-0.00158474,-100.0,1782446399999,2026-06-26 03:59:59 UTC,7202,3589.0,99.33573207860503,11252653.0,8226085.0,271.79580964313374,369607.57529,269407.7824,268.8705980617721,binance_kline_quote_asset_volume,1562.434462649264,51.32012986531519,0.0013299999999999979,3.9856158225951392,-0.0001799999999999996,-0.5394066526820486,0.0001799999999999996,0.5394066526820486,0.0002600000000000033,19.548872180451408,0.000889999999999995,66.91729323308243,0.6691729323308243,5634679.0,5617974.0,50.07422694008249,49.92577305991752,185035.41514,140719.48676,317.5370389476201,184572.16015,128688.29564000001,230.2780896925484,50.06266849233765,49.93733150766235,1.002973491867353,1.002509885508321,463.2549899999867,0.1253369846753031,175685858.0,5868891.4980048,73735.0,0.04198742019649748,105301.62114479952,1.8270144717890262,1782432000000,2026-06-26 00:00:00 UTC,EXACT_CANDLE_OPEN,0.0,14399.999,175685858.0,73735.0,0.04198742019649748,175685858.0,73735.0,0.04198742019649748,5868891.4980048,105301.62114479952,1.8270144717890262,0.0334056,5868891.4980048,105301.62114479952,1.8270144717890262,5867907.6572,104317.78034000006,1.8099445409677954,5867907.6572,104317.78034000006,1.8099445409677954,5867907.6572,104317.78034000006,1.8099445409677954,sumOpenInterest * mark_open,5832770.4856,-33657.850488799624,-0.5737366683872186,0.00041978607945829775,0.017517814320709733,-0.006173674676720594,0.017937600400168032,-0.0057538885972622964,0.04198742019649748,1.7672151127361277,-0.615465670426516,0.016766467065872568,0.6192771084337356,0.0,ALIGNED_OI_TIMESTAMP_MARK_OPEN,1,0.016766467065872568,ALIGNED_OI_TIMESTAMP_MARK_OPEN,1,3.5893,0.04800000000000004,1.3554344449778342,78.21000000000001,21.790000000000003,1782432000000,2026-06-26 00:00:00 UTC,0.0,1.4825,0.0031999999999998696,0.21631852903399376,59.72,40.28,1782432000000,2026-06-26 00:00:00 UTC,0.0,3.2194,-0.010700000000000376,-0.3312590941457037,76.3,23.7,1782432000000,2026-06-26 00:00:00 UTC,0.0,-2.1068000000000002,-0.36990000000000034,1.7368999999999999,1782417600011,2026-06-25 20:00:00 UTC,0.00010019,0.03282,14399.989
FINAL_REAL_MARK_PREMIUM_OI_SYNC_AUDIT_2026_07_12,1782446400000,2026-06-26 04:00:00 UTC,LYNUSDT,1782446400000,2026-06-26 04:00:00 UTC,1782460799999,2026-06-26 07:59:59 UTC,True,0.03319,0.03492,0.0331,0.03465,0.001460000000000003,4.398915335944571,48.36191155675427,0.03319,0.0349,0.03315144,0.03458457,0.0013845700000000016,4.1703915662650655,1782460799999,2026-06-26 07:59:59 UTC,1782446400000,2026-06-26 04:00:00 UTC,0.0,0.0,6.542999999999827e-05,0.18918841552749754,0.0,0.00700094,-0.0011829,0.0,0.0,,1782460799999,2026-06-26 07:59:59 UTC,7733,531.0,7.372951957789503,9850366.0,-1402287.0,-12.461834555815415,336612.06793,-32995.50735999999,-8.927172916873035,binance_kline_quote_asset_volume,1273.8091297038666,43.52929884003621,0.0018200000000000022,5.483579391382953,0.001460000000000003,4.398915335944571,0.001460000000000003,4.398915335944571,0.0002699999999999994,14.835164835164786,8.99999999999998e-05,4.945054945054928,0.8516483516483522,4763296.0,5087070.0,48.35653822406193,51.64346177593807,162560.46057,-22474.95457,-12.14629888715908,174051.60736000002,-10520.552789999987,-5.699967308964708,48.293117228288196,51.706882771711804,0.9363535394637778,0.9339785080741467,-11491.146790000028,-3.4137655434236134,176502457.0,5859881.5724,816599.0,0.4648063363187719,-9009.925604799762,-0.15352005754174863,1782446400000,2026-06-26 04:00:00 UTC,EXACT_CANDLE_OPEN,0.0,14399.999,176502457.0,816599.0,0.4648063363187719,176502457.0,816599.0,0.4648063363187719,5859881.5724,-9009.925604799762,-0.15352005754174863,0.0332,5859881.5724,-9009.925604799762,-0.15352005754174863,5858116.54783,-9791.10937000066,-0.1668586137000101,5858116.54783,-9791.10937000066,-0.1668586137000101,5858116.54783,-9791.10937000066,-0.1668586137000101,sumOpenInterest * mark_open,6104261.57928849,271491.09368848987,4.654582146833134,0.004637294473434894,-0.0063072742507716,0.04085775291706065,-0.0016699797773367065,0.04549504739049554,0.4648063363187719,-0.6287425149700655,4.1703915662650655,0.030129557095519923,-4.003432744718242,0.0,ALIGNED_OI_TIMESTAMP_MARK_OPEN,1,0.030129557095519923,ALIGNED_OI_TIMESTAMP_MARK_OPEN,1,3.5331,-0.05620000000000003,-1.565764912378459,77.94,22.06,1782446400000,2026-06-26 04:00:00 UTC,0.0,1.4798,-0.0026999999999999247,-0.18212478920741482,59.67,40.33,1782446400000,2026-06-26 04:00:00 UTC,0.0,3.1824,-0.03699999999999992,-1.1492824749953385,76.09,23.91,1782446400000,2026-06-26 04:00:00 UTC,0.0,-2.0533,-0.35070000000000023,1.7026,1782432000010,2026-06-26 00:00:00 UTC,0.00028492,0.0334,14399.99
FINAL_REAL_MARK_PREMIUM_OI_SYNC_AUDIT_2026_07_12,1782460800000,2026-06-26 08:00:00 UTC,LYNUSDT,1782460800000,2026-06-26 08:00:00 UTC,1782475199999,2026-06-26 11:59:59 UTC,True,0.03463,0.03553,0.0342,0.035,0.0003500000000000031,1.010101010101019,50.4760442965188,0.03458657,0.03549846,0.03423276,0.035,0.00041543000000000135,1.2012004197247539,1782475199999,2026-06-26 11:59:59 UTC,1782460800000,2026-06-26 08:00:00 UTC,0.0,0.0,0.0,0.0,0.00069112,0.00543007,-0.00311471,0.0,0.0,,1782475199999,2026-06-26 11:59:59 UTC,8055,322.0,4.163972585025216,13126847.0,3276481.0,33.26253054962628,457754.52459,121142.45665999997,35.988744374189245,binance_kline_quote_asset_volume,1629.652017380509,56.82861881936685,0.0013299999999999979,3.8406006352873168,0.00037000000000000227,1.0684377707190362,0.00037000000000000227,1.0684377707190362,0.0005299999999999958,39.84962406015012,0.0004299999999999998,32.33082706766921,0.6015037593984988,6282156.0,6844691.0,47.85731105116103,52.142688948838966,219442.61005,56882.14947999999,34.99138061035822,238311.91454,64260.307179999974,36.92026069433937,47.93892758275838,52.06107241724162,0.9178144053544565,0.9208209773043771,-18869.30449000001,-4.122144834483243,175617660.0,6073661.2555062,-884797.0,-0.5012944380711936,213779.68310619984,3.648191187226387,1782460800000,2026-06-26 08:00:00 UTC,EXACT_CANDLE_OPEN,0.0,14399.999,175617660.0,-884797.0,-0.5012944380711936,175617660.0,-884797.0,-0.5012944380711936,6073661.2555062,213779.68310619984,3.648191187226387,0.03458457,6073661.2555062,213779.68310619984,3.648191187226387,6074012.4908262,215895.94299620017,3.6854156320289273,6074012.4908262,215895.94299620017,3.6854156320289273,6074012.4908262,215895.94299620017,3.6854156320289273,sumOpenInterest * mark_open,6146618.100000001,42356.52071151044,0.6938844307593958,-0.00502555133601886,0.04121683069295588,0.011940432649910276,0.03619127935693702,0.006914881313891416,-0.5012944380711936,4.207803555287737,1.2012004197247539,-0.005782591335293038,-1.1869428571428609,0.0,ALIGNED_OI_TIMESTAMP_MARK_OPEN,1,-0.005782591335293038,ALIGNED_OI_TIMESTAMP_MARK_OPEN,1,3.5914,0.05830000000000002,1.650108969460248,78.22,21.78,1782460800000,2026-06-26 08:00:00 UTC,0.0,1.4867,0.006899999999999906,0.4662792269225508,59.79,40.21,1782460800000,2026-06-26 08:00:00 UTC,0.0,3.3085,0.1261000000000001,3.962418300653598,76.79,23.21,1782460800000,2026-06-26 08:00:00 UTC,0.0,-2.1047000000000002,-0.28290000000000015,1.8218,1782446400001,2026-06-26 04:00:00 UTC,0.00060925,0.03319,14399.999
FINAL_REAL_MARK_PREMIUM_OI_SYNC_AUDIT_2026_07_12,1782475200000,2026-06-26 12:00:00 UTC,LYNUSDT,1782475200000,2026-06-26 12:00:00 UTC,1782489599999,2026-06-26 15:59:59 UTC,True,0.03498,0.03536,0.03438,0.03464,-0.00036000000000000615,-1.028571428571446,48.28624328147523,0.035,0.03532995,0.03444,0.03463942,-0.0003605800000000062,-1.030228571428589,1782489599999,2026-06-26 15:59:59 UTC,1782475200000,2026-06-26 12:00:00 UTC,0.0,0.0,5.800000000000249e-07,0.0016743929315214427,0.0,0.00569633,-0.00031039,0.00247059,0.00247059,,1782489599999,2026-06-26 15:59:59 UTC,6642,-1413.0,-17.54189944134078,8310818.0,-4816029.0,-36.68839135551744,290035.91584,-167718.60875,-36.63942129249769,binance_kline_quote_asset_volume,1251.2523336344475,43.66695510990665,0.0009800000000000017,2.8016009148084673,-0.00034,-0.9719839908519154,0.00034,0.9719839908519154,0.00038000000000000533,38.77551020408211,0.00025999999999999635,26.53061224489754,0.2653061224489754,3514508.0,4796310.0,42.2883523619456,57.711647638054394,122763.92339,-96678.68665999999,-44.056478656525165,167271.99244999996,-71039.92209000004,-29.809639281831284,42.32714525525295,57.672854744747035,0.7327524701280776,0.7339179834705198,-44508.069059999965,-15.345709489494089,174747075.0,6116147.625,-870585.0,-0.4957274797990133,42486.369493800215,0.6995182593577036,1782475200000,2026-06-26 12:00:00 UTC,EXACT_CANDLE_OPEN,0.0,14399.999,174747075.0,-870585.0,-0.4957274797990133,174747075.0,-870585.0,-0.4957274797990133,6116147.625,42486.369493800215,0.6995182593577036,0.035,6116147.625,42486.369493800215,0.6995182593577036,6116147.625000001,42135.13417380117,0.6936952177401575,6116147.625000001,42135.13417380117,0.6936952177401575,6116147.625000001,42135.13417380117,0.6936952177401575,sumOpenInterest * mark_open,6053137.3246965,-93480.7753035007,-1.520848925094284,-0.004969602843918005,0.011882605064574711,-0.010355721584316685,0.006913002220656706,-0.01532532442823469,-0.4957274797990133,1.1953483678780705,-1.030228571428589,0.0,1.040952764220666,0.0,ALIGNED_OI_TIMESTAMP_MARK_OPEN,1,0.0,ALIGNED_OI_TIMESTAMP_MARK_OPEN,1,3.6838,0.09240000000000004,2.5728128306510003,78.64999999999999,21.349999999999998,1782475200000,2026-06-26 12:00:00 UTC,0.0,1.4961,0.009400000000000075,0.6322728189950949,59.940000000000005,40.06,1782475200000,2026-06-26 12:00:00 UTC,0.0,3.4053,0.0968,2.9257971890584855,77.3,22.7,1782475200000,2026-06-26 12:00:00 UTC,0.0,-2.1877000000000004,-0.2785000000000002,1.9092,1782460800002,2026-06-26 08:00:00 UTC,0.00040562,0.03458657,14399.998
FINAL_REAL_MARK_PREMIUM_OI_SYNC_AUDIT_2026_07_12,1782489600000,2026-06-26 16:00:00 UTC,LYNUSDT,1782489600000,2026-06-26 16:00:00 UTC,1782503999999,2026-06-26 19:59:59 UTC,True,0.03463,0.03523,0.03457,0.03496,0.00032000000000000084,0.9237875288683627,50.348231696690355,0.03463942,0.0352,0.0345683,0.03501988,0.00038046000000000607,1.098344025390743,1782503999999,2026-06-26 19:59:59 UTC,1782489600000,2026-06-26 16:00:00 UTC,0.0,0.0,-5.988000000000521e-05,-0.17098859276503858,0.0024828,0.00731587,0.0,0.00041326,-0.00205733,-83.27282147179419,1782503999999,2026-06-26 19:59:59 UTC,3533,-3109.0,-46.80819030412526,5006897.0,-3303921.0,-39.75446219614002,174900.63592,-115135.27991999997,-39.69690429081722,binance_kline_quote_asset_volume,1417.1800169827343,49.504850246249646,0.0006600000000000009,1.9058619693907042,0.00032999999999999696,0.952930984695342,0.00032999999999999696,0.952930984695342,0.0002699999999999994,40.909090909090764,6.0000000000004494e-05,9.09090909090976,0.5909090909090924,2397262.0,2609635.0,47.87919543781308,52.12080456218692,83781.2519,-38982.67148999999,-31.75417534201698,91119.38402,-76152.60842999996,-45.52621590417361,47.90219970287687,52.09780029712313,0.9186196537063612,0.9194668379409882,-7338.132119999995,-4.195600594246253,174132943.0,6031864.14841306,-614132.0,-0.35144050336750987,-84283.47658693977,-1.378048434318813,1782489600000,2026-06-26 16:00:00 UTC,EXACT_CANDLE_OPEN,0.0,14399.999,174132943.0,-614132.0,-0.35144050336750987,174132943.0,-614132.0,-0.35144050336750987,6031864.14841306,-84283.47658693977,-1.378048434318813,0.034639420000000004,6031864.14841306,-84283.47658693977,-1.378048434318813,6031864.148413059,-84283.47658694163,-1.3780484343188433,6031864.148413059,-84283.47658694163,-1.3780484343188433,6031864.148413059,-84283.47658694163,-1.3780484343188433,sumOpenInterest * mark_open,6098114.767906841,44977.443210341036,0.7430434962516925,-0.003520595062145617,-0.010355721584316685,0.010923560333374195,-0.013876316646462302,0.007402965271228579,-0.35144050336750987,-1.030228571428589,1.098344025390743,2.003178431944654e-14,-1.0864114897024177,2.003178431944654e-14,ALIGNED_OI_TIMESTAMP_MARK_OPEN,1,2.003178431944654e-14,ALIGNED_OI_TIMESTAMP_MARK_OPEN,1,3.8263,0.14249999999999963,3.86828818068298,79.28,20.72,1782489600000,2026-06-26 16:00:00 UTC,0.0,1.507,0.01089999999999991,0.7285609250718474,60.11,39.89,1782489600000,2026-06-26 16:00:00 UTC,0.0,3.5269,0.12159999999999993,3.5709041787801348,77.91,22.09,1782489600000,2026-06-26 16:00:00 UTC,0.0,-2.3193,-0.2993999999999999,2.0199,1782489600000,2026-06-26 16:00:00 UTC,0.0001724,0.03463942,0.0
FINAL_REAL_MARK_PREMIUM_OI_SYNC_AUDIT_2026_07_12,1782504000000,2026-06-26 20:00:00 UTC,LYNUSDT,1782504000000,2026-06-26 20:00:00 UTC,1782518399999,2026-06-26 23:59:59 UTC,True,0.03495,0.03568,0.0347,0.03557,0.0006099999999999994,1.7448512585812344,54.10496510826731,0.03501988,0.0356,0.0347,0.03555,0.000530119999999995,1.513768750778115,1782518399999,2026-06-26 23:59:59 UTC,1782504000000,2026-06-26 20:00:00 UTC,0.0,0.0,1.9999999999999185e-05,0.05625879043600334,0.0,0.00629249,-0.00036752,0.00105522,0.00064196,155.34046363064417,1782518399999,2026-06-26 23:59:59 UTC,3813,280.0,7.925275969431079,4431852.0,-575045.0,-11.485057511668405,155735.75937,-19164.876549999986,-10.957579684710836,binance_kline_quote_asset_volume,1162.300550747443,40.84336726199843,0.0009800000000000017,2.804005722460663,0.0006199999999999956,1.7739628040057096,0.0006199999999999956,1.7739628040057096,0.00011000000000000593,11.224489795918952,0.0002500000000000002,25.510204081632633,0.8877551020408104,2166449.0,2265403.0,48.88360441639297,51.11639558360703,76261.17367,-7520.078229999999,-8.975848485739801,79474.58570000001,-11644.798319999987,-12.779715803877739,48.9683127231025,51.03168727689751,0.9563194716348482,0.9595667973390895,-3213.412030000007,-2.063374553795009,173975494.0,6092600.92282072,-157449.0,-0.09041884739753121,60736.77440765966,1.0069320679849705,1782504000000,2026-06-26 20:00:00 UTC,EXACT_CANDLE_OPEN,0.0,14399.999,173975494.0,-157449.0,-0.09041884739753121,173975494.0,-157449.0,-0.09041884739753121,6092600.92282072,60736.77440765966,1.0069320679849705,0.035019879999999996,6092600.92282072,60736.77440765966,1.0069320679849705,6092600.922820721,60736.77440766152,1.0069320679850013,6092600.922820721,60736.77440766152,1.0069320679850013,6092600.922820721,60736.77440766152,1.0069320679850013,sumOpenInterest * mark_open,6184828.8116999995,86714.0437931586,1.4219811711238575,-0.0009045974989492644,0.010923560333374195,0.01502425601077855,0.010018962834424931,0.014119658511829286,-0.09041884739753121,1.098344025390743,1.513768750778115,-1.9814156713007662e-14,-1.4911954992967709,-1.9814156713007662e-14,ALIGNED_OI_TIMESTAMP_MARK_OPEN,1,-1.9814156713007662e-14,ALIGNED_OI_TIMESTAMP_MARK_OPEN,1,3.8757,0.04940000000000033,1.2910644748190245,79.49000000000001,20.51,1782504000000,2026-06-26 20:00:00 UTC,0.0,1.5172,0.010200000000000209,0.676841406768428,60.27,39.73,1782504000000,2026-06-26 20:00:00 UTC,0.0,3.5537,0.026800000000000157,0.7598741104085786,78.03999999999999,21.959999999999997,1782504000000,2026-06-26 20:00:00 UTC,0.0,-2.3585000000000003,-0.32200000000000006,2.0365,1782504000000,2026-06-26 20:00:00 UTC,0.00040367,0.03501988,0.0
FINAL_REAL_MARK_PREMIUM_OI_SYNC_AUDIT_2026_07_12,1782518400000,2026-06-27 00:00:00 UTC,LYNUSDT,1782518400000,2026-06-27 00:00:00 UTC,1782532799999,2026-06-27 03:59:59 UTC,True,0.03557,0.0376,0.03552,0.03637,0.0008000000000000021,2.2490863086871022,58.535875733044854,0.03555,0.03755,0.03552,0.03638,0.0008300000000000043,2.3347398030942457,1782532799999,2026-06-27 03:59:59 UTC,1782518400000,2026-06-27 00:00:00 UTC,0.0,0.0,-1.0000000000003062e-05,-0.027487630566253606,0.00131318,0.00984407,-0.00340175,0.00131142,0.00025620000000000005,24.279297208165126,1782532799999,2026-06-27 03:59:59 UTC,10950,7137.0,187.1754523996853,14870995.0,10439143.0,235.5480959201706,543915.66406,388179.90469,249.25547366918775,binance_kline_quote_asset_volume,1358.0817351598173,49.67266338447489,0.0020799999999999985,5.847624402586446,0.0008000000000000021,2.2490863086871022,0.0008000000000000021,2.2490863086871022,0.001230000000000002,59.13461538461552,4.999999999999449e-05,2.403846153845891,0.4086538461538448,7647884.0,7223111.0,51.42819293530796,48.57180706469204,280350.37026,204089.19659,267.6187459075071,263565.2938,184090.7081,231.63468733879787,51.54298520608045,48.457014793919555,1.0588074861372059,1.0636846992181639,16785.07646000001,3.0859704121608877,173779181.0,6177849.88455,-196313.0,-0.11283945542353224,85248.96172927972,1.399221166939843,1782518400000,2026-06-27 00:00:00 UTC,EXACT_CANDLE_OPEN,0.0,14399.999,173779181.0,-196313.0,-0.11283945542353224,173779181.0,-196313.0,-0.11283945542353224,6177849.88455,85248.96172927972,1.399221166939843,0.03555,6177849.88455,85248.96172927972,1.399221166939843,6177849.88455,85248.96172927879,1.3992211669398276,6177849.88455,85248.96172927879,1.3992211669398276,6177849.88455,85248.96172927879,1.3992211669398276,sumOpenInterest * mark_open,6322086.604780001,137257.79308000114,2.219265839991352,-0.0011290316706945725,0.01502425601077855,0.02307901684072641,0.013895224340083978,0.021949985170031838,-0.11283945542353224,1.513768750778115,2.3347398030942457,0.0,-2.281473336998362,0.0,ALIGNED_OI_TIMESTAMP_MARK_OPEN,1,0.0,ALIGNED_OI_TIMESTAMP_MARK_OPEN,1,3.9261,0.05039999999999978,1.300410248471238,79.7,20.3,1782518400000,2026-06-27 00:00:00 UTC,0.0,1.5133,-0.0039000000000000146,-0.25705246506723006,60.209999999999994,39.79,1782518400000,2026-06-27 00:00:00 UTC,0.0,3.6125,0.05879999999999974,1.654613501421047,78.32000000000001,21.68,1782518400000,2026-06-27 00:00:00 UTC,0.0,-2.4128,-0.3136000000000001,2.0991999999999997,1782518400000,2026-06-27 00:00:00 UTC,0.00052785,0.03555,0.0
FINAL_REAL_MARK_PREMIUM_OI_SYNC_AUDIT_2026_07_12,1782532800000,2026-06-27 04:00:00 UTC,LYNUSDT,1782532800000,2026-06-27 04:00:00 UTC,1782547199999,2026-06-27 07:59:59 UTC,True,0.03635,0.0367,0.03563,0.03607,-0.00030000000000000165,-0.8248556502612088,56.339258611370376,0.03637,0.0366466,0.03579181,0.03607,-0.0003100000000000047,-0.8521165475536138,1782547199999,2026-06-27 07:59:59 UTC,1782532800000,2026-06-27 04:00:00 UTC,0.0,0.0,0.0,0.0,0.00122882,0.00726941,-0.00422845,0.00179626,0.00048484000000000005,36.97061200835736,1782547199999,2026-06-27 07:59:59 UTC,6749,-4201.0,-38.36529680365297,7409394.0,-7461601.0,-50.17553297543304,267739.58616,-276176.0779,-50.77553307410074,binance_kline_quote_asset_volume,1097.8506445399319,39.671001060897915,0.0010700000000000015,2.943603851444296,-0.00028000000000000247,-0.7702888583218775,0.00028000000000000247,0.7702888583218775,0.0003500000000000031,32.71028037383202,0.00043999999999999595,41.12149532710237,0.4112149532710237,3335900.0,4073494.0,45.022575395504674,54.97742460449532,120658.96183,-159691.40843,-56.96136883354228,147080.62433000002,-116484.66946999996,-44.19575422490622,45.0657908158171,54.934209184182905,0.8189284186990333,0.8203593259114906,-26421.66250000002,-9.868418368365802,172345593.0,6269932.67334,-1433588.0,-0.8249480701603721,92082.7887900006,1.4905313419849793,1782532800000,2026-06-27 04:00:00 UTC,EXACT_CANDLE_OPEN,0.0,14399.999,172345593.0,-1433588.0,-0.8249480701603721,172345593.0,-1433588.0,-0.8249480701603721,6269932.67334,92082.7887900006,1.4905313419849793,0.03638,6269932.67334,92082.7887900006,1.4905313419849793,6268209.21741,90359.33286000043,1.4626339996699724,6268209.21741,90359.33286000043,1.4626339996699724,6268209.21741,90359.33286000043,1.4626339996699724,sumOpenInterest * mark_open,6216505.53951,-105581.06527000107,-1.670035098699429,-0.008283695969587779,0.02280410274964778,-0.008557678174528726,0.014520406780060002,-0.016841374144116503,-0.8249480701603721,2.3066104078762346,-0.8521165475536138,0.027495188342048563,0.859439977820917,0.0,ALIGNED_OI_TIMESTAMP_MARK_OPEN,1,0.027495188342048563,ALIGNED_OI_TIMESTAMP_MARK_OPEN,1,4.0505,0.12440000000000051,3.1685387534703784,80.2,19.8,1782532800000,2026-06-27 04:00:00 UTC,0.0,1.5207,0.007399999999999851,0.48899755501221503,60.33,39.67,1782532800000,2026-06-27 04:00:00 UTC,0.0,3.7371,0.12460000000000004,3.449134948096887,78.89,21.11,1782532800000,2026-06-27 04:00:00 UTC,0.0,-2.5298000000000007,-0.31340000000000057,2.2164,1782532800000,2026-06-27 04:00:00 UTC,0.00022541,0.03637,0.0
FINAL_REAL_MARK_PREMIUM_OI_SYNC_AUDIT_2026_07_12,1782547200000,2026-06-27 08:00:00 UTC,LYNUSDT,1782547200000,2026-06-27 08:00:00 UTC,1782561599999,2026-06-27 11:59:59 UTC,True,0.03607,0.03612,0.03432,0.03517,-0.000899999999999998,-2.4951483227058446,50.24737545528853,0.03607,0.03607947,0.03472,0.0351814,-0.0008885999999999963,-2.4635431106182324,1782561599999,2026-06-27 11:59:59 UTC,1782547200000,2026-06-27 08:00:00 UTC,0.0,0.0,-1.1400000000001687e-05,-0.03240348593291252,0.00179626,0.00880978,-0.00804777,-0.00055533,-0.00235159,-130.91590304298933,1782561599999,2026-06-27 11:59:59 UTC,9050,2301.0,34.0939398429397,11255093.0,3845699.0,51.90301662997001,397648.90202,129909.31585999997,48.52077263702302,binance_kline_quote_asset_volume,1243.6566850828729,43.93910519558011,0.001799999999999996,4.990296645411689,-0.000899999999999998,-2.4951483227058446,0.000899999999999998,2.4951483227058446,5.000000000000143e-05,2.7777777777778634,0.0008499999999999966,47.222222222222136,0.4722222222222214,4881934.0,6373159.0,43.375332393966005,56.624667606033995,172599.83517,51940.873340000006,43.04767134759625,225049.06684999997,77968.44251999995,53.010682321462475,43.405082798724536,56.594917201275464,0.7660147816804822,0.7669431274960207,-52449.23167999997,-13.189834402550924,170863333.0,6163040.42131,-1482260.0,-0.8600510022904967,-106892.25203000009,-1.704838912936181,1782547200000,2026-06-27 08:00:00 UTC,EXACT_CANDLE_OPEN,0.0,14399.999,170863333.0,-1482260.0,-0.8600510022904967,170863333.0,-1482260.0,-0.8600510022904967,6163040.42131,-106892.25203000009,-1.704838912936181,0.03607,6163040.42131,-106892.25203000009,-1.704838912936181,6163040.421309999,-105168.79610000085,-1.6778124732641932,6163040.421309999,-105168.79610000085,-1.6778124732641932,6163040.421309999,-105168.79610000085,-1.6778124732641932,sumOpenInterest * mark_open,6011211.2636062,-205294.27590379957,-3.302406385694002,-0.008637707842946318,-0.008282764083450135,-0.02494396105958845,-0.016920471926396452,-0.033581668902534764,-0.8600510022904967,-0.8248556502612088,-2.4635431106182324,0.0,2.5257664561387445,0.0,ALIGNED_OI_TIMESTAMP_MARK_OPEN,1,0.0,ALIGNED_OI_TIMESTAMP_MARK_OPEN,1,4.152,0.1014999999999997,2.5058634736452214,80.58999999999999,19.41,1782547200000,2026-06-27 08:00:00 UTC,0.0,1.5239,0.0032000000000000917,0.21042940750970554,60.38,39.62,1782547200000,2026-06-27 08:00:00 UTC,0.0,3.8709,0.13379999999999992,3.5803162880308244,79.47,20.53,1782547200000,2026-06-27 08:00:00 UTC,0.0,-2.6281,-0.28110000000000035,2.3469999999999995,1782547200000,2026-06-27 08:00:00 UTC,0.00020536,0.03607,0.0
FINAL_REAL_MARK_PREMIUM_OI_SYNC_AUDIT_2026_07_12,1782561600000,2026-06-27 12:00:00 UTC,LYNUSDT,1782561600000,2026-06-27 12:00:00 UTC,1782575999999,2026-06-27 15:59:59 UTC,True,0.03515,0.03571,0.03488,0.03496,-0.00021000000000000185,-0.5970998009667383,48.91822961302174,0.0351814,0.03570071,0.03488392,0.03496,-0.00022140000000000354,-0.6293098057496391,1782575999999,2026-06-27 15:59:59 UTC,1782561600000,2026-06-27 12:00:00 UTC,0.0,0.0,0.0,0.0,-0.0005695,0.00360993,-0.00431832,-0.0007763,-0.0002209699999999999,39.79075504654888,1782575999999,2026-06-27 15:59:59 UTC,6558,-2492.0,-27.535911602209946,7832644.0,-3422449.0,-30.408002848132842,276636.19396,-121012.70805999998,-30.4320488363661,binance_kline_quote_asset_volume,1194.364745349192,42.18301219274169,0.0008299999999999974,2.3613086770981435,-0.00019000000000000267,-0.5405405405405481,0.00019000000000000267,0.5405405405405481,0.000559999999999998,67.46987951807226,7.999999999999674e-05,9.638554216867107,0.09638554216867107,4142362.0,3690282.0,52.88587097792266,47.11412902207734,146429.33722,-26170.49795000002,-15.162527776590123,130206.85674000002,-94842.21010999996,-42.142903073317036,52.93209652861724,47.06790347138277,1.1225055429368271,1.1245900629672168,16222.48047999997,5.864193057234458,170194409.0,5987677.5807926,-668924.0,-0.3914965184484608,-175362.84051739983,-2.8453949435581527,1782561600000,2026-06-27 12:00:00 UTC,EXACT_CANDLE_OPEN,0.0,14399.999,170194409.0,-668924.0,-0.3914965184484608,170194409.0,-668924.0,-0.3914965184484608,5987677.5807926,-175362.84051739983,-2.8453949435581527,0.0351814,5987677.5807926,-175362.84051739983,-2.8453949435581527,5987677.5807926,-175362.8405173989,-2.845394943558138,5987677.5807926,-175362.8405173989,-2.845394943558138,5987677.5807926,-175362.8405173989,-2.845394943558138,sumOpenInterest * mark_open,5949996.53864,-61214.72496620007,-1.0183425982183265,-0.003922648721090917,-0.02494396105958845,-0.006312983068524356,-0.028866609780679366,-0.010235631789615273,-0.3914965184484608,-2.4635431106182324,-0.6293098057496391,0.0,0.6332951945080193,0.0,ALIGNED_OI_TIMESTAMP_MARK_OPEN,1,0.0,ALIGNED_OI_TIMESTAMP_MARK_OPEN,1,4.2329,0.08089999999999975,1.9484585741811116,80.89,19.11,1782561600000,2026-06-27 12:00:00 UTC,0.0,1.5218,-0.0020999999999999908,-0.13780431786862593,60.35,39.65,1782561600000,2026-06-27 12:00:00 UTC,0.0,3.9529,0.0820000000000003,2.1183704048154253,79.81,20.19,1782561600000,2026-06-27 12:00:00 UTC,0.0,-2.7111,-0.2799999999999998,2.4311,1782547200000,2026-06-27 08:00:00 UTC,0.00020536,0.03607,14400.0
FINAL_REAL_MARK_PREMIUM_OI_SYNC_AUDIT_2026_07_12,1782576000000,2026-06-27 16:00:00 UTC,LYNUSDT,1782576000000,2026-06-27 16:00:00 UTC,1782590399999,2026-06-27 19:59:59 UTC,True,0.03495,0.03508,0.03442,0.03456,-0.0003999999999999976,-1.1441647597253937,46.40050985921185,0.03496,0.03505877,0.03445,0.03456,-0.0003999999999999976,-1.1441647597253937,1782590399999,2026-06-27 19:59:59 UTC,1782576000000,2026-06-27 16:00:00 UTC,0.0,0.0,0.0,0.0,-0.00081679,0.00284303,-0.00081679,0.00039576,0.00117206,-150.98029112456527,1782590399999,2026-06-27 19:59:59 UTC,3855,-2703.0,-41.21683440073193,4700331.0,-3132313.0,-39.99049363152468,163299.08392,-113337.11004,-40.96973299755125,binance_kline_quote_asset_volume,1219.2817120622567,42.36033305317769,0.0006600000000000009,1.8884120171673842,-0.00039000000000000146,-1.1158798283261844,0.00039000000000000146,1.1158798283261844,0.00012999999999999817,19.696969696969393,0.00014000000000000123,21.21212121212137,0.2121212121212137,2185025.0,2515306.0,46.4866197720969,53.5133802279031,75953.46524,-70475.87197999998,-48.12961208320901,87345.61868,-42861.23806000002,-32.91780412577373,46.51187466379756,53.48812533620243,0.8686915230194656,0.8695738422583466,-11392.153439999995,-6.976250672404872,170319108.0,5954356.01568,124699.0,0.07326856430401306,-33321.5651126001,-0.5565023277053148,1782576000000,2026-06-27 16:00:00 UTC,EXACT_CANDLE_OPEN,0.0,14399.999,170319108.0,124699.0,0.07326856430401306,170319108.0,124699.0,0.07326856430401306,5954356.01568,-33321.5651126001,-0.5565023277053148,0.03496,5954356.01568,-33321.5651126001,-0.5565023277053148,5954356.015679999,-33321.565112601034,-0.5565023277053304,5954356.015679999,-33321.565112601034,-0.5565023277053304,5954356.015679999,-33321.565112601034,-0.5565023277053304,sumOpenInterest * mark_open,5886228.37248,-63768.16615999956,-1.0717345085141032,0.0007324173599510981,-0.006312983068524356,-0.011507606851479802,-0.005580565708573257,-0.010775189491528704,0.07326856430401306,-0.6293098057496391,-1.1441647597253937,0.0,1.1574074074074003,0.0,ALIGNED_OI_TIMESTAMP_MARK_OPEN,1,0.0,ALIGNED_OI_TIMESTAMP_MARK_OPEN,1,4.1414,-0.09149999999999991,-2.161638592926833,80.55,19.45,1782576000000,2026-06-27 16:00:00 UTC,0.0,1.5076,-0.01419999999999999,-0.9331055329215396,60.12,39.879999999999995,1782576000000,2026-06-27 16:00:00 UTC,0.0,3.9358,-0.017100000000000115,-0.43259379189962094,79.74,20.26,1782576000000,2026-06-27 16:00:00 UTC,0.0,-2.6338,-0.2056,2.4282,1782561600001,2026-06-27 12:00:00 UTC,0.00010197,0.0351814,14399.999
FINAL_REAL_MARK_PREMIUM_OI_SYNC_AUDIT_2026_07_12,1782590400000,2026-06-27 20:00:00 UTC,LYNUSDT,1782590400000,2026-06-27 20:00:00 UTC,1782604799999,2026-06-27 23:59:59 UTC,True,0.03455,0.03483,0.03414,0.03416,-0.0003999999999999976,-1.1574074074074003,43.96373225882673,0.03456,0.03479044,0.03414717,0.03415381,-0.0004061900000000007,-1.1753182870370391,1782604799999,2026-06-27 23:59:59 UTC,1782590400000,2026-06-27 20:00:00 UTC,0.0,0.0,6.1900000000031374e-06,0.018123893059085173,0.00055931,0.00565501,-0.00021213,0.00039357,-2.1900000000000044e-06,-0.5533656761673753,1782604799999,2026-06-27 23:59:59 UTC,2793,-1062.0,-27.54863813229572,2628183.0,-2072148.0,-44.085150598968454,90726.88632,-72572.1976,-44.44127661827731,binance_kline_quote_asset_volume,940.9892588614393,32.483668571428574,0.0006900000000000031,1.9971056439942205,-0.0003899999999999945,-1.1287988422575819,0.0003899999999999945,1.1287988422575819,0.00028000000000000247,40.57971014492771,2.0000000000006124e-05,2.8985507246385556,0.028985507246385555,1216107.0,1412076.0,46.27177787848106,53.72822212151893,42048.52786,-33904.93738,-44.63909220318807,48678.35846,-38667.26022,-44.26926136004787,46.34627018025498,53.65372981974501,0.8612192261606316,0.8638033243161256,-6629.830600000001,-7.3074596394900295,170681338.0,5898747.04128,362230.0,0.21267725286583816,-55608.97440000065,-0.9339208850388161,1782590400000,2026-06-27 20:00:00 UTC,EXACT_CANDLE_OPEN,0.0,14399.999,170681338.0,362230.0,0.21267725286583816,170681338.0,362230.0,0.21267725286583816,5898747.04128,-55608.97440000065,-0.9339208850388161,0.03456,5898747.04128,-55608.97440000065,-0.9339208850388161,5898747.0412800005,-55608.974399998784,-0.933920885038785,5898747.0412800005,-55608.974399998784,-0.933920885038785,5898747.0412800005,-55608.974399998784,-0.933920885038785,sumOpenInterest * mark_open,5829417.98859778,-56810.383882220834,-0.9651406688165132,0.0021245141494365223,-0.011507606851479802,-0.01182279752428573,-0.00938309270204328,-0.00969828337484921,0.21267725286583816,-1.1441647597253937,-1.1753182870370391,0.0,1.1892963039848283,0.0,ALIGNED_OI_TIMESTAMP_MARK_OPEN,1,0.0,ALIGNED_OI_TIMESTAMP_MARK_OPEN,1,4.123,-0.01839999999999975,-0.4442942000289697,80.47999999999999,19.52,1782590400000,2026-06-27 20:00:00 UTC,0.0,1.501,-0.006600000000000161,-0.4377819050146034,60.019999999999996,39.98,1782590400000,2026-06-27 20:00:00 UTC,0.0,3.8333,-0.10250000000000004,-2.6042989989328738,79.31,20.69,1782590400000,2026-06-27 20:00:00 UTC,0.0,-2.6220000000000003,-0.2897000000000003,2.3323,1782590400000,2026-06-27 20:00:00 UTC,5e-05,0.03456,0.0
FINAL_REAL_MARK_PREMIUM_OI_SYNC_AUDIT_2026_07_12,1782604800000,2026-06-28 00:00:00 UTC,LYNUSDT,1782604800000,2026-06-28 00:00:00 UTC,1782619199999,2026-06-28 03:59:59 UTC,True,0.03415,0.03427,0.03377,0.03391,-0.0002500000000000002,-0.7318501170960193,42.46278204713248,0.03415381,0.0342532,0.03377,0.03392,-0.00023381000000000096,-0.684579553496377,1782619199999,2026-06-28 03:59:59 UTC,1782604800000,2026-06-28 00:00:00 UTC,0.0,0.0,-9.999999999996123e-06,-0.02948113207546027,0.00042301,0.00264027,-0.0012152,0.00143495,0.00104138,264.5984195949894,1782619199999,2026-06-28 03:59:59 UTC,3409,616.0,22.05513784461153,2711878.0,83695.0,3.184519495027553,92157.77938,1430.8930600000022,1.5771433563289534,binance_kline_quote_asset_volume,795.5054268113817,27.033669515987096,0.0005000000000000004,1.464128843338215,-0.00023999999999999716,-0.7027818448023343,0.00023999999999999716,0.7027818448023343,0.00012000000000000205,24.000000000000387,0.00014000000000000123,28.000000000000224,0.28000000000000225,1265837.0,1446041.0,46.67750540400416,53.32249459599584,43008.44638,959.9185199999993,2.2828825855593204,49149.333000000006,470.9745400000029,0.9675234640194621,46.66827550462187,53.33172449537814,0.8753811268145233,0.8750565624156079,-6140.886620000005,-6.663448990756275,170786394.0,5833006.05126114,105056.0,0.06155095878144569,-65740.9900188595,-1.114490747929988,1782604800000,2026-06-28 00:00:00 UTC,EXACT_CANDLE_OPEN,0.0,14399.999,170786394.0,105056.0,0.06155095878144569,170786394.0,105056.0,0.06155095878144569,5833006.05126114,-65740.9900188595,-1.114490747929988,0.03415381,5833006.05126114,-65740.9900188595,-1.114490747929988,5833006.05126114,-65740.99001886044,-1.1144907479300037,5833006.05126114,-65740.99001886044,-1.1144907479300037,5833006.05126114,-65740.99001886044,-1.1144907479300037,sumOpenInterest * mark_open,5793074.48448,-36343.504117779434,-0.6234499599937176,0.0006153202394812357,-0.01182279752428573,-0.006869335487866906,-0.011207477284804495,-0.00625401524838567,0.06155095878144569,-1.1753182870370391,-0.684579553496377,0.0,0.6892983490566066,0.0,ALIGNED_OI_TIMESTAMP_MARK_OPEN,1,0.0,ALIGNED_OI_TIMESTAMP_MARK_OPEN,1,4.1203,-0.0026999999999999247,-0.06548629638612477,80.47,19.53,1782604800000,2026-06-28 00:00:00 UTC,0.0,1.4995,-0.0014999999999998348,-0.0999333777481569,59.99,40.01,1782604800000,2026-06-28 00:00:00 UTC,0.0,3.8662,0.03290000000000015,0.858268332768115,79.45,20.549999999999997,1782604800000,2026-06-28 00:00:00 UTC,0.0,-2.6208,-0.2541000000000002,2.3667,1782604800000,2026-06-28 00:00:00 UTC,0.00016533,0.03415381,0.0
FINAL_REAL_MARK_PREMIUM_OI_SYNC_AUDIT_2026_07_12,1782619200000,2026-06-28 04:00:00 UTC,LYNUSDT,1782619200000,2026-06-28 04:00:00 UTC,1782633599999,2026-06-28 07:59:59 UTC,True,0.03391,0.03437,0.03353,0.03386,-5.000000000000143e-05,-0.1474491300501369,42.15281679428489,0.03392,0.03433179,0.03359699,0.03384915,-7.08499999999973e-05,-0.20887382075470903,1782633599999,2026-06-28 07:59:59 UTC,1782619200000,2026-06-28 04:00:00 UTC,0.0,0.0,1.0849999999999749e-05,0.03205398067602805,0.0014332,0.00715473,-0.00117713,0.0,-0.00143495,-100.0,1782633599999,2026-06-28 07:59:59 UTC,4251,842.0,24.699325315341742,5368232.0,2656354.0,97.95256276277915,182260.4714,90102.69202,97.77003376836356,binance_kline_quote_asset_volume,1262.8162785227005,42.87472862855799,0.0008400000000000005,2.4771453848422307,-5.000000000000143e-05,-0.1474491300501369,5.000000000000143e-05,0.1474491300501369,0.00045999999999999514,54.761904761904155,0.0003300000000000039,39.28571428571473,0.3928571428571473,2940810.0,2427422.0,54.78172329362815,45.21827670637186,99943.63428,56935.1879,132.38141037913957,82316.83712000001,33167.504120000005,67.48312153086594,54.83560615875812,45.164393841241875,1.2114951582378342,1.2141335573219845,17626.797159999987,9.671212317516252,171047553.0,5801932.99776,261159.0,0.15291557710387632,-31073.053501140326,-0.5327108051674676,1782619200000,2026-06-28 04:00:00 UTC,EXACT_CANDLE_OPEN,0.0,14399.999,171047553.0,261159.0,0.15291557710387632,171047553.0,261159.0,0.15291557710387632,5801932.99776,-31073.053501140326,-0.5327108051674676,0.03392,5801932.99776,-31073.053501140326,-0.5327108051674676,5801932.99776,-31073.053501140326,-0.5327108051674676,5801932.99776,-31073.053501140326,-0.5327108051674676,5801932.99776,-31073.053501140326,-0.5327108051674676,sumOpenInterest * mark_open,5789814.27862995,-3260.2058500498533,-0.05627764425926412,0.0015279878028713703,-0.006869335487866906,-0.002090922663564792,-0.005341347684995536,-0.0005629348606934217,0.15291557710387632,-0.684579553496377,-0.20887382075470903,0.0,0.2093110166724934,0.0,ALIGNED_OI_TIMESTAMP_MARK_OPEN,0,0.0,ALIGNED_OI_TIMESTAMP_MARK_OPEN,0,3.9801,-0.1402000000000001,-3.402664854500888,79.92,20.080000000000002,1782619200000,2026-06-28 04:00:00 UTC,0.0,1.4929,-0.006600000000000161,-0.440146715571868,59.89,40.11,1782619200000,2026-06-28 04:00:00 UTC,0.0,3.7824,-0.0838000000000001,-2.1675029744969243,79.09,20.91,1782619200000,2026-06-28 04:00:00 UTC,0.0,-2.4872000000000005,-0.1977000000000002,2.2895000000000003,1782604800000,2026-06-28 00:00:00 UTC,0.00016533,0.03415381,14400.0
FINAL_REAL_MARK_PREMIUM_OI_SYNC_AUDIT_2026_07_12,1782633600000,2026-06-28 08:00:00 UTC,LYNUSDT,1782633600000,2026-06-28 08:00:00 UTC,1782647999999,2026-06-28 11:59:59 UTC,True,0.03386,0.03463,0.03371,0.03454,0.00068,2.008269344359126,47.74005407213464,0.03384915,0.0345693,0.03378,0.03454,0.0006908499999999998,2.0409670553027173,1782647999999,2026-06-28 11:59:59 UTC,1782633600000,2026-06-28 08:00:00 UTC,0.0,0.0,0.0,0.0,0.0,0.00632366,-3.919e-05,0.00310216,0.00310216,,1782647999999,2026-06-28 11:59:59 UTC,5263,1012.0,23.80616325570454,7402019.0,2033787.0,37.885601814526645,253083.77872,70823.30731999999,38.858292627021044,binance_kline_quote_asset_volume,1406.4258027740832,48.08736057761733,0.0009200000000000041,2.717070289427065,0.00068,2.008269344359126,0.00068,2.008269344359126,8.99999999999998e-05,9.782608695652108,0.0001500000000000043,16.30434782608735,0.9021739130434789,4261336.0,3140683.0,57.56991437066022,42.43008562933978,145869.47171,45925.837430000014,45.951738458234516,107214.30700999999,24897.46988999998,30.24590200629902,57.63683174312928,42.36316825687073,1.356818246222239,1.3605411048023155,38655.16470000002,15.273663486258549,170799534.0,5781419.0462961,-248019.0,-0.14500002815006655,-20513.951463899575,-0.3535709818058838,1782633600000,2026-06-28 08:00:00 UTC,EXACT_CANDLE_OPEN,0.0,14399.999,170799534.0,-248019.0,-0.14500002815006655,170799534.0,-248019.0,-0.14500002815006655,5781419.0462961,-20513.951463899575,-0.3535709818058838,0.03384915,5781419.0462961,-20513.951463899575,-0.3535709818058838,5781419.0462961,-20513.951463899575,-0.3535709818058838,5781419.0462961,-20513.951463899575,-0.3535709818058838,5781419.0462961,-20513.951463899575,-0.3535709818058838,sumOpenInterest * mark_open,5899415.90436,109601.6257300498,1.8930076243479255,-0.001451052549224175,-0.002090922663564792,0.020204184458395155,-0.003541975212788967,0.01875313190917098,-0.14500002815006655,-0.20887382075470903,2.0409670553027173,0.0,-2.000144759698899,0.0,ALIGNED_OI_TIMESTAMP_MARK_OPEN,1,0.0,ALIGNED_OI_TIMESTAMP_MARK_OPEN,1,4.0176,0.037499999999999645,0.9421873822265682,80.07,19.93,1782633600000,2026-06-28 08:00:00 UTC,0.0,1.4963,0.0034000000000000696,0.22774465804809899,59.940000000000005,40.06,1782633600000,2026-06-28 08:00:00 UTC,0.0,3.7916,0.009199999999999875,0.24323181049069045,79.13,20.87,1782633600000,2026-06-28 08:00:00 UTC,0.0,-2.5213,-0.22599999999999998,2.2953,1782619200002,2026-06-28 04:00:00 UTC,0.00015502,0.03392,14399.998
FINAL_REAL_MARK_PREMIUM_OI_SYNC_AUDIT_2026_07_12,1782648000000,2026-06-28 12:00:00 UTC,LYNUSDT,1782648000000,2026-06-28 12:00:00 UTC,1782662399999,2026-06-28 15:59:59 UTC,True,0.03455,0.03522,0.03413,0.0347,0.00016000000000000042,0.4632310364794453,48.98852528018774,0.03454,0.03521,0.03414,0.03466383,0.00012382999999999839,0.35851187029530507,1782662399999,2026-06-28 15:59:59 UTC,1782648000000,2026-06-28 12:00:00 UTC,0.0,0.0,3.6170000000002034e-05,0.10434507669810876,0.00331099,0.01287719,-0.00236041,0.00192458,-0.0011775800000000001,-37.960002063078626,1782662399999,2026-06-28 15:59:59 UTC,9972,4709.0,89.47368421052632,9694274.0,2292255.0,30.96796968502783,334079.29042,80995.51169999997,32.003438588456355,binance_kline_quote_asset_volume,972.14941837144,33.50173389691135,0.0010900000000000007,3.154848046309698,0.0001500000000000043,0.4341534008683192,0.0001500000000000043,0.4341534008683192,0.0005199999999999996,47.70642201834856,0.00041999999999999676,38.5321100917428,0.5229357798165144,4989513.0,4704761.0,51.4686607785173,48.5313392214827,172014.10611,26144.63439999998,17.92330779943974,162065.18430999998,54850.87729999999,51.16003528790611,51.48900606611867,48.51099393388133,1.0605242221655893,1.0613883965415398,9948.921800000011,2.978012132237338,171173582.0,5912335.52228,374048.0,0.21899825558072072,130916.47598390002,2.2644349931315295,1782648000000,2026-06-28 12:00:00 UTC,EXACT_CANDLE_OPEN,0.0,14399.999,171173582.0,374048.0,0.21899825558072072,171173582.0,374048.0,0.21899825558072072,5912335.52228,130916.47598390002,2.2644349931315295,0.03454,5912335.52228,130916.47598390002,2.2644349931315295,5912335.52228,130916.47598390002,2.2644349931315295,5912335.52228,130916.47598390002,2.2644349931315295,5912335.52228,130916.47598390002,2.2644349931315295,sumOpenInterest * mark_open,5933531.9469390595,34116.04257905949,0.5782952606180184,0.0021875880393387196,0.020204184458395155,0.003578707483648072,0.022391772497733876,0.005766295522986792,0.21899825558072072,2.0409670553027173,0.35851187029530507,0.0,-0.3572311542030941,0.0,ALIGNED_OI_TIMESTAMP_MARK_OPEN,0,0.0,ALIGNED_OI_TIMESTAMP_MARK_OPEN,0,4.0787,0.0611000000000006,1.5208084428514685,80.31,19.689999999999998,1782648000000,2026-06-28 12:00:00 UTC,0.0,1.4987,0.0023999999999999577,0.16039564258504027,59.98,40.02,1782648000000,2026-06-28 12:00:00 UTC,0.0,3.8567,0.06510000000000016,1.716953265112358,79.41,20.59,1782648000000,2026-06-28 12:00:00 UTC,0.0,-2.5800000000000005,-0.22200000000000042,2.358,1782633600013,2026-06-28 08:00:00 UTC,0.00023913,0.03384915,14399.987
FINAL_REAL_MARK_PREMIUM_OI_SYNC_AUDIT_2026_07_12,1782662400000,2026-06-28 16:00:00 UTC,LYNUSDT,1782662400000,2026-06-28 16:00:00 UTC,1782676799999,2026-06-28 19:59:59 UTC,True,0.0347,0.03617,0.03436,0.03584,0.0011399999999999952,3.2853025936599285,56.89075336210691,0.03466383,0.03614307,0.03442,0.03582717,0.0011633399999999988,3.356063077853771,1782676799999,2026-06-28 19:59:59 UTC,1782662400000,2026-06-28 16:00:00 UTC,0.0,0.0,1.2829999999998398e-05,0.03581081062221325,0.00233055,0.00902767,-0.00633269,0.00035763,-0.00156695,-81.41776387575472,1782676799999,2026-06-28 19:59:59 UTC,13339,3367.0,33.764540713999196,15239982.0,5545708.0,57.20601666509529,539365.3715,205286.08108000003,61.448310915027726,binance_kline_quote_asset_volume,1142.5130819401754,40.43521789489467,0.0018099999999999991,5.216138328530256,0.0011399999999999952,3.2853025936599285,0.0011399999999999952,3.2853025936599285,0.0003300000000000039,18.232044198895252,0.00034,18.784530386740343,0.8176795580110475,7537725.0,7702257.0,49.46019621283017,50.539803787169824,266893.56706,94879.46094999998,55.15795366766388,272471.80444000004,110406.62013000005,68.12482310748071,49.48288881018754,50.51711118981246,0.9786384692175294,0.9795272857994801,-5578.237380000064,-1.034222379624915,170991533.0,5927221.43135139,-182049.0,-0.10635344418976989,14885.909071389586,0.25177713638364463,1782662400000,2026-06-28 16:00:00 UTC,EXACT_CANDLE_OPEN,0.0,14399.999,170991533.0,-182049.0,-0.10635344418976989,170991533.0,-182049.0,-0.10635344418976989,5927221.43135139,14885.909071389586,0.25177713638364463,0.03466383,5927221.43135139,14885.909071389586,0.25177713638364463,5927221.43135139,14885.909071389586,0.25177713638364463,5927221.43135139,14885.909071389586,0.25177713638364463,5927221.43135139,14885.909071389586,0.25177713638364463,sumOpenInterest * mark_open,6126142.72135161,192610.77441255003,3.2461403449915265,-0.0010641003959622245,0.003578707483648072,0.03300976390373061,0.0025146070876858476,0.03194566350776838,-0.10635344418976989,0.35851187029530507,3.356063077853771,0.0,-3.2470887318200097,0.0,ALIGNED_OI_TIMESTAMP_MARK_OPEN,1,0.0,ALIGNED_OI_TIMESTAMP_MARK_OPEN,1,4.0125,-0.06620000000000026,-1.6230661730453393,80.05,19.950000000000003,1782662400000,2026-06-28 16:00:00 UTC,0.0,1.4802,-0.01849999999999996,-1.234403149396141,59.68,40.32,1782662400000,2026-06-28 16:00:00 UTC,0.0,3.8591,0.0024000000000001798,0.062229367075483696,79.42,20.580000000000002,1782662400000,2026-06-28 16:00:00 UTC,0.0,-2.5323,-0.15339999999999998,2.3789000000000002,1782662400000,2026-06-28 16:00:00 UTC,0.00029946,0.03466383,0.0
FINAL_REAL_MARK_PREMIUM_OI_SYNC_AUDIT_2026_07_12,1782676800000,2026-06-28 20:00:00 UTC,LYNUSDT,1782676800000,2026-06-28 20:00:00 UTC,1782691199999,2026-06-28 23:59:59 UTC,True,0.03583,0.0364,0.03541,0.03544,-0.0003999999999999976,-1.1160714285714217,53.74476115748111,0.03582817,0.03637135,0.03543724,0.03544682,-0.0003803500000000015,-1.0616244598722184,1782691199999,2026-06-28 23:59:59 UTC,1782676800000,2026-06-28 20:00:00 UTC,0.0,0.0,-6.819999999997661e-06,-0.01924008980212516,0.00076004,0.00746934,-0.00223317,0.0,-0.00035763,-100.0,1782691199999,2026-06-28 23:59:59 UTC,10049,-3290.0,-24.664517580028487,9016237.0,-6223745.0,-40.83827001895409,324679.55225,-214685.81925,-39.80341167490023,binance_kline_quote_asset_volume,897.227286297144,32.309637998805854,0.0009900000000000048,2.763047725369815,-0.00039000000000000146,-1.088473346357805,0.00039000000000000146,1.088473346357805,0.0005700000000000011,57.5757575757574,3.0000000000002247e-05,3.0303030303032426,0.030303030303032427,4439668.0,4576569.0,49.24080855461098,50.75919144538903,159979.36703,-106914.20002999998,-40.05873997178986,164700.18522,-107771.61922000002,-39.55331064126013,49.27300346491099,50.72699653508901,0.9700865429976037,0.9713368981115951,-4720.81819000002,-1.4539930701780188,170788728.0,6118876.79213976,-202805.0,-0.11860528790042486,191655.36078837048,3.2334773216777495,1782676800000,2026-06-28 20:00:00 UTC,EXACT_CANDLE_OPEN,0.0,14399.999,170788728.0,-202805.0,-0.11860528790042486,170788728.0,-202805.0,-0.11860528790042486,6118876.79213976,191655.36078837048,3.2334773216777495,0.03582717,6118876.79213976,191655.36078837048,3.2334773216777495,6119047.58086776,191826.14951637015,3.236358751534517,6119047.58086776,191826.14951637015,3.236358751534517,6119047.58086776,191826.14951637015,3.236358751534517,sumOpenInterest * mark_open,6053917.2994449595,-72225.42190665007,-1.1789706050255877,-0.001186756796363947,0.03303767529177409,-0.010672998959582779,0.03185091849541015,-0.011859755755946727,-0.11860528790042486,3.358947929296906,-1.0616244598722184,-0.002791099852437342,1.0730158586863408,0.0,ALIGNED_OI_TIMESTAMP_MARK_OPEN,1,-0.002791099852437342,ALIGNED_OI_TIMESTAMP_MARK_OPEN,1,3.9975,-0.015000000000000124,-0.3738317757009377,79.99000000000001,20.01,1782676800000,2026-06-28 20:00:00 UTC,0.0,1.4762,-0.0040000000000000036,-0.2702337521956495,59.62,40.38,1782676800000,2026-06-28 20:00:00 UTC,0.0,3.7755,-0.08360000000000012,-2.166308206576666,79.06,20.94,1782676800000,2026-06-28 20:00:00 UTC,0.0,-2.5213,-0.22199999999999998,2.2993,1782662400000,2026-06-28 16:00:00 UTC,0.00029946,0.03466383,14400.0
FINAL_REAL_MARK_PREMIUM_OI_SYNC_AUDIT_2026_07_12,1782691200000,2026-06-29 00:00:00 UTC,LYNUSDT,1782691200000,2026-06-29 00:00:00 UTC,1782705599999,2026-06-29 03:59:59 UTC,True,0.03543,0.03607,0.03475,0.03503,-0.00041000000000000064,-1.156884875846503,50.65284070207468,0.03544482,0.03601117,0.03476965,0.0349721,-0.0004747199999999979,-1.339245664350139,1782705599999,2026-06-29 03:59:59 UTC,1782691200000,2026-06-29 00:00:00 UTC,0.0,0.0,5.789999999999962e-05,0.16556054683590526,0.0,0.00681469,-0.00303283,0.00200558,0.00200558,,1782705599999,2026-06-29 03:59:59 UTC,8675,-1374.0,-13.673002288784955,7750432.0,-1265805.0,-14.039171774211349,273590.47209,-51089.08016000001,-15.735231801928176,binance_kline_quote_asset_volume,893.4215561959654,31.537806580979826,0.0013199999999999948,3.7256562235393584,-0.0004000000000000045,-1.1289867344058835,0.0004000000000000045,1.1289867344058835,0.0006399999999999947,48.48484848484828,0.00027999999999999553,21.21212121212096,0.21212121212120957,3680182.0,4070250.0,47.483572528602274,52.51642747139772,129991.00644,-29988.360589999997,-18.745142668539533,143599.46565,-21100.719570000016,-12.811594317161518,47.51298736647463,52.48701263352537,0.9041660831644248,0.905233218324305,-13608.45921,-4.974025267050739,170420877.0,6040878.15126114,-367851.0,-0.21538365225133596,-77998.64087862056,-1.274721546588693,1782691200000,2026-06-29 00:00:00 UTC,EXACT_CANDLE_OPEN,0.0,14399.999,170420877.0,-367851.0,-0.21538365225133596,170420877.0,-367851.0,-0.21538365225133596,6040878.15126114,-77998.64087862056,-1.274721546588693,0.03544682,6040878.15126114,-77998.64087862056,-1.274721546588693,6040537.30950714,-78510.27136061992,-1.2830472442491803,6040537.30950714,-78510.27136061992,-1.2830472442491803,6040537.30950714,-78510.27136061992,-1.2830472442491803,sumOpenInterest * mark_open,5959975.9525317,-93941.34691325948,-1.5517448003769772,-0.0021561593643432374,-0.01075733449017749,-0.013482944401370864,-0.012913493854520727,-0.0156391037657141,-0.21538365225133596,-1.0699681284307783,-1.339245664350139,0.005642573442311348,1.3574249187209173,0.0,ALIGNED_OI_TIMESTAMP_MARK_OPEN,1,0.005642573442311348,ALIGNED_OI_TIMESTAMP_MARK_OPEN,1,4.0025,0.0050000000000003375,0.1250781738586701,80.01,19.99,1782691200000,2026-06-29 00:00:00 UTC,0.0,1.4701,-0.006099999999999994,-0.41322314049586745,59.519999999999996,40.48,1782691200000,2026-06-29 00:00:00 UTC,0.0,3.8544,0.07889999999999997,2.0897894318633288,79.4,20.599999999999998,1782691200000,2026-06-29 00:00:00 UTC,0.0,-2.5324000000000004,-0.14810000000000034,2.3843,1782676800003,2026-06-28 20:00:00 UTC,0.00051964,0.03582717,14399.997
FINAL_REAL_MARK_PREMIUM_OI_SYNC_AUDIT_2026_07_12,1782705600000,2026-06-29 04:00:00 UTC,LYNUSDT,1782705600000,2026-06-29 04:00:00 UTC,1782719999999,2026-06-29 07:59:59 UTC,True,0.03501,0.03644,0.03494,0.03582,0.000789999999999999,2.255209820154151,55.915508202870285,0.03497574,0.03637,0.03494,0.03582,0.0008478999999999987,2.4245041047006004,1782719999999,2026-06-29 07:59:59 UTC,1782705600000,2026-06-29 04:00:00 UTC,0.0,0.0,0.0,0.0,0.00202219,0.01719429,-0.00103308,0.00126532,-0.00074026,-36.91002104129479,1782719999999,2026-06-29 07:59:59 UTC,13684,5009.0,57.74063400576369,19149708.0,11399276.0,147.07923377690432,687278.0111,413687.53901,151.20685155801544,binance_kline_quote_asset_volume,1399.4232680502778,50.224935040923704,0.0015000000000000013,4.2844901456726685,0.0008099999999999982,2.313624678663234,0.0008099999999999982,2.313624678663234,0.0006200000000000025,41.333333333333464,7.000000000000062e-05,4.666666666666703,0.5866666666666653,10756993.0,8392715.0,56.173143736708674,43.826856263291326,386263.70746,256272.70102,197.1464857749893,301014.30364,157414.83799,109.62076862714287,56.20195921033155,43.79804078966844,1.2817059795310577,1.2832071525808773,85249.40382,12.403918420663118,170248136.0,5953934.8370056,-172741.0,-0.10136140773410054,-86943.31425553933,-1.4392495938258312,1782705600000,2026-06-29 04:00:00 UTC,EXACT_CANDLE_OPEN,0.0,14399.999,170248136.0,-172741.0,-0.10136140773410054,170248136.0,-172741.0,-0.10136140773410054,5953934.8370056,-86943.31425553933,-1.4392495938258312,0.0349721,5953934.8370056,-86943.31425553933,-1.4392495938258312,5954554.54022064,-85982.76928650029,-1.4234291567270496,5954554.54022064,-85982.76928650029,-1.4234291567270496,5954554.54022064,-85982.76928650029,-1.4234291567270496,sumOpenInterest * mark_open,6098288.23152,138312.2789882999,2.3206851854754063,-0.0010141281314876142,-0.013322442706080725,0.023955795887607916,-0.01433657083756834,0.0229416677561203,-0.10136140773410054,-1.323409175162982,2.4245041047006004,-0.010407213685826804,-2.3671133445002757,0.0,ALIGNED_OI_TIMESTAMP_MARK_OPEN,1,-0.010407213685826804,ALIGNED_OI_TIMESTAMP_MARK_OPEN,1,4.152,0.14949999999999974,3.7351655215490247,80.58999999999999,19.41,1782705600000,2026-06-29 04:00:00 UTC,0.0,1.4322,-0.037900000000000045,-2.578055914563638,58.89,41.11,1782705600000,2026-06-29 04:00:00 UTC,0.0,3.9875,0.13309999999999977,3.4531963470319575,79.95,20.05,1782705600000,2026-06-29 04:00:00 UTC,0.0,-2.7198,-0.1645000000000003,2.5553,1782705600000,2026-06-29 04:00:00 UTC,0.00052486,0.0349721,0.0
FINAL_REAL_MARK_PREMIUM_OI_SYNC_AUDIT_2026_07_12,1782720000000,2026-06-29 08:00:00 UTC,LYNUSDT,1782720000000,2026-06-29 08:00:00 UTC,1782734399999,2026-06-29 11:59:59 UTC,True,0.03582,0.03586,0.0346,0.03479,-0.0010299999999999962,-2.875488553880503,48.63316525138574,0.03582,0.03583,0.03471801,0.03479,-0.0010299999999999962,-2.875488553880503,1782734399999,2026-06-29 11:59:59 UTC,1782720000000,2026-06-29 08:00:00 UTC,0.0,0.0,0.0,0.0,0.00096266,0.00405413,-0.00321134,0.0,-0.00126532,-100.0,1782734399999,2026-06-29 11:59:59 UTC,8891,-4793.0,-35.02630809704765,12180986.0,-6968722.0,-36.39074809913551,429180.92326,-258097.08784,-37.553520361710866,binance_kline_quote_asset_volume,1370.0355415588797,48.27138941176471,0.0012600000000000042,3.517587939698504,-0.0010299999999999962,-2.875488553880503,0.0010299999999999962,2.875488553880503,4.000000000000531e-05,3.174603174603585,0.00019000000000000267,15.079365079365243,0.15079365079365242,5052136.0,7128850.0,41.47559154899283,58.52440845100717,178021.94821,-208241.75925,-53.91181082462031,251158.97505,-49855.32858999999,-16.562445035709928,41.4794643848029,58.52053561519709,0.7086887786950209,0.7088018581639772,-73137.02684,-17.041071230394184,169695846.0,6078505.20372,-552290.0,-0.32440296438840305,124570.36671439931,2.0922359771248225,1782720000000,2026-06-29 08:00:00 UTC,EXACT_CANDLE_OPEN,0.0,14399.999,169695846.0,-552290.0,-0.32440296438840305,169695846.0,-552290.0,-0.32440296438840305,6078505.20372,124570.36671439931,2.0922359771248225,0.03582,6078505.20372,124570.36671439931,2.0922359771248225,6078505.20372,123950.66349935997,2.0816110199700533,6078505.20372,123950.66349935997,2.0816110199700533,6078505.20372,123950.66349935997,2.0816110199700533,sumOpenInterest * mark_open,5903718.482340001,-194569.74917999934,-3.1905633481594684,-0.0032493029155707246,0.023851718334869015,-0.029176407468714922,0.02060241541929829,-0.03242571038428565,-0.32440296438840305,2.413844567691776,-2.875488553880503,0.0,2.960620868065525,0.0,ALIGNED_OI_TIMESTAMP_MARK_OPEN,1,0.0,ALIGNED_OI_TIMESTAMP_MARK_OPEN,1,4.3191,0.16709999999999958,4.024566473988429,81.2,18.8,1782720000000,2026-06-29 08:00:00 UTC,0.0,1.4287,-0.0034999999999998366,-0.24437927663732975,58.830000000000005,41.17,1782720000000,2026-06-29 08:00:00 UTC,0.0,4.16,0.17250000000000032,4.326018808777437,80.62,19.38,1782720000000,2026-06-29 08:00:00 UTC,0.0,-2.8903999999999996,-0.15909999999999958,2.7313,1782705600000,2026-06-29 04:00:00 UTC,0.00052486,0.0349721,14400.0
FINAL_REAL_MARK_PREMIUM_OI_SYNC_AUDIT_2026_07_12,1782734400000,2026-06-29 12:00:00 UTC,LYNUSDT,1782734400000,2026-06-29 12:00:00 UTC,1782748799999,2026-06-29 15:59:59 UTC,True,0.03477,0.0364,0.03448,0.03613,0.001340000000000001,3.8516815176774957,56.55970858400667,0.0347871,0.03643114,0.03451,0.03615324,0.0013632400000000017,3.9184823225064718,1782748799999,2026-06-29 15:59:59 UTC,1782734400000,2026-06-29 12:00:00 UTC,0.0,0.0,-2.324000000000076e-05,-0.06428192881191494,0.0,0.00464633,-0.02000438,-0.00066018,-0.00066018,,1782748799999,2026-06-29 15:59:59 UTC,26050,17159.0,192.99291418288155,43456717.0,31275731.0,256.75861543556493,1558155.12713,1128974.2038699999,263.05321198679223,binance_kline_quote_asset_volume,1668.2041074856047,59.8140163965451,0.001920000000000005,5.522001725625554,0.00136,3.911417888984757,0.00136,3.911417888984757,0.0002699999999999994,14.062499999999932,0.00029000000000000553,15.104166666666915,0.8593750000000007,24894346.0,18562371.0,57.28538122196392,42.71461877803608,894139.65184,716117.7036299999,402.2637156993957,664015.47529,412856.50023999996,164.3805482793556,57.38450788830861,42.61549211169138,1.341118868920355,1.3465644779581323,230124.17654999997,14.76901577661723,170284403.0,5924194.38037,588557.0,0.3468305287802979,-154310.82334999926,-2.5386310972566446,1782734400000,2026-06-29 12:00:00 UTC,EXACT_CANDLE_OPEN,0.0,14399.999,170284403.0,588557.0,0.3468305287802979,170284403.0,588557.0,0.3468305287802979,5924194.38037,-154310.82334999926,-2.5386310972566446,0.03479,5924194.38037,-154310.82334999926,-2.5386310972566446,5923700.555601301,-154804.64811869897,-2.5467552125144137,5923700.555601301,-154804.64811869897,-2.5467552125144137,5923700.555601301,-154804.64811869897,-2.5467552125144137,sumOpenInterest * mark_open,6156332.889915721,252614.40757572,4.278903344246077,0.0034623045878551554,-0.029259768229703238,0.03843658198071982,-0.02579746364184808,0.041898886568574975,0.3468305287802979,-2.8835845896147303,3.9184823225064718,0.008336423559308262,-3.7707270496364966,0.0,ALIGNED_OI_TIMESTAMP_MARK_OPEN,1,0.008336423559308262,ALIGNED_OI_TIMESTAMP_MARK_OPEN,1,4.5006,0.18150000000000066,4.202264360630703,81.82000000000001,18.18,1782734400000,2026-06-29 12:00:00 UTC,0.0,1.4215,-0.007200000000000095,-0.5039546440820392,58.699999999999996,41.3,1782734400000,2026-06-29 12:00:00 UTC,0.0,4.305,0.14499999999999957,3.4855769230769127,81.15,18.85,1782734400000,2026-06-29 12:00:00 UTC,0.0,-3.0791000000000004,-0.19560000000000066,2.8834999999999997,1782720000013,2026-06-29 08:00:00 UTC,0.00058328,0.03582,14399.987
FINAL_REAL_MARK_PREMIUM_OI_SYNC_AUDIT_2026_07_12,1782748800000,2026-06-29 16:00:00 UTC,LYNUSDT,1782748800000,2026-06-29 16:00:00 UTC,1782763199999,2026-06-29 19:59:59 UTC,True,0.03612,0.03614,0.03548,0.03563,-0.0005000000000000004,-1.3838915029061734,53.25730527671817,0.03615324,0.03615324,0.03549,0.03561007,-0.0005431700000000025,-1.5024102957300716,1782763199999,2026-06-29 19:59:59 UTC,1782748800000,2026-06-29 16:00:00 UTC,0.0,0.0,1.9930000000001336e-05,0.05596731486346793,-0.00112066,0.00515387,-0.00497135,0.0,0.00066018,-100.0,1782763199999,2026-06-29 19:59:59 UTC,7478,-18572.0,-71.2936660268714,11861206.0,-31595511.0,-72.70570162950874,424422.65868,-1133732.46845,-72.761206423538,binance_kline_quote_asset_volume,1586.1468307033965,56.75617259695105,0.0006600000000000009,1.8272425249169457,-0.0004899999999999974,-1.3565891472868143,0.0004899999999999974,1.3565891472868143,1.9999999999999185e-05,3.030303030302903,0.0001500000000000043,22.72727272727335,0.22727272727273348,4731102.0,7130104.0,39.88719190949048,60.11280809050952,169273.82447,-724865.82737,-81.06852502048636,255148.83421,-408866.64108,-61.57486629380631,39.883314664787164,60.116685335212836,0.6635389890526141,0.6634316985774638,-85875.00974000001,-20.23337067042568,159296228.0,5759074.76197872,-10988175.0,-6.45283702230791,-165119.61839128006,-2.787207977820731,1782748800000,2026-06-29 16:00:00 UTC,EXACT_CANDLE_OPEN,0.0,14399.999,159296228.0,-10988175.0,-6.45283702230791,159296228.0,-10988175.0,-6.45283702230791,5759074.76197872,-165119.61839128006,-2.787207977820731,0.03615324,5759074.76197872,-165119.61839128006,-2.787207977820731,5759074.76197872,-164625.79362258036,-2.779103907723938,5759074.76197872,-164625.79362258036,-2.779103907723938,5759074.76197872,-164625.79362258036,-2.779103907723938,sumOpenInterest * mark_open,5672549.8298159605,-483783.06009976007,-7.858299230248139,-0.06670445999516462,0.03851994274170822,-0.015138108116855587,-0.028184517253456408,-0.08184256811202022,-6.45283702230791,3.9271454073492813,-1.5024102957300716,0.0,1.5253269650972394,0.0,ALIGNED_OI_TIMESTAMP_MARK_OPEN,1,0.0,ALIGNED_OI_TIMESTAMP_MARK_OPEN,1,4.6085,0.10789999999999988,2.397458116695549,82.17,17.83,1782748800000,2026-06-29 16:00:00 UTC,0.0,1.4344,0.012899999999999912,0.9074920858248268,58.919999999999995,41.08,1782748800000,2026-06-29 16:00:00 UTC,0.0,4.3821,0.07710000000000061,1.7909407665505368,81.42,18.58,1782748800000,2026-06-29 16:00:00 UTC,0.0,-3.1741,-0.22639999999999993,2.9477,1782734400001,2026-06-29 12:00:00 UTC,5e-05,0.0347871,14399.999
FINAL_REAL_MARK_PREMIUM_OI_SYNC_AUDIT_2026_07_12,1782763200000,2026-06-29 20:00:00 UTC,LYNUSDT,1782763200000,2026-06-29 20:00:00 UTC,1782777599999,2026-06-29 23:59:59 UTC,True,0.03563,0.03598,0.03542,0.0359,0.0002699999999999994,0.7577883805781628,54.792323641793,0.03561007,0.03594,0.03544602,0.0359,0.00028993000000000074,0.8141798092505876,1782777599999,2026-06-29 23:59:59 UTC,1782763200000,2026-06-29 20:00:00 UTC,0.0,0.0,0.0,0.0,0.0,0.00489267,-0.00074878,0.00105283,0.00105283,,1782777599999,2026-06-29 23:59:59 UTC,3708,-3770.0,-50.414549344744586,4021822.0,-7839384.0,-66.09263847200698,143551.19845,-280871.46022999997,-66.17730097246465,binance_kline_quote_asset_volume,1084.633764832794,38.713915439590075,0.000559999999999998,1.5717092337917429,0.0002699999999999994,0.7577883805781628,0.0002699999999999994,0.7577883805781628,7.999999999999674e-05,14.285714285713755,0.00021000000000000185,37.50000000000047,0.8571428571428624,2218360.0,1803462.0,55.15808506691743,44.84191493308256,79224.61075,-90049.21371999999,-53.19736468526426,64326.58769999999,-190822.24651000003,-74.78860215090928,55.189097412930735,44.810902587069265,1.2300564137198344,1.231599772079936,14898.023050000018,10.378194825861462,159039708.0,5663415.13465956,-256520.0,-0.1610333171228637,-95659.62731915992,-1.6610242317169173,1782763200000,2026-06-29 20:00:00 UTC,EXACT_CANDLE_OPEN,0.0,14399.999,159039708.0,-256520.0,-0.1610333171228637,159039708.0,-256520.0,-0.1610333171228637,5663415.13465956,-95659.62731915992,-1.6610242317169173,0.03561007,5663415.13465956,-95659.62731915992,-1.6610242317169173,5663415.13465956,-95659.62731915992,-1.6610242317169173,5663415.13465956,-95659.62731915992,-1.6610242317169173,5663415.13465956,-95659.62731915992,-1.6610242317169173,sumOpenInterest * mark_open,5709525.517200001,36975.687384040095,0.6518353913735427,-0.0016116311513305495,-0.015138108116855587,0.008108832466518166,-0.016749739268186136,0.006497201315187617,-0.1610333171228637,-1.5024102957300716,0.8141798092505876,0.0,-0.8076044568245146,0.0,ALIGNED_OI_TIMESTAMP_MARK_OPEN,1,0.0,ALIGNED_OI_TIMESTAMP_MARK_OPEN,1,4.7471,0.1385999999999994,3.007486166865561,82.6,17.4,1782763200000,2026-06-29 20:00:00 UTC,0.0,1.4232,-0.011199999999999877,-0.7808142777467846,58.730000000000004,41.27,1782763200000,2026-06-29 20:00:00 UTC,0.0,4.5741,0.19199999999999928,4.381460943383293,82.06,17.94,1782763200000,2026-06-29 20:00:00 UTC,0.0,-3.3238999999999996,-0.17300000000000004,3.1508999999999996,1782763200000,2026-06-29 20:00:00 UTC,0.00030768,0.03561007,0.0
FINAL_REAL_MARK_PREMIUM_OI_SYNC_AUDIT_2026_07_12,1782777600000,2026-06-30 00:00:00 UTC,LYNUSDT,1782777600000,2026-06-30 00:00:00 UTC,1782791999999,2026-06-30 03:59:59 UTC,True,0.03593,0.03606,0.03535,0.03596,5.9999999999997555e-05,0.16713091922004888,55.14484413541034,0.0359,0.03603103,0.0354,0.03595665,5.664999999999837e-05,0.15779944289693137,1782791999999,2026-06-30 03:59:59 UTC,1782777600000,2026-06-30 00:00:00 UTC,0.0,0.0,3.349999999999187e-06,0.00931677450485289,0.00091554,0.00401407,-0.0004319,0.0010243,-2.8530000000000135e-05,-2.7098391953116963,1782791999999,2026-06-30 03:59:59 UTC,4192,484.0,13.052858683926646,5646528.0,1624706.0,40.39726273315925,201467.31724,57916.11879000001,40.345270130344915,binance_kline_quote_asset_volume,1346.9770992366412,48.05995163167939,0.0007100000000000023,1.9760645699972232,3.0000000000002247e-05,0.08349568605622669,3.0000000000002247e-05,0.08349568605622669,0.00010000000000000286,14.084507042253879,0.0005799999999999972,81.69014084506976,0.8591549295774612,2956792.0,2689736.0,52.36478062271187,47.63521937728813,105599.33097,26374.72021999999,33.29106949256925,95867.98627000001,31541.39857000002,49.03322202803558,52.41511745758927,47.58488254241073,1.0992870675783795,1.1015077616483242,9731.344699999987,4.830234915178536,159173091.0,5714313.9669,133383.0,0.08386773446540785,50898.83224043995,0.8987303778764857,1782777600000,2026-06-30 00:00:00 UTC,EXACT_CANDLE_OPEN,0.0,14399.999,159173091.0,133383.0,0.08386773446540785,159173091.0,133383.0,0.08386773446540785,5714313.9669,50898.83224043995,0.8987303778764857,0.0359,5714313.9669,50898.83224043995,0.8987303778764857,5714313.9669,50898.83224043995,0.8987303778764857,5714313.9669,50898.83224043995,0.8987303778764857,5714313.9669,50898.83224043995,0.8987303778764857,sumOpenInterest * mark_open,5723331.12250515,13805.60530514922,0.24179952018008677,0.0008383258513224198,0.008108832466518166,0.0015767507039825606,0.008947158317840586,0.0024150765553049803,0.08386773446540785,0.8141798092505876,0.15779944289693137,0.0,-0.1575508285671729,0.0,ALIGNED_OI_TIMESTAMP_MARK_OPEN,0,0.0,ALIGNED_OI_TIMESTAMP_MARK_OPEN,0,4.7703,0.02320000000000011,0.4887194287038426,82.67,17.330000000000002,1782777600000,2026-06-30 00:00:00 UTC,0.0,1.4217,-0.0015000000000000568,-0.1053962900505942,58.709999999999994,41.29,1782777600000,2026-06-30 00:00:00 UTC,0.0,4.4466,-0.1274999999999995,-2.7874335934937915,81.64,18.360000000000003,1782777600000,2026-06-30 00:00:00 UTC,0.0,-3.3486,-0.32369999999999965,3.0249,1782777600000,2026-06-30 00:00:00 UTC,0.00043413,0.0359,0.0
FINAL_REAL_MARK_PREMIUM_OI_SYNC_AUDIT_2026_07_12,1782792000000,2026-06-30 04:00:00 UTC,LYNUSDT,1782792000000,2026-06-30 04:00:00 UTC,1782806399999,2026-06-30 07:59:59 UTC,True,0.03597,0.03605,0.03545,0.03564,-0.00032000000000000084,-0.8898776418242516,52.78092512196501,0.03595665,0.03604,0.03553125,0.03563069,-0.00032596000000000014,-0.9065360649559959,1782806399999,2026-06-30 07:59:59 UTC,1782792000000,2026-06-30 04:00:00 UTC,0.0,0.0,9.309999999998486e-06,0.026129160002229784,0.00099231,0.00334468,0.0,0.0,-0.0010243,-100.0,1782806399999,2026-06-30 07:59:59 UTC,4218,26.0,0.6202290076335878,4301374.0,-1345154.0,-23.822674748092986,153785.68425,-47681.63299000001,-23.667180187443893,binance_kline_quote_asset_volume,1019.7662399241347,36.459384601706965,0.0005999999999999964,1.6680567139282634,-0.0003300000000000039,-0.9174311926605613,0.0003300000000000039,0.9174311926605613,7.999999999999674e-05,13.33333333333287,0.00018999999999999573,31.66666666666615,0.3166666666666615,1926653.0,2374721.0,44.79157125141873,55.20842874858126,68904.68127,-36694.649699999994,-34.748941459131665,84881.00297999999,-10986.983290000018,-11.460534133946004,44.80565379413722,55.194346205862786,0.8113176242598604,0.8117797722799718,-15976.32170999999,-10.388692411725566,159313775.0,5728389.64785375,140684.0,0.08838428600975022,14075.680953749456,0.24632319881760845,1782792000000,2026-06-30 04:00:00 UTC,EXACT_CANDLE_OPEN,0.0,14399.999,159313775.0,140684.0,0.08838428600975022,159313775.0,140684.0,0.08838428600975022,5728389.64785375,14075.680953749456,0.24632319881760845,0.03595665,5728389.64785375,14075.680953749456,0.24632319881760845,5728389.64785375,14075.680953749456,0.24632319881760845,5728389.64785375,14075.680953749456,0.24632319881760845,5728389.64785375,14075.680953749456,0.24632319881760845,sumOpenInterest * mark_open,5676459.72975475,-46871.39275040012,-0.8189530143746798,0.0008834525009905952,0.0015767507039825606,-0.009106701064924711,0.002460203204973156,-0.008223248563934117,0.08838428600975022,0.15779944289693137,-0.9065360649559959,0.0,0.9148293226990557,0.0,ALIGNED_OI_TIMESTAMP_MARK_OPEN,1,0.0,ALIGNED_OI_TIMESTAMP_MARK_OPEN,1,4.6818,-0.0884999999999998,-1.8552292308659795,82.39999999999999,17.599999999999998,1782792000000,2026-06-30 04:00:00 UTC,0.0,1.4372,0.01550000000000007,1.0902440739959254,58.97,41.03,1782792000000,2026-06-30 04:00:00 UTC,0.0,4.2994,-0.14719999999999978,-3.3103944586875316,81.13,18.87,1782792000000,2026-06-30 04:00:00 UTC,0.0,-3.2446,-0.38239999999999963,2.8622000000000005,1782792000000,2026-06-30 04:00:00 UTC,5e-05,0.03595665,0.0
FINAL_REAL_MARK_PREMIUM_OI_SYNC_AUDIT_2026_07_12,1782806400000,2026-06-30 08:00:00 UTC,LYNUSDT,1782806400000,2026-06-30 08:00:00 UTC,1782820799999,2026-06-30 11:59:59 UTC,True,0.03563,0.03619,0.03475,0.03528,-0.0003599999999999992,-1.010101010101008,50.17505513214653,0.0356304,0.03617,0.03475982,0.03526077,-0.00036992000000000275,-1.0382061082735214,1782820799999,2026-06-30 11:59:59 UTC,1782806400000,2026-06-30 08:00:00 UTC,0.0,0.0,1.9230000000002023e-05,0.054536528839279536,0.0,0.00457232,-0.00198051,0.00392071,0.00392071,,1782820799999,2026-06-30 11:59:59 UTC,6288,2070.0,49.075391180654336,9311403.0,5010029.0,116.47508447300791,330419.43364,176633.74939,114.85708195234696,binance_kline_quote_asset_volume,1480.8210877862596,52.54761985368957,0.0014399999999999968,4.0415380297502015,-0.0003500000000000031,-0.9823182711198515,0.0003500000000000031,0.9823182711198515,0.000559999999999998,38.888888888888836,0.0005299999999999958,36.805555555555344,0.3680555555555534,4674757.0,4636646.0,50.204646925925125,49.795353074074875,165979.19424,97074.51297000001,140.8823191411593,164440.2394,79559.23642,93.73032083368062,50.23287898400019,49.76712101599981,1.0082195190230179,1.009358748476743,1538.9548400000203,0.46575796800037766,159145215.0,5670453.82064835,-168560.0,-0.10580378250405528,-57935.82720539998,-1.0113806980135638,1782806400000,2026-06-30 08:00:00 UTC,EXACT_CANDLE_OPEN,0.0,14399.999,159145215.0,-168560.0,-0.10580378250405528,159145215.0,-168560.0,-0.10580378250405528,5670453.82064835,-57935.82720539998,-1.0113806980135638,0.03563069,5670453.82064835,-57935.82720539998,-1.0113806980135638,5670407.668536,-57981.97931774985,-1.0121863714259365,5670407.668536,-57981.97931774985,-1.0121863714259365,5670407.668536,-57981.97931774985,-1.0121863714259365,sumOpenInterest * mark_open,5611582.82271555,-64876.907039199956,-1.1429114294448266,-0.0010585979421784222,-0.009114840148960605,-0.010436330625490464,-0.010173438091139027,-0.011494928567668886,-0.10580378250405528,-0.9073425917041775,-1.0382061082735214,0.0008139117158381957,1.0490979068239372,0.0,ALIGNED_OI_TIMESTAMP_MARK_OPEN,1,0.0008139117158381957,ALIGNED_OI_TIMESTAMP_MARK_OPEN,1,4.7307,0.04889999999999972,1.0444700756119383,82.55,17.45,1782806400000,2026-06-30 08:00:00 UTC,0.0,1.4304,-0.006800000000000139,-0.47314222098525877,58.85,41.15,1782806400000,2026-06-30 08:00:00 UTC,0.0,4.3763,0.0768999999999993,1.788621668139724,81.39999999999999,18.6,1782806400000,2026-06-30 08:00:00 UTC,0.0,-3.3003,-0.35440000000000005,2.9459,1782806400000,2026-06-30 08:00:00 UTC,5e-05,0.0356304,0.0
FINAL_REAL_MARK_PREMIUM_OI_SYNC_AUDIT_2026_07_12,1782820800000,2026-06-30 12:00:00 UTC,LYNUSDT,1782820800000,2026-06-30 12:00:00 UTC,1782835199999,2026-06-30 15:59:59 UTC,True,0.03528,0.03528,0.03412,0.03471,-0.0005700000000000011,-1.6156462585034046,46.27906903388343,0.03526077,0.03527637,0.03416404,0.03465556,-0.0006052099999999949,-1.7163833915141244,1782835199999,2026-06-30 15:59:59 UTC,1782820800000,2026-06-30 12:00:00 UTC,0.0,0.0,5.443999999999588e-05,0.15708879037013362,0.0042561,0.0070556,-0.00096816,0.00137977,-0.00254094,-64.80815974657652,1782835199999,2026-06-30 15:59:59 UTC,6793,505.0,8.03117048346056,9655429.0,344026.0,3.694674153830524,334169.54753,3750.1138899999787,1.1349556073889464,binance_kline_quote_asset_volume,1421.3792138966583,49.19322059914618,0.0011600000000000013,3.2879818594104346,-0.0005700000000000011,-1.6156462585034046,0.0005700000000000011,1.6156462585034046,0.0,0.0,0.0005900000000000002,50.8620689655172,0.508620689655172,4220222.0,5435207.0,43.70828059530032,56.29171940469968,146122.56086,-19856.633380000014,-11.963326771720574,188046.98666999998,23606.747269999993,14.355821516761907,43.72707266118613,56.27292733881387,0.7764602157746706,0.7770534558813625,-41924.425809999986,-12.54585467762775,159577275.0,5626817.59100175,432060.0,0.27148789864652856,-43636.22964659985,-0.7695368135739541,1782820800000,2026-06-30 12:00:00 UTC,EXACT_CANDLE_OPEN,0.0,14399.999,159577275.0,432060.0,0.27148789864652856,159577275.0,432060.0,0.27148789864652856,5626817.59100175,-43636.22964659985,-0.7695368135739541,0.03526077,5626817.59100175,-43636.22964659985,-0.7695368135739541,5626817.591001749,-43590.077534250915,-0.768729165208418,5626817.591001749,-43590.077534250915,-0.768729165208418,5626817.591001749,-43590.077534250915,-0.768729165208418,sumOpenInterest * mark_open,5530239.828399001,-81342.99431654904,-1.449555266069933,0.0027112003590244586,-0.010428191541454503,-0.01731283998403777,-0.0077169911824300445,-0.014601639625013313,0.27148789864652856,-1.0374006466388328,-1.7163833915141244,0.0,1.7463575830256237,0.0,ALIGNED_OI_TIMESTAMP_MARK_OPEN,1,0.0,ALIGNED_OI_TIMESTAMP_MARK_OPEN,1,4.6593,-0.07139999999999969,-1.5092903798592108,82.33,17.669999999999998,1782820800000,2026-06-30 12:00:00 UTC,0.0,1.4236,-0.006799999999999917,-0.475391498881426,58.74,41.260000000000005,1782820800000,2026-06-30 12:00:00 UTC,0.0,4.3706,-0.005700000000000038,-0.13024701231634117,81.38,18.62,1782820800000,2026-06-30 12:00:00 UTC,0.0,-3.2357,-0.2887000000000004,2.9469999999999996,1782806400000,2026-06-30 08:00:00 UTC,5e-05,0.0356304,14400.0
FINAL_REAL_MARK_PREMIUM_OI_SYNC_AUDIT_2026_07_12,1782835200000,2026-06-30 16:00:00 UTC,LYNUSDT,1782835200000,2026-06-30 16:00:00 UTC,1782849599999,2026-06-30 19:59:59 UTC,True,0.03473,0.03504,0.0344,0.0347,-9.999999999996123e-06,-0.028810141169680562,46.211275647966374,0.03467601,0.03497,0.03444,0.03469355,3.7989999999994695e-05,0.10962165955475743,1782849599999,2026-06-30 19:59:59 UTC,1782835200000,2026-06-30 16:00:00 UTC,0.0,0.0,6.450000000005063e-06,0.01859135199483784,0.00119992,0.00456298,-0.00011858,0.00060082,-0.00077895,-56.45506135080485,1782849599999,2026-06-30 19:59:59 UTC,4508,-2285.0,-33.637568084793166,4067810.0,-5587619.0,-57.87023031291515,140913.61444,-193255.93308999998,-57.83170085917254,binance_kline_quote_asset_volume,902.3535936113576,31.258565758651287,0.0006400000000000017,1.8427872156636962,-2.9999999999995308e-05,-0.08638065073422202,2.9999999999995308e-05,0.08638065073422202,0.0003100000000000047,48.43750000000061,0.00030000000000000165,46.875000000000135,0.46875000000000133,1989183.0,2078627.0,48.90058778556521,51.09941221443479,68981.21178,-77141.34908,-52.79222361419542,71932.40266,-116114.58400999998,-61.74764406821749,48.95283685266032,51.04716314733968,0.9569696727695733,0.9589727192354566,-2951.190880000009,-2.0943262946793584,159842120.0,5539418.1801872,264845.0,0.16596661398059342,-87399.41081454977,-1.5532654009313627,1782835200000,2026-06-30 16:00:00 UTC,EXACT_CANDLE_OPEN,0.0,14399.999,159842120.0,264845.0,0.16596661398059342,159842120.0,264845.0,0.16596661398059342,5539418.1801872,-87399.41081454977,-1.5532654009313627,0.03465556,5539418.1801872,-87399.41081454977,-1.5532654009313627,5542686.9515412,-84130.63946054876,-1.4951726815365074,5542686.9515412,-84130.63946054876,-1.4951726815365074,5542686.9515412,-84130.63946054876,-1.4951726815365074,sumOpenInterest * mark_open,5545490.582326,15250.753926998936,0.2757702088918993,0.0016582904159092708,-0.016722921117551533,0.0010956161888790825,-0.015064630701642262,0.0027539066047883535,0.16596661398059342,-1.6583869268878608,0.10962165955475743,-0.0589744898562385,-0.10950162205941652,0.0,ALIGNED_OI_TIMESTAMP_MARK_OPEN,0,-0.0589744898562385,ALIGNED_OI_TIMESTAMP_MARK_OPEN,0,4.6818,0.022499999999999964,0.4829051574270805,82.39999999999999,17.599999999999998,1782835200000,2026-06-30 16:00:00 UTC,0.0,1.4181,-0.00550000000000006,-0.38634447878618017,58.650000000000006,41.349999999999994,1782835200000,2026-06-30 16:00:00 UTC,0.0,4.2854,-0.0851999999999995,-1.94938909989474,81.08,18.92,1782835200000,2026-06-30 16:00:00 UTC,0.0,-3.2637,-0.39639999999999986,2.8673,1782820800002,2026-06-30 12:00:00 UTC,0.00012643,0.03526077,14399.998
FINAL_REAL_MARK_PREMIUM_OI_SYNC_AUDIT_2026_07_12,1782849600000,2026-06-30 20:00:00 UTC,LYNUSDT,1782849600000,2026-06-30 20:00:00 UTC,1782863999999,2026-06-30 23:59:59 UTC,True,0.03469,0.03469,0.034,0.03459,-0.00010999999999999899,-0.31700288184437747,45.42303963536011,0.0346939,0.0346939,0.0340114,0.03453477,-0.00015877999999999726,-0.4576643208896099,1782863999999,2026-06-30 23:59:59 UTC,1782849600000,2026-06-30 20:00:00 UTC,0.0,0.0,5.523000000000333e-05,0.15992577914954503,7.388e-05,0.00609839,-0.00297232,0.00151015,0.0009093300000000001,151.34815751805868,1782863999999,2026-06-30 23:59:59 UTC,3115,-1393.0,-30.900621118012424,4049538.0,-18272.0,-0.44918518809875585,139144.56707,-1769.0473700000148,-1.2554126704011714,binance_kline_quote_asset_volume,1300.0121990369182,44.66920291171749,0.0006899999999999962,1.989045834534437,-9.999999999999593e-05,-0.28826751225135755,9.999999999999593e-05,0.28826751225135755,0.0,0.0,0.0005900000000000002,85.5072463768121,0.8550724637681211,2108915.0,1940623.0,52.07791604869494,47.92208395130506,72455.89591,3474.6841300000087,5.037145681177259,66688.67115999998,-5243.7315000000235,-7.289804463762121,52.07238589024416,47.92761410975584,1.0867206046717988,1.0864798270783242,5767.224750000023,4.144771780488334,159979708.0,5550263.9984834,137588.0,0.0860774369108718,10845.818296199664,0.19579345598048237,1782849600000,2026-06-30 20:00:00 UTC,EXACT_CANDLE_OPEN,0.0,14399.999,159979708.0,137588.0,0.0860774369108718,159979708.0,137588.0,0.0860774369108718,5550263.9984834,10845.818296199664,0.19579345598048237,0.03469355,5550263.9984834,10845.818296199664,0.19579345598048237,5550319.9913812,7633.03983999975,0.13771371009645975,5550319.9913812,7633.03983999975,0.13771371009645975,5550319.9913812,7633.03983999975,0.13771371009645975,sumOpenInterest * mark_open,5524862.42044716,-20628.161878840066,-0.3719808296958246,0.0008604041153061945,0.0005157856020459673,-0.004587148104119006,0.001376189717352162,-0.0037267439888128114,0.0860774369108718,0.05159186423120645,-0.4576643208896099,-0.00100882287665303,0.4597685173522142,0.0,ALIGNED_OI_TIMESTAMP_MARK_OPEN,0,-0.00100882287665303,ALIGNED_OI_TIMESTAMP_MARK_OPEN,0,4.5218,-0.16000000000000014,-3.417488999957284,81.89,18.11,1782849600000,2026-06-30 20:00:00 UTC,0.0,1.4236,0.00550000000000006,0.38784288837176933,58.74,41.260000000000005,1782849600000,2026-06-30 20:00:00 UTC,0.0,4.1626,-0.1227999999999998,-2.865543473188029,80.63,19.37,1782849600000,2026-06-30 20:00:00 UTC,0.0,-3.0982,-0.3591999999999995,2.7390000000000003,1782835200005,2026-06-30 16:00:00 UTC,0.00013234,0.03467601,14399.995
FINAL_REAL_MARK_PREMIUM_OI_SYNC_AUDIT_2026_07_12,1782864000000,2026-07-01 00:00:00 UTC,LYNUSDT,1782864000000,2026-07-01 00:00:00 UTC,1782878399999,2026-07-01 03:59:59 UTC,True,0.03458,0.03588,0.03449,0.03525,0.0006599999999999939,1.9080659150043189,50.84112883845375,0.03453477,0.03583,0.03449766,0.03525,0.0007152299999999973,2.0710431834351213,1782878399999,2026-07-01 03:59:59 UTC,1782864000000,2026-07-01 00:00:00 UTC,0.0,0.0,0.0,0.0,0.00139224,0.01339286,-0.00161661,0.00051313,-0.00099702,-66.02125616660595,1782878399999,2026-07-01 03:59:59 UTC,5636,2521.0,80.93097913322632,7788447.0,3738909.0,92.3292731170815,275006.66821,135862.10113999998,97.64096723348985,binance_kline_quote_asset_volume,1381.9103974449965,48.79465369233498,0.0013900000000000023,4.019664545980342,0.000669999999999997,1.937536148062455,0.000669999999999997,1.937536148062455,0.0006300000000000056,45.32374100719457,8.99999999999998e-05,6.474820143884867,0.5467625899280544,3991258.0,3797189.0,51.24587738736619,48.754122612633815,140882.90254,68427.00663,94.4395287237847,134123.76566999996,67435.09450999998,101.11926559191615,51.22890417785045,48.77109582214955,1.0511085963853788,1.0503947740822481,6759.136870000046,2.4578083557009056,160110596.0,5529382.60742292,130888.0,0.08181537623509101,-20881.391060479917,-0.3762233844405549,1782864000000,2026-07-01 00:00:00 UTC,EXACT_CANDLE_OPEN,0.0,14399.999,160110596.0,130888.0,0.08181537623509101,160110596.0,130888.0,0.08181537623509101,5529382.60742292,-20881.391060479917,-0.3762233844405549,0.03453477,5529382.60742292,-20881.391060479917,-0.3762233844405549,5529382.60742292,-20937.383958280087,-0.37722841188963246,5529382.60742292,-20937.383958280087,-0.37722841188963246,5529382.60742292,-20937.383958280087,-0.37722841188963246,sumOpenInterest * mark_open,5643898.509,119036.08855284005,2.15455299144274,0.0008178192570001862,-0.004597236383772138,0.020498886649754605,-0.003779417126771952,0.02131670590675479,0.08181537623509101,-0.4586685267438956,2.0710431834351213,0.0,-2.029021276595737,0.0,ALIGNED_OI_TIMESTAMP_MARK_OPEN,1,0.0,ALIGNED_OI_TIMESTAMP_MARK_OPEN,1,4.4025,-0.11929999999999996,-2.638329868636383,81.49,18.509999999999998,1782864000000,2026-07-01 00:00:00 UTC,0.0,1.4235,-9.999999999998899e-05,-0.007024445068838788,58.74,41.260000000000005,1782864000000,2026-07-01 00:00:00 UTC,0.0,4.0942,-0.06840000000000046,-1.6432037668764825,80.36999999999999,19.63,1782864000000,2026-07-01 00:00:00 UTC,0.0,-2.979,-0.3083,2.6707,1782864000000,2026-07-01 00:00:00 UTC,0.00036145,0.03453477,0.0
FINAL_REAL_MARK_PREMIUM_OI_SYNC_AUDIT_2026_07_12,1782878400000,2026-07-01 04:00:00 UTC,LYNUSDT,1782878400000,2026-07-01 04:00:00 UTC,1782892799999,2026-07-01 07:59:59 UTC,True,0.03526,0.03533,0.03481,0.03488,-0.00036999999999999533,-1.0496453900709088,47.96627810883322,0.03525,0.03528547,0.03484661,0.03488,-0.00036999999999999533,-1.0496453900709088,1782892799999,2026-07-01 07:59:59 UTC,1782878400000,2026-07-01 04:00:00 UTC,0.0,0.0,0.0,0.0,0.0,0.00256168,-0.00151659,0.00122104,0.0007079100000000001,137.95919162785262,1782892799999,2026-07-01 07:59:59 UTC,2895,-2741.0,-48.63378282469837,3315590.0,-4472857.0,-57.429382263241955,116298.17897,-158708.48923999997,-57.71077853239811,binance_kline_quote_asset_volume,1145.2815198618307,40.17208254576857,0.0005199999999999996,1.4747589336358469,-0.0003799999999999984,-1.077708451503115,0.0003799999999999984,1.077708451503115,7.000000000000062e-05,13.461538461538588,7.000000000000062e-05,13.461538461538588,0.13461538461538589,1333359.0,1982231.0,40.21483355903474,59.785166440965256,46792.00591,-94090.89663,-66.78659719073104,69506.17306,-64617.59260999996,-48.17758604316704,40.23451297725853,59.76548702274147,0.6726557096524068,0.6732064772089755,-22714.16715,-19.530974045482942,160212914.0,5647505.2185,102318.0,0.06390457755837721,118122.61107708048,2.1362712523909413,1782878400000,2026-07-01 04:00:00 UTC,EXACT_CANDLE_OPEN,0.0,14399.999,160212914.0,102318.0,0.06390457755837721,160212914.0,102318.0,0.06390457755837721,5647505.2185,118122.61107708048,2.1362712523909413,0.035250000000000004,5647505.2185,118122.61107708048,2.1362712523909413,5647505.2184999995,118122.61107707955,2.136271252390924,5647505.2184999995,118122.61107707955,2.136271252390924,5647505.2184999995,118122.61107707955,2.136271252390924,sumOpenInterest * mark_open,5588226.44032,-55672.06867999956,-0.9864115839649228,0.0006388416727815717,0.020498886649754605,-0.010551930217498638,0.021137728322536176,-0.009913088544717067,0.06390457755837721,2.0710431834351213,-1.0496453900709088,1.968480540115526e-14,1.0607798165137678,1.968480540115526e-14,ALIGNED_OI_TIMESTAMP_MARK_OPEN,1,1.968480540115526e-14,ALIGNED_OI_TIMESTAMP_MARK_OPEN,1,4.4348,0.03230000000000022,0.7336740488358936,81.6,18.4,1782878400000,2026-07-01 04:00:00 UTC,0.0,1.4198,-0.0037000000000000366,-0.25992272567615293,58.67,41.33,1782878400000,2026-07-01 04:00:00 UTC,0.0,4.2056,0.11139999999999972,2.7209222802989528,80.78999999999999,19.21,1782878400000,2026-07-01 04:00:00 UTC,0.0,-3.015,-0.22920000000000051,2.7857999999999996,1782864000000,2026-07-01 00:00:00 UTC,0.00036145,0.03453477,14400.0
FINAL_REAL_MARK_PREMIUM_OI_SYNC_AUDIT_2026_07_12,1782892800000,2026-07-01 08:00:00 UTC,LYNUSDT,1782892800000,2026-07-01 08:00:00 UTC,1782907199999,2026-07-01 11:59:59 UTC,True,0.03488,0.03494,0.03446,0.03485,-3.0000000000002247e-05,-0.08600917431193304,47.73060973159393,0.03488,0.03493833,0.03448366,0.03484,-3.999999999999837e-05,-0.11467889908256412,1782907199999,2026-07-01 11:59:59 UTC,1782892800000,2026-07-01 08:00:00 UTC,0.0,0.0,9.999999999996123e-06,0.02870264064292802,0.00130737,0.00466347,0.0,0.00105478,-0.0001662600000000001,-13.61626154753326,1782907199999,2026-07-01 11:59:59 UTC,2791,-104.0,-3.592400690846287,3765062.0,449472.0,13.556320292919208,130550.43216,14252.253190000003,12.254923779740766,binance_kline_quote_asset_volume,1349.0010748835543,46.77550417771408,0.00048000000000000126,1.3761467889908292,-3.0000000000002247e-05,-0.08600917431193304,3.0000000000002247e-05,0.08600917431193304,5.9999999999997555e-05,12.499999999999458,0.00039000000000000146,81.25000000000009,0.8125000000000009,1673978.0,2091084.0,44.46083490789793,55.539165092102074,58072.89722,11280.891309999999,24.10858669255968,72477.53494,2971.3618799999967,4.274961128179249,44.48311373556161,55.51688626443839,0.8005312077372311,0.8012537577067878,-14404.637719999999,-11.033772528876781,160206967.0,5588019.00896,-5947.0,-0.003711935481056165,-59486.209540000185,-1.053318363392322,1782892800000,2026-07-01 08:00:00 UTC,EXACT_CANDLE_OPEN,0.0,14399.999,160206967.0,-5947.0,-0.003711935481056165,160206967.0,-5947.0,-0.003711935481056165,5588019.00896,-59486.209540000185,-1.053318363392322,0.03488,5588019.00896,-59486.209540000185,-1.053318363392322,5588019.00896,-59486.209539999254,-1.0533183633923058,5588019.00896,-59486.209539999254,-1.0533183633923058,5588019.00896,-59486.209539999254,-1.0533183633923058,sumOpenInterest * mark_open,5581610.730280001,-6615.710039999336,-0.11838657775686875,-3.712004375084369e-05,-0.010551930217498638,-0.0011474470564767983,-0.010589050261249481,-0.001184567100227642,-0.003711935481056165,-1.0496453900709088,-0.11467889908256412,0.0,0.11481056257175191,0.0,ALIGNED_OI_TIMESTAMP_MARK_OPEN,0,0.0,ALIGNED_OI_TIMESTAMP_MARK_OPEN,0,4.5586,0.12380000000000013,2.791557680165963,82.01,17.990000000000002,1782892800000,2026-07-01 08:00:00 UTC,0.0,1.4203,0.0004999999999999449,0.03521622763769157,58.68,41.32,1782892800000,2026-07-01 08:00:00 UTC,0.0,4.2882,0.08260000000000023,1.9640479360852252,81.08999999999999,18.91,1782892800000,2026-07-01 08:00:00 UTC,0.0,-3.1383,-0.2704000000000004,2.8678999999999997,1782892800000,2026-07-01 08:00:00 UTC,8.03e-05,0.03488,0.0
FINAL_REAL_MARK_PREMIUM_OI_SYNC_AUDIT_2026_07_12,1782907200000,2026-07-01 12:00:00 UTC,LYNUSDT,1782907200000,2026-07-01 12:00:00 UTC,1782921599999,2026-07-01 15:59:59 UTC,True,0.03483,0.03504,0.03437,0.03501,0.00016000000000000042,0.45911047345767697,49.16514198246036,0.03484,0.03501,0.03442174,0.03501,0.00016999999999999654,0.4879448909299556,1782921599999,2026-07-01 15:59:59 UTC,1782907200000,2026-07-01 12:00:00 UTC,0.0,0.0,0.0,0.0,0.00105478,0.00478093,0.0,0.00478093,0.00372615,353.26323972771576,1782921599999,2026-07-01 15:59:59 UTC,4656,1865.0,66.82192762450735,5177951.0,1412889.0,37.52631430770595,179604.90443,49054.47227,37.57511289574271,binance_kline_quote_asset_volume,1112.1028780068727,38.57493651847079,0.0006700000000000039,1.9236290554120123,0.0001799999999999996,0.5167958656330738,0.0001799999999999996,0.5167958656330738,3.0000000000002247e-05,4.477611940298817,0.0004600000000000021,68.65671641791036,0.9552238805970118,2255604.0,2922347.0,43.56171002776967,56.43828997223033,78298.59107,20225.693849999996,34.82811228339125,101306.31336,28828.778420000002,39.776157458812165,43.594907009076934,56.405092990923066,0.7718467382552449,0.7728895512341838,-23007.722290000005,-12.810185981846134,160125769.0,5578781.79196,-81198.0,-0.05068318907753869,-9237.217000000179,-0.16530396523685664,1782907200000,2026-07-01 12:00:00 UTC,EXACT_CANDLE_OPEN,0.0,14399.999,160125769.0,-81198.0,-0.05068318907753869,160125769.0,-81198.0,-0.05068318907753869,5578781.79196,-9237.217000000179,-0.16530396523685664,0.03484,5578781.79196,-9237.217000000179,-0.16530396523685664,5578781.79196,-9237.217000000179,-0.16530396523685664,5578781.79196,-9237.217000000179,-0.16530396523685664,5578781.79196,-9237.217000000179,-0.16530396523685664,sumOpenInterest * mark_open,5606003.172689999,24392.442409998737,0.43701439582074,-0.0005069603734727231,-0.0011474470564767983,0.004867582982272195,-0.0016544074299495214,0.0043606226087994715,-0.05068318907753869,-0.11467889908256412,0.4879448909299556,0.0,-0.48557554984289214,0.0,ALIGNED_OI_TIMESTAMP_MARK_OPEN,0,0.0,ALIGNED_OI_TIMESTAMP_MARK_OPEN,0,4.5432,-0.015400000000000524,-0.3378230158382074,81.96,18.04,1782907200000,2026-07-01 12:00:00 UTC,0.0,1.4204,0.00010000000000021103,0.007040766035359504,58.68,41.32,1782907200000,2026-07-01 12:00:00 UTC,0.0,4.2826,-0.005599999999999383,-0.13059092393077243,81.07,18.93,1782907200000,2026-07-01 12:00:00 UTC,0.0,-3.1228,-0.2605999999999993,2.8622000000000005,1782907200000,2026-07-01 12:00:00 UTC,0.00017952,0.03484,0.0
FINAL_REAL_MARK_PREMIUM_OI_SYNC_AUDIT_2026_07_12,1782921600000,2026-07-01 16:00:00 UTC,LYNUSDT,1782921600000,2026-07-01 16:00:00 UTC,1782935999999,2026-07-01 19:59:59 UTC,True,0.03503,0.03508,0.0343,0.03432,-0.0006899999999999962,-1.970865467009415,43.606963141247405,0.03501,0.03506,0.0343,0.03432,-0.0006899999999999962,-1.970865467009415,1782935999999,2026-07-01 19:59:59 UTC,1782921600000,2026-07-01 16:00:00 UTC,0.0,0.0,0.0,0.0,0.00405901,0.00405901,-0.00091681,0.00082792,-0.00395301,-82.68286714091191,1782935999999,2026-07-01 19:59:59 UTC,4699,43.0,0.9235395189003437,5951539.0,773588.0,14.940040954423864,206450.16143,26845.257000000012,14.946839611756149,binance_kline_quote_asset_volume,1266.5543732709086,43.93491411576932,0.0007800000000000029,2.226662860405375,-0.0007099999999999954,-2.026834142163846,0.0007099999999999954,2.026834142163846,5.000000000000143e-05,6.41025641025657,2.0000000000006124e-05,2.5641025641033397,0.025641025641033398,2670177.0,3281362.0,44.8653197097423,55.1346802902577,92713.93322,14415.342150000011,18.41072994163139,113736.22821,12429.914850000001,12.269634969174444,44.90862713683856,55.09137286316144,0.813740452897303,0.8151662375229737,-21022.294989999995,-10.182745726322871,159995174.0,5601431.04174,-130595.0,-0.08155776600829313,22649.249780000187,0.4059891679692817,1782921600000,2026-07-01 16:00:00 UTC,EXACT_CANDLE_OPEN,0.0,14399.999,159995174.0,-130595.0,-0.08155776600829313,159995174.0,-130595.0,-0.08155776600829313,5601431.04174,22649.249780000187,0.4059891679692817,0.03501,5601431.04174,22649.249780000187,0.4059891679692817,5601431.04174,22649.249780000187,0.4059891679692817,5601431.04174,22649.249780000187,0.4059891679692817,5601431.04174,22649.249780000187,0.4059891679692817,sumOpenInterest * mark_open,5491034.371680001,-114968.80100999866,-2.0508158391717735,-0.0008159104244851461,0.004867582982272195,-0.01990546034681271,0.004051672557787048,-0.020721370771297855,-0.08155776600829313,0.4879448909299556,-1.970865467009415,0.0,2.0104895104894993,0.0,ALIGNED_OI_TIMESTAMP_MARK_OPEN,1,0.0,ALIGNED_OI_TIMESTAMP_MARK_OPEN,1,4.4825,-0.060699999999999754,-1.3360626870927927,81.76,18.240000000000002,1782921600000,2026-07-01 16:00:00 UTC,0.0,1.4214,0.0009999999999998899,0.07040270346380526,58.699999999999996,41.3,1782921600000,2026-07-01 16:00:00 UTC,0.0,4.3022,0.019599999999999618,0.45766590389015127,81.14,18.86,1782921600000,2026-07-01 16:00:00 UTC,0.0,-3.0610999999999997,-0.1802999999999999,2.8808,1782921600000,2026-07-01 16:00:00 UTC,0.00029415,0.03501,0.0
FINAL_REAL_MARK_PREMIUM_OI_SYNC_AUDIT_2026_07_12,1782936000000,2026-07-01 20:00:00 UTC,LYNUSDT,1782936000000,2026-07-01 20:00:00 UTC,1782950399999,2026-07-01 23:59:59 UTC,True,0.03432,0.03488,0.0342,0.0342,-0.00012000000000000205,-0.3496503496503556,42.70279671505845,0.03432,0.03488,0.03422,0.03422217,-9.783000000000014e-05,-0.2850524475524479,1782950399999,2026-07-01 23:59:59 UTC,1782936000000,2026-07-01 20:00:00 UTC,0.0,0.0,-2.217000000000191e-05,-0.06478256638898676,0.00082792,0.00681322,-0.00068588,0.0,-0.00082792,-100.0,1782950399999,2026-07-01 23:59:59 UTC,3658,-1041.0,-22.15364971270483,3673634.0,-2277905.0,-38.27421781156101,126902.22942,-79547.93201,-38.53130046448131,binance_kline_quote_asset_volume,1004.273920174959,34.69169749043193,0.00068,1.9813519813519813,-0.00012000000000000205,-0.3496503496503556,0.00012000000000000205,0.3496503496503556,0.000559999999999998,82.35294117647028,0.0,0.0,0.0,1744115.0,1929519.0,47.476558633767,52.523441366233,60242.82469,-32471.108530000005,-35.02290044469327,66659.40473000001,-47076.82347999999,-41.39122970833744,47.471841090055456,52.52815890994456,0.9039118039262635,0.9037408139783127,-6416.580040000008,-5.056317819889101,159563764.0,5476228.38048,-431410.0,-0.2696393829978897,-125202.66126000043,-2.2351906205223604,1782936000000,2026-07-01 20:00:00 UTC,EXACT_CANDLE_OPEN,0.0,14399.999,159563764.0,-431410.0,-0.2696393829978897,159563764.0,-431410.0,-0.2696393829978897,5476228.38048,-125202.66126000043,-2.2351906205223604,0.034319999999999996,5476228.38048,-125202.66126000043,-2.2351906205223604,5476228.380480001,-125202.6612599995,-2.2351906205223435,5476228.380480001,-125202.6612599995,-2.2351906205223435,5476228.380480001,-125202.6612599995,-2.2351906205223435,sumOpenInterest * mark_open,5460618.257447881,-30416.114232120104,-0.5539232168895383,-0.002700035647811931,-0.01990546034681271,-0.0028545949575967187,-0.022605495994624643,-0.00555463060540865,-0.2696393829978897,-1.970865467009415,-0.2850524475524479,-2.0218222330732017e-14,0.2858673193429674,-2.0218222330732017e-14,ALIGNED_OI_TIMESTAMP_MARK_OPEN,0,-2.0218222330732017e-14,ALIGNED_OI_TIMESTAMP_MARK_OPEN,0,4.7045,0.22200000000000042,4.952593418851097,82.47,17.53,1782936000000,2026-07-01 20:00:00 UTC,0.0,1.4236,0.0021999999999999797,0.15477698044181648,58.74,41.260000000000005,1782936000000,2026-07-01 20:00:00 UTC,0.0,4.5648,0.26259999999999994,6.103853842220258,82.03,17.97,1782936000000,2026-07-01 20:00:00 UTC,0.0,-3.2809000000000004,-0.13970000000000038,3.1412,1782936000000,2026-07-01 20:00:00 UTC,5e-05,0.03432,0.0
FINAL_REAL_MARK_PREMIUM_OI_SYNC_AUDIT_2026_07_12,1782950400000,2026-07-02 00:00:00 UTC,LYNUSDT,1782950400000,2026-07-02 00:00:00 UTC,1782964799999,2026-07-02 03:59:59 UTC,True,0.03423,0.03507,0.034,0.03502,0.0008200000000000013,2.397660818713454,50.288058113988164,0.03422217,0.03505,0.03417229,0.03501578,0.0007936100000000001,2.3189937984645628,1782964799999,2026-07-02 03:59:59 UTC,1782950400000,2026-07-02 00:00:00 UTC,0.0,0.0,4.219999999999224e-06,0.012051709257938062,0.0,0.0054794,-0.00161633,0.00113823,0.00113823,,1782964799999,2026-07-02 03:59:59 UTC,5156,1498.0,40.95133952979771,6779528.0,3105894.0,84.5455480867174,233872.14044,106969.91101999999,84.2931692444651,binance_kline_quote_asset_volume,1314.8813033359193,45.35922041117145,0.0010699999999999946,3.125912941863847,0.000790000000000006,2.30791703184343,0.000790000000000006,2.30791703184343,4.999999999999449e-05,4.672897196261191,0.0002299999999999941,21.495327102803298,0.9532710280373881,3180099.0,3599429.0,46.90738057280684,53.09261942719316,109959.61164,49716.78695,82.52731708022438,123912.52879999999,57253.124069999976,85.88904191674135,47.016977495962244,52.983022504037756,0.8835009664032824,0.8873970429372757,-13952.917159999983,-5.966045008075517,159446903.0,5456619.02043951,-116861.0,-0.07323780604724266,-19609.360040489584,-0.35808148744101126,1782950400000,2026-07-02 00:00:00 UTC,EXACT_CANDLE_OPEN,0.0,14399.999,159446903.0,-116861.0,-0.07323780604724266,159446903.0,-116861.0,-0.07323780604724266,5456619.02043951,-19609.360040489584,-0.35808148744101126,0.03422217,5456619.02043951,-19609.360040489584,-0.35808148744101126,5456619.02043951,-19609.360040490516,-0.3580814874410282,5456619.02043951,-19609.360040490516,-0.3580814874410282,5456619.02043951,-19609.360040490516,-0.3580814874410282,sumOpenInterest * mark_open,5583157.67712934,122539.41968145967,2.2440576122369467,-0.000732646380299871,-0.0028545949575967187,0.022925137364562965,-0.0035872413378965897,0.022192490984263093,-0.07323780604724266,-0.2850524475524479,2.3189937984645628,0.0,-2.2664353043113703,0.0,ALIGNED_OI_TIMESTAMP_MARK_OPEN,1,0.0,ALIGNED_OI_TIMESTAMP_MARK_OPEN,1,4.7703,0.06579999999999941,1.3986608566266217,82.67,17.330000000000002,1782950400000,2026-07-02 00:00:00 UTC,0.0,1.423,-0.0005999999999999339,-0.04214667041303273,58.730000000000004,41.27,1782950400000,2026-07-02 00:00:00 UTC,0.0,4.6593,0.09450000000000003,2.07018927444795,82.33,17.669999999999998,1782950400000,2026-07-02 00:00:00 UTC,0.0,-3.3472999999999997,-0.11099999999999977,3.2363,1782950400000,2026-07-02 00:00:00 UTC,5e-05,0.03422217,0.0
FINAL_REAL_MARK_PREMIUM_OI_SYNC_AUDIT_2026_07_12,1782964800000,2026-07-02 04:00:00 UTC,LYNUSDT,1782964800000,2026-07-02 04:00:00 UTC,1782979199999,2026-07-02 07:59:59 UTC,True,0.03501,0.03563,0.0346,0.03472,-0.00030000000000000165,-0.8566533409480344,47.795113060036265,0.03501578,0.03563,0.03463406,0.03471,-0.0003057800000000055,-0.8732634258040389,1782979199999,2026-07-02 07:59:59 UTC,1782964800000,2026-07-02 04:00:00 UTC,0.0,0.0,1.0000000000003062e-05,0.028810141169700557,0.00113839,0.00654988,-0.00050147,0.0,-0.00113823,-100.0,1782979199999,2026-07-02 07:59:59 UTC,5751,595.0,11.539953452288595,6813150.0,33622.0,0.49593423022959704,239070.68284,5198.542400000006,2.22281388036199,binance_kline_quote_asset_volume,1184.6896191966614,41.57028044513997,0.0010300000000000031,2.942016566695239,-0.0002899999999999986,-0.8283347614967111,0.0002899999999999986,0.8283347614967111,0.0006200000000000025,60.194174757281615,0.00012000000000000205,11.650485436893367,0.11650485436893368,3111091.0,3702059.0,45.66303398574815,54.33696601425185,109321.17425,-638.4373900000064,-0.5806108083486192,129749.50859,5836.979790000012,4.710564659221136,45.727553437894386,54.272446562105614,0.8403677521076784,0.8425555937591085,-20428.33434,-8.544893124211232,160907781.0,5634311.45978418,1460878.0,0.9162159769261871,177692.4393446697,3.256456767076204,1782964800000,2026-07-02 04:00:00 UTC,EXACT_CANDLE_OPEN,0.0,14399.999,160907781.0,1460878.0,0.9162159769261871,160907781.0,1460878.0,0.9162159769261871,5634311.45978418,177692.4393446697,3.256456767076204,0.035015779999999996,5634311.45978418,177692.4393446697,3.256456767076204,5634311.459784181,177692.43934467062,3.2564567670762203,5634311.459784181,177692.43934467062,3.2564567670762203,5634311.459784181,177692.43934467062,3.2564567670762203,sumOpenInterest * mark_open,5585109.078509999,1951.401380659081,0.034951572094278044,0.009120441807584978,0.022925137364562965,-0.008770987153033021,0.03204557917214794,0.0003494546545519568,0.9162159769261871,2.3189937984645628,-0.8732634258040389,-1.9816476753929877e-14,0.8809564966868296,-1.9816476753929877e-14,ALIGNED_OI_TIMESTAMP_MARK_OPEN,1,-1.9816476753929877e-14,ALIGNED_OI_TIMESTAMP_MARK_OPEN,1,4.8548,0.08450000000000024,1.7713770622392773,82.92,17.080000000000002,1782964800000,2026-07-02 04:00:00 UTC,0.0,1.468,0.04499999999999993,3.162333099086432,59.48,40.52,1782964800000,2026-07-02 04:00:00 UTC,0.0,4.5525,-0.10679999999999978,-2.292189813920541,81.99,18.01,1782964800000,2026-07-02 04:00:00 UTC,0.0,-3.3868,-0.3022999999999998,3.0845000000000002,1782950400000,2026-07-02 00:00:00 UTC,5e-05,0.03422217,14400.0
FINAL_REAL_MARK_PREMIUM_OI_SYNC_AUDIT_2026_07_12,1782979200000,2026-07-02 08:00:00 UTC,LYNUSDT,1782979200000,2026-07-02 08:00:00 UTC,1782993599999,2026-07-02 11:59:59 UTC,True,0.0347,0.03526,0.03466,0.03481,8.99999999999998e-05,0.2592165898617506,48.618045904171886,0.03471,0.03523881,0.03466897,0.03480397,9.396999999999878e-05,0.2707288965715897,1782993599999,2026-07-02 11:59:59 UTC,1782979200000,2026-07-02 08:00:00 UTC,0.0,0.0,6.030000000004088e-06,0.01732560969338868,0.0,0.00445926,0.0,0.0,0.0,,1782993599999,2026-07-02 11:59:59 UTC,3465,-2286.0,-39.749608763693274,3410685.0,-3402465.0,-49.93967548050461,119226.86688,-119843.81595999999,-50.129030685124384,binance_kline_quote_asset_volume,984.3246753246754,34.40890819047619,0.0005999999999999964,1.7291066282420644,0.00010999999999999899,0.31700288184437747,0.00010999999999999899,0.31700288184437747,0.000449999999999999,75.00000000000028,3.999999999999837e-05,6.666666666666435,0.2499999999999971,1671664.0,1739021.0,49.01255906071654,50.98744093928346,58414.86848,-50906.30577,-46.56582415917473,60811.998400000004,-68937.51019,-53.131230275282235,48.99471906679697,51.00528093320303,0.9612672877440813,0.9605813000218719,-2397.1299200000067,-2.0105618664060683,160339740.0,5565392.3754,-568041.0,-0.3530227043526254,-68919.08438417967,-1.2232033119947472,1782979200000,2026-07-02 08:00:00 UTC,EXACT_CANDLE_OPEN,0.0,14399.999,160339740.0,-568041.0,-0.3530227043526254,160339740.0,-568041.0,-0.3530227043526254,5565392.3754,-68919.08438417967,-1.2232033119947472,0.034710000000000005,5565392.3754,-68919.08438417967,-1.2232033119947472,5565392.375399999,-68919.08438418154,-1.22320331199478,5565392.375399999,-68919.08438418154,-1.22320331199478,5565392.375399999,-68919.08438418154,-1.22320331199478,sumOpenInterest * mark_open,5580459.500767799,-4649.577742200345,-0.08324954225317947,-0.0035364729991091497,-0.008770987153033021,0.0027036308598229553,-0.012307460152142171,-0.0008328421392861944,-0.3530227043526254,-0.8732634258040389,0.2707288965715897,1.9991051293308063e-14,-0.2699979341436964,1.9991051293308063e-14,ALIGNED_OI_TIMESTAMP_MARK_OPEN,0,1.9991051293308063e-14,ALIGNED_OI_TIMESTAMP_MARK_OPEN,0,5.135,0.2801999999999998,5.77160748125566,83.7,16.3,1782979200000,2026-07-02 08:00:00 UTC,0.0,1.4673,-0.0006999999999999229,-0.04768392370571682,59.47,40.53,1782979200000,2026-07-02 08:00:00 UTC,0.0,4.8617,0.3091999999999997,6.791872597473908,82.94,17.06,1782979200000,2026-07-02 08:00:00 UTC,0.0,-3.6677,-0.2732999999999999,3.3944,1782979200000,2026-07-02 08:00:00 UTC,5e-05,0.03471,0.0
FINAL_REAL_MARK_PREMIUM_OI_SYNC_AUDIT_2026_07_12,1782993600000,2026-07-02 12:00:00 UTC,LYNUSDT,1782993600000,2026-07-02 12:00:00 UTC,1783007999999,2026-07-02 15:59:59 UTC,True,0.0348,0.03497,0.0343,0.03464,-0.00017000000000000348,-0.48836541223787266,47.10749844723552,0.0348042,0.03496,0.03432796,0.03464857,-0.00015539999999999998,-0.44650078712284835,1783007999999,2026-07-02 15:59:59 UTC,1782993600000,2026-07-02 12:00:00 UTC,0.0,0.0,-8.569999999999411e-06,-0.024734065504000344,0.0,0.00575405,-0.00117966,0.00282291,0.00282291,,1783007999999,2026-07-02 15:59:59 UTC,4830,1365.0,39.39393939393939,5176557.0,1765872.0,51.774702149275,179297.78959,60070.92271,50.38371323676605,binance_kline_quote_asset_volume,1071.7509316770186,37.12169556728779,0.0006700000000000039,1.9252873563218502,-0.00016000000000000042,-0.45977011494252995,0.00016000000000000042,0.45977011494252995,0.00017000000000000348,25.37313432835858,0.00034,50.74626865671612,0.5074626865671612,2405704.0,2770853.0,46.47305148962911,53.526948510370886,83356.19752,24941.329040000004,42.696884695613726,95941.59207,35129.593669999995,57.76753698987138,46.490365391904994,53.509634608095006,0.8682178376117391,0.8688223295188018,-12585.394549999997,-7.019269216190005,160095442.0,5571993.7824564,-244298.0,-0.1523627267949917,6601.407056399621,0.11861530348837551,1782993600000,2026-07-02 12:00:00 UTC,EXACT_CANDLE_OPEN,0.0,14399.999,160095442.0,-244298.0,-0.1523627267949917,160095442.0,-244298.0,-0.1523627267949917,5571993.7824564,6601.407056399621,0.11861530348837551,0.0348042,5571993.7824564,6601.407056399621,0.11861530348837551,5571993.7824564,6601.407056400552,0.11861530348839228,5571993.7824564,6601.407056400552,0.11861530348839228,5571993.7824564,6601.407056400552,0.11861530348839228,sumOpenInterest * mark_open,5547078.128817939,-33381.371949859895,-0.5981832131434167,-0.0015247891683278243,0.0027102392794956984,-0.004475005790498919,0.0011854501111678742,-0.005999794958826743,-0.1523627267949917,0.2713915298185037,-0.44650078712284835,0.0,0.44916716620629316,0.0006608441508363508,ALIGNED_OI_TIMESTAMP_MARK_OPEN,0,0.0,ALIGNED_OI_TIMESTAMP_MARK_OPEN,0,5.192,0.057000000000000384,1.1100292112950416,83.85000000000001,16.150000000000002,1782993600000,2026-07-02 12:00:00 UTC,0.0,1.4721,0.0047999999999999154,0.32713146595787607,59.550000000000004,40.45,1782993600000,2026-07-02 12:00:00 UTC,0.0,4.9809,0.1192000000000002,2.451817265565547,83.28,16.72,1782993600000,2026-07-02 12:00:00 UTC,0.0,-3.7199,-0.21110000000000007,3.5088,1782979200000,2026-07-02 08:00:00 UTC,5e-05,0.03471,14400.0
FINAL_REAL_MARK_PREMIUM_OI_SYNC_AUDIT_2026_07_12,1783008000000,2026-07-02 16:00:00 UTC,LYNUSDT,1783008000000,2026-07-02 16:00:00 UTC,1783022399999,2026-07-02 19:59:59 UTC,True,0.03466,0.0348,0.0345,0.03462,-1.9999999999999185e-05,-0.05773672055427018,46.922790126211,0.03464,0.0347841,0.0345,0.03460413,-4.443999999999976e-05,-0.12825926149333078,1783022399999,2026-07-02 19:59:59 UTC,1783008000000,2026-07-02 16:00:00 UTC,0.0,0.0,1.587000000000116e-05,0.04586157779433022,0.0028612,0.00393295,0.0,0.00154785,-0.0012750600000000002,-45.16828379225693,1783022399999,2026-07-02 19:59:59 UTC,2729,-2101.0,-43.49896480331263,2477396.0,-2699161.0,-52.14201253844979,85812.96817,-93484.82142000001,-52.139416572714936,binance_kline_quote_asset_volume,907.803591058996,31.444839930377427,0.0002999999999999947,0.865551067512968,-4.000000000000531e-05,-0.11540680900174641,4.000000000000531e-05,0.11540680900174641,0.0001399999999999943,46.666666666665584,0.00011999999999999511,39.999999999999076,0.39999999999999075,1225562.0,1251834.0,49.46976583477167,50.53023416522833,42450.52671,-40905.67081,-49.07334070773242,43362.441459999995,-52579.150610000004,-54.80329174821041,49.468661456743085,50.53133854325691,0.9790131918449251,0.9789699398996895,-911.9147499999963,-1.06267708651383,160664789.0,5566805.18820173,569347.0,0.3556297374162595,-5188.594254669733,-0.09311916806164049,1783008000000,2026-07-02 16:00:00 UTC,EXACT_CANDLE_OPEN,0.0,14399.999,160664789.0,569347.0,0.3556297374162595,160664789.0,569347.0,0.3556297374162595,5566805.18820173,-5188.594254669733,-0.09311916806164049,0.034648570000000004,5566805.18820173,-5188.594254669733,-0.09311916806164049,5565428.29096,-6565.491496399976,-0.11783020140962172,5565428.29096,-6565.491496399976,-0.11783020140962172,5565428.29096,-6565.491496399976,-0.11783020140962172,sumOpenInterest * mark_open,5559665.244978569,12587.116160630248,0.22691434784807177,0.0035499887012428316,-0.00472898545895621,-0.0012834158408255478,-0.001178996757713378,0.002266572860417284,0.3556297374162595,-0.4717821412358371,-0.12825926149333078,0.024740184757524108,0.12842397713800838,2.0026494322585982e-14,ALIGNED_OI_TIMESTAMP_MARK_OPEN,0,0.024740184757524108,ALIGNED_OI_TIMESTAMP_MARK_OPEN,0,5.0168,-0.17520000000000024,-3.374422187981515,83.38,16.619999999999997,1783008000000,2026-07-02 16:00:00 UTC,0.0,1.4686,-0.0035000000000000586,-0.23775558725630452,59.489999999999995,40.510000000000005,1783008000000,2026-07-02 16:00:00 UTC,0.0,4.8754,-0.10550000000000015,-2.118091108032688,82.98,17.02,1783008000000,2026-07-02 16:00:00 UTC,0.0,-3.5482,-0.14139999999999997,3.4068,1783008000000,2026-07-02 16:00:00 UTC,8.81e-05,0.03464,0.0
FINAL_REAL_MARK_PREMIUM_OI_SYNC_AUDIT_2026_07_12,1783022400000,2026-07-02 20:00:00 UTC,LYNUSDT,1783022400000,2026-07-02 20:00:00 UTC,1783036799999,2026-07-02 23:59:59 UTC,True,0.03462,0.03482,0.034,0.03437,-0.0002500000000000002,-0.722125938763721,44.57025439965662,0.03460413,0.03480693,0.03407732,0.03437,-0.00023412999999999906,-0.67659553931857,1783036799999,2026-07-02 23:59:59 UTC,1783022400000,2026-07-02 20:00:00 UTC,0.0,0.0,0.0,0.0,0.00154785,0.00479303,-0.00401458,0.00205603,0.00050818,32.83134670672223,1783036799999,2026-07-02 23:59:59 UTC,4294,1565.0,57.34701355807989,7559181.0,5081785.0,205.12606785511883,259715.259,173902.29083,202.65269287211981,binance_kline_quote_asset_volume,1760.405449464369,60.48329273404751,0.0008199999999999943,2.3685730791449866,-0.0002500000000000002,-0.722125938763721,0.0002500000000000002,0.722125938763721,0.0001999999999999988,24.390243902439046,0.00036999999999999533,45.121951219511935,0.45121951219511935,3108228.0,4450953.0,41.118581497122506,58.881418502877494,106922.1379,64471.61119,151.87470259306002,152793.1211,109430.67963999999,252.36281896383792,41.16898572370752,58.83101427629248,0.6983286500666261,0.6997837149358421,-45870.98319999999,-17.662028552584964,160729928.0,5561919.32340264,65139.0,0.04054341987776799,-4885.86479908973,-0.087767842306478,1783022400000,2026-07-02 20:00:00 UTC,EXACT_CANDLE_OPEN,0.0,14399.999,160729928.0,65139.0,0.04054341987776799,160729928.0,65139.0,0.04054341987776799,5561919.32340264,-4885.86479908973,-0.087767842306478,0.034604130000000004,5561919.32340264,-4885.86479908973,-0.087767842306478,5561919.3234026395,-3508.967557360418,-0.06304937147532888,5561919.3234026395,-3508.967557360418,-0.06304937147532888,5561919.3234026395,-3508.967557360418,-0.06304937147532888,sumOpenInterest * mark_open,5524287.62536,-35377.6196185695,-0.636326434411176,0.00040535203254073664,-0.0010360445920408728,-0.006788948240451012,-0.0006306925595001361,-0.006383596207910275,0.04054341987776799,-0.10355080831408878,-0.67659553931857,2.0052213143076358e-14,0.6812045388420309,2.0052213143076358e-14,ALIGNED_OI_TIMESTAMP_MARK_OPEN,1,2.0052213143076358e-14,ALIGNED_OI_TIMESTAMP_MARK_OPEN,1,5.0864,0.06960000000000033,1.387338542497216,83.57,16.43,1783022400000,2026-07-02 20:00:00 UTC,0.0,1.4657,-0.0028999999999999027,-0.1974669753506675,59.440000000000005,40.56,1783022400000,2026-07-02 20:00:00 UTC,0.0,4.8824,0.006999999999999673,0.14357796283381205,83.0,17.0,1783022400000,2026-07-02 20:00:00 UTC,0.0,-3.6207000000000003,-0.20400000000000063,3.4166999999999996,1783008000000,2026-07-02 16:00:00 UTC,8.81e-05,0.03464,14400.0
FINAL_REAL_MARK_PREMIUM_OI_SYNC_AUDIT_2026_07_12,1783036800000,2026-07-03 00:00:00 UTC,LYNUSDT,1783036800000,2026-07-03 00:00:00 UTC,1783051199999,2026-07-03 03:59:59 UTC,True,0.03437,0.0348,0.03424,0.03457,0.0001999999999999988,0.5819028222286843,46.86537083790943,0.03437,0.03479193,0.03427,0.03457,0.0001999999999999988,0.5819028222286843,1783051199999,2026-07-03 03:59:59 UTC,1783036800000,2026-07-03 00:00:00 UTC,0.0,0.0,0.0,0.0,0.0019942,0.00478658,-0.00066809,0.00147582,-0.0005802099999999998,-28.219918970053932,1783051199999,2026-07-03 03:59:59 UTC,3177,-1117.0,-26.0130414531905,3396416.0,-4162765.0,-55.06899490831083,117520.05239,-142195.20661,-54.75042442924002,binance_kline_quote_asset_volume,1069.0638967579478,36.9908883821215,0.000559999999999998,1.6293279022403202,0.0001999999999999988,0.5819028222286843,0.0001999999999999988,0.5819028222286843,0.00023000000000000104,41.0714285714289,0.00012999999999999817,23.21428571428547,0.589285714285711,1869435.0,1526981.0,55.04140246660009,44.95859753339991,64692.74145,-42229.39645,-39.49546584028788,52827.310939999996,-99965.81016,-65.42559602180938,55.04825783714919,44.95174216285081,1.2242686713194204,1.2246078836660166,11865.430510000006,10.09651567429837,160894066.0,5529929.04842,164138.0,0.10212037175802131,-31990.27498264052,-0.575166109440611,1783036800000,2026-07-03 00:00:00 UTC,EXACT_CANDLE_OPEN,0.0,14399.999,160894066.0,164138.0,0.10212037175802131,160894066.0,164138.0,0.10212037175802131,5529929.04842,-31990.27498264052,-0.575166109440611,0.03437,5529929.04842,-31990.27498264052,-0.575166109440611,5529929.04842,-31990.27498263959,-0.5751661094405943,5529929.04842,-31990.27498263959,-0.5751661094405943,5529929.04842,-31990.27498263959,-0.5751661094405943,sumOpenInterest * mark_open,5562107.86162,37820.236259999685,0.6846174353120338,0.0010206826437820595,-0.006788948240451012,0.005802163071790521,-0.005768265596668952,0.006822845715572581,0.10212037175802131,-0.67659553931857,0.5819028222286843,0.0,-0.5785363031530194,0.0,ALIGNED_OI_TIMESTAMP_MARK_OPEN,1,0.0,ALIGNED_OI_TIMESTAMP_MARK_OPEN,1,4.9809,-0.10550000000000015,-2.074158540421519,83.28,16.72,1783036800000,2026-07-03 00:00:00 UTC,0.0,1.4676,0.0019000000000000128,0.12963089308862746,59.47,40.53,1783036800000,2026-07-03 00:00:00 UTC,0.0,4.8514,-0.030999999999999694,-0.6349336391938328,82.91,17.09,1783036800000,2026-07-03 00:00:00 UTC,0.0,-3.5133,-0.12950000000000017,3.3838,1783036800000,2026-07-03 00:00:00 UTC,0.00012879,0.03437,0.0
FINAL_REAL_MARK_PREMIUM_OI_SYNC_AUDIT_2026_07_12,1783051200000,2026-07-03 04:00:00 UTC,LYNUSDT,1783051200000,2026-07-03 04:00:00 UTC,1783065599999,2026-07-03 07:59:59 UTC,True,0.03457,0.03531,0.0345,0.03516,0.0005900000000000002,1.7066820943014185,53.042334359929775,0.03457,0.0352824,0.0345,0.0351574,0.0005874000000000018,1.6991611223604337,1783065599999,2026-07-03 07:59:59 UTC,1783051200000,2026-07-03 04:00:00 UTC,0.0,0.0,2.599999999998437e-06,0.007395313646624713,0.00146016,0.00682617,-2.567e-05,0.0,-0.00147582,-100.0,1783065599999,2026-07-03 07:59:59 UTC,3081,-96.0,-3.0217186024551466,4054603.0,658187.0,19.378868784035877,141604.92118,24084.868790000008,20.494263149298455,binance_kline_quote_asset_volume,1316.0022719896137,45.96070145407335,0.0008099999999999982,2.343072027769738,0.0005900000000000002,1.7066820943014185,0.0005900000000000002,1.7066820943014185,0.0001500000000000043,18.518518518519087,6.999999999999368e-05,8.641975308641214,0.8148148148148091,2400260.0,1654343.0,59.19839747565915,40.80160252434085,83851.51056,19158.769109999994,29.615021222755733,57753.41062000001,4926.099680000014,9.324910907532207,59.21511050693839,40.78488949306162,1.4508841274149316,1.4518884626869502,26098.099939999986,18.43022101387676,161394626.0,5579412.22082,500560.0,0.31111153595931873,49483.172400000505,0.8948247249960419,1783051200000,2026-07-03 04:00:00 UTC,EXACT_CANDLE_OPEN,0.0,14399.999,161394626.0,500560.0,0.31111153595931873,161394626.0,500560.0,0.31111153595931873,5579412.22082,49483.172400000505,0.8948247249960419,0.034570000000000004,5579412.22082,49483.172400000505,0.8948247249960419,5579412.220819999,49483.172399999574,0.8948247249960252,5579412.220819999,49483.172399999574,0.8948247249960252,5579412.220819999,49483.172399999574,0.8948247249960252,sumOpenInterest * mark_open,5674215.4241324,112107.56251240056,2.015558944585956,0.0031062858543755476,0.005802163071790521,0.01684886848137527,0.008908448926166069,0.019955154335750815,0.31111153595931873,0.5819028222286843,1.6991611223604337,2.0072010135687674e-14,-1.6707720138576656,2.0072010135687674e-14,ALIGNED_OI_TIMESTAMP_MARK_OPEN,1,2.0072010135687674e-14,ALIGNED_OI_TIMESTAMP_MARK_OPEN,1,4.9382,-0.04269999999999996,-0.8572747896966404,83.16,16.84,1783051200000,2026-07-03 04:00:00 UTC,0.0,1.4431,-0.024499999999999966,-1.6693922049604775,59.07,40.93,1783051200000,2026-07-03 04:00:00 UTC,0.0,4.7637,-0.08769999999999989,-1.8077256049800035,82.65,17.349999999999998,1783051200000,2026-07-03 04:00:00 UTC,0.0,-3.4951,-0.1745000000000001,3.3205999999999998,1783051200000,2026-07-03 04:00:00 UTC,5e-05,0.03457,0.0
FINAL_REAL_MARK_PREMIUM_OI_SYNC_AUDIT_2026_07_12,1783065600000,2026-07-03 08:00:00 UTC,LYNUSDT,1783065600000,2026-07-03 08:00:00 UTC,1783079999999,2026-07-03 11:59:59 UTC,True,0.03517,0.03565,0.03502,0.03553,0.00037000000000000227,1.052332195676912,56.46066136748161,0.0351574,0.03562811,0.03507,0.03551426,0.0003568600000000005,1.015035241513879,1783079999999,2026-07-03 11:59:59 UTC,1783065600000,2026-07-03 08:00:00 UTC,0.0,0.0,1.5740000000000198e-05,0.04432022517152321,0.0,0.00429121,-0.00144298,0.0,0.0,,1783079999999,2026-07-03 11:59:59 UTC,2770,-311.0,-10.094125283998702,6458096.0,2403493.0,59.27813401213386,228664.07227,87059.15109,61.4803146419858,binance_kline_quote_asset_volume,2331.4425992779784,82.55020659566787,0.0006299999999999986,1.7912994029001952,0.0003599999999999992,1.0235996588001115,0.0003599999999999992,1.0235996588001115,0.00012000000000000205,19.047619047619417,0.00014999999999999736,23.80952380952344,0.8095238095238059,3031262.0,3426834.0,46.93739455096363,53.06260544903637,107291.92258,23440.412020000003,27.95466875128887,121372.14969,63618.739069999996,110.15581311481684,46.92119820787271,53.078801792127294,0.8845663373247726,0.8839912851015435,-14080.227110000007,-6.1576035842545815,161885319.0,5691466.9142106,490693.0,0.3040330475439746,112054.69339059945,2.0083601812473875,1783065600000,2026-07-03 08:00:00 UTC,EXACT_CANDLE_OPEN,0.0,14399.999,161885319.0,490693.0,0.3040330475439746,161885319.0,490693.0,0.3040330475439746,5691466.9142106,112054.69339059945,2.0083601812473875,0.0351574,5691466.9142106,112054.69339059945,2.0083601812473875,5691466.9142106,112054.69339060038,2.008360181247405,5691466.9142106,112054.69339060038,2.008360181247405,5691466.9142106,112054.69339060038,2.008360181247405,sumOpenInterest * mark_open,5749237.30914894,75021.88501654007,1.3221543316362734,0.003035718017306423,0.01684886848137527,0.010099183551420561,0.019884586498681692,0.013134901568726985,0.3040330475439746,1.6991611223604337,1.015035241513879,0.0,-1.0048358039840912,0.0,ALIGNED_OI_TIMESTAMP_MARK_OPEN,1,0.0,ALIGNED_OI_TIMESTAMP_MARK_OPEN,1,4.8858,-0.052400000000000446,-1.0611153861731086,83.00999999999999,16.99,1783065600000,2026-07-03 08:00:00 UTC,0.0,1.4369,-0.006199999999999983,-0.4296306562261786,58.97,41.03,1783065600000,2026-07-03 08:00:00 UTC,0.0,4.6338,-0.12990000000000013,-2.726871969267589,82.25,17.75,1783065600000,2026-07-03 08:00:00 UTC,0.0,-3.4488999999999996,-0.2519999999999998,3.1969,1783051200000,2026-07-03 04:00:00 UTC,5e-05,0.03457,14400.0
FINAL_REAL_MARK_PREMIUM_OI_SYNC_AUDIT_2026_07_12,1783080000000,2026-07-03 12:00:00 UTC,LYNUSDT,1783080000000,2026-07-03 12:00:00 UTC,1783094399999,2026-07-03 15:59:59 UTC,True,0.03551,0.0358,0.03532,0.03539,-0.00014000000000000123,-0.39403321137067615,54.83410593351764,0.03551426,0.0358,0.03534479,0.03538,-0.00013425999999999716,-0.3780453260183294,1783094399999,2026-07-03 15:59:59 UTC,1783080000000,2026-07-03 12:00:00 UTC,0.0,0.0,9.999999999996123e-06,0.028264556246455973,0.0,0.00484055,-0.0013852,0.0,0.0,,1783094399999,2026-07-03 15:59:59 UTC,3579,809.0,29.205776173285198,9578019.0,3119923.0,48.31026048544339,340690.90977,112026.83750000002,48.99188420283267,binance_kline_quote_asset_volume,2676.171835708298,95.19164844090528,0.00048000000000000126,1.3517319065052134,-0.00012000000000000205,-0.3379329766263082,0.00012000000000000205,0.3379329766263082,0.0002899999999999986,60.41666666666622,7.000000000000062e-05,14.583333333333423,0.14583333333333423,4346398.0,5231621.0,45.37888262698163,54.62111737301837,154550.58745,47258.66486999999,44.04680588584154,186140.32232000004,64768.17263000003,53.36329033919745,45.36387177290315,54.63612822709685,0.8307937444245292,0.8302907479890731,-31589.734870000044,-9.272256454193695,161697835.0,5742578.9536271,-187484.0,-0.11581284897119051,51112.03941650037,0.8980468513114348,1783080000000,2026-07-03 12:00:00 UTC,EXACT_CANDLE_OPEN,0.0,14399.999,161697835.0,-187484.0,-0.11581284897119051,161697835.0,-187484.0,-0.11581284897119051,5742578.9536271,51112.03941650037,0.8980468513114348,0.03551426,5742578.9536271,51112.03941650037,0.8980468513114348,5742578.9536271,51112.03941650037,0.8980468513114348,5742578.9536271,51112.03941650037,0.8980468513114348,5742578.9536271,51112.03941650037,0.8980468513114348,sumOpenInterest * mark_open,5720869.4023,-28367.906848940067,-0.4934203499270648,-0.0011587996387457898,0.010099183551420561,-0.0037876172346896384,0.008940383912674772,-0.0049464168734354285,-0.11581284897119051,1.015035241513879,-0.3780453260183294,0.0,0.379479932165057,0.0,ALIGNED_OI_TIMESTAMP_MARK_OPEN,0,0.0,ALIGNED_OI_TIMESTAMP_MARK_OPEN,0,4.8651,-0.02069999999999972,-0.4236767776003872,82.95,17.05,1783080000000,2026-07-03 12:00:00 UTC,0.0,1.4304,-0.006500000000000172,-0.45236272531144633,58.85,41.15,1783080000000,2026-07-03 12:00:00 UTC,0.0,4.7803,0.14650000000000052,3.16155207389185,82.69999999999999,17.299999999999997,1783080000000,2026-07-03 12:00:00 UTC,0.0,-3.4347000000000003,-0.08479999999999954,3.3499000000000008,1783065600007,2026-07-03 08:00:00 UTC,0.00048133,0.0351574,14399.993
FINAL_REAL_MARK_PREMIUM_OI_SYNC_AUDIT_2026_07_12,1783094400000,2026-07-03 16:00:00 UTC,LYNUSDT,1783094400000,2026-07-03 16:00:00 UTC,1783108799999,2026-07-03 19:59:59 UTC,True,0.03539,0.03578,0.03485,0.0351,-0.0002899999999999986,-0.8194405199208776,51.522959736907744,0.03538,0.03557,0.03492,0.03509217,-0.0002878300000000028,-0.8135387224420655,1783108799999,2026-07-03 19:59:59 UTC,1783094400000,2026-07-03 16:00:00 UTC,0.0,0.0,7.830000000000337e-06,0.0223126697494066,0.0,0.00424658,-0.00069529,0.00033032,0.00033032,,1783108799999,2026-07-03 19:59:59 UTC,4988,1409.0,39.368538697960325,6825630.0,-2752389.0,-28.73651639237717,240680.65811,-100010.25166000004,-29.355127710192452,binance_kline_quote_asset_volume,1368.4101844426623,48.25193626904571,0.0009300000000000003,2.6278609776773107,-0.0002899999999999986,-0.8194405199208776,0.0002899999999999986,0.8194405199208776,0.00039000000000000146,41.935483870967886,0.0002500000000000002,26.881720430107542,0.2688172043010754,2524440.0,4301190.0,36.984717894172405,63.015282105827595,88990.85183,-65559.73561999999,-42.41959652286006,151689.80628,-34450.516040000046,-18.507820127642745,36.974658673788355,63.025341326211645,0.5869166439985214,0.5866633626371324,-62698.95444999999,-26.050682652423298,160764244.0,5687838.95272,-933591.0,-0.5773676561594037,-54740.000907099806,-0.9532302707396856,1783094400000,2026-07-03 16:00:00 UTC,EXACT_CANDLE_OPEN,0.0,14399.999,160764244.0,-933591.0,-0.5773676561594037,160764244.0,-933591.0,-0.5773676561594037,5687838.95272,-54740.000907099806,-0.9532302707396856,0.03538,5687838.95272,-54740.000907099806,-0.9532302707396856,5687838.95272,-54740.000907099806,-0.9532302707396856,5687838.95272,-54740.000907099806,-0.9532302707396856,5687838.95272,-54740.000907099806,-0.9532302707396856,sumOpenInterest * mark_open,5641566.18036948,-79303.22193052061,-1.3862092691477592,-0.005790408667039329,-0.0037876172346896384,-0.008168660068253853,-0.009578025901728966,-0.013959068735293182,-0.5773676561594037,-0.3780453260183294,-0.8135387224420655,0.0,0.8202114602773292,0.0,ALIGNED_OI_TIMESTAMP_MARK_OPEN,1,0.0,ALIGNED_OI_TIMESTAMP_MARK_OPEN,1,4.9067,0.04159999999999986,0.8550697827382759,83.07,16.93,1783094400000,2026-07-03 16:00:00 UTC,0.0,1.4331,0.0027000000000001467,0.18875838926175523,58.9,41.099999999999994,1783094400000,2026-07-03 16:00:00 UTC,0.0,4.8038,0.02349999999999941,0.4916009455473382,82.77,17.23,1783094400000,2026-07-03 16:00:00 UTC,0.0,-3.4736,-0.10289999999999999,3.3707,1783094400000,2026-07-03 16:00:00 UTC,0.00014762,0.03538,0.0
FINAL_REAL_MARK_PREMIUM_OI_SYNC_AUDIT_2026_07_12,1783108800000,2026-07-03 20:00:00 UTC,LYNUSDT,1783108800000,2026-07-03 20:00:00 UTC,1783123199999,2026-07-03 23:59:59 UTC,True,0.03508,0.03542,0.03465,0.03481,-0.0002899999999999986,-0.8262108262108223,48.37701328958171,0.03509217,0.03539697,0.03470158,0.03480379,-0.0002883799999999978,-0.8217787614729947,1783123199999,2026-07-03 23:59:59 UTC,1783108800000,2026-07-03 20:00:00 UTC,0.0,0.0,6.209999999999549e-06,0.01784288435253617,0.00034892,0.00445277,-0.00042813,0.00031053,-1.979e-05,-5.991160087188181,1783123199999,2026-07-03 23:59:59 UTC,3322,-1666.0,-33.400160384923815,3493845.0,-3331785.0,-48.81285683519324,122245.62986,-118435.02824999999,-49.208369787600795,binance_kline_quote_asset_volume,1051.7293798916317,36.79880489464178,0.0007699999999999999,2.194982896237172,-0.0002699999999999994,-0.7696693272519938,0.0002699999999999994,0.7696693272519938,0.00034,44.155844155844164,0.00016000000000000042,20.77922077922084,0.2077922077922084,1351743.0,2142102.0,38.68926640992946,61.31073359007054,47330.8846,-41659.96723,-46.813763856967455,74914.74526,-76775.06102,-50.61319735505697,38.71785408951223,61.28214591048776,0.6310357770078175,0.6317966434476,-27583.86066,-22.56429182097553,160289214.0,5624896.34685438,-475030.0,-0.2954823710675366,-62942.60586562008,-1.1066172300029713,1783108800000,2026-07-03 20:00:00 UTC,EXACT_CANDLE_OPEN,0.0,14399.999,160289214.0,-475030.0,-0.2954823710675366,160289214.0,-475030.0,-0.2954823710675366,5624896.34685438,-62942.60586562008,-1.1066172300029713,0.03509217,5624896.34685438,-62942.60586562008,-1.1066172300029713,5624896.346854379,-62942.60586562101,-1.1066172300029877,5624896.346854379,-62942.60586562101,-1.1066172300029877,5624896.346854379,-62942.60586562101,-1.1066172300029877,sumOpenInterest * mark_open,5578672.143321061,-62894.037048419006,-1.1148329211711903,-0.002959197820863963,-0.008168660068253853,-0.008251739767030355,-0.011127857889117816,-0.011210937587894317,-0.2954823710675366,-0.8135387224420655,-0.8217787614729947,0.0,0.8285879210281346,0.0,ALIGNED_OI_TIMESTAMP_MARK_OPEN,1,0.0,ALIGNED_OI_TIMESTAMP_MARK_OPEN,1,5.2073,0.3006000000000002,6.126317076650299,83.89,16.11,1783108800000,2026-07-03 20:00:00 UTC,0.0,1.433,-9.999999999998899e-05,-0.006977880120018769,58.9,41.099999999999994,1783108800000,2026-07-03 20:00:00 UTC,0.0,4.9524,0.14860000000000007,3.0933844040134906,83.2,16.8,1783108800000,2026-07-03 20:00:00 UTC,0.0,-3.7743,-0.2549000000000001,3.5194,1783094400000,2026-07-03 16:00:00 UTC,0.00014762,0.03538,14400.0
FINAL_REAL_MARK_PREMIUM_OI_SYNC_AUDIT_2026_07_12,1783123200000,2026-07-04 00:00:00 UTC,LYNUSDT,1783123200000,2026-07-04 00:00:00 UTC,1783137599999,2026-07-04 03:59:59 UTC,True,0.03481,0.03581,0.03467,0.03572,0.0009100000000000011,2.6141913243320913,57.206853099470436,0.03480379,0.03577,0.03466316,0.03573021,0.0009264199999999972,2.661836541365171,1783137599999,2026-07-04 03:59:59 UTC,1783123200000,2026-07-04 00:00:00 UTC,0.0,0.0,-1.020999999999661e-05,-0.02857525886356842,0.00021447,0.00619108,-0.00204567,0.00065708,0.00034655,111.59952339548514,1783137599999,2026-07-04 03:59:59 UTC,5373,2051.0,61.73991571342565,8719719.0,5225874.0,149.573721787887,307283.59093,185037.96107000002,151.36570630942964,binance_kline_quote_asset_volume,1622.8771635957567,57.19032029220175,0.0011400000000000021,3.274920999712732,0.0009100000000000011,2.6141913243320913,0.0009100000000000011,2.6141913243320913,8.99999999999998e-05,7.894736842105231,0.00014000000000000123,12.280701754386051,0.9210526315789477,5300571.0,3419148.0,60.78832356868381,39.21167643131619,186915.18596,139584.30136,294.9116682260361,120368.40497,45453.65971000001,60.67384939006067,60.828235375113074,39.171764624886926,1.5502607667173225,1.5528592075851282,66546.78099,21.65647075022614,160287023.0,5578595.88821717,-2191.0,-0.00136690420105248,-46300.45863721054,-0.823134432745649,1783123200000,2026-07-04 00:00:00 UTC,EXACT_CANDLE_OPEN,0.0,14399.999,160287023.0,-2191.0,-0.00136690420105248,160287023.0,-2191.0,-0.00136690420105248,5578595.88821717,-46300.45863721054,-0.823134432745649,0.03480379,5578595.88821717,-46300.45863721054,-0.823134432745649,5578595.88821717,-46300.45863720961,-0.8231344327456326,5578595.88821717,-46300.45863720961,-0.8231344327456326,5578595.88821717,-46300.45863720961,-0.8231344327456326,sumOpenInterest * mark_open,5727088.99206483,148416.84874376934,2.6604332524086054,-1.3669135432706192e-05,-0.008251739767030355,0.026270260535629412,-0.008265408902463061,0.026256591400196705,-0.00136690420105248,-0.8217787614729947,2.661836541365171,0.0,-2.5928199134569803,0.0,ALIGNED_OI_TIMESTAMP_MARK_OPEN,1,0.0,ALIGNED_OI_TIMESTAMP_MARK_OPEN,1,5.2696,0.06229999999999958,1.196397365237255,84.05,15.950000000000001,1783123200000,2026-07-04 00:00:00 UTC,0.0,1.4314,-0.0016000000000000458,-0.11165387299372266,58.87,41.13,1783123200000,2026-07-04 00:00:00 UTC,0.0,5.0386,0.08619999999999983,1.7405702285760407,83.44,16.56,1783123200000,2026-07-04 00:00:00 UTC,0.0,-3.8381999999999996,-0.23099999999999987,3.6071999999999997,1783123200000,2026-07-04 00:00:00 UTC,0.00030122,0.03480379,0.0
FINAL_REAL_MARK_PREMIUM_OI_SYNC_AUDIT_2026_07_12,1783137600000,2026-07-04 04:00:00 UTC,LYNUSDT,1783137600000,2026-07-04 04:00:00 UTC,1783151999999,2026-07-04 07:59:59 UTC,True,0.03572,0.03674,0.03535,0.03595,0.00023000000000000104,0.6438969764837654,59.11052608569117,0.03572,0.03657336,0.03541,0.03595,0.00021979000000000443,0.6151377223923522,1783151999999,2026-07-04 07:59:59 UTC,1783137600000,2026-07-04 04:00:00 UTC,0.0,0.0,0.0,0.0,0.00067505,0.00917763,-0.00267457,0.00070061,4.352999999999996e-05,6.624764107871181,1783151999999,2026-07-04 07:59:59 UTC,7475,2102.0,39.1215335938954,10952432.0,2232713.0,25.605332006685078,394098.06403,86814.4731,28.25223203011077,binance_kline_quote_asset_volume,1465.2082943143812,52.72214903411371,0.0013900000000000023,3.8913773796192674,0.00023000000000000104,0.6438969764837654,0.00023000000000000104,0.6438969764837654,0.000789999999999999,56.834532374100554,0.00037000000000000227,26.61870503597134,0.43165467625899445,5579330.0,5373102.0,50.94147126409915,49.05852873590085,200780.71414,13865.528179999994,7.418085432056455,193317.34989,72948.94492000001,60.60472840707778,50.94689176770885,49.05310823229116,1.0383815531512337,1.0386067999289599,7463.364249999984,1.8937835354176844,159355373.0,5693800.94191833,-931650.0,-0.5812385697624443,115205.05370116048,2.065126350960298,1783137600000,2026-07-04 04:00:00 UTC,EXACT_CANDLE_OPEN,0.0,14399.999,159355373.0,-931650.0,-0.5812385697624443,159355373.0,-931650.0,-0.5812385697624443,5693800.94191833,115205.05370116048,2.065126350960298,0.03573021,5693800.94191833,115205.05370116048,2.065126350960298,5692173.92356,113578.03534283023,2.035960976896069,5692173.92356,113578.03534283023,2.035960976896069,5692173.92356,113578.03534283023,2.035960976896069,sumOpenInterest * mark_open,5728825.65935,1736.667285170406,0.03032373493020007,-0.0058293433529219936,0.025984467111943434,0.006132534735071381,0.02015512375902144,0.0003031913821493872,-0.5812385697624443,2.632500655819382,0.6151377223923522,0.02858342665172623,-0.6113769123783155,0.0,ALIGNED_OI_TIMESTAMP_MARK_OPEN,1,0.02858342665172623,ALIGNED_OI_TIMESTAMP_MARK_OPEN,1,5.2112,-0.058399999999999785,-1.1082435099438248,83.89999999999999,16.1,1783137600000,2026-07-04 04:00:00 UTC,0.0,1.4435,0.0121,0.8453262540170462,59.08,40.92,1783137600000,2026-07-04 04:00:00 UTC,0.0,4.8309,-0.2077,-4.122176795141508,82.85,17.150000000000002,1783137600000,2026-07-04 04:00:00 UTC,0.0,-3.7676999999999996,-0.3803000000000001,3.3873999999999995,1783123200000,2026-07-04 00:00:00 UTC,0.00030122,0.03480379,14400.0
FINAL_REAL_MARK_PREMIUM_OI_SYNC_AUDIT_2026_07_12,1783152000000,2026-07-04 08:00:00 UTC,LYNUSDT,1783152000000,2026-07-04 08:00:00 UTC,1783166399999,2026-07-04 11:59:59 UTC,True,0.03597,0.03608,0.03534,0.03551,-0.0004400000000000029,-1.2239221140472958,54.14792396480447,0.03595,0.03605878,0.03536246,0.03550503,-0.00044497000000000286,-1.2377468706536936,1783166399999,2026-07-04 11:59:59 UTC,1783152000000,2026-07-04 08:00:00 UTC,0.0,0.0,4.9699999999999744e-06,0.013998016619053625,0.00070721,0.00375307,-0.00195647,0.00037331,-0.00032729999999999993,-46.716432822825816,1783166399999,2026-07-04 11:59:59 UTC,3609,-3866.0,-51.719063545150505,5056350.0,-5896082.0,-53.83354126279898,180179.02052,-213919.04351000002,-54.28066337664521,binance_kline_quote_asset_volume,1401.0390689941812,49.92491563313937,0.0007399999999999976,2.0572699471781974,-0.0004600000000000021,-1.2788434806783486,0.0004600000000000021,1.2788434806783486,0.00010999999999999899,14.864864864864776,0.00016999999999999654,22.97297297297258,0.2297297297297258,2052038.0,3004312.0,40.5833852482522,59.4166147517478,73152.01489,-127628.69924999999,-63.566214412907854,107027.00562999999,-86290.34426000003,-44.63662692929544,40.59962956779426,59.40037043220574,0.6830309235525471,0.683491184859378,-33874.99073999998,-18.800740864411477,159577593.0,5736814.46835,222220.0,0.1394493300203941,43013.52643166948,0.7554448578453035,1783152000000,2026-07-04 08:00:00 UTC,EXACT_CANDLE_OPEN,0.0,14399.999,159577593.0,222220.0,0.1394493300203941,159577593.0,222220.0,0.1394493300203941,5736814.46835,43013.52643166948,0.7554448578453035,0.035949999999999996,5736814.46835,43013.52643166948,0.7554448578453035,5736814.468350001,44640.544790000655,0.7842442165238964,5736814.468350001,44640.544790000655,0.7842442165238964,5736814.468350001,44640.544790000655,0.7842442165238964,sumOpenInterest * mark_open,5665807.22679279,-63018.432557210326,-1.1000235703517722,0.0013935218973933647,0.00641832815875748,-0.012454707581940457,0.007811850056150845,-0.011061185684547092,0.1394493300203941,0.6438969764837654,-1.2377468706536936,-1.9301512945499938e-14,1.253259045267659,-1.9301512945499938e-14,ALIGNED_OI_TIMESTAMP_MARK_OPEN,1,-1.9301512945499938e-14,ALIGNED_OI_TIMESTAMP_MARK_OPEN,1,5.1767,-0.03449999999999953,-0.6620356155971664,83.81,16.189999999999998,1783152000000,2026-07-04 08:00:00 UTC,0.0,1.4411,-0.0023999999999999577,-0.16626255628679998,59.040000000000006,40.96,1783152000000,2026-07-04 08:00:00 UTC,0.0,4.7737,-0.05719999999999992,-1.184044380964208,82.67999999999999,17.32,1783152000000,2026-07-04 08:00:00 UTC,0.0,-3.7356000000000003,-0.40300000000000047,3.3326,1783152000000,2026-07-04 08:00:00 UTC,5e-05,0.03595,0.0
FINAL_REAL_MARK_PREMIUM_OI_SYNC_AUDIT_2026_07_12,1783166400000,2026-07-04 12:00:00 UTC,LYNUSDT,1783166400000,2026-07-04 12:00:00 UTC,1783180799999,2026-07-04 15:59:59 UTC,True,0.0355,0.03582,0.03516,0.03531,-0.0001999999999999988,-0.5632216277105007,52.01046695938341,0.03550503,0.03576525,0.03519703,0.0353148,-0.00019022999999999957,-0.5357832397268769,1783180799999,2026-07-04 15:59:59 UTC,1783166400000,2026-07-04 12:00:00 UTC,0.0,0.0,-4.799999999999249e-06,-0.013592035067448348,0.00037331,0.00481872,0.0,0.00123725,0.0008639400000000001,231.4269641852616,1783180799999,2026-07-04 15:59:59 UTC,6864,3255.0,90.19118869492935,7282890.0,2226540.0,44.0345308374618,257858.76482,77679.74430000002,43.11253556369373,binance_kline_quote_asset_volume,1061.027097902098,37.56683636655012,0.0006600000000000009,1.8591549295774674,-0.00018999999999999573,-0.5352112676056218,0.00018999999999999573,0.5352112676056218,0.00032000000000000084,48.48484848484855,0.0001500000000000043,22.72727272727335,0.22727272727273348,3017573.0,4265317.0,41.433730291134424,58.56626970886557,106907.15407,33755.13918,46.14382697559077,150951.61075,43924.60512000001,41.04067460492216,41.45957735608764,58.54042264391236,0.7074674637313006,0.7082213534445508,-44044.45667999999,-17.080845287824715,159629707.0,5667657.53592621,52114.0,0.03265746714201912,-69156.93242378999,-1.2054936202892514,1783166400000,2026-07-04 12:00:00 UTC,EXACT_CANDLE_OPEN,0.0,14399.999,159629707.0,52114.0,0.03265746714201912,159629707.0,52114.0,0.03265746714201912,5667657.53592621,-69156.93242378999,-1.2054936202892514,0.03550503,5667657.53592621,-69156.93242378999,-1.2054936202892514,5667657.53592621,-69156.93242379092,-1.2054936202892674,5667657.53592621,-69156.93242379092,-1.2054936202892674,5667657.53592621,-69156.93242379092,-1.2054936202892674,sumOpenInterest * mark_open,5637291.1767636,-28516.050029190257,-0.5033007458203298,0.0003265213575192673,-0.012454707581940457,-0.005372237056137706,-0.012128186224421189,-0.005045715698618438,0.03265746714201912,-1.2377468706536936,-0.5357832397268769,0.0,0.5386693397668953,0.0,ALIGNED_OI_TIMESTAMP_MARK_OPEN,1,0.0,ALIGNED_OI_TIMESTAMP_MARK_OPEN,1,5.2657,0.08899999999999952,1.7192419881391525,84.04,15.959999999999999,1783166400000,2026-07-04 12:00:00 UTC,0.0,1.4417,0.0005999999999999339,0.041634862257992775,59.050000000000004,40.949999999999996,1783166400000,2026-07-04 12:00:00 UTC,0.0,4.9067,0.133,2.786098833190188,83.07,16.93,1783166400000,2026-07-04 12:00:00 UTC,0.0,-3.824,-0.359,3.465,1783166400000,2026-07-04 12:00:00 UTC,0.0001028,0.03550503,0.0
FINAL_REAL_MARK_PREMIUM_OI_SYNC_AUDIT_2026_07_12,1783180800000,2026-07-04 16:00:00 UTC,LYNUSDT,1783180800000,2026-07-04 16:00:00 UTC,1783195199999,2026-07-04 19:59:59 UTC,True,0.03533,0.03543,0.03374,0.03443,-0.0008799999999999988,-2.492211838006227,43.81496741894735,0.0353148,0.03542046,0.03392488,0.03442483,-0.0008899700000000038,-2.5201048852039483,1783195199999,2026-07-04 19:59:59 UTC,1783180800000,2026-07-04 16:00:00 UTC,0.0,0.0,5.1700000000057256e-06,0.01501822957442557,0.00123624,0.00706194,-0.00421138,0.0,-0.00123725,-100.0,1783195199999,2026-07-04 19:59:59 UTC,13278,6414.0,93.44405594405595,20166080.0,12883190.0,176.89667151364364,693857.66042,435998.89559999993,169.08438070908772,binance_kline_quote_asset_volume,1518.7588492242808,52.256187710498565,0.001690000000000004,4.783470138692341,-0.000899999999999998,-2.5474101330314127,0.000899999999999998,2.5474101330314127,0.00010000000000000286,5.917159763313765,0.0006900000000000031,40.82840236686399,0.4082840236686399,7663493.0,12502587.0,38.00189724527524,61.99810275472477,264101.46839,157194.31432,147.03816193355337,429756.19203,278804.58128,184.69798360863135,38.062773311479525,61.937226688520475,0.6129525833333533,0.6145379014610309,-165654.72363999998,-23.874453377040947,158882119.0,5610890.2560612,-747588.0,-0.468326362335552,-56767.27986500971,-1.0016003879058086,1783180800000,2026-07-04 16:00:00 UTC,EXACT_CANDLE_OPEN,0.0,14399.999,158882119.0,-747588.0,-0.468326362335552,158882119.0,-747588.0,-0.468326362335552,5610890.2560612,-56767.27986500971,-1.0016003879058086,0.0353148,5610890.2560612,-56767.27986500971,-1.0016003879058086,5610890.2560612,-56767.27986500971,-1.0016003879058086,5610890.2560612,-56767.27986500971,-1.0016003879058086,5610890.2560612,-56767.27986500971,-1.0016003879058086,sumOpenInterest * mark_open,5469489.9366147695,-167801.24014883023,-2.9766289320035773,-0.004694264462429447,-0.005372237056137706,-0.02552403319805728,-0.010066501518567153,-0.030218297660486726,-0.468326362335552,-0.5357832397268769,-2.5201048852039483,0.0,2.585256049194735,0.0,ALIGNED_OI_TIMESTAMP_MARK_OPEN,1,0.0,ALIGNED_OI_TIMESTAMP_MARK_OPEN,1,5.3816,0.11589999999999989,2.201036899177695,84.33,15.67,1783180800000,2026-07-04 16:00:00 UTC,0.0,1.4353,-0.006399999999999961,-0.44392037178330873,58.940000000000005,41.06,1783180800000,2026-07-04 16:00:00 UTC,0.0,4.9773,0.07059999999999977,1.4388489208633048,83.27,16.73,1783180800000,2026-07-04 16:00:00 UTC,0.0,-3.9463,-0.4043000000000001,3.542,1783166400000,2026-07-04 12:00:00 UTC,0.0001028,0.03550503,14400.0
FINAL_REAL_MARK_PREMIUM_OI_SYNC_AUDIT_2026_07_12,1783195200000,2026-07-04 20:00:00 UTC,LYNUSDT,1783195200000,2026-07-04 20:00:00 UTC,1783209599999,2026-07-04 23:59:59 UTC,True,0.03442,0.03463,0.03424,0.03438,-5.000000000000143e-05,-0.1452221899506286,43.39654795654422,0.03442483,0.03462147,0.03426195,0.03437252,-5.230999999999986e-05,-0.1519542725410695,1783209599999,2026-07-04 23:59:59 UTC,1783195200000,2026-07-04 20:00:00 UTC,0.0,0.0,7.48000000000415e-06,0.02176156999837123,0.0,0.00419407,-0.000439,0.00041471,0.00041471,,1783209599999,2026-07-04 23:59:59 UTC,2526,-10752.0,-80.97605061003163,2470701.0,-17695379.0,-87.74823366762405,85034.94982,-608822.7106,-87.74461180286929,binance_kline_quote_asset_volume,978.1080760095011,33.66387562153602,0.00039000000000000146,1.1330621731551467,-3.999999999999837e-05,-0.11621150493898423,3.999999999999837e-05,0.11621150493898423,0.00021000000000000185,53.846153846154124,0.00014000000000000123,35.89743589743608,0.3589743589743608,1097804.0,1372897.0,44.432895765209956,55.567104234790044,37798.68066,-226302.78772999998,-85.6878188181133,47236.269159999996,-382519.92287,-89.008589047461,44.45075905849462,55.54924094150538,0.7996259005591825,0.8002046167525904,-9437.588499999998,-11.09848188301077,162014513.0,5577322.06755779,3132394.0,1.9715207851677758,-33568.188503409736,-0.5982684916559807,1783195200000,2026-07-04 20:00:00 UTC,EXACT_CANDLE_OPEN,0.0,14399.999,162014513.0,3132394.0,1.9715207851677758,162014513.0,3132394.0,1.9715207851677758,5577322.06755779,-33568.188503409736,-0.5982684916559807,0.034424830000000003,5577322.06755779,-33568.188503409736,-0.5982684916559807,5577322.067557789,-33568.18850341067,-0.5982684916559973,5577322.067557789,-33568.18850341067,-0.5982684916559973,5577322.067557789,-33568.18850341067,-0.5982684916559973,sumOpenInterest * mark_open,5568847.088382759,99357.15176798962,1.8165707025596014,0.019523380321821163,-0.02552403319805728,-0.0015206984013388365,-0.006000652876236117,0.018002681920482325,1.9715207851677758,-2.5201048852039483,-0.1519542725410695,2.0156654089235093e-14,0.15218552494843787,2.0156654089235093e-14,ALIGNED_OI_TIMESTAMP_MARK_OPEN,0,2.0156654089235093e-14,ALIGNED_OI_TIMESTAMP_MARK_OPEN,0,4.9524,-0.4291999999999998,-7.975323323918534,83.2,16.8,1783195200000,2026-07-04 20:00:00 UTC,0.0,1.4249,-0.010399999999999965,-0.7245871943147749,58.76,41.24,1783195200000,2026-07-04 20:00:00 UTC,0.0,4.596,-0.38129999999999953,-7.660779940931822,82.13000000000001,17.87,1783195200000,2026-07-04 20:00:00 UTC,0.0,-3.5275,-0.35639999999999983,3.1711,1783195200000,2026-07-04 20:00:00 UTC,0.00030852,0.03442483,0.0
FINAL_REAL_MARK_PREMIUM_OI_SYNC_AUDIT_2026_07_12,1783209600000,2026-07-05 00:00:00 UTC,LYNUSDT,1783209600000,2026-07-05 00:00:00 UTC,1783223999999,2026-07-05 03:59:59 UTC,True,0.03438,0.03463,0.0341,0.03424,-0.00014000000000000123,-0.40721349621873537,42.18187876068019,0.03437252,0.03457,0.0341,0.03423203,-0.00014049000000000006,-0.40872766966169505,1783223999999,2026-07-05 03:59:59 UTC,1783209600000,2026-07-05 00:00:00 UTC,0.0,0.0,7.970000000002975e-06,0.02328228854672941,0.00037719,0.00553983,0.0,0.00178852,0.00137381,331.2700441272214,1783223999999,2026-07-05 03:59:59 UTC,3615,1089.0,43.111638954869356,4333853.0,1863152.0,75.40985331693312,148690.71679,63655.76697000001,74.85835777494437,binance_kline_quote_asset_volume,1198.8528354080222,41.13159523928078,0.0005300000000000027,1.5415939499709213,-0.00014000000000000123,-0.40721349621873537,0.00014000000000000123,0.40721349621873537,0.0002500000000000002,47.16981132075452,0.00014000000000000123,26.41509433962274,0.2641509433962274,2183670.0,2150183.0,50.38634213020147,49.61365786979854,74937.00612,37138.32546000001,98.25296759445152,73753.71067,26517.441510000004,56.137882990249274,50.397904951817274,49.60209504818273,1.0155740232343013,1.0160438768334583,1183.295450000005,0.7958099036345395,162094865.0,5571608.9891098,80352.0,0.049595556911620625,-5713.0784479901195,-0.10243407819716917,1783209600000,2026-07-05 00:00:00 UTC,EXACT_CANDLE_OPEN,0.0,14399.999,162094865.0,80352.0,0.049595556911620625,162094865.0,80352.0,0.049595556911620625,5571608.9891098,-5713.0784479901195,-0.10243407819716917,0.034372520000000004,5571608.9891098,-5713.0784479901195,-0.10243407819716917,5571608.989109799,-5713.0784479901195,-0.1024340781971692,5571608.989109799,-5713.0784479901195,-0.1024340781971692,5571608.989109799,-5713.0784479901195,-0.1024340781971692,sumOpenInterest * mark_open,5548836.281525949,-20010.806856810115,-0.35933482351409696,0.0004958326238015183,-0.0015206984013388365,-0.00409565244246534,-0.0010248657775373182,-0.0035998198186638223,0.049595556911620625,-0.1519542725410695,-0.40872766966169505,2.0187329599072834e-14,0.41040510889949267,2.0187329599072834e-14,ALIGNED_OI_TIMESTAMP_MARK_OPEN,0,2.0187329599072834e-14,ALIGNED_OI_TIMESTAMP_MARK_OPEN,0,4.8377,-0.11470000000000002,-2.316048784427753,82.87,17.130000000000003,1783209600000,2026-07-05 00:00:00 UTC,0.0,1.4285,0.0036000000000000476,0.25264930872342256,58.81999999999999,41.18,1783209600000,2026-07-05 00:00:00 UTC,0.0,4.534,-0.06200000000000028,-1.3489991296779869,81.93,18.07,1783209600000,2026-07-05 00:00:00 UTC,0.0,-3.4092,-0.3037000000000001,3.1054999999999997,1783195200000,2026-07-04 20:00:00 UTC,0.00030852,0.03442483,14400.0
FINAL_REAL_MARK_PREMIUM_OI_SYNC_AUDIT_2026_07_12,1783224000000,2026-07-05 04:00:00 UTC,LYNUSDT,1783224000000,2026-07-05 04:00:00 UTC,1783238399999,2026-07-05 07:59:59 UTC,True,0.03423,0.03477,0.03418,0.03448,0.00023999999999999716,0.7009345794392441,45.02276359241574,0.03423203,0.03471,0.03419,0.034475,0.00024297000000000207,0.7097738579920679,1783238399999,2026-07-05 07:59:59 UTC,1783224000000,2026-07-05 04:00:00 UTC,0.0,0.0,4.9999999999980616e-06,0.014503263234222078,0.00179315,0.00648121,0.0,0.00138239,-0.00040613,-22.707601816026656,1783238399999,2026-07-05 07:59:59 UTC,3135,-480.0,-13.278008298755188,3957913.0,-375940.0,-8.67449818902487,136020.19291,-12670.523879999993,-8.521395386031344,binance_kline_quote_asset_volume,1262.4921850079745,43.38762134290271,0.0005900000000000002,1.7236342389716632,0.0002500000000000002,0.7303534910896881,0.0002500000000000002,0.7303534910896881,0.00029000000000000553,49.15254237288227,4.999999999999449e-05,8.474576271185503,0.5084745762711773,2312681.0,1645232.0,58.43183010844351,41.56816989155649,79472.79173,4535.785609999992,6.052798003080926,56547.401180000015,-17206.309489999985,-23.329415338825534,58.427201160186904,41.57279883981309,1.4056868575374173,1.4054189948893416,22925.390549999982,16.854402320373815,162641774.0,5567558.08682122,546909.0,0.3374005709557795,-4050.9022885803133,-0.07270614819701379,1783224000000,2026-07-05 04:00:00 UTC,EXACT_CANDLE_OPEN,0.0,14399.999,162641774.0,546909.0,0.3374005709557795,162641774.0,546909.0,0.3374005709557795,5567558.08682122,-4050.9022885803133,-0.07270614819701379,0.03423203,5567558.08682122,-4050.9022885803133,-0.07270614819701379,5567558.08682122,-4050.902288579382,-0.07270614819699708,5567558.08682122,-4050.902288579382,-0.07270614819699708,5567558.08682122,-4050.902288579382,-0.07270614819699708,sumOpenInterest * mark_open,5607075.15865,58238.87712405063,1.0495692099972131,0.0033683265231133383,-0.00409565244246534,0.0070726681922495364,-0.0007273259193520021,0.010440994715362875,0.3374005709557795,-0.40872766966169505,0.7097738579920679,0.0,-0.704771573604067,0.0,ALIGNED_OI_TIMESTAMP_MARK_OPEN,1,0.0,ALIGNED_OI_TIMESTAMP_MARK_OPEN,1,4.8106,-0.027099999999999902,-0.5601835583024971,82.78999999999999,17.21,1783224000000,2026-07-05 04:00:00 UTC,0.0,1.4268,-0.0017000000000000348,-0.1190059502975173,58.79,41.21,1783224000000,2026-07-05 04:00:00 UTC,0.0,4.5006,-0.03339999999999943,-0.7366563740626253,81.82000000000001,18.18,1783224000000,2026-07-05 04:00:00 UTC,0.0,-3.3838,-0.3099999999999996,3.0738000000000003,1783209600003,2026-07-05 00:00:00 UTC,5e-05,0.03437252,14399.997
FINAL_REAL_MARK_PREMIUM_OI_SYNC_AUDIT_2026_07_12,1783238400000,2026-07-05 08:00:00 UTC,LYNUSDT,1783238400000,2026-07-05 08:00:00 UTC,1783252799999,2026-07-05 11:59:59 UTC,True,0.03445,0.03457,0.03415,0.0342,-0.00027999999999999553,-0.812064965197203,42.40495588946661,0.034475,0.03453241,0.03415022,0.0342,-0.00027499999999999747,-0.7976794778825163,1783252799999,2026-07-05 11:59:59 UTC,1783238400000,2026-07-05 08:00:00 UTC,0.0,0.0,0.0,0.0,0.00138239,0.00438395,0.0,0.00315869,0.0017763,128.49485311670367,1783252799999,2026-07-05 11:59:59 UTC,2584,-551.0,-17.575757575757574,3122303.0,-835610.0,-21.112389281927115,107206.7281,-28813.46481000002,-21.183225956064422,binance_kline_quote_asset_volume,1208.3215944272447,41.488671865325074,0.00041999999999999676,1.2191582002902663,-0.0002500000000000002,-0.7256894049346886,0.0002500000000000002,0.7256894049346886,0.00011999999999999511,28.571428571427624,5.000000000000143e-05,11.904761904762337,0.11904761904762337,1531391.0,1590912.0,49.046841385989765,50.95315861401023,52599.77802,-26873.01371,-33.81410558886378,54606.950079999995,-1940.4511000000202,-3.431547797967291,49.063877754888786,50.936122245111214,0.9625868684125835,0.9632432857528307,-2007.1720599999971,-1.872244490222435,163063768.0,5621623.4018,421994.0,0.25946224615085667,54065.314978780225,0.9710776993374604,1783238400000,2026-07-05 08:00:00 UTC,EXACT_CANDLE_OPEN,0.0,14399.999,163063768.0,421994.0,0.25946224615085667,163063768.0,421994.0,0.25946224615085667,5621623.4018,54065.314978780225,0.9710776993374604,0.034475,5621623.4018,54065.314978780225,0.9710776993374604,5621623.4018,54065.314978780225,0.9710776993374604,5621623.4018,54065.314978780225,0.9710776993374604,5621623.4018,54065.314978780225,0.9710776993374604,sumOpenInterest * mark_open,5576780.8656,-30294.293049999513,-0.5402869088220567,0.0025912622397325936,0.0070726681922495364,-0.008008779610805985,0.00966393043198213,-0.005417517371073391,0.25946224615085667,0.7097738579920679,-0.7976794778825163,0.0,0.8040935672514545,0.0,ALIGNED_OI_TIMESTAMP_MARK_OPEN,1,0.0,ALIGNED_OI_TIMESTAMP_MARK_OPEN,1,4.872,0.0613999999999999,1.2763480646904732,82.97,17.03,1783238400000,2026-07-05 08:00:00 UTC,0.0,1.4292,0.0023999999999999577,0.16820857863750754,58.830000000000005,41.17,1783238400000,2026-07-05 08:00:00 UTC,0.0,4.5188,0.018199999999999328,0.4043905257076684,81.88,18.12,1783238400000,2026-07-05 08:00:00 UTC,0.0,-3.4428,-0.3532000000000002,3.0896,1783224000002,2026-07-05 04:00:00 UTC,0.00053631,0.03423203,14399.998
FINAL_REAL_MARK_PREMIUM_OI_SYNC_AUDIT_2026_07_12,1783252800000,2026-07-05 12:00:00 UTC,LYNUSDT,1783252800000,2026-07-05 12:00:00 UTC,1783267199999,2026-07-05 15:59:59 UTC,True,0.03419,0.03436,0.03386,0.03418,-1.9999999999999185e-05,-0.05847953216374031,42.21613903815911,0.0342,0.03435,0.03386917,0.03418,-1.9999999999999185e-05,-0.05847953216374031,1783267199999,2026-07-05 15:59:59 UTC,1783252800000,2026-07-05 12:00:00 UTC,0.0,0.0,0.0,0.0,0.00278712,0.00596472,-0.0010708,0.00088845,-0.0022702399999999998,-71.87283335813264,1783267199999,2026-07-05 15:59:59 UTC,3888,1304.0,50.464396284829725,5802192.0,2679889.0,85.83052317472071,197706.21365,90499.48555,84.41586377450503,binance_kline_quote_asset_volume,1492.3333333333333,50.85036359310699,0.0005000000000000004,1.462415911085114,-9.999999999996123e-06,-0.029248318221690918,9.999999999996123e-06,0.029248318221690918,0.00017000000000000348,34.00000000000067,0.00032000000000000084,64.00000000000011,0.6400000000000011,2954561.0,2847631.0,50.92146209570452,49.07853790429548,100723.2956,48123.51758,91.48996324984871,96982.91805,42375.96797,77.6017849521326,50.94594334718827,49.05405665281173,1.0375505112846433,1.0385673851148884,3740.3775500000047,1.8918866943765402,163420335.0,5588975.457,356567.0,0.21866721490208665,-32647.944799999706,-0.5807565264785629,1783252800000,2026-07-05 12:00:00 UTC,EXACT_CANDLE_OPEN,0.0,14399.999,163420335.0,356567.0,0.21866721490208665,163420335.0,356567.0,0.21866721490208665,5588975.457,-32647.944799999706,-0.5807565264785629,0.0342,5588975.457,-32647.944799999706,-0.5807565264785629,5588975.457,-32647.944799999706,-0.5807565264785629,5588975.457,-32647.944799999706,-0.5807565264785629,5588975.457,-32647.944799999706,-0.5807565264785629,sumOpenInterest * mark_open,5585707.0503,8926.1847000001,0.16005980717407553,0.0021842848609880017,-0.008008779610805985,-0.0005849663811145648,-0.005824494749817983,0.0015993184798734367,0.21866721490208665,-0.7976794778825163,-0.05847953216374031,0.0,0.0585137507314195,0.0,ALIGNED_OI_TIMESTAMP_MARK_OPEN,0,0.0,ALIGNED_OI_TIMESTAMP_MARK_OPEN,0,4.8824,0.010399999999999743,0.21346469622331166,83.0,17.0,1783252800000,2026-07-05 12:00:00 UTC,0.0,1.4256,-0.0036000000000000476,-0.2518891687657464,58.77,41.23,1783252800000,2026-07-05 12:00:00 UTC,0.0,4.5617,0.04290000000000038,0.9493670886076034,82.02000000000001,17.98,1783252800000,2026-07-05 12:00:00 UTC,0.0,-3.4567999999999994,-0.32069999999999954,3.1361,1783252800000,2026-07-05 12:00:00 UTC,0.00064637,0.0342,0.0
FINAL_REAL_MARK_PREMIUM_OI_SYNC_AUDIT_2026_07_12,1783267200000,2026-07-05 16:00:00 UTC,LYNUSDT,1783267200000,2026-07-05 16:00:00 UTC,1783281599999,2026-07-05 19:59:59 UTC,True,0.03417,0.0371,0.03414,0.03514,0.0009599999999999956,2.8086600351082374,53.027770434954014,0.03418,0.0369,0.03414,0.03513245,0.0009524500000000005,2.78657109420714,1783281599999,2026-07-05 19:59:59 UTC,1783267200000,2026-07-05 16:00:00 UTC,0.0,0.0,7.549999999995061e-06,0.021490103878309255,0.00075337,0.01862192,-0.00632695,0.0,-0.00088845,-100.0,1783281599999,2026-07-05 19:59:59 UTC,22725,18837.0,484.49074074074076,37245125.0,31442933.0,541.9147280889705,1333228.09104,1135521.87739,574.3480978297517,binance_kline_quote_asset_volume,1638.949394939494,58.667902796039606,0.0029600000000000043,8.662569505414119,0.0009699999999999986,2.838747439274213,0.0009699999999999986,2.838747439274213,0.0019600000000000034,66.21621621621624,3.0000000000002247e-05,1.013513513513588,0.33783783783783766,19329305.0,17915820.0,51.89754363826138,48.10245636173862,691879.9023,591156.6067,586.9115016327961,641348.1887400001,544365.2706900002,561.3001563938818,51.895088841121776,48.104911158878224,1.0788959143371613,1.0787898281263957,50531.71355999983,3.7901776822435522,164030941.0,5606577.56338,610606.0,0.37364138312407696,17602.10637999978,0.3149433472275092,1783267200000,2026-07-05 16:00:00 UTC,EXACT_CANDLE_OPEN,0.0,14399.999,164030941.0,610606.0,0.37364138312407696,164030941.0,610606.0,0.37364138312407696,5606577.56338,17602.10637999978,0.3149433472275092,0.03418,5606577.56338,17602.10637999978,0.3149433472275092,5606577.56338,17602.10637999978,0.3149433472275092,5606577.56338,17602.10637999978,0.3149433472275092,5606577.56338,17602.10637999978,0.3149433472275092,sumOpenInterest * mark_open,5762808.83313545,177101.78283545002,3.170624260109347,0.003729450776261798,-0.0005849663811145648,0.02748452712064369,0.003144484395147233,0.031213977896905488,0.37364138312407696,-0.05847953216374031,2.78657109420714,0.0,-2.7110264157495436,0.0,ALIGNED_OI_TIMESTAMP_MARK_OPEN,1,0.0,ALIGNED_OI_TIMESTAMP_MARK_OPEN,1,4.7504,-0.13199999999999967,-2.7035883991479532,82.61,17.39,1783267200000,2026-07-05 16:00:00 UTC,0.0,1.4352,0.009600000000000053,0.6734006734006771,58.940000000000005,41.06,1783267200000,2026-07-05 16:00:00 UTC,0.0,4.3937,-0.16800000000000015,-3.6828375386369148,81.46,18.54,1783267200000,2026-07-05 16:00:00 UTC,0.0,-3.3152,-0.3567,2.9585,1783267200000,2026-07-05 16:00:00 UTC,0.00037189,0.03418,0.0
FINAL_REAL_MARK_PREMIUM_OI_SYNC_AUDIT_2026_07_12,1783281600000,2026-07-05 20:00:00 UTC,LYNUSDT,1783281600000,2026-07-05 20:00:00 UTC,1783295999999,2026-07-05 23:59:59 UTC,True,0.03514,0.03555,0.0346,0.03479,-0.00034999999999999615,-0.9960159362549691,49.39880671230106,0.03513245,0.03548679,0.03465629,0.03479,-0.0003424500000000011,-0.9747398772360057,1783295999999,2026-07-05 23:59:59 UTC,1783281600000,2026-07-05 20:00:00 UTC,0.0,0.0,0.0,0.0,0.0,0.00525784,-0.00261465,0.0,0.0,,1783295999999,2026-07-05 23:59:59 UTC,5580,-17145.0,-75.44554455445545,7375458.0,-29869667.0,-80.19752115209708,258488.10249,-1074739.9885500001,-80.61186197416804,binance_kline_quote_asset_volume,1321.7666666666667,46.324032704301075,0.0009499999999999995,2.7034718269778018,-0.00034999999999999615,-0.9960159362549691,0.00034999999999999615,0.9960159362549691,0.00041000000000000064,43.157894736842195,0.00019000000000000267,20.00000000000029,0.20000000000000293,3057951.0,4317507.0,41.46116756410246,58.53883243589754,107232.61699,-584647.28531,-84.50126725266493,151255.4855,-490092.7032400001,-76.41601112226445,41.48454646733632,58.51545353266368,0.7082677572960507,0.7089502680549062,-44022.868510000015,-17.03090706532735,161972974.0,5690507.4104063,-2057967.0,-1.2546212241750172,83929.84702629969,1.496988957657467,1783281600000,2026-07-05 20:00:00 UTC,EXACT_CANDLE_OPEN,0.0,14399.999,161972974.0,-2057967.0,-1.2546212241750172,161972974.0,-2057967.0,-1.2546212241750172,5690507.4104063,83929.84702629969,1.496988957657467,0.03513245,5690507.4104063,83929.84702629969,1.496988957657467,5690507.410406301,83929.84702630062,1.4969889576574837,5690507.410406301,83929.84702630062,1.4969889576574837,5690507.410406301,83929.84702630062,1.4969889576574837,sumOpenInterest * mark_open,5635039.76546,-127769.06767544989,-2.217131808030717,-0.01262558050871913,0.02748452712064369,-0.009795215644237843,0.014858946611924561,-0.022420796152956973,-1.2546212241750172,2.78657109420714,-0.9747398772360057,0.0,0.9843345789019865,0.0,ALIGNED_OI_TIMESTAMP_MARK_OPEN,1,0.0,ALIGNED_OI_TIMESTAMP_MARK_OPEN,1,4.7737,0.023299999999999876,0.4904850117884784,82.67999999999999,17.32,1783281600000,2026-07-05 20:00:00 UTC,0.0,1.4243,-0.010900000000000132,-0.7594760312151708,58.75,41.25,1783281600000,2026-07-05 20:00:00 UTC,0.0,4.4555,0.061799999999999855,1.4065593918565185,81.67,18.33,1783281600000,2026-07-05 20:00:00 UTC,0.0,-3.3494,-0.31820000000000004,3.0312,1783281600000,2026-07-05 20:00:00 UTC,0.0003075,0.03513245,0.0
FINAL_REAL_MARK_PREMIUM_OI_SYNC_AUDIT_2026_07_12,1783296000000,2026-07-06 00:00:00 UTC,LYNUSDT,1783296000000,2026-07-06 00:00:00 UTC,1783310399999,2026-07-06 03:59:59 UTC,True,0.0348,0.03495,0.03426,0.03444,-0.0003500000000000031,-1.0060362173038317,46.00804171730795,0.03479,0.03491,0.03427,0.03442297,-0.0003670300000000043,-1.054987065248647,1783310399999,2026-07-06 03:59:59 UTC,1783296000000,2026-07-06 00:00:00 UTC,0.0,0.0,1.703000000000121e-05,0.04947277936796625,0.0,0.00333051,-0.00270741,0.0,0.0,,1783310399999,2026-07-06 03:59:59 UTC,3292,-2288.0,-41.00358422939068,4484776.0,-2890682.0,-39.19325416808014,154848.28705,-103639.81543999998,-40.09461729249587,binance_kline_quote_asset_volume,1362.325637910085,47.03775426792224,0.0006900000000000031,1.9827586206896644,-0.0003599999999999992,-1.0344827586206873,0.0003599999999999992,1.0344827586206873,0.0001500000000000043,21.73913043478313,0.0001799999999999996,26.08695652173896,0.2608695652173896,1773333.0,2711443.0,39.54117217894495,60.45882782105505,61253.53249,-45979.0845,-42.877890879309405,93594.75456000002,-57660.730939999994,-38.12141473705427,39.55712630532453,60.44287369467547,0.6540181740866394,0.65445475847402,-32341.222070000018,-20.885747389350932,161498513.0,5618533.26727,-474461.0,-0.29292602851139843,-71974.14313630015,-1.2648106389366995,1783296000000,2026-07-06 00:00:00 UTC,EXACT_CANDLE_OPEN,0.0,14399.999,161498513.0,-474461.0,-0.29292602851139843,161498513.0,-474461.0,-0.29292602851139843,5618533.26727,-71974.14313630015,-1.2648106389366995,0.03479,5618533.26727,-71974.14313630015,-1.2648106389366995,5618533.267270001,-71974.14313630015,-1.264810638936699,5618533.267270001,-71974.14313630015,-1.264810638936699,5618533.267270001,-71974.14313630015,-1.264810638936699,sumOpenInterest * mark_open,5559258.4680436095,-75781.29741639085,-1.3448227620485063,-0.0029335589647096084,-0.009795215644237843,-0.01060591506055294,-0.012728774608947451,-0.013539474025262548,-0.29292602851139843,-0.9747398772360057,-1.054987065248647,0.0,1.0662357141176497,0.0,ALIGNED_OI_TIMESTAMP_MARK_OPEN,1,0.0,ALIGNED_OI_TIMESTAMP_MARK_OPEN,1,5.0132,0.2395000000000005,5.017072710895124,83.37,16.63,1783296000000,2026-07-06 00:00:00 UTC,0.0,1.4361,0.011800000000000033,0.8284771466685412,58.95,41.05,1783296000000,2026-07-06 00:00:00 UTC,0.0,4.5494,0.09390000000000054,2.10750757490743,81.98,18.02,1783296000000,2026-07-06 00:00:00 UTC,0.0,-3.5771000000000006,-0.4638,3.1133000000000006,1783296000000,2026-07-06 00:00:00 UTC,5e-05,0.03479,0.0
FINAL_REAL_MARK_PREMIUM_OI_SYNC_AUDIT_2026_07_12,1783310400000,2026-07-06 04:00:00 UTC,LYNUSDT,1783310400000,2026-07-06 04:00:00 UTC,1783324799999,2026-07-06 07:59:59 UTC,True,0.03444,0.03553,0.03431,0.03456,0.00012000000000000205,0.3484320557491349,47.34260295085162,0.034424,0.0355,0.03432,0.03456,0.00013703000000000326,0.3980772141392892,1783324799999,2026-07-06 07:59:59 UTC,1783310400000,2026-07-06 04:00:00 UTC,0.0,0.0,0.0,0.0,0.00043093,0.00684253,-0.00119119,0.00123836,0.00123836,,1783324799999,2026-07-06 07:59:59 UTC,5247,1955.0,59.38639125151883,7471951.0,2987175.0,66.60700556727916,260048.03483,105199.74777999998,67.93730158993061,binance_kline_quote_asset_volume,1424.0425004764627,49.56127974652182,0.0012199999999999989,3.5423925667828073,0.00012000000000000205,0.3484320557491349,0.00012000000000000205,0.3484320557491349,0.0009699999999999986,79.50819672131144,0.00012999999999999817,10.655737704917893,0.2049180327868856,3619173.0,3852778.0,48.4367871256115,51.5632128743885,126073.44251,64819.910019999996,105.82232139931233,133974.59232,40379.83775999998,43.14327010079823,48.48082877935125,51.51917122064875,0.939367126784881,0.9410250132269259,-7901.149810000003,-3.038342441297503,161474379.0,5558427.70408563,-24134.0,-0.014943790844687221,-60105.563184369355,-1.0697732010328411,1783310400000,2026-07-06 04:00:00 UTC,EXACT_CANDLE_OPEN,0.0,14399.999,161474379.0,-24134.0,-0.014943790844687221,161474379.0,-24134.0,-0.014943790844687221,5558427.70408563,-60105.563184369355,-1.0697732010328411,0.034422970000000004,5558427.70408563,-60105.563184369355,-1.0697732010328411,5558594.0226960005,-59939.24457400013,-1.0668130225937795,5558594.0226960005,-59939.24457400013,-1.0668130225937795,5558594.0226960005,-59939.24457400013,-1.0668130225937795,sumOpenInterest * mark_open,5580554.53824,21296.070196390152,0.38307393546831386,-0.00014944907540366875,-0.010575993627552063,0.003972869832557144,-0.010725442702955732,0.0038234207571534755,-0.014943790844687221,-1.052026444380564,0.3980772141392892,-0.0029920985359025306,-0.396498842592582,2.015774322758097e-14,ALIGNED_OI_TIMESTAMP_MARK_OPEN,0,-0.0029920985359025306,ALIGNED_OI_TIMESTAMP_MARK_OPEN,0,4.9137,-0.09949999999999992,-1.984760232984918,83.09,16.91,1783310400000,2026-07-06 04:00:00 UTC,0.0,1.4243,-0.011800000000000033,-0.821669800153195,58.75,41.25,1783310400000,2026-07-06 04:00:00 UTC,0.0,4.5741,0.024699999999999278,0.5429287378555254,82.06,17.94,1783310400000,2026-07-06 04:00:00 UTC,0.0,-3.4894000000000007,-0.3396000000000008,3.1498,1783310400000,2026-07-06 04:00:00 UTC,5e-05,0.034424,0.0
FINAL_REAL_MARK_PREMIUM_OI_SYNC_AUDIT_2026_07_12,1783324800000,2026-07-06 08:00:00 UTC,LYNUSDT,1783324800000,2026-07-06 08:00:00 UTC,1783339199999,2026-07-06 11:59:59 UTC,True,0.03456,0.03504,0.03425,0.03489,0.00032999999999999696,0.9548611111111024,50.93433933332238,0.03456,0.03498,0.03427,0.03489302,0.0003330199999999964,0.9635995370370265,1783339199999,2026-07-06 11:59:59 UTC,1783324800000,2026-07-06 08:00:00 UTC,0.0,0.0,-3.019999999999412e-06,-0.008655026134164977,9.86e-05,0.00938705,0.0,0.0,-0.00123836,-100.0,1783339199999,2026-07-06 11:59:59 UTC,4729,-518.0,-9.872307985515533,8059775.0,587824.0,7.867075145433904,279074.70993,19026.675100000022,7.316600224430937,binance_kline_quote_asset_volume,1704.329668005921,59.01347217805033,0.000789999999999999,2.285879629629627,0.00032999999999999696,0.9548611111111024,0.00032999999999999696,0.9548611111111024,0.0001500000000000043,18.987341772152465,0.0003099999999999978,39.240506329113686,0.8101265822784753,4612252.0,3447523.0,57.225567711257455,42.77443228874255,159816.30242,33742.85991,26.76444716524938,119258.40751000002,-14716.184809999977,-10.984310200287965,57.26649414419763,42.73350585580237,1.337845171736345,1.3400841563861996,40557.89490999997,14.532988288395272,160874747.0,5559831.25632,-599632.0,-0.3713480762170945,1403.55223436933,0.02525088584560832,1783324800000,2026-07-06 08:00:00 UTC,EXACT_CANDLE_OPEN,0.0,14399.999,160874747.0,-599632.0,-0.3713480762170945,160874747.0,-599632.0,-0.3713480762170945,5559831.25632,1403.55223436933,0.02525088584560832,0.03456,5559831.25632,1403.55223436933,0.02525088584560832,5559831.25632,1237.233623999171,0.022258031778314587,5559831.25632,1237.233623999171,0.022258031778314587,5559831.25632,1237.233623999171,0.022258031778314587,sumOpenInterest * mark_open,5613405.764565939,32851.22632593941,0.5886731524767082,-0.0037203928490969025,0.003942948399556386,0.009589865269859358,0.0002225555504594837,0.005869472420762456,-0.3713480762170945,0.3950732047408704,0.9635995370370265,0.0,-0.9544029149669373,0.0,ALIGNED_OI_TIMESTAMP_MARK_OPEN,1,0.0,ALIGNED_OI_TIMESTAMP_MARK_OPEN,1,4.767,-0.14670000000000005,-2.985530252152147,82.66,17.34,1783324800000,2026-07-06 08:00:00 UTC,0.0,1.4207,-0.0035999999999998256,-0.2527557396615759,58.69,41.31,1783324800000,2026-07-06 08:00:00 UTC,0.0,4.5157,-0.058399999999999785,-1.2767538969414702,81.87,18.13,1783324800000,2026-07-06 08:00:00 UTC,0.0,-3.3463000000000003,-0.2513000000000005,3.0949999999999998,1783324800000,2026-07-06 08:00:00 UTC,0.00034254,0.03456,0.0
FINAL_REAL_MARK_PREMIUM_OI_SYNC_AUDIT_2026_07_12,1783339200000,2026-07-06 12:00:00 UTC,LYNUSDT,1783339200000,2026-07-06 12:00:00 UTC,1783353599999,2026-07-06 15:59:59 UTC,True,0.0349,0.03533,0.0344,0.03466,-0.0002299999999999941,-0.6592146746918719,48.453662146065795,0.03489402,0.03530381,0.03443,0.03466,-0.0002330199999999935,-0.667812645623662,1783353599999,2026-07-06 15:59:59 UTC,1783339200000,2026-07-06 12:00:00 UTC,0.0,0.0,0.0,0.0,0.0,0.00562564,-0.00394897,0.00016417,0.00016417,,1783353599999,2026-07-06 15:59:59 UTC,6741,2012.0,42.545992810319305,10027168.0,1967393.0,24.41002385302319,347963.11566,68888.40573,24.684574875050195,binance_kline_quote_asset_volume,1487.4896899569796,51.61891643079662,0.0009300000000000003,2.664756446991405,-0.00023999999999999716,-0.6876790830945477,0.00023999999999999716,0.6876790830945477,0.0004299999999999998,46.236559139784916,0.0002600000000000033,27.956989247312176,0.27956989247312175,3534896.0,6492272.0,35.25318414930317,64.74681585069682,122915.99155,-36900.31086999999,-23.089203235991114,225047.12411,105788.71659999999,88.70545801236649,35.32443124520792,64.67556875479208,0.5444774957056636,0.5461789038011449,-102131.13256,-29.35113750958417,161198862.0,5625840.2838,324115.0,0.20147040231242755,66009.02748000063,1.1872487569648182,1783339200000,2026-07-06 12:00:00 UTC,EXACT_CANDLE_OPEN,0.0,14399.999,161198862.0,324115.0,0.20147040231242755,161198862.0,324115.0,0.20147040231242755,5625840.2838,66009.02748000063,1.1872487569648182,0.0349,5625840.2838,66009.02748000063,1.1872487569648182,5624876.31460524,65045.058285240084,1.1699106553153342,5624876.31460524,65045.058285240084,1.1699106553153342,5624876.31460524,65045.058285240084,1.1699106553153342,sumOpenInterest * mark_open,5587152.55692,-26253.20764593873,-0.46768768813506184,0.0020126772287777338,0.009618523886131642,-0.00670052491825425,0.011631201114909376,-0.004687847689476516,0.20147040231242755,0.9664930555555479,-0.667812645623662,0.017137606959595514,0.6924408540103784,0.020004000800170493,ALIGNED_OI_TIMESTAMP_MARK_OPEN,1,0.017137606959595514,ALIGNED_OI_TIMESTAMP_MARK_OPEN,1,4.6948,-0.07220000000000049,-1.5145794000419652,82.44,17.560000000000002,1783339200000,2026-07-06 12:00:00 UTC,0.0,1.4201,-0.000600000000000156,-0.042232702189072706,58.68,41.32,1783339200000,2026-07-06 12:00:00 UTC,0.0,4.4377,-0.0779999999999994,-1.7273069513032178,81.61,18.39,1783339200000,2026-07-06 12:00:00 UTC,0.0,-3.2747,-0.25709999999999944,3.0176000000000007,1783324800000,2026-07-06 08:00:00 UTC,0.00034254,0.03456,14400.0
FINAL_REAL_MARK_PREMIUM_OI_SYNC_AUDIT_2026_07_12,1783353600000,2026-07-06 16:00:00 UTC,LYNUSDT,1783353600000,2026-07-06 16:00:00 UTC,1783367999999,2026-07-06 19:59:59 UTC,True,0.03469,0.03684,0.03458,0.03549,0.0008299999999999974,2.3946912867859127,56.6573634812212,0.03466,0.03679,0.03460308,0.0354312,0.0007711999999999997,2.2250432775533744,1783367999999,2026-07-06 19:59:59 UTC,1783353600000,2026-07-06 16:00:00 UTC,0.0,0.0,5.879999999999774e-05,0.16595542911331745,0.00042732,0.00761716,-0.02275381,0.0,-0.00016417,-100.0,1783367999999,2026-07-06 19:59:59 UTC,22411,15670.0,232.45809227117638,43900014.0,33872846.0,337.81069590137514,1579284.19385,1231321.0781899998,353.8654020425378,binance_kline_quote_asset_volume,1958.8601133372006,70.46915326625317,0.002259999999999998,6.514845776880939,0.0008000000000000021,2.3061400980109603,0.0008000000000000021,2.3061400980109603,0.001349999999999997,59.7345132743362,0.00010999999999999899,4.867256637168101,0.40265486725663796,18868699.0,25031315.0,42.98107740922361,57.0189225907764,679934.62595,557018.6344,453.17019158846784,899349.5678999999,674302.4437899999,299.6272209461384,43.05334205191064,56.94665794808935,0.7538037454284763,0.7560293018627469,-219414.9419499999,-13.893315896178715,161054267.0,5582140.89422,-144595.0,-0.0896997647539224,-43699.38958000019,-0.7767620013286839,1783353600000,2026-07-06 16:00:00 UTC,EXACT_CANDLE_OPEN,0.0,14399.999,161054267.0,-144595.0,-0.0896997647539224,161054267.0,-144595.0,-0.0896997647539224,5582140.89422,-43699.38958000019,-0.7767620013286839,0.03466,5582140.89422,-43699.38958000019,-0.7767620013286839,5582140.89422,-42735.420385239646,-0.7597575127878855,5582140.89422,-42735.420385239646,-0.7597575127878855,5582140.89422,-42735.420385239646,-0.7597575127878855,sumOpenInterest * mark_open,5706345.944930401,119193.38801040035,2.133347654213821,-0.0008974001906672621,-0.006729183534526505,0.02200650361839074,-0.007626583725193767,0.02110910342772348,-0.0896997647539224,-0.6706593278733564,2.2250432775533744,0.0,-2.176612702928491,0.0,ALIGNED_OI_TIMESTAMP_MARK_OPEN,1,0.0,ALIGNED_OI_TIMESTAMP_MARK_OPEN,1,4.8617,0.16690000000000005,3.5549970179773376,82.94,17.06,1783353600000,2026-07-06 16:00:00 UTC,0.0,1.4047,-0.015399999999999858,-1.0844306738961946,58.41,41.589999999999996,1783353600000,2026-07-06 16:00:00 UTC,0.0,4.531,0.09329999999999927,2.1024404533879997,81.92,18.08,1783353600000,2026-07-06 16:00:00 UTC,0.0,-3.457,-0.3307000000000002,3.1262999999999996,1783353600000,2026-07-06 16:00:00 UTC,5e-05,0.03466,0.0
FINAL_REAL_MARK_PREMIUM_OI_SYNC_AUDIT_2026_07_12,1783368000000,2026-07-06 20:00:00 UTC,LYNUSDT,1783368000000,2026-07-06 20:00:00 UTC,1783382399999,2026-07-06 23:59:59 UTC,True,0.03549,0.03566,0.03496,0.03513,-0.0003599999999999992,-1.0143702451394736,52.736914272799154,0.03544427,0.03564652,0.03495435,0.03512787,-0.00030333000000000443,-0.8561098692677763,1783382399999,2026-07-06 23:59:59 UTC,1783368000000,2026-07-06 20:00:00 UTC,0.0,0.0,2.130000000002963e-06,0.006063561496905343,0.0008587,0.00409767,-0.0016142,0.00181739,0.00181739,,1783382399999,2026-07-06 23:59:59 UTC,5639,-16772.0,-74.8382490741154,6777787.0,-37122227.0,-84.56085458195982,239398.34171,-1339885.8521399999,-84.8413387126739,binance_kline_quote_asset_volume,1201.9483951055151,42.454041799964536,0.0006999999999999992,1.972386587771201,-0.0003599999999999992,-1.0143702451394736,0.0003599999999999992,1.0143702451394736,0.00016999999999999654,24.28571428571382,0.00017000000000000348,24.28571428571481,0.2428571428571481,2996031.0,3781756.0,44.203675919588505,55.796324080411495,105888.99868,-574045.62727,-84.42659122822982,133509.34303,-765840.2248699999,-85.15489996378749,44.231299984638476,55.76870001536152,0.792232761711755,0.7931205133426984,-27620.344349999985,-11.537400030723038,154060341.0,5460710.38303707,-6993926.0,-4.342589693696225,-121430.51118293032,-2.175339416972885,1783368000000,2026-07-06 20:00:00 UTC,EXACT_CANDLE_OPEN,0.0,14399.999,154060341.0,-6993926.0,-4.342589693696225,154060341.0,-6993926.0,-4.342589693696225,5460710.38303707,-121430.51118293032,-2.175339416972885,0.03544527,5460710.38303707,-121430.51118293032,-2.175339416972885,5460556.32269607,-121584.57152392995,-2.178099296093083,5460556.32269607,-121584.57152392995,-2.178099296093083,5460556.32269607,-121584.57152392995,-2.178099296093083,sumOpenInterest * mark_open,5411811.63080367,-294534.3141267309,-5.161522224014465,-0.04439701995788031,0.022375319518959845,-0.008597955404819595,-0.022021700438920468,-0.05299497536269991,-4.342589693696225,2.262752452394681,-0.8561098692677763,0.002821330499967978,0.9035560653122504,0.0397107633949682,ALIGNED_OI_TIMESTAMP_MARK_OPEN,1,0.002821330499967978,ALIGNED_OI_TIMESTAMP_MARK_OPEN,1,5.035,0.17330000000000023,3.5645967459942045,83.43,16.57,1783368000000,2026-07-06 20:00:00 UTC,0.0,1.3549,-0.049800000000000066,-3.5452409767210127,57.53,42.47,1783368000000,2026-07-06 20:00:00 UTC,0.0,4.6148,0.0838000000000001,1.8494813506952132,82.19,17.810000000000002,1783368000000,2026-07-06 20:00:00 UTC,0.0,-3.6801000000000004,-0.42020000000000035,3.2599,1783353600000,2026-07-06 16:00:00 UTC,5e-05,0.03466,14400.0
FINAL_REAL_MARK_PREMIUM_OI_SYNC_AUDIT_2026_07_12,1783382400000,2026-07-07 00:00:00 UTC,LYNUSDT,1783382400000,2026-07-07 00:00:00 UTC,1783396799999,2026-07-07 03:59:59 UTC,True,0.03514,0.0357,0.03506,0.03566,0.0005299999999999958,1.5086820381440242,57.40943197244124,0.03512787,0.03568,0.0350868,0.03566,0.0005321299999999987,1.5148370795041053,1783396799999,2026-07-07 03:59:59 UTC,1783382400000,2026-07-07 00:00:00 UTC,0.0,0.0,0.0,0.0,0.00187037,0.00534211,-0.00071514,0.00298048,0.00116309,63.99782105106774,1783396799999,2026-07-07 03:59:59 UTC,4995,-644.0,-11.42046462138677,8267660.0,1489873.0,21.981702877355104,292425.23124,53026.889529999986,22.15006551475414,binance_kline_quote_asset_volume,1655.1871871871872,58.543589837837835,0.0006400000000000017,1.8212862834376828,0.0005199999999999996,1.4797951052931124,0.0005199999999999996,1.4797951052931124,4.000000000000531e-05,6.250000000000814,7.999999999999674e-05,12.499999999999458,0.9374999999999919,3319850.0,4947810.0,40.154650771802416,59.84534922819758,117399.44873,11510.45005,10.87029832512153,175025.78251,41516.43948,31.096280258581693,40.14682598768217,59.85317401231782,0.6709736226734656,0.6707551713033619,-57626.333779999986,-19.706348024635655,153716931.0,5399748.36896697,-343410.0,-0.2229061663572457,-60962.01407010015,-1.1163751562337034,1783382400000,2026-07-07 00:00:00 UTC,EXACT_CANDLE_OPEN,0.0,14399.999,153716931.0,-343410.0,-0.2229061663572457,153716931.0,-343410.0,-0.2229061663572457,5399748.36896697,-60962.01407010015,-1.1163751562337034,0.03512787,5399748.36896697,-60962.01407010015,-1.1163751562337034,5399748.36896697,-60807.953729100525,-1.113585322366522,5399748.36896697,-60807.953729100525,-1.113585322366522,5399748.36896697,-60807.953729100525,-1.113585322366522,sumOpenInterest * mark_open,5481545.759459999,69734.12865632959,1.288554247886375,-0.0022315497195636155,-0.008966771305388652,0.015034779933963028,-0.011198321024952267,0.012803230214399414,-0.2229061663572457,-0.8926689701889794,1.5148370795041053,0.0,-1.4922321929332552,0.0,ALIGNED_OI_TIMESTAMP_MARK_OPEN,1,0.0,ALIGNED_OI_TIMESTAMP_MARK_OPEN,1,5.1312,0.09619999999999962,1.9106256206554044,83.69,16.31,1783382400000,2026-07-07 00:00:00 UTC,0.0,1.3392,-0.015700000000000047,-1.1587571038453057,57.25,42.75,1783382400000,2026-07-07 00:00:00 UTC,0.0,4.6022,-0.012599999999999945,-0.273034584380687,82.15,17.849999999999998,1783382400000,2026-07-07 00:00:00 UTC,0.0,-3.792,-0.5289999999999999,3.263,1783382400000,2026-07-07 00:00:00 UTC,0.00017417,0.03512787,0.0
FINAL_REAL_MARK_PREMIUM_OI_SYNC_AUDIT_2026_07_12,1783396800000,2026-07-07 04:00:00 UTC,LYNUSDT,1783396800000,2026-07-07 04:00:00 UTC,1783411199999,2026-07-07 07:59:59 UTC,True,0.03566,0.0358,0.0351,0.03537,-0.0002899999999999986,-0.8132361189007252,54.24913075774393,0.03566,0.0357728,0.03513378,0.0353655,-0.00029449999999999615,-0.8258553000560745,1783411199999,2026-07-07 07:59:59 UTC,1783396800000,2026-07-07 04:00:00 UTC,0.0,0.0,4.4999999999975615e-06,0.012724265173679323,0.00283949,0.00512553,-0.00209729,0.00023914,-0.00274134,-91.97646016748979,1783411199999,2026-07-07 07:59:59 UTC,4366,-629.0,-12.592592592592592,8033444.0,-234216.0,-2.832917657475029,285406.24077,-7018.990470000019,-2.400268417412783,binance_kline_quote_asset_volume,1840.0009161704077,65.37018799129638,0.0006999999999999992,1.96298373527762,-0.0002899999999999986,-0.8132361189007252,0.0002899999999999986,0.8132361189007252,0.00014000000000000123,20.0000000000002,0.0002699999999999994,38.57142857142853,0.3857142857142853,2437069.0,5596375.0,30.336540592054916,69.66345940794508,86431.88287,-30967.565860000002,-26.377948274033603,198974.35789999997,23948.575389999984,13.682884342272086,30.283809715167642,69.71619028483235,0.4354727837216055,0.4343870425426311,-112542.47502999997,-39.432380569664716,153979062.0,5490893.35092,262131.0,0.17052838506123963,91144.98195303045,1.687948691773344,1783396800000,2026-07-07 04:00:00 UTC,EXACT_CANDLE_OPEN,0.0,14399.999,153979062.0,262131.0,0.17052838506123963,153979062.0,262131.0,0.17052838506123963,5490893.35092,91144.98195303045,1.687948691773344,0.035660000000000004,5490893.35092,91144.98195303045,1.687948691773344,5490893.350919999,91144.98195302952,1.687948691773327,5490893.350919999,91144.98195302952,1.687948691773327,5490893.350919999,91144.98195302952,1.687948691773327,sumOpenInterest * mark_open,5445546.5171610005,-35999.24229899887,-0.6567352327009535,0.0017038315049801168,0.015034779933963028,-0.008292843774682323,0.016738611438943146,-0.006589012269702206,0.17052838506123963,1.5148370795041053,-0.8258553000560745,1.9458479820267047e-14,0.8327324652556957,1.9458479820267047e-14,ALIGNED_OI_TIMESTAMP_MARK_OPEN,1,1.9458479820267047e-14,ALIGNED_OI_TIMESTAMP_MARK_OPEN,1,5.0241,-0.10709999999999997,-2.087231057062675,83.39999999999999,16.6,1783396800000,2026-07-07 04:00:00 UTC,0.0,1.392,0.05279999999999996,3.9426523297491007,58.19,41.81,1783396800000,2026-07-07 04:00:00 UTC,0.0,4.6465,0.044299999999999784,0.9625831124244879,82.28999999999999,17.71,1783396800000,2026-07-07 04:00:00 UTC,0.0,-3.6321,-0.37760000000000016,3.2544999999999997,1783396800000,2026-07-07 04:00:00 UTC,8.465e-05,0.03566,0.0
FINAL_REAL_MARK_PREMIUM_OI_SYNC_AUDIT_2026_07_12,1783411200000,2026-07-07 08:00:00 UTC,LYNUSDT,1783411200000,2026-07-07 08:00:00 UTC,1783425599999,2026-07-07 11:59:59 UTC,True,0.03537,0.03552,0.03494,0.03525,-0.00012000000000000205,-0.3392705682782077,52.95021528560881,0.0353655,0.03547865,0.03497,0.03524497,-0.00012053000000000064,-0.3408123736409796,1783425599999,2026-07-07 11:59:59 UTC,1783411200000,2026-07-07 08:00:00 UTC,0.0,0.0,5.029999999996149e-06,0.014271540023998172,0.00024287,0.00403796,-0.00114894,0.00071515,0.00047601,199.0507652421176,1783425599999,2026-07-07 11:59:59 UTC,4318,-48.0,-1.0994044892349977,5568566.0,-2464878.0,-30.682705947785283,196173.21117,-89233.02959999998,-31.265269238422196,binance_kline_quote_asset_volume,1289.616952292728,45.431498649837884,0.0005800000000000041,1.6398077466779877,-0.00012000000000000205,-0.3392705682782077,0.00012000000000000205,0.3392705682782077,0.0001500000000000043,25.8620689655178,0.0003099999999999978,53.44827586206821,0.5344827586206821,2514733.0,3053833.0,45.15943601997354,54.84056398002646,88634.67084,2202.787970000005,2.548582648966658,107538.54032999999,-91435.81756999998,-45.9535683567596,45.18184226652174,54.81815773347826,0.823467753475714,0.8242130734526404,-18903.869489999983,-9.63631546695652,154292240.0,5456622.21372,313178.0,0.20338999077679792,-34271.137199999765,-0.6241450162978968,1783411200000,2026-07-07 08:00:00 UTC,EXACT_CANDLE_OPEN,0.0,14399.999,154292240.0,313178.0,0.20338999077679792,154292240.0,313178.0,0.20338999077679792,5456622.21372,-34271.137199999765,-0.6241450162978968,0.0353655,5456622.21372,-34271.137199999765,-0.6241450162978968,5456622.21372,-34271.13719999883,-0.6241450162978799,5456622.21372,-34271.13719999883,-0.6241450162978799,5456622.21372,-34271.13719999883,-0.6241450162978799,sumOpenInterest * mark_open,5438025.3700328,-7521.1471282001585,-0.1381155611194973,0.0020318343336570913,-0.008292843774682323,-0.003413944619400445,-0.006261009441025232,-0.0013821102857433537,0.20338999077679792,-0.8258553000560745,-0.3408123736409796,0.0,0.34197787655940876,0.0,ALIGNED_OI_TIMESTAMP_MARK_OPEN,0,0.0,ALIGNED_OI_TIMESTAMP_MARK_OPEN,0,4.9809,-0.04319999999999968,-0.8598554965068308,83.28,16.72,1783411200000,2026-07-07 08:00:00 UTC,0.0,1.3621,-0.029899999999999816,-2.1479885057471133,57.66,42.34,1783411200000,2026-07-07 08:00:00 UTC,0.0,4.6465,0.0,0.0,82.28999999999999,17.71,1783411200000,2026-07-07 08:00:00 UTC,0.0,-3.6188000000000002,-0.3344000000000005,3.2843999999999998,1783411200000,2026-07-07 08:00:00 UTC,6.22e-05,0.0353655,0.0
FINAL_REAL_MARK_PREMIUM_OI_SYNC_AUDIT_2026_07_12,1783425600000,2026-07-07 12:00:00 UTC,LYNUSDT,1783425600000,2026-07-07 12:00:00 UTC,1783439999999,2026-07-07 15:59:59 UTC,True,0.03524,0.03571,0.03498,0.03518,-6.999999999999368e-05,-0.19858156028367005,52.16556969572134,0.03524497,0.03569119,0.03501928,0.035175,-6.997000000000253e-05,-0.19852478240158108,1783439999999,2026-07-07 15:59:59 UTC,1783425600000,2026-07-07 12:00:00 UTC,0.0,0.0,5.0000000000050004e-06,0.01421464108032694,0.00071515,0.00669171,-0.00231083,0.00032972,-0.00038543000000000003,-53.89498706565057,1783439999999,2026-07-07 15:59:59 UTC,5760,1442.0,33.3950903195924,8182052.0,2613486.0,46.93283692785539,288639.38622,92466.17504999999,47.13496531892448,binance_kline_quote_asset_volume,1420.495138888889,50.11100455208333,0.0007300000000000015,2.0715096481271322,-5.9999999999997555e-05,-0.17026106696934606,5.9999999999997555e-05,0.17026106696934606,0.0004699999999999982,64.38356164383524,0.00020000000000000573,27.397260273973334,0.27397260273973334,4142290.0,4039762.0,50.62654209481925,49.37345790518076,146347.11825,57712.44740999999,65.11272266603251,142292.26797,34753.72764,32.31746268207879,50.70240765356073,49.29759234643927,1.0253797129632884,1.0284966311792494,4054.8502800000133,1.404815307121468,154658776.0,5450943.92035672,366536.0,0.23755958173917235,-5678.293363280594,-0.10406242435115316,1783425600000,2026-07-07 12:00:00 UTC,EXACT_CANDLE_OPEN,0.0,14399.999,154658776.0,366536.0,0.23755958173917235,154658776.0,366536.0,0.23755958173917235,5450943.92035672,-5678.293363280594,-0.10406242435115316,0.03524497,5450943.92035672,-5678.293363280594,-0.10406242435115316,5450943.92035672,-5678.293363280594,-0.10406242435115316,5450943.92035672,-5678.293363280594,-0.10406242435115316,5450943.92035672,-5678.293363280594,-0.10406242435115316,sumOpenInterest * mark_open,5440122.4458,2097.075767199509,0.03856318469486765,0.00237277855055723,-0.003413944619400445,-0.001987221040458753,-0.001041166068843215,0.0003855575100984768,0.23755958173917235,-0.3408123736409796,-0.19852478240158108,0.0,0.19891968727790343,0.0,ALIGNED_OI_TIMESTAMP_MARK_OPEN,0,0.0,ALIGNED_OI_TIMESTAMP_MARK_OPEN,0,5.079,0.09809999999999963,1.9695235800758826,83.55,16.45,1783425600000,2026-07-07 12:00:00 UTC,0.0,1.3654,0.0032999999999998586,0.24227296086923564,57.720000000000006,42.28,1783425600000,2026-07-07 12:00:00 UTC,0.0,4.7405,0.0940000000000003,2.0230280856558767,82.58,17.419999999999998,1783425600000,2026-07-07 12:00:00 UTC,0.0,-3.7135999999999996,-0.3384999999999998,3.3750999999999998,1783411200000,2026-07-07 08:00:00 UTC,6.22e-05,0.0353655,14400.0
FINAL_REAL_MARK_PREMIUM_OI_SYNC_AUDIT_2026_07_12,1783440000000,2026-07-07 16:00:00 UTC,LYNUSDT,1783440000000,2026-07-07 16:00:00 UTC,1783454399999,2026-07-07 19:59:59 UTC,True,0.03517,0.0356,0.03465,0.03546,0.00027999999999999553,0.7959067652074915,55.03580377736417,0.035175,0.03587104,0.03469301,0.03545097,0.0002759700000000004,0.7845628997867815,1783454399999,2026-07-07 19:59:59 UTC,1783440000000,2026-07-07 16:00:00 UTC,0.0,0.0,9.030000000000149e-06,0.02547179950224253,0.00010471,0.00199877,-0.01838582,0.0,-0.00032972,-100.0,1783454399999,2026-07-07 19:59:59 UTC,14898,9138.0,158.64583333333334,29476901.0,21294849.0,260.26293893023416,1043322.08924,754682.70302,261.46213547058454,binance_kline_quote_asset_volume,1978.581084709357,70.03101686400859,0.0009499999999999995,2.701165766278076,0.0002899999999999986,0.8245663918111987,0.0002899999999999986,0.8245663918111987,0.00014000000000000123,14.736842105263296,0.0005199999999999996,54.73684210526315,0.8526315789473671,18188772.0,11288129.0,61.70517043158641,38.29482956841358,644792.03075,498444.91250000003,340.59086264242177,398530.05848999997,256237.79051999998,180.07850614484798,61.80181915056488,38.19818084943511,1.611318580785177,1.6179257173049078,246261.97226000007,23.60363830112978,155091537.0,5455344.813975,432761.0,0.2798166461630344,4400.893618280068,0.08073635837354322,1783440000000,2026-07-07 16:00:00 UTC,EXACT_CANDLE_OPEN,0.0,14399.999,155091537.0,432761.0,0.2798166461630344,155091537.0,432761.0,0.2798166461630344,5455344.813975,4400.893618280068,0.08073635837354322,0.035175,5455344.813975,4400.893618280068,0.08073635837354322,5455344.813975,4400.893618280068,0.08073635837354322,5455344.813975,4400.893618280068,0.08073635837354322,5455344.813975,4400.893618280068,0.08073635837354322,sumOpenInterest * mark_open,5498145.42544089,58022.97964088991,1.0665748835430362,0.002794258881532682,-0.001987221040458753,0.007815012085707482,0.0008070378410739289,0.010609270967240163,0.2798166461630344,-0.19852478240158108,0.7845628997867815,0.0,-0.7784554273127093,0.0,ALIGNED_OI_TIMESTAMP_MARK_OPEN,1,0.0,ALIGNED_OI_TIMESTAMP_MARK_OPEN,1,5.0496,-0.02939999999999987,-0.5788541051388043,83.47,16.53,1783440000000,2026-07-07 16:00:00 UTC,0.0,1.3566,-0.008799999999999919,-0.6444997802841599,57.57,42.43,1783440000000,2026-07-07 16:00:00 UTC,0.0,4.7307,-0.009800000000000253,-0.2067292479696288,82.55,17.45,1783440000000,2026-07-07 16:00:00 UTC,0.0,-3.6929999999999996,-0.3189000000000002,3.3740999999999994,1783440000000,2026-07-07 16:00:00 UTC,9.244e-05,0.035175,0.0
FINAL_REAL_MARK_PREMIUM_OI_SYNC_AUDIT_2026_07_12,1783454400000,2026-07-07 20:00:00 UTC,LYNUSDT,1783454400000,2026-07-07 20:00:00 UTC,1783468799999,2026-07-07 23:59:59 UTC,True,0.03547,0.03563,0.03516,0.03558,0.00012000000000000205,0.33840947546531885,56.24748297412526,0.03545097,0.03569787,0.03520526,0.03558,0.0001290300000000022,0.36396747395064843,1783468799999,2026-07-07 23:59:59 UTC,1783454400000,2026-07-07 20:00:00 UTC,0.0,0.0,0.0,0.0,0.0,0.00187753,-0.00564723,0.0,0.0,,1783468799999,2026-07-07 23:59:59 UTC,7370,-7528.0,-50.530272519801315,12073583.0,-17403318.0,-59.04052803922638,428888.8869,-614433.2023400001,-58.89199593076566,binance_kline_quote_asset_volume,1638.2066485753053,58.19387881953867,0.00047000000000000514,1.325063433887807,0.00010999999999999899,0.31012122920777835,0.00010999999999999899,0.31012122920777835,5.000000000000143e-05,10.638297872340614,0.0003100000000000047,65.95744680851092,0.8936170212765938,5668555.0,6405028.0,46.95006445062745,53.04993554937254,201548.46836,-443243.56239000004,-68.74209687027836,227340.41853999998,-171189.63994999998,-42.95526430267882,46.99316641584914,53.00683358415086,0.8850164277189733,0.8865492095702201,-25791.950179999985,-6.013667168301717,144853709.0,5135204.49214773,-10237828.0,-6.601151937774658,-320140.3218272701,-5.868379227050215,1783454400000,2026-07-07 20:00:00 UTC,EXACT_CANDLE_OPEN,0.0,14399.999,144853709.0,-10237828.0,-6.601151937774658,144853709.0,-10237828.0,-6.601151937774658,5135204.49214773,-320140.3218272701,-5.868379227050215,0.03545097,5135204.49214773,-320140.3218272701,-5.868379227050215,5135204.49214773,-320140.3218272701,-5.868379227050215,5135204.49214773,-320140.3218272701,-5.868379227050215,5135204.49214773,-320140.3218272701,-5.868379227050215,sumOpenInterest * mark_open,5153894.96622,-344250.45922088996,-6.261210509783577,-0.06829117421023624,0.007815012085707482,0.0036330671515289524,-0.06047616212452876,-0.0646581070587073,-6.601151937774658,0.7845628997867815,0.36396747395064843,0.0,-0.362647554806077,0.0,ALIGNED_OI_TIMESTAMP_MARK_OPEN,0,0.0,ALIGNED_OI_TIMESTAMP_MARK_OPEN,0,5.1614,0.11180000000000057,2.2140367553865765,83.77,16.23,1783454400000,2026-07-07 20:00:00 UTC,0.0,1.2933,-0.06330000000000013,-4.666076957098639,56.38999999999999,43.61,1783454400000,2026-07-07 20:00:00 UTC,0.0,4.6689,-0.061799999999999855,-1.3063605808865466,82.36,17.64,1783454400000,2026-07-07 20:00:00 UTC,0.0,-3.8681000000000005,-0.4925000000000006,3.3756,1783454400000,2026-07-07 20:00:00 UTC,-0.00051812,0.03545097,0.0
FINAL_REAL_MARK_PREMIUM_OI_SYNC_AUDIT_2026_07_12,1783468800000,2026-07-08 00:00:00 UTC,LYNUSDT,1783468800000,2026-07-08 00:00:00 UTC,1783483199999,2026-07-08 03:59:59 UTC,True,0.03558,0.03838,0.03507,0.03619,0.0006099999999999994,1.714446318156266,61.87214535192257,0.03558499,0.03836,0.03512,0.0361781,0.0005980999999999972,1.6810005621135393,1783483199999,2026-07-08 03:59:59 UTC,1783468800000,2026-07-08 00:00:00 UTC,0.0,0.0,1.1900000000002187e-05,0.03289282742875438,0.0,0.0102835,-0.01805378,0.0,0.0,,1783483199999,2026-07-08 03:59:59 UTC,44071,36701.0,497.97829036635005,77085267.0,65011684.0,538.4622278241679,2803284.275,2374395.3881,553.6155075646938,binance_kline_quote_asset_volume,1749.1154500692064,63.608365478432525,0.0033100000000000004,9.302979201798763,0.0006099999999999994,1.714446318156266,0.0006099999999999994,1.714446318156266,0.0021899999999999975,66.16314199395762,0.0005100000000000035,15.407854984894364,0.3383685800604238,43727951.0,33357316.0,56.72672963563842,43.27327036436158,1587538.46433,1385989.99597,687.6708154856256,1215745.8106699998,988405.3921299998,434.76888028869905,56.63137622137877,43.368623778621235,1.31089536700135,1.305814464172494,371792.6536600003,13.262752442757533,141040826.0,5018232.58908,-3812883.0,-2.6322301488324333,-116971.90306772944,-2.2778431364630527,1783468800000,2026-07-08 00:00:00 UTC,EXACT_CANDLE_OPEN,0.0,14399.999,141040826.0,-3812883.0,-2.6322301488324333,141040826.0,-3812883.0,-2.6322301488324333,5018232.58908,-116971.90306772944,-2.2778431364630527,0.03558,5018232.58908,-116971.90306772944,-2.2778431364630527,5018936.3828017395,-116268.10934599023,-2.2641378648849613,5018936.3828017395,-116268.10934599023,-2.2641378648849613,5018936.3828017395,-116268.10934599023,-2.2641378648849613,sumOpenInterest * mark_open,5102589.1071106,-51305.85910939984,-0.9954773903168788,-0.02667493511956204,0.003773304647752092,0.01667028114871943,-0.022901630471809948,-0.01000465397084261,-2.6322301488324333,0.3780432524131176,1.6810005621135393,-0.01402276634051713,-1.6532100911877554,0.0,ALIGNED_OI_TIMESTAMP_MARK_OPEN,1,-0.01402276634051713,ALIGNED_OI_TIMESTAMP_MARK_OPEN,1,5.1576,-0.0038000000000000256,-0.07362343550199607,83.76,16.24,1783468800000,2026-07-08 00:00:00 UTC,0.0,1.285,-0.008299999999999974,-0.6417691177607651,56.24,43.76,1783468800000,2026-07-08 00:00:00 UTC,0.0,4.6497,-0.019199999999999662,-0.41123176765404407,82.3,17.7,1783468800000,2026-07-08 00:00:00 UTC,0.0,-3.8726000000000003,-0.5079000000000002,3.3647,1783468800000,2026-07-08 00:00:00 UTC,-9.057e-05,0.03558499,0.0
FINAL_REAL_MARK_PREMIUM_OI_SYNC_AUDIT_2026_07_12,1783483200000,2026-07-08 04:00:00 UTC,LYNUSDT,1783483200000,2026-07-08 04:00:00 UTC,1783497599999,2026-07-08 07:59:59 UTC,True,0.03621,0.03685,0.03386,0.03466,-0.0015299999999999966,-4.227687206410601,45.92483897708566,0.0361781,0.03678786,0.03419638,0.03465623,-0.0015218699999999946,-4.206605653696559,1783497599999,2026-07-08 07:59:59 UTC,1783483200000,2026-07-08 04:00:00 UTC,0.0,0.0,3.770000000000162e-06,0.010878274988364751,0.00115216,0.00565075,-0.01177961,0.00014134,0.00014134,,1783497599999,2026-07-08 07:59:59 UTC,16981,-27090.0,-61.468993215493185,27823551.0,-49261716.0,-63.90548793195462,984970.13679,-1818314.13821,-64.86370841608634,binance_kline_quote_asset_volume,1638.5107473058124,58.0042480884518,0.0029899999999999996,8.257387462027063,-0.0015499999999999958,-4.280585473626059,0.0015499999999999958,4.280585473626059,0.0006400000000000017,21.40468227424755,0.0008000000000000021,26.755852842809436,0.26755852842809436,11571969.0,16251582.0,41.590553987878835,58.409446012121165,410982.59066,-1176555.8736700001,-74.11196012605276,573987.54613,-641758.2645399998,-52.78720756490418,41.725385908590575,58.274614091409425,0.7120518482446817,0.7160130797801635,-163004.95547000004,-16.549228182818847,127073395.0,4597273.9916495,-13967431.0,-9.903112025166386,-420958.5974305002,-8.388582831862625,1783483200000,2026-07-08 04:00:00 UTC,EXACT_CANDLE_OPEN,0.0,14399.999,127073395.0,-13967431.0,-9.903112025166386,127073395.0,-13967431.0,-9.903112025166386,4597273.9916495,-420958.5974305002,-8.388582831862625,0.0361781,4597273.9916495,-420958.5974305002,-8.388582831862625,4597273.9916495,-421662.3911522394,-8.401429286833343,4597273.9916495,-421662.3911522394,-8.401429286833343,4597273.9916495,-421662.3911522394,-8.401429286833343,sumOpenInterest * mark_open,4403884.804000851,-698704.3031097492,-13.693132808520392,-0.10428456165028967,0.016530043652496378,-0.04297645593241787,-0.0877545179977933,-0.14726101758270754,-9.903112025166386,1.666742072992014,-4.206605653696559,0.0,4.391331659560184,0.0,ALIGNED_OI_TIMESTAMP_MARK_OPEN,1,0.0,ALIGNED_OI_TIMESTAMP_MARK_OPEN,1,4.9488,-0.2088000000000001,-4.048394602140532,83.19,16.81,1783483200000,2026-07-08 04:00:00 UTC,0.0,1.1859,-0.09909999999999997,-7.712062256809336,54.25,45.75,1783483200000,2026-07-08 04:00:00 UTC,0.0,4.7604,0.11069999999999958,2.3807987612103916,82.64,17.36,1783483200000,2026-07-08 04:00:00 UTC,0.0,-3.7629,-0.18840000000000057,3.5744999999999996,1783468800000,2026-07-08 00:00:00 UTC,-9.057e-05,0.03558499,14400.0
FINAL_REAL_MARK_PREMIUM_OI_SYNC_AUDIT_2026_07_12,1783497600000,2026-07-08 08:00:00 UTC,LYNUSDT,1783497600000,2026-07-08 08:00:00 UTC,1783511999999,2026-07-08 11:59:59 UTC,True,0.03465,0.0366,0.03102,0.03568,0.00102,2.9428736295441427,54.36882062562642,0.03465523,0.03646736,0.03103972,0.0357014,0.001045169999999998,3.01582139776888,1783511999999,2026-07-08 11:59:59 UTC,1783497600000,2026-07-08 08:00:00 UTC,0.0,0.0,-2.139999999999781e-05,-0.05994162693899346,0.0,0.0255481,-0.0336151,0.0,-0.00014134,-100.0,1783511999999,2026-07-08 11:59:59 UTC,51385,34404.0,202.6029091337377,83701937.0,55878386.0,200.83125263198792,2796290.08038,1811319.9435900003,183.8959249559646,binance_kline_quote_asset_volume,1628.9177191787487,54.41841160611074,0.005580000000000002,16.10389610389611,0.0010300000000000031,2.9725829725829813,0.0010300000000000031,2.9725829725829813,0.0009199999999999972,16.48745519713256,0.0036300000000000013,65.05376344086022,0.8351254480286744,40021115.0,43680822.0,47.81384569391746,52.18615430608254,1339431.93392,928449.34326,225.9096527103487,1456858.1464600002,882870.6003300002,153.8135463535027,47.90032133354272,52.09967866645728,0.9162170757684002,0.9193976346802655,-117426.21254000021,-4.199357332914568,125053681.0,4333889.13108263,-2019714.0,-1.5894074444143087,-263384.8605668703,-5.729152994693882,1783497600000,2026-07-08 08:00:00 UTC,EXACT_CANDLE_OPEN,0.0,14399.999,125053681.0,-2019714.0,-1.5894074444143087,125053681.0,-2019714.0,-1.5894074444143087,4333889.13108263,-263384.8605668703,-5.729152994693882,0.034656229999999996,4333889.13108263,-263384.8605668703,-5.729152994693882,4333764.077401631,-263509.9142478695,-5.7318731649779755,4333764.077401631,-263509.9142478695,-5.7318731649779755,4333764.077401631,-263509.9142478695,-5.7318731649779755,sumOpenInterest * mark_open,4464591.4868534,60706.68285254948,1.378480263548187,-0.016021739800886607,-0.043005311189544704,0.02971239624896228,-0.05902705099043131,0.013690656448075673,-1.5894074444143087,-4.209369756841834,3.01582139776888,0.0028855673443634947,-2.927532253637126,-2.0022067904983398e-14,ALIGNED_OI_TIMESTAMP_MARK_OPEN,1,0.0028855673443634947,ALIGNED_OI_TIMESTAMP_MARK_OPEN,1,5.192,0.24319999999999986,4.914322664080178,83.85000000000001,16.150000000000002,1783497600000,2026-07-08 08:00:00 UTC,0.0,1.174,-0.011900000000000022,-1.003457289822078,54.0,46.0,1783497600000,2026-07-08 08:00:00 UTC,0.0,4.8072,0.046800000000000175,0.9831106629695021,82.78,17.22,1783497600000,2026-07-08 08:00:00 UTC,0.0,-4.018000000000001,-0.38480000000000025,3.6332,1783497600000,2026-07-08 08:00:00 UTC,0.00016504,0.03465523,0.0
FINAL_REAL_MARK_PREMIUM_OI_SYNC_AUDIT_2026_07_12,1783512000000,2026-07-08 12:00:00 UTC,LYNUSDT,1783512000000,2026-07-08 12:00:00 UTC,1783526399999,2026-07-08 15:59:59 UTC,True,0.03571,0.0374,0.03544,0.03611,0.0004299999999999998,1.2051569506726452,57.38959370252477,0.0357054,0.03737563,0.03551194,0.03611,0.000408600000000002,1.1444929330502502,1783526399999,2026-07-08 15:59:59 UTC,1783512000000,2026-07-08 12:00:00 UTC,0.0,0.0,0.0,0.0,0.0,0.01348312,-0.00344331,0.00089686,0.00089686,,1783526399999,2026-07-08 15:59:59 UTC,23209,-28176.0,-54.83312250656807,29662649.0,-54039288.0,-64.56157400515116,1078713.13983,-1717576.9405500002,-61.42341785644039,binance_kline_quote_asset_volume,1278.066655176871,46.47822568098582,0.0019600000000000034,5.488658639036694,0.0004000000000000045,1.1201344161299482,0.0004000000000000045,1.1201344161299482,0.0012899999999999995,65.8163265306121,0.0002699999999999994,13.775510204081579,0.341836734693879,15007314.0,14655335.0,50.59330338298511,49.40669661701488,546265.13561,-793166.79831,-59.216655824287166,532448.00422,-924410.1422400002,-63.452309649104265,50.640445122981326,49.35955487701867,1.0240171241394345,1.0259501984803965,13817.131389999995,1.2808902459626577,125384830.0,4477281.6327856,331149.0,0.26480547981630387,143392.5017029699,3.308633362920146,1783512000000,2026-07-08 12:00:00 UTC,EXACT_CANDLE_OPEN,0.0,14399.999,125384830.0,331149.0,0.26480547981630387,125384830.0,331149.0,0.26480547981630387,4477281.6327856,143392.5017029699,3.308633362920146,0.035708319999999995,4477281.6327856,143392.5017029699,3.308633362920146,4476915.509082,143151.4316803692,3.303166234332665,4476915.509082,143151.4316803692,3.303166234332665,4476915.509082,143151.4316803692,3.303166234332665,sumOpenInterest * mark_open,4527646.211300001,63054.7244466003,1.4123290928693826,0.00264455487834751,0.02985328565421467,0.011379931586413516,0.03249784053256218,0.014024486464761026,0.26480547981630387,3.0303362580481963,1.1444929330502502,0.008178034695022424,-1.112378842425944,0.019382993383995017,ALIGNED_OI_TIMESTAMP_MARK_OPEN,1,0.008178034695022424,ALIGNED_OI_TIMESTAMP_MARK_OPEN,1,4.4825,-0.7095000000000002,-13.66525423728814,81.76,18.240000000000002,1783512000000,2026-07-08 12:00:00 UTC,0.0,1.1747,0.000700000000000145,0.05962521294720145,54.02,45.98,1783512000000,2026-07-08 12:00:00 UTC,0.0,4.322,-0.48519999999999985,-10.093193543018803,81.21000000000001,18.790000000000003,1783512000000,2026-07-08 12:00:00 UTC,0.0,-3.3078,-0.16049999999999986,3.1473,1783497600000,2026-07-08 08:00:00 UTC,0.00016504,0.03465523,14400.0
FINAL_REAL_MARK_PREMIUM_OI_SYNC_AUDIT_2026_07_12,1783526400000,2026-07-08 16:00:00 UTC,LYNUSDT,1783526400000,2026-07-08 16:00:00 UTC,1783540799999,2026-07-08 19:59:59 UTC,True,0.03613,0.0367,0.03584,0.03588,-0.00023000000000000104,-0.6369426751592385,55.281544981138765,0.03611,0.03654,0.03582241,0.03585347,-0.0002565300000000048,-0.7104126280808772,1783540799999,2026-07-08 19:59:59 UTC,1783526400000,2026-07-08 16:00:00 UTC,0.0,0.0,2.6530000000003773e-05,0.07399562720150595,0.00118119,0.00519748,-0.00200003,0.00058579,-0.00031107,-34.68434315277747,1783540799999,2026-07-08 19:59:59 UTC,8411,-14798.0,-63.75974837347581,7934437.0,-21728212.0,-73.25108421705696,286913.67658,-791799.46325,-73.40222659888835,binance_kline_quote_asset_volume,943.34050647961,34.111719959576746,0.0008600000000000066,2.3802933849986343,-0.0002500000000000002,-0.6919457514530867,0.0002500000000000002,0.6919457514530867,0.0005700000000000011,66.27906976744148,4.000000000000531e-05,4.6511627906982556,0.04651162790698256,3739111.0,4195326.0,47.12509532812473,52.874904671875264,135496.80091,-410768.3347,-75.1957809354437,151416.87567000004,-381031.12854999996,-71.56212917131403,47.2256333420967,52.77436665790329,0.891256364821232,0.8948593101689902,-15920.074760000047,-5.5487333158065955,123411645.0,4456394.50095,-1973185.0,-1.5737031345817512,-20887.13183559943,-0.4665136917599759,1783526400000,2026-07-08 16:00:00 UTC,EXACT_CANDLE_OPEN,0.0,14399.999,123411645.0,-1973185.0,-1.5737031345817512,123411645.0,-1973185.0,-1.5737031345817512,4456394.50095,-20887.13183559943,-0.4665136917599759,0.03611,4456394.50095,-20887.13183559943,-0.4665136917599759,4456394.50095,-20521.008131999522,-0.45837380871651506,4456394.50095,-20521.008131999522,-0.45837380871651506,4456394.50095,-20521.008131999522,-0.45837380871651506,sumOpenInterest * mark_open,4424735.71165815,-102910.49964185059,-2.272935976866055,-0.015862173066093457,0.011267897438288104,-0.0071294807381197065,-0.004594275627805353,-0.022991653804213162,-1.5737031345817512,1.1331619306883691,-0.7104126280808772,0.0,0.7154955991707492,0.0,ALIGNED_OI_TIMESTAMP_MARK_OPEN,1,0.0,ALIGNED_OI_TIMESTAMP_MARK_OPEN,1,4.5772,0.09470000000000045,2.11266034578919,82.07,17.93,1783526400000,2026-07-08 16:00:00 UTC,0.0,1.1763,0.0015999999999998238,0.13620498850768908,54.05,45.95,1783526400000,2026-07-08 16:00:00 UTC,0.0,4.3248,0.0027999999999996916,0.0647848218417328,81.22,18.78,1783526400000,2026-07-08 16:00:00 UTC,0.0,-3.4009000000000005,-0.2524000000000006,3.1485,1783526400000,2026-07-08 16:00:00 UTC,8.21e-05,0.03611,0.0
FINAL_REAL_MARK_PREMIUM_OI_SYNC_AUDIT_2026_07_12,1783540800000,2026-07-08 20:00:00 UTC,LYNUSDT,1783540800000,2026-07-08 20:00:00 UTC,1783555199999,2026-07-08 23:59:59 UTC,True,0.03589,0.03615,0.0357,0.03605,0.00016999999999999654,0.4738015607580729,56.55189699988519,0.03585489,0.03612935,0.03571016,0.03604548,0.0001920099999999994,0.5355409113817977,1783555199999,2026-07-08 23:59:59 UTC,1783540800000,2026-07-08 20:00:00 UTC,0.0,0.0,4.520000000000912e-06,0.012539713717228658,0.0,0.00194889,-0.00019146,0.0,-0.00058579,-100.0,1783555199999,2026-07-08 23:59:59 UTC,4049,-4362.0,-51.8606586612769,2923072.0,-5011365.0,-63.15967976051735,105066.73,-181846.94658000005,-63.380368878754275,binance_kline_quote_asset_volume,721.9244257841442,25.94880958261299,0.000449999999999999,1.2538311507383646,0.00016000000000000042,0.44580663137364285,0.00016000000000000042,0.44580663137364285,0.00010000000000000286,22.222222222222907,0.00018999999999999573,42.22222222222137,0.7777777777777709,1492348.0,1430724.0,51.05409651216255,48.945903487837455,53674.14867,-81822.65224,-60.387146921902925,51392.58132999999,-100024.29434000005,-66.05888141424496,51.085770605024074,48.91422939497593,1.0430718992621917,1.044394877255721,2281.5673400000087,2.171541210048137,123270021.0,4419657.99982287,-141624.0,-0.11475740397107582,-36736.50112713035,-0.8243547809624795,1783540800000,2026-07-08 20:00:00 UTC,EXACT_CANDLE_OPEN,0.0,14399.999,123270021.0,-141624.0,-0.11475740397107582,123270021.0,-141624.0,-0.11475740397107582,4419657.99982287,-36736.50112713035,-0.8243547809624795,0.03585347,4419657.99982287,-36736.50112713035,-0.8243547809624795,4419833.04325269,-36561.457697310485,-0.8204268650254467,4419833.04325269,-36561.457697310485,-0.8204268650254467,4419833.04325269,-36561.457697310485,-0.8204268650254467,sumOpenInterest * mark_open,4443327.07655508,18591.364896929823,0.4201689345636147,-0.00114823300698982,-0.007089875871959356,0.005341119904102718,-0.008238108878949177,0.004192886897112898,-0.11475740397107582,-0.7064801993907582,0.5355409113817977,-0.003960408189794963,-0.5326881484169427,0.0,ALIGNED_OI_TIMESTAMP_MARK_OPEN,1,-0.003960408189794963,ALIGNED_OI_TIMESTAMP_MARK_OPEN,1,4.7143,0.13709999999999933,2.9952809577907744,82.5,17.5,1783540800000,2026-07-08 20:00:00 UTC,0.0,1.1812,0.0049000000000001265,0.41656040125819316,54.15,45.85,1783540800000,2026-07-08 20:00:00 UTC,0.0,4.5096,0.18480000000000008,4.273029966703665,81.85,18.15,1783540800000,2026-07-08 20:00:00 UTC,0.0,-3.5330999999999997,-0.20469999999999988,3.3284,1783526400000,2026-07-08 16:00:00 UTC,8.21e-05,0.03611,14400.0
FINAL_REAL_MARK_PREMIUM_OI_SYNC_AUDIT_2026_07_12,1783555200000,2026-07-09 00:00:00 UTC,LYNUSDT,1783555200000,2026-07-09 00:00:00 UTC,1783569599999,2026-07-09 03:59:59 UTC,True,0.03604,0.03637,0.03552,0.03601,-3.999999999999837e-05,-0.11095700416088314,56.14772593729749,0.03604548,0.03633717,0.03556,0.03601,-3.547999999999746e-05,-0.09843120413432548,1783569599999,2026-07-09 03:59:59 UTC,1783555200000,2026-07-09 00:00:00 UTC,0.0,0.0,0.0,0.0,0.0,0.00263802,-0.00249778,0.00119153,0.00119153,,1783569599999,2026-07-09 03:59:59 UTC,3455,-594.0,-14.670288960237096,4025090.0,1102018.0,37.70067928535459,144583.60864,39516.878639999995,37.61121968866833,binance_kline_quote_asset_volume,1165.0043415340087,41.84764360057887,0.0008499999999999966,2.358490566037726,-3.0000000000002247e-05,-0.08324084350722044,3.0000000000002247e-05,0.08324084350722044,0.00032999999999999696,38.823529411764504,0.0004899999999999974,57.64705882352934,0.5764705882352934,1614370.0,2410720.0,40.10767461100249,59.89232538899751,58061.29279,4387.144119999997,8.173663166924333,86522.31584999998,35129.73451999999,68.35565291890349,40.15759001739079,59.84240998260921,0.6696630052432468,0.6710556949337598,-28461.023059999985,-19.684819965218423,122770428.0,4425319.00706544,-499593.0,-0.40528345492859125,5661.0072425697,0.12808699774499702,1783555200000,2026-07-09 00:00:00 UTC,EXACT_CANDLE_OPEN,0.0,14399.999,122770428.0,-499593.0,-0.40528345492859125,122770428.0,-499593.0,-0.40528345492859125,4425319.00706544,5661.0072425697,0.12808699774499702,0.03604548,4425319.00706544,5661.0072425697,0.12808699774499702,4425319.00706544,5485.963812749833,0.12412151678726183,4425319.00706544,5485.963812749833,0.12412151678726183,4425319.00706544,5485.963812749833,0.12412151678726183,sumOpenInterest * mark_open,4420963.11228,-22363.96427507978,-0.5033157336780755,-0.004061069540797569,0.005301515037942383,-0.0009847967945657335,0.0012404454971448146,-0.005045866335363303,-0.40528345492859125,0.5315592935858886,-0.09843120413432548,0.0,0.09852818661482214,0.0,ALIGNED_OI_TIMESTAMP_MARK_OPEN,0,0.0,ALIGNED_OI_TIMESTAMP_MARK_OPEN,0,4.7013,-0.0129999999999999,-0.2757567401310884,82.46,17.54,1783555200000,2026-07-09 00:00:00 UTC,0.0,1.1828,0.0016000000000000458,0.13545546901456534,54.190000000000005,45.81,1783555200000,2026-07-09 00:00:00 UTC,0.0,4.5036,-0.006000000000000227,-0.1330494944119263,81.83,18.17,1783555200000,2026-07-09 00:00:00 UTC,0.0,-3.5184999999999995,-0.1977000000000002,3.3207999999999993,1783555200000,2026-07-09 00:00:00 UTC,5e-05,0.03604548,0.0
FINAL_REAL_MARK_PREMIUM_OI_SYNC_AUDIT_2026_07_12,1783569600000,2026-07-09 04:00:00 UTC,LYNUSDT,1783569600000,2026-07-09 04:00:00 UTC,1783583999999,2026-07-09 07:59:59 UTC,True,0.03603,0.03608,0.03437,0.03574,-0.0002699999999999994,-0.7497917245209648,53.374772775937416,0.03601,0.03608,0.03453,0.03569949,-0.00031050999999999995,-0.8622882532629824,1783583999999,2026-07-09 07:59:59 UTC,1783569600000,2026-07-09 04:00:00 UTC,0.0,0.0,4.0510000000000546e-05,0.11347501042732136,0.00138871,0.00213084,-0.00363875,0.0,-0.00119153,-100.0,1783583999999,2026-07-09 07:59:59 UTC,7616,4161.0,120.43415340086831,9940312.0,5915222.0,146.95875123289167,349077.58505,204493.97641,141.43648670380844,binance_kline_quote_asset_volume,1305.188025210084,45.834766944590335,0.0017100000000000032,4.746044962531233,-0.0002899999999999986,-0.8048848182070458,0.0002899999999999986,0.8048848182070458,5.000000000000143e-05,2.9239766081872127,0.0013700000000000032,80.11695906432752,0.8011695906432752,3790288.0,6150024.0,38.13047316824663,61.869526831753376,133275.01069,75213.71789999999,129.54192765227953,215802.57436,129280.25851000001,149.4183982940628,38.179194654079666,61.820805345920334,0.6163045867788484,0.6175784097351488,-82527.56367,-23.64161069184067,122714840.0,4418961.3884,-55588.0,-0.045278004569634635,-6357.618665440008,-0.14366464101886145,1783569600000,2026-07-09 04:00:00 UTC,EXACT_CANDLE_OPEN,0.0,14399.999,122714840.0,-55588.0,-0.045278004569634635,122714840.0,-55588.0,-0.045278004569634635,4418961.3884,-6357.618665440008,-0.14366464101886145,0.03600999999999999,4418961.3884,-6357.618665440008,-0.14366464101886145,4418961.3884,-6357.618665440008,-0.14366464101886145,4418961.3884,-6357.618665440008,-0.14366464101886145,4418961.3884,-6357.618665440008,-0.14366464101886145,sumOpenInterest * mark_open,4380857.2034316,-40105.90884840023,-0.9071758309179065,-0.0004528825815332229,-0.0009847967945657335,-0.008660274691517924,-0.0014376793760989565,-0.009113157273051146,-0.045278004569634635,-0.09843120413432548,-0.8622882532629824,-1.9269352690661562e-14,0.8697883359117818,-1.9269352690661562e-14,ALIGNED_OI_TIMESTAMP_MARK_OPEN,1,-1.9269352690661562e-14,ALIGNED_OI_TIMESTAMP_MARK_OPEN,1,4.8241,0.1227999999999998,2.612043477336052,82.83,17.169999999999998,1783569600000,2026-07-09 04:00:00 UTC,0.0,1.1994,0.016599999999999948,1.4034494420020245,54.53,45.47,1783569600000,2026-07-09 04:00:00 UTC,0.0,4.6117,0.10810000000000031,2.4003019806377193,82.17999999999999,17.82,1783569600000,2026-07-09 04:00:00 UTC,0.0,-3.6247,-0.2123999999999997,3.4123,1783555200000,2026-07-09 00:00:00 UTC,5e-05,0.03604548,14400.0
FINAL_REAL_MARK_PREMIUM_OI_SYNC_AUDIT_2026_07_12,1783584000000,2026-07-09 08:00:00 UTC,LYNUSDT,1783584000000,2026-07-09 08:00:00 UTC,1783598399999,2026-07-09 11:59:59 UTC,True,0.03573,0.03603,0.03436,0.03519,-0.0005500000000000019,-1.5388919977616167,48.1573443416503,0.03571395,0.0359991,0.03439,0.03520665,-0.0004928400000000013,-1.380523923451011,1783598399999,2026-07-09 11:59:59 UTC,1783584000000,2026-07-09 08:00:00 UTC,0.0,0.0,-1.6649999999999998e-05,-0.04729220189935708,0.0,0.01072446,-0.00682913,-0.00084203,-0.00084203,,1783598399999,2026-07-09 11:59:59 UTC,12104,4488.0,58.92857142857143,17199553.0,7259241.0,73.02830132494836,610746.53845,261668.9534,74.96011334056867,binance_kline_quote_asset_volume,1420.9809153998679,50.4582401230998,0.0016699999999999979,4.673943464875449,-0.0005399999999999988,-1.5113350125944554,0.0005399999999999988,1.5113350125944554,0.00030000000000000165,17.964071856287546,0.0008299999999999974,49.70059880239512,0.4970059880239512,8855791.0,8343762.0,51.48849507891281,48.511504921087194,314633.20297,181358.19228,136.0781674982134,296113.33548,80310.76112000001,37.21492264778375,51.516166390152705,48.483833609847295,1.0613666832778788,1.0625431727347883,18519.867489999975,3.0323327803054165,121739408.0,4346034.77850192,-975432.0,-0.7948769684253346,-72926.60989807919,-1.6503110909616745,1783584000000,2026-07-09 08:00:00 UTC,EXACT_CANDLE_OPEN,0.0,14399.999,121739408.0,-975432.0,-0.7948769684253346,121739408.0,-975432.0,-0.7948769684253346,4346034.77850192,-72926.60989807919,-1.6503110909616745,0.03569949,4346034.77850192,-72926.60989807919,-1.6503110909616745,4347795.1303416,-71166.2580583999,-1.6104747655232965,4347795.1303416,-71166.2580583999,-1.6104747655232965,4347795.1303416,-71166.2580583999,-1.6104747655232965,sumOpenInterest * mark_open,4286036.7286632,-94820.47476840019,-2.1644274251652327,-0.007980529567287772,-0.00825530889803099,-0.013901417753890923,-0.01623583846531876,-0.021881947321178694,-0.7948769684253346,-0.8221327409053016,-1.380523923451011,-0.040488380590779964,1.3998491762209735,0.0,ALIGNED_OI_TIMESTAMP_MARK_OPEN,1,-0.040488380590779964,ALIGNED_OI_TIMESTAMP_MARK_OPEN,1,4.8343,0.010200000000000209,0.21143840301818392,82.86,17.14,1783584000000,2026-07-09 08:00:00 UTC,0.0,1.1923,-0.007100000000000106,-0.5919626479906708,54.39000000000001,45.61,1783584000000,2026-07-09 08:00:00 UTC,0.0,4.5928,-0.018899999999999473,-0.4098271786976489,82.12,17.88,1783584000000,2026-07-09 08:00:00 UTC,0.0,-3.642,-0.24149999999999938,3.4005000000000005,1783569600002,2026-07-09 04:00:00 UTC,5e-05,0.03601,14399.998
FINAL_REAL_MARK_PREMIUM_OI_SYNC_AUDIT_2026_07_12,1783598400000,2026-07-09 12:00:00 UTC,LYNUSDT,1783598400000,2026-07-09 12:00:00 UTC,1783612799999,2026-07-09 15:59:59 UTC,True,0.03523,0.03655,0.03481,0.03571,0.0005199999999999996,1.4776925262858758,52.85008656592116,0.03520665,0.03629191,0.03481202,0.03570088,0.0004942299999999983,1.4037972939771275,1783612799999,2026-07-09 15:59:59 UTC,1783598400000,2026-07-09 12:00:00 UTC,0.0,0.0,9.12000000000135e-06,0.025545588792212828,-0.00080103,0.03536243,-0.00397201,0.0,0.00084203,-100.0,1783612799999,2026-07-09 15:59:59 UTC,8869,-3235.0,-26.726701916721744,15094408.0,-2105145.0,-12.239533201822164,540255.71152,-70490.82692999998,-11.541748088969458,binance_kline_quote_asset_volume,1701.9289660615627,60.91506500394633,0.0017399999999999985,4.93897246664774,0.00048000000000000126,1.3624751632131742,0.00048000000000000126,1.3624751632131742,0.0008400000000000005,48.27586206896559,0.00041999999999999676,24.137931034482595,0.5172413793103441,9791116.0,5303292.0,64.86584965770105,35.134150342298945,350020.01281,35386.80984,11.247004291334791,190235.69871000003,-105877.63676999998,-35.755781345805396,64.78784126598583,35.21215873401416,1.8462336224367808,1.8399281269683199,159784.31409999996,29.57568253197168,120368418.0,4237768.7635797,-1370990.0,-1.126167789480297,-108266.01492222026,-2.4911446971793354,1783598400000,2026-07-09 12:00:00 UTC,EXACT_CANDLE_OPEN,0.0,14399.999,120368418.0,-1370990.0,-1.126167789480297,120368418.0,-1370990.0,-1.126167789480297,4237768.7635797,-108266.01492222026,-2.4911446971793354,0.03520665,4237768.7635797,-108266.01492222026,-2.4911446971793354,4237768.7635797,-110026.36676189955,-2.530624453624036,4237768.7635797,-110026.36676189955,-2.530624453624036,4237768.7635797,-110026.36676189955,-2.530624453624036,sumOpenInterest * mark_open,4297258.44680784,11221.718144640326,0.2618203915424762,-0.011325570735940586,-0.01430638354737788,0.013940353126359462,-0.025631954283318464,0.0026147823904188756,-1.126167789480297,-1.4204533522615173,1.4037972939771275,0.0,-1.384363634733929,0.0,ALIGNED_OI_TIMESTAMP_MARK_OPEN,1,0.0,ALIGNED_OI_TIMESTAMP_MARK_OPEN,1,4.9418,0.10749999999999993,2.223693192396002,83.17,16.830000000000002,1783598400000,2026-07-09 12:00:00 UTC,0.0,1.1851,-0.007199999999999873,-0.6038748637087875,54.230000000000004,45.769999999999996,1783598400000,2026-07-09 12:00:00 UTC,0.0,4.6338,0.04099999999999948,0.8927016199268306,82.25,17.75,1783598400000,2026-07-09 12:00:00 UTC,0.0,-3.7566999999999995,-0.30799999999999983,3.4486999999999997,1783584000001,2026-07-09 08:00:00 UTC,5e-05,0.03571395,14399.999
FINAL_REAL_MARK_PREMIUM_OI_SYNC_AUDIT_2026_07_12,1783612800000,2026-07-09 16:00:00 UTC,LYNUSDT,1783612800000,2026-07-09 16:00:00 UTC,1783627199999,2026-07-09 19:59:59 UTC,True,0.0357,0.03577,0.03438,0.03537,-0.00034,-0.9521142537104452,49.68335925590182,0.03570088,0.03577,0.0345549,0.03533797,-0.00036290999999999407,-1.0165295645373282,1783627199999,2026-07-09 19:59:59 UTC,1783612800000,2026-07-09 16:00:00 UTC,0.0,0.0,3.2029999999995395e-05,0.09063904915872471,0.0,0.00218088,-0.01346187,0.00159843,0.00159843,,1783627199999,2026-07-09 19:59:59 UTC,6076,-2793.0,-31.491712707182316,7667832.0,-7426576.0,-49.200843120180664,268794.61346,-271461.09806,-50.24677986212287,binance_kline_quote_asset_volume,1261.9868334430546,44.23874480908493,0.0013900000000000023,3.893557422969194,-0.0003300000000000039,-0.9243697478991706,0.0003300000000000039,0.9243697478991706,7.000000000000062e-05,5.035971223021619,0.0009899999999999978,71.22302158273354,0.7122302158273354,3350699.0,4317133.0,43.69812744984502,56.30187255015498,117527.83302,-232492.17978999997,-66.4225390781306,151266.78044,-38968.918270000024,-20.48454550552323,43.724028360222185,56.27597163977781,0.7761398594854502,0.7769573245238564,-33738.94742,-12.551943279555628,120770608.0,4311496.21312704,402190.0,0.33413249644935933,73727.44954734016,1.7397704702760044,1783612800000,2026-07-09 16:00:00 UTC,EXACT_CANDLE_OPEN,0.0,14399.999,120770608.0,402190.0,0.33413249644935933,120770608.0,402190.0,0.33413249644935933,4311496.21312704,73727.44954734016,1.7397704702760044,0.03569988,4311496.21312704,73727.44954734016,1.7397704702760044,4311616.98373504,73848.22015533969,1.7426203333699386,4311616.98373504,73848.22015533969,1.7426203333699386,4311616.98373504,73848.22015533969,1.7426203333699386,sumOpenInterest * mark_open,4267788.122385761,-29470.32442207914,-0.6857936236990998,0.003335755141844187,0.013940353126359462,-0.010217315092115426,0.01727610826820365,-0.006881559950271239,0.33413249644935933,1.4037972939771275,-1.0165295645373282,-0.0028010514026378655,1.0241391907910953,-0.0028010514026378655,ALIGNED_OI_TIMESTAMP_MARK_OPEN,1,-0.0028010514026378655,ALIGNED_OI_TIMESTAMP_MARK_OPEN,1,4.7504,-0.1913999999999998,-3.8730826824234046,82.61,17.39,1783612800000,2026-07-09 16:00:00 UTC,0.0,1.1624,-0.022699999999999942,-1.9154501729811781,53.76,46.239999999999995,1783612800000,2026-07-09 16:00:00 UTC,0.0,4.5463,-0.08750000000000036,-1.8882990202425731,81.97,18.029999999999998,1783612800000,2026-07-09 16:00:00 UTC,0.0,-3.588,-0.2041000000000004,3.3838999999999997,1783598400002,2026-07-09 12:00:00 UTC,-0.00010853,0.03520665,14399.998
FINAL_REAL_MARK_PREMIUM_OI_SYNC_AUDIT_2026_07_12,1783627200000,2026-07-09 20:00:00 UTC,LYNUSDT,1783627200000,2026-07-09 20:00:00 UTC,1783641599999,2026-07-09 23:59:59 UTC,True,0.03536,0.03552,0.03505,0.03505,-0.00032000000000000084,-0.9047215154085406,46.83872908733813,0.03533797,0.03549,0.03505517,0.03505727,-0.0002807000000000018,-0.7943297252219123,1783641599999,2026-07-09 23:59:59 UTC,1783627200000,2026-07-09 20:00:00 UTC,0.0,0.0,-7.270000000003662e-06,-0.02073749610281594,0.00151324,0.00296597,-0.00286399,-0.0010158,-0.0026142300000000004,-163.54985829845538,1783641599999,2026-07-09 23:59:59 UTC,2324,-3752.0,-61.75115207373272,2065726.0,-5602106.0,-73.059842729992,72875.84325,-195918.77021000002,-72.8879078669317,binance_kline_quote_asset_volume,888.8666092943201,31.357935993975907,0.00047000000000000514,1.3291855203620053,-0.0003100000000000047,-0.8766968325791987,0.0003100000000000047,0.8766968325791987,0.00016000000000000042,34.04255319148908,0.0,0.0,0.0,896587.0,1169139.0,43.402997299738686,56.597002700261314,31643.20759,-85884.62543,-73.07598823453573,41232.63566,-110034.14478,-72.74177744772261,43.42070867221149,56.5792913277885,0.7668780187813425,0.7674311157532248,-9589.428069999998,-13.158582655577023,120167724.0,4247353.44000204,-602884.0,-0.49919761934128876,-64142.7731250003,-1.4877149359358675,1783627200000,2026-07-09 20:00:00 UTC,EXACT_CANDLE_OPEN,0.0,14399.999,120167724.0,-602884.0,-0.49919761934128876,120167724.0,-602884.0,-0.49919761934128876,4247353.44000204,-64142.7731250003,-1.4877149359358675,0.03534521,4247353.44000204,-64142.7731250003,-1.4877149359358675,4246483.425680281,-65133.55805475917,-1.5106526924925434,4246483.425680281,-65133.55805475917,-1.5106526924925434,4246483.425680281,-65133.55805475917,-1.5106526924925434,sumOpenInterest * mark_open,4212752.34555348,-55035.77683228068,-1.2895620694851837,-0.0050044777288359155,-0.010217315092115426,-0.007975013302831466,-0.015221792820951341,-0.012979491031667382,-0.49919761934128876,-1.0165295645373282,-0.7943297252219123,0.020487877487016474,0.8213417644899343,0.020487877487016474,ALIGNED_OI_TIMESTAMP_MARK_OPEN,1,0.020487877487016474,ALIGNED_OI_TIMESTAMP_MARK_OPEN,1,5.0096,0.2591999999999999,5.45638262041091,83.36,16.64,1783627200000,2026-07-09 20:00:00 UTC,0.0,1.1569,-0.00550000000000006,-0.4731589814177616,53.64,46.36,1783627200000,2026-07-09 20:00:00 UTC,0.0,4.7274,0.1811000000000007,3.9834590766117657,82.54,17.46,1783627200000,2026-07-09 20:00:00 UTC,0.0,-3.8526999999999996,-0.28219999999999956,3.5705,1783627200000,2026-07-09 20:00:00 UTC,5e-05,0.03533797,0.0
FINAL_REAL_MARK_PREMIUM_OI_SYNC_AUDIT_2026_07_12,1783641600000,2026-07-10 00:00:00 UTC,LYNUSDT,1783641600000,2026-07-10 00:00:00 UTC,1783655999999,2026-07-10 03:59:59 UTC,True,0.03505,0.03603,0.03494,0.0358,0.0007500000000000007,2.139800285306707,53.55123929214915,0.03505727,0.03593905,0.03494,0.03579073,0.0007334599999999983,2.0921766013154994,1783655999999,2026-07-10 03:59:59 UTC,1783641600000,2026-07-10 00:00:00 UTC,0.0,0.0,9.269999999998724e-06,0.025900561402348383,-0.00101601,0.00365326,-0.00250009,0.00047207,0.00148787,-146.47273085253002,1783655999999,2026-07-10 03:59:59 UTC,4611,2287.0,98.407917383821,3823771.0,1758045.0,85.10543024583124,135554.53552,62678.69227,86.0075019029025,binance_kline_quote_asset_volume,829.271524615051,29.398077536326177,0.0010900000000000007,3.109843081312413,0.0007500000000000007,2.139800285306707,0.0007500000000000007,2.139800285306707,0.00023000000000000104,21.10091743119274,0.00010999999999999899,10.091743119265956,0.7889908256880726,2247529.0,1576242.0,58.777813838747136,41.22218616125286,79749.37626,48106.16867,152.02684030427648,55805.15926,14572.5236,35.34220737224636,58.83194977879115,41.16805022120886,1.4258781329262893,1.4290681599606638,23944.217000000004,17.663899557582287,120183114.0,4213291.87693878,15390.0,0.012807099517005082,-34061.56306326017,-0.8019479316805763,1783641600000,2026-07-10 00:00:00 UTC,EXACT_CANDLE_OPEN,0.0,14399.999,120183114.0,15390.0,0.012807099517005082,120183114.0,15390.0,0.012807099517005082,4213291.87693878,-34061.56306326017,-0.8019479316805763,0.03505727,4213291.87693878,-34061.56306326017,-0.8019479316805763,4213291.87693878,-33191.548741500825,-0.7816243563033237,4213291.87693878,-33191.548741500825,-0.7816243563033237,4213291.87693878,-33191.548741500825,-0.7816243563033237,sumOpenInterest * mark_open,4301441.38373322,88689.03817974031,2.1052516479719188,0.00012806279478033843,-0.007975013302831466,0.0207059113820071,-0.007846950508051127,0.020833974176787437,0.012807099517005082,-0.7943297252219123,2.0921766013154994,0.0,-2.0493015928984915,0.0,ALIGNED_OI_TIMESTAMP_MARK_OPEN,1,0.0,ALIGNED_OI_TIMESTAMP_MARK_OPEN,1,5.0459,0.03629999999999978,0.724608751197696,83.46000000000001,16.54,1783641600000,2026-07-10 00:00:00 UTC,0.0,1.1569,0.0,0.0,53.64,46.36,1783641600000,2026-07-10 00:00:00 UTC,0.0,4.8173,0.08990000000000009,1.9016795701654203,82.80999999999999,17.19,1783641600000,2026-07-10 00:00:00 UTC,0.0,-3.8889999999999993,-0.22859999999999925,3.6604,1783641600000,2026-07-10 00:00:00 UTC,5e-05,0.03505727,0.0
FINAL_REAL_MARK_PREMIUM_OI_SYNC_AUDIT_2026_07_12,1783656000000,2026-07-10 04:00:00 UTC,LYNUSDT,1783656000000,2026-07-10 04:00:00 UTC,1783670399999,2026-07-10 07:59:59 UTC,True,0.03579,0.03603,0.03514,0.0353,-0.0005000000000000004,-1.3966480446927387,49.10015431746421,0.03579073,0.03606851,0.03517972,0.0353,-0.0004907300000000017,-1.3711092229747808,1783670399999,2026-07-10 07:59:59 UTC,1783656000000,2026-07-10 04:00:00 UTC,0.0,0.0,0.0,0.0,0.0006672,0.00228245,-0.00583615,-0.00023885,-0.00071092,-150.59630986929903,1783670399999,2026-07-10 07:59:59 UTC,7713,3102.0,67.27391021470397,7826799.0,4003028.0,104.68796379281082,278813.94721,143259.41169,105.68396781446181,binance_kline_quote_asset_volume,1014.754181252431,36.14857347465318,0.0008900000000000019,2.486728136350941,-0.0004900000000000043,-1.3690975132718755,0.0004900000000000043,1.3690975132718755,0.00023999999999999716,26.966292134831082,0.00016000000000000042,17.97752808988765,0.17977528089887648,3530581.0,4296218.0,45.10887528860777,54.89112471139224,125862.82109,46113.44482999999,57.82295359860912,152951.12612000003,97145.96686000003,174.08061933376163,45.14222561298245,54.85777438701756,0.8217881401735201,0.8228956810115441,-27088.305030000032,-9.715548774035101,120451177.0,4311035.55418921,268063.0,0.22304547708757155,97743.67725042999,2.3198885836849947,1783656000000,2026-07-10 04:00:00 UTC,EXACT_CANDLE_OPEN,0.0,14399.999,120451177.0,268063.0,0.22304547708757155,120451177.0,268063.0,0.22304547708757155,4311035.55418921,97743.67725042999,2.3198885836849947,0.03579073,4311035.55418921,97743.67725042999,2.3198885836849947,4311035.55418921,97743.67725042999,2.3198885836849947,4311035.55418921,97743.67725042999,2.3198885836849947,4311035.55418921,97743.67725042999,2.3198885836849947,sumOpenInterest * mark_open,4251926.548099999,-49514.83563322108,-1.151121942995005,0.0022279709992412055,0.0207059113820071,-0.013805957389543487,0.022933882381248306,-0.011577986390302282,0.22304547708757155,2.0921766013154994,-1.3711092229747808,0.0,1.3901699716713931,0.0,ALIGNED_OI_TIMESTAMP_MARK_OPEN,1,0.0,ALIGNED_OI_TIMESTAMP_MARK_OPEN,1,4.9277,-0.11819999999999986,-2.3424958877504483,83.13000000000001,16.869999999999997,1783656000000,2026-07-10 04:00:00 UTC,0.0,1.1669,0.010000000000000009,0.8643789437289315,53.849999999999994,46.150000000000006,1783656000000,2026-07-10 04:00:00 UTC,0.0,4.7241,-0.0932000000000004,-1.9346937080937536,82.53,17.47,1783656000000,2026-07-10 04:00:00 UTC,0.0,-3.7607999999999997,-0.20359999999999978,3.5572,1783656000000,2026-07-10 04:00:00 UTC,5e-05,0.03579073,0.0
FINAL_REAL_MARK_PREMIUM_OI_SYNC_AUDIT_2026_07_12,1783670400000,2026-07-10 08:00:00 UTC,LYNUSDT,1783670400000,2026-07-10 08:00:00 UTC,1783684799999,2026-07-10 11:59:59 UTC,True,0.03528,0.03596,0.03473,0.03531,1.0000000000003062e-05,0.028328611898025675,49.1911143712367,0.0353,0.03595935,0.03476,0.035299,-1.000000000001e-06,-0.002832861189804533,1783684799999,2026-07-10 11:59:59 UTC,1783670400000,2026-07-10 08:00:00 UTC,0.0,0.0,1.1000000000004062e-05,0.03116235587411559,-0.00036328,0.0046699,-0.01378087,0.0,0.00023885,-100.0,1783684799999,2026-07-10 11:59:59 UTC,6149,-1564.0,-20.277453649682354,8837406.0,1010607.0,12.912136877413102,311542.29095,32728.343739999982,11.73841698648931,binance_kline_quote_asset_volume,1437.210278093999,50.66552137745975,0.001230000000000002,3.4863945578231346,3.0000000000002247e-05,0.08503401360544854,3.0000000000002247e-05,0.08503401360544854,0.0006499999999999978,52.845528455284295,0.0005500000000000019,44.715447154471626,0.4715447154471571,4571819.0,4265587.0,51.73258985724997,48.26741014275003,161040.32233,35177.50124,27.949080542891874,150501.96862,-2449.1575000000303,-1.6012680404056054,51.69131992928872,48.30868007071128,1.071791291561982,1.070021367870663,10538.353709999996,3.3826398585774395,119942282.0,4233962.5546,-508895.0,-0.4224906826771813,-77072.99958920944,-1.7878070969355484,1783670400000,2026-07-10 08:00:00 UTC,EXACT_CANDLE_OPEN,0.0,14399.999,119942282.0,-508895.0,-0.4224906826771813,119942282.0,-508895.0,-0.4224906826771813,4233962.5546,-77072.99958920944,-1.7878070969355484,0.035300000000000005,4233962.5546,-77072.99958920944,-1.7878070969355484,4233962.554599999,-77072.99958921038,-1.78780709693557,4233962.554599999,-77072.99958921038,-1.78780709693557,4233962.554599999,-77072.99958921038,-1.78780709693557,sumOpenInterest * mark_open,4233842.612318,-18083.93578199949,-0.425311575292391,-0.00423385696351064,-0.013805957389543487,-2.832901316075833e-05,-0.018039814353054125,-0.004262185976671398,-0.4224906826771813,-1.3711092229747808,-0.002832861189804533,1.9656923240530392e-14,0.002832941443122862,1.9656923240530392e-14,ALIGNED_OI_TIMESTAMP_MARK_OPEN,0,1.9656923240530392e-14,ALIGNED_OI_TIMESTAMP_MARK_OPEN,0,5.0132,0.08550000000000058,1.7350893926172573,83.37,16.63,1783670400000,2026-07-10 08:00:00 UTC,0.0,1.1512,-0.015700000000000047,-1.3454451966749548,53.510000000000005,46.489999999999995,1783670400000,2026-07-10 08:00:00 UTC,0.0,4.7504,0.02629999999999999,0.5567197984801335,82.61,17.39,1783670400000,2026-07-10 08:00:00 UTC,0.0,-3.862,-0.26280000000000037,3.5991999999999997,1783656000000,2026-07-10 04:00:00 UTC,5e-05,0.03579073,14400.0
FINAL_REAL_MARK_PREMIUM_OI_SYNC_AUDIT_2026_07_12,1783684800000,2026-07-10 12:00:00 UTC,LYNUSDT,1783684800000,2026-07-10 12:00:00 UTC,1783699199999,2026-07-10 15:59:59 UTC,True,0.0353,0.03587,0.03503,0.0357,0.00039000000000000146,1.1045029736618563,52.738368043843096,0.035299,0.03587042,0.0351054,0.03571377,0.0004147700000000018,1.1750191223547461,1783699199999,2026-07-10 15:59:59 UTC,1783684800000,2026-07-10 12:00:00 UTC,0.0,0.0,-1.3769999999996285e-05,-0.038556556756669164,0.0,0.0004572,-0.00244155,-0.00031688,-0.00031688,,1783699199999,2026-07-10 15:59:59 UTC,5608,-541.0,-8.798178565620427,4544132.0,-4293274.0,-48.580703432658865,161167.07551,-150375.21544,-48.267994364891535,binance_kline_quote_asset_volume,810.2945791726106,28.738779513195436,0.0008400000000000005,2.3796033994334294,0.0004000000000000045,1.1331444759206928,0.0004000000000000045,1.1331444759206928,0.00016999999999999654,20.238095238094818,0.0002699999999999994,32.14285714285705,0.7976190476190519,2400579.0,2143553.0,52.82810886655581,47.17189113344419,85215.75756,-75824.56477,-47.08421075724259,75951.31795,-74550.65067,-49.53466812001094,52.874172525834894,47.125827474165106,1.1199065290198096,1.1219786550129247,9264.439610000001,5.748345051669792,118964932.0,4199343.134668,-977350.0,-0.8148502627288681,-34619.41993200034,-0.8176600403418299,1783684800000,2026-07-10 12:00:00 UTC,EXACT_CANDLE_OPEN,0.0,14399.999,118964932.0,-977350.0,-0.8148502627288681,118964932.0,-977350.0,-0.8148502627288681,4199343.134668,-34619.41993200034,-0.8176600403418299,0.035299,4199343.134668,-34619.41993200034,-0.8176600403418299,4199343.134668,-34619.41993199941,-0.8176600403418081,4199343.134668,-34619.41993199941,-0.8176600403418081,4199343.134668,-34619.41993199941,-0.8176600403418081,sumOpenInterest * mark_open,4248686.21951364,14843.607195639983,0.3505942132202503,-0.00818188313258365,-2.832901316075833e-05,0.011681693776584921,-0.008210212145744408,0.0034998106440012715,-0.8148502627288681,-0.002832861189804533,1.1750191223547461,0.0,-1.1613727702228072,0.0,ALIGNED_OI_TIMESTAMP_MARK_OPEN,1,0.0,ALIGNED_OI_TIMESTAMP_MARK_OPEN,1,5.2461,0.23289999999999988,4.645735258916458,83.99,16.009999999999998,1783684800000,2026-07-10 12:00:00 UTC,0.0,1.1352,-0.016000000000000014,-1.3898540653231424,53.169999999999995,46.83,1783684800000,2026-07-10 12:00:00 UTC,0.0,4.9067,0.15629999999999988,3.290249242169078,83.07,16.93,1783684800000,2026-07-10 12:00:00 UTC,0.0,-4.1109,-0.33940000000000037,3.7714999999999996,1783670400005,2026-07-10 08:00:00 UTC,5e-05,0.0353,14399.995
FINAL_REAL_MARK_PREMIUM_OI_SYNC_AUDIT_2026_07_12,1783699200000,2026-07-10 16:00:00 UTC,LYNUSDT,1783699200000,2026-07-10 16:00:00 UTC,1783713599999,2026-07-10 19:59:59 UTC,True,0.0357,0.03594,0.03552,0.0359,0.0001999999999999988,0.5602240896358509,54.49297985130014,0.03571377,0.03594113,0.03554079,0.0359,0.0001862300000000025,0.5214515297600968,1783713599999,2026-07-10 19:59:59 UTC,1783699200000,2026-07-10 16:00:00 UTC,0.0,0.0,0.0,0.0,-0.00031404,0.0,-0.00440217,0.0,0.00031688,-100.0,1783713599999,2026-07-10 19:59:59 UTC,3966,-1642.0,-29.27960057061341,4007276.0,-536856.0,-11.814269479847857,143240.24124,-17926.834269999992,-11.123136790359938,binance_kline_quote_asset_volume,1010.4074634392335,36.11705527987897,0.00041999999999999676,1.1764705882352848,0.0001999999999999988,0.5602240896358509,0.0001999999999999988,0.5602240896358509,3.999999999999837e-05,9.52380952380921,0.0001799999999999996,42.857142857143096,0.9047619047619079,2238985.0,1768291.0,55.87299202750198,44.12700797249803,80077.30564,-5138.451919999992,-6.0299316313441595,63162.9356,-12788.38235,-16.83760426437735,55.90419629762417,44.09580370237583,1.2661858257492686,1.2677894857059178,16914.37004000001,11.808392595248332,118165518.0,4220136.13178286,-799414.0,-0.6719744941307577,20792.99711485952,0.49514879942058876,1783699200000,2026-07-10 16:00:00 UTC,EXACT_CANDLE_OPEN,0.0,14399.999,118165518.0,-799414.0,-0.6719744941307577,118165518.0,-799414.0,-0.6719744941307577,4220136.13178286,20792.99711485952,0.49514879942058876,0.03571377,4220136.13178286,20792.99711485952,0.49514879942058876,4220136.13178286,20792.99711485952,0.49514879942058876,4220136.13178286,20792.99711485952,0.49514879942058876,4220136.13178286,20792.99711485952,0.49514879942058876,sumOpenInterest * mark_open,4242142.0962000005,-6544.123313639313,-0.15402698564989437,-0.006742424083142652,0.011681693776584921,0.005200966791557831,0.004939269693442269,-0.001541457291584821,-0.6719744941307577,1.1750191223547461,0.5214515297600968,0.0,-0.5187465181058565,0.0,ALIGNED_OI_TIMESTAMP_MARK_OPEN,1,0.0,ALIGNED_OI_TIMESTAMP_MARK_OPEN,1,5.3251,0.07899999999999974,1.505880558891362,84.19,15.809999999999999,1783699200000,2026-07-10 16:00:00 UTC,0.0,1.1296,-0.005600000000000049,-0.4933051444679395,53.04,46.96,1783699200000,2026-07-10 16:00:00 UTC,0.0,4.9067,0.0,0.0,83.07,16.93,1783699200000,2026-07-10 16:00:00 UTC,0.0,-4.1955,-0.4184000000000001,3.7771,1783684800002,2026-07-10 12:00:00 UTC,-7.624e-05,0.035299,14399.998
FINAL_REAL_MARK_PREMIUM_OI_SYNC_AUDIT_2026_07_12,1783713600000,2026-07-10 20:00:00 UTC,LYNUSDT,1783713600000,2026-07-10 20:00:00 UTC,1783727999999,2026-07-10 23:59:59 UTC,True,0.03589,0.03605,0.03579,0.03597,7.000000000000062e-05,0.19498607242340005,55.12099237803988,0.0359,0.03615565,0.03582,0.03597,7.000000000000062e-05,0.19498607242340005,1783727999999,2026-07-10 23:59:59 UTC,1783713600000,2026-07-10 20:00:00 UTC,0.0,0.0,0.0,0.0,0.0,0.0,-0.00389687,0.0,0.0,,1783727999999,2026-07-10 23:59:59 UTC,2838,-1128.0,-28.44175491679274,2612905.0,-1394371.0,-34.79598111036025,93918.21149,-49322.02975,-34.433082018732854,binance_kline_quote_asset_volume,920.685341789993,33.093097776603244,0.00025999999999999635,0.7244357759821576,8.000000000000368e-05,0.22290331568683108,8.000000000000368e-05,0.22290331568683108,7.999999999999674e-05,30.76923076922995,9.999999999999593e-05,38.46153846153744,0.6923076923077005,1616161.0,996744.0,61.85303330966874,38.146966690331254,58117.11754,-21960.188100000007,-27.42373500767552,35801.09395,-27361.841649999995,-43.319458461015536,61.880562478756374,38.119437521243626,1.6214404099748783,1.6233335668783382,22316.023589999997,23.76112495751275,117038190.0,4201671.021,-1127328.0,-0.9540245065400551,-18465.110782859847,-0.43754775216360103,1783713600000,2026-07-10 20:00:00 UTC,EXACT_CANDLE_OPEN,0.0,14399.999,117038190.0,-1127328.0,-0.9540245065400551,117038190.0,-1127328.0,-0.9540245065400551,4201671.021,-18465.110782859847,-0.43754775216360103,0.035899999999999994,4201671.021,-18465.110782859847,-0.43754775216360103,4201671.021,-18465.110782859847,-0.43754775216360103,4201671.021,-18465.110782859847,-0.43754775216360103,4201671.021,-18465.110782859847,-0.43754775216360103,sumOpenInterest * mark_open,4209863.694300001,-32278.40189999994,-0.7608986490319145,-0.009586044729470363,0.005200966791557831,0.0019479622132994824,-0.004385077937912532,-0.00763808251617088,-0.9540245065400551,0.5214515297600968,0.19498607242340005,-1.9328395275507598e-14,-0.19460661662498624,-1.9328395275507598e-14,ALIGNED_OI_TIMESTAMP_MARK_OPEN,0,-1.9328395275507598e-14,ALIGNED_OI_TIMESTAMP_MARK_OPEN,0,5.25,-0.07509999999999994,-1.4103021539501595,84.0,16.0,1783713600000,2026-07-10 20:00:00 UTC,0.0,1.1334,0.0038000000000000256,0.33640226628895414,53.13,46.87,1783713600000,2026-07-10 20:00:00 UTC,0.0,4.8173,-0.08939999999999948,-1.8219984918580612,82.80999999999999,17.19,1783713600000,2026-07-10 20:00:00 UTC,0.0,-4.1166,-0.43269999999999964,3.6839000000000004,1783713600000,2026-07-10 20:00:00 UTC,5e-05,0.0359,0.0
FINAL_REAL_MARK_PREMIUM_OI_SYNC_AUDIT_2026_07_12,1783728000000,2026-07-11 00:00:00 UTC,LYNUSDT,1783728000000,2026-07-11 00:00:00 UTC,1783742399999,2026-07-11 03:59:59 UTC,True,0.03595,0.03604,0.03546,0.03565,-0.00032000000000000084,-0.8896302474284148,51.61430829993394,0.03597,0.03604,0.03551223,0.03564653,-0.0003234699999999993,-0.8992771754239623,1783742399999,2026-07-11 03:59:59 UTC,1783728000000,2026-07-11 00:00:00 UTC,0.0,0.0,3.4699999999984743e-06,0.00973446784300877,0.0,0.00262083,-0.00226153,0.0,0.0,,1783742399999,2026-07-11 03:59:59 UTC,3148,310.0,10.923185341789992,4064466.0,1451561.0,55.5535314142688,145334.33159,51416.120099999986,54.74563376398469,binance_kline_quote_asset_volume,1291.1264294790344,46.16719554955527,0.0005800000000000041,1.6133518776078,-0.00030000000000000165,-0.8344923504867917,0.00030000000000000165,0.8344923504867917,8.99999999999998e-05,15.517241379310201,0.00019000000000000267,32.7586206896554,0.327586206896554,1955039.0,2109427.0,48.10075911571163,51.89924088428837,69978.5906,11861.473059999997,20.40960316353638,75355.74098999999,39554.64703999999,110.48446479105421,48.15007564586688,51.84992435413312,0.926810456109645,0.928643122350644,-5377.150389999995,-3.699848708266244,116926792.0,4205856.70824,-111398.0,-0.09518089779071259,4185.687239999883,0.09961958513838352,1783728000000,2026-07-11 00:00:00 UTC,EXACT_CANDLE_OPEN,0.0,14399.999,116926792.0,-111398.0,-0.09518089779071259,116926792.0,-111398.0,-0.09518089779071259,4205856.70824,4185.687239999883,0.09961958513838352,0.035969999999999995,4205856.70824,4185.687239999883,0.09961958513838352,4205856.7082400005,4185.687240000814,0.09961958513840569,4205856.7082400005,4185.687240000814,0.09961958513840569,4205856.7082400005,4185.687240000814,0.09961958513840569,sumOpenInterest * mark_open,4168034.3988317605,-41829.295468240045,-0.9936021331254824,-0.0009522622357050732,0.0019479622132994824,-0.009033450787971983,0.0009956999775944091,-0.009985713023677057,-0.09518089779071259,0.19498607242340005,-0.8992771754239623,-1.9290780939414035e-14,0.9074375542303623,-1.9290780939414035e-14,ALIGNED_OI_TIMESTAMP_MARK_OPEN,1,-1.9290780939414035e-14,ALIGNED_OI_TIMESTAMP_MARK_OPEN,1,5.215,-0.03500000000000014,-0.6666666666666694,83.91,16.09,1783728000000,2026-07-11 00:00:00 UTC,0.0,1.1333,-9.999999999998899e-05,-0.008823010411151314,53.12,46.88,1783728000000,2026-07-11 00:00:00 UTC,0.0,4.814,-0.0033000000000003027,-0.06850310339817538,82.8,17.2,1783728000000,2026-07-11 00:00:00 UTC,0.0,-4.0817,-0.4009999999999998,3.6807,1783728000000,2026-07-11 00:00:00 UTC,5e-05,0.03597,0.0
FINAL_REAL_MARK_PREMIUM_OI_SYNC_AUDIT_2026_07_12,1783742400000,2026-07-11 04:00:00 UTC,LYNUSDT,1783742400000,2026-07-11 04:00:00 UTC,1783756799999,2026-07-11 07:59:59 UTC,True,0.03564,0.03588,0.0353,0.0356,-5.000000000000143e-05,-0.14025245441795633,51.067632253043584,0.03564592,0.03586,0.03531839,0.0356,-4.653000000000296e-05,-0.1305316394050219,1783756799999,2026-07-11 07:59:59 UTC,1783742400000,2026-07-11 04:00:00 UTC,0.0,0.0,0.0,0.0,0.0,0.00211959,-0.00131596,0.0,0.0,,1783756799999,2026-07-11 07:59:59 UTC,3378,230.0,7.306226175349428,3257564.0,-806902.0,-19.85259564233038,115855.09049,-29479.241099999985,-20.28374216710428,binance_kline_quote_asset_volume,964.3469508584961,34.296948043220844,0.0005800000000000041,1.6273849607183057,-3.999999999999837e-05,-0.11223344556677434,3.999999999999837e-05,0.11223344556677434,0.0002400000000000041,41.379310344828,0.00030000000000000165,51.7241379310344,0.517241379310344,1472777.0,1784787.0,45.210992017347934,54.78900798265207,52428.18713,-17550.403469999997,-25.07967554007868,63426.903360000004,-11928.837629999987,-15.830031625039679,45.253244297043054,54.74675570295694,0.8251836213508951,0.8265922558512242,-10998.716230000005,-9.493511405913887,116324612.0,4146568.77139636,-602180.0,-0.5150060047828902,-59287.936843639705,-1.4096518487537724,1783742400000,2026-07-11 04:00:00 UTC,EXACT_CANDLE_OPEN,0.0,14399.999,116324612.0,-602180.0,-0.5150060047828902,116324612.0,-602180.0,-0.5150060047828902,4146568.77139636,-59287.936843639705,-1.4096518487537724,0.035646529999999996,4146568.77139636,-59287.936843639705,-1.4096518487537724,4146497.8133830396,-59358.89485696098,-1.4113389726441854,4146497.8133830396,-59358.89485696098,-1.4113389726441854,4146497.8133830396,-59358.89485696098,-1.4113389726441854,sumOpenInterest * mark_open,4141156.1872,-26878.211631760467,-0.6448653984068375,-0.005163367315558011,-0.009050563399476326,-0.0013061690615758386,-0.014213930715034337,-0.006469536377133849,-0.5150060047828902,-0.9009730330831369,-0.1305316394050219,0.001711275792567879,0.13070224719100007,-1.9465832730162593e-14,ALIGNED_OI_TIMESTAMP_MARK_OPEN,0,0.001711275792567879,ALIGNED_OI_TIMESTAMP_MARK_OPEN,0,5.3331,0.1181000000000001,2.2646212847555147,84.21,15.790000000000001,1783742400000,2026-07-11 04:00:00 UTC,0.0,1.1311,-0.0021999999999999797,-0.19412335656930907,53.080000000000005,46.92,1783742400000,2026-07-11 04:00:00 UTC,0.0,4.9524,0.13839999999999986,2.8749480681346045,83.2,16.8,1783742400000,2026-07-11 04:00:00 UTC,0.0,-4.202,-0.38070000000000004,3.8213,1783742400000,2026-07-11 04:00:00 UTC,5e-05,0.03564592,0.0
FINAL_REAL_MARK_PREMIUM_OI_SYNC_AUDIT_2026_07_12,1783756800000,2026-07-11 08:00:00 UTC,LYNUSDT,1783756800000,2026-07-11 08:00:00 UTC,1783771199999,2026-07-11 11:59:59 UTC,True,0.03559,0.03604,0.03553,0.03574,0.00014000000000000123,0.39325842696629565,52.58204909594447,0.0356,0.03611321,0.03556,0.03574,0.00014000000000000123,0.39325842696629565,1783771199999,2026-07-11 11:59:59 UTC,1783756800000,2026-07-11 08:00:00 UTC,0.0,0.0,0.0,0.0,0.0,0.00161398,-0.0092656,0.0,0.0,,1783771199999,2026-07-11 11:59:59 UTC,4378,1000.0,29.60331557134399,4844630.0,1587066.0,48.719411191921324,173231.27558,57376.185089999984,49.52409501156308,binance_kline_quote_asset_volume,1106.585198720877,39.568587386934674,0.0005100000000000035,1.4329867940432806,0.0001500000000000043,0.4214667041303858,0.0001500000000000043,0.4214667041303858,0.00030000000000000165,58.82352941176463,5.9999999999997555e-05,11.76470588235238,0.41176470588235375,3351668.0,1492962.0,69.18315743410746,30.816842565892543,119912.22137,67484.03424000001,128.71708509139904,53319.05420999999,-10107.849150000016,-15.936217306132122,69.22088460557649,30.779115394423506,2.24497877373972,2.248956271762046,66593.16716000001,38.44176921115298,116202111.0,4136795.1516,-122501.0,-0.105309614099551,-9773.619796359912,-0.23570379113882728,1783756800000,2026-07-11 08:00:00 UTC,EXACT_CANDLE_OPEN,0.0,14399.999,116202111.0,-122501.0,-0.105309614099551,116202111.0,-122501.0,-0.105309614099551,4136795.1516,-9773.619796359912,-0.23570379113882728,0.0356,4136795.1516,-9773.619796359912,-0.23570379113882728,4136795.1516,-9702.66178303957,-0.23399654888816582,4136795.1516,-9702.66178303957,-0.23399654888816582,4136795.1516,-9702.66178303957,-0.23399654888816582,sumOpenInterest * mark_open,4153063.4471400003,11907.259940000251,0.287534673934895,-0.001053651036342865,-0.0012890564500715887,0.003924871873297208,-0.0023427074864144537,0.002871220836954343,-0.105309614099551,-0.12882259736878135,0.39325842696629565,0.0,-0.3917179630665955,0.0,ALIGNED_OI_TIMESTAMP_MARK_OPEN,0,0.0,ALIGNED_OI_TIMESTAMP_MARK_OPEN,0,5.605,0.2719000000000005,5.098348052727316,84.86,15.14,1783756800000,2026-07-11 08:00:00 UTC,0.0,1.1263,-0.0047999999999999154,-0.4243656617451963,52.96999999999999,47.03,1783756800000,2026-07-11 08:00:00 UTC,0.0,5.1576,0.2052000000000005,4.14344560213231,83.76,16.24,1783756800000,2026-07-11 08:00:00 UTC,0.0,-4.4787,-0.4474,4.0313,1783756800000,2026-07-11 08:00:00 UTC,5e-05,0.0356,0.0
FINAL_REAL_MARK_PREMIUM_OI_SYNC_AUDIT_2026_07_12,1783771200000,2026-07-11 12:00:00 UTC,LYNUSDT,1783771200000,2026-07-11 12:00:00 UTC,1783785599999,2026-07-11 15:59:59 UTC,True,0.03573,0.03591,0.0355,0.03573,-1.0000000000003062e-05,-0.02797985450476514,52.457163987514576,0.03572996,0.03588082,0.03552,0.03572263,-1.737000000000266e-05,-0.04860100727476961,1783785599999,2026-07-11 15:59:59 UTC,1783771200000,2026-07-11 12:00:00 UTC,0.0,0.0,7.369999999999599e-06,0.020631179731166488,0.0,0.00111365,-0.0023753,0.00062039,0.00062039,,1783785599999,2026-07-11 15:59:59 UTC,3887,-491.0,-11.215166742804934,3681982.0,-1162648.0,-23.9986954628114,131464.35198,-41766.92359999998,-24.11049821122606,binance_kline_quote_asset_volume,947.2554669410856,33.82154668896321,0.00041000000000000064,1.1474951021550537,0.0,0.0,0.0,0.0,0.0001799999999999996,43.90243902439008,0.00023000000000000104,56.097560975609916,0.5609756097560992,2234002.0,1447980.0,60.67389791693712,39.32610208306287,79806.97848,-40105.242889999994,-33.44550074362449,51657.3735,-1661.680709999986,-3.1164857190740225,60.706174166622176,39.29382583337783,1.5428403707233524,1.5449290792920396,28149.604980000004,21.412348333244342,114679863.0,4098658.30362,-1522248.0,-1.3100002976710121,-38136.84798000008,-0.9218935572685968,1783771200000,2026-07-11 12:00:00 UTC,EXACT_CANDLE_OPEN,0.0,14399.999,114679863.0,-1522248.0,-1.3100002976710121,114679863.0,-1522248.0,-1.3100002976710121,4098658.30362,-38136.84798000008,-0.9218935572685968,0.03574,4098658.30362,-38136.84798000008,-0.9218935572685968,4097506.9177954798,-39288.23380452022,-0.9497263549374592,4097506.9177954798,-39288.23380452022,-0.9497263549374592,4097506.9177954798,-39288.23380452022,-0.9497263549374592,sumOpenInterest * mark_open,4096666.31439969,-56397.13274031039,-1.3579646316058132,-0.01318656482039818,0.0036439146692901544,-0.00048612821392322446,-0.009542650151108025,-0.013672693034321405,-1.3100002976710121,0.36505617977527643,-0.04860100727476961,0.028099667617883774,0.048624639339272226,0.0,ALIGNED_OI_TIMESTAMP_MARK_OPEN,0,0.028099667617883774,ALIGNED_OI_TIMESTAMP_MARK_OPEN,0,5.6357,0.030699999999999505,0.5477252453166727,84.93,15.07,1783771200000,2026-07-11 12:00:00 UTC,0.0,1.1184,-0.007900000000000018,-0.7014117020332077,52.800000000000004,47.199999999999996,1783771200000,2026-07-11 12:00:00 UTC,0.0,5.1614,0.0038000000000000256,0.07367767954087222,83.77,16.23,1783771200000,2026-07-11 12:00:00 UTC,0.0,-4.5173,-0.4742999999999995,4.043,1783756800000,2026-07-11 08:00:00 UTC,5e-05,0.0356,14400.0
FINAL_REAL_MARK_PREMIUM_OI_SYNC_AUDIT_2026_07_12,1783785600000,2026-07-11 16:00:00 UTC,LYNUSDT,1783785600000,2026-07-11 16:00:00 UTC,1783799999999,2026-07-11 19:59:59 UTC,True,0.03572,0.03585,0.03557,0.0357,-2.9999999999995308e-05,-0.08396305625523456,52.057712386058874,0.03572263,0.03582773,0.03559,0.03569545,-2.7180000000001647e-05,-0.0760862232148127,1783799999999,2026-07-11 19:59:59 UTC,1783785600000,2026-07-11 16:00:00 UTC,0.0,0.0,4.550000000005938e-06,0.01274672262152722,0.00063078,0.00194668,-0.0017773,0.00025836,-0.00036202999999999995,-58.35522816292976,1783799999999,2026-07-11 19:59:59 UTC,2238,-1649.0,-42.423462824800616,1638005.0,-2043977.0,-55.5129547075461,58509.30723,-72955.04475,-55.49416526321814,binance_kline_quote_asset_volume,731.9057193923146,26.143568914209116,0.00028000000000000247,0.783874580067196,-1.9999999999999185e-05,-0.055991041433368374,1.9999999999999185e-05,0.055991041433368374,0.00012999999999999817,46.428571428570365,0.0001300000000000051,46.428571428572845,0.46428571428572846,935123.0,702882.0,57.0891419745361,42.9108580254639,33408.20916,-46398.76932000001,-58.13873699231421,25101.09807,-26556.27543,-51.40848949666401,57.09896551786604,42.901034482133966,1.3304125016716888,1.3309461230275172,8307.111089999999,14.197931035732072,114679876.0,4096666.77879388,13.0,1.1335904717639923e-05,-1991.5248261201195,-0.04858967687941133,1783785600000,2026-07-11 16:00:00 UTC,EXACT_CANDLE_OPEN,0.0,14399.999,114679876.0,13.0,1.1335904717639923e-05,114679876.0,13.0,1.1335904717639923e-05,4096666.77879388,-1991.5248261201195,-0.04858967687941133,0.03572263,4096666.77879388,-1991.5248261201195,-0.04858967687941133,4096666.77879388,-840.1390015999787,-0.020503662799231735,4096666.77879388,-840.1390015999787,-0.020503662799231735,4096666.77879388,-840.1390015999787,-0.020503662799231735,sumOpenInterest * mark_open,4093549.7797641996,-3116.534635490272,-0.07607489593515886,1.13359040835039e-07,-0.0002051710099161244,-0.0007611518347240215,-0.00020505765087528937,-0.0007610384756831864,1.1335904717639923e-05,-0.020514996378388998,-0.0760862232148127,0.0,0.07614415842916016,0.0,ALIGNED_OI_TIMESTAMP_MARK_OPEN,0,0.0,ALIGNED_OI_TIMESTAMP_MARK_OPEN,0,5.5402,-0.09550000000000036,-1.6945543588196739,84.71,15.290000000000001,1783785600000,2026-07-11 16:00:00 UTC,0.0,1.1152,-0.0032000000000000917,-0.28612303290415697,52.72,47.28,1783785600000,2026-07-11 16:00:00 UTC,0.0,5.035,-0.1264000000000003,-2.448947959855859,83.43,16.57,1783785600000,2026-07-11 16:00:00 UTC,0.0,-4.425,-0.5051999999999994,3.9198000000000004,1783785600000,2026-07-11 16:00:00 UTC,5e-05,0.03572263,0.0
FINAL_REAL_MARK_PREMIUM_OI_SYNC_AUDIT_2026_07_12,1783800000000,2026-07-11 20:00:00 UTC,LYNUSDT,1783800000000,2026-07-11 20:00:00 UTC,1783814399999,2026-07-11 23:59:59 UTC,True,0.0357,0.03579,0.03554,0.03557,-0.0001300000000000051,-0.36414565826331957,50.271281985956485,0.03569695,0.03578,0.03557422,0.0355831,-0.00011234999999999717,-0.3147459970388304,1783814399999,2026-07-11 23:59:59 UTC,1783800000000,2026-07-11 20:00:00 UTC,0.0,0.0,-1.3100000000001999e-05,-0.03681522970174605,0.00021626,0.00191201,-0.00089844,0.0,-0.00025836,-100.0,1783814399999,2026-07-11 23:59:59 UTC,3447,1209.0,54.02144772117963,2081115.0,443110.0,27.051809976160023,74299.85674,15790.549510000004,26.988098573663464,binance_kline_quote_asset_volume,603.7467362924282,21.554933780098636,0.0002500000000000002,0.7002801120448184,-0.0001300000000000051,-0.36414565826331957,0.0001300000000000051,0.36414565826331957,8.99999999999998e-05,35.999999999999886,2.9999999999995308e-05,11.999999999998112,0.11999999999998112,1317155.0,763960.0,63.29083207799665,36.70916792200335,47035.7662,13627.55704,40.791043227532285,27264.090540000005,2162.9924700000047,8.617122900233364,63.305325560174154,36.694674439825846,1.7241151369181633,1.7251910945275195,19771.675659999994,26.6106511203483,115004144.0,4105297.1781608,324268.0,0.28275928725280447,8630.399366920348,0.2106688152327895,1783800000000,2026-07-11 20:00:00 UTC,EXACT_CANDLE_OPEN,0.0,14399.999,115004144.0,324268.0,0.28275928725280447,115004144.0,324268.0,0.28275928725280447,4105297.1781608,8630.399366920348,0.2106688152327895,0.03569695,4105297.1781608,8630.399366920348,0.2106688152327895,4105297.1781607997,8630.399366919883,0.21066881523277814,4105297.1781607997,8630.399366919883,0.21066881523277814,4105297.1781607997,8630.399366919883,0.21066881523277814,sumOpenInterest * mark_open,4092203.9563664,-1345.8233977998607,-0.03287668332391414,0.002823602751656927,-0.0007191305551418067,-0.0031524236405594632,0.00210447219651512,-0.0003288208889025363,0.28275928725280447,-0.07188720427359394,-0.3147459970388304,0.0,0.3199552596597786,0.004202216248853846,ALIGNED_OI_TIMESTAMP_MARK_OPEN,0,0.0,ALIGNED_OI_TIMESTAMP_MARK_OPEN,0,5.4226,-0.11759999999999948,-2.1226670517309754,84.43,15.57,1783800000000,2026-07-11 20:00:00 UTC,0.0,1.1148,-0.00039999999999995595,-0.03586800573887697,52.72,47.28,1783800000000,2026-07-11 20:00:00 UTC,0.0,5.0386,0.0035999999999996035,0.07149950347566243,83.44,16.56,1783800000000,2026-07-11 20:00:00 UTC,0.0,-4.3078,-0.38400000000000034,3.9238,1783800000000,2026-07-11 20:00:00 UTC,5e-05,0.03569695,0.0
FINAL_REAL_MARK_PREMIUM_OI_SYNC_AUDIT_2026_07_12,1783814400000,2026-07-12 00:00:00 UTC,LYNUSDT,1783814400000,2026-07-12 00:00:00 UTC,1783828799999,2026-07-12 03:59:59 UTC,True,0.03556,0.03591,0.03518,0.03583,0.0002600000000000033,0.7309530503233155,53.6938667826739,0.03557873,0.0359,0.03518702,0.03583072,0.00024762000000000395,0.6958921510492451,1783828799999,2026-07-12 03:59:59 UTC,1783814400000,2026-07-12 00:00:00 UTC,0.0,0.0,-7.20000000002663e-07,-0.002009448875162606,0.0,0.00372122,-0.00313605,0.0,0.0,,1783828799999,2026-07-12 03:59:59 UTC,5084,1637.0,47.49057151145924,5353881.0,3272766.0,157.26021868085135,190856.17607,116556.31932999998,156.87287222890544,binance_kline_quote_asset_volume,1053.0843823760817,37.54055390833989,0.0007299999999999945,2.052868391451053,0.0002699999999999994,0.7592800899887497,0.0002699999999999994,0.7592800899887497,7.999999999999674e-05,10.958904109588676,0.0003799999999999984,52.05479452054812,0.8904109589041133,3191640.0,2162241.0,59.613577515077374,40.38642248492262,113875.71972,66839.95352,142.10452793687028,76980.45635,49716.36580999999,182.35108828244074,59.66572424579753,40.33427575420247,1.4760796784447248,1.4792809125767155,36895.26337,19.331448491595047,114876178.0,4087650.5293918,-127966.0,-0.11127077299058023,-17646.64876900008,-0.4298507027183326,1783814400000,2026-07-12 00:00:00 UTC,EXACT_CANDLE_OPEN,0.0,14399.999,114876178.0,-127966.0,-0.11127077299058023,114876178.0,-127966.0,-0.11127077299058023,4087650.5293918,-17646.64876900008,-0.4298507027183326,0.0355831,4087650.5293918,-17646.64876900008,-0.4298507027183326,4087148.5204939405,-18148.657666859217,-0.4420790232533163,4087148.5204939405,-18148.657666859217,-0.4420790232533163,4087148.5204939405,-18148.657666859217,-0.4420790232533163,sumOpenInterest * mark_open,4116096.1685881605,23892.21222176077,0.5838470534830194,-0.001113327248756804,-0.0033172635718117143,0.006934819965435604,-0.004430590820568518,0.0058214927166788,-0.11127077299058023,-0.3311767531959881,0.6958921510492451,0.012282619418952274,-0.6910829589804612,0.0,ALIGNED_OI_TIMESTAMP_MARK_OPEN,1,0.012282619418952274,ALIGNED_OI_TIMESTAMP_MARK_OPEN,1,5.4935,0.07089999999999996,1.307490871537638,84.6,15.4,1783814400000,2026-07-12 00:00:00 UTC,0.0,1.1103,-0.0044999999999999485,-0.40365984930031834,52.61,47.39,1783814400000,2026-07-12 00:00:00 UTC,0.0,5.1996,0.16100000000000048,3.1953320366768643,83.87,16.13,1783814400000,2026-07-12 00:00:00 UTC,0.0,-4.3832,-0.29389999999999983,4.0893,1783814400000,2026-07-12 00:00:00 UTC,5e-05,0.03557873,0.0
FINAL_REAL_MARK_PREMIUM_OI_SYNC_AUDIT_2026_07_12,1783828800000,2026-07-12 04:00:00 UTC,LYNUSDT,1783828800000,2026-07-12 04:00:00 UTC,1783843199999,2026-07-12 07:59:59 UTC,True,0.03584,0.03587,0.03565,0.03579,-3.999999999999837e-05,-0.11163829193412886,53.088499796202804,0.03583072,0.03587421,0.03565,0.035803,-2.772000000000191e-05,-0.07736378169347953,1783843199999,2026-07-12 07:59:59 UTC,1783828800000,2026-07-12 04:00:00 UTC,0.0,0.0,-1.2999999999999123e-05,-0.0363098064407986,0.0,0.0028402,-0.00188019,0.0,0.0,,1783843199999,2026-07-12 07:59:59 UTC,2612,-2472.0,-48.62313139260424,1998613.0,-3355268.0,-62.66982773804648,71524.66693,-119331.50913999998,-62.52431102687134,binance_kline_quote_asset_volume,765.1657733537519,27.383103725114857,0.00021999999999999797,0.6138392857142801,-4.999999999999449e-05,-0.13950892857141323,4.999999999999449e-05,0.13950892857141323,3.0000000000002247e-05,13.636363636364784,0.00014000000000000123,63.63636363636478,0.6363636363636478,1142590.0,856023.0,57.16914680330809,42.830853196691905,40893.06712,-72982.6526,-64.08973991949406,30631.599810000007,-46348.856539999986,-60.20860194601846,57.173376508025356,42.82662349197465,1.334765537841857,1.3349961273211082,10261.467309999993,14.346753016050698,113394084.0,4062991.67346048,-1482094.0,-1.2901665304359273,-24658.855931320228,-0.6032525470074667,1783828800000,2026-07-12 04:00:00 UTC,EXACT_CANDLE_OPEN,0.0,14399.999,113394084.0,-1482094.0,-1.2901665304359273,113394084.0,-1482094.0,-1.2901665304359273,4062991.67346048,-24658.855931320228,-0.6032525470074667,0.035830719999999996,4062991.67346048,-24658.855931320228,-0.6032525470074667,4062991.6734604803,-24156.84703346016,-0.5910440228029872,4062991.6734604803,-24156.84703346016,-0.5910440228029872,4062991.6734604803,-24156.84703346016,-0.5910440228029872,sumOpenInterest * mark_open,4059848.389452,-56247.77913616039,-1.366532190511322,-0.01298561462724833,0.0070576386171058315,-0.0007739372291050876,-0.005927976010142498,-0.013759551856353417,-1.2901665304359273,0.7082602442526772,-0.07736378169347953,-1.9365767430593713e-14,0.07742367957990942,-1.9365767430593713e-14,ALIGNED_OI_TIMESTAMP_MARK_OPEN,0,-1.9365767430593713e-14,ALIGNED_OI_TIMESTAMP_MARK_OPEN,0,5.4433,-0.050200000000000244,-0.9138072267224946,84.48,15.52,1783828800000,2026-07-12 04:00:00 UTC,0.0,1.1094,-0.0009000000000001229,-0.08105917319644446,52.59,47.410000000000004,1783828800000,2026-07-12 04:00:00 UTC,0.0,5.1013,-0.09830000000000005,-1.8905300407723682,83.61,16.39,1783828800000,2026-07-12 04:00:00 UTC,0.0,-4.3339,-0.34199999999999964,3.9919000000000002,1783828800000,2026-07-12 04:00:00 UTC,1.279e-05,0.03583072,0.0
FINAL_REAL_MARK_PREMIUM_OI_SYNC_AUDIT_2026_07_12,1783843200000,2026-07-12 08:00:00 UTC,LYNUSDT,1783843200000,2026-07-12 08:00:00 UTC,1783857599999,2026-07-12 11:59:59 UTC,True,0.03579,0.036,0.03551,0.03563,-0.00016000000000000042,-0.44705224923163006,50.62958708327356,0.035803,0.03597968,0.0355275,0.03561517,-0.00018782999999999994,-0.5246208418288968,1783857599999,2026-07-12 11:59:59 UTC,1783843200000,2026-07-12 08:00:00 UTC,0.0,0.0,1.4830000000000398e-05,0.04163955977186238,0.0,0.00121565,-0.00062861,0.00029379,0.00029379,,1783857599999,2026-07-12 11:59:59 UTC,3074,462.0,17.68759571209801,3466617.0,1468004.0,73.45113836445574,124000.8842,52476.217269999994,73.36799949219979,binance_kline_quote_asset_volume,1127.7218607677294,40.33860904359141,0.0004899999999999974,1.3690975132718564,-0.00016000000000000042,-0.44705224923163006,0.00016000000000000042,0.44705224923163006,0.0002099999999999949,42.85714285714205,0.00012000000000000205,24.489795918367896,0.24489795918367896,1805379.0,1661238.0,52.078986516249124,47.921013483750876,64644.32022,23751.2531,58.081368732509986,59356.56398,28724.964169999992,93.7755923561734,52.13214457062718,47.86785542937282,1.0867672181830659,1.0890846080945942,5287.756240000002,4.264289141254367,113233396.0,4054095.276988,-160688.0,-0.14170756915325494,-8896.396472479682,-0.21896172051227847,1783843200000,2026-07-12 08:00:00 UTC,EXACT_CANDLE_OPEN,0.0,14399.999,113233396.0,-160688.0,-0.14170756915325494,113233396.0,-160688.0,-0.14170756915325494,4054095.276988,-8896.396472479682,-0.21896172051227847,0.035803,4054095.276988,-8896.396472479682,-0.21896172051227847,4054095.276988,-8896.396472480148,-0.2189617205122899,4054095.276988,-8896.396472480148,-0.2189617205122899,4054095.276988,-8896.396472480148,-0.2189617205122899,sumOpenInterest * mark_open,4032826.64821732,-27021.741234680172,-0.6655849835399291,-0.001418080692844522,-0.0007739372291050876,-0.0052600180897910635,-0.0021920179219496096,-0.006678098782635585,-0.14170756915325494,-0.07736378169347953,-0.5246208418288968,0.0,0.5273876272386175,0.0,ALIGNED_OI_TIMESTAMP_MARK_OPEN,1,0.0,ALIGNED_OI_TIMESTAMP_MARK_OPEN,1,5.3613,-0.08199999999999985,-1.506439108628954,84.28,15.72,1783843200000,2026-07-12 08:00:00 UTC,0.0,1.1079,-0.0014999999999998348,-0.13520822065980123,52.559999999999995,47.44,1783843200000,2026-07-12 08:00:00 UTC,0.0,5.0459,-0.05540000000000056,-1.0859976868641437,83.46000000000001,16.54,1783843200000,2026-07-12 08:00:00 UTC,0.0,-4.2534,-0.31540000000000035,3.9379999999999997,1783828800000,2026-07-12 04:00:00 UTC,1.279e-05,0.03583072,14400.0
FINAL_REAL_MARK_PREMIUM_OI_SYNC_AUDIT_2026_07_12,1783857600000,2026-07-12 12:00:00 UTC,LYNUSDT,1783857600000,2026-07-12 12:00:00 UTC,1783871999999,2026-07-12 15:59:59 UTC,True,0.03561,0.03582,0.035,0.03515,-0.00048000000000000126,-1.3471793432500736,44.03950232967409,0.03561517,0.03569502,0.03509019,0.03514735,-0.00046782000000000074,-1.3135413926144412,1783871999999,2026-07-12 15:59:59 UTC,1783857600000,2026-07-12 12:00:00 UTC,0.0,0.0,2.6499999999998747e-06,0.0075396864912998405,0.00036397,0.00205975,-0.00706551,0.0,-0.00029379,-100.0,1783871999999,2026-07-12 15:59:59 UTC,2130,-944.0,-30.709173715029277,2749378.0,-717239.0,-20.689882960823187,97462.56906,-26538.315140000006,-21.401714440355583,binance_kline_quote_asset_volume,1290.78779342723,45.757074676056334,0.0008199999999999943,2.3027239539455047,-0.0004600000000000021,-1.2917719741645664,0.0004600000000000021,1.2917719741645664,0.0002099999999999949,25.60975609756053,0.00014999999999999736,18.292682926829073,0.18292682926829074,1021527.0,1727851.0,37.15484011292736,62.84515988707264,36264.72165,-28379.598570000002,-43.90114780914623,61197.847409999995,1841.2834299999959,3.102072132444207,37.20887105661526,62.791128943384734,0.5912124367205274,0.5925816541722705,-24933.125759999995,-25.582257886769476,113416715.0,4039355.58556655,183319.0,0.16189481767375413,-14739.691421450116,-0.3635753581105032,1783857600000,2026-07-12 12:00:00 UTC,EXACT_CANDLE_OPEN,0.0,14399.999,113416715.0,183319.0,0.16189481767375413,113416715.0,183319.0,0.16189481767375413,4039355.58556655,-14739.691421450116,-0.3635753581105032,0.03561517,4039355.58556655,-14739.691421450116,-0.3635753581105032,4039355.58556655,-14739.691421450116,-0.3635753581105032,4039355.58556655,-14739.691421450116,-0.3635753581105032,4039355.58556655,-14739.691421450116,-0.3635753581105032,sumOpenInterest * mark_open,3986296.97795525,-46529.67026206991,-1.1537731303833252,0.001617639092840193,-0.0052600180897910635,-0.013222446454653163,-0.0036423789969508708,-0.01160480736181297,0.16189481767375413,-0.5246208418288968,-1.3135413926144412,0.0,1.3310249563622882,0.0,ALIGNED_OI_TIMESTAMP_MARK_OPEN,1,0.0,ALIGNED_OI_TIMESTAMP_MARK_OPEN,1,5.2617,-0.09959999999999969,-1.8577583794975043,84.03,15.97,1783857600000,2026-07-12 12:00:00 UTC,0.0,1.1024,-0.00550000000000006,-0.4964346962722322,52.43,47.57,1783857600000,2026-07-12 12:00:00 UTC,0.0,5.0423,-0.0035999999999996035,-0.07134505241878761,83.45,16.55,1783857600000,2026-07-12 12:00:00 UTC,0.0,-4.1593,-0.21940000000000026,3.9398999999999997,1783857600000,2026-07-12 12:00:00 UTC,5e-05,0.03561517,0.0
FINAL_REAL_MARK_PREMIUM_OI_SYNC_AUDIT_2026_07_12,1783872000000,2026-07-12 16:00:00 UTC,LYNUSDT,1783872000000,2026-07-12 16:00:00 UTC,1783886399999,2026-07-12 19:59:59 UTC,True,0.03515,0.03566,0.035,0.03559,0.00043999999999999595,1.2517780938833454,50.41134528758172,0.03514835,0.03563017,0.03500123,0.03559,0.0004426499999999958,1.259412160518491,1783886399999,2026-07-12 19:59:59 UTC,1783872000000,2026-07-12 16:00:00 UTC,0.0,0.0,0.0,0.0,0.0,0.00265533,-0.00227088,0.0,0.0,,1783886399999,2026-07-12 19:59:59 UTC,3719,1589.0,74.60093896713616,3272303.0,522925.0,19.01975646855398,115345.61714,17883.048080000008,18.348631944014144,binance_kline_quote_asset_volume,879.8878730841624,31.01522375369723,0.0006599999999999939,1.8776671408250183,0.00043999999999999595,1.2517780938833454,0.00043999999999999595,1.2517780938833454,7.000000000000062e-05,10.606060606060797,0.00014999999999999736,22.727272727272535,0.893939393939392,1659440.0,1612863.0,50.71168531764937,49.288314682350624,58522.01695,22257.295299999998,61.37451023286704,56823.600190000005,-4374.24721999999,-7.147714184609081,50.736229430346945,49.26377056965305,1.0288784602287981,1.0298892846338674,1698.4167599999928,1.4724588606939009,113486589.0,3988752.86388915,69874.0,0.06160820298842194,-50602.72167740017,-1.2527424388735204,1783872000000,2026-07-12 16:00:00 UTC,EXACT_CANDLE_OPEN,0.0,14399.999,113486589.0,69874.0,0.06160820298842194,113486589.0,69874.0,0.06160820298842194,3988752.86388915,-50602.72167740017,-1.2527424388735204,0.03514735,3988752.86388915,-50602.72167740017,-1.2527424388735204,3988866.3504781504,-50489.23508839961,-1.2499329167456326,3988866.3504781504,-50489.23508839961,-1.2499329167456326,3988866.3504781504,-50489.23508839961,-1.2499329167456326,sumOpenInterest * mark_open,4038987.7025099997,52690.72455474967,1.3217962647072297,0.0006158923292604935,-0.013193995212256584,0.01251547528813942,-0.01257810288299609,0.013131367617399914,0.06160820298842194,-1.3107336003169427,1.259412160518491,-0.0028450837663816365,-1.243748243888721,0.0,ALIGNED_OI_TIMESTAMP_MARK_OPEN,1,-0.0028450837663816365,ALIGNED_OI_TIMESTAMP_MARK_OPEN,1,5.3291,0.06740000000000013,1.280954824486385,84.2,15.8,1783872000000,2026-07-12 16:00:00 UTC,0.0,1.0995,-0.0029000000000001247,-0.2630624092888357,52.370000000000005,47.63,1783872000000,2026-07-12 16:00:00 UTC,0.0,5.1237,0.08140000000000036,1.6143426610872096,83.67,16.33,1783872000000,2026-07-12 16:00:00 UTC,0.0,-4.2296000000000005,-0.20540000000000003,4.0242,1783872000000,2026-07-12 16:00:00 UTC,5e-05,0.03514835,0.0
FINAL_REAL_MARK_PREMIUM_OI_SYNC_AUDIT_2026_07_12,1783886400000,2026-07-12 20:00:00 UTC,LYNUSDT,1783886400000,2026-07-12 20:00:00 UTC,1783900799999,2026-07-12 23:59:59 UTC,True,0.03558,0.03566,0.0351,0.03529,-0.0002999999999999947,-0.8429334082607326,46.52184599953314,0.03559,0.03564,0.03512454,0.03529,-0.0002999999999999947,-0.8429334082607326,1783900799999,2026-07-12 23:59:59 UTC,1783886400000,2026-07-12 20:00:00 UTC,0.0,0.0,0.0,0.0,0.0,0.0031693,-0.0026665,0.0,0.0,,1783900799999,2026-07-12 23:59:59 UTC,3022,-697.0,-18.74159720354934,2130531.0,-1141772.0,-34.89200113803642,75343.23121,-40002.385930000004,-34.680455939168766,binance_kline_quote_asset_volume,705.0069490403706,24.93157882528127,0.000559999999999998,1.5739179314221414,-0.0002899999999999986,-0.8150646430578938,0.0002899999999999986,0.8150646430578938,7.999999999999674e-05,14.285714285713755,0.00019000000000000267,33.92857142857203,0.33928571428572024,1186904.0,943627.0,55.709304394068894,44.2906956059311,41955.31878,-16566.698169999996,-28.30848804161046,33387.91243,-23435.687760000008,-41.242877398895075,55.68558463209558,44.31441536790442,1.2578105543821871,1.2566020372780762,8567.406350000005,11.371169264191165,113533635.0,4040662.06965,47046.0,0.04145511854268525,51909.205760850105,1.3013893698652748,1783886400000,2026-07-12 20:00:00 UTC,EXACT_CANDLE_OPEN,0.0,14399.999,113533635.0,47046.0,0.04145511854268525,113533635.0,47046.0,0.04145511854268525,4040662.06965,51909.205760850105,1.3013893698652748,0.03559,4040662.06965,51909.205760850105,1.3013893698652748,4040662.0696499995,51795.71917184908,1.2985072604811707,4040662.0696499995,51795.71917184908,1.2985072604811707,4040662.0696499995,51795.71917184908,1.2985072604811707,sumOpenInterest * mark_open,4006601.97915,-32385.723359999713,-0.8018277287616855,0.0004144652828239648,0.012487024045742937,-0.008465061834922509,0.012901489328566901,-0.008050596552098544,0.04145511854268525,1.2565312454211786,-0.8429334082607326,0.0,0.850099178237446,0.0,ALIGNED_OI_TIMESTAMP_MARK_OPEN,1,0.0,ALIGNED_OI_TIMESTAMP_MARK_OPEN,1,5.0459,-0.2832000000000008,-5.3142181606650425,83.46000000000001,16.54,1783886400000,2026-07-12 20:00:00 UTC,0.0,1.1005,0.001000000000000112,0.09095043201456225,52.39,47.61,1783886400000,2026-07-12 20:00:00 UTC,0.0,4.8377,-0.2860000000000005,-5.5819037024025695,82.87,17.130000000000003,1783886400000,2026-07-12 20:00:00 UTC,0.0,-3.9453999999999994,-0.20819999999999972,3.7371999999999996,1783872000000,2026-07-12 16:00:00 UTC,5e-05,0.03514835,14400.0
FINAL_REAL_MARK_PREMIUM_OI_SYNC_AUDIT_2026_07_12,1783900800000,2026-07-13 00:00:00 UTC,LYNUSDT,1783900800000,2026-07-13 00:00:00 UTC,1783915199999,2026-07-13 03:59:59 UTC,True,0.03529,0.0355,0.03474,0.03499,-0.00030000000000000165,-0.8500991782374657,42.952880223545066,0.03529,0.03547202,0.03474797,0.0349656,-0.00032440000000000246,-0.9192405780674481,1783915199999,2026-07-13 03:59:59 UTC,1783900800000,2026-07-13 00:00:00 UTC,0.0,0.0,2.440000000000081e-05,0.06978287230878581,0.0,0.0022211,-0.00235537,0.0,0.0,,1783915199999,2026-07-13 03:59:59 UTC,4900,1878.0,62.14427531436135,3857262.0,1726731.0,81.04697842932114,135157.79097,59814.559760000004,79.38942729079697,binance_kline_quote_asset_volume,787.1963265306123,27.583222646938776,0.0007599999999999968,2.1535845848682253,-0.00030000000000000165,-0.8500991782374657,0.00030000000000000165,0.8500991782374657,0.0002099999999999949,27.631578947367867,0.0002500000000000002,32.89473684210543,0.3289473684210543,1498045.0,2359217.0,38.83700407180015,61.16299592819985,52487.78009,10532.461309999999,25.103995431970827,82670.01088,49282.098450000005,147.6046115591181,38.83444654822032,61.16555345177969,0.6349755024654367,0.634907139013068,-30182.23079,-22.331106903559363,113603915.0,4009082.16035,70280.0,0.06190236047669926,-31579.90929999994,-0.7815528434610067,1783900800000,2026-07-13 00:00:00 UTC,EXACT_CANDLE_OPEN,0.0,14399.999,113603915.0,70280.0,0.06190236047669926,113603915.0,70280.0,0.06190236047669926,4009082.16035,-31579.90929999994,-0.7815528434610067,0.03529,4009082.16035,-31579.90929999994,-0.7815528434610067,4009082.16035,-31579.909299999475,-0.7815528434609954,4009082.16035,-31579.909299999475,-0.7815528434609954,4009082.16035,-31579.909299999475,-0.7815528434609954,sumOpenInterest * mark_open,3972229.050324,-34372.928826000076,-0.8579072492070272,0.0006188320886865663,-0.008465061834922509,-0.009234916661420019,-0.007846229746235943,-0.008616084572733452,0.06190236047669926,-0.8429334082607326,-0.9192405780674481,0.0,0.9277690072528498,0.0,ALIGNED_OI_TIMESTAMP_MARK_OPEN,1,0.0,ALIGNED_OI_TIMESTAMP_MARK_OPEN,1,4.9988,-0.047099999999999476,-0.9334311024792303,83.33,16.669999999999998,1783900800000,2026-07-13 00:00:00 UTC,0.0,1.0962,-0.0042999999999999705,-0.3907314856883208,52.290000000000006,47.71,1783900800000,2026-07-13 00:00:00 UTC,0.0,4.8377,0.0,0.0,82.87,17.130000000000003,1783900800000,2026-07-13 00:00:00 UTC,0.0,-3.9026,-0.16110000000000024,3.7415,1783900800000,2026-07-13 00:00:00 UTC,5e-05,0.03529,0.0
FINAL_REAL_MARK_PREMIUM_OI_SYNC_AUDIT_2026_07_12,1783915200000,2026-07-13 04:00:00 UTC,LYNUSDT,1783915200000,2026-07-13 04:00:00 UTC,1783929599999,2026-07-13 07:59:59 UTC,True,0.03497,0.03511,0.03473,0.03475,-0.00023999999999999716,-0.6859102600742988,40.28996693214989,0.03496508,0.03511,0.03474217,0.03475,-0.00021559999999999635,-0.6166060356464536,1783929599999,2026-07-13 07:59:59 UTC,1783915200000,2026-07-13 04:00:00 UTC,0.0,0.0,0.0,0.0,0.0,0.00201436,-0.00091042,0.0,0.0,,1783929599999,2026-07-13 07:59:59 UTC,2468,-2432.0,-49.63265306122449,2384645.0,-1472617.0,-38.17777999005512,83208.09888,-51949.69209,-38.43632817403097,binance_kline_quote_asset_volume,966.2256888168557,33.71478884927067,0.00038000000000000533,1.086645696311139,-0.00021999999999999797,-0.6291106662853816,0.00021999999999999797,0.6291106662853816,0.00014000000000000123,36.842105263157706,2.0000000000006124e-05,5.263157894738379,0.052631578947383795,1043395.0,1341250.0,43.75473078802086,56.24526921197914,36429.07394,-16058.706149999998,-30.59513304328051,46779.02494,-35890.98594,-43.414758940938945,43.78068292671464,56.21931707328536,0.7779273066169617,0.7787480390351206,-10349.951000000001,-12.43863414657071,113829104.0,3980102.9188224,225189.0,0.19822292215897663,-28979.241527600214,-0.7228398014439862,1783915200000,2026-07-13 04:00:00 UTC,EXACT_CANDLE_OPEN,0.0,14399.999,113829104.0,225189.0,0.19822292215897663,113829104.0,225189.0,0.19822292215897663,3980102.9188224,-28979.241527600214,-0.7228398014439862,0.0349656,3980102.9188224,-28979.241527600214,-0.7228398014439862,3980043.7276883204,-29038.432661679573,-0.7243162275113979,3980043.7276883204,-29038.432661679573,-0.7243162275113979,3980043.7276883204,-29038.432661679573,-0.7243162275113979,sumOpenInterest * mark_open,3955561.3640000005,-16667.686323999427,-0.41960536798953996,0.001980267197606074,-0.009249788531677978,-0.006185149014957472,-0.007269521334071904,-0.004204881817351398,0.19822292215897663,-0.9207140833097177,-0.6166060356464536,0.0014871980844800349,0.6204316546762485,0.0,ALIGNED_OI_TIMESTAMP_MARK_OPEN,1,0.0014871980844800349,ALIGNED_OI_TIMESTAMP_MARK_OPEN,1,4.9916,-0.007200000000000095,-0.14403456829639305,83.31,16.689999999999998,1783915200000,2026-07-13 04:00:00 UTC,0.0,1.0953,-0.0009000000000001229,-0.08210180623974848,52.28,47.72,1783915200000,2026-07-13 04:00:00 UTC,0.0,4.8072,-0.03049999999999997,-0.6304648903404504,82.78,17.22,1783915200000,2026-07-13 04:00:00 UTC,0.0,-3.8963,-0.18440000000000012,3.7119,1783915200000,2026-07-13 04:00:00 UTC,5e-05,0.03496508,0.0
FINAL_REAL_MARK_PREMIUM_OI_SYNC_AUDIT_2026_07_12,1783929600000,2026-07-13 08:00:00 UTC,LYNUSDT,1783929600000,2026-07-13 08:00:00 UTC,1783943999999,2026-07-13 11:59:59 UTC,True,0.03474,0.03493,0.03456,0.03482,6.999999999999368e-05,0.2014388489208451,41.43049961665469,0.03475,0.03492378,0.03456584,0.03480757,5.7569999999999844e-05,0.16566906474820098,1783943999999,2026-07-13 11:59:59 UTC,1783929600000,2026-07-13 08:00:00 UTC,0.0,0.0,1.2429999999993835e-05,0.035710622717971506,0.0,0.00415821,-0.00053294,0.00081535,0.00081535,,1783943999999,2026-07-13 11:59:59 UTC,3224,756.0,30.63209076175041,2798461.0,413816.0,17.353358676029345,97350.04901,14141.950129999997,16.995881795587056,binance_kline_quote_asset_volume,868.0089950372209,30.1954246308933,0.00037000000000000227,1.0650546919977038,7.999999999999674e-05,0.23028209556706028,7.999999999999674e-05,0.23028209556706028,0.00011000000000000593,29.729729729731147,0.0001799999999999996,48.64864864864824,0.7027027027026885,1374414.0,1424047.0,49.11320901023813,50.88679098976188,47823.66765,11394.593710000001,31.278845377094427,49526.38136,2747.3564199999964,5.873051914878148,49.12546848855459,50.87453151144541,0.965146515529333,0.9656200662506873,-1702.7137099999964,-1.7490630228908153,113789655.0,3954190.51125,-39449.0,-0.03465633885688848,-25912.407572399825,-0.6510486814262224,1783929600000,2026-07-13 08:00:00 UTC,EXACT_CANDLE_OPEN,0.0,14399.999,113789655.0,-39449.0,-0.03465633885688848,113789655.0,-39449.0,-0.03465633885688848,3954190.51125,-25912.407572399825,-0.6510486814262224,0.03475,3954190.51125,-25912.407572399825,-0.6510486814262224,3954190.5112500004,-25853.21643832,-0.6495711657252571,3954190.5112500004,-25853.21643832,-0.6495711657252571,3954190.5112500004,-25853.21643832,-0.6495711657252571,sumOpenInterest * mark_open,3960741.3816883503,5180.017688349821,0.13095531105884822,-0.00034662345553842307,-0.006170277144699543,0.001655319849314748,-0.006516900600237966,0.001308696393776325,-0.03465633885688848,-0.6151280077151244,0.16566906474820098,0.0,-0.16539505630528026,0.0,ALIGNED_OI_TIMESTAMP_MARK_OPEN,0,0.0,ALIGNED_OI_TIMESTAMP_MARK_OPEN,0,4.9737,-0.017900000000000027,-0.35860245211956143,83.26,16.74,1783929600000,2026-07-13 08:00:00 UTC,0.0,1.094,-0.0012999999999998568,-0.11868894366838828,52.239999999999995,47.760000000000005,1783929600000,2026-07-13 08:00:00 UTC,0.0,4.8072,0.0,0.0,82.78,17.22,1783929600000,2026-07-13 08:00:00 UTC,0.0,-3.8796999999999997,-0.1665000000000001,3.7131999999999996,1783915200000,2026-07-13 04:00:00 UTC,5e-05,0.03496508,14400.0
FINAL_REAL_MARK_PREMIUM_OI_SYNC_AUDIT_2026_07_12,1783944000000,2026-07-13 12:00:00 UTC,LYNUSDT,1783944000000,2026-07-13 12:00:00 UTC,1783958399999,2026-07-13 15:59:59 UTC,True,0.0348,0.03605,0.03471,0.03594,0.001120000000000003,3.2165422171166087,55.9338967115797,0.03480757,0.0360436,0.03471907,0.03591438,0.0011068099999999997,3.1797968085677906,1783958399999,2026-07-13 15:59:59 UTC,1783944000000,2026-07-13 12:00:00 UTC,0.0,0.0,2.5619999999997034e-05,0.0713363282339749,0.00073709,0.003183,-0.00363885,0.0,-0.00081535,-100.0,1783958399999,2026-07-13 15:59:59 UTC,5698,2474.0,76.73697270471465,7537273.0,4738812.0,169.33636023514353,268140.68466,170790.63565,175.4397017637413,binance_kline_quote_asset_volume,1322.7927342927344,47.05873721656722,0.001340000000000001,3.8505747126436813,0.0011400000000000021,3.275862068965524,0.0011400000000000021,3.275862068965524,0.00010999999999999899,8.208955223880515,8.99999999999998e-05,6.716417910447742,0.9179104477611948,4343020.0,3194253.0,57.620574443833995,42.379425556166005,154669.70548,106846.03783,223.4166534694877,113470.97918000002,63944.597820000025,129.11219447913248,57.68229676750464,42.31770323249536,1.3596355705074081,1.3630772079145106,41198.72629999998,15.364593535009277,114014685.0,3968574.12916545,225030.0,0.19775962937931393,14383.61791545013,0.3637563206559609,1783944000000,2026-07-13 12:00:00 UTC,EXACT_CANDLE_OPEN,0.0,14399.999,114014685.0,225030.0,0.19775962937931393,114014685.0,225030.0,0.19775962937931393,3968574.12916545,14383.61791545013,0.3637563206559609,0.03480757,3968574.12916545,14383.61791545013,0.3637563206559609,3968574.12916545,14383.617915449664,0.3637563206559491,3968574.12916545,14383.617915449664,0.3637563206559491,3968574.12916545,14383.617915449664,0.3637563206559491,sumOpenInterest * mark_open,4094766.7226703004,134025.34098195005,3.3838447923307453,0.0019756434244767402,0.001655319849314748,0.03130288053560108,0.0036309632737914883,0.03327852396007782,0.19775962937931393,0.16566906474820098,3.1797968085677906,0.0,-3.0818017741083086,0.0,ALIGNED_OI_TIMESTAMP_MARK_OPEN,1,0.0,ALIGNED_OI_TIMESTAMP_MARK_OPEN,1,5.0132,0.03950000000000031,0.794177372981891,83.37,16.63,1783944000000,2026-07-13 12:00:00 UTC,0.0,1.0979,0.0039000000000000146,0.35648994515539434,52.33,47.67,1783944000000,2026-07-13 12:00:00 UTC,0.0,4.7504,-0.05679999999999996,-1.1815609918455643,82.61,17.39,1783944000000,2026-07-13 12:00:00 UTC,0.0,-3.9153000000000002,-0.26280000000000037,3.6525,1783944000000,2026-07-13 12:00:00 UTC,0.00014447,0.03480757,0.0
FINAL_REAL_MARK_PREMIUM_OI_SYNC_AUDIT_2026_07_12,1783958400000,2026-07-13 16:00:00 UTC,LYNUSDT,1783958400000,2026-07-13 16:00:00 UTC,1783972799999,2026-07-13 19:59:59 UTC,True,0.03593,0.03629,0.03559,0.03601,7.000000000000062e-05,0.19476905954368565,56.656315030817844,0.03591438,0.03628114,0.03563736,0.03599077,7.638999999999563e-05,0.21270031669764483,1783972799999,2026-07-13 19:59:59 UTC,1783958400000,2026-07-13 16:00:00 UTC,0.0,0.0,1.9230000000002023e-05,0.05343036561874621,0.0,0.00368527,-0.0035596,0.0,0.0,,1783972799999,2026-07-13 19:59:59 UTC,5504,-194.0,-3.4047034047034046,6833761.0,-703512.0,-9.333773634045098,245740.74797,-22399.93669000003,-8.353800065216866,binance_kline_quote_asset_volume,1241.5990188953488,44.64766496547965,0.0007000000000000062,1.9482326746451606,8.000000000000368e-05,0.22265516281659808,8.000000000000368e-05,0.22265516281659808,0.00028000000000000247,40.0,0.00034,48.57142857142815,0.6,3832834.0,3000927.0,56.08674344917828,43.91325655082172,137934.86759,-16734.837889999995,-10.819725710387377,107805.88037999999,-5665.098800000036,-4.992553021873055,56.130238362763954,43.869761637236046,1.2772166733812584,1.2794744322276275,30128.98721000002,12.260476725527898,112862830.0,4053398.5644954,-1151855.0,-1.010268984210236,84824.43532994995,2.137403323439687,1783958400000,2026-07-13 16:00:00 UTC,EXACT_CANDLE_OPEN,0.0,14399.999,112862830.0,-1151855.0,-1.010268984210236,112862830.0,-1151855.0,-1.010268984210236,4053398.5644954,84824.43532994995,2.137403323439687,0.03591438,4053398.5644954,84824.43532994995,2.137403323439687,4053398.5644954005,84824.43532995041,2.137403323439699,4053398.5644954005,84824.43532995041,2.137403323439699,4053398.5644954005,84824.43532995041,2.137403323439699,sumOpenInterest * mark_open,4062020.1560791,-32746.56659120042,-0.7997175128415022,-0.010154068346765225,0.03130288053560108,0.0021247442982537993,0.02114881218883586,-0.008029324048511425,-1.010268984210236,3.1797968085677906,0.21270031669764483,0.0,-0.2122488626945065,0.0,ALIGNED_OI_TIMESTAMP_MARK_OPEN,0,0.0,ALIGNED_OI_TIMESTAMP_MARK_OPEN,0,4.8617,-0.1515000000000004,-3.0220218622835793,82.94,17.06,1783958400000,2026-07-13 16:00:00 UTC,0.0,1.099,0.0010999999999998789,0.10019127425083148,52.35999999999999,47.64,1783958400000,2026-07-13 16:00:00 UTC,0.0,4.4885,-0.2618999999999998,-5.513219939373522,81.78,18.22,1783958400000,2026-07-13 16:00:00 UTC,0.0,-3.7626999999999997,-0.37319999999999975,3.3895,1783944000000,2026-07-13 12:00:00 UTC,0.00014447,0.03480757,14400.0
FINAL_REAL_MARK_PREMIUM_OI_SYNC_AUDIT_2026_07_12,1783972800000,2026-07-13 20:00:00 UTC,LYNUSDT,1783972800000,2026-07-13 20:00:00 UTC,1783987199999,2026-07-13 23:59:59 UTC,True,0.03602,0.03615,0.03525,0.03577,-0.00023999999999999716,-0.6664815329075178,53.42256305059801,0.03599647,0.03614,0.03537,0.03577638,-0.00021438999999999486,-0.5956805036402246,1783987199999,2026-07-13 23:59:59 UTC,1783972800000,2026-07-13 20:00:00 UTC,0.0,0.0,-6.380000000000274e-06,-0.017832994841848936,0.0,0.00253706,-0.00258441,-0.00186873,-0.00186873,,1783987199999,2026-07-13 23:59:59 UTC,3619,-1885.0,-34.24781976744186,3575884.0,-3257877.0,-47.673265131748096,127472.258,-118268.48997,-48.12734190279188,binance_kline_quote_asset_volume,988.0862116606797,35.22306106659298,0.000900000000000005,2.4986118822876313,-0.0002500000000000002,-0.6940588561910055,0.0002500000000000002,0.6940588561910055,0.00012999999999999817,14.444444444444162,0.0005200000000000066,57.7777777777782,0.5777777777777819,1460149.0,2115735.0,40.83323172675624,59.16676827324376,52132.56799,-85802.2996,-62.204938533047525,75339.69000999999,-32466.190369999997,-30.115416947165976,40.89718720601937,59.10281279398062,0.6901379426062337,0.6919668501832213,-23207.122019999988,-18.205625587961254,112585986.0,4052056.32734922,-276844.0,-0.2452924492501207,-1342.237146180123,-0.03311387036885714,1783972800000,2026-07-13 20:00:00 UTC,EXACT_CANDLE_OPEN,0.0,14399.999,112585986.0,-276844.0,-0.2452924492501207,112585986.0,-276844.0,-0.2452924492501207,4052056.32734922,-1342.237146180123,-0.03311387036885714,0.03599077,4052056.32734922,-1342.237146180123,-0.03311387036885714,4052698.0674694204,-700.4970259801485,-0.017281720877782764,4052698.0674694204,-700.4970259801485,-0.017281720877782764,4052698.0674694204,-700.4970259801485,-0.017281720877782764,sumOpenInterest * mark_open,4027919.0178106804,-34101.13826841954,-0.8395117935932638,-0.002455937840469464,0.002283105697077236,-0.005974617571950071,-0.00017283214339222815,-0.008430555412419535,-0.2452924492501207,0.22857139674971402,-0.5956805036402246,-0.01583488603189233,0.5992501197717456,0.0,ALIGNED_OI_TIMESTAMP_MARK_OPEN,1,-0.01583488603189233,ALIGNED_OI_TIMESTAMP_MARK_OPEN,1,4.777,-0.08469999999999978,-1.7421889462533635,82.69,17.31,1783972800000,2026-07-13 20:00:00 UTC,0.0,1.0985,-0.0004999999999999449,-0.04549590536851183,52.349999999999994,47.65,1783972800000,2026-07-13 20:00:00 UTC,0.0,4.4025,-0.0860000000000003,-1.9160075749136747,81.49,18.509999999999998,1783972800000,2026-07-13 20:00:00 UTC,0.0,-3.6785,-0.3745000000000003,3.304,1783972800000,2026-07-13 20:00:00 UTC,5e-05,0.03599647,0.0
FINAL_REAL_MARK_PREMIUM_OI_SYNC_AUDIT_2026_07_12,1783987200000,2026-07-14 00:00:00 UTC,LYNUSDT,1783987200000,2026-07-14 00:00:00 UTC,1784001599999,2026-07-14 03:59:59 UTC,True,0.03577,0.03589,0.03462,0.03516,-0.0006100000000000064,-1.7053396701146388,46.204136837586844,0.03577638,0.03587667,0.03467692,0.03515817,-0.000618210000000001,-1.7279836584920023,1784001599999,2026-07-14 03:59:59 UTC,1783987200000,2026-07-14 00:00:00 UTC,0.0,0.0,1.8299999999943362e-06,0.005205049068237442,-0.00178528,0.0040952,-0.00451097,0.0,0.00186873,-100.0,1784001599999,2026-07-14 03:59:59 UTC,4798,1179.0,32.5780602376347,5439728.0,1863844.0,52.122608004062776,191566.37863,64094.12062999999,50.28083885514917,binance_kline_quote_asset_volume,1133.7490621092122,39.926298172155064,0.0012700000000000003,3.5504612804025726,-0.0006100000000000064,-1.7053396701146388,0.0006100000000000064,1.7053396701146388,0.00011999999999999511,9.448818897637407,0.0005399999999999988,42.519685039369975,0.42519685039369975,2389127.0,3050601.0,43.919971733880814,56.080028266119186,84249.08083,32116.512840000003,61.60546867010378,107317.29779999999,31977.607789999995,42.44457043260404,43.97905385721286,56.02094614278714,0.7831660056493785,0.78504660997903,-23068.21696999998,-12.041892285574276,112226429.0,4015055.36994702,-359557.0,-0.31936212736103764,-37000.95740219997,-0.9131402530725754,1783987200000,2026-07-14 00:00:00 UTC,EXACT_CANDLE_OPEN,0.0,14399.999,112226429.0,-359557.0,-0.31936212736103764,112226429.0,-359557.0,-0.31936212736103764,4015055.36994702,-37000.95740219997,-0.9131402530725754,0.035776379999999997,4015055.36994702,-37000.95740219997,-0.9131402530725754,4015055.3699470204,-37642.69752239995,-0.9288305443860698,4015055.3699470204,-37642.69752239995,-0.9288305443860698,4015055.3699470204,-37642.69752239995,-0.9288305443860698,sumOpenInterest * mark_open,3945675.86927493,-82243.14853575034,-2.0418272604808343,-0.0031987317655812145,-0.006132978970773424,-0.017430875441147305,-0.009331710736354639,-0.020629607206728517,-0.31936212736103764,-0.6114210643432513,-1.7279836584920023,-1.9395181692242835e-14,1.7583679696639332,-1.9395181692242835e-14,ALIGNED_OI_TIMESTAMP_MARK_OPEN,1,-1.9395181692242835e-14,ALIGNED_OI_TIMESTAMP_MARK_OPEN,1,4.8343,0.057299999999999685,1.199497592631352,82.86,17.14,1783987200000,2026-07-14 00:00:00 UTC,0.0,1.0981,-0.00039999999999995595,-0.03641329085115666,52.339999999999996,47.660000000000004,1783987200000,2026-07-14 00:00:00 UTC,0.0,4.3792,-0.023299999999999876,-0.5292447473026661,81.41000000000001,18.59,1783987200000,2026-07-14 00:00:00 UTC,0.0,-3.7361999999999997,-0.45509999999999984,3.2811,1783987200000,2026-07-14 00:00:00 UTC,5e-05,0.03577638,0.0
FINAL_REAL_MARK_PREMIUM_OI_SYNC_AUDIT_2026_07_12,1784001600000,2026-07-14 04:00:00 UTC,LYNUSDT,1784001600000,2026-07-14 04:00:00 UTC,1784015999999,2026-07-14 07:59:59 UTC,True,0.03515,0.03543,0.03477,0.03512,-3.999999999999837e-05,-0.11376564277587706,45.76743082171416,0.03515817,0.0354,0.03485,0.03512,-3.8170000000004034e-05,-0.1085665152651689,1784015999999,2026-07-14 07:59:59 UTC,1784001600000,2026-07-14 04:00:00 UTC,0.0,0.0,0.0,0.0,0.0,0.00463714,-0.00306153,0.0,0.0,,1784015999999,2026-07-14 07:59:59 UTC,4638,-160.0,-3.3347228011671532,4387688.0,-1052040.0,-19.33993758511455,154054.04266,-37512.335969999986,-19.581899620524233,binance_kline_quote_asset_volume,946.0301854247521,33.21561937473049,0.0006600000000000009,1.877667140825038,-3.0000000000002247e-05,-0.08534850640114437,3.0000000000002247e-05,0.08534850640114437,0.00028000000000000247,42.42424242424274,0.00034999999999999615,53.03030303030237,0.5303030303030237,1988531.0,2399157.0,45.32070192775785,54.67929807224215,69844.24105,-14404.83978000001,-17.09791921536387,84209.80161000001,-23107.496189999976,-21.531940016849717,45.33749315761059,54.66250684238941,0.8288457153908644,0.8294075002512049,-14365.560560000013,-9.325013684778828,112738899.0,3963693.37665483,512470.0,0.45663931799879326,-51361.993292190135,-1.279234993286478,1784001600000,2026-07-14 04:00:00 UTC,EXACT_CANDLE_OPEN,0.0,14399.999,112738899.0,512470.0,0.45663931799879326,112738899.0,512470.0,0.45663931799879326,3963693.37665483,-51361.993292190135,-1.279234993286478,0.035158169999999996,3963693.37665483,-51361.993292190135,-1.279234993286478,3963693.3766548303,-51361.993292190135,-1.2792349932864777,3963693.3766548303,-51361.993292190135,-1.2792349932864777,3963693.3766548303,-51361.993292190135,-1.2792349932864777,sumOpenInterest * mark_open,3959390.13288,13714.263605069835,0.34757704533874983,0.004555998837741216,-0.017430875441147305,-0.0010862549139577522,-0.01287487660340609,0.0034697439237834637,0.45663931799879326,-1.7279836584920023,-0.1085665152651689,-1.973622035477736e-14,0.10868451025056122,-1.973622035477736e-14,ALIGNED_OI_TIMESTAMP_MARK_OPEN,0,-1.973622035477736e-14,ALIGNED_OI_TIMESTAMP_MARK_OPEN,0,5.0241,0.18979999999999997,3.9261113294582457,83.39999999999999,16.6,1784001600000,2026-07-14 04:00:00 UTC,0.0,1.0812,-0.016900000000000137,-1.539021946999375,51.949999999999996,48.05,1784001600000,2026-07-14 04:00:00 UTC,0.0,4.6625,0.28329999999999966,6.469218122031413,82.34,17.66,1784001600000,2026-07-14 04:00:00 UTC,0.0,-3.9429,-0.36160000000000014,3.5812999999999997,1784001600000,2026-07-14 04:00:00 UTC,5e-05,0.03515817,0.0
FINAL_REAL_MARK_PREMIUM_OI_SYNC_AUDIT_2026_07_12,1784016000000,2026-07-14 08:00:00 UTC,LYNUSDT,1784016000000,2026-07-14 08:00:00 UTC,1784030399999,2026-07-14 11:59:59 UTC,True,0.0351,0.03597,0.03499,0.03586,0.0007400000000000045,2.10706150341687,54.361454068541136,0.03512,0.03595666,0.03500207,0.03586,0.0007400000000000045,2.10706150341687,1784030399999,2026-07-14 11:59:59 UTC,1784016000000,2026-07-14 08:00:00 UTC,0.0,0.0,0.0,0.0,0.0,0.00388299,-0.00444901,-0.00074295,-0.00074295,,1784030399999,2026-07-14 11:59:59 UTC,5108,470.0,10.133678309616213,5627302.0,1239614.0,28.252099966998568,200029.03179,45974.98913,29.843416203927614,binance_kline_quote_asset_volume,1101.664447924824,39.159951407595926,0.0009800000000000017,2.792022792022797,0.0007600000000000037,2.165242165242176,0.0007600000000000037,2.165242165242176,0.00010999999999999899,11.224489795918245,0.00010999999999999899,11.224489795918245,0.8877551020408175,3672485.0,1954817.0,65.26191414642398,34.73808585357601,130666.21557,60821.97452,87.08230428971066,69362.81622000001,-14846.985390000002,-17.630946880460176,65.3236254761157,34.676374523884306,1.8786848078362322,1.883807819387873,61303.39934999999,30.64725095223138,112345262.0,3945565.60144,-393637.0,-0.34915810203184616,-18127.775214829948,-0.45734554851286036,1784016000000,2026-07-14 08:00:00 UTC,EXACT_CANDLE_OPEN,0.0,14399.999,112345262.0,-393637.0,-0.34915810203184616,112345262.0,-393637.0,-0.34915810203184616,3945565.60144,-18127.775214829948,-0.45734554851286036,0.03512,3945565.60144,-18127.775214829948,-0.45734554851286036,3945565.60144,-18127.775214830413,-0.45734554851287207,3945565.60144,-18127.775214830413,-0.45734554851287207,3945565.60144,-18127.775214830413,-0.45734554851287207,sumOpenInterest * mark_open,4028701.0953200003,69310.96244000038,1.7505464254310459,-0.003497690815371254,-0.0010862549139577522,0.02085169941007097,-0.004583945729329006,0.017354008594699717,-0.34915810203184616,-0.1085665152651689,2.10706150341687,0.0,-2.0635805911879657,0.0,ALIGNED_OI_TIMESTAMP_MARK_OPEN,1,0.0,ALIGNED_OI_TIMESTAMP_MARK_OPEN,1,5.0864,0.062300000000000466,1.2400230887124155,83.57,16.43,1784016000000,2026-07-14 08:00:00 UTC,0.0,1.0773,-0.0039000000000000146,-0.36071032186459623,51.85999999999999,48.14,1784016000000,2026-07-14 08:00:00 UTC,0.0,4.6689,0.006400000000000183,0.1372654155496018,82.36,17.64,1784016000000,2026-07-14 08:00:00 UTC,0.0,-4.0091,-0.4175000000000004,3.5915999999999997,1784001600000,2026-07-14 04:00:00 UTC,5e-05,0.03515817,14400.0
FINAL_REAL_MARK_PREMIUM_OI_SYNC_AUDIT_2026_07_12,1784030400000,2026-07-14 12:00:00 UTC,LYNUSDT,1784030400000,2026-07-14 12:00:00 UTC,1784044799999,2026-07-14 15:59:59 UTC,True,0.03586,0.03605,0.03543,0.03588,1.9999999999999185e-05,0.05577244841048295,54.57098715217045,0.03586,0.03603503,0.03548814,0.03588,1.9999999999999185e-05,0.05577244841048295,1784044799999,2026-07-14 15:59:59 UTC,1784030400000,2026-07-14 12:00:00 UTC,0.0,0.0,0.0,0.0,-0.00092579,0.00352843,-0.00540969,0.0,0.00074295,-100.0,1784044799999,2026-07-14 15:59:59 UTC,7883,2775.0,54.3265465935787,8942333.0,3315031.0,58.90977594591511,320027.09166,119998.05986999997,59.99032180287691,binance_kline_quote_asset_volume,1134.381961182291,40.59711932766713,0.0006199999999999956,1.7289459007250294,1.9999999999999185e-05,0.05577244841048295,1.9999999999999185e-05,0.05577244841048295,0.00016999999999999654,27.419354838709314,0.0004299999999999998,69.35483870967789,0.7258064516129068,4691579.0,4250754.0,52.46482098128084,47.53517901871916,168088.0889,37421.87333,28.63928764352443,151939.00275999997,82576.18653999997,119.04964509816142,52.523081101702005,47.476918898297995,1.1037051309014825,1.1062866403401952,16149.086140000029,5.046162203404011,111890132.0,4012380.13352,-455130.0,-0.4051172180274056,66814.53208000027,1.693408216444689,1784030400000,2026-07-14 12:00:00 UTC,EXACT_CANDLE_OPEN,0.0,14399.999,111890132.0,-455130.0,-0.4051172180274056,111890132.0,-455130.0,-0.4051172180274056,4012380.13352,66814.53208000027,1.693408216444689,0.03586,4012380.13352,66814.53208000027,1.693408216444689,4012380.13352,66814.53208000027,1.693408216444689,4012380.13352,66814.53208000027,1.693408216444689,4012380.13352,66814.53208000027,1.693408216444689,sumOpenInterest * mark_open,4014617.93616,-14083.159160000272,-0.3495707134083534,-0.004059400408455813,0.02085169941007097,0.0005575690136085463,0.01679229900161516,-0.0035018313948472664,-0.4051172180274056,2.10706150341687,0.05577244841048295,0.0,-0.0557413600891839,0.0,ALIGNED_OI_TIMESTAMP_MARK_OPEN,0,0.0,ALIGNED_OI_TIMESTAMP_MARK_OPEN,0,4.8343,-0.25210000000000043,-4.956354199433792,82.86,17.14,1784030400000,2026-07-14 12:00:00 UTC,0.0,1.0717,-0.005599999999999827,-0.5198180636776968,51.73,48.27,1784030400000,2026-07-14 12:00:00 UTC,0.0,4.4915,-0.17739999999999956,-3.799610186553569,81.78999999999999,18.21,1784030400000,2026-07-14 12:00:00 UTC,0.0,-3.7626,-0.34279999999999955,3.4198000000000004,1784016000002,2026-07-14 08:00:00 UTC,0.0001545,0.03512,14399.998
FINAL_REAL_MARK_PREMIUM_OI_SYNC_AUDIT_2026_07_12,1784044800000,2026-07-14 16:00:00 UTC,LYNUSDT,1784044800000,2026-07-14 16:00:00 UTC,1784059199999,2026-07-14 19:59:59 UTC,True,0.03587,0.036,0.03548,0.03577,-0.00010999999999999899,-0.30657748049052114,53.12628724700904,0.03588,0.03599455,0.03547342,0.03577,-0.00010999999999999899,-0.30657748049052114,1784059199999,2026-07-14 19:59:59 UTC,1784044800000,2026-07-14 16:00:00 UTC,0.0,0.0,0.0,0.0,0.0,0.00549175,-0.00357946,0.0001971,0.0001971,,1784059199999,2026-07-14 19:59:59 UTC,3147,-4736.0,-60.07865026005328,3122600.0,-5819733.0,-65.08070097590863,111519.11843,-208507.97322999997,-65.15322566863213,binance_kline_quote_asset_volume,992.2465840483,35.43664392437242,0.0005199999999999996,1.4496793978254798,-9.999999999999593e-05,-0.2787844995818119,9.999999999999593e-05,0.2787844995818119,0.00012999999999999817,24.999999999999666,0.00029000000000000553,55.76923076923187,0.5576923076923187,1805598.0,1317002.0,57.823544482162305,42.1764555178377,64470.40285,-103617.68605,-61.64487128629612,47048.715580000004,-104890.28717999997,-69.03447125138943,57.81107648413465,42.18892351586535,1.3709910842959996,1.3702903906138897,17421.687269999995,15.622152968269296,110805700.0,3975708.516,-1084432.0,-0.9691936014518242,-36671.61752000032,-0.9139616960427144,1784044800000,2026-07-14 16:00:00 UTC,EXACT_CANDLE_OPEN,0.0,14399.999,110805700.0,-1084432.0,-0.9691936014518242,110805700.0,-1084432.0,-0.9691936014518242,3975708.516,-36671.61752000032,-0.9139616960427144,0.035879999999999995,3975708.516,-36671.61752000032,-0.9139616960427144,3975708.5160000003,-36671.617519999854,-0.9139616960427027,3975708.5160000003,-36671.617519999854,-0.9139616960427027,3975708.5160000003,-36671.617519999854,-0.9139616960427027,sumOpenInterest * mark_open,3963519.8890000004,-51098.04715999961,-1.272799752617932,-0.009739208515720644,0.0005575690136085463,-0.003070483919668977,-0.009181639502112099,-0.012809692435389621,-0.9691936014518242,0.05577244841048295,-0.30657748049052114,-1.933916918591758e-14,0.30752026838130286,-1.933916918591758e-14,ALIGNED_OI_TIMESTAMP_MARK_OPEN,0,-1.933916918591758e-14,ALIGNED_OI_TIMESTAMP_MARK_OPEN,0,4.6148,-0.21950000000000003,-4.540471216101608,82.19,17.810000000000002,1784044800000,2026-07-14 16:00:00 UTC,0.0,1.0734,0.0016999999999998128,0.1586264812913887,51.77,48.230000000000004,1784044800000,2026-07-14 16:00:00 UTC,0.0,4.3277,-0.16380000000000017,-3.646888567293781,81.23,18.77,1784044800000,2026-07-14 16:00:00 UTC,0.0,-3.5414,-0.2870999999999997,3.2543,1784030400001,2026-07-14 12:00:00 UTC,5e-05,0.03586,14399.999
FINAL_REAL_MARK_PREMIUM_OI_SYNC_AUDIT_2026_07_12,1784059200000,2026-07-14 20:00:00 UTC,LYNUSDT,1784059200000,2026-07-14 20:00:00 UTC,1784073599999,2026-07-14 23:59:59 UTC,True,0.03576,0.0359,0.03556,0.03564,-0.0001300000000000051,-0.36343304445067126,51.39460302196243,0.03577,0.035883,0.03557716,0.03563877,-0.000131230000000003,-0.3668716801789293,1784073599999,2026-07-14 23:59:59 UTC,1784059200000,2026-07-14 20:00:00 UTC,0.0,0.0,1.2299999999978994e-06,0.00345129756161029,0.0001971,0.00337786,-0.00062708,0.0,-0.0001971,-100.0,1784073599999,2026-07-14 23:59:59 UTC,2131,-1016.0,-32.28471560216079,1664026.0,-1458574.0,-46.71024146544546,59451.01366,-52068.104770000005,-46.689846102650904,binance_kline_quote_asset_volume,780.8662599718442,27.898176283435006,0.00034,0.9507829977628637,-0.00012000000000000205,-0.33557046979866345,0.00012000000000000205,0.33557046979866345,0.00014000000000000123,41.17647058823565,7.999999999999674e-05,23.52941176470492,0.23529411764704922,897137.0,766889.0,53.913640772439855,46.086359227560145,32063.64605,-32406.7568,-50.2660994307716,27387.367609999998,-19661.347970000006,-41.78934053272619,53.932883690380464,46.067116309619536,1.1698394422139318,1.1707458163409814,4676.278440000002,7.865767380760926,110890150.0,3966540.6655,84450.0,0.07621449077078164,-9167.85049999971,-0.23059664618530876,1784059200000,2026-07-14 20:00:00 UTC,EXACT_CANDLE_OPEN,0.0,14399.999,110890150.0,84450.0,0.07621449077078164,110890150.0,84450.0,0.07621449077078164,3966540.6655,-9167.85049999971,-0.23059664618530876,0.03577,3966540.6655,-9167.85049999971,-0.23059664618530876,3966540.6655000006,-9167.85049999971,-0.23059664618530876,3966540.6655000006,-9167.85049999971,-0.23059664618530876,3966540.6655000006,-9167.85049999971,-0.23059664618530876,sumOpenInterest * mark_open,3951988.5511155,-11531.337884500623,-0.2909367987909855,0.0007618546227610222,-0.003070483919668977,-0.0036754630483749866,-0.002308629296907955,-0.0029136084256139645,0.07621449077078164,-0.30657748049052114,-0.3668716801789293,0.0,0.3682225845617091,0.0,ALIGNED_OI_TIMESTAMP_MARK_OPEN,0,0.0,ALIGNED_OI_TIMESTAMP_MARK_OPEN,0,4.685,0.07019999999999982,1.5211926844066876,82.41000000000001,17.59,1784059200000,2026-07-14 20:00:00 UTC,0.0,1.0649,-0.008499999999999952,-0.7918762809763326,51.57000000000001,48.43,1784059200000,2026-07-14 20:00:00 UTC,0.0,4.5006,0.17290000000000028,3.995193751877447,81.82000000000001,18.18,1784059200000,2026-07-14 20:00:00 UTC,0.0,-3.6201,-0.18439999999999923,3.4357000000000006,1784059200000,2026-07-14 20:00:00 UTC,5e-05,0.03577,0.0
FINAL_REAL_MARK_PREMIUM_OI_SYNC_AUDIT_2026_07_12,1784073600000,2026-07-15 00:00:00 UTC,LYNUSDT,1784073600000,2026-07-15 00:00:00 UTC,1784087999999,2026-07-15 03:59:59 UTC,True,0.03563,0.03578,0.03549,0.03551,-0.00012999999999999817,-0.3647586980920263,49.65168132110954,0.03563877,0.03576686,0.03549832,0.0355186,-0.00012017000000000277,-0.33718896583693203,1784087999999,2026-07-15 03:59:59 UTC,1784073600000,2026-07-15 00:00:00 UTC,0.0,0.0,-8.599999999997499e-06,-0.02421266603975804,0.0,0.00369274,-0.00250993,0.0,0.0,,1784087999999,2026-07-15 03:59:59 UTC,3673,1542.0,72.36039418113562,2075177.0,411151.0,24.708207684254933,73942.3912,14491.377540000001,24.375324570369994,binance_kline_quote_asset_volume,564.981486523278,20.13133438606044,0.0002899999999999986,0.8139208532135801,-0.00012000000000000205,-0.33679483581252323,0.00012000000000000205,0.33679483581252323,0.00014999999999999736,51.72413793103382,1.9999999999999185e-05,6.896551724137684,0.06896551724137684,799987.0,1275190.0,38.550301974241236,61.44969802575877,28505.87401,-3557.77204,-11.095968419973248,45436.51719,18049.14958,65.90319243901953,38.55146357506491,61.4485364249351,0.6273472972655055,0.6273780600480043,-16930.64318,-22.897072849870185,111017981.0,3956544.29072337,127831.0,0.11527714589618646,-9996.374776630197,-0.2520174534847511,1784073600000,2026-07-15 00:00:00 UTC,EXACT_CANDLE_OPEN,0.0,14399.999,111017981.0,127831.0,0.11527714589618646,111017981.0,127831.0,0.11527714589618646,3956544.29072337,-9996.374776630197,-0.2520174534847511,0.03563877,3956544.29072337,-9996.374776630197,-0.2520174534847511,3956544.29072337,-9996.374776630662,-0.25201745348476273,3956544.29072337,-9996.374776630662,-0.25201745348476273,3956544.29072337,-9996.374776630662,-0.25201745348476273,sumOpenInterest * mark_open,3943203.2599465996,-8785.291168900207,-0.2223005217568367,0.0011521075281349198,-0.0036754630483749866,-0.0033775872897650588,-0.002523355520240067,-0.002225479761630139,0.11527714589618646,-0.3668716801789293,-0.33718896583693203,0.0,0.33832977651146945,0.0,ALIGNED_OI_TIMESTAMP_MARK_OPEN,0,0.0,ALIGNED_OI_TIMESTAMP_MARK_OPEN,0,4.7274,0.04240000000000066,0.9050160085379011,82.54,17.46,1784073600000,2026-07-15 00:00:00 UTC,0.0,1.06,-0.004899999999999904,-0.4601371020753033,51.459999999999994,48.54,1784073600000,2026-07-15 00:00:00 UTC,0.0,4.6022,0.10159999999999947,2.2574767808736493,82.15,17.849999999999998,1784073600000,2026-07-15 00:00:00 UTC,0.0,-3.6674,-0.12520000000000042,3.5422,1784059200000,2026-07-14 20:00:00 UTC,5e-05,0.03577,14400.0
FINAL_REAL_MARK_PREMIUM_OI_SYNC_AUDIT_2026_07_12,1784088000000,2026-07-15 04:00:00 UTC,LYNUSDT,1784088000000,2026-07-15 04:00:00 UTC,1784102399999,2026-07-15 07:59:59 UTC,True,0.03551,0.0365,0.03523,0.03567,0.00016000000000000042,0.45057730216840447,51.81744707537318,0.03551663,0.03647,0.03527733,0.03564657,0.00012797000000000502,0.3602901015242859,1784102399999,2026-07-15 07:59:59 UTC,1784088000000,2026-07-15 04:00:00 UTC,0.0,0.0,2.3429999999997897e-05,0.0657286241004335,0.0,0.01021864,-0.00885098,0.0,0.0,,1784102399999,2026-07-15 07:59:59 UTC,5971,2298.0,62.56466104002178,6895877.0,4820700.0,232.30307583401319,246574.92692,172632.53571999999,233.46896539099208,binance_kline_quote_asset_volume,1154.8948249874393,41.295415662368114,0.0012700000000000003,3.5764573359617016,0.00016000000000000042,0.45057730216840447,0.00016000000000000042,0.45057730216840447,0.0008299999999999974,65.3543307086612,0.00028000000000000247,22.047244094488377,0.34645669291338804,3411066.0,3484811.0,49.46529643727694,50.53470356272306,122119.08216,93613.20815,328.3997119932545,124455.84475999999,79019.32757,173.91149774875603,49.52615567422268,50.473844325777314,0.9788381636765954,0.9812241634412093,-2336.7625999999873,-0.9476886515546401,110705716.0,3932112.0443176,-312265.0,-0.2812742559243624,-24432.24640577007,-0.6175147960065716,1784088000000,2026-07-15 04:00:00 UTC,EXACT_CANDLE_OPEN,0.0,14399.999,110705716.0,-312265.0,-0.2812742559243624,110705716.0,-312265.0,-0.2812742559243624,3932112.0443176,-24432.24640577007,-0.6175147960065716,0.0355186,3932112.0443176,-24432.24640577007,-0.6175147960065716,3931893.95405708,-24650.336666289717,-0.6230269360079103,3931893.95405708,-24650.336666289717,-0.6230269360079103,3931893.95405708,-24650.336666289717,-0.6230269360079103,sumOpenInterest * mark_open,3946279.05479412,3075.794847520534,0.07800244229769143,-0.00281670575296953,-0.00343305272573263,0.0035964261150027523,-0.006249758478702161,0.0007797203620332222,-0.2812742559243624,-0.34271665380146327,0.3602901015242859,0.005546697420326686,-0.3589966720500879,0.0,ALIGNED_OI_TIMESTAMP_MARK_OPEN,0,0.005546697420326686,ALIGNED_OI_TIMESTAMP_MARK_OPEN,0,4.8207,0.09330000000000016,1.9736007107500984,82.82000000000001,17.18,1784088000000,2026-07-15 04:00:00 UTC,0.0,1.0623,0.0022999999999999687,0.21698113207546874,51.51,48.49,1784088000000,2026-07-15 04:00:00 UTC,0.0,4.7471,0.1448999999999998,3.148494198426835,82.6,17.4,1784088000000,2026-07-15 04:00:00 UTC,0.0,-3.7584000000000004,-0.07360000000000078,3.6847999999999996,1784073600005,2026-07-15 00:00:00 UTC,5e-05,0.03563877,14399.995
FINAL_REAL_MARK_PREMIUM_OI_SYNC_AUDIT_2026_07_12,1784102400000,2026-07-15 08:00:00 UTC,LYNUSDT,1784102400000,2026-07-15 08:00:00 UTC,1784116799999,2026-07-15 11:59:59 UTC,True,0.03563,0.0367,0.0356,0.0362,0.0005300000000000027,1.4858424446313503,58.227447952839775,0.03564657,0.03660999,0.03563,0.0361961,0.0005495299999999995,1.5416069484385158,1784116799999,2026-07-15 11:59:59 UTC,1784102400000,2026-07-15 08:00:00 UTC,0.0,0.0,3.900000000001125e-06,0.010774641466901476,0.0,0.00298261,-0.00575788,0.0,0.0,,1784116799999,2026-07-15 11:59:59 UTC,6329,358.0,5.9956456204990785,7860154.0,964277.0,13.98338456442886,283338.09328,36763.166359999974,14.909531483680658,binance_kline_quote_asset_volume,1241.9266866803603,44.768224566282186,0.0011000000000000038,3.087285994948088,0.0005700000000000011,1.5997754701094613,0.0005700000000000011,1.5997754701094613,0.0005000000000000004,45.45454545454534,3.0000000000002247e-05,2.727272727272922,0.5454545454545466,4680772.0,3179382.0,59.55063984751444,40.44936015248556,168943.64445,46824.56228999999,38.34336244736151,114394.44882999998,-10061.395930000013,-8.08430969987979,59.62616692103124,40.37383307896876,1.4722269925413178,1.476851771899044,54549.19562000001,19.252333842062487,110936476.0,3954504.85728732,230760.0,0.20844452150962106,22392.81296971999,0.5694856280120614,1784102400000,2026-07-15 08:00:00 UTC,EXACT_CANDLE_OPEN,0.0,14399.999,110936476.0,230760.0,0.20844452150962106,110936476.0,230760.0,0.20844452150962106,3954504.85728732,22392.81296971999,0.5694856280120614,0.035646569999999995,3954504.85728732,22392.81296971999,0.5694856280120614,3954504.8572873203,22610.903230240103,0.5750639130770375,3954504.8572873203,22610.903230240103,0.5750639130770375,3954504.8572873203,22610.903230240103,0.5750639130770375,sumOpenInterest * mark_open,4015467.7789436,69188.72414948,1.7532648651753702,0.002082275773367485,0.003651891550970173,0.015298449173495498,0.0057341673243376575,0.017380724946862984,0.20844452150962106,0.3658567831463796,1.5416069484385158,-1.9465810887014455e-14,-1.5182022372576227,-1.9465810887014455e-14,ALIGNED_OI_TIMESTAMP_MARK_OPEN,1,-1.9465810887014455e-14,ALIGNED_OI_TIMESTAMP_MARK_OPEN,1,5.3211,0.5004,10.380235235546703,84.17999999999999,15.82,1784102400000,2026-07-15 08:00:00 UTC,0.0,1.0627,0.00039999999999995595,0.037654146662897105,51.519999999999996,48.480000000000004,1784102400000,2026-07-15 08:00:00 UTC,0.0,5.1162,0.3691000000000004,7.775273324766709,83.65,16.35,1784102400000,2026-07-15 08:00:00 UTC,0.0,-4.2584,-0.2049000000000003,4.0535,1784088000003,2026-07-15 04:00:00 UTC,5e-05,0.03551663,14399.997
FINAL_REAL_MARK_PREMIUM_OI_SYNC_AUDIT_2026_07_12,1784116800000,2026-07-15 12:00:00 UTC,LYNUSDT,1784116800000,2026-07-15 12:00:00 UTC,1784131199999,2026-07-15 15:59:59 UTC,True,0.0362,0.03652,0.03577,0.03601,-0.00019000000000000267,-0.524861878453046,55.38294279861574,0.03619215,0.03673198,0.03591,0.03599173,-0.00020437000000000233,-0.5646188401512934,1784131199999,2026-07-15 15:59:59 UTC,1784116800000,2026-07-15 12:00:00 UTC,0.0,0.0,1.8270000000000786e-05,0.05076166108158954,0.0,0.00287389,-0.01736438,0.00131646,0.00131646,,1784131199999,2026-07-15 15:59:59 UTC,7073,744.0,11.755411597408754,7770014.0,-90140.0,-1.146796869374315,280517.39076,-2820.7025199999916,-0.9955253412440102,binance_kline_quote_asset_volume,1098.5457373109007,39.66031256326877,0.0007499999999999937,2.071823204419872,-0.00019000000000000267,-0.524861878453046,0.00019000000000000267,0.524861878453046,0.0003199999999999939,42.66666666666621,0.00023999999999999716,31.99999999999989,0.3199999999999989,4220448.0,3549566.0,54.31712220853141,45.682877791468584,152590.66018,-16352.984269999986,-9.679549842337964,127926.73057999997,13532.281749999995,11.829491630411308,54.39614983106369,45.603850168936304,1.1890039514689965,1.1927973105243728,24663.929600000032,8.792299662127384,110441900.0,3997566.05659,-494576.0,-0.4458191010141696,43061.199302680325,1.0889150691856555,1784116800000,2026-07-15 12:00:00 UTC,EXACT_CANDLE_OPEN,0.0,14399.999,110441900.0,-494576.0,-0.4458191010141696,110441900.0,-494576.0,-0.4458191010141696,3997566.05659,43061.199302680325,1.0889150691856555,0.0361961,3997566.05659,43061.199302680325,1.0889150691856555,3997129.8110849997,42624.953797679394,1.0778834604066947,3997129.8110849997,42624.953797679394,1.0778834604066947,3997129.8110849997,42624.953797679394,1.0778834604066947,sumOpenInterest * mark_open,3974995.045487,-40472.73345659999,-1.0079207625281372,-0.004468158379004766,0.015189315439666486,-0.005662188377588121,0.01072115706066172,-0.010130346756592887,-0.4458191010141696,1.5305259384002357,-0.5646188401512934,0.010913968913155374,0.5678248864391968,0.0,ALIGNED_OI_TIMESTAMP_MARK_OPEN,1,0.010913968913155374,ALIGNED_OI_TIMESTAMP_MARK_OPEN,1,5.1312,-0.18990000000000062,-3.568810960139832,83.69,16.31,1784116800000,2026-07-15 12:00:00 UTC,0.0,1.0689,0.006199999999999983,0.5834195916062843,51.66,48.339999999999996,1784116800000,2026-07-15 12:00:00 UTC,0.0,4.9418,-0.17440000000000033,-3.408779953872021,83.17,16.830000000000002,1784116800000,2026-07-15 12:00:00 UTC,0.0,-4.0623,-0.1894,3.8728999999999996,1784102400002,2026-07-15 08:00:00 UTC,5e-05,0.03564657,14399.998
FINAL_REAL_MARK_PREMIUM_OI_SYNC_AUDIT_2026_07_12,1784131200000,2026-07-15 16:00:00 UTC,LYNUSDT,1784131200000,2026-07-15 16:00:00 UTC,1784145599999,2026-07-15 19:59:59 UTC,True,0.036,0.03631,0.03586,0.03613,0.00012000000000000205,0.33324076645376854,56.817759647850856,0.03599173,0.0363,0.0359,0.03611583,0.000124100000000002,0.34480143077313036,1784145599999,2026-07-15 19:59:59 UTC,1784131200000,2026-07-15 16:00:00 UTC,0.0,0.0,1.4170000000000849e-05,0.039234872907533476,0.00131646,0.00518286,-0.00218351,0.0,-0.00131646,-100.0,1784145599999,2026-07-15 19:59:59 UTC,4993,-2080.0,-29.40760639049908,7084205.0,-685809.0,-8.82635475302876,255173.01741,-25344.37334999998,-9.034867065223654,binance_kline_quote_asset_volume,1418.8273583016223,51.10615209493291,0.000449999999999999,1.2499999999999973,0.0001300000000000051,0.3611111111111253,0.0001300000000000051,0.3611111111111253,0.0001799999999999996,40.0,0.0001399999999999943,31.111111111109913,0.6,2747156.0,4337049.0,38.77860677380171,61.22139322619829,98988.10471,-53602.55547000001,-35.12833315405347,156184.9127,28258.182120000012,22.089349107791463,38.79254386483606,61.20745613516394,0.6334159471105814,0.6337878800120493,-57196.80798999999,-22.414912270327882,111003270.0,3995199.7229571,561370.0,0.5082944063801873,-2366.3336329003796,-0.05919435975296697,1784131200000,2026-07-15 16:00:00 UTC,EXACT_CANDLE_OPEN,0.0,14399.999,111003270.0,561370.0,0.5082944063801873,111003270.0,561370.0,0.5082944063801873,3995199.7229571,-2366.3336329003796,-0.05919435975296697,0.03599173,3995199.7229571,-2366.3336329003796,-0.05919435975296697,3995199.7229571,-1930.088127899915,-0.04828685129382883,3995199.7229571,-1930.088127899915,-0.04828685129382883,3995199.7229571,-1930.088127899915,-0.04828685129382883,sumOpenInterest * mark_open,4008975.2287641,33980.18327709986,0.8548484435390471,0.005070069512277887,-0.005553054643759135,0.0034420835354133624,-0.00048298513148124864,0.008512153047691248,0.5082944063801873,-0.55376649356283,0.34480143077313036,0.0,-0.343616635696873,0.0,ALIGNED_OI_TIMESTAMP_MARK_OPEN,0,0.0,ALIGNED_OI_TIMESTAMP_MARK_OPEN,0,5.2267,0.09550000000000036,1.8611630807608428,83.94,16.06,1784131200000,2026-07-15 16:00:00 UTC,0.0,1.0721,0.0032000000000000917,0.29937318738891305,51.739999999999995,48.26,1784131200000,2026-07-15 16:00:00 UTC,0.0,5.0606,0.11880000000000024,2.4039823546076375,83.5,16.5,1784131200000,2026-07-15 16:00:00 UTC,0.0,-4.1546,-0.16610000000000014,3.9885,1784131200000,2026-07-15 16:00:00 UTC,5e-05,0.03599173,0.0
FINAL_REAL_MARK_PREMIUM_OI_SYNC_AUDIT_2026_07_12,1784145600000,2026-07-15 20:00:00 UTC,LYNUSDT,1784145600000,2026-07-15 20:00:00 UTC,1784159999999,2026-07-15 23:59:59 UTC,True,0.03613,0.03626,0.03587,0.0359,-0.00023000000000000104,-0.636590091336842,53.281048573436046,0.03611583,0.0362393,0.0358475,0.03586475,-0.00025108000000000075,-0.6952076139465734,1784159999999,2026-07-15 23:59:59 UTC,1784145600000,2026-07-15 20:00:00 UTC,0.0,0.0,3.525000000000056e-05,0.09828592141308823,0.0,0.0033823,-0.00077725,0.0,0.0,,1784159999999,2026-07-15 23:59:59 UTC,2701,-2292.0,-45.90426597236131,2305035.0,-4779170.0,-67.46233345872966,83152.77749,-172020.23992000002,-67.413177798343,binance_kline_quote_asset_volume,853.4005923731951,30.785922802665677,0.00039000000000000146,1.0794353722668182,-0.00023000000000000104,-0.636590091336842,0.00023000000000000104,0.636590091336842,0.00012999999999999817,33.33333333333274,3.0000000000002247e-05,7.69230769230824,0.0769230769230824,1132586.0,1172449.0,49.13530597149284,50.86469402850716,40857.00985,-58131.09486,-58.72533374621472,42295.76763999999,-113889.14506,-72.91942806201665,49.13487087657835,50.865129123421646,0.96600022687554,0.9659834099183171,-1438.7577899999887,-1.7302582468433056,111450505.0,4025127.49199415,447235.0,0.4029025451232202,29927.769037050195,0.7490931896365561,1784145600000,2026-07-15 20:00:00 UTC,EXACT_CANDLE_OPEN,0.0,14399.999,111450505.0,447235.0,0.4029025451232202,111450505.0,447235.0,0.4029025451232202,4025127.49199415,29927.769037050195,0.7490931896365561,0.03611583,4025127.49199415,29927.769037050195,0.7490931896365561,4025127.49199415,29927.769037050195,0.7490931896365561,4025127.49199415,29927.769037050195,0.7490931896365561,4025127.49199415,29927.769037050195,0.7490931896365561,sumOpenInterest * mark_open,3997144.49919875,-11830.729565349873,-0.2951060779938291,0.0040209306636412485,0.0034420835354133624,-0.00697635440914149,0.007463014199054611,-0.002955423745500242,0.4029025451232202,0.34480143077313036,-0.6952076139465734,0.0,0.7000745857701525,0.0,ALIGNED_OI_TIMESTAMP_MARK_OPEN,1,0.0,ALIGNED_OI_TIMESTAMP_MARK_OPEN,1,5.2383,0.01159999999999961,0.2219373600933593,83.97,16.03,1784145600000,2026-07-15 20:00:00 UTC,0.0,1.1083,0.03620000000000001,3.3765506948978645,52.56999999999999,47.43,1784145600000,2026-07-15 20:00:00 UTC,0.0,5.1463,0.08570000000000011,1.6934750820060887,83.73,16.27,1784145600000,2026-07-15 20:00:00 UTC,0.0,-4.13,-0.09199999999999964,4.038,1784131200000,2026-07-15 16:00:00 UTC,5e-05,0.03599173,14400.0
FINAL_REAL_MARK_PREMIUM_OI_SYNC_AUDIT_2026_07_12,1784160000000,2026-07-16 00:00:00 UTC,LYNUSDT,1784160000000,2026-07-16 00:00:00 UTC,1784174399999,2026-07-16 03:59:59 UTC,True,0.0359,0.0362,0.03404,0.03415,-0.0017500000000000016,-4.874651810584963,35.28435955737643,0.03586475,0.03615,0.03405,0.03415,-0.001714750000000001,-4.781156985619588,1784174399999,2026-07-16 03:59:59 UTC,1784160000000,2026-07-16 00:00:00 UTC,0.0,0.0,0.0,0.0,0.0,0.0066471,-0.00391006,0.0023137,0.0023137,,1784174399999,2026-07-16 03:59:59 UTC,10919,8218.0,304.2576823398741,17024008.0,14718973.0,638.5574622511155,596986.87394,513834.09644999995,617.9397874133476,binance_kline_quote_asset_volume,1559.1178679366242,54.674134439051194,0.002160000000000002,6.0167130919220115,-0.0017500000000000016,-4.874651810584963,0.0017500000000000016,4.874651810584963,0.00030000000000000165,13.88888888888895,0.00010999999999999899,5.09259259259254,0.0509259259259254,7133312.0,9890696.0,41.90148406885147,58.09851593114853,251061.13602,210204.12617,514.487298365032,345925.73792,303629.97028,717.8731755487771,42.05471627257803,57.94528372742198,0.7212143614564638,0.7257659910754062,-94864.60189999998,-15.890567454843962,111746644.0,4007765.450399,296139.0,0.2657134662602022,-17362.041595149785,-0.4313414079350861,1784160000000,2026-07-16 00:00:00 UTC,EXACT_CANDLE_OPEN,0.0,14399.999,111746644.0,296139.0,0.2657134662602022,111746644.0,296139.0,0.2657134662602022,4007765.450399,-17362.041595149785,-0.4313414079350861,0.03586475,4007765.450399,-17362.041595149785,-0.4313414079350861,4007765.450399,-17362.041595149785,-0.4313414079350861,4007765.450399,-17362.041595149785,-0.4313414079350861,4007765.450399,-17362.041595149785,-0.4313414079350861,sumOpenInterest * mark_open,3816147.8926,-180996.60659875022,-4.528147697313219,0.002653610721305251,-0.00697635440914149,-0.04899233295316908,-0.00432274368783624,-0.046338722231863826,0.2657134662602022,-0.6952076139465734,-4.781156985619588,0.0,5.021229868228407,0.0,ALIGNED_OI_TIMESTAMP_MARK_OPEN,1,0.0,ALIGNED_OI_TIMESTAMP_MARK_OPEN,1,5.2933,0.055000000000000604,1.0499589561499074,84.11,15.89,1784160000000,2026-07-16 00:00:00 UTC,0.0,1.1058,-0.0025000000000001688,-0.2255706938554695,52.51,47.49,1784160000000,2026-07-16 00:00:00 UTC,0.0,5.1958,0.0495000000000001,0.9618560907836717,83.86,16.14,1784160000000,2026-07-16 00:00:00 UTC,0.0,-4.1875,-0.09750000000000014,4.09,1784160000000,2026-07-16 00:00:00 UTC,5e-05,0.03586475,0.0
FINAL_REAL_MARK_PREMIUM_OI_SYNC_AUDIT_2026_07_12,1784174400000,2026-07-16 04:00:00 UTC,LYNUSDT,1784174400000,2026-07-16 04:00:00 UTC,1784188799999,2026-07-16 07:59:59 UTC,True,0.03418,0.03443,0.03324,0.03408,-7.000000000000062e-05,-0.2049780380673517,34.77833302877404,0.03415,0.0343,0.03329,0.03407497,-7.502999999999677e-05,-0.21970717423132288,1784188799999,2026-07-16 07:59:59 UTC,1784174400000,2026-07-16 04:00:00 UTC,0.0,0.0,5.029999999996149e-06,0.0147615683887503,0.00264445,0.01202254,-0.0125341,0.0004896,-0.0018241000000000002,-78.83908890521676,1784188799999,2026-07-16 07:59:59 UTC,22980,12061.0,110.45883322648595,42556832.0,25532824.0,149.98127350504063,1450999.06566,854012.1917200001,143.0537636587689,binance_kline_quote_asset_volume,1851.9073977371627,63.141821830287206,0.0011900000000000036,3.4815681685196123,-0.00010000000000000286,-0.29256875365711776,0.00010000000000000286,0.29256875365711776,0.0002500000000000002,21.008403361344495,0.0008400000000000005,70.58823529411747,0.7058823529411747,24174514.0,18382318.0,56.805248097414776,43.19475190258523,824969.68506,573908.5490400001,228.59314593170703,626029.3806,280103.64268000005,80.9721891074719,56.85528713174981,43.14471286825018,1.3150960613345934,1.3177810988189267,198940.30446,13.710574263499625,114470851.0,3909179.56165,2724207.0,2.4378423391399564,-98585.88874900015,-2.4598717157758134,1784174400000,2026-07-16 04:00:00 UTC,EXACT_CANDLE_OPEN,0.0,14399.999,114470851.0,2724207.0,2.4378423391399564,114470851.0,2724207.0,2.4378423391399564,3909179.56165,-98585.88874900015,-2.4598717157758134,0.03415,3909179.56165,-98585.88874900015,-2.4598717157758134,3909179.56165,-98585.88874900015,-2.4598717157758134,3909179.56165,-98585.88874900015,-2.4598717157758134,3909179.56165,-98585.88874900015,-2.4598717157758134,sumOpenInterest * mark_open,3900590.8136994704,84442.92109947046,2.212779050393097,0.024086012442184435,-0.04899233295316908,-0.0021994888454486034,-0.024906320510984643,0.021886523596735832,2.4378423391399564,-4.781156985619588,-0.21970717423132288,0.0,0.22019094954448015,0.0,ALIGNED_OI_TIMESTAMP_MARK_OPEN,0,0.0,ALIGNED_OI_TIMESTAMP_MARK_OPEN,0,5.3131,0.01980000000000004,0.37405777114465527,84.16,15.840000000000002,1784174400000,2026-07-16 04:00:00 UTC,0.0,1.0481,-0.05769999999999986,-5.217941761620534,51.17,48.83,1784174400000,2026-07-16 04:00:00 UTC,0.0,5.2267,0.030899999999999928,0.5947111128218932,83.94,16.06,1784174400000,2026-07-16 04:00:00 UTC,0.0,-4.265000000000001,-0.08640000000000025,4.1786,1784160000000,2026-07-16 00:00:00 UTC,5e-05,0.03586475,14400.0
FINAL_REAL_MARK_PREMIUM_OI_SYNC_AUDIT_2026_07_12,1784188800000,2026-07-16 08:00:00 UTC,LYNUSDT,1784188800000,2026-07-16 08:00:00 UTC,1784203199999,2026-07-16 11:59:59 UTC,True,0.03407,0.03652,0.03403,0.03568,0.0016000000000000042,4.694835680751186,51.79544193045014,0.03407497,0.03642398,0.03363271,0.03567967,0.0016046999999999936,4.7093218277227935,1784203199999,2026-07-16 11:59:59 UTC,1784188800000,2026-07-16 08:00:00 UTC,0.0,0.0,3.300000000067138e-07,0.0009248964466507506,0.0006156,0.01982931,-0.00314763,0.0,-0.0004896,-100.0,1784203199999,2026-07-16 11:59:59 UTC,17343,-5637.0,-24.530026109660575,26684092.0,-15872740.0,-37.29774810305429,942872.93367,-508126.13199,-35.019053010821494,binance_kline_quote_asset_volume,1538.6087758749927,54.36619579484518,0.002489999999999999,7.308482535955382,0.0016100000000000003,4.725565013208102,0.0016100000000000003,4.725565013208102,0.0008399999999999935,33.734939759035896,4.000000000000531e-05,1.6064257028114588,0.662650602409641,14239356.0,12444736.0,53.362715133795824,46.637284866204176,504669.21682,-320300.4682400001,-38.82572584672667,438203.7168500001,-187825.66374999995,-30.00269149827821,53.5246265746166,46.4753734253834,1.144207157146604,1.1516771707181832,66465.49996999989,7.049253149233195,125239537.0,4267533.46608889,10768686.0,9.407360831099263,358353.90443889005,9.166985010216179,1784188800000,2026-07-16 08:00:00 UTC,EXACT_CANDLE_OPEN,0.0,14399.999,125239537.0,10768686.0,9.407360831099263,125239537.0,10768686.0,9.407360831099263,4267533.46608889,358353.90443889005,9.166985010216179,0.03407497,4267533.46608889,358353.90443889005,9.166985010216179,4267533.46608889,358353.90443889005,9.166985010216179,4267533.46608889,358353.90443889005,9.166985010216179,4267533.46608889,358353.90443889005,9.166985010216179,sumOpenInterest * mark_open,4468505.3511127895,567914.5374133191,14.559705555853656,0.08990798538441996,-0.0021994888454486034,0.046017961618763155,0.08770849653897136,0.1359259470031831,9.407360831099263,-0.21970717423132288,4.7093218277227935,0.0,-4.49751917548563,0.0,ALIGNED_OI_TIMESTAMP_MARK_OPEN,1,0.0,ALIGNED_OI_TIMESTAMP_MARK_OPEN,1,5.0096,-0.30350000000000055,-5.712296023037408,83.36,16.64,1784188800000,2026-07-16 08:00:00 UTC,0.0,1.0554,0.007299999999999862,0.6964984257227232,51.349999999999994,48.65,1784188800000,2026-07-16 08:00:00 UTC,0.0,4.9137,-0.3129999999999997,-5.9884822163123905,83.09,16.91,1784188800000,2026-07-16 08:00:00 UTC,0.0,-3.9542,-0.09589999999999943,3.8583000000000007,1784174400003,2026-07-16 04:00:00 UTC,5e-05,0.03415,14399.997
FINAL_REAL_MARK_PREMIUM_OI_SYNC_AUDIT_2026_07_12,1784203200000,2026-07-16 12:00:00 UTC,LYNUSDT,1784203200000,2026-07-16 12:00:00 UTC,1784217599999,2026-07-16 15:59:59 UTC,True,0.03567,0.03606,0.0354,0.03576,7.999999999999674e-05,0.22421524663676215,52.463290026394596,0.03567967,0.03599,0.03538885,0.0357573,7.763000000000214e-05,0.21757488227890603,1784217599999,2026-07-16 15:59:59 UTC,1784203200000,2026-07-16 12:00:00 UTC,0.0,0.0,2.7000000000013125e-06,0.007550905689191613,0.0,0.00976192,-0.00055331,0.0,0.0,,1784217599999,2026-07-16 15:59:59 UTC,6824,-10519.0,-60.65271291010782,5810861.0,-20873231.0,-78.22350110320411,207258.26441,-735614.6692600001,-78.01843100922663,binance_kline_quote_asset_volume,851.5329718640094,30.37196137309496,0.0006600000000000009,1.850294365012618,8.99999999999998e-05,0.25231286795626523,8.99999999999998e-05,0.25231286795626523,0.00030000000000000165,45.454545454545645,0.0002699999999999994,40.909090909090764,0.5454545454545435,3179759.0,2631102.0,54.720961317092254,45.279038682907746,113472.83152,-391196.38529999997,-77.51540459808305,93785.43289,-344418.2839600001,-78.59775504320898,54.7494845829294,45.250515417070595,1.2085274535156751,1.2099195794414168,19687.39863000001,9.498969165858803,122010358.0,4353289.31002186,-3229179.0,-2.5784022181429815,85755.8439329695,2.0094943511143226,1784203200000,2026-07-16 12:00:00 UTC,EXACT_CANDLE_OPEN,0.0,14399.999,122010358.0,-3229179.0,-2.5784022181429815,122010358.0,-3229179.0,-2.5784022181429815,4353289.31002186,85755.8439329695,2.0094943511143226,0.03567967,4353289.31002186,85755.8439329695,2.0094943511143226,4353289.31002186,85755.8439329695,2.0094943511143226,4353289.31002186,85755.8439329695,2.0094943511143226,4353289.31002186,85755.8439329695,2.0094943511143226,sumOpenInterest * mark_open,4362760.9741134,-105744.37699938938,-2.366437291454869,-0.026122256780762524,0.046017961618763155,0.00217338530897328,0.01989570483800063,-0.023948871471789243,-2.5784022181429815,4.7093218277227935,0.21757488227890603,0.0,-0.21710252172284303,0.0,ALIGNED_OI_TIMESTAMP_MARK_OPEN,0,0.0,ALIGNED_OI_TIMESTAMP_MARK_OPEN,0,5.169,0.15939999999999976,3.181890769722129,83.78999999999999,16.21,1784203200000,2026-07-16 12:00:00 UTC,0.0,1.0937,0.0383,3.628955846124692,52.239999999999995,47.760000000000005,1784203200000,2026-07-16 12:00:00 UTC,0.0,4.9737,0.05999999999999961,1.221075767751381,83.26,16.74,1784203200000,2026-07-16 12:00:00 UTC,0.0,-4.0752999999999995,-0.19529999999999959,3.88,1784188800003,2026-07-16 08:00:00 UTC,0.00093176,0.03407497,14399.997
FINAL_REAL_MARK_PREMIUM_OI_SYNC_AUDIT_2026_07_12,1784217600000,2026-07-16 16:00:00 UTC,LYNUSDT,1784217600000,2026-07-16 16:00:00 UTC,1784231999999,2026-07-16 19:59:59 UTC,True,0.03576,0.03616,0.03556,0.03558,-0.0001799999999999996,-0.5033557046979855,50.75927963834136,0.0357573,0.03614001,0.03549285,0.03557397,-0.00018332999999999544,-0.5127064962958485,1784231999999,2026-07-16 19:59:59 UTC,1784217600000,2026-07-16 16:00:00 UTC,0.0,0.0,6.029999999997149e-06,0.016950596180288983,0.0,0.007408,-0.00237057,0.00163953,0.00163953,,1784231999999,2026-07-16 19:59:59 UTC,4188,-2636.0,-38.62837045720985,4203252.0,-1607609.0,-27.665590348831266,150760.0195,-56498.24491000001,-27.25982728400867,binance_kline_quote_asset_volume,1003.6418338108882,35.9980944364852,0.0005999999999999964,1.6778523489932786,-0.0001799999999999996,-0.5033557046979855,0.0001799999999999996,0.5033557046979855,0.0003999999999999976,66.66666666666666,1.9999999999999185e-05,3.3333333333332176,0.033333333333332174,1976176.0,2227076.0,47.01540616646349,52.98459383353651,70968.84069,-42503.99083000001,-37.45741624726138,79791.17881,-13994.254079999999,-14.92156473427352,47.074045841444054,52.925954158555946,0.8873410696357017,0.8894321621565726,-8822.33812,-5.851908317111885,122330766.0,4374217.8990918,320408.0,0.26260721241388374,20928.58906994015,0.4807534620260527,1784217600000,2026-07-16 16:00:00 UTC,EXACT_CANDLE_OPEN,0.0,14399.999,122330766.0,320408.0,0.26260721241388374,122330766.0,320408.0,0.26260721241388374,4374217.8990918,20928.58906994015,0.4807534620260527,0.0357573,4374217.8990918,20928.58906994015,0.4807534620260527,4374217.8990918,20928.58906994015,0.4807534620260527,4374217.8990918,20928.58906994015,0.4807534620260527,4374217.8990918,20928.58906994015,0.4807534620260527,sumOpenInterest * mark_open,4351790.999761021,-10969.97435237933,-0.2514456881197496,0.0026226300215611504,0.00217338530897328,-0.0051402534586882515,0.00479601533053443,-0.002517623437127101,0.26260721241388374,0.21757488227890603,-0.5127064962958485,0.0,0.5153487226755838,0.0,ALIGNED_OI_TIMESTAMP_MARK_OPEN,1,0.0,ALIGNED_OI_TIMESTAMP_MARK_OPEN,1,4.9916,-0.17739999999999956,-3.431998452311851,83.31,16.689999999999998,1784217600000,2026-07-16 16:00:00 UTC,0.0,1.0965,0.0028000000000001357,0.2560117033921675,52.300000000000004,47.699999999999996,1784217600000,2026-07-16 16:00:00 UTC,0.0,4.8411,-0.13260000000000005,-2.666023282465771,82.88,17.119999999999997,1784217600000,2026-07-16 16:00:00 UTC,0.0,-3.8951000000000002,-0.15050000000000008,3.7446,1784203200001,2026-07-16 12:00:00 UTC,0.00013914,0.03567967,14399.999
FINAL_REAL_MARK_PREMIUM_OI_SYNC_AUDIT_2026_07_12,1784232000000,2026-07-16 20:00:00 UTC,LYNUSDT,1784232000000,2026-07-16 20:00:00 UTC,1784246399999,2026-07-16 23:59:59 UTC,True,0.03558,0.03576,0.03522,0.03539,-0.00019000000000000267,-0.5340078695896646,48.95188931296379,0.03557397,0.03573989,0.03522686,0.03539,-0.00018397000000000552,-0.5171477909269208,1784246399999,2026-07-16 23:59:59 UTC,1784232000000,2026-07-16 20:00:00 UTC,0.0,0.0,0.0,0.0,0.00164729,0.00445422,-0.00135478,0.0031673,0.0015277700000000001,93.18341231938423,1784246399999,2026-07-16 23:59:59 UTC,4185,-3.0,-0.07163323782234957,3196388.0,-1006864.0,-23.95440482750023,113359.8606,-37400.158899999995,-24.807743474721423,binance_kline_quote_asset_volume,763.7725209080048,27.0871829390681,0.0005399999999999988,1.5177065767284958,-0.00019000000000000267,-0.5340078695896646,0.00019000000000000267,0.5340078695896646,0.0001799999999999996,33.33333333333333,0.00016999999999999654,31.481481481480913,0.3148148148148091,1582251.0,1614137.0,49.5012182500998,50.4987817499002,56148.73053,-14820.110159999997,-20.88255918500336,57211.13007,-22580.04874,-28.29892862438837,49.53140400209702,50.46859599790299,0.9802457907847971,0.9814301948117419,-1062.3995399999985,-0.937191995805964,121862703.0,4335140.14064091,-468063.0,-0.38262083636425526,-39077.75845088996,-0.8933656107758946,1784232000000,2026-07-16 20:00:00 UTC,EXACT_CANDLE_OPEN,0.0,14399.999,121862703.0,-468063.0,-0.38262083636425526,121862703.0,-468063.0,-0.38262083636425526,4335140.14064091,-39077.75845088996,-0.8933656107758946,0.035573969999999996,4335140.14064091,-39077.75845088996,-0.8933656107758946,4335140.140640911,-39077.75845088903,-0.8933656107758733,4335140.140640911,-39077.75845088903,-0.8933656107758733,4335140.140640911,-39077.75845088903,-0.8933656107758733,sumOpenInterest * mark_open,4312721.059169999,-39069.94059102144,-0.8977899120883096,-0.0038335470243411256,-0.0051402534586882515,-0.005184896283026566,-0.008973800483029377,-0.009018443307367691,-0.38262083636425526,-0.5127064962958485,-0.5171477909269208,-1.9505537065183412e-14,0.5198361118960118,-1.9505537065183412e-14,ALIGNED_OI_TIMESTAMP_MARK_OPEN,1,-1.9505537065183412e-14,ALIGNED_OI_TIMESTAMP_MARK_OPEN,1,5.1087,0.11709999999999976,2.3459411811843847,83.63000000000001,16.37,1784232000000,2026-07-16 20:00:00 UTC,0.0,1.1046,0.008099999999999996,0.7387140902872773,52.480000000000004,47.52,1784232000000,2026-07-16 20:00:00 UTC,0.0,4.988,0.14690000000000047,3.034434322777891,83.3,16.7,1784232000000,2026-07-16 20:00:00 UTC,0.0,-4.004099999999999,-0.12069999999999936,3.8834000000000004,1784217600002,2026-07-16 16:00:00 UTC,0.00018627,0.0357573,14399.998
FINAL_REAL_MARK_PREMIUM_OI_SYNC_AUDIT_2026_07_12,1784246400000,2026-07-17 00:00:00 UTC,LYNUSDT,1784246400000,2026-07-17 00:00:00 UTC,1784260799999,2026-07-17 03:59:59 UTC,True,0.03539,0.03575,0.03528,0.0355,0.00010999999999999899,0.3108222661768833,50.06056343076111,0.03539,0.03572413,0.03528,0.0354901,0.0001000999999999988,0.282848262220963,1784260799999,2026-07-17 03:59:59 UTC,1784246400000,2026-07-17 00:00:00 UTC,0.0,0.0,9.900000000000186e-06,0.027895103141439972,0.00317724,0.00512851,0.0,0.00092839,-0.00223891,-70.6882833959524,1784260799999,2026-07-17 03:59:59 UTC,4406,221.0,5.2807646356033455,2818471.0,-377917.0,-11.823251745407628,100248.29116,-13111.569440000007,-11.566324597262257,binance_kline_quote_asset_volume,639.6892873354517,22.752676159782112,0.0004699999999999982,1.3280587736648721,0.00010999999999999899,0.3108222661768833,0.00010999999999999899,0.3108222661768833,0.0002500000000000002,53.19148936170238,0.00010999999999999899,23.404255319148813,0.46808510638297623,1041188.0,1777283.0,36.94158996136558,63.05841003863443,37033.81477,-19114.915760000004,-34.04336229790092,63214.476389999996,6003.346319999997,10.49331889206641,36.94209082416443,63.05790917583557,0.5858312941720593,0.5858438902747668,-26180.66162,-26.115818351671145,121834797.0,4311733.46583,-27906.0,-0.022899541297717645,-23406.674810909666,-0.5399289077526617,1784246400000,2026-07-17 00:00:00 UTC,EXACT_CANDLE_OPEN,0.0,14399.999,121834797.0,-27906.0,-0.022899541297717645,121834797.0,-27906.0,-0.022899541297717645,4311733.46583,-23406.674810909666,-0.5399289077526617,0.03539,4311733.46583,-23406.674810909666,-0.5399289077526617,4311733.46583,-23406.674810910597,-0.539928907752683,4311733.46583,-23406.674810910597,-0.539928907752683,4311733.46583,-23406.674810910597,-0.539928907752683,sumOpenInterest * mark_open,4323929.129009699,11208.069839700125,0.2598839499686345,-0.00022902163643018775,-0.005184896283026566,0.0028244899921886996,-0.005413917919456754,0.0025954683557585117,-0.022899541297717645,-0.5171477909269208,0.282848262220963,0.0,-0.28205048731899546,0.0,ALIGNED_OI_TIMESTAMP_MARK_OPEN,0,0.0,ALIGNED_OI_TIMESTAMP_MARK_OPEN,0,4.9347,-0.1739999999999995,-3.4059545481237787,83.15,16.85,1784246400000,2026-07-17 00:00:00 UTC,0.0,1.0988,-0.005800000000000027,-0.5250769509324668,52.349999999999994,47.65,1784246400000,2026-07-17 00:00:00 UTC,0.0,4.9347,-0.053300000000000125,-1.0685645549318388,83.15,16.85,1784246400000,2026-07-17 00:00:00 UTC,0.0,-3.8359000000000005,0.0,3.8359000000000005,1784246400000,2026-07-17 00:00:00 UTC,0.00015049,0.03539,0.0
FINAL_REAL_MARK_PREMIUM_OI_SYNC_AUDIT_2026_07_12,1784260800000,2026-07-17 04:00:00 UTC,LYNUSDT,1784260800000,2026-07-17 04:00:00 UTC,1784275199999,2026-07-17 07:59:59 UTC,True,0.03551,0.03603,0.03408,0.03586,0.00036000000000000615,1.014084507042271,53.61139480902866,0.0354901,0.03599,0.0340993,0.03585993,0.00036983000000000155,1.0420652519998579,1784275199999,2026-07-17 07:59:59 UTC,1784260800000,2026-07-17 04:00:00 UTC,0.0,0.0,7.000000000478845e-08,0.00019520395049513051,0.00095923,0.00913291,-0.00496909,0.00180827,0.0008798800000000001,94.7748252350844,1784275199999,2026-07-17 07:59:59 UTC,12798,8392.0,190.46754425783024,17706836.0,14888365.0,528.2426180719972,625419.40331,525171.11215,523.8703882860281,binance_kline_quote_asset_volume,1383.5627441787778,48.86852659087357,0.0019500000000000003,5.491410870177416,0.0003500000000000031,0.9856378484933908,0.0003500000000000031,0.9856378484933908,0.00016999999999999654,8.717948717948538,0.0014300000000000007,73.33333333333336,0.9128205128205146,8565778.0,9141058.0,48.375542643530444,51.624457356469556,303241.81127,266207.9965,718.8241291190106,322177.59203999996,258963.11564999996,409.65793033281494,48.48615339804112,51.51384660195889,0.9370663658408032,0.9412256431302367,-18935.780769999954,-3.0276932039177726,121494413.0,4311848.8668113,-340384.0,-0.27938159571932475,115.40098129957914,0.002676440513174547,1784260800000,2026-07-17 04:00:00 UTC,EXACT_CANDLE_OPEN,0.0,14399.999,121494413.0,-340384.0,-0.27938159571932475,121494413.0,-340384.0,-0.27938159571932475,4311848.8668113,115.40098129957914,0.002676440513174547,0.0354901,4311848.8668113,115.40098129957914,0.002676440513174547,4311848.8668113,115.40098129957914,0.002676440513174547,4311848.8668113,115.40098129957914,0.002676440513174547,4311848.8668113,115.40098129957914,0.002676440513174547,sumOpenInterest * mark_open,4356781.145571089,32852.0165613899,0.7597723177510528,-0.002797725945217292,0.0028244899921886996,0.010366731789826476,2.6764046971407534e-05,0.007569005844609183,-0.27938159571932475,0.282848262220963,1.0420652519998579,0.0,-1.0313182429525143,0.0,ALIGNED_OI_TIMESTAMP_MARK_OPEN,1,0.0,ALIGNED_OI_TIMESTAMP_MARK_OPEN,1,5.0277,0.09299999999999997,1.884613046385798,83.41,16.59,1784260800000,2026-07-17 04:00:00 UTC,0.0,1.0997,0.0008999999999999009,0.08190753549325637,52.370000000000005,47.63,1784260800000,2026-07-17 04:00:00 UTC,0.0,4.9916,0.05689999999999973,1.153058949885499,83.31,16.689999999999998,1784260800000,2026-07-17 04:00:00 UTC,0.0,-3.9280000000000004,-0.03610000000000024,3.8919,1784260800000,2026-07-17 04:00:00 UTC,9.979e-05,0.0354901,0.0
FINAL_REAL_MARK_PREMIUM_OI_SYNC_AUDIT_2026_07_12,1784275200000,2026-07-17 08:00:00 UTC,LYNUSDT,1784275200000,2026-07-17 08:00:00 UTC,1784289599999,2026-07-17 11:59:59 UTC,True,0.03584,0.03637,0.03565,0.03609,0.0002299999999999941,0.6413831567205635,55.7749347248123,0.03585993,0.03635,0.03572457,0.03609,0.0002300699999999989,0.6415796126763184,1784289599999,2026-07-17 11:59:59 UTC,1784275200000,2026-07-17 08:00:00 UTC,0.0,0.0,0.0,0.0,0.00175218,0.00503669,-0.00678166,0.0,-0.00180827,-100.0,1784289599999,2026-07-17 11:59:59 UTC,11004,-1794.0,-14.017815283638068,16225756.0,-1481080.0,-8.364453141148424,584486.65129,-40932.752020000014,-6.544848433445706,binance_kline_quote_asset_volume,1474.5325336241367,53.115835268084325,0.0007199999999999984,2.008928571428567,0.0002500000000000002,0.6975446428571435,0.0002500000000000002,0.6975446428571435,0.00028000000000000247,38.88888888888932,0.00018999999999999573,26.388888888888353,0.6111111111111068,9652867.0,6572889.0,59.491015395523014,40.508984604476986,348166.65053,44924.83925999998,14.814856523858403,236320.00075999997,-85857.59128,-26.64915046895637,59.56793876499551,40.4320612350045,1.4685881657213442,1.473284738533783,111846.64977000002,19.13587752999101,122113825.0,4378993.21653225,619412.0,0.5098275589018237,67144.34972095024,1.5572055467381178,1784275200000,2026-07-17 08:00:00 UTC,EXACT_CANDLE_OPEN,0.0,14399.999,122113825.0,619412.0,0.5098275589018237,122113825.0,619412.0,0.5098275589018237,4378993.21653225,67144.34972095024,1.5572055467381178,0.03585993,4378993.21653225,67144.34972095024,1.5572055467381178,4378993.21653225,67144.34972095024,1.5572055467381178,4378993.21653225,67144.34972095024,1.5572055467381178,4378993.21653225,67144.34972095024,1.5572055467381178,sumOpenInterest * mark_open,4407087.94425,50306.79867891036,1.154678121255873,0.005085323385975338,0.010366731789826476,0.006395302515309998,0.015452055175801813,0.011480625901285336,0.5098275589018237,1.0420652519998579,0.6415796126763184,0.0,-0.6374896093100552,0.0,ALIGNED_OI_TIMESTAMP_MARK_OPEN,1,0.0,ALIGNED_OI_TIMESTAMP_MARK_OPEN,1,4.8275,-0.2002000000000006,-3.981940052111315,82.84,17.16,1784275200000,2026-07-17 08:00:00 UTC,0.0,1.1048,0.0051000000000001044,0.46376284441212196,52.49,47.510000000000005,1784275200000,2026-07-17 08:00:00 UTC,0.0,4.7241,-0.26750000000000007,-5.359003125250422,82.53,17.47,1784275200000,2026-07-17 08:00:00 UTC,0.0,-3.7226999999999997,-0.10339999999999971,3.6193,1784260800000,2026-07-17 04:00:00 UTC,9.979e-05,0.0354901,14400.0
FINAL_REAL_MARK_PREMIUM_OI_SYNC_AUDIT_2026_07_12,1784289600000,2026-07-17 12:00:00 UTC,LYNUSDT,1784289600000,2026-07-17 12:00:00 UTC,1784303999999,2026-07-17 15:59:59 UTC,True,0.0361,0.03631,0.03556,0.03584,-0.0002500000000000002,-0.6927126627874763,52.88755474071882,0.03609,0.03627896,0.03561281,0.03582755,-0.0002624499999999974,-0.727209753394285,1784303999999,2026-07-17 15:59:59 UTC,1784289600000,2026-07-17 12:00:00 UTC,0.0,0.0,1.2449999999997186e-05,0.0347497945017094,0.0,0.00243361,-0.01055812,0.0,0.0,,1784303999999,2026-07-17 15:59:59 UTC,10006,-998.0,-9.069429298436932,17496950.0,1271194.0,7.834420781379925,630599.41608,46112.764790000045,7.889447036681878,binance_kline_quote_asset_volume,1748.6458125124925,63.0221283310014,0.0007500000000000007,2.0775623268698076,-0.0002600000000000033,-0.7202216066482086,0.0002600000000000033,0.7202216066482086,0.00021000000000000185,28.000000000000224,0.00027999999999999553,37.3333333333327,0.373333333333327,10153090.0,7343860.0,58.02777055429661,41.9722294457034,366250.4605,18083.809970000002,5.19400980607182,264348.95558,28028.954820000043,11.860593572215443,58.07973352984143,41.92026647015858,1.3825277170316428,1.3854810195728633,101901.50491999998,16.159467059682846,120066040.0,4333183.3836,-2047785.0,-1.676947716607845,-45809.83293224964,-1.0461270585965126,1784289600000,2026-07-17 12:00:00 UTC,EXACT_CANDLE_OPEN,0.0,14399.999,120066040.0,-2047785.0,-1.676947716607845,120066040.0,-2047785.0,-1.676947716607845,4333183.3836,-45809.83293224964,-1.0461270585965126,0.036090000000000004,4333183.3836,-45809.83293224964,-1.0461270585965126,4333183.383599999,-45809.832932250574,-1.0461270585965339,4333183.383599999,-45809.832932250574,-1.0461270585965339,4333183.383599999,-45809.832932250574,-1.0461270585965339,sumOpenInterest * mark_open,4301672.051402,-105415.89284799993,-2.3919625426476405,-0.016911676832681674,0.006395302515309998,-0.0072986681295574085,-0.010516374317371676,-0.024210344962239082,-1.676947716607845,0.6415796126763184,-0.727209753394285,1.9226638691901437e-14,0.7325368326888229,1.9226638691901437e-14,ALIGNED_OI_TIMESTAMP_MARK_OPEN,1,1.9226638691901437e-14,ALIGNED_OI_TIMESTAMP_MARK_OPEN,1,4.9559,0.12840000000000007,2.659761781460385,83.21,16.79,1784289600000,2026-07-17 12:00:00 UTC,0.0,1.0728,-0.03200000000000003,-2.8964518464880546,51.76,48.24,1784289600000,2026-07-17 12:00:00 UTC,0.0,4.8754,0.1513,3.2027264452488304,82.98,17.02,1784289600000,2026-07-17 12:00:00 UTC,0.0,-3.8830999999999998,-0.0804999999999998,3.8026,1784275200010,2026-07-17 08:00:00 UTC,0.00028007,0.03585993,14399.99
FINAL_REAL_MARK_PREMIUM_OI_SYNC_AUDIT_2026_07_12,1784304000000,2026-07-17 16:00:00 UTC,LYNUSDT,1784304000000,2026-07-17 16:00:00 UTC,1784318399999,2026-07-17 19:59:59 UTC,True,0.03584,0.036,0.03515,0.03533,-0.0005099999999999966,-1.422991071428562,47.4868204243113,0.03582755,0.03594988,0.03518538,0.0353159,-0.0005116500000000024,-1.4280909523537122,1784318399999,2026-07-17 19:59:59 UTC,1784304000000,2026-07-17 16:00:00 UTC,0.0,0.0,1.4100000000002999e-05,0.03992535939903273,4.921e-05,0.00327238,-0.0056768,0.0,0.0,,1784318399999,2026-07-17 19:59:59 UTC,5949,-4057.0,-40.54567259644213,7106001.0,-10390949.0,-59.387201769451245,252322.11792,-378277.29816,-59.98694076050499,binance_kline_quote_asset_volume,1194.4866364094805,42.41420708018154,0.0008499999999999966,2.3716517857142763,-0.0005099999999999966,-1.422991071428562,0.0005099999999999966,1.422991071428562,0.00016000000000000042,18.82352941176483,0.0001799999999999996,21.176470588235333,0.21176470588235333,3136941.0,3969060.0,44.144955791590796,55.8550442084092,111485.14448,-254765.31601999997,-69.56040838070155,140836.97343999997,-123511.98214000004,-46.723083081227294,44.18365912549408,55.81634087450592,0.7903485963931006,0.7915900331917841,-29351.82895999997,-11.632681749011839,115470273.0,4137016.97942115,-4595767.0,-3.8276993228060157,-196166.40417885035,-4.527073673394263,1784304000000,2026-07-17 16:00:00 UTC,EXACT_CANDLE_OPEN,0.0,14399.999,115470273.0,-4595767.0,-3.8276993228060157,115470273.0,-4595767.0,-3.8276993228060157,4137016.97942115,-196166.40417885035,-4.527073673394263,0.03582755,4137016.97942115,-196166.40417885035,-4.527073673394263,4137016.97942115,-196166.40417884942,-4.527073673394242,4137016.97942115,-196166.40417884942,-4.527073673394242,4137016.97942115,-196166.40417884942,-4.527073673394242,sumOpenInterest * mark_open,4077936.6142407,-223735.43716129987,-5.201127247447421,-0.03902880452610242,-0.0072986681295574085,-0.014383863067567813,-0.046327472655659827,-0.053412667593670235,-3.8276993228060157,-0.727209753394285,-1.4280909523537122,0.0,1.4487808607454502,0.0,ALIGNED_OI_TIMESTAMP_MARK_OPEN,1,0.0,ALIGNED_OI_TIMESTAMP_MARK_OPEN,1,5.1576,0.20170000000000066,4.069896487015489,83.76,16.24,1784304000000,2026-07-17 16:00:00 UTC,0.0,1.0812,0.008399999999999963,0.7829977628635312,51.949999999999996,48.05,1784304000000,2026-07-17 16:00:00 UTC,0.0,5.1576,0.28220000000000045,5.788243015957675,83.76,16.24,1784304000000,2026-07-17 16:00:00 UTC,0.0,-4.0764000000000005,0.0,4.0764000000000005,1784289600004,2026-07-17 12:00:00 UTC,5e-05,0.03609,14399.996
FINAL_REAL_MARK_PREMIUM_OI_SYNC_AUDIT_2026_07_12,1784318400000,2026-07-17 20:00:00 UTC,LYNUSDT,1784318400000,2026-07-17 20:00:00 UTC,1784332799999,2026-07-17 23:59:59 UTC,True,0.03531,0.0355,0.03512,0.03541,7.999999999999674e-05,0.22643645626945016,48.37734146714361,0.0353159,0.03548,0.03513372,0.0354087,9.280000000000399e-05,0.26277115973259635,1784332799999,2026-07-17 23:59:59 UTC,1784318400000,2026-07-17 20:00:00 UTC,0.0,0.0,1.299999999995749e-06,0.0036714140874862648,0.0,0.00336766,-0.00062578,0.00106652,0.00106652,,1784332799999,2026-07-17 23:59:59 UTC,4330,-1619.0,-27.214657925701797,4600013.0,-2505988.0,-35.265798583478954,162388.48084,-89933.63707999999,-35.64239148805572,binance_kline_quote_asset_volume,1062.3586605080832,37.50311335796767,0.0003799999999999984,1.076182384593595,9.999999999999593e-05,0.2832058906825146,9.999999999999593e-05,0.2832058906825146,8.99999999999998e-05,23.684210526315837,0.00019000000000000267,50.00000000000091,0.7631578947368416,1829637.0,2770376.0,39.774604984812,60.225395015188,64624.43533,-46860.70915,-42.03314205544814,97764.04551,-43072.927929999976,-30.583537034293133,39.796194284047715,60.203805715952285,0.6604291258659475,0.6610245616665869,-33139.610179999996,-20.407611431904567,115254863.0,4070329.2162217,-215410.0,-0.18655017815710886,-66687.76319944998,-1.6119770242949527,1784318400000,2026-07-17 20:00:00 UTC,EXACT_CANDLE_OPEN,0.0,14399.999,115254863.0,-215410.0,-0.18655017815710886,115254863.0,-215410.0,-0.18655017815710886,4070329.2162217,-66687.76319944998,-1.6119770242949527,0.0353159,4070329.2162217,-66687.76319944998,-1.6119770242949527,4070329.2162216995,-66687.76319945045,-1.6119770242949638,4070329.2162216995,-66687.76319945045,-1.6119770242949638,4070329.2162216995,-66687.76319945045,-1.6119770242949638,sumOpenInterest * mark_open,4081024.8675081003,3088.2532674004324,0.07573078150886012,-0.0018672439970942145,-0.014383863067567813,0.0026242651993130107,-0.016251107064662026,0.0007570212022187963,-0.18655017815710886,-1.4280909523537122,0.26277115973259635,0.0,-0.26208248255373395,0.0,ALIGNED_OI_TIMESTAMP_MARK_OPEN,0,0.0,ALIGNED_OI_TIMESTAMP_MARK_OPEN,0,5.4893,0.33169999999999966,6.431285869396612,84.59,15.409999999999998,1784318400000,2026-07-17 20:00:00 UTC,0.0,1.0758,-0.005399999999999849,-0.4994450610432713,51.83,48.17,1784318400000,2026-07-17 20:00:00 UTC,0.0,5.3776,0.21999999999999975,4.265549868155726,84.32,15.68,1784318400000,2026-07-17 20:00:00 UTC,0.0,-4.4135,-0.11169999999999991,4.3018,1784318400000,2026-07-17 20:00:00 UTC,5e-05,0.0353159,0.0
FINAL_REAL_MARK_PREMIUM_OI_SYNC_AUDIT_2026_07_12,1784332800000,2026-07-18 00:00:00 UTC,LYNUSDT,1784332800000,2026-07-18 00:00:00 UTC,1784347199999,2026-07-18 03:59:59 UTC,True,0.03541,0.03567,0.03529,0.03559,0.0001799999999999996,0.5083309799491658,50.41482867620373,0.03540928,0.03565888,0.03529,0.03559,0.00018129999999999535,0.512021056971861,1784347199999,2026-07-18 03:59:59 UTC,1784332800000,2026-07-18 00:00:00 UTC,0.0,0.0,0.0,0.0,0.00106652,0.00425267,0.0,0.00116023,9.370999999999989e-05,8.786520646588896,1784347199999,2026-07-18 03:59:59 UTC,3375,-955.0,-22.0554272517321,2529323.0,-2070690.0,-45.01487278405518,89683.06408,-72705.41676000001,-44.77252104577297,binance_kline_quote_asset_volume,749.429037037037,26.572759727407405,0.0003799999999999984,1.0731431798926814,0.0001799999999999996,0.5083309799491658,0.0001799999999999996,0.5083309799491658,8.000000000000368e-05,21.052631578948425,0.00011999999999999511,31.5789473684199,0.7894736842105158,1310094.0,1219229.0,51.79623163984988,48.20376836015013,46467.77122,-18156.664109999998,-28.09566384183368,43215.292859999994,-54548.75265,-55.7963332689832,51.813318040237064,48.186681959762936,1.0745266065685775,1.0752622079997634,3252.4783600000083,3.626636080474124,115223401.0,4079910.8389887,-31462.0,-0.02729776356595036,9581.622766999993,0.23540166551673122,1784332800000,2026-07-18 00:00:00 UTC,EXACT_CANDLE_OPEN,0.0,14399.999,115223401.0,-31462.0,-0.02729776356595036,115223401.0,-31462.0,-0.02729776356595036,4079910.8389887,9581.622766999993,0.23540166551673122,0.0354087,4079910.8389887,9581.622766999993,0.23540166551673122,4079977.6685612802,9648.452339580748,0.23704353694851654,4079977.6685612802,9648.452339580748,0.23704353694851654,4079977.6685612802,9648.452339580748,0.23704353694851654,sumOpenInterest * mark_open,4100800.8415899994,19775.97408189904,0.48458352310836017,-0.00027301490083612306,0.0026406452203193505,0.005107146865216174,0.0023676303194832275,0.004834131964380051,-0.02729776356595036,0.2644134794809251,0.512021056971861,-0.0016379886854520197,-0.5094127563922319,0.0,ALIGNED_OI_TIMESTAMP_MARK_OPEN,1,-0.0016379886854520197,ALIGNED_OI_TIMESTAMP_MARK_OPEN,1,5.4767,-0.012599999999999945,-0.22953746379319664,84.56,15.440000000000001,1784332800000,2026-07-18 00:00:00 UTC,0.0,1.0638,-0.01200000000000001,-1.1154489682097053,51.55,48.449999999999996,1784332800000,2026-07-18 00:00:00 UTC,0.0,5.3573,-0.020299999999999763,-0.37749181791133146,84.27,15.73,1784332800000,2026-07-18 00:00:00 UTC,0.0,-4.4129000000000005,-0.11939999999999973,4.2935,1784332800000,2026-07-18 00:00:00 UTC,0.00023201,0.03540928,0.0
FINAL_REAL_MARK_PREMIUM_OI_SYNC_AUDIT_2026_07_12,1784347200000,2026-07-18 04:00:00 UTC,LYNUSDT,1784347200000,2026-07-18 04:00:00 UTC,1784361599999,2026-07-18 07:59:59 UTC,True,0.03559,0.03649,0.03558,0.03606,0.00047000000000000514,1.3205956729418522,55.36828292309191,0.03559,0.03648142,0.03558,0.03606,0.00047000000000000514,1.3205956729418522,1784361599999,2026-07-18 07:59:59 UTC,1784347200000,2026-07-18 04:00:00 UTC,0.0,0.0,0.0,0.0,0.00116023,0.00330918,-0.01160578,0.00162992,0.00046969000000000004,40.482490540668664,1784361599999,2026-07-18 07:59:59 UTC,8104,4729.0,140.1185185185185,15838232.0,13308909.0,526.184635177081,570956.55086,481273.48678,536.6380951822626,binance_kline_quote_asset_volume,1954.3721618953603,70.45367113277393,0.0009100000000000011,2.556898005057604,0.00047000000000000514,1.3205956729418522,0.00047000000000000514,1.3205956729418522,0.0004299999999999998,47.25274725274718,9.999999999996123e-06,1.0989010989006716,0.5274725274725283,10468476.0,5369756.0,66.09624104508634,33.903758954913656,377589.45194,331121.68072,712.5835219260167,193367.09891999996,150151.80605999997,347.450627134313,66.13278214800374,33.86721785199625,1.9495254532980641,1.9527078497268902,184222.35302000004,32.2655642960075,115256557.0,4101980.86363,33156.0,0.028775404746124444,22070.024641300086,0.5409437978495297,1784347200000,2026-07-18 04:00:00 UTC,EXACT_CANDLE_OPEN,0.0,14399.999,115256557.0,33156.0,0.028775404746124444,115256557.0,33156.0,0.028775404746124444,4101980.86363,22070.024641300086,0.5409437978495297,0.035590000000000004,4101980.86363,22070.024641300086,0.5409437978495297,4101980.8636299996,22003.19506871933,0.5392969485658559,4101980.8636299996,22003.19506871933,0.5392969485658559,4101980.8636299996,22003.19506871933,0.5392969485658559,sumOpenInterest * mark_open,4156151.4454200002,55350.60383000085,1.349751084437932,0.00028771265420589836,0.0050907668442097855,0.013119518253070016,0.005378479498415684,0.013407230907275915,0.028775404746124444,0.5103746814394287,1.3205956729418522,1.9496751626600813e-14,-1.3033832501386526,1.9496751626600813e-14,ALIGNED_OI_TIMESTAMP_MARK_OPEN,1,1.9496751626600813e-14,ALIGNED_OI_TIMESTAMP_MARK_OPEN,1,5.4893,0.012599999999999945,0.23006555042269877,84.59,15.409999999999998,1784347200000,2026-07-18 04:00:00 UTC,0.0,1.0866,0.02279999999999993,2.1432600112803093,52.080000000000005,47.92,1784347200000,2026-07-18 04:00:00 UTC,0.0,5.3012,-0.056100000000000705,-1.0471692830343775,84.13000000000001,15.870000000000001,1784347200000,2026-07-18 04:00:00 UTC,0.0,-4.4027,-0.18810000000000038,4.2146,1784347200000,2026-07-18 04:00:00 UTC,0.00034655,0.03559,0.0
FINAL_REAL_MARK_PREMIUM_OI_SYNC_AUDIT_2026_07_12,1784361600000,2026-07-18 08:00:00 UTC,LYNUSDT,1784361600000,2026-07-18 08:00:00 UTC,1784375999999,2026-07-18 11:59:59 UTC,True,0.03604,0.03655,0.03582,0.03647,0.00041000000000000064,1.1369938990571287,59.19753068200301,0.03606,0.03650574,0.035874,0.0364715,0.0004114999999999952,1.1411536328341518,1784375999999,2026-07-18 11:59:59 UTC,1784361600000,2026-07-18 08:00:00 UTC,0.0,0.0,-1.4999999999945612e-06,-0.004112800405781395,0.00169719,0.00189966,-0.00213971,0.0,-0.00162992,-100.0,1784375999999,2026-07-18 11:59:59 UTC,5454,-2650.0,-32.699901283316876,6606921.0,-9231311.0,-58.28498408155658,239514.89237,-331441.65848999994,-58.05024182501592,binance_kline_quote_asset_volume,1211.3899889989,43.91545514668133,0.0007300000000000015,2.025527192008883,0.0004299999999999998,1.1931187569367363,0.0004299999999999998,1.1931187569367363,7.999999999999674e-05,10.958904109588573,0.00022000000000000491,30.136986301370477,0.8904109589041143,3716338.0,2890583.0,56.24916659363719,43.75083340636281,134832.83988,-242756.61205999998,-64.29115294740136,104682.05248999997,-88685.04642999999,-45.86356568688599,56.29413626260521,43.705863737394786,1.2856707453133156,1.288022508852511,30150.78739000004,12.588272525210431,113875306.0,4106343.53436,-1381251.0,-1.1984142472692465,4362.670729999896,0.10635521897923243,1784361600000,2026-07-18 08:00:00 UTC,EXACT_CANDLE_OPEN,0.0,14399.999,113875306.0,-1381251.0,-1.1984142472692465,113875306.0,-1381251.0,-1.1984142472692465,4106343.53436,4362.670729999896,0.10635521897923243,0.03606,4106343.53436,4362.670729999896,0.10635521897923243,4106343.5343600004,4362.6707300008275,0.10635521897925514,4106343.5343600004,4362.6707300008275,0.10635521897925514,4106343.5343600004,4362.6707300008275,0.10635521897925514,sumOpenInterest * mark_open,4153203.2227789997,-2948.222641000524,-0.07093636215420902,-0.012056531234217347,0.013119518253070016,0.01134691589525508,0.001062987018852669,-0.0007096153389622682,-1.1984142472692465,1.3205956729418522,1.1411536328341518,0.0,-1.1282782446567738,0.0,ALIGNED_OI_TIMESTAMP_MARK_OPEN,1,0.0,ALIGNED_OI_TIMESTAMP_MARK_OPEN,1,5.4144,-0.07490000000000041,-1.3644727014373492,84.41,15.590000000000002,1784361600000,2026-07-18 08:00:00 UTC,0.0,1.0865,-9.999999999998899e-05,-0.009203018590096538,52.07000000000001,47.93,1784361600000,2026-07-18 08:00:00 UTC,0.0,5.169,-0.1322000000000001,-2.4937749943409058,83.78999999999999,16.21,1784361600000,2026-07-18 08:00:00 UTC,0.0,-4.3279,-0.24540000000000006,4.0825,1784361600000,2026-07-18 08:00:00 UTC,5e-05,0.03606,0.0
FINAL_REAL_MARK_PREMIUM_OI_SYNC_AUDIT_2026_07_12,1784376000000,2026-07-18 12:00:00 UTC,LYNUSDT,1784376000000,2026-07-18 12:00:00 UTC,1784390399999,2026-07-18 15:59:59 UTC,True,0.03647,0.03656,0.03602,0.03651,3.999999999999837e-05,0.10967918837400156,59.56204939386421,0.0364715,0.03652,0.03605,0.03648878,1.728000000000146e-05,0.04737946067477746,1784390399999,2026-07-18 15:59:59 UTC,1784376000000,2026-07-18 12:00:00 UTC,0.0,0.0,2.1220000000002348e-05,0.058154862946917796,0.0,0.00403731,-0.00462501,0.00106282,0.00106282,,1784390399999,2026-07-18 15:59:59 UTC,4960,-494.0,-9.057572423909058,6995441.0,388520.0,5.880500160362141,254386.29679,14871.404420000006,6.208968583476147,binance_kline_quote_asset_volume,1410.3711693548387,51.287559836693546,0.0005399999999999988,1.480669043049078,3.999999999999837e-05,0.10967918837400156,3.999999999999837e-05,0.10967918837400156,5.000000000000143e-05,9.259259259259544,0.000449999999999999,83.33333333333334,0.9074074074074046,3525139.0,3470302.0,50.391948127358944,49.60805187264105,128256.40205,-6576.43783000001,-4.8774748316900975,126129.89473999999,21447.842250000016,20.488557245329975,50.417968132881676,49.58203186711832,1.015801794771752,1.016859661338682,2126.5073100000154,0.8359362657633566,114229315.0,4166114.4620225,354009.0,0.31087424695921345,59770.92766250018,1.455575432556104,1784376000000,2026-07-18 12:00:00 UTC,EXACT_CANDLE_OPEN,0.0,14399.999,114229315.0,354009.0,0.31087424695921345,114229315.0,354009.0,0.31087424695921345,4166114.4620225,59770.92766250018,1.455575432556104,0.036471500000000004,4166114.4620225,59770.92766250018,1.455575432556104,4166114.4620224996,59770.92766249925,1.4555754325560812,4166114.4620224996,59770.92766249925,1.4555754325560812,4166114.4620224996,59770.92766249925,1.4555754325560812,sumOpenInterest * mark_open,4168088.3445857,14885.121806700248,0.35840099817557897,0.0031039203210149863,0.01134691589525508,0.00047368240152307576,0.014450836216270066,0.003577602722538062,0.31087424695921345,1.1411536328341518,0.04737946067477746,1.902552377584478e-14,-0.04735702317258764,1.902552377584478e-14,ALIGNED_OI_TIMESTAMP_MARK_OPEN,0,1.902552377584478e-14,ALIGNED_OI_TIMESTAMP_MARK_OPEN,0,5.2657,-0.14869999999999983,-2.746380023640659,84.04,15.959999999999999,1784376000000,2026-07-18 12:00:00 UTC,0.0,1.0826,-0.0039000000000000146,-0.3589507593189153,51.980000000000004,48.02,1784376000000,2026-07-18 12:00:00 UTC,0.0,5.0459,-0.12309999999999999,-2.3815051267169665,83.46000000000001,16.54,1784376000000,2026-07-18 12:00:00 UTC,0.0,-4.1831,-0.21980000000000022,3.9632999999999994,1784361600000,2026-07-18 08:00:00 UTC,5e-05,0.03606,14400.0
