code_version,timestamp,time,symbol,open_time,open_time_str,close_time,close_time_str,is_closed_candle,open,high,low,close,close_change,close_change_pct,rsi,mark_open,mark_high,mark_low,mark_close,mark_close_change,mark_close_change_pct,mark_close_time,mark_close_time_str,mark_last_close_spread,mark_last_close_spread_pct,premium_index_open,premium_index_high,premium_index_low,premium_index_close,premium_index_close_change,premium_index_close_change_pct,premium_index_close_time,premium_index_close_time_str,number_of_trades,trades_change,trades_change_pct,volume,volume_change,volume_change_pct,quote_volume,quote_volume_change,quote_volume_change_pct,quote_volume_source,avg_base_per_trade,avg_quote_per_trade,price_range,price_range_pct,candle_body,candle_body_pct,candle_body_abs,candle_body_abs_pct,upper_wick,upper_wick_pct_of_range,lower_wick,lower_wick_pct_of_range,close_location_in_range,taker_buy_base_volume,taker_sell_base_volume,taker_buy_base_pct,taker_sell_base_pct,taker_buy_quote_volume,taker_buy_quote_change,taker_buy_quote_change_pct,taker_sell_quote_volume,taker_sell_quote_change,taker_sell_quote_change_pct,taker_buy_quote_pct,taker_sell_quote_pct,taker_buy_sell_base_ratio,taker_buy_sell_quote_ratio,taker_quote_imbalance,taker_quote_imbalance_pct,oi,oi_value,oi_change,oi_change_pct,oi_value_change,oi_value_change_pct,acco_ls_ratio,acco_ls_change,acco_ls_change_pct,acco_long_pct,acco_short_pct,posit_ls_ratio,posit_ls_change,posit_ls_change_pct,posit_long_pct,posit_short_pct,global_ls_ratio,global_ls_change,global_ls_change_pct,global_long_pct,global_short_pct,acco_posit_ls_spread,global_acco_ls_spread,global_posit_ls_spread,funding_time,funding_time_str,funding_rate,mark_price_at_funding
FINAL_REAL_MARK_PREMIUM_CLOSED_GUARD_2026_06_13,1781937000000,2026-06-20 06:30:00 UTC,MUSDT,1781937000000,2026-06-20 06:30:00 UTC,1781937899999,2026-06-20 06:44:59 UTC,True,2.8747,2.8747,2.8499,2.8594,,,41.84413976601443,2.87458187,2.87458187,2.85754475,2.8594,,,1781937899999,2026-06-20 06:44:59 UTC,0.0,0.0,0.00065485,0.00139225,0.00013791,0.00060937,,,1781937899999,2026-06-20 06:44:59 UTC,769,,,19223.0,,,54936.6171,,,binance_kline_quote_asset_volume,24.99739921976593,71.43903394018206,0.024799999999999933,0.8626987163877947,-0.01529999999999987,-0.5322294500295638,0.01529999999999987,0.5322294500295638,0.0,0.0,0.009500000000000064,38.30645161290359,0.38306451612903586,2403.0,16820.0,12.500650262706134,87.49934973729387,6876.3402,,,48060.276900000004,,,12.516861363128964,87.48313863687103,0.14286563614744352,0.14307741535296895,-41183.936700000006,-74.96627727374208,7367382.0,21178142.72656434,,,,,1.0222,,,50.55,49.45,1.6451,,,62.19,37.81,0.9759,,,49.39,50.61,0.6229,-0.04630000000000001,-0.6692,1781928000000,2026-06-20 04:00:00 UTC,0.00036649,2.882283
FINAL_REAL_MARK_PREMIUM_CLOSED_GUARD_2026_06_13,1781937900000,2026-06-20 06:45:00 UTC,MUSDT,1781937900000,2026-06-20 06:45:00 UTC,1781938799999,2026-06-20 06:59:59 UTC,True,2.8598,2.8598,2.851,2.8563,-0.0030999999999998806,-0.10841435266139333,40.21876929639765,2.8594,2.8598,2.851,2.85509247,-0.004307529999999726,-0.15064454081274836,1781938799999,2026-06-20 06:59:59 UTC,0.0012075299999998457,0.04229390160522001,0.00071147,0.00183498,0.0,0.00089384,0.00028447,46.68263944729802,1781938799999,2026-06-20 06:59:59 UTC,496,-273.0,-35.50065019505852,4493.0,-14730.0,-76.62695729074545,12827.2953,-42109.321800000005,-76.65073683614203,binance_kline_quote_asset_volume,9.058467741935484,25.86148245967742,0.008799999999999919,0.3077138261416854,-0.0034999999999998366,-0.12238618085180211,0.0034999999999998366,0.12238618085180211,0.0,0.0,0.005300000000000082,60.22727272727422,0.6022727272727422,2694.0,1799.0,59.95993768083686,40.04006231916314,7690.2163,813.8761000000004,11.835890551197576,5137.079,-42923.19790000001,-89.31117477602382,59.95197054518579,40.04802945481421,1.4974986103390773,1.497001759170922,2553.1373000000003,19.903941090371564,7369382.0,21072010.8908,2000.0,0.027146685213282003,-106131.83576434106,-0.5011385423860465,1.0276,0.005400000000000071,0.5282723537468276,50.68,49.32,1.6429,-0.0021999999999999797,-0.13373047231171234,62.160000000000004,37.84,0.9829,0.007000000000000006,0.7172866072343485,49.57,50.43,0.6153,-0.04470000000000007,-0.66,1781928000000,2026-06-20 04:00:00 UTC,0.00036649,2.882283
FINAL_REAL_MARK_PREMIUM_CLOSED_GUARD_2026_06_13,1781938800000,2026-06-20 07:00:00 UTC,MUSDT,1781938800000,2026-06-20 07:00:00 UTC,1781939699999,2026-06-20 07:14:59 UTC,True,2.856,2.8593,2.835,2.8366,-0.019700000000000273,-0.6897034625214533,31.77260138698651,2.85509247,2.8593,2.83186362,2.83588313,-0.019209340000000186,-0.6728097321485417,1781939699999,2026-06-20 07:14:59 UTC,0.0007168699999997585,0.025278545241028974,0.00092579,0.00382259,8.059e-05,0.00100989,0.00011605000000000003,12.983307974581585,1781939699999,2026-06-20 07:14:59 UTC,1966,1470.0,296.3709677419355,27061.0,22568.0,502.29245492989094,77007.0348,64179.739499999996,500.3372729713332,binance_kline_quote_asset_volume,13.764496439471007,39.1693971515768,0.02430000000000021,0.8508403361344612,-0.019400000000000084,-0.6792717086834763,0.019400000000000084,0.6792717086834763,0.0033000000000003027,13.580246913581377,0.0015999999999998238,6.584362139916913,0.06584362139916913,12171.0,14890.0,44.97616496064447,55.02383503935553,34629.9544,26939.738100000002,350.311838432945,42377.08039999999,37240.001399999994,724.9256123956824,44.96985826027417,55.03014173972582,0.8173942243116186,0.8171859428050643,-7747.125999999989,-10.060283479451659,7369132.0,21039553.28363604,-250.0,-0.003392414723514129,-32457.60716395825,-0.15403184504868106,1.0276,0.0,0.0,50.68,49.32,1.6428,-9.999999999998899e-05,-0.006086797735710572,62.160000000000004,37.84,0.981,-0.0019000000000000128,-0.1933055244684111,49.519999999999996,50.480000000000004,0.6152,-0.046600000000000086,-0.6618,1781928000000,2026-06-20 04:00:00 UTC,0.00036649,2.882283
FINAL_REAL_MARK_PREMIUM_CLOSED_GUARD_2026_06_13,1781939700000,2026-06-20 07:15:00 UTC,MUSDT,1781939700000,2026-06-20 07:15:00 UTC,1781940599999,2026-06-20 07:29:59 UTC,True,2.8366,2.8419,2.8328,2.8341,-0.0024999999999999467,-0.08813368116759314,30.886153467805073,2.83588313,2.84126267,2.83146798,2.8341,-0.0017831300000001882,-0.0628774148390307,1781940599999,2026-06-20 07:29:59 UTC,0.0,0.0,0.00127178,0.00305009,0.0,0.00142192,0.00041202999999999986,40.79949301409063,1781940599999,2026-06-20 07:29:59 UTC,660,-1306.0,-66.4292980671414,8750.0,-18311.0,-67.66564428513358,24822.9256,-52184.10919999999,-67.76537927415431,binance_kline_quote_asset_volume,13.257575757575758,37.61049333333333,0.009099999999999664,0.32080659945003404,-0.0024999999999999467,-0.08813368116759314,0.0024999999999999467,0.08813368116759314,0.005300000000000082,58.241758241761296,0.0012999999999996348,14.2857142857108,0.142857142857108,4199.0,4551.0,47.98857142857143,52.011428571428574,11915.2649,-22714.6895,-65.59260586262856,12907.660699999999,-29469.41969999999,-69.54093916295375,48.00104988430534,51.99895011569466,0.9226543616787519,0.923115750943159,-992.3957999999984,-3.997900231389319,7369896.0,20900163.73625448,764.0,0.010367571106067851,-139389.54738156125,-0.6625119150698624,1.035,0.007399999999999851,0.7201245620864004,50.86000000000001,49.14,1.6438,0.0009999999999998899,0.060871682493297406,62.18,37.82,0.9782,-0.0028000000000000247,-0.2854230377166182,49.45,50.55,0.6088,-0.05679999999999996,-0.6656,1781928000000,2026-06-20 04:00:00 UTC,0.00036649,2.882283
FINAL_REAL_MARK_PREMIUM_CLOSED_GUARD_2026_06_13,1781940600000,2026-06-20 07:30:00 UTC,MUSDT,1781940600000,2026-06-20 07:30:00 UTC,1781941499999,2026-06-20 07:44:59 UTC,True,2.8346,2.8355,2.8291,2.8295,-0.0045999999999999375,-0.1623090222645615,29.2680836934327,2.8341,2.83507693,2.8292,2.8295,-0.0045999999999999375,-0.1623090222645615,1781941499999,2026-06-20 07:44:59 UTC,0.0,0.0,0.00125325,0.00195988,0.00012828,0.00105452,-0.00036739999999999993,-25.838303139417125,1781941499999,2026-06-20 07:44:59 UTC,559,-101.0,-15.303030303030301,5091.0,-3659.0,-41.817142857142855,14418.8585,-10404.067099999998,-41.91313815161255,binance_kline_quote_asset_volume,9.107334525939176,25.79402236135957,0.006400000000000183,0.22578141536725405,-0.0051000000000001044,-0.1799195653707791,0.0051000000000001044,0.1799195653707791,0.0009000000000001229,14.062500000001519,0.00039999999999995595,6.249999999999132,0.062499999999991326,1465.0,3626.0,28.776271852288353,71.22372814771165,4150.0063,-7765.2586,-65.17067530743694,10268.852200000001,-2638.8084999999974,-20.4437392749253,28.78179503599401,71.218204964006,0.4040264754550469,0.4041353618859174,-6118.845900000001,-42.43640992801199,7370766.0,20889487.9206,870.0,0.011804779877490809,-10675.815654478967,-0.05108005750194271,1.0333,-0.0016999999999998128,-0.16425120772945054,50.82,49.18,1.6437,-9.999999999998899e-05,-0.0060834651417440684,62.17,37.830000000000005,0.9818,0.0036000000000000476,0.36802289920262193,49.54,50.46000000000001,0.6103999999999998,-0.0515000000000001,-0.6618999999999999,1781928000000,2026-06-20 04:00:00 UTC,0.00036649,2.882283
FINAL_REAL_MARK_PREMIUM_CLOSED_GUARD_2026_06_13,1781941500000,2026-06-20 07:45:00 UTC,MUSDT,1781941500000,2026-06-20 07:45:00 UTC,1781942399999,2026-06-20 07:59:59 UTC,True,2.831,2.8374,2.8286,2.8331,0.0036000000000000476,0.12723095953348817,32.25906671975356,2.8295,2.83719437,2.8286,2.83241885,0.0029188499999999173,0.1031578017317518,1781942399999,2026-06-20 07:59:59 UTC,0.0006811500000001303,0.024048350052469476,0.00111598,0.00219798,0.00054543,0.00067248,-0.00038203999999999994,-36.228805522891925,1781942399999,2026-06-20 07:59:59 UTC,429,-130.0,-23.25581395348837,5444.0,353.0,6.933804753486545,15421.7043,1002.8457999999991,6.955098421972856,binance_kline_quote_asset_volume,12.68997668997669,35.94802867132867,0.008800000000000363,0.31084422465561157,0.0020999999999999908,0.07417873542917665,0.0020999999999999908,0.07417873542917665,0.0043000000000001926,48.86363636363654,0.0024000000000001798,27.272727272728194,0.5113636363636347,3856.0,1588.0,70.83027185892726,29.169728141072742,10922.7544,6772.7481,163.19850165046736,4498.9499,-5769.902300000002,-56.18838588406211,70.82715494681091,29.172845053189096,2.4282115869017633,2.4278453067459145,6423.8045,41.65430989362181,7371661.0,20858114.7995,895.0,0.012142564287076812,-31373.121100001037,-0.15018616645486405,1.035,0.0016999999999998128,0.16452143617534234,50.86000000000001,49.14,1.6437,0.0,0.0,62.17,37.830000000000005,0.9826,0.0008000000000000229,0.08148299042575095,49.559999999999995,50.44,0.6087,-0.05239999999999989,-0.6610999999999999,1781928000000,2026-06-20 04:00:00 UTC,0.00036649,2.882283
FINAL_REAL_MARK_PREMIUM_CLOSED_GUARD_2026_06_13,1781942400000,2026-06-20 08:00:00 UTC,MUSDT,1781942400000,2026-06-20 08:00:00 UTC,1781943299999,2026-06-20 08:14:59 UTC,True,2.8319,2.9227,2.8225,2.8992,0.06610000000000005,2.33313331686139,63.107002518397636,2.83241885,2.9224,2.823646,2.8983966,0.06597775000000006,2.329378297987251,1781943299999,2026-06-20 08:14:59 UTC,0.0008034000000001207,0.027718773890368236,0.00065447,0.00665304,2.723e-05,0.00299075,0.00231827,344.73441589340945,1781943299999,2026-06-20 08:14:59 UTC,3301,2872.0,669.4638694638694,60163.0,54719.0,1005.1249081557678,173170.4193,157748.715,1022.9006595593978,binance_kline_quote_asset_volume,18.225689185095426,52.45998767040291,0.10020000000000007,3.5382605317984415,0.06729999999999992,2.376496345209927,0.06729999999999992,2.376496345209927,0.023499999999999854,23.45309381237509,0.009400000000000297,9.38123752495039,0.7654690618762491,32385.0,27778.0,53.82876518790619,46.171234812093815,93146.9208,82224.1664,752.7786800735902,80023.4985,75524.54860000001,1678.7150397029318,53.78916397876967,46.21083602123033,1.1658506731946146,1.163994608408679,13123.422300000006,7.578327957539342,7372632.0,20882381.8509132,971.0,0.013172065291662219,24267.051413200796,0.11634345503641831,1.0296,-0.005399999999999849,-0.521739130434768,50.73,49.27,1.6434,-0.00029999999999996696,-0.0182515057492223,62.17,37.830000000000005,0.9763,-0.006300000000000083,-0.6411561164258175,49.4,50.6,0.6137999999999999,-0.053300000000000125,-0.6671,1781942400000,2026-06-20 08:00:00 UTC,0.00028524,2.83241885
FINAL_REAL_MARK_PREMIUM_CLOSED_GUARD_2026_06_13,1781943300000,2026-06-20 08:15:00 UTC,MUSDT,1781943300000,2026-06-20 08:15:00 UTC,1781944199999,2026-06-20 08:29:59 UTC,True,2.8992,2.9052,2.8591,2.8603,-0.038899999999999935,-1.341749448123618,48.97301761710561,2.8983966,2.9031,2.85950088,2.86001264,-0.038383959999999995,-1.3243170379098568,1781944199999,2026-06-20 08:29:59 UTC,0.0002873600000001808,0.010047508041788961,0.00318242,0.00430791,0.0,0.00058941,-0.00240134,-80.29223438936722,1781944199999,2026-06-20 08:29:59 UTC,927,-2374.0,-71.91760072705242,15381.0,-44782.0,-74.4344530691621,44343.1118,-128827.30750000001,-74.39336811723017,binance_kline_quote_asset_volume,16.59223300970874,47.83507206040992,0.046099999999999586,1.590093818984533,-0.038899999999999935,-1.341749448123618,0.038899999999999935,1.341749448123618,0.005999999999999783,13.015184381778388,0.0011999999999998678,2.603036876355485,0.02603036876355485,4780.0,10601.0,31.077303166244068,68.92269683375594,13790.009,-79356.9118,-85.19542151091697,30553.1028,-49470.3957,-61.81983620723606,31.09842417509364,68.90157582490637,0.450900858409584,0.4513456158698225,-16763.093800000002,-37.803151649812726,7366690.0,21351589.249254,-5942.0,-0.08059536946913938,469207.3983407989,2.246905557472507,0.9666,-0.06300000000000006,-6.118881118881124,49.15,50.849999999999994,1.6423,-0.0010999999999998789,-0.0669344042837945,62.150000000000006,37.85,0.932,-0.044299999999999895,-4.537539690668841,48.24,51.76,0.6757000000000001,-0.034599999999999964,-0.7103,1781942400000,2026-06-20 08:00:00 UTC,0.00028524,2.83241885
FINAL_REAL_MARK_PREMIUM_CLOSED_GUARD_2026_06_13,1781944200000,2026-06-20 08:30:00 UTC,MUSDT,1781944200000,2026-06-20 08:30:00 UTC,1781945099999,2026-06-20 08:44:59 UTC,True,2.8604,2.8739,2.8529,2.8716,0.011299999999999866,0.3950634548823503,52.314124411696326,2.86004464,2.8728,2.85313292,2.8716,0.011587360000000047,0.4051506569565387,1781945099999,2026-06-20 08:44:59 UTC,0.0,0.0,0.00059371,0.0017492,0.0,7.616e-05,-0.0005132499999999999,-87.07860402775657,1781945099999,2026-06-20 08:44:59 UTC,1414,487.0,52.53505933117584,16336.0,955.0,6.208959105389766,46769.6025,2426.490700000002,5.472080333342781,binance_kline_quote_asset_volume,11.553041018387553,33.076097949080626,0.020999999999999908,0.734163054118302,0.011200000000000099,0.3915536288630996,0.011200000000000099,0.3915536288630996,0.0022999999999999687,10.952380952380851,0.00749999999999984,35.71428571428511,0.8904761904761915,8876.0,7460.0,54.33398628795298,45.66601371204701,25422.7325,11632.723499999998,84.35617047095472,21346.870000000003,-9206.232799999998,-30.131907912148282,54.35738415779778,45.64261584220221,1.1898123324396783,1.1909349005264,4075.8624999999956,8.714768315595574,7365753.0,21066146.68311792,-937.0,-0.012719416725829377,-285442.5661360808,-1.3368680092328669,0.9912,0.024599999999999955,2.545003103662317,49.78,50.22,1.6427,0.00039999999999995595,0.024356085976980815,62.160000000000004,37.84,0.944,0.0119999999999999,1.2875536480686587,48.559999999999995,51.44,0.6515000000000001,-0.04720000000000002,-0.6987000000000001,1781942400000,2026-06-20 08:00:00 UTC,0.00028524,2.83241885
FINAL_REAL_MARK_PREMIUM_CLOSED_GUARD_2026_06_13,1781945100000,2026-06-20 08:45:00 UTC,MUSDT,1781945100000,2026-06-20 08:45:00 UTC,1781945999999,2026-06-20 08:59:59 UTC,True,2.8723,2.8753,2.8659,2.871,-0.0005999999999999339,-0.020894274968656288,52.11898548348081,2.8716,2.8746,2.86505064,2.86972397,-0.0018760300000000285,-0.06533047778242194,1781945999999,2026-06-20 08:59:59 UTC,0.0012760300000000946,0.04446525217545905,1.533e-05,0.0020129,0.0,0.00076334,0.00068718,902.2846638655462,1781945999999,2026-06-20 08:59:59 UTC,647,-767.0,-54.243281471004245,5965.0,-10371.0,-63.48555337904016,17127.4882,-29642.1143,-63.379016958718005,binance_kline_quote_asset_volume,9.219474497681608,26.472161051004637,0.009400000000000297,0.3272638651951501,-0.0013000000000000789,-0.04525989625039442,0.0013000000000000789,0.04525989625039442,0.0030000000000001137,31.914893617021477,0.0051000000000001044,54.25531914893556,0.5425531914893557,1807.0,4158.0,30.293378038558256,69.70662196144174,5188.3463,-20234.386199999997,-79.59170478625772,11939.141899999999,-9407.728100000004,-44.07076119356141,30.292511309393284,69.70748869060671,0.4345839345839346,0.4345660972502555,-6750.795599999999,-39.414977381213426,7363442.0,21144860.0472,-2311.0,-0.031374932067366364,78713.3640820831,0.3736486091457949,0.9964,0.005199999999999982,0.5246166263115398,49.91,50.09,1.6424,-0.00029999999999996696,-0.018262616424177692,62.160000000000004,37.84,0.9448,0.0008000000000000229,0.08474576271186685,48.58,51.42,0.6460000000000001,-0.05159999999999998,-0.6976000000000001,1781942400000,2026-06-20 08:00:00 UTC,0.00028524,2.83241885
FINAL_REAL_MARK_PREMIUM_CLOSED_GUARD_2026_06_13,1781946000000,2026-06-20 09:00:00 UTC,MUSDT,1781946000000,2026-06-20 09:00:00 UTC,1781946899999,2026-06-20 09:14:59 UTC,True,2.871,2.8781,2.8441,2.8454,-0.025599999999999845,-0.8916753744339897,44.49308891919942,2.86972397,2.87666027,2.8445006,2.8445006,-0.025223369999999967,-0.8789476013611152,1781946899999,2026-06-20 09:14:59 UTC,0.0008994000000002167,0.03161890702361662,0.00095832,0.00252714,0.0,0.0,-0.00076334,-100.0,1781946899999,2026-06-20 09:14:59 UTC,962,315.0,48.68624420401855,13225.0,7260.0,121.70997485331098,37837.2323,20709.744100000004,120.91524371915787,binance_kline_quote_asset_volume,13.747401247401248,39.33184230769231,0.03399999999999981,1.1842563566701432,-0.025599999999999845,-0.8916753744339897,0.025599999999999845,0.8916753744339897,0.007099999999999884,20.882352941176247,0.0013000000000000789,3.8235294117649596,0.038235294117649594,2894.0,10331.0,21.882797731569,78.117202268431,8286.7881,3098.4417999999996,59.71925582530988,29550.444200000005,17611.302300000007,147.5089453455613,21.90114761644445,78.09885238355557,0.2801277707869519,0.28042854597766076,-21263.656100000007,-56.19770476711111,7362599.0,21128626.83179803,-843.0,-0.011448450330701321,-16233.215401973575,-0.07677144878583946,0.9944,-0.0020000000000000018,-0.20072260136491388,49.86,50.13999999999999,1.6426,0.00019999999999997797,0.012177301509984046,62.160000000000004,37.84,0.9421,-0.0026999999999999247,-0.2857747671464781,48.51,51.49,0.6482000000000001,-0.0522999999999999,-0.7005,1781942400000,2026-06-20 08:00:00 UTC,0.00028524,2.83241885
FINAL_REAL_MARK_PREMIUM_CLOSED_GUARD_2026_06_13,1781946900000,2026-06-20 09:15:00 UTC,MUSDT,1781946900000,2026-06-20 09:15:00 UTC,1781947799999,2026-06-20 09:29:59 UTC,True,2.8455,2.8635,2.8439,2.863,0.017599999999999838,0.6185422084768342,49.918466419810024,2.8445006,2.8634,2.84327365,2.8626,0.0180994000000001,0.6362944694052833,1781947799999,2026-06-20 09:29:59 UTC,0.00039999999999995595,0.013973310976034232,0.0,0.00226753,0.0,0.00175253,0.00175253,,1781947799999,2026-06-20 09:29:59 UTC,641,-321.0,-33.36798336798337,6257.0,-6968.0,-52.68809073724008,17852.7504,-19984.481900000002,-52.816975992189576,binance_kline_quote_asset_volume,9.761310452418098,27.85140468018721,0.019600000000000062,0.6888068880688829,0.01750000000000007,0.6150061500615032,0.01750000000000007,0.6150061500615032,0.000500000000000167,2.551020408164109,0.0015999999999998238,8.163265306121524,0.9744897959183589,4064.0,2193.0,64.95125459485376,35.048745405146235,11600.2526,3313.4645,39.98490681811931,6252.497800000001,-23297.946400000004,-78.84127305267377,64.97739754430218,35.02260245569781,1.8531691746466028,1.8552989494854357,5347.754799999999,29.95479508860438,7365577.0,20951388.1958462,2978.0,0.04044767343705667,-177238.6359518282,-0.8388554417795325,1.0044,0.010000000000000009,1.0056315366049888,50.11,49.89,1.6417,-0.0009000000000001229,-0.054791184707179044,62.150000000000006,37.85,0.9417,-0.00040000000000006697,-0.04245833775608396,48.5,51.5,0.6373,-0.06269999999999998,-0.7,1781942400000,2026-06-20 08:00:00 UTC,0.00028524,2.83241885
FINAL_REAL_MARK_PREMIUM_CLOSED_GUARD_2026_06_13,1781947800000,2026-06-20 09:30:00 UTC,MUSDT,1781947800000,2026-06-20 09:30:00 UTC,1781948699999,2026-06-20 09:44:59 UTC,True,2.8635,2.8686,2.8626,2.868,0.004999999999999893,0.17464198393293376,51.372605422120856,2.86155558,2.8683,2.86155558,2.868,0.005399999999999849,0.18863969817647766,1781948699999,2026-06-20 09:44:59 UTC,0.0,0.0,0.00225462,0.00246164,9.606e-05,0.00140065,-0.00035187999999999994,-20.078400940354797,1781948699999,2026-06-20 09:44:59 UTC,715,74.0,11.54446177847114,4463.0,-1794.0,-28.671887486015663,12790.9147,-5061.835700000001,-28.353254185416727,binance_kline_quote_asset_volume,6.241958041958042,17.88939118881119,0.005999999999999783,0.2095337873231983,0.0044999999999997264,0.15715034049239485,0.0044999999999997264,0.15715034049239485,0.0005999999999999339,9.99999999999926,0.0009000000000001229,15.000000000002592,0.9000000000000073,2824.0,1639.0,63.2758234371499,36.724176562850104,8093.4218,-3506.8307999999997,-30.230641701716042,4697.492899999999,-1555.0049000000017,-24.870139098649528,63.274769551860125,36.725230448139875,1.7230018303843808,1.7229236897835443,3395.928900000001,26.549539103720242,7365323.0,21083973.6198,-254.0,-0.0034484738941701377,132585.4239538014,0.6328240530624488,1.0044,0.0,0.0,50.11,49.89,1.641,-0.0006999999999999229,-0.042638728147647124,62.129999999999995,37.87,0.9451,0.0034000000000000696,0.3610491664011967,48.59,51.41,0.6366,-0.05929999999999991,-0.6959,1781942400000,2026-06-20 08:00:00 UTC,0.00028524,2.83241885
FINAL_REAL_MARK_PREMIUM_CLOSED_GUARD_2026_06_13,1781948700000,2026-06-20 09:45:00 UTC,MUSDT,1781948700000,2026-06-20 09:45:00 UTC,1781949599999,2026-06-20 09:59:59 UTC,True,2.8676,2.883,2.866,2.876,0.008000000000000007,0.278940027894003,53.68953133074523,2.868,2.8811,2.866,2.87562227,0.007622270000000153,0.2657695258019579,1781949599999,2026-06-20 09:59:59 UTC,0.000377729999999854,0.01313559169229323,0.00181834,0.00360315,0.00028841,0.00160989,0.00020924000000000008,14.938778424303006,1781949599999,2026-06-20 09:59:59 UTC,901,186.0,26.013986013986013,7708.0,3245.0,72.70894017477033,22169.5158,9378.601100000002,73.32236450611309,binance_kline_quote_asset_volume,8.55493895671476,24.605455937846838,0.016999999999999904,0.5928302413167772,0.008399999999999963,0.2929278839447609,0.008399999999999963,0.2929278839447609,0.007000000000000117,41.176470588236214,0.0015999999999998238,9.41176470588137,0.5882352941176379,5901.0,1807.0,76.55682407887909,23.44317592112091,16976.5343,8883.1125,109.75719194568605,5192.981500000002,495.4886000000024,10.54793717729733,76.57602652738134,23.423973472618655,3.265633646928611,3.2691305177959893,11783.552799999998,53.152053054762696,7364646.0,21121804.728,-677.0,-0.009191721802288916,37831.10819999874,0.17943063713792293,1.0028,-0.0016000000000000458,-0.1592990840302714,50.07,49.93,1.6403,-0.0006999999999999229,-0.042656916514315836,62.129999999999995,37.87,0.9448,-0.000300000000000078,-0.03174267273305237,48.58,51.42,0.6375000000000002,-0.05799999999999994,-0.6955000000000001,1781942400000,2026-06-20 08:00:00 UTC,0.00028524,2.83241885
FINAL_REAL_MARK_PREMIUM_CLOSED_GUARD_2026_06_13,1781949600000,2026-06-20 10:00:00 UTC,MUSDT,1781949600000,2026-06-20 10:00:00 UTC,1781950499999,2026-06-20 10:14:59 UTC,True,2.8761,2.8765,2.8696,2.8742,-0.0017999999999998018,-0.06258692628650214,53.076753984703856,2.87562227,2.8761,2.8696,2.8739,-0.0017222700000001367,-0.059892080332238376,1781950499999,2026-06-20 10:14:59 UTC,0.000300000000000189,0.010438776575391943,0.00160467,0.00237793,0.0,0.00039837,-0.0012115200000000002,-75.2548310754151,1781950499999,2026-06-20 10:14:59 UTC,495,-406.0,-45.061043285238625,3866.0,-3842.0,-49.84431759211209,11106.1232,-11063.392600000001,-49.90362757494235,binance_kline_quote_asset_volume,7.81010101010101,22.436612525252524,0.006899999999999906,0.23990820903306234,-0.0019000000000000128,-0.0660616807482359,0.0019000000000000128,0.0660616807482359,0.00039999999999995595,5.797101449274803,0.0045999999999999375,66.66666666666666,0.6666666666666666,2116.0,1750.0,54.73357475426798,45.26642524573202,6078.3158,-10898.218499999999,-64.19577934702491,5027.8074,-165.174100000002,-3.1807180518552194,54.72941088930114,45.270589110698864,1.209142857142857,1.2089396662250826,1050.5084000000006,9.458821778602282,7362578.0,21171993.26141206,-2068.0,-0.028080100523501062,50188.53341206163,0.23761479692845322,0.998,-0.0047999999999999154,-0.47865975269245276,49.95,50.05,1.6398,-0.000500000000000167,-0.03048222886058446,62.12,37.88,0.9387,-0.006099999999999994,-0.6456392887383567,48.42,51.580000000000005,0.6417999999999999,-0.05930000000000002,-0.7011,1781942400000,2026-06-20 08:00:00 UTC,0.00028524,2.83241885
FINAL_REAL_MARK_PREMIUM_CLOSED_GUARD_2026_06_13,1781950500000,2026-06-20 10:15:00 UTC,MUSDT,1781950500000,2026-06-20 10:15:00 UTC,1781951399999,2026-06-20 10:29:59 UTC,True,2.8737,2.8786,2.8492,2.8517,-0.022499999999999964,-0.7828265256419165,46.008024375294966,2.8742,2.87776028,2.84967092,2.85100172,-0.022898279999999716,-0.7967667629353741,1781951399999,2026-06-20 10:29:59 UTC,0.0006982799999999401,0.02449244401016847,0.00011923,0.00305248,0.0,0.00206326,0.00166489,417.92554660240484,1781951399999,2026-06-20 10:29:59 UTC,693,198.0,40.0,7378.0,3512.0,90.84324883600621,21137.0331,10030.9099,90.31873426363576,binance_kline_quote_asset_volume,10.646464646464647,30.500769264069266,0.02939999999999987,1.0230713018060296,-0.021999999999999797,-0.7655635591745763,0.021999999999999797,0.7655635591745763,0.0049000000000001265,16.666666666667172,0.0024999999999999467,8.503401360544075,0.08503401360544074,2597.0,4781.0,35.199240986717264,64.80075901328273,7457.2119,1378.8961,22.685496202747476,13679.8212,8652.0138,172.0832385106876,35.28031519239093,64.71968480760907,0.5431918008784773,0.5451249538261509,-6222.6093,-29.439369615218137,7362659.0,21159545.7001,81.0,0.001100158123961471,-12447.561312060803,-0.05879258111586332,0.998,0.0,0.0,49.95,50.05,1.6394,-0.00039999999999995595,-0.024393218685202826,62.11,37.89,0.9421,0.0034000000000000696,0.3622030467668126,48.51,51.49,0.6414,-0.05589999999999995,-0.6972999999999999,1781942400000,2026-06-20 08:00:00 UTC,0.00028524,2.83241885
FINAL_REAL_MARK_PREMIUM_CLOSED_GUARD_2026_06_13,1781951400000,2026-06-20 10:30:00 UTC,MUSDT,1781951400000,2026-06-20 10:30:00 UTC,1781952299999,2026-06-20 10:44:59 UTC,True,2.8512,2.8532,2.8362,2.8385,-0.013200000000000323,-0.4628817898095986,42.43726566240187,2.85100172,2.85171016,2.83558521,2.83599829,-0.01500343000000015,-0.5262511732192203,1781952299999,2026-06-20 10:44:59 UTC,0.0025017099999997683,0.08821267660213462,0.00206626,0.00228886,0.00086602,0.00180638,-0.0002568799999999999,-12.450200168665118,1781952299999,2026-06-20 10:44:59 UTC,460,-233.0,-33.62193362193362,5638.0,-1740.0,-23.583626999186773,16027.5974,-5109.4357,-24.172908637778495,binance_kline_quote_asset_volume,12.256521739130434,34.84260304347826,0.017000000000000348,0.5962401795735252,-0.012700000000000156,-0.4454264870931592,0.012700000000000156,0.4454264870931592,0.002000000000000224,11.764705882354017,0.0022999999999999687,13.52941176470542,0.1352941176470542,3147.0,2491.0,55.81766583894998,44.18233416105002,8947.4191,1490.207199999999,19.983436436880638,7080.178300000001,-6599.642899999999,-48.24363420773364,55.8250801832594,44.1749198167406,1.2633480529907668,1.263727934648199,1867.2407999999978,11.650160366518799,7363553.0,20993502.26831116,894.0,0.012142352375683839,-166043.4317888394,-0.7847211567876652,1.0008,0.0027999999999999137,0.2805611222444803,50.019999999999996,49.980000000000004,1.6395,9.999999999998899e-05,0.006099792607050689,62.11,37.89,0.9436,0.0014999999999999458,0.15921876658528242,48.55,51.449999999999996,0.6387,-0.05719999999999992,-0.6959,1781942400000,2026-06-20 08:00:00 UTC,0.00028524,2.83241885
FINAL_REAL_MARK_PREMIUM_CLOSED_GUARD_2026_06_13,1781952300000,2026-06-20 10:45:00 UTC,MUSDT,1781952300000,2026-06-20 10:45:00 UTC,1781953199999,2026-06-20 10:59:59 UTC,True,2.8374,2.8447,2.8364,2.8393,0.000800000000000356,0.02818389994716773,42.72738366722088,2.83591069,2.84435241,2.83591069,2.83863662,0.002638329999999911,0.09303002788481621,1781953199999,2026-06-20 10:59:59 UTC,0.0006633800000002132,0.023369669626829983,0.00180187,0.00221698,0.0,0.00164476,-0.0001616199999999999,-8.94717612019619,1781953199999,2026-06-20 10:59:59 UTC,299,-161.0,-35.0,3952.0,-1686.0,-29.90422135509046,11220.5368,-4807.060600000001,-29.992396739389026,binance_kline_quote_asset_volume,13.217391304347826,37.526878929765886,0.008300000000000196,0.292521322337358,0.0019000000000000128,0.06696271234228564,0.0019000000000000128,0.06696271234228564,0.005399999999999849,65.06024096385207,0.001000000000000334,12.048192771088075,0.3493975903614793,3026.0,926.0,76.56882591093117,23.431174089068826,8590.7176,-356.7014999999992,-3.986641242724388,2629.8192,-4450.3591000000015,-62.856596422155086,76.56244752924833,23.437552470751665,3.2678185745140387,3.2666571146792145,5960.8984,53.12489505849667,7364727.0,20886353.17831683,1174.0,0.01594339037146877,-107149.08999432996,-0.5103916851266268,1.0016,0.0008000000000001339,0.07993605115908613,50.03999999999999,49.96,1.6392,-0.00029999999999996696,-0.018298261665139797,62.11,37.89,0.9459,0.0022999999999999687,0.2437473505722731,48.61,51.39,0.6376,-0.05570000000000008,-0.6933,1781942400000,2026-06-20 08:00:00 UTC,0.00028524,2.83241885
FINAL_REAL_MARK_PREMIUM_CLOSED_GUARD_2026_06_13,1781953200000,2026-06-20 11:00:00 UTC,MUSDT,1781953200000,2026-06-20 11:00:00 UTC,1781954099999,2026-06-20 11:14:59 UTC,True,2.8383,2.8422,2.8333,2.8363,-0.0030000000000001137,-0.10565984573662922,41.87505978474892,2.83863662,2.8418,2.8337,2.8363,-0.0023366199999999004,-0.08231486846667611,1781954099999,2026-06-20 11:14:59 UTC,0.0,0.0,0.00160777,0.00269686,0.00061874,0.00107518,-0.0005695800000000001,-34.62997640993215,1781954099999,2026-06-20 11:14:59 UTC,395,96.0,32.10702341137124,3996.0,44.0,1.1133603238866396,11337.921,117.38420000000042,1.0461549397529752,binance_kline_quote_asset_volume,10.116455696202532,28.70359746835443,0.00890000000000013,0.3135679808336022,-0.0019999999999997797,-0.07046471479405912,0.0019999999999997797,0.07046471479405912,0.0039000000000002366,43.82022471910314,0.0030000000000001137,33.70786516854011,0.33707865168540113,2557.0,1439.0,63.98898898898899,36.011011011011014,7255.9833,-1334.7343,-15.536936052932296,4081.9377000000004,1452.1185000000005,55.21742711438111,63.99747625689049,36.00252374310952,1.7769284225156359,1.7775830581637733,3174.0455999999995,27.994952513780962,7365320.0,20908099.7510064,593.0,0.008051893844809184,21746.57268956676,0.10411857208343564,1.0036,0.0020000000000000018,0.19968051118210878,50.09,49.91,1.6387,-0.0004999999999999449,-0.030502684236209426,62.1,37.9,0.9463,0.00040000000000006697,0.042287768263037,48.620000000000005,51.38,0.6351,-0.05730000000000002,-0.6924,1781942400000,2026-06-20 08:00:00 UTC,0.00028524,2.83241885
FINAL_REAL_MARK_PREMIUM_CLOSED_GUARD_2026_06_13,1781954100000,2026-06-20 11:15:00 UTC,MUSDT,1781954100000,2026-06-20 11:15:00 UTC,1781954999999,2026-06-20 11:29:59 UTC,True,2.8371,2.8436,2.8254,2.8256,-0.010699999999999932,-0.37725205373197235,38.894908457961556,2.8363,2.8429,2.82507965,2.8256,-0.010699999999999932,-0.37725205373197235,1781954999999,2026-06-20 11:29:59 UTC,0.0,0.0,0.00103813,0.0021144,4.815e-05,0.00108226,7.08000000000002e-06,0.658494391636751,1781954999999,2026-06-20 11:29:59 UTC,409,14.0,3.5443037974683547,6729.0,2733.0,68.3933933933934,19063.9689,7726.0479,68.14342682401826,binance_kline_quote_asset_volume,16.452322738386307,46.611170904645476,0.018199999999999772,0.6415001233654003,-0.011499999999999844,-0.4053434845440712,0.011499999999999844,0.4053434845440712,0.00649999999999995,35.714285714285886,0.00019999999999997797,1.0989010989009915,0.010989010989009916,3880.0,2849.0,57.660870857482536,42.339129142517464,11000.6762,3744.6929,51.60834507433334,8063.2927,3981.3549999999996,97.53590800761117,57.70401881006006,42.295981189939944,1.3618813618813619,1.364290818811526,2937.3835,15.40803762012012,7365791.0,20891593.0133,471.0,0.006394834168780176,-16506.73770639673,-0.07894900972816617,0.9992,-0.0044000000000000705,-0.438421681945005,49.980000000000004,50.019999999999996,1.6381,-0.000600000000000156,-0.03661438945506535,62.09,37.91,0.9467,0.00039999999999995595,0.04226989326851484,48.63,51.370000000000005,0.6388999999999999,-0.05249999999999999,-0.6913999999999999,1781942400000,2026-06-20 08:00:00 UTC,0.00028524,2.83241885
FINAL_REAL_MARK_PREMIUM_CLOSED_GUARD_2026_06_13,1781955000000,2026-06-20 11:30:00 UTC,MUSDT,1781955000000,2026-06-20 11:30:00 UTC,1781955899999,2026-06-20 11:44:59 UTC,True,2.8261,2.8343,2.814,2.8236,-0.002000000000000224,-0.07078142695357531,38.345583751627785,2.8256,2.8308,2.81975967,2.8236,-0.002000000000000224,-0.07078142695357531,1781955899999,2026-06-20 11:44:59 UTC,0.0,0.0,0.00112977,0.00196504,0.00050744,0.00148738,0.0004051199999999999,37.43277955389647,1781955899999,2026-06-20 11:44:59 UTC,866,457.0,111.7359413202934,18843.0,12114.0,180.02674988854213,53220.8219,34156.853,179.1696848603231,binance_kline_quote_asset_volume,21.758660508083143,61.455914434180144,0.020299999999999763,0.7183043770567129,-0.0024999999999999467,-0.08846113017939729,0.0024999999999999467,0.08846113017939729,0.008199999999999985,40.39408866995114,0.009599999999999831,47.29064039408839,0.4729064039408839,9391.0,9452.0,49.838136177890995,50.16186382210901,26537.4236,15536.747399999998,141.23447611338656,26683.398300000004,18620.105600000003,230.9243418634673,49.862859408415105,50.137140591584895,0.993546339399069,0.9945293812145357,-145.97470000000612,-0.2742811831697889,7366334.0,20814313.3504,543.0,0.007371917014751029,-77279.66290000081,-0.36990794742556515,0.9936,-0.005599999999999938,-0.5604483586869433,49.84,50.160000000000004,1.6386,0.000500000000000167,0.03052316708382681,62.1,37.9,0.9387,-0.008000000000000007,-0.8450406675821281,48.42,51.580000000000005,0.645,-0.05490000000000006,-0.6999000000000001,1781942400000,2026-06-20 08:00:00 UTC,0.00028524,2.83241885
FINAL_REAL_MARK_PREMIUM_CLOSED_GUARD_2026_06_13,1781955900000,2026-06-20 11:45:00 UTC,MUSDT,1781955900000,2026-06-20 11:45:00 UTC,1781956799999,2026-06-20 11:59:59 UTC,True,2.8234,2.831,2.8128,2.8272,0.0036000000000000476,0.1274968125796872,39.988546485575206,2.8236,2.8304,2.81246748,2.82458654,0.0009865399999999802,0.03493908485621123,1781956799999,2026-06-20 11:59:59 UTC,0.0026134600000000674,0.09252540019538816,0.00149494,0.0024574,0.0,0.00059251,-0.00089487,-60.164181312105846,1781956799999,2026-06-20 11:59:59 UTC,804,-62.0,-7.159353348729793,12201.0,-6642.0,-35.249164145836644,34414.3177,-18806.504200000003,-35.336741389181746,binance_kline_quote_asset_volume,15.175373134328359,42.803877736318405,0.018199999999999772,0.6446128780902377,0.0038000000000000256,0.13458950201884345,0.0038000000000000256,0.13458950201884345,0.0038000000000000256,20.87912087912128,0.01059999999999972,58.24175824175744,0.7912087912087872,7282.0,4919.0,59.68363248914024,40.31636751085976,20542.2661,-5995.1574999999975,-22.591332114094143,13872.051599999999,-12811.346700000006,-48.01242538886062,59.69104568358187,40.30895431641813,1.4803821915023379,1.4808383570314865,6670.214500000002,19.38209136716374,7366920.0,20801235.312,586.0,0.007955110371047526,-13078.038400001824,-0.06283194732316498,0.9829,-0.010700000000000043,-1.0768921095008095,49.57,50.43,1.6369,-0.0017000000000000348,-0.10374710118393964,62.08,37.92,0.9361,-0.0025999999999999357,-0.27697880046872647,48.35,51.65,0.654,-0.04679999999999995,-0.7008,1781942400000,2026-06-20 08:00:00 UTC,0.00028524,2.83241885
FINAL_REAL_MARK_PREMIUM_CLOSED_GUARD_2026_06_13,1781956800000,2026-06-20 12:00:00 UTC,MUSDT,1781956800000,2026-06-20 12:00:00 UTC,1781957699999,2026-06-20 12:14:59 UTC,True,2.8273,2.8321,2.8259,2.8292,0.002000000000000224,0.07074136955292247,40.93030686547224,2.82458654,2.8314,2.82458565,2.82899588,0.004409340000000039,0.15610567909879086,1781957699999,2026-06-20 12:14:59 UTC,0.00020412000000025188,0.007215280921520885,0.00125292,0.001886,0.0,0.0,-0.00059251,-100.0,1781957699999,2026-06-20 12:14:59 UTC,467,-337.0,-41.91542288557214,3755.0,-8446.0,-69.22383411195804,10622.3111,-23792.0066,-69.1340354540866,binance_kline_quote_asset_volume,8.0406852248394,22.745848179871523,0.006200000000000205,0.21929048915927582,0.0019000000000000128,0.06720192409719565,0.0019000000000000128,0.06720192409719565,0.0028999999999999027,46.77419354838398,0.00140000000000029,22.58064516129425,0.5322580645161602,2709.0,1046.0,72.14380825565912,27.85619174434088,7663.8859,-12878.3802,-62.69211068198556,2958.4252000000006,-10913.626399999997,-78.6734847497251,72.14894977045061,27.85105022954939,2.589866156787763,2.5905288732667633,4705.4607,44.29789954090122,7367358.0,20809740.24216132,438.0,0.005945496896939291,8504.930161319673,0.040886659055355594,0.9849,0.0020000000000000018,0.2034794994404316,49.62,50.38,1.6352,-0.0017000000000000348,-0.10385484757774054,62.050000000000004,37.95,0.9399,0.0037999999999999146,0.40593953637430985,48.449999999999996,51.55,0.6503,-0.04500000000000004,-0.6953,1781942400000,2026-06-20 08:00:00 UTC,0.00028524,2.83241885
FINAL_REAL_MARK_PREMIUM_CLOSED_GUARD_2026_06_13,1781957700000,2026-06-20 12:15:00 UTC,MUSDT,1781957700000,2026-06-20 12:15:00 UTC,1781958599999,2026-06-20 12:29:59 UTC,True,2.8285,2.8514,2.8283,2.8474,0.018199999999999772,0.6432913897921593,48.803841158183815,2.82899588,2.8503,2.8283,2.84562336,0.016627479999999917,0.5877520047855255,1781958599999,2026-06-20 12:29:59 UTC,0.001776640000000107,0.062434123397135284,0.0004296,0.00396855,0.0,0.00209305,0.00209305,,1781958599999,2026-06-20 12:29:59 UTC,750,283.0,60.599571734475376,13560.0,9805.0,261.1185086551265,38519.7553,27897.444199999998,262.63064541576074,binance_kline_quote_asset_volume,18.08,51.35967373333333,0.0230999999999999,0.8166872900830793,0.018899999999999917,0.6681986918861558,0.018899999999999917,0.6681986918861558,0.0040000000000000036,17.31601731601741,0.00019999999999997797,0.8658008658007742,0.8268398268398259,12026.0,1534.0,88.6873156342183,11.312684365781712,34158.5564,26494.6705,345.7080500115483,4361.198899999996,1402.7736999999952,47.41623009430811,88.67802023654082,11.321979763459183,7.839634941329857,7.8323775602163055,29797.357500000006,77.35604047308163,7367393.0,20842324.44334084,35.0,0.0004750685388167644,32584.20117952302,0.15658148924658943,0.9829,-0.0020000000000000018,-0.2030663011473248,49.57,50.43,1.6351,-9.999999999998899e-05,-0.006115459882582496,62.050000000000004,37.95,0.9369,-0.0030000000000000027,-0.319182891797,48.370000000000005,51.629999999999995,0.6522,-0.04600000000000004,-0.6982,1781956800001,2026-06-20 12:00:00 UTC,0.00038651,2.82458654
FINAL_REAL_MARK_PREMIUM_CLOSED_GUARD_2026_06_13,1781958600000,2026-06-20 12:30:00 UTC,MUSDT,1781958600000,2026-06-20 12:30:00 UTC,1781959499999,2026-06-20 12:44:59 UTC,True,2.8464,2.8581,2.8464,2.8571,0.009700000000000042,0.3406616562478065,52.44224875074723,2.84562336,2.8579,2.84560017,2.8557888,0.010165440000000192,0.35723069127462437,1781959499999,2026-06-20 12:44:59 UTC,0.0013111999999999568,0.0459137594488765,0.00229711,0.00292674,0.0,0.00196738,-0.00012567000000000004,-6.004156613554384,1781959499999,2026-06-20 12:44:59 UTC,690,-60.0,-8.0,5967.0,-7593.0,-55.99557522123894,17022.7479,-21497.0074,-55.80774652532645,binance_kline_quote_asset_volume,8.647826086956522,24.670649130434782,0.011699999999999822,0.4110455311972956,0.010699999999999932,0.3759134345137694,0.010699999999999932,0.3759134345137694,0.0009999999999998899,8.547008547007735,0.0,0.0,0.9145299145299226,4223.0,1744.0,70.77258253728841,29.22741746271158,12046.6309,-22111.9255,-64.73319668743378,4976.116999999998,614.9181000000026,14.099749039192025,70.76783942738176,29.232160572618238,2.4214449541284404,2.4208898022293295,7070.513900000002,41.535678854763525,7370723.0,20974301.54888928,3330.0,0.04519916339470421,131977.10554843768,0.6332168271692201,0.965,-0.017900000000000027,-1.8211415199918635,49.11,50.89,1.6321,-0.0029999999999998916,-0.1834750168185366,62.01,37.99,0.9231,-0.013799999999999923,-1.4729426833173151,48.0,52.0,0.6671000000000001,-0.04189999999999994,-0.7090000000000001,1781956800001,2026-06-20 12:00:00 UTC,0.00038651,2.82458654
FINAL_REAL_MARK_PREMIUM_CLOSED_GUARD_2026_06_13,1781959500000,2026-06-20 12:45:00 UTC,MUSDT,1781959500000,2026-06-20 12:45:00 UTC,1781960399999,2026-06-20 12:59:59 UTC,True,2.8575,2.8588,2.8408,2.8518,-0.005300000000000082,-0.18550278254174102,50.33724798358638,2.8557688,2.8583,2.841,2.8518,-0.003988800000000126,-0.1396741943942117,1781960399999,2026-06-20 12:59:59 UTC,0.0,0.0,0.00206118,0.00261378,0.0,0.00083582,-0.0011315599999999998,-57.51608738525348,1781960399999,2026-06-20 12:59:59 UTC,814,124.0,17.971014492753625,12187.0,6220.0,104.23998659292776,34706.8939,17684.146000000004,103.88537798882638,binance_kline_quote_asset_volume,14.971744471744472,42.6374617936118,0.017999999999999794,0.6299212598425125,-0.005700000000000038,-0.19947506561679923,0.005700000000000038,0.19947506561679923,0.0013000000000000789,7.222222222222744,0.010999999999999677,61.11111111111002,0.6111111111111002,5808.0,6379.0,47.657339788299005,52.342660211700995,16544.3283,4497.697400000001,37.33572844835813,18162.5656,13186.448600000003,264.99474590328174,47.66870912640211,52.33129087359788,0.910487537231541,0.9109026039801337,-1618.2373000000007,-4.662581747195765,7370423.0,21048371.4546624,-300.0,-0.004070157025301317,74069.90577312186,0.3531459943992477,0.9627,-0.0022999999999999687,-0.2383419689119139,49.05,50.949999999999996,1.6316,-0.000500000000000167,-0.030635377734217695,62.0,38.0,0.9161,-0.007000000000000006,-0.7583143754739471,47.81,52.190000000000005,0.6688999999999999,-0.046599999999999975,-0.7154999999999999,1781956800001,2026-06-20 12:00:00 UTC,0.00038651,2.82458654
FINAL_REAL_MARK_PREMIUM_CLOSED_GUARD_2026_06_13,1781960400000,2026-06-20 13:00:00 UTC,MUSDT,1781960400000,2026-06-20 13:00:00 UTC,1781961299999,2026-06-20 13:14:59 UTC,True,2.8517,2.8525,2.8415,2.842,-0.009799999999999809,-0.34364261168384214,46.611615615294944,2.8518,2.8525,2.8415,2.8417985,-0.010001499999999997,-0.35070832456694007,1781961299999,2026-06-20 13:14:59 UTC,0.00020150000000018764,0.007090580137901672,0.00040086,0.00245626,0.0,0.00142622,0.0005903999999999999,70.637218539877,1781961299999,2026-06-20 13:14:59 UTC,480,-334.0,-41.03194103194103,4922.0,-7265.0,-59.612702059571674,14010.6263,-20696.267600000003,-59.63157538566135,binance_kline_quote_asset_volume,10.254166666666666,29.188804791666666,0.01100000000000012,0.385734824841327,-0.009700000000000042,-0.3401479819055315,0.009700000000000042,0.3401479819055315,0.0007999999999999119,7.272727272726392,0.000500000000000167,4.545454545456014,0.04545454545456014,1834.0,3088.0,37.261275904104025,62.73872409589598,5222.3017,-11322.026600000001,-68.43448941955535,8788.3246,-9374.241000000002,-51.612978069574055,37.27386333900006,62.72613666099994,0.5939119170984456,0.5942317720035056,-3566.0229,-25.452273321999886,7372143.0,21023877.4074,1720.0,0.023336516777937983,-24494.04726240039,-0.11637027270808041,0.9685,0.005800000000000027,0.6024722135660151,49.2,50.8,1.6309,-0.0006999999999999229,-0.042902672223579484,61.99,38.01,0.9223,0.006199999999999983,0.6767820106975203,47.980000000000004,52.019999999999996,0.6624,-0.04620000000000002,-0.7086,1781956800001,2026-06-20 12:00:00 UTC,0.00038651,2.82458654
FINAL_REAL_MARK_PREMIUM_CLOSED_GUARD_2026_06_13,1781961300000,2026-06-20 13:15:00 UTC,MUSDT,1781961300000,2026-06-20 13:15:00 UTC,1781962199999,2026-06-20 13:29:59 UTC,True,2.8419,2.8464,2.8349,2.8395,-0.0024999999999999467,-0.0879662209711452,45.68273218396061,2.8417985,2.84613307,2.83490925,2.83936642,-0.0024320799999997256,-0.08558242253980096,1781962199999,2026-06-20 13:29:59 UTC,0.0001335799999999665,0.004704570676720424,0.00143614,0.0023351,0.0,0.0019705,0.0005442800000000001,38.16241533564247,1781962199999,2026-06-20 13:29:59 UTC,677,197.0,41.041666666666664,8705.0,3783.0,76.85900040633888,24715.5266,10704.900300000001,76.40558009887111,binance_kline_quote_asset_volume,12.858197932053177,36.507424815361894,0.011499999999999844,0.40465885499137355,-0.0023999999999997357,-0.08445054365036546,0.0023999999999997357,0.08445054365036546,0.0045000000000001705,39.13043478261071,0.0045999999999999375,40.0,0.4,3878.0,4827.0,44.54910970706491,55.45089029293509,11008.4954,5786.1937,110.79776758206062,13707.031200000001,4918.706600000001,55.968649587658625,44.5408086105679,55.45919138943211,0.8033975554174435,0.8031276240182483,-2698.5358000000015,-10.918382778864204,7372109.0,20950048.2980365,-34.0,-0.0004611956116423678,-73829.10936350003,-0.35116790272718007,0.9701,0.0015999999999999348,0.1652039235931786,49.24,50.760000000000005,1.6306,-0.00029999999999996696,-0.018394751364275368,61.99,38.01,0.9238,0.0014999999999999458,0.1626368860457493,48.02,51.980000000000004,0.6605000000000001,-0.04630000000000001,-0.7068000000000001,1781956800001,2026-06-20 12:00:00 UTC,0.00038651,2.82458654
FINAL_REAL_MARK_PREMIUM_CLOSED_GUARD_2026_06_13,1781962200000,2026-06-20 13:30:00 UTC,MUSDT,1781962200000,2026-06-20 13:30:00 UTC,1781963099999,2026-06-20 13:44:59 UTC,True,2.8395,2.8505,2.8389,2.8435,0.0040000000000000036,0.1408698714562424,47.48594618543082,2.83936642,2.8505,2.83887338,2.8431548,0.0037883800000000356,0.1334234276110103,1781963099999,2026-06-20 13:44:59 UTC,0.00034519999999993445,0.012141442316117801,0.00196059,0.00245931,0.0,6.867e-05,-0.00190183,-96.51509769094139,1781963099999,2026-06-20 13:44:59 UTC,630,-47.0,-6.942392909896602,3986.0,-4719.0,-54.21022400919012,11338.0777,-13377.448900000001,-54.12568834361797,binance_kline_quote_asset_volume,6.326984126984127,17.99694873015873,0.01159999999999961,0.4085226272230889,0.0040000000000000036,0.1408698714562424,0.0040000000000000036,0.1408698714562424,0.006999999999999673,60.34482758620611,0.0005999999999999339,5.172413793103052,0.39655172413793893,2610.0,1376.0,65.47917711991971,34.52082288008028,7425.5801,-3582.9152999999997,-32.546821066937085,3912.4975999999997,-9794.533600000002,-71.45627274854384,65.49240794142732,34.507592058572676,1.8968023255813953,1.8979130108603774,3513.0825000000004,30.984815882854644,7371566.0,20930576.96321372,-543.0,-0.0073655991792850595,-19471.334822781384,-0.09294171806089008,0.9535,-0.016599999999999948,-1.7111637975466394,48.809999999999995,51.190000000000005,1.6313,0.0006999999999999229,0.042928983196364706,62.0,38.0,0.9124,-0.011399999999999966,-1.2340333405498989,47.71,52.290000000000006,0.6778,-0.041100000000000025,-0.7189,1781956800001,2026-06-20 12:00:00 UTC,0.00038651,2.82458654
FINAL_REAL_MARK_PREMIUM_CLOSED_GUARD_2026_06_13,1781963100000,2026-06-20 13:45:00 UTC,MUSDT,1781963100000,2026-06-20 13:45:00 UTC,1781963999999,2026-06-20 13:59:59 UTC,True,2.8433,2.847,2.8391,2.8465,0.0029999999999996696,0.10550378055212482,48.85726750891542,2.8431548,2.8469,2.8391,2.8465,0.003345199999999604,0.11765803254889969,1781963999999,2026-06-20 13:59:59 UTC,0.0,0.0,0.00040308,0.00250211,3.629e-05,0.00228116,0.00221249,3221.916411824669,1781963999999,2026-06-20 13:59:59 UTC,467,-163.0,-25.873015873015877,3383.0,-603.0,-15.127947817360763,9617.8428,-1720.2348999999995,-15.172191843419803,binance_kline_quote_asset_volume,7.244111349036403,20.594952462526766,0.007899999999999796,0.27784616466780837,0.0031999999999996476,0.11254528189074833,0.0031999999999996476,0.11254528189074833,0.000500000000000167,6.329113924052909,0.0041999999999999815,53.16455696202645,0.9367088607594709,2153.0,1230.0,63.64173810227609,36.358261897723914,6121.7809,-1303.7992000000004,-17.558213398034724,3496.0619000000006,-416.4356999999991,-10.643730490722835,63.650249097437936,36.349750902562064,1.7504065040650407,1.7510504891232042,2625.718999999999,27.30049819487587,7370527.0,20955549.2185796,-1039.0,-0.014094698467055711,24972.25536588207,0.11930992351415706,0.9516,-0.0019000000000000128,-0.19926586261143292,48.76,51.239999999999995,1.6311,-0.00019999999999997797,-0.012260160608102618,61.99,38.01,0.9153,0.0029000000000000137,0.31784305129329393,47.79,52.21,0.6795,-0.0363,-0.7158,1781956800001,2026-06-20 12:00:00 UTC,0.00038651,2.82458654
FINAL_REAL_MARK_PREMIUM_CLOSED_GUARD_2026_06_13,1781964000000,2026-06-20 14:00:00 UTC,MUSDT,1781964000000,2026-06-20 14:00:00 UTC,1781964899999,2026-06-20 14:14:59 UTC,True,2.8468,2.8484,2.8377,2.8454,-0.0010999999999996568,-0.03864394870892875,48.35861995078862,2.8465,2.8481,2.8383,2.84452225,-0.0019777500000000003,-0.06948006323555245,1781964899999,2026-06-20 14:14:59 UTC,0.0008777500000003435,0.030857554374916336,0.00230131,0.00242243,0.00030114,0.00149902,-0.00078214,-34.286941731399814,1781964899999,2026-06-20 14:14:59 UTC,686,219.0,46.895074946466806,7800.0,4417.0,130.56458764410286,22178.4882,12560.6454,130.59732479719878,binance_kline_quote_asset_volume,11.370262390670554,32.33015772594752,0.010699999999999932,0.3758606154278464,-0.0013999999999998458,-0.04917802444849817,0.0013999999999998458,0.04917802444849817,0.0015999999999998238,14.95327102803583,0.007700000000000262,71.9626168224328,0.7196261682243281,5857.0,1943.0,75.08974358974359,24.91025641025641,16656.1348,10534.3539,172.079891000346,5522.3534,2026.2914999999994,57.95925695709217,75.10040652816002,24.899593471839978,3.0144107050952136,3.016129826099141,11133.7814,50.20081305632004,7370970.0,20981466.105,443.0,0.006010425034736322,25916.88642039895,0.12367552933148862,0.9508,-0.0008000000000000229,-0.08406893652795533,48.74,51.25999999999999,1.6309,-0.00019999999999997797,-0.012261663907790935,61.99,38.01,0.9139,-0.0013999999999999568,-0.1529553151971984,47.75,52.25,0.6801,-0.03689999999999993,-0.717,1781956800001,2026-06-20 12:00:00 UTC,0.00038651,2.82458654
FINAL_REAL_MARK_PREMIUM_CLOSED_GUARD_2026_06_13,1781964900000,2026-06-20 14:15:00 UTC,MUSDT,1781964900000,2026-06-20 14:15:00 UTC,1781965799999,2026-06-20 14:29:59 UTC,True,2.8454,2.8465,2.829,2.8344,-0.01100000000000012,-0.3865888802980291,43.569737773499774,2.84452225,2.84594113,2.82834937,2.83394161,-0.010580639999999697,-0.3719654504372289,1781965799999,2026-06-20 14:29:59 UTC,0.0004583899999999197,0.01617499804450522,0.00169494,0.00222196,0.0,0.00168114,0.00018212000000000002,12.149270856959882,1781965799999,2026-06-20 14:29:59 UTC,588,-98.0,-14.285714285714285,17070.0,9270.0,118.84615384615384,48414.871,26236.3828,118.29653384580108,binance_kline_quote_asset_volume,29.03061224489796,82.33821598639456,0.017499999999999627,0.615027764110481,-0.01100000000000012,-0.3865888802980291,0.01100000000000012,0.3865888802980291,0.0010999999999996568,6.285714285712459,0.005399999999999849,30.857142857142655,0.30857142857142655,3992.0,13078.0,23.38605741066198,76.61394258933802,11321.0067,-5335.1281,-32.03100937919883,37093.8643,31571.5109,571.7039206509312,23.383325135783178,76.61667486421683,0.30524545037467504,0.30519890320513193,-25772.857600000003,-53.23334972843365,7373859.0,20975105.99386275,2889.0,0.039194298715094486,-6360.111137252301,-0.030312996744000894,0.9365,-0.01429999999999998,-1.5039966344131235,48.36,51.64,1.6293,-0.0016000000000000458,-0.09810534060948224,61.970000000000006,38.03,0.9059,-0.008000000000000007,-0.8753692964219288,47.53,52.470000000000006,0.6928,-0.03059999999999996,-0.7233999999999999,1781956800001,2026-06-20 12:00:00 UTC,0.00038651,2.82458654
FINAL_REAL_MARK_PREMIUM_CLOSED_GUARD_2026_06_13,1781965800000,2026-06-20 14:30:00 UTC,MUSDT,1781965800000,2026-06-20 14:30:00 UTC,1781966699999,2026-06-20 14:44:59 UTC,True,2.8344,2.8386,2.8268,2.8385,0.0040999999999997705,0.1446514253457441,45.7270812061268,2.83394161,2.8384,2.8268,2.83831143,0.004369819999999969,0.15419583750703914,1781966699999,2026-06-20 14:44:59 UTC,0.00018856999999972146,0.006643738879623984,0.00166561,0.00321058,0.00105767,0.00266995,0.00098881,58.817825999024464,1781966699999,2026-06-20 14:44:59 UTC,459,-129.0,-21.93877551020408,4049.0,-13021.0,-76.28002343292326,11466.4208,-36948.4502,-76.31632479202516,binance_kline_quote_asset_volume,8.821350762527233,24.981308932461875,0.011800000000000033,0.416313858312166,0.0040999999999997705,0.1446514253457441,0.0040999999999997705,0.1446514253457441,0.00010000000000021103,0.8474576271204302,0.007600000000000051,64.4067796610172,0.9915254237287957,1835.0,2214.0,45.3198320572981,54.68016794270191,5199.4705,-6121.5362,-54.072366196903666,6266.9502999999995,-30826.914,-83.1051565581966,45.345191762018715,54.65480823798129,0.8288166214995484,0.8296651881857114,-1067.4797999999992,-9.30961647596257,7378342.0,20909790.40661062,4483.0,0.060795846516728896,-65315.58725212887,-0.31139574346484833,0.9387,0.0021999999999999797,0.2349172450613967,48.42,51.580000000000005,1.632,0.0026999999999999247,0.1657153378751565,62.01,37.99,0.9055,-0.00040000000000006697,-0.04415498399382569,47.52,52.480000000000004,0.6932999999999999,-0.03320000000000001,-0.7264999999999999,1781956800001,2026-06-20 12:00:00 UTC,0.00038651,2.82458654
FINAL_REAL_MARK_PREMIUM_CLOSED_GUARD_2026_06_13,1781966700000,2026-06-20 14:45:00 UTC,MUSDT,1781966700000,2026-06-20 14:45:00 UTC,1781967599999,2026-06-20 14:59:59 UTC,True,2.8384,2.8509,2.8372,2.8445,0.006000000000000227,0.21137924960367194,48.8112210746602,2.83832143,2.8507,2.8378,2.84398425,0.005672820000000023,0.19986601681690805,1781967599999,2026-06-20 14:59:59 UTC,0.000515749999999926,0.018134769909500238,0.00269088,0.00322042,0.0,0.00120143,-0.0014685199999999999,-55.00177905953295,1781967599999,2026-06-20 14:59:59 UTC,841,382.0,83.2244008714597,9688.0,5639.0,139.26895529760435,27562.9313,16096.5105,140.3795550569712,binance_kline_quote_asset_volume,11.51961950059453,32.77399678953627,0.013700000000000045,0.48266629086809626,0.006099999999999994,0.2149098083427281,0.006099999999999994,0.2149098083427281,0.006400000000000183,46.715328467154464,0.0011999999999998678,8.759124087590248,0.5328467153284553,5233.0,4455.0,54.01527663088357,45.98472336911643,14889.5922,9690.1217,186.3674714569493,12673.339100000001,6406.3888000000015,102.22498174271466,54.02035087610584,45.97964912389417,1.1746352413019079,1.1748752307905972,2216.253099999998,8.040701752211667,7378172.0,20941549.92010596,-170.0,-0.002304040663878145,31759.513495340943,0.15188824410836843,0.9474,0.008700000000000041,0.9268136784915353,48.65,51.349999999999994,1.6321,0.00010000000000021103,0.006127450980405088,62.01,37.99,0.9117,0.006199999999999983,0.6847045831032561,47.69,52.31,0.6847000000000001,-0.035700000000000065,-0.7204000000000002,1781956800001,2026-06-20 12:00:00 UTC,0.00038651,2.82458654
FINAL_REAL_MARK_PREMIUM_CLOSED_GUARD_2026_06_13,1781967600000,2026-06-20 15:00:00 UTC,MUSDT,1781967600000,2026-06-20 15:00:00 UTC,1781968499999,2026-06-20 15:14:59 UTC,True,2.8455,2.8604,2.8361,2.8524,0.007899999999999796,0.27772895060642633,52.62829383126869,2.84398425,2.8585,2.83421515,2.85213515,0.008150899999999961,0.28660144654457775,1781968499999,2026-06-20 15:14:59 UTC,0.0002648499999997611,0.009286025593834889,0.00129661,0.00397222,0.0,0.00234879,0.0011473599999999998,95.49952972707521,1781968499999,2026-06-20 15:14:59 UTC,693,-148.0,-17.59809750297265,8402.0,-1286.0,-13.274153592072668,23966.8819,-3596.0494,-13.046687091659223,binance_kline_quote_asset_volume,12.124098124098124,34.58424516594517,0.024299999999999766,0.8539799683711041,0.006899999999999906,0.24248813916710266,0.006899999999999906,0.24248813916710266,0.008000000000000007,32.921810699588825,0.009399999999999853,38.68312757201623,0.6707818930041117,4550.0,3852.0,54.15377291121162,45.84622708878838,12979.0642,-1910.5279999999984,-12.831298361549475,10987.8177,-1685.5214000000014,-13.299741975656607,54.15416262388308,45.84583737611692,1.1812045690550363,1.1812231103907012,1991.246500000001,8.308325247766172,7378179.0,20983424.86968075,7.0,9.487444857615138e-05,41874.949574790895,0.199961080887269,0.9635,0.016100000000000003,1.6993877981845054,49.07,50.93,1.6326,0.0004999999999999449,0.030635377734204088,62.01,37.99,0.9194,0.00770000000000004,0.8445760666886081,47.9,52.1,0.6691,-0.04410000000000003,-0.7132000000000001,1781956800001,2026-06-20 12:00:00 UTC,0.00038651,2.82458654
FINAL_REAL_MARK_PREMIUM_CLOSED_GUARD_2026_06_13,1781968500000,2026-06-20 15:15:00 UTC,MUSDT,1781968500000,2026-06-20 15:15:00 UTC,1781969399999,2026-06-20 15:29:59 UTC,True,2.8507,2.8577,2.8492,2.8532,0.000800000000000356,0.028046557285105737,53.010418281045226,2.85212315,2.8574,2.8495805,2.85194967,-0.0001854799999998491,-0.00650319813911515,1781969399999,2026-06-20 15:29:59 UTC,0.0012503299999999662,0.04384123651102041,0.00211345,0.00367342,0.00114312,0.00185336,-0.0004954299999999998,-21.092988304616416,1781969399999,2026-06-20 15:29:59 UTC,992,299.0,43.14574314574315,8246.0,-156.0,-1.8567007855272555,23525.568,-441.313900000001,-1.8413488322817706,binance_kline_quote_asset_volume,8.3125,23.715290322580646,0.00849999999999973,0.2981723787139906,0.002500000000000391,0.08769775844530785,0.002500000000000391,0.08769775844530785,0.0044999999999997264,52.941176470586704,0.0014999999999996128,17.647058823525416,0.470588235294133,4440.0,3806.0,53.8442881397041,46.1557118602959,12668.6302,-310.4340000000011,-2.3918057204771443,10856.9378,-130.8798999999999,-1.1911364346716447,53.850475363655406,46.149524636344594,1.1665790856542302,1.1668695569021312,1811.6924,7.700950727310814,7375041.0,21034613.66879115,-3138.0,-0.04253081959654273,51188.7991103977,0.2439487330038345,0.9539,-0.009600000000000053,-0.9963674104826209,48.82,51.18000000000001,1.6334,0.0007999999999999119,0.049001592551752536,62.029999999999994,37.97,0.9106,-0.00880000000000003,-0.9571459647596292,47.660000000000004,52.339999999999996,0.6795,-0.043300000000000005,-0.7228,1781956800001,2026-06-20 12:00:00 UTC,0.00038651,2.82458654
FINAL_REAL_MARK_PREMIUM_CLOSED_GUARD_2026_06_13,1781969400000,2026-06-20 15:30:00 UTC,MUSDT,1781969400000,2026-06-20 15:30:00 UTC,1781970299999,2026-06-20 15:44:59 UTC,True,2.8532,2.8549,2.8462,2.8487,-0.0045000000000001705,-0.15771765035749932,50.540771317390345,2.85155161,2.8541,2.84533161,2.84846065,-0.003489020000000398,-0.1223380635605816,1781970299999,2026-06-20 15:44:59 UTC,0.00023935000000019357,0.008402784149403418,0.00204274,0.00262239,0.0,0.00013437,-0.00171899,-92.74992446151855,1781970299999,2026-06-20 15:44:59 UTC,571,-421.0,-42.439516129032256,2512.0,-5734.0,-69.53674508852778,7159.1989,-16366.3691,-69.56843337427603,binance_kline_quote_asset_volume,4.399299474605955,12.538001576182138,0.008700000000000152,0.30492079069115907,-0.0045000000000001705,-0.15771765035749932,0.0045000000000001705,0.15771765035749932,0.0017000000000000348,19.54022988505753,0.0024999999999999467,28.735632183906933,0.28735632183906934,1427.0,1085.0,56.80732484076433,43.19267515923567,4067.8178,-8600.812399999999,-67.8906264072654,3091.3811000000005,-7765.556699999999,-71.52621524643901,56.81945503707125,43.18054496292875,1.3152073732718894,1.3158577569100098,976.4366999999993,13.638910074142501,7374461.0,21031591.61537787,-580.0,-0.00786436305913418,-3022.0534132793546,-0.014367049763139439,0.9573,0.0034000000000000696,0.35643149177063316,48.91,51.09,1.6341,0.000700000000000145,0.04285539365741061,62.03999999999999,37.96,0.915,0.0044000000000000705,0.4831978915001176,47.78,52.22,0.6768000000000001,-0.042300000000000004,-0.7191000000000001,1781956800001,2026-06-20 12:00:00 UTC,0.00038651,2.82458654
FINAL_REAL_MARK_PREMIUM_CLOSED_GUARD_2026_06_13,1781970300000,2026-06-20 15:45:00 UTC,MUSDT,1781970300000,2026-06-20 15:45:00 UTC,1781971199999,2026-06-20 15:59:59 UTC,True,2.8485,2.8541,2.8463,2.854,0.005300000000000082,0.18604977709130768,53.30030516888413,2.8466332,2.854,2.84430521,2.854,0.005539350000000276,0.19446819460189055,1781971199999,2026-06-20 15:59:59 UTC,0.0,0.0,0.00084009,0.00240293,0.0,0.00237523,0.00224086,1667.678797350599,1781971199999,2026-06-20 15:59:59 UTC,488,-83.0,-14.535901926444833,2258.0,-254.0,-10.111464968152866,6437.0453,-722.1536000000006,-10.087072731000678,binance_kline_quote_asset_volume,4.627049180327869,13.190666598360655,0.007800000000000029,0.27382833070036966,0.00550000000000006,0.19308407934000563,0.00550000000000006,0.19308407934000563,9.999999999976694e-05,1.2820512820482892,0.002200000000000202,28.205128205130688,0.9871794871795171,1010.0,1248.0,44.72984942426926,55.27015057573074,2880.082,-1187.7358,-29.198352984246245,3556.9633,465.5821999999994,15.0606536347136,44.742298147257095,55.257701852742905,0.8092948717948718,0.8097024785158734,-676.8813,-10.515403705485808,7373794.0,21003962.0502061,-667.0,-0.00904472882831708,-27629.56517177075,-0.13137172724278545,0.9547,-0.0026000000000000467,-0.2715972004596309,48.84,51.160000000000004,1.6341,0.0,0.0,62.03999999999999,37.96,0.9117,-0.0033000000000000806,-0.3606557377049268,47.69,52.31,0.6794000000000001,-0.04300000000000004,-0.7224000000000002,1781956800001,2026-06-20 12:00:00 UTC,0.00038651,2.82458654
FINAL_REAL_MARK_PREMIUM_CLOSED_GUARD_2026_06_13,1781971200000,2026-06-20 16:00:00 UTC,MUSDT,1781971200000,2026-06-20 16:00:00 UTC,1781972099999,2026-06-20 16:14:59 UTC,True,2.8551,2.8551,2.8379,2.8425,-0.011500000000000288,-0.4029432375613275,47.1527546039581,2.854,2.85443232,2.8379,2.8425,-0.011500000000000288,-0.4029432375613275,1781972099999,2026-06-20 16:14:59 UTC,0.0,0.0,0.0021059,0.00242573,0.0,0.00131455,-0.0010606799999999998,-44.65588595630739,1781972099999,2026-06-20 16:14:59 UTC,628,140.0,28.688524590163933,6448.0,4190.0,185.56244464127548,18343.8052,11906.7599,184.97244224768775,binance_kline_quote_asset_volume,10.26751592356688,29.20988089171974,0.017200000000000326,0.6024307379776654,-0.012600000000000389,-0.44131554061155087,0.012600000000000389,0.44131554061155087,0.0,0.0,0.0045999999999999375,26.74418604651076,0.2674418604651076,3254.0,3194.0,50.46526054590571,49.53473945409429,9260.2581,6380.176099999999,221.52758497848325,9083.5471,5526.5838,155.37365257606118,50.48166396795361,49.51833603204639,1.018785222291797,1.0194539641898261,176.71099999999933,0.9633279359072093,7373073.0,21042750.342,-721.0,-0.009777870116794691,38788.29179390147,0.18467130963760653,0.9554,0.0007000000000000339,0.0733214622394505,48.86,51.13999999999999,1.6341,0.0,0.0,62.03999999999999,37.96,0.9131,0.0014000000000000679,0.15355928485248085,47.73,52.27,0.6787000000000001,-0.042300000000000004,-0.7210000000000001,1781956800001,2026-06-20 12:00:00 UTC,0.00038651,2.82458654
FINAL_REAL_MARK_PREMIUM_CLOSED_GUARD_2026_06_13,1781972100000,2026-06-20 16:15:00 UTC,MUSDT,1781972100000,2026-06-20 16:15:00 UTC,1781972999999,2026-06-20 16:29:59 UTC,True,2.8412,2.8468,2.8355,2.8359,-0.006599999999999717,-0.23218997361476582,44.01510167829699,2.8425,2.84646622,2.83226476,2.8355,-0.006999999999999673,-0.24626209322778098,1781972999999,2026-06-20 16:29:59 UTC,0.00039999999999995595,0.014106859460411071,0.00114691,0.00441014,0.00059,0.00250781,0.00119326,90.77326841885055,1781972999999,2026-06-20 16:29:59 UTC,343,-285.0,-45.382165605095544,3894.0,-2554.0,-39.6091811414392,11063.1807,-7280.624499999998,-39.68982673235103,binance_kline_quote_asset_volume,11.352769679300291,32.25417113702624,0.011299999999999866,0.3977192735463841,-0.005300000000000082,-0.18654089821202596,0.005300000000000082,0.18654089821202596,0.005599999999999827,49.557522123892866,0.00039999999999995595,3.53982300884921,0.0353982300884921,1849.0,2045.0,47.483307652799176,52.516692347200824,5253.1227,-4007.135399999999,-43.2723943191173,5810.058000000001,-3273.489099999999,-36.03756400404418,47.482933185751904,52.5170668142481,0.9041564792176039,0.9041429018436647,-556.935300000001,-5.034133628496197,7371465.0,20953389.2625,-1608.0,-0.02180908828652585,-89361.07950000092,-0.4246644476014233,0.9512,-0.0041999999999999815,-0.43960644756122896,48.75,51.24999999999999,1.6336,-0.000500000000000167,-0.03059788262653246,62.029999999999994,37.97,0.9131,0.0,0.0,47.73,52.27,0.6823999999999999,-0.03810000000000002,-0.7204999999999999,1781971200001,2026-06-20 16:00:00 UTC,0.00052442,2.854
FINAL_REAL_MARK_PREMIUM_CLOSED_GUARD_2026_06_13,1781973000000,2026-06-20 16:30:00 UTC,MUSDT,1781973000000,2026-06-20 16:30:00 UTC,1781973899999,2026-06-20 16:44:59 UTC,True,2.8359,2.8474,2.8343,2.8473,0.011400000000000077,0.4019887866285862,50.18153164723488,2.8359,2.8472574,2.83380321,2.8472574,0.011757400000000029,0.4146499735496395,1781973899999,2026-06-20 16:44:59 UTC,4.2600000000003746e-05,0.0014961766365065464,0.00175005,0.00409532,0.0,0.00186724,-0.00064057,-25.543003656576857,1781973899999,2026-06-20 16:44:59 UTC,463,120.0,34.98542274052478,4148.0,254.0,6.5228556753980484,11784.5958,721.4150999999983,6.5208651974743415,binance_kline_quote_asset_volume,8.958963282937365,25.452690712742978,0.013100000000000112,0.4619344828802183,0.011400000000000077,0.4019887866285862,0.011400000000000077,0.4019887866285862,9.999999999976694e-05,0.7633587786241686,0.0016000000000002679,12.213740458017208,0.9923664122137583,3472.0,676.0,83.7029893924783,16.2970106075217,9864.3064,4611.1837,87.77985901604772,1920.2893999999997,-3889.7686000000012,-66.94887727454702,83.70508897725622,16.294911022743776,5.136094674556213,5.136885304892066,7944.017,67.41017795451245,7370785.0,20899860.8675,-680.0,-0.009224760614070609,-53528.39499999955,-0.25546413675327745,0.952,0.0007999999999999119,0.084104289318746,48.77,51.23,1.6335,-9.999999999998899e-05,-0.0061214495592549585,62.029999999999994,37.97,0.912,-0.0010999999999999899,-0.12046873288796298,47.699999999999996,52.300000000000004,0.6815,-0.039999999999999925,-0.7214999999999999,1781971200001,2026-06-20 16:00:00 UTC,0.00052442,2.854
FINAL_REAL_MARK_PREMIUM_CLOSED_GUARD_2026_06_13,1781973900000,2026-06-20 16:45:00 UTC,MUSDT,1781973900000,2026-06-20 16:45:00 UTC,1781974799999,2026-06-20 16:59:59 UTC,True,2.8473,2.8503,2.8387,2.8484,0.0010999999999996568,0.03863309099847774,50.74527742772831,2.8472574,2.8499,2.83815734,2.8463,-0.0009574000000003302,-0.03362534065238816,1781974799999,2026-06-20 16:59:59 UTC,0.0020999999999999908,0.07377999508133334,0.00185134,0.00256778,0.0,0.00161712,-0.00025011999999999994,-13.395171483044491,1781974799999,2026-06-20 16:59:59 UTC,409,-54.0,-11.663066954643629,3735.0,-413.0,-9.956605593056896,10626.0119,-1158.5838999999996,-9.831341860702594,binance_kline_quote_asset_volume,9.1320293398533,25.980469193154033,0.011600000000000055,0.40740350507498524,0.0010999999999996568,0.03863309099847774,0.0010999999999996568,0.03863309099847774,0.0019000000000000128,16.37931034482762,0.008600000000000385,74.13793103448573,0.8362068965517238,2315.0,1420.0,61.98125836680054,38.01874163319947,6585.7489,-3278.5575,-33.23657403829225,4040.263,2119.9736000000003,110.39865136994457,61.9776164564619,38.022383543538105,1.630281690140845,1.6300297530136032,2545.4858999999997,23.9552329129238,7370274.0,20985067.1865276,-511.0,-0.006932775816958437,85206.31902759895,0.4076884509795838,0.9566,0.0046000000000000485,0.4831932773109295,48.89,51.11,1.6334,-9.999999999998899e-05,-0.006121824303641811,62.029999999999994,37.97,0.9142,0.0021999999999999797,0.24122807017543635,47.760000000000005,52.239999999999995,0.6768,-0.04239999999999999,-0.7192,1781971200001,2026-06-20 16:00:00 UTC,0.00052442,2.854
FINAL_REAL_MARK_PREMIUM_CLOSED_GUARD_2026_06_13,1781974800000,2026-06-20 17:00:00 UTC,MUSDT,1781974800000,2026-06-20 17:00:00 UTC,1781975699999,2026-06-20 17:14:59 UTC,True,2.8491,2.8491,2.8351,2.8353,-0.013099999999999667,-0.4599073163881361,44.31400082684535,2.8463,2.8484,2.83495403,2.8353,-0.010999999999999677,-0.3864666409022126,1781975699999,2026-06-20 17:14:59 UTC,0.0,0.0,0.00102974,0.00196865,0.0,0.00129108,-0.0003260400000000001,-20.161769070940938,1781975699999,2026-06-20 17:14:59 UTC,324,-85.0,-20.78239608801956,3243.0,-492.0,-13.17269076305221,9213.203,-1412.8089,-13.295758684403506,binance_kline_quote_asset_volume,10.00925925925926,28.43581172839506,0.01399999999999979,0.491383243831378,-0.013799999999999812,-0.4843634832052161,0.013799999999999812,0.4843634832052161,0.0,0.0,0.00019999999999997797,1.4285714285712927,0.014285714285712927,2194.0,1049.0,67.65340733888375,32.346592661116254,6233.0018,-352.7470999999996,-5.3562184856455675,2980.2011999999995,-1060.0618000000004,-26.237445433626483,67.65293025671963,32.34706974328037,2.0915157292659674,2.091470132956124,3252.8006000000005,35.30586051343925,7369520.0,20975864.776,-754.0,-0.01023028451859456,-9202.410527598113,-0.04385218520294305,0.9547,-0.0019000000000000128,-0.19862011289985496,48.84,51.160000000000004,1.6332,-0.00019999999999997797,-0.012244398187827719,62.019999999999996,37.980000000000004,0.9135,-0.0007000000000000339,-0.0765696784073544,47.74,52.26,0.6785,-0.041200000000000014,-0.7197,1781971200001,2026-06-20 16:00:00 UTC,0.00052442,2.854
FINAL_REAL_MARK_PREMIUM_CLOSED_GUARD_2026_06_13,1781975700000,2026-06-20 17:15:00 UTC,MUSDT,1781975700000,2026-06-20 17:15:00 UTC,1781976599999,2026-06-20 17:29:59 UTC,True,2.835,2.8376,2.8207,2.825,-0.010299999999999976,-0.3632772546115041,40.0194005412611,2.8353,2.8362095,2.8222,2.82370573,-0.01159427000000024,-0.40892568687617675,1781976599999,2026-06-20 17:29:59 UTC,0.0012942700000002638,0.04583586689822186,0.00127961,0.00259537,0.0,0.00171488,0.0004238,32.825231589057225,1781976599999,2026-06-20 17:29:59 UTC,671,347.0,107.09876543209877,10862.0,7619.0,234.9367869256861,30719.5426,21506.3396,233.4295640723427,binance_kline_quote_asset_volume,16.187779433681072,45.78173263785395,0.016900000000000137,0.5961199294532676,-0.009999999999999787,-0.3527336860670119,0.009999999999999787,0.3527336860670119,0.0026000000000001577,15.384615384616193,0.0043000000000001926,25.443786982249456,0.25443786982249456,4344.0,6518.0,39.99263487387221,60.00736512612779,12301.3038,6068.302,97.35761667837156,18418.2388,15438.0376,518.0199779800103,40.04390286722563,59.95609713277437,0.6664621049401657,0.6678870837530894,-6116.9349999999995,-19.91219426554873,7369281.0,20894122.4193,-239.0,-0.003243087745199144,-81742.35669999942,-0.38969719519514995,0.9501,-0.0046000000000000485,-0.48182675185922785,48.72,51.28,1.6327,-0.0004999999999999449,-0.030614744060736283,62.019999999999996,37.980000000000004,0.9084,-0.005099999999999993,-0.5582922824302128,47.599999999999994,52.400000000000006,0.6826000000000001,-0.04169999999999996,-0.7243,1781971200001,2026-06-20 16:00:00 UTC,0.00052442,2.854
FINAL_REAL_MARK_PREMIUM_CLOSED_GUARD_2026_06_13,1781976600000,2026-06-20 17:30:00 UTC,MUSDT,1781976600000,2026-06-20 17:30:00 UTC,1781977499999,2026-06-20 17:44:59 UTC,True,2.825,2.8369,2.8177,2.8337,0.008699999999999708,0.30796460176990115,44.87864124992252,2.82370573,2.83483882,2.81791172,2.8337,0.009994269999999972,0.3539416269130839,1781977499999,2026-06-20 17:44:59 UTC,0.0,0.0,0.00193229,0.00355646,0.0,0.00178813,7.324999999999996e-05,4.271435902220562,1781977499999,2026-06-20 17:44:59 UTC,982,311.0,46.34873323397913,23110.0,12248.0,112.76008101638742,65378.9831,34659.4405,112.82537943777847,binance_kline_quote_asset_volume,23.533604887983707,66.57737586558045,0.019200000000000106,0.6796460176991187,0.008699999999999708,0.30796460176990115,0.008699999999999708,0.30796460176990115,0.0032000000000000917,16.66666666666705,0.007300000000000306,38.02083333333472,0.8333333333333295,16394.0,6716.0,70.93898745131978,29.061012548680225,46392.9876,34091.6838,277.13878426447775,18985.995499999997,567.7566999999981,3.082578666533513,70.96009359619421,29.039906403805777,2.4410363311494936,2.443537269352034,27406.992100000003,41.92018719238844,7369994.0,20810694.28786562,713.0,0.009675299394879908,-83428.13143438101,-0.399289952265801,0.9527,0.0026000000000000467,0.27365540469424765,48.79,51.21,1.6319,-0.0008000000000001339,-0.048998591290508604,62.0,38.0,0.9033,-0.005099999999999993,-0.561426684280052,47.46,52.54,0.6791999999999999,-0.0494,-0.7285999999999999,1781971200001,2026-06-20 16:00:00 UTC,0.00052442,2.854
FINAL_REAL_MARK_PREMIUM_CLOSED_GUARD_2026_06_13,1781977500000,2026-06-20 17:45:00 UTC,MUSDT,1781977500000,2026-06-20 17:45:00 UTC,1781978399999,2026-06-20 17:59:59 UTC,True,2.8333,2.8458,2.8321,2.8427,0.008999999999999897,0.31760595687616533,49.44171882494942,2.83338717,2.84468021,2.83166091,2.841321,0.007621000000000322,0.2689416663725984,1781978399999,2026-06-20 17:59:59 UTC,0.001378999999999575,0.048533762992621216,0.00201018,0.00332156,0.00053152,0.00277668,0.0009885500000000001,55.28401178885205,1781978399999,2026-06-20 17:59:59 UTC,717,-265.0,-26.985743380855396,6918.0,-16192.0,-70.0649069666811,19653.1919,-45725.79119999999,-69.9395876654435,binance_kline_quote_asset_volume,9.648535564853557,27.41030948396095,0.013700000000000045,0.4835351004129476,0.009399999999999853,0.33176860904245414,0.009399999999999853,0.33176860904245414,0.0031000000000003247,22.627737226279667,0.0011999999999998678,8.759124087590248,0.7737226277372034,4602.0,2316.0,66.52211621856029,33.47788378143972,13073.4168,-33319.5708,-71.82027397606099,6579.775100000001,-12406.220399999997,-65.34406057348954,66.52057775917814,33.47942224082186,1.9870466321243523,1.9869093702002063,6493.6417,33.04115551835628,7373450.0,20891838.6286365,3456.0,0.046892846859848195,81144.34077088162,0.389916547946195,0.9535,0.0008000000000000229,0.08397186942374546,48.809999999999995,51.190000000000005,1.6312,-0.0006999999999999229,-0.04289478521967786,61.99,38.01,0.9008,-0.0024999999999999467,-0.2767629801837647,47.39,52.61,0.6777,-0.05269999999999997,-0.7303999999999999,1781971200001,2026-06-20 16:00:00 UTC,0.00052442,2.854
FINAL_REAL_MARK_PREMIUM_CLOSED_GUARD_2026_06_13,1781978400000,2026-06-20 18:00:00 UTC,MUSDT,1781978400000,2026-06-20 18:00:00 UTC,1781979299999,2026-06-20 18:14:59 UTC,True,2.843,2.8451,2.8324,2.8419,-0.0007999999999999119,-0.028142259119847746,49.05299991245358,2.841341,2.84479115,2.83071455,2.84085015,-0.00047085000000013366,-0.01657151726257377,1781979299999,2026-06-20 18:14:59 UTC,0.0010498499999997968,0.036955486722866984,0.00271923,0.00364508,0.00063754,0.00236641,-0.0004102699999999999,-14.775559301035765,1781979299999,2026-06-20 18:14:59 UTC,621,-96.0,-13.389121338912133,7500.0,582.0,8.412836079791846,21291.9726,1638.7806999999993,8.338496404749394,binance_kline_quote_asset_volume,12.077294685990339,34.28659033816425,0.012700000000000156,0.4467112205416868,-0.001100000000000101,-0.03869152303904681,0.001100000000000101,0.03869152303904681,0.0020999999999999908,16.535433070865864,0.009500000000000064,74.8031496062988,0.748031496062988,4929.0,2571.0,65.72,34.28,13989.3973,915.9804999999997,7.006435379617053,7302.5753,722.8001999999997,10.985180937263337,65.70268317929359,34.297316820706406,1.9171528588098017,1.9156799793628967,6686.822,31.405366358587177,7372427.0,20947431.656067,-1023.0,-0.013874102353715018,55593.02743049711,0.2660992573161827,0.9395,-0.014000000000000012,-1.4682747771368654,48.44,51.559999999999995,1.63,-0.0012000000000000899,-0.07356547327121689,61.980000000000004,38.019999999999996,0.8925,-0.008300000000000085,-0.921403197158091,47.160000000000004,52.839999999999996,0.6904999999999999,-0.04700000000000004,-0.7374999999999999,1781971200001,2026-06-20 16:00:00 UTC,0.00052442,2.854
FINAL_REAL_MARK_PREMIUM_CLOSED_GUARD_2026_06_13,1781979300000,2026-06-20 18:15:00 UTC,MUSDT,1781979300000,2026-06-20 18:15:00 UTC,1781980199999,2026-06-20 18:29:59 UTC,True,2.8408,2.8408,2.8312,2.8346,-0.007299999999999862,-0.25687040360321833,45.534930942184495,2.84085015,2.84086872,2.8301167,2.83395524,-0.006894910000000198,-0.24270586746718048,1781980199999,2026-06-20 18:29:59 UTC,0.000644760000000133,0.022751241476916657,0.00228242,0.00302848,0.0,0.00217808,-0.00018833,-7.95846873534172,1781980199999,2026-06-20 18:29:59 UTC,531,-90.0,-14.492753623188406,4743.0,-2757.0,-36.76,13445.0946,-7846.878000000001,-36.85369198718582,binance_kline_quote_asset_volume,8.932203389830509,25.32032881355932,0.009600000000000275,0.3379329766263121,-0.006200000000000205,-0.21824838073782757,0.006200000000000205,0.21824838073782757,0.0,0.0,0.0034000000000000696,35.41666666666638,0.3541666666666638,2406.0,2337.0,50.72738772928527,49.27261227071474,6819.4995,-7169.897800000001,-51.25237096525953,6625.5951000000005,-676.9802,-9.270430939616602,50.72109719480887,49.27890280519112,1.0295250320924263,1.02926595982299,193.90439999999944,1.4421943896177527,7371373.0,20940966.09275595,-1054.0,-0.014296513210642844,-6465.563311047852,-0.03086566132404701,0.9417,0.0021999999999999797,0.23416711016497924,48.5,51.5,1.6299,-9.999999999998899e-05,-0.006134969325152699,61.980000000000004,38.019999999999996,0.8929,0.00040000000000006697,0.04481792717087585,47.17,52.83,0.6881999999999999,-0.048799999999999955,-0.7369999999999999,1781971200001,2026-06-20 16:00:00 UTC,0.00052442,2.854
FINAL_REAL_MARK_PREMIUM_CLOSED_GUARD_2026_06_13,1781980200000,2026-06-20 18:30:00 UTC,MUSDT,1781980200000,2026-06-20 18:30:00 UTC,1781981099999,2026-06-20 18:44:59 UTC,True,2.8346,2.8382,2.827,2.8291,-0.00550000000000006,-0.19403090383123053,43.030878052431355,2.83405774,2.8378,2.82699814,2.8291,-0.004855239999999927,-0.17132380679378434,1781981099999,2026-06-20 18:44:59 UTC,0.0,0.0,0.00222543,0.00330782,0.00141229,0.00168218,-0.0004959000000000003,-22.767758760008828,1781981099999,2026-06-20 18:44:59 UTC,344,-187.0,-35.2165725047081,2723.0,-2020.0,-42.58907864220957,7712.3671,-5732.7275,-42.638059980626686,binance_kline_quote_asset_volume,7.915697674418604,22.41967180232558,0.011200000000000099,0.3951174768926867,-0.00550000000000006,-0.19403090383123053,0.00550000000000006,0.19403090383123053,0.0036000000000000476,32.14285714285728,0.0020999999999999908,18.74999999999975,0.18749999999999753,1646.0,1077.0,60.4480352552332,39.5519647447668,4663.4697,-2156.0298000000003,-31.61566035747932,3048.8974000000007,-3576.6976999999997,-53.98304070829803,60.46742380818464,39.53257619181536,1.5283194057567318,1.5295594072794967,1614.572299999999,20.934847616369286,7371123.0,20889432.65053452,-250.0,-0.0033914984359087515,-51533.4422214292,-0.2460891345373794,0.9421,0.00040000000000006697,0.0424763725177941,48.51,51.49,1.6299,0.0,0.0,61.980000000000004,38.019999999999996,0.8957,0.0028000000000000247,0.31358494792250247,47.25,52.75,0.6877999999999999,-0.0464,-0.7341999999999999,1781971200001,2026-06-20 16:00:00 UTC,0.00052442,2.854
FINAL_REAL_MARK_PREMIUM_CLOSED_GUARD_2026_06_13,1781981100000,2026-06-20 18:45:00 UTC,MUSDT,1781981100000,2026-06-20 18:45:00 UTC,1781981999999,2026-06-20 18:59:59 UTC,True,2.828,2.8314,2.8231,2.8281,-0.0009999999999998899,-0.03534693011911526,42.572472694748086,2.82816489,2.83079938,2.82125141,2.82689707,-0.0022029300000001584,-0.07786681276731676,1781981999999,2026-06-20 18:59:59 UTC,0.0012029300000002685,0.04255301732652999,0.00210052,0.00238149,0.0,0.00070743,-0.0009747499999999999,-57.94564196459356,1781981999999,2026-06-20 18:59:59 UTC,493,149.0,43.31395348837209,5049.0,2326.0,85.42049210429673,14272.2879,6559.920799999999,85.05716487484106,binance_kline_quote_asset_volume,10.241379310344827,28.949874036511154,0.008299999999999752,0.29349363507778475,0.00010000000000021103,0.0035360678925109986,0.00010000000000021103,0.0035360678925109986,0.0032999999999998586,39.7590361445778,0.004899999999999682,59.03614457831119,0.602409638554222,3215.0,1834.0,63.67597544068132,36.32402455931868,9089.3376,4425.867900000001,94.90504248371124,5182.950299999999,2134.052899999998,69.99425103645656,63.68521756066875,36.31478243933125,1.7529989094874592,1.7536995483055284,3906.387300000002,27.3704351213375,7371460.0,20854597.486,337.0,0.004571894947350628,-34835.16453452036,-0.1667597445909044,0.9455,0.0033999999999999586,0.3608958709266488,48.6,51.4,1.6296,-0.00029999999999996696,-0.01840603718019308,61.970000000000006,38.03,0.8983,0.0025999999999999357,0.290275761973868,47.32,52.68000000000001,0.6840999999999999,-0.04720000000000002,-0.7313,1781971200001,2026-06-20 16:00:00 UTC,0.00052442,2.854
FINAL_REAL_MARK_PREMIUM_CLOSED_GUARD_2026_06_13,1781982000000,2026-06-20 19:00:00 UTC,MUSDT,1781982000000,2026-06-20 19:00:00 UTC,1781982899999,2026-06-20 19:14:59 UTC,True,2.8281,2.8331,2.8236,2.8298,0.0017000000000000348,0.060111028605778966,43.67106020872813,2.82689707,2.8327,2.8249,2.8298,0.0029029300000003033,0.10268962498872672,1781982899999,2026-06-20 19:14:59 UTC,0.0,0.0,0.00079348,0.00140203,0.0,6.182e-05,-0.00064561,-91.26132620895355,1781982899999,2026-06-20 19:14:59 UTC,459,-34.0,-6.896551724137931,3274.0,-1775.0,-35.15547633194692,9260.5937,-5011.6942,-35.114861997703954,binance_kline_quote_asset_volume,7.132897603485839,20.175585403050107,0.009500000000000064,0.33591457162052485,0.0017000000000000348,0.060111028605778966,0.0017000000000000348,0.060111028605778966,0.0032999999999998586,34.73684210526143,0.0045000000000001705,47.36842105263305,0.6526315789473857,1606.0,1668.0,49.053145998778255,50.946854001221745,4543.7978,-4545.5398000000005,-50.009582656496335,4716.795899999999,-466.15439999999944,-8.993997106242743,49.06594487565091,50.9340551243491,0.9628297362110312,0.96332296252208,-172.99809999999889,-1.8681102486981898,7372063.0,20840063.29455541,603.0,0.008180197681327715,-14534.191444590688,-0.06969298474519925,0.9463,0.0008000000000000229,0.08461131676361955,48.620000000000005,51.38,1.6292,-0.00039999999999995595,-0.02454590083455793,61.96,38.04,0.8986,0.00029999999999996696,0.03339641545140454,47.33,52.669999999999995,0.6829,-0.047700000000000076,-0.7306,1781971200001,2026-06-20 16:00:00 UTC,0.00052442,2.854
FINAL_REAL_MARK_PREMIUM_CLOSED_GUARD_2026_06_13,1781982900000,2026-06-20 19:15:00 UTC,MUSDT,1781982900000,2026-06-20 19:15:00 UTC,1781983799999,2026-06-20 19:29:59 UTC,True,2.8315,2.8324,2.8259,2.8318,0.0019999999999997797,0.07067637288853557,45.00400260663829,2.8298,2.8319,2.82408434,2.8315315,0.001731499999999997,0.0611880698282563,1781983799999,2026-06-20 19:29:59 UTC,0.0002684999999997828,0.009482500901006498,0.00031362,0.00227263,0.0,0.00170055,0.0016387300000000001,2650.808799741184,1781983799999,2026-06-20 19:29:59 UTC,424,-35.0,-7.625272331154684,3477.0,203.0,6.200366524129505,9836.559,575.9652999999998,6.21952888398505,binance_kline_quote_asset_volume,8.200471698113208,23.199431603773583,0.00649999999999995,0.22956030372593855,0.0002999999999997449,0.010595090941188236,0.0002999999999997449,0.010595090941188236,0.0005999999999999339,9.230769230768285,0.005600000000000271,86.15384615385099,0.9076923076923171,2548.0,929.0,73.2815645671556,26.718435432844405,7209.1164,2665.3185999999996,58.65838924434532,2627.4425999999994,-2089.3532999999998,-44.296029429638885,73.28900685697103,26.710993143028976,2.7427341227125943,2.7437769335094138,4581.6738000000005,46.57801371394205,7372003.0,20861294.0894,-60.0,-0.0008138834407682082,21230.794844590127,0.10187490577409522,0.9463,0.0,0.0,48.620000000000005,51.38,1.6288,-0.00039999999999995595,-0.02455192732629241,61.96,38.04,0.9011,0.0025000000000000577,0.27821054974405274,47.4,52.6,0.6825,-0.04520000000000002,-0.7277,1781971200001,2026-06-20 16:00:00 UTC,0.00052442,2.854
FINAL_REAL_MARK_PREMIUM_CLOSED_GUARD_2026_06_13,1781983800000,2026-06-20 19:30:00 UTC,MUSDT,1781983800000,2026-06-20 19:30:00 UTC,1781984699999,2026-06-20 19:44:59 UTC,True,2.8318,2.8457,2.8288,2.8442,0.012399999999999967,0.43788403135814563,52.507760707322575,2.8315315,2.8456,2.82853328,2.8435552,0.01202369999999986,0.4246359258231759,1781984699999,2026-06-20 19:44:59 UTC,0.0006447999999998899,0.02267583903417419,0.00169309,0.00344688,0.0,0.00246836,0.0007678100000000001,45.15068654258916,1781984699999,2026-06-20 19:44:59 UTC,462,38.0,8.962264150943396,3889.0,412.0,11.84929536957147,11026.7385,1190.1795000000002,12.09955127601024,binance_kline_quote_asset_volume,8.417748917748918,23.86739935064935,0.016899999999999693,0.5967935588671408,0.012399999999999967,0.43788403135814563,0.012399999999999967,0.43788403135814563,0.0015000000000000568,8.875739644970912,0.0029999999999996696,17.751479289939194,0.9112426035502909,2946.0,943.0,75.75212136796091,24.247878632039086,8356.0368,1146.9204,15.90930616684175,2670.7016999999996,43.25910000000022,1.646433684222073,75.77976751693168,24.220232483068312,3.12407211028632,3.1287795263694185,5685.3351,51.55953503386337,7371645.0,20873045.0243175,-358.0,-0.0048562107204785454,11750.93491749838,0.05632888768616344,0.9482,0.0019000000000000128,0.20078199302546892,48.67,51.33,1.6285,-0.00029999999999996696,-0.018418467583495024,61.96,38.04,0.9011,0.0,0.0,47.4,52.6,0.6803,-0.04710000000000003,-0.7274,1781971200001,2026-06-20 16:00:00 UTC,0.00052442,2.854
FINAL_REAL_MARK_PREMIUM_CLOSED_GUARD_2026_06_13,1781984700000,2026-06-20 19:45:00 UTC,MUSDT,1781984700000,2026-06-20 19:45:00 UTC,1781985599999,2026-06-20 19:59:59 UTC,True,2.8442,2.8454,2.8342,2.8388,-0.005399999999999849,-0.18986006609942513,49.34991497953337,2.8435552,2.84487416,2.83268007,2.8372,-0.006355199999999783,-0.2234948700837523,1781985599999,2026-06-20 19:59:59 UTC,0.0015999999999998238,0.05639362752008401,0.00248542,0.00341402,0.0,0.00127006,-0.0011983000000000002,-48.54640327991056,1781985599999,2026-06-20 19:59:59 UTC,407,-55.0,-11.904761904761903,2555.0,-1334.0,-34.301877089226025,7255.6394,-3771.0990999999995,-34.19958766592678,binance_kline_quote_asset_volume,6.277641277641278,17.82712383292383,0.011200000000000099,0.3937838407988221,-0.005399999999999849,-0.18986006609942513,0.005399999999999849,0.18986006609942513,0.001200000000000312,10.714285714288405,0.0045999999999999375,41.071428571427646,0.4107142857142765,1591.0,964.0,62.27005870841488,37.72994129158513,4519.1576,-3836.8792000000003,-45.917452158659714,2736.4818000000005,65.78010000000086,2.463026851707207,62.28476018254159,37.71523981745841,1.650414937759336,1.6514480746774924,1782.675799999999,24.569520365083182,7371504.0,20961278.5310208,-141.0,-0.0019127345388987127,88233.50670330226,0.42271506912627516,0.9414,-0.006800000000000028,-0.7171482809533883,48.49,51.51,1.6281,-0.00039999999999995595,-0.024562480810559163,61.95,38.05,0.8965,-0.0046000000000000485,-0.5104871823327098,47.27,52.73,0.6867000000000001,-0.04490000000000005,-0.7316000000000001,1781971200001,2026-06-20 16:00:00 UTC,0.00052442,2.854
FINAL_REAL_MARK_PREMIUM_CLOSED_GUARD_2026_06_13,1781985600000,2026-06-20 20:00:00 UTC,MUSDT,1781985600000,2026-06-20 20:00:00 UTC,1781986499999,2026-06-20 20:14:59 UTC,True,2.8385,2.8549,2.8373,2.8541,0.01529999999999987,0.5389601239960501,57.20334826742515,2.8388,2.85457527,2.83718738,2.85394147,0.016741469999999925,0.5900701395742255,1781986499999,2026-06-20 20:14:59 UTC,0.00015852999999976802,0.005554774043763694,0.00047745,0.00334782,0.0,0.00252719,0.00125713,98.9819378612034,1781986499999,2026-06-20 20:14:59 UTC,582,175.0,42.997542997543,4439.0,1884.0,73.73776908023484,12633.2035,5377.5641,74.1156472026435,binance_kline_quote_asset_volume,7.6271477663230245,21.7065352233677,0.017600000000000282,0.6200457988374242,0.015600000000000058,0.5495860489695282,0.015600000000000058,0.5495860489695282,0.000800000000000356,4.545454545456495,0.0011999999999998678,6.818181818180959,0.954545454545435,2947.0,1492.0,66.38882631223248,33.61117368776752,8389.3087,3870.1511,85.63877258894446,4243.8948,1507.4129999999996,55.08580396916943,66.40681993288558,33.59318006711441,1.975201072386059,1.9767946886902097,4145.4139,32.81363986577118,7371618.0,20914754.5896,114.0,0.0015464958032987569,-46523.941420800984,-0.22195183061925228,0.9414,0.0,0.0,48.49,51.51,1.628,-0.00010000000000021103,-0.006142128861876483,61.95,38.05,0.8968,0.000300000000000078,0.03346346904629983,47.28,52.72,0.6865999999999999,-0.04459999999999997,-0.7311999999999999,1781985600000,2026-06-20 20:00:00 UTC,0.0005267,2.8388
FINAL_REAL_MARK_PREMIUM_CLOSED_GUARD_2026_06_13,1781986500000,2026-06-20 20:15:00 UTC,MUSDT,1781986500000,2026-06-20 20:15:00 UTC,1781987399999,2026-06-20 20:29:59 UTC,True,2.8541,2.8582,2.8512,2.8512,-0.0028999999999999027,-0.1016082127465717,55.448418289396855,2.85394147,2.85812443,2.85064732,2.8510151,-0.002926369999999956,-0.10253784216534602,1781987399999,2026-06-20 20:29:59 UTC,0.00018489999999982132,0.00648540935471795,0.00254992,0.00301291,0.00023588,0.00103667,-0.00149052,-58.979340690648506,1781987399999,2026-06-20 20:29:59 UTC,560,-22.0,-3.7800687285223367,3095.0,-1344.0,-30.27708943455733,8837.9069,-3795.2965999999997,-30.042234339057387,binance_kline_quote_asset_volume,5.526785714285714,15.781976607142857,0.007000000000000117,0.24526120318139227,-0.0028999999999999027,-0.1016082127465717,0.0028999999999999027,0.1016082127465717,0.004100000000000215,58.57142857143065,0.0,0.0,0.0,1703.0,1392.0,55.02423263327948,44.97576736672052,4863.7307,-3525.5779999999995,-42.02465454632752,3974.1762,-269.71860000000015,-6.35544971567156,55.03260845619453,44.96739154380547,1.223419540229885,1.223833684072689,889.5545000000002,10.065216912389067,7372402.0,21040403.80131094,784.0,0.01063538561005196,125649.21171094105,0.6007682814189985,0.9212,-0.020199999999999996,-2.145740386658168,47.949999999999996,52.05,1.6275,-0.0004999999999999449,-0.030712530712527334,61.94,38.06,0.8847,-0.0121,-1.3492417484388939,46.94,53.059999999999995,0.7062999999999999,-0.03649999999999998,-0.7427999999999999,1781985600000,2026-06-20 20:00:00 UTC,0.0005267,2.8388
FINAL_REAL_MARK_PREMIUM_CLOSED_GUARD_2026_06_13,1781987400000,2026-06-20 20:30:00 UTC,MUSDT,1781987400000,2026-06-20 20:30:00 UTC,1781988299999,2026-06-20 20:44:59 UTC,True,2.8507,2.8515,2.8377,2.8511,-9.999999999976694e-05,-0.0035072951739536667,55.38531969351384,2.8510151,2.8512,2.83812786,2.84742244,-0.0035926600000002473,-0.12601336274929753,1781988299999,2026-06-20 20:44:59 UTC,0.0036775600000003017,0.12915400076710437,0.00100583,0.00217983,8.862e-05,0.00116848,0.00013181,12.714750113343687,1781988299999,2026-06-20 20:44:59 UTC,494,-66.0,-11.785714285714285,5163.0,2068.0,66.81744749596122,14680.5548,5842.6479,66.10895505133686,binance_kline_quote_asset_volume,10.451417004048583,29.717722267206476,0.013800000000000257,0.4840916266180327,0.00040000000000040004,0.014031641351261096,0.00040000000000040004,0.014031641351261096,0.00039999999999995595,2.8985507246373077,0.0129999999999999,94.20289855072217,0.971014492753627,2173.0,2990.0,42.0879333720705,57.912066627929505,6181.44,1317.7092999999995,27.092562916774966,8499.1148,4524.9385999999995,113.85852997660244,42.10631058711759,57.893689412882395,0.7267558528428094,0.7273039775859952,-2317.6748,-15.787378825764812,7372613.0,21019430.9894563,211.0,0.0028620251581506274,-20972.811854641885,-0.09967875166604527,0.9205,-0.0007000000000000339,-0.07598784194529244,47.93,52.07000000000001,1.6271,-0.00039999999999995595,-0.024577572964667033,61.92999999999999,38.07,0.8836,-0.0010999999999999899,-0.12433593308466033,46.910000000000004,53.09,0.7066,-0.03689999999999993,-0.7434999999999999,1781985600000,2026-06-20 20:00:00 UTC,0.0005267,2.8388
FINAL_REAL_MARK_PREMIUM_CLOSED_GUARD_2026_06_13,1781988300000,2026-06-20 20:45:00 UTC,MUSDT,1781988300000,2026-06-20 20:45:00 UTC,1781989199999,2026-06-20 20:59:59 UTC,True,2.8515,2.8582,2.8502,2.8582,0.007099999999999884,0.2490266914524178,58.95654671605371,2.85027608,2.8582,2.8494023,2.8576,0.010177560000000252,0.35743063119219687,1781989199999,2026-06-20 20:59:59 UTC,0.0005999999999999339,0.020996640537511685,0.001402,0.00272294,0.0,0.00136507,0.00019658999999999996,16.824421470628508,1781989199999,2026-06-20 20:59:59 UTC,493,-1.0,-0.20242914979757085,2538.0,-2625.0,-50.84253341080767,7249.0622,-7431.4926,-50.62133346622567,binance_kline_quote_asset_volume,5.148073022312373,14.703980121703854,0.008000000000000007,0.28055409433631445,0.006699999999999928,0.23496405400666065,0.006699999999999928,0.23496405400666065,0.0,0.0,0.0013000000000000789,16.250000000000973,1.0,1717.0,821.0,67.65169424743893,32.348305752561075,4903.8462,-1277.5937999999996,-20.668222938344456,2345.2160000000003,-6153.898799999999,-72.40634989422662,67.64800831754485,32.35199168245515,2.0913520097442144,2.0909998055616197,2558.6301999999996,35.2960166350897,7373628.0,20995833.83141232,1015.0,0.013767167759924466,-23597.1580439806,-0.11226354346041685,0.9253,0.0048000000000000265,0.5214557305812088,48.06,51.94,1.6265,-0.0005999999999999339,-0.0368754225308791,61.92999999999999,38.07,0.8925,0.008899999999999908,1.0072430964237107,47.160000000000004,52.839999999999996,0.7012,-0.03280000000000005,-0.7340000000000001,1781985600000,2026-06-20 20:00:00 UTC,0.0005267,2.8388
FINAL_REAL_MARK_PREMIUM_CLOSED_GUARD_2026_06_13,1781989200000,2026-06-20 21:00:00 UTC,MUSDT,1781989200000,2026-06-20 21:00:00 UTC,1781990099999,2026-06-20 21:14:59 UTC,True,2.8581,2.8792,2.8579,2.8779,0.01969999999999983,0.6892449793576316,66.87864653175274,2.85759607,2.8779,2.85682123,2.87695446,0.01935445999999974,0.6772977323628128,1781990099999,2026-06-20 21:14:59 UTC,0.0009455400000000225,0.032866005115702195,0.00109349,0.00308483,0.00030046,0.00256941,0.00120434,88.22551224479331,1781990099999,2026-06-20 21:14:59 UTC,1044,551.0,111.76470588235294,10953.0,8415.0,331.56028368794324,31426.1473,24177.0851,333.5201772720339,binance_kline_quote_asset_volume,10.491379310344827,30.101673659003833,0.021300000000000097,0.745250341135723,0.01980000000000004,0.6927679227458816,0.01980000000000004,0.6927679227458816,0.0013000000000000789,6.103286384976869,0.00019999999999997797,0.9389671361501271,0.9389671361502313,5838.0,5115.0,53.30046562585593,46.69953437414407,16753.7595,11849.9133,241.6452885492208,14672.3878,12327.1718,525.6305517274315,53.311528581806144,46.688471418193856,1.1413489736070381,1.1418563718715231,2081.3716999999997,6.6230571636122875,7373504.0,21070525.0304,-124.0,-0.0016816687796021173,74691.19898768142,0.35574295161325914,0.9212,-0.0040999999999999925,-0.44309953528585244,47.949999999999996,52.05,1.6262,-0.00029999999999996696,-0.018444512757452625,61.919999999999995,38.080000000000005,0.8864,-0.006099999999999994,-0.6834733893557418,46.989999999999995,53.010000000000005,0.7050000000000001,-0.03480000000000005,-0.7398000000000001,1781985600000,2026-06-20 20:00:00 UTC,0.0005267,2.8388
FINAL_REAL_MARK_PREMIUM_CLOSED_GUARD_2026_06_13,1781990100000,2026-06-20 21:15:00 UTC,MUSDT,1781990100000,2026-06-20 21:15:00 UTC,1781990999999,2026-06-20 21:29:59 UTC,True,2.8779,2.88,2.8583,2.8654,-0.012499999999999734,-0.434344487299758,59.08561162132204,2.87692946,2.87932519,2.8583,2.8654,-0.011554459999999711,-0.40162123386547144,1781990999999,2026-06-20 21:29:59 UTC,0.0,0.0,0.00272324,0.00301555,0.0,0.00141157,-0.0011578399999999998,-45.06248516196325,1781990999999,2026-06-20 21:29:59 UTC,650,-394.0,-37.73946360153257,5048.0,-5905.0,-53.91217018168538,14486.9696,-16939.1777,-53.90154109027549,binance_kline_quote_asset_volume,7.766153846153846,22.28764553846154,0.021700000000000053,0.7540220299523978,-0.012499999999999734,-0.434344487299758,0.012499999999999734,0.434344487299758,0.0020999999999999908,9.677419354838644,0.007100000000000328,32.718894009218026,0.32718894009218025,1718.0,3330.0,34.033280507131536,65.96671949286846,4934.1187,-11819.640800000001,-70.54918509484395,9552.850900000001,-5119.536899999999,-34.89232270701023,34.059011899907624,65.94098810009238,0.5159159159159159,0.5165074543349147,-4618.732200000001,-31.88197620018476,7372107.0,21209216.11324722,-1397.0,-0.018946216073118017,138691.08284721896,0.6582231939978672,0.9249,0.0037000000000000366,0.401650021710816,48.05,51.949999999999996,1.6264,0.00019999999999997797,0.0122986102570396,61.92999999999999,38.07,0.8896,0.0031999999999999806,0.3610108303249076,47.08,52.92,0.7015,-0.03530000000000011,-0.7368000000000001,1781985600000,2026-06-20 20:00:00 UTC,0.0005267,2.8388
FINAL_REAL_MARK_PREMIUM_CLOSED_GUARD_2026_06_13,1781991000000,2026-06-20 21:30:00 UTC,MUSDT,1781991000000,2026-06-20 21:30:00 UTC,1781991899999,2026-06-20 21:44:59 UTC,True,2.8644,2.8659,2.8535,2.8613,-0.004100000000000215,-0.1430864800725977,56.74977833518707,2.8654,2.8654,2.85267579,2.8613,-0.004100000000000215,-0.1430864800725977,1781991899999,2026-06-20 21:44:59 UTC,0.0,0.0,0.00138052,0.00289507,0.0,0.00137686,-3.471000000000008e-05,-2.458964132136563,1781991899999,2026-06-20 21:44:59 UTC,290,-360.0,-55.38461538461539,3048.0,-2000.0,-39.61965134706815,8715.1533,-5771.8163,-39.84143309032691,binance_kline_quote_asset_volume,10.510344827586207,30.05225275862069,0.012399999999999967,0.4329004329004318,-0.0030999999999998806,-0.10822510822510406,0.0030999999999998806,0.10822510822510406,0.0015000000000000568,12.096774193548878,0.007800000000000029,62.903225806452014,0.6290322580645201,1317.0,1731.0,43.20866141732284,56.79133858267716,3766.665,-1167.4537,-23.660835317966715,4948.4883,-4604.362600000001,-48.19883245534587,43.21972167718496,56.78027832281505,0.7608318890814558,0.7611748824383398,-1181.8233,-13.56055664563009,7370859.0,21120459.3786,-1248.0,-0.016928674529547657,-88756.73464721814,-0.4184819192434977,0.9201,-0.0048000000000000265,-0.5189750243269571,47.92,52.080000000000005,1.6261,-0.00029999999999996696,-0.018445646827346715,61.919999999999995,38.080000000000005,0.8929,0.0033000000000000806,0.370953237410081,47.17,52.83,0.7060000000000001,-0.027200000000000002,-0.7332000000000001,1781985600000,2026-06-20 20:00:00 UTC,0.0005267,2.8388
FINAL_REAL_MARK_PREMIUM_CLOSED_GUARD_2026_06_13,1781991900000,2026-06-20 21:45:00 UTC,MUSDT,1781991900000,2026-06-20 21:45:00 UTC,1781992799999,2026-06-20 21:59:59 UTC,True,2.8613,2.8702,2.8606,2.8702,0.00890000000000013,0.31104742599518154,60.40868142447253,2.8613,2.86963975,2.86069998,2.86963975,0.008339750000000201,0.2914671652745326,1781992799999,2026-06-20 21:59:59 UTC,0.0005602499999999289,0.0195233565467557,0.00168795,0.00322754,0.00023167,0.00269224,0.0013153799999999999,95.53476751448949,1781992799999,2026-06-20 21:59:59 UTC,361,71.0,24.482758620689655,2601.0,-447.0,-14.665354330708661,7454.6491,-1260.5042000000003,-14.463362336953962,binance_kline_quote_asset_volume,7.204986149584488,20.649997506925207,0.009600000000000275,0.3355118302869421,0.00890000000000013,0.31104742599518154,0.00890000000000013,0.31104742599518154,0.0,0.0,0.000700000000000145,7.291666666667967,1.0,1604.0,997.0,61.66858900422915,38.33141099577086,4595.4481,828.7830999999996,22.003100886327818,2859.201,-2089.2873,-42.22071819387751,61.64539790343719,38.3546020965628,1.608826479438315,1.6072490531445671,1736.2470999999996,23.290795806874392,7370198.0,21088347.5374,-661.0,-0.008967747178449621,-32111.841200001538,-0.15204139561726765,0.9201,0.0,0.0,47.92,52.080000000000005,1.626,-0.00010000000000021103,-0.006149683291323474,61.919999999999995,38.080000000000005,0.8889,-0.0040000000000000036,-0.4479784970321429,47.06,52.94,0.7058999999999999,-0.031200000000000006,-0.7370999999999999,1781985600000,2026-06-20 20:00:00 UTC,0.0005267,2.8388
FINAL_REAL_MARK_PREMIUM_CLOSED_GUARD_2026_06_13,1781992800000,2026-06-20 22:00:00 UTC,MUSDT,1781992800000,2026-06-20 22:00:00 UTC,1781993699999,2026-06-20 22:14:59 UTC,True,2.8702,2.8786,2.8669,2.8786,0.008399999999999963,0.29266253222771804,63.54349396723243,2.86966142,2.8786,2.86657077,2.87740453,0.007764780000000027,0.2705837901778447,1781993699999,2026-06-20 22:14:59 UTC,0.0011954699999998653,0.0415468171936139,0.00266465,0.00339815,0.00150437,0.00244909,-0.0002431499999999997,-9.031512792321625,1781993699999,2026-06-20 22:14:59 UTC,492,131.0,36.288088642659275,3444.0,843.0,32.410611303344865,9887.6917,2433.0425999999998,32.637922554932864,binance_kline_quote_asset_volume,7.0,20.096934349593496,0.011700000000000266,0.4076370984600469,0.008399999999999963,0.29266253222771804,0.008399999999999963,0.29266253222771804,0.0,0.0,0.0033000000000003027,28.205128205130155,1.0,2266.0,1178.0,65.79558652729385,34.20441347270616,6505.6132,1910.1651000000002,41.566460080356485,3382.0784999999996,522.8774999999996,18.287539071230025,65.79506519201038,34.20493480798961,1.9235993208828523,1.9235547607780246,3123.5347,31.590130384020775,7369132.0,21146754.110197,-1066.0,-0.014463654843465535,58406.57279700041,0.2769613536262946,0.9186,-0.0015000000000000568,-0.1630257580697812,47.88,52.12,1.6261,0.00010000000000021103,0.0061500615006279844,61.919999999999995,38.080000000000005,0.8871,-0.0018000000000000238,-0.2024974687816429,47.010000000000005,52.99,0.7075000000000001,-0.03149999999999997,-0.7390000000000001,1781985600000,2026-06-20 20:00:00 UTC,0.0005267,2.8388
FINAL_REAL_MARK_PREMIUM_CLOSED_GUARD_2026_06_13,1781993700000,2026-06-20 22:15:00 UTC,MUSDT,1781993700000,2026-06-20 22:15:00 UTC,1781994599999,2026-06-20 22:29:59 UTC,True,2.8781,2.8796,2.8728,2.8767,-0.0019000000000000128,-0.0660043076495523,62.34110467060811,2.87740453,2.8782071,2.87272639,2.87589523,-0.0015093000000003798,-0.052453521368452834,1781994599999,2026-06-20 22:29:59 UTC,0.0008047700000002322,0.02798328644260912,0.00210167,0.00290606,0.00154006,0.00271946,0.0002703699999999998,11.039610630887383,1781994599999,2026-06-20 22:29:59 UTC,462,-30.0,-6.097560975609756,2630.0,-814.0,-23.635307781649246,7564.2171,-2323.4745999999996,-23.49865540407171,binance_kline_quote_asset_volume,5.692640692640692,16.372764285714286,0.006800000000000139,0.23626698168931376,-0.0013999999999998458,-0.04864320211249942,0.0013999999999998458,0.04864320211249942,0.0015000000000000568,22.058823529412148,0.0039000000000002366,57.352941176472896,0.5735294117647289,1389.0,1241.0,52.81368821292776,47.18631178707224,3995.2034,-2510.4098,-38.588365505652874,3569.0137,186.93520000000035,5.527228300584992,52.81714349526007,47.18285650473993,1.1192586623690572,1.1194138593527954,426.1896999999999,5.634286990520141,7369450.0,21204888.8136085,318.0,0.004315297921112011,58134.7034115009,0.2749107645956324,0.915,-0.0035999999999999366,-0.39190071848464364,47.78,52.22,1.6258,-0.000300000000000189,-0.018449049873943114,61.919999999999995,38.080000000000005,0.8864,-0.0007000000000000339,-0.0789088039679894,46.989999999999995,53.010000000000005,0.7107999999999999,-0.02860000000000007,-0.7394,1781985600000,2026-06-20 20:00:00 UTC,0.0005267,2.8388
FINAL_REAL_MARK_PREMIUM_CLOSED_GUARD_2026_06_13,1781994600000,2026-06-20 22:30:00 UTC,MUSDT,1781994600000,2026-06-20 22:30:00 UTC,1781995499999,2026-06-20 22:44:59 UTC,True,2.8764,2.877,2.8736,2.8749,-0.0018000000000002458,-0.0625716967358517,61.16038230575512,2.87589523,2.877,2.87193086,2.87417885,-0.0017163799999999618,-0.05968159000006276,1781995499999,2026-06-20 22:44:59 UTC,0.0007211499999999482,0.02509064458532037,0.00264337,0.00324477,0.00087902,0.00230506,-0.0004144000000000001,-15.238319372228315,1781995499999,2026-06-20 22:44:59 UTC,324,-138.0,-29.87012987012987,2791.0,161.0,6.1216730038022815,8025.5829,461.3658000000005,6.099319915077536,binance_kline_quote_asset_volume,8.614197530864198,24.770317592592594,0.0033999999999996255,0.11820330969265838,-0.0015000000000000568,-0.05214851898206289,0.0015000000000000568,0.05214851898206289,0.0005999999999999339,17.647058823529413,0.0012999999999996348,38.23529411764053,0.3823529411764053,1469.0,1322.0,52.633464707989965,47.366535292010035,4223.9778,228.7743999999998,5.726226604632941,3801.6051000000007,232.5914000000007,6.516965737621032,52.63141447333376,47.36858552666624,1.111195158850227,1.111103780874031,422.372699999999,5.262828946667524,7368781.0,21191842.12881463,-669.0,-0.009078018033910264,-13046.684793870896,-0.06152677766222487,0.9146,-0.00040000000000006697,-0.04371584699454284,47.77,52.23,1.6255,-0.00029999999999996696,-0.01845245417640343,61.91,38.09,0.8836,-0.0027999999999999137,-0.3158844765342863,46.910000000000004,53.09,0.7109,-0.030999999999999917,-0.7418999999999999,1781985600000,2026-06-20 20:00:00 UTC,0.0005267,2.8388
FINAL_REAL_MARK_PREMIUM_CLOSED_GUARD_2026_06_13,1781995500000,2026-06-20 22:45:00 UTC,MUSDT,1781995500000,2026-06-20 22:45:00 UTC,1781996399999,2026-06-20 22:59:59 UTC,True,2.8747,2.8753,2.8668,2.8697,-0.005199999999999871,-0.18087585655152777,57.75712796432189,2.87417885,2.8753,2.86560824,2.8676148,-0.00656404999999971,-0.22838001191191393,1781996399999,2026-06-20 22:59:59 UTC,0.0020851999999997872,0.07271548465992668,0.00244177,0.00244177,0.0,0.00058189,-0.00172317,-74.75597164498973,1781996399999,2026-06-20 22:59:59 UTC,365,41.0,12.654320987654321,3128.0,337.0,12.074525259763526,8982.0077,956.4247999999998,11.917200431634688,binance_kline_quote_asset_volume,8.56986301369863,24.6082402739726,0.008500000000000174,0.2956830277942107,-0.004999999999999893,-0.17393119282011665,0.004999999999999893,0.17393119282011665,0.000600000000000378,7.058823529416067,0.0028999999999999027,34.11764705882169,0.3411764705882169,1687.0,1441.0,53.932225063938624,46.067774936061376,4844.4525,620.4747000000007,14.689345668436058,4137.5552,335.9500999999991,8.83705937789275,53.9350740035549,46.06492599644509,1.1707147814018044,1.1708490318147298,706.8973000000005,7.87014800710982,7368259.0,21177694.17912215,-522.0,-0.007083939663833135,-14147.949692480266,-0.06676130185607246,0.9201,0.00550000000000006,0.6013557839492741,47.92,52.080000000000005,1.6254,-9.999999999998899e-05,-0.006151953245154659,61.91,38.09,0.8886,0.004999999999999893,0.5658669081032021,47.05,52.949999999999996,0.7052999999999999,-0.031500000000000083,-0.7368,1781985600000,2026-06-20 20:00:00 UTC,0.0005267,2.8388
FINAL_REAL_MARK_PREMIUM_CLOSED_GUARD_2026_06_13,1781996400000,2026-06-20 23:00:00 UTC,MUSDT,1781996400000,2026-06-20 23:00:00 UTC,1781997299999,2026-06-20 23:14:59 UTC,True,2.8697,2.8697,2.8562,2.8566,-0.013100000000000112,-0.45649371014392137,50.181471939374525,2.8676148,2.8692,2.85551064,2.85659833,-0.011016469999999945,-0.384168403650307,1781997299999,2026-06-20 23:14:59 UTC,1.669999999620586e-06,5.846114177419497e-05,0.00104019,0.00182001,2.211e-05,0.00157145,0.00098956,170.05963326401897,1781997299999,2026-06-20 23:14:59 UTC,395,30.0,8.21917808219178,3852.0,724.0,23.145780051150894,11021.9099,2039.9022000000004,22.71098253456185,binance_kline_quote_asset_volume,9.751898734177216,27.903569367088608,0.013500000000000068,0.47043244938495554,-0.013100000000000112,-0.45649371014392137,0.013100000000000112,0.45649371014392137,0.0,0.0,0.00039999999999995595,2.9629629629626217,0.029629629629626217,1932.0,1920.0,50.155763239875384,49.84423676012461,5528.3594,683.9069,14.117320791152352,5493.5505,1355.9953000000005,32.77286306657614,50.15790775063403,49.84209224936597,1.00625,1.0063363211096357,34.808899999999994,0.3158155012680697,7368199.0,21129156.5017452,-60.0,-0.0008143036231489691,-48537.6773769483,-0.22919245582835338,0.9402,0.020100000000000007,2.184545158134986,48.46,51.54,1.6254,0.0,0.0,61.91,38.09,0.904,0.01540000000000008,1.7330632455548143,47.48,52.52,0.6851999999999999,-0.03620000000000001,-0.7213999999999999,1781985600000,2026-06-20 20:00:00 UTC,0.0005267,2.8388
FINAL_REAL_MARK_PREMIUM_CLOSED_GUARD_2026_06_13,1781997300000,2026-06-20 23:15:00 UTC,MUSDT,1781997300000,2026-06-20 23:15:00 UTC,1781998199999,2026-06-20 23:29:59 UTC,True,2.8567,2.8585,2.8505,2.8513,-0.005299999999999638,-0.18553525169780993,47.46871200211855,2.85659833,2.8585,2.8513,2.8513,-0.005298330000000018,-0.1854768990220623,1781998199999,2026-06-20 23:29:59 UTC,0.0,0.0,0.00162003,0.00267898,0.00046513,0.00132707,-0.00024438,-15.551242483057049,1781998199999,2026-06-20 23:29:59 UTC,300,-95.0,-24.050632911392405,2130.0,-1722.0,-44.704049844236756,6083.0394,-4938.870500000001,-44.809570617157746,binance_kline_quote_asset_volume,7.1,20.276798,0.008000000000000007,0.28004340672804307,-0.005399999999999849,-0.18902929954142364,0.005399999999999849,0.18902929954142364,0.0017999999999998018,22.499999999997502,0.000800000000000356,10.000000000004441,0.10000000000004441,950.0,1180.0,44.60093896713615,55.39906103286385,2713.9663,-2814.3931000000002,-50.90828754729658,3369.0730999999996,-2124.4774000000007,-38.67221025819278,44.61530037106122,55.38469962893878,0.8050847457627118,0.805552809168789,-655.1067999999996,-10.76939925787756,7368410.0,21048587.7007553,211.0,0.0028636577269425,-80568.80098990351,-0.38131574719155864,0.9414,0.0011999999999999789,0.12763241863433086,48.49,51.51,1.6252,-0.00019999999999997797,-0.01230466346745281,61.91,38.09,0.9073,0.0032999999999999696,0.36504424778760725,47.57,52.43,0.6838,-0.03410000000000002,-0.7179,1781985600000,2026-06-20 20:00:00 UTC,0.0005267,2.8388
FINAL_REAL_MARK_PREMIUM_CLOSED_GUARD_2026_06_13,1781998200000,2026-06-20 23:30:00 UTC,MUSDT,1781998200000,2026-06-20 23:30:00 UTC,1781999099999,2026-06-20 23:44:59 UTC,True,2.8512,2.8516,2.8468,2.8502,-0.001100000000000101,-0.03857889383790204,46.90200203992747,2.85114123,2.85149608,2.8468,2.8502,-0.001100000000000101,-0.03857889383790204,1781999099999,2026-06-20 23:44:59 UTC,0.0,0.0,0.00157276,0.00240557,0.0,0.00039028,-0.0009367900000000001,-70.59085052031921,1781999099999,2026-06-20 23:44:59 UTC,330,30.0,10.0,3464.0,1334.0,62.629107981220656,9871.2602,3788.220800000001,62.275131737598166,binance_kline_quote_asset_volume,10.496969696969696,29.9129096969697,0.0047999999999999154,0.1683501683501654,-0.0009999999999998899,-0.03507295173961454,0.0009999999999998899,0.03507295173961454,0.00039999999999995595,8.333333333332563,0.0034000000000000696,70.83333333333603,0.7083333333333603,2047.0,1417.0,59.093533487297925,40.906466512702075,5833.8656,3119.8993,114.95718646174788,4037.3946000000005,668.3215000000009,19.836954561775492,59.09950180423772,40.90049819576228,1.4446012702893436,1.4449579934544914,1796.4709999999995,18.199003608475433,7368393.0,21009498.9609,-17.0,-0.00023071463178623338,-39088.73985529691,-0.18570718573148862,0.944,0.0025999999999999357,0.27618440620351986,48.559999999999995,51.44,1.6252,0.0,0.0,61.91,38.09,0.9095,0.0021999999999999797,0.24247768103163012,47.63,52.370000000000005,0.6812,-0.034499999999999975,-0.7157,1781985600000,2026-06-20 20:00:00 UTC,0.0005267,2.8388
FINAL_REAL_MARK_PREMIUM_CLOSED_GUARD_2026_06_13,1781999100000,2026-06-20 23:45:00 UTC,MUSDT,1781999100000,2026-06-20 23:45:00 UTC,1781999999999,2026-06-20 23:59:59 UTC,True,2.8502,2.8524,2.8447,2.8518,0.0015999999999998238,0.056136411479889965,47.876759985710294,2.84910493,2.8524,2.84733236,2.85156033,0.0013603299999997986,0.04772752789277239,1781999999999,2026-06-20 23:59:59 UTC,0.00023967000000002514,0.008404872149418109,0.00073661,0.00256909,8.91e-05,0.00256909,0.0021788099999999998,558.2684226709029,1781999999999,2026-06-20 23:59:59 UTC,660,330.0,100.0,5655.0,2191.0,63.25057736720554,16113.5903,6242.330099999999,63.237418257903876,binance_kline_quote_asset_volume,8.568181818181818,24.414530757575758,0.007699999999999818,0.27015648024699385,0.0015999999999998238,0.056136411479889965,0.0015999999999998238,0.056136411479889965,0.0005999999999999339,7.792207792207117,0.00550000000000006,71.42857142857389,0.9220779220779288,3092.0,2563.0,54.67727674624226,45.32272325375774,8813.4214,2979.555799999999,51.073439196130934,7300.168900000001,3262.7743,80.81385703542577,54.695578303241334,45.30442169675867,1.2063987514631291,1.2072900669462592,1513.2524999999987,9.391156606482658,7367911.0,21000019.9322,-482.0,-0.006541453475676447,-9479.028700001538,-0.04511782369319043,0.9406,-0.0033999999999999586,-0.3601694915254193,48.47,51.53,1.6254,0.00019999999999997797,0.01230617770120465,61.91,38.09,0.9048,-0.0046999999999999265,-0.5167674546454014,47.5,52.5,0.6848,-0.03579999999999994,-0.7205999999999999,1781985600000,2026-06-20 20:00:00 UTC,0.0005267,2.8388
FINAL_REAL_MARK_PREMIUM_CLOSED_GUARD_2026_06_13,1782000000000,2026-06-21 00:00:00 UTC,MUSDT,1782000000000,2026-06-21 00:00:00 UTC,1782000899999,2026-06-21 00:14:59 UTC,True,2.8517,2.8579,2.8468,2.8579,0.006099999999999994,0.21389999298688528,51.530062478465645,2.85145133,2.8579,2.8468,2.85749962,0.0059392900000001525,0.20828210918476878,1782000899999,2026-06-21 00:14:59 UTC,0.00040037999999986695,0.014011550419729084,0.00218524,0.00257288,0.00033368,0.00065934,-0.00190975,-74.33565970830138,1782000899999,2026-06-21 00:14:59 UTC,582,-78.0,-11.818181818181818,7452.0,1797.0,31.777188328912466,21249.0742,5135.483899999999,31.870513053816442,binance_kline_quote_asset_volume,12.804123711340207,36.51043676975945,0.011099999999999888,0.389241505067149,0.006199999999999761,0.21741417400146443,0.006199999999999761,0.21741417400146443,0.0,0.0,0.0049000000000001265,44.14414414414573,1.0,5628.0,1824.0,75.52334943639292,24.476650563607087,16048.253,7234.831600000001,82.08879697957029,5200.8211999999985,-2099.347700000002,-28.757522308833185,75.52448096774023,24.47551903225976,3.085526315789474,3.085715194361999,10847.431800000002,51.04896193548048,7367012.0,21007479.16983396,-899.0,-0.0122015588950518,7459.237633958459,0.03552014549529533,0.9414,0.0008000000000000229,0.08505209440782723,48.49,51.51,1.6247,-0.0006999999999999229,-0.043066322136084835,61.9,38.1,0.9019,-0.0029000000000000137,-0.32051282051282204,47.42,52.580000000000005,0.6833,-0.03949999999999998,-0.7228,1782000000000,2026-06-21 00:00:00 UTC,0.00057512,2.85145133
FINAL_REAL_MARK_PREMIUM_CLOSED_GUARD_2026_06_13,1782000900000,2026-06-21 00:15:00 UTC,MUSDT,1782000900000,2026-06-21 00:15:00 UTC,1782001799999,2026-06-21 00:29:59 UTC,True,2.8569,2.8727,2.8559,2.8601,0.002200000000000202,0.0769796004058995,52.814578706890316,2.85769284,2.8723,2.8559,2.85959058,0.002090959999999864,0.07317446292433327,1782001799999,2026-06-21 00:29:59 UTC,0.0005094200000002047,0.01781443831725746,0.00044096,0.00241214,1.753e-05,0.00126888,0.00060954,92.44699244699245,1782001799999,2026-06-21 00:29:59 UTC,499,-83.0,-14.261168384879724,6380.0,-1072.0,-14.38539989264627,18259.6098,-2989.4644000000008,-14.068680695745329,binance_kline_quote_asset_volume,12.785571142284569,36.59240440881763,0.016799999999999926,0.5880499842486586,0.0032000000000000917,0.11200952080927198,0.0032000000000000917,0.11200952080927198,0.012599999999999945,75.0,0.0009999999999998899,5.952380952380323,0.25,5274.0,1106.0,82.66457680250784,17.335423197492165,15092.7561,-955.4969000000001,-5.953899779620873,3166.853699999998,-2033.9675000000007,-39.10858346754934,82.65650945071127,17.343490549288727,4.768535262206148,4.76585201899286,11925.902400000003,65.31301890142255,7365440.0,21046742.0011328,-1572.0,-0.021338366219574502,39262.831298843026,0.18689929896597562,0.9482,0.006800000000000028,0.722328446993842,48.67,51.33,1.625,0.00029999999999996696,0.01846494737489795,61.9,38.1,0.9077,0.005799999999999916,0.6430868167202479,47.58,52.42,0.6768,-0.04050000000000009,-0.7173,1782000000000,2026-06-21 00:00:00 UTC,0.00057512,2.85145133
FINAL_REAL_MARK_PREMIUM_CLOSED_GUARD_2026_06_13,1782001800000,2026-06-21 00:30:00 UTC,MUSDT,1782001800000,2026-06-21 00:30:00 UTC,1782002699999,2026-06-21 00:44:59 UTC,True,2.8594,2.8675,2.8563,2.8647,0.0045999999999999375,0.1608335372889038,55.47176758257124,2.85951825,2.8673,2.8563,2.86442175,0.004831170000000107,0.16894621327225476,1782002699999,2026-06-21 00:44:59 UTC,0.0002782500000000354,0.009714002485843275,0.00125469,0.00209588,0.0,0.00083232,-0.00043656,-34.40514469453376,1782002699999,2026-06-21 00:44:59 UTC,363,-136.0,-27.25450901803607,2513.0,-3867.0,-60.611285266457685,7194.6531,-11064.956699999999,-60.597990982260754,binance_kline_quote_asset_volume,6.922865013774104,19.819980991735537,0.011200000000000099,0.3916905644540847,0.005300000000000082,0.18535357067916636,0.005300000000000082,0.18535357067916636,0.0028000000000001357,25.000000000000995,0.0030999999999998806,27.67857142857012,0.7499999999999901,1259.0,1254.0,50.09948269001194,49.90051730998806,3604.824,-11487.9321,-76.11553531962262,3589.8291000000004,422.97540000000254,13.35632902776667,50.10420863793975,49.89579136206025,1.003987240829346,1.004177051213942,14.994899999999689,0.20841727587949566,7367236.0,21067278.66623688,1796.0,0.024384150845027586,20536.66510407999,0.09757645674078508,0.9467,-0.0015000000000000568,-0.15819447373972334,48.63,51.370000000000005,1.6236,-0.0014000000000000679,-0.08615384615385033,61.88,38.12,0.9095,0.0018000000000000238,0.19830340420844156,47.63,52.370000000000005,0.6769,-0.03720000000000001,-0.7141,1782000000000,2026-06-21 00:00:00 UTC,0.00057512,2.85145133
FINAL_REAL_MARK_PREMIUM_CLOSED_GUARD_2026_06_13,1782002700000,2026-06-21 00:45:00 UTC,MUSDT,1782002700000,2026-06-21 00:45:00 UTC,1782003599999,2026-06-21 00:59:59 UTC,True,2.8655,2.8679,2.8566,2.858,-0.006699999999999928,-0.23388138374000517,50.969544640875704,2.86449953,2.8664,2.85503315,2.858,-0.006421749999999893,-0.22419010049759236,1782003599999,2026-06-21 00:59:59 UTC,0.0,0.0,0.00060892,0.00132271,0.0,0.00126448,0.0004321599999999999,51.92233756247596,1782003599999,2026-06-21 00:59:59 UTC,366,3.0,0.8264462809917356,2588.0,75.0,2.9844807003581377,7405.9822,211.32909999999993,2.937307707024817,binance_kline_quote_asset_volume,7.0710382513661205,20.234924043715846,0.01130000000000031,0.3943465363810962,-0.00749999999999984,-0.2617344268015997,0.00749999999999984,0.2617344268015997,0.0024000000000001798,21.23893805309835,0.00140000000000029,12.389380530975677,0.12389380530975677,1009.0,1579.0,38.98763523956723,61.01236476043277,2887.1325,-717.6914999999999,-19.90919667645355,4518.849700000001,929.0206000000003,25.879243109372535,38.98378934802193,61.01621065197808,0.6390120329322356,0.6389087249350205,-1631.7172000000005,-22.032421303956152,7366685.0,21101292.73939875,-551.0,-0.007479059989390866,34014.07316187024,0.16145451769422084,0.9448,-0.0019000000000000128,-0.20069715855075662,48.58,51.42,1.6236,0.0,0.0,61.89,38.11,0.9073,-0.0021999999999999797,-0.24189114898295547,47.57,52.43,0.6788,-0.03749999999999998,-0.7162999999999999,1782000000000,2026-06-21 00:00:00 UTC,0.00057512,2.85145133
FINAL_REAL_MARK_PREMIUM_CLOSED_GUARD_2026_06_13,1782003600000,2026-06-21 01:00:00 UTC,MUSDT,1782003600000,2026-06-21 01:00:00 UTC,1782004499999,2026-06-21 01:14:59 UTC,True,2.8585,2.8657,2.8557,2.8586,0.0005999999999999339,0.02099370188943086,51.35034372850217,2.858,2.86434097,2.85528433,2.85812762,0.00012761999999977292,0.004465360391874489,1782004499999,2026-06-21 01:14:59 UTC,0.000472380000000161,0.016527603480496825,0.0008876,0.00202293,0.0,0.00090063,-0.00036384999999999987,-28.774674174364158,1782004499999,2026-06-21 01:14:59 UTC,442,76.0,20.76502732240437,2973.0,385.0,14.876352395672335,8507.295,1101.3127999999997,14.870583944962759,binance_kline_quote_asset_volume,6.726244343891403,19.24727375565611,0.009999999999999787,0.3498338289312502,0.00010000000000021103,0.0034983382893199596,0.00010000000000021103,0.0034983382893199596,0.007099999999999884,71.00000000000036,0.0027999999999996916,27.999999999997517,0.2899999999999964,1847.0,1126.0,62.12579885637404,37.87420114362597,5287.4153,2400.2827999999995,83.13725816186127,3219.8797000000004,-1298.9700000000003,-28.74558983451032,62.15154523265033,37.84845476734967,1.6403197158081706,1.6421157908477138,2067.5355999999992,24.303090465300652,7366092.0,21052290.936,-593.0,-0.008049753722332364,-49001.80339875072,-0.23222180746897192,0.9433,-0.0014999999999999458,-0.15876375952581984,48.54,51.459999999999994,1.6238,0.00019999999999997797,0.012318305001230476,61.89,38.11,0.9055,-0.0018000000000000238,-0.1983908299349745,47.52,52.480000000000004,0.6804999999999999,-0.037800000000000056,-0.7182999999999999,1782000000000,2026-06-21 00:00:00 UTC,0.00057512,2.85145133
FINAL_REAL_MARK_PREMIUM_CLOSED_GUARD_2026_06_13,1782004500000,2026-06-21 01:15:00 UTC,MUSDT,1782004500000,2026-06-21 01:15:00 UTC,1782005399999,2026-06-21 01:29:59 UTC,True,2.8584,2.8585,2.8502,2.8512,-0.007400000000000073,-0.25886797733156347,46.548572227245515,2.85815502,2.85844633,2.84893299,2.85080454,-0.007323079999999926,-0.25621948959717644,1782005399999,2026-06-21 01:29:59 UTC,0.00039546000000001413,0.013871873516800774,0.00087415,0.00139357,0.0,0.00121483,0.00031420000000000005,34.886690427811644,1782005399999,2026-06-21 01:29:59 UTC,606,164.0,37.10407239819005,3116.0,143.0,4.80995627312479,8890.4169,383.1219000000001,4.503451449608837,binance_kline_quote_asset_volume,5.141914191419142,14.67065495049505,0.008299999999999752,0.29037223621605623,-0.007200000000000095,-0.2518891687657464,0.007200000000000095,0.2518891687657464,9.999999999976694e-05,1.2048192771056618,0.0009999999999998899,12.04819277108337,0.1204819277108337,1622.0,1494.0,52.05391527599487,47.94608472400513,4627.6632,-659.7520999999997,-12.477780967952333,4262.7537,1042.8739999999998,32.38860135054113,52.05226315089902,47.94773684910097,1.0856760374832664,1.0856041717821978,364.90949999999975,4.10452630179806,7366482.0,21054345.66643284,390.0,0.005294530668365261,2054.7304328382015,0.009760127480114554,0.9406,-0.0027000000000000357,-0.28622919537793234,48.47,51.53,1.6239,9.999999999998899e-05,0.006158393890872583,61.89,38.11,0.904,-0.0014999999999999458,-0.16565433462174997,47.48,52.52,0.6832999999999999,-0.036599999999999966,-0.7198999999999999,1782000000000,2026-06-21 00:00:00 UTC,0.00057512,2.85145133
FINAL_REAL_MARK_PREMIUM_CLOSED_GUARD_2026_06_13,1782005400000,2026-06-21 01:30:00 UTC,MUSDT,1782005400000,2026-06-21 01:30:00 UTC,1782006299999,2026-06-21 01:44:59 UTC,True,2.8506,2.8555,2.8471,2.8524,0.0011999999999998678,0.04208754208753745,47.407421219812775,2.85080454,2.8541,2.84596479,2.85090632,0.00010178000000005127,0.0035702202158009503,1782006299999,2026-06-21 01:44:59 UTC,0.0014936799999998307,0.05239316316783888,0.00111508,0.00166893,0.0,0.00020972,-0.00100511,-82.73667920614407,1782006299999,2026-06-21 01:44:59 UTC,825,219.0,36.13861386138614,4632.0,1516.0,48.65211810012837,13204.6361,4314.2192,48.52662421263956,binance_kline_quote_asset_volume,5.614545454545454,16.005619515151515,0.008399999999999963,0.2946748053041452,0.0017999999999998018,0.06314460113659587,0.0017999999999998018,0.06314460113659587,0.0031000000000003247,36.904761904765934,0.0034999999999998366,41.6666666666649,0.6309523809523406,2886.0,1746.0,62.30569948186528,37.69430051813472,8226.9122,3599.2490000000007,77.77681400841792,4977.723899999999,714.9701999999988,16.772496144921504,62.303210309597254,37.696789690402746,1.6529209621993126,1.6527457860810646,3249.1883000000016,24.60642061919451,7366588.0,21000702.51470952,106.0,0.0014389500985680817,-53643.1517233178,-0.2547842263691986,0.9354,-0.005199999999999982,-0.5528386136508593,48.33,51.67,1.6236,-0.00029999999999996696,-0.018474043968222612,61.88,38.12,0.9037,-0.000300000000000078,-0.03318584070797322,47.47,52.53,0.6881999999999999,-0.03170000000000006,-0.7199,1782000000000,2026-06-21 00:00:00 UTC,0.00057512,2.85145133
FINAL_REAL_MARK_PREMIUM_CLOSED_GUARD_2026_06_13,1782006300000,2026-06-21 01:45:00 UTC,MUSDT,1782006300000,2026-06-21 01:45:00 UTC,1782007199999,2026-06-21 01:59:59 UTC,True,2.8518,2.8536,2.8471,2.8487,-0.0036999999999998145,-0.1297153274435498,45.00618512052369,2.85090632,2.8536,2.84704811,2.8489,-0.002006320000000006,-0.07037481329796925,1782007199999,2026-06-21 01:59:59 UTC,-0.00019999999999997797,-0.007020253431148092,0.00049277,0.0010518,0.0,0.00045369,0.00024396999999999998,116.33129887469008,1782007199999,2026-06-21 01:59:59 UTC,930,105.0,12.727272727272727,4436.0,-196.0,-4.231433506044905,12643.2281,-561.4079999999994,-4.2515976642476305,binance_kline_quote_asset_volume,4.769892473118279,13.594868924731182,0.00649999999999995,0.2279262220352041,-0.0030999999999998806,-0.1087032751244786,0.0030999999999998806,0.1087032751244786,0.0018000000000002458,27.692307692311687,0.0015999999999998238,24.615384615382094,0.24615384615382094,2392.0,2044.0,53.9224526600541,46.077547339945895,6818.9945,-1407.9177000000009,-17.11356175649961,5824.2336000000005,846.5097000000014,17.005959289947793,53.93396722787909,46.06603277212091,1.1702544031311155,1.1707968753176383,994.7608999999993,7.867934455758172,7367416.0,21003812.83646912,828.0,0.01123993903283311,3110.3217596001923,0.014810560539208772,0.9417,0.006299999999999972,0.6735086593970464,48.5,51.5,1.6245,0.0009000000000001229,0.05543237250555082,61.9,38.1,0.9059,0.0022000000000000908,0.24344362067058659,47.53,52.470000000000006,0.6828000000000001,-0.03579999999999994,-0.7186,1782000000000,2026-06-21 00:00:00 UTC,0.00057512,2.85145133
FINAL_REAL_MARK_PREMIUM_CLOSED_GUARD_2026_06_13,1782007200000,2026-06-21 02:00:00 UTC,MUSDT,1782007200000,2026-06-21 02:00:00 UTC,1782008099999,2026-06-21 02:14:59 UTC,True,2.8487,2.8616,2.8457,2.8599,0.011200000000000099,0.3931617930986098,52.79971392003991,2.84780809,2.8613,2.8457,2.8598349,0.01093490000000008,0.38382884622135144,1782008099999,2026-06-21 02:14:59 UTC,6.510000000004013e-05,0.00227635518400171,0.00042662,0.00222155,0.0,0.00118942,0.0007357300000000001,162.16579602812496,1782008099999,2026-06-21 02:14:59 UTC,700,-230.0,-24.731182795698924,5825.0,1389.0,31.311992786293956,16625.435,3982.206900000001,31.4967575409005,binance_kline_quote_asset_volume,8.321428571428571,23.75062142857143,0.015900000000000247,0.5581493312739231,0.011200000000000099,0.3931617930986098,0.011200000000000099,0.3931617930986098,0.0017000000000000348,10.691823899371123,0.0030000000000001137,18.867924528302307,0.8930817610062888,3279.0,2546.0,56.291845493562235,43.708154506437765,9361.5133,2542.5188000000007,37.28583151078947,7263.921700000001,1439.6881000000003,24.718927825971818,56.308381104013215,43.691618895986785,1.2879025923016496,1.288768476124956,2097.5915999999997,12.616762208026433,7367743.0,20989963.0327,327.0,0.004438462549148847,-13849.80376912281,-0.06593947430856584,0.9402,-0.0014999999999999458,-0.1592863969416954,48.46,51.54,1.6244,-9.999999999998899e-05,-0.006155740227761711,61.9,38.1,0.9055,-0.00040000000000006697,-0.04415498399382569,47.52,52.480000000000004,0.6842,-0.034700000000000064,-0.7189000000000001,1782000000000,2026-06-21 00:00:00 UTC,0.00057512,2.85145133
FINAL_REAL_MARK_PREMIUM_CLOSED_GUARD_2026_06_13,1782008100000,2026-06-21 02:15:00 UTC,MUSDT,1782008100000,2026-06-21 02:15:00 UTC,1782008999999,2026-06-21 02:29:59 UTC,True,2.8599,2.8866,2.8584,2.8831,0.02320000000000011,0.811217175425718,64.13724701239963,2.8598349,2.8865,2.85811711,2.8831,0.02326510000000015,0.8135119967939461,1782008999999,2026-06-21 02:29:59 UTC,0.0,0.0,0.00122426,0.00259224,6.244e-05,0.00100167,-0.00018774999999999998,-15.785004455953318,1782008999999,2026-06-21 02:29:59 UTC,1284,584.0,83.42857142857143,10173.0,4348.0,74.64377682403433,29234.5617,12609.126699999997,75.84238668040864,binance_kline_quote_asset_volume,7.922897196261682,22.76835023364486,0.028200000000000003,0.9860484632329802,0.02320000000000011,0.811217175425718,0.02320000000000011,0.811217175425718,0.0034999999999998366,12.411347517729917,0.0015000000000000568,5.319148936170414,0.8758865248227008,7368.0,2805.0,72.42701268062518,27.572987319374814,21171.6148,11810.101499999999,126.15590152502372,8062.946899999999,799.0251999999982,10.999914825623716,72.41981260830738,27.58018739169262,2.6267379679144387,2.625791173199963,13108.6679,44.839625216614756,7366178.0,21066052.9240122,-1565.0,-0.021241240363568597,76089.89131220058,0.3625060758499722,0.9361,-0.0040999999999999925,-0.43607743033397073,48.35,51.65,1.6241,-0.00029999999999996696,-0.01846835754740008,61.89,38.11,0.9037,-0.0018000000000000238,-0.19878520154610976,47.47,52.53,0.6880000000000001,-0.032400000000000095,-0.7204000000000002,1782000000000,2026-06-21 00:00:00 UTC,0.00057512,2.85145133
FINAL_REAL_MARK_PREMIUM_CLOSED_GUARD_2026_06_13,1782009000000,2026-06-21 02:30:00 UTC,MUSDT,1782009000000,2026-06-21 02:30:00 UTC,1782009899999,2026-06-21 02:44:59 UTC,True,2.8826,2.8865,2.8763,2.8838,0.0006999999999997009,0.024279421456061212,64.41498534527477,2.8831,2.88503839,2.87543187,2.88313947,3.9469999999930394e-05,0.0013690125212420794,1782009899999,2026-06-21 02:44:59 UTC,0.0006605299999997705,0.022910095292745947,0.00052769,0.00268923,0.00029683,0.00082129,-0.00018038000000000006,-18.00792676230695,1782009899999,2026-06-21 02:44:59 UTC,390,-894.0,-69.62616822429906,3118.0,-7055.0,-69.35024083357908,8986.2393,-20248.322399999997,-69.26159046879091,binance_kline_quote_asset_volume,7.994871794871795,23.041639230769228,0.010199999999999765,0.3538472212585778,0.0011999999999998678,0.04162908485394671,0.0011999999999998678,0.04162908485394671,0.0026999999999999247,26.47058823529399,0.006299999999999972,61.7647058823541,0.7352941176470601,1761.0,1357.0,56.47851186658114,43.521488133418856,5075.2753,-16096.339499999998,-76.02792537109639,3910.963999999999,-4151.9829,-51.49460800740236,56.47830121772965,43.52169878227035,1.2977155490051584,1.29770442785973,1164.3113000000012,12.956602435459304,7365480.0,21235415.388,-698.0,-0.009475741693996535,169362.46398780122,0.8039591688044843,0.9179,-0.018199999999999994,-1.944236726845422,47.86,52.14,1.6227,-0.0014000000000000679,-0.08620158857213643,61.870000000000005,38.129999999999995,0.8896,-0.014100000000000001,-1.560252296115968,47.08,52.92,0.7048,-0.028300000000000103,-0.7331000000000001,1782000000000,2026-06-21 00:00:00 UTC,0.00057512,2.85145133
FINAL_REAL_MARK_PREMIUM_CLOSED_GUARD_2026_06_13,1782009900000,2026-06-21 02:45:00 UTC,MUSDT,1782009900000,2026-06-21 02:45:00 UTC,1782010799999,2026-06-21 02:59:59 UTC,True,2.8838,2.8903,2.8808,2.8822,-0.0015999999999998238,-0.055482349677502735,63.20999223876992,2.88313947,2.8894,2.87950756,2.88179537,-0.0013441000000002923,-0.0466193194601263,1782010799999,2026-06-21 02:59:59 UTC,0.00040463000000023897,0.01404089978811504,0.00078936,0.00313674,0.0,0.00166403,0.0008427399999999999,102.61174493784166,1782010799999,2026-06-21 02:59:59 UTC,346,-44.0,-11.282051282051283,3802.0,684.0,21.93713919178961,10973.536,1987.2967000000008,22.11488737007038,binance_kline_quote_asset_volume,10.988439306358382,31.71542196531792,0.009500000000000064,0.32942645121021097,-0.0015999999999998238,-0.055482349677502735,0.0015999999999998238,0.055482349677502735,0.00649999999999995,68.42105263157796,0.00140000000000029,14.73684210526611,0.1473684210526611,1199.0,2603.0,31.53603366649132,68.46396633350868,3460.5001,-1614.7752,-31.81650461404527,7513.0359,3602.071900000001,92.10189354849602,31.534959196379365,68.46504080362064,0.4606223588167499,0.4605994362412138,-4052.5357999999997,-36.93008160724127,7364931.0,21234123.25992657,-549.0,-0.007453689372586715,-1292.1280734315515,-0.006084778893290333,0.915,-0.0029000000000000137,-0.315938555398193,47.78,52.22,1.6227,0.0,0.0,61.870000000000005,38.129999999999995,0.8889,-0.0006999999999999229,-0.07868705035970357,47.06,52.94,0.7077,-0.026100000000000012,-0.7338,1782000000000,2026-06-21 00:00:00 UTC,0.00057512,2.85145133
FINAL_REAL_MARK_PREMIUM_CLOSED_GUARD_2026_06_13,1782010800000,2026-06-21 03:00:00 UTC,MUSDT,1782010800000,2026-06-21 03:00:00 UTC,1782011699999,2026-06-21 03:14:59 UTC,True,2.8826,2.889,2.8801,2.8833,0.001100000000000101,0.03816529040316775,63.71257910818413,2.882088,2.8889,2.87919264,2.883,0.0012046300000001509,0.0418013718996346,1782011699999,2026-06-21 03:14:59 UTC,0.000300000000000189,0.010405827263273985,0.00166654,0.00397182,0.00094239,0.00187032,0.00020629000000000003,12.397012073099646,1782011699999,2026-06-21 03:14:59 UTC,317,-29.0,-8.38150289017341,2662.0,-1140.0,-29.984218832193584,7680.3609,-3293.1751000000004,-30.010154429711626,binance_kline_quote_asset_volume,8.397476340694006,24.22826782334385,0.008899999999999686,0.30874904600012787,0.000700000000000145,0.024283632831476616,0.000700000000000145,0.024283632831476616,0.005699999999999594,64.04494382022243,0.0024999999999999467,28.089887640449827,0.3595505617977758,836.0,1826.0,31.40495867768595,68.59504132231406,2411.4635,-1049.0366000000004,-30.314595280606994,5268.8974,-2244.1385,-29.869929145420432,31.397788872134903,68.6022111278651,0.4578313253012048,0.4576789633443991,-2857.4339,-37.204422255730194,7363494.0,21220082.91622278,-1437.0,-0.01951138442437546,-14040.343703787774,-0.06612160780984526,0.9051,-0.00990000000000002,-1.0819672131147562,47.510000000000005,52.49,1.6224,-0.00029999999999996696,-0.018487705675723606,61.870000000000005,38.129999999999995,0.8811,-0.007800000000000029,-0.8774890313871109,46.839999999999996,53.16,0.7173,-0.02400000000000002,-0.7413000000000001,1782000000000,2026-06-21 00:00:00 UTC,0.00057512,2.85145133
FINAL_REAL_MARK_PREMIUM_CLOSED_GUARD_2026_06_13,1782011700000,2026-06-21 03:15:00 UTC,MUSDT,1782011700000,2026-06-21 03:15:00 UTC,1782012599999,2026-06-21 03:29:59 UTC,True,2.884,2.884,2.8697,2.8731,-0.010200000000000209,-0.35376131515972004,56.064360369257145,2.883,2.88373974,2.8697,2.8731,-0.00990000000000002,-0.34339229968782586,1782012599999,2026-06-21 03:29:59 UTC,0.0,0.0,0.00188159,0.00269539,0.00062775,0.00168276,-0.00018756000000000003,-10.02823046323624,1782012599999,2026-06-21 03:29:59 UTC,431,114.0,35.96214511041009,6125.0,3463.0,130.09015777610819,17611.3541,9930.9932,129.30373102649384,binance_kline_quote_asset_volume,14.211136890951277,40.86161044083527,0.01429999999999998,0.495839112343966,-0.01089999999999991,-0.37794729542302047,0.01089999999999991,0.37794729542302047,0.0,0.0,0.0034000000000000696,23.7762237762243,0.23776223776224298,2259.0,3866.0,36.881632653061224,63.118367346938776,6490.425,4078.9615000000003,169.14879698573088,11120.929100000001,5852.031700000001,111.06748254388104,36.85363977776133,63.146360222238684,0.5843248836006208,0.5836225500259685,-4630.504100000001,-26.292720444477357,7363694.0,21229529.802,200.0,0.0027161018940193337,9446.88577722013,0.0445186091615032,0.9106,0.005499999999999949,0.6076676610319245,47.660000000000004,52.339999999999996,1.6223,-9.999999999998899e-05,-0.006163708086784331,61.870000000000005,38.129999999999995,0.8832,0.0020999999999999908,0.23833844058563058,46.9,53.1,0.7117000000000001,-0.02739999999999998,-0.7391000000000001,1782000000000,2026-06-21 00:00:00 UTC,0.00057512,2.85145133
FINAL_REAL_MARK_PREMIUM_CLOSED_GUARD_2026_06_13,1782012600000,2026-06-21 03:30:00 UTC,MUSDT,1782012600000,2026-06-21 03:30:00 UTC,1782013499999,2026-06-21 03:44:59 UTC,True,2.873,2.8793,2.87,2.8709,-0.002200000000000202,-0.07657234346177307,54.54351374194642,2.8731,2.8793,2.86907852,2.87065594,-0.002444060000000192,-0.08506700080053574,1782013499999,2026-06-21 03:44:59 UTC,0.0002440599999999904,0.008501889641291893,0.00160188,0.00278045,0.00047237,0.00103043,-0.00065233,-38.76548052009793,1782013499999,2026-06-21 03:44:59 UTC,256,-175.0,-40.60324825986079,1894.0,-4231.0,-69.07755102040817,5445.3026,-12166.051500000001,-69.08072730193983,binance_kline_quote_asset_volume,7.3984375,21.27071328125,0.009300000000000086,0.32370344587539457,-0.002100000000000435,-0.07309432648800678,0.002100000000000435,0.07309432648800678,0.006299999999999972,67.74193548387004,0.0008999999999996788,9.677419354835166,0.09677419354835166,1189.0,705.0,62.777191129883846,37.22280887011616,3418.0244,-3072.4006000000004,-47.33743321893405,2027.2782000000002,-9093.6509,-81.77060404062823,62.77014614394432,37.229853856055676,1.6865248226950356,1.6860164529959427,1390.7461999999996,25.54029228788864,7363323.0,21155563.3113,-371.0,-0.005038232169886472,-73966.49070000276,-0.34841323095641286,0.915,0.0044000000000000705,0.4831978915001176,47.78,52.22,1.6226,0.00029999999999996696,0.018492264069528874,61.870000000000005,38.129999999999995,0.8886,0.00539999999999996,0.6114130434782564,47.05,52.949999999999996,0.7076,-0.02640000000000009,-0.7340000000000001,1782000000000,2026-06-21 00:00:00 UTC,0.00057512,2.85145133
FINAL_REAL_MARK_PREMIUM_CLOSED_GUARD_2026_06_13,1782013500000,2026-06-21 03:45:00 UTC,MUSDT,1782013500000,2026-06-21 03:45:00 UTC,1782014399999,2026-06-21 03:59:59 UTC,True,2.8722,2.8747,2.868,2.8747,0.0038000000000000256,0.13236267372601018,56.727051155844045,2.87065594,2.8747,2.86693612,2.8747,0.004044060000000016,0.1408758166957485,1782014399999,2026-06-21 03:59:59 UTC,0.0,0.0,0.00097797,0.00197837,0.00041884,0.00136325,0.00033282000000000016,32.29913725337967,1782014399999,2026-06-21 03:59:59 UTC,320,64.0,25.0,3413.0,1519.0,80.20063357972545,9798.5365,4353.2339,79.94475642180106,binance_kline_quote_asset_volume,10.665625,30.6204265625,0.006699999999999928,0.23327066360281068,0.0024999999999999467,0.08704129238910754,0.0024999999999999467,0.08704129238910754,0.0,0.0,0.0041999999999999815,62.68656716417949,1.0,2426.0,987.0,71.08116026955757,28.918839730442425,6965.3753,3547.3509,103.78366228163848,2833.1612000000005,805.8830000000003,39.75196892069378,71.08587389555574,28.914126104444275,2.457953394123607,2.4585171150868503,4132.214099999999,42.17174779111145,7362670.0,21135692.3697598,-653.0,-0.008868278629091784,-19870.941540196538,-0.09392773545095207,0.9139,-0.0010999999999999899,-0.12021857923497158,47.75,52.25,1.6223,-0.00029999999999996696,-0.018488845063476332,61.870000000000005,38.129999999999995,0.8868,-0.0017999999999999128,-0.2025658338960064,47.0,53.0,0.7084,-0.027100000000000013,-0.7355,1782000000000,2026-06-21 00:00:00 UTC,0.00057512,2.85145133
FINAL_REAL_MARK_PREMIUM_CLOSED_GUARD_2026_06_13,1782014400000,2026-06-21 04:00:00 UTC,MUSDT,1782014400000,2026-06-21 04:00:00 UTC,1782015299999,2026-06-21 04:14:59 UTC,True,2.8748,2.8783,2.8729,2.874,-0.0006999999999997009,-0.024350366994806444,56.191581142598935,2.8747,2.8768069,2.87237741,2.87330909,-0.001390910000000023,-0.04838452708108752,1782015299999,2026-06-21 04:14:59 UTC,0.0006909100000003221,0.024045794530247428,0.00094809,0.00264069,0.0007427,0.00193527,0.0005720199999999999,41.96002200623509,1782015299999,2026-06-21 04:14:59 UTC,234,-86.0,-26.875,1499.0,-1914.0,-56.079695282742456,4310.9211,-5487.615400000001,-56.004439030257224,binance_kline_quote_asset_volume,6.405982905982906,18.42273974358974,0.005399999999999849,0.18783915402810106,-0.0007999999999999119,-0.02782802281897565,0.0007999999999999119,0.02782802281897565,0.0034999999999998366,64.81481481481359,0.001100000000000101,20.370370370372807,0.20370370370372806,867.0,632.0,57.83855903935957,42.16144096064043,2493.829,-4471.5463,-64.19677486724945,1817.0920999999994,-1016.0691000000011,-35.86344116247254,57.84909865318575,42.150901346814244,1.3718354430379747,1.3724285081642262,676.7369000000008,15.698197306371506,7363442.0,21167686.7174,772.0,0.01048532665459677,31994.347640197724,0.1513759146398918,0.9157,0.0017999999999999128,0.19695809169492426,47.8,52.2,1.6217,-0.000600000000000156,-0.03698452813907144,61.86000000000001,38.14,0.8886,0.0017999999999999128,0.20297699594045024,47.05,52.949999999999996,0.706,-0.027100000000000013,-0.7331,1782014400000,2026-06-21 04:00:00 UTC,0.0004309,2.8747
FINAL_REAL_MARK_PREMIUM_CLOSED_GUARD_2026_06_13,1782015300000,2026-06-21 04:15:00 UTC,MUSDT,1782015300000,2026-06-21 04:15:00 UTC,1782016199999,2026-06-21 04:29:59 UTC,True,2.8742,2.8742,2.8631,2.866,-0.008000000000000007,-0.2783576896311763,50.342877541792795,2.87330909,2.874,2.86208785,2.86578916,-0.0075199299999999525,-0.2617167093568744,1782016199999,2026-06-21 04:29:59 UTC,0.00021084000000026748,0.007357135791534206,0.0018432,0.00204351,0.0,0.00191242,-2.285000000000004e-05,-1.1807138022084793,1782016199999,2026-06-21 04:29:59 UTC,346,112.0,47.863247863247864,2664.0,1165.0,77.71847898599066,7638.9576,3328.0365,77.20012551377941,binance_kline_quote_asset_volume,7.699421965317919,22.077912138728323,0.011099999999999888,0.38619441931667553,-0.008199999999999985,-0.28529677823394284,0.008199999999999985,0.28529677823394284,0.0,0.0,0.0028999999999999027,26.126126126125516,0.26126126126125515,849.0,1815.0,31.869369369369373,68.13063063063063,2435.0312,-58.79780000000028,-2.357731825237427,5203.9264,3386.834300000001,186.38759697430868,31.876485346639445,68.12351465336056,0.4677685950413223,0.46792191373037095,-2768.8952000000004,-36.247029306721124,7363245.0,21156878.79039705,-197.0,-0.002675379258775991,-10807.927002947778,-0.05105861187025023,0.9117,-0.0040000000000000036,-0.43682428743038154,47.69,52.31,1.6217,0.0,0.0,61.86000000000001,38.14,0.8854,-0.0031999999999999806,-0.36011703803735995,46.96,53.04,0.71,-0.02629999999999999,-0.7363,1782014400000,2026-06-21 04:00:00 UTC,0.0004309,2.8747
FINAL_REAL_MARK_PREMIUM_CLOSED_GUARD_2026_06_13,1782016200000,2026-06-21 04:30:00 UTC,MUSDT,1782016200000,2026-06-21 04:30:00 UTC,1782017099999,2026-06-21 04:44:59 UTC,True,2.866,2.866,2.85,2.8543,-0.011700000000000266,-0.4082344731332961,43.252348895879024,2.86578916,2.866,2.852,2.85321309,-0.012576069999999717,-0.4388344465647891,1782017099999,2026-06-21 04:44:59 UTC,0.001086909999999719,0.038094245530035716,0.00205813,0.00205813,0.00061701,0.00102873,-0.0008836899999999999,-46.207945953294775,1782017099999,2026-06-21 04:44:59 UTC,365,19.0,5.491329479768786,3802.0,1138.0,42.71771771771772,10862.4689,3223.5113,42.198313811821656,binance_kline_quote_asset_volume,10.416438356164383,29.76018876712329,0.016000000000000014,0.5582693649685978,-0.011700000000000266,-0.4082344731332961,0.011700000000000266,0.4082344731332961,0.0,0.0,0.0042999999999997485,26.874999999998405,0.26874999999998406,1178.0,2624.0,30.983692793266705,69.0163072067333,3366.594,931.5628000000002,38.25670899001213,7495.8749,2291.9484999999995,44.042677083211615,30.992898861141967,69.00710113885805,0.4489329268292683,0.4491262254123265,-4129.2809,-38.014202277716066,7363235.0,21101479.0455326,-10.0,-0.0001358096871691761,-55399.74486445263,-0.26185216360741337,0.9286,0.016900000000000026,1.853679938576289,48.15,51.849999999999994,1.6216,-9.999999999998899e-05,-0.006166368625515754,61.86000000000001,38.14,0.8997,0.01430000000000009,1.6150892252089555,47.36,52.64,0.693,-0.028899999999999926,-0.7218999999999999,1782014400000,2026-06-21 04:00:00 UTC,0.0004309,2.8747
FINAL_REAL_MARK_PREMIUM_CLOSED_GUARD_2026_06_13,1782017100000,2026-06-21 04:45:00 UTC,MUSDT,1782017100000,2026-06-21 04:45:00 UTC,1782017999999,2026-06-21 04:59:59 UTC,True,2.854,2.8595,2.8512,2.8525,-0.0017999999999998018,-0.06306274743368959,42.266061046334215,2.85321309,2.859,2.8512,2.85197989,-0.0012332000000001564,-0.04322144757860186,1782017999999,2026-06-21 04:59:59 UTC,0.0005201100000000736,0.018236804608046293,0.0010701,0.0022268,0.0,0.00092733,-0.00010140000000000008,-9.856813741214904,1782017999999,2026-06-21 04:59:59 UTC,327,-38.0,-10.41095890410959,4974.0,1172.0,30.825881115202524,14199.0102,3336.541300000001,30.71623339699505,binance_kline_quote_asset_volume,15.211009174311927,43.42204954128441,0.008300000000000196,0.2908199018920882,-0.0015000000000000568,-0.05255781359495644,0.0015000000000000568,0.05255781359495644,0.00550000000000006,66.26506024096301,0.0013000000000000789,15.662650602410219,0.1566265060241022,4214.0,760.0,84.72054684358665,15.27945315641335,12029.3266,8662.7326,257.3144430246118,2169.6836000000003,-5326.1912999999995,-71.05496517824757,84.71947291086529,15.280527089134708,5.544736842105263,5.5442768705999335,9859.643,69.43894582173058,7363678.0,21010142.46014502,443.0,0.006016377312417708,-91336.5853875801,-0.43284447118846386,0.9327,0.0040999999999999925,0.4415248761576559,48.26,51.739999999999995,1.6218,0.00019999999999997797,0.012333497779969043,61.86000000000001,38.14,0.9001,0.00039999999999995595,0.04445926419917261,47.370000000000005,52.629999999999995,0.6890999999999999,-0.03259999999999996,-0.7216999999999999,1782014400000,2026-06-21 04:00:00 UTC,0.0004309,2.8747
FINAL_REAL_MARK_PREMIUM_CLOSED_GUARD_2026_06_13,1782018000000,2026-06-21 05:00:00 UTC,MUSDT,1782018000000,2026-06-21 05:00:00 UTC,1782018899999,2026-06-21 05:14:59 UTC,True,2.8524,2.8533,2.8402,2.8454,-0.007099999999999884,-0.24890446976336142,38.53353094442475,2.85197989,2.8533,2.84207865,2.84335183,-0.008628059999999937,-0.3025287811549028,1782018899999,2026-06-21 05:14:59 UTC,0.002048170000000127,0.07203364628991857,0.00092506,0.00151657,0.0,0.00125351,0.00032618,35.17410199173973,1782018899999,2026-06-21 05:14:59 UTC,361,34.0,10.397553516819572,4783.0,-191.0,-3.839967832730197,13614.6612,-584.3490000000002,-4.115420665026356,binance_kline_quote_asset_volume,13.249307479224377,37.71374293628809,0.013100000000000112,0.459262375543406,-0.006999999999999673,-0.24540737624455453,0.006999999999999673,0.24540737624455453,0.0009000000000001229,6.870229007634468,0.0052000000000003155,39.694656488551686,0.3969465648855169,957.0,3826.0,20.0083629521221,79.9916370478779,2727.3233,-9302.0033,-77.32771425459511,10887.3379,8717.6543,401.7938053271914,20.032252436806875,79.96774756319313,0.25013068478829065,0.2505041475749549,-8160.0146,-59.93549512638625,7365796.0,21007102.06584244,2118.0,0.0287628003288574,-3040.3943025805056,-0.014471078948407663,0.9294,-0.0032999999999999696,-0.3538115149565744,48.17,51.83,1.6206,-0.0011999999999998678,-0.07399186089529337,61.839999999999996,38.16,0.8975,-0.0026000000000000467,-0.2888567936895952,47.3,52.7,0.6912,-0.03190000000000004,-0.7231000000000001,1782014400000,2026-06-21 04:00:00 UTC,0.0004309,2.8747
FINAL_REAL_MARK_PREMIUM_CLOSED_GUARD_2026_06_13,1782018900000,2026-06-21 05:15:00 UTC,MUSDT,1782018900000,2026-06-21 05:15:00 UTC,1782019799999,2026-06-21 05:29:59 UTC,True,2.8458,2.8706,2.8458,2.8595,0.014100000000000001,0.495536655654741,48.29829692145095,2.84345593,2.8699,2.84345593,2.85931456,0.015962730000000036,0.5614053748670292,1782019799999,2026-06-21 05:29:59 UTC,0.0001854400000000922,0.006485470419878958,0.00182048,0.0035671,0.0,0.0012721,1.858999999999997e-05,1.483035635934294,1782019799999,2026-06-21 05:29:59 UTC,680,319.0,88.36565096952909,16369.0,11586.0,242.23290821660046,46774.828,33160.1668,243.56218867936278,binance_kline_quote_asset_volume,24.07205882352941,68.78651176470588,0.024799999999999933,0.8714596949891044,0.013700000000000045,0.4814112024738227,0.013700000000000045,0.4814112024738227,0.011099999999999888,44.7580645161287,0.0,0.0,0.552419354838713,11670.0,4699.0,71.2932983077769,28.706701692223103,33310.39,30583.0667,1121.3583186122453,13464.438000000002,2577.1001000000015,23.670617405931722,71.21435059045005,28.785649409549947,2.4835071291764206,2.4739532388949317,19845.951999999997,42.42870118090011,7366197.0,20944689.72009051,401.0,0.005444082350366477,-62412.34575193003,-0.2971011687205183,0.9275,-0.0019000000000000128,-0.2044329675059192,48.120000000000005,51.88,1.6196,-0.001000000000000112,-0.061705541157602864,61.83,38.17,0.899,0.0015000000000000568,0.16713091922006207,47.339999999999996,52.66,0.6920999999999999,-0.02849999999999997,-0.7205999999999999,1782014400000,2026-06-21 04:00:00 UTC,0.0004309,2.8747
FINAL_REAL_MARK_PREMIUM_CLOSED_GUARD_2026_06_13,1782019800000,2026-06-21 05:30:00 UTC,MUSDT,1782019800000,2026-06-21 05:30:00 UTC,1782020699999,2026-06-21 05:44:59 UTC,True,2.8593,2.8668,2.8579,2.8647,0.005199999999999871,0.1818499737716339,51.36679183305175,2.85931456,2.8665647,2.85661991,2.86329583,0.003981270000000148,0.13923861528548112,1782020699999,2026-06-21 05:44:59 UTC,0.0014041699999998158,0.0490403396424398,0.0012745,0.00267545,0.00035005,0.00071643,-0.00055567,-43.68131436207845,1782020699999,2026-06-21 05:44:59 UTC,394,-286.0,-42.05882352941177,3906.0,-12463.0,-76.13782149184433,11184.5062,-35590.321800000005,-76.08862142689226,binance_kline_quote_asset_volume,9.913705583756345,28.38707157360406,0.00890000000000013,0.31126499492883325,0.005399999999999849,0.18885741265344136,0.005399999999999849,0.18885741265344136,0.0020999999999999908,23.595505617977082,0.00140000000000029,15.730337078654713,0.7640449438202292,2463.0,1443.0,63.0568356374808,36.9431643625192,7052.9587,-26257.4313,-78.82655021451265,4131.5475,-9332.890500000001,-69.31511363489513,63.060081275649,36.93991872435101,1.706860706860707,1.707098538743655,2921.4112000000005,26.120162551297977,7368841.0,21069834.36162496,2644.0,0.035893691140760964,125144.6415344514,0.597500575119098,0.9164,-0.011099999999999999,-1.1967654986522909,47.82,52.18000000000001,1.617,-0.0025999999999999357,-0.16053346505309557,61.79,38.21,0.8939,-0.005099999999999993,-0.5672969966629581,47.199999999999996,52.800000000000004,0.7006,-0.022499999999999964,-0.7231,1782014400000,2026-06-21 04:00:00 UTC,0.0004309,2.8747
FINAL_REAL_MARK_PREMIUM_CLOSED_GUARD_2026_06_13,1782020700000,2026-06-21 05:45:00 UTC,MUSDT,1782020700000,2026-06-21 05:45:00 UTC,1782021599999,2026-06-21 05:59:59 UTC,True,2.8647,2.8705,2.8616,2.8705,0.005799999999999805,0.202464481446567,54.60314326463309,2.86329583,2.8701,2.85998298,2.8701,0.006804169999999665,0.23763419513657674,1782021599999,2026-06-21 05:59:59 UTC,0.00039999999999995595,0.013936796627293682,0.00131494,0.0023689,0.0,0.00127063,0.0005542,77.35577795458035,1782021599999,2026-06-21 05:59:59 UTC,515,121.0,30.710659898477154,4157.0,251.0,6.426011264720942,11916.5715,732.0653000000002,6.545351997748458,binance_kline_quote_asset_volume,8.071844660194175,23.138973786407767,0.008899999999999686,0.31067825601283505,0.005799999999999805,0.202464481446567,0.005799999999999805,0.202464481446567,0.0,0.0,0.0030999999999998806,34.831460674157185,1.0,3787.0,370.0,91.09935049314409,8.900649506855904,10856.4377,3803.4790000000003,53.927424812511674,1060.1337999999996,-3071.4137,-74.34051526697927,91.10370126172617,8.896298738273837,10.235135135135135,10.240629720512642,9796.3039,82.20740252345232,7368323.0,21097688.51999309,-518.0,-0.00702959936304773,27854.158368129283,0.13219922800561162,0.9139,-0.0024999999999999467,-0.27280663465734906,47.75,52.25,1.6169,-9.999999999998899e-05,-0.006184291898576931,61.79,38.21,0.8918,-0.0020999999999999908,-0.2349256068911501,47.14,52.86,0.703,-0.02210000000000001,-0.7251,1782014400000,2026-06-21 04:00:00 UTC,0.0004309,2.8747
FINAL_REAL_MARK_PREMIUM_CLOSED_GUARD_2026_06_13,1782021600000,2026-06-21 06:00:00 UTC,MUSDT,1782021600000,2026-06-21 06:00:00 UTC,1782022499999,2026-06-21 06:14:59 UTC,True,2.8707,2.8717,2.8673,2.8697,-0.0007999999999999119,-0.027869709109908096,54.06868324224326,2.8705,2.87143357,2.86673161,2.86953088,-0.0005691199999997565,-0.019829274241307152,1782022499999,2026-06-21 06:14:59 UTC,0.00016911999999980054,0.005893646281297399,0.00130966,0.00257326,0.00108286,0.0014778,0.00020717,16.304510361002023,1782022499999,2026-06-21 06:14:59 UTC,362,-153.0,-29.708737864077673,3109.0,-1048.0,-25.2104883329324,8925.111,-2991.4604999999992,-25.103365510793097,binance_kline_quote_asset_volume,8.588397790055248,24.655002762430943,0.0043999999999999595,0.15327272093914238,-0.0009999999999998899,-0.034834709304347025,0.0009999999999998899,0.034834709304347025,0.001000000000000334,22.727272727280525,0.0023999999999997357,54.54545454544903,0.5454545454544903,1802.0,1307.0,57.960759086523,42.039240913477,5173.5441,-5682.8936,-52.34584084611843,3751.5669000000007,2691.433100000001,253.87673706847212,57.96615974860144,42.03384025139856,1.3787299158377966,1.3790355437883832,1421.9771999999994,15.932319497202881,7369675.0,21151704.2175,1352.0,0.01834881559888186,54015.69750691205,0.25602661379574554,0.9073,-0.00660000000000005,-0.7221796695480961,47.57,52.43,1.6162,-0.0006999999999999229,-0.04329272063825363,61.78,38.22,0.8861,-0.005700000000000038,-0.6391567616057455,46.98,53.02,0.7089000000000001,-0.021199999999999997,-0.7301000000000001,1782014400000,2026-06-21 04:00:00 UTC,0.0004309,2.8747
FINAL_REAL_MARK_PREMIUM_CLOSED_GUARD_2026_06_13,1782022500000,2026-06-21 06:15:00 UTC,MUSDT,1782022500000,2026-06-21 06:15:00 UTC,1782023399999,2026-06-21 06:29:59 UTC,True,2.8695,2.87,2.8656,2.8666,-0.0030999999999998806,-0.1080252291180221,51.946840892171025,2.86953088,2.86953088,2.86530085,2.86634936,-0.0031815200000000488,-0.11087247822194717,1782023399999,2026-06-21 06:29:59 UTC,0.00025063999999996867,0.008744223697838727,0.0014703,0.00220888,0.000771,0.0020388,0.0005609999999999999,37.96183516037352,1782023399999,2026-06-21 06:29:59 UTC,383,21.0,5.801104972375691,2221.0,-888.0,-28.56223866194918,6369.0099,-2556.1011000000008,-28.639432047399755,binance_kline_quote_asset_volume,5.798955613577023,16.62926866840731,0.0043999999999999595,0.15333681826101966,-0.0028999999999999027,-0.1010629029447605,0.0028999999999999027,0.1010629029447605,0.000500000000000167,11.363636363640262,0.0009999999999998899,22.727272727270435,0.22727272727270434,1409.0,812.0,63.439891940567314,36.560108059432686,4040.7323,-1132.8118,-21.896243234884185,2328.2776,-1423.2893000000008,-37.9385290983349,63.443649224034026,36.55635077596598,1.7352216748768472,1.7355028025867707,1712.4547000000002,26.887298448068048,7369642.0,21147415.29354496,-33.0,-0.0004477809401364375,-4288.923955041915,-0.020276966389750507,0.9088,0.0015000000000000568,0.16532569161248284,47.61,52.39,1.6158,-0.000400000000000178,-0.024749412201471227,61.77,38.23,0.8875,0.0013999999999999568,0.1579957115449675,47.02,52.980000000000004,0.7069999999999999,-0.021300000000000097,-0.7283,1782014400000,2026-06-21 04:00:00 UTC,0.0004309,2.8747
FINAL_REAL_MARK_PREMIUM_CLOSED_GUARD_2026_06_13,1782023400000,2026-06-21 06:30:00 UTC,MUSDT,1782023400000,2026-06-21 06:30:00 UTC,1782024299999,2026-06-21 06:44:59 UTC,True,2.8665,2.8793,2.8657,2.8734,0.006800000000000139,0.23721481894928273,56.023633044147736,2.86634936,2.87846717,2.86533501,2.8734,0.007050640000000108,0.2459797852415348,1782024299999,2026-06-21 06:44:59 UTC,0.0,0.0,0.00203142,0.00319678,0.0,0.00163009,-0.00040870999999999985,-20.046596036884434,1782024299999,2026-06-21 06:44:59 UTC,481,98.0,25.587467362924283,5607.0,3386.0,152.4538496172895,16108.8456,9739.8357,152.9254288017357,binance_kline_quote_asset_volume,11.656964656964657,33.49032349272349,0.013600000000000279,0.4744461887319128,0.00690000000000035,0.2407116692831101,0.00690000000000035,0.2407116692831101,0.005900000000000016,43.382352941175704,0.0007999999999999119,5.882352941175703,0.5661764705882429,4314.0,1293.0,76.93953986088817,23.060460139111825,12392.9185,8352.1862,206.69981527853255,3715.927100000001,1387.649500000001,59.599830363870744,76.93238117571876,23.06761882428124,3.336426914153132,3.335081169918537,8676.991399999999,53.86476235143751,7369441.0,21123392.49390776,-201.0,-0.0027274052118135455,-24022.79963719845,-0.11359685949200218,0.9088,0.0,0.0,47.61,52.39,1.6159,9.999999999998899e-05,0.006188884762965032,61.77,38.23,0.8864,-0.0010999999999999899,-0.12394366197182986,46.989999999999995,53.010000000000005,0.7070999999999998,-0.022400000000000087,-0.7294999999999999,1782014400000,2026-06-21 04:00:00 UTC,0.0004309,2.8747
FINAL_REAL_MARK_PREMIUM_CLOSED_GUARD_2026_06_13,1782024300000,2026-06-21 06:45:00 UTC,MUSDT,1782024300000,2026-06-21 06:45:00 UTC,1782025199999,2026-06-21 06:59:59 UTC,True,2.8733,2.8791,2.867,2.8681,-0.005300000000000082,-0.18445047678708437,52.29933496781232,2.8734,2.87749867,2.8672,2.86861316,-0.004786839999999959,-0.16659149439688029,1782025199999,2026-06-21 06:59:59 UTC,-0.0005131600000001235,-0.017888783582102913,0.00157703,0.00273673,0.00056959,0.00099941,-0.00063068,-38.689888288376714,1782025199999,2026-06-21 06:59:59 UTC,359,-122.0,-25.363825363825367,4855.0,-752.0,-13.411806670233636,13949.3603,-2159.4853000000003,-13.40558692796708,binance_kline_quote_asset_volume,13.52367688022284,38.85615682451254,0.012100000000000222,0.42111857446142836,-0.005199999999999871,-0.18097657745449036,0.005199999999999871,0.18097657745449036,0.005800000000000249,47.93388429752184,0.001100000000000101,9.090909090909758,0.09090909090909759,3455.0,1400.0,71.16374871266736,28.836251287332647,9928.8211,-2464.0974000000006,-19.883108244438148,4020.539200000001,304.6121000000003,8.197472442341516,71.17760876819563,28.822391231804378,2.467857142857143,2.4695247592661196,5908.281899999998,42.355217536391244,7370189.0,21177501.0726,748.0,0.010150023590663118,54108.57869223878,0.25615477583841867,0.9153,0.00649999999999995,0.7152288732394311,47.79,52.21,1.615,-0.0008999999999999009,-0.05569651587350089,61.760000000000005,38.24,0.8904,0.0040000000000000036,0.4512635379061376,47.099999999999994,52.900000000000006,0.6997,-0.024900000000000033,-0.7246,1782014400000,2026-06-21 04:00:00 UTC,0.0004309,2.8747
FINAL_REAL_MARK_PREMIUM_CLOSED_GUARD_2026_06_13,1782025200000,2026-06-21 07:00:00 UTC,MUSDT,1782025200000,2026-06-21 07:00:00 UTC,1782026099999,2026-06-21 07:14:59 UTC,True,2.867,2.8691,2.8587,2.8668,-0.0013000000000000789,-0.045326174122243955,51.39680536463623,2.8687,2.8687,2.8586159,2.86678111,-0.001832050000000418,-0.06386535575959004,1782026099999,2026-06-21 07:14:59 UTC,1.889000000021568e-05,0.0006589271826273363,0.00074116,0.00254431,0.0,0.00071555,-0.00028386000000000004,-28.40275762699993,1782026099999,2026-06-21 07:14:59 UTC,441,82.0,22.841225626740947,3128.0,-1727.0,-35.57157569515963,8957.2811,-4992.0792,-35.78715505685232,binance_kline_quote_asset_volume,7.09297052154195,20.31129501133787,0.010400000000000187,0.36274851761423743,-0.00019999999999997797,-0.006975933031042134,0.00019999999999997797,0.006975933031042134,0.0020999999999999908,20.19230769230724,0.008100000000000218,77.88461538461608,0.7788461538461608,1868.0,1260.0,59.71867007672634,40.28132992327366,5349.5505,-4579.270599999999,-46.12099013446822,3607.7306,-412.8086000000012,-10.267493474507127,59.722927529872884,40.27707247012712,1.4825396825396826,1.4828020972519402,1741.8199000000004,19.445855059745757,7370804.0,21143985.35418064,615.0,0.008344426445509064,-33515.718419358134,-0.1582609690560783,0.912,-0.0032999999999999696,-0.3605375286791183,47.699999999999996,52.300000000000004,1.6142,-0.0007999999999999119,-0.04953560371516483,61.75000000000001,38.25,0.8893,-0.0010999999999999899,-0.12353998203054692,47.07,52.93,0.7022,-0.022700000000000053,-0.7249000000000001,1782014400000,2026-06-21 04:00:00 UTC,0.0004309,2.8747
FINAL_REAL_MARK_PREMIUM_CLOSED_GUARD_2026_06_13,1782026100000,2026-06-21 07:15:00 UTC,MUSDT,1782026100000,2026-06-21 07:15:00 UTC,1782026999999,2026-06-21 07:29:59 UTC,True,2.8668,2.8724,2.8622,2.8715,0.0047000000000001485,0.16394586298312225,54.45684856271995,2.8677,2.872,2.8622,2.87144906,0.00466795000000042,0.1628289646432204,1782026999999,2026-06-21 07:29:59 UTC,5.093999999994381e-05,0.0017740171925579556,0.0003042,0.00289934,0.0,0.00153724,0.00082169,114.83334497938648,1782026999999,2026-06-21 07:29:59 UTC,423,-18.0,-4.081632653061225,4632.0,1504.0,48.08184143222506,13272.1458,4314.8647,48.17158970259401,binance_kline_quote_asset_volume,10.950354609929079,31.376231205673758,0.010199999999999765,0.3557974047718629,0.0047000000000001485,0.16394586298312225,0.0047000000000001485,0.16394586298312225,0.0008999999999996788,8.82352941176176,0.0045999999999999375,45.098039215686704,0.9117647058823823,3136.0,1496.0,67.70293609671847,32.29706390328152,8984.9751,3635.4245999999994,67.95757138847459,4287.170700000001,679.4401000000007,18.832894562581828,67.69798369755704,32.30201630244298,2.0962566844919786,2.095781980409597,4697.804399999999,35.395967395114056,7370613.0,21129934.11752043,-191.0,-0.0025913048291611065,-14051.236660212278,-0.06645500564269939,0.926,0.014000000000000012,1.5350877192982468,48.08,51.92,1.6142,0.0,0.0,61.75000000000001,38.25,0.8997,0.010400000000000076,1.1694591251546245,47.36,52.64,0.6882,-0.02629999999999999,-0.7145,1782014400000,2026-06-21 04:00:00 UTC,0.0004309,2.8747
FINAL_REAL_MARK_PREMIUM_CLOSED_GUARD_2026_06_13,1782027000000,2026-06-21 07:30:00 UTC,MUSDT,1782027000000,2026-06-21 07:30:00 UTC,1782027899999,2026-06-21 07:44:59 UTC,True,2.8711,2.8711,2.8571,2.8571,-0.01440000000000019,-0.5014800626850144,45.09002151148393,2.87144906,2.87144906,2.856258,2.85705,-0.01439906000000013,-0.5014562229427162,1782027899999,2026-06-21 07:44:59 UTC,4.999999999988347e-05,0.001750056876844419,0.0014387,0.00182155,0.0,0.0011913,-0.0003459400000000001,-22.50396815071167,1782027899999,2026-06-21 07:44:59 UTC,292,-131.0,-30.969267139479907,2548.0,-2084.0,-44.991364421416236,7289.6847,-5982.4611,-45.07531178567975,binance_kline_quote_asset_volume,8.726027397260275,24.964673630136986,0.014000000000000234,0.4876179861377254,-0.014000000000000234,-0.4876179861377254,0.014000000000000234,0.4876179861377254,0.0,0.0,0.0,0.0,0.0,551.0,1997.0,21.62480376766091,78.37519623233909,1576.4543,-7408.520799999999,-82.45455015228701,5713.2303999999995,1426.0596999999989,33.26342242449079,21.6258228562341,78.3741771437659,0.2759138708062093,0.27593046133759985,-4136.776099999999,-56.7483542875318,7371533.0,21166981.50360898,920.0,0.012482001157841281,37047.38608855009,0.1753312901142995,0.9234,-0.0026000000000000467,-0.2807775377969813,48.010000000000005,51.99,1.6131,-0.001100000000000101,-0.06814521125016113,61.73,38.269999999999996,0.8979,-0.0018000000000000238,-0.2000666888963014,47.31,52.690000000000005,0.6897,-0.025499999999999967,-0.7152,1782014400000,2026-06-21 04:00:00 UTC,0.0004309,2.8747
FINAL_REAL_MARK_PREMIUM_CLOSED_GUARD_2026_06_13,1782027900000,2026-06-21 07:45:00 UTC,MUSDT,1782027900000,2026-06-21 07:45:00 UTC,1782028799999,2026-06-21 07:59:59 UTC,True,2.8571,2.8599,2.856,2.8579,0.0007999999999999119,0.028000420006297013,45.6493372232134,2.85705,2.85969078,2.856,2.85752953,0.00047952999999978374,0.016784095483095632,1782028799999,2026-06-21 07:59:59 UTC,0.0003704700000000116,0.012964695416463874,0.00100309,0.00137573,0.00052973,0.00076156,-0.00042973999999999996,-36.07319734743557,1782028799999,2026-06-21 07:59:59 UTC,369,77.0,26.36986301369863,2456.0,-92.0,-3.610675039246468,7019.9901,-269.6945999999998,-3.699674418017007,binance_kline_quote_asset_volume,6.6558265582655824,19.024363414634145,0.0039000000000002366,0.13650204753072123,0.0007999999999999119,0.028000420006297013,0.0007999999999999119,0.028000420006297013,0.002000000000000224,51.28205128205391,0.001100000000000101,28.205128205129082,0.4871794871794609,1470.0,986.0,59.853420195439746,40.14657980456026,4202.3206,2625.8662999999997,166.5678668896396,2817.6695,-2895.5608999999995,-50.68167564185754,59.86220123016983,40.13779876983018,1.4908722109533468,1.4914171445586504,1384.6511,19.72440246033965,7370694.0,21058441.2927,-839.0,-0.011381621706095598,-108540.21090897918,-0.5127807707984864,0.938,0.014599999999999946,1.581113277019704,48.4,51.6,1.6132,9.999999999998899e-05,0.00619924369226886,61.73,38.269999999999996,0.9048,0.006900000000000017,0.7684597393919164,47.5,52.5,0.6752,-0.033199999999999896,-0.7083999999999999,1782014400000,2026-06-21 04:00:00 UTC,0.0004309,2.8747
FINAL_REAL_MARK_PREMIUM_CLOSED_GUARD_2026_06_13,1782028800000,2026-06-21 08:00:00 UTC,MUSDT,1782028800000,2026-06-21 08:00:00 UTC,1782029699999,2026-06-21 08:14:59 UTC,True,2.8579,2.8585,2.8499,2.8523,-0.005599999999999827,-0.19594807376044746,42.39402171614267,2.85752953,2.85752953,2.84874616,2.85170143,-0.005828100000000003,-0.20395589752663038,1782029699999,2026-06-21 08:14:59 UTC,0.000598570000000187,0.020989925302249718,0.00075617,0.00215321,0.00030343,0.00215321,0.00139165,182.73675087977307,1782029699999,2026-06-21 08:14:59 UTC,325,-44.0,-11.924119241192411,2862.0,406.0,16.530944625407166,8173.3532,1153.3630999999996,16.42969695925924,binance_kline_quote_asset_volume,8.806153846153846,25.148779076923077,0.008599999999999941,0.3009202561321229,-0.005599999999999827,-0.19594807376044746,0.005599999999999827,0.19594807376044746,0.0005999999999999339,6.976744186045791,0.0024000000000001798,27.906976744188327,0.2790697674418833,1522.0,1340.0,53.179594689028654,46.820405310971346,4347.6917,145.3711000000003,3.459305318114003,3825.6614999999993,1007.9919999999993,35.773961424503455,53.19348856721376,46.80651143278624,1.135820895522388,1.1364548849917855,522.0302000000011,6.386977134427534,7370190.0,21060535.5667107,-504.0,-0.006837890706085478,2094.2740106992424,0.009945057098908985,0.9342,-0.0037999999999999146,-0.4051172707889035,48.3,51.7,1.6133,9.999999999998899e-05,0.006198859409867901,61.73,38.269999999999996,0.9033,-0.0015000000000000568,-0.16578249336870654,47.46,52.54,0.6790999999999999,-0.03090000000000004,-0.71,1782028800000,2026-06-21 08:00:00 UTC,0.00041836,2.85752953
FINAL_REAL_MARK_PREMIUM_CLOSED_GUARD_2026_06_13,1782029700000,2026-06-21 08:15:00 UTC,MUSDT,1782029700000,2026-06-21 08:15:00 UTC,1782030599999,2026-06-21 08:29:59 UTC,True,2.8523,2.8523,2.8416,2.8417,-0.010600000000000165,-0.3716299127020357,37.01353355788213,2.85163017,2.85183787,2.84103153,2.84164931,-0.010052119999999665,-0.35249552755597086,1782030599999,2026-06-21 08:29:59 UTC,5.068999999968682e-05,0.0017838232121502287,0.00207454,0.00214555,0.00020653,0.00174923,-0.00040397999999999996,-18.761755704274083,1782030599999,2026-06-21 08:29:59 UTC,237,-88.0,-27.076923076923077,2382.0,-480.0,-16.771488469601678,6778.8762,-1394.4769999999999,-17.061259508520934,binance_kline_quote_asset_volume,10.050632911392405,28.60285316455696,0.010699999999999932,0.3751358552746882,-0.010600000000000165,-0.3716299127020357,0.010600000000000165,0.3716299127020357,0.0,0.0,9.999999999976694e-05,0.9345794392501643,0.009345794392501643,1073.0,1309.0,45.046179680940384,54.95382031905961,3052.4963,-1295.1954000000005,-29.790414991937,3726.3799,-99.28159999999934,-2.595148577572777,45.029533066262516,54.970466933737484,0.8197097020626433,0.819158642413244,-673.8836000000001,-9.94093386747497,7369619.0,21015953.04085517,-571.0,-0.007747425778711269,-44582.52585553005,-0.21168752197355964,0.9361,0.0019000000000000128,0.20338257332477122,48.35,51.65,1.613,-0.00029999999999996696,-0.018595425525318725,61.73,38.269999999999996,0.9048,0.0015000000000000568,0.16605778811026867,47.5,52.5,0.6769,-0.031299999999999994,-0.7081999999999999,1782028800000,2026-06-21 08:00:00 UTC,0.00041836,2.85752953
FINAL_REAL_MARK_PREMIUM_CLOSED_GUARD_2026_06_13,1782030600000,2026-06-21 08:30:00 UTC,MUSDT,1782030600000,2026-06-21 08:30:00 UTC,1782031499999,2026-06-21 08:44:59 UTC,True,2.8417,2.8512,2.8396,2.8437,0.002000000000000224,0.07038040609495104,38.59702346639671,2.84164931,2.8511,2.83829969,2.84335075,0.001701439999999721,0.059875087119730504,1782031499999,2026-06-21 08:44:59 UTC,0.0003492500000001897,0.012283043166594544,0.00083264,0.00420155,0.0005295,0.0022213,0.0004720699999999998,26.987302984741845,1782031499999,2026-06-21 08:44:59 UTC,556,319.0,134.59915611814347,8551.0,6169.0,258.9840470193115,24330.0625,17551.1863,258.90996947252114,binance_kline_quote_asset_volume,15.379496402877697,43.75910521582734,0.011600000000000055,0.40820635535067235,0.002000000000000224,0.07038040609495104,0.002000000000000224,0.07038040609495104,0.00749999999999984,64.65517241379142,0.0020999999999999908,18.103448275861904,0.35344827586208577,5225.0,3326.0,61.1039644486025,38.896035551397496,14866.0984,11813.6021,387.0144609184293,9463.9641,5737.584199999999,153.97206817265194,61.10176823425751,38.89823176574248,1.5709561034275406,1.5708109459121893,5402.1343000000015,22.203536468515036,7369539.0,20941645.41436809,-80.0,-0.0010855378005294439,-74307.62648708001,-0.3535772388843153,0.9361,0.0,0.0,48.35,51.65,1.6131,9.999999999998899e-05,0.006199628022317978,61.73,38.269999999999996,0.9019,-0.0029000000000000137,-0.32051282051282204,47.42,52.580000000000005,0.6769999999999999,-0.03420000000000001,-0.7111999999999999,1782028800000,2026-06-21 08:00:00 UTC,0.00041836,2.85752953
FINAL_REAL_MARK_PREMIUM_CLOSED_GUARD_2026_06_13,1782031500000,2026-06-21 08:45:00 UTC,MUSDT,1782031500000,2026-06-21 08:45:00 UTC,1782032399999,2026-06-21 08:59:59 UTC,True,2.8443,2.8455,2.8414,2.8433,-0.00039999999999995595,-0.01406618138340739,38.38915372660919,2.84335075,2.8452982,2.84074808,2.8433,-5.074999999976626e-05,-0.0017848659719440615,1782032399999,2026-06-21 08:59:59 UTC,0.0,0.0,0.00227434,0.00254564,0.0014839,0.00162641,-0.0005948899999999998,-26.781164183135996,1782032399999,2026-06-21 08:59:59 UTC,323,-233.0,-41.906474820143885,4820.0,-3731.0,-43.632323704829844,13706.194,-10623.8685,-43.66560299629317,binance_kline_quote_asset_volume,14.922600619195046,42.43403715170278,0.0040999999999997705,0.14414794501282463,-0.0009999999999998899,-0.035158035368979705,0.0009999999999998899,0.035158035368979705,0.0011999999999998678,29.268292682925246,0.0019000000000000128,46.341463414637055,0.4634146341463705,2866.0,1954.0,59.46058091286307,40.53941908713693,8149.659,-6716.439400000001,-45.17957045138354,5556.535,-3907.4290999999994,-41.2874463460824,59.4596793245448,40.5403206754552,1.4667349027635619,1.4666800443081884,2593.124,18.919358649089602,7368023.0,20949873.72306725,-1516.0,-0.020571164627801005,8228.308699160814,0.03929160548920078,0.9433,0.007199999999999984,0.76914859523555,48.54,51.459999999999994,1.6123,-0.0007999999999999119,-0.04959394953815088,61.72,38.279999999999994,0.9059,0.0040000000000000036,0.44350814946224676,47.53,52.470000000000006,0.669,-0.03739999999999999,-0.7064,1782028800000,2026-06-21 08:00:00 UTC,0.00041836,2.85752953
FINAL_REAL_MARK_PREMIUM_CLOSED_GUARD_2026_06_13,1782032400000,2026-06-21 09:00:00 UTC,MUSDT,1782032400000,2026-06-21 09:00:00 UTC,1782033299999,2026-06-21 09:14:59 UTC,True,2.8437,2.8512,2.8396,2.8512,0.007899999999999796,0.27784616466780837,44.72124929935376,2.8433,2.8512,2.8396,2.8512,0.007899999999999796,0.27784616466780837,1782033299999,2026-06-21 09:14:59 UTC,0.0,0.0,0.00162273,0.00255367,0.00014479,0.00122306,-0.00040335,-24.800019675235642,1782033299999,2026-06-21 09:14:59 UTC,370,47.0,14.551083591331269,5391.0,571.0,11.846473029045642,15342.769,1636.5750000000007,11.940404462391243,binance_kline_quote_asset_volume,14.57027027027027,41.46694324324324,0.011600000000000055,0.40791926011886115,0.00749999999999984,0.26374090093891195,0.00749999999999984,0.26374090093891195,0.0,0.0,0.004100000000000215,35.344827586208574,1.0,3359.0,2032.0,62.307549619736605,37.6924503802634,9564.1962,1414.5372000000007,17.357010888431045,5778.5728,222.03780000000006,3.9959759094471656,62.3368324192328,37.6631675807672,1.6530511811023623,1.6551139063264895,3785.6234000000004,24.6736648384656,7367687.0,20948544.4471,-336.0,-0.00456024635102252,-1329.2759672515094,-0.006345030928696651,0.9459,0.0025999999999999357,0.27562811406762805,48.61,51.39,1.6114,-0.0009000000000001229,-0.05582087700800861,61.71,38.29,0.9099,0.0040000000000000036,0.4415498399381834,47.64,52.35999999999999,0.6655,-0.03599999999999992,-0.7014999999999999,1782028800000,2026-06-21 08:00:00 UTC,0.00041836,2.85752953
FINAL_REAL_MARK_PREMIUM_CLOSED_GUARD_2026_06_13,1782033300000,2026-06-21 09:15:00 UTC,MUSDT,1782033300000,2026-06-21 09:15:00 UTC,1782034199999,2026-06-21 09:29:59 UTC,True,2.8502,2.8534,2.8445,2.8471,-0.0040999999999997705,-0.14379910213242741,42.2919054541989,2.8512,2.8534,2.8444233,2.8471,-0.0040999999999997705,-0.14379910213242741,1782034199999,2026-06-21 09:29:59 UTC,0.0,0.0,0.00119994,0.00280789,0.0,0.00188357,0.00066051,54.00470949912515,1782034199999,2026-06-21 09:29:59 UTC,408,38.0,10.27027027027027,4573.0,-818.0,-15.173437210165089,13036.4088,-2306.360200000001,-15.032229188877189,binance_kline_quote_asset_volume,11.208333333333334,31.951982352941176,0.00890000000000013,0.31225878885692687,-0.0030999999999998806,-0.1087642972422946,0.0030999999999998806,0.1087642972422946,0.0032000000000000917,35.95505617977579,0.0026000000000001577,29.213483146068764,0.29213483146068764,2915.0,1658.0,63.743713098622344,36.25628690137765,8311.4182,-1252.7780000000002,-13.098622966350273,4724.990599999999,-1053.5822000000007,-18.23256773714092,63.755427798490025,36.244572201509975,1.7581423401688783,1.7590338063318056,3586.427600000001,27.51085559698006,7369055.0,21010649.616,1368.0,0.01856756401296635,62105.168900001794,0.29646531794527275,0.9387,-0.007199999999999984,-0.7611798287345369,48.42,51.580000000000005,1.6104,-0.0009999999999998899,-0.06205783790492057,61.69,38.31,0.9059,-0.0040000000000000036,-0.43960874821408985,47.53,52.470000000000006,0.6717000000000001,-0.03279999999999994,-0.7045,1782028800000,2026-06-21 08:00:00 UTC,0.00041836,2.85752953
FINAL_REAL_MARK_PREMIUM_CLOSED_GUARD_2026_06_13,1782034200000,2026-06-21 09:30:00 UTC,MUSDT,1782034200000,2026-06-21 09:30:00 UTC,1782035099999,2026-06-21 09:44:59 UTC,True,2.8471,2.8517,2.8427,2.8433,-0.0038000000000000256,-0.13346914404130605,40.11677410591216,2.8471,2.85159705,2.8431,2.8433,-0.0038000000000000256,-0.13346914404130605,1782035099999,2026-06-21 09:44:59 UTC,0.0,0.0,0.00192115,0.00301977,0.00048877,0.00199854,0.00011497000000000005,6.103834739351341,1782035099999,2026-06-21 09:44:59 UTC,389,-19.0,-4.6568627450980395,4712.0,139.0,3.039580144325388,13413.9319,377.52310000000034,2.895913328523423,binance_kline_quote_asset_volume,12.113110539845758,34.483115424164524,0.009000000000000341,0.31611113062415586,-0.0038000000000000256,-0.13346914404130605,0.0038000000000000256,0.13346914404130605,0.0045999999999999375,51.11111111110848,0.000600000000000378,6.666666666670615,0.06666666666670615,1696.0,3016.0,35.993208828522924,64.00679117147709,4829.6306,-3481.7875999999997,-41.89161844846166,8584.3013,3859.3107,81.67869582640017,36.004585650237274,63.995414349762726,0.5623342175066313,0.5626119623736879,-3754.6706999999988,-27.990828699525444,7367873.0,20977071.2183,-1182.0,-0.016040048554394018,-33578.397700000554,-0.1598160852410293,0.9421,0.0034000000000000696,0.3622030467668126,48.51,51.49,1.6101,-0.00029999999999996696,-0.01862891207153297,61.69,38.31,0.9055,-0.00040000000000006697,-0.04415498399382569,47.52,52.480000000000004,0.668,-0.03660000000000008,-0.7046000000000001,1782028800000,2026-06-21 08:00:00 UTC,0.00041836,2.85752953
FINAL_REAL_MARK_PREMIUM_CLOSED_GUARD_2026_06_13,1782035100000,2026-06-21 09:45:00 UTC,MUSDT,1782035100000,2026-06-21 09:45:00 UTC,1782035999999,2026-06-21 09:59:59 UTC,True,2.8434,2.8512,2.8412,2.8464,0.0030999999999998806,0.10902824183167026,42.70560198115263,2.8433,2.85003523,2.8412,2.8464,0.0030999999999998806,0.10902824183167026,1782035999999,2026-06-21 09:59:59 UTC,0.0,0.0,0.00196043,0.00385637,0.00064505,0.0009666,-0.00103194,-51.63469332612808,1782035999999,2026-06-21 09:59:59 UTC,320,-69.0,-17.737789203084834,5222.0,510.0,10.823429541595925,14859.8066,1445.8747000000003,10.778902940457007,binance_kline_quote_asset_volume,16.31875,46.436895625,0.009999999999999787,0.3516916367728701,0.0030000000000001137,0.10550749103186727,0.0030000000000001137,0.10550749103186727,0.0047999999999999154,48.00000000000018,0.0021999999999997577,21.999999999998046,0.5199999999999982,2986.0,2236.0,57.181156644963615,42.818843355036385,8496.9606,3667.33,75.93396480467885,6362.846,-2221.4552999999996,-25.878114273551883,57.18082898871645,42.819171011283544,1.3354203935599285,1.335402522707606,2134.114600000001,14.361657977432902,7368139.0,20949829.6187,266.0,0.003610268526615483,-27241.599599998444,-0.12986369410918236,0.944,0.0018999999999999018,0.20167710434135458,48.559999999999995,51.44,1.6098,-0.000300000000000189,-0.0186323830818079,61.68,38.32,0.9109,0.005400000000000071,0.5963556046383293,47.67,52.33,0.6658,-0.03309999999999991,-0.6988999999999999,1782028800000,2026-06-21 08:00:00 UTC,0.00041836,2.85752953
FINAL_REAL_MARK_PREMIUM_CLOSED_GUARD_2026_06_13,1782036000000,2026-06-21 10:00:00 UTC,MUSDT,1782036000000,2026-06-21 10:00:00 UTC,1782036899999,2026-06-21 10:14:59 UTC,True,2.845,2.8461,2.837,2.8391,-0.007299999999999862,-0.2564643057897647,38.4862177895639,2.8464,2.8464,2.839,2.8391,-0.007299999999999862,-0.2564643057897647,1782036899999,2026-06-21 10:14:59 UTC,0.0,0.0,0.00020573,0.00129332,0.00017582,0.00079428,-0.00017232,-17.82743637492241,1782036899999,2026-06-21 10:14:59 UTC,263,-57.0,-17.8125,4846.0,-376.0,-7.200306396016852,13765.2943,-1094.5123000000003,-7.365589132230027,binance_kline_quote_asset_volume,18.425855513307983,52.33952205323194,0.009099999999999664,0.31985940246044514,-0.005900000000000016,-0.2073813708260111,0.005900000000000016,0.2073813708260111,0.0010999999999996568,12.087912087908762,0.0020999999999999908,23.076923076923826,0.23076923076923828,506.0,4340.0,10.441601320676847,89.55839867932315,1438.3268,-7058.6338000000005,-83.07245534362016,12326.967499999999,5964.121499999999,93.73355099274758,10.448936060887561,89.55106393911242,0.11658986175115207,0.11668131679587865,-10888.640699999998,-79.10212787822488,7367900.0,20971990.56,-239.0,-0.0032436955926048623,22160.94129999727,0.10578100969478159,0.9429,-0.0010999999999999899,-0.1165254237288125,48.53,51.470000000000006,1.6096,-0.00019999999999997797,-0.012423903590506772,61.68,38.32,0.9084,-0.0025000000000000577,-0.2744538368646457,47.599999999999994,52.400000000000006,0.6667,-0.034499999999999975,-0.7011999999999999,1782028800000,2026-06-21 08:00:00 UTC,0.00041836,2.85752953
FINAL_REAL_MARK_PREMIUM_CLOSED_GUARD_2026_06_13,1782036900000,2026-06-21 10:15:00 UTC,MUSDT,1782036900000,2026-06-21 10:15:00 UTC,1782037799999,2026-06-21 10:29:59 UTC,True,2.8401,2.8524,2.8383,2.8447,0.005599999999999827,0.1972456060018959,43.1282748639736,2.8391,2.85192319,2.83816094,2.8445435,0.0054434999999997125,0.19173329576273157,1782037799999,2026-06-21 10:29:59 UTC,0.00015650000000011488,0.0055017615304569925,0.00078968,0.00233389,0.00056477,0.00212466,0.00133038,167.49508989273303,1782037799999,2026-06-21 10:29:59 UTC,506,243.0,92.39543726235742,7454.0,2608.0,53.81758151052415,21214.4458,7449.151500000002,54.115453964540386,binance_kline_quote_asset_volume,14.731225296442688,41.92578221343874,0.014100000000000001,0.4964613922044999,0.0045999999999999375,0.1619661279532389,0.0045999999999999375,0.1619661279532389,0.007699999999999818,54.60992907801289,0.0018000000000002458,12.765957446810253,0.45390070921987113,5216.0,2238.0,69.97585189160182,30.024148108398172,14842.5103,13404.1835,931.9289260271031,6371.935500000001,-5955.031999999997,-48.308977856881654,69.96416705827875,30.035832941721253,2.33065236818588,2.3293566452453884,8470.574799999999,39.92833411655749,7367608.0,20917375.8728,-292.0,-0.003963137393287097,-54614.68719999865,-0.260417279150247,0.9433,0.00040000000000006697,0.04242231413724329,48.54,51.459999999999994,1.6091,-0.0004999999999999449,-0.03106361829025503,61.67,38.33,0.9102,0.0018000000000000238,0.19815059445178598,47.65,52.349999999999994,0.6658,-0.03310000000000002,-0.6989,1782028800000,2026-06-21 08:00:00 UTC,0.00041836,2.85752953
FINAL_REAL_MARK_PREMIUM_CLOSED_GUARD_2026_06_13,1782037800000,2026-06-21 10:30:00 UTC,MUSDT,1782037800000,2026-06-21 10:30:00 UTC,1782038699999,2026-06-21 10:44:59 UTC,True,2.8446,2.8446,2.8394,2.8408,-0.0038999999999997925,-0.1370970576862162,40.81806355197512,2.8447,2.8447,2.8394,2.84007011,-0.0044733899999997995,-0.15726214065630564,1782038699999,2026-06-21 10:44:59 UTC,0.0007298900000001218,0.02569971767352327,0.00209792,0.00218122,0.00040545,0.00080498,-0.0013196800000000002,-62.112526239492446,1782038699999,2026-06-21 10:44:59 UTC,123,-383.0,-75.69169960474308,1022.0,-6432.0,-86.28924067614705,2904.4152,-18310.030600000002,-86.30925725149041,binance_kline_quote_asset_volume,8.308943089430894,23.613131707317073,0.005199999999999871,0.18280250298811332,-0.0037999999999995815,-0.13358644449130216,0.0037999999999995815,0.13358644449130216,0.0,0.0,0.00140000000000029,26.923076923083162,0.2692307692308316,369.0,653.0,36.10567514677104,63.894324853228966,1048.5303,-13793.98,-92.93562693367306,1855.8849,-4516.050600000001,-70.87407899844561,36.101253705048784,63.89874629495122,0.5650842266462481,0.564975931427644,-807.3546000000001,-27.79749258990244,7367792.0,20958004.842952,184.0,0.0024974184294278413,40628.97015200183,0.19423550257484204,0.935,-0.008299999999999974,-0.8798897487543702,48.32,51.68000000000001,1.6086,-0.0004999999999999449,-0.03107327077247809,61.67,38.33,0.9019,-0.008299999999999974,-0.911887497253348,47.42,52.580000000000005,0.6736,-0.03310000000000002,-0.7067,1782028800000,2026-06-21 08:00:00 UTC,0.00041836,2.85752953
FINAL_REAL_MARK_PREMIUM_CLOSED_GUARD_2026_06_13,1782038700000,2026-06-21 10:45:00 UTC,MUSDT,1782038700000,2026-06-21 10:45:00 UTC,1782039599999,2026-06-21 10:59:59 UTC,True,2.8408,2.8518,2.8316,2.8327,-0.008100000000000218,-0.2851309490284503,36.45086844695029,2.84007011,2.8513,2.83128913,2.83170492,-0.008365190000000133,-0.2945416724237182,1782039599999,2026-06-21 10:59:59 UTC,0.000995080000000037,0.03514066712855226,0.00102841,0.00332057,0.0,0.00103107,0.00022609000000000008,28.086412084772306,1782039599999,2026-06-21 10:59:59 UTC,473,350.0,284.5528455284553,6230.0,5208.0,509.5890410958904,17713.0293,14808.614099999999,509.86560392605026,binance_kline_quote_asset_volume,13.171247357293868,37.448264904862576,0.020199999999999996,0.7110673049845112,-0.008100000000000218,-0.2851309490284503,0.008100000000000218,0.2851309490284503,0.010999999999999677,54.45544554455287,0.001100000000000101,5.445544554455947,0.054455445544559465,4450.0,1780.0,71.42857142857143,28.57142857142857,12655.4269,11606.8966,1106.9681629610513,5057.602399999998,3201.717499999998,172.5170294774206,71.44699354164113,28.553006458358865,2.5,2.50225816485693,7597.824500000002,42.89398708328226,7367487.0,20924179.61451357,-305.0,-0.004139639121191261,-33825.22843843326,-0.16139526969242207,0.9387,0.0036999999999999256,0.3957219251336818,48.42,51.580000000000005,1.6087,9.999999999998899e-05,0.006216585851049918,61.67,38.33,0.9037,0.0017999999999999128,0.1995786672580012,47.47,52.53,0.67,-0.03500000000000003,-0.7050000000000001,1782028800000,2026-06-21 08:00:00 UTC,0.00041836,2.85752953
FINAL_REAL_MARK_PREMIUM_CLOSED_GUARD_2026_06_13,1782039600000,2026-06-21 11:00:00 UTC,MUSDT,1782039600000,2026-06-21 11:00:00 UTC,1782040499999,2026-06-21 11:14:59 UTC,True,2.8323,2.8378,2.8302,2.8364,0.0036999999999998145,0.13061743213188176,39.6283610738633,2.83177992,2.8378,2.82986013,2.83624467,0.004539750000000176,0.1603186111637711,1782040499999,2026-06-21 11:14:59 UTC,0.000155329999999676,0.005476607911956905,0.0010624,0.00258425,0.00010386,0.00159801,0.0005669399999999999,54.98559748610666,1782040499999,2026-06-21 11:14:59 UTC,341,-132.0,-27.906976744186046,3311.0,-2919.0,-46.853932584269664,9381.6084,-8331.4209,-47.03555083037095,binance_kline_quote_asset_volume,9.709677419354838,27.51204809384164,0.007600000000000051,0.26833315679836356,0.0040999999999997705,0.14475867669384496,0.0040999999999997705,0.14475867669384496,0.00140000000000029,18.421052631582636,0.0020999999999999908,27.631578947368112,0.8157894736841736,2377.0,934.0,71.79099969797645,28.209000302023558,6735.3183,-5920.1086000000005,-46.77920900479462,2646.2900999999993,-2411.3122999999987,-47.67698425641366,71.79278875038102,28.207211249618986,2.544967880085653,2.5451927209341116,4089.0282000000007,43.585577500762035,7368436.0,20865236.47390512,949.0,0.012880918554725647,-58943.140608448535,-0.2816986935419155,0.9402,0.0015000000000000568,0.15979546180889068,48.46,51.54,1.608,-0.0006999999999999229,-0.04351339590973599,61.660000000000004,38.34,0.9037,0.0,0.0,47.47,52.53,0.6678000000000001,-0.03650000000000009,-0.7043000000000001,1782028800000,2026-06-21 08:00:00 UTC,0.00041836,2.85752953
FINAL_REAL_MARK_PREMIUM_CLOSED_GUARD_2026_06_13,1782040500000,2026-06-21 11:15:00 UTC,MUSDT,1782040500000,2026-06-21 11:15:00 UTC,1782041399999,2026-06-21 11:29:59 UTC,True,2.8359,2.8518,2.8319,2.8432,0.006800000000000139,0.23974051614723382,45.06483417246007,2.83624467,2.85094823,2.82983347,2.84265925,0.0064145799999999475,0.22616455018318102,1782041399999,2026-06-21 11:29:59 UTC,0.0005407499999998677,0.019022680963251846,0.00167339,0.00262189,0.0,0.00176246,0.00016445,10.290924337144325,1782041399999,2026-06-21 11:29:59 UTC,612,271.0,79.47214076246334,10246.0,6935.0,209.4533373603141,29120.229,19738.620600000002,210.39697841150567,binance_kline_quote_asset_volume,16.741830065359476,47.582073529411765,0.019899999999999807,0.701717267886731,0.007299999999999862,0.25741387213935124,0.007299999999999862,0.25741387213935124,0.008599999999999941,43.21608040201018,0.0040000000000000036,20.100502512563025,0.5678391959798983,9097.0,1149.0,88.7858676556705,11.214132344329494,25854.7744,19119.4561,283.86863468650023,3265.454600000001,619.1645000000017,23.39745366541642,88.78630178354709,11.213698216452903,7.917319408181027,7.917664633892014,22589.319799999997,77.57260356709419,7369286.0,20901098.13920562,850.0,0.011535690884741347,35861.66530049965,0.17187279590791912,0.9436,0.0033999999999999586,0.36162518613060607,48.55,51.449999999999996,1.6076,-0.000400000000000178,-0.024875621890558332,61.650000000000006,38.35,0.9084,0.0047000000000000375,0.5200840987053267,47.599999999999994,52.400000000000006,0.6639999999999999,-0.03520000000000001,-0.6991999999999999,1782028800000,2026-06-21 08:00:00 UTC,0.00041836,2.85752953
FINAL_REAL_MARK_PREMIUM_CLOSED_GUARD_2026_06_13,1782041400000,2026-06-21 11:30:00 UTC,MUSDT,1782041400000,2026-06-21 11:30:00 UTC,1782042299999,2026-06-21 11:44:59 UTC,True,2.8425,2.8456,2.8384,2.8454,0.002200000000000202,0.07737760270118887,46.735988658814705,2.84265925,2.84434564,2.83748731,2.84420615,0.0015469000000001287,0.05441735586142197,1782042299999,2026-06-21 11:44:59 UTC,0.0011938499999999408,0.04197480551822662,0.00176697,0.00300181,0.0,0.00194974,0.00018727999999999996,10.626056761571892,1782042299999,2026-06-21 11:44:59 UTC,265,-347.0,-56.69934640522876,2367.0,-7879.0,-76.89830177630294,6725.7414,-22394.4876,-76.90354220772096,binance_kline_quote_asset_volume,8.932075471698113,25.380156226415092,0.007200000000000095,0.2532981530343042,0.0029000000000003467,0.10202286719438336,0.0029000000000003467,0.10202286719438336,0.00019999999999997797,2.7777777777774353,0.0040999999999997705,56.9444444444405,0.9722222222222257,1723.0,644.0,72.79256442754541,27.207435572454585,4896.2136,-20958.5608,-81.06263267182095,1829.5277999999998,-1435.926800000001,-43.97325873095895,72.79812453092532,27.201875469074675,2.6754658385093166,2.67621710913603,3066.6858,45.59624906185064,7367113.0,20942191.91524525,-2173.0,-0.029487252903469888,41093.776039630175,0.19661060756682333,0.9414,-0.0021999999999999797,-0.23314963967782745,48.49,51.51,1.6084,0.0008000000000001339,0.04976362279174758,61.660000000000004,38.34,0.9062,-0.0021999999999999797,-0.24218405988551076,47.54,52.459999999999994,0.667,-0.03520000000000001,-0.7022,1782028800000,2026-06-21 08:00:00 UTC,0.00041836,2.85752953
FINAL_REAL_MARK_PREMIUM_CLOSED_GUARD_2026_06_13,1782042300000,2026-06-21 11:45:00 UTC,MUSDT,1782042300000,2026-06-21 11:45:00 UTC,1782043199999,2026-06-21 11:59:59 UTC,True,2.8454,2.8476,2.8402,2.8402,-0.0052000000000003155,-0.18275110704998648,43.37712576121364,2.84420615,2.8464,2.83741365,2.8383624,-0.0058437500000003695,-0.20546154855900192,1782043199999,2026-06-21 11:59:59 UTC,0.0018375999999999948,0.06474155661024804,0.00195054,0.00248617,0.00033179,0.00131978,-0.0006299599999999999,-32.30994901884354,1782043199999,2026-06-21 11:59:59 UTC,414,149.0,56.22641509433962,3507.0,1140.0,48.162230671736374,9972.4218,3246.6804,48.27245365098337,binance_kline_quote_asset_volume,8.471014492753623,24.08797536231884,0.007400000000000073,0.2600688831095829,-0.0052000000000003155,-0.18275110704998648,0.0052000000000003155,0.18275110704998648,0.0021999999999997577,29.729729729726163,0.0,0.0,0.0,1837.0,1670.0,52.38095238095239,47.61904761904761,5224.962,328.7484000000004,6.714339423427123,4747.4598,2917.932,159.49098997019885,52.39411353418686,47.60588646581315,1.1,1.1005805673172842,477.5022000000008,4.78822706837371,7366789.0,20952666.57955235,-324.0,-0.004397923582820027,10474.664307098836,0.05001703904486528,0.9429,0.0014999999999999458,0.1593371574251058,48.53,51.470000000000006,1.6082,-0.00019999999999997797,-0.012434717731906115,61.660000000000004,38.34,0.9095,0.0032999999999999696,0.3641580225115835,47.63,52.370000000000005,0.6653000000000001,-0.033399999999999985,-0.6987000000000001,1782028800000,2026-06-21 08:00:00 UTC,0.00041836,2.85752953
FINAL_REAL_MARK_PREMIUM_CLOSED_GUARD_2026_06_13,1782043200000,2026-06-21 12:00:00 UTC,MUSDT,1782043200000,2026-06-21 12:00:00 UTC,1782044099999,2026-06-21 12:14:59 UTC,True,2.8401,2.8418,2.8343,2.8351,-0.00509999999999966,-0.17956481937890503,40.316729560151956,2.8383624,2.8417,2.8340716,2.8361,-0.0022623999999997757,-0.07970793299684974,1782044099999,2026-06-21 12:14:59 UTC,-0.0009999999999998899,-0.03525968759916399,0.00128954,0.00198909,0.0,0.00156501,0.00024522999999999993,18.58112715755656,1782044099999,2026-06-21 12:14:59 UTC,522,108.0,26.08695652173913,3628.0,121.0,3.450242372398061,10296.4867,324.0648999999994,3.249610841771649,binance_kline_quote_asset_volume,6.950191570881226,19.72507030651341,0.007500000000000284,0.2640752086194248,-0.004999999999999893,-0.17605013907960612,0.004999999999999893,0.17605013907960612,0.0017000000000000348,22.66666666666627,0.000800000000000356,10.666666666671007,0.10666666666671008,1684.0,1944.0,46.4167585446527,53.5832414553473,4780.2214,-444.7406000000001,-8.511843722499801,5516.265299999999,768.8054999999995,16.194039178593982,46.42575219370701,53.57424780629299,0.8662551440329218,0.8665684371634557,-736.0438999999988,-7.148495612585978,7366414.0,20908552.5204336,-375.0,-0.005090413204450406,-44114.05911874771,-0.21054150292163054,0.9421,-0.0007999999999999119,-0.08484462827446303,48.51,51.49,1.6081,-9.999999999998899e-05,-0.006218132073124548,61.660000000000004,38.34,0.9113,0.0018000000000000238,0.19791094007696797,47.68,52.32,0.666,-0.03080000000000005,-0.6968000000000001,1782028800000,2026-06-21 08:00:00 UTC,0.00041836,2.85752953
FINAL_REAL_MARK_PREMIUM_CLOSED_GUARD_2026_06_13,1782044100000,2026-06-21 12:15:00 UTC,MUSDT,1782044100000,2026-06-21 12:15:00 UTC,1782044999999,2026-06-21 12:29:59 UTC,True,2.835,2.8358,2.8268,2.8291,-0.006000000000000227,-0.21163274664033815,37.00858051443221,2.8361,2.8361,2.8247968,2.82916472,-0.006935279999999988,-0.2445358062127565,1782044999999,2026-06-21 12:29:59 UTC,-6.472000000012912e-05,-0.002287600984934137,0.00137995,0.0023239,0.00021821,0.0017422,0.00017719000000000003,11.321972383563047,1782044999999,2026-06-21 12:29:59 UTC,401,-121.0,-23.18007662835249,4319.0,691.0,19.04630650496141,12221.5736,1925.0869000000002,18.696541413490102,binance_kline_quote_asset_volume,10.770573566084789,30.477739650872817,0.008999999999999897,0.31746031746031383,-0.005900000000000016,-0.20811287477954205,0.005900000000000016,0.20811287477954205,0.0007999999999999119,8.888888888888012,0.0022999999999999687,25.555555555555497,0.255555555555555,1871.0,2448.0,43.32021301227136,56.67978698772864,5294.2666,514.0451999999996,10.75358559752064,6927.307,1411.0417000000007,25.579656221393137,43.319025628581905,56.68097437141809,0.764297385620915,0.7642604261656081,-1633.0403999999999,-13.36194874283619,7366302.0,20891569.1022,-112.0,-0.0015204141390912865,-16983.418233599514,-0.08122713524526332,0.9448,0.0026999999999999247,0.2865937798535107,48.58,51.42,1.6078,-0.000300000000000189,-0.018655556246513834,61.650000000000006,38.35,0.9128,0.0014999999999999458,0.16460002194666365,47.72,52.28,0.6629999999999999,-0.03200000000000003,-0.695,1782043200001,2026-06-21 12:00:00 UTC,0.00044768,2.8383624
FINAL_REAL_MARK_PREMIUM_CLOSED_GUARD_2026_06_13,1782045000000,2026-06-21 12:30:00 UTC,MUSDT,1782045000000,2026-06-21 12:30:00 UTC,1782045899999,2026-06-21 12:44:59 UTC,True,2.8291,2.838,2.8262,2.8264,-0.0026999999999999247,-0.09543671132161906,35.59322886026689,2.82916472,2.8352,2.8253772,2.82613127,-0.003033450000000215,-0.10722069233212463,1782045899999,2026-06-21 12:44:59 UTC,0.00026873000000016134,0.00950875859351577,0.00172622,0.00241274,0.00046718,0.00183219,8.999000000000008e-05,5.165308230972339,1782045899999,2026-06-21 12:44:59 UTC,448,47.0,11.72069825436409,3706.0,-613.0,-14.193100254688584,10487.477,-1734.096599999999,-14.188816078479444,binance_kline_quote_asset_volume,8.272321428571429,23.409546875,0.011800000000000033,0.41709377540560716,-0.0026999999999999247,-0.09543671132161906,0.0026999999999999247,0.09543671132161906,0.00890000000000013,75.42372881356022,0.00019999999999997797,1.6949152542370967,0.016949152542370966,1963.0,1743.0,52.96815974096061,47.0318402590394,5555.3741,261.1075000000001,4.931891794039992,4932.102900000001,-1995.204099999999,-28.802016425719245,52.97150210675075,47.02849789324925,1.1262191623637408,1.1263702750402873,623.2711999999992,5.943004213501486,7366541.0,20841157.90563352,239.0,0.0032445045017160576,-50411.19656648114,-0.24129923568628722,0.9489,0.0040999999999999925,0.4339542760372557,48.69,51.31,1.6079,0.00010000000000021103,0.006219679064573394,61.650000000000006,38.35,0.9168,0.0040000000000000036,0.4382120946538129,47.83,52.17,0.6590000000000001,-0.03210000000000002,-0.6911000000000002,1782043200001,2026-06-21 12:00:00 UTC,0.00044768,2.8383624
FINAL_REAL_MARK_PREMIUM_CLOSED_GUARD_2026_06_13,1782045900000,2026-06-21 12:45:00 UTC,MUSDT,1782045900000,2026-06-21 12:45:00 UTC,1782046799999,2026-06-21 12:59:59 UTC,True,2.8262,2.8264,2.8145,2.8202,-0.006200000000000205,-0.21936031701104605,32.51786464451628,2.82613127,2.8261922,2.8155,2.8198,-0.00633127,-0.22402604108336413,1782046799999,2026-06-21 12:59:59 UTC,0.00039999999999995595,0.01418540322008497,0.00184837,0.00248761,0.00058978,0.0008358,-0.00099639,-54.382460334353965,1782046799999,2026-06-21 12:59:59 UTC,785,337.0,75.22321428571429,12111.0,8405.0,226.79438747976252,34139.1327,23651.655700000003,225.52283738023934,binance_kline_quote_asset_volume,15.428025477707006,43.48934101910828,0.011900000000000244,0.4210600806737047,-0.006000000000000227,-0.21229920033968677,0.006000000000000227,0.21229920033968677,0.00019999999999997797,1.6806722689073434,0.005700000000000038,47.899159663864886,0.4789915966386489,4675.0,7436.0,38.60127157129882,61.398728428701176,13178.9973,7623.623200000001,137.22969979645475,20960.1354,16028.032499999998,324.97360304465656,38.6037847411396,61.3962152588604,0.628698224852071,0.628764893379458,-7781.138099999998,-22.792430517720792,7366812.0,20819577.75341124,271.0,0.003678795787602349,-21580.15222227946,-0.10354584097482503,0.9508,0.0019000000000000128,0.20023184740225658,48.74,51.25999999999999,1.6079,0.0,0.0,61.650000000000006,38.35,0.9168,0.0,0.0,47.83,52.17,0.6571000000000001,-0.03400000000000003,-0.6911000000000002,1782043200001,2026-06-21 12:00:00 UTC,0.00044768,2.8383624
FINAL_REAL_MARK_PREMIUM_CLOSED_GUARD_2026_06_13,1782046800000,2026-06-21 13:00:00 UTC,MUSDT,1782046800000,2026-06-21 13:00:00 UTC,1782047699999,2026-06-21 13:14:59 UTC,True,2.82,2.8367,2.8181,2.827,0.006800000000000139,0.24111765123041415,38.766956679612065,2.8202,2.8364,2.81637022,2.827,0.007200000000000095,0.2553372579615609,1782047699999,2026-06-21 13:14:59 UTC,0.0,0.0,0.00070357,0.00403336,0.0,0.00068677,-0.00014903000000000008,-17.83082077051927,1782047699999,2026-06-21 13:14:59 UTC,1166,381.0,48.53503184713376,13242.0,1131.0,9.33861778548427,37455.5652,3316.4324999999953,9.71446032078019,binance_kline_quote_asset_volume,11.356775300171526,32.123126243567754,0.018600000000000172,0.6595744680851126,0.007000000000000117,0.24822695035461412,0.007000000000000117,0.24822695035461412,0.009700000000000042,52.150537634408344,0.0019000000000000128,10.215053763440835,0.47849462365591655,7698.0,5544.0,58.1332125056638,41.86678749433621,21770.1662,8591.168899999999,65.18833492742273,15685.398999999998,-5274.736400000002,-25.165564531610812,58.12264768601063,41.87735231398938,1.3885281385281385,1.387925560580257,6084.767200000002,16.24529537202125,7371642.0,20786556.1116,4830.0,0.06556431737364819,-33021.641811240464,-0.15860860485429365,0.9501,-0.0007000000000000339,-0.07362221287337337,48.72,51.28,1.6055,-0.0024000000000001798,-0.14926301386903287,61.62,38.379999999999995,0.9161,-0.0006999999999999229,-0.07635253054100381,47.81,52.190000000000005,0.6554,-0.03399999999999992,-0.6893999999999999,1782043200001,2026-06-21 12:00:00 UTC,0.00044768,2.8383624
FINAL_REAL_MARK_PREMIUM_CLOSED_GUARD_2026_06_13,1782047700000,2026-06-21 13:15:00 UTC,MUSDT,1782047700000,2026-06-21 13:15:00 UTC,1782048599999,2026-06-21 13:29:59 UTC,True,2.8258,2.8367,2.8247,2.8288,0.0018000000000002458,0.0636717368234965,40.34183240817756,2.827,2.83432867,2.82449369,2.8288,0.0018000000000002458,0.0636717368234965,1782048599999,2026-06-21 13:29:59 UTC,0.0,0.0,0.00088867,0.00309708,0.0,0.00119591,0.0005091399999999999,74.13544563682164,1782048599999,2026-06-21 13:29:59 UTC,730,-436.0,-37.39279588336192,8109.0,-5133.0,-38.76302673312188,22945.4956,-14510.069599999999,-38.73942235959104,binance_kline_quote_asset_volume,11.108219178082193,31.432185753424655,0.01200000000000001,0.4246585037865387,0.0030000000000001137,0.1061646259466386,0.0030000000000001137,0.1061646259466386,0.007899999999999796,65.83333333333158,0.001100000000000101,9.1666666666675,0.34166666666668427,3355.0,4754.0,41.37378221728943,58.62621778271057,9494.9039,-12275.2623,-56.385707794917984,13450.591699999999,-2234.8072999999986,-14.247691754605663,41.380251991593504,58.61974800840649,0.705721497686159,0.705909755628074,-3955.6877999999997,-17.239496016812993,7372340.0,20841605.18,698.0,0.009468718095642734,55049.06839999929,0.26483015322234643,0.9448,-0.005299999999999971,-0.5578360172613379,48.58,51.42,1.6054,-9.999999999998899e-05,-0.006228589224539956,61.62,38.379999999999995,0.912,-0.0040999999999999925,-0.44754939417094125,47.699999999999996,52.300000000000004,0.6606,-0.03279999999999994,-0.6933999999999999,1782043200001,2026-06-21 12:00:00 UTC,0.00044768,2.8383624
FINAL_REAL_MARK_PREMIUM_CLOSED_GUARD_2026_06_13,1782048600000,2026-06-21 13:30:00 UTC,MUSDT,1782048600000,2026-06-21 13:30:00 UTC,1782049499999,2026-06-21 13:44:59 UTC,True,2.8288,2.8348,2.8252,2.8346,0.005799999999999805,0.20503393665157682,45.22997179635236,2.8288,2.83446595,2.8252,2.83446595,0.005665949999999587,0.20029517816740622,1782049499999,2026-06-21 13:44:59 UTC,0.00013405000000021872,0.004729285952446129,0.00112801,0.00238368,0.00020861,0.00210196,0.00090605,75.76239014641571,1782049499999,2026-06-21 13:44:59 UTC,748,18.0,2.4657534246575343,7787.0,-322.0,-3.9708965347145146,22037.7169,-907.7786999999989,-3.956239236776385,binance_kline_quote_asset_volume,10.41042780748663,29.462188368983956,0.009599999999999831,0.33936651583709804,0.005799999999999805,0.20503393665157682,0.005799999999999805,0.20503393665157682,0.00019999999999997797,2.0833333333331407,0.0036000000000000476,37.50000000000115,0.9791666666666686,3712.0,4075.0,47.669192243482726,52.330807756517274,10509.3291,1014.4252000000015,10.683891176613189,11528.387799999999,-1922.2039000000004,-14.290850119255353,47.6879213381673,52.31207866183271,0.910920245398773,0.9116044049108065,-1019.0586999999978,-4.6241573236654006,7373219.0,20857361.9072,879.0,0.011922944411136763,15756.727200001478,0.07560227278041873,0.9489,0.0040999999999999925,0.4339542760372557,48.69,51.31,1.6052,-0.00019999999999997797,-0.01245795440388551,61.62,38.379999999999995,0.9135,0.0014999999999999458,0.16447368421052036,47.74,52.26,0.6563,-0.03539999999999999,-0.6917,1782043200001,2026-06-21 12:00:00 UTC,0.00044768,2.8383624
FINAL_REAL_MARK_PREMIUM_CLOSED_GUARD_2026_06_13,1782049500000,2026-06-21 13:45:00 UTC,MUSDT,1782049500000,2026-06-21 13:45:00 UTC,1782050399999,2026-06-21 13:59:59 UTC,True,2.8339,2.8339,2.8138,2.8182,-0.01639999999999997,-0.5785648768785708,36.19839591091919,2.83446595,2.83448533,2.8148,2.81788088,-0.016585069999999646,-0.5851215111615522,1782050399999,2026-06-21 13:59:59 UTC,0.00031911999999989504,0.011324822218882973,0.00200336,0.00200436,0.0,0.00198212,-0.00011983999999999996,-5.701345410949778,1782050399999,2026-06-21 13:59:59 UTC,732,-16.0,-2.13903743315508,9615.0,1828.0,23.475022473353025,27130.7292,5093.012300000002,23.11043527381007,binance_kline_quote_asset_volume,13.135245901639344,37.063837704918036,0.020099999999999785,0.70926991072373,-0.015699999999999825,-0.5540068456896794,0.015699999999999825,0.5540068456896794,0.0,0.0,0.0043999999999999595,21.890547263681626,0.21890547263681626,2788.0,6827.0,28.99635985439418,71.00364014560583,7870.4833,-2638.845800000001,-25.10955528074576,19260.2459,7731.858100000003,67.06799106810064,29.00947940610457,70.99052059389544,0.4083784971436942,0.4086387754789776,-11389.762600000002,-41.98104118779086,7373465.0,20899835.47601675,246.0,0.003336398932406592,42473.56881674752,0.20363825974600153,0.9505,0.0016000000000000458,0.1686162925492724,48.730000000000004,51.27,1.6054,0.00019999999999997797,0.012459506603537129,61.62,38.379999999999995,0.9146,0.0010999999999999899,0.12041598248494689,47.77,52.23,0.6548999999999999,-0.03590000000000004,-0.6908,1782043200001,2026-06-21 12:00:00 UTC,0.00044768,2.8383624
FINAL_REAL_MARK_PREMIUM_CLOSED_GUARD_2026_06_13,1782050400000,2026-06-21 14:00:00 UTC,MUSDT,1782050400000,2026-06-21 14:00:00 UTC,1782051299999,2026-06-21 14:14:59 UTC,True,2.8189,2.8445,2.8189,2.8443,0.026100000000000012,0.9261230572705987,52.46598126380847,2.81797641,2.8436,2.81794341,2.8436,0.025719119999999762,0.9127113989289625,1782051299999,2026-06-21 14:14:59 UTC,0.000700000000000145,0.024616683077793817,0.00209797,0.00347108,0.00061003,0.00145379,-0.00052833,-26.65479385708232,1782051299999,2026-06-21 14:14:59 UTC,911,179.0,24.453551912568305,13041.0,3426.0,35.63182527301092,36938.673,9807.943800000001,36.15068259941941,binance_kline_quote_asset_volume,14.315038419319428,40.54739077936334,0.025599999999999845,0.908155663556701,0.025399999999999867,0.901060697435165,0.025399999999999867,0.901060697435165,0.00019999999999997797,0.7812499999999186,0.0,0.0,0.9921875000000008,9934.0,3107.0,76.17513994325589,23.824860056744114,28153.4251,20282.9418,257.70897449207473,8785.247900000002,-10474.998,-54.38662649680916,76.2166662023836,23.783333797616393,3.1972964274219504,3.204625005516349,19368.1772,52.43333240476721,7374513.0,20780499.18201144,1048.0,0.01421312774930104,-119336.2940053083,-0.5709915474801256,0.9493,-0.0011999999999999789,-0.12624934245133917,48.699999999999996,51.300000000000004,1.6058,0.00039999999999995595,0.02491590880777102,61.62,38.379999999999995,0.912,-0.0025999999999999357,-0.2842772796851012,47.699999999999996,52.300000000000004,0.6564999999999999,-0.0373,-0.6937999999999999,1782043200001,2026-06-21 12:00:00 UTC,0.00044768,2.8383624
FINAL_REAL_MARK_PREMIUM_CLOSED_GUARD_2026_06_13,1782051300000,2026-06-21 14:15:00 UTC,MUSDT,1782051300000,2026-06-21 14:15:00 UTC,1782052199999,2026-06-21 14:29:59 UTC,True,2.8444,2.8499,2.8436,2.8483,0.0040000000000000036,0.14063214147593445,54.38552641028746,2.8443,2.84939024,2.84197563,2.84813769,0.004537690000000261,0.1595755380503679,1782052199999,2026-06-21 14:29:59 UTC,0.00016230999999988782,0.005698811562719351,0.00151601,0.00382206,0.0,0.00098445,-0.00046933999999999995,-32.28389244663947,1782052199999,2026-06-21 14:29:59 UTC,413,-498.0,-54.665203073545555,4590.0,-8451.0,-64.80331262939958,13067.1954,-23871.477600000002,-64.62462146379758,binance_kline_quote_asset_volume,11.113801452784504,31.639698305084746,0.006299999999999972,0.22148783574743258,0.0039000000000002366,0.13711151736746718,0.0039000000000002366,0.13711151736746718,0.0015999999999998238,25.396825396822713,0.0007999999999999119,12.698412698411357,0.7460317460317729,2698.0,1892.0,58.77995642701524,41.22004357298475,7679.3612,-20474.0639,-72.72317249953363,5387.8342,-3397.413700000002,-38.67180230622748,58.768243413579015,41.231756586420985,1.4260042283298098,1.4253150551663227,2291.527,17.53648682715803,7370998.0,20966066.7112,-3515.0,-0.04766416439973731,185567.52918855846,0.8929887947503892,0.9459,-0.0034000000000000696,-0.3581586432107942,48.61,51.39,1.6058,0.0,0.0,61.62,38.379999999999995,0.915,0.0030000000000000027,0.32894736842105293,47.78,52.22,0.6598999999999999,-0.030899999999999928,-0.6907999999999999,1782043200001,2026-06-21 12:00:00 UTC,0.00044768,2.8383624
FINAL_REAL_MARK_PREMIUM_CLOSED_GUARD_2026_06_13,1782052200000,2026-06-21 14:30:00 UTC,MUSDT,1782052200000,2026-06-21 14:30:00 UTC,1782053099999,2026-06-21 14:44:59 UTC,True,2.8483,2.8604,2.8464,2.855,0.006699999999999928,0.23522803075518478,57.48265627991847,2.84813769,2.8581,2.84682851,2.855,0.006862309999999816,0.24094024752011958,1782053099999,2026-06-21 14:44:59 UTC,0.0,0.0,0.00101265,0.00340962,0.0,0.00298521,0.00200076,203.2363248514399,1782053099999,2026-06-21 14:44:59 UTC,592,179.0,43.341404358353515,11155.0,6565.0,143.02832244008715,31833.5082,18766.3128,143.6139295812474,binance_kline_quote_asset_volume,18.842905405405407,53.772817905405404,0.01399999999999979,0.49152125829441384,0.006699999999999928,0.23522803075518478,0.006699999999999928,0.23522803075518478,0.005399999999999849,38.57142857142807,0.0019000000000000128,13.571428571428864,0.6142857142857193,6262.0,4893.0,56.13626176602421,43.863738233975795,17875.5394,10196.178200000002,132.7737807149897,13957.968799999999,8570.134599999998,159.06455696056864,56.15321845048798,43.84678154951202,1.2797874514612713,1.2806691042324154,3917.5706000000027,12.306436900975944,7370192.0,20991321.61773648,-806.0,-0.010934747235041986,25254.906536482275,0.12045610120562668,0.9316,-0.01429999999999998,-1.5117877154033175,48.230000000000004,51.77,1.6054,-0.00039999999999995595,-0.024909702329054425,61.62,38.379999999999995,0.9088,-0.006199999999999983,-0.6775956284152987,47.61,52.39,0.6738,-0.02279999999999993,-0.6965999999999999,1782043200001,2026-06-21 12:00:00 UTC,0.00044768,2.8383624
FINAL_REAL_MARK_PREMIUM_CLOSED_GUARD_2026_06_13,1782053100000,2026-06-21 14:45:00 UTC,MUSDT,1782053100000,2026-06-21 14:45:00 UTC,1782053999999,2026-06-21 14:59:59 UTC,True,2.8548,2.8613,2.8433,2.8457,-0.009300000000000086,-0.3257443082311764,52.18598009524065,2.855,2.85987441,2.84147594,2.84214698,-0.012853020000000104,-0.45019334500876024,1782053999999,2026-06-21 14:59:59 UTC,0.003553020000000018,0.12501183172448097,0.00315479,0.00321149,2.339e-05,0.00147623,-0.0015089799999999998,-50.54853762381876,1782053999999,2026-06-21 14:59:59 UTC,490,-102.0,-17.22972972972973,6449.0,-4706.0,-42.18735992828328,18405.9496,-13427.5586,-42.18058064992032,binance_kline_quote_asset_volume,13.161224489795918,37.56316244897959,0.017999999999999794,0.6305170239596397,-0.009100000000000108,-0.3187613843351586,0.009100000000000108,0.3187613843351586,0.00649999999999995,36.11111111111125,0.0023999999999997357,13.333333333332018,0.13333333333332018,3927.0,2522.0,60.89316173050086,39.10683826949914,11213.0761,-6662.463300000001,-37.271397248018154,7192.8735,-6765.095299999999,-48.46762015974702,60.92093232722967,39.07906767277033,1.5570975416336241,1.5589146813161667,4020.2026000000005,21.841864654459343,7370746.0,21043479.83,554.0,0.007516764827836236,52158.21226351708,0.24847512325973006,0.929,-0.0025999999999999357,-0.27908973808500814,48.16,51.839999999999996,1.605,-0.00039999999999995595,-0.02491590880777102,61.61,38.39,0.9084,-0.00040000000000006697,-0.04401408450704962,47.599999999999994,52.400000000000006,0.6759999999999999,-0.020600000000000063,-0.6966,1782043200001,2026-06-21 12:00:00 UTC,0.00044768,2.8383624
FINAL_REAL_MARK_PREMIUM_CLOSED_GUARD_2026_06_13,1782054000000,2026-06-21 15:00:00 UTC,MUSDT,1782054000000,2026-06-21 15:00:00 UTC,1782054899999,2026-06-21 15:14:59 UTC,True,2.8444,2.8564,2.8397,2.8531,0.007400000000000073,0.26004146607161943,55.6850327761038,2.84216698,2.8554,2.84088918,2.85263572,0.010488739999999996,0.3690428423937455,1782054899999,2026-06-21 15:14:59 UTC,0.0004642800000000946,0.016275474528521103,0.00128482,0.00265297,0.0,0.00175085,0.00027461999999999994,18.602792247820457,1782054899999,2026-06-21 15:14:59 UTC,651,161.0,32.857142857142854,7794.0,1345.0,20.85594665839665,22193.3373,3787.3876999999993,20.576975284122256,binance_kline_quote_asset_volume,11.972350230414747,34.09114792626728,0.016699999999999715,0.5871185487273138,0.008700000000000152,0.30586415412741363,0.008700000000000152,0.30586415412741363,0.0032999999999998586,19.76047904191566,0.004699999999999704,28.143712574849012,0.8023952095808434,4646.0,3148.0,59.609956376700026,40.390043623299974,13232.6856,2019.6095000000005,18.01119944240814,8960.651699999999,1767.7781999999988,24.576800912736736,59.62458651948664,40.37541348051336,1.4758576874205844,1.4767548213039017,4272.033900000002,19.24917303897329,7369649.0,20945625.64901002,-1097.0,-0.014883161080303135,-97854.18098997697,-0.4650095030883349,0.9421,0.0131,1.4101184068891282,48.51,51.49,1.6057,0.0006999999999999229,0.04361370716510423,61.62,38.379999999999995,0.915,0.00660000000000005,0.7265521796565445,47.78,52.22,0.6635999999999999,-0.027100000000000013,-0.6906999999999999,1782043200001,2026-06-21 12:00:00 UTC,0.00044768,2.8383624
FINAL_REAL_MARK_PREMIUM_CLOSED_GUARD_2026_06_13,1782054900000,2026-06-21 15:15:00 UTC,MUSDT,1782054900000,2026-06-21 15:15:00 UTC,1782055799999,2026-06-21 15:29:59 UTC,True,2.8515,2.8544,2.8475,2.8507,-0.0024000000000001798,-0.08411902842522799,54.29720086292939,2.85263572,2.854,2.84744199,2.8507,-0.0019357200000000852,-0.06785724466775188,1782055799999,2026-06-21 15:29:59 UTC,0.0,0.0,0.00149838,0.00290786,0.00097991,0.00118684,-0.00056401,-32.21349630179627,1782055799999,2026-06-21 15:29:59 UTC,324,-327.0,-50.23041474654379,2993.0,-4801.0,-61.598665640236085,8532.8408,-13660.4965,-61.55224117645434,binance_kline_quote_asset_volume,9.237654320987655,26.33592839506173,0.006899999999999906,0.24197790636506772,-0.000800000000000356,-0.028055409433643902,0.000800000000000356,0.028055409433643902,0.0028999999999999027,42.02898550724554,0.0031999999999996476,46.37681159419842,0.4637681159419842,1053.0,1940.0,35.182091546942864,64.81790845305714,3001.5144,-10231.1712,-77.31742073581798,5531.3264,-3429.3252999999986,-38.270936253442365,35.17602719131945,64.82397280868055,0.5427835051546391,0.5426391760211439,-2529.812,-29.6479456173611,7369095.0,21021343.6210734,-554.0,-0.007517318667415503,75717.9720633775,0.3614977815998361,0.9436,0.0014999999999999458,0.15921876658528242,48.55,51.449999999999996,1.6056,-9.999999999998899e-05,-0.00622781341470941,61.62,38.379999999999995,0.9157,0.0006999999999999229,0.07650273224042874,47.8,52.2,0.6619999999999999,-0.027900000000000036,-0.6899,1782043200001,2026-06-21 12:00:00 UTC,0.00044768,2.8383624
FINAL_REAL_MARK_PREMIUM_CLOSED_GUARD_2026_06_13,1782055800000,2026-06-21 15:30:00 UTC,MUSDT,1782055800000,2026-06-21 15:30:00 UTC,1782056699999,2026-06-21 15:44:59 UTC,True,2.8501,2.8519,2.8438,2.8438,-0.006899999999999906,-0.24204581330900854,50.40750101275921,2.8507,2.8519,2.84256456,2.8438,-0.006899999999999906,-0.24204581330900854,1782056699999,2026-06-21 15:44:59 UTC,0.0,0.0,0.0009048,0.00311206,0.0,0.00129866,0.0001118200000000001,9.421657510700692,1782056699999,2026-06-21 15:44:59 UTC,252,-72.0,-22.22222222222222,2472.0,-521.0,-17.407283661877713,7041.7199,-1491.1209,-17.475081686746105,binance_kline_quote_asset_volume,9.80952380952381,27.943332936507936,0.008100000000000218,0.28420055436652114,-0.006299999999999972,-0.22104487561839836,0.006299999999999972,0.22104487561839836,0.0018000000000002458,22.22222222222466,0.0,0.0,0.0,754.0,1718.0,30.501618122977348,69.49838187702265,2147.7255,-853.7889,-28.445270827286386,4893.9944,-637.3320000000003,-11.522227290727235,30.50001321410129,69.4999867858987,0.43888242142025613,0.43884919443307907,-2746.2688999999996,-38.99997357179742,7368055.0,21004114.3885,-1040.0,-0.01411299487928979,-17229.232573397458,-0.0819606628575614,0.9455,0.0019000000000000128,0.20135650699449054,48.6,51.4,1.6057,9.999999999998899e-05,0.006228201295465184,61.62,38.379999999999995,0.915,-0.0006999999999999229,-0.07644425030030828,47.78,52.22,0.6601999999999999,-0.03049999999999997,-0.6906999999999999,1782043200001,2026-06-21 12:00:00 UTC,0.00044768,2.8383624
FINAL_REAL_MARK_PREMIUM_CLOSED_GUARD_2026_06_13,1782056700000,2026-06-21 15:45:00 UTC,MUSDT,1782056700000,2026-06-21 15:45:00 UTC,1782057599999,2026-06-21 15:59:59 UTC,True,2.844,2.8477,2.8378,2.8475,0.0037000000000002586,0.13010760250370135,52.37759649888216,2.8438,2.84741433,2.837351,2.84741433,0.003614329999999999,0.12709508404247835,1782057599999,2026-06-21 15:59:59 UTC,8.56700000002597e-05,0.0030086945583454906,0.00131415,0.00223751,0.00051467,0.00195938,0.0006607200000000001,50.877057890440916,1782057599999,2026-06-21 15:59:59 UTC,242,-10.0,-3.968253968253968,2705.0,233.0,9.425566343042071,7689.4998,647.7798999999995,9.199171639871667,binance_kline_quote_asset_volume,11.177685950413224,31.77479256198347,0.00990000000000002,0.34810126582278555,0.0035000000000002807,0.12306610407877218,0.0035000000000002807,0.12306610407877218,0.00019999999999997797,2.020202020201794,0.006199999999999761,62.626262626260086,0.9797979797979821,893.0,1812.0,33.01293900184843,66.98706099815158,2540.958,393.2325000000001,18.30925320763757,5148.541799999999,254.54739999999947,5.2012196826379595,33.04451610753667,66.95548389246332,0.4928256070640177,0.4935296436750306,-2607.583799999999,-33.91096778492665,7367520.0,20951753.376,-535.0,-0.007261075005547597,-52361.01250000298,-0.24928931318652145,0.9524,0.006900000000000017,0.7297726070861996,48.78,51.22,1.606,0.000300000000000189,0.01868344024414206,61.629999999999995,38.37,0.9201,0.005099999999999993,0.5573770491803272,47.92,52.080000000000005,0.6536000000000001,-0.032299999999999995,-0.6859000000000001,1782043200001,2026-06-21 12:00:00 UTC,0.00044768,2.8383624
FINAL_REAL_MARK_PREMIUM_CLOSED_GUARD_2026_06_13,1782057600000,2026-06-21 16:00:00 UTC,MUSDT,1782057600000,2026-06-21 16:00:00 UTC,1782058499999,2026-06-21 16:14:59 UTC,True,2.8478,2.8481,2.8295,2.8295,-0.018000000000000238,-0.6321334503950917,43.35440838697136,2.84741433,2.8481,2.82794024,2.8295,-0.01791432999999998,-0.6291437748014698,1782058499999,2026-06-21 16:14:59 UTC,0.0,0.0,0.00202006,0.00221508,-0.00023901,0.00021486,-0.00174452,-89.03428635588809,1782058499999,2026-06-21 16:14:59 UTC,250,8.0,3.3057851239669422,3880.0,1175.0,43.438077634011094,11024.8586,3335.3588,43.375497584381236,binance_kline_quote_asset_volume,15.52,44.0994344,0.018600000000000172,0.6531357539153091,-0.018299999999999983,-0.6426013062715072,0.018299999999999983,0.6426013062715072,0.000300000000000189,1.612903225807453,0.0,0.0,0.0,941.0,2939.0,24.25257731958763,75.74742268041237,2676.3201,135.36209999999983,5.3272072974051445,8348.538499999999,3199.9966999999997,62.15345673215668,24.27532358555601,75.72467641444398,0.3201769309288874,0.32057348720377826,-5672.218399999999,-51.449352828887974,7367815.0,20979222.01178895,295.0,0.004004061068039177,27468.63578895107,0.1311042340753022,0.9482,-0.0041999999999999815,-0.4409911801763945,48.67,51.33,1.606,0.0,0.0,61.629999999999995,38.37,0.9157,-0.0044000000000000705,-0.47820889033801434,47.8,52.2,0.6578,-0.032500000000000084,-0.6903000000000001,1782057600000,2026-06-21 16:00:00 UTC,0.00048676,2.84741433
FINAL_REAL_MARK_PREMIUM_CLOSED_GUARD_2026_06_13,1782058500000,2026-06-21 16:15:00 UTC,MUSDT,1782058500000,2026-06-21 16:15:00 UTC,1782059399999,2026-06-21 16:29:59 UTC,True,2.8303,2.8396,2.8278,2.8278,-0.0017000000000000348,-0.06008128644636985,42.6078476570233,2.8295,2.8362,2.82778933,2.8278,-0.0017000000000000348,-0.06008128644636985,1782059399999,2026-06-21 16:29:59 UTC,0.0,0.0,0.00016312,0.003535,0.0,0.0,-0.00021486,-100.0,1782059399999,2026-06-21 16:29:59 UTC,216,-34.0,-13.600000000000001,6189.0,2309.0,59.51030927835051,17526.9051,6502.0465,58.97623485166513,binance_kline_quote_asset_volume,28.65277777777778,81.14307916666667,0.011800000000000033,0.41691693460057355,-0.0024999999999999467,-0.08832985902554312,0.0024999999999999467,0.08832985902554312,0.009300000000000086,78.81355932203441,0.0,0.0,0.0,5407.0,782.0,87.364679269672,12.635320730328,15312.6074,12636.2873,472.15156737043526,2214.297699999999,-6134.2408,-73.47682232045766,87.36629377881438,12.633706221185617,6.914322250639386,6.9153336518391395,13098.309700000002,74.73258755762878,7367977.0,20847690.9215,162.0,0.0021987522759461253,-131531.09028894827,-0.6269588558385836,0.9505,0.0022999999999999687,0.24256485973422998,48.730000000000004,51.27,1.6059,-9.999999999998899e-05,-0.006226650062265814,61.629999999999995,38.37,0.9186,0.0029000000000000137,0.3166976083870278,47.88,52.12,0.6554000000000001,-0.03190000000000004,-0.6873000000000001,1782057600000,2026-06-21 16:00:00 UTC,0.00048676,2.84741433
FINAL_REAL_MARK_PREMIUM_CLOSED_GUARD_2026_06_13,1782059400000,2026-06-21 16:30:00 UTC,MUSDT,1782059400000,2026-06-21 16:30:00 UTC,1782060299999,2026-06-21 16:44:59 UTC,True,2.8276,2.8361,2.8276,2.8285,0.000700000000000145,0.024754225899998053,43.04277280334856,2.8278,2.8358,2.8269915,2.8284,0.0005999999999999339,0.021217907914277318,1782060299999,2026-06-21 16:44:59 UTC,0.00010000000000021103,0.0035355678121980995,0.00011537,0.00141172,0.0,0.0006847,0.0006847,,1782060299999,2026-06-21 16:44:59 UTC,144,-72.0,-33.33333333333333,2018.0,-4171.0,-67.39376312813056,5717.1081,-11809.796999999999,-67.38096048685742,binance_kline_quote_asset_volume,14.01388888888889,39.702139583333334,0.008500000000000174,0.30060828971566605,0.0009000000000001229,0.03182911302872128,0.0009000000000001229,0.03182911302872128,0.007600000000000051,89.41176470588113,0.0,0.0,0.10588235294118876,1654.0,364.0,81.9623389494549,18.037661050545097,4686.7508,-10625.856600000001,-69.39286251144922,1030.3573000000006,-1183.9403999999986,-53.46798671199446,81.97764880464652,18.02235119535348,4.543956043956044,4.548665593964343,3656.393499999999,63.95529760929305,7369236.0,20838725.5608,1259.0,0.017087458334899795,-8965.360700000077,-0.04300409447625778,0.9505,0.0,0.0,48.730000000000004,51.27,1.605,-0.0009000000000001229,-0.05604334018308256,61.61,38.39,0.9194,0.0008000000000000229,0.08708904855214707,47.9,52.1,0.6545,-0.031100000000000017,-0.6856,1782057600000,2026-06-21 16:00:00 UTC,0.00048676,2.84741433
FINAL_REAL_MARK_PREMIUM_CLOSED_GUARD_2026_06_13,1782060300000,2026-06-21 16:45:00 UTC,MUSDT,1782060300000,2026-06-21 16:45:00 UTC,1782061199999,2026-06-21 16:59:59 UTC,True,2.8285,2.8373,2.8285,2.8329,0.0043999999999999595,0.15555948382534768,45.82200148420978,2.8284399,2.8373,2.8284338,2.83261667,0.0042166700000003665,0.14908322726631193,1782061199999,2026-06-21 16:59:59 UTC,0.000283329999999804,0.010002412363117386,0.00068321,0.00209765,0.0,0.00062626,-5.843999999999999e-05,-8.535124872206804,1782061199999,2026-06-21 16:59:59 UTC,195,51.0,35.41666666666667,2097.0,79.0,3.914767096134787,5940.8121,223.70399999999972,3.912887356459111,binance_kline_quote_asset_volume,10.753846153846155,30.465703076923077,0.008799999999999919,0.31111896765069535,0.0043999999999999595,0.15555948382534768,0.0043999999999999595,0.15555948382534768,0.0043999999999999595,50.0,0.0,0.0,0.5,926.0,1171.0,44.1583214115403,55.84167858845971,2622.1874,-2064.5634,-44.0510598515287,3318.6247000000003,2288.2673999999997,222.08484377215538,44.138534527964616,55.86146547203539,0.7907771135781383,0.7901427962010888,-696.4373000000005,-11.72293094407077,7368721.0,20841690.4764,-515.0,-0.006988512784771718,2964.9155999980867,0.014227912313291501,0.9505,0.0,0.0,48.730000000000004,51.27,1.6053,0.00029999999999996696,0.01869158878504467,61.62,38.379999999999995,0.9205,0.0010999999999999899,0.11964324559495212,47.93,52.07000000000001,0.6547999999999999,-0.030000000000000027,-0.6848,1782057600000,2026-06-21 16:00:00 UTC,0.00048676,2.84741433
FINAL_REAL_MARK_PREMIUM_CLOSED_GUARD_2026_06_13,1782061200000,2026-06-21 17:00:00 UTC,MUSDT,1782061200000,2026-06-21 17:00:00 UTC,1782062099999,2026-06-21 17:14:59 UTC,True,2.8327,2.8391,2.8327,2.8373,0.0043999999999999595,0.15531787214515017,48.52683773089813,2.83261667,2.8388,2.83261667,2.83692407,0.004307399999999628,0.15206434550848097,1782062099999,2026-06-21 17:14:59 UTC,0.0003759300000001353,0.013251323994728396,0.00062656,0.00204097,0.00031964,0.00084901,0.00022274999999999997,35.568294318653585,1782062099999,2026-06-21 17:14:59 UTC,152,-43.0,-22.05128205128205,896.0,-1201.0,-57.27229375298045,2542.3678,-3398.4443,-57.20504609125746,binance_kline_quote_asset_volume,5.894736842105263,16.726103947368422,0.006400000000000183,0.22593285557948894,0.0045999999999999375,0.1623892399477508,0.0045999999999999375,0.1623892399477508,0.0018000000000002458,28.125000000003038,0.0,0.0,0.7187499999999697,357.0,539.0,39.84375,60.15625,1012.8901,-1609.2972999999997,-61.37232220702455,1529.4777,-1789.1470000000004,-53.91230288860322,39.84042356105989,60.15957643894011,0.6623376623376623,0.6622457457209086,-516.5876,-20.319152877880217,7368302.0,20871575.07479434,-419.0,-0.005686197102590803,29884.598394341767,0.14338855299756736,0.9508,0.00029999999999996696,0.03156233561283187,48.74,51.25999999999999,1.6055,0.00019999999999997797,0.012458730455365226,61.62,38.379999999999995,0.9212,0.0007000000000000339,0.07604562737642954,47.949999999999996,52.05,0.6547,-0.02959999999999996,-0.6842999999999999,1782057600000,2026-06-21 16:00:00 UTC,0.00048676,2.84741433
FINAL_REAL_MARK_PREMIUM_CLOSED_GUARD_2026_06_13,1782062100000,2026-06-21 17:15:00 UTC,MUSDT,1782062100000,2026-06-21 17:15:00 UTC,1782062999999,2026-06-21 17:29:59 UTC,True,2.8373,2.8397,2.828,2.828,-0.009300000000000086,-0.3277764071476434,43.57495938095255,2.83692407,2.8374,2.828,2.828,-0.00892406999999995,-0.31456851786660445,1782062999999,2026-06-21 17:29:59 UTC,0.0,0.0,0.00093168,0.00172881,0.0,0.00042095,-0.00042805999999999996,-50.41872298323929,1782062999999,2026-06-21 17:29:59 UTC,275,123.0,80.92105263157895,3791.0,2895.0,323.10267857142856,10743.1031,8200.7353,322.5628998290492,binance_kline_quote_asset_volume,13.785454545454545,39.06582945454546,0.011700000000000266,0.41236386705671824,-0.009300000000000086,-0.3277764071476434,0.009300000000000086,0.3277764071476434,0.0024000000000001798,20.512820512821584,0.0,0.0,0.0,1734.0,2057.0,45.73991031390135,54.26008968609865,4919.4856,3906.5955,385.68799319886733,5823.6175,4294.139800000001,280.758575296652,45.79203563633305,54.20796436366696,0.8429752066115702,0.8447473756646964,-904.1319000000003,-8.415928727333915,7368200.0,20903023.932574,-102.0,-0.0013843080807491332,31448.85777965933,0.15067793238871893,0.9531,0.0022999999999999687,0.24190155658392604,48.8,51.2,1.6055,0.0,0.0,61.62,38.379999999999995,0.9227,0.0014999999999999458,0.16283108988275574,47.99,52.01,0.6524,-0.030399999999999983,-0.6828,1782057600000,2026-06-21 16:00:00 UTC,0.00048676,2.84741433
FINAL_REAL_MARK_PREMIUM_CLOSED_GUARD_2026_06_13,1782063000000,2026-06-21 17:30:00 UTC,MUSDT,1782063000000,2026-06-21 17:30:00 UTC,1782063899999,2026-06-21 17:44:59 UTC,True,2.8298,2.8355,2.8287,2.8332,0.0052000000000003155,0.18387553041019505,46.84134204847077,2.828,2.834,2.828,2.8330514,0.00505140000000015,0.17862093352192893,1782063899999,2026-06-21 17:44:59 UTC,0.00014860000000016527,0.005245227813380486,0.00021604,0.00196173,0.0,0.00133776,0.0009168099999999999,217.79546264401947,1782063899999,2026-06-21 17:44:59 UTC,302,27.0,9.818181818181818,3403.0,-388.0,-10.234766552360854,9637.3121,-1105.791000000001,-10.293031628822412,binance_kline_quote_asset_volume,11.2682119205298,31.911629470198672,0.006800000000000139,0.24029966782105233,0.0034000000000000696,0.12014983391052617,0.0034000000000000696,0.12014983391052617,0.0022999999999999687,33.82352941176355,0.001100000000000101,16.176470588236448,0.6617647058823645,1744.0,1659.0,51.24889803114898,48.75110196885101,4939.899,20.413400000000365,0.414949888256617,4697.413099999999,-1126.2044000000014,-19.338570914040996,51.25805773167812,48.74194226832188,1.0512356841470765,1.0516211571854308,242.4859000000015,2.516115463356235,7367996.0,20836692.688,-204.0,-0.0027686544882060747,-66331.2445739992,-0.31732846303942,0.9531,0.0,0.0,48.8,51.2,1.6053,-0.00019999999999997797,-0.012457178449079911,61.62,38.379999999999995,0.9246,0.0019000000000000128,0.20591741627831503,48.04,51.959999999999994,0.6522,-0.02849999999999997,-0.6807,1782057600000,2026-06-21 16:00:00 UTC,0.00048676,2.84741433
FINAL_REAL_MARK_PREMIUM_CLOSED_GUARD_2026_06_13,1782063900000,2026-06-21 17:45:00 UTC,MUSDT,1782063900000,2026-06-21 17:45:00 UTC,1782064799999,2026-06-21 17:59:59 UTC,True,2.8335,2.8401,2.8335,2.8394,0.006199999999999761,0.21883382747422564,50.51927860880483,2.8330514,2.8401,2.8330514,2.83904724,0.005995840000000197,0.21163894167257946,1782064799999,2026-06-21 17:59:59 UTC,0.00035275999999972996,0.012425295184582063,0.00161544,0.00302003,0.00133669,0.00204597,0.0007082099999999999,52.93998923573735,1782064799999,2026-06-21 17:59:59 UTC,157,-145.0,-48.01324503311258,1438.0,-1965.0,-57.74316779312372,4080.0123,-5557.299799999999,-57.66441661674524,binance_kline_quote_asset_volume,9.159235668789808,25.98733949044586,0.006600000000000161,0.232927474854426,0.005900000000000016,0.20822304570319453,0.005900000000000016,0.20822304570319453,0.000700000000000145,10.606060606062544,0.0,0.0,0.8939393939393746,933.0,505.0,64.8817802503477,35.1182197496523,2647.3102,-2292.5888000000004,-46.40962902277962,1432.7021,-3264.710999999999,-69.5001893701876,64.8848583128046,35.115141687195404,1.8475247524752476,1.8477743558831943,1214.6081,29.769716625609195,7367700.0,20873072.79978,-296.0,-0.0040173746022663425,36380.11177999899,0.17459638304763478,0.9524,-0.0006999999999999229,-0.07344454936522117,48.78,51.22,1.6052,-9.999999999998899e-05,-0.006229365227682613,61.62,38.379999999999995,0.9257,0.0010999999999999899,0.11897036556348581,48.07,51.93,0.6527999999999999,-0.026700000000000057,-0.6795,1782057600000,2026-06-21 16:00:00 UTC,0.00048676,2.84741433
FINAL_REAL_MARK_PREMIUM_CLOSED_GUARD_2026_06_13,1782064800000,2026-06-21 18:00:00 UTC,MUSDT,1782064800000,2026-06-21 18:00:00 UTC,1782065699999,2026-06-21 18:14:59 UTC,True,2.8395,2.8752,2.8382,2.869,0.029600000000000293,1.0424737620624178,63.502402649235734,2.83904724,2.8744,2.8382,2.86742397,0.02837672999999974,0.9995159502875949,1782065699999,2026-06-21 18:14:59 UTC,0.0015760300000002836,0.054963270743680216,0.00212176,0.00412602,0.0,0.00076403,-0.0012819399999999999,-62.65683270038173,1782065699999,2026-06-21 18:14:59 UTC,1519,1362.0,867.515923566879,27532.0,26094.0,1814.603616133519,78793.524,74713.5117,1831.2080015052895,binance_kline_quote_asset_volume,18.12508229098091,51.871971033574724,0.03699999999999992,1.3030463109702384,0.02950000000000008,1.0389153019897897,0.02950000000000008,1.0389153019897897,0.006199999999999761,16.756756756756147,0.0013000000000000789,3.5135135135137343,0.8324324324324386,15188.0,12344.0,55.16489902658724,44.83510097341276,43463.7754,40816.4652,1541.808934971051,35329.748600000006,33897.046500000004,2365.95217526379,55.1616087129191,44.83839128708091,1.2303953337653921,1.2302316637486628,8134.026799999992,10.323217425838184,7367083.0,20915496.65800092,-617.0,-0.008374390922540277,42423.85822091997,0.20324682727771212,0.947,-0.005400000000000071,-0.5669886602268029,48.64,51.35999999999999,1.6052,0.0,0.0,61.61,38.39,0.9238,-0.0019000000000000128,-0.2052500810197702,48.02,51.980000000000004,0.6582,-0.0232,-0.6814,1782057600000,2026-06-21 16:00:00 UTC,0.00048676,2.84741433
FINAL_REAL_MARK_PREMIUM_CLOSED_GUARD_2026_06_13,1782065700000,2026-06-21 18:15:00 UTC,MUSDT,1782065700000,2026-06-21 18:15:00 UTC,1782066599999,2026-06-21 18:29:59 UTC,True,2.8659,2.8739,2.855,2.8566,-0.01240000000000041,-0.4322063436737682,56.780986643596556,2.86742397,2.8717,2.855,2.85603383,-0.011390140000000049,-0.39722552783152076,1782066599999,2026-06-21 18:29:59 UTC,0.0005661699999999215,0.019823644736026165,0.00076508,0.00241231,0.0,0.00059173,-0.00017230000000000001,-22.55147049199639,1782066599999,2026-06-21 18:29:59 UTC,334,-1185.0,-78.01184990125081,4098.0,-23434.0,-85.11550196135406,11728.0141,-67065.5099,-85.11551012745667,binance_kline_quote_asset_volume,12.269461077844312,35.113814670658684,0.018899999999999917,0.6594786977912669,-0.009300000000000086,-0.3245053909766596,0.009300000000000086,0.3245053909766596,0.008000000000000007,42.32804232804256,0.0015999999999998238,8.46560846560757,0.0846560846560757,1590.0,2508.0,38.79941434846266,61.20058565153733,4553.0462,-38910.7292,-89.52450366288245,7174.967900000001,-28154.780700000007,-79.69142667491272,38.8219707205161,61.1780292794839,0.6339712918660287,0.6345737379535872,-2621.921700000001,-22.356058558967803,7365838.0,21122403.66755522,-1245.0,-0.016899497399445615,206907.00955430046,0.989252193899738,0.9201,-0.026899999999999924,-2.840549102428714,47.92,52.080000000000005,1.6032,-0.0020000000000000018,-0.1245950660353851,61.59,38.41,0.9033,-0.020499999999999963,-2.219095042216926,47.46,52.54,0.6830999999999999,-0.016800000000000037,-0.6999,1782057600000,2026-06-21 16:00:00 UTC,0.00048676,2.84741433
FINAL_REAL_MARK_PREMIUM_CLOSED_GUARD_2026_06_13,1782066600000,2026-06-21 18:30:00 UTC,MUSDT,1782066600000,2026-06-21 18:30:00 UTC,1782067499999,2026-06-21 18:44:59 UTC,True,2.8557,2.8612,2.8553,2.8577,0.001100000000000101,0.03850731639011766,57.21363168164115,2.85586296,2.85978467,2.8553,2.8577,0.0016661700000000224,0.058338594679742374,1782067499999,2026-06-21 18:44:59 UTC,0.0,0.0,0.00060254,0.00244997,0.00060254,0.00181773,0.001226,207.1890896185761,1782067499999,2026-06-21 18:44:59 UTC,346,12.0,3.592814371257485,2900.0,-1198.0,-29.233772571986332,8287.3005,-3440.713600000001,-29.33756363747892,binance_kline_quote_asset_volume,8.38150289017341,23.951735549132945,0.005900000000000016,0.20660433518927115,0.0019999999999997797,0.07003536786076198,0.0019999999999997797,0.07003536786076198,0.0035000000000002807,59.32203389830968,0.00039999999999995595,6.779661016948387,0.4067796610169032,779.0,2121.0,26.862068965517246,73.13793103448276,2225.5381,-2327.5080999999996,-51.11979975076905,6061.7624,-1113.205500000001,-15.515128646080784,26.85480151226567,73.14519848773433,0.36727958510136727,0.36714373694356617,-3836.2242999999994,-46.29039697546867,7365474.0,21036042.91798542,-364.0,-0.004941732359576738,-86360.74956979975,-0.408858532054536,0.9205,0.00039999999999995595,0.04347353548526855,47.93,52.07000000000001,1.6032,0.0,0.0,61.59,38.41,0.9037,0.00039999999999995595,0.04428207682939842,47.47,52.53,0.6827,-0.016800000000000037,-0.6995,1782057600000,2026-06-21 16:00:00 UTC,0.00048676,2.84741433
FINAL_REAL_MARK_PREMIUM_CLOSED_GUARD_2026_06_13,1782067500000,2026-06-21 18:45:00 UTC,MUSDT,1782067500000,2026-06-21 18:45:00 UTC,1782068399999,2026-06-21 18:59:59 UTC,True,2.8582,2.8625,2.8531,2.8609,0.0032000000000000917,0.1119781642579729,58.51467963476339,2.8577,2.86078,2.85224,2.86078,0.0030800000000001937,0.10777898309830261,1782068399999,2026-06-21 18:59:59 UTC,0.00011999999999989797,0.004194660197564929,0.00183849,0.00274828,0.00077246,0.00224405,0.00042632,23.45342817690196,1782068399999,2026-06-21 18:59:59 UTC,243,-103.0,-29.76878612716763,2659.0,-241.0,-8.310344827586206,7598.6743,-688.6261999999997,-8.309415110505523,binance_kline_quote_asset_volume,10.94238683127572,31.2702646090535,0.009399999999999853,0.3288783150234362,0.0026999999999999247,0.09446504793226243,0.0026999999999999247,0.09446504793226243,0.0015999999999998238,17.021276595743075,0.0051000000000001044,54.25531914893813,0.8297872340425693,1622.0,1037.0,61.00037608123354,38.99962391876645,4636.8683,2411.3302,108.34818779332511,2961.8059999999996,-3099.9564,-51.139523383496524,61.022069336489395,38.9779306635106,1.5641272902603665,1.5655543610891465,1675.0623000000005,22.044138672978793,7365285.0,21047774.9445,-189.0,-0.0025660263005476635,11732.02651457861,0.05577107139550447,0.9238,0.0032999999999999696,0.35850081477457574,48.02,51.980000000000004,1.6034,0.00019999999999997797,0.012475049900198229,61.59,38.41,0.9055,0.0018000000000000238,0.19918114418501978,47.52,52.480000000000004,0.6796,-0.018299999999999983,-0.6979,1782057600000,2026-06-21 16:00:00 UTC,0.00048676,2.84741433
FINAL_REAL_MARK_PREMIUM_CLOSED_GUARD_2026_06_13,1782068400000,2026-06-21 19:00:00 UTC,MUSDT,1782068400000,2026-06-21 19:00:00 UTC,1782069299999,2026-06-21 19:14:59 UTC,True,2.8609,2.8643,2.8511,2.8537,-0.007200000000000095,-0.25166905519242533,54.499133006424046,2.860744,2.86198633,2.8511,2.85365379,-0.007126210000000022,-0.2491002453876223,1782069299999,2026-06-21 19:14:59 UTC,4.620999999982445e-05,0.0016193274798000092,0.00227198,0.0022819,0.00018917,0.00174628,-0.00049777,-22.181769568414254,1782069299999,2026-06-21 19:14:59 UTC,318,75.0,30.864197530864196,5793.0,3134.0,117.86385859345619,16556.5092,8957.834900000002,117.88681217722414,binance_kline_quote_asset_volume,18.21698113207547,52.06449433962264,0.013199999999999878,0.46139326785276935,-0.007200000000000095,-0.25166905519242533,0.007200000000000095,0.25166905519242533,0.0034000000000000696,25.75757575757652,0.0025999999999997137,19.69696969696771,0.1969696969696771,3152.0,2641.0,54.41049542551355,45.58950457448645,9009.8921,4373.023799999999,94.30985564114467,7546.617100000001,4584.811100000002,154.79781930349262,54.4190323646243,45.58096763537571,1.1934873154108292,1.1938981374846747,1463.2749999999978,8.83806472924859,7364652.0,21068649.14856,-633.0,-0.008594372111873472,20874.204059999436,0.09917534805955382,0.9186,-0.005199999999999982,-0.5628924009525853,47.88,52.12,1.6038,0.00039999999999995595,0.024946987651238366,61.59,38.41,0.9001,-0.00539999999999996,-0.5963556046383169,47.370000000000005,52.629999999999995,0.6851999999999999,-0.01849999999999996,-0.7036999999999999,1782057600000,2026-06-21 16:00:00 UTC,0.00048676,2.84741433
FINAL_REAL_MARK_PREMIUM_CLOSED_GUARD_2026_06_13,1782069300000,2026-06-21 19:15:00 UTC,MUSDT,1782069300000,2026-06-21 19:15:00 UTC,1782070199999,2026-06-21 19:29:59 UTC,True,2.8536,2.8555,2.8516,2.8555,0.0018000000000002458,0.06307600658794708,55.32455011860066,2.85365379,2.8555,2.8516,2.8551651,0.0015113099999997104,0.052960523988430645,1782070199999,2026-06-21 19:29:59 UTC,0.0003349000000003599,0.011729619418518389,0.00158426,0.00191378,0.00082147,0.0018932,0.00014692000000000004,8.413312870788193,1782070199999,2026-06-21 19:29:59 UTC,153,-165.0,-51.886792452830186,1104.0,-4689.0,-80.94251683065768,3149.8105,-13406.6987,-80.97539486161733,binance_kline_quote_asset_volume,7.215686274509804,20.586996732026144,0.0039000000000002366,0.13666947014298558,0.0019000000000000128,0.06658256237734836,0.0019000000000000128,0.06658256237734836,0.0,0.0,0.002000000000000224,51.28205128205391,1.0,257.0,847.0,23.27898550724638,76.72101449275362,733.4393,-8276.4528,-91.85962171511466,2416.3712,-5130.245900000002,-67.98073669326618,23.285188108935444,76.71481189106456,0.30342384887839435,0.303529234250102,-1682.9319,-53.42962378212912,7365841.0,21019560.08618739,1189.0,0.016144686809369948,-49089.06237260997,-0.2329957750327107,0.9198,0.0011999999999999789,0.13063357282821456,47.910000000000004,52.09,1.6028,-0.0009999999999998899,-0.0623519142037592,61.58,38.42,0.9048,0.0047000000000000375,0.52216420397734,47.5,52.5,0.683,-0.014999999999999902,-0.698,1782057600000,2026-06-21 16:00:00 UTC,0.00048676,2.84741433
FINAL_REAL_MARK_PREMIUM_CLOSED_GUARD_2026_06_13,1782070200000,2026-06-21 19:30:00 UTC,MUSDT,1782070200000,2026-06-21 19:30:00 UTC,1782071099999,2026-06-21 19:44:59 UTC,True,2.8554,2.8554,2.8462,2.8462,-0.009300000000000086,-0.3256872701803567,50.25225538147458,2.8551651,2.85548,2.844865,2.8450035,-0.010161599999999993,-0.3559023609527867,1782071099999,2026-06-21 19:44:59 UTC,0.0011965000000002668,0.04205618727710764,0.00188938,0.00191881,0.00024255,0.00126377,-0.00062943,-33.24688358335094,1782071099999,2026-06-21 19:44:59 UTC,215,62.0,40.52287581699346,1672.0,568.0,51.449275362318836,4766.1127,1616.3021999999996,51.31426795358005,binance_kline_quote_asset_volume,7.776744186046511,22.167966046511626,0.009199999999999875,0.3221965398893281,-0.009199999999999875,-0.3221965398893281,0.009199999999999875,0.3221965398893281,0.0,0.0,0.0,0.0,0.0,205.0,1467.0,12.260765550239235,87.73923444976076,584.5648,-148.8745,-20.298135101296047,4181.5479,1765.1766999999995,73.05072581563626,12.265022604270353,87.73497739572964,0.13974096796182686,0.13979627018023638,-3596.9830999999995,-75.46995479145929,7365442.0,21029552.9444742,-399.0,-0.005416896726388745,9992.858286812901,0.047540758445175656,0.9212,0.0014000000000000679,0.1522070015220774,47.949999999999996,52.05,1.6027,-9.999999999998899e-05,-0.006239081607186735,61.58,38.42,0.9073,0.0024999999999999467,0.27630415561449456,47.57,52.43,0.6815,-0.013900000000000023,-0.6954,1782057600000,2026-06-21 16:00:00 UTC,0.00048676,2.84741433
FINAL_REAL_MARK_PREMIUM_CLOSED_GUARD_2026_06_13,1782071100000,2026-06-21 19:45:00 UTC,MUSDT,1782071100000,2026-06-21 19:45:00 UTC,1782071999999,2026-06-21 19:59:59 UTC,True,2.8463,2.878,2.8463,2.8732,0.027000000000000135,0.9486332654065116,61.33545177975236,2.8450035,2.87595088,2.8450035,2.87302567,0.02802217000000029,0.9849608269374815,1782071999999,2026-06-21 19:59:59 UTC,0.00017433000000011134,0.006067819087746311,0.00124007,0.00378286,0.00018691,0.00039697,-0.0008668,-68.58842985669861,1782071999999,2026-06-21 19:59:59 UTC,671,456.0,212.09302325581393,7705.0,6033.0,360.82535885167465,22048.049,17281.9363,362.6002444298055,binance_kline_quote_asset_volume,11.482861400894187,32.85849329359165,0.031700000000000284,1.1137265924182371,0.026900000000000368,0.945086603660906,0.026900000000000368,0.945086603660906,0.0047999999999999154,15.141955835961744,0.0,0.0,0.8485804416403826,5605.0,2100.0,72.74497079818299,27.255029201817,16036.8147,15452.2499,2643.3767308602914,6011.234299999998,1829.6863999999987,43.75619851203902,72.73575407964668,27.264245920353307,2.669047619047619,2.667807292089747,10025.580400000003,45.471508159293386,7364867.0,20953072.3920345,-575.0,-0.0078067276885759205,-76480.55243970081,-0.3636813043132099,0.9324,0.011199999999999988,1.2158054711246187,48.25,51.74999999999999,1.6029,0.00019999999999997797,0.012478941785735196,61.58,38.42,0.9131,0.005800000000000027,0.6392593409015791,47.73,52.27,0.6705,-0.019299999999999984,-0.6898,1782057600000,2026-06-21 16:00:00 UTC,0.00048676,2.84741433
FINAL_REAL_MARK_PREMIUM_CLOSED_GUARD_2026_06_13,1782072000000,2026-06-21 20:00:00 UTC,MUSDT,1782072000000,2026-06-21 20:00:00 UTC,1782072899999,2026-06-21 20:14:59 UTC,True,2.8732,2.9603,2.8732,2.9349,0.061699999999999644,2.147431435333414,75.02732321352764,2.87302567,2.9486,2.87302567,2.9288,0.05577432999999976,1.9413098386969776,1782072899999,2026-06-21 20:14:59 UTC,0.006099999999999994,0.20827642720568132,0.00056868,0.01066433,-0.00181478,0.00220157,0.0018046,454.59354611179685,1782072899999,2026-06-21 20:14:59 UTC,2719,2048.0,305.2160953800298,54407.0,46702.0,606.1258922777417,159076.286,137028.237,621.4982423161341,binance_kline_quote_asset_volume,20.00993012136815,58.50543802868702,0.08709999999999996,3.0314631769455644,0.061699999999999644,2.147431435333414,0.061699999999999644,2.147431435333414,0.02540000000000031,29.161882893226547,0.0,0.0,0.7083811710677345,31454.0,22953.0,57.812413843806866,42.187586156193134,92039.6853,76002.8706,473.9274726420577,67036.6007,61025.3664,1015.1886177519319,57.85883465999452,42.141165340005486,1.370365529560406,1.3729766178313991,25003.084600000002,15.717669319989028,7366341.0,21163686.78697347,1474.0,0.020013939151922226,210614.39493896812,1.005171895549958,0.9198,-0.012600000000000056,-1.3513513513513573,47.910000000000004,52.09,1.6024,-0.0004999999999999449,-0.03119346185039272,61.57,38.43,0.9029,-0.010199999999999987,-1.1170737049611201,47.449999999999996,52.55,0.6826000000000001,-0.016899999999999915,-0.6995,1782057600000,2026-06-21 16:00:00 UTC,0.00048676,2.84741433
FINAL_REAL_MARK_PREMIUM_CLOSED_GUARD_2026_06_13,1782072900000,2026-06-21 20:15:00 UTC,MUSDT,1782072900000,2026-06-21 20:15:00 UTC,1782073799999,2026-06-21 20:29:59 UTC,True,2.936,2.9675,2.9165,2.9375,0.0026000000000001577,0.08858904903063675,75.4222932033004,2.9288,2.9666,2.9165,2.93572567,0.006925670000000217,0.2364678366566586,1782073799999,2026-06-21 20:29:59 UTC,0.0017743299999999351,0.0604392303453863,0.0041205,0.00606081,-4.772e-05,0.00150532,-0.0006962499999999998,-31.62515840968036,1782073799999,2026-06-21 20:29:59 UTC,1876,-843.0,-31.00404560500184,34001.0,-20406.0,-37.50620324590586,99954.3426,-59121.94339999999,-37.16578057398196,binance_kline_quote_asset_volume,18.12420042643923,53.28056641791045,0.05099999999999971,1.7370572207084372,0.0015000000000000568,0.051089918256132724,0.0015000000000000568,0.051089918256132724,0.029999999999999805,58.82352941176465,0.01949999999999985,38.23529411764699,0.4117647058823535,14316.0,19685.0,42.10464398105938,57.895356018940625,42072.7876,-49966.897699999994,-54.28842736384279,57881.555,-9155.045699999995,-13.656786896117175,42.092005715417514,57.907994284582486,0.727254254508509,0.7268772858642102,-15808.767399999997,-15.815988569164974,7374111.0,21597296.2968,7770.0,0.10547977618739071,433609.5098265298,2.048837304157337,0.9161,-0.0036999999999999256,-0.4022613611654627,47.81,52.190000000000005,1.6019,-0.0004999999999999449,-0.031203195207185775,61.57,38.43,0.904,0.0010999999999999899,0.12182965998449329,47.48,52.52,0.6858000000000001,-0.0121,-0.6979000000000001,1782072000004,2026-06-21 20:00:00 UTC,0.00039862,2.87302567
FINAL_REAL_MARK_PREMIUM_CLOSED_GUARD_2026_06_13,1782073800000,2026-06-21 20:30:00 UTC,MUSDT,1782073800000,2026-06-21 20:30:00 UTC,1782074699999,2026-06-21 20:44:59 UTC,True,2.9376,2.9616,2.9231,2.9575,0.020000000000000018,0.6808510638297879,78.2694480698332,2.93572567,2.9608,2.9233,2.9575,0.021774329999999953,0.7417017953179512,1782074699999,2026-06-21 20:44:59 UTC,0.0,0.0,0.00226481,0.00424248,0.0,0.00088486,-0.0006204600000000001,-41.21781415247256,1782074699999,2026-06-21 20:44:59 UTC,1288,-588.0,-31.343283582089555,15473.0,-18528.0,-54.49251492603159,45454.7989,-54499.5437,-54.52443814081971,binance_kline_quote_asset_volume,12.013198757763975,35.29099293478261,0.03849999999999998,1.3105936819172106,0.019899999999999807,0.6774237472766819,0.019899999999999807,0.6774237472766819,0.0040999999999997705,10.649350649350058,0.014500000000000401,37.66233766233872,0.8935064935064994,8190.0,7283.0,52.9309119110709,47.0690880889291,24055.1466,-18017.641000000003,-42.82492800643426,21399.6523,-36481.9027,-63.028546313242614,52.921027442935184,47.078972557064816,1.12453659206371,1.1240905348728492,2655.4942999999985,5.842054885870364,7377567.0,21658512.82404489,3456.0,0.04686666636832562,61216.52724489197,0.2834453276170602,0.912,-0.0040999999999999925,-0.44754939417094125,47.699999999999996,52.300000000000004,1.5999,-0.0020000000000000018,-0.12485173856045956,61.53999999999999,38.46,0.8979,-0.006099999999999994,-0.6747787610619462,47.31,52.690000000000005,0.6879000000000001,-0.014100000000000001,-0.7020000000000001,1782072000004,2026-06-21 20:00:00 UTC,0.00039862,2.87302567
FINAL_REAL_MARK_PREMIUM_CLOSED_GUARD_2026_06_13,1782074700000,2026-06-21 20:45:00 UTC,MUSDT,1782074700000,2026-06-21 20:45:00 UTC,1782075599999,2026-06-21 20:59:59 UTC,True,2.9579,2.9655,2.9261,2.9341,-0.023400000000000087,-0.7912087912087942,68.30020301993426,2.9575,2.9637,2.9261,2.93357843,-0.02392157000000017,-0.8088442941673768,1782075599999,2026-06-21 20:59:59 UTC,0.0005215700000000822,0.01777930989218796,0.00079322,0.00330781,-0.00029182,0.00288556,0.0020007000000000002,226.10356440566872,1782075599999,2026-06-21 20:59:59 UTC,1051,-237.0,-18.400621118012424,22138.0,6665.0,43.07503393007174,65318.3527,19863.5538,43.699574699911395,binance_kline_quote_asset_volume,21.063748810656516,62.14876565176023,0.0394000000000001,1.3320260995976911,-0.023800000000000043,-0.8046249028026655,0.023800000000000043,0.8046249028026655,0.007600000000000051,19.289340101522924,0.008000000000000007,20.304568527918747,0.20304568527918748,8599.0,13539.0,38.84271388562652,61.15728611437348,25388.7876,1333.6409999999996,5.54409840927762,39929.56510000001,18529.912800000006,86.58978445177824,38.86930173608006,61.130698263919946,0.635128148312283,0.635839321976487,-14540.777500000007,-22.26139652783988,7378916.0,21826095.6364,1349.0,0.018285160948046962,167582.81235510856,0.7737503203316025,0.9088,-0.0031999999999999806,-0.350877192982454,47.61,52.39,1.5994,-0.000500000000000167,-0.031251953247088377,61.529999999999994,38.47,0.8968,-0.0010999999999999899,-0.12250807439581131,47.28,52.72,0.6905999999999999,-0.01200000000000001,-0.7025999999999999,1782072000004,2026-06-21 20:00:00 UTC,0.00039862,2.87302567
FINAL_REAL_MARK_PREMIUM_CLOSED_GUARD_2026_06_13,1782075600000,2026-06-21 21:00:00 UTC,MUSDT,1782075600000,2026-06-21 21:00:00 UTC,1782076499999,2026-06-21 21:14:59 UTC,True,2.9344,2.9354,2.913,2.9188,-0.01529999999999987,-0.5214546198152711,62.67872626592166,2.93357843,2.934186,2.91247756,2.9188,-0.014778429999999787,-0.5037680209558872,1782076499999,2026-06-21 21:14:59 UTC,0.0,0.0,0.00306318,0.00371589,0.0,0.00156854,-0.0013170200000000001,-45.641747182522636,1782076499999,2026-06-21 21:14:59 UTC,947,-104.0,-9.895337773549,12326.0,-9812.0,-44.32198030535731,36052.7332,-29265.6195,-44.80458904775778,binance_kline_quote_asset_volume,13.01583949313622,38.07046800422387,0.022400000000000198,0.7633587786259609,-0.015600000000000058,-0.5316248636859344,0.015600000000000058,0.5316248636859344,0.0009999999999998899,4.464285714285183,0.005800000000000249,25.892857142858027,0.2589285714285803,6111.0,6215.0,49.57812753529126,50.42187246470875,17881.8067,-7506.980899999999,-29.568095248471018,18170.9265,-21758.638600000006,-54.49255093439523,49.59903206450933,50.40096793549067,0.983266291230893,0.9840888795626354,-289.1198000000004,-0.8019358709813444,7374535.0,21633776.80728005,-4381.0,-0.05937186437682717,-192318.82911995053,-0.8811416953530385,0.912,0.0031999999999999806,0.3521126760563359,47.699999999999996,52.300000000000004,1.6009,0.0015000000000000568,0.09378516943854301,61.550000000000004,38.45,0.8983,0.0014999999999999458,0.16726137377341055,47.32,52.68000000000001,0.6889,-0.013700000000000045,-0.7026,1782072000004,2026-06-21 20:00:00 UTC,0.00039862,2.87302567
FINAL_REAL_MARK_PREMIUM_CLOSED_GUARD_2026_06_13,1782076500000,2026-06-21 21:15:00 UTC,MUSDT,1782076500000,2026-06-21 21:15:00 UTC,1782077399999,2026-06-21 21:29:59 UTC,True,2.9195,2.9333,2.8995,2.9292,0.010399999999999743,0.3563108126627293,64.79954381396226,2.9188,2.93052171,2.91154827,2.9292,0.010399999999999743,0.3563108126627293,1782077399999,2026-06-21 21:29:59 UTC,0.0,0.0,0.00171428,0.00367906,0.0,0.0023517,0.00078316,49.929233554770676,1782077399999,2026-06-21 21:29:59 UTC,709,-238.0,-25.131995776135163,14736.0,2410.0,19.55216615284764,42986.5837,6933.8505000000005,19.23252381874892,binance_kline_quote_asset_volume,20.784203102961918,60.62987827926658,0.03379999999999983,1.1577324884397955,0.009699999999999598,0.33224867271791736,0.009699999999999598,0.33224867271791736,0.004100000000000215,12.130177514793596,0.020000000000000018,59.17159763313644,0.8786982248520641,5134.0,9602.0,34.83984799131379,65.16015200868621,14999.1993,-2882.607400000001,-16.120336431105702,27987.384400000003,9816.457900000001,54.02288045136279,34.89274561727965,65.10725438272034,0.5346802749427203,0.5359271550934928,-12988.185100000002,-30.214508765440694,7372352.0,21518421.0176,-2183.0,-0.029601866422764283,-115355.78968004882,-0.5332207626420093,0.9172,0.005199999999999982,0.5701754385964892,47.839999999999996,52.16,1.6006,-0.00029999999999996696,-0.018739459054279903,61.550000000000004,38.45,0.9026,0.0042999999999999705,0.47868195480351444,47.44,52.559999999999995,0.6834,-0.014600000000000057,-0.6980000000000001,1782072000004,2026-06-21 20:00:00 UTC,0.00039862,2.87302567
FINAL_REAL_MARK_PREMIUM_CLOSED_GUARD_2026_06_13,1782077400000,2026-06-21 21:30:00 UTC,MUSDT,1782077400000,2026-06-21 21:30:00 UTC,1782078299999,2026-06-21 21:44:59 UTC,True,2.9284,2.9379,2.928,2.9368,0.007600000000000051,0.25945650689608263,66.30635814632221,2.9292,2.9377,2.928,2.9366652,0.007465200000000394,0.2548545678000954,1782078299999,2026-06-21 21:44:59 UTC,0.00013479999999965742,0.004590240657997289,0.00168045,0.00348179,0.00121959,0.00199182,-0.0003598799999999999,-15.302972317897687,1782078299999,2026-06-21 21:44:59 UTC,243,-466.0,-65.72637517630466,3094.0,-11642.0,-79.00380021715526,9080.0248,-33906.5589,-78.87707275514431,binance_kline_quote_asset_volume,12.732510288065845,37.36635720164609,0.00990000000000002,0.33806856986750516,0.008399999999999963,0.28684605928151763,0.008399999999999963,0.28684605928151763,0.001100000000000101,11.111111111112109,0.00039999999999995595,4.040404040403588,0.888888888888879,1450.0,1644.0,46.864899806076274,53.135100193923726,4254.6274,-10744.571899999999,-71.63430317243667,4825.397399999999,-23161.987000000005,-82.75866965260249,46.85700197647038,53.14299802352962,0.8819951338199513,0.8817154417167798,-570.7699999999986,-6.285996047059241,7374477.0,21601318.0284,2125.0,0.0288239085708333,82897.01080000028,0.3852374239364426,0.9172,0.0,0.0,47.839999999999996,52.16,1.6009,0.00029999999999996696,0.018742971385728287,61.550000000000004,38.45,0.9033,0.0007000000000000339,0.07755373365832417,47.46,52.54,0.6837,-0.013900000000000023,-0.6976,1782072000004,2026-06-21 20:00:00 UTC,0.00039862,2.87302567
FINAL_REAL_MARK_PREMIUM_CLOSED_GUARD_2026_06_13,1782078300000,2026-06-21 21:45:00 UTC,MUSDT,1782078300000,2026-06-21 21:45:00 UTC,1782079199999,2026-06-21 21:59:59 UTC,True,2.937,2.9407,2.921,2.9263,-0.010499999999999954,-0.35753200762734794,62.33616254316984,2.9366652,2.9379904,2.92248651,2.9263,-0.010365200000000296,-0.35295817854893013,1782079199999,2026-06-21 21:59:59 UTC,0.0,0.0,0.00204882,0.00285779,0.0,0.00045489,-0.0015369300000000002,-77.16209296020725,1782079199999,2026-06-21 21:59:59 UTC,380,137.0,56.37860082304527,6099.0,3005.0,97.1234647705236,17886.7613,8806.736499999999,96.99022518088276,binance_kline_quote_asset_volume,16.05,47.070424473684206,0.019700000000000273,0.6707524685052868,-0.010699999999999932,-0.36431733060946314,0.010699999999999932,0.36431733060946314,0.0037000000000002586,18.781725888325926,0.005300000000000082,26.903553299492433,0.26903553299492433,2387.0,3712.0,39.13756353500574,60.86243646499426,7004.1583,2749.5308999999997,64.62448157034855,10882.603,6057.2056,125.52760110493702,39.15833717756384,60.84166282243617,0.6430495689655172,0.6436105681701336,-3878.444699999999,-21.68332564487233,7373639.0,21653909.0486628,-838.0,-0.011363517711154297,52591.02026280016,0.2434620896449787,0.9175,0.00029999999999996696,0.03270824247710063,47.85,52.15,1.601,9.999999999998899e-05,0.006246486351426635,61.550000000000004,38.45,0.9019,-0.0013999999999999568,-0.15498726890290676,47.42,52.580000000000005,0.6835,-0.015599999999999947,-0.6990999999999999,1782072000004,2026-06-21 20:00:00 UTC,0.00039862,2.87302567
FINAL_REAL_MARK_PREMIUM_CLOSED_GUARD_2026_06_13,1782079200000,2026-06-21 22:00:00 UTC,MUSDT,1782079200000,2026-06-21 22:00:00 UTC,1782080099999,2026-06-21 22:14:59 UTC,True,2.9254,2.936,2.9209,2.9309,0.0045999999999999375,0.15719509277927546,63.37091395446668,2.9263,2.936,2.91872197,2.9309,0.0045999999999999375,0.15719509277927546,1782080099999,2026-06-21 22:14:59 UTC,0.0,0.0,0.00051394,0.0039974,0.0,0.00110529,0.0006504000000000001,142.97962144694324,1782080099999,2026-06-21 22:14:59 UTC,358,-22.0,-5.7894736842105265,4764.0,-1335.0,-21.88883423512051,13955.8759,-3930.885399999999,-21.976507284189005,binance_kline_quote_asset_volume,13.307262569832401,38.98289357541899,0.015099999999999891,0.5161687290626886,0.00550000000000006,0.18800847747316812,0.00550000000000006,0.18800847747316812,0.0051000000000001044,33.77483443708702,0.0044999999999997264,29.80132450330966,0.6622516556291297,3047.0,1717.0,63.958858102434924,36.04114189756507,8926.8206,1922.662299999999,27.450297632479252,5029.0553,-5853.547699999999,-53.78812127944022,63.964602895329556,36.035397104670444,1.774606872451951,1.7750492025808504,3897.765299999999,27.92920579065911,7371564.0,21571407.7332,-2075.0,-0.028140786387833742,-82501.3154628016,-0.38099963972969736,0.9142,-0.0032999999999999696,-0.35967302452315747,47.760000000000005,52.239999999999995,1.6011,9.999999999998899e-05,0.006246096189880637,61.56,38.440000000000005,0.899,-0.0029000000000000137,-0.3215434083601301,47.339999999999996,52.66,0.6869,-0.015199999999999991,-0.7021,1782072000004,2026-06-21 20:00:00 UTC,0.00039862,2.87302567
FINAL_REAL_MARK_PREMIUM_CLOSED_GUARD_2026_06_13,1782080100000,2026-06-21 22:15:00 UTC,MUSDT,1782080100000,2026-06-21 22:15:00 UTC,1782080999999,2026-06-21 22:29:59 UTC,True,2.9316,2.9394,2.927,2.9394,0.008500000000000174,0.2900133064928921,65.26965747325585,2.9309,2.9393,2.9262209,2.9393,0.008399999999999963,0.28660138524002743,1782080999999,2026-06-21 22:29:59 UTC,0.00010000000000021103,0.0034021705848403033,0.00116152,0.00274104,5.715e-05,0.00241726,0.00131197,118.69916492504228,1782080999999,2026-06-21 22:29:59 UTC,275,-83.0,-23.18435754189944,4760.0,-4.0,-0.08396305625524769,13960.2744,4.39850000000115,0.03151719054768286,binance_kline_quote_asset_volume,17.30909090909091,50.76463418181818,0.012399999999999967,0.4229772138081582,0.007800000000000029,0.2660663119115851,0.007800000000000029,0.2660663119115851,0.0,0.0,0.0045999999999999375,37.09677419354798,1.0,3403.0,1357.0,71.49159663865547,28.508403361344538,9982.868,1056.0474000000013,11.830050667759599,3977.4064,-1051.6489000000001,-20.911460249800797,71.50911016476869,28.49088983523132,2.507737656595431,2.5098938846178758,6005.4616000000005,43.018220329537364,7371187.0,21604211.9783,-377.0,-0.005114247125847378,32804.245100002736,0.15207280630792847,0.9172,0.0030000000000000027,0.32815576460293183,47.839999999999996,52.16,1.6008,-0.00029999999999996696,-0.018737118231213976,61.550000000000004,38.45,0.9008,0.0018000000000000238,0.2002224694104587,47.39,52.61,0.6836,-0.01639999999999997,-0.7,1782072000004,2026-06-21 20:00:00 UTC,0.00039862,2.87302567
FINAL_REAL_MARK_PREMIUM_CLOSED_GUARD_2026_06_13,1782081000000,2026-06-21 22:30:00 UTC,MUSDT,1782081000000,2026-06-21 22:30:00 UTC,1782081899999,2026-06-21 22:44:59 UTC,True,2.9397,2.9403,2.9222,2.93,-0.009399999999999853,-0.31979315506565464,61.47450792207167,2.9394,2.9396866,2.92109352,2.93,-0.009299999999999642,-0.3164018643894683,1782081899999,2026-06-21 22:44:59 UTC,0.0,0.0,0.00260614,0.00260614,0.0,0.00177257,-0.0006446900000000001,-26.670279572739386,1782081899999,2026-06-21 22:44:59 UTC,342,67.0,24.363636363636363,4665.0,-95.0,-1.9957983193277309,13659.0441,-301.2303000000011,-2.1577677584904853,binance_kline_quote_asset_volume,13.640350877192983,39.93872543859649,0.018100000000000005,0.6157090859611527,-0.009700000000000042,-0.3299656427526632,0.009700000000000042,0.3299656427526632,0.0005999999999999339,3.3149171270714572,0.007800000000000029,43.09392265193385,0.4309392265193385,3313.0,1352.0,71.0182207931404,28.981779206859592,9697.4875,-285.3805000000011,-2.8587025291729904,3961.5566,-15.84979999999996,-0.3984958640384337,70.99682400176158,29.00317599823841,2.4504437869822486,2.447898257972636,5735.930899999999,41.99364800352317,7371022.0,21665644.9646,-165.0,-0.0022384454498305365,61432.98629999906,0.2843565243745267,0.9135,-0.0037000000000000366,-0.4034016572176228,47.74,52.26,1.6003,-0.0004999999999999449,-0.03123438280859226,61.53999999999999,38.46,0.9015,0.0006999999999999229,0.07770870337476941,47.410000000000004,52.59,0.6868000000000001,-0.01200000000000001,-0.6988000000000001,1782072000004,2026-06-21 20:00:00 UTC,0.00039862,2.87302567
FINAL_REAL_MARK_PREMIUM_CLOSED_GUARD_2026_06_13,1782081900000,2026-06-21 22:45:00 UTC,MUSDT,1782081900000,2026-06-21 22:45:00 UTC,1782082799999,2026-06-21 22:59:59 UTC,True,2.93,2.9381,2.9254,2.9381,0.008099999999999774,0.2764505119453848,63.446858522989345,2.93,2.93660359,2.92483686,2.93660359,0.0066035899999996595,0.2253784982935037,1782082799999,2026-06-21 22:59:59 UTC,0.0014964100000001146,0.050957167153776954,0.00176855,0.00292073,0.00041614,0.00139803,-0.00037454000000000003,-21.129772025928457,1782082799999,2026-06-21 22:59:59 UTC,329,-13.0,-3.8011695906432745,3863.0,-802.0,-17.191854233654876,11320.4778,-2338.5662999999986,-17.121009954129942,binance_kline_quote_asset_volume,11.74164133738602,34.40874711246201,0.012700000000000156,0.43344709897611455,0.008099999999999774,0.2764505119453848,0.008099999999999774,0.2764505119453848,0.0,0.0,0.0046000000000003816,36.22047244094745,1.0,2850.0,1013.0,73.77685736474243,26.223142635257574,8351.6958,-1345.7916999999998,-13.877735856839205,2968.782000000001,-992.7745999999988,-25.060214967015714,73.77511751314948,26.22488248685052,2.813425468904245,2.81317247275145,5382.913799999998,47.550235026298964,7370179.0,21594624.47,-843.0,-0.011436677302007781,-71020.49460000172,-0.3278023558312884,0.9135,0.0,0.0,47.74,52.26,1.6003,0.0,0.0,61.53999999999999,38.46,0.8986,-0.0029000000000000137,-0.32168607875762767,47.33,52.669999999999995,0.6868000000000001,-0.014900000000000024,-0.7017000000000001,1782072000004,2026-06-21 20:00:00 UTC,0.00039862,2.87302567
FINAL_REAL_MARK_PREMIUM_CLOSED_GUARD_2026_06_13,1782082800000,2026-06-21 23:00:00 UTC,MUSDT,1782082800000,2026-06-21 23:00:00 UTC,1782083699999,2026-06-21 23:14:59 UTC,True,2.9381,2.9381,2.9104,2.9148,-0.023299999999999876,-0.7930295088662699,54.76186087348691,2.93660359,2.93804414,2.90805189,2.9144,-0.022203589999999718,-0.7560976250117477,1782083699999,2026-06-21 23:14:59 UTC,0.00039999999999995595,0.01372495196266662,0.00164801,0.00246357,0.0,0.0008463,-0.00055173,-39.46481835153752,1782083699999,2026-06-21 23:14:59 UTC,542,213.0,64.74164133738601,6257.0,2394.0,61.97256018638364,18311.8034,6991.3256,61.75822013448937,binance_kline_quote_asset_volume,11.544280442804428,33.785615129151296,0.027699999999999836,0.9427861543174104,-0.023299999999999876,-0.7930295088662699,0.023299999999999876,0.7930295088662699,0.0,0.0,0.0043999999999999595,15.884476534295978,0.15884476534295977,2356.0,3901.0,37.65382771296149,62.34617228703851,6902.3832,-1449.3125999999993,-17.353512803950537,11409.4202,8440.6382,284.3131695085728,37.693628799007314,62.30637120099269,0.6039477057164829,0.6049723017476383,-4507.037,-24.612742401985376,7370761.0,21652563.18206686,582.0,0.007896687448161029,57938.71206686273,0.26830154952383267,0.915,0.0015000000000000568,0.16420361247948076,47.78,52.22,1.6001,-0.00019999999999997797,-0.012497656689369366,61.53999999999999,38.46,0.8965,-0.0020999999999999908,-0.23369686178499788,47.27,52.73,0.6851,-0.018500000000000072,-0.7036000000000001,1782072000004,2026-06-21 20:00:00 UTC,0.00039862,2.87302567
FINAL_REAL_MARK_PREMIUM_CLOSED_GUARD_2026_06_13,1782083700000,2026-06-21 23:15:00 UTC,MUSDT,1782083700000,2026-06-21 23:15:00 UTC,1782084599999,2026-06-21 23:29:59 UTC,True,2.915,2.9254,2.9112,2.9138,-0.0009999999999998899,-0.03430767119527548,54.41756844166054,2.9144,2.9241,2.91112489,2.91388468,-0.0005153200000003189,-0.017681855613516293,1782084599999,2026-06-21 23:29:59 UTC,-8.467999999961506e-05,-0.002906086180446066,0.0008325,0.00198026,0.0,6.172e-05,-0.00078458,-92.70707786836819,1782084599999,2026-06-21 23:29:59 UTC,480,-62.0,-11.439114391143912,7195.0,938.0,14.99120984497363,20991.6459,2679.842499999999,14.634508909155276,binance_kline_quote_asset_volume,14.989583333333334,43.732595625,0.014199999999999768,0.4871355060034226,-0.0011999999999998678,-0.04116638078901776,0.0011999999999998678,0.04116638078901776,0.010399999999999743,73.2394366197177,0.0026000000000001577,18.309859154930987,0.18309859154930988,4646.0,2549.0,64.57261987491313,35.42738012508686,13553.0418,6650.658600000001,96.35307700679382,7438.604099999999,-3970.816100000002,-34.80296132839425,64.5639787588071,35.4360212411929,1.822675559042762,1.8219872462361593,6114.437700000002,29.127957517614195,7369887.0,21478798.6728,-874.0,-0.011857663001147371,-173764.50926686078,-0.8025124222280364,0.9168,0.0017999999999999128,0.19672131147540028,47.83,52.17,1.6005,0.00039999999999995595,0.024998437597647395,61.550000000000004,38.45,0.8986,0.0020999999999999908,0.2342442833240369,47.33,52.669999999999995,0.6837000000000001,-0.018199999999999994,-0.7019000000000001,1782072000004,2026-06-21 20:00:00 UTC,0.00039862,2.87302567
FINAL_REAL_MARK_PREMIUM_CLOSED_GUARD_2026_06_13,1782084600000,2026-06-21 23:30:00 UTC,MUSDT,1782084600000,2026-06-21 23:30:00 UTC,1782085499999,2026-06-21 23:44:59 UTC,True,2.9158,2.9235,2.9116,2.9129,-0.0009000000000001229,-0.03088750085799035,54.087976031704464,2.9138,2.9202,2.91121172,2.9129,-0.000984679999999738,-0.0337926894210425,1782085499999,2026-06-21 23:44:59 UTC,0.0,0.0,0.00022768,0.00238881,0.0,0.00103544,0.0009737200000000001,1577.6409591704473,1782085499999,2026-06-21 23:44:59 UTC,292,-188.0,-39.166666666666664,3186.0,-4009.0,-55.71924947880472,9288.8635,-11702.7824,-55.7497132704587,binance_kline_quote_asset_volume,10.91095890410959,31.811176369863013,0.011900000000000244,0.4081212703203321,-0.0028999999999999027,-0.09945812469990749,0.0028999999999999027,0.09945812469990749,0.007700000000000262,64.70588235294206,0.0013000000000000789,10.924369747899599,0.10924369747899598,1804.0,1382.0,56.62272441933459,43.37727558066541,5259.9487,-8293.093100000002,-61.18990277149445,4028.9147999999996,-3409.689299999999,-45.83775738246373,56.626396759948086,43.373603240051914,1.3053545586107091,1.305549747539958,1231.0339000000004,13.25279351989617,7371867.0,21480770.31429756,1980.0,0.026866083564103492,1971.6414975598454,0.009179477528492613,0.9201,0.0033000000000000806,0.3599476439790664,47.92,52.080000000000005,1.5997,-0.0008000000000001339,-0.04998437988129546,61.529999999999994,38.47,0.9029,0.0043000000000000815,0.47852214555976874,47.449999999999996,52.55,0.6795999999999999,-0.017199999999999993,-0.6967999999999999,1782072000004,2026-06-21 20:00:00 UTC,0.00039862,2.87302567
FINAL_REAL_MARK_PREMIUM_CLOSED_GUARD_2026_06_13,1782085500000,2026-06-21 23:45:00 UTC,MUSDT,1782085500000,2026-06-21 23:45:00 UTC,1782086399999,2026-06-21 23:59:59 UTC,True,2.9134,2.9193,2.9115,2.9154,0.0024999999999999467,0.08582512272992367,54.90502558570629,2.9129,2.91736167,2.9115,2.9154,0.0024999999999999467,0.08582512272992367,1782086399999,2026-06-21 23:59:59 UTC,0.0,0.0,0.00123377,0.0023322,0.0004204,0.00173608,0.00070064,67.66591980220969,1782086399999,2026-06-21 23:59:59 UTC,171,-121.0,-41.43835616438356,2307.0,-879.0,-27.5894538606403,6725.938,-2562.9254999999994,-27.591378643899755,binance_kline_quote_asset_volume,13.491228070175438,39.33297076023392,0.007799999999999585,0.26772842726709634,0.0019999999999997797,0.06864831468386695,0.0019999999999997797,0.06864831468386695,0.0038999999999997925,50.0,0.0019000000000000128,24.358974358975818,0.5,872.0,1435.0,37.79800606848721,62.20199393151279,2541.6972,-2718.2515,-51.67828918179372,4184.2408,155.32600000000002,3.8552813278652613,37.78948304310863,62.21051695689136,0.6076655052264809,0.6074452502829187,-1642.5435999999995,-24.421033913782725,7371602.0,21472739.4658,-265.0,-0.003594747436436387,-8030.84849756211,-0.03738622209566103,0.9175,-0.0026000000000000467,-0.2825779806542818,47.85,52.15,1.5995,-0.00019999999999997797,-0.012502344189534161,61.529999999999994,38.47,0.9026,-0.000300000000000078,-0.03322627090487074,47.44,52.559999999999995,0.6819999999999999,-0.014900000000000024,-0.6969,1782072000004,2026-06-21 20:00:00 UTC,0.00039862,2.87302567
FINAL_REAL_MARK_PREMIUM_CLOSED_GUARD_2026_06_13,1782086400000,2026-06-22 00:00:00 UTC,MUSDT,1782086400000,2026-06-22 00:00:00 UTC,1782087299999,2026-06-22 00:14:59 UTC,True,2.9148,2.9195,2.9015,2.9035,-0.0118999999999998,-0.40817726555532,50.31503907515892,2.9154,2.9195,2.90055451,2.90309333,-0.012306670000000075,-0.42212629484805086,1782087299999,2026-06-22 00:14:59 UTC,0.0004066700000002754,0.014008161425532793,0.00165372,0.00219074,0.0,3.551e-05,-0.00170057,-97.95458734620523,1782087299999,2026-06-22 00:14:59 UTC,452,281.0,164.32748538011697,9436.0,7129.0,309.01603814477676,27476.1355,20750.197500000002,308.51009182659726,binance_kline_quote_asset_volume,20.876106194690266,60.78791039823009,0.018000000000000238,0.617538081515035,-0.011299999999999866,-0.3876766845066511,0.011299999999999866,0.3876766845066511,0.0047000000000001485,26.11111111111159,0.002000000000000224,11.111111111112209,0.11111111111112208,5608.0,3828.0,59.43196269605765,40.56803730394235,16333.5877,13791.8905,542.6252387577874,11142.5478,6958.307000000001,166.29795780395816,59.44645199467734,40.553548005322654,1.4649947753396029,1.4658754885484988,5191.0399,18.892903989354686,7371664.0,21491349.2256,62.0,0.000841065483459362,18609.75980000198,0.08666691005887751,0.9186,0.0010999999999999899,0.11989100817438583,47.88,52.12,1.5999,0.000400000000000178,0.02500781494218056,61.53999999999999,38.46,0.9015,-0.0010999999999999899,-0.12187015289164523,47.410000000000004,52.59,0.6813000000000001,-0.017100000000000004,-0.6984000000000001,1782086400000,2026-06-22 00:00:00 UTC,0.00039196,2.9154
FINAL_REAL_MARK_PREMIUM_CLOSED_GUARD_2026_06_13,1782087300000,2026-06-22 00:15:00 UTC,MUSDT,1782087300000,2026-06-22 00:15:00 UTC,1782088199999,2026-06-22 00:29:59 UTC,True,2.9029,2.9161,2.9018,2.9154,0.0118999999999998,0.40985018081624924,54.418693348428285,2.90309333,2.9159419,2.9018,2.9159419,0.012848570000000059,0.4425820509187715,1782088199999,2026-06-22 00:29:59 UTC,-0.0005418999999999841,-0.018584046547703303,3.551e-05,0.00251856,0.0,0.00146504,0.0014295299999999998,4025.711067304984,1782088199999,2026-06-22 00:29:59 UTC,371,-81.0,-17.920353982300885,5600.0,-3836.0,-40.652818991097924,16280.5042,-11195.631300000001,-40.746746572129844,binance_kline_quote_asset_volume,15.09433962264151,43.882760646900266,0.01429999999999998,0.49261083743842293,0.012500000000000178,0.4306038788797471,0.012500000000000178,0.4306038788797471,0.000700000000000145,4.8951048951059155,0.0010999999999996568,7.692307692305303,0.9510489510489408,3813.0,1787.0,68.08928571428572,31.91071428571429,11087.226,-5246.3616999999995,-32.120081615626916,5193.278199999999,-5949.269600000001,-53.39236327978778,68.10124467766792,31.89875532233209,2.1337437045327365,2.134918556837568,5893.947800000002,36.20248935533583,7373312.0,21405412.88720896,1648.0,0.02235587514569302,-85936.33839103952,-0.3998647897297864,0.9194,0.0008000000000000229,0.08708904855214707,47.9,52.1,1.5999,0.0,0.0,61.53999999999999,38.46,0.9033,0.0018000000000000238,0.1996672212978396,47.46,52.54,0.6805000000000001,-0.016100000000000003,-0.6966000000000001,1782086400000,2026-06-22 00:00:00 UTC,0.00039196,2.9154
FINAL_REAL_MARK_PREMIUM_CLOSED_GUARD_2026_06_13,1782088200000,2026-06-22 00:30:00 UTC,MUSDT,1782088200000,2026-06-22 00:30:00 UTC,1782089099999,2026-06-22 00:44:59 UTC,True,2.9155,2.9179,2.9078,2.9111,-0.0043000000000001926,-0.14749262536873817,52.724116378224196,2.9154,2.9158818,2.90779967,2.9110016,-0.0049402999999998976,-0.16942381465144754,1782089099999,2026-06-22 00:44:59 UTC,9.839999999972093e-05,0.0033802798321966206,0.00149485,0.00228409,0.0,0.00082495,-0.00064009,-43.690957243488235,1782089099999,2026-06-22 00:44:59 UTC,348,-23.0,-6.199460916442049,4798.0,-802.0,-14.321428571428571,13976.6025,-2303.9016999999985,-14.151292071163244,binance_kline_quote_asset_volume,13.78735632183908,40.162650862068965,0.010099999999999998,0.3464242839993139,-0.004400000000000404,-0.1509175098611011,0.004400000000000404,0.1509175098611011,0.0023999999999997357,23.76237623762115,0.0032999999999998586,32.67326732673128,0.3267326732673128,1431.0,3367.0,29.824927052938726,70.17507294706128,4169.2647,-6917.961300000001,-62.3957814154776,9807.337800000001,4614.059600000002,88.84676349516579,29.830316058570023,70.16968394142997,0.425007425007425,0.4251168650477196,-5638.073100000001,-40.33936788285995,7373833.0,21501668.6083027,521.0,0.00706602406082911,96255.72109374031,0.4496793479338068,0.9168,-0.0026000000000000467,-0.2827931259517127,47.83,52.17,1.6002,0.00029999999999996696,0.0187511719482447,61.53999999999999,38.46,0.9004,-0.0029000000000000137,-0.32104505701317543,47.38,52.62,0.6834000000000001,-0.01639999999999997,-0.6998000000000001,1782086400000,2026-06-22 00:00:00 UTC,0.00039196,2.9154
FINAL_REAL_MARK_PREMIUM_CLOSED_GUARD_2026_06_13,1782089100000,2026-06-22 00:45:00 UTC,MUSDT,1782089100000,2026-06-22 00:45:00 UTC,1782089999999,2026-06-22 00:59:59 UTC,True,2.9111,2.917,2.9069,2.9135,0.0024000000000001798,0.08244306275978772,53.592730088143135,2.9110016,2.916445,2.9069,2.91254338,0.001541779999999715,0.05296390080993823,1782089999999,2026-06-22 00:59:59 UTC,0.0009566200000001857,0.03284483268366584,0.00082495,0.00200112,0.0,0.00145271,0.0006277600000000001,76.09673313534155,1782089999999,2026-06-22 00:59:59 UTC,303,-45.0,-12.931034482758621,3510.0,-1288.0,-26.84451854939558,10222.2591,-3754.3434000000016,-26.86163107235826,binance_kline_quote_asset_volume,11.584158415841584,33.73682871287129,0.010099999999999998,0.34694788911408053,0.0024000000000001798,0.08244306275978772,0.0024000000000001798,0.08244306275978772,0.0034999999999998366,34.65346534653304,0.0041999999999999815,41.58415841584141,0.6534653465346696,2063.0,1447.0,58.77492877492877,41.225071225071225,6008.1423,1838.8776000000007,44.10556134754411,4214.116799999999,-5593.221000000002,-57.03098143514544,58.775093071158814,41.22490692884119,1.4257083621285418,1.4257180294575609,1794.0255000000016,17.550186142317617,7373110.0,21463135.006976,-723.0,-0.009804941337836102,-38533.6013267003,-0.17921214408364963,0.9194,0.0026000000000000467,0.2835951134380505,47.9,52.1,1.6009,0.0006999999999999229,0.04374453193350349,61.550000000000004,38.45,0.9019,0.0015000000000000568,0.16659262549978418,47.42,52.580000000000005,0.6815,-0.01749999999999996,-0.699,1782086400000,2026-06-22 00:00:00 UTC,0.00039196,2.9154
FINAL_REAL_MARK_PREMIUM_CLOSED_GUARD_2026_06_13,1782090000000,2026-06-22 01:00:00 UTC,MUSDT,1782090000000,2026-06-22 01:00:00 UTC,1782090899999,2026-06-22 01:14:59 UTC,True,2.9145,2.9188,2.9141,2.9163,0.0028000000000001357,0.09610434185687783,54.639841897445166,2.91254338,2.918036,2.91254338,2.9163,0.0037566200000003214,0.1289807398508283,1782090899999,2026-06-22 01:14:59 UTC,0.0,0.0,0.0020487,0.00263488,0.0,0.00075267,-0.0007000400000000001,-48.18855793654618,1782090899999,2026-06-22 01:14:59 UTC,283,-20.0,-6.6006600660066,1974.0,-1536.0,-43.76068376068376,5757.4624,-4464.796699999999,-43.67720145148736,binance_kline_quote_asset_volume,6.975265017667844,20.34439010600707,0.0047000000000001485,0.16126265225596667,0.0018000000000002458,0.06176016469378096,0.0018000000000002458,0.06176016469378096,0.0024999999999999467,53.19148936169932,0.00039999999999995595,8.510638297871134,0.4680851063830069,688.0,1286.0,34.853090172239106,65.1469098277609,2006.8088,-4001.3335000000006,-66.5985141530353,3750.6536000000006,-463.4631999999983,-10.99787267405589,34.85578646592637,65.14421353407363,0.5349922239502333,0.535055756681982,-1743.8448000000005,-30.28842706814725,7373536.0,21475743.46399168,426.0,0.005777751857764227,12608.457015678287,0.05874471279046726,0.9175,-0.0019000000000000128,-0.20665651511855695,47.85,52.15,1.601,9.999999999998899e-05,0.006246486351426635,61.550000000000004,38.45,0.8997,-0.0021999999999999797,-0.24392948220423324,47.36,52.64,0.6835,-0.017799999999999927,-0.7012999999999999,1782086400000,2026-06-22 00:00:00 UTC,0.00039196,2.9154
FINAL_REAL_MARK_PREMIUM_CLOSED_GUARD_2026_06_13,1782090900000,2026-06-22 01:15:00 UTC,MUSDT,1782090900000,2026-06-22 01:15:00 UTC,1782091799999,2026-06-22 01:29:59 UTC,True,2.9172,2.9291,2.9165,2.9246,0.008299999999999752,0.28460720776325316,57.687593106744075,2.9163,2.9286,2.9163,2.9245348,0.008234799999999876,0.28237149813118934,1782091799999,2026-06-22 01:29:59 UTC,6.519999999987647e-05,0.0022294144012195193,0.00080605,0.00303544,0.0,0.00082358,7.090999999999998e-05,9.421127452934218,1782091799999,2026-06-22 01:29:59 UTC,573,290.0,102.47349823321554,6590.0,4616.0,233.83991894630194,19274.0861,13516.6237,234.76703382379011,binance_kline_quote_asset_volume,11.500872600349041,33.63714851657941,0.012599999999999945,0.4319210201563124,0.007400000000000073,0.2536679007267268,0.007400000000000073,0.2536679007267268,0.0045000000000001705,35.71428571428722,0.0006999999999997009,5.555555555553206,0.6428571428571278,2091.0,4499.0,31.7298937784522,68.2701062215478,6114.9679,4108.1591,204.71103674650018,13159.1182,9408.4646,250.8486680828109,31.72637015458803,68.27362984541197,0.4647699488775283,0.46469435163216327,-7044.150300000001,-36.54725969082395,7373721.0,21503982.5523,185.0,0.0025089726286004433,28239.08830831945,0.13149294857087418,0.9205,0.0030000000000000027,0.3269754768392374,47.93,52.07000000000001,1.6013,0.00029999999999996696,0.01873828856964191,61.56,38.440000000000005,0.8993,-0.00040000000000006697,-0.044459264199184945,47.349999999999994,52.65,0.6808,-0.021199999999999997,-0.702,1782086400000,2026-06-22 00:00:00 UTC,0.00039196,2.9154
FINAL_REAL_MARK_PREMIUM_CLOSED_GUARD_2026_06_13,1782091800000,2026-06-22 01:30:00 UTC,MUSDT,1782091800000,2026-06-22 01:30:00 UTC,1782092699999,2026-06-22 01:44:59 UTC,True,2.9245,2.9247,2.915,2.9151,-0.009500000000000064,-0.3248307460849369,53.27533097972368,2.9246,2.9247,2.91491634,2.9151,-0.009434800000000187,-0.3226085735071502,1782092699999,2026-06-22 01:44:59 UTC,0.0,0.0,0.00088188,0.00141222,0.0,0.00020206,-0.00062152,-75.4656499672163,1782092699999,2026-06-22 01:44:59 UTC,178,-395.0,-68.93542757417103,1352.0,-5238.0,-79.48406676783004,3946.1298,-15327.9563,-79.52624171373812,binance_kline_quote_asset_volume,7.595505617977528,22.169268539325845,0.009700000000000042,0.33168062916738045,-0.009400000000000297,-0.32142246537870733,0.009400000000000297,0.32142246537870733,0.00019999999999997797,2.0618556701028568,9.999999999976694e-05,1.0309278350491393,0.010309278350491393,467.0,885.0,34.5414201183432,65.4585798816568,1363.3202,-4751.6476999999995,-77.70519449497029,2582.8096,-10576.3086,-80.37247207035499,34.54828576596746,65.45171423403254,0.5276836158192091,0.5278438642941392,-1219.4894,-30.903428468065087,7373325.0,21563545.55421,-396.0,-0.00537042288418561,59563.00191000104,0.2769859107034588,0.941,0.020499999999999963,2.2270505160238963,48.480000000000004,51.519999999999996,1.6025,0.0012000000000000899,0.07493911197152876,61.58,38.42,0.9146,0.01529999999999998,1.7013232514177672,47.77,52.23,0.6615000000000001,-0.02639999999999998,-0.6879000000000001,1782086400000,2026-06-22 00:00:00 UTC,0.00039196,2.9154
FINAL_REAL_MARK_PREMIUM_CLOSED_GUARD_2026_06_13,1782092700000,2026-06-22 01:45:00 UTC,MUSDT,1782092700000,2026-06-22 01:45:00 UTC,1782093599999,2026-06-22 01:59:59 UTC,True,2.9151,2.9203,2.9077,2.9142,-0.0008999999999996788,-0.03087372645877256,52.862822555837,2.9151,2.919,2.9077,2.9142,-0.0008999999999996788,-0.03087372645877256,1782093599999,2026-06-22 01:59:59 UTC,0.0,0.0,0.00018512,0.00263404,6.699e-05,0.00054516,0.00034310000000000005,169.80104919330893,1782093599999,2026-06-22 01:59:59 UTC,295,117.0,65.73033707865169,3113.0,1761.0,130.25147928994082,9071.7923,5125.6624999999985,129.89087434478205,binance_kline_quote_asset_volume,10.552542372881357,30.751838305084743,0.012599999999999945,0.4322321704229682,-0.0008999999999996788,-0.03087372645877256,0.0008999999999996788,0.03087372645877256,0.0052000000000003155,41.26984126984395,0.00649999999999995,51.58730158730142,0.5158730158730142,1731.0,1382.0,55.60552521683264,44.39447478316737,5045.7782,3682.4579999999996,270.1095457985585,4026.0140999999994,1443.2044999999994,55.87730895843036,55.62052164708401,44.37947835291599,1.252532561505065,1.2532937229405134,1019.7641000000003,11.241043294168016,7372957.0,21492906.9507,-368.0,-0.004990964049462082,-70638.60350999981,-0.32758343627868075,0.9339,-0.007099999999999995,-0.7545164718384691,48.29,51.71,1.6025,0.0,0.0,61.58,38.42,0.912,-0.0025999999999999357,-0.2842772796851012,47.699999999999996,52.300000000000004,0.6686000000000001,-0.02189999999999992,-0.6905,1782086400000,2026-06-22 00:00:00 UTC,0.00039196,2.9154
FINAL_REAL_MARK_PREMIUM_CLOSED_GUARD_2026_06_13,1782093600000,2026-06-22 02:00:00 UTC,MUSDT,1782093600000,2026-06-22 02:00:00 UTC,1782094499999,2026-06-22 02:14:59 UTC,True,2.9141,2.916,2.9074,2.912,-0.002200000000000202,-0.07549241644362781,51.80683552254649,2.9142,2.91557833,2.90726402,2.912,-0.002200000000000202,-0.07549241644362781,1782094499999,2026-06-22 02:14:59 UTC,0.0,0.0,0.00056667,0.00138385,0.0,0.00019957,-0.00034559000000000006,-63.3923985618901,1782094499999,2026-06-22 02:14:59 UTC,180,-115.0,-38.983050847457626,2041.0,-1072.0,-34.436235142948924,5941.9884,-3129.803899999999,-34.500391945701836,binance_kline_quote_asset_volume,11.338888888888889,33.011046666666665,0.008599999999999941,0.2951168456813404,-0.0020999999999999908,-0.07206341580590889,0.0020999999999999908,0.07206341580590889,0.0019000000000000128,22.093023255814252,0.0045999999999999375,53.488372093022896,0.534883720930229,1431.0,610.0,70.11268985791278,29.887310142087216,4165.6265,-880.1516999999994,-17.443329157829403,1776.3618999999999,-2249.6521999999995,-55.87790166954457,70.10492480934496,29.895075190655028,2.3459016393442624,2.345032563465812,2389.2646000000004,40.20984961868994,7372909.0,21486131.4078,-48.0,-0.0006510278033630198,-6775.5428999997675,-0.03152455326560233,0.9569,0.02300000000000002,2.4627904486561754,48.9,51.1,1.6029,0.00039999999999995595,0.024960998439934847,61.58,38.42,0.9161,0.0040999999999999925,0.44956140350877105,47.81,52.190000000000005,0.646,-0.04079999999999995,-0.6868,1782086400000,2026-06-22 00:00:00 UTC,0.00039196,2.9154
FINAL_REAL_MARK_PREMIUM_CLOSED_GUARD_2026_06_13,1782094500000,2026-06-22 02:15:00 UTC,MUSDT,1782094500000,2026-06-22 02:15:00 UTC,1782095399999,2026-06-22 02:29:59 UTC,True,2.9121,2.9121,2.9052,2.9063,-0.005700000000000038,-0.19574175824175957,49.07171581321925,2.912,2.9121,2.9052,2.9063,-0.005700000000000038,-0.19574175824175957,1782095399999,2026-06-22 02:29:59 UTC,0.0,0.0,0.00016535,0.0009737,0.0,6.918e-05,-0.00013038999999999998,-65.33547126321591,1782095399999,2026-06-22 02:29:59 UTC,162,-18.0,-10.0,2150.0,109.0,5.340519353258206,6251.7753,309.78690000000006,5.213522463288553,binance_kline_quote_asset_volume,13.271604938271604,38.591205555555554,0.00690000000000035,0.23694241269188385,-0.005800000000000249,-0.19916898458158197,0.005800000000000249,0.19916898458158197,0.0,0.0,0.001100000000000101,15.9420289855079,0.159420289855079,1486.0,664.0,69.11627906976744,30.883720930232556,4320.397,154.77049999999963,3.7154195173282965,1931.3783000000003,155.01640000000043,8.726622654989416,69.10672237372319,30.893277626276817,2.2379518072289155,2.236950161446879,2389.0186999999996,38.21344474744637,7372967.0,21470079.904,58.0,0.0007866637171298331,-16051.503800000995,-0.07470634659794503,0.9589,0.0020000000000000018,0.20900825582610533,48.949999999999996,51.05,1.6029,0.0,0.0,61.58,38.42,0.9183,0.0021999999999999797,0.24014845540879592,47.870000000000005,52.129999999999995,0.644,-0.04059999999999997,-0.6846,1782086400000,2026-06-22 00:00:00 UTC,0.00039196,2.9154
FINAL_REAL_MARK_PREMIUM_CLOSED_GUARD_2026_06_13,1782095400000,2026-06-22 02:30:00 UTC,MUSDT,1782095400000,2026-06-22 02:30:00 UTC,1782096299999,2026-06-22 02:44:59 UTC,True,2.907,2.907,2.9018,2.9025,-0.0038000000000000256,-0.13075043870213074,47.27963808926192,2.9063,2.907,2.9018,2.90202103,-0.004278970000000104,-0.1472308433403332,1782096299999,2026-06-22 02:44:59 UTC,0.0004789700000000785,0.01650470465405547,0.00010139,0.00117641,0.0,0.00040918,0.00033999999999999997,491.47152356172296,1782096299999,2026-06-22 02:44:59 UTC,167,5.0,3.0864197530864197,1978.0,-172.0,-8.0,5745.4195,-506.3558000000003,-8.099392183848966,binance_kline_quote_asset_volume,11.844311377245509,34.403709580838324,0.005199999999999871,0.1788785689714438,-0.0045000000000001705,-0.154798761609913,0.0045000000000001705,0.154798761609913,0.0,0.0,0.0006999999999997009,13.461538461533044,0.13461538461533043,869.0,1109.0,43.93326592517695,56.06673407482305,2524.1342,-1796.2628,-41.57633661906533,3221.2853,1289.9069999999997,66.78686407525649,43.93298348362552,56.06701651637448,0.7835888187556357,0.7835798338011228,-697.1511,-12.13403303274896,7372855.0,21427728.4865,-112.0,-0.0015190628141967812,-42351.41750000045,-0.1972578476156958,0.9643,0.005400000000000071,0.5631452706225958,49.09,50.91,1.6029,0.0,0.0,61.58,38.42,0.9205,0.0021999999999999797,0.2395731242513318,47.93,52.07000000000001,0.6386,-0.04380000000000006,-0.6824,1782086400000,2026-06-22 00:00:00 UTC,0.00039196,2.9154
FINAL_REAL_MARK_PREMIUM_CLOSED_GUARD_2026_06_13,1782096300000,2026-06-22 02:45:00 UTC,MUSDT,1782096300000,2026-06-22 02:45:00 UTC,1782097199999,2026-06-22 02:59:59 UTC,True,2.902,2.9112,2.9018,2.9096,0.007100000000000328,0.24461670973300012,50.88848426835943,2.90202103,2.9112,2.90177667,2.9096,0.007578970000000407,0.2611617876525315,1782097199999,2026-06-22 02:59:59 UTC,0.0,0.0,0.00030729,0.00258504,0.0002395,0.00192953,0.0015203500000000002,371.56019355784747,1782097199999,2026-06-22 02:59:59 UTC,284,117.0,70.05988023952095,3312.0,1334.0,67.44186046511628,9627.1465,3881.7270000000008,67.5621162214526,binance_kline_quote_asset_volume,11.661971830985916,33.89840316901409,0.009399999999999853,0.3239145416953774,0.007600000000000051,0.2618883528600982,0.007600000000000051,0.2618883528600982,0.0015999999999998238,17.021276595743075,0.00019999999999997797,2.1276595744678843,0.8297872340425693,2275.0,1037.0,68.68961352657004,31.31038647342995,6613.2342,4089.1,162.00010284714656,3013.912300000001,-207.37299999999914,-6.43758564322133,68.69360718671935,31.30639281328066,2.1938283510125363,2.1942357778625468,3599.321899999999,37.387214373438674,7372708.0,21395753.66404924,-147.0,-0.00199380023071117,-31974.822450757027,-0.14922170808213273,0.9732,0.008899999999999908,0.922949289640144,49.32,50.68,1.6031,0.00019999999999997797,0.012477384740157088,61.58,38.42,0.9272,0.006700000000000039,0.7278652906029375,48.11,51.89,0.6299,-0.04599999999999993,-0.6759,1782086400000,2026-06-22 00:00:00 UTC,0.00039196,2.9154
FINAL_REAL_MARK_PREMIUM_CLOSED_GUARD_2026_06_13,1782097200000,2026-06-22 03:00:00 UTC,MUSDT,1782097200000,2026-06-22 03:00:00 UTC,1782098099999,2026-06-22 03:14:59 UTC,True,2.9096,2.9333,2.9096,2.93,0.020399999999999974,0.7011273027220227,59.47259460486207,2.9096,2.9333,2.9096,2.93,0.020399999999999974,0.7011273027220227,1782098099999,2026-06-22 03:14:59 UTC,0.0,0.0,0.00192593,0.00380563,0.00176832,0.00258859,0.0006590599999999999,34.1565044337222,1782098099999,2026-06-22 03:14:59 UTC,539,255.0,89.7887323943662,6883.0,3571.0,107.82004830917874,20116.7139,10489.567399999998,108.95821934360299,binance_kline_quote_asset_volume,12.769944341372913,37.32228923933209,0.023699999999999832,0.8145449546329335,0.020399999999999974,0.7011273027220227,0.020399999999999974,0.7011273027220227,0.0032999999999998586,13.924050632910895,0.0,0.0,0.8607594936708911,5061.0,1822.0,73.528984454453,26.471015545547,14784.2137,8170.9795,123.5549695185451,5332.500199999999,2318.5878999999977,76.92950786922357,73.49219049141024,26.507809508589762,2.777716794731065,2.7724731637140874,9451.713500000002,46.984380982820475,7372521.0,21451087.1016,-187.0,-0.0025363814761143392,55333.43755075708,0.25861878211718475,0.9539,-0.019299999999999984,-1.9831483764899287,48.82,51.18000000000001,1.603,-9.999999999998899e-05,-0.006237914041543821,61.58,38.42,0.9146,-0.012600000000000056,-1.358930112165666,47.77,52.23,0.6491,-0.0393,-0.6884,1782086400000,2026-06-22 00:00:00 UTC,0.00039196,2.9154
FINAL_REAL_MARK_PREMIUM_CLOSED_GUARD_2026_06_13,1782098100000,2026-06-22 03:15:00 UTC,MUSDT,1782098100000,2026-06-22 03:15:00 UTC,1782098999999,2026-06-22 03:29:59 UTC,True,2.9304,2.9377,2.9247,2.9365,0.00649999999999995,0.22184300341296756,61.76574459893055,2.93,2.93714021,2.9247,2.93611333,0.006113329999999806,0.2086460750853176,1782098999999,2026-06-22 03:29:59 UTC,0.0003866700000001444,0.013169450785475791,0.00258694,0.00299712,0.0002716,0.00097937,-0.00160922,-62.16588953832009,1782098999999,2026-06-22 03:29:59 UTC,321,-218.0,-40.44526901669759,6038.0,-845.0,-12.276623565305826,17698.6961,-2418.017799999998,-12.019944271315595,binance_kline_quote_asset_volume,18.809968847352025,55.136124922118384,0.0129999999999999,0.4436254436254402,0.006099999999999994,0.20816270816270796,0.006099999999999994,0.20816270816270796,0.0011999999999998678,9.230769230768285,0.005700000000000038,43.84615384615448,0.9076923076923171,3662.0,2376.0,60.64922159655515,39.35077840344485,10732.922,-4051.2916999999998,-27.402821565004835,6965.7741000000005,1633.273900000002,30.62867020614462,60.642444727891565,39.357555272108435,1.5412457912457913,1.5408082211566407,3767.1479,21.28488945578313,7373732.0,21605034.76,1211.0,0.01642586029934672,153947.65840000287,0.7176683292126494,0.9493,-0.0045999999999999375,-0.4822308418073108,48.699999999999996,51.300000000000004,1.6022,-0.0007999999999999119,-0.04990642545227149,61.57,38.43,0.9135,-0.0010999999999999899,-0.12027115678985237,47.74,52.26,0.6529,-0.035800000000000054,-0.6887000000000001,1782086400000,2026-06-22 00:00:00 UTC,0.00039196,2.9154
FINAL_REAL_MARK_PREMIUM_CLOSED_GUARD_2026_06_13,1782099000000,2026-06-22 03:30:00 UTC,MUSDT,1782099000000,2026-06-22 03:30:00 UTC,1782099899999,2026-06-22 03:44:59 UTC,True,2.9363,2.9386,2.9132,2.9132,-0.02330000000000032,-0.7934616039502919,50.69292423964359,2.93611333,2.9379,2.9132,2.9132,-0.022913330000000176,-0.7803966477002499,1782099899999,2026-06-22 03:44:59 UTC,0.0,0.0,0.00098728,0.00174474,-0.00021179,0.0,-0.00097937,-100.0,1782099899999,2026-06-22 03:44:59 UTC,490,169.0,52.64797507788161,9061.0,3023.0,50.0662471016893,26517.5605,8818.864399999999,49.827763300597034,binance_kline_quote_asset_volume,18.491836734693877,54.117470408163264,0.02540000000000031,0.8650342267479587,-0.023100000000000342,-0.7867043558219645,0.023100000000000342,0.7867043558219645,0.0022999999999999687,9.055118110235986,0.0,0.0,0.0,1445.0,7616.0,15.947467166979362,84.05253283302065,4225.0619,-6507.860100000001,-60.63456065365984,22292.4986,15326.724499999998,220.0290201773841,15.933071596084414,84.06692840391558,0.18973214285714285,0.1895284138315478,-18067.4367,-68.13385680783117,7374204.0,21651498.66253932,472.0,0.006401100555322597,46463.902539316565,0.21506053128570185,0.9391,-0.010199999999999987,-1.0744759296323592,48.43,51.57000000000001,1.6021,-9.999999999998899e-05,-0.006241418050180313,61.57,38.43,0.9095,-0.0040000000000000036,-0.43787629994526583,47.63,52.370000000000005,0.663,-0.02960000000000007,-0.6926000000000001,1782086400000,2026-06-22 00:00:00 UTC,0.00039196,2.9154
FINAL_REAL_MARK_PREMIUM_CLOSED_GUARD_2026_06_13,1782099900000,2026-06-22 03:45:00 UTC,MUSDT,1782099900000,2026-06-22 03:45:00 UTC,1782100799999,2026-06-22 03:59:59 UTC,True,2.9132,2.9167,2.9088,2.9096,-0.0035999999999996035,-0.12357544967731718,49.22459322590492,2.9132,2.914257,2.9088,2.909173,-0.004026999999999781,-0.13823287106960666,1782100799999,2026-06-22 03:59:59 UTC,0.00042700000000017724,0.014677710813354079,0.0,0.00151253,0.0,0.00035298,0.00035298,,1782100799999,2026-06-22 03:59:59 UTC,294,-196.0,-40.0,3121.0,-5940.0,-65.55567818121621,9090.5793,-17426.981200000002,-65.71864406607087,binance_kline_quote_asset_volume,10.615646258503402,30.92033775510204,0.00790000000000024,0.27117945901415075,-0.0035999999999996035,-0.12357544967731718,0.0035999999999996035,0.12357544967731718,0.0035000000000002807,44.303797468356635,0.000800000000000356,10.12658227848521,0.1012658227848521,2089.0,1032.0,66.9336751041333,33.066324895866714,6085.7568,1860.6949000000004,44.039470758996465,3004.8224999999993,-19287.6761,-86.52092547400676,66.94575339109578,33.05424660890422,2.02422480620155,2.025329882214341,3080.934300000001,33.89150678219155,7370806.0,21472632.0392,-3398.0,-0.04607954973852093,-178866.62333931774,-0.8261165941773196,0.9478,0.00869999999999993,0.9264189117239835,48.66,51.339999999999996,1.6024,0.00029999999999996696,0.018725422882464697,61.57,38.43,0.9164,0.006900000000000017,0.7586586036283691,47.82,52.18000000000001,0.6546000000000001,-0.031399999999999983,-0.686,1782086400000,2026-06-22 00:00:00 UTC,0.00039196,2.9154
FINAL_REAL_MARK_PREMIUM_CLOSED_GUARD_2026_06_13,1782100800000,2026-06-22 04:00:00 UTC,MUSDT,1782100800000,2026-06-22 04:00:00 UTC,1782101699999,2026-06-22 04:14:59 UTC,True,2.9092,2.9222,2.9091,2.9222,0.012599999999999945,0.4330492163871303,54.22243023270673,2.90911633,2.9222,2.90845933,2.9222,0.013027000000000122,0.44779048891214523,1782101699999,2026-06-22 04:14:59 UTC,0.0,0.0,0.00022392,0.00301204,0.00022392,0.00291647,0.00256349,726.2422800158648,1782101699999,2026-06-22 04:14:59 UTC,194,-100.0,-34.01360544217687,2397.0,-724.0,-23.197693047100287,6982.6259,-2107.9533999999994,-23.188328602996727,binance_kline_quote_asset_volume,12.355670103092784,35.99291701030928,0.013100000000000112,0.45029561391448203,0.013000000000000345,0.44685824281590625,0.013000000000000345,0.44685824281590625,0.0,0.0,9.999999999976694e-05,0.7633587786241686,1.0,1916.0,481.0,79.93324989570296,20.066750104297036,5581.8461,-503.91070000000036,-8.280164925420621,1400.7798000000003,-1604.042699999999,-53.38227798813405,79.93906848138606,20.060931518613938,3.9833679833679834,3.984813387514582,4181.0662999999995,59.878136962772125,7370581.0,21442295.239513,-225.0,-0.0030525833945432837,-30336.799687001854,-0.141281234790498,0.9436,-0.0041999999999999815,-0.4431314623338237,48.55,51.449999999999996,1.6026,0.00019999999999997797,0.01248127808287431,61.58,38.42,0.9128,-0.0036000000000000476,-0.3928415539065962,47.72,52.28,0.659,-0.03080000000000005,-0.6898000000000001,1782100800000,2026-06-22 04:00:00 UTC,0.00028208,2.90911633
FINAL_REAL_MARK_PREMIUM_CLOSED_GUARD_2026_06_13,1782101700000,2026-06-22 04:15:00 UTC,MUSDT,1782101700000,2026-06-22 04:15:00 UTC,1782102599999,2026-06-22 04:29:59 UTC,True,2.9223,2.9223,2.9156,2.9197,-0.0024999999999999467,-0.08555198138388702,53.10550937054942,2.9222,2.9223,2.9156,2.91965,-0.0025500000000002743,-0.08726302101157601,1782102599999,2026-06-22 04:29:59 UTC,5.000000000032756e-05,0.0017125340366251972,0.00290377,0.00290377,0.0,0.00018127,-0.0027352,-93.78460947652471,1782102599999,2026-06-22 04:29:59 UTC,273,79.0,40.72164948453608,3043.0,646.0,26.95035460992908,8884.8287,1902.2028,27.24194060002556,binance_kline_quote_asset_volume,11.146520146520146,32.54516007326007,0.006699999999999928,0.2292714642576029,-0.0025999999999997137,-0.08897101598055346,0.0025999999999997137,0.08897101598055346,0.0,0.0,0.004100000000000215,61.194029850750134,0.6119402985075013,1384.0,1659.0,45.481432796582325,54.518567203417675,4041.0786,-1540.7675,-27.60318848633251,4843.7501,3442.9703,245.78954522331057,45.48290953544214,54.51709046455786,0.8342374924653405,0.8342871776147163,-802.6715000000004,-9.034180929115724,7371204.0,21540132.3288,623.0,0.00845252226384867,97837.08928700164,0.45628086076676805,0.9429,-0.0007000000000000339,-0.07418397626113118,48.53,51.470000000000006,1.6021,-0.0004999999999999449,-0.031199301135651128,61.57,38.43,0.915,0.0022000000000000908,0.24101665205960682,47.78,52.22,0.6592000000000001,-0.027899999999999925,-0.6871,1782100800000,2026-06-22 04:00:00 UTC,0.00028208,2.90911633
FINAL_REAL_MARK_PREMIUM_CLOSED_GUARD_2026_06_13,1782102600000,2026-06-22 04:30:00 UTC,MUSDT,1782102600000,2026-06-22 04:30:00 UTC,1782103499999,2026-06-22 04:44:59 UTC,True,2.9197,2.9296,2.9162,2.9179,-0.0018000000000002458,-0.06165016953797465,52.27064020130937,2.91965,2.92847855,2.91465565,2.9179,-0.0017499999999999183,-0.05993869128148642,1782103499999,2026-06-22 04:44:59 UTC,0.0,0.0,0.00017742,0.0026356,0.0,0.00045016,0.00026889000000000004,148.33673525679927,1782103499999,2026-06-22 04:44:59 UTC,283,10.0,3.6630036630036633,2779.0,-264.0,-8.675649030561946,8123.641,-761.1877000000004,-8.56727490986968,binance_kline_quote_asset_volume,9.819787985865725,28.705445229681978,0.0134000000000003,0.4589512621159811,-0.0018000000000002458,-0.06165016953797465,0.0018000000000002458,0.06165016953797465,0.00990000000000002,73.88059701492386,0.0017000000000000348,12.68656716417908,0.1268656716417908,1164.0,1615.0,41.88557034904642,58.11442965095358,3402.8096,-638.2689999999998,-15.794520799471702,4720.831399999999,-122.91870000000108,-2.537676334706059,41.88773974625418,58.112260253745816,0.7207430340557276,0.7208072713632604,-1318.021799999999,-16.224520507491643,7371649.0,21522635.00285,445.0,0.006037005623504654,-17497.325950000435,-0.0812312834615497,0.9493,0.006400000000000072,0.6787570261957867,48.699999999999996,51.300000000000004,1.6021,0.0,0.0,61.57,38.43,0.919,0.0040000000000000036,0.43715846994535557,47.89,52.11,0.6528,-0.030299999999999994,-0.6831,1782100800000,2026-06-22 04:00:00 UTC,0.00028208,2.90911633
FINAL_REAL_MARK_PREMIUM_CLOSED_GUARD_2026_06_13,1782103500000,2026-06-22 04:45:00 UTC,MUSDT,1782103500000,2026-06-22 04:45:00 UTC,1782104399999,2026-06-22 04:59:59 UTC,True,2.9181,2.9315,2.9152,2.9315,0.013600000000000279,0.4660886253812769,57.68364246883073,2.9179,2.93112773,2.9152,2.93112773,0.013227730000000104,0.45333047739813237,1782104399999,2026-06-22 04:59:59 UTC,0.0003722700000001744,0.012700572417571662,0.00045016,0.00271669,0.0,0.00228964,0.0018394799999999999,408.6280433623601,1782104399999,2026-06-22 04:59:59 UTC,153,-130.0,-45.936395759717314,2085.0,-694.0,-24.9730118747751,6088.3783,-2035.2626999999993,-25.053577576852536,binance_kline_quote_asset_volume,13.627450980392156,39.79332222222222,0.016300000000000203,0.5585826393886503,0.0134000000000003,0.45920290600049,0.0134000000000003,0.45920290600049,0.0,0.0,0.0028999999999999027,17.791411042943967,1.0,551.0,1534.0,26.42685851318945,73.57314148681056,1611.1335,-1791.6761000000001,-52.65284604815974,4477.2448,-243.58659999999873,-5.159824178427528,26.46244074551018,73.53755925448982,0.35919165580182527,0.359849320725103,-2866.1113000000005,-47.07511850897965,7371028.0,21507922.6012,-621.0,-0.008424166695945506,-14712.401650000364,-0.06835780864216749,0.9493,0.0,0.0,48.699999999999996,51.300000000000004,1.6022,9.999999999998899e-05,0.0062418076274882335,61.57,38.43,0.9172,-0.0018000000000000238,-0.19586507072905593,47.839999999999996,52.16,0.6529,-0.03210000000000002,-0.685,1782100800000,2026-06-22 04:00:00 UTC,0.00028208,2.90911633
FINAL_REAL_MARK_PREMIUM_CLOSED_GUARD_2026_06_13,1782104400000,2026-06-22 05:00:00 UTC,MUSDT,1782104400000,2026-06-22 05:00:00 UTC,1782105299999,2026-06-22 05:14:59 UTC,True,2.9314,2.933,2.9216,2.9266,-0.0049000000000001265,-0.1671499232474885,55.25230707817033,2.93112773,2.9323239,2.9211549,2.92613363,-0.004994100000000223,-0.17038152069886847,1782105299999,2026-06-22 05:14:59 UTC,0.0004663700000002713,0.01593809644299366,0.00228784,0.00229715,0.0,0.00100456,-0.0012850799999999999,-56.12585384601946,1782105299999,2026-06-22 05:14:59 UTC,265,112.0,73.20261437908496,3725.0,1640.0,78.65707434052757,10898.3526,4809.9743,79.0025531100786,binance_kline_quote_asset_volume,14.056603773584905,41.12585886792453,0.011399999999999633,0.3888926792658673,-0.0047999999999999154,-0.16374428600668334,0.0047999999999999154,0.16374428600668334,0.0015999999999998238,14.03508771929715,0.004999999999999893,43.8596491228075,0.438596491228075,2300.0,1425.0,61.74496644295302,38.25503355704698,6729.4313,5118.2978,317.6830349564453,4168.9213,-308.3235000000004,-6.886456152676762,61.74723416454704,38.25276583545296,1.6140350877192982,1.6141900543912884,2560.51,23.49446832909407,7371523.0,21606875.47763279,495.0,0.006715481205606598,98952.87643279135,0.46007640192675064,0.9486,-0.0007000000000000339,-0.0737385441904597,48.68,51.32,1.602,-0.00019999999999997797,-0.012482836100360627,61.57,38.43,0.9186,0.0013999999999999568,0.15263846489314836,47.88,52.12,0.6534000000000001,-0.030000000000000027,-0.6834000000000001,1782100800000,2026-06-22 04:00:00 UTC,0.00028208,2.90911633
FINAL_REAL_MARK_PREMIUM_CLOSED_GUARD_2026_06_13,1782105300000,2026-06-22 05:15:00 UTC,MUSDT,1782105300000,2026-06-22 05:15:00 UTC,1782106199999,2026-06-22 05:29:59 UTC,True,2.9273,2.9274,2.9187,2.9242,-0.0024000000000001798,-0.08200642383654,54.0506164020304,2.92613363,2.92709685,2.91822467,2.9242,-0.0019336299999999085,-0.06608139765646685,1782106199999,2026-06-22 05:29:59 UTC,0.0,0.0,0.00098888,0.00203324,0.0,0.00163393,0.00062937,62.65131002628016,1782106199999,2026-06-22 05:29:59 UTC,186,-79.0,-29.81132075471698,2519.0,-1206.0,-32.375838926174495,7360.0576,-3538.295,-32.46632890185623,binance_kline_quote_asset_volume,13.543010752688172,39.57020215053763,0.008700000000000152,0.29720219997950853,-0.0030999999999998806,-0.10589963447545114,0.0030999999999998806,0.10589963447545114,0.00010000000000021103,1.1494252873587274,0.00550000000000006,63.21839080459729,0.6321839080459729,1262.0,1257.0,50.09924573243351,49.90075426756649,3686.9202,-3042.5111,-45.21200922282987,3673.1374,-495.7838999999999,-11.892378491289818,50.09363241939846,49.90636758060155,1.0039777247414479,1.0037523235586014,13.782799999999952,0.1872648387969131,7372037.0,21571565.38730431,514.0,0.00697277889521609,-35310.09032848105,-0.16342062213036626,0.947,-0.0016000000000000458,-0.16866961838499323,48.64,51.35999999999999,1.6022,0.00019999999999997797,0.012484394506865042,61.57,38.43,0.9205,0.0019000000000000128,0.20683649031134474,47.93,52.07000000000001,0.6552000000000001,-0.026499999999999968,-0.6817000000000001,1782100800000,2026-06-22 04:00:00 UTC,0.00028208,2.90911633
FINAL_REAL_MARK_PREMIUM_CLOSED_GUARD_2026_06_13,1782106200000,2026-06-22 05:30:00 UTC,MUSDT,1782106200000,2026-06-22 05:30:00 UTC,1782107099999,2026-06-22 05:44:59 UTC,True,2.9246,2.9256,2.9151,2.9172,-0.007000000000000117,-0.23938171123726548,50.59428617640326,2.9242,2.9249384,2.9138501,2.9161329,-0.008067099999999883,-0.275873743246012,1782107099999,2026-06-22 05:44:59 UTC,0.0010670999999997655,0.036592982439166796,0.00163393,0.00163958,0.0,0.0006528,-0.00098113,-60.04724804612193,1782107099999,2026-06-22 05:44:59 UTC,165,-21.0,-11.29032258064516,1480.0,-1039.0,-41.246526399364825,4323.0307,-3037.0269,-41.26362951289946,binance_kline_quote_asset_volume,8.969696969696969,26.20018606060606,0.010500000000000398,0.35902345619915194,-0.007400000000000073,-0.25302605484510954,0.007400000000000073,0.25302605484510954,0.001000000000000334,9.523809523812343,0.0020999999999999908,19.999999999999154,0.19999999999999155,866.0,614.0,58.513513513513516,41.486486486486484,2530.7324,-1156.1878000000002,-31.359176149242394,1792.2983000000004,-1880.8390999999997,-51.20524759024805,58.5406992367646,41.45930076323539,1.4104234527687296,1.4120040174116102,738.4340999999995,17.081398473529216,7372770.0,21559454.034,733.0,0.009942977768559761,-12111.353304307908,-0.05614499034657865,0.9463,-0.0006999999999999229,-0.07391763463568352,48.620000000000005,51.38,1.6021,-9.999999999998899e-05,-0.006241418050180313,61.57,38.43,0.9186,-0.0019000000000000128,-0.2064095600217287,47.88,52.12,0.6558,-0.027700000000000058,-0.6835000000000001,1782100800000,2026-06-22 04:00:00 UTC,0.00028208,2.90911633
FINAL_REAL_MARK_PREMIUM_CLOSED_GUARD_2026_06_13,1782107100000,2026-06-22 05:45:00 UTC,MUSDT,1782107100000,2026-06-22 05:45:00 UTC,1782107999999,2026-06-22 05:59:59 UTC,True,2.9162,2.9162,2.9101,2.915,-0.0021999999999997577,-0.07541478129712594,49.522455765386965,2.9161329,2.9161329,2.90891398,2.915,-0.0011328999999999922,-0.03884939537563573,1782107999999,2026-06-22 05:59:59 UTC,0.0,0.0,0.0006528,0.00209284,0.0,0.00164937,0.00099657,152.6608455882353,1782107999999,2026-06-22 05:59:59 UTC,246,81.0,49.09090909090909,4722.0,3242.0,219.05405405405406,13757.0662,9434.035499999998,218.22735378677734,binance_kline_quote_asset_volume,19.195121951219512,55.92303333333333,0.006099999999999994,0.20917632535491373,-0.0011999999999998678,-0.04114944105342116,0.0011999999999998678,0.04114944105342116,0.0,0.0,0.0049000000000001265,80.32786885246117,0.8032786885246116,2944.0,1778.0,62.34646336298179,37.65353663701821,8576.3235,6045.591100000001,238.88701547425563,5180.742699999999,3388.4443999999985,189.05582848569335,62.34122432295921,37.658775677040786,1.6557930258717661,1.6554235553910064,3395.5808000000015,24.682448645918427,7372529.0,21499274.3731041,-241.0,-0.0032687850021091125,-60179.66089590266,-0.2791335105285935,0.9463,0.0,0.0,48.620000000000005,51.38,1.6022,9.999999999998899e-05,0.0062418076274882335,61.57,38.43,0.9201,0.0015000000000000568,0.16329196603527724,47.92,52.080000000000005,0.6559,-0.0262,-0.6821,1782100800000,2026-06-22 04:00:00 UTC,0.00028208,2.90911633
FINAL_REAL_MARK_PREMIUM_CLOSED_GUARD_2026_06_13,1782108000000,2026-06-22 06:00:00 UTC,MUSDT,1782108000000,2026-06-22 06:00:00 UTC,1782108899999,2026-06-22 06:14:59 UTC,True,2.915,2.9162,2.9122,2.9123,-0.0026999999999999247,-0.0926243567752976,48.17361825265699,2.915,2.9162,2.91208044,2.9123,-0.0026999999999999247,-0.0926243567752976,1782108899999,2026-06-22 06:14:59 UTC,0.0,0.0,0.00160631,0.00249292,4.945e-05,0.000764,-0.00088537,-53.679283605255335,1782108899999,2026-06-22 06:14:59 UTC,358,112.0,45.52845528455284,2616.0,-2106.0,-44.5997458703939,7624.3379,-6132.728299999999,-44.5787511002891,binance_kline_quote_asset_volume,7.307262569832402,21.297033240223463,0.0040000000000000036,0.1372212692967411,-0.0026999999999999247,-0.0926243567752976,0.0026999999999999247,0.0926243567752976,0.0011999999999998678,29.999999999996668,0.00010000000000021103,2.5000000000052736,0.025000000000052737,1532.0,1084.0,58.56269113149847,41.437308868501525,4465.0625,-4111.261,-47.93733585259465,3159.2754000000004,-2021.4672999999984,-39.018870788545414,58.56328193429098,41.43671806570903,1.4132841328413284,1.4133185413338765,1305.7870999999996,17.126563868581947,7373225.0,21492950.875,696.0,0.009440451166757026,-6323.498104099184,-0.029412611767074198,0.9451,-0.0011999999999999789,-0.12680967980555627,48.59,51.41,1.6013,-0.0009000000000001229,-0.05617276245163668,61.56,38.440000000000005,0.9231,0.0030000000000000027,0.3260515161395503,48.0,52.0,0.6561999999999999,-0.02200000000000002,-0.6781999999999999,1782100800000,2026-06-22 04:00:00 UTC,0.00028208,2.90911633
FINAL_REAL_MARK_PREMIUM_CLOSED_GUARD_2026_06_13,1782108900000,2026-06-22 06:15:00 UTC,MUSDT,1782108900000,2026-06-22 06:15:00 UTC,1782109799999,2026-06-22 06:29:59 UTC,True,2.9119,2.9136,2.9095,2.9123,0.0,0.0,48.17361825265699,2.9123,2.9136,2.9095,2.91225,-5.000000000032756e-05,-0.001716856093133522,1782109799999,2026-06-22 06:29:59 UTC,5.000000000032756e-05,0.0017168855695880356,0.0007222,0.00191115,0.00031452,0.0014437,0.0006797,88.96596858638743,1782109799999,2026-06-22 06:29:59 UTC,154,-204.0,-56.98324022346368,1262.0,-1354.0,-51.75840978593273,3674.1494,-3950.1885000000007,-51.8102496480383,binance_kline_quote_asset_volume,8.194805194805195,23.858112987012987,0.004100000000000215,0.1408015385143794,0.00039999999999995595,0.013736735464815273,0.00039999999999995595,0.013736735464815273,0.0013000000000000789,31.707317073170998,0.0024000000000001798,58.536585365854975,0.6829268292682901,634.0,628.0,50.237717908082416,49.76228209191759,1846.0305,-2619.032,-58.656110636749204,1828.1188999999997,-1331.1565000000007,-42.13486738129891,50.24375165582543,49.75624834417457,1.0095541401273886,1.009797830983532,17.911600000000362,0.48750331165086436,7373082.0,21472626.7086,-143.0,-0.0019394498336887862,-20324.166400000453,-0.09456201020605763,0.9478,0.0026999999999999247,0.28568405459738916,48.66,51.339999999999996,1.6012,-9.999999999998899e-05,-0.0062449259976262396,61.56,38.440000000000005,0.9209,-0.0021999999999999797,-0.23832737514895241,47.94,52.059999999999995,0.6534,-0.026899999999999924,-0.6802999999999999,1782100800000,2026-06-22 04:00:00 UTC,0.00028208,2.90911633
FINAL_REAL_MARK_PREMIUM_CLOSED_GUARD_2026_06_13,1782109800000,2026-06-22 06:30:00 UTC,MUSDT,1782109800000,2026-06-22 06:30:00 UTC,1782110699999,2026-06-22 06:44:59 UTC,True,2.9123,2.9224,2.9108,2.9224,0.010099999999999998,0.34680493081069935,53.650456338947244,2.91225,2.92138647,2.9108,2.92138647,0.009136470000000063,0.31372546999742684,1782110699999,2026-06-22 06:44:59 UTC,0.0010135300000002623,0.0346934584112133,0.0014452,0.00262673,0.00046817,0.00185075,0.00040704999999999995,28.194915841241254,1782110699999,2026-06-22 06:44:59 UTC,284,130.0,84.4155844155844,3673.0,2411.0,191.0459587955626,10707.0561,7032.9067,191.4159152047546,binance_kline_quote_asset_volume,12.933098591549296,37.70090176056338,0.011600000000000055,0.39831061360436953,0.010099999999999998,0.34680493081069935,0.010099999999999998,0.34680493081069935,0.0,0.0,0.0015000000000000568,12.931034482759049,1.0,2281.0,1392.0,62.10182412197114,37.89817587802886,6650.0078,4803.9773000000005,260.2328238888794,4057.0482999999995,2228.9294,121.92475008053363,62.108648146524615,37.891351853475385,1.6386494252873562,1.6391246315701988,2592.959500000001,24.217296293049227,7373296.0,21472881.276,214.0,0.0029024497489652224,254.56740000098944,0.0011855438249621908,0.9463,-0.0014999999999999458,-0.15826123654778917,48.620000000000005,51.38,1.6011,-9.999999999998899e-05,-0.006245316012989569,61.56,38.440000000000005,0.9198,-0.001100000000000101,-0.11944836572918892,47.910000000000004,52.09,0.6547999999999999,-0.02650000000000008,-0.6813,1782100800000,2026-06-22 04:00:00 UTC,0.00028208,2.90911633
FINAL_REAL_MARK_PREMIUM_CLOSED_GUARD_2026_06_13,1782110700000,2026-06-22 06:45:00 UTC,MUSDT,1782110700000,2026-06-22 06:45:00 UTC,1782111599999,2026-06-22 06:59:59 UTC,True,2.9219,2.9399,2.9219,2.929,0.006599999999999717,0.2258417738844688,56.8587834768235,2.92138647,2.938858,2.92138647,2.928109,0.006722530000000226,0.23011436757972753,1782111599999,2026-06-22 06:59:59 UTC,0.0008909999999997531,0.030429195088015955,0.00207319,0.00304981,0.0,0.00148464,-0.00036611,-19.781710117519925,1782111599999,2026-06-22 06:59:59 UTC,636,352.0,123.94366197183098,11019.0,7346.0,200.0,32324.6493,21617.593200000003,201.90043834738108,binance_kline_quote_asset_volume,17.32547169811321,50.82492028301887,0.018000000000000238,0.6160375098394961,0.007099999999999884,0.24299257332557186,0.007099999999999884,0.24299257332557186,0.010900000000000354,60.555555555556715,0.0,0.0,0.3944444444444328,4947.0,6072.0,44.89518105091206,55.10481894908794,14501.0004,7850.9926000000005,118.05990062146996,17823.6489,13766.600600000002,339.32552885801243,44.86050340536873,55.13949659463127,0.8147233201581028,0.8135820269664311,-3322.6484999999993,-10.278993189262534,7373690.0,21541398.1999743,394.0,0.005343607526403388,68516.92397429794,0.3190858417816455,0.9489,0.0025999999999999357,0.2747543062453699,48.69,51.31,1.6005,-0.0005999999999999339,-0.03747423646242795,61.550000000000004,38.45,0.9249,0.0051000000000001044,0.5544683626875522,48.05,51.949999999999996,0.6516000000000001,-0.02399999999999991,-0.6756,1782100800000,2026-06-22 04:00:00 UTC,0.00028208,2.90911633
FINAL_REAL_MARK_PREMIUM_CLOSED_GUARD_2026_06_13,1782111600000,2026-06-22 07:00:00 UTC,MUSDT,1782111600000,2026-06-22 07:00:00 UTC,1782112499999,2026-06-22 07:14:59 UTC,True,2.9282,2.9372,2.9267,2.9302,0.001200000000000312,0.04096961420281024,57.435683871600396,2.928109,2.93601724,2.9267,2.9302,0.002091000000000065,0.07141127601465877,1782112499999,2026-06-22 07:14:59 UTC,0.0,0.0,0.00151667,0.00323679,7.7e-07,0.00102707,-0.00045757,-30.82026619247764,1782112499999,2026-06-22 07:14:59 UTC,561,-75.0,-11.79245283018868,8844.0,-2175.0,-19.738633269806698,25922.4638,-6402.1855,-19.805893145451694,binance_kline_quote_asset_volume,15.764705882352942,46.20760035650624,0.010499999999999954,0.35858206406666054,0.002000000000000224,0.06830134553651472,0.002000000000000224,0.06830134553651472,0.006999999999999673,66.66666666666384,0.0015000000000000568,14.28571428571489,0.3333333333333615,5145.0,3699.0,58.17503392130258,41.82496607869742,15080.7931,579.7927,3.9982944900822144,10841.6707,-6981.9782,-39.172552372258636,58.17654223129824,41.82345776870176,1.3909164639091647,1.3910026892810903,4239.1224,16.35308446259649,7375448.0,21596115.667832,1758.0,0.023841523036634303,54717.46785769984,0.2540107533863105,0.9486,-0.00029999999999996696,-0.03161555485298419,48.68,51.32,1.6008,0.00029999999999996696,0.018744142455480596,61.550000000000004,38.45,0.9198,-0.0051000000000001044,-0.5514109633474003,47.910000000000004,52.09,0.6522,-0.028800000000000048,-0.681,1782100800000,2026-06-22 04:00:00 UTC,0.00028208,2.90911633
FINAL_REAL_MARK_PREMIUM_CLOSED_GUARD_2026_06_13,1782112500000,2026-06-22 07:15:00 UTC,MUSDT,1782112500000,2026-06-22 07:15:00 UTC,1782113399999,2026-06-22 07:29:59 UTC,True,2.9311,2.9311,2.9246,2.9256,-0.0045999999999999375,-0.15698587127158342,54.4308869287227,2.9302,2.9311,2.9247,2.9256,-0.0045999999999999375,-0.15698587127158342,1782113399999,2026-06-22 07:29:59 UTC,0.0,0.0,0.00088525,0.00119434,0.0,0.0003274,-0.0006996699999999999,-68.12291275180854,1782113399999,2026-06-22 07:29:59 UTC,293,-268.0,-47.771836007130126,3419.0,-5425.0,-61.34102216191768,10008.7354,-15913.728400000002,-61.38972175939542,binance_kline_quote_asset_volume,11.668941979522184,34.15950648464164,0.00649999999999995,0.2217597488997288,-0.005499999999999616,-0.18764286445360503,0.005499999999999616,0.18764286445360503,0.0,0.0,0.001000000000000334,15.38461538462064,0.1538461538462064,1356.0,2063.0,39.660719508628254,60.33928049137175,3969.2783,-11111.5148,-73.67991011029785,6039.4571,-4802.213600000001,-44.29403671151901,39.658140028359625,60.341859971640375,0.6572952011633544,0.6572243554805614,-2070.1787999999997,-20.683719943280746,7372511.0,21602931.7322,-2937.0,-0.039821309837721044,6816.064368002117,0.03156152927146445,0.947,-0.0016000000000000458,-0.16866961838499323,48.64,51.35999999999999,1.6004,-0.00039999999999995595,-0.024987506246873806,61.53999999999999,38.46,0.9175,-0.0022999999999999687,-0.25005435964339734,47.85,52.15,0.6534000000000001,-0.02949999999999997,-0.6829000000000001,1782100800000,2026-06-22 04:00:00 UTC,0.00028208,2.90911633
FINAL_REAL_MARK_PREMIUM_CLOSED_GUARD_2026_06_13,1782113400000,2026-06-22 07:30:00 UTC,MUSDT,1782113400000,2026-06-22 07:30:00 UTC,1782114299999,2026-06-22 07:44:59 UTC,True,2.9257,2.944,2.9241,2.9317,0.006099999999999994,0.20850423844681415,57.59876545869414,2.9256,2.9415,2.9241,2.9317,0.006099999999999994,0.20850423844681415,1782114299999,2026-06-22 07:44:59 UTC,0.0,0.0,0.0003267,0.00383946,0.0,0.0,-0.0003274,-100.0,1782114299999,2026-06-22 07:44:59 UTC,598,305.0,104.09556313993174,7401.0,3982.0,116.46680315881837,21718.0143,11709.2789,116.99059303735815,binance_kline_quote_asset_volume,12.376254180602007,36.31774966555184,0.019899999999999807,0.6801791024370171,0.006000000000000227,0.20507912636292946,0.006000000000000227,0.20507912636292946,0.012299999999999756,61.809045226130024,0.0015999999999998238,8.040201005024318,0.38190954773869973,3366.0,4035.0,45.480340494527766,54.51965950547223,9866.9643,5897.686,148.58333314648155,11851.05,5811.5929,96.22707478127462,45.43216596003439,54.56783403996561,0.8342007434944237,0.8325814421506955,-1984.0856999999996,-9.135668079931229,7371294.0,21565457.7264,-1217.0,-0.016507265977629602,-37474.00580000132,-0.17346722317390317,0.9512,0.0042000000000000925,0.44350580781415977,48.75,51.24999999999999,1.6005,9.999999999998899e-05,0.00624843789052668,61.550000000000004,38.45,0.9216,0.0040999999999999925,0.4468664850136232,47.96,52.04,0.6493,-0.02960000000000007,-0.6789000000000001,1782100800000,2026-06-22 04:00:00 UTC,0.00028208,2.90911633
FINAL_REAL_MARK_PREMIUM_CLOSED_GUARD_2026_06_13,1782114300000,2026-06-22 07:45:00 UTC,MUSDT,1782114300000,2026-06-22 07:45:00 UTC,1782115199999,2026-06-22 07:59:59 UTC,True,2.9318,2.9412,2.9318,2.9411,0.009399999999999853,0.320633079783056,61.98449105760968,2.9317,2.9411,2.93123603,2.94099967,0.009299669999999871,0.317210833304904,1782115199999,2026-06-22 07:59:59 UTC,0.00010032999999998182,0.0034114250682653704,0.0,0.00283339,0.0,0.00275858,0.00275858,,1782115199999,2026-06-22 07:59:59 UTC,332,-266.0,-44.481605351170565,3875.0,-3526.0,-47.64221051209296,11377.0995,-10340.914799999999,-47.61445801239756,binance_kline_quote_asset_volume,11.671686746987952,34.26837198795181,0.009399999999999853,0.32062214339313233,0.009300000000000086,0.3172112695272558,0.009300000000000086,0.3172112695272558,9.999999999976694e-05,1.0638297872315798,0.0,0.0,0.9893617021276842,1839.0,2036.0,47.458064516129035,52.54193548387097,5399.3126,-4467.651699999999,-45.278887854089014,5977.7869,-5873.263099999999,-49.55901038304623,47.45772505549415,52.54227494450585,0.9032416502946955,0.9032293539938668,-578.4742999999999,-5.084549889011693,7371256.0,21610311.2152,-38.0,-0.0005155132870836518,44853.4888000004,0.20798765029267924,0.9592,0.008000000000000007,0.8410428931875533,48.96,51.04,1.6008,0.00029999999999996696,0.018744142455480596,61.550000000000004,38.45,0.9249,0.0033000000000000806,0.3580729166666754,48.05,51.949999999999996,0.6416,-0.0343,-0.6759,1782100800000,2026-06-22 04:00:00 UTC,0.00028208,2.90911633
FINAL_REAL_MARK_PREMIUM_CLOSED_GUARD_2026_06_13,1782115200000,2026-06-22 08:00:00 UTC,MUSDT,1782115200000,2026-06-22 08:00:00 UTC,1782116099999,2026-06-22 08:14:59 UTC,True,2.9411,2.9545,2.9392,2.9475,0.006399999999999739,0.21760565774709256,64.66435520511436,2.94099967,2.95144993,2.9392,2.9475,0.006500329999999721,0.22102450626931627,1782116099999,2026-06-22 08:14:59 UTC,0.0,0.0,0.00275929,0.00295159,0.0,0.00047937,-0.0022792100000000003,-82.62258118307247,1782116099999,2026-06-22 08:14:59 UTC,633,301.0,90.66265060240963,9042.0,5167.0,133.34193548387097,26643.2081,15266.1086,134.18278182413715,binance_kline_quote_asset_volume,14.28436018957346,42.090376145339654,0.01529999999999987,0.5202135255516599,0.006399999999999739,0.21760565774709256,0.006399999999999739,0.21760565774709256,0.007000000000000117,45.751633986929264,0.0019000000000000128,12.41830065359496,0.5424836601307074,5379.0,3663.0,59.48905109489051,40.51094890510949,15853.5157,10454.203099999999,193.6210009400085,10789.6924,4811.9055,80.49643756956274,59.50302846600519,40.49697153399482,1.4684684684684686,1.4693204506923663,5063.8233,19.006056932010377,7370921.0,21677876.22859607,-335.0,-0.004544680038245857,67565.01339606941,0.3126517370492395,0.9654,0.006199999999999983,0.6463719766472042,49.120000000000005,50.88,1.6012,0.00039999999999995595,0.024987506246873806,61.56,38.440000000000005,0.9301,0.005199999999999982,0.5622229430208652,48.19,51.81,0.6357999999999999,-0.0353,-0.6710999999999999,1782115200000,2026-06-22 08:00:00 UTC,0.00033152,2.94099967
FINAL_REAL_MARK_PREMIUM_CLOSED_GUARD_2026_06_13,1782116100000,2026-06-22 08:15:00 UTC,MUSDT,1782116100000,2026-06-22 08:15:00 UTC,1782116999999,2026-06-22 08:29:59 UTC,True,2.9474,2.9494,2.9356,2.94,-0.00749999999999984,-0.254452926208646,59.38149554773268,2.9475,2.94865167,2.93392508,2.9381138,-0.00938619999999979,-0.31844614079727873,1782116999999,2026-06-22 08:29:59 UTC,0.001886199999999949,0.06419764952603091,0.00046986,0.00209551,0.0,0.00209551,0.00161614,337.1383273880301,1782116999999,2026-06-22 08:29:59 UTC,281,-352.0,-55.60821484992101,3118.0,-5924.0,-65.51647865516479,9183.9398,-17459.2683,-65.52990253452249,binance_kline_quote_asset_volume,11.09608540925267,32.68305978647687,0.013799999999999812,0.4682092691863952,-0.007400000000000073,-0.2510687385492323,0.007400000000000073,0.2510687385492323,0.0019999999999997797,14.492753623187008,0.0043999999999999595,31.884057971014634,0.31884057971014634,1515.0,1603.0,48.588838999358565,51.411161000641435,4462.3844,-11391.131300000001,-71.85239864492644,4721.5554,-6068.137,-56.24012970008302,48.58899880855055,51.411001191449444,0.9451029320024953,0.9451089782828768,-259.1710000000003,-2.822002382898898,7369000.0,21720127.5,-1921.0,-0.02606187205099607,42251.27140393108,0.19490503109430943,0.9535,-0.011900000000000022,-1.2326496788895815,48.809999999999995,51.190000000000005,1.6013,9.999999999998899e-05,0.006245316012989569,61.56,38.440000000000005,0.9253,-0.0048000000000000265,-0.5160735404795211,48.06,51.94,0.6477999999999999,-0.028200000000000003,-0.6759999999999999,1782115200000,2026-06-22 08:00:00 UTC,0.00033152,2.94099967
FINAL_REAL_MARK_PREMIUM_CLOSED_GUARD_2026_06_13,1782117000000,2026-06-22 08:30:00 UTC,MUSDT,1782117000000,2026-06-22 08:30:00 UTC,1782117899999,2026-06-22 08:44:59 UTC,True,2.9393,2.9469,2.9357,2.9397,-0.0002999999999997449,-0.010204081632644385,59.17325071926267,2.9381138,2.9455,2.9357,2.9397,0.0015862000000002041,0.053987017112822666,1782117899999,2026-06-22 08:44:59 UTC,0.0,0.0,0.00149829,0.00237648,0.0,0.00094714,-0.0011483700000000001,-54.801456447356486,1782117899999,2026-06-22 08:44:59 UTC,612,331.0,117.79359430604983,5942.0,2824.0,90.5708787684413,17474.6954,8290.7556,90.27449853275388,binance_kline_quote_asset_volume,9.709150326797385,28.55342385620915,0.011199999999999655,0.3810431055012981,0.00040000000000040004,0.013608682339346105,0.00040000000000040004,0.013608682339346105,0.007199999999999651,64.28571428571315,0.0035999999999996035,32.142857142854595,0.3571428571428685,3428.0,2514.0,57.691013126893296,42.3089868731067,10081.7983,5619.4139000000005,125.92850360448556,7392.8971,2671.3417,56.577578227717076,57.69369977115596,42.306300228844044,1.3635640413683374,1.363714138534405,2688.9012000000002,15.387399542311908,7368248.0,21648751.1306224,-752.0,-0.01020491247116298,-71376.36937759817,-0.3286185561185042,0.952,-0.0015000000000000568,-0.15731515469324142,48.77,51.23,1.6016,0.00029999999999996696,0.01873477799287872,61.56,38.440000000000005,0.922,-0.0032999999999999696,-0.35664108937641514,47.97,52.03,0.6496,-0.029999999999999916,-0.6795999999999999,1782115200000,2026-06-22 08:00:00 UTC,0.00033152,2.94099967
FINAL_REAL_MARK_PREMIUM_CLOSED_GUARD_2026_06_13,1782117900000,2026-06-22 08:45:00 UTC,MUSDT,1782117900000,2026-06-22 08:45:00 UTC,1782118799999,2026-06-22 08:59:59 UTC,True,2.9409,2.9417,2.9337,2.9367,-0.0030000000000001137,-0.10205122971732195,57.0198070277405,2.9397,2.941051,2.93368376,2.9366435,-0.0030565000000000175,-0.1039731945436615,1782118799999,2026-06-22 08:59:59 UTC,5.649999999990385e-05,0.0019239652344557262,0.00098078,0.00194884,0.0,0.00069894,-0.00024819999999999996,-26.205207255527164,1782118799999,2026-06-22 08:59:59 UTC,261,-351.0,-57.35294117647059,4340.0,-1602.0,-26.960619320094242,12750.0171,-4724.678300000001,-27.03725696986971,binance_kline_quote_asset_volume,16.628352490421456,48.85064022988505,0.008000000000000007,0.2720255704036182,-0.0041999999999999815,-0.1428134244618988,0.0041999999999999815,0.1428134244618988,0.0007999999999999119,9.99999999999889,0.0030000000000001137,37.500000000001386,0.3750000000000139,1968.0,2372.0,45.34562211981567,54.654377880184335,5780.5841,-4301.2142,-42.663164566583326,6969.432999999999,-423.46410000000105,-5.727985852799183,45.33785370374131,54.66214629625868,0.8296795952782462,0.8294195668428122,-1188.848899999999,-9.324292592517379,7367075.0,21656990.3775,-1173.0,-0.01591965959886258,8239.246877599508,0.03805876296459892,0.9527,0.0007000000000000339,0.07352941176470945,48.79,51.21,1.6024,0.0008000000000001339,0.04995004995005832,61.57,38.43,0.9249,0.0029000000000000137,0.3145336225596544,48.05,51.949999999999996,0.6497,-0.027799999999999936,-0.6775,1782115200000,2026-06-22 08:00:00 UTC,0.00033152,2.94099967
FINAL_REAL_MARK_PREMIUM_CLOSED_GUARD_2026_06_13,1782118800000,2026-06-22 09:00:00 UTC,MUSDT,1782118800000,2026-06-22 09:00:00 UTC,1782119699999,2026-06-22 09:14:59 UTC,True,2.9367,2.9402,2.9242,2.9302,-0.00649999999999995,-0.2213368747233272,52.55693051089538,2.9366435,2.9380581,2.92088958,2.9302,-0.006443500000000046,-0.2194171679333922,1782119699999,2026-06-22 09:14:59 UTC,0.0,0.0,0.00080673,0.00248435,0.0,0.00143712,0.0007381800000000001,105.61421581251611,1782119699999,2026-06-22 09:14:59 UTC,336,75.0,28.735632183908045,3420.0,-920.0,-21.19815668202765,10026.1275,-2723.8895999999986,-21.363811347358887,binance_kline_quote_asset_volume,10.178571428571429,29.83966517857143,0.016000000000000014,0.5448292300881947,-0.00649999999999995,-0.2213368747233272,0.00649999999999995,0.2213368747233272,0.0034999999999998366,21.87499999999896,0.006000000000000227,37.500000000001386,0.3750000000000139,1381.0,2039.0,40.380116959064324,59.619883040935676,4047.4533,-1733.1308,-29.981932102674534,5978.6742,-990.7587999999987,-14.215773363485937,40.369058741772434,59.630941258227566,0.6772927905836195,0.6769817462205918,-1931.2209000000003,-19.261882516455135,7366529.0,21632869.5054115,-546.0,-0.00741135389554199,-24120.872088503093,-0.11137684261781305,0.9569,0.0041999999999999815,0.4408523144746491,48.9,51.1,1.6026,0.00019999999999997797,0.01248127808287431,61.58,38.42,0.9249,0.0,0.0,48.05,51.949999999999996,0.6457,-0.03199999999999992,-0.6777,1782115200000,2026-06-22 08:00:00 UTC,0.00033152,2.94099967
FINAL_REAL_MARK_PREMIUM_CLOSED_GUARD_2026_06_13,1782119700000,2026-06-22 09:15:00 UTC,MUSDT,1782119700000,2026-06-22 09:15:00 UTC,1782120599999,2026-06-22 09:29:59 UTC,True,2.9305,2.9305,2.9199,2.9199,-0.010299999999999976,-0.35151184219507114,46.364221785598254,2.9302,2.93045741,2.91855682,2.9199,-0.010299999999999976,-0.35151184219507114,1782120599999,2026-06-22 09:29:59 UTC,0.0,0.0,0.00143997,0.00195864,0.0,0.00017239,-0.0012647300000000002,-88.00448118459141,1782120599999,2026-06-22 09:29:59 UTC,263,-73.0,-21.726190476190478,3219.0,-201.0,-5.87719298245614,9416.0323,-610.0951999999997,-6.085053277050384,binance_kline_quote_asset_volume,12.239543726235741,35.802404182509505,0.01059999999999972,0.36171301825626073,-0.01059999999999972,-0.36171301825626073,0.01059999999999972,0.36171301825626073,0.0,0.0,0.0,0.0,0.0,985.0,2234.0,30.599565082323704,69.40043491767631,2878.697,-1168.7563,-28.8763381161186,6537.335300000001,558.6611000000003,9.344230531912915,30.572293172783617,69.42770682721638,0.44091316025067145,0.4403471549027017,-3658.6383000000005,-38.85541365443277,7366556.0,21585482.3912,27.0,0.00036652268660043285,-47387.11421149969,-0.21905144946048755,0.9554,-0.0014999999999999458,-0.1567561918695732,48.86,51.13999999999999,1.6027,9.999999999998899e-05,0.006239860227130226,61.58,38.42,0.9242,-0.0007000000000000339,-0.07568385771435115,48.03,51.970000000000006,0.6473,-0.031200000000000006,-0.6785,1782115200000,2026-06-22 08:00:00 UTC,0.00033152,2.94099967
FINAL_REAL_MARK_PREMIUM_CLOSED_GUARD_2026_06_13,1782120600000,2026-06-22 09:30:00 UTC,MUSDT,1782120600000,2026-06-22 09:30:00 UTC,1782121499999,2026-06-22 09:44:59 UTC,True,2.9201,2.9218,2.9142,2.9199,0.0,0.0,46.364221785598254,2.9199,2.92175743,2.9151,2.919841,-5.9000000000253294e-05,-0.0020206171444314288,1782121499999,2026-06-22 09:44:59 UTC,5.9000000000253294e-05,0.0020206579741928856,0.00017029,0.00295659,0.00015258,0.00094733,0.00077494,449.5272347583967,1782121499999,2026-06-22 09:44:59 UTC,237,-26.0,-9.885931558935361,2443.0,-776.0,-24.10686548617583,7130.8967,-2285.1356000000005,-24.268561610605353,binance_kline_quote_asset_volume,10.308016877637131,30.088171729957807,0.007600000000000051,0.26026505941577516,-0.00019999999999997797,-0.006849080510940651,0.00019999999999997797,0.006849080510940651,0.0017000000000000348,22.368421052631888,0.005700000000000038,75.0,0.75,1651.0,792.0,67.58084322554237,32.41915677445763,4820.2363,1941.5392999999995,67.44507323973309,2310.6604000000007,-4226.6749,-64.65439978273716,67.59649596382457,32.40350403617543,2.08459595959596,2.0860859951553237,2509.575899999999,35.19299192764914,7366992.0,21510879.9408,436.0,0.005918640949719244,-74602.45039999858,-0.34561400596918146,0.9554,0.0,0.0,48.86,51.13999999999999,1.6024,-0.00029999999999996696,-0.018718412678602792,61.57,38.43,0.9238,-0.00040000000000006697,-0.04328067517854003,48.02,51.980000000000004,0.647,-0.03160000000000007,-0.6786000000000001,1782115200000,2026-06-22 08:00:00 UTC,0.00033152,2.94099967
FINAL_REAL_MARK_PREMIUM_CLOSED_GUARD_2026_06_13,1782121500000,2026-06-22 09:45:00 UTC,MUSDT,1782121500000,2026-06-22 09:45:00 UTC,1782122399999,2026-06-22 09:59:59 UTC,True,2.9199,2.9251,2.9173,2.9189,-0.001000000000000334,-0.03424774821056659,45.75714762751352,2.919841,2.92507926,2.91726233,2.9189,-0.0009410000000000807,-0.0322277822662289,1782122399999,2026-06-22 09:59:59 UTC,0.0,0.0,0.00095184,0.00260546,0.0,0.0,-0.00094733,-100.0,1782122399999,2026-06-22 09:59:59 UTC,298,61.0,25.738396624472575,3533.0,1090.0,44.61727384363488,10320.0992,3189.2025000000003,44.72372317495498,binance_kline_quote_asset_volume,11.855704697986576,34.63120536912752,0.007800000000000029,0.26713243604233117,-0.001000000000000334,-0.03424774821056659,0.001000000000000334,0.03424774821056659,0.005199999999999871,66.66666666666477,0.0015999999999998238,20.512820512818177,0.20512820512818178,2328.0,1205.0,65.89300877441268,34.10699122558732,6800.8414,1980.6051000000007,41.08937771370256,3519.2578000000003,1208.5973999999997,52.30528034322999,65.8989925213122,34.1010074786878,1.9319502074688797,1.932464680478935,3281.5836,31.797985042624394,7366804.0,21509896.358164,-188.0,-0.0025519234987631317,-983.5826359987259,-0.004572489078576235,0.9581,0.0026999999999999247,0.2826041448607834,48.93,51.07000000000001,1.6024,0.0,0.0,61.57,38.43,0.9249,0.001100000000000101,0.11907339250921206,48.05,51.949999999999996,0.6443000000000001,-0.033199999999999896,-0.6775,1782115200000,2026-06-22 08:00:00 UTC,0.00033152,2.94099967
FINAL_REAL_MARK_PREMIUM_CLOSED_GUARD_2026_06_13,1782122400000,2026-06-22 10:00:00 UTC,MUSDT,1782122400000,2026-06-22 10:00:00 UTC,1782123299999,2026-06-22 10:14:59 UTC,True,2.9189,2.9202,2.9059,2.91,-0.008899999999999686,-0.30490938367192044,40.65505838536123,2.9189,2.9189,2.9058685,2.91,-0.008899999999999686,-0.30490938367192044,1782123299999,2026-06-22 10:14:59 UTC,0.0,0.0,0.0,0.002236,-0.00029929,0.00147222,0.00147222,,1782123299999,2026-06-22 10:14:59 UTC,310,12.0,4.026845637583892,5764.0,2231.0,63.14746674214548,16786.9793,6466.8800999999985,62.66296451879065,binance_kline_quote_asset_volume,18.593548387096774,54.151546129032255,0.01429999999999998,0.4899105827537764,-0.008899999999999686,-0.30490938367192044,0.008899999999999686,0.30490938367192044,0.0013000000000000789,9.090909090909657,0.004100000000000215,28.671328671330215,0.28671328671330215,2971.0,2793.0,51.544066620402496,48.455933379597504,8652.409,1851.5675999999994,27.225566530635447,8134.570299999999,4615.312499999999,131.14448449897586,51.54238201747232,48.45761798252769,1.0637307554600788,1.0636590109744335,517.8387000000002,3.084764034944633,7366971.0,21503451.6519,167.0,0.002266926064545765,-6444.706264000386,-0.029961586781678387,0.9612,0.0031000000000001027,0.32355703997496116,49.01,50.99,1.602,-0.00039999999999995595,-0.02496255616574862,61.57,38.43,0.9264,0.0014999999999999458,0.16217969510216734,48.089999999999996,51.910000000000004,0.6408,-0.03480000000000005,-0.6756000000000001,1782115200000,2026-06-22 08:00:00 UTC,0.00033152,2.94099967
FINAL_REAL_MARK_PREMIUM_CLOSED_GUARD_2026_06_13,1782123300000,2026-06-22 10:15:00 UTC,MUSDT,1782123300000,2026-06-22 10:15:00 UTC,1782124199999,2026-06-22 10:29:59 UTC,True,2.9116,2.9247,2.9067,2.9247,0.014699999999999935,0.5051546391752555,50.477202233742666,2.91,2.9247,2.90648247,2.9247,0.014699999999999935,0.5051546391752555,1782124199999,2026-06-22 10:29:59 UTC,0.0,0.0,0.00167298,0.00393366,0.0,0.00334179,0.0018695699999999999,126.98985206015405,1782124199999,2026-06-22 10:29:59 UTC,229,-81.0,-26.129032258064516,3696.0,-2068.0,-35.87786259541985,10758.4782,-6028.5010999999995,-35.911768235754,binance_kline_quote_asset_volume,16.139737991266376,46.980254148471616,0.018000000000000238,0.6182167880203406,0.013100000000000112,0.44992444017035693,0.013100000000000112,0.44992444017035693,0.0,0.0,0.0049000000000001265,27.222222222222562,1.0,2983.0,713.0,80.70887445887446,19.291125541125542,8682.4758,30.066800000000512,0.34749628687225154,2076.0023999999994,-6058.5679,-74.479261676551,80.70356827975912,19.296431720240875,4.183730715287518,4.182305280571931,6606.473400000001,61.40713655951825,7366779.0,21437326.89,-192.0,-0.002606227172605946,-66124.76190000027,-0.30750766421332937,0.9569,-0.0043000000000000815,-0.4473574698293884,48.9,51.1,1.6016,-0.000400000000000178,-0.02496878901374394,61.56,38.440000000000005,0.9234,-0.0030000000000000027,-0.32383419689119197,48.010000000000005,51.99,0.6446999999999999,-0.033499999999999974,-0.6781999999999999,1782115200000,2026-06-22 08:00:00 UTC,0.00033152,2.94099967
FINAL_REAL_MARK_PREMIUM_CLOSED_GUARD_2026_06_13,1782124200000,2026-06-22 10:30:00 UTC,MUSDT,1782124200000,2026-06-22 10:30:00 UTC,1782125099999,2026-06-22 10:44:59 UTC,True,2.9243,2.927,2.9154,2.9168,-0.00790000000000024,-0.2701131740007604,46.06469692065973,2.9247,2.92642227,2.9154,2.91679127,-0.00790873000000003,-0.2704116661537946,1782125099999,2026-06-22 10:44:59 UTC,8.729999999790294e-06,0.0002993014992049909,0.00332212,0.00333858,0.00041783,0.00082761,-0.00251418,-75.2345299973966,1782125099999,2026-06-22 10:44:59 UTC,163,-66.0,-28.82096069868996,1195.0,-2501.0,-67.66774891774891,3490.5358,-7267.9424,-67.55548754097954,binance_kline_quote_asset_volume,7.331288343558282,21.414330061349695,0.011600000000000055,0.39667612762028703,-0.007500000000000284,-0.25647163423726305,0.007500000000000284,0.25647163423726305,0.0026999999999999247,23.27586206896476,0.0013999999999998458,12.068965517239993,0.12068965517239993,736.0,459.0,61.58995815899581,38.41004184100419,2149.8543,-6532.6215,-75.23915586381479,1340.6815000000001,-735.3208999999993,-35.42004094022239,61.590954030610426,38.409045969389574,1.6034858387799564,1.6035533420875874,809.1727999999998,23.181908061220856,7367561.0,21547905.6567,782.0,0.010615222745245921,110578.76669999957,0.515823485210658,0.9543,-0.0025999999999999357,-0.27171073257392997,48.83,51.17,1.6008,-0.0007999999999999119,-0.049950049950044456,61.550000000000004,38.45,0.9231,-0.00029999999999996696,-0.03248862897985347,48.0,52.0,0.6465,-0.031200000000000006,-0.6777,1782115200000,2026-06-22 08:00:00 UTC,0.00033152,2.94099967
FINAL_REAL_MARK_PREMIUM_CLOSED_GUARD_2026_06_13,1782125100000,2026-06-22 10:45:00 UTC,MUSDT,1782125100000,2026-06-22 10:45:00 UTC,1782125999999,2026-06-22 10:59:59 UTC,True,2.9167,2.92,2.9093,2.9185,0.0017000000000000348,0.058283049917719244,47.135623248964215,2.91677067,2.91911083,2.9073121,2.91816098,0.0013697100000000795,0.04695947955165402,1782125999999,2026-06-22 10:59:59 UTC,0.00033901999999974564,0.011617590747161097,0.00083752,0.00355773,0.0,0.00203281,0.0012052,145.62414663911747,1782125999999,2026-06-22 10:59:59 UTC,233,70.0,42.944785276073624,6806.0,5611.0,469.5397489539749,19823.689,16333.153199999999,467.92682086228706,binance_kline_quote_asset_volume,29.21030042918455,85.08021030042917,0.010699999999999932,0.36685295025199477,0.0017999999999998018,0.06171358041621701,0.0017999999999998018,0.06171358041621701,0.0015000000000000568,14.018691588785668,0.007400000000000073,69.15887850467402,0.8598130841121433,4770.0,2036.0,70.0852189244784,29.914781075521596,13887.7407,11737.8864,545.9852046717771,5935.948299999998,4595.266799999998,342.75603862662365,70.05628821154328,29.943711788456724,2.3428290766208253,2.3395993357961027,7951.792400000002,40.11257642308655,7367693.0,21489870.84796431,132.0,0.0017916376939396904,-58034.80873569101,-0.2693292316213848,0.9554,0.0010999999999999899,0.11526773551294035,48.86,51.13999999999999,1.6008,0.0,0.0,61.550000000000004,38.45,0.9249,0.0018000000000000238,0.19499512512187453,48.05,51.949999999999996,0.6454,-0.03049999999999997,-0.6759,1782115200000,2026-06-22 08:00:00 UTC,0.00033152,2.94099967
FINAL_REAL_MARK_PREMIUM_CLOSED_GUARD_2026_06_13,1782126000000,2026-06-22 11:00:00 UTC,MUSDT,1782126000000,2026-06-22 11:00:00 UTC,1782126899999,2026-06-22 11:14:59 UTC,True,2.9183,2.9219,2.9066,2.9104,-0.008099999999999774,-0.2775398321055259,42.777289211645524,2.91816098,2.92140713,2.90396795,2.90949357,-0.008667410000000153,-0.2970161707802752,1782126899999,2026-06-22 11:14:59 UTC,0.0009064300000001246,0.03115421904851038,0.00193089,0.00267988,-0.00013155,0.00217816,0.00014535000000000025,7.15020095336014,1782126899999,2026-06-22 11:14:59 UTC,559,326.0,139.91416309012877,5866.0,-940.0,-13.811342932706436,17111.8013,-2711.8876999999993,-13.680035537280672,binance_kline_quote_asset_volume,10.493738819320214,30.611451341681573,0.01529999999999987,0.5242778329849526,-0.007899999999999796,-0.2707055477503956,0.007899999999999796,0.2707055477503956,0.0036000000000000476,23.529411764706396,0.0038000000000000256,24.83660130718992,0.2483660130718992,2863.0,3003.0,48.80668257756563,51.19331742243437,8353.0101,-5534.730600000001,-39.853354980914936,8758.7912,2822.8429000000015,47.55504524862527,48.814323831588666,51.185676168411334,0.9533799533799534,0.9536715637198886,-405.78110000000015,-2.371352336822659,7370698.0,21508883.29896404,3005.0,0.04078617282234751,19012.450999729335,0.08847168572690768,0.9554,0.0,0.0,48.86,51.13999999999999,1.5993,-0.0015000000000000568,-0.09370314842579067,61.529999999999994,38.47,0.9246,-0.000300000000000078,-0.03243593902044307,48.04,51.959999999999994,0.6438999999999999,-0.03080000000000005,-0.6747,1782115200000,2026-06-22 08:00:00 UTC,0.00033152,2.94099967
FINAL_REAL_MARK_PREMIUM_CLOSED_GUARD_2026_06_13,1782126900000,2026-06-22 11:15:00 UTC,MUSDT,1782126900000,2026-06-22 11:15:00 UTC,1782127799999,2026-06-22 11:29:59 UTC,True,2.9118,2.9254,2.9063,2.9211,0.010699999999999932,0.36764705882352705,49.42930976692627,2.90949357,2.9254,2.9063,2.92034379,0.010850220000000022,0.3729246942449858,1782127799999,2026-06-22 11:29:59 UTC,0.0007562100000000349,0.02589455401071238,0.00217816,0.00386301,0.0,0.00077318,-0.0014049800000000001,-64.50306680868256,1782127799999,2026-06-22 11:29:59 UTC,368,-191.0,-34.16815742397138,10563.0,4697.0,80.07159904534606,30791.5596,13679.758300000001,79.94341484084438,binance_kline_quote_asset_volume,28.703804347826086,83.67271630434783,0.019099999999999895,0.6559516450305617,0.009300000000000086,0.31939006799917874,0.009300000000000086,0.31939006799917874,0.0042999999999997485,22.51308900523441,0.00550000000000006,28.79581151832508,0.7748691099476559,6876.0,3687.0,65.0951434251633,34.90485657483669,20042.0012,11688.9911,139.9374711638383,10749.558400000002,1990.767200000002,22.72878933339571,65.08926946331097,34.91073053668903,1.8649308380797396,1.8644487944732684,9292.442799999997,30.178538926621947,7370692.0,21450356.6472468,-6.0,-8.140341660993301e-05,-58526.65171723813,-0.27210455746931794,0.9535,-0.0019000000000000128,-0.19886958342055816,48.809999999999995,51.190000000000005,1.599,-0.00029999999999996696,-0.01875820671543594,61.519999999999996,38.48,0.9246,0.0,0.0,48.04,51.959999999999994,0.6455,-0.028900000000000037,-0.6744,1782115200000,2026-06-22 08:00:00 UTC,0.00033152,2.94099967
FINAL_REAL_MARK_PREMIUM_CLOSED_GUARD_2026_06_13,1782127800000,2026-06-22 11:30:00 UTC,MUSDT,1782127800000,2026-06-22 11:30:00 UTC,1782128699999,2026-06-22 11:44:59 UTC,True,2.9202,2.9225,2.908,2.9151,-0.006000000000000227,-0.20540207456096085,46.186982136173846,2.92034379,2.9214,2.90701925,2.9151,-0.0052437900000001925,-0.17956070850138478,1782128699999,2026-06-22 11:44:59 UTC,0.0,0.0,0.00065276,0.00247753,0.0,0.00212997,0.00135679,175.48177655914535,1782128699999,2026-06-22 11:44:59 UTC,246,-122.0,-33.15217391304348,4054.0,-6509.0,-61.62075168039382,11803.5824,-18987.9772,-61.6661755580578,binance_kline_quote_asset_volume,16.479674796747968,47.98204227642276,0.014499999999999957,0.4965413327854242,-0.0051000000000001044,-0.17464557222108432,0.0051000000000001044,0.17464557222108432,0.0022999999999999687,15.862068965517073,0.007099999999999884,48.965517241378656,0.48965517241378653,2705.0,1349.0,66.72422298963986,33.27577701036014,7873.735,-12168.266199999998,-60.713828317703125,3929.8473999999997,-6819.711000000002,-63.44177822225703,66.70631621125465,33.293683788745355,2.005189028910304,2.0035727087011064,3943.8876,33.41263242250929,7368247.0,21517814.36963613,-2445.0,-0.03317191927162334,67457.72238932922,0.31448298738654107,0.9467,-0.006800000000000028,-0.713162034609337,48.63,51.370000000000005,1.5976,-0.0014000000000000679,-0.08755472170106741,61.5,38.5,0.9164,-0.008199999999999985,-0.8868699978369008,47.82,52.18000000000001,0.6508999999999999,-0.030299999999999994,-0.6811999999999999,1782115200000,2026-06-22 08:00:00 UTC,0.00033152,2.94099967
FINAL_REAL_MARK_PREMIUM_CLOSED_GUARD_2026_06_13,1782128700000,2026-06-22 11:45:00 UTC,MUSDT,1782128700000,2026-06-22 11:45:00 UTC,1782129599999,2026-06-22 11:59:59 UTC,True,2.9151,2.9196,2.9114,2.916,0.0009000000000001229,0.030873726458787793,46.75121450942004,2.9151,2.91903967,2.91000372,2.91389923,-0.001200769999999629,-0.04119138279989122,1782129599999,2026-06-22 11:59:59 UTC,0.002100769999999752,0.07209480610624108,0.00210698,0.00223722,0.0,0.00173629,-0.0003936800000000002,-18.48288943036757,1782129599999,2026-06-22 11:59:59 UTC,350,104.0,42.27642276422765,4484.0,430.0,10.606808090774544,13078.0541,1274.4717,10.797329631044894,binance_kline_quote_asset_volume,12.811428571428571,37.36586885714286,0.008199999999999985,0.2812939521800277,0.0009000000000001229,0.030873726458787793,0.0009000000000001229,0.030873726458787793,0.0036000000000000476,43.9024390243909,0.0036999999999998145,45.12195121951002,0.560975609756091,2528.0,1956.0,56.378233719892954,43.621766280107046,7373.7371,-499.9978999999994,-6.35019974637195,5704.316999999999,1774.4695999999994,45.153651513287755,56.38252482836877,43.61747517163123,1.2924335378323109,1.2926590685615826,1669.4201000000012,12.76504965673755,7369358.0,21482415.5058,1111.0,0.015078213311795874,-35398.863836128265,-0.16450956973622627,0.9459,-0.0008000000000000229,-0.08450406675821516,48.61,51.39,1.5968,-0.0007999999999999119,-0.050075112668997994,61.49,38.51,0.9153,-0.0010999999999999899,-0.12003491924923505,47.79,52.21,0.6509,-0.03059999999999996,-0.6815,1782115200000,2026-06-22 08:00:00 UTC,0.00033152,2.94099967
FINAL_REAL_MARK_PREMIUM_CLOSED_GUARD_2026_06_13,1782129600000,2026-06-22 12:00:00 UTC,MUSDT,1782129600000,2026-06-22 12:00:00 UTC,1782130499999,2026-06-22 12:14:59 UTC,True,2.9152,2.9178,2.9042,2.9074,-0.008599999999999941,-0.2949245541838114,42.19814162115745,2.91459923,2.9169457,2.90270947,2.906824,-0.007075230000000321,-0.24280970073218078,1782130499999,2026-06-22 12:14:59 UTC,0.000576000000000132,0.019815441182546037,0.00154332,0.00241955,0.0,0.0012189,-0.00051739,-29.798593552920305,1782130499999,2026-06-22 12:14:59 UTC,298,-52.0,-14.857142857142858,4923.0,439.0,9.79036574487065,14332.4981,1254.4440000000013,9.591977448694003,binance_kline_quote_asset_volume,16.52013422818792,48.095631208053696,0.013600000000000279,0.466520307354565,-0.007800000000000029,-0.26756311745334893,0.007800000000000029,0.26756311745334893,0.0026000000000001577,19.117647058824296,0.0032000000000000917,23.529411764706072,0.23529411764706074,3293.0,1630.0,66.89010765793215,33.109892342067845,9588.1513,2214.4141999999993,30.03109779978458,4744.346800000001,-959.9701999999979,-16.82883682656483,66.89797712235523,33.10202287764476,2.0202453987730062,2.020963412708362,4843.804499999998,33.79595424471047,7368327.0,21470562.37168821,-1031.0,-0.013990363882444035,-11853.13411179185,-0.05517598385801467,0.9384,-0.007499999999999951,-0.7928956549318059,48.41,51.59,1.5967,-9.999999999998899e-05,-0.00626252505009951,61.49,38.51,0.9106,-0.0047000000000000375,-0.5134928438763289,47.660000000000004,52.339999999999996,0.6583,-0.027800000000000047,-0.6861,1782129600000,2026-06-22 12:00:00 UTC,0.00028509,2.91459923
FINAL_REAL_MARK_PREMIUM_CLOSED_GUARD_2026_06_13,1782130500000,2026-06-22 12:15:00 UTC,MUSDT,1782130500000,2026-06-22 12:15:00 UTC,1782131399999,2026-06-22 12:29:59 UTC,True,2.9071,2.9243,2.8947,2.9205,0.013100000000000112,0.4505743963678927,50.160518794820945,2.906824,2.92051562,2.89708227,2.9205,0.013676000000000244,0.4704791208549346,1782131399999,2026-06-22 12:29:59 UTC,0.0,0.0,0.00127678,0.00321075,0.0,0.00198344,0.00076454,62.723767331200264,1782131399999,2026-06-22 12:29:59 UTC,503,205.0,68.79194630872483,9551.0,4628.0,94.00771887060735,27765.8354,13433.3373,93.726419541615,binance_kline_quote_asset_volume,18.98807157057654,55.20046799204771,0.029600000000000293,1.0181968284544838,0.0134000000000003,0.4609404561246707,0.0134000000000003,0.4609404561246707,0.0038000000000000256,12.837837837837798,0.012399999999999967,41.89189189189136,0.871621621621622,4959.0,4592.0,51.92126478902732,48.078735210972674,14416.4843,4828.3330000000005,50.35728837528879,13349.3511,8605.004299999999,181.3738468697102,51.921665933379415,48.07833406662059,1.0799216027874565,1.0799389567332602,1067.1332000000002,3.843331866758816,7367083.0,21414813.674392,-1244.0,-0.016883072643220094,-55748.69729620963,-0.2596517796372288,0.9395,0.0010999999999999899,0.1172208013640228,48.44,51.559999999999995,1.5961,-0.0005999999999999339,-0.03757750360117329,61.480000000000004,38.519999999999996,0.9135,0.0029000000000000137,0.3184713375796194,47.74,52.26,0.6566000000000001,-0.026000000000000023,-0.6826000000000001,1782129600000,2026-06-22 12:00:00 UTC,0.00028509,2.91459923
FINAL_REAL_MARK_PREMIUM_CLOSED_GUARD_2026_06_13,1782131400000,2026-06-22 12:30:00 UTC,MUSDT,1782131400000,2026-06-22 12:30:00 UTC,1782132299999,2026-06-22 12:44:59 UTC,True,2.9205,2.95,2.916,2.9369,0.01639999999999997,0.561547680191747,57.966897666682776,2.9205,2.94952032,2.9159408,2.93600403,0.01550402999999978,0.5308690292758014,1782132299999,2026-06-22 12:44:59 UTC,0.0008959700000001902,0.030516647485670866,0.00159486,0.00608828,0.0,0.00086021,-0.0011232299999999998,-56.630399709595444,1782132299999,2026-06-22 12:44:59 UTC,535,32.0,6.36182902584493,8234.0,-1317.0,-13.789132028059889,24149.1838,-3616.651600000001,-13.025545775582897,binance_kline_quote_asset_volume,15.390654205607477,45.138661308411216,0.03400000000000025,1.1641842150316812,0.01639999999999997,0.561547680191747,0.01639999999999997,0.561547680191747,0.013100000000000112,38.52941176470593,0.0045000000000001705,13.235294117647461,0.6147058823529408,3952.0,4282.0,47.99611367500607,52.00388632499393,11587.9185,-2828.5658000000003,-19.62035778723111,12561.2653,-788.0858000000007,-5.903551371871557,47.98472112336981,52.01527887663019,0.9229332087809435,0.9225120418402436,-973.3467999999993,-4.030557753260379,7367766.0,21517560.603,683.0,0.00927096925608141,102746.92860800028,0.4797937080856597,0.9467,0.007199999999999984,0.7663650878126647,48.63,51.370000000000005,1.5959,-0.00019999999999997797,-0.0125305431990463,61.480000000000004,38.519999999999996,0.9175,0.0040000000000000036,0.43787629994526583,47.85,52.15,0.6492000000000001,-0.029200000000000004,-0.6784000000000001,1782129600000,2026-06-22 12:00:00 UTC,0.00028509,2.91459923
FINAL_REAL_MARK_PREMIUM_CLOSED_GUARD_2026_06_13,1782132300000,2026-06-22 12:45:00 UTC,MUSDT,1782132300000,2026-06-22 12:45:00 UTC,1782133199999,2026-06-22 12:59:59 UTC,True,2.9362,2.9366,2.9223,2.9243,-0.012599999999999945,-0.42902380060607936,51.31654194693875,2.93600403,2.9362,2.92117035,2.9242124,-0.01179162999999983,-0.4016217239320285,1782133199999,2026-06-22 12:59:59 UTC,8.76000000000765e-05,0.002995678426097793,0.00086021,0.0010832,0.0,0.00081169,-4.852000000000003e-05,-5.640483137838438,1782133199999,2026-06-22 12:59:59 UTC,223,-312.0,-58.3177570093458,2595.0,-5639.0,-68.48433325236823,7599.1069,-16550.0769,-68.53265533553974,binance_kline_quote_asset_volume,11.63677130044843,34.07671255605381,0.01429999999999998,0.487024044683604,-0.0118999999999998,-0.40528574347795787,0.0118999999999998,0.40528574347795787,0.00039999999999995595,2.7972027972024933,0.002000000000000224,13.986013986015571,0.13986013986015572,1214.0,1381.0,46.78227360308285,53.21772639691715,3554.3719,-8033.5466,-69.32691665030264,4044.7349999999997,-8516.530299999999,-67.7999397083031,46.77354782310011,53.22645217689988,0.8790731354091238,0.8787650859697855,-490.3630999999996,-6.452904353799781,7365229.0,21624342.02587287,-2537.0,-0.03443377544835165,106781.42287287116,0.496252455577997,0.947,0.00029999999999996696,0.03168902503432629,48.64,51.35999999999999,1.5955,-0.000400000000000178,-0.025064227081908513,61.47,38.53,0.9161,-0.0013999999999999568,-0.1525885558583059,47.81,52.190000000000005,0.6485,-0.030899999999999928,-0.6793999999999999,1782129600000,2026-06-22 12:00:00 UTC,0.00028509,2.91459923
FINAL_REAL_MARK_PREMIUM_CLOSED_GUARD_2026_06_13,1782133200000,2026-06-22 13:00:00 UTC,MUSDT,1782133200000,2026-06-22 13:00:00 UTC,1782134099999,2026-06-22 13:14:59 UTC,True,2.9244,2.9394,2.9228,2.9363,0.01200000000000001,0.4103546147796057,56.441951946384904,2.9242124,2.9389,2.9228,2.9363,0.012087600000000087,0.4133625861103689,1782134099999,2026-06-22 13:14:59 UTC,0.0,0.0,0.00085974,0.00273395,0.00010826,0.00129725,0.00048556,59.820867572595446,1782134099999,2026-06-22 13:14:59 UTC,200,-23.0,-10.31390134529148,2642.0,47.0,1.8111753371868977,7746.2192,147.11229999999978,1.9359156534565893,binance_kline_quote_asset_volume,13.21,38.731096,0.016599999999999948,0.5676378060456828,0.011900000000000244,0.4069210778279389,0.011900000000000244,0.4069210778279389,0.0030999999999998806,18.67469879518006,0.0015999999999998238,9.638554216866439,0.8132530120481993,1404.0,1238.0,53.14155942467828,46.85844057532172,4118.881,564.5091000000002,15.882105640099176,3627.3381999999992,-417.39680000000044,-10.319509189106343,53.17279170204737,46.82720829795263,1.134087237479806,1.135510606648148,491.5428000000011,6.34558340409475,7364817.0,21536289.1951308,-412.0,-0.00559385186801388,-88052.83074207231,-0.4071931096757523,0.9547,0.00770000000000004,0.8130939809926124,48.84,51.160000000000004,1.5957,0.00019999999999997797,0.012535255405827513,61.47,38.53,0.9198,0.0036999999999999256,0.4038860386420615,47.910000000000004,52.09,0.6409999999999999,-0.03490000000000004,-0.6759,1782129600000,2026-06-22 12:00:00 UTC,0.00028509,2.91459923
FINAL_REAL_MARK_PREMIUM_CLOSED_GUARD_2026_06_13,1782134100000,2026-06-22 13:15:00 UTC,MUSDT,1782134100000,2026-06-22 13:15:00 UTC,1782134999999,2026-06-22 13:29:59 UTC,True,2.9368,2.9498,2.9247,2.9329,-0.0034000000000000696,-0.1157919831079954,54.68524346916871,2.9363,2.9448,2.92260754,2.93174654,-0.004553460000000342,-0.15507475394204753,1782134999999,2026-06-22 13:29:59 UTC,0.0011534600000002726,0.039343783108899744,0.0013293,0.00277319,0.0,0.00118567,-0.00011158000000000001,-8.601271921372135,1782134999999,2026-06-22 13:29:59 UTC,365,165.0,82.5,4816.0,2174.0,82.28614685844057,14138.726,6392.506800000001,82.52421774999604,binance_kline_quote_asset_volume,13.194520547945206,38.73623561643836,0.025100000000000122,0.8546717515663349,-0.0038999999999997925,-0.13279760283300845,0.0038999999999997925,0.13279760283300845,0.013000000000000345,51.79282868526008,0.008199999999999985,32.669322709163126,0.3266932270916313,2772.0,2044.0,57.55813953488372,42.44186046511628,8134.5501,4015.6691,97.49417620950932,6004.1759,2376.837700000001,65.52567113813654,57.53382659795515,42.46617340204485,1.356164383561644,1.354815421047208,2130.3742,15.067653195910296,7364054.0,21623071.7602,-763.0,-0.010360067330933002,86782.56506920233,0.40295969413720195,0.9524,-0.0022999999999999687,-0.24091337592960813,48.78,51.22,1.5953,-0.00039999999999995595,-0.025067368552983388,61.47,38.53,0.9212,0.0014000000000000679,0.1522070015220774,47.949999999999996,52.05,0.6428999999999999,-0.031200000000000006,-0.6740999999999999,1782129600000,2026-06-22 12:00:00 UTC,0.00028509,2.91459923
FINAL_REAL_MARK_PREMIUM_CLOSED_GUARD_2026_06_13,1782135000000,2026-06-22 13:30:00 UTC,MUSDT,1782135000000,2026-06-22 13:30:00 UTC,1782135899999,2026-06-22 13:44:59 UTC,True,2.9317,2.959,2.9286,2.959,0.026100000000000012,0.8899041903917628,63.9587467541455,2.93185654,2.9555,2.9286,2.95365597,0.021909430000000008,0.7473166490033619,1782135899999,2026-06-22 13:44:59 UTC,0.005344030000000277,0.180929331454952,0.00086386,0.00281126,0.0,0.00055769,-0.00062798,-52.96414685367766,1782135899999,2026-06-22 13:44:59 UTC,824,459.0,125.75342465753425,18345.0,13529.0,280.9177740863787,53995.8409,39857.1149,281.90032751182815,binance_kline_quote_asset_volume,22.263349514563107,65.52893313106796,0.030400000000000205,1.036941023979268,0.02729999999999988,0.931200327455056,0.02729999999999988,0.931200327455056,0.0,0.0,0.0031000000000003247,10.19736842105363,1.0,7985.0,10360.0,43.52684655219406,56.47315344780595,23511.4551,15376.904999999999,189.03202772086928,30484.385800000004,24480.2099,407.71973219505446,43.543085371229026,56.456914628770974,0.7707528957528957,0.7712622210679408,-6972.930700000004,-12.913829257541954,7364961.0,21592198.92898494,907.0,0.012316585402551367,-30872.831215061247,-0.14277726845399735,0.9505,-0.0019000000000000128,-0.19949601007979975,48.730000000000004,51.27,1.5953,0.0,0.0,61.47,38.53,0.9179,-0.0032999999999999696,-0.3582283977420722,47.86,52.14,0.6447999999999999,-0.03259999999999996,-0.6773999999999999,1782129600000,2026-06-22 12:00:00 UTC,0.00028509,2.91459923
FINAL_REAL_MARK_PREMIUM_CLOSED_GUARD_2026_06_13,1782135900000,2026-06-22 13:45:00 UTC,MUSDT,1782135900000,2026-06-22 13:45:00 UTC,1782136799999,2026-06-22 13:59:59 UTC,True,2.959,3.0102,2.9418,2.9792,0.020199999999999996,0.6826630618452179,69.21047983977724,2.95326137,3.0065,2.95326137,2.9792,0.025544030000000273,0.8648275310140563,1782136799999,2026-06-22 13:59:59 UTC,0.0,0.0,0.00172773,0.00360457,-0.00133647,0.0,-0.00055769,-100.0,1782136799999,2026-06-22 13:59:59 UTC,3918,3094.0,375.4854368932039,88183.0,69838.0,380.69228672662854,262903.25,208907.4091,386.89537123219424,binance_kline_quote_asset_volume,22.50714650331802,67.1013910158244,0.06840000000000002,2.3115917539709367,0.020199999999999996,0.6826630618452179,0.020199999999999996,0.6826630618452179,0.03100000000000014,45.32163742690077,0.017199999999999882,25.146198830409176,0.5467836257309923,39875.0,48308.0,45.21846614426817,54.78153385573184,119072.7667,95561.31159999999,406.4457567324278,143830.48330000002,113346.09750000002,371.8168974885497,45.29147764434254,54.708522355657465,0.8254326405564296,0.8278687797470536,-24757.71660000003,-9.417044711314915,7359295.0,21736825.61174115,-5666.0,-0.07693183982915863,144626.6827562116,0.6698098847267826,0.9489,-0.0016000000000000458,-0.16833245660179336,48.69,51.31,1.5945,-0.0007999999999999119,-0.05014730771641145,61.46,38.54,0.9172,-0.0007000000000000339,-0.07626103061336027,47.839999999999996,52.16,0.6456000000000001,-0.03169999999999995,-0.6773,1782129600000,2026-06-22 12:00:00 UTC,0.00028509,2.91459923
FINAL_REAL_MARK_PREMIUM_CLOSED_GUARD_2026_06_13,1782136800000,2026-06-22 14:00:00 UTC,MUSDT,1782136800000,2026-06-22 14:00:00 UTC,1782137699999,2026-06-22 14:14:59 UTC,True,2.9785,3.0015,2.9696,2.9936,0.014399999999999746,0.483351235230926,72.3082485721398,2.9792,3.0015,2.9696,2.9951,0.015899999999999803,0.5337003222341502,1782137699999,2026-06-22 14:14:59 UTC,-0.0015000000000000568,-0.05008180027378241,0.0,0.00349908,-0.00087505,1.963e-05,1.963e-05,,1782137699999,2026-06-22 14:14:59 UTC,940,-2978.0,-76.00816743236345,15883.0,-72300.0,-81.9885919054693,47401.3694,-215501.8806,-81.97003293036506,binance_kline_quote_asset_volume,16.896808510638298,50.42698872340426,0.03190000000000026,1.0710088970958624,0.015099999999999891,0.506966593923112,0.015099999999999891,0.506966593923112,0.00790000000000024,24.764890282132214,0.00890000000000013,27.899686520376356,0.7523510971786779,9090.0,6793.0,57.23100169993074,42.768998300069256,27144.704,-91928.0627,-77.20326422884737,20256.6654,-123573.81790000002,-85.91629191862697,57.26565359523137,42.73434640476864,1.3381422052112468,1.3400381288817655,6888.0386,14.531307190462728,7349557.0,21899095.16779424,-9738.0,-0.13232245751800953,162269.55605308712,0.7465191051881889,0.5997,-0.34919999999999995,-36.80050584887765,37.49,62.51,1.5905,-0.0040000000000000036,-0.2508623392913141,61.4,38.6,0.6706,-0.24660000000000004,-26.886175316179685,40.14,59.86,0.9908,0.07089999999999996,-0.9199,1782129600000,2026-06-22 12:00:00 UTC,0.00028509,2.91459923
FINAL_REAL_MARK_PREMIUM_CLOSED_GUARD_2026_06_13,1782137700000,2026-06-22 14:15:00 UTC,MUSDT,1782137700000,2026-06-22 14:15:00 UTC,1782138599999,2026-06-22 14:29:59 UTC,True,2.9947,3.0125,2.9236,2.9405,-0.0530999999999997,-1.7737840726883922,51.665639336120066,2.9936,3.00413052,2.93548419,2.9412,-0.05390000000000006,-1.7996060231711817,1782138599999,2026-06-22 14:29:59 UTC,-0.0006999999999997009,-0.023799809601513018,0.00096789,0.00323456,-0.00086719,0.00032176,0.00030212999999999996,1539.1237901171673,1782138599999,2026-06-22 14:29:59 UTC,3410,2470.0,262.7659574468085,99536.0,83653.0,526.682616634137,294719.3691,247317.99970000001,521.7528582623606,binance_kline_quote_asset_volume,29.189442815249265,86.42796747800587,0.0889000000000002,2.968577820816783,-0.054199999999999804,-1.809864093231369,0.054199999999999804,1.809864093231369,0.01780000000000026,20.022497187851766,0.016900000000000137,19.010123734533295,0.19010123734533294,42598.0,56938.0,42.79657611316509,57.20342388683491,126221.0948,99076.39080000001,364.9934469721976,168498.2743,148241.6089,731.8164464522379,42.82755327057329,57.17244672942671,0.7481471073799572,0.7490942879051196,-42277.179499999984,-14.344893458853425,7348859.0,22010567.5909,-698.0,-0.009497171053983254,111472.42310576141,0.5090275294556352,0.5946,-0.005099999999999993,-0.850425212606302,37.29,62.71,1.5906,9.999999999998899e-05,0.006287331027977931,61.4,38.6,0.6647,-0.005900000000000016,-0.879809126155684,39.93,60.07,0.996,0.07009999999999994,-0.9259000000000001,1782129600000,2026-06-22 12:00:00 UTC,0.00028509,2.91459923
FINAL_REAL_MARK_PREMIUM_CLOSED_GUARD_2026_06_13,1782138600000,2026-06-22 14:30:00 UTC,MUSDT,1782138600000,2026-06-22 14:30:00 UTC,1782139499999,2026-06-22 14:44:59 UTC,True,2.9404,2.9448,2.9222,2.9257,-0.014800000000000146,-0.5033157626254089,47.587850648484796,2.9405,2.94427265,2.9259,2.9263,-0.014899999999999913,-0.5065959472324192,1782139499999,2026-06-22 14:44:59 UTC,-0.0005999999999999339,-0.02050370775381656,0.0,0.00156171,0.0,0.0,-0.00032176,-100.0,1782139499999,2026-06-22 14:44:59 UTC,858,-2552.0,-74.83870967741936,17813.0,-81723.0,-82.10396238546858,52285.9422,-242433.42690000002,-82.25907501102886,binance_kline_quote_asset_volume,20.76107226107226,60.93932657342657,0.02259999999999973,0.7686029111685394,-0.014699999999999935,-0.49993198204325723,0.014699999999999935,0.49993198204325723,0.0043999999999999595,19.46902654867262,0.0034999999999998366,15.486725663716275,0.15486725663716275,10143.0,7670.0,56.94155953517094,43.058440464829054,29779.9385,-96441.1563,-76.40652812654893,22506.003699999997,-145992.2706,-86.64318445188967,56.95591825827325,43.04408174172674,1.3224250325945242,1.3231997513623444,7273.934800000003,13.911836516546513,7351263.0,21621534.7356,2404.0,0.03271256122889281,-389032.8553000018,-1.7674821591645036,0.6518,0.05720000000000003,9.619912546249584,39.46,60.540000000000006,1.5941,0.0035000000000000586,0.2200427511630868,61.45,38.550000000000004,0.7062,0.04150000000000009,6.243418083345885,41.39,58.60999999999999,0.9423,0.054400000000000004,-0.8879,1782129600000,2026-06-22 12:00:00 UTC,0.00028509,2.91459923
FINAL_REAL_MARK_PREMIUM_CLOSED_GUARD_2026_06_13,1782139500000,2026-06-22 14:45:00 UTC,MUSDT,1782139500000,2026-06-22 14:45:00 UTC,1782140399999,2026-06-22 14:59:59 UTC,True,2.9254,2.9341,2.9223,2.928,0.0022999999999999687,0.07861366510578559,48.271143055454,2.9257,2.93172883,2.92371478,2.92744067,0.0011406700000002878,0.03897994053925735,1782140399999,2026-06-22 14:59:59 UTC,0.000559329999999747,0.019106450413553452,0.0,0.00145634,0.0,0.00055907,0.00055907,,1782140399999,2026-06-22 14:59:59 UTC,466,-392.0,-45.68764568764569,6838.0,-10975.0,-61.61230561949138,20026.9969,-32258.9453,-61.697167427155975,binance_kline_quote_asset_volume,14.67381974248927,42.97638819742489,0.011800000000000033,0.4033636425787938,0.0026000000000001577,0.08887673480550208,0.0026000000000001577,0.08887673480550208,0.006099999999999994,51.694915254237095,0.0030999999999998806,26.271186440676882,0.48305084745762905,3986.0,2852.0,58.29189821585259,41.70810178414741,11678.1619,-18101.7766,-60.78513761873619,8348.835,-14157.168699999998,-62.90396504289208,58.31209720714542,41.68790279285458,1.3976157082748948,1.3987774222391507,3329.3269,16.624194414290844,7347630.0,21501369.669,-3633.0,-0.04942007924352591,-120165.06659999862,-0.555765666357375,0.6453,-0.006500000000000061,-0.9972384166922463,39.22,60.78,1.5927,-0.0014000000000000679,-0.0878238504485332,61.42999999999999,38.57,0.7053,-0.0009000000000000119,-0.12744265080713846,41.36,58.64,0.9474,0.06000000000000005,-0.8874,1782129600000,2026-06-22 12:00:00 UTC,0.00028509,2.91459923
FINAL_REAL_MARK_PREMIUM_CLOSED_GUARD_2026_06_13,1782140400000,2026-06-22 15:00:00 UTC,MUSDT,1782140400000,2026-06-22 15:00:00 UTC,1782141299999,2026-06-22 15:14:59 UTC,True,2.9274,2.9486,2.9252,2.9434,0.01540000000000008,0.5259562841530082,52.7160805834553,2.92744067,2.9465,2.9252,2.94226893,0.014828259999999815,0.5065264055377018,1782141299999,2026-06-22 15:14:59 UTC,0.0011310700000000118,0.0384421012120062,0.00054076,0.00161825,0.0,0.00028184,-0.00027723000000000005,-49.58770815819128,1782141299999,2026-06-22 15:14:59 UTC,533,67.0,14.377682403433475,9729.0,2891.0,42.2784439894706,28605.4666,8578.469700000001,42.834528525842046,binance_kline_quote_asset_volume,18.25328330206379,53.66879287054409,0.023400000000000087,0.7993441278950634,0.016000000000000014,0.5465600874496145,0.016000000000000014,0.5465600874496145,0.005199999999999871,22.222222222221593,0.002200000000000202,9.401709401710228,0.7777777777777841,7919.0,1810.0,81.39582690924043,18.604173090759584,23286.1493,11607.987400000002,99.39909635950502,5319.317299999999,-3029.5177000000003,-36.28671185860064,81.40454279462793,18.595457205372064,4.375138121546962,4.377657505033588,17966.832000000002,62.80908558925587,7346276.0,21505787.13544492,-1354.0,-0.018427710703995712,4417.4664449207485,0.020545046724580122,0.6493,0.0040000000000000036,0.6198667286533401,39.37,60.629999999999995,1.5925,-0.00019999999999997797,-0.012557292647703774,61.42999999999999,38.57,0.7094,0.0040999999999999925,0.5813129164894361,41.5,58.5,0.9432,0.06010000000000004,-0.8831,1782129600000,2026-06-22 12:00:00 UTC,0.00028509,2.91459923
FINAL_REAL_MARK_PREMIUM_CLOSED_GUARD_2026_06_13,1782141300000,2026-06-22 15:15:00 UTC,MUSDT,1782141300000,2026-06-22 15:15:00 UTC,1782142199999,2026-06-22 15:29:59 UTC,True,2.9422,2.9451,2.9244,2.9282,-0.015200000000000102,-0.5164095943466774,48.30418626918567,2.94242947,2.94368013,2.92423311,2.9282,-0.01406893000000009,-0.4781660118335984,1782142199999,2026-06-22 15:29:59 UTC,0.0,0.0,0.00028279,0.00245871,-0.00070397,0.0,-0.00028184,-100.0,1782142199999,2026-06-22 15:29:59 UTC,479,-54.0,-10.131332082551594,6388.0,-3341.0,-34.340631102888274,18726.8855,-9878.5811,-34.53389255325064,binance_kline_quote_asset_volume,13.336116910229645,39.095794363256786,0.020700000000000163,0.70355516280335,-0.014000000000000234,-0.47583440962545825,0.014000000000000234,0.47583440962545825,0.0028999999999999027,14.009661835748211,0.0038000000000000256,18.357487922705293,0.18357487922705293,3895.0,2493.0,60.97370068879149,39.02629931120852,11412.8568,-11873.292500000001,-50.98864714399131,7314.028700000001,1994.711400000002,37.49938737439112,60.94369936741483,39.05630063258517,1.5623746490172483,1.5604063462315916,4098.828099999999,21.88739873482966,7346120.0,21614260.6320516,-156.0,-0.0021235248988739326,108473.49660667777,0.5043921244244828,0.6461,-0.0031999999999999806,-0.4928384413984261,39.25,60.75000000000001,1.5926,9.999999999998899e-05,0.0062794348508627305,61.42999999999999,38.57,0.7047,-0.0047000000000000375,-0.6625317169439016,41.339999999999996,58.660000000000004,0.9465,0.058599999999999985,-0.8879,1782129600000,2026-06-22 12:00:00 UTC,0.00028509,2.91459923
FINAL_REAL_MARK_PREMIUM_CLOSED_GUARD_2026_06_13,1782142200000,2026-06-22 15:30:00 UTC,MUSDT,1782142200000,2026-06-22 15:30:00 UTC,1782143099999,2026-06-22 15:44:59 UTC,True,2.9282,2.9654,2.928,2.9644,0.03620000000000001,1.2362543542107782,57.43975817344736,2.9282,2.9654,2.92811633,2.9644,0.03620000000000001,1.2362543542107782,1782143099999,2026-06-22 15:44:59 UTC,0.0,0.0,0.0,0.00435501,0.0,0.00246894,0.00246894,,1782143099999,2026-06-22 15:44:59 UTC,421,-58.0,-12.10855949895616,9420.0,3032.0,47.46399499060739,27791.5749,9064.6894,48.40468213467744,binance_kline_quote_asset_volume,22.375296912114013,66.01324204275534,0.03739999999999988,1.277235161532678,0.03620000000000001,1.2362543542107782,0.03620000000000001,1.2362543542107782,0.0009999999999998899,2.6737967914435647,0.00019999999999997797,0.5347593582887129,0.9732620320855644,8306.0,1114.0,88.17409766454352,11.825902335456476,24510.3686,13097.511800000002,114.76102810647728,3281.206299999998,-4032.8224000000027,-55.13818123245814,88.19352155534015,11.806478444659852,7.456014362657092,7.469926106139689,21229.162300000004,76.3870431106803,7345591.0,21509359.5662,-529.0,-0.007201080298171008,-104901.06585159898,-0.48533265901329103,0.641,-0.005099999999999993,-0.7893514935768446,39.06,60.940000000000005,1.5916,-0.001000000000000112,-0.06279040562602736,61.41,38.59,0.7015,-0.0031999999999999806,-0.45409394068397624,41.23,58.77,0.9505999999999999,0.0605,-0.8900999999999999,1782129600000,2026-06-22 12:00:00 UTC,0.00028509,2.91459923
FINAL_REAL_MARK_PREMIUM_CLOSED_GUARD_2026_06_13,1782143100000,2026-06-22 15:45:00 UTC,MUSDT,1782143100000,2026-06-22 15:45:00 UTC,1782143999999,2026-06-22 15:59:59 UTC,True,2.965,2.9752,2.9557,2.9752,0.010800000000000143,0.3643233031979538,59.72641266401962,2.9644,2.974512,2.95654735,2.974512,0.010111999999999899,0.3411145594386688,1782143999999,2026-06-22 15:59:59 UTC,0.000688000000000244,0.023129844492146747,0.00244828,0.00269074,0.0,0.00268367,0.00021472999999999978,8.69725469229709,1782143999999,2026-06-22 15:59:59 UTC,644,223.0,52.96912114014252,6924.0,-2496.0,-26.496815286624205,20534.7394,-7256.835500000001,-26.11163824328646,binance_kline_quote_asset_volume,10.751552795031056,31.886241304347823,0.01949999999999985,0.657672849915678,0.010200000000000209,0.34401349072513354,0.010200000000000209,0.34401349072513354,0.0,0.0,0.009299999999999642,47.692307692306215,1.0,4639.0,2285.0,66.99884459849798,33.00115540150202,13759.631,-10750.737600000002,-43.86199887667133,6775.108399999999,3493.902100000001,106.48224404542937,67.0066015057391,32.9933984942609,2.0301969365426698,2.0309093504688427,6984.5226,34.0132030114782,7345888.0,21776150.3872,297.0,0.004043241721462575,266790.8210000023,1.2403475806840842,0.6367,-0.0042999999999999705,-0.6708268330733183,38.9,61.1,1.59,-0.0015999999999998238,-0.10052777079667151,61.39,38.61,0.6964,-0.005099999999999993,-0.7270135424091223,41.05,58.95,0.9533,0.059699999999999975,-0.8936000000000001,1782129600000,2026-06-22 12:00:00 UTC,0.00028509,2.91459923
FINAL_REAL_MARK_PREMIUM_CLOSED_GUARD_2026_06_13,1782144000000,2026-06-22 16:00:00 UTC,MUSDT,1782144000000,2026-06-22 16:00:00 UTC,1782144899999,2026-06-22 16:14:59 UTC,True,2.9756,2.9816,2.9657,2.9753,9.999999999976694e-05,0.0033611185802556783,59.747977447237915,2.974512,2.9812342,2.96613264,2.9753,0.0007880000000000109,0.02649174049390323,1782144899999,2026-06-22 16:14:59 UTC,0.0,0.0,0.00112672,0.0036184,0.0,0.00123144,-0.0014522299999999999,-54.113583264708396,1782144899999,2026-06-22 16:14:59 UTC,814,170.0,26.39751552795031,9653.0,2729.0,39.413633737723856,28712.8035,8178.064100000003,39.825507111134826,binance_kline_quote_asset_volume,11.858722358722359,35.27371437346437,0.015899999999999803,0.5343460142492205,-0.000300000000000189,-0.010082000268859692,0.000300000000000189,0.010082000268859692,0.005999999999999783,37.73584905660287,0.009599999999999831,60.377358490565726,0.6037735849056572,4604.0,5049.0,47.69501709313167,52.30498290686833,13695.2893,-64.34169999999904,-0.46761210384202195,15017.514200000001,8242.405800000002,121.6571796843871,47.6974994796311,52.3025005203689,0.9118637353931471,0.9119544764605583,-1322.224900000001,-4.605001040737805,7345637.0,21833436.8551,-251.0,-0.0034168775783132003,57286.46789999679,0.2630697661496208,0.6359,-0.0008000000000000229,-0.1256478718391743,38.87,61.129999999999995,1.5898,-0.00019999999999997797,-0.012578616352199872,61.39,38.61,0.6964,0.0,0.0,41.05,58.95,0.9539000000000001,0.0605,-0.8934000000000001,1782129600000,2026-06-22 12:00:00 UTC,0.00028509,2.91459923
FINAL_REAL_MARK_PREMIUM_CLOSED_GUARD_2026_06_13,1782144900000,2026-06-22 16:15:00 UTC,MUSDT,1782144900000,2026-06-22 16:15:00 UTC,1782145799999,2026-06-22 16:29:59 UTC,True,2.975,3.0037,2.9735,2.9985,0.02320000000000011,0.7797533021880184,64.49756203331985,2.9753,3.00103995,2.9735,2.9985,0.02320000000000011,0.7797533021880184,1782145799999,2026-06-22 16:29:59 UTC,0.0,0.0,0.00081262,0.00307977,0.0,0.00163753,0.00040609,32.97684012213343,1782145799999,2026-06-22 16:29:59 UTC,1016,202.0,24.815724815724817,16221.0,6568.0,68.04102351600538,48498.2786,19785.475099999996,68.90819665171321,binance_kline_quote_asset_volume,15.965551181102363,47.73452618110236,0.030199999999999783,1.015126050420161,0.023499999999999854,0.7899159663865497,0.023499999999999854,0.7899159663865497,0.005199999999999871,17.218543046357315,0.0015000000000000568,4.966887417218767,0.8278145695364268,8635.0,7586.0,53.233462795142096,46.7665372048579,25804.1158,12108.8265,88.41599644046948,22694.1628,7676.648599999997,51.117971308460596,53.20625091217155,46.793749087828445,1.1382810440284734,1.1370375733798825,3109.9530000000013,6.412501824343105,7345960.0,21856434.788,323.0,0.004397168005987772,22997.932900000364,0.1053335443825389,0.634,-0.0019000000000000128,-0.2987891177858174,38.800000000000004,61.199999999999996,1.589,-0.0008000000000001339,-0.050320795068570505,61.370000000000005,38.629999999999995,0.6966,0.00019999999999997797,0.028719126938537905,41.06,58.940000000000005,0.955,0.06259999999999999,-0.8924,1782144000002,2026-06-22 16:00:00 UTC,0.00019039,2.974512
FINAL_REAL_MARK_PREMIUM_CLOSED_GUARD_2026_06_13,1782145800000,2026-06-22 16:30:00 UTC,MUSDT,1782145800000,2026-06-22 16:30:00 UTC,1782146699999,2026-06-22 16:44:59 UTC,True,2.9979,3.0038,2.967,2.9687,-0.029799999999999827,-0.9938302484575563,55.44729764926943,2.9985,3.00238256,2.9678,2.9687,-0.029799999999999827,-0.9938302484575563,1782146699999,2026-06-22 16:44:59 UTC,0.0,0.0,0.00197616,0.00217269,-0.00017947,0.0003973,-0.0012402300000000002,-75.73784907757415,1782146699999,2026-06-22 16:44:59 UTC,681,-335.0,-32.97244094488189,9074.0,-7147.0,-44.060168916836204,27082.5553,-21415.723299999998,-44.15769779507184,binance_kline_quote_asset_volume,13.324522760646108,39.76880367107195,0.036799999999999944,1.2275259348210394,-0.029199999999999893,-0.9740151439340837,0.029199999999999893,0.9740151439340837,0.005900000000000016,16.032608695652243,0.0017000000000000348,4.619565217391406,0.04619565217391406,4431.0,4643.0,48.83182719858938,51.16817280141063,13227.3542,-12576.7616,-48.739362733754284,13855.2011,-8838.961699999998,-38.94817261115268,48.840864731844555,51.159135268155445,0.9543398664656472,0.9546851109941666,-627.8469000000005,-2.3182705363108793,7345828.0,22026465.258,-132.0,-0.0017969060544843695,170030.47000000253,0.7779423846992449,0.5805,-0.05349999999999999,-8.438485804416402,36.730000000000004,63.27,1.5888,-0.00019999999999997797,-0.012586532410319571,61.370000000000005,38.629999999999995,0.6474,-0.04920000000000002,-7.062876830318694,39.300000000000004,60.699999999999996,1.0083,0.06689999999999996,-0.9414,1782144000002,2026-06-22 16:00:00 UTC,0.00019039,2.974512
FINAL_REAL_MARK_PREMIUM_CLOSED_GUARD_2026_06_13,1782146700000,2026-06-22 16:45:00 UTC,MUSDT,1782146700000,2026-06-22 16:45:00 UTC,1782147599999,2026-06-22 16:59:59 UTC,True,2.9695,2.9733,2.9253,2.9338,-0.03489999999999993,-1.1755987469262617,47.11000633700113,2.9687,2.971,2.92393865,2.933111,-0.035589000000000315,-1.1988075588641598,1782147599999,2026-06-22 16:59:59 UTC,0.0006890000000003837,0.023490416830470574,0.00039951,0.00303367,0.0,0.00027018,-0.00012712,-31.995972816511447,1782147599999,2026-06-22 16:59:59 UTC,1023,342.0,50.22026431718062,20420.0,11346.0,125.03857174344279,60056.5092,32973.9539,121.7534812898545,binance_kline_quote_asset_volume,19.960899315738025,58.7062651026393,0.04800000000000004,1.6164337430543876,-0.03569999999999984,-1.2022225963966946,0.03569999999999984,1.2022225963966946,0.0038000000000000256,7.916666666666713,0.008500000000000174,17.70833333333368,0.1770833333333368,6481.0,13939.0,31.7384916748286,68.2615083251714,19052.8755,5825.5212999999985,44.041470515698435,41003.633700000006,27148.432600000007,195.9439809213596,31.724913342116125,68.27508665788388,0.46495444436473204,0.46466309887067386,-21950.758200000007,-36.55017331576775,7344669.0,21804118.8603,-1159.0,-0.015777663185144,-222346.39770000055,-1.009451108453475,0.5843,0.0038000000000000256,0.654608096468566,36.88,63.12,1.589,0.00019999999999997797,0.012588116817722683,61.38,38.62,0.6483,0.0009000000000000119,0.1390176088971288,39.33,60.67,1.0047,0.06399999999999995,-0.9407,1782144000002,2026-06-22 16:00:00 UTC,0.00019039,2.974512
FINAL_REAL_MARK_PREMIUM_CLOSED_GUARD_2026_06_13,1782147600000,2026-06-22 17:00:00 UTC,MUSDT,1782147600000,2026-06-22 17:00:00 UTC,1782148499999,2026-06-22 17:14:59 UTC,True,2.934,2.9381,2.9173,2.9274,-0.006400000000000183,-0.2181471129593082,45.75141648381752,2.933111,2.93660552,2.91899867,2.9274,-0.0057109999999998,-0.19470793979497536,1782148499999,2026-06-22 17:14:59 UTC,0.0,0.0,0.0003744,0.00205698,-9.094e-05,0.00113188,0.0008617,318.93552446517134,1782148499999,2026-06-22 17:14:59 UTC,890,-133.0,-13.000977517106548,15934.0,-4486.0,-21.96865817825661,46628.7886,-13427.7206,-22.358476672833326,binance_kline_quote_asset_volume,17.903370786516852,52.39189730337078,0.02079999999999993,0.7089297886843875,-0.006600000000000161,-0.2249488752556292,0.006600000000000161,0.2249488752556292,0.0040999999999997705,19.711538461537426,0.010099999999999998,48.55769230769246,0.4855769230769246,5893.0,10041.0,36.983808208861554,63.01619179113844,17249.9841,-1802.8913999999968,-9.46256852410544,29378.8045,-11624.829200000007,-28.350729315972806,36.99427889490571,63.00572110509428,0.5868937356836968,0.587157455641192,-12128.820399999997,-26.011442210188573,7342480.0,21536308.85528,-2189.0,-0.029803929897998127,-267810.00502000004,-1.2282541969976917,0.6598,0.07550000000000001,12.921444463460553,39.75,60.25,1.588,-0.0009999999999998899,-0.06293266205159785,61.36000000000001,38.64,0.7176,0.06930000000000003,10.689495603887094,41.78,58.220000000000006,0.9282,0.05779999999999996,-0.8704000000000001,1782144000002,2026-06-22 16:00:00 UTC,0.00019039,2.974512
FINAL_REAL_MARK_PREMIUM_CLOSED_GUARD_2026_06_13,1782148500000,2026-06-22 17:15:00 UTC,MUSDT,1782148500000,2026-06-22 17:15:00 UTC,1782149399999,2026-06-22 17:29:59 UTC,True,2.9276,2.9321,2.9183,2.9277,0.000300000000000189,0.010248001639686718,45.8302766677344,2.9274,2.93022742,2.91950661,2.9277,0.000300000000000189,0.010248001639686718,1782149399999,2026-06-22 17:29:59 UTC,0.0,0.0,0.00043309,0.00199959,0.0,0.00136667,0.0002347899999999999,20.743365021026953,1782149399999,2026-06-22 17:29:59 UTC,541,-349.0,-39.21348314606742,7448.0,-8486.0,-53.257185891803694,21773.046,-24855.7426,-53.305572257564506,binance_kline_quote_asset_volume,13.767097966728281,40.24592606284658,0.013800000000000257,0.47137587102064,0.00010000000000021103,0.0034157671813161306,0.00010000000000021103,0.0034157671813161306,0.0043999999999999595,31.884057971013608,0.009300000000000086,67.39130434782545,0.681159420289864,3967.0,3481.0,53.262620837808804,46.737379162191196,11593.6801,-5656.304000000002,-32.79019833995094,10179.365899999999,-19199.4386,-65.35132700855817,53.24785562846834,46.752144371531664,1.1396150531456477,1.1389393223403041,1414.3142000000007,6.495711256936677,7337578.0,21480025.8372,-4902.0,-0.06676218389427005,-56283.018079999834,-0.2613401324164288,0.6617,0.0018999999999999018,0.2879660503182634,39.82,60.18,1.5884,0.00039999999999995595,0.02518891687657153,61.370000000000005,38.629999999999995,0.7218,0.0041999999999999815,0.5852842809364522,41.92,58.08,0.9267000000000001,0.06010000000000004,-0.8666,1782144000002,2026-06-22 16:00:00 UTC,0.00019039,2.974512
FINAL_REAL_MARK_PREMIUM_CLOSED_GUARD_2026_06_13,1782149400000,2026-06-22 17:30:00 UTC,MUSDT,1782149400000,2026-06-22 17:30:00 UTC,1782150299999,2026-06-22 17:44:59 UTC,True,2.9278,2.9307,2.9232,2.9278,9.999999999976694e-05,0.0034156505106317904,45.85852955640481,2.9277,2.92924944,2.9235,2.9278,9.999999999976694e-05,0.0034156505106317904,1782150299999,2026-06-22 17:44:59 UTC,0.0,0.0,0.00149201,0.00208464,4.799e-05,0.00064525,-0.00072142,-52.78670052024263,1782150299999,2026-06-22 17:44:59 UTC,372,-169.0,-31.23844731977819,4524.0,-2924.0,-39.25886143931257,13244.0505,-8528.995499999999,-39.17226602102434,binance_kline_quote_asset_volume,12.161290322580646,35.60228629032258,0.00749999999999984,0.25616503859552703,0.0,0.0,0.0,0.0,0.0028999999999999027,38.666666666666195,0.0045999999999999375,61.333333333333805,0.6133333333333381,2974.0,1550.0,65.73828470380194,34.261715296198055,8707.1698,-2886.5103,-24.897273989817954,4536.8807,-5642.485199999999,-55.43061577145979,65.7440093572582,34.255990642741814,1.9187096774193548,1.9191974344840057,4170.2891,31.48801871451638,7335852.0,21477173.9004,-1726.0,-0.023522748241994837,-2851.9367999993265,-0.013277157213936977,0.6625,0.0008000000000000229,0.12090071029167643,39.85,60.150000000000006,1.5879,-0.0004999999999999449,-0.03147821707378147,61.36000000000001,38.64,0.7229,0.0010999999999999899,0.15239678581324329,41.959999999999994,58.040000000000006,0.9254000000000001,0.06040000000000001,-0.8650000000000001,1782144000002,2026-06-22 16:00:00 UTC,0.00019039,2.974512
FINAL_REAL_MARK_PREMIUM_CLOSED_GUARD_2026_06_13,1782150300000,2026-06-22 17:45:00 UTC,MUSDT,1782150300000,2026-06-22 17:45:00 UTC,1782151199999,2026-06-22 17:59:59 UTC,True,2.928,2.9332,2.9209,2.9259,-0.0019000000000000128,-0.06489514311086866,45.3742965041871,2.9278,2.93108895,2.9209,2.9242,-0.0036000000000000476,-0.12295921852585723,1782151199999,2026-06-22 17:59:59 UTC,0.0017000000000000348,0.058135558443336115,0.0006472,0.00179726,0.0,0.0011956,0.00055035,85.29252227818675,1782151199999,2026-06-22 17:59:59 UTC,421,49.0,13.172043010752688,6948.0,2424.0,53.58090185676393,20349.7958,7105.7453000000005,53.652357335846766,binance_kline_quote_asset_volume,16.50356294536817,48.336807125890736,0.012299999999999756,0.4200819672131064,-0.0020999999999999908,-0.07172131147540951,0.0020999999999999908,0.07172131147540951,0.005199999999999871,42.27642276422744,0.004999999999999893,40.65040650406498,0.40650406504064984,3787.0,3161.0,54.504893494530805,45.4951065054692,11094.1698,2387.0,27.414189166266173,9255.626,4718.7453000000005,104.00858237246575,54.51735196281429,45.48264803718571,1.1980385953812085,1.198640675411906,1838.5437999999995,9.034703925628577,7335126.0,21475781.9028,-726.0,-0.009896600967413193,-1391.9976000003517,-0.006481288490076557,0.66,-0.0024999999999999467,-0.3773584905660297,39.76,60.24,1.5875,-0.000400000000000178,-0.025190503180312233,61.35,38.65,0.725,0.0020999999999999908,0.2904966108728719,42.03,57.97,0.9274999999999999,0.06499999999999995,-0.8624999999999999,1782144000002,2026-06-22 16:00:00 UTC,0.00019039,2.974512
FINAL_REAL_MARK_PREMIUM_CLOSED_GUARD_2026_06_13,1782151200000,2026-06-22 18:00:00 UTC,MUSDT,1782151200000,2026-06-22 18:00:00 UTC,1782152099999,2026-06-22 18:14:59 UTC,True,2.9262,2.9317,2.9211,2.9306,0.0047000000000001485,0.16063433473461664,46.86885333506622,2.9242,2.9306,2.9221,2.9306,0.006400000000000183,0.21886327884550247,1782152099999,2026-06-22 18:14:59 UTC,0.0,0.0,0.00074484,0.00244935,0.0,0.00152901,0.0003334099999999999,27.88641686182669,1782152099999,2026-06-22 18:14:59 UTC,317,-104.0,-24.70308788598575,6115.0,-833.0,-11.989061600460564,17885.7006,-2464.0951999999997,-12.108697424865559,binance_kline_quote_asset_volume,19.290220820189276,56.421768454258675,0.010600000000000165,0.3622445492447599,0.0043999999999999595,0.15036566195065132,0.0043999999999999595,0.15036566195065132,0.001100000000000101,10.377358490566827,0.0051000000000001044,48.11320754717005,0.8962264150943318,5134.0,981.0,83.95748160261651,16.042518397383486,15014.7723,3920.602500000001,35.33930497440197,2870.9282999999996,-6384.697700000001,-68.98180306766933,83.94847166344717,16.05152833655283,5.233435270132518,5.229936358912203,12143.844000000001,67.89694332689434,7333786.0,21445457.0212,-1340.0,-0.01826826151316283,-30324.881599999964,-0.1412050175274234,0.6581,-0.0019000000000000128,-0.28787878787878984,39.69,60.309999999999995,1.5877,0.00019999999999997797,0.012598425196849006,61.36000000000001,38.64,0.7241,-0.0009000000000000119,-0.12413793103448441,42.0,57.99999999999999,0.9295999999999999,0.06599999999999995,-0.8635999999999999,1782144000002,2026-06-22 16:00:00 UTC,0.00019039,2.974512
FINAL_REAL_MARK_PREMIUM_CLOSED_GUARD_2026_06_13,1782152100000,2026-06-22 18:15:00 UTC,MUSDT,1782152100000,2026-06-22 18:15:00 UTC,1782152999999,2026-06-22 18:29:59 UTC,True,2.9318,2.9473,2.9305,2.9455,0.014899999999999913,0.5084283081962708,51.40779968579975,2.9306,2.94572013,2.93011103,2.94390023,0.013300230000000024,0.4538398280215664,1782152999999,2026-06-22 18:29:59 UTC,0.0015997699999998893,0.05434185519255485,0.00151448,0.00275043,0.0,0.00054888,-0.00098013,-64.10226224812135,1782152999999,2026-06-22 18:29:59 UTC,1019,702.0,221.45110410094637,19650.0,13535.0,221.34096484055604,57714.5688,39828.8682,222.68553572902815,binance_kline_quote_asset_volume,19.28361138370952,56.63843846908734,0.016799999999999926,0.5730268094685833,0.013700000000000045,0.4672897196261698,0.013700000000000045,0.4672897196261698,0.0017999999999998018,10.714285714284582,0.0013000000000000789,7.738095238095742,0.8928571428571542,7510.0,12140.0,38.21882951653944,61.781170483460556,22071.6041,7056.8318,46.99925952257031,35642.9647,32772.0364,1141.5135794230737,38.242690812583874,61.75730918741612,0.6186161449752883,0.6192415329581157,-13571.360599999996,-23.514618374832242,7337642.0,21503693.6452,3856.0,0.052578572649924604,58236.62399999797,0.27155692668348314,0.6603,0.0021999999999999797,0.3342956997416775,39.77,60.23,1.5873,-0.00039999999999995595,-0.025193676387224032,61.35,38.65,0.7265,0.0024000000000000687,0.33144593288220814,42.08,57.92,0.9269999999999999,0.06620000000000004,-0.8607999999999999,1782144000002,2026-06-22 16:00:00 UTC,0.00019039,2.974512
FINAL_REAL_MARK_PREMIUM_CLOSED_GUARD_2026_06_13,1782153000000,2026-06-22 18:30:00 UTC,MUSDT,1782153000000,2026-06-22 18:30:00 UTC,1782153899999,2026-06-22 18:44:59 UTC,True,2.9456,2.9584,2.9376,2.9428,-0.0026999999999999247,-0.09166525207944067,50.564821152636476,2.9455,2.95603493,2.93705467,2.94263384,-0.0012663900000000616,-0.04301742250280206,1782153899999,2026-06-22 18:44:59 UTC,0.0001661600000000263,0.005646642057240336,0.00190546,0.00243428,0.0,0.0,-0.00054888,-100.0,1782153899999,2026-06-22 18:44:59 UTC,447,-572.0,-56.133464180569185,7166.0,-12484.0,-63.53180661577608,21120.9687,-36593.600099999996,-63.40444165286737,binance_kline_quote_asset_volume,16.03131991051454,47.25048926174497,0.02079999999999993,0.7061379684953805,-0.0028000000000001357,-0.09505703422053692,0.0028000000000001357,0.09505703422053692,0.012799999999999923,61.53846153846138,0.005199999999999871,24.999999999999467,0.24999999999999467,3363.0,3803.0,46.92994697181133,53.07005302818867,9914.6858,-12156.918300000001,-55.07945070471793,11206.282900000002,-24436.681799999995,-68.55962180946187,46.94238195618366,53.05761804381633,0.884301866947147,0.8847434861741709,-1291.5971000000027,-6.115236087632678,7338791.0,21604668.51282193,1149.0,0.015658981454805234,100974.86762193218,0.4695698761708854,0.66,-0.00029999999999996696,-0.04543389368468377,39.76,60.24,1.5868,-0.0004999999999999449,-0.03150003150002803,61.339999999999996,38.66,0.7277,0.0011999999999999789,0.16517549896765021,42.120000000000005,57.879999999999995,0.9268,0.06769999999999998,-0.8591,1782144000002,2026-06-22 16:00:00 UTC,0.00019039,2.974512
FINAL_REAL_MARK_PREMIUM_CLOSED_GUARD_2026_06_13,1782153900000,2026-06-22 18:45:00 UTC,MUSDT,1782153900000,2026-06-22 18:45:00 UTC,1782154799999,2026-06-22 18:59:59 UTC,True,2.9428,2.9478,2.936,2.938,-0.0047999999999999154,-0.16310996330025537,49.025697758423156,2.94263384,2.9478,2.9387,2.9387,-0.003933840000000188,-0.13368431867147249,1782154799999,2026-06-22 18:59:59 UTC,-0.0006999999999997009,-0.02382005648755235,0.0,0.00064756,0.0,0.0,0.0,,1782154799999,2026-06-22 18:59:59 UTC,320,-127.0,-28.41163310961969,4712.0,-2454.0,-34.24504605079542,13863.6663,-7257.3024000000005,-34.36065127069669,binance_kline_quote_asset_volume,14.725,43.3239571875,0.011800000000000033,0.4009786597798027,-0.0047999999999999154,-0.16310996330025537,0.0047999999999999154,0.16310996330025537,0.004999999999999893,42.37288135593118,0.002000000000000224,16.949152542374733,0.16949152542374732,2148.0,2564.0,45.58573853989814,54.41426146010186,6324.8259,-3589.8598999999995,-36.20750039300287,7538.840400000001,-3667.442500000001,-32.72666353978981,45.6215965036608,54.37840349633921,0.8377535101404057,0.8389653533453234,-1214.0145000000011,-8.756806992678417,7338517.0,21594568.45961528,-274.0,-0.0037335850005811586,-10100.053206652403,-0.04674940141135804,0.6606,0.0005999999999999339,0.09090909090908089,39.78,60.22,1.5868,0.0,0.0,61.339999999999996,38.66,0.7265,-0.0011999999999999789,-0.1649031194173394,42.08,57.92,0.9262,0.06590000000000007,-0.8603,1782144000002,2026-06-22 16:00:00 UTC,0.00019039,2.974512
FINAL_REAL_MARK_PREMIUM_CLOSED_GUARD_2026_06_13,1782154800000,2026-06-22 19:00:00 UTC,MUSDT,1782154800000,2026-06-22 19:00:00 UTC,1782155699999,2026-06-22 19:14:59 UTC,True,2.9379,2.9481,2.9349,2.9402,0.0021999999999997577,0.07488087134104009,49.780209473955026,2.938,2.94388785,2.93243436,2.93922249,0.0005224900000002641,0.017779630448846912,1782155699999,2026-06-22 19:14:59 UTC,0.0009775099999997927,0.033257434689804403,0.0,0.00136046,0.0,0.00100235,0.00100235,,1782155699999,2026-06-22 19:14:59 UTC,333,13.0,4.0625,2678.0,-2034.0,-43.16638370118845,7872.7729,-5990.893400000001,-43.21290826222498,binance_kline_quote_asset_volume,8.042042042042041,23.64196066066066,0.013200000000000323,0.4493005207801601,0.0022999999999999687,0.07828721195411582,0.0022999999999999687,0.07828721195411582,0.00790000000000024,59.84848484848521,0.0030000000000001137,22.727272727273032,0.40151515151514794,1133.0,1545.0,42.30769230769231,57.692307692307686,3333.0778,-2991.7481,-47.30166722850031,4539.6951,-2999.145300000001,-39.78258115133994,42.33677056783894,57.66322943216107,0.7333333333333333,0.7342074140617946,-1206.6173,-15.326458864322124,7337852.0,21563745.6724,-665.0,-0.009061776377979365,-30822.787215277553,-0.14273398087542372,0.6609,0.000300000000000078,0.045413260672128065,39.79,60.209999999999994,1.5866,-0.00019999999999997797,-0.012603982858581926,61.339999999999996,38.66,0.7295,0.0030000000000000027,0.4129387474191332,42.18,57.82000000000001,0.9257,0.0686,-0.8571,1782144000002,2026-06-22 16:00:00 UTC,0.00019039,2.974512
FINAL_REAL_MARK_PREMIUM_CLOSED_GUARD_2026_06_13,1782155700000,2026-06-22 19:15:00 UTC,MUSDT,1782155700000,2026-06-22 19:15:00 UTC,1782156599999,2026-06-22 19:29:59 UTC,True,2.9393,2.9521,2.9393,2.951,0.010800000000000143,0.3673219508876996,53.42485014216612,2.93922107,2.9521,2.93914599,2.951,0.011777509999999936,0.40070154743542175,1782156599999,2026-06-22 19:29:59 UTC,0.0,0.0,0.00099489,0.00294225,0.00094121,0.00187851,0.00087616,87.41058512495636,1782156599999,2026-06-22 19:29:59 UTC,209,-124.0,-37.23723723723724,1736.0,-942.0,-35.17550410754294,5113.7066,-2759.0662999999995,-35.04567367871109,binance_kline_quote_asset_volume,8.30622009569378,24.467495693779906,0.012800000000000367,0.4354778348586523,0.011700000000000266,0.3980539584254845,0.011700000000000266,0.3980539584254845,0.001100000000000101,8.593750000000542,0.0,0.0,0.9140624999999946,794.0,942.0,45.73732718894009,54.26267281105991,2338.4598,-994.6179999999999,-29.84082759784365,2775.2468000000003,-1764.4482999999996,-38.867110260334435,45.72925243697008,54.27074756302992,0.8428874734607219,0.8426132767723576,-436.78700000000026,-8.541495126059838,7337543.0,21566671.40694207,-309.0,-0.004211041596369074,2925.734542068094,0.013567840144826126,0.6589,-0.0020000000000000018,-0.30261764260856433,39.72,60.28,1.5864,-0.00019999999999997797,-0.012605571662673514,61.339999999999996,38.66,0.7286,-0.0009000000000000119,-0.12337217272104344,42.15,57.85,0.9275,0.06969999999999998,-0.8578,1782144000002,2026-06-22 16:00:00 UTC,0.00019039,2.974512
FINAL_REAL_MARK_PREMIUM_CLOSED_GUARD_2026_06_13,1782156600000,2026-06-22 19:30:00 UTC,MUSDT,1782156600000,2026-06-22 19:30:00 UTC,1782157499999,2026-06-22 19:44:59 UTC,True,2.9512,2.9515,2.9396,2.941,-0.010000000000000231,-0.33886818027787974,49.81955679214274,2.951,2.95132,2.9396,2.94091673,-0.010083269999999978,-0.341689935615045,1782157499999,2026-06-22 19:44:59 UTC,8.32699999997466e-05,0.0028314300486755573,0.00190518,0.0020301,0.0,0.0008941,-0.0009844099999999998,-52.403766815188625,1782157499999,2026-06-22 19:44:59 UTC,212,3.0,1.4354066985645932,1264.0,-472.0,-27.188940092165897,3722.0657,-1391.6409000000003,-27.213937146882856,binance_kline_quote_asset_volume,5.962264150943396,17.556913679245284,0.0118999999999998,0.4032258064516061,-0.010200000000000209,-0.3456221198156753,0.010200000000000209,0.3456221198156753,0.0002999999999997449,2.5210084033592435,0.0013999999999998458,11.764705882351842,0.11764705882351843,416.0,848.0,32.91139240506329,67.08860759493672,1224.5879,-1113.8719,-47.63271534537391,2497.4778,-277.76900000000023,-10.008803541364328,32.900759919417865,67.09924008058213,0.49056603773584906,0.49032984397298746,-1272.8899000000001,-34.19848016116428,7337613.0,21653295.963,70.0,0.0009539978164352835,86624.55605792999,0.4016593679358722,0.6581,-0.0008000000000000229,-0.12141447867658565,39.69,60.309999999999995,1.5864,0.0,0.0,61.339999999999996,38.66,0.7298,0.0011999999999999789,0.16469942355201464,42.19,57.809999999999995,0.9283,0.07169999999999999,-0.8566,1782144000002,2026-06-22 16:00:00 UTC,0.00019039,2.974512
FINAL_REAL_MARK_PREMIUM_CLOSED_GUARD_2026_06_13,1782157500000,2026-06-22 19:45:00 UTC,MUSDT,1782157500000,2026-06-22 19:45:00 UTC,1782158399999,2026-06-22 19:59:59 UTC,True,2.941,2.9498,2.9385,2.9441,0.0031000000000003247,0.10540632437947381,50.92516815189521,2.94091673,2.9498,2.9385,2.94489956,0.003982829999999993,0.13542817990633801,1782158399999,2026-06-22 19:59:59 UTC,-0.0007995599999999214,-0.027150671311856948,0.0008957,0.00226769,0.00047093,0.00067008,-0.00022402,-25.05536293479477,1782158399999,2026-06-22 19:59:59 UTC,230,18.0,8.49056603773585,2682.0,1418.0,112.18354430379746,7893.9668,4171.9011,112.08563835936587,binance_kline_quote_asset_volume,11.660869565217391,34.3215947826087,0.01130000000000031,0.38422305338321355,0.0031000000000003247,0.10540632437947381,0.0031000000000003247,0.10540632437947381,0.005700000000000038,50.44247787610515,0.0024999999999999467,22.123893805308654,0.4955752212389485,918.0,1764.0,34.22818791946309,65.77181208053692,2701.8438,1477.2559,120.6329002597527,5192.123,2694.6451999999995,107.89466076535292,34.22669322602167,65.77330677397832,0.5204081632653061,0.5203736121043357,-2490.2791999999995,-31.546613547956643,7336971.0,21577420.76142483,-642.0,-0.008749439361274572,-75875.2015751712,-0.35040947902260566,0.6586,0.0004999999999999449,0.07597629539582813,39.71,60.29,1.5864,0.0,0.0,61.339999999999996,38.66,0.7334,0.0036000000000000476,0.4932858317347284,42.309999999999995,57.69,0.9278000000000001,0.07480000000000009,-0.853,1782144000002,2026-06-22 16:00:00 UTC,0.00019039,2.974512
FINAL_REAL_MARK_PREMIUM_CLOSED_GUARD_2026_06_13,1782158400000,2026-06-22 20:00:00 UTC,MUSDT,1782158400000,2026-06-22 20:00:00 UTC,1782159299999,2026-06-22 20:14:59 UTC,True,2.9434,2.9466,2.9204,2.9215,-0.022600000000000176,-0.7676369688529661,43.41515372542483,2.94489956,2.9456,2.9204,2.92130993,-0.023589630000000028,-0.8010334315103103,1782159299999,2026-06-22 20:14:59 UTC,0.00019006999999993113,0.006506327796583059,0.0,0.00238847,-0.00015613,0.0,-0.00067008,-100.0,1782159299999,2026-06-22 20:14:59 UTC,486,256.0,111.30434782608695,7267.0,4585.0,170.9545115585384,21328.8228,13434.856000000002,170.1914429130865,binance_kline_quote_asset_volume,14.952674897119342,43.88646666666667,0.026200000000000223,0.8901270639396691,-0.02190000000000003,-0.7440375076442219,0.02190000000000003,0.7440375076442219,0.0032000000000000917,12.213740458015513,0.001100000000000101,4.198473282443097,0.04198473282443097,2268.0,4999.0,31.20957754231457,68.79042245768542,6649.9557,3948.1119000000003,146.12657844987191,14678.867100000001,9486.744100000002,182.71416335861076,31.17825940210821,68.82174059789179,0.4536907381476295,0.45302921912822547,-8028.911400000001,-37.64348119578358,7336607.0,21605570.72619292,-364.0,-0.004961175395132405,28149.96476809308,0.13046028568168055,0.6606,0.0020000000000000018,0.303674460977832,39.78,60.22,1.5867,0.00029999999999996696,0.018910741301056917,61.339999999999996,38.66,0.7364,0.0030000000000000027,0.4090537223888741,42.41,57.589999999999996,0.9261,0.07580000000000009,-0.8503,1782158400000,2026-06-22 20:00:00 UTC,0.00016397,2.94489956
FINAL_REAL_MARK_PREMIUM_CLOSED_GUARD_2026_06_13,1782159300000,2026-06-22 20:15:00 UTC,MUSDT,1782159300000,2026-06-22 20:15:00 UTC,1782160199999,2026-06-22 20:29:59 UTC,True,2.9213,2.9299,2.917,2.9238,0.0022999999999999687,0.07872668149922878,44.31516778788239,2.92130993,2.9299,2.9176984,2.92377733,0.0024674000000000085,0.08446210977689754,1782160199999,2026-06-22 20:29:59 UTC,2.2669999999891388e-05,0.0007753668436813342,0.0,0.00274476,0.0,0.0006622,0.0006622,,1782160199999,2026-06-22 20:29:59 UTC,395,-91.0,-18.72427983539095,5399.0,-1868.0,-25.70524287876703,15778.4219,-5550.400900000002,-26.023006295499822,binance_kline_quote_asset_volume,13.668354430379747,39.94537189873417,0.012900000000000134,0.4415842262006687,0.0024999999999999467,0.08557833841097959,0.0024999999999999467,0.08557833841097959,0.006099999999999994,47.28682170542582,0.0043000000000001926,33.33333333333448,0.5271317829457418,2888.0,2511.0,53.491387293943326,46.50861270605668,8439.4615,1789.505799999999,26.910040919520696,7338.9604,-7339.906700000001,-50.00322334139806,53.48736111562589,46.512638884374105,1.1501393866985266,1.1499532685855614,1100.5010999999995,6.97472223125178,7335114.0,21428141.36588202,-1493.0,-0.020350006481197645,-177429.36031090096,-0.8212204276362824,0.67,0.009400000000000075,1.4229488343929875,40.12,59.88,1.5867,0.0,0.0,61.339999999999996,38.66,0.7446,0.008199999999999985,1.113525258011948,42.68,57.32000000000001,0.9167,0.0746,-0.8421,1782158400000,2026-06-22 20:00:00 UTC,0.00016397,2.94489956
FINAL_REAL_MARK_PREMIUM_CLOSED_GUARD_2026_06_13,1782160200000,2026-06-22 20:30:00 UTC,MUSDT,1782160200000,2026-06-22 20:30:00 UTC,1782161099999,2026-06-22 20:44:59 UTC,True,2.9243,2.9317,2.9194,2.9197,-0.0040999999999997705,-0.14022846979956805,43.00212236659032,2.92377733,2.92935113,2.91800166,2.91930008,-0.004477249999999877,-0.15313238645296826,1782161099999,2026-06-22 20:44:59 UTC,0.00039991999999999805,0.013699174084220831,0.00041434,0.0027841,0.0,0.00017237,-0.00048983,-73.97009966777408,1782161099999,2026-06-22 20:44:59 UTC,262,-133.0,-33.67088607594937,3642.0,-1757.0,-32.54306353028338,10662.321,-5116.1008999999995,-32.42466789406867,binance_kline_quote_asset_volume,13.900763358778626,40.69588167938931,0.0123000000000002,0.4206134801491023,-0.0045999999999999375,-0.1573026023321799,0.0045999999999999375,0.1573026023321799,0.007400000000000073,60.16260162601588,0.000300000000000189,2.4390243902453994,0.024390243902453996,2165.0,1477.0,59.445359692476664,40.554640307523336,6340.0974,-2099.3641,-24.87556937133963,4322.2236,-3016.7367999999997,-41.10577841515536,59.46263857559718,40.53736142440281,1.4658090724441435,1.4668601133916346,2017.8737999999994,18.925277151194372,7334298.0,21443854.22386434,-816.0,-0.011124571479052678,15712.857982318848,0.07332814225006434,0.6689,-0.0010999999999999899,-0.16417910447761042,40.08,59.919999999999995,1.5863,-0.00039999999999995595,-0.02520955442112283,61.33,38.67,0.744,-0.0006000000000000449,-0.08058017727639605,42.66,57.34,0.9174,0.07509999999999994,-0.8423,1782158400000,2026-06-22 20:00:00 UTC,0.00016397,2.94489956
FINAL_REAL_MARK_PREMIUM_CLOSED_GUARD_2026_06_13,1782161100000,2026-06-22 20:45:00 UTC,MUSDT,1782161100000,2026-06-22 20:45:00 UTC,1782161999999,2026-06-22 20:59:59 UTC,True,2.9191,2.929,2.916,2.9177,-0.002000000000000224,-0.0685001883755257,42.3430392285528,2.91930008,2.9275,2.91611956,2.91739285,-0.0019072300000000375,-0.0653317558227874,1782161999999,2026-06-22 20:59:59 UTC,0.00030714999999981174,0.01052823585276874,0.00017598,0.00220712,0.0,0.00045272,0.00028034999999999996,162.64431165516038,1782161999999,2026-06-22 20:59:59 UTC,305,43.0,16.412213740458014,7882.0,4240.0,116.41954969796815,23012.1824,12349.861400000002,115.82713932548083,binance_kline_quote_asset_volume,25.84262295081967,75.44977836065574,0.0129999999999999,0.44534274262614854,-0.0013999999999998458,-0.047959987667426464,0.0013999999999998458,0.047959987667426464,0.00990000000000002,76.1538461538469,0.0017000000000000348,13.076923076923444,0.13076923076923444,5959.0,1923.0,75.60263892413093,24.39736107586907,17395.4413,11055.3439,174.37183062834336,5616.741100000003,1294.5175000000027,29.950266802485707,75.59231452989003,24.407685470109968,3.0988039521580864,3.0970701676101804,11778.700199999996,51.18462905978007,7334121.0,21410500.02202968,-177.0,-0.0024133189025043705,-33354.20183466002,-0.15554200978264882,0.6683,-0.0006000000000000449,-0.08969950665272013,40.06,59.940000000000005,1.5855,-0.0008000000000001339,-0.05043182247999331,61.31999999999999,38.68,0.7443,0.00029999999999996696,0.04032258064515685,42.67,57.330000000000005,0.9171999999999999,0.07599999999999996,-0.8412,1782158400000,2026-06-22 20:00:00 UTC,0.00016397,2.94489956
FINAL_REAL_MARK_PREMIUM_CLOSED_GUARD_2026_06_13,1782162000000,2026-06-22 21:00:00 UTC,MUSDT,1782162000000,2026-06-22 21:00:00 UTC,1782162899999,2026-06-22 21:14:59 UTC,True,2.9177,2.9235,2.9102,2.9127,-0.004999999999999893,-0.171367858244504,40.66502349074665,2.91739285,2.92286673,2.91155493,2.9122186,-0.005174250000000047,-0.17735869888075054,1782162899999,2026-06-22 21:14:59 UTC,0.0004813999999999652,0.01653035249482869,0.00045092,0.00187522,0.0,0.00112382,0.0006711,148.23732108146316,1782162899999,2026-06-22 21:14:59 UTC,439,134.0,43.9344262295082,5458.0,-2424.0,-30.753615833544785,15920.5737,-7091.608700000001,-30.816758605215995,binance_kline_quote_asset_volume,12.432801822323462,36.2655437357631,0.01330000000000009,0.4558385029303934,-0.004999999999999893,-0.171367858244504,0.004999999999999893,0.171367858244504,0.005800000000000249,43.60902255639256,0.0024999999999999467,18.79699248120248,0.1879699248120248,2489.0,2969.0,45.60278490289483,54.39721509710517,7266.5549,-10128.8864,-58.22724600841256,8654.018800000002,3037.2776999999987,54.07544421087874,45.642544275901315,54.35745572409869,0.8383294038396767,0.8396740367608166,-1387.4639000000016,-8.714911448197382,7337123.0,21405270.17977055,3002.0,0.04093196717098068,-5229.842259127647,-0.024426530224640062,0.6694,0.0010999999999999899,0.1645967379919183,40.1,59.9,1.5839,-0.0015999999999998238,-0.10091453800061961,61.3,38.7,0.7422,-0.0020999999999999908,-0.2821442966545735,42.6,57.4,0.9145000000000001,0.07279999999999998,-0.8417000000000001,1782158400000,2026-06-22 20:00:00 UTC,0.00016397,2.94489956
FINAL_REAL_MARK_PREMIUM_CLOSED_GUARD_2026_06_13,1782162900000,2026-06-22 21:15:00 UTC,MUSDT,1782162900000,2026-06-22 21:15:00 UTC,1782163799999,2026-06-22 21:29:59 UTC,True,2.9129,2.9197,2.9102,2.9139,0.0011999999999998678,0.04119888763002945,41.2666057600376,2.9122186,2.91868931,2.9103,2.91247477,0.00025617000000011103,0.008796386370175336,1782163799999,2026-06-22 21:29:59 UTC,0.001425229999999722,0.04893535953273586,0.0011091,0.00249128,0.0,0.00011492,-0.0010089,-89.7741631222082,1782163799999,2026-06-22 21:29:59 UTC,283,-156.0,-35.53530751708428,7096.0,1638.0,30.01099303774276,20670.2599,4749.6862,29.833637213714226,binance_kline_quote_asset_volume,25.074204946996467,73.03978763250883,0.009500000000000064,0.32613546637371915,0.0009999999999998899,0.034330049091966415,0.0009999999999998899,0.034330049091966415,0.005800000000000249,61.05263157894958,0.0026999999999999247,28.421052631577965,0.38947368421050416,5264.0,1832.0,74.1826381059752,25.817361894024803,15334.0853,8067.530400000001,111.02276816211764,5336.1746,-3317.8442000000014,-38.338768110834245,74.18428880035515,25.81571119964486,2.873362445414847,2.8736101138819556,9997.9107,48.36857760071028,7336798.0,21366359.6000428,-325.0,-0.004429529121973286,-38910.57972775027,-0.18178037184750623,0.6731,0.0037000000000000366,0.5527337914550399,40.23,59.77,1.5835,-0.000400000000000178,-0.025254119578267436,61.29,38.71,0.7443,0.0020999999999999908,0.282942603071947,42.67,57.330000000000005,0.9103999999999999,0.07119999999999993,-0.8392,1782158400000,2026-06-22 20:00:00 UTC,0.00016397,2.94489956
FINAL_REAL_MARK_PREMIUM_CLOSED_GUARD_2026_06_13,1782163800000,2026-06-22 21:30:00 UTC,MUSDT,1782163800000,2026-06-22 21:30:00 UTC,1782164699999,2026-06-22 21:44:59 UTC,True,2.912,2.9232,2.9103,2.9195,0.005600000000000271,0.1921822986375741,44.1141942825802,2.91222767,2.9195,2.90969088,2.91797167,0.005496899999999805,0.1887363989079227,1782164699999,2026-06-22 21:44:59 UTC,0.0015283300000001887,0.052376450933815565,0.00010465,0.00272158,0.00010465,0.00123774,0.00112282,977.0449008005569,1782164699999,2026-06-22 21:44:59 UTC,301,18.0,6.36042402826855,4655.0,-2441.0,-34.39966178128523,13572.8772,-7097.3827,-34.336204451885,binance_kline_quote_asset_volume,15.465116279069768,45.09261528239203,0.012900000000000134,0.4429945054945101,0.007500000000000284,0.2575549450549548,0.007500000000000284,0.2575549450549548,0.0036999999999998145,28.682170542633923,0.0017000000000000348,13.178294573643544,0.7131782945736608,2836.0,1819.0,60.923737916219125,39.07626208378088,8269.5623,-7064.523000000001,-46.070716718916394,5303.314900000001,-32.859699999999066,-0.6157913198717123,60.92711352313715,39.07288647686285,1.559098405717427,1.5593194927949683,2966.2473999999984,21.854227046274303,7337156.0,21369281.73355412,358.0,0.004879512833800249,2922.1335113197565,0.013676328424772476,0.6675,-0.005600000000000049,-0.8319714752637125,40.03,59.97,1.5825,-0.0009999999999998899,-0.06315124723712598,61.28,38.72,0.7425,-0.0017999999999999128,-0.24183796856105236,42.61,57.38999999999999,0.915,0.07500000000000007,-0.84,1782158400000,2026-06-22 20:00:00 UTC,0.00016397,2.94489956
FINAL_REAL_MARK_PREMIUM_CLOSED_GUARD_2026_06_13,1782164700000,2026-06-22 21:45:00 UTC,MUSDT,1782164700000,2026-06-22 21:45:00 UTC,1782165599999,2026-06-22 21:59:59 UTC,True,2.9176,2.9229,2.9136,2.9147,-0.0048000000000003595,-0.16441171433465865,42.224487529167185,2.91797167,2.9208,2.91196349,2.9145929,-0.0033787699999998644,-0.11579173419459088,1782165599999,2026-06-22 21:59:59 UTC,0.00010709999999969355,0.0036746126705960737,0.00122673,0.00242364,0.0,0.00131653,7.879000000000002e-05,6.365634139641607,1782165599999,2026-06-22 21:59:59 UTC,118,-183.0,-60.797342192691026,2097.0,-2558.0,-54.951664876476904,6116.5835,-7456.293700000001,-54.935247627525875,binance_kline_quote_asset_volume,17.771186440677965,51.835453389830505,0.009299999999999642,0.31875514121194276,-0.0029000000000003467,-0.09939676446395485,0.0029000000000003467,0.09939676446395485,0.005299999999999638,56.98924731182626,0.0010999999999996568,11.827956989244077,0.11827956989244078,1753.0,344.0,83.59561278016213,16.40438721983786,5113.2811,-3156.2811999999994,-38.167451740462724,1003.3023999999996,-4300.012500000002,-81.08159860543074,83.59701294031218,16.402987059687806,5.09593023255814,5.096450581599329,4109.978700000001,67.19402588062438,7336771.0,21408489.92727757,-385.0,-0.005247264743996175,39208.19372344762,0.18347923066540311,0.6697,0.0021999999999999797,0.3295880149812704,40.11,59.89,1.5826,9.999999999998899e-05,0.006319115323853964,61.28,38.72,0.7425,0.0,0.0,42.61,57.38999999999999,0.9129,0.07280000000000009,-0.8401,1782158400000,2026-06-22 20:00:00 UTC,0.00016397,2.94489956
FINAL_REAL_MARK_PREMIUM_CLOSED_GUARD_2026_06_13,1782165600000,2026-06-22 22:00:00 UTC,MUSDT,1782165600000,2026-06-22 22:00:00 UTC,1782166499999,2026-06-22 22:14:59 UTC,True,2.9147,2.9208,2.9116,2.9194,0.0047000000000001485,0.16125158678423676,44.72146097558045,2.9145929,2.9203,2.9116,2.9194,0.004807099999999842,0.16493212482607233,1782166499999,2026-06-22 22:14:59 UTC,0.0,0.0,0.00149069,0.00231728,0.00074115,0.00150847,0.00019194000000000004,14.57923480665082,1782166499999,2026-06-22 22:14:59 UTC,214,96.0,81.35593220338984,1099.0,-998.0,-47.591797806390076,3203.6655,-2912.9179999999997,-47.623285123141045,binance_kline_quote_asset_volume,5.135514018691588,14.97039953271028,0.009199999999999875,0.31564140391806617,0.0047000000000001485,0.16125158678423676,0.0047000000000001485,0.16125158678423676,0.0013999999999998458,15.217391304346355,0.0030999999999998806,33.69565217391221,0.8478260869565364,302.0,797.0,27.479526842584168,72.52047315741584,880.9212,-4232.3599,-82.77189963211686,2322.7443000000003,1319.4419000000007,131.5098917335393,27.49729021335093,72.50270978664908,0.37892095357590966,0.3792587931439547,-1441.8231000000003,-45.005419573298155,7337805.0,21386714.3545845,1034.0,0.014093393401538635,-21775.572693068534,-0.10171465977767656,0.6658,-0.0039000000000000146,-0.5823503061072144,39.97,60.029999999999994,1.582,-0.0005999999999999339,-0.03791229622140364,61.27,38.73,0.74,-0.0025000000000000577,-0.33670033670034444,42.53,57.47,0.9162000000000001,0.07420000000000004,-0.8420000000000001,1782158400000,2026-06-22 20:00:00 UTC,0.00016397,2.94489956
FINAL_REAL_MARK_PREMIUM_CLOSED_GUARD_2026_06_13,1782166500000,2026-06-22 22:15:00 UTC,MUSDT,1782166500000,2026-06-22 22:15:00 UTC,1782167399999,2026-06-22 22:29:59 UTC,True,2.9189,2.9286,2.9185,2.925,0.005599999999999827,0.19182023703500128,47.625895436275755,2.9194,2.9282796,2.9182976,2.925,0.005599999999999827,0.19182023703500128,1782167399999,2026-06-22 22:29:59 UTC,0.0,0.0,0.00142387,0.00184948,0.0,0.0,-0.00150847,-100.0,1782167399999,2026-06-22 22:29:59 UTC,326,112.0,52.336448598130836,1659.0,560.0,50.955414012738856,4850.8442,1647.1786999999995,51.41543959567563,binance_kline_quote_asset_volume,5.088957055214724,14.879890184049078,0.010099999999999998,0.3460207612456747,0.006099999999999994,0.20898283599986278,0.006099999999999994,0.20898283599986278,0.0036000000000000476,35.64356435643612,0.00039999999999995595,3.960396039603525,0.6435643564356388,691.0,968.0,41.65159734779988,58.348402652200114,2020.6015,1139.6803,129.37369426459483,2830.2427,507.4983999999995,21.849086014332247,41.65463611467876,58.34536388532124,0.7138429752066116,0.7139322362707623,-809.6411999999998,-16.69072777064248,7337302.0,21420519.4588,-503.0,-0.006854910971332708,33805.104215499014,0.1580659079044205,0.6672,0.0014000000000000679,0.21027335536198077,40.02,59.98,1.5819,-9.999999999998899e-05,-0.0063211125158020845,61.27,38.73,0.7403,0.00029999999999996696,0.040540540540536074,42.54,57.46,0.9147000000000001,0.07309999999999994,-0.8416000000000001,1782158400000,2026-06-22 20:00:00 UTC,0.00016397,2.94489956
FINAL_REAL_MARK_PREMIUM_CLOSED_GUARD_2026_06_13,1782167400000,2026-06-22 22:30:00 UTC,MUSDT,1782167400000,2026-06-22 22:30:00 UTC,1782168299999,2026-06-22 22:44:59 UTC,True,2.9246,2.9328,2.9183,2.9184,-0.006599999999999717,-0.22564102564101599,44.64839735007268,2.925,2.93108633,2.91704173,2.9184,-0.006599999999999717,-0.22564102564101599,1782168299999,2026-06-22 22:44:59 UTC,0.0,0.0,0.0,0.00234858,0.0,0.00014516,0.00014516,,1782168299999,2026-06-22 22:44:59 UTC,336,10.0,3.067484662576687,3881.0,2222.0,133.9361060880048,11361.8132,6510.969000000001,134.22342032753807,binance_kline_quote_asset_volume,11.550595238095237,33.81492023809524,0.014499999999999957,0.49579429665595154,-0.006199999999999761,-0.21199480270805449,0.006199999999999761,0.21199480270805449,0.008199999999999985,56.5517241379311,0.00010000000000021103,0.6896551724152505,0.006896551724152505,1290.0,2591.0,33.23885596495749,66.76114403504252,3775.6374,1755.0359,86.8571017095652,7586.175800000001,4755.933100000001,168.03976210238088,33.230940638946606,66.7690593610534,0.4978772674642995,0.49769969738903225,-3810.538400000001,-33.53811872210679,7336893.0,21460412.025,-409.0,-0.00557425604125331,39892.5661999993,0.18623528844259937,0.6639,-0.0032999999999999696,-0.494604316546758,39.900000000000006,60.099999999999994,1.582,9.999999999998899e-05,0.006321512105694986,61.27,38.73,0.7367,-0.0035999999999999366,-0.48628934215857583,42.42,57.58,0.9181,0.07279999999999998,-0.8453,1782158400000,2026-06-22 20:00:00 UTC,0.00016397,2.94489956
FINAL_REAL_MARK_PREMIUM_CLOSED_GUARD_2026_06_13,1782168300000,2026-06-22 22:45:00 UTC,MUSDT,1782168300000,2026-06-22 22:45:00 UTC,1782169199999,2026-06-22 22:59:59 UTC,True,2.9181,2.9383,2.9179,2.9378,0.019400000000000084,0.6647478070175467,53.79289010734244,2.9184,2.93795221,2.91693377,2.9378,0.019400000000000084,0.6647478070175467,1782169199999,2026-06-22 22:59:59 UTC,0.0,0.0,0.00012807,0.00321178,0.0,0.00238764,0.00224248,1544.833287406999,1782169199999,2026-06-22 22:59:59 UTC,268,-68.0,-20.238095238095237,2437.0,-1444.0,-37.20690543674311,7138.2836,-4223.529600000001,-37.173024460567625,binance_kline_quote_asset_volume,9.093283582089553,26.63538656716418,0.020399999999999974,0.6990850210753564,0.019700000000000273,0.6750968095678789,0.019700000000000273,0.6750968095678789,0.0004999999999997229,2.4509803921555076,0.00019999999999997797,0.9803921568626384,0.9754901960784449,1797.0,640.0,73.73820270824784,26.261797291752153,5263.785,1488.1475999999998,39.41447343433985,1874.4986,-5711.677200000001,-75.29059898664622,73.74020555865839,26.25979444134161,2.8078125,2.8081029241632938,3389.2864,47.48041111731677,7335306.0,21407357.0304,-1587.0,-0.021630409493500858,-53054.994599998,-0.24722262805668568,0.6609,-0.0030000000000000027,-0.4518752824220519,39.79,60.209999999999994,1.5824,0.00039999999999995595,0.025284450063208338,61.28,38.72,0.731,-0.005700000000000038,-0.773720646124615,42.230000000000004,57.769999999999996,0.9215,0.07009999999999994,-0.8514,1782158400000,2026-06-22 20:00:00 UTC,0.00016397,2.94489956
FINAL_REAL_MARK_PREMIUM_CLOSED_GUARD_2026_06_13,1782169200000,2026-06-22 23:00:00 UTC,MUSDT,1782169200000,2026-06-22 23:00:00 UTC,1782170099999,2026-06-22 23:14:59 UTC,True,2.9378,2.9406,2.9274,2.9298,-0.008000000000000007,-0.27231261488188463,50.11601489830745,2.93777833,2.93896987,2.92731571,2.92957345,-0.008226550000000277,-0.28002416774458017,1782170099999,2026-06-22 23:14:59 UTC,0.0002265500000002696,0.007733207713234485,0.00234014,0.00262251,0.0,0.0,-0.00238764,-100.0,1782170099999,2026-06-22 23:14:59 UTC,330,62.0,23.134328358208954,2454.0,17.0,0.6975789905621665,7200.3107,62.027100000000246,0.8689357761016983,binance_kline_quote_asset_volume,7.4363636363636365,21.819123333333334,0.013199999999999878,0.4493158145551051,-0.008000000000000007,-0.27231261488188463,0.008000000000000007,0.27231261488188463,0.0027999999999996916,21.21212121211907,0.0024000000000001798,18.18181818181971,0.18181818181819712,1011.0,1443.0,41.19804400977995,58.801955990220044,2966.8891,-2296.8959,-43.63582289170245,4233.4216,2358.923,125.84287873034421,41.20501494470232,58.79498505529768,0.7006237006237006,0.7008253323977938,-1266.5324999999998,-17.589970110595363,7335707.0,21550840.0246,401.0,0.005466711272849422,143482.99419999868,0.6702508581336893,0.6622,0.0012999999999999678,0.1967014676955618,39.839999999999996,60.160000000000004,1.5825,9.999999999998899e-05,0.006319514661273317,61.28,38.72,0.7322,0.0011999999999999789,0.16415868673050327,42.27,57.730000000000004,0.9203,0.06999999999999995,-0.8503000000000001,1782158400000,2026-06-22 20:00:00 UTC,0.00016397,2.94489956
FINAL_REAL_MARK_PREMIUM_CLOSED_GUARD_2026_06_13,1782170100000,2026-06-22 23:15:00 UTC,MUSDT,1782170100000,2026-06-22 23:15:00 UTC,1782170999999,2026-06-22 23:29:59 UTC,True,2.9296,2.9345,2.9232,2.927,-0.0028000000000001357,-0.09556966345826116,48.85727504946747,2.92957345,2.9319,2.9228019,2.9269503,-0.0026231499999997965,-0.08954033905515482,1782170999999,2026-06-22 23:29:59 UTC,4.9699999999930355e-05,0.0016980131162435642,0.0,0.00199391,0.0,0.00157231,0.00157231,,1782170999999,2026-06-22 23:29:59 UTC,290,-40.0,-12.121212121212121,2660.0,206.0,8.394458027709861,7789.6398,589.3290999999999,8.18477319319012,binance_kline_quote_asset_volume,9.172413793103448,26.860826896551725,0.011299999999999866,0.385718186783174,-0.0026000000000001577,-0.08874931731294913,0.0026000000000001577,0.08874931731294913,0.004899999999999682,43.36283185840478,0.0038000000000000256,33.62831858407142,0.3362831858407142,1037.0,1623.0,38.984962406015036,61.015037593984964,3038.0527,71.16360000000032,2.3985931931193623,4751.5871,518.1655000000001,12.239874715053189,39.00119617854474,60.99880382145526,0.6389402341343191,0.6393764096211139,-1713.5343999999996,-21.99760764291052,7334815.0,21487879.28466175,-892.0,-0.01215970048967332,-62960.73993824795,-0.29214981813413815,0.6622,0.0,0.0,39.839999999999996,60.160000000000004,1.5826,9.999999999998899e-05,0.006319115323853964,61.28,38.72,0.7355,0.0033000000000000806,0.4506965310024694,42.38,57.620000000000005,0.9204,0.07330000000000003,-0.8471,1782158400000,2026-06-22 20:00:00 UTC,0.00016397,2.94489956
FINAL_REAL_MARK_PREMIUM_CLOSED_GUARD_2026_06_13,1782171000000,2026-06-22 23:30:00 UTC,MUSDT,1782171000000,2026-06-22 23:30:00 UTC,1782171899999,2026-06-22 23:44:59 UTC,True,2.927,2.927,2.9144,2.9173,-0.009700000000000042,-0.33139733515545067,44.67138994493486,2.9269503,2.9269503,2.9144,2.91690303,-0.010047270000000275,-0.34326753002947386,1782171899999,2026-06-22 23:44:59 UTC,0.000396970000000163,0.013609297118120622,0.00158193,0.00158193,0.0,0.00109472,-0.00047758999999999996,-30.375053265577396,1782171899999,2026-06-22 23:44:59 UTC,261,-29.0,-10.0,3143.0,483.0,18.157894736842106,9176.9602,1387.3203999999996,17.809814517996063,binance_kline_quote_asset_volume,12.042145593869732,35.16076704980843,0.012599999999999945,0.4304748889648085,-0.009700000000000042,-0.33139733515545067,0.009700000000000042,0.33139733515545067,0.0,0.0,0.0028999999999999027,23.015873015872344,0.23015873015872346,1287.0,1856.0,40.94813872096723,59.05186127903277,3757.288,719.2352999999998,23.674220661149157,5419.672199999999,668.0850999999993,14.060251573626829,40.94262062943239,59.057379370567595,0.693426724137931,0.6932684969397228,-1662.384199999999,-18.11475874113521,7333736.0,21465480.7853208,-1079.0,-0.014710664140813368,-22398.499340951443,-0.1042378312174329,0.6617,-0.000500000000000056,-0.07550588945938629,39.82,60.18,1.5828,0.00019999999999997797,0.01263743207380121,61.28,38.72,0.7334,-0.0020999999999999908,-0.285520054384771,42.309999999999995,57.69,0.9211,0.0717000000000001,-0.8493999999999999,1782158400000,2026-06-22 20:00:00 UTC,0.00016397,2.94489956
FINAL_REAL_MARK_PREMIUM_CLOSED_GUARD_2026_06_13,1782171900000,2026-06-22 23:45:00 UTC,MUSDT,1782171900000,2026-06-22 23:45:00 UTC,1782172799999,2026-06-22 23:59:59 UTC,True,2.9173,2.9259,2.9154,2.9214,0.004100000000000215,0.14054091111645065,46.748164941278546,2.91690303,2.92511233,2.9158,2.92115422,0.004251190000000182,0.14574327484586222,1782172799999,2026-06-22 23:59:59 UTC,0.0002457800000001953,0.008413797474896593,0.00104929,0.00242774,0.0,0.00050648,-0.00058824,-53.73428821981876,1782172799999,2026-06-22 23:59:59 UTC,186,-75.0,-28.735632183908045,2385.0,-758.0,-24.11708558701877,6966.7582,-2210.2019999999993,-24.08424959715963,binance_kline_quote_asset_volume,12.82258064516129,37.45568924731183,0.010499999999999954,0.35992184554210926,0.004100000000000215,0.14054091111645065,0.004100000000000215,0.14054091111645065,0.0044999999999997264,42.85714285714044,0.0019000000000000128,18.095238095238297,0.5714285714285956,1193.0,1192.0,50.02096436058701,49.979035639413,3484.8653,-272.4227000000001,-7.250514200668144,3481.8929000000003,-1937.7792999999988,-35.754548033366284,50.02133273406848,49.97866726593152,1.0008389261744965,1.0008536735865712,2.972399999999652,0.04266546813695432,7332736.0,21388879.85659008,-1000.0,-0.01363561491714455,-76600.92873071879,-0.35685633830807295,0.6647,0.0030000000000000027,0.45337766359377407,39.93,60.07,1.583,0.00019999999999997797,0.012635835228707227,61.29,38.71,0.7382,0.0047999999999999154,0.6544859558221864,42.47,57.53,0.9183,0.07350000000000001,-0.8448,1782158400000,2026-06-22 20:00:00 UTC,0.00016397,2.94489956
FINAL_REAL_MARK_PREMIUM_CLOSED_GUARD_2026_06_13,1782172800000,2026-06-23 00:00:00 UTC,MUSDT,1782172800000,2026-06-23 00:00:00 UTC,1782173699999,2026-06-23 00:14:59 UTC,True,2.9216,2.9369,2.9216,2.93,0.008599999999999941,0.29437940713356403,50.910416383884794,2.92115422,2.934,2.92108345,2.93,0.008845780000000136,0.30281797309558467,1782173699999,2026-06-23 00:14:59 UTC,0.0,0.0,0.00032251,0.00273571,0.0,0.0,-0.00050648,-100.0,1782173699999,2026-06-23 00:14:59 UTC,402,216.0,116.12903225806453,6567.0,4182.0,175.34591194968553,19230.8172,12264.059000000001,176.03681149720398,binance_kline_quote_asset_volume,16.33582089552239,47.83785373134329,0.01529999999999987,0.5236856516976954,0.008399999999999963,0.2875136911281477,0.008399999999999963,0.2875136911281477,0.006899999999999906,45.09803921568605,0.0,0.0,0.5490196078431395,4021.0,2546.0,61.230394396223545,38.769605603776455,11774.4425,8289.5772,237.87367620780066,7456.374700000002,3974.481800000002,114.14715828852752,61.22694827550021,38.77305172449979,1.5793401413982717,1.5791108915167575,4318.067799999997,22.453896551000426,7332191.0,21418460.68149602,-545.0,-0.007432423586503045,29580.8249059394,0.1383000190018147,0.6625,-0.0021999999999999797,-0.33097638032194676,39.85,60.150000000000006,1.5831,9.999999999998899e-05,0.006317119393555843,61.29,38.71,0.737,-0.0011999999999999789,-0.16255757247358155,42.43,57.57,0.9206,0.07450000000000001,-0.8461,1782158400000,2026-06-22 20:00:00 UTC,0.00016397,2.94489956
FINAL_REAL_MARK_PREMIUM_CLOSED_GUARD_2026_06_13,1782173700000,2026-06-23 00:15:00 UTC,MUSDT,1782173700000,2026-06-23 00:15:00 UTC,1782174599999,2026-06-23 00:29:59 UTC,True,2.9293,2.9329,2.9232,2.9242,-0.005800000000000249,-0.1979522184300426,48.17555876871711,2.93,2.9315,2.92168757,2.92253441,-0.007465590000000244,-0.25479829351536665,1782174599999,2026-06-23 00:29:59 UTC,0.0016655899999999946,0.056991287914382315,0.0,0.00137971,0.0,0.00021256,0.00021256,,1782174599999,2026-06-23 00:29:59 UTC,256,-146.0,-36.318407960199,2170.0,-4397.0,-66.95599208162022,6354.5507,-12876.266500000002,-66.95641878390899,binance_kline_quote_asset_volume,8.4765625,24.822463671875,0.009700000000000042,0.33113713173795933,-0.0051000000000001044,-0.1741030280271773,0.0051000000000001044,0.1741030280271773,0.0036000000000000476,37.113402061856,0.0009999999999998899,10.309278350514283,0.10309278350514284,657.0,1513.0,30.276497695852534,69.72350230414747,1924.2129,-9850.229599999999,-83.65771542898952,4430.337799999999,-3026.036900000003,-40.58321934921004,30.28086470377835,69.71913529622165,0.43423661599471247,0.4343264524885665,-2506.1248999999993,-39.43827059244329,7331503.0,21481303.79,-688.0,-0.009383279840909763,62843.1085039787,0.29340627899684,0.6647,0.0021999999999999797,0.33207547169811014,39.93,60.07,1.5837,0.000600000000000156,0.037900322152748155,61.3,38.7,0.7355,-0.0014999999999999458,-0.20352781546810664,42.38,57.620000000000005,0.9190000000000002,0.07080000000000009,-0.8482000000000001,1782172800003,2026-06-23 00:00:00 UTC,0.00025572,2.92115422
FINAL_REAL_MARK_PREMIUM_CLOSED_GUARD_2026_06_13,1782174600000,2026-06-23 00:30:00 UTC,MUSDT,1782174600000,2026-06-23 00:30:00 UTC,1782175499999,2026-06-23 00:44:59 UTC,True,2.9246,2.9319,2.9175,2.9278,0.0036000000000000476,0.12311059435059324,49.971949644139734,2.92253441,2.9296494,2.91915401,2.9278,0.005265590000000042,0.180172044578255,1782175499999,2026-06-23 00:44:59 UTC,0.0,0.0,0.00021256,0.00203402,0.0,0.00103764,0.0008250800000000001,388.1633421151675,1782175499999,2026-06-23 00:44:59 UTC,217,-39.0,-15.234375,2930.0,760.0,35.02304147465438,8568.3167,2213.7659999999996,34.83749055617732,binance_kline_quote_asset_volume,13.502304147465438,39.48533041474654,0.01440000000000019,0.4923750256445391,0.0032000000000000917,0.10941667236545483,0.0032000000000000917,0.10941667236545483,0.004100000000000215,28.472222222223337,0.007099999999999884,49.3055555555541,0.7152777777777667,1881.0,1049.0,64.19795221843003,35.80204778156997,5502.6887,3578.4757999999997,185.97088710921747,3065.6279999999997,-1364.7097999999996,-30.803741421252344,64.22135050166855,35.77864949833145,1.7931363203050523,1.7949629570189207,2437.0607,28.4427010033371,7331405.0,21426283.38614605,-98.0,-0.0013366972638488997,-55020.40385394916,-0.25613158489738563,0.66,-0.0046999999999999265,-0.7070859034150634,39.76,60.24,1.5835,-0.00020000000000020002,-0.01262865441688451,61.29,38.71,0.7346,-0.0009000000000000119,-0.12236573759347544,42.35,57.65,0.9234999999999999,0.0746,-0.8488999999999999,1782172800003,2026-06-23 00:00:00 UTC,0.00025572,2.92115422
FINAL_REAL_MARK_PREMIUM_CLOSED_GUARD_2026_06_13,1782175500000,2026-06-23 00:45:00 UTC,MUSDT,1782175500000,2026-06-23 00:45:00 UTC,1782176399999,2026-06-23 00:59:59 UTC,True,2.9284,2.9346,2.9239,2.9283,0.000500000000000167,0.01707766923970787,50.22998911039561,2.92803045,2.931874,2.925,2.9283,0.000500000000000167,0.01707766923970787,1782176399999,2026-06-23 00:59:59 UTC,0.0,0.0,0.0,0.00086521,0.0,0.00048025,-0.0005573900000000001,-53.717088778381715,1782176399999,2026-06-23 00:59:59 UTC,119,-98.0,-45.16129032258064,3009.0,79.0,2.696245733788396,8813.8339,245.51720000000023,2.8654076243470348,binance_kline_quote_asset_volume,25.285714285714285,74.06583109243697,0.010699999999999932,0.3653872421800277,-9.999999999976694e-05,-0.003414834039057743,9.999999999976694e-05,0.003414834039057743,0.006200000000000205,57.94392523364715,0.0043999999999999595,41.121495327102686,0.41121495327102686,612.0,2397.0,20.33898305084746,79.66101694915254,1794.271,-3708.4177,-67.39283107183584,7019.5629,3953.9349,128.9763435093886,20.35744059120515,79.64255940879485,0.2553191489361702,0.2556100750945618,-5225.2919,-59.2851188175897,7330930.0,21463496.854,-475.0,-0.006478976403567939,37213.467853948474,0.17368139487042444,0.6598,-0.00019999999999997797,-0.030303030303026963,39.75,60.25,1.5837,0.00020000000000020002,0.012630249447439219,61.3,38.7,0.7346,0.0,0.0,42.35,57.65,0.9239,0.07479999999999998,-0.8491000000000001,1782172800003,2026-06-23 00:00:00 UTC,0.00025572,2.92115422
FINAL_REAL_MARK_PREMIUM_CLOSED_GUARD_2026_06_13,1782176400000,2026-06-23 01:00:00 UTC,MUSDT,1782176400000,2026-06-23 01:00:00 UTC,1782177299999,2026-06-23 01:14:59 UTC,True,2.929,2.9351,2.9227,2.9282,-0.00010000000000021103,-0.0034149506539702564,50.17424896258151,2.9283,2.93294781,2.92349758,2.9282187,-8.13000000001729e-05,-0.0027763548816778644,1782177299999,2026-06-23 01:14:59 UTC,-1.870000000003813e-05,-0.0006386135024695434,0.00048625,0.00232296,0.0,0.00028163,-0.00019862,-41.35762623633524,1782177299999,2026-06-23 01:14:59 UTC,322,203.0,170.58823529411765,5066.0,2057.0,68.36158192090396,14840.6933,6026.859400000001,68.37954366260523,binance_kline_quote_asset_volume,15.732919254658386,46.089109627329194,0.012399999999999967,0.4233526800955946,-0.0007999999999999119,-0.02731307613519672,0.0007999999999999119,0.02731307613519672,0.006099999999999994,49.19354838709686,0.00550000000000006,44.35483870967802,0.44354838709678024,1242.0,3824.0,24.516383734701936,75.48361626529807,3639.2978,1845.0267999999999,102.82877001300248,11201.3955,4181.832600000001,59.57397432823062,24.522424434173836,75.47757556582616,0.3247907949790795,0.3248968220075793,-7562.0977,-50.95515113165232,7329345.0,21462520.9635,-1585.0,-0.021620722063912766,-975.890499997884,-0.004546745139602051,0.6586,-0.0012000000000000899,-0.18187329493787355,39.71,60.29,1.5845,0.0007999999999999119,0.05051461766748197,61.309999999999995,38.690000000000005,0.7331,-0.0015000000000000568,-0.2041927579635253,42.3,57.699999999999996,0.9259000000000001,0.07450000000000001,-0.8514,1782172800003,2026-06-23 00:00:00 UTC,0.00025572,2.92115422
FINAL_REAL_MARK_PREMIUM_CLOSED_GUARD_2026_06_13,1782177300000,2026-06-23 01:15:00 UTC,MUSDT,1782177300000,2026-06-23 01:15:00 UTC,1782178199999,2026-06-23 01:29:59 UTC,True,2.9283,2.9421,2.9272,2.9398,0.011600000000000055,0.3961478041117429,56.24049603910512,2.9282187,2.94053416,2.92485255,2.93834932,0.010130619999999979,0.3459652791644278,1782178199999,2026-06-23 01:29:59 UTC,0.0014506800000000375,0.0493705765385321,0.00027622,0.00295401,0.00027622,0.00253025,0.00224862,798.4305649256115,1782178199999,2026-06-23 01:29:59 UTC,231,-91.0,-28.26086956521739,2251.0,-2815.0,-55.56652191077773,6600.0162,-8240.6771,-55.52757498195856,binance_kline_quote_asset_volume,9.744588744588745,28.5714987012987,0.014899999999999913,0.5088276474404915,0.011499999999999844,0.3927193252057455,0.011499999999999844,0.3927193252057455,0.0022999999999999687,15.436241610738136,0.001100000000000101,7.382550335571191,0.8456375838926187,952.0,1299.0,42.29231452687694,57.707685473123064,2792.6607,-846.6370999999999,-23.263748847373797,3807.3555,-7394.040000000001,-66.00998955889024,42.3129370500636,57.6870629499364,0.7328714395688991,0.7334909230304341,-1014.6948000000002,-15.374125899872796,7327848.0,21457541.5443576,-1497.0,-0.020424744639527814,-4979.419142398983,-0.02320053245780017,0.66,0.0014000000000000679,0.21257212268449255,39.76,60.24,1.5852,0.0006999999999999229,0.04417797412432457,61.31999999999999,38.68,0.7313,-0.0018000000000000238,-0.24553266948574873,42.24,57.76,0.9251999999999999,0.07129999999999992,-0.8539,1782172800003,2026-06-23 00:00:00 UTC,0.00025572,2.92115422
FINAL_REAL_MARK_PREMIUM_CLOSED_GUARD_2026_06_13,1782178200000,2026-06-23 01:30:00 UTC,MUSDT,1782178200000,2026-06-23 01:30:00 UTC,1782179099999,2026-06-23 01:44:59 UTC,True,2.9382,2.9433,2.9347,2.9348,-0.004999999999999893,-0.17007959725151006,53.23208996183916,2.93834932,2.9407,2.9348,2.9348,-0.003549319999999856,-0.12079298999071546,1782179099999,2026-06-23 01:44:59 UTC,0.0,0.0,0.0025302,0.00313055,0.0,0.0,-0.00253025,-100.0,1782179099999,2026-06-23 01:44:59 UTC,321,90.0,38.961038961038966,3671.0,1420.0,63.083074189249224,10791.0897,4191.0735,63.50095777037639,binance_kline_quote_asset_volume,11.43613707165109,33.61710186915888,0.008599999999999941,0.2926962085630638,-0.0034000000000000696,-0.11571710571098189,0.0034000000000000696,0.11571710571098189,0.00509999999999966,59.3023255813918,0.00010000000000021103,1.1627906976768805,0.011627906976768805,2359.0,1312.0,64.26041950422228,35.739580495777716,6936.4759,4143.815200000001,148.3823366010773,3854.6138,47.25829999999996,1.2412368637496543,64.2796612097479,35.72033879025211,1.798018292682927,1.7995255192621373,3081.8621000000003,28.559322419495782,7327595.0,21531033.7854854,-253.0,-0.0034525825317337365,73492.2411278002,0.3425007518959014,0.6586,-0.0014000000000000679,-0.21212121212122237,39.71,60.29,1.5853,9.999999999998899e-05,0.006308352258389415,61.31999999999999,38.68,0.7298,-0.0014999999999999458,-0.20511418022698563,42.19,57.809999999999995,0.9267,0.07120000000000004,-0.8554999999999999,1782172800003,2026-06-23 00:00:00 UTC,0.00025572,2.92115422
FINAL_REAL_MARK_PREMIUM_CLOSED_GUARD_2026_06_13,1782179100000,2026-06-23 01:45:00 UTC,MUSDT,1782179100000,2026-06-23 01:45:00 UTC,1782179999999,2026-06-23 01:59:59 UTC,True,2.9354,2.9438,2.9314,2.9412,0.006399999999999739,0.21807278179091383,56.443769847673074,2.9348,2.9423,2.93297594,2.9411948,0.006394799999999812,0.21789559765571118,1782179999999,2026-06-23 01:59:59 UTC,5.199999999927485e-06,0.000176798898186801,0.0,0.00217123,0.0,0.00198809,0.00198809,,1782179999999,2026-06-23 01:59:59 UTC,237,-84.0,-26.168224299065418,2620.0,-1051.0,-28.629801144102423,7695.5895,-3095.5002000000004,-28.685705392662985,binance_kline_quote_asset_volume,11.054852320675106,32.4708417721519,0.012399999999999967,0.4224296518362052,0.005799999999999805,0.19758806295563824,0.005799999999999805,0.19758806295563824,0.0026000000000001577,20.967741935485197,0.0040000000000000036,32.258064516129146,0.790322580645148,972.0,1648.0,37.099236641221374,62.90076335877862,2857.2902,-4079.1857000000005,-58.807754237277756,4838.299300000001,983.6855000000005,25.51969019568187,37.12893209805435,62.871067901945665,0.5898058252427184,0.5905567272367792,-1981.0091000000007,-25.742135803891316,7327582.0,21504987.6536,-13.0,-0.0001774115518120202,-26046.131885401905,-0.1209701872418232,0.6622,0.0036000000000000476,0.5466140297601044,39.839999999999996,60.160000000000004,1.5854,9.999999999998899e-05,0.006307954330409953,61.31999999999999,38.68,0.7331,0.0032999999999999696,0.4521786790901575,42.3,57.699999999999996,0.9231999999999999,0.07089999999999996,-0.8523,1782172800003,2026-06-23 00:00:00 UTC,0.00025572,2.92115422
FINAL_REAL_MARK_PREMIUM_CLOSED_GUARD_2026_06_13,1782180000000,2026-06-23 02:00:00 UTC,MUSDT,1782180000000,2026-06-23 02:00:00 UTC,1782180899999,2026-06-23 02:14:59 UTC,True,2.9408,2.9419,2.9318,2.9359,-0.005299999999999638,-0.1801985584115204,53.18641136670146,2.9412,2.9419,2.9319,2.935753,-0.00544179999999983,-0.1850200469550616,1782180899999,2026-06-23 02:14:59 UTC,0.00014700000000011926,0.00500723323795017,0.00199522,0.00240712,-3.094e-05,7.264e-05,-0.0019154500000000002,-96.34624187033786,1782180899999,2026-06-23 02:14:59 UTC,500,263.0,110.9704641350211,6224.0,3604.0,137.55725190839695,18263.1408,10567.551300000001,137.319581560321,binance_kline_quote_asset_volume,12.448,36.526281600000004,0.010099999999999998,0.3434439608269858,-0.004899999999999682,-0.16662132752991304,0.004899999999999682,0.16662132752991304,0.001100000000000101,10.891089108911894,0.004100000000000215,40.59405940594273,0.4059405940594273,4201.0,2023.0,67.49678663239075,32.503213367609256,12325.6173,9468.3271,331.3743595242793,5937.523500000001,1099.2242000000006,22.719226981265926,67.48903397820817,32.51096602179183,2.0766188828472565,2.075885223864798,6388.093799999999,34.97806795641634,7326661.0,21549137.2345628,-921.0,-0.012568948392525665,44149.58096279949,0.20529926207797064,0.6639,0.0017000000000000348,0.2567200241618899,39.900000000000006,60.099999999999994,1.5895,0.0040999999999999925,0.2586098145578398,61.38,38.62,0.7346,0.0015000000000000568,0.20461055790479565,42.35,57.65,0.9255999999999999,0.07069999999999999,-0.8548999999999999,1782172800003,2026-06-23 00:00:00 UTC,0.00025572,2.92115422
FINAL_REAL_MARK_PREMIUM_CLOSED_GUARD_2026_06_13,1782180900000,2026-06-23 02:15:00 UTC,MUSDT,1782180900000,2026-06-23 02:15:00 UTC,1782181799999,2026-06-23 02:29:59 UTC,True,2.9353,2.9399,2.9241,2.9272,-0.008700000000000152,-0.29633161892435544,48.2627345803477,2.935753,2.93939667,2.9230281,2.92627667,-0.009476330000000033,-0.32279043911391836,1782181799999,2026-06-23 02:29:59 UTC,0.00092333,0.03155306569149526,0.00016532,0.00144819,-0.00053941,7.132e-05,-1.3199999999999941e-06,-1.81718061674008,1782181799999,2026-06-23 02:29:59 UTC,405,-95.0,-19.0,5488.0,-736.0,-11.825192802056556,16093.8332,-2169.307600000002,-11.878064259352376,binance_kline_quote_asset_volume,13.550617283950617,39.73785975308642,0.015800000000000036,0.5382754743978482,-0.008099999999999774,-0.27595135079888855,0.008099999999999774,0.27595135079888855,0.0046000000000003816,29.11392405063526,0.0030999999999998806,19.62025316455616,0.19620253164556162,2767.0,2721.0,50.41909620991254,49.58090379008747,8118.3516,-4207.2657,-34.13432039626932,7975.481599999999,2037.958099999998,34.323368993823735,50.443865666508835,49.556134333491165,1.0169055494303565,1.0179136517599139,142.8700000000008,0.8877313330176729,7326618.0,21509140.773354,-43.0,-0.0005868976331783333,-39996.46120879799,-0.1856058587099599,0.6592,-0.0047000000000000375,-0.7079379424612197,39.73,60.27,1.5896,9.999999999998899e-05,0.0062912865681024836,61.38,38.62,0.7334,-0.0011999999999999789,-0.16335420637081116,42.309999999999995,57.69,0.9303999999999999,0.07420000000000004,-0.8561999999999999,1782172800003,2026-06-23 00:00:00 UTC,0.00025572,2.92115422
FINAL_REAL_MARK_PREMIUM_CLOSED_GUARD_2026_06_13,1782181800000,2026-06-23 02:30:00 UTC,MUSDT,1782181800000,2026-06-23 02:30:00 UTC,1782182699999,2026-06-23 02:44:59 UTC,True,2.9279,2.9305,2.9236,2.9249,-0.0022999999999999687,-0.07857338070510961,47.02337894064508,2.92627667,2.92860072,2.9236,2.9249,-0.0013766699999999688,-0.047045107324044266,1782182699999,2026-06-23 02:44:59 UTC,0.0,0.0,0.00014809,0.00125464,0.0,0.00015739,8.607000000000001e-05,120.68143578238923,1782182699999,2026-06-23 02:44:59 UTC,323,-82.0,-20.246913580246915,2822.0,-2666.0,-48.578717201166185,8261.3551,-7832.478099999998,-48.66757349019871,binance_kline_quote_asset_volume,8.736842105263158,25.57695077399381,0.006899999999999906,0.23566378633149715,-0.0030000000000001137,-0.1024625157963084,0.0030000000000001137,0.1024625157963084,0.0025999999999997137,37.68115942028622,0.0013000000000000789,18.840579710146326,0.18840579710146327,1997.0,825.0,70.76541459957477,29.234585400425228,5846.9194,-2271.4322,-27.97898282700641,2414.435700000001,-5561.045899999998,-69.72677236193483,70.77433821964631,29.225661780353697,2.4206060606060604,2.4216504916656083,3432.483699999999,41.54867643929261,7325279.0,21435793.03894093,-1339.0,-0.018275826581923612,-73347.73441307247,-0.34100727307497686,0.6631,0.0039000000000000146,0.5916262135922352,39.87,60.129999999999995,1.5901,0.000500000000000167,0.03145445395068992,61.39,38.61,0.7358,0.0023999999999999577,0.3272429779110932,42.39,57.60999999999999,0.927,0.07269999999999999,-0.8543000000000001,1782172800003,2026-06-23 00:00:00 UTC,0.00025572,2.92115422
FINAL_REAL_MARK_PREMIUM_CLOSED_GUARD_2026_06_13,1782182700000,2026-06-23 02:45:00 UTC,MUSDT,1782182700000,2026-06-23 02:45:00 UTC,1782183599999,2026-06-23 02:59:59 UTC,True,2.9248,2.9253,2.9194,2.9226,-0.0022999999999999687,-0.07863516701425582,45.757957082706604,2.9249,2.9250788,2.9206,2.92233862,-0.0025613799999999465,-0.08757154090737962,1782183599999,2026-06-23 02:59:59 UTC,0.00026137999999997774,0.008944206472553742,0.00019545,0.00105236,0.0,0.00102722,0.0008698299999999999,552.6589999364635,1782183599999,2026-06-23 02:59:59 UTC,344,21.0,6.5015479876160995,4393.0,1571.0,55.669737774627926,12839.7667,4578.411599999999,55.41961996041061,binance_kline_quote_asset_volume,12.770348837209303,37.324903197674416,0.005900000000000016,0.20172319474835942,-0.0021999999999997577,-0.0752188183807357,0.0021999999999997577,0.0752188183807357,0.000500000000000167,8.474576271189248,0.0032000000000000917,54.23728813559462,0.5423728813559462,2288.0,2105.0,52.0828590940132,47.9171409059868,6688.1203,841.2008999999998,14.38707877519228,6151.6464000000005,3737.2106999999996,154.78609349588388,52.0891107780019,47.91088922199809,1.0869358669833729,1.0872081821868043,536.473899999999,4.17822155600381,7324808.0,21424330.9192,-471.0,-0.0064297892271407,-11462.119740929455,-0.053471871649940876,0.6586,-0.0045000000000000595,-0.6786306741064786,39.71,60.29,1.5903,0.00019999999999997797,0.01257782529400528,61.39,38.61,0.7319,-0.0039000000000000146,-0.5300353356890479,42.26,57.74,0.9317000000000001,0.07330000000000003,-0.8584,1782172800003,2026-06-23 00:00:00 UTC,0.00025572,2.92115422
FINAL_REAL_MARK_PREMIUM_CLOSED_GUARD_2026_06_13,1782183600000,2026-06-23 03:00:00 UTC,MUSDT,1782183600000,2026-06-23 03:00:00 UTC,1782184499999,2026-06-23 03:14:59 UTC,True,2.9227,2.9337,2.9227,2.924,0.0013999999999998458,0.04790255252172195,46.69821741726785,2.92233862,2.933559,2.92233862,2.924,0.0016613799999998236,0.05685104349747887,1782184499999,2026-06-23 03:14:59 UTC,0.0,0.0,0.00116524,0.00294087,0.0,0.0,-0.00102722,-100.0,1782184499999,2026-06-23 03:14:59 UTC,321,-23.0,-6.686046511627906,4676.0,283.0,6.442066924652856,13702.3236,862.5568999999996,6.7178549280027,binance_kline_quote_asset_volume,14.566978193146417,42.68636635514019,0.01100000000000012,0.3763643206624053,0.0013000000000000789,0.044479419714650116,0.0013000000000000789,0.044479419714650116,0.009700000000000042,88.18181818181759,0.0,0.0,0.11818181818182405,2307.0,2369.0,49.33704020530368,50.66295979469631,6759.0487,70.92840000000069,1.060513220732598,6943.274899999999,791.6284999999989,12.868563121573418,49.327755622411374,50.672244377588626,0.9738286196707472,0.9734669586537616,-184.22619999999915,-1.3444887551772544,7324338.0,21404195.80333356,-470.0,-0.006416550440639536,-20135.11586644128,-0.093982472275933,0.6609,0.0023000000000000798,0.3492256301245187,39.79,60.209999999999994,1.5908,0.0004999999999999449,0.031440608690180775,61.4,38.6,0.7343,0.0023999999999999577,0.3279136494056507,42.34,57.66,0.9299,0.07339999999999991,-0.8565,1782172800003,2026-06-23 00:00:00 UTC,0.00025572,2.92115422
FINAL_REAL_MARK_PREMIUM_CLOSED_GUARD_2026_06_13,1782184500000,2026-06-23 03:15:00 UTC,MUSDT,1782184500000,2026-06-23 03:15:00 UTC,1782185399999,2026-06-23 03:29:59 UTC,True,2.924,2.9291,2.9201,2.9238,-0.00019999999999997797,-0.006839945280437003,46.574011477038525,2.924,2.92683496,2.92083653,2.92298581,-0.0010141899999998039,-0.034685020519829135,1782185399999,2026-06-23 03:29:59 UTC,0.0008141899999998259,0.027854736660518575,0.0,0.00137255,0.0,0.0,0.0,,1782185399999,2026-06-23 03:29:59 UTC,412,91.0,28.34890965732087,6228.0,1552.0,33.19076133447391,18211.8443,4509.520700000001,32.910627654422065,binance_kline_quote_asset_volume,15.116504854368932,44.20350558252427,0.008999999999999897,0.3077975376196955,-0.00019999999999997797,-0.006839945280437003,0.00019999999999997797,0.006839945280437003,0.0051000000000001044,56.666666666668476,0.0036999999999998145,41.11111111110952,0.4111111111110952,4681.0,1547.0,75.16056518946692,24.839434810533074,13689.1751,6930.1264,102.53109139456267,4522.6692,-2420.605699999999,-34.862593442757095,75.1663306280298,24.833669371970196,3.0258564964447316,3.0267911480238263,9166.5059,50.33266125605961,7324071.0,21415583.604,-267.0,-0.003645380647370452,11387.800666440278,0.05320359041317827,0.6589,-0.0020000000000000018,-0.30261764260856433,39.72,60.28,1.5913,0.0004999999999999449,0.031430726678397344,61.41,38.59,0.7349,0.0006000000000000449,0.08171047255890576,42.36,57.64,0.9323999999999999,0.07599999999999996,-0.8563999999999999,1782172800003,2026-06-23 00:00:00 UTC,0.00025572,2.92115422
FINAL_REAL_MARK_PREMIUM_CLOSED_GUARD_2026_06_13,1782185400000,2026-06-23 03:30:00 UTC,MUSDT,1782185400000,2026-06-23 03:30:00 UTC,1782186299999,2026-06-23 03:44:59 UTC,True,2.9225,2.9238,2.8935,2.9097,-0.014100000000000001,-0.482249127847322,38.74912921489096,2.92298581,2.92320567,2.89568897,2.9097,-0.013285810000000176,-0.45452872041141296,1782186299999,2026-06-23 03:44:59 UTC,0.0,0.0,0.0,0.00211196,-0.00123882,0.00068978,0.00068978,,1782186299999,2026-06-23 03:44:59 UTC,811,399.0,96.84466019417476,18364.0,12136.0,194.86191393705846,53446.2214,35234.3771,193.46957133825265,binance_kline_quote_asset_volume,22.643649815043158,65.90162934648582,0.030299999999999994,1.036783575705731,-0.012799999999999923,-0.4379811804961479,0.012799999999999923,0.4379811804961479,0.0013000000000000789,4.2904290429045515,0.016199999999999992,53.46534653465345,0.5346534653465345,11724.0,6640.0,63.842300152472234,36.15769984752777,34122.4773,20433.3022,149.2661321864456,19323.744100000004,14801.074900000003,327.26414967515205,63.84450837903388,36.155491620966124,1.7656626506024096,1.7658315657367867,14798.733199999995,27.68901675806775,7324037.0,21408056.22291497,-34.0,-0.0004642226980049757,-7527.381085027009,-0.035149082202088795,0.6595,0.0005999999999999339,0.09106085900742661,39.739999999999995,60.260000000000005,1.5908,-0.0004999999999999449,-0.03142085087663828,61.4,38.6,0.7364,0.0015000000000000568,0.20410940263982266,42.41,57.589999999999996,0.9313,0.07690000000000008,-0.8543999999999999,1782172800003,2026-06-23 00:00:00 UTC,0.00025572,2.92115422
FINAL_REAL_MARK_PREMIUM_CLOSED_GUARD_2026_06_13,1782186300000,2026-06-23 03:45:00 UTC,MUSDT,1782186300000,2026-06-23 03:45:00 UTC,1782187199999,2026-06-23 03:59:59 UTC,True,2.9104,2.9199,2.9077,2.9198,0.010099999999999998,0.34711482283396905,45.77672616455037,2.9097,2.91940167,2.9077,2.91937667,0.009676670000000165,0.3325659002646378,1782187199999,2026-06-23 03:59:59 UTC,0.000423329999999833,0.01450069819184494,0.00085494,0.00225588,0.0,0.00191745,0.0012276700000000002,177.9799356316507,1782187199999,2026-06-23 03:59:59 UTC,274,-537.0,-66.21454993834772,1269.0,-17095.0,-93.08974079721195,3696.6367,-49749.5847,-93.08344611991598,binance_kline_quote_asset_volume,4.631386861313868,13.491374817518249,0.012199999999999989,0.41918636613523874,0.009399999999999853,0.3229796591533759,0.009399999999999853,0.3229796591533759,0.00010000000000021103,0.8196721311492716,0.0026999999999999247,22.131147540983008,0.9918032786885073,550.0,719.0,43.341213553979514,56.65878644602049,1602.3939,-32520.0834,-95.30399306617753,2094.2428,-17229.501300000004,-89.16233422900689,43.34734598073974,56.65265401926026,0.7649513212795549,0.765142370311599,-491.84889999999996,-13.305308038520527,7324822.0,21313034.5734,785.0,0.010718132636413497,-95021.64951497316,-0.44385930476613256,0.6625,0.0030000000000000027,0.45489006823351064,39.85,60.150000000000006,1.5898,-0.0009999999999998899,-0.06286145335679469,61.39,38.61,0.7364,0.0,0.0,42.41,57.589999999999996,0.9273000000000001,0.07390000000000008,-0.8534,1782172800003,2026-06-23 00:00:00 UTC,0.00025572,2.92115422
FINAL_REAL_MARK_PREMIUM_CLOSED_GUARD_2026_06_13,1782187200000,2026-06-23 04:00:00 UTC,MUSDT,1782187200000,2026-06-23 04:00:00 UTC,1782188099999,2026-06-23 04:14:59 UTC,True,2.9194,2.9194,2.8982,2.8997,-0.020099999999999785,-0.6884033152955609,36.741970876123254,2.91937667,2.91942172,2.89624913,2.89911367,-0.02026299999999992,-0.6940865222438021,1782188099999,2026-06-23 04:14:59 UTC,0.0005863299999999683,0.020224457083808246,0.00177315,0.00177315,0.0,0.00097281,-0.0009446400000000001,-49.265430650082145,1782188099999,2026-06-23 04:14:59 UTC,357,83.0,30.29197080291971,3821.0,2552.0,201.1032308904649,11100.5977,7403.961,200.28911686128095,binance_kline_quote_asset_volume,10.703081232492996,31.094111204481795,0.021199999999999886,0.7261766116325233,-0.01969999999999983,-0.6747961909981445,0.01969999999999983,0.6747961909981445,0.0,0.0,0.0015000000000000568,7.075471698113514,0.07075471698113514,1568.0,2253.0,41.036377911541486,58.96362208845852,4550.263,2947.8691,183.96657026714843,6550.3347,4456.0919,212.77818885183706,40.99115311601644,59.00884688398356,0.6959609409675988,0.6946611445671623,-2000.0717000000004,-18.01769376796711,7324463.0,21382866.40247821,-359.0,-0.004901142990232391,69831.82907821238,0.3276484577441022,0.6636,0.0010999999999999899,0.16603773584905507,39.89,60.11,1.5898,0.0,0.0,61.39,38.61,0.7376,0.0011999999999999789,0.16295491580662394,42.449999999999996,57.550000000000004,0.9262000000000001,0.07400000000000007,-0.8522000000000001,1782187200000,2026-06-23 04:00:00 UTC,0.00010515,2.91937667
FINAL_REAL_MARK_PREMIUM_CLOSED_GUARD_2026_06_13,1782188100000,2026-06-23 04:15:00 UTC,MUSDT,1782188100000,2026-06-23 04:15:00 UTC,1782188999999,2026-06-23 04:29:59 UTC,True,2.9005,2.9099,2.884,2.9064,0.006699999999999928,0.23105838535020617,40.92723069224493,2.89911367,2.9090484,2.88495772,2.90617759,0.007063919999999779,0.24365791769730016,1782188999999,2026-06-23 04:29:59 UTC,0.00022241000000011724,0.0076530078810537255,0.00100371,0.00202141,-0.00019577,0.00126301,0.0002902,29.831107821671242,1782188999999,2026-06-23 04:29:59 UTC,673,316.0,88.51540616246498,14706.0,10885.0,284.87306987699554,42571.0661,31470.468399999998,283.5024676193787,binance_kline_quote_asset_volume,21.85141158989599,63.25567028231797,0.025900000000000034,0.8929494914669897,0.005900000000000016,0.20341320461989368,0.005900000000000016,0.20341320461989368,0.0034999999999998366,13.513513513512866,0.01650000000000018,63.706563706564324,0.8648648648648714,7078.0,7628.0,48.13001495988032,51.86998504011968,20513.1592,15962.8962,350.8126057768529,22057.906899999998,15507.572199999999,236.74473000593386,48.18568356219765,51.81431643780235,0.9278972207656004,0.9299685275215301,-1544.7477,-3.628632875604682,7324139.0,21233511.49588013,-324.0,-0.004423532482859153,-149354.90659807995,-0.6984793515838932,0.6633,-0.00029999999999996696,-0.04520795660035669,39.879999999999995,60.12,1.5899,9.999999999998899e-05,0.006290099383569568,61.39,38.61,0.737,-0.0006000000000000449,-0.08134490238612323,42.43,57.57,0.9266000000000001,0.07369999999999999,-0.8529000000000001,1782187200000,2026-06-23 04:00:00 UTC,0.00010515,2.91937667
FINAL_REAL_MARK_PREMIUM_CLOSED_GUARD_2026_06_13,1782189000000,2026-06-23 04:30:00 UTC,MUSDT,1782189000000,2026-06-23 04:30:00 UTC,1782189899999,2026-06-23 04:44:59 UTC,True,2.9068,2.9079,2.885,2.8867,-0.019700000000000273,-0.6778144783925224,33.83815586899655,2.90633533,2.906558,2.88595149,2.88595149,-0.020226099999999914,-0.6959691682159008,1782189899999,2026-06-23 04:44:59 UTC,0.000748509999999758,0.02593633339276115,0.00126847,0.00208893,0.0,0.0,-0.00126301,-100.0,1782189899999,2026-06-23 04:44:59 UTC,338,-335.0,-49.77711738484398,2246.0,-12460.0,-84.72732218142255,6511.7338,-36059.332299999995,-84.7038507687267,binance_kline_quote_asset_volume,6.644970414201183,19.265484615384615,0.022900000000000365,0.7878078987202547,-0.02010000000000023,-0.691482042108168,0.02010000000000023,0.691482042108168,0.001100000000000101,4.803493449782024,0.0017000000000000348,7.423580786026235,0.07423580786026235,623.0,1623.0,27.738201246660733,72.26179875333926,1805.5378,-18707.621399999996,-91.19814855236925,4706.196,-17351.7109,-78.6643582215863,27.727451020801862,72.27254897919813,0.3838570548367221,0.38365121214671044,-2900.6582,-44.54509795839627,7325470.0,21289116.7502173,1331.0,0.01817278454163691,55605.25433716923,0.26187498166734285,0.6606,-0.0027000000000000357,-0.4070556309362333,39.78,60.22,1.59,9.999999999998899e-05,0.006289703754952448,61.39,38.61,0.7361,-0.0009000000000000119,-0.12211668928087001,42.4,57.599999999999994,0.9294000000000001,0.07550000000000001,-0.8539000000000001,1782187200000,2026-06-23 04:00:00 UTC,0.00010515,2.91937667
FINAL_REAL_MARK_PREMIUM_CLOSED_GUARD_2026_06_13,1782189900000,2026-06-23 04:45:00 UTC,MUSDT,1782189900000,2026-06-23 04:45:00 UTC,1782190799999,2026-06-23 04:59:59 UTC,True,2.8868,2.9056,2.8868,2.903,0.016300000000000203,0.5646586067135554,42.684350327826564,2.88595149,2.9051,2.88595149,2.903,0.01704850999999996,0.5907413918450847,1782190799999,2026-06-23 04:59:59 UTC,0.0,0.0,0.00012951,0.00269718,9.73e-06,0.00135216,0.00135216,,1782190799999,2026-06-23 04:59:59 UTC,345,7.0,2.0710059171597637,3119.0,873.0,38.86910062333037,9044.7934,2533.0596000000005,38.899925546710776,binance_kline_quote_asset_volume,9.040579710144927,26.21679246376812,0.01880000000000015,0.6512401274767962,0.016199999999999992,0.561175003464043,0.016199999999999992,0.561175003464043,0.0026000000000001577,13.82978723404328,0.0,0.0,0.8617021276595672,1215.0,1904.0,38.95479320294966,61.045206797050334,3520.7471,1715.2093,94.99714157189065,5524.0463,817.8503000000001,17.378160620594638,38.92567739579325,61.07432260420674,0.6381302521008403,0.6373493104139986,-2003.2992,-22.14864520841349,7325308.0,21140483.53730892,-162.0,-0.0022114621996950365,-148633.21290837973,-0.698165239320521,0.6567,-0.0039000000000000146,-0.5903723887375135,39.64,60.36,1.59,0.0,0.0,61.39,38.61,0.7334,-0.0026999999999999247,-0.3667979894036034,42.309999999999995,57.69,0.9333000000000001,0.0767000000000001,-0.8566,1782187200000,2026-06-23 04:00:00 UTC,0.00010515,2.91937667
FINAL_REAL_MARK_PREMIUM_CLOSED_GUARD_2026_06_13,1782190800000,2026-06-23 05:00:00 UTC,MUSDT,1782190800000,2026-06-23 05:00:00 UTC,1782191699999,2026-06-23 05:14:59 UTC,True,2.9032,2.9285,2.9032,2.9115,0.008500000000000174,0.2928005511539847,46.68743231202673,2.903,2.92745918,2.903,2.91127944,0.008279439999999916,0.285202893558385,1782191699999,2026-06-23 05:14:59 UTC,0.00022056000000025833,0.007576050480412088,0.0015295,0.00424156,0.0,0.0003269,-0.00102526,-75.8238669979884,1782191699999,2026-06-23 05:14:59 UTC,665,320.0,92.7536231884058,6468.0,3349.0,107.37415838409747,18895.973,9851.179600000001,108.91547395654169,binance_kline_quote_asset_volume,9.726315789473684,28.414996992481207,0.0253000000000001,0.8714521906861429,0.008300000000000196,0.2858914301460525,0.008300000000000196,0.2858914301460525,0.016999999999999904,67.19367588932742,0.0,0.0,0.3280632411067258,1718.0,4750.0,26.56153370439085,73.43846629560915,5011.1388,1490.3916999999997,42.331688635062704,13884.834200000001,8360.787900000001,151.35260361594004,26.519612406304766,73.48038759369523,0.3616842105263158,0.3609073560273409,-8873.6954,-46.96077518739045,7325342.0,21265467.826,34.0,0.00046414430628718956,124984.2886910811,0.5912082780439136,0.6526,-0.0040999999999999925,-0.6243337901629348,39.489999999999995,60.51,1.5899,-9.999999999998899e-05,-0.006289308176099936,61.39,38.61,0.7313,-0.002100000000000102,-0.2863376056722255,42.24,57.76,0.9373000000000001,0.07869999999999999,-0.8586000000000001,1782187200000,2026-06-23 04:00:00 UTC,0.00010515,2.91937667
FINAL_REAL_MARK_PREMIUM_CLOSED_GUARD_2026_06_13,1782191700000,2026-06-23 05:15:00 UTC,MUSDT,1782191700000,2026-06-23 05:15:00 UTC,1782192599999,2026-06-23 05:29:59 UTC,True,2.9112,2.9181,2.9075,2.9104,-0.001100000000000101,-0.03778121243345701,46.23736981076759,2.91127944,2.9181,2.9082,2.9107464,-0.0005330400000000957,-0.018309475644155124,1782192599999,2026-06-23 05:29:59 UTC,-0.0003463999999997469,-0.011900727593436066,0.00033546,0.00184206,0.0,0.00044874,0.00012184000000000001,37.27133680024473,1782192599999,2026-06-23 05:29:59 UTC,285,-380.0,-57.14285714285714,1338.0,-5130.0,-79.31354359925788,3897.2513,-14998.721700000002,-79.37522825630626,binance_kline_quote_asset_volume,4.6947368421052635,13.674565964912281,0.01059999999999972,0.36411101951084507,-0.0007999999999999119,-0.02748007694421242,0.0007999999999999119,0.02748007694421242,0.006899999999999906,65.09433962264234,0.0028999999999999027,27.358490566037535,0.27358490566037535,615.0,723.0,45.964125560538115,54.035874439461885,1791.5197,-3219.6191,-64.24925009061812,2105.7316,-11779.102600000002,-84.83430504341204,45.96880113940818,54.03119886059182,0.8506224066390041,0.8507825498748274,-314.2119,-8.062397721183647,7324438.0,21323485.75895472,-904.0,-0.0123407207472361,58017.93295471743,0.2728269767184826,0.6559,0.0033000000000000806,0.5056696291756176,39.61,60.39,1.5896,-0.000300000000000189,-0.01886911126487131,61.38,38.62,0.7352,0.0039000000000000146,0.5332968685901839,42.370000000000005,57.63,0.9336999999999999,0.07929999999999993,-0.8543999999999999,1782187200000,2026-06-23 04:00:00 UTC,0.00010515,2.91937667
FINAL_REAL_MARK_PREMIUM_CLOSED_GUARD_2026_06_13,1782192600000,2026-06-23 05:30:00 UTC,MUSDT,1782192600000,2026-06-23 05:30:00 UTC,1782193499999,2026-06-23 05:44:59 UTC,True,2.9093,2.9107,2.901,2.9079,-0.0024999999999999467,-0.08589884551951438,45.171583441937386,2.9104,2.9104,2.9004574,2.90530267,-0.005443729999999647,-0.18702178932522762,1782193499999,2026-06-23 05:44:59 UTC,0.0025973299999999533,0.08939963559803403,0.00039233,0.0014507,0.0,0.00032345,-0.00012529000000000002,-27.92039934037528,1782193499999,2026-06-23 05:44:59 UTC,373,88.0,30.87719298245614,3681.0,2343.0,175.1121076233184,10693.8771,6796.6258,174.39536937225475,binance_kline_quote_asset_volume,9.868632707774799,28.669911796246648,0.009700000000000042,0.3334135359021085,-0.0013999999999998458,-0.04812154126421633,0.0013999999999998458,0.04812154126421633,0.0013999999999998458,14.432989690719996,0.00690000000000035,71.13402061856,0.7113402061856,1783.0,1898.0,48.437924477044284,51.562075522955716,5180.3844,3388.8647,189.16145326227783,5513.4927,3407.7610999999997,161.83264286863528,48.44252792095394,51.55747207904605,0.9394099051633298,0.9395830704555027,-333.1082999999999,-3.114944158092109,7324529.0,21319846.4184456,91.0,0.0012424161416889597,-3639.340509120375,-0.017067286982345498,0.657,0.0010999999999999899,0.16770849214819175,39.65,60.35,1.5895,-9.999999999998899e-05,-0.00629089079013519,61.38,38.62,0.7361,0.0009000000000000119,0.12241566920565994,42.4,57.599999999999994,0.9324999999999999,0.07909999999999995,-0.8533999999999999,1782187200000,2026-06-23 04:00:00 UTC,0.00010515,2.91937667
FINAL_REAL_MARK_PREMIUM_CLOSED_GUARD_2026_06_13,1782193500000,2026-06-23 05:45:00 UTC,MUSDT,1782193500000,2026-06-23 05:45:00 UTC,1782194399999,2026-06-23 05:59:59 UTC,True,2.9063,2.9207,2.9059,2.9199,0.01200000000000001,0.4126689363458169,51.00898293749289,2.90541847,2.92054039,2.90525847,2.9199,0.014597329999999964,0.5024374964691704,1782194399999,2026-06-23 05:59:59 UTC,0.0,0.0,0.00032385,0.00268782,0.00032385,0.00210593,0.0017824800000000003,551.0836296181791,1782194399999,2026-06-23 05:59:59 UTC,271,-102.0,-27.34584450402145,5143.0,1462.0,39.71746807932627,14991.1461,4297.269,40.184387381822454,binance_kline_quote_asset_volume,18.977859778597786,55.317882287822876,0.014800000000000146,0.509238550734616,0.013600000000000279,0.46794893851289543,0.013600000000000279,0.46794893851289543,0.0007999999999999119,5.405405405404757,0.00039999999999995595,2.7027027027023784,0.9459459459459524,2273.0,2870.0,44.19599455570678,55.80400544429322,6617.8934,1437.509,27.749079778712947,8373.252700000001,2859.760000000001,51.868391881610755,44.145346565597144,55.85465343440287,0.7919860627177701,0.7903611221479079,-1755.359300000001,-11.709306868805722,7323804.0,21277867.31575668,-725.0,-0.009898247382186622,-41979.10268891975,-0.1969015248280592,0.6573,0.00029999999999996696,0.04566210045661597,39.660000000000004,60.34,1.5898,0.000300000000000189,0.01887385970432142,61.39,38.61,0.7349,-0.0011999999999999789,-0.16302132862382543,42.36,57.64,0.9325000000000001,0.0776,-0.8549000000000001,1782187200000,2026-06-23 04:00:00 UTC,0.00010515,2.91937667
FINAL_REAL_MARK_PREMIUM_CLOSED_GUARD_2026_06_13,1782194400000,2026-06-23 06:00:00 UTC,MUSDT,1782194400000,2026-06-23 06:00:00 UTC,1782195299999,2026-06-23 06:14:59 UTC,True,2.9199,2.9296,2.9198,2.9258,0.005900000000000016,0.20206171444227594,53.623361240563185,2.9199,2.9273741,2.9198,2.9258,0.005900000000000016,0.20206171444227594,1782195299999,2026-06-23 06:14:59 UTC,0.0,0.0,0.00206688,0.00280458,0.00059258,0.00228764,0.00018170999999999986,8.62849192518269,1782195299999,2026-06-23 06:14:59 UTC,406,135.0,49.815498154981555,3962.0,-1181.0,-22.96325102080498,11588.7867,-3402.3593999999994,-22.6957924184329,binance_kline_quote_asset_volume,9.758620689655173,28.54380960591133,0.009800000000000253,0.3356279324634492,0.005900000000000016,0.20206171444227594,0.005900000000000016,0.20206171444227594,0.0038000000000000256,38.775510204080895,0.00010000000000021103,1.020408163267433,0.6122448979591911,1923.0,2039.0,48.53609288238264,51.46390711761737,5625.2312,-992.6621999999998,-14.999670438934537,5963.5555,-2409.6972000000005,-28.778508022336414,48.54029455904991,51.45970544095009,0.9431093673369298,0.943268021904047,-338.3243000000002,-2.919410881900175,7321840.0,21379040.616,-1964.0,-0.026816665219331376,101173.3002433218,0.4754860942684843,0.6537,-0.0036000000000000476,-0.5476951163852195,39.53,60.47,1.5906,0.0007999999999999119,0.050320795068556544,61.4,38.6,0.7322,-0.0027000000000000357,-0.36739692475167174,42.27,57.730000000000004,0.9369000000000001,0.07850000000000001,-0.8584,1782187200000,2026-06-23 04:00:00 UTC,0.00010515,2.91937667
FINAL_REAL_MARK_PREMIUM_CLOSED_GUARD_2026_06_13,1782195300000,2026-06-23 06:15:00 UTC,MUSDT,1782195300000,2026-06-23 06:15:00 UTC,1782196199999,2026-06-23 06:29:59 UTC,True,2.9249,2.953,2.9233,2.9473,0.02149999999999963,0.7348417526830142,61.65389426077082,2.9258,2.94787205,2.9233,2.9473,0.02149999999999963,0.7348417526830142,1782196199999,2026-06-23 06:29:59 UTC,0.0,0.0,0.00220609,0.0036709,0.00023176,0.00023176,-0.00205588,-89.86903533772795,1782196199999,2026-06-23 06:29:59 UTC,931,525.0,129.31034482758622,15780.0,11818.0,298.28369510348307,46353.9223,34765.135599999994,299.98943375150736,binance_kline_quote_asset_volume,16.94951664876477,49.789390225563906,0.02970000000000006,1.0154193305754062,0.022399999999999753,0.7658381483127543,0.022399999999999753,0.7658381483127543,0.005700000000000038,19.191919191919283,0.0016000000000002679,5.387205387206278,0.8080808080808072,11117.0,4663.0,70.44993662864385,29.550063371356146,32661.8122,27036.581,480.6305739042334,13692.110099999998,7728.554599999998,129.59642280515368,70.46180901071236,29.53819098928765,2.3840874973193222,2.3854476747159667,18969.702100000002,40.9236180214247,7321827.0,21422201.4366,-13.0,-0.00017755099810976477,43160.82059999928,0.20188380468157147,0.6523,-0.0013999999999999568,-0.21416551935137784,39.48,60.519999999999996,1.5906,0.0,0.0,61.4,38.6,0.7328,0.0006000000000000449,0.08194482381863492,42.29,57.709999999999994,0.9383,0.08050000000000002,-0.8578,1782187200000,2026-06-23 04:00:00 UTC,0.00010515,2.91937667
FINAL_REAL_MARK_PREMIUM_CLOSED_GUARD_2026_06_13,1782196200000,2026-06-23 06:30:00 UTC,MUSDT,1782196200000,2026-06-23 06:30:00 UTC,1782197099999,2026-06-23 06:44:59 UTC,True,2.9466,2.9476,2.8934,2.8993,-0.0479999999999996,-1.6286092355715265,43.53089241900457,2.9473,2.9473,2.89089787,2.89869325,-0.04860674999999981,-1.6491958741899304,1782197099999,2026-06-23 06:44:59 UTC,0.0006067500000002113,0.02093184575498671,0.0,0.00346049,-0.00205804,0.0,-0.00023176,-100.0,1782197099999,2026-06-23 06:44:59 UTC,1747,816.0,87.64769065520946,35149.0,19369.0,122.74397972116604,102906.382,56552.4597,122.00145509585066,binance_kline_quote_asset_volume,20.119633657698913,58.90462621637092,0.054199999999999804,1.8394081314056812,-0.0472999999999999,-1.6052399375551447,0.0472999999999999,1.6052399375551447,0.0009999999999998899,1.8450184501843054,0.005900000000000016,10.88560885608863,0.1088560885608863,13050.0,22099.0,37.1276565478392,62.872343452160806,38177.7198,5515.907599999999,16.88794108001147,64728.6622,51036.5521,372.74424268615843,37.099467552945356,62.900532447054644,0.590524458120277,0.5898116615177009,-26550.9424,-25.801064894109288,7325285.0,21589812.4805,3458.0,0.04722864935213574,167611.0439000018,0.7824174578698387,0.6003,-0.052000000000000046,-7.971792120190104,37.51,62.49,1.5906,0.0,0.0,61.4,38.6,0.6918,-0.041000000000000036,-5.594978165938869,40.89,59.11,0.9903000000000001,0.09150000000000003,-0.8988,1782187200000,2026-06-23 04:00:00 UTC,0.00010515,2.91937667
FINAL_REAL_MARK_PREMIUM_CLOSED_GUARD_2026_06_13,1782197100000,2026-06-23 06:45:00 UTC,MUSDT,1782197100000,2026-06-23 06:45:00 UTC,1782197999999,2026-06-23 06:59:59 UTC,True,2.8977,2.9077,2.8902,2.9019,0.0025999999999997137,0.08967681854239691,44.48284134086483,2.89864003,2.90651601,2.89135327,2.9017,0.003006749999999947,0.10372777457566255,1782197999999,2026-06-23 06:59:59 UTC,0.00019999999999997797,0.006892511286486472,0.0,0.00282672,0.0,0.00030944,0.00030944,,1782197999999,2026-06-23 06:59:59 UTC,625,-1122.0,-64.22438465941615,6424.0,-28725.0,-81.72351987254261,18633.9029,-84272.4791,-81.89237388600446,binance_kline_quote_asset_volume,10.2784,29.814244640000002,0.01750000000000007,0.6039272526486549,0.0041999999999999815,0.14494254063567594,0.0041999999999999815,0.14494254063567594,0.005800000000000249,33.14285714285843,0.00749999999999984,42.857142857141774,0.6685714285714157,3168.0,3256.0,49.31506849315068,50.68493150684932,9187.4542,-28990.2656,-75.93503685361533,9446.4487,-55282.2135,-85.40608073929883,49.30504494579072,50.69495505420928,0.972972972972973,0.9725828712752126,-258.9945000000007,-1.3899101084185679,7328047.0,21241760.37458275,2762.0,0.03770501762047484,-348052.1059172526,-1.6121126861644333,0.6611,0.060800000000000076,10.12826919873398,39.800000000000004,60.199999999999996,1.5902,-0.00039999999999995595,-0.02514774299006387,61.39,38.61,0.7434,0.05159999999999998,7.458803122289677,42.64,57.36,0.9291,0.08229999999999993,-0.8468000000000001,1782187200000,2026-06-23 04:00:00 UTC,0.00010515,2.91937667
FINAL_REAL_MARK_PREMIUM_CLOSED_GUARD_2026_06_13,1782198000000,2026-06-23 07:00:00 UTC,MUSDT,1782198000000,2026-06-23 07:00:00 UTC,1782198899999,2026-06-23 07:14:59 UTC,True,2.903,2.9162,2.8976,2.8979,-0.0040000000000000036,-0.13784072504221384,43.274184698623415,2.901751,2.9141743,2.89567041,2.89839,-0.003309999999999924,-0.11407106179136108,1782198899999,2026-06-23 07:14:59 UTC,-0.0004900000000001015,-0.016905937434234228,0.00084504,0.00333245,0.0,0.00077617,0.00046672999999999994,150.83053257497411,1782198899999,2026-06-23 07:14:59 UTC,512,-113.0,-18.08,5389.0,-1035.0,-16.111457036114572,15664.6256,-2969.2773000000016,-15.934811488150459,binance_kline_quote_asset_volume,10.525390625,30.594971875,0.018599999999999728,0.6407165001722263,-0.0051000000000001044,-0.17568033069239078,0.0051000000000001044,0.17568033069239078,0.013199999999999878,70.96774193548426,0.0002999999999997449,1.6129032258051037,0.016129032258051037,3141.0,2248.0,58.28539617739841,41.714603822601596,9128.8412,-58.612999999999374,-0.6379678061415466,6535.784399999999,-2910.664300000002,-30.81225963784678,58.276791498929924,41.723208501070076,1.3972419928825623,1.3967476038530284,2593.056800000002,16.553582997859852,7326512.0,21259339.8704,-1535.0,-0.020946918053336722,17579.495817251503,0.08275912875039584,0.6595,-0.0016000000000000458,-0.24202087430041536,39.739999999999995,60.260000000000005,1.5903,9.999999999998899e-05,0.006288517167651175,61.39,38.61,0.7434,0.0,0.0,42.64,57.36,0.9308000000000001,0.08389999999999997,-0.8469000000000001,1782187200000,2026-06-23 04:00:00 UTC,0.00010515,2.91937667
FINAL_REAL_MARK_PREMIUM_CLOSED_GUARD_2026_06_13,1782198900000,2026-06-23 07:15:00 UTC,MUSDT,1782198900000,2026-06-23 07:15:00 UTC,1782199799999,2026-06-23 07:29:59 UTC,True,2.8994,2.8994,2.8753,2.8753,-0.02259999999999973,-0.7798750819558898,37.13480247428923,2.8979,2.89889963,2.87624302,2.87624302,-0.02214698000000004,-0.7641131800758365,1782199799999,2026-06-23 07:29:59 UTC,-0.0009430199999997946,-0.03278652024333446,0.00080953,0.00307153,0.0,0.0,-0.00077617,-100.0,1782199799999,2026-06-23 07:29:59 UTC,855,343.0,66.9921875,16358.0,10969.0,203.54425681944704,47256.969,31592.343399999998,201.67953072558592,binance_kline_quote_asset_volume,19.132163742690057,55.271308771929824,0.024099999999999788,0.8312064565082359,-0.024099999999999788,-0.8312064565082359,0.024099999999999788,0.8312064565082359,0.0,0.0,0.0,0.0,0.0,9375.0,6983.0,57.311407262501525,42.68859273749847,27082.739,17953.8978,196.67225452448443,20174.229999999996,13638.445599999997,208.67343176130473,57.309513439171276,42.69048656082873,1.3425461835887154,1.342442264215289,6908.5090000000055,14.619026878342547,7325913.0,21233352.98007,-599.0,-0.00817578678639986,-25986.890330001712,-0.12223752237097456,0.6576,-0.0019000000000000128,-0.2880970432145584,39.67,60.33,1.5902,-9.999999999998899e-05,-0.0062881217380361554,61.39,38.61,0.7394,-0.0040000000000000036,-0.5380683346785047,42.51,57.489999999999995,0.9326000000000001,0.08179999999999998,-0.8508000000000001,1782187200000,2026-06-23 04:00:00 UTC,0.00010515,2.91937667
FINAL_REAL_MARK_PREMIUM_CLOSED_GUARD_2026_06_13,1782199800000,2026-06-23 07:30:00 UTC,MUSDT,1782199800000,2026-06-23 07:30:00 UTC,1782200699999,2026-06-23 07:44:59 UTC,True,2.8771,2.896,2.87,2.8944,0.019099999999999895,0.6642785100685109,44.32389736927101,2.87624302,2.8944,2.86504129,2.8944,0.0181569800000001,0.6312741960170007,1782200699999,2026-06-23 07:44:59 UTC,0.0,0.0,0.0,0.0035466,-6.603e-05,0.00044605,0.00044605,,1782200699999,2026-06-23 07:44:59 UTC,567,-288.0,-33.68421052631579,6376.0,-9982.0,-61.02212984472429,18394.8796,-28862.089399999997,-61.07477904475845,binance_kline_quote_asset_volume,11.24514991181658,32.4424684303351,0.0259999999999998,0.9036877411282125,0.017300000000000093,0.6012999200583954,0.017300000000000093,0.6012999200583954,0.0015999999999998238,6.153846153845524,0.007099999999999884,27.307692307692072,0.9384615384615448,3772.0,2604.0,59.15934755332497,40.84065244667503,10880.1268,-16202.612200000001,-59.8263425276151,7514.7528,-12659.477199999996,-62.75073298956143,59.14758365692157,40.85241634307843,1.4485407066052227,1.4478356227499591,3365.374,18.29516731384314,7322321.0,21060774.66644942,-3592.0,-0.04903143130419376,-172578.3136205785,-0.8127699557510467,0.6631,0.00550000000000006,0.8363746958637561,39.87,60.129999999999995,1.5898,-0.00039999999999995595,-0.0251540686706047,61.39,38.61,0.7476,0.008200000000000096,1.1090073032188392,42.78,57.220000000000006,0.9267000000000001,0.08450000000000002,-0.8422000000000001,1782187200000,2026-06-23 04:00:00 UTC,0.00010515,2.91937667
FINAL_REAL_MARK_PREMIUM_CLOSED_GUARD_2026_06_13,1782200700000,2026-06-23 07:45:00 UTC,MUSDT,1782200700000,2026-06-23 07:45:00 UTC,1782201599999,2026-06-23 07:59:59 UTC,True,2.894,2.9101,2.8873,2.9054,0.01100000000000012,0.38004422332780957,48.01127090145439,2.8944,2.90638831,2.8873,2.9054,0.01100000000000012,0.38004422332780957,1782201599999,2026-06-23 07:59:59 UTC,0.0,0.0,0.00043878,0.00221382,0.0,0.00146042,0.0010143700000000001,227.41172514292126,1782201599999,2026-06-23 07:59:59 UTC,595,28.0,4.938271604938271,5330.0,-1046.0,-16.40526976160602,15441.9197,-2952.9599,-16.05316242461299,binance_kline_quote_asset_volume,8.957983193277311,25.952806218487396,0.02279999999999971,0.7878369039391745,0.011400000000000077,0.39391845196959485,0.011400000000000077,0.39391845196959485,0.004699999999999704,20.614035087718264,0.006699999999999928,29.38596491228076,0.7938596491228174,2679.0,2651.0,50.26266416510319,49.73733583489681,7763.1256,-3117.0011999999997,-28.648574205955025,7678.7941,164.04129999999986,2.1829234356185325,50.27306028537372,49.72693971462628,1.010562052055828,1.010982388497694,84.33150000000023,0.5461205707474326,7321878.0,21192443.6832,-443.0,-0.006049994257285361,131669.01675058156,0.6251860097071125,0.6534,-0.009700000000000042,-1.4628261197406185,39.519999999999996,60.480000000000004,1.5896,-0.00020000000000020002,-0.012580198767153102,61.38,38.62,0.7413,-0.006300000000000083,-0.8426966292134942,42.57,57.43000000000001,0.9361999999999999,0.08789999999999998,-0.8482999999999999,1782187200000,2026-06-23 04:00:00 UTC,0.00010515,2.91937667
FINAL_REAL_MARK_PREMIUM_CLOSED_GUARD_2026_06_13,1782201600000,2026-06-23 08:00:00 UTC,MUSDT,1782201600000,2026-06-23 08:00:00 UTC,1782202499999,2026-06-23 08:14:59 UTC,True,2.9049,2.9261,2.9005,2.9232,0.017799999999999816,0.6126523026089287,53.3906633596243,2.9054,2.92265158,2.9006,2.92092078,0.015520779999999679,0.5342045845666579,1782202499999,2026-06-23 08:14:59 UTC,0.0022792200000001372,0.07803087353845103,0.00108785,0.00356534,0.0,0.00175615,0.0002957299999999999,20.249654209063138,1782202499999,2026-06-23 08:14:59 UTC,1416,821.0,137.98319327731093,15430.0,10100.0,189.49343339587242,44957.7209,29515.8012,191.1407504599315,binance_kline_quote_asset_volume,10.896892655367232,31.749802895480226,0.025599999999999845,0.881269578987223,0.018299999999999983,0.629970050604151,0.018299999999999983,0.629970050604151,0.0028999999999999027,11.328124999999687,0.0043999999999999595,17.187499999999943,0.8867187500000031,8345.0,7085.0,54.082955281918345,45.917044718081655,24320.6606,16557.535,213.28438895797333,20637.0603,12958.266200000002,168.7539219211517,54.09673825347316,45.90326174652684,1.1778405081157375,1.1784944292671373,3683.6002999999982,8.193476506946325,7321764.0,21272653.1256,-114.0,-0.0015569775950924065,80209.44239999726,0.3784813285292914,0.6576,0.0041999999999999815,0.6427915518824582,39.67,60.33,1.5896,0.0,0.0,61.38,38.62,0.7461,0.0048000000000000265,0.647511129097535,42.730000000000004,57.269999999999996,0.9319999999999999,0.08850000000000002,-0.8434999999999999,1782187200000,2026-06-23 04:00:00 UTC,0.00010515,2.91937667
FINAL_REAL_MARK_PREMIUM_CLOSED_GUARD_2026_06_13,1782202500000,2026-06-23 08:15:00 UTC,MUSDT,1782202500000,2026-06-23 08:15:00 UTC,1782203399999,2026-06-23 08:29:59 UTC,True,2.9218,2.9273,2.8896,2.8943,-0.028900000000000148,-0.9886425834701748,45.21107598922145,2.92079561,2.92426621,2.8897,2.8949,-0.026020780000000077,-0.8908416886266967,1782203399999,2026-06-23 08:29:59 UTC,-0.0005999999999999339,-0.02072610452865156,0.00186782,0.0024602,0.0,0.0,-0.00175615,-100.0,1782203399999,2026-06-23 08:29:59 UTC,1043,-373.0,-26.34180790960452,11950.0,-3480.0,-22.55346727154893,34749.0857,-10208.635199999997,-22.70719021257147,binance_kline_quote_asset_volume,11.457334611697028,33.31647718120806,0.03769999999999962,1.2903004996919578,-0.027500000000000302,-0.9412006297487954,0.027500000000000302,0.9412006297487954,0.005499999999999616,14.588859416444752,0.004699999999999704,12.4668435013256,0.124668435013256,5293.0,6657.0,44.2928870292887,55.70711297071129,15389.3773,-8931.2833,-36.7230292256124,19359.708400000003,-1277.3518999999978,-6.189602014197719,44.287143071508204,55.712856928491796,0.7951028992038456,0.7949178253118728,-3970.331100000003,-11.425713856983588,7322051.0,21387130.91811978,287.0,0.0039198204148617735,114477.79251978174,0.5381453448419019,0.6332,-0.024399999999999977,-3.71046228710462,38.769999999999996,61.23,1.5911,0.0015000000000000568,0.09436336185204183,61.41,38.59,0.7209,-0.0252,-3.3775633293124248,41.89,58.10999999999999,0.9579,0.0877,-0.8702,1782201600005,2026-06-23 08:00:00 UTC,0.00028838,2.9054
FINAL_REAL_MARK_PREMIUM_CLOSED_GUARD_2026_06_13,1782203400000,2026-06-23 08:30:00 UTC,MUSDT,1782203400000,2026-06-23 08:30:00 UTC,1782204299999,2026-06-23 08:44:59 UTC,True,2.8949,2.9046,2.8865,2.889,-0.005300000000000082,-0.18311854334381655,43.88329033453514,2.89427229,2.90177567,2.88650803,2.889,-0.005900000000000016,-0.20380669453176334,1782204299999,2026-06-23 08:44:59 UTC,0.0,0.0,0.00026547,0.00296945,0.0,0.00034193,0.00034193,,1782204299999,2026-06-23 08:44:59 UTC,446,-597.0,-57.238734419942475,5574.0,-6376.0,-53.35564853556486,16140.3497,-18608.736000000004,-53.55172841281405,binance_kline_quote_asset_volume,12.497757847533633,36.189124887892376,0.018100000000000005,0.625237486614391,-0.005900000000000016,-0.20380669453176334,0.005900000000000016,0.20380669453176334,0.009700000000000042,53.591160220994695,0.0024999999999999467,13.812154696132298,0.13812154696132298,3018.0,2556.0,54.14424111948332,45.85575888051668,8737.5848,-6651.7925,-43.22327258816378,7402.7649,-11956.943500000003,-61.762002055774765,54.13504020919696,45.86495979080304,1.1807511737089202,1.1803136960353828,1334.8199000000004,8.270080418393912,7322174.0,21196961.5126,123.0,0.0016798571875557818,-190169.40551977977,-0.8891767963072733,0.625,-0.008199999999999985,-1.295009475679088,38.46,61.53999999999999,1.5913,0.00019999999999997797,0.012569920181005468,61.41,38.59,0.7173,-0.0035999999999999366,-0.4993757802746479,41.77,58.230000000000004,0.9662999999999999,0.09230000000000005,-0.8739999999999999,1782201600005,2026-06-23 08:00:00 UTC,0.00028838,2.9054
FINAL_REAL_MARK_PREMIUM_CLOSED_GUARD_2026_06_13,1782204300000,2026-06-23 08:45:00 UTC,MUSDT,1782204300000,2026-06-23 08:45:00 UTC,1782205199999,2026-06-23 08:59:59 UTC,True,2.8882,2.9041,2.8734,2.8766,-0.012399999999999967,-0.4292142609899608,40.85979170234107,2.889,2.90309367,2.8754644,2.87645167,-0.012548329999999996,-0.4343485635167877,1782205199999,2026-06-23 08:59:59 UTC,0.00014833000000002983,0.005156700581728523,0.00036065,0.00379978,0.0,0.0,-0.00034193,-100.0,1782205199999,2026-06-23 08:59:59 UTC,305,-141.0,-31.614349775784756,3914.0,-1660.0,-29.781126659490493,11310.7101,-4829.6396,-29.922769269367194,binance_kline_quote_asset_volume,12.832786885245902,37.084295409836066,0.03069999999999995,1.0629457793781576,-0.011600000000000055,-0.4016342358562445,0.011600000000000055,0.4016342358562445,0.015900000000000247,51.791530944626295,0.0031999999999996476,10.423452768728511,0.10423452768728511,2061.0,1853.0,52.657128257537046,47.342871742462954,5958.463,-2779.121800000001,-31.80652163742091,5352.2471000000005,-2050.5177999999996,-27.69935054941431,52.67983130431395,47.32016869568605,1.1122504047490556,1.1132638102601802,606.2158999999992,5.3596626086278985,7321407.0,21151544.823,-767.0,-0.01047503104952163,-45416.68960000202,-0.21426037676676069,0.6279,0.0029000000000000137,0.4640000000000022,38.57,61.42999999999999,1.5918,0.000500000000000167,0.03142085087665224,61.419999999999995,38.58,0.72,0.0026999999999999247,0.3764115432873169,41.86,58.14,0.9639000000000001,0.09209999999999996,-0.8718000000000001,1782201600005,2026-06-23 08:00:00 UTC,0.00028838,2.9054
FINAL_REAL_MARK_PREMIUM_CLOSED_GUARD_2026_06_13,1782205200000,2026-06-23 09:00:00 UTC,MUSDT,1782205200000,2026-06-23 09:00:00 UTC,1782206099999,2026-06-23 09:14:59 UTC,True,2.8759,2.894,2.8728,2.8912,0.014600000000000168,0.5075436278940475,45.611336561325196,2.87645167,2.88907435,2.873,2.88907435,0.01262268000000022,0.43882816219888787,1782206099999,2026-06-23 09:14:59 UTC,0.002125649999999979,0.07357546890407922,0.0,0.00401835,0.0,0.00204223,0.00204223,,1782206099999,2026-06-23 09:14:59 UTC,507,202.0,66.22950819672131,7286.0,3372.0,86.15227388860501,21005.5857,9694.8756,85.71411975274656,binance_kline_quote_asset_volume,14.370808678500985,41.43113550295858,0.02120000000000033,0.7371605410480312,0.01529999999999987,0.5320073716054059,0.01529999999999987,0.5320073716054059,0.0028000000000001357,13.207547169811756,0.0031000000000003247,14.622641509435267,0.8679245283018825,4232.0,3054.0,58.08399670601153,41.91600329398847,12204.2043,6245.7413,104.82134906266936,8801.3814,3449.1342999999997,64.4427328476669,58.09980485333479,41.900195146665205,1.3857236411263916,1.3866237293159458,3402.822899999999,16.19960970666959,7321293.0,21059345.47640931,-114.0,-0.0015570777584144688,-92199.34659069031,-0.43589887813032735,0.6295,0.0015999999999999348,0.25481764612198354,38.629999999999995,61.370000000000005,1.5917,-0.00010000000000021103,-0.006282196255824288,61.41,38.59,0.7206,0.0006000000000000449,0.08333333333333959,41.88,58.120000000000005,0.9621999999999999,0.09110000000000007,-0.8710999999999999,1782201600005,2026-06-23 08:00:00 UTC,0.00028838,2.9054
FINAL_REAL_MARK_PREMIUM_CLOSED_GUARD_2026_06_13,1782206100000,2026-06-23 09:15:00 UTC,MUSDT,1782206100000,2026-06-23 09:15:00 UTC,1782206999999,2026-06-23 09:29:59 UTC,True,2.8893,2.899,2.8737,2.8801,-0.011099999999999888,-0.3839236303265041,42.79612378174538,2.88929698,2.8977,2.87473155,2.88087417,-0.008200180000000223,-0.28383416300796216,1782206999999,2026-06-23 09:29:59 UTC,-0.0007741699999996854,-0.026872746059564464,0.00218041,0.00340796,0.0,0.00089016,-0.0011520699999999998,-56.41235316296401,1782206999999,2026-06-23 09:29:59 UTC,736,229.0,45.16765285996055,15809.0,8523.0,116.97776557782046,45571.291,24565.705299999998,116.94844243262399,binance_kline_quote_asset_volume,21.47961956521739,61.91751494565217,0.0253000000000001,0.8756446198041082,-0.009199999999999875,-0.3184162253833065,0.009199999999999875,0.3184162253833065,0.009700000000000042,38.339920948616616,0.006400000000000183,25.29644268774766,0.2529644268774766,9059.0,6750.0,57.30280220127776,42.69719779872225,26100.9783,13896.774,113.86874275777241,19470.3127,10668.931299999998,121.2188270809398,57.27504691495354,42.72495308504646,1.342074074074074,1.3405525993426906,6630.6656,14.550093829907079,7321688.0,21152900.9995028,395.0,0.005395221854937372,93555.52309349179,0.4442470598067388,0.6308,0.0013000000000000789,0.20651310563940892,38.68,61.31999999999999,1.5917,0.0,0.0,61.419999999999995,38.58,0.7197,-0.0009000000000000119,-0.1248959200666128,41.85,58.15,0.9608999999999999,0.08889999999999998,-0.8719999999999999,1782201600005,2026-06-23 08:00:00 UTC,0.00028838,2.9054
FINAL_REAL_MARK_PREMIUM_CLOSED_GUARD_2026_06_13,1782207000000,2026-06-23 09:30:00 UTC,MUSDT,1782207000000,2026-06-23 09:30:00 UTC,1782207899999,2026-06-23 09:44:59 UTC,True,2.8802,2.8805,2.8449,2.8591,-0.020999999999999908,-0.729141349258703,38.015543363177876,2.8801,2.8802,2.84673575,2.85907223,-0.021801939999999576,-0.7567820985391936,1782207899999,2026-06-23 09:44:59 UTC,2.776999999998253e-05,0.0009712941040311713,0.00051,0.00239034,-0.00065855,0.00239034,0.0015001799999999998,168.52925316796978,1782207899999,2026-06-23 09:44:59 UTC,1831,1095.0,148.77717391304347,49229.0,33420.0,211.39857043456257,140834.9708,95263.67980000001,209.04318861627164,binance_kline_quote_asset_volume,26.88640087383943,76.91696930638996,0.035600000000000076,1.2360252760225012,-0.021099999999999675,-0.7325880147211886,0.021099999999999675,0.7325880147211886,0.000300000000000189,0.8426966292140122,0.014200000000000212,39.88764044943871,0.39887640449438716,29160.0,20069.0,59.23337869954701,40.76662130045299,83433.181,57332.202699999994,219.65537858785927,57401.78980000001,37931.47710000002,194.81698976514136,59.24180658118189,40.75819341881811,1.4529871941800787,1.453494416998126,26031.391199999984,18.483613162363778,7320513.0,21089476.81284921,-1175.0,-0.016048211833118265,-63424.18665359169,-0.2998368245333464,0.6329,0.0020999999999999908,0.3329105897273289,38.76,61.24000000000001,1.5908,-0.0008999999999999009,-0.05654331846452856,61.4,38.6,0.7227,0.0030000000000000027,0.4168403501458945,41.949999999999996,58.050000000000004,0.9579,0.08979999999999999,-0.8681,1782201600005,2026-06-23 08:00:00 UTC,0.00028838,2.9054
FINAL_REAL_MARK_PREMIUM_CLOSED_GUARD_2026_06_13,1782207900000,2026-06-23 09:45:00 UTC,MUSDT,1782207900000,2026-06-23 09:45:00 UTC,1782208799999,2026-06-23 09:59:59 UTC,True,2.8603,2.866,2.8476,2.8525,-0.006600000000000161,-0.23084187331678363,36.63060757011201,2.85908423,2.86477087,2.8476,2.8521,-0.006972230000000135,-0.24386337381900053,1782208799999,2026-06-23 09:59:59 UTC,0.00039999999999995595,0.014024753690261769,0.0025011,0.0025736,-0.00051809,0.00020072,-0.0021896199999999998,-91.6028682112168,1782208799999,2026-06-23 09:59:59 UTC,614,-1217.0,-66.46641179683233,12059.0,-37170.0,-75.50427593491641,34416.0318,-106418.93900000001,-75.56286510054788,binance_kline_quote_asset_volume,19.640065146579804,56.05216905537459,0.018400000000000194,0.6432891654721601,-0.007800000000000029,-0.2726986679718921,0.007800000000000029,0.2726986679718921,0.005700000000000038,30.978260869565098,0.0049000000000001265,26.630434782609104,0.266304347826091,7582.0,4477.0,62.87420184094867,37.125798159051335,21638.1708,-61795.0102,-74.06526930814252,12777.860999999997,-44623.928800000016,-77.73961222372895,62.87235822463414,37.12764177536586,1.6935447844538754,1.6934110333490093,8860.309800000003,25.744716449268285,7327538.0,20949960.41006974,7025.0,0.09596322006394907,-139516.4027794674,-0.6615451109458728,0.6308,-0.0020999999999999908,-0.3318059725075037,38.68,61.31999999999999,1.5861,-0.0046999999999999265,-0.29544883077696293,61.33,38.67,0.7224,-0.00029999999999996696,-0.041511000415105435,41.94,58.06,0.9553,0.09160000000000001,-0.8637,1782201600005,2026-06-23 08:00:00 UTC,0.00028838,2.9054
FINAL_REAL_MARK_PREMIUM_CLOSED_GUARD_2026_06_13,1782208800000,2026-06-23 10:00:00 UTC,MUSDT,1782208800000,2026-06-23 10:00:00 UTC,1782209699999,2026-06-23 10:14:59 UTC,True,2.8525,2.861,2.8384,2.8538,0.0013000000000000789,0.04557405784399926,37.11655452684127,2.8525,2.8593841,2.8399,2.8538,0.0017000000000000348,0.05960520318362031,1782209699999,2026-06-23 10:14:59 UTC,0.0,0.0,0.00010272,0.00248737,-0.00011913,0.00085836,0.0006576399999999999,327.64049422080507,1782209699999,2026-06-23 10:14:59 UTC,910,296.0,48.20846905537459,22234.0,10175.0,84.37681399784394,63362.1186,28946.086800000005,84.1064041555192,binance_kline_quote_asset_volume,24.43296703296703,69.62870175824176,0.022600000000000176,0.7922874671340989,0.0013000000000000789,0.04557405784399926,0.0013000000000000789,0.04557405784399926,0.007200000000000095,31.858407079646188,0.014100000000000001,62.38938053097297,0.6814159292035381,15805.0,6429.0,71.08482504272735,28.915174957272644,45032.1136,23393.942799999997,108.11423486868861,18330.005000000005,5552.1440000000075,43.451278739062886,71.07103517842283,28.928964821577168,2.458391662778037,2.4567431160002404,26702.108599999992,42.142070356845664,7330745.0,20908017.8145,3207.0,0.043766405578517645,-41942.59556974098,-0.20020369847372593,0.6324,0.0015999999999999348,0.2536461636017652,38.74,61.260000000000005,1.5849,-0.0012000000000000899,-0.07565727255533004,61.309999999999995,38.690000000000005,0.7218,-0.0006000000000000449,-0.08305647840532183,41.92,58.08,0.9525,0.08940000000000003,-0.8631,1782201600005,2026-06-23 08:00:00 UTC,0.00028838,2.9054
FINAL_REAL_MARK_PREMIUM_CLOSED_GUARD_2026_06_13,1782209700000,2026-06-23 10:15:00 UTC,MUSDT,1782209700000,2026-06-23 10:15:00 UTC,1782210599999,2026-06-23 10:29:59 UTC,True,2.8547,2.8547,2.8276,2.8332,-0.02059999999999995,-0.7218445581330138,32.8214333744922,2.8538,2.85434353,2.826486,2.83043683,-0.0233631700000001,-0.8186687924872136,1782210599999,2026-06-23 10:29:59 UTC,0.002763170000000148,0.09762344704934284,0.00077389,0.002086,-0.00080666,0.00165694,0.00079858,93.03555617689548,1782210599999,2026-06-23 10:29:59 UTC,1126,216.0,23.736263736263734,25750.0,3516.0,15.813618782045516,73072.0298,9709.911200000002,15.324473699021803,binance_kline_quote_asset_volume,22.868561278863233,64.89523072824157,0.027099999999999902,0.9493116614705539,-0.02149999999999963,-0.7531439380670344,0.02149999999999963,0.7531439380670344,0.0,0.0,0.005600000000000271,20.664206642067498,0.20664206642067498,14990.0,10760.0,58.213592233009706,41.786407766990294,42558.8462,-2473.267399999997,-5.492230326937168,30513.183600000004,12183.1786,66.465768012611,58.242321058392164,41.757678941607836,1.3931226765799256,1.394769118749051,12045.662599999996,16.48464211678433,7332613.0,20925810.9794,1868.0,0.025481721162037417,17793.16490000114,0.08510211277733526,0.638,0.005600000000000049,0.885515496521197,38.95,61.050000000000004,1.5826,-0.0022999999999999687,-0.14511956590320957,61.28,38.72,0.7265,0.0047000000000000375,0.6511499030202323,42.08,57.92,0.9446,0.08850000000000002,-0.8561,1782201600005,2026-06-23 08:00:00 UTC,0.00028838,2.9054
FINAL_REAL_MARK_PREMIUM_CLOSED_GUARD_2026_06_13,1782210600000,2026-06-23 10:30:00 UTC,MUSDT,1782210600000,2026-06-23 10:30:00 UTC,1782211499999,2026-06-23 10:44:59 UTC,True,2.8344,2.8666,2.8024,2.8571,0.02389999999999981,0.8435691091345408,41.30748803905995,2.83043683,2.86138618,2.80235379,2.8571,0.02666316999999996,0.9420160774264642,1782211499999,2026-06-23 10:44:59 UTC,0.0,0.0,0.00113014,0.00359286,-0.00011773,0.00077682,-0.00088012,-53.11719193211582,1782211499999,2026-06-23 10:44:59 UTC,1392,266.0,23.623445825932503,40122.0,14372.0,55.813592233009715,113294.6369,40222.607099999994,55.04514820525759,binance_kline_quote_asset_volume,28.823275862068964,81.3898253591954,0.06420000000000003,2.2650296359017794,0.022699999999999942,0.8008749647191625,0.022699999999999942,0.8008749647191625,0.009500000000000064,14.797507788162084,0.03200000000000003,49.84423676012463,0.8520249221183791,22567.0,17555.0,56.245949852948506,43.754050147051494,63693.1025,21134.2563,49.658903346867525,49601.5344,19088.350799999993,62.55771619976092,56.21899168644584,43.78100831355416,1.2855027057818285,1.2840954069356372,14091.568100000004,12.437983372891683,7334396.0,20759544.56420468,1783.0,0.024316024860441973,-166266.4151953198,-0.7945518353338729,0.6529,0.014900000000000024,2.3354231974921666,39.5,60.5,1.5816,-0.001000000000000112,-0.06318716036902008,61.260000000000005,38.74,0.7355,0.009000000000000008,1.2388162422573996,42.38,57.620000000000005,0.9286999999999999,0.0826,-0.8460999999999999,1782201600005,2026-06-23 08:00:00 UTC,0.00028838,2.9054
FINAL_REAL_MARK_PREMIUM_CLOSED_GUARD_2026_06_13,1782211500000,2026-06-23 10:45:00 UTC,MUSDT,1782211500000,2026-06-23 10:45:00 UTC,1782212399999,2026-06-23 10:59:59 UTC,True,2.8588,2.8768,2.85,2.8507,-0.006400000000000183,-0.22400336005040716,39.855606217768965,2.8571,2.8759,2.85026972,2.8507,-0.006400000000000183,-0.22400336005040716,1782212399999,2026-06-23 10:59:59 UTC,0.0,0.0,0.00075249,0.00361505,-4.408e-05,0.0,-0.00077682,-100.0,1782212399999,2026-06-23 10:59:59 UTC,889,-503.0,-36.13505747126437,20960.0,-19162.0,-47.75933403120482,60043.7726,-53250.8643,-47.002105092584486,binance_kline_quote_asset_volume,23.57705286839145,67.54080157480314,0.026799999999999713,0.937456275360281,-0.008100000000000218,-0.28333566531412546,0.008100000000000218,0.28333566531412546,0.017999999999999794,67.16417910447757,0.0006999999999997009,2.6119402985063744,0.026119402985063746,10499.0,10461.0,50.09064885496183,49.909351145038165,30080.7246,-33612.3779,-52.772398549748765,29963.047999999995,-19638.4864,-39.59249776756907,50.097992343672296,49.902007656327704,1.0036325399101425,1.0039273908315338,117.67660000000615,0.19598468734458926,7336732.0,20961776.9972,2336.0,0.031849930110127676,202232.43299531937,0.9741660389988767,0.6453,-0.007600000000000051,-1.1640373717261527,39.22,60.78,1.5795,-0.0020999999999999908,-0.13277693474962005,61.23,38.769999999999996,0.7301,-0.005400000000000071,-0.7341944255608526,42.199999999999996,57.8,0.9341999999999999,0.08479999999999999,-0.8493999999999999,1782201600005,2026-06-23 08:00:00 UTC,0.00028838,2.9054
FINAL_REAL_MARK_PREMIUM_CLOSED_GUARD_2026_06_13,1782212400000,2026-06-23 11:00:00 UTC,MUSDT,1782212400000,2026-06-23 11:00:00 UTC,1782213299999,2026-06-23 11:14:59 UTC,True,2.8506,2.8688,2.8478,2.8644,0.013700000000000045,0.4805837162802135,44.36363332693465,2.8507,2.8672,2.8496,2.8644,0.013700000000000045,0.4805837162802135,1782213299999,2026-06-23 11:14:59 UTC,0.0,0.0,0.0,0.00121395,-6.25e-06,0.0,0.0,,1782213299999,2026-06-23 11:14:59 UTC,474,-415.0,-46.681664791901014,10174.0,-10786.0,-51.459923664122144,29099.3216,-30944.450999999997,-51.53648689955901,binance_kline_quote_asset_volume,21.464135021097047,61.39097383966244,0.020999999999999908,0.736687013260363,0.013799999999999812,0.48410860871394834,0.013799999999999812,0.48410860871394834,0.0043999999999999595,20.952380952380853,0.0028000000000001357,13.333333333334037,0.7904761904761914,7110.0,3064.0,69.88401808531552,30.115981914684493,20334.1393,-9746.585300000002,-32.40143124743744,8765.1823,-21197.865699999995,-70.74669339380961,69.87839640907643,30.12160359092358,2.3204960835509136,2.319876370397909,11568.956999999999,39.75679281815284,7332493.0,20902737.7951,-4239.0,-0.05777776808530011,-59039.202100001276,-0.28165170399383377,0.6515,0.006199999999999983,0.9607934294126738,39.45,60.550000000000004,1.578,-0.0014999999999998348,-0.09496676163341784,61.21,38.79,0.7397,0.009600000000000053,1.3148883714559723,42.52,57.48,0.9265000000000001,0.08820000000000006,-0.8383,1782201600005,2026-06-23 08:00:00 UTC,0.00028838,2.9054
FINAL_REAL_MARK_PREMIUM_CLOSED_GUARD_2026_06_13,1782213300000,2026-06-23 11:15:00 UTC,MUSDT,1782213300000,2026-06-23 11:15:00 UTC,1782214199999,2026-06-23 11:29:59 UTC,True,2.8657,2.8758,2.8609,2.8742,0.009800000000000253,0.34213098729228647,47.400747585652205,2.8644,2.87510367,2.86123399,2.8742,0.009800000000000253,0.34213098729228647,1782214199999,2026-06-23 11:29:59 UTC,0.0,0.0,0.0,0.00131731,0.0,0.00119112,0.00119112,,1782214199999,2026-06-23 11:29:59 UTC,293,-181.0,-38.18565400843882,4211.0,-5963.0,-58.610182818950264,12072.1401,-17027.1815,-58.51401532329881,binance_kline_quote_asset_volume,14.372013651877133,41.2018433447099,0.014899999999999913,0.519942771399655,0.008500000000000174,0.29661164811390495,0.008500000000000174,0.29661164811390495,0.0015999999999998238,10.738255033555927,0.0047999999999999154,32.21476510067076,0.8926174496644408,1717.0,2494.0,40.774162906673,59.225837093327,4921.7417,-15412.3976,-75.79567235481662,7150.398400000001,-1614.7838999999994,-18.42270753455977,40.76942165374638,59.23057834625362,0.6884522854851644,0.6883171292945018,-2228.6567000000014,-18.46115669250725,7330940.0,20998744.536,-1553.0,-0.02117969972831887,96006.7408999987,0.45930223036383544,0.6507,-0.0008000000000000229,-0.12279355333845327,39.42,60.58,1.578,0.0,0.0,61.21,38.79,0.7388,-0.0009000000000000119,-0.12167094768149411,42.49,57.50999999999999,0.9273000000000001,0.08810000000000007,-0.8392000000000001,1782201600005,2026-06-23 08:00:00 UTC,0.00028838,2.9054
FINAL_REAL_MARK_PREMIUM_CLOSED_GUARD_2026_06_13,1782214200000,2026-06-23 11:30:00 UTC,MUSDT,1782214200000,2026-06-23 11:30:00 UTC,1782215099999,2026-06-23 11:44:59 UTC,True,2.8742,2.8982,2.8716,2.8907,0.016499999999999737,0.5740727854707305,52.138091698544336,2.8742,2.8949,2.8723839,2.8907,0.016499999999999737,0.5740727854707305,1782215099999,2026-06-23 11:44:59 UTC,0.0,0.0,0.00119529,0.0025619,0.0,0.00064705,-0.0005440699999999999,-45.67717778225535,1782215099999,2026-06-23 11:44:59 UTC,789,496.0,169.28327645051195,13577.0,9366.0,222.41747803372124,39141.3124,27069.172300000002,224.22844728251624,binance_kline_quote_asset_volume,17.20785804816223,49.60876096324461,0.02660000000000018,0.9254749147588957,0.016499999999999737,0.5740727854707305,0.016499999999999737,0.5740727854707305,0.007500000000000284,28.19548872180539,0.0026000000000001577,9.774436090226091,0.718045112781946,6139.0,7438.0,45.21617441260956,54.783825587390446,17716.0508,12794.309100000002,259.9549078327293,21425.2616,14274.8632,199.6373125167403,45.261770016684466,54.738229983315534,0.8253562785695079,0.8268767556145031,-3709.2108000000007,-9.476459966631063,7328797.0,21064428.3374,-2143.0,-0.02923226762188751,65683.80140000209,0.3127987070245774,0.6469,-0.0037999999999999146,-0.5839864761026455,39.28,60.72,1.5784,0.00039999999999995595,0.025348542458805825,61.22,38.78,0.7316,-0.007199999999999984,-0.9745533297238744,42.25,57.75,0.9315,0.0847,-0.8468,1782201600005,2026-06-23 08:00:00 UTC,0.00028838,2.9054
FINAL_REAL_MARK_PREMIUM_CLOSED_GUARD_2026_06_13,1782215100000,2026-06-23 11:45:00 UTC,MUSDT,1782215100000,2026-06-23 11:45:00 UTC,1782215999999,2026-06-23 11:59:59 UTC,True,2.8918,2.8963,2.8683,2.8726,-0.018100000000000005,-0.626145916214066,47.12416122063184,2.8907,2.8951617,2.86993673,2.8726,-0.018100000000000005,-0.626145916214066,1782215999999,2026-06-23 11:59:59 UTC,0.0,0.0,0.00064512,0.0020208,-9.122e-05,0.0,-0.00064705,-100.0,1782215999999,2026-06-23 11:59:59 UTC,455,-334.0,-42.33206590621039,10167.0,-3410.0,-25.116005008470204,29346.811,-9794.501400000001,-25.0234363628543,binance_kline_quote_asset_volume,22.345054945054944,64.49848571428572,0.028000000000000025,0.9682550660488285,-0.019200000000000106,-0.6639463310049141,0.019200000000000106,0.6639463310049141,0.0045000000000001705,16.071428571429166,0.0042999999999997485,15.357142857141945,0.15357142857141945,4732.0,5435.0,46.54273630372774,53.45726369627225,13668.9248,-4047.126,-22.844402771750914,15677.8862,-5747.375400000001,-26.825228589040893,46.5772066341382,53.4227933658618,0.8706531738730451,0.8718601873765355,-2008.9614000000001,-6.845586731723594,7326438.0,21178534.3266,-2359.0,-0.03218809307994204,114105.98919999972,0.5416999093082624,0.5941,-0.05280000000000007,-8.162003400834761,37.269999999999996,62.73,1.5792,0.0007999999999999119,0.05068423720222452,61.23,38.769999999999996,0.6889,-0.04270000000000007,-5.836522689994542,40.79,59.209999999999994,0.9851,0.0948,-0.8903,1782201600005,2026-06-23 08:00:00 UTC,0.00028838,2.9054
FINAL_REAL_MARK_PREMIUM_CLOSED_GUARD_2026_06_13,1782216000000,2026-06-23 12:00:00 UTC,MUSDT,1782216000000,2026-06-23 12:00:00 UTC,1782216899999,2026-06-23 12:14:59 UTC,True,2.8717,2.8821,2.8682,2.8795,0.00690000000000035,0.24020051521271152,49.1324190127763,2.8726,2.88009833,2.86822609,2.8795,0.00690000000000035,0.24020051521271152,1782216899999,2026-06-23 12:14:59 UTC,0.0,0.0,0.0,0.00285035,-7.475e-05,0.00028047,0.00028047,,1782216899999,2026-06-23 12:14:59 UTC,367,-88.0,-19.340659340659343,4640.0,-5527.0,-54.36215206058817,13344.1763,-16002.634700000002,-54.529382085160805,binance_kline_quote_asset_volume,12.643051771117166,36.360153405994545,0.013900000000000023,0.4840338475467501,0.007800000000000029,0.2716161158895438,0.007800000000000029,0.2716161158895438,0.0025999999999997137,18.70503597122093,0.0035000000000002807,25.17985611510989,0.8129496402877907,1774.0,2866.0,38.23275862068966,61.76724137931034,5101.725,-8567.1998,-62.6764718173005,8242.451299999999,-7435.434900000002,-47.42625890472404,38.23184650220786,61.768153497792134,0.6189811584089323,0.6189572512245236,-3140.7262999999984,-23.536306995584276,7323309.0,21036937.4334,-3129.0,-0.04270833930485728,-141596.89319999889,-0.6685868389964776,0.5967,0.0026000000000000467,0.43763676148797287,37.37,62.629999999999995,1.5798,0.000600000000000156,0.037993920972654256,61.24000000000001,38.76,0.6895,0.0006000000000000449,0.08709536942953186,40.81,59.19,0.9831000000000001,0.0928,-0.8903000000000001,1782216000000,2026-06-23 12:00:00 UTC,8.745e-05,2.8726
FINAL_REAL_MARK_PREMIUM_CLOSED_GUARD_2026_06_13,1782216900000,2026-06-23 12:15:00 UTC,MUSDT,1782216900000,2026-06-23 12:15:00 UTC,1782217799999,2026-06-23 12:29:59 UTC,True,2.8795,2.8924,2.8712,2.8742,-0.005300000000000082,-0.1840597325924668,47.635813837854194,2.8795,2.8897,2.87080162,2.8742,-0.005300000000000082,-0.1840597325924668,1782217799999,2026-06-23 12:29:59 UTC,0.0,0.0,0.00023089,0.00241114,0.0,0.00140558,0.00112511,401.15163832138904,1782217799999,2026-06-23 12:29:59 UTC,320,-47.0,-12.806539509536785,7147.0,2507.0,54.030172413793096,20622.8166,7278.640299999999,54.54544466712419,binance_kline_quote_asset_volume,22.334375,64.44630187499999,0.021199999999999886,0.7362389303698519,-0.005300000000000082,-0.1840597325924668,0.005300000000000082,0.1840597325924668,0.01289999999999969,60.849056603772446,0.0030000000000001137,14.150943396227028,0.14150943396227028,4344.0,2803.0,60.780747166643344,39.219252833356656,12541.817,7440.091999999999,145.83483037600024,8080.999599999999,-161.45169999999962,-1.9587825772170429,60.81524770966542,39.18475229033458,1.5497681056011416,1.5520130702642283,4460.8174,21.630495419330842,7322853.0,21086155.2135,-456.0,-0.006226693425062359,49217.78009999916,0.2339588652379452,0.5954,-0.0012999999999999678,-0.2178649237472713,37.32,62.68,1.5805,0.0006999999999999229,0.044309406253951314,61.25000000000001,38.75,0.6889,-0.0006000000000000449,-0.08701957940537272,40.79,59.209999999999994,0.9851,0.09349999999999992,-0.8916000000000001,1782216000000,2026-06-23 12:00:00 UTC,8.745e-05,2.8726
FINAL_REAL_MARK_PREMIUM_CLOSED_GUARD_2026_06_13,1782217800000,2026-06-23 12:30:00 UTC,MUSDT,1782217800000,2026-06-23 12:30:00 UTC,1782218699999,2026-06-23 12:44:59 UTC,True,2.876,2.8827,2.8732,2.8815,0.007299999999999862,0.25398371720826185,49.89948311213833,2.8742,2.8827,2.87288455,2.8815,0.007299999999999862,0.25398371720826185,1782218699999,2026-06-23 12:44:59 UTC,0.0,0.0,0.00141954,0.00265303,0.0,0.00128425,-0.00012133,-8.632023790890592,1782218699999,2026-06-23 12:44:59 UTC,86,-234.0,-73.125,1302.0,-5845.0,-81.78256611165524,3744.6439,-16878.1727,-81.84222857318142,binance_kline_quote_asset_volume,15.13953488372093,43.54237093023256,0.00949999999999962,0.3303198887343401,0.00550000000000006,0.19123783031989083,0.00550000000000006,0.19123783031989083,0.0011999999999998678,12.631578947367537,0.0027999999999996916,29.473684210524247,0.8736842105263246,192.0,1110.0,14.746543778801843,85.25345622119815,552.077,-11989.74,-95.59810990704139,3192.5669,-4888.432699999999,-60.49292095002702,14.743110820230463,85.25688917976953,0.17297297297297298,0.17292574197896998,-2640.4898999999996,-70.51377835953906,7319155.0,21036715.301,-3698.0,-0.050499443318061964,-49439.91250000149,-0.23446622677020107,0.6,0.0045999999999999375,0.7725898555592773,37.5,62.5,1.5806,9.999999999998899e-05,0.006327111673520341,61.25000000000001,38.75,0.6955,0.00660000000000005,0.9580490637247859,41.02,58.98,0.9806,0.09550000000000003,-0.8851,1782216000000,2026-06-23 12:00:00 UTC,8.745e-05,2.8726
FINAL_REAL_MARK_PREMIUM_CLOSED_GUARD_2026_06_13,1782218700000,2026-06-23 12:45:00 UTC,MUSDT,1782218700000,2026-06-23 12:45:00 UTC,1782219599999,2026-06-23 12:59:59 UTC,True,2.8825,2.895,2.8824,2.8944,0.012900000000000134,0.44768349817803693,53.70783964993739,2.8815,2.895,2.8811298,2.89328927,0.011789269999999963,0.4091365608190166,1782219599999,2026-06-23 12:59:59 UTC,0.0011107300000001707,0.03838987036371136,0.00128425,0.00268747,0.0,0.00153373,0.00024948000000000006,19.426124197002146,1782219599999,2026-06-23 12:59:59 UTC,236,150.0,174.41860465116278,3339.0,2037.0,156.4516129032258,9648.4379,5903.794000000001,157.6596909521891,binance_kline_quote_asset_volume,14.148305084745763,40.88321144067797,0.012599999999999945,0.43712055507371883,0.011900000000000244,0.4128360797918559,0.011900000000000244,0.4128360797918559,0.0005999999999999339,4.761904761904258,9.999999999976694e-05,0.7936507936489475,0.9523809523809574,934.0,2405.0,27.97244684037137,72.02755315962864,2698.2592,2146.1822,388.7468958134464,6950.1787,3757.6118000000006,117.69876458970995,27.965762209030746,72.03423779096924,0.3883575883575884,0.3882287515859124,-4251.9195,-44.0684755819385,7318861.0,21089297.9715,-294.0,-0.004016857137196848,52582.6705000028,0.24995665790801114,0.5977,-0.0022999999999999687,-0.38333333333332814,37.41,62.59,1.5807,9.999999999998899e-05,0.006326711375426356,61.25000000000001,38.75,0.6926,-0.0029000000000000137,-0.41696621135873674,40.92,59.08,0.983,0.09489999999999998,-0.8881,1782216000000,2026-06-23 12:00:00 UTC,8.745e-05,2.8726
FINAL_REAL_MARK_PREMIUM_CLOSED_GUARD_2026_06_13,1782219600000,2026-06-23 13:00:00 UTC,MUSDT,1782219600000,2026-06-23 13:00:00 UTC,1782220499999,2026-06-23 13:14:59 UTC,True,2.8939,2.8995,2.878,2.8803,-0.014100000000000001,-0.4871475953565506,49.29691889263917,2.89328927,2.8993,2.87517765,2.8803,-0.01298926999999983,-0.44894474032317655,1782220499999,2026-06-23 13:14:59 UTC,0.0,0.0,0.00153373,0.00244361,0.0,0.00212512,0.0005913899999999998,38.558938013861614,1782220499999,2026-06-23 13:14:59 UTC,450,214.0,90.67796610169492,7991.0,4652.0,139.32315064390536,23084.5898,13436.1519,139.25727707694526,binance_kline_quote_asset_volume,17.75777777777778,51.29908844444445,0.021500000000000075,0.742942050520062,-0.013599999999999834,-0.4699540412591947,0.013599999999999834,0.4699540412591947,0.005600000000000271,26.04651162790815,0.0022999999999999687,10.69767441860447,0.10697674418604469,3475.0,4516.0,43.48642222500313,56.51357777499687,10050.5067,7352.2474999999995,272.4811426567173,13034.083100000002,6083.904400000001,87.53594206146097,43.537731391700966,56.46226860829904,0.7694862710363153,0.7710942628561267,-2983.5764000000017,-12.924537216598067,7318486.0,21174497.01644522,-375.0,-0.005123748080473178,85199.04494521767,0.40399184961185214,0.6003,0.0025999999999999357,0.4350008365400595,37.51,62.49,1.5811,0.00039999999999995595,0.025305244511922308,61.260000000000005,38.74,0.6943,0.0017000000000000348,0.24545192030032267,40.98,59.019999999999996,0.9808,0.09400000000000008,-0.8867999999999999,1782216000000,2026-06-23 12:00:00 UTC,8.745e-05,2.8726
FINAL_REAL_MARK_PREMIUM_CLOSED_GUARD_2026_06_13,1782220500000,2026-06-23 13:15:00 UTC,MUSDT,1782220500000,2026-06-23 13:15:00 UTC,1782221399999,2026-06-23 13:29:59 UTC,True,2.8803,2.8857,2.8698,2.8814,0.001100000000000101,0.03819046627087806,49.64437330662864,2.8803,2.8845,2.8705,2.8814,0.001100000000000101,0.03819046627087806,1782221399999,2026-06-23 13:29:59 UTC,0.0,0.0,0.00211454,0.00286073,0.0,0.00089204,-0.00123308,-58.02401746724891,1782221399999,2026-06-23 13:29:59 UTC,374,-76.0,-16.88888888888889,4008.0,-3983.0,-49.84357402077337,11530.9555,-11553.634300000002,-50.049121080765325,binance_kline_quote_asset_volume,10.716577540106952,30.83143181818182,0.015899999999999803,0.5520258306426346,0.001100000000000101,0.03819046627087806,0.001100000000000101,0.03819046627087806,0.0042999999999997485,27.044025157231456,0.010499999999999954,66.03773584905713,0.7295597484276855,1518.0,2490.0,37.87425149700599,62.125748502994014,4370.3719,-5680.1348,-56.51590481502788,7160.5836,-5873.499500000002,-45.06262124414414,37.901212089492496,62.098787910507504,0.6096385542168675,0.6103373892597246,-2790.2117,-24.197575821015004,7319052.0,21081065.4756,566.0,0.007733840031941032,-93431.54084521905,-0.4412456209592853,0.5926,-0.007699999999999929,-1.2826919873396518,37.21,62.79,1.5811,0.0,0.0,61.260000000000005,38.74,0.6866,-0.00770000000000004,-1.109030678381109,40.71,59.29,0.9884999999999999,0.09399999999999997,-0.8945,1782216000000,2026-06-23 12:00:00 UTC,8.745e-05,2.8726
FINAL_REAL_MARK_PREMIUM_CLOSED_GUARD_2026_06_13,1782221400000,2026-06-23 13:30:00 UTC,MUSDT,1782221400000,2026-06-23 13:30:00 UTC,1782222299999,2026-06-23 13:44:59 UTC,True,2.8817,2.8925,2.8796,2.883,0.0015999999999998238,0.055528562504332045,50.179167207602944,2.8814,2.89149864,2.88002902,2.883,0.0015999999999998238,0.055528562504332045,1782222299999,2026-06-23 13:44:59 UTC,0.0,0.0,0.0009345,0.00183354,0.0,0.0,-0.00089204,-100.0,1782222299999,2026-06-23 13:44:59 UTC,229,-145.0,-38.770053475935825,2444.0,-1564.0,-39.02195608782435,7054.5947,-4476.3608,-38.82038049665529,binance_kline_quote_asset_volume,10.672489082969433,30.8060903930131,0.012900000000000134,0.44765242738661676,0.0013000000000000789,0.045112260124234964,0.0013000000000000789,0.045112260124234964,0.009500000000000064,73.6434108527129,0.0020999999999999908,16.27906976744162,0.2635658914728709,1552.0,892.0,63.50245499181669,36.49754500818331,4481.5034,111.1314999999995,2.5428385167861687,2573.0913,-4587.4923,-64.06589960069735,63.52602226744507,36.47397773255493,1.7399103139013452,1.7416806780233565,1908.4120999999996,27.05204453489014,7319723.0,21091049.8522,671.0,0.00916785397890328,9984.376600001007,0.04736182149596419,0.5906,-0.0020000000000000018,-0.337495781302734,37.13,62.870000000000005,1.5811,0.0,0.0,61.260000000000005,38.74,0.6841,-0.0024999999999999467,-0.36411302068161183,40.62,59.38,0.9904999999999999,0.09350000000000003,-0.8969999999999999,1782216000000,2026-06-23 12:00:00 UTC,8.745e-05,2.8726
FINAL_REAL_MARK_PREMIUM_CLOSED_GUARD_2026_06_13,1782222300000,2026-06-23 13:45:00 UTC,MUSDT,1782222300000,2026-06-23 13:45:00 UTC,1782223199999,2026-06-23 13:59:59 UTC,True,2.8833,2.8904,2.8764,2.878,-0.004999999999999893,-0.1734304543877868,48.44757666898304,2.883,2.88984743,2.87618987,2.87786986,-0.005130139999999894,-0.17794450225459224,1782223199999,2026-06-23 13:59:59 UTC,0.0001301400000000008,0.0045220946856853635,0.0,0.00212662,0.0,0.00028951,0.00028951,,1782223199999,2026-06-23 13:59:59 UTC,198,-31.0,-13.537117903930133,2948.0,504.0,20.621931260229132,8499.9166,1445.3219000000008,20.487667420496898,binance_kline_quote_asset_volume,14.88888888888889,42.92887171717172,0.014000000000000234,0.4855547462976531,-0.005300000000000082,-0.1838171539555399,0.005300000000000082,0.1838171539555399,0.007099999999999884,50.71428571428404,0.0016000000000002679,11.42857142857315,0.1142857142857315,2006.0,942.0,68.0461329715061,31.953867028493892,5784.1834,1302.6800000000003,29.067923947129003,2715.7332000000006,142.64190000000053,5.543600415577968,68.04988416003988,31.95011583996013,2.129511677282378,2.1298791059445747,3068.4501999999993,36.09976832007975,7319908.0,21103294.764,185.0,0.002527418045737523,12244.911799997091,0.05805738398897117,0.5913,0.0007000000000000339,0.11852353538774703,37.16,62.839999999999996,1.5809,-0.00019999999999997797,-0.012649421288974635,61.25000000000001,38.75,0.6852,0.0010999999999999899,0.160795205379329,40.660000000000004,59.34,0.9895999999999999,0.09389999999999998,-0.8956999999999999,1782216000000,2026-06-23 12:00:00 UTC,8.745e-05,2.8726
FINAL_REAL_MARK_PREMIUM_CLOSED_GUARD_2026_06_13,1782223200000,2026-06-23 14:00:00 UTC,MUSDT,1782223200000,2026-06-23 14:00:00 UTC,1782224099999,2026-06-23 14:14:59 UTC,True,2.8783,2.8921,2.8777,2.888,0.009999999999999787,0.3474635163307779,52.01413829043332,2.87786986,2.8914,2.8753803,2.88810403,0.010234169999999931,0.35561615006454567,1782224099999,2026-06-23 14:14:59 UTC,-0.00010403000000014373,-0.0036020170644664668,0.00028951,0.00331344,0.00019168,0.00283637,0.0025468599999999997,879.7139995164242,1782224099999,2026-06-23 14:14:59 UTC,283,85.0,42.92929292929293,3311.0,363.0,12.313432835820896,9562.0559,1062.139299999999,12.49587907721352,binance_kline_quote_asset_volume,11.69964664310954,33.788183392226145,0.01440000000000019,0.5002953132057184,0.009700000000000042,0.3370044818121823,0.009700000000000042,0.3370044818121823,0.004100000000000215,28.472222222223337,0.0005999999999999339,4.166666666666153,0.7152777777777667,1387.0,1924.0,41.89066747206282,58.10933252793718,4004.7248,-1779.4586,-30.764214703150667,5557.331099999999,2841.597899999999,104.63464894121404,41.88142008247411,58.11857991752589,0.7208939708939709,0.7206201552396257,-1552.6062999999995,-16.237159835051788,7321277.0,21069682.41501122,1369.0,0.018702420850098118,-33612.34898877889,-0.1592753613341838,0.5921,0.0007999999999999119,0.13529511246404732,37.19,62.81,1.5806,-0.00029999999999996696,-0.018976532354985576,61.25000000000001,38.75,0.6844,-0.0008000000000000229,-0.1167542323409257,40.63,59.37,0.9885,0.09230000000000005,-0.8962,1782216000000,2026-06-23 12:00:00 UTC,8.745e-05,2.8726
FINAL_REAL_MARK_PREMIUM_CLOSED_GUARD_2026_06_13,1782224100000,2026-06-23 14:15:00 UTC,MUSDT,1782224100000,2026-06-23 14:15:00 UTC,1782224999999,2026-06-23 14:29:59 UTC,True,2.8864,2.8976,2.8852,2.8893,0.0013000000000000789,0.0450138504155152,52.47445400097581,2.888,2.8961691,2.88342328,2.88882267,0.0007186400000001036,0.024882760196145135,1782224999999,2026-06-23 14:29:59 UTC,0.0004773299999998315,0.016523340285190695,0.00090253,0.00263284,0.0,0.0,-0.00283637,-100.0,1782224999999,2026-06-23 14:29:59 UTC,243,-40.0,-14.13427561837456,3700.0,389.0,11.748716399879191,10698.1251,1136.0692,11.881013998255332,binance_kline_quote_asset_volume,15.22633744855967,44.0252061728395,0.012399999999999967,0.4296008869179589,0.0028999999999999027,0.10047117516629374,0.0028999999999999027,0.10047117516629374,0.008300000000000196,66.9354838709695,0.0011999999999998678,9.67741935483767,0.33064516129030497,1569.0,2131.0,42.4054054054054,57.5945945945946,4533.2474,528.5226000000002,13.19747614118204,6164.877699999999,607.5465999999997,10.932344844452398,42.37422312438654,57.62577687561347,0.7362740497419052,0.7353345225323774,-1631.630299999999,-15.251553751226924,7321208.0,21143648.704,-69.0,-0.0009424585355806098,73966.28898878023,0.3510555476435777,0.5962,0.0040999999999999925,0.6924505995608837,37.35,62.64999999999999,1.581,0.00039999999999995595,0.025306845501705425,61.260000000000005,38.74,0.6903,0.005900000000000016,0.8620689655172438,40.839999999999996,59.160000000000004,0.9848,0.09410000000000007,-0.8906999999999999,1782216000000,2026-06-23 12:00:00 UTC,8.745e-05,2.8726
FINAL_REAL_MARK_PREMIUM_CLOSED_GUARD_2026_06_13,1782225000000,2026-06-23 14:30:00 UTC,MUSDT,1782225000000,2026-06-23 14:30:00 UTC,1782225899999,2026-06-23 14:44:59 UTC,True,2.8884,2.9011,2.8845,2.9009,0.011600000000000055,0.4014813276572199,56.48565369516183,2.88882267,2.89839293,2.88178345,2.89777297,0.008950299999999967,0.30982517871198945,1782225899999,2026-06-23 14:44:59 UTC,0.0031270299999999196,0.10791149038842471,0.0,0.00271965,0.0,0.0023623,0.0023623,,1782225899999,2026-06-23 14:44:59 UTC,232,-11.0,-4.526748971193416,1887.0,-1813.0,-49.0,5459.839,-5238.286099999999,-48.9645246343212,binance_kline_quote_asset_volume,8.133620689655173,23.533788793103447,0.016599999999999948,0.5747126436781592,0.012500000000000178,0.4327655449383803,0.012500000000000178,0.4327655449383803,0.00019999999999997797,1.2048192771083048,0.0038999999999997925,23.493975903613283,0.987951807228917,841.0,1046.0,44.56809750927398,55.43190249072602,2434.3659,-2098.8815000000004,-46.29973426996286,3025.4731,-3139.404599999999,-50.924036984545516,44.58677078206885,55.41322921793116,0.8040152963671128,0.8046232174399434,-591.1072000000004,-10.82645843586231,7320860.0,21148666.3318962,-348.0,-0.004753313933984665,5017.6278962008655,0.02373113537046054,0.5941,-0.0020999999999999908,-0.35223079503522153,37.269999999999996,62.73,1.5812,0.00019999999999997797,0.012650221378872738,61.260000000000005,38.74,0.692,0.0016999999999999238,0.2462697377951505,40.9,59.099999999999994,0.9871,0.09789999999999999,-0.8892,1782216000000,2026-06-23 12:00:00 UTC,8.745e-05,2.8726
FINAL_REAL_MARK_PREMIUM_CLOSED_GUARD_2026_06_13,1782225900000,2026-06-23 14:45:00 UTC,MUSDT,1782225900000,2026-06-23 14:45:00 UTC,1782226799999,2026-06-23 14:59:59 UTC,True,2.8982,2.9021,2.8718,2.8819,-0.019000000000000128,-0.6549691475059508,49.165973504551545,2.89777297,2.89968739,2.8724,2.8819,-0.01587297000000021,-0.5477644440861841,1782226799999,2026-06-23 14:59:59 UTC,0.0,0.0,0.0023623,0.00300969,-0.00082936,0.00103765,-0.00132465,-56.07458832493756,1782226799999,2026-06-23 14:59:59 UTC,678,446.0,192.24137931034483,15661.0,13774.0,729.9417064122946,45181.2952,39721.4562,727.5206503341949,binance_kline_quote_asset_volume,23.09882005899705,66.6390784660767,0.030299999999999994,1.0454765026568213,-0.016300000000000203,-0.5624180525843697,0.016300000000000203,0.5624180525843697,0.0038999999999997925,12.871287128712188,0.010099999999999998,33.33333333333333,0.3333333333333333,4106.0,11555.0,26.217993742417473,73.78200625758254,11845.4118,9411.045900000001,386.5912638687554,33335.8834,30310.4103,1001.8403501918426,26.21751268431986,73.78248731568013,0.3553440069234098,0.3553351701488133,-21490.471599999997,-47.56497463136027,7320827.0,21214094.59864619,-33.0,-0.0004507667132003617,65428.26674998924,0.30937301541001194,0.5908,-0.0032999999999999696,-0.5554620434270274,37.14,62.86000000000001,1.5812,0.0,0.0,61.260000000000005,38.74,0.6898,-0.0021999999999999797,-0.3179190751445058,40.82,59.18,0.9904,0.09899999999999998,-0.8914,1782216000000,2026-06-23 12:00:00 UTC,8.745e-05,2.8726
FINAL_REAL_MARK_PREMIUM_CLOSED_GUARD_2026_06_13,1782226800000,2026-06-23 15:00:00 UTC,MUSDT,1782226800000,2026-06-23 15:00:00 UTC,1782227699999,2026-06-23 15:14:59 UTC,True,2.8819,2.8858,2.8654,2.8668,-0.015099999999999891,-0.523959887574166,44.25747554229867,2.8819,2.88236123,2.867063,2.867063,-0.014836999999999989,-0.5148339637045001,1782227699999,2026-06-23 15:14:59 UTC,-0.0002629999999999022,-0.00917315036327776,0.00093432,0.00313509,0.0,0.0,-0.00103765,-100.0,1782227699999,2026-06-23 15:14:59 UTC,341,-337.0,-49.70501474926254,6333.0,-9328.0,-59.56196922291041,18233.9601,-26947.3351,-59.642679521945176,binance_kline_quote_asset_volume,18.571847507331377,53.47202375366569,0.020399999999999974,0.7078663381796723,-0.015099999999999891,-0.523959887574166,0.015099999999999891,0.523959887574166,0.0039000000000002366,19.117647058824712,0.0013999999999998458,6.862745098038468,0.06862745098038468,3149.0,3184.0,49.72366966682457,50.27633033317544,9071.397,-2774.014799999999,-23.41847499130422,9162.5631,-24173.3203,-72.5144134023459,49.750010147274594,50.249989852725406,0.9890075376884422,0.9900501531061763,-91.16609999999855,-0.4999797054508118,7326628.0,21114609.2332,5801.0,0.07923968152778368,-99485.36544619128,-0.46895880935941564,0.6504,0.059599999999999986,10.088016249153688,39.410000000000004,60.589999999999996,1.5825,0.0013000000000000789,0.08221603845181374,61.28,38.72,0.7461,0.05630000000000002,8.161786024934766,42.730000000000004,57.269999999999996,0.9321,0.09570000000000001,-0.8364,1782216000000,2026-06-23 12:00:00 UTC,8.745e-05,2.8726
FINAL_REAL_MARK_PREMIUM_CLOSED_GUARD_2026_06_13,1782227700000,2026-06-23 15:15:00 UTC,MUSDT,1782227700000,2026-06-23 15:15:00 UTC,1782228599999,2026-06-23 15:29:59 UTC,True,2.8655,2.8769,2.864,2.8762,0.009399999999999853,0.327891725966229,47.7542719508204,2.867063,2.8769,2.86403433,2.87586683,0.008803830000000179,0.307067894915465,1782228599999,2026-06-23 15:29:59 UTC,0.0003331699999997717,0.011585028782427027,0.0,0.00209422,0.0,0.00097135,0.00097135,,1782228599999,2026-06-23 15:29:59 UTC,313,-28.0,-8.211143695014663,5802.0,-531.0,-8.3846518237802,16631.574,-1602.3860999999997,-8.787921500387618,binance_kline_quote_asset_volume,18.536741214057507,53.136019169329074,0.012900000000000134,0.4501832140987658,0.010699999999999932,0.37340778223695453,0.010699999999999932,0.37340778223695453,0.000700000000000145,5.426356589148354,0.0015000000000000568,11.627906976744507,0.9457364341085165,2618.0,3184.0,45.12237159600138,54.87762840399862,7503.2803,-1568.1167000000005,-17.286385988839427,9128.2937,-34.26939999999922,-0.37401543242850055,45.11467345183324,54.88532654816676,0.8222361809045227,0.8219805964393981,-1625.0133999999998,-9.770653096333515,7323724.0,20997578.102612,-2904.0,-0.03963624193831051,-117031.13058799878,-0.5542661448073707,0.6412,-0.009199999999999986,-1.4145141451414494,39.07,60.92999999999999,1.5825,0.0,0.0,61.28,38.72,0.7325,-0.013599999999999945,-1.8228119555019362,42.28,57.720000000000006,0.9413,0.09130000000000005,-0.85,1782216000000,2026-06-23 12:00:00 UTC,8.745e-05,2.8726
FINAL_REAL_MARK_PREMIUM_CLOSED_GUARD_2026_06_13,1782228600000,2026-06-23 15:30:00 UTC,MUSDT,1782228600000,2026-06-23 15:30:00 UTC,1782229499999,2026-06-23 15:44:59 UTC,True,2.8758,2.881,2.8737,2.8784,0.002200000000000202,0.07648981294764626,48.56747882013025,2.87586683,2.8802,2.8737,2.8784,0.0025331699999999735,0.0880837030969189,1782229499999,2026-06-23 15:44:59 UTC,0.0,0.0,0.00097535,0.00208953,0.00042503,0.00123379,0.00026244000000000007,27.018067637823656,1782229499999,2026-06-23 15:44:59 UTC,145,-168.0,-53.674121405750796,1080.0,-4722.0,-81.38572905894519,3107.6214,-13523.9526,-81.31492906203586,binance_kline_quote_asset_volume,7.448275862068965,21.43187172413793,0.007299999999999862,0.2538424090687761,0.0026000000000001577,0.09040962514779045,0.0026000000000001577,0.09040962514779045,0.0025999999999997137,35.61643835616113,0.0020999999999999908,28.767123287671648,0.6438356164383887,411.0,669.0,38.05555555555556,61.94444444444444,1182.8614,-6320.418900000001,-84.23540967808441,1924.76,-7203.5337,-78.91435066336658,38.063240264724655,61.936759735275345,0.6143497757847534,0.6145500737754317,-741.8986,-23.87351947055069,7322207.0,21057692.23369381,-1517.0,-0.020713505861225792,60114.13108180836,0.2862907845278139,0.6399,-0.0012999999999999678,-0.20274485339987022,39.019999999999996,60.980000000000004,1.5828,0.00029999999999996696,0.018957345971561894,61.28,38.72,0.7334,0.0009000000000000119,0.12286689419795385,42.309999999999995,57.69,0.9429,0.09350000000000003,-0.8493999999999999,1782216000000,2026-06-23 12:00:00 UTC,8.745e-05,2.8726
FINAL_REAL_MARK_PREMIUM_CLOSED_GUARD_2026_06_13,1782229500000,2026-06-23 15:45:00 UTC,MUSDT,1782229500000,2026-06-23 15:45:00 UTC,1782230399999,2026-06-23 15:59:59 UTC,True,2.8786,2.8811,2.8652,2.8655,-0.012900000000000134,-0.4481656475819946,44.221064173630616,2.8784,2.8809,2.8652,2.86541687,-0.012983130000000287,-0.4510537103946737,1782230399999,2026-06-23 15:59:59 UTC,8.313000000015336e-05,0.0029011485508617586,0.0012517,0.00172213,-0.00094169,0.0,-0.00123379,-100.0,1782230399999,2026-06-23 15:59:59 UTC,169,24.0,16.551724137931036,6266.0,5186.0,480.1851851851852,17987.594,14879.972600000001,478.8219247042127,binance_kline_quote_asset_volume,37.07692307692308,106.4354674556213,0.015899999999999803,0.5523518376988745,-0.013100000000000112,-0.45508233168901935,0.013100000000000112,0.45508233168901935,0.0024999999999999467,15.723270440251433,0.0002999999999997449,1.8867924528286075,0.018867924528286076,2979.0,3287.0,47.5422917331631,52.4577082668369,8542.038,7359.176600000001,622.1503719708836,9445.556,7520.796,390.7394168623621,47.48849679395699,52.51150320604301,0.9062975357468817,0.9043446463077451,-903.518,-5.023006412086019,7322478.0,21077020.6752,271.0,0.003701069909659751,19328.441506192088,0.09178803304602014,0.6393,-0.0006000000000000449,-0.09376465072668307,39.0,61.0,1.5828,0.0,0.0,61.28,38.72,0.7319,-0.0015000000000000568,-0.20452686119444458,42.26,57.74,0.9435,0.09260000000000002,-0.8509,1782216000000,2026-06-23 12:00:00 UTC,8.745e-05,2.8726
FINAL_REAL_MARK_PREMIUM_CLOSED_GUARD_2026_06_13,1782230400000,2026-06-23 16:00:00 UTC,MUSDT,1782230400000,2026-06-23 16:00:00 UTC,1782231299999,2026-06-23 16:14:59 UTC,True,2.8652,2.8658,2.8554,2.8607,-0.0047999999999999154,-0.16751003315302446,42.69015461655557,2.86540685,2.86547333,2.85586187,2.8607,-0.004716869999999762,-0.16461374431706205,1782231299999,2026-06-23 16:14:59 UTC,0.0,0.0,0.0,0.00172014,0.0,0.00143055,0.00143055,,1782231299999,2026-06-23 16:14:59 UTC,341,172.0,101.77514792899409,5961.0,-305.0,-4.867539099904246,17050.883,-936.7109999999993,-5.207539151706444,binance_kline_quote_asset_volume,17.480938416422287,50.00258944281526,0.010400000000000187,0.3629764065335818,-0.0045000000000001705,-0.15705709898087988,0.0045000000000001705,0.15705709898087988,0.0005999999999999339,5.76923076923003,0.005300000000000082,50.96153846153834,0.5096153846153834,2389.0,3572.0,40.077168260359,59.922831739641005,6833.6235,-1708.4145000000008,-20.00008077697618,10217.259500000002,771.7035000000014,8.170016672390714,40.07782764094973,59.922172359050265,0.6688129899216125,0.6688313534563743,-3383.6360000000022,-19.844344718100533,7322359.0,20981519.6969796,-119.0,-0.001625132912656071,-95500.97822039947,-0.45310473283716723,0.6404,0.0010999999999999899,0.1720631941185656,39.04,60.96,1.5829,9.999999999998899e-05,0.006317917614353613,61.28,38.72,0.731,-0.0009000000000000119,-0.12296761852712282,42.230000000000004,57.769999999999996,0.9425,0.09060000000000001,-0.8519,1782216000000,2026-06-23 12:00:00 UTC,8.745e-05,2.8726
FINAL_REAL_MARK_PREMIUM_CLOSED_GUARD_2026_06_13,1782231300000,2026-06-23 16:15:00 UTC,MUSDT,1782231300000,2026-06-23 16:15:00 UTC,1782232199999,2026-06-23 16:29:59 UTC,True,2.8603,2.8704,2.8545,2.8691,0.008399999999999963,0.29363442514069854,46.20028350637341,2.8607,2.86879118,2.85523965,2.86869314,0.007993139999999954,0.2794120320201333,1782232199999,2026-06-23 16:29:59 UTC,0.0004068600000000089,0.014182764769326596,0.00080677,0.0020962,0.0,0.00170638,0.0002758299999999999,19.28139526755443,1782232199999,2026-06-23 16:29:59 UTC,233,-108.0,-31.671554252199414,3673.0,-2288.0,-38.382821674215734,10512.0164,-6538.866600000001,-38.34913769568415,binance_kline_quote_asset_volume,15.763948497854077,45.115950214592274,0.015900000000000247,0.555885746250402,0.008799999999999919,0.3076600356605922,0.008799999999999919,0.3076600356605922,0.0013000000000000789,8.176100628931186,0.005800000000000249,36.47798742138465,0.9182389937106882,1378.0,2295.0,37.51701606316363,62.482983936836376,3948.6777,-2884.9457999999995,-42.21692634954208,6563.3387,-3653.9208000000017,-35.76223937544115,37.56346593979819,62.43653406020181,0.6004357298474946,0.601626379574164,-2614.661,-24.873068120403616,7323047.0,20949040.5529,688.0,0.00939587911491365,-32479.14407959953,-0.15479881604703338,0.6391,-0.0012999999999999678,-0.20299812617113802,38.99,61.01,1.5832,0.00029999999999996696,0.018952555436222564,61.29,38.71,0.7307,-0.00029999999999996696,-0.04103967168262202,42.22,57.78,0.9440999999999999,0.09160000000000001,-0.8524999999999999,1782230400002,2026-06-23 16:00:00 UTC,0.00017161,2.86540685
FINAL_REAL_MARK_PREMIUM_CLOSED_GUARD_2026_06_13,1782232200000,2026-06-23 16:30:00 UTC,MUSDT,1782232200000,2026-06-23 16:30:00 UTC,1782233099999,2026-06-23 16:44:59 UTC,True,2.8705,2.8712,2.8566,2.8663,-0.0028000000000001357,-0.09759157924088166,45.206351416392636,2.86869314,2.8708,2.85811318,2.86577172,-0.0029214199999998414,-0.10183800976356228,1782233099999,2026-06-23 16:44:59 UTC,0.0005282799999997145,0.01843412705599993,0.00171897,0.00268303,0.0,0.00145696,-0.00024942,-14.616908308817495,1782233099999,2026-06-23 16:44:59 UTC,150,-83.0,-35.622317596566525,2447.0,-1226.0,-33.37870950176967,7009.2164,-3502.8,-33.32186582205104,binance_kline_quote_asset_volume,16.313333333333333,46.728109333333336,0.014600000000000168,0.5086221912558846,-0.0041999999999999815,-0.146315972827033,0.0041999999999999815,0.146315972827033,0.000700000000000145,4.794520547946143,0.009700000000000042,66.43835616438308,0.6643835616438308,783.0,1664.0,31.9983653453208,68.0016346546792,2241.2303,-1707.4474,-43.24099178821305,4767.9861,-1795.3526000000002,-27.354257978488906,31.975475889145045,68.02452411085495,0.47055288461538464,0.4700580607816789,-2526.7558,-36.04904822170992,7322197.0,21005136.30362858,-850.0,-0.011607190285682996,56095.750728577375,0.2677724098482017,0.6348,-0.0042999999999999705,-0.672821154748861,38.83,61.17,1.5831,-9.999999999998899e-05,-0.006316321374430837,61.29,38.71,0.7277,-0.0030000000000000027,-0.4105652114410842,42.120000000000005,57.879999999999995,0.9482999999999999,0.09289999999999998,-0.8553999999999999,1782230400002,2026-06-23 16:00:00 UTC,0.00017161,2.86540685
FINAL_REAL_MARK_PREMIUM_CLOSED_GUARD_2026_06_13,1782233100000,2026-06-23 16:45:00 UTC,MUSDT,1782233100000,2026-06-23 16:45:00 UTC,1782233999999,2026-06-23 16:59:59 UTC,True,2.8663,2.8714,2.8551,2.8565,-0.009799999999999809,-0.34190419704845304,41.815548143419576,2.86577172,2.8714,2.8553123,2.85559707,-0.010174650000000174,-0.35504049150154127,1782233999999,2026-06-23 16:59:59 UTC,0.0009029300000000795,0.03161965704076309,0.00149392,0.00306702,0.0,0.0,-0.00145696,-100.0,1782233999999,2026-06-23 16:59:59 UTC,207,57.0,38.0,4434.0,1987.0,81.20147118921128,12708.4031,5699.186699999999,81.30989792239828,binance_kline_quote_asset_volume,21.420289855072465,61.39325169082125,0.01629999999999976,0.5686773889683481,-0.009799999999999809,-0.34190419704845304,0.009799999999999809,0.34190419704845304,0.0051000000000001044,31.28834355828331,0.0013999999999998458,8.588957055213905,0.08588957055213906,463.0,3971.0,10.442038791159224,89.55796120884078,1326.6468,-914.5835000000002,-40.807207541322285,11381.7563,6613.770199999999,138.7120277049465,10.43913062531043,89.56086937468956,0.11659531604129943,0.11655905864018544,-10055.109499999999,-79.12173874937913,7321819.0,20982661.82915868,-378.0,-0.00516238500548401,-22474.47446990013,-0.10699513749890655,0.6313,-0.0035000000000000586,-0.5513547574039159,38.7,61.3,1.5837,0.000600000000000156,0.037900322152748155,61.3,38.7,0.7232,-0.0045000000000000595,-0.6183866978150419,41.97,58.03,0.9524000000000001,0.09189999999999998,-0.8605000000000002,1782230400002,2026-06-23 16:00:00 UTC,0.00017161,2.86540685
FINAL_REAL_MARK_PREMIUM_CLOSED_GUARD_2026_06_13,1782234000000,2026-06-23 17:00:00 UTC,MUSDT,1782234000000,2026-06-23 17:00:00 UTC,1782234899999,2026-06-23 17:14:59 UTC,True,2.8553,2.8679,2.8553,2.8679,0.011400000000000077,0.39908979520392357,46.81324689776426,2.85559703,2.86748069,2.85536124,2.86748069,0.011883619999999873,0.41615184876204797,1782234899999,2026-06-23 17:14:59 UTC,0.0004193100000002836,0.014622940669228488,0.0,0.00189848,0.0,0.00160217,0.00160217,,1782234899999,2026-06-23 17:14:59 UTC,178,-29.0,-14.009661835748794,1716.0,-2718.0,-61.299052774018946,4912.8629,-7795.5401999999995,-61.34161891669929,binance_kline_quote_asset_volume,9.640449438202246,27.600353370786518,0.012599999999999945,0.44128462858543566,0.012599999999999945,0.44128462858543566,0.012599999999999945,0.44128462858543566,0.0,0.0,0.0,0.0,1.0,971.0,745.0,56.58508158508159,43.41491841491841,2779.2189,1452.5720999999999,109.49199892541104,2133.6440000000002,-9248.112299999999,-81.25382459647287,56.570251532970715,43.42974846702928,1.3033557046979867,1.3025691727392197,645.5748999999996,13.140503065941441,7321813.0,20908147.74988791,-6.0,-8.194684954654028e-05,-74514.07927076891,-0.3551221474065792,0.6305,-0.0008000000000000229,-0.1267226358308289,38.67,61.33,1.5843,0.0005999999999999339,0.03788596325061147,61.3,38.7,0.7247,0.0015000000000000568,0.20741150442478662,42.02,57.98,0.9538000000000001,0.09420000000000006,-0.8596,1782230400002,2026-06-23 16:00:00 UTC,0.00017161,2.86540685
FINAL_REAL_MARK_PREMIUM_CLOSED_GUARD_2026_06_13,1782234900000,2026-06-23 17:15:00 UTC,MUSDT,1782234900000,2026-06-23 17:15:00 UTC,1782235799999,2026-06-23 17:29:59 UTC,True,2.8674,2.8779,2.8674,2.875,0.007099999999999884,0.24756790683077806,49.71045073216845,2.86748069,2.87588883,2.8674,2.8739,0.006419310000000067,0.22386584929365533,1782235799999,2026-06-23 17:29:59 UTC,0.001100000000000101,0.03827551410974985,0.00165156,0.00230079,0.00090332,0.0010903,-0.00051187,-31.9485447861338,1782235799999,2026-06-23 17:29:59 UTC,230,52.0,29.213483146067414,2599.0,883.0,51.45687645687646,7464.2417,2551.3787999999995,51.932627714891034,binance_kline_quote_asset_volume,11.3,32.45322478260869,0.010499999999999954,0.3661853944339804,0.007600000000000051,0.26504847597126496,0.007600000000000051,0.26504847597126496,0.0028999999999999027,27.619047619046817,0.0,0.0,0.7238095238095319,1665.0,934.0,64.06310119276645,35.936898807233554,4782.9208,2003.7019,72.09586477697026,2681.3208999999997,547.6768999999995,25.668616695193734,64.07778569121095,35.922214308789066,1.7826552462526766,1.7837927567714855,2101.5999,28.15557138242188,7321946.0,20995538.76822274,133.0,0.0018164899868379593,87391.01833483204,0.41797589810556296,0.6276,-0.0028999999999999027,-0.4599524187152899,38.56,61.44,1.5844,9.999999999998899e-05,0.006311935870730858,61.309999999999995,38.690000000000005,0.7206,-0.0040999999999999925,-0.565751345384296,41.88,58.120000000000005,0.9568,0.09299999999999997,-0.8638,1782230400002,2026-06-23 16:00:00 UTC,0.00017161,2.86540685
FINAL_REAL_MARK_PREMIUM_CLOSED_GUARD_2026_06_13,1782235800000,2026-06-23 17:30:00 UTC,MUSDT,1782235800000,2026-06-23 17:30:00 UTC,1782236699999,2026-06-23 17:44:59 UTC,True,2.8741,2.8755,2.8686,2.8721,-0.0028999999999999027,-0.10086956521738791,48.5472241769368,2.87494867,2.87499667,2.8684679,2.8721,-0.0017999999999998018,-0.0626326594523053,1782236699999,2026-06-23 17:44:59 UTC,0.0,0.0,0.00110304,0.00187266,0.0,0.00168989,0.0005995900000000001,54.993121159313965,1782236699999,2026-06-23 17:44:59 UTC,96,-134.0,-58.26086956521739,975.0,-1624.0,-62.48557137360523,2798.796,-4665.4457,-62.50394731992669,binance_kline_quote_asset_volume,10.15625,29.154124999999997,0.00690000000000035,0.24007515396125223,-0.0019999999999997797,-0.06958700114817785,0.0019999999999997797,0.06958700114817785,0.00140000000000029,20.28985507246694,0.0035000000000002807,50.724637681160914,0.5072463768116091,298.0,677.0,30.564102564102562,69.43589743589743,855.6248,-3927.296,-82.11083068739084,1943.1711999999998,-738.1496999999999,-27.529330786180793,30.571174176324394,69.42882582367561,0.4401772525849335,0.44032394057713503,-1087.5463999999997,-38.85765164735121,7321608.0,21041569.2312,-338.0,-0.004616259120184716,46030.462977256626,0.21923925594576715,0.6292,0.0015999999999999348,0.25493945188016803,38.62,61.38,1.5843,-9.999999999998899e-05,-0.006311537490531999,61.309999999999995,38.690000000000005,0.7232,0.0025999999999999357,0.36081043574797883,41.97,58.03,0.9551000000000001,0.09399999999999997,-0.8611000000000001,1782230400002,2026-06-23 16:00:00 UTC,0.00017161,2.86540685
FINAL_REAL_MARK_PREMIUM_CLOSED_GUARD_2026_06_13,1782236700000,2026-06-23 17:45:00 UTC,MUSDT,1782236700000,2026-06-23 17:45:00 UTC,1782237599999,2026-06-23 17:59:59 UTC,True,2.8723,2.8724,2.8572,2.8619,-0.010200000000000209,-0.3551408377145715,44.59459820749728,2.8721,2.87224187,2.856804,2.8619,-0.010200000000000209,-0.3551408377145715,1782237599999,2026-06-23 17:59:59 UTC,0.0,0.0,0.0016842,0.00177633,0.0,0.00014999,-0.0015399,-91.12427436105308,1782237599999,2026-06-23 17:59:59 UTC,203,107.0,111.45833333333333,3866.0,2891.0,296.5128205128205,11079.2283,8280.4323,295.8569434856989,binance_kline_quote_asset_volume,19.04433497536946,54.57747931034483,0.015199999999999658,0.5291926330814908,-0.010400000000000187,-0.3620791700031399,0.010400000000000187,0.3620791700031399,9.999999999976694e-05,0.6578947368405867,0.004699999999999704,30.9210526315777,0.309210526315777,989.0,2877.0,25.581996896016555,74.41800310398344,2830.7519,1975.1271000000002,230.8403286113259,8248.4764,6305.3052,324.48531555016876,25.55008185904067,74.44991814095933,0.3437608620090372,0.34318482138107353,-5417.724499999999,-48.89983628191865,7321128.0,21027011.7288,-480.0,-0.006555936892551472,-14557.502399999648,-0.06918449018723417,0.6311,0.0019000000000000128,0.3019707565162131,38.690000000000005,61.309999999999995,1.5845,0.00019999999999997797,0.012623871741461717,61.309999999999995,38.690000000000005,0.7244,0.0012000000000000899,0.16592920353983545,42.01,57.989999999999995,0.9534,0.09330000000000005,-0.8601,1782230400002,2026-06-23 16:00:00 UTC,0.00017161,2.86540685
FINAL_REAL_MARK_PREMIUM_CLOSED_GUARD_2026_06_13,1782237600000,2026-06-23 18:00:00 UTC,MUSDT,1782237600000,2026-06-23 18:00:00 UTC,1782238499999,2026-06-23 18:14:59 UTC,True,2.8623,2.8747,2.8607,2.8676,0.005700000000000038,0.19916838463957645,47.18256097338054,2.8619,2.87324537,2.8607,2.8676,0.005700000000000038,0.19916838463957645,1782238499999,2026-06-23 18:14:59 UTC,0.0,0.0,0.00015357,0.00172197,0.0,0.00020193,5.194000000000002e-05,34.62897526501769,1782238499999,2026-06-23 18:14:59 UTC,363,160.0,78.81773399014779,4408.0,542.0,14.019658561821002,12648.2255,1568.9971999999998,14.161610876815308,binance_kline_quote_asset_volume,12.143250688705233,34.84359641873279,0.01399999999999979,0.4891171435558743,0.005300000000000082,0.1851657757747295,0.005300000000000082,0.1851657757747295,0.007099999999999884,50.714285714285644,0.0015999999999998238,11.428571428570342,0.49285714285714355,2250.0,2158.0,51.04355716878403,48.956442831215966,6457.2323,3626.4803999999995,128.1101462830423,6190.993200000001,-2057.4831999999988,-24.943796893205622,51.05247609635043,48.94752390364957,1.0426320667284523,1.043004263031657,266.23909999999887,2.1049521927008565,7320008.0,20949130.8952,-1120.0,-0.015298189022238104,-77880.83359999955,-0.3703846966201515,0.6268,-0.0042999999999999705,-0.6813500237680195,38.53,61.47,1.5854,0.0008999999999999009,0.056800252445560175,61.31999999999999,38.68,0.7212,-0.0032000000000000917,-0.4417448923246951,41.9,58.099999999999994,0.9585999999999999,0.09439999999999993,-0.8642,1782230400002,2026-06-23 16:00:00 UTC,0.00017161,2.86540685
FINAL_REAL_MARK_PREMIUM_CLOSED_GUARD_2026_06_13,1782238500000,2026-06-23 18:15:00 UTC,MUSDT,1782238500000,2026-06-23 18:15:00 UTC,1782239399999,2026-06-23 18:29:59 UTC,True,2.8681,2.8765,2.8679,2.8718,0.0041999999999999815,0.14646394197238044,49.070275676505645,2.8676,2.87590553,2.8676,2.8718,0.0041999999999999815,0.14646394197238044,1782239399999,2026-06-23 18:29:59 UTC,0.0,0.0,0.00020193,0.00244914,0.0,0.00036913,0.0001672,82.8009706333878,1782239399999,2026-06-23 18:29:59 UTC,271,-92.0,-25.344352617079892,3050.0,-1358.0,-30.807622504537207,8760.9045,-3887.321,-30.734121557209743,binance_kline_quote_asset_volume,11.254612546125461,32.328060885608856,0.008599999999999941,0.2998500749625167,0.0036999999999998145,0.12900526480944927,0.0036999999999998145,0.12900526480944927,0.0047000000000001485,54.65116279069978,0.00019999999999997797,2.325581395348597,0.45348837209300225,1321.0,1729.0,43.31147540983606,56.68852459016394,3794.2323,-2662.9999999999995,-41.24057918746395,4966.672200000001,-1224.321,-19.77584145949312,43.308682339820045,56.691317660179955,0.7640254482359745,0.7639385381624338,-1172.4399000000008,-13.38263532035991,7318126.0,20985458.1176,-1882.0,-0.025710354414913206,36327.22240000218,0.17340682332709903,0.6359,0.009099999999999997,1.4518187619655387,38.87,61.129999999999995,1.5858,0.000400000000000178,0.02523022581053223,61.33,38.67,0.7334,0.0122000000000001,1.69162506932891,42.309999999999995,57.69,0.9499000000000001,0.09750000000000003,-0.8524,1782230400002,2026-06-23 16:00:00 UTC,0.00017161,2.86540685
FINAL_REAL_MARK_PREMIUM_CLOSED_GUARD_2026_06_13,1782239400000,2026-06-23 18:30:00 UTC,MUSDT,1782239400000,2026-06-23 18:30:00 UTC,1782240299999,2026-06-23 18:44:59 UTC,True,2.872,2.8798,2.8689,2.8744,0.0026000000000001577,0.09053555261509011,50.2555327180908,2.8718,2.8772,2.8689,2.87411327,0.002313270000000145,0.08055122222996534,1782240299999,2026-06-23 18:44:59 UTC,0.0002867300000000128,0.009976294358086061,0.00046681,0.0019841,0.0,0.00066335,0.00029422000000000004,79.70633652100886,1782240299999,2026-06-23 18:44:59 UTC,242,-29.0,-10.70110701107011,2067.0,-983.0,-32.22950819672131,5942.5638,-2818.3407000000007,-32.16951742825185,binance_kline_quote_asset_volume,8.541322314049587,24.55604876033058,0.01089999999999991,0.37952646239554005,0.0024000000000001798,0.08356545961003412,0.0024000000000001798,0.08356545961003412,0.005399999999999849,49.54128440366875,0.0030999999999998806,28.440366972476205,0.5045871559633125,625.0,1442.0,30.237058538945334,69.76294146105467,1797.0441,-1997.1882,-52.63747820606556,4145.5197,-821.152500000001,-16.533253392482816,30.240215511022367,69.75978448897764,0.4334257975034674,0.4334906670447134,-2348.4755999999998,-39.519568977955274,7316952.0,21012822.7536,-1174.0,-0.016042358385193148,27364.63599999994,0.13039808731671135,0.6329,-0.0030000000000000027,-0.47177229124076153,38.76,61.24000000000001,1.5862,0.00039999999999995595,0.025223861773234706,61.33,38.67,0.731,-0.0024000000000000687,-0.32724297791110835,42.230000000000004,57.769999999999996,0.9533,0.09809999999999997,-0.8552000000000001,1782230400002,2026-06-23 16:00:00 UTC,0.00017161,2.86540685
FINAL_REAL_MARK_PREMIUM_CLOSED_GUARD_2026_06_13,1782240300000,2026-06-23 18:45:00 UTC,MUSDT,1782240300000,2026-06-23 18:45:00 UTC,1782241199999,2026-06-23 18:59:59 UTC,True,2.8752,2.8792,2.872,2.8766,0.0021999999999997577,0.07653771221819362,51.28854698434877,2.87411327,2.8788,2.872,2.8765724,0.002459130000000087,0.0855613460216927,1782241199999,2026-06-23 18:59:59 UTC,2.7599999999683433e-05,0.0009594752421209157,0.00068337,0.00231341,0.0,0.00085637,0.0001930199999999999,29.09776136277981,1782241199999,2026-06-23 18:59:59 UTC,142,-100.0,-41.32231404958678,1470.0,-597.0,-28.88243831640058,4229.3651,-1713.1987,-28.829285770562528,binance_kline_quote_asset_volume,10.352112676056338,29.784261267605633,0.007200000000000095,0.250417362270454,0.0013999999999998458,0.04869226488591562,0.0013999999999998458,0.04869226488591562,0.0026000000000001577,36.11111111111283,0.0032000000000000917,44.44444444444513,0.6388888888888717,332.0,1138.0,22.585034013605444,77.41496598639456,954.7232,-842.3209,-46.87257814095937,3274.6419,-870.8777999999998,-21.007686925236413,22.57367660219261,77.4263233978074,0.29173989455184535,0.29155041349712163,-2319.9187,-54.85264679561479,7316336.0,21027978.38537872,-616.0,-0.008418806082095387,15155.631778717041,0.07212563469665453,0.6324,-0.000500000000000056,-0.0790014220256053,38.74,61.260000000000005,1.5865,0.00029999999999996696,0.01891312570924013,61.339999999999996,38.66,0.731,0.0,0.0,42.230000000000004,57.769999999999996,0.9541000000000001,0.09860000000000002,-0.8555,1782230400002,2026-06-23 16:00:00 UTC,0.00017161,2.86540685
FINAL_REAL_MARK_PREMIUM_CLOSED_GUARD_2026_06_13,1782241200000,2026-06-23 19:00:00 UTC,MUSDT,1782241200000,2026-06-23 19:00:00 UTC,1782242099999,2026-06-23 19:14:59 UTC,True,2.8766,2.8814,2.871,2.8753,-0.0012999999999996348,-0.045192240839867726,50.61960927540654,2.8765724,2.88084257,2.871,2.8753,-0.0012723999999999513,-0.044233199206109027,1782242099999,2026-06-23 19:14:59 UTC,0.0,0.0,0.00074477,0.00184761,0.0,0.00025492,-0.0006014499999999999,-70.23249296448964,1782242099999,2026-06-23 19:14:59 UTC,183,41.0,28.87323943661972,1846.0,376.0,25.578231292517007,5313.6673,1084.3022,25.637469794225144,binance_kline_quote_asset_volume,10.087431693989071,29.036433333333335,0.010400000000000187,0.36153792671904983,-0.0012999999999996348,-0.045192240839867726,0.0012999999999996348,0.045192240839867726,0.0048000000000003595,46.15384615384878,0.0043000000000001926,41.346153846154955,0.41346153846154954,1193.0,653.0,64.62621885157095,35.37378114842903,3435.0564,2480.3332,259.7960539766919,1878.6109000000001,-1396.031,-42.63156224807359,64.64568077116908,35.3543192288309,1.8269525267993874,1.8285087135393496,1556.4454999999998,29.291361542338183,7316118.0,21045343.1139432,-218.0,-0.0029796335214785107,17364.728564482182,0.08257916308567405,0.6345,0.0020999999999999908,0.3320683111954445,38.82,61.18,1.5867,0.00019999999999997797,0.012606366214937156,61.339999999999996,38.66,0.7319,0.0009000000000000119,0.12311901504788124,42.26,57.74,0.9522,0.09740000000000004,-0.8548,1782230400002,2026-06-23 16:00:00 UTC,0.00017161,2.86540685
FINAL_REAL_MARK_PREMIUM_CLOSED_GUARD_2026_06_13,1782242100000,2026-06-23 19:15:00 UTC,MUSDT,1782242100000,2026-06-23 19:15:00 UTC,1782242999999,2026-06-23 19:29:59 UTC,True,2.8755,2.8797,2.8713,2.8739,-0.00140000000000029,-0.048690571418644656,49.8653279950526,2.8753,2.876803,2.87114234,2.87129986,-0.004000140000000041,-0.1391207873960992,1782242999999,2026-06-23 19:29:59 UTC,0.002600139999999751,0.09055619847380729,0.00025492,0.00169057,0.0,0.00050233,0.00024741000000000005,97.05397771849994,1782242999999,2026-06-23 19:29:59 UTC,179,-4.0,-2.185792349726776,1871.0,25.0,1.3542795232936078,5379.368,65.70070000000032,1.2364473778778042,binance_kline_quote_asset_volume,10.452513966480447,30.052335195530727,0.008399999999999963,0.2921231090245162,-0.0016000000000002679,-0.055642496957060264,0.0016000000000002679,0.055642496957060264,0.0041999999999999815,50.0,0.0025999999999997137,30.952380952377677,0.3095238095237768,789.0,1082.0,42.16996258685195,57.83003741314805,2269.4142,-1165.6421999999998,-33.933713577453915,3109.9538000000002,1231.3429,65.54539314128327,42.187375914791474,57.81262408520852,0.7292051756007394,0.729726017151766,-840.5396000000001,-15.625248170417045,7315178.0,21033331.3034,-940.0,-0.012848343889477998,-12011.810543201864,-0.05707585986205026,0.6327,-0.0017999999999999128,-0.2836879432623976,38.75,61.25000000000001,1.587,0.00029999999999996696,0.018907165815842123,61.35,38.65,0.7295,-0.0023999999999999577,-0.3279136494056507,42.18,57.82000000000001,0.9542999999999999,0.0968,-0.8574999999999999,1782230400002,2026-06-23 16:00:00 UTC,0.00017161,2.86540685
FINAL_REAL_MARK_PREMIUM_CLOSED_GUARD_2026_06_13,1782243000000,2026-06-23 19:30:00 UTC,MUSDT,1782243000000,2026-06-23 19:30:00 UTC,1782243899999,2026-06-23 19:44:59 UTC,True,2.8728,2.8758,2.8702,2.8758,0.0019000000000000128,0.06611225164410776,50.933906109612316,2.87129986,2.8758,2.8708,2.87567028,0.004370419999999875,0.15221050440896391,1782243899999,2026-06-23 19:44:59 UTC,0.0001297199999998888,0.00451094831358374,0.00017175,0.00222168,0.00010444,0.00175074,0.00124841,248.52387872514078,1782243899999,2026-06-23 19:44:59 UTC,98,-81.0,-45.2513966480447,818.0,-1053.0,-56.280064136825224,2350.0926,-3029.2754000000004,-56.31284939048602,binance_kline_quote_asset_volume,8.346938775510203,23.980536734693878,0.005599999999999827,0.1949317738791363,0.0030000000000001137,0.10442773600668734,0.0030000000000001137,0.10442773600668734,0.0,0.0,0.0025999999999997137,46.42857142856774,1.0,412.0,406.0,50.36674816625917,49.63325183374083,1183.7714,-1085.6428,-47.838019168118365,1166.3211999999999,-1943.6326000000004,-62.497153494691794,50.371266221594844,49.628733778405156,1.0147783251231528,1.0149617446720511,17.450200000000223,0.7425324431896948,7314354.0,21000825.89371044,-824.0,-0.011264250849398333,-32505.409689560533,-0.15454237477021102,0.6324,-0.000300000000000078,-0.04741583688953342,38.74,61.260000000000005,1.5873,0.00029999999999996696,0.018903591682417578,61.35,38.65,0.7289,-0.0006000000000000449,-0.08224811514736736,42.16,57.84,0.9549,0.09650000000000003,-0.8583999999999999,1782230400002,2026-06-23 16:00:00 UTC,0.00017161,2.86540685
FINAL_REAL_MARK_PREMIUM_CLOSED_GUARD_2026_06_13,1782243900000,2026-06-23 19:45:00 UTC,MUSDT,1782243900000,2026-06-23 19:45:00 UTC,1782244799999,2026-06-23 19:59:59 UTC,True,2.8756,2.8756,2.872,2.8731,-0.0026999999999999247,-0.09388691842269715,49.32500237921907,2.87567028,2.87567028,2.872,2.8728569,-0.0028133800000000875,-0.09783388657478796,1782244799999,2026-06-23 19:59:59 UTC,0.0002431000000000516,0.008461959939600599,0.00175593,0.00175593,0.00034443,0.00049082,-0.0012599199999999999,-71.96499765813313,1782244799999,2026-06-23 19:59:59 UTC,136,38.0,38.775510204081634,2115.0,1297.0,158.55745721271393,6078.2139,3728.1213,158.63720859339753,binance_kline_quote_asset_volume,15.551470588235293,44.69274926470588,0.0036000000000000476,0.12519126443177242,-0.0024999999999999467,-0.08693837807761673,0.0024999999999999467,0.08693837807761673,0.0,0.0,0.001100000000000101,30.555555555557955,0.30555555555557956,292.0,1823.0,13.80614657210402,86.19385342789599,838.8092,-344.96220000000005,-29.1409473146589,5239.4047,4073.0835,349.22485332513895,13.800258000133889,86.19974199986612,0.16017553483269337,0.1600962796403187,-4400.5955,-72.39948399973223,7313860.0,21032249.8340808,-494.0,-0.006753843196542032,31423.940370362252,0.14963192652234428,0.6353,0.0029000000000000137,0.45857052498418943,38.85,61.150000000000006,1.5873,0.0,0.0,61.35,38.65,0.7337,0.0048000000000000265,0.6585265468514236,42.32,57.68,0.952,0.09840000000000004,-0.8535999999999999,1782230400002,2026-06-23 16:00:00 UTC,0.00017161,2.86540685
FINAL_REAL_MARK_PREMIUM_CLOSED_GUARD_2026_06_13,1782244800000,2026-06-23 20:00:00 UTC,MUSDT,1782244800000,2026-06-23 20:00:00 UTC,1782245699999,2026-06-23 20:14:59 UTC,True,2.8727,2.8739,2.8601,2.868,-0.0051000000000001044,-0.1775086143886431,46.34693068395224,2.8728569,2.8739,2.85858842,2.868,-0.004856900000000053,-0.1690616751568814,1782245699999,2026-06-23 20:14:59 UTC,0.0,0.0,0.00047801,0.00211494,-0.00047668,0.00175,0.00125918,256.54618801189844,1782245699999,2026-06-23 20:14:59 UTC,226,90.0,66.17647058823529,3850.0,1735.0,82.03309692671394,11042.8536,4964.639700000001,81.67925284761698,binance_kline_quote_asset_volume,17.035398230088497,48.86218407079646,0.013799999999999812,0.48038430744595023,-0.0047000000000001485,-0.1636091481881209,0.0047000000000001485,0.1636091481881209,0.0011999999999998678,8.695652173912203,0.007899999999999796,57.2463768115935,0.572463768115935,935.0,2915.0,24.285714285714285,75.71428571428571,2680.0397,1841.2304999999997,219.50528201168984,8362.813900000001,3123.409200000001,59.61381834085084,24.26944879537296,75.73055120462703,0.32075471698113206,0.320471043843269,-5682.774200000002,-51.46110240925409,7313587.0,21010888.8767003,-273.0,-0.003732639126261646,-21360.95738049969,-0.10156287391511606,0.6369,0.0016000000000000458,0.2518495199118599,38.91,61.09,1.5878,0.000500000000000167,0.03150003150004202,61.36000000000001,38.64,0.7346,0.0009000000000000119,0.12266593975739566,42.35,57.65,0.9509000000000001,0.09770000000000001,-0.8532000000000001,1782244800000,2026-06-23 20:00:00 UTC,0.00014553,2.8728569
FINAL_REAL_MARK_PREMIUM_CLOSED_GUARD_2026_06_13,1782245700000,2026-06-23 20:15:00 UTC,MUSDT,1782245700000,2026-06-23 20:15:00 UTC,1782246599999,2026-06-23 20:29:59 UTC,True,2.8681,2.8799,2.8655,2.8786,0.010600000000000165,0.36959553695955943,52.73446160924354,2.868,2.8788,2.8655,2.8786,0.010600000000000165,0.36959553695955943,1782246599999,2026-06-23 20:29:59 UTC,0.0,0.0,0.00171506,0.00262788,0.0,0.00197101,0.00022101,12.629142857142858,1782246599999,2026-06-23 20:29:59 UTC,188,-38.0,-16.8141592920354,3380.0,-470.0,-12.207792207792208,9706.5953,-1336.2582999999995,-12.100661191415227,binance_kline_quote_asset_volume,17.97872340425532,51.630826063829794,0.01440000000000019,0.5020745441232938,0.010499999999999954,0.366096021756562,0.010499999999999954,0.366096021756562,0.0013000000000000789,9.027777777778207,0.0026000000000001577,18.055555555556413,0.909722222222218,2397.0,983.0,70.9171597633136,29.08284023668639,6886.2765,4206.236800000001,156.9468094073383,2820.318800000001,-5542.4951,-66.2754805532621,70.9443042299291,29.055695770070898,2.4384537131230926,2.441665991802061,4065.957699999999,41.888608459858204,7313824.0,20976047.232,237.0,0.0032405439355544688,-34841.64470029995,-0.16582660973918648,0.6442,0.007299999999999973,1.1461767938451832,39.18,60.81999999999999,1.588,0.00019999999999997797,0.012596044841918251,61.36000000000001,38.64,0.7431,0.008499999999999952,1.157092295126593,42.63,57.37,0.9438000000000001,0.09889999999999999,-0.8449000000000001,1782244800000,2026-06-23 20:00:00 UTC,0.00014553,2.8728569
FINAL_REAL_MARK_PREMIUM_CLOSED_GUARD_2026_06_13,1782246600000,2026-06-23 20:30:00 UTC,MUSDT,1782246600000,2026-06-23 20:30:00 UTC,1782247499999,2026-06-23 20:44:59 UTC,True,2.8786,2.8833,2.873,2.8824,0.0038000000000000256,0.1320086152991046,54.81142803428426,2.8786,2.88316288,2.873,2.88222894,0.003628940000000025,0.12606614326408758,1782247499999,2026-06-23 20:44:59 UTC,0.00017106000000000066,0.00593499002199321,0.00180624,0.002243,0.0,0.00173097,-0.00024003999999999996,-12.178527759879449,1782247499999,2026-06-23 20:44:59 UTC,210,22.0,11.702127659574469,2467.0,-913.0,-27.011834319526628,7101.4608,-2605.134500000001,-26.838808248243346,binance_kline_quote_asset_volume,11.747619047619047,33.81648,0.010299999999999976,0.35781282567914874,0.0038000000000000256,0.1320086152991046,0.0038000000000000256,0.1320086152991046,0.0009000000000001229,8.737864077671118,0.005599999999999827,54.36893203883341,0.9126213592232888,1231.0,1236.0,49.89866234292663,50.101337657073366,3545.4461,-3340.8304,-48.51432265317839,3556.0146999999997,735.6958999999988,26.085558129102232,49.925588549330584,50.07441145066941,0.9959546925566343,0.9970279650418769,-10.568599999999606,-0.14882290133882886,7312327.0,21049264.5022,-1497.0,-0.020468088923113272,73217.27019999921,0.3490517988932759,0.6412,-0.0030000000000000027,-0.465693883886992,39.07,60.92999999999999,1.5884,0.00039999999999995595,0.02518891687657153,61.370000000000005,38.629999999999995,0.7385,-0.0045999999999999375,-0.6190283945633074,42.480000000000004,57.52,0.9472,0.09730000000000005,-0.8499,1782244800000,2026-06-23 20:00:00 UTC,0.00014553,2.8728569
FINAL_REAL_MARK_PREMIUM_CLOSED_GUARD_2026_06_13,1782247500000,2026-06-23 20:45:00 UTC,MUSDT,1782247500000,2026-06-23 20:45:00 UTC,1782248399999,2026-06-23 20:59:59 UTC,True,2.8822,2.8842,2.8807,2.8825,9.999999999976694e-05,0.003469331112953335,54.86763291952239,2.88222894,2.88317633,2.8807,2.8825,0.0002710599999997676,0.009404527039401929,1782248399999,2026-06-23 20:59:59 UTC,0.0,0.0,0.00172521,0.00196177,0.00022028,0.00022028,-0.00151069,-87.27418730538369,1782248399999,2026-06-23 20:59:59 UTC,155,-55.0,-26.190476190476193,2230.0,-237.0,-9.606809890555331,6427.4778,-673.9830000000002,-9.490765618251391,binance_kline_quote_asset_volume,14.387096774193548,41.46759870967742,0.0034999999999998366,0.12143501491915329,0.0002999999999997449,0.01040871556449049,0.0002999999999997449,0.01040871556449049,0.0017000000000000348,48.57142857143184,0.0015000000000000568,42.85714285714648,0.5142857142856817,387.0,1843.0,17.3542600896861,82.64573991031389,1115.5161,-2429.9300000000003,-68.53665043730322,5311.9617,1755.9470000000001,49.37963276698491,17.35542517159686,82.64457482840314,0.20998372219207814,0.21000077993785235,-4196.4456,-65.28914965680629,7311154.0,21072419.64359676,-1173.0,-0.016041405150508177,23155.14139676094,0.1100045153327844,0.6407,-0.0004999999999999449,-0.07797878976917419,39.050000000000004,60.95,1.5887,0.00029999999999996696,0.018886930244268886,61.370000000000005,38.629999999999995,0.7391,0.0005999999999999339,0.08124576844955098,42.5,57.49999999999999,0.948,0.09839999999999993,-0.8496,1782244800000,2026-06-23 20:00:00 UTC,0.00014553,2.8728569
FINAL_REAL_MARK_PREMIUM_CLOSED_GUARD_2026_06_13,1782248400000,2026-06-23 21:00:00 UTC,MUSDT,1782248400000,2026-06-23 21:00:00 UTC,1782249299999,2026-06-23 21:14:59 UTC,True,2.8819,2.891,2.8813,2.887,0.0045000000000001705,0.15611448395490618,57.43336868015425,2.8825,2.8895,2.88033838,2.887,0.0045000000000001705,0.15611448395490618,1782249299999,2026-06-23 21:14:59 UTC,0.0,0.0,0.00020318,0.00219756,0.0,0.00128832,0.00106804,484.85563827855447,1782249299999,2026-06-23 21:14:59 UTC,254,99.0,63.87096774193548,2812.0,582.0,26.09865470852018,8118.8553,1691.3775000000005,26.31479333930956,binance_kline_quote_asset_volume,11.070866141732283,31.96399724409449,0.009700000000000042,0.3365835039383755,0.0051000000000001044,0.17696658454492192,0.0051000000000001044,0.17696658454492192,0.0040000000000000036,41.237113402061716,0.0005999999999999339,6.18556701030857,0.5876288659793829,898.0,1914.0,31.934566145092464,68.06543385490754,2592.633,1477.1168999999998,132.41556083323223,5526.2223,214.26060000000052,4.033549413581061,31.933479587941417,68.06652041205858,0.46917450365726227,0.46915105098106524,-2933.5893000000005,-36.13304082411717,7310326.0,21072014.695,-828.0,-0.011325161527167941,-404.9485967606306,-0.0019216995656390207,0.6385,-0.0022000000000000908,-0.3433744342125941,38.97,61.029999999999994,1.5888,9.999999999998899e-05,0.006294454585509472,61.370000000000005,38.629999999999995,0.7391,0.0,0.0,42.5,57.49999999999999,0.9503,0.10060000000000002,-0.8497,1782244800000,2026-06-23 20:00:00 UTC,0.00014553,2.8728569
FINAL_REAL_MARK_PREMIUM_CLOSED_GUARD_2026_06_13,1782249300000,2026-06-23 21:15:00 UTC,MUSDT,1782249300000,2026-06-23 21:15:00 UTC,1782250199999,2026-06-23 21:29:59 UTC,True,2.8885,2.8927,2.8752,2.881,-0.006000000000000227,-0.2078281953585115,53.098928690802616,2.887,2.889,2.8753,2.881,-0.006000000000000227,-0.2078281953585115,1782250199999,2026-06-23 21:29:59 UTC,0.0,0.0,0.00135238,0.00174877,0.0,0.0005814,-0.0007069199999999999,-54.871460506706406,1782250199999,2026-06-23 21:29:59 UTC,281,27.0,10.62992125984252,4480.0,1668.0,59.31721194879089,12928.4522,4809.5969,59.239840128694,binance_kline_quote_asset_volume,15.94306049822064,46.008726690391455,0.01750000000000007,0.6058507876060264,-0.007500000000000284,-0.25965033754544864,0.007500000000000284,0.25965033754544864,0.0041999999999999815,23.999999999999797,0.005799999999999805,33.142857142855895,0.33142857142855897,2259.0,2221.0,50.424107142857146,49.575892857142854,6523.597,3930.964,151.62053402853394,6404.8552,878.6328999999996,15.899340495224006,50.45922666597321,49.540773334026795,1.0171094101755966,1.0185393418417952,118.74179999999978,0.9184533319464165,7309643.0,21102939.341,-683.0,-0.009342948590801559,30924.645999997854,0.14675694966810982,0.6477,0.009200000000000097,1.4408770555990758,39.31,60.69,1.5889,9.999999999998899e-05,0.006294058408861341,61.370000000000005,38.629999999999995,0.7519,0.012800000000000034,1.7318360167771658,42.92,57.08,0.9411999999999999,0.10419999999999996,-0.837,1782244800000,2026-06-23 20:00:00 UTC,0.00014553,2.8728569
FINAL_REAL_MARK_PREMIUM_CLOSED_GUARD_2026_06_13,1782250200000,2026-06-23 21:30:00 UTC,MUSDT,1782250200000,2026-06-23 21:30:00 UTC,1782251099999,2026-06-23 21:44:59 UTC,True,2.882,2.8883,2.8666,2.8667,-0.01429999999999998,-0.4963554321416168,44.482498933039864,2.881,2.88717317,2.86436221,2.86665,-0.014349999999999863,-0.49809094064560444,1782251099999,2026-06-23 21:44:59 UTC,4.999999999988347e-05,0.0017441961871830698,0.00056393,0.00184688,0.0,9.96e-06,-0.00057144,-98.28689370485036,1782251099999,2026-06-23 21:44:59 UTC,254,-27.0,-9.608540925266903,5327.0,847.0,18.90625,15320.778,2392.3258000000005,18.504348107502,binance_kline_quote_asset_volume,20.97244094488189,60.31802362204724,0.021700000000000053,0.752949340735602,-0.015300000000000313,-0.5308813324080608,0.015300000000000313,0.5308813324080608,0.006299999999999972,29.032258064515933,9.999999999976694e-05,0.4608294930864825,0.004608294930864825,1888.0,3439.0,35.44208747888117,64.55791252111884,5427.8312,-1095.7658000000001,-16.79695726146174,9892.946800000002,3488.0916000000016,54.46011644416258,35.42790842606035,64.57209157393966,0.5489968013957546,0.548656665170786,-4465.115600000002,-29.144183147879314,7307944.0,21054186.664,-1699.0,-0.023243269199330254,-48752.67699999735,-0.23102315849090205,0.6458,-0.0019000000000000128,-0.2933456847305871,39.24,60.760000000000005,1.5894,0.0004999999999999449,0.03146831141040625,61.38,38.62,0.7486,-0.0032999999999999696,-0.43888815001994536,42.809999999999995,57.19,0.9435999999999999,0.1028,-0.8407999999999999,1782244800000,2026-06-23 20:00:00 UTC,0.00014553,2.8728569
FINAL_REAL_MARK_PREMIUM_CLOSED_GUARD_2026_06_13,1782251100000,2026-06-23 21:45:00 UTC,MUSDT,1782251100000,2026-06-23 21:45:00 UTC,1782251999999,2026-06-23 21:59:59 UTC,True,2.8667,2.8726,2.8612,2.8614,-0.005299999999999638,-0.18488157114450895,41.77667238874826,2.86665,2.8701,2.8604316,2.8613,-0.005349999999999966,-0.18662899202902225,1782251999999,2026-06-23 21:59:59 UTC,0.00010000000000021103,0.003494914898829589,9.96e-06,0.00156165,0.0,0.0,-9.96e-06,-100.0,1782251999999,2026-06-23 21:59:59 UTC,226,-28.0,-11.023622047244094,4008.0,-1319.0,-24.76065327576497,11480.1249,-3840.6530999999995,-25.068264157342394,binance_kline_quote_asset_volume,17.734513274336283,50.79701283185841,0.011399999999999633,0.39766979453726,-0.005299999999999638,-0.18488157114450895,0.005299999999999638,0.18488157114450895,0.005900000000000016,51.75438596491409,0.00019999999999997797,1.7543859649121438,0.01754385964912144,2933.0,1075.0,73.17864271457086,26.821357285429144,8398.2925,2970.4613,54.726486335831524,3081.832400000001,-6811.1144,-68.84818586106213,73.15506210215534,26.844937897844655,2.728372093023256,2.7250970883426353,5316.460099999998,46.31012420431069,7305763.0,20943065.50395,-2181.0,-0.029844235259602427,-111121.160050001,-0.5277865244730833,0.6502,0.0043999999999999595,0.6813254877671042,39.4,60.6,1.5904,0.001000000000000112,0.06291682395873362,61.4,38.6,0.7538,0.005199999999999982,0.6946299759551139,42.980000000000004,57.02,0.9402,0.10360000000000003,-0.8366,1782244800000,2026-06-23 20:00:00 UTC,0.00014553,2.8728569
FINAL_REAL_MARK_PREMIUM_CLOSED_GUARD_2026_06_13,1782252000000,2026-06-23 22:00:00 UTC,MUSDT,1782252000000,2026-06-23 22:00:00 UTC,1782252899999,2026-06-23 22:14:59 UTC,True,2.8612,2.8628,2.8602,2.8602,-0.001200000000000312,-0.04193751310548374,41.166095290301335,2.8613,2.86203093,2.8602,2.8602,-0.001100000000000101,-0.03844406388704787,1782252899999,2026-06-23 22:14:59 UTC,0.0,0.0,9.898e-05,0.00023339,0.0,0.0,0.0,,1782252899999,2026-06-23 22:14:59 UTC,114,-112.0,-49.557522123893804,639.0,-3369.0,-84.05688622754491,1828.3472,-9651.7777,-84.07380393570457,binance_kline_quote_asset_volume,5.605263157894737,16.038133333333334,0.0026000000000001577,0.09087096323221577,-0.001000000000000334,-0.034950370473938695,0.001000000000000334,0.034950370473938695,0.0015999999999998238,61.53846153845103,0.0,0.0,0.0,301.0,338.0,47.104851330203445,52.895148669796555,861.2702,-7537.0223,-89.7446986991701,967.0769999999999,-2114.7554000000014,-68.62006512748717,47.10649049589706,52.89350950410293,0.8905325443786982,0.8905911318333495,-105.80679999999984,-5.787019008205873,7305252.0,20902517.5476,-511.0,-0.006994478194816886,-40547.95634999871,-0.1936104164996815,0.6502,0.0,0.0,39.4,60.6,1.5905,9.999999999998899e-05,0.006287726358148202,61.4,38.6,0.7544,0.0005999999999999339,0.07959671000264446,43.0,56.99999999999999,0.9403,0.10419999999999996,-0.8361000000000001,1782244800000,2026-06-23 20:00:00 UTC,0.00014553,2.8728569
FINAL_REAL_MARK_PREMIUM_CLOSED_GUARD_2026_06_13,1782252900000,2026-06-23 22:15:00 UTC,MUSDT,1782252900000,2026-06-23 22:15:00 UTC,1782253799999,2026-06-23 22:29:59 UTC,True,2.8609,2.8609,2.8488,2.8501,-0.010099999999999998,-0.35312215928956014,36.350579452076225,2.8602,2.8609,2.849,2.8501,-0.010099999999999998,-0.35312215928956014,1782253799999,2026-06-23 22:29:59 UTC,0.0,0.0,0.0,0.00110288,-0.00023404,0.0,0.0,,1782253799999,2026-06-23 22:29:59 UTC,427,313.0,274.56140350877195,4786.0,4147.0,648.9827856025039,13660.306,11831.9588,647.1396023687405,binance_kline_quote_asset_volume,11.208430913348947,31.991348946135833,0.012099999999999778,0.4229438288650347,-0.010800000000000143,-0.37750358278863794,0.010800000000000143,0.37750358278863794,0.0,0.0,0.0012999999999996348,10.743801652889742,0.10743801652889741,2961.0,1825.0,61.86794818219808,38.13205181780192,8448.8105,7587.5403,880.9709542951794,5211.495500000001,4244.418500000001,438.89147399845115,61.84935022685436,38.150649773145645,1.6224657534246576,1.6211873348062946,3237.3149999999987,23.698700453708714,7305334.0,20899830.0406,82.0,0.001122480100618021,-2687.5069999992847,-0.012857336413564503,0.6493,-0.0009000000000000119,-0.1384189480159969,39.37,60.629999999999995,1.5904,-9.999999999998899e-05,-0.006287331027977931,61.4,38.6,0.7544,0.0,0.0,43.0,56.99999999999999,0.9411,0.10509999999999997,-0.8360000000000001,1782244800000,2026-06-23 20:00:00 UTC,0.00014553,2.8728569
FINAL_REAL_MARK_PREMIUM_CLOSED_GUARD_2026_06_13,1782253800000,2026-06-23 22:30:00 UTC,MUSDT,1782253800000,2026-06-23 22:30:00 UTC,1782254699999,2026-06-23 22:44:59 UTC,True,2.8503,2.8507,2.8318,2.8482,-0.0019000000000000128,-0.06666432756745423,35.509069336135255,2.8501,2.850425,2.8371857,2.8482,-0.0019000000000000128,-0.06666432756745423,1782254699999,2026-06-23 22:44:59 UTC,0.0,0.0,0.0,0.0017451,0.0,0.00103114,0.00103114,,1782254699999,2026-06-23 22:44:59 UTC,507,80.0,18.735362997658083,8191.0,3405.0,71.1450062682825,23259.0387,9598.7327,70.26733295725587,binance_kline_quote_asset_volume,16.155818540433923,45.87581597633136,0.018899999999999917,0.6630880959898929,-0.0020999999999999908,-0.0736764551099881,0.0020999999999999908,0.0736764551099881,0.00039999999999995595,2.1164021164018925,0.01639999999999997,86.772486772487,0.86772486772487,2786.0,5405.0,34.01294103284092,65.98705896715907,7920.4267,-528.3837999999996,-6.253943084650787,15338.612000000001,10127.1165,194.32265651961126,34.05311286575227,65.94688713424773,0.5154486586493987,0.5163718007861468,-7418.185300000001,-31.893774268495456,7305136.0,20820368.1136,-198.0,-0.002710348356420117,-79461.92700000107,-0.3802036994829066,0.648,-0.0012999999999999678,-0.20021561681810687,39.32,60.68,1.5902,-0.00019999999999997797,-0.012575452716296403,61.39,38.61,0.7553,0.0009000000000000119,0.1193001060445403,43.03,56.97,0.9422,0.10729999999999995,-0.8349000000000001,1782244800000,2026-06-23 20:00:00 UTC,0.00014553,2.8728569
FINAL_REAL_MARK_PREMIUM_CLOSED_GUARD_2026_06_13,1782254700000,2026-06-23 22:45:00 UTC,MUSDT,1782254700000,2026-06-23 22:45:00 UTC,1782255599999,2026-06-23 22:59:59 UTC,True,2.8469,2.8493,2.8438,2.8449,-0.0032999999999998586,-0.11586265009479176,34.03532246902472,2.8482,2.84912333,2.8439,2.8447761,-0.0034239000000000352,-0.12021276595744804,1782255599999,2026-06-23 22:59:59 UTC,0.00012390000000017665,0.004355351551223193,0.00081865,0.00168852,0.0,0.00015636,-0.00087478,-84.8362007098939,1782255599999,2026-06-23 22:59:59 UTC,183,-324.0,-63.905325443786985,2902.0,-5289.0,-64.57087046758637,8261.9906,-14997.048100000002,-64.47836599540977,binance_kline_quote_asset_volume,15.857923497267759,45.147489617486336,0.00550000000000006,0.1931925954547072,-0.002000000000000224,-0.0702518528926279,0.002000000000000224,0.0702518528926279,0.0023999999999997357,43.63636363635835,0.001100000000000101,20.000000000001613,0.20000000000001614,1767.0,1135.0,60.88904203997243,39.11095796002756,5031.2506,-2889.1760999999997,-36.477530939084374,3230.739999999999,-12107.872000000003,-78.93720761696041,60.8963486354003,39.1036513645997,1.5568281938325992,1.5573059422918594,1800.5106000000014,21.79269727080059,7304080.0,20803480.656,-1056.0,-0.014455583030897712,-16887.457600001246,-0.08111027388113397,0.6603,0.012299999999999978,1.8981481481481446,39.77,60.23,1.5899,-0.00029999999999996696,-0.018865551502953524,61.39,38.61,0.7652,0.00990000000000002,1.3107374553157711,43.35,56.65,0.9296000000000001,0.1049,-0.8247000000000001,1782244800000,2026-06-23 20:00:00 UTC,0.00014553,2.8728569
FINAL_REAL_MARK_PREMIUM_CLOSED_GUARD_2026_06_13,1782255600000,2026-06-23 23:00:00 UTC,MUSDT,1782255600000,2026-06-23 23:00:00 UTC,1782256499999,2026-06-23 23:14:59 UTC,True,2.8448,2.8451,2.837,2.8409,-0.0040000000000000036,-0.14060248163380096,32.286157768368156,2.8447761,2.8447761,2.836561,2.839508,-0.005268099999999887,-0.18518504848237044,1782256499999,2026-06-23 23:14:59 UTC,0.0013920000000000599,0.04902257715069159,0.00014956,0.00128187,0.0,0.0,-0.00015636,-100.0,1782256499999,2026-06-23 23:14:59 UTC,178,-5.0,-2.73224043715847,1224.0,-1678.0,-57.82219159200551,3477.4862,-4784.5044,-57.90982623485434,binance_kline_quote_asset_volume,6.876404494382022,19.536439325842696,0.008099999999999774,0.2847300337457738,-0.0039000000000002366,-0.13709223847019955,0.0039000000000002366,0.13709223847019955,0.0002999999999997449,3.703703703700658,0.0038999999999997925,48.14814814814693,0.4814814814814693,702.0,522.0,57.35294117647059,42.64705882352941,1994.8638,-3036.3868,-60.35053789608492,1482.6223999999997,-1748.1175999999991,-54.10889146139893,57.365110463989765,42.63488953601023,1.3448275862068966,1.3454968709497446,512.2414000000003,14.730220927979538,7302426.0,20773766.9568186,-1654.0,-0.02264487793123843,-29713.69918140024,-0.14283042185457756,0.6622,0.0019000000000000128,0.2877479933363642,39.839999999999996,60.160000000000004,1.5899,0.0,0.0,61.39,38.61,0.7687,0.0035000000000000586,0.45739675901725807,43.46,56.54,0.9277000000000001,0.10650000000000004,-0.8212,1782244800000,2026-06-23 20:00:00 UTC,0.00014553,2.8728569
FINAL_REAL_MARK_PREMIUM_CLOSED_GUARD_2026_06_13,1782256500000,2026-06-23 23:15:00 UTC,MUSDT,1782256500000,2026-06-23 23:15:00 UTC,1782257399999,2026-06-23 23:29:59 UTC,True,2.8389,2.8443,2.8362,2.8431,0.002200000000000202,0.07744024780880009,34.28649330674642,2.839508,2.84427608,2.8362,2.8428511,0.0033430999999999322,0.11773518510953067,1782257399999,2026-06-23 23:29:59 UTC,0.0002489000000003294,0.008755294992422552,0.0,0.00126375,0.0,0.00059586,0.00059586,,1782257399999,2026-06-23 23:29:59 UTC,126,-52.0,-29.213483146067414,1367.0,143.0,11.683006535947712,3882.9038,405.4176000000002,11.658352519127185,binance_kline_quote_asset_volume,10.84920634920635,30.816696825396825,0.008100000000000218,0.28532177956251425,0.0041999999999999815,0.1479446264398176,0.0041999999999999815,0.1479446264398176,0.0011999999999998678,14.814814814812785,0.0027000000000003688,33.33333333333699,0.8518518518518722,1130.0,237.0,82.66276517922458,17.33723482077542,3209.998,1215.1342,60.9131410374984,672.9058,-809.7165999999997,-54.61381131163267,82.67003679050715,17.329963209492856,4.767932489451477,4.770352700184781,2537.0922,65.3400735810143,7302618.0,20735842.231944,192.0,0.0026292632065015105,-37924.72487460077,-0.1825606542782203,0.6595,-0.0027000000000000357,-0.4077318030806457,39.739999999999995,60.260000000000005,1.59,9.999999999998899e-05,0.006289703754952448,61.39,38.61,0.7655,-0.0032000000000000917,-0.41628723819436597,43.36,56.64,0.9305000000000001,0.10599999999999998,-0.8245000000000001,1782244800000,2026-06-23 20:00:00 UTC,0.00014553,2.8728569
FINAL_REAL_MARK_PREMIUM_CLOSED_GUARD_2026_06_13,1782257400000,2026-06-23 23:30:00 UTC,MUSDT,1782257400000,2026-06-23 23:30:00 UTC,1782258299999,2026-06-23 23:44:59 UTC,True,2.8431,2.8469,2.8424,2.8438,0.0006999999999997009,0.02462101227532274,34.94500889185012,2.8428511,2.8469,2.84092407,2.84355167,0.0007005700000002335,0.024643218211472053,1782258299999,2026-06-23 23:44:59 UTC,0.00024832999999979677,0.008733092583466112,0.00146753,0.00177653,0.0,9.059e-05,-0.00050527,-84.79676434061693,1782258299999,2026-06-23 23:44:59 UTC,113,-13.0,-10.317460317460316,1360.0,-7.0,-0.5120702267739575,3869.0198,-13.884000000000015,-0.3575674473315567,binance_kline_quote_asset_volume,12.035398230088495,34.23911327433628,0.0045000000000001705,0.15827793605571983,0.0006999999999997009,0.02462101227532274,0.0006999999999997009,0.02462101227532274,0.0031000000000003247,68.88888888889349,0.000700000000000145,15.555555555558186,0.31111111111106504,1148.0,212.0,84.41176470588235,15.588235294117647,3265.9132,55.91519999999991,1.7419076273567744,603.1066000000001,-69.79919999999993,-10.372804038841682,84.41190194994607,15.588098050053919,5.415094339622642,5.415150820767008,2662.8066,68.82380389989216,7302215.0,20759109.9451865,-403.0,-0.005518568820113554,23267.71324250102,0.11221011899220869,0.6589,-0.0005999999999999339,-0.09097801364669203,39.72,60.28,1.5902,0.00019999999999997797,0.012578616352199872,61.39,38.61,0.764,-0.0014999999999999458,-0.1959503592423182,43.309999999999995,56.69,0.9313,0.10509999999999997,-0.8262,1782244800000,2026-06-23 20:00:00 UTC,0.00014553,2.8728569
FINAL_REAL_MARK_PREMIUM_CLOSED_GUARD_2026_06_13,1782258300000,2026-06-23 23:45:00 UTC,MUSDT,1782258300000,2026-06-23 23:45:00 UTC,1782259199999,2026-06-23 23:59:59 UTC,True,2.8437,2.8483,2.8346,2.8386,-0.005199999999999871,-0.18285392784302243,32.35145531677337,2.84355167,2.8476,2.83825365,2.83825365,-0.005298020000000125,-0.18631699419761644,1782259199999,2026-06-23 23:59:59 UTC,0.0003463500000000508,0.012202926260662108,0.00014177,0.00167642,0.0,0.0,-9.059e-05,-100.0,1782259199999,2026-06-23 23:59:59 UTC,227,114.0,100.88495575221239,4573.0,3213.0,236.24999999999997,12990.5758,9121.556,235.75883483460075,binance_kline_quote_asset_volume,20.145374449339208,57.22720616740089,0.013700000000000045,0.4817667123817577,-0.0051000000000001044,-0.17934381263846763,0.0051000000000001044,0.17934381263846763,0.0045999999999999375,33.576642335765854,0.0040000000000000036,29.197080291970735,0.29197080291970734,1458.0,3115.0,31.882790290837526,68.11720970916248,4147.1715,881.2583000000004,26.983518729156685,8843.4043,8240.2977,1366.3086591988877,31.92446250150051,68.07553749849949,0.4680577849117175,0.46895645153303694,-4696.2328,-36.15107499699898,7301983.0,20763565.95396161,-232.0,-0.0031771181757863877,4456.008775111288,0.02146531709151876,0.6573,-0.0016000000000000458,-0.2428289573531713,39.660000000000004,60.34,1.5902,0.0,0.0,61.39,38.61,0.7627,-0.0012999999999999678,-0.17015706806282302,43.269999999999996,56.730000000000004,0.9329000000000001,0.10540000000000005,-0.8275,1782244800000,2026-06-23 20:00:00 UTC,0.00014553,2.8728569
FINAL_REAL_MARK_PREMIUM_CLOSED_GUARD_2026_06_13,1782259200000,2026-06-24 00:00:00 UTC,MUSDT,1782259200000,2026-06-24 00:00:00 UTC,1782260099999,2026-06-24 00:14:59 UTC,True,2.8382,2.8556,2.8323,2.8513,0.012700000000000156,0.4474036496864706,43.40013800981292,2.83825362,2.8556,2.83256939,2.8491752,0.010921549999999947,0.3847982367608317,1782260099999,2026-06-24 00:14:59 UTC,0.00212480000000026,0.0745759685118788,0.0,0.00257181,-0.00022423,0.00086689,0.00086689,,1782260099999,2026-06-24 00:14:59 UTC,314,87.0,38.32599118942731,4494.0,-79.0,-1.7275311611633501,12788.4515,-202.1243000000013,-1.5559302613822652,binance_kline_quote_asset_volume,14.312101910828025,40.7275525477707,0.023299999999999876,0.8209428511028074,0.013100000000000112,0.46156014375308685,0.013100000000000112,0.46156014375308685,0.0042999999999997485,18.454935622316615,0.005900000000000016,25.321888412017373,0.8154506437768339,1373.0,3121.0,30.551846906987095,69.4481530930129,3902.6994,-244.4721000000004,-5.894911748887172,8885.7521,42.34779999999955,0.47886310026557927,30.517372646719583,69.48262735328042,0.43992310157000963,0.43920867430006294,-4983.0527,-38.96525470656084,7300536.0,20720772.9489564,-1447.0,-0.019816534768705978,-42793.00500521064,-0.2060966073943859,0.6614,0.0040999999999999925,0.623763882549824,39.81,60.19,1.5897,-0.000500000000000167,-0.03144258583826984,61.39,38.61,0.7696,0.006899999999999906,0.9046807394781573,43.49,56.510000000000005,0.9282999999999999,0.10819999999999996,-0.8200999999999999,1782244800000,2026-06-23 20:00:00 UTC,0.00014553,2.8728569
FINAL_REAL_MARK_PREMIUM_CLOSED_GUARD_2026_06_13,1782260100000,2026-06-24 00:15:00 UTC,MUSDT,1782260100000,2026-06-24 00:15:00 UTC,1782260999999,2026-06-24 00:29:59 UTC,True,2.852,2.8571,2.8485,2.8561,0.0047999999999999154,0.16834426401991776,46.92821411603566,2.8491752,2.8568,2.8485,2.85589403,0.0067188300000000645,0.23581666722355524,1782260999999,2026-06-24 00:29:59 UTC,0.0002059700000001108,0.007212102334207085,0.00145152,0.00165859,0.0,0.00103395,0.00016706000000000002,19.2711878092953,1782260999999,2026-06-24 00:29:59 UTC,173,-141.0,-44.904458598726116,2314.0,-2180.0,-48.509123275478416,6604.0569,-6184.3946,-48.35921377971367,binance_kline_quote_asset_volume,13.375722543352602,38.17373930635838,0.008599999999999941,0.3015427769985954,0.004100000000000215,0.14375876577840865,0.004100000000000215,0.14375876577840865,0.0009999999999998899,11.627906976742985,0.0034999999999998366,40.69767441860303,0.8837209302325701,1164.0,1150.0,50.302506482281764,49.697493517718236,3322.1916,-580.5077999999999,-14.874519928437222,3281.8652999999995,-5603.8868,-63.065981775476274,50.30531460139298,49.69468539860703,1.0121739130434784,1.0122876158262804,40.32630000000063,0.6106292027859516,7300651.0,20800833.7730552,115.0,0.0015752268052647094,80060.82409879938,0.38637952501106687,0.6534,-0.008000000000000007,-1.2095554883580295,39.519999999999996,60.480000000000004,1.5893,-0.00039999999999995595,-0.025161980247842736,61.38,38.62,0.7624,-0.007199999999999984,-0.9355509355509335,43.26,56.74,0.9359,0.10899999999999999,-0.8269,1782259200005,2026-06-24 00:00:00 UTC,5e-05,2.83825362
FINAL_REAL_MARK_PREMIUM_CLOSED_GUARD_2026_06_13,1782261000000,2026-06-24 00:30:00 UTC,MUSDT,1782261000000,2026-06-24 00:30:00 UTC,1782261899999,2026-06-24 00:44:59 UTC,True,2.8557,2.8561,2.8521,2.8537,-0.0024000000000001798,-0.08403067119499247,45.40425330780875,2.85578977,2.85608793,2.8515924,2.8537,-0.002194030000000069,-0.07682462923878408,1782261899999,2026-06-24 00:44:59 UTC,0.0,0.0,0.00101317,0.00164013,0.0,0.00082809,-0.0002058600000000001,-19.910053677643994,1782261899999,2026-06-24 00:44:59 UTC,99,-74.0,-42.77456647398844,715.0,-1599.0,-69.10112359550563,2040.8614,-4563.1955,-69.09685317823352,binance_kline_quote_asset_volume,7.222222222222222,20.614761616161616,0.0040000000000000036,0.1400707357215395,-0.002000000000000224,-0.07003536786077752,0.002000000000000224,0.07003536786077752,0.00039999999999995595,9.99999999999889,0.0015999999999998238,39.99999999999556,0.3999999999999556,245.0,470.0,34.26573426573427,65.73426573426573,699.2647,-2622.9269000000004,-78.95170465183286,1341.5967,-1940.2685999999994,-59.12090907570155,34.26321356266525,65.73678643733474,0.5212765957446809,0.521218261792087,-642.3320000000001,-31.473572874669497,7299952.0,20847889.33608656,-699.0,-0.009574488631219326,47055.56303136051,0.22621960035234226,0.6526,-0.0008000000000000229,-0.12243648607285322,39.489999999999995,60.51,1.5891,-0.00019999999999997797,-0.01258415654690606,61.38,38.62,0.7584,-0.0040000000000000036,-0.524658971668416,43.13,56.87,0.9365,0.1058,-0.8307,1782259200005,2026-06-24 00:00:00 UTC,5e-05,2.83825362
FINAL_REAL_MARK_PREMIUM_CLOSED_GUARD_2026_06_13,1782261900000,2026-06-24 00:45:00 UTC,MUSDT,1782261900000,2026-06-24 00:45:00 UTC,1782262799999,2026-06-24 00:59:59 UTC,True,2.8537,2.8537,2.8435,2.8476,-0.006099999999999994,-0.21375757788134683,41.69781836863929,2.8537,2.8537,2.8435,2.8476,-0.006099999999999994,-0.21375757788134683,1782262799999,2026-06-24 00:59:59 UTC,0.0,0.0,0.00082256,0.00082256,0.0,0.0,-0.00082809,-100.0,1782262799999,2026-06-24 00:59:59 UTC,213,114.0,115.15151515151516,3092.0,2377.0,332.4475524475524,8806.9012,6766.0398000000005,331.5286280587207,binance_kline_quote_asset_volume,14.51643192488263,41.34695399061033,0.010199999999999765,0.3574307039983098,-0.006099999999999994,-0.21375757788134683,0.006099999999999994,0.21375757788134683,0.0,0.0,0.0040999999999997705,40.19607843137123,0.40196078431371224,646.0,2446.0,20.892626131953428,79.10737386804657,1839.2959,1140.0312000000001,163.03285436831004,6967.6053,5626.0086,419.3517023409494,20.88471141245459,79.11528858754541,0.26410466067048244,0.2639781992243447,-5128.3094,-58.23057717509082,7299904.0,20831736.0448,-48.0,-0.0006575385701166254,-16153.291286561638,-0.07748166265733755,0.6526,0.0,0.0,39.489999999999995,60.51,1.5891,0.0,0.0,61.38,38.62,0.7559,-0.0024999999999999467,-0.32964135021096347,43.05,56.95,0.9365,0.10330000000000006,-0.8331999999999999,1782259200005,2026-06-24 00:00:00 UTC,5e-05,2.83825362
FINAL_REAL_MARK_PREMIUM_CLOSED_GUARD_2026_06_13,1782262800000,2026-06-24 01:00:00 UTC,MUSDT,1782262800000,2026-06-24 01:00:00 UTC,1782263699999,2026-06-24 01:14:59 UTC,True,2.8476,2.852,2.8396,2.8507,0.0030999999999998806,0.1088636044388215,44.191146769968626,2.8476,2.8507,2.8400282,2.8507,0.0030999999999998806,0.1088636044388215,1782263699999,2026-06-24 01:14:59 UTC,0.0,0.0,0.0,0.00086494,0.0,0.0,0.0,,1782263699999,2026-06-24 01:14:59 UTC,268,55.0,25.821596244131456,4057.0,965.0,31.209573091849936,11542.6529,2735.751699999999,31.063726478503007,binance_kline_quote_asset_volume,15.138059701492537,43.06960037313433,0.012399999999999967,0.4354544177553016,0.0030999999999998806,0.1088636044388215,0.0030999999999998806,0.1088636044388215,0.0013000000000000789,10.483870967742599,0.008000000000000007,64.51612903225829,0.895161290322574,2265.0,1792.0,55.829430613754006,44.170569386245994,6448.3523,4609.0563999999995,250.58808645199497,5094.3006,-1873.3047000000006,-26.885918753176224,55.86542674258186,44.13457325741815,1.2639508928571428,1.2657973697115557,1354.0517,11.73085348516371,7300720.0,20789530.272,816.0,0.011178229193151033,-42205.77279999852,-0.20260324300016222,0.6518,-0.0007999999999999119,-0.1225865767698302,39.46,60.540000000000006,1.5891,0.0,0.0,61.38,38.62,0.7553,-0.0006000000000000449,-0.07937557878026788,43.03,56.97,0.9372999999999999,0.10349999999999993,-0.8338,1782259200005,2026-06-24 00:00:00 UTC,5e-05,2.83825362
FINAL_REAL_MARK_PREMIUM_CLOSED_GUARD_2026_06_13,1782263700000,2026-06-24 01:15:00 UTC,MUSDT,1782263700000,2026-06-24 01:15:00 UTC,1782264599999,2026-06-24 01:29:59 UTC,True,2.8488,2.89,2.8485,2.8847,0.03400000000000025,1.1926895148560093,62.920719866734686,2.8507,2.8887,2.84700148,2.8846,0.03390000000000004,1.1891816045181902,1782264599999,2026-06-24 01:29:59 UTC,0.00010000000000021103,0.0034666851556614795,0.0,0.00342045,0.0,0.00122861,0.00122861,,1782264599999,2026-06-24 01:29:59 UTC,3278,3010.0,1123.134328358209,35242.0,31185.0,768.6714320926793,100879.4934,89336.8405,773.9714714976833,binance_kline_quote_asset_volume,10.751067724222086,30.774708175716903,0.04150000000000009,1.4567537208649288,0.03589999999999982,1.260179724796399,0.03589999999999982,1.260179724796399,0.005300000000000082,12.771084337349567,0.000300000000000189,0.7228915662655141,0.8722891566265043,16492.0,18750.0,46.79643607059758,53.20356392940242,47215.9536,40767.6013,632.2173386835581,53663.539800000006,48569.2392,953.4034799595455,46.804312758374735,53.195687241625265,0.8795733333333333,0.8798516418404437,-6447.586200000005,-6.391374483250532,7299650.0,20809112.255,-1070.0,-0.014656088714537743,19581.982999999076,0.0941915605778391,0.6532,0.0013999999999999568,0.21478981282601362,39.51,60.49,1.589,-9.999999999998899e-05,-0.006292870178087533,61.370000000000005,38.629999999999995,0.7556,0.000300000000000078,0.039719316827760885,43.04,56.96,0.9358,0.10240000000000005,-0.8333999999999999,1782259200005,2026-06-24 00:00:00 UTC,5e-05,2.83825362
FINAL_REAL_MARK_PREMIUM_CLOSED_GUARD_2026_06_13,1782264600000,2026-06-24 01:30:00 UTC,MUSDT,1782264600000,2026-06-24 01:30:00 UTC,1782265499999,2026-06-24 01:44:59 UTC,True,2.8862,2.8927,2.8638,2.8869,0.0021999999999997577,0.07626442957672401,63.76803529010941,2.8845,2.8927,2.86480909,2.88621741,0.0016174100000001523,0.056070512376071295,1782265499999,2026-06-24 01:44:59 UTC,0.0006825899999998164,0.02364998553590654,0.00116559,0.00398442,0.0,0.0032275,0.0019988899999999997,162.69524096336508,1782265499999,2026-06-24 01:44:59 UTC,5562,2284.0,69.67663209273948,57726.0,22484.0,63.79887634072981,165880.0251,65000.53169999999,64.43384032695786,binance_kline_quote_asset_volume,10.37864077669903,29.823808899676376,0.028900000000000148,1.001316610075537,0.0006999999999997009,0.024253343496628815,0.0006999999999997009,0.024253343496628815,0.005800000000000249,20.069204152249895,0.022400000000000198,77.50865051903143,0.799307958477501,27977.0,29749.0,48.46516301146797,51.53483698853203,80411.802,33195.848399999995,70.30642371691927,85468.2231,31804.683299999997,59.2668381894554,48.47588005338444,51.52411994661556,0.9404349726041211,0.9408385840187192,-5056.421100000007,-3.048239893231127,7292389.0,21035625.3094,-7261.0,-0.09947052255930078,226513.05440000072,1.088528196802698,0.651,-0.0021999999999999797,-0.33680342927127677,39.43,60.57,1.5897,0.0006999999999999229,0.0440528634361185,61.39,38.61,0.7535,-0.002100000000000102,-0.2779248279513104,42.970000000000006,57.03,0.9386999999999999,0.10249999999999992,-0.8361999999999999,1782259200005,2026-06-24 00:00:00 UTC,5e-05,2.83825362
FINAL_REAL_MARK_PREMIUM_CLOSED_GUARD_2026_06_13,1782265500000,2026-06-24 01:45:00 UTC,MUSDT,1782265500000,2026-06-24 01:45:00 UTC,1782266399999,2026-06-24 01:59:59 UTC,True,2.8868,2.9081,2.8844,2.8904,0.0035000000000002807,0.1212373133811452,65.13311198270856,2.88621741,2.90511533,2.88466402,2.8904,0.004182590000000097,0.1449159715241305,1782266399999,2026-06-24 01:59:59 UTC,0.0,0.0,0.00392255,0.00427477,0.0,0.00237908,-0.0008484199999999999,-26.28721920991479,1782266399999,2026-06-24 01:59:59 UTC,2151,-3411.0,-61.326860841423944,33024.0,-24702.0,-42.79180958320341,95632.8212,-70247.2039,-42.34819946383044,binance_kline_quote_asset_volume,15.352859135285913,44.4597030218503,0.023700000000000276,0.8209782458085173,0.0036000000000000476,0.12470555632534458,0.0036000000000000476,0.12470555632534458,0.01770000000000005,74.6835443037968,0.0024000000000001798,10.126582278481653,0.25316455696203194,17997.0,15027.0,54.49672965116279,45.50327034883721,52137.4375,-28274.364499999996,-35.161958564241594,43495.383700000006,-41972.8394,-49.109292176217004,54.5183513837402,45.4816486162598,1.1976442403673389,1.1986889886891605,8642.053799999994,9.036702767480412,7277442.0,21004279.80066522,-14947.0,-0.20496712394251046,-31345.508734781295,-0.14901153768304767,0.6423,-0.008700000000000041,-1.3364055299539233,39.11,60.89,1.5923,0.0026000000000001577,0.1635528716110057,61.419999999999995,38.58,0.7507,-0.0027999999999999137,-0.3715992037159806,42.88,57.120000000000005,0.9500000000000001,0.10840000000000005,-0.8416,1782259200005,2026-06-24 00:00:00 UTC,5e-05,2.83825362
FINAL_REAL_MARK_PREMIUM_CLOSED_GUARD_2026_06_13,1782266400000,2026-06-24 02:00:00 UTC,MUSDT,1782266400000,2026-06-24 02:00:00 UTC,1782267299999,2026-06-24 02:14:59 UTC,True,2.8904,2.8925,2.8562,2.8631,-0.02729999999999988,-0.9445059507334583,49.475250282011345,2.8904,2.8904,2.85319947,2.86232893,-0.028071070000000198,-0.9711828812621158,1782267299999,2026-06-24 02:14:59 UTC,0.0007710700000003179,0.026938553145264055,0.00066164,0.00372364,0.0,0.00049229,-0.00188679,-79.30754745531885,1782267299999,2026-06-24 02:14:59 UTC,1680,-471.0,-21.896792189679218,21266.0,-11758.0,-35.60440891472868,61131.551,-34501.270200000006,-36.0768089522805,binance_kline_quote_asset_volume,12.658333333333333,36.38782797619048,0.03630000000000022,1.255881538887359,-0.02729999999999988,-0.9445059507334583,0.02729999999999988,0.9445059507334583,0.0020999999999999908,5.785123966942088,0.00690000000000035,19.008264462810768,0.19008264462810767,12996.0,8270.0,61.11163359352958,38.88836640647042,37352.3309,-14785.1066,-28.357946437240994,23779.2201,-19716.163600000007,-45.329324454263876,61.101559324087816,38.89844067591218,1.5714631197097944,1.5707971389692466,13573.110800000002,22.20311864817564,7271571.0,21017748.8184,-5871.0,-0.08067395109435431,13469.017734780908,0.06412511098978188,0.5964,-0.04589999999999994,-7.146193367585231,37.36,62.63999999999999,1.5951,0.0027999999999999137,0.1758462601268551,61.47,38.53,0.7106,-0.040100000000000025,-5.341681097642203,41.54,58.46,0.9986999999999999,0.11419999999999997,-0.8845,1782259200005,2026-06-24 00:00:00 UTC,5e-05,2.83825362
FINAL_REAL_MARK_PREMIUM_CLOSED_GUARD_2026_06_13,1782267300000,2026-06-24 02:15:00 UTC,MUSDT,1782267300000,2026-06-24 02:15:00 UTC,1782268199999,2026-06-24 02:29:59 UTC,True,2.8618,2.8635,2.8305,2.8335,-0.029600000000000293,-1.0338444343543813,38.63137453934883,2.86232893,2.86232893,2.83075268,2.83414584,-0.028183089999999744,-0.9846209394250068,1782268199999,2026-06-24 02:29:59 UTC,-0.0006458400000002307,-0.022787818145597993,0.00122695,0.00151181,-0.000194,0.0,-0.00049229,-100.0,1782268199999,2026-06-24 02:29:59 UTC,1048,-632.0,-37.61904761904762,8024.0,-13242.0,-62.26840966801467,22795.3675,-38336.1835,-62.7109616440126,binance_kline_quote_asset_volume,7.656488549618321,21.751304866412212,0.03300000000000036,1.15312041372564,-0.028300000000000214,-0.9888881123768333,0.028300000000000214,0.9888881123768333,0.0017000000000000348,5.1515151515152,0.0030000000000001137,9.090909090909335,0.09090909090909335,3768.0,4256.0,46.959122632103686,53.040877367896314,10708.716,-26643.6149,-71.33052813044125,12086.6515,-11692.568599999999,-49.17137126797527,46.977597531603735,53.022402468396265,0.8853383458646616,0.8859952651071308,-1377.9354999999996,-6.044804936792528,7269210.0,20806870.0812453,-2361.0,-0.032468912151170634,-210878.73715469986,-1.0033364608967348,0.6483,0.051899999999999946,8.702213279678059,39.33,60.67,1.5987,0.0036000000000000476,0.22569117923641452,61.519999999999996,38.48,0.7532,0.04259999999999997,5.994933858710945,42.96,57.04,0.9504,0.1049,-0.8455,1782259200005,2026-06-24 00:00:00 UTC,5e-05,2.83825362
FINAL_REAL_MARK_PREMIUM_CLOSED_GUARD_2026_06_13,1782268200000,2026-06-24 02:30:00 UTC,MUSDT,1782268200000,2026-06-24 02:30:00 UTC,1782269099999,2026-06-24 02:44:59 UTC,True,2.8337,2.8391,2.8035,2.8047,-0.028799999999999937,-1.016410799364741,31.416351259553295,2.83414583,2.83692883,2.8041,2.80484352,-0.029302320000000215,-1.0339030400778604,1782269099999,2026-06-24 02:44:59 UTC,-0.00014351999999995257,-0.005116862989916549,0.0,0.00086463,-0.00138833,0.0,0.0,,1782269099999,2026-06-24 02:44:59 UTC,1345,297.0,28.33969465648855,17125.0,9101.0,113.4222333000997,48298.452,25503.084499999997,111.87836519854307,binance_kline_quote_asset_volume,12.732342007434944,35.90962973977695,0.035600000000000076,1.256308007199071,-0.028999999999999915,-1.0233969721565415,0.028999999999999915,1.0233969721565415,0.0054000000000002935,15.168539325843488,0.0011999999999998678,3.3707865168535545,0.03370786516853554,7323.0,9802.0,42.762043795620436,57.23795620437956,20662.9104,9954.1944,92.95413567789079,27635.541599999997,15548.890099999997,128.64514294964158,42.78172393599696,57.218276064003035,0.7470924301163028,0.7476933399416352,-6972.631199999996,-14.436552128006083,7269430.0,20602624.7936712,220.0,0.003026463673494094,-204245.28757410124,-0.9816242749465808,0.981,0.3327,51.31883387320685,49.519999999999996,50.480000000000004,1.5992,0.0004999999999999449,0.03127541127165478,61.529999999999994,38.47,1.0044,0.2512,33.35103558151885,50.11,49.89,0.6182,0.023399999999999976,-0.5948,1782259200005,2026-06-24 00:00:00 UTC,5e-05,2.83825362
FINAL_REAL_MARK_PREMIUM_CLOSED_GUARD_2026_06_13,1782269100000,2026-06-24 02:45:00 UTC,MUSDT,1782269100000,2026-06-24 02:45:00 UTC,1782269999999,2026-06-24 02:59:59 UTC,True,2.8046,2.8325,2.8014,2.8261,0.021399999999999864,0.7630049559667652,40.33364463606007,2.80484351,2.83122027,2.80408675,2.826177,0.021333480000000016,0.7605943022447119,1782269999999,2026-06-24 02:59:59 UTC,-7.700000000010476e-05,-0.002724528576947048,0.0,0.00330408,0.0,0.0,0.0,,1782269999999,2026-06-24 02:59:59 UTC,564,-781.0,-58.066914498141266,9587.0,-7538.0,-44.01751824817518,27042.5642,-21255.887799999997,-44.00945976488024,binance_kline_quote_asset_volume,16.99822695035461,47.94780886524823,0.031099999999999905,1.1088925336946411,0.02149999999999963,0.7665977322969275,0.02149999999999963,0.7665977322969275,0.006400000000000183,20.578778135048882,0.0032000000000000917,10.289389067524441,0.7942122186495112,5429.0,4158.0,56.62876812350057,43.37123187649943,15325.3634,-5337.5470000000005,-25.831535329118015,11717.2008,-15918.340799999996,-57.60097279946197,56.6712656634832,43.3287343365168,1.3056758056758058,1.3079372506785067,3608.1625999999997,13.342531326966395,7271779.0,20396202.20702208,2349.0,0.032313400087764794,-206422.58664911985,-1.0019237292159473,0.9948,0.013800000000000034,1.4067278287461809,49.87,50.129999999999995,1.6004,0.0012000000000000899,0.07503751875938532,61.53999999999999,38.46,1.0044,0.0,0.0,50.11,49.89,0.6056,0.009599999999999942,-0.5960000000000001,1782259200005,2026-06-24 00:00:00 UTC,5e-05,2.83825362
FINAL_REAL_MARK_PREMIUM_CLOSED_GUARD_2026_06_13,1782270000000,2026-06-24 03:00:00 UTC,MUSDT,1782270000000,2026-06-24 03:00:00 UTC,1782270899999,2026-06-24 03:14:59 UTC,True,2.8241,2.8339,2.8208,2.8271,0.001000000000000334,0.03538445207177149,40.721509566811804,2.826177,2.8328,2.82194978,2.82706223,0.0008852300000001811,0.03132252509309152,1782270899999,2026-06-24 03:14:59 UTC,3.777000000004804e-05,0.0013360158683188251,0.0,0.00034452,-0.00082359,0.0,0.0,,1782270899999,2026-06-24 03:14:59 UTC,318,-246.0,-43.61702127659575,4682.0,-4905.0,-51.16303327422551,13230.8102,-13811.754,-51.07412853992596,binance_kline_quote_asset_volume,14.723270440251572,41.606321383647796,0.013099999999999667,0.4638645940299446,0.0030000000000001137,0.10622853298396352,0.0030000000000001137,0.10622853298396352,0.006799999999999695,51.908396946563876,0.0032999999999998586,25.19083969465605,0.4809160305343612,2927.0,1755.0,62.516018795386586,37.483981204613414,8271.0947,-7054.2687000000005,-46.03002562405796,4959.7155,-6757.4853,-57.67149863984579,62.51389427383668,37.486105726163316,1.6678062678062677,1.667655070134567,3311.3791999999994,25.027788547673364,7269724.0,20545526.765148,-2055.0,-0.028259934742241203,149324.5581259206,0.7321194240490055,0.9877,-0.007099999999999995,-0.7137112987535178,49.69,50.31,1.5976,-0.0028000000000001357,-0.1749562609347748,61.5,38.5,1.0028,-0.0016000000000000458,-0.1592990840302714,50.07,49.93,0.6098999999999999,0.015099999999999891,-0.5948,1782259200005,2026-06-24 00:00:00 UTC,5e-05,2.83825362
FINAL_REAL_MARK_PREMIUM_CLOSED_GUARD_2026_06_13,1782270900000,2026-06-24 03:15:00 UTC,MUSDT,1782270900000,2026-06-24 03:15:00 UTC,1782271799999,2026-06-24 03:29:59 UTC,True,2.8284,2.8352,2.8246,2.8303,0.0031999999999996476,0.11319019489935438,42.02036595677604,2.82706222,2.8332181,2.825823,2.82926485,0.002202619999999822,0.07791197436781652,1782271799999,2026-06-24 03:29:59 UTC,0.0010351499999998737,0.036587242795593125,0.0,1.316e-05,-4.37e-05,0.0,0.0,,1782271799999,2026-06-24 03:29:59 UTC,441,123.0,38.67924528301887,6069.0,1387.0,29.624092268261425,17175.1324,3944.3221999999987,29.811645246033375,binance_kline_quote_asset_volume,13.761904761904763,38.94587845804988,0.01059999999999972,0.37477018809219775,0.0019000000000000128,0.06717578843162257,0.0019000000000000128,0.06717578843162257,0.0049000000000001265,46.22641509434203,0.0037999999999995815,35.84905660377058,0.5377358490565797,3387.0,2682.0,55.80820563519525,44.19179436480474,9586.7386,1315.643900000001,15.906526859135115,7588.393799999998,2628.6782999999978,53.00058642476565,55.817552824221615,44.182447175778385,1.2628635346756152,1.2633422635498968,1998.3448000000026,11.635105648443227,7268070.0,20547286.1819961,-1654.0,-0.022751895395203448,1759.4168481007218,0.00856350322974086,0.9697,-0.018000000000000016,-1.8224157132732628,49.230000000000004,50.77,1.5981,0.000500000000000167,0.03129694541813764,61.51,38.49,0.9853,-0.01749999999999996,-1.7451136816912607,49.63,50.370000000000005,0.6284000000000001,0.015599999999999947,-0.6128000000000001,1782259200005,2026-06-24 00:00:00 UTC,5e-05,2.83825362
FINAL_REAL_MARK_PREMIUM_CLOSED_GUARD_2026_06_13,1782271800000,2026-06-24 03:30:00 UTC,MUSDT,1782271800000,2026-06-24 03:30:00 UTC,1782272699999,2026-06-24 03:44:59 UTC,True,2.8283,2.842,2.8276,2.834,0.0037000000000002586,0.13072819135781574,43.56024134210163,2.82926484,2.84032177,2.82886053,2.83508782,0.005822970000000094,0.20581212112397657,1782272699999,2026-06-24 03:44:59 UTC,-0.0010878199999999616,-0.03836988725096924,0.0,0.0014892,0.0,0.0,0.0,,1782272699999,2026-06-24 03:44:59 UTC,450,9.0,2.0408163265306123,4664.0,-1405.0,-23.150436645246334,13222.0802,-3953.0521999999983,-23.01613814633533,binance_kline_quote_asset_volume,10.364444444444445,29.382400444444446,0.01440000000000019,0.5091397659371422,0.005700000000000038,0.20153449068345078,0.005700000000000038,0.20153449068345078,0.008000000000000007,55.55555555555487,0.000700000000000145,4.861111111112053,0.4444444444444513,1949.0,2715.0,41.78816466552316,58.211835334476845,5526.2817,-4060.456900000001,-42.35493497235859,7695.798500000001,107.40470000000278,1.4153812101844636,41.79585675179916,58.20414324820084,0.7178637200736648,0.7180907478281817,-2169.5168000000012,-16.408286496401686,7266316.0,20558332.4477926,-1754.0,-0.02413295414050773,11046.26579650119,0.05376021776627673,0.9623,-0.007399999999999962,-0.7631226152418235,49.04,50.96000000000001,1.5988,0.0006999999999999229,0.043802014892680236,61.519999999999996,38.48,0.9798,-0.005499999999999949,-0.558205622652994,49.49,50.51,0.6365,0.01749999999999996,-0.619,1782259200005,2026-06-24 00:00:00 UTC,5e-05,2.83825362
FINAL_REAL_MARK_PREMIUM_CLOSED_GUARD_2026_06_13,1782272700000,2026-06-24 03:45:00 UTC,MUSDT,1782272700000,2026-06-24 03:45:00 UTC,1782273599999,2026-06-24 03:59:59 UTC,True,2.834,2.8391,2.8327,2.8349,0.0009000000000001229,0.031757233592100316,43.950192042501854,2.83508781,2.83830407,2.83263044,2.8347005,-0.00038732000000019084,-0.013661657930588931,1782273599999,2026-06-24 03:59:59 UTC,0.00019950000000035217,0.007037780534499224,0.0,0.001637,0.0,0.0,0.0,,1782273599999,2026-06-24 03:59:59 UTC,188,-262.0,-58.22222222222222,2920.0,-1744.0,-37.39279588336192,8282.6328,-4939.447400000001,-37.35756647429805,binance_kline_quote_asset_volume,15.53191489361702,44.056557446808505,0.006400000000000183,0.2258292166549112,0.0009000000000001229,0.031757233592100316,0.0009000000000001229,0.031757233592100316,0.0041999999999999815,65.62499999999784,0.0013000000000000789,20.31250000000065,0.3437500000000217,886.0,2034.0,30.34246575342466,69.65753424657535,2512.712,-3013.5696999999996,-54.53159762015027,5769.9208,-1925.877700000001,-25.025053605548543,30.337116961167226,69.66288303883277,0.43559488692232057,0.43548466037870054,-3257.2088,-39.32576607766555,7265624.0,20598682.10709968,-692.0,-0.009523395349170061,40349.65930707753,0.19626912547282,0.9589,-0.0034000000000000696,-0.3533201704250306,48.949999999999996,51.05,1.5993,0.0004999999999999449,0.031273455091315044,61.529999999999994,38.47,0.9786,-0.0011999999999999789,-0.12247397428046324,49.46,50.54,0.6404,0.01970000000000005,-0.6206999999999999,1782259200005,2026-06-24 00:00:00 UTC,5e-05,2.83825362
FINAL_REAL_MARK_PREMIUM_CLOSED_GUARD_2026_06_13,1782273600000,2026-06-24 04:00:00 UTC,MUSDT,1782273600000,2026-06-24 04:00:00 UTC,1782274499999,2026-06-24 04:14:59 UTC,True,2.8345,2.842,2.8272,2.8361,0.0011999999999998678,0.04232953543334396,44.500790228392724,2.8347005,2.83873175,2.82811978,2.8361,0.00139950000000022,0.04937029502764825,1782274499999,2026-06-24 04:14:59 UTC,0.0,0.0,0.0,0.00022553,-0.00068489,0.0,0.0,,1782274499999,2026-06-24 04:14:59 UTC,353,165.0,87.7659574468085,5701.0,2781.0,95.23972602739727,16156.2363,7873.603500000001,95.06160287583921,binance_kline_quote_asset_volume,16.15014164305949,45.768374787535414,0.014800000000000146,0.5221379431998641,0.0016000000000002679,0.056447345210805015,0.0016000000000002679,0.056447345210805015,0.005900000000000016,39.86486486486458,0.007299999999999862,49.3243243243229,0.6013513513513542,3815.0,1886.0,66.91808454657078,33.081915453429225,10812.6444,8299.9324,330.31769657644804,5343.591900000001,-426.3288999999986,-7.388817191390194,66.92551531943116,33.07448468056883,2.0227995758218453,2.0234787016575866,5469.052499999998,33.851030638862326,7264053.0,20591414.6711265,-1571.0,-0.021622368567379757,-7267.435973178595,-0.035281072523924976,0.9539,-0.0050000000000000044,-0.5214308061320267,48.82,51.18000000000001,1.5997,0.00039999999999995595,0.02501094228724792,61.529999999999994,38.47,0.9747,-0.0039000000000000146,-0.3985285101164944,49.36,50.63999999999999,0.6457999999999999,0.02080000000000004,-0.6249999999999999,1782259200005,2026-06-24 00:00:00 UTC,5e-05,2.83825362
FINAL_REAL_MARK_PREMIUM_CLOSED_GUARD_2026_06_13,1782274500000,2026-06-24 04:15:00 UTC,MUSDT,1782274500000,2026-06-24 04:15:00 UTC,1782275399999,2026-06-24 04:29:59 UTC,True,2.8362,2.8464,2.8319,2.8433,0.007200000000000095,0.253869750714012,47.81329460828775,2.8361,2.8433,2.83399138,2.8433,0.007200000000000095,0.253869750714012,1782275399999,2026-06-24 04:29:59 UTC,0.0,0.0,0.0,0.00078695,0.0,0.0,0.0,,1782275399999,2026-06-24 04:29:59 UTC,233,-120.0,-33.994334277620396,3370.0,-2331.0,-40.887563585335904,9571.793,-6584.443300000001,-40.754809336379914,binance_kline_quote_asset_volume,14.46351931330472,41.08065665236052,0.014499999999999957,0.5112474437627798,0.007100000000000328,0.25033495522178717,0.007100000000000328,0.25033495522178717,0.0030999999999998806,21.379310344826827,0.0042999999999997485,29.65517241379146,0.7862068965517317,2478.0,892.0,73.53115727002968,26.468842729970326,7041.3234,-3771.320999999999,-34.87880356076447,2530.4695999999994,-2813.122300000002,-52.644781874154745,73.56326447928826,26.436735520711736,2.7780269058295963,2.7826152900631573,4510.853800000001,47.12652895857652,7261600.0,20594623.76,-2453.0,-0.033769026740306,3209.088873501867,0.015584596419213906,0.9524,-0.0014999999999999458,-0.15724918754585868,48.78,51.22,1.6002,0.000500000000000167,0.03125586047384928,61.53999999999999,38.46,0.9693,-0.00539999999999996,-0.5540166204986109,49.220000000000006,50.78,0.6478,0.016900000000000026,-0.6309,1782273600001,2026-06-24 04:00:00 UTC,5e-05,2.8347005
FINAL_REAL_MARK_PREMIUM_CLOSED_GUARD_2026_06_13,1782275400000,2026-06-24 04:30:00 UTC,MUSDT,1782275400000,2026-06-24 04:30:00 UTC,1782276299999,2026-06-24 04:44:59 UTC,True,2.8434,2.8468,2.8397,2.8438,0.0004999999999997229,0.01758520029542162,48.045203553527315,2.8433,2.84660203,2.83957917,2.8438,0.0004999999999997229,0.01758520029542162,1782276299999,2026-06-24 04:44:59 UTC,0.0,0.0,0.0,0.00164901,0.0,0.00055099,0.00055099,,1782276299999,2026-06-24 04:44:59 UTC,134,-99.0,-42.48927038626609,1596.0,-1774.0,-52.640949554896146,4538.7291,-5033.0639,-52.58224765203343,binance_kline_quote_asset_volume,11.91044776119403,33.87111268656716,0.007099999999999884,0.249701062108739,0.00039999999999995595,0.014067665470913551,0.00039999999999995595,0.014067665470913551,0.0030000000000001137,42.253521126762855,0.0036999999999998145,52.11267605633627,0.5774647887323715,646.0,950.0,40.476190476190474,59.523809523809526,1836.5021,-5204.8213000000005,-73.91822537223614,2702.227,171.75740000000042,6.787570180649491,40.46291504817946,59.53708495182055,0.68,0.6796253978662784,-865.7248999999999,-19.07416990364109,7260982.0,20645150.1206,-618.0,-0.008510521097278838,50526.360599998385,0.24533762397802786,0.944,-0.008400000000000074,-0.8819823603528006,48.559999999999995,51.44,1.6004,0.00019999999999997797,0.012498437695286711,61.53999999999999,38.46,0.9643,-0.0050000000000000044,-0.5158361704322711,49.09,50.91,0.6564000000000001,0.020300000000000096,-0.6361,1782273600001,2026-06-24 04:00:00 UTC,5e-05,2.8347005
FINAL_REAL_MARK_PREMIUM_CLOSED_GUARD_2026_06_13,1782276300000,2026-06-24 04:45:00 UTC,MUSDT,1782276300000,2026-06-24 04:45:00 UTC,1782277199999,2026-06-24 04:59:59 UTC,True,2.8438,2.8488,2.8358,2.8448,0.001000000000000334,0.03516421689290154,48.537765592261124,2.8438,2.8471,2.83720877,2.8448,0.001000000000000334,0.03516421689290154,1782277199999,2026-06-24 04:59:59 UTC,0.0,0.0,0.00054419,0.00150054,0.0,0.00109895,0.00054796,99.45008076371622,1782277199999,2026-06-24 04:59:59 UTC,221,87.0,64.92537313432835,2626.0,1030.0,64.53634085213032,7467.0197,2928.2906000000003,64.51785368728,binance_kline_quote_asset_volume,11.882352941176471,33.78741945701358,0.013000000000000345,0.45713481960757946,0.001000000000000334,0.03516421689290154,0.001000000000000334,0.03516421689290154,0.0040000000000000036,30.76923076922998,0.008000000000000007,61.53846153845996,0.6923076923077002,1595.0,1031.0,60.73876618431074,39.26123381568926,4536.3118,2699.8097000000007,147.00825553099017,2930.7078999999994,228.48089999999956,8.45528151409928,60.75130349528877,39.24869650471124,1.5470417070805043,1.5478553150929852,1605.603900000001,21.502606990577526,7260992.0,20648809.0496,10.0,0.00013772241826243338,3658.9290000014007,0.017722946932463686,0.9421,-0.0018999999999999018,-0.20127118644066755,48.51,51.49,1.6004,0.0,0.0,61.53999999999999,38.46,0.9646,0.00029999999999996696,0.031110650212586015,49.1,50.9,0.6583,0.022499999999999964,-0.6358,1782273600001,2026-06-24 04:00:00 UTC,5e-05,2.8347005
FINAL_REAL_MARK_PREMIUM_CLOSED_GUARD_2026_06_13,1782277200000,2026-06-24 05:00:00 UTC,MUSDT,1782277200000,2026-06-24 05:00:00 UTC,1782278099999,2026-06-24 05:14:59 UTC,True,2.8449,2.8449,2.8401,2.8429,-0.0019000000000000128,-0.06678852643419618,47.61411170711102,2.8448,2.8449,2.84036608,2.8428514,-0.0019486000000004111,-0.06849690663668487,1782278099999,2026-06-24 05:14:59 UTC,4.8600000000398325e-05,0.0017095511921727013,0.00109895,0.001122,0.0,0.0,-0.00109895,-100.0,1782278099999,2026-06-24 05:14:59 UTC,162,-59.0,-26.69683257918552,1316.0,-1310.0,-49.88575780654988,3739.9719,-3727.0478,-49.91345877927709,binance_kline_quote_asset_volume,8.123456790123457,23.086246296296295,0.0047999999999999154,0.16872297796055805,-0.0019999999999997797,-0.07030124081689268,0.0019999999999997797,0.07030124081689268,0.0,0.0,0.0028000000000001357,58.33333333333719,0.5833333333333719,984.0,332.0,74.77203647416414,25.227963525835868,2796.485,-1739.8268000000003,-38.35333364871436,943.4868999999999,-1987.2209999999995,-67.8068599057586,74.7728879995061,25.227112000493907,2.963855421686747,2.963989219140192,1852.9981000000002,49.54577599901219,7260526.0,20654744.3648,-466.0,-0.006417855852203115,5935.315199997276,0.028744104251921747,0.9455,0.0033999999999999586,0.3608958709266488,48.6,51.4,1.6005,9.999999999998899e-05,0.00624843789052668,61.550000000000004,38.45,0.9658,0.0011999999999999789,0.12440389798880146,49.13,50.870000000000005,0.655,0.020299999999999985,-0.6347,1782273600001,2026-06-24 04:00:00 UTC,5e-05,2.8347005
FINAL_REAL_MARK_PREMIUM_CLOSED_GUARD_2026_06_13,1782278100000,2026-06-24 05:15:00 UTC,MUSDT,1782278100000,2026-06-24 05:15:00 UTC,1782278999999,2026-06-24 05:29:59 UTC,True,2.8432,2.8514,2.841,2.8439,0.0009999999999998899,0.035175349115336096,48.17311666110199,2.8429,2.84536592,2.841,2.8439,0.0010486000000002882,0.03688550164810894,1782278999999,2026-06-24 05:29:59 UTC,0.0,0.0,0.0,0.00114335,0.0,0.0,0.0,,1782278999999,2026-06-24 05:29:59 UTC,166,4.0,2.4691358024691357,2079.0,763.0,57.97872340425532,5917.4674,2177.4955000000004,58.22224225802339,binance_kline_quote_asset_volume,12.524096385542169,35.64739397590362,0.010399999999999743,0.36578503095103204,0.000700000000000145,0.02462014631401748,0.000700000000000145,0.02462014631401748,0.00749999999999984,72.11538461538485,0.0021999999999997577,21.15384615384435,0.27884615384615136,1264.0,815.0,60.798460798460795,39.201539201539205,3600.0608,803.5758000000001,28.735208663733225,2317.4066000000003,1373.9197000000004,145.62149193592413,60.83786452292074,39.16213547707927,1.550920245398773,1.5534869021258504,1282.6542,21.675729045841464,7260537.0,20640627.7752018,11.0,0.00015150417476640123,-14116.58959819749,-0.068345506237565,0.9486,0.0030999999999999917,0.32786885245901554,48.68,51.32,1.6007,0.00019999999999997797,0.012496094970320398,61.550000000000004,38.45,0.9701,0.0042999999999999705,0.4452267550217406,49.24,50.760000000000005,0.6521,0.021499999999999964,-0.6306,1782273600001,2026-06-24 04:00:00 UTC,5e-05,2.8347005
FINAL_REAL_MARK_PREMIUM_CLOSED_GUARD_2026_06_13,1782279000000,2026-06-24 05:30:00 UTC,MUSDT,1782279000000,2026-06-24 05:30:00 UTC,1782279899999,2026-06-24 05:44:59 UTC,True,2.8439,2.8471,2.84,2.842,-0.0019000000000000128,-0.06680966278701828,47.14376471691956,2.8439,2.84487268,2.8403,2.842,-0.0019000000000000128,-0.06680966278701828,1782279899999,2026-06-24 05:44:59 UTC,0.0,0.0,0.00033661,0.00127955,0.0,0.00094099,0.00094099,,1782279899999,2026-06-24 05:44:59 UTC,156,-10.0,-6.024096385542169,3455.0,1376.0,66.18566618566618,9816.5877,3899.1202999999996,65.89170732060137,binance_kline_quote_asset_volume,22.147435897435898,62.926844230769234,0.007100000000000328,0.24965716094097287,-0.0019000000000000128,-0.06680966278701828,0.0019000000000000128,0.06680966278701828,0.0032000000000000917,45.070422535210476,0.002000000000000224,28.16901408450889,0.2816901408450889,469.0,2986.0,13.57452966714906,86.42547033285094,1334.0482,-2266.0126,-62.943731394758665,8482.5395,6165.1329000000005,266.03587389455095,13.589734445096436,86.41026555490357,0.15706630944407235,0.1572699072017289,-7148.491300000001,-72.82053110980713,7259954.0,20646583.1806,-583.0,-0.00802970909727476,5955.405398197472,0.02885283075233038,0.9478,-0.0008000000000000229,-0.08433480919249661,48.66,51.339999999999996,1.6009,0.00019999999999997797,0.012494533641530452,61.550000000000004,38.45,0.9701,0.0,0.0,49.24,50.760000000000005,0.6531,0.022299999999999986,-0.6308,1782273600001,2026-06-24 04:00:00 UTC,5e-05,2.8347005
FINAL_REAL_MARK_PREMIUM_CLOSED_GUARD_2026_06_13,1782279900000,2026-06-24 05:45:00 UTC,MUSDT,1782279900000,2026-06-24 05:45:00 UTC,1782280799999,2026-06-24 05:59:59 UTC,True,2.8422,2.8555,2.8422,2.8482,0.006199999999999761,0.21815622800843634,50.8355236472828,2.842,2.855,2.84156216,2.8482,0.006199999999999761,0.21815622800843634,1782280799999,2026-06-24 05:59:59 UTC,0.0,0.0,0.00094099,0.00212865,0.0,0.0,-0.00094099,-100.0,1782280799999,2026-06-24 05:59:59 UTC,192,36.0,23.076923076923077,2362.0,-1093.0,-31.635311143270624,6733.1034,-3083.4843,-31.410958616505813,binance_kline_quote_asset_volume,12.302083333333334,35.068246875,0.01330000000000009,0.46794736471747556,0.005999999999999783,0.21110407430862654,0.005999999999999783,0.21110407430862654,0.007300000000000306,54.887218045114714,0.0,0.0,0.45112781954885284,961.0,1401.0,40.685859441151564,59.314140558848436,2739.08,1405.0318,105.32091719024845,3994.0234,-4488.516100000001,-52.91476803615238,40.680795129330704,59.319204870669296,0.6859386152748037,0.6857946801213032,-1254.9434,-18.638409741338595,7258638.0,20629049.196,-1316.0,-0.01812683661632016,-17533.984600000083,-0.08492438892492107,0.9463,-0.0014999999999999458,-0.15826123654778917,48.620000000000005,51.38,1.601,9.999999999998899e-05,0.006246486351426635,61.550000000000004,38.45,0.967,-0.0030999999999999917,-0.31955468508401114,49.16,50.839999999999996,0.6547,0.02069999999999994,-0.634,1782273600001,2026-06-24 04:00:00 UTC,5e-05,2.8347005
FINAL_REAL_MARK_PREMIUM_CLOSED_GUARD_2026_06_13,1782280800000,2026-06-24 06:00:00 UTC,MUSDT,1782280800000,2026-06-24 06:00:00 UTC,1782281699999,2026-06-24 06:14:59 UTC,True,2.8483,2.8551,2.8421,2.8455,-0.0026999999999999247,-0.09479671371392194,49.223158712723354,2.8482,2.8507,2.8423,2.8455,-0.0026999999999999247,-0.09479671371392194,1782281699999,2026-06-24 06:14:59 UTC,0.0,0.0,0.00020345,0.00116913,0.0,0.00086115,0.00086115,,1782281699999,2026-06-24 06:14:59 UTC,283,91.0,47.39583333333333,4139.0,1777.0,75.23285351397121,11788.4502,5055.346799999999,75.08197185862316,binance_kline_quote_asset_volume,14.625441696113073,41.65530106007067,0.013000000000000345,0.45641259698768893,-0.0028000000000001357,-0.09830425165888901,0.0028000000000001357,0.09830425165888901,0.006800000000000139,52.30769230769199,0.0034000000000000696,26.153846153845993,0.26153846153845994,2354.0,1785.0,56.87364097608118,43.12635902391882,6707.2947,3968.2147000000004,144.8739978386904,5081.155499999999,1087.132099999999,27.21897172660528,56.8971712668388,43.1028287331612,1.318767507002801,1.3200333467456373,1626.1392000000014,13.794342533677595,7257908.0,20671973.5656,-730.0,-0.010056983142016451,42924.36960000172,0.2080773049313626,0.9448,-0.0015000000000000568,-0.1585120997569541,48.58,51.42,1.6012,0.00019999999999997797,0.012492192379761274,61.56,38.440000000000005,0.9666,-0.00039999999999995595,-0.0413650465356728,49.15,50.849999999999994,0.6564,0.02180000000000004,-0.6345999999999999,1782273600001,2026-06-24 04:00:00 UTC,5e-05,2.8347005
FINAL_REAL_MARK_PREMIUM_CLOSED_GUARD_2026_06_13,1782281700000,2026-06-24 06:15:00 UTC,MUSDT,1782281700000,2026-06-24 06:15:00 UTC,1782282599999,2026-06-24 06:29:59 UTC,True,2.8448,2.8699,2.8407,2.8586,0.013100000000000112,0.46037603233175584,56.441838804711445,2.8455,2.8652,2.8447,2.8586,0.013100000000000112,0.46037603233175584,1782282599999,2026-06-24 06:29:59 UTC,0.0,0.0,0.00087422,0.00161286,0.0,0.0,-0.00086115,-100.0,1782282599999,2026-06-24 06:29:59 UTC,1239,956.0,337.80918727915196,17359.0,13220.0,319.4008214544576,49611.9519,37823.5017,320.8521990447905,binance_kline_quote_asset_volume,14.010492332526232,40.04193050847458,0.029199999999999893,1.0264341957255305,0.013799999999999812,0.4850956130483623,0.013799999999999812,0.4850956130483623,0.011299999999999866,38.69863013698598,0.004100000000000215,14.041095890411745,0.6130136986301402,10891.0,6468.0,62.73978915836166,37.26021084163834,31171.4237,24464.129,364.73913990986557,18440.5282,13359.372700000002,262.9199736162376,62.83047230802463,37.16952769197537,1.6838280766852196,1.6903758591904108,12730.895499999999,25.660944616049257,7256985.0,20649750.8175,-923.0,-0.01271716312744664,-22222.748100001365,-0.10750182138865537,0.947,0.0021999999999999797,0.2328535139712087,48.64,51.35999999999999,1.6018,0.0005999999999999339,0.03747189607793742,61.57,38.43,0.9689,0.0022999999999999687,0.237947444651352,49.21,50.79,0.6547999999999999,0.02190000000000003,-0.6328999999999999,1782273600001,2026-06-24 04:00:00 UTC,5e-05,2.8347005
FINAL_REAL_MARK_PREMIUM_CLOSED_GUARD_2026_06_13,1782282600000,2026-06-24 06:30:00 UTC,MUSDT,1782282600000,2026-06-24 06:30:00 UTC,1782283499999,2026-06-24 06:44:59 UTC,True,2.8573,2.8826,2.8514,2.8826,0.02400000000000002,0.8395718183726306,65.98319766978996,2.8586,2.8783,2.85584653,2.87784795,0.019247950000000014,0.6733348492268948,1782283499999,2026-06-24 06:44:59 UTC,0.004752050000000008,0.1651251241400717,0.0,0.001166,0.0,0.0006279,0.0006279,,1782283499999,2026-06-24 06:44:59 UTC,479,-760.0,-61.33979015334947,7000.0,-10359.0,-59.67509649173339,20037.33,-29574.6219,-59.61188940844716,binance_kline_quote_asset_volume,14.613778705636744,41.8315866388309,0.031200000000000117,1.0919399433031223,0.0253000000000001,0.8854513001784936,0.0253000000000001,0.8854513001784936,0.0,0.0,0.005900000000000016,18.910256410256395,1.0,3935.0,3065.0,56.214285714285715,43.785714285714285,11278.143,-19893.2807,-63.81896730626391,8759.187000000002,-9681.341199999999,-52.50034649224418,56.28565781967957,43.714342180320436,1.2838499184339316,1.2875787444656677,2518.9559999999983,12.571315639359126,7252427.0,20731787.8222,-4558.0,-0.06280845282166078,82037.00470000133,0.39727842444702827,0.5713,-0.3756999999999999,-39.67265047518479,36.36,63.63999999999999,1.6027,0.0009000000000001229,0.056186789861413594,61.58,38.42,0.6852,-0.28369999999999995,-29.280627515739493,40.660000000000004,59.34,1.0314,0.1139,-0.9175,1782273600001,2026-06-24 04:00:00 UTC,5e-05,2.8347005
FINAL_REAL_MARK_PREMIUM_CLOSED_GUARD_2026_06_13,1782283500000,2026-06-24 06:45:00 UTC,MUSDT,1782283500000,2026-06-24 06:45:00 UTC,1782284399999,2026-06-24 06:59:59 UTC,True,2.8804,2.9334,2.8798,2.9104,0.027800000000000047,0.9644071324498732,73.28346893630416,2.87828878,2.932671,2.87828878,2.90609494,0.028246989999999972,0.9815317032298378,1782284399999,2026-06-24 06:59:59 UTC,0.004305060000000083,0.14813900057924753,0.00146213,0.00331489,0.0,0.0,-0.0006279,-100.0,1782284399999,2026-06-24 06:59:59 UTC,1156,677.0,141.33611691022963,23985.0,16985.0,242.64285714285717,69927.6791,49890.34909999999,248.98701124351393,binance_kline_quote_asset_volume,20.748269896193772,60.49107188581314,0.05359999999999987,1.8608526593528634,0.03000000000000025,1.0415220108318377,0.03000000000000025,1.0415220108318377,0.022999999999999687,42.91044776119355,0.0005999999999999339,1.1194029850745062,0.5708955223880645,7302.0,16683.0,30.444027517198247,69.55597248280175,21275.609,9997.466,88.64461108535333,48652.0701,39892.88309999999,455.44047752376997,30.425161071876616,69.57483892812338,0.4376910627584967,0.4373012074567409,-27376.461099999997,-39.14967785624677,7252182.0,20870677.1017269,-245.0,-0.003378179470127724,138889.2795269005,0.6699339232971272,0.5731,0.0018000000000000238,0.31507089095046803,36.43,63.57000000000001,1.6026,-9.999999999998899e-05,-0.006239470892867598,61.58,38.42,0.6832,-0.0020000000000000018,-0.29188558085230615,40.589999999999996,59.41,1.0295,0.11009999999999998,-0.9194,1782273600001,2026-06-24 04:00:00 UTC,5e-05,2.8347005
FINAL_REAL_MARK_PREMIUM_CLOSED_GUARD_2026_06_13,1782284400000,2026-06-24 07:00:00 UTC,MUSDT,1782284400000,2026-06-24 07:00:00 UTC,1782285299999,2026-06-24 07:14:59 UTC,True,2.9091,2.9203,2.8712,2.873,-0.03739999999999988,-1.2850467289719585,55.90206500748865,2.90629114,2.91867323,2.87407847,2.87407847,-0.03201646999999985,-1.101700758613201,1782285299999,2026-06-24 07:14:59 UTC,-0.0010784699999999425,-0.03752402765815724,7.529e-05,0.00308934,-0.00170339,0.0,0.0,,1782285299999,2026-06-24 07:14:59 UTC,1465,309.0,26.73010380622837,20181.0,-3804.0,-15.8599124452783,58534.4683,-11393.210799999993,-16.29284847807854,binance_kline_quote_asset_volume,13.77542662116041,39.95526846416382,0.049100000000000144,1.6878072256024248,-0.0360999999999998,-1.240933622082424,0.0360999999999998,1.240933622082424,0.011200000000000099,22.810590631364697,0.0018000000000002458,3.665987780041223,0.03665987780041223,7314.0,12867.0,36.24200981120856,63.75799018879144,21204.8859,-70.72309999999925,-0.33241398636344205,37329.5824,-11322.487699999998,-23.27236575283977,36.22632359334167,63.77367640665833,0.568430869666589,0.5680450874800036,-16124.696499999998,-27.54735281331666,7252926.0,21077691.54879444,744.0,0.010258981365884089,207014.44706754014,0.9918913797502581,0.616,0.04289999999999994,7.4856046065259,38.12,61.88,1.6034,0.0007999999999999119,0.04991888181704181,61.59,38.41,0.7159,0.03269999999999995,4.786299765807955,41.72,58.28,0.9873999999999999,0.09989999999999999,-0.8875,1782273600001,2026-06-24 04:00:00 UTC,5e-05,2.8347005
FINAL_REAL_MARK_PREMIUM_CLOSED_GUARD_2026_06_13,1782285300000,2026-06-24 07:15:00 UTC,MUSDT,1782285300000,2026-06-24 07:15:00 UTC,1782286199999,2026-06-24 07:29:59 UTC,True,2.8738,2.9022,2.8586,2.8681,-0.0049000000000001265,-0.1705534284719849,54.09189166800886,2.87407847,2.8976,2.86221356,2.86799812,-0.006080349999999957,-0.21155824600710907,1782286199999,2026-06-24 07:29:59 UTC,0.00010187999999988762,0.003552303583793409,0.0,0.00423767,-0.00137306,0.00014865,0.00014865,,1782286199999,2026-06-24 07:29:59 UTC,855,-610.0,-41.63822525597269,17758.0,-2423.0,-12.006342599474754,51108.2931,-7426.175199999998,-12.686841472514063,binance_kline_quote_asset_volume,20.769590643274853,59.77578140350877,0.04360000000000008,1.5171549864291212,-0.005700000000000038,-0.19834365648270716,0.005700000000000038,0.19834365648270716,0.02839999999999998,65.13761467889891,0.009500000000000064,21.788990825688177,0.2178899082568818,6476.0,11282.0,36.46807072868567,63.53192927131433,18646.2061,-2558.6798000000017,-12.066463418225709,32462.087000000003,-4867.495399999996,-13.039244178632966,36.48371911681003,63.51628088318998,0.574011700053182,0.5743994863916173,-13815.880900000004,-27.032561766379953,7253631.0,20847504.68642457,705.0,0.009720214986337928,-230186.86236987263,-1.092087631309124,0.9524,0.33640000000000003,54.61038961038962,48.78,51.22,1.6043,0.0009000000000001229,0.056130722215300174,61.6,38.4,0.9677,0.2518,35.17251012711273,49.18,50.82,0.6519,0.01529999999999998,-0.6366,1782273600001,2026-06-24 04:00:00 UTC,5e-05,2.8347005
FINAL_REAL_MARK_PREMIUM_CLOSED_GUARD_2026_06_13,1782286200000,2026-06-24 07:30:00 UTC,MUSDT,1782286200000,2026-06-24 07:30:00 UTC,1782287099999,2026-06-24 07:44:59 UTC,True,2.8673,2.8738,2.8203,2.8338,-0.0343,-1.1959136710714409,43.47859039878812,2.86799812,2.86951709,2.82221448,2.83259104,-0.035407080000000146,-1.234557294619152,1782287099999,2026-06-24 07:44:59 UTC,0.0012089600000000367,0.04268035812187123,0.00034787,0.00379315,-0.00057374,0.0,-0.00014865,-100.0,1782287099999,2026-06-24 07:44:59 UTC,1181,326.0,38.12865497076024,16560.0,-1198.0,-6.746255208919924,47084.1274,-4024.165700000005,-7.873801795975075,binance_kline_quote_asset_volume,14.022015241320915,39.86801642675698,0.0535000000000001,1.8658668433718166,-0.033500000000000085,-1.1683465280926337,0.033500000000000085,1.1683465280926337,0.00649999999999995,12.149532710280257,0.013500000000000068,25.233644859813158,0.2523364485981316,8207.0,8353.0,49.559178743961354,50.440821256038646,23353.3259,4707.1198,25.244383628259907,23730.801499999998,-8731.285500000005,-26.896870493877994,49.59914771617919,50.40085228382081,0.9825212498503532,0.984093432326759,-377.47559999999794,-0.8017045676416167,7251776.0,20798079.93466112,-1855.0,-0.025573399032843,-49424.75176344812,-0.2370775424055063,0.9581,0.005699999999999927,0.5984880302393876,48.93,51.07000000000001,1.6055,0.0011999999999998678,0.07479897774729588,61.62,38.379999999999995,0.9771,0.009399999999999964,0.971375426268468,49.419999999999995,50.580000000000005,0.6474,0.019000000000000017,-0.6284,1782273600001,2026-06-24 04:00:00 UTC,5e-05,2.8347005
FINAL_REAL_MARK_PREMIUM_CLOSED_GUARD_2026_06_13,1782287100000,2026-06-24 07:45:00 UTC,MUSDT,1782287100000,2026-06-24 07:45:00 UTC,1782287999999,2026-06-24 07:59:59 UTC,True,2.832,2.8434,2.831,2.8364,0.0025999999999997137,0.09174959418447715,44.36962429796097,2.83299104,2.8434,2.831,2.83583723,0.0032461900000000377,0.11460143572296401,1782287999999,2026-06-24 07:59:59 UTC,0.0005627699999997127,0.01984493306055202,0.00032654,0.00189331,0.0,0.0,0.0,,1782287999999,2026-06-24 07:59:59 UTC,688,-493.0,-41.74428450465707,8796.0,-7764.0,-46.88405797101449,24959.0291,-22125.098299999998,-46.990566719093536,binance_kline_quote_asset_volume,12.784883720930232,36.2776585755814,0.012399999999999967,0.4378531073446317,0.0043999999999999595,0.15536723163841665,0.0043999999999999595,0.15536723163841665,0.007000000000000117,56.4516129032269,0.0009999999999998899,8.064516129031391,0.43548387096773095,3846.0,4950.0,43.72442019099591,56.27557980900409,10914.7407,-12438.5852,-53.262585608844695,14044.2884,-9686.513099999998,-40.81831412226005,43.73063013096131,56.2693698690387,0.776969696969697,0.7771658049972828,-3129.547699999999,-12.538739738077389,7252713.0,20543969.85949152,937.0,0.012920972738264392,-254110.07516960055,-1.2217958386923613,0.992,0.03390000000000004,3.5382527919841396,49.8,50.2,1.6073,0.0018000000000000238,0.11211460604173304,61.650000000000006,38.35,1.0117,0.034600000000000075,3.5410909835226767,50.29,49.71,0.6153,0.01970000000000005,-0.5955999999999999,1782273600001,2026-06-24 04:00:00 UTC,5e-05,2.8347005
FINAL_REAL_MARK_PREMIUM_CLOSED_GUARD_2026_06_13,1782288000000,2026-06-24 08:00:00 UTC,MUSDT,1782288000000,2026-06-24 08:00:00 UTC,1782288899999,2026-06-24 08:14:59 UTC,True,2.8356,2.856,2.8182,2.8431,0.006700000000000372,0.23621492032154748,46.701381532022715,2.83566563,2.8484,2.82153698,2.8426,0.006762769999999918,0.2384752526857798,1782288899999,2026-06-24 08:14:59 UTC,0.000500000000000167,0.017589530711326497,0.0,0.00241116,-0.00015719,0.00077571,0.00077571,,1782288899999,2026-06-24 08:14:59 UTC,1084,396.0,57.55813953488372,23640.0,14844.0,168.75852660300137,67043.8332,42084.804099999994,168.61554963289817,binance_kline_quote_asset_volume,21.80811808118081,61.84855461254612,0.037799999999999834,1.3330512060939426,0.007500000000000284,0.2644942869234125,0.007500000000000284,0.2644942869234125,0.01289999999999969,34.12698412698346,0.01739999999999986,46.03174603174586,0.6587301587301655,15020.0,8620.0,63.53637901861252,36.46362098138748,42649.7841,31735.043399999995,290.7539837387066,24394.049099999997,10349.760699999997,73.69373516994993,63.61477568379846,36.38522431620154,1.74245939675174,1.7483683797291365,18255.735,27.229551367596926,7252070.0,20565690.1005661,-643.0,-0.008865647930643332,21720.2410745807,0.10572562763250808,0.9984,0.006399999999999961,0.6451612903225767,49.96,50.03999999999999,1.607,-0.00029999999999996696,-0.01866484165992453,61.63999999999999,38.36,1.0231,0.011399999999999855,1.1268162498764311,50.57000000000001,49.43,0.6086,0.024699999999999944,-0.5839000000000001,1782273600001,2026-06-24 04:00:00 UTC,5e-05,2.8347005
FINAL_REAL_MARK_PREMIUM_CLOSED_GUARD_2026_06_13,1782288900000,2026-06-24 08:15:00 UTC,MUSDT,1782288900000,2026-06-24 08:15:00 UTC,1782289799999,2026-06-24 08:29:59 UTC,True,2.8434,2.8559,2.8434,2.8441,0.0009999999999998899,0.03517287467904365,47.05806340953522,2.8426,2.8544,2.8426,2.8441,0.0015000000000000568,0.052768592133963864,1782289799999,2026-06-24 08:29:59 UTC,0.0,0.0,0.00180875,0.00188793,0.0,0.0,-0.00077571,-100.0,1782289799999,2026-06-24 08:29:59 UTC,346,-738.0,-68.08118081180811,5638.0,-18002.0,-76.15059221658207,16076.7474,-50967.08579999999,-76.02054263209997,binance_kline_quote_asset_volume,16.294797687861273,46.464587861271674,0.012500000000000178,0.4396145459661032,0.000700000000000145,0.024618414574106524,0.000700000000000145,0.024618414574106524,0.011800000000000033,94.39999999999891,0.0,0.0,0.0560000000000108,4372.0,1266.0,77.54522880454063,22.454771195459383,12471.464,-30178.320099999997,-70.75843579709938,3605.2834000000003,-20788.765699999996,-85.22064383317158,77.57454719976505,22.425452800234954,3.453396524486572,3.459218767656379,8866.1806,55.1490943995301,7251194.0,20612244.0644,-876.0,-0.012079309769486506,46553.963833898306,0.22636713675179246,0.979,-0.019399999999999973,-1.9431089743589716,49.47,50.529999999999994,1.6077,0.0006999999999999229,0.04355942750466228,61.650000000000006,38.35,1.0036,-0.01949999999999985,-1.9059720457433145,50.09,49.91,0.6286999999999999,0.024600000000000066,-0.6040999999999999,1782288000005,2026-06-24 08:00:00 UTC,5e-05,2.83566563
FINAL_REAL_MARK_PREMIUM_CLOSED_GUARD_2026_06_13,1782289800000,2026-06-24 08:30:00 UTC,MUSDT,1782289800000,2026-06-24 08:30:00 UTC,1782290699999,2026-06-24 08:44:59 UTC,True,2.8442,2.8483,2.8408,2.8474,0.0032999999999998586,0.1160296754685088,48.287923455267716,2.8441,2.8474,2.8415,2.8474,0.0032999999999998586,0.1160296754685088,1782290699999,2026-06-24 08:44:59 UTC,0.0,0.0,0.0,0.00104963,0.0,0.00098029,0.00098029,,1782290699999,2026-06-24 08:44:59 UTC,340,-6.0,-1.7341040462427744,2681.0,-2957.0,-52.447676481021645,7626.4818,-8450.2656,-52.562035029548326,binance_kline_quote_asset_volume,7.885294117647059,22.43082882352941,0.00749999999999984,0.2636945362492033,0.0032000000000000917,0.1125096687996657,0.0032000000000000917,0.1125096687996657,0.0009000000000001229,12.000000000001895,0.0033999999999996255,45.33333333332931,0.879999999999981,1046.0,1635.0,39.01529280119359,60.98470719880642,2975.5429,-9495.9211,-76.14118999982679,4650.938899999999,1045.655499999999,29.003420369117137,39.01593130399918,60.98406869600082,0.6397553516819572,0.6397725199099047,-1675.3959999999993,-21.968137392001637,7249203.0,20617458.2523,-1991.0,-0.02745754699157132,5214.187900003046,0.02529655618142335,0.9755,-0.0034999999999999476,-0.35750766087844205,49.38,50.62,1.6081,0.000400000000000178,0.02488026373080662,61.660000000000004,38.34,1.0012,-0.0023999999999999577,-0.23913909924272195,50.029999999999994,49.97,0.6326,0.025700000000000056,-0.6069,1782288000005,2026-06-24 08:00:00 UTC,5e-05,2.83566563
FINAL_REAL_MARK_PREMIUM_CLOSED_GUARD_2026_06_13,1782290700000,2026-06-24 08:45:00 UTC,MUSDT,1782290700000,2026-06-24 08:45:00 UTC,1782291599999,2026-06-24 08:59:59 UTC,True,2.8474,2.8558,2.8443,2.8504,0.0030000000000001137,0.10535927512819111,49.43785854602913,2.8474,2.85479833,2.8443,2.8504,0.0030000000000001137,0.10535927512819111,1782291599999,2026-06-24 08:59:59 UTC,0.0,0.0,0.0009836,0.00289863,0.00036921,0.00037247,-0.00060782,-62.00410082730621,1782291599999,2026-06-24 08:59:59 UTC,221,-119.0,-35.0,2967.0,286.0,10.667661320402836,8461.7692,835.2874000000011,10.952460412348994,binance_kline_quote_asset_volume,13.425339366515837,38.28854841628959,0.011499999999999844,0.4038772213247118,0.0030000000000001137,0.10535927512819111,0.0030000000000001137,0.10535927512819111,0.005399999999999849,46.95652173912976,0.0030999999999998806,26.956521739129762,0.5304347826087024,655.0,2312.0,22.07617121671722,77.92382878328277,1867.727,-1107.8158999999998,-37.23071510748508,6594.042200000001,1943.1033000000016,41.778732031934496,22.072535374753542,77.92746462524646,0.2833044982698962,0.2832446234572172,-4726.315200000001,-55.854929250492916,7248701.0,20639951.2274,-502.0,-0.0069248991923663876,22492.975099999458,0.10909674133808532,0.9755,0.0,0.0,49.38,50.62,1.608,-9.999999999998899e-05,-0.006218518748833343,61.660000000000004,38.34,1.0028,0.0015999999999998238,0.15980823012383377,50.07,49.93,0.6325000000000001,0.02729999999999988,-0.6052000000000002,1782288000005,2026-06-24 08:00:00 UTC,5e-05,2.83566563
FINAL_REAL_MARK_PREMIUM_CLOSED_GUARD_2026_06_13,1782291600000,2026-06-24 09:00:00 UTC,MUSDT,1782291600000,2026-06-24 09:00:00 UTC,1782292499999,2026-06-24 09:14:59 UTC,True,2.8504,2.8837,2.8499,2.8768,0.026399999999999757,0.9261857984844147,58.23867517773757,2.8504,2.8837,2.85011567,2.8768,0.026399999999999757,0.9261857984844147,1782292499999,2026-06-24 09:14:59 UTC,0.0,0.0,0.00014066,0.00500059,0.0,0.00016525,-0.00020722,-55.63401079281552,1782292499999,2026-06-24 09:14:59 UTC,639,418.0,189.14027149321265,8740.0,5773.0,194.5736434108527,25109.3127,16647.5435,196.73833103365664,binance_kline_quote_asset_volume,13.677621283255085,39.29469906103286,0.033800000000000274,1.1857984844232485,0.026399999999999757,0.9261857984844147,0.026399999999999757,0.9261857984844147,0.00690000000000035,20.414201183432823,0.000500000000000167,1.4792899408288844,0.7958579881656718,3562.0,5178.0,40.755148741418765,59.244851258581235,10234.3455,8366.618499999999,447.95724964087356,14874.9672,8280.925,125.58192302742614,40.759162237045224,59.240837762954776,0.6879103901120124,0.6880247440142254,-4640.6217,-18.481675525909555,7247504.0,20658285.4016,-1197.0,-0.01651330355604404,18334.17419999838,0.08882857327520885,0.9747,-0.0008000000000000229,-0.0820092260379316,49.36,50.63999999999999,1.6087,0.0006999999999999229,0.04353233830845291,61.67,38.33,1.002,-0.0007999999999999119,-0.07977662544873475,50.05,49.95,0.634,0.02729999999999999,-0.6067,1782288000005,2026-06-24 08:00:00 UTC,5e-05,2.83566563
FINAL_REAL_MARK_PREMIUM_CLOSED_GUARD_2026_06_13,1782292500000,2026-06-24 09:15:00 UTC,MUSDT,1782292500000,2026-06-24 09:15:00 UTC,1782293399999,2026-06-24 09:29:59 UTC,True,2.8778,2.8847,2.8536,2.8569,-0.019899999999999807,-0.691740823136812,51.02852426563797,2.8768,2.88407178,2.8536,2.8558464,-0.020953599999999906,-0.7283648498331448,1782293399999,2026-06-24 09:29:59 UTC,0.001053600000000099,0.03689274044991001,0.0,0.00147397,-0.00053512,0.0,-0.00016525,-100.0,1782293399999,2026-06-24 09:29:59 UTC,282,-357.0,-55.86854460093896,3248.0,-5492.0,-62.837528604119,9322.6541,-15786.658599999999,-62.87172726954011,binance_kline_quote_asset_volume,11.5177304964539,33.05905709219858,0.031099999999999905,1.080686635624432,-0.02090000000000014,-0.7262492181527604,0.02090000000000014,0.7262492181527604,0.006899999999999906,22.18649517684864,0.0032999999999998586,10.610932475883821,0.10610932475883822,1255.0,1993.0,38.639162561576356,61.360837438423644,3598.4736,-6635.8719,-64.8392405747881,5724.1805,-9150.786699999999,-61.51802943135228,38.59923967360325,61.40076032639675,0.6297039638735574,0.6286443273408306,-2125.7069000000006,-22.80152065279351,7244960.0,20842300.928,-2544.0,-0.035101739854162206,184015.52639999986,0.89075895130071,0.9493,-0.025399999999999978,-2.6059300297527423,48.699999999999996,51.300000000000004,1.6089,0.00019999999999997797,0.01243239883135314,61.67,38.33,0.9704,-0.03159999999999996,-3.153692614770455,49.25,50.74999999999999,0.6596,0.021100000000000008,-0.6385,1782288000005,2026-06-24 08:00:00 UTC,5e-05,2.83566563
FINAL_REAL_MARK_PREMIUM_CLOSED_GUARD_2026_06_13,1782293400000,2026-06-24 09:30:00 UTC,MUSDT,1782293400000,2026-06-24 09:30:00 UTC,1782294299999,2026-06-24 09:44:59 UTC,True,2.854,2.864,2.8465,2.8577,0.0007999999999999119,0.02800238020231411,51.289605769867435,2.85584639,2.8615,2.84901733,2.85600667,0.00016027000000029545,0.005611996499541973,1782294299999,2026-06-24 09:44:59 UTC,0.0016933299999997153,0.05929012763824236,0.0,0.00241767,0.0,0.00092603,0.00092603,,1782294299999,2026-06-24 09:44:59 UTC,335,53.0,18.79432624113475,4218.0,970.0,29.86453201970443,12048.6455,2725.991400000001,29.240507807749736,binance_kline_quote_asset_volume,12.591044776119404,35.96610597014926,0.01750000000000007,0.6131744919411377,0.0036999999999998145,0.1296426068675478,0.0036999999999998145,0.1296426068675478,0.006299999999999972,35.999999999999694,0.007500000000000284,42.85714285714431,0.640000000000003,2390.0,1828.0,56.66192508297772,43.33807491702228,6829.1281,3230.6545,89.77846884856959,5219.517400000001,-504.66309999999976,-8.816337989341875,56.67963340775525,43.32036659224475,1.3074398249452954,1.3083830508927892,1609.6106999999993,13.359266815510502,7245511.0,20692066.5055104,551.0,0.007605286985711446,-150234.4224895984,-0.7208149570845617,0.9508,0.0014999999999999458,0.15801116612240027,48.74,51.25999999999999,1.6086,-0.00029999999999996696,-0.018646280067124554,61.67,38.33,0.9708,0.00039999999999995595,0.04122011541631863,49.26,50.739999999999995,0.6578,0.020000000000000018,-0.6378,1782288000005,2026-06-24 08:00:00 UTC,5e-05,2.83566563
FINAL_REAL_MARK_PREMIUM_CLOSED_GUARD_2026_06_13,1782294300000,2026-06-24 09:45:00 UTC,MUSDT,1782294300000,2026-06-24 09:45:00 UTC,1782295199999,2026-06-24 09:59:59 UTC,True,2.8579,2.8601,2.8436,2.8513,-0.006399999999999739,-0.22395632851593028,49.03726635428481,2.85601867,2.85655814,2.84315296,2.84981,-0.006196670000000015,-0.2169697313767133,1782295199999,2026-06-24 09:59:59 UTC,0.0014899999999999913,0.052284187366876775,0.00087198,0.00124916,-0.0005973,0.0,-0.00092603,-100.0,1782295199999,2026-06-24 09:59:59 UTC,260,-75.0,-22.388059701492537,3368.0,-850.0,-20.151730678046466,9597.0822,-2451.5633,-20.34721081303288,binance_kline_quote_asset_volume,12.953846153846154,36.91185461538462,0.01650000000000018,0.5773470030441996,-0.006599999999999717,-0.23093880121766744,0.006599999999999717,0.23093880121766744,0.002200000000000202,13.33333333333441,0.007700000000000262,46.666666666667744,0.46666666666667744,1579.0,1789.0,46.88242280285036,53.11757719714964,4500.3975,-2328.7306,-34.09996951148126,5096.684700000001,-122.83269999999993,-2.3533344289646383,46.89339328572177,53.10660671427823,0.8826159865846842,0.8830048874712614,-596.2872000000007,-6.213213428556448,7246197.0,20695186.96413399,686.0,0.009467931247361297,3120.458623588085,0.01508045908685385,0.9535,0.0027000000000000357,0.28397139251157294,48.809999999999995,51.190000000000005,1.6081,-0.0004999999999999449,-0.031082929255249588,61.660000000000004,38.34,0.9751,0.0042999999999999705,0.4429336629583818,49.370000000000005,50.629999999999995,0.6546000000000001,0.021599999999999953,-0.6330000000000001,1782288000005,2026-06-24 08:00:00 UTC,5e-05,2.83566563
FINAL_REAL_MARK_PREMIUM_CLOSED_GUARD_2026_06_13,1782295200000,2026-06-24 10:00:00 UTC,MUSDT,1782295200000,2026-06-24 10:00:00 UTC,1782296099999,2026-06-24 10:14:59 UTC,True,2.8497,2.85,2.833,2.8415,-0.009800000000000253,-0.3437028723740137,45.72596902427581,2.84981,2.84983667,2.83475951,2.8415,-0.008310000000000262,-0.2915983872609143,1782296099999,2026-06-24 10:14:59 UTC,0.0,0.0,0.0,0.00145509,0.0,0.00120231,0.00120231,,1782296099999,2026-06-24 10:14:59 UTC,343,83.0,31.92307692307692,3274.0,-94.0,-2.7909738717339665,9301.9766,-295.1056000000008,-3.0749512596651587,binance_kline_quote_asset_volume,9.545189504373178,27.11946530612245,0.016999999999999904,0.5965540232305121,-0.008199999999999985,-0.2877495876758952,0.008199999999999985,0.2877495876758952,0.000300000000000189,1.764705882354063,0.00849999999999973,49.99999999999869,0.49999999999998695,1195.0,2079.0,36.49969456322541,63.50030543677458,3394.9309,-1105.4666000000002,-24.563754646117374,5907.045700000001,810.3609999999999,15.899767156481149,36.49687637356559,63.50312362643441,0.5747955747955747,0.5747256873262382,-2512.1148000000007,-27.006247252868825,7246040.0,20649837.2524,-157.0,-0.0021666537633464834,-45349.71173398942,-0.21913168415720624,0.955,0.0014999999999999458,0.15731515469322976,48.85,51.15,1.6084,0.00029999999999996696,0.01865555624650003,61.660000000000004,38.34,0.9736,-0.0014999999999999458,-0.15383037637164862,49.33,50.67,0.6534000000000001,0.01860000000000006,-0.6348,1782288000005,2026-06-24 08:00:00 UTC,5e-05,2.83566563
FINAL_REAL_MARK_PREMIUM_CLOSED_GUARD_2026_06_13,1782296100000,2026-06-24 10:15:00 UTC,MUSDT,1782296100000,2026-06-24 10:15:00 UTC,1782296999999,2026-06-24 10:29:59 UTC,True,2.8417,2.8431,2.8298,2.8299,-0.011600000000000055,-0.4082350871018848,42.101947954164665,2.8415,2.84190547,2.8308323,2.83258267,-0.008917330000000057,-0.31382474045398756,1782296999999,2026-06-24 10:29:59 UTC,-0.002682669999999998,-0.09470756240982009,0.00120742,0.00196545,0.00013762,0.00090291,-0.0002994,-24.90206352770916,1782296999999,2026-06-24 10:29:59 UTC,199,-144.0,-41.98250728862974,1894.0,-1380.0,-42.15027489309713,5368.9594,-3933.0172000000002,-42.281521112405294,binance_kline_quote_asset_volume,9.517587939698492,26.979695477386933,0.01330000000000009,0.4680297005313752,-0.011800000000000033,-0.4152443959601658,0.011800000000000033,0.4152443959601658,0.00140000000000029,10.526315789475793,9.999999999976694e-05,0.7518796992463629,0.007518796992463629,942.0,952.0,49.736008447729674,50.263991552270326,2670.516,-724.4148999999998,-21.338133863048576,2698.4433999999997,-3208.602300000001,-54.31822374423141,49.73991794387568,50.260082056124325,0.9894957983193278,0.9896505518700153,-27.92739999999958,-0.5201641122486339,7246280.0,20590304.62,240.0,0.0033121539489155455,-59532.632399998605,-0.2882958914994814,0.9566,0.0016000000000000458,0.16753926701571162,48.89,51.11,1.6082,-0.00019999999999997797,-0.012434717731906115,61.660000000000004,38.34,0.9767,0.0030999999999999917,0.3184059161873451,49.41,50.59,0.6516000000000001,0.020100000000000007,-0.6315000000000001,1782288000005,2026-06-24 08:00:00 UTC,5e-05,2.83566563
FINAL_REAL_MARK_PREMIUM_CLOSED_GUARD_2026_06_13,1782297000000,2026-06-24 10:30:00 UTC,MUSDT,1782297000000,2026-06-24 10:30:00 UTC,1782297899999,2026-06-24 10:44:59 UTC,True,2.8321,2.8485,2.8294,2.8355,0.005600000000000271,0.19788685112549106,44.39318761160819,2.83258267,2.8459,2.82854438,2.8355,0.0029173300000002733,0.10299187490264049,1782297899999,2026-06-24 10:44:59 UTC,0.0,0.0,0.00095551,0.00317141,0.0,0.00063362,-0.00026929000000000005,-29.824677985624266,1782297899999,2026-06-24 10:44:59 UTC,351,152.0,76.38190954773869,4789.0,2895.0,152.85110876451952,13593.8155,8224.8561,153.19274159532668,binance_kline_quote_asset_volume,13.643874643874645,38.72881908831909,0.019099999999999895,0.6744112142932769,0.0034000000000000696,0.12005225804173826,0.0034000000000000696,0.12005225804173826,0.0129999999999999,68.06282722513075,0.0026999999999999247,14.136125654449947,0.31937172774869255,2889.0,1900.0,60.32574650240134,39.67425349759866,8202.5278,5532.0118,207.1514194260585,5391.287700000001,2692.844300000001,99.79250630196658,60.34014364841129,39.65985635158871,1.5205263157894737,1.521441306128033,2811.240099999999,20.68028729682258,7246088.0,20525143.29409496,-192.0,-0.002649635399128932,-65161.32590503991,-0.31646606064169974,0.9516,-0.0050000000000000044,-0.5226845076311942,48.76,51.239999999999995,1.608,-0.00019999999999997797,-0.012436264146249097,61.660000000000004,38.34,0.9739,-0.0028000000000000247,-0.28667963550732306,49.34,50.660000000000004,0.6564000000000001,0.022299999999999986,-0.6341000000000001,1782288000005,2026-06-24 08:00:00 UTC,5e-05,2.83566563
FINAL_REAL_MARK_PREMIUM_CLOSED_GUARD_2026_06_13,1782297900000,2026-06-24 10:45:00 UTC,MUSDT,1782297900000,2026-06-24 10:45:00 UTC,1782298799999,2026-06-24 10:59:59 UTC,True,2.8363,2.8379,2.8283,2.8314,-0.004100000000000215,-0.14459530946923696,43.04992934681486,2.8355,2.83632506,2.82846273,2.83129647,-0.004203530000000288,-0.14824651736908087,1782298799999,2026-06-24 10:59:59 UTC,0.00010353000000007384,0.0036566287245812104,0.0007803,0.00139517,0.0,0.0,-0.00063362,-100.0,1782298799999,2026-06-24 10:59:59 UTC,122,-229.0,-65.24216524216524,1738.0,-3051.0,-63.70849864272291,4924.4212,-8669.3943,-63.77454732999723,binance_kline_quote_asset_volume,14.245901639344263,40.36410819672131,0.009599999999999831,0.3384691323202705,-0.0049000000000001265,-0.17276028628847886,0.0049000000000001265,0.17276028628847886,0.0015999999999998238,16.666666666665126,0.0030999999999998806,32.29166666666599,0.3229166666666599,901.0,837.0,51.84119677790564,48.15880322209436,2553.3095,-5649.2183,-68.87167514385017,2371.1117,-3020.176000000001,-56.01956653138731,51.849941268224576,48.150058731775424,1.076463560334528,1.0768406650770606,182.19779999999992,3.6998825364491554,7245986.0,20545993.303,-102.0,-0.0014076561035416628,20850.008905038238,0.10158276902766734,0.9508,-0.0008000000000000229,-0.08406893652795533,48.74,51.25999999999999,1.6082,0.00019999999999997797,0.012437810945272262,61.660000000000004,38.34,0.9763,0.0023999999999999577,0.2464318718554223,49.4,50.6,0.6574000000000001,0.025499999999999967,-0.6319000000000001,1782288000005,2026-06-24 08:00:00 UTC,5e-05,2.83566563
FINAL_REAL_MARK_PREMIUM_CLOSED_GUARD_2026_06_13,1782298800000,2026-06-24 11:00:00 UTC,MUSDT,1782298800000,2026-06-24 11:00:00 UTC,1782299699999,2026-06-24 11:14:59 UTC,True,2.831,2.8422,2.829,2.8301,-0.0013000000000000789,-0.04591368227732143,42.60968308784959,2.83129647,2.83982993,2.8293,2.8301,-0.001196470000000005,-0.04225873244563488,1782299699999,2026-06-24 11:14:59 UTC,0.0,0.0,0.0,0.00146661,0.0,0.0,0.0,,1782299699999,2026-06-24 11:14:59 UTC,232,110.0,90.1639344262295,2378.0,640.0,36.82393555811277,6745.2868,1820.8656,36.976235907683936,binance_kline_quote_asset_volume,10.25,29.074512068965518,0.013199999999999878,0.46626633698339376,-0.0009000000000001229,-0.03179088661250876,0.0009000000000001229,0.03179088661250876,0.011200000000000099,84.84848484848638,0.0010999999999996568,8.33333333333081,0.0833333333333081,1436.0,942.0,60.38687973086627,39.61312026913373,4074.4889,1521.1794,59.57677281191332,2670.7979,299.6862000000001,12.639058716634906,60.404976405154486,39.59502359484552,1.5244161358811041,1.5255699055327248,1403.6909999999998,20.809952810308967,7246666.0,20517459.86506902,680.0,0.009384506125184343,-28533.437930978835,-0.1388759234473836,0.9501,-0.0007000000000000339,-0.07362221287337337,48.72,51.28,1.608,-0.00019999999999997797,-0.012436264146249097,61.660000000000004,38.34,0.9728,-0.0034999999999999476,-0.3584963638225902,49.309999999999995,50.690000000000005,0.6579000000000002,0.022700000000000053,-0.6352000000000001,1782288000005,2026-06-24 08:00:00 UTC,5e-05,2.83566563
FINAL_REAL_MARK_PREMIUM_CLOSED_GUARD_2026_06_13,1782299700000,2026-06-24 11:15:00 UTC,MUSDT,1782299700000,2026-06-24 11:15:00 UTC,1782300599999,2026-06-24 11:29:59 UTC,True,2.8307,2.8319,2.8272,2.8279,-0.0021999999999997577,-0.07773576905408847,41.83007579238324,2.8301,2.8315,2.8258544,2.8279,-0.0021999999999997577,-0.07773576905408847,1782300599999,2026-06-24 11:29:59 UTC,0.0,0.0,0.0,0.00076657,0.0,0.00025797,0.00025797,,1782300599999,2026-06-24 11:29:59 UTC,74,-158.0,-68.10344827586206,1044.0,-1334.0,-56.09756097560976,2953.5232,-3791.7635999999998,-56.213526754711154,binance_kline_quote_asset_volume,14.108108108108109,39.91247567567568,0.0047000000000001485,0.16603666937507147,-0.0028000000000001357,-0.09891546260642721,0.0028000000000001357,0.09891546260642721,0.0011999999999998678,25.5319148936134,0.000700000000000145,14.89361702127921,0.1489361702127921,827.0,217.0,79.21455938697318,20.78544061302682,2339.6874,-1734.8015,-42.57715611889383,613.8358000000003,-2056.9620999999997,-77.0167634174042,79.21682822738619,20.783171772613816,3.8110599078341014,3.811585117713888,1725.8515999999995,58.43365645477236,7246733.0,20508979.0633,67.0,0.0009245631025357041,-8480.801769021899,-0.041334560051756036,0.9489,-0.0011999999999999789,-0.12630249447426364,48.69,51.31,1.6082,0.00019999999999997797,0.012437810945272262,61.660000000000004,38.34,0.9739,0.0010999999999999899,0.11307565789473581,49.34,50.660000000000004,0.6593000000000001,0.025000000000000022,-0.6343000000000001,1782288000005,2026-06-24 08:00:00 UTC,5e-05,2.83566563
FINAL_REAL_MARK_PREMIUM_CLOSED_GUARD_2026_06_13,1782300600000,2026-06-24 11:30:00 UTC,MUSDT,1782300600000,2026-06-24 11:30:00 UTC,1782301499999,2026-06-24 11:44:59 UTC,True,2.828,2.8485,2.8278,2.8346,0.006699999999999928,0.23692492662399406,45.12309315030598,2.8279,2.83730037,2.8279,2.8346,0.006699999999999928,0.23692492662399406,1782301499999,2026-06-24 11:44:59 UTC,0.0,0.0,0.00025053,0.00169725,0.0,0.00078417,0.0005262000000000001,203.9772066519363,1782301499999,2026-06-24 11:44:59 UTC,371,297.0,401.3513513513513,5605.0,4561.0,436.8773946360153,15910.0669,12956.5437,438.68095229453417,binance_kline_quote_asset_volume,15.107816711590296,42.884277358490564,0.020700000000000163,0.7319660537482378,0.006600000000000161,0.2333804809052391,0.006600000000000161,0.2333804809052391,0.013900000000000023,67.14975845410586,0.00019999999999997797,0.966183574879113,0.3285024154589413,4180.0,1425.0,74.57627118644068,25.423728813559322,11870.746,9531.0586,407.36461631583774,4039.3209000000006,3425.4851000000003,558.0458324522614,74.61154044550246,25.38845955449754,2.933333333333333,2.9387974597413136,7831.425099999999,49.22308089100492,7246740.0,20493056.046,7.0,9.65952519569853e-05,-15923.017299998552,-0.07763924889119496,0.9516,0.0027000000000000357,0.28453999367689276,48.76,51.239999999999995,1.6081,-9.999999999998899e-05,-0.006218132073124548,61.660000000000004,38.34,0.9771,0.0031999999999999806,0.3285758291405668,49.419999999999995,50.580000000000005,0.6565000000000001,0.025499999999999967,-0.6310000000000001,1782288000005,2026-06-24 08:00:00 UTC,5e-05,2.83566563
FINAL_REAL_MARK_PREMIUM_CLOSED_GUARD_2026_06_13,1782301500000,2026-06-24 11:45:00 UTC,MUSDT,1782301500000,2026-06-24 11:45:00 UTC,1782302399999,2026-06-24 11:59:59 UTC,True,2.8351,2.8479,2.8307,2.8428,0.008199999999999985,0.2892824384392854,48.9333693608904,2.8346,2.84210262,2.8318,2.84210262,0.007502619999999904,0.26468002540040586,1782302399999,2026-06-24 11:59:59 UTC,0.0006973800000000807,0.02453746726429184,0.00109002,0.0018829,0.0,0.00112056,0.00033639,42.89758598263131,1782302399999,2026-06-24 11:59:59 UTC,544,173.0,46.63072776280324,5471.0,-134.0,-2.3907225691347014,15532.18,-377.8868999999995,-2.375143375418488,binance_kline_quote_asset_volume,10.056985294117647,28.551801470588234,0.017199999999999882,0.6066805403689421,0.007699999999999818,0.27159535818841724,0.007699999999999818,0.27159535818841724,0.0051000000000001044,29.65116279069849,0.0043999999999999595,25.581395348837148,0.7034883720930152,2570.0,2901.0,46.97495887406325,53.02504112593675,7298.9143,-4571.831699999999,-38.51343209601148,8233.2657,4193.944799999999,103.82796771605838,46.992207790535524,53.007792209464476,0.8859014133057567,0.8865150920612219,-934.3513999999996,-6.015584418928956,7246489.0,20540897.7194,-251.0,-0.0034636264030446797,47841.67339999974,0.2334530940266367,0.9451,-0.00649999999999995,-0.6830601092896122,48.59,51.41,1.6089,0.0007999999999999119,0.04974814999066674,61.67,38.33,0.9724,-0.0046999999999999265,-0.48101524920682903,49.3,50.7,0.6638,0.02729999999999999,-0.6365,1782288000005,2026-06-24 08:00:00 UTC,5e-05,2.83566563
FINAL_REAL_MARK_PREMIUM_CLOSED_GUARD_2026_06_13,1782302400000,2026-06-24 12:00:00 UTC,MUSDT,1782302400000,2026-06-24 12:00:00 UTC,1782303299999,2026-06-24 12:14:59 UTC,True,2.843,2.8529,2.8309,2.8391,-0.0036999999999998145,-0.13015336991697674,47.33626470807203,2.84210262,2.8496,2.83177996,2.83867241,-0.003430209999999878,-0.12069268631826806,1782303299999,2026-06-24 12:14:59 UTC,0.00042759000000014424,0.015063027297332427,0.00118397,0.00341543,0.0,0.00062444,-0.0004961200000000001,-44.27429142571572,1782303299999,2026-06-24 12:14:59 UTC,543,-1.0,-0.1838235294117647,10391.0,4920.0,89.92871504295375,29511.5127,13979.332699999999,90.00238665789347,binance_kline_quote_asset_volume,19.136279926335174,54.349010497237565,0.021999999999999797,0.7738304607808582,-0.0038999999999997925,-0.1371790362293279,0.0038999999999997925,0.1371790362293279,0.00990000000000002,45.000000000000504,0.008199999999999985,37.27272727272754,0.37272727272727546,7201.0,3190.0,69.30035607737464,30.69964392262535,20451.753,13152.8387,180.2026734304854,9059.759699999999,826.4939999999988,10.038471125740529,69.30093081944932,30.699069180550676,2.257366771159875,2.2574277549546933,11391.993300000002,38.60186163889865,7245304.0,20591897.48109648,-1185.0,-0.016352746826773627,50999.761696480215,0.2482839961191819,0.9474,0.0022999999999999687,0.24336049095333495,48.65,51.349999999999994,1.6097,0.0007999999999999119,0.04972341351233214,61.68,38.32,0.9751,0.0026999999999999247,0.27766351295762287,49.370000000000005,50.629999999999995,0.6622999999999999,0.027699999999999947,-0.6345999999999999,1782288000005,2026-06-24 08:00:00 UTC,5e-05,2.83566563
FINAL_REAL_MARK_PREMIUM_CLOSED_GUARD_2026_06_13,1782303300000,2026-06-24 12:15:00 UTC,MUSDT,1782303300000,2026-06-24 12:15:00 UTC,1782304199999,2026-06-24 12:29:59 UTC,True,2.8391,2.8508,2.8365,2.8508,0.011699999999999822,0.41210242682539605,52.60416181201887,2.83867241,2.8508,2.8365,2.8508,0.012127589999999966,0.42722752922377427,1782304199999,2026-06-24 12:29:59 UTC,0.0,0.0,0.00064131,0.00325369,0.00017019,0.00158808,0.00096364,154.32067132150408,1782304199999,2026-06-24 12:29:59 UTC,126,-417.0,-76.79558011049724,1692.0,-8699.0,-83.71667789433164,4807.6676,-24703.8451,-83.70917936714237,binance_kline_quote_asset_volume,13.428571428571429,38.15609206349206,0.01429999999999998,0.5036807438977133,0.011699999999999822,0.41210242682539605,0.011699999999999822,0.41210242682539605,0.0,0.0,0.0026000000000001577,18.181818181819313,1.0,970.0,722.0,57.328605200945624,42.671394799054376,2755.193,-17696.56,-86.52832840294913,2052.4745999999996,-7007.285099999999,-77.34515408835844,57.30830891886121,42.6916910811388,1.3434903047091413,1.3423761736198834,702.7184000000007,14.616617837722407,7244817.0,20565662.13339897,-487.0,-0.006721595118714135,-26235.347697511315,-0.12740616896328066,0.9608,0.013399999999999967,1.4143972978678454,49.0,51.0,1.6107,0.001000000000000112,0.06212337702678213,61.7,38.3,0.9798,0.0047000000000000375,0.48200184596452034,49.49,50.51,0.6499,0.019000000000000017,-0.6309,1782302400005,2026-06-24 12:00:00 UTC,5e-05,2.84210262
FINAL_REAL_MARK_PREMIUM_CLOSED_GUARD_2026_06_13,1782304200000,2026-06-24 12:30:00 UTC,MUSDT,1782304200000,2026-06-24 12:30:00 UTC,1782305099999,2026-06-24 12:44:59 UTC,True,2.8517,2.8522,2.8385,2.8461,-0.0047000000000001485,-0.16486600252561204,50.42221469227697,2.8508,2.8522,2.8418,2.845001,-0.00579900000000011,-0.2034165848183005,1782305099999,2026-06-24 12:44:59 UTC,0.0010989999999999611,0.03862916041154155,0.00167638,0.00214077,0.00014505,0.00088951,-0.0006985699999999999,-43.98833811898645,1782305099999,2026-06-24 12:44:59 UTC,237,111.0,88.09523809523809,5331.0,3639.0,215.0709219858156,15159.699,10352.0314,215.32335970981023,binance_kline_quote_asset_volume,22.49367088607595,63.964974683544305,0.013700000000000045,0.48041519093873986,-0.005600000000000271,-0.19637409264650107,0.005600000000000271,0.19637409264650107,0.0004999999999997229,3.6496350364943155,0.007600000000000051,55.474452554744715,0.5547445255474471,724.0,4607.0,13.580941661977114,86.41905833802288,2060.6793,-694.5137000000004,-25.207442817980457,13099.0197,11046.545100000001,538.2061780447858,13.59314126223746,86.40685873776253,0.15715215975689167,0.157315535604546,-11038.340400000001,-72.81371747552508,7244737.0,20653296.2396,-80.0,-0.0011042376915800633,87634.10620103031,0.4261185739247904,0.9592,-0.0015999999999999348,-0.16652789342214142,48.96,51.04,1.6107,0.0,0.0,61.7,38.3,0.9798,0.0,0.0,49.49,50.51,0.6515,0.02059999999999995,-0.6309,1782302400005,2026-06-24 12:00:00 UTC,5e-05,2.84210262
FINAL_REAL_MARK_PREMIUM_CLOSED_GUARD_2026_06_13,1782305100000,2026-06-24 12:45:00 UTC,MUSDT,1782305100000,2026-06-24 12:45:00 UTC,1782305999999,2026-06-24 12:59:59 UTC,True,2.8438,2.8483,2.8385,2.843,-0.0030999999999998806,-0.10892097958609609,48.979156202043,2.845001,2.8468,2.83812533,2.8433,-0.0017009999999997305,-0.059789082675181154,1782305999999,2026-06-24 12:59:59 UTC,-0.000300000000000189,-0.010551120177265465,0.00088951,0.00265489,0.0,0.00110552,0.00021601,24.28415644568358,1782305999999,2026-06-24 12:59:59 UTC,174,-63.0,-26.582278481012654,1522.0,-3809.0,-71.45000937910336,4327.0228,-10832.676200000002,-71.45706652882753,binance_kline_quote_asset_volume,8.74712643678161,24.86794712643678,0.009800000000000253,0.3446093255503289,-0.0007999999999999119,-0.02813137351430874,0.0007999999999999119,0.02813137351430874,0.0045000000000001705,45.918367346939334,0.0045000000000001705,45.918367346939334,0.4591836734693933,789.0,733.0,51.83968462549278,48.16031537450723,2243.4764,182.79710000000023,8.870720446408145,2083.5463999999997,-11015.473300000001,-84.0938753607646,51.84803740807652,48.15196259192348,1.0763983628922238,1.0767585497496002,159.9300000000003,3.696074816153044,7246257.0,20615608.411257,1520.0,0.020980747817346577,-37687.82834300026,-0.1824785153216307,0.967,0.007799999999999918,0.8131776480400248,49.16,50.839999999999996,1.6103,-0.00039999999999995595,-0.02483392313900515,61.69,38.31,0.9861,0.006299999999999972,0.6429883649724405,49.65,50.349999999999994,0.6433000000000001,0.019100000000000006,-0.6242000000000001,1782302400005,2026-06-24 12:00:00 UTC,5e-05,2.84210262
FINAL_REAL_MARK_PREMIUM_CLOSED_GUARD_2026_06_13,1782306000000,2026-06-24 13:00:00 UTC,MUSDT,1782306000000,2026-06-24 13:00:00 UTC,1782306899999,2026-06-24 13:14:59 UTC,True,2.8431,2.8586,2.842,2.8473,0.0043000000000001926,0.15124868097081226,51.07095635041086,2.8433,2.85731281,2.842,2.84675233,0.0034523300000000035,0.12141982907185325,1782306899999,2026-06-24 13:14:59 UTC,0.0005476700000000001,0.01923841404215168,0.00110612,0.00362242,0.0,0.00052497,-0.00058055,-52.51374918590347,1782306899999,2026-06-24 13:14:59 UTC,352,178.0,102.29885057471265,8124.0,6602.0,433.7713534822602,23153.7508,18826.728000000003,435.0965749475598,binance_kline_quote_asset_volume,23.079545454545453,65.77770113636365,0.016599999999999948,0.5838697196721869,0.0041999999999999815,0.1477260736519989,0.0041999999999999815,0.1477260736519989,0.011299999999999866,68.07228915662591,0.001100000000000101,6.626506024097015,0.3192771084337409,2461.0,5663.0,30.292959133431808,69.70704086656819,7017.3984,4773.9220000000005,212.7912734005136,16136.352400000002,14052.806000000002,674.465709043005,30.307825546779227,69.69217445322077,0.434575313438107,0.4348813304300419,-9118.954000000002,-39.384348906441545,7246472.0,20603893.8376,215.0,0.0029670490571891118,-11714.573656998575,-0.05682380758940842,0.9627,-0.0042999999999999705,-0.4446742502585285,49.05,50.949999999999996,1.6102,-9.999999999998899e-05,-0.006210022977084331,61.69,38.31,0.9841,-0.0020000000000000018,-0.20281918669506155,49.6,50.4,0.6475000000000001,0.021399999999999975,-0.6261000000000001,1782302400005,2026-06-24 12:00:00 UTC,5e-05,2.84210262
FINAL_REAL_MARK_PREMIUM_CLOSED_GUARD_2026_06_13,1782306900000,2026-06-24 13:15:00 UTC,MUSDT,1782306900000,2026-06-24 13:15:00 UTC,1782307799999,2026-06-24 13:29:59 UTC,True,2.8467,2.8478,2.8279,2.8325,-0.014800000000000146,-0.5197906788887768,44.333681125990765,2.84675233,2.84756807,2.82634615,2.83148267,-0.015269659999999963,-0.5363887767503808,1782307799999,2026-06-24 13:29:59 UTC,0.0010173299999998164,0.03592923279307291,0.00052022,0.00198662,0.0,0.00189276,0.00136779,260.54631693239617,1782307799999,2026-06-24 13:29:59 UTC,305,-47.0,-13.352272727272727,11707.0,3583.0,44.10388970950271,33227.5297,10073.778899999998,43.50819436132135,binance_kline_quote_asset_volume,38.38360655737705,108.94272032786886,0.019899999999999807,0.6990550461938317,-0.014199999999999768,-0.4988231987915751,0.014199999999999768,0.4988231987915751,0.001100000000000101,5.527638190955335,0.0045999999999999375,23.11557788944715,0.23115577889447148,2033.0,9674.0,17.365678653796873,82.63432134620312,5766.6478,-1250.7506000000003,-17.823565496865623,27460.8819,11324.529499999999,70.18023168606554,17.355030157417932,82.64496984258207,0.2101509199917304,0.20999499655544565,-21694.2341,-65.28993968516414,7244033.0,20621967.82134689,-2439.0,-0.033657757871692597,18073.98374688998,0.0877212040080832,0.9658,0.0030999999999999917,0.3220110106990747,49.13,50.870000000000005,1.6099,-0.00029999999999996696,-0.018631225934664448,61.68,38.32,0.9881,0.0040000000000000036,0.4064627578498124,49.7,50.3,0.6441000000000001,0.022299999999999986,-0.6218000000000001,1782302400005,2026-06-24 12:00:00 UTC,5e-05,2.84210262
FINAL_REAL_MARK_PREMIUM_CLOSED_GUARD_2026_06_13,1782307800000,2026-06-24 13:30:00 UTC,MUSDT,1782307800000,2026-06-24 13:30:00 UTC,1782308699999,2026-06-24 13:44:59 UTC,True,2.8325,2.8464,2.8275,2.8306,-0.0019000000000000128,-0.06707855251544617,43.539588456000345,2.83148267,2.84575084,2.8275,2.8306,-0.0008826700000001964,-0.03117342053166076,1782308699999,2026-06-24 13:44:59 UTC,0.0,0.0,0.00180402,0.00390947,0.0,0.00083262,-0.0010601400000000002,-56.010270715780145,1782308699999,2026-06-24 13:44:59 UTC,457,152.0,49.8360655737705,9162.0,-2545.0,-21.73913043478261,25977.4233,-7250.106400000001,-21.819576915463568,binance_kline_quote_asset_volume,20.048140043763677,56.843377024070016,0.018899999999999917,0.6672550750220624,-0.0019000000000000128,-0.06707855251544617,0.0019000000000000128,0.06707855251544617,0.013900000000000023,73.54497354497398,0.0030999999999998806,16.402116402115844,0.16402116402115843,5049.0,4113.0,55.10805500982319,44.89194499017682,14325.7281,8559.080300000001,148.42384339823914,11651.695199999998,-15809.186700000002,-57.56984337782684,55.14684014099274,44.853159859007256,1.2275711159737417,1.2294973267065896,2674.032900000002,10.293680281985482,7243227.0,20509071.72537609,-806.0,-0.011126398789182767,-112896.09597080201,-0.5474554947852128,0.965,-0.0008000000000000229,-0.08283288465521049,49.11,50.89,1.6122,0.0022999999999999687,0.14286601652276343,61.72,38.279999999999994,0.9893,0.0011999999999999789,0.12144519785446603,49.730000000000004,50.27,0.6472000000000001,0.02429999999999999,-0.6229000000000001,1782302400005,2026-06-24 12:00:00 UTC,5e-05,2.84210262
FINAL_REAL_MARK_PREMIUM_CLOSED_GUARD_2026_06_13,1782308700000,2026-06-24 13:45:00 UTC,MUSDT,1782308700000,2026-06-24 13:45:00 UTC,1782309599999,2026-06-24 13:59:59 UTC,True,2.8319,2.8425,2.8248,2.8338,0.0032000000000000917,0.11305023669893632,45.316139227593766,2.8306,2.84083415,2.8248,2.8338,0.0032000000000000917,0.11305023669893632,1782309599999,2026-06-24 13:59:59 UTC,0.0,0.0,0.00083616,0.00301599,0.0,0.00206865,0.00123603,148.4506737767529,1782309599999,2026-06-24 13:59:59 UTC,329,-128.0,-28.00875273522976,6112.0,-3050.0,-33.289674743505785,17301.6188,-8675.804499999998,-33.39747903326501,binance_kline_quote_asset_volume,18.577507598784194,52.58850699088146,0.017699999999999605,0.6250220699883331,0.0019000000000000128,0.06709276457502075,0.0019000000000000128,0.06709276457502075,0.008699999999999708,49.1525423728808,0.007099999999999884,40.112994350282726,0.508474576271192,2439.0,3673.0,39.90510471204188,60.09489528795812,6908.2787,-7417.4494,-51.777119796096095,10393.340100000001,-1258.355099999997,-10.79975984953672,39.928510620058276,60.071489379941724,0.6640348488973591,0.6646832138207427,-3485.0614000000014,-20.142978759883448,7243353.0,20503035.0018,126.0,0.0017395561398255224,-6036.723576087505,-0.029434406670966994,0.9693,0.0043000000000000815,0.44559585492228826,49.220000000000006,50.78,1.6123,9.999999999998899e-05,0.006202704379108608,61.72,38.279999999999994,0.9924,0.0030999999999999917,0.31335287577074616,49.81,50.19,0.643,0.0230999999999999,-0.6199000000000001,1782302400005,2026-06-24 12:00:00 UTC,5e-05,2.84210262
FINAL_REAL_MARK_PREMIUM_CLOSED_GUARD_2026_06_13,1782309600000,2026-06-24 14:00:00 UTC,MUSDT,1782309600000,2026-06-24 14:00:00 UTC,1782310499999,2026-06-24 14:14:59 UTC,True,2.8342,2.836,2.8,2.8183,-0.015500000000000291,-0.5469687345613766,38.926891691966894,2.8338,2.83441613,2.80631176,2.8183,-0.015500000000000291,-0.5469687345613766,1782310499999,2026-06-24 14:14:59 UTC,0.0,0.0,0.00111774,0.00304013,-0.00010648,0.00067201,-0.00139664,-67.51456263746888,1782310499999,2026-06-24 14:14:59 UTC,874,545.0,165.6534954407295,19476.0,13364.0,218.65183246073298,54841.1588,37539.53999999999,216.9712582038855,binance_kline_quote_asset_volume,22.283752860411898,62.74732128146453,0.03600000000000003,1.27019970362007,-0.015900000000000247,-0.5610048690988726,0.015900000000000247,0.5610048690988726,0.0017999999999998018,4.999999999999445,0.018299999999999983,50.83333333333324,0.5083333333333324,5272.0,14204.0,27.06921339084001,72.93078660916,14866.9726,7958.693899999999,115.2051653619591,39974.1862,29580.846099999995,284.6134718520372,27.109151092554956,72.89084890744503,0.3711630526612222,0.3719143280520368,-25107.213599999995,-45.78169781489008,7244011.0,20528078.3718,658.0,0.009084190705602778,25043.370000001043,0.12214469710363582,0.9693,0.0,0.0,49.220000000000006,50.78,1.6122,-9.999999999998899e-05,-0.006202319667554983,61.72,38.279999999999994,0.9893,-0.0030999999999999917,-0.312374042724707,49.730000000000004,50.27,0.6429,0.019999999999999907,-0.6229000000000001,1782302400005,2026-06-24 12:00:00 UTC,5e-05,2.84210262
FINAL_REAL_MARK_PREMIUM_CLOSED_GUARD_2026_06_13,1782310500000,2026-06-24 14:15:00 UTC,MUSDT,1782310500000,2026-06-24 14:15:00 UTC,1782311399999,2026-06-24 14:29:59 UTC,True,2.8185,2.8185,2.8069,2.8107,-0.007599999999999607,-0.2696661107759858,36.229605701662805,2.8183,2.8183,2.8079644,2.8107,-0.007599999999999607,-0.2696661107759858,1782311399999,2026-06-24 14:29:59 UTC,0.0,0.0,0.00048156,0.00145387,0.0,0.0,-0.00067201,-100.0,1782311399999,2026-06-24 14:29:59 UTC,323,-551.0,-63.04347826086957,9205.0,-10271.0,-52.73670158143355,25876.0833,-28965.0755,-52.81630828705246,binance_kline_quote_asset_volume,28.4984520123839,80.11171300309597,0.01159999999999961,0.41156643604752924,-0.007799999999999585,-0.27674294837678143,0.007799999999999585,0.27674294837678143,0.0,0.0,0.0038000000000000256,32.758620689656496,0.3275862068965649,6856.0,2349.0,74.48126018468224,25.518739815317765,19269.679,4402.706400000001,29.614007629233146,6606.404299999998,-33367.7819,-83.47332384217493,74.46907160018303,25.530928399816982,2.918688803746275,2.916818003403153,12663.274700000002,48.93814320036604,7250672.0,20434568.8976,6661.0,0.0919518206142978,-93509.47420000285,-0.45551986165670255,0.9861,0.016799999999999926,1.733209532652422,49.65,50.349999999999994,1.6138,0.0015999999999998238,0.09924327006573773,61.739999999999995,38.26,1.0048,0.015499999999999958,1.5667643788537307,50.12,49.88,0.6276999999999999,0.01869999999999994,-0.609,1782302400005,2026-06-24 12:00:00 UTC,5e-05,2.84210262
FINAL_REAL_MARK_PREMIUM_CLOSED_GUARD_2026_06_13,1782311400000,2026-06-24 14:30:00 UTC,MUSDT,1782311400000,2026-06-24 14:30:00 UTC,1782312299999,2026-06-24 14:44:59 UTC,True,2.812,2.8233,2.8076,2.8116,0.0008999999999996788,0.03202049311558255,36.78819047539,2.8107,2.8232,2.80808467,2.8116,0.0008999999999996788,0.03202049311558255,1782312299999,2026-06-24 14:44:59 UTC,0.0,0.0,0.0,0.00208346,0.0,0.0,0.0,,1782312299999,2026-06-24 14:44:59 UTC,216,-107.0,-33.126934984520126,2821.0,-6384.0,-69.35361216730038,7943.2902,-17932.7931,-69.30257911173133,binance_kline_quote_asset_volume,13.060185185185185,36.77449166666667,0.01570000000000027,0.5583214793741206,-0.00039999999999995595,-0.014224751066854764,0.00039999999999995595,0.014224751066854764,0.01130000000000031,71.97452229299437,0.0040000000000000036,25.47770700636901,0.2547770700636901,1557.0,1264.0,55.193193902871315,44.80680609712868,4384.8553,-14884.8237,-77.24479323189556,3558.4349,-3047.969399999998,-46.13658597915358,55.20200306920676,44.79799693079324,1.2318037974683544,1.2322426637620938,826.4204,10.404006138413525,7254892.0,20391324.9444,4220.0,0.05820150187458487,-43243.953199997544,-0.21162155862792126,0.9829,-0.0031999999999999806,-0.3245106987120962,49.57,50.43,1.6118,-0.0020000000000000018,-0.12393109431156289,61.71,38.29,1.0036,-0.0011999999999998678,-0.11942675159234355,50.09,49.91,0.6288999999999999,0.02070000000000005,-0.6081999999999999,1782302400005,2026-06-24 12:00:00 UTC,5e-05,2.84210262
FINAL_REAL_MARK_PREMIUM_CLOSED_GUARD_2026_06_13,1782312300000,2026-06-24 14:45:00 UTC,MUSDT,1782312300000,2026-06-24 14:45:00 UTC,1782313199999,2026-06-24 14:59:59 UTC,True,2.8121,2.8333,2.809,2.827,0.01540000000000008,0.5477308294209732,45.57326008790253,2.8116,2.8297,2.8116,2.827,0.01540000000000008,0.5477308294209732,1782313199999,2026-06-24 14:59:59 UTC,0.0,0.0,0.0,0.0032188,0.0,0.00173759,0.00173759,,1782313199999,2026-06-24 14:59:59 UTC,480,264.0,122.22222222222223,19517.0,16696.0,591.8468628146048,55083.9753,47140.685099999995,593.4654773156846,binance_kline_quote_asset_volume,40.66041666666667,114.758281875,0.024299999999999766,0.8641228974787443,0.014899999999999913,0.5298531346680386,0.014899999999999913,0.5298531346680386,0.006299999999999972,25.925925925926062,0.0030999999999998806,12.757201646090166,0.7407407407407394,6617.0,12900.0,33.90377619511195,66.09622380488804,18646.5032,14261.6479,325.2478570957632,36437.4721,32879.0372,923.9746721234102,33.85104850992844,66.14895149007157,0.5129457364341086,0.5117397592463611,-17790.9689,-32.29790298014312,7254681.0,20397261.0996,-211.0,-0.0029083823715087696,5936.155199997127,0.029111179465694078,0.9829,0.0,0.0,49.57,50.43,1.6119,0.00010000000000021103,0.0062042437027057355,61.71,38.29,1.0012,-0.0023999999999999577,-0.23913909924272195,50.029999999999994,49.97,0.6290000000000001,0.018300000000000094,-0.6107,1782302400005,2026-06-24 12:00:00 UTC,5e-05,2.84210262
FINAL_REAL_MARK_PREMIUM_CLOSED_GUARD_2026_06_13,1782313200000,2026-06-24 15:00:00 UTC,MUSDT,1782313200000,2026-06-24 15:00:00 UTC,1782314099999,2026-06-24 15:14:59 UTC,True,2.8264,2.8373,2.8189,2.8244,-0.0026000000000001577,-0.09197028652282128,44.4500612167189,2.827,2.83408439,2.8189,2.82300667,-0.003993330000000128,-0.14125680933852594,1782314099999,2026-06-24 15:14:59 UTC,0.0013933299999999704,0.049356241868177046,0.00164746,0.00247793,0.0,0.00012272,-0.00161487,-92.9373442526718,1782314099999,2026-06-24 15:14:59 UTC,349,-131.0,-27.291666666666664,5377.0,-14140.0,-72.44965927140441,15196.4645,-39887.5108,-72.41218627153077,binance_kline_quote_asset_volume,15.406876790830946,43.542878223495705,0.01839999999999975,0.6510048117746868,-0.002000000000000224,-0.07076139258421398,0.002000000000000224,0.07076139258421398,0.01089999999999991,59.23913043478293,0.005499999999999616,29.89130434782441,0.2989130434782441,2525.0,2852.0,46.959270968941794,53.040729031058206,7138.7523,-11507.7509,-61.715329553049926,8057.7122,-28379.759899999997,-77.88619315333897,46.97640230726035,53.023597692739656,0.885343618513324,0.8859527521968332,-918.9598999999998,-6.047195385479299,7247611.0,20488996.297,-7070.0,-0.09745431949385507,91735.19739999995,0.44974272257464465,0.9829,0.0,0.0,49.57,50.43,1.6161,0.0041999999999999815,0.26056206960729456,61.78,38.22,0.9924,-0.008800000000000141,-0.8789452656811966,49.81,50.19,0.6332000000000001,0.009499999999999953,-0.6237000000000001,1782302400005,2026-06-24 12:00:00 UTC,5e-05,2.84210262
FINAL_REAL_MARK_PREMIUM_CLOSED_GUARD_2026_06_13,1782314100000,2026-06-24 15:15:00 UTC,MUSDT,1782314100000,2026-06-24 15:15:00 UTC,1782314999999,2026-06-24 15:29:59 UTC,True,2.8224,2.8314,2.8169,2.8308,0.006400000000000183,0.2265967993202161,47.85677581997142,2.82300667,2.8314,2.81604827,2.8308,0.007793330000000154,0.2760648808527312,1782314999999,2026-06-24 15:29:59 UTC,0.0,0.0,0.0,0.00325919,0.0,0.0028884,0.0027656800000000004,2253.6505867014343,1782314999999,2026-06-24 15:29:59 UTC,151,-198.0,-56.73352435530086,1928.0,-3449.0,-64.14357448391296,5440.6526,-9755.8119,-64.197905374635,binance_kline_quote_asset_volume,12.7682119205298,36.03081192052981,0.014499999999999957,0.5137471655328782,0.008399999999999963,0.2976190476190463,0.008399999999999963,0.2976190476190463,0.0005999999999999339,4.137931034482315,0.00550000000000006,37.931034482759145,0.9586206896551769,1232.0,696.0,63.90041493775933,36.09958506224066,3477.2388,-3661.5135,-51.29066461656051,1963.4138000000003,-6094.2984,-75.63311084751822,63.91216377241216,36.08783622758785,1.7701149425287357,1.7710167871897404,1513.8249999999998,27.824327544824307,7248657.0,20463007.05954219,1046.0,0.014432341912390165,-25989.237457808107,-0.12684485409182028,0.9802,-0.0027000000000000357,-0.274697324244586,49.5,50.5,1.6155,-0.000600000000000156,-0.03712641544459848,61.77,38.23,0.9893,-0.0030999999999999917,-0.312374042724707,49.730000000000004,50.27,0.6353,0.009099999999999997,-0.6262,1782302400005,2026-06-24 12:00:00 UTC,5e-05,2.84210262
FINAL_REAL_MARK_PREMIUM_CLOSED_GUARD_2026_06_13,1782315000000,2026-06-24 15:30:00 UTC,MUSDT,1782315000000,2026-06-24 15:30:00 UTC,1782315899999,2026-06-24 15:44:59 UTC,True,2.83,2.8329,2.8004,2.8038,-0.027000000000000135,-0.9537939805002168,37.428301795953985,2.8308,2.83149003,2.80232252,2.80275211,-0.028047889999999853,-0.9908114313974796,1782315899999,2026-06-24 15:44:59 UTC,0.0010478899999997182,0.0373878944292265,0.00171817,0.00280381,-0.00018229,0.0,-0.0028884,-100.0,1782315899999,2026-06-24 15:44:59 UTC,606,455.0,301.3245033112583,12693.0,10765.0,558.350622406639,35695.5522,30254.899599999997,556.0895323476451,binance_kline_quote_asset_volume,20.945544554455445,58.90355148514851,0.032500000000000195,1.14840989399294,-0.026200000000000223,-0.9257950530035414,0.026200000000000223,0.9257950530035414,0.0028999999999999027,8.92307692307657,0.0034000000000000696,10.461538461538613,0.10461538461538612,3707.0,8986.0,29.205073662648708,70.7949263373513,10432.5652,6955.326399999999,200.02441017280722,25262.987,23299.5732,1186.686841052049,29.226512988360493,70.77348701163952,0.41253060316047185,0.4129584993255152,-14830.421800000002,-41.54697402327902,7248440.0,20518883.952,-217.0,-0.0029936579976125232,55876.8924578093,0.27306295841672557,0.9814,0.0012000000000000899,0.12242399510304937,49.53,50.470000000000006,1.6155,0.0,0.0,61.77,38.23,0.992,0.0027000000000000357,0.27292024663904135,49.8,50.2,0.6340999999999999,0.010599999999999943,-0.6234999999999999,1782302400005,2026-06-24 12:00:00 UTC,5e-05,2.84210262
FINAL_REAL_MARK_PREMIUM_CLOSED_GUARD_2026_06_13,1782315900000,2026-06-24 15:45:00 UTC,MUSDT,1782315900000,2026-06-24 15:45:00 UTC,1782316799999,2026-06-24 15:59:59 UTC,True,2.803,2.8227,2.8001,2.8117,0.00790000000000024,0.28176046793638065,41.44863771470067,2.80275211,2.81968157,2.80177772,2.8118,0.009047889999999725,0.322821628345852,1782316799999,2026-06-24 15:59:59 UTC,-9.999999999976694e-05,-0.003556440714125007,0.0,0.00200881,0.0,0.00019594,0.00019594,,1782316799999,2026-06-24 15:59:59 UTC,566,-40.0,-6.6006600660066,15621.0,2928.0,23.067832663672892,43952.4529,8256.900699999998,23.13145529655092,binance_kline_quote_asset_volume,27.598939929328623,77.65451042402826,0.022600000000000176,0.8062789867998635,0.008700000000000152,0.3103817338565877,0.008700000000000152,0.3103817338565877,0.01100000000000012,48.672566371681576,0.0028999999999999027,12.831858407079116,0.5132743362831843,12298.0,3323.0,78.72735420267588,21.272645797324117,34612.0712,24179.506,231.76951724202982,9340.381699999998,-15922.605300000003,-63.027405666637925,78.74889549110921,21.251104508890787,3.7008727053866988,3.7056377685293103,25271.6895,57.49779098221843,7247468.0,20312856.22915748,-972.0,-0.013409781966878389,-206027.72284251824,-1.0040883477117013,0.9845,0.0030999999999999917,0.3158752802119412,49.61,50.39,1.6146,-0.0008999999999999009,-0.0557103064066791,61.75000000000001,38.25,1.0,0.008000000000000007,0.8064516129032264,50.0,50.0,0.6301,0.015499999999999958,-0.6146,1782302400005,2026-06-24 12:00:00 UTC,5e-05,2.84210262
FINAL_REAL_MARK_PREMIUM_CLOSED_GUARD_2026_06_13,1782316800000,2026-06-24 16:00:00 UTC,MUSDT,1782316800000,2026-06-24 16:00:00 UTC,1782317699999,2026-06-24 16:14:59 UTC,True,2.8118,2.8329,2.8071,2.823,0.011299999999999866,0.4018920937511067,46.72178720812246,2.8118,2.83093764,2.80719714,2.823,0.011200000000000099,0.3983213599829326,1782317699999,2026-06-24 16:14:59 UTC,0.0,0.0,0.00021912,0.00411667,0.0,0.0004033,0.00020736,105.8283147902419,1782317699999,2026-06-24 16:14:59 UTC,359,-207.0,-36.57243816254417,4901.0,-10720.0,-68.62556814544524,13815.4331,-30137.019799999995,-68.56732175691609,binance_kline_quote_asset_volume,13.651810584958218,38.483100557103064,0.025799999999999823,0.9175617042463841,0.011200000000000099,0.3983213599829326,0.011200000000000099,0.3983213599829326,0.00990000000000002,38.372093023256156,0.004699999999999704,18.217054263564872,0.6162790697674384,1500.0,3401.0,30.605998775760053,69.39400122423996,4231.7002,-30380.371,-87.77391801967632,9583.732899999999,243.35120000000097,2.6053667592621084,30.63023916347581,69.36976083652418,0.4410467509556013,0.4415503065616531,-5352.032699999999,-38.73952167304837,7246367.0,20374610.0939,-1101.0,-0.015191512401296564,61753.86474251747,0.3040136948041543,0.9635,-0.02100000000000002,-2.133062468258001,49.07,50.93,1.6116,-0.0030000000000001137,-0.18580453363062763,61.71,38.29,0.981,-0.019000000000000017,-1.9000000000000017,49.519999999999996,50.480000000000004,0.6480999999999999,0.01749999999999996,-0.6305999999999999,1782302400005,2026-06-24 12:00:00 UTC,5e-05,2.84210262
FINAL_REAL_MARK_PREMIUM_CLOSED_GUARD_2026_06_13,1782317700000,2026-06-24 16:15:00 UTC,MUSDT,1782317700000,2026-06-24 16:15:00 UTC,1782318599999,2026-06-24 16:29:59 UTC,True,2.8229,2.823,2.8168,2.82,-0.0030000000000001137,-0.1062699256110561,45.54894681737347,2.823,2.823,2.8171,2.819538,-0.003461999999999854,-0.12263549415514892,1782318599999,2026-06-24 16:29:59 UTC,0.0004619999999997404,0.016385663183108023,0.00034967,0.00186046,0.0,0.00055918,0.00015588000000000006,38.65112819241261,1782318599999,2026-06-24 16:29:59 UTC,332,-27.0,-7.520891364902507,4342.0,-559.0,-11.405835543766578,12247.5835,-1567.8495999999996,-11.34853745555034,binance_kline_quote_asset_volume,13.078313253012048,36.890311746987955,0.006199999999999761,0.21963229303197992,-0.0029000000000003467,-0.10273123383755522,0.0029000000000003467,0.10273123383755522,9.999999999976694e-05,1.612903225802755,0.0031999999999996476,51.612903225802754,0.5161290322580275,1883.0,2459.0,43.36711192998618,56.63288807001382,5310.2503,1078.5500999999995,25.487393932112663,6937.333200000001,-2646.399699999998,-27.613454252256954,43.35753497822651,56.64246502177348,0.7657584383895892,0.7654598888229844,-1627.0829000000012,-13.284930043546966,7244500.0,20451223.5,-1867.0,-0.02576463488531564,76613.40610000119,0.3760239128352137,0.9612,-0.0022999999999999687,-0.23871302542812337,49.01,50.99,1.6116,0.0,0.0,61.71,38.29,0.9778,-0.0031999999999999806,-0.32619775739041595,49.44,50.56,0.6503999999999999,0.016599999999999948,-0.6337999999999999,1782316800003,2026-06-24 16:00:00 UTC,0.0001158,2.8118
FINAL_REAL_MARK_PREMIUM_CLOSED_GUARD_2026_06_13,1782318600000,2026-06-24 16:30:00 UTC,MUSDT,1782318600000,2026-06-24 16:30:00 UTC,1782319499999,2026-06-24 16:44:59 UTC,True,2.8194,2.827,2.8158,2.8165,-0.0034999999999998366,-0.12411347517729918,44.15629184243301,2.819538,2.82678927,2.8158,2.8165,-0.003038000000000096,-0.10774814881019856,1782319499999,2026-06-24 16:44:59 UTC,0.0,0.0,0.0,0.0015097,0.0,0.0,-0.00055918,-100.0,1782319499999,2026-06-24 16:44:59 UTC,176,-156.0,-46.98795180722892,1809.0,-2533.0,-58.337171810225705,5106.1722,-7141.411300000001,-58.308737392972255,binance_kline_quote_asset_volume,10.278409090909092,29.012342045454545,0.011200000000000099,0.39724764134213303,-0.0028999999999999027,-0.10285876427608366,0.0028999999999999027,0.10285876427608366,0.007600000000000051,67.85714285714272,0.000700000000000145,6.250000000001239,0.06250000000001239,1103.0,706.0,60.97291321171918,39.02708678828082,3114.2832,-2195.9671,-41.353363324512216,1991.8890000000001,-4945.444200000001,-71.2873961423678,60.99056353798644,39.00943646201356,1.5623229461756374,1.563482302477698,1122.3941999999997,21.98112707597287,7244647.0,20426557.513086,147.0,0.0020291255435157707,-24665.986914001405,-0.1206088570397825,0.9604,-0.0008000000000000229,-0.08322929671244515,48.99,51.01,1.611,-0.0005999999999999339,-0.0372300819061761,61.7,38.3,0.9802,0.0023999999999999577,0.2454489670689259,49.5,50.5,0.6506,0.01979999999999993,-0.6308,1782316800003,2026-06-24 16:00:00 UTC,0.0001158,2.8118
FINAL_REAL_MARK_PREMIUM_CLOSED_GUARD_2026_06_13,1782319500000,2026-06-24 16:45:00 UTC,MUSDT,1782319500000,2026-06-24 16:45:00 UTC,1782320399999,2026-06-24 16:59:59 UTC,True,2.8167,2.8175,2.8,2.8097,-0.006800000000000139,-0.2414344044026323,41.501361726979766,2.8165,2.81683873,2.80015253,2.8097,-0.006800000000000139,-0.2414344044026323,1782320399999,2026-06-24 16:59:59 UTC,0.0,0.0,0.0,0.00362407,0.0,0.00134618,0.00134618,,1782320399999,2026-06-24 16:59:59 UTC,575,399.0,226.70454545454547,11872.0,10063.0,556.2741846323936,33319.4356,28213.263399999996,552.5325487456141,binance_kline_quote_asset_volume,20.64695652173913,57.94684452173912,0.01750000000000007,0.6212944225512149,-0.007000000000000117,-0.24851776902048914,0.007000000000000117,0.24851776902048914,0.0007999999999999119,4.57142857142805,0.009700000000000042,55.42857142857144,0.5542857142857144,6737.0,5135.0,56.74696765498653,43.25303234501347,18919.6513,15805.368100000002,507.5122294594147,14399.784299999996,12407.895299999996,622.9210212014824,56.78262839482192,43.21737160517808,1.3119766309639727,1.3138843545038383,4519.867000000006,13.565256789643836,7244576.0,20404348.304,-71.0,-0.000980033947823821,-22209.209085997194,-0.10872712678956875,0.965,0.0045999999999999375,0.47896709704289225,49.11,50.89,1.6112,0.00019999999999997797,0.012414649286156298,61.7,38.3,0.9845,0.0043000000000000815,0.43868598245256907,49.61,50.39,0.6462,0.019500000000000073,-0.6266999999999999,1782316800003,2026-06-24 16:00:00 UTC,0.0001158,2.8118
FINAL_REAL_MARK_PREMIUM_CLOSED_GUARD_2026_06_13,1782320400000,2026-06-24 17:00:00 UTC,MUSDT,1782320400000,2026-06-24 17:00:00 UTC,1782321299999,2026-06-24 17:14:59 UTC,True,2.811,2.8206,2.7415,2.7542,-0.05549999999999988,-1.9752998540769438,27.152032557901336,2.8097,2.8164,2.74942057,2.7542,-0.05549999999999988,-1.9752998540769438,1782321299999,2026-06-24 17:14:59 UTC,0.0,0.0,0.00172404,0.00323436,-0.00191649,0.0,-0.00134618,-100.0,1782321299999,2026-06-24 17:14:59 UTC,3177,2602.0,452.52173913043475,58677.0,46805.0,394.2469676549865,162652.7602,129333.32459999999,388.1618108801339,binance_kline_quote_asset_volume,18.469310670443814,51.196965753855835,0.07910000000000039,2.8139452152259126,-0.05679999999999996,-2.020633226609746,0.05679999999999996,2.020633226609746,0.009600000000000275,12.136536030341627,0.012700000000000156,16.05562579013918,0.1605562579013918,22000.0,36677.0,37.49339604955945,62.50660395044054,61009.3316,42089.68029999999,222.46541245715235,101643.42859999998,87243.64429999999,605.8677163657237,37.50894330042854,62.49105669957146,0.599830956730376,0.6002289812565414,-40634.09699999999,-24.982113399142914,7245549.0,20357819.0253,973.0,0.013430737699487175,-46529.27870000154,-0.22803609312471934,0.9569,-0.008099999999999996,-0.8393782383419686,48.9,51.1,1.6106,-0.0005999999999999339,-0.03723932472690752,61.69,38.31,0.9755,-0.009000000000000008,-0.9141696292534289,49.38,50.62,0.6537000000000001,0.01860000000000006,-0.6351,1782316800003,2026-06-24 16:00:00 UTC,0.0001158,2.8118
FINAL_REAL_MARK_PREMIUM_CLOSED_GUARD_2026_06_13,1782321300000,2026-06-24 17:15:00 UTC,MUSDT,1782321300000,2026-06-24 17:15:00 UTC,1782322199999,2026-06-24 17:29:59 UTC,True,2.7559,2.7838,2.7557,2.7717,0.01750000000000007,0.6353932176312567,34.806315733621645,2.7542,2.7822,2.7542,2.7713,0.017100000000000115,0.620869944085401,1782322199999,2026-06-24 17:29:59 UTC,0.00039999999999995595,0.014433659293470787,0.00116219,0.00470158,0.0,0.0,0.0,,1782322199999,2026-06-24 17:29:59 UTC,875,-2302.0,-72.45829398803903,21486.0,-37191.0,-63.38258602178025,59573.8275,-103078.93269999999,-63.37361417860525,binance_kline_quote_asset_volume,24.55542857142857,68.08437428571429,0.028099999999999792,1.0196306106897852,0.015800000000000036,0.5733154323451517,0.015800000000000036,0.5733154323451517,0.012099999999999778,43.0604982206401,0.00019999999999997797,0.7117437722419198,0.569395017793599,14814.0,6672.0,68.94722144652332,31.052778553476685,41065.9998,-19943.3318,-32.688985892774475,18507.8277,-83135.60089999999,-81.79141735484512,68.93295516390985,31.067044836090147,2.2203237410071943,2.2188449377016837,22558.172099999996,37.865910327819705,7247373.0,19960714.7166,1824.0,0.025174075836075362,-397104.308699999,-1.9506230417241226,0.9972,0.0403,4.211516354896019,49.93,50.07,1.6109,0.00029999999999996696,0.01862659878306016,61.7,38.3,1.0194,0.04390000000000005,4.500256278831373,50.480000000000004,49.519999999999996,0.6137,0.02220000000000011,-0.5914999999999999,1782316800003,2026-06-24 16:00:00 UTC,0.0001158,2.8118
FINAL_REAL_MARK_PREMIUM_CLOSED_GUARD_2026_06_13,1782322200000,2026-06-24 17:30:00 UTC,MUSDT,1782322200000,2026-06-24 17:30:00 UTC,1782323099999,2026-06-24 17:44:59 UTC,True,2.7713,2.7791,2.7514,2.7616,-0.010099999999999998,-0.3643973012952339,32.67258971059002,2.7713,2.77680908,2.757,2.7616,-0.009700000000000042,-0.35001623786670666,1782323099999,2026-06-24 17:44:59 UTC,0.0,0.0,0.0,0.0009546,0.0,0.0,0.0,,1782323099999,2026-06-24 17:44:59 UTC,875,0.0,0.0,12269.0,-9217.0,-42.897700828446425,33906.7084,-25667.119099999996,-43.08455604938259,binance_kline_quote_asset_volume,14.021714285714285,38.75052388571429,0.02770000000000028,0.9995309060729722,-0.009700000000000042,-0.35001623786670666,0.009700000000000042,0.35001623786670666,0.007800000000000029,28.158844765342785,0.010200000000000209,36.823104693141175,0.3682310469314118,4561.0,7708.0,37.17499388703236,62.82500611296764,12620.9005,-28445.099299999998,-69.26678867806355,21285.807900000003,2777.980200000002,15.009758276494011,37.22242911671131,62.77757088328869,0.5917228853139596,0.5929256037305494,-8664.907400000004,-25.55514176657739,7248469.0,20087682.1397,1096.0,0.015122721019050628,126967.42309999838,0.6360865575339745,0.9853,-0.011900000000000022,-1.1933413557962316,49.63,50.370000000000005,1.6093,-0.0016000000000000458,-0.09932335961264174,61.68,38.32,1.0129,-0.006500000000000172,-0.6376299784186945,50.32,49.68,0.624,0.027599999999999958,-0.5964,1782316800003,2026-06-24 16:00:00 UTC,0.0001158,2.8118
FINAL_REAL_MARK_PREMIUM_CLOSED_GUARD_2026_06_13,1782323100000,2026-06-24 17:45:00 UTC,MUSDT,1782323100000,2026-06-24 17:45:00 UTC,1782323999999,2026-06-24 17:59:59 UTC,True,2.7618,2.7786,2.7537,2.7786,0.016999999999999904,0.6155851680185365,39.40582381949987,2.7616,2.7786,2.75639587,2.7786,0.016999999999999904,0.6155851680185365,1782323999999,2026-06-24 17:59:59 UTC,0.0,0.0,0.0,0.00347101,0.0,0.00292221,0.00292221,,1782323999999,2026-06-24 17:59:59 UTC,510,-365.0,-41.714285714285715,7083.0,-5186.0,-42.26913358871954,19585.3566,-14321.351800000004,-42.23751722240311,binance_kline_quote_asset_volume,13.888235294117647,38.40266,0.024900000000000144,0.9015859222246413,0.016799999999999926,0.6082989354768602,0.016799999999999926,0.6082989354768602,0.0,0.0,0.008100000000000218,32.5301204819284,1.0,3695.0,3388.0,52.16716080756741,47.83283919243259,10213.1356,-2407.7649,-19.077599890752648,9372.221,-11913.586900000004,-55.96962518862158,52.14679420235831,47.85320579764169,1.0906139315230223,1.0897241539652127,840.9146000000001,4.293588404716614,7249010.0,20018866.016,541.0,0.007463645081464789,-68816.12370000035,-0.34257871675496393,0.9889,0.0036000000000000476,0.3653709530092406,49.72,50.28,1.6087,-0.0005999999999999339,-0.037283290871803515,61.67,38.33,1.0157,0.0028000000000001357,0.27643400138218344,50.39,49.61,0.6198,0.026800000000000046,-0.593,1782316800003,2026-06-24 16:00:00 UTC,0.0001158,2.8118
FINAL_REAL_MARK_PREMIUM_CLOSED_GUARD_2026_06_13,1782324000000,2026-06-24 18:00:00 UTC,MUSDT,1782324000000,2026-06-24 18:00:00 UTC,1782324899999,2026-06-24 18:14:59 UTC,True,2.7793,2.7849,2.6489,2.7136,-0.06499999999999995,-2.3393075649607695,27.911862326332255,2.7786,2.78150727,2.6569,2.71347642,-0.06512357999999985,-2.3437551284819635,1782324899999,2026-06-24 18:14:59 UTC,0.000123579999999901,0.0045543052848751485,0.00292381,0.00295755,-0.00754273,0.0,-0.00292221,-100.0,1782324899999,2026-06-24 18:14:59 UTC,8339,7829.0,1535.0980392156864,202926.0,195843.0,2764.9724692926725,548417.8459,528832.4893,2700.142254749653,binance_kline_quote_asset_volume,24.33457249070632,65.76542102170524,0.13600000000000012,4.893318461483111,-0.06570000000000009,-2.3639045802900043,0.06570000000000009,2.3639045802900043,0.005599999999999827,4.117647058823399,0.0647000000000002,47.57352941176482,0.47573529411764814,75552.0,127374.0,37.23130599331776,62.76869400668224,204078.3588,193865.22319999998,1898.1949402493,344339.48709999997,334967.26609999995,3574.0436135682244,37.21220239744208,62.78779760255793,0.5931508785152386,0.5926661519964842,-140261.12829999998,-25.575595205115842,7248422.0,20140465.3692,-588.0,-0.008111452460404938,121599.35319999978,0.6074237826598768,0.9798,-0.009099999999999997,-0.9202143796137119,49.49,50.51,1.6085,-0.00019999999999997797,-0.01243239883135314,61.660000000000004,38.34,1.0064,-0.009300000000000086,-0.9156246923304209,50.160000000000004,49.84,0.6287,0.026599999999999957,-0.6021000000000001,1782316800003,2026-06-24 16:00:00 UTC,0.0001158,2.8118
FINAL_REAL_MARK_PREMIUM_CLOSED_GUARD_2026_06_13,1782324900000,2026-06-24 18:15:00 UTC,MUSDT,1782324900000,2026-06-24 18:15:00 UTC,1782325799999,2026-06-24 18:29:59 UTC,True,2.7136,2.7413,2.6995,2.7054,-0.008199999999999985,-0.3021816037735844,26.847950482137207,2.7135,2.73849637,2.7034,2.7034,-0.010076420000000308,-0.37134724760203763,1782325799999,2026-06-24 18:29:59 UTC,0.002000000000000224,0.07398091292447377,0.0,0.00285646,-0.00134161,-0.00134161,-0.00134161,,1782325799999,2026-06-24 18:29:59 UTC,1475,-6864.0,-82.31202782108167,38383.0,-164543.0,-81.08522318480628,104544.2551,-443873.59079999995,-80.93711649218233,binance_kline_quote_asset_volume,26.02237288135593,70.87746108474576,0.04179999999999984,1.5403891509433902,-0.008199999999999985,-0.3021816037735844,0.008199999999999985,0.3021816037735844,0.027699999999999836,66.26794258373192,0.005900000000000016,14.114832535885261,0.1411483253588526,17169.0,21214.0,44.730740171430064,55.269259828569936,46816.4836,-157261.87519999998,-77.05955502813461,57727.771499999995,-286611.7156,-83.23521592420936,44.78149808922404,55.21850191077596,0.8093240313000849,0.8109871970373913,-10911.287899999996,-10.437003821551928,7291262.0,19785568.5632,42840.0,0.5910251914140761,-354896.805999998,-1.762108270560259,1.0231,0.043299999999999894,4.419269238620116,50.57000000000001,49.43,1.6204,0.011900000000000022,0.7398197078023017,61.839999999999996,38.16,1.0354,0.029000000000000137,2.881558028616866,50.870000000000005,49.13,0.5973000000000002,0.0123000000000002,-0.585,1782316800003,2026-06-24 16:00:00 UTC,0.0001158,2.8118
FINAL_REAL_MARK_PREMIUM_CLOSED_GUARD_2026_06_13,1782325800000,2026-06-24 18:30:00 UTC,MUSDT,1782325800000,2026-06-24 18:30:00 UTC,1782326699999,2026-06-24 18:44:59 UTC,True,2.7058,2.7108,2.6835,2.6996,-0.005799999999999805,-0.2143860427293489,26.090425743932073,2.7033,2.70605427,2.68787034,2.69919467,-0.004205330000000007,-0.1555570762743215,1782326699999,2026-06-24 18:44:59 UTC,0.00040533000000042563,0.015016701259284334,0.0,0.00011173,-0.00124189,0.0,0.00134161,-100.0,1782326699999,2026-06-24 18:44:59 UTC,989,-486.0,-32.949152542372886,17974.0,-20409.0,-53.17197717739624,48478.2901,-56065.965,-53.628929630204034,binance_kline_quote_asset_volume,18.17391304347826,49.01748240647118,0.02729999999999988,1.0089437504619663,-0.006199999999999761,-0.229137408529816,0.006199999999999761,0.229137408529816,0.004999999999999893,18.315018315018005,0.016100000000000225,58.974358974360065,0.5897435897436006,10337.0,7637.0,57.51084900411706,42.48915099588294,27902.553,-18913.9306,-40.400152137867956,20575.7371,-37152.0344,-64.35729880894502,57.556801080325236,42.44319891967477,1.3535419667408668,1.3560900814581267,7326.815900000001,15.113602160650466,7286290.0,19697756.386,-4972.0,-0.06819121298891742,-87812.17720000073,-0.44381932679622993,1.0259,0.0028000000000001357,0.27367803733751694,50.63999999999999,49.36,1.6225,0.0020999999999999908,0.12959763021476123,61.870000000000005,38.129999999999995,1.04,0.0045999999999999375,0.4442727448329087,50.980000000000004,49.02,0.5966,0.014100000000000001,-0.5825,1782316800003,2026-06-24 16:00:00 UTC,0.0001158,2.8118
FINAL_REAL_MARK_PREMIUM_CLOSED_GUARD_2026_06_13,1782326700000,2026-06-24 18:45:00 UTC,MUSDT,1782326700000,2026-06-24 18:45:00 UTC,1782327599999,2026-06-24 18:59:59 UTC,True,2.6988,2.7189,2.6963,2.712,0.012399999999999967,0.45932730774929487,30.59890796123517,2.69919467,2.71873301,2.697792,2.71196145,0.0127667800000002,0.47298478104953434,1782327599999,2026-06-24 18:59:59 UTC,3.85500000001926e-05,0.001421480382775817,0.0,0.00163238,-0.00044102,0.0,0.0,,1782327599999,2026-06-24 18:59:59 UTC,736,-253.0,-25.581395348837212,13624.0,-4350.0,-24.201624568821632,36897.4077,-11580.882399999995,-23.888801309021407,binance_kline_quote_asset_volume,18.51086956521739,50.13234741847827,0.022600000000000176,0.8374092189121156,0.013200000000000323,0.48910626945310226,0.013200000000000323,0.48910626945310226,0.006899999999999906,30.53097345132678,0.0024999999999999467,11.061946902654546,0.6946902654867322,6806.0,6818.0,49.95596007046389,50.04403992953611,18428.8254,-9473.727599999998,-33.95290602978157,18468.582300000002,-2107.1547999999966,-10.240968718442641,49.94612507696578,50.05387492303422,0.9982399530654151,0.9978473225852317,-39.756900000000314,-0.10774984606845514,7286403.0,19667420.14107201,113.0,0.001550857843978211,-30336.24492799118,-0.15400863089946826,1.0121,-0.013800000000000034,-1.3451603470123827,50.3,49.7,1.6218,-0.000700000000000145,-0.04314329738059445,61.86000000000001,38.14,1.0263,-0.013700000000000045,-1.3173076923076965,50.64999999999999,49.35,0.6096999999999999,0.01419999999999999,-0.5954999999999999,1782316800003,2026-06-24 16:00:00 UTC,0.0001158,2.8118
FINAL_REAL_MARK_PREMIUM_CLOSED_GUARD_2026_06_13,1782327600000,2026-06-24 19:00:00 UTC,MUSDT,1782327600000,2026-06-24 19:00:00 UTC,1782328499999,2026-06-24 19:14:59 UTC,True,2.7107,2.7189,2.7057,2.7077,-0.0043000000000001926,-0.15855457227139352,29.917378475653194,2.71196145,2.718,2.70476661,2.7077,-0.00426145,-0.15713534571075854,1782328499999,2026-06-24 19:14:59 UTC,0.0,0.0,0.0,0.00125703,0.0,0.0,0.0,,1782328499999,2026-06-24 19:14:59 UTC,411,-325.0,-44.15760869565217,3513.0,-10111.0,-74.214621256606,9530.7946,-27366.613100000002,-74.16947369990982,binance_kline_quote_asset_volume,8.547445255474452,23.189281265206812,0.013199999999999878,0.4869590880584306,-0.0030000000000001137,-0.1106725200132849,0.0030000000000001137,0.1106725200132849,0.008199999999999985,62.12121212121258,0.0019999999999997797,15.151515151513623,0.15151515151513623,1171.0,2342.0,33.33333333333333,66.66666666666666,3176.7189,-15252.106500000002,-82.7622280256668,6354.075699999999,-12114.506600000002,-65.59521680232056,33.33110231963241,66.66889768036759,0.5,0.4999498038715529,-3177.3567999999996,-33.33779536073519,7284870.0,19756286.6082615,-1533.0,-0.02103918764855581,88866.4671894908,0.45184608124534104,1.0076,-0.0044999999999999485,-0.44462009682837156,50.19,49.81,1.6219,9.999999999998899e-05,0.006165988407941115,61.86000000000001,38.14,1.0243,-0.0020000000000000018,-0.19487479294553267,50.6,49.4,0.6142999999999998,0.016699999999999937,-0.5975999999999999,1782316800003,2026-06-24 16:00:00 UTC,0.0001158,2.8118
FINAL_REAL_MARK_PREMIUM_CLOSED_GUARD_2026_06_13,1782328500000,2026-06-24 19:15:00 UTC,MUSDT,1782328500000,2026-06-24 19:15:00 UTC,1782329399999,2026-06-24 19:29:59 UTC,True,2.7068,2.725,2.7,2.7212,0.013500000000000068,0.4985781290394086,34.82540666901329,2.7077,2.7246,2.7064215,2.72109067,0.01339067000000016,0.4945403848284581,1782329399999,2026-06-24 19:29:59 UTC,0.00010932999999990756,0.004017874200417862,0.0,0.002064,0.0,0.0,0.0,,1782329399999,2026-06-24 19:29:59 UTC,412,1.0,0.24330900243309003,4674.0,1161.0,33.04867634500427,12696.6631,3165.8685000000005,33.217256617827026,binance_kline_quote_asset_volume,11.344660194174757,30.817143446601943,0.02499999999999991,0.9235998226688308,0.01440000000000019,0.5319934978572555,0.01440000000000019,0.5319934978572555,0.0038000000000000256,15.200000000000156,0.006799999999999695,27.199999999998877,0.8479999999999984,2258.0,2416.0,48.309798887462556,51.69020111253744,6135.443,2958.7241000000004,93.13773717907495,6561.2201,207.14440000000013,3.260024113341932,48.32327164765048,51.67672835234952,0.9346026490066225,0.9351070237683385,-425.77709999999934,-3.3534567046990427,7284032.0,19722973.4464,-838.0,-0.011503293813067358,-33313.16186149791,-0.16862056378331403,1.0036,-0.0040000000000000036,-0.39698292973402177,50.09,49.91,1.6222,0.000300000000000189,0.01849682471176947,61.86000000000001,38.14,1.0125,-0.011800000000000033,-1.1520062481694848,50.31,49.69,0.6186,0.008899999999999908,-0.6097000000000001,1782316800003,2026-06-24 16:00:00 UTC,0.0001158,2.8118
FINAL_REAL_MARK_PREMIUM_CLOSED_GUARD_2026_06_13,1782329400000,2026-06-24 19:30:00 UTC,MUSDT,1782329400000,2026-06-24 19:30:00 UTC,1782330299999,2026-06-24 19:44:59 UTC,True,2.7211,2.7562,2.7207,2.7416,0.020399999999999974,0.749669263560193,41.493227664327776,2.72108993,2.7469,2.72033092,2.7416,0.02050932999999988,0.75371725852854,1782330299999,2026-06-24 19:44:59 UTC,0.0,0.0,0.0,0.00257751,0.0,0.0,0.0,,1782330299999,2026-06-24 19:44:59 UTC,1052,640.0,155.3398058252427,22979.0,18305.0,391.63457424047925,62961.1924,50264.5293,395.8877139931357,binance_kline_quote_asset_volume,21.84315589353612,59.849042205323194,0.03550000000000031,1.304619455367326,0.020500000000000185,0.7533717981698645,0.020500000000000185,0.7533717981698645,0.014600000000000168,41.1267605633804,0.00039999999999995595,1.1267605633801479,0.5887323943661961,14016.0,8963.0,60.99482135863179,39.005178641368204,38432.1216,32296.6786,526.395218731557,24529.0708,17967.850700000003,273.84922965775837,61.04096846806224,38.95903153193776,1.5637621332143257,1.5667989184490427,13903.050799999997,22.081936936124478,7282820.0,19817213.5532894,-1212.0,-0.016639136126804493,94240.1068893969,0.4778189614537983,1.0044,0.0007999999999999119,0.07971303308089996,50.11,49.89,1.6227,0.0004999999999999449,0.030822340032051837,61.870000000000005,38.129999999999995,1.0064,-0.006099999999999994,-0.6024691358024686,50.160000000000004,49.84,0.6183000000000001,0.0020000000000000018,-0.6163000000000001,1782316800003,2026-06-24 16:00:00 UTC,0.0001158,2.8118
FINAL_REAL_MARK_PREMIUM_CLOSED_GUARD_2026_06_13,1782330300000,2026-06-24 19:45:00 UTC,MUSDT,1782330300000,2026-06-24 19:45:00 UTC,1782331199999,2026-06-24 19:59:59 UTC,True,2.7416,2.7561,2.733,2.733,-0.008599999999999941,-0.31368543915961267,39.651529263143374,2.7416,2.7493,2.73394377,2.73394377,-0.00765622999999982,-0.2792613802159257,1782331199999,2026-06-24 19:59:59 UTC,-0.0009437700000001215,-0.034520461260259254,0.0,0.00166903,-0.00082848,-0.00036331,-0.00036331,,1782331199999,2026-06-24 19:59:59 UTC,466,-586.0,-55.70342205323195,8287.0,-14692.0,-63.93663779973019,22743.7849,-40217.4075,-63.87650228174523,binance_kline_quote_asset_volume,17.783261802575108,48.806405364806864,0.0230999999999999,0.8425736796031477,-0.008599999999999941,-0.31368543915961267,0.008599999999999941,0.31368543915961267,0.014499999999999957,62.77056277056287,0.0,0.0,0.0,4019.0,4268.0,48.497646916857725,51.502353083142275,11029.7846,-27402.337,-71.3006096441993,11714.000299999998,-12815.070500000003,-52.244418895802625,48.495818301552795,51.504181698447205,0.9416588566073102,0.9415899195426862,-684.215699999997,-3.0083633968944063,7277369.0,19951634.8504,-5451.0,-0.074847380547645,134421.29711060226,0.6783057403561668,0.9778,-0.026599999999999957,-2.6483472720031815,49.44,50.56,1.623,0.00029999999999996696,0.018487705675723606,61.88,38.12,0.9861,-0.020299999999999985,-2.0170906200317953,49.65,50.349999999999994,0.6452,0.008299999999999974,-0.6369,1782316800003,2026-06-24 16:00:00 UTC,0.0001158,2.8118
FINAL_REAL_MARK_PREMIUM_CLOSED_GUARD_2026_06_13,1782331200000,2026-06-24 20:00:00 UTC,MUSDT,1782331200000,2026-06-24 20:00:00 UTC,1782332099999,2026-06-24 20:14:59 UTC,True,2.7336,2.7344,2.7216,2.7295,-0.0035000000000002807,-0.12806439809733922,38.89489129458344,2.73394377,2.73394377,2.72301021,2.7295,-0.004443770000000402,-0.1625406509366651,1782332099999,2026-06-24 20:14:59 UTC,0.0,0.0,-0.00037354,0.00221315,-0.00172852,0.00060566,0.00096897,-266.70611874157055,1782332099999,2026-06-24 20:14:59 UTC,486,20.0,4.291845493562231,9213.0,926.0,11.174128152528056,25139.2793,2395.4943999999996,10.532523107004938,binance_kline_quote_asset_volume,18.95679012345679,51.726912139917694,0.012799999999999923,0.46824700029265154,-0.004100000000000215,-0.1499853672812487,0.004100000000000215,0.1499853672812487,0.0007999999999999119,6.249999999999349,0.007899999999999796,61.71874999999878,0.6171874999999878,6103.0,3110.0,66.24335178552046,33.75664821447954,16651.5521,5621.7675,50.96896905856166,8487.727199999998,-3226.2731000000003,-27.542026783113542,66.23718962380916,33.76281037619085,1.962379421221865,1.9618387475978263,8163.824900000003,32.4743792476183,7274120.0,19887035.0562324,-3249.0,-0.044645255723600105,-64599.79416760057,-0.32378195898220063,0.9822,0.0043999999999999595,0.44998977295970133,49.55,50.449999999999996,1.6243,0.0013000000000000789,0.08009858287123099,61.89,38.11,0.99,0.0039000000000000146,0.3954974140553711,49.75,50.24999999999999,0.6421000000000001,0.007800000000000029,-0.6343000000000001,1782316800003,2026-06-24 16:00:00 UTC,0.0001158,2.8118
FINAL_REAL_MARK_PREMIUM_CLOSED_GUARD_2026_06_13,1782332100000,2026-06-24 20:15:00 UTC,MUSDT,1782332100000,2026-06-24 20:15:00 UTC,1782332999999,2026-06-24 20:29:59 UTC,True,2.7299,2.7392,2.7196,2.7254,-0.0040999999999997705,-0.15021066129326877,37.98058782716347,2.7295,2.73805669,2.7203,2.7259,-0.0035999999999996035,-0.1318922879648142,1782332999999,2026-06-24 20:29:59 UTC,-0.000500000000000167,-0.01834256575810437,0.00058884,0.00311493,-0.00076458,0.0,-0.00060566,-100.0,1782332999999,2026-06-24 20:29:59 UTC,417,-69.0,-14.19753086419753,8137.0,-1076.0,-11.679149028546618,22206.4691,-2932.8102,-11.666246136181,binance_kline_quote_asset_volume,19.513189448441246,53.252923501199035,0.019600000000000062,0.717975017399907,-0.0045000000000001705,-0.16484120297447416,0.0045000000000001705,0.16484120297447416,0.009299999999999642,47.44897959183476,0.005800000000000249,29.591836734695054,0.29591836734695054,3356.0,4781.0,41.24370160992995,58.75629839007005,9157.7419,-7493.8102,-45.00367386172968,13048.727199999998,4561.0,53.736411321042475,41.23907253675012,58.76092746324988,0.7019451997490065,0.7018111237699876,-3890.9852999999966,-17.52185492649976,7271690.0,19848077.855,-2430.0,-0.03340610273132695,-38957.20123239979,-0.1958924551711442,0.9873,0.005099999999999993,0.519242516799022,49.68,50.32,1.6254,0.0010999999999998789,0.06772148002215593,61.91,38.09,0.9968,0.006800000000000028,0.6868686868686897,49.919999999999995,50.080000000000005,0.6381,0.009500000000000064,-0.6285999999999999,1782331200006,2026-06-24 20:00:00 UTC,5e-05,2.73394377
FINAL_REAL_MARK_PREMIUM_CLOSED_GUARD_2026_06_13,1782333000000,2026-06-24 20:30:00 UTC,MUSDT,1782333000000,2026-06-24 20:30:00 UTC,1782333899999,2026-06-24 20:44:59 UTC,True,2.7258,2.7276,2.7114,2.7248,-0.0005999999999999339,-0.022015117047036542,37.840401512848665,2.7254,2.72636247,2.7128,2.72458891,-0.0013110900000001813,-0.048097509079576696,1782333899999,2026-06-24 20:44:59 UTC,0.00021109000000008038,0.007747590809950129,0.0,0.00105238,-0.00150517,0.00018769,0.00018769,,1782333899999,2026-06-24 20:44:59 UTC,411,-6.0,-1.4388489208633095,6454.0,-1683.0,-20.683298512965468,17546.7785,-4659.690599999998,-20.983482691536935,binance_kline_quote_asset_volume,15.70316301703163,42.692891727493915,0.016199999999999992,0.5943209333039838,-0.0009999999999998899,-0.036686477364439425,0.0009999999999998899,0.036686477364439425,0.0017999999999998018,11.111111111109894,0.0134000000000003,82.71604938271796,0.8271604938271795,4571.0,1883.0,70.82429501084599,29.17570498915401,12426.1392,3268.3972999999987,35.689991437736396,5120.639300000001,-7928.087899999997,-60.75755725815157,70.8172112618849,29.182788738115097,2.4275092936802976,2.426677309608587,7305.499899999999,41.63442252376981,7269511.0,19815960.0349,-2179.0,-0.02996552383283666,-32117.82010000199,-0.16181828958269162,0.9865,-0.0007999999999999119,-0.0810290691785589,49.66,50.339999999999996,1.6267,0.0013000000000000789,0.07998031253845693,61.92999999999999,38.07,0.992,-0.0048000000000000265,-0.48154093097913586,49.8,50.2,0.6402,0.005499999999999949,-0.6347,1782331200006,2026-06-24 20:00:00 UTC,5e-05,2.73394377
FINAL_REAL_MARK_PREMIUM_CLOSED_GUARD_2026_06_13,1782333900000,2026-06-24 20:45:00 UTC,MUSDT,1782333900000,2026-06-24 20:45:00 UTC,1782334799999,2026-06-24 20:59:59 UTC,True,2.7261,2.7319,2.7158,2.7158,-0.008999999999999897,-0.33029947152084177,35.71116503955315,2.72458891,2.7316,2.7173,2.71793046,-0.0066584500000002045,-0.24438365639534973,1782334799999,2026-06-24 20:59:59 UTC,-0.002130459999999612,-0.07838537561404763,0.00041192,0.00163334,-0.00156876,-0.00071098,-0.0008986700000000001,-478.805477116522,1782334799999,2026-06-24 20:59:59 UTC,352,-59.0,-14.355231143552311,8544.0,2090.0,32.3830182832352,23285.2852,5738.506699999998,32.70404707052065,binance_kline_quote_asset_volume,24.272727272727273,66.15137840909091,0.01609999999999978,0.5905872858662478,-0.010299999999999976,-0.3778291331939391,0.010299999999999976,0.3778291331939391,0.005799999999999805,36.024844720496176,0.0,0.0,0.0,4323.0,4221.0,50.59691011235955,49.40308988764045,11781.3214,-644.8177999999989,-5.189204704869224,11503.963799999998,6383.324499999997,124.65874134114456,50.595564103290435,49.40443589670956,1.0241648898365316,1.0241097420699465,277.357600000003,1.19112820658088,7267945.0,19802162.34548995,-1566.0,-0.021542026692029214,-13797.689410049468,-0.06962917459335247,0.9932,0.006699999999999928,0.6791687785098761,49.830000000000005,50.17,1.6274,0.0006999999999999229,0.043031905083907473,61.94,38.06,0.9956,0.0036000000000000476,0.3629032258064564,49.89,50.11,0.6342,0.0024000000000000687,-0.6317999999999999,1782331200006,2026-06-24 20:00:00 UTC,5e-05,2.73394377
FINAL_REAL_MARK_PREMIUM_CLOSED_GUARD_2026_06_13,1782334800000,2026-06-24 21:00:00 UTC,MUSDT,1782334800000,2026-06-24 21:00:00 UTC,1782335699999,2026-06-24 21:14:59 UTC,True,2.7175,2.723,2.6967,2.702,-0.013800000000000257,-0.5081375653582831,32.6751302180035,2.71793046,2.7229,2.69733952,2.70209517,-0.015835289999999613,-0.5826230741753273,1782335699999,2026-06-24 21:14:59 UTC,-9.517000000025533e-05,-0.0035220817185449217,0.0,0.00107872,-0.00156764,0.0,0.00071098,-100.0,1782335699999,2026-06-24 21:14:59 UTC,634,282.0,80.11363636363636,10858.0,2314.0,27.083333333333332,29415.3433,6130.058100000002,26.325887990412085,binance_kline_quote_asset_volume,17.126182965299684,46.3964405362776,0.02629999999999999,0.9678012879484819,-0.015499999999999847,-0.5703771849125979,0.015499999999999847,0.5703771849125979,0.00550000000000006,20.912547528517347,0.005300000000000082,20.152091254753174,0.20152091254753174,6753.0,4105.0,62.19377417572297,37.80622582427703,18289.95,6508.6286,55.245319086193504,11125.3933,-378.570499999998,-3.2907831298982186,62.17826463374983,37.82173536625017,1.6450669914738125,1.6439823300449075,7164.556700000001,24.356529267499663,7264802.0,19745226.64166892,-3143.0,-0.04324468608389304,-56935.703821029514,-0.2875226595341843,0.9932,0.0,0.0,49.830000000000005,50.17,1.6289,0.0015000000000000568,0.09217156200074088,61.96,38.04,0.994,-0.0016000000000000458,-0.16070711128967916,49.85,50.14999999999999,0.6357,0.0008000000000000229,-0.6349,1782331200006,2026-06-24 20:00:00 UTC,5e-05,2.73394377
FINAL_REAL_MARK_PREMIUM_CLOSED_GUARD_2026_06_13,1782335700000,2026-06-24 21:15:00 UTC,MUSDT,1782335700000,2026-06-24 21:15:00 UTC,1782336599999,2026-06-24 21:29:59 UTC,True,2.7006,2.7016,2.6562,2.6978,-0.0041999999999999815,-0.15544041450777135,31.789323632688536,2.70193517,2.702,2.66302714,2.697,-0.005095170000000149,-0.18856367668205218,1782336599999,2026-06-24 21:29:59 UTC,0.0007999999999999119,0.029662588060805035,0.0,0.00167651,-0.00423109,4.389e-05,4.389e-05,,1782336599999,2026-06-24 21:29:59 UTC,1097,463.0,73.02839116719242,24995.0,14137.0,130.19893166328973,66977.497,37562.1537,127.69578555284107,binance_kline_quote_asset_volume,22.784867821330902,61.05514767547858,0.045399999999999885,1.681107901947711,-0.0028000000000001357,-0.10368066355625179,0.0028000000000001357,0.10368066355625179,0.0009999999999998899,2.2026431718059305,0.04159999999999986,91.6299559471365,0.9162995594713649,12325.0,12670.0,49.30986197239448,50.69013802760553,32999.4893,14709.5393,80.42416354336672,33978.0077,22852.614400000002,205.40949684897885,49.26951704391103,50.73048295608898,0.9727703235990529,0.9712014192050465,-978.5184000000008,-1.4609659121779375,7263330.0,19626208.9111161,-1472.0,-0.020262080095231776,-119017.73055281863,-0.6027671027166236,0.9968,0.0036000000000000476,0.36246476037052433,49.919999999999995,50.080000000000005,1.6298,0.0008999999999999009,0.05525201055926705,61.970000000000006,38.03,0.9948,0.0008000000000000229,0.08048289738430814,49.87,50.129999999999995,0.6329999999999999,-0.0020000000000000018,-0.6349999999999999,1782331200006,2026-06-24 20:00:00 UTC,5e-05,2.73394377
FINAL_REAL_MARK_PREMIUM_CLOSED_GUARD_2026_06_13,1782336600000,2026-06-24 21:30:00 UTC,MUSDT,1782336600000,2026-06-24 21:30:00 UTC,1782337499999,2026-06-24 21:44:59 UTC,True,2.6978,2.7151,2.6781,2.6969,-0.0009000000000001229,-0.03336051597598498,31.591684805647432,2.697,2.71320325,2.6811,2.69687421,-0.00012579000000023655,-0.004664071190220116,1782337499999,2026-06-24 21:44:59 UTC,2.5790000000025515e-05,0.0009562922847642018,0.0,0.00209792,-0.00077814,0.0,-4.389e-05,-100.0,1782337499999,2026-06-24 21:44:59 UTC,546,-551.0,-50.22789425706472,10169.0,-14826.0,-59.31586317263453,27443.0181,-39534.4789,-59.02650990376663,binance_kline_quote_asset_volume,18.624542124542124,50.261937912087916,0.03699999999999992,1.3714878790125258,-0.0009000000000001229,-0.03336051597598498,0.0009000000000001229,0.03336051597598498,0.017300000000000093,46.756756756757106,0.018799999999999706,50.810810810810125,0.5081081081081013,4996.0,5173.0,49.129707935883566,50.87029206411643,13481.058,-19518.4313,-59.14767687025992,13961.9601,-20016.0476,-58.908832373947575,49.12381703381233,50.87618296618766,0.9657838778271796,0.9655562616885004,-480.90209999999934,-1.7523659323753438,7261035.0,19583011.395,-2295.0,-0.03159707737360136,-43197.516116101295,-0.2201011734448349,0.9948,-0.0020000000000000018,-0.200642054574639,49.87,50.129999999999995,1.6314,0.0016000000000000458,0.09817155479200183,62.0,38.0,0.9861,-0.008700000000000041,-0.8745476477683997,49.65,50.349999999999994,0.6365999999999999,-0.008700000000000041,-0.6453,1782331200006,2026-06-24 20:00:00 UTC,5e-05,2.73394377
FINAL_REAL_MARK_PREMIUM_CLOSED_GUARD_2026_06_13,1782337500000,2026-06-24 21:45:00 UTC,MUSDT,1782337500000,2026-06-24 21:45:00 UTC,1782338399999,2026-06-24 21:59:59 UTC,True,2.6978,2.7049,2.6946,2.7047,0.007800000000000029,0.2892209573955293,35.343487836758754,2.69687421,2.7049,2.6946,2.7047,0.007825790000000055,0.290180015477995,1782338399999,2026-06-24 21:59:59 UTC,0.0,0.0,0.0,0.00130928,0.0,0.00026712,0.00026712,,1782338399999,2026-06-24 21:59:59 UTC,272,-274.0,-50.18315018315018,3083.0,-7086.0,-69.68236798111909,8327.313,-19115.7051,-69.65598692659827,binance_kline_quote_asset_volume,11.334558823529411,30.61512132352941,0.010299999999999976,0.3817925717251085,0.006899999999999906,0.2557639558158465,0.006899999999999906,0.2557639558158465,0.00019999999999997797,1.9417475728153246,0.0032000000000000917,31.067961165049507,0.9805825242718468,1594.0,1489.0,51.70288679857282,48.29711320142718,4305.1417,-9175.9163,-68.0652534838141,4022.1713,-9939.7888,-71.19192956295585,51.699049861582004,48.300950138417996,1.0705171255876427,1.0703526475861433,282.97040000000015,3.3980997231640044,7263323.0,19588268.47759983,2288.0,0.03151065929306222,5257.082599829882,0.026845118423268338,0.9881,-0.006700000000000039,-0.6735022114998028,49.7,50.3,1.6313,-9.999999999998899e-05,-0.0061297045482401,62.0,38.0,0.9786,-0.007499999999999951,-0.7605719501064752,49.46,50.54,0.6432,-0.009499999999999953,-0.6527,1782331200006,2026-06-24 20:00:00 UTC,5e-05,2.73394377
FINAL_REAL_MARK_PREMIUM_CLOSED_GUARD_2026_06_13,1782338400000,2026-06-24 22:00:00 UTC,MUSDT,1782338400000,2026-06-24 22:00:00 UTC,1782339299999,2026-06-24 22:14:59 UTC,True,2.7047,2.7047,2.6812,2.689,-0.015699999999999825,-0.580471031907414,31.588180547862905,2.7047,2.7047,2.68413695,2.68768133,-0.01701866999999968,-0.6292257921395971,1782339299999,2026-06-24 22:14:59 UTC,0.0013186699999998552,0.04906348030478208,0.0,0.00151082,-0.00024323,0.0,-0.00026712,-100.0,1782339299999,2026-06-24 22:14:59 UTC,474,202.0,74.26470588235294,6058.0,2975.0,96.49691858579305,16300.3271,7973.0141,95.74533946304167,binance_kline_quote_asset_volume,12.780590717299578,34.38887573839663,0.023499999999999854,0.8688579140015475,-0.015699999999999825,-0.580471031907414,0.015699999999999825,0.580471031907414,0.0,0.0,0.007800000000000029,33.19148936170246,0.3319148936170246,2147.0,3911.0,35.44073951799274,64.55926048200726,5783.899,1478.7573000000002,34.348632473583855,10516.428100000001,6494.256800000001,161.46146734227855,35.483330883586994,64.51666911641301,0.5489644592175914,0.5499870245867986,-4732.529100000001,-29.03333823282602,7264262.0,19647649.4314,939.0,0.012927966992518438,59380.953800171614,0.3031454968471395,0.9916,0.0035000000000000586,0.3542151604088714,49.79,50.21,1.6317,0.00039999999999995595,0.024520321216205235,62.0,38.0,0.9822,0.0035999999999999366,0.36787247087675623,49.55,50.449999999999996,0.6400999999999999,-0.009400000000000075,-0.6495,1782331200006,2026-06-24 20:00:00 UTC,5e-05,2.73394377
FINAL_REAL_MARK_PREMIUM_CLOSED_GUARD_2026_06_13,1782339300000,2026-06-24 22:15:00 UTC,MUSDT,1782339300000,2026-06-24 22:15:00 UTC,1782340199999,2026-06-24 22:29:59 UTC,True,2.69,2.6966,2.6789,2.6885,-0.000500000000000167,-0.01859427296393332,31.47348779336248,2.68768133,2.6947,2.68376937,2.68806234,0.0003810099999999039,0.014176159790487659,1782340199999,2026-06-24 22:29:59 UTC,0.00043765999999978433,0.016281616444943917,0.00061637,0.00073398,0.0,0.0,0.0,,1782340199999,2026-06-24 22:29:59 UTC,449,-25.0,-5.274261603375527,5299.0,-759.0,-12.528887421591284,14247.5222,-2052.804900000001,-12.593642369299454,binance_kline_quote_asset_volume,11.801781737193764,31.731675278396434,0.01770000000000005,0.657992565055764,-0.0015000000000000568,-0.05576208178438873,0.0015000000000000568,0.05576208178438873,0.006600000000000161,37.28813559322114,0.009599999999999831,54.23728813559211,0.5423728813559211,2286.0,3013.0,43.14021513493112,56.85978486506889,6151.3708,367.47179999999935,6.353357830072747,8096.1514,-2420.2767000000013,-23.014246633797658,43.17502168903446,56.824978310965534,0.7587122469299701,0.7597894970195345,-1944.7806,-13.649956621931075,7266507.0,19530055.19821431,2245.0,0.030904722324167272,-117594.2331856899,-0.5985155302992938,0.994,0.0023999999999999577,0.2420330778539691,49.85,50.14999999999999,1.632,0.00029999999999996696,0.018385732671444933,62.01,37.99,0.9889,0.006700000000000039,0.6821421299124455,49.72,50.28,0.6379999999999999,-0.005099999999999993,-0.6430999999999999,1782331200006,2026-06-24 20:00:00 UTC,5e-05,2.73394377
FINAL_REAL_MARK_PREMIUM_CLOSED_GUARD_2026_06_13,1782340200000,2026-06-24 22:30:00 UTC,MUSDT,1782340200000,2026-06-24 22:30:00 UTC,1782341099999,2026-06-24 22:44:59 UTC,True,2.6871,2.6937,2.6832,2.6865,-0.0019999999999997797,-0.07439092430722632,30.988801403417185,2.68763907,2.69271804,2.68218855,2.6865,-0.0015623399999999954,-0.05812141990724796,1782341099999,2026-06-24 22:44:59 UTC,0.0,0.0,0.0,0.00140808,0.0,0.0,0.0,,1782341099999,2026-06-24 22:44:59 UTC,254,-195.0,-43.42984409799555,2096.0,-3203.0,-60.445367050386864,5637.9769,-8609.5453,-60.42836908160775,binance_kline_quote_asset_volume,8.251968503937007,22.196759448818895,0.010500000000000398,0.3907558334263852,-0.0005999999999999339,-0.02232890476721871,0.0005999999999999339,0.02232890476721871,0.006600000000000161,62.85714285714201,0.0033000000000003027,31.42857142857312,0.3142857142857312,1263.0,833.0,60.257633587786266,39.74236641221374,3397.6023,-2753.7684999999997,-44.76674532447304,2240.3745999999996,-5855.7768,-72.32790631855032,60.26279213737112,39.73720786262888,1.5162064825930373,1.5165331279867218,1157.2277000000004,20.525584274742247,7266567.0,19532985.09378678,60.0,0.0008257062162053927,2929.8955724686384,0.015001983060122263,0.9964,0.0023999999999999577,0.24144869215291326,49.91,50.09,1.6317,-0.00029999999999996696,-0.01838235294117445,62.0,38.0,0.9889,0.0,0.0,49.72,50.28,0.6353,-0.007499999999999951,-0.6427999999999999,1782331200006,2026-06-24 20:00:00 UTC,5e-05,2.73394377
FINAL_REAL_MARK_PREMIUM_CLOSED_GUARD_2026_06_13,1782341100000,2026-06-24 22:45:00 UTC,MUSDT,1782341100000,2026-06-24 22:45:00 UTC,1782341999999,2026-06-24 22:59:59 UTC,True,2.6867,2.691,2.683,2.6885,0.0019999999999997797,0.0744463056020763,32.114641600492845,2.6865,2.6894,2.68312849,2.6851,-0.00140000000000029,-0.05211241392146993,1782341999999,2026-06-24 22:59:59 UTC,0.0034000000000000696,0.1266247067148363,0.0,0.00060805,0.0,0.00060805,0.00060805,,1782341999999,2026-06-24 22:59:59 UTC,241,-13.0,-5.118110236220472,2087.0,-9.0,-0.42938931297709926,5607.6975,-30.27939999999944,-0.5370614413123871,binance_kline_quote_asset_volume,8.659751037344398,23.268454356846473,0.008000000000000007,0.29776305504894507,0.0017999999999998018,0.0669966873860052,0.0017999999999998018,0.0669966873860052,0.0024999999999999467,31.249999999999307,0.0037000000000002586,46.2500000000032,0.6875000000000069,1166.0,921.0,55.869669381887874,44.130330618112126,3133.5392,-264.06309999999985,-7.7720426549040145,2474.1583,233.7837000000004,10.43502724946089,55.879248122781235,44.120751877218765,1.266015200868621,1.266507159222593,659.3809000000001,11.758496245562462,7266238.0,19520748.387,-329.0,-0.0045275850343084985,-12236.70678678155,-0.06264637344485512,0.9948,-0.0015999999999999348,-0.1605780810919244,49.87,50.129999999999995,1.632,0.00029999999999996696,0.018385732671444933,62.01,37.99,0.9845,-0.0043999999999999595,-0.4449388209121205,49.61,50.39,0.6371999999999999,-0.010299999999999976,-0.6474999999999999,1782331200006,2026-06-24 20:00:00 UTC,5e-05,2.73394377
FINAL_REAL_MARK_PREMIUM_CLOSED_GUARD_2026_06_13,1782342000000,2026-06-24 23:00:00 UTC,MUSDT,1782342000000,2026-06-24 23:00:00 UTC,1782342899999,2026-06-24 23:14:59 UTC,True,2.6885,2.7006,2.6873,2.6907,0.002200000000000202,0.08183001673796549,33.40169836919242,2.6851,2.69525955,2.6851,2.6907,0.005600000000000271,0.20855834047150096,1782342899999,2026-06-24 23:14:59 UTC,0.0,0.0,0.0008352,0.00121806,0.0,0.0,-0.00060805,-100.0,1782342899999,2026-06-24 23:14:59 UTC,336,95.0,39.41908713692946,2969.0,882.0,42.261619549592716,7996.5989,2388.9013999999997,42.60039704352811,binance_kline_quote_asset_volume,8.836309523809524,23.79940148809524,0.01330000000000009,0.49469964664311294,0.002200000000000202,0.08183001673796549,0.002200000000000202,0.08183001673796549,0.00990000000000002,74.43609022556356,0.0011999999999998678,9.02255639097639,0.25563909774436444,1839.0,1130.0,61.940047153923885,38.059952846076115,4955.1365,1821.5972999999994,58.13226462908138,3041.4624000000003,567.3041000000003,22.92917555032757,61.96555012906799,38.03444987093201,1.6274336283185842,1.629195383115701,1913.6740999999993,23.931100258135984,7265855.0,19509547.2605,-383.0,-0.005270953139712737,-11201.126499999315,-0.057380620240250604,0.9932,-0.0016000000000000458,-0.16083634901488195,49.830000000000005,50.17,1.6321,0.00010000000000021103,0.006127450980405088,62.01,37.99,0.9853,0.0007999999999999119,0.08125952260029577,49.63,50.370000000000005,0.6389000000000001,-0.007900000000000018,-0.6468000000000002,1782331200006,2026-06-24 20:00:00 UTC,5e-05,2.73394377
FINAL_REAL_MARK_PREMIUM_CLOSED_GUARD_2026_06_13,1782342900000,2026-06-24 23:15:00 UTC,MUSDT,1782342900000,2026-06-24 23:15:00 UTC,1782343799999,2026-06-24 23:29:59 UTC,True,2.6908,2.6944,2.6875,2.6933,0.0025999999999997137,0.09662912996616917,34.97085036369384,2.6907,2.6944,2.68784187,2.6933,0.0025999999999997137,0.09662912996616917,1782343799999,2026-06-24 23:29:59 UTC,0.0,0.0,0.0,0.00062191,0.0,0.00020392,0.00020392,,1782343799999,2026-06-24 23:29:59 UTC,178,-158.0,-47.023809523809526,1334.0,-1635.0,-55.069046817110134,3589.1357,-4407.4632,-55.11672218547813,binance_kline_quote_asset_volume,7.49438202247191,20.163683707865168,0.006899999999999906,0.2564293147019439,0.0024999999999999467,0.09290917199345722,0.0024999999999999467,0.09290917199345722,0.001100000000000101,15.942028985508925,0.0032999999999998586,47.82608695652034,0.8405797101449107,371.0,963.0,27.811094452773617,72.18890554722638,998.4409,-3956.6955999999996,-79.85038555446454,2590.6947999999998,-450.7676000000006,-14.820752017187539,27.818421577094455,72.18157842290555,0.3852544132917965,0.3853950299355988,-1592.2538999999997,-44.36315684581109,7266001.0,19550628.8907,146.0,0.002009398756237222,41081.63020000234,0.2105719299964395,0.9881,-0.005099999999999993,-0.5134917438582354,49.7,50.3,1.6322,9.999999999998899e-05,0.006127075546840817,62.01,37.99,0.9802,-0.005099999999999993,-0.5176088500964167,49.5,50.5,0.6441000000000001,-0.007900000000000018,-0.6520000000000001,1782331200006,2026-06-24 20:00:00 UTC,5e-05,2.73394377
FINAL_REAL_MARK_PREMIUM_CLOSED_GUARD_2026_06_13,1782343800000,2026-06-24 23:30:00 UTC,MUSDT,1782343800000,2026-06-24 23:30:00 UTC,1782344699999,2026-06-24 23:44:59 UTC,True,2.6943,2.7067,2.6876,2.6899,-0.0033999999999996255,-0.1262391861285273,33.847741619254975,2.6933,2.7057,2.68774625,2.6899,-0.0033999999999996255,-0.1262391861285273,1782344699999,2026-06-24 23:44:59 UTC,0.0,0.0,0.00020132,0.00191741,0.0,0.0,-0.00020392,-100.0,1782344699999,2026-06-24 23:44:59 UTC,288,110.0,61.79775280898876,8191.0,6857.0,514.0179910044978,22086.1086,18496.9729,515.360087945407,binance_kline_quote_asset_volume,28.44097222222222,76.68787708333333,0.019099999999999895,0.7089039824815312,-0.0043999999999999595,-0.16330772371302227,0.0043999999999999595,0.16330772371302227,0.012399999999999967,64.92146596858657,0.0022999999999999687,12.04188481675383,0.1204188481675383,5197.0,2994.0,63.44768648516664,36.55231351483335,14001.9258,13003.484900000001,1302.379029144339,8084.182799999999,5493.487999999999,212.04689954216144,63.39697976491885,36.60302023508115,1.7358049432197729,1.732014991051415,5917.743000000002,26.79395952983769,7266071.0,19569709.0243,70.0,0.0009633910042126337,19080.133600000292,0.09759345188673947,0.9889,0.0008000000000000229,0.08096346523631444,49.72,50.28,1.6321,-9.999999999998899e-05,-0.0061267001592935294,62.01,37.99,0.9841,0.0039000000000000146,0.3978779840848821,49.6,50.4,0.6432000000000001,-0.0048000000000000265,-0.6480000000000001,1782331200006,2026-06-24 20:00:00 UTC,5e-05,2.73394377
FINAL_REAL_MARK_PREMIUM_CLOSED_GUARD_2026_06_13,1782344700000,2026-06-24 23:45:00 UTC,MUSDT,1782344700000,2026-06-24 23:45:00 UTC,1782345599999,2026-06-24 23:59:59 UTC,True,2.6905,2.6905,2.6617,2.668,-0.02190000000000003,-0.8141566600988895,27.68109847320757,2.6899,2.6905,2.66387664,2.66702241,-0.022877590000000225,-0.8504996468270279,1782345599999,2026-06-24 23:59:59 UTC,0.0009775900000001947,0.03665473512088692,0.0,3.984e-05,-0.00120636,0.0,0.0,,1782345599999,2026-06-24 23:59:59 UTC,454,166.0,57.638888888888886,9361.0,1170.0,14.283970211207423,25032.6864,2946.577799999999,13.341317175267351,binance_kline_quote_asset_volume,20.61894273127753,55.138075770925106,0.028799999999999937,1.0704330050176523,-0.022499999999999964,-0.8362757851700413,0.022499999999999964,0.8362757851700413,0.0,0.0,0.006299999999999972,21.874999999999954,0.21874999999999953,3493.0,5868.0,37.31438948830253,62.68561051169746,9338.0484,-4663.877400000001,-33.30882813277014,15694.637999999999,7610.4552,94.14006818351511,37.30342101836901,62.69657898163099,0.5952624403544649,0.5949833567362306,-6356.589599999999,-25.393157963261988,7268985.0,19552842.7515,2914.0,0.04010420487220673,-16866.272800002247,-0.08618560847817995,0.9873,-0.0016000000000000458,-0.16179593487714083,49.68,50.32,1.6314,-0.000700000000000145,-0.04288952882789933,62.0,38.0,0.9818,-0.0022999999999999687,-0.23371608576363873,49.54,50.46000000000001,0.6441,-0.005499999999999949,-0.6496,1782331200006,2026-06-24 20:00:00 UTC,5e-05,2.73394377
FINAL_REAL_MARK_PREMIUM_CLOSED_GUARD_2026_06_13,1782345600000,2026-06-25 00:00:00 UTC,MUSDT,1782345600000,2026-06-25 00:00:00 UTC,1782346499999,2026-06-25 00:14:59 UTC,True,2.6672,2.6703,2.6332,2.6466,-0.021400000000000308,-0.8020989505247491,23.227802270429564,2.66702241,2.66858636,2.63924187,2.64638747,-0.02063493999999988,-0.7737070345801811,1782346499999,2026-06-25 00:14:59 UTC,0.00021252999999976652,0.008030947939749976,0.0,0.00199375,-0.00221699,0.0,0.0,,1782346499999,2026-06-25 00:14:59 UTC,1403,949.0,209.0308370044053,45497.0,36136.0,386.0271338532208,120694.498,95661.81160000002,382.1476052206687,binance_kline_quote_asset_volume,32.428367783321455,86.02601425516751,0.03710000000000013,1.3909718056388773,-0.02059999999999995,-0.7723455308938195,0.02059999999999995,0.7723455308938195,0.0031000000000003247,8.355795148248824,0.013399999999999856,36.118598382748814,0.3611859838274881,26189.0,19308.0,57.5620370573884,42.4379629426116,69540.0519,60202.003500000006,644.6957749758506,51154.4461,35459.8081,225.93581387477687,57.616588206034045,42.383411793965955,1.3563807748083696,1.3594136424438774,18385.605800000005,15.2331764120681,7271493.0,19393234.78515813,2508.0,0.03450275382326418,-159607.96634186804,-0.8162903388031578,1.0,0.012700000000000045,1.2863364732097684,50.0,50.0,1.6312,-0.00019999999999997797,-0.0122594090964802,62.0,38.0,0.9904,0.008599999999999941,0.8759421470767917,49.76,50.239999999999995,0.6312,-0.009600000000000053,-0.6408,1782345600000,2026-06-25 00:00:00 UTC,5e-05,2.66702241
FINAL_REAL_MARK_PREMIUM_CLOSED_GUARD_2026_06_13,1782346500000,2026-06-25 00:15:00 UTC,MUSDT,1782346500000,2026-06-25 00:15:00 UTC,1782347399999,2026-06-25 00:29:59 UTC,True,2.6464,2.6488,2.6125,2.6227,-0.02389999999999981,-0.9030454167611203,19.462021589921022,2.64638747,2.64703674,2.61163404,2.6210462,-0.025341270000000193,-0.9575797303786431,1782347399999,2026-06-25 00:29:59 UTC,0.0016538000000001496,0.06309694197683924,0.0,0.00134594,-0.00163921,0.0,0.0,,1782347399999,2026-06-25 00:29:59 UTC,1607,204.0,14.540270848182466,34647.0,-10850.0,-23.84772622370706,91110.5902,-29583.9078,-24.511397197244236,binance_kline_quote_asset_volume,21.560049782202864,56.696073553204734,0.03630000000000022,1.3716747279322938,-0.023699999999999832,-0.8955562273276843,0.023699999999999832,0.8955562273276843,0.0024000000000001798,6.61157024793434,0.010200000000000209,28.099173553719414,0.28099173553719414,10780.0,23867.0,31.11380494703726,68.88619505296273,28406.3948,-41133.65710000001,-59.1510301993318,62704.19540000001,11549.74930000001,22.578192475042773,31.17792864434764,68.82207135565235,0.4516696694180249,0.4530222358933258,-34297.80060000002,-37.644142711304724,7284564.0,19277778.89401308,13071.0,0.17975675696861704,-115455.89114505053,-0.5953410682853707,1.0016,0.0016000000000000458,0.16000000000000458,50.03999999999999,49.96,1.6261,-0.005099999999999882,-0.31265326140264116,61.919999999999995,38.080000000000005,0.9889,-0.0014999999999999458,-0.15145395799676353,49.72,50.28,0.6245,-0.012700000000000045,-0.6372000000000001,1782345600000,2026-06-25 00:00:00 UTC,5e-05,2.66702241
FINAL_REAL_MARK_PREMIUM_CLOSED_GUARD_2026_06_13,1782347400000,2026-06-25 00:30:00 UTC,MUSDT,1782347400000,2026-06-25 00:30:00 UTC,1782348299999,2026-06-25 00:44:59 UTC,True,2.6244,2.625,0.4979,0.5506,-2.0721,-79.00636748389064,1.2060376067896073,2.62271126,2.62465239,0.51275349,0.55,-2.0710461999999996,-79.01601276619999,1782348299999,2026-06-25 00:44:59 UTC,0.0005999999999999339,0.10909090909089705,0.0,0.09340624,-0.37393594,-0.00975775,-0.00975775,,1782348299999,2026-06-25 00:44:59 UTC,198383,196776.0,12244.928438083385,12938562.0,12903915.0,37243.960516062,11546426.2221,11455315.631900001,12572.979284574978,binance_kline_quote_asset_volume,65.22011462675734,58.20269993951095,2.1271,81.05090687395214,-2.0738000000000003,-79.01996646852615,2.0738000000000003,79.01996646852615,0.0005999999999999339,0.02820741855107583,0.05269999999999997,2.4775515960697647,0.024775515960697648,6030773.0,6907789.0,46.61084438904416,53.38915561095584,5263961.958,5235555.5632,18430.904731352955,6282464.264100001,6219760.068700002,9919.20880097921,45.58953443035657,54.41046556964343,0.8730395499920452,0.8378817191336769,-1018502.3061000016,-8.820931139286852,7285146.0,19094704.2397452,582.0,0.007989496694654616,-183074.65426788107,-0.9496667394848939,1.0024,0.0007999999999999119,0.07987220447283465,50.06,49.94,1.6238,-0.0023000000000001908,-0.14144271570015315,61.89,38.11,0.9865,-0.0023999999999999577,-0.24269390231570007,49.66,50.339999999999996,0.6214,-0.015899999999999914,-0.6372999999999999,1782345600000,2026-06-25 00:00:00 UTC,5e-05,2.66702241
FINAL_REAL_MARK_PREMIUM_CLOSED_GUARD_2026_06_13,1782348300000,2026-06-25 00:45:00 UTC,MUSDT,1782348300000,2026-06-25 00:45:00 UTC,1782349199999,2026-06-25 00:59:59 UTC,True,0.5526,0.6158,0.4057,0.4604,-0.0902,-16.382128586996007,1.155237000388567,0.5468,0.6035,0.4181,0.4574,-0.09260000000000007,-16.83636363636365,1782349199999,2026-06-25 00:59:59 UTC,0.0030000000000000027,0.6558810668998694,0.0,0.04272789,-0.03174415,0.0,0.00975775,-100.0,1782349199999,2026-06-25 00:59:59 UTC,118488,-79895.0,-40.27310807881724,11555134.0,-1383428.0,-10.692285587841987,5986876.5895,-5559549.632600001,-48.149527184081904,binance_kline_quote_asset_volume,97.52155492539329,50.52728199902099,0.2101,38.02026782482809,-0.0922,-16.684762938834602,0.0922,16.684762938834602,0.06320000000000003,30.080913850547375,0.05469999999999997,26.035221323179425,0.26035221323179425,5395057.0,6160077.0,46.68969654527589,53.31030345472411,2796299.3564,-2467662.6015999997,-46.87842771830305,3190577.2331,-3091887.0310000014,-49.21455818965859,46.70714878780449,53.292851212195515,0.8758099939335174,0.8764242806569157,-394277.8766999999,-6.58570242439102,4585825.0,2522203.75,-2699321.0,-37.05239400830128,-16572500.4897452,-86.79108239471923,2.0248,1.0224,101.99521149241819,66.94,33.06,0.7276,-0.8961999999999999,-55.19152605000615,42.120000000000005,57.879999999999995,1.7956,0.8091,82.01723264064876,64.23,35.77,-1.2972,-0.22919999999999985,1.068,1782345600000,2026-06-25 00:00:00 UTC,5e-05,2.66702241
FINAL_REAL_MARK_PREMIUM_CLOSED_GUARD_2026_06_13,1782349200000,2026-06-25 01:00:00 UTC,MUSDT,1782349200000,2026-06-25 01:00:00 UTC,1782350099999,2026-06-25 01:14:59 UTC,True,0.4626,0.555,0.4356,0.5137,0.05330000000000007,11.57688966116422,3.735590183549732,0.4629,0.55222564,0.4397482,0.5174486,0.06004860000000006,13.128246611281169,1782350099999,2026-06-25 01:14:59 UTC,-0.003748599999999991,-0.7244391037100092,-0.00502744,0.00739233,-0.03952065,-0.02597502,-0.02597502,,1782350099999,2026-06-25 01:14:59 UTC,98738,-19750.0,-16.668354601309836,11551028.0,-4106.0,-0.03553398861493082,5603123.2398,-383753.34970000014,-6.409909139818258,binance_kline_quote_asset_volume,116.98665154246592,56.74738438898904,0.11940000000000006,25.810635538262012,0.051100000000000034,11.046260268050158,0.051100000000000034,11.046260268050158,0.0413,34.589614740368496,0.027000000000000024,22.613065326633176,0.6541038525963151,5833912.0,5717116.0,50.5055653921019,49.4944346078981,2832830.6362,36531.279800000135,1.306415198944618,2770292.6035999996,-420284.6295000003,-13.172683147733963,50.558064046813946,49.44193595318606,1.0204291814264395,1.0225745224597331,62538.0326000005,1.116128093627881,5756273.0,2632919.2702,1170448.0,25.52317194834081,110715.52020000014,4.389634271220164,1.9533,-0.0714999999999999,-3.531212959304618,66.14,33.86,0.8618,0.13419999999999999,18.444200109950522,46.29,53.71,1.745,-0.05059999999999998,-2.817999554466472,63.57000000000001,36.43,-1.0915,-0.20829999999999993,0.8832000000000001,1782345600000,2026-06-25 00:00:00 UTC,5e-05,2.66702241
FINAL_REAL_MARK_PREMIUM_CLOSED_GUARD_2026_06_13,1782350100000,2026-06-25 01:15:00 UTC,MUSDT,1782350100000,2026-06-25 01:15:00 UTC,1782350999999,2026-06-25 01:29:59 UTC,True,0.5137,0.558,0.4813,0.5412,0.02749999999999997,5.353319057815839,5.111934988123636,0.517406,0.54962534,0.4834,0.5419,0.024451400000000012,4.725377554408305,1782350999999,2026-06-25 01:29:59 UTC,-0.0007000000000000339,-0.12917512456173352,-0.01970167,0.00353685,-0.04341178,-0.02479291,0.00118211,-4.550949335168943,1782350999999,2026-06-25 01:29:59 UTC,61531,-37207.0,-37.682553829326096,6340575.0,-5210453.0,-45.10813236709321,3313453.8613,-2289669.3784999996,-40.86416236994509,binance_kline_quote_asset_volume,103.04683817912922,53.850154577367505,0.07670000000000005,14.930893517617294,0.02749999999999997,5.353319057815839,0.02749999999999997,5.353319057815839,0.016800000000000037,21.90352020860499,0.03240000000000004,42.24250325945244,0.7809647979139501,3152710.0,3187865.0,49.72277750834901,50.277222491650996,1651406.9251,-1181423.7111,-41.70470680466725,1662046.9361999999,-1108245.6673999997,-40.00464304600289,49.839442292764794,50.160557707235206,0.9889722431784282,0.9935982487207453,-10640.01109999977,-0.32111541447042424,6083014.0,3147647.0780804,326741.0,5.676259621459927,514727.80788039975,19.549699594142904,2.0414,0.08809999999999985,4.510315875697529,67.12,32.879999999999995,0.8887,0.026900000000000035,3.121373868647022,47.05,52.949999999999996,1.9019,0.15689999999999982,8.991404011461308,65.53999999999999,34.46,-1.1526999999999998,-0.13949999999999996,1.0131999999999999,1782345600000,2026-06-25 00:00:00 UTC,5e-05,2.66702241
FINAL_REAL_MARK_PREMIUM_CLOSED_GUARD_2026_06_13,1782351000000,2026-06-25 01:30:00 UTC,MUSDT,1782351000000,2026-06-25 01:30:00 UTC,1782351899999,2026-06-25 01:44:59 UTC,True,0.5412,0.6682,0.516,0.6502,0.10899999999999999,20.14042867701404,10.569816517860787,0.5412,0.65415877,0.5201,0.65106649,0.10916649,20.14513563388079,1782351899999,2026-06-25 01:44:59 UTC,-0.000866490000000053,-0.13308778954359224,-0.02076942,0.01168429,-0.03647381,-0.00747986,0.017313050000000003,-69.83064916542673,1782351899999,2026-06-25 01:44:59 UTC,67031,5500.0,8.938583803286148,7528212.0,1187637.0,18.730746028554194,4368167.5389,1054713.6776,31.831246842416988,binance_kline_quote_asset_volume,112.30940907938118,65.16637882323104,0.1522,28.12269031781227,0.10899999999999999,20.14042867701404,0.10899999999999999,20.14042867701404,0.018000000000000016,11.826544021024977,0.0252,16.557161629434955,0.8817345597897502,4043411.0,3484801.0,53.71011071420412,46.28988928579588,2348914.2962,697507.3711000001,42.23715914584547,2019253.2426999998,357206.30649999995,21.491950601388794,53.77344791110068,46.22655208889931,1.160298966856357,1.1632588951840441,329661.0535000004,7.546895822201368,6339417.0,3435330.0723,256403.0,4.215065097663757,287682.9942196002,9.139620392100769,2.0798,0.03840000000000021,1.8810620162633591,67.53,32.47,0.9361,0.0474,5.333633397096882,48.35,51.65,1.9155,0.013600000000000056,0.7150743992849286,65.7,34.300000000000004,-1.1437,-0.1643000000000001,0.9793999999999999,1782345600000,2026-06-25 00:00:00 UTC,5e-05,2.66702241
FINAL_REAL_MARK_PREMIUM_CLOSED_GUARD_2026_06_13,1782351900000,2026-06-25 01:45:00 UTC,MUSDT,1782351900000,2026-06-25 01:45:00 UTC,1782352799999,2026-06-25 01:59:59 UTC,True,0.6502,1.0356,0.6369,0.8965,0.24629999999999996,37.880652107043986,21.550409465594527,0.6502893,0.96180589,0.6426,0.90758489,0.2565183999999999,39.39972398210817,1782352799999,2026-06-25 01:59:59 UTC,-0.011084890000000014,-1.221361232666623,-0.01265319,0.02409625,-0.04338866,-0.00096093,0.006518929999999999,-87.15310179602291,1782352799999,2026-06-25 01:59:59 UTC,189876,122845.0,183.26595157464456,15494913.0,7966701.0,105.82461014647302,12394665.657,8026498.1181,183.74977714616796,binance_kline_quote_asset_volume,81.60543196612527,65.2776846836883,0.39870000000000005,61.31959397108583,0.24629999999999996,37.880652107043986,0.24629999999999996,37.880652107043986,0.1391000000000001,34.88838725859044,0.013299999999999979,3.335841484825677,0.6511161274140955,7933354.0,7561559.0,51.19973245412866,48.80026754587134,6356407.3727,4007493.0765,170.610442576947,6038258.2842999995,4019005.0415999996,199.03422496061344,51.283411336796824,48.716588663203176,1.0491690933047009,1.0526888836847565,318149.0884000007,2.566822673593645,6039825.0,3932327.66296425,-299592.0,-4.725860437955099,496997.59066424984,14.467244200831718,2.0211,-0.058699999999999974,-2.822386767958456,66.9,33.1,0.9538,0.017699999999999938,1.8908236299540582,48.82,51.18000000000001,2.0675,0.1519999999999999,7.935264943878878,67.4,32.6,-1.0673000000000001,0.046399999999999775,1.1137,1782345600000,2026-06-25 00:00:00 UTC,5e-05,2.66702241
FINAL_REAL_MARK_PREMIUM_CLOSED_GUARD_2026_06_13,1782352800000,2026-06-25 02:00:00 UTC,MUSDT,1782352800000,2026-06-25 02:00:00 UTC,1782353699999,2026-06-25 02:14:59 UTC,True,0.8978,0.9699,0.8139,0.9154,0.018900000000000028,2.1081985499163443,22.338416308653706,0.90816489,0.953025,0.8198,0.91625086,0.008665970000000023,0.9548385055198554,1782353699999,2026-06-25 02:14:59 UTC,-0.0008508600000000088,-0.09286321433848464,-0.02058761,0.01226087,-0.02937102,-0.00098589,-2.495999999999987e-05,2.5974836876775487,1782353699999,2026-06-25 02:14:59 UTC,125084,-64792.0,-34.12332258947945,8218272.0,-7276641.0,-46.96148342362426,7459700.4844,-4934965.172599999,-39.81523430454885,binance_kline_quote_asset_volume,65.70202423971091,59.63752745674907,0.15600000000000003,17.3758075295166,0.01759999999999995,1.9603475161505846,0.01759999999999995,1.9603475161505846,0.05449999999999999,34.935897435897424,0.08390000000000009,53.78205128205133,0.6506410256410258,4091285.0,4126987.0,49.782788887980345,50.217211112019655,3723405.1312,-2633002.2415,-41.42280516520111,3736295.3532000002,-2301962.931099999,-38.122962329804686,49.913600941304836,50.086399058695164,0.9913491367915624,0.9965499991886455,-12890.222000000067,-0.1727981173903238,5307356.0,4816876.11145084,-732469.0,-12.127321569747467,884548.4484865898,22.494271187457542,1.5813,-0.4398000000000002,-21.76042748998071,61.260000000000005,38.74,1.0353,0.08150000000000013,8.544768295240106,50.870000000000005,49.13,1.6497,-0.41779999999999995,-20.207980652962515,62.260000000000005,37.74,-0.5459999999999998,0.06840000000000002,0.6143999999999998,1782345600000,2026-06-25 00:00:00 UTC,5e-05,2.66702241
FINAL_REAL_MARK_PREMIUM_CLOSED_GUARD_2026_06_13,1782353700000,2026-06-25 02:15:00 UTC,MUSDT,1782353700000,2026-06-25 02:15:00 UTC,1782354599999,2026-06-25 02:29:59 UTC,True,0.917,0.9358,0.8464,0.8724,-0.04300000000000004,-4.6974000436967485,21.80184928819878,0.9172,0.9332,0.85042016,0.8748,-0.04145085999999998,-4.523964103018685,1782354599999,2026-06-25 02:29:59 UTC,-0.0024000000000000687,-0.27434842249657854,-0.00607029,0.01172123,-0.0240957,-0.00226543,-0.0012795400000000002,129.78527016198564,1782354599999,2026-06-25 02:29:59 UTC,73606,-51478.0,-41.15474401202392,4772905.0,-3445367.0,-41.923253452793965,4234156.4538,-3225544.0306,-43.239591687968925,binance_kline_quote_asset_volume,64.84396652446812,57.52461013776051,0.08939999999999992,9.749182115594321,-0.044600000000000084,-4.863685932388232,0.044600000000000084,4.863685932388232,0.018799999999999928,21.029082774049154,0.025999999999999912,29.08277404921693,0.2908277404921693,2311836.0,2461069.0,48.436664882288675,51.563335117711325,2051752.3313,-1671652.7999000002,-44.89580749332132,2182404.1225000005,-1553891.2306999997,-41.58908982848877,48.45716859278139,51.542831407218614,0.9393625290473367,0.940134006413837,-130651.79120000056,-3.0856628144372267,5342456.0,4895029.90451216,35100.0,0.6613462522581866,78153.79306132067,1.622499546449427,1.412,-0.1693,-10.70638082590274,58.540000000000006,41.46,1.0569,0.02159999999999984,2.0863517820921316,51.38,48.620000000000005,1.4242,-0.22550000000000003,-13.669151967024309,58.75,41.25,-0.35509999999999997,0.012199999999999989,0.36729999999999996,1782345600000,2026-06-25 00:00:00 UTC,5e-05,2.66702241
FINAL_REAL_MARK_PREMIUM_CLOSED_GUARD_2026_06_13,1782354600000,2026-06-25 02:30:00 UTC,MUSDT,1782354600000,2026-06-25 02:30:00 UTC,1782355499999,2026-06-25 02:44:59 UTC,True,0.8722,0.8748,0.7724,0.8167,-0.05569999999999997,-6.384685923888121,21.095006735452813,0.8725,0.8737,0.7777,0.8192,-0.05559999999999998,-6.355738454503884,1782355499999,2026-06-25 02:44:59 UTC,-0.0025000000000000577,-0.30517578125000705,-1.334e-05,0.0,-0.02396578,-0.00648274,-0.00421731,186.15936047461187,1782355499999,2026-06-25 02:44:59 UTC,74016,410.0,0.5570198081678125,5635307.0,862402.0,18.06870239403466,4617430.1231,383273.6693000002,9.051948681679585,binance_kline_quote_asset_volume,76.13633538694336,62.3842158871055,0.10240000000000005,11.740426507681729,-0.055499999999999994,-6.363219445081403,0.055499999999999994,6.363219445081403,0.0026000000000000467,2.5390625000000444,0.044300000000000006,43.261718749999986,0.4326171874999999,2794505.0,2840802.0,49.5892237991648,50.410776200835194,2292174.449,240422.11770000006,11.717891776326992,2325255.6741000004,142851.5515999999,6.545604919237402,49.641778822656114,50.358221177343886,0.9837028416623192,0.9857730805827172,-33081.22510000039,-0.7164423546877775,5449260.0,4767012.648,106804.0,1.9991554446119912,-128017.25651216041,-2.6152497330844935,1.4056,-0.006399999999999961,-0.45325779036826924,58.43000000000001,41.57,1.1034,0.046499999999999986,4.3996593812091955,52.459999999999994,47.54,1.3764,-0.04779999999999984,-3.35627018677151,57.92,42.08,-0.3022,-0.029199999999999893,0.27300000000000013,1782345600000,2026-06-25 00:00:00 UTC,5e-05,2.66702241
FINAL_REAL_MARK_PREMIUM_CLOSED_GUARD_2026_06_13,1782355500000,2026-06-25 02:45:00 UTC,MUSDT,1782355500000,2026-06-25 02:45:00 UTC,1782356399999,2026-06-25 02:59:59 UTC,True,0.8172,0.8451,0.7524,0.7727,-0.04399999999999993,-5.387535202644781,20.52879993585705,0.8182,0.8263,0.7645442,0.7712,-0.04800000000000004,-5.859375000000004,1782356399999,2026-06-25 02:59:59 UTC,0.0015000000000000568,0.19450207468880407,-0.01410459,0.0,-0.02119812,-0.00959451,-0.0031117700000000007,48.000845321577,1782356399999,2026-06-25 02:59:59 UTC,57304,-16712.0,-22.578901859057503,3867522.0,-1767785.0,-31.369808246471752,3058022.0579,-1559408.0652000005,-33.77220712877972,binance_kline_quote_asset_volume,67.49130950718973,53.36489700369957,0.0927,11.343612334801763,-0.044499999999999984,-5.445423396965245,0.044499999999999984,5.445423396965245,0.027899999999999925,30.097087378640698,0.020300000000000096,21.89859762675307,0.2189859762675307,1841393.0,2026129.0,47.61170072206441,52.38829927793559,1459087.4582,-833086.9908,-36.344833664970324,1598934.5997,-726321.0744000005,-31.23618114301026,47.71343798618582,52.28656201381418,0.9088231795705012,0.9125372973189531,-139847.1414999999,-4.573124027628353,5503132.0,4508165.7344,53872.0,0.9886112976807861,-258846.91359999962,-5.42996070523536,1.3359,-0.06969999999999987,-4.958736482640856,57.19,42.809999999999995,1.0972,-0.006199999999999983,-0.5618995831067594,52.32,47.68,1.2222,-0.15420000000000011,-11.20313862249347,55.00000000000001,45.0,-0.23870000000000013,-0.11370000000000013,0.125,1782345600000,2026-06-25 00:00:00 UTC,5e-05,2.66702241
FINAL_REAL_MARK_PREMIUM_CLOSED_GUARD_2026_06_13,1782356400000,2026-06-25 03:00:00 UTC,MUSDT,1782356400000,2026-06-25 03:00:00 UTC,1782357299999,2026-06-25 03:14:59 UTC,True,0.7727,0.7956,0.6167,0.6767,-0.09600000000000009,-12.42396790474959,19.310927541594126,0.7727,0.79391582,0.6280977,0.67762585,-0.09357415000000002,-12.133577541493779,1782357299999,2026-06-25 03:14:59 UTC,-0.0009258500000000058,-0.13663144639479233,-0.01119221,0.00647173,-0.02243837,0.0,0.00959451,-100.0,1782357299999,2026-06-25 03:14:59 UTC,92581,35277.0,61.56114756386989,8434034.0,4566512.0,118.07332964104664,5999699.2985,2941677.2405999997,96.19542256082036,binance_kline_quote_asset_volume,91.09897279139348,64.80486599302232,0.17889999999999995,23.1525818558302,-0.09600000000000009,-12.42396790474959,0.09600000000000009,12.42396790474959,0.02289999999999992,12.800447177193922,0.05999999999999994,33.53828954723307,0.3353828954723307,3775070.0,4658964.0,44.759957097635606,55.240042902364394,2683429.9936,1224342.5354000002,83.9115248725671,3316269.3048999994,1717334.7051999995,107.40493735780151,44.726074759628226,55.27392524037177,0.8102809980931382,0.8091713147768371,-632839.3112999992,-10.547850480743543,5669264.0,4372207.94291168,166132.0,3.018862713087747,-135957.79148832057,-3.015811740257935,1.3952,0.05929999999999991,4.4389550116026575,58.25,41.75,1.1331,0.03590000000000004,3.2719650018228257,53.12,46.88,1.281,0.05879999999999996,4.81099656357388,56.16,43.84,-0.2621,-0.11420000000000008,0.14789999999999992,1782345600000,2026-06-25 00:00:00 UTC,5e-05,2.66702241
FINAL_REAL_MARK_PREMIUM_CLOSED_GUARD_2026_06_13,1782357300000,2026-06-25 03:15:00 UTC,MUSDT,1782357300000,2026-06-25 03:15:00 UTC,1782358199999,2026-06-25 03:29:59 UTC,True,0.6769,0.7453,0.6477,0.7169,0.040200000000000014,5.940594059405943,21.41338072407156,0.67872655,0.7352,0.65420711,0.7168,0.03917415000000002,5.781088487105388,1782358199999,2026-06-25 03:29:59 UTC,9.999999999998899e-05,0.01395089285714132,0.0,0.00727349,-0.01875905,-0.00790332,-0.00790332,,1782358199999,2026-06-25 03:29:59 UTC,69751,-22830.0,-24.65948736781845,5637828.0,-2796206.0,-33.15383836489158,3943330.0929,-2056369.2055999995,-34.27453782748942,binance_kline_quote_asset_volume,80.82791644564236,56.53438793565684,0.09759999999999991,14.418673363864665,0.040000000000000036,5.909292362239627,0.040000000000000036,5.909292362239627,0.02839999999999998,29.098360655737714,0.029199999999999893,29.918032786885163,0.7090163934426229,2893826.0,2744002.0,51.328738656092376,48.67126134390762,2027374.2152,-656055.7784000002,-24.448402975471613,1915955.8777,-1400313.4271999993,-42.22556428487116,51.41274423995863,48.58725576004137,1.0546005432940646,1.058152872306095,111418.3374999999,2.8254884799172557,5526624.0,3744983.2856304,-142640.0,-2.5160232439343098,-627224.65728128,-14.345718810061413,1.4522,0.05699999999999994,4.0854357798165095,59.21999999999999,40.78,1.1643,0.031199999999999894,2.753508075191942,53.800000000000004,46.2,1.292,0.01100000000000012,0.8587041373926715,56.37,43.63,-0.28790000000000004,-0.1601999999999999,0.12770000000000015,1782345600000,2026-06-25 00:00:00 UTC,5e-05,2.66702241
FINAL_REAL_MARK_PREMIUM_CLOSED_GUARD_2026_06_13,1782358200000,2026-06-25 03:30:00 UTC,MUSDT,1782358200000,2026-06-25 03:30:00 UTC,1782359099999,2026-06-25 03:44:59 UTC,True,0.7169,0.73,0.6623,0.7209,0.0040000000000000036,0.5579578741804998,21.63219111219749,0.71754654,0.72564952,0.669,0.7227373,0.005937300000000034,0.8283063616071477,1782359099999,2026-06-25 03:44:59 UTC,-0.0018373000000000417,-0.2542140830423505,-0.00785708,0.01539898,-0.01037963,0.0,0.00790332,-100.0,1782359099999,2026-06-25 03:44:59 UTC,56474,-13277.0,-19.034852546916888,4493325.0,-1144503.0,-20.300424205917597,3141929.6991,-801400.3938000002,-20.322934548211638,binance_kline_quote_asset_volume,79.56448985373801,55.63497714169352,0.06769999999999998,9.44343702050495,0.0040000000000000036,0.5579578741804998,0.0040000000000000036,0.5579578741804998,0.009099999999999997,13.44165435745938,0.05459999999999998,80.64992614475626,0.8655834564254062,2264483.0,2228842.0,50.39659940022144,49.60340059977856,1584340.7494,-443033.4657999999,-21.8525747480859,1557588.9496999998,-358366.9280000003,-18.704341377119817,50.425722442288624,49.574277557711376,1.0159908149613117,1.0171751344956272,26751.799700000323,0.8514448845772498,5626486.0,4033065.1648,99862.0,1.8069258918283568,288081.8791696001,7.692474363636759,1.5088,0.056599999999999984,3.8975347748244036,60.14000000000001,39.86,1.167,0.0027000000000001467,0.23189899510436718,53.849999999999994,46.150000000000006,1.3585,0.0665,5.147058823529412,57.599999999999994,42.4,-0.3417999999999999,-0.15029999999999988,0.1915,1782345600000,2026-06-25 00:00:00 UTC,5e-05,2.66702241
FINAL_REAL_MARK_PREMIUM_CLOSED_GUARD_2026_06_13,1782359100000,2026-06-25 03:45:00 UTC,MUSDT,1782359100000,2026-06-25 03:45:00 UTC,1782359999999,2026-06-25 03:59:59 UTC,True,0.7208,0.8138,0.7172,0.7303,0.009399999999999964,1.303925648494932,22.18054391409207,0.7220273,0.78482319,0.72043965,0.73317156,0.010434260000000029,1.4437140576527638,1782359999999,2026-06-25 03:59:59 UTC,-0.0028715600000001062,-0.39166276444221404,-0.00105163,0.03599164,-0.0086477,-0.0015,-0.0015,,1782359999999,2026-06-25 03:59:59 UTC,67816,11342.0,20.08357828381202,5085819.0,592494.0,13.186092704177863,3832311.4797,690381.7806000002,21.973177210099855,binance_kline_quote_asset_volume,74.99438185678896,56.51043234192521,0.09660000000000002,13.40177580466149,0.009499999999999953,1.3179800221975517,0.009499999999999953,1.3179800221975517,0.08350000000000002,86.43892339544513,0.0036000000000000476,3.7267080745342103,0.13561076604554864,2763760.0,2322059.0,54.342476600130674,45.65752339986932,2085919.5071,501578.75769999996,31.658515246164754,1746391.9726,188803.02290000021,12.12149219062993,54.42980086950786,45.57019913049214,1.1902195422252406,1.1944165684605828,339527.53450000007,8.859601739015714,5624373.0,4064944.1562129,-2113.0,-0.037554523373914024,31878.991412899923,0.7904407717270495,1.5297,0.02090000000000014,1.3852067868504867,60.47,39.53,1.1784,0.011399999999999855,0.9768637532133551,54.09,45.910000000000004,1.4096,0.05109999999999992,3.7615016562384924,58.5,41.5,-0.35130000000000017,-0.1201000000000001,0.23120000000000007,1782345600000,2026-06-25 00:00:00 UTC,5e-05,2.66702241
FINAL_REAL_MARK_PREMIUM_CLOSED_GUARD_2026_06_13,1782360000000,2026-06-25 04:00:00 UTC,MUSDT,1782360000000,2026-06-25 04:00:00 UTC,1782360899999,2026-06-25 04:14:59 UTC,True,0.7315,0.747,0.6912,0.7431,0.012800000000000034,1.752704368067922,22.97093816099425,0.73461026,0.7465,0.71259374,0.74540627,0.012234709999999982,1.6687376689843207,1782360899999,2026-06-25 04:14:59 UTC,-0.0023062700000000547,-0.3093977194476852,-0.00533624,0.00424081,-0.00993752,-0.00453817,-0.00303817,202.54466666666667,1782360899999,2026-06-25 04:14:59 UTC,39996,-27820.0,-41.02276748849829,3069757.0,-2016062.0,-39.64085233863022,2241975.4604,-1590336.0192999998,-41.49808875724512,binance_kline_quote_asset_volume,76.751600160016,56.05499200920092,0.05579999999999996,7.628161312371833,0.011599999999999944,1.5857826384142095,0.011599999999999944,1.5857826384142095,0.0039000000000000146,6.989247311827988,0.0403,72.22222222222227,0.9301075268817202,1494782.0,1574975.0,48.69382169337834,51.30617830662166,1093695.6977,-992223.8094000001,-47.56769405639546,1148279.7627000003,-598112.2098999997,-34.248451623923806,48.78267924952529,51.21732075047471,0.9490830013174812,0.9524644892533379,-54584.06500000041,-2.4346415009494278,5440975.0,3989168.128671,-183398.0,-3.260772356314206,-75776.02754190005,-1.864134527557611,1.5465,0.016799999999999926,1.0982545597175868,60.73,39.269999999999996,1.1836,0.0052000000000000934,0.4412763068567629,54.2,45.800000000000004,1.4956,0.08600000000000008,6.101021566401822,59.93000000000001,40.07,-0.3629,-0.050899999999999945,0.31200000000000006,1782345600000,2026-06-25 00:00:00 UTC,5e-05,2.66702241
FINAL_REAL_MARK_PREMIUM_CLOSED_GUARD_2026_06_13,1782360900000,2026-06-25 04:15:00 UTC,MUSDT,1782360900000,2026-06-25 04:15:00 UTC,1782361799999,2026-06-25 04:29:59 UTC,True,0.7434,0.7756,0.7296,0.7508,0.00770000000000004,1.0361997039429471,23.47447049261612,0.74524627,0.76953683,0.72982964,0.7485903,0.0031840300000000044,0.4271536379751681,1782361799999,2026-06-25 04:29:59 UTC,0.002209699999999981,0.2951814897948826,-0.0040647,0.00633025,-0.01049597,0.00275011,0.00728828,-160.59953681770403,1782361799999,2026-06-25 04:29:59 UTC,30592,-9404.0,-23.512351235123514,2885307.0,-184450.0,-6.008618923256792,2153930.2917,-88045.16870000027,-3.927124549538636,binance_kline_quote_asset_volume,94.31573614016736,70.40828620881275,0.04599999999999993,6.187785848802789,0.007400000000000073,0.9954264191552425,0.007400000000000073,0.9954264191552425,0.024799999999999933,53.9130434782608,0.013799999999999923,29.999999999999876,0.4608695652173919,1469949.0,1415358.0,50.94601718292022,49.05398281707978,1098042.2995,4346.601800000062,0.3974233243433982,1055887.9922,-92391.77050000033,-8.046102831487296,50.97854390790728,49.02145609209271,1.038570453553094,1.0399230861714501,42154.307299999986,1.9570878158145728,5509875.0,4107095.37191625,68900.0,1.2663171582299129,117927.24324525008,2.9561863386424325,1.5329,-0.013600000000000056,-0.8794051083090887,60.519999999999996,39.48,1.2073,0.023700000000000054,2.0023656640757057,54.690000000000005,45.31,1.4894,-0.006199999999999983,-0.41454934474458294,59.830000000000005,40.17,-0.3255999999999999,-0.04349999999999987,0.2821,1782360000008,2026-06-25 04:00:00 UTC,-0.00294098,0.73461026
FINAL_REAL_MARK_PREMIUM_CLOSED_GUARD_2026_06_13,1782361800000,2026-06-25 04:30:00 UTC,MUSDT,1782361800000,2026-06-25 04:30:00 UTC,1782362699999,2026-06-25 04:44:59 UTC,True,0.7507,0.7704,0.7116,0.724,-0.026800000000000046,-3.569525839104961,22.913054861334174,0.7486603,0.7692,0.71335807,0.72527165,-0.023318649999999996,-3.115008302939538,1782362699999,2026-06-25 04:44:59 UTC,-0.0012716500000000686,-0.17533430405008502,0.0053915,0.00879878,-0.00967631,-0.00371456,-0.0064646700000000005,-235.06950631065666,1782362699999,2026-06-25 04:44:59 UTC,35541,4949.0,16.1774320083682,3640330.0,755023.0,26.16785666135354,2685259.9202,531329.6285000001,24.66791198152683,binance_kline_quote_asset_volume,102.42621198052953,75.55386511915816,0.05879999999999996,7.832689489809506,-0.026700000000000057,-3.5566804315971834,0.026700000000000057,3.5566804315971834,0.01969999999999994,33.50340136054414,0.012399999999999967,21.08843537414962,0.21088435374149617,1828505.0,1811825.0,50.22910010905605,49.77089989094395,1349855.1992,251812.89969999995,22.932896101968424,1335404.7210000001,279516.72880000016,26.472195049553683,50.269070381069916,49.730929618930084,1.0092061871317595,1.0108210477114223,14450.47819999978,0.538140762139834,5519290.0,4131686.956887,9415.0,0.17087501985072256,24591.584970749915,0.5987585566895712,1.5458,0.012900000000000134,0.8415421749624982,60.72,39.28,1.2038,-0.0035000000000000586,-0.2899030895386448,54.620000000000005,45.379999999999995,1.5202,0.03079999999999994,2.067946824224516,60.31999999999999,39.68,-0.3420000000000001,-0.025600000000000067,0.3164,1782360000008,2026-06-25 04:00:00 UTC,-0.00294098,0.73461026
FINAL_REAL_MARK_PREMIUM_CLOSED_GUARD_2026_06_13,1782362700000,2026-06-25 04:45:00 UTC,MUSDT,1782362700000,2026-06-25 04:45:00 UTC,1782363599999,2026-06-25 04:59:59 UTC,True,0.7236,0.7546,0.7192,0.7478,0.023800000000000043,3.2872928176795644,24.636807055865646,0.72501242,0.75237319,0.72063543,0.74400156,0.018729909999999905,2.5824682379353865,1782363599999,2026-06-25 04:59:59 UTC,0.0037984400000000695,0.5105419402615324,-0.00535135,0.00273884,-0.00535135,0.0,0.00371456,-100.0,1782363599999,2026-06-25 04:59:59 UTC,19604,-15937.0,-44.841169353704174,1870010.0,-1770320.0,-48.63075600288985,1387444.6947,-1297815.2255,-48.331083919926,binance_kline_quote_asset_volume,95.38920628443175,70.77355104570496,0.0354000000000001,4.892205638474309,0.0242,3.3443891652846878,0.0242,3.3443891652846878,0.006800000000000028,19.209039548022623,0.0044000000000000705,12.429378531073612,0.8079096045197738,904453.0,965557.0,48.36621194539067,51.63378805460933,671077.6128,-678777.5863999999,-50.285214799504544,716367.0819000001,-619037.6391,-46.35580729686517,48.36788200376546,51.63211799623454,0.9367163202172425,0.9367789639637264,-45289.469100000104,-3.264235992469077,5489058.0,3981058.1526057,-30232.0,-0.5477516129792056,-150628.80428129993,-3.6456974076949553,1.5753,0.02949999999999986,1.9083969465648762,61.17,38.83,1.1919,-0.011900000000000022,-0.9885363017112495,54.379999999999995,45.62,1.5291,0.008899999999999908,0.5854492829890743,60.46,39.54,-0.38339999999999996,-0.04620000000000002,0.33719999999999994,1782360000008,2026-06-25 04:00:00 UTC,-0.00294098,0.73461026
FINAL_REAL_MARK_PREMIUM_CLOSED_GUARD_2026_06_13,1782363600000,2026-06-25 05:00:00 UTC,MUSDT,1782363600000,2026-06-25 05:00:00 UTC,1782364499999,2026-06-25 05:14:59 UTC,True,0.7478,0.7498,0.7156,0.745,-0.0028000000000000247,-0.37443166622091795,24.567206048940946,0.74427003,0.7476,0.7157,0.7454,0.0013984400000000008,0.1879619714775868,1782364499999,2026-06-25 05:14:59 UTC,-0.00039999999999995595,-0.0536624631070507,0.00485702,0.00952701,-0.00343162,0.0001906,0.0001906,,1782364499999,2026-06-25 05:14:59 UTC,25972,6368.0,32.48316670067333,2673169.0,803159.0,42.94944946818467,1956476.4151,569031.7204,41.012929926049324,binance_kline_quote_asset_volume,102.9250346527029,75.33021773833359,0.03420000000000001,4.573415351698316,-0.0028000000000000247,-0.37443166622091795,0.0028000000000000247,0.37443166622091795,0.0020000000000000018,5.847953216374273,0.02939999999999998,85.96491228070168,0.8596491228070168,1326925.0,1346244.0,49.63864985715456,50.36135014284544,971675.8301,300598.2173,44.793360941633246,984800.5850000001,268433.5031,37.47150167593427,49.66458182683155,50.335418173168456,0.9856497039169719,0.9866726775959419,-13124.754900000058,-0.6708363463369029,5487216.0,4082497.26405696,-1842.0,-0.03355767055112189,101439.11145126028,2.548043951200911,1.551,-0.02429999999999999,-1.542563321272138,60.8,39.2,1.1987,0.006800000000000139,0.5705176608776021,54.52,45.48,1.5272,-0.0019000000000000128,-0.1242560983585124,60.42999999999999,39.57,-0.35229999999999984,-0.023800000000000043,0.3284999999999998,1782360000008,2026-06-25 04:00:00 UTC,-0.00294098,0.73461026
FINAL_REAL_MARK_PREMIUM_CLOSED_GUARD_2026_06_13,1782364500000,2026-06-25 05:15:00 UTC,MUSDT,1782364500000,2026-06-25 05:15:00 UTC,1782365399999,2026-06-25 05:29:59 UTC,True,0.7453,0.7749,0.7298,0.7378,-0.007199999999999984,-0.9664429530201321,24.376501250641084,0.7454,0.7663,0.72914353,0.7374,-0.007999999999999896,-1.0732492621411185,1782365399999,2026-06-25 05:29:59 UTC,0.00039999999999995595,0.05424464334146405,0.0,0.02646799,-0.00783793,0.0,-0.0001906,-100.0,1782365399999,2026-06-25 05:29:59 UTC,25442,-530.0,-2.04065917141537,2452413.0,-220756.0,-8.258213378952098,1842515.025,-113961.3901000002,-5.82482820750872,binance_kline_quote_asset_volume,96.3923040641459,72.42021165788853,0.04510000000000003,6.0512545283778385,-0.007499999999999951,-1.00630618542868,0.007499999999999951,1.00630618542868,0.02960000000000007,65.63192904656331,0.008000000000000007,17.73835920177384,0.1773835920177384,1203627.0,1248786.0,49.07929455601483,50.92070544398517,905210.6579,-66465.17220000003,-6.840261961971388,937304.3670999999,-47496.21790000016,-4.8229274660717385,49.129078765585646,50.870921234414354,0.9638376791539943,0.96575956506071,-32093.709199999925,-1.7418424688287102,5474264.0,4080516.3856,-12952.0,-0.2360395508396243,-1980.8784569599666,-0.04852124395526181,1.5432,-0.007800000000000029,-0.5029013539651856,60.68,39.32,1.2243,0.025599999999999845,2.1356469508634226,55.04,44.96,1.5316,0.0044000000000001815,0.28810895756941995,60.5,39.5,-0.31889999999999996,-0.011599999999999833,0.30730000000000013,1782360000008,2026-06-25 04:00:00 UTC,-0.00294098,0.73461026
FINAL_REAL_MARK_PREMIUM_CLOSED_GUARD_2026_06_13,1782365400000,2026-06-25 05:30:00 UTC,MUSDT,1782365400000,2026-06-25 05:30:00 UTC,1782366299999,2026-06-25 05:44:59 UTC,True,0.7382,0.7429,0.678,0.7,-0.037800000000000056,-5.1233396584440305,23.35163513390542,0.73743149,0.7419,0.68209948,0.70012583,-0.037274170000000106,-5.054810143748319,1782366299999,2026-06-25 05:44:59 UTC,-0.00012582999999999345,-0.017972483603410756,0.0,0.00229815,-0.01900518,0.0,0.0,,1782366299999,2026-06-25 05:44:59 UTC,30439,4997.0,19.640751513245814,3214536.0,762123.0,31.076454088279586,2283952.4898,441437.4648000002,23.958418727141733,binance_kline_quote_asset_volume,105.6058346200598,75.03375570156707,0.06489999999999996,8.79165537794635,-0.03820000000000001,-5.174749390409105,0.03820000000000001,5.174749390409105,0.0047000000000000375,7.241910631741202,0.02199999999999991,33.898305084745644,0.33898305084745645,1478879.0,1735657.0,46.005986556069054,53.994013443930946,1051510.1318,146299.4739000001,16.16192569356182,1232442.358,295137.9909000001,31.487956448250724,46.03905451168462,53.96094548831538,0.8520571748911219,0.8531921391491155,-180932.22619999992,-7.921890976630766,5426467.0,4001476.7658,-47797.0,-0.8731219393145818,-79039.61979999999,-1.9370004266844276,1.6028,0.0596000000000001,3.862104717470198,61.58,38.42,1.224,-0.00029999999999996696,-0.024503798088701054,55.04,44.96,1.59,0.05840000000000001,3.813006006790285,61.39,38.61,-0.3788,-0.012799999999999923,0.3660000000000001,1782360000008,2026-06-25 04:00:00 UTC,-0.00294098,0.73461026
FINAL_REAL_MARK_PREMIUM_CLOSED_GUARD_2026_06_13,1782366300000,2026-06-25 05:45:00 UTC,MUSDT,1782366300000,2026-06-25 05:45:00 UTC,1782367199999,2026-06-25 05:59:59 UTC,True,0.6995,0.7279,0.6922,0.7197,0.01970000000000005,2.8142857142857216,25.118603634679744,0.70055526,0.72403021,0.69357665,0.7207204,0.02059457000000009,2.9415526634690927,1782367199999,2026-06-25 05:59:59 UTC,-0.0010204000000000324,-0.14158056300335503,-0.00095419,0.00347715,-0.00812539,-0.00313582,-0.00313582,,1782367199999,2026-06-25 05:59:59 UTC,22488,-7951.0,-26.12109464831302,1859941.0,-1354595.0,-42.13967427958499,1324513.535,-959438.9548000002,-42.00783331022861,binance_kline_quote_asset_volume,82.70815546069015,58.89868085200996,0.035699999999999954,5.103645461043596,0.020199999999999996,2.887776983559685,0.020199999999999996,2.887776983559685,0.008199999999999985,22.969187675070017,0.007299999999999973,20.448179271708636,0.7703081232492999,953652.0,906289.0,51.27323931242981,48.7267606875702,679622.3068,-371887.82500000007,-35.367022509178646,644891.2281999999,-587551.1298000001,-47.673720883260984,51.31108809695931,48.68891190304068,1.0522603716915906,1.0538557156327593,34731.078600000124,2.622176193918632,5449632.0,3815428.12719456,23165.0,0.4268891711679072,-186048.63860544004,-4.649499409707157,1.6015,-0.0013000000000000789,-0.08110806089344141,61.56,38.440000000000005,1.2445,0.020499999999999963,1.6748366013071863,55.45,44.55,1.5272,-0.06280000000000019,-3.9496855345912065,60.42999999999999,39.57,-0.357,-0.07430000000000003,0.28269999999999995,1782360000008,2026-06-25 04:00:00 UTC,-0.00294098,0.73461026
FINAL_REAL_MARK_PREMIUM_CLOSED_GUARD_2026_06_13,1782367200000,2026-06-25 06:00:00 UTC,MUSDT,1782367200000,2026-06-25 06:00:00 UTC,1782368099999,2026-06-25 06:14:59 UTC,True,0.7196,0.7297,0.6966,0.6981,-0.021599999999999953,-3.001250521050431,24.452978239792316,0.7203231,0.72875126,0.698,0.698,-0.022720400000000085,-3.1524569028433334,1782368099999,2026-06-25 06:14:59 UTC,0.00010000000000010001,0.014326647564484244,-0.00396049,0.0032535,-0.0085456,-0.0024372,0.0006986200000000001,-22.278702221428524,1782368099999,2026-06-25 06:14:59 UTC,19893,-2595.0,-11.53948772678762,1562166.0,-297775.0,-16.009916443586114,1118431.0738,-206082.46120000002,-15.559105721029876,binance_kline_quote_asset_volume,78.52842708490424,56.22234322626049,0.03310000000000002,4.599777654252365,-0.021499999999999964,-2.987770983879928,0.021499999999999964,2.987770983879928,0.010099999999999998,30.51359516616312,0.0015000000000000568,4.531722054380833,0.04531722054380834,734638.0,827528.0,47.026884466823624,52.973115533176376,526460.8351,-153161.4717,-22.536263181407392,591970.2386999999,-52920.989500000025,-8.20618845254128,47.071370550470135,52.928629449529865,0.8877500217515298,0.889336660329644,-65509.403599999845,-5.857258899059735,5554102.0,4002954.6150808,104470.0,1.917010176099964,187526.48788623977,4.914952703463079,1.624,0.022500000000000187,1.404932875429297,61.89,38.11,1.2402,-0.0042999999999999705,-0.345520289272798,55.36,44.64,1.5628,0.035600000000000076,2.3310633839706703,60.980000000000004,39.019999999999996,-0.38380000000000014,-0.06120000000000014,0.3226,1782360000008,2026-06-25 04:00:00 UTC,-0.00294098,0.73461026
FINAL_REAL_MARK_PREMIUM_CLOSED_GUARD_2026_06_13,1782368100000,2026-06-25 06:15:00 UTC,MUSDT,1782368100000,2026-06-25 06:15:00 UTC,1782368999999,2026-06-25 06:29:59 UTC,True,0.6985,0.7028,0.653,0.6874,-0.010700000000000043,-1.5327317003294716,24.112111719669926,0.6987,0.7015,0.66351446,0.6879,-0.010099999999999998,-1.446991404011461,1782368999999,2026-06-25 06:29:59 UTC,-0.0004999999999999449,-0.07268498328244585,0.0,0.00152341,-0.03871804,-0.00195339,0.0004838099999999999,-19.851058591826682,1782368999999,2026-06-25 06:29:59 UTC,42904,23011.0,115.67385512491832,3686447.0,2124281.0,135.98305173713933,2504955.0924,1386524.0186,123.97044852206432,binance_kline_quote_asset_volume,85.92315401827335,58.385117760581764,0.049799999999999955,7.129563350035785,-0.011099999999999999,-1.5891195418754474,0.011099999999999999,1.5891195418754474,0.0042999999999999705,8.634538152610391,0.034399999999999986,69.07630522088357,0.6907630522088357,1739455.0,1946992.0,47.185135172158994,52.81486482784101,1182483.0654,656022.2302999999,124.60988293182152,1322472.027,730501.7883000001,123.401776059591,47.20575905682452,52.79424094317549,0.8934063416798836,0.8941459942123978,-139988.96160000004,-5.588481886350963,5560425.0,3881176.65,6323.0,0.11384378608819211,-121777.9650808,-3.0422019930481254,1.6226,-0.0014000000000000679,-0.08620689655172831,61.870000000000005,38.129999999999995,1.231,-0.009199999999999875,-0.7418158361554487,55.17999999999999,44.82,1.572,0.009200000000000097,0.5886869721013628,61.12,38.879999999999995,-0.39159999999999995,-0.05059999999999998,0.34099999999999997,1782360000008,2026-06-25 04:00:00 UTC,-0.00294098,0.73461026
FINAL_REAL_MARK_PREMIUM_CLOSED_GUARD_2026_06_13,1782369000000,2026-06-25 06:30:00 UTC,MUSDT,1782369000000,2026-06-25 06:30:00 UTC,1782369899999,2026-06-25 06:44:59 UTC,True,0.687,0.6884,0.6479,0.6622,-0.0252,-3.6659877800407332,23.2887325322194,0.6874,0.68885334,0.65714395,0.6621,-0.025799999999999934,-3.7505451373746093,1782369899999,2026-06-25 06:44:59 UTC,9.999999999998899e-05,0.015103458692038814,-0.00707526,0.0,-0.01138555,-0.00437985,-0.00242646,124.21789811558368,1782369899999,2026-06-25 06:44:59 UTC,27530,-15374.0,-35.83348871900056,2401426.0,-1285021.0,-34.857981140105906,1608246.4456,-896708.6468,-35.79739411379477,binance_kline_quote_asset_volume,87.22942244823828,58.417960247003265,0.04049999999999998,5.8951965065502145,-0.024800000000000044,-3.6098981077147076,0.024800000000000044,3.6098981077147076,0.0013999999999999568,3.456790123456685,0.01429999999999998,35.30864197530861,0.3530864197530861,1118060.0,1283366.0,46.55817002064607,53.44182997935394,749914.5528,-432568.5126,-36.58137061385099,858331.8928,-464140.1342,-35.09640466671284,46.629330650889386,53.370669349110614,0.8711934085833659,0.8736883239345478,-108417.34000000008,-6.74133869822122,5634376.0,3875887.2504,73951.0,1.3299522968118445,-5289.399600000121,-0.1362834026119404,1.4062,-0.21640000000000015,-13.336620239122404,58.440000000000005,41.56,1.2292,-0.0018000000000000238,-0.14622258326563964,55.14,44.86,1.4073,-0.16470000000000007,-10.477099236641225,58.46,41.54,-0.17699999999999982,0.001100000000000101,0.17809999999999993,1782360000008,2026-06-25 04:00:00 UTC,-0.00294098,0.73461026
FINAL_REAL_MARK_PREMIUM_CLOSED_GUARD_2026_06_13,1782369900000,2026-06-25 06:45:00 UTC,MUSDT,1782369900000,2026-06-25 06:45:00 UTC,1782370799999,2026-06-25 06:59:59 UTC,True,0.6625,0.6878,0.658,0.6846,0.022399999999999975,3.382663847780123,25.7169442994186,0.6623,0.68766673,0.66044957,0.6850324,0.022932399999999964,3.463585561093485,1782370799999,2026-06-25 06:59:59 UTC,-0.00043239999999999945,-0.06312110200918956,-0.00411748,-0.00077634,-0.0098817,-0.00514701,-0.0007671599999999994,17.515668344806315,1782370799999,2026-06-25 06:59:59 UTC,23139,-4391.0,-15.949872865964402,1842217.0,-559209.0,-23.286538914794793,1251642.7167,-356603.7289,-22.17345046063256,binance_kline_quote_asset_volume,79.61523834219284,54.092342655257355,0.029799999999999938,4.498113207547161,0.02210000000000001,3.335849056603775,0.02210000000000001,3.335849056603775,0.0031999999999999806,10.738255033557005,0.0044999999999999485,15.100671140939456,0.8926174496644299,914236.0,927981.0,49.62694405707905,50.37305594292095,621175.2379,-128739.3149,-17.167197838649546,630467.4788,-227864.414,-26.547354923125837,49.62879818753312,50.37120181246688,0.9851882743288926,0.9852613477896014,-9292.240900000092,-0.742403624933752,5685422.0,3764317.9062,51046.0,0.9059743261720552,-111569.3441999997,-2.878549787238664,1.7027,0.2965000000000002,21.085194140236112,63.0,37.0,1.2412,0.01200000000000001,0.9762447120078108,55.379999999999995,44.62,1.5806,0.1733,12.314360832800398,61.25000000000001,38.75,-0.4615,-0.1221000000000001,0.3393999999999999,1782360000008,2026-06-25 04:00:00 UTC,-0.00294098,0.73461026
FINAL_REAL_MARK_PREMIUM_CLOSED_GUARD_2026_06_13,1782370800000,2026-06-25 07:00:00 UTC,MUSDT,1782370800000,2026-06-25 07:00:00 UTC,1782371699999,2026-06-25 07:14:59 UTC,True,0.6845,0.6873,0.6644,0.6687,-0.015900000000000025,-2.3225241016652096,25.109373262147585,0.6849624,0.68804278,0.66870741,0.67,-0.015032399999999946,-2.1944071550484248,1782371699999,2026-06-25 07:14:59 UTC,-0.0013000000000000789,-0.19402985074628043,-0.0062058,-0.00116326,-0.01455142,-0.00639298,-0.0012459700000000008,24.207646769677947,1782371699999,2026-06-25 07:14:59 UTC,21301,-1838.0,-7.943299191840615,1707269.0,-134948.0,-7.32530423940285,1156644.6311,-94998.08559999987,-7.589872439833763,binance_kline_quote_asset_volume,80.1497112811605,54.30001554387118,0.02290000000000003,3.3455076698319983,-0.015800000000000036,-2.3082542001460973,0.015800000000000036,2.3082542001460973,0.0028000000000000247,12.227074235807951,0.0042999999999999705,18.77729257641906,0.1877729257641906,829320.0,877949.0,48.57582489929824,51.42417510070176,562218.119,-58957.1189,-9.491221687991889,594426.5121000002,-36040.96669999987,-5.716546516974742,48.607679825160766,51.392320174839234,0.9446106778411958,0.9458160219230232,-32208.39310000022,-2.7846403496784635,5627477.0,3855004.0752548,-57945.0,-1.019185559137035,90686.16905479971,2.4090996380894274,1.3635,-0.33920000000000017,-19.92130146238328,57.69,42.309999999999995,1.2554,0.01419999999999999,1.1440541411537215,55.66,44.34,1.3568,-0.2238,-14.159180058205745,57.57,42.43,-0.10809999999999986,-0.006699999999999928,0.10139999999999993,1782360000008,2026-06-25 04:00:00 UTC,-0.00294098,0.73461026
FINAL_REAL_MARK_PREMIUM_CLOSED_GUARD_2026_06_13,1782371700000,2026-06-25 07:15:00 UTC,MUSDT,1782371700000,2026-06-25 07:15:00 UTC,1782372599999,2026-06-25 07:29:59 UTC,True,0.6691,0.6922,0.6644,0.6862,0.01750000000000007,2.6170180948108377,27.149402649783852,0.66991871,0.6917,0.66567678,0.6866,0.016599999999999948,2.4776119402984995,1782372599999,2026-06-25 07:29:59 UTC,-0.00039999999999995595,-0.058258083309052716,-0.00661626,0.0,-0.00849988,-0.00077351,0.0056194700000000005,-87.90063475875101,1782372599999,2026-06-25 07:29:59 UTC,21972,671.0,3.1500868503826114,1829125.0,121856.0,7.137480971071343,1238876.1432,82231.51209999993,7.109488073428012,binance_kline_quote_asset_volume,83.24799745130166,56.38431381758602,0.027800000000000047,4.154834852787333,0.017100000000000004,2.5556717979375287,0.017100000000000004,2.5556717979375287,0.006000000000000005,21.582733812949623,0.0047000000000000375,16.90647482014399,0.7841726618705037,916717.0,912408.0,50.11778856010387,49.882211439896125,620987.7043,58769.585300000035,10.453164583975289,617888.4389000001,23461.9267999999,3.946985257624732,50.12508374695127,49.87491625304873,1.0047226679292598,1.0050158980244353,3099.2653999999166,0.2501674939025427,5656790.0,3790049.3,29313.0,0.5208906229203603,-64954.775254799984,-1.6849469932274128,1.3702,0.00670000000000015,0.49138247158050247,57.809999999999995,42.19,1.2511,-0.0042999999999999705,-0.342520312251073,55.58,44.42,1.3663,0.009500000000000064,0.7001768867924575,57.74,42.26,-0.11909999999999998,-0.0039000000000000146,0.11519999999999997,1782360000008,2026-06-25 04:00:00 UTC,-0.00294098,0.73461026
FINAL_REAL_MARK_PREMIUM_CLOSED_GUARD_2026_06_13,1782372600000,2026-06-25 07:30:00 UTC,MUSDT,1782372600000,2026-06-25 07:30:00 UTC,1782373499999,2026-06-25 07:44:59 UTC,True,0.6857,0.6876,0.6712,0.6787,-0.007500000000000062,-1.0929758088021075,26.81230861581085,0.6870778,0.6874,0.67221903,0.67897518,-0.007624819999999977,-1.1105184969414472,1782373499999,2026-06-25 07:44:59 UTC,-0.0002751800000000415,-0.0405287274271265,-0.00295512,0.00202147,-0.00817606,-0.00365427,-0.0028807599999999996,372.4269886620728,1782373499999,2026-06-25 07:44:59 UTC,13844,-8128.0,-36.99253595485163,1147625.0,-681500.0,-37.258251896398555,779512.197,-459363.9462,-37.07908564721161,binance_kline_quote_asset_volume,82.89692285466629,56.30686196186074,0.01639999999999997,2.3917164940936226,-0.007000000000000006,-1.0208546011375246,0.007000000000000006,1.0208546011375246,0.0019000000000000128,11.585365853658637,0.007499999999999951,45.73170731707295,0.45731707317072956,522551.0,625074.0,45.53325345822895,54.46674654177105,354980.8102,-266006.8941,-42.836096795161616,424531.38680000004,-193357.05210000003,-31.29319791841796,45.53883974698089,54.461160253019116,0.8359826196578325,0.836170943391835,-69550.57660000003,-8.922320506038217,5750871.0,3948548.0286,94081.0,1.6631517167863752,158498.72860000003,4.181970102605263,1.3798,0.009599999999999831,0.7006276455991702,57.98,42.02,1.2612,0.010099999999999998,0.8072895851650546,55.779999999999994,44.22,1.3998,0.03349999999999986,2.4518773329429746,58.330000000000005,41.67,-0.11859999999999982,0.020000000000000018,0.13859999999999983,1782360000008,2026-06-25 04:00:00 UTC,-0.00294098,0.73461026
FINAL_REAL_MARK_PREMIUM_CLOSED_GUARD_2026_06_13,1782373500000,2026-06-25 07:45:00 UTC,MUSDT,1782373500000,2026-06-25 07:45:00 UTC,1782374399999,2026-06-25 07:59:59 UTC,True,0.6789,0.715,0.6682,0.7057,0.027000000000000024,3.978193605422134,30.173536950720703,0.67896373,0.7084527,0.6684,0.7058,0.02682481999999997,3.950780645619472,1782374399999,2026-06-25 07:59:59 UTC,-9.999999999998899e-05,-0.014168319637289456,-0.00398714,0.01090822,-0.0093437,0.0,0.00365427,-100.0,1782374399999,2026-06-25 07:59:59 UTC,29899,16055.0,115.97081768275066,2679725.0,1532100.0,133.50179718984862,1849172.8918,1069660.6948000002,137.22180344536676,binance_kline_quote_asset_volume,89.6259072209773,61.84731568948795,0.04679999999999995,6.893504197967294,0.026800000000000046,3.9475622330240165,0.026800000000000046,3.9475622330240165,0.009299999999999975,19.871794871794837,0.010699999999999932,22.86324786324774,0.8012820512820517,1486306.0,1193419.0,55.46487046245417,44.53512953754583,1026335.2382,671354.4280000001,189.12414663253253,822837.6536000001,398306.26680000004,93.82257217830755,55.502394759905705,44.497605240094295,1.2454184154936363,1.2473119499450187,203497.58459999994,11.004789519811407,5819188.0,3951084.21975384,68317.0,1.1879417917738027,2536.191153840162,0.06423098150181032,1.4384,0.058599999999999985,4.246992317727206,58.989999999999995,41.010000000000005,1.2761,0.014899999999999913,1.1814145258483915,56.06,43.94,1.4606,0.060799999999999965,4.343477639662806,59.36,40.64,-0.1622999999999999,0.022199999999999998,0.1844999999999999,1782360000008,2026-06-25 04:00:00 UTC,-0.00294098,0.73461026
FINAL_REAL_MARK_PREMIUM_CLOSED_GUARD_2026_06_13,1782374400000,2026-06-25 08:00:00 UTC,MUSDT,1782374400000,2026-06-25 08:00:00 UTC,1782375299999,2026-06-25 08:14:59 UTC,True,0.7057,0.7373,0.7001,0.7095,0.0038000000000000256,0.5384724387133378,30.65623097990955,0.7058,0.73648703,0.70006134,0.71190013,0.006100129999999981,0.8642859166902779,1782375299999,2026-06-25 08:14:59 UTC,-0.002400129999999945,-0.3371442002686451,0.00183615,0.00307,-0.01164095,-0.00286911,-0.00286911,,1782375299999,2026-06-25 08:14:59 UTC,40008,10109.0,33.81049533429212,3632481.0,952756.0,35.55424530502197,2618375.6449,769202.7531000001,41.59712466643678,binance_kline_quote_asset_volume,90.79386622675464,65.44630186212758,0.03720000000000001,5.2713617684568534,0.0038000000000000256,0.5384724387133378,0.0038000000000000256,0.5384724387133378,0.027799999999999936,74.73118279569873,0.005600000000000049,15.053763440860344,0.2526881720430127,1820958.0,1811523.0,50.12986991535537,49.87013008464463,1313468.9464,287133.7082,27.976600384839053,1304906.6985000002,482069.0449000001,58.586167367389905,50.16350304656777,49.83649695343224,1.0052083247079944,1.0065615786246191,8562.247899999842,0.3270060931355343,5635206.0,3977328.3948,-183982.0,-3.1616438582152697,26244.175046159886,0.6642271737704175,1.2889,-0.14949999999999997,-10.393492769744158,56.31,43.69,1.2718,-0.0042999999999999705,-0.33696418775957765,55.98,44.019999999999996,1.381,-0.0795999999999999,-5.449815144461173,57.99999999999999,42.0,-0.017099999999999893,0.09210000000000007,0.10919999999999996,1782374400000,2026-06-25 08:00:00 UTC,-0.00120469,0.7058
FINAL_REAL_MARK_PREMIUM_CLOSED_GUARD_2026_06_13,1782375300000,2026-06-25 08:15:00 UTC,MUSDT,1782375300000,2026-06-25 08:15:00 UTC,1782376199999,2026-06-25 08:29:59 UTC,True,0.7095,0.7854,0.708,0.7842,0.07469999999999999,10.528541226215642,39.508736870232745,0.71056334,0.7843,0.70932881,0.7843,0.07239987000000003,10.169947573966596,1782376199999,2026-06-25 08:29:59 UTC,-9.999999999998899e-05,-0.012750223128903351,-0.00273836,0.00607947,-0.00708453,-0.00141899,0.0014501199999999998,-50.542502727326585,1782376199999,2026-06-25 08:29:59 UTC,44901,4893.0,12.23005398920216,3852991.0,220510.0,6.070506631693324,2904910.0133,286534.36840000004,10.943210878015298,binance_kline_quote_asset_volume,85.81080599541212,64.69588680207568,0.07740000000000002,10.909090909090914,0.07469999999999999,10.528541226215642,0.07469999999999999,10.528541226215642,0.0011999999999999789,1.550387596899197,0.0015000000000000568,1.9379844961241037,0.9844961240310081,2065201.0,1787790.0,53.59994352439442,46.400056475605574,1556598.7678,243129.82140000002,18.510511578243126,1348311.2455000002,43404.54700000002,3.326256739266789,53.58509422574821,46.414905774251785,1.1551697906353655,1.1544802974796518,208287.52229999984,7.170188451496423,5722879.0,4074118.30407427,87673.0,1.5558082526175618,96789.90927427029,2.4335408009259285,1.3267,0.037800000000000056,2.932733338505707,57.02,42.980000000000004,1.2727,0.0008999999999999009,0.07076584368610637,56.00000000000001,44.0,1.4337,0.05269999999999997,3.8160753077480063,58.91,41.089999999999996,-0.05400000000000005,0.10699999999999998,0.16100000000000003,1782374400000,2026-06-25 08:00:00 UTC,-0.00120469,0.7058
FINAL_REAL_MARK_PREMIUM_CLOSED_GUARD_2026_06_13,1782376200000,2026-06-25 08:30:00 UTC,MUSDT,1782376200000,2026-06-25 08:30:00 UTC,1782377099999,2026-06-25 08:44:59 UTC,True,0.7845,0.8229,0.7523,0.819,0.03479999999999994,4.437643458301446,43.14984644699187,0.7843,0.82432696,0.75627276,0.82167397,0.03737396999999998,4.765264567129922,1782377099999,2026-06-25 08:44:59 UTC,-0.0026739700000000255,-0.3254295618005309,-0.00244898,0.0,-0.01932254,-0.01760663,-0.016187640000000003,1140.786052051107,1782377099999,2026-06-25 08:44:59 UTC,55955,11054.0,24.618605376272242,4558440.0,705449.0,18.30912659801178,3603755.2852,698845.2718999996,24.05738107894454,binance_kline_quote_asset_volume,81.46617817889376,64.40452658743632,0.0706,8.9993626513703,0.034499999999999975,4.397705544933076,0.034499999999999975,4.397705544933076,0.0039000000000000146,5.524079320113335,0.032200000000000006,45.60906515580738,0.9447592067988666,2285312.0,2273128.0,50.133642210931804,49.86635778906819,1809124.3396,252525.57180000003,16.22290708587056,1794630.9455999997,446319.70009999955,33.10212694506519,50.20108737765189,49.798912622348105,1.0053600149221689,1.0080759746373118,14493.39400000032,0.4021747553037851,5796241.0,4545991.8163,73362.0,1.2819072358510464,471873.5122257299,11.582224103650567,1.3084,-0.018299999999999983,-1.3793623275797078,56.68,43.32,1.2652,-0.00749999999999984,-0.5892983421073184,55.85,44.15,1.4673,0.033600000000000074,2.34358652437749,59.47,40.53,-0.043199999999999905,0.15890000000000004,0.20209999999999995,1782374400000,2026-06-25 08:00:00 UTC,-0.00120469,0.7058
FINAL_REAL_MARK_PREMIUM_CLOSED_GUARD_2026_06_13,1782377100000,2026-06-25 08:45:00 UTC,MUSDT,1782377100000,2026-06-25 08:45:00 UTC,1782377999999,2026-06-25 08:59:59 UTC,True,0.819,0.8213,0.7054,0.7704,-0.04859999999999998,-5.934065934065932,39.567849195836416,0.82180177,0.82358737,0.73138961,0.7711,-0.05057396999999997,-6.154992350554803,1782377999999,2026-06-25 08:59:59 UTC,-0.0007000000000000339,-0.09077940604331913,-0.0171944,-0.009222,-0.02608314,-0.01201922,0.005587410000000001,-31.73469312412427,1782377999999,2026-06-25 08:59:59 UTC,79729,23774.0,42.48771334107765,7094770.0,2536330.0,55.64030677161485,5401439.6383,1797684.3531,49.88364111411169,binance_kline_quote_asset_volume,88.98606529619084,67.74749010146873,0.1159,14.151404151404154,-0.04859999999999998,-5.934065934065932,0.04859999999999998,5.934065934065932,0.0023000000000000798,1.984469370146747,0.06499999999999995,56.082830025884334,0.5608283002588433,3398216.0,3696554.0,47.89747941088999,52.10252058911,2587221.8007,778097.4611,43.00961764032418,2814217.8375999997,1019586.892,56.81317902712979,47.89874503743003,52.10125496256997,0.919292941480092,0.9193395643126245,-226996.03689999972,-4.202509925139928,5771209.0,4742052.21072973,-25032.0,-0.4318661008056774,196060.39442973025,4.312818904045114,1.3261,0.01770000000000005,1.3527973096912296,57.010000000000005,42.99,1.2604,-0.0048000000000001375,-0.3793866582358629,55.76,44.24,1.5227,0.055399999999999894,3.7756423362638785,60.36,39.64,-0.06570000000000009,0.19659999999999989,0.2623,1782374400000,2026-06-25 08:00:00 UTC,-0.00120469,0.7058
FINAL_REAL_MARK_PREMIUM_CLOSED_GUARD_2026_06_13,1782378000000,2026-06-25 09:00:00 UTC,MUSDT,1782378000000,2026-06-25 09:00:00 UTC,1782378899999,2026-06-25 09:14:59 UTC,True,0.7706,0.7753,0.7556,0.7651,-0.005299999999999971,-0.6879543094496329,39.18581768070114,0.77075476,0.7746,0.7614,0.76708763,-0.004012369999999987,-0.5203436648943052,1782378899999,2026-06-25 09:14:59 UTC,-0.001987630000000018,-0.25911381206864437,-0.01419042,-0.00605012,-0.01931711,-0.01534053,-0.003321309999999999,27.633323959458263,1782378899999,2026-06-25 09:14:59 UTC,29800,-49929.0,-62.62338672252255,2007518.0,-5087252.0,-71.70425538812393,1539395.4198,-3862044.2184999995,-71.50027542870968,binance_kline_quote_asset_volume,67.36637583892617,51.657564422818794,0.01969999999999994,2.556449519854651,-0.005499999999999949,-0.7137295613807357,0.005499999999999949,0.7137295613807357,0.0047000000000000375,23.85786802030483,0.009499999999999953,48.22335025380701,0.4822335025380701,882879.0,1124639.0,43.978634313615125,56.02136568638488,677422.9734,-1909798.8273,-73.8165868416571,861972.4464,-1952245.3911999997,-69.37079870351825,44.00578075566911,55.9942192443309,0.7850332417780284,0.7858986400658572,-184549.473,-11.988438488661794,5694659.0,4391151.5549,-76550.0,-1.3264118488864292,-350900.65582973044,-7.399763651605433,1.2691,-0.05700000000000016,-4.298318377196302,55.93,44.07,1.2519,-0.008499999999999952,-0.6743890828308435,55.589999999999996,44.41,1.419,-0.1036999999999999,-6.8102712287384195,58.660000000000004,41.339999999999996,-0.017199999999999882,0.14990000000000014,0.16710000000000003,1782374400000,2026-06-25 08:00:00 UTC,-0.00120469,0.7058
FINAL_REAL_MARK_PREMIUM_CLOSED_GUARD_2026_06_13,1782378900000,2026-06-25 09:15:00 UTC,MUSDT,1782378900000,2026-06-25 09:15:00 UTC,1782379799999,2026-06-25 09:29:59 UTC,True,0.765,0.8198,0.7577,0.798,0.03290000000000004,4.300091491308331,42.87306590895557,0.76676303,0.8185,0.76073024,0.79867517,0.03158753999999997,4.117852871646486,1782379799999,2026-06-25 09:29:59 UTC,-0.0006751699999999472,-0.08453624519214079,-0.0152813,-0.00469639,-0.02024772,-0.01372561,0.0016149200000000006,-10.527146063401986,1782379799999,2026-06-25 09:29:59 UTC,45503,15703.0,52.694630872483216,3376869.0,1369351.0,68.21114430854418,2680319.2935,1140923.8737,74.11506225270115,binance_kline_quote_asset_volume,74.21200799947256,58.90423254510692,0.06209999999999993,8.117647058823522,0.03300000000000003,4.313725490196082,0.03300000000000003,4.313725490196082,0.02179999999999993,35.10466988727851,0.007299999999999973,11.755233494363898,0.6489533011272149,1734277.0,1642592.0,51.357544518309716,48.64245548169029,1376826.9899,699404.0164999999,103.2448033153757,1303492.3036000002,441519.8572000002,51.22203836607464,51.368021460686464,48.631978539313536,1.0558172692914614,1.056260160568239,73334.68629999971,2.736042921372931,5695728.0,4369122.49264464,1069.0,0.01877197563541557,-22029.062255360186,-0.5016693680448898,1.2758,0.00670000000000015,0.5279331809944173,56.06,43.94,1.2469,-0.0050000000000001155,-0.39939292275741795,55.489999999999995,44.51,1.4313,0.012299999999999978,0.8668076109936559,58.87,41.13,-0.028900000000000148,0.15549999999999997,0.18440000000000012,1782374400000,2026-06-25 08:00:00 UTC,-0.00120469,0.7058
FINAL_REAL_MARK_PREMIUM_CLOSED_GUARD_2026_06_13,1782379800000,2026-06-25 09:30:00 UTC,MUSDT,1782379800000,2026-06-25 09:30:00 UTC,1782380699999,2026-06-25 09:44:59 UTC,True,0.7978,0.8175,0.7603,0.7817,-0.016300000000000092,-2.0426065162907383,41.529585043437876,0.79867517,0.81772236,0.76499464,0.7822,-0.016475169999999983,-2.0628123445981155,1782380699999,2026-06-25 09:44:59 UTC,-0.000500000000000056,-0.06392227051905598,-0.01373602,-0.00216924,-0.01743829,-0.00997382,0.0037517899999999996,-27.33423141120868,1782380699999,2026-06-25 09:44:59 UTC,41370,-4133.0,-9.082917609827923,3250081.0,-126788.0,-3.7546022661820757,2551579.3098,-128739.98370000022,-4.803158489818937,binance_kline_quote_asset_volume,78.56130045927,61.677043988397386,0.05720000000000003,7.169716720982707,-0.016100000000000003,-2.0180496365003764,0.016100000000000003,2.0180496365003764,0.01970000000000005,34.44055944055951,0.021399999999999975,37.41258741258735,0.3741258741258735,1554526.0,1695555.0,47.83037715060024,52.16962284939976,1221063.684,-155763.30590000004,-11.313208343723218,1330515.6258,27023.32219999982,2.07314781417324,47.85521184116007,52.14478815883993,0.9168242846737499,0.9177371992649918,-109451.94180000015,-4.289576317679865,5705152.0,4556563.24347584,9424.0,0.16545733925496442,187440.75083120074,4.290123500697332,1.2366,-0.039200000000000124,-3.072581909390196,55.28999999999999,44.71,1.2175,-0.02939999999999987,-2.3578474617050182,54.910000000000004,45.09,1.4207,-0.010599999999999943,-0.7405854817298918,58.69,41.31,-0.019099999999999895,0.18410000000000015,0.20320000000000005,1782374400000,2026-06-25 08:00:00 UTC,-0.00120469,0.7058
FINAL_REAL_MARK_PREMIUM_CLOSED_GUARD_2026_06_13,1782380700000,2026-06-25 09:45:00 UTC,MUSDT,1782380700000,2026-06-25 09:45:00 UTC,1782381599999,2026-06-25 09:59:59 UTC,True,0.7816,0.7837,0.7585,0.7693,-0.012399999999999967,-1.586286299091719,40.49010860532414,0.7817,0.78389813,0.76031306,0.7687,-0.013499999999999956,-1.7259013040143127,1782381599999,2026-06-25 09:59:59 UTC,0.0005999999999999339,0.07805385716143279,-0.0087134,-0.0008528,-0.01396252,-0.00178815,0.008185669999999999,-82.07156335285778,1782381599999,2026-06-25 09:59:59 UTC,24506,-16864.0,-40.763838530335995,1595631.0,-1654450.0,-50.90488513978575,1228695.5151,-1322883.7947,-51.845685909864635,binance_kline_quote_asset_volume,65.1118501591447,50.13855852036236,0.0252,3.224155578300921,-0.012299999999999978,-1.5736949846468753,0.012299999999999978,1.5736949846468753,0.0020999999999999908,8.333333333333297,0.010800000000000032,42.85714285714298,0.4285714285714298,760838.0,834793.0,47.682578240207164,52.317421759792836,586175.3877,-634888.2962999999,-51.99469156434269,642520.1274,-687995.4984,-51.708937877849316,47.70713170970538,52.292868290294614,0.9114091756878652,0.9123066542241988,-56344.739700000035,-4.585736580589236,5642569.0,4413617.4718,-62583.0,-1.096955874269432,-142945.77167584002,-3.1371400776783256,1.2462,0.009600000000000053,0.7763221737020907,55.48,44.519999999999996,1.2638,0.04630000000000001,3.802874743326489,55.83,44.17,1.3987,-0.02200000000000002,-1.5485324135989313,58.309999999999995,41.69,0.01760000000000006,0.15250000000000008,0.13490000000000002,1782374400000,2026-06-25 08:00:00 UTC,-0.00120469,0.7058
FINAL_REAL_MARK_PREMIUM_CLOSED_GUARD_2026_06_13,1782381600000,2026-06-25 10:00:00 UTC,MUSDT,1782381600000,2026-06-25 10:00:00 UTC,1782382499999,2026-06-25 10:14:59 UTC,True,0.7695,0.7829,0.7626,0.7761,0.006800000000000028,0.8839204471597593,41.356961558102945,0.7683,0.7816,0.76326058,0.7761,0.007399999999999962,0.9626642383244389,1782382499999,2026-06-25 10:14:59 UTC,0.0,0.0,-0.00127067,0.0,-0.00781166,-0.0015925,0.00019565000000000012,-10.941475826972017,1782382499999,2026-06-25 10:14:59 UTC,23684,-822.0,-3.3542805843466907,1489095.0,-106536.0,-6.676731650362772,1147128.1821,-81567.33299999987,-6.638531027222097,binance_kline_quote_asset_volume,62.87345887519,48.43473155294714,0.020300000000000096,2.638076673164405,0.00660000000000005,0.8576998050682327,0.00660000000000005,0.8576998050682327,0.006800000000000028,33.49753694581279,0.006900000000000017,33.99014778325116,0.6650246305418721,770945.0,718150.0,51.77272101511321,48.227278984886794,594107.8943,7932.506600000081,1.3532650408822482,553020.2878,-89499.83959999995,-13.929499759356482,51.790889943300954,48.209110056699046,1.0735152823226346,1.074296743548872,41087.606499999994,3.581779886601915,5611197.0,4313327.1339,-31372.0,-0.555987884242089,-100290.33790000062,-2.2722933861121257,1.2292,-0.016999999999999904,-1.3641470069009713,55.14,44.86,1.2803,0.01649999999999996,1.3055863269504637,56.15,43.85,1.3714,-0.027300000000000102,-1.9518123972260029,57.830000000000005,42.17,0.05109999999999992,0.14219999999999988,0.09109999999999996,1782374400000,2026-06-25 08:00:00 UTC,-0.00120469,0.7058
FINAL_REAL_MARK_PREMIUM_CLOSED_GUARD_2026_06_13,1782382500000,2026-06-25 10:15:00 UTC,MUSDT,1782382500000,2026-06-25 10:15:00 UTC,1782383399999,2026-06-25 10:29:59 UTC,True,0.7762,0.7813,0.722,0.7615,-0.014600000000000057,-1.881200876175758,40.00940502250409,0.7762,0.78061783,0.7303,0.76231357,-0.013786430000000016,-1.7763728900914852,1782383399999,2026-06-25 10:29:59 UTC,-0.0008135700000000412,-0.1067237987118662,-0.00213749,0.0026814,-0.0195328,-0.00316911,-0.0015766100000000002,99.00219780219783,1782383399999,2026-06-25 10:29:59 UTC,37243,13559.0,57.249619996622194,2973055.0,1483960.0,99.65515967752225,2236611.0404,1089482.8582999997,94.97481408795385,binance_kline_quote_asset_volume,79.82855838681094,60.054534822651235,0.05930000000000002,7.639783560937905,-0.014700000000000046,-1.893841793352235,0.014700000000000046,1.893841793352235,0.005099999999999993,8.600337268128149,0.03949999999999998,66.61045531197296,0.6661045531197296,1358651.0,1614404.0,45.69881821897005,54.30118178102995,1023247.1478,429139.2535,72.23254523584941,1213363.8926,660343.6047999999,119.4067594566826,45.74989255248425,54.25010744751575,0.8415805461334338,0.843314321483049,-190116.74479999987,-8.500214895031503,5644595.0,4380770.1795,33398.0,0.595202770460563,67443.04559999984,1.5635968130017435,1.2085,-0.020700000000000163,-1.6840221282134853,54.72,45.28,1.2739,-0.006399999999999961,-0.4998828399593815,56.02,43.980000000000004,1.3714,0.0,0.0,57.830000000000005,42.17,0.06540000000000012,0.16290000000000004,0.09749999999999992,1782374400000,2026-06-25 08:00:00 UTC,-0.00120469,0.7058
FINAL_REAL_MARK_PREMIUM_CLOSED_GUARD_2026_06_13,1782383400000,2026-06-25 10:30:00 UTC,MUSDT,1782383400000,2026-06-25 10:30:00 UTC,1782384299999,2026-06-25 10:44:59 UTC,True,0.7615,0.7678,0.7423,0.753,-0.008499999999999952,-1.1162179908076104,39.20841264357632,0.76231357,0.76872054,0.7438,0.7535,-0.008813570000000048,-1.1561607121856756,1782384299999,2026-06-25 10:44:59 UTC,-0.0004999999999999449,-0.0663570006635627,-0.00423674,0.0,-0.00843257,-0.0023925,0.0007766100000000001,-24.505618296619556,1782384299999,2026-06-25 10:44:59 UTC,20984,-16259.0,-43.65652605858819,1433143.0,-1539912.0,-51.795610912008016,1083221.2985,-1153389.7418999998,-51.568633126917106,binance_kline_quote_asset_volume,68.29694052611514,51.62129710731986,0.025500000000000078,3.34865397242286,-0.008499999999999952,-1.1162179908076104,0.008499999999999952,1.1162179908076104,0.006300000000000083,24.705882352941426,0.010700000000000043,41.96078431372553,0.4196078431372553,677434.0,755709.0,47.269114107943174,52.73088589205683,512462.7591,-510784.3887,-49.91798802451546,570758.5394,-642605.3531999999,-52.96064578145828,47.30914724531702,52.69085275468298,0.896421770813898,0.8978626226752868,-58295.780299999984,-5.381705509365959,5457682.0,4160465.04934474,-186913.0,-3.3113624626744698,-220305.13015525974,-5.028913207686333,1.2134,0.0049000000000001265,0.4054613156806062,54.82,45.18,1.2697,-0.0041999999999999815,-0.3296962084936009,55.94,44.06,1.3502,-0.021199999999999886,-1.5458655388653848,57.45,42.55,0.05630000000000002,0.13680000000000003,0.08050000000000002,1782374400000,2026-06-25 08:00:00 UTC,-0.00120469,0.7058
FINAL_REAL_MARK_PREMIUM_CLOSED_GUARD_2026_06_13,1782384300000,2026-06-25 10:45:00 UTC,MUSDT,1782384300000,2026-06-25 10:45:00 UTC,1782385199999,2026-06-25 10:59:59 UTC,True,0.7528,0.816,0.749,0.8096,0.056599999999999984,7.516600265604248,46.84028539281357,0.7529,0.81431852,0.74964417,0.81,0.056500000000000106,7.498341074983425,1782385199999,2026-06-25 10:59:59 UTC,-0.00040000000000006697,-0.04938271604939098,-0.00117683,0.01127593,-0.00626456,-0.00129851,0.0010939900000000002,-45.725809822361555,1782385199999,2026-06-25 10:59:59 UTC,29047,8063.0,38.42451391536409,2507444.0,1074301.0,74.96118670642078,1971897.0779,888675.7793999999,82.04009472769795,binance_kline_quote_asset_volume,86.32368230798362,67.88642813027163,0.06699999999999995,8.900106269925603,0.05679999999999996,7.545164718384692,0.05679999999999996,7.545164718384692,0.006399999999999961,9.552238805970099,0.0038000000000000256,5.671641791044819,0.904477611940299,1379099.0,1128345.0,55.00019142999803,44.99980857000197,1084703.9151,572241.1560000001,111.66492507767478,887193.1627999998,316434.6233999998,55.44106685335733,55.008140498649716,44.99185950135029,1.2222316755956733,1.2226242948904749,197510.75230000028,10.016280997299424,5448316.0,4105306.106,-9366.0,-0.1716113177719039,-55158.94334473973,-1.3257879273238238,1.2173,0.0039000000000000146,0.32141091148838097,54.900000000000006,45.1,1.2484,-0.021300000000000097,-1.6775616287312038,55.52,44.48,1.3469,-0.0033000000000000806,-0.24440823581692198,57.38999999999999,42.61,0.031099999999999905,0.12959999999999994,0.09850000000000003,1782374400000,2026-06-25 08:00:00 UTC,-0.00120469,0.7058
FINAL_REAL_MARK_PREMIUM_CLOSED_GUARD_2026_06_13,1782385200000,2026-06-25 11:00:00 UTC,MUSDT,1782385200000,2026-06-25 11:00:00 UTC,1782386099999,2026-06-25 11:14:59 UTC,True,0.8097,0.8238,0.7681,0.7779,-0.03169999999999995,-3.915513833992089,43.54316260737659,0.8096,0.8209751,0.7701,0.7765,-0.033500000000000085,-4.135802469135813,1782386099999,2026-06-25 11:14:59 UTC,0.0014000000000000679,0.18029620090148976,-0.00017424,0.0046648,-0.00784844,0.00362222,0.00492073,-378.9520296339651,1782386099999,2026-06-25 11:14:59 UTC,30321,1274.0,4.385995111371225,2510357.0,2913.0,0.11617408005921569,1993445.6854,21548.60750000016,1.0927856094268702,binance_kline_quote_asset_volume,82.79268493783186,65.74472099864781,0.05569999999999997,6.8790910213659355,-0.03179999999999994,-3.9273805113004747,0.03179999999999994,3.9273805113004747,0.014100000000000001,25.314183123877932,0.009800000000000031,17.594254937163438,0.1759425493716344,1186954.0,1323403.0,47.28227897466376,52.71772102533624,943382.0987,-141321.81640000013,-13.028607570478945,1050063.5867,162870.42390000029,18.35794398888038,47.32419376205393,52.67580623794608,0.8968953523605432,0.898404735340586,-106681.48800000013,-5.351612475892147,5421242.0,4391206.02,-27074.0,-0.49692418721674736,285899.9139999994,6.9641558173250475,1.1911,-0.0262,-2.1523042799638548,54.36,45.64,1.2575,0.009100000000000108,0.728933034283892,55.7,44.3,1.3502,0.0033000000000000806,0.24500705323335664,57.45,42.55,0.06640000000000001,0.15910000000000002,0.0927,1782374400000,2026-06-25 08:00:00 UTC,-0.00120469,0.7058
