####################################################################################################
FETCHING BINANCE FUTURES DATA ...
####################################################################################################
SYMBOL     : MAGMAUSDT
PERIOD     : 15m
LIMIT      : 500
RSI_PERIOD : 14
PRINT MODE : CSV_STYLE
NOTE       : EACH OUTPUT ROW = ONE ACTUAL KLINE CANDLE
####################################################################################################

============================================================================================================================================
ANALYSIS-READY CANDLE DATA FOR V3.2.1 | CSV STYLE | EACH ROW = ONE 15m CANDLE
============================================================================================================================================
candle_index,time,symbol,open,high,low,close,close_change,close_change_pct,candle_body_pct,price_range_pct,rsi,number_of_trades,trades_change,trades_change_pct,volume,volume_change,volume_change_pct,quote_volume,quote_volume_change,quote_volume_change_pct,taker_buy_base_volume,taker_buy_quote_volume,taker_sell_quote_volume,taker_buy_quote_pct,oi,oi_value,oi_change,oi_change_pct,oi_value_change,oi_value_change_pct,acco_ls_ratio,acco_ls_change,acco_ls_change_pct,acco_long_pct,acco_short_pct,posit_ls_ratio,posit_ls_change,posit_ls_change_pct,posit_long_pct,posit_short_pct,global_ls_ratio,global_ls_change,global_ls_change_pct,global_long_pct,global_short_pct,quote_volume_source,oi_match_delta_min,acco_match_delta_min,posit_match_delta_min,global_match_delta_min,data_quality1,2026-06-05 13:30:00 UTC,MAGMAUSDT,0.416820,0.417450,0.412870,0.416280,0.000000,0.000000,-0.129552,1.098796,52.896421,6779,0.000000,0.000000,399327.000000,0.000000,0.000000,165901.432310,0.000000,0.000000,213694.000000,88780.371390,77121.060920,53.513927,24586048.000000,10245343.768039,0.000000,0.000000,0.000000,0.000000,0.573800,0.000000,0.000000,36.460000,63.540000,0.825100,0.000000,0.000000,45.210000,54.790000,0.632700,0.000000,0.000000,38.750000,61.250000,binance_kline_quote_asset_volume,0.000000,0.000000,0.000000,0.000000,OK
2,2026-06-05 13:45:00 UTC,MAGMAUSDT,0.416290,0.421250,0.415100,0.420800,0.004520,1.085808,1.083379,1.477336,56.553425,5993,-786,-11.594630,323028.000000,-76299.000000,-19.106897,135208.430520,-30693.001790,-18.500746,184560.000000,77277.633540,57930.796980,57.154449,24524591.000000,10199829.879525,-61457.000000,-0.249967,-45513.888514,-0.444240,0.574600,0.000800,0.139421,36.490000,63.510000,0.820400,-0.004700,-0.569628,45.070000,54.930000,0.636400,0.003700,0.584795,38.890000,61.110000,binance_kline_quote_asset_volume,0.000000,0.000000,0.000000,0.000000,OK
3,2026-06-05 14:00:00 UTC,MAGMAUSDT,0.420610,0.426660,0.419690,0.421020,0.000220,0.052281,0.097477,1.657117,56.729514,9170,3177,53.011847,675582.000000,352554.000000,109.140384,285802.882460,150594.451940,111.379484,354191.000000,149916.155650,135886.726810,52.454389,24529782.000000,10320190.733355,5191.000000,0.021167,120360.853830,1.180028,0.567600,-0.007000,-1.218239,36.210000,63.790000,0.820100,-0.000300,-0.036568,45.060000,54.940000,0.631100,-0.005300,-0.832810,38.690000,61.310000,binance_kline_quote_asset_volume,0.000000,0.000000,0.000000,0.000000,OK
4,2026-06-05 14:15:00 UTC,MAGMAUSDT,0.421020,0.423260,0.417400,0.419850,-0.001170,-0.277897,-0.277897,1.391858,55.442546,5237,-3933,-42.889858,301381.000000,-374201.000000,-55.389427,126564.118230,-159238.764230,-55.716290,139182.000000,58465.565250,68098.552980,46.194424,24442181.000000,10291431.638630,-87601.000000,-0.357121,-28759.094725,-0.278668,0.566200,-0.001400,-0.246653,36.150000,63.850000,0.821900,0.001800,0.219485,45.110000,54.890000,0.628400,-0.002700,-0.427824,38.590000,61.410000,binance_kline_quote_asset_volume,0.000000,0.000000,0.000000,0.000000,OK
5,2026-06-05 14:30:00 UTC,MAGMAUSDT,0.419850,0.425790,0.416980,0.421640,0.001790,0.426343,0.426343,2.098368,57.047986,7665,2428,46.362421,631690.000000,330309.000000,109.598482,266956.926410,140392.808180,110.926233,282676.000000,119429.715990,147527.210420,44.737448,24426869.000000,10249175.431727,-15312.000000,-0.062646,-42256.206903,-0.410596,0.563500,-0.002700,-0.476863,36.040000,63.960000,0.820500,-0.001400,-0.170337,45.070000,54.930000,0.625000,-0.003400,-0.541057,38.460000,61.540000,binance_kline_quote_asset_volume,0.000000,0.000000,0.000000,0.000000,OK
6,2026-06-05 14:45:00 UTC,MAGMAUSDT,0.421620,0.424500,0.420000,0.424490,0.002850,0.675932,0.680708,1.067312,59.547175,4252,-3413,-44.527071,214371.000000,-417319.000000,-66.063892,90519.503030,-176437.423380,-66.092094,123836.000000,52304.694150,38214.808880,57.782790,24386922.000000,10275364.959357,-39947.000000,-0.163537,26189.527630,0.255528,0.563200,-0.000300,-0.053239,36.030000,63.970000,0.830200,0.009700,1.182206,45.360000,54.640000,0.629200,0.004200,0.672000,38.620000,61.380000,binance_kline_quote_asset_volume,0.000000,0.000000,0.000000,0.000000,OK
7,2026-06-05 15:00:00 UTC,MAGMAUSDT,0.424500,0.429300,0.423280,0.426950,0.002460,0.579519,0.577150,1.418139,61.622867,9570,5318,125.070555,639818.000000,425447.000000,198.462945,272848.098550,182328.595520,201.424654,346634.000000,147851.867780,124996.230770,54.188345,24372216.000000,10337011.856852,-14706.000000,-0.060303,61646.897495,0.599948,0.560800,-0.002400,-0.426136,35.930000,64.070000,0.829600,-0.000600,-0.072272,45.340000,54.660000,0.625800,-0.003400,-0.540369,38.490000,61.510000,binance_kline_quote_asset_volume,0.000000,0.000000,0.000000,0.000000,OK
8,2026-06-05 15:15:00 UTC,MAGMAUSDT,0.427220,0.444000,0.425300,0.441210,0.014260,3.339970,3.274659,4.377136,70.933448,19610,10040,104.911181,1576435.000000,936617.000000,146.388035,689844.681650,416996.583100,152.831039,918930.000000,402028.642790,287816.038860,58.278139,24350800.000000,10373136.902016,-21416.000000,-0.087871,36125.045164,0.349473,0.561000,0.000200,0.035663,35.940000,64.060000,0.832900,0.003300,0.397782,45.440000,54.560000,0.620700,-0.005100,-0.814957,38.300000,61.700000,binance_kline_quote_asset_volume,0.000000,0.000000,0.000000,0.000000,OK
9,2026-06-05 15:30:00 UTC,MAGMAUSDT,0.441230,0.445690,0.438050,0.439050,-0.002160,-0.489563,-0.494073,1.731523,68.233109,14889,-4721,-24.074452,1127746.000000,-448689.000000,-28.462258,498837.964760,-191006.716890,-27.688366,560666.000000,248067.519910,250770.444850,49.729078,24352545.000000,10739715.870450,1745.000000,0.007166,366578.968434,3.533926,0.555700,-0.005300,-0.944742,35.720000,64.280000,0.833100,0.000200,0.024012,45.450000,54.550000,0.627300,0.006600,1.063316,38.550000,61.450000,binance_kline_quote_asset_volume,0.000000,0.000000,0.000000,0.000000,OK
10,2026-06-05 15:45:00 UTC,MAGMAUSDT,0.439020,0.440760,0.434280,0.438800,-0.000250,-0.056941,-0.050112,1.476015,67.910870,8584,-6305,-42.346699,617451.000000,-510295.000000,-45.249108,269814.297880,-229023.666880,-45.911435,323429.000000,141330.077010,128484.220870,52.380500,24399553.000000,10703722.055729,47008.000000,0.193031,-35993.814721,-0.335147,0.564900,0.009200,1.655570,36.100000,63.900000,0.830800,-0.002300,-0.276077,45.380000,54.620000,0.636900,0.009600,1.530368,38.910000,61.090000,binance_kline_quote_asset_volume,0.000000,0.000000,0.000000,0.000000,OK
11,2026-06-05 16:00:00 UTC,MAGMAUSDT,0.438590,0.438590,0.417490,0.421500,-0.017300,-3.942571,-3.896578,4.810871,50.232028,17016,8432,98.229264,1363002.000000,745551.000000,120.746586,582982.963330,313168.665450,116.068225,593247.000000,253836.651990,329146.311340,43.541007,24420474.000000,10702935.990574,20921.000000,0.085743,-786.065155,-0.007344,0.565700,0.000800,0.141618,36.130000,63.870000,0.829000,-0.001800,-0.216659,45.330000,54.670000,0.633200,-0.003700,-0.580939,38.770000,61.230000,binance_kline_quote_asset_volume,0.000000,0.000000,0.000000,0.000000,OK
12,2026-06-05 16:15:00 UTC,MAGMAUSDT,0.421500,0.427750,0.420500,0.424160,0.002660,0.631079,0.631079,1.720047,52.288659,10240,-6776,-39.821345,656660.000000,-706342.000000,-51.822521,277702.281720,-305280.681610,-52.365284,388607.000000,164419.688770,113282.592950,59.207180,24224294.000000,10211993.378640,-196180.000000,-0.803342,-490942.611934,-4.586990,0.574800,0.009100,1.608626,36.500000,63.500000,0.818700,-0.010300,-1.242461,45.010000,54.990000,0.642800,0.009600,1.516109,39.130000,60.870000,binance_kline_quote_asset_volume,0.000000,0.000000,0.000000,0.000000,OK
13,2026-06-05 16:30:00 UTC,MAGMAUSDT,0.424000,0.427300,0.421690,0.425200,0.001040,0.245190,0.283019,1.323113,53.104627,6872,-3368,-32.890625,426075.000000,-230585.000000,-35.114824,181015.182770,-96687.098950,-34.816818,206862.000000,87931.680100,93083.502670,48.576964,24190096.000000,10241602.844480,-34198.000000,-0.141172,29609.465840,0.289948,0.574300,-0.000500,-0.086987,36.480000,63.520000,0.821000,0.002300,0.280933,45.080000,54.920000,0.645000,0.002200,0.342253,39.210000,60.790000,binance_kline_quote_asset_volume,0.000000,0.000000,0.000000,0.000000,OK
14,2026-06-05 16:45:00 UTC,MAGMAUSDT,0.425200,0.429900,0.423290,0.423860,-0.001340,-0.315146,-0.315146,1.554563,51.873638,6300,-572,-8.323632,355094.000000,-70981.000000,-16.659274,151381.804540,-29633.378230,-16.370659,192452.000000,82125.020640,69256.783900,54.250259,24149786.000000,10268704.664789,-40310.000000,-0.166638,27101.820309,0.264625,0.580500,0.006200,1.079575,36.730000,63.270000,0.822000,0.001000,0.121803,45.120000,54.880000,0.651000,0.006000,0.930233,39.430000,60.570000,binance_kline_quote_asset_volume,0.000000,0.000000,0.000000,0.000000,OK
15,2026-06-05 17:00:00 UTC,MAGMAUSDT,0.423560,0.427500,0.422380,0.425750,0.001890,0.445902,0.517046,1.208802,53.510523,7489,1189,18.873016,353711.000000,-1383.000000,-0.389474,150300.871130,-1080.933410,-0.714044,190844.000000,81101.219850,69199.651280,53.959248,24134740.000000,10228785.506800,-15046.000000,-0.062303,-39919.157989,-0.388746,0.578000,-0.002500,-0.430663,36.630000,63.370000,0.823000,0.001000,0.121655,45.150000,54.850000,0.652600,0.001600,0.245776,39.490000,60.510000,binance_kline_quote_asset_volume,0.000000,0.000000,0.000000,0.000000,OK
16,2026-06-05 17:15:00 UTC,MAGMAUSDT,0.425650,0.429410,0.421400,0.425890,0.000140,0.032883,0.056384,1.881828,53.636318,6456,-1033,-13.793564,488620.000000,134909.000000,38.141025,207610.850930,57309.979800,38.130171,284979.000000,121181.345970,86429.504960,58.369466,24139536.000000,10269866.260954,4796.000000,0.019872,41080.754154,0.401619,0.576300,-0.001700,-0.294118,36.560000,63.440000,0.821700,-0.001300,-0.157959,45.110000,54.890000,0.649300,-0.003300,-0.505670,39.370000,60.630000,binance_kline_quote_asset_volume,0.000000,0.000000,0.000000,0.000000,OK
17,2026-06-05 17:30:00 UTC,MAGMAUSDT,0.425890,0.433080,0.424830,0.431930,0.006040,1.418207,1.418207,1.937120,58.814180,5006,-1450,-22.459727,265560.000000,-223060.000000,-45.651017,113832.327480,-93778.523450,-45.170338,157806.000000,67685.851540,46146.475940,59.461010,24193266.000000,10301008.797480,53730.000000,0.222581,31142.536526,0.303242,0.576500,0.000200,0.034704,36.570000,63.430000,0.819000,-0.002700,-0.328587,45.020000,54.980000,0.648800,-0.000500,-0.077006,39.350000,60.650000,binance_kline_quote_asset_volume,0.000000,0.000000,0.000000,0.000000,OK
18,2026-06-05 17:45:00 UTC,MAGMAUSDT,0.432000,0.433280,0.428950,0.431260,-0.000670,-0.155118,-0.171296,1.002315,58.039858,5826,820,16.380344,353945.000000,88385.000000,33.282497,152517.589540,38685.262060,33.984425,182819.000000,78815.104640,73702.484900,51.676075,24162948.000000,10436358.774149,-30318.000000,-0.125316,135349.976669,1.313949,0.580300,0.003800,0.659150,36.720000,63.280000,0.818900,-0.000100,-0.012210,45.020000,54.980000,0.654800,0.006000,0.924784,39.570000,60.430000,binance_kline_quote_asset_volume,0.000000,0.000000,0.000000,0.000000,OK
19,2026-06-05 18:00:00 UTC,MAGMAUSDT,0.431260,0.431950,0.426910,0.428250,-0.003010,-0.697955,-0.697955,1.168669,54.564301,5025,-801,-13.748713,214840.000000,-139105.000000,-39.301304,92321.622820,-60195.966720,-39.468213,115810.000000,49775.678070,42545.944750,53.915515,24194430.000000,10434089.881800,31482.000000,0.130290,-2268.892349,-0.021740,0.585000,0.004700,0.809926,36.910000,63.090000,0.820700,0.001800,0.219807,45.080000,54.920000,0.657600,0.002800,0.427611,39.670000,60.330000,binance_kline_quote_asset_volume,0.000000,0.000000,0.000000,0.000000,OK
20,2026-06-05 18:15:00 UTC,MAGMAUSDT,0.428280,0.429250,0.420120,0.424160,-0.004090,-0.955050,-0.961987,2.131783,50.168197,5447,422,8.398010,296929.000000,82089.000000,38.209365,125701.655070,33380.032250,36.156245,135875.000000,57539.088750,68162.566320,45.774329,24177620.000000,10350142.220826,-16810.000000,-0.069479,-83947.660974,-0.804552,0.587600,0.002600,0.444444,37.010000,62.990000,0.819800,-0.000900,-0.109662,45.050000,54.950000,0.664400,0.006800,1.034063,39.920000,60.080000,binance_kline_quote_asset_volume,0.000000,0.000000,0.000000,0.000000,OK
21,2026-06-05 18:30:00 UTC,MAGMAUSDT,0.424030,0.424360,0.415320,0.420200,-0.003960,-0.933610,-0.903238,2.131925,46.280321,6645,1198,21.993758,322976.000000,26047.000000,8.772131,135352.089910,9650.434840,7.677254,162210.000000,67986.320400,67365.769510,50.229236,24125147.000000,10225290.602518,-52473.000000,-0.217031,-124851.618308,-1.206279,0.592400,0.004800,0.816882,37.200000,62.800000,0.817700,-0.002100,-0.256160,44.990000,55.010000,0.670600,0.006200,0.933173,40.140000,59.860000,binance_kline_quote_asset_volume,0.000000,0.000000,0.000000,0.000000,OK
22,2026-06-05 18:45:00 UTC,MAGMAUSDT,0.420180,0.425470,0.417760,0.425200,0.005000,1.189910,1.194726,1.834928,51.401460,8177,1532,23.054929,410312.000000,87336.000000,27.041019,172976.065730,37623.975820,27.797115,228758.000000,96480.638650,76495.427080,55.776872,24076347.000000,10116565.609254,-48800.000000,-0.202279,-108724.993264,-1.063295,0.589300,-0.003100,-0.523295,37.080000,62.920000,0.817900,0.000200,0.024459,44.990000,55.010000,0.668100,-0.002500,-0.372800,40.050000,59.950000,binance_kline_quote_asset_volume,0.000000,0.000000,0.000000,0.000000,OK
23,2026-06-05 19:00:00 UTC,MAGMAUSDT,0.425460,0.428990,0.422690,0.425200,0.000000,0.000000,-0.061110,1.480750,51.401460,8575,398,4.867311,510089.000000,99777.000000,24.317349,217097.627580,44121.561850,25.507322,287798.000000,122540.603820,94557.023760,56.444930,24061807.000000,10225200.352623,-14540.000000,-0.060391,108634.743369,1.073830,0.576500,-0.012800,-2.172069,36.570000,63.430000,0.821000,0.003100,0.379019,45.090000,54.910000,0.652600,-0.015500,-2.320012,39.490000,60.510000,binance_kline_quote_asset_volume,0.000000,0.000000,0.000000,0.000000,OK
24,2026-06-05 19:15:00 UTC,MAGMAUSDT,0.425200,0.428260,0.421750,0.428260,0.003060,0.719661,0.719661,1.531044,54.481404,5339,-3236,-37.737609,264943.000000,-245146.000000,-48.059456,112441.496060,-104656.131520,-48.206944,125488.000000,53336.778660,59104.717400,47.435138,24089032.000000,10246552.807326,27225.000000,0.113146,21352.454703,0.208822,0.578800,0.002300,0.398959,36.660000,63.340000,0.821300,0.000300,0.036541,45.090000,54.910000,0.657000,0.004400,0.674226,39.650000,60.350000,binance_kline_quote_asset_volume,0.000000,0.000000,0.000000,0.000000,OK
25,2026-06-05 19:30:00 UTC,MAGMAUSDT,0.428170,0.428700,0.423700,0.425040,-0.003220,-0.751880,-0.731018,1.167760,50.830793,3673,-1666,-31.204345,166781.000000,-98162.000000,-37.050233,70943.830520,-41497.665540,-36.906006,72954.000000,31035.444330,39908.386190,43.746502,24032622.000000,10291489.719060,-56410.000000,-0.234173,44936.911734,0.438556,0.578800,0.000000,0.000000,36.660000,63.340000,0.822200,0.000900,0.109582,45.120000,54.880000,0.651800,-0.005200,-0.791476,39.460000,60.540000,binance_kline_quote_asset_volume,0.000000,0.000000,0.000000,0.000000,OK
26,2026-06-05 19:45:00 UTC,MAGMAUSDT,0.425340,0.432570,0.424010,0.430270,0.005230,1.230472,1.159073,2.012508,55.989109,5140,1467,39.940103,293633.000000,126852.000000,76.059024,125600.690800,54656.860280,77.042443,194948.000000,83487.623130,42113.067670,66.470672,24015505.000000,10204725.061192,-17117.000000,-0.071224,-86764.657868,-0.843072,0.582500,0.003700,0.639254,36.810000,63.190000,0.821700,-0.000500,-0.060812,45.110000,54.890000,0.655100,0.003300,0.506290,39.580000,60.420000,binance_kline_quote_asset_volume,0.000000,0.000000,0.000000,0.000000,OK
27,2026-06-05 20:00:00 UTC,MAGMAUSDT,0.430120,0.430120,0.422410,0.425440,-0.004830,-1.122551,-1.088068,1.792523,50.699225,5593,453,8.813230,301176.000000,7543.000000,2.568853,128399.350290,2798.659490,2.228220,107898.000000,46007.395580,82391.954710,35.831486,24028673.000000,10336037.014244,13168.000000,0.054831,131311.953052,1.286776,0.582800,0.000300,0.051502,36.820000,63.180000,0.826100,0.004400,0.535475,45.240000,54.760000,0.656500,0.001400,0.213708,39.630000,60.370000,binance_kline_quote_asset_volume,0.000000,0.000000,0.000000,0.000000,OK
28,2026-06-05 20:15:00 UTC,MAGMAUSDT,0.425460,0.428520,0.419890,0.425200,-0.000240,-0.056412,-0.061110,2.028393,50.444188,5024,-569,-10.173431,328524.000000,27348.000000,9.080405,139649.880470,11250.530180,8.762139,157448.000000,67024.970490,72624.909980,47.995007,24011467.000000,10210155.997740,-17206.000000,-0.071606,-125881.016504,-1.217885,0.591300,0.008500,1.458476,37.160000,62.840000,0.827400,0.001300,0.157366,45.280000,54.720000,0.669400,0.012900,1.964966,40.100000,59.900000,binance_kline_quote_asset_volume,0.000000,0.000000,0.000000,0.000000,OK
29,2026-06-05 20:30:00 UTC,MAGMAUSDT,0.425220,0.430210,0.424690,0.429580,0.004380,1.030103,1.025352,1.298152,54.902788,3583,-1441,-28.682325,187058.000000,-141466.000000,-43.061085,79919.646900,-59730.233570,-42.771418,105565.000000,45126.798600,34792.848300,56.465213,23995215.000000,10201616.767058,-16252.000000,-0.067684,-8539.230682,-0.083635,0.592100,0.000800,0.135295,37.190000,62.810000,0.826400,-0.001000,-0.120861,45.250000,54.750000,0.667800,-0.001600,-0.239020,40.040000,59.960000,binance_kline_quote_asset_volume,0.000000,0.000000,0.000000,0.000000,OK
30,2026-06-05 20:45:00 UTC,MAGMAUSDT,0.429580,0.431970,0.427830,0.428190,-0.001390,-0.323572,-0.323572,0.963732,53.264950,3635,52,1.451298,195444.000000,8386.000000,4.483101,83999.909870,4080.262970,5.105457,95962.000000,41256.871510,42743.038360,49.115376,23977071.000000,10295191.545544,-18144.000000,-0.075615,93574.778486,0.917254,0.588100,-0.004000,-0.675562,37.030000,62.970000,0.829300,0.002900,0.350920,45.340000,54.660000,0.663600,-0.004200,-0.628931,39.890000,60.110000,binance_kline_quote_asset_volume,0.000000,0.000000,0.000000,0.000000,OK
31,2026-06-05 21:00:00 UTC,MAGMAUSDT,0.428230,0.428570,0.424630,0.427810,-0.000380,-0.088746,-0.098078,0.920066,52.801211,4113,478,13.149931,204115.000000,8671.000000,4.436565,87045.524410,3045.614540,3.625735,103196.000000,44017.136630,43028.387780,50.567949,23963686.000000,10261010.708340,-13385.000000,-0.055824,-34180.837204,-0.332008,0.589100,0.001000,0.170039,37.070000,62.930000,0.832400,0.003100,0.373809,45.430000,54.570000,0.664400,0.000800,0.120555,39.920000,60.080000,binance_kline_quote_asset_volume,0.000000,0.000000,0.000000,0.000000,OK
32,2026-06-05 21:15:00 UTC,MAGMAUSDT,0.427810,0.428080,0.422380,0.424320,-0.003490,-0.815783,-0.815783,1.332367,48.614930,2072,-2041,-49.623146,130937.000000,-73178.000000,-35.851358,55594.576510,-31450.947900,-36.131608,53172.000000,22587.009240,33007.567270,40.628080,23956724.000000,10246206.766699,-6962.000000,-0.029052,-14803.941641,-0.144274,0.591800,0.002700,0.458326,37.180000,62.820000,0.832800,0.000400,0.048054,45.440000,54.560000,0.668900,0.004500,0.677303,40.080000,59.920000,binance_kline_quote_asset_volume,0.000000,0.000000,0.000000,0.000000,OK
33,2026-06-05 21:30:00 UTC,MAGMAUSDT,0.424560,0.427700,0.421810,0.427700,0.003380,0.796569,0.739589,1.387319,52.539506,1834,-238,-11.486486,199646.000000,68709.000000,52.474854,84668.631860,29074.055350,52.296568,114421.000000,48560.349980,36108.281880,57.353413,23933649.000000,10153908.507681,-23075.000000,-0.096320,-92298.259018,-0.900804,0.588600,-0.003200,-0.540723,37.050000,62.950000,0.831800,-0.001000,-0.120077,45.410000,54.590000,0.667500,-0.001400,-0.209299,40.030000,59.970000,binance_kline_quote_asset_volume,0.000000,0.000000,0.000000,0.000000,OK
34,2026-06-05 21:45:00 UTC,MAGMAUSDT,0.427680,0.427700,0.425000,0.426310,-0.001390,-0.324994,-0.320333,0.631313,50.820499,2311,477,26.008724,92918.000000,-106728.000000,-53.458622,39613.650500,-45054.981360,-53.213310,35838.000000,15279.557230,24334.093270,38.571445,23885912.000000,10216004.562400,-47737.000000,-0.199456,62096.054719,0.611548,0.584800,-0.003800,-0.645600,36.900000,63.100000,0.830900,-0.000900,-0.108199,45.380000,54.620000,0.663600,-0.003900,-0.584270,39.890000,60.110000,binance_kline_quote_asset_volume,0.000000,0.000000,0.000000,0.000000,OK
35,2026-06-05 22:00:00 UTC,MAGMAUSDT,0.426090,0.429360,0.424500,0.428490,0.002180,0.511365,0.563261,1.140604,53.395884,4004,1693,73.258330,184679.000000,91761.000000,98.754816,78809.754110,39196.103610,98.945952,115453.000000,49275.191860,29534.562250,62.524230,23879020.000000,10172940.100400,-6892.000000,-0.028854,-43064.462000,-0.421539,0.585500,0.000700,0.119699,36.930000,63.070000,0.831300,0.000400,0.048141,45.390000,54.610000,0.663600,0.000000,0.000000,39.890000,60.110000,binance_kline_quote_asset_volume,0.000000,0.000000,0.000000,0.000000,OK
36,2026-06-05 22:15:00 UTC,MAGMAUSDT,0.428370,0.428540,0.425440,0.426020,-0.002470,-0.576443,-0.548591,0.723673,50.188941,2621,-1383,-34.540460,121110.000000,-63569.000000,-34.421347,51689.509470,-27120.244640,-34.412294,67375.000000,28759.110310,22930.399160,55.638195,23870173.000000,10223595.095900,-8847.000000,-0.037049,50654.995500,0.497939,0.585000,-0.000500,-0.085397,36.910000,63.090000,0.833600,0.002300,0.276675,45.460000,54.540000,0.660900,-0.002700,-0.406872,39.790000,60.210000,binance_kline_quote_asset_volume,0.000000,0.000000,0.000000,0.000000,OK
37,2026-06-05 22:30:00 UTC,MAGMAUSDT,0.426060,0.428680,0.425780,0.427400,0.001380,0.323928,0.314510,0.680655,51.926178,2358,-263,-10.034338,110276.000000,-10834.000000,-8.945587,47127.066230,-4562.443240,-8.826633,52218.000000,22319.748590,24807.317640,47.360785,23863695.000000,10164740.885250,-6478.000000,-0.027138,-58854.210650,-0.575670,0.585300,0.000300,0.051282,36.920000,63.080000,0.833800,0.000200,0.023992,45.470000,54.530000,0.663300,0.002400,0.363141,39.880000,60.120000,binance_kline_quote_asset_volume,0.000000,0.000000,0.000000,0.000000,OK
38,2026-06-05 22:45:00 UTC,MAGMAUSDT,0.427380,0.427590,0.423030,0.423640,-0.003760,-0.879738,-0.875099,1.066966,47.105600,3173,815,34.563189,158075.000000,47799.000000,43.344880,67214.339520,20087.273290,42.623645,62247.000000,26448.648810,40765.690710,39.349712,23837214.000000,10188025.263600,-26481.000000,-0.110968,23284.378350,0.229070,0.588300,0.003000,0.512558,37.040000,62.960000,0.834200,0.000400,0.047973,45.480000,54.520000,0.664700,0.001400,0.211066,39.930000,60.070000,binance_kline_quote_asset_volume,0.000000,0.000000,0.000000,0.000000,OK
39,2026-06-05 23:00:00 UTC,MAGMAUSDT,0.423670,0.425480,0.422420,0.425060,0.001420,0.335190,0.328086,0.722260,49.030073,3738,565,17.806492,164629.000000,6554.000000,4.146133,69810.384860,2596.045340,3.862339,101829.000000,43194.389410,26615.995450,61.873874,23802814.000000,10082389.051304,-34400.000000,-0.144312,-105636.212296,-1.036866,0.591300,0.003000,0.509944,37.160000,62.840000,0.833800,-0.000400,-0.047950,45.470000,54.530000,0.671700,0.007000,1.053107,40.180000,59.820000,binance_kline_quote_asset_volume,0.000000,0.000000,0.000000,0.000000,OK
40,2026-06-05 23:15:00 UTC,MAGMAUSDT,0.425060,0.427670,0.424400,0.425320,0.000260,0.061168,0.061168,0.769303,49.393136,2591,-1147,-30.684858,119222.000000,-45407.000000,-27.581410,50796.799980,-19013.584880,-27.236041,58603.000000,24961.118530,25835.681450,49.139155,23805843.000000,10117721.333430,3029.000000,0.012725,35332.282126,0.350436,0.588300,-0.003000,-0.507357,37.040000,62.960000,0.835300,0.001500,0.179899,45.510000,54.490000,0.664400,-0.007300,-1.086795,39.920000,60.080000,binance_kline_quote_asset_volume,0.000000,0.000000,0.000000,0.000000,OK
41,2026-06-05 23:30:00 UTC,MAGMAUSDT,0.425310,0.429380,0.425310,0.428520,0.003200,0.752375,0.754744,0.956949,53.758868,2938,347,13.392513,200386.000000,81164.000000,68.078039,85688.044250,34891.244270,68.687879,90076.000000,38521.635850,47166.408400,44.955672,23800268.000000,10124449.793126,-5575.000000,-0.023419,6728.459696,0.066502,0.586500,-0.001800,-0.305966,36.970000,63.030000,0.836300,0.001000,0.119717,45.540000,54.460000,0.660300,-0.004100,-0.617098,39.770000,60.230000,binance_kline_quote_asset_volume,0.000000,0.000000,0.000000,0.000000,OK
42,2026-06-05 23:45:00 UTC,MAGMAUSDT,0.428380,0.429730,0.426010,0.426670,-0.001850,-0.431718,-0.399178,0.868388,51.018662,2709,-229,-7.794418,132735.000000,-67651.000000,-33.760343,56736.651400,-28951.392850,-33.786969,59551.000000,25450.237940,31286.413460,44.856785,23775856.000000,10185684.890545,-24412.000000,-0.102570,61235.097419,0.604824,0.585800,-0.000700,-0.119352,36.940000,63.060000,0.839300,0.003000,0.358723,45.630000,54.370000,0.659200,-0.001100,-0.166591,39.730000,60.270000,binance_kline_quote_asset_volume,0.000000,0.000000,0.000000,0.000000,OK
43,2026-06-06 00:00:00 UTC,MAGMAUSDT,0.426650,0.430470,0.425420,0.428900,0.002230,0.522652,0.527364,1.183640,54.058537,3943,1234,45.551864,211678.000000,78943.000000,59.474140,90617.282700,33880.631300,59.715599,91336.000000,39120.533210,51496.749490,43.171161,23757213.000000,10130722.532110,-18643.000000,-0.078411,-54962.358435,-0.539604,0.587600,0.001800,0.307272,37.010000,62.990000,0.838600,-0.000700,-0.083403,45.610000,54.390000,0.658400,-0.000800,-0.121359,39.700000,60.300000,binance_kline_quote_asset_volume,0.000000,0.000000,0.000000,0.000000,OK
44,2026-06-06 00:15:00 UTC,MAGMAUSDT,0.428900,0.431220,0.427820,0.429730,0.000830,0.193518,0.193518,0.792726,55.173644,2961,-982,-24.904895,175573.000000,-36105.000000,-17.056567,75401.517610,-15215.765090,-16.791240,88324.000000,37944.038450,37457.479160,50.322646,23754935.000000,10180998.839902,-2278.000000,-0.009589,50276.307792,0.496276,0.590800,0.003200,0.544588,37.140000,62.860000,0.839400,0.000800,0.095397,45.640000,54.360000,0.667500,0.009100,1.382139,40.030000,59.970000,binance_kline_quote_asset_volume,0.000000,0.000000,0.000000,0.000000,OK
45,2026-06-06 00:30:00 UTC,MAGMAUSDT,0.429800,0.431680,0.428390,0.430570,0.000840,0.195472,0.179153,0.765472,56.328935,2759,-202,-6.822020,156181.000000,-19392.000000,-11.044978,67193.248070,-8208.269540,-10.886080,83922.000000,36120.386020,31072.862050,53.755976,23747576.000000,10202278.291973,-7359.000000,-0.030979,21279.452071,0.209011,0.592100,0.001300,0.220041,37.190000,62.810000,0.840800,0.001400,0.166786,45.670000,54.330000,0.669400,0.001900,0.284644,40.100000,59.900000,binance_kline_quote_asset_volume,0.000000,0.000000,0.000000,0.000000,OK
46,2026-06-06 00:45:00 UTC,MAGMAUSDT,0.430530,0.431230,0.427830,0.429200,-0.001370,-0.318183,-0.308922,0.789724,53.889507,3153,394,14.280536,183943.000000,27762.000000,17.775530,78994.522040,11801.273970,17.563184,91729.000000,39397.304600,39597.217440,49.873464,23758591.000000,10229195.543753,11015.000000,0.046384,26917.251780,0.263836,0.594400,0.002300,0.388448,37.280000,62.720000,0.843600,0.002800,0.333016,45.760000,54.240000,0.671100,0.001700,0.253959,40.160000,59.840000,binance_kline_quote_asset_volume,0.000000,0.000000,0.000000,0.000000,OK
47,2026-06-06 01:00:00 UTC,MAGMAUSDT,0.429200,0.435890,0.428460,0.432000,0.002800,0.652377,0.652377,1.731128,57.902218,7275,4122,130.732636,601166.000000,417223.000000,226.821896,259619.996410,180625.474370,228.655696,325980.000000,140828.962650,118791.033760,54.244266,23761207.000000,10194745.863350,2616.000000,0.011011,-34449.680403,-0.336778,0.593900,-0.000500,-0.084118,37.260000,62.740000,0.844300,0.000700,0.082978,45.780000,54.220000,0.670800,-0.000300,-0.044703,40.150000,59.850000,binance_kline_quote_asset_volume,0.000000,0.000000,0.000000,0.000000,OK
48,2026-06-06 01:15:00 UTC,MAGMAUSDT,0.431960,0.435050,0.430480,0.433180,0.001180,0.273148,0.282434,1.057968,59.501714,3548,-3727,-51.230241,189777.000000,-411389.000000,-68.431847,82071.730630,-177548.265780,-68.387747,84071.000000,36383.137910,45688.592720,44.330901,23830957.000000,10290807.772716,69750.000000,0.293546,96061.909366,0.942269,0.595400,0.001500,0.252568,37.320000,62.680000,0.852000,0.007700,0.911998,46.000000,54.000000,0.675600,0.004800,0.715564,40.320000,59.680000,binance_kline_quote_asset_volume,0.000000,0.000000,0.000000,0.000000,OK
49,2026-06-06 01:30:00 UTC,MAGMAUSDT,0.433160,0.433650,0.431390,0.432500,-0.000680,-0.156979,-0.152369,0.521747,58.131011,2079,-1469,-41.403608,104475.000000,-85302.000000,-44.948545,45173.728010,-36898.002620,-44.958236,46360.000000,20047.858780,25125.869230,44.379465,23836298.000000,10325407.567640,5341.000000,0.022412,34599.794924,0.336220,0.595900,0.000500,0.083977,37.340000,62.660000,0.853400,0.001400,0.164319,46.040000,53.960000,0.673600,-0.002000,-0.296033,40.250000,59.750000,binance_kline_quote_asset_volume,0.000000,0.000000,0.000000,0.000000,OK
50,2026-06-06 01:45:00 UTC,MAGMAUSDT,0.432620,0.433070,0.430200,0.431170,-0.001330,-0.307514,-0.335167,0.663400,55.440890,3104,1025,49.302549,235115.000000,130640.000000,125.044269,101464.924240,56291.196230,124.610473,108276.000000,46741.321200,54723.603040,46.066482,23816346.000000,10300569.645000,-19952.000000,-0.083704,-24837.922640,-0.240551,0.594900,-0.001000,-0.167813,37.300000,62.700000,0.853100,-0.000300,-0.035154,46.040000,53.960000,0.675300,0.001700,0.252375,40.310000,59.690000,binance_kline_quote_asset_volume,0.000000,0.000000,0.000000,0.000000,OK
51,2026-06-06 02:00:00 UTC,MAGMAUSDT,0.431170,0.432390,0.429080,0.429440,-0.001730,-0.401234,-0.401234,0.767679,52.065725,4228,1124,36.211340,272950.000000,37835.000000,16.092125,117560.664940,16095.740700,15.863355,129435.000000,55775.526580,61785.138360,47.444038,23788264.000000,10254169.079840,-28082.000000,-0.117911,-46400.565160,-0.450466,0.596700,0.001800,0.302572,37.370000,62.630000,0.850200,-0.002900,-0.339937,45.950000,54.050000,0.682400,0.007100,1.051385,40.560000,59.440000,binance_kline_quote_asset_volume,0.000000,0.000000,0.000000,0.000000,OK
52,2026-06-06 02:15:00 UTC,MAGMAUSDT,0.429410,0.430260,0.427690,0.429410,-0.000030,-0.006986,0.000000,0.598496,52.006599,2741,-1487,-35.170293,170866.000000,-102084.000000,-37.400256,73253.278440,-44307.386500,-37.688955,58569.000000,25114.908190,48138.370250,34.285030,23796952.000000,10219554.156405,8688.000000,0.036522,-34614.923435,-0.337569,0.593400,-0.003300,-0.553042,37.240000,62.760000,0.854900,0.004700,0.552811,46.090000,53.910000,0.684600,0.002200,0.322392,40.640000,59.360000,binance_kline_quote_asset_volume,0.000000,0.000000,0.000000,0.000000,OK
53,2026-06-06 02:30:00 UTC,MAGMAUSDT,0.429440,0.431830,0.427590,0.431110,0.001700,0.395892,0.388879,0.987332,55.117060,3458,717,26.158336,214612.000000,43746.000000,25.602519,92302.967030,19049.688590,26.005237,118235.000000,50879.578460,41423.388570,55.122365,23755324.000000,10199745.073311,-41628.000000,-0.174930,-19809.083094,-0.193835,0.592400,-0.001000,-0.168520,37.200000,62.800000,0.853200,-0.001700,-0.198854,46.040000,53.960000,0.680700,-0.003900,-0.569676,40.500000,59.500000,binance_kline_quote_asset_volume,0.000000,0.000000,0.000000,0.000000,OK
54,2026-06-06 02:45:00 UTC,MAGMAUSDT,0.431160,0.433290,0.428710,0.429310,-0.001800,-0.417527,-0.429075,1.062251,51.324144,4033,575,16.628109,274460.000000,59848.000000,27.886605,118219.470160,25916.503130,28.077649,129676.000000,55895.348590,62324.121570,47.281001,23762564.000000,10241023.494772,7240.000000,0.030477,41278.421461,0.404701,0.586300,-0.006100,-1.029710,36.960000,63.040000,0.853200,0.000000,0.000000,46.040000,53.960000,0.672500,-0.008200,-1.204642,40.210000,59.790000,binance_kline_quote_asset_volume,0.000000,0.000000,0.000000,0.000000,OK
55,2026-06-06 03:00:00 UTC,MAGMAUSDT,0.429310,0.431970,0.428870,0.430650,0.001340,0.312129,0.312129,0.722089,53.869188,3743,-290,-7.190677,215269.000000,-59191.000000,-21.566348,92765.908340,-25453.561820,-21.530770,127792.000000,55064.647950,37701.260390,59.358712,23775293.000000,10203831.034883,12729.000000,0.053567,-37192.459889,-0.363171,0.589800,0.003500,0.596964,37.100000,62.900000,0.851300,-0.001900,-0.222691,45.980000,54.020000,0.677300,0.004800,0.713755,40.380000,59.620000,binance_kline_quote_asset_volume,0.000000,0.000000,0.000000,0.000000,OK
56,2026-06-06 03:15:00 UTC,MAGMAUSDT,0.430670,0.434340,0.430250,0.431620,0.000970,0.225241,0.220587,0.949683,55.675837,3501,-242,-6.465402,225396.000000,10127.000000,4.704347,97527.163470,4761.255130,5.132548,100583.000000,43514.954460,54012.209010,44.618292,23823602.000000,10259634.201300,48309.000000,0.203190,55803.166417,0.546884,0.587800,-0.002000,-0.339098,37.020000,62.980000,0.853200,0.001900,0.223188,46.040000,53.960000,0.673400,-0.003900,-0.575816,40.240000,59.760000,binance_kline_quote_asset_volume,0.000000,0.000000,0.000000,0.000000,OK
57,2026-06-06 03:30:00 UTC,MAGMAUSDT,0.431610,0.432200,0.429030,0.429910,-0.001710,-0.396182,-0.393874,0.734459,51.822722,1759,-1742,-49.757212,115843.000000,-109553.000000,-48.604678,49854.472050,-47672.691420,-48.881450,56335.000000,24244.570990,25609.901060,48.630684,23844924.000000,10291469.198400,21322.000000,0.089499,31834.997100,0.310294,0.583300,-0.004500,-0.765567,36.840000,63.160000,0.854400,0.001200,0.140647,46.070000,53.930000,0.674800,0.001400,0.207900,40.290000,59.710000,binance_kline_quote_asset_volume,0.000000,0.000000,0.000000,0.000000,OK
58,2026-06-06 03:45:00 UTC,MAGMAUSDT,0.429930,0.430540,0.428000,0.428840,-0.001070,-0.248889,-0.253530,0.590794,49.513624,3317,1558,88.573053,183893.000000,68050.000000,58.743299,78915.145180,29060.673130,58.291006,78381.000000,33636.529730,45278.615450,42.623668,23829121.000000,10243185.238186,-15803.000000,-0.066274,-48283.960214,-0.469165,0.586800,0.003500,0.600034,36.980000,63.020000,0.853100,-0.001300,-0.152154,46.040000,53.960000,0.677600,0.002800,0.414938,40.390000,59.610000,binance_kline_quote_asset_volume,0.000000,0.000000,0.000000,0.000000,OK
59,2026-06-06 04:00:00 UTC,MAGMAUSDT,0.428850,0.433600,0.428300,0.431440,0.002600,0.606287,0.603941,1.235863,54.785597,4576,1259,37.955984,226724.000000,42831.000000,23.291262,97766.865120,18851.719940,23.888596,109684.000000,47262.787570,50504.077550,48.342337,23799019.000000,10208351.209860,-30102.000000,-0.126324,-34834.028326,-0.340070,0.586500,-0.000300,-0.051125,36.970000,63.030000,0.853000,-0.000100,-0.011722,46.030000,53.970000,0.675300,-0.002300,-0.339433,40.310000,59.690000,binance_kline_quote_asset_volume,0.000000,0.000000,0.000000,0.000000,OK
60,2026-06-06 04:15:00 UTC,MAGMAUSDT,0.431440,0.435990,0.430090,0.435110,0.003670,0.850640,0.850640,1.367513,60.979558,5819,1243,27.163462,325402.000000,98678.000000,43.523403,140913.175300,43146.310180,44.131834,184742.000000,80058.325830,60854.849470,56.813939,23793400.000000,10262352.530126,-5619.000000,-0.023610,54001.320266,0.528992,0.582500,-0.004000,-0.682012,36.810000,63.190000,0.854000,0.001000,0.117233,46.060000,53.940000,0.674500,-0.000800,-0.118466,40.280000,59.720000,binance_kline_quote_asset_volume,0.000000,0.000000,0.000000,0.000000,OK
61,2026-06-06 04:30:00 UTC,MAGMAUSDT,0.435090,0.435550,0.426060,0.426420,-0.008690,-1.997196,-1.992691,2.181158,45.192627,7977,2158,37.085410,503048.000000,177646.000000,54.592781,216710.109810,75796.934510,53.789814,211956.000000,91367.868290,125342.241520,42.161332,23808735.000000,10361799.559350,15335.000000,0.064451,99447.029224,0.969047,0.582300,-0.000200,-0.034335,36.800000,63.200000,0.852200,-0.001800,-0.210773,46.010000,53.990000,0.672200,-0.002300,-0.340993,40.200000,59.800000,binance_kline_quote_asset_volume,0.000000,0.000000,0.000000,0.000000,OK
62,2026-06-06 04:45:00 UTC,MAGMAUSDT,0.426390,0.429840,0.424540,0.429170,0.002750,0.644904,0.651985,1.242994,49.636174,5759,-2218,-27.804939,361234.000000,-141814.000000,-28.190948,154299.116100,-62410.993710,-28.799300,178726.000000,76338.143900,77960.972200,49.474129,23732153.000000,10112704.454378,-76582.000000,-0.321655,-249095.104972,-2.403975,0.586300,0.004000,0.686931,36.960000,63.040000,0.851900,-0.000300,-0.035203,46.000000,54.000000,0.673100,0.000900,0.133889,40.230000,59.770000,binance_kline_quote_asset_volume,0.000000,0.000000,0.000000,0.000000,OK
63,2026-06-06 05:00:00 UTC,MAGMAUSDT,0.429000,0.429000,0.422860,0.425280,-0.003890,-0.906401,-0.867133,1.431235,44.179666,5697,-62,-1.076576,383517.000000,22283.000000,6.168578,163179.949780,8880.833680,5.755596,195778.000000,83317.510310,79862.439470,51.058669,23736644.000000,10187292.871920,4491.000000,0.018924,74588.417542,0.737571,0.591300,0.005000,0.852806,37.160000,62.840000,0.848800,-0.003100,-0.363892,45.910000,54.090000,0.680100,0.007000,1.039964,40.480000,59.520000,binance_kline_quote_asset_volume,0.000000,0.000000,0.000000,0.000000,OK
64,2026-06-06 05:15:00 UTC,MAGMAUSDT,0.425380,0.430460,0.424840,0.428340,0.003060,0.719526,0.695848,1.321172,48.935154,4612,-1085,-19.045111,243095.000000,-140422.000000,-36.614283,103887.908920,-59292.040860,-36.335371,141616.000000,60541.187580,43346.721340,58.275490,23735852.000000,10094383.138560,-792.000000,-0.003337,-92909.733360,-0.912016,0.590100,-0.001200,-0.202943,37.110000,62.890000,0.844100,-0.004700,-0.553723,45.770000,54.230000,0.675600,-0.004500,-0.661667,40.320000,59.680000,binance_kline_quote_asset_volume,0.000000,0.000000,0.000000,0.000000,OK
65,2026-06-06 05:30:00 UTC,MAGMAUSDT,0.428300,0.428680,0.424500,0.427080,-0.001260,-0.294159,-0.284847,0.975951,47.153788,3719,-893,-19.362533,204287.000000,-38808.000000,-15.964129,87142.131200,-16745.777720,-16.119082,111901.000000,47727.126420,39415.004780,54.769290,23726635.000000,10163066.835900,-9217.000000,-0.038832,68683.697340,0.680415,0.583800,-0.006300,-1.067616,36.860000,63.140000,0.845400,0.001300,0.154010,45.810000,54.190000,0.668100,-0.007500,-1.110124,40.050000,59.950000,binance_kline_quote_asset_volume,0.000000,0.000000,0.000000,0.000000,OK
66,2026-06-06 05:45:00 UTC,MAGMAUSDT,0.427080,0.430390,0.427040,0.428050,0.000970,0.227124,0.227124,0.784396,48.701958,4772,1053,28.314063,273260.000000,68973.000000,33.762794,117256.696060,30114.564860,34.557985,164027.000000,70393.456550,46863.239510,60.033635,23720839.000000,10119969.356724,-5796.000000,-0.024428,-43097.479176,-0.424060,0.583800,0.000000,0.000000,36.860000,63.140000,0.847300,0.001900,0.224746,45.870000,54.130000,0.671100,0.003000,0.449035,40.160000,59.840000,binance_kline_quote_asset_volume,0.000000,0.000000,0.000000,0.000000,OK
67,2026-06-06 06:00:00 UTC,MAGMAUSDT,0.428230,0.430990,0.425030,0.427540,-0.000510,-0.119145,-0.161128,1.391775,47.907284,4233,-539,-11.295054,190122.000000,-83138.000000,-30.424504,81326.560570,-35930.135490,-30.642289,86063.000000,36785.639250,44540.921320,45.232012,23771694.000000,10175949.050580,50855.000000,0.214390,55979.693856,0.553161,0.585800,0.002000,0.342583,36.940000,63.060000,0.847900,0.000600,0.070813,45.880000,54.120000,0.673600,0.002500,0.372523,40.250000,59.750000,binance_kline_quote_asset_volume,0.000000,0.000000,0.000000,0.000000,OK
68,2026-06-06 06:15:00 UTC,MAGMAUSDT,0.427540,0.429350,0.425440,0.428540,0.001000,0.233896,0.233896,0.914534,49.642377,4461,228,5.386251,345809.000000,155687.000000,81.887946,147943.146430,66616.585860,81.912459,146061.000000,62453.012920,85490.133510,42.214198,23781981.000000,10167748.156740,10287.000000,0.043274,-8200.893840,-0.080591,0.587000,0.001200,0.204848,36.990000,63.010000,0.848400,0.000500,0.058969,45.900000,54.100000,0.675300,0.001700,0.252375,40.310000,59.690000,binance_kline_quote_asset_volume,0.000000,0.000000,0.000000,0.000000,OK
69,2026-06-06 06:30:00 UTC,MAGMAUSDT,0.428540,0.431100,0.425970,0.427560,-0.000980,-0.228683,-0.228683,1.197088,47.956582,3117,-1344,-30.127774,169897.000000,-175912.000000,-50.869700,72717.814580,-75225.331850,-50.847460,97023.000000,41549.009160,31168.805420,57.137318,23771653.000000,10185763.217674,-10328.000000,-0.043428,18015.060934,0.177178,0.586800,-0.000200,-0.034072,36.980000,63.020000,0.852100,0.003700,0.436115,46.010000,53.990000,0.675000,-0.000300,-0.044425,40.300000,59.700000,binance_kline_quote_asset_volume,0.000000,0.000000,0.000000,0.000000,OK
70,2026-06-06 06:45:00 UTC,MAGMAUSDT,0.427550,0.428000,0.424320,0.424900,-0.002660,-0.622135,-0.619811,0.860718,43.626076,3601,484,15.527751,226841.000000,56944.000000,33.516778,96614.225660,23896.411080,32.861839,78793.000000,33548.443360,63065.782300,34.724124,23774213.000000,10160768.412381,2560.000000,0.010769,-24994.805293,-0.245390,0.584800,-0.002000,-0.340832,36.900000,63.100000,0.854000,0.001900,0.222979,46.060000,53.940000,0.670600,-0.004400,-0.651852,40.140000,59.860000,binance_kline_quote_asset_volume,0.000000,0.000000,0.000000,0.000000,OK
71,2026-06-06 07:00:00 UTC,MAGMAUSDT,0.424840,0.428280,0.423690,0.427080,0.002180,0.513062,0.527257,1.080407,47.787344,4671,1070,29.713968,226938.000000,97.000000,0.042761,96582.352640,-31.873020,-0.032990,123059.000000,52389.188250,44193.164390,54.243024,23733682.000000,10083966.808160,-40531.000000,-0.170483,-76801.604221,-0.755864,0.582800,-0.002000,-0.341997,36.820000,63.180000,0.854200,0.000200,0.023419,46.070000,53.930000,0.665300,-0.005300,-0.790337,39.950000,60.050000,binance_kline_quote_asset_volume,0.000000,0.000000,0.000000,0.000000,OK
72,2026-06-06 07:15:00 UTC,MAGMAUSDT,0.427090,0.427130,0.420380,0.421230,-0.005850,-1.369767,-1.372076,1.580463,39.385608,4622,-49,-1.049026,282670.000000,55732.000000,24.558249,119736.395020,23154.042380,23.973368,108635.000000,46069.914160,73666.480860,38.476116,23731622.000000,10126352.641052,-2060.000000,-0.008680,42385.832892,0.420329,0.581800,-0.001000,-0.171585,36.780000,63.220000,0.853000,-0.001200,-0.140482,46.030000,53.970000,0.665800,0.000500,0.075154,39.970000,60.030000,binance_kline_quote_asset_volume,0.000000,0.000000,0.000000,0.000000,OK
73,2026-06-06 07:30:00 UTC,MAGMAUSDT,0.421300,0.424650,0.420910,0.423570,0.002340,0.555516,0.538808,0.887728,43.653083,3567,-1055,-22.825617,252177.000000,-30493.000000,-10.787491,106580.708510,-13155.686510,-10.987208,152788.000000,64580.197750,42000.510760,60.592765,23703592.000000,9987708.784552,-28030.000000,-0.118112,-138643.856500,-1.369139,0.584800,0.003000,0.515641,36.900000,63.100000,0.850900,-0.002100,-0.246190,45.970000,54.030000,0.672800,0.007000,1.051367,40.220000,59.780000,binance_kline_quote_asset_volume,0.000000,0.000000,0.000000,0.000000,OK
74,2026-06-06 07:45:00 UTC,MAGMAUSDT,0.423570,0.427480,0.423420,0.425380,0.001810,0.427320,0.427320,0.958519,46.774572,3188,-379,-10.625175,173476.000000,-78701.000000,-31.208635,73786.518340,-32794.190170,-30.769349,87448.000000,37200.996870,36585.521470,50.417065,23752329.000000,10057410.664744,48737.000000,0.205610,69701.880191,0.697877,0.580300,-0.004500,-0.769494,36.720000,63.280000,0.852000,0.001100,0.129275,46.000000,54.000000,0.667200,-0.005600,-0.832342,40.020000,59.980000,binance_kline_quote_asset_volume,0.000000,0.000000,0.000000,0.000000,OK
75,2026-06-06 08:00:00 UTC,MAGMAUSDT,0.425380,0.425920,0.421450,0.421470,-0.003910,-0.919178,-0.919178,1.050825,41.434614,4531,1343,42.126725,257711.000000,84235.000000,48.557149,109037.564610,35251.046270,47.774373,113797.000000,48152.499030,60885.065580,44.161385,23719418.000000,10094035.524080,-32911.000000,-0.138559,36624.859336,0.364158,0.582500,0.002200,0.379114,36.810000,63.190000,0.853700,0.001700,0.199531,46.050000,53.950000,0.668100,0.000900,0.134892,40.050000,59.950000,binance_kline_quote_asset_volume,0.000000,0.000000,0.000000,0.000000,OK
76,2026-06-06 08:15:00 UTC,MAGMAUSDT,0.421450,0.424160,0.420750,0.423270,0.001800,0.427077,0.431842,0.809111,44.571793,2666,-1865,-41.160892,154953.000000,-102758.000000,-39.873347,65441.050220,-43596.514390,-39.983023,82623.000000,34917.194050,30523.856170,53.356714,23694732.000000,9986145.749189,-24686.000000,-0.104075,-107889.774891,-1.068847,0.580300,-0.002200,-0.377682,36.720000,63.280000,0.854400,0.000700,0.081996,46.070000,53.930000,0.667800,-0.000300,-0.044903,40.040000,59.960000,binance_kline_quote_asset_volume,0.000000,0.000000,0.000000,0.000000,OK
77,2026-06-06 08:30:00 UTC,MAGMAUSDT,0.423210,0.423590,0.409240,0.410150,-0.013120,-3.099676,-3.085938,3.390752,31.378003,9024,6358,238.484621,717048.000000,562095.000000,362.751931,298719.912930,233278.862710,356.471759,280317.000000,116724.972460,181994.940470,39.075056,23671248.000000,10017338.862428,-23484.000000,-0.099111,31193.113239,0.312364,0.583300,0.003000,0.516974,36.840000,63.160000,0.853400,-0.001000,-0.117041,46.050000,53.950000,0.671400,0.003600,0.539084,40.170000,59.830000,binance_kline_quote_asset_volume,0.000000,0.000000,0.000000,0.000000,OK
78,2026-06-06 08:45:00 UTC,MAGMAUSDT,0.410150,0.415100,0.376940,0.377880,-0.032270,-7.867853,-7.867853,9.303913,17.587798,31239,22215,246.176862,3127071.000000,2410023.000000,336.103441,1236039.761880,937319.848950,313.778830,1265793.000000,501306.192230,734733.569650,40.557449,23702555.000000,9720891.856600,31307.000000,0.132257,-296447.005828,-2.959339,0.579000,-0.004300,-0.737185,36.670000,63.330000,0.846000,-0.007400,-0.867120,45.830000,54.170000,0.668100,-0.003300,-0.491510,40.050000,59.950000,binance_kline_quote_asset_volume,0.000000,0.000000,0.000000,0.000000,OK
79,2026-06-06 09:00:00 UTC,MAGMAUSDT,0.377980,0.402490,0.375150,0.399090,0.021210,5.612893,5.584952,7.233187,37.141735,58407,27168,86.968213,4485031.000000,1357960.000000,43.425941,1737376.329400,501336.567520,40.559906,2332250.000000,904319.143260,833057.186140,52.050850,23396647.000000,8870577.603469,-305908.000000,-1.290612,-850314.253131,-8.747286,0.611100,0.032100,5.544041,37.930000,62.070000,0.843400,-0.002600,-0.307329,45.750000,54.250000,0.684900,0.016800,2.514594,40.650000,59.350000,binance_kline_quote_asset_volume,0.000000,0.000000,0.000000,0.000000,OK
80,2026-06-06 09:15:00 UTC,MAGMAUSDT,0.399340,0.431910,0.396990,0.428930,0.029840,7.477010,7.409726,8.744428,53.763312,29189,-29218,-50.024826,2318255.000000,-2166776.000000,-48.311283,959443.808700,-777932.520700,-44.776282,1324444.000000,549216.011030,410227.797670,57.243166,23222521.000000,9256546.102345,-174126.000000,-0.744235,385968.498875,4.351109,0.616000,0.004900,0.801833,38.120000,61.880000,0.848000,0.004600,0.545411,45.890000,54.110000,0.705900,0.021000,3.066141,41.380000,58.620000,binance_kline_quote_asset_volume,0.000000,0.000000,0.000000,0.000000,OK
81,2026-06-06 09:30:00 UTC,MAGMAUSDT,0.428930,0.429410,0.414390,0.417650,-0.011280,-2.629800,-2.629800,3.501737,48.538278,15462,-13727,-47.027990,1124160.000000,-1194095.000000,-51.508354,472635.339170,-486808.469530,-50.738612,517604.000000,217723.610520,254911.728650,46.065876,23271341.000000,9979350.025117,48820.000000,0.210227,722803.922773,7.808570,0.603300,-0.012700,-2.061688,37.630000,62.370000,0.847800,-0.000200,-0.023585,45.880000,54.120000,0.685500,-0.020400,-2.889928,40.670000,59.330000,binance_kline_quote_asset_volume,0.000000,0.000000,0.000000,0.000000,OK
82,2026-06-06 09:45:00 UTC,MAGMAUSDT,0.417650,0.418450,0.403290,0.410860,-0.006790,-1.625763,-1.625763,3.629834,45.661547,10461,-5001,-32.343811,806365.000000,-317795.000000,-28.269552,331905.300390,-140730.038780,-29.775607,319504.000000,131719.791100,200185.509290,39.685956,23359717.000000,9752695.162539,88376.000000,0.379763,-226654.862579,-2.271239,0.605900,0.002600,0.430963,37.730000,62.270000,0.845200,-0.002600,-0.306676,45.810000,54.190000,0.680700,-0.004800,-0.700219,40.500000,59.500000,binance_kline_quote_asset_volume,0.000000,0.000000,0.000000,0.000000,OK
83,2026-06-06 10:00:00 UTC,MAGMAUSDT,0.410860,0.411680,0.402040,0.405560,-0.005300,-1.289977,-1.289977,2.346298,43.494635,11478,1017,9.721824,726508.000000,-79857.000000,-9.903332,295251.494740,-36653.805650,-11.043453,343343.000000,139583.841100,155667.653640,47.276252,23253691.000000,9544942.544770,-106026.000000,-0.453884,-207752.617769,-2.130207,0.605900,0.000000,0.000000,37.730000,62.270000,0.850300,0.005100,0.603407,45.950000,54.050000,0.677300,-0.003400,-0.499486,40.380000,59.620000,binance_kline_quote_asset_volume,0.000000,0.000000,0.000000,0.000000,OK
84,2026-06-06 10:15:00 UTC,MAGMAUSDT,0.405560,0.412210,0.401480,0.403550,-0.002010,-0.495611,-0.495611,2.645724,42.667657,9361,-2117,-18.443980,554327.000000,-172181.000000,-23.699808,225070.010560,-70181.484180,-23.770069,314982.000000,127938.668170,97131.342390,56.843943,23181562.000000,9401282.469100,-72129.000000,-0.310183,-143660.075670,-1.505091,0.608200,0.002300,0.379601,37.820000,62.180000,0.854400,0.004100,0.482183,46.070000,53.930000,0.679000,0.001700,0.250997,40.440000,59.560000,binance_kline_quote_asset_volume,0.000000,0.000000,0.000000,0.000000,OK
85,2026-06-06 10:30:00 UTC,MAGMAUSDT,0.403150,0.406980,0.400760,0.406590,0.003040,0.753314,0.853280,1.542850,44.389823,6193,-3168,-33.842538,319600.000000,-234727.000000,-42.344501,129004.918630,-96065.091930,-42.682315,191859.000000,77482.818300,51522.100330,60.061910,23176439.000000,9337854.484773,-5123.000000,-0.022099,-63427.984327,-0.674674,0.608800,0.000600,0.098652,37.840000,62.160000,0.852400,-0.002000,-0.234082,46.020000,53.980000,0.680100,0.001100,0.162003,40.480000,59.520000,binance_kline_quote_asset_volume,0.000000,0.000000,0.000000,0.000000,OK
86,2026-06-06 10:45:00 UTC,MAGMAUSDT,0.406590,0.411030,0.404460,0.404600,-0.001990,-0.489437,-0.489437,1.615878,43.469326,6116,-77,-1.243339,271114.000000,-48486.000000,-15.170839,110644.403120,-18360.515510,-14.232415,138079.000000,56380.771660,54263.631460,50.956732,23147283.000000,9409628.168760,-29156.000000,-0.125800,71773.683987,0.768631,0.611100,0.002300,0.377792,37.930000,62.070000,0.853100,0.000700,0.082121,46.040000,53.960000,0.678100,-0.002000,-0.294074,40.410000,59.590000,binance_kline_quote_asset_volume,0.000000,0.000000,0.000000,0.000000,OK
87,2026-06-06 11:00:00 UTC,MAGMAUSDT,0.404600,0.405660,0.389170,0.395130,-0.009470,-2.340583,-2.340583,4.075630,39.293509,18276,12160,198.822760,1109646.000000,838532.000000,309.291294,439250.284960,328605.881840,296.992774,520953.000000,206053.404930,233196.880030,46.910250,23140836.000000,9363305.228494,-6447.000000,-0.027852,-46322.940266,-0.492293,0.608500,-0.002600,-0.425462,37.830000,62.170000,0.852700,-0.000400,-0.046888,46.030000,53.970000,0.686300,0.008200,1.209261,40.700000,59.300000,binance_kline_quote_asset_volume,0.000000,0.000000,0.000000,0.000000,OK
88,2026-06-06 11:15:00 UTC,MAGMAUSDT,0.395130,0.396230,0.390950,0.394710,-0.000420,-0.106294,-0.106294,1.336269,39.114046,11540,-6736,-36.857080,494789.000000,-614857.000000,-55.410194,194898.188980,-244352.095980,-55.629354,274668.000000,108194.703940,86703.485040,55.513448,22990926.000000,9092681.323740,-149910.000000,-0.647816,-270623.904754,-2.890260,0.617900,0.009400,1.544782,38.190000,61.810000,0.850300,-0.002400,-0.281459,45.950000,54.050000,0.687200,0.000900,0.131138,40.730000,59.270000,binance_kline_quote_asset_volume,0.000000,0.000000,0.000000,0.000000,OK
89,2026-06-06 11:30:00 UTC,MAGMAUSDT,0.394840,0.406650,0.390580,0.397950,0.003240,0.820856,0.787661,4.070003,41.339806,12201,661,5.727903,662448.000000,167659.000000,33.884949,263620.649990,68722.461010,35.260698,396299.000000,157738.184900,105882.465090,59.835292,22988824.000000,9073688.832800,-2102.000000,-0.009143,-18992.490940,-0.208877,0.621300,0.003400,0.550251,38.320000,61.680000,0.850000,-0.000300,-0.035282,45.950000,54.050000,0.694300,0.007100,1.033178,40.980000,59.020000,binance_kline_quote_asset_volume,0.000000,0.000000,0.000000,0.000000,OK
90,2026-06-06 11:45:00 UTC,MAGMAUSDT,0.398270,0.400240,0.394670,0.395940,-0.002010,-0.505089,-0.585030,1.398549,40.354239,7559,-4642,-38.046062,221631.000000,-440817.000000,-66.543638,88212.045660,-175408.604330,-66.538264,115248.000000,45859.717130,42352.328530,51.988044,22931833.000000,9133061.128910,-56991.000000,-0.247907,59372.296110,0.654335,0.615800,-0.005500,-0.885241,38.110000,61.890000,0.850400,0.000400,0.047059,45.960000,54.040000,0.692600,-0.001700,-0.244851,40.920000,59.080000,binance_kline_quote_asset_volume,0.000000,0.000000,0.000000,0.000000,OK
91,2026-06-06 12:00:00 UTC,MAGMAUSDT,0.396110,0.397100,0.391680,0.395210,-0.000730,-0.184371,-0.227210,1.368307,39.981429,10855,3296,43.603651,415669.000000,194038.000000,87.550027,163984.133060,75772.087400,85.897665,232478.000000,91694.164910,72289.968150,55.916486,22899866.000000,9063515.064274,-31967.000000,-0.139400,-69546.064636,-0.761476,0.628400,0.012600,2.046119,38.590000,61.410000,0.851600,0.001200,0.141110,45.990000,54.010000,0.705600,0.013000,1.876985,41.370000,58.630000,binance_kline_quote_asset_volume,0.000000,0.000000,0.000000,0.000000,OK
92,2026-06-06 12:15:00 UTC,MAGMAUSDT,0.395250,0.402730,0.392490,0.401270,0.006060,1.533362,1.523087,2.590765,44.560254,9250,-1605,-14.785813,432795.000000,17126.000000,4.120105,172093.749500,8109.616440,4.945367,229672.000000,91394.651190,80699.098310,53.107479,22858190.000000,9032481.667324,-41676.000000,-0.181992,-31033.396950,-0.342399,0.623600,-0.004800,-0.763845,38.410000,61.590000,0.852500,0.000900,0.105683,46.020000,53.980000,0.699800,-0.005800,-0.821995,41.170000,58.830000,binance_kline_quote_asset_volume,0.000000,0.000000,0.000000,0.000000,OK
93,2026-06-06 12:30:00 UTC,MAGMAUSDT,0.401320,0.414660,0.400270,0.412190,0.010920,2.721360,2.708562,3.585667,51.709565,8637,-613,-6.627027,559483.000000,126688.000000,29.272057,228264.216600,56170.467100,32.639458,320575.000000,130750.110980,97514.105620,57.280161,22824572.000000,9158816.006440,-33618.000000,-0.147072,126334.339116,1.398667,0.624700,0.001100,0.176395,38.450000,61.550000,0.856700,0.004200,0.492669,46.140000,53.860000,0.700100,0.000300,0.042869,41.180000,58.820000,binance_kline_quote_asset_volume,0.000000,0.000000,0.000000,0.000000,OK
94,2026-06-06 12:45:00 UTC,MAGMAUSDT,0.412230,0.418240,0.409290,0.413700,0.001510,0.366336,0.356597,2.171118,52.619441,8659,22,0.254718,422651.000000,-136832.000000,-24.456865,174595.105940,-53669.110660,-23.511837,212099.000000,87665.755490,86929.350450,50.210889,22768172.000000,9386861.952160,-56400.000000,-0.247102,228045.945720,2.489906,0.627100,0.002400,0.384184,38.540000,61.460000,0.855000,-0.001700,-0.198436,46.090000,53.910000,0.707100,0.007000,0.999857,41.420000,58.580000,binance_kline_quote_asset_volume,0.000000,0.000000,0.000000,0.000000,OK
95,2026-06-06 13:00:00 UTC,MAGMAUSDT,0.413700,0.417330,0.410840,0.414100,0.000400,0.096688,0.096688,1.568770,52.872756,8478,-181,-2.090311,403204.000000,-19447.000000,-4.601196,166970.622580,-7624.483360,-4.366951,228686.000000,94710.362330,72260.260250,56.722770,22713726.000000,9382580.711923,-54446.000000,-0.239132,-4281.240237,-0.045609,0.620500,-0.006600,-1.052464,38.290000,61.710000,0.851400,-0.003600,-0.421053,45.990000,54.010000,0.711200,0.004100,0.579833,41.560000,58.440000,binance_kline_quote_asset_volume,0.000000,0.000000,0.000000,0.000000,OK
96,2026-06-06 13:15:00 UTC,MAGMAUSDT,0.414090,0.423210,0.412370,0.418330,0.004230,1.021492,1.023932,2.617788,55.577514,8559,81,0.955414,509695.000000,106491.000000,26.411196,213247.867050,46277.244470,27.715800,265238.000000,110934.416430,102313.450620,52.021349,22709549.000000,9405553.501930,-4177.000000,-0.018390,22972.790007,0.244845,0.621800,0.001300,0.209508,38.340000,61.660000,0.851700,0.000300,0.035236,46.000000,54.000000,0.710600,-0.000600,-0.084364,41.540000,58.460000,binance_kline_quote_asset_volume,0.000000,0.000000,0.000000,0.000000,OK
97,2026-06-06 13:30:00 UTC,MAGMAUSDT,0.418190,0.426710,0.413960,0.424220,0.005890,1.407979,1.441928,3.048853,59.097687,10339,1780,20.796822,592913.000000,83218.000000,16.327019,249094.178640,35846.311590,16.809693,356832.000000,150101.018250,98993.160390,60.258742,22716529.000000,9493467.814704,6980.000000,0.030736,87914.312774,0.934706,0.621800,0.000000,0.000000,38.340000,61.660000,0.851500,-0.000200,-0.023482,45.990000,54.010000,0.711200,0.000600,0.084436,41.560000,58.440000,binance_kline_quote_asset_volume,0.000000,0.000000,0.000000,0.000000,OK
98,2026-06-06 13:45:00 UTC,MAGMAUSDT,0.424220,0.429910,0.421260,0.428500,0.004280,1.008910,1.008910,2.039036,61.486008,9738,-601,-5.812941,573024.000000,-19889.000000,-3.354455,244039.740910,-5054.437730,-2.029127,332609.000000,141697.460410,102342.280500,58.063273,22753753.000000,9643045.527226,37224.000000,0.163863,149577.712522,1.575586,0.612100,-0.009700,-1.559987,37.970000,62.030000,0.852000,0.000500,0.058720,46.000000,54.000000,0.706200,-0.005000,-0.703037,41.390000,58.610000,binance_kline_quote_asset_volume,0.000000,0.000000,0.000000,0.000000,OK
99,2026-06-06 14:00:00 UTC,MAGMAUSDT,0.428480,0.443860,0.426770,0.443610,0.015110,3.526254,3.531087,3.988518,68.482787,22793,13055,134.062436,1511964.000000,938940.000000,163.857011,660785.363020,416745.622110,170.769572,836870.000000,365946.387520,294838.975500,55.380523,22814519.000000,9776021.391500,60766.000000,0.267059,132975.864274,1.378982,0.612400,0.000300,0.049012,37.980000,62.020000,0.851400,-0.000600,-0.070423,45.990000,54.010000,0.705900,-0.000300,-0.042481,41.380000,58.620000,binance_kline_quote_asset_volume,0.000000,0.000000,0.000000,0.000000,OK
100,2026-06-06 14:15:00 UTC,MAGMAUSDT,0.443570,0.448000,0.436680,0.438300,-0.005310,-1.196997,-1.188088,2.552021,64.077256,14028,-8765,-38.454789,778251.000000,-733713.000000,-48.527147,344355.122880,-316430.240140,-47.886993,396664.000000,175665.246680,168689.876200,51.012816,22805555.000000,10114436.508607,-8964.000000,-0.039291,338415.117107,3.461686,0.621000,0.008600,1.404311,38.310000,61.690000,0.842400,-0.009000,-1.057082,45.720000,54.280000,0.725300,0.019400,2.748265,42.040000,57.960000,binance_kline_quote_asset_volume,0.000000,0.000000,0.000000,0.000000,OK
101,2026-06-06 14:30:00 UTC,MAGMAUSDT,0.438320,0.444510,0.437430,0.442070,0.003770,0.860141,0.855539,1.615258,65.761345,10318,-3710,-26.447106,498687.000000,-279564.000000,-35.922087,220074.904030,-124280.218850,-36.090713,318468.000000,140613.059060,79461.844970,63.893273,22787930.000000,9982560.145676,-17625.000000,-0.077284,-131876.362931,-1.303843,0.626300,0.005300,0.853462,38.510000,61.490000,0.845300,0.002900,0.344255,45.810000,54.190000,0.731300,0.006000,0.827244,42.240000,57.760000,binance_kline_quote_asset_volume,0.000000,0.000000,0.000000,0.000000,OK
102,2026-06-06 14:45:00 UTC,MAGMAUSDT,0.442300,0.443800,0.438310,0.439370,-0.002700,-0.610763,-0.662446,1.241239,63.466532,8716,-1602,-15.526265,414729.000000,-83958.000000,-16.835811,182987.997530,-37086.906500,-16.851947,206104.000000,90952.371090,92035.626440,49.704009,22824733.000000,10090129.717310,36803.000000,0.161502,107569.571634,1.077575,0.633700,0.007400,1.181542,38.790000,61.210000,0.843400,-0.001900,-0.224772,45.750000,54.250000,0.745200,0.013900,1.900725,42.700000,57.300000,binance_kline_quote_asset_volume,0.000000,0.000000,0.000000,0.000000,OK
103,2026-06-06 15:00:00 UTC,MAGMAUSDT,0.439370,0.443960,0.437740,0.438510,-0.000860,-0.195735,-0.195735,1.415663,62.715820,9681,965,11.071592,490381.000000,75652.000000,18.241309,216049.505810,33061.508280,18.067583,287276.000000,126627.439480,89422.066330,58.610381,22848202.000000,10032785.329196,23469.000000,0.102823,-57344.388114,-0.568322,0.640200,0.006500,1.025722,39.030000,60.970000,0.843500,0.000100,0.011857,45.760000,54.240000,0.751900,0.006700,0.899087,42.920000,57.080000,binance_kline_quote_asset_volume,0.000000,0.000000,0.000000,0.000000,OK
104,2026-06-06 15:15:00 UTC,MAGMAUSDT,0.438420,0.440860,0.434970,0.439150,0.000640,0.145949,0.166507,1.343461,63.065944,7134,-2547,-26.309266,352345.000000,-138036.000000,-28.148725,154544.429260,-61505.076550,-28.468048,188553.000000,82734.944900,71809.484360,53.534731,22829796.000000,10020193.115752,-18406.000000,-0.080558,-12592.213445,-0.125511,0.638800,-0.001400,-0.218682,38.980000,61.020000,0.841300,-0.002200,-0.260818,45.690000,54.310000,0.755600,0.003700,0.492087,43.040000,56.960000,binance_kline_quote_asset_volume,0.000000,0.000000,0.000000,0.000000,OK
105,2026-06-06 15:30:00 UTC,MAGMAUSDT,0.438920,0.440990,0.435910,0.438130,-0.001020,-0.232267,-0.179987,1.157386,62.065592,5096,-2038,-28.567424,228030.000000,-124315.000000,-35.282181,99970.285620,-54574.143640,-35.312915,128073.000000,56154.409810,43815.875810,56.171101,22822658.000000,10022570.260700,-7138.000000,-0.031266,2377.144948,0.023724,0.643400,0.004600,0.720100,39.150000,60.850000,0.842300,0.001000,0.118864,45.720000,54.280000,0.751600,-0.004000,-0.529381,42.910000,57.090000,binance_kline_quote_asset_volume,0.000000,0.000000,0.000000,0.000000,OK
106,2026-06-06 15:45:00 UTC,MAGMAUSDT,0.438130,0.438130,0.433070,0.433370,-0.004760,-1.086436,-1.086436,1.154908,57.483219,4221,-875,-17.170330,211363.000000,-16667.000000,-7.309126,91994.125500,-7976.160120,-7.978531,74223.000000,32296.555380,59697.570120,35.107193,22801101.000000,9995246.137869,-21557.000000,-0.094454,-27324.122831,-0.272626,0.645300,0.001900,0.295306,39.220000,60.780000,0.843900,0.001600,0.189956,45.770000,54.230000,0.744300,-0.007300,-0.971261,42.670000,57.330000,binance_kline_quote_asset_volume,0.000000,0.000000,0.000000,0.000000,OK
107,2026-06-06 16:00:00 UTC,MAGMAUSDT,0.433320,0.444740,0.426220,0.440380,0.007010,1.617555,1.629281,4.273978,61.939842,12686,8465,200.544895,909852.000000,698489.000000,330.468909,396887.523760,304893.398260,331.427030,465771.000000,203646.006180,193241.517580,51.310760,22760627.000000,9864411.813790,-40474.000000,-0.177509,-130834.324079,-1.308966,0.647200,0.001900,0.294437,39.290000,60.710000,0.845500,0.001600,0.189596,45.810000,54.190000,0.746400,0.002100,0.282144,42.740000,57.260000,binance_kline_quote_asset_volume,0.000000,0.000000,0.000000,0.000000,OK
108,2026-06-06 16:15:00 UTC,MAGMAUSDT,0.440240,0.441320,0.431410,0.432310,-0.008070,-1.832508,-1.801290,2.251045,54.816308,4401,-8285,-65.308214,224261.000000,-685591.000000,-75.351925,97790.400380,-299097.123380,-75.360677,93914.000000,40991.736550,56798.663830,41.917956,22799665.000000,10024380.465790,39038.000000,0.171515,159968.652000,1.621675,0.656200,0.009000,1.390606,39.620000,60.380000,0.844000,-0.001500,-0.177410,45.770000,54.230000,0.751000,0.004600,0.616292,42.890000,57.110000,binance_kline_quote_asset_volume,0.000000,0.000000,0.000000,0.000000,OK
109,2026-06-06 16:30:00 UTC,MAGMAUSDT,0.432310,0.448000,0.432150,0.441050,0.008740,2.021697,2.021697,3.666351,60.160281,11842,7441,169.075210,905735.000000,681474.000000,303.875395,400273.898240,302483.497860,309.318191,544022.000000,240395.134370,159878.763870,60.057659,22772777.000000,9841208.213174,-26888.000000,-0.117932,-183172.252616,-1.827268,0.659200,0.003000,0.457178,39.730000,60.270000,0.843700,-0.000300,-0.035545,45.760000,54.240000,0.761500,0.010500,1.398136,43.230000,56.770000,binance_kline_quote_asset_volume,0.000000,0.000000,0.000000,0.000000,OK
110,2026-06-06 16:45:00 UTC,MAGMAUSDT,0.441230,0.447110,0.439410,0.442360,0.001310,0.297018,0.256102,1.745122,60.906610,5192,-6650,-56.156055,305627.000000,-600108.000000,-66.256466,135295.074990,-264978.823250,-66.199376,172780.000000,76537.577090,58757.497900,56.570852,22749821.000000,10033808.552050,-22956.000000,-0.100805,192600.338876,1.957080,0.657000,-0.002200,-0.333738,39.650000,60.350000,0.845500,0.001800,0.213346,45.810000,54.190000,0.759300,-0.002200,-0.288903,43.160000,56.840000,binance_kline_quote_asset_volume,0.000000,0.000000,0.000000,0.000000,OK
111,2026-06-06 17:00:00 UTC,MAGMAUSDT,0.442600,0.442650,0.438110,0.438340,-0.004020,-0.908762,-0.962494,1.025757,57.355773,3436,-1756,-33.821263,149460.000000,-156167.000000,-51.097253,65773.259960,-69521.815030,-51.385326,70494.000000,31017.596790,34755.663170,47.158369,22737899.000000,10050703.206809,-11922.000000,-0.052405,16894.654759,0.168377,0.656500,-0.000500,-0.076104,39.630000,60.370000,0.845800,0.000300,0.035482,45.820000,54.180000,0.755600,-0.003700,-0.487291,43.040000,56.960000,binance_kline_quote_asset_volume,0.000000,0.000000,0.000000,0.000000,OK
112,2026-06-06 17:15:00 UTC,MAGMAUSDT,0.438350,0.439190,0.434280,0.435510,-0.002830,-0.645618,-0.647884,1.120110,54.928016,4444,1008,29.336438,249890.000000,100430.000000,67.195236,109025.530060,43252.270100,65.759657,88473.000000,38616.328520,70409.201540,35.419528,22731905.000000,9964357.339634,-5994.000000,-0.026361,-86345.867175,-0.859103,0.655400,-0.001100,-0.167555,39.590000,60.410000,0.845000,-0.000800,-0.094585,45.800000,54.200000,0.755900,0.000300,0.039704,43.050000,56.950000,binance_kline_quote_asset_volume,0.000000,0.000000,0.000000,0.000000,OK
113,2026-06-06 17:30:00 UTC,MAGMAUSDT,0.435730,0.439750,0.435080,0.435490,-0.000020,-0.004592,-0.055080,1.071765,54.910327,2436,-2008,-45.184518,114497.000000,-135393.000000,-54.181040,49988.244310,-59037.285750,-54.149964,74704.000000,32631.411040,17356.833270,65.278170,22719558.000000,9888399.989896,-12347.000000,-0.054316,-75957.349738,-0.762291,0.658400,0.003000,0.457736,39.700000,60.300000,0.843500,-0.001500,-0.177515,45.760000,54.240000,0.759900,0.004000,0.529171,43.180000,56.820000,binance_kline_quote_asset_volume,0.000000,0.000000,0.000000,0.000000,OK
114,2026-06-06 17:45:00 UTC,MAGMAUSDT,0.435470,0.437690,0.434380,0.435600,0.000110,0.025259,0.029853,0.760098,54.996171,2434,-2,-0.082102,105618.000000,-8879.000000,-7.754788,46009.135060,-3979.109250,-7.960090,55819.000000,24321.574790,21687.560270,52.862491,22702081.000000,9886529.254690,-17477.000000,-0.076925,-1870.735206,-0.018918,0.657000,-0.001400,-0.212637,39.650000,60.350000,0.843900,0.000400,0.047421,45.770000,54.230000,0.754700,-0.005200,-0.684301,43.010000,56.990000,binance_kline_quote_asset_volume,0.000000,0.000000,0.000000,0.000000,OK
115,2026-06-06 18:00:00 UTC,MAGMAUSDT,0.435590,0.437230,0.433970,0.435910,0.000310,0.071166,0.073464,0.748410,55.254717,2760,326,13.393591,104177.000000,-1441.000000,-1.364351,45405.129880,-604.005180,-1.312794,55423.000000,24162.471570,21242.658310,53.215290,22711019.000000,9891252.887605,8938.000000,0.039371,4723.632915,0.047778,0.657000,0.000000,0.000000,39.650000,60.350000,0.843600,-0.000300,-0.035549,45.760000,54.240000,0.756500,0.001800,0.238505,43.070000,56.930000,binance_kline_quote_asset_volume,0.000000,0.000000,0.000000,0.000000,OK
116,2026-06-06 18:15:00 UTC,MAGMAUSDT,0.435910,0.436830,0.432390,0.433160,-0.002750,-0.630864,-0.630864,1.018559,52.379913,2672,-88,-3.188406,121741.000000,17564.000000,16.859768,52889.661730,7484.531850,16.483890,53798.000000,23379.521220,29510.140510,44.204331,22690415.000000,9890978.802650,-20604.000000,-0.090722,-274.084955,-0.002771,0.659200,0.002200,0.334855,39.730000,60.270000,0.843000,-0.000600,-0.071124,45.740000,54.260000,0.754400,-0.002100,-0.277594,43.000000,57.000000,binance_kline_quote_asset_volume,0.000000,0.000000,0.000000,0.000000,OK
117,2026-06-06 18:30:00 UTC,MAGMAUSDT,0.433080,0.433080,0.425330,0.427260,-0.005900,-1.362083,-1.343863,1.789508,46.758987,4325,1653,61.863772,281256.000000,159515.000000,131.028166,120606.705400,67717.043670,128.034556,119546.000000,51233.984300,69372.721100,42.480212,22671174.000000,9819151.845694,-19241.000000,-0.084798,-71826.956956,-0.726187,0.663600,0.004400,0.667476,39.890000,60.110000,0.841100,-0.001900,-0.225386,45.680000,54.320000,0.769600,0.015200,2.014846,43.490000,56.510000,binance_kline_quote_asset_volume,0.000000,0.000000,0.000000,0.000000,OK
118,2026-06-06 18:45:00 UTC,MAGMAUSDT,0.427220,0.431400,0.424670,0.430190,0.002930,0.685765,0.695192,1.575301,49.648696,5560,1235,28.554913,383739.000000,102483.000000,36.437623,164249.603240,43642.897840,36.186129,209272.000000,89642.456580,74607.146660,54.576970,22615314.000000,9662166.753360,-55860.000000,-0.246392,-156985.092334,-1.598764,0.661400,-0.002200,-0.331525,39.810000,60.190000,0.840700,-0.000400,-0.047557,45.670000,54.330000,0.761500,-0.008100,-1.052495,43.230000,56.770000,binance_kline_quote_asset_volume,0.000000,0.000000,0.000000,0.000000,OK
119,2026-06-06 19:00:00 UTC,MAGMAUSDT,0.430150,0.437640,0.429580,0.433220,0.003030,0.704340,0.713705,1.873765,52.518748,4652,-908,-16.330935,210644.000000,-173095.000000,-45.107482,91375.232910,-72874.370330,-44.368065,137060.000000,59473.446620,31901.786290,65.087053,22620512.000000,9722189.741194,5198.000000,0.022984,60022.987834,0.621217,0.656500,-0.004900,-0.740853,39.630000,60.370000,0.840500,-0.000200,-0.023790,45.670000,54.330000,0.751600,-0.009900,-1.300066,42.910000,57.090000,binance_kline_quote_asset_volume,0.000000,0.000000,0.000000,0.000000,OK
120,2026-06-06 19:15:00 UTC,MAGMAUSDT,0.433170,0.437150,0.432310,0.435110,0.001890,0.436268,0.447861,1.117344,54.269749,3335,-1317,-28.310404,191131.000000,-19513.000000,-9.263497,83042.457520,-8332.775390,-9.119293,137997.000000,59950.971070,23091.486450,72.193156,22602122.000000,9791522.454989,-18390.000000,-0.081298,69332.713795,0.713139,0.655600,-0.000900,-0.137091,39.600000,60.400000,0.839800,-0.000700,-0.083284,45.650000,54.350000,0.748300,-0.003300,-0.439063,42.800000,57.200000,binance_kline_quote_asset_volume,0.000000,0.000000,0.000000,0.000000,OK
121,2026-06-06 19:30:00 UTC,MAGMAUSDT,0.435080,0.437020,0.430070,0.436560,0.001450,0.333249,0.340167,1.597407,55.621896,6089,2754,82.578711,438428.000000,247297.000000,129.386128,190371.146910,107328.689390,129.245560,195711.000000,85058.422610,105312.724300,44.680312,22606793.000000,9835029.455871,4671.000000,0.020666,43507.000883,0.444333,0.654000,-0.001600,-0.244051,39.540000,60.460000,0.837300,-0.002500,-0.297690,45.570000,54.430000,0.745800,-0.002500,-0.334091,42.720000,57.280000,binance_kline_quote_asset_volume,0.000000,0.000000,0.000000,0.000000,OK
122,2026-06-06 19:45:00 UTC,MAGMAUSDT,0.436420,0.436560,0.432410,0.435210,-0.001350,-0.309236,-0.277256,0.950919,54.020390,3593,-2496,-40.991953,141813.000000,-296615.000000,-67.654210,61575.599970,-128795.546940,-67.654972,57829.000000,25114.765680,36460.834290,40.786879,22608278.000000,9864033.968880,1485.000000,0.006569,29004.513009,0.294910,0.662000,0.008000,1.223242,39.830000,60.170000,0.836200,-0.001100,-0.131375,45.540000,54.460000,0.761500,0.015700,2.105122,43.230000,56.770000,binance_kline_quote_asset_volume,0.000000,0.000000,0.000000,0.000000,OK
123,2026-06-06 20:00:00 UTC,MAGMAUSDT,0.435210,0.437650,0.434690,0.436990,0.001780,0.408998,0.408998,0.680131,55.826385,3476,-117,-3.256332,122259.000000,-19554.000000,-13.788581,53303.774780,-8271.825190,-13.433609,76981.000000,33564.318060,19739.456720,62.967995,22606960.000000,9833863.247401,-1318.000000,-0.005830,-30170.721479,-0.305866,0.666700,0.004700,0.709970,40.000000,60.000000,0.834500,-0.001700,-0.203301,45.490000,54.510000,0.769000,0.007500,0.984898,43.470000,56.530000,binance_kline_quote_asset_volume,0.000000,0.000000,0.000000,0.000000,OK
124,2026-06-06 20:15:00 UTC,MAGMAUSDT,0.436930,0.439630,0.436200,0.437500,0.000510,0.116707,0.130456,0.785023,56.355338,2754,-722,-20.771001,133763.000000,11504.000000,9.409532,58633.211600,5329.436820,9.998235,78263.000000,34307.755460,24325.456140,58.512496,22609819.000000,9880264.804810,2859.000000,0.012647,46401.557409,0.471855,0.667800,0.001100,0.164992,40.040000,59.960000,0.833500,-0.001000,-0.119832,45.460000,54.540000,0.768000,-0.001000,-0.130039,43.440000,56.560000,binance_kline_quote_asset_volume,0.000000,0.000000,0.000000,0.000000,OK
125,2026-06-06 20:30:00 UTC,MAGMAUSDT,0.437460,0.438600,0.436240,0.437240,-0.000260,-0.059429,-0.050290,0.539478,55.987267,1808,-946,-34.350036,59768.000000,-73995.000000,-55.317988,26149.703180,-32483.508420,-55.401210,31348.000000,13713.364040,12436.339140,52.441758,22584322.000000,9880189.188560,-25497.000000,-0.112770,-75.616250,-0.000765,0.666400,-0.001400,-0.209644,39.990000,60.010000,0.832100,-0.001400,-0.167966,45.420000,54.580000,0.771200,0.003200,0.416667,43.540000,56.460000,binance_kline_quote_asset_volume,0.000000,0.000000,0.000000,0.000000,OK
126,2026-06-06 20:45:00 UTC,MAGMAUSDT,0.437290,0.438560,0.433430,0.433530,-0.003710,-0.848504,-0.859841,1.173135,50.880640,2542,734,40.597345,113424.000000,53656.000000,89.773792,49489.994650,23340.291470,89.256430,46338.000000,20242.641390,29247.353260,40.902493,22574348.000000,9870407.919520,-9974.000000,-0.044163,-9781.269040,-0.098999,0.665000,-0.001400,-0.210084,39.940000,60.060000,0.832400,0.000300,0.036053,45.430000,54.570000,0.767100,-0.004100,-0.531639,43.410000,56.590000,binance_kline_quote_asset_volume,0.000000,0.000000,0.000000,0.000000,OK
127,2026-06-06 21:00:00 UTC,MAGMAUSDT,0.433680,0.460000,0.433630,0.452260,0.018730,4.320347,4.284265,6.080520,67.163992,8646,6104,240.125885,976265.000000,862841.000000,760.721717,437603.384750,388113.390100,784.225969,647947.000000,290452.211900,147151.172850,66.373392,22552721.000000,9777281.135130,-21627.000000,-0.095803,-93126.784390,-0.943495,0.666700,0.001700,0.255639,40.000000,60.000000,0.830800,-0.001600,-0.192215,45.380000,54.620000,0.772100,0.005000,0.651806,43.570000,56.430000,binance_kline_quote_asset_volume,0.000000,0.000000,0.000000,0.000000,OK
128,2026-06-06 21:15:00 UTC,MAGMAUSDT,0.452260,0.455440,0.449500,0.454100,0.001840,0.406846,0.406846,1.313404,68.276583,3432,-5214,-60.305344,243138.000000,-733127.000000,-75.095082,110088.256580,-327515.128170,-74.842915,112382.000000,50909.159810,59179.096770,46.243951,22624653.000000,10210053.405840,71932.000000,0.318950,432772.270710,4.426305,0.639300,-0.027400,-4.109795,39.000000,61.000000,0.828900,-0.001900,-0.228695,45.320000,54.680000,0.758400,-0.013700,-1.774382,43.130000,56.870000,binance_kline_quote_asset_volume,0.000000,0.000000,0.000000,0.000000,OK
129,2026-06-06 21:30:00 UTC,MAGMAUSDT,0.454550,0.486540,0.453400,0.481300,0.027200,5.989870,5.884941,7.290727,79.392520,16434,13002,378.846154,1625920.000000,1382782.000000,568.723112,770180.452300,660092.195720,599.602734,1070326.000000,506456.150100,263724.302200,65.758115,22637955.000000,10281480.022350,13302.000000,0.058794,71426.616510,0.699571,0.642000,0.002700,0.422337,39.100000,60.900000,0.830600,0.001700,0.205091,45.370000,54.630000,0.763000,0.004600,0.606540,43.280000,56.720000,binance_kline_quote_asset_volume,0.000000,0.000000,0.000000,0.000000,OK
130,2026-06-06 21:45:00 UTC,MAGMAUSDT,0.481270,0.482930,0.472800,0.475490,-0.005810,-1.207147,-1.200989,2.104848,73.470486,18043,1609,9.790678,856140.000000,-769780.000000,-47.344273,408727.053610,-361453.398690,-46.931001,385123.000000,183959.587160,224767.466450,45.007930,22584833.000000,10868499.184590,-53122.000000,-0.234659,587019.162240,5.709481,0.634800,-0.007200,-1.121495,38.830000,61.170000,0.830800,0.000200,0.024079,45.380000,54.620000,0.792800,0.029800,3.905636,44.220000,55.780000,binance_kline_quote_asset_volume,0.000000,0.000000,0.000000,0.000000,OK
131,2026-06-06 22:00:00 UTC,MAGMAUSDT,0.475700,0.476600,0.461830,0.464300,-0.011190,-2.353362,-2.396468,3.104898,63.626558,12955,-5088,-28.199302,634072.000000,-222068.000000,-25.938281,296418.175240,-112308.878370,-27.477721,306718.000000,143415.172670,153003.002570,48.382719,22569713.000000,10723723.104360,-15120.000000,-0.066948,-144776.080230,-1.332071,0.647200,0.012400,1.953371,39.290000,60.710000,0.833100,0.002300,0.276842,45.450000,54.550000,0.792400,-0.000400,-0.050454,44.210000,55.790000,binance_kline_quote_asset_volume,0.000000,0.000000,0.000000,0.000000,OK
132,2026-06-06 22:15:00 UTC,MAGMAUSDT,0.464280,0.479110,0.463170,0.474110,0.009810,2.112858,2.117257,3.433273,67.711008,10154,-2801,-21.620996,527246.000000,-106826.000000,-16.847614,248341.155200,-48077.020040,-16.219323,327600.000000,154373.418240,93967.736960,62.161835,22534538.000000,10462785.993400,-35175.000000,-0.155850,-260937.110960,-2.433270,0.658400,0.011200,1.730532,39.700000,60.300000,0.831700,-0.001400,-0.168047,45.410000,54.590000,0.799200,0.006800,0.858152,44.420000,55.580000,binance_kline_quote_asset_volume,0.000000,0.000000,0.000000,0.000000,OK
133,2026-06-06 22:30:00 UTC,MAGMAUSDT,0.474030,0.480720,0.473790,0.477060,0.002950,0.622218,0.639200,1.461933,68.844004,8095,-2059,-20.277723,341547.000000,-185699.000000,-35.220561,163076.336680,-85264.818520,-34.333745,187863.000000,89688.541100,73387.795580,54.997888,22536370.000000,10684718.380700,1832.000000,0.008130,221932.387300,2.121160,0.652600,-0.005800,-0.880923,39.490000,60.510000,0.835000,0.003300,0.396778,45.500000,54.500000,0.793100,-0.006100,-0.763263,44.230000,55.770000,binance_kline_quote_asset_volume,0.000000,0.000000,0.000000,0.000000,OK
134,2026-06-06 22:45:00 UTC,MAGMAUSDT,0.477220,0.482970,0.476750,0.479140,0.002080,0.436004,0.402330,1.303382,69.652582,7359,-736,-9.092032,399914.000000,58367.000000,17.089010,191898.422220,28822.085540,17.673984,223698.000000,107370.841670,84527.580550,55.951915,22532497.000000,10749353.018820,-3873.000000,-0.017186,64634.638120,0.604926,0.658100,0.005500,0.842783,39.690000,60.310000,0.833400,-0.001600,-0.191617,45.460000,54.540000,0.810900,0.017800,2.244358,44.780000,55.220000,binance_kline_quote_asset_volume,0.000000,0.000000,0.000000,0.000000,OK
135,2026-06-06 23:00:00 UTC,MAGMAUSDT,0.479320,0.483000,0.478160,0.480620,0.001480,0.308887,0.271218,1.009764,70.244325,8687,1328,18.045930,396870.000000,-3044.000000,-0.761164,190758.791960,-1139.630260,-0.593872,198051.000000,95235.023380,95523.768580,49.924317,22552764.000000,10806264.672812,20267.000000,0.089946,56911.653992,0.529443,0.656500,-0.001600,-0.243124,39.630000,60.370000,0.832800,-0.000600,-0.071994,45.440000,54.560000,0.805700,-0.005200,-0.641263,44.620000,55.380000,binance_kline_quote_asset_volume,0.000000,0.000000,0.000000,0.000000,OK
136,2026-06-06 23:15:00 UTC,MAGMAUSDT,0.480740,0.483270,0.479070,0.480180,-0.000440,-0.091548,-0.116487,0.873653,69.808517,6532,-2155,-24.807183,294576.000000,-102294.000000,-25.775191,141675.331660,-49083.460300,-25.730641,148626.000000,71501.360230,70173.971430,50.468462,22536610.000000,10833505.281806,-16154.000000,-0.071628,27240.608994,0.252082,0.661100,0.004600,0.700685,39.800000,60.200000,0.833800,0.001000,0.120077,45.470000,54.530000,0.804700,-0.001000,-0.124116,44.590000,55.410000,binance_kline_quote_asset_volume,0.000000,0.000000,0.000000,0.000000,OK
137,2026-06-06 23:30:00 UTC,MAGMAUSDT,0.480370,0.481300,0.477460,0.481070,0.000890,0.185347,0.145721,0.799384,70.211105,5724,-808,-12.369871,302487.000000,7911.000000,2.685555,145064.296610,3388.964950,2.392064,172062.000000,82551.507640,62512.788970,56.906840,22511853.000000,10813829.050689,-24757.000000,-0.109852,-19676.231116,-0.181624,0.658600,-0.002500,-0.378158,39.710000,60.290000,0.833600,-0.000200,-0.023987,45.460000,54.540000,0.801200,-0.003500,-0.434945,44.480000,55.520000,binance_kline_quote_asset_volume,0.000000,0.000000,0.000000,0.000000,OK
138,2026-06-06 23:45:00 UTC,MAGMAUSDT,0.481070,0.481520,0.478320,0.479780,-0.001290,-0.268152,-0.268152,0.665184,68.779512,4854,-870,-15.199161,242032.000000,-60455.000000,-19.985983,116213.213910,-28851.082700,-19.888479,134786.000000,64729.575050,51483.638860,55.698980,22516776.000000,10828021.707963,4923.000000,0.021868,14192.657274,0.131245,0.660600,0.002000,0.303674,39.780000,60.220000,0.831000,-0.002600,-0.311900,45.390000,54.610000,0.800200,-0.001000,-0.124813,44.450000,55.550000,binance_kline_quote_asset_volume,0.000000,0.000000,0.000000,0.000000,OK
139,2026-06-07 00:00:00 UTC,MAGMAUSDT,0.479700,0.487590,0.477590,0.477760,-0.002020,-0.421026,-0.404419,2.084636,66.493191,9884,5030,103.625876,649101.000000,407069.000000,168.188091,312708.358460,196495.144550,169.081585,379598.000000,183039.628690,129668.729770,58.533654,22509494.000000,10798891.030170,-7282.000000,-0.032340,-29130.677793,-0.269030,0.663900,0.003300,0.499546,39.900000,60.100000,0.830200,-0.000800,-0.096270,45.360000,54.640000,0.800500,0.000300,0.037491,44.460000,55.540000,binance_kline_quote_asset_volume,0.000000,0.000000,0.000000,0.000000,OK
140,2026-06-07 00:15:00 UTC,MAGMAUSDT,0.477790,0.483900,0.473810,0.478420,0.000660,0.138145,0.131857,2.111806,66.880571,7684,-2200,-22.258195,502918.000000,-146183.000000,-22.520840,239998.478050,-72709.880410,-23.251659,292560.000000,139655.971360,100342.506690,58.190357,22466488.000000,10733589.306880,-43006.000000,-0.191057,-65301.723290,-0.604708,0.662200,-0.001700,-0.256063,39.840000,60.160000,0.830200,0.000000,0.000000,45.360000,54.640000,0.804700,0.004200,0.524672,44.590000,55.410000,binance_kline_quote_asset_volume,0.000000,0.000000,0.000000,0.000000,OK
141,2026-06-07 00:30:00 UTC,MAGMAUSDT,0.478310,0.482650,0.477830,0.477910,-0.000510,-0.106601,-0.083628,1.007715,66.243251,7333,-351,-4.567933,461312.000000,-41606.000000,-8.272919,221656.237220,-18342.240830,-7.642649,263813.000000,126770.015430,94886.221790,57.192172,22533783.000000,10780259.809156,67295.000000,0.299535,46670.502276,0.434808,0.651300,-0.010900,-1.646028,39.440000,60.560000,0.826200,-0.004000,-0.481812,45.240000,54.760000,0.791200,-0.013500,-1.677644,44.170000,55.830000,binance_kline_quote_asset_volume,0.000000,0.000000,0.000000,0.000000,OK
142,2026-06-07 00:45:00 UTC,MAGMAUSDT,0.477910,0.484660,0.474050,0.476730,-0.001180,-0.246908,-0.246908,2.220083,64.706850,9025,1692,23.073776,599153.000000,137841.000000,29.880211,288021.312550,66365.075330,29.940540,257607.000000,123889.406880,164131.905670,43.013972,22554374.000000,10779407.229401,20591.000000,0.091378,-852.579755,-0.007909,0.652600,0.001300,0.199601,39.490000,60.510000,0.826800,0.000600,0.072622,45.260000,54.740000,0.787900,-0.003300,-0.417088,44.070000,55.930000,binance_kline_quote_asset_volume,0.000000,0.000000,0.000000,0.000000,OK
143,2026-06-07 01:00:00 UTC,MAGMAUSDT,0.476730,0.486210,0.466400,0.482910,0.006180,1.296331,1.296331,4.155392,68.789605,14038,5013,55.545706,902416.000000,303263.000000,50.615285,429132.394480,141111.081930,48.993278,506511.000000,241267.911350,187864.483130,56.222256,22542159.000000,10721764.955997,-12215.000000,-0.054158,-57642.273404,-0.534744,0.675300,0.022700,3.478394,40.310000,59.690000,0.829400,0.002600,0.314465,45.340000,54.660000,0.802800,0.014900,1.891103,44.530000,55.470000,binance_kline_quote_asset_volume,0.000000,0.000000,0.000000,0.000000,OK
144,2026-06-07 01:15:00 UTC,MAGMAUSDT,0.483200,0.483750,0.476610,0.478160,-0.004750,-0.983620,-1.043046,1.477649,62.778382,7237,-6801,-48.447072,334223.000000,-568193.000000,-62.963533,160406.726920,-268725.667560,-62.620690,191887.000000,92095.246840,68311.480080,57.413581,22488351.000000,10859849.581410,-53808.000000,-0.238699,138084.625413,1.287891,0.665800,-0.009500,-1.406782,39.970000,60.030000,0.829300,-0.000100,-0.012057,45.330000,54.670000,0.797900,-0.004900,-0.610364,44.380000,55.620000,binance_kline_quote_asset_volume,0.000000,0.000000,0.000000,0.000000,OK
145,2026-06-07 01:30:00 UTC,MAGMAUSDT,0.478130,0.485430,0.477350,0.484720,0.006560,1.371926,1.378286,1.689917,67.059569,6744,-493,-6.812215,324707.000000,-9516.000000,-2.847201,156721.108470,-3685.618450,-2.297671,203930.000000,98413.304540,58307.803930,62.795182,22435222.000000,10728523.160400,-53129.000000,-0.236251,-131326.421010,-1.209284,0.663300,-0.002500,-0.375488,39.880000,60.120000,0.828800,-0.000500,-0.060292,45.320000,54.680000,0.803400,0.005500,0.689309,44.550000,55.450000,binance_kline_quote_asset_volume,0.000000,0.000000,0.000000,0.000000,OK
146,2026-06-07 01:45:00 UTC,MAGMAUSDT,0.484730,0.486310,0.476740,0.478370,-0.006350,-1.310035,-1.312071,1.974295,59.879898,9594,2850,42.259786,441797.000000,117090.000000,36.060202,212726.392820,56005.284350,35.735636,208079.000000,100181.349100,112545.043720,47.093991,22478144.000000,10895381.178240,42922.000000,0.191315,166858.017840,1.555275,0.665800,0.002500,0.376903,39.970000,60.030000,0.827600,-0.001200,-0.144788,45.280000,54.720000,0.812600,0.009200,1.145133,44.830000,55.170000,binance_kline_quote_asset_volume,0.000000,0.000000,0.000000,0.000000,OK
147,2026-06-07 02:00:00 UTC,MAGMAUSDT,0.478470,0.481120,0.454790,0.455850,-0.022520,-4.707653,-4.727569,5.502957,42.500998,18772,9178,95.663957,1160511.000000,718714.000000,162.679692,541843.979290,329117.586470,154.714035,439986.000000,205698.326590,336145.652700,37.962649,22435944.000000,10732682.531280,-42200.000000,-0.187738,-162698.646960,-1.493281,0.672500,0.006700,1.006308,40.210000,59.790000,0.832500,0.004900,0.592073,45.430000,54.570000,0.815200,0.002600,0.319961,44.910000,55.090000,binance_kline_quote_asset_volume,0.000000,0.000000,0.000000,0.000000,OK
148,2026-06-07 02:15:00 UTC,MAGMAUSDT,0.455760,0.469660,0.451750,0.459680,0.003830,0.840189,0.860102,3.929700,45.403174,16403,-2369,-12.619859,923518.000000,-236993.000000,-20.421435,423771.410780,-118072.568510,-21.790879,506762.000000,232698.824220,191072.586560,54.911402,22211516.000000,10139378.917642,-224428.000000,-1.000306,-593303.613638,-5.528009,0.688900,0.016400,2.438662,40.790000,59.210000,0.849400,0.016900,2.030030,45.930000,54.070000,0.819500,0.004300,0.527478,45.040000,54.960000,binance_kline_quote_asset_volume,0.000000,0.000000,0.000000,0.000000,OK
149,2026-06-07 02:30:00 UTC,MAGMAUSDT,0.459680,0.461300,0.452260,0.452260,-0.007420,-1.614166,-1.614166,1.966585,41.077469,11920,-4483,-27.330366,626469.000000,-297049.000000,-32.164939,285885.084000,-137886.326780,-32.537902,337461.000000,154061.121420,131823.962580,53.889178,22118263.000000,10153641.884261,-93253.000000,-0.419841,14262.966620,0.140669,0.698400,0.009500,1.379010,41.120000,58.880000,0.861700,0.012300,1.448081,46.280000,53.720000,0.810900,-0.008600,-1.049420,44.780000,55.220000,binance_kline_quote_asset_volume,0.000000,0.000000,0.000000,0.000000,OK
150,2026-06-07 02:45:00 UTC,MAGMAUSDT,0.452240,0.467830,0.448350,0.464440,0.012180,2.693141,2.697683,4.307447,49.570846,15280,3360,28.187919,735515.000000,109046.000000,17.406448,338187.888100,52302.804100,18.295045,408885.000000,188166.051690,150021.836410,55.639500,22034902.000000,9973657.692260,-83361.000000,-0.376888,-179984.192001,-1.772607,0.701000,0.002600,0.372279,41.210000,58.790000,0.869500,0.007800,0.905187,46.510000,53.490000,0.807300,-0.003600,-0.443951,44.670000,55.330000,binance_kline_quote_asset_volume,0.000000,0.000000,0.000000,0.000000,OK
151,2026-06-07 03:00:00 UTC,MAGMAUSDT,0.464710,0.466340,0.444020,0.448940,-0.015500,-3.337353,-3.393514,4.802995,41.393691,16370,1090,7.133508,906753.000000,171238.000000,23.281374,411040.342940,72852.454840,21.542006,394483.000000,179086.058340,231954.284600,43.568974,22041642.000000,10237351.275943,6740.000000,0.030588,263693.583683,2.643900,0.697800,-0.003200,-0.456491,41.100000,58.900000,0.870600,0.001100,0.126509,46.540000,53.460000,0.806400,-0.000900,-0.111483,44.640000,55.360000,binance_kline_quote_asset_volume,0.000000,0.000000,0.000000,0.000000,OK
152,2026-06-07 03:15:00 UTC,MAGMAUSDT,0.448630,0.451020,0.444110,0.447430,-0.001510,-0.336348,-0.267481,1.540245,40.689503,8520,-7850,-47.953574,386010.000000,-520743.000000,-57.429421,172866.886950,-238173.455990,-57.944058,197468.000000,88460.600920,84406.286030,51.172670,21983379.000000,9857246.899392,-58263.000000,-0.264331,-380104.376551,-3.712917,0.710600,0.012800,1.834336,41.540000,58.460000,0.872100,0.001500,0.172295,46.580000,53.420000,0.820500,0.014100,1.748512,45.070000,54.930000,binance_kline_quote_asset_volume,0.000000,0.000000,0.000000,0.000000,OK
153,2026-06-07 03:30:00 UTC,MAGMAUSDT,0.447430,0.449400,0.440380,0.448500,0.001070,0.239144,0.239144,2.015958,41.449611,9694,1174,13.779343,500780.000000,114770.000000,29.732390,223291.752980,50424.866030,29.169766,223867.000000,99888.586210,123403.166770,44.734561,21969296.000000,9826233.604768,-14083.000000,-0.064062,-31013.294624,-0.314624,0.705000,-0.005600,-0.788066,41.350000,58.650000,0.872800,0.000700,0.080266,46.600000,53.400000,0.814900,-0.005600,-0.682511,44.900000,55.100000,binance_kline_quote_asset_volume,0.000000,0.000000,0.000000,0.000000,OK
154,2026-06-07 03:45:00 UTC,MAGMAUSDT,0.448330,0.448330,0.441710,0.442540,-0.005960,-1.328874,-1.291459,1.476591,38.490606,6504,-3190,-32.906953,252956.000000,-247824.000000,-49.487599,112448.344890,-110843.408090,-49.640619,108016.000000,48023.051660,64425.293230,42.706766,21968410.000000,9843668.421821,-886.000000,-0.004033,17434.817053,0.177431,0.705000,0.000000,0.000000,41.350000,58.650000,0.871100,-0.001700,-0.194775,46.560000,53.440000,0.816200,0.001300,0.159529,44.940000,55.060000,binance_kline_quote_asset_volume,0.000000,0.000000,0.000000,0.000000,OK
155,2026-06-07 04:00:00 UTC,MAGMAUSDT,0.442560,0.448250,0.441170,0.445520,0.002980,0.673385,0.668836,1.599783,40.767486,7569,1065,16.374539,270328.000000,17372.000000,6.867598,120401.382310,7953.037420,7.072614,139559.000000,62172.926070,58228.456240,51.638050,21962060.000000,9716166.662593,-6350.000000,-0.028905,-127501.759227,-1.295267,0.705900,0.000900,0.127660,41.380000,58.620000,0.871700,0.000600,0.068878,46.570000,53.430000,0.817900,0.001700,0.208282,44.990000,55.010000,binance_kline_quote_asset_volume,0.000000,0.000000,0.000000,0.000000,OK
156,2026-06-07 04:15:00 UTC,MAGMAUSDT,0.445520,0.448910,0.443300,0.447210,0.001690,0.379332,0.379332,1.259203,42.076984,5724,-1845,-24.375743,217451.000000,-52877.000000,-19.560312,97025.538720,-23375.843590,-19.414930,99522.000000,44416.636010,52608.902710,45.778294,21944050.000000,9776513.156000,-18010.000000,-0.082005,60346.493407,0.621094,0.704400,-0.001500,-0.212495,41.330000,58.670000,0.872200,0.000500,0.057359,46.590000,53.410000,0.817500,-0.000400,-0.048906,44.980000,55.020000,binance_kline_quote_asset_volume,0.000000,0.000000,0.000000,0.000000,OK
157,2026-06-07 04:30:00 UTC,MAGMAUSDT,0.447260,0.447980,0.442840,0.442850,-0.004360,-0.974933,-0.986004,1.149220,39.642060,5705,-19,-0.331936,201964.000000,-15487.000000,-7.122064,89960.528760,-7065.009960,-7.281598,88508.000000,39426.019170,50534.509590,43.825909,21925179.000000,9805159.300590,-18871.000000,-0.085996,28646.144590,0.293010,0.704400,0.000000,0.000000,41.330000,58.670000,0.872200,0.000000,0.000000,46.590000,53.410000,0.815200,-0.002300,-0.281346,44.910000,55.090000,binance_kline_quote_asset_volume,0.000000,0.000000,0.000000,0.000000,OK
158,2026-06-07 04:45:00 UTC,MAGMAUSDT,0.442840,0.444230,0.435640,0.439770,-0.003080,-0.695495,-0.693253,1.939753,37.970448,7032,1327,23.260298,478827.000000,276863.000000,137.085322,210633.466390,120672.937630,134.139871,180120.000000,79305.766150,131327.700240,37.651076,21924049.000000,9708845.859160,-1130.000000,-0.005154,-96313.441430,-0.982273,0.705600,0.001200,0.170358,41.370000,58.630000,0.874100,0.001900,0.217840,46.640000,53.360000,0.818200,0.003000,0.368008,45.000000,55.000000,binance_kline_quote_asset_volume,0.000000,0.000000,0.000000,0.000000,OK
159,2026-06-07 05:00:00 UTC,MAGMAUSDT,0.439940,0.440970,0.436880,0.436880,-0.002890,-0.657162,-0.695549,0.929672,36.418651,6239,-793,-11.277019,304227.000000,-174600.000000,-36.464109,133529.066980,-77104.399410,-36.605959,125841.000000,55230.412160,78298.654820,41.362089,21869581.000000,9617585.636370,-54468.000000,-0.248440,-91260.222790,-0.939970,0.705300,-0.000300,-0.042517,41.360000,58.640000,0.872200,-0.001900,-0.217366,46.590000,53.410000,0.815500,-0.002700,-0.329993,44.920000,55.080000,binance_kline_quote_asset_volume,0.000000,0.000000,0.000000,0.000000,OK
160,2026-06-07 05:15:00 UTC,MAGMAUSDT,0.436880,0.442320,0.436170,0.438970,0.002090,0.478392,0.478392,1.407709,38.379952,4271,-1968,-31.543517,192823.000000,-111404.000000,-36.618709,84860.825510,-48668.241470,-36.447676,121239.000000,53359.387070,31501.438440,62.878704,21883430.000000,9560432.898400,13849.000000,0.063325,-57152.737970,-0.594252,0.710000,0.004700,0.666383,41.520000,58.480000,0.869800,-0.002400,-0.275166,46.520000,53.480000,0.820200,0.004700,0.576334,45.060000,54.940000,binance_kline_quote_asset_volume,0.000000,0.000000,0.000000,0.000000,OK
161,2026-06-07 05:30:00 UTC,MAGMAUSDT,0.438960,0.441990,0.436510,0.440160,0.001190,0.271089,0.273373,1.248405,39.523842,4839,568,13.298993,221489.000000,28666.000000,14.866484,97371.712390,12510.886880,14.742830,111000.000000,48824.707880,48547.004510,50.142600,21901421.000000,9607427.360594,17991.000000,0.082213,46994.462194,0.491552,0.705600,-0.004400,-0.619718,41.370000,58.630000,0.869200,-0.000600,-0.068981,46.500000,53.500000,0.813900,-0.006300,-0.768105,44.870000,55.130000,binance_kline_quote_asset_volume,0.000000,0.000000,0.000000,0.000000,OK
162,2026-06-07 05:45:00 UTC,MAGMAUSDT,0.440250,0.446020,0.438870,0.444210,0.004050,0.920120,0.899489,1.624077,43.376427,4362,-477,-9.857409,174480.000000,-47009.000000,-21.224079,77187.113780,-20184.598610,-20.729428,103035.000000,45595.810230,31591.303550,59.071791,21884052.000000,9620770.670646,-17369.000000,-0.079305,13343.310053,0.138885,0.704700,-0.000900,-0.127551,41.340000,58.660000,0.870800,0.001600,0.184077,46.550000,53.450000,0.809600,-0.004300,-0.528320,44.740000,55.260000,binance_kline_quote_asset_volume,0.000000,0.000000,0.000000,0.000000,OK
163,2026-06-07 06:00:00 UTC,MAGMAUSDT,0.444180,0.446860,0.442230,0.443440,-0.000770,-0.173341,-0.166599,1.042370,42.817938,5355,993,22.764787,234024.000000,59544.000000,34.126547,104015.403340,26828.289560,34.757472,116843.000000,51958.182290,52057.221050,49.952392,21884857.000000,9721472.327970,805.000000,0.003678,100701.657324,1.046711,0.702400,-0.002300,-0.326380,41.260000,58.740000,0.870700,-0.000100,-0.011484,46.540000,53.460000,0.804700,-0.004900,-0.605237,44.590000,55.410000,binance_kline_quote_asset_volume,0.000000,0.000000,0.000000,0.000000,OK
164,2026-06-07 06:15:00 UTC,MAGMAUSDT,0.443450,0.444740,0.438840,0.439960,-0.003480,-0.784774,-0.787011,1.330477,40.292932,4323,-1032,-19.271709,231231.000000,-2793.000000,-1.193467,102021.184300,-1994.219040,-1.917234,112843.000000,49787.539500,52233.644800,48.801178,21882015.000000,9703360.731600,-2842.000000,-0.012986,-18111.596370,-0.186305,0.706800,0.004400,0.626424,41.410000,58.590000,0.870300,-0.000400,-0.045940,46.530000,53.470000,0.813200,0.008500,1.056294,44.850000,55.150000,binance_kline_quote_asset_volume,0.000000,0.000000,0.000000,0.000000,OK
165,2026-06-07 06:30:00 UTC,MAGMAUSDT,0.439890,0.442660,0.437860,0.440980,0.001020,0.231839,0.247789,1.091182,41.384017,4369,46,1.064076,214799.000000,-16432.000000,-7.106314,94596.812460,-7424.371840,-7.277285,112567.000000,49582.923480,45013.888980,52.415004,21872056.000000,9617086.593296,-9959.000000,-0.045512,-86274.138304,-0.889116,0.706200,-0.000600,-0.084890,41.390000,58.610000,0.868200,-0.002100,-0.241296,46.470000,53.530000,0.818500,0.005300,0.651746,45.010000,54.990000,binance_kline_quote_asset_volume,0.000000,0.000000,0.000000,0.000000,OK
166,2026-06-07 06:45:00 UTC,MAGMAUSDT,0.441020,0.449760,0.440720,0.446620,0.005640,1.278970,1.269784,2.049794,47.136462,8350,3981,91.119249,509726.000000,294927.000000,137.303712,227382.919900,132786.107440,140.370594,301884.000000,134715.957030,92666.962870,59.246296,21867413.000000,9644403.829520,-4643.000000,-0.021228,27317.236224,0.284049,0.706500,0.000300,0.042481,41.400000,58.600000,0.868100,-0.000100,-0.011518,46.470000,53.530000,0.815900,-0.002600,-0.317654,44.930000,55.070000,binance_kline_quote_asset_volume,0.000000,0.000000,0.000000,0.000000,OK
167,2026-06-07 07:00:00 UTC,MAGMAUSDT,0.446760,0.448890,0.444260,0.446370,-0.000250,-0.055976,-0.087295,1.036351,46.916671,4494,-3856,-46.179641,227829.000000,-281897.000000,-55.303634,101681.882470,-125701.037430,-55.281653,116867.000000,52180.224340,49501.658130,51.317131,21852691.000000,9760941.488970,-14722.000000,-0.067324,116537.659450,1.208345,0.701800,-0.004700,-0.665251,41.240000,58.760000,0.871100,0.003000,0.345582,46.560000,53.440000,0.812600,-0.003300,-0.404461,44.830000,55.170000,binance_kline_quote_asset_volume,0.000000,0.000000,0.000000,0.000000,OK
168,2026-06-07 07:15:00 UTC,MAGMAUSDT,0.446390,0.449350,0.445190,0.446050,-0.000320,-0.071689,-0.076167,0.931921,46.617037,3735,-759,-16.889186,172285.000000,-55544.000000,-24.379688,77106.026280,-24575.856190,-24.169356,71452.000000,31977.892930,45128.133350,41.472625,21863253.000000,9753711.824276,10562.000000,0.048333,-7229.664694,-0.074067,0.707100,0.005300,0.755201,41.420000,58.580000,0.870600,-0.000500,-0.057399,46.540000,53.460000,0.817900,0.005300,0.652227,44.990000,55.010000,binance_kline_quote_asset_volume,0.000000,0.000000,0.000000,0.000000,OK
169,2026-06-07 07:30:00 UTC,MAGMAUSDT,0.446140,0.447900,0.443290,0.445380,-0.000670,-0.150207,-0.170350,1.033308,45.955264,3299,-436,-11.673360,168424.000000,-3861.000000,-2.241054,75071.881180,-2034.145100,-2.638114,70034.000000,31231.571020,43840.310160,41.602222,21837962.000000,9740822.950100,-25291.000000,-0.115678,-12888.874176,-0.132143,0.710000,0.002900,0.410126,41.520000,58.480000,0.872300,0.001700,0.195268,46.590000,53.410000,0.822800,0.004900,0.599095,45.140000,54.860000,binance_kline_quote_asset_volume,0.000000,0.000000,0.000000,0.000000,OK
170,2026-06-07 07:45:00 UTC,MAGMAUSDT,0.445380,0.446070,0.437240,0.443440,-0.001940,-0.435583,-0.435583,1.982577,44.007214,5732,2433,73.749621,381328.000000,212904.000000,126.409538,168332.935480,93261.054300,124.229009,126083.000000,55678.595850,112654.339630,33.076472,21833078.000000,9724016.279640,-4884.000000,-0.022365,-16806.670460,-0.172539,0.709400,-0.000600,-0.084507,41.500000,58.500000,0.870500,-0.001800,-0.206351,46.540000,53.460000,0.824500,0.001700,0.206612,45.190000,54.810000,binance_kline_quote_asset_volume,0.000000,0.000000,0.000000,0.000000,OK
171,2026-06-07 08:00:00 UTC,MAGMAUSDT,0.443440,0.445810,0.437260,0.443000,-0.000440,-0.099224,-0.099224,1.928108,43.556241,7127,1395,24.337055,372980.000000,-8348.000000,-2.189191,164675.334160,-3657.601320,-2.172838,162285.000000,71714.784300,92960.549860,43.549196,21791074.000000,9666084.604920,-42004.000000,-0.192387,-57931.674720,-0.595759,0.715000,0.005600,0.789399,41.690000,58.310000,0.869700,-0.000800,-0.091901,46.510000,53.490000,0.835900,0.011400,1.382656,45.530000,54.470000,binance_kline_quote_asset_volume,0.000000,0.000000,0.000000,0.000000,OK
172,2026-06-07 08:15:00 UTC,MAGMAUSDT,0.443010,0.443710,0.441360,0.443360,0.000360,0.081264,0.079005,0.530462,44.061337,3242,-3885,-54.511014,162192.000000,-210788.000000,-56.514558,71769.589140,-92905.745020,-56.417523,94144.000000,41660.746370,30108.842770,58.047910,21741455.000000,9631464.565000,-49619.000000,-0.227703,-34620.039920,-0.358160,0.722400,0.007400,1.034965,41.940000,58.060000,0.872800,0.003100,0.356445,46.600000,53.400000,0.836900,0.001000,0.119632,45.560000,54.440000,binance_kline_quote_asset_volume,0.000000,0.000000,0.000000,0.000000,OK
173,2026-06-07 08:30:00 UTC,MAGMAUSDT,0.443370,0.444370,0.441940,0.444050,0.000690,0.155630,0.153371,0.548075,45.075837,2617,-625,-19.278223,95056.000000,-67136.000000,-41.392917,42128.878800,-29640.710340,-41.299819,51824.000000,22967.585000,19161.293800,54.517437,21709581.000000,9623244.395828,-31874.000000,-0.146605,-8220.169172,-0.085347,0.721500,-0.000900,-0.124585,41.910000,58.090000,0.872000,-0.000800,-0.091659,46.580000,53.420000,0.830800,-0.006100,-0.728880,45.380000,54.620000,binance_kline_quote_asset_volume,0.000000,0.000000,0.000000,0.000000,OK
174,2026-06-07 08:45:00 UTC,MAGMAUSDT,0.444020,0.444460,0.441350,0.442570,-0.001480,-0.333296,-0.326562,0.700419,43.263419,3471,854,32.632786,130043.000000,34987.000000,36.806724,57608.336380,15479.457580,36.743104,59326.000000,26282.315380,31326.021000,45.622417,21691459.000000,9628263.175693,-18122.000000,-0.083475,5018.779864,0.052153,0.720300,-0.001200,-0.166320,41.870000,58.130000,0.871500,-0.000500,-0.057339,46.570000,53.430000,0.829800,-0.001000,-0.120366,45.350000,54.650000,binance_kline_quote_asset_volume,0.000000,0.000000,0.000000,0.000000,OK
175,2026-06-07 09:00:00 UTC,MAGMAUSDT,0.442590,0.445240,0.441600,0.443870,0.001300,0.293739,0.289207,0.822432,45.342312,4061,590,16.997983,157153.000000,27110.000000,20.846951,69708.743730,12100.407350,21.004612,92221.000000,40905.998450,28802.745280,58.681302,21661610.000000,9582446.415700,-29849.000000,-0.137607,-45816.759993,-0.475857,0.720900,0.000600,0.083299,41.890000,58.110000,0.871500,0.000000,0.000000,46.570000,53.430000,0.833500,0.003700,0.445891,45.460000,54.540000,binance_kline_quote_asset_volume,0.000000,0.000000,0.000000,0.000000,OK
176,2026-06-07 09:15:00 UTC,MAGMAUSDT,0.443790,0.444000,0.440390,0.440390,-0.003480,-0.784013,-0.766128,0.813448,41.010365,3262,-799,-19.674957,144869.000000,-12284.000000,-7.816586,64113.795980,-5594.947750,-8.026178,67590.000000,29935.839670,34177.956310,46.691729,21654475.000000,9611771.818250,-7135.000000,-0.032938,29325.402550,0.306033,0.723500,0.002600,0.360660,41.980000,58.020000,0.872400,0.000900,0.103270,46.590000,53.410000,0.836200,0.002700,0.323935,45.540000,54.460000,binance_kline_quote_asset_volume,0.000000,0.000000,0.000000,0.000000,OK
177,2026-06-07 09:30:00 UTC,MAGMAUSDT,0.440390,0.441560,0.439280,0.440320,-0.000070,-0.015895,-0.015895,0.517723,40.925666,3360,98,3.004292,155457.000000,10588.000000,7.308672,68457.760020,4343.964040,6.775397,72132.000000,31764.010820,36693.749200,46.399431,21659433.000000,9539030.887530,4958.000000,0.022896,-72740.930720,-0.756790,0.723800,0.000300,0.041465,41.990000,58.010000,0.871600,-0.000800,-0.091701,46.570000,53.430000,0.835900,-0.000300,-0.035877,45.530000,54.470000,binance_kline_quote_asset_volume,0.000000,0.000000,0.000000,0.000000,OK
178,2026-06-07 09:45:00 UTC,MAGMAUSDT,0.440320,0.445990,0.438580,0.441670,0.001350,0.306595,0.306595,1.682867,43.355428,3347,-13,-0.386905,218032.000000,62575.000000,40.252288,96185.284110,27727.524090,40.503113,138511.000000,61149.349200,35035.934910,63.574537,21661703.000000,9535820.233018,2270.000000,0.010480,-3210.654512,-0.033658,0.723200,-0.000600,-0.082896,41.970000,58.030000,0.870500,-0.001100,-0.126205,46.540000,53.460000,0.833200,-0.002700,-0.323005,45.450000,54.550000,binance_kline_quote_asset_volume,0.000000,0.000000,0.000000,0.000000,OK
179,2026-06-07 10:00:00 UTC,MAGMAUSDT,0.441670,0.446840,0.440820,0.443020,0.001350,0.305658,0.305658,1.363009,45.758047,5337,1990,59.456229,283799.000000,65767.000000,30.163921,125883.091930,29697.807820,30.875625,151269.000000,67140.165420,58742.926510,53.335332,21638357.000000,9551757.179275,-23346.000000,-0.107775,15936.946257,0.167127,0.719400,-0.003800,-0.525442,41.840000,58.160000,0.869800,-0.000700,-0.080414,46.520000,53.480000,0.820800,-0.012400,-1.488238,45.080000,54.920000,binance_kline_quote_asset_volume,0.000000,0.000000,0.000000,0.000000,OK
180,2026-06-07 10:15:00 UTC,MAGMAUSDT,0.443140,0.446610,0.443140,0.445420,0.002400,0.541736,0.514510,0.783048,49.831996,2675,-2662,-49.878209,121746.000000,-162053.000000,-57.101329,54237.885510,-71645.206420,-56.914082,59555.000000,26532.181580,27705.703930,48.918171,21612497.000000,9577029.088126,-25860.000000,-0.119510,25271.908851,0.264579,0.716700,-0.002700,-0.375313,41.750000,58.250000,0.871700,0.001900,0.218441,46.570000,53.430000,0.819500,-0.001300,-0.158382,45.040000,54.960000,binance_kline_quote_asset_volume,0.000000,0.000000,0.000000,0.000000,OK
181,2026-06-07 10:30:00 UTC,MAGMAUSDT,0.445430,0.446820,0.441190,0.441440,-0.003980,-0.893539,-0.895764,1.263947,43.938392,3142,467,17.457944,152753.000000,31007.000000,25.468599,67858.465320,13620.579810,25.112667,75520.000000,33573.374120,34285.091200,49.475587,21592666.000000,9617805.289720,-19831.000000,-0.091757,40776.201594,0.425771,0.720000,0.003300,0.460444,41.860000,58.140000,0.873100,0.001400,0.160606,46.610000,53.390000,0.825500,0.006000,0.732154,45.220000,54.780000,binance_kline_quote_asset_volume,0.000000,0.000000,0.000000,0.000000,OK
182,2026-06-07 10:45:00 UTC,MAGMAUSDT,0.441420,0.441440,0.438510,0.439850,-0.001590,-0.360185,-0.355670,0.663767,41.810933,3198,56,1.782304,158368.000000,5615.000000,3.675869,69643.493620,1785.028300,2.630517,78354.000000,34461.326640,35182.166980,49.482478,21586665.000000,9529217.397600,-6001.000000,-0.027792,-88587.892120,-0.921082,0.716100,-0.003900,-0.541667,41.730000,58.270000,0.872000,-0.001100,-0.125988,46.580000,53.420000,0.827800,0.002300,0.278619,45.290000,54.710000,binance_kline_quote_asset_volume,0.000000,0.000000,0.000000,0.000000,OK
183,2026-06-07 11:00:00 UTC,MAGMAUSDT,0.439850,0.442680,0.437810,0.442670,0.002820,0.641128,0.641128,1.107196,46.736783,3881,683,21.357098,170895.000000,12527.000000,7.910058,75185.122210,5541.628590,7.957138,86168.000000,37924.567240,37260.554970,50.441585,21586707.000000,9494913.073950,42.000000,0.000195,-34304.323650,-0.359991,0.720000,0.003900,0.544617,41.860000,58.140000,0.872700,0.000700,0.080275,46.600000,53.400000,0.816900,-0.010900,-1.316743,44.960000,55.040000,binance_kline_quote_asset_volume,0.000000,0.000000,0.000000,0.000000,OK
184,2026-06-07 11:15:00 UTC,MAGMAUSDT,0.442650,0.444980,0.440000,0.440400,-0.002270,-0.512797,-0.508302,1.125042,43.541532,3125,-756,-19.479516,155904.000000,-14991.000000,-8.772053,69056.221040,-6128.901170,-8.151747,76606.000000,33955.140130,35101.080910,49.170284,21588487.000000,9555667.312642,1780.000000,0.008246,60754.238692,0.639861,0.715900,-0.004100,-0.569444,41.720000,58.280000,0.871400,-0.001300,-0.148963,46.560000,53.440000,0.810600,-0.006300,-0.771208,44.770000,55.230000,binance_kline_quote_asset_volume,0.000000,0.000000,0.000000,0.000000,OK
185,2026-06-07 11:30:00 UTC,MAGMAUSDT,0.440260,0.443560,0.439760,0.443560,0.003160,0.717530,0.749557,0.863126,48.790156,3337,212,6.784000,130974.000000,-24930.000000,-15.990610,57824.225910,-11231.995130,-16.265001,81417.000000,35947.883830,21876.342080,62.167514,21575519.000000,9499053.750130,-12968.000000,-0.060069,-56613.562512,-0.592461,0.720300,0.004400,0.614611,41.870000,58.130000,0.872200,0.000800,0.091806,46.590000,53.410000,0.815900,0.005300,0.653837,44.930000,55.070000,binance_kline_quote_asset_volume,0.000000,0.000000,0.000000,0.000000,OK
186,2026-06-07 11:45:00 UTC,MAGMAUSDT,0.443570,0.446160,0.443140,0.444550,0.000990,0.223194,0.220935,0.680840,50.347520,2980,-357,-10.698232,127151.000000,-3823.000000,-2.918900,56555.395740,-1268.830170,-2.194288,64790.000000,28834.030060,27721.365680,50.983694,21583243.000000,9567802.412106,7724.000000,0.035800,68748.661976,0.723742,0.717900,-0.002400,-0.333195,41.790000,58.210000,0.872900,0.000700,0.080257,46.610000,53.390000,0.815900,0.000000,0.000000,44.930000,55.070000,binance_kline_quote_asset_volume,0.000000,0.000000,0.000000,0.000000,OK
187,2026-06-07 12:00:00 UTC,MAGMAUSDT,0.444580,0.447250,0.443610,0.445600,0.001050,0.236194,0.229430,0.818750,52.014333,4966,1986,66.644295,247231.000000,120080.000000,94.438895,110170.811530,53615.415790,94.801592,128621.000000,57318.760700,52852.050830,52.027175,21568662.000000,9588348.692100,-14581.000000,-0.067557,20546.279994,0.214744,0.717000,-0.000900,-0.125366,41.760000,58.240000,0.872600,-0.000300,-0.034368,46.600000,53.400000,0.817900,0.002000,0.245128,44.990000,55.010000,binance_kline_quote_asset_volume,0.000000,0.000000,0.000000,0.000000,OK
188,2026-06-07 12:15:00 UTC,MAGMAUSDT,0.445620,0.446190,0.441740,0.443700,-0.001900,-0.426391,-0.430860,0.998609,48.820604,3904,-1062,-21.385421,231422.000000,-15809.000000,-6.394425,102696.840560,-7473.970970,-6.783985,128231.000000,56910.461540,45786.379020,55.415981,21537469.000000,9597096.186400,-31193.000000,-0.144622,8747.494300,0.091230,0.721800,0.004800,0.669456,41.920000,58.080000,0.876200,0.003600,0.412560,46.700000,53.300000,0.822500,0.004600,0.562416,45.130000,54.870000,binance_kline_quote_asset_volume,0.000000,0.000000,0.000000,0.000000,OK
189,2026-06-07 12:30:00 UTC,MAGMAUSDT,0.443670,0.445790,0.442870,0.443440,-0.000260,-0.058598,-0.051840,0.658147,48.382809,2943,-961,-24.615779,144728.000000,-86694.000000,-37.461434,64305.758490,-38391.082070,-37.382924,65489.000000,29100.279930,35205.478560,45.252992,21551167.000000,9559666.657860,13698.000000,0.063601,-37429.528540,-0.390009,0.719400,-0.002400,-0.332502,41.840000,58.160000,0.875400,-0.000800,-0.091303,46.680000,53.320000,0.816200,-0.006300,-0.765957,44.940000,55.060000,binance_kline_quote_asset_volume,0.000000,0.000000,0.000000,0.000000,OK
190,2026-06-07 12:45:00 UTC,MAGMAUSDT,0.443440,0.444570,0.442020,0.442760,-0.000680,-0.153347,-0.153347,0.575050,47.190892,2085,-858,-29.153925,82204.000000,-62524.000000,-43.201039,36452.542510,-27853.215980,-43.313720,40750.000000,18069.713340,18382.829170,49.570516,21542358.000000,9550107.954866,-8809.000000,-0.040875,-9558.702994,-0.099990,0.719100,-0.000300,-0.041701,41.830000,58.170000,0.874100,-0.001300,-0.148504,46.640000,53.360000,0.822800,0.006600,0.808625,45.140000,54.860000,binance_kline_quote_asset_volume,0.000000,0.000000,0.000000,0.000000,OK
191,2026-06-07 13:00:00 UTC,MAGMAUSDT,0.442760,0.444600,0.440900,0.441520,-0.001240,-0.280061,-0.280061,0.835667,45.013221,3324,1239,59.424460,161086.000000,78882.000000,95.958834,71319.957540,34867.415030,95.651531,86147.000000,38167.134830,33152.822710,53.515364,21531847.000000,9530387.361815,-10511.000000,-0.048792,-19720.593050,-0.206496,0.718500,-0.000600,-0.083438,41.810000,58.190000,0.874800,0.000700,0.080082,46.660000,53.340000,0.824200,0.001400,0.170151,45.180000,54.820000,binance_kline_quote_asset_volume,0.000000,0.000000,0.000000,0.000000,OK
192,2026-06-07 13:15:00 UTC,MAGMAUSDT,0.441570,0.442810,0.439710,0.441640,0.000120,0.027179,0.015853,0.702040,45.276401,2641,-683,-20.547533,187752.000000,26666.000000,16.553890,82834.928210,11514.970670,16.145510,113865.000000,50207.246710,32627.681500,60.611203,21499255.000000,9492351.067600,-32592.000000,-0.151366,-38036.294215,-0.399105,0.721800,0.003300,0.459290,41.920000,58.080000,0.874600,-0.000200,-0.022862,46.660000,53.340000,0.825500,0.001300,0.157729,45.220000,54.780000,binance_kline_quote_asset_volume,0.000000,0.000000,0.000000,0.000000,OK
193,2026-06-07 13:30:00 UTC,MAGMAUSDT,0.441700,0.443150,0.440720,0.443150,0.001510,0.341907,0.328277,0.550147,48.609571,2226,-415,-15.713745,81420.000000,-106332.000000,-56.634284,35989.351390,-46845.576820,-56.552927,47848.000000,21159.739310,14829.612080,58.794445,21548044.000000,9515675.056560,48789.000000,0.226933,23323.988960,0.245714,0.716400,-0.005400,-0.748130,41.740000,58.260000,0.872300,-0.002300,-0.262977,46.590000,53.410000,0.814600,-0.010900,-1.320412,44.890000,55.110000,binance_kline_quote_asset_volume,0.000000,0.000000,0.000000,0.000000,OK
194,2026-06-07 13:45:00 UTC,MAGMAUSDT,0.443040,0.444400,0.441940,0.442040,-0.001110,-0.250480,-0.225713,0.555255,46.373510,2072,-154,-6.918239,102441.000000,21021.000000,25.817981,45418.824470,9429.473080,26.200731,43813.000000,19428.861000,25989.963470,42.777111,21560128.000000,9548455.702083,12084.000000,0.056079,32780.645523,0.344491,0.713200,-0.003200,-0.446678,41.630000,58.370000,0.871800,-0.000500,-0.057320,46.570000,53.430000,0.805400,-0.009200,-1.129389,44.610000,55.390000,binance_kline_quote_asset_volume,0.000000,0.000000,0.000000,0.000000,OK
195,2026-06-07 14:00:00 UTC,MAGMAUSDT,0.442050,0.451960,0.441940,0.449980,0.007940,1.796218,1.793915,2.266712,60.404534,5811,3739,180.453668,431370.000000,328929.000000,321.091165,193257.662780,147838.838310,325.501243,291423.000000,130563.390360,62694.272420,67.559231,21549498.000000,9525530.419304,-10630.000000,-0.049304,-22925.282779,-0.240094,0.714400,0.001200,0.168256,41.670000,58.330000,0.873300,0.001500,0.172058,46.620000,53.380000,0.808300,0.002900,0.360070,44.700000,55.300000,binance_kline_quote_asset_volume,0.000000,0.000000,0.000000,0.000000,OK
196,2026-06-07 14:15:00 UTC,MAGMAUSDT,0.450000,0.452920,0.447000,0.448400,-0.001580,-0.351127,-0.355556,1.315556,57.197467,5411,-400,-6.883497,308673.000000,-122697.000000,-28.443564,138788.175240,-54469.487540,-28.184904,159744.000000,71870.645000,66917.530240,51.784415,21534583.000000,9690562.350000,-14915.000000,-0.069213,165031.930696,1.732522,0.710000,-0.004400,-0.615901,41.520000,58.480000,0.875100,0.001800,0.206115,46.670000,53.330000,0.800800,-0.007500,-0.927873,44.470000,55.530000,binance_kline_quote_asset_volume,0.000000,0.000000,0.000000,0.000000,OK
197,2026-06-07 14:30:00 UTC,MAGMAUSDT,0.448400,0.449200,0.442610,0.443220,-0.005180,-1.155219,-1.155219,1.469670,48.168134,3332,-2079,-38.421734,172170.000000,-136503.000000,-44.222527,76743.165700,-62045.009540,-44.704824,66233.000000,29574.560160,47168.605540,38.537060,21499616.000000,9646017.714560,-34967.000000,-0.162376,-44544.635440,-0.459670,0.716100,0.006100,0.859155,41.730000,58.270000,0.878800,0.003700,0.422809,46.770000,53.230000,0.807300,0.006500,0.811688,44.670000,55.330000,binance_kline_quote_asset_volume,0.000000,0.000000,0.000000,0.000000,OK
198,2026-06-07 14:45:00 UTC,MAGMAUSDT,0.443220,0.446400,0.442230,0.445870,0.002650,0.597897,0.597897,0.940842,52.315364,2691,-641,-19.237695,98946.000000,-73224.000000,-42.530058,43986.186980,-32756.978720,-42.683903,50994.000000,22668.542410,21317.644570,51.535593,21482975.000000,9521039.690250,-16641.000000,-0.077401,-124978.024310,-1.295644,0.717300,0.001200,0.167574,41.770000,58.230000,0.877300,-0.001500,-0.170687,46.730000,53.270000,0.811900,0.004600,0.569801,44.810000,55.190000,binance_kline_quote_asset_volume,0.000000,0.000000,0.000000,0.000000,OK
199,2026-06-07 15:00:00 UTC,MAGMAUSDT,0.445910,0.448320,0.442170,0.442170,-0.003700,-0.829838,-0.838734,1.379202,46.697220,3575,884,32.850242,152108.000000,53162.000000,53.728296,67839.434710,23853.247730,54.228951,65286.000000,29138.586830,38700.847880,42.952284,21475276.000000,9567830.323145,-7699.000000,-0.035838,46790.632895,0.491445,0.720900,0.003600,0.501882,41.890000,58.110000,0.876900,-0.000400,-0.045594,46.720000,53.280000,0.817500,0.005600,0.689740,44.980000,55.020000,binance_kline_quote_asset_volume,0.000000,0.000000,0.000000,0.000000,OK
200,2026-06-07 15:15:00 UTC,MAGMAUSDT,0.442460,0.444180,0.440380,0.444040,0.001870,0.422914,0.357094,0.858835,49.640743,3622,47,1.314685,148155.000000,-3953.000000,-2.598811,65473.024240,-2366.410470,-3.488252,72091.000000,31863.767290,33609.256950,48.667016,21447098.000000,9496158.175862,-28178.000000,-0.131211,-71672.147284,-0.749095,0.722100,0.001200,0.166459,41.930000,58.070000,0.877600,0.000700,0.079827,46.740000,53.260000,0.823800,0.006300,0.770642,45.170000,54.830000,binance_kline_quote_asset_volume,0.000000,0.000000,0.000000,0.000000,OK
201,2026-06-07 15:30:00 UTC,MAGMAUSDT,0.444020,0.447090,0.442460,0.447060,0.003020,0.680119,0.684654,1.042746,54.053594,3315,-307,-8.475980,144317.000000,-3838.000000,-2.590530,64160.155570,-1312.868670,-2.005205,94558.000000,42051.604410,22108.551160,65.541619,21433546.000000,9514304.129934,-13552.000000,-0.063188,18145.954073,0.191087,0.724400,0.002300,0.318515,42.010000,57.990000,0.875600,-0.002000,-0.227894,46.680000,53.320000,0.823200,-0.000600,-0.072833,45.150000,54.850000,binance_kline_quote_asset_volume,0.000000,0.000000,0.000000,0.000000,OK
202,2026-06-07 15:45:00 UTC,MAGMAUSDT,0.447070,0.451250,0.445110,0.449680,0.002620,0.586051,0.583801,1.373387,57.530523,3301,-14,-0.422323,140861.000000,-3456.000000,-2.394728,63167.910750,-992.244820,-1.546512,77249.000000,34646.589950,28521.320800,54.848403,21435061.000000,9578257.007850,1515.000000,0.007068,63952.877916,0.672176,0.725300,0.000900,0.124241,42.040000,57.960000,0.874500,-0.001100,-0.125628,46.650000,53.350000,0.818500,-0.004700,-0.570943,45.010000,54.990000,binance_kline_quote_asset_volume,0.000000,0.000000,0.000000,0.000000,OK
203,2026-06-07 16:00:00 UTC,MAGMAUSDT,0.449640,0.450400,0.438470,0.444440,-0.005240,-1.165273,-1.156481,2.653234,49.467803,8141,4840,146.622236,447950.000000,307089.000000,218.008533,198567.548610,135399.637860,214.348767,178617.000000,79157.547000,119410.001610,39.864292,21435448.000000,9631237.451075,387.000000,0.001805,52980.443225,0.553132,0.721500,-0.003800,-0.523921,41.910000,58.090000,0.875400,0.000900,0.102916,46.680000,53.320000,0.813900,-0.004600,-0.562004,44.870000,55.130000,binance_kline_quote_asset_volume,0.000000,0.000000,0.000000,0.000000,OK
204,2026-06-07 16:15:00 UTC,MAGMAUSDT,0.444380,0.446160,0.442970,0.445740,0.001300,0.292503,0.306044,0.717854,51.291630,2901,-5240,-64.365557,105501.000000,-342449.000000,-76.448041,46873.515790,-151694.032820,-76.394171,64846.000000,28820.832550,18052.683240,61.486390,21359745.000000,9495688.237200,-75703.000000,-0.353167,-135549.213875,-1.407391,0.727700,0.006200,0.859321,42.120000,57.880000,0.873600,-0.001800,-0.205620,46.630000,53.370000,0.823200,0.009300,1.142647,45.150000,54.850000,binance_kline_quote_asset_volume,0.000000,0.000000,0.000000,0.000000,OK
205,2026-06-07 16:30:00 UTC,MAGMAUSDT,0.445630,0.450450,0.444730,0.449860,0.004120,0.924306,0.949218,1.283576,56.633664,3031,130,4.481213,132014.000000,26513.000000,25.130567,59113.645480,12240.129690,26.113103,87437.000000,39172.580500,19941.064980,66.266562,21364760.000000,9523128.122400,5015.000000,0.023479,27439.885200,0.288972,0.722700,-0.005000,-0.687096,41.950000,58.050000,0.872400,-0.001200,-0.137363,46.590000,53.410000,0.816200,-0.007000,-0.850340,44.940000,55.060000,binance_kline_quote_asset_volume,0.000000,0.000000,0.000000,0.000000,OK
206,2026-06-07 16:45:00 UTC,MAGMAUSDT,0.449880,0.451240,0.447480,0.448960,-0.000900,-0.200062,-0.204499,0.835778,55.209222,4106,1075,35.466843,163292.000000,31278.000000,23.692942,73439.982730,14326.337250,24.235246,91299.000000,41073.224650,32366.758080,55.927607,21370315.000000,9613649.905900,5555.000000,0.026001,90521.783500,0.950547,0.719400,-0.003300,-0.456621,41.840000,58.160000,0.870800,-0.001600,-0.183402,46.550000,53.450000,0.816200,0.000000,0.000000,44.940000,55.060000,binance_kline_quote_asset_volume,0.000000,0.000000,0.000000,0.000000,OK
207,2026-06-07 17:00:00 UTC,MAGMAUSDT,0.448900,0.450520,0.446240,0.446400,-0.002560,-0.570207,-0.556917,0.953442,51.259838,3313,-793,-19.313200,114640.000000,-48652.000000,-29.794479,51481.539330,-21958.443400,-29.899848,51911.000000,23320.347690,28161.191640,45.298466,21364996.000000,9588290.370810,-5319.000000,-0.024890,-25359.535090,-0.263787,0.723500,0.004100,0.569919,41.980000,58.020000,0.870500,-0.000300,-0.034451,46.540000,53.460000,0.818500,0.002300,0.281794,45.010000,54.990000,binance_kline_quote_asset_volume,0.000000,0.000000,0.000000,0.000000,OK
208,2026-06-07 17:15:00 UTC,MAGMAUSDT,0.446420,0.448780,0.444840,0.446260,-0.000140,-0.031362,-0.035841,0.882577,51.044787,2642,-671,-20.253547,107284.000000,-7356.000000,-6.416609,47936.235880,-3545.303450,-6.886553,51612.000000,23062.811150,24873.424730,48.111435,21365434.000000,9532952.407020,438.000000,0.002050,-55337.963790,-0.577141,0.720300,-0.003200,-0.442294,41.870000,58.130000,0.872000,0.001500,0.172315,46.580000,53.420000,0.820500,0.002000,0.244349,45.070000,54.930000,binance_kline_quote_asset_volume,0.000000,0.000000,0.000000,0.000000,OK
209,2026-06-07 17:30:00 UTC,MAGMAUSDT,0.446250,0.448360,0.442930,0.445340,-0.000920,-0.206158,-0.203922,1.216807,49.572969,4159,1517,57.418622,214040.000000,106756.000000,99.507848,95326.865880,47390.630000,98.861809,88278.000000,39322.481050,56004.384830,41.250156,21352806.000000,9523997.825438,-12628.000000,-0.059105,-8954.581582,-0.093933,0.719700,-0.000600,-0.083299,41.850000,58.150000,0.873300,0.001300,0.149083,46.620000,53.380000,0.817500,-0.003000,-0.365631,44.980000,55.020000,binance_kline_quote_asset_volume,0.000000,0.000000,0.000000,0.000000,OK
210,2026-06-07 17:45:00 UTC,MAGMAUSDT,0.445340,0.445340,0.441460,0.444510,-0.000830,-0.186374,-0.186374,0.871244,48.222068,3837,-322,-7.742246,205514.000000,-8526.000000,-3.983368,91141.561460,-4185.304420,-4.390477,111865.000000,49591.384670,41550.176790,54.411384,21307072.000000,9488891.444480,-45734.000000,-0.214183,-35106.380958,-0.368610,0.723800,0.004100,0.569682,41.990000,58.010000,0.870800,-0.002500,-0.286270,46.550000,53.450000,0.830500,0.013000,1.590214,45.370000,54.630000,binance_kline_quote_asset_volume,0.000000,0.000000,0.000000,0.000000,OK
211,2026-06-07 18:00:00 UTC,MAGMAUSDT,0.444350,0.447280,0.443900,0.445740,0.001230,0.276709,0.312816,0.760662,50.380044,2752,-1085,-28.277300,125908.000000,-79606.000000,-38.735074,56080.055630,-35061.505830,-38.469284,71318.000000,31773.371390,24306.684240,56.657168,21312794.000000,9470830.208162,5722.000000,0.026855,-18061.236318,-0.190341,0.721200,-0.002600,-0.359215,41.900000,58.100000,0.871100,0.000300,0.034451,46.560000,53.440000,0.820800,-0.009700,-1.167971,45.080000,54.920000,binance_kline_quote_asset_volume,0.000000,0.000000,0.000000,0.000000,OK
212,2026-06-07 18:15:00 UTC,MAGMAUSDT,0.445720,0.446800,0.443550,0.446730,0.000990,0.222103,0.226600,0.729157,52.110102,1991,-761,-27.652616,64722.000000,-61186.000000,-48.595800,28828.293940,-27251.761690,-48.594391,36385.000000,16207.881810,12620.412130,56.222133,21310617.000000,9498994.421580,-2177.000000,-0.010215,28164.213418,0.297379,0.720900,-0.000300,-0.041597,41.890000,58.110000,0.870000,-0.001100,-0.126277,46.520000,53.480000,0.820800,0.000000,0.000000,45.080000,54.920000,binance_kline_quote_asset_volume,0.000000,0.000000,0.000000,0.000000,OK
213,2026-06-07 18:30:00 UTC,MAGMAUSDT,0.446770,0.446940,0.444500,0.444870,-0.001860,-0.416359,-0.425275,0.546142,48.676233,2363,372,18.684078,88128.000000,23406.000000,36.163901,39255.832430,10427.538490,36.171195,47145.000000,21004.920200,18250.912230,53.507769,21301231.000000,9516142.823725,-9386.000000,-0.044044,17148.402145,0.180529,0.721200,0.000300,0.041615,41.900000,58.100000,0.869800,-0.000200,-0.022989,46.520000,53.480000,0.821200,0.000400,0.048733,45.090000,54.910000,binance_kline_quote_asset_volume,0.000000,0.000000,0.000000,0.000000,OK
214,2026-06-07 18:45:00 UTC,MAGMAUSDT,0.444890,0.449990,0.443060,0.445120,0.000250,0.056196,0.051698,1.557688,49.161152,3080,717,30.342785,143347.000000,55219.000000,62.657725,63882.881830,24627.049400,62.734753,86346.000000,38495.989210,25386.892620,60.260258,21304472.000000,9477720.458640,3241.000000,0.015215,-38422.365085,-0.403760,0.719100,-0.002100,-0.291181,41.830000,58.170000,0.869200,-0.000600,-0.068981,46.500000,53.500000,0.821200,0.000000,0.000000,45.090000,54.910000,binance_kline_quote_asset_volume,0.000000,0.000000,0.000000,0.000000,OK
215,2026-06-07 19:00:00 UTC,MAGMAUSDT,0.445240,0.448270,0.443490,0.446710,0.001590,0.357207,0.330159,1.073578,52.251131,3313,233,7.564935,126393.000000,-16954.000000,-11.827244,56344.425640,-7538.456190,-11.800432,65671.000000,29288.222090,27056.203550,51.980692,21315117.000000,9490982.146590,10645.000000,0.049966,13261.687950,0.139925,0.720300,0.001200,0.166875,41.870000,58.130000,0.870700,0.001500,0.172572,46.540000,53.460000,0.816900,-0.004300,-0.523624,44.960000,55.040000,binance_kline_quote_asset_volume,0.000000,0.000000,0.000000,0.000000,OK
216,2026-06-07 19:15:00 UTC,MAGMAUSDT,0.446700,0.449510,0.446240,0.446920,0.000210,0.047010,0.049250,0.732035,52.660384,2441,-872,-26.320555,124771.000000,-1622.000000,-1.283299,55883.036760,-461.388880,-0.818872,72086.000000,32295.421700,23587.615060,57.791100,21292200.000000,9511379.682606,-22917.000000,-0.107515,20397.536016,0.214915,0.716700,-0.003600,-0.499792,41.750000,58.250000,0.870100,-0.000600,-0.068910,46.530000,53.470000,0.817200,0.000300,0.036724,44.970000,55.030000,binance_kline_quote_asset_volume,0.000000,0.000000,0.000000,0.000000,OK
217,2026-06-07 19:30:00 UTC,MAGMAUSDT,0.446980,0.449270,0.446050,0.448580,0.001660,0.371431,0.357958,0.720390,55.879539,2849,408,16.714461,102930.000000,-21841.000000,-17.504869,46085.708160,-9797.328600,-17.531847,59626.000000,26699.290120,19386.418040,57.933991,21284991.000000,9512688.177720,-7209.000000,-0.033857,1308.495114,0.013757,0.716100,-0.000600,-0.083717,41.730000,58.270000,0.870400,0.000300,0.034479,46.540000,53.460000,0.816500,-0.000700,-0.085658,44.950000,55.050000,binance_kline_quote_asset_volume,0.000000,0.000000,0.000000,0.000000,OK
218,2026-06-07 19:45:00 UTC,MAGMAUSDT,0.448530,0.449120,0.445790,0.447600,-0.000980,-0.218467,-0.207344,0.742425,53.563792,2758,-91,-3.194103,107803.000000,4873.000000,4.734285,48246.531220,2160.823060,4.688705,66010.000000,29550.506760,18696.024460,61.248977,21292814.000000,9549215.975238,7823.000000,0.036754,36527.797518,0.383990,0.712000,-0.004100,-0.572546,41.590000,58.410000,0.869700,-0.000700,-0.080423,46.510000,53.490000,0.817500,0.001000,0.122474,44.980000,55.020000,binance_kline_quote_asset_volume,0.000000,0.000000,0.000000,0.000000,OK
219,2026-06-07 20:00:00 UTC,MAGMAUSDT,0.447550,0.451150,0.447120,0.447270,-0.000330,-0.073727,-0.062563,0.900458,52.770736,3763,1005,36.439449,214816.000000,107013.000000,99.267182,96492.329630,48245.798410,99.998481,122637.000000,55100.843800,41391.485830,57.103859,21299279.000000,9531850.569174,6465.000000,0.030362,-17365.406064,-0.181852,0.713800,0.001800,0.252809,41.650000,58.350000,0.868100,-0.001600,-0.183971,46.470000,53.530000,0.819800,0.002300,0.281346,45.050000,54.950000,binance_kline_quote_asset_volume,0.000000,0.000000,0.000000,0.000000,OK
220,2026-06-07 20:15:00 UTC,MAGMAUSDT,0.447320,0.448210,0.445840,0.446390,-0.000880,-0.196749,-0.207905,0.529822,50.618474,1892,-1871,-49.720967,79364.000000,-135452.000000,-63.054893,35466.259780,-61026.069850,-63.244478,47200.000000,21092.665200,14373.594580,59.472483,21332760.000000,9541503.565200,33481.000000,0.157193,9652.996026,0.101271,0.715600,0.001800,0.252171,41.710000,58.290000,0.866600,-0.001500,-0.172791,46.430000,53.570000,0.820800,0.001000,0.121981,45.080000,54.920000,binance_kline_quote_asset_volume,0.000000,0.000000,0.000000,0.000000,OK
221,2026-06-07 20:30:00 UTC,MAGMAUSDT,0.446370,0.448810,0.446370,0.447840,0.001450,0.324828,0.329323,0.546632,53.951133,1999,107,5.655391,97739.000000,18375.000000,23.152815,43772.963050,8306.703270,23.421425,66220.000000,29659.324740,14113.638310,67.757179,21323054.000000,9516467.912212,-9706.000000,-0.045498,-25035.652988,-0.262387,0.718200,0.002600,0.363331,41.800000,58.200000,0.866900,0.000300,0.034618,46.440000,53.560000,0.820500,-0.000300,-0.036550,45.070000,54.930000,binance_kline_quote_asset_volume,0.000000,0.000000,0.000000,0.000000,OK
222,2026-06-07 20:45:00 UTC,MAGMAUSDT,0.447780,0.449350,0.446340,0.448330,0.000490,0.109414,0.122828,0.672205,55.055010,1583,-416,-20.810405,48877.000000,-48862.000000,-49.992327,21873.066120,-21899.896930,-50.030648,29555.000000,13221.539610,8651.526510,60.446668,21324220.000000,9549838.684800,1166.000000,0.005468,33370.772588,0.350663,0.716400,-0.001800,-0.250627,41.740000,58.260000,0.867500,0.000600,0.069212,46.450000,53.550000,0.819200,-0.001300,-0.158440,45.030000,54.970000,binance_kline_quote_asset_volume,0.000000,0.000000,0.000000,0.000000,OK
223,2026-06-07 21:00:00 UTC,MAGMAUSDT,0.448480,0.450160,0.446330,0.450010,0.001680,0.374724,0.341152,0.853996,58.709676,2036,453,28.616551,90199.000000,41322.000000,84.542832,40452.509050,18579.442930,84.942106,55433.000000,24878.944350,15573.564700,61.501610,21322153.000000,9559360.854490,-2067.000000,-0.009693,9522.169690,0.099710,0.716400,0.000000,0.000000,41.740000,58.260000,0.867700,0.000200,0.023055,46.460000,53.540000,0.816900,-0.002300,-0.280762,44.960000,55.040000,binance_kline_quote_asset_volume,0.000000,0.000000,0.000000,0.000000,OK
224,2026-06-07 21:15:00 UTC,MAGMAUSDT,0.450040,0.450080,0.447860,0.448110,-0.001900,-0.422213,-0.428851,0.493289,53.419221,816,-1220,-59.921415,54737.000000,-35462.000000,-39.315292,24588.413140,-15864.095910,-39.216593,30737.000000,13807.370380,10781.042760,56.153971,21334983.000000,9598441.798783,12830.000000,0.060172,39080.944293,0.408824,0.710300,-0.006100,-0.851480,41.530000,58.470000,0.866300,-0.001400,-0.161346,46.420000,53.580000,0.813200,-0.003700,-0.452932,44.850000,55.150000,binance_kline_quote_asset_volume,0.000000,0.000000,0.000000,0.000000,OK
225,2026-06-07 21:30:00 UTC,MAGMAUSDT,0.448110,0.448270,0.442130,0.443380,-0.004730,-1.055544,-1.055544,1.370199,43.024914,1660,844,103.431373,174940.000000,120203.000000,219.601001,77930.455520,53342.042380,216.939752,38593.000000,17210.840600,60719.614920,22.084871,21338579.000000,9562030.635690,3596.000000,0.016855,-36411.163093,-0.379345,0.713800,0.003500,0.492750,41.650000,58.350000,0.866600,0.000300,0.034630,46.430000,53.570000,0.818200,0.005000,0.614855,45.000000,55.000000,binance_kline_quote_asset_volume,0.000000,0.000000,0.000000,0.000000,OK
226,2026-06-07 21:45:00 UTC,MAGMAUSDT,0.443380,0.445260,0.443250,0.444670,0.001290,0.290947,0.290947,0.453336,46.104979,1354,-306,-18.433735,46834.000000,-128106.000000,-73.228535,20801.527680,-57128.927840,-73.307576,31332.000000,13918.466520,6883.061160,66.910790,21310178.000000,9444955.593578,-28401.000000,-0.133097,-117075.042112,-1.224374,0.717900,0.004100,0.574391,41.790000,58.210000,0.865900,-0.000700,-0.080775,46.410000,53.590000,0.822800,0.004600,0.562210,45.140000,54.860000,binance_kline_quote_asset_volume,0.000000,0.000000,0.000000,0.000000,OK
227,2026-06-07 22:00:00 UTC,MAGMAUSDT,0.444670,0.444920,0.441580,0.443700,-0.000970,-0.218139,-0.218139,0.751119,44.171311,3764,2410,177.991137,193908.000000,147074.000000,314.032540,85915.014440,65113.486760,313.022619,92980.000000,41213.170910,44701.843530,47.969696,21298026.000000,9467379.349297,-12152.000000,-0.057024,22423.755719,0.237415,0.714400,-0.003500,-0.487533,41.670000,58.330000,0.866500,0.000600,0.069292,46.420000,53.580000,0.816200,-0.006600,-0.802139,44.940000,55.060000,binance_kline_quote_asset_volume,0.000000,0.000000,0.000000,0.000000,OK
228,2026-06-07 22:15:00 UTC,MAGMAUSDT,0.443800,0.449940,0.443680,0.449670,0.005970,1.345504,1.322668,1.410545,56.315067,3482,-282,-7.492030,142026.000000,-51882.000000,-26.755987,63392.682800,-22522.331640,-26.214663,76727.000000,34245.138740,29147.544060,54.020649,21270736.000000,9434383.958115,-27290.000000,-0.128134,-32995.391181,-0.348517,0.716400,0.002000,0.279955,41.740000,58.260000,0.868000,0.001500,0.173110,46.470000,53.530000,0.815500,-0.000700,-0.085763,44.920000,55.080000,binance_kline_quote_asset_volume,0.000000,0.000000,0.000000,0.000000,OK
229,2026-06-07 22:30:00 UTC,MAGMAUSDT,0.449680,0.449750,0.446980,0.447280,-0.002390,-0.531501,-0.533713,0.615994,51.486714,2545,-937,-26.909822,96173.000000,-45853.000000,-32.284934,43101.585740,-20291.097060,-32.008579,46112.000000,20663.382470,22438.203270,47.941119,21240434.000000,9546893.265069,-30302.000000,-0.142459,112509.306953,1.192545,0.711400,-0.005000,-0.697934,41.570000,58.430000,0.867900,-0.000100,-0.011521,46.460000,53.540000,0.811600,-0.003900,-0.478234,44.800000,55.200000,binance_kline_quote_asset_volume,0.000000,0.000000,0.000000,0.000000,OK
230,2026-06-07 22:45:00 UTC,MAGMAUSDT,0.447330,0.448570,0.446000,0.446350,-0.000930,-0.207923,-0.219078,0.574520,49.701010,1860,-685,-26.915521,65514.000000,-30659.000000,-31.879010,29298.676110,-13802.909630,-32.024134,25284.000000,11306.787720,17991.888390,38.591463,21224148.000000,9493136.917440,-16286.000000,-0.076675,-53756.347629,-0.563077,0.708800,-0.002600,-0.365477,41.480000,58.520000,0.868100,0.000200,0.023044,46.470000,53.530000,0.810900,-0.000700,-0.086249,44.780000,55.220000,binance_kline_quote_asset_volume,0.000000,0.000000,0.000000,0.000000,OK
231,2026-06-07 23:00:00 UTC,MAGMAUSDT,0.446280,0.449470,0.445820,0.448910,0.002560,0.573541,0.589316,0.817872,54.390359,2692,832,44.731183,83362.000000,17848.000000,27.243032,37331.972430,8033.296320,27.418632,45252.000000,20266.944110,17065.028320,54.288436,21208345.000000,9463346.779101,-15803.000000,-0.074458,-29790.138339,-0.313807,0.708200,-0.000600,-0.084650,41.460000,58.540000,0.869100,0.001000,0.115194,46.500000,53.500000,0.812300,0.001400,0.172648,44.820000,55.180000,binance_kline_quote_asset_volume,0.000000,0.000000,0.000000,0.000000,OK
232,2026-06-07 23:15:00 UTC,MAGMAUSDT,0.448840,0.450730,0.448560,0.449580,0.000670,0.149250,0.164869,0.483468,55.558150,2053,-639,-23.736999,85143.000000,1781.000000,2.136465,38283.769200,951.796770,2.549549,57118.000000,25684.086680,12599.682520,67.088709,21200356.000000,9513155.822538,-7989.000000,-0.037669,49809.043437,0.526336,0.709700,0.001500,0.211805,41.510000,58.490000,0.869900,0.000800,0.092049,46.520000,53.480000,0.813600,0.001300,0.160039,44.860000,55.140000,binance_kline_quote_asset_volume,0.000000,0.000000,0.000000,0.000000,OK
233,2026-06-07 23:30:00 UTC,MAGMAUSDT,0.449600,0.449740,0.443720,0.444110,-0.005470,-1.216691,-1.221085,1.338968,45.349314,2659,606,29.517779,105823.000000,20680.000000,24.288550,47187.523350,8903.754150,23.257256,34874.000000,15523.784980,31663.738370,32.898071,21191687.000000,9521495.749335,-8669.000000,-0.040891,8339.926797,0.087667,0.711200,0.001500,0.211357,41.560000,58.440000,0.870600,0.000700,0.080469,46.540000,53.460000,0.813200,-0.000400,-0.049164,44.850000,55.150000,binance_kline_quote_asset_volume,0.000000,0.000000,0.000000,0.000000,OK
234,2026-06-07 23:45:00 UTC,MAGMAUSDT,0.444080,0.446110,0.443060,0.445200,0.001090,0.245435,0.252207,0.686813,47.422564,2141,-518,-19.481008,68729.000000,-37094.000000,-35.052871,30583.198310,-16604.325040,-35.187956,38170.000000,16986.698020,13596.500290,55.542582,21169829.000000,9400885.964030,-21858.000000,-0.103144,-120609.785305,-1.266710,0.714400,0.003200,0.449944,41.670000,58.330000,0.870100,-0.000500,-0.057432,46.530000,53.470000,0.817500,0.004300,0.528775,44.980000,55.020000,binance_kline_quote_asset_volume,0.000000,0.000000,0.000000,0.000000,OK
235,2026-06-08 00:00:00 UTC,MAGMAUSDT,0.445160,0.451110,0.445160,0.448790,0.003590,0.806379,0.815437,1.336598,53.658211,3401,1260,58.851004,123965.000000,55236.000000,80.367821,55539.494100,24956.295790,81.601327,64525.000000,28915.936850,26623.557250,52.063738,21156514.000000,9413196.758444,-13315.000000,-0.062896,12310.794414,0.130954,0.707100,-0.007300,-1.021837,41.420000,58.580000,0.870700,0.000600,0.068958,46.550000,53.450000,0.815200,-0.002300,-0.281346,44.910000,55.090000,binance_kline_quote_asset_volume,0.000000,0.000000,0.000000,0.000000,OK
236,2026-06-08 00:15:00 UTC,MAGMAUSDT,0.448780,0.448860,0.443200,0.444510,-0.004280,-0.953675,-0.951468,1.261197,46.567369,3192,-209,-6.145251,127405.000000,3440.000000,2.774977,56838.305940,1298.811840,2.338537,45448.000000,20267.563500,36570.742440,35.658282,21162418.000000,9494202.880799,5904.000000,0.027906,81006.122355,0.860559,0.709700,0.002600,0.367699,41.510000,58.490000,0.871600,0.000900,0.103365,46.570000,53.430000,0.813200,-0.002000,-0.245339,44.850000,55.150000,binance_kline_quote_asset_volume,0.000000,0.000000,0.000000,0.000000,OK
237,2026-06-08 00:30:00 UTC,MAGMAUSDT,0.444500,0.448200,0.444500,0.446690,0.002180,0.490428,0.492688,0.832396,50.178753,2785,-407,-12.750627,106064.000000,-21341.000000,-16.750520,47386.598430,-9451.707510,-16.629115,56559.000000,25267.782920,22118.815510,53.322635,21135457.000000,9392990.210300,-26961.000000,-0.127400,-101212.670499,-1.066047,0.714100,0.004400,0.619980,41.660000,58.340000,0.870900,-0.000700,-0.080312,46.550000,53.450000,0.819500,0.006300,0.774717,45.040000,54.960000,binance_kline_quote_asset_volume,0.000000,0.000000,0.000000,0.000000,OK
238,2026-06-08 00:45:00 UTC,MAGMAUSDT,0.446720,0.447310,0.445230,0.446010,-0.000680,-0.152231,-0.158936,0.465616,49.064781,1840,-945,-33.931777,54385.000000,-51679.000000,-48.724355,24276.654670,-23109.943760,-48.768944,22253.000000,9933.710100,14342.944570,40.918777,21140509.000000,9443811.440432,5052.000000,0.023903,50821.230132,0.541055,0.717900,0.003800,0.532138,41.790000,58.210000,0.872100,0.001200,0.137788,46.580000,53.420000,0.818200,-0.001300,-0.158633,45.000000,55.000000,binance_kline_quote_asset_volume,0.000000,0.000000,0.000000,0.000000,OK
239,2026-06-08 01:00:00 UTC,MAGMAUSDT,0.446010,0.447600,0.444070,0.445710,-0.000300,-0.067263,-0.067263,0.791462,48.552670,2637,797,43.315217,111328.000000,56943.000000,104.703503,49614.632320,25337.977650,104.371784,66958.000000,29831.824160,19782.808160,60.127069,21136169.000000,9426205.717477,-4340.000000,-0.020529,-17605.722955,-0.186426,0.720600,0.002700,0.376097,41.880000,58.120000,0.872100,0.000000,0.000000,46.580000,53.420000,0.817500,-0.000700,-0.085554,44.980000,55.020000,binance_kline_quote_asset_volume,0.000000,0.000000,0.000000,0.000000,OK
240,2026-06-08 01:15:00 UTC,MAGMAUSDT,0.445710,0.445770,0.414910,0.434870,-0.010840,-2.432075,-2.432075,6.923785,34.528782,16406,13769,522.146378,1745134.000000,1633806.000000,1467.560721,753058.379090,703443.746770,1417.815096,624153.000000,270005.698880,483052.680210,35.854551,21137949.000000,9419506.150288,1780.000000,0.008422,-6699.567189,-0.071074,0.717000,-0.003600,-0.499584,41.760000,58.240000,0.870200,-0.001900,-0.217865,46.530000,53.470000,0.815500,-0.002000,-0.244648,44.920000,55.080000,binance_kline_quote_asset_volume,0.000000,0.000000,0.000000,0.000000,OK
241,2026-06-08 01:30:00 UTC,MAGMAUSDT,0.434880,0.435580,0.430220,0.431380,-0.003490,-0.802539,-0.804820,1.232524,31.385620,5023,-11383,-69.383153,212107.000000,-1533027.000000,-87.845804,91737.587550,-661320.791540,-87.817998,86919.000000,37587.310370,54150.277180,40.972639,20938059.000000,9102474.206612,-199890.000000,-0.945645,-317031.943675,-3.365696,0.725900,0.008900,1.241283,42.060000,57.940000,0.865200,-0.005000,-0.574581,46.390000,53.610000,0.815200,-0.000300,-0.036787,44.910000,55.090000,binance_kline_quote_asset_volume,0.000000,0.000000,0.000000,0.000000,OK
242,2026-06-08 01:45:00 UTC,MAGMAUSDT,0.431380,0.437020,0.431090,0.436140,0.004760,1.103435,1.103435,1.374658,39.477816,5902,879,17.499502,286801.000000,74694.000000,35.215245,124370.974110,32633.386560,35.572536,151699.000000,65774.034340,58596.939770,52.885358,20923834.000000,9025077.319220,-14225.000000,-0.067938,-77396.887392,-0.850284,0.724100,-0.001800,-0.247968,42.000000,58.000000,0.867700,0.002500,0.288951,46.460000,53.540000,0.813600,-0.001600,-0.196271,44.860000,55.140000,binance_kline_quote_asset_volume,0.000000,0.000000,0.000000,0.000000,OK
243,2026-06-08 02:00:00 UTC,MAGMAUSDT,0.436220,0.436220,0.430910,0.434800,-0.001340,-0.307241,-0.325524,1.217276,38.115022,7669,1767,29.939004,367527.000000,80726.000000,28.147043,159131.895210,34760.921100,27.949384,197469.000000,85502.933580,73628.961630,53.730859,20957694.000000,9137554.584000,33860.000000,0.161825,112477.264780,1.246275,0.728000,0.003900,0.538600,42.130000,57.870000,0.868200,0.000500,0.057624,46.470000,53.530000,0.811900,-0.001700,-0.208948,44.810000,55.190000,binance_kline_quote_asset_volume,0.000000,0.000000,0.000000,0.000000,OK
244,2026-06-08 02:15:00 UTC,MAGMAUSDT,0.434750,0.445940,0.432070,0.437470,0.002670,0.614075,0.625647,3.190339,42.382968,8741,1072,13.978354,464906.000000,97379.000000,26.495740,203269.624400,44137.729190,27.736570,290134.000000,126955.412530,76314.211870,62.456657,20960437.000000,9110873.150790,2743.000000,0.013088,-26681.433210,-0.291998,0.719400,-0.008600,-1.181319,41.840000,58.160000,0.858200,-0.010000,-1.151808,46.190000,53.810000,0.805400,-0.006500,-0.800591,44.610000,55.390000,binance_kline_quote_asset_volume,0.000000,0.000000,0.000000,0.000000,OK
245,2026-06-08 02:30:00 UTC,MAGMAUSDT,0.437400,0.441260,0.435980,0.436380,-0.001090,-0.249160,-0.233196,1.207133,41.135720,4941,-3800,-43.473287,198213.000000,-266693.000000,-57.364930,86972.985510,-116296.638890,-57.212994,85822.000000,37668.608800,49304.376710,43.310700,20951837.000000,9155157.437267,-8600.000000,-0.041030,44284.286477,0.486060,0.713200,-0.006200,-0.861829,41.630000,58.370000,0.855600,-0.002600,-0.302960,46.110000,53.890000,0.801200,-0.004200,-0.521480,44.480000,55.520000,binance_kline_quote_asset_volume,0.000000,0.000000,0.000000,0.000000,OK
246,2026-06-08 02:45:00 UTC,MAGMAUSDT,0.436370,0.437650,0.433170,0.434170,-0.002210,-0.506439,-0.504159,1.026652,38.652102,3122,-1819,-36.814410,176251.000000,-21962.000000,-11.080000,76728.856580,-10244.128930,-11.778518,104307.000000,45426.812530,31302.044050,59.204339,20986077.000000,9155405.888793,34240.000000,0.163422,248.451526,0.002714,0.712000,-0.001200,-0.168256,41.590000,58.410000,0.855000,-0.000600,-0.070126,46.090000,53.910000,0.801800,0.000600,0.074888,44.500000,55.500000,binance_kline_quote_asset_volume,0.000000,0.000000,0.000000,0.000000,OK
247,2026-06-08 03:00:00 UTC,MAGMAUSDT,0.434170,0.440370,0.431970,0.439410,0.005240,1.206901,1.206901,1.934726,46.846570,5498,2376,76.105061,271784.000000,95533.000000,54.202813,118586.358460,41857.501880,54.552490,149235.000000,65176.463730,53409.894730,54.961182,20964922.000000,9102238.924167,-21155.000000,-0.100805,-53166.964626,-0.580717,0.713800,0.001800,0.252809,41.650000,58.350000,0.851200,-0.003800,-0.444444,45.980000,54.020000,0.799900,-0.001900,-0.236967,44.440000,55.560000,binance_kline_quote_asset_volume,0.000000,0.000000,0.000000,0.000000,OK
248,2026-06-08 03:15:00 UTC,MAGMAUSDT,0.439420,0.444170,0.436180,0.437600,-0.001810,-0.411916,-0.414182,1.818306,44.629035,4401,-1097,-19.952710,183434.000000,-88350.000000,-32.507432,80679.388650,-37906.969810,-31.965709,76981.000000,33863.364060,46816.024590,41.972757,20973629.000000,9210561.624844,8707.000000,0.041531,108322.700677,1.190067,0.710000,-0.003800,-0.532362,41.520000,58.480000,0.853900,0.002700,0.317199,46.060000,53.940000,0.791800,-0.008100,-1.012627,44.190000,55.810000,binance_kline_quote_asset_volume,0.000000,0.000000,0.000000,0.000000,OK
249,2026-06-08 03:30:00 UTC,MAGMAUSDT,0.437680,0.442400,0.437680,0.439470,0.001870,0.427331,0.408975,1.078413,47.399364,4014,-387,-8.793456,174949.000000,-8485.000000,-4.625642,76934.039400,-3745.349250,-4.642263,85664.000000,37663.245220,39270.794180,48.955242,20957418.000000,9170966.116800,-16211.000000,-0.077292,-39595.508044,-0.429892,0.707700,-0.002300,-0.323944,41.440000,58.560000,0.853900,0.000000,0.000000,46.060000,53.940000,0.794000,0.002200,0.277848,44.260000,55.740000,binance_kline_quote_asset_volume,0.000000,0.000000,0.000000,0.000000,OK
250,2026-06-08 03:45:00 UTC,MAGMAUSDT,0.439450,0.441360,0.437100,0.439790,0.000320,0.072815,0.077369,0.969394,47.879924,2628,-1386,-34.529148,109202.000000,-65747.000000,-37.580666,47958.887410,-28975.151990,-37.662330,56669.000000,24897.464480,23061.422930,51.914183,20937748.000000,9200262.758137,-19670.000000,-0.093857,29296.641337,0.319450,0.703600,-0.004100,-0.579342,41.300000,58.700000,0.853200,-0.000700,-0.081977,46.040000,53.960000,0.788900,-0.005100,-0.642317,44.100000,55.900000,binance_kline_quote_asset_volume,0.000000,0.000000,0.000000,0.000000,OK
251,2026-06-08 04:00:00 UTC,MAGMAUSDT,0.439820,0.442870,0.438590,0.440070,0.000280,0.063667,0.056841,0.973125,48.324792,3650,1022,38.888889,130188.000000,20986.000000,19.217597,57350.876360,9391.988950,19.583417,73430.000000,32333.883740,25016.992620,56.379058,20926860.000000,9194425.209600,-10888.000000,-0.052002,-5837.548537,-0.063450,0.698400,-0.005200,-0.739056,41.120000,58.880000,0.851100,-0.002100,-0.246132,45.980000,54.020000,0.790500,0.001600,0.202814,44.150000,55.850000,binance_kline_quote_asset_volume,0.000000,0.000000,0.000000,0.000000,OK
252,2026-06-08 04:15:00 UTC,MAGMAUSDT,0.440080,0.443700,0.439860,0.442630,0.002560,0.581726,0.579440,0.872569,52.330962,2805,-845,-23.150685,103046.000000,-27142.000000,-20.848312,45475.332970,-11875.543390,-20.706821,62606.000000,27628.750740,17846.582230,60.755467,20926216.000000,9205967.666422,-644.000000,-0.003077,11542.456822,0.125538,0.697500,-0.000900,-0.128866,41.090000,58.910000,0.851600,0.000500,0.058748,45.990000,54.010000,0.790200,-0.000300,-0.037951,44.140000,55.860000,binance_kline_quote_asset_volume,0.000000,0.000000,0.000000,0.000000,OK
253,2026-06-08 04:30:00 UTC,MAGMAUSDT,0.442560,0.443070,0.439280,0.440890,-0.001740,-0.393105,-0.377350,0.856381,49.520816,2388,-417,-14.866310,90226.000000,-12820.000000,-12.441046,39830.265830,-5645.067140,-12.413471,33958.000000,14994.571740,24835.694090,37.646175,20921892.000000,9255950.257917,-4324.000000,-0.020663,49982.591495,0.542937,0.695200,-0.002300,-0.329749,41.010000,58.990000,0.851300,-0.000300,-0.035228,45.980000,54.020000,0.787900,-0.002300,-0.291066,44.070000,55.930000,binance_kline_quote_asset_volume,0.000000,0.000000,0.000000,0.000000,OK
254,2026-06-08 04:45:00 UTC,MAGMAUSDT,0.440920,0.440920,0.434010,0.436590,-0.004300,-0.975300,-0.982038,1.567178,43.328567,4472,2084,87.269682,252525.000000,162299.000000,179.880522,110460.127430,70629.861600,177.327116,93605.000000,40990.039440,69470.087990,37.108448,20903261.000000,9216038.742290,-18631.000000,-0.089050,-39911.515627,-0.431198,0.697200,0.002000,0.287687,41.080000,58.920000,0.851100,-0.000200,-0.023493,45.980000,54.020000,0.790500,0.002600,0.329991,44.150000,55.850000,binance_kline_quote_asset_volume,0.000000,0.000000,0.000000,0.000000,OK
255,2026-06-08 05:00:00 UTC,MAGMAUSDT,0.436750,0.437760,0.433810,0.436990,0.000400,0.091619,0.054951,0.904408,44.029691,2990,-1482,-33.139535,159168.000000,-93357.000000,-36.969409,69378.046520,-41082.080910,-37.191774,70533.000000,30766.267040,38611.779480,44.345825,20862180.000000,9109888.140600,-41081.000000,-0.196529,-106150.601690,-1.151803,0.706500,0.009300,1.333907,41.400000,58.600000,0.848700,-0.002400,-0.281988,45.910000,54.090000,0.801800,0.011300,1.429475,44.500000,55.500000,binance_kline_quote_asset_volume,0.000000,0.000000,0.000000,0.000000,OK
256,2026-06-08 05:15:00 UTC,MAGMAUSDT,0.436970,0.440600,0.436050,0.440150,0.003160,0.723129,0.727739,1.041261,49.359816,2424,-566,-18.929766,86100.000000,-73068.000000,-45.906212,37751.375180,-31626.671340,-45.585993,62323.000000,27325.231440,10426.143740,72.382082,20855901.000000,9113820.177990,-6279.000000,-0.030098,3932.037390,0.043162,0.703000,-0.003500,-0.495400,41.280000,58.720000,0.847400,-0.001300,-0.153175,45.870000,54.130000,0.792400,-0.009400,-1.172362,44.210000,55.790000,binance_kline_quote_asset_volume,0.000000,0.000000,0.000000,0.000000,OK
257,2026-06-08 05:30:00 UTC,MAGMAUSDT,0.440160,0.445810,0.439860,0.444870,0.004720,1.072362,1.070065,1.351781,56.086719,3399,975,40.222772,159795.000000,73695.000000,85.592334,70758.779490,33007.404310,87.433648,112298.000000,49727.737920,21031.041570,70.277834,20843940.000000,9170660.757617,-11961.000000,-0.057351,56840.579627,0.623675,0.701000,-0.002000,-0.284495,41.210000,58.790000,0.846300,-0.001100,-0.129809,45.840000,54.160000,0.791500,-0.000900,-0.113579,44.180000,55.820000,binance_kline_quote_asset_volume,0.000000,0.000000,0.000000,0.000000,OK
258,2026-06-08 05:45:00 UTC,MAGMAUSDT,0.444790,0.449310,0.444720,0.448940,0.004070,0.914874,0.933025,1.031948,60.908815,4103,704,20.711974,174554.000000,14759.000000,9.236209,78108.078140,7349.298650,10.386412,109445.000000,48989.933540,29118.144600,62.720700,20846509.000000,9272527.203200,2569.000000,0.012325,101866.445583,1.110786,0.693500,-0.007500,-1.069900,40.950000,59.050000,0.843300,-0.003000,-0.354484,45.750000,54.250000,0.783800,-0.007700,-0.972836,43.940000,56.060000,binance_kline_quote_asset_volume,0.000000,0.000000,0.000000,0.000000,OK
259,2026-06-08 06:00:00 UTC,MAGMAUSDT,0.448940,0.458230,0.447080,0.450320,0.001380,0.307391,0.307391,2.483628,62.415819,9667,5564,135.608092,566313.000000,391759.000000,224.434272,255902.611440,177794.533300,227.626306,365810.000000,165331.585120,90571.026320,64.607229,20860655.000000,9361021.172241,14146.000000,0.067858,88493.969041,0.954367,0.693800,0.000300,0.043259,40.960000,59.040000,0.842800,-0.000500,-0.059291,45.740000,54.260000,0.788600,0.004800,0.612401,44.090000,55.910000,binance_kline_quote_asset_volume,0.000000,0.000000,0.000000,0.000000,OK
260,2026-06-08 06:15:00 UTC,MAGMAUSDT,0.450320,0.454500,0.446110,0.450000,-0.000320,-0.071061,-0.071061,1.863120,61.820671,5651,-4016,-41.543395,279454.000000,-286859.000000,-50.653790,125809.624540,-130092.986900,-50.836913,165047.000000,74335.321720,51474.302820,59.085560,20837288.000000,9383844.899242,-23367.000000,-0.112015,22823.727002,0.243817,0.690300,-0.003500,-0.504468,40.840000,59.160000,0.844800,0.002000,0.237304,45.790000,54.210000,0.801200,0.012600,1.597768,44.480000,55.520000,binance_kline_quote_asset_volume,0.000000,0.000000,0.000000,0.000000,OK
261,2026-06-08 06:30:00 UTC,MAGMAUSDT,0.449980,0.451040,0.446100,0.446470,-0.003530,-0.784444,-0.780035,1.097827,55.530386,3690,-1961,-34.701823,166336.000000,-113118.000000,-40.478218,74670.142480,-51139.482060,-40.648307,81936.000000,36830.752910,37839.389570,49.324605,20830761.000000,9376118.627254,-6527.000000,-0.031324,-7726.271988,-0.082336,0.698400,0.008100,1.173403,41.120000,58.880000,0.842500,-0.002300,-0.272254,45.720000,54.280000,0.809000,0.007800,0.973540,44.720000,55.280000,binance_kline_quote_asset_volume,0.000000,0.000000,0.000000,0.000000,OK
262,2026-06-08 06:45:00 UTC,MAGMAUSDT,0.446470,0.450940,0.446140,0.450340,0.003870,0.866800,0.866800,1.075100,60.299655,3723,33,0.894309,144215.000000,-22121.000000,-13.298985,64755.264090,-9914.878390,-13.278237,98061.000000,44043.368600,20711.895490,68.015117,20801960.000000,9287074.357704,-28801.000000,-0.138262,-89044.269550,-0.949692,0.703300,0.004900,0.701604,41.290000,58.710000,0.844800,0.002300,0.272997,45.790000,54.210000,0.816200,0.007200,0.889988,44.940000,55.060000,binance_kline_quote_asset_volume,0.000000,0.000000,0.000000,0.000000,OK
263,2026-06-08 07:00:00 UTC,MAGMAUSDT,0.450260,0.453760,0.448580,0.449130,-0.001210,-0.268686,-0.250966,1.150446,58.198027,5287,1564,42.009132,225678.000000,81463.000000,56.487189,101651.260260,36895.996170,56.977601,151640.000000,68306.421210,33344.839050,67.196827,20790737.000000,9362246.631901,-11223.000000,-0.053952,75172.274197,0.809429,0.699500,-0.003800,-0.540310,41.160000,58.840000,0.846400,0.001600,0.189394,45.840000,54.160000,0.808000,-0.008200,-1.004656,44.690000,55.310000,binance_kline_quote_asset_volume,0.000000,0.000000,0.000000,0.000000,OK
264,2026-06-08 07:15:00 UTC,MAGMAUSDT,0.449120,0.449580,0.442000,0.442140,-0.006990,-1.556342,-1.554150,1.687745,47.827612,4653,-634,-11.991678,232616.000000,6938.000000,3.074292,103600.607140,1949.346880,1.917681,114663.000000,51090.165420,52510.441720,49.314542,20750430.000000,9325641.650256,-40307.000000,-0.193870,-36604.981645,-0.390985,0.700100,0.000600,0.085776,41.180000,58.820000,0.847900,0.001500,0.177221,45.880000,54.120000,0.809000,0.001000,0.123762,44.720000,55.280000,binance_kline_quote_asset_volume,0.000000,0.000000,0.000000,0.000000,OK
265,2026-06-08 07:30:00 UTC,MAGMAUSDT,0.442150,0.445910,0.437900,0.444190,0.002050,0.463654,0.461382,1.811602,50.607397,5655,1002,21.534494,259525.000000,26909.000000,11.567992,114637.332750,11036.725610,10.653148,152533.000000,67414.449170,47222.883580,58.806715,20665045.000000,9139942.753050,-85385.000000,-0.411485,-185698.897206,-1.991272,0.700700,0.000600,0.085702,41.200000,58.800000,0.843700,-0.004200,-0.495341,45.760000,54.240000,0.810600,0.001600,0.197775,44.770000,55.230000,binance_kline_quote_asset_volume,0.000000,0.000000,0.000000,0.000000,OK
266,2026-06-08 07:45:00 UTC,MAGMAUSDT,0.444190,0.448790,0.443320,0.448320,0.004130,0.929782,0.929782,1.231455,55.725457,3988,-1667,-29.478338,153174.000000,-106351.000000,-40.979096,68390.636030,-46246.696720,-40.341742,89817.000000,40104.785370,28285.850660,58.640755,20636279.000000,9166428.769010,-28766.000000,-0.139201,26486.015960,0.289783,0.699800,-0.000900,-0.128443,41.170000,58.830000,0.837800,-0.005900,-0.699301,45.590000,54.410000,0.802100,-0.008500,-1.048606,44.510000,55.490000,binance_kline_quote_asset_volume,0.000000,0.000000,0.000000,0.000000,OK
267,2026-06-08 08:00:00 UTC,MAGMAUSDT,0.448340,0.448340,0.441750,0.443090,-0.005230,-1.166577,-1.170986,1.469867,48.825777,4140,152,3.811434,158264.000000,5090.000000,3.323018,70444.187330,2053.551300,3.002679,68293.000000,30401.412120,40042.775210,43.156736,20647478.000000,9256677.336960,11199.000000,0.054269,90248.567950,0.984555,0.694600,-0.005200,-0.743069,40.990000,59.010000,0.837500,-0.000300,-0.035808,45.580000,54.420000,0.797600,-0.004500,-0.561027,44.370000,55.630000,binance_kline_quote_asset_volume,0.000000,0.000000,0.000000,0.000000,OK
268,2026-06-08 08:15:00 UTC,MAGMAUSDT,0.443050,0.444180,0.440220,0.441600,-0.001490,-0.336275,-0.327277,0.893804,47.038872,2199,-1941,-46.884058,77314.000000,-80950.000000,-51.148714,34169.908360,-36274.278970,-51.493644,48478.000000,21423.066870,12746.841490,62.695711,20611113.000000,9131622.940194,-36365.000000,-0.176123,-125054.396766,-1.350964,0.695500,0.000900,0.129571,41.020000,58.980000,0.837100,-0.000400,-0.047761,45.570000,54.430000,0.800500,0.002900,0.363591,44.460000,55.540000,binance_kline_quote_asset_volume,0.000000,0.000000,0.000000,0.000000,OK
269,2026-06-08 08:30:00 UTC,MAGMAUSDT,0.441600,0.441600,0.437760,0.437840,-0.003760,-0.851449,-0.851449,0.869565,42.783701,1247,-952,-43.292406,83050.000000,5736.000000,7.419096,36477.721200,2307.812840,6.753933,41218.000000,18107.642870,18370.078330,49.640280,20593178.000000,9095157.665871,-17935.000000,-0.087016,-36465.274323,-0.399330,0.701300,0.005800,0.833932,41.220000,58.780000,0.837300,0.000200,0.023892,45.570000,54.430000,0.803100,0.002600,0.324797,44.540000,55.460000,binance_kline_quote_asset_volume,0.000000,0.000000,0.000000,0.000000,OK
270,2026-06-08 08:45:00 UTC,MAGMAUSDT,0.437760,0.438730,0.433390,0.433650,-0.004190,-0.956971,-0.938871,1.219846,38.593934,1677,430,34.482759,160011.000000,76961.000000,92.668272,69784.332090,33306.610890,91.306720,65720.000000,28677.787190,41106.544900,41.094880,20573370.000000,9007844.320800,-19808.000000,-0.096187,-87313.345071,-0.959998,0.703300,0.002000,0.285185,41.290000,58.710000,0.838300,0.001000,0.119432,45.600000,54.400000,0.805100,0.002000,0.249035,44.600000,55.400000,binance_kline_quote_asset_volume,0.000000,0.000000,0.000000,0.000000,OK
271,2026-06-08 09:00:00 UTC,MAGMAUSDT,0.433470,0.433990,0.429730,0.433800,0.000150,0.034590,0.076130,0.982767,38.824900,2176,499,29.755516,241092.000000,81081.000000,50.672141,104124.271920,34339.939830,49.208667,127078.000000,54894.726060,49229.545860,52.720394,20528740.000000,8902493.388400,-44630.000000,-0.216931,-105350.932400,-1.169547,0.705600,0.002300,0.327030,41.370000,58.630000,0.837600,-0.000700,-0.083502,45.580000,54.420000,0.806000,0.000900,0.111787,44.630000,55.370000,binance_kline_quote_asset_volume,0.000000,0.000000,0.000000,0.000000,OK
272,2026-06-08 09:15:00 UTC,MAGMAUSDT,0.433920,0.433920,0.423860,0.429210,-0.004590,-1.058091,-1.085454,2.318400,34.543293,3675,1499,68.887868,275956.000000,34864.000000,14.460870,118072.187910,13947.915990,13.395451,100679.000000,43114.303450,74957.884460,36.515207,20493436.000000,8883312.450634,-35304.000000,-0.171974,-19180.937766,-0.215456,0.706500,0.000900,0.127551,41.400000,58.600000,0.836100,-0.001500,-0.179083,45.540000,54.460000,0.803100,-0.002900,-0.359801,44.540000,55.460000,binance_kline_quote_asset_volume,0.000000,0.000000,0.000000,0.000000,OK
273,2026-06-08 09:30:00 UTC,MAGMAUSDT,0.429230,0.431950,0.429050,0.430620,0.001410,0.328511,0.323836,0.675628,36.847278,2983,-692,-18.829932,132381.000000,-143575.000000,-52.028222,57014.355350,-61057.832560,-51.712290,82885.000000,35694.516410,21319.838940,62.606191,20456630.000000,8771604.514689,-36806.000000,-0.179599,-111707.935945,-1.257503,0.706200,-0.000300,-0.042463,41.390000,58.610000,0.830400,-0.005700,-0.681737,45.370000,54.630000,0.807000,0.003900,0.485618,44.660000,55.340000,binance_kline_quote_asset_volume,0.000000,0.000000,0.000000,0.000000,OK
274,2026-06-08 09:45:00 UTC,MAGMAUSDT,0.430610,0.431830,0.422530,0.423650,-0.006970,-1.618596,-1.616312,2.159727,31.032416,4644,1661,55.682199,297845.000000,165464.000000,124.990746,126988.692000,69974.336650,122.731085,97684.000000,41724.293510,85264.398490,32.856700,20443771.000000,8803496.668020,-12859.000000,-0.062860,31892.153331,0.363584,0.699200,-0.007000,-0.991221,41.150000,58.850000,0.828400,-0.002000,-0.240848,45.310000,54.690000,0.801200,-0.005800,-0.718711,44.480000,55.520000,binance_kline_quote_asset_volume,0.000000,0.000000,0.000000,0.000000,OK
275,2026-06-08 10:00:00 UTC,MAGMAUSDT,0.423540,0.426060,0.420400,0.425040,0.001390,0.328101,0.354158,1.336355,33.293259,5451,807,17.377261,230660.000000,-67185.000000,-22.557035,97687.242900,-29301.449100,-23.074062,133415.000000,56520.999730,41166.243170,57.859141,20447125.000000,8662424.506250,3354.000000,0.016406,-141072.161770,-1.602456,0.705000,0.005800,0.829519,41.350000,58.650000,0.825400,-0.003000,-0.362144,45.220000,54.780000,0.812300,0.011100,1.385422,44.820000,55.180000,binance_kline_quote_asset_volume,0.000000,0.000000,0.000000,0.000000,OK
276,2026-06-08 10:15:00 UTC,MAGMAUSDT,0.425040,0.426580,0.420100,0.420890,-0.004150,-0.976379,-0.976379,1.524562,30.118725,2998,-2453,-45.000917,129407.000000,-101253.000000,-43.897078,54760.724930,-42926.517970,-43.942808,51472.000000,21782.150550,32978.574380,39.776958,20442774.000000,8687974.522260,-4351.000000,-0.021279,25550.016010,0.294952,0.699200,-0.005800,-0.822695,41.150000,58.850000,0.823600,-0.001800,-0.218076,45.160000,54.840000,0.799200,-0.013100,-1.612705,44.420000,55.580000,binance_kline_quote_asset_volume,0.000000,0.000000,0.000000,0.000000,OK
277,2026-06-08 10:30:00 UTC,MAGMAUSDT,0.420910,0.423500,0.418410,0.420320,-0.000570,-0.135427,-0.140172,1.209285,29.699845,4404,1406,46.897932,233036.000000,103629.000000,80.079903,98054.465650,43293.740720,79.059839,125881.000000,52977.144410,45077.321240,54.028283,20408105.000000,8588078.950352,-34669.000000,-0.169590,-99895.571908,-1.149814,0.697800,-0.001400,-0.200229,41.100000,58.900000,0.825300,0.001700,0.206411,45.220000,54.780000,0.803800,0.004600,0.575576,44.560000,55.440000,binance_kline_quote_asset_volume,0.000000,0.000000,0.000000,0.000000,OK
278,2026-06-08 10:45:00 UTC,MAGMAUSDT,0.420330,0.436810,0.415590,0.424200,0.003880,0.923106,0.920705,5.048414,36.203957,9057,4653,105.653951,692017.000000,458981.000000,196.957123,292835.441980,194780.976330,198.645697,383496.000000,162540.422080,130295.019900,55.505721,20380953.000000,8566522.164960,-27152.000000,-0.133045,-21556.785392,-0.251008,0.689800,-0.008000,-1.146460,40.820000,59.180000,0.823400,-0.001900,-0.230219,45.160000,54.840000,0.791800,-0.012000,-1.492909,44.190000,55.810000,binance_kline_quote_asset_volume,0.000000,0.000000,0.000000,0.000000,OK
279,2026-06-08 11:00:00 UTC,MAGMAUSDT,0.423940,0.426040,0.414650,0.421160,-0.003040,-0.716643,-0.655753,2.686701,33.582340,7109,-1948,-21.508226,489937.000000,-202080.000000,-29.201595,205733.171530,-87102.270450,-29.744443,177232.000000,74486.229620,131246.941910,36.205260,20406319.000000,8656360.519800,25366.000000,0.124459,89838.354840,1.048714,0.680100,-0.009700,-1.406205,40.480000,59.520000,0.831200,0.007800,0.947292,45.390000,54.610000,0.788900,-0.002900,-0.366254,44.100000,55.900000,binance_kline_quote_asset_volume,0.000000,0.000000,0.000000,0.000000,OK
280,2026-06-08 11:15:00 UTC,MAGMAUSDT,0.421170,0.423120,0.419590,0.422750,0.001590,0.377529,0.375145,0.838141,36.185154,2619,-4490,-63.159375,102322.000000,-387615.000000,-79.115274,43148.415300,-162584.756230,-79.027001,63398.000000,26739.774440,16408.640860,61.971626,20322846.000000,8557727.508979,-83473.000000,-0.409055,-98633.010821,-1.139428,0.699200,0.019100,2.808411,41.150000,58.850000,0.824400,-0.006800,-0.818094,45.190000,54.810000,0.802500,0.013600,1.723919,44.520000,55.480000,binance_kline_quote_asset_volume,0.000000,0.000000,0.000000,0.000000,OK
281,2026-06-08 11:30:00 UTC,MAGMAUSDT,0.422790,0.430130,0.421430,0.427750,0.005000,1.182732,1.173159,2.057759,43.662002,5155,2536,96.830851,277290.000000,174968.000000,170.997439,118252.636000,75104.220700,174.060206,175303.000000,74775.139150,43477.496850,63.233380,20316015.000000,8587782.700650,-6831.000000,-0.033612,30055.191671,0.351205,0.696900,-0.002300,-0.328947,41.070000,58.930000,0.824000,-0.000400,-0.048520,45.180000,54.820000,0.798600,-0.003900,-0.485981,44.400000,55.600000,binance_kline_quote_asset_volume,0.000000,0.000000,0.000000,0.000000,OK
282,2026-06-08 11:45:00 UTC,MAGMAUSDT,0.427740,0.431220,0.426670,0.427500,-0.000250,-0.058445,-0.056109,1.063730,43.388271,3441,-1714,-33.249273,122585.000000,-154705.000000,-55.791770,52606.431830,-65646.204170,-55.513523,60593.000000,25989.299480,26617.132350,49.403274,20276315.000000,8668134.597894,-39700.000000,-0.195412,80351.897244,0.935654,0.688000,-0.008900,-1.277084,40.760000,59.240000,0.826600,0.002600,0.315534,45.250000,54.750000,0.782800,-0.015800,-1.978462,43.910000,56.090000,binance_kline_quote_asset_volume,0.000000,0.000000,0.000000,0.000000,OK
283,2026-06-08 12:00:00 UTC,MAGMAUSDT,0.427500,0.434520,0.427190,0.434520,0.007020,1.642105,1.642105,1.714620,52.410488,4377,936,27.201395,203306.000000,80721.000000,65.849003,87735.118690,35128.686860,66.776410,90966.000000,39263.324790,48471.793900,44.752119,20257506.000000,8658868.364640,-18809.000000,-0.092763,-9266.233254,-0.106900,0.685800,-0.002200,-0.319767,40.680000,59.320000,0.826100,-0.000500,-0.060489,45.240000,54.760000,0.784100,0.001300,0.166071,43.950000,56.050000,binance_kline_quote_asset_volume,0.000000,0.000000,0.000000,0.000000,OK
284,2026-06-08 12:15:00 UTC,MAGMAUSDT,0.434460,0.444100,0.433530,0.442130,0.007610,1.751358,1.765410,2.432905,59.875763,6494,2117,48.366461,302049.000000,98743.000000,48.568660,132802.853440,45067.734750,51.367953,156373.000000,68744.506220,64058.347220,51.764329,20252820.000000,8793960.972472,-4686.000000,-0.023132,135092.607832,1.560165,0.687500,0.001700,0.247886,40.740000,59.260000,0.826700,0.000600,0.072630,45.260000,54.740000,0.785100,0.001000,0.127535,43.980000,56.020000,binance_kline_quote_asset_volume,0.000000,0.000000,0.000000,0.000000,OK
285,2026-06-08 12:30:00 UTC,MAGMAUSDT,0.442200,0.443450,0.438160,0.438160,-0.003970,-0.897926,-0.913614,1.196291,55.026282,4058,-2436,-37.511549,196047.000000,-106002.000000,-35.094306,86511.634880,-46291.218560,-34.857096,71831.000000,31711.267910,54800.366970,36.655495,20227058.000000,8942989.153540,-25762.000000,-0.127202,149028.181068,1.694665,0.682900,-0.004600,-0.669091,40.580000,59.420000,0.828300,0.001600,0.193541,45.300000,54.700000,0.780300,-0.004800,-0.611387,43.830000,56.170000,binance_kline_quote_asset_volume,0.000000,0.000000,0.000000,0.000000,OK
286,2026-06-08 12:45:00 UTC,MAGMAUSDT,0.438340,0.442480,0.436230,0.437830,-0.000330,-0.075315,-0.116348,1.425834,54.630200,3873,-185,-4.558896,145026.000000,-51021.000000,-26.024882,63685.141330,-22826.493550,-26.385461,59086.000000,25959.990770,37725.150560,40.763026,20193190.000000,8846532.746003,-33868.000000,-0.167439,-96456.407537,-1.078570,0.689200,0.006300,0.922536,40.800000,59.200000,0.828700,0.000400,0.048292,45.320000,54.680000,0.785700,0.005400,0.692042,44.000000,56.000000,binance_kline_quote_asset_volume,0.000000,0.000000,0.000000,0.000000,OK
287,2026-06-08 13:00:00 UTC,MAGMAUSDT,0.437830,0.438700,0.433530,0.435690,-0.002140,-0.488774,-0.488774,1.180824,52.015440,3995,122,3.150013,143657.000000,-1369.000000,-0.943969,62555.929740,-1129.211590,-1.773116,64105.000000,27914.955580,34640.974160,44.623996,20185865.000000,8834651.853550,-7325.000000,-0.036275,-11880.892454,-0.134300,0.684900,-0.004300,-0.623912,40.650000,59.350000,0.829700,0.001000,0.120671,45.350000,54.650000,0.779000,-0.006700,-0.852743,43.790000,56.210000,binance_kline_quote_asset_volume,0.000000,0.000000,0.000000,0.000000,OK
288,2026-06-08 13:15:00 UTC,MAGMAUSDT,0.435700,0.439700,0.433590,0.438310,0.002620,0.601345,0.599036,1.402341,54.863808,2842,-1153,-28.861076,146064.000000,2407.000000,1.675519,63792.849770,1236.920030,1.977303,74648.000000,32607.678360,31185.171410,51.114942,20162894.000000,8782158.377427,-22971.000000,-0.113797,-52493.476123,-0.594177,0.687500,0.002600,0.379617,40.740000,59.260000,0.828700,-0.001000,-0.120525,45.320000,54.680000,0.782800,0.003800,0.487805,43.910000,56.090000,binance_kline_quote_asset_volume,0.000000,0.000000,0.000000,0.000000,OK
289,2026-06-08 13:30:00 UTC,MAGMAUSDT,0.438310,0.442120,0.438190,0.441750,0.003440,0.784833,0.784833,0.896626,58.358900,2507,-335,-11.787474,107967.000000,-38097.000000,-26.082402,47524.455690,-16268.394080,-25.501908,69342.000000,30519.250460,17005.205230,64.217991,20158893.000000,8835663.162382,-4001.000000,-0.019843,53504.784955,0.609244,0.685800,-0.001700,-0.247273,40.680000,59.320000,0.829600,0.000900,0.108604,45.340000,54.660000,0.778400,-0.004400,-0.562085,43.770000,56.230000,binance_kline_quote_asset_volume,0.000000,0.000000,0.000000,0.000000,OK
290,2026-06-08 13:45:00 UTC,MAGMAUSDT,0.441910,0.446800,0.441210,0.446290,0.004540,1.027731,0.991152,1.264963,62.487406,3179,672,26.804946,119163.000000,11196.000000,10.369835,52991.447080,5466.991390,11.503533,62592.000000,27832.631450,25158.815630,52.522875,20179335.000000,8914221.236250,20442.000000,0.101404,78558.073868,0.889102,0.683800,-0.002000,-0.291630,40.610000,59.390000,0.828100,-0.001500,-0.180810,45.300000,54.700000,0.776500,-0.001900,-0.244090,43.710000,56.290000,binance_kline_quote_asset_volume,0.000000,0.000000,0.000000,0.000000,OK
291,2026-06-08 14:00:00 UTC,MAGMAUSDT,0.446280,0.453020,0.446000,0.448430,0.002140,0.479509,0.481760,1.573003,64.284891,5256,2077,65.335011,260620.000000,141457.000000,118.708827,117262.707470,64271.260390,121.286102,151905.000000,68370.511370,48892.196100,58.305418,20179227.000000,9005787.217830,-108.000000,-0.000535,91565.981580,1.027190,0.681000,-0.002800,-0.409476,40.510000,59.490000,0.826900,-0.001200,-0.144910,45.260000,54.740000,0.780300,0.003800,0.489375,43.830000,56.170000,binance_kline_quote_asset_volume,0.000000,0.000000,0.000000,0.000000,OK
292,2026-06-08 14:15:00 UTC,MAGMAUSDT,0.448490,0.451340,0.447110,0.447710,-0.000720,-0.160560,-0.173917,0.943165,63.187844,3255,-2001,-38.070776,131600.000000,-129020.000000,-49.505026,59127.669960,-58135.037510,-49.576748,79758.000000,35852.653520,23275.016440,60.635999,20178427.000000,9048612.019610,-800.000000,-0.003964,42824.801780,0.475525,0.674200,-0.006800,-0.998532,40.270000,59.730000,0.825500,-0.001400,-0.169307,45.220000,54.780000,0.777100,-0.003200,-0.410099,43.730000,56.270000,binance_kline_quote_asset_volume,0.000000,0.000000,0.000000,0.000000,OK
293,2026-06-08 14:30:00 UTC,MAGMAUSDT,0.447500,0.449800,0.443730,0.449150,0.001440,0.321637,0.368715,1.356425,64.492949,3285,30,0.921659,174845.000000,43245.000000,32.860942,78038.379680,18910.709720,31.982843,83928.000000,37491.820820,40546.558860,48.042798,20172009.000000,9027480.950086,-6418.000000,-0.031806,-21131.069524,-0.233528,0.673100,-0.001100,-0.163156,40.230000,59.770000,0.826600,0.001100,0.133253,45.250000,54.750000,0.771500,-0.005600,-0.720628,43.550000,56.450000,binance_kline_quote_asset_volume,0.000000,0.000000,0.000000,0.000000,OK
294,2026-06-08 14:45:00 UTC,MAGMAUSDT,0.449090,0.449230,0.443180,0.447980,-0.001170,-0.260492,-0.247166,1.347169,62.552480,3946,661,20.121766,161952.000000,-12893.000000,-7.373960,72200.603890,-5837.775790,-7.480647,81218.000000,36237.771150,35962.832740,50.190399,20188522.000000,9064189.713632,16513.000000,0.081861,36708.763546,0.406634,0.675300,0.002200,0.326846,40.310000,59.690000,0.824900,-0.001700,-0.205662,45.200000,54.800000,0.773000,0.001500,0.194426,43.600000,56.400000,binance_kline_quote_asset_volume,0.000000,0.000000,0.000000,0.000000,OK
295,2026-06-08 15:00:00 UTC,MAGMAUSDT,0.448000,0.451260,0.446330,0.448360,0.000380,0.084825,0.080357,1.100446,62.942470,3625,-321,-8.134820,151100.000000,-10852.000000,-6.700751,67875.143030,-4325.460860,-5.990893,89319.000000,40127.225960,27747.917070,59.119177,20184324.000000,9034370.811391,-4198.000000,-0.020794,-29818.902241,-0.328975,0.675000,-0.000300,-0.044425,40.300000,59.700000,0.824300,-0.000600,-0.072736,45.180000,54.820000,0.770200,-0.002800,-0.362225,43.510000,56.490000,binance_kline_quote_asset_volume,0.000000,0.000000,0.000000,0.000000,OK
296,2026-06-08 15:15:00 UTC,MAGMAUSDT,0.448360,0.455640,0.448220,0.452540,0.004180,0.932287,0.932287,1.654920,67.012162,3672,47,1.296552,183885.000000,32785.000000,21.697551,83115.463040,15240.320010,22.453463,121205.000000,54765.942080,28349.520960,65.891400,20181034.000000,9048368.404240,-3290.000000,-0.016300,13997.592849,0.154937,0.675300,0.000300,0.044444,40.310000,59.690000,0.823400,-0.000900,-0.109184,45.160000,54.840000,0.773700,0.003500,0.454427,43.620000,56.380000,binance_kline_quote_asset_volume,0.000000,0.000000,0.000000,0.000000,OK
297,2026-06-08 15:30:00 UTC,MAGMAUSDT,0.452510,0.456370,0.446440,0.446990,-0.005550,-1.226411,-1.219863,2.194427,57.917323,4000,328,8.932462,193448.000000,9563.000000,5.200533,87359.519390,4244.056350,5.106218,77425.000000,35038.737590,52320.781800,40.108666,20194979.000000,9136686.514753,13945.000000,0.069100,88318.110513,0.976067,0.667500,-0.007800,-1.155042,40.030000,59.970000,0.823800,0.000400,0.048579,45.170000,54.830000,0.768000,-0.005700,-0.736720,43.440000,56.560000,binance_kline_quote_asset_volume,0.000000,0.000000,0.000000,0.000000,OK
298,2026-06-08 15:45:00 UTC,MAGMAUSDT,0.446990,0.450540,0.446280,0.449060,0.002070,0.463098,0.463098,0.953041,60.092801,2981,-1019,-25.475000,93021.000000,-100427.000000,-51.914210,41699.443100,-45660.076290,-52.266858,54408.000000,24398.518990,17300.924110,58.510419,20171733.000000,9016562.933670,-23246.000000,-0.115108,-120123.581083,-1.314739,0.677900,0.010400,1.558052,40.400000,59.600000,0.823800,0.000000,0.000000,45.170000,54.830000,0.776800,0.008800,1.145833,43.720000,56.280000,binance_kline_quote_asset_volume,0.000000,0.000000,0.000000,0.000000,OK
299,2026-06-08 16:00:00 UTC,MAGMAUSDT,0.449020,0.450790,0.446300,0.447960,-0.001100,-0.244956,-0.236070,0.999955,58.366093,3240,259,8.688360,116594.000000,23573.000000,25.341590,52338.390250,10638.947150,25.513403,65957.000000,29621.036820,22717.353430,56.595239,20165352.000000,9054243.048000,-6381.000000,-0.031633,37680.114330,0.417899,0.672200,-0.005700,-0.840832,40.200000,59.800000,0.824700,0.000900,0.109250,45.200000,54.800000,0.767100,-0.009700,-1.248713,43.410000,56.590000,binance_kline_quote_asset_volume,0.000000,0.000000,0.000000,0.000000,OK
300,2026-06-08 16:15:00 UTC,MAGMAUSDT,0.447830,0.454380,0.447050,0.450100,0.002140,0.477721,0.506889,1.636782,60.730168,4434,1194,36.851852,236896.000000,120302.000000,103.180267,106771.958530,54433.568280,104.003138,120854.000000,54423.744930,52348.213600,50.971946,20167342.000000,9020915.200380,1990.000000,0.009868,-33327.847620,-0.368091,0.672500,0.000300,0.044630,40.210000,59.790000,0.825100,0.000400,0.048502,45.210000,54.790000,0.767100,0.000000,0.000000,43.410000,56.590000,binance_kline_quote_asset_volume,0.000000,0.000000,0.000000,0.000000,OK
301,2026-06-08 16:30:00 UTC,MAGMAUSDT,0.449910,0.452860,0.447800,0.449840,-0.000260,-0.057765,-0.015559,1.124669,60.282302,2543,-1891,-42.647722,100046.000000,-136850.000000,-57.767966,45079.585040,-61692.373490,-57.779565,59425.000000,26780.029760,18299.555280,59.406114,20170328.000000,9074903.068331,2986.000000,0.014806,53987.867951,0.598474,0.671400,-0.001100,-0.163569,40.170000,59.830000,0.828500,0.003400,0.412071,45.310000,54.690000,0.770200,0.003100,0.404119,43.510000,56.490000,binance_kline_quote_asset_volume,0.000000,0.000000,0.000000,0.000000,OK
302,2026-06-08 16:45:00 UTC,MAGMAUSDT,0.449800,0.451470,0.448130,0.449730,-0.000110,-0.024453,-0.015562,0.742552,60.080428,2275,-268,-10.538734,85391.000000,-14655.000000,-14.648262,38413.253650,-6666.331390,-14.787916,44310.000000,19930.522090,18482.731560,51.884493,20171717.000000,9072633.155090,1389.000000,0.006886,-2269.913241,-0.025013,0.670800,-0.000600,-0.089366,40.150000,59.850000,0.828100,-0.000400,-0.048280,45.300000,54.700000,0.763700,-0.006500,-0.843937,43.300000,56.700000,binance_kline_quote_asset_volume,0.000000,0.000000,0.000000,0.000000,OK
303,2026-06-08 17:00:00 UTC,MAGMAUSDT,0.449710,0.452770,0.448030,0.452010,0.002280,0.506971,0.511441,1.054013,62.856916,3586,1311,57.626374,136031.000000,50640.000000,59.303674,61295.502460,22882.248810,59.568630,75095.000000,33845.697450,27449.805010,55.217261,20178701.000000,9074967.200730,6984.000000,0.034623,2334.045640,0.025726,0.665800,-0.005000,-0.745379,39.970000,60.030000,0.830000,0.001900,0.229441,45.360000,54.640000,0.759000,-0.004700,-0.615425,43.150000,56.850000,binance_kline_quote_asset_volume,0.000000,0.000000,0.000000,0.000000,OK
304,2026-06-08 17:15:00 UTC,MAGMAUSDT,0.452000,0.452000,0.450080,0.451290,-0.000720,-0.159289,-0.157080,0.424779,61.404495,2225,-1361,-37.953151,70427.000000,-65604.000000,-48.227242,31767.920930,-29527.581530,-48.172509,32133.000000,14495.805460,17272.115470,45.630325,20167715.000000,9116008.857150,-10986.000000,-0.054444,41041.656420,0.452251,0.662500,-0.003300,-0.495644,39.850000,60.150000,0.830400,0.000400,0.048193,45.370000,54.630000,0.754100,-0.004900,-0.645586,42.990000,57.010000,binance_kline_quote_asset_volume,0.000000,0.000000,0.000000,0.000000,OK
305,2026-06-08 17:30:00 UTC,MAGMAUSDT,0.451250,0.451720,0.448250,0.451680,0.000390,0.086419,0.095291,0.768975,61.917803,1992,-233,-10.471910,74341.000000,3914.000000,5.557528,33456.839120,1688.918190,5.316427,40118.000000,18059.859750,15396.979370,53.979576,20160816.000000,9097040.611445,-6899.000000,-0.034208,-18968.245705,-0.208076,0.658400,-0.004100,-0.618868,39.700000,60.300000,0.831100,0.000700,0.084297,45.390000,54.610000,0.753200,-0.000900,-0.119348,42.960000,57.040000,binance_kline_quote_asset_volume,0.000000,0.000000,0.000000,0.000000,OK
306,2026-06-08 17:45:00 UTC,MAGMAUSDT,0.451670,0.451780,0.447950,0.448040,-0.003640,-0.805880,-0.803684,0.847964,54.616703,2054,62,3.112450,68184.000000,-6157.000000,-8.282105,30639.339150,-2817.499970,-8.421298,30207.000000,13565.692660,17073.646490,44.275409,20156451.000000,9097898.364809,-4365.000000,-0.021651,857.753364,0.009429,0.659200,0.000800,0.121507,39.730000,60.270000,0.832200,0.001100,0.132355,45.420000,54.580000,0.751300,-0.001900,-0.252257,42.900000,57.100000,binance_kline_quote_asset_volume,0.000000,0.000000,0.000000,0.000000,OK
307,2026-06-08 18:00:00 UTC,MAGMAUSDT,0.448020,0.450680,0.447830,0.449630,0.001590,0.354879,0.359359,0.636132,57.001787,2402,348,16.942551,94639.000000,26455.000000,38.799425,42516.439740,11877.100590,38.764219,48252.000000,21682.837850,20833.601890,50.998715,20156829.000000,9031065.665160,378.000000,0.001875,-66832.699649,-0.734595,0.658400,-0.000800,-0.121359,39.700000,60.300000,0.832500,0.000300,0.036049,45.430000,54.570000,0.751600,0.000300,0.039931,42.910000,57.090000,binance_kline_quote_asset_volume,0.000000,0.000000,0.000000,0.000000,OK
308,2026-06-08 18:15:00 UTC,MAGMAUSDT,0.449660,0.452470,0.446680,0.449660,0.000030,0.006672,0.000000,1.287640,57.047654,3321,919,38.259784,117443.000000,22804.000000,24.095774,52784.545980,10268.106240,24.150908,70171.000000,31542.809060,21241.736920,59.757659,20152398.000000,9061122.712740,-4431.000000,-0.021983,30057.047580,0.332818,0.661100,0.002700,0.410085,39.800000,60.200000,0.835300,0.002800,0.336336,45.510000,54.490000,0.751600,0.000000,0.000000,42.910000,57.090000,binance_kline_quote_asset_volume,0.000000,0.000000,0.000000,0.000000,OK
309,2026-06-08 18:30:00 UTC,MAGMAUSDT,0.449690,0.449690,0.443310,0.443400,-0.006260,-1.392163,-1.398741,1.418755,46.016843,2153,-1168,-35.170129,94715.000000,-22728.000000,-19.352367,42241.012550,-10543.533430,-19.974660,36154.000000,16118.705640,26122.306910,38.158900,20157149.000000,9063534.251525,4751.000000,0.023575,2411.538785,0.026614,0.659200,-0.001900,-0.287400,39.730000,60.270000,0.837100,0.001800,0.215491,45.570000,54.430000,0.747900,-0.003700,-0.492283,42.790000,57.210000,binance_kline_quote_asset_volume,0.000000,0.000000,0.000000,0.000000,OK
310,2026-06-08 18:45:00 UTC,MAGMAUSDT,0.443400,0.443970,0.440190,0.441200,-0.002200,-0.496166,-0.496166,0.852503,42.878891,2599,446,20.715281,112255.000000,17540.000000,18.518714,49631.279340,7390.266790,17.495477,54002.000000,23888.942310,25742.337030,48.132836,20145260.000000,8933415.547000,-11889.000000,-0.058982,-130118.704525,-1.435629,0.662500,0.003300,0.500607,39.850000,60.150000,0.836400,-0.000700,-0.083622,45.550000,54.450000,0.758700,0.010800,1.444043,43.140000,56.860000,binance_kline_quote_asset_volume,0.000000,0.000000,0.000000,0.000000,OK
311,2026-06-08 19:00:00 UTC,MAGMAUSDT,0.441200,0.443110,0.440340,0.441450,0.000250,0.056664,0.056664,0.627833,43.351627,1742,-857,-32.974221,70961.000000,-41294.000000,-36.785889,31330.790590,-18300.488750,-36.872893,37670.000000,16628.898550,14701.892040,53.075260,20118962.000000,8872468.478878,-26298.000000,-0.130542,-60947.068122,-0.682237,0.663600,0.001100,0.166038,39.890000,60.110000,0.838200,0.001800,0.215208,45.600000,54.400000,0.755600,-0.003100,-0.408594,43.040000,56.960000,binance_kline_quote_asset_volume,0.000000,0.000000,0.000000,0.000000,OK
312,2026-06-08 19:15:00 UTC,MAGMAUSDT,0.441430,0.441650,0.438210,0.439230,-0.002220,-0.502888,-0.498380,0.779286,40.172223,2195,453,26.004592,76447.000000,5486.000000,7.731007,33616.843240,2286.052650,7.296505,38244.000000,16816.175480,16800.667760,50.023065,20105362.000000,8873658.943684,-13600.000000,-0.067598,1190.464806,0.013418,0.663600,0.000000,0.000000,39.890000,60.110000,0.838400,0.000200,0.023861,45.610000,54.390000,0.756500,0.000900,0.119111,43.070000,56.930000,binance_kline_quote_asset_volume,0.000000,0.000000,0.000000,0.000000,OK
313,2026-06-08 19:30:00 UTC,MAGMAUSDT,0.439230,0.441610,0.437380,0.440800,0.001570,0.357444,0.357444,0.963049,43.337194,2221,26,1.184510,72717.000000,-3730.000000,-4.879197,31962.363190,-1654.480050,-4.921581,44504.000000,19565.416940,12396.946250,61.213925,20108852.000000,8832612.152480,3490.000000,0.017359,-41046.791204,-0.462569,0.659500,-0.004100,-0.617842,39.740000,60.260000,0.838500,0.000100,0.011927,45.610000,54.390000,0.753200,-0.003300,-0.436219,42.960000,57.040000,binance_kline_quote_asset_volume,0.000000,0.000000,0.000000,0.000000,OK
314,2026-06-08 19:45:00 UTC,MAGMAUSDT,0.440780,0.443270,0.436950,0.437840,-0.002960,-0.671506,-0.666999,1.433822,39.133839,2055,-166,-7.474111,61758.000000,-10959.000000,-15.070754,27181.236490,-4781.126700,-14.958615,26661.000000,11735.908220,15445.328270,43.176506,20105934.000000,8862695.707200,-2918.000000,-0.014511,30083.554720,0.340596,0.663300,0.003800,0.576194,39.880000,60.120000,0.839300,0.000800,0.095408,45.630000,54.370000,0.755900,0.002700,0.358471,43.050000,56.950000,binance_kline_quote_asset_volume,0.000000,0.000000,0.000000,0.000000,OK
315,2026-06-08 20:00:00 UTC,MAGMAUSDT,0.437800,0.439160,0.436590,0.438090,0.000250,0.057098,0.066240,0.587026,39.666106,2122,67,3.260341,60038.000000,-1720.000000,-2.785064,26269.201820,-912.034670,-3.355383,30237.000000,13230.838580,13038.363240,50.366352,20097133.000000,8797105.366896,-8801.000000,-0.043773,-65590.340304,-0.740072,0.662500,-0.000800,-0.120609,39.850000,60.150000,0.839400,0.000100,0.011915,45.630000,54.370000,0.755000,-0.000900,-0.119063,43.020000,56.980000,binance_kline_quote_asset_volume,0.000000,0.000000,0.000000,0.000000,OK
316,2026-06-08 20:15:00 UTC,MAGMAUSDT,0.438050,0.438380,0.436000,0.437000,-0.001090,-0.248807,-0.239699,0.543317,38.101632,1766,-356,-16.776626,60231.000000,193.000000,0.321463,26337.225950,68.024130,0.258950,21485.000000,9393.192030,16944.033920,35.665077,20090067.000000,8799247.039025,-7066.000000,-0.035159,2141.672129,0.024345,0.661400,-0.001100,-0.166038,39.810000,60.190000,0.839700,0.000300,0.035740,45.640000,54.360000,0.749200,-0.005800,-0.768212,42.830000,57.170000,binance_kline_quote_asset_volume,0.000000,0.000000,0.000000,0.000000,OK
317,2026-06-08 20:30:00 UTC,MAGMAUSDT,0.437000,0.437900,0.423380,0.427380,-0.009620,-2.201373,-2.201373,3.322654,27.712872,7525,5759,326.104190,708974.000000,648743.000000,1077.091531,304313.402610,277976.176660,1055.449717,209556.000000,89902.223840,214411.178770,29.542644,20083658.000000,8774459.201229,-6409.000000,-0.031901,-24787.837796,-0.281704,0.660000,-0.001400,-0.211672,39.760000,60.240000,0.840600,0.000900,0.107181,45.670000,54.330000,0.746400,-0.002800,-0.373732,42.740000,57.260000,binance_kline_quote_asset_volume,0.000000,0.000000,0.000000,0.000000,OK
318,2026-06-08 20:45:00 UTC,MAGMAUSDT,0.427290,0.427520,0.413660,0.421260,-0.006120,-1.431981,-1.411220,3.243699,23.350883,4312,-3213,-42.697674,353384.000000,-355590.000000,-50.155577,148886.510750,-155426.891860,-51.074613,123071.000000,51899.680120,96986.830630,34.858551,19957330.000000,8527767.707720,-126328.000000,-0.629009,-246691.493509,-2.811472,0.699200,0.039200,5.939394,41.150000,58.850000,0.835400,-0.005200,-0.618606,45.520000,54.480000,0.779400,0.033000,4.421222,43.800000,56.200000,binance_kline_quote_asset_volume,0.000000,0.000000,0.000000,0.000000,OK
319,2026-06-08 21:00:00 UTC,MAGMAUSDT,0.421260,0.423150,0.391480,0.408520,-0.012740,-3.024261,-3.024261,7.517922,17.260351,22326,18014,417.764378,2105893.000000,1752509.000000,495.922000,854807.405980,705920.895230,474.133548,868414.000000,352333.902410,502473.503570,41.217928,19912797.000000,8396058.211100,-44533.000000,-0.223141,-131709.496620,-1.544478,0.703000,0.003800,0.543478,41.280000,58.720000,0.830200,-0.005200,-0.622456,45.360000,54.640000,0.782500,0.003100,0.397742,43.900000,56.100000,binance_kline_quote_asset_volume,0.000000,0.000000,0.000000,0.000000,OK
320,2026-06-08 21:15:00 UTC,MAGMAUSDT,0.408700,0.419730,0.408700,0.416200,0.007680,1.879957,1.835087,2.698801,29.241702,4684,-17642,-79.019977,666324.000000,-1439569.000000,-68.359076,276836.332130,-577971.073850,-67.614187,388738.000000,161503.443440,115332.888690,58.338962,19726538.000000,8059277.099900,-186259.000000,-0.935373,-336781.111200,-4.011181,0.713200,0.010200,1.450925,41.630000,58.370000,0.821500,-0.008700,-1.047940,45.100000,54.900000,0.796300,0.013800,1.763578,44.330000,55.670000,binance_kline_quote_asset_volume,0.000000,0.000000,0.000000,0.000000,OK
321,2026-06-08 21:30:00 UTC,MAGMAUSDT,0.416100,0.419390,0.410280,0.416220,0.000020,0.004805,0.028839,2.189378,29.270426,2256,-2428,-51.836038,232692.000000,-433632.000000,-65.078250,96923.752810,-179912.579320,-64.988789,116515.000000,48598.539800,48325.213010,50.141001,19714026.000000,8204977.621200,-12512.000000,-0.063427,145700.521300,1.807861,0.700400,-0.012800,-1.794728,41.190000,58.810000,0.823600,0.002100,0.255630,45.160000,54.840000,0.778700,-0.017600,-2.210222,43.780000,56.220000,binance_kline_quote_asset_volume,0.000000,0.000000,0.000000,0.000000,OK
322,2026-06-08 21:45:00 UTC,MAGMAUSDT,0.416350,0.420680,0.416290,0.420490,0.004270,1.025900,0.994356,1.054401,35.308508,3860,1604,71.099291,118578.000000,-114114.000000,-49.040792,49705.103450,-47218.649360,-48.717314,70880.000000,29708.495240,19996.608210,59.769507,19670445.000000,8189477.212379,-43581.000000,-0.221066,-15500.408821,-0.188915,0.699500,-0.000900,-0.128498,41.160000,58.840000,0.820600,-0.003000,-0.364254,45.070000,54.930000,0.780900,0.002200,0.282522,43.850000,56.150000,binance_kline_quote_asset_volume,0.000000,0.000000,0.000000,0.000000,OK
323,2026-06-08 22:00:00 UTC,MAGMAUSDT,0.420340,0.421400,0.414020,0.414350,-0.006140,-1.460201,-1.425037,1.755722,31.185821,4071,211,5.466321,153251.000000,34673.000000,29.240669,63890.629800,14185.526350,28.539376,76905.000000,32099.411600,31791.218200,50.241188,19676140.000000,8269245.512394,5695.000000,0.028952,79768.300015,0.974034,0.701500,0.002000,0.285919,41.230000,58.770000,0.819700,-0.000900,-0.109676,45.050000,54.950000,0.783500,0.002600,0.332949,43.930000,56.070000,binance_kline_quote_asset_volume,0.000000,0.000000,0.000000,0.000000,OK
324,2026-06-08 22:15:00 UTC,MAGMAUSDT,0.414400,0.415830,0.411500,0.411560,-0.002790,-0.673344,-0.685328,1.044884,29.500250,2909,-1162,-28.543355,118021.000000,-35230.000000,-22.988431,48825.985960,-15064.643840,-23.578800,56548.000000,23401.796030,25424.189930,47.928978,19654953.000000,8144029.775550,-21187.000000,-0.107679,-125215.736844,-1.514234,0.702100,0.000600,0.085531,41.250000,58.750000,0.820400,0.000700,0.085397,45.070000,54.930000,0.788600,0.005100,0.650925,44.090000,55.910000,binance_kline_quote_asset_volume,0.000000,0.000000,0.000000,0.000000,OK
325,2026-06-08 22:30:00 UTC,MAGMAUSDT,0.411560,0.412430,0.409170,0.409480,-0.002080,-0.505394,-0.505394,0.792108,28.273345,2656,-253,-8.697147,116087.000000,-1934.000000,-1.638691,47700.953130,-1125.032830,-2.304168,54969.000000,22599.595640,25101.357490,47.377661,19629794.000000,8078838.018640,-25159.000000,-0.128003,-65191.756910,-0.800485,0.697800,-0.004300,-0.612448,41.100000,58.900000,0.820100,-0.000300,-0.036568,45.060000,54.940000,0.779400,-0.009200,-1.166624,43.800000,56.200000,binance_kline_quote_asset_volume,0.000000,0.000000,0.000000,0.000000,OK
326,2026-06-08 22:45:00 UTC,MAGMAUSDT,0.409290,0.411560,0.407900,0.409670,0.000190,0.046400,0.092844,0.894231,28.565604,3505,849,31.965361,258564.000000,142477.000000,122.732950,105906.012100,58205.058970,122.020746,183304.000000,75102.356310,30803.655790,70.914158,19624920.000000,8037778.484400,-4874.000000,-0.024830,-41059.534240,-0.508236,0.699500,0.001700,0.243623,41.160000,58.840000,0.819700,-0.000400,-0.048775,45.050000,54.950000,0.775600,-0.003800,-0.487555,43.680000,56.320000,binance_kline_quote_asset_volume,0.000000,0.000000,0.000000,0.000000,OK
327,2026-06-08 23:00:00 UTC,MAGMAUSDT,0.409590,0.410090,0.407970,0.408330,-0.001340,-0.327093,-0.307625,0.517591,27.708112,2650,-855,-24.393723,90099.000000,-168465.000000,-65.154082,36864.657650,-69041.354450,-65.191157,41458.000000,16969.405100,19895.252550,46.031636,19711221.000000,8073621.704851,86301.000000,0.439752,35843.220451,0.445934,0.694300,-0.005200,-0.743388,40.980000,59.020000,0.812300,-0.007400,-0.902769,44.820000,55.180000,0.771200,-0.004400,-0.567303,43.540000,56.460000,binance_kline_quote_asset_volume,0.000000,0.000000,0.000000,0.000000,OK
328,2026-06-08 23:15:00 UTC,MAGMAUSDT,0.408310,0.409150,0.405970,0.408790,0.000460,0.112654,0.117558,0.778820,28.501564,2580,-70,-2.641509,98032.000000,7933.000000,8.804759,39960.266930,3095.609280,8.397228,54766.000000,22325.070350,17635.196580,55.868171,19717877.000000,8053226.590820,6656.000000,0.033768,-20395.114031,-0.252614,0.696600,0.002300,0.331269,41.060000,58.940000,0.812900,0.000600,0.073864,44.840000,55.160000,0.772700,0.001500,0.194502,43.590000,56.410000,binance_kline_quote_asset_volume,0.000000,0.000000,0.000000,0.000000,OK
329,2026-06-08 23:30:00 UTC,MAGMAUSDT,0.408960,0.410820,0.405880,0.406040,-0.002750,-0.672717,-0.714006,1.207942,26.620487,2592,12,0.465116,89258.000000,-8774.000000,-8.950139,36489.164090,-3471.102840,-8.686386,48921.000000,20021.347570,16467.816520,54.869296,19721467.000000,8061938.494930,3590.000000,0.018207,8711.904110,0.108179,0.695200,-0.001400,-0.200976,41.010000,58.990000,0.813400,0.000500,0.061508,44.850000,55.150000,0.774900,0.002200,0.284716,43.660000,56.340000,binance_kline_quote_asset_volume,0.000000,0.000000,0.000000,0.000000,OK
330,2026-06-08 23:45:00 UTC,MAGMAUSDT,0.406060,0.407380,0.402920,0.403040,-0.003000,-0.738843,-0.743732,1.098360,24.704931,2254,-338,-13.040123,87540.000000,-1718.000000,-1.924757,35474.788360,-1014.375730,-2.779937,35082.000000,14219.139300,21255.649060,40.082380,19693174.000000,7996216.370960,-28293.000000,-0.143463,-65722.123970,-0.815215,0.698700,0.003500,0.503452,41.130000,58.870000,0.814300,0.000900,0.110647,44.880000,55.120000,0.774000,-0.000900,-0.116144,43.630000,56.370000,binance_kline_quote_asset_volume,0.000000,0.000000,0.000000,0.000000,OK
331,2026-06-09 00:00:00 UTC,MAGMAUSDT,0.403020,0.407120,0.402810,0.404550,0.001510,0.374653,0.379634,1.069426,27.531556,4676,2422,107.453416,184366.000000,96826.000000,110.607722,74725.476470,39250.688110,110.643896,89745.000000,36379.868240,38345.608230,48.684692,19693534.000000,7937281.943360,360.000000,0.001828,-58934.427600,-0.737029,0.700100,0.001400,0.200372,41.180000,58.820000,0.814700,0.000400,0.049122,44.900000,55.100000,0.778400,0.004400,0.568475,43.770000,56.230000,binance_kline_quote_asset_volume,0.000000,0.000000,0.000000,0.000000,OK
332,2026-06-09 00:15:00 UTC,MAGMAUSDT,0.404570,0.408520,0.404200,0.407120,0.002570,0.635274,0.630299,1.067800,32.196984,3852,-824,-17.621899,171902.000000,-12464.000000,-6.760466,69813.578580,-4911.897890,-6.573257,88338.000000,35899.657440,33913.921140,51.422171,19710217.000000,7976519.242337,16683.000000,0.084713,39237.298977,0.494342,0.709400,0.009300,1.328382,41.500000,58.500000,0.818600,0.003900,0.478704,45.010000,54.990000,0.791200,0.012800,1.644399,44.170000,55.830000,binance_kline_quote_asset_volume,0.000000,0.000000,0.000000,0.000000,OK
333,2026-06-09 00:30:00 UTC,MAGMAUSDT,0.407120,0.408740,0.400990,0.402950,-0.004170,-1.024268,-1.024268,1.903616,28.941260,3862,10,0.259605,213083.000000,41181.000000,23.956091,86145.516940,16331.938360,23.393642,66676.000000,27001.442730,59144.074210,31.343991,19738519.000000,8034153.795140,28302.000000,0.143591,57634.552803,0.722553,0.700100,-0.009300,-1.310967,41.180000,58.820000,0.816900,-0.001700,-0.207672,44.960000,55.040000,0.776800,-0.014400,-1.820020,43.720000,56.280000,binance_kline_quote_asset_volume,0.000000,0.000000,0.000000,0.000000,OK
334,2026-06-09 00:45:00 UTC,MAGMAUSDT,0.402980,0.403910,0.401120,0.402070,-0.000880,-0.218389,-0.225818,0.692342,28.291109,2790,-1072,-27.757639,129893.000000,-83190.000000,-39.041125,52287.665250,-33857.851690,-39.303092,54686.000000,22020.636470,30267.028780,42.114400,19714753.000000,7944059.721350,-23766.000000,-0.120404,-90094.073790,-1.121388,0.710900,0.010800,1.542637,41.550000,58.450000,0.817200,0.000300,0.036724,44.970000,55.030000,0.784100,0.007300,0.939753,43.950000,56.050000,binance_kline_quote_asset_volume,0.000000,0.000000,0.000000,0.000000,OK
335,2026-06-09 01:00:00 UTC,MAGMAUSDT,0.402220,0.403830,0.400000,0.401060,-0.001010,-0.251200,-0.288399,0.952215,27.526789,2792,2,0.071685,169447.000000,39554.000000,30.451218,68129.574060,15841.908810,30.297602,54877.000000,22056.946240,46072.627820,32.374995,19725496.000000,7931030.176720,10743.000000,0.054492,-13029.544630,-0.164016,0.709700,-0.001200,-0.168800,41.510000,58.490000,0.815800,-0.001400,-0.171317,44.930000,55.070000,0.779000,-0.005100,-0.650427,43.790000,56.210000,binance_kline_quote_asset_volume,0.000000,0.000000,0.000000,0.000000,OK
336,2026-06-09 01:15:00 UTC,MAGMAUSDT,0.401060,0.401200,0.396810,0.399080,-0.001980,-0.493692,-0.493692,1.094599,26.041472,3634,842,30.157593,127625.000000,-41822.000000,-24.681464,50921.449770,-17208.124290,-25.257936,41641.000000,16628.248600,34293.201170,32.654704,19767267.000000,7926252.431195,41771.000000,0.211761,-4777.745525,-0.060241,0.710900,0.001200,0.169086,41.550000,58.450000,0.818800,0.003000,0.367737,45.020000,54.980000,0.779000,0.000000,0.000000,43.790000,56.210000,binance_kline_quote_asset_volume,0.000000,0.000000,0.000000,0.000000,OK
337,2026-06-09 01:30:00 UTC,MAGMAUSDT,0.399100,0.403740,0.397520,0.397930,-0.001150,-0.288163,-0.293160,1.558507,25.191253,3924,290,7.980187,186391.000000,58766.000000,46.045837,74766.528550,23845.078780,46.827180,107602.000000,43226.339020,31540.189530,57.815094,19769801.000000,7890374.701612,2534.000000,0.012819,-35877.729582,-0.452644,0.713800,0.002900,0.407934,41.650000,58.350000,0.817600,-0.001200,-0.146556,44.980000,55.020000,0.786000,0.007000,0.898588,44.010000,55.990000,binance_kline_quote_asset_volume,0.000000,0.000000,0.000000,0.000000,OK
338,2026-06-09 01:45:00 UTC,MAGMAUSDT,0.397820,0.403450,0.396860,0.399470,0.001540,0.387003,0.414760,1.656528,28.555158,5254,1330,33.893986,241613.000000,55222.000000,29.626967,96586.748580,21820.220030,29.184477,153802.000000,61490.336760,35096.411820,63.663326,19778474.000000,7869118.056444,8673.000000,0.043870,-21256.645169,-0.269400,0.712300,-0.001500,-0.210143,41.600000,58.400000,0.816400,-0.001200,-0.146771,44.950000,55.050000,0.777500,-0.008500,-1.081425,43.740000,56.260000,binance_kline_quote_asset_volume,0.000000,0.000000,0.000000,0.000000,OK
339,2026-06-09 02:00:00 UTC,MAGMAUSDT,0.399490,0.400430,0.395640,0.399880,0.000410,0.102636,0.097624,1.199029,29.464541,4675,-579,-11.020175,165367.000000,-76246.000000,-31.557077,65816.835120,-30769.913460,-31.857283,87709.000000,34948.561650,30868.273470,53.099730,19725852.000000,7879886.098440,-52622.000000,-0.266057,10768.041996,0.136839,0.707700,-0.004600,-0.645795,41.440000,58.560000,0.818900,0.002500,0.306222,45.020000,54.980000,0.775600,-0.001900,-0.244373,43.680000,56.320000,binance_kline_quote_asset_volume,0.000000,0.000000,0.000000,0.000000,OK
340,2026-06-09 02:15:00 UTC,MAGMAUSDT,0.399650,0.400340,0.396960,0.399970,0.000090,0.022507,0.080070,0.845740,29.676144,5355,680,14.545455,154336.000000,-11031.000000,-6.670617,61483.380250,-4333.454870,-6.584113,92461.000000,36848.637240,24634.743010,59.932680,19723442.000000,7880730.437496,-2410.000000,-0.012217,844.339056,0.010715,0.690300,-0.017400,-2.458669,40.840000,59.160000,0.809100,-0.009800,-1.196727,44.720000,55.280000,0.769600,-0.006000,-0.773595,43.490000,56.510000,binance_kline_quote_asset_volume,0.000000,0.000000,0.000000,0.000000,OK
341,2026-06-09 02:30:00 UTC,MAGMAUSDT,0.399980,0.400170,0.396900,0.397380,-0.002590,-0.647549,-0.650033,0.817541,27.151766,2629,-2726,-50.905696,61878.000000,-92458.000000,-59.906956,24649.692440,-36833.687810,-59.908365,28488.000000,11343.404360,13306.288080,46.018442,19726651.000000,7890068.600470,3209.000000,0.016270,9338.162974,0.118494,0.692000,0.001700,0.246270,40.900000,59.100000,0.809100,0.000000,0.000000,44.730000,55.270000,0.768300,-0.001300,-0.168919,43.450000,56.550000,binance_kline_quote_asset_volume,0.000000,0.000000,0.000000,0.000000,OK
342,2026-06-09 02:45:00 UTC,MAGMAUSDT,0.397350,0.402220,0.397060,0.402130,0.004750,1.195329,1.202970,1.298603,37.630269,4193,1564,59.490300,132768.000000,70890.000000,114.564142,53015.441450,28365.749010,115.075468,82191.000000,32837.677470,20177.763980,61.939836,19729344.000000,7838249.967362,2693.000000,0.013652,-51818.633108,-0.656758,0.689500,-0.002500,-0.361272,40.810000,59.190000,0.808600,-0.000500,-0.061797,44.710000,55.290000,0.769000,0.000700,0.091110,43.470000,56.530000,binance_kline_quote_asset_volume,0.000000,0.000000,0.000000,0.000000,OK
343,2026-06-09 03:00:00 UTC,MAGMAUSDT,0.402130,0.402740,0.399140,0.399650,-0.002480,-0.616716,-0.616716,0.895233,34.814584,2753,-1440,-34.342953,85304.000000,-47464.000000,-35.749578,34145.477010,-18869.964440,-35.593336,33016.000000,13218.160470,20927.316540,38.711307,19726444.000000,7932157.590457,-2900.000000,-0.014699,93907.623095,1.198069,0.687800,-0.001700,-0.246555,40.750000,59.250000,0.810400,0.001800,0.222607,44.760000,55.240000,0.764300,-0.004700,-0.611183,43.320000,56.680000,binance_kline_quote_asset_volume,0.000000,0.000000,0.000000,0.000000,OK
344,2026-06-09 03:15:00 UTC,MAGMAUSDT,0.399610,0.410810,0.399590,0.406510,0.006860,1.716502,1.726684,2.807738,46.695901,4465,1712,62.186705,216246.000000,130942.000000,153.500422,87704.220690,53558.743680,156.854577,149761.000000,60739.676990,26964.543700,69.255136,19713851.000000,7878547.305635,-12593.000000,-0.063838,-53610.284822,-0.675860,0.690600,0.002800,0.407095,40.850000,59.150000,0.811400,0.001000,0.123396,44.790000,55.210000,0.767400,0.003100,0.405600,43.420000,56.580000,binance_kline_quote_asset_volume,0.000000,0.000000,0.000000,0.000000,OK
345,2026-06-09 03:30:00 UTC,MAGMAUSDT,0.406520,0.412400,0.406520,0.410350,0.003840,0.944626,0.942143,1.446423,51.972958,4073,-392,-8.779395,179136.000000,-37110.000000,-17.161011,73395.485260,-14308.735430,-16.314763,118161.000000,48421.809300,24973.675960,65.973825,19719282.000000,8009512.889129,5431.000000,0.027549,130965.583495,1.662306,0.687500,-0.003100,-0.448885,40.740000,59.260000,0.813200,0.001800,0.221839,44.850000,55.150000,0.765200,-0.002200,-0.286682,43.350000,56.650000,binance_kline_quote_asset_volume,0.000000,0.000000,0.000000,0.000000,OK
346,2026-06-09 03:45:00 UTC,MAGMAUSDT,0.410370,0.411390,0.409100,0.410630,0.000280,0.068234,0.063357,0.558033,52.343438,2352,-1721,-42.253867,82817.000000,-96319.000000,-53.768645,33969.875290,-39425.609970,-53.716669,31285.000000,12837.572210,21132.303080,37.791049,19722698.000000,8087309.079193,3416.000000,0.017323,77796.190064,0.971297,0.684400,-0.003100,-0.450909,40.630000,59.370000,0.815100,0.001900,0.233645,44.910000,55.090000,0.761200,-0.004000,-0.522739,43.220000,56.780000,binance_kline_quote_asset_volume,0.000000,0.000000,0.000000,0.000000,OK
347,2026-06-09 04:00:00 UTC,MAGMAUSDT,0.410700,0.415800,0.408410,0.414390,0.003760,0.915666,0.898466,1.799367,57.126272,4056,1704,72.448980,158665.000000,75848.000000,91.585061,65350.760670,31380.885380,92.378571,78111.000000,32187.463530,33163.297140,49.253388,19712006.000000,8095129.504020,-10692.000000,-0.054212,7820.424827,0.096700,0.685200,0.000800,0.116891,40.660000,59.340000,0.815400,0.000300,0.036805,44.920000,55.080000,0.761500,0.000300,0.039411,43.230000,56.770000,binance_kline_quote_asset_volume,0.000000,0.000000,0.000000,0.000000,OK
348,2026-06-09 04:15:00 UTC,MAGMAUSDT,0.414370,0.414570,0.408100,0.409310,-0.005080,-1.225898,-1.221131,1.561406,49.847377,2201,-1855,-45.734714,104228.000000,-54437.000000,-34.309394,42765.306390,-22585.454280,-34.560354,28300.000000,11613.531790,31151.774600,27.156433,19703268.000000,8164837.226520,-8738.000000,-0.044328,69707.722500,0.861107,0.690600,0.005400,0.788091,40.850000,59.150000,0.817300,0.001900,0.233014,44.970000,55.030000,0.770200,0.008700,1.142482,43.510000,56.490000,binance_kline_quote_asset_volume,0.000000,0.000000,0.000000,0.000000,OK
349,2026-06-09 04:30:00 UTC,MAGMAUSDT,0.409290,0.412140,0.408350,0.410950,0.001640,0.400674,0.405580,0.925994,51.974846,2440,239,10.858701,96635.000000,-7593.000000,-7.284991,39618.615190,-3146.691200,-7.358047,40008.000000,16403.327100,23215.288090,41.403080,19674038.000000,8054925.554143,-29230.000000,-0.148351,-109911.672377,-1.346159,0.690300,-0.000300,-0.043440,40.840000,59.160000,0.816500,-0.000800,-0.097883,44.950000,55.050000,0.774300,0.004100,0.532329,43.640000,56.360000,binance_kline_quote_asset_volume,0.000000,0.000000,0.000000,0.000000,OK
350,2026-06-09 04:45:00 UTC,MAGMAUSDT,0.410930,0.414510,0.410690,0.412550,0.001600,0.389342,0.394228,0.929599,54.023941,2381,-59,-2.418033,98143.000000,1508.000000,1.560511,40565.680460,947.065270,2.390455,50347.000000,20810.320730,19755.359730,51.300312,19668584.000000,8082804.594800,-5454.000000,-0.027722,27879.040657,0.346112,0.687800,-0.002500,-0.362161,40.750000,59.250000,0.815700,-0.000800,-0.097979,44.930000,55.070000,0.767700,-0.006600,-0.852383,43.430000,56.570000,binance_kline_quote_asset_volume,0.000000,0.000000,0.000000,0.000000,OK
351,2026-06-09 05:00:00 UTC,MAGMAUSDT,0.412470,0.412470,0.407040,0.408470,-0.004080,-0.988971,-0.969767,1.316459,48.357831,2576,195,8.189836,137058.000000,38915.000000,39.651325,56067.163410,15501.482950,38.213295,51575.000000,21112.912030,34954.251380,37.656465,19667589.000000,8113863.841950,-995.000000,-0.005059,31059.247150,0.384263,0.694100,0.006300,0.915964,40.970000,59.030000,0.816700,0.001000,0.122594,44.950000,55.050000,0.775300,0.007600,0.989970,43.670000,56.330000,binance_kline_quote_asset_volume,0.000000,0.000000,0.000000,0.000000,OK
352,2026-06-09 05:15:00 UTC,MAGMAUSDT,0.408450,0.409700,0.406300,0.406840,-0.001630,-0.399050,-0.394173,0.832415,46.269931,2439,-137,-5.318323,95760.000000,-41298.000000,-30.131769,39060.965860,-17006.197550,-30.331832,37792.000000,15423.776700,23637.189160,39.486419,19645174.000000,8021927.442461,-22415.000000,-0.113969,-91936.399489,-1.133078,0.694100,0.000000,0.000000,40.970000,59.030000,0.815600,-0.001100,-0.134688,44.920000,55.080000,0.774600,-0.000700,-0.090288,43.650000,56.350000,binance_kline_quote_asset_volume,0.000000,0.000000,0.000000,0.000000,OK
353,2026-06-09 05:30:00 UTC,MAGMAUSDT,0.406820,0.414620,0.405840,0.409220,0.002380,0.584997,0.589941,2.158203,49.685846,3237,798,32.718327,180520.000000,84760.000000,88.512949,73932.952040,34871.986180,89.275791,113513.000000,46517.160150,27415.791890,62.918034,19629043.000000,7985879.854120,-16131.000000,-0.082112,-36047.588341,-0.449363,0.700100,0.006000,0.864429,41.180000,58.820000,0.813100,-0.002500,-0.306523,44.850000,55.150000,0.780600,0.006000,0.774593,43.840000,56.160000,binance_kline_quote_asset_volume,0.000000,0.000000,0.000000,0.000000,OK
354,2026-06-09 05:45:00 UTC,MAGMAUSDT,0.409080,0.411170,0.405970,0.406870,-0.002350,-0.574263,-0.540237,1.271145,46.539633,1823,-1414,-43.682422,62017.000000,-118503.000000,-65.645358,25337.213510,-48595.738530,-65.729471,26482.000000,10839.571230,14497.642280,42.781229,19637034.000000,8025827.816218,7991.000000,0.040710,39947.962098,0.500232,0.696600,-0.003500,-0.499929,41.060000,58.940000,0.810100,-0.003000,-0.368958,44.750000,55.250000,0.772700,-0.007900,-1.012042,43.590000,56.410000,binance_kline_quote_asset_volume,0.000000,0.000000,0.000000,0.000000,OK
355,2026-06-09 06:00:00 UTC,MAGMAUSDT,0.406850,0.409760,0.405520,0.408380,0.001510,0.371126,0.376060,1.042153,48.783807,3081,1258,69.007131,122974.000000,60957.000000,98.290791,50073.145270,24735.931760,97.626883,69320.000000,28244.741290,21828.403980,56.406965,19620389.000000,7985302.119110,-16645.000000,-0.084763,-40525.697108,-0.504941,0.694100,-0.002500,-0.358886,40.970000,59.030000,0.809900,-0.000200,-0.024688,44.750000,55.250000,0.773000,0.000300,0.038825,43.600000,56.400000,binance_kline_quote_asset_volume,0.000000,0.000000,0.000000,0.000000,OK
356,2026-06-09 06:15:00 UTC,MAGMAUSDT,0.408370,0.408540,0.405680,0.405850,-0.002530,-0.619521,-0.617087,0.700345,45.348866,1375,-1706,-55.371633,44751.000000,-78223.000000,-63.609381,18199.098410,-31874.046860,-63.654973,16371.000000,6655.677270,11543.421140,36.571467,19602408.000000,8000783.592665,-17981.000000,-0.091644,15481.473555,0.193875,0.697800,0.003700,0.533064,41.100000,58.900000,0.810200,0.000300,0.037042,44.760000,55.240000,0.775900,0.002900,0.375162,43.690000,56.310000,binance_kline_quote_asset_volume,0.000000,0.000000,0.000000,0.000000,OK
357,2026-06-09 06:30:00 UTC,MAGMAUSDT,0.405850,0.407020,0.405450,0.405450,-0.000400,-0.098559,-0.098559,0.386842,44.811638,988,-387,-28.145455,28844.000000,-15907.000000,-35.545574,11715.970570,-6483.127840,-35.623346,12501.000000,5078.177460,6637.793110,43.344061,19590066.000000,7951020.087420,-12342.000000,-0.062962,-49763.505245,-0.621983,0.693500,-0.004300,-0.616222,40.950000,59.050000,0.809800,-0.000400,-0.049371,44.750000,55.250000,0.775300,-0.000600,-0.077330,43.670000,56.330000,binance_kline_quote_asset_volume,0.000000,0.000000,0.000000,0.000000,OK
358,2026-06-09 06:45:00 UTC,MAGMAUSDT,0.405450,0.405450,0.400920,0.401190,-0.004260,-1.050684,-1.050684,1.117277,39.451347,2466,1478,149.595142,120585.000000,91741.000000,318.059215,48559.940070,36843.969500,314.476460,45305.000000,18230.054000,30329.886070,37.541344,19580406.000000,7939658.828940,-9660.000000,-0.049311,-11361.258480,-0.142891,0.696100,0.002600,0.374910,41.040000,58.960000,0.809300,-0.000500,-0.061744,44.730000,55.270000,0.778400,0.003100,0.399845,43.770000,56.230000,binance_kline_quote_asset_volume,0.000000,0.000000,0.000000,0.000000,OK
359,2026-06-09 07:00:00 UTC,MAGMAUSDT,0.401180,0.403720,0.400920,0.402020,0.000830,0.206885,0.209382,0.697941,40.933829,2852,386,15.652879,154143.000000,33558.000000,27.829332,61986.504090,13426.564020,27.649466,95438.000000,38379.654980,23606.849110,61.916147,19543831.000000,7840789.558890,-36575.000000,-0.186794,-98869.270050,-1.245258,0.695500,-0.000600,-0.086195,41.020000,58.980000,0.808800,-0.000500,-0.061782,44.710000,55.290000,0.780600,0.002200,0.282631,43.840000,56.160000,binance_kline_quote_asset_volume,0.000000,0.000000,0.000000,0.000000,OK
360,2026-06-09 07:15:00 UTC,MAGMAUSDT,0.402010,0.404510,0.400150,0.401540,-0.000480,-0.119397,-0.116913,1.084550,40.319017,3168,316,11.079944,180253.000000,26110.000000,16.938817,72511.038720,10524.534630,16.978752,96262.000000,38745.498350,33765.540370,53.433931,19552424.000000,7860465.496480,8593.000000,0.043968,19675.937590,0.250943,0.692600,-0.002900,-0.416966,40.920000,59.080000,0.809200,0.000400,0.049456,44.730000,55.270000,0.771800,-0.008800,-1.127338,43.560000,56.440000,binance_kline_quote_asset_volume,0.000000,0.000000,0.000000,0.000000,OK
361,2026-06-09 07:30:00 UTC,MAGMAUSDT,0.401580,0.402580,0.400340,0.400540,-0.001000,-0.249041,-0.258977,0.557797,39.004639,2136,-1032,-32.575758,81710.000000,-98543.000000,-54.669270,32790.710450,-39720.328270,-54.778319,43127.000000,17303.633180,15487.077270,52.769925,19537540.000000,7843338.008735,-14884.000000,-0.076124,-17127.487745,-0.217894,0.695500,0.002900,0.418712,41.020000,58.980000,0.810500,0.001300,0.160652,44.770000,55.230000,0.774000,0.002200,0.285048,43.630000,56.370000,binance_kline_quote_asset_volume,0.000000,0.000000,0.000000,0.000000,OK
362,2026-06-09 07:45:00 UTC,MAGMAUSDT,0.400540,0.400860,0.397020,0.398800,-0.001740,-0.434414,-0.434414,0.958706,36.759157,2917,781,36.563670,103624.000000,21914.000000,26.819239,41354.885180,8564.174730,26.117686,52024.000000,20771.503870,20583.381310,50.227449,19525016.000000,7820549.908640,-12524.000000,-0.064102,-22788.100095,-0.290541,0.695500,0.000000,0.000000,41.020000,58.980000,0.810900,0.000400,0.049352,44.780000,55.220000,0.775300,0.001300,0.167959,43.670000,56.330000,binance_kline_quote_asset_volume,0.000000,0.000000,0.000000,0.000000,OK
363,2026-06-09 08:00:00 UTC,MAGMAUSDT,0.398800,0.400000,0.397870,0.398070,-0.000730,-0.183049,-0.183049,0.534102,35.827266,3540,623,21.357559,96811.000000,-6813.000000,-6.574732,38655.925920,-2698.959260,-6.526337,48669.000000,19441.232130,19214.693790,50.293019,19535456.000000,7786196.491798,10440.000000,0.053470,-34353.416842,-0.439271,0.694600,-0.000900,-0.129403,40.990000,59.010000,0.809700,-0.001200,-0.147984,44.740000,55.260000,0.776500,0.001200,0.154779,43.710000,56.290000,binance_kline_quote_asset_volume,0.000000,0.000000,0.000000,0.000000,OK
364,2026-06-09 08:15:00 UTC,MAGMAUSDT,0.398060,0.399300,0.393210,0.395570,-0.002500,-0.628030,-0.625534,1.529920,32.763910,5928,2388,67.457627,274670.000000,177859.000000,183.717759,108983.980690,70328.054770,181.933437,142825.000000,56717.108580,52266.872110,52.041693,19537152.000000,7776029.733542,1696.000000,0.008682,-10166.758256,-0.130574,0.691800,-0.002800,-0.403110,40.890000,59.110000,0.808900,-0.000800,-0.098802,44.720000,55.280000,0.777500,0.001000,0.128783,43.740000,56.260000,binance_kline_quote_asset_volume,0.000000,0.000000,0.000000,0.000000,OK
365,2026-06-09 08:30:00 UTC,MAGMAUSDT,0.395570,0.396940,0.393820,0.395150,-0.000420,-0.106176,-0.106176,0.788735,32.264789,4537,-1391,-23.464912,207876.000000,-66794.000000,-24.317909,82201.814150,-26782.166540,-24.574407,107813.000000,42660.653170,39541.160980,51.897459,19480666.000000,7706391.533332,-56486.000000,-0.289121,-69638.200210,-0.895550,0.692300,0.000500,0.072275,40.910000,59.090000,0.801600,-0.007300,-0.902460,44.500000,55.500000,0.770500,-0.007000,-0.900322,43.520000,56.480000,binance_kline_quote_asset_volume,0.000000,0.000000,0.000000,0.000000,OK
366,2026-06-09 08:45:00 UTC,MAGMAUSDT,0.395160,0.402150,0.394270,0.401060,0.005910,1.495635,1.493066,1.994129,44.968841,5317,780,17.191977,296177.000000,88301.000000,42.477727,117826.344080,35624.529930,43.337888,172049.000000,68513.278330,49313.065750,58.147674,19486664.000000,7697574.660686,5998.000000,0.030790,-8816.872646,-0.114410,0.682900,-0.009400,-1.357793,40.580000,59.420000,0.800100,-0.001500,-0.187126,44.450000,55.550000,0.758100,-0.012400,-1.609345,43.120000,56.880000,binance_kline_quote_asset_volume,0.000000,0.000000,0.000000,0.000000,OK
367,2026-06-09 09:00:00 UTC,MAGMAUSDT,0.401140,0.406950,0.400610,0.404050,0.002990,0.745524,0.725433,1.580496,50.070948,7068,1751,32.932105,458972.000000,162795.000000,54.965443,185391.304030,67564.959950,57.342830,237891.000000,96141.224510,89250.079520,51.858541,19494297.000000,7818382.754820,7633.000000,0.039170,120808.094134,1.569431,0.671100,-0.011800,-1.727925,40.160000,59.840000,0.799100,-0.001000,-0.124984,44.420000,55.580000,0.741300,-0.016800,-2.216066,42.570000,57.430000,binance_kline_quote_asset_volume,0.000000,0.000000,0.000000,0.000000,OK
368,2026-06-09 09:15:00 UTC,MAGMAUSDT,0.404280,0.413250,0.403760,0.411180,0.007130,1.764633,1.706738,2.347383,59.672566,5658,-1410,-19.949066,324859.000000,-134113.000000,-29.220301,133136.460250,-52254.843780,-28.186243,166833.000000,68307.596160,64828.864090,51.306454,19515184.000000,7887359.220156,20887.000000,0.107144,68976.465336,0.882234,0.674200,0.003100,0.461928,40.270000,59.730000,0.795400,-0.003700,-0.463021,44.300000,55.700000,0.758700,0.017400,2.347228,43.140000,56.860000,binance_kline_quote_asset_volume,0.000000,0.000000,0.000000,0.000000,OK
369,2026-06-09 09:30:00 UTC,MAGMAUSDT,0.411300,0.414440,0.408800,0.409360,-0.001820,-0.442629,-0.471675,1.371262,56.676439,5775,117,2.067869,322421.000000,-2438.000000,-0.750479,132936.584600,-199.875650,-0.150128,201601.000000,83142.170950,49794.413650,62.542731,19571381.000000,8047556.153390,56197.000000,0.287966,160196.933234,2.031059,0.678700,0.004500,0.667458,40.430000,59.570000,0.794400,-0.001000,-0.125723,44.270000,55.730000,0.759000,0.000300,0.039541,43.150000,56.850000,binance_kline_quote_asset_volume,0.000000,0.000000,0.000000,0.000000,OK
370,2026-06-09 09:45:00 UTC,MAGMAUSDT,0.409360,0.410060,0.405190,0.407330,-0.002030,-0.495896,-0.495896,1.189662,53.452668,3907,-1868,-32.346320,137469.000000,-184952.000000,-57.363509,55949.394880,-76987.189720,-57.912718,83102.000000,33826.130170,22123.264710,60.458438,19616625.000000,8029643.293980,45244.000000,0.231174,-17912.859410,-0.222588,0.681200,0.002500,0.368351,40.520000,59.480000,0.787400,-0.007000,-0.881168,44.050000,55.950000,0.769600,0.010600,1.396574,43.490000,56.510000,binance_kline_quote_asset_volume,0.000000,0.000000,0.000000,0.000000,OK
371,2026-06-09 10:00:00 UTC,MAGMAUSDT,0.407460,0.409950,0.403550,0.404400,-0.002930,-0.719318,-0.750994,1.570706,49.110631,3869,-38,-0.972613,179723.000000,42254.000000,30.737112,73181.143750,17231.748870,30.798812,70163.000000,28570.918150,44610.225600,39.041366,19614466.000000,7989360.368227,-2159.000000,-0.011006,-40282.925753,-0.501678,0.682400,0.001200,0.176160,40.560000,59.440000,0.786200,-0.001200,-0.152400,44.010000,55.990000,0.764600,-0.005000,-0.649688,43.330000,56.670000,binance_kline_quote_asset_volume,0.000000,0.000000,0.000000,0.000000,OK
372,2026-06-09 10:15:00 UTC,MAGMAUSDT,0.404370,0.404680,0.402570,0.402570,-0.001830,-0.452522,-0.445137,0.521799,46.566354,2143,-1726,-44.611011,96253.000000,-83470.000000,-46.443694,38840.100040,-34341.043710,-46.926082,46341.000000,18699.300920,20140.799120,48.144317,19618777.000000,7934075.318320,4311.000000,0.021979,-55285.049906,-0.691983,0.678700,-0.003700,-0.542204,40.430000,59.570000,0.785200,-0.001000,-0.127194,43.980000,56.020000,0.762700,-0.001900,-0.248496,43.270000,56.730000,binance_kline_quote_asset_volume,0.000000,0.000000,0.000000,0.000000,OK
373,2026-06-09 10:30:00 UTC,MAGMAUSDT,0.402580,0.405200,0.401570,0.404660,0.002090,0.519164,0.516667,0.901684,49.767141,1673,-470,-21.931871,49935.000000,-46318.000000,-48.121098,20133.908580,-18706.191460,-48.162058,30303.000000,12214.623540,7919.285040,60.666927,19625389.000000,7900592.849730,6612.000000,0.033702,-33482.468590,-0.422008,0.680400,0.001700,0.250479,40.490000,59.510000,0.784200,-0.001000,-0.127356,43.950000,56.050000,0.762100,-0.000600,-0.078668,43.250000,56.750000,binance_kline_quote_asset_volume,0.000000,0.000000,0.000000,0.000000,OK
374,2026-06-09 10:45:00 UTC,MAGMAUSDT,0.404670,0.405320,0.403000,0.403900,-0.000760,-0.187812,-0.190278,0.573307,48.626454,2003,330,19.725045,57208.000000,7273.000000,14.564934,23112.544200,2978.635620,14.794125,27175.000000,10980.491970,12132.052230,47.508798,19621485.000000,7939389.086185,-3904.000000,-0.019893,38796.236455,0.491055,0.681000,0.000600,0.088183,40.510000,59.490000,0.785200,0.001000,0.127518,43.980000,56.020000,0.759000,-0.003100,-0.406771,43.150000,56.850000,binance_kline_quote_asset_volume,0.000000,0.000000,0.000000,0.000000,OK
375,2026-06-09 11:00:00 UTC,MAGMAUSDT,0.403920,0.404050,0.397860,0.399720,-0.004180,-1.034910,-1.039810,1.532482,42.814030,5566,3563,177.883175,248400.000000,191192.000000,334.205006,99400.783320,76288.239120,330.072875,89541.000000,35836.660140,63564.123180,36.052694,19618173.000000,7923780.074700,-3312.000000,-0.016879,-15609.011485,-0.196602,0.684600,0.003600,0.528634,40.640000,59.360000,0.785400,0.000200,0.025471,43.990000,56.010000,0.763700,0.004700,0.619236,43.300000,56.700000,binance_kline_quote_asset_volume,0.000000,0.000000,0.000000,0.000000,OK
376,2026-06-09 11:15:00 UTC,MAGMAUSDT,0.399590,0.400730,0.397770,0.399290,-0.000430,-0.107575,-0.075077,0.740759,42.254485,2600,-2966,-53.287819,81565.000000,-166835.000000,-67.163849,32555.510560,-66845.272760,-67.248235,41159.000000,16430.249070,16125.261490,50.468412,19571194.000000,7821281.859102,-46979.000000,-0.239467,-102498.215598,-1.293552,0.688000,0.003400,0.496640,40.760000,59.240000,0.783900,-0.001500,-0.190985,43.940000,56.060000,0.771200,0.007500,0.982061,43.540000,56.460000,binance_kline_quote_asset_volume,0.000000,0.000000,0.000000,0.000000,OK
377,2026-06-09 11:30:00 UTC,MAGMAUSDT,0.399290,0.400960,0.398160,0.400080,0.000790,0.197851,0.197851,0.701245,43.710020,1839,-761,-29.269231,79847.000000,-1718.000000,-2.106296,31925.445510,-630.065050,-1.935356,30823.000000,12333.388020,19592.057490,38.631843,19558308.000000,7809436.801320,-12886.000000,-0.065842,-11845.057782,-0.151447,0.685500,-0.002500,-0.363372,40.670000,59.330000,0.784000,0.000100,0.012757,43.950000,56.050000,0.767700,-0.003500,-0.453838,43.430000,56.570000,binance_kline_quote_asset_volume,0.000000,0.000000,0.000000,0.000000,OK
378,2026-06-09 11:45:00 UTC,MAGMAUSDT,0.400090,0.401620,0.399440,0.401440,0.001360,0.339932,0.337424,0.544877,46.223047,1626,-213,-11.582382,44960.000000,-34887.000000,-43.692312,18013.257670,-13912.187840,-43.577114,28474.000000,11412.354690,6600.902980,63.355307,19544730.000000,7819455.578400,-13578.000000,-0.069423,10018.777080,0.128291,0.684600,-0.000900,-0.131291,40.640000,59.360000,0.782000,-0.002000,-0.255102,43.880000,56.120000,0.770500,0.002800,0.364726,43.520000,56.480000,binance_kline_quote_asset_volume,0.000000,0.000000,0.000000,0.000000,OK
379,2026-06-09 12:00:00 UTC,MAGMAUSDT,0.401540,0.402290,0.398480,0.399860,-0.001580,-0.393583,-0.418389,0.948847,43.777800,2962,1336,82.164822,100064.000000,55104.000000,122.562278,40031.382920,22018.125250,122.232889,45374.000000,18157.127620,21874.255300,45.357233,19544170.000000,7845811.604800,-560.000000,-0.002865,26356.026400,0.337057,0.683500,-0.001100,-0.160678,40.600000,59.400000,0.781800,-0.000200,-0.025575,43.880000,56.120000,0.770500,0.000000,0.000000,43.520000,56.480000,binance_kline_quote_asset_volume,0.000000,0.000000,0.000000,0.000000,OK
380,2026-06-09 12:15:00 UTC,MAGMAUSDT,0.399880,0.400850,0.397200,0.397890,-0.001970,-0.492672,-0.497649,0.912774,40.874384,2090,-872,-29.439568,68735.000000,-31329.000000,-31.308962,27420.026850,-12611.356070,-31.503673,39933.000000,15933.519310,11486.507540,58.109058,19559759.000000,7819103.830739,15589.000000,0.079763,-26707.774061,-0.340408,0.684100,0.000600,0.087783,40.620000,59.380000,0.780400,-0.001400,-0.179074,43.830000,56.170000,0.772400,0.001900,0.246593,43.580000,56.420000,binance_kline_quote_asset_volume,0.000000,0.000000,0.000000,0.000000,OK
381,2026-06-09 12:30:00 UTC,MAGMAUSDT,0.397900,0.404430,0.397520,0.399060,0.001170,0.294051,0.291531,1.736617,43.280369,5688,3598,172.153110,562317.000000,493582.000000,718.094130,224489.425140,197069.398290,718.706073,252852.000000,101084.692870,123404.732270,45.028710,19554994.000000,7776238.914040,-4765.000000,-0.024361,-42864.916699,-0.548208,0.681500,-0.002600,-0.380061,40.530000,59.470000,0.779800,-0.000600,-0.076884,43.810000,56.190000,0.763000,-0.009400,-1.216986,43.280000,56.720000,binance_kline_quote_asset_volume,0.000000,0.000000,0.000000,0.000000,OK
382,2026-06-09 12:45:00 UTC,MAGMAUSDT,0.399020,0.401160,0.386180,0.390500,-0.008560,-2.145041,-2.135231,3.754198,32.772777,11894,6206,109.106892,762807.000000,200490.000000,35.654266,299704.171380,75214.746240,33.504806,247338.000000,96926.360040,202777.811340,32.340678,19421054.000000,7750068.703970,-133940.000000,-0.684940,-26170.210070,-0.336541,0.676400,-0.005100,-0.748349,40.350000,59.650000,0.793800,0.014000,1.795332,44.250000,55.750000,0.756500,-0.006500,-0.851900,43.070000,56.930000,binance_kline_quote_asset_volume,0.000000,0.000000,0.000000,0.000000,OK
383,2026-06-09 13:00:00 UTC,MAGMAUSDT,0.390590,0.393250,0.387580,0.392100,0.001600,0.409731,0.386595,1.451650,35.905101,7355,-4539,-38.162099,257885.000000,-504922.000000,-66.192628,100658.293270,-199045.878110,-66.414117,124102.000000,48432.437200,52225.856070,48.115695,19277228.000000,7527757.534000,-143826.000000,-0.740567,-222311.169970,-2.868506,0.685500,0.009100,1.345358,40.670000,59.330000,0.797600,0.003800,0.478710,44.370000,55.630000,0.769300,0.012800,1.692003,43.480000,56.520000,binance_kline_quote_asset_volume,0.000000,0.000000,0.000000,0.000000,OK
384,2026-06-09 13:15:00 UTC,MAGMAUSDT,0.392090,0.394700,0.391860,0.392320,0.000220,0.056108,0.058660,0.724323,36.344285,3988,-3367,-45.778382,127477.000000,-130408.000000,-50.568277,50164.147660,-50494.145610,-50.163920,74307.000000,29241.415970,20922.731690,58.291464,19257104.000000,7549157.778104,-20124.000000,-0.104393,21400.244104,0.284284,0.672200,-0.013300,-1.940190,40.200000,59.800000,0.796100,-0.001500,-0.188064,44.320000,55.680000,0.750400,-0.018900,-2.456779,42.870000,57.130000,binance_kline_quote_asset_volume,0.000000,0.000000,0.000000,0.000000,OK
385,2026-06-09 13:30:00 UTC,MAGMAUSDT,0.392310,0.397910,0.392060,0.395350,0.003030,0.772329,0.774897,1.491168,42.216859,3981,-7,-0.175527,176704.000000,49227.000000,38.616378,69887.930480,19723.782820,39.318485,78544.000000,31074.272840,38813.657640,44.463003,19227484.000000,7540544.882770,-29620.000000,-0.153813,-8612.895335,-0.114091,0.674200,0.002000,0.297530,40.270000,59.730000,0.795300,-0.000800,-0.100490,44.300000,55.700000,0.752200,0.001800,0.239872,42.930000,57.070000,binance_kline_quote_asset_volume,0.000000,0.000000,0.000000,0.000000,OK
386,2026-06-09 13:45:00 UTC,MAGMAUSDT,0.395350,0.401850,0.394990,0.399770,0.004420,1.117997,1.117997,1.735171,49.531248,4716,735,18.462698,200231.000000,23527.000000,13.314356,79799.607500,9911.677020,14.182244,145149.000000,57867.653080,21931.954420,72.516213,19257683.000000,7608104.321439,30199.000000,0.157062,67559.438669,0.895949,0.669700,-0.004500,-0.667458,40.110000,59.890000,0.794900,-0.000400,-0.050295,44.290000,55.710000,0.745800,-0.006400,-0.850838,42.720000,57.280000,binance_kline_quote_asset_volume,0.000000,0.000000,0.000000,0.000000,OK
387,2026-06-09 14:00:00 UTC,MAGMAUSDT,0.399770,0.399770,0.395980,0.398040,-0.001730,-0.432749,-0.432749,0.948045,47.022313,4095,-621,-13.167939,123077.000000,-77154.000000,-38.532495,48866.268390,-30933.339110,-38.763774,59335.000000,23561.925800,25304.342590,48.217158,19223987.000000,7682819.498022,-33696.000000,-0.174974,74715.176583,0.982047,0.674800,0.005100,0.761535,40.290000,59.710000,0.797100,0.002200,0.276764,44.360000,55.640000,0.744000,-0.001800,-0.241352,42.660000,57.340000,binance_kline_quote_asset_volume,0.000000,0.000000,0.000000,0.000000,OK
388,2026-06-09 14:15:00 UTC,MAGMAUSDT,0.398050,0.400410,0.396760,0.397090,-0.000950,-0.238669,-0.241176,0.916970,45.654716,3832,-263,-6.422466,103279.000000,-19798.000000,-16.085865,41156.811930,-7709.456460,-15.776642,45944.000000,18319.622570,22837.189360,44.511763,19210583.000000,7643172.307790,-13404.000000,-0.069725,-39647.190232,-0.516050,0.673100,-0.001700,-0.251926,40.230000,59.770000,0.797600,0.000500,0.062727,44.370000,55.630000,0.742500,-0.001500,-0.201613,42.610000,57.390000,binance_kline_quote_asset_volume,0.000000,0.000000,0.000000,0.000000,OK
389,2026-06-09 14:30:00 UTC,MAGMAUSDT,0.397080,0.400820,0.394990,0.399800,0.002710,0.682465,0.685001,1.468218,50.112096,4565,733,19.128392,176974.000000,73695.000000,71.355261,70327.634140,29170.822210,70.877264,80943.000000,32187.877680,38139.756460,45.768464,19194159.000000,7628601.602122,-16424.000000,-0.085495,-14570.705668,-0.190637,0.671700,-0.001400,-0.207993,40.180000,59.820000,0.796800,-0.000800,-0.100301,44.340000,55.660000,0.744300,0.001800,0.242424,42.670000,57.330000,binance_kline_quote_asset_volume,0.000000,0.000000,0.000000,0.000000,OK
390,2026-06-09 14:45:00 UTC,MAGMAUSDT,0.399800,0.399990,0.393580,0.396840,-0.002960,-0.740370,-0.740370,1.603302,45.702815,5537,972,21.292442,182091.000000,5117.000000,2.891385,72124.779750,1797.145610,2.555390,99270.000000,39315.083910,32809.695840,54.509815,19183986.000000,7669918.364603,-10173.000000,-0.053000,41316.762481,0.541603,0.674200,0.002500,0.372190,40.270000,59.730000,0.796500,-0.000300,-0.037651,44.340000,55.660000,0.747600,0.003300,0.443370,42.780000,57.220000,binance_kline_quote_asset_volume,0.000000,0.000000,0.000000,0.000000,OK
391,2026-06-09 15:00:00 UTC,MAGMAUSDT,0.396840,0.397890,0.395120,0.395680,-0.001160,-0.292309,-0.292309,0.698014,44.066435,3805,-1732,-31.280477,94689.000000,-87402.000000,-47.999077,37540.865990,-34583.913760,-47.950114,56444.000000,22382.417680,15158.448310,59.621474,19176504.000000,7610003.847360,-7482.000000,-0.039001,-59914.517243,-0.781162,0.672500,-0.001700,-0.252151,40.210000,59.790000,0.796300,-0.000200,-0.025110,44.330000,55.670000,0.740600,-0.007000,-0.936330,42.550000,57.450000,binance_kline_quote_asset_volume,0.000000,0.000000,0.000000,0.000000,OK
392,2026-06-09 15:15:00 UTC,MAGMAUSDT,0.395570,0.396090,0.392330,0.392430,-0.003250,-0.821371,-0.793791,0.950527,39.770013,2734,-1071,-28.147175,80967.000000,-13722.000000,-14.491652,31955.452590,-5585.413400,-14.878222,39717.000000,15680.783800,16274.668790,49.070761,19184289.000000,7590839.471520,7785.000000,0.040597,-19164.375840,-0.251831,0.671700,-0.000800,-0.118959,40.180000,59.820000,0.794700,-0.001600,-0.200929,44.280000,55.720000,0.745200,0.004600,0.621118,42.700000,57.300000,binance_kline_quote_asset_volume,0.000000,0.000000,0.000000,0.000000,OK
393,2026-06-09 15:30:00 UTC,MAGMAUSDT,0.392500,0.394210,0.391660,0.392820,0.000390,0.099381,0.081529,0.649682,40.519458,4115,1381,50.512070,133568.000000,52601.000000,64.965974,52481.405370,20525.952780,64.233022,70138.000000,27580.885990,24900.519380,52.553635,19185822.000000,7529092.127460,1533.000000,0.007991,-61747.344060,-0.813446,0.668300,-0.003400,-0.506178,40.060000,59.940000,0.794300,-0.000400,-0.050333,44.270000,55.730000,0.742500,-0.002700,-0.362319,42.610000,57.390000,binance_kline_quote_asset_volume,0.000000,0.000000,0.000000,0.000000,OK
394,2026-06-09 15:45:00 UTC,MAGMAUSDT,0.392670,0.393850,0.381710,0.386060,-0.006760,-1.720890,-1.683347,3.091655,32.881953,5155,1040,25.273390,339235.000000,205667.000000,153.979247,131784.605460,79303.200090,151.107234,101619.000000,39524.349510,92260.255950,29.991629,19153797.000000,7520601.059326,-32025.000000,-0.166920,-8491.068134,-0.112777,0.673400,0.005100,0.763130,40.240000,59.760000,0.794500,0.000200,0.025179,44.270000,55.730000,0.742800,0.000300,0.040404,42.620000,57.380000,binance_kline_quote_asset_volume,0.000000,0.000000,0.000000,0.000000,OK
395,2026-06-09 16:00:00 UTC,MAGMAUSDT,0.386110,0.388680,0.364320,0.371450,-0.014610,-3.784386,-3.796845,6.309083,22.855188,23507,18352,356.003880,1736379.000000,1397144.000000,411.851371,648023.711290,516239.105830,391.729447,685111.000000,256060.325950,391963.385340,39.514037,19071344.000000,7357071.512381,-82453.000000,-0.430479,-163529.546944,-2.174421,0.690300,0.016900,2.509653,40.840000,59.160000,0.786400,-0.008100,-1.019509,44.020000,55.980000,0.766500,0.023700,3.190630,43.390000,56.610000,binance_kline_quote_asset_volume,0.000000,0.000000,0.000000,0.000000,OK
396,2026-06-09 16:15:00 UTC,MAGMAUSDT,0.371450,0.374040,0.365820,0.369210,-0.002240,-0.603042,-0.603042,2.212949,21.759625,12336,-11171,-47.522015,504607.000000,-1231772.000000,-70.939121,186680.380140,-461343.331150,-71.192353,239713.000000,88768.909160,97911.470980,47.551279,18822640.000000,6990463.661455,-248704.000000,-1.304072,-366607.850926,-4.983068,0.743100,0.052800,7.648848,42.630000,57.370000,0.782000,-0.004400,-0.559512,43.880000,56.120000,0.806000,0.039500,5.153294,44.630000,55.370000,binance_kline_quote_asset_volume,0.000000,0.000000,0.000000,0.000000,OK
397,2026-06-09 16:30:00 UTC,MAGMAUSDT,0.369320,0.372140,0.366050,0.370430,0.001220,0.330435,0.300552,1.648976,23.899251,10415,-1921,-15.572309,325783.000000,-178824.000000,-35.438272,120369.861130,-66310.519010,-35.520883,176624.000000,65279.139930,55090.721200,54.232130,18810947.000000,6946506.508160,-11693.000000,-0.062122,-43957.153295,-0.628816,0.746700,0.003600,0.484457,42.750000,57.250000,0.781000,-0.001000,-0.127877,43.850000,56.150000,0.810300,0.004300,0.533499,44.760000,55.240000,binance_kline_quote_asset_volume,0.000000,0.000000,0.000000,0.000000,OK
398,2026-06-09 16:45:00 UTC,MAGMAUSDT,0.370520,0.370520,0.366980,0.369400,-0.001030,-0.278055,-0.302278,0.955414,23.319439,8203,-2212,-21.238598,299121.000000,-26662.000000,-8.183975,110305.817130,-10064.044000,-8.360933,176399.000000,65043.693030,45262.124100,58.966693,18803487.000000,6965375.689410,-7460.000000,-0.039658,18869.181250,0.271636,0.740000,-0.006700,-0.897281,42.530000,57.470000,0.779400,-0.001600,-0.204866,43.800000,56.200000,0.804100,-0.006200,-0.765149,44.570000,55.430000,binance_kline_quote_asset_volume,0.000000,0.000000,0.000000,0.000000,OK
399,2026-06-09 17:00:00 UTC,MAGMAUSDT,0.369420,0.370140,0.363060,0.366460,-0.002940,-0.795885,-0.801256,1.916518,21.701066,9401,1198,14.604413,311653.000000,12532.000000,4.189609,114220.038980,3914.221850,3.548518,146180.000000,53576.432020,60643.606960,46.906333,18815170.000000,6950135.646300,11683.000000,0.062132,-15240.043110,-0.218797,0.739700,-0.000300,-0.040541,42.520000,57.480000,0.779900,0.000500,0.064152,43.820000,56.180000,0.803100,-0.001000,-0.124363,44.540000,55.460000,binance_kline_quote_asset_volume,0.000000,0.000000,0.000000,0.000000,OK
400,2026-06-09 17:15:00 UTC,MAGMAUSDT,0.366450,0.369650,0.365140,0.367070,0.000610,0.166457,0.169191,1.230727,22.896707,6381,-3020,-32.124242,234032.000000,-77621.000000,-24.906226,85923.225260,-28296.813720,-24.773949,146710.000000,53872.381970,32050.843290,62.698277,18833333.000000,6897143.211260,18163.000000,0.096534,-52992.435040,-0.762466,0.735200,-0.004500,-0.608355,42.370000,57.630000,0.780400,0.000500,0.064111,43.830000,56.170000,0.797300,-0.005800,-0.722201,44.360000,55.640000,binance_kline_quote_asset_volume,0.000000,0.000000,0.000000,0.000000,OK
401,2026-06-09 17:30:00 UTC,MAGMAUSDT,0.367070,0.367320,0.362000,0.362850,-0.004220,-1.149644,-1.149644,1.449315,20.557917,6206,-175,-2.742517,220305.000000,-13727.000000,-5.865437,80140.364840,-5782.860420,-6.730265,111915.000000,40714.154040,39426.210800,50.803555,18816229.000000,6906873.179030,-17104.000000,-0.090818,9729.967770,0.141072,0.730400,-0.004800,-0.652884,42.210000,57.790000,0.779100,-0.001300,-0.166581,43.790000,56.210000,0.796600,-0.000700,-0.087796,44.340000,55.660000,binance_kline_quote_asset_volume,0.000000,0.000000,0.000000,0.000000,OK
402,2026-06-09 17:45:00 UTC,MAGMAUSDT,0.362850,0.376620,0.362240,0.373310,0.010460,2.882734,2.882734,3.963070,37.577941,9115,2909,46.873993,498467.000000,278162.000000,126.262227,184579.839050,104439.474210,130.320687,351547.000000,130147.145570,54432.693480,70.509946,18838227.000000,6830215.900431,21998.000000,0.116910,-76657.278599,-1.109869,0.727700,-0.002700,-0.369660,42.120000,57.880000,0.778900,-0.000200,-0.025671,43.780000,56.220000,0.793400,-0.003200,-0.401707,44.240000,55.760000,binance_kline_quote_asset_volume,0.000000,0.000000,0.000000,0.000000,OK
403,2026-06-09 18:00:00 UTC,MAGMAUSDT,0.373250,0.377560,0.371290,0.371810,-0.001500,-0.401811,-0.385800,1.679839,36.374430,7620,-1495,-16.401536,265471.000000,-232996.000000,-46.742513,99409.615900,-85170.223150,-46.142755,126877.000000,47543.179280,51866.436620,47.825534,18800700.000000,7018489.317000,-37527.000000,-0.199207,188273.416569,2.756478,0.721200,-0.006500,-0.893225,41.900000,58.100000,0.781000,0.002100,0.269611,43.850000,56.150000,0.792100,-0.001300,-0.163852,44.200000,55.800000,binance_kline_quote_asset_volume,0.000000,0.000000,0.000000,0.000000,OK
404,2026-06-09 18:15:00 UTC,MAGMAUSDT,0.371840,0.372600,0.368220,0.370260,-0.001550,-0.416880,-0.424914,1.177926,35.122646,4341,-3279,-43.031496,116018.000000,-149453.000000,-56.297298,42925.313890,-56484.302010,-56.819757,60154.000000,22261.566040,20663.747850,51.861161,18789902.000000,6985583.873217,-10798.000000,-0.057434,-32905.443783,-0.468839,0.722100,0.000900,0.124792,41.930000,58.070000,0.777700,-0.003300,-0.422535,43.750000,56.250000,0.798600,0.006500,0.820603,44.400000,55.600000,binance_kline_quote_asset_volume,0.000000,0.000000,0.000000,0.000000,OK
405,2026-06-09 18:30:00 UTC,MAGMAUSDT,0.370240,0.371800,0.364520,0.365360,-0.004900,-1.323394,-1.318064,1.966292,31.439205,4011,-330,-7.601935,153260.000000,37242.000000,32.100191,56344.190520,13418.876630,31.260987,54913.000000,20229.281180,36114.909340,35.903047,18782097.000000,6952937.539054,-7805.000000,-0.041538,-32646.334162,-0.467339,0.726500,0.004400,0.609334,42.080000,57.920000,0.777200,-0.000500,-0.064292,43.730000,56.270000,0.798200,-0.000400,-0.050088,44.390000,55.610000,binance_kline_quote_asset_volume,0.000000,0.000000,0.000000,0.000000,OK
406,2026-06-09 18:45:00 UTC,MAGMAUSDT,0.365410,0.367960,0.364210,0.366550,0.001190,0.325706,0.311978,1.026244,33.269522,3490,-521,-12.989279,109658.000000,-43602.000000,-28.449693,40128.616110,-16215.574410,-28.779497,61087.000000,22364.560610,17764.055500,55.732200,18779937.000000,6858778.167642,-2160.000000,-0.011500,-94159.371412,-1.354239,0.725300,-0.001200,-0.165175,42.040000,57.960000,0.777200,0.000000,0.000000,43.730000,56.270000,0.793100,-0.005100,-0.638938,44.230000,55.770000,binance_kline_quote_asset_volume,0.000000,0.000000,0.000000,0.000000,OK
407,2026-06-09 19:00:00 UTC,MAGMAUSDT,0.366560,0.374340,0.364270,0.368020,0.001470,0.401037,0.398298,2.747163,35.558142,7924,4434,127.048711,418288.000000,308630.000000,281.447774,154177.555270,114048.939160,284.208503,215106.000000,79361.099510,74816.455760,51.473834,18758162.000000,6872757.392846,-21775.000000,-0.115948,13979.225204,0.203815,0.726200,0.000900,0.124087,42.070000,57.930000,0.778100,0.000900,0.115800,43.760000,56.240000,0.794700,0.001600,0.201740,44.280000,55.720000,binance_kline_quote_asset_volume,0.000000,0.000000,0.000000,0.000000,OK
408,2026-06-09 19:15:00 UTC,MAGMAUSDT,0.367880,0.397250,0.367880,0.383930,0.015910,4.323135,4.362836,7.983582,53.961833,27092,19168,241.898031,1411833.000000,993545.000000,237.526537,548161.921230,393984.365960,255.539378,713227.000000,275999.759750,272162.161480,50.350042,18799322.000000,6910596.364441,41160.000000,0.219424,37838.971594,0.550565,0.729200,0.003000,0.413109,42.170000,57.830000,0.776200,-0.001900,-0.244185,43.700000,56.300000,0.793700,-0.001000,-0.125834,44.250000,55.750000,binance_kline_quote_asset_volume,0.000000,0.000000,0.000000,0.000000,OK
409,2026-06-09 19:30:00 UTC,MAGMAUSDT,0.383920,0.385570,0.379940,0.380410,-0.003520,-0.916834,-0.914253,1.466451,50.523948,5521,-21571,-79.621290,152750.000000,-1259083.000000,-89.180732,58496.709590,-489665.211640,-89.328571,87784.000000,33640.790100,24855.919490,57.508859,18802992.000000,7229426.260418,3670.000000,0.019522,318829.895977,4.613638,0.732800,0.003600,0.493692,42.290000,57.710000,0.784500,0.008300,1.069312,43.960000,56.040000,0.817500,0.023800,2.998614,44.980000,55.020000,binance_kline_quote_asset_volume,0.000000,0.000000,0.000000,0.000000,OK
410,2026-06-09 19:45:00 UTC,MAGMAUSDT,0.380260,0.381640,0.376620,0.378020,-0.002390,-0.628269,-0.589071,1.320149,48.275062,4639,-882,-15.975367,137385.000000,-15365.000000,-10.058920,52035.816970,-6460.892620,-11.044882,64361.000000,24378.648430,27657.168540,46.849747,18777007.000000,7141333.829673,-25985.000000,-0.138196,-88092.430745,-1.218526,0.736100,0.003300,0.450328,42.400000,57.600000,0.785400,0.000900,0.114723,43.990000,56.010000,0.811900,-0.005600,-0.685015,44.810000,55.190000,binance_kline_quote_asset_volume,0.000000,0.000000,0.000000,0.000000,OK
411,2026-06-09 20:00:00 UTC,MAGMAUSDT,0.378110,0.378260,0.374230,0.375840,-0.002180,-0.576689,-0.600354,1.065827,46.252738,6509,1870,40.310412,210922.000000,73537.000000,53.526222,79290.793880,27254.976910,52.377340,92734.000000,34886.327840,44404.466040,43.997955,18762003.000000,7089588.129748,-15004.000000,-0.079906,-51745.699925,-0.724594,0.738800,0.002700,0.366798,42.490000,57.510000,0.785500,0.000100,0.012732,43.990000,56.010000,0.820200,0.008300,1.022293,45.060000,54.940000,binance_kline_quote_asset_volume,0.000000,0.000000,0.000000,0.000000,OK
412,2026-06-09 20:15:00 UTC,MAGMAUSDT,0.375740,0.376400,0.372410,0.373170,-0.002670,-0.710409,-0.683984,1.061905,43.830885,4218,-2291,-35.197419,115576.000000,-95346.000000,-45.204388,43214.664950,-36076.128930,-45.498509,49432.000000,18484.909990,24729.754960,42.774623,18728145.000000,7035350.713163,-33858.000000,-0.180460,-54237.416586,-0.765029,0.738500,-0.000300,-0.040606,42.480000,57.520000,0.784700,-0.000800,-0.101846,43.970000,56.030000,0.822800,0.002600,0.316996,45.140000,54.860000,binance_kline_quote_asset_volume,0.000000,0.000000,0.000000,0.000000,OK
413,2026-06-09 20:30:00 UTC,MAGMAUSDT,0.373180,0.377690,0.373060,0.375750,0.002580,0.691374,0.688676,1.240688,46.733298,3259,-959,-22.735894,93975.000000,-21601.000000,-18.689866,35325.894220,-7888.770730,-18.254846,51949.000000,19516.229280,15809.664940,55.246243,18704127.000000,6976955.470746,-24018.000000,-0.128245,-58395.242416,-0.830026,0.737600,-0.000900,-0.121869,42.450000,57.550000,0.783400,-0.001300,-0.165668,43.930000,56.070000,0.819800,-0.003000,-0.364609,45.050000,54.950000,binance_kline_quote_asset_volume,0.000000,0.000000,0.000000,0.000000,OK
414,2026-06-09 20:45:00 UTC,MAGMAUSDT,0.375730,0.378950,0.374210,0.377640,0.001890,0.502994,0.508344,1.261544,48.819669,2712,-547,-16.784290,92667.000000,-1308.000000,-1.391860,34872.984040,-452.910180,-1.282091,59100.000000,22261.472620,12611.511420,63.835870,18696344.000000,7025531.354674,-7783.000000,-0.041611,48575.883927,0.696233,0.738500,0.000900,0.122017,42.480000,57.520000,0.784100,0.000700,0.089354,43.950000,56.050000,0.818800,-0.001000,-0.121981,45.020000,54.980000,binance_kline_quote_asset_volume,0.000000,0.000000,0.000000,0.000000,OK
415,2026-06-09 21:00:00 UTC,MAGMAUSDT,0.377690,0.379440,0.375620,0.379160,0.001520,0.402500,0.389208,1.011411,50.498924,2798,86,3.171091,92927.000000,260.000000,0.280575,35044.537630,171.553590,0.491938,49701.000000,18755.518410,16289.019220,53.519092,18687285.000000,7057433.325677,-9059.000000,-0.048453,31901.971004,0.454086,0.732200,-0.006300,-0.853081,42.270000,57.730000,0.784300,0.000200,0.025507,43.950000,56.050000,0.809300,-0.009500,-1.160234,44.730000,55.270000,binance_kline_quote_asset_volume,0.000000,0.000000,0.000000,0.000000,OK
416,2026-06-09 21:15:00 UTC,MAGMAUSDT,0.379170,0.379320,0.375500,0.376430,-0.002730,-0.720013,-0.722631,1.007464,47.485382,811,-1987,-71.015011,43949.000000,-48978.000000,-52.705887,16610.292980,-18434.244650,-52.602334,22275.000000,8427.215720,8183.077260,50.734901,18694884.000000,7086742.027081,7599.000000,0.040664,29308.701404,0.415288,0.730100,-0.002100,-0.286807,42.200000,57.800000,0.783300,-0.001000,-0.127502,43.930000,56.070000,0.810600,0.001300,0.160633,44.770000,55.230000,binance_kline_quote_asset_volume,0.000000,0.000000,0.000000,0.000000,OK
417,2026-06-09 21:30:00 UTC,MAGMAUSDT,0.376540,0.377020,0.374820,0.375060,-0.001370,-0.363945,-0.393053,0.584267,46.001796,559,-252,-31.072750,31941.000000,-12008.000000,-27.322578,12005.603100,-4604.689880,-27.721906,10342.000000,3886.458020,8119.145080,32.372035,18696803.000000,7037886.109186,1919.000000,0.010265,-48855.917895,-0.689399,0.727700,-0.002400,-0.328722,42.120000,57.880000,0.783400,0.000100,0.012767,43.930000,56.070000,0.811600,0.001000,0.123365,44.800000,55.200000,binance_kline_quote_asset_volume,0.000000,0.000000,0.000000,0.000000,OK
418,2026-06-09 21:45:00 UTC,MAGMAUSDT,0.374900,0.376640,0.372750,0.373220,-0.001840,-0.490588,-0.448119,1.037610,44.012889,769,210,37.567084,66860.000000,34919.000000,109.323440,25062.837220,13057.234120,108.759502,24908.000000,9354.096910,15708.740310,37.322578,18691225.000000,7010330.848500,-5578.000000,-0.029834,-27555.260686,-0.391528,0.730400,0.002700,0.371032,42.210000,57.790000,0.783300,-0.000100,-0.012765,43.920000,56.080000,0.812600,0.001000,0.123213,44.830000,55.170000,binance_kline_quote_asset_volume,0.000000,0.000000,0.000000,0.000000,OK
419,2026-06-09 22:00:00 UTC,MAGMAUSDT,0.373330,0.377570,0.372570,0.377050,0.003830,1.026204,0.996437,1.339298,48.959630,1008,239,31.079324,62470.000000,-4390.000000,-6.565959,23409.513450,-1653.323770,-6.596714,37117.000000,13916.288280,9493.225170,59.447149,18680900.000000,6972085.498000,-10325.000000,-0.055240,-38245.350500,-0.545557,0.734300,0.003900,0.533954,42.340000,57.660000,0.781600,-0.001700,-0.217031,43.870000,56.130000,0.812900,0.000300,0.036919,44.840000,55.160000,binance_kline_quote_asset_volume,0.000000,0.000000,0.000000,0.000000,OK
420,2026-06-09 22:15:00 UTC,MAGMAUSDT,0.377050,0.378740,0.375990,0.377720,0.000670,0.177695,0.177695,0.729346,49.795302,911,-97,-9.623016,44316.000000,-18154.000000,-29.060349,16729.972520,-6679.540930,-28.533446,21632.000000,8168.791970,8561.180550,48.827289,18675176.000000,7041475.110800,-5724.000000,-0.030641,69389.612800,0.995249,0.728600,-0.005700,-0.776249,42.150000,57.850000,0.781500,-0.000100,-0.012794,43.870000,56.130000,0.808000,-0.004900,-0.602780,44.690000,55.310000,binance_kline_quote_asset_volume,0.000000,0.000000,0.000000,0.000000,OK
421,2026-06-09 22:30:00 UTC,MAGMAUSDT,0.377750,0.378380,0.374440,0.375360,-0.002360,-0.624801,-0.632694,1.043018,46.883485,547,-364,-39.956092,30661.000000,-13655.000000,-30.812799,11541.314690,-5188.657830,-31.014144,18674.000000,7025.679080,4515.635610,60.874166,18677610.000000,7054470.353454,2434.000000,0.013033,12995.242654,0.184553,0.726800,-0.001800,-0.247049,42.090000,57.910000,0.781600,0.000100,0.012796,43.870000,56.130000,0.804400,-0.003600,-0.445545,44.580000,55.420000,binance_kline_quote_asset_volume,0.000000,0.000000,0.000000,0.000000,OK
422,2026-06-09 22:45:00 UTC,MAGMAUSDT,0.375390,0.375800,0.374010,0.375180,-0.000180,-0.047954,-0.055942,0.476837,46.659376,533,-14,-2.559415,22471.000000,-8190.000000,-26.711458,8426.556450,-3114.758240,-26.987898,10944.000000,4105.079700,4321.476750,48.715982,18675405.000000,7010000.020800,-2205.000000,-0.011806,-44470.332654,-0.630385,0.731600,0.004800,0.660429,42.250000,57.750000,0.781700,0.000100,0.012794,43.870000,56.130000,0.809000,0.004600,0.571855,44.720000,55.280000,binance_kline_quote_asset_volume,0.000000,0.000000,0.000000,0.000000,OK
423,2026-06-09 23:00:00 UTC,MAGMAUSDT,0.375180,0.377350,0.374010,0.374420,-0.000760,-0.202569,-0.202569,0.890239,45.666794,1103,570,106.941839,81892.000000,59421.000000,264.434160,30772.381870,22345.825420,265.183359,28723.000000,10807.619450,19964.762420,35.121166,18675306.000000,7002233.151007,-99.000000,-0.000530,-7766.869793,-0.110797,0.726800,-0.004800,-0.656096,42.090000,57.910000,0.781600,-0.000100,-0.012793,43.870000,56.130000,0.804100,-0.004900,-0.605686,44.570000,55.430000,binance_kline_quote_asset_volume,0.000000,0.000000,0.000000,0.000000,OK
424,2026-06-09 23:15:00 UTC,MAGMAUSDT,0.374460,0.375040,0.372760,0.374030,-0.000390,-0.104161,-0.114832,0.608877,45.136169,774,-329,-29.827743,39210.000000,-42682.000000,-52.119865,14654.713110,-16117.668760,-52.377059,15120.000000,5652.518150,9002.194960,38.571333,18690289.000000,6997289.833721,14983.000000,0.080229,-4943.317286,-0.070596,0.730100,0.003300,0.454045,42.200000,57.800000,0.780600,-0.001000,-0.127943,43.840000,56.160000,0.810300,0.006200,0.771048,44.760000,55.240000,binance_kline_quote_asset_volume,0.000000,0.000000,0.000000,0.000000,OK
425,2026-06-09 23:30:00 UTC,MAGMAUSDT,0.374080,0.375340,0.373140,0.374450,0.000420,0.112290,0.098909,0.588109,45.865676,803,29,3.746770,43230.000000,4020.000000,10.252487,16185.002430,1530.289320,10.442301,32328.000000,12105.237280,4079.765150,74.792928,18695392.000000,6991283.549471,5103.000000,0.027303,-6006.284249,-0.085837,0.729500,-0.000600,-0.082181,42.180000,57.820000,0.780300,-0.000300,-0.038432,43.830000,56.170000,0.809000,-0.001300,-0.160434,44.720000,55.280000,binance_kline_quote_asset_volume,0.000000,0.000000,0.000000,0.000000,OK
426,2026-06-09 23:45:00 UTC,MAGMAUSDT,0.374400,0.375360,0.373250,0.373940,-0.000510,-0.136200,-0.122863,0.563568,45.081795,761,-42,-5.230386,32793.000000,-10437.000000,-24.142956,12266.880260,-3918.122170,-24.208351,20045.000000,7497.744770,4769.135490,61.121855,18687915.000000,6997183.889891,-7477.000000,-0.039994,5900.340420,0.084396,0.730400,0.000900,0.123372,42.210000,57.790000,0.780600,0.000300,0.038447,43.840000,56.160000,0.808600,-0.000400,-0.049444,44.710000,55.290000,binance_kline_quote_asset_volume,0.000000,0.000000,0.000000,0.000000,OK
427,2026-06-10 00:00:00 UTC,MAGMAUSDT,0.373870,0.378990,0.372780,0.376120,0.002180,0.582981,0.601813,1.661005,49.087317,1579,818,107.490145,155675.000000,122882.000000,374.720215,58513.669370,46246.789110,377.005303,61100.000000,22975.471410,35538.197960,39.265135,18678876.000000,6984778.891440,-9039.000000,-0.048368,-12404.998451,-0.177286,0.725600,-0.004800,-0.657174,42.050000,57.950000,0.780500,-0.000100,-0.012811,43.840000,56.160000,0.804700,-0.003900,-0.482315,44.590000,55.410000,binance_kline_quote_asset_volume,0.000000,0.000000,0.000000,0.000000,OK
428,2026-06-10 00:15:00 UTC,MAGMAUSDT,0.376130,0.378280,0.375870,0.377160,0.001040,0.276507,0.273841,0.640736,50.926200,744,-835,-52.881571,37455.000000,-118220.000000,-75.940260,14121.070730,-44392.598640,-75.867057,17069.000000,6433.603920,7687.466810,45.560312,18693397.000000,7027637.354455,14521.000000,0.077740,42858.463015,0.613598,0.722400,-0.003200,-0.441014,41.940000,58.060000,0.783500,0.003000,0.384369,43.930000,56.070000,0.795700,-0.009000,-1.118429,44.310000,55.690000,binance_kline_quote_asset_volume,0.000000,0.000000,0.000000,0.000000,OK
429,2026-06-10 00:30:00 UTC,MAGMAUSDT,0.377160,0.377920,0.374430,0.375580,-0.001580,-0.418920,-0.418920,0.925337,48.084726,757,13,1.747312,37785.000000,330.000000,0.881057,14223.491440,102.420710,0.725304,21002.000000,7905.224490,6318.266950,55.578650,18688798.000000,7045035.259565,-4599.000000,-0.024602,17397.905109,0.247564,0.725600,0.003200,0.442968,42.050000,57.950000,0.782800,-0.000700,-0.089343,43.910000,56.090000,0.797600,0.001900,0.238783,44.370000,55.630000,binance_kline_quote_asset_volume,0.000000,0.000000,0.000000,0.000000,OK
430,2026-06-10 00:45:00 UTC,MAGMAUSDT,0.375410,0.376530,0.374200,0.374950,-0.000630,-0.167741,-0.122533,0.620655,46.959616,868,111,14.663144,47162.000000,9377.000000,24.816726,17701.772850,3478.281410,24.454484,15882.000000,5963.146410,11738.626440,33.686719,18682546.000000,7016785.395567,-6252.000000,-0.033453,-28249.863998,-0.400990,0.722400,-0.003200,-0.441014,41.940000,58.060000,0.782800,0.000000,0.000000,43.910000,56.090000,0.794000,-0.003600,-0.451354,44.260000,55.740000,binance_kline_quote_asset_volume,0.000000,0.000000,0.000000,0.000000,OK
431,2026-06-10 01:00:00 UTC,MAGMAUSDT,0.375040,0.376200,0.374350,0.375190,0.000240,0.064009,0.039996,0.493281,47.463930,892,24,2.764977,42710.000000,-4452.000000,-9.439803,16022.483820,-1679.289030,-9.486558,23436.000000,8793.190210,7229.293610,54.880319,18681606.000000,7003431.260567,-940.000000,-0.005031,-13354.135000,-0.190317,0.720000,-0.002400,-0.332226,41.860000,58.140000,0.784000,0.001200,0.153296,43.950000,56.050000,0.790500,-0.003500,-0.440806,44.150000,55.850000,binance_kline_quote_asset_volume,0.000000,0.000000,0.000000,0.000000,OK
432,2026-06-10 01:15:00 UTC,MAGMAUSDT,0.375020,0.376670,0.374820,0.375830,0.000640,0.170580,0.215988,0.493307,48.860316,705,-187,-20.964126,34664.000000,-8046.000000,-18.838679,13027.359270,-2995.124550,-18.693260,18654.000000,7009.008250,6018.351020,53.802218,18678105.000000,7005741.224102,-3501.000000,-0.018740,2309.963535,0.032983,0.720600,0.000600,0.083333,41.880000,58.120000,0.783900,-0.000100,-0.012755,43.940000,56.060000,0.795300,0.004800,0.607211,44.300000,55.700000,binance_kline_quote_asset_volume,0.000000,0.000000,0.000000,0.000000,OK
433,2026-06-10 01:30:00 UTC,MAGMAUSDT,0.375800,0.377200,0.374690,0.376460,0.000630,0.167629,0.175625,0.667908,50.261785,799,94,13.333333,23917.000000,-10747.000000,-31.003346,8992.104280,-4035.254990,-30.975234,10315.000000,3877.277350,5114.826930,43.118688,18674250.000000,7017101.539875,-3855.000000,-0.020639,11360.315773,0.162157,0.720300,-0.000300,-0.041632,41.870000,58.130000,0.784300,0.000400,0.051027,43.960000,56.040000,0.795000,-0.000300,-0.037722,44.290000,55.710000,binance_kline_quote_asset_volume,0.000000,0.000000,0.000000,0.000000,OK
434,2026-06-10 01:45:00 UTC,MAGMAUSDT,0.376440,0.377910,0.376140,0.377160,0.000700,0.185943,0.191266,0.470194,51.841014,717,-82,-10.262829,36140.000000,12223.000000,51.105908,13630.207020,4638.102740,51.579726,23845.000000,8995.812970,4634.394050,65.999093,18670971.000000,7027816.965701,-3279.000000,-0.017559,10715.425826,0.152704,0.716700,-0.003600,-0.499792,41.750000,58.250000,0.784200,-0.000100,-0.012750,43.950000,56.050000,0.793100,-0.001900,-0.238994,44.230000,55.770000,binance_kline_quote_asset_volume,0.000000,0.000000,0.000000,0.000000,OK
435,2026-06-10 02:00:00 UTC,MAGMAUSDT,0.377070,0.378200,0.375430,0.375570,-0.001590,-0.421572,-0.397804,0.734612,48.104838,906,189,26.359833,37775.000000,1635.000000,4.524073,14245.026720,614.819700,4.510714,17724.000000,6683.316320,7561.710400,46.916839,18663178.000000,7039004.214480,-7793.000000,-0.041739,11187.248779,0.159185,0.719400,0.002700,0.376727,41.840000,58.160000,0.783900,-0.000300,-0.038256,43.940000,56.060000,0.797900,0.004800,0.605220,44.380000,55.620000,binance_kline_quote_asset_volume,0.000000,0.000000,0.000000,0.000000,OK
436,2026-06-10 02:15:00 UTC,MAGMAUSDT,0.375510,0.376320,0.373560,0.374430,-0.001140,-0.303539,-0.287609,0.735000,45.569032,1508,602,66.445916,95394.000000,57619.000000,152.532098,35782.666750,21537.640030,151.194101,53586.000000,20098.221920,15684.444830,56.167479,18656600.000000,7005662.254544,-6578.000000,-0.035246,-33341.959936,-0.473674,0.713200,-0.006200,-0.861829,41.630000,58.370000,0.782500,-0.001400,-0.178594,43.900000,56.100000,0.803100,0.005200,0.651711,44.540000,55.460000,binance_kline_quote_asset_volume,0.000000,0.000000,0.000000,0.000000,OK
437,2026-06-10 02:30:00 UTC,MAGMAUSDT,0.374410,0.376680,0.373660,0.376680,0.002250,0.600913,0.606287,0.806602,51.053236,635,-873,-57.891247,28135.000000,-67259.000000,-70.506531,10555.663810,-25227.002940,-70.500623,17998.000000,6753.679300,3801.984510,63.981569,18641695.000000,6977999.724878,-14905.000000,-0.079891,-27662.529666,-0.394860,0.714400,0.001200,0.168256,41.670000,58.330000,0.782800,0.000300,0.038339,43.910000,56.090000,0.803100,0.000000,0.000000,44.540000,55.460000,binance_kline_quote_asset_volume,0.000000,0.000000,0.000000,0.000000,OK
438,2026-06-10 02:45:00 UTC,MAGMAUSDT,0.376670,0.379240,0.374420,0.374600,-0.002080,-0.552193,-0.549553,1.279635,46.399066,1236,601,94.645669,122867.000000,94732.000000,336.705171,46284.426680,35728.762870,338.479545,51925.000000,19585.199650,26699.227030,42.314880,18640974.000000,7018915.765778,-721.000000,-0.003868,40916.040900,0.586358,0.712600,-0.001800,-0.251960,41.610000,58.390000,0.783200,0.000400,0.051099,43.920000,56.080000,0.802100,-0.001000,-0.124517,44.510000,55.490000,binance_kline_quote_asset_volume,0.000000,0.000000,0.000000,0.000000,OK
439,2026-06-10 03:00:00 UTC,MAGMAUSDT,0.374420,0.375610,0.373110,0.373320,-0.001280,-0.341698,-0.293788,0.667699,43.755541,1148,-88,-7.119741,57787.000000,-65080.000000,-52.967843,21627.206220,-24657.220460,-53.273255,21274.000000,7962.123520,13665.082700,36.815312,18628793.000000,6975202.621557,-12181.000000,-0.065345,-43713.144221,-0.622791,0.715900,0.003300,0.463093,41.720000,58.280000,0.780900,-0.002300,-0.293667,43.850000,56.150000,0.805400,0.003300,0.411420,44.610000,55.390000,binance_kline_quote_asset_volume,0.000000,0.000000,0.000000,0.000000,OK
440,2026-06-10 03:15:00 UTC,MAGMAUSDT,0.373330,0.375600,0.373310,0.374280,0.000960,0.257152,0.254467,0.613398,46.229890,821,-327,-28.484321,42956.000000,-14831.000000,-25.664942,16091.340800,-5535.865420,-25.596766,22474.000000,8416.616160,7674.724640,52.305251,18626135.000000,6953508.718200,-2658.000000,-0.014268,-21693.903357,-0.311015,0.718500,0.002600,0.363179,41.810000,58.190000,0.780300,-0.000600,-0.076834,43.830000,56.170000,0.809000,0.003600,0.446983,44.720000,55.280000,binance_kline_quote_asset_volume,0.000000,0.000000,0.000000,0.000000,OK
441,2026-06-10 03:30:00 UTC,MAGMAUSDT,0.374240,0.376150,0.373450,0.375560,0.001280,0.341990,0.352715,0.721462,49.424687,692,-129,-15.712546,38489.000000,-4467.000000,-10.399013,14430.885110,-1660.455690,-10.318939,24214.000000,9084.266870,5346.618240,62.950171,18637820.000000,6973966.024617,11685.000000,0.062734,20457.306417,0.294201,0.718200,-0.000300,-0.041754,41.800000,58.200000,0.780000,-0.000300,-0.038447,43.820000,56.180000,0.804100,-0.004900,-0.605686,44.570000,55.430000,binance_kline_quote_asset_volume,0.000000,0.000000,0.000000,0.000000,OK
442,2026-06-10 03:45:00 UTC,MAGMAUSDT,0.375590,0.376530,0.374280,0.374360,-0.001200,-0.319523,-0.327485,0.599057,46.627628,680,-12,-1.734104,33605.000000,-4884.000000,-12.689340,12612.996560,-1817.888550,-12.597208,21078.000000,7913.024110,4699.972450,62.737067,18629015.000000,6996312.873400,-8805.000000,-0.047243,22346.848783,0.320432,0.719700,0.001500,0.208855,41.850000,58.150000,0.780300,0.000300,0.038462,43.830000,56.170000,0.802100,-0.002000,-0.248725,44.510000,55.490000,binance_kline_quote_asset_volume,0.000000,0.000000,0.000000,0.000000,OK
443,2026-06-10 04:00:00 UTC,MAGMAUSDT,0.374360,0.389660,0.374350,0.386170,0.011810,3.154717,3.154717,4.089646,66.638229,3645,2965,436.029412,359679.000000,326074.000000,970.313941,137476.163190,124863.166630,989.956400,226077.000000,86420.424660,51055.738530,62.862116,18621998.000000,6974334.340897,-7017.000000,-0.037667,-21978.532503,-0.314145,0.717000,-0.002700,-0.375156,41.760000,58.240000,0.780500,0.000200,0.025631,43.840000,56.160000,0.800200,-0.001900,-0.236878,44.450000,55.550000,binance_kline_quote_asset_volume,0.000000,0.000000,0.000000,0.000000,OK
444,2026-06-10 04:15:00 UTC,MAGMAUSDT,0.386120,0.424010,0.385810,0.423170,0.037000,9.581272,9.595463,9.893297,85.270545,14608,10963,300.768176,2007837.000000,1648158.000000,458.230255,810173.519780,672697.356590,489.319269,1130370.000000,456257.985750,353915.534030,56.316082,18651900.000000,7213622.325000,29902.000000,0.160574,239287.984103,3.430980,0.722700,0.005700,0.794979,41.950000,58.050000,0.780600,0.000100,0.012812,43.840000,56.160000,0.816900,0.016700,2.086978,44.960000,55.040000,binance_kline_quote_asset_volume,0.000000,0.000000,0.000000,0.000000,OK
445,2026-06-10 04:30:00 UTC,MAGMAUSDT,0.423060,0.470000,0.422450,0.442460,0.019290,4.558452,4.585638,11.239540,88.786690,27757,13149,90.012322,4115686.000000,2107849.000000,104.981082,1842459.681110,1032286.161330,127.415441,2191389.000000,979085.490980,863374.190130,53.140131,18825751.000000,7951170.583674,173851.000000,0.932082,737548.258674,10.224381,0.716100,-0.006600,-0.913242,41.730000,58.270000,0.786000,0.005400,0.691776,44.010000,55.990000,0.816900,0.000000,0.000000,44.960000,55.040000,binance_kline_quote_asset_volume,0.000000,0.000000,0.000000,0.000000,OK
446,2026-06-10 04:45:00 UTC,MAGMAUSDT,0.442460,0.454700,0.437520,0.448720,0.006260,1.414817,1.414817,3.882837,89.650147,13540,-14217,-51.219512,1341225.000000,-2774461.000000,-67.411873,599080.113990,-1243379.567120,-67.484764,683319.000000,305401.010530,293679.103460,50.978326,19065748.000000,8440601.491545,239997.000000,1.274834,489430.907871,6.155457,0.737600,0.021500,3.002374,42.450000,57.550000,0.789300,0.003300,0.419847,44.110000,55.890000,0.852900,0.036000,4.406904,46.030000,53.970000,binance_kline_quote_asset_volume,0.000000,0.000000,0.000000,0.000000,OK
447,2026-06-10 05:00:00 UTC,MAGMAUSDT,0.448730,0.448730,0.435750,0.437530,-0.011190,-2.493760,-2.495933,2.892608,78.076553,11936,-1604,-11.846381,1103463.000000,-237762.000000,-17.727227,487514.771750,-111565.342240,-18.622775,517840.000000,228850.412770,258664.358980,46.942252,19105717.000000,8560925.401051,39969.000000,0.209638,120323.909506,1.425537,0.741300,0.003700,0.501627,42.570000,57.430000,0.791900,0.002600,0.329406,44.190000,55.810000,0.839600,-0.013300,-1.559386,45.640000,54.360000,binance_kline_quote_asset_volume,0.000000,0.000000,0.000000,0.000000,OK
448,2026-06-10 05:15:00 UTC,MAGMAUSDT,0.437860,0.443980,0.427570,0.429640,-0.007890,-1.803305,-1.877312,3.747773,71.106177,9015,-2921,-24.472185,907095.000000,-196368.000000,-17.795613,394587.655510,-92927.116240,-19.061395,429528.000000,187104.782720,207482.872790,47.417799,19109407.000000,8360675.517082,3690.000000,0.019314,-200249.883969,-2.339115,0.746400,0.005100,0.687981,42.740000,57.260000,0.789900,-0.002000,-0.252557,44.130000,55.870000,0.857700,0.018100,2.155788,46.170000,53.830000,binance_kline_quote_asset_volume,0.000000,0.000000,0.000000,0.000000,OK
449,2026-06-10 05:30:00 UTC,MAGMAUSDT,0.429720,0.454480,0.428570,0.442320,0.012680,2.951308,2.932142,6.029508,74.973131,15084,6069,67.321131,1822385.000000,915290.000000,100.903433,811145.218600,416557.563090,105.567814,940098.000000,418300.864480,392844.354120,51.569171,19057206.000000,8176676.421189,-52201.000000,-0.273169,-183999.095892,-2.200768,0.758400,0.012000,1.607717,43.130000,56.870000,0.789400,-0.000500,-0.063299,44.120000,55.880000,0.863900,0.006200,0.722863,46.350000,53.650000,binance_kline_quote_asset_volume,0.000000,0.000000,0.000000,0.000000,OK
450,2026-06-10 05:45:00 UTC,MAGMAUSDT,0.442320,0.452000,0.440360,0.446220,0.003900,0.881715,0.881715,2.631579,76.035470,5595,-9489,-62.907717,514561.000000,-1307824.000000,-71.764419,229121.539030,-582023.679570,-71.753327,270918.000000,120731.717740,108389.821290,52.693308,19251385.000000,8501667.659420,194179.000000,1.018927,324991.238231,3.974613,0.762100,0.003700,0.487869,43.250000,56.750000,0.792200,0.002800,0.354700,44.200000,55.800000,0.861900,-0.002000,-0.231508,46.290000,53.710000,binance_kline_quote_asset_volume,0.000000,0.000000,0.000000,0.000000,OK
451,2026-06-10 06:00:00 UTC,MAGMAUSDT,0.446240,0.446900,0.438020,0.444960,-0.001260,-0.282372,-0.286841,1.989961,74.928856,6253,658,11.760500,541689.000000,27128.000000,5.272067,239842.750660,10721.211630,4.679268,256887.000000,113830.316560,126012.434100,47.460395,19248397.000000,8583852.477165,-2988.000000,-0.015521,82184.817745,0.966691,0.743400,-0.018700,-2.453746,42.640000,57.360000,0.795800,0.003600,0.454431,44.320000,55.680000,0.848400,-0.013500,-1.566307,45.900000,54.100000,binance_kline_quote_asset_volume,0.000000,0.000000,0.000000,0.000000,OK
452,2026-06-10 06:15:00 UTC,MAGMAUSDT,0.444960,0.445320,0.439000,0.439500,-0.005460,-1.227077,-1.227077,1.420352,70.163473,4023,-2230,-35.662882,303179.000000,-238510.000000,-44.030800,134049.162450,-105793.588210,-44.109563,159742.000000,70638.627630,63410.534820,52.696060,19245412.000000,8572676.321280,-2985.000000,-0.015508,-11176.155885,-0.130200,0.744900,0.001500,0.201776,42.690000,57.310000,0.794800,-0.001000,-0.125660,44.280000,55.720000,0.849800,0.001400,0.165017,45.940000,54.060000,binance_kline_quote_asset_volume,0.000000,0.000000,0.000000,0.000000,OK
453,2026-06-10 06:30:00 UTC,MAGMAUSDT,0.439500,0.448810,0.438640,0.448140,0.008640,1.965870,1.965870,2.313993,73.080991,3919,-104,-2.585135,302271.000000,-908.000000,-0.299493,134028.531360,-20.631090,-0.015391,189320.000000,83986.999850,50041.531510,62.663523,19243811.000000,8457123.612878,-1601.000000,-0.008319,-115552.708402,-1.347919,0.743700,-0.001200,-0.161095,42.650000,57.350000,0.794200,-0.000600,-0.075491,44.260000,55.740000,0.856300,0.006500,0.764886,46.130000,53.870000,binance_kline_quote_asset_volume,0.000000,0.000000,0.000000,0.000000,OK
454,2026-06-10 06:45:00 UTC,MAGMAUSDT,0.448430,0.449840,0.441380,0.442320,-0.005820,-1.298701,-1.362531,1.886582,68.240375,4139,220,5.613677,422145.000000,119874.000000,39.657791,188377.104910,54348.573550,40.550003,218221.000000,97404.642620,90972.462290,51.707262,19252918.000000,8631237.162744,9107.000000,0.047324,174113.549866,2.058780,0.745800,0.002100,0.282372,42.720000,57.280000,0.796100,0.001900,0.239234,44.330000,55.670000,0.849100,-0.007200,-0.840827,45.920000,54.080000,binance_kline_quote_asset_volume,0.000000,0.000000,0.000000,0.000000,OK
455,2026-06-10 07:00:00 UTC,MAGMAUSDT,0.442280,0.447520,0.440940,0.446770,0.004450,1.006059,1.015194,1.487745,69.882969,3307,-832,-20.101474,284139.000000,-138006.000000,-32.691611,126215.782440,-62161.322470,-32.998343,157915.000000,70184.083150,56031.699290,55.606424,19273292.000000,8519813.464749,20374.000000,0.105823,-111423.697995,-1.290935,0.739700,-0.006100,-0.817914,42.520000,57.480000,0.800100,0.004000,0.502449,44.450000,55.550000,0.840300,-0.008800,-1.036391,45.660000,54.340000,binance_kline_quote_asset_volume,0.000000,0.000000,0.000000,0.000000,OK
456,2026-06-10 07:15:00 UTC,MAGMAUSDT,0.446800,0.450000,0.443000,0.447230,0.000460,0.102961,0.096240,1.566697,70.055376,4182,875,26.459026,382154.000000,98015.000000,34.495441,170549.120900,44333.338460,35.125036,214574.000000,95731.812130,74817.308770,56.131519,19307422.000000,8625976.926940,34130.000000,0.177084,106163.462191,1.246077,0.737300,-0.002400,-0.324456,42.440000,57.560000,0.799800,-0.000300,-0.037495,44.440000,55.560000,0.840300,0.000000,0.000000,45.660000,54.340000,binance_kline_quote_asset_volume,0.000000,0.000000,0.000000,0.000000,OK
457,2026-06-10 07:30:00 UTC,MAGMAUSDT,0.447280,0.452980,0.446720,0.449870,0.002640,0.590300,0.579056,1.399571,71.078653,3578,-604,-14.442850,377923.000000,-4231.000000,-1.107145,170220.144060,-328.976840,-0.192893,220677.000000,99386.596290,70833.547770,58.387094,19401570.000000,8681081.746301,94148.000000,0.487626,55104.819361,0.638824,0.737600,0.000300,0.040689,42.450000,57.550000,0.794500,-0.005300,-0.662666,44.270000,55.730000,0.835200,-0.005100,-0.606926,45.510000,54.490000,binance_kline_quote_asset_volume,0.000000,0.000000,0.000000,0.000000,OK
458,2026-06-10 07:45:00 UTC,MAGMAUSDT,0.450610,0.453210,0.447590,0.449450,-0.000420,-0.093360,-0.257429,1.247198,70.664931,2993,-585,-16.349916,358185.000000,-19738.000000,-5.222757,161422.543050,-8797.601010,-5.168367,207947.000000,93781.898890,67640.644160,58.097151,19478892.000000,8765735.925860,77322.000000,0.398535,84654.179559,0.975157,0.730100,-0.007500,-1.016811,42.200000,57.800000,0.799000,0.004500,0.566394,44.410000,55.590000,0.822800,-0.012400,-1.484674,45.140000,54.860000,binance_kline_quote_asset_volume,0.000000,0.000000,0.000000,0.000000,OK
459,2026-06-10 08:00:00 UTC,MAGMAUSDT,0.449760,0.455550,0.446040,0.453600,0.004150,0.923351,0.853789,2.114461,72.375895,4436,1443,48.212496,393357.000000,35172.000000,9.819507,177707.766850,16285.223800,10.088568,228905.000000,103547.267270,74160.499580,58.268285,19573669.000000,8799147.162260,94777.000000,0.486563,33411.236400,0.381157,0.738800,0.008700,1.191618,42.490000,57.510000,0.794300,-0.004700,-0.588235,44.270000,55.730000,0.836200,0.013400,1.628585,45.540000,54.460000,binance_kline_quote_asset_volume,0.000000,0.000000,0.000000,0.000000,OK
460,2026-06-10 08:15:00 UTC,MAGMAUSDT,0.453600,0.466000,0.452890,0.460760,0.007160,1.578483,1.578483,2.890212,75.076788,10223,5787,130.455365,1164645.000000,771288.000000,196.078372,537748.925980,360041.159130,202.602939,647049.000000,298754.656600,238994.269380,55.556532,19575552.000000,8902418.219543,1883.000000,0.009620,103271.057283,1.173648,0.724400,-0.014400,-1.949107,42.010000,57.990000,0.793500,-0.000800,-0.100718,44.240000,55.760000,0.820200,-0.016000,-1.913418,45.060000,54.940000,binance_kline_quote_asset_volume,0.000000,0.000000,0.000000,0.000000,OK
461,2026-06-10 08:30:00 UTC,MAGMAUSDT,0.460670,0.474300,0.457280,0.465580,0.004820,1.046098,1.065839,3.694619,76.726469,11333,1110,10.857870,1132836.000000,-31809.000000,-2.731219,527869.222430,-9879.703550,-1.837234,620895.000000,289712.769820,238156.452610,54.883437,19630563.000000,9048033.508705,55011.000000,0.281019,145615.289162,1.635682,0.723200,-0.001200,-0.165654,41.970000,58.030000,0.794700,0.001200,0.151229,44.280000,55.720000,0.838200,0.018000,2.194587,45.600000,54.400000,binance_kline_quote_asset_volume,0.000000,0.000000,0.000000,0.000000,OK
462,2026-06-10 08:45:00 UTC,MAGMAUSDT,0.465580,0.480000,0.464830,0.473840,0.008260,1.774131,1.774131,3.258301,79.259981,13037,1704,15.035736,1419759.000000,286923.000000,25.327850,671961.844320,144092.621890,27.297030,733859.000000,347471.836710,324490.007610,51.710055,19693316.000000,9150576.083332,62753.000000,0.319670,102542.574627,1.133313,0.730700,0.007500,1.037058,42.220000,57.780000,0.796200,0.001500,0.188750,44.330000,55.670000,0.840600,0.002400,0.286328,45.670000,54.330000,binance_kline_quote_asset_volume,0.000000,0.000000,0.000000,0.000000,OK
463,2026-06-10 09:00:00 UTC,MAGMAUSDT,0.474300,0.477180,0.471500,0.474780,0.000940,0.198379,0.101202,1.197554,79.533034,6976,-6061,-46.490757,636875.000000,-782884.000000,-55.142035,302352.874460,-369608.969860,-55.004458,311828.000000,148060.787200,154292.087260,48.969532,19856143.000000,9410816.989236,162827.000000,0.826814,260240.905903,2.843984,0.720900,-0.009800,-1.341180,41.890000,58.110000,0.797800,0.001600,0.200955,44.380000,55.620000,0.824200,-0.016400,-1.950987,45.180000,54.820000,binance_kline_quote_asset_volume,0.000000,0.000000,0.000000,0.000000,OK
464,2026-06-10 09:15:00 UTC,MAGMAUSDT,0.475000,0.478000,0.471200,0.477610,0.002830,0.596066,0.549474,1.431579,80.370912,5759,-1217,-17.445528,591535.000000,-45340.000000,-7.119136,280830.987630,-21521.886830,-7.118135,338186.000000,160664.118210,120166.869420,57.210253,19965929.000000,9469147.905942,109786.000000,0.552907,58330.916706,0.619828,0.715900,-0.005000,-0.693577,41.720000,58.280000,0.797100,-0.000700,-0.087741,44.350000,55.650000,0.819500,-0.004700,-0.570250,45.040000,54.960000,binance_kline_quote_asset_volume,0.000000,0.000000,0.000000,0.000000,OK
465,2026-06-10 09:30:00 UTC,MAGMAUSDT,0.477610,0.483030,0.472800,0.477890,0.000280,0.058625,0.058625,2.141915,80.456162,9967,4208,73.068241,1197679.000000,606144.000000,102.469676,573758.127080,292927.139450,104.307271,649533.000000,311376.171360,262381.955720,54.269588,20072297.000000,9586421.861134,106368.000000,0.532748,117273.955192,1.238485,0.708500,-0.007400,-1.033664,41.470000,58.530000,0.799200,0.002100,0.263455,44.420000,55.580000,0.805400,-0.014100,-1.720561,44.610000,55.390000,binance_kline_quote_asset_volume,0.000000,0.000000,0.000000,0.000000,OK
466,2026-06-10 09:45:00 UTC,MAGMAUSDT,0.477870,0.484530,0.476000,0.484250,0.006360,1.330850,1.335091,1.785004,82.333051,8715,-1252,-12.561453,965585.000000,-232094.000000,-19.378648,464181.016900,-109577.110180,-19.098136,511066.000000,245792.667820,218388.349080,52.951900,20197918.000000,9628738.340313,125621.000000,0.625843,42316.479179,0.441421,0.711200,0.002700,0.381087,41.560000,58.440000,0.801800,0.002600,0.325325,44.500000,55.500000,0.807700,0.002300,0.285572,44.680000,55.320000,binance_kline_quote_asset_volume,0.000000,0.000000,0.000000,0.000000,OK
467,2026-06-10 10:00:00 UTC,MAGMAUSDT,0.483920,0.507480,0.483710,0.500630,0.016380,3.382550,3.453050,4.911969,86.049040,27133,18418,211.336776,4230272.000000,3264687.000000,338.104569,2094134.823550,1629953.806650,351.146158,2501644.000000,1238798.743940,855336.079610,59.155635,20481167.000000,9914452.251711,283249.000000,1.402367,285713.911397,2.967304,0.706800,-0.004400,-0.618673,41.410000,58.590000,0.799500,-0.002300,-0.286855,44.430000,55.570000,0.801800,-0.005900,-0.730469,44.500000,55.500000,binance_kline_quote_asset_volume,0.000000,0.000000,0.000000,0.000000,OK
468,2026-06-10 10:15:00 UTC,MAGMAUSDT,0.500270,0.508840,0.496690,0.503760,0.003130,0.625212,0.697623,2.428689,86.627841,24387,-2746,-10.120517,3368661.000000,-861611.000000,-20.367745,1694846.019040,-399288.804510,-19.067006,1671019.000000,841137.563360,853708.455680,49.629144,20882429.000000,10434151.644864,401262.000000,1.959175,519699.393153,5.241837,0.675300,-0.031500,-4.456706,40.310000,59.690000,0.810100,0.010600,1.325829,44.750000,55.250000,0.787900,-0.013900,-1.733599,44.070000,55.930000,binance_kline_quote_asset_volume,0.000000,0.000000,0.000000,0.000000,OK
469,2026-06-10 10:30:00 UTC,MAGMAUSDT,0.504000,0.521700,0.500340,0.519100,0.015340,3.045101,2.996032,4.238095,89.029982,36229,11842,48.558658,5213402.000000,1844741.000000,54.761848,2667647.887980,972801.868940,57.397655,2798895.000000,1432911.944920,1234735.943060,53.714433,21245909.000000,10708575.513270,363480.000000,1.740602,274423.868406,2.630054,0.684600,0.009300,1.377166,40.640000,59.360000,0.826700,0.016600,2.049130,45.260000,54.740000,0.792100,0.004200,0.533063,44.200000,55.800000,binance_kline_quote_asset_volume,0.000000,0.000000,0.000000,0.000000,OK
470,2026-06-10 10:45:00 UTC,MAGMAUSDT,0.518850,0.522850,0.506240,0.522330,0.003230,0.622231,0.670714,3.201311,89.459347,35574,-655,-1.807944,4565333.000000,-648069.000000,-12.430827,2363742.815580,-303905.072400,-11.392248,2239261.000000,1160284.404530,1203458.411050,49.086745,21974484.000000,11402779.492440,728575.000000,3.429248,694203.979170,6.482692,0.675600,-0.009000,-1.314636,40.320000,59.680000,0.816900,-0.009800,-1.185436,44.960000,55.040000,0.789900,-0.002200,-0.277743,44.130000,55.870000,binance_kline_quote_asset_volume,0.000000,0.000000,0.000000,0.000000,OK
471,2026-06-10 11:00:00 UTC,MAGMAUSDT,0.522190,0.538000,0.511490,0.536780,0.014450,2.766450,2.794002,5.076696,91.131640,46412,10838,30.466071,6791963.000000,2226630.000000,48.772565,3563484.113500,1199741.297920,50.756000,3768268.000000,1978621.408940,1584862.704560,55.524912,22455557.000000,11719412.380957,481073.000000,2.189235,316632.888517,2.776804,0.656700,-0.018900,-2.797513,39.640000,60.360000,0.831400,0.014500,1.775003,45.400000,54.600000,0.753200,-0.036700,-4.646158,42.960000,57.040000,binance_kline_quote_asset_volume,0.000000,0.000000,0.000000,0.000000,OK
472,2026-06-10 11:15:00 UTC,MAGMAUSDT,0.536270,0.536280,0.526640,0.531810,-0.004970,-0.925891,-0.831671,1.797602,86.073537,30521,-15891,-34.238990,4051841.000000,-2740122.000000,-40.343594,2156158.163980,-1407325.949520,-39.492977,1987788.000000,1058010.566670,1098147.597310,49.069247,22893474.000000,12283369.392071,437917.000000,1.950150,563957.011113,4.812161,0.631900,-0.024800,-3.776458,38.720000,61.280000,0.840800,0.009400,1.130623,45.670000,54.330000,0.746400,-0.006800,-0.902815,42.740000,57.260000,binance_kline_quote_asset_volume,0.000000,0.000000,0.000000,0.000000,OK
473,2026-06-10 11:30:00 UTC,MAGMAUSDT,0.531500,0.550000,0.523020,0.539720,0.007910,1.487373,1.546566,5.076199,87.283293,49894,19373,63.474329,7633438.000000,3581597.000000,88.394313,4120208.886020,1964050.722040,91.090290,4139213.000000,2236401.108670,1883807.777350,54.278828,23099539.000000,12282105.734686,206065.000000,0.900104,-1263.657384,-0.010288,0.636100,0.004200,0.664662,38.880000,61.120000,0.844800,0.004000,0.475737,45.790000,54.210000,0.749800,0.003400,0.455520,42.850000,57.150000,binance_kline_quote_asset_volume,0.000000,0.000000,0.000000,0.000000,OK
474,2026-06-10 11:45:00 UTC,MAGMAUSDT,0.539900,0.559840,0.537030,0.555230,0.015510,2.873712,2.839415,4.224856,89.254391,42618,-7276,-14.582916,6796362.000000,-837076.000000,-10.965911,3731192.691870,-389016.194150,-9.441662,3680858.000000,2021665.325610,1709527.366260,54.182817,23463373.000000,12694021.023135,363834.000000,1.575070,411915.288449,3.353784,0.610000,-0.026100,-4.103128,37.890000,62.110000,0.834400,-0.010400,-1.231061,45.490000,54.510000,0.730700,-0.019100,-2.547346,42.220000,57.780000,binance_kline_quote_asset_volume,0.000000,0.000000,0.000000,0.000000,OK
475,2026-06-10 12:00:00 UTC,MAGMAUSDT,0.555230,0.561710,0.530260,0.554640,-0.000590,-0.106262,-0.106262,5.664319,88.691221,63428,20810,48.829133,9677448.000000,2881086.000000,42.391591,5309055.887560,1577863.195690,42.288440,4788264.000000,2629811.892740,2679243.994820,49.534455,23837170.000000,13235111.899100,373797.000000,1.593109,541090.875965,4.262565,0.610000,0.000000,0.000000,37.890000,62.110000,0.858700,0.024300,2.912272,46.200000,53.800000,0.731000,0.000300,0.041057,42.230000,57.770000,binance_kline_quote_asset_volume,0.000000,0.000000,0.000000,0.000000,OK
476,2026-06-10 12:15:00 UTC,MAGMAUSDT,0.554380,0.559790,0.543560,0.557020,0.002380,0.429107,0.476208,2.927595,88.992932,36735,-26693,-42.083938,4636351.000000,-5041097.000000,-52.091181,2560644.895130,-2748410.992430,-51.768357,2396822.000000,1324365.519970,1236279.375160,51.719999,23794417.000000,13198763.109900,-42753.000000,-0.179354,-36348.789200,-0.274639,0.631900,0.021900,3.590164,38.720000,61.280000,0.861200,0.002500,0.291138,46.270000,53.730000,0.739400,0.008400,1.149111,42.510000,57.490000,binance_kline_quote_asset_volume,0.000000,0.000000,0.000000,0.000000,OK
477,2026-06-10 12:30:00 UTC,MAGMAUSDT,0.556830,0.568680,0.540100,0.546970,-0.010050,-1.804244,-1.770738,5.132626,79.364115,45666,8931,24.311964,6662384.000000,2026033.000000,43.698870,3701581.327710,1140936.432580,44.556605,3414141.000000,1898290.998670,1803290.329040,51.283244,24064038.000000,13398134.437260,269621.000000,1.133127,199371.327360,1.510530,0.616300,-0.015600,-2.468745,38.130000,61.870000,0.868100,0.006900,0.801208,46.470000,53.530000,0.708800,-0.030600,-4.138491,41.480000,58.520000,binance_kline_quote_asset_volume,0.000000,0.000000,0.000000,0.000000,OK
478,2026-06-10 12:45:00 UTC,MAGMAUSDT,0.547090,0.566000,0.523600,0.556900,0.009930,1.815456,1.793124,7.750096,81.494623,58119,12453,27.269741,9162115.000000,2499731.000000,37.520068,4956011.495300,1254430.167590,33.889034,4587775.000000,2483117.876750,2472893.618550,50.103150,24050004.000000,13148695.627893,-14034.000000,-0.058319,-249438.809367,-1.861743,0.617100,0.000800,0.129807,38.160000,61.840000,0.851100,-0.017000,-1.958300,45.980000,54.020000,0.722100,0.013300,1.876411,41.930000,58.070000,binance_kline_quote_asset_volume,0.000000,0.000000,0.000000,0.000000,OK
479,2026-06-10 13:00:00 UTC,MAGMAUSDT,0.556930,0.557540,0.536070,0.538840,-0.018060,-3.242952,-3.248164,3.855063,67.787064,33592,-24527,-42.201346,4489450.000000,-4672665.000000,-50.999851,2463284.380000,-2492727.115300,-50.297041,2229389.000000,1223564.290690,1239720.089310,49.672068,23871292.000000,13308245.290000,-178712.000000,-0.743085,159549.662107,1.213426,0.577000,-0.040100,-6.498136,36.590000,63.410000,0.855500,0.004400,0.516978,46.110000,53.890000,0.666100,-0.056000,-7.755159,39.980000,60.020000,binance_kline_quote_asset_volume,0.000000,0.000000,0.000000,0.000000,OK
480,2026-06-10 13:15:00 UTC,MAGMAUSDT,0.538640,0.553850,0.537140,0.550780,0.011940,2.215871,2.253824,3.102258,71.232219,22334,-11258,-33.513932,2778486.000000,-1710964.000000,-38.110771,1520537.545440,-942746.834560,-38.271945,1395616.000000,763517.118320,757020.427120,50.213631,24037638.000000,12937077.924721,166346.000000,0.696845,-371167.365279,-2.789003,0.589100,0.012100,2.097054,37.070000,62.930000,0.858900,0.003400,0.397428,46.200000,53.800000,0.675000,0.008900,1.336136,40.300000,59.700000,binance_kline_quote_asset_volume,0.000000,0.000000,0.000000,0.000000,OK
481,2026-06-10 13:30:00 UTC,MAGMAUSDT,0.550340,0.565000,0.548060,0.563000,0.012220,2.218672,2.300396,3.078097,74.265707,25774,3440,15.402525,3484871.000000,706385.000000,25.423378,1944243.481050,423705.935610,27.865536,1826691.000000,1019675.894720,924567.586330,52.445895,24309847.000000,13371388.243880,272209.000000,1.132428,434310.319159,3.357097,0.590800,0.001700,0.288576,37.140000,62.860000,0.854500,-0.004400,-0.512283,46.080000,53.920000,0.679300,0.004300,0.637037,40.450000,59.550000,binance_kline_quote_asset_volume,0.000000,0.000000,0.000000,0.000000,OK
482,2026-06-10 13:45:00 UTC,MAGMAUSDT,0.563000,0.566560,0.559030,0.561050,-0.001950,-0.346359,-0.346359,1.337478,72.943885,22281,-3493,-13.552417,2879704.000000,-605167.000000,-17.365550,1619214.210360,-325029.270690,-16.717519,1510008.000000,849472.388580,769741.821780,52.462014,24616232.000000,13840907.472222,306385.000000,1.260333,469519.228342,3.511372,0.597700,0.006900,1.167908,37.410000,62.590000,0.863600,0.009100,1.064950,46.340000,53.660000,0.682100,0.002800,0.412189,40.550000,59.450000,binance_kline_quote_asset_volume,0.000000,0.000000,0.000000,0.000000,OK
483,2026-06-10 14:00:00 UTC,MAGMAUSDT,0.561240,0.580000,0.553350,0.557490,-0.003560,-0.634525,-0.668163,4.748414,70.477642,47906,25625,115.008303,7127807.000000,4248103.000000,147.518738,4044387.788170,2425173.577810,149.774722,3832427.000000,2177268.868070,1867118.920100,53.834325,25055687.000000,14062435.676168,439455.000000,1.785224,221528.203945,1.600532,0.579500,-0.018200,-3.045006,36.690000,63.310000,0.855400,-0.008200,-0.949514,46.100000,53.900000,0.663300,-0.018800,-2.756194,39.880000,60.120000,binance_kline_quote_asset_volume,0.000000,0.000000,0.000000,0.000000,OK
484,2026-06-10 14:15:00 UTC,MAGMAUSDT,0.557490,0.574990,0.550680,0.568230,0.010740,1.926492,1.926492,4.360616,73.399601,29570,-18336,-38.274955,4100707.000000,-3027100.000000,-42.468883,2312944.638520,-1731443.149650,-42.811007,2081252.000000,1175191.795690,1137752.842830,50.809335,25010215.000000,13935933.896881,-45472.000000,-0.181484,-126501.779286,-0.899572,0.575100,-0.004400,-0.759275,36.510000,63.490000,0.848700,-0.006700,-0.783259,45.910000,54.090000,0.667500,0.004200,0.633198,40.030000,59.970000,binance_kline_quote_asset_volume,0.000000,0.000000,0.000000,0.000000,OK
485,2026-06-10 14:30:00 UTC,MAGMAUSDT,0.568550,0.570120,0.553800,0.560690,-0.007540,-1.326927,-1.382464,2.870460,68.289507,25884,-3686,-12.465336,3393226.000000,-707481.000000,-17.252659,1902737.009120,-410207.629400,-17.735298,1762592.000000,988547.035400,914189.973720,51.953950,25382062.000000,14439810.399371,371847.000000,1.486781,503876.502490,3.615664,0.576300,0.001200,0.208659,36.560000,63.440000,0.850800,0.002100,0.247437,45.970000,54.030000,0.659500,-0.008000,-1.198502,39.740000,60.260000,binance_kline_quote_asset_volume,0.000000,0.000000,0.000000,0.000000,OK
486,2026-06-10 14:45:00 UTC,MAGMAUSDT,0.561000,0.565780,0.557200,0.564640,0.003950,0.704489,0.648841,1.529412,69.487949,18188,-7696,-29.732653,1986910.000000,-1406316.000000,-41.444808,1117040.569380,-785696.439740,-41.292960,1001549.000000,563404.582990,553635.986390,50.437253,25105854.000000,14003318.044610,-276208.000000,-1.088202,-436492.354761,-3.022840,0.580300,0.004000,0.694083,36.720000,63.280000,0.856000,0.005200,0.611189,46.120000,53.880000,0.664700,0.005200,0.788476,39.930000,60.070000,binance_kline_quote_asset_volume,0.000000,0.000000,0.000000,0.000000,OK
487,2026-06-10 15:00:00 UTC,MAGMAUSDT,0.564810,0.569780,0.556800,0.564650,0.000010,0.001771,-0.028328,2.298118,69.491093,21680,3492,19.199472,2494569.000000,507659.000000,25.550176,1404184.532700,287143.963320,25.705777,1276634.000000,718913.464740,685271.067960,51.197934,25146107.000000,14208053.377140,40253.000000,0.160333,204735.332530,1.462049,0.574800,-0.005500,-0.947786,36.500000,63.500000,0.858600,0.002600,0.303738,46.200000,53.800000,0.657000,-0.007700,-1.158417,39.650000,60.350000,binance_kline_quote_asset_volume,0.000000,0.000000,0.000000,0.000000,OK
488,2026-06-10 15:15:00 UTC,MAGMAUSDT,0.564920,0.565610,0.554640,0.559040,-0.005610,-0.993536,-1.040855,1.941868,65.419082,21670,-10,-0.046125,2478403.000000,-16166.000000,-0.648048,1386309.656760,-17874.875940,-1.272972,1267642.000000,709294.285250,677015.371510,51.164203,25162394.000000,14229837.054880,16287.000000,0.064769,21783.677740,0.153319,0.577000,0.002200,0.382742,36.590000,63.410000,0.859900,0.001300,0.151409,46.230000,53.770000,0.654300,-0.002700,-0.410959,39.550000,60.450000,binance_kline_quote_asset_volume,0.000000,0.000000,0.000000,0.000000,OK
489,2026-06-10 15:30:00 UTC,MAGMAUSDT,0.559060,0.566630,0.557300,0.564880,0.005840,1.044648,1.041033,1.668873,67.550748,17537,-4133,-19.072450,1819183.000000,-659220.000000,-26.598580,1020038.245210,-366271.411550,-26.420606,989376.000000,554953.769020,465084.476190,54.405192,25300136.000000,14141942.637520,137742.000000,0.547412,-87894.417360,-0.617677,0.568100,-0.008900,-1.542461,36.230000,63.770000,0.856600,-0.003300,-0.383766,46.140000,53.860000,0.635300,-0.019000,-2.903867,38.850000,61.150000,binance_kline_quote_asset_volume,0.000000,0.000000,0.000000,0.000000,OK
490,2026-06-10 15:45:00 UTC,MAGMAUSDT,0.565190,0.568800,0.561350,0.564790,-0.000090,-0.015933,-0.070773,1.318141,67.481711,19593,2056,11.723784,1821275.000000,2092.000000,0.114997,1028263.461300,8225.216090,0.806363,968407.000000,546943.496190,481319.965110,53.190988,25513404.000000,14409575.121438,213268.000000,0.842952,267632.483918,1.892473,0.553800,-0.014300,-2.517162,35.640000,64.360000,0.855100,-0.001500,-0.175111,46.090000,53.910000,0.609000,-0.026300,-4.139776,37.850000,62.150000,binance_kline_quote_asset_volume,0.000000,0.000000,0.000000,0.000000,OK
491,2026-06-10 16:00:00 UTC,MAGMAUSDT,0.564640,0.566730,0.553490,0.564720,-0.000070,-0.012394,0.014168,2.344857,67.423993,31609,12016,61.328025,3785413.000000,1964138.000000,107.844120,2123311.992880,1095048.531580,106.494938,1937690.000000,1087113.398760,1036198.594120,51.198948,25757248.000000,14535330.191360,243844.000000,0.955749,125755.069922,0.872719,0.551300,-0.002500,-0.451427,35.540000,64.460000,0.861500,0.006400,0.748450,46.280000,53.720000,0.606900,-0.002100,-0.344828,37.770000,62.230000,binance_kline_quote_asset_volume,0.000000,0.000000,0.000000,0.000000,OK
492,2026-06-10 16:15:00 UTC,MAGMAUSDT,0.564740,0.567610,0.556250,0.559430,-0.005290,-0.936747,-0.940256,2.011545,63.036128,26278,-5331,-16.865450,3256915.000000,-528498.000000,-13.961436,1827898.494890,-295413.497990,-13.912863,1651532.000000,927075.834930,900822.659960,50.718125,25934447.000000,14646219.598780,177199.000000,0.687958,110889.407420,0.762896,0.552300,0.001000,0.181389,35.580000,64.420000,0.864800,0.003300,0.383053,46.370000,53.630000,0.604600,-0.002300,-0.378975,37.680000,62.320000,binance_kline_quote_asset_volume,0.000000,0.000000,0.000000,0.000000,OK
493,2026-06-10 16:30:00 UTC,MAGMAUSDT,0.559430,0.566340,0.557620,0.563540,0.004110,0.734676,0.734676,1.558729,64.944928,18335,-7943,-30.226806,2282309.000000,-974606.000000,-29.924207,1284097.059630,-543801.435260,-29.750089,1197029.000000,673775.474590,610321.585040,52.470759,26058078.000000,14574804.186960,123631.000000,0.476706,-71415.411820,-0.487603,0.548900,-0.003400,-0.615607,35.440000,64.560000,0.863900,-0.000900,-0.104070,46.350000,53.650000,0.605700,0.001100,0.181938,37.720000,62.280000,binance_kline_quote_asset_volume,0.000000,0.000000,0.000000,0.000000,OK
494,2026-06-10 16:45:00 UTC,MAGMAUSDT,0.563600,0.573590,0.542460,0.546020,-0.017520,-3.108919,-3.119233,5.523421,52.499376,46220,27885,152.086174,6907296.000000,4624987.000000,202.645084,3857051.955720,2572954.896090,200.370749,3303013.000000,1847323.958360,2009727.997360,47.894713,26224385.000000,14777080.886694,166307.000000,0.638217,202276.699734,1.387852,0.543400,-0.005500,-1.002004,35.210000,64.790000,0.866700,0.002800,0.324112,46.430000,53.570000,0.587800,-0.017900,-2.955258,37.020000,62.980000,binance_kline_quote_asset_volume,0.000000,0.000000,0.000000,0.000000,OK
495,2026-06-10 17:00:00 UTC,MAGMAUSDT,0.546230,0.553890,0.541880,0.543800,-0.002220,-0.406579,-0.444868,2.198708,51.161500,31107,-15113,-32.697966,4319915.000000,-2587381.000000,-37.458667,2367099.343940,-1489952.611780,-38.629311,2216284.000000,1215323.982240,1151775.361700,51.342331,26078163.000000,14256067.220997,-146222.000000,-0.557580,-521013.665697,-3.525823,0.545100,0.001700,0.312845,35.280000,64.720000,0.866100,-0.000600,-0.069228,46.410000,53.590000,0.581500,-0.006300,-1.071793,36.770000,63.230000,binance_kline_quote_asset_volume,0.000000,0.000000,0.000000,0.000000,OK
496,2026-06-10 17:15:00 UTC,MAGMAUSDT,0.543970,0.555550,0.535100,0.545320,0.001520,0.279515,0.248175,3.759398,52.062271,33330,2223,7.146301,4887873.000000,567958.000000,13.147435,2663181.994150,296082.650210,12.508248,2455328.000000,1338253.847070,1324928.147080,50.250184,26166776.000000,14242576.176800,88613.000000,0.339798,-13491.044197,-0.094634,0.534400,-0.010700,-1.962943,34.830000,65.170000,0.864800,-0.001300,-0.150098,46.370000,53.630000,0.567400,-0.014100,-2.424764,36.200000,63.800000,binance_kline_quote_asset_volume,0.000000,0.000000,0.000000,0.000000,OK
497,2026-06-10 17:30:00 UTC,MAGMAUSDT,0.545350,0.552640,0.542030,0.543130,-0.002190,-0.401599,-0.407078,1.945540,50.613812,25150,-8180,-24.542454,3118712.000000,-1769161.000000,-36.194905,1707100.554360,-956081.439790,-35.899966,1614902.000000,884094.914050,823005.640310,51.789270,26300826.000000,14348868.261515,134050.000000,0.512291,106292.084715,0.746298,0.531400,-0.003000,-0.561377,34.700000,65.300000,0.871400,0.006600,0.763182,46.560000,53.440000,0.554200,-0.013200,-2.326401,35.660000,64.340000,binance_kline_quote_asset_volume,0.000000,0.000000,0.000000,0.000000,OK
498,2026-06-10 17:45:00 UTC,MAGMAUSDT,0.543140,0.545000,0.536790,0.539470,-0.003660,-0.673872,-0.675701,1.511581,48.200273,25007,-143,-0.568588,3237304.000000,118592.000000,3.802595,1752265.172170,45164.617810,2.645692,1694039.000000,917131.555540,835133.616630,52.339770,26468366.000000,14391359.580878,167540.000000,0.637014,42491.319363,0.296130,0.531900,0.000500,0.094091,34.720000,65.280000,0.870000,-0.001400,-0.160661,46.530000,53.470000,0.553500,-0.000700,-0.126308,35.630000,64.370000,binance_kline_quote_asset_volume,0.000000,0.000000,0.000000,0.000000,OK
499,2026-06-10 18:00:00 UTC,MAGMAUSDT,0.539460,0.551730,0.538900,0.548430,0.008960,1.660889,1.662774,2.378304,53.985159,20368,-4639,-18.550806,2666536.000000,-570768.000000,-17.630967,1459337.894970,-292927.277200,-16.717063,1428469.000000,781910.677950,677427.217020,53.579824,26523433.000000,14304723.714058,55067.000000,0.208048,-86635.866821,-0.601999,0.521800,-0.010100,-1.898853,34.290000,65.710000,0.869600,-0.000400,-0.045977,46.510000,53.490000,0.543000,-0.010500,-1.897019,35.190000,64.810000,binance_kline_quote_asset_volume,0.000000,0.000000,0.000000,0.000000,OK
500,2026-06-10 18:15:00 UTC,MAGMAUSDT,0.548430,0.567360,0.547520,0.554880,0.006450,1.176084,1.176084,3.617599,57.651570,13451,-6917,-33.960134,2338726.000000,-327810.000000,-12.293477,1308876.324030,-150461.570940,-10.310263,1385713.000000,775543.887050,533332.436980,59.252648,26514632.000000,14541419.627760,-8801.000000,-0.033182,236695.913702,1.654670,0.530500,0.008700,1.667305,34.660000,65.340000,0.874500,0.004900,0.563477,46.650000,53.350000,0.550400,0.007400,1.362799,35.500000,64.500000,binance_kline_quote_asset_volume,0.000000,0.000000,0.000000,0.000000,OK

==================================================================================================================================LAST CANDLE SNAPSHOT — FULL DATA NEEDED FOR V3.2.1
==================================================================================================================================Candle Index        : 500
Time                : 2026-06-10 18:15:00 UTC
Close Time          : 2026-06-10 18:29:59 UTC
Symbol              : MAGMAUSDT

[PRICE / RSI]
Open                : 0.54843000
High                : 0.56736000
Low                 : 0.54752000
Close               : 0.55488000
Close Change        : 0.00645000
Close Change %      : 1.1761%
Candle Body %       : 1.1761%
Price Range %       : 3.6176%
RSI(14)            : 57.65

[TRADES / VOLUME / QUOTE VOLUME]
Number of Trades    : 13451
Trades Change       : -6917
Trades Change %     : -33.9601%
Volume              : 2338726.00000000
Volume Change       : -327810.00000000
Volume Change %     : -12.2935%
Quote Volume        : 1308876.32403000
Quote Volume Change : -150461.57094000
Quote Volume Chg %  : -10.3103%
Quote Volume Source : binance_kline_quote_asset_volume
Taker Buy Base Vol  : 1385713.00000000
Taker Buy Quote Vol : 775543.88705000
Taker Sell Quote Vol: 533332.43698000
Taker Buy Quote %   : 59.2526%

[OPEN INTEREST]
Open Interest       : 26514632.00000000
OI Change           : -8801.00000000
OI Change %         : -0.0332%
OI Value            : 14541419.62776000
OI Value Change     : 236695.91370233
OI Value Change %   : 1.6547%

[TOP ACCOUNT L/S]
Top Acco L/S Ratio  : 0.53050000
Top Acco L/S Change : 0.00870000
Top Acco Chg %      : 1.6673%
Top Acco Long %     : 34.6600
Top Acco Short %    : 65.3400

[TOP POSITION L/S]
Top Posit L/S Ratio : 0.87450000
Top Posit L/S Change: 0.00490000
Top Posit Chg %     : 0.5635%
Top Posit Long %    : 46.6500
Top Posit Short %   : 53.3500

[GLOBAL L/S]
Global L/S Ratio    : 0.55040000
Global L/S Change   : 0.00740000
Global Chg %        : 1.3628%
Global Long %       : 35.5000
Global Short %      : 64.5000

[DATA QUALITY / TIMESTAMP MATCH]
OI Match Delta Min     : 0.0
Acco Match Delta Min   : 0.0
Posit Match Delta Min  : 0.0
Global Match Delta Min : 0.0
Data Quality           : OK

====================================================================================================
تمت الطباعة: 500 شمعة. كل صف في الجدول = شمعة واحدة.
RSI للسياق فقط. القرار البنيوي يعتمد على OI → Trades/Quote → L/S → Price Acceptance.
====================================================================================================

[Program finished]

####################################################################################################
FETCHING BINANCE FUTURES DATA ...
####################################################################################################
SYMBOL     : OPNUSDT
PERIOD     : 15m
LIMIT      : 500
RSI_PERIOD : 14
PRINT MODE : CSV_STYLE
NOTE       : EACH OUTPUT ROW = ONE ACTUAL KLINE CANDLE
####################################################################################################

============================================================================================================================================
ANALYSIS-READY CANDLE DATA FOR V3.2.1 | CSV STYLE | EACH ROW = ONE 15m CANDLE
============================================================================================================================================
candle_index,time,symbol,open,high,low,close,close_change,close_change_pct,candle_body_pct,price_range_pct,rsi,number_of_trades,trades_change,trades_change_pct,volume,volume_change,volume_change_pct,quote_volume,quote_volume_change,quote_volume_change_pct,taker_buy_base_volume,taker_buy_quote_volume,taker_sell_quote_volume,taker_buy_quote_pct,oi,oi_value,oi_change,oi_change_pct,oi_value_change,oi_value_change_pct,acco_ls_ratio,acco_ls_change,acco_ls_change_pct,acco_long_pct,acco_short_pct,posit_ls_ratio,posit_ls_change,posit_ls_change_pct,posit_long_pct,posit_short_pct,global_ls_ratio,global_ls_change,global_ls_change_pct,global_long_pct,global_short_pct,quote_volume_source,oi_match_delta_min,acco_match_delta_min,posit_match_delta_min,global_match_delta_min,data_quality1,2026-06-05 13:30:00 UTC,OPNUSDT,0.214200,0.216600,0.212100,0.213700,0.000000,0.000000,-0.233427,2.100840,9.921962,27915,0.000000,0.000000,10588832.000000,0.000000,0.000000,2271749.356000,0.000000,0.000000,5114522.000000,1097618.325500,1174131.030500,48.315996,94736467.000000,20273603.938000,0.000000,0.000000,0.000000,0.000000,0.946700,0.000000,0.000000,48.630000,51.370000,2.606500,0.000000,0.000000,72.270000,27.730000,0.899300,0.000000,0.000000,47.350000,52.650000,binance_kline_quote_asset_volume,0.000000,0.000000,0.000000,0.000000,OK
2,2026-06-05 13:45:00 UTC,OPNUSDT,0.213800,0.217500,0.208100,0.209000,-0.004700,-2.199345,-2.245089,4.396632,9.391996,41129,13214,47.336557,15763448.000000,5174616.000000,48.868619,3338432.475900,1066683.119900,46.954261,7735006.000000,1640151.006200,1698281.469700,49.129375,95795659.000000,20473602.472491,1059192.000000,1.118040,199998.534491,0.986497,0.945500,-0.001200,-0.126756,48.600000,51.400000,2.648300,0.041800,1.603683,72.590000,27.410000,0.902600,0.003300,0.366952,47.440000,52.560000,binance_kline_quote_asset_volume,0.000000,0.000000,0.000000,0.000000,OK
3,2026-06-05 14:00:00 UTC,OPNUSDT,0.209000,0.218800,0.208500,0.215700,0.006700,3.205742,3.205742,4.928230,16.258750,38405,-2724,-6.623064,13399650.000000,-2363798.000000,-14.995438,2865668.184000,-472764.291900,-14.161266,7134444.000000,1526739.549700,1338928.634300,53.276913,94195178.000000,19665879.930532,-1600481.000000,-1.670724,-807722.541959,-3.945190,0.941400,-0.004100,-0.433633,48.490000,51.510000,2.626000,-0.022300,-0.842050,72.420000,27.580000,0.887900,-0.014700,-1.628628,47.030000,52.970000,binance_kline_quote_asset_volume,0.000000,0.000000,0.000000,0.000000,OK
4,2026-06-05 14:15:00 UTC,OPNUSDT,0.215700,0.226600,0.214100,0.215200,-0.000500,-0.231803,-0.231803,5.795086,16.160323,49790,11385,29.644578,18599160.000000,5199510.000000,38.803327,4108198.699200,1242530.515200,43.359190,9291324.000000,2053486.494900,2054712.204300,49.985082,94257557.000000,20218245.976500,62379.000000,0.066223,552366.045968,2.808753,0.971600,0.030200,3.207988,49.280000,50.720000,2.681200,0.055200,2.102056,72.830000,27.170000,0.915300,0.027400,3.085933,47.790000,52.210000,binance_kline_quote_asset_volume,0.000000,0.000000,0.000000,0.000000,OK
5,2026-06-05 14:30:00 UTC,OPNUSDT,0.215200,0.219800,0.212600,0.213200,-0.002000,-0.929368,-0.929368,3.345725,15.749607,28739,-21051,-42.279574,9176006.000000,-9423154.000000,-50.664406,1979447.342700,-2128751.356500,-51.817147,4346634.000000,937966.272500,1041481.070200,47.385260,95283767.000000,20501306.760954,1026210.000000,1.088730,283060.784454,1.400026,0.983300,0.011700,1.204199,49.580000,50.420000,2.632600,-0.048600,-1.812621,72.470000,27.530000,0.959200,0.043900,4.796242,48.960000,51.040000,binance_kline_quote_asset_volume,0.000000,0.000000,0.000000,0.000000,OK
6,2026-06-05 14:45:00 UTC,OPNUSDT,0.213200,0.217300,0.208700,0.209800,-0.003400,-1.594747,-1.594747,4.033771,15.049371,26806,-1933,-6.726052,9407164.000000,231158.000000,2.519157,2000754.743300,21307.400600,1.076432,4202724.000000,894646.522000,1106108.221300,44.715452,95712785.000000,20393061.764326,429018.000000,0.450253,-108244.996628,-0.527991,0.975500,-0.007800,-0.793247,49.380000,50.620000,2.595500,-0.037100,-1.409253,72.190000,27.810000,0.958100,-0.001100,-0.114679,48.930000,51.070000,binance_kline_quote_asset_volume,0.000000,0.000000,0.000000,0.000000,OK
7,2026-06-05 15:00:00 UTC,OPNUSDT,0.209800,0.215500,0.209100,0.210100,0.000300,0.142993,0.142993,3.050524,15.406757,25283,-1523,-5.681564,8969152.000000,-438012.000000,-4.656154,1898938.150400,-101816.592900,-5.088909,4257824.000000,901831.138300,997107.012100,47.491338,95406238.000000,20026569.814537,-306547.000000,-0.320278,-366491.949789,-1.797140,1.000400,0.024900,2.552537,50.010000,49.990000,2.573300,-0.022200,-0.855327,72.010000,27.990000,0.976300,0.018200,1.899593,49.400000,50.600000,binance_kline_quote_asset_volume,0.000000,0.000000,0.000000,0.000000,OK
8,2026-06-05 15:15:00 UTC,OPNUSDT,0.210100,0.214100,0.203600,0.205100,-0.005000,-2.379819,-2.379819,4.997620,14.325072,29273,3990,15.781355,11700559.000000,2731407.000000,30.453347,2455555.211800,556617.061400,29.312016,5073980.000000,1067236.337400,1388318.874400,43.462119,95911191.000000,20073067.096679,504953.000000,0.529266,46497.282143,0.232178,1.006800,0.006400,0.639744,50.170000,49.830000,2.543200,-0.030100,-1.169704,71.780000,28.220000,0.977100,0.000800,0.081942,49.420000,50.580000,binance_kline_quote_asset_volume,0.000000,0.000000,0.000000,0.000000,OK
9,2026-06-05 15:30:00 UTC,OPNUSDT,0.205100,0.209200,0.202300,0.205900,0.000800,0.390054,0.390054,3.364213,15.349133,34058,4785,16.346121,11952676.000000,252117.000000,2.154743,2463815.438000,8260.226200,0.336389,5794473.000000,1194911.381200,1268904.056800,48.498413,95538739.000000,19719801.445205,-372452.000000,-0.388330,-353265.651474,-1.759899,1.035000,0.028200,2.800954,50.860000,49.140000,2.536300,-0.006900,-0.271312,71.720000,28.280000,0.982900,0.005800,0.593593,49.570000,50.430000,binance_kline_quote_asset_volume,0.000000,0.000000,0.000000,0.000000,OK
10,2026-06-05 15:45:00 UTC,OPNUSDT,0.206000,0.207800,0.202700,0.203300,-0.002600,-1.262749,-1.310680,2.475728,14.732786,16781,-17277,-50.728170,5143654.000000,-6809022.000000,-56.966507,1054676.231200,-1409139.206800,-57.193375,2433113.000000,499276.952600,555399.278600,47.339358,95178918.000000,19584313.029483,-359821.000000,-0.376623,-135488.415723,-0.687068,1.021400,-0.013600,-1.314010,50.530000,49.470000,2.551300,0.015000,0.591413,71.840000,28.160000,0.963500,-0.019400,-1.973751,49.070000,50.930000,binance_kline_quote_asset_volume,0.000000,0.000000,0.000000,0.000000,OK
11,2026-06-05 16:00:00 UTC,OPNUSDT,0.203300,0.204600,0.176600,0.180900,-0.022400,-11.018200,-11.018200,13.772750,10.733775,108363,91582,545.748168,47296621.000000,42152967.000000,819.514046,8874157.973800,7819481.742600,741.410635,20728882.000000,3883624.037300,4990533.936500,43.763296,95157074.000000,19363084.781427,-21844.000000,-0.022950,-221228.248056,-1.129620,1.032100,0.010700,1.047582,50.790000,49.210000,2.570300,0.019000,0.744718,71.990000,28.010000,0.973200,0.009700,1.006746,49.320000,50.680000,binance_kline_quote_asset_volume,0.000000,0.000000,0.000000,0.000000,OK
12,2026-06-05 16:15:00 UTC,OPNUSDT,0.180900,0.186900,0.178500,0.181000,0.000100,0.055279,0.055279,4.643449,10.850114,52395,-55968,-51.648625,22490112.000000,-24806509.000000,-52.448798,4103592.327400,-4770565.646400,-53.757953,11463308.000000,2092174.193600,2011418.133800,50.983968,93928802.000000,17007774.592638,-1228272.000000,-1.290784,-2355310.188789,-12.163920,1.145900,0.113800,11.026063,53.400000,46.600000,2.659200,0.088900,3.458740,72.670000,27.330000,1.032900,0.059700,6.134402,50.810000,49.190000,binance_kline_quote_asset_volume,0.000000,0.000000,0.000000,0.000000,OK
13,2026-06-05 16:30:00 UTC,OPNUSDT,0.181000,0.184400,0.162800,0.168000,-0.013000,-7.182320,-7.182320,11.933702,9.175887,79891,27496,52.478290,37880568.000000,15390456.000000,68.432100,6519599.397800,2416007.070400,58.875416,17225214.000000,2966547.946200,3553051.451600,45.501997,92826491.000000,16747582.848947,-1102311.000000,-1.173560,-260191.743691,-1.529840,1.155600,0.009700,0.846496,53.610000,46.390000,2.660500,0.001300,0.048887,72.680000,27.320000,1.044600,0.011700,1.132733,51.090000,48.910000,binance_kline_quote_asset_volume,0.000000,0.000000,0.000000,0.000000,OK
14,2026-06-05 16:45:00 UTC,OPNUSDT,0.168100,0.173300,0.167300,0.168600,0.000600,0.357143,0.297442,3.569304,9.867170,36340,-43551,-54.513024,18201115.000000,-19679453.000000,-51.951314,3091408.563300,-3428190.834500,-52.582845,9316212.000000,1582903.304900,1508505.258400,51.203303,92941219.000000,15590551.181213,114728.000000,0.123594,-1157031.667734,-6.908649,1.229700,0.074100,6.412253,55.150000,44.850000,2.541600,-0.118900,-4.469085,71.760000,28.240000,1.073800,0.029200,2.795328,51.780000,48.220000,binance_kline_quote_asset_volume,0.000000,0.000000,0.000000,0.000000,OK
15,2026-06-05 17:00:00 UTC,OPNUSDT,0.168500,0.173300,0.166400,0.172500,0.003900,2.313167,2.373887,4.094955,14.426406,29275,-7065,-19.441387,13588045.000000,-4613070.000000,-25.344986,2313802.489300,-777606.074000,-25.153779,7272138.000000,1238731.340500,1075071.148800,53.536607,92142275.000000,15529081.296436,-798944.000000,-0.859623,-61469.884777,-0.394277,1.243200,0.013500,1.097829,55.420000,44.580000,2.570200,0.028600,1.125275,71.990000,28.010000,1.082000,0.008200,0.763643,51.970000,48.030000,binance_kline_quote_asset_volume,0.000000,0.000000,0.000000,0.000000,OK
16,2026-06-05 17:15:00 UTC,OPNUSDT,0.172600,0.230000,0.171900,0.229300,0.056800,32.927536,32.850521,33.661645,52.283444,226700,197425,674.380871,84653864.000000,71065819.000000,523.002529,17204976.070300,14891173.581000,643.580152,44986426.000000,9115516.796400,8089459.273900,52.981863,91987636.000000,15864163.787775,-154639.000000,-0.167826,335082.491339,2.157774,1.252300,0.009100,0.731982,55.600000,44.400000,2.556400,-0.013800,-0.536923,71.880000,28.120000,1.101300,0.019300,1.783734,52.410000,47.590000,binance_kline_quote_asset_volume,0.000000,0.000000,0.000000,0.000000,OK
17,2026-06-05 17:30:00 UTC,OPNUSDT,0.229300,0.248800,0.220800,0.239300,0.010000,4.361099,4.361099,12.211077,55.976044,251329,24629,10.864138,80716134.000000,-3937730.000000,-4.651566,19112524.725000,1907548.654700,11.087192,39745566.000000,9413415.673300,9699109.051700,49.252602,86004378.000000,19674033.834600,-5983258.000000,-6.504415,3809870.046825,24.015574,1.130400,-0.121900,-9.734089,53.060000,46.940000,2.329100,-0.227300,-8.891410,69.960000,30.040000,1.079000,-0.022300,-2.024880,51.900000,48.100000,binance_kline_quote_asset_volume,0.000000,0.000000,0.000000,0.000000,OK
18,2026-06-05 17:45:00 UTC,OPNUSDT,0.239400,0.264600,0.227300,0.241600,0.002300,0.961137,0.918964,15.580618,56.804022,203298,-48031,-19.110807,62109484.000000,-18606650.000000,-23.051959,15356248.494100,-3756276.230900,-19.653480,30369939.000000,7516738.984400,7839509.509700,48.949058,83340115.000000,19968291.554000,-2664263.000000,-3.097823,294257.719400,1.495665,1.017300,-0.113100,-10.005308,50.430000,49.570000,2.196900,-0.132200,-5.676012,68.720000,31.280000,0.994400,-0.084600,-7.840593,49.860000,50.140000,binance_kline_quote_asset_volume,0.000000,0.000000,0.000000,0.000000,OK
19,2026-06-05 18:00:00 UTC,OPNUSDT,0.241600,0.257900,0.238700,0.246900,0.005300,2.193709,2.193709,7.947020,58.730195,100084,-103214,-50.769806,27204703.000000,-34904781.000000,-56.198794,6762472.580900,-8593775.913200,-55.962730,13763704.000000,3422249.299100,3340223.281800,50.606479,81395150.000000,19629028.909435,-1944965.000000,-2.333768,-339262.644566,-1.699007,1.014900,-0.002400,-0.235919,50.370000,49.630000,2.192100,-0.004800,-0.218490,68.670000,31.330000,1.006000,0.011600,1.166533,50.150000,49.850000,binance_kline_quote_asset_volume,0.000000,0.000000,0.000000,0.000000,OK
20,2026-06-05 18:15:00 UTC,OPNUSDT,0.247000,0.254100,0.240100,0.253500,0.006600,2.673147,2.631579,5.668016,61.058891,61913,-38171,-38.138963,18333257.000000,-8871446.000000,-32.609972,4516794.656300,-2245677.924600,-33.207941,9581354.000000,2363026.292200,2153768.364100,52.316443,80449991.000000,19847012.779700,-945159.000000,-1.161198,217983.870265,1.110518,0.956600,-0.058300,-5.744408,48.890000,51.110000,2.181600,-0.010500,-0.478993,68.570000,31.430000,0.965800,-0.040200,-3.996024,49.130000,50.870000,binance_kline_quote_asset_volume,0.000000,0.000000,0.000000,0.000000,OK
21,2026-06-05 18:30:00 UTC,OPNUSDT,0.253400,0.258700,0.247400,0.251000,-0.002500,-0.986193,-0.947119,4.459353,59.685080,51491,-10422,-16.833298,15459311.000000,-2873946.000000,-15.676134,3895525.802100,-621268.854200,-13.754640,8078072.000000,2036700.550600,1858825.251500,52.283072,80137545.000000,20316961.651551,-312446.000000,-0.388373,469948.871851,2.367857,0.911300,-0.045300,-4.735522,47.680000,52.320000,2.159800,-0.021800,-0.999267,68.350000,31.650000,0.917500,-0.048300,-5.001035,47.850000,52.150000,binance_kline_quote_asset_volume,0.000000,0.000000,0.000000,0.000000,OK
22,2026-06-05 18:45:00 UTC,OPNUSDT,0.251000,0.268800,0.242100,0.267900,0.016900,6.733068,6.733068,10.637450,65.359187,92136,40645,78.936125,28586455.000000,13127144.000000,84.914159,7304355.156700,3408829.354600,87.506271,14759308.000000,3777227.302200,3527127.854500,51.711989,80384882.000000,20240913.287600,247337.000000,0.308641,-76048.363951,-0.374310,0.909500,-0.001800,-0.197520,47.630000,52.370000,2.134600,-0.025200,-1.166775,68.100000,31.900000,0.910900,-0.006600,-0.719346,47.670000,52.330000,binance_kline_quote_asset_volume,0.000000,0.000000,0.000000,0.000000,OK
23,2026-06-05 19:00:00 UTC,OPNUSDT,0.267800,0.274400,0.242400,0.253300,-0.014600,-5.449795,-5.414488,11.949216,57.791756,105400,13264,14.396110,31296194.000000,2709739.000000,9.479101,8090514.532400,786159.375700,10.762885,14815151.000000,3836643.913500,4253870.618900,47.421507,80554652.000000,21564541.561936,169770.000000,0.211196,1323628.274336,6.539370,0.879700,-0.029800,-3.276526,46.800000,53.200000,2.112000,-0.022600,-1.058746,67.870000,32.130000,0.882500,-0.028400,-3.117796,46.880000,53.120000,binance_kline_quote_asset_volume,0.000000,0.000000,0.000000,0.000000,OK
24,2026-06-05 19:15:00 UTC,OPNUSDT,0.253200,0.253400,0.228200,0.232400,-0.020900,-8.251086,-8.214850,9.952607,49.038715,92854,-12546,-11.903226,28115812.000000,-3180382.000000,-10.162201,6671196.110000,-1419318.422400,-17.542993,12783385.000000,3032045.647900,3639150.462100,45.449805,79201599.000000,20127488.889598,-1353053.000000,-1.679671,-1437052.672337,-6.663961,0.886400,0.006700,0.761623,46.990000,53.010000,2.136800,0.024800,1.174242,68.120000,31.880000,0.880400,-0.002100,-0.237960,46.820000,53.180000,binance_kline_quote_asset_volume,0.000000,0.000000,0.000000,0.000000,OK
25,2026-06-05 19:30:00 UTC,OPNUSDT,0.232500,0.233200,0.216100,0.227600,-0.004800,-2.065404,-2.107527,7.354839,47.268034,87503,-5351,-5.762810,27624462.000000,-491350.000000,-1.747593,6146633.304800,-524562.805200,-7.863100,13696176.000000,3047323.711400,3099309.593400,49.577119,77810454.000000,18129835.782000,-1391145.000000,-1.756461,-1997653.107598,-9.924999,0.905900,0.019500,2.199910,47.530000,52.470000,2.129300,-0.007500,-0.350992,68.040000,31.960000,0.867100,-0.013300,-1.510677,46.440000,53.560000,binance_kline_quote_asset_volume,0.000000,0.000000,0.000000,0.000000,OK
26,2026-06-05 19:45:00 UTC,OPNUSDT,0.227600,0.241300,0.223400,0.231500,0.003900,1.713533,1.713533,7.864675,48.883041,60743,-26760,-30.581809,16890968.000000,-10733494.000000,-38.855034,3910912.168700,-2235721.136100,-36.373101,8843203.000000,2048731.625600,1862180.543100,52.385007,76467100.000000,17391660.401238,-1343354.000000,-1.726444,-738175.380762,-4.071605,0.943600,0.037700,4.161607,48.550000,51.450000,2.221200,0.091900,4.315972,68.960000,31.040000,0.892500,0.025400,2.929305,47.160000,52.840000,binance_kline_quote_asset_volume,0.000000,0.000000,0.000000,0.000000,OK
27,2026-06-05 20:00:00 UTC,OPNUSDT,0.231500,0.234200,0.227400,0.229800,-0.001700,-0.734341,-0.734341,2.937365,48.190208,31640,-29103,-47.911694,8270641.000000,-8620327.000000,-51.035127,1902233.768300,-2008678.400400,-51.360867,3971141.000000,913866.319200,988367.449100,48.041746,76402952.000000,17690855.990036,-64148.000000,-0.083890,299195.588798,1.720339,0.983300,0.039700,4.207291,49.580000,50.420000,2.215300,-0.005900,-0.265622,68.900000,31.100000,0.933100,0.040600,4.549020,48.270000,51.730000,binance_kline_quote_asset_volume,0.000000,0.000000,0.000000,0.000000,OK
28,2026-06-05 20:15:00 UTC,OPNUSDT,0.229900,0.230900,0.225200,0.226700,-0.003100,-1.348999,-1.391910,2.479339,46.885230,25752,-5888,-18.609355,7139384.000000,-1131257.000000,-13.677985,1626556.650400,-275677.117900,-14.492284,3646852.000000,831465.437500,795091.212900,51.118136,76564693.000000,17597604.538418,161741.000000,0.211695,-93251.451617,-0.527117,0.966600,-0.016700,-1.698363,49.150000,50.850000,2.194100,-0.021200,-0.956981,68.690000,31.310000,0.919400,-0.013700,-1.468224,47.900000,52.100000,binance_kline_quote_asset_volume,0.000000,0.000000,0.000000,0.000000,OK
29,2026-06-05 20:30:00 UTC,OPNUSDT,0.226600,0.234200,0.225400,0.227400,0.000700,0.308778,0.353045,3.883495,47.232710,21718,-4034,-15.664803,5937870.000000,-1201514.000000,-16.829379,1360718.812900,-265837.837500,-16.343595,3166611.000000,725819.748400,634899.064500,53.340906,76448449.000000,17311661.831365,-116244.000000,-0.151825,-285942.707054,-1.624896,0.965400,-0.001200,-0.124146,49.120000,50.880000,2.207000,0.012900,0.587940,68.820000,31.180000,0.907300,-0.012100,-1.316076,47.570000,52.430000,binance_kline_quote_asset_volume,0.000000,0.000000,0.000000,0.000000,OK
30,2026-06-05 20:45:00 UTC,OPNUSDT,0.227400,0.232500,0.227400,0.230900,0.003500,1.539138,1.539138,2.242744,49.028267,15525,-6193,-28.515517,4136320.000000,-1801550.000000,-30.340004,950787.940900,-409930.872000,-30.126053,2257868.000000,519217.809200,431570.131700,54.609213,76512631.000000,17395927.086686,64182.000000,0.083955,84265.255322,0.486754,0.972000,0.006600,0.683654,49.290000,50.710000,2.220800,0.013800,0.625283,68.950000,31.050000,0.921200,0.013900,1.532018,47.950000,52.050000,binance_kline_quote_asset_volume,0.000000,0.000000,0.000000,0.000000,OK
31,2026-06-05 21:00:00 UTC,OPNUSDT,0.230900,0.234000,0.226200,0.227200,-0.003700,-1.602425,-1.602425,3.378086,47.199777,19478,3953,25.462158,5209241.000000,1072921.000000,25.939023,1193101.102700,242313.161800,25.485511,2632645.000000,603081.402300,590019.700400,50.547385,76579733.000000,17676418.081869,67102.000000,0.087701,280490.995183,1.612395,0.977800,0.005800,0.596708,49.440000,50.560000,2.224400,0.003600,0.162104,68.990000,31.010000,0.922300,0.001100,0.119409,47.980000,52.020000,binance_kline_quote_asset_volume,0.000000,0.000000,0.000000,0.000000,OK
32,2026-06-05 21:15:00 UTC,OPNUSDT,0.227200,0.230200,0.221600,0.227300,0.000100,0.044014,0.044014,3.785211,47.257029,18257,-1221,-6.268611,5062015.000000,-147226.000000,-2.826247,1145061.493200,-48039.609500,-4.026449,2447835.000000,554408.719600,590652.773600,48.417375,76477000.000000,17379846.405220,-102733.000000,-0.134152,-296571.676649,-1.677782,0.983700,0.005900,0.603395,49.590000,50.410000,2.229800,0.005400,0.242762,69.040000,30.960000,0.935700,0.013400,1.452890,48.340000,51.660000,binance_kline_quote_asset_volume,0.000000,0.000000,0.000000,0.000000,OK
33,2026-06-05 21:30:00 UTC,OPNUSDT,0.227200,0.231400,0.226000,0.231300,0.004000,1.759789,1.804577,2.376761,49.610675,9714,-8543,-46.793011,2254968.000000,-2807047.000000,-55.453155,516017.474700,-629044.018500,-54.935392,1365829.000000,312678.408500,203339.066200,60.594539,76166413.000000,17303595.384975,-310587.000000,-0.406118,-76251.020245,-0.438732,0.982200,-0.001500,-0.152486,49.550000,50.450000,2.224000,-0.005800,-0.260113,68.980000,31.020000,0.928600,-0.007100,-0.758790,48.150000,51.850000,binance_kline_quote_asset_volume,0.000000,0.000000,0.000000,0.000000,OK
34,2026-06-05 21:45:00 UTC,OPNUSDT,0.231200,0.234800,0.228000,0.231000,-0.000300,-0.129702,-0.086505,2.941176,49.432505,11563,1849,19.034383,3007885.000000,752917.000000,33.389254,696083.772400,180066.297700,34.895388,1727089.000000,399734.004100,296349.768300,57.426135,76167429.000000,17604887.866206,1016.000000,0.001334,301292.481231,1.741213,0.974700,-0.007500,-0.763592,49.360000,50.640000,2.226100,0.002100,0.094424,69.000000,31.000000,0.920500,-0.008100,-0.872281,47.930000,52.070000,binance_kline_quote_asset_volume,0.000000,0.000000,0.000000,0.000000,OK
35,2026-06-05 22:00:00 UTC,OPNUSDT,0.230900,0.233500,0.227300,0.229900,-0.001100,-0.476190,-0.433088,2.685145,48.741290,14558,2995,25.901583,3615075.000000,607190.000000,20.186610,831506.578200,135422.805800,19.454958,1625819.000000,373827.007600,457679.570600,44.957793,76383138.000000,17644504.878000,215709.000000,0.283204,39617.011794,0.225034,0.972400,-0.002300,-0.235970,49.300000,50.700000,2.236200,0.010100,0.453708,69.100000,30.900000,0.925700,0.005200,0.564910,48.070000,51.930000,binance_kline_quote_asset_volume,0.000000,0.000000,0.000000,0.000000,OK
36,2026-06-05 22:15:00 UTC,OPNUSDT,0.229800,0.230400,0.226800,0.227700,-0.002200,-0.956938,-0.913838,1.566580,47.316255,8617,-5941,-40.809177,2388476.000000,-1226599.000000,-33.930112,546262.181900,-285244.396300,-34.304527,1230559.000000,281431.360000,264830.821900,51.519466,76493020.000000,17577772.430525,109882.000000,0.143856,-66732.447475,-0.378205,0.979000,0.006600,0.678733,49.470000,50.530000,2.256400,0.020200,0.903318,69.290000,30.710000,0.921600,-0.004100,-0.442908,47.960000,52.040000,binance_kline_quote_asset_volume,0.000000,0.000000,0.000000,0.000000,OK
37,2026-06-05 22:30:00 UTC,OPNUSDT,0.227700,0.228200,0.224700,0.226600,-0.001100,-0.483092,-0.483092,1.537110,46.582907,11222,2605,30.230939,3690632.000000,1302156.000000,54.518279,834823.067700,288560.885800,52.824613,1819723.000000,411720.425000,423102.642700,49.318286,76351635.000000,17376316.587329,-141385.000000,-0.184834,-201455.843196,-1.146083,0.975500,-0.003500,-0.357508,49.380000,50.620000,2.251300,-0.005100,-0.226024,69.240000,30.760000,0.924900,0.003300,0.358073,48.050000,51.950000,binance_kline_quote_asset_volume,0.000000,0.000000,0.000000,0.000000,OK
38,2026-06-05 22:45:00 UTC,OPNUSDT,0.226600,0.227800,0.224900,0.226200,-0.000400,-0.176523,-0.176523,1.279788,46.301879,7886,-3336,-29.727321,2121974.000000,-1568658.000000,-42.503777,479716.942000,-355106.125700,-42.536693,1022373.000000,231160.934700,248556.007300,48.186944,76171511.000000,17260464.392600,-180124.000000,-0.235914,-115852.194729,-0.666725,0.981800,0.006300,0.645823,49.540000,50.460000,2.250700,-0.000600,-0.026651,69.240000,30.760000,0.926800,0.001900,0.205428,48.100000,51.900000,binance_kline_quote_asset_volume,0.000000,0.000000,0.000000,0.000000,OK
39,2026-06-05 23:00:00 UTC,OPNUSDT,0.226100,0.234700,0.226000,0.231400,0.005200,2.298851,2.344096,3.847855,50.484004,16645,8759,111.070251,5061863.000000,2939889.000000,138.545006,1167781.024200,688064.082200,143.431266,2689409.000000,620211.214800,547569.809400,53.110232,76236417.000000,17244644.743741,64906.000000,0.085210,-15819.648859,-0.091653,0.973600,-0.008200,-0.835201,49.330000,50.670000,2.245700,-0.005000,-0.222153,69.190000,30.810000,0.918600,-0.008200,-0.884765,47.880000,52.120000,binance_kline_quote_asset_volume,0.000000,0.000000,0.000000,0.000000,OK
40,2026-06-05 23:15:00 UTC,OPNUSDT,0.231500,0.243800,0.230500,0.235800,0.004400,1.901469,1.857451,5.745140,53.765262,26632,9987,60.000000,8775996.000000,3714133.000000,73.374823,2084646.133200,916865.109000,78.513445,4952994.000000,1177078.947100,907567.186100,56.464209,76556010.000000,17722998.806677,319593.000000,0.419213,478354.062936,2.773928,0.969300,-0.004300,-0.441660,49.220000,50.780000,2.253400,0.007700,0.342877,69.260000,30.740000,0.903700,-0.014900,-1.622034,47.470000,52.530000,binance_kline_quote_asset_volume,0.000000,0.000000,0.000000,0.000000,OK
41,2026-06-05 23:30:00 UTC,OPNUSDT,0.235700,0.239400,0.235400,0.236300,0.000500,0.212044,0.254561,1.697073,54.137189,14379,-12253,-46.008561,4250533.000000,-4525463.000000,-51.566375,1008515.659100,-1076130.474100,-51.621734,2101026.000000,498491.802300,510023.856800,49.428266,76404504.000000,18008990.087238,-151506.000000,-0.197902,285991.280562,1.613673,0.961200,-0.008100,-0.835655,49.010000,50.990000,2.301400,0.048000,2.130114,69.710000,30.290000,0.916100,0.012400,1.372137,47.810000,52.190000,binance_kline_quote_asset_volume,0.000000,0.000000,0.000000,0.000000,OK
42,2026-06-05 23:45:00 UTC,OPNUSDT,0.236400,0.238900,0.226200,0.229600,-0.006700,-2.835379,-2.876481,5.372250,48.506302,25879,11500,79.977745,7987686.000000,3737153.000000,87.921985,1845542.400400,837026.741300,82.995909,3803087.000000,877785.283500,967757.116900,47.562456,76538270.000000,18091293.476197,133766.000000,0.175076,82303.388959,0.457013,0.968500,0.007300,0.759467,49.200000,50.800000,2.286000,-0.015400,-0.669158,69.570000,30.430000,0.923100,0.007000,0.764109,48.000000,52.000000,binance_kline_quote_asset_volume,0.000000,0.000000,0.000000,0.000000,OK
43,2026-06-06 00:00:00 UTC,OPNUSDT,0.229700,0.236200,0.227000,0.236000,0.006400,2.787456,2.742708,4.005224,53.483428,23108,-2771,-10.707523,7054271.000000,-933415.000000,-11.685675,1630900.556900,-214641.843500,-11.630285,3587364.000000,829831.029400,801069.527500,50.881767,76847404.000000,17630232.292529,309134.000000,0.403895,-461061.183669,-2.548525,0.980200,0.011700,1.208054,49.500000,50.500000,2.284000,-0.002000,-0.087489,69.550000,30.450000,0.913100,-0.010000,-1.083306,47.730000,52.270000,binance_kline_quote_asset_volume,0.000000,0.000000,0.000000,0.000000,OK
44,2026-06-06 00:15:00 UTC,OPNUSDT,0.236000,0.245800,0.230200,0.230700,-0.005300,-2.245763,-2.245763,6.610169,49.239044,37628,14520,62.835382,11301881.000000,4247610.000000,60.213309,2698462.022500,1067561.465600,65.458403,5641705.000000,1350701.178700,1347760.843800,50.054482,77005273.000000,18165543.900700,157869.000000,0.205432,535311.608171,3.036328,0.972000,-0.008200,-0.836564,49.290000,50.710000,2.281300,-0.002700,-0.118214,69.520000,30.480000,0.915000,0.001900,0.208082,47.780000,52.220000,binance_kline_quote_asset_volume,0.000000,0.000000,0.000000,0.000000,OK
45,2026-06-06 00:30:00 UTC,OPNUSDT,0.230700,0.233700,0.229400,0.232400,0.001700,0.736888,0.736888,1.863893,50.593416,13438,-24190,-64.287233,3792690.000000,-7509191.000000,-66.441958,877696.655800,-1820765.366700,-67.474189,1933084.000000,447387.805300,430308.850500,50.972942,78251352.000000,18047138.264760,1246079.000000,1.618174,-118405.635940,-0.651814,0.986500,0.014500,1.491770,49.660000,50.340000,2.302500,0.021200,0.929295,69.720000,30.280000,0.925300,0.010300,1.125683,48.060000,51.940000,binance_kline_quote_asset_volume,0.000000,0.000000,0.000000,0.000000,OK
46,2026-06-06 00:45:00 UTC,OPNUSDT,0.232400,0.237200,0.230200,0.230500,-0.001900,-0.817556,-0.817556,3.012048,49.019202,14482,1044,7.769013,4058027.000000,265337.000000,6.996011,947492.338300,69795.682500,7.952142,2041318.000000,477023.992400,470468.345900,50.345947,78492080.000000,18231039.098518,240728.000000,0.307634,183900.833757,1.019003,0.990400,0.003900,0.395337,49.760000,50.240000,2.290400,-0.012100,-0.525516,69.610000,30.390000,0.936900,0.011600,1.253647,48.370000,51.630000,binance_kline_quote_asset_volume,0.000000,0.000000,0.000000,0.000000,OK
47,2026-06-06 01:00:00 UTC,OPNUSDT,0.230500,0.234100,0.226700,0.233800,0.003300,1.431670,1.431670,3.210412,51.823048,20159,5677,39.200387,5695650.000000,1637623.000000,40.355153,1309888.045300,362395.707000,38.247877,2939503.000000,676459.969100,633428.076200,51.642579,78590899.000000,18120786.102874,98819.000000,0.125897,-110252.995644,-0.604754,0.993600,0.003200,0.323102,49.840000,50.160000,2.294300,0.003900,0.170276,69.640000,30.360000,0.939900,0.003000,0.320205,48.450000,51.550000,binance_kline_quote_asset_volume,0.000000,0.000000,0.000000,0.000000,OK
48,2026-06-06 01:15:00 UTC,OPNUSDT,0.233800,0.240200,0.229600,0.239200,0.005400,2.309666,2.309666,4.533790,56.079782,19026,-1133,-5.620318,4540353.000000,-1155297.000000,-20.283848,1065903.760000,-243984.285300,-18.626346,2476896.000000,581917.983700,483985.776300,54.593858,78194191.000000,18281801.855800,-396708.000000,-0.504776,161015.752926,0.888569,0.976700,-0.016900,-1.700886,49.410000,50.590000,2.280500,-0.013800,-0.601491,69.520000,30.480000,0.927200,-0.012700,-1.351208,48.110000,51.890000,binance_kline_quote_asset_volume,0.000000,0.000000,0.000000,0.000000,OK
49,2026-06-06 01:30:00 UTC,OPNUSDT,0.239200,0.242400,0.237200,0.239700,0.000500,0.209030,0.209030,2.173913,56.463360,17610,-1416,-7.442447,4674633.000000,134280.000000,2.957479,1120004.828900,54101.068900,5.075605,2419063.000000,579877.105900,540127.723000,51.774518,78416028.000000,18771460.894083,221837.000000,0.283700,489659.038283,2.678396,0.961900,-0.014800,-1.515307,49.030000,50.970000,2.291100,0.010600,0.464810,69.620000,30.380000,0.909500,-0.017700,-1.908973,47.630000,52.370000,binance_kline_quote_asset_volume,0.000000,0.000000,0.000000,0.000000,OK
50,2026-06-06 01:45:00 UTC,OPNUSDT,0.239800,0.239900,0.234700,0.236700,-0.003000,-1.251564,-1.292744,2.168474,53.447232,12161,-5449,-30.942646,2739397.000000,-1935236.000000,-41.398672,649217.583300,-470787.245600,-42.034394,1295603.000000,307033.012100,342184.571200,47.292775,78742663.000000,18874616.321100,326635.000000,0.416541,103155.427017,0.549533,0.967300,0.005400,0.561389,49.170000,50.830000,2.284800,-0.006300,-0.274977,69.560000,30.440000,0.913500,0.004000,0.439802,47.740000,52.260000,binance_kline_quote_asset_volume,0.000000,0.000000,0.000000,0.000000,OK
51,2026-06-06 02:00:00 UTC,OPNUSDT,0.236800,0.242700,0.236000,0.240600,0.003900,1.647655,1.604730,2.829392,56.686413,13410,1249,10.270537,3348127.000000,608730.000000,22.221314,801826.422700,152608.839400,23.506578,1806253.000000,432831.395500,368995.027200,53.980685,78761328.000000,18651363.755887,18665.000000,0.023704,-223252.565213,-1.182819,0.967700,0.000400,0.041352,49.180000,50.820000,2.276000,-0.008800,-0.385154,69.470000,30.530000,0.916800,0.003300,0.361248,47.830000,52.170000,binance_kline_quote_asset_volume,0.000000,0.000000,0.000000,0.000000,OK
52,2026-06-06 02:15:00 UTC,OPNUSDT,0.240600,0.245600,0.236800,0.237500,-0.003100,-1.288446,-1.288446,3.657523,53.499839,18240,4830,36.017897,5661292.000000,2313165.000000,69.088329,1370146.891500,568320.468800,70.878242,2440834.000000,591519.873600,778627.017900,43.172004,79044616.000000,19017367.086379,283288.000000,0.359679,366003.330491,1.962341,0.955800,-0.011900,-1.229720,48.870000,51.130000,2.307300,0.031300,1.375220,69.760000,30.240000,0.915300,-0.001500,-0.163613,47.790000,52.210000,binance_kline_quote_asset_volume,0.000000,0.000000,0.000000,0.000000,OK
53,2026-06-06 02:30:00 UTC,OPNUSDT,0.237500,0.243100,0.235700,0.241600,0.004100,1.726316,1.726316,3.115789,56.946954,15336,-2904,-15.921053,3488378.000000,-2172914.000000,-38.381945,836404.664000,-533742.227500,-38.955110,1885728.000000,451953.842600,384450.821400,54.035309,79292201.000000,18868977.149454,247585.000000,0.313222,-148389.936925,-0.780286,0.970800,0.015000,1.569366,49.260000,50.740000,2.317400,0.010100,0.437741,69.860000,30.140000,0.924900,0.009600,1.048836,48.050000,51.950000,binance_kline_quote_asset_volume,0.000000,0.000000,0.000000,0.000000,OK
54,2026-06-06 02:45:00 UTC,OPNUSDT,0.241500,0.243800,0.239700,0.239900,-0.001700,-0.703642,-0.662526,1.697723,55.122309,9587,-5749,-37.486959,2124562.000000,-1363816.000000,-39.095992,514243.184900,-322161.479100,-38.517418,1121030.000000,271439.440600,242803.744300,52.784256,79403022.000000,19191710.417400,110821.000000,0.139763,322733.267946,1.710391,0.958500,-0.012300,-1.266996,48.940000,51.060000,2.307500,-0.009900,-0.427203,69.770000,30.230000,0.921600,-0.003300,-0.356795,47.960000,52.040000,binance_kline_quote_asset_volume,0.000000,0.000000,0.000000,0.000000,OK
55,2026-06-06 03:00:00 UTC,OPNUSDT,0.239900,0.242500,0.236600,0.242100,0.002200,0.917049,0.917049,2.459358,57.040642,12602,3015,31.448837,2964931.000000,840369.000000,39.554929,710417.139500,196173.954600,38.148090,1477491.000000,354103.470700,356313.668800,49.844444,79459729.000000,19060945.203824,56707.000000,0.071417,-130765.213576,-0.681363,0.967700,0.009200,0.959833,49.180000,50.820000,2.301700,-0.005800,-0.251354,69.710000,30.290000,0.939100,0.017500,1.898872,48.430000,51.570000,binance_kline_quote_asset_volume,0.000000,0.000000,0.000000,0.000000,OK
56,2026-06-06 03:15:00 UTC,OPNUSDT,0.242100,0.243600,0.237000,0.240200,-0.001900,-0.784800,-0.784800,2.726146,54.859611,13602,1000,7.935248,3301904.000000,336973.000000,11.365290,792692.139400,82274.999900,11.581224,1471471.000000,353543.848700,439148.290700,44.600398,79529337.000000,19261945.774397,69608.000000,0.087602,201000.570573,1.054515,0.969300,0.001600,0.165340,49.220000,50.780000,2.298000,-0.003700,-0.160751,69.680000,30.320000,0.941700,0.002600,0.276861,48.500000,51.500000,binance_kline_quote_asset_volume,0.000000,0.000000,0.000000,0.000000,OK
57,2026-06-06 03:30:00 UTC,OPNUSDT,0.240100,0.249200,0.232200,0.245200,0.005000,2.081599,2.124115,7.080383,59.272897,35073,21471,157.851787,9701461.000000,6399557.000000,193.814145,2332967.772200,1540275.632800,194.309437,4992554.000000,1202065.777400,1130901.994800,51.525177,79564257.000000,19111334.531400,34920.000000,0.043908,-150611.242997,-0.781911,0.972400,0.003100,0.319818,49.300000,50.700000,2.275600,-0.022400,-0.974761,69.470000,30.530000,0.948600,0.006900,0.732717,48.680000,51.320000,binance_kline_quote_asset_volume,0.000000,0.000000,0.000000,0.000000,OK
58,2026-06-06 03:45:00 UTC,OPNUSDT,0.245100,0.249200,0.242600,0.244400,-0.000800,-0.326264,-0.285598,2.692778,58.290918,23832,-11241,-32.050295,5377092.000000,-4324369.000000,-44.574410,1323002.824000,-1009964.948200,-43.290994,2796037.000000,688479.319500,634523.504500,52.039142,79464226.000000,19456690.977265,-100031.000000,-0.125724,345356.445865,1.807077,0.950800,-0.021600,-2.221308,48.740000,51.260000,2.291500,0.015900,0.698717,69.620000,30.380000,0.924200,-0.024400,-2.572212,48.030000,51.970000,binance_kline_quote_asset_volume,0.000000,0.000000,0.000000,0.000000,OK
59,2026-06-06 04:00:00 UTC,OPNUSDT,0.244400,0.244500,0.236200,0.238600,-0.005800,-2.373159,-2.373159,3.396072,51.614539,24573,741,3.109265,5936773.000000,559681.000000,10.408619,1426214.505200,103211.681200,7.801320,2960626.000000,711612.299300,714602.205900,49.895180,79338804.000000,19382823.668266,-125422.000000,-0.157835,-73867.308999,-0.379650,0.958500,0.007700,0.809844,48.940000,51.060000,2.293400,0.001900,0.082915,69.640000,30.360000,0.938000,0.013800,1.493183,48.400000,51.600000,binance_kline_quote_asset_volume,0.000000,0.000000,0.000000,0.000000,OK
60,2026-06-06 04:15:00 UTC,OPNUSDT,0.238700,0.244300,0.237000,0.238200,-0.000400,-0.167645,-0.209468,3.058232,51.179177,17537,-7036,-28.633053,4045982.000000,-1890791.000000,-31.848801,974091.790300,-452122.714900,-31.700892,1896205.000000,456645.110900,517446.679400,46.879064,79623589.000000,19026191.155415,284785.000000,0.358948,-356632.512850,-1.839941,0.978600,0.020100,2.097027,49.460000,50.540000,2.285000,-0.008400,-0.366268,69.560000,30.440000,0.955000,0.017000,1.812367,48.850000,51.150000,binance_kline_quote_asset_volume,0.000000,0.000000,0.000000,0.000000,OK
61,2026-06-06 04:30:00 UTC,OPNUSDT,0.238300,0.241200,0.230300,0.238100,-0.000100,-0.041982,-0.083928,4.574066,51.063217,27099,9562,54.524719,6632409.000000,2586427.000000,63.925816,1562756.418800,588664.628500,60.432152,3288738.000000,775849.871500,786906.547300,49.646244,79448884.000000,19085984.746610,-174705.000000,-0.219414,59793.591195,0.314270,0.985700,0.007100,0.725526,49.640000,50.360000,2.282900,-0.002100,-0.091904,69.540000,30.460000,0.952400,-0.002600,-0.272251,48.780000,51.220000,binance_kline_quote_asset_volume,0.000000,0.000000,0.000000,0.000000,OK
62,2026-06-06 04:45:00 UTC,OPNUSDT,0.238100,0.243700,0.237000,0.242400,0.004300,1.805964,1.805964,2.813944,55.710232,18400,-8699,-32.100816,4389257.000000,-2243152.000000,-33.821075,1056653.402100,-506103.016700,-32.385278,2251395.000000,541985.624000,514667.778100,51.292659,78973064.000000,18805580.114327,-475820.000000,-0.598901,-280404.632284,-1.469165,0.977100,-0.008600,-0.872476,49.420000,50.580000,2.269300,-0.013600,-0.595733,69.410000,30.590000,0.941700,-0.010700,-1.123478,48.500000,51.500000,binance_kline_quote_asset_volume,0.000000,0.000000,0.000000,0.000000,OK
63,2026-06-06 05:00:00 UTC,OPNUSDT,0.242400,0.246800,0.240400,0.244700,0.002300,0.948845,0.948845,2.640264,58.007213,20312,1912,10.391304,4393610.000000,4353.000000,0.099174,1070100.120200,13446.718100,1.272576,2285361.000000,556580.577300,513519.542900,52.012010,79100896.000000,19158237.011200,127832.000000,0.161868,352656.896873,1.875278,0.967300,-0.009800,-1.002968,49.170000,50.830000,2.278400,0.009100,0.401005,69.500000,30.500000,0.927500,-0.014200,-1.507911,48.120000,51.880000,binance_kline_quote_asset_volume,0.000000,0.000000,0.000000,0.000000,OK
64,2026-06-06 05:15:00 UTC,OPNUSDT,0.244700,0.253700,0.244400,0.248900,0.004200,1.716387,1.716387,3.800572,61.893698,34587,14275,70.278653,9068339.000000,4674729.000000,106.398360,2262853.686400,1192753.566200,111.461866,4956960.000000,1237505.572900,1025348.113500,54.687830,79231600.000000,19368953.766736,130704.000000,0.165237,210716.755536,1.099876,0.970100,0.002800,0.289466,49.240000,50.760000,2.277800,-0.000600,-0.026334,69.490000,30.510000,0.927900,0.000400,0.043127,48.130000,51.870000,binance_kline_quote_asset_volume,0.000000,0.000000,0.000000,0.000000,OK
65,2026-06-06 05:30:00 UTC,OPNUSDT,0.248900,0.256300,0.248000,0.252200,0.003300,1.325834,1.325834,3.334673,64.661174,22528,-12059,-34.865701,5786806.000000,-3281533.000000,-36.186704,1463119.276500,-799734.409900,-35.341852,3213835.000000,812470.661200,650648.615300,55.530036,79982872.000000,19907736.840800,751272.000000,0.948197,538783.074064,2.781684,0.987700,0.017600,1.814246,49.690000,50.310000,2.296200,0.018400,0.807797,69.660000,30.340000,0.939500,0.011600,1.250135,48.440000,51.560000,binance_kline_quote_asset_volume,0.000000,0.000000,0.000000,0.000000,OK
66,2026-06-06 05:45:00 UTC,OPNUSDT,0.252300,0.257300,0.251800,0.255500,0.003300,1.308485,1.268331,2.179945,67.224593,17777,-4751,-21.089311,4932872.000000,-853934.000000,-14.756569,1257478.227800,-205641.048700,-14.054975,2722444.000000,694381.458000,563096.769800,55.220158,80560745.000000,20341588.112500,577873.000000,0.722496,433851.271700,2.179310,1.000400,0.012700,1.285816,50.010000,49.990000,2.282800,-0.013400,-0.583573,69.540000,30.460000,0.960000,0.020500,2.182012,48.980000,51.020000,binance_kline_quote_asset_volume,0.000000,0.000000,0.000000,0.000000,OK
67,2026-06-06 06:00:00 UTC,OPNUSDT,0.255600,0.257800,0.242600,0.246500,-0.009000,-3.522505,-3.560250,5.946792,55.417841,31919,14142,79.552230,9530787.000000,4597915.000000,93.209696,2393793.264800,1136315.037000,90.364589,4284432.000000,1076834.698000,1316958.566800,44.984448,80916087.000000,20673184.716439,355342.000000,0.441086,331596.603939,1.630141,1.006400,0.006000,0.599760,50.160000,49.840000,2.275800,-0.007000,-0.306641,69.470000,30.530000,0.977800,0.017800,1.854167,49.440000,50.560000,binance_kline_quote_asset_volume,0.000000,0.000000,0.000000,0.000000,OK
68,2026-06-06 06:15:00 UTC,OPNUSDT,0.246400,0.246800,0.238400,0.242000,-0.004500,-1.825558,-1.785714,3.409091,50.629747,22626,-9293,-29.114321,6171343.000000,-3359444.000000,-35.248338,1495685.025000,-898108.239800,-37.518204,2805647.000000,680206.806000,815478.219000,45.477945,80370611.000000,19815715.717147,-545476.000000,-0.674126,-857468.999292,-4.147735,1.043700,0.037300,3.706280,51.070000,48.930000,2.277200,0.001400,0.061517,69.490000,30.510000,0.988900,0.011100,1.135201,49.720000,50.280000,binance_kline_quote_asset_volume,0.000000,0.000000,0.000000,0.000000,OK
69,2026-06-06 06:30:00 UTC,OPNUSDT,0.242000,0.246700,0.238600,0.240300,-0.001700,-0.702479,-0.702479,3.347107,48.910507,19734,-2892,-12.781756,4904856.000000,-1266487.000000,-20.522065,1190110.671200,-305574.353800,-20.430395,2593304.000000,629882.306900,560228.364300,52.926364,80116736.000000,19382069.105818,-253875.000000,-0.315880,-433646.611329,-2.188397,1.039200,-0.004500,-0.431158,50.960000,49.040000,2.290600,0.013400,0.588442,69.610000,30.390000,0.990800,0.001900,0.192133,49.770000,50.230000,binance_kline_quote_asset_volume,0.000000,0.000000,0.000000,0.000000,OK
70,2026-06-06 06:45:00 UTC,OPNUSDT,0.240400,0.247900,0.236500,0.247300,0.007000,2.913025,2.870216,4.742097,55.596710,22035,2301,11.660079,5807419.000000,902563.000000,18.401417,1409966.426700,219855.755500,18.473556,2825840.000000,687014.395200,722952.031500,48.725585,80155723.000000,19253615.474151,38987.000000,0.048663,-128453.631666,-0.662745,1.033300,-0.005900,-0.567744,50.820000,49.180000,2.294100,0.003500,0.152798,69.640000,30.360000,0.988900,-0.001900,-0.191764,49.720000,50.280000,binance_kline_quote_asset_volume,0.000000,0.000000,0.000000,0.000000,OK
71,2026-06-06 07:00:00 UTC,OPNUSDT,0.247300,0.248200,0.241200,0.242300,-0.005000,-2.021836,-2.021836,2.830570,50.511649,16796,-5239,-23.775811,4135512.000000,-1671907.000000,-28.789157,1009776.033200,-400190.393500,-28.382973,2014793.000000,491932.070800,517843.962400,48.716949,80157054.000000,19806808.043400,1331.000000,0.001661,553192.569249,2.873188,1.004400,-0.028900,-2.796864,50.110000,49.890000,2.306600,0.012500,0.544876,69.760000,30.240000,0.968100,-0.020800,-2.103347,49.190000,50.810000,binance_kline_quote_asset_volume,0.000000,0.000000,0.000000,0.000000,OK
72,2026-06-06 07:15:00 UTC,OPNUSDT,0.242400,0.247200,0.239500,0.241800,-0.000500,-0.206356,-0.247525,3.176568,50.018967,20718,3922,23.350798,4879621.000000,744109.000000,17.993153,1184803.575600,175027.542400,17.333303,2286104.000000,555232.140200,629571.435400,46.862801,80070411.000000,19438978.729133,-86643.000000,-0.108092,-367829.314267,-1.857085,0.993600,-0.010800,-1.075269,49.840000,50.160000,2.307500,0.000900,0.039018,69.770000,30.230000,0.962700,-0.005400,-0.557794,49.050000,50.950000,binance_kline_quote_asset_volume,0.000000,0.000000,0.000000,0.000000,OK
73,2026-06-06 07:30:00 UTC,OPNUSDT,0.241800,0.246200,0.239600,0.240800,-0.001000,-0.413565,-0.413565,2.729529,48.989779,15821,-4897,-23.636451,3412436.000000,-1467185.000000,-30.067602,829362.135800,-355441.439800,-30.000031,1714388.000000,416864.484100,412497.651700,50.263265,80035101.000000,19352285.733345,-35310.000000,-0.044099,-86692.995788,-0.445975,0.989700,-0.003900,-0.392512,49.740000,50.260000,2.301200,-0.006300,-0.273023,69.710000,30.290000,0.965400,0.002700,0.280461,49.120000,50.880000,binance_kline_quote_asset_volume,0.000000,0.000000,0.000000,0.000000,OK
74,2026-06-06 07:45:00 UTC,OPNUSDT,0.240900,0.254900,0.240000,0.252000,0.011200,4.651163,4.607721,6.185139,59.132250,31866,16045,101.415840,7397772.000000,3985336.000000,116.788593,1835946.464300,1006584.328500,121.368493,4148555.000000,1028798.146400,807148.317900,56.036391,79972016.000000,19259227.964673,-63085.000000,-0.078822,-93057.768672,-0.480862,0.996400,0.006700,0.676973,49.910000,50.090000,2.310100,0.008900,0.386755,69.790000,30.210000,0.967300,0.001900,0.196810,49.170000,50.830000,binance_kline_quote_asset_volume,0.000000,0.000000,0.000000,0.000000,OK
75,2026-06-06 08:00:00 UTC,OPNUSDT,0.252000,0.262500,0.250800,0.256800,0.004800,1.904762,1.904762,4.642857,62.567391,30813,-1053,-3.304462,7371397.000000,-26375.000000,-0.356526,1892265.531400,56319.067100,3.067577,3864408.000000,992418.649600,899846.881800,52.446056,80291722.000000,20224209.739255,319706.000000,0.399772,964981.774581,5.010490,0.961600,-0.034800,-3.492573,49.020000,50.980000,2.313600,0.003500,0.151509,69.820000,30.180000,0.935700,-0.031600,-3.266825,48.340000,51.660000,binance_kline_quote_asset_volume,0.000000,0.000000,0.000000,0.000000,OK
76,2026-06-06 08:15:00 UTC,OPNUSDT,0.256700,0.256900,0.248000,0.251800,-0.005000,-1.947040,-1.908843,3.467082,57.176111,26967,-3846,-12.481745,6770212.000000,-601185.000000,-8.155645,1706652.403200,-185613.128200,-9.809042,3254879.000000,820161.458400,886490.944800,48.056737,80357011.000000,20629523.470617,65289.000000,0.081315,405313.731363,2.004102,0.961200,-0.000400,-0.041597,49.010000,50.990000,2.308200,-0.005400,-0.233402,69.770000,30.230000,0.933900,-0.001800,-0.192369,48.290000,51.710000,binance_kline_quote_asset_volume,0.000000,0.000000,0.000000,0.000000,OK
77,2026-06-06 08:30:00 UTC,OPNUSDT,0.251700,0.256200,0.250400,0.255600,0.003800,1.509134,1.549464,2.304331,59.997295,17267,-9700,-35.969889,3389868.000000,-3380344.000000,-49.929662,860403.639000,-846248.764200,-49.585303,1744908.000000,442977.530600,417426.108400,51.484851,80477272.000000,20231986.180800,120261.000000,0.149658,-397537.289817,-1.927031,0.964600,0.003400,0.353725,49.100000,50.900000,2.292500,-0.015700,-0.680184,69.630000,30.370000,0.928600,-0.005300,-0.567513,48.150000,51.850000,binance_kline_quote_asset_volume,0.000000,0.000000,0.000000,0.000000,OK
78,2026-06-06 08:45:00 UTC,OPNUSDT,0.255700,0.256900,0.239600,0.240300,-0.015300,-5.985915,-6.022683,6.765741,46.666809,32979,15712,90.994382,8727393.000000,5337525.000000,157.455246,2153183.089100,1292779.450100,150.252671,4005467.000000,988696.713500,1164486.375600,45.917912,80492458.000000,20588358.492466,15186.000000,0.018870,356372.311666,1.761430,0.965800,0.001200,0.124404,49.130000,50.870000,2.307400,0.014900,0.649945,69.760000,30.240000,0.930100,0.001500,0.161533,48.190000,51.810000,binance_kline_quote_asset_volume,0.000000,0.000000,0.000000,0.000000,OK
79,2026-06-06 09:00:00 UTC,OPNUSDT,0.240300,0.241900,0.234800,0.238900,-0.001400,-0.582605,-0.582605,2.954640,45.666952,30773,-2206,-6.689105,8325634.000000,-401759.000000,-4.603425,1986672.987200,-166510.101900,-7.733207,4222310.000000,1008062.214200,978610.773000,50.741225,79825062.000000,19184701.196477,-667396.000000,-0.829141,-1403657.295989,-6.817723,1.018600,0.052800,5.466970,50.460000,49.540000,2.329300,0.021900,0.949120,69.960000,30.040000,0.979800,0.049700,5.343511,49.490000,50.510000,binance_kline_quote_asset_volume,0.000000,0.000000,0.000000,0.000000,OK
80,2026-06-06 09:15:00 UTC,OPNUSDT,0.238800,0.242500,0.233000,0.235100,-0.003800,-1.590624,-1.549414,3.978224,42.975476,24852,-5921,-19.240893,7208655.000000,-1116979.000000,-13.416143,1710150.174400,-276522.812800,-13.918889,3286409.000000,780411.981400,929738.193000,45.634120,79805092.000000,19057785.564630,-19970.000000,-0.025017,-126915.631847,-0.661546,1.004400,-0.014200,-1.394070,50.110000,49.890000,2.322600,-0.006700,-0.287640,69.900000,30.100000,0.957300,-0.022500,-2.296387,48.910000,51.090000,binance_kline_quote_asset_volume,0.000000,0.000000,0.000000,0.000000,OK
81,2026-06-06 09:30:00 UTC,OPNUSDT,0.235100,0.240300,0.232300,0.235700,0.000600,0.255211,0.255211,3.402807,43.541288,20832,-4020,-16.175761,5454951.000000,-1753704.000000,-24.327756,1289433.200700,-420716.973700,-24.601171,2670139.000000,631482.945700,657950.255000,48.973684,79906683.000000,18789409.263318,101591.000000,0.127299,-268376.301312,-1.408224,1.012100,0.007700,0.766627,50.300000,49.700000,2.341300,0.018700,0.805132,70.070000,29.930000,0.959600,0.002300,0.240259,48.970000,51.030000,binance_kline_quote_asset_volume,0.000000,0.000000,0.000000,0.000000,OK
82,2026-06-06 09:45:00 UTC,OPNUSDT,0.235700,0.237200,0.220400,0.222000,-0.013700,-5.812473,-5.812473,7.127705,35.001442,41857,21025,100.926459,11574264.000000,6119313.000000,112.179064,2630656.446300,1341223.245600,104.016497,5125630.000000,1164084.068800,1466572.377500,44.250707,79854477.000000,18816511.284985,-52206.000000,-0.065334,27102.021667,0.144241,1.002400,-0.009700,-0.958403,50.060000,49.940000,2.358300,0.017000,0.726092,70.220000,29.780000,0.939900,-0.019700,-2.052939,48.450000,51.550000,binance_kline_quote_asset_volume,0.000000,0.000000,0.000000,0.000000,OK
83,2026-06-06 10:00:00 UTC,OPNUSDT,0.222100,0.227200,0.221600,0.224700,0.002700,1.216216,1.170644,2.521387,37.599017,22602,-19255,-46.001863,6185480.000000,-5388784.000000,-46.558330,1390858.249500,-1239798.196800,-47.128853,3226454.000000,725671.391900,665186.857600,52.174360,79510505.000000,17656335.706080,-343972.000000,-0.430749,-1160175.578905,-6.165732,1.033300,0.030900,3.082602,50.820000,49.180000,2.357500,-0.000800,-0.033923,70.220000,29.780000,0.943600,0.003700,0.393659,48.550000,51.450000,binance_kline_quote_asset_volume,0.000000,0.000000,0.000000,0.000000,OK
84,2026-06-06 10:15:00 UTC,OPNUSDT,0.224800,0.224900,0.200900,0.204500,-0.020200,-8.989764,-9.030249,10.676157,28.441318,66136,43534,192.611273,21318773.000000,15133293.000000,244.658345,4463326.234600,3072467.985100,220.904466,9251682.000000,1930779.285400,2532546.949200,43.258753,79427472.000000,17859155.086464,-83033.000000,-0.104430,202819.380385,1.148706,1.026800,-0.006500,-0.629053,50.660000,49.340000,2.368900,0.011400,0.483563,70.320000,29.680000,0.947800,0.004200,0.445104,48.660000,51.340000,binance_kline_quote_asset_volume,0.000000,0.000000,0.000000,0.000000,OK
85,2026-06-06 10:30:00 UTC,OPNUSDT,0.204600,0.205700,0.199000,0.201200,-0.003300,-1.613692,-1.661779,3.274682,27.272667,34118,-32018,-48.412362,10167489.000000,-11151284.000000,-52.307344,2054961.736500,-2408364.498100,-53.958962,4844415.000000,980018.266100,1074943.470400,47.690341,77760965.000000,15933221.728500,-1666507.000000,-2.098149,-1925933.357964,-10.784012,1.101700,0.074900,7.294507,52.420000,47.580000,2.439000,0.070100,2.959179,70.920000,29.080000,0.969700,0.021900,2.310614,49.230000,50.770000,binance_kline_quote_asset_volume,0.000000,0.000000,0.000000,0.000000,OK
86,2026-06-06 10:45:00 UTC,OPNUSDT,0.201300,0.224400,0.200300,0.218300,0.017100,8.499006,8.445107,11.972181,40.838362,54994,20876,61.187643,16590418.000000,6422929.000000,63.171241,3559435.629100,1504473.892600,73.211772,9277315.000000,1986831.085800,1572604.543300,55.818711,77648691.000000,15632924.768983,-112274.000000,-0.144383,-300296.959517,-1.884722,1.123100,0.021400,1.942453,52.900000,47.100000,2.463000,0.024000,0.984010,71.120000,28.880000,0.977800,0.008100,0.835310,49.440000,50.560000,binance_kline_quote_asset_volume,0.000000,0.000000,0.000000,0.000000,OK
87,2026-06-06 11:00:00 UTC,OPNUSDT,0.218300,0.222700,0.214100,0.217700,-0.000600,-0.274851,-0.274851,3.939533,40.552536,30391,-24603,-44.737608,7450089.000000,-9140329.000000,-55.094025,1623176.265300,-1936259.363800,-54.397932,3900710.000000,849993.213500,773183.051800,52.366045,76658128.000000,16756052.438338,-990563.000000,-1.275698,1123127.669355,7.184373,1.094700,-0.028400,-2.528715,52.260000,47.740000,2.463800,0.000800,0.032481,71.130000,28.870000,0.987300,0.009500,0.971569,49.680000,50.320000,binance_kline_quote_asset_volume,0.000000,0.000000,0.000000,0.000000,OK
88,2026-06-06 11:15:00 UTC,OPNUSDT,0.217800,0.218400,0.211100,0.213900,-0.003800,-1.745521,-1.790634,3.351699,38.704898,22464,-7927,-26.083380,6102830.000000,-1347259.000000,-18.083797,1306043.589700,-317132.675600,-19.537784,2826215.000000,604993.591300,701049.998400,46.322619,76379574.000000,16654222.402617,-278554.000000,-0.363372,-101830.035721,-0.607721,1.085100,-0.009600,-0.876953,52.040000,47.960000,2.480100,0.016300,0.661580,71.270000,28.730000,0.977100,-0.010200,-1.033121,49.420000,50.580000,binance_kline_quote_asset_volume,0.000000,0.000000,0.000000,0.000000,OK
89,2026-06-06 11:30:00 UTC,OPNUSDT,0.213900,0.216800,0.208200,0.209000,-0.004900,-2.290790,-2.290790,4.020570,36.401768,23712,1248,5.555556,6324540.000000,221710.000000,3.632905,1341629.840100,35586.250400,2.724737,3032316.000000,643601.845500,698027.994600,47.971641,76479459.000000,16362873.557990,99885.000000,0.130774,-291348.844627,-1.749399,1.076000,-0.009100,-0.838632,51.830000,48.170000,2.496700,0.016600,0.669328,71.400000,28.600000,0.947000,-0.030100,-3.080544,48.640000,51.360000,binance_kline_quote_asset_volume,0.000000,0.000000,0.000000,0.000000,OK
90,2026-06-06 11:45:00 UTC,OPNUSDT,0.209000,0.210400,0.195700,0.198400,-0.010600,-5.071770,-5.071770,7.033493,31.969886,29441,5729,24.160762,8894266.000000,2569726.000000,40.631034,1804804.214000,463174.373900,34.523261,3698787.000000,751946.848200,1052857.365800,41.663624,76508416.000000,15985986.714051,28957.000000,0.037862,-376886.843939,-2.303305,1.088600,0.012600,1.171004,52.120000,47.880000,2.500500,0.003800,0.152201,71.430000,28.570000,0.957300,0.010300,1.087645,48.910000,51.090000,binance_kline_quote_asset_volume,0.000000,0.000000,0.000000,0.000000,OK
91,2026-06-06 12:00:00 UTC,OPNUSDT,0.198500,0.205900,0.185000,0.185300,-0.013100,-6.602823,-6.649874,10.528967,27.511921,62401,32960,111.952719,19092633.000000,10198367.000000,114.662267,3732999.520000,1928195.306000,106.836813,8054183.000000,1576068.070900,2156931.449100,42.219884,76176046.000000,15113327.526400,-332370.000000,-0.434423,-872659.187651,-5.458901,1.141800,0.053200,4.887011,53.310000,46.690000,2.497100,-0.003400,-0.135973,71.400000,28.600000,0.991600,0.034300,3.582994,49.790000,50.210000,binance_kline_quote_asset_volume,0.000000,0.000000,0.000000,0.000000,OK
92,2026-06-06 12:15:00 UTC,OPNUSDT,0.185200,0.193800,0.172900,0.176200,-0.009100,-4.910955,-4.859611,11.285097,24.913090,86740,24339,39.004183,25526509.000000,6433876.000000,33.698212,4661439.843100,928440.323100,24.871161,10853111.000000,1983755.612800,2677684.230300,42.556714,76864547.000000,14299569.022465,688501.000000,0.903829,-813758.503935,-5.384377,1.208000,0.066200,5.797863,54.710000,45.290000,2.351500,-0.145600,-5.830764,70.160000,29.840000,1.032500,0.040900,4.124647,50.800000,49.200000,binance_kline_quote_asset_volume,0.000000,0.000000,0.000000,0.000000,OK
93,2026-06-06 12:30:00 UTC,OPNUSDT,0.176100,0.179000,0.165500,0.169400,-0.006800,-3.859251,-3.804656,7.666099,23.153069,101136,14396,16.596726,28950685.000000,3424176.000000,13.414196,4945731.697400,284291.854300,6.098799,14472807.000000,2472104.541500,2473627.155900,49.984607,78165525.000000,13722842.747493,1300978.000000,1.692559,-576726.274972,-4.033172,1.270700,0.062700,5.190397,55.960000,44.040000,2.247300,-0.104200,-4.431214,69.200000,30.800000,1.080300,0.047800,4.629540,51.930000,48.070000,binance_kline_quote_asset_volume,0.000000,0.000000,0.000000,0.000000,OK
94,2026-06-06 12:45:00 UTC,OPNUSDT,0.169300,0.178000,0.165600,0.174500,0.005100,3.010626,3.071471,7.324276,27.301299,53546,-47590,-47.055450,14777153.000000,-14173532.000000,-48.957501,2542626.913600,-2403104.783800,-48.589469,7907676.000000,1361322.626300,1181304.287300,53.540007,80815516.000000,13677762.624418,2649991.000000,3.390230,-45080.123075,-0.328504,1.303100,0.032400,2.549776,56.580000,43.420000,2.033600,-0.213700,-9.509189,67.040000,32.960000,1.133100,0.052800,4.887531,53.120000,46.880000,binance_kline_quote_asset_volume,0.000000,0.000000,0.000000,0.000000,OK
95,2026-06-06 13:00:00 UTC,OPNUSDT,0.174500,0.181600,0.170300,0.179800,0.005300,3.037249,3.037249,6.475645,31.442998,41464,-12082,-22.563777,12299431.000000,-2477722.000000,-16.767249,2178147.616900,-364479.296700,-14.334753,6310677.000000,1118385.258600,1059762.358300,51.345705,81176928.000000,14171688.689229,361412.000000,0.447206,493926.064811,3.611161,1.355700,0.052600,4.036528,57.550000,42.450000,1.993800,-0.039800,-1.957120,66.600000,33.400000,1.194900,0.061800,5.454064,54.440000,45.560000,binance_kline_quote_asset_volume,0.000000,0.000000,0.000000,0.000000,OK
96,2026-06-06 13:15:00 UTC,OPNUSDT,0.179800,0.187200,0.179800,0.183800,0.004000,2.224694,2.224694,4.115684,34.476991,34213,-7251,-17.487459,11378432.000000,-920999.000000,-7.488143,2088168.021700,-89979.595200,-4.131015,6198724.000000,1137889.395500,950278.626200,54.492234,81346836.000000,14633429.452597,169908.000000,0.209306,461740.763367,3.258192,1.352400,-0.003300,-0.243417,57.490000,42.510000,1.973900,-0.019900,-0.998094,66.370000,33.630000,1.218800,0.023900,2.000167,54.930000,45.070000,binance_kline_quote_asset_volume,0.000000,0.000000,0.000000,0.000000,OK
97,2026-06-06 13:30:00 UTC,OPNUSDT,0.183800,0.185800,0.173800,0.174700,-0.009100,-4.951034,-4.951034,6.528836,31.104491,34809,596,1.742028,11174808.000000,-203624.000000,-1.789561,2000323.457100,-87844.564600,-4.206777,4776708.000000,856391.140100,1143932.317000,42.812633,81172779.000000,14935791.336000,-174057.000000,-0.213969,302361.883403,2.066241,1.326100,-0.026300,-1.944691,57.010000,42.990000,1.953800,-0.020100,-1.018289,66.150000,33.850000,1.209500,-0.009300,-0.763046,54.740000,45.260000,binance_kline_quote_asset_volume,0.000000,0.000000,0.000000,0.000000,OK
98,2026-06-06 13:45:00 UTC,OPNUSDT,0.174700,0.178600,0.168600,0.172200,-0.002500,-1.431025,-1.431025,5.724098,30.229631,40234,5425,15.585050,12464357.000000,1289549.000000,11.539787,2152134.275400,151810.818300,7.589314,5848454.000000,1010628.548700,1141505.726700,46.959363,81093318.000000,14158893.322800,-79461.000000,-0.097891,-776898.013200,-5.201586,1.340300,0.014200,1.070809,57.270000,42.730000,1.954100,0.000300,0.015355,66.150000,33.850000,1.175300,-0.034200,-2.827615,54.030000,45.970000,binance_kline_quote_asset_volume,0.000000,0.000000,0.000000,0.000000,OK
99,2026-06-06 14:00:00 UTC,OPNUSDT,0.172200,0.176400,0.167000,0.172100,-0.000100,-0.058072,-0.058072,5.458769,30.193049,41493,1259,3.129194,13898954.000000,1434597.000000,11.509595,2367481.134800,215346.859400,10.006200,6685358.000000,1139083.028200,1228398.106600,48.113711,81507756.000000,14027484.807600,414438.000000,0.511063,-131408.515200,-0.928099,1.368000,0.027700,2.066701,57.770000,42.230000,1.923300,-0.030800,-1.576173,65.790000,34.210000,1.215300,0.040000,3.403386,54.860000,45.140000,binance_kline_quote_asset_volume,0.000000,0.000000,0.000000,0.000000,OK
100,2026-06-06 14:15:00 UTC,OPNUSDT,0.172100,0.172100,0.161700,0.167700,-0.004400,-2.556653,-2.556653,6.042998,28.555617,48516,7023,16.925747,17291760.000000,3392806.000000,24.410513,2867907.474900,500426.340100,21.137501,7899715.000000,1310082.526700,1557824.948200,45.680781,82121440.000000,14127624.787595,613684.000000,0.752915,100139.979995,0.713884,1.419000,0.051000,3.728070,58.660000,41.340000,1.866600,-0.056700,-2.948058,65.120000,34.880000,1.254800,0.039500,3.250226,55.650000,44.350000,binance_kline_quote_asset_volume,0.000000,0.000000,0.000000,0.000000,OK
101,2026-06-06 14:30:00 UTC,OPNUSDT,0.167700,0.172900,0.165900,0.169400,0.001700,1.013715,1.013715,4.174120,30.132191,28418,-20098,-41.425509,9317552.000000,-7974208.000000,-46.115653,1585527.072400,-1282380.402500,-44.714846,4579637.000000,779587.693500,805939.378900,49.168993,82591524.000000,13849548.836530,470084.000000,0.572425,-278075.951065,-1.968314,1.384900,-0.034100,-2.403101,58.070000,41.930000,1.847700,-0.018900,-1.012536,64.880000,35.120000,1.219300,-0.035500,-2.829136,54.940000,45.060000,binance_kline_quote_asset_volume,0.000000,0.000000,0.000000,0.000000,OK
102,2026-06-06 14:45:00 UTC,OPNUSDT,0.169400,0.172200,0.168200,0.170300,0.000900,0.531287,0.531287,2.361275,31.000295,21729,-6689,-23.537899,7149710.000000,-2167842.000000,-23.266218,1215194.975200,-370332.097200,-23.357034,3516809.000000,597808.579200,617386.396000,49.194458,82704632.000000,14010164.660800,113108.000000,0.136949,160615.824270,1.159719,1.357900,-0.027000,-1.949599,57.590000,42.410000,1.838400,-0.009300,-0.503328,64.770000,35.230000,1.195900,-0.023400,-1.919134,54.460000,45.540000,binance_kline_quote_asset_volume,0.000000,0.000000,0.000000,0.000000,OK
103,2026-06-06 15:00:00 UTC,OPNUSDT,0.170300,0.171600,0.166000,0.168100,-0.002200,-1.291838,-1.291838,3.288315,30.018439,22429,700,3.221501,8413594.000000,1263884.000000,17.677416,1420850.859400,205655.884200,16.923694,4177591.000000,706314.260200,714536.599200,49.710654,83204195.000000,14169674.408500,499563.000000,0.604033,159509.747700,1.138529,1.307300,-0.050600,-3.726342,56.660000,43.340000,1.809900,-0.028500,-1.550261,64.410000,35.590000,1.185800,-0.010100,-0.844552,54.250000,45.750000,binance_kline_quote_asset_volume,0.000000,0.000000,0.000000,0.000000,OK
104,2026-06-06 15:15:00 UTC,OPNUSDT,0.168100,0.170300,0.163700,0.168900,0.000800,0.475907,0.475907,3.926234,30.875801,27218,4789,21.351821,10261893.000000,1848299.000000,21.968008,1713355.283900,292504.424500,20.586568,4674687.000000,780974.147700,932381.136200,45.581565,83384354.000000,13966879.295000,180159.000000,0.216526,-202795.113500,-1.431191,1.277900,-0.029400,-2.248910,56.100000,43.900000,1.821700,0.011800,0.651970,64.560000,35.440000,1.157000,-0.028800,-2.428740,53.640000,46.360000,binance_kline_quote_asset_volume,0.000000,0.000000,0.000000,0.000000,OK
105,2026-06-06 15:30:00 UTC,OPNUSDT,0.168800,0.171600,0.167200,0.169300,0.000400,0.236827,0.296209,2.606635,31.328813,22441,-4777,-17.550885,7448633.000000,-2813260.000000,-27.414630,1263156.836400,-450198.447500,-26.275837,3598527.000000,610422.227500,652734.608900,48.325133,83924358.000000,14174824.066200,540004.000000,0.647608,207944.771200,1.488842,1.273200,-0.004700,-0.367791,56.010000,43.990000,1.786900,-0.034800,-1.910304,64.120000,35.880000,1.151900,-0.005100,-0.440795,53.530000,46.470000,binance_kline_quote_asset_volume,0.000000,0.000000,0.000000,0.000000,OK
106,2026-06-06 15:45:00 UTC,OPNUSDT,0.169200,0.169800,0.165400,0.166500,-0.002800,-1.653869,-1.595745,2.600473,29.853910,14021,-8420,-37.520610,4994337.000000,-2454296.000000,-32.949616,836012.595000,-427144.241400,-33.815614,2178009.000000,364645.194200,471367.400800,43.617189,84138259.000000,14243224.857105,213901.000000,0.254874,68400.790905,0.482551,1.283600,0.010400,0.816839,56.210000,43.790000,1.777300,-0.009600,-0.537243,63.990000,36.010000,1.161200,0.009300,0.807362,53.730000,46.270000,binance_kline_quote_asset_volume,0.000000,0.000000,0.000000,0.000000,OK
107,2026-06-06 16:00:00 UTC,OPNUSDT,0.166500,0.171700,0.165400,0.171200,0.004700,2.822823,2.822823,3.783784,35.355351,20454,6433,45.881178,7598446.000000,2604109.000000,52.141235,1279804.878800,443792.283800,53.084402,4086140.000000,688302.621800,591502.257000,53.781841,84782171.000000,14134218.856899,643912.000000,0.765302,-109006.000205,-0.765318,1.280500,-0.003100,-0.241508,56.150000,43.850000,1.757200,-0.020100,-1.130929,63.730000,36.270000,1.165400,0.004200,0.361695,53.820000,46.180000,binance_kline_quote_asset_volume,0.000000,0.000000,0.000000,0.000000,OK
108,2026-06-06 16:15:00 UTC,OPNUSDT,0.171200,0.171700,0.165900,0.166600,-0.004600,-2.686916,-2.686916,3.387850,32.655878,16191,-4263,-20.841889,5929843.000000,-1668603.000000,-21.959793,1000646.453800,-279158.425000,-21.812577,2764895.000000,466379.914400,534266.539400,46.607862,84993151.000000,14550827.451200,210980.000000,0.248849,416608.594301,2.947518,1.269600,-0.010900,-0.851230,55.940000,44.060000,1.757800,0.000600,0.034145,63.740000,36.260000,1.174900,0.009500,0.815171,54.020000,45.980000,binance_kline_quote_asset_volume,0.000000,0.000000,0.000000,0.000000,OK
109,2026-06-06 16:30:00 UTC,OPNUSDT,0.166600,0.168500,0.151700,0.154000,-0.012600,-7.563025,-7.563025,10.084034,26.652911,54640,38449,237.471435,25659216.000000,19729373.000000,332.713244,4058673.461300,3058027.007500,305.605141,10468316.000000,1655315.626700,2403357.834600,40.784647,85092542.000000,14187394.435118,99391.000000,0.116940,-363433.016082,-2.497679,1.278900,0.009300,0.732514,56.120000,43.880000,1.743200,-0.014600,-0.830584,63.550000,36.450000,1.188700,0.013800,1.174568,54.310000,45.690000,binance_kline_quote_asset_volume,0.000000,0.000000,0.000000,0.000000,OK
110,2026-06-06 16:45:00 UTC,OPNUSDT,0.154000,0.159400,0.142500,0.146600,-0.007400,-4.805195,-4.805195,10.974026,23.876859,71673,17033,31.173133,32363696.000000,6704480.000000,26.128936,4858499.990700,799826.529400,19.706600,14021429.000000,2105298.743600,2753201.247100,43.332278,84318275.000000,13004749.042264,-774267.000000,-0.909912,-1182645.392854,-8.335889,1.315900,0.037000,2.893111,56.820000,43.180000,1.673800,-0.069400,-3.981184,62.600000,37.400000,1.176300,-0.012400,-1.043156,54.050000,45.950000,binance_kline_quote_asset_volume,0.000000,0.000000,0.000000,0.000000,OK
111,2026-06-06 17:00:00 UTC,OPNUSDT,0.146500,0.149100,0.135900,0.140000,-0.006600,-4.502046,-4.436860,9.010239,21.705418,77389,5716,7.975109,36010484.000000,3646788.000000,11.268144,5120045.926900,261545.936200,5.383265,16155654.000000,2299752.364800,2820293.562100,44.916635,83871442.000000,12278545.107477,-446833.000000,-0.529936,-726203.934787,-5.584144,1.321800,0.005900,0.448362,56.930000,43.070000,1.626200,-0.047600,-2.843828,61.920000,38.080000,1.152400,-0.023900,-2.031795,53.540000,46.460000,binance_kline_quote_asset_volume,0.000000,0.000000,0.000000,0.000000,OK
112,2026-06-06 17:15:00 UTC,OPNUSDT,0.140100,0.141500,0.127200,0.137800,-0.002200,-1.571429,-1.641685,10.206995,21.019218,81377,3988,5.153187,41897632.000000,5887148.000000,16.348428,5595272.475800,475226.548900,9.281685,19088317.000000,2553338.386600,3041934.089200,45.633852,83199466.000000,11647925.240000,-671976.000000,-0.801198,-630619.867477,-5.135949,1.324000,0.002200,0.166440,56.970000,43.030000,1.559900,-0.066300,-4.076989,60.940000,39.060000,1.134900,-0.017500,-1.518570,53.160000,46.840000,binance_kline_quote_asset_volume,0.000000,0.000000,0.000000,0.000000,OK
113,2026-06-06 17:30:00 UTC,OPNUSDT,0.137800,0.142900,0.129000,0.135200,-0.002600,-1.886792,-1.886792,10.087083,20.206195,84173,2796,3.435860,39233196.000000,-2664436.000000,-6.359395,5301287.137600,-293985.338200,-5.254174,18151942.000000,2453839.900300,2847447.237300,46.287625,84752220.000000,11661905.472000,1552754.000000,1.866303,13980.232000,0.120023,1.341900,0.017900,1.351964,57.300000,42.700000,1.508800,-0.051100,-3.275851,60.140000,39.860000,1.159800,0.024900,2.194026,53.700000,46.300000,binance_kline_quote_asset_volume,0.000000,0.000000,0.000000,0.000000,OK
114,2026-06-06 17:45:00 UTC,OPNUSDT,0.135200,0.139900,0.133100,0.139300,0.004100,3.032544,3.032544,5.029586,25.124559,32279,-51894,-61.651598,13207823.000000,-26025373.000000,-66.335083,1791245.767900,-3510041.369700,-66.211116,6670141.000000,905503.331800,885742.436100,50.551596,83503087.000000,11297967.671100,-1249133.000000,-1.473865,-363937.800900,-3.120740,1.395200,0.053300,3.971980,58.250000,41.750000,1.464900,-0.043900,-2.909597,59.430000,40.570000,1.200200,0.040400,3.483359,54.550000,45.450000,binance_kline_quote_asset_volume,0.000000,0.000000,0.000000,0.000000,OK
115,2026-06-06 18:00:00 UTC,OPNUSDT,0.139400,0.141900,0.131500,0.137400,-0.001900,-1.363963,-1.434720,7.460545,24.374757,45495,13216,40.943028,20269391.000000,7061568.000000,53.465041,2746017.654300,954771.886400,53.302115,9559291.000000,1296236.141100,1449781.513200,47.204217,83546824.000000,11654781.948000,43737.000000,0.052378,356814.276900,3.158216,1.354000,-0.041200,-2.952982,57.520000,42.480000,1.468200,0.003300,0.225271,59.480000,40.520000,1.175800,-0.024400,-2.032995,54.040000,45.960000,binance_kline_quote_asset_volume,0.000000,0.000000,0.000000,0.000000,OK
116,2026-06-06 18:15:00 UTC,OPNUSDT,0.137500,0.141200,0.135800,0.139800,0.002400,1.746725,1.672727,3.927273,27.325113,25662,-19833,-43.593802,12330851.000000,-7938540.000000,-39.165163,1712320.189100,-1033697.465200,-37.643511,5885124.000000,818014.499700,894305.689400,47.772286,82857997.000000,11396498.538112,-688827.000000,-0.824480,-258283.409888,-2.216115,1.369700,0.015700,1.159527,57.800000,42.200000,1.453600,-0.014600,-0.994415,59.240000,40.760000,1.193000,0.017200,1.462834,54.400000,45.600000,binance_kline_quote_asset_volume,0.000000,0.000000,0.000000,0.000000,OK
117,2026-06-06 18:30:00 UTC,OPNUSDT,0.139700,0.143600,0.138400,0.140700,0.000900,0.643777,0.715820,3.722262,28.452360,21894,-3768,-14.683189,9860506.000000,-2470345.000000,-20.033857,1384305.792700,-328014.396400,-19.156137,5259830.000000,738606.651500,645699.141200,53.355744,81980111.000000,11477215.540000,-877886.000000,-1.059507,80717.001888,0.708261,1.361300,-0.008400,-0.613273,57.650000,42.350000,1.447600,-0.006000,-0.412768,59.140000,40.860000,1.198800,0.005800,0.486169,54.520000,45.480000,binance_kline_quote_asset_volume,0.000000,0.000000,0.000000,0.000000,OK
118,2026-06-06 18:45:00 UTC,OPNUSDT,0.140700,0.142300,0.136600,0.139600,-0.001100,-0.781805,-0.781805,4.051173,27.883100,21724,-170,-0.776468,9362513.000000,-497993.000000,-5.050380,1299487.161000,-84818.631700,-6.127160,4199775.000000,583568.545600,715918.615400,44.907604,80947825.000000,11397453.760000,-1032286.000000,-1.259191,-79761.780000,-0.694958,1.373600,0.012300,0.903548,57.870000,42.130000,1.440800,-0.006800,-0.469743,59.030000,40.970000,1.225700,0.026900,2.243911,55.070000,44.930000,binance_kline_quote_asset_volume,0.000000,0.000000,0.000000,0.000000,OK
119,2026-06-06 19:00:00 UTC,OPNUSDT,0.139500,0.143600,0.137600,0.142400,0.002800,2.005731,2.078853,4.301075,31.632746,24360,2636,12.134045,9552752.000000,190239.000000,2.031922,1351046.889900,51559.728900,3.967698,4833553.000000,684482.535400,666564.354500,50.663122,80890889.000000,11284279.015500,-56936.000000,-0.070337,-113174.744500,-0.992983,1.381000,0.007400,0.538730,58.000000,42.000000,1.450500,0.009700,0.673237,59.190000,40.810000,1.221200,-0.004500,-0.367137,54.980000,45.020000,binance_kline_quote_asset_volume,0.000000,0.000000,0.000000,0.000000,OK
120,2026-06-06 19:15:00 UTC,OPNUSDT,0.142500,0.146500,0.142300,0.145500,0.003100,2.176966,2.105263,2.947368,35.623622,29306,4946,20.303777,11548572.000000,1995820.000000,20.892618,1668769.124300,317722.234400,23.516744,5840905.000000,844059.800700,824709.323600,50.579783,80600913.000000,11487304.183463,-289976.000000,-0.358478,203025.167963,1.799186,1.340300,-0.040700,-2.947140,57.270000,42.730000,1.451600,0.001100,0.075836,59.210000,40.790000,1.206000,-0.015200,-1.244677,54.670000,45.330000,binance_kline_quote_asset_volume,0.000000,0.000000,0.000000,0.000000,OK
121,2026-06-06 19:30:00 UTC,OPNUSDT,0.145500,0.148400,0.143700,0.146800,0.001300,0.893471,0.893471,3.230241,37.277152,26566,-2740,-9.349621,10273217.000000,-1275355.000000,-11.043400,1500096.569700,-168672.554600,-10.107603,5708400.000000,833924.253500,666172.316200,55.591371,80101128.000000,11653854.638897,-499785.000000,-0.620074,166550.455434,1.449865,1.342500,0.002200,0.164142,57.310000,42.690000,1.441100,-0.010500,-0.723340,59.040000,40.960000,1.228700,0.022700,1.882255,55.130000,44.870000,binance_kline_quote_asset_volume,0.000000,0.000000,0.000000,0.000000,OK
122,2026-06-06 19:45:00 UTC,OPNUSDT,0.146800,0.146800,0.139200,0.140000,-0.006800,-4.632153,-4.632153,5.177112,32.565307,27915,1349,5.077919,12929638.000000,2656421.000000,25.857733,1842358.708500,342262.138800,22.816007,5821095.000000,831320.022500,1011038.686000,45.122593,79737238.000000,11720472.157838,-363890.000000,-0.454288,66617.518942,0.571635,1.354000,0.011500,0.856611,57.520000,42.480000,1.425700,-0.015400,-1.068628,58.770000,41.230000,1.256300,0.027600,2.246277,55.680000,44.320000,binance_kline_quote_asset_volume,0.000000,0.000000,0.000000,0.000000,OK
123,2026-06-06 20:00:00 UTC,OPNUSDT,0.140000,0.142400,0.138300,0.139000,-0.001000,-0.714286,-0.714286,2.928571,31.926203,18339,-9576,-34.304138,8487571.000000,-4442067.000000,-34.355695,1188767.471900,-653591.236600,-35.475786,3924260.000000,550074.713700,638692.758200,46.272692,78545221.000000,11007617.102805,-1192017.000000,-1.494931,-712855.055033,-6.082136,1.354600,0.000600,0.044313,57.530000,42.470000,1.422100,-0.003600,-0.252508,58.710000,41.290000,1.229700,-0.026600,-2.117329,55.150000,44.850000,binance_kline_quote_asset_volume,0.000000,0.000000,0.000000,0.000000,OK
124,2026-06-06 20:15:00 UTC,OPNUSDT,0.139000,0.141100,0.134000,0.140600,0.001600,1.151079,1.151079,5.107914,34.152882,24997,6658,36.305142,13686978.000000,5199407.000000,61.259069,1877052.593300,688285.121400,57.899054,5731429.000000,787042.966000,1090009.627300,41.929724,78556895.000000,10919626.793168,11674.000000,0.014863,-87990.309637,-0.799358,1.336400,-0.018200,-1.343570,57.200000,42.800000,1.430100,0.008000,0.562548,58.850000,41.150000,1.207500,-0.022200,-1.805318,54.700000,45.300000,binance_kline_quote_asset_volume,0.000000,0.000000,0.000000,0.000000,OK
125,2026-06-06 20:30:00 UTC,OPNUSDT,0.140600,0.143900,0.139300,0.140500,-0.000100,-0.071124,-0.071124,3.271693,34.077855,14137,-10860,-43.445213,6976038.000000,-6710940.000000,-49.031569,989985.038200,-887067.555100,-47.258535,3109120.000000,441398.291300,548586.746900,44.586360,77760758.000000,10940938.650600,-796137.000000,-1.013453,21311.857432,0.195170,1.335900,-0.000500,-0.037414,57.190000,42.810000,1.426900,-0.003200,-0.223761,58.800000,41.200000,1.190100,-0.017400,-1.440994,54.340000,45.660000,binance_kline_quote_asset_volume,0.000000,0.000000,0.000000,0.000000,OK
126,2026-06-06 20:45:00 UTC,OPNUSDT,0.140500,0.141200,0.137500,0.139500,-0.001000,-0.711744,-0.711744,2.633452,33.290285,12814,-1323,-9.358421,5542907.000000,-1433131.000000,-20.543624,773470.347300,-216514.690900,-21.870501,2721208.000000,379758.834800,393711.512500,49.098047,77375569.000000,10891443.897872,-385189.000000,-0.495351,-49494.752728,-0.452381,1.343000,0.007100,0.531477,57.320000,42.680000,1.420000,-0.006900,-0.483566,58.680000,41.320000,1.201700,0.011600,0.974708,54.580000,45.420000,binance_kline_quote_asset_volume,0.000000,0.000000,0.000000,0.000000,OK
127,2026-06-06 21:00:00 UTC,OPNUSDT,0.139500,0.140500,0.136700,0.137900,-0.001600,-1.146953,-1.146953,2.724014,32.015372,12132,-682,-5.322304,5501227.000000,-41680.000000,-0.751952,761432.699600,-12037.647700,-1.556317,2366721.000000,327809.443800,433623.255800,43.051664,77346678.000000,10793649.247822,-28891.000000,-0.037339,-97794.650051,-0.897903,1.318600,-0.024400,-1.816828,56.870000,43.130000,1.422300,0.002300,0.161972,58.720000,41.280000,1.183400,-0.018300,-1.522843,54.200000,45.800000,binance_kline_quote_asset_volume,0.000000,0.000000,0.000000,0.000000,OK
128,2026-06-06 21:15:00 UTC,OPNUSDT,0.138000,0.141500,0.137400,0.141200,0.003300,2.393038,2.318841,2.971014,37.345004,10275,-1857,-15.306627,4903063.000000,-598164.000000,-10.873283,685044.758700,-76387.940900,-10.032133,2368402.000000,331063.624400,353981.134300,48.327298,77864812.000000,10729771.093600,518134.000000,0.669885,-63878.154222,-0.591812,1.319600,0.001000,0.075838,56.890000,43.110000,1.426200,0.003900,0.274204,58.780000,41.220000,1.182500,-0.000900,-0.076052,54.180000,45.820000,binance_kline_quote_asset_volume,0.000000,0.000000,0.000000,0.000000,OK
129,2026-06-06 21:30:00 UTC,OPNUSDT,0.141100,0.142700,0.138900,0.139800,-0.001400,-0.991501,-0.921332,2.693125,36.053681,8067,-2208,-21.489051,3295909.000000,-1607154.000000,-32.778571,463355.281400,-221689.477300,-32.361313,1585053.000000,223026.912600,240328.368800,48.133025,78032807.000000,11013939.763687,167995.000000,0.215752,284168.670087,2.648413,1.292000,-0.027600,-2.091543,56.370000,43.630000,1.429100,0.002900,0.203338,58.830000,41.170000,1.173900,-0.008600,-0.727273,54.000000,46.000000,binance_kline_quote_asset_volume,0.000000,0.000000,0.000000,0.000000,OK
130,2026-06-06 21:45:00 UTC,OPNUSDT,0.139700,0.140800,0.137600,0.138600,-0.001200,-0.858369,-0.787402,2.290623,34.938502,9079,1012,12.544936,3464915.000000,169006.000000,5.127751,482301.049300,18945.767900,4.088821,1574885.000000,219452.024700,262849.024600,45.501046,78233588.000000,10929232.243600,200781.000000,0.257303,-84707.520087,-0.769094,1.274300,-0.017700,-1.369969,56.030000,43.970000,1.428900,-0.000200,-0.013995,58.830000,41.170000,1.162200,-0.011700,-0.996678,53.750000,46.250000,binance_kline_quote_asset_volume,0.000000,0.000000,0.000000,0.000000,OK
131,2026-06-06 22:00:00 UTC,OPNUSDT,0.138600,0.140700,0.136000,0.140500,0.001900,1.370851,1.370851,3.391053,38.198027,11643,2564,28.240996,6485525.000000,3020610.000000,87.177030,895108.866100,412807.816800,85.591316,3304394.000000,456528.404400,438580.461700,51.002556,78427581.000000,10870062.726600,193993.000000,0.247966,-59169.517000,-0.541388,1.289400,0.015100,1.184964,56.320000,43.680000,1.420100,-0.008800,-0.615858,58.680000,41.320000,1.175300,0.013100,1.127173,54.030000,45.970000,binance_kline_quote_asset_volume,0.000000,0.000000,0.000000,0.000000,OK
132,2026-06-06 22:15:00 UTC,OPNUSDT,0.140400,0.141300,0.136600,0.137200,-0.003300,-2.348754,-2.279202,3.347578,34.925261,9995,-1648,-14.154428,5108473.000000,-1377052.000000,-21.232699,709568.246100,-185540.620000,-20.728274,2401533.000000,333392.280000,376175.966100,46.985231,78518860.000000,11031899.830000,91279.000000,0.116386,161837.103400,1.488833,1.271200,-0.018200,-1.411509,55.970000,44.030000,1.421600,0.001500,0.105626,58.710000,41.290000,1.165400,-0.009900,-0.842338,53.820000,46.180000,binance_kline_quote_asset_volume,0.000000,0.000000,0.000000,0.000000,OK
133,2026-06-06 22:30:00 UTC,OPNUSDT,0.137200,0.139200,0.136200,0.136800,-0.000400,-0.291545,-0.291545,2.186589,34.538971,8289,-1706,-17.068534,4256362.000000,-852111.000000,-16.680347,585704.823500,-123863.422600,-17.456168,2228774.000000,306663.257400,279041.566100,52.357987,78575686.000000,10796183.750142,56826.000000,0.072372,-235716.079858,-2.136677,1.293600,0.022400,1.762115,56.400000,43.600000,1.418700,-0.002900,-0.203995,58.660000,41.340000,1.179100,0.013700,1.175562,54.110000,45.890000,binance_kline_quote_asset_volume,0.000000,0.000000,0.000000,0.000000,OK
134,2026-06-06 22:45:00 UTC,OPNUSDT,0.136900,0.138600,0.135200,0.135800,-0.001000,-0.730994,-0.803506,2.483565,33.540202,9797,1508,18.192786,5094441.000000,838079.000000,19.690031,696369.743200,110664.919700,18.894316,2453631.000000,335537.060600,360832.682600,48.183751,78979741.000000,10801354.677280,404055.000000,0.514224,5170.927139,0.047896,1.301500,0.007900,0.610699,56.550000,43.450000,1.404300,-0.014400,-1.015014,58.410000,41.590000,1.184800,0.005700,0.483420,54.230000,45.770000,binance_kline_quote_asset_volume,0.000000,0.000000,0.000000,0.000000,OK
135,2026-06-06 23:00:00 UTC,OPNUSDT,0.135800,0.138000,0.135700,0.137900,0.002100,1.546392,1.546392,1.693667,37.619702,11142,1345,13.728692,5720099.000000,625658.000000,12.281190,782680.310400,86310.567200,12.394359,2727299.000000,373228.404400,409451.906000,47.685932,78904415.000000,10720927.502381,-75326.000000,-0.095374,-80427.174899,-0.744603,1.315900,0.014400,1.106416,56.820000,43.180000,1.389200,-0.015100,-1.075269,58.140000,41.860000,1.201200,0.016400,1.384200,54.570000,45.430000,binance_kline_quote_asset_volume,0.000000,0.000000,0.000000,0.000000,OK
136,2026-06-06 23:15:00 UTC,OPNUSDT,0.137800,0.141900,0.136800,0.141700,0.003800,2.755620,2.830189,3.701016,44.284306,12414,1272,11.416263,7836776.000000,2116677.000000,37.004202,1096377.835200,313697.524800,40.079905,3780178.000000,529018.687700,567359.147500,48.251494,78801379.000000,10858245.319968,-103036.000000,-0.130583,137317.817587,1.280839,1.316400,0.000500,0.037997,56.830000,43.170000,1.389000,-0.000200,-0.014397,58.140000,41.860000,1.188200,-0.013000,-1.082251,54.300000,45.700000,binance_kline_quote_asset_volume,0.000000,0.000000,0.000000,0.000000,OK
137,2026-06-06 23:30:00 UTC,OPNUSDT,0.141600,0.141700,0.137900,0.139200,-0.002500,-1.764291,-1.694915,2.683616,41.168082,9052,-3362,-27.082326,4731798.000000,-3104978.000000,-39.620604,660620.801500,-435757.033700,-39.745152,2054659.000000,286836.122500,373784.679000,43.419178,78848487.000000,11163573.795526,47108.000000,0.059781,305328.475558,2.811950,1.306800,-0.009600,-0.729262,56.650000,43.350000,1.415100,0.026100,1.879050,58.590000,41.410000,1.189100,0.000900,0.075745,54.320000,45.680000,binance_kline_quote_asset_volume,0.000000,0.000000,0.000000,0.000000,OK
138,2026-06-06 23:45:00 UTC,OPNUSDT,0.139200,0.140600,0.137500,0.139100,-0.000100,-0.071839,-0.071839,2.227011,41.043668,6739,-2313,-25.552364,3595941.000000,-1135857.000000,-24.004765,499687.394400,-160933.407100,-24.360935,1803288.000000,250736.656300,248950.738100,50.178704,78688737.000000,10953472.190400,-159750.000000,-0.202604,-210101.605126,-1.882028,1.318000,0.011200,0.857055,56.860000,43.140000,1.407100,-0.008000,-0.565331,58.460000,41.540000,1.194900,0.005800,0.487764,54.440000,45.560000,binance_kline_quote_asset_volume,0.000000,0.000000,0.000000,0.000000,OK
139,2026-06-07 00:00:00 UTC,OPNUSDT,0.139100,0.140300,0.136800,0.139700,0.000600,0.431344,0.431344,2.516175,42.172883,10983,4244,62.976703,6366626.000000,2770685.000000,77.050346,880065.510600,380378.116200,76.123216,2989926.000000,413355.546300,466709.964300,46.968725,78869004.000000,10962791.556000,180267.000000,0.229089,9319.365600,0.085081,1.322900,0.004900,0.371775,56.950000,43.050000,1.404300,-0.002800,-0.198991,58.410000,41.590000,1.196400,0.001500,0.125534,54.470000,45.530000,binance_kline_quote_asset_volume,0.000000,0.000000,0.000000,0.000000,OK
140,2026-06-07 00:15:00 UTC,OPNUSDT,0.139700,0.141300,0.138600,0.140400,0.000700,0.501074,0.501074,1.932713,43.531765,8730,-2253,-20.513521,4415119.000000,-1951507.000000,-30.652138,618345.189500,-261720.321100,-29.738732,1992717.000000,279157.766300,339187.423200,45.145943,79259871.000000,11080661.537186,390867.000000,0.495590,117869.981186,1.075182,1.307900,-0.015000,-1.133873,56.670000,43.330000,1.417400,0.013100,0.932849,58.630000,41.370000,1.182000,-0.014400,-1.203611,54.170000,45.830000,binance_kline_quote_asset_volume,0.000000,0.000000,0.000000,0.000000,OK
141,2026-06-07 00:30:00 UTC,OPNUSDT,0.140300,0.141600,0.137300,0.137600,-0.002800,-1.994302,-1.924448,3.064861,39.530250,7692,-1038,-11.890034,4214420.000000,-200699.000000,-4.545721,587801.835900,-30543.353600,-4.939531,1953725.000000,272594.322800,315207.513100,46.375208,79561450.000000,11170427.580000,301579.000000,0.380494,89766.042814,0.810114,1.319100,0.011200,0.856335,56.880000,43.120000,1.423900,0.006500,0.458586,58.740000,41.260000,1.189600,0.007600,0.642978,54.330000,45.670000,binance_kline_quote_asset_volume,0.000000,0.000000,0.000000,0.000000,OK
142,2026-06-07 00:45:00 UTC,OPNUSDT,0.137600,0.138500,0.135400,0.136400,-0.001200,-0.872093,-0.872093,2.252907,37.921418,7788,96,1.248050,5401424.000000,1187004.000000,28.165299,738990.319900,151188.484000,25.720996,2612119.000000,357544.222500,381446.097400,48.382802,79552675.000000,10960431.053685,-8775.000000,-0.011029,-209996.526315,-1.879933,1.338100,0.019000,1.440376,57.230000,42.770000,1.423900,0.000000,0.000000,58.750000,41.250000,1.205600,0.016000,1.344990,54.660000,45.340000,binance_kline_quote_asset_volume,0.000000,0.000000,0.000000,0.000000,OK
143,2026-06-07 01:00:00 UTC,OPNUSDT,0.136500,0.139300,0.135900,0.138100,0.001700,1.246334,1.172161,2.490842,41.550637,8889,1101,14.137134,5199768.000000,-201656.000000,-3.733386,717196.735000,-21793.584900,-2.949103,2316463.000000,319350.947100,397845.787900,44.527663,79932868.000000,10917125.600054,380193.000000,0.477914,-43305.453631,-0.395107,1.337500,-0.000600,-0.044840,57.220000,42.780000,1.410800,-0.013100,-0.920008,58.520000,41.480000,1.208500,0.002900,0.240544,54.720000,45.280000,binance_kline_quote_asset_volume,0.000000,0.000000,0.000000,0.000000,OK
144,2026-06-07 01:15:00 UTC,OPNUSDT,0.138100,0.139200,0.136500,0.138800,0.000700,0.506879,0.506879,1.955105,43.027601,7908,-981,-11.036112,4650769.000000,-548999.000000,-10.558144,641030.235500,-76166.499500,-10.620029,2045100.000000,282029.014900,359001.220600,43.996211,80105626.000000,11076905.831247,172758.000000,0.216129,159780.231193,1.463574,1.336400,-0.001100,-0.082243,57.200000,42.800000,1.423600,0.012800,0.907287,58.740000,41.260000,1.209900,0.001400,0.115846,54.750000,45.250000,binance_kline_quote_asset_volume,0.000000,0.000000,0.000000,0.000000,OK
145,2026-06-07 01:30:00 UTC,OPNUSDT,0.138800,0.141200,0.138000,0.140400,0.001600,1.152738,1.152738,2.305476,46.363819,9317,1409,17.817400,6553932.000000,1903163.000000,40.921469,915895.601400,274865.365900,42.878690,3003515.000000,419756.298900,496139.302500,45.830147,80158385.000000,11124054.425673,52759.000000,0.065862,47148.594426,0.425648,1.334300,-0.002100,-0.157139,57.160000,42.840000,1.423700,0.000100,0.007024,58.740000,41.260000,1.212900,0.003000,0.247954,54.810000,45.190000,binance_kline_quote_asset_volume,0.000000,0.000000,0.000000,0.000000,OK
146,2026-06-07 01:45:00 UTC,OPNUSDT,0.140500,0.140800,0.130500,0.136100,-0.004300,-3.062678,-3.131673,7.330961,39.644754,23164,13847,148.620801,15246907.000000,8692975.000000,132.637553,2052636.794000,1136741.192600,124.112529,6939282.000000,933613.184600,1119023.609400,45.483604,81107140.000000,11395553.170000,948755.000000,1.183600,271498.744327,2.440646,1.312700,-0.021600,-1.618826,56.760000,43.240000,1.442600,0.018900,1.327527,59.060000,40.940000,1.196800,-0.016100,-1.327397,54.480000,45.520000,binance_kline_quote_asset_volume,0.000000,0.000000,0.000000,0.000000,OK
147,2026-06-07 02:00:00 UTC,OPNUSDT,0.136100,0.141000,0.135000,0.139700,0.003600,2.645114,2.645114,4.408523,46.619537,16583,-6581,-28.410465,10236054.000000,-5010853.000000,-32.864718,1420593.175100,-632043.618900,-30.791790,5049690.000000,700967.598900,719625.576200,49.343303,80985866.000000,11024907.206002,-121274.000000,-0.149523,-370645.963998,-3.252549,1.334300,0.021600,1.645464,57.160000,42.840000,1.450300,0.007700,0.533758,59.190000,40.810000,1.203600,0.006800,0.568182,54.620000,45.380000,binance_kline_quote_asset_volume,0.000000,0.000000,0.000000,0.000000,OK
148,2026-06-07 02:15:00 UTC,OPNUSDT,0.139700,0.139700,0.135900,0.136500,-0.003200,-2.290623,-2.290623,2.720115,41.976000,11051,-5532,-33.359465,6586173.000000,-3649881.000000,-35.657110,905097.300300,-515495.874800,-36.287368,3100027.000000,425903.533700,479193.766600,47.056105,81780381.000000,11441364.804449,794515.000000,0.981054,416457.598447,3.777425,1.317500,-0.016800,-1.259087,56.850000,43.150000,1.524800,0.074500,5.136868,60.390000,39.610000,1.178200,-0.025400,-2.110336,54.090000,45.910000,binance_kline_quote_asset_volume,0.000000,0.000000,0.000000,0.000000,OK
149,2026-06-07 02:30:00 UTC,OPNUSDT,0.136400,0.137400,0.133700,0.137000,0.000500,0.366300,0.439883,2.712610,42.932478,9222,-1829,-16.550538,5464665.000000,-1121508.000000,-17.028220,742206.706700,-162890.593600,-17.997026,2692853.000000,366097.449500,376109.257200,49.325538,82145572.000000,11204656.020800,365191.000000,0.446551,-236708.783649,-2.068886,1.374200,0.056700,4.303605,57.880000,42.120000,1.530700,0.005900,0.386936,60.490000,39.510000,1.199300,0.021100,1.790867,54.530000,45.470000,binance_kline_quote_asset_volume,0.000000,0.000000,0.000000,0.000000,OK
150,2026-06-07 02:45:00 UTC,OPNUSDT,0.137100,0.141200,0.136600,0.138100,0.001100,0.802920,0.729395,3.355215,45.077466,13827,4605,49.934938,8678040.000000,3213375.000000,58.802781,1208085.601200,465878.894500,62.769427,4352276.000000,606202.648700,601882.952500,50.178783,82695674.000000,11337576.905400,550102.000000,0.669667,132920.884600,1.186300,1.401000,0.026800,1.950226,58.350000,41.650000,1.522400,-0.008300,-0.542236,60.360000,39.640000,1.217300,0.018000,1.500876,54.900000,45.100000,binance_kline_quote_asset_volume,0.000000,0.000000,0.000000,0.000000,OK
151,2026-06-07 03:00:00 UTC,OPNUSDT,0.138100,0.139400,0.136200,0.138000,-0.000100,-0.072411,-0.072411,2.317161,44.912197,9386,-4441,-32.118319,5192639.000000,-3485401.000000,-40.163459,716260.744600,-491824.856600,-40.711093,2417325.000000,333653.800400,382606.944200,46.582729,83246792.000000,11504706.654400,551118.000000,0.666441,167129.749000,1.474122,1.386100,-0.014900,-1.063526,58.090000,41.910000,1.515300,-0.007100,-0.466369,60.240000,39.760000,1.200700,-0.016600,-1.363674,54.560000,45.440000,binance_kline_quote_asset_volume,0.000000,0.000000,0.000000,0.000000,OK
152,2026-06-07 03:15:00 UTC,OPNUSDT,0.137900,0.138200,0.136000,0.136400,-0.001600,-1.159420,-1.087745,1.595359,42.243511,6231,-3155,-33.613893,3326200.000000,-1866439.000000,-35.943939,455763.113700,-260497.630900,-36.369106,1617681.000000,221757.901300,234005.212400,48.656395,83647805.000000,11526873.302600,401013.000000,0.481716,22166.648200,0.192675,1.396400,0.010300,0.743092,58.270000,41.730000,1.526300,0.011000,0.725929,60.420000,39.580000,1.210400,0.009700,0.807862,54.760000,45.240000,binance_kline_quote_asset_volume,0.000000,0.000000,0.000000,0.000000,OK
153,2026-06-07 03:30:00 UTC,OPNUSDT,0.136400,0.137800,0.135200,0.135600,-0.000800,-0.586510,-0.586510,1.906158,40.933817,7018,787,12.630396,4246150.000000,919950.000000,27.657687,579233.164600,123470.050900,27.090839,1847334.000000,252057.833800,327175.330800,43.515781,84045828.000000,11472255.522000,398023.000000,0.475832,-54617.780600,-0.473830,1.402100,0.005700,0.408192,58.370000,41.630000,1.520800,-0.005500,-0.360349,60.330000,39.670000,1.233600,0.023200,1.916722,55.230000,44.770000,binance_kline_quote_asset_volume,0.000000,0.000000,0.000000,0.000000,OK
154,2026-06-07 03:45:00 UTC,OPNUSDT,0.135700,0.136000,0.133300,0.135200,-0.000400,-0.294985,-0.368460,1.989683,40.261682,9423,2405,34.269023,6087966.000000,1841816.000000,43.376141,820686.260700,241453.096100,41.684957,2834340.000000,382453.052900,438233.207800,46.601615,84288915.000000,11429576.874000,243087.000000,0.289231,-42678.648000,-0.372016,1.387800,-0.014300,-1.019899,58.120000,41.880000,1.510600,-0.010200,-0.670700,60.170000,39.830000,1.225200,-0.008400,-0.680934,55.060000,44.940000,binance_kline_quote_asset_volume,0.000000,0.000000,0.000000,0.000000,OK
155,2026-06-07 04:00:00 UTC,OPNUSDT,0.135200,0.135800,0.131500,0.134300,-0.000900,-0.665680,-0.665680,3.180473,38.721085,10985,1562,16.576462,6451291.000000,363325.000000,5.967921,864995.857800,44309.597100,5.399091,2876570.000000,386159.760000,478836.097800,44.642961,84515668.000000,11430389.131194,226753.000000,0.269019,812.257194,0.007107,1.386100,-0.001700,-0.122496,58.090000,41.910000,1.510900,0.000300,0.019860,60.170000,39.830000,1.233600,0.008400,0.685602,55.230000,44.770000,binance_kline_quote_asset_volume,0.000000,0.000000,0.000000,0.000000,OK
156,2026-06-07 04:15:00 UTC,OPNUSDT,0.134300,0.135400,0.132600,0.135000,0.000700,0.521221,0.521221,2.084885,40.624122,8818,-2167,-19.726900,4855777.000000,-1595514.000000,-24.731701,651060.759400,-213935.098400,-24.732500,2522266.000000,338375.092500,312685.666900,51.972890,84836886.000000,11400897.397316,321218.000000,0.380069,-29491.733879,-0.258012,1.352900,-0.033200,-2.395210,57.500000,42.500000,1.517800,0.006900,0.456681,60.280000,39.720000,1.209000,-0.024600,-1.994163,54.730000,45.270000,binance_kline_quote_asset_volume,0.000000,0.000000,0.000000,0.000000,OK
157,2026-06-07 04:30:00 UTC,OPNUSDT,0.135000,0.136900,0.134600,0.136800,0.001800,1.333333,1.333333,1.703704,45.326050,7216,-1602,-18.167385,4033683.000000,-822094.000000,-16.930226,548289.640700,-102771.118700,-15.785181,2101854.000000,285747.794400,262541.846300,52.116213,85216782.000000,11466747.177389,379896.000000,0.447796,65849.780073,0.577584,1.349600,-0.003300,-0.243920,57.440000,42.560000,1.527700,0.009900,0.652260,60.440000,39.560000,1.210900,0.001900,0.157155,54.770000,45.230000,binance_kline_quote_asset_volume,0.000000,0.000000,0.000000,0.000000,OK
158,2026-06-07 04:45:00 UTC,OPNUSDT,0.136800,0.138800,0.136300,0.137100,0.000300,0.219298,0.219298,1.827485,46.092264,9979,2763,38.289911,5938085.000000,1904402.000000,47.212485,816437.105000,268147.464300,48.906170,3198373.000000,439879.182800,376557.922200,53.877902,85201647.000000,11664105.474300,-15135.000000,-0.017761,197358.296911,1.721136,1.347400,-0.002200,-0.163011,57.400000,42.600000,1.527100,-0.000600,-0.039275,60.430000,39.570000,1.221700,0.010800,0.891899,54.990000,45.010000,binance_kline_quote_asset_volume,0.000000,0.000000,0.000000,0.000000,OK
159,2026-06-07 05:00:00 UTC,OPNUSDT,0.137200,0.137600,0.135600,0.136700,-0.000400,-0.291758,-0.364431,1.457726,45.183045,7677,-2302,-23.068444,3868117.000000,-2069968.000000,-34.859184,528176.023500,-288261.081500,-35.307200,1706351.000000,233068.141800,295107.881700,44.126983,85495043.000000,11740388.767615,293396.000000,0.344355,76283.293315,0.654000,1.365200,0.017800,1.321063,57.720000,42.280000,1.539300,0.012200,0.798900,60.620000,39.380000,1.231600,0.009900,0.810346,55.190000,44.810000,binance_kline_quote_asset_volume,0.000000,0.000000,0.000000,0.000000,OK
160,2026-06-07 05:15:00 UTC,OPNUSDT,0.136600,0.137100,0.134000,0.136900,0.000200,0.146306,0.219619,2.269400,45.759176,7322,-355,-4.624202,4469536.000000,601419.000000,15.548108,606386.032700,78210.009200,14.807565,1936628.000000,263032.714600,343353.318100,43.377106,85782747.000000,11723855.117155,287704.000000,0.336515,-16533.650460,-0.140827,1.372500,0.007300,0.534720,57.850000,42.150000,1.539100,-0.000200,-0.012993,60.620000,39.380000,1.241600,0.010000,0.811952,55.390000,44.610000,binance_kline_quote_asset_volume,0.000000,0.000000,0.000000,0.000000,OK
161,2026-06-07 05:30:00 UTC,OPNUSDT,0.136900,0.137100,0.134300,0.135100,-0.001800,-1.314828,-1.314828,2.045289,41.528761,6280,-1042,-14.231084,3575012.000000,-894524.000000,-20.013800,483738.884500,-122647.148200,-20.225919,1565183.000000,211742.729000,271996.155500,43.772113,85779747.000000,11743247.364300,-3000.000000,-0.003497,19392.247145,0.165408,1.387200,0.014700,1.071038,58.110000,41.890000,1.541200,0.002100,0.136443,60.650000,39.350000,1.247200,0.005600,0.451031,55.500000,44.500000,binance_kline_quote_asset_volume,0.000000,0.000000,0.000000,0.000000,OK
162,2026-06-07 05:45:00 UTC,OPNUSDT,0.135200,0.135700,0.134300,0.135100,0.000000,0.000000,-0.073964,1.035503,41.528761,5089,-1191,-18.964968,3055303.000000,-519709.000000,-14.537266,412244.761300,-71494.123200,-14.779487,1538481.000000,207641.286800,204603.474500,50.368448,85794220.000000,11599378.544000,14473.000000,0.016872,-143868.820300,-1.225120,1.389500,0.002300,0.165802,58.150000,41.850000,1.541500,0.000300,0.019465,60.650000,39.350000,1.243700,-0.003500,-0.280629,55.430000,44.570000,binance_kline_quote_asset_volume,0.000000,0.000000,0.000000,0.000000,OK
163,2026-06-07 06:00:00 UTC,OPNUSDT,0.135100,0.137800,0.133200,0.135600,0.000500,0.370096,0.370096,3.404885,43.219856,11836,6747,132.580075,8292870.000000,5237567.000000,171.425453,1124782.913500,712538.152200,172.843470,3707987.000000,503466.035700,621316.877800,44.761174,86292787.000000,11657357.315420,498567.000000,0.581120,57978.771420,0.499844,1.383800,-0.005700,-0.410220,58.050000,41.950000,1.546500,0.005000,0.324359,60.730000,39.270000,1.242700,-0.001000,-0.080405,55.410000,44.590000,binance_kline_quote_asset_volume,0.000000,0.000000,0.000000,0.000000,OK
164,2026-06-07 06:15:00 UTC,OPNUSDT,0.135700,0.136500,0.132700,0.133500,-0.002100,-1.548673,-1.621223,2.800295,38.220071,10200,-1636,-13.822237,8238332.000000,-54538.000000,-0.657649,1108552.213000,-16230.700500,-1.443007,2946808.000000,397150.652200,711401.560800,35.826066,86721373.000000,11759418.178800,428586.000000,0.496665,102060.863380,0.875506,1.378700,-0.005100,-0.368550,57.960000,42.040000,1.561500,0.015000,0.969932,60.960000,39.040000,1.245700,0.003000,0.241410,55.470000,44.530000,binance_kline_quote_asset_volume,0.000000,0.000000,0.000000,0.000000,OK
165,2026-06-07 06:30:00 UTC,OPNUSDT,0.133500,0.134700,0.131100,0.133700,0.000200,0.149813,0.149813,2.696629,38.944488,14389,4189,41.068627,10290174.000000,2051842.000000,24.906037,1369905.429000,261353.216000,23.576085,4585003.000000,611000.396500,758905.032500,44.601648,87302497.000000,11653685.559241,581124.000000,0.670105,-105732.619559,-0.899131,1.402700,0.024000,1.740770,58.380000,41.620000,1.545500,-0.016000,-1.024656,60.710000,39.290000,1.275300,0.029600,2.376174,56.050000,43.950000,binance_kline_quote_asset_volume,0.000000,0.000000,0.000000,0.000000,OK
166,2026-06-07 06:45:00 UTC,OPNUSDT,0.133700,0.134300,0.131200,0.133500,-0.000200,-0.149589,-0.149589,2.318624,38.458839,11709,-2680,-18.625339,7382637.000000,-2907537.000000,-28.255470,978836.276400,-391069.152600,-28.547164,3456258.000000,458538.040100,520298.236300,46.845223,87391074.000000,11684186.593800,88577.000000,0.101460,30501.034559,0.261729,1.420700,0.018000,1.283239,58.690000,41.310000,1.529000,-0.016500,-1.067616,60.460000,39.540000,1.289400,0.014100,1.105622,56.320000,43.680000,binance_kline_quote_asset_volume,0.000000,0.000000,0.000000,0.000000,OK
167,2026-06-07 07:00:00 UTC,OPNUSDT,0.133400,0.134300,0.132000,0.132400,-0.001100,-0.823970,-0.749625,1.724138,35.813565,8120,-3589,-30.651635,5083790.000000,-2298847.000000,-31.138562,677494.337400,-301341.939000,-30.785735,2245050.000000,299396.427900,378097.909500,44.191724,87464765.000000,11682980.910261,73691.000000,0.084323,-1205.683539,-0.010319,1.409100,-0.011600,-0.816499,58.490000,41.510000,1.522600,-0.006400,-0.418574,60.360000,39.640000,1.278400,-0.011000,-0.853110,56.110000,43.890000,binance_kline_quote_asset_volume,0.000000,0.000000,0.000000,0.000000,OK
168,2026-06-07 07:15:00 UTC,OPNUSDT,0.132300,0.135500,0.131600,0.134400,0.002000,1.510574,1.587302,2.947846,43.432024,7756,-364,-4.482759,5181760.000000,97970.000000,1.927106,692633.507300,15139.169900,2.234582,2653438.000000,354929.475000,337704.032300,51.243475,87895671.000000,11644124.922539,430906.000000,0.492662,-38855.987722,-0.332586,1.407300,-0.001800,-0.127741,58.460000,41.540000,1.523900,0.001300,0.085380,60.380000,39.620000,1.276300,-0.002100,-0.164268,56.070000,43.930000,binance_kline_quote_asset_volume,0.000000,0.000000,0.000000,0.000000,OK
169,2026-06-07 07:30:00 UTC,OPNUSDT,0.134400,0.134800,0.133200,0.134400,0.000000,0.000000,0.000000,1.190476,43.432024,5824,-1932,-24.909747,3969944.000000,-1211816.000000,-23.386185,531860.802000,-160772.705300,-23.211800,1944074.000000,260452.001400,271408.800600,48.969956,87945315.000000,11823964.417836,49644.000000,0.056481,179839.495297,1.544466,1.394600,-0.012700,-0.902437,58.240000,41.760000,1.532500,0.008600,0.564341,60.510000,39.490000,1.254800,-0.021500,-1.684557,55.650000,44.350000,binance_kline_quote_asset_volume,0.000000,0.000000,0.000000,0.000000,OK
170,2026-06-07 07:45:00 UTC,OPNUSDT,0.134400,0.135100,0.122100,0.130300,-0.004100,-3.050595,-3.050595,9.672619,33.873219,34527,28703,492.839973,29923277.000000,25953333.000000,653.745569,3831840.702000,3299979.900000,620.459317,12021237.000000,1540775.284000,2291065.418000,40.209795,88530048.000000,11907291.456000,584733.000000,0.664882,83327.038164,0.704730,1.401500,0.006900,0.494766,58.360000,41.640000,1.525600,-0.006900,-0.450245,60.410000,39.590000,1.267100,0.012300,0.980236,55.890000,44.110000,binance_kline_quote_asset_volume,0.000000,0.000000,0.000000,0.000000,OK
171,2026-06-07 08:00:00 UTC,OPNUSDT,0.130200,0.132500,0.130000,0.131300,0.001000,0.767460,0.844854,1.920123,37.487023,16107,-18420,-53.349553,9896398.000000,-20026879.000000,-66.927426,1301011.977100,-2530828.724900,-66.047337,4796838.000000,631034.534100,669977.443000,48.503361,86607643.000000,11287305.628497,-1922405.000000,-2.171472,-619985.827503,-5.206775,1.419000,0.017500,1.248662,58.660000,41.340000,1.499700,-0.025900,-1.697693,60.000000,40.000000,1.220700,-0.046400,-3.661905,54.970000,45.030000,binance_kline_quote_asset_volume,0.000000,0.000000,0.000000,0.000000,OK
172,2026-06-07 08:15:00 UTC,OPNUSDT,0.131300,0.132600,0.129000,0.130100,-0.001200,-0.913938,-0.913938,2.741813,35.014177,12838,-3269,-20.295524,8834345.000000,-1062053.000000,-10.731713,1156341.883200,-144670.093900,-11.119813,4155423.000000,544375.724000,611966.159200,47.077403,86713940.000000,11394211.716000,106297.000000,0.122734,106906.087503,0.947136,1.382700,-0.036300,-2.558140,58.030000,41.970000,1.509900,0.010200,0.680136,60.160000,39.840000,1.191500,-0.029200,-2.392070,54.370000,45.630000,binance_kline_quote_asset_volume,0.000000,0.000000,0.000000,0.000000,OK
173,2026-06-07 08:30:00 UTC,OPNUSDT,0.130100,0.132400,0.129700,0.131300,0.001200,0.922367,0.922367,2.075327,39.324540,11396,-1442,-11.232279,6745369.000000,-2088976.000000,-23.646077,883808.027400,-272533.855800,-23.568623,3045461.000000,399030.450300,484777.577100,45.148996,86778609.000000,11291097.179062,64669.000000,0.074577,-103114.536938,-0.904973,1.378100,-0.004600,-0.332682,57.950000,42.050000,1.509500,-0.000400,-0.026492,60.150000,39.850000,1.188700,-0.002800,-0.234998,54.310000,45.690000,binance_kline_quote_asset_volume,0.000000,0.000000,0.000000,0.000000,OK
174,2026-06-07 08:45:00 UTC,OPNUSDT,0.131300,0.132400,0.129800,0.131300,0.000000,0.000000,0.000000,1.980198,39.324540,10135,-1261,-11.065286,6292635.000000,-452734.000000,-6.711775,824522.145200,-59285.882200,-6.708004,2719063.000000,356507.597300,468014.547900,43.238086,86114304.000000,11315419.545600,-664305.000000,-0.765517,24322.366538,0.215412,1.388300,0.010200,0.740149,58.130000,41.870000,1.504200,-0.005300,-0.351110,60.070000,39.930000,1.203600,0.014900,1.253470,54.620000,45.380000,binance_kline_quote_asset_volume,0.000000,0.000000,0.000000,0.000000,OK
175,2026-06-07 09:00:00 UTC,OPNUSDT,0.131400,0.131800,0.130100,0.131100,-0.000200,-0.152323,-0.228311,1.293760,38.826752,6619,-3516,-34.691663,3634114.000000,-2658521.000000,-42.248136,476515.760700,-348006.384500,-42.207039,1568001.000000,205722.792900,270792.967800,43.172296,85284875.000000,11219431.695648,-829429.000000,-0.963172,-95987.849953,-0.848292,1.400400,0.012100,0.871570,58.340000,41.660000,1.513200,0.009000,0.598325,60.210000,39.790000,1.217800,0.014200,1.179794,54.910000,45.090000,binance_kline_quote_asset_volume,0.000000,0.000000,0.000000,0.000000,OK
176,2026-06-07 09:15:00 UTC,OPNUSDT,0.131100,0.131100,0.130000,0.130500,-0.000600,-0.457666,-0.457666,0.839054,37.301259,6394,-225,-3.399305,3735184.000000,101070.000000,2.781146,487328.881700,10813.121000,2.269205,1675568.000000,218705.634600,268623.247100,44.878447,85433022.000000,11200269.184200,148147.000000,0.173708,-19162.511448,-0.170798,1.387200,-0.013200,-0.942588,58.110000,41.890000,1.514400,0.001200,0.079302,60.230000,39.770000,1.205600,-0.012200,-1.001807,54.660000,45.340000,binance_kline_quote_asset_volume,0.000000,0.000000,0.000000,0.000000,OK
177,2026-06-07 09:30:00 UTC,OPNUSDT,0.130500,0.130500,0.125300,0.128900,-0.001600,-1.226054,-1.226054,3.984674,33.519217,15268,8874,138.786362,11140031.000000,7404847.000000,198.245843,1430143.228100,942814.346400,193.465723,4975173.000000,639475.842900,790667.385200,44.714112,85757512.000000,11182779.564800,324490.000000,0.379818,-17489.619400,-0.156154,1.388300,0.001100,0.079296,58.130000,41.870000,1.515100,0.000700,0.046223,60.240000,39.760000,1.212400,0.006800,0.564035,54.800000,45.200000,binance_kline_quote_asset_volume,0.000000,0.000000,0.000000,0.000000,OK
178,2026-06-07 09:45:00 UTC,OPNUSDT,0.128900,0.130800,0.128100,0.130400,0.001500,1.163693,1.163693,2.094647,39.692680,7020,-8248,-54.021483,5296760.000000,-5843271.000000,-52.452915,686228.636100,-743914.592000,-52.016789,2713145.000000,351630.235900,334598.400200,51.240974,85143412.000000,10974985.806800,-614100.000000,-0.716089,-207793.758000,-1.858158,1.377600,-0.010700,-0.770727,57.940000,42.060000,1.503300,-0.011800,-0.778826,60.050000,39.950000,1.196800,-0.015600,-1.286704,54.480000,45.520000,binance_kline_quote_asset_volume,0.000000,0.000000,0.000000,0.000000,OK
179,2026-06-07 10:00:00 UTC,OPNUSDT,0.130400,0.130600,0.128000,0.130000,-0.000400,-0.306748,-0.306748,1.993865,38.661661,7989,969,13.803419,5324124.000000,27364.000000,0.516618,687292.488400,1063.852300,0.155029,2546961.000000,328835.042000,358457.446400,47.844993,85881094.000000,11216773.383749,737682.000000,0.866399,241787.576949,2.203079,1.370800,-0.006800,-0.493612,57.820000,42.180000,1.508200,0.004900,0.325950,60.130000,39.870000,1.186300,-0.010500,-0.877340,54.260000,45.740000,binance_kline_quote_asset_volume,0.000000,0.000000,0.000000,0.000000,OK
180,2026-06-07 10:15:00 UTC,OPNUSDT,0.130100,0.132200,0.128500,0.131600,0.001600,1.230769,1.152959,2.843966,44.834290,9026,1037,12.980348,6351281.000000,1027157.000000,19.292507,830561.466200,143268.977800,20.845416,3152519.000000,412523.083500,418038.382700,49.667978,86560079.000000,11258535.353625,678985.000000,0.790611,41761.969876,0.372317,1.362400,-0.008400,-0.612781,57.670000,42.330000,1.512400,0.004200,0.278478,60.200000,39.800000,1.183400,-0.002900,-0.244458,54.200000,45.800000,binance_kline_quote_asset_volume,0.000000,0.000000,0.000000,0.000000,OK
181,2026-06-07 10:30:00 UTC,OPNUSDT,0.131600,0.137600,0.131100,0.137400,0.005800,4.407295,4.407295,4.939210,60.393751,18909,9883,109.494793,15091211.000000,8739930.000000,137.608933,2029476.136900,1198914.670700,144.349903,8079128.000000,1086938.857000,942537.279900,53.557607,86358200.000000,11364739.120000,-201879.000000,-0.233224,106203.766375,0.943318,1.364100,0.001700,0.124780,57.700000,42.300000,1.511200,-0.001200,-0.079344,60.180000,39.820000,1.188200,0.004800,0.405611,54.300000,45.700000,binance_kline_quote_asset_volume,0.000000,0.000000,0.000000,0.000000,OK
182,2026-06-07 10:45:00 UTC,OPNUSDT,0.137400,0.144500,0.133600,0.137100,-0.000300,-0.218341,-0.218341,7.933042,59.459582,46863,27954,147.834365,34056926.000000,18965715.000000,125.673910,4754046.063200,2724569.926300,134.249912,15866697.000000,2216305.404400,2537740.658800,46.619351,87158564.000000,11975586.693600,800364.000000,0.926796,610847.573600,5.374937,1.355700,-0.008400,-0.615791,57.550000,42.450000,1.509500,-0.001700,-0.112493,60.150000,39.850000,1.214300,0.026100,2.196600,54.840000,45.160000,binance_kline_quote_asset_volume,0.000000,0.000000,0.000000,0.000000,OK
183,2026-06-07 11:00:00 UTC,OPNUSDT,0.137000,0.137700,0.133900,0.134300,-0.002800,-2.042305,-1.970803,2.773723,51.459090,18574,-28289,-60.365320,13152550.000000,-20904376.000000,-61.380689,1785864.680300,-2968181.382900,-62.434847,6237020.000000,847188.957400,938675.722900,47.438586,87645428.000000,12020260.185385,486864.000000,0.558596,44673.491785,0.373038,1.378100,0.022400,1.652283,57.950000,42.050000,1.477400,-0.032100,-2.126532,59.640000,40.360000,1.237100,0.022800,1.877625,55.300000,44.700000,binance_kline_quote_asset_volume,0.000000,0.000000,0.000000,0.000000,OK
184,2026-06-07 11:15:00 UTC,OPNUSDT,0.134200,0.137600,0.133700,0.136900,0.002600,1.935964,2.011923,2.906110,57.215846,11618,-6956,-37.450199,8386454.000000,-4766096.000000,-36.237049,1139597.012500,-646267.667800,-36.187942,4246756.000000,576875.556300,562721.456200,50.621013,87979545.000000,11815652.893500,334117.000000,0.381214,-204607.291885,-1.702187,1.375300,-0.002800,-0.203178,57.900000,42.100000,1.481200,0.003800,0.257209,59.700000,40.300000,1.242700,0.005600,0.452672,55.410000,44.590000,binance_kline_quote_asset_volume,0.000000,0.000000,0.000000,0.000000,OK
185,2026-06-07 11:30:00 UTC,OPNUSDT,0.136900,0.140000,0.136700,0.138200,0.001300,0.949598,0.949598,2.410519,59.784013,14818,3200,27.543467,11080162.000000,2693708.000000,32.119749,1537456.527900,397859.515400,34.912299,5143868.000000,713997.161700,823459.366200,46.440153,88153606.000000,12068228.661400,174061.000000,0.197843,252575.767900,2.137637,1.352400,-0.022900,-1.665091,57.490000,42.510000,1.489200,0.008000,0.540103,59.830000,40.170000,1.236100,-0.006600,-0.531102,55.280000,44.720000,binance_kline_quote_asset_volume,0.000000,0.000000,0.000000,0.000000,OK
186,2026-06-07 11:45:00 UTC,OPNUSDT,0.138200,0.138600,0.135500,0.137600,-0.000600,-0.434153,-0.434153,2.243126,58.052004,9052,-5766,-38.912134,5968660.000000,-5111502.000000,-46.132015,819094.934200,-718361.593700,-46.724026,2818211.000000,386966.253100,432128.681100,47.243151,87949209.000000,12163375.604700,-204397.000000,-0.231865,95146.943300,0.788409,1.346300,-0.006100,-0.451050,57.380000,42.620000,1.483600,-0.005600,-0.376041,59.740000,40.260000,1.236600,0.000500,0.040450,55.290000,44.710000,binance_kline_quote_asset_volume,0.000000,0.000000,0.000000,0.000000,OK
187,2026-06-07 12:00:00 UTC,OPNUSDT,0.137600,0.139500,0.134600,0.135700,-0.001900,-1.380814,-1.380814,3.561047,52.832237,12123,3071,33.926204,8582066.000000,2613406.000000,43.785473,1176941.120200,357846.186000,43.687999,3653796.000000,501568.398300,675372.721900,42.616269,88413186.000000,12174495.712200,463977.000000,0.527551,11120.107500,0.091423,1.355200,0.008900,0.661071,57.540000,42.460000,1.489900,0.006300,0.424643,59.840000,40.160000,1.244700,0.008100,0.655022,55.450000,44.550000,binance_kline_quote_asset_volume,0.000000,0.000000,0.000000,0.000000,OK
188,2026-06-07 12:15:00 UTC,OPNUSDT,0.135600,0.136400,0.130800,0.132700,-0.003000,-2.210759,-2.138643,4.129794,45.825813,13604,1481,12.216448,10890815.000000,2308749.000000,26.902019,1459025.150800,282084.030600,23.967557,4231538.000000,568267.184100,890757.966700,38.948416,88517557.000000,12002980.729200,104371.000000,0.118049,-171514.983000,-1.408806,1.358500,0.003300,0.243506,57.600000,42.400000,1.497900,0.008000,0.536949,59.970000,40.030000,1.243200,-0.001500,-0.120511,55.420000,44.580000,binance_kline_quote_asset_volume,0.000000,0.000000,0.000000,0.000000,OK
189,2026-06-07 12:30:00 UTC,OPNUSDT,0.132800,0.133800,0.130300,0.131400,-0.001300,-0.979653,-1.054217,2.635542,43.155047,11503,-2101,-15.443987,9709321.000000,-1181494.000000,-10.848536,1284738.214900,-174286.935900,-11.945437,4754161.000000,629427.042100,655311.172800,48.992630,87764465.000000,11663897.398500,-753092.000000,-0.850783,-339083.330700,-2.824993,1.396900,0.038400,2.826647,58.280000,41.720000,1.495800,-0.002100,-0.140196,59.930000,40.070000,1.256800,0.013600,1.093951,55.690000,44.310000,binance_kline_quote_asset_volume,0.000000,0.000000,0.000000,0.000000,OK
190,2026-06-07 12:45:00 UTC,OPNUSDT,0.131400,0.133100,0.130200,0.131900,0.000500,0.380518,0.380518,2.207002,44.494939,8315,-3188,-27.714509,6487548.000000,-3221773.000000,-33.182269,855434.299900,-429303.915000,-33.415673,3338647.000000,440465.417600,414968.882300,51.490268,87704869.000000,11545511.930546,-59596.000000,-0.067904,-118385.467954,-1.014974,1.371400,-0.025500,-1.825471,57.830000,42.170000,1.505700,0.009900,0.661853,60.090000,39.910000,1.225700,-0.031100,-2.474539,55.070000,44.930000,binance_kline_quote_asset_volume,0.000000,0.000000,0.000000,0.000000,OK
191,2026-06-07 13:00:00 UTC,OPNUSDT,0.131900,0.132700,0.128900,0.132400,0.000500,0.379075,0.379075,2.880970,45.869007,12363,4048,48.683103,9448823.000000,2961275.000000,45.645520,1239294.532900,383860.233000,44.873140,4021692.000000,528461.168200,710833.364700,42.642096,87976774.000000,11600962.288594,271905.000000,0.310023,55450.358048,0.480276,1.357900,-0.013500,-0.984396,57.590000,42.410000,1.497800,-0.007900,-0.524673,59.960000,40.040000,1.229700,0.004000,0.326344,55.150000,44.850000,binance_kline_quote_asset_volume,0.000000,0.000000,0.000000,0.000000,OK
192,2026-06-07 13:15:00 UTC,OPNUSDT,0.132400,0.132800,0.129200,0.130900,-0.001500,-1.132931,-1.132931,2.719033,42.472087,9141,-3222,-26.061636,6835686.000000,-2613137.000000,-27.655688,894179.140000,-345115.392900,-27.847730,3372047.000000,441323.695900,452855.444100,49.355177,87894535.000000,11637841.148401,-82239.000000,-0.093478,36878.859807,0.317895,1.364100,0.006200,0.456587,57.700000,42.300000,1.512000,0.014200,0.948057,60.190000,39.810000,1.224700,-0.005000,-0.406603,55.050000,44.950000,binance_kline_quote_asset_volume,0.000000,0.000000,0.000000,0.000000,OK
193,2026-06-07 13:30:00 UTC,OPNUSDT,0.130800,0.131200,0.129600,0.130600,-0.000300,-0.229183,-0.152905,1.223242,41.805263,6237,-2904,-31.768953,4576511.000000,-2259175.000000,-33.049719,596762.037900,-297417.102100,-33.261467,2010334.000000,262280.666000,334481.371900,43.950628,87983292.000000,11508772.407671,88757.000000,0.100981,-129068.740730,-1.109044,1.377600,0.013500,0.989664,57.940000,42.060000,1.515600,0.003600,0.238095,60.250000,39.750000,1.233600,0.008900,0.726709,55.230000,44.770000,binance_kline_quote_asset_volume,0.000000,0.000000,0.000000,0.000000,OK
194,2026-06-07 13:45:00 UTC,OPNUSDT,0.130600,0.131900,0.129900,0.130400,-0.000200,-0.153139,-0.153139,1.531394,41.339286,6408,171,2.741703,4489062.000000,-87449.000000,-1.910822,587594.293200,-9167.744700,-1.536248,2142754.000000,280561.899800,307032.393400,47.747554,88022446.000000,11478126.958400,39154.000000,0.044502,-30645.449271,-0.266279,1.375300,-0.002300,-0.166957,57.900000,42.100000,1.514200,-0.001400,-0.092373,60.230000,39.770000,1.244200,0.010600,0.859274,55.440000,44.560000,binance_kline_quote_asset_volume,0.000000,0.000000,0.000000,0.000000,OK
195,2026-06-07 14:00:00 UTC,OPNUSDT,0.130400,0.133100,0.130400,0.131800,0.001400,1.073620,1.073620,2.070552,45.886272,8153,1745,27.231586,5887272.000000,1398210.000000,31.147041,776576.743800,188982.450600,32.162064,2889841.000000,381102.019000,395474.724800,49.074611,87855166.000000,11463398.286986,-167280.000000,-0.190042,-14728.671414,-0.128319,1.383200,0.007900,0.574420,58.040000,41.960000,1.509900,-0.004300,-0.283978,60.160000,39.840000,1.250700,0.006500,0.522424,55.570000,44.430000,binance_kline_quote_asset_volume,0.000000,0.000000,0.000000,0.000000,OK
196,2026-06-07 14:15:00 UTC,OPNUSDT,0.131800,0.132600,0.130900,0.131200,-0.000600,-0.455235,-0.455235,1.289833,44.301374,5777,-2376,-29.142647,3914048.000000,-1973224.000000,-33.516780,515586.008300,-260990.735500,-33.607848,1923197.000000,253447.164500,262138.843800,49.157107,88216283.000000,11629840.172973,361117.000000,0.411037,166441.885986,1.451942,1.386600,0.003400,0.245807,58.100000,41.900000,1.516100,0.006200,0.410623,60.260000,39.740000,1.253800,0.003100,0.247861,55.630000,44.370000,binance_kline_quote_asset_volume,0.000000,0.000000,0.000000,0.000000,OK
197,2026-06-07 14:30:00 UTC,OPNUSDT,0.131200,0.131400,0.127100,0.130500,-0.000700,-0.533537,-0.533537,3.277439,42.458829,13431,7654,132.490912,11219550.000000,7305502.000000,186.648248,1451253.777300,935667.769000,181.476563,4458623.000000,577356.888400,873896.888900,39.783317,88213946.000000,11574189.295342,-2337.000000,-0.002649,-55650.877631,-0.478518,1.392900,0.006300,0.454349,58.210000,41.790000,1.513800,-0.002300,-0.151705,60.220000,39.780000,1.263000,0.009200,0.733769,55.810000,44.190000,binance_kline_quote_asset_volume,0.000000,0.000000,0.000000,0.000000,OK
198,2026-06-07 14:45:00 UTC,OPNUSDT,0.130500,0.131700,0.129500,0.131100,0.000600,0.459770,0.459770,1.685824,44.586263,7098,-6333,-47.152111,4764135.000000,-6455415.000000,-57.537201,621983.065700,-829270.711600,-57.141675,2536391.000000,331236.707800,290746.357900,53.254940,87334199.000000,11397112.969500,-879747.000000,-0.997288,-177076.325842,-1.529924,1.389500,-0.003400,-0.244095,58.150000,41.850000,1.509600,-0.004200,-0.277447,60.150000,39.850000,1.235100,-0.027900,-2.209026,55.260000,44.740000,binance_kline_quote_asset_volume,0.000000,0.000000,0.000000,0.000000,OK
199,2026-06-07 15:00:00 UTC,OPNUSDT,0.131100,0.131700,0.129300,0.130800,-0.000300,-0.228833,-0.228833,1.830664,43.715957,7401,303,4.268808,5036708.000000,272573.000000,5.721353,656969.268200,34986.202500,5.624945,2335012.000000,304788.957600,352180.310600,46.393183,87216467.000000,11434078.823700,-117732.000000,-0.134806,36965.854200,0.324344,1.398700,0.009200,0.662109,58.310000,41.690000,1.502800,-0.006800,-0.450450,60.040000,39.960000,1.239600,0.004500,0.364343,55.350000,44.650000,binance_kline_quote_asset_volume,0.000000,0.000000,0.000000,0.000000,OK
200,2026-06-07 15:15:00 UTC,OPNUSDT,0.130900,0.131300,0.129700,0.131200,0.000400,0.305810,0.229183,1.222307,45.250485,5306,-2095,-28.306986,3891549.000000,-1145159.000000,-22.736259,507823.054000,-149146.214200,-22.702160,1826117.000000,238420.439800,269402.614200,46.949511,87250293.000000,11422737.686823,33826.000000,0.038784,-11341.136877,-0.099187,1.398100,-0.000600,-0.042897,58.300000,41.700000,1.506600,0.003800,0.252861,60.110000,39.890000,1.237600,-0.002000,-0.161342,55.310000,44.690000,binance_kline_quote_asset_volume,0.000000,0.000000,0.000000,0.000000,OK
201,2026-06-07 15:30:00 UTC,OPNUSDT,0.131200,0.132200,0.130300,0.131900,0.000700,0.533537,0.533537,1.448171,47.926151,6527,1221,23.011685,4847808.000000,956259.000000,24.572709,637668.345600,129845.291600,25.569003,2573682.000000,338557.404400,299110.941200,53.093023,87261096.000000,11448655.795200,10803.000000,0.012382,25918.108377,0.226899,1.384900,-0.013200,-0.944138,58.070000,41.930000,1.497900,-0.008700,-0.577459,59.970000,40.030000,1.235100,-0.002500,-0.202004,55.260000,44.740000,binance_kline_quote_asset_volume,0.000000,0.000000,0.000000,0.000000,OK
202,2026-06-07 15:45:00 UTC,OPNUSDT,0.132000,0.136100,0.131700,0.135600,0.003700,2.805155,2.727273,3.333333,59.259665,10429,3902,59.782442,8872643.000000,4024835.000000,83.023812,1185094.818400,547426.472800,85.848149,4839408.000000,646749.538600,538345.279800,54.573653,87793754.000000,11579996.152600,532658.000000,0.610419,131340.357400,1.147212,1.369700,-0.015200,-1.097552,57.800000,42.200000,1.490400,-0.007500,-0.500701,59.850000,40.150000,1.233600,-0.001500,-0.121448,55.230000,44.770000,binance_kline_quote_asset_volume,0.000000,0.000000,0.000000,0.000000,OK
203,2026-06-07 16:00:00 UTC,OPNUSDT,0.135600,0.136100,0.130600,0.131700,-0.003900,-2.876106,-2.876106,4.056047,47.519714,12575,2146,20.577237,10171628.000000,1298985.000000,14.640339,1353356.230000,168261.411600,14.198139,4365858.000000,581232.406000,772123.824000,42.947481,88078577.000000,11937855.886060,284823.000000,0.324423,357859.733460,3.090327,1.360200,-0.009500,-0.693583,57.630000,42.370000,1.489600,-0.000800,-0.053677,59.830000,40.170000,1.231600,-0.002000,-0.162127,55.190000,44.810000,binance_kline_quote_asset_volume,0.000000,0.000000,0.000000,0.000000,OK
204,2026-06-07 16:15:00 UTC,OPNUSDT,0.131700,0.133300,0.131200,0.133200,0.001500,1.138952,1.138952,1.594533,51.499541,5932,-6643,-52.827038,3978559.000000,-6193069.000000,-60.885721,526718.166100,-826638.063900,-61.080597,2016725.000000,267022.667400,259695.498700,50.695549,87681443.000000,11554811.370622,-397134.000000,-0.450886,-383044.515438,-3.208654,1.354000,-0.006200,-0.455815,57.520000,42.480000,1.486600,-0.003000,-0.201396,59.780000,40.220000,1.221700,-0.009900,-0.803832,54.990000,45.010000,binance_kline_quote_asset_volume,0.000000,0.000000,0.000000,0.000000,OK
205,2026-06-07 16:30:00 UTC,OPNUSDT,0.133300,0.133300,0.130200,0.131700,-0.001500,-1.126126,-1.200300,2.325581,47.611221,6105,173,2.916386,4369867.000000,391308.000000,9.835420,575188.825500,48470.659400,9.202390,1834495.000000,241516.357900,333672.467600,41.989056,88027187.000000,11725221.308400,345744.000000,0.394318,170409.937778,1.474796,1.350700,-0.003300,-0.243722,57.460000,42.540000,1.491800,0.005200,0.349791,59.870000,40.130000,1.218800,-0.002900,-0.237374,54.930000,45.070000,binance_kline_quote_asset_volume,0.000000,0.000000,0.000000,0.000000,OK
206,2026-06-07 16:45:00 UTC,OPNUSDT,0.131800,0.132600,0.130300,0.131400,-0.000300,-0.227790,-0.303490,1.745068,46.849357,6516,411,6.732187,4534920.000000,165053.000000,3.777071,595640.509600,20451.684100,3.555647,2218347.000000,291475.121100,304165.388500,48.934738,87991924.000000,11597335.583200,-35263.000000,-0.040059,-127885.725200,-1.090689,1.360200,0.009500,0.703339,57.630000,42.370000,1.483800,-0.008000,-0.536265,59.740000,40.260000,1.224700,0.005900,0.484083,55.050000,44.950000,binance_kline_quote_asset_volume,0.000000,0.000000,0.000000,0.000000,OK
207,2026-06-07 17:00:00 UTC,OPNUSDT,0.131400,0.131700,0.129800,0.130600,-0.000800,-0.608828,-0.608828,1.445967,44.791040,5866,-650,-9.975445,3406698.000000,-1128222.000000,-24.878543,445156.574600,-150483.935000,-25.264221,1600353.000000,209233.743000,235922.831600,47.002281,87857861.000000,11554703.904333,-134063.000000,-0.152358,-42631.678867,-0.367599,1.341900,-0.018300,-1.345390,57.300000,42.700000,1.474400,-0.009400,-0.633509,59.590000,40.410000,1.213900,-0.010800,-0.881849,54.830000,45.170000,binance_kline_quote_asset_volume,0.000000,0.000000,0.000000,0.000000,OK
208,2026-06-07 17:15:00 UTC,OPNUSDT,0.130700,0.131000,0.128600,0.129200,-0.001400,-1.071975,-1.147666,1.836266,41.365933,6984,1118,19.058984,4776574.000000,1369876.000000,40.211254,620439.451900,175282.877300,39.375556,1704415.000000,221566.741500,398872.710400,35.711259,87868430.000000,11475616.958000,10569.000000,0.012030,-79086.946333,-0.684457,1.350700,0.008800,0.655787,57.460000,42.540000,1.477200,0.002800,0.189908,59.630000,40.370000,1.225700,0.011800,0.972073,55.070000,44.930000,binance_kline_quote_asset_volume,0.000000,0.000000,0.000000,0.000000,OK
209,2026-06-07 17:30:00 UTC,OPNUSDT,0.129200,0.130100,0.127500,0.128200,-0.001000,-0.773994,-0.773994,2.012384,39.067882,11903,4919,70.432417,10279735.000000,5503161.000000,115.211467,1321818.339800,701378.887900,113.045501,4197731.000000,540055.918600,781762.421200,40.857045,87739315.000000,11327145.566500,-129115.000000,-0.146941,-148471.391500,-1.293799,1.366900,0.016200,1.199378,57.750000,42.250000,1.470300,-0.006900,-0.467100,59.520000,40.480000,1.235100,0.009400,0.766909,55.260000,44.740000,binance_kline_quote_asset_volume,0.000000,0.000000,0.000000,0.000000,OK
210,2026-06-07 17:45:00 UTC,OPNUSDT,0.128200,0.128200,0.123400,0.127000,-0.001200,-0.936037,-0.936037,3.744150,36.450955,17648,5745,48.265143,13798837.000000,3519102.000000,34.233392,1742850.763900,421032.424100,31.852518,5895324.000000,746262.100800,996588.663100,42.818474,87059965.000000,11174426.840837,-679350.000000,-0.774282,-152718.725663,-1.348254,1.360700,-0.006200,-0.453581,57.640000,42.360000,1.442600,-0.027700,-1.883969,59.060000,40.940000,1.233600,-0.001500,-0.121448,55.230000,44.770000,binance_kline_quote_asset_volume,0.000000,0.000000,0.000000,0.000000,OK
211,2026-06-07 18:00:00 UTC,OPNUSDT,0.127000,0.128000,0.125300,0.127700,0.000700,0.551181,0.551181,2.125984,39.017101,9276,-8372,-47.438803,6854794.000000,-6944043.000000,-50.323393,868299.703800,-874551.060100,-50.179343,2950767.000000,374169.902200,494129.801600,43.092253,86153571.000000,10944546.461128,-906394.000000,-1.041115,-229880.379710,-2.057201,1.365700,0.005000,0.367458,57.730000,42.270000,1.434900,-0.007700,-0.533758,58.930000,41.070000,1.207000,-0.026600,-2.156291,54.690000,45.310000,binance_kline_quote_asset_volume,0.000000,0.000000,0.000000,0.000000,OK
212,2026-06-07 18:15:00 UTC,OPNUSDT,0.127600,0.127800,0.126200,0.127200,-0.000500,-0.391543,-0.313480,1.253918,37.841665,5511,-3765,-40.588616,3277976.000000,-3576818.000000,-52.179803,416098.838900,-452200.864900,-52.078892,1648079.000000,209269.539200,206829.299700,50.293228,85795357.000000,10956067.088900,-358214.000000,-0.415785,11520.627772,0.105264,1.373000,0.007300,0.534524,57.860000,42.140000,1.421300,-0.013600,-0.947801,58.700000,41.300000,1.206000,-0.001000,-0.082850,54.670000,45.330000,binance_kline_quote_asset_volume,0.000000,0.000000,0.000000,0.000000,OK
213,2026-06-07 18:30:00 UTC,OPNUSDT,0.127200,0.127800,0.125700,0.125800,-0.001400,-1.100629,-1.100629,1.650943,34.690325,6328,817,14.824896,4005677.000000,727701.000000,22.199705,508187.855700,92089.016800,22.131525,2226457.000000,282635.683800,225552.171900,55.616379,85643321.000000,10893830.431200,-152036.000000,-0.177208,-62236.657700,-0.568057,1.362900,-0.010100,-0.735615,57.680000,42.320000,1.413200,-0.008100,-0.569901,58.560000,41.440000,1.197300,-0.008700,-0.721393,54.490000,45.510000,binance_kline_quote_asset_volume,0.000000,0.000000,0.000000,0.000000,OK
214,2026-06-07 18:45:00 UTC,OPNUSDT,0.125900,0.127000,0.125400,0.125700,-0.000100,-0.079491,-0.158856,1.270850,34.469516,5542,-786,-12.420986,3014760.000000,-990917.000000,-24.737816,380625.477500,-127562.378200,-25.101422,1537055.000000,194165.422700,186460.054800,51.012198,85718894.000000,10803719.669898,75573.000000,0.088242,-90110.761302,-0.827172,1.354000,-0.008900,-0.653019,57.520000,42.480000,1.409200,-0.004000,-0.283046,58.490000,41.510000,1.196800,-0.000500,-0.041761,54.480000,45.520000,binance_kline_quote_asset_volume,0.000000,0.000000,0.000000,0.000000,OK
215,2026-06-07 19:00:00 UTC,OPNUSDT,0.125700,0.126100,0.123500,0.124300,-0.001400,-1.113763,-1.113763,2.068417,31.451240,11971,6429,116.005052,8820047.000000,5805287.000000,192.562161,1099769.862500,719144.385000,188.937532,4132874.000000,515697.478500,584072.384000,46.891399,85741514.000000,10777708.309800,22620.000000,0.026389,-26011.360098,-0.240763,1.339700,-0.014300,-1.056130,57.260000,42.740000,1.409900,0.000700,0.049674,58.500000,41.500000,1.193500,-0.003300,-0.275735,54.410000,45.590000,binance_kline_quote_asset_volume,0.000000,0.000000,0.000000,0.000000,OK
216,2026-06-07 19:15:00 UTC,OPNUSDT,0.124200,0.124500,0.113500,0.115000,-0.009300,-7.481899,-7.407407,8.856683,19.337750,48087,36116,301.695765,45227704.000000,36407657.000000,412.783027,5378011.205300,4278241.342800,389.012419,16214126.000000,1929367.563300,3448643.642000,35.875112,85815093.000000,10664425.251409,73579.000000,0.085815,-113283.058391,-1.051087,1.322900,-0.016800,-1.254012,56.950000,43.050000,1.396800,-0.013100,-0.929144,58.280000,41.720000,1.177700,-0.015800,-1.323837,54.080000,45.920000,binance_kline_quote_asset_volume,0.000000,0.000000,0.000000,0.000000,OK
217,2026-06-07 19:30:00 UTC,OPNUSDT,0.115100,0.116200,0.102300,0.111100,-0.003900,-3.391304,-3.475239,12.076455,16.472529,86793,38706,80.491609,83757096.000000,38529392.000000,85.189803,9187417.692500,3809406.487200,70.832996,37568174.000000,4118571.221200,5068846.471300,44.828388,82168148.000000,9465770.649600,-3646945.000000,-4.249771,-1198654.601809,-11.239749,1.340800,0.017900,1.353088,57.280000,42.720000,1.324500,-0.072300,-5.176117,56.980000,43.020000,1.140900,-0.036800,-3.124735,53.290000,46.710000,binance_kline_quote_asset_volume,0.000000,0.000000,0.000000,0.000000,OK
218,2026-06-07 19:45:00 UTC,OPNUSDT,0.111100,0.114900,0.107400,0.112700,0.001600,1.440144,1.440144,6.750675,21.604491,46027,-40766,-46.969226,33134533.000000,-50622563.000000,-60.439730,3683199.043700,-5504218.648800,-59.910400,15777012.000000,1756223.132400,1926975.911300,47.682004,76463237.000000,8500614.567809,-5704911.000000,-6.942971,-965156.081791,-10.196276,1.318000,-0.022800,-1.700477,56.860000,43.140000,1.521600,0.197100,14.881087,60.340000,39.660000,1.081200,-0.059700,-5.232711,51.950000,48.050000,binance_kline_quote_asset_volume,0.000000,0.000000,0.000000,0.000000,OK
219,2026-06-07 20:00:00 UTC,OPNUSDT,0.112600,0.114100,0.109000,0.112200,-0.000500,-0.443656,-0.355240,4.529307,21.166823,20569,-25458,-55.311013,16204084.000000,-16930449.000000,-51.096085,1810844.621300,-1872354.422400,-50.835005,6957085.000000,776917.841600,1033926.779700,42.903617,75385020.000000,8488353.252000,-1078217.000000,-1.410112,-12261.315809,-0.144240,1.324000,0.006000,0.455235,56.970000,43.030000,1.674800,0.153200,10.068349,62.610000,37.390000,1.081200,0.000000,0.000000,51.950000,48.050000,binance_kline_quote_asset_volume,0.000000,0.000000,0.000000,0.000000,OK
220,2026-06-07 20:15:00 UTC,OPNUSDT,0.112300,0.114800,0.112000,0.113800,0.001600,1.426025,1.335708,2.493321,26.311242,11421,-9148,-44.474695,8357271.000000,-7846813.000000,-48.424909,949503.396700,-861341.224600,-47.565717,4655709.000000,529098.932100,420404.464600,55.723753,75700209.000000,8495899.558250,315189.000000,0.418106,7546.306250,0.088902,1.319100,-0.004900,-0.370091,56.880000,43.120000,1.756900,0.082100,4.902078,63.730000,36.270000,1.079900,-0.001300,-0.120237,51.920000,48.080000,binance_kline_quote_asset_volume,0.000000,0.000000,0.000000,0.000000,OK
221,2026-06-07 20:30:00 UTC,OPNUSDT,0.113700,0.114800,0.112700,0.113500,-0.000300,-0.263620,-0.175901,1.846966,25.969051,7080,-4341,-38.008931,5482295.000000,-2874976.000000,-34.400895,624197.329200,-325306.067500,-34.260653,2521357.000000,287372.733700,336824.595500,46.038764,75950361.000000,8645106.803596,250152.000000,0.330451,149207.245346,1.756227,1.278900,-0.040200,-3.047532,56.120000,43.880000,1.754600,-0.002300,-0.130912,63.700000,36.300000,1.051300,-0.028600,-2.648393,51.250000,48.750000,binance_kline_quote_asset_volume,0.000000,0.000000,0.000000,0.000000,OK
222,2026-06-07 20:45:00 UTC,OPNUSDT,0.113600,0.116600,0.113500,0.115200,0.001700,1.497797,1.408451,2.728873,31.412630,9193,2113,29.844633,6619746.000000,1137451.000000,20.747716,762985.745800,138788.416600,22.234702,3336383.000000,384506.257200,378479.488600,50.394946,75673870.000000,8594002.936058,-276491.000000,-0.364042,-51103.867537,-0.591131,1.277900,-0.001000,-0.078192,56.100000,43.900000,1.762300,0.007700,0.438846,63.800000,36.200000,1.047100,-0.004200,-0.399505,51.150000,48.850000,binance_kline_quote_asset_volume,0.000000,0.000000,0.000000,0.000000,OK
223,2026-06-07 21:00:00 UTC,OPNUSDT,0.115300,0.115700,0.113700,0.114800,-0.000400,-0.347222,-0.433651,1.734605,30.838045,7448,-1745,-18.981834,4915161.000000,-1704585.000000,-25.750006,563885.986600,-199099.759200,-26.094820,2313826.000000,265560.930000,298325.056600,47.094792,75220627.000000,8672938.293100,-453243.000000,-0.598943,78935.357042,0.918493,1.280000,0.002100,0.164332,56.140000,43.860000,1.756400,-0.005900,-0.334790,63.720000,36.280000,1.055500,0.008400,0.802216,51.350000,48.650000,binance_kline_quote_asset_volume,0.000000,0.000000,0.000000,0.000000,OK
224,2026-06-07 21:15:00 UTC,OPNUSDT,0.114800,0.115200,0.110100,0.110700,-0.004100,-3.571429,-3.571429,4.442509,25.657531,11510,4062,54.538131,9076660.000000,4161499.000000,84.666586,1016659.944800,452773.958200,80.295302,3630387.000000,406505.227700,610154.717100,39.984385,75160193.000000,8620874.137100,-60434.000000,-0.080342,-52064.156000,-0.600306,1.280000,0.000000,0.000000,56.140000,43.860000,1.770600,0.014200,0.808472,63.910000,36.090000,1.051700,-0.003800,-0.360019,51.260000,48.740000,binance_kline_quote_asset_volume,0.000000,0.000000,0.000000,0.000000,OK
225,2026-06-07 21:30:00 UTC,OPNUSDT,0.110700,0.111600,0.109300,0.111200,0.000500,0.451671,0.451671,2.077687,27.262314,6831,-4679,-40.651607,4156460.000000,-4920200.000000,-54.207164,460412.549000,-556247.395800,-54.713220,2092730.000000,232043.535600,228369.013400,50.399047,75442804.000000,8358965.361983,282611.000000,0.376012,-261908.775117,-3.038077,1.280500,0.000500,0.039062,56.150000,43.850000,1.786100,0.015500,0.875409,64.110000,35.890000,1.042100,-0.009600,-0.912808,51.030000,48.970000,binance_kline_quote_asset_volume,0.000000,0.000000,0.000000,0.000000,OK
226,2026-06-07 21:45:00 UTC,OPNUSDT,0.111200,0.112000,0.109900,0.111800,0.000600,0.539568,0.539568,1.888489,29.236352,7661,830,12.150490,4145392.000000,-11068.000000,-0.266284,459598.557400,-813.991600,-0.176796,2166707.000000,240384.637800,219213.919600,52.303175,75455557.000000,8388553.482915,12753.000000,0.016904,29588.120932,0.353969,1.285200,0.004700,0.367044,56.240000,43.760000,1.791800,0.005700,0.319131,64.180000,35.820000,1.042500,0.000400,0.038384,51.040000,48.960000,binance_kline_quote_asset_volume,0.000000,0.000000,0.000000,0.000000,OK
227,2026-06-07 22:00:00 UTC,OPNUSDT,0.111900,0.115400,0.110500,0.114900,0.003100,2.772809,2.680965,4.378910,38.520118,11925,4264,55.658530,6877949.000000,2732557.000000,65.917940,775875.669000,316277.111600,68.815950,3570863.000000,402919.172500,372956.496500,51.930894,75660814.000000,8458879.005200,205257.000000,0.272024,70325.522285,0.838351,1.282100,-0.003100,-0.241208,56.180000,43.820000,1.789700,-0.002100,-0.117201,64.150000,35.850000,1.037500,-0.005000,-0.479616,50.920000,49.080000,binance_kline_quote_asset_volume,0.000000,0.000000,0.000000,0.000000,OK
228,2026-06-07 22:15:00 UTC,OPNUSDT,0.114800,0.115900,0.112500,0.113200,-0.001700,-1.479547,-1.393728,2.961672,35.750215,11568,-357,-2.993711,7391857.000000,513908.000000,7.471820,842984.690700,67109.021700,8.649456,3356658.000000,382895.237600,460089.453100,45.421375,76031127.000000,8755149.261596,370313.000000,0.489438,296270.256396,3.502477,1.264000,-0.018100,-1.411746,55.830000,44.170000,1.786300,-0.003400,-0.189976,64.110000,35.890000,1.037100,-0.000400,-0.038554,50.910000,49.090000,binance_kline_quote_asset_volume,0.000000,0.000000,0.000000,0.000000,OK
229,2026-06-07 22:30:00 UTC,OPNUSDT,0.113100,0.113400,0.111100,0.111100,-0.002100,-1.855124,-1.768347,2.033599,32.628921,9136,-2432,-21.023513,5718019.000000,-1673838.000000,-22.644350,639736.554300,-203248.136400,-24.110537,2751087.000000,307930.328300,331806.226000,48.133927,75793323.000000,8584686.769468,-237804.000000,-0.312772,-170462.492128,-1.946997,1.267100,0.003100,0.245253,55.890000,44.110000,1.807100,0.020800,1.164418,64.380000,35.620000,1.032900,-0.004200,-0.404975,50.810000,49.190000,binance_kline_quote_asset_volume,0.000000,0.000000,0.000000,0.000000,OK
230,2026-06-07 22:45:00 UTC,OPNUSDT,0.111200,0.112900,0.111200,0.112100,0.001000,0.900090,0.809353,1.528777,35.516094,5978,-3158,-34.566550,3930616.000000,-1787403.000000,-31.259130,440964.183900,-198772.370400,-31.070973,2076447.000000,232982.453400,207981.730500,52.834779,75558069.000000,8418582.578071,-235254.000000,-0.310389,-166104.191397,-1.934889,1.270100,0.003000,0.236761,55.950000,44.050000,1.798000,-0.009100,-0.503569,64.260000,35.740000,1.042100,0.009200,0.890696,51.030000,48.970000,binance_kline_quote_asset_volume,0.000000,0.000000,0.000000,0.000000,OK
231,2026-06-07 23:00:00 UTC,OPNUSDT,0.112200,0.112300,0.110800,0.111800,-0.000300,-0.267618,-0.356506,1.336898,35.031075,6383,405,6.774841,3829927.000000,-100689.000000,-2.561660,427493.463800,-13470.720100,-3.054833,1911547.000000,213509.005100,213984.458700,49.944391,75662746.000000,8481793.826600,104677.000000,0.138538,63211.248529,0.750854,1.275800,0.005700,0.448784,56.060000,43.940000,1.803600,0.005600,0.311457,64.330000,35.670000,1.042100,0.000000,0.000000,51.030000,48.970000,binance_kline_quote_asset_volume,0.000000,0.000000,0.000000,0.000000,OK
232,2026-06-07 23:15:00 UTC,OPNUSDT,0.111800,0.113500,0.110600,0.112300,0.000500,0.447227,0.447227,2.593918,36.585450,7455,1072,16.794611,5225453.000000,1395526.000000,36.437405,585616.385800,158122.922000,36.988384,2784286.000000,312358.829300,273257.556500,53.338472,75875845.000000,8483295.056433,213099.000000,0.281643,1501.229833,0.017699,1.261400,-0.014400,-1.128704,55.780000,44.220000,1.802500,-0.001100,-0.060989,64.320000,35.680000,1.034600,-0.007500,-0.719701,50.850000,49.150000,binance_kline_quote_asset_volume,0.000000,0.000000,0.000000,0.000000,OK
233,2026-06-07 23:30:00 UTC,OPNUSDT,0.112300,0.113400,0.111400,0.113200,0.000900,0.801425,0.801425,1.780944,39.396107,5289,-2166,-29.054326,4025901.000000,-1199552.000000,-22.955943,451370.099800,-134246.286000,-22.923929,2115485.000000,237348.079700,214022.020100,52.583917,76420279.000000,8581997.331700,544434.000000,0.717533,98702.275267,1.163490,1.261400,0.000000,0.000000,55.780000,44.220000,1.820400,0.017900,0.993065,64.540000,35.460000,1.037500,0.002900,0.280302,50.920000,49.080000,binance_kline_quote_asset_volume,0.000000,0.000000,0.000000,0.000000,OK
234,2026-06-07 23:45:00 UTC,OPNUSDT,0.113200,0.113300,0.111100,0.111700,-0.001500,-1.325088,-1.325088,1.943463,36.493007,6132,843,15.938741,3801609.000000,-224292.000000,-5.571225,425687.875400,-25682.224400,-5.689837,1792222.000000,200634.655300,225053.220100,47.131870,76854777.000000,8704788.773491,434498.000000,0.568564,122791.441791,1.430803,1.261900,0.000500,0.039638,55.790000,44.210000,1.826700,0.006300,0.346078,64.620000,35.380000,1.039600,0.002100,0.202410,50.970000,49.030000,binance_kline_quote_asset_volume,0.000000,0.000000,0.000000,0.000000,OK
235,2026-06-08 00:00:00 UTC,OPNUSDT,0.111700,0.112600,0.110400,0.112000,0.000300,0.268577,0.268577,1.969561,37.485222,9846,3714,60.567515,6405884.000000,2604275.000000,68.504546,713580.091100,287892.215700,67.629884,3052927.000000,340132.576400,373447.514700,47.665648,77026610.000000,8603872.337000,171833.000000,0.223581,-100916.436491,-1.159321,1.276300,0.014400,1.141136,56.070000,43.930000,1.820500,-0.006200,-0.339410,64.550000,35.450000,1.052500,0.012900,1.240862,51.280000,48.720000,binance_kline_quote_asset_volume,0.000000,0.000000,0.000000,0.000000,OK
236,2026-06-08 00:15:00 UTC,OPNUSDT,0.112000,0.112800,0.111100,0.112700,0.000700,0.625000,0.625000,1.517857,39.846813,5913,-3933,-39.945155,4060893.000000,-2344991.000000,-36.606829,454708.005300,-258872.085800,-36.277930,2123845.000000,237952.031900,216755.973400,52.330733,77685451.000000,8700770.512000,658841.000000,0.855342,96898.175000,1.126216,1.252300,-0.024000,-1.880436,55.600000,44.400000,1.803500,-0.017000,-0.933809,64.330000,35.670000,1.041600,-0.010900,-1.035629,51.020000,48.980000,binance_kline_quote_asset_volume,0.000000,0.000000,0.000000,0.000000,OK
237,2026-06-08 00:30:00 UTC,OPNUSDT,0.112800,0.114100,0.111600,0.113600,0.000900,0.798580,0.709220,2.216312,42.836789,7556,1643,27.786234,6305087.000000,2244194.000000,55.263559,710928.626700,256220.621400,56.348386,2997182.000000,338000.382700,372928.244000,47.543504,77983575.000000,8796547.260000,298124.000000,0.383758,95776.748000,1.100785,1.251200,-0.001100,-0.087838,55.580000,44.420000,1.798800,-0.004700,-0.260604,64.270000,35.730000,1.037900,-0.003700,-0.355223,50.930000,49.070000,binance_kline_quote_asset_volume,0.000000,0.000000,0.000000,0.000000,OK
238,2026-06-08 00:45:00 UTC,OPNUSDT,0.113600,0.117300,0.112800,0.116700,0.003100,2.728873,2.728873,3.961268,51.735737,11269,3713,49.139756,9474602.000000,3169515.000000,50.269172,1092121.427000,381192.800300,53.618997,4863259.000000,561043.375800,531078.051200,51.371886,78290652.000000,8894684.744718,307077.000000,0.393771,98137.484718,1.115636,1.250700,-0.000500,-0.039962,55.570000,44.430000,1.815700,0.016900,0.939515,64.490000,35.510000,1.039200,0.001300,0.125253,50.960000,49.040000,binance_kline_quote_asset_volume,0.000000,0.000000,0.000000,0.000000,OK
239,2026-06-08 01:00:00 UTC,OPNUSDT,0.116600,0.119400,0.114600,0.115200,-0.001500,-1.285347,-1.200686,4.116638,47.853765,19437,8168,72.482030,13202450.000000,3727848.000000,39.345695,1544734.775700,452613.348700,41.443500,6668414.000000,780685.547400,764049.228300,50.538485,78599762.000000,9182742.598665,309110.000000,0.394824,288057.853947,3.238539,1.243200,-0.007500,-0.599664,55.420000,44.580000,1.859000,0.043300,2.384755,65.020000,34.980000,1.034600,-0.004600,-0.442648,50.850000,49.150000,binance_kline_quote_asset_volume,0.000000,0.000000,0.000000,0.000000,OK
240,2026-06-08 01:15:00 UTC,OPNUSDT,0.115200,0.115300,0.112000,0.112800,-0.002400,-2.083333,-2.083333,2.864583,42.375073,12289,-7148,-36.775223,9162538.000000,-4039912.000000,-30.599714,1041523.098300,-503211.677400,-32.575927,3964461.000000,450899.397300,590623.701000,43.292309,78752750.000000,9085311.791277,152988.000000,0.194642,-97430.807387,-1.061021,1.243200,0.000000,0.000000,55.420000,44.580000,1.856800,-0.002200,-0.118343,65.000000,35.000000,1.032500,-0.002100,-0.202977,50.800000,49.200000,binance_kline_quote_asset_volume,0.000000,0.000000,0.000000,0.000000,OK
241,2026-06-08 01:30:00 UTC,OPNUSDT,0.112800,0.114200,0.112400,0.113400,0.000600,0.531915,0.531915,1.595745,44.098177,6997,-5292,-43.062902,4596346.000000,-4566192.000000,-49.835450,520354.710100,-521168.388200,-50.039062,2427165.000000,274926.240200,245428.469900,52.834391,78063459.000000,8815618.993796,-689291.000000,-0.875260,-269692.797482,-2.968448,1.252300,0.009100,0.731982,55.600000,44.400000,1.842900,-0.013900,-0.748600,64.820000,35.180000,1.041600,0.009100,0.881356,51.020000,48.980000,binance_kline_quote_asset_volume,0.000000,0.000000,0.000000,0.000000,OK
242,2026-06-08 01:45:00 UTC,OPNUSDT,0.113400,0.115200,0.113300,0.113800,0.000400,0.352734,0.352734,1.675485,45.273062,7296,299,4.273260,4828465.000000,232119.000000,5.050077,550679.794200,30325.084100,5.827772,2177271.000000,248438.082700,302241.711500,45.114799,78404724.000000,8887558.864500,341265.000000,0.437164,71939.870704,0.816050,1.245700,-0.006600,-0.527030,55.470000,44.530000,1.840600,-0.002300,-0.124803,64.800000,35.200000,1.037500,-0.004100,-0.393625,50.920000,49.080000,binance_kline_quote_asset_volume,0.000000,0.000000,0.000000,0.000000,OK
243,2026-06-08 02:00:00 UTC,OPNUSDT,0.113800,0.114000,0.110800,0.112200,-0.001600,-1.405975,-1.405975,2.811951,41.514561,9185,1889,25.890899,6463118.000000,1634653.000000,33.854507,725822.671000,175142.876800,31.804849,2765714.000000,310787.917100,415034.753900,42.818712,78532934.000000,8937047.889200,128210.000000,0.163523,49489.024700,0.556835,1.250700,0.005000,0.401381,55.570000,44.430000,1.852000,0.011400,0.619363,64.940000,35.060000,1.045800,0.008300,0.800000,51.120000,48.880000,binance_kline_quote_asset_volume,0.000000,0.000000,0.000000,0.000000,OK
244,2026-06-08 02:15:00 UTC,OPNUSDT,0.112100,0.112600,0.111300,0.112000,-0.000200,-0.178253,-0.089206,1.159679,41.055740,4772,-4413,-48.045727,3527835.000000,-2935283.000000,-45.415897,394898.655800,-330924.015200,-45.592957,1948992.000000,218235.511200,176663.144600,55.263675,79204650.000000,8886761.730000,671716.000000,0.855330,-50286.159200,-0.562671,1.251700,0.001000,0.079955,55.590000,44.410000,1.847400,-0.004600,-0.248380,64.880000,35.120000,1.034600,-0.011200,-1.070950,50.850000,49.150000,binance_kline_quote_asset_volume,0.000000,0.000000,0.000000,0.000000,OK
245,2026-06-08 02:30:00 UTC,OPNUSDT,0.111900,0.112300,0.110700,0.111200,-0.000800,-0.714286,-0.625559,1.429848,39.189951,5730,958,20.075440,4474276.000000,946441.000000,26.827814,497826.307900,102927.652100,26.064321,2022187.000000,225125.820000,272700.487900,45.221760,79827352.000000,8944024.953793,622702.000000,0.786194,57263.223793,0.644365,1.250200,-0.001500,-0.119837,55.560000,44.440000,1.845600,-0.001800,-0.097434,64.860000,35.140000,1.033300,-0.001300,-0.125652,50.820000,49.180000,binance_kline_quote_asset_volume,0.000000,0.000000,0.000000,0.000000,OK
246,2026-06-08 02:45:00 UTC,OPNUSDT,0.111300,0.111800,0.108200,0.109300,-0.001900,-1.708633,-1.796945,3.234501,35.109051,10041,4311,75.235602,8097475.000000,3623199.000000,80.978442,889689.236600,391862.928700,78.714789,2917864.000000,320823.883500,568865.353100,36.060219,79699546.000000,8870892.613902,-127806.000000,-0.160103,-73132.339890,-0.817667,1.259400,0.009200,0.735882,55.740000,44.260000,1.828600,-0.017000,-0.921110,64.650000,35.350000,1.037100,0.003800,0.367754,50.910000,49.090000,binance_kline_quote_asset_volume,0.000000,0.000000,0.000000,0.000000,OK
247,2026-06-08 03:00:00 UTC,OPNUSDT,0.109300,0.110900,0.108700,0.110500,0.001200,1.097896,1.097896,2.012809,39.401041,9290,-751,-7.479335,6512979.000000,-1584496.000000,-19.567779,714775.986700,-174913.249900,-19.660039,3047511.000000,334640.849600,380135.137100,46.817584,79790032.000000,8722590.445218,90486.000000,0.113534,-148302.168685,-1.671784,1.274800,0.015400,1.222805,56.040000,43.960000,1.792700,-0.035900,-1.963251,64.190000,35.810000,1.033800,-0.003300,-0.318195,50.830000,49.170000,binance_kline_quote_asset_volume,0.000000,0.000000,0.000000,0.000000,OK
248,2026-06-08 03:15:00 UTC,OPNUSDT,0.110500,0.111300,0.110100,0.111000,0.000500,0.452489,0.452489,1.085973,41.147713,5553,-3737,-40.226050,3918091.000000,-2594888.000000,-39.841799,433942.148900,-280833.837800,-39.289770,2157276.000000,239001.566700,194940.582200,55.076827,80136319.000000,8855063.249500,346287.000000,0.433998,132472.804282,1.518732,1.260900,-0.013900,-1.090367,55.770000,44.230000,1.811200,0.018500,1.031963,64.430000,35.570000,1.028800,-0.005000,-0.483653,50.710000,49.290000,binance_kline_quote_asset_volume,0.000000,0.000000,0.000000,0.000000,OK
249,2026-06-08 03:30:00 UTC,OPNUSDT,0.111100,0.111100,0.106100,0.107400,-0.003600,-3.243243,-3.330333,4.500450,33.631351,15587,10034,180.695120,14761416.000000,10843325.000000,276.750208,1595000.188100,1161058.039200,267.560559,5817269.000000,628766.038000,966234.150100,39.421064,80800905.000000,8971577.388983,664586.000000,0.829319,116514.139483,1.315791,1.263000,0.002100,0.166548,55.810000,44.190000,1.821500,0.010300,0.568684,64.560000,35.440000,1.032900,0.004100,0.398523,50.810000,49.190000,binance_kline_quote_asset_volume,0.000000,0.000000,0.000000,0.000000,OK
250,2026-06-08 03:45:00 UTC,OPNUSDT,0.107500,0.108800,0.106300,0.107800,0.000400,0.372439,0.279070,2.325581,35.050986,7664,-7923,-50.830821,5481958.000000,-9279458.000000,-62.862926,590001.883200,-1004998.304900,-63.009291,2867429.000000,308790.403800,281211.479400,52.337190,81560663.000000,8760819.857193,759758.000000,0.940284,-210757.531790,-2.349169,1.287800,0.024800,1.963579,56.290000,43.710000,1.728000,-0.093500,-5.133132,63.340000,36.660000,1.042100,0.009200,0.890696,51.030000,48.970000,binance_kline_quote_asset_volume,0.000000,0.000000,0.000000,0.000000,OK
251,2026-06-08 04:00:00 UTC,OPNUSDT,0.107800,0.108100,0.106400,0.106900,-0.000900,-0.834879,-0.834879,1.576994,33.323814,8185,521,6.798017,5294052.000000,-187906.000000,-3.427717,567282.218500,-22719.664700,-3.850778,2324692.000000,249126.470800,318155.747700,43.915791,82189025.000000,8864048.539299,628362.000000,0.770423,103228.682106,1.178299,1.276900,-0.010900,-0.846405,56.080000,43.920000,1.710400,-0.017600,-1.018519,63.100000,36.900000,1.039200,-0.002900,-0.278284,50.960000,49.040000,binance_kline_quote_asset_volume,0.000000,0.000000,0.000000,0.000000,OK
252,2026-06-08 04:15:00 UTC,OPNUSDT,0.106900,0.108000,0.106400,0.107000,0.000100,0.093545,0.093545,1.496726,33.714651,5534,-2651,-32.388516,4144529.000000,-1149523.000000,-21.713481,443856.558300,-123425.660200,-21.757365,2035276.000000,218115.101600,225741.456700,49.140899,82761547.000000,8847209.374300,572522.000000,0.696592,-16839.164999,-0.189971,1.265000,-0.011900,-0.931945,55.850000,44.150000,1.715300,0.004900,0.286483,63.170000,36.830000,1.036200,-0.003000,-0.288684,50.890000,49.110000,binance_kline_quote_asset_volume,0.000000,0.000000,0.000000,0.000000,OK
253,2026-06-08 04:30:00 UTC,OPNUSDT,0.107000,0.108200,0.106900,0.107100,0.000100,0.093458,0.093458,1.214953,34.130459,6794,1260,22.768341,5284642.000000,1140113.000000,27.508868,568737.860500,124881.302200,28.135509,2568463.000000,276527.239100,292210.621400,48.621212,83245542.000000,8914013.385536,483995.000000,0.584807,66804.011236,0.755086,1.262400,-0.002600,-0.205534,55.800000,44.200000,1.723900,0.008600,0.501370,63.290000,36.710000,1.036200,0.000000,0.000000,50.890000,49.110000,binance_kline_quote_asset_volume,0.000000,0.000000,0.000000,0.000000,OK
254,2026-06-08 04:45:00 UTC,OPNUSDT,0.107100,0.108000,0.106800,0.107300,0.000200,0.186741,0.186741,1.120448,35.008565,4477,-2317,-34.103621,3225359.000000,-2059283.000000,-38.967313,346375.120300,-222362.740200,-39.097580,1470004.000000,157900.214100,188474.906200,45.586477,83288835.000000,8930528.728506,43293.000000,0.052006,16515.342970,0.185274,1.259900,-0.002500,-0.198035,55.750000,44.250000,1.725600,0.001700,0.098614,63.310000,36.690000,1.042100,0.005900,0.569388,51.030000,48.970000,binance_kline_quote_asset_volume,0.000000,0.000000,0.000000,0.000000,OK
255,2026-06-08 05:00:00 UTC,OPNUSDT,0.107200,0.107300,0.103100,0.105600,-0.001700,-1.584343,-1.492537,3.917910,31.201101,20684,16207,362.005807,16906643.000000,13681284.000000,424.178642,1773913.895300,1427538.775000,412.136638,7288411.000000,765285.852100,1008628.043200,43.141093,83349883.000000,8943442.445900,61048.000000,0.073297,12913.717394,0.144602,1.269600,0.009700,0.769902,55.940000,44.060000,1.718400,-0.007200,-0.417246,63.210000,36.790000,1.055900,0.013800,1.324249,51.360000,48.640000,binance_kline_quote_asset_volume,0.000000,0.000000,0.000000,0.000000,OK
256,2026-06-08 05:15:00 UTC,OPNUSDT,0.105600,0.107000,0.105400,0.106200,0.000600,0.568182,0.568182,1.515152,33.932206,6365,-14319,-69.227422,4851545.000000,-12055098.000000,-71.303913,515228.520900,-1258685.374400,-70.955269,2492907.000000,264883.787800,250344.733100,51.410933,85073698.000000,8985242.373458,1723815.000000,2.068167,41799.927558,0.467381,1.258900,-0.010700,-0.842785,55.730000,44.270000,1.656200,-0.062200,-3.619646,62.350000,37.650000,1.045000,-0.010900,-1.032295,51.100000,48.900000,binance_kline_quote_asset_volume,0.000000,0.000000,0.000000,0.000000,OK
257,2026-06-08 05:30:00 UTC,OPNUSDT,0.106200,0.106200,0.101200,0.103500,-0.002700,-2.542373,-2.542373,4.708098,28.457606,20109,13744,215.930872,17791768.000000,12940223.000000,266.723755,1838096.385200,1322867.864300,256.753617,7248639.000000,749755.554800,1088340.830400,40.789785,85311485.000000,9060705.040185,237787.000000,0.279507,75462.666727,0.839851,1.260400,0.001500,0.119152,55.760000,44.240000,1.677700,0.021500,1.298152,62.650000,37.350000,1.039200,-0.005800,-0.555024,50.960000,49.040000,binance_kline_quote_asset_volume,0.000000,0.000000,0.000000,0.000000,OK
258,2026-06-08 05:45:00 UTC,OPNUSDT,0.103400,0.104800,0.103100,0.104000,0.000500,0.483092,0.580271,1.644101,30.687791,7653,-12456,-61.942414,6177292.000000,-11614476.000000,-65.280055,641988.765700,-1196107.619500,-65.073172,3118965.000000,324351.994200,317636.771500,50.523002,86321667.000000,8935669.365089,1010182.000000,1.184110,-125035.675096,-1.379977,1.251200,-0.009200,-0.729927,55.580000,44.420000,1.637500,-0.040200,-2.396138,62.080000,37.920000,1.026800,-0.012400,-1.193226,50.660000,49.340000,binance_kline_quote_asset_volume,0.000000,0.000000,0.000000,0.000000,OK
259,2026-06-08 06:00:00 UTC,OPNUSDT,0.104000,0.105700,0.104000,0.105000,0.001000,0.961538,0.961538,1.634615,35.048728,6998,-655,-8.558735,5802226.000000,-375066.000000,-6.071690,609297.620800,-32691.144900,-5.092168,2890552.000000,303499.088700,305798.532100,49.811304,86518760.000000,9004320.551111,197093.000000,0.228324,68651.186023,0.768283,1.250200,-0.001000,-0.079923,55.560000,44.440000,1.643800,0.006300,0.384733,62.180000,37.820000,1.032100,0.005300,0.516167,50.790000,49.210000,binance_kline_quote_asset_volume,0.000000,0.000000,0.000000,0.000000,OK
260,2026-06-08 06:15:00 UTC,OPNUSDT,0.105000,0.108200,0.105000,0.107700,0.002700,2.571429,2.571429,3.047619,45.093544,9669,2671,38.168048,8798397.000000,2996171.000000,51.638302,939952.464700,330654.843900,54.268199,5077069.000000,542507.665200,397444.799500,57.716500,86911822.000000,9143490.442289,393062.000000,0.454308,139169.891178,1.545590,1.249200,-0.001000,-0.079987,55.540000,44.460000,1.648100,0.004300,0.261589,62.240000,37.760000,1.028800,-0.003300,-0.319736,50.710000,49.290000,binance_kline_quote_asset_volume,0.000000,0.000000,0.000000,0.000000,OK
261,2026-06-08 06:30:00 UTC,OPNUSDT,0.107800,0.108000,0.106600,0.107400,-0.000300,-0.278552,-0.371058,1.298701,44.274235,5540,-4129,-42.703485,4248603.000000,-4549794.000000,-51.711624,455938.463600,-484014.001100,-51.493455,1994272.000000,214154.197100,241784.266500,46.969978,87286998.000000,9418267.084200,375176.000000,0.431674,274776.641911,3.005161,1.243200,-0.006000,-0.480307,55.420000,44.580000,1.637700,-0.010400,-0.631030,62.090000,37.910000,1.040400,0.011600,1.127527,50.990000,49.010000,binance_kline_quote_asset_volume,0.000000,0.000000,0.000000,0.000000,OK
262,2026-06-08 06:45:00 UTC,OPNUSDT,0.107400,0.107400,0.104400,0.105200,-0.002200,-2.048417,-2.048417,2.793296,38.718542,6676,1136,20.505415,6857920.000000,2609317.000000,61.415882,725129.330100,269190.866500,59.041052,2533666.000000,267900.505100,457228.825000,36.945203,87065421.000000,9350826.215400,-221577.000000,-0.253849,-67440.868800,-0.716065,1.239100,-0.004100,-0.329794,55.340000,44.660000,1.645400,0.007700,0.470172,62.200000,37.800000,1.032900,-0.007500,-0.720877,50.810000,49.190000,binance_kline_quote_asset_volume,0.000000,0.000000,0.000000,0.000000,OK
263,2026-06-08 07:00:00 UTC,OPNUSDT,0.105100,0.106400,0.104000,0.105700,0.000500,0.475285,0.570885,2.283539,40.544583,8113,1437,21.524865,7437724.000000,579804.000000,8.454517,781196.311400,56066.981300,7.731997,3638882.000000,382329.338800,398866.972600,48.941519,86754441.000000,9116122.826048,-310980.000000,-0.357180,-234703.389352,-2.509975,1.238100,-0.001000,-0.080704,55.320000,44.680000,1.653200,0.007800,0.474049,62.310000,37.690000,1.021400,-0.011500,-1.113370,50.530000,49.470000,binance_kline_quote_asset_volume,0.000000,0.000000,0.000000,0.000000,OK
264,2026-06-08 07:15:00 UTC,OPNUSDT,0.105700,0.107400,0.105500,0.107200,0.001500,1.419111,1.419111,1.797540,45.765680,4993,-3120,-38.456798,4599155.000000,-2838569.000000,-38.164484,490854.330700,-290341.980700,-37.166328,2663330.000000,284300.889100,206553.441600,57.919605,86947549.000000,9199674.967602,193108.000000,0.222591,83552.141554,0.916532,1.235100,-0.003000,-0.242307,55.260000,44.740000,1.655400,0.002200,0.133075,62.340000,37.660000,1.022700,0.001300,0.127276,50.560000,49.440000,binance_kline_quote_asset_volume,0.000000,0.000000,0.000000,0.000000,OK
265,2026-06-08 07:30:00 UTC,OPNUSDT,0.107200,0.108000,0.106900,0.107800,0.000600,0.559701,0.559701,1.026119,47.742484,4935,-58,-1.161626,5017408.000000,418253.000000,9.094127,539631.770300,48777.439600,9.937254,2538630.000000,273118.980200,266512.790100,50.612102,86922614.000000,9318104.220800,-24935.000000,-0.028678,118429.253198,1.287320,1.241100,0.006000,0.485791,55.380000,44.620000,1.661400,0.006000,0.362450,62.430000,37.570000,1.031300,0.008600,0.840911,50.770000,49.230000,binance_kline_quote_asset_volume,0.000000,0.000000,0.000000,0.000000,OK
266,2026-06-08 07:45:00 UTC,OPNUSDT,0.107900,0.109300,0.106900,0.108500,0.000700,0.649351,0.556070,2.224282,50.030837,8026,3091,62.634245,7037538.000000,2020130.000000,40.262422,761313.261700,221681.491400,41.080141,3700177.000000,400463.735300,360849.526400,52.601702,87405334.000000,9428236.819805,482720.000000,0.555345,110132.599005,1.181921,1.243200,0.002100,0.169205,55.420000,44.580000,1.676700,0.015300,0.920910,62.640000,37.360000,1.034200,0.002900,0.281198,50.840000,49.160000,binance_kline_quote_asset_volume,0.000000,0.000000,0.000000,0.000000,OK
267,2026-06-08 08:00:00 UTC,OPNUSDT,0.108500,0.109300,0.106900,0.107200,-0.001300,-1.198157,-1.198157,2.211982,46.001989,8463,437,5.444804,6922883.000000,-114655.000000,-1.629192,749366.082800,-11947.178900,-1.569286,3007590.000000,325900.170600,423465.912200,43.490115,87663442.000000,9513890.695117,258108.000000,0.295300,85653.875312,0.908482,1.252300,0.009100,0.731982,55.600000,44.400000,1.682500,0.005800,0.345918,62.720000,37.280000,1.047500,0.013300,1.286018,51.160000,48.840000,binance_kline_quote_asset_volume,0.000000,0.000000,0.000000,0.000000,OK
268,2026-06-08 08:15:00 UTC,OPNUSDT,0.107200,0.107600,0.105600,0.107000,-0.000200,-0.186567,-0.186567,1.865672,45.396320,6535,-1928,-22.781520,6574197.000000,-348686.000000,-5.036717,701393.855900,-47972.226900,-6.401708,2526023.000000,269662.911400,431730.944500,38.446717,87414661.000000,9385131.718221,-248781.000000,-0.283791,-128758.976896,-1.353379,1.267600,0.015300,1.221752,55.900000,44.100000,1.670400,-0.012100,-0.719168,62.550000,37.450000,1.058500,0.011000,1.050119,51.420000,48.580000,binance_kline_quote_asset_volume,0.000000,0.000000,0.000000,0.000000,OK
269,2026-06-08 08:30:00 UTC,OPNUSDT,0.107000,0.107900,0.105300,0.105900,-0.001100,-1.028037,-1.028037,2.429907,42.112237,5619,-916,-14.016832,5186503.000000,-1387694.000000,-21.108190,551883.519200,-149510.336700,-21.316174,2517408.000000,268198.697400,283684.821800,48.596975,87627254.000000,9381883.803858,212593.000000,0.243201,-3247.914363,-0.034607,1.276900,0.009300,0.733670,56.080000,43.920000,1.689100,0.018700,1.119492,62.810000,37.190000,1.058000,-0.000500,-0.047237,51.410000,48.590000,binance_kline_quote_asset_volume,0.000000,0.000000,0.000000,0.000000,OK
270,2026-06-08 08:45:00 UTC,OPNUSDT,0.106000,0.106100,0.104700,0.105400,-0.000500,-0.472144,-0.566038,1.320755,40.671945,5286,-333,-5.926321,5076770.000000,-109733.000000,-2.115742,535008.647100,-16874.872100,-3.057687,2327050.000000,245375.428700,289633.218400,45.863825,88119190.000000,9340634.140000,491936.000000,0.561396,-41249.663858,-0.439674,1.277900,0.001000,0.078315,56.100000,43.900000,1.690600,0.001500,0.088805,62.830000,37.170000,1.058500,0.000500,0.047259,51.420000,48.580000,binance_kline_quote_asset_volume,0.000000,0.000000,0.000000,0.000000,OK
271,2026-06-08 09:00:00 UTC,OPNUSDT,0.105400,0.106500,0.105100,0.106300,0.000900,0.853890,0.853890,1.328273,44.360710,4604,-682,-12.902005,3325359.000000,-1751411.000000,-34.498530,351648.833800,-183359.813300,-34.272308,1787602.000000,189101.545300,162547.288500,53.775678,88898337.000000,9379975.570033,779147.000000,0.884197,39341.430033,0.421186,1.271700,-0.006200,-0.485171,55.980000,44.020000,1.701900,0.011300,0.668402,62.990000,37.010000,1.053800,-0.004700,-0.444025,51.310000,48.690000,binance_kline_quote_asset_volume,0.000000,0.000000,0.000000,0.000000,OK
272,2026-06-08 09:15:00 UTC,OPNUSDT,0.106300,0.107400,0.105200,0.105500,-0.000800,-0.752587,-0.752587,2.069614,41.868739,5620,1016,22.067767,4416493.000000,1091134.000000,32.812517,470591.254300,118942.420500,33.824204,1993623.000000,212587.145700,258004.108600,45.174479,89426840.000000,9515015.776000,528503.000000,0.594503,135040.205967,1.439665,1.285200,0.013500,1.061571,56.240000,43.760000,1.705600,0.003700,0.217404,63.040000,36.960000,1.066100,0.012300,1.167204,51.600000,48.400000,binance_kline_quote_asset_volume,0.000000,0.000000,0.000000,0.000000,OK
273,2026-06-08 09:30:00 UTC,OPNUSDT,0.105500,0.106100,0.104800,0.105500,0.000000,0.000000,0.000000,1.232227,41.868739,4674,-946,-16.832740,3438099.000000,-978394.000000,-22.153188,362672.701600,-107918.552700,-22.932545,1737065.000000,183326.942100,179345.759500,50.548867,89198441.000000,9412654.782712,-228399.000000,-0.255403,-102360.993288,-1.075784,1.285700,0.000500,0.038904,56.250000,43.750000,1.699300,-0.006300,-0.369371,62.950000,37.050000,1.072100,0.006000,0.562799,51.740000,48.260000,binance_kline_quote_asset_volume,0.000000,0.000000,0.000000,0.000000,OK
274,2026-06-08 09:45:00 UTC,OPNUSDT,0.105600,0.107100,0.105000,0.106800,0.001300,1.232227,1.136364,1.988636,47.433844,4575,-99,-2.118100,3864667.000000,426568.000000,12.407089,408693.865200,46021.163600,12.689448,1848804.000000,195864.308600,212829.556600,47.924455,89422663.000000,9442696.089360,224222.000000,0.251374,30041.306648,0.319159,1.282600,-0.003100,-0.241114,56.190000,43.810000,1.700300,0.001000,0.058848,62.970000,37.030000,1.072100,0.000000,0.000000,51.740000,48.260000,binance_kline_quote_asset_volume,0.000000,0.000000,0.000000,0.000000,OK
275,2026-06-08 10:00:00 UTC,OPNUSDT,0.106700,0.107900,0.106200,0.107200,0.000400,0.374532,0.468604,1.593252,49.050093,6051,1476,32.262295,4874480.000000,1009813.000000,26.129366,522217.431300,113523.566100,27.777164,2514090.000000,269446.920500,252770.510800,51.596692,89596291.000000,9575595.536959,173628.000000,0.194166,132899.447598,1.407431,1.285200,0.002600,0.202713,56.240000,43.760000,1.709600,0.009300,0.546962,63.090000,36.910000,1.074300,0.002200,0.205205,51.790000,48.210000,binance_kline_quote_asset_volume,0.000000,0.000000,0.000000,0.000000,OK
276,2026-06-08 10:15:00 UTC,OPNUSDT,0.107300,0.107400,0.106000,0.107000,-0.000200,-0.186567,-0.279590,1.304753,48.251243,3520,-2531,-41.827797,2208048.000000,-2666432.000000,-54.701876,235236.345900,-286981.085400,-54.954329,997002.000000,106267.033000,128969.312900,45.174581,90095557.000000,9660942.072332,499266.000000,0.557240,85346.535373,0.891292,1.289400,0.004200,0.326797,56.320000,43.680000,1.707900,-0.001700,-0.099438,63.070000,36.930000,1.079400,0.005100,0.474728,51.910000,48.090000,binance_kline_quote_asset_volume,0.000000,0.000000,0.000000,0.000000,OK
277,2026-06-08 10:30:00 UTC,OPNUSDT,0.107000,0.108000,0.106400,0.106700,-0.000300,-0.280374,-0.280374,1.495327,47.014351,5244,1724,48.977273,3385191.000000,1177143.000000,53.311477,362588.220900,127351.875000,54.137839,1678322.000000,179855.309000,182732.911900,49.603186,90228198.000000,9656260.548085,132641.000000,0.147223,-4681.524247,-0.048458,1.291500,0.002100,0.162866,56.360000,43.640000,1.712100,0.004200,0.245916,63.130000,36.870000,1.078600,-0.000800,-0.074115,51.890000,48.110000,binance_kline_quote_asset_volume,0.000000,0.000000,0.000000,0.000000,OK
278,2026-06-08 10:45:00 UTC,OPNUSDT,0.106600,0.106700,0.105100,0.106000,-0.000700,-0.656045,-0.562852,1.500938,44.169206,4760,-484,-9.229596,4062306.000000,677115.000000,20.002269,429832.838700,67244.617800,18.545726,1871102.000000,198026.527800,231806.310900,46.070591,90443629.000000,9650335.214300,215431.000000,0.238762,-5925.333785,-0.061363,1.291500,0.000000,0.000000,56.360000,43.640000,1.711100,-0.001000,-0.058408,63.120000,36.880000,1.084200,0.005600,0.519192,52.020000,47.980000,binance_kline_quote_asset_volume,0.000000,0.000000,0.000000,0.000000,OK
279,2026-06-08 11:00:00 UTC,OPNUSDT,0.106000,0.107100,0.105300,0.105900,-0.000100,-0.094340,-0.094340,1.698113,43.761774,6267,1507,31.659664,5191544.000000,1129238.000000,27.797955,551542.400000,121709.561300,28.315557,2712672.000000,288229.267800,263313.132200,52.258769,90667395.000000,9606633.916985,223766.000000,0.247409,-43701.297315,-0.452847,1.297300,0.005800,0.449090,56.470000,43.530000,1.713500,0.002400,0.140261,63.150000,36.850000,1.080700,-0.003500,-0.322819,51.940000,48.060000,binance_kline_quote_asset_volume,0.000000,0.000000,0.000000,0.000000,OK
280,2026-06-08 11:15:00 UTC,OPNUSDT,0.105900,0.107300,0.105800,0.107100,0.001200,1.133144,1.133144,1.416431,49.751721,4060,-2207,-35.216212,3163800.000000,-2027744.000000,-39.058592,337489.888700,-214052.511300,-38.809802,1613027.000000,172095.631800,165394.256900,50.992826,91046242.000000,9643591.549230,378847.000000,0.417843,36957.632245,0.384709,1.294100,-0.003200,-0.246666,56.410000,43.590000,1.696400,-0.017100,-0.997957,62.910000,37.090000,1.088600,0.007900,0.731008,52.120000,47.880000,binance_kline_quote_asset_volume,0.000000,0.000000,0.000000,0.000000,OK
281,2026-06-08 11:30:00 UTC,OPNUSDT,0.107000,0.107100,0.106200,0.106300,-0.000800,-0.746965,-0.654206,0.841121,46.217519,3907,-153,-3.768473,2829128.000000,-334672.000000,-10.578165,301844.878800,-35645.009900,-10.561801,1347744.000000,143855.176400,157989.702400,47.658644,91275624.000000,9775619.330400,229382.000000,0.251940,132027.781170,1.369073,1.298300,0.004200,0.324550,56.490000,43.510000,1.703300,0.006900,0.406744,63.010000,36.990000,1.092900,0.004300,0.395003,52.220000,47.780000,binance_kline_quote_asset_volume,0.000000,0.000000,0.000000,0.000000,OK
282,2026-06-08 11:45:00 UTC,OPNUSDT,0.106300,0.106700,0.105000,0.105800,-0.000500,-0.470367,-0.470367,1.599247,44.108547,4654,747,19.119529,4469398.000000,1640270.000000,57.977935,472400.012800,170555.134000,56.504233,1922790.000000,203379.641800,269020.371000,43.052421,91750123.000000,9763435.198838,474499.000000,0.519853,-12184.131562,-0.124638,1.303600,0.005300,0.408226,56.590000,43.410000,1.704000,0.000700,0.041097,63.020000,36.980000,1.097800,0.004900,0.448348,52.330000,47.670000,binance_kline_quote_asset_volume,0.000000,0.000000,0.000000,0.000000,OK
283,2026-06-08 12:00:00 UTC,OPNUSDT,0.105600,0.106100,0.104600,0.105000,-0.000800,-0.756144,-0.568182,1.420455,40.893254,6396,1742,37.430168,5989360.000000,1519962.000000,34.008204,631374.031900,158974.019100,33.652416,3082302.000000,325055.423100,306318.608800,51.483813,92099601.000000,9727995.488733,349478.000000,0.380902,-35439.710106,-0.362984,1.310500,0.006900,0.529303,56.720000,43.280000,1.702000,-0.002000,-0.117371,62.990000,37.010000,1.105700,0.007900,0.719621,52.510000,47.490000,binance_kline_quote_asset_volume,0.000000,0.000000,0.000000,0.000000,OK
284,2026-06-08 12:15:00 UTC,OPNUSDT,0.105000,0.107000,0.105000,0.106800,0.001800,1.714286,1.714286,1.904762,49.766081,4988,-1408,-22.013759,4403958.000000,-1585402.000000,-26.470307,468775.711300,-162598.320600,-25.753090,2205975.000000,234678.492300,234097.219000,50.061999,92862495.000000,9778420.723500,762894.000000,0.828336,50425.234767,0.518352,1.321300,0.010800,0.824113,56.920000,43.080000,1.684200,-0.017800,-1.045828,62.750000,37.250000,1.113700,0.008000,0.723524,52.690000,47.310000,binance_kline_quote_asset_volume,0.000000,0.000000,0.000000,0.000000,OK
285,2026-06-08 12:30:00 UTC,OPNUSDT,0.106800,0.118600,0.106700,0.113800,0.007000,6.554307,6.554307,11.142322,69.156820,47241,42253,847.093023,39537233.000000,35133275.000000,797.765896,4480555.348800,4011779.637500,855.799381,20491248.000000,2318964.913100,2161590.435700,51.756194,93100265.000000,9952728.352382,237770.000000,0.256045,174307.628882,1.782574,1.322300,0.001000,0.075683,56.940000,43.060000,1.691900,0.007700,0.457190,62.850000,37.150000,1.112800,-0.000900,-0.080812,52.670000,47.330000,binance_kline_quote_asset_volume,0.000000,0.000000,0.000000,0.000000,OK
286,2026-06-08 12:45:00 UTC,OPNUSDT,0.113900,0.113900,0.109100,0.112200,-0.001600,-1.405975,-1.492537,4.214223,63.155900,17935,-29306,-62.035097,14509611.000000,-25027622.000000,-63.301400,1624741.777200,-2855813.571600,-63.737938,6722940.000000,753350.317700,871391.459500,46.367388,89570310.000000,10202058.309000,-3529955.000000,-3.791563,249329.956618,2.505142,1.343600,0.021300,1.610830,57.330000,42.670000,1.805500,0.113600,6.714345,64.360000,35.640000,1.131700,0.018900,1.698418,53.090000,46.910000,binance_kline_quote_asset_volume,0.000000,0.000000,0.000000,0.000000,OK
287,2026-06-08 13:00:00 UTC,OPNUSDT,0.112100,0.113400,0.110200,0.111300,-0.000900,-0.802139,-0.713649,2.854594,60.001945,13326,-4609,-25.698355,11840905.000000,-2668706.000000,-18.392678,1323477.313700,-301264.463500,-18.542298,5648050.000000,631437.479200,692039.834500,47.710488,89467891.000000,10020403.792000,-102419.000000,-0.114345,-181654.517000,-1.780567,1.340800,-0.002800,-0.208395,57.280000,42.720000,1.794800,-0.010700,-0.592634,64.220000,35.780000,1.134000,0.002300,0.203234,53.140000,46.860000,binance_kline_quote_asset_volume,0.000000,0.000000,0.000000,0.000000,OK
288,2026-06-08 13:15:00 UTC,OPNUSDT,0.111400,0.112900,0.108800,0.110800,-0.000500,-0.449236,-0.538600,3.680431,58.261209,10984,-2342,-17.574666,10185159.000000,-1655746.000000,-13.983272,1131049.614600,-192427.699100,-14.539554,4411846.000000,490570.459000,640479.155600,43.373027,90136405.000000,10041195.517000,668514.000000,0.747211,20791.725000,0.207494,1.334300,-0.006500,-0.484785,57.160000,42.840000,1.795700,0.000900,0.050145,64.230000,35.770000,1.130400,-0.003600,-0.317460,53.060000,46.940000,binance_kline_quote_asset_volume,0.000000,0.000000,0.000000,0.000000,OK
289,2026-06-08 13:30:00 UTC,OPNUSDT,0.110700,0.112200,0.108600,0.109200,-0.001600,-1.444043,-1.355014,3.252033,52.965817,9880,-1104,-10.050983,9424446.000000,-760713.000000,-7.468838,1040730.203100,-90319.411500,-7.985451,4244493.000000,469160.164900,571570.038200,45.079903,90293964.000000,10006863.774946,157559.000000,0.174801,-34331.742054,-0.341909,1.352400,0.018100,1.356517,57.490000,42.510000,1.807400,0.011700,0.651556,64.380000,35.620000,1.141800,0.011400,1.008493,53.310000,46.690000,binance_kline_quote_asset_volume,0.000000,0.000000,0.000000,0.000000,OK
290,2026-06-08 13:45:00 UTC,OPNUSDT,0.109200,0.111200,0.108600,0.110700,0.001500,1.373626,1.373626,2.380952,56.919112,6531,-3349,-33.896761,5606826.000000,-3817620.000000,-40.507633,616664.539200,-424065.663900,-40.746935,3043022.000000,334812.423700,281852.115500,54.294094,90255886.000000,9855942.751200,-38078.000000,-0.042171,-150921.023746,-1.508175,1.347400,-0.005000,-0.369713,57.400000,42.600000,1.819900,0.012500,0.691601,64.540000,35.460000,1.139500,-0.002300,-0.201436,53.260000,46.740000,binance_kline_quote_asset_volume,0.000000,0.000000,0.000000,0.000000,OK
291,2026-06-08 14:00:00 UTC,OPNUSDT,0.110600,0.111400,0.109200,0.111200,0.000500,0.451671,0.542495,1.989150,58.180892,6497,-34,-0.520594,5014681.000000,-592145.000000,-10.561145,552356.820000,-64307.719200,-10.428315,2773600.000000,305703.155600,246653.664400,55.345231,90552589.000000,10024171.602300,296703.000000,0.328735,168228.851100,1.706877,1.341900,-0.005500,-0.408194,57.300000,42.700000,1.821800,0.001900,0.104401,64.560000,35.440000,1.138100,-0.001400,-0.122861,53.230000,46.770000,binance_kline_quote_asset_volume,0.000000,0.000000,0.000000,0.000000,OK
292,2026-06-08 14:15:00 UTC,OPNUSDT,0.111200,0.111700,0.109700,0.109800,-0.001400,-1.258993,-1.258993,1.798561,53.459533,5596,-901,-13.867939,4507143.000000,-507538.000000,-10.121043,497902.548200,-54454.271800,-9.858532,1938028.000000,214126.129300,283776.418900,43.005630,91087339.000000,10148901.213344,534750.000000,0.590541,124729.611044,1.244288,1.339200,-0.002700,-0.201207,57.250000,42.750000,1.816300,-0.005500,-0.301899,64.490000,35.510000,1.133600,-0.004500,-0.395396,53.130000,46.870000,binance_kline_quote_asset_volume,0.000000,0.000000,0.000000,0.000000,OK
293,2026-06-08 14:30:00 UTC,OPNUSDT,0.109800,0.110100,0.106500,0.109700,-0.000100,-0.091075,-0.091075,3.278689,53.127894,13076,7480,133.666905,10612901.000000,6105758.000000,135.468477,1154220.107100,656317.558900,131.816469,4532468.000000,493855.326500,660364.780600,42.786928,91334288.000000,10037638.251200,246949.000000,0.271112,-111262.962144,-1.096305,1.338600,-0.000600,-0.044803,57.240000,42.760000,1.806300,-0.010000,-0.550570,64.370000,35.630000,1.139000,0.005400,0.476359,53.250000,46.750000,binance_kline_quote_asset_volume,0.000000,0.000000,0.000000,0.000000,OK
294,2026-06-08 14:45:00 UTC,OPNUSDT,0.109700,0.109900,0.108200,0.109100,-0.000600,-0.546946,-0.546946,1.549681,51.080362,6620,-6456,-49.372897,4850162.000000,-5762739.000000,-54.299376,528226.847500,-625993.259600,-54.235172,2168134.000000,236218.827700,292008.019800,44.719201,90252149.000000,9908269.903982,-1082139.000000,-1.184811,-129368.347218,-1.288833,1.339200,0.000600,0.044823,57.250000,42.750000,1.834300,0.028000,1.550130,64.720000,35.280000,1.129500,-0.009500,-0.834065,53.040000,46.960000,binance_kline_quote_asset_volume,0.000000,0.000000,0.000000,0.000000,OK
295,2026-06-08 15:00:00 UTC,OPNUSDT,0.109200,0.110700,0.109200,0.110200,0.001100,1.008249,0.915751,1.373626,54.539504,5716,-904,-13.655589,4359522.000000,-490640.000000,-10.115951,479364.481900,-48862.365600,-9.250262,2170244.000000,238685.580200,240678.901700,49.792087,90084642.000000,9837457.307848,-167507.000000,-0.185599,-70812.596134,-0.714682,1.345800,0.006600,0.492832,57.370000,42.630000,1.837300,0.003000,0.163550,64.750000,35.250000,1.133600,0.004100,0.362992,53.130000,46.870000,binance_kline_quote_asset_volume,0.000000,0.000000,0.000000,0.000000,OK
296,2026-06-08 15:15:00 UTC,OPNUSDT,0.110200,0.111000,0.109400,0.110500,0.000300,0.272232,0.272232,1.451906,55.464426,4838,-878,-15.360392,3535164.000000,-824358.000000,-18.909367,389754.353400,-89610.128500,-18.693527,1617892.000000,178442.320100,211312.033300,45.783278,89895829.000000,9915509.938700,-188813.000000,-0.209595,78052.630852,0.793423,1.337000,-0.008800,-0.653886,57.210000,42.790000,1.834000,-0.003300,-0.179611,64.710000,35.290000,1.135800,0.002200,0.194072,53.180000,46.820000,binance_kline_quote_asset_volume,0.000000,0.000000,0.000000,0.000000,OK
297,2026-06-08 15:30:00 UTC,OPNUSDT,0.110500,0.111300,0.110100,0.110700,0.000200,0.180995,0.180995,1.085973,56.105597,4621,-217,-4.485325,3395471.000000,-139693.000000,-3.951528,375895.939800,-13858.413600,-3.555679,1533165.000000,169794.176800,206101.763000,45.170527,89951749.000000,9939668.264500,55920.000000,0.062205,24158.325800,0.243642,1.340800,0.003800,0.284218,57.280000,42.720000,1.832800,-0.001200,-0.065431,64.700000,35.300000,1.134000,-0.001800,-0.158479,53.140000,46.860000,binance_kline_quote_asset_volume,0.000000,0.000000,0.000000,0.000000,OK
298,2026-06-08 15:45:00 UTC,OPNUSDT,0.110700,0.112000,0.108400,0.109000,-0.001700,-1.535682,-1.535682,3.252033,49.572605,7829,3208,69.422203,6952306.000000,3556835.000000,104.752330,767031.569600,391135.629800,104.054231,3106020.000000,343274.488700,423757.080900,44.753632,90109610.000000,9974125.500464,157861.000000,0.175495,34457.235964,0.346664,1.350700,0.009900,0.738365,57.460000,42.540000,1.833300,0.000500,0.027281,64.710000,35.290000,1.140400,0.006400,0.564374,53.280000,46.720000,binance_kline_quote_asset_volume,0.000000,0.000000,0.000000,0.000000,OK
299,2026-06-08 16:00:00 UTC,OPNUSDT,0.109100,0.110200,0.108800,0.109500,0.000500,0.458716,0.366636,1.283226,51.366302,6149,-1680,-21.458679,4694685.000000,-2257621.000000,-32.472981,513212.279200,-253819.290400,-33.091114,2551252.000000,278998.075300,234214.203900,54.363094,89821528.000000,9791266.022439,-288082.000000,-0.319702,-182859.478025,-1.833338,1.360700,0.010000,0.740357,57.640000,42.360000,1.823700,-0.009600,-0.523646,64.590000,35.410000,1.144100,0.003700,0.324448,53.360000,46.640000,binance_kline_quote_asset_volume,0.000000,0.000000,0.000000,0.000000,OK
300,2026-06-08 16:15:00 UTC,OPNUSDT,0.109500,0.109700,0.107500,0.108600,-0.000900,-0.821918,-0.821918,2.009132,48.053006,6402,253,4.114490,6383116.000000,1688431.000000,35.964735,692658.407900,179446.128700,34.965284,2728592.000000,296295.653600,396362.754300,42.776591,89802533.000000,9833377.363500,-18995.000000,-0.021147,42111.341061,0.430091,1.352900,-0.007800,-0.573234,57.500000,42.500000,1.815600,-0.008100,-0.444152,64.480000,35.520000,1.137700,-0.006400,-0.559392,53.220000,46.780000,binance_kline_quote_asset_volume,0.000000,0.000000,0.000000,0.000000,OK
301,2026-06-08 16:30:00 UTC,OPNUSDT,0.108500,0.109700,0.106800,0.108900,0.000300,0.276243,0.368664,2.672811,49.228619,7703,1301,20.321774,7540136.000000,1157020.000000,18.126257,813600.488400,120942.080500,17.460566,3614529.000000,390184.043800,423416.444600,47.957695,89925855.000000,9765013.523367,123322.000000,0.137326,-68363.840133,-0.695222,1.348500,-0.004400,-0.325227,57.420000,42.580000,1.819100,0.003500,0.192774,64.530000,35.470000,1.128600,-0.009100,-0.799859,53.020000,46.980000,binance_kline_quote_asset_volume,0.000000,0.000000,0.000000,0.000000,OK
302,2026-06-08 16:45:00 UTC,OPNUSDT,0.109000,0.109300,0.108200,0.108900,0.000000,0.000000,-0.091743,1.009174,49.228619,4091,-3612,-46.890822,3148614.000000,-4391522.000000,-58.241947,342400.762000,-471199.726400,-57.915369,1579158.000000,171780.106000,170620.656000,50.169312,89824458.000000,9792666.902383,-101397.000000,-0.112756,27653.379016,0.283188,1.338100,-0.010400,-0.771227,57.230000,42.770000,1.803100,-0.016000,-0.879556,64.330000,35.670000,1.124900,-0.003700,-0.327840,52.940000,47.060000,binance_kline_quote_asset_volume,0.000000,0.000000,0.000000,0.000000,OK
303,2026-06-08 17:00:00 UTC,OPNUSDT,0.109000,0.111700,0.108000,0.108300,-0.000600,-0.550964,-0.642202,3.394495,46.773336,8579,4488,109.704229,7028648.000000,3880034.000000,123.229904,772175.946600,429775.184600,125.518174,3378103.000000,371590.102700,400585.843900,48.122465,90077222.000000,9809409.475800,252764.000000,0.281398,16742.573417,0.170971,1.340800,0.002700,0.201779,57.280000,42.720000,1.808900,0.005800,0.321668,64.400000,35.600000,1.120000,-0.004900,-0.435594,52.830000,47.170000,binance_kline_quote_asset_volume,0.000000,0.000000,0.000000,0.000000,OK
304,2026-06-08 17:15:00 UTC,OPNUSDT,0.108300,0.110600,0.108200,0.110600,0.002300,2.123730,2.123730,2.216066,55.861268,3905,-4674,-54.481874,3042114.000000,-3986534.000000,-56.718362,332366.636200,-439809.310400,-56.957137,1778130.000000,194157.710300,138208.925900,58.416727,90254550.000000,9771084.841915,177328.000000,0.196862,-38324.633885,-0.390693,1.344700,0.003900,0.290871,57.350000,42.650000,1.824600,0.015700,0.867931,64.600000,35.400000,1.128600,0.008600,0.767857,53.020000,46.980000,binance_kline_quote_asset_volume,0.000000,0.000000,0.000000,0.000000,OK
305,2026-06-08 17:30:00 UTC,OPNUSDT,0.110600,0.111000,0.109500,0.110600,0.000000,0.000000,0.000000,1.356239,55.861268,4681,776,19.871959,3015899.000000,-26215.000000,-0.861736,332526.120300,159.484100,0.047984,1404459.000000,154928.347700,177597.772600,46.591332,90466968.000000,10005646.660800,212418.000000,0.235354,234561.818885,2.400571,1.343000,-0.001700,-0.126422,57.320000,42.680000,1.828600,0.004000,0.219226,64.650000,35.350000,1.129500,0.000900,0.079745,53.040000,46.960000,binance_kline_quote_asset_volume,0.000000,0.000000,0.000000,0.000000,OK
306,2026-06-08 17:45:00 UTC,OPNUSDT,0.110600,0.112700,0.110000,0.112500,0.001900,1.717902,1.717902,2.441230,62.066449,6365,1684,35.975219,4779777.000000,1763878.000000,58.485977,532088.017400,199561.897100,60.013901,2618512.000000,291543.848000,240544.169400,54.792410,90471907.000000,9998314.620538,4939.000000,0.005459,-7332.040262,-0.073279,1.337500,-0.005500,-0.409531,57.220000,42.780000,1.837300,0.008700,0.475774,64.760000,35.240000,1.128100,-0.001400,-0.123949,53.010000,46.990000,binance_kline_quote_asset_volume,0.000000,0.000000,0.000000,0.000000,OK
307,2026-06-08 18:00:00 UTC,OPNUSDT,0.112500,0.112500,0.110800,0.111600,-0.000900,-0.800000,-0.800000,1.511111,57.913220,6747,382,6.001571,4829174.000000,49397.000000,1.033458,539336.654900,7248.637500,1.362300,2416771.000000,269982.314100,269354.340800,50.058217,90634572.000000,10195467.596403,162665.000000,0.179796,197152.975864,1.971862,1.331500,-0.006000,-0.448598,57.110000,42.890000,1.845800,0.008500,0.462635,64.860000,35.140000,1.129000,0.000900,0.079780,53.030000,46.970000,binance_kline_quote_asset_volume,0.000000,0.000000,0.000000,0.000000,OK
308,2026-06-08 18:15:00 UTC,OPNUSDT,0.111500,0.114100,0.110900,0.113200,0.001600,1.433692,1.524664,2.869955,62.692742,6677,-70,-1.037498,4597101.000000,-232073.000000,-4.805646,518426.972000,-20909.682900,-3.876926,2628337.000000,296469.809400,221957.162600,57.186417,90293060.000000,10076705.496000,-341512.000000,-0.376801,-118762.100403,-1.164852,1.327200,-0.004300,-0.322944,57.030000,42.970000,1.838600,-0.007200,-0.390075,64.770000,35.230000,1.122200,-0.006800,-0.602303,52.880000,47.120000,binance_kline_quote_asset_volume,0.000000,0.000000,0.000000,0.000000,OK
309,2026-06-08 18:30:00 UTC,OPNUSDT,0.113200,0.114800,0.112600,0.113500,0.000300,0.265018,0.265018,1.943463,63.529060,8317,1640,24.561929,5631615.000000,1034514.000000,22.503617,640557.275300,122130.303300,23.557861,2790270.000000,317436.138900,323121.136400,49.556246,90492743.000000,10248387.303001,199683.000000,0.221150,171681.807001,1.703749,1.327700,0.000500,0.037673,57.040000,42.960000,1.836700,-0.001900,-0.103339,64.750000,35.250000,1.121800,-0.000400,-0.035644,52.870000,47.130000,binance_kline_quote_asset_volume,0.000000,0.000000,0.000000,0.000000,OK
310,2026-06-08 18:45:00 UTC,OPNUSDT,0.113500,0.113600,0.110800,0.111000,-0.002500,-2.202643,-2.202643,2.466960,52.888937,5922,-2395,-28.796441,4729689.000000,-901926.000000,-16.015406,527197.216200,-113360.059100,-17.697100,1860820.000000,207444.663800,319752.552400,39.348589,90419874.000000,10289355.783593,-72869.000000,-0.080525,40968.480592,0.399755,1.328300,0.000600,0.045191,57.050000,42.950000,1.841600,0.004900,0.266783,64.810000,35.190000,1.120000,-0.001800,-0.160456,52.830000,47.170000,binance_kline_quote_asset_volume,0.000000,0.000000,0.000000,0.000000,OK
311,2026-06-08 19:00:00 UTC,OPNUSDT,0.111100,0.111500,0.110100,0.110900,-0.000100,-0.090090,-0.180018,1.260126,52.510092,5230,-692,-11.685241,3749053.000000,-980636.000000,-20.733625,415828.364600,-111368.851600,-21.124704,1826719.000000,202723.322900,213105.041700,48.751682,89695992.000000,9962634.290951,-723882.000000,-0.800578,-326721.492642,-3.175335,1.338600,0.010300,0.775427,57.240000,42.760000,1.849700,0.008100,0.439835,64.910000,35.090000,1.117700,-0.002300,-0.205357,52.780000,47.220000,binance_kline_quote_asset_volume,0.000000,0.000000,0.000000,0.000000,OK
312,2026-06-08 19:15:00 UTC,OPNUSDT,0.110800,0.111200,0.109400,0.110200,-0.000700,-0.631199,-0.541516,1.624549,49.819906,4452,-778,-14.875717,4534274.000000,785221.000000,20.944516,500351.114700,84522.750100,20.326355,2010788.000000,222127.570200,278223.544500,44.394339,89702997.000000,9948062.367300,7005.000000,0.007810,-14571.923651,-0.146266,1.337500,-0.001100,-0.082175,57.220000,42.780000,1.843300,-0.006400,-0.346002,64.830000,35.170000,1.110600,-0.007100,-0.635233,52.620000,47.380000,binance_kline_quote_asset_volume,0.000000,0.000000,0.000000,0.000000,OK
313,2026-06-08 19:30:00 UTC,OPNUSDT,0.110200,0.111100,0.109600,0.110500,0.000300,0.272232,0.272232,1.361162,50.979028,3815,-637,-14.308176,3580919.000000,-953355.000000,-21.025527,395253.302300,-105097.812400,-21.004812,1626112.000000,179538.691500,215714.610800,45.423704,89578793.000000,9874943.089125,-124204.000000,-0.138461,-73119.278175,-0.735010,1.341400,0.003900,0.291589,57.290000,42.710000,1.847400,0.004100,0.222427,64.880000,35.120000,1.110600,0.000000,0.000000,52.620000,47.380000,binance_kline_quote_asset_volume,0.000000,0.000000,0.000000,0.000000,OK
314,2026-06-08 19:45:00 UTC,OPNUSDT,0.110400,0.110800,0.109700,0.109900,-0.000600,-0.542986,-0.452899,0.996377,48.562914,3835,20,0.524246,3264086.000000,-316833.000000,-8.847813,359940.385400,-35312.916900,-8.934250,1551901.000000,171248.834600,188691.550800,47.576999,89412402.000000,9879415.028093,-166391.000000,-0.185748,4471.938968,0.045286,1.341400,0.000000,0.000000,57.290000,42.710000,1.855200,0.007800,0.422215,64.980000,35.020000,1.115100,0.004500,0.405186,52.720000,47.280000,binance_kline_quote_asset_volume,0.000000,0.000000,0.000000,0.000000,OK
315,2026-06-08 20:00:00 UTC,OPNUSDT,0.109800,0.110500,0.108400,0.109000,-0.000900,-0.818926,-0.728597,1.912568,45.109344,5817,1982,51.681877,4528345.000000,1264259.000000,38.732405,495187.381300,135246.995900,37.574832,2157410.000000,236014.924300,259172.457000,47.661740,89611371.000000,9848289.672900,198969.000000,0.222530,-31125.355193,-0.315053,1.337000,-0.004400,-0.328016,57.210000,42.790000,1.856000,0.000800,0.043122,64.990000,35.010000,1.115500,0.000400,0.035871,52.730000,47.270000,binance_kline_quote_asset_volume,0.000000,0.000000,0.000000,0.000000,OK
316,2026-06-08 20:15:00 UTC,OPNUSDT,0.109100,0.111100,0.108800,0.110800,0.001800,1.651376,1.558203,2.108158,52.400271,3566,-2251,-38.696923,2150084.000000,-2378261.000000,-52.519430,236359.513700,-258827.867600,-52.268672,1205247.000000,132546.227700,103813.286000,56.078228,88923082.000000,9701508.246200,-688289.000000,-0.768082,-146781.426700,-1.490426,1.332100,-0.004900,-0.366492,57.120000,42.880000,1.832400,-0.023600,-1.271552,64.690000,35.310000,1.113300,-0.002200,-0.197221,52.680000,47.320000,binance_kline_quote_asset_volume,0.000000,0.000000,0.000000,0.000000,OK
317,2026-06-08 20:30:00 UTC,OPNUSDT,0.110800,0.111000,0.109300,0.109900,-0.000900,-0.812274,-0.812274,1.534296,48.902660,2840,-726,-20.358946,2248670.000000,98586.000000,4.585216,247171.074100,10811.560400,4.574201,1128233.000000,124059.586300,123111.487800,50.191790,88902978.000000,9850449.962400,-20104.000000,-0.022608,148941.716200,1.535243,1.329900,-0.002200,-0.165153,57.080000,42.920000,1.828400,-0.004000,-0.218293,64.640000,35.360000,1.111500,-0.001800,-0.161681,52.640000,47.360000,binance_kline_quote_asset_volume,0.000000,0.000000,0.000000,0.000000,OK
318,2026-06-08 20:45:00 UTC,OPNUSDT,0.110000,0.110500,0.109700,0.110000,0.000100,0.090992,0.000000,0.727273,49.307537,2490,-350,-12.323944,1921594.000000,-327076.000000,-14.545309,211577.388400,-35593.685700,-14.400425,803079.000000,88457.540000,123119.848400,41.808598,88765482.000000,9764203.020000,-137496.000000,-0.154658,-86246.942400,-0.875563,1.331500,0.001600,0.120310,57.110000,42.890000,1.824000,-0.004400,-0.240648,64.590000,35.410000,1.112800,0.001300,0.116959,52.670000,47.330000,binance_kline_quote_asset_volume,0.000000,0.000000,0.000000,0.000000,OK
319,2026-06-08 21:00:00 UTC,OPNUSDT,0.110100,0.110800,0.109500,0.110200,0.000200,0.181818,0.090827,1.180745,50.158154,3470,980,39.357430,2457574.000000,535980.000000,27.892468,270671.234300,59093.845900,27.930133,1437823.000000,158385.957000,112285.277300,58.515992,88440900.000000,9722635.368330,-324582.000000,-0.365662,-41567.651670,-0.425715,1.335900,0.004400,0.330454,57.190000,42.810000,1.820600,-0.003400,-0.186404,64.550000,35.450000,1.116900,0.004100,0.368440,52.760000,47.240000,binance_kline_quote_asset_volume,0.000000,0.000000,0.000000,0.000000,OK
320,2026-06-08 21:15:00 UTC,OPNUSDT,0.110200,0.110200,0.104500,0.106800,-0.003400,-3.085299,-3.085299,5.172414,38.370618,11492,8022,231.181556,11889169.000000,9431595.000000,383.776643,1266858.941700,996187.707400,368.043435,4094527.000000,436787.260300,830071.681400,34.477971,88479638.000000,9750456.107600,38738.000000,0.043801,27820.739270,0.286144,1.325000,-0.010900,-0.815929,56.990000,43.010000,1.821500,0.000900,0.049434,64.560000,35.440000,1.108800,-0.008100,-0.725222,52.580000,47.420000,binance_kline_quote_asset_volume,0.000000,0.000000,0.000000,0.000000,OK
321,2026-06-08 21:30:00 UTC,OPNUSDT,0.106800,0.107800,0.106100,0.107000,0.000200,0.187266,0.187266,1.591760,39.274657,5418,-6074,-52.854159,3931168.000000,-7958001.000000,-66.934880,419576.087400,-847282.854300,-66.880599,1863265.000000,198998.121900,220577.965500,47.428375,87116641.000000,9292310.450928,-1362997.000000,-1.540464,-458145.656672,-4.698710,1.340800,0.015800,1.192453,57.280000,42.720000,1.840500,0.019000,1.043096,64.800000,35.200000,1.099500,-0.009300,-0.838745,52.370000,47.630000,binance_kline_quote_asset_volume,0.000000,0.000000,0.000000,0.000000,OK
322,2026-06-08 21:45:00 UTC,OPNUSDT,0.107000,0.107700,0.105600,0.106200,-0.000800,-0.747664,-0.747664,1.962617,36.940415,4207,-1211,-22.351421,2395158.000000,-1536010.000000,-39.072611,255269.532000,-164306.555400,-39.160133,891508.000000,95133.892800,160135.639200,37.268017,87218540.000000,9342097.308800,101899.000000,0.116968,49786.857872,0.535786,1.334300,-0.006500,-0.484785,57.160000,42.840000,1.853800,0.013300,0.722630,64.960000,35.040000,1.095100,-0.004400,-0.400182,52.270000,47.730000,binance_kline_quote_asset_volume,0.000000,0.000000,0.000000,0.000000,OK
323,2026-06-08 22:00:00 UTC,OPNUSDT,0.106100,0.106200,0.080500,0.097200,-0.009000,-8.474576,-8.388313,24.222432,21.476196,96443,92236,2192.441169,86715633.000000,84320475.000000,3520.455644,8149294.135500,7894024.603500,3092.427264,35320112.000000,3300570.411400,4848723.724100,40.501304,87170410.000000,9257497.542000,-48130.000000,-0.055183,-84599.766800,-0.905576,1.326100,-0.008200,-0.614554,57.010000,42.990000,1.854800,0.001000,0.053943,64.970000,35.030000,1.092100,-0.003000,-0.273948,52.200000,47.800000,binance_kline_quote_asset_volume,0.000000,0.000000,0.000000,0.000000,OK
324,2026-06-08 22:15:00 UTC,OPNUSDT,0.097200,0.098700,0.093400,0.093600,-0.003600,-3.703704,-3.703704,5.452675,18.195058,18701,-77742,-80.609272,13659083.000000,-73056550.000000,-84.248419,1319465.160100,-6829828.975400,-83.808841,5786610.000000,560232.752100,759232.408000,42.459079,85567951.000000,8334033.486123,-1602459.000000,-1.838306,-923464.055877,-9.975310,1.180100,-0.146000,-11.009728,54.130000,45.870000,1.688800,-0.166000,-8.949752,62.810000,37.190000,0.896500,-0.195600,-17.910448,47.270000,52.730000,binance_kline_quote_asset_volume,0.000000,0.000000,0.000000,0.000000,OK
325,2026-06-08 22:30:00 UTC,OPNUSDT,0.093500,0.095100,0.091900,0.094000,0.000400,0.427350,0.534759,3.422460,19.663717,18186,-515,-2.753863,15087643.000000,1428560.000000,10.458682,1414480.684700,95015.524600,7.201064,7218655.000000,677196.986500,737283.698200,47.876015,84953326.000000,7955059.180304,-614625.000000,-0.718289,-378974.305819,-4.547310,1.176300,-0.003800,-0.322007,54.050000,45.950000,1.725900,0.037100,2.196826,63.310000,36.690000,0.893600,-0.002900,-0.323480,47.190000,52.810000,binance_kline_quote_asset_volume,0.000000,0.000000,0.000000,0.000000,OK
326,2026-06-08 22:45:00 UTC,OPNUSDT,0.094000,0.094400,0.092300,0.094100,0.000100,0.106383,0.106383,2.234043,20.050159,12011,-6175,-33.954690,8350377.000000,-6737266.000000,-44.654198,778763.639400,-635717.045300,-44.943494,3743956.000000,349551.862100,429211.777300,44.885488,84005957.000000,7913829.902640,-947369.000000,-1.115164,-41229.277664,-0.518277,1.183900,0.007600,0.646094,54.210000,45.790000,1.790000,0.064100,3.714004,64.160000,35.840000,0.899300,0.005700,0.637869,47.350000,52.650000,binance_kline_quote_asset_volume,0.000000,0.000000,0.000000,0.000000,OK
327,2026-06-08 23:00:00 UTC,OPNUSDT,0.094100,0.095600,0.092100,0.094100,0.000000,0.000000,0.000000,3.719447,20.050159,14759,2748,22.879028,10238864.000000,1888487.000000,22.615590,962213.855500,183450.216100,23.556598,4935099.000000,463861.910600,498351.944900,48.207777,83745984.000000,7892716.470925,-259973.000000,-0.309470,-21113.431715,-0.266792,1.184800,0.000900,0.076020,54.230000,45.770000,1.806200,0.016200,0.905028,64.360000,35.640000,0.901900,0.002600,0.289114,47.420000,52.580000,binance_kline_quote_asset_volume,0.000000,0.000000,0.000000,0.000000,OK
328,2026-06-08 23:15:00 UTC,OPNUSDT,0.094100,0.094800,0.092700,0.093900,-0.000200,-0.212540,-0.212540,2.231668,19.828915,8484,-6275,-42.516431,6284648.000000,-3954216.000000,-38.619675,588518.293900,-373695.561600,-38.837059,2794713.000000,261984.266200,326534.027700,44.515909,83746976.000000,7885593.485946,992.000000,0.001185,-7122.984979,-0.090248,1.176800,-0.008000,-0.675219,54.060000,45.940000,1.807500,0.001300,0.071974,64.380000,35.620000,0.905500,0.003600,0.399157,47.520000,52.480000,binance_kline_quote_asset_volume,0.000000,0.000000,0.000000,0.000000,OK
329,2026-06-08 23:30:00 UTC,OPNUSDT,0.093900,0.095500,0.093600,0.093800,-0.000100,-0.106496,-0.106496,2.023429,19.711795,7185,-1299,-15.311174,5617231.000000,-667417.000000,-10.619799,530937.653500,-57580.640400,-9.784002,2749154.000000,260058.472000,270879.181500,48.980981,83776418.000000,7870606.811924,29442.000000,0.035156,-14986.674023,-0.190051,1.169200,-0.007600,-0.645819,53.900000,46.100000,1.802500,-0.005000,-0.276625,64.320000,35.680000,0.903300,-0.002200,-0.242960,47.460000,52.540000,binance_kline_quote_asset_volume,0.000000,0.000000,0.000000,0.000000,OK
330,2026-06-08 23:45:00 UTC,OPNUSDT,0.093800,0.094200,0.092500,0.092600,-0.001200,-1.279318,-1.279318,1.812367,18.313880,6307,-878,-12.219903,5452539.000000,-164692.000000,-2.931907,509798.537200,-21139.116300,-3.981469,2591469.000000,242511.268800,267287.268400,47.570021,83715415.000000,7858075.513560,-61003.000000,-0.072816,-12531.298364,-0.159216,1.173900,0.004700,0.401984,54.000000,46.000000,1.806100,0.003600,0.199723,64.360000,35.640000,0.907700,0.004400,0.487103,47.580000,52.420000,binance_kline_quote_asset_volume,0.000000,0.000000,0.000000,0.000000,OK
331,2026-06-09 00:00:00 UTC,OPNUSDT,0.092600,0.093700,0.090200,0.090200,-0.002400,-2.591793,-2.591793,3.779698,15.887181,12085,5778,91.612494,11140579.000000,5688040.000000,104.319107,1026004.255900,516205.718700,101.256807,3970782.000000,366250.561400,659753.694500,35.696788,83715009.000000,7751520.937747,-406.000000,-0.000485,-106554.575813,-1.355988,1.175300,0.001400,0.119261,54.030000,45.970000,1.805200,-0.000900,-0.049831,64.350000,35.650000,0.908400,0.000700,0.077118,47.600000,52.400000,binance_kline_quote_asset_volume,0.000000,0.000000,0.000000,0.000000,OK
332,2026-06-09 00:15:00 UTC,OPNUSDT,0.090200,0.091200,0.089100,0.090800,0.000600,0.665188,0.665188,2.328160,18.784519,11129,-956,-7.910633,10709184.000000,-431395.000000,-3.872285,968620.281700,-57383.974200,-5.592957,4701704.000000,425803.675300,542816.606400,43.959814,83637955.000000,7576742.270341,-77054.000000,-0.092043,-174778.667407,-2.254766,1.167800,-0.007500,-0.638135,53.870000,46.130000,1.783600,-0.021600,-1.196543,64.080000,35.920000,0.896100,-0.012300,-1.354029,47.260000,52.740000,binance_kline_quote_asset_volume,0.000000,0.000000,0.000000,0.000000,OK
333,2026-06-09 00:30:00 UTC,OPNUSDT,0.090900,0.093100,0.090700,0.092800,0.002000,2.202643,2.090209,2.640264,27.721842,7794,-3335,-29.966754,7029015.000000,-3680169.000000,-34.364607,644634.451400,-323985.830300,-33.448177,3271364.000000,300122.915200,344511.536200,46.557070,83821037.000000,7618411.070103,183082.000000,0.218898,41668.799763,0.549957,1.154200,-0.013600,-1.164583,53.580000,46.420000,1.793300,0.009700,0.543844,64.200000,35.800000,0.883600,-0.012500,-1.394934,46.910000,53.090000,binance_kline_quote_asset_volume,0.000000,0.000000,0.000000,0.000000,OK
334,2026-06-09 00:45:00 UTC,OPNUSDT,0.092800,0.092900,0.090600,0.091200,-0.001600,-1.724138,-1.724138,2.478448,25.321199,4858,-2936,-37.670003,3658988.000000,-3370027.000000,-47.944513,334584.497000,-310049.954400,-48.097019,1390787.000000,127055.346300,207529.150700,37.974069,83895299.000000,7792346.382658,74262.000000,0.088596,173935.312555,2.283092,1.147300,-0.006900,-0.597817,53.430000,46.570000,1.838400,0.045100,2.514917,64.770000,35.230000,0.888900,0.005300,0.599819,47.060000,52.940000,binance_kline_quote_asset_volume,0.000000,0.000000,0.000000,0.000000,OK
335,2026-06-09 01:00:00 UTC,OPNUSDT,0.091200,0.091300,0.090400,0.091000,-0.000200,-0.219298,-0.219298,0.986842,25.029422,6000,1142,23.507616,4020303.000000,361315.000000,9.874725,365274.583800,30690.086800,9.172597,1930633.000000,175471.621500,189802.962300,48.038278,83761430.000000,7647418.559000,-133869.000000,-0.159567,-144927.823658,-1.859874,1.149600,0.002300,0.200471,53.480000,46.520000,1.851000,0.012600,0.685379,64.920000,35.080000,0.886100,-0.002800,-0.314996,46.980000,53.020000,binance_kline_quote_asset_volume,0.000000,0.000000,0.000000,0.000000,OK
336,2026-06-09 01:15:00 UTC,OPNUSDT,0.091000,0.094600,0.090900,0.094300,0.003300,3.626374,3.626374,4.065934,37.771121,8628,2628,43.800000,6938882.000000,2918579.000000,72.595996,646937.065000,281662.481200,77.109795,3812656.000000,354988.874700,291948.190300,54.872242,83938654.000000,7646771.088846,177224.000000,0.211582,-647.470154,-0.008467,1.145500,-0.004100,-0.356646,53.390000,46.610000,1.854300,0.003300,0.178282,64.960000,35.040000,0.885400,-0.000700,-0.078998,46.960000,53.040000,binance_kline_quote_asset_volume,0.000000,0.000000,0.000000,0.000000,OK
337,2026-06-09 01:30:00 UTC,OPNUSDT,0.094200,0.095100,0.093300,0.093500,-0.000800,-0.848356,-0.743100,1.910828,36.166390,6710,-1918,-22.229949,5555454.000000,-1383428.000000,-19.937333,524165.892100,-122771.172900,-18.977298,2283126.000000,215578.806200,308587.085900,41.127973,83526317.000000,7879308.107877,-412337.000000,-0.491236,232537.019031,3.040983,1.149200,0.003700,0.323003,53.470000,46.530000,1.860900,0.006600,0.355929,65.050000,34.950000,0.893600,0.008200,0.926135,47.190000,52.810000,binance_kline_quote_asset_volume,0.000000,0.000000,0.000000,0.000000,OK
338,2026-06-09 01:45:00 UTC,OPNUSDT,0.093500,0.094000,0.091800,0.092200,-0.001300,-1.390374,-1.390374,2.352941,33.663510,5723,-987,-14.709389,4848271.000000,-707183.000000,-12.729527,449591.685600,-74574.206500,-14.227215,2264886.000000,210118.769200,239472.916400,46.735466,83182272.000000,7804847.844607,-344045.000000,-0.411900,-74460.263270,-0.945010,1.145900,-0.003300,-0.287156,53.400000,46.600000,1.855000,-0.005900,-0.317051,64.970000,35.030000,0.888600,-0.005000,-0.559534,47.050000,52.950000,binance_kline_quote_asset_volume,0.000000,0.000000,0.000000,0.000000,OK
339,2026-06-09 02:00:00 UTC,OPNUSDT,0.092200,0.094200,0.092100,0.093600,0.001400,1.518438,1.518438,2.277657,38.592160,5616,-107,-1.869649,4387136.000000,-461135.000000,-9.511329,409734.670300,-39857.015300,-8.865158,2358934.000000,220236.604500,189498.065800,53.751030,82569551.000000,7612912.602200,-612721.000000,-0.736600,-191935.242407,-2.459180,1.145000,-0.000900,-0.078541,53.380000,46.620000,1.869000,0.014000,0.754717,65.140000,34.860000,0.883200,-0.005400,-0.607698,46.900000,53.100000,binance_kline_quote_asset_volume,0.000000,0.000000,0.000000,0.000000,OK
340,2026-06-09 02:15:00 UTC,OPNUSDT,0.093600,0.094400,0.092400,0.092800,-0.000800,-0.854701,-0.854701,2.136752,36.904810,5537,-79,-1.406695,4867418.000000,480282.000000,10.947507,454186.785000,44452.114700,10.849000,2052822.000000,191624.674900,262562.110100,42.190720,82557664.000000,7735653.116800,-11887.000000,-0.014396,122740.514600,1.612267,1.132700,-0.012300,-1.074236,53.110000,46.890000,1.883900,0.014900,0.797218,65.320000,34.680000,0.887100,0.003900,0.441576,47.010000,52.990000,binance_kline_quote_asset_volume,0.000000,0.000000,0.000000,0.000000,OK
341,2026-06-09 02:30:00 UTC,OPNUSDT,0.092800,0.093000,0.086100,0.087700,-0.005100,-5.495690,-5.495690,7.435345,28.384549,18381,12844,231.966769,20395486.000000,15528068.000000,319.020639,1814509.691500,1360322.906500,299.507373,7818346.000000,695654.104600,1118855.586900,38.338407,82778134.000000,7676139.705240,220470.000000,0.267050,-59513.411560,-0.769339,1.122700,-0.010000,-0.882846,52.890000,47.110000,1.874900,-0.009000,-0.477732,65.220000,34.780000,0.878600,-0.008500,-0.958178,46.770000,53.230000,binance_kline_quote_asset_volume,0.000000,0.000000,0.000000,0.000000,OK
342,2026-06-09 02:45:00 UTC,OPNUSDT,0.087700,0.088800,0.086400,0.087100,-0.000600,-0.684151,-0.684151,2.736602,27.577878,9927,-8454,-45.993145,8548418.000000,-11847068.000000,-58.086716,748528.255400,-1065981.436100,-58.747630,4005830.000000,351218.574000,397309.681400,46.921218,83098293.000000,7298940.227621,320159.000000,0.386768,-377199.477619,-4.913921,1.131300,0.008600,0.766011,53.080000,46.920000,1.839200,-0.035700,-1.904102,64.780000,35.220000,0.869500,-0.009100,-1.035739,46.510000,53.490000,binance_kline_quote_asset_volume,0.000000,0.000000,0.000000,0.000000,OK
343,2026-06-09 03:00:00 UTC,OPNUSDT,0.087100,0.087400,0.084700,0.086100,-0.001000,-1.148106,-1.148106,3.099885,26.239428,15441,5514,55.545482,14476432.000000,5928014.000000,69.346328,1240785.052700,492256.797300,65.763289,6571259.000000,563548.918100,677236.134600,45.418738,83506299.000000,7274748.104692,408006.000000,0.490992,-24192.122929,-0.331447,1.127200,-0.004100,-0.362415,52.990000,47.010000,1.855800,0.016600,0.902566,64.980000,35.020000,0.866400,-0.003100,-0.356527,46.420000,53.580000,binance_kline_quote_asset_volume,0.000000,0.000000,0.000000,0.000000,OK
344,2026-06-09 03:15:00 UTC,OPNUSDT,0.086100,0.086700,0.084400,0.086000,-0.000100,-0.116144,-0.116144,2.671312,26.102996,8222,-7219,-46.752153,7157031.000000,-7319401.000000,-50.560808,612868.401500,-627916.651200,-50.606400,3511397.000000,300790.488800,312077.912700,49.079132,85402788.000000,7349503.456777,1896489.000000,2.271073,74755.352085,1.027601,1.126300,-0.000900,-0.079844,52.970000,47.030000,1.835700,-0.020100,-1.083091,64.740000,35.260000,0.857000,-0.009400,-1.084949,46.150000,53.850000,binance_kline_quote_asset_volume,0.000000,0.000000,0.000000,0.000000,OK
345,2026-06-09 03:30:00 UTC,OPNUSDT,0.086100,0.087100,0.084700,0.086800,0.000800,0.930233,0.813008,2.787456,29.271339,6209,-2013,-24.483094,5534710.000000,-1622321.000000,-22.667514,475776.155400,-137092.246100,-22.368953,2410730.000000,207538.024900,268238.130500,43.620939,86331248.000000,7428308.349036,928460.000000,1.087154,78804.892260,1.072248,1.136800,0.010500,0.932256,53.200000,46.800000,1.854500,0.018800,1.024132,64.970000,35.030000,0.855600,-0.001400,-0.163361,46.110000,53.890000,binance_kline_quote_asset_volume,0.000000,0.000000,0.000000,0.000000,OK
346,2026-06-09 03:45:00 UTC,OPNUSDT,0.086800,0.088200,0.086300,0.087500,0.000700,0.806452,0.806452,2.188940,32.017921,4834,-1375,-22.145273,4935639.000000,-599071.000000,-10.823891,430791.865800,-44984.289600,-9.454927,2515675.000000,219588.573300,211203.292500,50.973240,86972224.000000,7531953.757570,640976.000000,0.742461,103645.408533,1.395276,1.138100,0.001300,0.114356,53.230000,46.770000,1.865400,0.010900,0.587760,65.100000,34.900000,0.863900,0.008300,0.970079,46.350000,53.650000,binance_kline_quote_asset_volume,0.000000,0.000000,0.000000,0.000000,OK
347,2026-06-09 04:00:00 UTC,OPNUSDT,0.087400,0.089100,0.086900,0.088400,0.000900,1.028571,1.144165,2.517162,35.486692,6186,1352,27.968556,6109796.000000,1174157.000000,23.789361,537366.149900,106574.284100,24.739159,3120152.000000,274518.241600,262847.908300,51.085883,87304455.000000,7639139.812500,332231.000000,0.381997,107186.054930,1.423084,1.142700,0.004600,0.404182,53.330000,46.670000,1.854100,-0.011300,-0.605768,64.960000,35.040000,0.871300,0.007400,0.856581,46.560000,53.440000,binance_kline_quote_asset_volume,0.000000,0.000000,0.000000,0.000000,OK
348,2026-06-09 04:15:00 UTC,OPNUSDT,0.088400,0.089100,0.087800,0.088500,0.000100,0.113122,0.113122,1.470588,35.878190,5737,-449,-7.258325,6075815.000000,-33981.000000,-0.556172,538271.540900,905.391000,0.168487,3110531.000000,275785.115500,262486.425400,51.235314,87540114.000000,7739688.476088,235659.000000,0.269928,100548.663588,1.316230,1.139000,-0.003700,-0.323795,53.250000,46.750000,1.852100,-0.002000,-0.107869,64.940000,35.060000,0.873400,0.002100,0.241019,46.620000,53.380000,binance_kline_quote_asset_volume,0.000000,0.000000,0.000000,0.000000,OK
349,2026-06-09 04:30:00 UTC,OPNUSDT,0.088400,0.090600,0.088200,0.089700,0.001200,1.355932,1.470588,2.714932,40.541155,6931,1194,20.812271,6843105.000000,767290.000000,12.628594,613024.713700,74753.172800,13.887632,3513451.000000,314857.531700,298167.182000,51.361311,87929643.000000,7813278.596587,389529.000000,0.444972,73590.120499,0.950815,1.137700,-0.001300,-0.114135,53.220000,46.780000,1.853000,0.000900,0.048593,64.950000,35.050000,0.872700,-0.000700,-0.080147,46.600000,53.400000,binance_kline_quote_asset_volume,0.000000,0.000000,0.000000,0.000000,OK
350,2026-06-09 04:45:00 UTC,OPNUSDT,0.089600,0.090400,0.088100,0.090000,0.000300,0.334448,0.446429,2.566964,41.682921,5754,-1177,-16.981677,5817363.000000,-1025742.000000,-14.989424,519087.889900,-93936.823800,-15.323497,2654626.000000,237160.383700,281927.506200,45.687905,88315098.000000,7930695.800400,385455.000000,0.438368,117417.203813,1.502790,1.139000,0.001300,0.114266,53.250000,46.750000,1.864400,0.011400,0.615219,65.090000,34.910000,0.875800,0.003100,0.355219,46.690000,53.310000,binance_kline_quote_asset_volume,0.000000,0.000000,0.000000,0.000000,OK
351,2026-06-09 05:00:00 UTC,OPNUSDT,0.089900,0.090800,0.088400,0.089400,-0.000600,-0.666667,-0.556174,2.669633,40.027408,5177,-577,-10.027807,4889970.000000,-927393.000000,-15.941811,438291.398300,-80796.491600,-15.565089,2053885.000000,184246.260500,254045.137800,42.037389,88206928.000000,7934366.653655,-108170.000000,-0.122482,3670.853255,0.046287,1.140000,0.001000,0.087796,53.270000,46.730000,1.865100,0.000700,0.037546,65.100000,34.900000,0.870900,-0.004900,-0.559488,46.550000,53.450000,binance_kline_quote_asset_volume,0.000000,0.000000,0.000000,0.000000,OK
352,2026-06-09 05:15:00 UTC,OPNUSDT,0.089300,0.090200,0.088500,0.088800,-0.000600,-0.671141,-0.559910,1.903695,38.385581,2972,-2205,-42.592235,2920950.000000,-1969020.000000,-40.266505,261073.265500,-177218.132800,-40.433861,1220624.000000,109257.728600,151815.536900,41.849451,88329357.000000,7892033.723365,122429.000000,0.138797,-42332.930290,-0.533539,1.135800,-0.004200,-0.368421,53.180000,46.820000,1.878400,0.013300,0.713098,65.260000,34.740000,0.873700,0.002800,0.321506,46.630000,53.370000,binance_kline_quote_asset_volume,0.000000,0.000000,0.000000,0.000000,OK
353,2026-06-09 05:30:00 UTC,OPNUSDT,0.088800,0.089700,0.088700,0.089500,0.000700,0.788288,0.788288,1.126126,41.405254,3486,514,17.294751,3234619.000000,313669.000000,10.738595,288387.595600,27314.330100,10.462324,1561976.000000,139297.963200,149089.632400,48.302342,88364796.000000,7847942.627148,35439.000000,0.040121,-44091.096217,-0.558679,1.132700,-0.003100,-0.272935,53.110000,46.890000,1.873300,-0.005100,-0.271508,65.200000,34.800000,0.872300,-0.001400,-0.160238,46.590000,53.410000,binance_kline_quote_asset_volume,0.000000,0.000000,0.000000,0.000000,OK
354,2026-06-09 05:45:00 UTC,OPNUSDT,0.089500,0.089600,0.088300,0.088900,-0.000600,-0.670391,-0.670391,1.452514,39.613183,2559,-927,-26.592083,2696979.000000,-537640.000000,-16.621432,239772.797800,-48614.797800,-16.857451,1251305.000000,111295.715500,128477.082300,46.417157,88794941.000000,7942726.119388,430145.000000,0.486783,94783.492240,1.207750,1.132700,0.000000,0.000000,53.110000,46.890000,1.879500,0.006200,0.330967,65.270000,34.730000,0.870600,-0.001700,-0.194887,46.540000,53.460000,binance_kline_quote_asset_volume,0.000000,0.000000,0.000000,0.000000,OK
355,2026-06-09 06:00:00 UTC,OPNUSDT,0.088900,0.089700,0.088300,0.089500,0.000600,0.674916,0.674916,1.574803,42.302497,2898,339,13.247362,2681807.000000,-15172.000000,-0.562555,238610.734700,-1162.063100,-0.484652,1293549.000000,115167.240100,123443.494600,48.265741,88904806.000000,7894746.772800,109865.000000,0.123729,-47979.346588,-0.604066,1.135400,0.002700,0.238369,53.170000,46.830000,1.872600,-0.006900,-0.367119,65.190000,34.810000,0.875500,0.004900,0.562830,46.680000,53.320000,binance_kline_quote_asset_volume,0.000000,0.000000,0.000000,0.000000,OK
356,2026-06-09 06:15:00 UTC,OPNUSDT,0.089400,0.090600,0.089300,0.090000,0.000500,0.558659,0.671141,1.454139,44.519877,4014,1116,38.509317,4048710.000000,1366903.000000,50.969477,364132.010800,125521.276100,52.605042,2134147.000000,192008.151500,172123.859300,52.730369,89107730.000000,7970071.605163,202924.000000,0.228249,75324.832363,0.954113,1.135800,0.000400,0.035230,53.180000,46.820000,1.888500,0.015900,0.849087,65.380000,34.620000,0.874800,-0.000700,-0.079954,46.660000,53.340000,binance_kline_quote_asset_volume,0.000000,0.000000,0.000000,0.000000,OK
357,2026-06-09 06:30:00 UTC,OPNUSDT,0.089900,0.090300,0.089100,0.089900,-0.000100,-0.111111,0.000000,1.334816,44.154390,3344,-670,-16.691579,3444444.000000,-604266.000000,-14.924902,309053.700100,-55078.310700,-15.125918,1696639.000000,152351.118800,156702.581300,49.296002,88946937.000000,8005224.330000,-160793.000000,-0.180448,35152.724837,0.441059,1.138100,0.002300,0.202500,53.230000,46.770000,1.889000,0.000500,0.026476,65.390000,34.610000,0.877600,0.002800,0.320073,46.740000,53.260000,binance_kline_quote_asset_volume,0.000000,0.000000,0.000000,0.000000,OK
358,2026-06-09 06:45:00 UTC,OPNUSDT,0.089800,0.090700,0.088900,0.090200,0.000300,0.333704,0.445434,2.004454,45.597316,5110,1766,52.811005,4773305.000000,1328861.000000,38.579840,427966.488700,118912.788600,38.476416,2720364.000000,244012.156500,183954.332200,57.016650,88748538.000000,7974856.651113,-198399.000000,-0.223053,-30367.678887,-0.379348,1.139500,0.001400,0.123012,53.260000,46.740000,1.879500,-0.009500,-0.502912,65.270000,34.730000,0.877900,0.000300,0.034184,46.750000,53.250000,binance_kline_quote_asset_volume,0.000000,0.000000,0.000000,0.000000,OK
359,2026-06-09 07:00:00 UTC,OPNUSDT,0.090200,0.091800,0.089300,0.089400,-0.000800,-0.886918,-0.886918,2.771619,42.447667,7290,2180,42.661448,6433398.000000,1660093.000000,34.778691,583470.723000,155504.234300,36.335610,3329133.000000,302280.215600,281190.507400,51.807264,89042632.000000,8031645.406400,294094.000000,0.331379,56788.755287,0.712098,1.141800,0.002300,0.201843,53.310000,46.690000,1.888900,0.009400,0.500133,65.380000,34.620000,0.874800,-0.003100,-0.353115,46.660000,53.340000,binance_kline_quote_asset_volume,0.000000,0.000000,0.000000,0.000000,OK
360,2026-06-09 07:15:00 UTC,OPNUSDT,0.089400,0.089900,0.088200,0.088400,-0.001000,-1.118568,-1.118568,1.901566,38.836423,5546,-1744,-23.923182,5630643.000000,-802755.000000,-12.477932,501423.914800,-82046.808200,-14.061855,2517749.000000,224410.965800,277012.949000,44.754739,89080267.000000,7964143.771303,37635.000000,0.042266,-67501.635097,-0.840446,1.160300,0.018500,1.620249,53.710000,46.290000,1.903700,0.014800,0.783525,65.560000,34.440000,0.893600,0.018800,2.149063,47.190000,52.810000,binance_kline_quote_asset_volume,0.000000,0.000000,0.000000,0.000000,OK
361,2026-06-09 07:30:00 UTC,OPNUSDT,0.088400,0.089100,0.086200,0.087600,-0.000800,-0.904977,-0.904977,3.280543,36.184276,6936,1390,25.063109,7187760.000000,1557117.000000,27.654337,630181.103500,128757.188700,25.678310,2874454.000000,251989.475400,378191.628100,39.986835,88949933.000000,7863174.077200,-130334.000000,-0.146311,-100969.694103,-1.267804,1.165900,0.005600,0.482634,53.830000,46.170000,1.904800,0.001100,0.057782,65.570000,34.430000,0.891100,-0.002500,-0.279767,47.120000,52.880000,binance_kline_quote_asset_volume,0.000000,0.000000,0.000000,0.000000,OK
362,2026-06-09 07:45:00 UTC,OPNUSDT,0.087500,0.088400,0.087300,0.088100,0.000500,0.570776,0.685714,1.257143,38.988636,4971,-1965,-28.330450,4013828.000000,-3173932.000000,-44.157457,352569.463300,-277611.640200,-44.052676,2023152.000000,177864.051400,174705.411900,50.447946,88993950.000000,7792472.230989,44017.000000,0.049485,-70701.846211,-0.899151,1.182900,0.017000,1.458101,54.190000,45.810000,1.896700,-0.008100,-0.425241,65.480000,34.520000,0.892500,0.001400,0.157109,47.160000,52.840000,binance_kline_quote_asset_volume,0.000000,0.000000,0.000000,0.000000,OK
363,2026-06-09 08:00:00 UTC,OPNUSDT,0.088100,0.088900,0.087700,0.088600,0.000500,0.567537,0.567537,1.362089,41.745530,4717,-254,-5.109636,3411435.000000,-602393.000000,-15.007943,300993.206800,-51576.256500,-14.628679,1701686.000000,150220.060200,150773.146600,49.908123,89343776.000000,7871186.665600,349826.000000,0.393090,78714.434611,1.010134,1.171600,-0.011300,-0.955279,53.950000,46.050000,1.901100,0.004400,0.231982,65.530000,34.470000,0.888200,-0.004300,-0.481793,47.040000,52.960000,binance_kline_quote_asset_volume,0.000000,0.000000,0.000000,0.000000,OK
364,2026-06-09 08:15:00 UTC,OPNUSDT,0.088600,0.089300,0.088000,0.088700,0.000100,0.112867,0.112867,1.467269,42.307026,4576,-141,-2.989188,3971708.000000,560273.000000,16.423382,351890.145000,50896.938200,16.909663,2064421.000000,182944.689300,168945.455700,51.989148,89894845.000000,7956124.378808,551069.000000,0.616796,84937.713208,1.079097,1.176300,0.004700,0.401161,54.050000,45.950000,1.907500,0.006400,0.336647,65.610000,34.390000,0.892100,0.003900,0.439090,47.150000,52.850000,binance_kline_quote_asset_volume,0.000000,0.000000,0.000000,0.000000,OK
365,2026-06-09 08:30:00 UTC,OPNUSDT,0.088600,0.089200,0.088100,0.088500,-0.000200,-0.225479,-0.112867,1.241535,41.446585,3436,-1140,-24.912587,2869932.000000,-1101776.000000,-27.740609,254483.967800,-97406.177200,-27.680848,1435146.000000,127230.181800,127253.786000,49.995362,89847868.000000,7963764.612835,-46977.000000,-0.052258,7640.234027,0.096030,1.173000,-0.003300,-0.280541,53.980000,46.020000,1.915900,0.008400,0.440367,65.710000,34.290000,0.891100,-0.001000,-0.112095,47.120000,52.880000,binance_kline_quote_asset_volume,0.000000,0.000000,0.000000,0.000000,OK
366,2026-06-09 08:45:00 UTC,OPNUSDT,0.088400,0.088800,0.087800,0.088400,-0.000100,-0.112994,0.000000,1.131222,40.997610,3126,-310,-9.022119,3240744.000000,370812.000000,12.920585,286349.502400,31865.534600,12.521628,1548061.000000,136861.588600,149487.913800,47.795295,90109913.000000,7972164.574574,262045.000000,0.291654,8399.961739,0.105477,1.175800,0.002800,0.238704,54.040000,45.960000,1.932900,0.017000,0.887311,65.900000,34.100000,0.894300,0.003200,0.359107,47.210000,52.790000,binance_kline_quote_asset_volume,0.000000,0.000000,0.000000,0.000000,OK
367,2026-06-09 09:00:00 UTC,OPNUSDT,0.088400,0.088700,0.087500,0.088600,0.000200,0.226244,0.226244,1.357466,42.342854,4135,1009,32.277671,3170400.000000,-70344.000000,-2.170613,279586.588900,-6762.913500,-2.361769,1464302.000000,129232.357800,150354.231100,46.222660,90329797.000000,7987508.952608,219884.000000,0.244018,15344.378034,0.192474,1.181000,0.005200,0.442252,54.150000,45.850000,1.940100,0.007200,0.372497,65.990000,34.010000,0.900400,0.006100,0.682098,47.380000,52.620000,binance_kline_quote_asset_volume,0.000000,0.000000,0.000000,0.000000,OK
368,2026-06-09 09:15:00 UTC,OPNUSDT,0.088600,0.088600,0.087700,0.087800,-0.000800,-0.902935,-0.902935,1.015801,38.556084,2550,-1585,-38.331318,1957246.000000,-1213154.000000,-38.265014,172595.601700,-106990.987200,-38.267568,973188.000000,85857.714900,86737.886800,49.745019,90797241.000000,8044635.552600,467444.000000,0.517486,57126.599992,0.715199,1.177700,-0.003300,-0.279424,54.080000,45.920000,1.936900,-0.003200,-0.164940,65.950000,34.050000,0.900100,-0.000300,-0.033319,47.370000,52.630000,binance_kline_quote_asset_volume,0.000000,0.000000,0.000000,0.000000,OK
369,2026-06-09 09:30:00 UTC,OPNUSDT,0.087800,0.088100,0.087100,0.087600,-0.000200,-0.227790,-0.227790,1.138952,37.649572,4146,1596,62.588235,4874016.000000,2916770.000000,149.024190,426963.880000,254368.278300,147.378193,2605096.000000,228298.586100,198665.293900,53.470234,90866057.000000,7985422.671731,68816.000000,0.075791,-59212.880869,-0.736054,1.186300,0.008600,0.730237,54.260000,45.740000,1.942500,0.005600,0.289122,66.010000,33.990000,0.904000,0.003900,0.433285,47.480000,52.520000,binance_kline_quote_asset_volume,0.000000,0.000000,0.000000,0.000000,OK
370,2026-06-09 09:45:00 UTC,OPNUSDT,0.087600,0.087700,0.086300,0.087400,-0.000200,-0.228311,-0.228311,1.598174,36.719823,3927,-219,-5.282200,4704641.000000,-169375.000000,-3.475060,410306.298100,-16657.581900,-3.901403,2183724.000000,190588.162000,219718.136100,46.450216,91290844.000000,7995222.904450,424787.000000,0.467487,9800.232719,0.122727,1.186700,0.000400,0.033718,54.270000,45.730000,1.959000,0.016500,0.849421,66.210000,33.790000,0.903700,-0.000300,-0.033186,47.470000,52.530000,binance_kline_quote_asset_volume,0.000000,0.000000,0.000000,0.000000,OK
371,2026-06-09 10:00:00 UTC,OPNUSDT,0.087400,0.087900,0.087100,0.087300,-0.000100,-0.114416,-0.114416,0.915332,36.237959,4062,135,3.437739,4027292.000000,-677349.000000,-14.397464,352099.582100,-58206.716000,-14.186162,1863764.000000,162985.042500,189114.539600,46.289473,91475022.000000,7990248.952427,184178.000000,0.201749,-4973.952023,-0.062212,1.199700,0.013000,1.095475,54.540000,45.460000,1.971700,0.012700,0.648290,66.350000,33.650000,0.906600,0.002900,0.320903,47.550000,52.450000,binance_kline_quote_asset_volume,0.000000,0.000000,0.000000,0.000000,OK
372,2026-06-09 10:15:00 UTC,OPNUSDT,0.087400,0.087500,0.086700,0.087200,-0.000100,-0.114548,-0.228833,0.915332,35.732976,2840,-1222,-30.083703,2924720.000000,-1102572.000000,-27.377503,254882.400600,-97217.181500,-27.610706,1370063.000000,119479.690000,135402.710600,46.876399,92101610.000000,8049680.714000,626588.000000,0.684983,59431.761573,0.743804,1.199300,-0.000400,-0.033342,54.530000,45.470000,1.975600,0.003900,0.197799,66.390000,33.610000,0.912400,0.005800,0.639753,47.710000,52.290000,binance_kline_quote_asset_volume,0.000000,0.000000,0.000000,0.000000,OK
373,2026-06-09 10:30:00 UTC,OPNUSDT,0.087100,0.088400,0.086900,0.087700,0.000500,0.573394,0.688863,1.722158,40.218712,3607,767,27.007042,3704020.000000,779300.000000,26.645286,324549.473900,69667.073300,27.333026,1878802.000000,164704.885400,159844.588500,50.748776,92773258.000000,8089828.097600,671648.000000,0.729247,40147.383600,0.498745,1.199300,0.000000,0.000000,54.530000,45.470000,1.977300,0.001700,0.086050,66.410000,33.590000,0.914200,0.001800,0.197282,47.760000,52.240000,binance_kline_quote_asset_volume,0.000000,0.000000,0.000000,0.000000,OK
374,2026-06-09 10:45:00 UTC,OPNUSDT,0.087800,0.088900,0.087200,0.088600,0.000900,1.026226,0.911162,1.936219,47.343251,3782,175,4.851677,3901709.000000,197689.000000,5.337147,343502.270400,18952.796500,5.839725,2213757.000000,194843.814100,148658.456300,56.722715,93071129.000000,8171645.126200,297871.000000,0.321074,81817.028600,1.011357,1.206500,0.007200,0.600350,54.680000,45.320000,1.978100,0.000800,0.040459,66.420000,33.580000,0.923100,0.008900,0.973529,48.000000,52.000000,binance_kline_quote_asset_volume,0.000000,0.000000,0.000000,0.000000,OK
375,2026-06-09 11:00:00 UTC,OPNUSDT,0.088600,0.088800,0.087400,0.087800,-0.000800,-0.902935,-0.902935,1.580135,42.495236,4425,643,17.001586,4423234.000000,521525.000000,13.366579,389542.186100,46039.915700,13.403089,1852484.000000,163220.604500,226321.581600,41.900623,93466325.000000,8281116.395000,395196.000000,0.424617,109471.268800,1.339648,1.204600,-0.001900,-0.157480,54.640000,45.360000,1.961000,-0.017100,-0.864466,66.230000,33.770000,0.924200,0.001100,0.119164,48.030000,51.970000,binance_kline_quote_asset_volume,0.000000,0.000000,0.000000,0.000000,OK
376,2026-06-09 11:15:00 UTC,OPNUSDT,0.087900,0.087900,0.086200,0.087500,-0.000300,-0.341686,-0.455063,1.934016,40.807660,3870,-555,-12.542373,5092967.000000,669733.000000,15.141252,443903.140600,54360.954500,13.955088,2352409.000000,205295.744200,238607.396400,46.247869,93585780.000000,8226190.062000,119455.000000,0.127805,-54926.333000,-0.663272,1.210900,0.006300,0.522995,54.770000,45.230000,1.963000,0.002000,0.101989,66.250000,33.750000,0.927200,0.003000,0.324605,48.110000,51.890000,binance_kline_quote_asset_volume,0.000000,0.000000,0.000000,0.000000,OK
377,2026-06-09 11:30:00 UTC,OPNUSDT,0.087500,0.087800,0.086600,0.087000,-0.000500,-0.571429,-0.571429,1.371429,38.092496,3572,-298,-7.700258,4375586.000000,-717381.000000,-14.085719,381921.020800,-61982.119800,-13.962983,1827724.000000,159633.320200,222287.700600,41.797469,93565459.000000,8193894.956884,-20321.000000,-0.021714,-32295.105116,-0.392589,1.221700,0.010800,0.891899,54.990000,45.010000,1.951800,-0.011200,-0.570555,66.120000,33.880000,0.930500,0.003300,0.355910,48.200000,51.800000,binance_kline_quote_asset_volume,0.000000,0.000000,0.000000,0.000000,OK
378,2026-06-09 11:45:00 UTC,OPNUSDT,0.087000,0.090100,0.086900,0.090000,0.003000,3.448276,3.448276,3.678161,56.705697,6917,3345,93.645017,7712587.000000,3337001.000000,76.264094,685200.821200,303279.800400,79.409036,3840827.000000,341266.952200,343933.869000,49.805392,94240916.000000,8206557.394648,675457.000000,0.721908,12662.437764,0.154535,1.225700,0.004000,0.327413,55.070000,44.930000,1.964900,0.013100,0.671175,66.270000,33.730000,0.939500,0.009000,0.967222,48.440000,51.560000,binance_kline_quote_asset_volume,0.000000,0.000000,0.000000,0.000000,OK
379,2026-06-09 12:00:00 UTC,OPNUSDT,0.090000,0.091100,0.088300,0.089000,-0.001000,-1.111111,-1.111111,3.111111,51.181672,10052,3135,45.323117,11430595.000000,3718008.000000,48.207015,1030574.535500,345373.714300,50.404743,5145803.000000,464527.291300,566047.244200,45.074594,94011029.000000,8460992.610000,-229887.000000,-0.243935,254435.215352,3.100389,1.223700,-0.002000,-0.163172,55.030000,44.970000,1.941000,-0.023900,-1.216347,66.000000,34.000000,0.942500,0.003000,0.319319,48.520000,51.480000,binance_kline_quote_asset_volume,0.000000,0.000000,0.000000,0.000000,OK
380,2026-06-09 12:15:00 UTC,OPNUSDT,0.088900,0.089000,0.086800,0.087400,-0.001600,-1.797753,-1.687289,2.474691,43.825374,6681,-3371,-33.535615,8322959.000000,-3107636.000000,-27.187001,729266.159100,-301308.376400,-29.236932,3983971.000000,349170.122500,380096.036600,47.879655,93103345.000000,8288013.220228,-907684.000000,-0.965508,-172979.389772,-2.044434,1.214300,-0.009400,-0.768162,54.840000,45.160000,1.937100,-0.003900,-0.200927,65.950000,34.050000,0.933500,-0.009000,-0.954907,48.280000,51.720000,binance_kline_quote_asset_volume,0.000000,0.000000,0.000000,0.000000,OK
381,2026-06-09 12:30:00 UTC,OPNUSDT,0.087300,0.087900,0.085100,0.086900,-0.000500,-0.572082,-0.458190,3.207331,41.803331,9662,2981,44.619069,12697348.000000,4374389.000000,52.558099,1097925.956100,368659.797000,50.552160,5480798.000000,474364.453700,623561.502400,43.205505,93022682.000000,8130182.406800,-80663.000000,-0.086638,-157830.813428,-1.904326,1.206000,-0.008300,-0.683521,54.670000,45.330000,1.924800,-0.012300,-0.634970,65.810000,34.190000,0.933900,0.000400,0.042849,48.290000,51.710000,binance_kline_quote_asset_volume,0.000000,0.000000,0.000000,0.000000,OK
382,2026-06-09 12:45:00 UTC,OPNUSDT,0.086900,0.087500,0.086300,0.087000,0.000100,0.115075,0.115075,1.380898,42.375973,4098,-5564,-57.586421,3862329.000000,-8835019.000000,-69.581609,335611.689700,-762314.266400,-69.432211,2100903.000000,182620.589800,152991.099900,54.414252,93515227.000000,8126473.226300,492545.000000,0.529489,-3709.180500,-0.045622,1.213400,0.007400,0.613599,54.820000,45.180000,1.915400,-0.009400,-0.488362,65.700000,34.300000,0.938700,0.004800,0.513974,48.420000,51.580000,binance_kline_quote_asset_volume,0.000000,0.000000,0.000000,0.000000,OK
383,2026-06-09 13:00:00 UTC,OPNUSDT,0.086900,0.088000,0.086600,0.087700,0.000700,0.804598,0.920598,1.611047,46.355171,5132,1034,25.231820,4404981.000000,542652.000000,14.049865,385035.150800,49423.461100,14.726382,2317604.000000,202639.576800,182395.574000,52.628851,94061669.000000,8187596.096872,546442.000000,0.584335,61122.870572,0.752145,1.214800,0.001400,0.115378,54.850000,45.150000,1.915900,0.000500,0.026104,65.710000,34.290000,0.941400,0.002700,0.287632,48.490000,51.510000,binance_kline_quote_asset_volume,0.000000,0.000000,0.000000,0.000000,OK
384,2026-06-09 13:15:00 UTC,OPNUSDT,0.087800,0.088100,0.087200,0.087800,0.000100,0.114025,0.000000,1.025057,46.919090,3879,-1253,-24.415433,3869543.000000,-535438.000000,-12.155285,339379.637900,-45655.512900,-11.857492,1888241.000000,165711.624800,173668.013100,48.827804,95074454.000000,8347537.061200,1012785.000000,1.076724,159940.964328,1.953454,1.211900,-0.002900,-0.238722,54.790000,45.210000,1.920800,0.004900,0.255754,65.760000,34.240000,0.946300,0.004900,0.520501,48.620000,51.380000,binance_kline_quote_asset_volume,0.000000,0.000000,0.000000,0.000000,OK
385,2026-06-09 13:30:00 UTC,OPNUSDT,0.087700,0.089000,0.087400,0.088700,0.000900,1.025057,1.140251,1.824401,51.827239,6075,2196,56.612529,5703647.000000,1834104.000000,47.398465,502948.234400,163568.596500,48.196350,3015681.000000,266209.572000,236738.662400,52.929815,95492542.000000,8384245.187600,418088.000000,0.439748,36708.126400,0.439748,1.205600,-0.006300,-0.519845,54.660000,45.340000,1.921000,0.000200,0.010412,65.770000,34.230000,0.945100,-0.001200,-0.126810,48.590000,51.410000,binance_kline_quote_asset_volume,0.000000,0.000000,0.000000,0.000000,OK
386,2026-06-09 13:45:00 UTC,OPNUSDT,0.088700,0.089000,0.087700,0.088700,0.000000,0.000000,0.000000,1.465614,51.827239,4285,-1790,-29.465021,3494087.000000,-2209560.000000,-38.739424,309027.480500,-193920.753900,-38.556802,1500023.000000,132708.331900,176319.148600,42.943861,95301647.000000,8465915.006671,-190895.000000,-0.199906,81669.819071,0.974087,1.206500,0.000900,0.074652,54.680000,45.320000,1.926000,0.005000,0.260281,65.820000,34.180000,0.948900,0.003800,0.402074,48.690000,51.310000,binance_kline_quote_asset_volume,0.000000,0.000000,0.000000,0.000000,OK
387,2026-06-09 14:00:00 UTC,OPNUSDT,0.088700,0.088800,0.087000,0.087400,-0.001300,-1.465614,-1.465614,2.029312,44.875979,5400,1115,26.021004,5705280.000000,2211193.000000,63.283856,500750.167200,191722.686700,62.040659,2369334.000000,208233.271600,292516.895600,41.584264,94941375.000000,8421299.962500,-360272.000000,-0.378033,-44615.044171,-0.526996,1.211900,0.005400,0.447576,54.790000,45.210000,1.941700,0.015700,0.815161,66.010000,33.990000,0.945100,-0.003800,-0.400464,48.590000,51.410000,binance_kline_quote_asset_volume,0.000000,0.000000,0.000000,0.000000,OK
388,2026-06-09 14:15:00 UTC,OPNUSDT,0.087500,0.087900,0.083800,0.085500,-0.001900,-2.173913,-2.285714,4.685714,37.053719,12217,6817,126.240741,15866773.000000,10161493.000000,178.106824,1361712.761100,860962.593900,171.934559,6753336.000000,580058.822400,781653.938700,42.597737,94404771.000000,8260417.462500,-536604.000000,-0.565195,-160882.500000,-1.910424,1.208500,-0.003400,-0.280551,54.720000,45.280000,1.928100,-0.013600,-0.700417,65.850000,34.150000,0.945100,0.000000,0.000000,48.590000,51.410000,binance_kline_quote_asset_volume,0.000000,0.000000,0.000000,0.000000,OK
389,2026-06-09 14:30:00 UTC,OPNUSDT,0.085500,0.086400,0.084400,0.084800,-0.000700,-0.818713,-0.818713,2.339181,34.656890,6883,-5334,-43.660473,8098536.000000,-7768237.000000,-48.959149,691512.224900,-670200.536200,-49.217468,3881432.000000,331817.379100,359694.845800,47.984311,94620049.000000,8090014.189500,215278.000000,0.228037,-170403.273000,-2.062889,1.205600,-0.002900,-0.239967,54.660000,45.340000,1.940200,0.012100,0.627561,65.990000,34.010000,0.928300,-0.016800,-1.777590,48.140000,51.860000,binance_kline_quote_asset_volume,0.000000,0.000000,0.000000,0.000000,OK
390,2026-06-09 14:45:00 UTC,OPNUSDT,0.084800,0.085100,0.082300,0.084200,-0.000600,-0.707547,-0.707547,3.301887,32.704144,13236,6353,92.299869,15959004.000000,7860468.000000,97.060358,1333945.262000,642433.037100,92.902629,6989657.000000,584589.619700,749355.642300,43.824109,95123611.000000,8075994.573900,503562.000000,0.532194,-14019.615600,-0.173295,1.189600,-0.016000,-1.327140,54.330000,45.670000,1.918200,-0.022000,-1.133904,65.730000,34.270000,0.926800,-0.001500,-0.161586,48.100000,51.900000,binance_kline_quote_asset_volume,0.000000,0.000000,0.000000,0.000000,OK
391,2026-06-09 15:00:00 UTC,OPNUSDT,0.084100,0.085700,0.083900,0.085200,0.001000,1.187648,1.307967,2.140309,38.884857,8358,-4878,-36.854034,7645235.000000,-8313769.000000,-52.094535,647545.943100,-686399.318900,-51.456333,4438819.000000,376365.610700,271180.332400,58.121839,96249972.000000,8104247.642400,1126361.000000,1.184102,28253.068500,0.349840,1.196800,0.007200,0.605245,54.480000,45.520000,1.851300,-0.066900,-3.487645,64.930000,35.070000,0.920500,-0.006300,-0.679758,47.930000,52.070000,binance_kline_quote_asset_volume,0.000000,0.000000,0.000000,0.000000,OK
392,2026-06-09 15:15:00 UTC,OPNUSDT,0.085200,0.085400,0.082700,0.083000,-0.002200,-2.582160,-2.582160,3.169014,31.935674,7027,-1331,-15.924862,8238925.000000,593690.000000,7.765491,691028.983500,43483.040400,6.715051,3161881.000000,265433.711300,425595.272200,38.411372,97395401.000000,8302331.682822,1145429.000000,1.190056,198084.040422,2.444200,1.194900,-0.001900,-0.158757,54.440000,45.560000,1.842000,-0.009300,-0.502350,64.810000,35.190000,0.928600,0.008100,0.879957,48.150000,51.850000,binance_kline_quote_asset_volume,0.000000,0.000000,0.000000,0.000000,OK
393,2026-06-09 15:30:00 UTC,OPNUSDT,0.082900,0.085100,0.082100,0.084800,0.001800,2.168675,2.291918,3.618818,41.195416,7135,108,1.536929,8279009.000000,40084.000000,0.486520,690678.788600,-350.194900,-0.050677,4139814.000000,345824.917900,344853.870700,50.070297,97634197.000000,8094266.444430,238796.000000,0.245182,-208065.238392,-2.506106,1.213900,0.019000,1.590091,54.830000,45.170000,1.811400,-0.030600,-1.661238,64.430000,35.570000,0.943300,0.014700,1.583028,48.540000,51.460000,binance_kline_quote_asset_volume,0.000000,0.000000,0.000000,0.000000,OK
394,2026-06-09 15:45:00 UTC,OPNUSDT,0.084900,0.085300,0.084400,0.084900,0.000100,0.117925,0.000000,1.060071,41.670185,3759,-3376,-47.316048,4419455.000000,-3859554.000000,-46.618551,374905.579700,-315773.208900,-45.719257,2627705.000000,222988.986600,151916.593100,59.478706,97404972.000000,8270857.800812,-229225.000000,-0.234779,176591.356382,2.181684,1.217800,0.003900,0.321279,54.910000,45.090000,1.812500,0.001100,0.060727,64.440000,35.560000,0.940600,-0.002700,-0.286229,48.470000,51.530000,binance_kline_quote_asset_volume,0.000000,0.000000,0.000000,0.000000,OK
395,2026-06-09 16:00:00 UTC,OPNUSDT,0.084900,0.085200,0.083100,0.083300,-0.001600,-1.884570,-1.884570,2.473498,36.581176,6610,2851,75.844640,8570502.000000,4151047.000000,93.926672,720056.246700,345150.667000,92.063358,3538040.000000,297520.834000,422535.412700,41.319110,97180169.000000,8250596.348100,-224803.000000,-0.230792,-20261.452712,-0.244974,1.213400,-0.004400,-0.361307,54.820000,45.180000,1.811800,-0.000700,-0.038621,64.440000,35.560000,0.938000,-0.002600,-0.276419,48.400000,51.600000,binance_kline_quote_asset_volume,0.000000,0.000000,0.000000,0.000000,OK
396,2026-06-09 16:15:00 UTC,OPNUSDT,0.083300,0.083600,0.080800,0.082800,-0.000500,-0.600240,-0.600240,3.361345,35.137041,9533,2923,44.220877,13107745.000000,4537243.000000,52.940225,1075566.017400,355509.770700,49.372500,5524040.000000,453655.226400,621910.791000,42.178278,96914648.000000,8082681.643200,-265521.000000,-0.273225,-167914.704900,-2.035183,1.218300,0.004900,0.403824,54.920000,45.080000,1.830100,0.018300,1.010045,64.670000,35.330000,0.939100,0.001100,0.117271,48.430000,51.570000,binance_kline_quote_asset_volume,0.000000,0.000000,0.000000,0.000000,OK
397,2026-06-09 16:30:00 UTC,OPNUSDT,0.082800,0.084000,0.082000,0.083000,0.000200,0.241546,0.241546,2.415459,36.221637,5714,-3819,-40.060841,6873161.000000,-6234584.000000,-47.564123,570109.955500,-505456.061900,-46.994425,3283763.000000,272651.493000,297458.462500,47.824370,97039935.000000,8034906.618000,125287.000000,0.129276,-47775.025200,-0.591079,1.214300,-0.004000,-0.328326,54.840000,45.160000,1.823800,-0.006300,-0.344243,64.590000,35.410000,0.930100,-0.009000,-0.958364,48.190000,51.810000,binance_kline_quote_asset_volume,0.000000,0.000000,0.000000,0.000000,OK
398,2026-06-09 16:45:00 UTC,OPNUSDT,0.082900,0.083300,0.081100,0.083000,0.000000,0.000000,0.120627,2.653800,36.221637,5134,-580,-10.150508,5855920.000000,-1017241.000000,-14.800192,482518.807100,-87591.148400,-15.363904,2628963.000000,217045.911800,265472.895300,44.981855,97399775.000000,8086656.253283,359840.000000,0.370816,51749.635283,0.644060,1.205100,-0.009200,-0.757638,54.650000,45.350000,1.823800,0.000000,0.000000,64.590000,35.410000,0.926800,-0.003300,-0.354801,48.100000,51.900000,binance_kline_quote_asset_volume,0.000000,0.000000,0.000000,0.000000,OK
399,2026-06-09 17:00:00 UTC,OPNUSDT,0.083100,0.084100,0.082400,0.083700,0.000700,0.843373,0.722022,2.045728,40.275432,5304,170,3.311258,5735386.000000,-120534.000000,-2.058327,477417.143100,-5101.664000,-1.057298,3076251.000000,256130.442100,221286.701000,53.649192,97180376.000000,8072337.494432,-219399.000000,-0.225256,-14318.758851,-0.177066,1.203600,-0.001500,-0.124471,54.620000,45.380000,1.822700,-0.001100,-0.060314,64.570000,35.430000,0.926400,-0.000400,-0.043159,48.090000,51.910000,binance_kline_quote_asset_volume,0.000000,0.000000,0.000000,0.000000,OK
400,2026-06-09 17:15:00 UTC,OPNUSDT,0.083600,0.085800,0.083600,0.085600,0.001900,2.270012,2.392344,2.631579,49.633213,5084,-220,-4.147813,5803405.000000,68019.000000,1.185953,493008.595000,15591.451900,3.265792,2815166.000000,239200.193000,253808.402000,48.518463,98052368.000000,8199745.956318,871992.000000,0.897292,127408.461886,1.578334,1.206500,0.002900,0.240944,54.680000,45.320000,1.833000,0.010300,0.565096,64.700000,35.300000,0.931200,0.004800,0.518135,48.220000,51.780000,binance_kline_quote_asset_volume,0.000000,0.000000,0.000000,0.000000,OK
401,2026-06-09 17:30:00 UTC,OPNUSDT,0.085600,0.085800,0.084600,0.085200,-0.000400,-0.467290,-0.467290,1.401869,47.930570,4104,-980,-19.276161,5035416.000000,-767989.000000,-13.233421,429048.853000,-63959.742000,-12.973352,2266449.000000,193268.873100,235779.979900,45.045890,97909301.000000,8371276.566476,-143067.000000,-0.145909,171530.610158,2.091902,1.201700,-0.004800,-0.397845,54.580000,45.420000,1.843900,0.010900,0.594654,64.840000,35.160000,0.930500,-0.000700,-0.075172,48.200000,51.800000,binance_kline_quote_asset_volume,0.000000,0.000000,0.000000,0.000000,OK
402,2026-06-09 17:45:00 UTC,OPNUSDT,0.085200,0.085200,0.084200,0.084600,-0.000600,-0.704225,-0.704225,1.173709,45.413957,3314,-790,-19.249513,3885332.000000,-1150084.000000,-22.839900,328681.323800,-100367.529200,-23.393031,1871875.000000,158450.470700,170230.853100,48.207932,97562198.000000,8312299.269600,-347103.000000,-0.354515,-58977.296876,-0.704520,1.205100,0.003400,0.282933,54.650000,45.350000,1.843400,-0.000500,-0.027116,64.830000,35.170000,0.932400,0.001900,0.204191,48.250000,51.750000,binance_kline_quote_asset_volume,0.000000,0.000000,0.000000,0.000000,OK
403,2026-06-09 18:00:00 UTC,OPNUSDT,0.084700,0.087600,0.084600,0.086900,0.002300,2.718676,2.597403,3.541913,55.137943,6644,3330,100.482800,7168281.000000,3282949.000000,84.495971,620364.762200,291683.438400,88.743539,3784307.000000,327346.407800,293018.354400,52.766764,97369701.000000,8248893.302042,-192497.000000,-0.197307,-63405.967558,-0.762797,1.207000,0.001900,0.157663,54.690000,45.310000,1.841400,-0.002000,-0.108495,64.810000,35.190000,0.932400,0.000000,0.000000,48.250000,51.750000,binance_kline_quote_asset_volume,0.000000,0.000000,0.000000,0.000000,OK
404,2026-06-09 18:15:00 UTC,OPNUSDT,0.086900,0.087800,0.086100,0.087500,0.000600,0.690449,0.690449,1.956272,57.276110,4968,-1676,-25.225768,6083905.000000,-1084376.000000,-15.127420,528508.075000,-91856.687200,-14.806883,2804123.000000,243556.712600,284951.362400,46.083820,97231434.000000,8449411.614600,-138267.000000,-0.142002,200518.312558,2.430851,1.200700,-0.006300,-0.521955,54.560000,45.440000,1.822000,-0.019400,-1.053546,64.560000,35.440000,0.929400,-0.003000,-0.321750,48.170000,51.830000,binance_kline_quote_asset_volume,0.000000,0.000000,0.000000,0.000000,OK
405,2026-06-09 18:30:00 UTC,OPNUSDT,0.087500,0.089100,0.087000,0.088100,0.000600,0.685714,0.685714,2.400000,59.361945,6740,1772,35.668277,7479539.000000,1395634.000000,22.939773,661136.747100,132628.672100,25.094919,4081994.000000,360796.080800,300340.666300,54.572081,96554262.000000,8448497.925000,-677172.000000,-0.696454,-913.689600,-0.010814,1.195900,-0.004800,-0.399767,54.460000,45.540000,1.806200,-0.015800,-0.867179,64.360000,35.640000,0.928600,-0.000800,-0.086077,48.150000,51.850000,binance_kline_quote_asset_volume,0.000000,0.000000,0.000000,0.000000,OK
406,2026-06-09 18:45:00 UTC,OPNUSDT,0.088100,0.089200,0.087700,0.088200,0.000100,0.113507,0.113507,1.702611,59.714954,4314,-2426,-35.994065,4149043.000000,-3330496.000000,-44.528092,366879.423400,-294257.323700,-44.507785,2336743.000000,206655.082900,160224.340500,56.327793,96333980.000000,8487251.949533,-220282.000000,-0.228143,38754.024533,0.458709,1.193900,-0.002000,-0.167238,54.420000,45.580000,1.798000,-0.008200,-0.453992,64.260000,35.740000,0.929800,0.001200,0.129227,48.180000,51.820000,binance_kline_quote_asset_volume,0.000000,0.000000,0.000000,0.000000,OK
407,2026-06-09 19:00:00 UTC,OPNUSDT,0.088200,0.097100,0.087700,0.094000,0.005800,6.575964,6.575964,10.657596,73.884684,23683,19369,448.980065,27004615.000000,22855572.000000,550.863705,2520735.838500,2153856.415100,587.074738,14925430.000000,1393928.701400,1126807.137100,55.298484,96204707.000000,8485255.157400,-129273.000000,-0.134193,-1996.792133,-0.023527,1.190100,-0.003800,-0.318285,54.340000,45.660000,1.792500,-0.005500,-0.305895,64.190000,35.810000,0.933100,0.003300,0.354915,48.270000,51.730000,binance_kline_quote_asset_volume,0.000000,0.000000,0.000000,0.000000,OK
408,2026-06-09 19:15:00 UTC,OPNUSDT,0.094000,0.095600,0.091800,0.093400,-0.000600,-0.638298,-0.638298,4.042553,71.098646,14877,-8806,-37.182789,12743116.000000,-14261499.000000,-52.811340,1194583.076200,-1326152.762300,-52.609748,6395407.000000,599774.409900,594808.666300,50.207844,92770439.000000,8714531.270828,-3434268.000000,-3.569750,229276.113428,2.702053,1.212900,0.022800,1.915805,54.810000,45.190000,1.986600,0.194100,10.828452,66.520000,33.480000,0.935700,0.002600,0.278641,48.340000,51.660000,binance_kline_quote_asset_volume,0.000000,0.000000,0.000000,0.000000,OK
409,2026-06-09 19:30:00 UTC,OPNUSDT,0.093400,0.094300,0.091300,0.092600,-0.000800,-0.856531,-0.856531,3.211991,67.446761,9503,-5374,-36.122874,7261775.000000,-5481341.000000,-43.014134,673989.328100,-520593.748100,-43.579535,3569801.000000,331284.943500,342704.384600,49.152847,91915315.000000,8594081.952500,-855124.000000,-0.921763,-120449.318328,-1.382166,1.198300,-0.014600,-1.203727,54.510000,45.490000,1.974800,-0.011800,-0.593980,66.380000,33.620000,0.924900,-0.010800,-1.154216,48.050000,51.950000,binance_kline_quote_asset_volume,0.000000,0.000000,0.000000,0.000000,OK
410,2026-06-09 19:45:00 UTC,OPNUSDT,0.092600,0.093300,0.091600,0.093200,0.000600,0.647948,0.647948,1.835853,68.743470,5290,-4213,-44.333368,4238068.000000,-3023707.000000,-41.638676,391975.684500,-282013.643600,-41.842449,2197867.000000,203370.766800,188604.917700,51.883516,91764492.000000,8488215.510000,-150823.000000,-0.164089,-105866.442500,-1.231853,1.190600,-0.007700,-0.642577,54.350000,45.650000,1.981500,0.006700,0.339275,66.460000,33.540000,0.917200,-0.007700,-0.832522,47.840000,52.160000,binance_kline_quote_asset_volume,0.000000,0.000000,0.000000,0.000000,OK
411,2026-06-09 20:00:00 UTC,OPNUSDT,0.093200,0.095900,0.092600,0.095400,0.002200,2.360515,2.360515,3.540773,72.991646,10270,4980,94.139887,8764493.000000,4526425.000000,106.803973,825886.924200,433911.239700,110.698509,4130385.000000,388863.626600,437023.297600,47.084367,91803347.000000,8546891.605700,38855.000000,0.042342,58676.095700,0.691265,1.182900,-0.007700,-0.646733,54.190000,45.810000,1.973600,-0.007900,-0.398688,66.370000,33.630000,0.916100,-0.001100,-0.119930,47.810000,52.190000,binance_kline_quote_asset_volume,0.000000,0.000000,0.000000,0.000000,OK
412,2026-06-09 20:15:00 UTC,OPNUSDT,0.095400,0.096000,0.093100,0.093200,-0.002200,-2.306080,-2.306080,3.039832,63.672085,6690,-3580,-34.858812,7036682.000000,-1727811.000000,-19.713759,663207.415300,-162679.508900,-19.697552,2885891.000000,272006.598900,391200.816400,41.013805,91066342.000000,8695696.421062,-737005.000000,-0.802808,148804.815362,1.741040,1.171100,-0.011800,-0.997548,53.940000,46.060000,1.970800,-0.002800,-0.141873,66.340000,33.660000,0.910200,-0.005900,-0.644034,47.650000,52.350000,binance_kline_quote_asset_volume,0.000000,0.000000,0.000000,0.000000,OK
413,2026-06-09 20:30:00 UTC,OPNUSDT,0.093200,0.093300,0.091800,0.092900,-0.000300,-0.321888,-0.321888,1.609442,62.500194,3997,-2693,-40.254111,3697560.000000,-3339122.000000,-47.453075,342046.951300,-321160.464000,-48.425343,1643770.000000,152108.963800,189937.987500,44.470200,90246235.000000,8415540.830437,-820107.000000,-0.900560,-280155.590625,-3.221773,1.173000,0.001900,0.162241,53.980000,46.020000,1.974100,0.003300,0.167445,66.380000,33.620000,0.909900,-0.000300,-0.032960,47.640000,52.360000,binance_kline_quote_asset_volume,0.000000,0.000000,0.000000,0.000000,OK
414,2026-06-09 20:45:00 UTC,OPNUSDT,0.092800,0.093900,0.091900,0.093300,0.000400,0.430571,0.538793,2.155172,63.465716,3825,-172,-4.303227,2789388.000000,-908172.000000,-24.561386,258757.151100,-83289.800200,-24.350400,1409115.000000,130768.634100,127988.517000,50.537206,90267032.000000,8385807.272800,20797.000000,0.023045,-29733.557637,-0.353317,1.169700,-0.003300,-0.281330,53.910000,46.090000,1.985600,0.011500,0.582544,66.510000,33.490000,0.904800,-0.005100,-0.560501,47.500000,52.500000,binance_kline_quote_asset_volume,0.000000,0.000000,0.000000,0.000000,OK
415,2026-06-09 21:00:00 UTC,OPNUSDT,0.093300,0.093500,0.092100,0.092400,-0.000900,-0.964630,-0.964630,1.500536,59.738744,3905,80,2.091503,3072854.000000,283466.000000,10.162301,284939.512900,26182.361800,10.118508,1241793.000000,115334.875100,169604.637800,40.476968,90255121.000000,8422579.010081,-11911.000000,-0.013195,36771.737281,0.438500,1.162600,-0.007100,-0.606993,53.760000,46.240000,1.985000,-0.000600,-0.030218,66.500000,33.500000,0.908800,0.004000,0.442087,47.610000,52.390000,binance_kline_quote_asset_volume,0.000000,0.000000,0.000000,0.000000,OK
416,2026-06-09 21:15:00 UTC,OPNUSDT,0.092500,0.092600,0.090600,0.091900,-0.000500,-0.541126,-0.648649,2.162162,57.711114,5405,1500,38.412292,4234781.000000,1161927.000000,37.812633,387401.715500,102462.202600,35.959282,1731145.000000,158449.994900,228951.720600,40.900695,90214606.000000,8339492.307404,-40515.000000,-0.044889,-83086.702678,-0.986476,1.169200,0.006600,0.567693,53.900000,46.100000,1.994100,0.009100,0.458438,66.600000,33.400000,0.910200,0.001400,0.154049,47.650000,52.350000,binance_kline_quote_asset_volume,0.000000,0.000000,0.000000,0.000000,OK
417,2026-06-09 21:30:00 UTC,OPNUSDT,0.091900,0.093000,0.091500,0.092700,0.000800,0.870511,0.870511,1.632209,60.047686,2960,-2445,-45.235893,2245055.000000,-1989726.000000,-46.985334,207328.469900,-180073.245600,-46.482305,1199649.000000,110817.965800,96510.504100,53.450433,89881170.000000,8260079.523000,-333436.000000,-0.369603,-79412.784404,-0.952250,1.170100,0.000900,0.076976,53.920000,46.080000,2.013800,0.019700,0.987914,66.820000,33.180000,0.904000,-0.006200,-0.681169,47.480000,52.520000,binance_kline_quote_asset_volume,0.000000,0.000000,0.000000,0.000000,OK
418,2026-06-09 21:45:00 UTC,OPNUSDT,0.092600,0.094800,0.092500,0.092800,0.000100,0.107875,0.215983,2.483801,60.342651,3975,1015,34.290541,2653694.000000,408639.000000,18.201737,248031.710100,40703.240200,19.632248,1461588.000000,136756.639400,111275.070700,55.136756,90000466.000000,8329622.328710,119296.000000,0.132726,69542.805710,0.841914,1.170100,0.000000,0.000000,53.920000,46.080000,1.998700,-0.015100,-0.749826,66.650000,33.350000,0.905500,0.001500,0.165929,47.520000,52.480000,binance_kline_quote_asset_volume,0.000000,0.000000,0.000000,0.000000,OK
419,2026-06-09 22:00:00 UTC,OPNUSDT,0.092700,0.092800,0.091500,0.092400,-0.000400,-0.431034,-0.323625,1.402373,58.482701,3597,-378,-9.509434,2113006.000000,-540688.000000,-20.374919,194868.514400,-53163.195700,-21.434032,979324.000000,90376.799500,104491.714900,46.378349,89902932.000000,8342351.980724,-97534.000000,-0.108371,12729.652014,0.152824,1.174900,0.004800,0.410221,54.020000,45.980000,1.994600,-0.004100,-0.205133,66.610000,33.390000,0.912800,0.007300,0.806184,47.720000,52.280000,binance_kline_quote_asset_volume,0.000000,0.000000,0.000000,0.000000,OK
420,2026-06-09 22:15:00 UTC,OPNUSDT,0.092300,0.092500,0.091800,0.092100,-0.000300,-0.324675,-0.216685,0.758397,57.062104,1998,-1599,-44.453711,1271400.000000,-841606.000000,-39.829797,117173.085200,-77695.429200,-39.870694,462114.000000,42598.872600,74574.212600,36.355510,89697175.000000,8281898.931750,-205757.000000,-0.228866,-60453.048974,-0.724652,1.171600,-0.003300,-0.280875,53.950000,46.050000,2.006700,0.012100,0.606638,66.740000,33.260000,0.911300,-0.001500,-0.164330,47.680000,52.320000,binance_kline_quote_asset_volume,0.000000,0.000000,0.000000,0.000000,OK
421,2026-06-09 22:30:00 UTC,OPNUSDT,0.092100,0.093100,0.091300,0.091900,-0.000200,-0.217155,-0.217155,1.954397,56.084021,2791,793,39.689690,2266112.000000,994712.000000,78.237533,208844.400300,91671.315100,78.235812,980502.000000,90343.087500,118501.312800,43.258563,89583396.000000,8254649.482745,-113779.000000,-0.126848,-27249.449005,-0.329024,1.169200,-0.002400,-0.204848,53.900000,46.100000,2.006000,-0.000700,-0.034883,66.730000,33.270000,0.907700,-0.003600,-0.395040,47.580000,52.420000,binance_kline_quote_asset_volume,0.000000,0.000000,0.000000,0.000000,OK
422,2026-06-09 22:45:00 UTC,OPNUSDT,0.091800,0.092100,0.090400,0.091000,-0.000900,-0.979325,-0.871460,1.851852,51.782625,3454,663,23.754927,4082026.000000,1815914.000000,80.133462,372361.494100,163517.093800,78.296135,1021753.000000,93358.295900,279003.198200,25.071952,89430276.000000,8221583.726178,-153120.000000,-0.170925,-33065.756567,-0.400571,1.167800,-0.001400,-0.119740,53.870000,46.130000,2.011000,0.005000,0.249252,66.790000,33.210000,0.906200,-0.001500,-0.165253,47.540000,52.460000,binance_kline_quote_asset_volume,0.000000,0.000000,0.000000,0.000000,OK
423,2026-06-09 23:00:00 UTC,OPNUSDT,0.091100,0.091900,0.090500,0.091800,0.000800,0.879121,0.768386,1.536773,55.080522,4351,897,25.969890,3797917.000000,-284109.000000,-6.960000,345972.271800,-26389.222300,-7.086990,1816533.000000,165625.061200,180347.210600,47.872351,89146122.000000,8116984.405095,-284154.000000,-0.317738,-104599.321083,-1.272253,1.173400,0.005600,0.479534,53.990000,46.010000,2.005600,-0.005400,-0.268523,66.730000,33.270000,0.902600,-0.003600,-0.397263,47.440000,52.560000,binance_kline_quote_asset_volume,0.000000,0.000000,0.000000,0.000000,OK
424,2026-06-09 23:15:00 UTC,OPNUSDT,0.091800,0.091800,0.090300,0.090700,-0.001100,-1.198257,-1.198257,1.633987,50.015032,2657,-1694,-38.933578,1984979.000000,-1812938.000000,-47.735061,180706.954400,-165265.317400,-47.768371,714746.000000,65099.478700,115607.475700,36.024888,89045027.000000,8179555.969434,-101095.000000,-0.113404,62571.564339,0.770872,1.167300,-0.006100,-0.519857,53.860000,46.140000,2.010400,0.004800,0.239330,66.780000,33.220000,0.901500,-0.001100,-0.121870,47.410000,52.590000,binance_kline_quote_asset_volume,0.000000,0.000000,0.000000,0.000000,OK
425,2026-06-09 23:30:00 UTC,OPNUSDT,0.090700,0.091400,0.089400,0.090000,-0.000700,-0.771775,-0.771775,2.205072,47.049720,3511,854,32.141513,3508679.000000,1523700.000000,76.761517,316977.042000,136270.087600,75.409432,1644474.000000,148758.868300,168218.173700,46.930487,88843680.000000,8057033.440920,-201347.000000,-0.226118,-122522.528514,-1.497912,1.165400,-0.001900,-0.162769,53.820000,46.180000,2.006000,-0.004400,-0.218862,66.730000,33.270000,0.899300,-0.002200,-0.244038,47.350000,52.650000,binance_kline_quote_asset_volume,0.000000,0.000000,0.000000,0.000000,OK
426,2026-06-09 23:45:00 UTC,OPNUSDT,0.090000,0.092700,0.090000,0.091700,0.001700,1.888889,1.888889,3.000000,54.158064,6446,2935,83.594418,6135847.000000,2627168.000000,74.876271,564007.281100,247030.239100,77.933164,3942703.000000,362276.429500,201730.851600,64.232580,88491030.000000,7966876.632940,-352650.000000,-0.396933,-90156.807980,-1.118983,1.163100,-0.002300,-0.197357,53.770000,46.230000,2.007300,0.001300,0.064806,66.750000,33.250000,0.892500,-0.006800,-0.756144,47.160000,52.840000,binance_kline_quote_asset_volume,0.000000,0.000000,0.000000,0.000000,OK
427,2026-06-10 00:00:00 UTC,OPNUSDT,0.091600,0.092300,0.090700,0.091700,0.000000,0.000000,0.109170,1.746725,54.158064,3387,-3059,-47.455787,3813279.000000,-2322568.000000,-37.852443,348297.091800,-215710.189300,-38.245994,2075558.000000,189356.366700,158940.725100,54.366336,88409445.000000,8101531.222648,-81585.000000,-0.092196,134654.589708,1.690180,1.163600,0.000500,0.042989,53.780000,46.220000,2.080000,0.072700,3.621781,67.530000,32.470000,0.889300,-0.003200,-0.358543,47.070000,52.930000,binance_kline_quote_asset_volume,0.000000,0.000000,0.000000,0.000000,OK
428,2026-06-10 00:15:00 UTC,OPNUSDT,0.091600,0.094400,0.091600,0.094400,0.002700,2.944384,3.056769,3.056769,63.246398,5189,1802,53.203425,6023429.000000,2210150.000000,57.959305,561458.918900,213161.827100,61.201150,3696267.000000,344448.092500,217010.826400,61.348761,88603882.000000,8122942.520308,194437.000000,0.219928,21411.297660,0.264287,1.168300,0.004700,0.403919,53.880000,46.120000,2.031400,-0.048600,-2.336538,67.010000,32.990000,0.886100,-0.003200,-0.359834,46.980000,53.020000,binance_kline_quote_asset_volume,0.000000,0.000000,0.000000,0.000000,OK
429,2026-06-10 00:30:00 UTC,OPNUSDT,0.094400,0.096600,0.093700,0.095800,0.001400,1.483051,1.483051,3.072034,66.909687,8456,3267,62.960108,8400427.000000,2376998.000000,39.462539,799831.179400,238372.260500,42.455869,4782514.000000,455506.166700,344325.012700,56.950289,89764594.000000,8473943.738099,1160712.000000,1.310001,351001.217791,4.321109,1.165900,-0.002400,-0.205427,53.830000,46.170000,2.064800,0.033400,1.644186,67.370000,32.630000,0.890400,0.004300,0.485273,47.100000,52.900000,binance_kline_quote_asset_volume,0.000000,0.000000,0.000000,0.000000,OK
430,2026-06-10 00:45:00 UTC,OPNUSDT,0.095700,0.095700,0.091800,0.092800,-0.003000,-3.131524,-3.030303,4.075235,54.397620,7556,-900,-10.643330,7309394.000000,-1091033.000000,-12.987828,683275.926500,-116555.252900,-14.572482,2995934.000000,280140.770100,403135.156400,40.999655,90308357.000000,8651540.600600,543763.000000,0.605766,177596.862501,2.095799,1.175300,0.009400,0.806244,54.030000,45.970000,2.041400,-0.023400,-1.133282,67.120000,32.880000,0.908400,0.018000,2.021563,47.600000,52.400000,binance_kline_quote_asset_volume,0.000000,0.000000,0.000000,0.000000,OK
431,2026-06-10 01:00:00 UTC,OPNUSDT,0.092800,0.093700,0.091900,0.092700,-0.000100,-0.107759,-0.107759,1.939655,54.034895,4457,-3099,-41.013764,3298122.000000,-4011272.000000,-54.878311,305883.535800,-377392.390700,-55.232795,1714316.000000,159012.410200,146871.125600,51.984625,89806269.000000,8330149.316881,-502088.000000,-0.555971,-321391.283719,-3.714845,1.177700,0.002400,0.204203,54.080000,45.920000,2.051400,0.010000,0.489860,67.230000,32.770000,0.902600,-0.005800,-0.638485,47.440000,52.560000,binance_kline_quote_asset_volume,0.000000,0.000000,0.000000,0.000000,OK
432,2026-06-10 01:15:00 UTC,OPNUSDT,0.092800,0.092900,0.091000,0.091200,-0.001500,-1.618123,-1.724138,2.047414,48.780528,3832,-625,-14.022885,3580994.000000,282872.000000,8.576760,328004.155300,22120.619500,7.231713,1351460.000000,123912.198700,204091.956600,37.777631,89364683.000000,8293811.118674,-441586.000000,-0.491710,-36338.198207,-0.436225,1.169200,-0.008500,-0.721746,53.900000,46.100000,2.052000,0.000600,0.029248,67.240000,32.760000,0.898600,-0.004000,-0.443164,47.330000,52.670000,binance_kline_quote_asset_volume,0.000000,0.000000,0.000000,0.000000,OK
433,2026-06-10 01:30:00 UTC,OPNUSDT,0.091200,0.092200,0.090900,0.091400,0.000200,0.219298,0.219298,1.425439,49.485842,3290,-542,-14.144050,3190549.000000,-390445.000000,-10.903258,292050.474900,-35953.680400,-10.961349,1422599.000000,130292.599800,161757.875100,44.613042,88942490.000000,8108346.932386,-422193.000000,-0.472438,-185464.186288,-2.236176,1.162600,-0.006600,-0.564489,53.760000,46.240000,2.066200,0.014200,0.692008,67.390000,32.610000,0.892900,-0.005700,-0.634320,47.170000,52.830000,binance_kline_quote_asset_volume,0.000000,0.000000,0.000000,0.000000,OK
434,2026-06-10 01:45:00 UTC,OPNUSDT,0.091400,0.093200,0.091300,0.093100,0.001700,1.859956,1.859956,2.078775,55.140491,2819,-471,-14.316109,2053840.000000,-1136709.000000,-35.627379,189533.413600,-102517.061300,-35.102515,1110425.000000,102515.309900,87018.103700,54.088252,89130499.000000,8146527.608600,188009.000000,0.211383,38180.676214,0.470881,1.158900,-0.003700,-0.318252,53.680000,46.320000,2.077800,0.011600,0.561417,67.510000,32.490000,0.890000,-0.002900,-0.324784,47.090000,52.910000,binance_kline_quote_asset_volume,0.000000,0.000000,0.000000,0.000000,OK
435,2026-06-10 02:00:00 UTC,OPNUSDT,0.093100,0.094900,0.093000,0.094300,0.001200,1.288937,1.288937,2.040816,58.658491,5395,2576,91.379922,4844044.000000,2790204.000000,135.853036,455860.689700,266327.276100,140.517321,2591877.000000,243898.546900,211962.142800,53.502869,89283109.000000,8307990.608121,152610.000000,0.171221,161462.999521,1.981986,1.157500,-0.001400,-0.120804,53.650000,46.350000,2.079400,0.001600,0.077005,67.530000,32.470000,0.891100,0.001100,0.123596,47.120000,52.880000,binance_kline_quote_asset_volume,0.000000,0.000000,0.000000,0.000000,OK
436,2026-06-10 02:15:00 UTC,OPNUSDT,0.094300,0.094600,0.093000,0.094100,-0.000200,-0.212089,-0.212089,1.696713,57.844283,3452,-1943,-36.014829,2738860.000000,-2105184.000000,-43.459225,257013.034700,-198847.655000,-43.620268,1290225.000000,121161.408100,135851.626600,47.142126,89570774.000000,8446523.988200,287665.000000,0.322194,138533.380079,1.667472,1.202200,0.044700,3.861771,54.590000,45.410000,2.135400,0.056000,2.693085,68.110000,31.890000,0.895700,0.004600,0.516216,47.250000,52.750000,binance_kline_quote_asset_volume,0.000000,0.000000,0.000000,0.000000,OK
437,2026-06-10 02:30:00 UTC,OPNUSDT,0.094000,0.094900,0.091900,0.093000,-0.001100,-1.168969,-1.063830,3.191489,53.449894,4235,783,22.682503,3778451.000000,1039591.000000,37.957070,352101.660600,95088.625900,36.997589,1816591.000000,169454.236100,182647.424500,48.126509,89313032.000000,8413287.614400,-257742.000000,-0.287752,-33236.373800,-0.393492,1.200200,-0.002000,-0.166362,54.550000,45.450000,2.139400,0.004000,0.187319,68.150000,31.850000,0.891400,-0.004300,-0.480071,47.130000,52.870000,binance_kline_quote_asset_volume,0.000000,0.000000,0.000000,0.000000,OK
438,2026-06-10 02:45:00 UTC,OPNUSDT,0.093000,0.094200,0.092300,0.093900,0.000900,0.967742,0.967742,2.043011,56.370373,3854,-381,-8.996458,3292534.000000,-485917.000000,-12.860217,307270.357400,-44831.303200,-12.732488,1598966.000000,149394.848400,157875.509000,48.620000,89439601.000000,8320830.822249,126569.000000,0.141714,-92456.792151,-1.098938,1.198300,-0.001900,-0.158307,54.510000,45.490000,2.142600,0.003200,0.149575,68.180000,31.820000,0.891800,0.000400,0.044873,47.140000,52.860000,binance_kline_quote_asset_volume,0.000000,0.000000,0.000000,0.000000,OK
439,2026-06-10 03:00:00 UTC,OPNUSDT,0.093900,0.098000,0.093800,0.096700,0.002800,2.981896,2.981896,4.472843,63.948429,9875,6021,156.227296,9873810.000000,6581276.000000,199.884830,949280.925700,642010.568300,208.939962,5662606.000000,544013.571000,405267.354700,57.307964,89167340.000000,8375380.353719,-272261.000000,-0.304408,54549.531470,0.655578,1.199700,0.001400,0.116832,54.540000,45.460000,2.132600,-0.010000,-0.466723,68.080000,31.920000,0.891400,-0.000400,-0.044853,47.130000,52.870000,binance_kline_quote_asset_volume,0.000000,0.000000,0.000000,0.000000,OK
440,2026-06-10 03:15:00 UTC,OPNUSDT,0.096600,0.098700,0.094700,0.096100,-0.000600,-0.620476,-0.517598,4.140787,61.484000,12869,2994,30.318987,12865810.000000,2992000.000000,30.302386,1246550.987500,297270.061800,31.315289,6415640.000000,621904.534300,624646.453200,49.890020,89228726.000000,8636269.932088,61386.000000,0.068844,260889.578369,3.114958,1.222700,0.023000,1.917146,55.010000,44.990000,2.133200,0.000600,0.028135,68.080000,31.920000,0.918600,0.027200,3.051380,47.880000,52.120000,binance_kline_quote_asset_volume,0.000000,0.000000,0.000000,0.000000,OK
441,2026-06-10 03:30:00 UTC,OPNUSDT,0.096100,0.097600,0.094600,0.096400,0.000300,0.312175,0.312175,3.121748,62.267001,7580,-5289,-41.098764,6699886.000000,-6165924.000000,-47.924880,644328.867200,-602222.120300,-48.311070,3268022.000000,314274.394300,330054.472900,48.775464,89995873.000000,8656460.035013,767147.000000,0.859753,20190.102925,0.233783,1.257300,0.034600,2.829803,55.700000,44.300000,2.138200,0.005000,0.234390,68.130000,31.870000,0.957300,0.038700,4.212933,48.910000,51.090000,binance_kline_quote_asset_volume,0.000000,0.000000,0.000000,0.000000,OK
442,2026-06-10 03:45:00 UTC,OPNUSDT,0.096500,0.100300,0.095400,0.099200,0.002800,2.904564,2.797927,5.077720,68.669017,11734,4154,54.802111,10681379.000000,3981493.000000,59.426280,1048093.056700,403764.189500,62.664302,5693558.000000,558556.407100,489536.649600,53.292635,90446034.000000,8734802.217581,450161.000000,0.500202,78342.182568,0.905014,1.272200,0.014900,1.185079,55.990000,44.010000,2.131000,-0.007200,-0.336732,68.060000,31.940000,0.971200,0.013900,1.452000,49.270000,50.730000,binance_kline_quote_asset_volume,0.000000,0.000000,0.000000,0.000000,OK
443,2026-06-10 04:00:00 UTC,OPNUSDT,0.099200,0.099500,0.093300,0.094100,-0.005100,-5.141129,-5.141129,6.250000,51.522107,16697,4963,42.295892,17812834.000000,7131455.000000,66.765302,1715868.727200,667775.670500,63.713395,8322769.000000,801295.303500,914573.423700,46.699103,90943226.000000,9032549.413740,497192.000000,0.549711,297747.196158,3.408746,1.269600,-0.002600,-0.204370,55.940000,44.060000,2.111000,-0.020000,-0.938527,67.860000,32.140000,0.981400,0.010200,1.050247,49.530000,50.470000,binance_kline_quote_asset_volume,0.000000,0.000000,0.000000,0.000000,OK
444,2026-06-10 04:15:00 UTC,OPNUSDT,0.094100,0.094100,0.091500,0.092200,-0.001900,-2.019129,-2.019129,2.763018,46.830497,10629,-6068,-36.341858,11163251.000000,-6649583.000000,-37.330292,1033271.439000,-682597.288200,-39.781440,4978883.000000,461020.203800,572251.235200,44.617531,91035771.000000,8575569.628200,92545.000000,0.101761,-456979.785540,-5.059256,1.293100,0.023500,1.850977,56.390000,43.610000,2.089900,-0.021100,-0.999526,67.640000,32.360000,0.994400,0.013000,1.324638,49.860000,50.140000,binance_kline_quote_asset_volume,0.000000,0.000000,0.000000,0.000000,OK
445,2026-06-10 04:30:00 UTC,OPNUSDT,0.092300,0.092900,0.090300,0.091200,-0.001000,-1.084599,-1.191766,2.816901,44.532062,8526,-2103,-19.785493,10378213.000000,-785038.000000,-7.032342,949866.699900,-83404.739100,-8.071910,4124439.000000,377941.305100,571925.394800,39.788878,91101820.000000,8402857.448320,66049.000000,0.072553,-172712.179880,-2.014002,1.275300,-0.017800,-1.376537,56.050000,43.950000,2.083000,-0.006900,-0.330159,67.560000,32.440000,0.972400,-0.022000,-2.212389,49.300000,50.700000,binance_kline_quote_asset_volume,0.000000,0.000000,0.000000,0.000000,OK
446,2026-06-10 04:45:00 UTC,OPNUSDT,0.091300,0.091800,0.090000,0.090600,-0.000600,-0.657895,-0.766703,1.971522,43.163220,5513,-3013,-35.338963,5316487.000000,-5061726.000000,-48.772616,483917.842200,-465948.857700,-49.054131,2265811.000000,206543.183200,277374.659000,42.681456,90809459.000000,8272763.509170,-292361.000000,-0.320917,-130093.939150,-1.548211,1.273200,-0.002100,-0.164667,56.010000,43.990000,2.083100,0.000100,0.004801,67.570000,32.430000,0.962300,-0.010100,-1.038667,49.040000,50.960000,binance_kline_quote_asset_volume,0.000000,0.000000,0.000000,0.000000,OK
447,2026-06-10 05:00:00 UTC,OPNUSDT,0.090500,0.091200,0.089600,0.090300,-0.000300,-0.331126,-0.220994,1.767956,42.460440,6250,737,13.368402,5563613.000000,247126.000000,4.648295,503098.046400,19180.204200,3.963525,2319815.000000,209976.065100,293121.981300,41.736609,90793957.000000,8216853.108500,-15502.000000,-0.017071,-55910.400670,-0.675837,1.267600,-0.005600,-0.439837,55.900000,44.100000,2.089000,0.005900,0.283232,67.630000,32.370000,0.959200,-0.003100,-0.322145,48.960000,51.040000,binance_kline_quote_asset_volume,0.000000,0.000000,0.000000,0.000000,OK
448,2026-06-10 05:15:00 UTC,OPNUSDT,0.090200,0.091300,0.089700,0.091200,0.000900,0.996678,1.108647,1.773836,45.335941,3716,-2534,-40.544000,3135637.000000,-2427976.000000,-43.640275,283596.883300,-219501.163100,-43.629898,1726466.000000,156276.276900,127320.606400,55.105076,90908003.000000,8208992.670900,114046.000000,0.125610,-7860.437600,-0.095662,1.272200,0.004600,0.362891,55.990000,44.010000,2.096600,0.007600,0.363810,67.710000,32.290000,0.960400,0.001200,0.125104,48.990000,51.010000,binance_kline_quote_asset_volume,0.000000,0.000000,0.000000,0.000000,OK
449,2026-06-10 05:30:00 UTC,OPNUSDT,0.091300,0.093000,0.091200,0.092100,0.000900,0.986842,0.876232,1.971522,48.127635,5011,1295,34.849300,5150220.000000,2014583.000000,64.247966,473489.887000,189893.003700,66.958777,2840192.000000,261128.294000,212361.593000,55.149709,91526768.000000,8351235.469756,618765.000000,0.680650,142242.798856,1.732768,1.271200,-0.001000,-0.078604,55.970000,44.030000,2.094200,-0.002400,-0.114471,67.680000,32.320000,0.959600,-0.000800,-0.083299,48.970000,51.030000,binance_kline_quote_asset_volume,0.000000,0.000000,0.000000,0.000000,OK
450,2026-06-10 05:45:00 UTC,OPNUSDT,0.092100,0.094900,0.091900,0.093400,0.001300,1.411509,1.411509,3.257329,51.945214,5901,890,17.760926,5441791.000000,291571.000000,5.661331,509011.739500,35521.852500,7.502135,2598657.000000,242966.944000,266044.795500,47.733073,91887750.000000,8463643.739752,360982.000000,0.394400,112408.269997,1.346008,1.261900,-0.009300,-0.731592,55.790000,44.210000,2.073800,-0.020400,-0.974119,67.470000,32.530000,0.962700,0.003100,0.323051,49.050000,50.950000,binance_kline_quote_asset_volume,0.000000,0.000000,0.000000,0.000000,OK
451,2026-06-10 06:00:00 UTC,OPNUSDT,0.093400,0.094000,0.091400,0.091800,-0.001600,-1.713062,-1.713062,2.783726,47.328470,5293,-608,-10.303338,4756657.000000,-685134.000000,-12.590230,440076.322000,-68935.417500,-13.542992,2169266.000000,200857.771300,239218.550700,45.641577,91753535.000000,8578955.522500,-134215.000000,-0.146064,115311.782748,1.362437,1.271200,0.009300,0.736984,55.970000,44.030000,2.097600,0.023800,1.147652,67.720000,32.280000,0.971600,0.008900,0.924483,49.280000,50.720000,binance_kline_quote_asset_volume,0.000000,0.000000,0.000000,0.000000,OK
452,2026-06-10 06:15:00 UTC,OPNUSDT,0.091700,0.092200,0.090800,0.091500,-0.000300,-0.326797,-0.218103,1.526718,46.494071,3672,-1621,-30.625354,3600733.000000,-1155924.000000,-24.301185,328902.109000,-111174.213000,-25.262485,1425810.000000,130354.547200,198547.561800,39.633235,91059344.000000,8359247.779200,-694191.000000,-0.756582,-219707.743300,-2.561008,1.273200,0.002000,0.157332,56.010000,43.990000,2.098400,0.000800,0.038139,67.730000,32.270000,0.966200,-0.005400,-0.555784,49.140000,50.860000,binance_kline_quote_asset_volume,0.000000,0.000000,0.000000,0.000000,OK
453,2026-06-10 06:30:00 UTC,OPNUSDT,0.091400,0.091900,0.090600,0.091700,0.000200,0.218579,0.328228,1.422319,47.162852,3121,-551,-15.005447,3284710.000000,-316023.000000,-8.776630,299826.114000,-29075.995000,-8.840319,1599004.000000,146042.079700,153784.034300,48.708926,90518816.000000,8282471.664000,-540528.000000,-0.593600,-76776.115200,-0.918457,1.277400,0.004200,0.329877,56.090000,43.910000,2.102000,0.003600,0.171559,67.760000,32.240000,0.966200,0.000000,0.000000,49.140000,50.860000,binance_kline_quote_asset_volume,0.000000,0.000000,0.000000,0.000000,OK
454,2026-06-10 06:45:00 UTC,OPNUSDT,0.091600,0.092300,0.090400,0.090600,-0.001100,-1.199564,-1.091703,2.074236,43.911892,2632,-489,-15.668055,2188447.000000,-1096263.000000,-33.374727,200339.179900,-99486.934100,-33.181544,987753.000000,90600.554900,109738.625000,45.223583,90507020.000000,8299493.734000,-11796.000000,-0.013032,17022.070000,0.205519,1.272200,-0.005200,-0.407077,55.990000,44.010000,2.108400,0.006400,0.304472,67.830000,32.170000,0.966200,0.000000,0.000000,49.140000,50.860000,binance_kline_quote_asset_volume,0.000000,0.000000,0.000000,0.000000,OK
455,2026-06-10 07:00:00 UTC,OPNUSDT,0.090700,0.091900,0.090200,0.090800,0.000200,0.220751,0.110254,1.874311,44.658825,3712,1080,41.033435,3138070.000000,949623.000000,43.392552,285836.689000,85497.509100,42.676380,1577757.000000,143816.359200,142020.329800,50.314171,90601508.000000,8223832.742059,94488.000000,0.104399,-75660.991941,-0.911634,1.273200,0.001000,0.078604,56.010000,43.990000,2.114000,0.005600,0.265604,67.890000,32.110000,0.970400,0.004200,0.434693,49.250000,50.750000,binance_kline_quote_asset_volume,0.000000,0.000000,0.000000,0.000000,OK
456,2026-06-10 07:15:00 UTC,OPNUSDT,0.090800,0.092800,0.090700,0.091900,0.001100,1.211454,1.211454,2.312775,48.704905,4312,600,16.163793,4229267.000000,1091197.000000,34.772870,388640.772100,102804.083100,35.966021,2311988.000000,212309.811800,176330.960300,54.628806,90742894.000000,8239454.775200,141386.000000,0.156053,15622.033141,0.189960,1.272200,-0.001000,-0.078542,55.990000,44.010000,2.111500,-0.002500,-0.118259,67.860000,32.140000,0.969300,-0.001100,-0.113355,49.220000,50.780000,binance_kline_quote_asset_volume,0.000000,0.000000,0.000000,0.000000,OK
457,2026-06-10 07:30:00 UTC,OPNUSDT,0.091900,0.093800,0.091800,0.092300,0.000400,0.435256,0.435256,2.176279,50.132662,3274,-1038,-24.072356,2591402.000000,-1637865.000000,-38.726924,240450.066200,-148190.705900,-38.130509,1399015.000000,129733.513500,110716.552700,53.954451,90894461.000000,8353200.965900,151567.000000,0.167029,113746.190700,1.380506,1.270100,-0.002100,-0.165068,55.950000,44.050000,2.118800,0.007300,0.345726,67.940000,32.060000,0.969700,0.000400,0.041267,49.230000,50.770000,binance_kline_quote_asset_volume,0.000000,0.000000,0.000000,0.000000,OK
458,2026-06-10 07:45:00 UTC,OPNUSDT,0.092300,0.092500,0.090400,0.091400,-0.000900,-0.975081,-0.975081,2.275190,46.965129,3025,-249,-7.605376,2965782.000000,374380.000000,14.447006,270476.543600,30026.477400,12.487615,1097482.000000,100150.030700,170326.512900,37.027252,90749339.000000,8378805.702958,-145122.000000,-0.159660,25604.737058,0.306526,1.270700,0.000600,0.047240,55.960000,44.040000,2.127000,0.008200,0.387012,68.020000,31.980000,0.972000,0.002300,0.237187,49.290000,50.710000,binance_kline_quote_asset_volume,0.000000,0.000000,0.000000,0.000000,OK
459,2026-06-10 08:00:00 UTC,OPNUSDT,0.091500,0.093700,0.091300,0.092600,0.001200,1.312910,1.202186,2.622951,51.376466,4280,1255,41.487603,3527025.000000,561243.000000,18.923947,325599.706400,55123.162800,20.380016,1806700.000000,166580.554300,159019.152100,51.161150,90542341.000000,8290312.071362,-206998.000000,-0.228099,-88493.631597,-1.056160,1.274800,0.004100,0.322657,56.040000,43.960000,2.115500,-0.011500,-0.540668,67.900000,32.100000,0.972000,0.000000,0.000000,49.290000,50.710000,binance_kline_quote_asset_volume,0.000000,0.000000,0.000000,0.000000,OK
460,2026-06-10 08:15:00 UTC,OPNUSDT,0.092600,0.092700,0.091200,0.091800,-0.000800,-0.863931,-0.863931,1.619870,48.481282,2671,-1609,-37.593458,2113708.000000,-1413317.000000,-40.071080,194325.330000,-131274.376400,-40.317720,962948.000000,88543.542900,105781.787100,45.564592,90489968.000000,8379371.036800,-52373.000000,-0.057844,89058.965438,1.074253,1.272200,-0.002600,-0.203954,55.990000,44.010000,2.120400,0.004900,0.231624,67.950000,32.050000,0.972400,0.000400,0.041152,49.300000,50.700000,binance_kline_quote_asset_volume,0.000000,0.000000,0.000000,0.000000,OK
461,2026-06-10 08:30:00 UTC,OPNUSDT,0.091900,0.092800,0.091000,0.091200,-0.000600,-0.653595,-0.761697,1.958651,46.370702,3343,672,25.159116,3093485.000000,979777.000000,46.353470,283873.953300,89548.623300,46.081807,1302331.000000,119635.691000,164238.262300,42.143948,90492998.000000,8307257.216400,3030.000000,0.003348,-72113.820400,-0.860611,1.272200,0.000000,0.000000,55.990000,44.010000,2.118800,-0.001600,-0.075457,67.940000,32.060000,0.971600,-0.000800,-0.082271,49.280000,50.720000,binance_kline_quote_asset_volume,0.000000,0.000000,0.000000,0.000000,OK
462,2026-06-10 08:45:00 UTC,OPNUSDT,0.091200,0.093400,0.091200,0.093200,0.002000,2.192982,2.192982,2.412281,53.618929,3994,651,19.473527,3750193.000000,656708.000000,21.228744,347133.934400,63259.981100,22.284532,1899258.000000,175731.513100,171402.421300,50.623548,90514584.000000,8254930.060800,21586.000000,0.023854,-52327.155600,-0.629897,1.262400,-0.009800,-0.770319,55.800000,44.200000,2.103900,-0.014900,-0.703228,67.780000,32.220000,0.970400,-0.001200,-0.123508,49.250000,50.750000,binance_kline_quote_asset_volume,0.000000,0.000000,0.000000,0.000000,OK
463,2026-06-10 09:00:00 UTC,OPNUSDT,0.093200,0.093200,0.091500,0.091500,-0.001700,-1.824034,-1.824034,1.824034,47.715640,4073,79,1.977967,2887334.000000,-862859.000000,-23.008389,266509.679700,-80624.254700,-23.225691,1424843.000000,131543.537600,134966.142100,49.357884,90394165.000000,8429127.526536,-120419.000000,-0.133038,174197.465736,2.110223,1.252800,-0.009600,-0.760456,55.610000,44.390000,2.089600,-0.014300,-0.679690,67.630000,32.370000,0.964600,-0.005800,-0.597692,49.100000,50.900000,binance_kline_quote_asset_volume,0.000000,0.000000,0.000000,0.000000,OK
464,2026-06-10 09:15:00 UTC,OPNUSDT,0.091500,0.091900,0.090700,0.091500,0.000000,0.000000,0.000000,1.311475,47.715640,4159,86,2.111466,4424818.000000,1537484.000000,53.249260,403996.111900,137486.432200,51.587782,2294631.000000,209647.558400,194348.553500,51.893459,90348833.000000,8281694.771137,-45332.000000,-0.050149,-147432.755399,-1.749087,1.254300,0.001500,0.119732,55.640000,44.360000,2.097400,0.007800,0.373277,67.710000,32.290000,0.967700,0.003100,0.321377,49.180000,50.820000,binance_kline_quote_asset_volume,0.000000,0.000000,0.000000,0.000000,OK
465,2026-06-10 09:30:00 UTC,OPNUSDT,0.091400,0.091400,0.088300,0.090100,-0.001400,-1.530055,-1.422319,3.391685,43.175571,7986,3827,92.017312,9663253.000000,5238435.000000,118.387581,865930.489500,461934.377600,114.341293,3811582.000000,341864.154900,524066.334600,39.479399,90813110.000000,8309475.848012,464277.000000,0.513872,27781.076875,0.335452,1.249700,-0.004600,-0.366738,55.550000,44.450000,2.101200,0.003800,0.181177,67.750000,32.250000,0.967000,-0.000700,-0.072336,49.160000,50.840000,binance_kline_quote_asset_volume,0.000000,0.000000,0.000000,0.000000,OK
466,2026-06-10 09:45:00 UTC,OPNUSDT,0.090100,0.090400,0.089100,0.090100,0.000000,0.000000,0.000000,1.442841,43.175571,3626,-4360,-54.595542,3314154.000000,-6349099.000000,-65.703537,297621.220300,-568309.269200,-65.629895,1631947.000000,146653.896000,150967.324300,49.275349,90577187.000000,8161004.548700,-235923.000000,-0.259790,-148471.299312,-1.786771,1.240100,-0.009600,-0.768184,55.360000,44.640000,2.109800,0.008600,0.409290,67.840000,32.160000,0.948200,-0.018800,-1.944157,48.670000,51.330000,binance_kline_quote_asset_volume,0.000000,0.000000,0.000000,0.000000,OK
467,2026-06-10 10:00:00 UTC,OPNUSDT,0.090200,0.090600,0.089200,0.090500,0.000400,0.443951,0.332594,1.552106,44.912400,3863,237,6.536128,3230876.000000,-83278.000000,-2.512798,290283.931400,-7337.288900,-2.465311,1597360.000000,143599.251100,146684.680300,49.468550,90315256.000000,8145341.470297,-261931.000000,-0.289180,-15663.078403,-0.191926,1.234600,-0.005500,-0.443513,55.250000,44.750000,2.112400,0.002600,0.123234,67.870000,32.130000,0.943300,-0.004900,-0.516769,48.540000,51.460000,binance_kline_quote_asset_volume,0.000000,0.000000,0.000000,0.000000,OK
468,2026-06-10 10:15:00 UTC,OPNUSDT,0.090500,0.090600,0.089300,0.090000,-0.000500,-0.552486,-0.552486,1.436464,43.137509,2323,-1540,-39.865390,2141872.000000,-1089004.000000,-33.706153,192363.590000,-97920.341400,-33.732608,856806.000000,77014.746300,115348.843700,40.036031,90137005.000000,8148385.252000,-178251.000000,-0.197365,3043.781703,0.037368,1.232600,-0.002000,-0.161996,55.210000,44.790000,2.113900,0.001500,0.071009,67.890000,32.110000,0.942100,-0.001200,-0.127213,48.510000,51.490000,binance_kline_quote_asset_volume,0.000000,0.000000,0.000000,0.000000,OK
469,2026-06-10 10:30:00 UTC,OPNUSDT,0.090100,0.090300,0.085100,0.087400,-0.002600,-2.888889,-2.996670,5.771365,35.320801,10639,8316,357.985364,14268884.000000,12127012.000000,566.187522,1242538.572600,1050174.982600,545.932306,5555594.000000,484117.836400,758420.736200,38.961997,90056122.000000,8114029.575363,-80883.000000,-0.089733,-34355.676637,-0.421626,1.229700,-0.002900,-0.235275,55.150000,44.850000,2.100300,-0.013600,-0.643361,67.750000,32.250000,0.941700,-0.000400,-0.042458,48.500000,51.500000,binance_kline_quote_asset_volume,0.000000,0.000000,0.000000,0.000000,OK
470,2026-06-10 10:45:00 UTC,OPNUSDT,0.087500,0.087800,0.087000,0.087300,-0.000100,-0.114416,-0.228571,0.914286,35.057675,3693,-6946,-65.288091,2891890.000000,-11376994.000000,-79.732893,252796.006000,-989742.566600,-79.654877,1427746.000000,124843.433700,127952.572300,49.385050,88811367.000000,7766994.548530,-1244755.000000,-1.382199,-347035.026833,-4.276975,1.220700,-0.009000,-0.731886,54.970000,45.030000,2.134600,0.034300,1.633100,68.100000,31.900000,0.916400,-0.025300,-2.686631,47.820000,52.180000,binance_kline_quote_asset_volume,0.000000,0.000000,0.000000,0.000000,OK
471,2026-06-10 11:00:00 UTC,OPNUSDT,0.087300,0.087700,0.084200,0.086000,-0.001300,-1.489118,-1.489118,4.009164,31.746676,9177,5484,148.497157,11794365.000000,8902475.000000,307.842795,1015726.665600,762930.659600,301.796959,4290864.000000,369861.621300,645865.044300,36.413499,88742482.000000,7748528.517634,-68885.000000,-0.077563,-18466.030896,-0.237750,1.210900,-0.009800,-0.802818,54.770000,45.230000,2.144800,0.010200,0.477841,68.200000,31.800000,0.909100,-0.007300,-0.796595,47.620000,52.380000,binance_kline_quote_asset_volume,0.000000,0.000000,0.000000,0.000000,OK
472,2026-06-10 11:15:00 UTC,OPNUSDT,0.086100,0.086600,0.085200,0.086400,0.000400,0.465116,0.348432,1.626016,33.817858,5467,-3710,-40.427155,4772705.000000,-7021660.000000,-59.534023,409496.508700,-606230.156900,-59.684379,2150944.000000,184595.475100,224901.033600,45.078644,87537294.000000,7536961.013400,-1205188.000000,-1.358073,-211567.504234,-2.730422,1.208500,-0.002400,-0.198200,54.720000,45.280000,2.144900,0.000100,0.004662,68.200000,31.800000,0.895000,-0.014100,-1.550984,47.230000,52.770000,binance_kline_quote_asset_volume,0.000000,0.000000,0.000000,0.000000,OK
473,2026-06-10 11:30:00 UTC,OPNUSDT,0.086400,0.086800,0.085500,0.086000,-0.000400,-0.462963,-0.462963,1.504630,32.747671,3601,-1866,-34.132065,3020205.000000,-1752500.000000,-36.719219,260301.106700,-149195.402000,-36.433864,1555299.000000,134152.071600,126149.035100,51.537265,87709426.000000,7578094.406400,172132.000000,0.196638,41133.393000,0.545756,1.204600,-0.003900,-0.322714,54.640000,45.360000,2.148700,0.003800,0.177164,68.240000,31.760000,0.894700,-0.000300,-0.033520,47.220000,52.780000,binance_kline_quote_asset_volume,0.000000,0.000000,0.000000,0.000000,OK
474,2026-06-10 11:45:00 UTC,OPNUSDT,0.086000,0.086400,0.085300,0.085800,-0.000200,-0.232558,-0.232558,1.279070,32.199002,3654,53,1.471813,3371170.000000,350965.000000,11.620569,289173.537100,28872.430400,11.091935,1533931.000000,131744.971100,157428.566000,45.559138,87906097.000000,7569359.303391,196671.000000,0.224230,-8735.103009,-0.115268,1.210900,0.006300,0.522995,54.770000,45.230000,2.148300,-0.000400,-0.018616,68.240000,31.760000,0.900400,0.005700,0.637085,47.380000,52.620000,binance_kline_quote_asset_volume,0.000000,0.000000,0.000000,0.000000,OK
475,2026-06-10 12:00:00 UTC,OPNUSDT,0.085900,0.085900,0.085300,0.085800,0.000000,0.000000,-0.116414,0.698487,32.199002,3645,-9,-0.246305,4764809.000000,1393639.000000,41.339921,408196.605600,119023.068500,41.159737,2378953.000000,203894.610700,204301.994900,49.950100,87898962.000000,7544879.480419,-7135.000000,-0.008117,-24479.822972,-0.323407,1.210400,-0.000500,-0.041292,54.760000,45.240000,2.139200,-0.009100,-0.423591,68.140000,31.860000,0.897500,-0.002900,-0.322079,47.300000,52.700000,binance_kline_quote_asset_volume,0.000000,0.000000,0.000000,0.000000,OK
476,2026-06-10 12:15:00 UTC,OPNUSDT,0.085800,0.086500,0.085000,0.086100,0.000300,0.349650,0.349650,1.748252,34.119215,2416,-1229,-33.717421,3224820.000000,-1539989.000000,-32.320057,276140.069600,-132056.536000,-32.351209,1545264.000000,132554.224100,143585.845500,48.002532,88817727.000000,7611679.203900,918765.000000,1.045251,66799.723481,0.885365,1.203100,-0.007300,-0.603106,54.610000,45.390000,2.129000,-0.010200,-0.476814,68.040000,31.960000,0.897500,0.000000,0.000000,47.300000,52.700000,binance_kline_quote_asset_volume,0.000000,0.000000,0.000000,0.000000,OK
477,2026-06-10 12:30:00 UTC,OPNUSDT,0.086100,0.087900,0.086000,0.087200,0.001100,1.277584,1.277584,2.206736,40.745783,4598,2182,90.314570,6626763.000000,3401943.000000,105.492493,577724.920300,301584.850700,109.214447,3901908.000000,340268.266500,237456.653800,58.897973,89024333.000000,7669775.677982,206606.000000,0.232618,58096.474082,0.763254,1.202200,-0.000900,-0.074807,54.590000,45.410000,2.129100,0.000100,0.004697,68.040000,31.960000,0.896500,-0.001000,-0.111421,47.270000,52.730000,binance_kline_quote_asset_volume,0.000000,0.000000,0.000000,0.000000,OK
478,2026-06-10 12:45:00 UTC,OPNUSDT,0.087300,0.088400,0.087100,0.087700,0.000500,0.573394,0.458190,1.489118,43.526376,2989,-1609,-34.993475,3053204.000000,-3573559.000000,-53.926163,267707.846100,-310017.074200,-53.661710,1798323.000000,157706.048000,110001.798100,58.909759,89492372.000000,7804380.973326,468039.000000,0.525743,134605.295344,1.755010,1.205600,0.003400,0.282815,54.660000,45.340000,2.163900,0.034800,1.634493,68.390000,31.610000,0.902600,0.006100,0.680424,47.440000,52.560000,binance_kline_quote_asset_volume,0.000000,0.000000,0.000000,0.000000,OK
479,2026-06-10 13:00:00 UTC,OPNUSDT,0.087600,0.088500,0.087500,0.087800,0.000100,0.114025,0.228311,1.141553,44.091458,3455,466,15.590498,3360571.000000,307367.000000,10.067031,295769.712700,28061.866600,10.482273,1909564.000000,168095.627800,127674.084900,56.833280,89376302.000000,7838301.685400,-116070.000000,-0.129698,33920.712074,0.434637,1.209500,0.003900,0.323490,54.740000,45.260000,2.161400,-0.002500,-0.115532,68.370000,31.630000,0.907700,0.005100,0.565034,47.580000,52.420000,binance_kline_quote_asset_volume,0.000000,0.000000,0.000000,0.000000,OK
480,2026-06-10 13:15:00 UTC,OPNUSDT,0.087900,0.089200,0.087900,0.088700,0.000900,1.025057,0.910125,1.478953,49.034237,3069,-386,-11.172214,3098514.000000,-262057.000000,-7.797990,274659.862700,-21109.850000,-7.137259,1491135.000000,132168.124800,142491.737900,48.120655,88823525.000000,7810336.047364,-552777.000000,-0.618483,-27965.638036,-0.356782,1.210400,0.000900,0.074411,54.760000,45.240000,2.155300,-0.006100,-0.282224,68.310000,31.690000,0.914600,0.006900,0.760163,47.770000,52.230000,binance_kline_quote_asset_volume,0.000000,0.000000,0.000000,0.000000,OK
481,2026-06-10 13:30:00 UTC,OPNUSDT,0.088700,0.090500,0.088600,0.090300,0.001600,1.803833,1.803833,2.142052,56.411962,3806,737,24.014337,4104756.000000,1006242.000000,32.474986,368006.475700,93346.613000,33.986259,2266917.000000,203259.285000,164747.190700,55.232529,88522432.000000,7851939.718400,-301093.000000,-0.338979,41603.671036,0.532675,1.213400,0.003000,0.247852,54.820000,45.180000,2.162900,0.007600,0.352619,68.380000,31.620000,0.923100,0.008500,0.929368,48.000000,52.000000,binance_kline_quote_asset_volume,0.000000,0.000000,0.000000,0.000000,OK
482,2026-06-10 13:45:00 UTC,OPNUSDT,0.090200,0.090700,0.089600,0.089900,-0.000400,-0.442968,-0.332594,1.219512,54.295866,3893,87,2.285864,4834176.000000,729420.000000,17.770118,435770.206500,67763.730800,18.413733,2126157.000000,191855.264200,243914.942300,44.026705,88596676.000000,8000279.842800,74244.000000,0.083870,148340.124400,1.889216,1.217800,0.004400,0.362617,54.910000,45.090000,2.170200,0.007300,0.337510,68.460000,31.540000,0.925700,0.002600,0.281660,48.070000,51.930000,binance_kline_quote_asset_volume,0.000000,0.000000,0.000000,0.000000,OK
483,2026-06-10 14:00:00 UTC,OPNUSDT,0.089900,0.091200,0.089700,0.090400,0.000500,0.556174,0.556174,1.668521,56.492815,4810,917,23.555099,5296743.000000,462567.000000,9.568683,479920.074200,44149.867700,10.131456,2658823.000000,241016.380400,238903.693800,50.220108,88339676.000000,7949122.069314,-257000.000000,-0.290079,-51157.773486,-0.639450,1.223700,0.005900,0.484480,55.030000,44.970000,2.148700,-0.021500,-0.990692,68.240000,31.760000,0.926800,0.001100,0.118829,48.100000,51.900000,binance_kline_quote_asset_volume,0.000000,0.000000,0.000000,0.000000,OK
484,2026-06-10 14:15:00 UTC,OPNUSDT,0.090500,0.091500,0.090000,0.090800,0.000400,0.442478,0.331492,1.657459,58.222938,2969,-1841,-38.274428,2746585.000000,-2550158.000000,-48.145776,249452.490000,-230467.584200,-48.022076,1416796.000000,128700.777500,120751.712500,51.593302,88061575.000000,7964347.844255,-278101.000000,-0.314809,15225.774942,0.191540,1.224200,0.000500,0.040860,55.040000,44.960000,2.153100,0.004400,0.204775,68.280000,31.720000,0.930900,0.004100,0.442382,48.210000,51.790000,binance_kline_quote_asset_volume,0.000000,0.000000,0.000000,0.000000,OK
485,2026-06-10 14:30:00 UTC,OPNUSDT,0.090800,0.091600,0.090600,0.091100,0.000300,0.330396,0.330396,1.101322,59.523018,2843,-126,-4.243853,3153149.000000,406564.000000,14.802528,287355.344900,37902.854900,15.194418,1721549.000000,156902.370100,130452.974800,54.602210,88271940.000000,8023919.346000,210365.000000,0.238884,59571.501745,0.747977,1.212400,-0.011800,-0.963895,54.800000,45.200000,2.154700,0.001600,0.074311,68.300000,31.700000,0.922300,-0.008600,-0.923837,47.980000,52.020000,binance_kline_quote_asset_volume,0.000000,0.000000,0.000000,0.000000,OK
486,2026-06-10 14:45:00 UTC,OPNUSDT,0.091000,0.092300,0.090700,0.092200,0.001100,1.207464,1.318681,1.758242,63.952595,4002,1159,40.766796,4653526.000000,1500377.000000,47.583448,425606.116800,138250.771900,48.111432,2678841.000000,245037.381100,180568.735700,57.573745,88502406.000000,8062569.186600,230466.000000,0.261086,38649.840600,0.481683,1.212900,0.000500,0.041241,54.810000,45.190000,2.135900,-0.018800,-0.872511,68.110000,31.890000,0.924600,0.002300,0.249377,48.040000,51.960000,binance_kline_quote_asset_volume,0.000000,0.000000,0.000000,0.000000,OK
487,2026-06-10 15:00:00 UTC,OPNUSDT,0.092200,0.100000,0.091900,0.098300,0.006100,6.616052,6.616052,8.785249,78.199935,22420,18418,460.219890,24971635.000000,20318109.000000,436.617503,2409373.462600,1983767.345800,466.104050,12743758.000000,1228499.911000,1180873.551600,50.988356,88719337.000000,8171050.937700,216931.000000,0.245113,108481.751100,1.345499,1.208500,-0.004400,-0.362767,54.720000,45.280000,2.098300,-0.037600,-1.760382,67.720000,32.280000,0.923800,-0.000800,-0.086524,48.020000,51.980000,binance_kline_quote_asset_volume,0.000000,0.000000,0.000000,0.000000,OK
488,2026-06-10 15:15:00 UTC,OPNUSDT,0.098300,0.105900,0.096800,0.105200,0.006900,7.019329,7.019329,9.257375,85.284781,46196,23776,106.048171,53051153.000000,28079518.000000,112.445653,5402800.936200,2993427.473600,124.240908,25988553.000000,2648746.032300,2754054.903900,49.025423,88986445.000000,8755472.428911,267108.000000,0.301071,584421.491211,7.152342,1.198800,-0.009700,-0.802648,54.520000,45.480000,2.063000,-0.035300,-1.682314,67.350000,32.650000,0.926800,0.003000,0.324746,48.100000,51.900000,binance_kline_quote_asset_volume,0.000000,0.000000,0.000000,0.000000,OK
489,2026-06-10 15:30:00 UTC,OPNUSDT,0.105300,0.108900,0.101100,0.108500,0.003300,3.136882,3.038936,7.407407,87.394740,54614,8418,18.222357,61531073.000000,8479920.000000,15.984422,6470192.226800,1067391.290600,19.756258,31213098.000000,3285158.566000,3185033.660800,50.773740,93012943.000000,9775660.309300,4026498.000000,4.524844,1020187.880389,11.652003,1.215300,0.016500,1.376376,54.860000,45.140000,2.035700,-0.027300,-1.323316,67.060000,32.940000,0.955800,0.029000,3.129046,48.870000,51.130000,binance_kline_quote_asset_volume,0.000000,0.000000,0.000000,0.000000,OK
490,2026-06-10 15:45:00 UTC,OPNUSDT,0.108400,0.109800,0.103400,0.105200,-0.003300,-3.041475,-2.952030,5.904059,75.704728,44574,-10040,-18.383565,45571269.000000,-15959804.000000,-25.937796,4880418.243000,-1589773.983800,-24.570738,22418015.000000,2404072.132400,2476346.110600,49.259551,93671552.000000,10167655.422513,658609.000000,0.708083,391995.113213,4.009909,1.192000,-0.023300,-1.917222,54.380000,45.620000,1.987500,-0.048200,-2.367736,66.530000,33.470000,0.970100,0.014300,1.496129,49.240000,50.760000,binance_kline_quote_asset_volume,0.000000,0.000000,0.000000,0.000000,OK
491,2026-06-10 16:00:00 UTC,OPNUSDT,0.105300,0.118000,0.103600,0.115900,0.010700,10.171103,10.066477,13.675214,83.439623,78452,33878,76.003948,78506572.000000,32935303.000000,72.272078,8886769.851200,4006351.608200,82.090333,40699732.000000,4606174.374100,4280595.477100,51.831818,93525494.000000,9857587.067600,-146058.000000,-0.155926,-310068.354913,-3.049556,1.212900,0.020900,1.753356,54.810000,45.190000,2.021700,0.034200,1.720755,66.910000,33.090000,0.988500,0.018400,1.896712,49.710000,50.290000,binance_kline_quote_asset_volume,0.000000,0.000000,0.000000,0.000000,OK
492,2026-06-10 16:15:00 UTC,OPNUSDT,0.115900,0.119600,0.113200,0.119300,0.003400,2.933563,2.933563,5.522002,85.066565,58338,-20114,-25.638607,53325599.000000,-25180973.000000,-32.074987,6240491.313500,-2646278.537700,-29.777732,26177308.000000,3066877.453900,3173613.859600,49.144808,94635923.000000,10996694.252600,1110429.000000,1.187301,1139107.185000,11.555639,1.189100,-0.023800,-1.962239,54.320000,45.680000,2.030800,0.009100,0.450116,67.000000,33.000000,0.984500,-0.004000,-0.404654,49.610000,50.390000,binance_kline_quote_asset_volume,0.000000,0.000000,0.000000,0.000000,OK
493,2026-06-10 16:30:00 UTC,OPNUSDT,0.119200,0.120000,0.106300,0.110000,-0.009300,-7.795474,-7.718121,11.493289,65.974027,78490,20152,34.543522,88424768.000000,35099169.000000,65.820487,9912029.686100,3671538.372600,58.834124,40989057.000000,4600683.726900,5311345.959200,46.415153,95708840.000000,11416572.511184,1072917.000000,1.133731,419878.258584,3.818223,1.165400,-0.023700,-1.993104,53.820000,46.180000,2.022600,-0.008200,-0.403782,66.920000,33.080000,0.976700,-0.007800,-0.792280,49.410000,50.590000,binance_kline_quote_asset_volume,0.000000,0.000000,0.000000,0.000000,OK
494,2026-06-10 16:45:00 UTC,OPNUSDT,0.109900,0.114200,0.105500,0.109700,-0.000300,-0.272727,-0.181984,7.916288,65.463607,48845,-29645,-37.769143,50938395.000000,-37486373.000000,-42.393521,5597746.502400,-4314283.183700,-43.525729,24231206.000000,2665509.315200,2932237.187200,47.617542,93129068.000000,10262823.293600,-2579772.000000,-2.695438,-1153749.217584,-10.105916,1.204600,0.039200,3.363652,54.640000,45.360000,2.070100,0.047500,2.348462,67.430000,32.570000,0.992400,0.015700,1.607454,49.810000,50.190000,binance_kline_quote_asset_volume,0.000000,0.000000,0.000000,0.000000,OK
495,2026-06-10 17:00:00 UTC,OPNUSDT,0.109700,0.112300,0.105600,0.107600,-0.002100,-1.914312,-1.914312,6.107566,61.856000,35368,-13477,-27.591360,34185798.000000,-16752597.000000,-32.887956,3725038.463400,-1872708.039000,-33.454677,16115500.000000,1756964.279800,1968074.183600,47.166339,92353110.000000,10131136.167000,-775958.000000,-0.833207,-131687.126600,-1.283147,1.187700,-0.016900,-1.402955,54.290000,45.710000,2.079300,0.009200,0.444423,67.530000,32.470000,0.984900,-0.007500,-0.755744,49.620000,50.380000,binance_kline_quote_asset_volume,0.000000,0.000000,0.000000,0.000000,OK496,2026-06-10 17:15:00 UTC,OPNUSDT,0.107600,0.108200,0.102200,0.103300,-0.004300,-3.996283,-3.996283,5.576208,55.153646,30014,-5354,-15.137978,31244882.000000,-2940916.000000,-8.602742,3267707.197500,-457331.265900,-12.277223,13442712.000000,1407079.938400,1860627.259100,43.060160,93322721.000000,10050857.051700,969611.000000,1.049895,-80279.115300,-0.792400,1.202600,0.014900,1.254526,54.600000,45.400000,2.090600,0.011300,0.543452,67.640000,32.360000,0.993200,0.008300,0.842725,49.830000,50.170000,binance_kline_quote_asset_volume,0.000000,0.000000,0.000000,0.000000,OK
497,2026-06-10 17:30:00 UTC,OPNUSDT,0.103400,0.108100,0.102200,0.107300,0.004000,3.872217,3.771760,5.705996,59.544959,18178,-11836,-39.434930,20811051.000000,-10433831.000000,-33.393728,2202627.555400,-1065079.642100,-32.594097,10885663.000000,1151608.638200,1051018.917200,52.283403,92306337.000000,9538042.417174,-1016384.000000,-1.089107,-512814.634526,-5.102198,1.216800,0.014200,1.180775,54.890000,45.110000,2.096600,0.006000,0.286999,67.710000,32.290000,0.984900,-0.008300,-0.835683,49.620000,50.380000,binance_kline_quote_asset_volume,0.000000,0.000000,0.000000,0.000000,OK
498,2026-06-10 17:45:00 UTC,OPNUSDT,0.107300,0.108400,0.104900,0.106200,-0.001100,-1.025163,-1.025163,3.261883,57.866871,15505,-2673,-14.704588,16799957.000000,-4011094.000000,-19.273866,1792310.531800,-410317.023600,-18.628525,8030398.000000,857398.449800,934912.082000,47.837606,92523445.000000,9937987.638704,217108.000000,0.235204,399945.221529,4.193158,1.159800,-0.057000,-4.684418,53.700000,46.300000,2.037400,-0.059200,-2.823619,67.080000,32.920000,0.965800,-0.019100,-1.939283,49.130000,50.870000,binance_kline_quote_asset_volume,0.000000,0.000000,0.000000,0.000000,OK
499,2026-06-10 18:00:00 UTC,OPNUSDT,0.106100,0.106300,0.102200,0.105000,-0.001200,-1.129944,-1.036758,3.864279,56.012371,14305,-1200,-7.739439,15113196.000000,-1686761.000000,-10.040270,1576868.310400,-215442.221400,-12.020362,6414599.000000,669526.869800,907341.440600,42.459276,92297033.000000,9782705.588071,-226412.000000,-0.244708,-155282.050632,-1.562510,1.177700,0.017900,1.543370,54.080000,45.920000,2.057500,0.020100,0.986551,67.290000,32.710000,0.970800,0.005000,0.517706,49.260000,50.740000,binance_kline_quote_asset_volume,0.000000,0.000000,0.000000,0.000000,OK
500,2026-06-10 18:15:00 UTC,OPNUSDT,0.105000,0.105100,0.103700,0.104500,-0.000500,-0.476190,-0.476190,1.333333,55.218311,1582,-12723,-88.940930,1693609.000000,-13419587.000000,-88.793840,176706.887000,-1400161.423400,-88.793808,604605.000000,63084.938300,113621.948700,35.700328,92035456.000000,9667602.174470,-261577.000000,-0.283408,-115103.413601,-1.176601,1.180500,0.002800,0.237752,54.140000,45.860000,2.089300,0.031800,1.545565,67.630000,32.370000,0.964600,-0.006200,-0.638649,49.100000,50.900000,binance_kline_quote_asset_volume,0.000000,0.000000,0.000000,0.000000,OK

==================================================================================================================================LAST CANDLE SNAPSHOT — FULL DATA NEEDED FOR V3.2.1
==================================================================================================================================Candle Index        : 500
Time                : 2026-06-10 18:15:00 UTC
Close Time          : 2026-06-10 18:29:59 UTC
Symbol              : OPNUSDT

[PRICE / RSI]
Open                : 0.10500000
High                : 0.10510000
Low                 : 0.10370000
Close               : 0.10450000
Close Change        : -0.00050000
Close Change %      : -0.4762%
Candle Body %       : -0.4762%
Price Range %       : 1.3333%
RSI(14)            : 55.22

[TRADES / VOLUME / QUOTE VOLUME]
Number of Trades    : 1582
Trades Change       : -12723
Trades Change %     : -88.9409%
Volume              : 1693609.00000000
Volume Change       : -13419587.00000000
Volume Change %     : -88.7938%
Quote Volume        : 176706.88700000
Quote Volume Change : -1400161.42340000
Quote Volume Chg %  : -88.7938%
Quote Volume Source : binance_kline_quote_asset_volume
Taker Buy Base Vol  : 604605.00000000
Taker Buy Quote Vol : 63084.93830000
Taker Sell Quote Vol: 113621.94870000
Taker Buy Quote %   : 35.7003%

[OPEN INTEREST]
Open Interest       : 92035456.00000000
OI Change           : -261577.00000000
OI Change %         : -0.2834%
OI Value            : 9667602.17447040
OI Value Change     : -115103.41360075
OI Value Change %   : -1.1766%

[TOP ACCOUNT L/S]
Top Acco L/S Ratio  : 1.18050000
Top Acco L/S Change : 0.00280000
Top Acco Chg %      : 0.2378%
Top Acco Long %     : 54.1400
Top Acco Short %    : 45.8600

[TOP POSITION L/S]
Top Posit L/S Ratio : 2.08930000
Top Posit L/S Change: 0.03180000
Top Posit Chg %     : 1.5456%
Top Posit Long %    : 67.6300
Top Posit Short %   : 32.3700

[GLOBAL L/S]
Global L/S Ratio    : 0.96460000
Global L/S Change   : -0.00620000
Global Chg %        : -0.6386%
Global Long %       : 49.1000
Global Short %      : 50.9000

[DATA QUALITY / TIMESTAMP MATCH]
OI Match Delta Min     : 0.0
Acco Match Delta Min   : 0.0
Posit Match Delta Min  : 0.0
Global Match Delta Min : 0.0
Data Quality           : OK

====================================================================================================
تمت الطباعة: 500 شمعة. كل صف في الجدول = شمعة واحدة.
RSI للسياق فقط. القرار البنيوي يعتمد على OI → Trades/Quote → L/S → Price Acceptance.
====================================================================================================

[Program finished]
