code_version,timestamp,time,symbol,open_time,open_time_str,close_time,close_time_str,is_closed_candle,open,high,low,close,close_change,close_change_pct,rsi,mark_open,mark_high,mark_low,mark_close,mark_close_change,mark_close_change_pct,mark_close_time,mark_close_time_str,mark_last_close_spread,mark_last_close_spread_pct,premium_index_open,premium_index_high,premium_index_low,premium_index_close,premium_index_close_change,premium_index_close_change_pct,premium_index_close_time,premium_index_close_time_str,number_of_trades,trades_change,trades_change_pct,volume,volume_change,volume_change_pct,quote_volume,quote_volume_change,quote_volume_change_pct,quote_volume_source,avg_base_per_trade,avg_quote_per_trade,price_range,price_range_pct,candle_body,candle_body_pct,candle_body_abs,candle_body_abs_pct,upper_wick,upper_wick_pct_of_range,lower_wick,lower_wick_pct_of_range,close_location_in_range,taker_buy_base_volume,taker_sell_base_volume,taker_buy_base_pct,taker_sell_base_pct,taker_buy_quote_volume,taker_buy_quote_change,taker_buy_quote_change_pct,taker_sell_quote_volume,taker_sell_quote_change,taker_sell_quote_change_pct,taker_buy_quote_pct,taker_sell_quote_pct,taker_buy_sell_base_ratio,taker_buy_sell_quote_ratio,taker_quote_imbalance,taker_quote_imbalance_pct,oi,oi_value,oi_change,oi_change_pct,oi_value_change,oi_value_change_pct,acco_ls_ratio,acco_ls_change,acco_ls_change_pct,acco_long_pct,acco_short_pct,posit_ls_ratio,posit_ls_change,posit_ls_change_pct,posit_long_pct,posit_short_pct,global_ls_ratio,global_ls_change,global_ls_change_pct,global_long_pct,global_short_pct,acco_posit_ls_spread,global_acco_ls_spread,global_posit_ls_spread,funding_time,funding_time_str,funding_rate,mark_price_at_funding
FINAL_REAL_MARK_PREMIUM_CLOSED_GUARD_2026_06_13,1782298800000,2026-06-24 11:00:00 UTC,SAFEUSDT,1782298800000,2026-06-24 11:00:00 UTC,1782299699999,2026-06-24 11:14:59 UTC,True,0.0804,0.0804,0.0801,0.0802,,,27.145283087325424,0.0803,0.0804,0.0801,0.0802,,,1782299699999,2026-06-24 11:14:59 UTC,0.0,0.0,0.0,0.0,0.0,0.0,,,1782299699999,2026-06-24 11:14:59 UTC,106,,,33688.0,,,2701.6046,,,binance_kline_quote_asset_volume,317.811320754717,25.486835849056604,0.0002999999999999947,0.37313432835820237,-0.00020000000000000573,-0.24875621890547975,0.00020000000000000573,0.24875621890547975,0.0,0.0,9.999999999998899e-05,33.33333333333025,0.3333333333333025,25831.0,7857.0,76.67715507005461,23.32284492994538,2072.1358,,,629.4688000000001,,,76.70018773287549,23.299812267124512,3.2876415934835177,3.2918800741196383,1442.667,53.40037546575098,9667305.0,776284.5915,,,,,2.4083,,,70.66,29.34,0.9592,,,48.96,51.04,2.8926,,,74.31,25.69,-1.4491,0.48429999999999973,1.9333999999999998,1782288000005,2026-06-24 08:00:00 UTC,5e-05,0.0813504
FINAL_REAL_MARK_PREMIUM_CLOSED_GUARD_2026_06_13,1782299700000,2026-06-24 11:15:00 UTC,SAFEUSDT,1782299700000,2026-06-24 11:15:00 UTC,1782300599999,2026-06-24 11:29:59 UTC,True,0.0802,0.0803,0.0801,0.0803,0.00010000000000000286,0.12468827930174921,30.334798648252388,0.0802,0.0803,0.0801,0.08027101,7.101000000001023e-05,0.08854114713218234,1782300599999,2026-06-24 11:29:59 UTC,2.8989999999992633e-05,0.03611515539669008,0.0,0.0,0.0,0.0,0.0,,1782300599999,2026-06-24 11:29:59 UTC,66,-40.0,-37.735849056603776,22903.0,-10785.0,-32.014367133697455,1837.1245,-864.4801000000002,-31.998764734113948,binance_kline_quote_asset_volume,347.0151515151515,27.835219696969695,0.00019999999999999185,0.24937655860348112,0.00010000000000000286,0.12468827930174921,0.00010000000000000286,0.12468827930174921,0.0,0.0,9.999999999998899e-05,49.99999999999653,1.0,12277.0,10626.0,53.604331310308694,46.395668689691306,984.9533,-1087.1825,-52.46675917669103,852.1711999999999,222.70239999999978,35.379418328597026,53.613856872520074,46.386143127479926,1.155373611895351,1.1558162256598206,132.78210000000013,7.22771374504015,9665666.0,775186.4132,-1639.0,-0.01695405286168172,-1098.1783000000287,-0.14146594071615406,2.399,-0.009300000000000086,-0.38616451438774596,70.58,29.42,0.9584,-0.0008000000000000229,-0.08340283569641606,48.94,51.06,2.8941,0.0015000000000000568,0.05185646131508183,74.32,25.679999999999996,-1.4405999999999999,0.4950999999999999,1.9356999999999998,1782288000005,2026-06-24 08:00:00 UTC,5e-05,0.0813504
FINAL_REAL_MARK_PREMIUM_CLOSED_GUARD_2026_06_13,1782300600000,2026-06-24 11:30:00 UTC,SAFEUSDT,1782300600000,2026-06-24 11:30:00 UTC,1782301499999,2026-06-24 11:44:59 UTC,True,0.0802,0.0805,0.0802,0.0805,0.00020000000000000573,0.24906600249066718,36.33773596963803,0.08026999,0.08045021,0.08024734,0.08044952,0.00017850999999999284,0.22238414590771044,1782301499999,2026-06-24 11:44:59 UTC,5.048000000000552e-05,0.06274742223447141,0.0,0.0,0.0,0.0,0.0,,1782301499999,2026-06-24 11:44:59 UTC,56,-10.0,-15.151515151515152,16799.0,-6104.0,-26.651530367200806,1349.2444,-487.88009999999986,-26.556724925284048,binance_kline_quote_asset_volume,299.98214285714283,24.09365,0.0003000000000000086,0.37406483790524764,0.0003000000000000086,0.37406483790524764,0.0003000000000000086,0.37406483790524764,0.0,0.0,0.0,0.0,1.0,7783.0,9016.0,46.330138698732064,53.66986130126793,625.3021,-359.6512,-36.51454337987395,723.9423,-128.22889999999984,-15.047316783294232,46.34461332579924,53.65538667420077,0.863243123336291,0.8637457708991448,-98.64020000000005,-7.310773348401524,9668422.0,776084.91072954,2756.0,0.028513296445376864,898.4975295400945,0.1159072855561363,2.4014,0.0024000000000001798,0.10004168403502209,70.6,29.4,0.9591,0.0006999999999999229,0.07303839732887342,48.96,51.04,2.8926,-0.0015000000000000568,-0.051829584326735664,74.31,25.69,-1.4423000000000004,0.49119999999999964,1.9335,1782288000005,2026-06-24 08:00:00 UTC,5e-05,0.0813504
FINAL_REAL_MARK_PREMIUM_CLOSED_GUARD_2026_06_13,1782301500000,2026-06-24 11:45:00 UTC,SAFEUSDT,1782301500000,2026-06-24 11:45:00 UTC,1782302399999,2026-06-24 11:59:59 UTC,True,0.0804,0.0816,0.0804,0.0813,0.0007999999999999952,0.9937888198757704,53.57141600013058,0.08045042,0.08158072,0.0804,0.0813,0.0008504800000000007,1.0571598189771683,1782302399999,2026-06-24 11:59:59 UTC,0.0,0.0,0.0,0.0,0.0,0.0,0.0,,1782302399999,2026-06-24 11:59:59 UTC,173,117.0,208.92857142857144,91214.0,74415.0,442.9727959997619,7402.2662,6053.0218,448.62308118529154,binance_kline_quote_asset_volume,527.2485549132948,42.78766589595376,0.0012000000000000066,1.4925373134328441,0.000899999999999998,1.1194029850746243,0.000899999999999998,1.1194029850746243,0.0003000000000000086,25.000000000000576,0.0,0.0,0.7499999999999942,52946.0,38268.0,58.04591400442914,41.95408599557086,4293.3606,3668.0585,586.6058182117092,3108.9056,2384.9633,329.44107562163447,58.000624187225256,41.999375812774744,1.3835580641789484,1.3809877662415997,1184.455,16.001248374450515,9663772.0,776967.2688,-4650.0,-0.048094714939004524,882.3580704599153,0.11369349645394802,2.4072,0.005799999999999805,0.24152577663029087,70.65,29.349999999999998,0.9583,-0.0007999999999999119,-0.08341153164424063,48.93,51.07000000000001,2.9108,0.018200000000000216,0.6291917306229765,74.42999999999999,25.569999999999997,-1.4489,0.5036,1.9525000000000001,1782288000005,2026-06-24 08:00:00 UTC,5e-05,0.0813504
FINAL_REAL_MARK_PREMIUM_CLOSED_GUARD_2026_06_13,1782302400000,2026-06-24 12:00:00 UTC,SAFEUSDT,1782302400000,2026-06-24 12:00:00 UTC,1782303299999,2026-06-24 12:14:59 UTC,True,0.0812,0.0814,0.0811,0.0814,0.00010000000000000286,0.12300123001230366,55.20383440886523,0.0813,0.08135973,0.08113162,0.08134991,4.991000000000023e-05,0.06138991389913928,1782303299999,2026-06-24 12:14:59 UTC,5.009000000000263e-05,0.06157351618459398,0.0,0.0,0.0,0.0,0.0,,1782303299999,2026-06-24 12:14:59 UTC,143,-30.0,-17.341040462427745,65169.0,-26045.0,-28.5537307869406,5295.7724,-2106.4938,-28.45741754059048,binance_kline_quote_asset_volume,455.72727272727275,37.03337342657343,0.0002999999999999947,0.36945812807881123,0.00020000000000000573,0.2463054187192189,0.00020000000000000573,0.2463054187192189,0.0,0.0,9.999999999998899e-05,33.33333333333025,1.0,33642.0,31527.0,51.62270404640243,48.377295953597574,2734.3219,-1559.0387,-36.312782578756604,2561.4505,-547.4551000000001,-17.609254523521077,51.63216417684416,48.36783582315584,1.0670853554096489,1.067489650883357,172.8714,3.2643283536883114,9659130.0,785287.269,-4642.0,-0.04803507367516535,8320.00020000001,1.07083020535086,2.4141,0.006899999999999906,0.28664007976071393,70.71,29.29,0.9608,0.0024999999999999467,0.26087863925701205,49.0,51.0,2.917,0.006199999999999761,0.2129998625807256,74.47,25.53,-1.4533,0.5028999999999999,1.9562,1782288000005,2026-06-24 08:00:00 UTC,5e-05,0.0813504
FINAL_REAL_MARK_PREMIUM_CLOSED_GUARD_2026_06_13,1782303300000,2026-06-24 12:15:00 UTC,SAFEUSDT,1782303300000,2026-06-24 12:15:00 UTC,1782304199999,2026-06-24 12:29:59 UTC,True,0.0814,0.0814,0.0808,0.0809,-0.0005000000000000004,-0.6142506142506148,46.41622832941517,0.08134909,0.08135294,0.08084823,0.08094934,-0.00040057000000000287,-0.49240374082774385,1782304199999,2026-06-24 12:29:59 UTC,-4.9339999999994943e-05,-0.060951701397435665,0.0,0.0,0.0,0.0,0.0,,1782304199999,2026-06-24 12:29:59 UTC,66,-77.0,-53.84615384615385,35844.0,-29325.0,-44.99838880449293,2906.178,-2389.5944,-45.12267936590326,binance_kline_quote_asset_volume,543.0909090909091,44.033,0.0006000000000000033,0.7371007371007412,-0.0005000000000000004,-0.6142506142506148,0.0005000000000000004,0.6142506142506148,0.0,0.0,0.00010000000000000286,16.66666666666705,0.16666666666667052,8123.0,27721.0,22.66209128445486,77.33790871554514,657.9224,-2076.3995,-75.93837067976524,2248.2556,-313.19489999999996,-12.227247803539438,22.63875096432497,77.36124903567504,0.2930269470798312,0.29263683364115717,-1590.3332,-54.72249807135007,9653849.0,785339.74730359,-5281.0,-0.05467366108541867,52.47830358997453,0.006682688700251236,2.4095,-0.0045999999999999375,-0.19054720185576146,70.67,29.330000000000002,0.9647,0.0039000000000000146,0.4059117402164878,49.1,50.9,2.9047,-0.012299999999999756,-0.42166609530338556,74.39,25.61,-1.4447999999999999,0.4952000000000001,1.94,1782302400005,2026-06-24 12:00:00 UTC,5e-05,0.0813
FINAL_REAL_MARK_PREMIUM_CLOSED_GUARD_2026_06_13,1782304200000,2026-06-24 12:30:00 UTC,SAFEUSDT,1782304200000,2026-06-24 12:30:00 UTC,1782305099999,2026-06-24 12:44:59 UTC,True,0.0809,0.0813,0.0808,0.0809,0.0,0.0,46.41622832941517,0.08094934,0.08118833,0.08084871,0.08094951,1.7000000000766402e-07,0.00021000788889404662,1782305099999,2026-06-24 12:44:59 UTC,-4.951000000000261e-05,-0.06116158084218497,0.0,0.0,0.0,0.0,0.0,,1782305099999,2026-06-24 12:44:59 UTC,92,26.0,39.39393939393939,28361.0,-7483.0,-20.87657627496931,2299.6101,-606.5679,-20.871670627194895,binance_kline_quote_asset_volume,308.2717391304348,24.995761956521736,0.0005000000000000004,0.6180469715698398,0.0,0.0,0.0,0.0,0.0003999999999999976,79.99999999999945,0.00010000000000000286,20.000000000000558,0.20000000000000556,25639.0,2722.0,90.40231303550651,9.597686964493494,2079.3993,1421.4769000000001,216.0554041023683,220.21079999999984,-2028.0448000000001,-90.2052595799161,90.4239940501218,9.576005949878192,9.419177075679647,9.442767112239734,1859.1885000000002,80.84798810024361,9640276.0,780379.47457516,-13573.0,-0.14059677129816306,-4960.272728429991,-0.6316085166274528,2.4165,0.007000000000000117,0.2905167047105257,70.73,29.270000000000003,0.9647,0.0,0.0,49.1,50.9,2.9124,0.007699999999999818,0.26508761662133157,74.44,25.56,-1.4518,0.4958999999999998,1.9476999999999998,1782302400005,2026-06-24 12:00:00 UTC,5e-05,0.0813
FINAL_REAL_MARK_PREMIUM_CLOSED_GUARD_2026_06_13,1782305100000,2026-06-24 12:45:00 UTC,SAFEUSDT,1782305100000,2026-06-24 12:45:00 UTC,1782305999999,2026-06-24 12:59:59 UTC,True,0.081,0.081,0.0805,0.0805,-0.0003999999999999976,-0.49443757725586845,40.443060672628796,0.08094951,0.081,0.08054789,0.08054884,-0.00040067000000000574,-0.49496284782947514,1782305999999,2026-06-24 12:59:59 UTC,-4.8839999999994443e-05,-0.06063402030369952,0.0,0.0,0.0,0.0,0.0,,1782305999999,2026-06-24 12:59:59 UTC,74,-18.0,-19.565217391304348,46168.0,17807.0,62.78692570783823,3729.3023,1429.6922,62.17106978265576,binance_kline_quote_asset_volume,623.8918918918919,50.39597702702702,0.0005000000000000004,0.6172839506172845,-0.0005000000000000004,-0.6172839506172845,0.0005000000000000004,0.6172839506172845,0.0,0.0,0.0,0.0,0.0,18196.0,27972.0,39.41258014208976,60.58741985791024,1471.1404,-608.2589,-29.25166417051309,2258.1619,2037.9511000000002,925.4546552666817,39.448140205743044,60.551859794256956,0.6505076505076505,0.6514769379467433,-787.0215000000001,-21.10371958851392,9646716.0,780896.74037484,6440.0,0.06680306663419179,517.2657996800262,0.0662838806673672,2.4165,0.0,0.0,70.73,29.270000000000003,0.9649,0.00019999999999997797,0.020731833730691197,49.11,50.89,2.9124,0.0,0.0,74.44,25.56,-1.4516,0.4958999999999998,1.9474999999999998,1782302400005,2026-06-24 12:00:00 UTC,5e-05,0.0813
FINAL_REAL_MARK_PREMIUM_CLOSED_GUARD_2026_06_13,1782306000000,2026-06-24 13:00:00 UTC,SAFEUSDT,1782306000000,2026-06-24 13:00:00 UTC,1782306899999,2026-06-24 13:14:59 UTC,True,0.0805,0.0805,0.0795,0.0797,-0.000800000000000009,-0.9937888198757875,31.666100592510062,0.08054839,0.08055461,0.07957713,0.07965004,-0.0008987999999999913,-1.1158447471124244,1782306899999,2026-06-24 13:14:59 UTC,4.995999999998779e-05,0.06272438783456705,0.0,0.0,0.0,0.0,0.0,,1782306899999,2026-06-24 13:14:59 UTC,163,89.0,120.27027027027026,85085.0,38917.0,84.29431640963438,6799.9191,3070.6168000000002,82.3375675391078,binance_kline_quote_asset_volume,521.9938650306749,41.71729509202454,0.0010000000000000009,1.2422360248447217,-0.000800000000000009,-0.9937888198757875,0.000800000000000009,0.9937888198757875,0.0,0.0,0.00019999999999999185,19.99999999999917,0.19999999999999168,25936.0,59149.0,30.482458717752834,69.51754128224717,2074.2894,603.1490000000001,40.99873812179994,4725.6296999999995,2467.4677999999994,109.26886154619824,30.504618797597168,69.49538120240283,0.4384858577490744,0.43894454954860307,-2651.3402999999994,-38.990762404805665,9643284.0,776751.00051276,-3432.0,-0.03557687403671882,-4145.739862079965,-0.530894758260863,2.4235,0.007000000000000117,0.2896751500103504,70.78999999999999,29.21,0.963,-0.0019000000000000128,-0.19691159705669115,49.059999999999995,50.94,2.9093,-0.0030999999999998806,-0.10644142288146824,74.42,25.580000000000002,-1.4605000000000001,0.4857999999999998,1.9463,1782302400005,2026-06-24 12:00:00 UTC,5e-05,0.0813
FINAL_REAL_MARK_PREMIUM_CLOSED_GUARD_2026_06_13,1782306900000,2026-06-24 13:15:00 UTC,SAFEUSDT,1782306900000,2026-06-24 13:15:00 UTC,1782307799999,2026-06-24 13:29:59 UTC,True,0.0796,0.0799,0.0788,0.0792,-0.0004999999999999866,-0.627352572145529,27.630132076038635,0.07965079,0.07983379,0.07890906,0.07921282,-0.00043722000000000205,-0.5489262780031272,1782307799999,2026-06-24 13:29:59 UTC,-1.2819999999996723e-05,-0.01618424896373683,0.0,0.0,0.0,0.0,0.0,,1782307799999,2026-06-24 13:29:59 UTC,198,35.0,21.472392638036812,112648.0,27563.0,32.39466415937004,8926.3784,2126.4592999999995,31.27183233694647,binance_kline_quote_asset_volume,568.929292929293,45.08271919191919,0.0011000000000000038,1.381909547738698,-0.0003999999999999976,-0.5025125628140673,0.0003999999999999976,0.5025125628140673,0.0002999999999999947,27.272727272726698,0.00040000000000001146,36.36363636363728,0.3636363636363728,42874.0,69774.0,38.06015197784248,61.93984802215752,3402.2398,1327.9503999999997,64.01953362920332,5524.1386,798.5089000000007,16.897407344464607,38.11444740007885,61.885552599921155,0.6144695731934532,0.6158860315344006,-2121.8988000000004,-23.771105199842307,9633226.0,767294.06114854,-10058.0,-0.1043005681467019,-9456.939364220016,-1.217499476405845,2.427,0.0034999999999998366,0.14441922838868726,70.82000000000001,29.18,0.9652,0.0021999999999999797,0.22845275181723573,49.11,50.89,2.9108,0.0015000000000000568,0.05155879421166799,74.42999999999999,25.569999999999997,-1.4618000000000002,0.4838,1.9456000000000002,1782302400005,2026-06-24 12:00:00 UTC,5e-05,0.0813
FINAL_REAL_MARK_PREMIUM_CLOSED_GUARD_2026_06_13,1782307800000,2026-06-24 13:30:00 UTC,SAFEUSDT,1782307800000,2026-06-24 13:30:00 UTC,1782308699999,2026-06-24 13:44:59 UTC,True,0.0791,0.0798,0.0787,0.0793,9.999999999998899e-05,0.12626262626261237,29.563721507547825,0.07921282,0.07980362,0.0788,0.07925097,3.815000000000068e-05,0.04816139609724875,1782308699999,2026-06-24 13:44:59 UTC,4.902999999999158e-05,0.061866750653009776,0.0,0.0,0.0,0.0,0.0,,1782308699999,2026-06-24 13:44:59 UTC,229,31.0,15.656565656565657,106303.0,-6345.0,-5.632590014913714,8418.049,-508.3293999999987,-5.694688004711953,binance_kline_quote_asset_volume,464.2052401746725,36.760039301310044,0.0010999999999999899,1.390644753476599,0.00019999999999999185,0.25284450063210095,0.00019999999999999185,0.25284450063210095,0.0005000000000000004,45.454545454545915,0.0003999999999999976,36.36363636363647,0.5454545454545409,62134.0,44169.0,58.449902636802356,41.55009736319765,4921.245,1519.0052,44.64721152224485,3496.804000000001,-2027.3345999999992,-36.69956072427291,58.46063618779125,41.53936381220875,1.406733229187892,1.4073551162718867,1424.440999999999,16.9212723755825,9618067.0,761874.21001894,-15159.0,-0.1573616148941175,-5419.851129599963,-0.706359061542474,2.4518,0.024799999999999933,1.0218376596621317,71.03,28.970000000000002,0.966,0.0008000000000000229,0.08288437629507076,49.13,50.870000000000005,2.9293,0.01849999999999996,0.6355641060876721,74.55000000000001,25.45,-1.4858,0.47750000000000004,1.9633,1782302400005,2026-06-24 12:00:00 UTC,5e-05,0.0813
FINAL_REAL_MARK_PREMIUM_CLOSED_GUARD_2026_06_13,1782308700000,2026-06-24 13:45:00 UTC,SAFEUSDT,1782308700000,2026-06-24 13:45:00 UTC,1782309599999,2026-06-24 13:59:59 UTC,True,0.0793,0.0796,0.079,0.0792,-9.999999999998899e-05,-0.1261034047919155,28.736864248605144,0.07925095,0.0796,0.079,0.07925279,1.8199999999995997e-06,0.002296501859850548,1782309599999,2026-06-24 13:59:59 UTC,-5.2789999999997006e-05,-0.06660964238608762,0.0,0.0,0.0,0.0,0.0,,1782309599999,2026-06-24 13:59:59 UTC,136,-93.0,-40.61135371179039,76390.0,-29913.0,-28.13937518226202,6053.0675,-2364.981500000001,-28.094175978305667,binance_kline_quote_asset_volume,561.6911764705883,44.50784926470588,0.0006000000000000033,0.7566204287515805,-9.999999999998899e-05,-0.1261034047919155,9.999999999998899e-05,0.1261034047919155,0.0003000000000000086,50.00000000000115,0.00020000000000000573,33.3333333333341,0.33333333333334103,37544.0,38846.0,49.147794213902344,50.852205786097656,2977.3877,-1943.8572999999997,-39.499299465887184,3075.6798,-421.1242000000011,-12.043117086345159,49.18808025848052,50.81191974151948,0.9664830355763785,0.9680421544531392,-98.29209999999966,-1.623839483038966,9637854.0,763803.10999182,19787.0,0.20572740863626757,1928.89997287991,0.2531782737247344,2.4638,0.01200000000000001,0.4894363324904156,71.13000000000001,28.87,0.9666,0.0006000000000000449,0.06211180124224068,49.15,50.849999999999994,2.9588,0.02950000000000008,1.0070665346669883,74.74,25.259999999999998,-1.4971999999999999,0.4950000000000001,1.9922,1782302400005,2026-06-24 12:00:00 UTC,5e-05,0.0813
FINAL_REAL_MARK_PREMIUM_CLOSED_GUARD_2026_06_13,1782309600000,2026-06-24 14:00:00 UTC,SAFEUSDT,1782309600000,2026-06-24 14:00:00 UTC,1782310499999,2026-06-24 14:14:59 UTC,True,0.0792,0.0798,0.079,0.0797,0.0004999999999999866,0.6313131313131143,38.06439170144872,0.07925106,0.07980922,0.079,0.07957909,0.0003263000000000016,0.4117205211324441,1782310499999,2026-06-24 14:14:59 UTC,0.00012090999999998797,0.15193689699139307,0.0,0.0,-7.316e-05,0.0,0.0,,1782310499999,2026-06-24 14:14:59 UTC,199,63.0,46.32352941176471,86670.0,10280.0,13.457258803508312,6883.9086,830.8410999999996,13.7259513461563,binance_kline_quote_asset_volume,435.52763819095475,34.59250552763819,0.0007999999999999952,1.010101010101004,0.0004999999999999866,0.6313131313131143,0.0004999999999999866,0.6313131313131143,0.00010000000000000286,12.500000000000433,0.00020000000000000573,25.000000000000867,0.8749999999999957,39978.0,46692.0,46.12668743509865,53.873312564901354,3175.0638,197.67609999999968,6.639246209017377,3708.8448,633.165,20.586180655086398,46.12298019180557,53.877019808194426,0.856206630686199,0.8560789062944882,-533.781,-7.754039616388864,9644136.0,764324.68513944,6282.0,0.06518048519929852,521.575147620053,0.06828659647977067,2.5088,0.04499999999999993,1.8264469518629731,71.5,28.499999999999996,0.966,-0.0006000000000000449,-0.06207324643079298,49.14,50.86000000000001,3.0112,0.0524,1.7709882384750575,75.07000000000001,24.93,-1.5428,0.5024000000000002,2.0452000000000004,1782302400005,2026-06-24 12:00:00 UTC,5e-05,0.0813
FINAL_REAL_MARK_PREMIUM_CLOSED_GUARD_2026_06_13,1782310500000,2026-06-24 14:15:00 UTC,SAFEUSDT,1782310500000,2026-06-24 14:15:00 UTC,1782311399999,2026-06-24 14:29:59 UTC,True,0.0797,0.0798,0.0792,0.0797,0.0,0.0,38.06439170144871,0.07958028,0.07992118,0.07924939,0.0797,0.00012090999999998797,0.15193689699139307,1782311399999,2026-06-24 14:29:59 UTC,0.0,0.0,0.0,0.0,0.0,0.0,0.0,,1782311399999,2026-06-24 14:29:59 UTC,94,-105.0,-52.76381909547738,42141.0,-44529.0,-51.37763932156455,3349.9452,-3533.9633999999996,-51.33658224340747,binance_kline_quote_asset_volume,448.3085106382979,35.63771489361702,0.0005999999999999894,0.7528230865746418,0.0,0.0,0.0,0.0,0.00010000000000000286,16.66666666666744,0.0004999999999999866,83.33333333333256,0.8333333333333256,7741.0,34400.0,18.369284070145465,81.63071592985453,615.7499,-2559.3139,-80.60669206080206,2734.1953000000003,-974.6494999999995,-26.279058643812746,18.380894708367173,81.61910529163283,0.22502906976744186,0.22520333496294137,-2118.4454000000005,-63.238210583265676,9645129.0,767562.06645612,993.0,0.01029641224470497,3237.3813166799955,0.42356100484827097,2.4965,-0.012299999999999756,-0.4902742346938678,71.39999999999999,28.599999999999998,0.9698,0.0038000000000000256,0.3933747412008308,49.230000000000004,50.77,2.9857,-0.025500000000000078,-0.8468384697130737,74.91,25.09,-1.5267000000000002,0.48919999999999986,2.0159000000000002,1782302400005,2026-06-24 12:00:00 UTC,5e-05,0.0813
FINAL_REAL_MARK_PREMIUM_CLOSED_GUARD_2026_06_13,1782311400000,2026-06-24 14:30:00 UTC,SAFEUSDT,1782311400000,2026-06-24 14:30:00 UTC,1782312299999,2026-06-24 14:44:59 UTC,True,0.0798,0.0802,0.0794,0.0797,0.0,0.0,38.06439170144871,0.0797,0.0802,0.0795,0.07968937,-1.0629999999997586e-05,-0.013337515683811276,1782312299999,2026-06-24 14:44:59 UTC,1.0629999999997586e-05,0.013339294814349248,0.0,0.0,0.0,0.0,0.0,,1782312299999,2026-06-24 14:44:59 UTC,219,125.0,132.9787234042553,187171.0,145030.0,344.15414916589543,14941.7621,11591.8169,346.030045506416,binance_kline_quote_asset_volume,854.662100456621,68.22722420091324,0.0007999999999999952,1.0025062656641544,-0.00010000000000000286,-0.12531328320802365,0.00010000000000000286,0.12531328320802365,0.0003999999999999976,50.0,0.0002999999999999947,37.49999999999957,0.37499999999999567,91005.0,96166.0,48.621314199315066,51.378685800684934,7270.1792,6654.4293,1080.7032692981354,7671.5829,4937.3876,180.57918540054544,48.6567725502737,51.34322744972629,0.9463323835867147,0.9476765479520529,-401.40370000000075,-2.6864548994525936,9626171.0,767205.8287,-18958.0,-0.1965551730827032,-356.237756120041,-0.04641158958842404,2.4977,0.0011999999999998678,0.048067294211891355,71.41,28.59,0.97,0.00019999999999997797,0.020622808826559907,49.24,50.760000000000005,2.9793,-0.006400000000000183,-0.21435509260810476,74.87,25.130000000000003,-1.5277,0.4815999999999998,2.0092999999999996,1782302400005,2026-06-24 12:00:00 UTC,5e-05,0.0813
FINAL_REAL_MARK_PREMIUM_CLOSED_GUARD_2026_06_13,1782312300000,2026-06-24 14:45:00 UTC,SAFEUSDT,1782312300000,2026-06-24 14:45:00 UTC,1782313199999,2026-06-24 14:59:59 UTC,True,0.0797,0.0798,0.0791,0.0795,-0.00019999999999999185,-0.2509410288582081,35.72810755454796,0.07969216,0.0798,0.07914717,0.07964226,-4.7109999999989105e-05,-0.059117044092567315,1782313199999,2026-06-24 14:59:59 UTC,-0.00014226000000000516,-0.17862376080237446,0.0,0.0,0.0,0.0,0.0,,1782313199999,2026-06-24 14:59:59 UTC,165,-54.0,-24.65753424657534,89578.0,-97593.0,-52.14109023299549,7130.5677,-7811.1944,-52.27759850359283,binance_kline_quote_asset_volume,542.8969696969697,43.21556181818182,0.0006999999999999923,0.8782936010037545,-0.00019999999999999185,-0.2509410288582081,0.00019999999999999185,0.2509410288582081,0.00010000000000000286,14.285714285714851,0.0003999999999999976,57.14285714285743,0.5714285714285743,47064.0,42514.0,52.5396860836366,47.4603139163634,3748.8248,-3521.3543999999997,-48.435592894326454,3381.7428999999997,-4289.84,-55.918577116594804,52.574001926943346,47.425998073056654,1.1070235687067789,1.1085481394815673,367.08190000000013,5.148003853886699,9635471.0,767947.0387,9300.0,0.0966116226275224,741.2100000000792,0.09661162262753273,2.4626,-0.03509999999999991,-1.405292869439881,71.12,28.88,0.9644,-0.005599999999999938,-0.5773195876288596,49.09,50.91,2.9746,-0.004699999999999704,-0.1577551773906523,74.83999999999999,25.16,-1.4982000000000002,0.512,2.0102,1782302400005,2026-06-24 12:00:00 UTC,5e-05,0.0813
FINAL_REAL_MARK_PREMIUM_CLOSED_GUARD_2026_06_13,1782313200000,2026-06-24 15:00:00 UTC,SAFEUSDT,1782313200000,2026-06-24 15:00:00 UTC,1782314099999,2026-06-24 15:14:59 UTC,True,0.0796,0.0796,0.0789,0.0791,-0.0003999999999999976,-0.5031446540880472,31.556442048805337,0.07960935,0.0796099,0.07895107,0.0791,-0.0005422600000000027,-0.6808696789870136,1782314099999,2026-06-24 15:14:59 UTC,0.0,0.0,0.0,0.0,0.0,0.0,0.0,,1782314099999,2026-06-24 15:14:59 UTC,115,-50.0,-30.303030303030305,54706.0,-34872.0,-38.92920136640693,4334.9516,-2795.6160999999993,-39.20608032373074,binance_kline_quote_asset_volume,475.704347826087,37.69523130434783,0.0007000000000000062,0.8793969849246307,-0.0005000000000000004,-0.6281407035175884,0.0005000000000000004,0.6281407035175884,0.0,0.0,0.00020000000000000573,28.571428571429138,0.28571428571429136,24031.0,30675.0,43.92753994077432,56.07246005922568,1904.2266,-1844.5982,-49.204705431952966,2430.7250000000004,-951.0178999999994,-28.1221230626373,43.9272862931157,56.0727137068843,0.7834066829665852,0.7833986156393667,-526.4984000000004,-12.145427413768596,9668904.0,770053.36628304,33433.0,0.34697836774144203,2106.3275830399944,0.27428031841956685,2.4868,0.0242,0.9827012101031429,71.32,28.68,0.9645,9.999999999998899e-05,0.010369141435088033,49.1,50.9,2.9746,0.0,0.0,74.83999999999999,25.16,-1.5223,0.4878,2.0101,1782302400005,2026-06-24 12:00:00 UTC,5e-05,0.0813
FINAL_REAL_MARK_PREMIUM_CLOSED_GUARD_2026_06_13,1782314100000,2026-06-24 15:15:00 UTC,SAFEUSDT,1782314100000,2026-06-24 15:15:00 UTC,1782314999999,2026-06-24 15:29:59 UTC,True,0.0791,0.0795,0.0791,0.0792,0.00010000000000000286,0.12642225031605925,33.64244320472466,0.0791,0.07949477,0.0791,0.07924514,0.00014514000000000193,0.18348925410872557,1782314999999,2026-06-24 15:29:59 UTC,-4.513999999999907e-05,-0.05696248375610046,0.0,0.0,0.0,0.0,0.0,,1782314999999,2026-06-24 15:29:59 UTC,73,-42.0,-36.52173913043478,40489.0,-14217.0,-25.988008627938434,3210.1887,-1124.7629000000002,-25.94637734824998,binance_kline_quote_asset_volume,554.6438356164383,43.97518767123288,0.0003999999999999976,0.5056890012642195,0.00010000000000000286,0.12642225031605925,0.00010000000000000286,0.12642225031605925,0.0002999999999999947,74.99999999999913,0.0,0.0,0.25000000000000866,16035.0,24454.0,39.603349057768774,60.396650942231226,1270.909,-633.3175999999999,-33.25852080839538,1939.2797,-491.4453000000003,-20.218054284215626,39.5898533939765,60.410146606023496,0.6557209454485974,0.6553510563741786,-668.3706999999999,-20.820293212047,9658855.0,764015.4305,-10049.0,-0.10393111773578474,-6037.935783040011,-0.7840931612551011,2.488,0.0011999999999998678,0.04825478526620025,71.33,28.67,0.9643,-0.00019999999999997797,-0.020736132711247066,49.09,50.91,2.9683,-0.006299999999999972,-0.21179318227660765,74.8,25.2,-1.5236999999999998,0.48030000000000017,2.004,1782302400005,2026-06-24 12:00:00 UTC,5e-05,0.0813
FINAL_REAL_MARK_PREMIUM_CLOSED_GUARD_2026_06_13,1782315000000,2026-06-24 15:30:00 UTC,SAFEUSDT,1782315000000,2026-06-24 15:30:00 UTC,1782315899999,2026-06-24 15:44:59 UTC,True,0.0792,0.0793,0.0784,0.0785,-0.0007000000000000062,-0.8838383838383916,27.357032312363657,0.07924522,0.07928309,0.0785,0.0785,-0.0007451400000000052,-0.9402974112986678,1782315899999,2026-06-24 15:44:59 UTC,0.0,0.0,0.0,0.0,0.0,0.0,0.0,,1782315899999,2026-06-24 15:44:59 UTC,185,112.0,153.42465753424656,119724.0,79235.0,195.6951270715503,9423.0023,6212.8135999999995,193.53421809752177,binance_kline_quote_asset_volume,647.1567567567567,50.93514756756757,0.000899999999999998,1.1363636363636338,-0.0007000000000000062,-0.8838383838383916,0.0007000000000000062,0.8838383838383916,9.999999999998899e-05,11.111111111109912,0.00010000000000000286,11.111111111111454,0.11111111111111453,23242.0,96482.0,19.4129831946811,80.5870168053189,1830.3475,559.4385,44.01876924311654,7592.6548,5653.3751,291.51932544851576,19.424249742568776,80.57575025743122,0.24089467465433967,0.2410681834238006,-5762.3073,-61.15150051486245,9647108.0,764487.19582376,-11747.0,-0.12161897036449971,471.76532375998795,0.061748140800146824,2.4758,-0.012199999999999989,-0.49035369774919574,71.23,28.77,0.9625,-0.0018000000000000238,-0.1866639012755391,49.04,50.96000000000001,2.9494,-0.01890000000000036,-0.6367280935215565,74.68,25.319999999999997,-1.5133,0.4735999999999998,1.9868999999999999,1782302400005,2026-06-24 12:00:00 UTC,5e-05,0.0813
FINAL_REAL_MARK_PREMIUM_CLOSED_GUARD_2026_06_13,1782315900000,2026-06-24 15:45:00 UTC,SAFEUSDT,1782315900000,2026-06-24 15:45:00 UTC,1782316799999,2026-06-24 15:59:59 UTC,True,0.0784,0.0786,0.0777,0.078,-0.0005000000000000004,-0.6369426751592362,23.91944393144979,0.0785,0.07859467,0.0779,0.078,-0.0005000000000000004,-0.6369426751592362,1782316799999,2026-06-24 15:59:59 UTC,0.0,0.0,0.0,0.0,0.0,0.0,0.0,,1782316799999,2026-06-24 15:59:59 UTC,248,63.0,34.054054054054056,170802.0,51078.0,42.663125187932245,13347.6747,3924.6723999999995,41.64991448638402,binance_kline_quote_asset_volume,688.7177419354839,53.8212689516129,0.000899999999999998,1.1479591836734668,-0.0003999999999999976,-0.51020408163265,0.0003999999999999976,0.51020408163265,0.00020000000000000573,22.222222222222907,0.0002999999999999947,33.333333333332824,0.3333333333333282,67700.0,103102.0,39.63653821383824,60.36346178616176,5294.2143,3463.8668,189.24640266397498,8053.4604,460.8055999999997,6.069097201679703,39.663944612015456,60.336055387984544,0.6566312971620337,0.6573837874710354,-2759.2461000000003,-20.672110775969095,9602055.0,753761.3175,-45053.0,-0.46701042426393485,-10725.87832376,-1.4030160848151962,2.4471,-0.02870000000000017,-1.1592212618143698,70.99,29.01,0.9586,-0.0039000000000000146,-0.4051948051948067,48.94,51.06,2.9017,-0.047699999999999854,-1.6172780904590716,74.37,25.629999999999995,-1.4884999999999997,0.4546000000000001,1.9430999999999998,1782302400005,2026-06-24 12:00:00 UTC,5e-05,0.0813
FINAL_REAL_MARK_PREMIUM_CLOSED_GUARD_2026_06_13,1782316800000,2026-06-24 16:00:00 UTC,SAFEUSDT,1782316800000,2026-06-24 16:00:00 UTC,1782317699999,2026-06-24 16:14:59 UTC,True,0.078,0.0788,0.0778,0.0785,0.0005000000000000004,0.6410256410256416,32.98770591509215,0.078,0.07875195,0.07787138,0.07851395,0.0005139499999999991,0.6589102564102554,1782317699999,2026-06-24 16:14:59 UTC,-1.3949999999998686e-05,-0.017767543220024832,0.0,0.0,0.0,0.0,0.0,,1782317699999,2026-06-24 16:14:59 UTC,187,-61.0,-24.596774193548388,102296.0,-68506.0,-40.108429643680985,8000.5168,-5347.157899999999,-40.06059497389459,binance_kline_quote_asset_volume,547.0374331550802,42.783512299465244,0.0010000000000000009,1.2820512820512833,0.0005000000000000004,0.6410256410256416,0.0005000000000000004,0.6410256410256416,0.0002999999999999947,29.999999999999442,0.00020000000000000573,20.000000000000558,0.7000000000000055,43871.0,58425.0,42.88632986627043,57.11367013372956,3428.4009,-1865.8133999999995,-35.24249858945075,4572.115900000001,-3481.3444999999992,-43.22793342350077,42.852242995102515,57.14775700489749,0.7508943089430894,0.7498499545910461,-1143.7150000000006,-14.295514009794974,9602963.0,749021.22294811,908.0,0.009456309092168292,-4740.094551890041,-0.628858823322416,2.4376,-0.00949999999999962,-0.3882146213885669,70.91,29.09,0.9563,-0.0022999999999999687,-0.23993323596911836,48.88,51.12,2.9124,0.010699999999999932,0.36874935382706453,74.44,25.56,-1.4813,0.47479999999999967,1.9560999999999997,1782302400005,2026-06-24 12:00:00 UTC,5e-05,0.0813
FINAL_REAL_MARK_PREMIUM_CLOSED_GUARD_2026_06_13,1782317700000,2026-06-24 16:15:00 UTC,SAFEUSDT,1782317700000,2026-06-24 16:15:00 UTC,1782318599999,2026-06-24 16:29:59 UTC,True,0.0784,0.079,0.0784,0.0789,0.0003999999999999976,0.5095541401273854,39.22830652638303,0.07851388,0.079,0.07841099,0.0789,0.0003860499999999989,0.49169606165528407,1782318599999,2026-06-24 16:29:59 UTC,0.0,0.0,0.0,0.0,0.0,0.0,0.0,,1782318599999,2026-06-24 16:29:59 UTC,115,-72.0,-38.50267379679144,42521.0,-59775.0,-58.43336982873231,3347.8067,-4652.7101,-58.15511942928487,binance_kline_quote_asset_volume,369.74782608695654,29.111362608695654,0.0006000000000000033,0.7653061224489838,0.0005000000000000004,0.637755102040817,0.0005000000000000004,0.637755102040817,0.00010000000000000286,16.66666666666705,0.0,0.0,0.8333333333333295,11730.0,30791.0,27.586369088215235,72.41363091178476,922.6248,-2505.7761,-73.08877150277262,2425.1819,-2146.9340000000007,-46.9571211001016,27.55908218954219,72.44091781045782,0.38095547400214347,0.38043529848214686,-1502.5571,-44.88183562091563,9599213.0,753671.45757644,-3750.0,-0.039050447242168905,4650.234628329985,0.620841504333735,2.4223,-0.015300000000000313,-0.6276665572694582,70.78,29.220000000000002,0.9525,-0.0038000000000000256,-0.3973648436683076,48.78,51.22,2.8745,-0.037900000000000045,-1.3013322345831633,74.19,25.81,-1.4697999999999998,0.45219999999999994,1.9219999999999997,1782316800003,2026-06-24 16:00:00 UTC,5e-05,0.07799507
FINAL_REAL_MARK_PREMIUM_CLOSED_GUARD_2026_06_13,1782318600000,2026-06-24 16:30:00 UTC,SAFEUSDT,1782318600000,2026-06-24 16:30:00 UTC,1782319499999,2026-06-24 16:44:59 UTC,True,0.0788,0.0788,0.0782,0.0784,-0.0005000000000000004,-0.6337135614702161,34.858382996632656,0.0789,0.0789,0.0782,0.07835547,-0.0005445300000000014,-0.6901520912547546,1782319499999,2026-06-24 16:44:59 UTC,4.453000000000096e-05,0.05683074838297947,0.0,0.0,0.0,0.0,0.0,,1782319499999,2026-06-24 16:44:59 UTC,110,-5.0,-4.3478260869565215,63833.0,21312.0,50.121116624726604,5009.2154,1661.4087,49.626781020541,binance_kline_quote_asset_volume,580.3,45.53832181818182,0.0005999999999999894,0.7614213197969409,-0.0003999999999999976,-0.5076142131979665,0.0003999999999999976,0.5076142131979665,0.0,0.0,0.00019999999999999185,33.33333333333256,0.3333333333333256,17224.0,46609.0,26.98290852693748,73.01709147306252,1349.517,426.8922,46.26931771181525,3659.6984,1234.5165000000002,50.90407857653895,26.940686160151948,73.05931383984806,0.36954236306292776,0.3687508784876918,-2310.1814000000004,-46.11862767969611,9588638.0,756543.5382,-10575.0,-0.11016528125795313,2872.080623560003,0.38107859793386256,2.4002,-0.02210000000000001,-0.9123560252652442,70.59,29.409999999999997,0.9521,-0.00040000000000006697,-0.041994750656175014,48.77,51.23,2.8551,-0.01939999999999964,-0.674899982605658,74.06,25.94,-1.4481,0.4549000000000003,1.9030000000000002,1782316800003,2026-06-24 16:00:00 UTC,5e-05,0.07799507
FINAL_REAL_MARK_PREMIUM_CLOSED_GUARD_2026_06_13,1782319500000,2026-06-24 16:45:00 UTC,SAFEUSDT,1782319500000,2026-06-24 16:45:00 UTC,1782320399999,2026-06-24 16:59:59 UTC,True,0.0783,0.0783,0.0758,0.0765,-0.001899999999999999,-2.423469387755101,23.943308255842993,0.07835547,0.07835899,0.07600959,0.07646794,-0.0018875299999999984,-2.408932012021622,1782320399999,2026-06-24 16:59:59 UTC,3.206000000000042e-05,0.041926067316577935,0.0,0.0,-7.559e-05,0.0,0.0,,1782320399999,2026-06-24 16:59:59 UTC,582,472.0,429.0909090909091,459329.0,395496.0,619.5792145128695,35221.8692,30212.6538,603.1414380783066,binance_kline_quote_asset_volume,789.2250859106529,60.518675601374575,0.0024999999999999883,3.1928480204342127,-0.001799999999999996,-2.2988505747126387,0.001799999999999996,2.2988505747126387,0.0,0.0,0.0006999999999999923,27.999999999999826,0.27999999999999825,162064.0,297265.0,35.282771172732396,64.7172288272676,12407.8713,11058.3543,819.4305295894754,22813.997900000002,19154.2995,523.3846455762584,35.22774793564903,64.77225206435098,0.5451835903991388,0.5438709758099872,-10406.126600000001,-29.544504128701952,9585196.0,751060.9725946,-3442.0,-0.03589665184982476,-5482.565605399897,-0.724686066111178,2.3944,-0.005799999999999805,-0.24164652945587056,70.54,29.459999999999997,0.9539,0.0018000000000000238,0.189055771452581,48.82,51.18000000000001,2.8506,-0.0045000000000001705,-0.15761269307555498,74.03,25.97,-1.4405000000000001,0.45619999999999994,1.8967,1782316800003,2026-06-24 16:00:00 UTC,5e-05,0.07799507
FINAL_REAL_MARK_PREMIUM_CLOSED_GUARD_2026_06_13,1782320400000,2026-06-24 17:00:00 UTC,SAFEUSDT,1782320400000,2026-06-24 17:00:00 UTC,1782321299999,2026-06-24 17:14:59 UTC,True,0.0764,0.0769,0.0762,0.0766,0.00010000000000000286,0.13071895424836977,25.269626404786976,0.0765,0.07689361,0.07629821,0.07658592,0.00011798000000000364,0.154286881534933,1782321299999,2026-06-24 17:14:59 UTC,1.4079999999999648e-05,0.01838458035106146,0.0,0.0,0.0,0.0,0.0,,1782321299999,2026-06-24 17:14:59 UTC,270,-312.0,-53.608247422680414,206483.0,-252846.0,-55.04681829364137,15815.761,-19406.108200000002,-55.09675846505046,binance_kline_quote_asset_volume,764.7518518518518,58.57689259259259,0.0006999999999999923,0.9162303664921366,0.00020000000000000573,0.2617801047120494,0.00020000000000000573,0.2617801047120494,0.0002999999999999947,42.85714285714257,0.00019999999999999185,28.57142857142772,0.5714285714285743,79370.0,127113.0,38.4389998208085,61.5610001791915,6083.6979,-6324.173400000001,-50.96904414216482,9732.0631,-13081.934800000003,-57.34170248170314,38.46604599045218,61.533954009547806,0.6244050569178605,0.6251190356544236,-3648.3651999999993,-23.06790801909563,9553856.0,730563.68737664,-31340.0,-0.32696253681197546,-20497.285217960016,-2.7291106802088927,2.3841,-0.010299999999999976,-0.4301703975943859,70.45,29.549999999999997,0.9389,-0.015000000000000013,-1.572491875458645,48.43,51.57000000000001,2.8417,-0.00890000000000013,-0.3122149722865407,73.97,26.029999999999998,-1.4452000000000003,0.4575999999999998,1.9028,1782316800003,2026-06-24 16:00:00 UTC,5e-05,0.07799507
FINAL_REAL_MARK_PREMIUM_CLOSED_GUARD_2026_06_13,1782321300000,2026-06-24 17:15:00 UTC,SAFEUSDT,1782321300000,2026-06-24 17:15:00 UTC,1782322199999,2026-06-24 17:29:59 UTC,True,0.0765,0.0766,0.0752,0.0759,-0.0007000000000000062,-0.9138381201044466,22.333649105196727,0.076587,0.07659667,0.07529972,0.0759,-0.0006859200000000065,-0.8956215450568544,1782322199999,2026-06-24 17:29:59 UTC,0.0,0.0,0.0,0.0,-0.00140336,0.0,0.0,,1782322199999,2026-06-24 17:29:59 UTC,216,-54.0,-20.0,101029.0,-105454.0,-51.07151678346401,7643.1142,-8172.6468,-51.67406614199596,binance_kline_quote_asset_volume,467.72685185185185,35.38478796296296,0.0013999999999999985,1.8300653594771221,-0.0006000000000000033,-0.7843137254902004,0.0006000000000000033,0.7843137254902004,0.00010000000000000286,7.142857142857355,0.0006999999999999923,49.9999999999995,0.49999999999999506,62021.0,39008.0,61.38930406121015,38.61069593878985,4694.9215,-1388.7763999999997,-22.827833051999505,2948.1926999999996,-6783.8704,-69.70639555347725,61.42681343162452,38.57318656837549,1.5899559064807218,1.5924744335741694,1746.7288000000008,22.853626863249023,9591421.0,734578.160127,37565.0,0.39319202633994066,4014.4727503599133,0.5495034614675918,2.3761,-0.008000000000000007,-0.33555639444654195,70.38,29.62,0.9486,0.009700000000000042,1.033123868356592,48.68,51.32,2.8285,-0.013199999999999878,-0.4645106802266206,73.88,26.119999999999997,-1.4275000000000002,0.4523999999999999,1.8799000000000001,1782316800003,2026-06-24 16:00:00 UTC,5e-05,0.07799507
FINAL_REAL_MARK_PREMIUM_CLOSED_GUARD_2026_06_13,1782322200000,2026-06-24 17:30:00 UTC,SAFEUSDT,1782322200000,2026-06-24 17:30:00 UTC,1782323099999,2026-06-24 17:44:59 UTC,True,0.0759,0.0761,0.0756,0.0758,-9.999999999998899e-05,-0.13175230566533463,21.941450672892387,0.0759,0.07602667,0.0756,0.0758,-9.999999999998899e-05,-0.13175230566533463,1782323099999,2026-06-24 17:44:59 UTC,0.0,0.0,0.0,0.0,0.0,0.0,0.0,,1782323099999,2026-06-24 17:44:59 UTC,179,-37.0,-17.12962962962963,72544.0,-28485.0,-28.194874738936342,5498.5944,-2144.5198,-28.0581938707654,binance_kline_quote_asset_volume,405.2737430167598,30.718404469273743,0.0005000000000000004,0.6587615283267463,-9.999999999998899e-05,-0.13175230566533463,9.999999999998899e-05,0.13175230566533463,0.00020000000000000573,40.000000000001116,0.00020000000000000573,40.000000000001116,0.4000000000000111,45854.0,26690.0,63.2085355094839,36.7914644905161,3475.0924,-1219.8291000000004,-25.98188489413508,2023.502,-924.6906999999997,-31.364662832249728,63.199649714116035,36.80035028588397,1.7180217309853878,1.7173654387294899,1451.5904,26.39929942823206,9619796.0,730142.5164,28375.0,0.2958372904286028,-4435.643726999988,-0.6038355028460303,2.3898,0.013700000000000045,0.5765750599722252,70.5,29.5,0.9509,0.0022999999999999687,0.2424625764284175,48.74,51.25999999999999,2.8212,-0.007299999999999862,-0.2580873254375062,73.83,26.169999999999998,-1.4389000000000003,0.4314,1.8703000000000003,1782316800003,2026-06-24 16:00:00 UTC,5e-05,0.07799507
FINAL_REAL_MARK_PREMIUM_CLOSED_GUARD_2026_06_13,1782323100000,2026-06-24 17:45:00 UTC,SAFEUSDT,1782323100000,2026-06-24 17:45:00 UTC,1782323999999,2026-06-24 17:59:59 UTC,True,0.0758,0.0759,0.0754,0.0755,-0.0003000000000000086,-0.3957783641161063,20.76343439135482,0.0758,0.07591013,0.0754,0.0755,-0.0003000000000000086,-0.3957783641161063,1782323999999,2026-06-24 17:59:59 UTC,0.0,0.0,0.0,0.0,0.0,0.0,0.0,,1782323999999,2026-06-24 17:59:59 UTC,86,-93.0,-51.955307262569825,47151.0,-25393.0,-35.003584031760035,3566.3567,-1932.2377000000001,-35.14057519863622,binance_kline_quote_asset_volume,548.2674418604652,41.46926395348837,0.0005000000000000004,0.6596306068601588,-0.0003000000000000086,-0.3957783641161063,0.0003000000000000086,0.3957783641161063,9.999999999998899e-05,19.99999999999778,0.00010000000000000286,20.000000000000558,0.20000000000000556,36683.0,10468.0,77.7989862357108,22.201013764289197,2775.9903,-699.1021000000001,-20.117511119992095,790.3663999999999,-1233.1356,-60.940666231118136,77.83826839306343,22.161731606936566,3.504298815437524,3.5122827842884012,1985.6239,55.67653678612686,9659854.0,732216.9332,40058.0,0.41641215676507065,2074.4168000000063,0.2841112184821136,2.3944,0.0045999999999999375,0.1924847267553744,70.54,29.459999999999997,0.9533,0.0024000000000000687,0.25239247029131023,48.8,51.2,2.8226,0.0013999999999998458,0.049624273358848926,73.83999999999999,26.16,-1.4411,0.4281999999999999,1.8693,1782316800003,2026-06-24 16:00:00 UTC,5e-05,0.07799507
FINAL_REAL_MARK_PREMIUM_CLOSED_GUARD_2026_06_13,1782324000000,2026-06-24 18:00:00 UTC,SAFEUSDT,1782324000000,2026-06-24 18:00:00 UTC,1782324899999,2026-06-24 18:14:59 UTC,True,0.0755,0.0763,0.0755,0.0762,0.0007000000000000062,0.927152317880803,30.182574442887145,0.0755,0.07627059,0.0755,0.0762,0.0007000000000000062,0.927152317880803,1782324899999,2026-06-24 18:14:59 UTC,0.0,0.0,0.0,0.0,0.0,0.0,0.0,,1782324899999,2026-06-24 18:14:59 UTC,145,59.0,68.6046511627907,84519.0,37368.0,79.25176560412292,6420.8094,2854.4527000000003,80.03833996750804,binance_kline_quote_asset_volume,582.8896551724138,44.28144413793103,0.000800000000000009,1.0596026490066346,0.0007000000000000062,0.927152317880803,0.0007000000000000062,0.927152317880803,0.00010000000000000286,12.500000000000217,0.0,0.0,0.8749999999999978,66283.0,18236.0,78.42378636756231,21.57621363243768,5035.6347,2259.6443999999997,81.39957837748928,1385.1747000000005,594.8083000000006,75.25728573481877,78.42678993087692,21.573210069123068,3.634733494187322,3.635378772078351,3650.459999999999,56.853579861753865,9689370.0,731547.435,29516.0,0.3055532723372424,-669.4981999999145,-0.09143440552160048,2.3979,0.0034999999999998366,0.14617440694954212,70.57,29.43,0.9543,0.0010000000000000009,0.10489877268435967,48.83,51.17,2.8212,-0.0013999999999998458,-0.04959965988804102,73.83,26.169999999999998,-1.4436,0.42330000000000023,1.8669000000000002,1782316800003,2026-06-24 16:00:00 UTC,5e-05,0.07799507
FINAL_REAL_MARK_PREMIUM_CLOSED_GUARD_2026_06_13,1782324900000,2026-06-24 18:15:00 UTC,SAFEUSDT,1782324900000,2026-06-24 18:15:00 UTC,1782325799999,2026-06-24 18:29:59 UTC,True,0.0763,0.0775,0.0763,0.0771,0.000899999999999998,1.1811023622047219,40.050001806012645,0.0762,0.07748722,0.0762,0.0771481,0.0009480999999999934,1.244225721784768,1782325799999,2026-06-24 18:29:59 UTC,-4.809999999999537e-05,-0.06234761452322918,0.0,0.0,0.0,0.0,0.0,,1782325799999,2026-06-24 18:29:59 UTC,144,-1.0,-0.6896551724137931,43678.0,-40841.0,-48.32167914906707,3365.1614,-3055.648,-47.58976337157742,binance_kline_quote_asset_volume,303.31944444444446,23.36917638888889,0.0011999999999999927,1.572739187418077,0.0007999999999999952,1.0484927916120512,0.0007999999999999952,1.0484927916120512,0.0003999999999999976,33.33333333333333,0.0,0.0,0.6666666666666666,27151.0,16527.0,62.16172901689638,37.83827098310362,2091.7955,-2943.8391999999994,-58.46014207503971,1273.3658999999998,-111.8088000000007,-8.071819388558039,62.160332042320476,37.83966795767953,1.6428268893326072,1.6427293207710372,818.4296000000004,24.320664084640946,9722119.0,740825.4678,32749.0,0.33798895077801755,9278.032799999928,1.2682749410501217,2.4048,0.006899999999999906,0.28775178280995484,70.63000000000001,29.37,0.9556,0.0012999999999999678,0.13622550560620014,48.870000000000005,51.129999999999995,2.8388,0.017599999999999838,0.6238480079398779,73.95,26.05,-1.4491999999999998,0.43400000000000016,1.8832,1782316800003,2026-06-24 16:00:00 UTC,5e-05,0.07799507
FINAL_REAL_MARK_PREMIUM_CLOSED_GUARD_2026_06_13,1782325800000,2026-06-24 18:30:00 UTC,SAFEUSDT,1782325800000,2026-06-24 18:30:00 UTC,1782326699999,2026-06-24 18:44:59 UTC,True,0.0771,0.0773,0.0766,0.0768,-0.0003000000000000086,-0.3891050583657699,38.11619503453557,0.07715009,0.0772762,0.07669807,0.0768,-0.00034810000000000396,-0.45121007516711875,1782326699999,2026-06-24 18:44:59 UTC,0.0,0.0,0.0,0.0,0.0,0.0,0.0,,1782326699999,2026-06-24 18:44:59 UTC,111,-33.0,-22.916666666666664,59189.0,15511.0,35.51215715005266,4558.8751,1193.7137000000002,35.47270273574398,binance_kline_quote_asset_volume,533.2342342342342,41.07094684684685,0.0006999999999999923,0.9079118028534271,-0.0003000000000000086,-0.3891050583657699,0.0003000000000000086,0.3891050583657699,0.00019999999999999185,28.57142857142772,0.00019999999999999185,28.57142857142772,0.2857142857142772,20519.0,38670.0,34.666914460457185,65.33308553954282,1580.2071,-511.5884000000001,-24.456903172418148,2978.668,1705.3021000000003,133.92082354333508,34.662215246914755,65.33778475308524,0.5306180501680889,0.5305079653052975,-1398.4609,-30.675569506170504,9718110.0,749769.7762791,-4009.0,-0.04123586637851275,8944.3084791,1.2073435468763727,2.3818,-0.022999999999999687,-0.9564204923486231,70.43,29.57,0.956,0.00039999999999995595,0.04185851820845081,48.88,51.12,2.8329,-0.005900000000000016,-0.20783429618148574,73.91,26.090000000000003,-1.4258000000000002,0.45109999999999983,1.8769,1782316800003,2026-06-24 16:00:00 UTC,5e-05,0.07799507
FINAL_REAL_MARK_PREMIUM_CLOSED_GUARD_2026_06_13,1782326700000,2026-06-24 18:45:00 UTC,SAFEUSDT,1782326700000,2026-06-24 18:45:00 UTC,1782327599999,2026-06-24 18:59:59 UTC,True,0.0767,0.0768,0.0763,0.0767,-9.999999999998899e-05,-0.13020833333331902,37.46678294442617,0.0768,0.0768,0.0763,0.07664943,-0.00015056999999998877,-0.1960546874999854,1782327599999,2026-06-24 18:59:59 UTC,5.056999999999978e-05,0.06597570262427233,0.0,0.0,-0.00078936,0.0,0.0,,1782327599999,2026-06-24 18:59:59 UTC,79,-32.0,-28.82882882882883,38349.0,-20840.0,-35.20924496105695,2934.4243,-1624.4508,-35.6327112361556,binance_kline_quote_asset_volume,485.43037974683546,37.14461139240507,0.0004999999999999866,0.6518904823989394,0.0,0.0,0.0,0.0,9.999999999998899e-05,19.999999999998337,0.0003999999999999976,80.00000000000168,0.8000000000000167,25856.0,12493.0,67.42287934496336,32.57712065503664,1979.012,398.80489999999986,25.23750842531968,955.4123000000002,-2023.2557,-67.92484761645137,67.44123540689054,32.558764593109466,2.0696389978387897,2.071369606608581,1023.5996999999998,34.88247081378108,9692334.0,744371.2512,-25776.0,-0.26523675899943505,-5398.525079099927,-0.7200243661316029,2.358,-0.023800000000000043,-0.9992442690402235,70.22,29.78,0.9566,0.0006000000000000449,0.06276150627615533,48.89,51.11,2.8344,0.0015000000000000568,0.05294927459494005,73.92,26.08,-1.4014000000000002,0.47639999999999993,1.8778000000000001,1782316800003,2026-06-24 16:00:00 UTC,5e-05,0.07799507
FINAL_REAL_MARK_PREMIUM_CLOSED_GUARD_2026_06_13,1782327600000,2026-06-24 19:00:00 UTC,SAFEUSDT,1782327600000,2026-06-24 19:00:00 UTC,1782328499999,2026-06-24 19:14:59 UTC,True,0.0767,0.077,0.0765,0.0767,0.0,0.0,37.46678294442617,0.07664919,0.07698627,0.0765,0.0767,5.056999999999978e-05,0.06597570262427233,1782328499999,2026-06-24 19:14:59 UTC,0.0,0.0,0.0,0.0,0.0,0.0,0.0,,1782328499999,2026-06-24 19:14:59 UTC,65,-14.0,-17.72151898734177,24420.0,-13929.0,-36.32167722756786,1874.9628,-1059.4615000000001,-36.104577650887094,binance_kline_quote_asset_volume,375.6923076923077,28.845581538461538,0.0005000000000000004,0.6518904823989575,0.0,0.0,0.0,0.0,0.0002999999999999947,59.999999999998884,0.00020000000000000573,40.000000000001116,0.4000000000000111,16187.0,8233.0,66.28583128583129,33.714168714168714,1243.4588,-735.5531999999998,-37.16769782093286,631.5039999999999,-323.9083000000003,-33.90246284248175,66.31911843797647,33.680881562023515,1.966111988339609,1.9690434264866101,611.9548000000002,32.63823687595296,9690218.0,742749.68627574,-2116.0,-0.0218316867743105,-1621.5649242600193,-0.21784357222903172,2.358,0.0,0.0,70.22,29.78,0.9565,-9.999999999998899e-05,-0.010453690152622725,48.89,51.11,2.8285,-0.005900000000000016,-0.208156929156083,73.88,26.119999999999997,-1.4015,0.4704999999999999,1.8719999999999999,1782316800003,2026-06-24 16:00:00 UTC,5e-05,0.07799507
FINAL_REAL_MARK_PREMIUM_CLOSED_GUARD_2026_06_13,1782328500000,2026-06-24 19:15:00 UTC,SAFEUSDT,1782328500000,2026-06-24 19:15:00 UTC,1782329399999,2026-06-24 19:29:59 UTC,True,0.0765,0.0768,0.0764,0.0768,9.999999999998899e-05,0.13037809647977705,38.678477413573724,0.0767,0.07674414,0.07643979,0.07672725,2.7249999999992558e-05,0.03552803129073345,1782329399999,2026-06-24 19:29:59 UTC,7.274999999999643e-05,0.09481637879631608,0.0,0.0,0.0,0.0,0.0,,1782329399999,2026-06-24 19:29:59 UTC,33,-32.0,-49.23076923076923,10500.0,-13920.0,-57.00245700245701,803.6636,-1071.2992,-57.13709093321745,binance_kline_quote_asset_volume,318.1818181818182,24.353442424242424,0.0003999999999999976,0.5228758169934609,0.0002999999999999947,0.3921568627450912,0.0002999999999999947,0.3921568627450912,0.0,0.0,0.00010000000000000286,25.000000000000867,1.0,3548.0,6952.0,33.79047619047619,66.2095238095238,271.7139,-971.7449000000001,-78.1485401848457,531.9496999999999,-99.55430000000001,-15.764634903341868,33.80940731918181,66.19059268081818,0.5103567318757192,0.5107887080301015,-260.23579999999987,-32.38118536163637,9701010.0,744067.467,10792.0,0.11137004348096194,1317.7807242599083,0.1774192232739217,2.358,0.0,0.0,70.22,29.78,0.9555,-0.0010000000000000009,-0.10454783063251445,48.86,51.13999999999999,2.8285,0.0,0.0,73.88,26.119999999999997,-1.4025,0.4704999999999999,1.873,1782316800003,2026-06-24 16:00:00 UTC,5e-05,0.07799507
FINAL_REAL_MARK_PREMIUM_CLOSED_GUARD_2026_06_13,1782329400000,2026-06-24 19:30:00 UTC,SAFEUSDT,1782329400000,2026-06-24 19:30:00 UTC,1782330299999,2026-06-24 19:44:59 UTC,True,0.0767,0.077,0.0765,0.0767,-9.999999999998899e-05,-0.13020833333331902,37.887858684851686,0.07673479,0.07692678,0.07659168,0.0767,-2.7249999999992558e-05,-0.03551541336356061,1782330299999,2026-06-24 19:44:59 UTC,0.0,0.0,0.0,0.0,0.0,0.0,0.0,,1782330299999,2026-06-24 19:44:59 UTC,44,11.0,33.33333333333333,28097.0,17597.0,167.5904761904762,2156.5665,1352.9029,168.3419405830997,binance_kline_quote_asset_volume,638.5681818181819,49.012875,0.0005000000000000004,0.6518904823989575,0.0,0.0,0.0,0.0,0.0002999999999999947,59.999999999998884,0.00020000000000000573,40.000000000001116,0.4000000000000111,26951.0,1146.0,95.9212727337438,4.078727266256184,2068.6944,1796.9805,661.3502290460664,87.87210000000005,-444.07759999999985,-83.48112612903061,95.92537025869593,4.0746297413040615,23.517452006980804,23.54210722174614,1980.8222999999998,91.85074051739188,9700159.0,744266.52463275,-851.0,-0.008772282473680575,199.05763275001664,0.026752632197802658,2.3422,-0.015800000000000036,-0.6700593723494501,70.08,29.92,0.9558,0.00029999999999996696,0.03139717425431365,48.870000000000005,51.129999999999995,2.8081,-0.020399999999999974,-0.721230334099345,73.74000000000001,26.26,-1.3864,0.4659,1.8523,1782316800003,2026-06-24 16:00:00 UTC,5e-05,0.07799507
FINAL_REAL_MARK_PREMIUM_CLOSED_GUARD_2026_06_13,1782330300000,2026-06-24 19:45:00 UTC,SAFEUSDT,1782330300000,2026-06-24 19:45:00 UTC,1782331199999,2026-06-24 19:59:59 UTC,True,0.0767,0.0769,0.0765,0.0767,0.0,0.0,37.887858684851686,0.0767,0.07683912,0.07657036,0.07675131,5.1309999999998857e-05,0.06689700130377947,1782331199999,2026-06-24 19:59:59 UTC,-5.1309999999998857e-05,-0.06685227913373577,0.0,0.0,0.0,0.0,0.0,,1782331199999,2026-06-24 19:59:59 UTC,76,32.0,72.72727272727273,50717.0,22620.0,80.50681567427127,3889.8529,1733.2864,80.37249952644632,binance_kline_quote_asset_volume,667.328947368421,51.182275,0.0003999999999999976,0.5215123859191624,0.0,0.0,0.0,0.0,0.00019999999999999185,49.99999999999826,0.00020000000000000573,50.000000000001734,0.5000000000000173,6010.0,44707.0,11.850069996253723,88.14993000374628,460.8726,-1607.8218,-77.72157163474702,3428.9802999999997,3341.1081999999997,3802.2400739256236,11.84807271246684,88.15192728753316,0.1344308497550719,0.1344051466262434,-2968.1076999999996,-76.30385457506631,9698769.0,743895.5823,-1390.0,-0.014329662018942164,-370.9423327499535,-0.0498399861438066,2.3278,-0.01440000000000019,-0.6148065920929122,69.95,30.049999999999997,0.9546,-0.0011999999999999789,-0.12554927809164876,48.84,51.160000000000004,2.7979,-0.010200000000000209,-0.3632349275310783,73.67,26.33,-1.3731999999999998,0.47009999999999996,1.8432999999999997,1782316800003,2026-06-24 16:00:00 UTC,5e-05,0.07799507
FINAL_REAL_MARK_PREMIUM_CLOSED_GUARD_2026_06_13,1782331200000,2026-06-24 20:00:00 UTC,SAFEUSDT,1782331200000,2026-06-24 20:00:00 UTC,1782332099999,2026-06-24 20:14:59 UTC,True,0.0767,0.0786,0.0766,0.0783,0.0015999999999999903,2.0860495436766495,54.968480567210854,0.07675131,0.07850861,0.0766,0.0783,0.0015486899999999915,2.017802692879107,1782332099999,2026-06-24 20:14:59 UTC,0.0,0.0,0.0,0.0,0.0,0.0,0.0,,1782332099999,2026-06-24 20:14:59 UTC,365,289.0,380.2631578947369,245797.0,195080.0,384.6442021412939,19140.6014,15250.7485,392.06491587381106,binance_kline_quote_asset_volume,673.4164383561643,52.44000383561644,0.0020000000000000018,2.60756192959583,0.0015999999999999903,2.0860495436766495,0.0015999999999999903,2.0860495436766495,0.0003000000000000086,15.000000000000416,0.00010000000000000286,5.000000000000139,0.8499999999999959,143238.0,102559.0,58.274917920072255,41.725082079927745,11145.9318,10685.0592,2318.440974794336,7994.669599999999,4565.6893,133.1500592173131,58.23187875382014,41.76812124617986,1.3966399828391463,1.3941704107446793,3151.262200000001,16.463757507640285,9695792.0,744167.0644776,-2977.0,-0.030694617017891654,271.4821776000317,0.03649466189336069,2.3311,0.0033000000000003027,0.14176475642238606,69.98,30.020000000000003,0.9539,-0.0007000000000000339,-0.07332914309658851,48.82,51.18000000000001,2.8052,0.007300000000000306,0.2609099681904395,73.72,26.279999999999998,-1.3772000000000002,0.47409999999999997,1.8513000000000002,1782316800003,2026-06-24 16:00:00 UTC,5e-05,0.07799507
FINAL_REAL_MARK_PREMIUM_CLOSED_GUARD_2026_06_13,1782332100000,2026-06-24 20:15:00 UTC,SAFEUSDT,1782332100000,2026-06-24 20:15:00 UTC,1782332999999,2026-06-24 20:29:59 UTC,True,0.0783,0.0785,0.0781,0.0784,0.00010000000000000286,0.12771392081737276,55.786838780517456,0.0783,0.0785,0.07810747,0.07846308,0.00016308000000000988,0.20827586206897813,1782332999999,2026-06-24 20:29:59 UTC,-6.308000000000702e-05,-0.0803944989159322,0.0,0.0,0.0,0.0,0.0,,1782332999999,2026-06-24 20:29:59 UTC,100,-265.0,-72.6027397260274,50827.0,-194970.0,-79.32155396526402,3979.3859,-15161.215499999998,-79.2097133374294,binance_kline_quote_asset_volume,508.27,39.793859000000005,0.0003999999999999976,0.5108556832694733,0.00010000000000000286,0.12771392081737276,0.00010000000000000286,0.12771392081737276,0.00010000000000000286,25.000000000000867,0.00019999999999999185,49.99999999999826,0.7499999999999913,26684.0,24143.0,52.49965569480788,47.50034430519212,2089.6254,-9056.306400000001,-81.25212465412717,1889.7605000000003,-6104.909099999999,-76.36224391311931,52.51125305540234,47.488746944597665,1.1052478979414322,1.1057620264578498,199.86489999999958,5.022506110804674,9710552.0,760336.2216,14760.0,0.15223098845354768,16169.157122400007,2.172785909807852,2.269,-0.062100000000000044,-2.6639783793059086,69.41000000000001,30.59,0.9639,0.010000000000000009,1.0483279169724298,49.08,50.92,2.7467,-0.058499999999999996,-2.085412804791102,73.31,26.69,-1.3051000000000001,0.4777,1.7828000000000002,1782331200006,2026-06-24 20:00:00 UTC,5e-05,0.07675055
FINAL_REAL_MARK_PREMIUM_CLOSED_GUARD_2026_06_13,1782333000000,2026-06-24 20:30:00 UTC,SAFEUSDT,1782333000000,2026-06-24 20:30:00 UTC,1782333899999,2026-06-24 20:44:59 UTC,True,0.0784,0.0785,0.0782,0.0782,-0.00019999999999999185,-0.25510204081631616,53.68548859093356,0.07845675,0.07845675,0.07823533,0.07825019,-0.00021289000000000724,-0.27132506141743,1782333899999,2026-06-24 20:44:59 UTC,-5.018999999999163e-05,-0.06414041933954617,0.0,0.0,0.0,0.0,0.0,,1782333899999,2026-06-24 20:44:59 UTC,123,23.0,23.0,35534.0,-15293.0,-30.088338875007377,2783.308,-1196.0779000000002,-30.05684620835592,binance_kline_quote_asset_volume,288.8943089430894,22.62852032520325,0.0002999999999999947,0.38265306122448306,-0.00019999999999999185,-0.25510204081631616,0.00019999999999999185,0.25510204081631616,0.00010000000000000286,33.33333333333488,0.0,0.0,0.0,11532.0,24002.0,32.45342488883886,67.54657511116115,903.7203,-1185.9051,-56.752042734549455,1879.5877,-10.17280000000028,-0.5383116008616053,32.46928834322324,67.53071165677676,0.4804599616698608,0.48080773246175207,-975.8674000000001,-35.06142331355351,9714450.0,762225.667506,3898.0,0.04014189924527462,1889.445905999979,0.24850136720094132,2.2808,0.011800000000000033,0.5200528867342455,69.52000000000001,30.48,0.9665,0.0026000000000000467,0.2697375246394903,49.15,50.849999999999994,2.7622,0.015499999999999847,0.5643135398842192,73.42,26.58,-1.3143000000000002,0.48139999999999983,1.7957,1782331200006,2026-06-24 20:00:00 UTC,5e-05,0.07675055
FINAL_REAL_MARK_PREMIUM_CLOSED_GUARD_2026_06_13,1782333900000,2026-06-24 20:45:00 UTC,SAFEUSDT,1782333900000,2026-06-24 20:45:00 UTC,1782334799999,2026-06-24 20:59:59 UTC,True,0.0782,0.0787,0.0781,0.0783,9.999999999998899e-05,0.1278772378516483,54.606188330675,0.07825057,0.07865783,0.07812082,0.07834773,9.754000000000707e-05,0.12465145452043895,1782334799999,2026-06-24 20:59:59 UTC,-4.773000000000971e-05,-0.06092071844329083,0.0,0.0,0.0,0.0,0.0,,1782334799999,2026-06-24 20:59:59 UTC,132,9.0,7.317073170731707,65238.0,29704.0,83.5931783643834,5112.7153,2329.4073,83.69204198744804,binance_kline_quote_asset_volume,494.22727272727275,38.73269166666667,0.0006000000000000033,0.7672634271099786,9.999999999998899e-05,0.1278772378516483,9.999999999998899e-05,0.1278772378516483,0.00040000000000001146,66.6666666666682,0.00010000000000000286,16.66666666666705,0.33333333333331794,29711.0,35527.0,45.5424752444894,54.45752475551059,2327.3453,1423.625,157.52938160180756,2785.37,905.7822999999999,48.19047815645951,45.52072946443938,54.47927053556062,0.8362935232358488,0.8355605538940967,-458.02469999999994,-8.958541071121248,9718642.0,760489.27612594,4192.0,0.04315221139642491,-1736.3913800599985,-0.22780541958675646,2.2906,0.009799999999999809,0.42967379866712596,69.61,30.39,0.9683,0.0018000000000000238,0.18623900672529992,49.19,50.81,2.7665,0.0043000000000001926,0.15567301426399943,73.45,26.55,-1.3222999999999998,0.4759000000000002,1.7982,1782331200006,2026-06-24 20:00:00 UTC,5e-05,0.07675055
FINAL_REAL_MARK_PREMIUM_CLOSED_GUARD_2026_06_13,1782334800000,2026-06-24 21:00:00 UTC,SAFEUSDT,1782334800000,2026-06-24 21:00:00 UTC,1782335699999,2026-06-24 21:14:59 UTC,True,0.0783,0.0784,0.0776,0.0777,-0.0005999999999999894,-0.766283524904201,48.39040174356086,0.07834946,0.07839739,0.07764675,0.07775175,-0.0005959800000000098,-0.7606857275890568,1782335699999,2026-06-24 21:14:59 UTC,-5.1749999999989305e-05,-0.06655798744078341,0.0,0.0,0.0,0.0,0.0,,1782335699999,2026-06-24 21:14:59 UTC,161,29.0,21.96969696969697,70626.0,5388.0,8.258990159109722,5509.5523,396.83700000000044,7.761766042400218,binance_kline_quote_asset_volume,438.67080745341616,34.220821739130436,0.0007999999999999952,1.0217113665389466,-0.0005999999999999894,-0.766283524904201,0.0005999999999999894,0.766283524904201,0.00010000000000000286,12.500000000000433,0.00010000000000000286,12.500000000000433,0.12500000000000433,31991.0,38635.0,45.296349786197716,54.70365021380228,2496.6852,169.33989999999994,7.276096933274145,3012.8671000000004,227.4971000000005,8.167571992230853,45.31557310019545,54.68442689980455,0.8280315775850913,0.8286741887818416,-516.1819000000005,-9.368853799609099,9716209.0,761252.92705084,-2433.0,-0.02503436179663784,763.6509248999646,0.10041573877150912,2.3025,0.011900000000000244,0.5195145376757287,69.72,30.28,0.9702,0.0018999999999999018,0.19622017969636493,49.24,50.760000000000005,2.7651,-0.00140000000000029,-0.05060545816014061,73.44000000000001,26.56,-1.3323000000000003,0.4625999999999997,1.7949,1782331200006,2026-06-24 20:00:00 UTC,5e-05,0.07675055
FINAL_REAL_MARK_PREMIUM_CLOSED_GUARD_2026_06_13,1782335700000,2026-06-24 21:15:00 UTC,SAFEUSDT,1782335700000,2026-06-24 21:15:00 UTC,1782336599999,2026-06-24 21:29:59 UTC,True,0.0778,0.0781,0.0778,0.0779,0.00019999999999999185,0.2574002574002469,50.41647462114849,0.0777519,0.07805243,0.07770713,0.0779,0.00014825000000000255,0.1906709495284705,1782336599999,2026-06-24 21:29:59 UTC,0.0,0.0,0.0,0.0,0.0,0.0,0.0,,1782336599999,2026-06-24 21:29:59 UTC,50,-111.0,-68.94409937888199,20588.0,-50038.0,-70.84926231133011,1604.3399,-3905.2124000000003,-70.8807574074576,binance_kline_quote_asset_volume,411.76,32.086798,0.0003000000000000086,0.3856041131105509,0.00010000000000000286,0.12853470437018366,0.00010000000000000286,0.12853470437018366,0.00020000000000000573,66.66666666666666,0.0,0.0,0.3333333333333333,16915.0,3673.0,82.1595103944045,17.84048960559549,1318.1754,-1178.5097999999998,-47.20297937441211,286.16449999999986,-2726.7026000000005,-90.50192091114806,82.16310022583122,17.836899774168796,4.605227334603866,4.6063554354226355,1032.0109000000002,64.3262004516624,9741474.0,757416.6510795,25265.0,0.26002940035563255,-3836.2759713400155,-0.5039423606818935,2.3167,0.014199999999999768,0.6167209554831603,69.85,30.15,0.9741,0.0039000000000000146,0.4019789734075464,49.34,50.660000000000004,2.7622,-0.0028999999999999027,-0.10487866623268245,73.42,26.58,-1.3426,0.4455,1.7881,1782331200006,2026-06-24 20:00:00 UTC,5e-05,0.07675055
FINAL_REAL_MARK_PREMIUM_CLOSED_GUARD_2026_06_13,1782336600000,2026-06-24 21:30:00 UTC,SAFEUSDT,1782336600000,2026-06-24 21:30:00 UTC,1782337499999,2026-06-24 21:44:59 UTC,True,0.078,0.0785,0.0779,0.0784,0.0005000000000000004,0.641848523748396,55.156185235779354,0.0779,0.0785,0.0779,0.0784,0.0005000000000000004,0.641848523748396,1782337499999,2026-06-24 21:44:59 UTC,0.0,0.0,0.0,0.0,0.0,0.0,0.0,,1782337499999,2026-06-24 21:44:59 UTC,54,4.0,8.0,16091.0,-4497.0,-21.842821060812124,1259.2056,-345.13429999999994,-21.512542323481448,binance_kline_quote_asset_volume,297.98148148148147,23.31862222222222,0.0006000000000000033,0.7692307692307734,0.0003999999999999976,0.5128205128205097,0.0003999999999999976,0.5128205128205097,0.00010000000000000286,16.66666666666705,0.00010000000000000286,16.66666666666705,0.8333333333333295,12540.0,3551.0,77.93176309738364,22.06823690261637,980.9142,-337.26120000000003,-25.585456988500926,278.29139999999995,-7.8730999999999085,-2.7512497182564264,77.89944707996852,22.100552920031483,3.5313996057448604,3.5247736724886223,702.6228000000001,55.79889415993703,9747065.0,759296.3635,5591.0,0.05739377839534346,1879.7124205,0.24817416118604732,2.3058,-0.01089999999999991,-0.4704968273837748,69.75,30.25,0.9744,0.000300000000000078,0.03079765937789529,49.35,50.64999999999999,2.7622,0.0,0.0,73.42,26.58,-1.3314,0.4563999999999999,1.7877999999999998,1782331200006,2026-06-24 20:00:00 UTC,5e-05,0.07675055
FINAL_REAL_MARK_PREMIUM_CLOSED_GUARD_2026_06_13,1782337500000,2026-06-24 21:45:00 UTC,SAFEUSDT,1782337500000,2026-06-24 21:45:00 UTC,1782338399999,2026-06-24 21:59:59 UTC,True,0.0785,0.0788,0.0784,0.0786,0.00020000000000000573,0.25510204081633386,56.92970858121935,0.0784,0.07865345,0.0784,0.0786,0.00020000000000000573,0.25510204081633386,1782338399999,2026-06-24 21:59:59 UTC,0.0,0.0,0.0,0.0,0.0,0.0,0.0,,1782338399999,2026-06-24 21:59:59 UTC,31,-23.0,-42.592592592592595,11258.0,-4833.0,-30.035423528680628,884.0572,-375.14840000000004,-29.792465980138594,binance_kline_quote_asset_volume,363.16129032258067,28.517974193548387,0.0003999999999999976,0.5095541401273854,0.00010000000000000286,0.1273885350318508,0.00010000000000000286,0.1273885350318508,0.00019999999999999185,49.99999999999826,0.00010000000000000286,25.000000000000867,0.5000000000000173,7200.0,4058.0,63.95452122934802,36.045478770651975,565.8072,-415.1070000000001,-42.31838013966971,318.25,39.95860000000005,14.358546473229158,64.00119811252031,35.99880188747968,1.7742730409068506,1.7778702278083267,247.55719999999997,28.002396225040638,9755902.0,764862.7168,8837.0,0.09066318938059816,5566.353300000075,0.733093633471626,2.3223,0.016499999999999737,0.7155867811605402,69.89999999999999,30.099999999999998,0.9753,0.0008999999999999009,0.09236453201969426,49.38,50.62,2.775,0.012799999999999923,0.46339874013467247,73.50999999999999,26.490000000000002,-1.347,0.4527000000000001,1.7997,1782331200006,2026-06-24 20:00:00 UTC,5e-05,0.07675055
FINAL_REAL_MARK_PREMIUM_CLOSED_GUARD_2026_06_13,1782338400000,2026-06-24 22:00:00 UTC,SAFEUSDT,1782338400000,2026-06-24 22:00:00 UTC,1782339299999,2026-06-24 22:14:59 UTC,True,0.0787,0.0792,0.0787,0.0789,0.0002999999999999947,0.38167938931297035,59.516091014487586,0.0786,0.07915448,0.0786,0.0789,0.0002999999999999947,0.38167938931297035,1782339299999,2026-06-24 22:14:59 UTC,0.0,0.0,0.0,1.054e-05,0.0,0.0,0.0,,1782339299999,2026-06-24 22:14:59 UTC,219,188.0,606.4516129032259,66270.0,55012.0,488.6480724817908,5235.5748,4351.5176,492.22127256019184,binance_kline_quote_asset_volume,302.6027397260274,23.906734246575343,0.0005000000000000004,0.6353240152477768,0.00019999999999999185,0.2541296060991002,0.00019999999999999185,0.2541296060991002,0.0003000000000000086,60.00000000000166,0.0,0.0,0.39999999999998337,27535.0,38735.0,41.549720838992,58.450279161008,2175.8057,1609.9985,284.5489594335314,3059.7691000000004,2741.5191000000004,861.4356952081698,41.55810552071569,58.44189447928431,0.7108558151542532,0.7111012723149598,-883.9634000000005,-16.88378895856861,9760673.0,767188.8978,4771.0,0.048903730275273366,2326.1809999999823,0.3041305255055651,2.3201,-0.0021999999999997577,-0.09473366920724101,69.88,30.12,0.9758,0.000500000000000056,0.051266277042966886,49.39,50.61,2.775,0.0,0.0,73.50999999999999,26.490000000000002,-1.3443,0.45489999999999986,1.7992,1782331200006,2026-06-24 20:00:00 UTC,5e-05,0.07675055
FINAL_REAL_MARK_PREMIUM_CLOSED_GUARD_2026_06_13,1782339300000,2026-06-24 22:15:00 UTC,SAFEUSDT,1782339300000,2026-06-24 22:15:00 UTC,1782340199999,2026-06-24 22:29:59 UTC,True,0.0789,0.0791,0.0789,0.0789,0.0,0.0,59.516091014487586,0.0789,0.0791,0.07867742,0.0789,0.0,0.0,1782340199999,2026-06-24 22:29:59 UTC,0.0,0.0,0.0,0.00155305,0.0,0.0,0.0,,1782340199999,2026-06-24 22:29:59 UTC,45,-174.0,-79.45205479452055,10884.0,-55386.0,-83.57627885921232,859.5072,-4376.0676,-83.58332689659977,binance_kline_quote_asset_volume,241.86666666666667,19.10016,0.00020000000000000573,0.2534854245880935,0.0,0.0,0.0,0.0,0.00020000000000000573,100.0,0.0,0.0,0.0,5933.0,4951.0,54.51120911429621,45.488790885703786,468.6877,-1707.118,-78.45911976423263,390.8195,-2668.9496000000004,-87.22715710803145,54.52981662050068,45.470183379499325,1.1983437689355685,1.1992433847338733,77.8682,9.059633241001356,9755772.0,769730.4108,-4901.0,-0.05021170159065876,2541.512999999919,0.3312760400063129,2.3245,0.0043999999999999595,0.18964699797422352,69.92,30.080000000000002,0.9774,0.0016000000000000458,0.16396802623488888,49.43,50.57000000000001,2.7793,0.0043000000000001926,0.1549549549549619,73.54,26.46,-1.3471,0.4548000000000001,1.8019,1782331200006,2026-06-24 20:00:00 UTC,5e-05,0.07675055
FINAL_REAL_MARK_PREMIUM_CLOSED_GUARD_2026_06_13,1782340200000,2026-06-24 22:30:00 UTC,SAFEUSDT,1782340200000,2026-06-24 22:30:00 UTC,1782341099999,2026-06-24 22:44:59 UTC,True,0.0789,0.079,0.0785,0.0785,-0.0003999999999999976,-0.5069708491761693,54.45908601181127,0.0789,0.07895433,0.07854856,0.07854993,-0.000350069999999994,-0.443688212927749,1782341099999,2026-06-24 22:44:59 UTC,-4.993000000000358e-05,-0.06356466517539046,0.0,0.0,0.0,0.0,0.0,,1782341099999,2026-06-24 22:44:59 UTC,103,58.0,128.88888888888889,38445.0,27561.0,253.22491730981258,3028.3194,2168.8122,252.33205725327258,binance_kline_quote_asset_volume,373.252427184466,29.40115922330097,0.0005000000000000004,0.6337135614702161,-0.0003999999999999976,-0.5069708491761693,0.0003999999999999976,0.5069708491761693,0.00010000000000000286,20.000000000000558,0.0,0.0,0.0,15944.0,22501.0,41.47223306021589,58.52776693978411,1256.3496,787.6619000000001,168.05687454567294,1771.9697999999999,1381.1502999999998,353.3985126125999,41.486693906858044,58.513306093141956,0.7085907293009199,0.7090129865644438,-515.6201999999998,-17.026612186283913,9756139.0,769759.3671,367.0,0.0037618755337865623,28.956300000078045,0.0037618755337967017,2.3245,0.0,0.0,69.92,30.080000000000002,0.9777,0.00029999999999996696,0.0306936771025135,49.44,50.56,2.7679,-0.011400000000000077,-0.41017522397726325,73.46000000000001,26.540000000000003,-1.3468,0.4434,1.7902,1782331200006,2026-06-24 20:00:00 UTC,5e-05,0.07675055
FINAL_REAL_MARK_PREMIUM_CLOSED_GUARD_2026_06_13,1782341100000,2026-06-24 22:45:00 UTC,SAFEUSDT,1782341100000,2026-06-24 22:45:00 UTC,1782341999999,2026-06-24 22:59:59 UTC,True,0.0786,0.0787,0.0783,0.0787,0.00020000000000000573,0.2547770700637016,56.45153198229643,0.0785495,0.07865196,0.07834796,0.07865142,0.00010148999999999575,0.12920444359402453,1782341999999,2026-06-24 22:59:59 UTC,4.8580000000006396e-05,0.06176620841684281,0.0,0.0,0.0,0.0,0.0,,1782341999999,2026-06-24 22:59:59 UTC,57,-46.0,-44.66019417475729,17969.0,-20476.0,-53.26050201586682,1410.2569,-1618.0624999999998,-53.43103835084237,binance_kline_quote_asset_volume,315.2456140350877,24.74134912280702,0.00040000000000001146,0.5089058524173173,0.00010000000000000286,0.12722646310432933,0.00010000000000000286,0.12722646310432933,0.0,0.0,0.0003000000000000086,75.0,1.0,12826.0,5143.0,71.37848516890199,28.621514831098,1006.6951,-249.65449999999998,-19.871419547552684,403.56180000000006,-1368.408,-77.22524390652707,71.38380957398613,28.616190426013873,2.493875170134163,2.494525249912157,603.1333,42.767619147972255,9759187.0,766583.45570691,3048.0,0.03124186730016864,-3175.911393090035,-0.4125849621103019,2.3322,0.007699999999999818,0.3312540331253955,69.99,30.009999999999998,0.9782,0.0004999999999999449,0.051140431625237286,49.45,50.55,2.7836,0.015699999999999825,0.5672170237364004,73.57000000000001,26.43,-1.3539999999999999,0.4514,1.8054,1782331200006,2026-06-24 20:00:00 UTC,5e-05,0.07675055
FINAL_REAL_MARK_PREMIUM_CLOSED_GUARD_2026_06_13,1782342000000,2026-06-24 23:00:00 UTC,SAFEUSDT,1782342000000,2026-06-24 23:00:00 UTC,1782342899999,2026-06-24 23:14:59 UTC,True,0.0786,0.0786,0.0783,0.0786,-0.00010000000000000286,-0.1270648030495589,55.15225199528087,0.0786515,0.0786515,0.07841633,0.07854917,-0.00010224999999999818,-0.13000401009924317,1782342899999,2026-06-24 23:14:59 UTC,5.083000000000171e-05,0.06471105932755458,0.0,0.0,0.0,0.0,0.0,,1782342899999,2026-06-24 23:14:59 UTC,67,10.0,17.543859649122805,23752.0,5783.0,32.18320440759085,1864.709,454.4521,32.22477408194209,binance_kline_quote_asset_volume,354.5074626865672,27.8314776119403,0.0003000000000000086,0.381679389312988,0.0,0.0,0.0,0.0,0.0,0.0,0.0003000000000000086,100.0,1.0,8368.0,15384.0,35.23071741327046,64.76928258672953,657.1475,-349.5476,-34.72229079092567,1207.5615,803.9997,199.2259178148179,35.24128965967344,64.75871034032656,0.5439417576703068,0.5441938153874565,-550.414,-29.517420680653117,9767144.0,768199.74494448,7957.0,0.08153343101223494,1616.2892375700176,0.21084321942214965,2.3445,0.0123000000000002,0.5273990223823086,70.1,29.9,0.9788,0.0006000000000000449,0.06133714986710744,49.47,50.529999999999994,2.785,0.00140000000000029,0.05029458255497521,73.58,26.419999999999998,-1.3657,0.4405000000000001,1.8062,1782331200006,2026-06-24 20:00:00 UTC,5e-05,0.07675055
FINAL_REAL_MARK_PREMIUM_CLOSED_GUARD_2026_06_13,1782342900000,2026-06-24 23:15:00 UTC,SAFEUSDT,1782342900000,2026-06-24 23:15:00 UTC,1782343799999,2026-06-24 23:29:59 UTC,True,0.0786,0.0788,0.0784,0.0786,0.0,0.0,55.15225199528087,0.07854923,0.0787514,0.07844853,0.0786,5.083000000000171e-05,0.06471105932755458,1782343799999,2026-06-24 23:29:59 UTC,0.0,0.0,0.0,0.0,0.0,0.0,0.0,,1782343799999,2026-06-24 23:29:59 UTC,42,-25.0,-37.3134328358209,12712.0,-11040.0,-46.48029639609296,999.5038,-865.2052000000001,-46.398939459186394,binance_kline_quote_asset_volume,302.6666666666667,23.797709523809523,0.0003999999999999976,0.5089058524172997,0.0,0.0,0.0,0.0,0.00019999999999999185,49.99999999999826,0.00020000000000000573,50.000000000001734,0.5000000000000173,3228.0,9484.0,25.39332913782253,74.60667086217747,253.7123,-403.4352,-61.39187929650497,745.7914999999999,-461.7700000000001,-38.239874325241416,25.383825454190372,74.61617454580963,0.3403627161535217,0.3401919973611928,-492.0791999999999,-49.232349091619255,9762795.0,766859.44413015,-4349.0,-0.04452683404688208,-1340.3008143299958,-0.17447295747629585,2.3422,-0.0022999999999999687,-0.09810194071230406,70.08,29.92,0.9797,0.0009000000000000119,0.09194932570494604,49.49,50.51,2.7836,-0.00140000000000029,-0.05026929982047719,73.57000000000001,26.43,-1.3625,0.4413999999999998,1.8038999999999998,1782331200006,2026-06-24 20:00:00 UTC,5e-05,0.07675055
FINAL_REAL_MARK_PREMIUM_CLOSED_GUARD_2026_06_13,1782343800000,2026-06-24 23:30:00 UTC,SAFEUSDT,1782343800000,2026-06-24 23:30:00 UTC,1782344699999,2026-06-24 23:44:59 UTC,True,0.0786,0.0786,0.078,0.0783,-0.0003000000000000086,-0.381679389312988,51.063173563410324,0.0786,0.0786,0.07802469,0.0783,-0.0003000000000000086,-0.381679389312988,1782344699999,2026-06-24 23:44:59 UTC,0.0,0.0,0.0,0.0,0.0,0.0,0.0,,1782344699999,2026-06-24 23:44:59 UTC,238,196.0,466.6666666666667,89947.0,77235.0,607.5755191944619,7049.8117,6050.3079,605.3311553192694,binance_kline_quote_asset_volume,377.92857142857144,29.62105756302521,0.0006000000000000033,0.7633587786259585,-0.0003000000000000086,-0.381679389312988,0.0003000000000000086,0.381679389312988,0.0,0.0,0.0002999999999999947,49.99999999999885,0.49999999999998845,21697.0,68250.0,24.121982945512357,75.87801705448764,1700.7265,1447.0142,570.336637206789,5349.0852,4603.2937,617.2360103326466,24.12442448640153,75.87557551359848,0.3179047619047619,0.3179471697328732,-3648.3587000000007,-51.751151027196954,9764022.0,767452.1292,1227.0,0.012568122141251557,592.6850698499475,0.07728731443377229,2.3322,-0.010000000000000231,-0.4269490222867488,69.99,30.009999999999998,0.9802,0.0004999999999999449,0.051036031438189744,49.5,50.5,2.7807,-0.0028999999999999027,-0.10418163529242357,73.55000000000001,26.450000000000003,-1.3519999999999999,0.4485000000000001,1.8005,1782331200006,2026-06-24 20:00:00 UTC,5e-05,0.07675055
FINAL_REAL_MARK_PREMIUM_CLOSED_GUARD_2026_06_13,1782344700000,2026-06-24 23:45:00 UTC,SAFEUSDT,1782344700000,2026-06-24 23:45:00 UTC,1782345599999,2026-06-24 23:59:59 UTC,True,0.0784,0.0785,0.0782,0.0783,0.0,0.0,51.063173563410324,0.0783,0.0784786,0.07817251,0.0783,0.0,0.0,1782345599999,2026-06-24 23:59:59 UTC,0.0,0.0,0.0,0.0,0.0,0.0,0.0,,1782345599999,2026-06-24 23:59:59 UTC,47,-191.0,-80.25210084033614,16445.0,-73502.0,-81.71701112877582,1288.5029,-5761.308800000001,-81.72287495281613,binance_kline_quote_asset_volume,349.8936170212766,27.414955319148934,0.0002999999999999947,0.38265306122448306,-0.00010000000000000286,-0.12755102040816693,0.00010000000000000286,0.12755102040816693,0.00010000000000000286,33.33333333333488,9.999999999998899e-05,33.33333333333025,0.3333333333333025,6547.0,9898.0,39.811492854971114,60.18850714502888,513.0488,-1187.6777,-69.8335505444291,775.4540999999999,-4573.6311000000005,-85.50305199849873,39.81743463674005,60.18256536325994,0.6614467569205901,0.6616107903743111,-262.4052999999999,-20.365130726519894,9796392.0,767057.4936,32370.0,0.3315232186080695,-394.6355999999214,-0.051421526501111356,2.3422,0.010000000000000231,0.42877969299374974,70.08,29.92,0.9758,-0.0043999999999999595,-0.4488879820444766,49.39,50.61,2.8037,0.02300000000000013,0.8271298593879286,73.71,26.290000000000003,-1.3664,0.4615,1.8279,1782331200006,2026-06-24 20:00:00 UTC,5e-05,0.07675055
FINAL_REAL_MARK_PREMIUM_CLOSED_GUARD_2026_06_13,1782345600000,2026-06-25 00:00:00 UTC,SAFEUSDT,1782345600000,2026-06-25 00:00:00 UTC,1782346499999,2026-06-25 00:14:59 UTC,True,0.0783,0.0786,0.0782,0.0784,0.00010000000000000286,0.12771392081737276,52.42673057611788,0.0783,0.07846484,0.07824843,0.07834989,4.989000000001076e-05,0.06371647509579918,1782346499999,2026-06-25 00:14:59 UTC,5.0109999999992105e-05,0.0639566947700783,0.0,0.0,0.0,0.0,0.0,,1782346499999,2026-06-25 00:14:59 UTC,96,49.0,104.25531914893618,24535.0,8090.0,49.19428397689267,1922.9544,634.4515000000001,49.23943128106271,binance_kline_quote_asset_volume,255.57291666666666,20.030775000000002,0.0003999999999999976,0.5108556832694733,0.00010000000000000286,0.12771392081737276,0.00010000000000000286,0.12771392081737276,0.00020000000000000573,50.000000000001734,9.999999999998899e-05,24.999999999997396,0.4999999999999826,13267.0,11268.0,54.07377216221724,45.926227837782754,1040.2248,527.1759999999999,102.75357821712086,882.7296000000001,107.27550000000019,13.833894230490266,54.095136109311795,45.904863890688205,1.1774050408235712,1.1784183967547932,157.49519999999984,8.190272218623583,9802273.0,767517.9759,5881.0,0.06003230577134929,460.482299999916,0.060032305771338335,2.3445,0.0022999999999999687,0.09819827512594861,70.1,29.9,0.9769,0.0010999999999999899,0.11272801803648184,49.419999999999995,50.580000000000005,2.8052,0.0015000000000000568,0.05350073117666144,73.72,26.279999999999998,-1.3676,0.4607000000000001,1.8283,1782345600000,2026-06-25 00:00:00 UTC,5e-05,0.0783
FINAL_REAL_MARK_PREMIUM_CLOSED_GUARD_2026_06_13,1782346500000,2026-06-25 00:15:00 UTC,SAFEUSDT,1782346500000,2026-06-25 00:15:00 UTC,1782347399999,2026-06-25 00:29:59 UTC,True,0.0784,0.0784,0.078,0.0782,-0.00019999999999999185,-0.25510204081631616,49.45852911284612,0.07835018,0.07835306,0.07803585,0.0782,-0.00014988999999999975,-0.19130850087983498,1782347399999,2026-06-25 00:29:59 UTC,0.0,0.0,0.0,0.0,0.0,0.0,0.0,,1782347399999,2026-06-25 00:29:59 UTC,87,-9.0,-9.375,35082.0,10547.0,42.98756877929488,2740.6834,817.7289999999998,42.52461732841922,binance_kline_quote_asset_volume,403.2413793103448,31.50210804597701,0.0003999999999999976,0.51020408163265,-0.00019999999999999185,-0.25510204081631616,0.00019999999999999185,0.25510204081631616,0.0,0.0,0.00020000000000000573,50.000000000001734,0.5000000000000173,9537.0,25545.0,27.184881135625105,72.8151188643749,745.5379,-294.6868999999999,-28.32915539025794,1995.1454999999999,1112.4158999999997,126.02000657959125,27.202627636596045,72.79737236340395,0.37334116265413975,0.37367595496168077,-1249.6075999999998,-45.59474472680791,9803909.0,768135.19172001,1636.0,0.016690006491351547,617.215820010053,0.08041711587097344,2.3512,0.006699999999999928,0.2857752185967127,70.16,29.84,0.977,9.999999999998899e-05,0.010236462278635377,49.419999999999995,50.580000000000005,2.8212,0.016000000000000014,0.5703693141309002,73.83,26.169999999999998,-1.3742,0.4700000000000002,1.8442000000000003,1782345600000,2026-06-25 00:00:00 UTC,5e-05,0.0783
FINAL_REAL_MARK_PREMIUM_CLOSED_GUARD_2026_06_13,1782347400000,2026-06-25 00:30:00 UTC,SAFEUSDT,1782347400000,2026-06-25 00:30:00 UTC,1782348299999,2026-06-25 00:44:59 UTC,True,0.0781,0.0782,0.0778,0.0779,-0.0003000000000000086,-0.3836317135549982,45.31422952889489,0.0782,0.0782,0.07780846,0.07784797,-0.0003520300000000032,-0.4501662404092112,1782348299999,2026-06-25 00:44:59 UTC,5.202999999999458e-05,0.06683539724927262,0.0,0.0,0.0,0.0,0.0,,1782348299999,2026-06-25 00:44:59 UTC,111,24.0,27.586206896551722,38499.0,3417.0,9.74003762613306,3002.7227,262.0392999999999,9.56109341195703,binance_kline_quote_asset_volume,346.8378378378378,27.051555855855852,0.00040000000000001146,0.5121638924455972,-0.00020000000000000573,-0.2560819462227986,0.00020000000000000573,0.2560819462227986,0.00010000000000000286,25.0,0.00010000000000000286,25.0,0.25,13283.0,25216.0,34.50219486220421,65.49780513779578,1036.3211,290.78319999999985,39.003141221928466,1966.4016,-28.74389999999994,-1.44069191946151,34.51271407779346,65.48728592220654,0.5267687182741116,0.5270139629666697,-930.0805,-30.974571844413074,9812658.0,767349.8556,8749.0,0.08923991440557028,-785.3361200100044,-0.10223931001670135,2.3467,-0.0045000000000001705,-0.19139162980606375,70.12,29.880000000000003,0.9785,0.0015000000000000568,0.15353121801433542,49.46,50.54,2.8314,0.010199999999999765,0.3615482773287879,73.9,26.1,-1.3681999999999999,0.48470000000000013,1.8529,1782345600000,2026-06-25 00:00:00 UTC,5e-05,0.0783
FINAL_REAL_MARK_PREMIUM_CLOSED_GUARD_2026_06_13,1782348300000,2026-06-25 00:45:00 UTC,SAFEUSDT,1782348300000,2026-06-25 00:45:00 UTC,1782349199999,2026-06-25 00:59:59 UTC,True,0.0778,0.0779,0.0776,0.0776,-0.0002999999999999947,-0.3851091142490305,41.56357134598443,0.07784797,0.07784975,0.07760508,0.07764652,-0.0002014500000000058,-0.25877360707030095,1782349199999,2026-06-25 00:59:59 UTC,-4.6519999999994344e-05,-0.05991253696880987,0.0,0.0,0.0,0.0,0.0,,1782349199999,2026-06-25 00:59:59 UTC,79,-32.0,-28.82882882882883,70924.0,32425.0,84.22296683030727,5514.4847,2511.762,83.64948251798278,binance_kline_quote_asset_volume,897.7721518987341,69.80360379746836,0.0002999999999999947,0.38560411311053305,-0.00019999999999999185,-0.25706940874034945,0.00019999999999999185,0.25706940874034945,0.00010000000000000286,33.33333333333488,0.0,0.0,0.0,10480.0,60444.0,14.776380350798037,85.22361964920196,814.785,-221.53609999999992,-21.37716775235011,4699.6997,2733.2981,138.99999369406535,14.775360606223098,85.2246393937769,0.1733836278207928,0.17336958784834697,-3884.9147000000003,-70.44927878755381,9828997.0,765167.46358609,16339.0,0.16650942079098244,-2182.3920139099937,-0.28440638881772584,2.3344,-0.012299999999999756,-0.5241402820982553,70.00999999999999,29.99,0.9802,0.0016999999999999238,0.17373530914664526,49.5,50.5,2.8226,-0.008799999999999919,-0.31080031080030796,73.83999999999999,26.16,-1.3542,0.48819999999999997,1.8424,1782345600000,2026-06-25 00:00:00 UTC,5e-05,0.0783
FINAL_REAL_MARK_PREMIUM_CLOSED_GUARD_2026_06_13,1782349200000,2026-06-25 01:00:00 UTC,SAFEUSDT,1782349200000,2026-06-25 01:00:00 UTC,1782350099999,2026-06-25 01:14:59 UTC,True,0.0778,0.078,0.0778,0.0779,0.0002999999999999947,0.3865979381443231,46.34611298653469,0.07765487,0.07795564,0.07765487,0.0779,0.00025348000000000037,0.3264537805429018,1782350099999,2026-06-25 01:14:59 UTC,0.0,0.0,0.0,0.0,0.0,0.0,0.0,,1782350099999,2026-06-25 01:14:59 UTC,97,18.0,22.78481012658228,35975.0,-34949.0,-49.27669054198861,2801.5166,-2712.9681,-49.197128065293214,binance_kline_quote_asset_volume,370.87628865979383,28.88161443298969,0.00020000000000000573,0.2570694087403673,0.00010000000000000286,0.12853470437018366,0.00010000000000000286,0.12853470437018366,0.00010000000000000286,50.0,0.0,0.0,0.5,19819.0,16156.0,55.09103544127867,44.90896455872133,1543.8344,729.0494,89.47751860920366,1257.6822,-3442.0175,-73.23909440426587,55.107094493032804,44.89290550696719,1.2267269126021292,1.227523455448443,286.1522,10.214188986065619,9844056.0,764356.69108512,15059.0,0.1532099358662944,-810.7725009700516,-0.10596013808143719,2.3445,0.010099999999999998,0.43265935572309794,70.1,29.9,0.9847,0.0045000000000000595,0.4590899816364068,49.62,50.38,2.8551,0.032500000000000195,1.1514206759725145,74.06,25.94,-1.3598,0.5106000000000002,1.8704,1782345600000,2026-06-25 00:00:00 UTC,5e-05,0.0783
FINAL_REAL_MARK_PREMIUM_CLOSED_GUARD_2026_06_13,1782350100000,2026-06-25 01:15:00 UTC,SAFEUSDT,1782350100000,2026-06-25 01:15:00 UTC,1782350999999,2026-06-25 01:29:59 UTC,True,0.0779,0.0781,0.0778,0.0779,0.0,0.0,46.34611298653469,0.0779,0.07801595,0.0778484,0.0779,0.0,0.0,1782350999999,2026-06-25 01:29:59 UTC,0.0,0.0,0.0,0.0,0.0,0.0,0.0,,1782350999999,2026-06-25 01:29:59 UTC,82,-15.0,-15.463917525773196,28360.0,-7615.0,-21.16747741487144,2209.1275,-592.3890999999999,-21.145300370520733,binance_kline_quote_asset_volume,345.8536585365854,26.940579268292684,0.0003000000000000086,0.38510911424904826,0.0,0.0,0.0,0.0,0.00020000000000000573,66.66666666666666,0.00010000000000000286,33.33333333333333,0.3333333333333333,5294.0,23066.0,18.667136812411847,81.33286318758816,412.6689,-1131.1655,-73.26987272728216,1796.4586,538.7764,42.838834802623424,18.680175770751124,81.31982422924887,0.22951530391051764,0.22971244647664021,-1383.7896999999998,-62.639648458497746,9845995.0,767003.0105,1939.0,0.01969716547731951,2646.3194148800103,0.3462152481615827,2.3445,0.0,0.0,70.1,29.9,0.9856,0.0009000000000000119,0.09139839545039219,49.64,50.36000000000001,2.861,0.005900000000000016,0.20664775314349818,74.1,25.900000000000002,-1.3589,0.5165000000000002,1.8754000000000002,1782345600000,2026-06-25 00:00:00 UTC,5e-05,0.0783
FINAL_REAL_MARK_PREMIUM_CLOSED_GUARD_2026_06_13,1782351000000,2026-06-25 01:30:00 UTC,SAFEUSDT,1782351000000,2026-06-25 01:30:00 UTC,1782351899999,2026-06-25 01:44:59 UTC,True,0.0779,0.078,0.0776,0.078,0.00010000000000000286,0.12836970474968276,47.99160822695784,0.0779,0.07795335,0.07761595,0.07795263,5.2629999999997956e-05,0.06756097560975348,1782351899999,2026-06-25 01:44:59 UTC,4.737000000000491e-05,0.06076767390658264,0.0,0.0,0.0,0.0,0.0,,1782351899999,2026-06-25 01:44:59 UTC,37,-45.0,-54.87804878048781,11384.0,-16976.0,-59.858956276445696,884.9657,-1324.1618,-59.94048781702279,binance_kline_quote_asset_volume,307.6756756756757,23.91799189189189,0.0003999999999999976,0.5134788189987133,0.00010000000000000286,0.12836970474968276,0.00010000000000000286,0.12836970474968276,0.0,0.0,0.0002999999999999947,74.99999999999913,1.0,1665.0,9719.0,14.625790583274773,85.37420941672524,129.5431,-283.1258,-68.60846552769061,755.4226,-1041.036,-57.9493454511003,14.638205751929146,85.36179424807085,0.17131392118530714,0.1714842791306482,-625.8795,-70.72358849614172,9837830.0,766366.957,-8165.0,-0.08292711909766357,-636.0534999999218,-0.08292711909765337,2.3445,0.0,0.0,70.1,29.9,0.9838,-0.0018000000000000238,-0.18262987012987253,49.59,50.41,2.867,0.005999999999999783,0.20971688220901025,74.14,25.86,-1.3607,0.5225,1.8832,1782345600000,2026-06-25 00:00:00 UTC,5e-05,0.0783
FINAL_REAL_MARK_PREMIUM_CLOSED_GUARD_2026_06_13,1782351900000,2026-06-25 01:45:00 UTC,SAFEUSDT,1782351900000,2026-06-25 01:45:00 UTC,1782352799999,2026-06-25 01:59:59 UTC,True,0.0779,0.0779,0.0776,0.0777,-0.0002999999999999947,-0.3846153846153778,43.66511537818025,0.07795248,0.07795248,0.07764776,0.0777,-0.0002526299999999898,-0.32408143253151284,1782352799999,2026-06-25 01:59:59 UTC,0.0,0.0,0.0,0.0,0.0,0.0,0.0,,1782352799999,2026-06-25 01:59:59 UTC,37,0.0,0.0,20631.0,9247.0,81.22803935347856,1604.708,719.7423000000001,81.32996566985592,binance_kline_quote_asset_volume,557.5945945945946,43.37048648648649,0.0002999999999999947,0.3851091142490305,-0.00019999999999999185,-0.2567394094993477,0.00019999999999999185,0.2567394094993477,0.0,0.0,0.00010000000000000286,33.33333333333488,0.33333333333334875,3606.0,17025.0,17.478551694052637,82.52144830594736,280.4291,150.886,116.4755205024428,1324.2789,568.8563,75.30305553474308,17.475397393170596,82.5246026068294,0.21180616740088107,0.21175984907710907,-1043.8498,-65.0492052136588,9836104.0,766750.17575352,-1726.0,-0.017544519472281996,383.21875351993367,0.05000460288894392,2.349,0.0045000000000001705,0.19193857965451783,70.14,29.86,0.9851,0.0012999999999999678,0.13214067899979343,49.62,50.38,2.8595,-0.00749999999999984,-0.26159748866410326,74.09,25.91,-1.3639000000000001,0.5105,1.8744,1782345600000,2026-06-25 00:00:00 UTC,5e-05,0.0783
FINAL_REAL_MARK_PREMIUM_CLOSED_GUARD_2026_06_13,1782352800000,2026-06-25 02:00:00 UTC,SAFEUSDT,1782352800000,2026-06-25 02:00:00 UTC,1782353699999,2026-06-25 02:14:59 UTC,True,0.0776,0.0777,0.0773,0.0775,-0.00020000000000000573,-0.2574002574002648,41.010743579316106,0.0777,0.0777,0.07734851,0.0775,-0.00020000000000000573,-0.2574002574002648,1782353699999,2026-06-25 02:14:59 UTC,0.0,0.0,0.0,0.0,0.0,0.0,0.0,,1782353699999,2026-06-25 02:14:59 UTC,96,59.0,159.45945945945945,53989.0,33358.0,161.68872085696282,4185.0045,2580.2965,160.79539081253412,binance_kline_quote_asset_volume,562.3854166666666,43.593796875,0.00040000000000001146,0.5154639175257879,-0.00010000000000000286,-0.12886597938144698,0.00010000000000000286,0.12886597938144698,0.00010000000000000286,25.0,0.00020000000000000573,50.0,0.5,22430.0,31559.0,41.54550000926115,58.45449999073885,1738.8877,1458.4586,520.0810472237011,2446.1168,1121.8378999999998,84.71311443533531,41.55043799833429,58.4495620016657,0.7107322792230426,0.7108768068638424,-707.2290999999998,-16.899124003331416,9840098.0,764575.6146,3994.0,0.040605508034481944,-2174.561153520015,-0.2836075194091707,2.3512,0.0021999999999997577,0.09365687526606034,70.16,29.84,0.9855,0.00040000000000006697,0.040605014719324636,49.64,50.36000000000001,2.861,0.0015000000000000568,0.05245672320335922,74.1,25.900000000000002,-1.3657,0.5098000000000003,1.8755000000000002,1782345600000,2026-06-25 00:00:00 UTC,5e-05,0.0783
FINAL_REAL_MARK_PREMIUM_CLOSED_GUARD_2026_06_13,1782353700000,2026-06-25 02:15:00 UTC,SAFEUSDT,1782353700000,2026-06-25 02:15:00 UTC,1782354599999,2026-06-25 02:29:59 UTC,True,0.0775,0.0777,0.0774,0.0776,0.00010000000000000286,0.12903225806451982,42.880421603520915,0.0775,0.0777,0.07744835,0.07765076,0.00015075999999999978,0.19452903225806426,1782354599999,2026-06-25 02:29:59 UTC,-5.075999999999692e-05,-0.06536961132125033,0.0,0.0,0.0,0.0,0.0,,1782354599999,2026-06-25 02:29:59 UTC,60,-36.0,-37.5,26791.0,-27198.0,-50.376928633610554,2078.1851,-2106.8194,-50.342105964282716,binance_kline_quote_asset_volume,446.51666666666665,34.63641833333334,0.0003000000000000086,0.3870967741935595,0.00010000000000000286,0.12903225806451982,0.00010000000000000286,0.12903225806451982,0.00010000000000000286,33.33333333333333,0.00010000000000000286,33.33333333333333,0.6666666666666666,17613.0,9178.0,65.74222686723154,34.25777313276846,1366.3145,-372.57320000000004,-21.42594947333287,711.8706000000002,-1734.2461999999996,-70.8979309573443,65.74556328019096,34.254436719809036,1.919045543691436,1.919329861354015,654.4438999999998,31.491126560381925,9854392.0,763715.38,14294.0,0.14526278091945832,-860.234599999967,-0.11251138325278823,2.3647,0.013500000000000068,0.5741748894181723,70.28,29.720000000000002,0.9861,0.0005999999999999339,0.0608828006088213,49.65,50.349999999999994,2.8835,0.022499999999999964,0.7864383082838156,74.25,25.75,-1.3786,0.5188000000000001,1.8974000000000002,1782345600000,2026-06-25 00:00:00 UTC,5e-05,0.0783
FINAL_REAL_MARK_PREMIUM_CLOSED_GUARD_2026_06_13,1782354600000,2026-06-25 02:30:00 UTC,SAFEUSDT,1782354600000,2026-06-25 02:30:00 UTC,1782355499999,2026-06-25 02:44:59 UTC,True,0.0777,0.0777,0.0774,0.0774,-0.00020000000000000573,-0.25773195876289395,40.14018566608365,0.07765088,0.07769007,0.07744721,0.07744973,-0.00020103000000000482,-0.2588899323071723,1782355499999,2026-06-25 02:44:59 UTC,-4.972999999999783e-05,-0.06420939104629265,0.0,0.0,0.0,0.0,0.0,,1782355499999,2026-06-25 02:44:59 UTC,87,27.0,45.0,19484.0,-7307.0,-27.274084580642754,1511.8694,-566.3157000000001,-27.250493712037493,binance_kline_quote_asset_volume,223.95402298850576,17.3778091954023,0.0003000000000000086,0.3861003861003971,-0.0003000000000000086,-0.3861003861003971,0.0003000000000000086,0.3861003861003971,0.0,0.0,0.0,0.0,0.0,3891.0,15593.0,19.970231985218643,80.02976801478135,302.3195,-1063.995,-77.87335931807793,1209.5499,497.6792999999998,69.91148391294705,19.996403128471282,80.00359687152871,0.24953504777784905,0.2499438014091027,-907.2303999999999,-60.00719374305743,9855269.0,765269.12785444,877.0,0.008899585078409709,1553.7478544400074,0.20344592961320318,2.3535,-0.011200000000000099,-0.4736330189876136,70.17999999999999,29.82,0.9962,0.010099999999999998,1.0242368928100596,49.9,50.1,2.888,0.0044999999999997264,0.15606034333274585,74.28,25.72,-1.3573,0.5345,1.8918,1782345600000,2026-06-25 00:00:00 UTC,5e-05,0.0783
FINAL_REAL_MARK_PREMIUM_CLOSED_GUARD_2026_06_13,1782355500000,2026-06-25 02:45:00 UTC,SAFEUSDT,1782355500000,2026-06-25 02:45:00 UTC,1782356399999,2026-06-25 02:59:59 UTC,True,0.0774,0.0775,0.0774,0.0774,0.0,0.0,40.14018566608366,0.07744988,0.0775,0.07741575,0.07745189,2.16000000000105e-06,0.0027889057844372733,1782356399999,2026-06-25 02:59:59 UTC,-5.188999999999888e-05,-0.06699642836346394,0.0,0.0,0.0,0.0,0.0,,1782356399999,2026-06-25 02:59:59 UTC,25,-62.0,-71.26436781609196,6470.0,-13014.0,-66.7932662697598,500.9332,-1010.9362000000001,-66.86663543821973,binance_kline_quote_asset_volume,258.8,20.037328,0.00010000000000000286,0.12919896640827244,0.0,0.0,0.0,0.0,0.00010000000000000286,100.0,0.0,0.0,0.0,1552.0,4918.0,23.987635239567233,76.01236476043277,120.28,-182.0395,-60.21427661794889,380.65319999999997,-828.8967,-68.52935129009559,24.01118552333924,75.98881447666076,0.31557543716958114,0.31598315737264265,-260.3732,-51.97762895332152,9855864.0,763334.00571672,595.0,0.0060373795986695036,-1935.1221377199981,-0.25286818287645246,2.349,-0.0044999999999997264,-0.19120458891012224,70.14,29.86,0.9976,0.0014000000000000679,0.14053402931139006,49.94,50.06,2.879,-0.008999999999999897,-0.3116343490304674,74.22,25.779999999999998,-1.3514000000000002,0.5299999999999998,1.8814,1782345600000,2026-06-25 00:00:00 UTC,5e-05,0.0783
FINAL_REAL_MARK_PREMIUM_CLOSED_GUARD_2026_06_13,1782356400000,2026-06-25 03:00:00 UTC,SAFEUSDT,1782356400000,2026-06-25 03:00:00 UTC,1782357299999,2026-06-25 03:14:59 UTC,True,0.0774,0.0775,0.0772,0.0773,-0.00010000000000000286,-0.12919896640827244,38.7058688098587,0.07745204,0.0775,0.07724584,0.0773,-0.00015189000000000175,-0.1961088360787603,1782357299999,2026-06-25 03:14:59 UTC,0.0,0.0,0.0,0.0,0.0,0.0,0.0,,1782357299999,2026-06-25 03:14:59 UTC,104,79.0,316.0,52675.0,46205.0,714.1421947449768,4074.786,3573.8528,713.4389974551497,binance_kline_quote_asset_volume,506.49038461538464,39.18063461538462,0.0002999999999999947,0.3875968992247994,-0.00010000000000000286,-0.12919896640827244,0.00010000000000000286,0.12919896640827244,0.00010000000000000286,33.33333333333488,9.999999999998899e-05,33.33333333333025,0.3333333333333025,17298.0,35377.0,32.839107736117704,67.1608922638823,1338.2254,1217.9454,1012.5917858330562,2736.5606,2355.9074,618.9117548466689,32.84161180488987,67.15838819511012,0.48896175481244875,0.48901727226504693,-1398.3351999999998,-34.31677639022024,9859501.0,763640.0433522,3637.0,0.036901889068274484,306.0376354799373,0.040092231341454294,2.349,0.0,0.0,70.14,29.86,0.9977,9.999999999998899e-05,0.010024057738571469,49.94,50.06,2.879,0.0,0.0,74.22,25.779999999999998,-1.3513000000000002,0.5299999999999998,1.8813,1782345600000,2026-06-25 00:00:00 UTC,5e-05,0.0783
FINAL_REAL_MARK_PREMIUM_CLOSED_GUARD_2026_06_13,1782357300000,2026-06-25 03:15:00 UTC,SAFEUSDT,1782357300000,2026-06-25 03:15:00 UTC,1782358199999,2026-06-25 03:29:59 UTC,True,0.0772,0.0779,0.0772,0.0774,0.00010000000000000286,0.1293661060802107,40.97714839171561,0.0773,0.07778756,0.0772,0.07744488,0.00014488,0.1874256144890039,1782358199999,2026-06-25 03:29:59 UTC,-4.4879999999997144e-05,-0.05795089359037957,0.0,0.0,0.0,0.0,0.0,,1782358199999,2026-06-25 03:29:59 UTC,131,27.0,25.961538461538463,73105.0,20430.0,38.78500237304224,5670.3543,1595.5683,39.157106655416996,binance_kline_quote_asset_volume,558.0534351145038,43.28514732824427,0.0006999999999999923,0.9067357512953268,0.00019999999999999185,0.2590673575129428,0.00019999999999999185,0.2590673575129428,0.0005000000000000004,71.42857142857227,0.0,0.0,0.2857142857142772,44055.0,29050.0,60.26263593461459,39.73736406538541,3418.5397,2080.3143,155.45320691118252,2251.8146,-484.74599999999964,-17.713695066719872,60.287938268689835,39.71206173131016,1.5165232358003442,1.5181266255223673,1166.7250999999997,20.575876537379678,9830133.0,759869.2809,-29368.0,-0.29786497308535187,-3770.7624521999387,-0.4937879417175636,2.3378,-0.011200000000000099,-0.47679863771818215,70.04,29.959999999999997,0.997,-0.0007000000000000339,-0.0701613711536568,49.919999999999995,50.080000000000005,2.87,-0.008999999999999897,-0.31260854463354976,74.16,25.840000000000003,-1.3408000000000002,0.5322,1.8730000000000002,1782345600000,2026-06-25 00:00:00 UTC,5e-05,0.0783
FINAL_REAL_MARK_PREMIUM_CLOSED_GUARD_2026_06_13,1782358200000,2026-06-25 03:30:00 UTC,SAFEUSDT,1782358200000,2026-06-25 03:30:00 UTC,1782359099999,2026-06-25 03:44:59 UTC,True,0.0774,0.0774,0.0768,0.0771,-0.0002999999999999947,-0.3875968992247994,36.59597029586031,0.0774477,0.07744825,0.07680049,0.07703604,-0.00040883999999999365,-0.5279109477605152,1782359099999,2026-06-25 03:44:59 UTC,6.396000000000179e-05,0.08302607454900562,0.0,0.0,0.0,0.0,0.0,,1782359099999,2026-06-25 03:44:59 UTC,110,-21.0,-16.030534351145036,54508.0,-18597.0,-25.43875247931058,4205.1953,-1465.1589999999997,-25.838932145739108,binance_kline_quote_asset_volume,495.5272727272727,38.229048181818186,0.0006000000000000033,0.7751937984496168,-0.0002999999999999947,-0.3875968992247994,0.0002999999999999947,0.3875968992247994,0.0,0.0,0.0003000000000000086,50.00000000000115,0.5000000000000115,25864.0,28644.0,47.44991560871799,52.55008439128201,1996.8453,-1421.6943999999999,-41.587769186942595,2208.3500000000004,-43.46459999999979,-1.9302033124751827,47.48519765538594,52.514802344614054,0.9029465158497416,0.9042250096225687,-211.5047000000004,-5.029604689228117,9824188.0,760833.06075744,-5945.0,-0.060477309920425285,963.7798574400367,0.12683495459883865,2.33,-0.007800000000000029,-0.33364701856446355,69.97,30.03,0.9987,0.0017000000000000348,0.1705115346038149,49.97,50.029999999999994,2.8506,-0.019400000000000084,-0.675958188153313,74.03,25.97,-1.3313000000000001,0.5206,1.8519,1782345600000,2026-06-25 00:00:00 UTC,5e-05,0.0783
FINAL_REAL_MARK_PREMIUM_CLOSED_GUARD_2026_06_13,1782359100000,2026-06-25 03:45:00 UTC,SAFEUSDT,1782359100000,2026-06-25 03:45:00 UTC,1782359999999,2026-06-25 03:59:59 UTC,True,0.0771,0.0772,0.0767,0.0772,0.00010000000000000286,0.1297016861219233,38.939512979203315,0.07703869,0.07715188,0.07678487,0.07715188,0.00011584000000000594,0.15037117691927823,1782359999999,2026-06-25 03:59:59 UTC,4.811999999999872e-05,0.06237048274131326,0.0,0.0,0.0,0.0,0.0,,1782359999999,2026-06-25 03:59:59 UTC,87,-23.0,-20.909090909090907,46804.0,-7704.0,-14.133705144199016,3603.779,-601.4163000000003,-14.301744796490196,binance_kline_quote_asset_volume,537.9770114942529,41.42274712643678,0.0005000000000000004,0.6485084306095985,0.00010000000000000286,0.1297016861219233,0.00010000000000000286,0.1297016861219233,0.0,0.0,0.0003999999999999976,79.99999999999945,1.0,28800.0,18004.0,61.533202290402535,38.46679770959747,2219.0648,222.21950000000015,11.128528584562867,1384.7142,-823.6358000000005,-37.29643398917746,61.576051139650914,38.42394886034909,1.5996445234392358,1.6025435429202648,834.3506000000002,23.15210227930182,9845431.0,758479.10672539,21243.0,0.2162316112028801,-2353.9540320500964,-0.3093916594143057,2.3333,0.0032999999999998586,0.14163090128754757,70.0,30.0,1.0032,0.0045000000000000595,0.45058576148994284,50.080000000000005,49.919999999999995,2.8462,-0.0043999999999999595,-0.15435346944502767,74.0,26.0,-1.3300999999999998,0.5129000000000001,1.843,1782345600000,2026-06-25 00:00:00 UTC,5e-05,0.0783
FINAL_REAL_MARK_PREMIUM_CLOSED_GUARD_2026_06_13,1782360000000,2026-06-25 04:00:00 UTC,SAFEUSDT,1782360000000,2026-06-25 04:00:00 UTC,1782360899999,2026-06-25 04:14:59 UTC,True,0.0772,0.0774,0.0769,0.0771,-0.00010000000000000286,-0.1295336787564804,37.44885095643018,0.07715191,0.0773976,0.07694778,0.07705137,-0.00010051000000001198,-0.1302755033318851,1782360899999,2026-06-25 04:14:59 UTC,4.8630000000007834e-05,0.0631137382761758,0.0,0.0,0.0,0.0,0.0,,1782360899999,2026-06-25 04:14:59 UTC,53,-34.0,-39.08045977011494,17683.0,-29121.0,-62.21904110759764,1363.5971,-2240.1819,-62.162022143977204,binance_kline_quote_asset_volume,333.64150943396226,25.72824716981132,0.0005000000000000004,0.6476683937823839,-0.00010000000000000286,-0.1295336787564804,0.00010000000000000286,0.1295336787564804,0.00019999999999999185,39.99999999999834,0.00020000000000000573,40.000000000001116,0.4000000000000111,9517.0,8166.0,53.820053158400725,46.17994684159928,733.7942,-1485.2706,-66.93227705653301,629.8028999999999,-754.9113,-54.517480935777215,53.813124125887335,46.186875874112665,1.165442076904237,1.1651172136552566,103.99130000000014,7.626248251774673,9865650.0,761153.444922,20219.0,0.20536429537721612,2674.3381966101006,0.35259220364765487,2.3434,0.010099999999999998,0.4328633266189516,70.09,29.909999999999997,1.0048,0.0015999999999998238,0.1594896331738261,50.12,49.88,2.8625,0.01629999999999976,0.5726934157824384,74.11,25.89,-1.3386,0.5190999999999999,1.8577,1782345600000,2026-06-25 00:00:00 UTC,5e-05,0.0783
FINAL_REAL_MARK_PREMIUM_CLOSED_GUARD_2026_06_13,1782360900000,2026-06-25 04:15:00 UTC,SAFEUSDT,1782360900000,2026-06-25 04:15:00 UTC,1782361799999,2026-06-25 04:29:59 UTC,True,0.0771,0.0771,0.0771,0.0771,0.0,0.0,37.44885095643019,0.07705137,0.07705939,0.07704604,0.07704918,-2.189999999999137e-06,-0.00284225965093046,1782361799999,2026-06-25 04:29:59 UTC,5.082000000000697e-05,0.06595787262110638,0.0,0.0,0.0,0.0,0.0,,1782361799999,2026-06-25 04:29:59 UTC,22,-31.0,-58.490566037735846,2035.0,-15648.0,-88.49177175818583,156.8985,-1206.6986,-88.49377869753464,binance_kline_quote_asset_volume,92.5,7.13175,0.0,0.0,0.0,0.0,0.0,0.0,0.0,0.0,0.0,0.0,0.0,2035.0,0.0,100.0,0.0,156.8985,-576.8957,-78.61818749725741,0.0,-629.8028999999999,-100.0,100.0,0.0,0.0,0.0,156.8985,100.0,9865492.0,760149.67432404,-158.0,-0.0016015163724640547,-1003.7705979601014,-0.13187493332083175,2.3289,-0.014499999999999957,-0.6187590680208226,69.96,30.04,1.0038,-0.0009999999999998899,-0.09952229299361962,50.1,49.9,2.8625,0.0,0.0,74.11,25.89,-1.3251,0.5335999999999999,1.8586999999999998,1782360000008,2026-06-25 04:00:00 UTC,5e-05,0.07715191
FINAL_REAL_MARK_PREMIUM_CLOSED_GUARD_2026_06_13,1782361800000,2026-06-25 04:30:00 UTC,SAFEUSDT,1782361800000,2026-06-25 04:30:00 UTC,1782362699999,2026-06-25 04:44:59 UTC,True,0.0771,0.0775,0.0769,0.0775,0.0003999999999999976,0.5188067444876752,46.88205622201484,0.07704935,0.07745662,0.07694698,0.07745457,0.00040539000000000547,0.5261444703240261,1782362699999,2026-06-25 04:44:59 UTC,4.542999999999908e-05,0.05865373728109145,0.0,0.0,0.0,0.0,0.0,,1782362699999,2026-06-25 04:44:59 UTC,103,81.0,368.1818181818182,20073.0,18038.0,886.3882063882064,1548.5495,1391.651,886.9753375589951,binance_kline_quote_asset_volume,194.88349514563106,15.034461165048544,0.0006000000000000033,0.7782101167315217,0.0003999999999999976,0.5188067444876752,0.0003999999999999976,0.5188067444876752,0.0,0.0,0.00020000000000000573,33.3333333333341,1.0,17601.0,2472.0,87.68494993274548,12.315050067254521,1358.207,1201.3085,765.6596462043932,190.34249999999997,190.34249999999997,,87.70833609129059,12.291663908709406,7.120145631067961,7.135595045772753,1167.8645000000001,75.4166721825812,9865776.0,760149.95086368,284.0,0.0028787211017960385,0.27653964003548026,3.637963014078668e-05,2.3378,0.00890000000000013,0.38215466529263303,70.04,29.959999999999997,1.0039,9.999999999998899e-05,0.009962143853356144,50.1,49.9,2.87,0.007500000000000284,0.2620087336244641,74.16,25.840000000000003,-1.3339,0.5322,1.8661,1782360000008,2026-06-25 04:00:00 UTC,5e-05,0.07715191
FINAL_REAL_MARK_PREMIUM_CLOSED_GUARD_2026_06_13,1782362700000,2026-06-25 04:45:00 UTC,SAFEUSDT,1782362700000,2026-06-25 04:45:00 UTC,1782363599999,2026-06-25 04:59:59 UTC,True,0.0776,0.0781,0.0774,0.0781,0.0006000000000000033,0.774193548387101,57.287390570379536,0.07745426,0.0781,0.07745302,0.0781,0.0006454300000000024,0.8333013791181108,1782363599999,2026-06-25 04:59:59 UTC,0.0,0.0,0.0,0.0,0.0,0.0,0.0,,1782363599999,2026-06-25 04:59:59 UTC,81,-22.0,-21.35922330097087,60851.0,40778.0,203.1485079459971,4739.0996,3190.5500999999995,206.03475058433708,binance_kline_quote_asset_volume,751.2469135802469,58.5074024691358,0.0007000000000000062,0.902061855670111,0.0005000000000000004,0.6443298969072171,0.0005000000000000004,0.6443298969072171,0.0,0.0,0.00020000000000000573,28.571428571429138,1.0,43988.0,16863.0,72.28804785459565,27.71195214540435,3424.7173,2066.5103,152.14987847949538,1314.3822999999998,1124.0397999999998,590.5353770177444,72.2651471600217,27.73485283997829,2.6085512660855126,2.6055716818462944,2110.335,44.53029432004342,9861552.0,763822.26969264,-4224.0,-0.04281467570315807,3672.3188289600657,0.4831045275721703,2.3602,0.022399999999999753,0.9581657969030606,70.24000000000001,29.759999999999998,1.0039,0.0,0.0,50.1,49.9,2.8895,0.01949999999999985,0.6794425087107963,74.29,25.71,-1.3562999999999998,0.5293000000000001,1.8856,1782360000008,2026-06-25 04:00:00 UTC,5e-05,0.07715191
FINAL_REAL_MARK_PREMIUM_CLOSED_GUARD_2026_06_13,1782363600000,2026-06-25 05:00:00 UTC,SAFEUSDT,1782363600000,2026-06-25 05:00:00 UTC,1782364499999,2026-06-25 05:14:59 UTC,True,0.0781,0.0794,0.0781,0.0792,0.0011000000000000038,1.408450704225357,69.1996976971722,0.0781,0.0793506,0.0781,0.07915068,0.0010506799999999983,1.3453008962868096,1782364499999,2026-06-25 05:14:59 UTC,4.932000000000547e-05,0.06231153036209603,0.0,0.0,0.0,0.0,0.0,,1782364499999,2026-06-25 05:14:59 UTC,195,114.0,140.74074074074073,102622.0,41771.0,68.64472235460387,8101.6356,3362.536,70.95305614593963,binance_kline_quote_asset_volume,526.2666666666667,41.546849230769226,0.0012999999999999956,1.664532650448138,0.0011000000000000038,1.408450704225357,0.0011000000000000038,1.408450704225357,0.00019999999999999185,15.384615384614811,0.0,0.0,0.8461538461538519,57951.0,44671.0,56.470347488842556,43.52965251115745,4571.4415,1146.7242,33.483762294773946,3530.1940999999997,2215.8118,168.58198714331442,56.42615547902451,43.57384452097549,1.2972845917933336,1.2949547165126134,1041.2474000000002,12.852310958049017,9850537.0,769326.9397,-11015.0,-0.11169641451974294,5504.670007359935,0.7206741968357375,2.3378,-0.022399999999999753,-0.9490721125328259,70.04,29.959999999999997,1.0064,0.0024999999999999467,0.24902878772785605,50.160000000000004,49.84,2.861,-0.028499999999999748,-0.9863298148468506,74.1,25.900000000000002,-1.3314000000000001,0.5232000000000001,1.8546000000000002,1782360000008,2026-06-25 04:00:00 UTC,5e-05,0.07715191
FINAL_REAL_MARK_PREMIUM_CLOSED_GUARD_2026_06_13,1782364500000,2026-06-25 05:15:00 UTC,SAFEUSDT,1782364500000,2026-06-25 05:15:00 UTC,1782365399999,2026-06-25 05:29:59 UTC,True,0.0791,0.0797,0.079,0.0796,0.0003999999999999976,0.505050505050502,72.23240208136465,0.07915073,0.07963243,0.0790438,0.0796,0.00044932000000000305,0.5676767401113965,1782365399999,2026-06-25 05:29:59 UTC,0.0,0.0,0.0,0.0,0.0,0.0,0.0,,1782365399999,2026-06-25 05:29:59 UTC,82,-113.0,-57.948717948717956,27634.0,-74988.0,-73.07205082730799,2192.8568,-5908.7788,-72.9331593240259,binance_kline_quote_asset_volume,337.0,26.742156097560976,0.0006999999999999923,0.8849557522123797,0.0005000000000000004,0.6321112515802787,0.0005000000000000004,0.6321112515802787,9.999999999998899e-05,14.285714285712869,0.00010000000000000286,14.285714285714851,0.8571428571428713,17229.0,10405.0,62.34710863429109,37.65289136570891,1368.6195,-3202.822,-70.06153310722668,824.2373,-2705.9568,-76.65178523753127,62.41262539350495,37.58737460649505,1.6558385391638635,1.6604678045994763,544.3822,24.825250787009896,9845539.0,779281.10681652,-4998.0,-0.05073835060971803,9954.167116519995,1.2938799621915793,2.3223,-0.015500000000000291,-0.6630165112499055,69.89999999999999,30.099999999999998,1.008,0.0016000000000000458,0.15898251192369295,50.2,49.8,2.8358,-0.025200000000000333,-0.8808109052778864,73.92999999999999,26.07,-1.3142999999999998,0.5135000000000001,1.8277999999999999,1782360000008,2026-06-25 04:00:00 UTC,5e-05,0.07715191
FINAL_REAL_MARK_PREMIUM_CLOSED_GUARD_2026_06_13,1782365400000,2026-06-25 05:30:00 UTC,SAFEUSDT,1782365400000,2026-06-25 05:30:00 UTC,1782366299999,2026-06-25 05:44:59 UTC,True,0.0796,0.0798,0.0794,0.0794,-0.00020000000000000573,-0.25125628140704237,68.59554926340988,0.0796,0.07970724,0.0794,0.07943101,-0.00016899000000000775,-0.21229899497488408,1782366299999,2026-06-25 05:44:59 UTC,-3.1009999999997984e-05,-0.03904016831713204,0.0,0.0,0.0,0.0,0.0,,1782366299999,2026-06-25 05:44:59 UTC,129,47.0,57.3170731707317,84102.0,56468.0,204.34247665918798,6693.2749,4500.418100000001,205.23082492208343,binance_kline_quote_asset_volume,651.953488372093,51.8858519379845,0.0003999999999999976,0.5025125628140673,-0.00020000000000000573,-0.25125628140704237,0.00020000000000000573,0.25125628140704237,0.00019999999999999185,49.99999999999826,0.0,0.0,0.0,33063.0,51039.0,39.31297709923664,60.68702290076335,2631.8328,1263.2133000000001,92.29835611724077,4061.4421,3237.2048000000004,392.75155346645926,39.320554426951745,60.679445573048255,0.6477987421383647,0.6480045105161046,-1429.6093,-21.35889114609651,9843841.0,783569.7436,-1698.0,-0.01724638945617909,4288.636783480062,0.5503324469137698,2.3179,-0.0043999999999999595,-0.18946733841450114,69.86,30.14,1.0062,-0.0018000000000000238,-0.17857142857143093,50.14999999999999,49.85,2.8285,-0.007299999999999862,-0.25742294943225413,73.88,26.119999999999997,-1.3116999999999999,0.5106000000000002,1.8223,1782360000008,2026-06-25 04:00:00 UTC,5e-05,0.07715191
FINAL_REAL_MARK_PREMIUM_CLOSED_GUARD_2026_06_13,1782366300000,2026-06-25 05:45:00 UTC,SAFEUSDT,1782366300000,2026-06-25 05:45:00 UTC,1782367199999,2026-06-25 05:59:59 UTC,True,0.0794,0.0801,0.0794,0.0798,0.0003999999999999976,0.503778337531483,71.66800416228267,0.07943139,0.08,0.07942867,0.07980105,0.00037004000000000203,0.46586339516519065,1782367199999,2026-06-25 05:59:59 UTC,-1.0500000000024379e-06,-0.0013157721608956748,0.0,0.0,0.0,0.0,0.0,,1782367199999,2026-06-25 05:59:59 UTC,109,-20.0,-15.503875968992247,60939.0,-23163.0,-27.541556681172864,4859.4138,-1833.8611,-27.39856239880421,binance_kline_quote_asset_volume,559.0733944954128,44.58177798165138,0.0007000000000000062,0.8816120906801086,0.0003999999999999976,0.503778337531483,0.0003999999999999976,0.503778337531483,0.0003000000000000086,42.85714285714371,0.0,0.0,0.571428571428563,38145.0,22794.0,62.59538226751341,37.404617732486585,3040.1688,408.3359999999998,15.515271334865943,1819.2450000000003,-2242.1971,-55.20692022176063,62.56245969421249,37.4375403057875,1.673466701763622,1.6711156551206678,1220.9237999999996,25.12491938842499,9830638.0,780857.50528438,-13203.0,-0.13412447437946223,-2712.238315619994,-0.34613872444321286,2.3113,-0.006599999999999717,-0.2847404978644341,69.8,30.2,1.0052,-0.0009999999999998899,-0.09938382031404193,50.129999999999995,49.87,2.8197,-0.008799999999999919,-0.31111896765069535,73.82,26.179999999999996,-1.3061,0.5084,1.8145,1782360000008,2026-06-25 04:00:00 UTC,5e-05,0.07715191
FINAL_REAL_MARK_PREMIUM_CLOSED_GUARD_2026_06_13,1782367200000,2026-06-25 06:00:00 UTC,SAFEUSDT,1782367200000,2026-06-25 06:00:00 UTC,1782368099999,2026-06-25 06:14:59 UTC,True,0.0798,0.0799,0.0796,0.0796,-0.00019999999999999185,-0.2506265664160299,68.08144682040624,0.0798009,0.0799,0.07964696,0.07964696,-0.00015408999999999562,-0.19309269740184573,1782368099999,2026-06-25 06:14:59 UTC,-4.695999999999867e-05,-0.05896019132431252,0.0,0.0,0.0,0.0,0.0,,1782368099999,2026-06-25 06:14:59 UTC,84,-25.0,-22.93577981651376,19428.0,-41511.0,-68.11893861074189,1549.3972,-3310.0166,-68.11555336160093,binance_kline_quote_asset_volume,231.28571428571428,18.445204761904762,0.0002999999999999947,0.3759398496240535,-0.00019999999999999185,-0.2506265664160299,0.00019999999999999185,0.2506265664160299,0.00010000000000000286,33.33333333333488,0.0,0.0,0.0,9929.0,9499.0,51.106650195593986,48.893349804406014,792.0804,-2248.0883999999996,-73.94617035738278,757.3168000000001,-1061.9282000000003,-58.371918020937265,51.121842739873294,48.87815726012671,1.0452679229392567,1.0459036429668536,34.7636,2.2436854797465746,9843283.0,785504.31884715,12645.0,0.12862847762271382,4646.8135627699085,0.5950911057808925,2.3212,0.00990000000000002,0.4283303768442011,69.89,30.11,1.0077,0.0024999999999999467,0.24870672502983948,50.19,49.81,2.8285,0.008799999999999919,0.31208993864595236,73.88,26.119999999999997,-1.3135000000000001,0.5072999999999999,1.8208,1782360000008,2026-06-25 04:00:00 UTC,5e-05,0.07715191
FINAL_REAL_MARK_PREMIUM_CLOSED_GUARD_2026_06_13,1782368100000,2026-06-25 06:15:00 UTC,SAFEUSDT,1782368100000,2026-06-25 06:15:00 UTC,1782368999999,2026-06-25 06:29:59 UTC,True,0.0797,0.08,0.0794,0.0796,0.0,0.0,68.08144682040624,0.07964734,0.07997796,0.07953176,0.07960069,-4.627000000000103e-05,-0.05809386824054682,1782368999999,2026-06-25 06:29:59 UTC,-6.89999999997637e-07,-0.0008668266569016387,0.0,0.0,0.0,0.0,0.0,,1782368999999,2026-06-25 06:29:59 UTC,76,-8.0,-9.523809523809524,26306.0,6878.0,35.402511838583486,2097.9608,548.5635999999997,35.40496910669515,binance_kline_quote_asset_volume,346.13157894736844,27.60474736842105,0.0006000000000000033,0.7528230865746592,-9.999999999998899e-05,-0.12547051442909535,9.999999999998899e-05,0.12547051442909535,0.0003000000000000086,50.00000000000115,0.00020000000000000573,33.3333333333341,0.33333333333334103,10283.0,16023.0,39.08994145822246,60.910058541777545,820.611,28.530599999999936,3.6019828290158338,1277.3498,520.0329999999999,68.66782831174481,39.11469651863848,60.88530348136152,0.6417649628658803,0.6424324801240819,-456.73879999999997,-21.77060696272304,9840103.0,783738.02927602,-3180.0,-0.03230629455639952,-1766.2895711299498,-0.22486058048951976,2.3456,0.024399999999999977,1.0511804239186617,70.11,29.89,1.0077,0.0,0.0,50.19,49.81,2.8521,0.023600000000000065,0.8343645041541475,74.03999999999999,25.96,-1.3379,0.5065,1.8444,1782360000008,2026-06-25 04:00:00 UTC,5e-05,0.07715191
FINAL_REAL_MARK_PREMIUM_CLOSED_GUARD_2026_06_13,1782369000000,2026-06-25 06:30:00 UTC,SAFEUSDT,1782369000000,2026-06-25 06:30:00 UTC,1782369899999,2026-06-25 06:44:59 UTC,True,0.0797,0.0798,0.0793,0.0798,0.00019999999999999185,0.25125628140702494,69.83235451407472,0.07960088,0.07978167,0.0794,0.07977949,0.00017879999999999285,0.2246211684848371,1782369899999,2026-06-25 06:44:59 UTC,2.051000000000136e-05,0.025708361885995214,0.0,0.0,0.0,0.0,0.0,,1782369899999,2026-06-25 06:44:59 UTC,88,12.0,15.789473684210526,39753.0,13447.0,51.11761575306014,3161.1697,1063.2089,50.67820618955322,binance_kline_quote_asset_volume,451.7386363636364,35.922382954545455,0.0005000000000000004,0.6273525721455464,0.00010000000000000286,0.12547051442911278,0.00010000000000000286,0.12547051442911278,0.0,0.0,0.0003999999999999976,79.99999999999945,1.0,23296.0,16457.0,58.601866525796794,41.398133474203206,1852.992,1032.3809999999999,125.80638085524079,1308.1777,30.8279,2.4134266118803165,58.61728966970675,41.38271033029324,1.4155678434708634,1.4164681143853775,544.8143,17.234579339413507,9836493.0,782991.62998017,-3610.0,-0.036686607853596655,-746.3992958499584,-0.09523581451565476,2.3411,-0.0045000000000001705,-0.19184856753070303,70.07,29.93,1.0079,0.00019999999999997797,0.019847176739106673,50.2,49.8,2.8476,-0.0045000000000001705,-0.15777847901546826,74.00999999999999,25.990000000000002,-1.3332,0.5065,1.8397,1782360000008,2026-06-25 04:00:00 UTC,5e-05,0.07715191
FINAL_REAL_MARK_PREMIUM_CLOSED_GUARD_2026_06_13,1782369900000,2026-06-25 06:45:00 UTC,SAFEUSDT,1782369900000,2026-06-25 06:45:00 UTC,1782370799999,2026-06-25 06:59:59 UTC,True,0.0797,0.0805,0.0797,0.0801,0.0003000000000000086,0.37593984962407095,72.28799063718458,0.07977558,0.08036552,0.07973419,0.0801,0.00032051000000000995,0.4017448594870811,1782370799999,2026-06-25 06:59:59 UTC,0.0,0.0,0.0,0.0,0.0,0.0,0.0,,1782370799999,2026-06-25 06:59:59 UTC,171,83.0,94.31818181818183,87126.0,47373.0,119.1683646517244,6982.5276,3821.3579000000004,120.88430114966624,binance_kline_quote_asset_volume,509.50877192982455,40.833494736842106,0.000800000000000009,1.0037641154328847,0.00040000000000001146,0.5018820577164511,0.00040000000000001146,0.5018820577164511,0.0003999999999999976,49.99999999999913,0.0,0.0,0.5000000000000087,46650.0,40476.0,53.54314441154191,46.4568555884581,3741.5273,1888.5353000000002,101.9181572289573,3241.0003,1932.8226000000002,147.7492392661945,53.58413907307721,46.4158609269228,1.1525348354580491,1.1544359622552334,500.52700000000004,7.168278146154409,9836128.0,784682.81615424,-365.0,-0.003710672086077833,1691.186174069997,0.21599032599018048,2.3234,-0.01770000000000005,-0.7560548460125602,69.91000000000001,30.09,1.01,0.0020999999999999908,0.2083540033733496,50.24999999999999,49.75,2.8329,-0.014699999999999935,-0.5162241887905582,73.91,26.090000000000003,-1.3134,0.5095000000000001,1.8229,1782360000008,2026-06-25 04:00:00 UTC,5e-05,0.07715191
FINAL_REAL_MARK_PREMIUM_CLOSED_GUARD_2026_06_13,1782370800000,2026-06-25 07:00:00 UTC,SAFEUSDT,1782370800000,2026-06-25 07:00:00 UTC,1782371699999,2026-06-25 07:14:59 UTC,True,0.0801,0.0804,0.08,0.0801,0.0,0.0,72.28799063718458,0.0801,0.08037452,0.08000537,0.0801,0.0,0.0,1782371699999,2026-06-25 07:14:59 UTC,0.0,0.0,0.0,0.0,0.0,0.0,0.0,,1782371699999,2026-06-25 07:14:59 UTC,104,-67.0,-39.1812865497076,51438.0,-35688.0,-40.961366297086975,4124.6147,-2857.9129000000003,-40.92948948744578,binance_kline_quote_asset_volume,494.59615384615387,39.65975673076923,0.0003999999999999976,0.4993757802746536,0.0,0.0,0.0,0.0,0.0002999999999999947,74.99999999999913,0.00010000000000000286,25.000000000000867,0.25000000000000866,18730.0,32708.0,36.41276877016991,63.58723122983009,1502.2482,-2239.2791,-59.84933211632587,2622.3665,-618.6338000000001,-19.08774275645701,36.42154017440708,63.57845982559292,0.5726427785251315,0.5728597432891245,-1120.1183,-27.156919651185845,9850605.0,789033.4605,14477.0,0.1471818992188796,4350.644345759996,0.5544462368989634,2.3311,0.007700000000000262,0.331410863389871,69.98,30.020000000000003,1.0118,0.0018000000000000238,0.17821782178218057,50.29,49.71,2.8329,0.0,0.0,73.91,26.090000000000003,-1.3193000000000001,0.5017999999999998,1.8211,1782360000008,2026-06-25 04:00:00 UTC,5e-05,0.07715191
FINAL_REAL_MARK_PREMIUM_CLOSED_GUARD_2026_06_13,1782371700000,2026-06-25 07:15:00 UTC,SAFEUSDT,1782371700000,2026-06-25 07:15:00 UTC,1782372599999,2026-06-25 07:29:59 UTC,True,0.08,0.0805,0.08,0.0802,9.999999999998899e-05,0.12484394506865043,73.1334308865547,0.0801,0.08049107,0.08004731,0.08025014,0.00015013999999999306,0.1874406991260837,1782372599999,2026-06-25 07:29:59 UTC,-5.014000000000407e-05,-0.062479641780069255,0.0,0.0,0.0,0.0,0.0,,1782372599999,2026-06-25 07:29:59 UTC,89,-15.0,-14.423076923076922,44447.0,-6991.0,-13.591119405886698,3568.7881,-555.8265999999999,-13.47584296782921,binance_kline_quote_asset_volume,499.40449438202245,40.098742696629216,0.0005000000000000004,0.6250000000000006,0.00019999999999999185,0.2499999999999898,0.00019999999999999185,0.2499999999999898,0.0003000000000000086,60.00000000000166,0.0,0.0,0.39999999999998337,16491.0,27956.0,37.10261659954553,62.89738340045447,1323.8216,-178.4266,-11.877304961989637,2244.9665000000005,-377.39999999999964,-14.391581039492369,37.09442989904612,62.90557010095389,0.5898912576906568,0.5896843449557041,-921.1449000000005,-25.81114020190777,9827798.0,787206.6198,-22807.0,-0.2315289263958914,-1826.8407000000589,-0.23152892639589887,2.3434,0.012299999999999756,0.5276478915533335,70.09,29.909999999999997,1.0145,0.0026999999999999247,0.2668511563550034,50.36000000000001,49.64,2.8432,0.010299999999999976,0.3635850188852404,73.98,26.02,-1.3289,0.4998,1.8287,1782360000008,2026-06-25 04:00:00 UTC,5e-05,0.07715191
FINAL_REAL_MARK_PREMIUM_CLOSED_GUARD_2026_06_13,1782372600000,2026-06-25 07:30:00 UTC,SAFEUSDT,1782372600000,2026-06-25 07:30:00 UTC,1782373499999,2026-06-25 07:44:59 UTC,True,0.0802,0.0811,0.0802,0.081,0.000800000000000009,0.9975062344139765,78.72525942249679,0.08025025,0.0811,0.08024772,0.08098094,0.0007308000000000037,0.9106526169300186,1782373499999,2026-06-25 07:44:59 UTC,1.9060000000001298e-05,0.023536402516445596,0.0,0.0,0.0,0.0,0.0,,1782373499999,2026-06-25 07:44:59 UTC,217,128.0,143.82022471910113,93036.0,48589.0,109.31896415956082,7508.3921,3939.604,110.39052724929226,binance_kline_quote_asset_volume,428.73732718894007,34.60088525345622,0.0009000000000000119,1.1221945137157257,0.000800000000000009,0.9975062344139765,0.000800000000000009,0.9975062344139765,0.00010000000000000286,11.111111111111283,0.0,0.0,0.8888888888888872,62598.0,30438.0,67.28363214239648,32.71636785760351,5052.1761,3728.3544999999995,281.6357204022052,2456.2160000000003,211.2494999999999,9.409917698103728,67.28705737144442,32.71294262855559,2.056574019317958,2.0568940598058147,2595.9600999999993,34.57411474288882,9823762.0,788358.27582668,-4036.0,-0.041067185141574945,1151.6560266800225,0.14629653736557952,2.3434,0.0,0.0,70.09,29.909999999999997,1.0152,0.000700000000000145,0.06899950714639182,50.38,49.62,2.8432,0.0,0.0,73.98,26.02,-1.3281999999999998,0.4998,1.8279999999999998,1782360000008,2026-06-25 04:00:00 UTC,5e-05,0.07715191
FINAL_REAL_MARK_PREMIUM_CLOSED_GUARD_2026_06_13,1782373500000,2026-06-25 07:45:00 UTC,SAFEUSDT,1782373500000,2026-06-25 07:45:00 UTC,1782374399999,2026-06-25 07:59:59 UTC,True,0.0809,0.0811,0.0808,0.0811,0.00010000000000000286,0.12345679012346032,79.30508838965065,0.08098053,0.08105226,0.0808,0.08104928,6.834000000000007e-05,0.08439022812034544,1782374399999,2026-06-25 07:59:59 UTC,5.0720000000004095e-05,0.06257921106764192,0.0,0.0,0.0,0.0,0.0,,1782374399999,2026-06-25 07:59:59 UTC,115,-102.0,-47.004608294930875,34848.0,-58188.0,-62.54353153617954,2820.7002,-4687.6919,-62.4326998053285,binance_kline_quote_asset_volume,303.02608695652174,24.52782782608696,0.0003000000000000086,0.3708281829419142,0.00020000000000000573,0.2472187886279428,0.00020000000000000573,0.2472187886279428,0.0,0.0,0.00010000000000000286,33.33333333333333,1.0,16070.0,18778.0,46.11455463728191,53.88544536271809,1301.3188,-3750.8572999999997,-74.24241011709786,1519.3814000000002,-936.8346000000001,-38.14137681702261,46.13460161416658,53.865398385833416,0.8557886888912557,0.8564793540318447,-218.0626000000002,-7.730796771666842,9803062.0,793857.15638286,-20700.0,-0.2107135738834064,5498.880556180025,0.6975103483773094,2.3223,-0.02110000000000012,-0.9004011265682392,69.89999999999999,30.099999999999998,1.0114,-0.0038000000000000256,-0.3743104806934619,50.28,49.72,2.8285,-0.014699999999999935,-0.5170230725942577,73.88,26.119999999999997,-1.3108999999999997,0.5062000000000002,1.8171,1782360000008,2026-06-25 04:00:00 UTC,5e-05,0.07715191
FINAL_REAL_MARK_PREMIUM_CLOSED_GUARD_2026_06_13,1782374400000,2026-06-25 08:00:00 UTC,SAFEUSDT,1782374400000,2026-06-25 08:00:00 UTC,1782375299999,2026-06-25 08:14:59 UTC,True,0.081,0.0811,0.0805,0.0811,0.0,0.0,79.30508838965065,0.08104922,0.08105487,0.08055017,0.08104967,3.9000000000288804e-07,0.0004811887286387837,1782375299999,2026-06-25 08:14:59 UTC,5.033000000000121e-05,0.06209772353175677,0.0,0.0,0.0,0.0,0.0,,1782375299999,2026-06-25 08:14:59 UTC,172,57.0,49.56521739130435,75961.0,41113.0,117.9780762167126,6134.3732,3313.673,117.47696547119753,binance_kline_quote_asset_volume,441.6337209302326,35.66496046511628,0.0006000000000000033,0.7407407407407448,0.00010000000000000286,0.12345679012346032,0.00010000000000000286,0.12345679012346032,0.0,0.0,0.0005000000000000004,83.33333333333294,1.0,40183.0,35778.0,52.89951422440463,47.10048577559537,3244.7563,1943.4375,149.34368887931228,2889.6169,1370.2354999999998,90.18377479150394,52.894667380197866,47.105332619802134,1.1231203532897311,1.1229018974799048,355.1394,5.789334760395732,9790192.0,793488.01266176,-12870.0,-0.13128551058842636,-369.14372110005934,-0.04650001806143943,2.2949,-0.027399999999999647,-1.1798647892175709,69.65,30.349999999999998,1.0105,-0.0009000000000001229,-0.08898556456398288,50.260000000000005,49.74,2.8081,-0.020399999999999974,-0.721230334099345,73.74000000000001,26.26,-1.2844000000000002,0.5131999999999999,1.7976,1782374400000,2026-06-25 08:00:00 UTC,5e-05,0.08104922
FINAL_REAL_MARK_PREMIUM_CLOSED_GUARD_2026_06_13,1782375300000,2026-06-25 08:15:00 UTC,SAFEUSDT,1782375300000,2026-06-25 08:15:00 UTC,1782376199999,2026-06-25 08:29:59 UTC,True,0.0811,0.0814,0.0808,0.0814,0.0002999999999999947,0.3699136868064053,81.09752923384943,0.08104956,0.08135129,0.08080558,0.08135129,0.00030162000000000244,0.37214216911679276,1782376199999,2026-06-25 08:29:59 UTC,4.870999999999348e-05,0.05987612488995992,0.0,0.0,0.0,0.0,0.0,,1782376199999,2026-06-25 08:29:59 UTC,66,-106.0,-61.627906976744185,30697.0,-45264.0,-59.5884730322139,2489.7953,-3644.5778999999998,-59.41239277714633,binance_kline_quote_asset_volume,465.1060606060606,37.72417121212121,0.0006000000000000033,0.7398273736128277,0.0002999999999999947,0.3699136868064053,0.0002999999999999947,0.3699136868064053,0.0,0.0,0.0003000000000000086,50.00000000000115,1.0,15642.0,15055.0,50.95611949050396,49.04388050949604,1269.1503,-1975.606,-60.88611338854631,1220.6450000000002,-1668.9718999999998,-57.757549106250025,50.97408208618596,49.02591791381404,1.0389903686482895,1.0397374338976524,48.50529999999981,1.9481641723719134,9784411.0,793023.28269437,-5781.0,-0.05904889301455988,-464.72996738995425,-0.058567988422536466,2.2605,-0.03440000000000021,-1.498975990239235,69.33,30.669999999999998,1.0079,-0.0025999999999999357,-0.2572983671449714,50.2,49.8,2.7693,-0.03880000000000017,-1.3817171753142754,73.47,26.529999999999998,-1.2526,0.5087999999999999,1.7613999999999999,1782374400000,2026-06-25 08:00:00 UTC,5e-05,0.08104922
FINAL_REAL_MARK_PREMIUM_CLOSED_GUARD_2026_06_13,1782376200000,2026-06-25 08:30:00 UTC,SAFEUSDT,1782376200000,2026-06-25 08:30:00 UTC,1782377099999,2026-06-25 08:44:59 UTC,True,0.0814,0.0816,0.081,0.0813,-0.00010000000000000286,-0.12285012285012636,78.65210050541364,0.08134942,0.08135142,0.08104776,0.08134759,-3.7000000000092514e-06,-0.00454817618750637,1782377099999,2026-06-25 08:44:59 UTC,-4.759000000000013e-05,-0.058502040441517855,0.0,0.0,0.0,0.0,0.0,,1782377099999,2026-06-25 08:44:59 UTC,160,94.0,142.42424242424244,74766.0,44069.0,143.56126005798612,6073.867,3584.0717,143.95045648933467,binance_kline_quote_asset_volume,467.2875,37.96166875,0.0006000000000000033,0.7371007371007412,-0.00010000000000000286,-0.12285012285012636,0.00010000000000000286,0.12285012285012636,0.00020000000000000573,33.3333333333341,0.0002999999999999947,49.99999999999885,0.49999999999998845,33996.0,40770.0,45.469865981863414,54.530134018136586,2764.6162,1495.4659,117.83205661299532,3309.2508000000003,2088.6058000000003,171.10673455427252,45.51657453151345,54.48342546848656,0.8338484179543783,0.8354205731399988,-544.6346000000003,-8.966850936973106,9772978.0,795044.36744162,-11433.0,-0.11684913890064512,2021.084747249959,0.2548581852960403,2.2658,0.005300000000000082,0.23446140234461768,69.38,30.620000000000005,1.0078,-9.999999999998899e-05,-0.009921619208253695,50.19,49.81,2.7722,0.0029000000000003467,0.10471960423212895,73.49,26.51,-1.258,0.5064000000000002,1.7644000000000002,1782374400000,2026-06-25 08:00:00 UTC,5e-05,0.08104922
FINAL_REAL_MARK_PREMIUM_CLOSED_GUARD_2026_06_13,1782377100000,2026-06-25 08:45:00 UTC,SAFEUSDT,1782377100000,2026-06-25 08:45:00 UTC,1782377999999,2026-06-25 08:59:59 UTC,True,0.0814,0.0829,0.0812,0.0823,0.0010000000000000009,1.2300123001230023,83.88518179330607,0.08134757,0.08275721,0.0813,0.0823,0.0009524100000000008,1.170790677388231,1782377999999,2026-06-25 08:59:59 UTC,0.0,0.0,0.0,0.0,0.0,0.0,0.0,,1782377999999,2026-06-25 08:59:59 UTC,798,638.0,398.75,982173.0,907407.0,1213.6626273974803,80889.1757,74815.30870000001,1231.7574405234755,binance_kline_quote_asset_volume,1230.7932330827068,101.36488182957395,0.001700000000000007,2.088452088452097,0.000899999999999998,1.1056511056511031,0.000899999999999998,1.1056511056511031,0.0006000000000000033,35.29411764705887,0.00020000000000000573,11.76470588235323,0.6470588235294112,649130.0,333043.0,66.09120796438101,33.90879203561898,53446.7357,50682.1195,1833.24251301139,27442.44000000001,24133.189200000008,729.2644365304681,66.07402688614614,33.92597311385386,1.949087655347808,1.9475941534353352,26004.295699999988,32.148053772292286,9780887.0,795651.58551233,7909.0,0.08092722607172553,607.2180707100779,0.07637536917141494,2.2938,0.028000000000000025,1.2357666166475427,69.64,30.36,1.0077,-9.999999999998899e-05,-0.00992260369120748,50.19,49.81,2.7922,0.019999999999999574,0.7214486689271904,73.63,26.369999999999997,-1.2861,0.49839999999999973,1.7844999999999998,1782374400000,2026-06-25 08:00:00 UTC,5e-05,0.08104922
FINAL_REAL_MARK_PREMIUM_CLOSED_GUARD_2026_06_13,1782378000000,2026-06-25 09:00:00 UTC,SAFEUSDT,1782378000000,2026-06-25 09:00:00 UTC,1782378899999,2026-06-25 09:14:59 UTC,True,0.0825,0.0833,0.0822,0.0828,0.0005000000000000004,0.6075334143377891,85.76423022865959,0.0823,0.08318901,0.08223401,0.0828,0.0005000000000000004,0.6075334143377891,1782378899999,2026-06-25 09:14:59 UTC,0.0,0.0,0.0,0.00198885,0.0,0.0,0.0,,1782378899999,2026-06-25 09:14:59 UTC,574,-224.0,-28.07017543859649,505783.0,-476390.0,-48.50367501448319,41874.4311,-39014.744600000005,-48.23234290913908,binance_kline_quote_asset_volume,881.1550522648083,72.9519705574913,0.0011000000000000038,1.3333333333333377,0.0002999999999999947,0.3636363636363572,0.0002999999999999947,0.3636363636363572,0.0005000000000000004,45.45454545454534,0.0003000000000000086,27.27272727272796,0.5454545454545466,153579.0,352204.0,30.36460300168254,69.63539699831746,12712.6522,-40734.08349999999,-76.21435241366854,29161.7789,1719.3388999999916,6.265255203254489,30.358984865110205,69.6410151348898,0.4360512657437167,0.43593541544888403,-16449.1267,-39.2820302697796,9985447.0,821802.2881,204560.0,2.091425859433812,26150.702587669948,3.286702755808773,2.2971,0.0032999999999998586,0.14386607376405347,69.67,30.330000000000002,1.0654,0.05769999999999986,5.725910489232892,51.580000000000005,48.42,2.7965,0.0043000000000001926,0.1540004297686481,73.66,26.340000000000003,-1.2317,0.49940000000000007,1.7311,1782374400000,2026-06-25 08:00:00 UTC,5e-05,0.08104922
FINAL_REAL_MARK_PREMIUM_CLOSED_GUARD_2026_06_13,1782378900000,2026-06-25 09:15:00 UTC,SAFEUSDT,1782378900000,2026-06-25 09:15:00 UTC,1782379799999,2026-06-25 09:29:59 UTC,True,0.0828,0.0831,0.0824,0.0831,0.0002999999999999947,0.36231884057970376,86.76165936356763,0.0828,0.08304916,0.0824,0.08304916,0.00024915999999999827,0.30091787439613316,1782379799999,2026-06-25 09:29:59 UTC,5.0839999999996444e-05,0.061216754028573496,0.0,0.0,0.0,0.0,0.0,,1782379799999,2026-06-25 09:29:59 UTC,288,-286.0,-49.825783972125436,148991.0,-356792.0,-70.54250538274319,12318.8664,-29555.564700000003,-70.58141191081161,binance_kline_quote_asset_volume,517.3298611111111,42.77384166666667,0.0006999999999999923,0.8454106280193144,0.0002999999999999947,0.36231884057970376,0.0002999999999999947,0.36231884057970376,0.0,0.0,0.0003999999999999976,57.14285714285743,1.0,52198.0,96793.0,35.0343309327409,64.96566906725909,4317.5046,-8395.1476,-66.03773522569901,8001.361800000001,-21160.4171,-72.56216149420158,35.04790505723806,64.95209494276195,0.539274534315498,0.5395962222330704,-3683.8572000000004,-29.904189885523884,10217974.0,846048.2472,232527.0,2.3286588972932307,24245.95909999998,2.950339692538023,2.2841,-0.0129999999999999,-0.565930956423312,69.55,30.45,1.0972,0.03180000000000005,2.9847944434015443,52.32,47.68,2.7453,-0.051200000000000134,-1.8308600035759033,73.3,26.700000000000003,-1.1869,0.46119999999999983,1.6481,1782374400000,2026-06-25 08:00:00 UTC,5e-05,0.08104922
FINAL_REAL_MARK_PREMIUM_CLOSED_GUARD_2026_06_13,1782379800000,2026-06-25 09:30:00 UTC,SAFEUSDT,1782379800000,2026-06-25 09:30:00 UTC,1782380699999,2026-06-25 09:44:59 UTC,True,0.083,0.0835,0.0828,0.083,-9.999999999998899e-05,-0.12033694344162334,84.633009137319,0.0830491,0.08333713,0.0828,0.08304981,6.500000000048134e-07,0.0007826689637858028,1782380699999,2026-06-25 09:44:59 UTC,-4.9809999999997356e-05,-0.05997605533353701,0.0,0.0002031,0.0,0.0,0.0,,1782380699999,2026-06-25 09:44:59 UTC,435,147.0,51.041666666666664,341728.0,192737.0,129.36150505735247,28424.8669,16106.0005,130.74255355184303,binance_kline_quote_asset_volume,785.5816091954023,65.34452160919541,0.0007000000000000062,0.8433734939759111,0.0,0.0,0.0,0.0,0.0005000000000000004,71.42857142857086,0.00020000000000000573,28.571428571429138,0.28571428571429136,107975.0,233753.0,31.596767019383837,68.40323298061615,8982.6037,4665.099099999999,108.05081944788198,19442.2632,11440.9014,142.98692755025775,31.60121639830792,68.39878360169209,0.461919205315012,0.4620143039725951,-10459.659500000002,-36.79756720338416,10214294.0,848288.53669304,-3680.0,-0.036014967350670495,2240.2894930400653,0.2647945315712564,2.2808,-0.0032999999999998586,-0.1444770369073096,69.52000000000001,30.48,1.0918,-0.005399999999999849,-0.49216186656943584,52.190000000000005,47.81,2.7383,-0.006999999999999673,-0.25498124066585337,73.25,26.75,-1.189,0.4575,1.6465,1782374400000,2026-06-25 08:00:00 UTC,5e-05,0.08104922
FINAL_REAL_MARK_PREMIUM_CLOSED_GUARD_2026_06_13,1782380700000,2026-06-25 09:45:00 UTC,SAFEUSDT,1782380700000,2026-06-25 09:45:00 UTC,1782381599999,2026-06-25 09:59:59 UTC,True,0.0831,0.0834,0.083,0.0832,0.00019999999999999185,0.24096385542167692,85.40429641830795,0.08304957,0.08332175,0.08304957,0.0832,0.0001501899999999945,0.18084327947287837,1782381599999,2026-06-25 09:59:59 UTC,0.0,0.0,0.0,0.0,0.0,0.0,0.0,,1782381599999,2026-06-25 09:59:59 UTC,326,-109.0,-25.057471264367813,147892.0,-193836.0,-56.72230545931267,12303.2104,-16121.656500000001,-56.716735232980106,binance_kline_quote_asset_volume,453.65644171779144,37.73990920245399,0.0003999999999999976,0.4813477737665435,0.00010000000000000286,0.12033694344164003,0.00010000000000000286,0.12033694344164003,0.00020000000000000573,50.000000000001734,9.999999999998899e-05,24.999999999997396,0.4999999999999826,52457.0,95435.0,35.469802288156224,64.53019771184377,4368.3192,-4614.2845,-51.36912029192605,7934.8912,-11507.372000000001,-59.18740982788465,35.50552301373307,64.49447698626693,0.5496620736627024,0.5505203650429384,-3566.572,-28.98895397253387,10312851.0,856480.31610831,98557.0,0.9648929235833628,8191.779415269964,0.965683144464585,2.269,-0.011800000000000033,-0.5173623290073672,69.41000000000001,30.59,1.0974,0.005599999999999827,0.5129144531965403,52.32,47.68,2.7439,0.005599999999999827,0.20450644560493103,73.29,26.71,-1.1716000000000002,0.4748999999999999,1.6465,1782374400000,2026-06-25 08:00:00 UTC,5e-05,0.08104922
FINAL_REAL_MARK_PREMIUM_CLOSED_GUARD_2026_06_13,1782381600000,2026-06-25 10:00:00 UTC,SAFEUSDT,1782381600000,2026-06-25 10:00:00 UTC,1782382499999,2026-06-25 10:14:59 UTC,True,0.0833,0.0833,0.0822,0.0825,-0.0006999999999999923,-0.8413461538461446,71.8176768052429,0.0832,0.08325802,0.08223572,0.08244398,-0.0007560199999999961,-0.90867788461538,1782382499999,2026-06-25 10:14:59 UTC,5.6020000000003844e-05,0.06794916984842779,0.0,0.0,0.0,0.0,0.0,,1782382499999,2026-06-25 10:14:59 UTC,475,149.0,45.70552147239264,383864.0,235972.0,159.55697400805994,31744.766,19441.5556,158.02018308977307,binance_kline_quote_asset_volume,808.1347368421052,66.83108631578948,0.0011000000000000038,1.3205282112845182,-0.0007999999999999952,-0.9603841536614588,0.0007999999999999952,0.9603841536614588,0.0,0.0,0.0003000000000000086,27.27272727272796,0.2727272727272796,104060.0,279804.0,27.108559281412166,72.89144071858783,8603.9773,4235.658100000001,96.96310883142424,23140.788699999997,15205.897499999997,191.63334589893302,27.103609143000142,72.89639085699984,0.37190318937541994,0.37181002823814735,-14536.811399999997,-45.79278171399971,10330068.0,859461.6576,17217.0,0.16694704500239554,2981.341491690022,0.34809223698644853,2.251,-0.018000000000000238,-0.7933010136624168,69.24,30.759999999999998,1.0996,0.0021999999999999797,0.20047384727537634,52.370000000000005,47.63,2.7147,-0.029199999999999893,-1.0641787237144171,73.08,26.919999999999998,-1.1514,0.4637000000000002,1.6151000000000002,1782374400000,2026-06-25 08:00:00 UTC,5e-05,0.08104922
FINAL_REAL_MARK_PREMIUM_CLOSED_GUARD_2026_06_13,1782382500000,2026-06-25 10:15:00 UTC,SAFEUSDT,1782382500000,2026-06-25 10:15:00 UTC,1782383399999,2026-06-25 10:29:59 UTC,True,0.0824,0.0834,0.0821,0.0833,0.0007999999999999952,0.9696969696969638,76.43220478417024,0.0825,0.08334409,0.08215461,0.08315576,0.0007117799999999952,0.8633498770922936,1782383399999,2026-06-25 10:29:59 UTC,0.0001442400000000038,0.17345761736770107,0.0,6.666e-05,0.0,0.0,0.0,,1782383399999,2026-06-25 10:29:59 UTC,215,-260.0,-54.736842105263165,158054.0,-225810.0,-58.825521538878355,13094.6398,-18650.1262,-58.750239960817474,binance_kline_quote_asset_volume,735.1348837209302,60.90530139534884,0.0012999999999999956,1.5776699029126162,0.000899999999999998,1.0922330097087354,0.000899999999999998,1.0922330097087354,0.00010000000000000286,7.6923076923079385,0.0002999999999999947,23.076923076922746,0.9230769230769206,69708.0,88346.0,44.10391385222772,55.89608614777228,5779.9368,-2824.0405,-32.82250058934953,7314.703,-15826.085699999996,-68.39043346867429,44.139715855338,55.860284144661996,0.7890340253095782,0.7901806539513635,-1534.7662,-11.720568289324001,10323211.0,851086.60121978,-6857.0,-0.06637904029286157,-8375.05638021999,-0.9744537532490839,2.2154,-0.035600000000000076,-1.5815193247445614,68.89999999999999,31.1,1.0902,-0.009399999999999853,-0.8548563113859452,52.16,47.839999999999996,2.6403,-0.07440000000000024,-2.7406343242347306,72.53,27.47,-1.1251999999999998,0.42490000000000006,1.5500999999999998,1782374400000,2026-06-25 08:00:00 UTC,5e-05,0.08104922
FINAL_REAL_MARK_PREMIUM_CLOSED_GUARD_2026_06_13,1782383400000,2026-06-25 10:30:00 UTC,SAFEUSDT,1782383400000,2026-06-25 10:30:00 UTC,1782384299999,2026-06-25 10:44:59 UTC,True,0.0833,0.0834,0.0827,0.0829,-0.0003999999999999976,-0.4801920768307294,70.23941856454486,0.08315609,0.0833,0.08273418,0.0829,-0.00025575999999999377,-0.3075673891982874,1782384299999,2026-06-25 10:44:59 UTC,0.0,0.0,0.0,0.0,0.0,0.0,0.0,,1782384299999,2026-06-25 10:44:59 UTC,297,82.0,38.139534883720934,204966.0,46912.0,29.6809951029395,17016.9118,3922.272000000001,29.95326377744274,binance_kline_quote_asset_volume,690.1212121212121,57.29599932659933,0.0007000000000000062,0.840336134453789,-0.0003999999999999976,-0.4801920768307294,0.0003999999999999976,0.4801920768307294,0.00010000000000000286,14.285714285714569,0.00020000000000000573,28.571428571429138,0.28571428571429136,110638.0,94328.0,53.97870866387596,46.021291336124044,9188.9053,3408.9685,58.97933866681725,7828.006500000001,513.3035000000009,7.0174209397155405,53.99866560981999,46.00133439018001,1.1729073021796286,1.1738499833897684,1360.898799999999,7.997331219639975,10329420.0,858950.7704592,6209.0,0.060146014646024384,7864.169239419978,0.9240151622818435,2.2103,-0.00509999999999966,-0.2302067346754383,68.85,31.15,1.0982,0.008000000000000007,0.7338103100348565,52.339999999999996,47.660000000000004,2.6311,-0.009199999999999875,-0.3484452524334309,72.46000000000001,27.54,-1.1121,0.42079999999999984,1.5329,1782374400000,2026-06-25 08:00:00 UTC,5e-05,0.08104922
FINAL_REAL_MARK_PREMIUM_CLOSED_GUARD_2026_06_13,1782384300000,2026-06-25 10:45:00 UTC,SAFEUSDT,1782384300000,2026-06-25 10:45:00 UTC,1782385199999,2026-06-25 10:59:59 UTC,True,0.0829,0.0832,0.0826,0.0827,-0.00020000000000000573,-0.24125452352232296,67.30312406279512,0.0829,0.08312849,0.08267671,0.0827,-0.00020000000000000573,-0.24125452352232296,1782385199999,2026-06-25 10:59:59 UTC,0.0,0.0,0.0,0.0,0.0,0.0,0.0,,1782385199999,2026-06-25 10:59:59 UTC,273,-24.0,-8.080808080808081,238219.0,33253.0,16.223666364177472,19741.0364,2724.124599999999,16.008337070889674,binance_kline_quote_asset_volume,872.5970695970695,72.31148864468865,0.0005999999999999894,0.7237635705669354,-0.00020000000000000573,-0.24125452352232296,0.00020000000000000573,0.24125452352232296,0.0002999999999999947,50.0,9.999999999998899e-05,16.666666666665126,0.16666666666665125,95907.0,142312.0,40.260012845323004,59.739987154676996,7952.4044,-1236.5009,-13.456454927226206,11788.632000000001,3960.6255,50.59558266846098,40.283621583312616,59.71637841668739,0.6739206813199168,0.6745824621550659,-3836.227600000001,-19.43275683337477,10323230.0,855795.767,-6190.0,-0.05992592033240976,-3155.00345920003,-0.3673089969420887,2.2175,0.007199999999999651,0.3257476360674863,68.92,31.080000000000002,1.1064,0.008199999999999985,0.7466763795301389,52.53,47.47,2.635,0.0038999999999997925,0.1482269773098625,72.49,27.51,-1.1110999999999998,0.4175,1.5285999999999997,1782374400000,2026-06-25 08:00:00 UTC,5e-05,0.08104922
FINAL_REAL_MARK_PREMIUM_CLOSED_GUARD_2026_06_13,1782385200000,2026-06-25 11:00:00 UTC,SAFEUSDT,1782385200000,2026-06-25 11:00:00 UTC,1782386099999,2026-06-25 11:14:59 UTC,True,0.0827,0.0833,0.0819,0.0832,0.0005000000000000004,0.6045949214026608,70.6108561804983,0.0827,0.08326087,0.08215083,0.08325851,0.0005585099999999982,0.6753446191051974,1782386099999,2026-06-25 11:14:59 UTC,-5.850999999999773e-05,-0.07027509860553321,0.0,0.0,0.0,0.0,0.0,,1782386099999,2026-06-25 11:14:59 UTC,467,194.0,71.06227106227107,335818.0,97599.0,40.97028364656052,27709.0851,7968.048699999999,40.36286919566188,binance_kline_quote_asset_volume,719.0963597430407,59.334229336188436,0.0013999999999999985,1.692865779927447,0.0005000000000000004,0.6045949214026608,0.0005000000000000004,0.6045949214026608,0.00010000000000000286,7.142857142857355,0.0007999999999999952,57.14285714285686,0.9285714285714265,135155.0,200663.0,40.24650256984438,59.75349743015562,11172.4334,3220.0289999999995,40.491263246119615,16536.651700000002,4748.019700000001,40.27625682097804,40.32047019841878,59.679529801581225,0.6735422075818661,0.6756164187699496,-5364.218300000002,-19.359059603162436,10291654.0,851119.7858,-31576.0,-0.3058732586603224,-4675.981200000038,-0.5463898491098798,2.202,-0.015499999999999847,-0.6989853438556866,68.77,31.230000000000004,1.1054,-0.001000000000000112,-0.0903832248734736,52.5,47.5,2.6232,-0.011799999999999589,-0.4478178368121286,72.39999999999999,27.6,-1.0966,0.42120000000000024,1.5178000000000003,1782374400000,2026-06-25 08:00:00 UTC,5e-05,0.08104922
FINAL_REAL_MARK_PREMIUM_CLOSED_GUARD_2026_06_13,1782386100000,2026-06-25 11:15:00 UTC,SAFEUSDT,1782386100000,2026-06-25 11:15:00 UTC,1782386999999,2026-06-25 11:29:59 UTC,True,0.0833,0.0836,0.0826,0.0835,0.0003000000000000086,0.3605769230769334,72.41407158740263,0.08325735,0.08352164,0.0826054,0.08347498,0.00021647000000001027,0.2599974465072823,1782386999999,2026-06-25 11:29:59 UTC,2.5020000000000597e-05,0.02997305300342761,0.0,0.0,0.0,0.0,0.0,,1782386999999,2026-06-25 11:29:59 UTC,383,-84.0,-17.987152034261243,371862.0,36044.0,10.73319476621265,30963.3011,3254.2160000000003,11.744220309893958,binance_kline_quote_asset_volume,970.9190600522193,80.84412819843342,0.000999999999999987,1.2004801920768151,0.00020000000000000573,0.24009603841537303,0.00020000000000000573,0.24009603841537303,9.999999999998899e-05,9.999999999999028,0.0006999999999999923,70.00000000000014,0.9000000000000097,246604.0,125258.0,66.31599894584551,33.6840010541545,20548.8422,9376.4088,83.92449938435077,10414.458900000001,-6122.192800000001,-37.0219613442061,66.3651531651449,33.63484683485509,1.9687684618946495,1.9731070425559984,10134.383299999998,32.73030633028982,10332976.0,860299.2992664,41322.0,0.4015098059068057,9179.513466400094,1.0785219213029948,2.2185,0.01650000000000018,0.7493188010899264,68.93,31.069999999999997,1.0955,-0.00990000000000002,-0.8956034014836276,52.28,47.72,2.639,0.015799999999999592,0.6023177798109024,72.52,27.48,-1.1230000000000002,0.42049999999999965,1.5434999999999999,1782374400000,2026-06-25 08:00:00 UTC,5e-05,0.08104922
FINAL_REAL_MARK_PREMIUM_CLOSED_GUARD_2026_06_13,1782387000000,2026-06-25 11:30:00 UTC,SAFEUSDT,1782387000000,2026-06-25 11:30:00 UTC,1782387899999,2026-06-25 11:44:59 UTC,True,0.0835,0.0892,0.0834,0.0884,0.004900000000000002,5.868263473053894,86.73272084689185,0.0834748,0.08885474,0.08343929,0.08769804,0.004223060000000001,5.059072790433733,1782387899999,2026-06-25 11:44:59 UTC,0.0007019600000000015,0.8004283790150857,0.0,0.00199238,-0.00044144,0.0,0.0,,1782387899999,2026-06-25 11:44:59 UTC,2784,2401.0,626.892950391645,2731001.0,2359139.0,634.4124971091427,234814.1784,203850.8773,658.3628684862674,binance_kline_quote_asset_volume,980.9630028735633,84.34417327586208,0.0058,6.9461077844311365,0.004900000000000002,5.868263473053894,0.004900000000000002,5.868263473053894,0.0007999999999999952,13.79310344827578,0.00010000000000000286,1.7241379310345324,0.8620689655172422,1616194.0,1114807.0,59.17954625428552,40.82045374571449,138900.6323,118351.7901,575.9535692964736,95913.5461,85499.08720000001,820.965237089754,59.15342644403111,40.84657355596889,1.4497522889612282,1.44818576674437,42987.08619999999,18.306852888062227,10288121.0,858712.93704045,-44855.0,-0.4340956564691527,-1586.362225949997,-0.18439654981734033,2.1928,-0.025700000000000056,-1.158440387649315,68.67999999999999,31.319999999999997,1.0963,0.0008000000000001339,0.07302601551804053,52.300000000000004,47.699999999999996,2.6114,-0.027599999999999625,-1.0458507010231008,72.31,27.689999999999998,-1.0965,0.4186000000000001,1.5151000000000001,1782374400000,2026-06-25 08:00:00 UTC,5e-05,0.08104922
