code_version,timestamp,time,symbol,open_time,open_time_str,close_time,close_time_str,is_closed_candle,open,high,low,close,close_change,close_change_pct,rsi,mark_open,mark_high,mark_low,mark_close,mark_close_change,mark_close_change_pct,mark_close_time,mark_close_time_str,mark_last_close_spread,mark_last_close_spread_pct,premium_index_open,premium_index_high,premium_index_low,premium_index_close,premium_index_close_change,premium_index_close_change_pct,premium_index_close_time,premium_index_close_time_str,number_of_trades,trades_change,trades_change_pct,volume,volume_change,volume_change_pct,quote_volume,quote_volume_change,quote_volume_change_pct,quote_volume_source,avg_base_per_trade,avg_quote_per_trade,price_range,price_range_pct,candle_body,candle_body_pct,candle_body_abs,candle_body_abs_pct,upper_wick,upper_wick_pct_of_range,lower_wick,lower_wick_pct_of_range,close_location_in_range,taker_buy_base_volume,taker_sell_base_volume,taker_buy_base_pct,taker_sell_base_pct,taker_buy_quote_volume,taker_buy_quote_change,taker_buy_quote_change_pct,taker_sell_quote_volume,taker_sell_quote_change,taker_sell_quote_change_pct,taker_buy_quote_pct,taker_sell_quote_pct,taker_buy_sell_base_ratio,taker_buy_sell_quote_ratio,taker_quote_imbalance,taker_quote_imbalance_pct,oi,oi_value,oi_change,oi_change_pct,oi_value_change,oi_value_change_pct,acco_ls_ratio,acco_ls_change,acco_ls_change_pct,acco_long_pct,acco_short_pct,posit_ls_ratio,posit_ls_change,posit_ls_change_pct,posit_long_pct,posit_short_pct,global_ls_ratio,global_ls_change,global_ls_change_pct,global_long_pct,global_short_pct,acco_posit_ls_spread,global_acco_ls_spread,global_posit_ls_spread,funding_time,funding_time_str,funding_rate,mark_price_at_funding
FINAL_REAL_MARK_PREMIUM_CLOSED_GUARD_2026_06_13,1783823700000,2026-07-12 02:35:00 UTC,TUSDT,1783823700000,2026-07-12 02:35:00 UTC,1783823999999,2026-07-12 02:39:59 UTC,True,0.005231,0.005389,0.005226,0.005332,,,83.36354183892666,0.00525511,0.005368,0.005235,0.005336,,,1783823999999,2026-07-12 02:39:59 UTC,-3.9999999999996635e-06,-0.07496251874062339,-0.05573914,-0.04275284,-0.05905936,-0.04310258,,,1783823999999,2026-07-12 02:39:59 UTC,24472,,,519284793.0,,,2747589.002544,,,binance_kline_quote_asset_volume,21219.548586139263,112.27480396142529,0.00016299999999999995,3.1160389982794867,0.00010099999999999953,1.9307971707130476,0.00010099999999999953,1.9307971707130476,5.699999999999976e-05,34.9693251533741,5.000000000000664e-06,3.0674846625770953,0.650306748466259,279324061.0,239960732.0,53.790148443649876,46.20985155635012,1478592.710361,,,1268996.292183,,,53.814187965957316,46.18581203404268,1.1640407106276038,1.165167084781186,209596.41817800002,7.628375931914641,2328485395.0,12251372.4755004,,,,,0.8911,,,47.12,52.88,0.9283,,,48.14,51.85999999999999,1.0129,,,50.32,49.68,0.03720000000000001,0.12179999999999991,0.0845999999999999,1783821600000,2026-07-12 02:00:00 UTC,-0.00522758,0.0050011
FINAL_REAL_MARK_PREMIUM_CLOSED_GUARD_2026_06_13,1783824000000,2026-07-12 02:40:00 UTC,TUSDT,1783824000000,2026-07-12 02:40:00 UTC,1783824299999,2026-07-12 02:44:59 UTC,True,0.005332,0.005387,0.00525,0.005303,-2.8999999999999512e-05,-0.543885971492864,80.2810957719815,0.005336,0.005385,0.00526363,0.005306,-2.9999999999999645e-05,-0.562218890554716,1783824299999,2026-07-12 02:44:59 UTC,-2.999999999999531e-06,-0.05653976630229044,-0.04600985,-0.03933093,-0.05477839,-0.05367693,-0.010574349999999996,24.532986192473853,1783824299999,2026-07-12 02:44:59 UTC,25019,547.0,2.235207584177836,577775963.0,58491170.0,11.26379412385373,3077065.677345,329476.6748010004,11.991483242069213,binance_kline_quote_asset_volume,23093.487469523163,122.98915533574484,0.00013699999999999997,2.569392348087021,-2.8999999999999512e-05,-0.543885971492864,2.8999999999999512e-05,0.543885971492864,5.500000000000036e-05,40.14598540146012,5.3000000000000096e-05,38.6861313868614,0.38686131386861394,278266326.0,299509637.0,48.16163077382989,51.83836922617011,1482801.921447,4209.211086000083,0.2846768455237683,1594263.7558980002,325267.4637150003,25.63186872322981,48.188829129133616,51.811170870866384,0.9290730301275748,0.9300857000363675,-111461.8344510002,-3.622341741732772,2325665368.0,12409750.403648,-2820027.0,-0.12110992862809003,158377.92814760096,1.2927362094680916,0.8822,-0.008900000000000019,-0.9987655706430275,46.87,53.13,0.9371,0.00880000000000003,0.9479694064418863,48.38,51.62,1.0084,-0.0044999999999999485,-0.4442689307927682,50.21,49.79,0.05490000000000006,0.12619999999999998,0.07129999999999992,1783821600000,2026-07-12 02:00:00 UTC,-0.00522758,0.0050011
FINAL_REAL_MARK_PREMIUM_CLOSED_GUARD_2026_06_13,1783824300000,2026-07-12 02:45:00 UTC,TUSDT,1783824300000,2026-07-12 02:45:00 UTC,1783824599999,2026-07-12 02:49:59 UTC,True,0.005301,0.005384,0.005301,0.005341,3.799999999999984e-05,0.7165755232887014,81.25897014132647,0.005304,0.0053881,0.005304,0.00535017,4.4169999999999626e-05,0.8324538258575128,1783824599999,2026-07-12 02:49:59 UTC,-9.169999999999318e-06,-0.1713964229173899,-0.052012,-0.04759806,-0.05646927,-0.05315897,0.0005179599999999979,-0.9649583163567624,1783824599999,2026-07-12 02:49:59 UTC,20175,-4844.0,-19.36128542307846,469774814.0,-108001149.0,-18.692565270320877,2513288.018332,-563777.6590130003,-18.32192478580592,binance_kline_quote_asset_volume,23284.99697645601,124.57437513417595,8.299999999999974e-05,1.5657423127711703,4.0000000000000105e-05,0.7545746085644237,4.0000000000000105e-05,0.7545746085644237,4.2999999999999636e-05,51.80722891566237,0.0,0.0,0.48192771084337627,242395934.0,227378880.0,51.598324724151766,48.40167527584823,1297120.991718,-185680.92972899997,-12.522301667089982,1216167.0266139999,-378096.72928400035,-23.71607131412393,51.61051905936604,48.38948094063396,1.0660441902079911,1.066564841286142,80953.96510400018,3.221038118732094,2354108732.0,12490900.931992,28443364.0,1.2230204908825903,81150.52834399976,0.6539255480927686,0.8716,-0.010599999999999943,-1.2015416005440878,46.57,53.43,0.9305,-0.00660000000000005,-0.7043005015473323,48.199999999999996,51.800000000000004,1.008,-0.00039999999999995595,-0.03966679888932526,50.2,49.8,0.05889999999999995,0.13639999999999997,0.07750000000000001,1783821600000,2026-07-12 02:00:00 UTC,-0.00522758,0.0050011
FINAL_REAL_MARK_PREMIUM_CLOSED_GUARD_2026_06_13,1783824600000,2026-07-12 02:50:00 UTC,TUSDT,1783824600000,2026-07-12 02:50:00 UTC,1783824899999,2026-07-12 02:54:59 UTC,True,0.005342,0.005373,0.005307,0.005321,-2.0000000000000052e-05,-0.3744617112900216,79.03738017990803,0.00535017,0.00537718,0.005307,0.005324,-2.616999999999984e-05,-0.48914333563232276,1783824899999,2026-07-12 02:54:59 UTC,-2.999999999999531e-06,-0.05634861006760952,-0.05432833,-0.04631638,-0.05432833,-0.04631638,0.0068425900000000026,-12.871938639894646,1783824899999,2026-07-12 02:54:59 UTC,18043,-2132.0,-10.567534076827757,425287674.0,-44487140.0,-9.469886139958112,2271587.746559,-241700.27177299978,-9.616895079673741,binance_kline_quote_asset_volume,23570.785013578672,125.89856157839606,6.600000000000009e-05,1.235492324971922,-2.1000000000000185e-05,-0.3931111943092509,2.1000000000000185e-05,0.3931111943092509,3.099999999999978e-05,46.96969696969657,1.4000000000000123e-05,21.21212121212137,0.2121212121212137,198321237.0,226966437.0,46.63225602912724,53.36774397087276,1059606.552666,-237514.43905199994,-18.31089316790863,1211981.193893,-4185.832720999839,-0.3441823885534748,46.64607626410609,53.353923735893915,0.8737910310501107,0.8742763980210304,-152374.64122699993,-6.707847471787826,2389195898.0,12782604.21760266,35087166.0,1.490464969737855,291703.2856106609,2.335326228259031,0.8755,0.0038999999999999035,0.4474529600734171,46.68,53.32,0.9254,-0.005099999999999993,-0.5480924234282637,48.06,51.94,1.0068,-0.0012000000000000899,-0.11904761904762796,50.17,49.830000000000005,0.049900000000000055,0.13129999999999997,0.08139999999999992,1783821600000,2026-07-12 02:00:00 UTC,-0.00522758,0.0050011
FINAL_REAL_MARK_PREMIUM_CLOSED_GUARD_2026_06_13,1783824900000,2026-07-12 02:55:00 UTC,TUSDT,1783824900000,2026-07-12 02:55:00 UTC,1783825199999,2026-07-12 02:59:59 UTC,True,0.005324,0.005341,0.005181,0.005208,-0.00011300000000000025,-2.1236609659838424,67.76465424605722,0.005324,0.005337,0.005186,0.0052416,-8.239999999999983e-05,-1.5477084898572473,1783825199999,2026-07-12 02:59:59 UTC,-3.359999999999995e-05,-0.6410256410256401,-0.04531405,-0.03338876,-0.0496029,-0.04643702,-0.00012064000000000519,0.26046940628780835,1783825199999,2026-07-12 02:59:59 UTC,36128,18085.0,100.23277725433685,894641353.0,469353679.0,110.36145830081124,4686418.151111,2414830.404552,106.30583864567784,binance_kline_quote_asset_volume,24763.102109167405,129.7170657415578,0.00016000000000000042,3.005259203606319,-0.00011599999999999978,-2.1788129226145716,0.00011599999999999978,2.1788129226145716,1.700000000000052e-05,10.625000000000298,2.7000000000000114e-05,16.875000000000025,0.16875000000000026,430952773.0,463688580.0,48.170450824219834,51.829549175780166,2257044.675375,1197438.122709,113.00780650102737,2429373.475736,1217392.281843,100.44646632945013,48.16140179125772,51.83859820874228,0.9294013085247862,0.9290645089846503,-172328.800361,-3.677196417484563,2409141877.0,12826271.353148,19945979.0,0.8348406682221752,43667.135545339435,0.34161376509808794,0.8723,-0.0031999999999999806,-0.3655054254711571,46.589999999999996,53.410000000000004,0.9295,0.0040999999999999925,0.4430516533390958,48.17,51.83,1.0044,-0.0023999999999999577,-0.23837902264600297,50.11,49.89,0.05720000000000003,0.1321,0.07489999999999997,1783821600000,2026-07-12 02:00:00 UTC,-0.00522758,0.0050011
FINAL_REAL_MARK_PREMIUM_CLOSED_GUARD_2026_06_13,1783825200000,2026-07-12 03:00:00 UTC,TUSDT,1783825200000,2026-07-12 03:00:00 UTC,1783825499999,2026-07-12 03:04:59 UTC,True,0.005208,0.005228,0.005033,0.0051,-0.00010799999999999959,-2.0737327188940013,59.09020510958653,0.0052416,0.0052416,0.005039,0.005097,-0.00014459999999999994,-2.758699633699633,1783825499999,2026-07-12 03:04:59 UTC,3.000000000000398e-06,0.0588581518540396,-0.05457985,-0.0359081,-0.05457985,-0.0472149,-0.0007778799999999947,1.6751290242138592,1783825499999,2026-07-12 03:04:59 UTC,45260,9132.0,25.27679362267493,1130942102.0,236300749.0,26.412902579074053,5782298.659312,1095880.5082009993,23.384181113697696,binance_kline_quote_asset_volume,24987.673486522315,127.75737205726911,0.00019499999999999986,3.744239631336403,-0.00010799999999999959,-2.0737327188940013,0.00010799999999999959,2.0737327188940013,2.0000000000000052e-05,10.256410256410291,6.700000000000022e-05,34.3589743589745,0.343589743589745,556329984.0,574612118.0,49.19172988751285,50.80827011248715,2844501.202437,587456.5270619998,26.0276871553017,2937797.4568749997,508423.9811389996,20.928193471156924,49.19325980950714,50.80674019049286,0.9681835216708743,0.9682427887532992,-93296.2544379998,-1.6134803809857263,2362329193.0,12382384.6980288,-46812684.0,-1.943126905348298,-443886.65511920117,-3.460761455122781,0.8744,0.0020999999999999908,0.24074286369368234,46.650000000000006,53.349999999999994,0.9368,0.007299999999999973,0.785368477676167,48.370000000000005,51.629999999999995,0.9893,-0.015100000000000002,-1.5033851055356433,49.730000000000004,50.27,0.06240000000000001,0.1149,0.05249999999999999,1783821600000,2026-07-12 02:00:00 UTC,-0.00522758,0.0050011
FINAL_REAL_MARK_PREMIUM_CLOSED_GUARD_2026_06_13,1783825500000,2026-07-12 03:05:00 UTC,TUSDT,1783825500000,2026-07-12 03:05:00 UTC,1783825799999,2026-07-12 03:09:59 UTC,True,0.0051,0.005235,0.005099,0.0052,9.99999999999994e-05,1.9607843137254781,63.72099402498491,0.005098,0.00523764,0.005098,0.005207,0.00010999999999999985,2.158132234647829,1783825799999,2026-07-12 03:09:59 UTC,-7.000000000000062e-06,-0.134434415210295,-0.0448274,-0.04258255,-0.05748728,-0.04875658,-0.0015416800000000036,3.2652404219854403,1783825799999,2026-07-12 03:09:59 UTC,29593,-15667.0,-34.615554573574904,685543415.0,-445398687.0,-39.38297868762162,3548619.317399,-2233679.3419129997,-38.62960863005252,binance_kline_quote_asset_volume,23165.728888588517,119.91414582499239,0.00013599999999999984,2.6666666666666634,9.99999999999994e-05,1.9607843137254781,9.99999999999994e-05,1.9607843137254781,3.500000000000031e-05,25.735294117647317,1.0000000000001327e-06,0.7352941176471572,0.7426470588235269,355447855.0,330095560.0,51.84906560585954,48.15093439414045,1840198.98473,-1004302.217707,-35.306795330111775,1708420.332669,-1229377.1242059998,-41.84689864609371,51.85675949255651,48.143240507443494,1.0768028961068121,1.077134794957121,131778.652061,3.713518985113022,2330802261.0,11880099.124317,-31526932.0,-1.3345698005773237,-502285.57371179946,-4.0564526620769605,0.8629,-0.011499999999999955,-1.3151875571820626,46.32,53.68000000000001,0.9355,-0.0012999999999999678,-0.138770281810415,48.33,51.67,0.9516,-0.037699999999999956,-3.810775295663596,48.76,51.239999999999995,0.0726,0.0887,0.016100000000000003,1783825200003,2026-07-12 03:00:00 UTC,-0.00622657,0.0052416
FINAL_REAL_MARK_PREMIUM_CLOSED_GUARD_2026_06_13,1783825800000,2026-07-12 03:10:00 UTC,TUSDT,1783825800000,2026-07-12 03:10:00 UTC,1783826099999,2026-07-12 03:14:59 UTC,True,0.005197,0.005311,0.005175,0.005285,8.5e-05,1.6346153846153848,67.1271792705908,0.005197,0.005302,0.00518801,0.005293,8.600000000000014e-05,1.6516228154407557,1783826099999,2026-07-12 03:14:59 UTC,-8.000000000000194e-06,-0.15114301908180983,-0.04996762,-0.04483867,-0.05714749,-0.05360251,-0.004845929999999998,9.939027716874312,1783826099999,2026-07-12 03:14:59 UTC,24177,-5416.0,-18.301625384381442,572696374.0,-112847041.0,-16.46096199465354,3009567.069132,-539052.2482669996,-15.190478325584497,binance_kline_quote_asset_volume,23687.6524796294,124.48058357662242,0.00013599999999999984,2.616894362131996,8.799999999999954e-05,1.693284587261873,8.799999999999954e-05,1.693284587261873,2.599999999999998e-05,19.11764705882354,2.2000000000000318e-05,16.176470588235546,0.8088235294117646,299249227.0,273447147.0,52.252684072345815,47.747315927654185,1573172.94315,-267026.04157999996,-14.510715623461715,1436394.1259820003,-272026.20668699965,-15.922674384355018,52.27240021614552,47.72759978385449,1.094358563558171,1.0952237374783818,136778.8171679997,4.544800432291033,2372025754.0,12351138.101078,41223493.0,1.7686396520961674,471038.97676100023,3.9649414691906517,0.8594,-0.0034999999999999476,-0.4056089929308086,46.22,53.779999999999994,0.9384,0.0029000000000000137,0.3099946552645659,48.41,51.59,0.9577,0.006099999999999994,0.6410256410256404,48.92,51.080000000000005,0.07899999999999996,0.09829999999999994,0.019299999999999984,1783825200003,2026-07-12 03:00:00 UTC,-0.00622657,0.0052416
FINAL_REAL_MARK_PREMIUM_CLOSED_GUARD_2026_06_13,1783826100000,2026-07-12 03:15:00 UTC,TUSDT,1783826100000,2026-07-12 03:15:00 UTC,1783826399999,2026-07-12 03:19:59 UTC,True,0.005284,0.00538,0.005227,0.005378,9.30000000000002e-05,1.759697256386002,70.40156839574071,0.00528778,0.00538036,0.005229,0.00538036,8.735999999999987e-05,1.6504817683733206,1783826399999,2026-07-12 03:19:59 UTC,-2.359999999999862e-06,-0.043863235917296656,-0.05463938,-0.04550508,-0.05813188,-0.04914333,0.00445918,-8.318976107648691,1783826399999,2026-07-12 03:19:59 UTC,23920,-257.0,-1.0629937543946726,630443630.0,57747256.0,10.0833982231569,3336344.078624,326777.00949199963,10.85794075977335,binance_kline_quote_asset_volume,26356.33904682274,139.47926750100333,0.00015300000000000036,2.8955336866010666,9.400000000000033e-05,1.7789553368660171,9.400000000000033e-05,1.7789553368660171,2.0000000000002655e-06,1.3071895424838305,5.699999999999976e-05,37.25490196078407,0.9869281045751617,333563169.0,296880461.0,52.90927739249265,47.09072260750735,1767251.765476,194078.82232600008,12.336776015063649,1569092.3131479998,132698.18716599955,9.238285284359511,52.9697094732766,47.03029052672339,1.1235605330052354,1.126289225093737,198159.45232800022,5.939418946553218,2408680026.0,12749143.377618,36654272.0,1.545272935514679,398005.27654,3.2224178313192233,0.858,-0.0014000000000000679,-0.16290435187340793,46.18,53.82,0.9308,-0.007600000000000051,-0.8098891730605341,48.209999999999994,51.790000000000006,0.9712,0.013499999999999956,1.4096272319097793,49.27,50.73,0.07279999999999998,0.11319999999999997,0.04039999999999999,1783825200003,2026-07-12 03:00:00 UTC,-0.00622657,0.0052416
FINAL_REAL_MARK_PREMIUM_CLOSED_GUARD_2026_06_13,1783826400000,2026-07-12 03:20:00 UTC,TUSDT,1783826400000,2026-07-12 03:20:00 UTC,1783826699999,2026-07-12 03:24:59 UTC,True,0.00538,0.00557,0.00538,0.005474,9.599999999999973e-05,1.7850502045369976,73.35227741576233,0.00538036,0.00556,0.00538036,0.00549771,0.00011735000000000044,2.1810808198707976,1783826699999,2026-07-12 03:24:59 UTC,-2.371000000000057e-05,-0.431270474433911,-0.04596947,-0.03956171,-0.05369347,-0.05212256,-0.0029792299999999994,6.062328295620178,1783826699999,2026-07-12 03:24:59 UTC,44819,20899.0,87.37040133779264,1270620384.0,640176754.0,101.54385317526327,6972322.988065,3635978.909441,108.98093313386843,binance_kline_quote_asset_volume,28350.038688948884,155.56623280450256,0.00019000000000000006,3.5315985130111534,9.399999999999947e-05,1.7472118959107708,9.399999999999947e-05,1.7472118959107708,9.60000000000006e-05,50.52631578947398,0.0,0.0,0.4947368421052602,699885190.0,570735194.0,55.08216291924371,44.91783708075629,3840225.121931,2072973.3564550001,117.29926640625851,3132097.8661339995,1563005.5529859997,99.61208399843674,55.07813003649681,44.9218699635032,1.2262870721093118,1.2260872061035097,708127.2557970006,10.15626007299361,2421207973.0,13026970.52961028,12527947.0,0.5201166973101308,277827.15199228004,2.1791828969468234,0.8491,-0.008900000000000019,-1.0372960372960396,45.92,54.08,0.9207,-0.010099999999999998,-1.0850880962612803,47.93,52.07000000000001,0.9612,-0.009999999999999898,-1.0296540362438116,49.01,50.99,0.0716,0.11210000000000009,0.04050000000000009,1783825200003,2026-07-12 03:00:00 UTC,-0.00622657,0.0052416
FINAL_REAL_MARK_PREMIUM_CLOSED_GUARD_2026_06_13,1783826700000,2026-07-12 03:25:00 UTC,TUSDT,1783826700000,2026-07-12 03:25:00 UTC,1783826999999,2026-07-12 03:29:59 UTC,True,0.005475,0.00563,0.005403,0.005449,-2.499999999999985e-05,-0.45670442089879154,71.35724829743566,0.00549886,0.00561816,0.005416,0.00546176,-3.594999999999987e-05,-0.6539086274103194,1783826999999,2026-07-12 03:29:59 UTC,-1.2760000000000549e-05,-0.23362432622452373,-0.05365003,-0.03587083,-0.05957241,-0.03897646,0.0131461,-25.22151636450704,1783826999999,2026-07-12 03:29:59 UTC,45155,336.0,0.7496820544858207,1178649003.0,-91971381.0,-7.238305174238413,6505010.670745,-467312.31731999945,-6.702390553620792,binance_kline_quote_asset_volume,26102.29217140959,144.05958743760382,0.00022699999999999977,4.146118721461183,-2.599999999999998e-05,-0.4748858447488581,2.599999999999998e-05,0.4748858447488581,0.00015499999999999976,68.28193832599115,4.6000000000000034e-05,20.264317180616775,0.20264317180616775,617810385.0,560838618.0,52.416824977367746,47.58317502263225,3412940.120395,-427285.00153600005,-11.126561281416391,3092070.55035,-40027.315783999395,-1.2779714266529538,52.466326239002555,47.533673760997445,1.1015831741458288,1.1037717493246328,320869.57004499994,4.9326524780051075,2405575915.0,13225158.76365465,-15632058.0,-0.6456305354319102,198188.2340443693,1.5213685606633394,0.8481,-0.0010000000000000009,-0.11777175833235201,45.89,54.11,0.9124,-0.008299999999999974,-0.9014879982621891,47.71,52.290000000000006,0.9806,0.019399999999999973,2.0183104452767346,49.51,50.49,0.06430000000000002,0.13250000000000006,0.06820000000000004,1783825200003,2026-07-12 03:00:00 UTC,-0.00622657,0.0052416
FINAL_REAL_MARK_PREMIUM_CLOSED_GUARD_2026_06_13,1783827000000,2026-07-12 03:30:00 UTC,TUSDT,1783827000000,2026-07-12 03:30:00 UTC,1783827299999,2026-07-12 03:34:59 UTC,True,0.005449,0.005452,0.005327,0.005374,-7.499999999999955e-05,-1.376399339328309,65.59353205123989,0.00546176,0.00546176,0.005345,0.00538726,-7.450000000000078e-05,-1.364029177408029,1783827299999,2026-07-12 03:34:59 UTC,-1.3259999999999314e-05,-0.24613625479370432,-0.03931037,-0.03931037,-0.0557288,-0.04803019,-0.009053730000000003,23.22871292056796,1783827299999,2026-07-12 03:34:59 UTC,30059,-15096.0,-33.431513675119035,797842971.0,-380806032.0,-32.308688255005464,4298335.56017,-2206675.110575,-33.922697782788966,binance_kline_quote_asset_volume,26542.565321534315,142.9966253092252,0.0001250000000000001,2.2939988988805307,-7.499999999999955e-05,-1.376399339328309,7.499999999999955e-05,1.376399339328309,3.000000000000398e-06,2.4000000000003165,4.700000000000017e-05,37.6000000000001,0.376000000000001,387843036.0,409999935.0,48.61144988391457,51.38855011608544,2089539.29596,-1323400.824435,-38.77597548596414,2208796.2642100006,-883274.2861399995,-28.565786962397066,48.612754093060104,51.387245906939896,0.9459587743593179,0.9460081628249882,-119256.96825000062,-2.7744918138797887,2431429160.0,13279882.5289216,25853245.0,1.0747216431122273,54723.76526695117,0.41378531815695774,0.8467,-0.0013999999999999568,-0.1650748732460744,45.85,54.15,0.9174,0.0050000000000000044,0.5480052608505047,47.85,52.15,0.9822,0.0015999999999999348,0.1631654089332995,49.55,50.449999999999996,0.07069999999999999,0.13549999999999995,0.06479999999999997,1783825200003,2026-07-12 03:00:00 UTC,-0.00622657,0.0052416
FINAL_REAL_MARK_PREMIUM_CLOSED_GUARD_2026_06_13,1783827300000,2026-07-12 03:35:00 UTC,TUSDT,1783827300000,2026-07-12 03:35:00 UTC,1783827599999,2026-07-12 03:39:59 UTC,True,0.005373,0.005416,0.005262,0.005337,-3.7000000000000574e-05,-0.688500186081142,62.89453415276434,0.005376,0.00541435,0.005294,0.005338,-4.9259999999999755e-05,-0.9143794804780121,1783827599999,2026-07-12 03:39:59 UTC,-1.0000000000001327e-06,-0.018733608092921183,-0.04852477,-0.04599593,-0.05634165,-0.05123674,-0.0032065500000000025,6.676113502778154,1783827599999,2026-07-12 03:39:59 UTC,25878,-4181.0,-13.909311687015535,657843435.0,-139999536.0,-17.54725442082011,3513461.989472,-784873.5706980005,-18.259941777718222,binance_kline_quote_asset_volume,25420.953512636217,135.77022913177217,0.00015399999999999962,2.866182765680246,-3.600000000000044e-05,-0.6700167504187686,3.600000000000044e-05,0.6700167504187686,4.2999999999999636e-05,27.922077922077754,7.499999999999955e-05,48.701298701298526,0.48701298701298523,325998433.0,331845002.0,49.55562610425686,50.44437389574314,1742176.106167,-347363.189793,-16.623912767020276,1771285.883305,-437510.3809050007,-19.80763857645698,49.585739404251036,50.414260595748964,0.9823816270705804,0.9835657375173765,-29109.77713799989,-0.8285211914979185,2403917861.0,12950530.53585086,-27511299.0,-1.1314867590055555,-329351.99307074025,-2.480082126882228,0.8556,0.008900000000000019,1.0511397189087066,46.11,53.89000000000001,0.9189,0.0015000000000000568,0.16350555918901863,47.89,52.11,0.996,0.013800000000000034,1.4050091631032413,49.9,50.1,0.06330000000000002,0.14039999999999997,0.07709999999999995,1783825200003,2026-07-12 03:00:00 UTC,-0.00622657,0.0052416
FINAL_REAL_MARK_PREMIUM_CLOSED_GUARD_2026_06_13,1783827600000,2026-07-12 03:40:00 UTC,TUSDT,1783827600000,2026-07-12 03:40:00 UTC,1783827899999,2026-07-12 03:44:59 UTC,True,0.005336,0.005408,0.005211,0.005271,-6.600000000000009e-05,-1.2366498032602602,58.28727957609509,0.005335,0.00542164,0.00524126,0.00528135,-5.66500000000001e-05,-1.061258898463846,1783827899999,2026-07-12 03:44:59 UTC,-1.0350000000000116e-05,-0.1959726206367712,-0.05234637,-0.042804,-0.05793066,-0.04953121,0.0017055300000000037,-3.328724661248947,1783827899999,2026-07-12 03:44:59 UTC,25996,118.0,0.45598577942653995,706503775.0,48660340.0,7.3969484851665355,3744414.292528,230952.30305600027,6.573354251392018,binance_kline_quote_asset_volume,27177.403254346824,144.0380940347746,0.00019699999999999926,3.6919040479759984,-6.499999999999995e-05,-1.2181409295352317,6.499999999999995e-05,1.2181409295352317,7.200000000000002e-05,36.54822335025395,5.999999999999929e-05,30.456852791877925,0.30456852791877925,333622521.0,372881254.0,47.22161902107317,52.77838097892683,1768564.340887,26388.234720000066,1.5146709122338615,1975849.951641,204564.0683360002,11.548901860737974,47.2320689624591,52.767931037540905,0.8947151872644152,0.8950904087722636,-207285.61075400002,-5.535862075081799,2390569974.0,12760862.521212,-13347887.0,-0.5552555358296413,-189668.01463885978,-1.4645578736238116,0.8539,-0.0017000000000000348,-0.19869097709210318,46.06,53.94,0.9122,-0.006700000000000039,-0.7291326586135639,47.71,52.290000000000006,0.9798,-0.016199999999999992,-1.6265060240963847,49.49,50.51,0.05830000000000002,0.1259,0.0676,1783825200003,2026-07-12 03:00:00 UTC,-0.00622657,0.0052416
FINAL_REAL_MARK_PREMIUM_CLOSED_GUARD_2026_06_13,1783827900000,2026-07-12 03:45:00 UTC,TUSDT,1783827900000,2026-07-12 03:45:00 UTC,1783828199999,2026-07-12 03:49:59 UTC,True,0.005269,0.005317,0.00518,0.005197,-7.399999999999941e-05,-1.4039081768165322,53.55067908666681,0.00528135,0.00531481,0.00519893,0.00521533,-6.601999999999997e-05,-1.2500591704772448,1783828199999,2026-07-12 03:49:59 UTC,-1.8329999999999562e-05,-0.3514638575123638,-0.04993934,-0.0440519,-0.05254892,-0.04830208,0.0012291300000000019,-2.4815262942294405,1783828199999,2026-07-12 03:49:59 UTC,25648,-348.0,-1.3386674873057394,672970367.0,-33533408.0,-4.746387660844417,3522128.480884,-222285.811644,-5.936464137731035,binance_kline_quote_asset_volume,26238.70738459139,137.32565817545228,0.00013699999999999997,2.600113873600303,-7.200000000000002e-05,-1.3664832036439554,7.200000000000002e-05,1.3664832036439554,4.799999999999943e-05,35.03649635036455,1.700000000000052e-05,12.408759124087974,0.12408759124087974,319468861.0,353501506.0,47.47146035926423,52.52853964073577,1673449.115381,-95115.22550599999,-5.3781037707848505,1848679.365503,-127170.58613800001,-6.436247146823128,47.51243813118907,52.48756186881093,0.9037270155222479,0.90521328176651,-175230.250122,-4.975123737621857,2392559453.0,12635943.86710155,1989479.0,0.08322195215524782,-124918.6541104503,-0.9789201466813215,0.8563,0.0023999999999999577,0.281063356364909,46.129999999999995,53.87,0.9134,0.0011999999999999789,0.13155009866257167,47.74,52.26,0.9798,0.0,0.0,49.49,50.51,0.05710000000000004,0.12350000000000005,0.06640000000000001,1783825200003,2026-07-12 03:00:00 UTC,-0.00622657,0.0052416
FINAL_REAL_MARK_PREMIUM_CLOSED_GUARD_2026_06_13,1783828200000,2026-07-12 03:50:00 UTC,TUSDT,1783828200000,2026-07-12 03:50:00 UTC,1783828499999,2026-07-12 03:54:59 UTC,True,0.005198,0.005288,0.005152,0.005259,6.199999999999956e-05,1.1929959592072263,56.72380081921925,0.00521533,0.005284,0.00518183,0.0052657,5.03700000000001e-05,0.965806574080645,1783828499999,2026-07-12 03:54:59 UTC,-6.700000000000109e-06,-0.1272385437833547,-0.05041825,-0.04504936,-0.05430529,-0.04889095,-0.0005888700000000052,1.2191400453148296,1783828499999,2026-07-12 03:54:59 UTC,21572,-4076.0,-15.892077354959453,575030209.0,-97940158.0,-14.553413166853451,3004393.729948,-517734.75093600014,-14.699485091073585,binance_kline_quote_asset_volume,26656.323428518448,139.2728411806045,0.00013599999999999984,2.6163909195844526,6.099999999999942e-05,1.1735282801077225,6.099999999999942e-05,1.1735282801077225,2.900000000000038e-05,21.323529411765012,4.6000000000000034e-05,33.82352941176477,0.7867647058823499,288663831.0,286366378.0,50.199768026448155,49.800231973551845,1508783.012774,-164666.10260700015,-9.839922892995167,1495610.717174,-353068.648329,-19.098425336344622,50.21921719960832,49.780782800391684,1.0080227749362392,1.0088073022269386,13172.295599999838,0.4384343992166374,2395587954.0,12493781.72413482,3028501.0,0.12657996841844835,-142162.14296673052,-1.1250615265620032,0.8484,-0.007899999999999907,-0.9225738642998841,45.9,54.1,0.9227,0.009299999999999975,1.0181738559229225,47.99,52.01,0.9604,-0.019399999999999973,-1.979995917534188,48.99,51.01,0.07429999999999992,0.11199999999999999,0.03770000000000007,1783825200003,2026-07-12 03:00:00 UTC,-0.00622657,0.0052416
FINAL_REAL_MARK_PREMIUM_CLOSED_GUARD_2026_06_13,1783828500000,2026-07-12 03:55:00 UTC,TUSDT,1783828500000,2026-07-12 03:55:00 UTC,1783828799999,2026-07-12 03:59:59 UTC,True,0.00526,0.005262,0.005181,0.005192,-6.700000000000022e-05,-1.2740064651074392,52.54629324249626,0.00526362,0.00526362,0.00519056,0.005206,-5.9700000000000204e-05,-1.133752397591967,1783828799999,2026-07-12 03:59:59 UTC,-1.4000000000000123e-05,-0.26892047637341765,-0.04729687,-0.04533452,-0.05621465,-0.05519029,-0.0062993400000000005,12.884470438803092,1783828799999,2026-07-12 03:59:59 UTC,17848,-3724.0,-17.263118857778604,495701817.0,-79328392.0,-13.795517306465547,2581790.440792,-422603.28915600013,-14.06617531329073,binance_kline_quote_asset_volume,27773.521795159122,144.65432770013447,8.100000000000034e-05,1.53992395437263,-6.800000000000035e-05,-1.2927756653992464,6.800000000000035e-05,1.2927756653992464,2.0000000000002655e-06,2.469135802469453,1.0999999999999725e-05,13.580246913579849,0.1358024691357985,233340185.0,262361632.0,47.0726910811384,52.92730891886159,1215723.347312,-293059.66546199983,-19.423579333862577,1366067.0934799998,-129543.6236940003,-8.661587016357888,47.088382081818395,52.911617918181605,0.8893837990762308,0.8899440979981407,-150343.7461679997,-5.823235836363221,2398213255.0,12628271.5368535,2625301.0,0.10958900488777462,134489.81271868013,1.0764539967820943,0.8587,0.010299999999999976,1.2140499764262112,46.2,53.800000000000004,0.9177,-0.0050000000000000044,-0.54188793757451,47.85,52.15,0.9822,0.02179999999999993,2.2698875468554696,49.55,50.449999999999996,0.05899999999999994,0.12349999999999994,0.0645,1783825200003,2026-07-12 03:00:00 UTC,-0.00622657,0.0052416
FINAL_REAL_MARK_PREMIUM_CLOSED_GUARD_2026_06_13,1783828800000,2026-07-12 04:00:00 UTC,TUSDT,1783828800000,2026-07-12 04:00:00 UTC,1783829099999,2026-07-12 04:04:59 UTC,True,0.005192,0.005237,0.005109,0.00523,3.800000000000071e-05,0.7318952234206608,54.58900198143557,0.00520284,0.005235,0.005116,0.005235,2.900000000000038e-05,0.5570495582020819,1783829099999,2026-07-12 04:04:59 UTC,-4.999999999999796e-06,-0.09551098376312886,-0.06129576,-0.04629692,-0.06129576,-0.0504861,0.004704190000000004,-8.52358268093899,1783829099999,2026-07-12 04:04:59 UTC,26871,9023.0,50.55468399820708,731299707.0,235597890.0,47.52814734992186,3776353.478818,1194563.038026,46.268783831252826,binance_kline_quote_asset_volume,27215.202523166237,140.5363953264858,0.0001280000000000005,2.465331278890611,3.800000000000071e-05,0.7318952234206608,3.800000000000071e-05,0.7318952234206608,7.000000000000062e-06,5.468750000000027,8.299999999999974e-05,64.84374999999955,0.9453124999999998,357867454.0,373432253.0,48.93581257786556,51.06418742213443,1848965.75766,633242.4103479998,52.087706610892795,1927387.721158,561320.6276780001,41.090267846805304,48.96167077661191,51.03832922338809,0.9583196178826042,0.9593117862913004,-78421.96349800006,-2.0766584467761784,2421669365.0,12607210.71419,23456110.0,0.9780660644376264,-21060.822663499042,-0.16677518060992394,0.8702,0.011499999999999955,1.3392337253988533,46.53,53.47,0.9129,-0.0047999999999999154,-0.523046747303031,47.72,52.28,0.99,0.007800000000000029,0.79413561392792,49.75,50.24999999999999,0.04270000000000007,0.11980000000000002,0.07709999999999995,1783828800000,2026-07-12 04:00:00 UTC,-0.00614997,0.00520284
FINAL_REAL_MARK_PREMIUM_CLOSED_GUARD_2026_06_13,1783829100000,2026-07-12 04:05:00 UTC,TUSDT,1783829100000,2026-07-12 04:05:00 UTC,1783829399999,2026-07-12 04:09:59 UTC,True,0.005229,0.005246,0.005133,0.005234,3.9999999999996635e-06,0.0764818355640471,54.80952012911901,0.00524368,0.00525106,0.005154,0.00523702,2.0200000000001467e-06,0.03858643744030844,1783829399999,2026-07-12 04:09:59 UTC,-3.0200000000002794e-06,-0.05766638279021809,-0.05373236,-0.05193744,-0.06482905,-0.05901651,-0.008530410000000002,16.896551724137936,1783829399999,2026-07-12 04:09:59 UTC,20248,-6623.0,-24.6473893788843,506587136.0,-224712571.0,-30.72783550287953,2633644.893264,-1142708.585554,-30.259576916291962,binance_kline_quote_asset_volume,25019.11971552746,130.06938429790597,0.00011299999999999939,2.1610250525913055,4.999999999999796e-06,0.0956205775482845,4.999999999999796e-06,0.0956205775482845,1.1999999999999858e-05,10.619469026548604,9.599999999999973e-05,84.9557522123896,0.893805309734514,263885162.0,242701974.0,52.09077436976213,47.90922563023787,1372424.015945,-476541.7417149998,-25.773421694845116,1261220.8773189997,-666166.8438390002,-34.56319849535818,52.111202214664964,47.88879778533504,1.0872806580468934,1.0881710258891266,111203.13862600038,4.22240442932992,2386823959.0,12495023.425365,-34845406.0,-1.4389002274057343,-112187.28882500157,-0.8898660565634045,0.8619,-0.008299999999999974,-0.9538037232820012,46.29,53.71,0.9186,0.005699999999999927,0.6243838317449805,47.88,52.12,0.9728,-0.017199999999999993,-1.7373737373737368,49.309999999999995,50.690000000000005,0.05669999999999997,0.1109,0.054200000000000026,1783828800000,2026-07-12 04:00:00 UTC,-0.00614997,0.00520284
FINAL_REAL_MARK_PREMIUM_CLOSED_GUARD_2026_06_13,1783829400000,2026-07-12 04:10:00 UTC,TUSDT,1783829400000,2026-07-12 04:10:00 UTC,1783829699999,2026-07-12 04:14:59 UTC,True,0.005235,0.005245,0.005131,0.005234,0.0,0.0,54.80952012911901,0.00523702,0.005243,0.005136,0.005218,-1.90199999999998e-05,-0.36318364260590563,1783829699999,2026-07-12 04:14:59 UTC,1.599999999999952e-05,0.3066308930624669,-0.05972994,-0.04998982,-0.06131262,-0.05126343,0.0077530800000000025,-13.137137387486996,1783829699999,2026-07-12 04:14:59 UTC,18098,-2150.0,-10.618332674832082,393758233.0,-112828903.0,-22.272358491156,2045240.878323,-588404.0149409999,-22.341812916613947,binance_kline_quote_asset_volume,21757.00259697204,113.00922081572548,0.00011399999999999952,2.1776504297994177,-1.0000000000001327e-06,-0.019102196752629086,1.0000000000001327e-06,0.019102196752629086,9.999999999999593e-06,8.771929824561084,0.00010299999999999979,90.35087719298267,0.9035087719298266,195307325.0,198450908.0,49.60082320361286,50.39917679638714,1015092.083146,-357331.93279900006,-26.036554931090638,1030148.7951769999,-231072.08214199985,-18.32130170832519,49.6319085886024,50.36809141139761,0.9841593922059555,0.9853839444345389,-15056.712030999828,-0.7361828227952111,2408980389.0,12615878.47680078,22156430.0,0.9282808611190081,120855.05143578164,0.9672254890730728,0.8706,0.008700000000000041,1.0093978419770322,46.54,53.459999999999994,0.9074,-0.011199999999999988,-1.2192466797300228,47.57,52.43,0.9826,0.009800000000000031,1.0074013157894768,49.559999999999995,50.44,0.036799999999999944,0.11199999999999999,0.07520000000000004,1783828800000,2026-07-12 04:00:00 UTC,-0.00614997,0.00520284
FINAL_REAL_MARK_PREMIUM_CLOSED_GUARD_2026_06_13,1783829700000,2026-07-12 04:15:00 UTC,TUSDT,1783829700000,2026-07-12 04:15:00 UTC,1783829999999,2026-07-12 04:19:59 UTC,True,0.005234,0.005297,0.005186,0.005212,-2.2000000000000318e-05,-0.42032862055789677,53.16278750434176,0.005232,0.00528773,0.005188,0.00521824,2.3999999999944205e-07,0.004599463395926448,1783829999999,2026-07-12 04:19:59 UTC,-6.240000000000238e-06,-0.1195805482308257,-0.04998834,-0.0426089,-0.05997121,-0.05575521,-0.004491780000000001,8.76215266906643,1783829999999,2026-07-12 04:19:59 UTC,22379,4281.0,23.654547463808157,519898053.0,126139820.0,32.034840018189534,2723997.576154,678756.6978310002,33.18712749314635,binance_kline_quote_asset_volume,23231.51405335359,121.7211482261942,0.00011099999999999999,2.1207489491784486,-2.2000000000000318e-05,-0.42032862055789677,2.2000000000000318e-05,0.42032862055789677,6.299999999999969e-05,56.756756756756474,2.599999999999998e-05,23.423423423423408,0.2342342342342341,261205481.0,258692572.0,50.24167324588923,49.75832675411077,1369260.318346,354168.2352,34.890256862446655,1354737.257808,324588.4626310002,31.508891157342905,50.266576238267156,49.73342376173284,1.009713881541214,1.010720204566824,14523.060537999962,0.5331524765343222,2434322008.0,12702292.237744,25341619.0,1.051964520579582,86413.76094321907,0.6849603149089024,0.8657,-0.0049000000000000155,-0.5628302320238934,46.400000000000006,53.6,0.9205,0.0131,1.4436852545735068,47.93,52.07000000000001,0.9747,-0.007900000000000018,-0.8039894158355402,49.36,50.63999999999999,0.05479999999999996,0.10899999999999999,0.054200000000000026,1783828800000,2026-07-12 04:00:00 UTC,-0.00614997,0.00520284
FINAL_REAL_MARK_PREMIUM_CLOSED_GUARD_2026_06_13,1783830000000,2026-07-12 04:20:00 UTC,TUSDT,1783830000000,2026-07-12 04:20:00 UTC,1783830299999,2026-07-12 04:24:59 UTC,True,0.005212,0.005269,0.005175,0.005235,2.300000000000045e-05,0.4412893323100624,54.69528690397134,0.00521642,0.00526338,0.00517815,0.00524353,2.528999999999986e-05,0.4846461642239503,1783830299999,2026-07-12 04:24:59 UTC,-8.529999999999649e-06,-0.162676670105819,-0.05603583,-0.05100727,-0.05914115,-0.05660486,-0.0008496500000000004,1.5238934621535825,1783830299999,2026-07-12 04:24:59 UTC,11241,-11138.0,-49.769873542160056,268968565.0,-250929488.0,-48.265133241420315,1404983.342055,-1319014.2340990002,-48.42200469066901,binance_kline_quote_asset_volume,23927.45885597367,124.98739810114758,9.400000000000033e-05,1.803530314658487,2.300000000000045e-05,0.4412893323100624,2.300000000000045e-05,0.4412893323100624,3.4000000000000176e-05,36.1702127659575,3.699999999999971e-05,39.36170212765912,0.6382978723404249,133751586.0,135216979.0,49.72759028550418,50.272409714495815,698954.295602,-670306.0227440001,-48.95387778079315,706029.0464529999,-648708.2113550002,-47.88442981221516,49.74822652200801,50.25177347799199,0.9891626553792479,0.9899795187088369,-7074.750850999961,-0.5035469559839814,2446563715.0,12766756.6401616,12241707.0,0.5028795270210612,64464.402417600155,0.5075021201767705,0.8737,0.008000000000000007,0.924107658542221,46.63,53.37,0.9225,0.0020000000000000018,0.21727322107550265,47.980000000000004,52.019999999999996,0.9952,0.020499999999999963,2.103211244485479,49.88,50.12,0.048799999999999955,0.12149999999999994,0.07269999999999999,1783828800000,2026-07-12 04:00:00 UTC,-0.00614997,0.00520284
FINAL_REAL_MARK_PREMIUM_CLOSED_GUARD_2026_06_13,1783830300000,2026-07-12 04:25:00 UTC,TUSDT,1783830300000,2026-07-12 04:25:00 UTC,1783830599999,2026-07-12 04:29:59 UTC,True,0.005236,0.005319,0.005232,0.005302,6.700000000000022e-05,1.2798471824259832,58.91272099283899,0.00524353,0.00531,0.005239,0.005309,6.547000000000063e-05,1.2485863530865777,1783830599999,2026-07-12 04:29:59 UTC,-7.000000000000062e-06,-0.13185157280090526,-0.05746086,-0.05148721,-0.05773777,-0.05316039,0.003444469999999998,-6.0851135397207905,1783830599999,2026-07-12 04:29:59 UTC,12955,1714.0,15.247753758562405,302579165.0,33610600.0,12.49610711943234,1596074.642414,191091.300359,13.600965551627123,binance_kline_quote_asset_volume,23356.168660748746,123.20143901304515,8.700000000000027e-05,1.661573720397255,6.600000000000009e-05,1.2605042016806738,6.600000000000009e-05,1.2605042016806738,1.6999999999999654e-05,19.540229885057013,4.000000000000531e-06,4.597701149425883,0.8045977011494299,160061146.0,142518019.0,52.89893175559527,47.10106824440473,844561.305055,145607.00945300004,20.83212169510893,751513.3373589999,45484.29090599995,6.442269072994551,52.91490025664679,47.08509974335321,1.1230940980171777,1.1238141268696484,93047.96769600012,5.829800513293586,2464953003.0,12925055.01982059,18389288.0,0.7516374042194115,158298.3796589896,1.2399263502917832,0.8744,0.0006999999999999229,0.08011903399335274,46.650000000000006,53.349999999999994,0.9223,-0.00019999999999997797,-0.021680216802165635,47.980000000000004,52.019999999999996,0.9916,-0.0035999999999999366,-0.36173633440513836,49.79,50.21,0.047900000000000054,0.11720000000000008,0.06930000000000003,1783828800000,2026-07-12 04:00:00 UTC,-0.00614997,0.00520284
FINAL_REAL_MARK_PREMIUM_CLOSED_GUARD_2026_06_13,1783830600000,2026-07-12 04:30:00 UTC,TUSDT,1783830600000,2026-07-12 04:30:00 UTC,1783830899999,2026-07-12 04:34:59 UTC,True,0.005303,0.005396,0.005121,0.005154,-0.00014800000000000056,-2.7913994718974076,48.231774165721625,0.005303,0.005391,0.00515775,0.00516121,-0.00014779000000000007,-2.7837634206065185,1783830899999,2026-07-12 04:34:59 UTC,-7.210000000000549e-06,-0.13969592401782818,-0.05367848,-0.04677116,-0.06098806,-0.05727953,-0.00411914,7.748513507895635,1783830899999,2026-07-12 04:34:59 UTC,32694,19739.0,152.36588189888073,876160181.0,573581016.0,189.56394965264712,4611670.730081,3015596.0876670005,188.93828694039212,binance_kline_quote_asset_volume,26798.806539426194,141.05556769073837,0.00027500000000000007,5.185743918536678,-0.0001490000000000007,-2.809730341316249,0.0001490000000000007,2.809730341316249,9.299999999999933e-05,33.81818181818157,3.300000000000004e-05,12.000000000000012,0.12000000000000012,420092461.0,456067720.0,47.946993039620914,52.053006960379086,2213658.080533,1369096.7754780003,162.10744765163508,2398012.649548,1646499.3121890002,219.09116316886644,48.001217131434686,51.99878286856532,0.9211186027373304,0.9231219363877213,-184354.56901500002,-3.9975657371306297,2474176920.0,13135405.26828,9223917.0,0.3742025502625779,210350.24845940992,1.6274611453246237,0.8783,0.0039000000000000146,0.4460201280878333,46.760000000000005,53.239999999999995,0.9251,0.0028000000000000247,0.303588853952079,48.05,51.949999999999996,1.0092,0.01760000000000006,1.7749092375958107,50.23,49.769999999999996,0.046800000000000064,0.13090000000000013,0.08410000000000006,1783828800000,2026-07-12 04:00:00 UTC,-0.00614997,0.00520284
FINAL_REAL_MARK_PREMIUM_CLOSED_GUARD_2026_06_13,1783830900000,2026-07-12 04:35:00 UTC,TUSDT,1783830900000,2026-07-12 04:35:00 UTC,1783831199999,2026-07-12 04:39:59 UTC,True,0.005155,0.005177,0.005054,0.005137,-1.6999999999999654e-05,-0.329840900271627,47.1738039099138,0.00516121,0.00517,0.0051,0.00513572,-2.5490000000000408e-05,-0.4938764359520424,1783831199999,2026-07-12 04:39:59 UTC,1.2800000000002046e-06,0.024923477136608002,-0.05934464,-0.05661331,-0.06896658,-0.06405504,-0.0067755099999999915,11.82885055097343,1783831199999,2026-07-12 04:39:59 UTC,20705,-11989.0,-36.67033706490487,589551706.0,-286608475.0,-32.71188091119151,3021523.352178,-1590147.3779030005,-34.48093914274471,binance_kline_quote_asset_volume,28473.88099492876,145.93206240898334,0.00012299999999999985,2.3860329776915585,-1.7999999999999787e-05,-0.3491755577109561,1.7999999999999787e-05,0.3491755577109561,2.2000000000000318e-05,17.8861788617889,8.299999999999974e-05,67.47967479674784,0.6747967479674785,286632005.0,302919701.0,48.61863719210406,51.38136280789594,1469847.291719,-743810.7888140001,-33.600979092259216,1551676.0604589998,-846336.5890890004,-35.29324956849272,48.645902096354554,51.354097903645446,0.946230978222179,0.9472642706649775,-81828.76873999974,-2.7081958072908896,2461892042.0,12706341.82609082,-12284878.0,-0.49652382983186183,-429063.44218917936,-3.26646520168892,0.8939,0.015600000000000058,1.7761584879881658,47.199999999999996,52.800000000000004,0.9148,-0.010300000000000087,-1.113393146686854,47.77,52.23,1.0186,0.009399999999999853,0.9314308363059702,50.46000000000001,49.54,0.02089999999999992,0.12469999999999992,0.1038,1783828800000,2026-07-12 04:00:00 UTC,-0.00614997,0.00520284
FINAL_REAL_MARK_PREMIUM_CLOSED_GUARD_2026_06_13,1783831200000,2026-07-12 04:40:00 UTC,TUSDT,1783831200000,2026-07-12 04:40:00 UTC,1783831499999,2026-07-12 04:44:59 UTC,True,0.005138,0.005146,0.005101,0.005129,-8.000000000000194e-06,-0.15573291804555567,46.65516428727303,0.00514569,0.00515028,0.005109,0.00513,-5.719999999999857e-06,-0.11137678845419643,1783831499999,2026-07-12 04:44:59 UTC,-1.0000000000001327e-06,-0.019493177387916817,-0.06488339,-0.05932106,-0.06939289,-0.05932106,0.004733979999999992,-7.390487930379861,1783831499999,2026-07-12 04:44:59 UTC,10572,-10133.0,-48.939869596715766,284478374.0,-305073332.0,-51.74666257347749,1457614.625602,-1563908.726576,-51.75894885765785,binance_kline_quote_asset_volume,26908.661937192584,137.87501188062808,4.500000000000077e-05,0.8758271701051142,-9.000000000000327e-06,-0.17516543402102622,9.000000000000327e-06,0.17516543402102622,8.000000000000194e-06,17.777777777777906,2.8000000000000247e-05,62.22222222222171,0.6222222222222171,139135977.0,145342397.0,48.9091578539464,51.0908421460536,713122.136426,-756725.155293,-51.48324996455944,744492.4891759999,-807183.5712829999,-52.02010856855185,48.92391472344606,51.07608527655394,0.9572979383297222,0.9578634395832248,-31370.352749999845,-2.1521705531078754,2460045698.0,12634105.89213256,-1846344.0,-0.07499695228309285,-72235.93395826034,-0.5685029959601217,0.8965,0.0025999999999999357,0.2908602751985609,47.27,52.73,0.925,0.010200000000000098,1.1149978137297878,48.05,51.949999999999996,1.0024,-0.016199999999999992,-1.5904182210877669,50.06,49.94,0.02850000000000008,0.1059,0.07739999999999991,1783828800000,2026-07-12 04:00:00 UTC,-0.00614997,0.00520284
FINAL_REAL_MARK_PREMIUM_CLOSED_GUARD_2026_06_13,1783831500000,2026-07-12 04:45:00 UTC,TUSDT,1783831500000,2026-07-12 04:45:00 UTC,1783831799999,2026-07-12 04:49:59 UTC,True,0.005131,0.005234,0.005083,0.005211,8.200000000000048e-05,1.5987521934100308,52.42842149213033,0.005129,0.00522694,0.00509878,0.00521326,8.325999999999993e-05,1.6230019493177377,1783831799999,2026-07-12 04:49:59 UTC,-2.2599999999995887e-06,-0.043350993428288416,-0.06040283,-0.04971938,-0.06431052,-0.06014912,-0.0008280599999999985,1.3958954880442096,1783831799999,2026-07-12 04:49:59 UTC,17600,7028.0,66.47748770336739,501698937.0,217220563.0,76.35749598315688,2592333.959816,1134719.334214,77.84769130903561,binance_kline_quote_asset_volume,28505.621420454547,147.29170226227274,0.0001510000000000001,2.9428961216137224,8.000000000000021e-05,1.559150263106611,8.000000000000021e-05,1.559150263106611,2.2999999999999583e-05,15.231788079469913,4.80000000000003e-05,31.788079470198856,0.8476821192053009,272497953.0,229200984.0,54.31503495491759,45.68496504508241,1408997.955958,695875.8195319999,97.58157600037006,1183336.003858,438843.51468200015,58.94532464225525,54.35248613022099,45.64751386977901,1.1889039403076909,1.1906998108434799,225661.95209999988,8.704972260441977,2477729678.0,12710753.24814,17683980.0,0.7188476219924269,76647.35600744002,0.6066702041429733,0.8968,0.000300000000000078,0.03346346904629983,47.28,52.72,0.9351,0.010099999999999998,1.0918918918918916,48.32,51.68000000000001,0.9976,-0.0047999999999999154,-0.4788507581803587,49.94,50.06,0.0383,0.1008,0.0625,1783828800000,2026-07-12 04:00:00 UTC,-0.00614997,0.00520284
FINAL_REAL_MARK_PREMIUM_CLOSED_GUARD_2026_06_13,1783831800000,2026-07-12 04:50:00 UTC,TUSDT,1783831800000,2026-07-12 04:50:00 UTC,1783832099999,2026-07-12 04:54:59 UTC,True,0.005211,0.005268,0.005198,0.005255,4.399999999999977e-05,0.8443676837459175,55.228399690304286,0.00521971,0.005266,0.0052,0.00525426,4.100000000000024e-05,0.7864560754690969,1783832099999,2026-07-12 04:54:59 UTC,7.399999999999421e-07,0.01408381008933593,-0.06086701,-0.05304833,-0.06172934,-0.05456562,0.005583499999999998,-9.282762574082543,1783832099999,2026-07-12 04:54:59 UTC,10060,-7540.0,-42.84090909090909,285304713.0,-216394224.0,-43.13228672437869,1491105.233239,-1101228.726577,-42.4802029232053,binance_kline_quote_asset_volume,28360.30944333996,148.22119614701788,6.999999999999975e-05,1.3433122241412347,4.399999999999977e-05,0.8443676837459175,4.399999999999977e-05,0.8443676837459175,1.299999999999999e-05,18.571428571428626,1.299999999999999e-05,18.571428571428626,0.8142857142857137,150051974.0,135252739.0,52.593584039391594,47.406415960608406,784534.660402,-624463.295556,-44.31967363156446,706570.572837,-476765.431021,-40.28994549870991,52.61430534301208,47.385694656987916,1.109419114979993,1.1103415434525683,77964.08756499994,5.228610686024168,2476109044.0,12924571.13805724,-1620634.0,-0.06540802309427719,213817.88991723955,1.6821811087279828,0.885,-0.011800000000000033,-1.3157894736842142,46.949999999999996,53.05,0.9322,-0.0029000000000000137,-0.31012725911667344,48.25,51.74999999999999,0.9932,-0.0044000000000000705,-0.4410585404972003,49.830000000000005,50.17,0.04720000000000002,0.10819999999999996,0.06099999999999994,1783828800000,2026-07-12 04:00:00 UTC,-0.00614997,0.00520284
FINAL_REAL_MARK_PREMIUM_CLOSED_GUARD_2026_06_13,1783832100000,2026-07-12 04:55:00 UTC,TUSDT,1783832100000,2026-07-12 04:55:00 UTC,1783832399999,2026-07-12 04:59:59 UTC,True,0.005255,0.00529,0.005212,0.005217,-3.799999999999984e-05,-0.7231208372978085,52.361986426888286,0.00525426,0.00529401,0.00522,0.005226,-2.8260000000000438e-05,-0.5378492880063117,1783832399999,2026-07-12 04:59:59 UTC,-8.99999999999946e-06,-0.17221584385762456,-0.05451248,-0.0530935,-0.06062839,-0.05672693,-0.0021613099999999996,3.960937308143845,1783832399999,2026-07-12 04:59:59 UTC,14799,4739.0,47.10735586481113,440086195.0,154781482.0,54.251288165716346,2310193.287721,819088.0544820002,54.931606181997324,binance_kline_quote_asset_volume,29737.56301101426,156.1046886763295,7.800000000000081e-05,1.4843006660323657,-3.799999999999984e-05,-0.7231208372978085,3.799999999999984e-05,0.7231208372978085,3.500000000000031e-05,44.871794871794805,5.000000000000664e-06,6.410256410257194,0.06410256410257194,223142352.0,216943843.0,50.70423806409106,49.29576193590894,1171792.393143,387257.73274100013,49.361456196539116,1138400.894578,431830.32174100005,61.116375114113296,50.722699237818766,49.277300762181234,1.0285719516824452,1.0293319328226442,33391.498565000016,1.4453984756375362,2499862017.0,13134925.00144242,23752973.0,0.9592862260067735,210353.86338518,1.6275500450903118,0.8822,-0.0028000000000000247,-0.31638418079096325,46.87,53.13,0.9212,-0.01100000000000001,-1.1800042909246953,47.949999999999996,52.05,0.9968,0.0036000000000000476,0.36246476037052433,49.919999999999995,50.080000000000005,0.039000000000000035,0.11460000000000004,0.0756,1783828800000,2026-07-12 04:00:00 UTC,-0.00614997,0.00520284
FINAL_REAL_MARK_PREMIUM_CLOSED_GUARD_2026_06_13,1783832400000,2026-07-12 05:00:00 UTC,TUSDT,1783832400000,2026-07-12 05:00:00 UTC,1783832699999,2026-07-12 05:04:59 UTC,True,0.005218,0.005275,0.005171,0.005264,4.69999999999993e-05,0.9009009009008874,55.44232073690686,0.005231,0.005271,0.00519161,0.005266,4.0000000000000105e-05,0.7654037504783794,1783832699999,2026-07-12 05:04:59 UTC,-2.0000000000002655e-06,-0.03797949107482464,-0.06418979,-0.05121421,-0.06418979,-0.05121421,0.005512719999999999,-9.71799461032,1783832699999,2026-07-12 05:04:59 UTC,18791,3992.0,26.974795594296914,469348056.0,29261861.0,6.649120406969367,2450528.80851,140335.52078899974,6.07462248007137,binance_kline_quote_asset_volume,24977.27933585227,130.4097072273961,0.00010399999999999993,1.9931008049060925,4.5999999999999167e-05,0.8815638175546027,4.5999999999999167e-05,0.8815638175546027,1.1000000000000593e-05,10.576923076923654,4.700000000000017e-05,45.192307692307885,0.8942307692307635,233794942.0,235553114.0,49.81270061977204,50.18729938022797,1221343.669025,49551.27588199987,4.228673626144018,1229185.139485,90784.24490699987,7.974716581776156,49.84000452406907,50.15999547593093,0.9925359848989302,0.9936205944831994,-7841.470459999982,-0.3199909518618493,2533556612.0,13240366.854312,33694595.0,1.3478581926067963,105441.85286958143,0.8027594589082334,0.8808,-0.0013999999999999568,-0.15869417365676228,46.83,53.169999999999995,0.9239,0.0027000000000000357,0.2930959617889748,48.02,51.980000000000004,0.9912,-0.005600000000000049,-0.5617977528089937,49.78,50.22,0.04310000000000003,0.11039999999999994,0.06729999999999992,1783832400000,2026-07-12 05:00:00 UTC,-0.00705006,0.005231
FINAL_REAL_MARK_PREMIUM_CLOSED_GUARD_2026_06_13,1783832700000,2026-07-12 05:05:00 UTC,TUSDT,1783832700000,2026-07-12 05:05:00 UTC,1783832999999,2026-07-12 05:09:59 UTC,True,0.005263,0.005316,0.005193,0.005198,-6.599999999999922e-05,-1.2537993920972497,50.50377777960385,0.005268,0.00531188,0.005201,0.005201,-6.499999999999995e-05,-1.2343334599316362,1783832999999,2026-07-12 05:09:59 UTC,-2.999999999999531e-06,-0.0576812151509235,-0.05331987,-0.05237375,-0.05778211,-0.05739679,-0.00618258,12.072001110629255,1783832999999,2026-07-12 05:09:59 UTC,15444,-3347.0,-17.811718375818213,377985888.0,-91362168.0,-19.46576039509579,1985663.467879,-464865.340631,-18.970001046984347,binance_kline_quote_asset_volume,24474.610722610723,128.57183811700335,0.0001230000000000007,2.3370701121033766,-6.499999999999995e-05,-1.2350370511115323,6.499999999999995e-05,1.2350370511115323,5.3000000000000096e-05,43.08943089430877,5.000000000000664e-06,4.0650406504070205,0.0406504065040702,191309360.0,186676528.0,50.612831344645336,49.38716865535467,1005757.824218,-215585.8448069999,-17.65153005452612,979905.6436609998,-249279.4958240001,-20.280060978319543,50.65097084614783,49.34902915385218,1.024817431787675,1.0263823162201766,25852.180557000218,1.3019416922956437,2530397353.0,13325072.460898,-3159259.0,-0.12469660180618848,84705.60658599995,0.6397527162052448,0.8716,-0.009199999999999986,-1.0445049954586723,46.57,53.43,0.9302,0.006299999999999972,0.6818919796514744,48.19,51.81,0.9806,-0.010599999999999943,-1.0694108151735213,49.51,50.49,0.058599999999999985,0.10899999999999999,0.0504,1783832400000,2026-07-12 05:00:00 UTC,-0.00705006,0.005231
FINAL_REAL_MARK_PREMIUM_CLOSED_GUARD_2026_06_13,1783833000000,2026-07-12 05:10:00 UTC,TUSDT,1783833000000,2026-07-12 05:10:00 UTC,1783833299999,2026-07-12 05:14:59 UTC,True,0.0052,0.005216,0.005136,0.005192,-6.000000000000796e-06,-0.11542901115815306,50.06715902966591,0.005198,0.005211,0.00515,0.00519654,-4.459999999999534e-06,-0.0857527398577107,1783833299999,2026-07-12 05:14:59 UTC,-4.540000000000793e-06,-0.08736582418302935,-0.05635616,-0.04963309,-0.05833414,-0.05649388,0.0009029099999999998,-1.573101910403003,1783833299999,2026-07-12 05:14:59 UTC,16039,595.0,3.8526288526288526,400772711.0,22786823.0,6.028485116354397,2075344.775482,89681.3076030002,4.516440426775535,binance_kline_quote_asset_volume,24987.387680029926,129.39365144223456,8.000000000000021e-05,1.5384615384615425,-8.000000000000194e-06,-0.1538461538461576,8.000000000000194e-06,0.1538461538461576,1.600000000000039e-05,20.000000000000433,5.5999999999999626e-05,69.99999999999935,0.6999999999999935,192910043.0,207862668.0,48.13452555655667,51.865474443443325,999219.629792,-6538.194426000002,-0.6500764168634332,1076125.1456900002,96219.50202900032,9.819261951540268,48.14716290019477,51.852837099805235,0.928064884647781,0.928534784075983,-76905.5158980001,-3.70567419961046,2542042126.0,13221161.097326,11644773.0,0.4601954308161972,-103911.36357200146,-0.7798183752990915,0.8744,0.0027999999999999137,0.3212482790270667,46.650000000000006,53.349999999999994,0.9354,0.005199999999999982,0.5590195656847972,48.33,51.67,0.9877,0.007099999999999995,0.7240465021415455,49.69,50.31,0.061000000000000054,0.11330000000000007,0.05230000000000001,1783832400000,2026-07-12 05:00:00 UTC,-0.00705006,0.005231
FINAL_REAL_MARK_PREMIUM_CLOSED_GUARD_2026_06_13,1783833300000,2026-07-12 05:15:00 UTC,TUSDT,1783833300000,2026-07-12 05:15:00 UTC,1783833599999,2026-07-12 05:19:59 UTC,True,0.005191,0.00524,0.005166,0.005209,1.700000000000052e-05,0.32742681047766803,51.350491917842334,0.00519654,0.00523578,0.00516815,0.00521024,1.3699999999999303e-05,0.2636369584377163,1783833599999,2026-07-12 05:19:59 UTC,-1.2399999999995748e-06,-0.023799287556803043,-0.05498237,-0.04998319,-0.05845889,-0.05324496,0.0032489200000000024,-5.750923816880699,1783833599999,2026-07-12 05:19:59 UTC,11433,-4606.0,-28.71750109109047,287696031.0,-113076680.0,-28.214665543932206,1497470.351045,-577874.4244370002,-27.844743257311954,binance_kline_quote_asset_volume,25163.651797428498,130.97790177949793,7.400000000000028e-05,1.4255442111346615,1.7999999999999787e-05,0.3467539973030203,1.7999999999999787e-05,0.3467539973030203,3.099999999999978e-05,41.89189189189143,2.5000000000000716e-05,33.78378378378462,0.5810810810810857,138883450.0,148812581.0,48.27437122342504,51.72562877657495,723014.194471,-276205.43532100006,-27.64211461483154,774456.1565739999,-301668.98911600024,-28.032891000105124,48.28237126474319,51.71762873525682,0.9332776104461221,0.9335766632283404,-51441.96210299991,-3.435257470513622,2535161113.0,13174066.13014902,-6881013.0,-0.2706883937768386,-47094.96717697941,-0.3562090109204133,0.8755,0.0010999999999999899,0.1258005489478488,46.68,53.32,0.939,0.0035999999999999366,0.3848620910840215,48.43,51.57000000000001,0.9818,-0.005900000000000016,-0.5973473726840149,49.54,50.46000000000001,0.0635,0.10630000000000006,0.04280000000000006,1783832400000,2026-07-12 05:00:00 UTC,-0.00705006,0.005231
FINAL_REAL_MARK_PREMIUM_CLOSED_GUARD_2026_06_13,1783833600000,2026-07-12 05:20:00 UTC,TUSDT,1783833600000,2026-07-12 05:20:00 UTC,1783833899999,2026-07-12 05:24:59 UTC,True,0.005208,0.005256,0.0052,0.005229,2.0000000000000052e-05,0.3839508542906518,52.884688025721424,0.00521179,0.005255,0.00520434,0.00523377,2.3529999999999905e-05,0.4516106743643269,1783833899999,2026-07-12 05:24:59 UTC,-4.7699999999994275e-06,-0.09113889223254801,-0.05369679,-0.05016891,-0.05695888,-0.05303041,0.00021455000000000085,-0.4029489363875959,1783833899999,2026-07-12 05:24:59 UTC,10687,-746.0,-6.524971573515264,251102453.0,-36593578.0,-12.719528271837715,1314256.48758,-183213.86346499994,-12.234890883625532,binance_kline_quote_asset_volume,23496.06559371199,122.97712057452979,5.6000000000000494e-05,1.0752688172043106,2.1000000000000185e-05,0.40322580645161643,2.1000000000000185e-05,0.40322580645161643,2.7000000000000114e-05,48.214285714285495,8.000000000000194e-06,14.285714285714507,0.5178571428571451,129428037.0,121674416.0,51.54391582148343,48.45608417851657,677508.658645,-45505.535826000036,-6.293864791865474,636747.828935,-137708.3276389999,-17.781294198523394,51.55071822339088,48.44928177660911,1.0637243329772792,1.0640140851020645,40760.82970999996,3.1014364467817637,2559699990.0,13336651.2758976,24538877.0,0.9679415195416023,162585.14574857987,1.2341303295609067,0.8751,-0.00039999999999995595,-0.045688178183889885,46.67,53.33,0.9398,0.0008000000000000229,0.08519701810436879,48.449999999999996,51.55,0.9724,-0.009399999999999964,-0.9574251375025427,49.3,50.7,0.06469999999999998,0.09730000000000005,0.03260000000000007,1783832400000,2026-07-12 05:00:00 UTC,-0.00705006,0.005231
FINAL_REAL_MARK_PREMIUM_CLOSED_GUARD_2026_06_13,1783833900000,2026-07-12 05:25:00 UTC,TUSDT,1783833900000,2026-07-12 05:25:00 UTC,1783834199999,2026-07-12 05:29:59 UTC,True,0.005228,0.005238,0.005183,0.005219,-1.000000000000046e-05,-0.19124115509658557,52.001660337907886,0.00523377,0.005236,0.00519302,0.005219,-1.4769999999999887e-05,-0.28220575225888583,1783834199999,2026-07-12 05:29:59 UTC,0.0,0.0,-0.05318844,-0.04778923,-0.05566648,-0.0479437,0.005086710000000001,-9.59206236572563,1783834199999,2026-07-12 05:29:59 UTC,9706,-981.0,-9.179376812950313,192276401.0,-58826052.0,-23.427111641955964,1002692.311154,-311564.17642599996,-23.706497123685285,binance_kline_quote_asset_volume,19810.055738718318,103.30644046507315,5.4999999999999494e-05,1.0520275439938693,-9.000000000000327e-06,-0.1721499617444592,9.000000000000327e-06,0.1721499617444592,9.999999999999593e-06,18.181818181817608,3.5999999999999574e-05,65.45454545454528,0.6545454545454529,95666226.0,96610175.0,49.75453331893808,50.24546668106191,498963.205795,-178545.45284999994,-26.353235574448053,503729.105359,-133018.72357600002,-20.890330132492487,49.76234486337514,50.23765513662486,0.9902293003816627,0.9905387647580868,-4765.899563999963,-0.47531027324971525,2566692742.0,13433479.47229734,6992752.0,0.27318639009722384,96828.19639974087,0.7260308033601488,0.8734,-0.0017000000000000348,-0.19426351274140496,46.62,53.38,0.9351,-0.0046999999999999265,-0.5001064056182088,48.32,51.68000000000001,0.9701,-0.0023000000000000798,-0.2365281777046565,49.24,50.760000000000005,0.06170000000000009,0.09670000000000001,0.03499999999999992,1783832400000,2026-07-12 05:00:00 UTC,-0.00705006,0.005231
FINAL_REAL_MARK_PREMIUM_CLOSED_GUARD_2026_06_13,1783834200000,2026-07-12 05:30:00 UTC,TUSDT,1783834200000,2026-07-12 05:30:00 UTC,1783834499999,2026-07-12 05:34:59 UTC,True,0.00522,0.005292,0.005195,0.005262,4.30000000000005e-05,0.8239126269400366,55.446576039544325,0.005219,0.00527675,0.0052,0.00527029,5.129000000000071e-05,0.9827553171105712,1783834499999,2026-07-12 05:34:59 UTC,-8.290000000000207e-06,-0.15729684704257652,-0.04765319,-0.04398454,-0.05411727,-0.04870877,-0.0007650699999999996,1.595767535672048,1783834499999,2026-07-12 05:34:59 UTC,11967,2261.0,23.294869153101175,291746724.0,99470323.0,51.73298568241872,1525509.917151,522817.6059969999,52.14137978132977,binance_kline_quote_asset_volume,24379.26999247932,127.47638649210327,9.699999999999986e-05,1.8582375478927178,4.200000000000037e-05,0.8045977011494324,4.200000000000037e-05,0.8045977011494324,2.9999999999999645e-05,30.927835051546072,2.499999999999985e-05,25.77319587628854,0.6907216494845393,149574534.0,142172190.0,51.268625042041606,48.731374957958394,782465.267088,283502.06129299995,56.8182298815591,743044.6500629999,239315.54470399994,47.508778460089864,51.29204722243369,48.707952777566305,1.0520660475160437,1.0530528239745185,39420.61702500004,2.5840944448673855,2563957527.0,13381294.333413,-2735215.0,-0.10656573555698316,-52185.138884341344,-0.3884707531802023,0.8758,0.0024000000000000687,0.27478818410809125,46.69,53.31,0.9357,0.0005999999999999339,0.06416426050689059,48.339999999999996,51.66,0.9712,0.0010999999999999899,0.11339037212658384,49.27,50.73,0.05989999999999995,0.09539999999999993,0.035499999999999976,1783832400000,2026-07-12 05:00:00 UTC,-0.00705006,0.005231
FINAL_REAL_MARK_PREMIUM_CLOSED_GUARD_2026_06_13,1783834500000,2026-07-12 05:35:00 UTC,TUSDT,1783834500000,2026-07-12 05:35:00 UTC,1783834799999,2026-07-12 05:39:59 UTC,True,0.005261,0.005277,0.005182,0.0052,-6.200000000000042e-05,-1.1782592170277542,49.886930718905916,0.00527029,0.00528241,0.00518705,0.00520041,-6.988000000000046e-05,-1.3259232414155664,1783834799999,2026-07-12 05:39:59 UTC,-4.100000000001672e-07,-0.007883993762033517,-0.04718409,-0.04196025,-0.05351606,-0.05317775,-0.004468980000000004,9.174898072770068,1783834799999,2026-07-12 05:39:59 UTC,16207,4240.0,35.43076794518258,462433481.0,170686757.0,58.50511521082239,2422299.849902,896789.9327509999,58.78624076242126,binance_kline_quote_asset_volume,28532.947553526254,149.46010056777934,9.49999999999996e-05,1.8057403535449459,-6.100000000000029e-05,-1.1594753849078177,6.100000000000029e-05,1.1594753849078177,1.599999999999952e-05,16.84210526315746,1.7999999999999787e-05,18.947368421052488,0.18947368421052488,229962594.0,232470887.0,49.72879418304921,50.27120581695078,1204756.909187,422291.64209900005,53.96937856048082,1217542.9407149998,474498.2906519999,63.85865110687077,49.73607661478167,50.263923385218334,0.9892102919536759,0.9894984964386626,-12786.031527999789,-0.5278467704366607,2576788012.0,13580420.09176348,12830485.0,0.5004172208348754,199125.75835048035,1.4880904147909273,0.8748,-0.0010000000000000009,-0.11418131993605855,46.660000000000004,53.339999999999996,0.934,-0.0016999999999999238,-0.18168216308645121,48.29,51.71,0.9771,0.005900000000000016,0.6074958813838567,49.419999999999995,50.580000000000005,0.05920000000000003,0.10229999999999995,0.043099999999999916,1783832400000,2026-07-12 05:00:00 UTC,-0.00705006,0.005231
FINAL_REAL_MARK_PREMIUM_CLOSED_GUARD_2026_06_13,1783834800000,2026-07-12 05:40:00 UTC,TUSDT,1783834800000,2026-07-12 05:40:00 UTC,1783835099999,2026-07-12 05:44:59 UTC,True,0.0052,0.005219,0.00518,0.005205,5.000000000000664e-06,0.09615384615385893,50.31956481520652,0.00520041,0.00522196,0.00518,0.005201,5.899999999999656e-07,0.011345259316091724,1783835099999,2026-07-12 05:44:59 UTC,4.000000000000531e-06,0.07690828686792023,-0.05228852,-0.04683357,-0.05411493,-0.04777731,0.005400439999999999,-10.155450352826133,1783835099999,2026-07-12 05:44:59 UTC,7792,-8415.0,-51.92200900845314,205747320.0,-256686161.0,-55.50769387305674,1069699.653041,-1352600.1968609998,-55.839502979605214,binance_kline_quote_asset_volume,26404.943531827514,137.28178298780801,3.899999999999997e-05,0.7499999999999996,5.000000000000664e-06,0.09615384615385893,5.000000000000664e-06,0.09615384615385893,1.3999999999999256e-05,35.897435897434015,2.0000000000000052e-05,51.282051282051455,0.6410256410256598,101821608.0,103925712.0,49.488667944739205,50.511332055260795,529512.694321,-675244.214866,-56.048171188465865,540186.95872,-677355.9819949998,-55.63302610068305,49.50106254738633,50.49893745261367,0.9797537687304947,0.9802396851188463,-10674.264398999978,-0.9978749052273319,2611854638.0,13582714.97800158,35066626.0,1.3608657691939,2294.886238100007,0.01689849226013159,0.8825,0.007699999999999929,0.8802011888431559,46.88,53.12,0.9338,-0.000200000000000089,-0.02141327623127291,48.29,51.71,0.9869,0.009800000000000031,1.0029679664312794,49.669999999999995,50.33,0.05130000000000001,0.10440000000000005,0.053100000000000036,1783832400000,2026-07-12 05:00:00 UTC,-0.00705006,0.005231
FINAL_REAL_MARK_PREMIUM_CLOSED_GUARD_2026_06_13,1783835100000,2026-07-12 05:45:00 UTC,TUSDT,1783835100000,2026-07-12 05:45:00 UTC,1783835399999,2026-07-12 05:49:59 UTC,True,0.005205,0.00524,0.005184,0.005229,2.3999999999999716e-05,0.4610951008645478,52.441928925955246,0.005203,0.00524259,0.005191,0.005231,3.0000000000000512e-05,0.576812151509335,1783835399999,2026-07-12 05:49:59 UTC,-2.0000000000002655e-06,-0.03823360734085768,-0.04672878,-0.04490745,-0.05197298,-0.04754727,0.0002300400000000008,-0.4814837838296061,1783835399999,2026-07-12 05:49:59 UTC,8042,250.0,3.2084188911704308,202628221.0,-3119099.0,-1.5159852385926582,1056387.137698,-13312.515342999948,-1.244509643913075,binance_kline_quote_asset_volume,25196.24732653569,131.35875872892316,5.5999999999999626e-05,1.0758885686839506,2.3999999999999716e-05,0.4610951008645478,2.3999999999999716e-05,0.4610951008645478,1.0999999999999725e-05,19.642857142856784,2.1000000000000185e-05,37.50000000000058,0.8035714285714322,101873103.0,100755118.0,50.27587100021967,49.72412899978034,531253.15834,1740.4640189999482,0.32869165133647354,525133.9793580001,-15052.979361999896,-2.786623986197054,50.28962767358822,49.71037232641178,1.0110960616412559,1.0116526052827144,6119.178981999867,0.5792553471764457,2621736859.0,13635653.403659,9882221.0,0.37836029831917467,52938.42565741949,0.3897484835922567,0.8797,-0.0027999999999999137,-0.3172804532577806,46.800000000000004,53.2,0.9415,0.00770000000000004,0.8245877061469309,48.49,51.51,0.979,-0.007900000000000018,-0.800486371466209,49.47,50.529999999999994,0.061799999999999966,0.09929999999999994,0.03749999999999998,1783832400000,2026-07-12 05:00:00 UTC,-0.00705006,0.005231
FINAL_REAL_MARK_PREMIUM_CLOSED_GUARD_2026_06_13,1783835400000,2026-07-12 05:50:00 UTC,TUSDT,1783835400000,2026-07-12 05:50:00 UTC,1783835699999,2026-07-12 05:54:59 UTC,True,0.005229,0.005276,0.005198,0.00524,1.0999999999999725e-05,0.2103652706062292,53.4240440650842,0.005229,0.005263,0.005198,0.005243,1.1999999999999858e-05,0.22940164404511293,1783835699999,2026-07-12 05:54:59 UTC,-3.000000000000398e-06,-0.05721914934198737,-0.04836575,-0.0379811,-0.05191302,-0.04268503,0.004862240000000004,-10.226118134647907,1783835699999,2026-07-12 05:54:59 UTC,9943,1901.0,23.63839840835613,273585813.0,70957592.0,35.01861273311974,1430387.188198,374000.0504999999,35.40369218381368,binance_kline_quote_asset_volume,27515.419189379463,143.85871348667405,7.799999999999994e-05,1.4916810097532978,1.0999999999999725e-05,0.2103652706062292,1.0999999999999725e-05,0.2103652706062292,3.600000000000044e-05,46.15384615384675,3.099999999999978e-05,39.74358974358949,0.5384615384615324,139442295.0,134143518.0,50.96839396420019,49.03160603579982,729172.878255,197919.71991500002,37.25525520327018,701214.309943,176080.33058499987,33.53055363133537,50.97730770181261,49.02269229818738,1.0395008053985881,1.0398716453950758,27958.568312000018,1.9546154036252372,2626184898.0,13737573.201438,4448039.0,0.1696600093457358,101919.7977790013,0.7474507804052286,0.8843,0.0045999999999999375,0.5229055359781672,46.93,53.06999999999999,0.9339,-0.007600000000000051,-0.8072225172596974,48.29,51.71,0.9885,0.009500000000000064,0.970377936670078,49.71,50.29,0.04959999999999998,0.10420000000000007,0.05460000000000009,1783832400000,2026-07-12 05:00:00 UTC,-0.00705006,0.005231
FINAL_REAL_MARK_PREMIUM_CLOSED_GUARD_2026_06_13,1783835700000,2026-07-12 05:55:00 UTC,TUSDT,1783835700000,2026-07-12 05:55:00 UTC,1783835999999,2026-07-12 05:59:59 UTC,True,0.00524,0.005268,0.005214,0.005224,-1.599999999999952e-05,-0.3053435114503726,51.75002380855757,0.00524288,0.00528208,0.00523229,0.005246,2.999999999999531e-06,0.05721914934197083,1783835999999,2026-07-12 05:59:59 UTC,-2.199999999999945e-05,-0.4193671368661733,-0.04270704,-0.04042627,-0.04760656,-0.04522903,-0.0025440000000000046,5.9599348998934865,1783835999999,2026-07-12 05:59:59 UTC,9666,-277.0,-2.7858795132253844,282174908.0,8589095.0,3.139451898406735,1479740.281465,49353.09326700005,3.4503310484187857,binance_kline_quote_asset_volume,29192.521001448375,153.08713857490173,5.400000000000023e-05,1.0305343511450424,-1.599999999999952e-05,-0.3053435114503726,1.599999999999952e-05,0.3053435114503726,2.8000000000000247e-05,51.851851851852096,1.000000000000046e-05,18.518518518519294,0.18518518518519292,147927801.0,134247107.0,52.42415140612007,47.57584859387993,776043.566838,46870.68858299998,6.427925390638127,703696.714627,2482.4046840000665,0.3540151204560921,52.444579400763956,47.555420599236044,1.1019068068260123,1.1028097058110438,72346.85221099993,4.889158801527911,2635821078.0,13819609.911954,9636180.0,0.366926944379984,82036.71051600017,0.597170324867953,0.879,-0.005299999999999971,-0.5993441139884622,46.78,53.22,0.9453,0.011400000000000077,1.2206874397687202,48.59,51.41,0.9833,-0.0052000000000000934,-0.5260495700556492,49.58,50.42,0.06630000000000003,0.10429999999999995,0.03799999999999992,1783832400000,2026-07-12 05:00:00 UTC,-0.00705006,0.005231
FINAL_REAL_MARK_PREMIUM_CLOSED_GUARD_2026_06_13,1783836000000,2026-07-12 06:00:00 UTC,TUSDT,1783836000000,2026-07-12 06:00:00 UTC,1783836299999,2026-07-12 06:04:59 UTC,True,0.005224,0.005225,0.004801,0.004913,-0.0003110000000000005,-5.9532924961715254,31.25157640813302,0.00525,0.00525,0.00487321,0.004899,-0.0003470000000000001,-6.614563476934809,1783836299999,2026-07-12 06:04:59 UTC,1.4000000000000123e-05,0.28577260665442183,-0.05078477,-0.03588439,-0.05220254,-0.03922968,0.0059993500000000005,-13.26437909457709,1783836299999,2026-07-12 06:04:59 UTC,65720,56054.0,579.9089592385682,1935038534.0,1652863626.0,585.7585416489264,9606511.216825,8126770.93536,549.2025213582875,binance_kline_quote_asset_volume,29443.67824102252,146.1733295317255,0.0004239999999999999,8.11638591117917,-0.0003110000000000005,-5.9532924961715254,0.0003110000000000005,5.9532924961715254,9.999999999992654e-07,0.23584905660360037,0.00011200000000000012,26.415094339622673,0.26415094339622675,882466567.0,1052571967.0,45.604599158850654,54.395400841149346,4378157.883567,3602114.316729,464.1639297914502,5228353.333257999,4524656.618631,642.9839055066968,45.57490003133524,54.42509996866476,0.8383907178481792,0.8373875299737618,-850195.4496909995,-8.85019993732952,2651771063.0,13911190.996498,15949985.0,0.6051239643360952,91581.08454399928,0.6626893604629274,0.8943,0.01529999999999998,1.7406143344709875,47.21,52.790000000000006,0.9422,-0.0030999999999999917,-0.3279382206706856,48.51,51.49,1.0052,0.02190000000000014,2.2271941421743255,50.129999999999995,49.87,0.047900000000000054,0.11090000000000011,0.06300000000000006,1783832400000,2026-07-12 05:00:00 UTC,-0.00705006,0.005231
FINAL_REAL_MARK_PREMIUM_CLOSED_GUARD_2026_06_13,1783836300000,2026-07-12 06:05:00 UTC,TUSDT,1783836300000,2026-07-12 06:05:00 UTC,1783836599999,2026-07-12 06:09:59 UTC,True,0.004914,0.004975,0.004895,0.004923,1.000000000000046e-05,0.203541624262171,32.18178651389624,0.004905,0.004973,0.00490224,0.00492556,2.6560000000000125e-05,0.5421514594815294,1783836599999,2026-07-12 06:09:59 UTC,-2.559999999999542e-06,-0.05197378572181726,-0.04001087,-0.03590463,-0.04631709,-0.04235431,-0.0031246299999999963,7.96496428214555,1783836599999,2026-07-12 06:09:59 UTC,20120,-45600.0,-69.3852708460134,519025895.0,-1416012639.0,-73.17749047988727,2557188.291521,-7049322.925303999,-73.3806765660951,binance_kline_quote_asset_volume,25796.515656063617,127.0968335746024,8.000000000000021e-05,1.6280016280016323,9.000000000000327e-06,0.1831501831501898,9.000000000000327e-06,0.1831501831501898,5.199999999999996e-05,64.99999999999979,1.899999999999992e-05,23.749999999999837,0.35000000000000214,255491258.0,263534637.0,49.22514665670005,50.77485334329995,1259444.829458,-3118713.0541089997,-71.23345336208165,1297743.4620630003,-3930609.8711949987,-75.17873450120625,49.251157360371366,50.748842639628634,0.9694788545006325,0.9704882869961697,-38298.6326050004,-1.497685279257266,2401729538.0,11766073.006662,-250041525.0,-9.429227450620235,-2145117.989836,-15.420088692449205,0.9088,0.014500000000000068,1.6213798501621457,47.61,52.39,0.9469,0.0046999999999999265,0.4988325196348892,48.64,51.35999999999999,0.9662,-0.039000000000000146,-3.879824910465593,49.14,50.86000000000001,0.03809999999999991,0.057399999999999896,0.019299999999999984,1783836000001,2026-07-12 06:00:00 UTC,-0.00631957,0.00525
FINAL_REAL_MARK_PREMIUM_CLOSED_GUARD_2026_06_13,1783836600000,2026-07-12 06:10:00 UTC,TUSDT,1783836600000,2026-07-12 06:10:00 UTC,1783836899999,2026-07-12 06:14:59 UTC,True,0.004922,0.004946,0.004857,0.004891,-3.199999999999991e-05,-0.650010156408692,30.748046203507172,0.00492556,0.004941,0.004879,0.004892,-3.356000000000019e-05,-0.6813438471970739,1783836899999,2026-07-12 06:14:59 UTC,-9.999999999992654e-07,-0.020441537203582695,-0.04440735,-0.03549617,-0.04440735,-0.03799987,0.004354440000000001,-10.280984390962812,1783836899999,2026-07-12 06:14:59 UTC,17726,-2394.0,-11.898608349900597,472825694.0,-46200201.0,-8.90132870923521,2318000.716168,-239187.5753530003,-9.353537873847099,binance_kline_quote_asset_volume,26674.133701906805,130.76840325894167,8.899999999999967e-05,1.8082080455099487,-3.099999999999978e-05,-0.6298252742787439,3.099999999999978e-05,0.6298252742787439,2.3999999999999716e-05,26.966292134831242,3.4000000000000176e-05,38.20224719101157,0.38202247191011574,230588668.0,242237026.0,48.76821859008365,51.23178140991635,1131202.184452,-128242.64500599983,-10.182474214546488,1186798.5317159998,-110944.93034700048,-8.549064864532875,48.80076941141095,51.19923058858905,0.9519133875099672,0.9531543511571314,-55596.34726399975,-2.3984611771780977,2423498782.0,11937088.66066792,21769244.0,0.9063986454581383,171015.6540059205,1.4534641584247416,0.9186,0.00979999999999992,1.0783450704225264,47.88,52.12,0.9511,0.0041999999999999815,0.443552645474705,48.75,51.24999999999999,0.9865,0.020300000000000096,2.101014282757203,49.66,50.339999999999996,0.03249999999999997,0.06790000000000007,0.0354000000000001,1783836000001,2026-07-12 06:00:00 UTC,-0.00631957,0.00525
FINAL_REAL_MARK_PREMIUM_CLOSED_GUARD_2026_06_13,1783836900000,2026-07-12 06:15:00 UTC,TUSDT,1783836900000,2026-07-12 06:15:00 UTC,1783837199999,2026-07-12 06:19:59 UTC,True,0.004889,0.004973,0.004878,0.004935,4.399999999999977e-05,0.8996115313841702,35.033873821759954,0.004888,0.00497,0.004881,0.004934,4.200000000000037e-05,0.8585445625511114,1783837199999,2026-07-12 06:19:59 UTC,1.0000000000001327e-06,0.020267531414676385,-0.03966615,-0.03806078,-0.04508638,-0.04172834,-0.0037284700000000046,9.811796724567754,1783837199999,2026-07-12 06:19:59 UTC,15388,-2338.0,-13.189664899018391,470214374.0,-2611320.0,-0.552279631402603,2319795.766494,1795.0503259999678,0.07743959324427875,binance_kline_quote_asset_volume,30557.21172342085,150.7535590391214,9.49999999999996e-05,1.9431376559623563,4.6000000000000034e-05,0.9408877070975665,4.6000000000000034e-05,0.9408877070975665,3.799999999999984e-05,40.0,1.0999999999999725e-05,11.578947368420813,0.6,236508102.0,233706272.0,50.29793113045072,49.70206886954928,1166968.67652,35766.492067999905,3.161812499975558,1152827.089974,-33971.44174199994,-2.862443863397809,50.3048024043809,49.6951975956191,1.0119886812451486,1.0122668756390163,14141.586546000093,0.6096048087618006,2417410515.0,11825972.23938,-6088267.0,-0.25121807550386466,-111116.42128792033,-0.9308502638004448,0.9246,0.006000000000000005,0.6531678641410849,48.04,51.959999999999994,0.9494,-0.0016999999999999238,-0.17874040584585468,48.699999999999996,51.300000000000004,0.9814,-0.005099999999999993,-0.5169792194627464,49.53,50.470000000000006,0.024800000000000044,0.05680000000000007,0.03200000000000003,1783836000001,2026-07-12 06:00:00 UTC,-0.00631957,0.00525
FINAL_REAL_MARK_PREMIUM_CLOSED_GUARD_2026_06_13,1783837200000,2026-07-12 06:20:00 UTC,TUSDT,1783837200000,2026-07-12 06:20:00 UTC,1783837499999,2026-07-12 06:24:59 UTC,True,0.004935,0.004988,0.004927,0.004962,2.7000000000000114e-05,0.5471124620060813,37.58644216860915,0.004936,0.004984,0.004935,0.004962,2.8000000000000247e-05,0.5674908796108684,1783837499999,2026-07-12 06:24:59 UTC,0.0,0.0,-0.04228934,-0.03799095,-0.04647855,-0.04112934,0.0005990000000000023,-1.435475266928908,1783837499999,2026-07-12 06:24:59 UTC,11605,-3783.0,-24.584091499870027,334189209.0,-136025165.0,-28.928329826004003,1656463.404805,-663332.3616889999,-28.594429357525758,binance_kline_quote_asset_volume,28797.002068074107,142.7370447914692,6.100000000000029e-05,1.2360688956433696,2.7000000000000114e-05,0.5471124620060813,2.7000000000000114e-05,0.5471124620060813,2.599999999999998e-05,42.62295081967189,8.000000000000194e-06,13.114754098360912,0.573770491803281,186555890.0,147633319.0,55.82343324556599,44.17656675443401,924899.119718,-242069.55680200004,-20.743449389222004,731564.285087,-421262.8048869999,-36.541716320745095,55.83577138106952,44.16422861893048,1.2636435410627056,1.2642759338750496,193334.83463099995,11.671542762139044,2429241358.0,11985876.860372,11830843.0,0.4894014866978437,159904.62099199928,1.35214777910203,0.9117,-0.012900000000000023,-1.395197923426349,47.69,52.31,0.9612,0.011800000000000033,1.242890246471459,49.01,50.99,0.9581,-0.0233000000000001,-2.3741593641736394,48.93,51.07000000000001,0.0495000000000001,0.0464,-0.0031000000000001027,1783836000001,2026-07-12 06:00:00 UTC,-0.00631957,0.00525
FINAL_REAL_MARK_PREMIUM_CLOSED_GUARD_2026_06_13,1783837500000,2026-07-12 06:25:00 UTC,TUSDT,1783837500000,2026-07-12 06:25:00 UTC,1783837799999,2026-07-12 06:29:59 UTC,True,0.004963,0.004972,0.004911,0.004949,-1.299999999999999e-05,-0.2619911326078192,36.83598321054262,0.004961,0.00497882,0.004925,0.004947,-1.5000000000000256e-05,-0.3022974607013353,1783837799999,2026-07-12 06:29:59 UTC,2.0000000000002655e-06,0.0404285425510464,-0.04064643,-0.03967933,-0.0474723,-0.04662502,-0.005495680000000003,13.361945511403789,1783837799999,2026-07-12 06:29:59 UTC,12142,537.0,4.627315812149935,283989179.0,-50200030.0,-15.021439546242203,1403935.135774,-252528.26903099986,-15.245025534429338,binance_kline_quote_asset_volume,23388.99514083347,115.62634951194202,6.100000000000029e-05,1.2290953052589217,-1.4000000000000123e-05,-0.2820874471086061,1.4000000000000123e-05,0.2820874471086061,8.99999999999946e-06,14.754098360654783,3.800000000000071e-05,62.295081967213974,0.6229508196721397,137664615.0,146324564.0,48.4753029973723,51.5246970026277,680889.9853,-244009.134418,-26.382243124244503,723045.1504740001,-8519.134612999856,-1.1645093652961385,48.4986783185407,51.5013216814593,0.9408168474023267,0.9416977416329189,-42155.1651740002,-3.0026433629185965,2438595926.0,12100312.984812,9354568.0,0.3850818680158499,114436.12444000132,0.9547580521067495,0.9128,0.0010999999999999899,0.12065372381265657,47.72,52.28,0.9561,-0.0051000000000001044,-0.5305867665418336,48.88,51.12,0.9701,0.01200000000000001,1.2524788644191642,49.24,50.760000000000005,0.043300000000000005,0.05730000000000002,0.014000000000000012,1783836000001,2026-07-12 06:00:00 UTC,-0.00631957,0.00525
FINAL_REAL_MARK_PREMIUM_CLOSED_GUARD_2026_06_13,1783837800000,2026-07-12 06:30:00 UTC,TUSDT,1783837800000,2026-07-12 06:30:00 UTC,1783838099999,2026-07-12 06:34:59 UTC,True,0.004949,0.004999,0.004947,0.00497,2.0999999999999318e-05,0.42432814710041056,38.95628325194385,0.004949,0.0049991,0.004949,0.004971,2.3999999999999716e-05,0.4851425106124867,1783838099999,2026-07-12 06:34:59 UTC,-1.0000000000001327e-06,-0.0201166767250077,-0.04540087,-0.04103936,-0.05065931,-0.04580316,0.0008218600000000006,-1.762701656749961,1783838099999,2026-07-12 06:34:59 UTC,13329,1187.0,9.775984187119091,347862927.0,63873748.0,22.491613316013,1731297.364478,327362.2287039999,23.31747531366701,binance_kline_quote_asset_volume,26098.20144046815,129.88951642868932,5.199999999999996e-05,1.0507173166296213,2.0999999999999318e-05,0.42432814710041056,2.0999999999999318e-05,0.42432814710041056,2.900000000000038e-05,55.769230769231534,2.0000000000002655e-06,3.846153846154359,0.44230769230768463,189576579.0,158286348.0,54.49749435357335,45.50250564642664,943680.811984,262790.8266840001,38.595196339716246,787616.552494,64571.402019999805,8.930479926138682,54.50714772320625,45.49285227679375,1.1976811733631,1.198147510988463,156064.25949000008,9.014295446412508,2448224101.0,12111364.627647,9628175.0,0.3948245339601211,11051.642834998667,0.09133352871839269,0.9117,-0.0010999999999999899,-0.12050832602979733,47.69,52.31,0.9488,-0.007299999999999973,-0.7635184604120879,48.69,51.31,0.9677,-0.0023999999999999577,-0.2473971755489081,49.18,50.82,0.03710000000000002,0.05600000000000005,0.018900000000000028,1783836000001,2026-07-12 06:00:00 UTC,-0.00631957,0.00525
FINAL_REAL_MARK_PREMIUM_CLOSED_GUARD_2026_06_13,1783838100000,2026-07-12 06:35:00 UTC,TUSDT,1783838100000,2026-07-12 06:35:00 UTC,1783838399999,2026-07-12 06:39:59 UTC,True,0.004968,0.005278,0.004952,0.005161,0.0001910000000000002,3.843058350100608,54.06087669738983,0.00497,0.005222,0.00496261,0.0051622,0.00019119999999999988,3.8463085898209592,1783838399999,2026-07-12 06:39:59 UTC,-1.1999999999998123e-06,-0.023245902909608547,-0.04627564,-0.03276387,-0.04900891,-0.04485592,0.000947240000000002,-2.068066919400325,1783838399999,2026-07-12 06:39:59 UTC,35168,21839.0,163.84574986870732,897515441.0,549652514.0,158.00836229955598,4596789.122415,2865491.7579369997,165.51124126507108,binance_kline_quote_asset_volume,25520.79848157416,130.70942682026273,0.0003259999999999999,6.561996779388081,0.0001929999999999996,3.8848631239935503,0.0001929999999999996,3.8848631239935503,0.00011699999999999992,35.88957055214723,1.600000000000039e-05,4.90797546012282,0.6411042944785278,502553104.0,394962337.0,55.993811475829524,44.00618852417047,2573504.95299,1629824.141006,172.70925935003896,2023284.1694249995,1235667.6169309996,156.8869538125169,55.98483820893586,44.01516179106414,1.272407662505805,1.271944392132208,550220.7835650006,11.969676417871721,2470230969.0,12279518.146899,22006868.0,0.8988910774553314,168153.51925200038,1.3883944908086654,0.9095,-0.0021999999999999797,-0.24130744762531314,47.63,52.370000000000005,0.9544,0.005600000000000049,0.5902192242833105,48.83,51.17,0.9732,0.005499999999999949,0.5683579621783558,49.32,50.68,0.04490000000000005,0.06369999999999998,0.018799999999999928,1783836000001,2026-07-12 06:00:00 UTC,-0.00631957,0.00525
FINAL_REAL_MARK_PREMIUM_CLOSED_GUARD_2026_06_13,1783838400000,2026-07-12 06:40:00 UTC,TUSDT,1783838400000,2026-07-12 06:40:00 UTC,1783838699999,2026-07-12 06:44:59 UTC,True,0.005161,0.00523,0.005122,0.005146,-1.4999999999999389e-05,-0.29064134857584556,52.95272563674093,0.005159,0.005228,0.005123,0.005147,-1.5199999999999936e-05,-0.2944481035217531,1783838699999,2026-07-12 06:44:59 UTC,-9.999999999992654e-07,-0.01942879347191112,-0.04346797,-0.0396587,-0.04756352,-0.04489706,-4.114000000000201e-05,0.09171587607611661,1783838699999,2026-07-12 06:44:59 UTC,18601,-16567.0,-47.10816651501365,479456136.0,-418059305.0,-46.5796225783262,2477706.397829,-2119082.7245859997,-46.09919376664171,binance_kline_quote_asset_volume,25775.825815816355,133.20285994457288,0.00010800000000000046,2.092617709746182,-1.4999999999999389e-05,-0.29064134857584556,1.4999999999999389e-05,0.29064134857584556,6.900000000000048e-05,63.88888888888907,2.4000000000000583e-05,22.22222222222267,0.22222222222222668,233862268.0,245593868.0,48.7765721283834,51.2234278716166,1209184.078589,-1364320.874401,-53.01411496472459,1268522.3192399999,-754761.8501849996,-37.30379852670407,48.80255706037259,51.1974429396274,0.9522317063714311,0.9532225489839622,-59338.240650999825,-2.394885879254814,2396907080.0,12365643.62572,-73323889.0,-2.968300937044887,86125.47882100008,0.7013750685547032,0.8961,-0.013399999999999967,-1.4733369983507387,47.260000000000005,52.739999999999995,0.9526,-0.0018000000000000238,-0.18860016764459595,48.79,51.21,0.9853,0.0121,1.2433210028771065,49.63,50.370000000000005,0.056499999999999995,0.08919999999999995,0.03269999999999995,1783836000001,2026-07-12 06:00:00 UTC,-0.00631957,0.00525
FINAL_REAL_MARK_PREMIUM_CLOSED_GUARD_2026_06_13,1783838700000,2026-07-12 06:45:00 UTC,TUSDT,1783838700000,2026-07-12 06:45:00 UTC,1783838999999,2026-07-12 06:49:59 UTC,True,0.005147,0.00519,0.005102,0.005166,1.9999999999999185e-05,0.3886513797123821,54.29789060224316,0.005149,0.00519034,0.005117,0.005171,2.4000000000000583e-05,0.46629104332622084,1783838999999,2026-07-12 06:49:59 UTC,-5.000000000000664e-06,-0.09669309611295036,-0.0423419,-0.03731277,-0.04744844,-0.04376677,0.001130289999999999,-2.5175145098587723,1783838999999,2026-07-12 06:49:59 UTC,12989,-5612.0,-30.170420945110475,330476737.0,-148979399.0,-31.072581580226142,1702072.394974,-775634.0028549999,-31.30451628710411,binance_kline_quote_asset_volume,25442.815998152284,131.03952536561707,8.80000000000004e-05,1.7097338255294425,1.899999999999992e-05,0.369147075966581,1.899999999999992e-05,0.369147075966581,2.4000000000000583e-05,27.27272727272781,4.49999999999999e-05,51.13636363636329,0.7272727272727219,164131446.0,166345291.0,49.66505282337014,50.33494717662986,845834.041199,-363350.03739000007,-30.04919133685536,856238.3537750001,-412283.9654649998,-32.501120335983394,49.69436339468513,50.305636605314874,0.9866912673830965,0.9878488127398997,-10404.312576000113,-0.6112732106297419,2433757470.0,12526549.69809,36850390.0,1.5374142079800608,160906.07237000018,1.3012349153854197,0.8914,-0.0047000000000000375,-0.5244950340363841,47.13,52.87,0.9488,-0.0038000000000000256,-0.39890825110224915,48.69,51.31,0.9782,-0.007099999999999995,-0.7205927128793257,49.45,50.55,0.05740000000000001,0.08679999999999999,0.02939999999999998,1783836000001,2026-07-12 06:00:00 UTC,-0.00631957,0.00525
FINAL_REAL_MARK_PREMIUM_CLOSED_GUARD_2026_06_13,1783839000000,2026-07-12 06:50:00 UTC,TUSDT,1783839000000,2026-07-12 06:50:00 UTC,1783839299999,2026-07-12 06:54:59 UTC,True,0.005166,0.005166,0.005069,0.005108,-5.799999999999989e-05,-1.1227255129694134,49.846850716304544,0.005168,0.005168,0.005089,0.00511488,-5.612000000000065e-05,-1.0852833107716235,1783839299999,2026-07-12 06:54:59 UTC,-6.879999999999907e-06,-0.13450950950950769,-0.04450275,-0.03722204,-0.04597467,-0.04444522,-0.0006784499999999971,1.5501486630153356,1783839299999,2026-07-12 06:54:59 UTC,13320,331.0,2.5483101085533915,337523056.0,7046319.0,2.1321679292663798,1727288.620392,25216.225418000016,1.4815013446231942,binance_kline_quote_asset_volume,25339.568768768768,129.67632285225227,9.699999999999986e-05,1.8776616337591923,-5.799999999999989e-05,-1.1227255129694134,5.799999999999989e-05,1.1227255129694134,0.0,0.0,3.899999999999997e-05,40.20618556701034,0.4020618556701034,157228076.0,180294980.0,46.58291432393288,53.417085676067124,805161.591168,-40672.45003099996,-4.808561496690924,922127.029224,65888.67544899997,7.695132454474705,46.61418952585193,53.385810474148066,0.8720601982373553,0.8731569140160328,-116965.43805600004,-6.771620948296138,2446220112.0,12649404.199152,12462642.0,0.5120741139420109,122854.50106200017,0.9807529129967253,0.9015,0.010099999999999998,1.1330491361902622,47.410000000000004,52.59,0.9567,0.007900000000000018,0.8326306913996646,48.89,51.11,0.981,0.0028000000000000247,0.28624003271314913,49.519999999999996,50.480000000000004,0.05520000000000003,0.07950000000000002,0.02429999999999999,1783836000001,2026-07-12 06:00:00 UTC,-0.00631957,0.00525
FINAL_REAL_MARK_PREMIUM_CLOSED_GUARD_2026_06_13,1783839300000,2026-07-12 06:55:00 UTC,TUSDT,1783839300000,2026-07-12 06:55:00 UTC,1783839599999,2026-07-12 06:59:59 UTC,True,0.005107,0.005136,0.005083,0.005086,-2.199999999999945e-05,-0.4306969459670996,48.231781275220406,0.00511075,0.005135,0.005097,0.005109,-5.879999999999774e-06,-0.1149587087087043,1783839599999,2026-07-12 06:59:59 UTC,-2.2999999999999583e-05,-0.45018594636914433,-0.04302365,-0.03757484,-0.04568502,-0.03881245,0.005632770000000002,-12.673511347226995,1783839599999,2026-07-12 06:59:59 UTC,10168,-3152.0,-23.663663663663666,280078162.0,-57444894.0,-17.01954665876218,1431560.932951,-295727.687441,-17.120919106957704,binance_kline_quote_asset_volume,27545.059205350117,140.79080772531472,5.3000000000000096e-05,1.037791266888586,-2.1000000000000185e-05,-0.4112003132954804,2.1000000000000185e-05,0.4112003132954804,2.8999999999999512e-05,54.71698113207445,3.000000000000398e-06,5.660377358491307,0.05660377358491307,146359066.0,133719096.0,52.2565075959046,47.74349240409539,748268.1463,-56893.44486799999,-7.066090272074213,683292.786651,-238834.24257300003,-25.900362423383992,52.26938854481942,47.73061145518058,1.094526289648264,1.0950915345784076,64975.35964899999,4.538777089638837,2444223730.0,12501911.0721024,-1996382.0,-0.08161088980532427,-147493.1270496007,-1.1660084912101112,0.899,-0.0024999999999999467,-0.27731558513587873,47.339999999999996,52.66,0.9584,0.0017000000000000348,0.17769415699801766,48.94,51.06,0.9701,-0.01090000000000002,-1.1111111111111132,49.24,50.760000000000005,0.05940000000000001,0.07109999999999994,0.011699999999999933,1783836000001,2026-07-12 06:00:00 UTC,-0.00631957,0.00525
FINAL_REAL_MARK_PREMIUM_CLOSED_GUARD_2026_06_13,1783839600000,2026-07-12 07:00:00 UTC,TUSDT,1783839600000,2026-07-12 07:00:00 UTC,1783839899999,2026-07-12 07:04:59 UTC,True,0.005082,0.005087,0.005002,0.005081,-5.000000000000664e-06,-0.0983090837593524,47.85230177969666,0.00510083,0.00510083,0.005004,0.005075,-3.4000000000000176e-05,-0.6654922685457071,1783839899999,2026-07-12 07:04:59 UTC,5.999999999999929e-06,0.11822660098522028,-0.04766066,-0.03713313,-0.04766066,-0.04023531,-0.001422860000000005,3.665988619631085,1783839899999,2026-07-12 07:04:59 UTC,24104,13936.0,137.05743509047994,645738170.0,365660008.0,130.5564151767034,3254868.483092,1823307.5501409997,127.36499775685121,binance_kline_quote_asset_volume,26789.66851974776,135.03437118702288,8.5e-05,1.6725698543880365,-1.0000000000001327e-06,-0.019677292404567743,1.0000000000001327e-06,0.019677292404567743,5.000000000000664e-06,5.882352941177251,7.899999999999921e-05,92.9411764705873,0.929411764705873,310848249.0,334889921.0,48.13843496350851,51.8615650364915,1567511.583543,819243.437243,109.48527493706035,1687356.8995489997,1004064.1128979997,146.94493085741257,48.1589837403791,51.8410162596209,0.9282102252339807,0.9289745304991303,-119845.31600599969,-3.6820325192417993,2475773798.0,12648728.333982,31550068.0,1.2908011493694156,146817.26187960058,1.1743585523273992,0.9011,0.0020999999999999908,0.23359288097886438,47.4,52.6,0.9567,-0.0017000000000000348,-0.1773789649415729,48.89,51.11,0.9724,0.0023000000000000798,0.23708895990104936,49.3,50.7,0.05559999999999998,0.07130000000000003,0.015700000000000047,1783839600000,2026-07-12 07:00:00 UTC,-0.00536857,0.00510083
FINAL_REAL_MARK_PREMIUM_CLOSED_GUARD_2026_06_13,1783839900000,2026-07-12 07:05:00 UTC,TUSDT,1783839900000,2026-07-12 07:05:00 UTC,1783840199999,2026-07-12 07:09:59 UTC,True,0.005081,0.005157,0.005076,0.005126,4.500000000000077e-05,0.8856524306239082,51.54718897547015,0.00508,0.00515301,0.00507936,0.00513019,5.51900000000001e-05,1.0874876847290662,1783840199999,2026-07-12 07:09:59 UTC,-4.1899999999994025e-06,-0.08167338831504102,-0.0415481,-0.03867911,-0.04534865,-0.04216488,-0.0019295699999999985,4.795713019236085,1783840199999,2026-07-12 07:09:59 UTC,16330,-7774.0,-32.25190839694657,395838899.0,-249899271.0,-38.699783071519526,2028787.520732,-1226080.9623599998,-37.66913989702189,binance_kline_quote_asset_volume,24239.98156766687,124.23683531733006,8.100000000000034e-05,1.5941743751230142,4.500000000000077e-05,0.8856524306239082,4.500000000000077e-05,0.8856524306239082,3.099999999999978e-05,38.27160493827117,4.999999999999796e-06,6.172839506172561,0.6172839506172884,205974181.0,189864718.0,52.034850925552924,47.965149074447076,1055907.179193,-511604.40434999997,-32.637998323025826,972880.3415389999,-714476.5580099998,-42.342942278599544,52.04621816739201,47.953781832607994,1.084847059367818,1.0853412635747783,83026.83765400015,4.092436334784015,2450902568.0,12438330.5326,-24871230.0,-1.004584102961736,-210397.80138199963,-1.6633909419711872,0.8921,-0.009000000000000008,-0.9987792697813792,47.15,52.849999999999994,0.9436,-0.0131,-1.3692902686317552,48.55,51.449999999999996,0.9573,-0.015100000000000002,-1.5528589058000826,48.91,51.09,0.05149999999999999,0.06520000000000004,0.013700000000000045,1783839600000,2026-07-12 07:00:00 UTC,-0.00536857,0.00510083
FINAL_REAL_MARK_PREMIUM_CLOSED_GUARD_2026_06_13,1783840200000,2026-07-12 07:10:00 UTC,TUSDT,1783840200000,2026-07-12 07:10:00 UTC,1783840499999,2026-07-12 07:14:59 UTC,True,0.005126,0.005126,0.005045,0.00506,-6.600000000000009e-05,-1.2875536480686711,46.35899550526413,0.00513019,0.00513045,0.005055,0.005061,-6.918999999999936e-05,-1.348682992247838,1783840499999,2026-07-12 07:14:59 UTC,-1.0000000000001327e-06,-0.01975894092076927,-0.04263606,-0.03601603,-0.04488646,-0.03777837,0.004386510000000003,-10.403231314781408,1783840499999,2026-07-12 07:14:59 UTC,12350,-3980.0,-24.372320881812616,303066500.0,-92772399.0,-23.436908104375057,1540649.704486,-488137.8162460001,-24.060568751422366,binance_kline_quote_asset_volume,24539.7975708502,124.74896392599189,8.100000000000034e-05,1.580179477175192,-6.600000000000009e-05,-1.2875536480686711,6.600000000000009e-05,1.2875536480686711,0.0,0.0,1.5000000000000256e-05,18.518518518518757,0.18518518518518756,135430724.0,167635776.0,44.6868010816108,55.3131989183892,688604.098201,-367303.08099200006,-34.78554632735042,852045.6062849999,-120834.73525400006,-12.420308037353445,44.69569534177374,55.30430465822626,0.8078867604013119,0.8081775120035881,-163441.50808399986,-10.608609316452512,2474342143.0,12693845.31859717,23439575.0,0.9563650267471586,255514.7859971691,2.054253063363147,0.899,0.006900000000000017,0.7734558905952267,47.339999999999996,52.66,0.9594,0.015800000000000036,1.674438321322598,48.96,51.04,0.9677,0.010399999999999965,1.0863888018385004,49.18,50.82,0.06040000000000001,0.06869999999999998,0.008299999999999974,1783839600000,2026-07-12 07:00:00 UTC,-0.00536857,0.00510083
FINAL_REAL_MARK_PREMIUM_CLOSED_GUARD_2026_06_13,1783840500000,2026-07-12 07:15:00 UTC,TUSDT,1783840500000,2026-07-12 07:15:00 UTC,1783840799999,2026-07-12 07:19:59 UTC,True,0.00506,0.005142,0.005036,0.005115,5.4999999999999494e-05,1.0869565217391204,50.802800520266864,0.005061,0.00514655,0.00505271,0.00512302,6.201999999999944e-05,1.2254495159059362,1783840799999,2026-07-12 07:19:59 UTC,-8.020000000000076e-06,-0.15654828597194773,-0.03827535,-0.0337485,-0.04461898,-0.04095671,-0.0031783400000000017,8.41312105313173,1783840799999,2026-07-12 07:19:59 UTC,13342,992.0,8.03238866396761,335240017.0,32173517.0,10.615992529692328,1709080.299371,168430.59488500003,10.932439372465447,binance_kline_quote_asset_volume,25126.668940188876,128.0977589095338,0.00010600000000000019,2.094861660079055,5.4999999999999494e-05,1.0869565217391204,5.4999999999999494e-05,1.0869565217391204,2.7000000000000114e-05,25.47169811320761,2.4000000000000583e-05,22.641509433962774,0.7452830188679239,182773897.0,152466120.0,54.520310145432305,45.47968985456769,932028.343004,243424.244803,35.350391529610924,777051.9563669999,-74993.64991799998,-8.801600450119032,54.533911797299304,45.466088202700696,1.1987836838767851,1.1994414728219347,154976.38663700013,9.067823594598613,2489231889.0,12598002.590229,14889746.0,0.6017658488387958,-95842.7283681687,-0.7550330570654893,0.8936,-0.005400000000000071,-0.6006674082313761,47.19,52.81,0.9549,-0.0045000000000000595,-0.4690431519699874,48.85,51.15,0.9592,-0.008499999999999952,-0.8783713960938258,48.96,51.04,0.06130000000000002,0.0656000000000001,0.0043000000000000815,1783839600000,2026-07-12 07:00:00 UTC,-0.00536857,0.00510083
FINAL_REAL_MARK_PREMIUM_CLOSED_GUARD_2026_06_13,1783840800000,2026-07-12 07:20:00 UTC,TUSDT,1783840800000,2026-07-12 07:20:00 UTC,1783841099999,2026-07-12 07:24:59 UTC,True,0.005115,0.005228,0.005112,0.005186,7.099999999999988e-05,1.3880742913000956,55.88366762284219,0.00512302,0.005225,0.00512302,0.005186,6.297999999999981e-05,1.2293529988171004,1783841099999,2026-07-12 07:24:59 UTC,0.0,0.0,-0.04334488,-0.0368712,-0.04618049,-0.0426361,-0.0016793900000000028,4.100402595813978,1783841099999,2026-07-12 07:24:59 UTC,21860,8518.0,63.843501723879484,539790849.0,204550832.0,61.0162336317982,2798557.27951,1089476.9801389999,63.74638924455245,binance_kline_quote_asset_volume,24693.08549862763,128.02183346340345,0.00011599999999999978,2.2678396871945217,7.099999999999988e-05,1.3880742913000956,7.099999999999988e-05,1.3880742913000956,4.200000000000037e-05,36.206896551724526,2.999999999999531e-06,2.5862068965513245,0.6379310344827548,288760083.0,251030766.0,53.49480887550207,46.50519112449793,1497228.65256,565200.309556,60.641965858496896,1301328.6269499997,524276.6705829998,67.46996340298578,53.50001815300168,46.49998184699831,1.1502975814526255,1.1505384739511515,195900.02561000036,7.000036306003377,2515629303.0,12887619.23185506,26397414.0,1.0604642386533398,289616.64162606,2.29890920843822,0.8839,-0.009699999999999931,-1.0854968666069753,46.92,53.080000000000005,0.9475,-0.007399999999999962,-0.7749502565713648,48.65,51.349999999999994,0.9558,-0.0034000000000000696,-0.35446205170976536,48.870000000000005,51.129999999999995,0.06359999999999999,0.07189999999999996,0.008299999999999974,1783839600000,2026-07-12 07:00:00 UTC,-0.00536857,0.00510083
FINAL_REAL_MARK_PREMIUM_CLOSED_GUARD_2026_06_13,1783841100000,2026-07-12 07:25:00 UTC,TUSDT,1783841100000,2026-07-12 07:25:00 UTC,1783841399999,2026-07-12 07:29:59 UTC,True,0.005185,0.005347,0.005184,0.005279,9.30000000000002e-05,1.7932896259159317,61.493397382485426,0.00519958,0.005332,0.00519958,0.00529576,0.00010976000000000041,2.116467412263795,1783841399999,2026-07-12 07:29:59 UTC,-1.6760000000000212e-05,-0.3164795987733623,-0.04537634,-0.03369215,-0.04713291,-0.04041063,0.0022254700000000002,-5.21968472726164,1783841399999,2026-07-12 07:29:59 UTC,26355,4495.0,20.56267154620311,631518172.0,91727323.0,16.993123016059133,3321503.333087,522946.0535770003,18.686273009518786,binance_kline_quote_asset_volume,23961.987175109087,126.02934293633086,0.00016299999999999995,3.1436837029893914,9.399999999999947e-05,1.812921890067492,9.399999999999947e-05,1.812921890067492,6.800000000000035e-05,41.71779141104317,1.0000000000001327e-06,0.613496932515419,0.5828220858895683,352612579.0,278905593.0,55.835697947263505,44.164302052736495,1855118.30953,357889.6569699999,23.903473685069475,1466385.023557,165056.39660700038,12.683682905973779,55.851767211862345,44.14823278813766,1.264272168970093,1.2650963285413623,388733.2859729999,11.703534423724687,2549875197.0,13223652.771642,34245894.0,1.361325134794711,336033.5397869386,2.6074136249800537,0.8762,-0.00770000000000004,-0.8711392691480981,46.7,53.300000000000004,0.9536,0.006099999999999994,0.6437994722955139,48.809999999999995,51.190000000000005,0.9516,-0.0041999999999999815,-0.4394224733207765,48.76,51.239999999999995,0.07740000000000002,0.07540000000000002,-0.0020000000000000018,1783839600000,2026-07-12 07:00:00 UTC,-0.00536857,0.00510083
FINAL_REAL_MARK_PREMIUM_CLOSED_GUARD_2026_06_13,1783841400000,2026-07-12 07:30:00 UTC,TUSDT,1783841400000,2026-07-12 07:30:00 UTC,1783841699999,2026-07-12 07:34:59 UTC,True,0.00528,0.00534,0.005225,0.005241,-3.799999999999984e-05,-0.7198333017616942,58.23494384566551,0.00528285,0.005332,0.005229,0.0052508,-4.496000000000014e-05,-0.8489810716497752,1783841699999,2026-07-12 07:34:59 UTC,-9.799999999999913e-06,-0.18663822655595172,-0.04023959,-0.03188127,-0.04160782,-0.03559998,0.00481065,-11.904417228833104,1783841699999,2026-07-12 07:34:59 UTC,22052,-4303.0,-16.327072661734015,520183272.0,-111334900.0,-17.62972230037428,2745747.217714,-575756.115373,-17.334202547311406,binance_kline_quote_asset_volume,23588.938508978776,124.51238970224924,0.00011500000000000052,2.178030303030313,-3.899999999999997e-05,-0.7386363636363631,3.899999999999997e-05,0.7386363636363631,6.000000000000016e-05,52.17391304347816,1.600000000000039e-05,13.913043478261145,0.13913043478261145,240003029.0,280180243.0,46.13816743418847,53.86183256581154,1267685.71191,-587432.5976199999,-31.665505892658015,1478061.505804,11676.482246999862,0.796276698099132,46.169061147785655,53.83093885221434,0.8566022587110113,0.8576677674995907,-210375.7938939999,-7.661877704428684,2528088234.0,13388148.54608784,-21786963.0,-0.8544325238204982,164495.7744458411,1.2439511025168535,0.8699,-0.006299999999999972,-0.7190139237616952,46.52,53.480000000000004,0.9575,0.0039000000000000146,0.4089765100671156,48.91,51.09,0.9585,0.006900000000000017,0.7250945775535957,48.94,51.06,0.08760000000000001,0.08860000000000001,0.0010000000000000009,1783839600000,2026-07-12 07:00:00 UTC,-0.00536857,0.00510083
FINAL_REAL_MARK_PREMIUM_CLOSED_GUARD_2026_06_13,1783841700000,2026-07-12 07:35:00 UTC,TUSDT,1783841700000,2026-07-12 07:35:00 UTC,1783841999999,2026-07-12 07:39:59 UTC,True,0.005241,0.005258,0.005222,0.005229,-1.1999999999999858e-05,-0.22896393817973398,57.20410080997917,0.0052508,0.00525703,0.00522825,0.00522825,-2.2549999999999654e-05,-0.42945836824864125,1783841999999,2026-07-12 07:39:59 UTC,7.499999999998827e-07,0.014345144168696653,-0.03764479,-0.03352472,-0.04113472,-0.0391934,-0.00359342,10.093882075214648,1783841999999,2026-07-12 07:39:59 UTC,10109,-11943.0,-54.15835298385634,215878714.0,-304304558.0,-58.499489387655665,1131277.214052,-1614470.003662,-58.7989306971289,binance_kline_quote_asset_volume,21355.1008012662,111.90792502245525,3.5999999999999574e-05,0.686891814539202,-1.1999999999999858e-05,-0.22896393817973398,1.1999999999999858e-05,0.22896393817973398,1.6999999999999654e-05,47.22222222222182,7.000000000000062e-06,19.444444444444848,0.19444444444444847,113880417.0,101998297.0,52.752036034455905,47.2479639655441,596909.430636,-670776.2812740001,-52.913452835510235,534367.7834160001,-943693.7223879999,-63.84671535537165,52.764205202895795,47.235794797104205,1.1164933175305858,1.1170385812187182,62541.647219999926,5.528410405791586,2534776765.0,13309605.837662,6688531.0,0.26456873261172736,-78542.70842584036,-0.5866584774994252,0.8678,-0.0020999999999999908,-0.24140705828256015,46.46,53.54,0.9599,0.0023999999999999577,0.2506527415143559,48.980000000000004,51.019999999999996,0.9516,-0.006900000000000017,-0.7198748043818484,48.76,51.239999999999995,0.09209999999999996,0.08379999999999999,-0.008299999999999974,1783839600000,2026-07-12 07:00:00 UTC,-0.00536857,0.00510083
FINAL_REAL_MARK_PREMIUM_CLOSED_GUARD_2026_06_13,1783842000000,2026-07-12 07:40:00 UTC,TUSDT,1783842000000,2026-07-12 07:40:00 UTC,1783842299999,2026-07-12 07:44:59 UTC,True,0.005228,0.005297,0.0052,0.005266,3.699999999999971e-05,0.7075922738573285,59.57990875909768,0.00522825,0.005284,0.005201,0.005269,4.074999999999999e-05,0.7794194998326397,1783842299999,2026-07-12 07:44:59 UTC,-3.000000000000398e-06,-0.05693680015183902,-0.03918763,-0.03247327,-0.03918763,-0.03434391,0.004849490000000005,-12.373231207295117,1783842299999,2026-07-12 07:44:59 UTC,15305,5196.0,51.39974280344247,374923782.0,159045068.0,73.67334419084969,1965568.500673,834291.2866209999,73.74773187844399,binance_kline_quote_asset_volume,24496.816857236197,128.42655999170205,9.699999999999986e-05,1.855394032134657,3.799999999999984e-05,0.7268553940321316,3.799999999999984e-05,0.7268553940321316,3.099999999999978e-05,31.958762886597754,2.8000000000000247e-05,28.865979381443594,0.6804123711340224,196748753.0,178175029.0,52.476999978624995,47.52300002137501,1032303.901334,435394.47069800005,72.94146286717105,933264.599339,398896.8159229999,74.64836547087694,52.51935513723103,47.480644862768976,1.104244259727327,1.1061213530065817,99039.3019950001,5.0387102744620496,2542117253.0,13290824.52799725,7340488.0,0.2895911033017537,-18781.30966475047,-0.14111093817373066,0.8546,-0.01319999999999999,-1.5210878082507477,46.08,53.92,0.958,-0.0019000000000000128,-0.19793728513386946,48.93,51.07000000000001,0.9406,-0.01100000000000001,-1.1559478772593537,48.47,51.53,0.10339999999999994,0.08599999999999997,-0.01739999999999997,1783839600000,2026-07-12 07:00:00 UTC,-0.00536857,0.00510083
FINAL_REAL_MARK_PREMIUM_CLOSED_GUARD_2026_06_13,1783842300000,2026-07-12 07:45:00 UTC,TUSDT,1783842300000,2026-07-12 07:45:00 UTC,1783842599999,2026-07-12 07:49:59 UTC,True,0.005266,0.005287,0.005214,0.005227,-3.899999999999997e-05,-0.7406000759589817,56.04794349522767,0.005266,0.005286,0.005218,0.005229,-4.0000000000000105e-05,-0.7591573353577549,1783842599999,2026-07-12 07:49:59 UTC,-2.0000000000002655e-06,-0.03824823101932043,-0.03543412,-0.03310582,-0.0415087,-0.03718183,-0.0028379200000000007,8.2632408482319,1783842599999,2026-07-12 07:49:59 UTC,12456,-2849.0,-18.61483175432865,303119862.0,-71803920.0,-19.15160452531656,1591094.724977,-374473.7756960001,-19.051677698731044,binance_kline_quote_asset_volume,24335.249036608864,127.73721298787733,7.300000000000015e-05,1.386251424230918,-3.899999999999997e-05,-0.7406000759589817,3.899999999999997e-05,0.7406000759589817,2.1000000000000185e-05,28.767123287671424,1.299999999999999e-05,17.808219178082144,0.17808219178082144,146610694.0,156509168.0,48.36723434507238,51.632765654927624,770041.747362,-262262.153972,-25.40551804881202,821052.9776149999,-112211.62172400008,-12.023559213911662,48.39697695391023,51.60302304608977,0.936754669860618,0.9378709636969133,-51011.23025299981,-3.206046092179534,2563666368.0,13507958.092992,21549115.0,0.847683755521878,217133.56499475054,1.6337102678419733,0.8505,-0.0040999999999999925,-0.4797566112801302,45.96,54.04,0.9555,-0.0024999999999999467,-0.26096033402922203,48.86,51.13999999999999,0.9395,-0.0010999999999999899,-0.11694662981075801,48.44,51.559999999999995,0.10499999999999998,0.08899999999999997,-0.016000000000000014,1783839600000,2026-07-12 07:00:00 UTC,-0.00536857,0.00510083
FINAL_REAL_MARK_PREMIUM_CLOSED_GUARD_2026_06_13,1783842600000,2026-07-12 07:50:00 UTC,TUSDT,1783842600000,2026-07-12 07:50:00 UTC,1783842899999,2026-07-12 07:54:59 UTC,True,0.005228,0.005272,0.005207,0.005233,5.999999999999929e-06,0.11478859766596383,56.475429996818704,0.005228,0.005271,0.005212,0.00523826,9.25999999999965e-06,0.17708930961942343,1783842899999,2026-07-12 07:54:59 UTC,-5.259999999999987e-06,-0.10041502330926658,-0.03757766,-0.02967103,-0.03794841,-0.02967103,0.007510799999999998,-20.200189178423972,1783842899999,2026-07-12 07:54:59 UTC,11820,-636.0,-5.105973025048169,275572096.0,-27547766.0,-9.088076847963201,1443944.741787,-147149.98318999982,-9.248348378009169,binance_kline_quote_asset_volume,23314.05211505922,122.1611456672589,6.499999999999995e-05,1.2433052792654926,4.999999999999796e-06,0.09563886763580329,4.999999999999796e-06,0.09563886763580329,3.899999999999997e-05,60.0,2.1000000000000185e-05,32.30769230769261,0.4,140804829.0,134767267.0,51.09545960705688,48.904540392943126,738046.078289,-31995.669073000085,-4.155056421630446,705898.6634980001,-115154.31411699974,-14.025199013527818,51.11318022984781,48.88681977015219,1.0447999142106221,1.0455411186524948,32147.414790999843,2.226360459695624,2572595727.0,13452103.056483,8929359.0,0.3483042532935393,-55855.036508999765,-0.4134972593524528,0.8508,0.00029999999999996696,0.03527336860669805,45.97,54.03,0.9602,0.0047000000000000375,0.49188906331763865,48.99,51.01,0.9342,-0.005299999999999971,-0.564129856306543,48.3,51.7,0.10940000000000005,0.08340000000000003,-0.026000000000000023,1783839600000,2026-07-12 07:00:00 UTC,-0.00536857,0.00510083
FINAL_REAL_MARK_PREMIUM_CLOSED_GUARD_2026_06_13,1783842900000,2026-07-12 07:55:00 UTC,TUSDT,1783842900000,2026-07-12 07:55:00 UTC,1783843199999,2026-07-12 07:59:59 UTC,True,0.005232,0.005257,0.005207,0.005215,-1.7999999999999787e-05,-0.3439709535639172,54.75486203181925,0.00523826,0.005253,0.00521034,0.005233,-5.259999999999987e-06,-0.10041502330926658,1783843199999,2026-07-12 07:59:59 UTC,-1.7999999999999787e-05,-0.3439709535639172,-0.03323824,-0.03201756,-0.03764122,-0.03510496,-0.0054339299999999965,18.313924390221693,1783843199999,2026-07-12 07:59:59 UTC,10332,-1488.0,-12.588832487309645,279321460.0,3749364.0,1.3605746207337335,1459061.211653,15116.469865999883,1.046887005335953,binance_kline_quote_asset_volume,27034.597367402246,141.2176937333527,5.0000000000000565e-05,0.955657492354751,-1.6999999999999654e-05,-0.32492354740060503,1.6999999999999654e-05,0.32492354740060503,2.5000000000000716e-05,50.00000000000087,8.000000000000194e-06,16.00000000000021,0.16000000000000208,152826555.0,126494905.0,54.71350285796157,45.28649714203842,798525.096363,60479.01807400002,8.194477262748626,660536.11529,-45362.54820800014,-6.426212508068965,54.7286906118445,45.2713093881555,1.208163720111889,1.2089045214619607,137988.981073,9.457381223688998,2587421539.0,13553586.75088214,14825812.0,0.5762977775481628,101483.69439913891,0.7544076489231969,0.845,-0.005800000000000027,-0.681711330512462,45.800000000000004,54.2,0.9591,-0.001100000000000101,-0.11455946677776513,48.96,51.04,0.9309,-0.0033000000000000806,-0.3532434168272405,48.209999999999994,51.790000000000006,0.11409999999999998,0.08589999999999998,-0.028200000000000003,1783839600000,2026-07-12 07:00:00 UTC,-0.00536857,0.00510083
FINAL_REAL_MARK_PREMIUM_CLOSED_GUARD_2026_06_13,1783843200000,2026-07-12 08:00:00 UTC,TUSDT,1783843200000,2026-07-12 08:00:00 UTC,1783843499999,2026-07-12 08:04:59 UTC,True,0.005214,0.00525,0.005183,0.005232,1.6999999999999654e-05,0.325982742090118,56.11471607969353,0.00523003,0.00524603,0.005187,0.005235,2.0000000000002655e-06,0.03821899484044077,1783843499999,2026-07-12 08:04:59 UTC,-3.000000000000398e-06,-0.057306590257887265,-0.03782837,-0.02569411,-0.03787166,-0.03223943,0.002865529999999998,-8.162749651331316,1783843499999,2026-07-12 08:04:59 UTC,17036,6704.0,64.88579171506001,442122768.0,162801308.0,58.28456861137702,2306495.901322,847434.6896690002,58.08081819329048,binance_kline_quote_asset_volume,25952.263911716367,135.3895222659075,6.700000000000022e-05,1.2850019179133145,1.7999999999999787e-05,0.34522439585730313,1.7999999999999787e-05,0.34522439585730313,1.8000000000000654e-05,26.865671641791934,3.099999999999978e-05,46.268656716417425,0.7313432835820807,231552434.0,210570334.0,52.37288164268436,47.62711835731563,1208242.395912,409717.299549,51.309257707130016,1098253.5054100002,437717.39012000023,66.26698828236303,52.384328765530384,47.61567123446961,1.0996441407553639,1.1001489091181536,109988.89050199976,4.7686575310607795,2603504702.0,13624140.105566,16083163.0,0.6215903654499183,70553.35468386114,0.5205511720303052,0.8546,0.009600000000000053,1.1360946745562195,46.08,53.92,0.949,-0.010099999999999998,-1.0530705870086536,48.69,51.31,0.9406,0.009700000000000042,1.0420023633043336,48.47,51.53,0.09439999999999993,0.08599999999999997,-0.008399999999999963,1783839600000,2026-07-12 07:00:00 UTC,-0.00536857,0.00510083
FINAL_REAL_MARK_PREMIUM_CLOSED_GUARD_2026_06_13,1783843500000,2026-07-12 08:05:00 UTC,TUSDT,1783843500000,2026-07-12 08:05:00 UTC,1783843799999,2026-07-12 08:09:59 UTC,True,0.005234,0.005302,0.005232,0.005272,4.0000000000000105e-05,0.7645259938837942,59.22041224591747,0.005232,0.005295,0.005232,0.005271,3.5999999999999574e-05,0.6876790830945477,1783843799999,2026-07-12 08:09:59 UTC,1.0000000000001327e-06,0.018971732119144998,-0.03253361,-0.02423201,-0.03396599,-0.03034841,0.0018910200000000002,-5.8655503524721135,1783843799999,2026-07-12 08:09:59 UTC,13838,-3198.0,-18.772012209438834,366005474.0,-76117294.0,-17.216325308087278,1927538.966544,-378956.9347780002,-16.42998518058479,binance_kline_quote_asset_volume,26449.304379245557,139.2931757872525,7.000000000000062e-05,1.3374092472296641,3.799999999999984e-05,0.7260221627818082,3.799999999999984e-05,0.7260221627818082,3.0000000000000512e-05,42.85714285714321,2.0000000000002655e-06,2.857142857143211,0.5714285714285678,179743668.0,186261806.0,49.10955730678498,50.89044269321502,946844.686647,-261397.70926499995,-21.63454205459269,980694.279897,-117559.22551300027,-10.704197613201611,49.12194788698122,50.87805211301878,0.9650055041343258,0.96548405150935,-33849.59324999992,-1.7561042260375612,2612684997.0,13677405.959295,9180295.0,0.3526129602511469,53265.853729000315,0.39096672022066997,0.8362,-0.018399999999999972,-2.1530540603791213,45.540000000000006,54.459999999999994,0.9562,0.007200000000000095,0.7586933614330975,48.88,51.12,0.9231,-0.01749999999999996,-1.8605145651711632,48.0,52.0,0.12,0.08689999999999998,-0.03310000000000002,1783843200003,2026-07-12 08:00:00 UTC,-0.00478335,0.00523003
FINAL_REAL_MARK_PREMIUM_CLOSED_GUARD_2026_06_13,1783843800000,2026-07-12 08:10:00 UTC,TUSDT,1783843800000,2026-07-12 08:10:00 UTC,1783844099999,2026-07-12 08:14:59 UTC,True,0.005272,0.005313,0.005251,0.005266,-5.999999999999929e-06,-0.1138088012139592,58.55106604511118,0.005272,0.005311,0.005256,0.005269,-1.999999999999398e-06,-0.037943464238273536,1783844099999,2026-07-12 08:14:59 UTC,-3.000000000000398e-06,-0.05693680015183902,-0.03098117,-0.02739353,-0.0355093,-0.02746932,0.002879090000000001,-9.486790247001412,1783844099999,2026-07-12 08:14:59 UTC,10091,-3747.0,-27.07761237173002,296294661.0,-69710813.0,-19.046385355427773,1564516.761961,-363022.2045829999,-18.833456074503342,binance_kline_quote_asset_volume,29362.26944802299,155.04080487176694,6.200000000000042e-05,1.1760242792109337,-5.999999999999929e-06,-0.1138088012139592,5.999999999999929e-06,0.1138088012139592,4.100000000000024e-05,66.12903225806444,1.5000000000000256e-05,24.19354838709702,0.24193548387097022,149208453.0,147086208.0,50.358130820318756,49.64186917968124,788119.339883,-158725.34676400002,-16.763609597481487,776397.422078,-204296.8578189999,-20.831859837140758,50.37461784015365,49.62538215984636,1.0144285791907832,1.0150978319500683,11721.917804999975,0.749235680307283,2645852497.0,13946288.511687,33167500.0,1.2694794832934084,268882.55239199847,1.9658885112587385,0.8379,0.0016999999999999238,0.20330064577851276,45.59,54.410000000000004,0.9543,-0.0019000000000000128,-0.19870320016733034,48.83,51.17,0.9327,0.009599999999999942,1.0399740006499774,48.26,51.739999999999995,0.11640000000000006,0.0948,-0.021600000000000064,1783843200003,2026-07-12 08:00:00 UTC,-0.00478335,0.00523003
FINAL_REAL_MARK_PREMIUM_CLOSED_GUARD_2026_06_13,1783844100000,2026-07-12 08:15:00 UTC,TUSDT,1783844100000,2026-07-12 08:15:00 UTC,1783844399999,2026-07-12 08:19:59 UTC,True,0.005266,0.005379,0.005243,0.005253,-1.299999999999999e-05,-0.24686669198632719,57.04658806313203,0.005268,0.005371,0.0052527,0.00525577,-1.323000000000036e-05,-0.2510912886695836,1783844399999,2026-07-12 08:19:59 UTC,-2.7700000000000294e-06,-0.05270398057753725,-0.0277179,-0.02128651,-0.0348721,-0.03142027,-0.003950950000000002,14.383137260041392,1783844399999,2026-07-12 08:19:59 UTC,18389,8298.0,82.23169160638193,510657491.0,214362830.0,72.34785442185203,2711818.217727,1147301.4557659999,73.33264070165325,binance_kline_quote_asset_volume,27769.72597748654,147.46958604203598,0.00013599999999999984,2.5826053930877295,-1.299999999999999e-05,-0.24686669198632719,1.299999999999999e-05,0.24686669198632719,0.00011300000000000025,83.08823529411794,9.999999999999593e-06,7.352941176470297,0.07352941176470297,260838773.0,249818718.0,51.07900649596071,48.92099350403928,1386258.245572,598138.905689,75.89445854453928,1325559.9721549999,549162.5500769998,70.73214496348865,51.11914347761621,48.88085652238378,1.0441122069964348,1.045790665599476,60698.27341700019,2.2382869552324367,2656969145.0,13999570.425005,11116648.0,0.42015373164621284,53281.913318000734,0.3820508465270201,0.8349,-0.0030000000000000027,-0.3580379520229147,45.5,54.50000000000001,0.9578,0.0034999999999999476,0.36676097663208085,48.92,51.080000000000005,0.9316,-0.0010999999999999899,-0.11793717165219147,48.230000000000004,51.77,0.12290000000000001,0.09670000000000001,-0.0262,1783843200003,2026-07-12 08:00:00 UTC,-0.00478335,0.00523003
FINAL_REAL_MARK_PREMIUM_CLOSED_GUARD_2026_06_13,1783844400000,2026-07-12 08:20:00 UTC,TUSDT,1783844400000,2026-07-12 08:20:00 UTC,1783844699999,2026-07-12 08:24:59 UTC,True,0.005253,0.005312,0.005219,0.005255,2.0000000000002655e-06,0.03807348181991749,57.228673442949614,0.00525,0.00531641,0.00522989,0.00526308,7.309999999999955e-06,0.13908523394288477,1783844699999,2026-07-12 08:24:59 UTC,-8.07999999999972e-06,-0.1535222721296222,-0.03077964,-0.02148596,-0.03279555,-0.03002677,0.001393499999999999,-4.435035090405012,1783844699999,2026-07-12 08:24:59 UTC,13942,-4447.0,-24.182935450541084,393977856.0,-116679635.0,-22.84890304292041,2073649.431604,-638168.7861229999,-23.532874805225777,binance_kline_quote_asset_volume,28258.345717974466,148.7340002584995,9.30000000000002e-05,1.7704169046259317,2.0000000000002655e-06,0.03807348181991749,2.0000000000002655e-06,0.03807348181991749,5.699999999999976e-05,61.29032258064478,3.4000000000000176e-05,36.559139784946346,0.3870967741935523,188345233.0,205632623.0,47.806045474799475,52.193954525200525,991673.367781,-394584.87779100006,-28.46402386073353,1081976.063823,-243583.9083319998,-18.375925152296098,47.82261421179207,52.17738578820793,0.9159307032717274,0.9165391000213728,-90302.69604200008,-4.354771576415863,2652842790.0,13942731.5503983,-4126355.0,-0.1553030831300828,-56838.874606700614,-0.4060044192868891,0.8305,-0.0043999999999999595,-0.5270092226613917,45.37,54.63,0.9563,-0.0014999999999999458,-0.15660889538525224,48.88,51.12,0.9335,0.0019000000000000128,0.2039501932159739,48.28,51.72,0.12580000000000002,0.10299999999999998,-0.022800000000000042,1783843200003,2026-07-12 08:00:00 UTC,-0.00478335,0.00523003
FINAL_REAL_MARK_PREMIUM_CLOSED_GUARD_2026_06_13,1783844700000,2026-07-12 08:25:00 UTC,TUSDT,1783844700000,2026-07-12 08:25:00 UTC,1783844999999,2026-07-12 08:29:59 UTC,True,0.005256,0.005273,0.005188,0.005207,-4.80000000000003e-05,-0.9134157944814518,51.577558806482116,0.00526308,0.00527416,0.005196,0.005204,-5.907999999999955e-05,-1.1225366135418717,1783844999999,2026-07-12 08:29:59 UTC,2.999999999999531e-06,0.057647963105294596,-0.03100864,-0.02630054,-0.03420797,-0.03117373,-0.001146959999999999,3.8197914727424855,1783844999999,2026-07-12 08:29:59 UTC,12127,-1815.0,-13.018218333094248,346778257.0,-47199599.0,-11.980266982314863,1815233.780536,-258415.65106800012,-12.461877457662244,binance_kline_quote_asset_volume,28595.551826502844,149.6853121576647,8.5e-05,1.6171993911719937,-4.900000000000043e-05,-0.9322678843226869,4.900000000000043e-05,0.9322678843226869,1.6999999999999654e-05,19.99999999999959,1.899999999999992e-05,22.35294117647049,0.22352941176470492,154149556.0,192628701.0,44.45190922105592,55.54809077894408,807389.326822,-184284.040959,-18.583139060329902,1007844.453714,-74131.61010900012,-6.8515018573578415,44.47853138693767,55.52146861306233,0.8002418912641683,0.8011050949843458,-200455.12689199997,-11.042937226124662,2665080155.0,14026530.0621774,12237365.0,0.46129250651901615,83798.5117790997,0.6010193302237526,0.8328,0.0022999999999999687,0.2769416014449089,45.440000000000005,54.559999999999995,0.9538,-0.0025000000000000577,-0.2614242392554698,48.82,51.18000000000001,0.9294,-0.0040999999999999925,-0.4392072844134968,48.17,51.83,0.121,0.09660000000000002,-0.024399999999999977,1783843200003,2026-07-12 08:00:00 UTC,-0.00478335,0.00523003
FINAL_REAL_MARK_PREMIUM_CLOSED_GUARD_2026_06_13,1783845000000,2026-07-12 08:30:00 UTC,TUSDT,1783845000000,2026-07-12 08:30:00 UTC,1783845299999,2026-07-12 08:34:59 UTC,True,0.005206,0.005217,0.005138,0.005202,-4.999999999999796e-06,-0.09602458229306311,51.012478318218434,0.005207,0.00522252,0.00516,0.00521917,1.5170000000000114e-05,0.2915065334358208,1783845299999,2026-07-12 08:34:59 UTC,-1.717000000000038e-05,-0.32897951206801807,-0.03126262,-0.02319369,-0.03780896,-0.02914477,0.00202896,-6.5085570446654915,1783845299999,2026-07-12 08:34:59 UTC,17217,5090.0,41.972458151232786,527207865.0,180429608.0,52.03025401906902,2732751.360472,917517.5799360003,50.545422290735296,binance_kline_quote_asset_volume,30621.354765638614,158.72401466411105,7.900000000000008e-05,1.5174798309642734,-3.9999999999996635e-06,-0.07683442182096933,3.9999999999996635e-06,0.07683442182096933,1.1000000000000593e-05,13.92405063291213,6.399999999999982e-05,81.0126582278478,0.810126582278478,260349512.0,266858353.0,49.38270638280406,50.61729361719595,1350284.882152,542895.55533,67.240863520814,1382466.4783200002,374622.0246060003,37.17061925830752,49.41118689695864,50.58881310304136,0.9756093788077902,0.9767216083191341,-32181.59616800025,-1.177626206082717,2659460929.0,13839834.674516,-5619226.0,-0.2108464163622876,-186695.38766139932,-1.3310162016821556,0.8352,0.0024000000000000687,0.2881844380403541,45.51,54.49,0.9507,-0.0030999999999999917,-0.3250157265674137,48.74,51.25999999999999,0.9312,0.0018000000000000238,0.19367333763718786,48.22,51.78,0.11549999999999994,0.09599999999999997,-0.019499999999999962,1783843200003,2026-07-12 08:00:00 UTC,-0.00478335,0.00523003
FINAL_REAL_MARK_PREMIUM_CLOSED_GUARD_2026_06_13,1783845300000,2026-07-12 08:35:00 UTC,TUSDT,1783845300000,2026-07-12 08:35:00 UTC,1783845599999,2026-07-12 08:39:59 UTC,True,0.005203,0.005265,0.005199,0.005245,4.2999999999999636e-05,0.8266051518646604,55.52527657995048,0.00521917,0.00526457,0.0052113,0.00525681,3.7639999999999375e-05,0.7211874685055166,1783845599999,2026-07-12 08:39:59 UTC,-1.1810000000000119e-05,-0.224660963588186,-0.02958308,-0.02315251,-0.02958308,-0.02675034,0.0023944299999999995,-8.215642120352982,1783845599999,2026-07-12 08:39:59 UTC,12264,-4953.0,-28.768078062380205,342628181.0,-184579684.0,-35.01079863442477,1795774.404898,-936976.9555740003,-34.28694498617561,binance_kline_quote_asset_volume,27937.718607305935,146.42648441764513,6.600000000000009e-05,1.2684989429175493,4.19999999999995e-05,0.8072266000384298,4.19999999999995e-05,0.8072266000384298,2.0000000000000052e-05,30.303030303030344,4.000000000000531e-06,6.060606060606857,0.6969696969696966,169618651.0,173009530.0,49.5051663599148,50.494833640085204,888956.697932,-461328.18421999994,-34.16524840926633,906817.7069659999,-475648.7713540003,-34.40580866250137,49.502693406663894,50.4973065933361,0.9804006230177031,0.9803036388716332,-17861.00903399987,-0.9946131866722077,2646974671.0,13815010.79364307,-12486258.0,-0.46950334422453927,-24823.88087292947,-0.17936544371183102,0.8295,-0.005700000000000038,-0.6824712643678207,45.34,54.66,0.9478,-0.0029000000000000137,-0.3050383927632285,48.66,51.339999999999996,0.9183,-0.012900000000000023,-1.3853092783505179,47.870000000000005,52.129999999999995,0.11829999999999996,0.08879999999999999,-0.02949999999999997,1783843200003,2026-07-12 08:00:00 UTC,-0.00478335,0.00523003
FINAL_REAL_MARK_PREMIUM_CLOSED_GUARD_2026_06_13,1783845600000,2026-07-12 08:40:00 UTC,TUSDT,1783845600000,2026-07-12 08:40:00 UTC,1783845899999,2026-07-12 08:44:59 UTC,True,0.005246,0.005257,0.0052,0.005221,-2.3999999999999716e-05,-0.45757864632983253,52.61205711456331,0.00525681,0.00525681,0.005211,0.005221,-3.5809999999999835e-05,-0.6812116093220001,1783845899999,2026-07-12 08:44:59 UTC,0.0,0.0,-0.02749859,-0.0263574,-0.03179257,-0.02835776,-0.0016074199999999983,6.008970353274008,1783845899999,2026-07-12 08:44:59 UTC,7819,-4445.0,-36.24429223744292,212816559.0,-129811622.0,-37.88702424334442,1113099.324101,-682675.0807969999,-38.015637094224864,binance_kline_quote_asset_volume,27217.874280598542,142.35827140312063,5.7000000000000627e-05,1.0865421273351243,-2.499999999999985e-05,-0.4765535646206605,2.499999999999985e-05,0.4765535646206605,1.1000000000000593e-05,19.298245614035917,2.1000000000000185e-05,36.84210526315781,0.36842105263157815,103349508.0,109467051.0,48.562719219607345,51.437280780392655,540756.17753,-348200.52040200005,-39.16957048774442,572343.1465710001,-334474.5603949998,-36.88443198954214,48.581125315725465,51.41887468427454,0.9441152114347174,0.9448111343164626,-31586.96904100012,-2.837749368549072,2657778320.0,13971435.6503592,10803649.0,0.4081508266159,156424.85671612993,1.1322818277355837,0.8325,0.0030000000000000027,0.36166365280289364,45.43,54.56999999999999,0.9546,0.006800000000000028,0.7174509390166732,48.84,51.160000000000004,0.9205,0.0021999999999999797,0.2395731242513318,47.93,52.07000000000001,0.12209999999999999,0.08799999999999997,-0.03410000000000002,1783843200003,2026-07-12 08:00:00 UTC,-0.00478335,0.00523003
FINAL_REAL_MARK_PREMIUM_CLOSED_GUARD_2026_06_13,1783845900000,2026-07-12 08:45:00 UTC,TUSDT,1783845900000,2026-07-12 08:45:00 UTC,1783846199999,2026-07-12 08:49:59 UTC,True,0.005222,0.005244,0.005188,0.005195,-2.599999999999998e-05,-0.49798889101704613,49.57737773009864,0.005221,0.005242,0.00519695,0.00520453,-1.64700000000002e-05,-0.31545680904041756,1783846199999,2026-07-12 08:49:59 UTC,-9.529999999999782e-06,-0.18310971403757462,-0.02705336,-0.02435471,-0.03132774,-0.02622463,0.0021331300000000004,-7.5222090884470445,1783846199999,2026-07-12 08:49:59 UTC,7866,47.0,0.6010998848957667,203653754.0,-9162805.0,-4.305494385895037,1061839.619535,-51259.70456600003,-4.605133024171061,binance_kline_quote_asset_volume,25890.38316806509,134.9910525724638,5.6000000000000494e-05,1.0723860589812426,-2.7000000000000114e-05,-0.5170432784373824,2.7000000000000114e-05,0.5170432784373824,2.2000000000000318e-05,39.285714285714505,7.000000000000062e-06,12.5,0.125,105409876.0,98243878.0,51.759358189881446,48.24064181011856,549620.356747,8864.179217000026,1.6392192239927321,512219.26278800005,-60123.883783000056,-10.50486655483025,51.7611460935776,48.23885390642239,1.0729409113919546,1.0730177419635225,37401.09395899996,3.5222921871552146,2665172697.0,13914866.651037,7394377.0,0.27821646915985077,-56568.999322200194,-0.40489038304911656,0.8298,-0.0027000000000000357,-0.3243243243243286,45.35,54.65,0.9566,0.0020000000000000018,0.20951183741881435,48.89,51.11,0.9223,0.0018000000000000238,0.19554589896795477,47.980000000000004,52.019999999999996,0.12680000000000002,0.09250000000000003,-0.0343,1783843200003,2026-07-12 08:00:00 UTC,-0.00478335,0.00523003
FINAL_REAL_MARK_PREMIUM_CLOSED_GUARD_2026_06_13,1783846200000,2026-07-12 08:50:00 UTC,TUSDT,1783846200000,2026-07-12 08:50:00 UTC,1783846499999,2026-07-12 08:54:59 UTC,True,0.005195,0.005218,0.005176,0.005203,8.000000000000194e-06,0.15399422521655812,50.52303102520655,0.00520453,0.0052177,0.005184,0.00520939,4.860000000000628e-06,0.09338018994992109,1783846499999,2026-07-12 08:54:59 UTC,-6.390000000000215e-06,-0.12266311410741401,-0.02702842,-0.02478416,-0.0295128,-0.02842887,-0.0022042399999999997,8.40522821484993,1783846499999,2026-07-12 08:54:59 UTC,7333,-533.0,-6.775997965929316,179315467.0,-24338287.0,-11.950816776989045,932192.150668,-129647.46886700008,-12.20970346951032,binance_kline_quote_asset_volume,24453.220646393016,127.12288976789854,4.200000000000037e-05,0.8084696823869176,8.000000000000194e-06,0.15399422521655812,8.000000000000194e-06,0.15399422521655812,1.5000000000000256e-05,35.71428571428601,1.899999999999992e-05,45.23809523809465,0.6428571428571399,85939224.0,93376243.0,47.92627509371514,52.07372490628486,446915.121873,-102705.23487400002,-18.686577673700878,485277.028795,-26942.23399300006,-5.25990253594798,47.94238200276036,52.05761799723964,0.920354270411158,0.9209484384264858,-38361.906921999995,-4.115235994479273,2673258819.0,13913055.72125007,8086122.0,0.3033995511473604,-1810.9297869298607,-0.013014352435744699,0.8255,-0.0042999999999999705,-0.5181971559411871,45.22,54.779999999999994,0.9601,0.0034999999999999476,0.3658791553418302,48.980000000000004,51.019999999999996,0.9146,-0.00770000000000004,-0.8348693483682142,47.77,52.23,0.13459999999999994,0.08909999999999996,-0.045499999999999985,1783843200003,2026-07-12 08:00:00 UTC,-0.00478335,0.00523003
FINAL_REAL_MARK_PREMIUM_CLOSED_GUARD_2026_06_13,1783846500000,2026-07-12 08:55:00 UTC,TUSDT,1783846500000,2026-07-12 08:55:00 UTC,1783846799999,2026-07-12 08:59:59 UTC,True,0.0052,0.005214,0.005166,0.005194,-9.000000000000327e-06,-0.17297712857967187,49.40055885998414,0.00520939,0.005214,0.00517155,0.00518954,-1.9850000000000076e-05,-0.38104269405823094,1783846799999,2026-07-12 08:59:59 UTC,4.459999999999534e-06,0.08594210662215791,-0.02838092,-0.02649437,-0.03212664,-0.03021566,-0.00178679,6.285124945170175,1783846799999,2026-07-12 08:59:59 UTC,7800,467.0,6.368471294149734,211617533.0,32302066.0,18.014099140706026,1097996.216876,165804.06620799995,17.786468818599936,binance_kline_quote_asset_volume,27130.45294871795,140.76874575333332,4.80000000000003e-05,0.9230769230769289,-5.999999999999929e-06,-0.11538461538461403,5.999999999999929e-06,0.11538461538461403,1.4000000000000123e-05,29.166666666666742,2.8000000000000247e-05,58.333333333333485,0.5833333333333348,118292708.0,93324825.0,55.89929450694429,44.10070549305572,613879.039949,166963.918076,37.35920086486718,484117.17692699993,-1159.8518680000561,-0.23900819514991364,55.90903051520506,44.09096948479493,1.2675374210452577,1.268038130449494,129761.86302200006,11.818061030410131,2683463763.0,13979209.29233457,10204944.0,0.38174171267926155,66153.57108449936,0.4754783737655839,0.8272,0.0017000000000000348,0.20593579648698182,45.269999999999996,54.730000000000004,0.9596,-0.0004999999999999449,-0.05207790855118685,48.97,51.03,0.9139,-0.0006999999999999229,-0.0765361906844438,47.75,52.25,0.13239999999999996,0.0867,-0.04569999999999996,1783843200003,2026-07-12 08:00:00 UTC,-0.00478335,0.00523003
FINAL_REAL_MARK_PREMIUM_CLOSED_GUARD_2026_06_13,1783846800000,2026-07-12 09:00:00 UTC,TUSDT,1783846800000,2026-07-12 09:00:00 UTC,1783847099999,2026-07-12 09:04:59 UTC,True,0.005194,0.005247,0.005158,0.005204,1.000000000000046e-05,0.1925298421255383,50.71088491870741,0.005195,0.005236,0.0051687,0.005206,1.6459999999999392e-05,0.3171764742154293,1783847099999,2026-07-12 09:04:59 UTC,-1.999999999999398e-06,-0.03841721091047634,-0.03551904,-0.02547042,-0.03551904,-0.02718048,0.0030351799999999984,-10.045056106667863,1783847099999,2026-07-12 09:04:59 UTC,14774,6974.0,89.41025641025641,391360335.0,179742802.0,84.93757556468631,2034613.758006,936617.54113,85.30243790774146,binance_kline_quote_asset_volume,26489.80201705699,137.71583579301475,8.899999999999967e-05,1.7135155949172058,1.000000000000046e-05,0.1925298421255383,1.000000000000046e-05,0.1925298421255383,4.2999999999999636e-05,48.3146067415728,3.5999999999999574e-05,40.44943820224686,0.5168539325842719,216507085.0,174853250.0,55.32167305611081,44.67832694388919,1125947.54645,512068.506501,83.41521263595214,908666.2115559999,424549.034629,87.69551151311819,55.33962119441639,44.66037880558362,1.2382216801803798,1.239121177975714,217281.3348940001,10.679242388832767,2693364834.0,13977324.54063636,9901071.0,0.36896607796674763,-1884.7516982089728,-0.013482534375119965,0.8305,0.0032999999999999696,0.3989361702127623,45.37,54.63,0.956,-0.0036000000000000476,-0.3751563151313097,48.870000000000005,51.129999999999995,0.9142,0.00029999999999996696,0.03282634861581868,47.760000000000005,52.239999999999995,0.12549999999999994,0.0837,-0.04179999999999995,1783843200003,2026-07-12 08:00:00 UTC,-0.00478335,0.00523003
FINAL_REAL_MARK_PREMIUM_CLOSED_GUARD_2026_06_13,1783847100000,2026-07-12 09:05:00 UTC,TUSDT,1783847100000,2026-07-12 09:05:00 UTC,1783847399999,2026-07-12 09:09:59 UTC,True,0.005205,0.005228,0.005169,0.005215,1.0999999999999725e-05,0.2113758647194413,52.177916685609816,0.005204,0.00523033,0.005177,0.0052213,1.530000000000021e-05,0.2938916634652365,1783847399999,2026-07-12 09:09:59 UTC,-6.299999999999882e-06,-0.12065960584528532,-0.02691787,-0.02307652,-0.0329473,-0.02828343,-0.0011029499999999984,4.057875357609573,1783847399999,2026-07-12 09:09:59 UTC,9180,-5594.0,-37.863814809801,219856859.0,-171503476.0,-43.82239605349888,1142346.524674,-892267.233332,-43.85437923148894,binance_kline_quote_asset_volume,23949.54891067538,124.43861924553377,5.9000000000000025e-05,1.1335254562920272,9.999999999999593e-06,0.19212295869355606,9.999999999999593e-06,0.19212295869355606,1.299999999999999e-05,22.03389830508472,3.600000000000044e-05,61.0169491525431,0.7796610169491528,109756077.0,110100782.0,49.92160694881937,50.07839305118063,570304.064763,-555643.481687,-49.3489668714043,572042.459911,-336623.75164499995,-37.04591932262623,49.92391121649816,50.07608878350184,0.996869186633025,0.996961073224756,-1738.3951479999814,-0.15217756700367957,2675632582.0,13929343.221892,-17732252.0,-0.6583679929341499,-47981.3187443614,-0.3432797071060704,0.8245,-0.006000000000000005,-0.7224563515954251,45.190000000000005,54.81,0.9581,0.0020999999999999908,0.21966527196652627,48.93,51.07000000000001,0.9091,-0.005099999999999993,-0.5578647998249828,47.620000000000005,52.38,0.13359999999999994,0.08460000000000001,-0.04899999999999993,1783846800001,2026-07-12 09:00:00 UTC,-0.00360006,0.005195
FINAL_REAL_MARK_PREMIUM_CLOSED_GUARD_2026_06_13,1783847400000,2026-07-12 09:10:00 UTC,TUSDT,1783847400000,2026-07-12 09:10:00 UTC,1783847699999,2026-07-12 09:14:59 UTC,True,0.005214,0.005227,0.005115,0.005157,-5.799999999999989e-05,-1.112176414189835,44.63433559390889,0.00521945,0.00522731,0.005141,0.005161,-6.030000000000011e-05,-1.1548847988048976,1783847699999,2026-07-12 09:14:59 UTC,-3.9999999999996635e-06,-0.07750435962022213,-0.02802511,-0.02130081,-0.03102173,-0.02359348,0.004689949999999998,-16.58197043286475,1783847699999,2026-07-12 09:14:59 UTC,12769,3589.0,39.095860566448806,326996804.0,107139945.0,48.731681825764646,1692182.747397,549836.222723,48.13217450632249,binance_kline_quote_asset_volume,25608.64625264312,132.52273062863185,0.00011200000000000012,2.148062907556581,-5.699999999999976e-05,-1.0932105868814683,5.699999999999976e-05,1.0932105868814683,1.299999999999999e-05,11.607142857142836,4.200000000000037e-05,37.50000000000029,0.3750000000000029,140495734.0,186501070.0,42.965476200801035,57.034523799198965,727615.903742,157311.838979,27.58385371922147,964566.843655,392524.383744,68.61805045119729,42.99865985876851,57.00134014123148,0.7533240104198866,0.7543447180755977,-236950.93991299998,-14.002680282462975,2679170993.0,13988755.5057509,3538411.0,0.13224577334736612,59412.28385890089,0.426526096115758,0.8195,-0.0050000000000000044,-0.606428138265616,45.04,54.96,0.9683,0.010200000000000098,1.0646070347562988,49.19,50.81,0.9015,-0.007600000000000051,-0.8359916400836048,47.410000000000004,52.59,0.14880000000000004,0.08199999999999996,-0.06680000000000008,1783846800001,2026-07-12 09:00:00 UTC,-0.00360006,0.005195
FINAL_REAL_MARK_PREMIUM_CLOSED_GUARD_2026_06_13,1783847700000,2026-07-12 09:15:00 UTC,TUSDT,1783847700000,2026-07-12 09:15:00 UTC,1783847999999,2026-07-12 09:19:59 UTC,True,0.005155,0.00521,0.00513,0.005179,2.199999999999945e-05,0.4266046150862798,47.7217252567893,0.005157,0.005209,0.00513961,0.00518,1.899999999999992e-05,0.3681457081960845,1783847999999,2026-07-12 09:19:59 UTC,-1.0000000000001327e-06,-0.01930501930502187,-0.02110516,-0.01919486,-0.02662615,-0.02437319,-0.0007797099999999994,3.3047689446406356,1783847999999,2026-07-12 09:19:59 UTC,12040,-729.0,-5.709139321794972,303363646.0,-23633158.0,-7.227336081241943,1566244.492413,-125938.254984,-7.442355453494873,binance_kline_quote_asset_volume,25196.31611295681,130.08675186154485,8.000000000000021e-05,1.5518913676042718,2.3999999999999716e-05,0.4655674102812748,2.3999999999999716e-05,0.4655674102812748,3.1000000000000645e-05,38.7500000000007,2.499999999999985e-05,31.249999999999726,0.6124999999999929,155588722.0,147774924.0,51.28785998306468,48.712140016935315,803547.924967,75932.02122500003,10.43572863573969,762696.567446,-201870.27620900003,-20.928593755520346,51.30411815393086,48.69588184606915,1.0528763459218562,1.0535617429848896,40851.357521000085,2.608236307861702,2689787874.0,13881995.217714,10616881.0,0.39627485620511865,-106760.28803689964,-0.7631864606755729,0.8265,0.007000000000000006,0.8541793776693113,45.25,54.75,0.9778,0.009499999999999953,0.9811008984818705,49.44,50.56,0.9022,0.0007000000000000339,0.07764836383805147,47.43,52.56999999999999,0.1513,0.07569999999999999,-0.0756,1783846800001,2026-07-12 09:00:00 UTC,-0.00360006,0.005195
FINAL_REAL_MARK_PREMIUM_CLOSED_GUARD_2026_06_13,1783848000000,2026-07-12 09:20:00 UTC,TUSDT,1783848000000,2026-07-12 09:20:00 UTC,1783848299999,2026-07-12 09:24:59 UTC,True,0.00518,0.005244,0.005133,0.005213,3.4000000000000176e-05,0.656497393319177,52.161579205253986,0.005179,0.00525111,0.00513678,0.005213,3.300000000000004e-05,0.6370656370656379,1783848299999,2026-07-12 09:24:59 UTC,0.0,0.0,-0.02412593,-0.01819174,-0.02653363,-0.02268209,0.001691100000000001,-6.938361371654679,1783848299999,2026-07-12 09:24:59 UTC,12690,650.0,5.398671096345515,334605485.0,31241839.0,10.298478216470276,1736977.533713,170733.04129999992,10.900791168112193,binance_kline_quote_asset_volume,26367.650512214343,136.87766223112686,0.00011099999999999999,2.142857142857143,3.300000000000004e-05,0.6370656370656379,3.300000000000004e-05,0.6370656370656379,3.1000000000000645e-05,27.927927927928515,4.69999999999993e-05,42.342342342341716,0.7207207207207149,173154435.0,161451050.0,51.74883340600349,48.25116659399651,899461.434751,95913.509784,11.936252562401794,837516.0989619999,74819.53151599993,9.809868656750872,51.78313578001739,48.21686421998261,1.0724887512345074,1.073963158279314,61945.33578900015,3.566271560034774,2695228836.0,13961285.37048,5440962.0,0.20228219677073314,79290.15276599862,0.5711725981926654,0.8152,-0.011299999999999977,-1.367211131276464,44.91,55.089999999999996,0.973,-0.0048000000000000265,-0.4908979341378632,49.32,50.68,0.8889,-0.013299999999999979,-1.4741742407448435,47.06,52.94,0.15779999999999994,0.07369999999999999,-0.08409999999999995,1783846800001,2026-07-12 09:00:00 UTC,-0.00360006,0.005195
FINAL_REAL_MARK_PREMIUM_CLOSED_GUARD_2026_06_13,1783848300000,2026-07-12 09:25:00 UTC,TUSDT,1783848300000,2026-07-12 09:25:00 UTC,1783848599999,2026-07-12 09:29:59 UTC,True,0.005215,0.00528,0.005169,0.005188,-2.499999999999985e-05,-0.4795703050067111,48.87474557605426,0.005213,0.005265,0.005173,0.005191,-2.199999999999945e-05,-0.42202186840589784,1783848599999,2026-07-12 09:29:59 UTC,-3.000000000000398e-06,-0.057792332883845075,-0.02321885,-0.01840905,-0.0250829,-0.02209844,0.0005836499999999981,-2.5731755759720474,1783848599999,2026-07-12 09:29:59 UTC,13843,1153.0,9.085894405043343,360541593.0,25936108.0,7.75125010278896,1883314.626696,146337.0929830002,8.424812074004604,binance_kline_quote_asset_volume,26045.047533049194,136.0481562302969,0.00011099999999999999,2.128475551294343,-2.7000000000000114e-05,-0.5177372962607883,2.7000000000000114e-05,0.5177372962607883,6.499999999999995e-05,58.55855855855852,1.899999999999992e-05,17.117117117117047,0.17117117117117048,177945893.0,182595700.0,49.355163580253,50.644836419746994,929989.77039,30528.33563899994,3.3940683235019593,953324.8563060001,115808.75734400027,13.827645520788348,49.38047829116747,50.619521708832536,0.9745349589283866,0.9755224194967281,-23335.085916000186,-1.2390434176650653,2701375861.0,14082272.363393,6147025.0,0.22807061567072076,120986.99291300029,0.866589212257042,0.8155,0.00029999999999996696,0.03680078508341106,44.92,55.08,0.9821,0.009099999999999997,0.9352517985611508,49.55,50.449999999999996,0.8857,-0.0031999999999999806,-0.35999550005624714,46.97,53.03,0.16659999999999997,0.07020000000000004,-0.09639999999999993,1783846800001,2026-07-12 09:00:00 UTC,-0.00360006,0.005195
FINAL_REAL_MARK_PREMIUM_CLOSED_GUARD_2026_06_13,1783848600000,2026-07-12 09:30:00 UTC,TUSDT,1783848600000,2026-07-12 09:30:00 UTC,1783848899999,2026-07-12 09:34:59 UTC,True,0.005189,0.005223,0.005137,0.005162,-2.599999999999998e-05,-0.501156515034695,45.65283997032871,0.005187,0.005222,0.00514377,0.005165,-2.599999999999998e-05,-0.5008668849932572,1783848899999,2026-07-12 09:34:59 UTC,-3.000000000000398e-06,-0.05808325266215678,-0.02255001,-0.0180802,-0.02646907,-0.02302701,-0.0009285700000000001,4.201970817849586,1783848899999,2026-07-12 09:34:59 UTC,11742,-2101.0,-15.177345951022177,334245965.0,-26295628.0,-7.293368784777073,1729571.956922,-153742.66977400007,-8.163408683535744,binance_kline_quote_asset_volume,28465.84610798842,147.29790128785555,8.600000000000014e-05,1.6573520909616521,-2.7000000000000114e-05,-0.5203314704181945,2.7000000000000114e-05,0.5203314704181945,3.4000000000000176e-05,39.534883720930374,2.499999999999985e-05,29.069767441860243,0.29069767441860245,171321303.0,162924662.0,51.25605719727986,48.74394280272015,886455.583868,-43534.186522,-4.681146815598147,843116.3730540001,-110208.48325200006,-11.560433206267426,51.25288834155035,48.747111658449654,1.0515369551602936,1.0514035929073626,43339.210813999875,2.505776683100695,2696715067.0,13998647.912797,-4660794.0,-0.17253408040281587,-83624.45059599914,-0.5938278172589652,0.8182,0.0027000000000000357,0.33108522378909083,45.0,55.00000000000001,0.9812,-0.0009000000000000119,-0.09164036248854618,49.53,50.470000000000006,0.8968,0.011099999999999999,1.253246020097098,47.28,52.72,0.16299999999999992,0.0786,-0.08439999999999992,1783846800001,2026-07-12 09:00:00 UTC,-0.00360006,0.005195
FINAL_REAL_MARK_PREMIUM_CLOSED_GUARD_2026_06_13,1783848900000,2026-07-12 09:35:00 UTC,TUSDT,1783848900000,2026-07-12 09:35:00 UTC,1783849199999,2026-07-12 09:39:59 UTC,True,0.005163,0.005228,0.00515,0.005223,6.100000000000029e-05,1.1817125145292577,53.41244156683366,0.005167,0.005222,0.0051592,0.005221,5.5999999999999626e-05,1.084220716360109,1783849199999,2026-07-12 09:39:59 UTC,2.0000000000002655e-06,0.03830683777054712,-0.02410357,-0.01999651,-0.02668221,-0.0210114,0.002015610000000001,-8.753242387960924,1783849199999,2026-07-12 09:39:59 UTC,8916,-2826.0,-24.06745017884517,219182714.0,-115063251.0,-34.42472402022864,1137700.926437,-591871.030485,-34.22066529907851,binance_kline_quote_asset_volume,24583.076940331986,127.60216761294303,7.799999999999994e-05,1.5107495642068554,6.000000000000016e-05,1.1621150493898926,6.000000000000016e-05,1.1621150493898926,4.999999999999796e-06,6.410256410256153,1.299999999999999e-05,16.666666666666664,0.9358974358974385,111615094.0,107567620.0,50.92331049427556,49.07668950572444,579450.626057,-307004.95781099994,-34.63286411614678,558250.30038,-284866.07267400005,-33.78727798182077,50.931717869976346,49.068282130023654,1.0376272525133492,1.037976380241209,21200.325676999986,1.8634357399526957,2706340295.0,13978247.623675,9625228.0,0.3569241748149435,-20400.289122000337,-0.1457304251745,0.8123,-0.005900000000000016,-0.7210950867758514,44.82,55.17999999999999,0.9699,-0.011299999999999977,-1.1516510395434139,49.24,50.760000000000005,0.9004,0.0035999999999999366,0.4014272970561927,47.38,52.62,0.15759999999999996,0.08809999999999996,-0.0695,1783846800001,2026-07-12 09:00:00 UTC,-0.00360006,0.005195
FINAL_REAL_MARK_PREMIUM_CLOSED_GUARD_2026_06_13,1783849200000,2026-07-12 09:40:00 UTC,TUSDT,1783849200000,2026-07-12 09:40:00 UTC,1783849499999,2026-07-12 09:44:59 UTC,True,0.005223,0.005249,0.005191,0.005232,8.99999999999946e-06,0.17231476163123607,54.445886933364015,0.00522037,0.00524452,0.005201,0.005234,1.299999999999999e-05,0.24899444550852307,1783849499999,2026-07-12 09:44:59 UTC,-2.0000000000002655e-06,-0.03821169277799514,-0.02020241,-0.02020241,-0.02586562,-0.02338331,-0.0023719100000000014,11.288681382487608,1783849499999,2026-07-12 09:44:59 UTC,9688,772.0,8.658591296545536,271196631.0,52013917.0,23.730848136135407,1415298.400069,277597.4736319999,24.39986354773983,binance_kline_quote_asset_volume,27993.046139554088,146.08777870241536,5.799999999999989e-05,1.1104729082902525,8.99999999999946e-06,0.17231476163123607,8.99999999999946e-06,0.17231476163123607,1.700000000000052e-05,29.31034482758716,3.199999999999991e-05,55.172413793103395,0.7068965517241284,138461726.0,132734905.0,51.055842946662565,48.944157053337435,722707.613888,143256.987831,24.722898101918343,692590.786181,134340.48580099992,24.064561310500785,51.06397448430422,48.93602551569578,1.0431448005330626,1.0434843031526113,30116.827707000077,2.1279489686084427,2708449468.0,14140814.672428,2109173.0,0.07793450823226944,162567.0487530008,1.163000206675839,0.8109,-0.0014000000000000679,-0.1723501169518734,44.78,55.22,0.9686,-0.0012999999999999678,-0.13403443653984615,49.2,50.8,0.8914,-0.009000000000000008,-0.9995557529986682,47.13,52.87,0.15770000000000006,0.08050000000000002,-0.07720000000000005,1783846800001,2026-07-12 09:00:00 UTC,-0.00360006,0.005195
FINAL_REAL_MARK_PREMIUM_CLOSED_GUARD_2026_06_13,1783849500000,2026-07-12 09:45:00 UTC,TUSDT,1783849500000,2026-07-12 09:45:00 UTC,1783849799999,2026-07-12 09:49:59 UTC,True,0.005233,0.005266,0.005179,0.005185,-4.69999999999993e-05,-0.8983180428134422,48.406890294941824,0.005235,0.005257,0.005184,0.00519358,-4.042000000000021e-05,-0.7722583110431833,1783849799999,2026-07-12 09:49:59 UTC,-8.579999999999352e-06,-0.16520396335474474,-0.02310421,-0.02078279,-0.0266956,-0.02279709,0.0005862200000000019,-2.5070017888827625,1783849799999,2026-07-12 09:49:59 UTC,8963,-725.0,-7.483484723369116,235756838.0,-35439793.0,-13.06793261749627,1229685.767057,-185612.633012,-13.1147348857987,binance_kline_quote_asset_volume,26303.340176280264,137.19577898661163,8.700000000000027e-05,1.6625262755589578,-4.799999999999943e-05,-0.9172558761704459,4.799999999999943e-05,0.9172558761704459,3.300000000000004e-05,37.931034482758555,6.000000000000796e-06,6.896551724138825,0.06896551724138825,123288037.0,112468801.0,52.29457522670031,47.70542477329968,643042.759715,-79664.85417299997,-11.02310984997397,586643.0073419999,-105947.77883900004,-15.297312778762828,52.29325872852792,47.70674127147208,1.0961976646305671,1.0961398187094051,56399.75237300014,4.586517457055826,2702528766.0,14145035.561244,-5920702.0,-0.2186011616591844,4220.888815999031,0.029848979098983534,0.8172,0.006300000000000083,0.7769145394006762,44.97,55.03,0.9754,0.006800000000000028,0.7020441874870976,49.38,50.62,0.8911,-0.00029999999999996696,-0.033654924837330825,47.12,52.88,0.1582,0.07389999999999997,-0.08430000000000004,1783846800001,2026-07-12 09:00:00 UTC,-0.00360006,0.005195
FINAL_REAL_MARK_PREMIUM_CLOSED_GUARD_2026_06_13,1783849800000,2026-07-12 09:50:00 UTC,TUSDT,1783849800000,2026-07-12 09:50:00 UTC,1783850099999,2026-07-12 09:54:59 UTC,True,0.005184,0.005211,0.00515,0.005197,1.1999999999999858e-05,0.23143683702989115,49.933796782110825,0.0051929,0.00520152,0.00516062,0.005197,3.420000000000506e-06,0.06585053084771018,1783850099999,2026-07-12 09:54:59 UTC,0.0,0.0,-0.0240678,-0.01961625,-0.02576037,-0.0222238,0.0005732900000000006,-2.514750786174905,1783850099999,2026-07-12 09:54:59 UTC,8303,-660.0,-7.363605935512663,227324229.0,-8432609.0,-3.576824779097181,1178009.128245,-51676.63881199993,-4.202426359351734,binance_kline_quote_asset_volume,27378.565458268095,141.87752959713356,6.100000000000029e-05,1.1766975308642031,1.299999999999999e-05,0.25077160493827144,1.299999999999999e-05,0.25077160493827144,1.4000000000000123e-05,22.95081967213124,3.4000000000000176e-05,55.73770491803282,0.7704918032786876,117165776.0,110158453.0,51.5412617983629,48.4587382016371,607465.47771,-35577.282005000045,-5.53264638587457,570543.650535,-16099.356806999887,-2.744319220635373,51.5671282288791,48.4328717711209,1.063611305434727,1.0647134134967207,36921.827174999984,3.134256457758199,2691844076.0,13980307.55623208,-10684690.0,-0.3953589739514358,-164728.0050119199,-1.1645640924598193,0.8109,-0.006300000000000083,-0.7709251101321688,44.78,55.22,0.9721,-0.0033000000000000806,-0.3383227393889769,49.29,50.71,0.8925,0.0013999999999999568,0.1571091908876621,47.160000000000004,52.839999999999996,0.1612,0.0816,-0.0796,1783846800001,2026-07-12 09:00:00 UTC,-0.00360006,0.005195
FINAL_REAL_MARK_PREMIUM_CLOSED_GUARD_2026_06_13,1783850100000,2026-07-12 09:55:00 UTC,TUSDT,1783850100000,2026-07-12 09:55:00 UTC,1783850399999,2026-07-12 09:59:59 UTC,True,0.005197,0.00521,0.005168,0.005192,-5.000000000000664e-06,-0.09620935154898333,49.2793725884078,0.005199,0.005209,0.005175,0.005194,-3.000000000000398e-06,-0.05772561092938999,1783850399999,2026-07-12 09:59:59 UTC,-2.0000000000002655e-06,-0.038505968425111003,-0.02261404,-0.0204227,-0.02482508,-0.02264914,-0.0004253400000000032,1.9138941135179548,1783850399999,2026-07-12 09:59:59 UTC,6746,-1557.0,-18.752258219920513,185740440.0,-41583789.0,-18.292721890194997,963473.437717,-214535.690528,-18.211717157711302,binance_kline_quote_asset_volume,27533.418321968573,142.82144051541655,4.200000000000037e-05,0.8081585530113597,-5.000000000000664e-06,-0.09620935154898333,5.000000000000664e-06,0.09620935154898333,1.299999999999999e-05,30.952380952380658,2.3999999999999716e-05,57.14285714285596,0.5714285714285596,97670551.0,88069889.0,52.58442964816924,47.41557035183076,506727.499003,-100737.97870700003,-16.583325703833935,456745.93871400005,-113797.71182099998,-19.94548738107796,52.59382139311665,47.40617860688335,1.1090118553459287,1.1094296764405316,49981.56028899993,5.187642786233299,2701047409.0,14037343.384573,9203333.0,0.3418969576304686,57035.82834091969,0.4079726294397187,0.8142,0.0033000000000000806,0.4069552349241683,44.879999999999995,55.120000000000005,0.9708,-0.0012999999999999678,-0.13373109762369798,49.26,50.739999999999995,0.8972,0.0047000000000000375,0.5266106442577073,47.29,52.71,0.15659999999999996,0.08299999999999996,-0.0736,1783846800001,2026-07-12 09:00:00 UTC,-0.00360006,0.005195
FINAL_REAL_MARK_PREMIUM_CLOSED_GUARD_2026_06_13,1783850400000,2026-07-12 10:00:00 UTC,TUSDT,1783850400000,2026-07-12 10:00:00 UTC,1783850699999,2026-07-12 10:04:59 UTC,True,0.005191,0.005229,0.005161,0.005207,1.5000000000000256e-05,0.28890600924499726,51.339742040002,0.00519,0.005226,0.00517313,0.005208,1.4000000000000123e-05,0.26954177897574366,1783850699999,2026-07-12 10:04:59 UTC,-1.0000000000001327e-06,-0.01920122887865078,-0.02660549,-0.02278537,-0.0289738,-0.02575112,-0.0031019799999999972,13.695795955166496,1783850699999,2026-07-12 10:04:59 UTC,12167,5421.0,80.35873109991107,324151843.0,138411403.0,74.51872247099232,1686450.832535,722977.394818,75.038643154619,binance_kline_quote_asset_volume,26641.887318155666,138.60859969877538,6.800000000000035e-05,1.3099595453669879,1.599999999999952e-05,0.308225775380457,1.599999999999952e-05,0.308225775380457,2.2000000000000318e-05,32.35294117647089,3.0000000000000512e-05,44.117647058824055,0.6764705882352912,160459629.0,163692214.0,49.50137796995342,50.49862203004658,834939.17097,328211.671967,64.77084283224521,851511.6615650001,394765.722851,86.43004554402616,49.50865775997486,50.49134224002514,0.9802520540164482,0.9805375647298342,-16572.490595000098,-0.9826844800502749,2704573625.0,14047555.40825,3526216.0,0.13054994844779488,10212.023677000776,0.07274897676310862,0.8188,0.0045999999999999375,0.5649717514124216,45.019999999999996,54.98,0.9635,-0.007299999999999973,-0.7519571487433018,49.07,50.93,0.904,0.006800000000000028,0.7579135086937169,47.48,52.52,0.14470000000000005,0.08520000000000005,-0.0595,1783846800001,2026-07-12 09:00:00 UTC,-0.00360006,0.005195
FINAL_REAL_MARK_PREMIUM_CLOSED_GUARD_2026_06_13,1783850700000,2026-07-12 10:05:00 UTC,TUSDT,1783850700000,2026-07-12 10:05:00 UTC,1783850999999,2026-07-12 10:09:59 UTC,True,0.005207,0.005241,0.00517,0.005236,2.900000000000038e-05,0.556942577299796,55.13434160463226,0.005207,0.005236,0.00517601,0.005232,2.3999999999999716e-05,0.46082949308755217,1783850999999,2026-07-12 10:09:59 UTC,4.000000000000531e-06,0.07645259938838936,-0.02561313,-0.022872,-0.02790152,-0.02630297,-0.0005518499999999996,2.1430135854285157,1783850999999,2026-07-12 10:09:59 UTC,8906,-3261.0,-26.802005424508916,249540431.0,-74611412.0,-23.017426434931608,1298967.521678,-387483.31085700006,-22.976258980201152,binance_kline_quote_asset_volume,28019.361217156973,145.85307901167752,7.099999999999988e-05,1.3635490685615494,2.900000000000038e-05,0.556942577299796,2.900000000000038e-05,0.556942577299796,4.999999999999796e-06,7.042253521126485,3.699999999999971e-05,52.112676056337705,0.9295774647887352,122218480.0,127321951.0,48.97742602680685,51.02257397319314,636330.375127,-198608.79584299994,-23.787217410373014,662637.146551,-188874.51501400012,-22.181083775983307,48.9873968754039,51.0126031245961,0.9599168017775662,0.960299884241435,-26306.77142399992,-2.0252062491922014,2714800080.0,14138678.81664,10226455.0,0.3781170867552182,91123.40839000046,0.648678049253214,0.8202,0.0014000000000000679,0.1709819247679614,45.06,54.94,0.9698,0.006299999999999972,0.6538661131292135,49.230000000000004,50.77,0.9004,-0.0036000000000000476,-0.3982300884955805,47.38,52.62,0.14959999999999996,0.08019999999999994,-0.06940000000000002,1783850400004,2026-07-12 10:00:00 UTC,-0.00298901,0.00519
FINAL_REAL_MARK_PREMIUM_CLOSED_GUARD_2026_06_13,1783851000000,2026-07-12 10:10:00 UTC,TUSDT,1783851000000,2026-07-12 10:10:00 UTC,1783851299999,2026-07-12 10:14:59 UTC,True,0.005234,0.005255,0.00521,0.005241,4.999999999999796e-06,0.09549274255156218,55.77469406330161,0.005232,0.00525478,0.005218,0.00524798,1.5980000000000508e-05,0.3054281345565847,1783851299999,2026-07-12 10:14:59 UTC,-6.9800000000001805e-06,-0.13300355565379784,-0.02503918,-0.0235253,-0.02755657,-0.02703447,-0.000731500000000003,2.7810547630172677,1783851299999,2026-07-12 10:14:59 UTC,8931,25.0,0.2807096339546373,279633261.0,30092830.0,12.059300322359386,1463989.567778,165022.04609999992,12.704093316115037,binance_kline_quote_asset_volume,31310.40880080618,163.92224474056655,4.49999999999999e-05,0.8597630875047746,7.000000000000062e-06,0.13374092472296642,7.000000000000062e-06,0.13374092472296642,1.4000000000000123e-05,31.111111111111455,2.3999999999999716e-05,53.333333333332824,0.6888888888888854,143337637.0,136295624.0,51.25915153562508,48.74084846437491,750584.674237,114254.29911000002,17.955185478486225,713404.8935409999,50767.7469899999,7.661470120448877,51.26981030173701,48.73018969826299,1.0516671980605923,1.0521159597202334,37179.780696000205,2.539620603474011,2715537792.0,14207693.727744,737712.0,0.0271737136533457,69014.91110399924,0.4881284312277797,0.8185,-0.0017000000000000348,-0.20726652036089183,45.01,54.99000000000001,0.9776,0.007800000000000029,0.8042895442359279,49.43,50.57000000000001,0.8925,-0.007900000000000018,-0.8773878276321655,47.160000000000004,52.839999999999996,0.15910000000000002,0.07399999999999995,-0.08510000000000006,1783850400004,2026-07-12 10:00:00 UTC,-0.00298901,0.00519
FINAL_REAL_MARK_PREMIUM_CLOSED_GUARD_2026_06_13,1783851300000,2026-07-12 10:15:00 UTC,TUSDT,1783851300000,2026-07-12 10:15:00 UTC,1783851599999,2026-07-12 10:19:59 UTC,True,0.005242,0.005325,0.005233,0.005266,2.499999999999985e-05,0.47700820454111525,58.93096463409209,0.00524798,0.005293,0.00523408,0.00527,2.20200000000002e-05,0.4195900136814584,1783851599999,2026-07-12 10:19:59 UTC,-4.000000000000531e-06,-0.07590132827325485,-0.02703733,-0.01772327,-0.02897947,-0.02476807,0.0022664000000000017,-8.38337130337677,1783851599999,2026-07-12 10:19:59 UTC,16498,7567.0,84.72735415966856,513650170.0,234016909.0,83.68707934211017,2709586.805496,1245597.2377180003,85.08238481566033,binance_kline_quote_asset_volume,31134.087162080254,164.2372897015396,9.200000000000007e-05,1.7550553223960332,2.3999999999999716e-05,0.457840518885916,2.3999999999999716e-05,0.457840518885916,5.9000000000000025e-05,64.13043478260867,9.000000000000327e-06,9.782608695652522,0.35869565217391325,281255471.0,232394699.0,54.75623049049122,45.24376950950877,1483948.768933,733364.094696,97.70571127654512,1225638.0365630002,512233.1430220003,71.80118158140472,54.766607437083294,45.233392562916706,1.2102490814560276,1.210756132450302,258310.73236999987,9.533214874166584,2743839764.0,14399616.20467672,28301972.0,1.042223462452921,191922.47693271935,1.3508348406887722,0.8175,-0.0010000000000000009,-0.12217470983506426,44.98,55.02,0.9754,-0.0021999999999999797,-0.22504091653027616,49.38,50.62,0.8886,-0.0039000000000000146,-0.436974789915968,47.05,52.949999999999996,0.15790000000000004,0.07109999999999994,-0.0868000000000001,1783850400004,2026-07-12 10:00:00 UTC,-0.00298901,0.00519
FINAL_REAL_MARK_PREMIUM_CLOSED_GUARD_2026_06_13,1783851600000,2026-07-12 10:20:00 UTC,TUSDT,1783851600000,2026-07-12 10:20:00 UTC,1783851899999,2026-07-12 10:24:59 UTC,True,0.005266,0.00569,0.005263,0.005506,0.00023999999999999976,4.557538928978348,76.3677025695586,0.005266,0.00567,0.005264,0.00551343,0.00024342999999999934,4.619165085388981,1783851899999,2026-07-12 10:24:59 UTC,-7.43000000000011e-06,-0.13476184516716655,-0.02470212,-0.01958203,-0.03214345,-0.03043582,-0.005667749999999999,22.883292884750404,1783851899999,2026-07-12 10:24:59 UTC,80324,63826.0,386.87113589526,2234344831.0,1720694661.0,334.9934958650943,12324199.979577,9614613.174081,354.8368760350901,binance_kline_quote_asset_volume,27816.652943080524,153.43110377442608,0.00042699999999999943,8.108621344473974,0.00023999999999999976,4.557538928978348,0.00023999999999999976,4.557538928978348,0.00018400000000000014,43.09133489461367,2.999999999999531e-06,0.7025761124120691,0.5690866510538632,1259320682.0,975024149.0,56.361966359345715,43.63803364065428,6938763.841104,5454815.072171,367.58782960500463,5385436.138472999,4159798.1019099993,339.3985808057269,56.301941323595415,43.698058676404585,1.2915789658046715,1.288431180445013,1553327.7026310004,12.603882647190822,2755587560.0,14521946.4412,11747796.0,0.428151678320819,122330.23652327992,0.8495381736879168,0.8192,0.0017000000000000348,0.2079510703363957,45.03,54.97,0.9649,-0.010500000000000065,-1.0764814435103613,49.11,50.89,0.8947,0.006100000000000105,0.6864731037587335,47.22,52.78,0.14569999999999994,0.07550000000000001,-0.07019999999999993,1783850400004,2026-07-12 10:00:00 UTC,-0.00298901,0.00519
FINAL_REAL_MARK_PREMIUM_CLOSED_GUARD_2026_06_13,1783851900000,2026-07-12 10:25:00 UTC,TUSDT,1783851900000,2026-07-12 10:25:00 UTC,1783852199999,2026-07-12 10:29:59 UTC,True,0.005506,0.005586,0.005492,0.005555,4.900000000000043e-05,0.8899382491827177,78.38544853483288,0.00551343,0.005581,0.005496,0.00556052,4.70900000000005e-05,0.8540962703797907,1783852199999,2026-07-12 10:29:59 UTC,-5.5200000000001775e-06,-0.09927129117420991,-0.02653576,-0.0168249,-0.02683974,-0.02226673,0.00816909,-26.840380840733058,1783852199999,2026-07-12 10:29:59 UTC,23570,-56754.0,-70.65634181564663,621259104.0,-1613085727.0,-72.19502131540054,3443387.545238,-8880812.434339,-72.05995073964885,binance_kline_quote_asset_volume,26358.04429359355,146.09196203809927,9.399999999999947e-05,1.7072284780239644,4.900000000000043e-05,0.8899382491827177,4.900000000000043e-05,0.8899382491827177,3.099999999999978e-05,32.97872340425527,1.3999999999999256e-05,14.89361702127589,0.6702127659574473,320584796.0,300674308.0,51.60243028003981,48.397569719960195,1777426.001604,-5161337.8395,-74.38411160393088,1665961.5436339998,-3719474.5948389997,-69.06542941373786,51.618529086627916,48.381470913372084,1.0662194523118351,1.066906981374168,111464.45797000034,3.2370581732558406,2642257157.0,14567899.87711851,-113330403.0,-4.11274911547358,45953.43591850996,0.31644129872381394,0.7762,-0.04300000000000004,-5.249023437500004,43.7,56.3,0.9502,-0.014699999999999935,-1.523473935122804,48.72,51.28,0.8904,-0.0043000000000000815,-0.4806080250363341,47.099999999999994,52.900000000000006,0.17400000000000004,0.11419999999999997,-0.059800000000000075,1783850400004,2026-07-12 10:00:00 UTC,-0.00298901,0.00519
FINAL_REAL_MARK_PREMIUM_CLOSED_GUARD_2026_06_13,1783852200000,2026-07-12 10:30:00 UTC,TUSDT,1783852200000,2026-07-12 10:30:00 UTC,1783852499999,2026-07-12 10:34:59 UTC,True,0.005557,0.005943,0.005556,0.005883,0.00032800000000000017,5.904590459045908,86.62045958691229,0.00556044,0.005927,0.00556,0.005879,0.00031847999999999946,5.727521886442266,1783852499999,2026-07-12 10:34:59 UTC,4.000000000000531e-06,0.06803878210580934,-0.02045754,0.0,-0.02649179,-0.01698554,0.005281189999999998,-23.717851700721205,1783852499999,2026-07-12 10:34:59 UTC,78734,55164.0,234.04327535002122,1900987777.0,1279728673.0,205.98952429999318,11033055.254829,7589667.709591001,220.41282341533295,binance_kline_quote_asset_volume,24144.432862549853,140.13075996175732,0.0003870000000000002,6.964189310779201,0.0003259999999999999,5.866474716573689,0.0003259999999999999,5.866474716573689,6.000000000000016e-05,15.503875968992281,1.0000000000001327e-06,0.25839793281657164,0.8449612403100772,1065639098.0,835348679.0,56.05712519002694,43.94287480997307,6178383.492654,4400957.49105,247.60285306271263,4854671.762175,3188710.2185410005,191.403590960773,55.99884483447879,44.00115516552121,1.2756817898792654,1.2726676066531732,1323711.7304790001,11.997689668957577,2704041300.0,15035875.729476,61784143.0,2.338309230663577,467975.85235749,3.2123769129724025,0.7578,-0.018399999999999972,-2.3705230610667316,43.11,56.88999999999999,0.9429,-0.007300000000000084,-0.7682593138286764,48.53,51.470000000000006,0.872,-0.018399999999999972,-2.0664869721473464,46.58,53.42,0.18509999999999993,0.11419999999999997,-0.07089999999999996,1783850400004,2026-07-12 10:00:00 UTC,-0.00298901,0.00519
FINAL_REAL_MARK_PREMIUM_CLOSED_GUARD_2026_06_13,1783852500000,2026-07-12 10:35:00 UTC,TUSDT,1783852500000,2026-07-12 10:35:00 UTC,1783852799999,2026-07-12 10:39:59 UTC,True,0.005886,0.006045,0.005837,0.005907,2.3999999999999716e-05,0.4079551249362522,87.01043275146927,0.005883,0.00602409,0.00586,0.00591696,3.796000000000008e-05,0.6456880421840463,1783852799999,2026-07-12 10:39:59 UTC,-9.95999999999983e-06,-0.1683296828100888,-0.0142853,-0.01122454,-0.02225085,-0.02063223,-0.003646690000000001,21.46937924846664,1783852799999,2026-07-12 10:39:59 UTC,61214,-17520.0,-22.25214011735718,1369549223.0,-531438554.0,-27.955916415132215,8132629.359819,-2900425.895010001,-26.288510553235277,binance_kline_quote_asset_volume,22373.137239847092,132.8557088218218,0.00020799999999999985,3.533809038396192,2.1000000000000185e-05,0.35677879714577276,2.1000000000000185e-05,0.35677879714577276,0.0001380000000000001,66.34615384615394,4.8999999999999565e-05,23.557692307692115,0.33653846153846056,713461876.0,656087347.0,52.09465012415987,47.90534987584013,4239774.946486,-1938608.5461680004,-31.377277704968865,3892854.4133329997,-961817.3488420006,-19.812201441423202,52.13289280627392,47.867107193726085,1.0874495282714238,1.089117263662571,346920.5331530003,4.265785612547838,2677274871.0,15739698.966609,-26766429.0,-0.9898676103800633,703823.237133,4.680959392030891,0.7268,-0.031000000000000028,-4.090789126418583,42.089999999999996,57.91,0.9392,-0.0036999999999999256,-0.3924064057694268,48.43,51.57000000000001,0.8567,-0.01529999999999998,-1.7545871559633004,46.14,53.86,0.21240000000000003,0.12990000000000002,-0.08250000000000002,1783850400004,2026-07-12 10:00:00 UTC,-0.00298901,0.00519
FINAL_REAL_MARK_PREMIUM_CLOSED_GUARD_2026_06_13,1783852800000,2026-07-12 10:40:00 UTC,TUSDT,1783852800000,2026-07-12 10:40:00 UTC,1783853099999,2026-07-12 10:44:59 UTC,True,0.005906,0.005985,0.005876,0.005903,-3.9999999999996635e-06,-0.06771626883358157,86.5576058748159,0.005917,0.0059808,0.00588817,0.005911,-5.9600000000001666e-06,-0.10072740055704563,1783853099999,2026-07-12 10:44:59 UTC,-7.999999999999327e-06,-0.1353408898663395,-0.02138294,-0.01468687,-0.02255755,-0.01717268,0.003459550000000002,-16.76769791728767,1783853099999,2026-07-12 10:44:59 UTC,28153,-33061.0,-54.00888685594799,739515835.0,-630033388.0,-46.002975097157204,4387472.592968,-3745156.7668509996,-46.05099533190028,binance_kline_quote_asset_volume,26267.745355734736,155.84387429289953,0.00010899999999999972,1.8455807653233953,-2.999999999999531e-06,-0.05079580088045261,2.999999999999531e-06,0.05079580088045261,7.900000000000008e-05,72.47706422018373,2.7000000000000114e-05,24.77064220183503,0.2477064220183503,358440258.0,381075577.0,48.469585238834,51.530414761166,2127641.814321,-2112133.132165,-49.817104889389775,2259830.778647,-1633023.6346859997,-41.949260395993875,48.49356364598305,51.50643635401695,0.9406014964847773,0.9415049279021044,-132188.96432599984,-3.0128727080338926,2699487964.0,15972762.30346944,22213093.0,0.8296904154523027,233063.33686044067,1.4807356694360745,0.7147,-0.0121,-1.6648321408915794,41.68,58.32000000000001,0.9432,0.0040000000000000036,0.42589437819420817,48.54,51.459999999999994,0.8406,-0.016100000000000003,-1.8793043072254,45.67,54.33,0.22850000000000004,0.1259,-0.10260000000000002,1783850400004,2026-07-12 10:00:00 UTC,-0.00298901,0.00519
FINAL_REAL_MARK_PREMIUM_CLOSED_GUARD_2026_06_13,1783853100000,2026-07-12 10:45:00 UTC,TUSDT,1783853100000,2026-07-12 10:45:00 UTC,1783853399999,2026-07-12 10:49:59 UTC,True,0.005903,0.00618,0.005891,0.005966,6.299999999999969e-05,1.0672539386752447,87.64795360244806,0.00591042,0.006161,0.00590438,0.00596342,5.242000000000007e-05,0.8868211808492654,1783853399999,2026-07-12 10:49:59 UTC,2.5800000000002904e-06,0.04326376475244559,-0.01806134,-0.01034661,-0.02047684,-0.01526099,0.0019116899999999989,-11.132158754486772,1783853399999,2026-07-12 10:49:59 UTC,57061,28908.0,102.68177458885377,1519666963.0,780151128.0,105.49485096556452,9157728.555464,4770255.962495999,108.72446178106054,binance_kline_quote_asset_volume,26632.32265470286,160.490151863164,0.0002889999999999993,4.895815686938833,6.299999999999969e-05,1.0672539386752447,6.299999999999969e-05,1.0672539386752447,0.00021399999999999978,74.0484429065745,1.1999999999999858e-05,4.1522491349480575,0.2595155709342551,820283569.0,699383394.0,53.97785100102883,46.02214899897116,4947761.60533,2820119.7910089996,132.5467365807055,4209966.950134,1950136.1714869998,86.2956726633567,54.02826230722787,45.97173769277212,1.1728668081587308,1.1752495123916629,737794.6551959999,8.056524614455746,2730837381.0,16141979.759091,31349417.0,1.1613097527409462,169217.45562155917,1.0594125950575466,0.6998,-0.014900000000000024,-2.0847908213236357,41.17,58.830000000000005,0.9341,-0.009099999999999997,-0.9648006785411362,48.3,51.7,0.8212,-0.019399999999999973,-2.3078753271472725,45.09,54.910000000000004,0.23430000000000006,0.12140000000000006,-0.1129,1783850400004,2026-07-12 10:00:00 UTC,-0.00298901,0.00519
