code_version,timestamp,time,symbol,open_time,open_time_str,close_time,close_time_str,is_closed_candle,open,high,low,close,close_change,close_change_pct,rsi,mark_open,mark_high,mark_low,mark_close,mark_close_change,mark_close_change_pct,mark_close_time,mark_close_time_str,mark_last_close_spread,mark_last_close_spread_pct,premium_index_open,premium_index_high,premium_index_low,premium_index_close,premium_index_close_change,premium_index_close_change_pct,premium_index_close_time,premium_index_close_time_str,number_of_trades,trades_change,trades_change_pct,volume,volume_change,volume_change_pct,quote_volume,quote_volume_change,quote_volume_change_pct,quote_volume_source,avg_base_per_trade,avg_quote_per_trade,price_range,price_range_pct,candle_body,candle_body_pct,candle_body_abs,candle_body_abs_pct,upper_wick,upper_wick_pct_of_range,lower_wick,lower_wick_pct_of_range,close_location_in_range,taker_buy_base_volume,taker_sell_base_volume,taker_buy_base_pct,taker_sell_base_pct,taker_buy_quote_volume,taker_buy_quote_change,taker_buy_quote_change_pct,taker_sell_quote_volume,taker_sell_quote_change,taker_sell_quote_change_pct,taker_buy_quote_pct,taker_sell_quote_pct,taker_buy_sell_base_ratio,taker_buy_sell_quote_ratio,taker_quote_imbalance,taker_quote_imbalance_pct,oi,oi_value,oi_change,oi_change_pct,oi_value_change,oi_value_change_pct,acco_ls_ratio,acco_ls_change,acco_ls_change_pct,acco_long_pct,acco_short_pct,posit_ls_ratio,posit_ls_change,posit_ls_change_pct,posit_long_pct,posit_short_pct,global_ls_ratio,global_ls_change,global_ls_change_pct,global_long_pct,global_short_pct,acco_posit_ls_spread,global_acco_ls_spread,global_posit_ls_spread,funding_time,funding_time_str,funding_rate,mark_price_at_funding
FINAL_REAL_MARK_PREMIUM_CLOSED_GUARD_2026_06_13,1783338300000,2026-07-06 11:45:00 UTC,USUSDT,1783338300000,2026-07-06 11:45:00 UTC,1783338599999,2026-07-06 11:49:59 UTC,True,0.016683,0.016709,0.01664,0.016666,,,53.67915250138937,0.01669075,0.01670767,0.01664855,0.016666,,,1783338599999,2026-07-06 11:49:59 UTC,0.0,0.0,-0.00031738,0.0,-0.00096086,0.0,,,1783338599999,2026-07-06 11:49:59 UTC,113,,,244742.0,,,4082.836421,,,binance_kline_quote_asset_volume,2165.858407079646,36.13129576106195,6.900000000000309e-05,0.41359467721634646,-1.6999999999999654e-05,-0.10190013786489033,1.6999999999999654e-05,0.10190013786489033,2.6000000000001716e-05,37.681159420290655,2.6000000000001716e-05,37.681159420290655,0.37681159420290655,149719.0,95023.0,61.17421611329482,38.82578388670518,2498.947736,,,1583.888685,,,61.20616841631726,38.79383158368274,1.5756080106921482,1.5777293945375968,915.0590510000002,22.412336832634523,483138400.0,8063942.2498,,,,,0.9077,,,47.58,52.42,1.5068,,,60.11,39.89,1.0471,,,51.15,48.85,0.5991,0.13939999999999997,-0.4597,1783324800000,2026-07-06 08:00:00 UTC,5e-05,0.01672819
FINAL_REAL_MARK_PREMIUM_CLOSED_GUARD_2026_06_13,1783338600000,2026-07-06 11:50:00 UTC,USUSDT,1783338600000,2026-07-06 11:50:00 UTC,1783338899999,2026-07-06 11:54:59 UTC,True,0.016649,0.016745,0.016645,0.0167,3.399999999999931e-05,0.2040081603264089,56.39333681716513,0.016666,0.01674013,0.016645,0.01671074,4.4740000000001445e-05,0.26845073802952985,1783338899999,2026-07-06 11:54:59 UTC,-1.0740000000002137e-05,-0.06427004429487944,0.0,0.00243368,0.0,0.0,0.0,,1783338899999,2026-07-06 11:54:59 UTC,231,118.0,104.42477876106196,386130.0,141388.0,57.770223337228586,6452.879865,2370.043444,58.0489444007534,binance_kline_quote_asset_volume,1671.5584415584415,27.93454487012987,9.99999999999994e-05,0.6006366748753642,5.099999999999896e-05,0.3063247041864314,5.099999999999896e-05,0.3063247041864314,4.49999999999999e-05,45.00000000000017,4.000000000000531e-06,4.000000000000555,0.5499999999999983,267018.0,119112.0,69.15235801414032,30.847641985859685,4462.107081,1963.159345,78.55943990819021,1990.7727839999998,406.8840989999999,25.688932742139002,69.14908032306906,30.850919676930943,2.241738867620391,2.241394455892863,2471.3342970000003,38.29816064613812,483165622.0,8052438.256252,27222.0,0.0056344103470144374,-11503.993548000231,-0.14265967180364603,0.9044,-0.0032999999999999696,-0.36355624104880135,47.49,52.51,1.5072,0.000400000000000178,0.026546323334230026,60.12,39.879999999999995,1.0442,-0.0028999999999999027,-0.276955400630303,51.080000000000005,48.92,0.6028000000000001,0.13980000000000004,-0.4630000000000001,1783324800000,2026-07-06 08:00:00 UTC,5e-05,0.01672819
FINAL_REAL_MARK_PREMIUM_CLOSED_GUARD_2026_06_13,1783338900000,2026-07-06 11:55:00 UTC,USUSDT,1783338900000,2026-07-06 11:55:00 UTC,1783339199999,2026-07-06 11:59:59 UTC,True,0.016712,0.016741,0.016674,0.016715,1.5000000000001124e-05,0.08982035928144386,57.574438965072645,0.01670485,0.01673045,0.016691,0.0167071,-3.640000000002669e-06,-0.02178239862509182,1783339199999,2026-07-06 11:59:59 UTC,7.900000000001656e-06,0.04728528589642521,0.0,0.00055848,0.0,0.0,0.0,,1783339199999,2026-07-06 11:59:59 UTC,124,-107.0,-46.320346320346324,171281.0,-214849.0,-55.64162328749384,2861.168444,-3591.711421,-55.66059644905539,binance_kline_quote_asset_volume,1381.2983870967741,23.07393906451613,6.699999999999762e-05,0.4009095260890235,2.999999999999531e-06,0.01795117280995411,2.999999999999531e-06,0.01795117280995411,2.5999999999998247e-05,38.805970149252495,3.799999999999984e-05,56.716417910449536,0.611940298507475,92478.0,78803.0,53.99197809447634,46.00802190552367,1545.292761,-2916.8143200000004,-65.36854152200927,1315.875683,-674.8971009999998,-33.901262184424155,54.00915015124499,45.990849848755005,1.1735340025125947,1.1743455563195477,229.41707799999995,8.018300302489983,483065978.0,8072389.96120372,-99644.0,-0.02062315600756877,19951.704951720312,0.247772219007449,0.9022,-0.0021999999999999797,-0.2432551968155661,47.43,52.56999999999999,1.5072,0.0,0.0,60.11,39.89,1.0475,0.0033000000000000806,0.31603141160697956,51.160000000000004,48.84,0.6050000000000001,0.1453000000000001,-0.4597,1783324800000,2026-07-06 08:00:00 UTC,5e-05,0.01672819
FINAL_REAL_MARK_PREMIUM_CLOSED_GUARD_2026_06_13,1783339200000,2026-07-06 12:00:00 UTC,USUSDT,1783339200000,2026-07-06 12:00:00 UTC,1783339499999,2026-07-06 12:04:59 UTC,True,0.016715,0.016736,0.016464,0.016612,-0.0001030000000000024,-0.6162129823511959,47.96699675520464,0.0167071,0.01671755,0.01661366,0.01661366,-9.344000000000019e-05,-0.5592831790077284,1783339499999,2026-07-06 12:04:59 UTC,-1.66000000000055e-06,-0.009991777850278325,0.0,0.0010802,-0.00563109,0.0,0.0,,1783339499999,2026-07-06 12:04:59 UTC,893,769.0,620.1612903225806,2685288.0,2514007.0,1467.7675865974627,44573.767882,41712.599438,1457.8868827339827,binance_kline_quote_asset_volume,3007.041433370661,49.914633686450166,0.0002720000000000014,1.627280885432255,-0.0001030000000000024,-0.6162129823511959,0.0001030000000000024,0.6162129823511959,2.1000000000000185e-05,7.720588235294146,0.00014799999999999883,54.41176470588164,0.5441176470588164,1170197.0,1515091.0,43.57808175510411,56.4219182448959,19441.994532,17896.701771,1158.143118422335,25131.77335,23815.897667,1809.8896403878605,43.61757027915776,56.38242972084224,0.7723608680930716,0.7736021752718855,-5689.778817999999,-12.764859441684475,483044355.0,8070270.3434205,-21623.0,-0.00447620014340981,-2119.617783220485,-0.026257623744733168,0.9051,0.0029000000000000137,0.3214364885834642,47.510000000000005,52.49,1.5073,9.999999999998899e-05,0.006634819532907974,60.12,39.879999999999995,1.0488,0.0012999999999998568,0.12410501193316054,51.190000000000005,48.809999999999995,0.6022000000000001,0.14369999999999994,-0.45850000000000013,1783324800000,2026-07-06 08:00:00 UTC,5e-05,0.01672819
FINAL_REAL_MARK_PREMIUM_CLOSED_GUARD_2026_06_13,1783339500000,2026-07-06 12:05:00 UTC,USUSDT,1783339500000,2026-07-06 12:05:00 UTC,1783339799999,2026-07-06 12:09:59 UTC,True,0.016618,0.016856,0.016618,0.016831,0.00021900000000000044,1.3183241030580333,62.35203799229552,0.0166131,0.016856,0.0166131,0.016831,0.0002173399999999999,1.3082006011920306,1783339799999,2026-07-06 12:09:59 UTC,0.0,0.0,0.0,0.00595613,0.0,0.0,0.0,,1783339799999,2026-07-06 12:09:59 UTC,604,-289.0,-32.36282194848824,1147655.0,-1537633.0,-57.26138127455975,19228.261475,-25345.506407,-56.86193384884375,binance_kline_quote_asset_volume,1900.091059602649,31.834869991721853,0.00023799999999999863,1.4321819713563522,0.0002129999999999979,1.2817426886508478,0.0002129999999999979,1.2817426886508478,2.5000000000000716e-05,10.50420168067263,0.0,0.0,0.8949579831932737,848119.0,299536.0,73.90017034736049,26.09982965263951,14205.104648,-5236.889884,-26.9359703572619,5023.156826999999,-20108.616523,-80.0127243030385,73.87617786698524,26.12382213301475,2.831442631269697,2.827923781245702,9181.947821000002,47.75235573397049,482663187.0,8018802.08333442,-381168.0,-0.07890952374342518,-51468.26008608006,-0.6377513750582211,0.9095,0.0043999999999999595,0.4861341288255397,47.63,52.370000000000005,1.5049,-0.0024000000000001798,-0.15922510449148675,60.08,39.92,1.0504,0.0016000000000000458,0.15255530129672443,51.23,48.77,0.5953999999999999,0.14090000000000003,-0.4544999999999999,1783339200002,2026-07-06 12:00:00 UTC,5e-05,0.0167071
FINAL_REAL_MARK_PREMIUM_CLOSED_GUARD_2026_06_13,1783339800000,2026-07-06 12:10:00 UTC,USUSDT,1783339800000,2026-07-06 12:10:00 UTC,1783340099999,2026-07-06 12:14:59 UTC,True,0.016816,0.016854,0.016729,0.016797,-3.399999999999931e-05,-0.20200819915631463,59.597312187895,0.016831,0.01683155,0.01676341,0.01679573,-3.527000000000044e-05,-0.20955379953657205,1783340099999,2026-07-06 12:14:59 UTC,1.2700000000011313e-06,0.007561445676973442,0.0,0.00181993,-0.00079199,0.0,0.0,,1783340099999,2026-07-06 12:14:59 UTC,625,21.0,3.47682119205298,1759634.0,611979.0,53.324300421293856,29563.311387,10335.049912000002,53.749268624401225,binance_kline_quote_asset_volume,2815.4144,47.3012982192,0.0001250000000000001,0.7433396764985734,-1.9000000000001654e-05,-0.1129876308277929,1.9000000000001654e-05,0.1129876308277929,3.799999999999984e-05,30.399999999999842,6.799999999999862e-05,54.39999999999885,0.5439999999999885,885956.0,873678.0,50.34887936923247,49.65112063076754,14896.417388,691.3127399999994,4.866650103118617,14666.893999000002,9643.737172000003,191.98558803029792,50.38818958065187,49.61181041934814,1.0140532324265918,1.0156490794176085,229.52338899999813,0.7763791613037212,482691491.0,8124180.485021,28304.0,0.005864130673798414,105378.40168657992,1.314141446458558,0.9106,0.0010999999999999899,0.12094557449147773,47.660000000000004,52.339999999999996,1.5042,-0.0006999999999999229,-0.04651471858594743,60.07,39.93,1.0521,0.0017000000000000348,0.16184310738766516,51.27,48.730000000000004,0.5936,0.14150000000000007,-0.45209999999999995,1783339200002,2026-07-06 12:00:00 UTC,5e-05,0.0167071
FINAL_REAL_MARK_PREMIUM_CLOSED_GUARD_2026_06_13,1783340100000,2026-07-06 12:15:00 UTC,USUSDT,1783340100000,2026-07-06 12:15:00 UTC,1783340399999,2026-07-06 12:19:59 UTC,True,0.016796,0.016796,0.016675,0.016685,-0.00011200000000000099,-0.6667857355480205,51.52224263599925,0.01679573,0.01679573,0.01668708,0.01668708,-0.00010864999999999833,-0.6468906085058425,1783340399999,2026-07-06 12:19:59 UTC,-2.080000000001525e-06,-0.012464733194792167,0.0,0.0,-0.00309002,-0.00282789,-0.00282789,,1783340399999,2026-07-06 12:19:59 UTC,260,-365.0,-58.4,418850.0,-1340784.0,-76.19675455236714,7000.630486,-22562.680901,-76.31987027989557,binance_kline_quote_asset_volume,1610.9615384615386,26.925501869230768,0.00012099999999999958,0.7204096213384115,-0.00011099999999999999,-0.6608716361038343,0.00011099999999999999,0.6608716361038343,0.0,0.0,9.999999999999593e-06,8.264462809917047,0.08264462809917048,238328.0,180522.0,56.90056106004536,43.09943893995464,3983.20674,-10913.210648,-73.2606395467361,3017.423746,-11649.470253000001,-79.42697515775508,56.89782867365584,43.10217132634416,1.3202158185705897,1.32006873256707,965.7829940000001,13.795657347311677,482739858.0,8107968.31520634,48367.0,0.010020271933900735,-16212.169814660214,-0.1995545254632327,0.9168,0.006199999999999983,0.6808697562046985,47.83,52.17,1.5047,0.0004999999999999449,0.03324026060363947,60.07,39.93,1.0602,0.008099999999999996,0.7698887938408893,51.459999999999994,48.54,0.5879,0.14340000000000008,-0.4444999999999999,1783339200002,2026-07-06 12:00:00 UTC,5e-05,0.0167071
FINAL_REAL_MARK_PREMIUM_CLOSED_GUARD_2026_06_13,1783340400000,2026-07-06 12:20:00 UTC,USUSDT,1783340400000,2026-07-06 12:20:00 UTC,1783340699999,2026-07-06 12:24:59 UTC,True,0.016678,0.016726,0.016657,0.016724,3.900000000000084e-05,0.23374288282889324,53.86630471152083,0.01668708,0.016726,0.01667846,0.01671091,2.382999999999899e-05,0.14280509232291683,1783340699999,2026-07-06 12:24:59 UTC,1.3090000000000324e-05,0.0783320597142844,-0.00283838,-0.00047369,-0.00289805,-0.00063317,0.00219472,-77.60980801940669,1783340699999,2026-07-06 12:24:59 UTC,234,-26.0,-10.0,370064.0,-48786.0,-11.64760654172138,6178.839899,-821.7905870000004,-11.738808220822875,binance_kline_quote_asset_volume,1581.4700854700855,26.40529871367521,6.899999999999962e-05,0.41371867130351136,4.60000000000009e-05,0.2758124475356812,4.60000000000009e-05,0.2758124475356812,2.000000000002e-06,2.8985507246405957,2.0999999999996716e-05,30.434782608691062,0.9710144927535941,239786.0,130278.0,64.79581910156081,35.20418089843919,4004.396335,21.189594999999827,0.5319732663436854,2174.4435639999997,-842.9801820000002,-27.9370831861943,64.80822291006572,35.19177708993427,1.8405717005173552,1.8415728976813308,1829.9527710000002,29.61644582013146,482575621.0,8052777.99367668,-164237.0,-0.034021843706968154,-55190.32152965944,-0.6806923681010327,0.9172,0.00040000000000006697,0.04363001745201429,47.839999999999996,52.16,1.5051,0.000400000000000178,0.02658337210076281,60.08,39.92,1.0597,-0.0004999999999999449,-0.047160913035271174,51.449999999999996,48.55,0.5879000000000001,0.14250000000000007,-0.4454,1783339200002,2026-07-06 12:00:00 UTC,5e-05,0.0167071
FINAL_REAL_MARK_PREMIUM_CLOSED_GUARD_2026_06_13,1783340700000,2026-07-06 12:25:00 UTC,USUSDT,1783340700000,2026-07-06 12:25:00 UTC,1783340999999,2026-07-06 12:29:59 UTC,True,0.016724,0.016778,0.016705,0.016734,9.999999999999593e-06,0.05979430758191577,54.47416612204561,0.016724,0.0167714,0.01671347,0.016734,2.3089999999999916e-05,0.13817320540892097,1783340999999,2026-07-06 12:29:59 UTC,0.0,0.0,-0.00083479,0.0,-0.00108419,-0.00098523,-0.00035205999999999996,55.60276071197309,1783340999999,2026-07-06 12:29:59 UTC,201,-33.0,-14.102564102564102,350862.0,-19202.0,-5.188832201997492,5875.539405,-303.30049399999916,-4.90869643748313,binance_kline_quote_asset_volume,1745.5820895522388,29.23153932835821,7.300000000000015e-05,0.4364984453480038,9.999999999999593e-06,0.05979430758191577,9.999999999999593e-06,0.05979430758191577,4.400000000000237e-05,60.27397260274285,1.8999999999998185e-05,26.027397260271435,0.39726027397257146,302860.0,48002.0,86.31883760566834,13.681162394331675,5071.924298,1067.527963,26.658898712632052,803.6151070000005,-1370.8284569999992,-63.04272411091188,86.3227007495493,13.6772992504507,6.309320444981459,6.311384957575215,4268.309190999999,72.64540149909861,482603188.0,8064738.44038108,27567.0,0.005712472574324263,11960.446704399772,0.148525722598978,0.919,0.0018000000000000238,0.196249454862628,47.89,52.11,1.5052,9.999999999998899e-05,0.006644076805527139,60.08,39.92,1.0619,0.0021999999999999797,0.20760592620552792,51.5,48.5,0.5862,0.14290000000000003,-0.4433,1783339200002,2026-07-06 12:00:00 UTC,5e-05,0.0167071
FINAL_REAL_MARK_PREMIUM_CLOSED_GUARD_2026_06_13,1783341000000,2026-07-06 12:30:00 UTC,USUSDT,1783341000000,2026-07-06 12:30:00 UTC,1783341299999,2026-07-06 12:34:59 UTC,True,0.016734,0.016829,0.01672,0.016819,8.500000000000174e-05,0.5079478905223004,59.37412734000303,0.016734,0.01682,0.01672705,0.01681323,7.922999999999958e-05,0.47346719254212727,1783341299999,2026-07-06 12:34:59 UTC,5.770000000002162e-06,0.034318212502904934,-0.00097715,0.00066102,-0.0010527,0.0,0.00098523,-100.0,1783341299999,2026-07-06 12:34:59 UTC,307,106.0,52.736318407960205,528762.0,177900.0,50.703695470013855,8881.341273,3005.8018679999996,51.157887996497905,binance_kline_quote_asset_volume,1722.3517915309446,28.929450400651465,0.00010900000000000146,0.6513684713756512,8.500000000000174e-05,0.5079478905223004,8.500000000000174e-05,0.5079478905223004,9.999999999999593e-06,9.174311926605009,1.4000000000000123e-05,12.844036697247649,0.90825688073395,428224.0,100538.0,80.98615256013102,19.01384743986898,7193.959189,2122.0348910000002,41.83885181087536,1687.3820839999998,883.7669769999993,109.97391279753515,81.00081922164416,18.99918077835584,4.259324832401679,4.263384835725209,5506.577105,62.00163844328832,482610642.0,8076006.483228,7454.0,0.0015445401492043189,11268.042846919969,0.13971987969875838,0.919,0.0,0.0,47.89,52.11,1.5052,0.0,0.0,60.08,39.92,1.0593,-0.0026000000000001577,-0.24484414728318651,51.44,48.559999999999995,0.5862,0.14029999999999987,-0.4459000000000002,1783339200002,2026-07-06 12:00:00 UTC,5e-05,0.0167071
FINAL_REAL_MARK_PREMIUM_CLOSED_GUARD_2026_06_13,1783341300000,2026-07-06 12:35:00 UTC,USUSDT,1783341300000,2026-07-06 12:35:00 UTC,1783341599999,2026-07-06 12:39:59 UTC,True,0.01681,0.016831,0.016711,0.016777,-4.200000000000037e-05,-0.24971758130685756,56.157802627893275,0.01681323,0.01681336,0.01673793,0.01676775,-4.547999999999705e-05,-0.2705012659673189,1783341599999,2026-07-06 12:39:59 UTC,9.249999999998842e-06,0.055165421717277764,0.0,0.00287383,-0.00080522,0.00047747,0.00047747,,1783341599999,2026-07-06 12:39:59 UTC,433,126.0,41.042345276872965,813338.0,284576.0,53.81929866367099,13643.536064,4762.194791,53.620220692086896,binance_kline_quote_asset_volume,1878.378752886836,31.509321163972285,0.00011999999999999858,0.7138607971445484,-3.299999999999831e-05,-0.19631171921474308,3.299999999999831e-05,0.19631171921474308,2.1000000000000185e-05,17.500000000000362,6.600000000000009e-05,55.000000000000725,0.5500000000000073,502264.0,311074.0,61.75341616892362,38.24658383107638,8427.628547,1233.669358,17.148684411309358,5215.907517,3528.525433,209.11241540715565,61.77011961904248,38.22988038095752,1.6146126002173116,1.6157549802277296,3211.7210300000006,23.54023923808496,482396922.0,8110650.40087806,-213720.0,-0.04428414572756147,34643.9176500598,0.4289733759130483,0.9205,0.0014999999999999458,0.1632208922742052,47.93,52.07000000000001,1.5059,0.0006999999999999229,0.04650544778102065,60.089999999999996,39.910000000000004,1.0619,0.0026000000000001577,0.2454451052582043,51.5,48.5,0.5854,0.14140000000000008,-0.44399999999999995,1783339200002,2026-07-06 12:00:00 UTC,5e-05,0.0167071
FINAL_REAL_MARK_PREMIUM_CLOSED_GUARD_2026_06_13,1783341600000,2026-07-06 12:40:00 UTC,USUSDT,1783341600000,2026-07-06 12:40:00 UTC,1783341899999,2026-07-06 12:44:59 UTC,True,0.016767,0.016783,0.016755,0.016765,-1.2000000000001593e-05,-0.07152649460571969,55.237119238361544,0.01676775,0.016781,0.016758,0.01676492,-2.830000000002275e-06,-0.016877637130815255,1783341899999,2026-07-06 12:44:59 UTC,7.99999999995249e-08,0.00047718688785586147,0.00048898,0.00112086,0.0,0.0,-0.00047747,-100.0,1783341899999,2026-07-06 12:44:59 UTC,84,-349.0,-80.60046189376443,79281.0,-734057.0,-90.25239199447216,1329.55943,-12313.976634,-90.25502315702312,binance_kline_quote_asset_volume,943.8214285714286,15.828088452380953,2.8000000000000247e-05,0.16699469195443578,-2.000000000002e-06,-0.01192819228247152,2.000000000002e-06,0.01192819228247152,1.5999999999998654e-05,57.14285714285183,9.999999999999593e-06,35.714285714283946,0.35714285714283944,59378.0,19903.0,74.89562442451533,25.104375575484667,995.924127,-7431.70442,-88.18262905815276,333.635303,-4882.272214,-93.60350424326744,74.90632645131177,25.093673548688233,2.983369341305331,2.9850681808693365,662.288824,49.81265290262354,482317149.0,8087373.37514475,-79773.0,-0.016536797056926497,-23277.025733309798,-0.286993330778871,0.9175,-0.0030000000000000027,-0.325909831613254,47.85,52.15,1.5062,0.00029999999999996696,0.01992164154326097,60.099999999999994,39.900000000000006,1.0589,-0.0030000000000001137,-0.28251247763443954,51.43,48.57,0.5887,0.14139999999999997,-0.44730000000000003,1783339200002,2026-07-06 12:00:00 UTC,5e-05,0.0167071
FINAL_REAL_MARK_PREMIUM_CLOSED_GUARD_2026_06_13,1783341900000,2026-07-06 12:45:00 UTC,USUSDT,1783341900000,2026-07-06 12:45:00 UTC,1783342199999,2026-07-06 12:49:59 UTC,True,0.016758,0.016798,0.016736,0.016781,1.6000000000002124e-05,0.09543692215927305,56.26664314453338,0.01676492,0.01679,0.01674392,0.01678962,2.4700000000002498e-05,0.1473314516263871,1783342199999,2026-07-06 12:49:59 UTC,-8.62000000000085e-06,-0.051341245364700624,0.0,0.00206526,0.0,0.0017646,0.0017646,,1783342199999,2026-07-06 12:49:59 UTC,208,124.0,147.61904761904762,225316.0,146035.0,184.1992406755717,3778.225175,2448.6657450000002,184.1712141442222,binance_kline_quote_asset_volume,1083.25,18.164544110576923,6.199999999999956e-05,0.3699725504236756,2.3000000000002185e-05,0.13724788160879692,2.3000000000002185e-05,0.13724788160879692,1.6999999999999654e-05,27.419354838709314,2.1999999999997716e-05,35.483870967738504,0.7258064516129068,116221.0,109095.0,51.581334658879086,48.418665341120914,1949.096176,953.172049,95.7072956823748,1829.128999,1495.493696,448.24204229970223,51.58761285316987,48.41238714683013,1.0653192171960217,1.0655870510311667,119.96717699999999,3.1752257063397495,482325397.0,8086146.69467324,8248.0,0.00171007811293892,-1226.680471509695,-0.015167847638637552,0.9164,-0.0010999999999999899,-0.11989100817438583,47.82,52.18000000000001,1.5062,0.0,0.0,60.099999999999994,39.900000000000006,1.0597,0.0008000000000001339,0.0755500991595178,51.449999999999996,48.55,0.5898,0.1433000000000001,-0.4464999999999999,1783339200002,2026-07-06 12:00:00 UTC,5e-05,0.0167071
FINAL_REAL_MARK_PREMIUM_CLOSED_GUARD_2026_06_13,1783342200000,2026-07-06 12:50:00 UTC,USUSDT,1783342200000,2026-07-06 12:50:00 UTC,1783342499999,2026-07-06 12:54:59 UTC,True,0.016782,0.016807,0.01674,0.016757,-2.3999999999999716e-05,-0.14301889041177354,54.251051676113356,0.01678962,0.01679411,0.01674448,0.01674583,-4.379000000000188e-05,-0.26081590887704353,1783342499999,2026-07-06 12:54:59 UTC,1.1170000000001318e-05,0.06670317326762136,0.0018742,0.00221723,0.0,0.0,-0.0017646,-100.0,1783342499999,2026-07-06 12:54:59 UTC,269,61.0,29.326923076923077,364206.0,138890.0,61.64231568108789,6109.419171,2331.1939959999995,61.70076922426942,binance_kline_quote_asset_volume,1353.9256505576209,22.711595431226765,6.699999999999762e-05,0.3992372780359768,-2.4999999999997247e-05,-0.14896913359550262,2.4999999999997247e-05,0.14896913359550262,2.5000000000000716e-05,37.31343283582329,1.6999999999999654e-05,25.373134328358592,0.25373134328358593,153262.0,210944.0,42.08112990999599,57.918870090004006,2571.266165,622.169989,31.920948625369423,3538.1530059999996,1709.0240069999995,93.43376043648847,42.08691682517392,57.91308317482608,0.7265530188106796,0.7267255431406293,-966.8868409999995,-15.826166349652155,482325669.0,8098064.69875578,272.0,5.639346418243865e-05,11918.00408254005,0.14738792817586469,0.9198,0.0033999999999999586,0.3710170231339981,47.910000000000004,52.09,1.5061,-9.999999999998899e-05,-0.006639224538573163,60.099999999999994,39.900000000000006,1.064,0.0042999999999999705,0.4057752194017146,51.55,48.449999999999996,0.5863,0.1442000000000001,-0.44209999999999994,1783339200002,2026-07-06 12:00:00 UTC,5e-05,0.0167071
FINAL_REAL_MARK_PREMIUM_CLOSED_GUARD_2026_06_13,1783342500000,2026-07-06 12:55:00 UTC,USUSDT,1783342500000,2026-07-06 12:55:00 UTC,1783342799999,2026-07-06 12:59:59 UTC,True,0.016754,0.016777,0.01671,0.01671,-4.70000000000019e-05,-0.28047979948679297,50.44038307767094,0.01674583,0.016764,0.01671,0.01671053,-3.529999999999853e-05,-0.21079874810623617,1783342799999,2026-07-06 12:59:59 UTC,-5.300000000020566e-07,-0.0031716528440573493,0.0,0.00045817,-0.00049185,0.0,0.0,,1783342799999,2026-07-06 12:59:59 UTC,180,-89.0,-33.08550185873606,257124.0,-107082.0,-29.401492561901783,4305.479386,-1803.9397849999996,-29.527189647796387,binance_kline_quote_asset_volume,1428.4666666666667,23.91932992222222,6.700000000000109e-05,0.3999045004178171,-4.400000000000237e-05,-0.2626238510206659,4.400000000000237e-05,0.2626238510206659,2.2999999999998716e-05,34.32835820895275,0.0,0.0,0.0,97276.0,159848.0,37.832329926416826,62.16767007358317,1629.1653,-942.1008650000001,-36.63956994510524,2676.3140860000003,-861.8389199999992,-24.35844121321189,37.83934735113373,62.160652648866275,0.6085531254691957,0.6087347178428293,-1047.1487860000004,-24.32130529773254,482206851.0,8074953.95168133,-118818.0,-0.024634392825566162,-23110.747074450366,-0.2853860512870587,0.9172,-0.0025999999999999357,-0.28267014568383736,47.839999999999996,52.16,1.5064,0.00029999999999996696,0.019918996082595244,60.099999999999994,39.900000000000006,1.0623,-0.0017000000000000348,-0.15977443609022882,51.51,48.49,0.5892,0.1451,-0.44409999999999994,1783339200002,2026-07-06 12:00:00 UTC,5e-05,0.0167071
FINAL_REAL_MARK_PREMIUM_CLOSED_GUARD_2026_06_13,1783342800000,2026-07-06 13:00:00 UTC,USUSDT,1783342800000,2026-07-06 13:00:00 UTC,1783343099999,2026-07-06 13:04:59 UTC,True,0.016711,0.01672,0.01665,0.016677,-3.299999999999831e-05,-0.19748653500896654,47.89649767787669,0.01671053,0.016719,0.01666149,0.01668108,-2.945000000000031e-05,-0.17623618161722165,1783343099999,2026-07-06 13:04:59 UTC,-4.080000000000056e-06,-0.024458847988260084,0.0,0.0,-0.00178425,0.0,0.0,,1783343099999,2026-07-06 13:04:59 UTC,333,153.0,85.0,399722.0,142598.0,55.45884475972682,6668.18979,2362.7104040000004,54.876825370079715,binance_kline_quote_asset_volume,1200.3663663663663,20.024593963963966,6.999999999999715e-05,0.4188857638680938,-3.399999999999931e-05,-0.20345879959307828,3.399999999999931e-05,0.20345879959307828,8.999999999998592e-06,12.85714285714137,2.6999999999999247e-05,38.57142857142907,0.38571428571429067,231490.0,168232.0,57.91274936080576,42.08725063919424,3861.697732,2232.532432,137.03535374832745,2806.4920580000003,130.17797199999995,4.864076779364974,57.91223485857021,42.08776514142979,1.376016453469019,1.3759874078360923,1055.2056739999998,15.824469717140428,482109454.0,8056304.49435062,-97397.0,-0.02019817839543719,-18649.457330710255,-0.23095434899448744,0.9142,-0.0030000000000000027,-0.3270824247710426,47.760000000000005,52.239999999999995,1.5065,9.999999999998899e-05,0.0066383430695691045,60.099999999999994,39.900000000000006,1.0585,-0.0038000000000000256,-0.3577143932975643,51.42,48.58,0.5922999999999999,0.14429999999999998,-0.44799999999999995,1783339200002,2026-07-06 12:00:00 UTC,5e-05,0.0167071
FINAL_REAL_MARK_PREMIUM_CLOSED_GUARD_2026_06_13,1783343100000,2026-07-06 13:05:00 UTC,USUSDT,1783343100000,2026-07-06 13:05:00 UTC,1783343399999,2026-07-06 13:09:59 UTC,True,0.016681,0.01669,0.016614,0.016629,-4.799999999999943e-05,-0.28782155063860065,44.38968019090343,0.01668247,0.016686,0.01662453,0.016629,-5.207999999999949e-05,-0.3122100007913126,1783343399999,2026-07-06 13:09:59 UTC,0.0,0.0,0.0,0.0,-0.00222278,-0.00170727,-0.00170727,,1783343399999,2026-07-06 13:09:59 UTC,329,-4.0,-1.2012012012012012,462138.0,62416.0,15.614852322364042,7686.014396,1017.8246059999992,15.263881773826943,binance_kline_quote_asset_volume,1404.6747720364742,23.36174588449848,7.599999999999968e-05,0.45560817696780576,-5.199999999999996e-05,-0.3117319105569208,5.199999999999996e-05,0.3117319105569208,8.999999999998592e-06,11.842105263156093,1.5000000000001124e-05,19.73684210526472,0.1973684210526472,248343.0,213795.0,53.737844539942614,46.262155460057386,4131.625225,269.9274929999997,6.989865901809004,3554.389171,747.8971129999995,26.648823425959595,53.75510651073206,46.24489348926793,1.1615940503753597,1.1624009151022703,577.236054,7.510213021464135,482082099.0,8041650.05998692,-27355.0,-0.005674022729286699,-14654.434363699518,-0.18190020466549833,0.9168,0.0025999999999999357,0.28440166265586697,47.83,52.17,1.5065,0.0,0.0,60.099999999999994,39.900000000000006,1.0648,0.006299999999999972,0.5951818611242299,51.57000000000001,48.43,0.5897,0.14800000000000002,-0.4417,1783339200002,2026-07-06 12:00:00 UTC,5e-05,0.0167071
FINAL_REAL_MARK_PREMIUM_CLOSED_GUARD_2026_06_13,1783343400000,2026-07-06 13:10:00 UTC,USUSDT,1783343400000,2026-07-06 13:10:00 UTC,1783343699999,2026-07-06 13:14:59 UTC,True,0.016629,0.016678,0.016594,0.01665,2.1000000000000185e-05,0.12628540501533578,46.24405965762216,0.016629,0.016675,0.01662635,0.01665,2.1000000000000185e-05,0.12628540501533578,1783343699999,2026-07-06 13:14:59 UTC,0.0,0.0,-0.00189918,0.0,-0.00206065,-0.00075342,0.0009538500000000001,-55.869897555746896,1783343699999,2026-07-06 13:14:59 UTC,429,100.0,30.3951367781155,741153.0,279015.0,60.37482310478688,12327.032825,4641.018429000001,60.38264033717275,binance_kline_quote_asset_volume,1727.6293706293707,28.73434224941725,8.399999999999727e-05,0.5051416200613221,2.1000000000000185e-05,0.12628540501533578,2.1000000000000185e-05,0.12628540501533578,2.7999999999996777e-05,33.33333333333058,3.500000000000031e-05,41.66666666666839,0.6666666666666942,351887.0,389266.0,47.47832094048057,52.52167905951942,5859.205664,1727.5804390000003,41.81358048998746,6467.827161,2913.4379900000004,81.96733249612977,47.53135444011443,52.46864555988557,0.9039756875761048,0.9059001606180985,-608.6214970000001,-4.937291119771152,482010715.0,8015356.179735,-71384.0,-0.014807436357432553,-26293.88025191985,-0.32697120685157766,0.9135,-0.0032999999999999696,-0.35994764397905427,47.74,52.26,1.5061,-0.00039999999999995595,-0.026551609691334615,60.099999999999994,39.900000000000006,1.0614,-0.0034000000000000696,-0.3193087903831771,51.49,48.51,0.5926,0.14789999999999992,-0.4447000000000001,1783339200002,2026-07-06 12:00:00 UTC,5e-05,0.0167071
FINAL_REAL_MARK_PREMIUM_CLOSED_GUARD_2026_06_13,1783343700000,2026-07-06 13:15:00 UTC,USUSDT,1783343700000,2026-07-06 13:15:00 UTC,1783343999999,2026-07-06 13:19:59 UTC,True,0.016642,0.01673,0.016642,0.016706,5.5999999999997024e-05,0.33633633633631843,50.94198987243112,0.01665,0.01671698,0.01664622,0.016706,5.5999999999997024e-05,0.33633633633631843,1783343999999,2026-07-06 13:19:59 UTC,0.0,0.0,-0.00081874,0.00019879,-0.00081874,0.0,0.00075342,-100.0,1783343999999,2026-07-06 13:19:59 UTC,335,-94.0,-21.91142191142191,461678.0,-279475.0,-37.70813853549807,7705.547392,-4621.485433,-37.49065568826373,binance_kline_quote_asset_volume,1378.1432835820895,23.00163400597015,8.79999999999978e-05,0.52878259824539,6.399999999999809e-05,0.38456916236028177,6.399999999999809e-05,0.38456916236028177,2.3999999999999716e-05,27.272727272727632,0.0,0.0,0.7272727272727237,321742.0,139936.0,69.68969714822886,30.310302851771148,5370.439576,-488.7660880000003,-8.341848981391214,2335.1078160000006,-4132.7193449999995,-63.89656436584546,69.69575687219393,30.304243127806078,2.299208209467185,2.2998679286678376,3035.331759999999,39.391513744387844,482057406.0,8026255.8099,46691.0,0.00968671412211241,10899.630164999515,0.1359843520436028,0.9095,-0.0040000000000000036,-0.43787629994526583,47.63,52.370000000000005,1.505,-0.001100000000000101,-0.07303631896953064,60.08,39.92,1.0576,-0.0037999999999998035,-0.3580177124552293,51.4,48.6,0.5954999999999999,0.14810000000000012,-0.4473999999999998,1783339200002,2026-07-06 12:00:00 UTC,5e-05,0.0167071
FINAL_REAL_MARK_PREMIUM_CLOSED_GUARD_2026_06_13,1783344000000,2026-07-06 13:20:00 UTC,USUSDT,1783344000000,2026-07-06 13:20:00 UTC,1783344299999,2026-07-06 13:24:59 UTC,True,0.016715,0.016765,0.016676,0.016741,3.500000000000031e-05,0.20950556686220706,53.66739765915511,0.016706,0.016753,0.016688,0.016747,4.100000000000284e-05,0.2454208068957431,1783344299999,2026-07-06 13:24:59 UTC,-6.000000000002531e-06,-0.03582731235446666,0.0,0.00222363,0.0,0.00120087,0.00120087,,1783344299999,2026-07-06 13:24:59 UTC,282,-53.0,-15.82089552238806,566849.0,105171.0,22.780162797447574,9482.376542,1776.8291499999996,23.05909054358327,binance_kline_quote_asset_volume,2010.1028368794325,33.62544873049645,8.89999999999988e-05,0.5324558779539263,2.5999999999998247e-05,0.15554890816630718,2.5999999999998247e-05,0.15554890816630718,2.3999999999999716e-05,26.966292134831505,3.900000000000084e-05,43.820224719102654,0.730337078651685,499984.0,66865.0,88.2040896252794,11.795910374720604,8365.384857,2994.9452809999993,55.76722796368726,1116.9916850000009,-1218.1161309999998,-52.165305715374274,88.22034033290554,11.779659667094466,7.47751439467584,7.489209605888868,7248.393171999998,76.44068066581107,482058127.0,8053263.069662,721.0,0.00014956724884338774,27007.259762000293,0.3364864066341885,0.9124,0.0029000000000000137,0.3188565145684457,47.71,52.290000000000006,1.5044,-0.0005999999999999339,-0.03986710963454711,60.07,39.93,1.0614,0.0037999999999998035,0.35930408472010245,51.49,48.51,0.592,0.1489999999999999,-0.44300000000000006,1783339200002,2026-07-06 12:00:00 UTC,5e-05,0.0167071
FINAL_REAL_MARK_PREMIUM_CLOSED_GUARD_2026_06_13,1783344300000,2026-07-06 13:25:00 UTC,USUSDT,1783344300000,2026-07-06 13:25:00 UTC,1783344599999,2026-07-06 13:29:59 UTC,True,0.01674,0.016783,0.016728,0.016783,4.200000000000037e-05,0.25088107042590274,56.77097740891562,0.016741,0.01677833,0.016735,0.01677824,3.123999999999835e-05,0.18654087299216784,1783344599999,2026-07-06 13:29:59 UTC,4.759999999999487e-06,0.028370079340857484,0.00061749,0.00237432,0.00018145,0.00173909,0.0005382200000000001,44.81917276641102,1783344599999,2026-07-06 13:29:59 UTC,261,-21.0,-7.446808510638298,302377.0,-264472.0,-46.65651699129751,5066.043241,-4416.333301,-46.57411864461267,binance_kline_quote_asset_volume,1158.5325670498084,19.410127360153258,5.4999999999999494e-05,0.32855436081242223,4.29999999999979e-05,0.2568697729987927,4.29999999999979e-05,0.2568697729987927,0.0,0.0,1.2000000000001593e-05,21.818181818184915,1.0,202242.0,100135.0,66.8840553348965,33.1159446651035,3389.310029,-4976.074827999999,-59.48411116837155,1676.733212,559.7415269999992,50.111521376275846,66.90250887655225,33.09749112344775,2.019693413891247,2.0213770471912142,1712.5768170000001,33.80501775310449,481869742.0,8069872.569274,-188385.0,-0.03907931210959545,16609.49961199984,0.20624558602301998,0.9124,0.0,0.0,47.71,52.290000000000006,1.5044,0.0,0.0,60.07,39.93,1.0636,0.002200000000000202,0.20727341247410985,51.54,48.46,0.592,0.1512000000000001,-0.44079999999999986,1783339200002,2026-07-06 12:00:00 UTC,5e-05,0.0167071
FINAL_REAL_MARK_PREMIUM_CLOSED_GUARD_2026_06_13,1783344600000,2026-07-06 13:30:00 UTC,USUSDT,1783344600000,2026-07-06 13:30:00 UTC,1783344899999,2026-07-06 13:34:59 UTC,True,0.016782,0.016839,0.01675,0.016764,-1.8999999999998185e-05,-0.11320979562651602,54.97688287926063,0.01677824,0.01682752,0.01675871,0.016764,-1.4239999999998698e-05,-0.08487183399449942,1783344899999,2026-07-06 13:34:59 UTC,0.0,0.0,0.00166368,0.00223319,0.0,0.0,-0.00173909,-100.0,1783344899999,2026-07-06 13:34:59 UTC,445,184.0,70.49808429118774,691782.0,389405.0,128.7812895822103,11623.454544,6557.411303,129.43851820944218,binance_kline_quote_asset_volume,1554.5662921348314,26.120122570786517,8.89999999999988e-05,0.5303301156000406,-1.7999999999997185e-05,-0.10725777618875693,1.7999999999997185e-05,0.10725777618875693,5.7000000000001494e-05,64.04494382022726,1.4000000000000123e-05,15.730337078652035,0.15730337078652035,474137.0,217645.0,68.53849912255595,31.46150087744405,7967.230459,4577.92043,135.06939143453613,3656.224085,1979.4908729999997,118.0564003165937,68.54442824067881,31.455571759321195,2.178487904615314,2.179087023600743,4311.0063740000005,37.08885648135762,481815199.0,8084011.04446976,-54543.0,-0.011319034013968032,14138.475195759907,0.17520072435334458,0.9109,-0.0014999999999999458,-0.16440157825514531,47.67,52.33,1.5043,-9.999999999998899e-05,-0.006647168306300784,60.07,39.93,1.0627,-0.0009000000000001229,-0.08461827754796192,51.519999999999996,48.480000000000004,0.5933999999999999,0.15179999999999993,-0.4416,1783339200002,2026-07-06 12:00:00 UTC,5e-05,0.0167071
FINAL_REAL_MARK_PREMIUM_CLOSED_GUARD_2026_06_13,1783344900000,2026-07-06 13:35:00 UTC,USUSDT,1783344900000,2026-07-06 13:35:00 UTC,1783345199999,2026-07-06 13:39:59 UTC,True,0.016778,0.016976,0.016757,0.016976,0.00021200000000000038,1.2646146504414244,67.3683954797119,0.016764,0.0169447,0.016758,0.01694342,0.00017941999999999958,1.070269625387733,1783345199999,2026-07-06 13:39:59 UTC,3.25800000000008e-05,0.19228703532109104,9.032e-05,0.00543033,0.0,0.00543033,0.00543033,,1783345199999,2026-07-06 13:39:59 UTC,552,107.0,24.044943820224717,1354274.0,662492.0,95.76600721036395,22886.716393,11263.261848999999,96.90115624716809,binance_kline_quote_asset_volume,2453.394927536232,41.461442740942026,0.00021900000000000044,1.3052807247586151,0.00019800000000000026,1.1801168196447744,0.00019800000000000026,1.1801168196447744,0.0,0.0,2.1000000000000185e-05,9.589041095890476,1.0,938403.0,415871.0,69.29196012033016,30.708039879669847,15861.347216,7894.116757,99.08231972984528,7025.369176999999,3369.145091999999,92.1482112057144,69.30372598513634,30.696274014863654,2.25647616688829,2.257724372397064,8835.978039000001,38.60745197027269,481734949.0,8075804.685036,-80250.0,-0.016655763489104875,-8206.359433759935,-0.10151346143167225,0.9037,-0.007200000000000095,-0.7904270501701718,47.47,52.53,1.5042,-9.999999999998899e-05,-0.006647610184138069,60.07,39.93,1.0572,-0.00550000000000006,-0.5175496377152593,51.39,48.61,0.6005,0.15349999999999997,-0.44700000000000006,1783339200002,2026-07-06 12:00:00 UTC,5e-05,0.0167071
FINAL_REAL_MARK_PREMIUM_CLOSED_GUARD_2026_06_13,1783345200000,2026-07-06 13:40:00 UTC,USUSDT,1783345200000,2026-07-06 13:40:00 UTC,1783345499999,2026-07-06 13:44:59 UTC,True,0.016966,0.016998,0.016901,0.016987,1.0999999999997123e-05,0.0647973609801904,67.86263843720978,0.01694529,0.01698199,0.016901,0.01698199,3.856999999999819e-05,0.22763999239821822,1783345499999,2026-07-06 13:44:59 UTC,5.009999999999737e-06,0.02950184283467213,0.00670668,0.00670668,0.0,0.00443172,-0.0009986099999999996,-18.38949014148311,1783345499999,2026-07-06 13:44:59 UTC,603,51.0,9.239130434782608,1359856.0,5582.0,0.41217656102088646,23055.905909,169.1895160000022,0.7392476626824,binance_kline_quote_asset_volume,2255.150912106136,38.23533318242123,9.699999999999986e-05,0.5717316986914999,2.1000000000000185e-05,0.12377696569609918,2.1000000000000185e-05,0.12377696569609918,1.1000000000000593e-05,11.340206185567638,6.499999999999909e-05,67.01030927834967,0.8865979381443236,889916.0,469940.0,65.44192914543892,34.55807085456107,15092.094417,-769.2527989999999,-4.849857887380605,7963.811492000001,938.442315000002,13.357907482959344,65.45869191419938,34.54130808580062,1.8936800442609696,1.8950843364588268,7128.2829249999995,30.917383828398755,481895684.0,8164960.97019928,160735.0,0.03336585820349106,89156.28516328055,1.1039925882368355,0.9015,-0.0021999999999999797,-0.24344362067057432,47.410000000000004,52.59,1.5038,-0.00039999999999995595,-0.026592208482911578,60.06,39.94,1.0525,-0.0046999999999999265,-0.4445705637533037,51.28,48.72,0.6023000000000001,0.15100000000000002,-0.45130000000000003,1783339200002,2026-07-06 12:00:00 UTC,5e-05,0.0167071
FINAL_REAL_MARK_PREMIUM_CLOSED_GUARD_2026_06_13,1783345500000,2026-07-06 13:45:00 UTC,USUSDT,1783345500000,2026-07-06 13:45:00 UTC,1783345799999,2026-07-06 13:49:59 UTC,True,0.016985,0.017066,0.01695,0.016969,-1.7999999999997185e-05,-0.1059633837640383,66.09839908466832,0.01698199,0.01705133,0.0169624,0.016969,-1.2989999999997448e-05,-0.07649280208030654,1783345799999,2026-07-06 13:49:59 UTC,0.0,0.0,0.00449195,0.00449195,-0.0008898,-1.07e-06,-0.00443279,-100.0241441246288,1783345799999,2026-07-06 13:49:59 UTC,522,-81.0,-13.432835820895523,1184413.0,-175443.0,-12.901586638585261,20154.759049,-2901.1468600000007,-12.583096372142643,binance_kline_quote_asset_volume,2268.9904214559388,38.610649519157086,0.00011600000000000152,0.6829555490138447,-1.5999999999998654e-05,-0.0942007653812108,1.5999999999998654e-05,0.0942007653812108,8.100000000000121e-05,69.82758620689668,1.9000000000001654e-05,16.3793103448288,0.16379310344828799,909177.0,275236.0,76.76182210090569,23.23817789909432,15470.604113,378.50969599999917,2.5079997881118423,4684.154936000001,-3279.656556,-41.181996325434866,76.75906258858298,23.240937411417033,3.303263381243733,3.302752433336675,10786.449176999999,53.518125177165935,482067835.0,8186471.15329165,172151.0,0.03572370654392497,21510.183092369698,0.2634450203850111,0.9026,0.0010999999999999899,0.12201885745978813,47.44,52.559999999999995,1.5038,0.0,0.0,60.06,39.94,1.0483,-0.0041999999999999815,-0.39904988123515267,51.18000000000001,48.82,0.6012000000000001,0.14570000000000005,-0.4555,1783339200002,2026-07-06 12:00:00 UTC,5e-05,0.0167071
FINAL_REAL_MARK_PREMIUM_CLOSED_GUARD_2026_06_13,1783345800000,2026-07-06 13:50:00 UTC,USUSDT,1783345800000,2026-07-06 13:50:00 UTC,1783346099999,2026-07-06 13:54:59 UTC,True,0.016952,0.017092,0.016943,0.016996,2.6999999999999247e-05,0.15911367788319433,67.46473370477673,0.016969,0.01703555,0.01694962,0.01698565,1.6649999999999998e-05,0.09812010136130589,1783346099999,2026-07-06 13:54:59 UTC,1.0349999999999249e-05,0.060933788227116696,-2.572e-05,0.00286861,-0.00060798,0.0,1.07e-06,-100.0,1783346099999,2026-07-06 13:54:59 UTC,365,-157.0,-30.07662835249042,738442.0,-445971.0,-37.65333544971222,12563.418564,-7591.340485000001,-37.6652505075552,binance_kline_quote_asset_volume,2023.1287671232876,34.42032483287671,0.00014899999999999983,0.8789523360075497,4.400000000000237e-05,0.2595563945257337,4.400000000000237e-05,0.2595563945257337,9.599999999999886e-05,64.42953020134159,8.999999999998592e-06,6.040268456374901,0.35570469798658405,470364.0,268078.0,63.69681031143949,36.30318968856051,8002.149086,-7468.455026999999,-48.275135039647424,4561.269477999999,-122.88545800000156,-2.6234285517664513,63.694041914116085,36.30595808588392,1.7545788912182276,1.7543688494170573,3440.879608000001,27.388083828232162,482139763.0,8181429.638347,71928.0,0.014920721686399177,-5041.514944650233,-0.06158349367203376,0.8972,-0.00539999999999996,-0.5982716596498959,47.29,52.71,1.5041,0.00029999999999996696,0.019949461364540958,60.07,39.93,1.0467,-0.0016000000000000458,-0.15262806448536162,51.13999999999999,48.86,0.6069,0.14949999999999997,-0.45740000000000003,1783339200002,2026-07-06 12:00:00 UTC,5e-05,0.0167071
FINAL_REAL_MARK_PREMIUM_CLOSED_GUARD_2026_06_13,1783346100000,2026-07-06 13:55:00 UTC,USUSDT,1783346100000,2026-07-06 13:55:00 UTC,1783346399999,2026-07-06 13:59:59 UTC,True,0.016976,0.01708,0.016966,0.016999,2.999999999999531e-06,0.01765121204989133,67.62088443562354,0.01698565,0.01705425,0.01697805,0.01699738,1.1729999999997992e-05,0.06905829332405879,1783346399999,2026-07-06 13:59:59 UTC,1.6200000000007875e-06,0.009530880641609398,0.0,0.0022296,0.0,0.0,0.0,,1783346399999,2026-07-06 13:59:59 UTC,296,-69.0,-18.904109589041095,554415.0,-184027.0,-24.92098228432294,9438.661749,-3124.756814999999,-24.871867470481888,binance_kline_quote_asset_volume,1873.0236486486488,31.88737077364865,0.00011400000000000299,0.6715362865221665,2.2999999999998716e-05,0.135485391140426,2.2999999999998716e-05,0.135485391140426,8.100000000000121e-05,71.05263157894657,1.0000000000003062e-05,8.771929824563859,0.2894736842105343,450732.0,103683.0,81.29866616162982,18.701333838370175,7675.223945,-326.9251410000006,-4.085466760072816,1763.437804000001,-2797.831673999998,-61.33888136832416,81.3168661946506,18.68313380534939,4.347212175573623,4.352421121737501,5911.786140999999,62.63373238930122,481967958.0,8186539.0458027,-171805.0,-0.035633858309255445,5109.40745570045,0.062451279074163986,0.895,-0.0021999999999999797,-0.24520731163619924,47.23,52.769999999999996,1.5052,0.001100000000000101,0.07313343527691649,60.08,39.92,1.045,-0.0017000000000000348,-0.16241520970670056,51.1,48.9,0.6102000000000001,0.1499999999999999,-0.46020000000000016,1783339200002,2026-07-06 12:00:00 UTC,5e-05,0.0167071
FINAL_REAL_MARK_PREMIUM_CLOSED_GUARD_2026_06_13,1783346400000,2026-07-06 14:00:00 UTC,USUSDT,1783346400000,2026-07-06 14:00:00 UTC,1783346699999,2026-07-06 14:04:59 UTC,True,0.017,0.017133,0.016989,0.017017,1.8000000000000654e-05,0.10588858168127922,68.59481271627735,0.016999,0.01708763,0.016999,0.01704277,4.538999999999932e-05,0.26704115575458875,1783346699999,2026-07-06 14:04:59 UTC,-2.5769999999997878e-05,-0.15120781422267554,0.0,0.00208235,-0.00057121,-0.00057121,-0.00057121,,1783346699999,2026-07-06 14:04:59 UTC,678,382.0,129.05405405405406,1036084.0,481669.0,86.87878213973286,17689.73325,8251.071501,87.4178111306317,binance_kline_quote_asset_volume,1528.1474926253688,26.091051991150444,0.0001439999999999983,0.8470588235294016,1.6999999999999654e-05,0.09999999999999797,1.6999999999999654e-05,0.09999999999999797,0.00011599999999999805,80.55555555555516,1.1000000000000593e-05,7.63888888888939,0.19444444444444847,637033.0,399051.0,61.484686569814805,38.5153134301852,10873.894043,3198.6700980000005,41.67526733970758,6815.839207000001,5052.401403,286.5086248882525,61.470084875361245,38.529915124638755,1.596369887558232,1.5953859404183564,4058.0548359999993,22.940169750722493,482067382.0,8193882.47745916,99424.0,0.020628757233691456,7343.431656459346,0.08970129642543363,0.8972,0.0021999999999999797,0.24581005586591953,47.29,52.71,1.506,0.0007999999999999119,0.05314908317830932,60.099999999999994,39.900000000000006,1.0475,0.0025000000000001688,0.23923444976078173,51.160000000000004,48.84,0.6088,0.1503000000000001,-0.4584999999999999,1783339200002,2026-07-06 12:00:00 UTC,5e-05,0.0167071
FINAL_REAL_MARK_PREMIUM_CLOSED_GUARD_2026_06_13,1783346700000,2026-07-06 14:05:00 UTC,USUSDT,1783346700000,2026-07-06 14:05:00 UTC,1783346999999,2026-07-06 14:09:59 UTC,True,0.017024,0.017065,0.016972,0.01704,2.2999999999998716e-05,0.1351589586883629,69.84302867943933,0.01704277,0.01704935,0.01700007,0.017044,1.2300000000013689e-06,0.007217136650916306,1783346999999,2026-07-06 14:09:59 UTC,-4.000000000000531e-06,-0.023468669326452307,-0.00067106,0.00128459,-0.00087989,0.00109847,0.00166968,-292.3058069711665,1783346999999,2026-07-06 14:09:59 UTC,467,-211.0,-31.12094395280236,1255738.0,219654.0,21.200404600399196,21368.974398,3679.2411479999973,20.79873730147964,binance_kline_quote_asset_volume,2688.946466809422,45.75797515631691,9.299999999999933e-05,0.5462875939849584,1.5999999999998654e-05,0.09398496240600712,1.5999999999998654e-05,0.09398496240600712,2.5000000000000716e-05,26.88172043010849,5.199999999999996e-05,55.91397849462402,0.7311827956989151,407576.0,848162.0,32.45708897875193,67.54291102124806,6943.364485,-3930.529558,-36.14647652861997,14425.609912999998,7609.7707059999975,111.6483308201375,32.49273622439201,67.50726377560798,0.480540274145741,0.4813220742051824,-7482.245427999998,-35.01452755121598,482255373.0,8218967.40330321,187991.0,0.03899683053021828,25084.925844050013,0.30614212387176676,0.8957,-0.0014999999999999458,-0.16718680338831318,47.25,52.75,1.5055,-0.0004999999999999449,-0.03320053120849568,60.089999999999996,39.910000000000004,1.0454,-0.0020999999999999908,-0.20047732696897286,51.11,48.89,0.6098,0.14970000000000006,-0.46009999999999995,1783339200002,2026-07-06 12:00:00 UTC,5e-05,0.0167071
FINAL_REAL_MARK_PREMIUM_CLOSED_GUARD_2026_06_13,1783347000000,2026-07-06 14:10:00 UTC,USUSDT,1783347000000,2026-07-06 14:10:00 UTC,1783347299999,2026-07-06 14:14:59 UTC,True,0.017041,0.017109,0.017027,0.017098,5.7999999999999025e-05,0.34037558685445435,72.78098656221593,0.01704,0.01709626,0.01704,0.01709149,4.7490000000000726e-05,0.27863177657827226,1783347299999,2026-07-06 14:14:59 UTC,6.5099999999977676e-06,0.03808913090665453,0.00102296,0.00304071,0.00092118,0.0025028,0.0014043299999999999,127.84418327309801,1783347299999,2026-07-06 14:14:59 UTC,338,-129.0,-27.62312633832976,627070.0,-628668.0,-50.06362792238508,10711.445512,-10657.528885999998,-49.87384367402058,binance_kline_quote_asset_volume,1855.2366863905324,31.690667195266272,8.199999999999874e-05,0.48119241828530446,5.6999999999998024e-05,0.3344874127105101,5.6999999999998024e-05,0.3344874127105101,1.1000000000000593e-05,13.414634146342392,1.4000000000000123e-05,17.07317073170773,0.865853658536576,347727.0,279343.0,55.4526607874719,44.54733921252811,5940.446484,-1002.918001,-14.444265502216394,4770.999028,-9654.610884999998,-66.92688172788802,55.45886852848139,44.54113147151861,1.2448029841449402,1.245115844529994,1169.4474559999999,10.917737056962773,481989015.0,8215020.77166,-266358.0,-0.055231733001344915,-3946.6316432096064,-0.04801858250007722,0.8983,0.0025999999999999357,0.290275761973868,47.32,52.68000000000001,1.5048,-0.000700000000000145,-0.04649618067088309,60.08,39.92,1.0496,0.0041999999999999815,0.4017600918308763,51.21,48.79,0.6064999999999999,0.1513000000000001,-0.4551999999999998,1783339200002,2026-07-06 12:00:00 UTC,5e-05,0.0167071
FINAL_REAL_MARK_PREMIUM_CLOSED_GUARD_2026_06_13,1783347300000,2026-07-06 14:15:00 UTC,USUSDT,1783347300000,2026-07-06 14:15:00 UTC,1783347599999,2026-07-06 14:19:59 UTC,True,0.0171,0.017235,0.017081,0.017212,0.00011400000000000299,0.6667446484969177,77.43435229569423,0.01709149,0.01722,0.017083,0.017212,0.00012051000000000076,0.7050877366455514,1783347599999,2026-07-06 14:19:59 UTC,0.0,0.0,0.00314153,0.00574102,0.0,0.0007333,-0.0017694999999999998,-70.70081508710244,1783347599999,2026-07-06 14:19:59 UTC,721,383.0,113.3136094674556,1803334.0,1176264.0,187.58097182132775,30951.700524,20240.255012,188.9591371148264,binance_kline_quote_asset_volume,2501.156726768377,42.928849547850206,0.00015400000000000136,0.9005847953216453,0.00011200000000000099,0.6549707602339239,0.00011200000000000099,0.6549707602339239,2.2999999999998716e-05,14.935064935063968,1.9000000000001654e-05,12.337662337663303,0.8506493506493603,907663.0,895671.0,50.332495256009146,49.667504743990854,15575.04321,9634.596726,162.18640723302238,15376.657314,10605.658286,222.29428729198224,50.320476569366804,49.6795234306332,1.013388844787874,1.0129017569910579,198.38589599999978,0.6409531387335924,482015330.0,8238360.1925417,26315.0,0.005459667996790342,23339.42088169977,0.28410665694499027,0.9004,0.0020999999999999908,0.23377490815985646,47.38,52.62,1.5057,0.0009000000000001229,0.05980861244019956,60.089999999999996,39.910000000000004,1.0513,0.0016999999999998128,0.1619664634146163,51.24999999999999,48.75,0.6053000000000001,0.15089999999999992,-0.45440000000000014,1783339200002,2026-07-06 12:00:00 UTC,5e-05,0.0167071
FINAL_REAL_MARK_PREMIUM_CLOSED_GUARD_2026_06_13,1783347600000,2026-07-06 14:20:00 UTC,USUSDT,1783347600000,2026-07-06 14:20:00 UTC,1783347899999,2026-07-06 14:24:59 UTC,True,0.017212,0.017293,0.017208,0.01726,4.799999999999943e-05,0.2788752033464991,79.05779957091703,0.017212,0.01728484,0.017208,0.01726,4.799999999999943e-05,0.2788752033464991,1783347899999,2026-07-06 14:24:59 UTC,0.0,0.0,0.00047196,0.00306089,0.0003299,0.00033545,-0.00039785,-54.25473885176599,1783347899999,2026-07-06 14:24:59 UTC,518,-203.0,-28.155339805825243,860535.0,-942799.0,-52.280886402629804,14848.224508,-16103.476016,-52.02775855082127,binance_kline_quote_asset_volume,1661.2644787644788,28.664526077220074,8.499999999999827e-05,0.493841505926088,4.799999999999943e-05,0.2788752033464991,4.799999999999943e-05,0.2788752033464991,3.299999999999831e-05,38.82352941176351,4.000000000000531e-06,4.705882352941897,0.611764705882365,638185.0,222350.0,74.16142283579401,25.83857716420599,11012.461583,-4562.581627,-29.29418278641167,3835.762924999999,-11540.894389000001,-75.05463738528107,74.16685797730666,25.83314202269334,2.870182145266472,2.870996408882596,7176.698658000001,48.33371595461332,481902357.0,8294503.368684,-112973.0,-0.023437636309202033,56143.17614230048,0.681484844436975,0.9011,0.0007000000000000339,0.07774322523323345,47.4,52.6,1.5066,0.0008999999999999009,0.05977286312013687,60.11,39.89,1.053,0.0017000000000000348,0.16170455626367686,51.29,48.71,0.6054999999999999,0.15189999999999992,-0.4536,1783339200002,2026-07-06 12:00:00 UTC,5e-05,0.0167071
FINAL_REAL_MARK_PREMIUM_CLOSED_GUARD_2026_06_13,1783347900000,2026-07-06 14:25:00 UTC,USUSDT,1783347900000,2026-07-06 14:25:00 UTC,1783348199999,2026-07-06 14:29:59 UTC,True,0.017263,0.017308,0.017233,0.017265,4.9999999999980616e-06,0.02896871378909653,79.22546179157969,0.01726,0.01729588,0.01723996,0.01726048,4.800000000006188e-07,0.0027809965237579307,1783348199999,2026-07-06 14:29:59 UTC,4.519999999997443e-06,0.026186989006084665,0.0,0.00139241,0.0,0.00091275,0.0005773,172.09718288865702,1783348199999,2026-07-06 14:29:59 UTC,425,-93.0,-17.953667953667953,694337.0,-166198.0,-19.313334146780782,11994.129785,-2854.094723,-19.221791275194263,binance_kline_quote_asset_volume,1633.7341176470588,28.221481847058822,7.500000000000215e-05,0.43445519318775505,1.9999999999985307e-06,0.01158547181833129,1.9999999999985307e-06,0.01158547181833129,4.300000000000137e-05,57.33333333333351,3.0000000000002247e-05,40.00000000000185,0.4266666666666648,458258.0,236079.0,65.99936342150858,34.000636578491424,7920.004216,-3092.457367,-28.081436141160705,4074.125568999999,238.36264399999982,6.214217318970512,66.03233713466109,33.967662865338916,1.9411214042756875,1.943976463627747,3845.8786470000014,32.06467426932217,481920417.0,8317946.39742,18060.0,0.003747647160812704,23443.02873599995,0.28263330176595497,0.9026,0.0014999999999999458,0.1664632116302237,47.44,52.559999999999995,1.5063,-0.00029999999999996696,-0.01991238550378116,60.099999999999994,39.900000000000006,1.0585,0.00550000000000006,0.5223171889838614,51.42,48.58,0.6037,0.15590000000000004,-0.4478,1783339200002,2026-07-06 12:00:00 UTC,5e-05,0.0167071
FINAL_REAL_MARK_PREMIUM_CLOSED_GUARD_2026_06_13,1783348200000,2026-07-06 14:30:00 UTC,USUSDT,1783348200000,2026-07-06 14:30:00 UTC,1783348499999,2026-07-06 14:34:59 UTC,True,0.017272,0.017272,0.016953,0.016996,-0.0002689999999999984,-1.5580654503330345,54.12120696626966,0.01726048,0.01726234,0.01697975,0.016996,-0.00026448000000000096,-1.5322864717551363,1783348499999,2026-07-06 14:34:59 UTC,0.0,0.0,0.00077833,0.00090219,-0.00405951,0.0,-0.00091275,-100.0,1783348499999,2026-07-06 14:34:59 UTC,732,307.0,72.23529411764706,2208102.0,1513765.0,218.0158914187203,37813.999637,25819.869852000003,215.2708893002862,binance_kline_quote_asset_volume,3016.532786885246,51.658469449453555,0.00031899999999999984,1.846919870310328,-0.00027599999999999847,-1.597962019453442,0.00027599999999999847,1.597962019453442,0.0,0.0,4.300000000000137e-05,13.479623824451847,0.13479623824451847,512975.0,1695127.0,23.231490211955787,76.76850978804421,8779.621042,859.6168260000004,10.85374202533127,29034.378595000002,24960.253026000002,612.6530123647254,23.217911689535676,76.78208831046433,0.3026174440027207,0.3023870827224088,-20254.757553000003,-53.56417662092866,481837350.0,8316743.942928,-83067.0,-0.017236663372160056,-1202.4544919999316,-0.014456146199414079,0.9073,0.0047000000000000375,0.5207179259915841,47.57,52.43,1.5062,-9.999999999998899e-05,-0.006638783774811723,60.099999999999994,39.900000000000006,1.061,0.0024999999999999467,0.2361832782238967,51.480000000000004,48.52,0.5989,0.15369999999999995,-0.44520000000000004,1783339200002,2026-07-06 12:00:00 UTC,5e-05,0.0167071
FINAL_REAL_MARK_PREMIUM_CLOSED_GUARD_2026_06_13,1783348500000,2026-07-06 14:35:00 UTC,USUSDT,1783348500000,2026-07-06 14:35:00 UTC,1783348799999,2026-07-06 14:39:59 UTC,True,0.016996,0.017012,0.016883,0.016957,-3.900000000000084e-05,-0.22946575664862814,51.569826444881,0.016996,0.01700513,0.01689883,0.01694194,-5.406000000000161e-05,-0.318074841139101,1783348799999,2026-07-06 14:39:59 UTC,1.5060000000000767e-05,0.08889182702807806,0.0,0.00046263,-0.00174157,0.00046263,0.00046263,,1783348799999,2026-07-06 14:39:59 UTC,449,-283.0,-38.66120218579235,742030.0,-1466072.0,-66.39512123987026,12568.717688,-25245.281949,-66.76173425542153,binance_kline_quote_asset_volume,1652.6280623608018,27.99268972828508,0.00012900000000000064,0.7590021181454497,-3.900000000000084e-05,-0.22946575664862814,3.900000000000084e-05,0.22946575664862814,1.5999999999998654e-05,12.403100775192694,7.400000000000115e-05,57.36434108527192,0.5736434108527192,379731.0,362299.0,51.17461558158026,48.825384418419745,6430.911022,-2348.7100200000004,-26.75183824864682,6137.806666,-22896.571929,-78.86020998893709,51.1660073973968,48.833992602603196,1.0481149547749236,1.0477539244798364,293.1043559999998,2.3320147947935976,481252583.0,8179368.900668,-584767.0,-0.12136190770599248,-137375.04226000048,-1.651788767367486,0.908,0.0007000000000000339,0.07715198941915948,47.589999999999996,52.410000000000004,1.5053,-0.0008999999999999009,-0.05975302084715847,60.08,39.92,1.0614,0.00039999999999995595,0.03770028275211649,51.49,48.51,0.5973,0.15339999999999987,-0.4439000000000002,1783339200002,2026-07-06 12:00:00 UTC,5e-05,0.0167071
FINAL_REAL_MARK_PREMIUM_CLOSED_GUARD_2026_06_13,1783348800000,2026-07-06 14:40:00 UTC,USUSDT,1783348800000,2026-07-06 14:40:00 UTC,1783349099999,2026-07-06 14:44:59 UTC,True,0.016965,0.016965,0.016889,0.016914,-4.300000000000137e-05,-0.25358259126025456,48.83620601628137,0.01694194,0.01696018,0.0169086,0.016914,-2.7940000000000603e-05,-0.1649161784305729,1783349099999,2026-07-06 14:44:59 UTC,0.0,0.0,0.0004738,0.0004738,-0.00077595,-0.00016089,-0.00062352,-134.7772517994942,1783349099999,2026-07-06 14:44:59 UTC,236,-213.0,-47.43875278396437,639330.0,-102700.0,-13.840410765063407,10815.756468,-1752.961220000001,-13.947017217783825,binance_kline_quote_asset_volume,2709.0254237288136,45.82947655932203,7.599999999999968e-05,0.44798113763630815,-5.100000000000243e-05,-0.3006189213085908,5.100000000000243e-05,0.3006189213085908,0.0,0.0,2.4999999999997247e-05,32.89473684210178,0.3289473684210178,140467.0,498863.0,21.97096960880922,78.02903039119077,2376.524869,-4054.3861530000004,-63.04528455035434,8439.231598999999,2301.4249329999984,37.49588506507706,21.97280306774008,78.02719693225991,0.28157429995810473,0.28160441399446895,-6062.706729999999,-56.05439386451984,481120462.0,8151113.99997628,-132121.0,-0.02745356693493321,-28254.900691719726,-0.3454410851846061,0.9113,0.0032999999999999696,0.3634361233480143,47.68,52.32,1.5053,0.0,0.0,60.08,39.92,1.0665,0.0051000000000001044,0.48049745618994766,51.61,48.39,0.5940000000000001,0.1552,-0.4388000000000001,1783339200002,2026-07-06 12:00:00 UTC,5e-05,0.0167071
FINAL_REAL_MARK_PREMIUM_CLOSED_GUARD_2026_06_13,1783349100000,2026-07-06 14:45:00 UTC,USUSDT,1783349100000,2026-07-06 14:45:00 UTC,1783349399999,2026-07-06 14:49:59 UTC,True,0.016901,0.016921,0.016868,0.016899,-1.4999999999997654e-05,-0.08868393047178465,47.88268875861199,0.016914,0.016919,0.016868,0.01687183,-4.2169999999997626e-05,-0.24932008986636886,1783349399999,2026-07-06 14:49:59 UTC,2.7169999999999972e-05,0.16103765862979874,-0.00014576,-0.00011134,-0.00163797,-0.00053632,-0.00037542999999999995,233.3457641867114,1783349399999,2026-07-06 14:49:59 UTC,199,-37.0,-15.677966101694915,168011.0,-471319.0,-73.72077018128354,2838.608306,-7977.1481619999995,-73.75487961107076,binance_kline_quote_asset_volume,844.2763819095477,14.264363346733669,5.2999999999997494e-05,0.3135909117803532,-1.9999999999985307e-06,-0.011833619312458025,1.9999999999985307e-06,0.011833619312458025,1.9999999999999185e-05,37.73584905660402,3.099999999999978e-05,58.4905660377382,0.584905660377382,118678.0,49333.0,70.63704162227474,29.362958377725267,2005.665441,-370.85942799999975,-15.605114545089988,832.942865,-7606.288733999999,-90.13011012639232,70.65664666592433,29.343353334075672,2.4056513895364158,2.407926792193604,1172.7225760000001,41.313293331848655,481126785.0,8137778.44149,6323.0,0.0013142238793410537,-13335.558486280032,-0.1636041219190265,0.9113,0.0,0.0,47.68,52.32,1.5049,-0.000400000000000178,-0.026572776190804354,60.08,39.92,1.0691,0.0025999999999999357,0.2437880918893517,51.67,48.33,0.5935999999999999,0.15779999999999994,-0.43579999999999997,1783339200002,2026-07-06 12:00:00 UTC,5e-05,0.0167071
FINAL_REAL_MARK_PREMIUM_CLOSED_GUARD_2026_06_13,1783349400000,2026-07-06 14:50:00 UTC,USUSDT,1783349400000,2026-07-06 14:50:00 UTC,1783349699999,2026-07-06 14:54:59 UTC,True,0.016888,0.016926,0.016838,0.016889,-9.999999999999593e-06,-0.05917509911828862,47.22075731346973,0.016899,0.01691174,0.01686343,0.01689417,2.2339999999999166e-05,0.13241005865990332,1783349699999,2026-07-06 14:54:59 UTC,-5.169999999998787e-06,-0.030602272855066493,0.0,0.0,-0.00142403,0.0,0.00053632,-100.0,1783349699999,2026-07-06 14:54:59 UTC,311,112.0,56.28140703517588,473599.0,305588.0,181.88570986423508,7992.53454,5153.926234,181.56524882654944,binance_kline_quote_asset_volume,1522.8263665594855,25.699467974276526,8.800000000000127e-05,0.5210800568451046,1.000000000001e-06,0.005921364282336571,1.000000000001e-06,0.005921364282336571,3.699999999999884e-05,42.04545454545262,5.000000000000143e-05,56.81818181818262,0.5795454545454738,284663.0,188936.0,60.10633468398371,39.89366531601629,4806.727854,2801.0624129999997,139.6575099585614,3185.806686,2352.863821,282.476016047031,60.14021997582759,39.85978002417241,1.5066636321293982,1.5087945778766565,1620.9211679999999,20.280439951655186,481104195.0,8117108.19032685,-22590.0,-0.004695228098764029,-20670.251163150184,-0.2540036118182339,0.9099,-0.0013999999999999568,-0.1536266871502202,47.64,52.35999999999999,1.5051,0.00020000000000020002,0.013289919595999735,60.08,39.92,1.07,0.0009000000000001229,0.08418295762792283,51.690000000000005,48.309999999999995,0.5952000000000001,0.16010000000000002,-0.43510000000000004,1783339200002,2026-07-06 12:00:00 UTC,5e-05,0.0167071
FINAL_REAL_MARK_PREMIUM_CLOSED_GUARD_2026_06_13,1783349700000,2026-07-06 14:55:00 UTC,USUSDT,1783349700000,2026-07-06 14:55:00 UTC,1783349999999,2026-07-06 14:59:59 UTC,True,0.016897,0.01695,0.016897,0.016938,4.900000000000043e-05,0.29012967019954067,50.80914700455722,0.01689417,0.01693841,0.01689417,0.01693777,4.360000000000128e-05,0.2580771946772246,1783349999999,2026-07-06 14:59:59 UTC,2.300000000003688e-07,0.001357911932918966,0.0,0.00017261,0.0,0.0,0.0,,1783349999999,2026-07-06 14:59:59 UTC,119,-192.0,-61.7363344051447,139135.0,-334464.0,-70.62177073853618,2355.614298,-5636.920242,-70.52731788382113,binance_kline_quote_asset_volume,1169.2016806722688,19.79507813445378,5.300000000000096e-05,0.31366514765935355,4.100000000000284e-05,0.24264662366102174,4.100000000000284e-05,0.24264662366102174,1.1999999999998123e-05,22.641509433958312,0.0,0.0,0.7735849056604169,119378.0,19757.0,85.80012218349086,14.199877816509145,2021.379924,-2785.34793,-57.94686145341317,334.2343739999999,-2851.5723120000002,-89.50864233323415,85.81115871627301,14.188841283726997,6.042314116515666,6.047791852791302,1687.1455500000002,71.622317432546,481058382.0,8127082.08543294,-45813.0,-0.009522469451757743,9973.895106090233,0.12287498050076644,0.912,0.0020999999999999908,0.23079459281239592,47.699999999999996,52.300000000000004,1.5051,0.0,0.0,60.08,39.92,1.0687,-0.0013000000000000789,-0.1214953271028111,51.66,48.339999999999996,0.5931000000000001,0.15669999999999995,-0.4364000000000001,1783339200002,2026-07-06 12:00:00 UTC,5e-05,0.0167071
FINAL_REAL_MARK_PREMIUM_CLOSED_GUARD_2026_06_13,1783350000000,2026-07-06 15:00:00 UTC,USUSDT,1783350000000,2026-07-06 15:00:00 UTC,1783350299999,2026-07-06 15:04:59 UTC,True,0.016949,0.01702,0.016866,0.017,6.199999999999956e-05,0.36604085488251004,54.979976676100904,0.016938,0.01700662,0.01687873,0.01699802,6.0249999999997805e-05,0.3557138867749285,1783350299999,2026-07-06 15:04:59 UTC,1.980000000002119e-06,0.011648415521349657,0.0,0.00166564,-0.0016069,0.00105887,0.00105887,,1783350299999,2026-07-06 15:04:59 UTC,557,438.0,368.0672268907563,1235381.0,1096246.0,787.9009594997665,20930.719497,18575.105198999998,788.5461221207105,binance_kline_quote_asset_volume,2217.91921005386,37.5775933518851,0.00015400000000000136,0.9086081774736054,5.100000000000243e-05,0.3009027081243875,5.100000000000243e-05,0.3009027081243875,1.9999999999999185e-05,12.987012987012344,8.299999999999974e-05,53.896103896103256,0.8701298701298765,909484.0,325897.0,73.6197173179772,26.380282682022795,15414.733857,13393.353932999999,662.5846914763362,5515.985639999999,5181.751265999999,1550.3346361376946,73.64645949800911,26.353540501990892,2.7907099482351785,2.794556560339414,9898.748217,47.292918996018216,481041203.0,8147765.25693731,-17179.0,-0.003571084226529495,20683.171504369937,0.2544968942966954,0.9146,0.0025999999999999357,0.28508771929823856,47.77,52.23,1.5051,0.0,0.0,60.08,39.92,1.0708,0.0020999999999999908,0.19650042107233,51.71,48.29,0.5905000000000001,0.1562,-0.43430000000000013,1783339200002,2026-07-06 12:00:00 UTC,5e-05,0.0167071
FINAL_REAL_MARK_PREMIUM_CLOSED_GUARD_2026_06_13,1783350300000,2026-07-06 15:05:00 UTC,USUSDT,1783350300000,2026-07-06 15:05:00 UTC,1783350599999,2026-07-06 15:09:59 UTC,True,0.017013,0.017028,0.016957,0.01701,9.999999999999593e-06,0.058823529411762304,55.6333890434523,0.01699802,0.017015,0.01696948,0.01701,1.1980000000001712e-05,0.07047879694224217,1783350599999,2026-07-06 15:09:59 UTC,0.0,0.0,0.00140767,0.00143417,0.0,0.00017277,-0.0008860999999999999,-83.68354944421883,1783350599999,2026-07-06 15:09:59 UTC,180,-377.0,-67.68402154398564,213507.0,-1021874.0,-82.7173155488064,3628.654383,-17302.065113999997,-82.6634990568762,binance_kline_quote_asset_volume,1186.15,20.159191016666668,7.100000000000162e-05,0.417327925703883,-2.999999999999531e-06,-0.017633574325513025,2.999999999999531e-06,0.017633574325513025,1.5000000000001124e-05,21.12676056338138,5.300000000000096e-05,74.64788732394332,0.7464788732394332,140439.0,73068.0,65.77723447006422,34.22276552993579,2387.750257,-13026.9836,-84.50994821480037,1240.904126,-4275.0815139999995,-77.50349244926606,65.80263659681805,34.19736340318195,1.9220315322713089,1.9242020450820874,1146.8461310000002,31.605273193636098,480910412.0,8174524.80138424,-130791.0,-0.027189147038616565,26759.54444693029,0.3284280241646164,0.9135,-0.0010999999999999899,-0.12027115678985237,47.74,52.26,1.5073,0.0021999999999999797,0.14616968972161182,60.12,39.879999999999995,1.0683,-0.0024999999999999467,-0.23347030257750717,51.65,48.35,0.5938000000000001,0.15480000000000005,-0.43900000000000006,1783339200002,2026-07-06 12:00:00 UTC,5e-05,0.0167071
FINAL_REAL_MARK_PREMIUM_CLOSED_GUARD_2026_06_13,1783350600000,2026-07-06 15:10:00 UTC,USUSDT,1783350600000,2026-07-06 15:10:00 UTC,1783350899999,2026-07-06 15:14:59 UTC,True,0.017025,0.017077,0.016994,0.017051,4.099999999999937e-05,0.24103468547912618,58.305352309446,0.01701,0.01704474,0.016994,0.01703045,2.0449999999998247e-05,0.12022339800116548,1783350899999,2026-07-06 15:14:59 UTC,2.0550000000001123e-05,0.12066621844990078,0.00017252,0.00231353,0.0,0.00094135,0.00076858,444.8573247670314,1783350899999,2026-07-06 15:14:59 UTC,262,82.0,45.55555555555556,449662.0,236155.0,110.60761473862684,7658.4861,4029.831717,111.05581550779509,binance_kline_quote_asset_volume,1716.2671755725191,29.230862977099235,8.299999999999974e-05,0.48751835535976357,2.6000000000001716e-05,0.1527165932452377,2.6000000000001716e-05,0.1527165932452377,2.5999999999998247e-05,31.32530120481726,3.099999999999978e-05,37.34939759036129,0.6867469879518274,362916.0,86746.0,80.70862114210229,19.29137885789771,6182.233212,3794.482955,158.91456587119947,1476.252888,235.34876200000008,18.965910183459258,80.72395942587139,19.27604057412861,4.183662647269038,4.187787378607994,4705.980324,61.44791885174278,480864450.0,8179504.2945,-45962.0,-0.009557289435438548,4979.493115759455,0.060914771644172486,0.9146,0.0010999999999999899,0.12041598248494689,47.77,52.23,1.5075,0.00019999999999997797,0.01326875870762144,60.12,39.879999999999995,1.0665,-0.0018000000000000238,-0.1684919966301623,51.61,48.39,0.5929000000000001,0.15190000000000003,-0.44100000000000006,1783339200002,2026-07-06 12:00:00 UTC,5e-05,0.0167071
FINAL_REAL_MARK_PREMIUM_CLOSED_GUARD_2026_06_13,1783350900000,2026-07-06 15:15:00 UTC,USUSDT,1783350900000,2026-07-06 15:15:00 UTC,1783351199999,2026-07-06 15:19:59 UTC,True,0.017059,0.017132,0.017034,0.017119,6.799999999999862e-05,0.398803589232295,62.35478133298362,0.01703045,0.017124,0.01703045,0.01711553,8.508000000000127e-05,0.49957575988891234,1783351199999,2026-07-06 15:19:59 UTC,3.4699999999984743e-06,0.020273985088387413,0.00094656,0.0042426,0.00093557,0.00284417,0.00190282,202.13735592500132,1783351199999,2026-07-06 15:19:59 UTC,368,106.0,40.458015267175576,999050.0,549388.0,122.17799146914794,17082.610414,9424.124313999999,123.05466368868905,binance_kline_quote_asset_volume,2714.8097826086955,46.42013699456521,9.800000000000086e-05,0.5744768157570834,5.9999999999997555e-05,0.35172049944309486,5.9999999999997555e-05,0.35172049944309486,1.3000000000002593e-05,13.26530612245151,2.5000000000000716e-05,25.51020408163316,0.867346938775485,500993.0,498057.0,50.14693959261298,49.85306040738702,8566.194403,2383.9611909999994,38.561489177933645,8516.416011,7040.163122999999,476.8941134833533,50.14569902021299,49.854300979787006,1.0058949076109762,1.005844993003595,49.77839200000017,0.2913980404259787,480967566.0,8191094.0843847,103116.0,0.021443880910722343,11589.78988470044,0.14169305947419772,0.9146,0.0,0.0,47.77,52.23,1.5077,0.00019999999999997797,0.013266998341623747,60.12,39.879999999999995,1.07,0.0035000000000000586,0.32817627754337164,51.690000000000005,48.309999999999995,0.5931000000000001,0.1554000000000001,-0.4377,1783339200002,2026-07-06 12:00:00 UTC,5e-05,0.0167071
FINAL_REAL_MARK_PREMIUM_CLOSED_GUARD_2026_06_13,1783351200000,2026-07-06 15:20:00 UTC,USUSDT,1783351200000,2026-07-06 15:20:00 UTC,1783351499999,2026-07-06 15:24:59 UTC,True,0.017111,0.017151,0.017067,0.017148,2.9000000000001247e-05,0.16940241836556602,63.96225851504714,0.01711553,0.017148,0.017073,0.017148,3.246999999999972e-05,0.18971074807499225,1783351499999,2026-07-06 15:24:59 UTC,0.0,0.0,0.00290951,0.00460316,0.00077767,0.00359963,0.0007554599999999999,26.561703414352866,1783351499999,2026-07-06 15:24:59 UTC,353,-15.0,-4.076086956521739,442874.0,-556176.0,-55.67048696261448,7577.534651,-9505.075762999999,-55.641822488734775,binance_kline_quote_asset_volume,1254.600566572238,21.466103827195468,8.400000000000074e-05,0.4909122786511643,3.699999999999884e-05,0.21623517035824227,3.699999999999884e-05,0.21623517035824227,2.999999999999531e-06,3.5714285714279814,4.400000000000237e-05,52.38095238095474,0.9642857142857202,263059.0,179815.0,59.398158392680536,40.601841607319464,4503.430578,-4062.763824999999,-47.42787326396846,3074.1040729999995,-5442.311938,-63.90378218925172,59.431342585885595,40.568657414114405,1.462942468648333,1.4649570967859686,1429.326505000001,18.862685171771194,480931162.0,8231391.73114586,-36404.0,-0.007568909542644711,40297.64676115941,0.49196903790889,0.9161,0.0015000000000000568,0.16400612289526098,47.81,52.190000000000005,1.5074,-0.00029999999999996696,-0.01989785766398932,60.12,39.879999999999995,1.0743,0.0042999999999999705,0.40186915887850183,51.790000000000006,48.209999999999994,0.5913,0.1582,-0.43310000000000004,1783339200002,2026-07-06 12:00:00 UTC,5e-05,0.0167071
FINAL_REAL_MARK_PREMIUM_CLOSED_GUARD_2026_06_13,1783351500000,2026-07-06 15:25:00 UTC,USUSDT,1783351500000,2026-07-06 15:25:00 UTC,1783351799999,2026-07-06 15:29:59 UTC,True,0.017146,0.017153,0.016994,0.01705,-9.800000000000086e-05,-0.5714952181012413,55.359462612537854,0.017148,0.01714855,0.01699016,0.0170421,-0.00010589999999999905,-0.6175647305808202,1783351799999,2026-07-06 15:29:59 UTC,7.899999999998186e-06,0.04635578948602687,0.00324784,0.0042469,-0.0005339,0.00150807,-0.00209156,-58.10486077735768,1783351799999,2026-07-06 15:29:59 UTC,341,-12.0,-3.39943342776204,712183.0,269309.0,60.80939499722269,12165.049434,4587.5147830000005,60.54099379663794,binance_kline_quote_asset_volume,2088.5131964809384,35.674631771261,0.0001590000000000029,0.9273299895019415,-9.600000000000233e-05,-0.559897352152119,9.600000000000233e-05,0.559897352152119,7.000000000000062e-06,4.402515723270399,5.6000000000000494e-05,35.220125786163194,0.3522012578616319,293239.0,418944.0,41.17466999352695,58.82533000647305,5014.948492,511.517914,11.358405667422725,7150.100942,4075.9968690000005,132.5913753148331,41.22423438727475,58.77576561272525,0.6999479644057439,0.7013814955453255,-2135.1524499999996,-17.5515312254505,480917485.0,8246773.03278,-13677.0,-0.0028438581403464973,15381.301634140313,0.18686149483009895,0.9179,0.0018000000000000238,0.19648509987992835,47.86,52.14,1.5072,-0.00019999999999997797,-0.013267878466231788,60.11,39.89,1.0751,0.0007999999999999119,0.07446709485245387,51.81,48.19,0.5893,0.1571999999999999,-0.43210000000000015,1783339200002,2026-07-06 12:00:00 UTC,5e-05,0.0167071
FINAL_REAL_MARK_PREMIUM_CLOSED_GUARD_2026_06_13,1783351800000,2026-07-06 15:30:00 UTC,USUSDT,1783351800000,2026-07-06 15:30:00 UTC,1783352099999,2026-07-06 15:34:59 UTC,True,0.017033,0.017092,0.016969,0.017036,-1.4000000000000123e-05,-0.08211143695014736,54.23718673716872,0.0170421,0.01706447,0.01698059,0.0170536,1.1499999999997623e-05,0.06747994672016724,1783352099999,2026-07-06 15:34:59 UTC,-1.759999999999956e-05,-0.1032040155744216,0.00150807,0.00293585,0.0,0.00157266,6.459e-05,4.2829576876404944,1783352099999,2026-07-06 15:34:59 UTC,218,-123.0,-36.070381231671554,341744.0,-370439.0,-52.014580522141074,5817.68362,-6347.365814000001,-52.177065522313434,binance_kline_quote_asset_volume,1567.633027522936,26.686622110091744,0.0001229999999999981,0.722127634591664,2.999999999999531e-06,0.01761286913637956,2.999999999999531e-06,0.01761286913637956,5.6000000000000494e-05,45.52845528455395,6.399999999999809e-05,52.03252032520249,0.5447154471544605,172716.0,169028.0,50.5395851865724,49.4604148134276,2940.526651,-2074.4218410000003,-41.36476863738843,2877.1569689999997,-4272.943973,-59.760610481742205,50.544629840149334,49.455370159850666,1.0218188702463498,1.022025104185409,63.369682000000466,1.0892596802986765,480726425.0,8192587.8074925,-191060.0,-0.03972822905368059,-54185.22528749984,-0.6570476121037845,0.9198,0.0018999999999999018,0.20699422595052858,47.910000000000004,52.09,1.507,-0.00020000000000020002,-0.013269639065830681,60.11,39.89,1.0756,0.0004999999999999449,0.04650730164635336,51.82,48.18,0.5871999999999999,0.15579999999999994,-0.4314,1783339200002,2026-07-06 12:00:00 UTC,5e-05,0.0167071
FINAL_REAL_MARK_PREMIUM_CLOSED_GUARD_2026_06_13,1783352100000,2026-07-06 15:35:00 UTC,USUSDT,1783352100000,2026-07-06 15:35:00 UTC,1783352399999,2026-07-06 15:39:59 UTC,True,0.017054,0.017065,0.016986,0.017004,-3.200000000000078e-05,-0.18783752054473338,51.65930524319354,0.017036,0.01705227,0.01698872,0.01700323,-5.03699999999975e-05,-0.2953628559365618,1783352399999,2026-07-06 15:39:59 UTC,7.699999999971618e-07,0.0045285513399346,0.00137057,0.00209419,0.0,0.0,-0.00157266,-100.0,1783352399999,2026-07-06 15:39:59 UTC,153,-65.0,-29.81651376146789,158670.0,-183074.0,-53.57050891895688,2700.034485,-3117.6491349999997,-53.58918323234635,binance_kline_quote_asset_volume,1037.0588235294117,17.647284215686277,7.899999999999921e-05,0.4632344318048505,-5.000000000000143e-05,-0.2931863492435876,5.000000000000143e-05,0.2931863492435876,1.1000000000000593e-05,13.924050632912282,1.7999999999997185e-05,22.784810126578943,0.22784810126578944,67617.0,91053.0,42.614861032331255,57.385138967668745,1150.954977,-1789.571674,-60.85888299605824,1549.079508,-1328.0774609999996,-46.15936757394204,42.62741766425995,57.37258233574005,0.742611446080854,0.742992836104317,-398.12453099999993,-14.74516467148011,480657904.0,8196947.6316544,-68521.0,-0.014253637086831663,4359.824161900207,0.05321669128664019,0.9198,0.0,0.0,47.910000000000004,52.09,1.5069,-9.999999999998899e-05,-0.00663570006635627,60.11,39.89,1.0777,0.002100000000000213,0.19523986612125446,51.870000000000005,48.13,0.5871,0.15790000000000015,-0.4291999999999998,1783339200002,2026-07-06 12:00:00 UTC,5e-05,0.0167071
FINAL_REAL_MARK_PREMIUM_CLOSED_GUARD_2026_06_13,1783352400000,2026-07-06 15:40:00 UTC,USUSDT,1783352400000,2026-07-06 15:40:00 UTC,1783352699999,2026-07-06 15:44:59 UTC,True,0.017003,0.017016,0.01695,0.016987,-1.6999999999999654e-05,-0.0999764761232631,50.291746046734595,0.01700323,0.017008,0.01695901,0.01698452,-1.8710000000001642e-05,-0.11003791632531959,1783352699999,2026-07-06 15:44:59 UTC,2.4799999999991496e-06,0.014601531276710496,0.0,0.00026029,-0.00081183,0.0,0.0,,1783352699999,2026-07-06 15:44:59 UTC,209,56.0,36.60130718954248,229355.0,70685.0,44.548433856431586,3894.765575,1194.7310899999998,44.248734474959846,binance_kline_quote_asset_volume,1097.3923444976076,18.635241985645933,6.600000000000009e-05,0.3881667940951602,-1.6000000000002124e-05,-0.09410104099277847,1.6000000000002124e-05,0.09410104099277847,1.2999999999999123e-05,19.696969696968342,3.699999999999884e-05,56.06060606060422,0.5606060606060422,123334.0,106021.0,53.77428004621656,46.22571995378343,2094.887218,943.9322409999997,82.01295966071484,1799.878357,250.79884900000002,16.19018570091368,53.78724797833308,46.21275202166693,1.163297837220928,1.1639048882679575,295.0088609999998,7.574495956666142,480585325.0,8171502.81559975,-72579.0,-0.0150999285346195,-25444.816054650582,-0.3104181848910388,0.919,-0.0007999999999999119,-0.08697542944117329,47.89,52.11,1.5071,0.00020000000000020002,0.01327228084147588,60.11,39.89,1.0786,0.0008999999999999009,0.08351118121925404,51.89,48.11,0.5881000000000001,0.15959999999999996,-0.4285000000000001,1783339200002,2026-07-06 12:00:00 UTC,5e-05,0.0167071
FINAL_REAL_MARK_PREMIUM_CLOSED_GUARD_2026_06_13,1783352700000,2026-07-06 15:45:00 UTC,USUSDT,1783352700000,2026-07-06 15:45:00 UTC,1783352999999,2026-07-06 15:49:59 UTC,True,0.016978,0.016988,0.016942,0.016963,-2.3999999999999716e-05,-0.14128451168540482,48.34591830525918,0.01698452,0.01698541,0.01695263,0.0169684,-1.611999999999794e-05,-0.09490995329863866,1783352999999,2026-07-06 15:49:59 UTC,-5.400000000002625e-06,-0.03182386082366413,0.0,0.0,-0.00103932,0.0,0.0,,1783352999999,2026-07-06 15:49:59 UTC,123,-86.0,-41.14832535885167,130625.0,-98730.0,-43.04680517102309,2215.907663,-1678.857912,-43.10549324910268,binance_kline_quote_asset_volume,1061.9918699186992,18.01550945528455,4.60000000000009e-05,0.2709388620567847,-1.5000000000001124e-05,-0.0883496289315651,1.5000000000001124e-05,0.0883496289315651,9.999999999999593e-06,21.7391304347813,2.1000000000000185e-05,45.652173913042986,0.45652173913042987,48043.0,82582.0,36.77933014354067,63.22066985645933,815.165847,-1279.7213709999999,-61.08784091115687,1400.741816,-399.1365410000001,-22.175750902703925,36.78699526208552,63.21300473791448,0.5817611586059916,0.5819529607017886,-585.575969,-26.42600947582896,480558503.0,8162055.50537356,-26822.0,-0.005581110908869305,-9447.310226189904,-0.11561288589602617,0.9212,0.0021999999999999797,0.23939064200217408,47.949999999999996,52.05,1.507,-0.00010000000000021103,-0.0066352597704340145,60.11,39.89,1.0794,0.0007999999999999119,0.07417022065639828,51.910000000000004,48.089999999999996,0.5857999999999999,0.1581999999999999,-0.4276,1783339200002,2026-07-06 12:00:00 UTC,5e-05,0.0167071
FINAL_REAL_MARK_PREMIUM_CLOSED_GUARD_2026_06_13,1783353000000,2026-07-06 15:50:00 UTC,USUSDT,1783353000000,2026-07-06 15:50:00 UTC,1783353299999,2026-07-06 15:54:59 UTC,True,0.016978,0.016985,0.016907,0.016928,-3.500000000000031e-05,-0.20633142722395986,45.57649052945867,0.0169684,0.01697925,0.01692086,0.016928,-4.0400000000002934e-05,-0.23808962542138878,1783353299999,2026-07-06 15:54:59 UTC,0.0,0.0,0.0,0.0,-0.00188265,-0.0013039,-0.0013039,,1783353299999,2026-07-06 15:54:59 UTC,247,124.0,100.8130081300813,526677.0,396052.0,303.19770334928234,8919.014277,6703.106614,302.4993652003089,binance_kline_quote_asset_volume,2132.2955465587042,36.10936954251012,7.800000000000168e-05,0.4594180704441141,-5.000000000000143e-05,-0.2944987631052034,5.000000000000143e-05,0.2944987631052034,7.000000000000062e-06,8.97435897435886,2.1000000000000185e-05,26.923076923076582,0.26923076923076583,138942.0,387735.0,26.380874805620902,73.6191251943791,2355.197945,1540.032098,188.92254915581614,6563.816332,5163.074516000001,368.5957295644839,26.406482508649987,73.59351749135001,0.35834268250222445,0.35881533331728205,-4208.618387,-47.187034982700034,480495694.0,8153243.1340696,-62809.0,-0.013070000761176835,-8812.37130395975,-0.10796754932820597,0.9209,-0.00029999999999996696,-0.03256621797654874,47.94,52.059999999999995,1.507,0.0,0.0,60.11,39.89,1.0799,0.000500000000000167,0.0463220307578439,51.92,48.08,0.5860999999999998,0.15900000000000003,-0.4270999999999998,1783339200002,2026-07-06 12:00:00 UTC,5e-05,0.0167071
FINAL_REAL_MARK_PREMIUM_CLOSED_GUARD_2026_06_13,1783353300000,2026-07-06 15:55:00 UTC,USUSDT,1783353300000,2026-07-06 15:55:00 UTC,1783353599999,2026-07-06 15:59:59 UTC,True,0.016923,0.016949,0.016906,0.016948,2.0000000000002655e-05,0.11814744801513857,47.42967035954541,0.016928,0.016948,0.01691968,0.016948,2.0000000000002655e-05,0.11814744801513857,1783353599999,2026-07-06 15:59:59 UTC,0.0,0.0,-0.00120589,0.0,-0.00175659,0.0,0.0013039,-100.0,1783353599999,2026-07-06 15:59:59 UTC,169,-78.0,-31.57894736842105,279551.0,-247126.0,-46.92173761147724,4733.275084,-4185.739193,-46.93051342897856,binance_kline_quote_asset_volume,1654.1479289940828,28.007544875739644,4.29999999999979e-05,0.2540920640548242,2.5000000000000716e-05,0.14772794421793248,2.5000000000000716e-05,0.14772794421793248,9.999999999975306e-07,2.325581395343208,1.6999999999999654e-05,39.534883720931354,0.9767441860465679,184781.0,94770.0,66.09920908886036,33.90079091113965,3129.532068,774.3341230000001,32.877666382304874,1603.743016,-4960.073316,-75.5669120694098,66.11768833336626,33.88231166663374,1.949783686820724,1.9513924841933654,1525.789052,32.23537666673252,480414347.0,8132454.066016,-81347.0,-0.016929808324151186,-20789.06805360038,-0.25497912562830377,0.9198,-0.001100000000000101,-0.11944836572918892,47.910000000000004,52.09,1.5064,-0.0005999999999999339,-0.03981420039813762,60.099999999999994,39.900000000000006,1.0786,-0.0013000000000000789,-0.12038151680711906,51.89,48.11,0.5866,0.15880000000000005,-0.42779999999999996,1783339200002,2026-07-06 12:00:00 UTC,5e-05,0.0167071
FINAL_REAL_MARK_PREMIUM_CLOSED_GUARD_2026_06_13,1783353600000,2026-07-06 16:00:00 UTC,USUSDT,1783353600000,2026-07-06 16:00:00 UTC,1783353899999,2026-07-06 16:04:59 UTC,True,0.01694,0.017066,0.01691,0.017044,9.599999999999886e-05,0.566438517819205,55.298020795911754,0.016948,0.01706,0.01692442,0.01705743,0.00010942999999999717,0.6456809063016118,1783353899999,2026-07-06 16:04:59 UTC,-1.3429999999998304e-05,-0.07873401796166425,0.0,0.00391159,-0.00043185,0.00276733,0.00276733,,1783353899999,2026-07-06 16:04:59 UTC,527,358.0,211.83431952662724,1075691.0,796140.0,284.7923992402102,18261.331041,13528.055957,285.80751629520125,binance_kline_quote_asset_volume,2041.159392789374,34.6514820512334,0.0001559999999999999,0.9208972845336475,0.00010399999999999993,0.6139315230224316,0.00010399999999999993,0.6139315230224316,2.2000000000001185e-05,14.102564102564871,2.9999999999998778e-05,19.23076923076846,0.8589743589743513,619397.0,456294.0,57.58131284913605,42.41868715086395,10522.422944,7392.8908759999995,236.22991282286483,7738.908097000001,6135.165081000001,382.55287909543745,57.62133614672036,42.37866385327963,1.3574515553568534,1.3596779819725513,2783.5148469999986,15.242672293440728,480438462.0,8142471.053976,24115.0,0.0050196252777604915,10016.987960000522,0.12317300385205539,0.919,-0.0007999999999999119,-0.08697542944117329,47.89,52.11,1.5063,-9.999999999998899e-05,-0.0066383430695691045,60.099999999999994,39.900000000000006,1.079,0.00039999999999995595,0.03708511032819914,51.9,48.1,0.5872999999999999,0.15999999999999992,-0.4273,1783353600000,2026-07-06 16:00:00 UTC,5e-05,0.016948
FINAL_REAL_MARK_PREMIUM_CLOSED_GUARD_2026_06_13,1783353900000,2026-07-06 16:05:00 UTC,USUSDT,1783353900000,2026-07-06 16:05:00 UTC,1783354199999,2026-07-06 16:09:59 UTC,True,0.01706,0.017157,0.017033,0.017121,7.700000000000068e-05,0.4517718845341509,60.41566952549501,0.01705743,0.01712956,0.01704167,0.0171171,5.967000000000125e-05,0.349818231703142,1783354199999,2026-07-06 16:09:59 UTC,3.900000000001125e-06,0.022784233310555672,0.00265558,0.00577246,0.0,0.00172318,-0.0010441500000000002,-37.73131502206098,1783354199999,2026-07-06 16:09:59 UTC,538,11.0,2.0872865275142316,1128172.0,52481.0,4.878817429912494,19273.906959,1012.5759179999986,5.544918471312863,binance_kline_quote_asset_volume,2096.9739776951674,35.82510587174721,0.0001239999999999991,0.7268464243845201,6.1000000000002025e-05,0.35756154747949603,6.1000000000002025e-05,0.35756154747949603,3.599999999999784e-05,29.032258064514593,2.6999999999999247e-05,21.774193548386645,0.7096774193548541,538590.0,589582.0,47.74006091269771,52.259939087302286,9209.311939,-1313.1110050000007,-12.47916959799407,10064.59502,2325.6869229999993,30.051874164283653,47.78124102492716,52.21875897507283,0.9135116065280148,0.9150206163983335,-855.2830810000014,-4.437517950145676,480532613.0,8196651.40896459,94151.0,0.019596890641948646,54180.35498858988,0.6654043303246796,0.9179,-0.0010999999999999899,-0.11969532100108704,47.86,52.14,1.5065,0.00019999999999997797,0.013277567549623446,60.099999999999994,39.900000000000006,1.073,-0.006000000000000005,-0.5560704355885084,51.76,48.24,0.5885999999999999,0.1550999999999999,-0.4335,1783353600000,2026-07-06 16:00:00 UTC,5e-05,0.016948
FINAL_REAL_MARK_PREMIUM_CLOSED_GUARD_2026_06_13,1783354200000,2026-07-06 16:10:00 UTC,USUSDT,1783354200000,2026-07-06 16:10:00 UTC,1783354499999,2026-07-06 16:14:59 UTC,True,0.017107,0.017313,0.017083,0.017159,3.799999999999984e-05,0.22194965247356951,62.68601973181179,0.0171171,0.0172592,0.017087,0.01713455,1.7449999999998717e-05,0.10194483878693655,1783354499999,2026-07-06 16:14:59 UTC,2.4450000000002248e-05,0.14269414720551313,0.00172318,0.00879127,0.00015192,0.00263706,0.0009138800000000002,53.03450597151779,1783354499999,2026-07-06 16:14:59 UTC,912,374.0,69.51672862453532,1887241.0,759069.0,67.28309158532564,32424.980633,13151.073674,68.23252650319074,binance_kline_quote_asset_volume,2069.343201754386,35.553706834429825,0.00022999999999999757,1.3444788682995124,5.199999999999996e-05,0.30396913544163184,5.199999999999996e-05,0.30396913544163184,0.0001539999999999979,66.95652173913022,2.3999999999999716e-05,10.43478260869564,0.33043478260869774,1182604.0,704637.0,62.66311509764784,37.33688490235216,20321.35717,11112.045231,120.66097124956994,12103.623463,2039.0284429999992,20.25941867455288,62.671917679785025,37.32808232021497,1.678316636793129,1.678948228364926,8217.733707,25.343835359570065,480705683.0,8228287.2464793,173070.0,0.03601628595393586,31635.83751470968,0.3859605091917158,0.9168,-0.001100000000000101,-0.11983876239242847,47.83,52.17,1.5052,-0.0012999999999998568,-0.0862927314968375,60.08,39.92,1.073,0.0,0.0,51.76,48.24,0.5884000000000001,0.1562,-0.43220000000000014,1783353600000,2026-07-06 16:00:00 UTC,5e-05,0.016948
FINAL_REAL_MARK_PREMIUM_CLOSED_GUARD_2026_06_13,1783354500000,2026-07-06 16:15:00 UTC,USUSDT,1783354500000,2026-07-06 16:15:00 UTC,1783354799999,2026-07-06 16:19:59 UTC,True,0.017143,0.017222,0.017068,0.017115,-4.400000000000237e-05,-0.25642519960372034,58.50199728265776,0.01714235,0.01720133,0.01708185,0.017098,-3.654999999999978e-05,-0.2133117006282615,1783354799999,2026-07-06 16:19:59 UTC,1.6999999999999654e-05,0.09942683354778134,0.00277308,0.00453929,-0.0002838,0.0,-0.00263706,-100.0,1783354799999,2026-07-06 16:19:59 UTC,489,-423.0,-46.381578947368425,1721847.0,-165394.0,-8.763798582163062,29544.195828,-2880.7848049999993,-8.88446114311053,binance_kline_quote_asset_volume,3521.159509202454,60.4175783803681,0.00015400000000000136,0.898325847284614,-2.8000000000000247e-05,-0.16333197223356619,2.8000000000000247e-05,0.16333197223356619,7.900000000000268e-05,51.29870129870259,4.699999999999843e-05,30.51948051947923,0.3051948051947923,451984.0,1269863.0,26.249951360370577,73.75004863962941,7757.135315,-12564.221855,-61.82767100589276,21787.060513,9683.43705,80.00444725996017,26.25603810697839,73.74396189302162,0.3559313091254726,0.3560432262246409,-14029.925198,-47.487923786043226,480697907.0,8236542.32238685,-7776.0,-0.0016176218162163895,8255.07590754982,0.10032556788877277,0.9131,-0.0036999999999999256,-0.40357766143105644,47.73,52.27,1.5031,-0.0020999999999999908,-0.1395163433430767,60.050000000000004,39.95,1.073,0.0,0.0,51.76,48.24,0.5900000000000001,0.15989999999999993,-0.43010000000000015,1783353600000,2026-07-06 16:00:00 UTC,5e-05,0.016948
FINAL_REAL_MARK_PREMIUM_CLOSED_GUARD_2026_06_13,1783354800000,2026-07-06 16:20:00 UTC,USUSDT,1783354800000,2026-07-06 16:20:00 UTC,1783355099999,2026-07-06 16:24:59 UTC,True,0.017101,0.017206,0.017052,0.017189,7.400000000000115e-05,0.43236926672510173,62.977600712494954,0.017098,0.01718837,0.01707055,0.01718837,9.037000000000281e-05,0.5285413498654978,1783355099999,2026-07-06 16:24:59 UTC,6.299999999979933e-07,0.003665269016189396,0.0,0.00320496,0.0,0.00304962,0.00304962,,1783355099999,2026-07-06 16:24:59 UTC,755,266.0,54.396728016359916,1263281.0,-458566.0,-26.632215289744092,21625.965515,-7918.230313,-26.801305945500246,binance_kline_quote_asset_volume,1673.2198675496688,28.643662933774834,0.0001539999999999979,0.9005321326238108,8.79999999999978e-05,0.5145897900707432,8.79999999999978e-05,0.5145897900707432,1.6999999999999654e-05,11.038961038960966,4.900000000000043e-05,31.818181818182534,0.8896103896103903,791004.0,472277.0,62.615047641815245,37.38495235818476,13547.510505,5790.37519,74.64579325828093,8078.45501,-13708.605503,-62.9208584371457,62.64465045781795,37.35534954218205,1.6748730088486206,1.6769927527268609,5469.0554950000005,25.28930091563591,480839912.0,8221400.815376,142005.0,0.029541422571660998,-15141.507010850124,-0.18383329336748067,0.9142,0.0010999999999999899,0.12046873288796298,47.760000000000005,52.239999999999995,1.5047,0.0015999999999998238,0.1064466768677948,60.08,39.92,1.0721,-0.0008999999999999009,-0.08387698042869533,51.739999999999995,48.26,0.5904999999999999,0.15790000000000004,-0.4325999999999999,1783353600000,2026-07-06 16:00:00 UTC,5e-05,0.016948
FINAL_REAL_MARK_PREMIUM_CLOSED_GUARD_2026_06_13,1783355100000,2026-07-06 16:25:00 UTC,USUSDT,1783355100000,2026-07-06 16:25:00 UTC,1783355399999,2026-07-06 16:29:59 UTC,True,0.01719,0.01726,0.01712,0.017133,-5.6000000000000494e-05,-0.32578974925824944,57.88939776306067,0.01718837,0.017229,0.0171284,0.017133,-5.53700000000025e-05,-0.3221364213127975,1783355399999,2026-07-06 16:29:59 UTC,0.0,0.0,0.00187551,0.00401903,0.0,0.00043018,-0.00261944,-85.89398023360287,1783355399999,2026-07-06 16:29:59 UTC,412,-343.0,-45.43046357615894,1120023.0,-143258.0,-11.340153140908475,19258.021585,-2367.9439300000013,-10.949540857991149,binance_kline_quote_asset_volume,2718.502427184466,46.742770837378636,0.00014000000000000123,0.8144269924374707,-5.7000000000001494e-05,-0.3315881326352617,5.7000000000001494e-05,0.3315881326352617,7.000000000000062e-05,50.0,1.2999999999999123e-05,9.285714285713578,0.09285714285713578,579749.0,540274.0,51.76224059684489,48.23775940315511,9982.807728,-3564.7027770000004,-26.31260389637174,9275.213856999999,1196.7588469999992,14.814204517059002,51.83714061145083,48.16285938854918,1.0730647782421512,1.076288685297103,707.593871000001,3.6742812229016466,480600505.0,8260739.30212685,-239407.0,-0.049789336123162754,39338.486750850454,0.4784888565130897,0.9117,-0.0025000000000000577,-0.2734631371691159,47.69,52.31,1.505,0.00029999999999996696,0.01993752907556104,60.08,39.92,1.07,-0.0020999999999999908,-0.19587725025650504,51.690000000000005,48.309999999999995,0.5932999999999999,0.1583000000000001,-0.43499999999999983,1783353600000,2026-07-06 16:00:00 UTC,5e-05,0.016948
FINAL_REAL_MARK_PREMIUM_CLOSED_GUARD_2026_06_13,1783355400000,2026-07-06 16:30:00 UTC,USUSDT,1783355400000,2026-07-06 16:30:00 UTC,1783355699999,2026-07-06 16:34:59 UTC,True,0.017137,0.017191,0.0171,0.017123,-9.999999999999593e-06,-0.058366894297552055,57.00371512430452,0.017133,0.01717074,0.01710042,0.01711052,-2.2479999999998335e-05,-0.13120877838089265,1783355699999,2026-07-06 16:34:59 UTC,1.2479999999998742e-05,0.07293758459707093,0.00028953,0.00178497,0.0,0.0,-0.00043018,-100.0,1783355699999,2026-07-06 16:34:59 UTC,208,-204.0,-49.51456310679612,593097.0,-526926.0,-47.045998162537735,10163.292612,-9094.728973,-47.22566610935699,binance_kline_quote_asset_volume,2851.4278846153848,48.86198371153846,9.10000000000008e-05,0.531014763377492,-1.4000000000000123e-05,-0.08169457898115262,1.4000000000000123e-05,0.08169457898115262,5.400000000000196e-05,59.34065934066097,2.2999999999998716e-05,25.274725274723643,0.2527472527472364,155878.0,437219.0,26.282041554754116,73.71795844524588,2672.431822,-7310.375905999999,-73.22965747898455,7490.860789999999,-1784.353067,-19.237864425663346,26.29494125599225,73.70505874400774,0.35652156013348,0.3567589756263513,-4818.428967999998,-47.410117488015494,480554274.0,8233336.376442,-46231.0,-0.00961942393298151,-27402.92568484973,-0.33172485757775266,0.9128,0.0010999999999999899,0.12065372381265657,47.72,52.28,1.505,0.0,0.0,60.08,39.92,1.0683,-0.0017000000000000348,-0.15887850467290043,51.65,48.35,0.5922,0.15550000000000008,-0.43669999999999987,1783353600000,2026-07-06 16:00:00 UTC,5e-05,0.016948
FINAL_REAL_MARK_PREMIUM_CLOSED_GUARD_2026_06_13,1783355700000,2026-07-06 16:35:00 UTC,USUSDT,1783355700000,2026-07-06 16:35:00 UTC,1783355999999,2026-07-06 16:39:59 UTC,True,0.017106,0.017142,0.0171,0.017128,5.000000000001531e-06,0.02920049056825049,57.35503406106979,0.01711052,0.01712155,0.0171,0.01711548,4.959999999998299e-06,0.028988014391136557,1783355999999,2026-07-06 16:39:59 UTC,1.2520000000001974e-05,0.07315015412948965,0.0,0.00046287,0.0,0.00030898,0.00030898,,1783355999999,2026-07-06 16:39:59 UTC,125,-83.0,-39.90384615384615,310818.0,-282279.0,-47.59406977273532,5321.164111,-4842.128500999999,-47.64330503760959,binance_kline_quote_asset_volume,2486.544,42.569312888,4.200000000000037e-05,0.24552788495265038,2.2000000000001185e-05,0.1286098444990131,2.2000000000001185e-05,0.1286098444990131,1.4000000000000123e-05,33.33333333333333,5.999999999999062e-06,14.285714285711926,0.6666666666666666,231173.0,79645.0,74.37567965819225,25.624320341807742,3958.543552,1286.11173,48.125146520576045,1362.620559,-6128.240230999999,-81.80955971282974,74.39243499024644,25.607565009753557,2.902542532487915,2.9050960121320175,2595.922993,48.784869980492886,480618354.0,8223629.95848408,64080.0,0.013334602034982629,-9706.417957920581,-0.11789167251435884,0.9113,-0.0014999999999999458,-0.16432953549517373,47.68,52.32,1.5039,-0.0010999999999998789,-0.0730897009966697,60.06,39.94,1.0665,-0.0018000000000000238,-0.1684919966301623,51.61,48.39,0.5926,0.1552,-0.4374,1783353600000,2026-07-06 16:00:00 UTC,5e-05,0.016948
FINAL_REAL_MARK_PREMIUM_CLOSED_GUARD_2026_06_13,1783356000000,2026-07-06 16:40:00 UTC,USUSDT,1783356000000,2026-07-06 16:40:00 UTC,1783356299999,2026-07-06 16:44:59 UTC,True,0.017125,0.017195,0.017052,0.017075,-5.300000000000096e-05,-0.3094348435310658,52.4617136981904,0.01711548,0.017164,0.01706,0.017074,-4.147999999999999e-05,-0.24235370553440505,1783356299999,2026-07-06 16:44:59 UTC,1.000000000001e-06,0.005856858381170201,0.00025967,0.00199545,-0.00184897,-0.00030675,-0.00061573,-199.27827043821605,1783356299999,2026-07-06 16:44:59 UTC,420,295.0,236.0,1181625.0,870807.0,280.1662065903519,20232.736186,14911.572074999998,280.2313885447462,binance_kline_quote_asset_volume,2813.3928571428573,48.17318139523809,0.0001429999999999973,0.8350364963503492,-5.000000000000143e-05,-0.2919708029197164,5.000000000000143e-05,0.2919708029197164,6.999999999999715e-05,48.95104895104788,2.2999999999998716e-05,16.08391608391549,0.1608391608391549,464867.0,716758.0,39.34133079445679,60.65866920554321,7969.703614,4011.160062,101.32918860961921,12263.032571999998,10900.412012999997,799.9594561379283,39.39014249350328,60.60985750649672,0.6485689730704087,0.649896635861272,-4293.328957999998,-21.219715012993444,480415063.0,8222534.40247524,-203291.0,-0.04229780205189584,-1095.5560088399798,-0.013322048953695034,0.9117,0.00039999999999995595,0.043893339185773726,47.69,52.31,1.5043,0.00039999999999995595,0.026597513132519176,60.07,39.93,1.0695,0.0029999999999998916,0.28129395218001796,51.68000000000001,48.32,0.5926,0.15779999999999994,-0.4348000000000001,1783353600000,2026-07-06 16:00:00 UTC,5e-05,0.016948
FINAL_REAL_MARK_PREMIUM_CLOSED_GUARD_2026_06_13,1783356300000,2026-07-06 16:45:00 UTC,USUSDT,1783356300000,2026-07-06 16:45:00 UTC,1783356599999,2026-07-06 16:49:59 UTC,True,0.017072,0.017091,0.017051,0.01709,1.5000000000001124e-05,0.0878477306002994,53.666546688284164,0.017074,0.017091,0.01706473,0.01709,1.6000000000002124e-05,0.09370973409864193,1783356599999,2026-07-06 16:49:59 UTC,0.0,0.0,0.0,0.0,-0.00029213,0.0,0.00030675,-100.0,1783356599999,2026-07-06 16:49:59 UTC,40,-380.0,-90.47619047619048,52556.0,-1129069.0,-95.55222680630487,897.210128,-19335.526058,-95.56555218359037,binance_kline_quote_asset_volume,1313.9,22.430253200000003,3.999999999999837e-05,0.23430178069352373,1.8000000000000654e-05,0.10543580131209379,1.8000000000000654e-05,0.10543580131209379,9.999999999975306e-07,2.4999999999939284,2.1000000000000185e-05,52.5000000000026,0.9750000000000607,29523.0,23033.0,56.174366390136235,43.825633609863765,504.127195,-7465.576419,-93.67445491806717,393.0829330000001,-11869.949638999999,-96.79456993454033,56.188308543035085,43.81169145696492,1.2817696348717058,1.2824957602522007,111.04426199999989,12.376617086070151,480105703.0,8197324.773022,-309360.0,-0.06439431729475144,-25209.629453239962,-0.30659196081503864,0.9146,0.0029000000000000137,0.31808709005155356,47.77,52.23,1.5063,0.0020000000000000018,0.13295220368277616,60.099999999999994,39.900000000000006,1.0743,0.0048000000000001375,0.44880785413746027,51.790000000000006,48.209999999999994,0.5917,0.15970000000000006,-0.43199999999999994,1783353600000,2026-07-06 16:00:00 UTC,5e-05,0.016948
FINAL_REAL_MARK_PREMIUM_CLOSED_GUARD_2026_06_13,1783356600000,2026-07-06 16:50:00 UTC,USUSDT,1783356600000,2026-07-06 16:50:00 UTC,1783356899999,2026-07-06 16:54:59 UTC,True,0.01709,0.017131,0.01708,0.01708,-9.999999999999593e-06,-0.0585137507314195,52.707479568366665,0.01709,0.01712001,0.01708563,0.01708575,-4.250000000000781e-06,-0.02486834406085887,1783356899999,2026-07-06 16:54:59 UTC,-5.749999999998812e-06,-0.03365377580731786,0.0,0.00015391,0.0,0.0,0.0,,1783356899999,2026-07-06 16:54:59 UTC,148,108.0,270.0,200127.0,147571.0,280.78811172844206,3423.977903,2526.767775,281.62497236098966,binance_kline_quote_asset_volume,1352.2094594594594,23.13498583108108,5.099999999999896e-05,0.29842012873024554,-9.999999999999593e-06,-0.0585137507314195,9.999999999999593e-06,0.0585137507314195,4.099999999999937e-05,80.3921568627455,0.0,0.0,0.0,118305.0,81822.0,59.11496199913056,40.88503800086945,2024.208353,1520.081158,301.52730760735886,1399.76955,1006.6866169999998,256.1003117884031,59.118616134363535,40.88138386563647,1.4458825254821441,1.4461011478639467,624.438803,18.23723226872706,480073576.0,8204457.41384,-32127.0,-0.006691651400774966,7132.64081799984,0.0870118119691181,0.9146,0.0,0.0,47.77,52.23,1.5063,0.0,0.0,60.099999999999994,39.900000000000006,1.0751,0.0007999999999999119,0.07446709485245387,51.81,48.19,0.5917,0.16049999999999998,-0.4312,1783353600000,2026-07-06 16:00:00 UTC,5e-05,0.016948
FINAL_REAL_MARK_PREMIUM_CLOSED_GUARD_2026_06_13,1783356900000,2026-07-06 16:55:00 UTC,USUSDT,1783356900000,2026-07-06 16:55:00 UTC,1783357199999,2026-07-06 16:59:59 UTC,True,0.017082,0.017147,0.017081,0.017147,6.699999999999762e-05,0.39227166276345204,58.10910512858347,0.01708575,0.01713067,0.01708575,0.01713053,4.478000000000121e-05,0.26208975315687755,1783357199999,2026-07-06 16:59:59 UTC,1.6469999999997598e-05,0.09614413564552642,0.0,0.00017451,0.0,9.431e-05,9.431e-05,,1783357199999,2026-07-06 16:59:59 UTC,102,-46.0,-31.08108108108108,135267.0,-64860.0,-32.40942001828839,2314.282404,-1109.695499,-32.40954031939615,binance_kline_quote_asset_volume,1326.1470588235295,22.689043176470587,6.600000000000009e-05,0.3863716192483321,6.499999999999909e-05,0.3805175038051697,6.499999999999909e-05,0.3805175038051697,0.0,0.0,1.000000000001e-06,1.5151515151530284,1.0,68939.0,66328.0,50.96512822787525,49.03487177212476,1180.013518,-844.194835,-41.7049378216848,1134.268886,-265.5006639999999,-18.967455321484877,50.98831136426858,49.011688635731424,1.039364974068267,1.0403296189859517,45.74463199999991,1.9766227285371485,479980265.0,8200822.81272375,-93311.0,-0.019436812327283764,-3634.601116249338,-0.044300322774765984,0.9139,-0.0006999999999999229,-0.0765361906844438,47.75,52.25,1.5064,9.999999999998899e-05,0.006638783774811723,60.099999999999994,39.900000000000006,1.0708,-0.0042999999999999705,-0.3999627941586802,51.71,48.29,0.5924999999999999,0.15689999999999993,-0.4356,1783353600000,2026-07-06 16:00:00 UTC,5e-05,0.016948
FINAL_REAL_MARK_PREMIUM_CLOSED_GUARD_2026_06_13,1783357200000,2026-07-06 17:00:00 UTC,USUSDT,1783357200000,2026-07-06 17:00:00 UTC,1783357499999,2026-07-06 17:04:59 UTC,True,0.017144,0.017201,0.017068,0.01714,-7.000000000000062e-06,-0.04082346766198205,57.371814821867574,0.01713053,0.01718792,0.01709851,0.01712713,-3.4000000000006247e-06,-0.01984760541559791,1783357499999,2026-07-06 17:04:59 UTC,1.286999999999816e-05,0.07514393830138592,9.431e-05,0.00231396,-0.00046852,0.0,-9.431e-05,-100.0,1783357499999,2026-07-06 17:04:59 UTC,499,397.0,389.2156862745098,1388218.0,1252951.0,926.2798760969046,23798.447817,21484.165413,928.3294629845873,binance_kline_quote_asset_volume,2782.0,47.69228019438878,0.00013300000000000117,0.7757816145590363,-4.000000000000531e-06,-0.023331777881477667,4.000000000000531e-06,0.023331777881477667,5.7000000000001494e-05,42.85714285714361,7.199999999999915e-05,54.135338345863545,0.5413533834586355,629777.0,758441.0,45.365857523818306,54.634142476181694,10801.593906,9621.580388,815.3788275500078,12996.853911,11862.585025,1045.8353545104649,45.38780843633034,54.612191563669654,0.8303572723521012,0.8310929691113922,-2195.260005,-9.224383127339317,479909014.0,8221095.76159742,-71251.0,-0.014844568661588616,20272.94887366984,0.24720627840191756,0.9135,-0.00040000000000006697,-0.04376846482110373,47.74,52.26,1.5064,0.0,0.0,60.099999999999994,39.900000000000006,1.0734,0.0025999999999999357,0.24280911468060662,51.77,48.230000000000004,0.5929,0.15989999999999993,-0.43300000000000005,1783353600000,2026-07-06 16:00:00 UTC,5e-05,0.016948
FINAL_REAL_MARK_PREMIUM_CLOSED_GUARD_2026_06_13,1783357500000,2026-07-06 17:05:00 UTC,USUSDT,1783357500000,2026-07-06 17:05:00 UTC,1783357799999,2026-07-06 17:09:59 UTC,True,0.017139,0.017158,0.01712,0.017149,9.000000000002062e-06,0.05250875145858846,58.10777933184829,0.01712713,0.01715154,0.01712212,0.017149,2.1870000000000223e-05,0.12769214690377326,1783357799999,2026-07-06 17:09:59 UTC,0.0,0.0,0.00055356,0.00073868,0.0,0.00073868,0.00073868,,1783357799999,2026-07-06 17:09:59 UTC,152,-347.0,-69.53907815631263,213328.0,-1174890.0,-84.63296110553242,3657.060455,-20141.387362,-84.63319758027394,binance_kline_quote_asset_volume,1403.4736842105262,24.059608256578947,3.799999999999984e-05,0.22171655289106618,9.999999999999593e-06,0.05834646128712055,9.999999999999593e-06,0.05834646128712055,8.999999999998592e-06,23.684210526312185,1.9000000000001654e-05,50.00000000000456,0.7631578947368781,142340.0,70988.0,66.72354308857722,33.276456911422784,2440.677336,-8360.91657,-77.40447051389083,1216.3831189999996,-11780.470792,-90.64094182077015,66.73877465337117,33.261225346628834,2.005127627204598,2.0065037880552836,1224.2942170000006,33.47754930674234,479848067.0,8218420.22375771,-60947.0,-0.01269969894751758,-2675.537839709781,-0.03254478377697311,0.9234,0.00990000000000002,1.0837438423645342,48.010000000000005,51.99,1.5052,-0.0011999999999998678,-0.07966011683482925,60.08,39.92,1.0859,0.012500000000000178,1.1645239426122767,52.059999999999995,47.94,0.5818000000000001,0.1625000000000001,-0.4193,1783353600000,2026-07-06 16:00:00 UTC,5e-05,0.016948
FINAL_REAL_MARK_PREMIUM_CLOSED_GUARD_2026_06_13,1783357800000,2026-07-06 17:10:00 UTC,USUSDT,1783357800000,2026-07-06 17:10:00 UTC,1783358099999,2026-07-06 17:14:59 UTC,True,0.017158,0.017171,0.017093,0.017107,-4.200000000000037e-05,-0.2449122397807474,53.46851011365123,0.017149,0.01715493,0.0171063,0.01711038,-3.861999999999963e-05,-0.22520263572219737,1783358099999,2026-07-06 17:14:59 UTC,-3.3800000000007435e-06,-0.019754090791675834,0.00075048,0.00075048,-8.005e-05,0.0,-0.00073868,-100.0,1783358099999,2026-07-06 17:14:59 UTC,176,24.0,15.789473684210526,396627.0,183299.0,85.92355433885848,6797.259099,3140.198644,85.86674140720488,binance_kline_quote_asset_volume,2253.5625,38.62079033522727,7.799999999999821e-05,0.45459843804638195,-5.099999999999896e-05,-0.29723744026109666,5.099999999999896e-05,0.29723744026109666,1.2999999999999123e-05,16.666666666665925,1.4000000000000123e-05,17.948717948718517,0.17948717948718518,181681.0,214946.0,45.80651342445169,54.19348657554831,3114.820431,674.1430949999999,27.621147828776326,3682.438668,2466.055549,202.73674555985028,45.82465352039098,54.17534647960901,0.8452401998641519,0.8458580608734799,-567.6182369999997,-8.350692959218026,479800633.0,8228101.055317,-47434.0,-0.009885212270741522,9680.831559289247,0.11779431199324678,0.9249,0.0015000000000000568,0.1624431448992914,48.05,51.949999999999996,1.5053,9.999999999998899e-05,0.006643635397288665,60.089999999999996,39.910000000000004,1.0881,0.0021999999999999797,0.20259692421033057,52.11,47.89,0.5804,0.1632,-0.4172,1783353600000,2026-07-06 16:00:00 UTC,5e-05,0.016948
FINAL_REAL_MARK_PREMIUM_CLOSED_GUARD_2026_06_13,1783358100000,2026-07-06 17:15:00 UTC,USUSDT,1783358100000,2026-07-06 17:15:00 UTC,1783358399999,2026-07-06 17:19:59 UTC,True,0.017113,0.017128,0.01709,0.017113,5.999999999999062e-06,0.03507336178172129,54.03311805929468,0.01711038,0.01712052,0.01709386,0.01710793,-2.4500000000010624e-06,-0.014318793621188205,1783358399999,2026-07-06 17:19:59 UTC,5.0699999999993806e-06,0.029635379616349728,0.0,4.534e-05,-0.00011459,0.0,0.0,,1783358399999,2026-07-06 17:19:59 UTC,133,-43.0,-24.431818181818183,457847.0,61220.0,15.43515696107426,7832.223181,1034.9640820000004,15.226197308739673,binance_kline_quote_asset_volume,3442.4586466165415,58.888896097744365,3.799999999999984e-05,0.22205340968853995,0.0,0.0,0.0,0.0,1.5000000000001124e-05,39.47368421052944,2.2999999999998716e-05,60.526315789470566,0.6052631578947056,186706.0,271141.0,40.77912490417104,59.22087509582895,3195.173716,80.35328499999969,2.579708422363295,4637.049465,954.6107970000003,25.923331875027994,40.795233258305174,59.20476674169481,0.6885937574914897,0.6890531878335268,-1441.8757490000003,-18.40953348338964,479729416.0,8208352.60493808,-71217.0,-0.014843040025751694,-19748.45037891995,-0.24001224883059136,0.9242,-0.0007000000000000339,-0.07568385771435115,48.03,51.970000000000006,1.505,-0.000300000000000189,-0.019929582143106955,60.08,39.92,1.0877,-0.000400000000000178,-0.03676132708392408,52.1,47.9,0.5807999999999999,0.16349999999999987,-0.4173,1783353600000,2026-07-06 16:00:00 UTC,5e-05,0.016948
FINAL_REAL_MARK_PREMIUM_CLOSED_GUARD_2026_06_13,1783358400000,2026-07-06 17:20:00 UTC,USUSDT,1783358400000,2026-07-06 17:20:00 UTC,1783358699999,2026-07-06 17:24:59 UTC,True,0.017119,0.017148,0.017105,0.017138,2.5000000000000716e-05,0.14608776953193897,56.40664291390003,0.01710898,0.01714088,0.017106,0.017138,3.0070000000000097e-05,0.17576644281336254,1783358699999,2026-07-06 17:24:59 UTC,0.0,0.0,0.0,0.00029938,0.0,0.00029938,0.00029938,,1783358699999,2026-07-06 17:24:59 UTC,187,54.0,40.6015037593985,292359.0,-165488.0,-36.14482567320524,5006.740439,-2825.482742,-36.0751050717537,binance_kline_quote_asset_volume,1563.4171122994653,26.774013042780748,4.300000000000137e-05,0.2511828961972158,1.9000000000001654e-05,0.11098779134296195,1.9000000000001654e-05,0.11098779134296195,9.999999999999593e-06,23.255813953486683,1.4000000000000123e-05,32.55813953488297,0.7674418604651332,242039.0,50320.0,82.78828426694578,17.211715733054227,4145.352381,950.1786649999999,29.73793444287334,861.3880580000005,-3775.6614069999996,-81.42378975032132,82.79543210807935,17.20456789192064,4.809996025437202,4.812409856975284,3283.9643229999992,65.59086421615872,479801243.0,8208406.07915699,71827.0,0.014972398523921245,53.47421891056001,0.0006514610359012885,0.9268,0.0025999999999999357,0.28132438866045617,48.1,51.9,1.5049,-9.999999999998899e-05,-0.006644518272424517,60.08,39.92,1.0894,0.0017000000000000348,0.15629309552266574,52.14,47.86,0.5781,0.16259999999999997,-0.4155,1783353600000,2026-07-06 16:00:00 UTC,5e-05,0.016948
FINAL_REAL_MARK_PREMIUM_CLOSED_GUARD_2026_06_13,1783358700000,2026-07-06 17:25:00 UTC,USUSDT,1783358700000,2026-07-06 17:25:00 UTC,1783358999999,2026-07-06 17:29:59 UTC,True,0.017148,0.01724,0.017142,0.017195,5.6999999999998024e-05,0.33259423503324786,61.31173858576899,0.017138,0.0172044,0.017138,0.017195,5.6999999999998024e-05,0.33259423503324786,1783358999999,2026-07-06 17:29:59 UTC,0.0,0.0,0.0,0.0021863,0.0,0.00081515,0.0005157699999999999,172.27937737991846,1783358999999,2026-07-06 17:29:59 UTC,217,30.0,16.0427807486631,525554.0,233195.0,79.76323629510293,9035.215764,4028.4753250000003,80.46103795635571,binance_kline_quote_asset_volume,2421.9078341013824,41.636939004608294,9.79999999999974e-05,0.5714952181012211,4.699999999999843e-05,0.27408444133425724,4.699999999999843e-05,0.27408444133425724,4.49999999999999e-05,45.918367346939895,5.999999999999062e-06,6.122448979591042,0.5408163265306011,373263.0,152291.0,71.0227683549169,28.977231645083094,6417.515661,2272.1632800000007,54.812307161493415,2617.700103,1756.3120449999997,203.89324285245647,71.02780751036417,28.972192489635823,2.4509852847509044,2.451585517242882,3799.8155580000002,42.055615020728354,479655967.0,8220343.962446,-145276.0,-0.030278370912849014,11937.883289010264,0.14543485268502085,0.9242,-0.0025999999999999357,-0.2805351747949866,48.03,51.970000000000006,1.5047,-0.00019999999999997797,-0.01328991959598498,60.07,39.93,1.0846,-0.0047999999999999154,-0.4406095098219126,52.03,47.97,0.5804999999999999,0.1604,-0.4200999999999999,1783353600000,2026-07-06 16:00:00 UTC,5e-05,0.016948
FINAL_REAL_MARK_PREMIUM_CLOSED_GUARD_2026_06_13,1783359000000,2026-07-06 17:30:00 UTC,USUSDT,1783359000000,2026-07-06 17:30:00 UTC,1783359299999,2026-07-06 17:34:59 UTC,True,0.017206,0.017275,0.017201,0.017249,5.400000000000196e-05,0.31404478045944734,65.29569111731799,0.017195,0.0172483,0.017195,0.01724482,4.98200000000025e-05,0.2897353881942571,1783359299999,2026-07-06 17:34:59 UTC,4.179999999999462e-06,0.02423916283266199,0.0008836,0.00400923,0.0004195,0.00179318,0.00097803,119.98159847880758,1783359299999,2026-07-06 17:34:59 UTC,235,18.0,8.294930875576037,420896.0,-104658.0,-19.91384329678777,7256.230591,-1778.985173000001,-19.689459770160735,binance_kline_quote_asset_volume,1791.0468085106384,30.87757698297872,7.399999999999768e-05,0.4300825293502132,4.300000000000137e-05,0.2499128211089235,4.300000000000137e-05,0.2499128211089235,2.5999999999998247e-05,35.135135135133865,4.9999999999980616e-06,6.756756756754349,0.6486486486486613,277288.0,143608.0,65.88040751159431,34.11959248840569,4781.421782,-1636.093879,-25.494193788146642,2474.808808999999,-142.89129400000093,-5.458657920219401,65.89401648743718,34.105983512562815,1.9308673611497966,1.9320368363857727,2306.612973000001,31.78803297487437,479520220.0,8245350.1829,-135747.0,-0.02830090926399337,25006.220453999937,0.3041991985765912,0.9249,0.0007000000000000339,0.07574118156243605,48.05,51.949999999999996,1.5039,-0.0007999999999999119,-0.053166744201496106,60.06,39.94,1.0855,0.0008999999999999009,0.08297990042411035,52.05,47.949999999999996,0.579,0.16059999999999985,-0.4184000000000001,1783353600000,2026-07-06 16:00:00 UTC,5e-05,0.016948
FINAL_REAL_MARK_PREMIUM_CLOSED_GUARD_2026_06_13,1783359300000,2026-07-06 17:35:00 UTC,USUSDT,1783359300000,2026-07-06 17:35:00 UTC,1783359599999,2026-07-06 17:39:59 UTC,True,0.01725,0.017258,0.017138,0.017197,-5.199999999999996e-05,-0.3014667516957502,58.99557378071527,0.01724482,0.01724482,0.01714198,0.01717882,-6.600000000000009e-05,-0.38272362367366014,1783359599999,2026-07-06 17:39:59 UTC,1.8179999999999585e-05,0.10582799051389784,0.00180815,0.00195209,0.0,0.00010245,-0.0016907299999999999,-94.28668622224204,1783359599999,2026-07-06 17:39:59 UTC,335,100.0,42.5531914893617,968520.0,547624.0,130.1091005854178,16645.831724,9389.601133,129.40053399965058,binance_kline_quote_asset_volume,2891.10447761194,49.68904992238806,0.00011999999999999858,0.6956521739130351,-5.300000000000096e-05,-0.3072463768115998,5.300000000000096e-05,0.3072463768115998,7.999999999997592e-06,6.666666666664739,5.9000000000000025e-05,49.16666666666727,0.4916666666666727,606049.0,362471.0,62.574753231735016,37.425246768264984,10414.725598,5633.303816000001,117.81650046450555,6231.106125999999,3756.2973169999996,151.78131350347883,62.56656783922683,37.433432160773165,1.6719930697904108,1.6714087976360046,4183.619472000002,25.133135678453662,479333942.0,8266027.54968044,-186278.0,-0.03884674560751578,20677.36678043939,0.2507760898175326,0.9279,0.0029999999999998916,0.3243593902043347,48.13,51.870000000000005,1.5043,0.00039999999999995595,0.026597513132519176,60.07,39.93,1.0907,0.0052000000000000934,0.47904191616767333,52.17,47.83,0.5764,0.16280000000000006,-0.41359999999999997,1783353600000,2026-07-06 16:00:00 UTC,5e-05,0.016948
FINAL_REAL_MARK_PREMIUM_CLOSED_GUARD_2026_06_13,1783359600000,2026-07-06 17:40:00 UTC,USUSDT,1783359600000,2026-07-06 17:40:00 UTC,1783359899999,2026-07-06 17:44:59 UTC,True,0.01718,0.017195,0.01714,0.017186,-1.1000000000000593e-05,-0.06396464499622372,57.72671015501515,0.01717882,0.017181,0.0171451,0.01717902,1.9999999999881224e-07,0.0011642243180777971,1783359899999,2026-07-06 17:44:59 UTC,6.9800000000001805e-06,0.04063095566569094,0.00020145,0.00107983,0.0,0.00029265,0.0001902,185.6515373352855,1783359899999,2026-07-06 17:44:59 UTC,305,-30.0,-8.955223880597014,395559.0,-572961.0,-59.15840664106059,6788.595326,-9857.236398000001,-59.21744591342837,binance_kline_quote_asset_volume,1296.9147540983606,22.25768959344262,5.4999999999999494e-05,0.320139697322465,5.999999999999062e-06,0.034924330616991045,5.999999999999062e-06,0.034924330616991045,8.999999999998592e-06,16.363636363633955,4.000000000000184e-05,72.72727272727674,0.8363636363636604,148212.0,247347.0,37.46899956770039,62.531000432299614,2544.263159,-7870.462439000001,-75.57052142124043,4244.332167,-1986.7739589999992,-31.88477164126541,37.47849204172758,62.52150795827242,0.5992067823745588,0.5994495856808373,-1700.0690079999995,-25.043015916544846,479178979.0,8231729.42802478,-154963.0,-0.032328818475366804,-34298.12165565975,-0.41492871212346366,0.9238,-0.0040999999999999925,-0.4418579588317699,48.02,51.980000000000004,1.505,0.0006999999999999229,0.04653327128896649,60.08,39.92,1.0872,-0.0035000000000000586,-0.32089483817732267,52.09,47.910000000000004,0.5811999999999999,0.1634,-0.41779999999999995,1783353600000,2026-07-06 16:00:00 UTC,5e-05,0.016948
FINAL_REAL_MARK_PREMIUM_CLOSED_GUARD_2026_06_13,1783359900000,2026-07-06 17:45:00 UTC,USUSDT,1783359900000,2026-07-06 17:45:00 UTC,1783360199999,2026-07-06 17:49:59 UTC,True,0.017178,0.017242,0.017154,0.017234,4.799999999999943e-05,0.27929710229256044,61.60713499331868,0.01717902,0.017234,0.0171561,0.017234,5.497999999999961e-05,0.3200415390400594,1783360199999,2026-07-06 17:49:59 UTC,0.0,0.0,0.00030403,0.00298064,0.0,0.00187122,0.00157857,539.405433111225,1783360199999,2026-07-06 17:49:59 UTC,250,-55.0,-18.0327868852459,433452.0,37893.0,9.579607593304665,7460.963088,672.3677620000008,9.904372402709939,binance_kline_quote_asset_volume,1733.808,29.843852352000003,8.800000000000127e-05,0.5122831528699574,5.6000000000000494e-05,0.32599837000815285,5.6000000000000494e-05,0.32599837000815285,8.000000000001062e-06,9.090909090910166,2.3999999999999716e-05,27.272727272726556,0.9090909090908983,381707.0,51745.0,88.06211529765694,11.93788470234305,6571.508752,4027.2455929999996,158.2873052559104,889.4543360000007,-3354.877830999999,-79.0437152182486,88.07855868593461,11.921441314065387,7.376693400328534,7.3882474749102744,5682.054415999999,76.15711737186923,479134469.0,8231060.62564038,-44510.0,-0.009288804799594515,-668.802384399809,-0.00812468862403182,0.926,0.0022000000000000908,0.2381467850184121,48.08,51.92,1.5056,0.000600000000000156,0.03986710963456186,60.089999999999996,39.910000000000004,1.0907,0.0035000000000000586,0.3219278881530591,52.17,47.83,0.5796,0.16469999999999996,-0.41490000000000005,1783353600000,2026-07-06 16:00:00 UTC,5e-05,0.016948
FINAL_REAL_MARK_PREMIUM_CLOSED_GUARD_2026_06_13,1783360200000,2026-07-06 17:50:00 UTC,USUSDT,1783360200000,2026-07-06 17:50:00 UTC,1783360499999,2026-07-06 17:54:59 UTC,True,0.017241,0.017266,0.017219,0.01725,1.6000000000002124e-05,0.09283973540676642,62.831884297798446,0.017234,0.017253,0.017219,0.01725,1.6000000000002124e-05,0.09283973540676642,1783360499999,2026-07-06 17:54:59 UTC,0.0,0.0,0.00175576,0.00262926,0.00046773,0.00199097,0.00011974999999999985,6.399568196150097,1783360499999,2026-07-06 17:54:59 UTC,149,-101.0,-40.400000000000006,335899.0,-97553.0,-22.506067569188744,5791.83891,-1669.124178,-22.37143058226051,binance_kline_quote_asset_volume,2254.3557046979868,38.87140208053692,4.699999999999843e-05,0.2726059973319322,9.000000000002062e-06,0.052201148425277316,9.000000000002062e-06,0.052201148425277316,1.5999999999998654e-05,34.042553191487634,2.1999999999997716e-05,46.80851063829458,0.6595744680851237,178858.0,157041.0,53.24755358009402,46.752446419905986,3084.998058,-3486.5106939999996,-53.0549501731836,2706.8408520000003,1817.3865159999996,204.326005556737,53.264569438793316,46.735430561206684,1.1389255035309251,1.13970426289399,378.15720599999986,6.529138877586632,479172749.0,8258063.156266,38280.0,0.007989406414423505,27002.530625619926,0.32805651487373316,0.926,0.0,0.0,48.08,51.92,1.5058,0.00019999999999997797,0.013283740701380045,60.089999999999996,39.910000000000004,1.0877,-0.0030000000000001137,-0.275052718437711,52.1,47.9,0.5798,0.16169999999999984,-0.41810000000000014,1783353600000,2026-07-06 16:00:00 UTC,5e-05,0.016948
FINAL_REAL_MARK_PREMIUM_CLOSED_GUARD_2026_06_13,1783360500000,2026-07-06 17:55:00 UTC,USUSDT,1783360500000,2026-07-06 17:55:00 UTC,1783360799999,2026-07-06 17:59:59 UTC,True,0.01725,0.017264,0.017116,0.017134,-0.00011600000000000152,-0.6724637681159508,50.30298019497862,0.01725,0.01725527,0.017134,0.017134,-0.00011600000000000152,-0.6724637681159508,1783360799999,2026-07-06 17:59:59 UTC,0.0,0.0,0.00188748,0.00241529,-0.00044654,0.0,-0.00199097,-100.0,1783360799999,2026-07-06 17:59:59 UTC,170,21.0,14.093959731543624,392386.0,56487.0,16.816662151420516,6742.115537,950.2766269999993,16.40716604460947,binance_kline_quote_asset_volume,2308.1529411764704,39.659503158823526,0.0001480000000000023,0.8579710144927668,-0.00011600000000000152,-0.6724637681159508,0.00011600000000000152,0.6724637681159508,1.4000000000000123e-05,9.459459459459396,1.8000000000000654e-05,12.162162162162415,0.12162162162162415,52870.0,339516.0,13.473977155148248,86.52602284485175,907.481821,-2177.5162370000003,-70.5840391488506,5834.633715999999,3127.792863999999,115.55141343788166,13.459897209115418,86.54010279088457,0.1557216743835342,0.15553364018575183,-4927.151894999999,-73.08020558176915,479096912.0,8264421.732,-75837.0,-0.01582665127728288,6358.575733999722,0.07699839070829825,0.9253,-0.0007000000000000339,-0.07559395248380496,48.06,51.94,1.5061,0.00029999999999996696,0.01992296453712093,60.099999999999994,39.900000000000006,1.0886,0.0009000000000001229,0.0827434035120091,52.12,47.88,0.5808,0.1633,-0.4175,1783353600000,2026-07-06 16:00:00 UTC,5e-05,0.016948
FINAL_REAL_MARK_PREMIUM_CLOSED_GUARD_2026_06_13,1783360800000,2026-07-06 18:00:00 UTC,USUSDT,1783360800000,2026-07-06 18:00:00 UTC,1783361099999,2026-07-06 18:04:59 UTC,True,0.017137,0.017195,0.017133,0.01718,4.60000000000009e-05,0.2684720438893481,54.202898578987885,0.017134,0.01719187,0.01713242,0.01716973,3.573000000000118e-05,0.20853274191666382,1783361099999,2026-07-06 18:04:59 UTC,1.0269999999999724e-05,0.05981456901185821,0.0,0.00140278,0.0,0.00131196,0.00131196,,1783361099999,2026-07-06 18:04:59 UTC,167,-3.0,-1.7647058823529411,211912.0,-180474.0,-45.99399570830764,3638.800142,-3103.3153949999996,-46.02880769351016,binance_kline_quote_asset_volume,1268.934131736527,21.78922240718563,6.199999999999956e-05,0.36179027834509864,4.300000000000137e-05,0.25091906401354597,4.300000000000137e-05,0.25091906401354597,1.4999999999997654e-05,24.193548387093163,4.000000000000531e-06,6.451612903226708,0.7580645161290683,158006.0,53906.0,74.56208237381554,25.437917626184454,2713.462778,1805.9809570000002,199.01015262321164,925.337364,-4909.296351999999,-84.14060917890188,74.57026140788801,25.429738592111995,2.9311393907913774,2.932403773549557,1788.125414,49.140522815776016,478933889.0,8206053.254126,-163023.0,-0.034027144804473296,-58368.477873999625,-0.7062620927002764,0.9253,0.0,0.0,48.06,51.94,1.5069,0.0007999999999999119,0.05311732288692065,60.11,39.89,1.0907,0.0020999999999999908,0.19290832261620344,52.17,47.83,0.5815999999999999,0.1654,-0.4161999999999999,1783353600000,2026-07-06 16:00:00 UTC,5e-05,0.016948
FINAL_REAL_MARK_PREMIUM_CLOSED_GUARD_2026_06_13,1783361100000,2026-07-06 18:05:00 UTC,USUSDT,1783361100000,2026-07-06 18:05:00 UTC,1783361399999,2026-07-06 18:09:59 UTC,True,0.017169,0.0172,0.01714,0.01714,-4.000000000000184e-05,-0.23282887077998743,50.49235415852923,0.01716973,0.01719302,0.017143,0.01714803,-2.1699999999999497e-05,-0.12638521397831823,1783361399999,2026-07-06 18:09:59 UTC,-8.030000000002618e-06,-0.04682753645755587,0.00090269,0.00178627,0.0,0.0,-0.00131196,-100.0,1783361399999,2026-07-06 18:09:59 UTC,106,-61.0,-36.52694610778443,176673.0,-35239.0,-16.629072445165917,3032.652597,-606.1475450000003,-16.657896046657903,binance_kline_quote_asset_volume,1666.7264150943397,28.609930160377356,6.0000000000001025e-05,0.34946706272934375,-2.9000000000001247e-05,-0.1689090803191872,2.9000000000001247e-05,0.1689090803191872,3.099999999999978e-05,51.66666666666542,0.0,0.0,0.0,55046.0,121627.0,31.15699625862469,68.84300374137531,945.424694,-1768.038084,-65.15800026205481,2087.227903,1161.890539,125.5639925721188,31.174843268735934,68.82515673126407,0.4525804303320809,0.452957098092225,-1141.803209,-37.65031346252813,478975512.0,8223880.21765176,41623.0,0.008690761074959138,17826.963525759988,0.21724162607397896,0.9283,0.0030000000000000027,0.3242191721603807,48.14,51.85999999999999,1.5071,0.00020000000000020002,0.01327228084147588,60.11,39.89,1.0947,0.0040000000000000036,0.3667369579169344,52.26,47.74,0.5788000000000001,0.1664,-0.4124000000000001,1783353600000,2026-07-06 16:00:00 UTC,5e-05,0.016948
FINAL_REAL_MARK_PREMIUM_CLOSED_GUARD_2026_06_13,1783361400000,2026-07-06 18:10:00 UTC,USUSDT,1783361400000,2026-07-06 18:10:00 UTC,1783361699999,2026-07-06 18:14:59 UTC,True,0.01715,0.017155,0.017084,0.017152,1.2000000000001593e-05,0.07001166861144453,51.563609096838135,0.01714803,0.017152,0.017095,0.01714245,-5.580000000001556e-06,-0.03254018100039221,1783361699999,2026-07-06 18:14:59 UTC,9.55000000000053e-06,0.055709656437676815,0.0,0.0009089,-0.00128504,0.00029464,0.00029464,,1783361699999,2026-07-06 18:14:59 UTC,206,100.0,94.33962264150944,688944.0,512271.0,289.9543223922161,11792.269132,8759.616535,288.84338890861756,binance_kline_quote_asset_volume,3344.3883495145633,57.244024912621356,7.100000000000162e-05,0.4139941690962194,2.000000000002e-06,0.011661807580186591,2.000000000002e-06,0.011661807580186591,2.999999999999531e-06,4.225352112675299,6.600000000000009e-05,92.95774647887124,0.957746478873247,162664.0,526280.0,23.61062727884995,76.38937272115005,2785.547716,1840.123022,194.63454188134418,9006.721416,6919.493513,331.51595487270566,23.621812602979187,76.37818739702082,0.30908261761799805,0.30927432828682927,-6221.1737,-52.75637479404164,478907118.0,8212313.62667754,-68394.0,-0.014279226867865428,-11566.590974220075,-0.1406463940147561,0.9279,-0.00040000000000006697,-0.04308951847463826,48.13,51.870000000000005,1.5072,9.999999999998899e-05,0.0066352597704192814,60.12,39.879999999999995,1.0982,0.0035000000000000586,0.3197222983465843,52.339999999999996,47.660000000000004,0.5793000000000001,0.17030000000000012,-0.40900000000000003,1783353600000,2026-07-06 16:00:00 UTC,5e-05,0.016948
FINAL_REAL_MARK_PREMIUM_CLOSED_GUARD_2026_06_13,1783361700000,2026-07-06 18:15:00 UTC,USUSDT,1783361700000,2026-07-06 18:15:00 UTC,1783361999999,2026-07-06 18:19:59 UTC,True,0.017156,0.017223,0.017142,0.017206,5.3999999999998494e-05,0.31483208955223,56.160683502078825,0.01714245,0.01718953,0.017142,0.01718953,4.7080000000001426e-05,0.27463985602992236,1783361999999,2026-07-06 18:19:59 UTC,1.6469999999997598e-05,0.09581413802470223,0.00048449,0.00166355,0.00024844,0.00165093,0.00135629,460.3210697800706,1783361999999,2026-07-06 18:19:59 UTC,139,-67.0,-32.5242718446602,420163.0,-268781.0,-39.01347569613785,7215.808766,-4576.460365999999,-38.808988454826924,binance_kline_quote_asset_volume,3022.755395683453,51.91229328057554,8.099999999999774e-05,0.4721380275122274,4.999999999999796e-05,0.2914432268593959,4.999999999999796e-05,0.2914432268593959,1.6999999999999654e-05,20.987654320987815,1.4000000000000123e-05,17.283950617284585,0.7901234567901219,342796.0,77367.0,81.58643193236911,18.413568067630894,5887.542077,3101.994361,111.36030243468282,1328.266689,-7678.454727,-85.25249502398954,81.59226869677272,18.40773130322728,4.4307779802758285,4.432499983442708,4559.275388,63.18453739354545,478858933.0,8208815.31600585,-48185.0,-0.010061449953224541,-3498.31067168992,-0.04259835693958066,0.9294,0.0015000000000000568,0.16165535079211735,48.17,51.83,1.5063,-0.0009000000000001229,-0.0597133757961865,60.099999999999994,39.900000000000006,1.0982,0.0,0.0,52.339999999999996,47.660000000000004,0.5769,0.16880000000000006,-0.4080999999999999,1783353600000,2026-07-06 16:00:00 UTC,5e-05,0.016948
FINAL_REAL_MARK_PREMIUM_CLOSED_GUARD_2026_06_13,1783362000000,2026-07-06 18:20:00 UTC,USUSDT,1783362000000,2026-07-06 18:20:00 UTC,1783362299999,2026-07-06 18:24:59 UTC,True,0.017209,0.017209,0.017149,0.017193,-1.2999999999999123e-05,-0.0755550389398996,54.81197078969998,0.01718953,0.0171951,0.01715,0.01719075,1.2199999999996936e-06,0.007097343557384602,1783362299999,2026-07-06 18:24:59 UTC,2.2499999999987808e-06,0.013088434186983003,0.0028619,0.0028619,0.0,0.00133854,-0.00031239000000000006,-18.92206211044684,1783362299999,2026-07-06 18:24:59 UTC,179,40.0,28.776978417266186,224323.0,-195840.0,-46.610482122414396,3853.418864,-3362.389902,-46.59754728871372,binance_kline_quote_asset_volume,1253.2011173184358,21.52747968715084,5.9999999999997555e-05,0.3486547736649286,-1.5999999999998654e-05,-0.0929746063106436,1.5999999999998654e-05,0.0929746063106436,0.0,0.0,4.39999999999989e-05,73.3333333333345,0.7333333333333449,130751.0,93572.0,58.28693446503479,41.7130655349652,2246.355387,-3641.18669,-61.84561642836476,1607.0634770000001,278.7967880000001,20.98951892032279,58.29512612776787,41.70487387223213,1.3973303979823024,1.3978012811251261,639.2919099999999,16.590252255535745,478642741.0,8227643.75570173,-216192.0,-0.04514732525622531,18828.439695879817,0.22936853822460146,0.9305,0.0010999999999999899,0.11835592855605659,48.199999999999996,51.800000000000004,1.5069,0.0005999999999999339,0.03983270264887034,60.11,39.89,1.1013,0.0030999999999998806,0.28228009470040794,52.410000000000004,47.589999999999996,0.5763999999999999,0.17079999999999995,-0.40559999999999996,1783353600000,2026-07-06 16:00:00 UTC,5e-05,0.016948
FINAL_REAL_MARK_PREMIUM_CLOSED_GUARD_2026_06_13,1783362300000,2026-07-06 18:25:00 UTC,USUSDT,1783362300000,2026-07-06 18:25:00 UTC,1783362599999,2026-07-06 18:29:59 UTC,True,0.017199,0.017315,0.01717,0.017272,7.899999999999921e-05,0.4594893270517025,60.94935974413136,0.01719075,0.01727425,0.01717,0.01726847,7.771999999999987e-05,0.4521036022279416,1783362599999,2026-07-06 18:29:59 UTC,3.529999999998118e-06,0.02044188049084903,0.00136489,0.0053786,0.0,0.00112679,-0.00021175000000000013,-15.819474950319012,1783362599999,2026-07-06 18:29:59 UTC,575,396.0,221.2290502793296,1786877.0,1562554.0,696.564329114714,30816.675564,26963.2567,699.7229642461209,binance_kline_quote_asset_volume,3107.6121739130435,53.59421837217391,0.0001449999999999993,0.8430722716436961,7.300000000000015e-05,0.4244432815861396,7.300000000000015e-05,0.4244432815861396,4.300000000000137e-05,29.655172413794194,2.8999999999997778e-05,19.999999999998565,0.703448275862058,1421117.0,365760.0,79.53076792638777,20.46923207361223,24504.808414,22258.453027,990.8696173282755,6311.867150000002,4704.803673000002,292.75779957259283,79.51801408009916,20.481985919900836,3.885381124234471,3.882339065707362,18192.941263999997,59.03602816019833,478540363.0,8226467.74524225,-102378.0,-0.02138923067883735,-1176.0104594798759,-0.014293405188635014,0.9324,0.0019000000000000128,0.2041912950026881,48.25,51.74999999999999,1.5071,0.00020000000000020002,0.01327228084147588,60.11,39.89,1.1035,0.0021999999999999797,0.1997639153727395,52.459999999999994,47.54,0.5747000000000001,0.17109999999999992,-0.4036000000000002,1783353600000,2026-07-06 16:00:00 UTC,5e-05,0.016948
FINAL_REAL_MARK_PREMIUM_CLOSED_GUARD_2026_06_13,1783362600000,2026-07-06 18:30:00 UTC,USUSDT,1783362600000,2026-07-06 18:30:00 UTC,1783362899999,2026-07-06 18:34:59 UTC,True,0.017271,0.017427,0.017262,0.017393,0.00012099999999999958,0.7005558128763292,68.09662415751501,0.01726847,0.01739134,0.017262,0.017377,0.00010852999999999904,0.6284864843266313,1783362899999,2026-07-06 18:34:59 UTC,1.5999999999998654e-05,0.09207573228980062,0.00134426,0.00627877,0.00052397,0.00371825,0.0025914600000000003,229.98606661400976,1783362899999,2026-07-06 18:34:59 UTC,532,-43.0,-7.478260869565218,1039727.0,-747150.0,-41.8131746057507,18059.018685,-12757.656879000002,-41.398550121037324,binance_kline_quote_asset_volume,1954.374060150376,33.94552384398496,0.00016500000000000195,0.9553586937641245,0.00012199999999999711,0.7063864281164791,0.00012199999999999711,0.7063864281164791,3.400000000000278e-05,20.606060606062044,9.000000000002062e-06,5.45454545454664,0.7939393939393795,656955.0,382772.0,63.185336150739566,36.814663849260434,11412.221151,-13092.587263,-53.4286456837589,6646.797533999999,334.9303839999975,5.306359846309461,63.19402704023504,36.80597295976495,1.7163089254177422,1.7169503197026372,4765.423617,26.388054080470102,478693618.0,8266306.38162446,153255.0,0.032025511712164605,39838.63638221007,0.48427390243219043,0.926,-0.006399999999999961,-0.6864006864006822,48.08,51.92,1.5066,-0.000500000000000167,-0.03317629885211114,60.11,39.89,1.0982,-0.00529999999999986,-0.48028998640687454,52.339999999999996,47.660000000000004,0.5805999999999999,0.17220000000000002,-0.4083999999999999,1783353600000,2026-07-06 16:00:00 UTC,5e-05,0.016948
FINAL_REAL_MARK_PREMIUM_CLOSED_GUARD_2026_06_13,1783362900000,2026-07-06 18:35:00 UTC,USUSDT,1783362900000,2026-07-06 18:35:00 UTC,1783363199999,2026-07-06 18:39:59 UTC,True,0.017391,0.01766,0.017386,0.017609,0.0002160000000000009,1.2418789168056168,76.40031202072083,0.017377,0.01764623,0.017377,0.017609,0.00023199999999999957,1.3350981182022188,1783363199999,2026-07-06 18:39:59 UTC,0.0,0.0,0.00300413,0.01461645,0.0,0.0,-0.00371825,-100.0,1783363199999,2026-07-06 18:39:59 UTC,1044,512.0,96.2406015037594,4627862.0,3588135.0,345.1035704564756,81159.773456,63100.75477099999,349.41408429579906,binance_kline_quote_asset_volume,4432.818007662835,77.73924660536397,0.00027399999999999994,1.575527571732505,0.00021799999999999944,1.253521936633888,0.00021799999999999944,1.253521936633888,5.099999999999896e-05,18.613138686131013,5.000000000001531e-06,1.8248175182487343,0.8138686131386899,2400208.0,2227654.0,51.86429500274641,48.13570499725359,42055.448286,30643.227135,268.51238448279526,39104.32517,32457.527636,488.31828365422274,51.81809472250433,48.18190527749567,1.0774599646085075,1.0754679464015924,2951.1231160000025,3.636189445008648,478623561.0,8317041.619497,-70057.0,-0.014635039483647347,50735.23787254002,0.6137594655978592,0.9246,-0.0014000000000000679,-0.15118790496760992,48.04,51.959999999999994,1.5067,9.999999999998899e-05,0.006637461834593721,60.11,39.89,1.0925,-0.005700000000000038,-0.5190311418685155,52.21,47.79,0.5821,0.16790000000000005,-0.4141999999999999,1783353600000,2026-07-06 16:00:00 UTC,5e-05,0.016948
FINAL_REAL_MARK_PREMIUM_CLOSED_GUARD_2026_06_13,1783363200000,2026-07-06 18:40:00 UTC,USUSDT,1783363200000,2026-07-06 18:40:00 UTC,1783363499999,2026-07-06 18:44:59 UTC,True,0.017613,0.018,0.017584,0.01794,0.00033100000000000143,1.8797205974217812,83.49129346434432,0.017609,0.01791071,0.017584,0.01791071,0.00030171000000000017,1.7133852007496175,1783363499999,2026-07-06 18:44:59 UTC,2.929000000000126e-05,0.16353343893123867,0.0,0.00998457,0.0,0.00526638,0.00526638,,1783363499999,2026-07-06 18:44:59 UTC,1568,524.0,50.191570881226056,8173038.0,3545176.0,76.60505002093839,145513.472733,64353.69927700001,79.29260585219444,binance_kline_quote_asset_volume,5212.396683673469,92.80195965114797,0.0004159999999999997,2.361891784477373,0.0003270000000000009,1.8565832055867877,0.0003270000000000009,1.8565832055867877,5.9999999999997555e-05,14.423076923076344,2.9000000000001247e-05,6.9711538461541505,0.8557692307692365,5797879.0,2375159.0,70.93909266052599,29.060907339474014,103234.100556,61178.652270000006,145.47140682926926,42279.372177,3175.047007000001,8.119426670060092,70.94470265679273,29.055297343207275,2.4410487887337227,2.44171318636939,60954.72837900001,41.88940531358544,479716987.0,8447336.424083,1093426.0,0.22845218854572855,130294.80458599981,1.5666003676182132,0.912,-0.012599999999999945,-1.3627514600908441,47.699999999999996,52.300000000000004,1.5091,0.0024000000000001798,0.15928851131613325,60.150000000000006,39.85,1.0833,-0.009200000000000097,-0.8421052631579036,52.0,48.0,0.5971000000000001,0.1712999999999999,-0.4258000000000002,1783353600000,2026-07-06 16:00:00 UTC,5e-05,0.016948
FINAL_REAL_MARK_PREMIUM_CLOSED_GUARD_2026_06_13,1783363500000,2026-07-06 18:45:00 UTC,USUSDT,1783363500000,2026-07-06 18:45:00 UTC,1783363799999,2026-07-06 18:49:59 UTC,True,0.017946,0.018446,0.017936,0.018369,0.0004289999999999988,2.3913043478260803,88.36912231569337,0.01792406,0.01838298,0.01792406,0.018372,0.0004612899999999996,2.575498123748303,1783363799999,2026-07-06 18:49:59 UTC,-2.999999999999531e-06,-0.016329196603524554,0.00613229,0.00913275,0.0,0.00296718,-0.0022992000000000004,-43.658072527998364,1783363799999,2026-07-06 18:49:59 UTC,2953,1385.0,88.32908163265306,8830106.0,657068.0,8.039458522033055,161048.691281,15535.218548000004,10.67613758109209,binance_kline_quote_asset_volume,2990.215374195733,54.53731502912293,0.00051,2.841858910063524,0.00042299999999999977,2.3570712136409213,0.00042299999999999977,2.3570712136409213,7.700000000000068e-05,15.098039215686407,9.999999999999593e-06,1.96078431372541,0.8490196078431359,4673734.0,4156372.0,52.92953448123953,47.07046551876048,85251.163667,-17982.936889000004,-17.419570463778143,75797.527614,33518.15543700001,79.2777983946363,52.93502417741016,47.06497582258984,1.1244744214425466,1.1247222218268487,9453.636052999995,5.870048354820319,480044869.0,8597944.43564699,327882.0,0.06834904931144328,150608.01156399027,1.7829053325568185,0.8983,-0.013700000000000045,-1.5021929824561453,47.32,52.68000000000001,1.505,-0.004100000000000215,-0.2716851103306749,60.08,39.92,1.0734,-0.00990000000000002,-0.9138742730545574,51.77,48.230000000000004,0.6066999999999999,0.17509999999999992,-0.4316,1783353600000,2026-07-06 16:00:00 UTC,5e-05,0.016948
FINAL_REAL_MARK_PREMIUM_CLOSED_GUARD_2026_06_13,1783363800000,2026-07-06 18:50:00 UTC,USUSDT,1783363800000,2026-07-06 18:50:00 UTC,1783364099999,2026-07-06 18:54:59 UTC,True,0.018368,0.018773,0.018355,0.018642,0.00027299999999999894,1.4861995753715442,90.32767189235244,0.018369,0.01874689,0.018369,0.01865321,0.0002812100000000005,1.5306444589592885,1783364099999,2026-07-06 18:54:59 UTC,-1.121000000000108e-05,-0.060096894850811634,0.00288298,0.00688417,0.0,0.00053819,-0.00242899,-81.86190254719969,1783364099999,2026-07-06 18:54:59 UTC,3044,91.0,3.0816119200812735,9384188.0,554082.0,6.274919010032269,174418.820016,13370.128735000006,8.301917034315801,binance_kline_quote_asset_volume,3082.8475689881734,57.29921813929041,0.0004180000000000017,2.2756968641115076,0.00027399999999999994,1.491724738675958,0.00027399999999999994,1.491724738675958,0.00013100000000000264,31.33971291866079,1.2999999999999123e-05,3.1100478468897297,0.6866028708133921,4759076.0,4625112.0,50.71377512897227,49.286224871027734,88512.013997,3260.850330000001,3.8249921640216256,85906.80601900001,10109.278405000005,13.337213921384942,50.746825364877765,49.25317463512223,1.0289644877788906,1.0303259787987438,2605.2079779999913,1.493650729755543,481247329.0,8841475.928388,1202460.0,0.25048908501092637,243531.49274100922,2.832438550443873,0.8972,-0.0010999999999999899,-0.122453523321829,47.29,52.71,1.5088,0.0038000000000000256,0.2524916943521612,60.14000000000001,39.86,1.0747,0.0013000000000000789,0.12111049003168241,51.800000000000004,48.199999999999996,0.6115999999999999,0.1775,-0.43409999999999993,1783353600000,2026-07-06 16:00:00 UTC,5e-05,0.016948
FINAL_REAL_MARK_PREMIUM_CLOSED_GUARD_2026_06_13,1783364100000,2026-07-06 18:55:00 UTC,USUSDT,1783364100000,2026-07-06 18:55:00 UTC,1783364399999,2026-07-06 18:59:59 UTC,True,0.018642,0.019597,0.01863,0.019385,0.0007430000000000006,3.985623860100851,93.52394292328552,0.01865421,0.019416,0.01865421,0.019393,0.0007397900000000006,3.9660197896233442,1783364399999,2026-07-06 18:59:59 UTC,-8.000000000001062e-06,-0.041251998143665564,0.0,0.01187755,0.0,0.00063927,0.00010108000000000003,18.781471227633368,1783364399999,2026-07-06 18:59:59 UTC,6698,3654.0,120.03942181340341,26788782.0,17404594.0,185.4672348848936,513195.682486,338776.86247,194.23182798675217,binance_kline_quote_asset_volume,3999.519558077038,76.61924193580174,0.0009669999999999991,5.187211672567316,0.0007430000000000006,3.985623860100851,0.0007430000000000006,3.985623860100851,0.00021200000000000038,21.923474663909058,1.1999999999998123e-05,1.2409513960701275,0.7807652533609094,14135245.0,12653537.0,52.76553820177416,47.234461798225844,270964.922356,182452.908359,206.1334954655805,242230.76013,156323.954111,181.96923079229114,52.799532732505384,47.20046726749461,1.1170983259463343,1.1186230939892976,28734.162225999986,5.599065465010777,482267632.0,8995839.41589872,1020303.0,0.21201218968219976,154363.48751072027,1.7459018014751777,0.8889,-0.008299999999999974,-0.92510031208203,47.06,52.94,1.5069,-0.0019000000000000128,-0.1259278897136806,60.11,39.89,1.0665,-0.008199999999999985,-0.7630036289196972,51.61,48.39,0.6179999999999999,0.17759999999999998,-0.4403999999999999,1783353600000,2026-07-06 16:00:00 UTC,5e-05,0.016948
FINAL_REAL_MARK_PREMIUM_CLOSED_GUARD_2026_06_13,1783364400000,2026-07-06 19:00:00 UTC,USUSDT,1783364400000,2026-07-06 19:00:00 UTC,1783364699999,2026-07-06 19:04:59 UTC,True,0.019385,0.020982,0.019375,0.020798,0.001413000000000001,7.289141088470473,96.13781267832454,0.019385,0.020953,0.019378,0.02081226,0.0014192599999999986,7.3184138606713685,1783364699999,2026-07-06 19:04:59 UTC,-1.425999999999858e-05,-0.06851730662599151,0.00179564,0.02501164,-0.00051141,0.00889209,0.00825282,1290.9756440940446,1783364699999,2026-07-06 19:04:59 UTC,11205,4507.0,67.28874290833085,45188367.0,18399585.0,68.68391776826583,913673.860002,400478.177516,78.03615485929679,binance_kline_quote_asset_volume,4032.875234270415,81.54162070522088,0.0016070000000000008,8.289914882641222,0.001413000000000001,7.289141088470473,0.001413000000000001,7.289141088470473,0.00018400000000000014,11.449906658369635,9.999999999999593e-06,0.6222775357809326,0.8855009334163036,24944499.0,20243868.0,55.20115165923124,44.798848340768764,504339.33789,233374.41553400003,86.12716860353878,409334.522112,167103.76198199997,68.98536003120289,55.19905515179082,44.80094484820918,1.23220023959848,1.2320957814352276,95004.81577800005,10.398110303581639,484506005.0,9396024.954965,2238373.0,0.4641350261715263,400185.5390662793,4.448562502783396,0.8567,-0.032200000000000006,-3.6224547193160097,46.14,53.86,1.4942,-0.012699999999999934,-0.8427898334328711,59.91,40.089999999999996,1.0137,-0.05279999999999996,-4.950773558368491,50.339999999999996,49.66,0.6375,0.15700000000000003,-0.4804999999999999,1783353600000,2026-07-06 16:00:00 UTC,5e-05,0.016948
FINAL_REAL_MARK_PREMIUM_CLOSED_GUARD_2026_06_13,1783364700000,2026-07-06 19:05:00 UTC,USUSDT,1783364700000,2026-07-06 19:05:00 UTC,1783364999999,2026-07-06 19:09:59 UTC,True,0.020816,0.022276,0.02053,0.021604,0.0008060000000000012,3.8753726319838497,96.90515583591815,0.020775,0.021981,0.02069864,0.021554,0.0007417400000000011,3.5639570137986034,1783364999999,2026-07-06 19:09:59 UTC,5.000000000000143e-05,0.23197550338684897,0.0080417,0.02677957,-0.00602728,-0.00602728,-0.014919370000000001,-167.78248983084967,1783364999999,2026-07-06 19:09:59 UTC,19899,8694.0,77.59036144578313,78675135.0,33486768.0,74.10484207141187,1695729.979997,782056.119995,85.59466941445476,binance_kline_quote_asset_volume,3953.7230514096186,85.21684406236494,0.001746000000000001,8.38777863182168,0.0007880000000000005,3.785549577248273,0.0007880000000000005,3.785549577248273,0.000671999999999999,38.487972508590985,0.00028600000000000153,16.38029782359687,0.6151202749140902,40877767.0,37797368.0,51.957669980483665,48.042330019516335,881538.348631,377199.010741,74.79071775742977,814191.6313659999,404857.10925399995,98.90617267390535,51.985773621373355,48.014226378626645,1.081497711692518,1.082716051934862,67346.7172650001,3.971547242746705,483646078.0,10065767.92331628,-859927.0,-0.1774853131077292,669742.9683512803,7.127939437808519,0.8386,-0.018100000000000005,-2.1127582584335247,45.61,54.39000000000001,1.4873,-0.006899999999999906,-0.46178557087404004,59.8,40.2,0.9996,-0.014100000000000001,-1.3909440662918025,49.99,50.01,0.6487,0.16100000000000003,-0.4877,1783353600000,2026-07-06 16:00:00 UTC,5e-05,0.016948
FINAL_REAL_MARK_PREMIUM_CLOSED_GUARD_2026_06_13,1783365000000,2026-07-06 19:10:00 UTC,USUSDT,1783365000000,2026-07-06 19:10:00 UTC,1783365299999,2026-07-06 19:14:59 UTC,True,0.0216,0.022,0.021,0.021748,0.0001439999999999983,0.6665432327346709,97.01910600067322,0.021566,0.02181999,0.02125,0.0216922,0.00013819999999999805,0.6411802913612232,1783365299999,2026-07-06 19:14:59 UTC,5.580000000000168e-05,0.25723531960797746,0.0,0.00841279,-0.0065387,0.00028566,0.00631294,-104.73945129477973,1783365299999,2026-07-06 19:14:59 UTC,12391,-7508.0,-37.73053922307653,46103057.0,-32572078.0,-41.40072718019486,994213.528935,-701516.451062,-41.36958474150708,binance_kline_quote_asset_volume,3720.688967799209,80.23674674642885,0.0009999999999999974,4.629629629629617,0.00014799999999999883,0.6851851851851798,0.00014799999999999883,0.6851851851851798,0.00025199999999999875,25.19999999999994,0.0005999999999999998,60.00000000000014,0.7480000000000006,23198112.0,22904945.0,50.317947462789725,49.682052537210275,500611.135816,-380927.21281500004,-43.21164398651147,493602.39311899996,-320589.238247,-39.375157628325816,50.3524767312565,49.6475232687435,1.0127992885379118,1.0141991667680395,7008.742697000038,0.704953462513007,489279134.0,10545922.454236,5633056.0,1.1647062296657351,480154.53091972135,4.7701728728266675,0.8447,0.006099999999999994,0.7274028142141657,45.79,54.21,1.4584,-0.028900000000000148,-1.943118402474292,59.31999999999999,40.68,1.0218,0.022199999999999998,2.2208883553421366,50.54,49.46,0.6136999999999999,0.17710000000000004,-0.4365999999999999,1783353600000,2026-07-06 16:00:00 UTC,5e-05,0.016948
FINAL_REAL_MARK_PREMIUM_CLOSED_GUARD_2026_06_13,1783365300000,2026-07-06 19:15:00 UTC,USUSDT,1783365300000,2026-07-06 19:15:00 UTC,1783365599999,2026-07-06 19:19:59 UTC,True,0.021734,0.021899,0.021458,0.021745,-2.999999999999531e-06,-0.013794371896264167,96.93902706831574,0.0216922,0.02185,0.02152407,0.02179079,9.859000000000256e-05,0.4544951641604013,1783365599999,2026-07-06 19:19:59 UTC,-4.5790000000000414e-05,-0.21013464862907869,0.00101588,0.00545021,-0.00342306,0.00057902,0.00029335999999999994,102.69551214730797,1783365599999,2026-07-06 19:19:59 UTC,9553,-2838.0,-22.903720442256475,25079695.0,-21023362.0,-45.60079822906321,544698.167139,-449515.3617959999,-45.21316082647961,binance_kline_quote_asset_volume,2625.321365016225,57.018545707003035,0.00044099999999999695,2.0290788626115623,1.1000000000000593e-05,0.05061194441888558,1.1000000000000593e-05,0.05061194441888558,0.0001539999999999979,34.92063492063468,0.00027599999999999847,62.58503401360552,0.6507936507936531,13065284.0,12014411.0,52.09506734431978,47.90493265568022,283971.56474,-216639.571076,-43.275020385408695,260726.60239900002,-232875.79071999993,-47.17882124689318,52.13374706794893,47.86625293205107,1.087467708570982,1.0891545478179756,23244.962340999977,4.267494135897865,492697655.0,10687696.071791,3418521.0,0.6986852212667627,141773.6175549999,1.3443453445654099,0.857,0.012299999999999978,1.4561382739434092,46.150000000000006,53.849999999999994,1.4515,-0.006899999999999906,-0.47312122874382245,59.209999999999994,40.79,1.028,0.006199999999999983,0.6067723624975517,50.690000000000005,49.309999999999995,0.5945,0.17100000000000004,-0.4235,1783353600000,2026-07-06 16:00:00 UTC,5e-05,0.016948
FINAL_REAL_MARK_PREMIUM_CLOSED_GUARD_2026_06_13,1783365600000,2026-07-06 19:20:00 UTC,USUSDT,1783365600000,2026-07-06 19:20:00 UTC,1783365899999,2026-07-06 19:24:59 UTC,True,0.021746,0.022382,0.021557,0.02199,0.0002449999999999987,1.1266957921361171,97.14619156811466,0.021765,0.02225184,0.021665,0.021991,0.00020020999999999928,0.9187826600136997,1783365899999,2026-07-06 19:24:59 UTC,-1.000000000001e-06,-0.004547314810608886,0.0,0.01076556,-0.00152313,0.00081906,0.00024004000000000007,41.45625366999414,1783365899999,2026-07-06 19:24:59 UTC,13170,3617.0,37.862451585889254,41667897.0,16588202.0,66.14196065781502,913717.683513,369019.516374,67.74752305708253,binance_kline_quote_asset_volume,3163.849430523918,69.37871552870159,0.0008249999999999993,3.7938011588338054,0.0002439999999999977,1.1220454336429582,0.0002439999999999977,1.1220454336429582,0.000392,47.51515151515155,0.00018900000000000167,22.90909090909113,0.5248484848484845,22078371.0,19589526.0,52.98652581386577,47.01347418613423,484556.541009,200584.97626899998,70.63558509904063,429161.14250400005,168434.54010500002,64.60197714970339,53.031319164800415,46.968680835199585,1.127049781602679,1.129078318185537,55395.39850499993,6.062638329600829,495887229.0,10805774.47082091,3189574.0,0.6473694298382646,118078.3990299087,1.1048068567515095,0.8484,-0.008599999999999941,-1.0035005834305648,45.9,54.1,1.4383,-0.0132000000000001,-0.9094040647605994,58.989999999999995,41.010000000000005,1.0056,-0.022399999999999975,-2.1789883268482466,50.13999999999999,49.86,0.5898999999999999,0.1572,-0.43269999999999986,1783353600000,2026-07-06 16:00:00 UTC,5e-05,0.016948
FINAL_REAL_MARK_PREMIUM_CLOSED_GUARD_2026_06_13,1783365900000,2026-07-06 19:25:00 UTC,USUSDT,1783365900000,2026-07-06 19:25:00 UTC,1783366199999,2026-07-06 19:29:59 UTC,True,0.021984,0.022448,0.021612,0.022411,0.00042100000000000123,1.9145065939063268,97.4638312084049,0.02199,0.022415,0.02170381,0.022408,0.0004170000000000007,1.8962302760220124,1783366199999,2026-07-06 19:29:59 UTC,2.999999999999531e-06,0.013388075687252457,0.00205967,0.00764428,-0.0064881,0.00187742,0.00105836,129.21641882157596,1783366199999,2026-07-06 19:29:59 UTC,13596,426.0,3.234624145785877,39688274.0,-1979623.0,-4.750954913803305,874072.860822,-39644.82269100007,-4.33884813726887,binance_kline_quote_asset_volume,2919.1140041188587,64.2889718168579,0.0008359999999999999,3.802765647743813,0.0004270000000000003,1.942321688500729,0.0004270000000000003,1.942321688500729,3.699999999999884e-05,4.425837320574024,0.0003720000000000008,44.49760765550249,0.9557416267942598,21340114.0,18348160.0,53.7693173555494,46.230682644450596,470339.824917,-14216.716091999959,-2.933964334151028,403733.03590499994,-25428.106599000108,-5.925071978939264,53.81013940584778,46.18986059415222,1.1630656152987549,1.1649773070036136,66606.78901200008,7.6202788116955595,498368224.0,10959615.613984,2480995.0,0.5003143567546887,153841.14316309057,1.4236938183238184,0.8238,-0.024600000000000066,-2.8995756718529075,45.17,54.83,1.4344,-0.0039000000000000146,-0.2711534450392835,58.919999999999995,41.08,0.9857,-0.01990000000000003,-1.978918058870329,49.64,50.36000000000001,0.6105999999999999,0.16190000000000004,-0.4486999999999999,1783353600000,2026-07-06 16:00:00 UTC,5e-05,0.016948
FINAL_REAL_MARK_PREMIUM_CLOSED_GUARD_2026_06_13,1783366200000,2026-07-06 19:30:00 UTC,USUSDT,1783366200000,2026-07-06 19:30:00 UTC,1783366499999,2026-07-06 19:34:59 UTC,True,0.022412,0.022539,0.022071,0.02234,-7.100000000000162e-05,-0.3168087100084852,95.53265168644856,0.022392,0.02245679,0.02211977,0.022387,-2.1000000000000185e-05,-0.09371652981078268,1783366499999,2026-07-06 19:34:59 UTC,-4.70000000000019e-05,-0.2099432706481525,0.00250711,0.00644358,-0.00448982,0.00405382,0.0021763999999999993,115.92504607386729,1783366499999,2026-07-06 19:34:59 UTC,11934,-1662.0,-12.224183583406885,34954271.0,-4734003.0,-11.927963911960495,779328.524576,-94744.3362459999,-10.839409446587778,binance_kline_quote_asset_volume,2928.9652254064017,65.3032113772415,0.00046799999999999967,2.0881670533642676,-7.200000000000262e-05,-0.32125646974836075,7.200000000000262e-05,0.32125646974836075,0.00012699999999999864,27.13675213675187,0.0002689999999999984,57.47863247863217,0.5747863247863217,17815729.0,17138542.0,50.96867561620725,49.03132438379276,397446.284445,-72893.54047200002,-15.498058342149404,381882.24013100006,-21850.795773999882,-5.412189201961037,50.99855477011237,49.001445229887636,1.0395125209600677,1.0407561354742783,15564.04431399994,1.9971095402247316,505023507.0,11316566.744856,6655283.0,1.3354147956270985,356951.130872,3.2569676113142663,0.7944,-0.02939999999999998,-3.5688273852876895,44.269999999999996,55.730000000000004,1.4222,-0.012199999999999989,-0.8505298382598989,58.720000000000006,41.28,0.9527,-0.03300000000000003,-3.3478746068783636,48.79,51.21,0.6277999999999999,0.1583,-0.4694999999999999,1783353600000,2026-07-06 16:00:00 UTC,5e-05,0.016948
FINAL_REAL_MARK_PREMIUM_CLOSED_GUARD_2026_06_13,1783366500000,2026-07-06 19:35:00 UTC,USUSDT,1783366500000,2026-07-06 19:35:00 UTC,1783366799999,2026-07-06 19:39:59 UTC,True,0.022355,0.02275,0.022037,0.02208,-0.0002599999999999998,-1.1638316920322285,88.60868244349939,0.02236,0.022651,0.0220854,0.022106,-0.000281,-1.2551927457899674,1783366799999,2026-07-06 19:39:59 UTC,-2.6000000000001716e-05,-0.11761512711481821,0.0,0.01011027,-0.00691823,0.0,-0.00405382,-100.0,1783366799999,2026-07-06 19:39:59 UTC,14482,2548.0,21.350762527233115,43390605.0,8436334.0,24.1353452915668,972722.783406,193394.25882999995,24.81549856464161,binance_kline_quote_asset_volume,2996.1749067808314,67.16771049620218,0.0007129999999999984,3.1894430776112657,-0.00027500000000000094,-1.2301498546186578,0.00027500000000000094,1.2301498546186578,0.0003949999999999995,55.399719495091226,4.29999999999979e-05,6.030855539971669,0.06030855539971669,20498738.0,22891867.0,47.24234197702475,52.75765802297525,459686.663005,62240.37855999998,15.660073070481307,513036.120401,131153.88026999997,34.344063820566575,47.25772551511561,52.74227448488439,0.8954594223354522,0.8960122781329686,-53349.45739600004,-5.484548969768787,508299061.0,11379291.078607,3275554.0,0.6485943633510906,62724.333751000464,0.5542699934104318,0.7762,-0.018199999999999994,-2.29103726082578,43.7,56.3,1.416,-0.006199999999999983,-0.4359443116298681,58.60999999999999,41.39,0.9335,-0.019199999999999995,-2.015324866169833,48.28,51.72,0.6397999999999999,0.1573,-0.48249999999999993,1783353600000,2026-07-06 16:00:00 UTC,5e-05,0.016948
FINAL_REAL_MARK_PREMIUM_CLOSED_GUARD_2026_06_13,1783366800000,2026-07-06 19:40:00 UTC,USUSDT,1783366800000,2026-07-06 19:40:00 UTC,1783367099999,2026-07-06 19:44:59 UTC,True,0.022093,0.0222,0.021186,0.021942,-0.00013799999999999923,-0.6249999999999966,85.08383148800178,0.022088,0.02212695,0.02124322,0.021962,-0.00014400000000000177,-0.6514068578666505,1783367099999,2026-07-06 19:44:59 UTC,-1.9999999999999185e-05,-0.09106638739640828,-0.0023505,0.01648953,-0.01227533,0.0076444,0.0076444,,1783367099999,2026-07-06 19:44:59 UTC,20860,6378.0,44.04087833172214,85142622.0,41752017.0,96.22363412540572,1845930.044177,873207.260771,89.7693850362438,binance_kline_quote_asset_volume,4081.62138063279,88.49137316284755,0.001014000000000001,4.589689041777943,-0.00015100000000000183,-0.6834744036572752,0.00015100000000000183,0.6834744036572752,0.00010699999999999946,10.552268244575872,0.0007559999999999997,74.55621301775139,0.7455621301775138,41248949.0,43893673.0,48.446885979151546,51.553114020848454,894563.517965,434876.85496,94.60288713124355,951366.5262119999,438330.4058109999,85.43850781274259,48.46139867471724,51.53860132528276,0.9397470337011897,0.9402932448410087,-56803.00824699993,-3.077202650565521,510835910.0,11292538.62646,2536849.0,0.4990859111581164,-86752.45214699954,-0.7623713247839633,0.786,0.009800000000000031,1.2625611955681566,44.01,55.989999999999995,1.418,0.0020000000000000018,0.1412429378531075,58.64,41.36,0.9395,0.006000000000000005,0.6427423674343873,48.44,51.559999999999995,0.6319999999999999,0.15349999999999997,-0.4784999999999999,1783353600000,2026-07-06 16:00:00 UTC,5e-05,0.016948
FINAL_REAL_MARK_PREMIUM_CLOSED_GUARD_2026_06_13,1783367100000,2026-07-06 19:45:00 UTC,USUSDT,1783367100000,2026-07-06 19:45:00 UTC,1783367399999,2026-07-06 19:49:59 UTC,True,0.021943,0.0222,0.02128,0.022068,0.0001260000000000011,0.5742411812961494,85.6453116161376,0.021942,0.022144,0.02136773,0.022086,0.00012400000000000258,0.564611601857766,1783367399999,2026-07-06 19:49:59 UTC,-1.8000000000000654e-05,-0.08149959250204045,0.00432115,0.01255703,-0.01018441,0.00638331,-0.0012610900000000003,-16.496912772748683,1783367399999,2026-07-06 19:49:59 UTC,12518,-8342.0,-39.990412272291465,45505221.0,-39637401.0,-46.554123033702204,990144.995552,-855785.0486249999,-46.360643585848784,binance_kline_quote_asset_volume,3635.183016456303,79.09769895766097,0.0009200000000000007,4.192681037232834,0.0001250000000000001,0.5696577496240264,0.0001250000000000001,0.5696577496240264,0.00013200000000000017,14.34782608695653,0.0006630000000000004,72.06521739130434,0.8565217391304347,24031363.0,21473858.0,52.8101226010967,47.1898773989033,523118.623531,-371444.894434,-41.52247291270969,467026.372021,-484340.1541909999,-50.909942787189344,52.832527143094275,47.16747285690573,1.1190985336682397,1.1201051051298614,56092.25150999997,5.665054286188547,504256198.0,11074474.620476,-6579712.0,-1.2880284786557,-218064.00598400086,-1.931045030681111,0.7905,0.0044999999999999485,0.572519083969459,44.15,55.85,1.4307,0.012700000000000156,0.8956276445698276,58.86,41.14,0.932,-0.007499999999999951,-0.7982969664715222,48.24,51.76,0.6402000000000001,0.14150000000000007,-0.49870000000000003,1783353600000,2026-07-06 16:00:00 UTC,5e-05,0.016948
FINAL_REAL_MARK_PREMIUM_CLOSED_GUARD_2026_06_13,1783367400000,2026-07-06 19:50:00 UTC,USUSDT,1783367400000,2026-07-06 19:50:00 UTC,1783367699999,2026-07-06 19:54:59 UTC,True,0.02206,0.022463,0.021508,0.02235,0.00028199999999999753,1.2778684067427837,86.83934850616785,0.02207,0.022388,0.02159361,0.02222951,0.00014350999999999947,0.6497781399981865,1783367699999,2026-07-06 19:54:59 UTC,0.0001204899999999974,0.54202724216592,0.00423107,0.01253926,-0.00737489,0.00138816,-0.004995149999999999,-78.25328865431884,1783367699999,2026-07-06 19:54:59 UTC,9360,-3158.0,-25.22767215210098,32640523.0,-12864698.0,-28.270817539815923,720512.239242,-269632.75630999997,-27.231643599802403,binance_kline_quote_asset_volume,3487.2353632478635,76.97780333782052,0.000955000000000001,4.3291024478694515,0.0002899999999999986,1.3145965548504015,0.0002899999999999986,1.3145965548504015,0.00011300000000000199,11.832460732984488,0.0005520000000000004,57.801047120418836,0.8816753926701552,17437385.0,15203138.0,53.42250490287793,46.57749509712206,385116.514935,-138002.108596,-26.380652951045626,335395.72430700005,-131630.64771399996,-28.184842569892638,53.45037793392016,46.54962206607984,1.146959594788918,1.1482451534846898,49720.79062799993,6.900755867840309,505165712.0,11157089.915232,909514.0,0.18036744091740445,82615.29475600086,0.7459974182725602,0.7816,-0.008900000000000019,-1.1258697027198001,43.87,56.13,1.4275,-0.0032000000000000917,-0.22366673656252825,58.809999999999995,41.19,0.9201,-0.011900000000000022,-1.276824034334766,47.92,52.080000000000005,0.6459,0.13850000000000007,-0.5074,1783353600000,2026-07-06 16:00:00 UTC,5e-05,0.016948
FINAL_REAL_MARK_PREMIUM_CLOSED_GUARD_2026_06_13,1783367700000,2026-07-06 19:55:00 UTC,USUSDT,1783367700000,2026-07-06 19:55:00 UTC,1783367999999,2026-07-06 19:59:59 UTC,True,0.02235,0.022417,0.021975,0.022044,-0.00030599999999999725,-1.3691275167785113,79.146088128673,0.02228971,0.02234693,0.02205157,0.02206761,-0.00016189999999999954,-0.7283111503582379,1783367999999,2026-07-06 19:59:59 UTC,-2.3610000000000297e-05,-0.10698938398857102,0.00750277,0.00750277,-0.00294877,-0.00017325,-0.00156141,-112.48054979253112,1783367999999,2026-07-06 19:59:59 UTC,6347,-3013.0,-32.190170940170944,20206562.0,-12433961.0,-38.093632874693824,448136.405586,-272375.83365600003,-37.80308214369091,binance_kline_quote_asset_volume,3183.63982984087,70.60601947156137,0.00044199999999999795,1.9776286353467472,-0.00030599999999999725,-1.3691275167785113,0.00030599999999999725,1.3691275167785113,6.700000000000109e-05,15.158371040724298,6.899999999999962e-05,15.610859728506773,0.15610859728506774,9721954.0,10484608.0,48.11285561591328,51.88714438408672,215539.721477,-169576.79345799997,-44.0325945218478,232596.684109,-102799.04019800006,-30.65007474689937,48.09690058435493,51.90309941564507,0.9272596552966024,0.9266672149805596,-17056.96263199998,-3.806198831290142,506589715.0,11261241.13548965,1424003.0,0.28188829252924436,104151.2202576492,0.9334980810314952,0.7848,0.0032000000000000917,0.4094165813715573,43.97,56.03,1.4336,0.006099999999999994,0.4273204903677754,58.91,41.089999999999996,0.922,0.0019000000000000128,0.20649929355504976,47.97,52.03,0.6487999999999999,0.1372,-0.5115999999999999,1783353600000,2026-07-06 16:00:00 UTC,5e-05,0.016948
