code_version,timestamp,time,symbol,open_time,open_time_str,close_time,close_time_str,is_closed_candle,open,high,low,close,close_change,close_change_pct,rsi,mark_open,mark_high,mark_low,mark_close,mark_close_change,mark_close_change_pct,mark_close_time,mark_close_time_str,mark_last_close_spread,mark_last_close_spread_pct,premium_index_open,premium_index_high,premium_index_low,premium_index_close,premium_index_close_change,premium_index_close_change_pct,premium_index_close_time,premium_index_close_time_str,number_of_trades,trades_change,trades_change_pct,volume,volume_change,volume_change_pct,quote_volume,quote_volume_change,quote_volume_change_pct,quote_volume_source,avg_base_per_trade,avg_quote_per_trade,price_range,price_range_pct,candle_body,candle_body_pct,candle_body_abs,candle_body_abs_pct,upper_wick,upper_wick_pct_of_range,lower_wick,lower_wick_pct_of_range,close_location_in_range,taker_buy_base_volume,taker_sell_base_volume,taker_buy_base_pct,taker_sell_base_pct,taker_buy_quote_volume,taker_buy_quote_change,taker_buy_quote_change_pct,taker_sell_quote_volume,taker_sell_quote_change,taker_sell_quote_change_pct,taker_buy_quote_pct,taker_sell_quote_pct,taker_buy_sell_base_ratio,taker_buy_sell_quote_ratio,taker_quote_imbalance,taker_quote_imbalance_pct,oi,oi_value,oi_change,oi_change_pct,oi_value_change,oi_value_change_pct,acco_ls_ratio,acco_ls_change,acco_ls_change_pct,acco_long_pct,acco_short_pct,posit_ls_ratio,posit_ls_change,posit_ls_change_pct,posit_long_pct,posit_short_pct,global_ls_ratio,global_ls_change,global_ls_change_pct,global_long_pct,global_short_pct,acco_posit_ls_spread,global_acco_ls_spread,global_posit_ls_spread,funding_time,funding_time_str,funding_rate,mark_price_at_funding
FINAL_REAL_MARK_PREMIUM_CLOSED_GUARD_2026_06_13,1783310100000,2026-07-06 03:55:00 UTC,YFIUSDT,1783310100000,2026-07-06 03:55:00 UTC,1783310399999,2026-07-06 03:59:59 UTC,True,1920.0,1923.0,1920.0,1923.0,,,29.519432416191265,1921.0,1922.75598989,1920.03333333,1922.75598989,,,1783310399999,2026-07-06 03:59:59 UTC,0.2440101100000902,0.012690643601326131,0.0,0.0,-0.00011138,0.0,,,1783310399999,2026-07-06 03:59:59 UTC,134,,,3.883,,,7462.565,,,binance_kline_quote_asset_volume,0.028977611940298506,55.69078358208955,3.0,0.15625,3.0,0.15625,3.0,0.15625,0.0,0.0,0.0,0.0,1.0,3.238,0.645,83.38913211434458,16.610867885655423,6223.069,,,1239.4959999999992,,,83.39048303096858,16.609516969031414,5.02015503875969,5.0206446813866314,4983.573000000001,66.78096606193716,1078.967,2072695.607,,,,,2.0798,,,67.53,32.47,1.0718,,,51.73,48.27,1.8027,,,64.32,35.68,-1.008,-0.2771000000000001,0.7308999999999999,1783296000000,2026-07-06 00:00:00 UTC,-8.185e-05,1868.0
FINAL_REAL_MARK_PREMIUM_CLOSED_GUARD_2026_06_13,1783310400000,2026-07-06 04:00:00 UTC,YFIUSDT,1783310400000,2026-07-06 04:00:00 UTC,1783310699999,2026-07-06 04:04:59 UTC,True,1922.0,1934.0,1918.0,1931.0,8.0,0.41601664066562666,35.16887639250962,1922.75599536,1932.0,1919.0,1931.2541638,8.498173910000105,0.44197880306623216,1783310699999,2026-07-06 04:04:59 UTC,-0.2541638000000148,-0.013160556738938683,0.0,0.00155836,-0.00132634,0.0,0.0,,1783310699999,2026-07-06 04:04:59 UTC,441,307.0,229.1044776119403,20.849,16.966,436.9302086015967,40149.008,32686.443000000003,438.0054713091277,binance_kline_quote_asset_volume,0.047276643990929706,91.04083446712019,16.0,0.8324661810613945,9.0,0.46826222684703434,9.0,0.46826222684703434,3.0,18.75,4.0,25.0,0.8125,13.546,7.303000000000001,64.97194110029257,35.028058899707425,26096.19,19873.121,319.3459850758524,14052.818000000003,12813.322000000004,1033.7525897622913,64.99834317201561,35.0016568279844,1.8548541695193752,1.8570076122810382,12043.371999999996,29.996686344031204,1079.207,2075051.72358122,0.2400000000000091,0.02224349771587167,2356.116581219947,0.1136740278342254,2.095,0.015200000000000102,0.730839503798447,67.69,32.31,1.0751,0.0032999999999998586,0.30789326366858166,51.81,48.19,1.8082,0.00550000000000006,0.3050979086925201,64.39,35.61,-1.0199000000000003,-0.28680000000000017,0.7331000000000001,1783296000000,2026-07-06 00:00:00 UTC,-8.185e-05,1868.0
FINAL_REAL_MARK_PREMIUM_CLOSED_GUARD_2026_06_13,1783310700000,2026-07-06 04:05:00 UTC,YFIUSDT,1783310700000,2026-07-06 04:05:00 UTC,1783310999999,2026-07-06 04:09:59 UTC,True,1932.0,1938.0,1931.0,1932.0,1.0,0.05178663904712584,35.86095196328759,1931.25416929,1939.4726616,1931.25416929,1933.57083333,2.316669529999899,0.11995673968886328,1783310999999,2026-07-06 04:09:59 UTC,-1.570833329999914,-0.0812400199114827,0.0,0.0,-0.0014541,-0.0014541,-0.0014541,,1783310999999,2026-07-06 04:09:59 UTC,323,-118.0,-26.75736961451247,16.365,-4.484000000000002,-21.507026715909642,31665.18,-8483.828000000001,-21.130853345118766,binance_kline_quote_asset_volume,0.0506656346749226,98.03461300309597,7.0,0.36231884057971014,0.0,0.0,0.0,0.0,6.0,85.71428571428571,1.0,14.285714285714285,0.14285714285714285,12.036,4.328999999999999,73.54720439963337,26.45279560036663,23290.682,-2805.507999999998,-10.750642143546617,8374.498,-5678.320000000003,-40.406984563523146,73.55297522388946,26.44702477611054,2.780318780318781,2.781143657804922,14916.184000000001,47.10595044777892,1081.728,2089091.70409905,2.520999999999958,0.23359744701433163,14039.980517830001,0.6766087012809086,2.1017,0.006699999999999928,0.31980906921240704,67.75999999999999,32.24,1.0849,0.009800000000000031,0.911543112268629,52.04,47.96,1.8082,0.0,0.0,64.39,35.61,-1.0168000000000001,-0.2935000000000001,0.7233,1783296000000,2026-07-06 00:00:00 UTC,-8.185e-05,1868.0
FINAL_REAL_MARK_PREMIUM_CLOSED_GUARD_2026_06_13,1783311000000,2026-07-06 04:10:00 UTC,YFIUSDT,1783311000000,2026-07-06 04:10:00 UTC,1783311299999,2026-07-06 04:14:59 UTC,True,1932.0,1938.0,1931.0,1938.0,6.0,0.3105590062111801,39.999613873073216,1933.57083333,1938.0,1931.721875,1938.0,4.429166670000086,0.22906668810121456,1783311299999,2026-07-06 04:14:59 UTC,0.0,0.0,-0.00174737,0.0,-0.00243326,0.0,0.0014541,-100.0,1783311299999,2026-07-06 04:14:59 UTC,196,-127.0,-39.318885448916404,7.204,-9.160999999999998,-55.97922395355942,13923.595,-17741.585,-56.02868829420834,binance_kline_quote_asset_volume,0.03675510204081633,71.03875,7.0,0.36231884057971014,6.0,0.3105590062111801,6.0,0.3105590062111801,0.0,0.0,1.0,14.285714285714285,1.0,4.682,2.5219999999999994,64.99167129372572,35.008328706274284,9049.967,-14240.715,-61.143400609737405,4873.627999999999,-3500.870000000001,-41.803938576377966,64.99734443582997,35.00265556417002,1.8564631245043623,1.8569260928408986,4176.339000000002,29.994688871659957,1081.337,2090841.68420056,-0.3910000000000764,-0.03614587031121284,1749.980101509951,0.08376750996982464,2.1017,0.0,0.0,67.75999999999999,32.24,1.0817,-0.0031999999999998696,-0.2949580606507392,51.959999999999994,48.04,1.7988,-0.009400000000000075,-0.5198539984515029,64.27000000000001,35.730000000000004,-1.02,-0.30290000000000017,0.7170999999999998,1783296000000,2026-07-06 00:00:00 UTC,-8.185e-05,1868.0
FINAL_REAL_MARK_PREMIUM_CLOSED_GUARD_2026_06_13,1783311300000,2026-07-06 04:15:00 UTC,YFIUSDT,1783311300000,2026-07-06 04:15:00 UTC,1783311599999,2026-07-06 04:19:59 UTC,True,1938.0,1939.0,1934.0,1937.0,-1.0,-0.05159958720330237,39.54165579450398,1938.0,1939.0,1934.42083333,1937.5,-0.5,-0.025799793601651185,1783311599999,2026-07-06 04:19:59 UTC,-0.5,-0.025806451612903226,0.0,0.0,-0.00162303,-0.00070264,-0.00070264,,1783311599999,2026-07-06 04:19:59 UTC,133,-63.0,-32.142857142857146,3.797,-3.4069999999999996,-47.29317046085508,7353.914,-6569.681,-47.1837984371134,binance_kline_quote_asset_volume,0.02854887218045113,55.29258646616541,5.0,0.2579979360165119,-1.0,-0.05159958720330237,1.0,0.05159958720330237,1.0,20.0,3.0,60.0,0.6,1.288,2.5090000000000003,33.921516987095075,66.07848301290493,2495.035,-6554.932000000001,-72.43045195634416,4858.879,-14.748999999998887,-0.30262876034032327,33.9279871915826,66.07201280841738,0.5133519330410522,0.5135001303798674,-2363.844,-32.144025616834796,1083.383,2099596.254,2.046000000000049,0.18921020921322854,8754.569799440214,0.41871031487434457,2.1201,0.01839999999999975,0.8754817528667149,67.95,32.05,1.085,0.0032999999999998586,0.30507534436533773,52.04,47.96,1.805,0.006199999999999983,0.3446742272626186,64.35,35.65,-1.0351,-0.31509999999999994,0.72,1783296000000,2026-07-06 00:00:00 UTC,-8.185e-05,1868.0
FINAL_REAL_MARK_PREMIUM_CLOSED_GUARD_2026_06_13,1783311600000,2026-07-06 04:20:00 UTC,YFIUSDT,1783311600000,2026-07-06 04:20:00 UTC,1783311899999,2026-07-06 04:24:59 UTC,True,1938.0,1942.0,1934.0,1939.0,2.0,0.10325245224574084,40.99665003559935,1937.5,1942.13191667,1934.95416667,1940.17916667,2.679166670000086,0.13827957006452057,1783311899999,2026-07-06 04:24:59 UTC,-1.179166670000086,-0.06077617419343454,-0.00070513,0.0,-0.00135682,-0.00064333,5.931000000000003e-05,-8.44102242969373,1783311899999,2026-07-06 04:24:59 UTC,221,88.0,66.16541353383458,7.259,3.462,91.17724519357388,14071.395,6717.481000000001,91.34565620430156,binance_kline_quote_asset_volume,0.032846153846153844,63.671470588235294,8.0,0.41279669762641896,1.0,0.05159958720330237,1.0,0.05159958720330237,3.0,37.5,4.0,50.0,0.625,5.273,1.9860000000000007,72.64085962253753,27.35914037746247,10222.524,7727.489,309.71465330145674,3848.871000000001,-1010.0079999999989,-20.786852276008496,72.6475520017738,27.352447998226193,2.6550855991943596,2.6559798964423584,6373.652999999998,45.29510400354761,1083.995,2100240.3125,0.6119999999998527,0.05648971785599853,644.05849999981,0.030675350023738893,2.1143,-0.005799999999999805,-0.27357200132068327,67.89,32.11,1.084,-0.0009999999999998899,-0.09216589861750138,52.019999999999996,47.980000000000004,1.8027,-0.0022999999999999687,-0.1274238227146797,64.32,35.68,-1.0303,-0.3116000000000001,0.7186999999999999,1783296000000,2026-07-06 00:00:00 UTC,-8.185e-05,1868.0
FINAL_REAL_MARK_PREMIUM_CLOSED_GUARD_2026_06_13,1783311900000,2026-07-06 04:25:00 UTC,YFIUSDT,1783311900000,2026-07-06 04:25:00 UTC,1783312199999,2026-07-06 04:29:59 UTC,True,1938.0,1948.0,1934.0,1944.0,5.0,0.25786487880350695,44.58703569710084,1940.17916667,1947.24166667,1935.05208333,1944.96833333,4.789166659999864,0.24684146403961674,1783312199999,2026-07-06 04:29:59 UTC,-0.9683333299999504,-0.049786585899938895,-0.00142334,0.0,-0.00310797,-0.00135632,-0.00071299,110.82803537842165,1783312199999,2026-07-06 04:29:59 UTC,284,63.0,28.50678733031674,12.149,4.889999999999999,67.3646507783441,23584.429,9513.034,67.60547905875714,binance_kline_quote_asset_volume,0.0427781690140845,83.04376408450705,14.0,0.7223942208462332,6.0,0.30959752321981426,6.0,0.30959752321981426,4.0,28.57142857142857,4.0,28.57142857142857,0.7142857142857143,8.352,3.796999999999999,68.7463988805663,31.25360111943369,16212.282,5989.758,58.59372890687271,7372.147000000001,3523.276,91.54050629392356,68.74146497250368,31.258535027496325,2.199631287858837,2.1991262518232473,8840.134999999998,37.482929945007356,1084.119,2103385.09799111,0.12400000000002365,0.011439167154832234,3144.7854911098257,0.14973455525032095,2.1008,-0.013500000000000068,-0.6385091992621703,67.75,32.25,1.084,0.0,0.0,52.019999999999996,47.980000000000004,1.7956,-0.007099999999999884,-0.3938536639485153,64.23,35.77,-1.0168,-0.3051999999999999,0.7116,1783296000000,2026-07-06 00:00:00 UTC,-8.185e-05,1868.0
FINAL_REAL_MARK_PREMIUM_CLOSED_GUARD_2026_06_13,1783312200000,2026-07-06 04:30:00 UTC,YFIUSDT,1783312200000,2026-07-06 04:30:00 UTC,1783312499999,2026-07-06 04:34:59 UTC,True,1943.0,1945.0,1940.0,1940.0,-4.0,-0.205761316872428,42.365995021007585,1944.96833333,1945.0,1940.0,1940.93333333,-4.0349999999998545,-0.2074583904968514,1783312499999,2026-07-06 04:34:59 UTC,-0.9333333300000959,-0.048086830906180815,-0.00140323,-0.00119055,-0.00267287,-0.0015654,-0.00020907999999999994,15.415241241005068,1783312499999,2026-07-06 04:34:59 UTC,186,-98.0,-34.50704225352113,6.087,-6.061999999999999,-49.89711087332291,11818.568,-11765.861,-49.88825890166771,binance_kline_quote_asset_volume,0.0327258064516129,63.540688172043005,5.0,0.2573340195573855,-3.0,-0.1544004117344313,3.0,0.1544004117344313,2.0,40.0,0.0,0.0,0.0,3.463,2.6239999999999997,56.891736487596525,43.108263512403475,6724.856,-9487.426,-58.51999120173211,5093.7119999999995,-2278.4350000000013,-30.905989801885408,56.900768350277296,43.09923164972271,1.3197408536585369,1.320226977889602,1631.1440000000002,13.801536700554587,1084.074,2108489.60098639,-0.044999999999845386,-0.004150835839962715,5104.502995280083,0.24268038221604143,2.0989,-0.0019000000000000128,-0.09044173648134105,67.73,32.269999999999996,1.0819,-0.0020999999999999908,-0.19372693726937182,51.970000000000006,48.03,1.8027,0.007099999999999884,0.39541100467809553,64.32,35.68,-1.017,-0.2962,0.7207999999999999,1783296000000,2026-07-06 00:00:00 UTC,-8.185e-05,1868.0
FINAL_REAL_MARK_PREMIUM_CLOSED_GUARD_2026_06_13,1783312500000,2026-07-06 04:35:00 UTC,YFIUSDT,1783312500000,2026-07-06 04:35:00 UTC,1783312799999,2026-07-06 04:39:59 UTC,True,1940.0,1940.0,1925.0,1938.0,-2.0,-0.10309278350515465,41.25930868701574,1940.93333333,1940.93333333,1927.0,1938.0,-2.933333330000096,-0.15113004035885486,1783312799999,2026-07-06 04:39:59 UTC,0.0,0.0,-0.0015255,0.0,-0.00505378,0.0,0.0015654,-100.0,1783312799999,2026-07-06 04:39:59 UTC,291,105.0,56.451612903225815,17.545,11.458000000000002,188.23722687695093,33886.201,22067.633,186.7200239487559,binance_kline_quote_asset_volume,0.06029209621993128,116.44742611683849,15.0,0.7731958762886598,-2.0,-0.10309278350515465,2.0,0.10309278350515465,0.0,0.0,13.0,86.66666666666667,0.8666666666666667,4.795,12.750000000000002,27.329723567968077,72.67027643203193,9255.879,2531.023000000001,37.636835643766965,24630.322,19536.61,383.5436710987979,27.31459628655334,72.68540371344666,0.376078431372549,0.37579204202040073,-15374.443,-45.37080742689332,1083.866,2103711.64826305,-0.20800000000008367,-0.01918688207632354,-4777.952723340131,-0.2266054677767876,2.0826,-0.016300000000000203,-0.7765972652341799,67.56,32.440000000000005,1.0834,0.0014999999999998348,0.1386449764303387,52.0,48.0,1.7917,-0.010999999999999899,-0.610195817385028,64.18,35.82,-0.9991999999999999,-0.2908999999999997,0.7083000000000002,1783296000000,2026-07-06 00:00:00 UTC,-8.185e-05,1868.0
FINAL_REAL_MARK_PREMIUM_CLOSED_GUARD_2026_06_13,1783312800000,2026-07-06 04:40:00 UTC,YFIUSDT,1783312800000,2026-07-06 04:40:00 UTC,1783313099999,2026-07-06 04:44:59 UTC,True,1939.0,1946.0,1935.0,1946.0,8.0,0.41279669762641896,47.20059939825453,1938.0,1946.91679163,1935.0,1946.0,8.0,0.41279669762641896,1783313099999,2026-07-06 04:44:59 UTC,0.0,0.0,0.0,0.0,-0.00129895,0.0,0.0,,1783313099999,2026-07-06 04:44:59 UTC,294,3.0,1.0309278350515463,9.967,-7.578000000000001,-43.19179253348533,19336.126,-14550.075,-42.93805316211162,binance_kline_quote_asset_volume,0.03390136054421769,65.76913605442176,11.0,0.5673027333677153,7.0,0.36101083032490977,7.0,0.36101083032490977,0.0,0.0,4.0,36.36363636363637,1.0,4.952,5.015000000000001,49.683957058292364,50.316042941707636,9613.526,357.646999999999,3.8639982221029356,9722.6,-14907.722,-60.525891622529336,49.71795281019579,50.2820471898042,0.9874376869391823,0.9887813959229013,-109.07400000000052,-0.5640943796084102,1083.252,2099342.376,-0.6140000000000327,-0.056649069165379554,-4369.272263049614,-0.20769349576293625,2.0807,-0.0018999999999995687,-0.09123211370400311,67.54,32.46,1.0748,-0.008599999999999941,-0.7937973047812389,51.800000000000004,48.199999999999996,1.809,0.01729999999999987,0.9655634313780137,64.4,35.6,-1.0059000000000002,-0.2717000000000003,0.7342,1783296000000,2026-07-06 00:00:00 UTC,-8.185e-05,1868.0
FINAL_REAL_MARK_PREMIUM_CLOSED_GUARD_2026_06_13,1783313100000,2026-07-06 04:45:00 UTC,YFIUSDT,1783313100000,2026-07-06 04:45:00 UTC,1783313399999,2026-07-06 04:49:59 UTC,True,1946.0,1948.0,1944.0,1946.0,0.0,0.0,47.20059939825453,1946.0,1947.68259086,1945.0,1946.0,0.0,0.0,1783313399999,2026-07-06 04:49:59 UTC,0.0,0.0,0.0,0.0,-0.00150923,0.0,0.0,,1783313399999,2026-07-06 04:49:59 UTC,182,-112.0,-38.095238095238095,8.156,-1.811,-18.169960870873883,15871.033,-3465.0930000000008,-17.920306270242552,binance_kline_quote_asset_volume,0.044813186813186814,87.20347802197801,4.0,0.20554984583761562,0.0,0.0,0.0,0.0,2.0,50.0,2.0,50.0,0.5,4.862,3.2940000000000005,59.612555174104955,40.387444825895045,9461.951,-151.57500000000073,-1.5766847668587023,6409.082,-3313.518,-34.08057515479398,59.61773880754957,40.38226119245042,1.4760170006071645,1.4763348323519654,3052.868999999999,19.235477615099146,1084.493,2110423.378,1.2409999999999854,0.114562447149877,11081.001999999862,0.5278320547748454,2.0703,-0.010400000000000187,-0.4998317873792563,67.43,32.57,1.0742,-0.0005999999999999339,-0.055824339411977474,51.790000000000006,48.209999999999994,1.8003,-0.00869999999999993,-0.4809286898839099,64.29,35.709999999999994,-0.9961,-0.27,0.7261,1783296000000,2026-07-06 00:00:00 UTC,-8.185e-05,1868.0
FINAL_REAL_MARK_PREMIUM_CLOSED_GUARD_2026_06_13,1783313400000,2026-07-06 04:50:00 UTC,YFIUSDT,1783313400000,2026-07-06 04:50:00 UTC,1783313699999,2026-07-06 04:54:59 UTC,True,1946.0,1952.0,1938.0,1950.0,4.0,0.20554984583761562,50.12580896665514,1946.0,1951.0,1939.0,1950.36625,4.366250000000036,0.22437050359712415,1783313699999,2026-07-06 04:54:59 UTC,-0.3662500000000364,-0.01877852428999099,0.0,0.0,-0.00258186,-0.00031122,-0.00031122,,1783313699999,2026-07-06 04:54:59 UTC,315,133.0,73.07692307692307,17.217,9.060999999999998,111.09612555174103,33495.637,17624.604000000003,111.04887753683079,binance_kline_quote_asset_volume,0.054657142857142856,106.33535555555557,14.0,0.7194244604316548,4.0,0.20554984583761562,4.0,0.20554984583761562,2.0,14.285714285714285,8.0,57.14285714285714,0.8571428571428571,10.618,6.598999999999998,61.671603647557646,38.32839635244235,20668.312,11206.361000000003,118.4360498167873,12827.325,6418.243,100.14293778734616,61.70449005045045,38.29550994954955,1.609031671465374,1.6112721865236908,7840.987000000001,23.4089801009009,1084.06,2109580.76,-0.4329999999999927,-0.03992649099625288,-842.6180000002496,-0.03992649099626538,2.075,0.0047000000000001485,0.2270202386127686,67.47999999999999,32.519999999999996,1.0787,0.0044999999999999485,0.41891640290448223,51.89,48.11,1.7956,-0.0046999999999999265,-0.26106759984446626,64.23,35.77,-0.9963000000000002,-0.2794000000000001,0.7169000000000001,1783296000000,2026-07-06 00:00:00 UTC,-8.185e-05,1868.0
FINAL_REAL_MARK_PREMIUM_CLOSED_GUARD_2026_06_13,1783313700000,2026-07-06 04:55:00 UTC,YFIUSDT,1783313700000,2026-07-06 04:55:00 UTC,1783313999999,2026-07-06 04:59:59 UTC,True,1950.0,1957.0,1948.0,1957.0,7.0,0.358974358974359,54.84095820824928,1950.45833333,1957.0,1948.62916667,1955.1125,4.746249999999918,0.24335172945081052,1783313999999,2026-07-06 04:59:59 UTC,1.8875000000000455,0.09654175910593613,-0.00035665,0.0,-0.00275732,0.0,0.00031122,-100.0,1783313999999,2026-07-06 04:59:59 UTC,312,-3.0,-0.9523809523809524,16.575,-0.6419999999999995,-3.7288726258930103,32379.465,-1116.1720000000023,-3.3322907099811303,binance_kline_quote_asset_volume,0.053125,103.78033653846154,9.0,0.46153846153846156,7.0,0.358974358974359,7.0,0.358974358974359,0.0,0.0,2.0,22.22222222222222,1.0,13.349,3.225999999999999,80.5369532428356,19.4630467571644,26082.087,5413.774999999998,26.193600135318245,6297.378000000001,-6529.947,-50.90653741134648,80.5513216478407,19.44867835215931,4.137941723496591,4.1417375612516825,19784.709,61.10264329568138,1081.489,2109299.64534625,-2.5709999999999127,-0.23716399461283627,-281.1146537498571,-0.013325617064779123,2.0525,-0.022499999999999964,-1.0843373493975885,67.24,32.76,1.0799,0.0012000000000000899,0.11124501715028182,51.92,48.08,1.7724,-0.02320000000000011,-1.292047226553804,63.93,36.07,-0.9726000000000001,-0.28010000000000024,0.6924999999999999,1783296000000,2026-07-06 00:00:00 UTC,-8.185e-05,1868.0
FINAL_REAL_MARK_PREMIUM_CLOSED_GUARD_2026_06_13,1783314000000,2026-07-06 05:00:00 UTC,YFIUSDT,1783314000000,2026-07-06 05:00:00 UTC,1783314299999,2026-07-06 05:04:59 UTC,True,1956.0,1963.0,1950.0,1960.0,3.0,0.1532958610117527,56.729053344715744,1957.0,1963.65,1953.33333333,1960.28743286,5.174932860000126,0.26468721672027196,1783314299999,2026-07-06 05:04:59 UTC,-0.28743286000008084,-0.014662791546886825,0.0,0.0,-0.00196139,0.0,0.0,,1783314299999,2026-07-06 05:04:59 UTC,479,167.0,53.52564102564102,24.429,7.853999999999999,47.38461538461538,47790.767,15411.302,47.59591302697558,binance_kline_quote_asset_volume,0.051,99.77195615866388,13.0,0.6646216768916156,4.0,0.2044989775051125,4.0,0.2044989775051125,3.0,23.076923076923077,6.0,46.15384615384615,0.7692307692307693,12.811,11.617999999999999,52.44177002742643,47.55822997257358,25069.869,-1012.2180000000008,-3.880893426971549,22720.898,16423.52,260.7993358505714,52.4575573352903,47.5424426647097,1.1026854880358066,1.1033837218933864,2348.9709999999977,4.9151146705806115,1088.079,2127316.8538875,6.589999999999918,0.6093450788681085,18017.208541249856,0.854179660106673,2.0377,-0.014800000000000146,-0.7210718635810058,67.08,32.92,1.0796,-0.000300000000000189,-0.02778035003242791,51.910000000000004,48.089999999999996,1.7632,-0.009199999999999875,-0.5190701873166258,63.81,36.19,-0.9581000000000002,-0.27449999999999997,0.6836000000000002,1783296000000,2026-07-06 00:00:00 UTC,-8.185e-05,1868.0
FINAL_REAL_MARK_PREMIUM_CLOSED_GUARD_2026_06_13,1783314300000,2026-07-06 05:05:00 UTC,YFIUSDT,1783314300000,2026-07-06 05:05:00 UTC,1783314599999,2026-07-06 05:09:59 UTC,True,1960.0,1961.0,1950.0,1956.0,-4.0,-0.20408163265306123,53.51622134586627,1960.0,1960.66247182,1950.0,1956.0,-4.287432860000081,-0.21871450013556665,1783314599999,2026-07-06 05:09:59 UTC,0.0,0.0,0.0,0.0,-0.00356088,0.0,0.0,,1783314599999,2026-07-06 05:09:59 UTC,212,-267.0,-55.741127348643005,7.452,-16.976999999999997,-69.4952720127717,14581.43,-33209.337,-69.48902284828364,binance_kline_quote_asset_volume,0.03515094339622642,68.78033018867924,11.0,0.5612244897959183,-4.0,-0.20408163265306123,4.0,0.20408163265306123,1.0,9.090909090909092,6.0,54.54545454545454,0.5454545454545454,1.716,5.736,23.027375201288244,76.97262479871175,3356.163,-21713.706,-86.61276211694604,11225.267,-11495.631000000001,-50.59496768129499,23.016693150123135,76.98330684987687,0.299163179916318,0.298982910606937,-7869.103999999999,-53.966613699753715,1081.566,2120180.23760866,-6.51299999999992,-0.5985778606148928,-7136.616278839763,-0.3354750029737307,2.0572,0.01949999999999985,0.9569612798743607,67.29,32.71,1.0776,-0.0020000000000000018,-0.1852537977028531,51.870000000000005,48.13,1.7778,0.014599999999999946,0.8280399274047155,64.0,36.0,-0.9796,-0.27939999999999987,0.7002000000000002,1783296000000,2026-07-06 00:00:00 UTC,-8.185e-05,1868.0
FINAL_REAL_MARK_PREMIUM_CLOSED_GUARD_2026_06_13,1783314600000,2026-07-06 05:10:00 UTC,YFIUSDT,1783314600000,2026-07-06 05:10:00 UTC,1783314899999,2026-07-06 05:14:59 UTC,True,1957.0,1960.0,1952.0,1956.0,0.0,0.0,53.51622134586627,1956.0,1959.0,1952.99589583,1956.6,0.599999999999909,0.030674846625762222,1783314899999,2026-07-06 05:14:59 UTC,-0.599999999999909,-0.03066544004906006,0.0,0.0,-0.0021652,-0.00159171,-0.00159171,,1783314899999,2026-07-06 05:14:59 UTC,284,72.0,33.9622641509434,12.021,4.569000000000001,61.31239935587763,23515.542,8934.112000000001,61.270478958510935,binance_kline_quote_asset_volume,0.042327464788732394,82.80120422535212,8.0,0.4087889626980072,-1.0,-0.0510986203372509,1.0,0.0510986203372509,3.0,37.5,4.0,50.0,0.5,5.942,6.079000000000001,49.43016387987688,50.56983612012312,11628.206,8272.043,246.47321956651092,11887.336000000001,662.0690000000013,5.898024519149534,49.449023968913835,50.55097603108617,0.9774633985852935,0.978201171397864,-259.130000000001,-1.1019520621723327,1081.907,2116210.092,0.3409999999998945,0.03152835795502951,-3970.1456086598337,-0.18725509927107611,2.0534,-0.0038000000000000256,-0.1847170911919126,67.25,32.75,1.0797,0.002100000000000213,0.1948775055679485,51.92,48.08,1.7871,0.009299999999999864,0.5231184610192295,64.12,35.88,-0.9736999999999998,-0.2663,0.7073999999999998,1783296000000,2026-07-06 00:00:00 UTC,-8.185e-05,1868.0
FINAL_REAL_MARK_PREMIUM_CLOSED_GUARD_2026_06_13,1783314900000,2026-07-06 05:15:00 UTC,YFIUSDT,1783314900000,2026-07-06 05:15:00 UTC,1783315199999,2026-07-06 05:19:59 UTC,True,1955.0,1956.0,1936.0,1939.0,-17.0,-0.869120654396728,41.83726441570204,1956.6,1956.6,1937.0,1938.0,-18.59999999999991,-0.9506286415210011,1783315199999,2026-07-06 05:19:59 UTC,1.0,0.05159958720330237,-0.00168338,0.0,-0.00446027,0.0,0.00159171,-100.0,1783315199999,2026-07-06 05:19:59 UTC,260,-24.0,-8.450704225352112,13.25,1.2289999999999992,10.223775060311114,25758.549,2243.006999999998,9.538402304314303,binance_kline_quote_asset_volume,0.05096153846153846,99.0713423076923,20.0,1.0230179028132993,-16.0,-0.8184143222506393,16.0,0.8184143222506393,1.0,5.0,3.0,15.0,0.15,2.545,10.705,19.20754716981132,80.79245283018868,4947.265,-6680.941,-57.45461509711816,20811.284,8923.947999999999,75.07105040187302,19.206303119014976,80.79369688098504,0.237739374124241,0.23772031557495446,-15864.019,-61.587393761970056,1084.17,2121287.022,2.2630000000001473,0.20916770110556154,5076.929999999702,0.23990670960280544,2.0516,-0.0017999999999998018,-0.08765949157493921,67.23,32.769999999999996,1.083,0.0032999999999998586,0.3056404556821208,51.99,48.010000000000005,1.7762,-0.01089999999999991,-0.6099266968832135,63.980000000000004,36.02,-0.9686000000000001,-0.2754000000000001,0.6932,1783296000000,2026-07-06 00:00:00 UTC,-8.185e-05,1868.0
FINAL_REAL_MARK_PREMIUM_CLOSED_GUARD_2026_06_13,1783315200000,2026-07-06 05:20:00 UTC,YFIUSDT,1783315200000,2026-07-06 05:20:00 UTC,1783315499999,2026-07-06 05:24:59 UTC,True,1940.0,1944.0,1932.0,1936.0,-3.0,-0.15471892728210418,40.1712049772549,1939.0,1943.84494214,1932.0,1936.0,-2.0,-0.10319917440660474,1783315499999,2026-07-06 05:24:59 UTC,0.0,0.0,0.0,0.0,-0.00233402,-8.44e-06,-8.44e-06,,1783315499999,2026-07-06 05:24:59 UTC,263,3.0,1.153846153846154,10.42,-2.83,-21.358490566037737,20173.042,-5585.506999999998,-21.68409020244113,binance_kline_quote_asset_volume,0.039619771863117874,76.70358174904943,12.0,0.6185567010309279,-4.0,-0.2061855670103093,4.0,0.2061855670103093,4.0,33.33333333333333,4.0,33.33333333333333,0.3333333333333333,4.586,5.834,44.01151631477928,55.98848368522072,8881.39,3934.124999999999,79.5212102040218,11291.652000000002,-9519.631999999998,-45.74264615292357,44.02603236537156,55.973967634628444,0.7860815906753514,0.7865447854751455,-2410.2620000000024,-11.947935269256874,1082.17,2097245.46,-2.0,-0.18447291476428973,-24041.561999999918,-1.1333479039216938,2.0395,-0.012100000000000222,-0.5897835835445614,67.10000000000001,32.9,1.0803,-0.0026999999999999247,-0.24930747922436977,51.93,48.07,1.7594,-0.016799999999999926,-0.9458394324963364,63.75999999999999,36.24,-0.9591999999999998,-0.2800999999999998,0.6791,1783296000000,2026-07-06 00:00:00 UTC,-8.185e-05,1868.0
FINAL_REAL_MARK_PREMIUM_CLOSED_GUARD_2026_06_13,1783315500000,2026-07-06 05:25:00 UTC,YFIUSDT,1783315500000,2026-07-06 05:25:00 UTC,1783315799999,2026-07-06 05:29:59 UTC,True,1936.0,1938.0,1927.0,1928.0,-8.0,-0.4132231404958678,36.048622942654674,1936.0,1938.0,1927.87838542,1928.85338542,-7.146614580000005,-0.3691433150826449,1783315799999,2026-07-06 05:29:59 UTC,-0.8533854199999951,-0.04424314602917183,-0.00032619,0.0,-0.00245875,-0.00089548,-0.0008870400000000001,10509.952606635072,1783315799999,2026-07-06 05:29:59 UTC,302,39.0,14.82889733840304,13.564,3.144,30.17274472168906,26197.832,6024.789999999997,29.865550272487397,binance_kline_quote_asset_volume,0.04491390728476821,86.7477880794702,11.0,0.5681818181818182,-8.0,-0.4132231404958678,8.0,0.4132231404958678,2.0,18.181818181818183,1.0,9.090909090909092,0.09090909090909091,4.45,9.114,32.80743143615453,67.19256856384548,8595.59,-285.7999999999993,-3.2179647555168653,17602.242,6310.5899999999965,55.88721650295276,32.810310410418694,67.1896895895813,0.48825982005705504,0.4883235896881773,-9006.651999999998,-34.379379179162605,1081.716,2094202.176,-0.45400000000017826,-0.04195274309952948,-3043.283999999985,-0.14510862262159743,2.0276,-0.0118999999999998,-0.5834763422407354,66.97,33.03,1.0824,0.0020999999999999908,0.19439044709802747,51.980000000000004,48.02,1.736,-0.023400000000000087,-1.3299988632488398,63.449999999999996,36.55,-0.9452,-0.2916000000000001,0.6536,1783296000000,2026-07-06 00:00:00 UTC,-8.185e-05,1868.0
FINAL_REAL_MARK_PREMIUM_CLOSED_GUARD_2026_06_13,1783315800000,2026-07-06 05:30:00 UTC,YFIUSDT,1783315800000,2026-07-06 05:30:00 UTC,1783316099999,2026-07-06 05:34:59 UTC,True,1928.0,1929.0,1915.0,1915.0,-13.0,-0.6742738589211619,30.560188032621625,1928.85338542,1929.0,1915.0,1916.26666667,-12.586718750000045,-0.6525492733217428,1783316099999,2026-07-06 05:34:59 UTC,-1.2666666699999496,-0.06610075163500624,-0.00133769,0.0,-0.00318085,0.0,0.00089548,-100.0,1783316099999,2026-07-06 05:34:59 UTC,587,285.0,94.37086092715232,35.007,21.442999999999998,158.08758478324975,67256.004,41058.172000000006,156.7235487272382,binance_kline_quote_asset_volume,0.05963713798977853,114.57581601362863,14.0,0.7261410788381742,-13.0,-0.6742738589211619,13.0,0.6742738589211619,1.0,7.142857142857142,0.0,0.0,0.0,10.902,24.104999999999997,31.14234295997943,68.85765704002056,20945.257,12349.667000000001,143.67445399326866,46310.747,28708.505000000005,163.09572950991134,31.142583195992437,68.85741680400757,0.45227131300560053,0.4522763798217291,-25365.49,-37.71483360801513,1079.636,2082459.55362131,-2.0799999999999272,-0.19228706980389745,-11742.622378689935,-0.5607205700224588,2.0187,-0.00890000000000013,-0.43894259222727017,66.88,33.129999999999995,1.0851,0.0026999999999999247,0.2494456762749376,52.04,47.96,1.7337,-0.0022999999999999687,-0.13248847926267102,63.42,36.58,-0.9336,-0.2849999999999999,0.6486000000000001,1783296000000,2026-07-06 00:00:00 UTC,-8.185e-05,1868.0
FINAL_REAL_MARK_PREMIUM_CLOSED_GUARD_2026_06_13,1783316100000,2026-07-06 05:35:00 UTC,YFIUSDT,1783316100000,2026-07-06 05:35:00 UTC,1783316399999,2026-07-06 05:39:59 UTC,True,1915.0,1934.0,1914.0,1933.0,18.0,0.9399477806788512,43.4079890413443,1916.26666667,1933.0,1916.00625,1933.0,16.73333333000005,0.8732257164958396,1783316399999,2026-07-06 05:39:59 UTC,0.0,0.0,-0.00044091,0.00095513,-0.00083104,0.00095513,0.00095513,,1783316399999,2026-07-06 05:39:59 UTC,187,-400.0,-68.14310051107326,7.325,-27.682,-79.07561344873882,14100.894,-53155.11,-79.03399970060664,binance_kline_quote_asset_volume,0.039171122994652405,75.40585026737968,20.0,1.0443864229765014,18.0,0.9399477806788512,18.0,0.9399477806788512,1.0,5.0,1.0,5.0,0.95,4.631,2.694,63.22184300341297,36.77815699658703,8922.893,-12022.364000000001,-57.3989805902119,5178.001,-41132.746,-88.81900782122992,63.27891692540912,36.72108307459088,1.7190051967334818,1.72323122378694,3744.892,26.557833850818252,1077.336,2064463.06560359,-2.2999999999999545,-0.21303476356845777,-17996.488017719937,-0.8641938800888016,2.0276,0.00890000000000013,0.4408777926388334,66.97,33.03,1.0796,-0.00550000000000006,-0.5068657266611428,51.910000000000004,48.089999999999996,1.7056,-0.028100000000000014,-1.6208109822922083,63.04,36.96,-0.9480000000000002,-0.32200000000000006,0.6260000000000001,1783296000000,2026-07-06 00:00:00 UTC,-8.185e-05,1868.0
FINAL_REAL_MARK_PREMIUM_CLOSED_GUARD_2026_06_13,1783316400000,2026-07-06 05:40:00 UTC,YFIUSDT,1783316400000,2026-07-06 05:40:00 UTC,1783316699999,2026-07-06 05:44:59 UTC,True,1934.0,1959.0,1934.0,1955.0,22.0,1.1381272633212622,54.490890297265395,1933.0,1961.64884786,1933.0,1957.53740625,24.537406250000004,1.2693950465597519,1783316699999,2026-07-06 05:44:59 UTC,-2.5374062500000036,-0.12962236337852887,0.00128959,0.00238248,-0.00017017,0.0,-0.00095513,-100.0,1783316699999,2026-07-06 05:44:59 UTC,713,526.0,281.2834224598931,50.863,43.538,594.3754266211603,99153.67,85052.776,603.1729335742826,binance_kline_quote_asset_volume,0.07133660589060309,139.06545582047684,25.0,1.2926577042399172,21.0,1.0858324715615306,21.0,1.0858324715615306,4.0,16.0,0.0,0.0,0.84,38.765,12.097999999999999,76.21453708982955,23.78546291017046,75588.707,66665.814,747.1322809765846,23564.963000000003,18386.962000000003,355.09769117464447,76.23389734338627,23.76610265661372,3.204248636138205,3.2076734854198574,52023.74399999999,52.46779468677255,1076.24,2080371.92,-1.0960000000000036,-0.10173242145440269,15908.85439640982,0.7706049413753269,2.0609,0.03330000000000011,1.6423357664233629,67.33,32.67,1.0807,0.001100000000000101,0.10188958873657845,51.94,48.06,1.7189,0.01330000000000009,0.7797842401500991,63.22,36.78,-0.9802000000000002,-0.3420000000000001,0.6382000000000001,1783296000000,2026-07-06 00:00:00 UTC,-8.185e-05,1868.0
FINAL_REAL_MARK_PREMIUM_CLOSED_GUARD_2026_06_13,1783316700000,2026-07-06 05:45:00 UTC,YFIUSDT,1783316700000,2026-07-06 05:45:00 UTC,1783316999999,2026-07-06 05:49:59 UTC,True,1956.0,1985.0,1955.0,1976.0,21.0,1.0741687979539642,62.11730623856771,1957.53740625,1986.50416667,1956.0,1976.0,18.462593749999996,0.9431540715928527,1783316999999,2026-07-06 05:49:59 UTC,0.0,0.0,0.0,5.054e-05,-0.00203388,0.0,0.0,,1783316999999,2026-07-06 05:49:59 UTC,1538,825.0,115.70827489481066,93.153,42.290000000000006,83.14491870318307,183939.397,84785.727,85.50941886467743,binance_kline_quote_asset_volume,0.06056762028608583,119.59648699609883,30.0,1.5337423312883436,20.0,1.0224948875255624,20.0,1.0224948875255624,9.0,30.0,1.0,3.3333333333333335,0.7,51.191,41.962,54.953678357111414,45.04632164288858,101098.319,25509.61200000001,33.747914222160205,82841.078,59276.11499999999,251.54342487191676,54.96284137541237,45.03715862458763,1.2199370859348935,1.2203887424062736,18257.24100000001,9.925682750824723,1103.681,2160496.84206741,27.44100000000003,2.5497101018360246,80124.92206740985,3.851471042130287,1.9851,-0.07580000000000009,-3.678004755204041,66.5,33.5,1.1169,0.03620000000000001,3.3496807624687714,52.76,47.24,1.6652,-0.05370000000000008,-3.124090988422833,62.480000000000004,37.519999999999996,-0.8682000000000001,-0.3199000000000001,0.5483,1783296000000,2026-07-06 00:00:00 UTC,-8.185e-05,1868.0
FINAL_REAL_MARK_PREMIUM_CLOSED_GUARD_2026_06_13,1783317000000,2026-07-06 05:50:00 UTC,YFIUSDT,1783317000000,2026-07-06 05:50:00 UTC,1783317299999,2026-07-06 05:54:59 UTC,True,1976.0,1990.0,1971.0,1986.0,10.0,0.5060728744939271,65.11524790432094,1978.72394768,1988.75642241,1975.0,1985.0,9.0,0.4554655870445344,1783317299999,2026-07-06 05:54:59 UTC,1.0,0.05037783375314861,0.0,0.0,-0.00257864,-0.00041792,-0.00041792,,1783317299999,2026-07-06 05:54:59 UTC,1010,-528.0,-34.33029908972692,78.055,-15.097999999999999,-16.207744248709112,154615.452,-29323.945000000007,-15.942177411835273,binance_kline_quote_asset_volume,0.0772821782178218,153.08460594059406,19.0,0.9615384615384616,10.0,0.5060728744939271,10.0,0.5060728744939271,4.0,21.052631578947366,5.0,26.31578947368421,0.7894736842105263,29.515,48.540000000000006,37.813080520146045,62.186919479853955,58497.673,-42600.646,-42.13783811776336,96117.77899999998,13276.700999999986,16.026712013573736,37.83429938166854,62.16570061833146,0.6080552121961268,0.6086040856187492,-37620.10599999998,-24.33140123666293,1125.986,2224948.336,22.305000000000064,2.020964390978921,64451.493932590354,2.9831792705105653,1.9446,-0.04049999999999998,-2.0401994861719803,66.03999999999999,33.96,1.1083,-0.008599999999999941,-0.7699883606410548,52.56999999999999,47.43,1.6302,-0.03499999999999992,-2.1018496276723466,61.980000000000004,38.019999999999996,-0.8363,-0.3144,0.5219,1783296000000,2026-07-06 00:00:00 UTC,-8.185e-05,1868.0
FINAL_REAL_MARK_PREMIUM_CLOSED_GUARD_2026_06_13,1783317300000,2026-07-06 05:55:00 UTC,YFIUSDT,1783317300000,2026-07-06 05:55:00 UTC,1783317599999,2026-07-06 05:59:59 UTC,True,1987.0,2003.0,1985.0,1996.0,10.0,0.5035246727089627,67.85482079158245,1985.0,2001.0,1985.0,1997.95228125,12.952281249999942,0.652507871536521,1783317599999,2026-07-06 05:59:59 UTC,-1.9522812499999418,-0.09771410800554835,-6.931e-05,0.0,-0.00335003,-0.00144974,-0.00103182,246.8941424196018,1783317599999,2026-07-06 05:59:59 UTC,1227,217.0,21.485148514851485,82.685,4.6299999999999955,5.931714816475556,164912.65,10297.198000000004,6.659876400969293,binance_kline_quote_asset_volume,0.0673879380603097,134.40313773431131,18.0,0.9058882737795673,9.0,0.45294413688978363,9.0,0.45294413688978363,7.0,38.88888888888889,2.0,11.11111111111111,0.6111111111111112,43.124,39.561,52.1545624962206,47.8454375037794,86035.123,27537.450000000004,47.074436619042956,78877.52699999999,-17240.251999999993,-17.936590066235297,52.170117331811724,47.829882668188276,1.0900634463233994,1.0907431593285122,7157.59600000002,4.340234663623452,1141.314,2265508.29,15.327999999999975,1.3612957887575843,40559.95399999991,1.8229616096577943,1.956,0.011399999999999855,0.5862388151804924,66.17,33.83,1.1249,0.016599999999999948,1.4977894072002118,52.94,47.06,1.6525,0.022299999999999986,1.3679303152987354,62.3,37.7,-0.8311,-0.3034999999999999,0.5276000000000001,1783296000000,2026-07-06 00:00:00 UTC,-8.185e-05,1868.0
FINAL_REAL_MARK_PREMIUM_CLOSED_GUARD_2026_06_13,1783317600000,2026-07-06 06:00:00 UTC,YFIUSDT,1783317600000,2026-07-06 06:00:00 UTC,1783317899999,2026-07-06 06:04:59 UTC,True,1997.0,2012.0,1994.0,1997.0,1.0,0.0501002004008016,68.12440238600749,1997.95228125,2010.33645833,1996.0,1997.0,-0.9522812499999418,-0.04766286256867737,1783317899999,2026-07-06 06:04:59 UTC,0.0,0.0,-0.00198086,0.0,-0.00429113,-0.0026362,-0.00118646,81.83950225557687,1783317899999,2026-07-06 06:04:59 UTC,1520,293.0,23.879380603096983,80.573,-2.112000000000009,-2.554272238011742,161335.879,-3576.771000000008,-2.1688881962663316,binance_kline_quote_asset_volume,0.05300855263157894,106.14202565789473,18.0,0.9013520280420632,0.0,0.0,0.0,0.0,15.0,83.33333333333334,3.0,16.666666666666664,0.16666666666666666,41.258,39.31499999999999,51.2057388951634,48.7942611048366,82637.354,-3397.7690000000002,-3.949281272021893,78698.52499999998,-179.00200000000768,-0.2269366279701032,51.220692205730636,48.779307794269364,1.0494213404552972,1.0500495911454506,3938.829000000027,2.441384411461277,1162.046,2321712.45661744,20.73199999999997,1.8165027328149805,56204.16661744006,2.4808634276699144,1.942,-0.014000000000000012,-0.7157464212678942,66.01,33.989999999999995,1.1346,0.009700000000000042,0.8622988710107603,53.15,46.85,1.6455,-0.007000000000000117,-0.4236006051437287,62.2,37.8,-0.8073999999999999,-0.2965,0.5108999999999999,1783296000000,2026-07-06 00:00:00 UTC,-8.185e-05,1868.0
FINAL_REAL_MARK_PREMIUM_CLOSED_GUARD_2026_06_13,1783317900000,2026-07-06 06:05:00 UTC,YFIUSDT,1783317900000,2026-07-06 06:05:00 UTC,1783318199999,2026-07-06 06:09:59 UTC,True,1997.0,2030.0,1991.0,2025.0,28.0,1.4021031547320981,74.55817091229062,1997.0,2029.0,1992.0,2025.0,28.0,1.4021031547320981,1783318199999,2026-07-06 06:09:59 UTC,0.0,0.0,-0.00272777,0.0,-0.00377059,-0.00224125,0.0003949499999999998,-14.981791973294886,1783318199999,2026-07-06 06:09:59 UTC,1952,432.0,28.421052631578945,138.067,57.494000000000014,71.35640971541338,278070.076,116734.19700000001,72.3547655509411,binance_kline_quote_asset_volume,0.07073104508196722,142.45393237704917,39.0,1.9529293940911365,28.0,1.4021031547320981,28.0,1.4021031547320981,5.0,12.82051282051282,6.0,15.384615384615385,0.8717948717948718,81.29,56.777,58.877211788479514,41.12278821152049,163804.832,81167.47799999999,98.22129348430006,114265.244,35566.71900000003,45.19362847016515,58.90775244726441,41.09224755273559,1.4317417264032972,1.4335490501381154,49539.58799999999,17.815504894528814,1171.628,2339741.116,9.58199999999988,0.8245800940754394,18028.659382559825,0.7765242130296455,1.9334,-0.008599999999999941,-0.44284243048403404,65.91,34.089999999999996,1.1284,-0.006199999999999983,-0.5464480874316925,53.02,46.98,1.6511,0.005600000000000049,0.3403220905499878,62.28,37.72,-0.8049999999999999,-0.2823,0.5226999999999999,1783296000000,2026-07-06 00:00:00 UTC,-8.185e-05,1868.0
FINAL_REAL_MARK_PREMIUM_CLOSED_GUARD_2026_06_13,1783318200000,2026-07-06 06:10:00 UTC,YFIUSDT,1783318200000,2026-07-06 06:10:00 UTC,1783318499999,2026-07-06 06:14:59 UTC,True,2025.0,2027.0,1986.0,1991.0,-34.0,-1.6790123456790123,58.988483417222334,2025.00430208,2027.0,1988.72708333,1990.87068966,-34.129310340000075,-1.685398041481485,1783318499999,2026-07-06 06:14:59 UTC,0.12931034000007458,0.0064951651893653695,-0.00246975,-0.00013717,-0.0054607,-0.00287337,-0.0006321199999999999,28.203904071388724,1783318499999,2026-07-06 06:14:59 UTC,2191,239.0,12.243852459016393,176.44,38.37299999999999,27.793028022626686,354304.079,76234.00300000003,27.41539258614797,binance_kline_quote_asset_volume,0.08052943861250571,161.70884481971703,41.0,2.0246913580246915,-34.0,-1.6790123456790123,34.0,1.6790123456790123,2.0,4.878048780487805,5.0,12.195121951219512,0.12195121951219512,60.522,115.918,34.30174563591022,65.69825436408978,121470.342,-42334.48999999999,-25.844469594157022,232833.73700000002,118568.49300000002,103.76601742521112,34.28420647677613,65.71579352322388,0.5221104573922946,0.5217042150553981,-111363.39500000002,-31.431587046447753,1205.261,2440653.525,33.63300000000004,2.870621050367526,100912.40899999999,4.312973273407227,1.867,-0.06640000000000001,-3.4343643322644057,65.12,34.88,1.1453,0.016899999999999915,1.4976958525345545,53.39,46.61,1.574,-0.07709999999999995,-4.669614196596205,61.150000000000006,38.85,-0.7217,-0.2929999999999999,0.4287000000000001,1783296000000,2026-07-06 00:00:00 UTC,-8.185e-05,1868.0
FINAL_REAL_MARK_PREMIUM_CLOSED_GUARD_2026_06_13,1783318500000,2026-07-06 06:15:00 UTC,YFIUSDT,1783318500000,2026-07-06 06:15:00 UTC,1783318799999,2026-07-06 06:19:59 UTC,True,1990.0,1994.0,1965.0,1975.0,-16.0,-0.803616273229533,53.34315633926027,1991.0,1994.0,1970.56396552,1975.0,-15.870689659999925,-0.7971733042446024,1783318799999,2026-07-06 06:19:59 UTC,0.0,0.0,-0.00297472,0.0,-0.0051771,0.0,0.00287337,-100.0,1783318799999,2026-07-06 06:19:59 UTC,2102,-89.0,-4.062072113190324,176.939,0.4989999999999952,0.2828156880525931,350214.743,-4089.3360000000102,-1.1541882361450346,binance_kline_quote_asset_volume,0.08417649857278782,166.61024881065651,29.0,1.4572864321608041,-15.0,-0.7537688442211055,15.0,0.7537688442211055,4.0,13.793103448275861,10.0,34.48275862068966,0.3448275862068966,77.689,99.25,43.9072222630398,56.0927777369602,153929.65,32459.30799999999,26.72200264324603,196285.09300000002,-36548.644,-15.697314517612195,43.95293261540391,56.04706738459608,0.7827607052896725,0.7842146728890919,-42355.44300000003,-12.094134769192177,1229.983,2448737.10348008,24.72199999999998,2.0511739780844134,8083.578480080236,0.33120549054910353,2.0148,0.14780000000000015,7.9164434922335385,66.83,33.17,1.1204,-0.024899999999999922,-2.174102855147116,52.839999999999996,47.160000000000004,1.6781,0.10409999999999986,6.613722998729344,62.660000000000004,37.34,-0.8944000000000001,-0.3367000000000002,0.5576999999999999,1783296000000,2026-07-06 00:00:00 UTC,-8.185e-05,1868.0
FINAL_REAL_MARK_PREMIUM_CLOSED_GUARD_2026_06_13,1783318800000,2026-07-06 06:20:00 UTC,YFIUSDT,1783318800000,2026-07-06 06:20:00 UTC,1783319099999,2026-07-06 06:24:59 UTC,True,1973.0,1983.0,1966.0,1980.0,5.0,0.25316455696202533,54.79896715635359,1975.0,1983.19166667,1967.019375,1982.1,7.099999999999909,0.35949367088607137,1783319099999,2026-07-06 06:24:59 UTC,-2.099999999999909,-0.10594823671862717,0.0,0.0,-0.00294962,-0.00232934,-0.00232934,,1783319099999,2026-07-06 06:24:59 UTC,875,-1227.0,-58.37297811607992,54.053,-122.886,-69.45105375298833,106780.349,-243434.39400000003,-69.51003601810105,binance_kline_quote_asset_volume,0.06177485714285714,122.03468457142857,17.0,0.8616320324379118,7.0,0.3547896604156108,7.0,0.3547896604156108,3.0,17.647058823529413,7.0,41.17647058823529,0.8235294117647058,34.615,19.437999999999995,64.03899876047583,35.961001239524165,68441.06,-85488.59,-55.53744194182213,38339.289000000004,-157945.804,-80.46754931104218,64.09518290673502,35.90481709326498,1.780790204753576,1.7851416076077986,30101.770999999993,28.190365813470038,1207.942,2385685.45,-22.04099999999994,-1.7919759866599734,-63051.653480079956,-2.574864136720623,2.013,-0.0018000000000002458,-0.08933889219774895,66.81,33.19,1.1053,-0.015100000000000113,-1.3477329525169683,52.5,47.5,1.6617,-0.01639999999999997,-0.977295751147129,62.43,37.57,-0.9077,-0.35129999999999995,0.5564,1783296000000,2026-07-06 00:00:00 UTC,-8.185e-05,1868.0
FINAL_REAL_MARK_PREMIUM_CLOSED_GUARD_2026_06_13,1783319100000,2026-07-06 06:25:00 UTC,YFIUSDT,1783319100000,2026-07-06 06:25:00 UTC,1783319399999,2026-07-06 06:29:59 UTC,True,1980.0,1984.0,1974.0,1978.0,-2.0,-0.10101010101010101,54.07217851958965,1982.1,1984.0,1976.0,1980.0,-2.099999999999909,-0.10594823671862717,1783319399999,2026-07-06 06:29:59 UTC,-2.0,-0.10101010101010101,-0.00197857,0.0,-0.00298208,-0.00093589,0.00139345,-59.82166622305031,1783319399999,2026-07-06 06:29:59 UTC,335,-540.0,-61.71428571428571,17.37,-36.68299999999999,-67.8648733650306,34374.953,-72405.39600000001,-67.80779111332555,binance_kline_quote_asset_volume,0.05185074626865672,102.6118,10.0,0.5050505050505051,-2.0,-0.10101010101010101,2.0,0.10101010101010101,4.0,40.0,4.0,40.0,0.4,10.846,6.524000000000001,62.44099021301094,37.559009786989066,21469.232,-46971.827999999994,-68.63106445166103,12905.721000000001,-25433.568000000003,-66.33813162262868,62.45603303079426,37.54396696920575,1.66247700797057,1.6635437880611241,8563.510999999999,24.9120660615885,1197.383,2373332.8443,-10.558999999999969,-0.8741313738573515,-12352.60570000019,-0.5177801499355327,2.0148,0.0018000000000002458,0.08941877794338032,66.83,33.17,1.1103,0.0050000000000001155,0.45236587351851226,52.61,47.39,1.6575,-0.0041999999999999815,-0.2527532045495566,62.370000000000005,37.63,-0.9045000000000001,-0.3573000000000002,0.5471999999999999,1783296000000,2026-07-06 00:00:00 UTC,-8.185e-05,1868.0
FINAL_REAL_MARK_PREMIUM_CLOSED_GUARD_2026_06_13,1783319400000,2026-07-06 06:30:00 UTC,YFIUSDT,1783319400000,2026-07-06 06:30:00 UTC,1783319699999,2026-07-06 06:34:59 UTC,True,1979.0,1991.0,1973.0,1983.0,5.0,0.2527805864509606,55.655609499212055,1979.13541667,1991.0,1974.28448276,1983.0,3.0,0.15151515151515152,1783319699999,2026-07-06 06:34:59 UTC,0.0,0.0,-0.00117228,0.0,-0.00392563,0.0,0.00093589,-100.0,1783319699999,2026-07-06 06:34:59 UTC,587,252.0,75.22388059701493,38.357,20.987,120.82325849165225,76023.551,41648.598000000005,121.15972347656738,binance_kline_quote_asset_volume,0.06534412265758092,129.5120119250426,18.0,0.9095502779181406,4.0,0.202122283981809,4.0,0.202122283981809,8.0,44.44444444444444,6.0,33.33333333333333,0.5555555555555556,17.198,21.159,44.83666605834659,55.16333394165341,34092.179,12622.946999999996,58.795521889185395,41931.37200000001,29025.65100000001,224.90530362464835,44.8442338611623,55.15576613883769,0.8127983364053122,0.8130470665257504,-7839.193000000014,-10.311532277675392,1201.215,2378405.7,3.83199999999988,0.32003126819070254,5072.855700000189,0.21374396398649245,2.003,-0.011800000000000033,-0.5856660710740537,66.7,33.300000000000004,1.117,0.006699999999999928,0.603440511573442,52.76,47.24,1.661,0.0035000000000000586,0.21116138763197942,62.419999999999995,37.580000000000005,-0.8860000000000001,-0.3420000000000001,0.544,1783296000000,2026-07-06 00:00:00 UTC,-8.185e-05,1868.0
FINAL_REAL_MARK_PREMIUM_CLOSED_GUARD_2026_06_13,1783319700000,2026-07-06 06:35:00 UTC,YFIUSDT,1783319700000,2026-07-06 06:35:00 UTC,1783319999999,2026-07-06 06:39:59 UTC,True,1984.0,1990.0,1976.0,1980.0,-3.0,-0.15128593040847202,54.442780635524265,1983.0,1990.0,1977.16109375,1980.0,-3.0,-0.15128593040847202,1783319999999,2026-07-06 06:39:59 UTC,0.0,0.0,0.0,0.0,-0.00346936,-0.00193766,-0.00193766,,1783319999999,2026-07-06 06:39:59 UTC,776,189.0,32.19761499148211,44.006,5.649000000000001,14.727429152436326,87302.474,11278.922999999995,14.836090726674941,binance_kline_quote_asset_volume,0.05670876288659794,112.5031881443299,14.0,0.7056451612903225,-4.0,-0.20161290322580644,4.0,0.20161290322580644,6.0,42.857142857142854,4.0,28.57142857142857,0.2857142857142857,22.196,21.81,50.43857655774213,49.56142344225787,44054.17,9961.991000000002,29.220751774182585,43248.304000000004,1316.9319999999934,3.140684259031622,50.46153674866075,49.53846325133925,1.0176983035304907,1.0186334705749385,805.8659999999945,0.9230734973215015,1193.688,2367083.304,-7.526999999999816,-0.626615551753834,-11322.396000000183,-0.47604981774136274,2.0111,0.008099999999999774,0.4043934098851609,66.79,33.21,1.1119,-0.005099999999999882,-0.45658012533571013,52.65,47.349999999999994,1.6645,0.0035000000000000586,0.2107164358820023,62.470000000000006,37.53,-0.8991999999999998,-0.3465999999999998,0.5526,1783296000000,2026-07-06 00:00:00 UTC,-8.185e-05,1868.0
FINAL_REAL_MARK_PREMIUM_CLOSED_GUARD_2026_06_13,1783320000000,2026-07-06 06:40:00 UTC,YFIUSDT,1783320000000,2026-07-06 06:40:00 UTC,1783320299999,2026-07-06 06:44:59 UTC,True,1980.0,1984.0,1969.0,1981.0,1.0,0.050505050505050504,54.7963927235219,1980.0,1984.0,1970.98275862,1981.0,1.0,0.050505050505050504,1783320299999,2026-07-06 06:44:59 UTC,0.0,0.0,-0.00155331,0.0,-0.00372293,0.0,0.00193766,-100.0,1783320299999,2026-07-06 06:44:59 UTC,561,-215.0,-27.706185567010312,31.424,-12.582,-28.591555696950415,62129.109,-25173.365000000005,-28.834652497934943,binance_kline_quote_asset_volume,0.056014260249554366,110.74707486631016,15.0,0.7575757575757576,1.0,0.050505050505050504,1.0,0.050505050505050504,3.0,20.0,11.0,73.33333333333333,0.8,12.422,19.002,39.53029531568228,60.46970468431772,24567.972,-19486.197999999997,-44.23235757250675,37561.136999999995,-5687.167000000009,-13.15003473893452,39.54341595338185,60.45658404661815,0.6537206609830545,0.6540795610100941,-12993.164999999994,-20.913168093236287,1192.439,2361029.22,-1.2490000000000236,-0.10463370663021021,-6054.083999999799,-0.25576134096207537,1.978,-0.03309999999999991,-1.64586544677042,66.42,33.58,1.115,0.0030999999999998806,0.27880205054410295,52.72,47.28,1.6434,-0.02110000000000012,-1.2676479423250295,62.17,37.830000000000005,-0.863,-0.3346,0.5284,1783296000000,2026-07-06 00:00:00 UTC,-8.185e-05,1868.0
FINAL_REAL_MARK_PREMIUM_CLOSED_GUARD_2026_06_13,1783320300000,2026-07-06 06:45:00 UTC,YFIUSDT,1783320300000,2026-07-06 06:45:00 UTC,1783320599999,2026-07-06 06:49:59 UTC,True,1981.0,2008.0,1976.0,1998.0,17.0,0.8581524482584554,60.42072911999417,1981.0,2005.39473958,1979.81041667,2000.0,19.0,0.9591115598182737,1783320599999,2026-07-06 06:49:59 UTC,-2.0,-0.1,0.0,0.00240909,-0.00223148,-0.00190207,-0.00190207,,1783320599999,2026-07-06 06:49:59 UTC,1176,615.0,109.62566844919786,86.367,54.943000000000005,174.84406822810593,172185.829,110056.72,177.14195772548422,binance_kline_quote_asset_volume,0.07344132653061225,146.4165212585034,32.0,1.6153457849570922,17.0,0.8581524482584554,17.0,0.8581524482584554,10.0,31.25,5.0,15.625,0.6875,49.316,37.051,57.10051292739124,42.89948707260875,98208.845,73640.87299999999,299.7433935532,73976.984,36415.847,96.9508644000846,57.036543349917615,42.96345665008239,1.3310302016139914,1.3275594609263877,24231.861000000004,14.073086699835214,1194.783,2366865.123,2.3439999999998236,0.19657190011395329,5835.902999999933,0.247176229356447,1.9638,-0.01419999999999999,-0.7178968655207275,66.25999999999999,33.739999999999995,1.1199,0.004899999999999904,0.4394618834080632,52.83,47.17,1.6337,-0.009700000000000042,-0.5902397468662555,62.029999999999994,37.97,-0.8439000000000001,-0.33010000000000006,0.5138,1783296000000,2026-07-06 00:00:00 UTC,-8.185e-05,1868.0
FINAL_REAL_MARK_PREMIUM_CLOSED_GUARD_2026_06_13,1783320600000,2026-07-06 06:50:00 UTC,YFIUSDT,1783320600000,2026-07-06 06:50:00 UTC,1783320899999,2026-07-06 06:54:59 UTC,True,1999.0,2004.0,1984.0,1985.0,-13.0,-0.6506506506506506,54.80510156511365,2000.0,2004.0,1984.84166667,1985.172,-14.827999999999975,-0.7413999999999987,1783320899999,2026-07-06 06:54:59 UTC,-0.17200000000002547,-0.00866423665052829,-0.00185052,0.0,-0.00297653,-0.00272995,-0.00082788,43.52521200586729,1783320899999,2026-07-06 06:54:59 UTC,428,-748.0,-63.60544217687075,21.225,-65.142,-75.4246413560735,42346.042,-129839.787,-75.40677868444098,binance_kline_quote_asset_volume,0.04959112149532711,98.93935046728973,20.0,1.0005002501250626,-14.0,-0.7003501750875438,14.0,0.7003501750875438,5.0,25.0,1.0,5.0,0.05,9.166,12.059000000000001,43.1849234393404,56.815076560659605,18304.154,-79904.691,-81.36201072316858,24041.888000000003,-49935.09599999999,-67.50085404941622,43.22518265107279,56.77481734892721,0.7600961937142383,0.7613442837767149,-5737.734000000004,-13.549634697854415,1215.054,2430108.0,20.271000000000186,1.696626081891037,63242.87699999986,2.6720101785875974,1.8678,-0.09600000000000009,-4.888481515429274,65.13,34.870000000000005,1.1291,0.009200000000000097,0.8215019198142779,53.03,46.97,1.59,-0.04369999999999985,-2.674909714145795,61.39,38.61,-0.7386999999999999,-0.2777999999999998,0.4609000000000001,1783296000000,2026-07-06 00:00:00 UTC,-8.185e-05,1868.0
FINAL_REAL_MARK_PREMIUM_CLOSED_GUARD_2026_06_13,1783320900000,2026-07-06 06:55:00 UTC,YFIUSDT,1783320900000,2026-07-06 06:55:00 UTC,1783321199999,2026-07-06 06:59:59 UTC,True,1985.0,1999.0,1983.0,1998.0,13.0,0.654911838790932,58.91714449470476,1985.172,1998.0,1985.01908405,1997.41924548,12.247245479999947,0.6169362392780045,1783321199999,2026-07-06 06:59:59 UTC,0.5807545200000277,0.029075244033731466,-0.00251952,0.00016731,-0.00291435,0.0,0.00272995,-100.0,1783321199999,2026-07-06 06:59:59 UTC,384,-44.0,-10.2803738317757,22.158,0.9329999999999998,4.395759717314487,44118.066,1772.0239999999976,4.184627219705676,binance_kline_quote_asset_volume,0.057703125,114.89079687499999,16.0,0.8060453400503778,13.0,0.654911838790932,13.0,0.654911838790932,1.0,6.25,2.0,12.5,0.9375,10.884,11.274000000000001,49.119956674790146,50.880043325209854,21678.897,3374.743000000002,18.437033473385345,22439.168999999998,-1602.7190000000046,-6.666360811596844,49.138366582070944,50.86163341792906,0.9654071314529005,0.9661185313948125,-760.2719999999972,-1.7232668358581202,1215.668,2413310.074896,0.6139999999998054,0.050532733524584525,-16797.92510400014,-0.6912419161617566,1.867,-0.0007999999999999119,-0.042831138237493946,65.12,34.88,1.128,-0.001100000000000101,-0.09742272606501647,53.010000000000005,46.989999999999995,1.5887,-0.0013000000000000789,-0.08176100628931313,61.370000000000005,38.629999999999995,-0.7390000000000001,-0.2783,0.4607000000000001,1783296000000,2026-07-06 00:00:00 UTC,-8.185e-05,1868.0
FINAL_REAL_MARK_PREMIUM_CLOSED_GUARD_2026_06_13,1783321200000,2026-07-06 07:00:00 UTC,YFIUSDT,1783321200000,2026-07-06 07:00:00 UTC,1783321499999,2026-07-06 07:04:59 UTC,True,1997.0,1998.0,1975.0,1985.0,-13.0,-0.6506506506506506,53.659408340361956,1997.41925116,1999.26666667,1976.059375,1986.0,-11.419245479999972,-0.5716999826571618,1783321499999,2026-07-06 07:04:59 UTC,-1.0,-0.050352467270896276,0.0,0.0,-0.00205585,0.0,0.0,,1783321499999,2026-07-06 07:04:59 UTC,863,479.0,124.73958333333333,41.509,19.351,87.33188915967143,82417.09,38299.024,86.81029671608906,binance_kline_quote_asset_volume,0.04809849362688297,95.50068366164543,23.0,1.1517275913870806,-12.0,-0.6009013520280421,12.0,0.6009013520280421,1.0,4.3478260869565215,10.0,43.47826086956522,0.43478260869565216,20.048,21.461000000000002,48.29795947866727,51.70204052133273,39812.131,18133.234,83.64463376526952,42604.958999999995,20165.789999999997,89.86870235702578,48.30567422363493,51.69432577636507,0.9341596384138668,0.9344482880502245,-2792.827999999994,-3.3886515527301366,1212.386,2421643.12935052,-3.2819999999999254,-0.26997502607619234,8333.054454520345,0.34529563942915426,1.867,0.0,0.0,65.12,34.88,1.1174,-0.010599999999999943,-0.9397163120567326,52.769999999999996,47.23,1.5954,0.006699999999999928,0.4217284572291766,61.47,38.53,-0.7496,-0.27160000000000006,0.478,1783296000000,2026-07-06 00:00:00 UTC,-8.185e-05,1868.0
FINAL_REAL_MARK_PREMIUM_CLOSED_GUARD_2026_06_13,1783321500000,2026-07-06 07:05:00 UTC,YFIUSDT,1783321500000,2026-07-06 07:05:00 UTC,1783321799999,2026-07-06 07:09:59 UTC,True,1985.0,1998.0,1983.0,1991.0,6.0,0.30226700251889166,55.6275792232045,1985.54791667,1997.94376159,1984.0,1992.46666667,6.466666669999995,0.3256126218529705,1783321799999,2026-07-06 07:09:59 UTC,-1.466666669999995,-0.07361060009356282,0.0,0.0,-0.00417519,0.0,0.0,,1783321799999,2026-07-06 07:09:59 UTC,457,-406.0,-47.04519119351101,21.615,-19.894000000000002,-47.926955599990364,43016.733,-39400.356999999996,-47.806052118559386,binance_kline_quote_asset_volume,0.04729759299781181,94.12851859956237,15.0,0.7556675062972292,6.0,0.30226700251889166,6.0,0.30226700251889166,7.0,46.666666666666664,2.0,13.333333333333334,0.5333333333333333,10.463,11.152,48.40619939856581,51.59380060143419,20812.959,-18999.172000000002,-47.72206742713672,22203.774,-20401.184999999994,-47.884531469681725,48.383402337876284,51.61659766212372,0.9382173601147776,0.937361324250553,-1390.8150000000023,-3.2331953242474327,1212.555,2408134.23,0.1690000000000964,0.013939454926079353,-13508.899350520223,-0.5578402195926897,1.8719,0.004899999999999904,0.26245313336903614,65.18,34.82,1.1253,0.007900000000000018,0.706998389117596,52.949999999999996,47.05,1.5887,-0.006699999999999928,-0.4199573774601936,61.370000000000005,38.629999999999995,-0.7465999999999999,-0.2831999999999999,0.46340000000000003,1783296000000,2026-07-06 00:00:00 UTC,-8.185e-05,1868.0
FINAL_REAL_MARK_PREMIUM_CLOSED_GUARD_2026_06_13,1783321800000,2026-07-06 07:10:00 UTC,YFIUSDT,1783321800000,2026-07-06 07:10:00 UTC,1783322099999,2026-07-06 07:14:59 UTC,True,1992.0,2026.0,1990.0,2017.0,26.0,1.3058764439979909,62.967495320275354,1992.46666667,2024.0,1991.24166667,2021.0,28.533333330000005,1.4320607620346104,1783322099999,2026-07-06 07:14:59 UTC,-4.0,-0.1979218208807521,0.0,0.0,-0.00134687,0.0,0.0,,1783322099999,2026-07-06 07:14:59 UTC,1355,898.0,196.49890590809628,85.359,63.744,294.9063150589868,171677.346,128660.61299999998,299.0943384752161,binance_kline_quote_asset_volume,0.06299557195571956,126.69914833948339,36.0,1.8072289156626504,25.0,1.2550200803212852,25.0,1.2550200803212852,9.0,25.0,2.0,5.555555555555555,0.75,48.595,36.763999999999996,56.93014210569477,43.06985789430522,97666.269,76853.31,369.25700953910496,74011.07699999999,51807.302999999985,233.32656421381327,56.88943315794269,43.11056684205731,1.321809378740072,1.319616913560115,23655.19200000001,13.778866315885388,1208.212,2407322.13627069,-4.343000000000075,-0.3581693201545558,-812.0937293102033,-0.033722942815783294,1.858,-0.013899999999999801,-0.7425610342432717,65.01,34.99,1.1191,-0.006199999999999983,-0.5509641873278223,52.81,47.19,1.58,-0.00869999999999993,-0.54761754893938,61.24000000000001,38.76,-0.7389000000000001,-0.278,0.4609000000000001,1783296000000,2026-07-06 00:00:00 UTC,-8.185e-05,1868.0
FINAL_REAL_MARK_PREMIUM_CLOSED_GUARD_2026_06_13,1783322100000,2026-07-06 07:15:00 UTC,YFIUSDT,1783322100000,2026-07-06 07:15:00 UTC,1783322399999,2026-07-06 07:19:59 UTC,True,2018.0,2025.0,2000.0,2002.0,-15.0,-0.7436787307882995,57.099216794790564,2020.85918042,2025.19213542,2000.31979167,2005.0,-16.0,-0.7916872835230084,1783322399999,2026-07-06 07:19:59 UTC,-3.0,-0.14962593516209477,0.0,0.0,-0.00343853,-0.00143158,-0.00143158,,1783322399999,2026-07-06 07:19:59 UTC,951,-404.0,-29.81549815498155,51.196,-34.163,-40.022727538982416,103189.978,-68487.36799999999,-39.893072438340226,binance_kline_quote_asset_volume,0.053833859095688746,108.50681177707676,25.0,1.2388503468780971,-16.0,-0.7928642220019821,16.0,0.7928642220019821,7.0,28.000000000000004,2.0,8.0,0.08,18.341,32.855,35.825064458160796,64.1749355418392,37026.571,-60639.698,-62.08868079111325,66163.407,-7847.669999999984,-10.603372249264776,35.881944853210456,64.11805514678956,0.558240754831837,0.5596231010292442,-29136.836000000003,-28.23611029357909,1216.443,2458431.303,8.230999999999995,0.681254614256438,51109.16672931006,2.1230713563115398,1.8249,-0.03310000000000013,-1.781485468245432,64.60000000000001,35.4,1.1206,0.0015000000000000568,0.1340362791528958,52.839999999999996,47.160000000000004,1.5641,-0.015900000000000025,-1.0063291139240522,61.0,39.0,-0.7042999999999999,-0.2607999999999999,0.4435,1783296000000,2026-07-06 00:00:00 UTC,-8.185e-05,1868.0
FINAL_REAL_MARK_PREMIUM_CLOSED_GUARD_2026_06_13,1783322400000,2026-07-06 07:20:00 UTC,YFIUSDT,1783322400000,2026-07-06 07:20:00 UTC,1783322699999,2026-07-06 07:24:59 UTC,True,2003.0,2016.0,2002.0,2006.0,4.0,0.1998001998001998,58.21747576193483,2003.54849138,2015.2625,2002.79072917,2007.65533333,2.655333330000076,0.1324355775561135,1783322699999,2026-07-06 07:24:59 UTC,-1.6553333300000759,-0.08245107128296046,-0.0027426,0.0,-0.0027426,-0.00050129,0.00093029,-64.98344486511407,1783322699999,2026-07-06 07:24:59 UTC,692,-259.0,-27.23449001051525,34.607,-16.589,-32.40292210328931,69568.227,-33621.751000000004,-32.58238023851502,binance_kline_quote_asset_volume,0.05001011560693642,100.53211994219653,14.0,0.6989515726410384,3.0,0.14977533699450823,3.0,0.14977533699450823,10.0,71.42857142857143,1.0,7.142857142857142,0.2857142857142857,18.358,16.249,53.04707140173953,46.95292859826046,36913.549,-113.02200000000448,-0.3052456572335701,32654.678,-33508.72900000001,-50.645410385230015,53.060931105804954,46.939068894195046,1.1297926026217,1.1304214667191022,4258.870999999999,6.121862211609906,1225.34,2456806.7,8.896999999999935,0.7313947303737154,-1624.6029999996535,-0.0660829122219997,1.8369,0.01200000000000001,0.657570277823443,64.75,35.25,1.1216,0.0009999999999998899,0.08923790826342047,52.87,47.13,1.551,-0.013100000000000112,-0.8375423566268213,60.8,39.2,-0.7153,-0.28590000000000004,0.4294,1783296000000,2026-07-06 00:00:00 UTC,-8.185e-05,1868.0
FINAL_REAL_MARK_PREMIUM_CLOSED_GUARD_2026_06_13,1783322700000,2026-07-06 07:25:00 UTC,YFIUSDT,1783322700000,2026-07-06 07:25:00 UTC,1783322999999,2026-07-06 07:29:59 UTC,True,2006.0,2018.0,2003.0,2006.0,0.0,0.0,58.217475761934836,2007.65533333,2018.0,2003.0,2006.65833333,-0.9970000000000709,-0.04965991838581155,1783322999999,2026-07-06 07:29:59 UTC,-0.6583333300000049,-0.03280744504758401,-0.00068011,0.0,-0.00400068,-0.00400068,-0.0034993900000000002,698.0769614394861,1783322999999,2026-07-06 07:29:59 UTC,716,24.0,3.4682080924855487,34.688,0.08100000000000307,0.23405669373249074,69807.549,239.32200000000012,0.34401049203108214,binance_kline_quote_asset_volume,0.04844692737430168,97.49657681564246,15.0,0.7477567298105683,0.0,0.0,0.0,0.0,12.0,80.0,3.0,20.0,0.2,18.748,15.940000000000001,54.04750922509225,45.95249077490775,37741.482,827.9330000000045,2.242897316646537,32066.066999999995,-588.6110000000044,-1.802531937384299,54.06504388228844,45.934956117711565,1.1761606022584692,1.176991303610761,5675.415000000008,8.130087764576878,1236.966,2483401.38704788,11.625999999999976,0.9487978846687432,26594.687047879677,1.0824900081833737,1.8201,-0.016799999999999926,-0.9145843540747959,64.53999999999999,35.46,1.1384,0.016800000000000148,1.4978601997147065,53.239999999999995,46.760000000000005,1.5284,-0.022599999999999953,-1.457124435847837,60.45,39.550000000000004,-0.6817,-0.29170000000000007,0.3899999999999999,1783296000000,2026-07-06 00:00:00 UTC,-8.185e-05,1868.0
FINAL_REAL_MARK_PREMIUM_CLOSED_GUARD_2026_06_13,1783323000000,2026-07-06 07:30:00 UTC,YFIUSDT,1783323000000,2026-07-06 07:30:00 UTC,1783323299999,2026-07-06 07:34:59 UTC,True,2005.0,2007.0,1992.0,1995.0,-11.0,-0.5483549351944167,53.749092985953396,2006.22844828,2007.02585417,1994.16594828,1995.60229167,-11.056041659999892,-0.550967819302485,1783323299999,2026-07-06 07:34:59 UTC,-0.6022916700001133,-0.030180947001022508,-0.00319322,0.0,-0.00439644,-0.0002888,0.0037118800000000003,-92.78122719137747,1783323299999,2026-07-06 07:34:59 UTC,818,102.0,14.24581005586592,39.737,5.0489999999999995,14.555465867158668,79455.883,9648.334000000003,13.82133327729355,binance_kline_quote_asset_volume,0.048578239608801956,97.13433129584352,15.0,0.7481296758104738,-10.0,-0.4987531172069825,10.0,0.4987531172069825,2.0,13.333333333333334,3.0,20.0,0.2,15.317,24.42,38.54593955255807,61.454060447441925,30635.248,-7106.234000000004,-18.828709482049494,48820.635,16754.568000000007,52.25014966755982,38.5562992233061,61.44370077669391,0.6272317772317771,0.6275061354691515,-18185.387000000002,-22.88740155338781,1249.665,2507650.68612083,12.69900000000007,1.0266248223475885,24249.299072950147,0.9764550829125643,1.8201,0.0,0.0,64.53999999999999,35.46,1.1492,0.01079999999999992,0.9486999297259241,53.47,46.53,1.5381,0.009700000000000042,0.6346506150222482,60.6,39.4,-0.6709,-0.28200000000000003,0.3889,1783296000000,2026-07-06 00:00:00 UTC,-8.185e-05,1868.0
FINAL_REAL_MARK_PREMIUM_CLOSED_GUARD_2026_06_13,1783323300000,2026-07-06 07:35:00 UTC,YFIUSDT,1783323300000,2026-07-06 07:35:00 UTC,1783323599999,2026-07-06 07:39:59 UTC,True,1994.0,2000.0,1986.0,1997.0,2.0,0.10025062656641603,54.43388858352618,1995.60229167,2000.09013895,1988.21742708,1997.9,2.2977083299999777,0.11513858946700063,1783323599999,2026-07-06 07:39:59 UTC,-0.900000000000091,-0.04504729966465243,-0.00051951,0.0,-0.00143104,0.0,0.0002888,-100.0,1783323599999,2026-07-06 07:39:59 UTC,750,-68.0,-8.312958435207824,40.772,1.0349999999999966,2.6046254120844465,81294.441,1838.5580000000045,2.3139356465272742,binance_kline_quote_asset_volume,0.05436266666666666,108.392588,14.0,0.7021063189568706,3.0,0.15045135406218654,3.0,0.15045135406218654,3.0,21.428571428571427,8.0,57.14285714285714,0.7857142857142857,20.719,20.052999999999997,50.816736976356324,49.18326302364367,41333.711,10698.463000000003,34.92207081202673,39960.73,-8859.904999999999,-18.14786923603103,50.84444949932062,49.155550500679375,1.0332119882311877,1.034358256218042,1372.9809999999998,1.6888989986412473,1245.927,2486374.77645353,-3.7380000000000564,-0.29912016420401116,-21275.90966730006,-0.8484399276604385,1.8043,-0.015800000000000036,-0.8680841711993866,64.34,35.66,1.146,-0.0032000000000000917,-0.278454577097119,53.400000000000006,46.6,1.5361,-0.0020000000000000018,-0.13003055718093764,60.57,39.43,-0.6583000000000001,-0.2682,0.3901000000000001,1783296000000,2026-07-06 00:00:00 UTC,-8.185e-05,1868.0
FINAL_REAL_MARK_PREMIUM_CLOSED_GUARD_2026_06_13,1783323600000,2026-07-06 07:40:00 UTC,YFIUSDT,1783323600000,2026-07-06 07:40:00 UTC,1783323899999,2026-07-06 07:44:59 UTC,True,1998.0,2007.0,1988.0,2000.0,3.0,0.15022533800701052,55.49826104607836,1997.9,2006.75,1995.7274015,2002.58070833,4.680708330000016,0.2342814119825825,1783323899999,2026-07-06 07:44:59 UTC,-2.580708330000107,-0.12886912968178052,0.0,0.0,-0.00076977,-0.00056964,-0.00056964,,1783323899999,2026-07-06 07:44:59 UTC,814,64.0,8.533333333333333,56.994,16.222,39.78710880015697,113822.799,32528.357999999993,40.01301638816852,binance_kline_quote_asset_volume,0.07001719901719902,139.8314484029484,19.0,0.9509509509509511,2.0,0.10010010010010009,2.0,0.10010010010010009,7.0,36.84210526315789,10.0,52.63157894736842,0.631578947368421,19.625,37.369,34.43344913499667,65.56655086500334,39247.491,-2086.220000000001,-5.047260334306786,74575.30799999999,34614.57799999999,86.62148564353049,34.481221112828194,65.51877888717179,0.5251679199336349,0.5262799719177829,-35327.81699999999,-31.0375577743436,1242.012,2481415.7748,-3.9149999999999636,-0.31422386704838756,-4959.001653530169,-0.1994470705097604,1.8201,0.015800000000000036,0.8756858615529588,64.53999999999999,35.46,1.1467,0.000700000000000145,0.06108202443282243,53.42,46.58,1.5304,-0.005700000000000038,-0.3710695918234515,60.480000000000004,39.519999999999996,-0.6734,-0.28970000000000007,0.38369999999999993,1783296000000,2026-07-06 00:00:00 UTC,-8.185e-05,1868.0
FINAL_REAL_MARK_PREMIUM_CLOSED_GUARD_2026_06_13,1783323900000,2026-07-06 07:45:00 UTC,YFIUSDT,1783323900000,2026-07-06 07:45:00 UTC,1783324199999,2026-07-06 07:49:59 UTC,True,2001.0,2003.0,1986.0,1988.0,-12.0,-0.6,50.42441585016981,2002.58070833,2003.40575,1987.0,1989.61666667,-12.96404166000002,-0.6473667506170597,1783324199999,2026-07-06 07:49:59 UTC,-1.616666670000086,-0.08125518332663967,-0.00089472,0.0,-0.00453465,-0.0025027,-0.0019330600000000001,339.34765817007235,1783324199999,2026-07-06 07:49:59 UTC,627,-187.0,-22.972972972972975,30.949,-26.044999999999998,-45.69779275011404,61643.419,-52179.38,-45.842643528736275,binance_kline_quote_asset_volume,0.04936044657097289,98.31486283891547,17.0,0.8495752123938031,-13.0,-0.6496751624187905,13.0,0.6496751624187905,2.0,11.76470588235294,2.0,11.76470588235294,0.11764705882352941,13.367,17.582,43.19041002940322,56.80958997059678,26631.477,-12616.014000000003,-32.14476563610143,35011.942,-39563.36599999999,-53.051562321405356,43.202465781464845,56.79753421853515,0.7602661813218065,0.7606398125530996,-8380.465000000004,-13.595068437070312,1252.807,2508847.12946078,10.795000000000073,0.8691542432762384,27431.35466078017,1.105471922092182,1.8596,0.03949999999999987,2.1702104279984544,65.03,34.97,1.1199,-0.026800000000000157,-2.337141362169718,52.83,47.17,1.5687,0.0383,2.502613695765813,61.07,38.93,-0.7397,-0.29089999999999994,0.4488000000000001,1783296000000,2026-07-06 00:00:00 UTC,-8.185e-05,1868.0
FINAL_REAL_MARK_PREMIUM_CLOSED_GUARD_2026_06_13,1783324200000,2026-07-06 07:50:00 UTC,YFIUSDT,1783324200000,2026-07-06 07:50:00 UTC,1783324499999,2026-07-06 07:54:59 UTC,True,1987.0,1994.0,1967.0,1978.0,-10.0,-0.5030181086519114,46.60095952529755,1989.61666667,1994.0,1970.0,1978.0,-11.616666670000086,-0.5838645636921999,1783324499999,2026-07-06 07:54:59 UTC,0.0,0.0,-0.00254674,0.0,-0.00401349,0.0,0.0025027,-100.0,1783324499999,2026-07-06 07:54:59 UTC,1264,637.0,101.59489633173844,87.882,56.93300000000001,183.95747843225953,173973.506,112330.087,182.22559491711516,binance_kline_quote_asset_volume,0.06952689873417722,137.63726740506328,27.0,1.3588324106693508,-9.0,-0.45294413688978363,9.0,0.45294413688978363,7.0,25.925925925925924,11.0,40.74074074074074,0.4074074074074074,49.803,38.07900000000001,56.670307912883175,43.329692087116825,98673.293,72041.816,270.5137833699573,75300.21299999999,40288.270999999986,115.07008380169252,56.717425123340334,43.282574876659666,1.3078862365083113,1.3103985907715827,23373.080000000016,13.434850246680675,1249.484,2485994.1911375,-3.3230000000000928,-0.26524436724891326,-22852.938323279843,-0.9108940140243444,1.862,0.0024000000000001798,0.12906001290601096,65.06,34.94,1.1162,-0.0036999999999998145,-0.3303866416644178,52.75,47.25,1.5562,-0.012499999999999956,-0.7968381462357338,60.88,39.12,-0.7458,-0.30580000000000007,0.43999999999999995,1783296000000,2026-07-06 00:00:00 UTC,-8.185e-05,1868.0
FINAL_REAL_MARK_PREMIUM_CLOSED_GUARD_2026_06_13,1783324500000,2026-07-06 07:55:00 UTC,YFIUSDT,1783324500000,2026-07-06 07:55:00 UTC,1783324799999,2026-07-06 07:59:59 UTC,True,1977.0,1996.0,1977.0,1992.0,14.0,0.7077856420626896,52.07932389092287,1978.0,1996.4112679,1977.0,1992.53333333,14.533333330000005,0.7347489044489386,1783324799999,2026-07-06 07:59:59 UTC,-0.5333333300000049,-0.026766595121833034,0.0,0.0,-0.00113204,0.0,0.0,,1783324799999,2026-07-06 07:59:59 UTC,485,-779.0,-61.629746835443036,27.223,-60.659000000000006,-69.02323570241916,54088.188,-119885.318,-68.91010059888085,binance_kline_quote_asset_volume,0.056129896907216495,111.52203711340206,19.0,0.9610520991401114,15.0,0.7587253414264037,15.0,0.7587253414264037,4.0,21.052631578947366,0.0,0.0,0.7894736842105263,15.15,12.072999999999999,55.651471182456014,44.348528817543986,30105.064,-68568.229,-69.4901598145711,23983.124000000003,-51317.088999999985,-68.14999182007625,55.65922082655088,44.340779173449114,1.2548662304315417,1.2552603238844111,6121.939999999995,11.318441653101772,1228.4,2429775.2,-21.083999999999833,-1.6874165655582491,-56218.99113749992,-2.2614289018823555,1.8393,-0.022700000000000164,-1.2191192266380324,64.78,35.22,1.134,0.017799999999999816,1.5946962909872617,53.14,46.86,1.5221,-0.03410000000000002,-2.1912350597609573,60.35,39.65,-0.7053,-0.3171999999999999,0.3881000000000001,1783296000000,2026-07-06 00:00:00 UTC,-8.185e-05,1868.0
FINAL_REAL_MARK_PREMIUM_CLOSED_GUARD_2026_06_13,1783324800000,2026-07-06 08:00:00 UTC,YFIUSDT,1783324800000,2026-07-06 08:00:00 UTC,1783325099999,2026-07-06 08:04:59 UTC,True,1991.0,1996.0,1982.0,1994.0,2.0,0.1004016064257028,52.823928764457534,1992.53333333,1996.0,1986.45833333,1994.0,1.466666669999995,0.07360813721238199,1783325099999,2026-07-06 08:04:59 UTC,0.0,0.0,0.0,0.0,-0.00136112,-5.575e-05,-5.575e-05,,1783325099999,2026-07-06 08:04:59 UTC,504,19.0,3.917525773195876,21.485,-5.7379999999999995,-21.077765125078056,42725.764,-11362.423999999999,-21.007218803484413,binance_kline_quote_asset_volume,0.04262896825396825,84.77334126984128,14.0,0.7031642390758412,3.0,0.15067805123053743,3.0,0.15067805123053743,2.0,14.285714285714285,9.0,64.28571428571429,0.8571428571428571,10.723,10.761999999999999,49.90923900395625,50.09076099604375,21337.753,-8767.310999999998,-29.122379543853484,21388.011000000002,-2595.113000000001,-10.820579504154674,49.94118537002638,50.05881462997361,0.9963761382642633,0.9976501788782509,-50.25800000000163,-0.11762925994723376,1219.199,2429294.6474626,-9.201000000000022,-0.749023119505049,-480.55253740027547,-0.019777654220862712,1.8417,0.0023999999999999577,0.1304844234219517,64.81,35.19,1.1263,-0.007699999999999818,-0.6790123456789964,52.96999999999999,47.03,1.531,0.008899999999999908,0.5847184810459174,60.49,39.51,-0.7153999999999998,-0.3107,0.40469999999999984,1783324800000,2026-07-06 08:00:00 UTC,-0.00035539,1992.53333333
FINAL_REAL_MARK_PREMIUM_CLOSED_GUARD_2026_06_13,1783325100000,2026-07-06 08:05:00 UTC,YFIUSDT,1783325100000,2026-07-06 08:05:00 UTC,1783325399999,2026-07-06 08:09:59 UTC,True,1994.0,2006.0,1990.0,1995.0,1.0,0.05015045135406219,53.21536486119057,1994.0,2004.7731092,1991.3,1996.71814583,2.718145829999912,0.13631624022065758,1783325399999,2026-07-06 08:09:59 UTC,-1.7181458299999122,-0.08604849079917135,0.0,0.0,-0.00133038,-0.00111458,-0.00105883,1899.2466367713002,1783325399999,2026-07-06 08:09:59 UTC,774,270.0,53.57142857142857,42.677,21.192,98.63625785431697,85302.238,42576.473999999995,99.65058553429259,binance_kline_quote_asset_volume,0.055138242894056846,110.20960981912144,16.0,0.802407221664995,1.0,0.05015045135406219,1.0,0.05015045135406219,11.0,68.75,4.0,25.0,0.3125,21.073,21.604,49.37788504346604,50.622114956533956,42154.349,20816.596,97.55758256270002,43147.888999999996,21759.877999999993,101.73867032329463,49.417635443515564,50.582364556484436,0.9754212182929087,0.9769736127762823,-993.5399999999936,-1.164729112968869,1221.793,2436255.242,2.5939999999998236,0.21276264170162731,6960.594537400175,0.28652738953138196,1.845,0.0033000000000000806,0.17918227724385516,64.85,35.15,1.1222,-0.0040999999999999925,-0.3640237947260936,52.88,47.12,1.5407,0.009700000000000042,0.6335728282168546,60.64000000000001,39.36,-0.7227999999999999,-0.3043,0.41849999999999987,1783324800000,2026-07-06 08:00:00 UTC,-0.00035539,1992.53333333
FINAL_REAL_MARK_PREMIUM_CLOSED_GUARD_2026_06_13,1783325400000,2026-07-06 08:10:00 UTC,YFIUSDT,1783325400000,2026-07-06 08:10:00 UTC,1783325699999,2026-07-06 08:14:59 UTC,True,1996.0,2000.0,1990.0,1993.0,-2.0,-0.10025062656641603,52.28103980176475,1996.14902083,2000.46982759,1992.27801724,1994.39655172,-2.321594109999978,-0.11627049690756093,1783325699999,2026-07-06 08:14:59 UTC,-1.396551719999934,-0.07002377329601403,-0.00052551,0.0,-0.00238934,-0.00238934,-0.0012747600000000002,114.37133269931277,1783325699999,2026-07-06 08:14:59 UTC,415,-359.0,-46.382428940568474,17.795,-24.881999999999998,-58.303067225906226,35503.327,-49798.911,-58.37937218012967,binance_kline_quote_asset_volume,0.04287951807228916,85.55018554216866,10.0,0.501002004008016,-3.0,-0.15030060120240482,3.0,0.15030060120240482,4.0,40.0,3.0,30.0,0.3,9.886,7.9090000000000025,55.554931160438315,44.445068839561685,19733.11,-22421.239,-53.18843614451263,15770.216999999997,-27377.672,-63.45077971253704,55.58101639319606,44.41898360680394,1.249968390441269,1.2512896937309108,3962.8930000000037,11.162032786392114,1223.98,2443943.076133,2.1870000000001255,0.17899922490963083,7687.834133000113,0.3155594701435685,1.8401,-0.004899999999999904,-0.2655826558265531,64.79,35.21,1.1227,0.0004999999999999449,0.04455533772945508,52.89,47.11,1.5413,0.0005999999999999339,0.03894333744401467,60.650000000000006,39.35,-0.7174,-0.2988000000000002,0.41859999999999986,1783324800000,2026-07-06 08:00:00 UTC,-0.00035539,1992.53333333
FINAL_REAL_MARK_PREMIUM_CLOSED_GUARD_2026_06_13,1783325700000,2026-07-06 08:15:00 UTC,YFIUSDT,1783325700000,2026-07-06 08:15:00 UTC,1783325999999,2026-07-06 08:19:59 UTC,True,1992.0,2003.0,1985.0,1989.0,-4.0,-0.2007024586051179,50.37602004039124,1994.39655172,2002.0,1989.5,1989.5,-4.896551719999934,-0.24551545257020568,1783325999999,2026-07-06 08:19:59 UTC,-0.5,-0.025131942699170642,-0.002342,0.0,-0.002342,-0.00159798,0.0007913600000000003,-33.12044330233454,1783325999999,2026-07-06 08:19:59 UTC,766,351.0,84.57831325301206,53.078,35.283,198.274796291093,105756.566,70253.239,197.8779031046865,binance_kline_quote_asset_volume,0.06929242819843343,138.06340208877285,18.0,0.9036144578313252,-3.0,-0.15060240963855423,3.0,0.15060240963855423,11.0,61.111111111111114,4.0,22.22222222222222,0.2222222222222222,15.29,37.788000000000004,28.806661893816642,71.19333810618336,30487.49,10754.380000000001,54.49916409526933,75269.076,59498.859000000004,377.2862415273044,28.827987852782588,71.17201214721742,0.40462580713454,0.40504668876232786,-44781.585999999996,-42.34402429443482,1224.632,2442401.83792597,0.6520000000000437,0.053268844262164716,-1541.23820703011,-0.06306358859506576,1.8401,0.0,0.0,64.79,35.21,1.1231,0.00039999999999995595,0.03562839583147376,52.900000000000006,47.099999999999994,1.5355,-0.005799999999999805,-0.37630571595405216,60.56,39.44,-0.7170000000000001,-0.3046,0.4124000000000001,1783324800000,2026-07-06 08:00:00 UTC,-0.00035539,1992.53333333
FINAL_REAL_MARK_PREMIUM_CLOSED_GUARD_2026_06_13,1783326000000,2026-07-06 08:20:00 UTC,YFIUSDT,1783326000000,2026-07-06 08:20:00 UTC,1783326299999,2026-07-06 08:24:59 UTC,True,1990.0,1997.0,1977.0,1980.0,-9.0,-0.4524886877828055,46.28905619407554,1989.5,1996.50931559,1980.0,1980.0,-9.5,-0.4775069112842423,1783326299999,2026-07-06 08:24:59 UTC,0.0,0.0,-0.00142947,0.0,-0.00290867,-0.0025779,-0.0009799200000000002,61.32241955468781,1783326299999,2026-07-06 08:24:59 UTC,416,-350.0,-45.69190600522193,20.3,-32.778000000000006,-61.754399186103484,40315.966,-65440.600000000006,-61.878522039000394,binance_kline_quote_asset_volume,0.04879807692307692,96.91337980769231,20.0,1.0050251256281406,-10.0,-0.5025125628140703,10.0,0.5025125628140703,7.0,35.0,3.0,15.0,0.15,7.126,13.174,35.10344827586207,64.89655172413794,14180.412,-16307.078000000001,-53.48776826167061,26135.554,-49133.522,-65.27716907272782,35.17319168291788,64.82680831708211,0.5409139213602551,0.5425717013689475,-11955.142,-29.653616634164244,1215.439,2418115.8905,-9.192999999999984,-0.7506744883360865,-24285.947425969876,-0.9943469190390443,1.9019,0.061799999999999855,3.3585131242867154,65.53999999999999,34.46,1.0993,-0.023800000000000043,-2.1191345383314077,52.370000000000005,47.63,1.5961,0.06059999999999999,3.9465971996092466,61.480000000000004,38.519999999999996,-0.8026,-0.30579999999999985,0.49680000000000013,1783324800000,2026-07-06 08:00:00 UTC,-0.00035539,1992.53333333
FINAL_REAL_MARK_PREMIUM_CLOSED_GUARD_2026_06_13,1783326300000,2026-07-06 08:25:00 UTC,YFIUSDT,1783326300000,2026-07-06 08:25:00 UTC,1783326599999,2026-07-06 08:29:59 UTC,True,1980.0,2001.0,1979.0,2001.0,21.0,1.0606060606060608,55.384504887250515,1980.0,2001.16108716,1979.7875,2001.0,21.0,1.0606060606060608,1783326599999,2026-07-06 08:29:59 UTC,0.0,0.0,-0.00243484,0.0,-0.00243484,0.0,0.0025779,-100.0,1783326599999,2026-07-06 08:29:59 UTC,437,21.0,5.048076923076923,23.756,3.4559999999999995,17.024630541871918,47285.133,6969.167000000001,17.286369871430097,binance_kline_quote_asset_volume,0.054361556064073224,108.2039656750572,22.0,1.1111111111111112,21.0,1.0606060606060608,21.0,1.0606060606060608,0.0,0.0,1.0,4.545454545454546,1.0,15.179,8.577,63.89543694224618,36.10456305775383,30217.79,16037.378,113.09528947395886,17067.343,-9068.211,-34.69683864363464,63.905477436216586,36.09452256378342,1.7697330068788621,1.770503469696484,13150.447,27.810954872433157,1216.614,2408895.72,1.1749999999999545,0.09667288938399661,-9220.170500000007,-0.38129564162838897,1.8827,-0.019199999999999884,-1.0095167989904772,65.31,34.69,1.0905,-0.008799999999999919,-0.8005094150823178,52.16,47.839999999999996,1.5826,-0.013500000000000068,-0.8458116659357225,61.28,38.72,-0.7922,-0.30010000000000003,0.4921,1783324800000,2026-07-06 08:00:00 UTC,-0.00035539,1992.53333333
FINAL_REAL_MARK_PREMIUM_CLOSED_GUARD_2026_06_13,1783326600000,2026-07-06 08:30:00 UTC,YFIUSDT,1783326600000,2026-07-06 08:30:00 UTC,1783326899999,2026-07-06 08:34:59 UTC,True,2000.0,2004.0,1992.0,1994.0,-7.0,-0.3498250874562719,52.21067199848481,2001.0,2005.7375,1993.05010417,1994.0,-7.0,-0.3498250874562719,1783326899999,2026-07-06 08:34:59 UTC,0.0,0.0,0.0,0.0,-0.00272121,-0.00139301,-0.00139301,,1783326899999,2026-07-06 08:34:59 UTC,660,223.0,51.029748283752866,30.267,6.510999999999999,27.407812763091428,60502.266,13217.133000000002,27.95198440067833,binance_kline_quote_asset_volume,0.045859090909090905,91.6701,12.0,0.6,-6.0,-0.3,6.0,0.3,4.0,33.33333333333333,2.0,16.666666666666664,0.16666666666666666,14.987,15.28,49.51597449367298,50.48402550632702,29971.322,-246.46800000000076,-0.8156387346659062,30530.944000000003,13463.601000000002,78.88516097672614,49.537519801324464,50.46248019867554,0.980824607329843,0.9816703342025715,-559.622000000003,-0.9249603973510727,1212.819,2426850.819,-3.7950000000000728,-0.31193131099922183,17955.09899999993,0.7453663872174561,1.8752,-0.007500000000000062,-0.3983640516279844,65.22,34.78,1.0908,0.00029999999999996696,0.02751031636863521,52.17,47.83,1.5674,-0.015200000000000102,-0.9604448376090042,61.050000000000004,38.95,-0.7844,-0.3078000000000001,0.4765999999999999,1783324800000,2026-07-06 08:00:00 UTC,-0.00035539,1992.53333333
FINAL_REAL_MARK_PREMIUM_CLOSED_GUARD_2026_06_13,1783326900000,2026-07-06 08:35:00 UTC,YFIUSDT,1783326900000,2026-07-06 08:35:00 UTC,1783327199999,2026-07-06 08:39:59 UTC,True,1994.0,2003.0,1988.0,1997.0,3.0,0.15045135406218654,53.44206694817057,1994.0,2002.93277518,1991.075,1999.1234375,5.123437499999909,0.25694270310932343,1783327199999,2026-07-06 08:39:59 UTC,-2.123437499999909,-0.10621842854563147,-0.00107019,0.0,-0.00247177,-0.00084086,0.0005521500000000001,-39.63718853418138,1783327199999,2026-07-06 08:39:59 UTC,674,14.0,2.1212121212121215,34.817,4.550000000000001,15.032874087289791,69423.426,8921.160000000003,14.745166734746768,binance_kline_quote_asset_volume,0.05165727002967359,103.00211572700297,15.0,0.7522567703109327,3.0,0.15045135406218654,3.0,0.15045135406218654,6.0,40.0,6.0,40.0,0.6,14.752,20.064999999999998,42.37010655714163,57.62989344285837,29423.259,-548.0630000000019,-1.8286247099811008,40000.16700000001,9469.223000000005,31.015166121296495,42.38232063050302,57.61767936949699,0.7352105656615999,0.7355784039601633,-10576.90800000001,-15.235358738993968,1213.12,2418961.28,0.3009999999999309,0.024818212775354846,-7889.539000000339,-0.32509369501547175,1.8986,0.023400000000000087,1.247866894197957,65.5,34.5,1.0898,-0.0009999999999998899,-0.09167583425008158,52.15,47.85,1.5773,0.00990000000000002,0.6316192420569108,61.199999999999996,38.800000000000004,-0.8088,-0.32130000000000014,0.4874999999999998,1783324800000,2026-07-06 08:00:00 UTC,-0.00035539,1992.53333333
FINAL_REAL_MARK_PREMIUM_CLOSED_GUARD_2026_06_13,1783327200000,2026-07-06 08:40:00 UTC,YFIUSDT,1783327200000,2026-07-06 08:40:00 UTC,1783327499999,2026-07-06 08:44:59 UTC,True,1998.0,2000.0,1987.0,1993.0,-4.0,-0.20030045067601399,51.53531245733013,1999.1234375,2002.2,1989.0,1996.0875,-3.035937499999818,-0.15186343389562798,1783327499999,2026-07-06 08:44:59 UTC,-3.087500000000091,-0.15467758803159135,-0.0007646,-0.00062902,-0.00415505,-0.00180124,-0.0009603799999999999,114.21401898056752,1783327499999,2026-07-06 08:44:59 UTC,490,-184.0,-27.299703264094955,16.974,-17.843,-51.24795358589195,33850.587,-35572.83900000001,-51.24039686546153,binance_kline_quote_asset_volume,0.03464081632653061,69.08283061224489,13.0,0.6506506506506506,-5.0,-0.2502502502502503,5.0,0.2502502502502503,2.0,15.384615384615385,6.0,46.15384615384615,0.46153846153846156,6.773,10.201,39.902203369859784,60.09779663014022,13515.705,-15907.553999999998,-54.064554847578236,20334.881999999998,-19665.28500000001,-49.16300724444477,39.92753508233107,60.072464917668924,0.6639545142633074,0.6646561804489449,-6819.176999999998,-20.14492983533786,1209.802,2418543.53293438,-3.3179999999999836,-0.2735096280664719,-417.74706561956555,-0.01726968798853885,1.8944,-0.0041999999999999815,-0.22121563257136737,65.45,34.55,1.0819,-0.007900000000000018,-0.7249036520462486,51.970000000000006,48.03,1.582,0.0047000000000001485,0.29797755658404546,61.27,38.73,-0.8125,-0.3124,0.5001,1783324800000,2026-07-06 08:00:00 UTC,-0.00035539,1992.53333333
FINAL_REAL_MARK_PREMIUM_CLOSED_GUARD_2026_06_13,1783327500000,2026-07-06 08:45:00 UTC,YFIUSDT,1783327500000,2026-07-06 08:45:00 UTC,1783327799999,2026-07-06 08:49:59 UTC,True,1994.0,1998.0,1985.0,1988.0,-5.0,-0.2508780732563974,49.17354182554403,1996.0875,1998.0,1986.09166667,1989.0,-7.087500000000091,-0.35506960491461875,1783327799999,2026-07-06 08:49:59 UTC,-1.0,-0.050276520864756154,-0.00219247,-0.00100851,-0.00472203,-0.00260349,-0.00080225,44.53876218604961,1783327799999,2026-07-06 08:49:59 UTC,356,-134.0,-27.346938775510203,12.072,-4.902000000000001,-28.879462707670562,24026.153,-9824.434000000001,-29.02293540729442,binance_kline_quote_asset_volume,0.03391011235955056,67.48919382022471,13.0,0.6519558676028084,-6.0,-0.3009027081243731,6.0,0.3009027081243731,4.0,30.76923076923077,3.0,23.076923076923077,0.23076923076923078,5.567,6.504999999999999,46.11497680583168,53.88502319416831,11085.04,-2430.664999999999,-17.984004533984717,12941.112999999998,-7393.769,-36.36002903778837,46.137390367904516,53.862609632095484,0.855803228285934,0.8565754738406196,-1856.0729999999967,-7.7252192641909705,1212.001,2419260.0460875,2.199000000000069,0.18176528059964103,716.513153119944,0.029625811707040477,1.8827,-0.011700000000000044,-0.6176097972972996,65.31,34.69,1.0791,-0.0028000000000001357,-0.25880395600334,51.9,48.1,1.5727,-0.009300000000000086,-0.587863463969664,61.129999999999995,38.87,-0.8036000000000001,-0.31000000000000005,0.49360000000000004,1783324800000,2026-07-06 08:00:00 UTC,-0.00035539,1992.53333333
FINAL_REAL_MARK_PREMIUM_CLOSED_GUARD_2026_06_13,1783327800000,2026-07-06 08:50:00 UTC,YFIUSDT,1783327800000,2026-07-06 08:50:00 UTC,1783328099999,2026-07-06 08:54:59 UTC,True,1988.0,1994.0,1982.0,1983.0,-5.0,-0.2515090543259557,46.86079983905965,1988.3625,1993.0,1983.17672414,1983.17672414,-5.823275859999967,-0.2927740502765192,1783328099999,2026-07-06 08:54:59 UTC,-0.176724140000033,-0.008911164489219638,-0.00331245,-0.00040182,-0.00396505,-0.00107198,0.00153151,-58.825269157937996,1783328099999,2026-07-06 08:54:59 UTC,483,127.0,35.674157303370784,26.539,14.467000000000002,119.8392975480451,52787.529,28761.376000000004,119.70861918676705,binance_kline_quote_asset_volume,0.054946169772256734,109.29095031055901,12.0,0.6036217303822937,-5.0,-0.2515090543259557,5.0,0.2515090543259557,6.0,50.0,1.0,8.333333333333332,0.08333333333333333,14.517,12.022000000000002,54.70062926259467,45.29937073740533,28890.298,17805.257999999998,160.62421064786412,23897.231000000003,10956.118000000006,84.6613270435086,54.72940019601978,45.27059980398022,1.2075361836632836,1.20893914445569,4993.0669999999955,9.458800392039558,1211.25,2409176.25,-0.7509999999999764,-0.06196364524451518,-10083.796087500174,-0.4168132360887781,1.8769,-0.005800000000000027,-0.30806819992564016,65.24,34.760000000000005,1.0781,-0.0009999999999998899,-0.09266981744044944,51.88,48.120000000000005,1.574,0.0013000000000000789,0.08266039295479613,61.150000000000006,38.85,-0.7988,-0.30289999999999995,0.4959,1783324800000,2026-07-06 08:00:00 UTC,-0.00035539,1992.53333333
FINAL_REAL_MARK_PREMIUM_CLOSED_GUARD_2026_06_13,1783328100000,2026-07-06 08:55:00 UTC,YFIUSDT,1783328100000,2026-07-06 08:55:00 UTC,1783328399999,2026-07-06 08:59:59 UTC,True,1984.0,1996.0,1983.0,1990.0,7.0,0.3530005042864347,50.3794038328686,1983.17672414,1996.0,1983.05416667,1992.6875,9.510775859999967,0.47957278563383166,1783328399999,2026-07-06 08:59:59 UTC,-2.6875,-0.13486811153279177,-0.00110561,0.0,-0.00174277,-0.00153818,-0.00046620000000000016,43.48961734360717,1783328399999,2026-07-06 08:59:59 UTC,283,-200.0,-41.40786749482402,13.569,-12.97,-48.87147217302837,26997.774,-25789.755,-48.85577235486814,binance_kline_quote_asset_volume,0.0479469964664311,95.39849469964665,13.0,0.655241935483871,6.0,0.3024193548387097,6.0,0.3024193548387097,6.0,46.15384615384615,1.0,7.6923076923076925,0.5384615384615384,10.697,2.8720000000000017,78.83410715601738,21.16589284398262,21278.433,-7611.864999999998,-26.34747831261553,5719.341,-18177.890000000003,-76.0669300974661,78.81550901196522,21.184490988034792,3.7245821727019472,3.7204343996974476,15559.092,57.631018023930416,1207.652,2394987.33726112,-3.5979999999999563,-0.2970485036119675,-14188.912738880143,-0.5889528729531575,1.8752,-0.0017000000000000348,-0.09057488411742953,65.22,34.78,1.0761,-0.0020000000000000018,-0.185511548093869,51.83,48.17,1.5667,-0.007300000000000084,-0.46378653113088203,61.040000000000006,38.96,-0.7990999999999999,-0.3085,0.4905999999999999,1783324800000,2026-07-06 08:00:00 UTC,-0.00035539,1992.53333333
FINAL_REAL_MARK_PREMIUM_CLOSED_GUARD_2026_06_13,1783328400000,2026-07-06 09:00:00 UTC,YFIUSDT,1783328400000,2026-07-06 09:00:00 UTC,1783328699999,2026-07-06 09:04:59 UTC,True,1991.0,2005.0,1989.0,2003.0,13.0,0.6532663316582915,56.18218379998872,1992.17916667,2006.74525,1990.80416667,2006.74525,14.057749999999942,0.7054668632186403,1783328699999,2026-07-06 09:04:59 UTC,-3.745249999999942,-0.18663305668718747,-0.00148621,0.0,-0.00170162,-0.00098978,0.0005484000000000001,-35.6525244119674,1783328699999,2026-07-06 09:04:59 UTC,607,324.0,114.48763250883391,27.523,13.953999999999999,102.83734984155058,55032.6,28034.825999999997,103.84125002305744,binance_kline_quote_asset_volume,0.045342668863261944,90.66326194398683,16.0,0.803616273229533,12.0,0.6027122049221497,12.0,0.6027122049221497,2.0,12.5,2.0,12.5,0.875,17.262,10.261,62.71845365694146,37.28154634305853,34535.365,13256.931999999997,62.30220054268092,20497.235,14777.894,258.3845586405846,62.754376496840045,37.24562350315995,1.6822921742520225,1.6848792044390377,14038.129999999997,25.508752993680105,1204.373,2399939.0224375,-3.2789999999999964,-0.27151861629012297,4951.685176379979,0.20675203995202202,1.8466,-0.02859999999999996,-1.5251706484641616,64.87,35.13,1.0722,-0.0039000000000000146,-0.36241984945637157,51.739999999999995,48.26,1.5361,-0.03059999999999996,-1.9531499329801467,60.57,39.43,-0.7744,-0.3105,0.4639,1783324800000,2026-07-06 08:00:00 UTC,-0.00035539,1992.53333333
FINAL_REAL_MARK_PREMIUM_CLOSED_GUARD_2026_06_13,1783328700000,2026-07-06 09:05:00 UTC,YFIUSDT,1783328700000,2026-07-06 09:05:00 UTC,1783328999999,2026-07-06 09:09:59 UTC,True,2005.0,2062.0,2003.0,2051.0,48.0,2.3964053919121318,70.09030962305799,2006.74525,2057.0,2006.0,2049.55293278,42.80768278000005,2.1331896901213567,1783328999999,2026-07-06 09:09:59 UTC,1.447067220000008,0.070604042318498,-0.00239421,0.00536143,-0.00267304,-0.00177439,-0.00078461,79.27115116490533,1783328999999,2026-07-06 09:09:59 UTC,2962,2355.0,387.97364085667215,197.587,170.064,617.897758238564,402083.16,347050.56,630.6272282247251,binance_kline_quote_asset_volume,0.06670729237002025,135.74718433490884,59.0,2.942643391521197,46.0,2.29426433915212,46.0,2.29426433915212,11.0,18.64406779661017,2.0,3.389830508474576,0.8135593220338984,122.935,74.65199999999999,62.2181621260508,37.78183787394919,250055.899,215520.534,624.0574958452011,152027.26099999997,131530.02599999995,641.6964336897145,62.19009495448653,37.80990504551347,1.646774366393399,1.6448096042459126,98028.63800000004,24.38018990897307,1213.203,2434589.35753575,8.829999999999927,0.7331615703772774,34650.3350982503,1.4438006455288044,1.8289,-0.01770000000000005,-0.9585183580634706,64.64999999999999,35.35,1.0719,-0.00029999999999996696,-0.027979854504753494,51.73,48.27,1.524,-0.0121,-0.7877091335199531,60.38,39.62,-0.7569999999999999,-0.30489999999999995,0.45209999999999995,1783324800000,2026-07-06 08:00:00 UTC,-0.00035539,1992.53333333
FINAL_REAL_MARK_PREMIUM_CLOSED_GUARD_2026_06_13,1783329000000,2026-07-06 09:10:00 UTC,YFIUSDT,1783329000000,2026-07-06 09:10:00 UTC,1783329299999,2026-07-06 09:14:59 UTC,True,2052.0,2056.0,2009.0,2012.0,-39.0,-1.901511457825451,54.85525068203595,2049.74892241,2052.67708546,2011.0,2011.0,-38.55293277999999,-1.881041087712092,1783329299999,2026-07-06 09:14:59 UTC,1.0,0.04972650422675286,0.0,0.0,-0.0043504,-0.00204827,-0.00027388,15.435163633699467,1783329299999,2026-07-06 09:14:59 UTC,2663,-299.0,-10.094530722484807,165.485,-32.101999999999975,-16.247020299918503,335576.576,-66506.58399999997,-16.54050470554399,binance_kline_quote_asset_volume,0.06214232069095006,126.01448591813744,47.0,2.290448343079922,-40.0,-1.949317738791423,40.0,1.949317738791423,4.0,8.51063829787234,3.0,6.382978723404255,0.06382978723404255,63.064,102.42100000000002,38.10858990240807,61.89141009759194,127932.173,-122123.72600000001,-48.83857029103721,207644.403,55617.14200000002,36.58366376803963,38.12309384788526,61.87690615211474,0.6157331016100213,0.6161118294144436,-79712.23,-23.753812304229484,1258.31,2578972.9508464,45.10699999999997,3.7180092696770424,144383.59331064997,5.930511150216831,1.7925,-0.03639999999999999,-1.990267373831264,64.19,35.809999999999995,1.0671,-0.0048000000000001375,-0.4478029666946671,51.62,48.38,1.5297,0.005700000000000038,0.37401574803149856,60.47,39.53,-0.7254,-0.2627999999999999,0.4626000000000001,1783324800000,2026-07-06 08:00:00 UTC,-0.00035539,1992.53333333
FINAL_REAL_MARK_PREMIUM_CLOSED_GUARD_2026_06_13,1783329300000,2026-07-06 09:15:00 UTC,YFIUSDT,1783329300000,2026-07-06 09:15:00 UTC,1783329599999,2026-07-06 09:19:59 UTC,True,2012.0,2019.0,1994.0,2006.0,-6.0,-0.2982107355864811,52.948426947089274,2012.0,2023.23135417,1995.0,2005.0,-6.0,-0.29835902536051717,1783329599999,2026-07-06 09:19:59 UTC,1.0,0.04987531172069825,-0.00139723,0.0,-0.00492649,-0.00135831,0.0006899600000000001,-33.685012229832985,1783329599999,2026-07-06 09:19:59 UTC,2082,-581.0,-21.817499061209162,120.943,-44.542000000000016,-26.9160346859232,242732.298,-92844.27799999999,-27.667091400324672,binance_kline_quote_asset_volume,0.05808981748318924,116.5861181556196,25.0,1.242544731610338,-6.0,-0.2982107355864811,6.0,0.2982107355864811,7.0,28.000000000000004,12.0,48.0,0.48,52.253,68.69,43.204650124438785,56.79534987556122,104911.298,-23020.875,-17.99459390094156,137821.0,-69823.40299999999,-33.62643152967624,43.22098825101553,56.779011748984466,0.7607075265686417,0.7612141691034022,-32909.702000000005,-13.558023497968946,1279.296,2572664.256,20.986000000000104,1.667792515357909,-6308.69484640006,-0.24462043482579343,1.8409,0.0484,2.700139470013947,64.8,35.199999999999996,1.0711,0.0040000000000000036,0.37484771811451634,51.72,48.28,1.576,0.04630000000000001,3.026737268745506,61.18,38.82,-0.7698,-0.2648999999999999,0.5049000000000001,1783324800000,2026-07-06 08:00:00 UTC,-0.00035539,1992.53333333
FINAL_REAL_MARK_PREMIUM_CLOSED_GUARD_2026_06_13,1783329600000,2026-07-06 09:20:00 UTC,YFIUSDT,1783329600000,2026-07-06 09:20:00 UTC,1783329899999,2026-07-06 09:24:59 UTC,True,2004.0,2005.0,1985.0,2001.0,-5.0,-0.24925224327018944,51.34662904905412,2006.0,2006.0,1991.0,1998.0,-7.0,-0.3491271820448878,1783329899999,2026-07-06 09:24:59 UTC,3.0,0.15015015015015015,-0.00107309,0.0,-0.00382649,-0.00070767,0.00065064,-47.900700134726236,1783329899999,2026-07-06 09:24:59 UTC,1234,-848.0,-40.73006724303554,67.978,-52.965,-43.79335720132625,135612.479,-107119.81900000002,-44.13084697941599,binance_kline_quote_asset_volume,0.05508752025931928,109.89666045380875,20.0,0.998003992015968,-3.0,-0.14970059880239522,3.0,0.14970059880239522,1.0,5.0,16.0,80.0,0.8,29.822,38.15599999999999,43.87007561269823,56.12992438730176,59542.531,-45368.76699999999,-43.244881976391135,76069.94799999999,-61751.05200000001,-44.805256093048236,43.90638047402703,56.09361952597297,0.7815808784987945,0.7827339516519718,-16527.416999999987,-12.18723905194594,1277.877,2562143.385,-1.4190000000000964,-0.11092038120967285,-10520.871000000276,-0.4089484656018899,1.8506,0.009700000000000042,0.5269161823021371,64.92,35.08,1.0747,0.0036000000000000476,0.3361030716086311,51.800000000000004,48.199999999999996,1.5793,0.0032999999999998586,0.20939086294415346,61.23,38.769999999999996,-0.7759,-0.2713000000000001,0.5045999999999999,1783324800000,2026-07-06 08:00:00 UTC,-0.00035539,1992.53333333
FINAL_REAL_MARK_PREMIUM_CLOSED_GUARD_2026_06_13,1783329900000,2026-07-06 09:25:00 UTC,YFIUSDT,1783329900000,2026-07-06 09:25:00 UTC,1783330199999,2026-07-06 09:29:59 UTC,True,2001.0,2006.0,1991.0,2006.0,5.0,0.24987506246876562,52.88170171257957,2001.0,2006.0,1995.92916667,2006.0,8.0,0.40040040040040037,1783330199999,2026-07-06 09:29:59 UTC,0.0,0.0,0.0,0.0,-0.00304889,0.0,0.00070767,-100.0,1783330199999,2026-07-06 09:29:59 UTC,526,-708.0,-57.37439222042139,39.131,-28.846999999999994,-42.435788049074695,78270.0,-57342.47899999999,-42.28407254468078,binance_kline_quote_asset_volume,0.074393536121673,148.8022813688213,15.0,0.7496251874062968,5.0,0.24987506246876562,5.0,0.24987506246876562,0.0,0.0,10.0,66.66666666666666,1.0,18.261,20.87,46.66632593084766,53.33367406915234,36556.768,-22985.763000000006,-38.60394009787727,41713.232,-34356.715999999986,-45.16463715736994,46.70597674715727,53.29402325284273,0.874988021082894,0.876383014387377,-5156.464000000007,-6.588046505685457,1267.711,2536689.711,-10.16599999999994,-0.7955382247274143,-25453.67399999965,-0.993452362932438,1.8329,-0.01770000000000005,-0.9564465578731248,64.7,35.3,1.0639,-0.01079999999999992,-1.004931608821059,51.55,48.449999999999996,1.5773,-0.0020000000000000018,-0.12663838409421907,61.199999999999996,38.800000000000004,-0.7689999999999999,-0.25560000000000005,0.5133999999999999,1783324800000,2026-07-06 08:00:00 UTC,-0.00035539,1992.53333333
FINAL_REAL_MARK_PREMIUM_CLOSED_GUARD_2026_06_13,1783330200000,2026-07-06 09:30:00 UTC,YFIUSDT,1783330200000,2026-07-06 09:30:00 UTC,1783330499999,2026-07-06 09:34:59 UTC,True,2007.0,2013.0,1990.0,2005.0,-1.0,-0.049850448654037885,52.52476207774922,2006.0,2013.0,1993.0,2005.12453125,-0.8754687499999818,-0.043642509970088825,1783330499999,2026-07-06 09:34:59 UTC,-0.12453125000001819,-0.006210649167131034,0.0,0.0,-0.00456747,-0.00093428,-0.00093428,,1783330499999,2026-07-06 09:34:59 UTC,963,437.0,83.07984790874525,80.664,41.533,106.13835577930541,161514.368,83244.36799999999,106.35539542608916,binance_kline_quote_asset_volume,0.0837632398753894,167.72000830737278,23.0,1.14598903836572,-2.0,-0.0996512207274539,2.0,0.0996512207274539,6.0,26.08695652173913,15.0,65.21739130434783,0.6521739130434783,47.084,33.58,58.37052464544282,41.62947535455717,94313.977,57757.209,157.99320388498242,67200.39099999999,25487.158999999985,61.100897192526304,58.393552330898515,41.606447669101485,1.4021441334127458,1.4034736345507277,27113.58600000001,16.78710466179703,1285.926,2579567.556,18.214999999999918,1.4368416776378778,42877.84499999974,1.6903070491462144,1.8305,-0.0023999999999999577,-0.1309400403731768,64.67,35.33,1.078,0.014100000000000001,1.3253125293730614,51.88,48.120000000000005,1.5654,-0.011900000000000022,-0.7544538134787309,61.019999999999996,38.98,-0.7525,-0.2651000000000001,0.48739999999999983,1783324800000,2026-07-06 08:00:00 UTC,-0.00035539,1992.53333333
FINAL_REAL_MARK_PREMIUM_CLOSED_GUARD_2026_06_13,1783330500000,2026-07-06 09:35:00 UTC,YFIUSDT,1783330500000,2026-07-06 09:35:00 UTC,1783330799999,2026-07-06 09:39:59 UTC,True,2005.0,2013.0,2003.0,2009.0,4.0,0.199501246882793,53.866148004441435,2005.12453125,2013.0,2004.63333333,2012.0,6.875468749999982,0.34289484981333285,1783330799999,2026-07-06 09:39:59 UTC,-3.0,-0.14910536779324055,-0.00091032,0.0,-0.0020275,-0.00128652,-0.00035224,37.70175964378987,1783330799999,2026-07-06 09:39:59 UTC,534,-429.0,-44.54828660436137,29.701,-50.963,-63.179361301200046,59653.587,-101860.78099999999,-63.06608028828742,binance_kline_quote_asset_volume,0.055619850187265917,111.71083707865168,10.0,0.4987531172069825,4.0,0.199501246882793,4.0,0.199501246882793,4.0,40.0,2.0,20.0,0.6,15.408,14.293000000000001,51.87704117706474,48.12295882293526,30950.436,-63363.541,-67.18361690971848,28703.150999999998,-38497.23999999999,-57.28722620081184,51.88361263170981,48.116387368290184,1.0780102147904567,1.0782940172666062,2247.2850000000035,3.767225263419622,1288.698,2583999.97317281,2.772000000000162,0.21556450371173472,4432.417172810063,0.17182791598151356,1.8185,-0.01200000000000001,-0.6555585905490309,64.52,35.480000000000004,1.1009,0.02289999999999992,2.1243042671614023,52.400000000000006,47.599999999999994,1.5445,-0.02089999999999992,-1.3351220135428594,60.699999999999996,39.300000000000004,-0.7176,-0.274,0.4436,1783324800000,2026-07-06 08:00:00 UTC,-0.00035539,1992.53333333
FINAL_REAL_MARK_PREMIUM_CLOSED_GUARD_2026_06_13,1783330800000,2026-07-06 09:40:00 UTC,YFIUSDT,1783330800000,2026-07-06 09:40:00 UTC,1783331099999,2026-07-06 09:44:59 UTC,True,2011.0,2018.0,2008.0,2010.0,1.0,0.049776007964161276,54.21443707461428,2011.0428125,2018.35560345,2010.61666667,2011.95,-0.049999999999954525,-0.0024850894632184157,1783331099999,2026-07-06 09:44:59 UTC,-1.9500000000000455,-0.09692089763662344,-0.00171066,-1.758e-05,-0.00298829,-0.00246079,-0.00117427,91.27491216615365,1783331099999,2026-07-06 09:44:59 UTC,737,203.0,38.01498127340824,42.785,13.083999999999996,44.052388808457614,86163.405,26509.818,44.439604277275066,binance_kline_quote_asset_volume,0.0580529172320217,116.9109972862958,10.0,0.49726504226752855,-1.0,-0.04972650422675286,1.0,0.04972650422675286,7.0,70.0,2.0,20.0,0.2,18.84,23.944999999999997,44.03412410891668,55.965875891083314,37967.499,7017.063000000002,22.67193586545922,48195.905999999995,19492.754999999997,67.91155089557937,44.06452948325337,55.93547051674663,0.7868030904155358,0.7877743599217745,-10228.406999999992,-11.87094103349327,1289.0,2593468.0,0.30199999999990723,0.023434505213782222,9468.026827190071,0.3664097107386804,1.8377,0.019199999999999884,1.055815232334335,64.75999999999999,35.24,1.1104,0.009500000000000064,0.8629303297302265,52.62,47.38,1.5445,0.0,0.0,60.699999999999996,39.300000000000004,-0.7272999999999998,-0.2931999999999999,0.43409999999999993,1783324800000,2026-07-06 08:00:00 UTC,-0.00035539,1992.53333333
FINAL_REAL_MARK_PREMIUM_CLOSED_GUARD_2026_06_13,1783331100000,2026-07-06 09:45:00 UTC,YFIUSDT,1783331100000,2026-07-06 09:45:00 UTC,1783331399999,2026-07-06 09:49:59 UTC,True,2011.0,2018.0,2006.0,2014.0,4.0,0.1990049751243781,55.65653395925744,2011.95,2017.0,2006.0,2014.39479167,2.4447916699998586,0.12151354009790793,1783331399999,2026-07-06 09:49:59 UTC,-0.3947916699999041,-0.019598525156660516,-0.00240296,0.0,-0.00459704,-0.00026957,0.00219122,-89.04538786324716,1783331399999,2026-07-06 09:49:59 UTC,592,-145.0,-19.674355495251017,45.434,2.649000000000001,6.191422227416153,91392.442,5229.036999999997,6.068744613795145,binance_kline_quote_asset_volume,0.07674662162162162,154.379125,12.0,0.5967180507210343,3.0,0.14917951268025859,3.0,0.14917951268025859,4.0,33.33333333333333,5.0,41.66666666666667,0.6666666666666666,27.526,17.907999999999998,60.5845842320729,39.4154157679271,55406.224,17438.725,45.930665593749005,35986.21799999999,-12209.688000000002,-25.333454671440357,60.62451422405367,39.37548577594632,1.5370784007147646,1.5396512075817472,19420.00600000001,21.24902844810735,1277.168,2569598.1576,-11.832000000000107,-0.9179208688906213,-23869.842399999965,-0.9203831471990387,1.8563,0.018600000000000172,1.0121347336344437,64.99000000000001,35.010000000000005,1.0968,-0.013600000000000056,-1.2247838616714748,52.31,47.69,1.5727,0.028200000000000003,1.8258336031078022,61.129999999999995,38.87,-0.7595000000000001,-0.2836000000000001,0.4759,1783324800000,2026-07-06 08:00:00 UTC,-0.00035539,1992.53333333
FINAL_REAL_MARK_PREMIUM_CLOSED_GUARD_2026_06_13,1783331400000,2026-07-06 09:50:00 UTC,YFIUSDT,1783331400000,2026-07-06 09:50:00 UTC,1783331699999,2026-07-06 09:54:59 UTC,True,2015.0,2023.0,2011.0,2023.0,9.0,0.4468718967229395,58.800817353682625,2014.5169181,2022.21875,2013.78333333,2022.0,7.605208330000096,0.3775430894405325,1783331699999,2026-07-06 09:54:59 UTC,1.0,0.04945598417408506,-0.00044196,0.0,-0.0022435,-0.00147685,-0.00120728,447.8539896872797,1783331699999,2026-07-06 09:54:59 UTC,438,-154.0,-26.013513513513516,29.15,-16.284,-35.84100013205969,58792.201,-32600.240999999995,-35.67060939240468,binance_kline_quote_asset_volume,0.06655251141552511,134.2287694063927,12.0,0.5955334987593052,8.0,0.39702233250620345,8.0,0.39702233250620345,0.0,0.0,4.0,33.33333333333333,1.0,19.815,9.334999999999997,67.97598627787308,32.024013722126924,39986.664,-15419.560000000005,-27.830014187575756,18805.537000000004,-17180.68099999999,-47.74239126767918,68.01355166138447,31.98644833861553,2.1226566684520627,2.1263239651172943,21181.126999999993,36.02710332276894,1279.221,2576856.11979489,2.053000000000111,0.1607462761359595,7257.962194889784,0.2824551447246019,1.8305,-0.025800000000000045,-1.3898615525507756,64.67,35.33,1.0842,-0.012599999999999945,-1.148796498905903,52.019999999999996,47.980000000000004,1.5595,-0.013199999999999878,-0.8393209130794098,60.92999999999999,39.07,-0.7463,-0.2709999999999999,0.47530000000000006,1783324800000,2026-07-06 08:00:00 UTC,-0.00035539,1992.53333333
FINAL_REAL_MARK_PREMIUM_CLOSED_GUARD_2026_06_13,1783331700000,2026-07-06 09:55:00 UTC,YFIUSDT,1783331700000,2026-07-06 09:55:00 UTC,1783331999999,2026-07-06 09:59:59 UTC,True,2023.0,2044.0,2022.0,2041.0,18.0,0.8897676717745922,64.25927650616792,2023.0,2041.0,2022.74166667,2041.0,19.0,0.9396636993076163,1783331999999,2026-07-06 09:59:59 UTC,0.0,0.0,-0.0001354,0.0,-0.00289974,0.0,0.00147685,-100.0,1783331999999,2026-07-06 09:59:59 UTC,964,526.0,120.09132420091323,72.856,43.705999999999996,149.93481989708403,148051.721,89259.51999999999,151.82204183850845,binance_kline_quote_asset_volume,0.07557676348547718,153.5806234439834,22.0,1.0874938210578349,18.0,0.8897676717745922,18.0,0.8897676717745922,3.0,13.636363636363635,1.0,4.545454545454546,0.8636363636363636,45.661,27.194999999999993,62.67294388931591,37.32705611068408,92846.03,52859.366,132.19248797549105,55205.69099999999,36400.15399999999,193.56083264200313,62.71188836771442,37.28811163228558,1.6790218790218796,1.6818199051253613,37640.33900000001,25.423776735428838,1275.067,2578185.474,-4.153999999999996,-0.3247288779655741,1329.3542051101103,0.05158822003674474,1.8153,-0.015200000000000102,-0.8303742146954439,64.48,35.52,1.0904,0.006199999999999983,0.5718502121379804,52.16,47.839999999999996,1.5394,-0.020100000000000007,-1.2888746393074706,60.62,39.379999999999995,-0.7248999999999999,-0.2758999999999998,0.44900000000000007,1783324800000,2026-07-06 08:00:00 UTC,-0.00035539,1992.53333333
FINAL_REAL_MARK_PREMIUM_CLOSED_GUARD_2026_06_13,1783332000000,2026-07-06 10:00:00 UTC,YFIUSDT,1783332000000,2026-07-06 10:00:00 UTC,1783332299999,2026-07-06 10:04:59 UTC,True,2041.0,2044.0,2020.0,2036.0,-5.0,-0.2449779519843214,61.80954116909805,2041.0,2044.0,2024.0,2040.38958333,-0.6104166699999496,-0.029907725134735403,1783332299999,2026-07-06 10:04:59 UTC,-4.38958333000005,-0.2151345687050641,0.0,0.0,-0.00376065,-0.00176583,-0.00176583,,1783332299999,2026-07-06 10:04:59 UTC,1361,397.0,41.18257261410788,95.514,22.658,31.099703524761175,194227.451,46175.73000000001,31.188918094373257,binance_kline_quote_asset_volume,0.07017927994121968,142.70936884643643,24.0,1.1758941695247427,-5.0,-0.2449779519843214,5.0,0.2449779519843214,3.0,12.5,16.0,66.66666666666666,0.6666666666666666,43.668,51.846,45.71895219548966,54.28104780451033,88923.711,-3922.319000000003,-4.224541426273157,105303.74,50098.04900000001,90.74797922554764,45.78328683312638,54.21671316687362,0.8422636268950353,0.8444496938095455,-16380.02900000001,-8.433426333747237,1272.334,2596833.694,-2.7329999999999472,-0.21434167773144056,18648.220000000205,0.7233079306380502,1.7964,-0.018899999999999917,-1.0411502231036147,64.24,35.76,1.1041,0.013700000000000045,1.256419662509175,52.470000000000006,47.53,1.5323,-0.007100000000000106,-0.461218656619469,60.51,39.489999999999995,-0.6922999999999999,-0.2641,0.4281999999999999,1783324800000,2026-07-06 08:00:00 UTC,-0.00035539,1992.53333333
FINAL_REAL_MARK_PREMIUM_CLOSED_GUARD_2026_06_13,1783332300000,2026-07-06 10:05:00 UTC,YFIUSDT,1783332300000,2026-07-06 10:05:00 UTC,1783332599999,2026-07-06 10:09:59 UTC,True,2036.0,2037.0,2026.0,2028.0,-8.0,-0.3929273084479371,57.99964338071753,2040.38958333,2040.38958333,2026.99375,2028.0,-12.38958333000005,-0.6072165546826473,1783332599999,2026-07-06 10:09:59 UTC,0.0,0.0,-0.00165173,-8.415e-05,-0.00253123,-0.00084702,0.0009188099999999999,-52.03275513497901,1783332599999,2026-07-06 10:09:59 UTC,372,-989.0,-72.66715650257164,18.87,-76.64399999999999,-80.24373390288333,38334.477,-155892.974,-80.2631003997473,binance_kline_quote_asset_volume,0.050725806451612905,103.04966935483871,11.0,0.5402750491159135,-8.0,-0.3929273084479371,8.0,0.3929273084479371,1.0,9.090909090909092,2.0,18.181818181818183,0.18181818181818182,6.185,12.685000000000002,32.77689454160042,67.22310545839957,12575.967,-76347.74399999999,-85.85757740137497,25758.51,-79545.23000000001,-75.53884600869827,32.80589167813611,67.1941083218639,0.48758376034686624,0.4882257164719544,-13182.542999999998,-34.38821664372778,1273.207,2597838.30022284,0.8730000000000473,0.06861405888705695,1004.606222840026,0.03868581284820721,1.7816,-0.014799999999999924,-0.8238699621465111,64.05,35.949999999999996,1.1028,-0.0013000000000000789,-0.11774295806539975,52.44,47.56,1.5304,-0.0019000000000000128,-0.12399660640866755,60.480000000000004,39.519999999999996,-0.6788000000000001,-0.2512000000000001,0.4276,1783324800000,2026-07-06 08:00:00 UTC,-0.00035539,1992.53333333
FINAL_REAL_MARK_PREMIUM_CLOSED_GUARD_2026_06_13,1783332600000,2026-07-06 10:10:00 UTC,YFIUSDT,1783332600000,2026-07-06 10:10:00 UTC,1783332899999,2026-07-06 10:14:59 UTC,True,2028.0,2047.0,2027.0,2032.0,4.0,0.19723865877712032,59.34887064376862,2028.0,2045.240625,2028.0,2033.5,5.5,0.27120315581854043,1783332899999,2026-07-06 10:14:59 UTC,-1.5,-0.07376444553725103,-0.00013968,0.0,-0.00327687,-0.00298259,-0.00213557,252.12745861963114,1783332899999,2026-07-06 10:14:59 UTC,668,296.0,79.56989247311827,46.935,28.065,148.7281399046105,95649.282,57314.80500000001,149.51242193808986,binance_kline_quote_asset_volume,0.0702619760479042,143.18754790419163,20.0,0.9861932938856016,4.0,0.19723865877712032,4.0,0.19723865877712032,15.0,75.0,1.0,5.0,0.25,29.322,17.613000000000003,62.473633748801525,37.526366251198475,59785.072,47209.104999999996,375.391451011282,35864.21000000001,10105.700000000008,39.23247113284118,62.50446500999348,37.49553499000652,1.6647930505876338,1.6669842162980864,23920.861999999994,25.00893001998697,1278.581,2592962.268,5.373999999999796,0.4220837617135152,-4876.032222840004,-0.1876957554448921,1.7917,0.010099999999999998,0.5669061517736864,64.18,35.82,1.1016,-0.0012000000000000899,-0.10881392818281556,52.42,47.58,1.5458,0.01540000000000008,1.0062728698379562,60.72,39.28,-0.6901000000000002,-0.2459,0.44420000000000015,1783324800000,2026-07-06 08:00:00 UTC,-0.00035539,1992.53333333
FINAL_REAL_MARK_PREMIUM_CLOSED_GUARD_2026_06_13,1783332900000,2026-07-06 10:15:00 UTC,YFIUSDT,1783332900000,2026-07-06 10:15:00 UTC,1783333199999,2026-07-06 10:19:59 UTC,True,2032.0,2048.0,2030.0,2047.0,15.0,0.7381889763779528,64.0170244336789,2033.5,2048.11645833,2032.0,2048.11645833,14.616458330000114,0.7187832962871952,1783333199999,2026-07-06 10:19:59 UTC,-1.116458330000114,-0.05451146713163252,-0.00231131,0.0,-0.00231131,-0.00038886,0.00259373,-86.96233810211929,1783333199999,2026-07-06 10:19:59 UTC,559,-109.0,-16.317365269461078,55.467,8.531999999999996,18.178331735378706,113077.713,17428.430999999997,18.221183301720963,binance_kline_quote_asset_volume,0.09922540250447227,202.28571198568875,18.0,0.8858267716535433,15.0,0.7381889763779528,15.0,0.7381889763779528,1.0,5.555555555555555,2.0,11.11111111111111,0.9444444444444444,38.041,17.426000000000002,68.58312149566407,31.416878504335916,77573.213,17788.141000000003,29.753482608501336,35504.5,-359.7100000000064,-1.0029776203072822,68.60168192471315,31.39831807528686,2.1830024101916674,2.184883972454196,42068.713,37.20336384942628,1286.152,2615390.092,7.57100000000014,0.5921408186106427,22427.824000000022,0.8649498790161346,1.767,-0.024700000000000166,-1.3785790031813454,63.85999999999999,36.14,1.1,-0.0015999999999998238,-0.14524328249816848,52.38,47.620000000000005,1.5138,-0.03200000000000003,-2.0701255013585214,60.22,39.78,-0.6669999999999998,-0.25319999999999987,0.41379999999999995,1783324800000,2026-07-06 08:00:00 UTC,-0.00035539,1992.53333333
FINAL_REAL_MARK_PREMIUM_CLOSED_GUARD_2026_06_13,1783333200000,2026-07-06 10:20:00 UTC,YFIUSDT,1783333200000,2026-07-06 10:20:00 UTC,1783333499999,2026-07-06 10:24:59 UTC,True,2047.0,2060.0,2039.0,2055.0,8.0,0.39081582804103565,66.24347801393753,2048.11645833,2058.0,2043.0,2055.0,6.883541669999886,0.33609132146775533,1783333499999,2026-07-06 10:24:59 UTC,0.0,0.0,0.0,0.0,-0.00380277,-0.00048229,-9.343000000000003e-05,24.02664197911846,1783333499999,2026-07-06 10:24:59 UTC,952,393.0,70.30411449016101,68.303,12.835999999999999,23.14168785043359,139904.347,26826.634000000005,23.724068420096188,binance_kline_quote_asset_volume,0.0717468487394958,146.95834768907565,21.0,1.0258915486077185,8.0,0.39081582804103565,8.0,0.39081582804103565,5.0,23.809523809523807,8.0,38.095238095238095,0.7619047619047619,31.096,37.206999999999994,45.52655081035972,54.47344918964028,63759.511,-13813.702000000005,-17.80730933498913,76144.83600000001,40640.33600000001,114.46531003112284,45.573645399309854,54.42635460069014,0.8357567124465828,0.8373451746616145,-12385.325000000012,-8.852709201380291,1286.5,2634901.82364155,0.34799999999995634,0.02705745510639149,19511.731641549617,0.7460352358614661,1.7609,-0.006099999999999994,-0.3452178834182226,63.78,36.22,1.07,-0.030000000000000027,-2.7272727272727297,51.690000000000005,48.309999999999995,1.5183,0.0044999999999999485,0.29726516052318325,60.29,39.71,-0.6908999999999998,-0.24259999999999993,0.4482999999999999,1783324800000,2026-07-06 08:00:00 UTC,-0.00035539,1992.53333333
FINAL_REAL_MARK_PREMIUM_CLOSED_GUARD_2026_06_13,1783333500000,2026-07-06 10:25:00 UTC,YFIUSDT,1783333500000,2026-07-06 10:25:00 UTC,1783333799999,2026-07-06 10:29:59 UTC,True,2055.0,2066.0,2052.0,2061.0,6.0,0.291970802919708,67.85020020001906,2055.10697917,2063.3375,2054.0,2060.0,5.0,0.24330900243309003,1783333799999,2026-07-06 10:29:59 UTC,1.0,0.04854368932038835,-0.00068761,-0.00020745,-0.00324576,-0.00220919,-0.0017269000000000002,358.06257645814765,1783333799999,2026-07-06 10:29:59 UTC,1358,406.0,42.64705882352941,98.835,30.531999999999996,44.7008184120756,203457.04,63552.693,45.425817254984935,binance_kline_quote_asset_volume,0.07277982326951399,149.82108983799705,14.0,0.6812652068126521,6.0,0.291970802919708,6.0,0.291970802919708,5.0,35.714285714285715,3.0,21.428571428571427,0.6428571428571429,52.303,46.532,52.919512318510655,47.08048768148935,107736.319,43976.808000000005,68.97293801390667,95720.721,19575.884999999995,25.708749310327484,52.952858746003585,47.04714125399642,1.1240221782859108,1.125527658739637,12015.597999999998,5.905717492007156,1295.108,2661585.4895789,8.607999999999947,0.6691022153128602,26683.66593735013,1.01270057570768,1.7525,-0.008399999999999963,-0.47702879209494936,63.67,36.33,1.0705,0.0004999999999999449,0.04672897196261167,51.7,48.3,1.5202,0.0019000000000000128,0.12513995916485626,60.31999999999999,39.68,-0.6819999999999999,-0.23229999999999995,0.4497,1783324800000,2026-07-06 08:00:00 UTC,-0.00035539,1992.53333333
FINAL_REAL_MARK_PREMIUM_CLOSED_GUARD_2026_06_13,1783333800000,2026-07-06 10:30:00 UTC,YFIUSDT,1783333800000,2026-07-06 10:30:00 UTC,1783334099999,2026-07-06 10:34:59 UTC,True,2061.0,2085.0,2056.0,2084.0,23.0,1.1159631246967492,73.12994489819224,2060.0,2084.95520833,2059.0625,2084.0,24.0,1.1650485436893203,1783334099999,2026-07-06 10:34:59 UTC,0.0,0.0,-0.00051927,0.0,-0.00227676,-0.00024962,0.0019595700000000003,-88.70083605303302,1783334099999,2026-07-06 10:34:59 UTC,2233,875.0,64.43298969072166,157.625,58.790000000000006,59.48297667830224,326388.129,122931.089,60.42115278979778,binance_kline_quote_asset_volume,0.07058889386475593,146.16575414240933,29.0,1.4070839398350317,23.0,1.1159631246967492,23.0,1.1159631246967492,1.0,3.4482758620689653,5.0,17.24137931034483,0.9655172413793104,93.86,63.765,59.54639175257732,40.45360824742268,194532.841,86796.52199999998,80.56384588376365,131855.28800000003,36134.567000000025,37.74999459103533,59.60169004798578,40.39830995201422,1.471967380224261,1.4753510757945478,62677.552999999956,19.203380095971553,1309.704,2697990.24,14.596000000000004,1.1270102570596432,36404.750421100296,1.367784373774146,1.7465,-0.006000000000000005,-0.3423680456490731,63.59,36.41,1.0819,0.011400000000000077,1.0649229332087882,51.970000000000006,48.03,1.4944,-0.025800000000000045,-1.6971451124852024,59.91,40.089999999999996,-0.6645999999999999,-0.2521,0.41249999999999987,1783324800000,2026-07-06 08:00:00 UTC,-0.00035539,1992.53333333
FINAL_REAL_MARK_PREMIUM_CLOSED_GUARD_2026_06_13,1783334100000,2026-07-06 10:35:00 UTC,YFIUSDT,1783334100000,2026-07-06 10:35:00 UTC,1783334399999,2026-07-06 10:39:59 UTC,True,2085.0,2139.0,2079.0,2116.0,32.0,1.5355086372360844,78.43599061678837,2084.0,2133.04483333,2080.74179957,2118.08197917,34.08197917000007,1.635411668426107,1783334399999,2026-07-06 10:39:59 UTC,-2.081979170000068,-0.0982954951921134,-3.507e-05,0.00092308,-0.00390265,-0.00273473,-0.00248511,995.5572470154635,1783334399999,2026-07-06 10:39:59 UTC,6649,4416.0,197.76085982982534,449.513,291.888,185.1787470261697,947454.794,621066.665,190.28469782367605,binance_kline_quote_asset_volume,0.06760610618138066,142.49583305760265,60.0,2.877697841726619,31.0,1.486810551558753,31.0,1.486810551558753,23.0,38.333333333333336,6.0,10.0,0.6166666666666667,241.522,207.99099999999999,53.72970303417254,46.27029696582746,508961.41,314428.569,161.63264124642072,438493.384,306638.096,232.55654031865598,53.71880676768205,46.28119323231796,1.1612137063622945,1.1607048785027962,70468.02599999995,7.437613535364091,1329.078,2769798.552,19.374000000000024,1.4792655439702425,71808.31199999992,2.661548249336881,1.7473,0.0008000000000001339,0.045805897509311994,63.6,36.4,1.0903,0.008399999999999963,0.776411868009979,52.16,47.839999999999996,1.5013,0.006900000000000128,0.4617237687366253,60.019999999999996,39.98,-0.657,-0.246,0.41100000000000003,1783324800000,2026-07-06 08:00:00 UTC,-0.00035539,1992.53333333
FINAL_REAL_MARK_PREMIUM_CLOSED_GUARD_2026_06_13,1783334400000,2026-07-06 10:40:00 UTC,YFIUSDT,1783334400000,2026-07-06 10:40:00 UTC,1783334699999,2026-07-06 10:44:59 UTC,True,2115.0,2120.0,2097.0,2106.0,-10.0,-0.4725897920604915,73.54823597832268,2117.51947917,2119.0,2098.20279167,2104.0,-14.081979170000068,-0.6648458042931034,1783334699999,2026-07-06 10:44:59 UTC,2.0,0.09505703422053231,-0.00414563,0.0,-0.0051421,-0.00254958,0.0001851499999999998,-6.7703210188939975,1783334699999,2026-07-06 10:44:59 UTC,3601,-3048.0,-45.84147992179275,222.361,-227.152,-50.53291006044319,468737.26,-478717.534,-50.52668866436703,binance_kline_quote_asset_volume,0.06174979172452096,130.16863648986393,23.0,1.0874704491725768,-9.0,-0.425531914893617,9.0,0.425531914893617,5.0,21.73913043478261,9.0,39.130434782608695,0.391304347826087,99.664,122.69699999999999,44.82080940452688,55.17919059547312,210226.724,-298734.686,-58.6949580322799,258510.53600000002,-179982.848,-41.04573856010562,44.84958673863477,55.15041326136523,0.8122773987954066,0.8132230401626647,-48283.812000000034,-10.300826522730459,1399.445,2964139.23533956,70.36699999999996,5.294422148286253,194340.68333955994,7.016419414301142,1.6247,-0.12260000000000004,-7.0165398042694465,61.9,38.1,1.081,-0.009300000000000086,-0.852976245070172,51.949999999999996,48.05,1.4882,-0.013100000000000112,-0.8725770998468068,59.809999999999995,40.19,-0.5437000000000001,-0.13650000000000007,0.4072,1783324800000,2026-07-06 08:00:00 UTC,-0.00035539,1992.53333333
FINAL_REAL_MARK_PREMIUM_CLOSED_GUARD_2026_06_13,1783334700000,2026-07-06 10:45:00 UTC,YFIUSDT,1783334700000,2026-07-06 10:45:00 UTC,1783334999999,2026-07-06 10:49:59 UTC,True,2105.0,2130.0,2103.0,2112.0,6.0,0.2849002849002849,74.57209582311839,2104.0,2128.80616667,2104.0,2112.0,8.0,0.38022813688212925,1783334999999,2026-07-06 10:49:59 UTC,0.0,0.0,-0.00209924,-0.00060963,-0.00573335,-0.00374172,-0.00119214,46.758289600640104,1783334999999,2026-07-06 10:49:59 UTC,4528,927.0,25.74284920855318,274.73,52.36900000000003,23.551342186804355,582525.21,113787.94999999995,24.275422440281353,binance_kline_quote_asset_volume,0.06067358657243817,128.6495605123675,27.0,1.2826603325415677,7.0,0.332541567695962,7.0,0.332541567695962,18.0,66.66666666666666,2.0,7.4074074074074066,0.3333333333333333,146.887,127.84300000000002,53.46594838568777,46.53405161431224,311484.892,101258.168,48.16617320260387,271040.31799999997,12529.781999999948,4.846913473576932,53.47148701083684,46.52851298916316,1.1489639636116171,1.149219770322141,40444.57400000002,6.942974021673676,1427.576,3003619.904,28.131000000000085,2.010154025345768,39480.66866044002,1.3319437963553444,1.6553,0.03059999999999996,1.8834246322397958,62.339999999999996,37.66,1.0496,-0.03139999999999987,-2.9047178538390264,51.21,48.79,1.5265,0.0383,2.5735788200510683,60.419999999999995,39.58,-0.6056999999999999,-0.12880000000000003,0.4768999999999999,1783324800000,2026-07-06 08:00:00 UTC,-0.00035539,1992.53333333
FINAL_REAL_MARK_PREMIUM_CLOSED_GUARD_2026_06_13,1783335000000,2026-07-06 10:50:00 UTC,YFIUSDT,1783335000000,2026-07-06 10:50:00 UTC,1783335299999,2026-07-06 10:54:59 UTC,True,2112.0,2118.0,2089.0,2100.0,-12.0,-0.5681818181818182,68.83356385156664,2112.0,2118.0,2094.0,2100.0,-12.0,-0.5681818181818182,1783335299999,2026-07-06 10:54:59 UTC,0.0,0.0,-0.00359592,-0.00070321,-0.00535013,-0.0007568,0.0029849200000000003,-79.77400767561443,1783335299999,2026-07-06 10:54:59 UTC,3993,-535.0,-11.815371024734983,237.569,-37.16100000000003,-13.526371346412851,500092.427,-82432.78299999994,-14.15093829158054,binance_kline_quote_asset_volume,0.05949636864512897,125.24228074129728,29.0,1.3731060606060606,-12.0,-0.5681818181818182,12.0,0.5681818181818182,6.0,20.689655172413794,11.0,37.93103448275862,0.3793103448275862,110.088,127.481,46.339379296120285,53.660620703879715,231831.928,-79652.96399999998,-25.572015223133192,268260.499,-2779.8189999999595,-1.0256108834700968,46.357816172249294,53.6421838277507,0.8635639820836046,0.8642044910234808,-36428.570999999996,-7.284367655501408,1476.408,3118173.696,48.83199999999988,3.420623490448136,114553.7919999999,3.8138578002977535,1.6151,-0.040200000000000014,-2.4285627982843,61.760000000000005,38.24,1.0556,0.006000000000000005,0.5716463414634151,51.349999999999994,48.65,1.5063,-0.020199999999999996,-1.3232885686210283,60.099999999999994,39.900000000000006,-0.5594999999999999,-0.10880000000000001,0.4506999999999999,1783324800000,2026-07-06 08:00:00 UTC,-0.00035539,1992.53333333
FINAL_REAL_MARK_PREMIUM_CLOSED_GUARD_2026_06_13,1783335300000,2026-07-06 10:55:00 UTC,YFIUSDT,1783335300000,2026-07-06 10:55:00 UTC,1783335599999,2026-07-06 10:59:59 UTC,True,2101.0,2122.0,2093.0,2096.0,-4.0,-0.19047619047619047,66.98321392629029,2100.0,2121.0,2094.0,2094.0,-6.0,-0.2857142857142857,1783335599999,2026-07-06 10:59:59 UTC,2.0,0.09551098376313276,-0.00170908,0.0,-0.00512041,-0.00424997,-0.0034931699999999994,461.57108879492597,1783335599999,2026-07-06 10:59:59 UTC,2980,-1013.0,-25.36939644377661,190.398,-47.17099999999999,-19.855705079366416,401332.905,-98759.522,-19.74825385628165,binance_kline_quote_asset_volume,0.06389194630872483,134.67547147651007,29.0,1.3802950975725845,-5.0,-0.23798191337458352,5.0,0.23798191337458352,21.0,72.41379310344827,3.0,10.344827586206897,0.10344827586206896,92.48,97.91799999999999,48.57193878086955,51.42806121913045,195032.281,-36799.647000000026,-15.873416279400491,206300.62400000004,-61959.87499999997,-23.096905892208888,48.596135171124324,51.403864828875676,0.944463734961907,0.9453790164008421,-11268.343000000052,-2.80772965775135,1466.249,3079122.9,-10.158999999999878,-0.688088929347435,-39050.79600000009,-1.2523611513397903,1.5853,-0.02980000000000005,-1.8450869915175563,61.31999999999999,38.68,1.0377,-0.017900000000000027,-1.6957180750284222,50.92,49.08,1.474,-0.032299999999999995,-2.1443271592644226,59.58,40.42,-0.5475999999999999,-0.11129999999999995,0.4362999999999999,1783324800000,2026-07-06 08:00:00 UTC,-0.00035539,1992.53333333
FINAL_REAL_MARK_PREMIUM_CLOSED_GUARD_2026_06_13,1783335600000,2026-07-06 11:00:00 UTC,YFIUSDT,1783335600000,2026-07-06 11:00:00 UTC,1783335899999,2026-07-06 11:04:59 UTC,True,2095.0,2137.0,2095.0,2122.0,26.0,1.2404580152671756,72.2120817498482,2095.0,2132.22770833,2095.0,2124.0,30.0,1.4326647564469914,1783335899999,2026-07-06 11:04:59 UTC,-2.0,-0.09416195856873823,-0.00101096,0.0,-0.0043389,-0.00177888,0.0024710899999999996,-58.14370454379677,1783335899999,2026-07-06 11:04:59 UTC,3711,731.0,24.53020134228188,252.434,62.036,32.58227502389731,534147.155,132814.25,33.093286980792165,binance_kline_quote_asset_volume,0.06802317434653732,143.93617758016708,42.0,2.0047732696897373,27.0,1.2887828162291168,27.0,1.2887828162291168,15.0,35.714285714285715,0.0,0.0,0.6428571428571429,156.345,96.089,61.93500083190061,38.064999168099384,331039.248,136006.96700000003,69.73561827951961,203107.907,-3192.7170000000333,-1.5476041410325703,61.97528993672166,38.02471006327835,1.6270853063305895,1.6298688361748517,127931.34100000001,23.950579873443303,1486.225,3113641.375,19.975999999999885,1.3623879709380797,34518.47500000009,1.1210489519596667,1.592,0.00670000000000015,0.4226329401375229,61.419999999999995,38.58,1.019,-0.01870000000000016,-1.8020622530596664,50.470000000000006,49.53,1.5107,0.036699999999999955,2.4898236092265913,60.17,39.83,-0.5730000000000002,-0.08130000000000015,0.4917,1783324800000,2026-07-06 08:00:00 UTC,-0.00035539,1992.53333333
FINAL_REAL_MARK_PREMIUM_CLOSED_GUARD_2026_06_13,1783335900000,2026-07-06 11:05:00 UTC,YFIUSDT,1783335900000,2026-07-06 11:05:00 UTC,1783336199999,2026-07-06 11:09:59 UTC,True,2123.0,2130.0,2098.0,2111.0,-11.0,-0.5183788878416589,67.35216897554298,2122.73645833,2128.82770833,2100.0,2111.49070043,-12.509299570000167,-0.5889500739171453,1783336199999,2026-07-06 11:09:59 UTC,-0.49070042999983343,-0.023239525985120538,-0.00133157,-0.00128686,-0.00547041,-0.00213408,-0.00035519999999999996,19.967620075553157,1783336199999,2026-07-06 11:09:59 UTC,3563,-148.0,-3.9881433575855567,230.251,-22.182999999999993,-8.78764350285619,486450.102,-47697.053000000014,-8.929571664572473,binance_kline_quote_asset_volume,0.06462278978388998,136.52823519506035,32.0,1.507300989166274,-12.0,-0.5652378709373528,12.0,0.5652378709373528,7.0,21.875,13.0,40.625,0.40625,122.14,108.111,53.046457995839326,46.953542004160674,258166.628,-72872.62000000002,-22.013287077065865,228283.47400000002,25175.56700000001,12.395168347631099,53.07155388364991,46.92844611635008,1.1297647787921672,1.1309037114092628,29883.15399999998,6.1431077672998375,1507.996,3201078.08821581,21.771000000000186,1.4648522262779988,87436.71321580978,2.8081818901128193,1.5504,-0.04160000000000008,-2.6130653266331705,60.79,39.21,1.031,0.01200000000000001,1.1776251226692849,50.760000000000005,49.24,1.4655,-0.04519999999999991,-2.991990467994963,59.440000000000005,40.56,-0.5194000000000001,-0.08489999999999998,0.4345000000000001,1783324800000,2026-07-06 08:00:00 UTC,-0.00035539,1992.53333333
FINAL_REAL_MARK_PREMIUM_CLOSED_GUARD_2026_06_13,1783336200000,2026-07-06 11:10:00 UTC,YFIUSDT,1783336200000,2026-07-06 11:10:00 UTC,1783336499999,2026-07-06 11:14:59 UTC,True,2112.0,2114.0,2065.0,2087.0,-24.0,-1.1369019422074846,58.1558274978762,2111.49070043,2113.25748958,2073.72190733,2089.46016667,-22.0305337599998,-1.043363996607389,1783336499999,2026-07-06 11:14:59 UTC,-2.460166670000035,-0.11774173584370526,-0.00143198,0.0,-0.00520187,-0.00248126,-0.0003471799999999999,16.268368571000146,1783336499999,2026-07-06 11:14:59 UTC,5099,1536.0,43.10973898400224,342.567,112.316,48.77980985967488,714272.785,227822.68300000002,46.833720881818216,binance_kline_quote_asset_volume,0.06718317317121004,140.08095410864877,49.0,2.320075757575758,-25.0,-1.183712121212121,25.0,1.183712121212121,2.0,4.081632653061225,22.0,44.89795918367347,0.4489795918367347,160.587,181.98000000000002,46.87754512255996,53.12245487744004,334919.251,76752.62299999999,29.72987779040132,379353.53400000004,151070.06000000003,66.17652051326327,46.889543887633906,53.11045611236609,0.8824431256181997,0.88286840897072,-44434.283000000054,-6.220912224732187,1521.245,3213235.60432564,13.248999999999796,0.8785832323162525,12157.516109830234,0.3797944247154086,1.5374,-0.0129999999999999,-0.8384932920536572,60.589999999999996,39.410000000000004,1.0424,0.011400000000000077,1.1057225994180484,51.04,48.96,1.4673,0.0018000000000000238,0.12282497441146528,59.47,40.53,-0.4950000000000001,-0.07010000000000005,0.42490000000000006,1783324800000,2026-07-06 08:00:00 UTC,-0.00035539,1992.53333333
FINAL_REAL_MARK_PREMIUM_CLOSED_GUARD_2026_06_13,1783336500000,2026-07-06 11:15:00 UTC,YFIUSDT,1783336500000,2026-07-06 11:15:00 UTC,1783336799999,2026-07-06 11:19:59 UTC,True,2086.0,2128.0,2084.0,2112.0,25.0,1.1978917105893627,63.71382274496638,2089.46016667,2128.89583333,2089.15349645,2115.50080208,26.04063541000005,1.2462853240940865,1783336799999,2026-07-06 11:19:59 UTC,-3.500802080000085,-0.1654833728523303,-0.0004915,0.00012026,-0.00438692,-0.00438692,-0.00190566,76.80210860611142,1783336799999,2026-07-06 11:19:59 UTC,3445,-1654.0,-32.437732888801726,257.154,-85.41300000000001,-24.933224741437442,543173.582,-171099.20299999998,-23.95432201718283,binance_kline_quote_asset_volume,0.0746455732946299,157.67012539912918,44.0,2.109300095877277,26.0,1.2464046021093003,26.0,1.2464046021093003,16.0,36.36363636363637,2.0,4.545454545454546,0.6363636363636364,140.786,116.368,54.74773870910038,45.25226129089962,297270.307,-37648.94400000002,-11.241200345333395,245903.27500000008,-133450.25899999996,-35.17833552065972,54.72841773810714,45.27158226189286,1.2098343187130483,1.2088912073253189,51367.03199999989,9.456835476214284,1477.951,3088119.74279009,-43.29399999999987,-2.8459584090662498,-125115.8615355501,-3.8937655666182653,1.594,0.056599999999999984,3.681540262781318,61.45,38.550000000000004,1.0357,-0.006699999999999928,-0.642747505755941,50.88,49.120000000000005,1.4814,0.014100000000000001,0.960948681251278,59.699999999999996,40.300000000000004,-0.5583,-0.11260000000000003,0.4457,1783324800000,2026-07-06 08:00:00 UTC,-0.00035539,1992.53333333
FINAL_REAL_MARK_PREMIUM_CLOSED_GUARD_2026_06_13,1783336800000,2026-07-06 11:20:00 UTC,YFIUSDT,1783336800000,2026-07-06 11:20:00 UTC,1783337099999,2026-07-06 11:24:59 UTC,True,2111.0,2137.0,2105.0,2131.0,19.0,0.8996212121212122,67.27180307314765,2114.25929167,2134.0,2108.0,2131.0,15.499197919999915,0.7326491157441686,1783337099999,2026-07-06 11:24:59 UTC,0.0,0.0,-0.00262084,0.00046889,-0.0039658,-0.00147484,0.00291208,-66.38096888021666,1783337099999,2026-07-06 11:24:59 UTC,3032,-413.0,-11.988388969521045,210.547,-46.607,-18.12415906421833,447023.5,-96150.08200000005,-17.70153873205123,binance_kline_quote_asset_volume,0.06944162269129288,147.435191292876,32.0,1.5158692562766463,20.0,0.9474182851729039,20.0,0.9474182851729039,6.0,18.75,6.0,18.75,0.8125,116.7,93.847,55.42705429191582,44.57294570808418,247953.851,-49316.45599999998,-16.589768583917124,199069.649,-46833.62600000008,-19.045547888697318,55.46774408951654,44.53225591048346,1.2435133781580658,1.2455633103567687,48884.20199999999,10.935488179033092,1513.686,3202203.94709727,35.7349999999999,2.4178744762174054,114084.2043071799,3.6942934150638145,1.5549,-0.039100000000000135,-2.4529485570890923,60.86,39.14,1.0321,-0.0036000000000000476,-0.3475910012551943,50.79,49.21,1.4734,-0.008000000000000007,-0.5400297016335903,59.57,40.43,-0.5227999999999999,-0.0814999999999999,0.4413,1783324800000,2026-07-06 08:00:00 UTC,-0.00035539,1992.53333333
FINAL_REAL_MARK_PREMIUM_CLOSED_GUARD_2026_06_13,1783337100000,2026-07-06 11:25:00 UTC,YFIUSDT,1783337100000,2026-07-06 11:25:00 UTC,1783337399999,2026-07-06 11:29:59 UTC,True,2132.0,2179.0,2120.0,2173.0,42.0,1.9709056780854057,73.46554226935845,2131.0,2174.0,2122.57083333,2170.08854167,39.08854166999981,1.8342816363209673,1783337399999,2026-07-06 11:29:59 UTC,2.911458330000187,0.13416311243041093,-0.00034297,0.00717521,-0.00362805,-0.00042816,0.00104668,-70.96905427029373,1783337399999,2026-07-06 11:29:59 UTC,6621,3589.0,118.37071240105541,470.632,260.08500000000004,123.52823835058206,1012104.735,565081.235,126.40973796679593,binance_kline_quote_asset_volume,0.07108170971152394,152.86282057091074,59.0,2.7673545966228894,41.0,1.9230769230769231,41.0,1.9230769230769231,6.0,10.16949152542373,12.0,20.33898305084746,0.8983050847457628,273.579,197.053,58.130131397780005,41.869868602219995,588616.061,340662.20999999996,137.38936040965137,423488.674,224419.025,112.7339230904054,58.15762347955027,41.84237652044974,1.3883523722044324,1.3899216133463819,165127.387,16.31524695910053,1554.033,3311644.323,40.34699999999998,2.665480159029018,109440.37590273004,3.4176578915885547,1.4907,-0.06420000000000003,-4.1288828863592535,59.85,40.150000000000006,1.0355,0.0034000000000000696,0.3294254432710076,50.870000000000005,49.13,1.4178,-0.055600000000000094,-3.7735849056603836,58.64,41.36,-0.4551999999999998,-0.07289999999999996,0.38229999999999986,1783324800000,2026-07-06 08:00:00 UTC,-0.00035539,1992.53333333
FINAL_REAL_MARK_PREMIUM_CLOSED_GUARD_2026_06_13,1783337400000,2026-07-06 11:30:00 UTC,YFIUSDT,1783337400000,2026-07-06 11:30:00 UTC,1783337699999,2026-07-06 11:34:59 UTC,True,2173.0,2184.0,2146.0,2166.0,-7.0,-0.32213529682466635,71.05207704383082,2172.0,2180.803125,2147.0,2171.11245833,1.0239166600003955,0.0471831743423905,1783337699999,2026-07-06 11:34:59 UTC,-5.112458330000209,-0.23547644021777964,-0.00026902,0.0,-0.00440804,-0.00263058,-0.00220242,514.3918161434977,1783337699999,2026-07-06 11:34:59 UTC,5782,-839.0,-12.67180184262196,422.277,-48.35500000000002,-10.2744819731765,914412.899,-97691.83600000001,-9.652344527367516,binance_kline_quote_asset_volume,0.07303303355240401,158.14820114147352,38.0,1.7487344684767603,-7.0,-0.32213529682466635,7.0,0.32213529682466635,11.0,28.947368421052634,20.0,52.63157894736842,0.5263157894736842,207.953,214.32399999999998,49.24563734231322,50.754362657686784,450490.653,-138125.408,-23.466129647454522,463922.246,40433.571999999986,9.547733973164057,49.26556192423091,50.73443807576909,0.9702739777159815,0.971047749669672,-13431.592999999993,-1.4688761515381896,1584.481,3438464.06259382,30.448000000000093,1.9592891528043543,126819.73959382018,3.8295096702575506,1.4504,-0.0403,-2.7034279197692364,59.19,40.81,1.03,-0.00550000000000006,-0.5311443746982192,50.739999999999995,49.26,1.4307,0.012900000000000134,0.909860347016514,58.86,41.14,-0.4203999999999999,-0.01969999999999983,0.40070000000000006,1783324800000,2026-07-06 08:00:00 UTC,-0.00035539,1992.53333333
FINAL_REAL_MARK_PREMIUM_CLOSED_GUARD_2026_06_13,1783337700000,2026-07-06 11:35:00 UTC,YFIUSDT,1783337700000,2026-07-06 11:35:00 UTC,1783337999999,2026-07-06 11:39:59 UTC,True,2167.0,2178.0,2145.0,2154.0,-12.0,-0.554016620498615,66.98923211837904,2171.11245833,2178.0,2147.0,2153.0,-18.11245833000021,-0.8342478189237671,1783337999999,2026-07-06 11:39:59 UTC,1.0,0.046446818392940084,-0.00321302,0.0,-0.00523386,-0.0021028,0.0005277799999999998,-20.06325601198214,1783337999999,2026-07-06 11:39:59 UTC,3742,-2040.0,-35.281909373919056,227.329,-194.94799999999998,-46.1659053180732,490989.51,-423423.38899999997,-46.30549169451294,binance_kline_quote_asset_volume,0.06075066809192945,131.21045163014432,33.0,1.5228426395939088,-13.0,-0.5999077065066913,13.0,0.5999077065066913,11.0,33.33333333333333,9.0,27.27272727272727,0.2727272727272727,106.965,120.364,47.05294968965684,52.94705031034316,231087.905,-219402.748,-48.703063324157355,259901.605,-204020.64099999997,-43.97733515887487,47.06575197502692,52.93424802497309,0.8886793393373434,0.8891361213409974,-28813.70000000001,-5.868496049946161,1644.653,3569665.67969588,60.172000000000025,3.7975841931837633,131201.61710206,3.8157041840096326,1.4789,0.028500000000000192,1.964975179260907,59.660000000000004,40.339999999999996,1.0126,-0.017400000000000082,-1.6893203883495225,50.31,49.69,1.4667,0.03599999999999981,2.5162507863283574,59.46,40.54,-0.46630000000000016,-0.01220000000000021,0.45409999999999995,1783324800000,2026-07-06 08:00:00 UTC,-0.00035539,1992.53333333
FINAL_REAL_MARK_PREMIUM_CLOSED_GUARD_2026_06_13,1783338000000,2026-07-06 11:40:00 UTC,YFIUSDT,1783338000000,2026-07-06 11:40:00 UTC,1783338299999,2026-07-06 11:44:59 UTC,True,2155.0,2155.0,2119.0,2138.0,-16.0,-0.7428040854224698,61.90632783798065,2154.0,2155.0,2123.51145833,2139.04654167,-13.953458330000103,-0.6480937450069718,1783338299999,2026-07-06 11:44:59 UTC,-1.0465416699998968,-0.04892561473593927,-0.00248117,0.0,-0.00770817,-0.00139731,0.0007054900000000002,-33.550028533384065,1783338299999,2026-07-06 11:44:59 UTC,5357,1615.0,43.1587386424372,355.857,128.52800000000002,56.538321111692746,759660.984,268671.47400000005,54.72041021813278,binance_kline_quote_asset_volume,0.06642841142430465,141.80716520440546,36.0,1.6705336426914155,-17.0,-0.7888631090487239,17.0,0.7888631090487239,0.0,0.0,19.0,52.77777777777778,0.5277777777777778,187.396,168.46100000000004,52.66047878782769,47.339521212172315,400177.466,169089.56100000002,73.17109954326688,359483.51800000004,99581.91300000003,38.315235875515285,52.67842819738653,47.32157180261347,1.1123999026480904,1.1132011509912951,40693.947999999975,5.356856394773062,1666.139,3587197.267,21.485999999999876,1.3064153958312104,17531.587304119952,0.4911268694947804,1.4826,0.0036999999999998145,0.2501859490161481,59.72,40.28,1.0033,-0.009299999999999864,-0.9184278095990386,50.080000000000005,49.919999999999995,1.4576,-0.009099999999999886,-0.6204404445353437,59.309999999999995,40.69,-0.47929999999999984,-0.02499999999999991,0.4542999999999999,1783324800000,2026-07-06 08:00:00 UTC,-0.00035539,1992.53333333
FINAL_REAL_MARK_PREMIUM_CLOSED_GUARD_2026_06_13,1783338300000,2026-07-06 11:45:00 UTC,YFIUSDT,1783338300000,2026-07-06 11:45:00 UTC,1783338599999,2026-07-06 11:49:59 UTC,True,2139.0,2140.0,2105.0,2117.0,-21.0,-0.9822263797942001,55.91006172056967,2139.0315,2140.6880625,2111.25889583,2117.46172414,-21.584817529999782,-1.00908592260681,1783338599999,2026-07-06 11:49:59 UTC,-0.46172414000011486,-0.021805548347639793,-0.00285288,0.0,-0.00958139,-0.00172131,-0.00032400000000000007,23.18741009511133,1783338599999,2026-07-06 11:49:59 UTC,5412,55.0,1.0266940451745379,419.792,63.934999999999945,17.966486538131875,889939.466,130278.48199999996,17.149555491716544,binance_kline_quote_asset_volume,0.07756688839615668,164.43818662232079,35.0,1.6362786348761105,-22.0,-1.0285179990649838,22.0,1.0285179990649838,1.0,2.857142857142857,12.0,34.285714285714285,0.34285714285714286,187.103,232.68899999999996,44.57040629645158,55.42959370354842,397137.603,-3039.863000000012,-0.7596287293198094,492801.863,133318.34499999997,37.086079979889355,44.62523780241026,55.374762197589746,0.8040904383103629,0.8058768296498912,-95664.26000000001,-10.749524395179481,1687.717,3610079.8260855,21.578000000000202,1.295090025502086,22882.55908549996,0.6378951973454423,1.5094,0.026800000000000157,1.8076352353972858,60.150000000000006,39.85,1.0057,0.0023999999999999577,0.23921060500348423,50.13999999999999,49.86,1.4588,0.0012000000000000899,0.08232711306257477,59.330000000000005,40.67,-0.5037,-0.05059999999999998,0.45310000000000006,1783324800000,2026-07-06 08:00:00 UTC,-0.00035539,1992.53333333
FINAL_REAL_MARK_PREMIUM_CLOSED_GUARD_2026_06_13,1783338600000,2026-07-06 11:50:00 UTC,YFIUSDT,1783338600000,2026-07-06 11:50:00 UTC,1783338899999,2026-07-06 11:54:59 UTC,True,2116.0,2152.0,2108.0,2146.0,29.0,1.36986301369863,61.46148361285387,2117.46172414,2152.11635417,2109.0,2149.17796875,31.716244610000103,1.4978426409517058,1783338899999,2026-07-06 11:54:59 UTC,-3.1779687500002183,-0.1478690362645296,-0.00378107,0.0,-0.00382274,-0.00126093,0.00046038000000000003,-26.74590863935026,1783338899999,2026-07-06 11:54:59 UTC,3924,-1488.0,-27.494456762749447,305.382,-114.40999999999997,-27.253973396348663,651908.448,-238031.01800000004,-26.746877410648516,binance_kline_quote_asset_volume,0.07782415902140673,166.1336513761468,44.0,2.0793950850661624,30.0,1.4177693761814745,30.0,1.4177693761814745,6.0,13.636363636363635,8.0,18.181818181818183,0.8636363636363636,186.741,118.64099999999999,61.14996954633869,38.85003045366131,398621.945,1484.3420000000042,0.37376012464878683,253286.50299999997,-239515.36000000004,-48.60277080567775,61.14692120081254,38.85307879918746,1.574000556300099,1.5737986046575883,145335.44200000004,22.29384240162509,1688.724,3575808.4326366,1.0069999999998345,0.05966640141681541,-34271.393448899966,-0.9493250869762982,1.5648,0.055399999999999894,3.6703325824830983,61.01,38.99,0.9751,-0.03060000000000007,-3.042656855921256,49.370000000000005,50.629999999999995,1.5094,0.05059999999999998,3.468604332327939,60.150000000000006,39.85,-0.5897,-0.055399999999999894,0.5343000000000001,1783324800000,2026-07-06 08:00:00 UTC,-0.00035539,1992.53333333
FINAL_REAL_MARK_PREMIUM_CLOSED_GUARD_2026_06_13,1783338900000,2026-07-06 11:55:00 UTC,YFIUSDT,1783338900000,2026-07-06 11:55:00 UTC,1783339199999,2026-07-06 11:59:59 UTC,True,2145.0,2157.0,2112.0,2120.0,-26.0,-1.211556383970177,54.799529923234594,2149.17796875,2157.0,2115.95771875,2123.84185417,-25.336114580000412,-1.1788746650300135,1783339199999,2026-07-06 11:59:59 UTC,-3.841854169999806,-0.18089172517514057,-0.00225329,0.0,-0.00712943,-0.00168103,-0.0004201000000000001,33.316678959180926,1783339199999,2026-07-06 11:59:59 UTC,3794,-130.0,-3.3129459734964324,278.043,-27.339,-8.952394050729904,593335.655,-58572.79299999995,-8.984818831493337,binance_kline_quote_asset_volume,0.07328492356352136,156.38789008961518,45.0,2.097902097902098,-25.0,-1.1655011655011656,25.0,1.1655011655011656,12.0,26.666666666666668,8.0,17.77777777777778,0.17777777777777778,123.722,154.32100000000003,44.497433850159865,55.502566149840135,264126.797,-134495.148,-33.74002602892322,329208.858,75922.35500000004,29.97489171383129,44.51557811741484,55.48442188258515,0.8017184958625202,0.8023076857792205,-65082.06099999999,-10.96884376517032,1700.879,3655491.67430953,12.154999999999973,0.7197742200620096,79683.24167292984,2.228397946200264,1.5374,-0.02739999999999987,-1.751022494887517,60.589999999999996,39.410000000000004,0.9945,0.019400000000000084,1.9895395344067361,49.86,50.13999999999999,1.5107,0.0012999999999998568,0.08612693785609228,60.17,39.83,-0.5429,-0.026700000000000168,0.5161999999999999,1783324800000,2026-07-06 08:00:00 UTC,-0.00035539,1992.53333333
FINAL_REAL_MARK_PREMIUM_CLOSED_GUARD_2026_06_13,1783339200000,2026-07-06 12:00:00 UTC,YFIUSDT,1783339200000,2026-07-06 12:00:00 UTC,1783339499999,2026-07-06 12:04:59 UTC,True,2120.0,2127.0,2070.0,2081.0,-39.0,-1.8396226415094339,46.634115103569016,2123.84185417,2127.0,2074.25520833,2080.16153125,-43.68032291999998,-2.0566655108635814,1783339499999,2026-07-06 12:04:59 UTC,0.8384687500001746,0.0403078673172235,-0.00401243,5.313e-05,-0.00573862,-0.00268021,-0.0009991800000000001,59.43855850282268,1783339499999,2026-07-06 12:04:59 UTC,7364,3570.0,94.0959409594096,500.843,222.8,80.13149045291556,1052575.51,459239.855,77.39967270296607,binance_kline_quote_asset_volume,0.06801235741444867,142.93529467680608,57.0,2.688679245283019,-39.0,-1.8396226415094339,39.0,1.8396226415094339,7.0,12.280701754385964,11.0,19.298245614035086,0.19298245614035087,203.589,297.254,40.649265338639054,59.350734661360946,428544.217,164417.41999999998,62.24942787611209,624031.2930000001,294822.43500000006,89.55483056898792,40.713869259603044,59.286130740396956,0.6848991098521803,0.6867351394187213,-195487.07600000006,-18.572261480793912,1700.569,3611739.61810402,-0.30999999999994543,-0.018225870270603933,-43752.056205509696,-1.1968856751335326,1.5562,0.018799999999999928,1.2228437621959105,60.88,39.12,1.0054,0.01090000000000002,1.0960281548516864,50.129999999999995,49.87,1.5164,0.005700000000000038,0.3773085324683947,60.260000000000005,39.739999999999995,-0.5508,-0.03980000000000006,0.5109999999999999,1783324800000,2026-07-06 08:00:00 UTC,-0.00035539,1992.53333333
FINAL_REAL_MARK_PREMIUM_CLOSED_GUARD_2026_06_13,1783339500000,2026-07-06 12:05:00 UTC,YFIUSDT,1783339500000,2026-07-06 12:05:00 UTC,1783339799999,2026-07-06 12:09:59 UTC,True,2081.0,2097.0,2076.0,2082.0,1.0,0.04805382027871216,46.85279152307597,2080.16153125,2096.08886103,2080.08958333,2083.0,2.8384687500001746,0.1364542468148854,1783339799999,2026-07-06 12:09:59 UTC,-1.0,-0.04800768122899664,-0.0011585,0.0,-0.0041505,-0.00237385,0.0003063600000000003,-11.430447614179498,1783339799999,2026-07-06 12:09:59 UTC,4000,-3364.0,-45.68169473112439,309.655,-191.18800000000005,-38.1732399174991,645952.691,-406622.819,-38.631225516542756,binance_kline_quote_asset_volume,0.07741374999999999,161.48817275,21.0,1.0091302258529553,1.0,0.04805382027871216,1.0,0.04805382027871216,15.0,71.42857142857143,5.0,23.809523809523807,0.2857142857142857,160.209,149.44599999999997,51.737901858519976,48.26209814148003,334384.078,-94160.13900000002,-21.9720941888244,311568.613,-312462.68000000005,-50.071636391478215,51.76603219693065,48.23396780306935,1.072019324705914,1.073227738764559,22815.464999999967,3.5320643938613094,1701.612,3539627.82351338,1.04300000000012,0.06133241285711548,-72111.79459064035,-1.9965945005884829,1.6157,0.059499999999999886,3.823416013365884,61.77,38.23,0.9951,-0.010300000000000087,-1.0244678734831993,49.88,50.12,1.553,0.036599999999999966,2.4136111843840653,60.83,39.17,-0.6205999999999999,-0.06269999999999998,0.5579,1783324800000,2026-07-06 08:00:00 UTC,-0.00035539,1992.53333333
FINAL_REAL_MARK_PREMIUM_CLOSED_GUARD_2026_06_13,1783339800000,2026-07-06 12:10:00 UTC,YFIUSDT,1783339800000,2026-07-06 12:10:00 UTC,1783340099999,2026-07-06 12:14:59 UTC,True,2082.0,2094.0,2077.0,2087.0,5.0,0.24015369836695488,48.00013937403849,2083.0,2093.0,2081.0,2087.0,4.0,0.19203072491598655,1783340099999,2026-07-06 12:14:59 UTC,0.0,0.0,-0.0027658,0.0,-0.00417966,-0.00148816,0.0008856899999999997,-37.310276554963444,1783340099999,2026-07-06 12:14:59 UTC,2698,-1302.0,-32.550000000000004,201.92,-107.73499999999999,-34.79194587524826,420913.36,-225039.331,-34.838361096014076,binance_kline_quote_asset_volume,0.07484062268346924,156.00939955522608,17.0,0.8165225744476465,5.0,0.24015369836695488,5.0,0.24015369836695488,7.0,41.17647058823529,5.0,29.411764705882355,0.5882352941176471,99.04,102.87999999999998,49.04912836767037,50.95087163232963,206550.382,-127833.69599999997,-38.2296001545863,214362.97799999997,-97205.63500000004,-31.19878926957255,49.07194725299288,50.92805274700712,0.9626749611197514,0.9635543596525331,-7812.595999999961,-1.856105494014246,1721.919,3586757.277,20.307000000000016,1.193397789860439,47129.45348661998,1.3314804786408312,1.6178,0.0020999999999999908,0.12997462400198,61.8,38.2,1.0012,0.006100000000000105,0.6130037182192851,50.029999999999994,49.97,1.5387,-0.01429999999999998,-0.920798454603991,60.61,39.39,-0.6165999999999998,-0.07909999999999995,0.5374999999999999,1783324800000,2026-07-06 08:00:00 UTC,-0.00035539,1992.53333333
FINAL_REAL_MARK_PREMIUM_CLOSED_GUARD_2026_06_13,1783340100000,2026-07-06 12:15:00 UTC,YFIUSDT,1783340100000,2026-07-06 12:15:00 UTC,1783340399999,2026-07-06 12:19:59 UTC,True,2085.0,2091.0,2070.0,2082.0,-5.0,-0.23957834211787254,46.90955162858575,2087.0,2091.0,2072.08541667,2082.0,-5.0,-0.23957834211787254,1783340399999,2026-07-06 12:19:59 UTC,0.0,0.0,-0.00158127,0.0,-0.00488447,-0.00102085,0.0004673100000000001,-31.401865390818195,1783340399999,2026-07-06 12:19:59 UTC,2478,-220.0,-8.154188287620459,198.172,-3.7479999999999905,-1.8561806656101383,412024.183,-8889.176999999967,-2.111878083413643,binance_kline_quote_asset_volume,0.07997255851493139,166.27287449556096,21.0,1.0071942446043165,-3.0,-0.14388489208633093,3.0,0.14388489208633093,6.0,28.57142857142857,12.0,57.14285714285714,0.5714285714285714,89.16,109.012,44.9912197485013,55.0087802514987,185501.767,-21048.61500000002,-10.190547602085779,226522.41600000003,12159.438000000053,5.672359151494926,45.022058086333246,54.97794191366676,0.8178916082633104,0.8189113036830755,-41020.649000000034,-9.955883827333512,1748.334,3648773.058,26.414999999999964,1.534044284313023,62015.781000000425,1.7290208455887222,1.6212,0.0034000000000000696,0.21016194832488996,61.85000000000001,38.15,0.9902,-0.01100000000000012,-1.0986815821014901,49.75,50.24999999999999,1.5458,0.007100000000000106,0.4614284785858261,60.72,39.28,-0.631,-0.07539999999999991,0.5556000000000001,1783324800000,2026-07-06 08:00:00 UTC,-0.00035539,1992.53333333
FINAL_REAL_MARK_PREMIUM_CLOSED_GUARD_2026_06_13,1783340400000,2026-07-06 12:20:00 UTC,YFIUSDT,1783340400000,2026-07-06 12:20:00 UTC,1783340699999,2026-07-06 12:24:59 UTC,True,2082.0,2086.0,2075.0,2081.0,-1.0,-0.04803073967339097,46.681110669659994,2082.0,2086.925,2075.77291667,2081.0,-1.0,-0.04803073967339097,1783340699999,2026-07-06 12:24:59 UTC,0.0,0.0,-0.00167146,0.0,-0.00339445,-0.00145603,-0.00043518000000000007,42.62918156438263,1783340699999,2026-07-06 12:24:59 UTC,1157,-1321.0,-53.3091202582728,77.737,-120.435,-60.7729648991785,161685.688,-250338.49500000002,-60.75820433093365,binance_kline_quote_asset_volume,0.06718841832324977,139.74562489196197,11.0,0.5283381364073007,-1.0,-0.04803073967339097,1.0,0.04803073967339097,4.0,36.36363636363637,6.0,54.54545454545454,0.5454545454545454,38.321,39.416,49.29570217528333,50.70429782471667,79743.134,-105758.63299999999,-57.012197085971685,81942.55399999999,-144579.86200000002,-63.8258520075117,49.319847035564464,50.680152964435536,0.9722194032880049,0.9731590011216884,-2199.4199999999837,-1.3603059288710724,1768.159,3681307.038,19.825000000000045,1.1339366505484676,32533.97999999998,0.8916416418025409,1.5967,-0.024499999999999966,-1.5112262521588926,61.49,38.51,0.9966,0.006400000000000072,0.6463340739244671,49.919999999999995,50.080000000000005,1.5471,0.0012999999999998568,0.08409884849268061,60.74,39.26,-0.6001,-0.04960000000000009,0.5504999999999999,1783324800000,2026-07-06 08:00:00 UTC,-0.00035539,1992.53333333
FINAL_REAL_MARK_PREMIUM_CLOSED_GUARD_2026_06_13,1783340700000,2026-07-06 12:25:00 UTC,YFIUSDT,1783340700000,2026-07-06 12:25:00 UTC,1783340999999,2026-07-06 12:29:59 UTC,True,2081.0,2083.0,2039.0,2054.0,-27.0,-1.2974531475252282,40.89097656203158,2081.0,2083.47708333,2044.87931034,2054.0,-27.0,-1.2974531475252282,1783340999999,2026-07-06 12:29:59 UTC,0.0,0.0,-0.00159515,0.0,-0.00444028,0.0,0.00145603,-100.0,1783340999999,2026-07-06 12:29:59 UTC,4938,3781.0,326.7934312878133,413.657,335.91999999999996,432.1236991394059,850048.407,688362.719,425.7412808238167,binance_kline_quote_asset_volume,0.0837701498582422,172.14427035236938,44.0,2.114368092263335,-27.0,-1.2974531475252282,27.0,1.2974531475252282,2.0,4.545454545454546,15.0,34.090909090909086,0.3409090909090909,163.749,249.908,39.585695394977,60.414304605023005,336534.551,256791.41699999996,322.02323149225606,513513.856,431571.302,526.6754341096082,39.59004548784478,60.40995451215522,0.6552371272628328,0.6553563201223531,-176979.30500000005,-20.81990902431043,1778.516,3701091.796,10.356999999999971,0.5857504896335664,19784.757999999914,0.5374384096673632,1.611,0.01429999999999998,0.8955971691613942,61.7,38.3,1.0086,0.0119999999999999,1.2040939193256974,50.21,49.79,1.5452,-0.0019000000000000128,-0.122810419494539,60.709999999999994,39.290000000000006,-0.6024,-0.06580000000000008,0.5366,1783324800000,2026-07-06 08:00:00 UTC,-0.00035539,1992.53333333
FINAL_REAL_MARK_PREMIUM_CLOSED_GUARD_2026_06_13,1783341000000,2026-07-06 12:30:00 UTC,YFIUSDT,1783341000000,2026-07-06 12:30:00 UTC,1783341299999,2026-07-06 12:34:59 UTC,True,2053.0,2066.0,2050.0,2064.0,10.0,0.4868549172346641,43.677424097415006,2054.0,2065.25520833,2052.0,2064.0,10.0,0.4868549172346641,1783341299999,2026-07-06 12:34:59 UTC,0.0,0.0,0.0,0.0,-0.00362694,-0.0015844,-0.0015844,,1783341299999,2026-07-06 12:34:59 UTC,1853,-3085.0,-62.47468610773592,136.566,-277.091,-66.98569104354574,280954.96,-569093.4469999999,-66.94835756571213,binance_kline_quote_asset_volume,0.07369994603345925,151.62167296276309,16.0,0.7793472966390648,11.0,0.535801266439357,11.0,0.535801266439357,2.0,12.5,3.0,18.75,0.875,63.673,72.893,46.62434280860536,53.37565719139463,131103.238,-205431.31299999997,-61.04315660593197,149851.722,-363662.134,-70.81836833629666,46.663436018356826,53.33656398164318,0.8735132317232107,0.8748864293998571,-18748.483999999997,-6.673127963286356,1727.077,3547416.158,-51.43900000000008,-2.8922427461996447,-153675.63800000027,-4.152170399180238,1.6483,0.03730000000000011,2.3153320918684117,62.239999999999995,37.76,1.012,0.0034000000000000696,0.3371009319849365,50.3,49.7,1.517,-0.028200000000000003,-1.8250064716541552,60.27,39.73,-0.6363000000000001,-0.1313000000000002,0.5049999999999999,1783324800000,2026-07-06 08:00:00 UTC,-0.00035539,1992.53333333
FINAL_REAL_MARK_PREMIUM_CLOSED_GUARD_2026_06_13,1783341300000,2026-07-06 12:35:00 UTC,YFIUSDT,1783341300000,2026-07-06 12:35:00 UTC,1783341599999,2026-07-06 12:39:59 UTC,True,2064.0,2086.0,2060.0,2082.0,18.0,0.872093023255814,48.39328005412777,2064.0,2085.7518044,2060.85104167,2085.0,21.0,1.0174418604651163,1783341599999,2026-07-06 12:39:59 UTC,-3.0,-0.14388489208633093,-0.00166125,0.0,-0.00293044,-0.00056841,0.00101599,-64.12458975006312,1783341599999,2026-07-06 12:39:59 UTC,2586,733.0,39.55747436589315,220.373,83.80699999999999,61.36739744885256,456713.858,175758.898,62.55767757223435,binance_kline_quote_asset_volume,0.08521771075019334,176.61015390564577,26.0,1.2596899224806202,18.0,0.872093023255814,18.0,0.872093023255814,4.0,15.384615384615385,4.0,15.384615384615385,0.8461538461538461,133.869,86.50399999999999,60.74655243609698,39.253447563903016,277575.374,146472.136,111.72274478834763,179138.484,29286.761999999988,19.543827464325027,60.77664803418337,39.22335196581663,1.5475469342458155,1.5495016358405713,98436.89000000001,21.55329606836673,1725.375,3561174.0,-1.7019999999999982,-0.09854800915072101,13757.842000000179,0.3878271222555608,1.6624,0.014100000000000001,0.8554268033731725,62.44,37.56,1.0008,-0.011200000000000099,-1.1067193675889426,50.019999999999996,49.980000000000004,1.553,0.03600000000000003,2.373104812129205,60.83,39.17,-0.6616000000000002,-0.10940000000000016,0.5522,1783324800000,2026-07-06 08:00:00 UTC,-0.00035539,1992.53333333
FINAL_REAL_MARK_PREMIUM_CLOSED_GUARD_2026_06_13,1783341600000,2026-07-06 12:40:00 UTC,YFIUSDT,1783341600000,2026-07-06 12:40:00 UTC,1783341899999,2026-07-06 12:44:59 UTC,True,2083.0,2094.0,2072.0,2080.0,-2.0,-0.09606147934678194,47.913241904124284,2083.78538542,2093.17496604,2074.909375,2080.0,-5.0,-0.2398081534772182,1783341899999,2026-07-06 12:44:59 UTC,0.0,0.0,-0.00113928,0.0,-0.00568578,-0.00182829,-0.0012598800000000001,221.64986541404974,1783341899999,2026-07-06 12:44:59 UTC,1967,-619.0,-23.936581593194123,149.344,-71.029,-32.23126245048169,311009.175,-145704.68300000002,-31.902838166123704,binance_kline_quote_asset_volume,0.07592475851550584,158.1134595831215,22.0,1.056168987037926,-3.0,-0.14402304368698993,3.0,0.14402304368698993,11.0,50.0,8.0,36.36363636363637,0.36363636363636365,75.291,74.053,50.41447932290551,49.58552067709449,156880.811,-120694.56300000002,-43.481725796035505,154128.364,-25010.119999999995,-13.961332842361218,50.44250254031895,49.55749745968105,1.0167177562016394,1.0178581471220962,2752.4469999999856,0.8850050806378897,1727.938,3602750.73,2.563000000000102,0.1485474172281447,41576.72999999998,1.1675006612987733,1.6575,-0.0049000000000001265,-0.2947545717035687,62.370000000000005,37.63,1.0152,0.01440000000000019,1.4388489208633286,50.38,49.62,1.5615,0.008500000000000174,0.54732775273665,60.96,39.04,-0.6422999999999999,-0.09599999999999986,0.5463,1783324800000,2026-07-06 08:00:00 UTC,-0.00035539,1992.53333333
FINAL_REAL_MARK_PREMIUM_CLOSED_GUARD_2026_06_13,1783341900000,2026-07-06 12:45:00 UTC,YFIUSDT,1783341900000,2026-07-06 12:45:00 UTC,1783342199999,2026-07-06 12:49:59 UTC,True,2080.0,2086.0,2072.0,2085.0,5.0,0.2403846153846154,49.26810821363332,2080.0,2086.0,2072.46659483,2085.36458333,5.364583330000187,0.2579126600961628,1783342199999,2026-07-06 12:49:59 UTC,-0.36458333000018683,-0.017482953959926013,-0.00067666,0.0,-0.00388764,-0.00058615,0.00124214,-67.93998763872253,1783342199999,2026-07-06 12:49:59 UTC,1262,-705.0,-35.841382816471786,104.264,-45.08,-30.185343904006857,216770.238,-94238.93699999998,-30.30101507455527,binance_kline_quote_asset_volume,0.08261806656101425,171.76722503961966,14.0,0.6730769230769231,5.0,0.2403846153846154,5.0,0.2403846153846154,1.0,7.142857142857142,8.0,57.14285714285714,0.9285714285714286,43.248,61.016,41.479321721783165,58.520678278216835,89947.184,-66933.627,-42.665273447623875,126823.05400000002,-27305.309999999983,-17.715953956404796,41.49424977796075,58.505750222039254,0.7087976924085485,0.7092337013111195,-36875.870000000024,-17.0115004440785,1731.088,3600663.04,3.1499999999998636,0.18229820745882452,-2087.689999999944,-0.057947111983513336,1.6652,0.00770000000000004,0.46455505279034937,62.480000000000004,37.519999999999996,1.0224,0.007199999999999873,0.7092198581560157,50.55,49.45,1.5536,-0.007900000000000018,-0.505923791226386,60.84,39.160000000000004,-0.6428,-0.11159999999999992,0.5312000000000001,1783324800000,2026-07-06 08:00:00 UTC,-0.00035539,1992.53333333
FINAL_REAL_MARK_PREMIUM_CLOSED_GUARD_2026_06_13,1783342200000,2026-07-06 12:50:00 UTC,YFIUSDT,1783342200000,2026-07-06 12:50:00 UTC,1783342499999,2026-07-06 12:54:59 UTC,True,2085.0,2108.0,2082.0,2105.0,20.0,0.9592326139088728,54.37986684823891,2085.36458333,2108.0,2085.36458333,2105.750625,20.38604166999994,0.9775768627204088,1783342499999,2026-07-06 12:54:59 UTC,-0.7506250000001273,-0.03564643367968262,-0.00086748,0.0,-0.00393346,-0.00136342,-0.0007772699999999999,132.60598822826918,1783342499999,2026-07-06 12:54:59 UTC,2196,934.0,74.0095087163233,197.724,93.46,89.63784240006139,414424.032,197653.794,91.18124140270584,binance_kline_quote_asset_volume,0.09003825136612022,188.7176830601093,26.0,1.2470023980815348,20.0,0.9592326139088728,20.0,0.9592326139088728,3.0,11.538461538461538,3.0,11.538461538461538,0.8846153846153846,114.796,82.92799999999998,58.05870809815703,41.941291901842966,240693.377,150746.19300000003,167.59412167922903,173730.655,46907.60099999998,36.98665149634385,58.079010485569526,41.920989514430474,1.3842851630329929,1.385439875305829,66962.72200000001,16.15802097113905,1739.19,3626845.2296817,8.10200000000009,0.4680293549490315,26182.189681699965,0.727149122004484,1.6831,0.017900000000000027,1.074945952438147,62.73,37.269999999999996,1.0255,0.0031000000000001027,0.30320813771519,50.629999999999995,49.370000000000005,1.5681,0.014499999999999957,0.9333161688980405,61.06,38.940000000000005,-0.6576,-0.11499999999999999,0.5426,1783324800000,2026-07-06 08:00:00 UTC,-0.00035539,1992.53333333
FINAL_REAL_MARK_PREMIUM_CLOSED_GUARD_2026_06_13,1783342500000,2026-07-06 12:55:00 UTC,YFIUSDT,1783342500000,2026-07-06 12:55:00 UTC,1783342799999,2026-07-06 12:59:59 UTC,True,2104.0,2116.0,2096.0,2099.0,-6.0,-0.2850356294536817,52.665432439223316,2106.0,2116.09482759,2096.0,2100.0,-5.750625000000127,-0.27309145402723684,1783342799999,2026-07-06 12:59:59 UTC,-1.0,-0.047619047619047616,-0.00109484,0.0,-0.00495965,-0.00333588,-0.0019724599999999997,144.67002097666162,1783342799999,2026-07-06 12:59:59 UTC,1983,-213.0,-9.699453551912567,202.743,5.0190000000000055,2.5383868422649782,426875.986,12451.953999999969,3.004640908469316,binance_kline_quote_asset_volume,0.10224054462934946,215.2677690368129,20.0,0.9505703422053232,-5.0,-0.2376425855513308,5.0,0.2376425855513308,12.0,60.0,3.0,15.0,0.15,78.284,124.45899999999999,38.61243051548019,61.38756948451981,164904.475,-75788.902,-31.487738858722313,261971.51099999997,88240.85599999997,50.791759232128584,38.630534489705404,61.369465510294596,0.6289942872753277,0.629474840109618,-97067.03599999996,-22.738931020589188,1744.522,3673528.29182625,5.33199999999988,0.30657949965213,46683.06214455003,1.2871534126270683,1.6802,-0.0029000000000001247,-0.17230111104510276,62.69,37.31,1.017,-0.008500000000000174,-0.8288639687957263,50.42,49.58,1.6035,0.035399999999999876,2.2575090874306403,61.59,38.41,-0.6632,-0.07669999999999999,0.5865,1783324800000,2026-07-06 08:00:00 UTC,-0.00035539,1992.53333333
FINAL_REAL_MARK_PREMIUM_CLOSED_GUARD_2026_06_13,1783342800000,2026-07-06 13:00:00 UTC,YFIUSDT,1783342800000,2026-07-06 13:00:00 UTC,1783343099999,2026-07-06 13:04:59 UTC,True,2099.0,2106.0,2076.0,2085.0,-14.0,-0.6669842782277274,48.79945615657932,2100.0,2107.22864583,2079.0,2084.81137492,-15.188625079999838,-0.7232678609523732,1783343099999,2026-07-06 13:04:59 UTC,0.1886250799998379,0.009047584940727597,-0.00173881,0.0,-0.00528956,-0.00367897,-0.0003430900000000003,10.284842380421368,1783343099999,2026-07-06 13:04:59 UTC,2811,828.0,41.75491679273828,208.14,5.396999999999991,2.661990796229705,434907.823,8031.8369999999995,1.8815387286742338,binance_kline_quote_asset_volume,0.07404482390608325,154.71640803984346,30.0,1.4292520247737017,-14.0,-0.6669842782277274,14.0,0.6669842782277274,7.0,23.333333333333332,9.0,30.0,0.3,90.971,117.16899999999998,43.70663976169886,56.29336023830114,190103.613,25199.138000000006,15.281051651266592,244804.20999999996,-17167.301000000007,-6.553117525821352,43.71124246252062,56.288757537479384,0.7764084356783792,0.7765536916215617,-54700.59699999995,-12.57751507495876,1782.774,3743825.4,38.25199999999995,2.1926923248889927,70297.10817374988,1.9136128155093783,1.6846,0.0044000000000001815,0.26187358647781106,62.74999999999999,37.25,1.0242,0.007200000000000095,0.7079646017699209,50.6,49.4,1.6337,0.030200000000000005,1.8833801060180857,62.029999999999994,37.97,-0.6604000000000001,-0.05090000000000017,0.6094999999999999,1783324800000,2026-07-06 08:00:00 UTC,-0.00035539,1992.53333333
FINAL_REAL_MARK_PREMIUM_CLOSED_GUARD_2026_06_13,1783343100000,2026-07-06 13:05:00 UTC,YFIUSDT,1783343100000,2026-07-06 13:05:00 UTC,1783343399999,2026-07-06 13:09:59 UTC,True,2086.0,2094.0,2075.0,2089.0,4.0,0.19184652278177458,49.930357348133874,2084.81140065,2094.01621875,2076.0,2091.35,6.538625079999747,0.3136314948516938,1783343399999,2026-07-06 13:09:59 UTC,-2.349999999999909,-0.11236760943887485,0.0,0.0,-0.00323704,-0.00061366,0.00306531,-83.31978787541078,1783343399999,2026-07-06 13:09:59 UTC,1717,-1094.0,-38.91853432942013,147.148,-60.99199999999999,-29.30335351205919,306320.207,-128587.61599999998,-29.566636698553932,binance_kline_quote_asset_volume,0.08570064065230053,178.40431391962724,19.0,0.9108341323106425,3.0,0.14381591562799617,3.0,0.14381591562799617,5.0,26.31578947368421,11.0,57.89473684210527,0.7368421052631579,57.518,89.63,39.08853671133824,60.91146328866175,119809.11,-70294.50300000001,-36.976942147859134,186511.097,-58293.112999999954,-23.812136645852604,39.11237563247011,60.88762436752989,0.6417271003012385,0.6423698746461182,-66701.98700000001,-21.775248735059783,1794.21,3740589.50932526,11.43600000000015,0.6414722225026924,-3235.890674740076,-0.08643273467667793,1.6469,-0.03770000000000007,-2.2379199810043966,62.22,37.78,1.0356,0.011400000000000077,1.1130638547158833,50.870000000000005,49.13,1.5641,-0.06959999999999988,-4.260268103078894,61.0,39.0,-0.6113,-0.08279999999999998,0.5285,1783324800000,2026-07-06 08:00:00 UTC,-0.00035539,1992.53333333
FINAL_REAL_MARK_PREMIUM_CLOSED_GUARD_2026_06_13,1783343400000,2026-07-06 13:10:00 UTC,YFIUSDT,1783343400000,2026-07-06 13:10:00 UTC,1783343699999,2026-07-06 13:14:59 UTC,True,2091.0,2098.0,2085.0,2087.0,-2.0,-0.09573958831977022,49.34349708898034,2091.35,2096.22035503,2086.29849138,2091.03125,-0.31874999999990905,-0.015241351280269159,1783343699999,2026-07-06 13:14:59 UTC,-4.03125,-0.19278764963460016,0.0,0.0,-0.00232738,-0.0017359,-0.00112224,182.87651142326368,1783343699999,2026-07-06 13:14:59 UTC,1253,-464.0,-27.02387885847408,82.608,-64.53999999999999,-43.86060293038302,172734.16,-133586.047,-43.60993625209975,binance_kline_quote_asset_volume,0.06592817238627295,137.8564724660814,13.0,0.6217120994739359,-4.0,-0.19129603060736491,4.0,0.19129603060736491,7.0,53.84615384615385,2.0,15.384615384615385,0.15384615384615385,36.214,46.394000000000005,43.83836916521402,56.16163083478598,75720.074,-44089.03600000001,-36.79940198203626,97014.08600000001,-89497.011,-47.98481829743353,43.83618966856353,56.16381033143647,0.7805750743630641,0.7805059772454073,-21294.012000000017,-12.327620662872947,1807.662,3780453.9237,13.451999999999998,0.7497450131255537,39864.41437474033,1.0657254498350772,1.6518,0.004899999999999904,0.2975286902665556,62.29,37.71,1.0393,0.0036999999999998145,0.35728080339897783,50.96000000000001,49.04,1.5628,-0.0013000000000000789,-0.08311489035228431,60.980000000000004,39.019999999999996,-0.6125,-0.08899999999999997,0.5235000000000001,1783324800000,2026-07-06 08:00:00 UTC,-0.00035539,1992.53333333
FINAL_REAL_MARK_PREMIUM_CLOSED_GUARD_2026_06_13,1783343700000,2026-07-06 13:15:00 UTC,YFIUSDT,1783343700000,2026-07-06 13:15:00 UTC,1783343999999,2026-07-06 13:19:59 UTC,True,2087.0,2106.0,2078.0,2095.0,8.0,0.3833253473885961,51.78467697103261,2088.4375,2106.79771254,2079.0,2095.51782292,4.4865729200000715,0.21456269101669673,1783343999999,2026-07-06 13:19:59 UTC,-0.5178229200000715,-0.024710976653899843,-0.0009359,0.00211301,-0.00342716,-0.00196996,-0.00023406000000000013,13.483495593064124,1783343999999,2026-07-06 13:19:59 UTC,1332,79.0,6.304868316041501,90.645,8.036999999999992,9.729081929110972,189684.822,16950.661999999982,9.813149871455641,binance_kline_quote_asset_volume,0.0680518018018018,142.4060225225225,28.0,1.3416387158600862,8.0,0.3833253473885961,8.0,0.3833253473885961,11.0,39.285714285714285,9.0,32.142857142857146,0.6071428571428571,51.123,39.522,56.39913950024822,43.60086049975178,107042.53,31322.456000000006,41.36611910865276,82642.29199999999,-14371.794000000024,-14.814131218017168,56.431784510412754,43.56821548958724,1.2935327159556702,1.2952512256073443,24400.238000000012,12.86356902082551,1799.503,3762817.00746875,-8.159000000000106,-0.4513565035941512,-17636.91623125039,-0.46652906204419,1.649,-0.0027999999999999137,-0.16951204746336807,62.25000000000001,37.75,1.0318,-0.00749999999999984,-0.7216395650918734,50.78,49.220000000000006,1.5621,-0.0006999999999999229,-0.04479140005118524,60.97,39.03,-0.6172,-0.08689999999999998,0.5303,1783324800000,2026-07-06 08:00:00 UTC,-0.00035539,1992.53333333
FINAL_REAL_MARK_PREMIUM_CLOSED_GUARD_2026_06_13,1783344000000,2026-07-06 13:20:00 UTC,YFIUSDT,1783344000000,2026-07-06 13:20:00 UTC,1783344299999,2026-07-06 13:24:59 UTC,True,2095.0,2119.0,2095.0,2109.0,14.0,0.6682577565632458,55.79906005838466,2095.72867708,2117.31458333,2095.72867708,2110.0,14.482177079999929,0.6911025485729219,1783344299999,2026-07-06 13:24:59 UTC,-1.0,-0.047393364928909956,-0.00107497,0.00016455,-0.00154276,-0.00147088,0.0004990800000000003,-25.334524558874307,1783344299999,2026-07-06 13:24:59 UTC,2055,723.0,54.27927927927928,154.924,64.27900000000001,70.91290198025266,326595.041,136910.21900000004,72.17774071559613,binance_kline_quote_asset_volume,0.07538880778588808,158.9270272506083,24.0,1.1455847255369929,14.0,0.6682577565632458,14.0,0.6682577565632458,10.0,41.66666666666667,0.0,0.0,0.5833333333333334,95.708,59.21600000000001,61.77738762231804,38.22261237768196,201816.476,94773.946,88.53858928782793,124778.56500000003,42136.273000000045,50.98633155043674,61.794102991294345,38.205897008705655,1.6162523642258846,1.6173969944276883,77037.91099999996,23.58820598258868,1794.992,3761437.72799882,-4.510999999999967,-0.2506803267346577,-1379.2794699296355,-0.03665550217275854,1.635,-0.014000000000000012,-0.8489993935718625,62.050000000000004,37.95,1.0378,0.006000000000000005,0.5815080441946119,50.93,49.07,1.5549,-0.007200000000000095,-0.4609179950067278,60.86,39.14,-0.5972,-0.08010000000000006,0.5170999999999999,1783324800000,2026-07-06 08:00:00 UTC,-0.00035539,1992.53333333
FINAL_REAL_MARK_PREMIUM_CLOSED_GUARD_2026_06_13,1783344300000,2026-07-06 13:25:00 UTC,YFIUSDT,1783344300000,2026-07-06 13:25:00 UTC,1783344599999,2026-07-06 13:29:59 UTC,True,2109.0,2132.0,2097.0,2119.0,10.0,0.474158368895211,58.45954975088727,2110.0,2129.19396552,2098.0,2120.16666667,10.166666669999813,0.4818325436018869,1783344599999,2026-07-06 13:29:59 UTC,-1.1666666699998132,-0.055027120666518936,-0.0008946,0.00292802,-0.00456256,-0.00033339,0.00113749,-77.3339769389753,1783344599999,2026-07-06 13:29:59 UTC,2456,401.0,19.51338199513382,220.998,66.07399999999998,42.64929901112802,467566.848,140971.80699999997,43.164099053175754,binance_kline_quote_asset_volume,0.0899828990228013,190.37738110749186,35.0,1.6595542911332386,10.0,0.474158368895211,10.0,0.474158368895211,13.0,37.142857142857146,12.0,34.285714285714285,0.6285714285714286,140.304,80.69399999999999,63.48654738956914,36.51345261043086,296914.874,95098.39800000002,47.121226118327435,170651.974,45873.408999999956,36.76385363143096,63.50212280234205,36.49787719765795,1.7387166332069302,1.739885376303939,126262.90000000002,27.004245604684108,1775.747,3746826.17,-19.24499999999989,-1.0721496251793818,-14611.557998820208,-0.388456729990687,1.6667,0.03170000000000006,1.9388379204893003,62.5,37.5,1.0295,-0.008299999999999974,-0.7997687415687006,50.73,49.27,1.5887,0.03380000000000005,2.1737732330053414,61.370000000000005,38.629999999999995,-0.6372,-0.07800000000000007,0.5591999999999999,1783324800000,2026-07-06 08:00:00 UTC,-0.00035539,1992.53333333
FINAL_REAL_MARK_PREMIUM_CLOSED_GUARD_2026_06_13,1783344600000,2026-07-06 13:30:00 UTC,YFIUSDT,1783344600000,2026-07-06 13:30:00 UTC,1783344899999,2026-07-06 13:34:59 UTC,True,2121.0,2145.0,2115.0,2128.0,9.0,0.4247286455875413,60.749382499521225,2120.09166667,2145.79583333,2118.980625,2131.58991379,11.42324712000027,0.538790053611303,1783344899999,2026-07-06 13:34:59 UTC,-3.5899137900000824,-0.16841484221592887,-0.00014439,0.00035793,-0.00380715,-0.00154938,-0.00121599,364.73499505084135,1783344899999,2026-07-06 13:34:59 UTC,3904,1448.0,58.95765472312704,253.781,32.783000000000015,14.834070896569207,540707.001,73140.15300000005,15.642715755587542,binance_kline_quote_asset_volume,0.06500537909836065,138.50076869877051,30.0,1.4144271570014144,7.0,0.33003300330033003,7.0,0.33003300330033003,17.0,56.666666666666664,6.0,20.0,0.43333333333333335,109.845,143.936,43.28338212868575,56.71661787131425,234306.593,-62608.28100000002,-21.08627303056566,306400.40800000005,135748.43400000007,79.54694623104686,43.33337511196752,56.66662488803248,0.7631516785237883,0.7647071834186329,-72093.81500000006,-13.33324977606496,1769.906,3752495.70433923,-5.841000000000122,-0.3289319931274062,5669.534339230042,0.15131564908521075,1.6406,-0.026100000000000012,-1.5659686806263882,62.129999999999995,37.87,1.031,0.0014999999999998348,0.14570179698881347,50.760000000000005,49.24,1.5994,0.010699999999999932,0.6735066406495834,61.529999999999994,38.47,-0.6096000000000001,-0.041200000000000125,0.5684,1783324800000,2026-07-06 08:00:00 UTC,-0.00035539,1992.53333333
FINAL_REAL_MARK_PREMIUM_CLOSED_GUARD_2026_06_13,1783344900000,2026-07-06 13:35:00 UTC,YFIUSDT,1783344900000,2026-07-06 13:35:00 UTC,1783345199999,2026-07-06 13:39:59 UTC,True,2128.0,2142.0,2118.0,2138.0,10.0,0.4699248120300752,63.17812061143787,2131.87772629,2141.16687641,2123.46400862,2140.08333333,8.493419540000104,0.3984546692144303,1783345199999,2026-07-06 13:39:59 UTC,-2.083333330000187,-0.09734823394743654,-0.00257468,0.00013931,-0.00288766,-0.00067633,0.0008730499999999999,-56.348345789928864,1783345199999,2026-07-06 13:39:59 UTC,2700,-1204.0,-30.84016393442623,176.855,-76.92600000000002,-30.311961888399846,376869.688,-163837.31300000002,-30.300571787861873,binance_kline_quote_asset_volume,0.06550185185185185,139.58136592592592,24.0,1.1278195488721803,10.0,0.4699248120300752,10.0,0.4699248120300752,4.0,16.666666666666664,10.0,41.66666666666667,0.8333333333333334,76.412,100.44299999999998,43.20601622798338,56.793983772016624,162947.532,-71359.06099999999,-30.455421713208043,213922.15600000002,-92478.25200000004,-30.18215693759782,43.23710215717853,56.76289784282147,0.7607498780402817,0.7617141442796603,-50974.62400000001,-13.525795685642938,1802.69,3842595.8216901,32.784000000000106,1.8523017606584817,90100.11735086981,2.4010718319192685,1.6357,-0.0049000000000001265,-0.2986712178471368,62.06,37.940000000000005,1.06,0.029000000000000137,2.8128031037827483,51.459999999999994,48.54,1.6055,0.006099999999999994,0.3813930223833934,61.62,38.379999999999995,-0.5756999999999999,-0.030200000000000005,0.5454999999999999,1783324800000,2026-07-06 08:00:00 UTC,-0.00035539,1992.53333333
FINAL_REAL_MARK_PREMIUM_CLOSED_GUARD_2026_06_13,1783345200000,2026-07-06 13:40:00 UTC,YFIUSDT,1783345200000,2026-07-06 13:40:00 UTC,1783345499999,2026-07-06 13:44:59 UTC,True,2138.0,2149.0,2121.0,2140.0,2.0,0.09354536950420954,63.66241004465463,2140.08333333,2147.8002292,2123.84913793,2143.19166667,3.1083333399997173,0.14524356559345314,1783345499999,2026-07-06 13:44:59 UTC,-3.191666669999904,-0.14892119634633424,-0.00065456,0.0,-0.00297995,-0.00131017,-0.00063384,93.71756391110847,1783345499999,2026-07-06 13:44:59 UTC,2710,10.0,0.3703703703703704,218.194,41.339,23.37451584631478,466425.017,89555.32899999997,23.762942961865367,binance_kline_quote_asset_volume,0.08051439114391143,172.11255239852397,28.0,1.3096351730589337,2.0,0.09354536950420954,2.0,0.09354536950420954,9.0,32.142857142857146,17.0,60.71428571428571,0.6785714285714286,112.655,105.53899999999999,51.63065895487502,48.369341045124976,240998.331,78050.799,47.89934406616235,225426.686,11504.52999999997,5.377904848715141,51.66925491048436,48.330745089515645,1.0674253119699828,1.0690763160134467,15571.645000000019,3.3385098209687194,1821.159,3897432.02324393,18.46900000000005,1.0245244606671169,54836.20155383041,1.4270613954322067,1.6364,0.000700000000000145,0.04279513358196154,62.07,37.93,1.0565,-0.0035000000000000586,-0.33018867924528855,51.370000000000005,48.63,1.6082,0.0027000000000001467,0.16817190906260648,61.660000000000004,38.34,-0.5799000000000001,-0.028200000000000003,0.5517000000000001,1783324800000,2026-07-06 08:00:00 UTC,-0.00035539,1992.53333333
FINAL_REAL_MARK_PREMIUM_CLOSED_GUARD_2026_06_13,1783345500000,2026-07-06 13:45:00 UTC,YFIUSDT,1783345500000,2026-07-06 13:45:00 UTC,1783345799999,2026-07-06 13:49:59 UTC,True,2139.0,2153.0,2117.0,2121.0,-19.0,-0.8878504672897197,56.11211428938355,2143.19166667,2150.60104167,2118.0,2120.0,-23.191666669999904,-1.0821088487169293,1783345799999,2026-07-06 13:49:59 UTC,1.0,0.04716981132075472,-0.00062451,0.0,-0.00356754,-0.00135832,-4.815000000000006e-05,3.675095598281144,1783345799999,2026-07-06 13:49:59 UTC,2506,-204.0,-7.527675276752767,205.314,-12.879999999999995,-5.903003748957348,438285.054,-28139.96299999999,-6.033116143939592,binance_kline_quote_asset_volume,0.08192897047086992,174.89427533918595,36.0,1.6830294530154277,-18.0,-0.8415147265077139,18.0,0.8415147265077139,14.0,38.88888888888889,4.0,11.11111111111111,0.1111111111111111,69.853,135.461,34.02252160105984,65.97747839894016,149196.719,-91801.612,-38.0922189871929,289088.33499999996,63661.648999999976,28.240511418421853,34.04102367588378,65.95897632411621,0.5156687164571352,0.5160938749050529,-139891.61599999995,-31.917952648232433,1845.383,3955009.46741449,24.223999999999933,1.3301419590491512,57577.44417055976,1.4773174702515173,1.6267,-0.009700000000000042,-0.5927646052309974,61.92999999999999,38.07,1.0669,0.010399999999999965,0.984382394699476,51.62,48.38,1.6048,-0.0034000000000000696,-0.21141649048626224,61.61,38.39,-0.5598000000000001,-0.02190000000000003,0.5379,1783324800000,2026-07-06 08:00:00 UTC,-0.00035539,1992.53333333
FINAL_REAL_MARK_PREMIUM_CLOSED_GUARD_2026_06_13,1783345800000,2026-07-06 13:50:00 UTC,YFIUSDT,1783345800000,2026-07-06 13:50:00 UTC,1783346099999,2026-07-06 13:54:59 UTC,True,2119.0,2129.0,2104.0,2126.0,5.0,0.23573785950023576,57.539263870005236,2121.0,2128.17025862,2108.60208333,2124.075,4.074999999999818,0.1922169811320669,1783346099999,2026-07-06 13:54:59 UTC,1.925000000000182,0.09062768499229934,-0.00258443,0.0,-0.00435225,0.0,0.00135832,-100.0,1783346099999,2026-07-06 13:54:59 UTC,2294,-212.0,-8.459696727853153,158.791,-46.522999999999996,-22.65943871338535,335943.373,-102341.68099999998,-23.350483906759,binance_kline_quote_asset_volume,0.06922013949433305,146.44436486486487,25.0,1.1798017932987257,7.0,0.33034450212364325,7.0,0.33034450212364325,3.0,12.0,15.0,60.0,0.88,88.891,69.89999999999999,55.97987291471179,44.0201270852882,188098.74,38902.02099999998,26.074314006864974,147844.63300000003,-141243.70199999993,-48.85831937840036,55.99120420809729,44.00879579190271,1.2716881258941346,1.2722730354371399,40254.10699999996,11.982408416194582,1868.993,3962265.16,23.6099999999999,1.279409206652489,7255.692585510202,0.18345575769894348,1.6254,-0.0013000000000000789,-0.07991639515584181,61.91,38.09,1.0544,-0.012499999999999956,-1.1716187084075318,51.32,48.68,1.6069,0.0020999999999999908,0.13085742771684888,61.63999999999999,38.36,-0.571,-0.01849999999999996,0.5525,1783324800000,2026-07-06 08:00:00 UTC,-0.00035539,1992.53333333
FINAL_REAL_MARK_PREMIUM_CLOSED_GUARD_2026_06_13,1783346100000,2026-07-06 13:55:00 UTC,YFIUSDT,1783346100000,2026-07-06 13:55:00 UTC,1783346399999,2026-07-06 13:59:59 UTC,True,2125.0,2166.0,2125.0,2161.0,35.0,1.6462841015992473,65.89872333908329,2124.075,2164.34166667,2124.075,2161.35344828,37.27844828000025,1.7550438793357226,1783346399999,2026-07-06 13:59:59 UTC,-0.353448280000066,-0.016353099502598212,0.0,0.00335217,-0.00274477,-0.00103283,-0.00103283,,1783346399999,2026-07-06 13:59:59 UTC,3322,1028.0,44.81255448997384,281.931,123.13999999999999,77.54847566927596,606364.21,270420.83699999994,80.49595816852143,binance_kline_quote_asset_volume,0.084867850692354,182.52986453943407,41.0,1.9294117647058822,36.0,1.6941176470588233,36.0,1.6941176470588233,5.0,12.195121951219512,0.0,0.0,0.8780487804878049,166.691,115.23999999999998,59.124750382185724,40.87524961781428,358331.216,170232.47600000002,90.50165673624397,248032.99399999995,100188.36099999992,67.76597768009603,59.09504718294637,40.904952817053626,1.4464682401943771,1.444691733229653,110298.22200000007,18.190094365892747,1842.787,3915922.375,-26.205999999999904,-1.4021454333964818,-46342.78500000015,-1.1696033235695953,1.613,-0.012399999999999967,-0.7628891349821562,61.73,38.269999999999996,1.0531,-0.0013000000000000789,-0.12329286798179806,51.29,48.71,1.5648,-0.042100000000000026,-2.619951459331634,61.01,38.99,-0.5599000000000001,-0.04820000000000002,0.5117,1783324800000,2026-07-06 08:00:00 UTC,-0.00035539,1992.53333333
FINAL_REAL_MARK_PREMIUM_CLOSED_GUARD_2026_06_13,1783346400000,2026-07-06 14:00:00 UTC,YFIUSDT,1783346400000,2026-07-06 14:00:00 UTC,1783346699999,2026-07-06 14:04:59 UTC,True,2161.0,2172.0,2147.0,2166.0,5.0,0.23137436372049977,66.9012342767288,2161.35344828,2170.15041667,2151.06666667,2166.0,4.646551719999934,0.21498342733797882,1783346699999,2026-07-06 14:04:59 UTC,0.0,0.0,-0.00065758,0.0,-0.00384507,0.0,0.00103283,-100.0,1783346699999,2026-07-06 14:04:59 UTC,2641,-681.0,-20.49969897652017,192.791,-89.13999999999999,-31.617665315272177,416451.223,-189912.98699999996,-31.319953234047237,binance_kline_quote_asset_volume,0.07299924271109429,157.6869454751988,25.0,1.1568718186024989,5.0,0.23137436372049977,5.0,0.23137436372049977,6.0,24.0,14.0,56.00000000000001,0.76,92.3,100.491,47.875678843929435,52.124321156070565,199433.422,-158897.79400000002,-44.34383243909178,217017.801,-31015.19299999994,-12.504462611937809,47.888782883944124,52.111217116055876,0.9184902130539053,0.9189726422488264,-17584.379000000015,-4.222434232111744,1845.843,3989519.1330335,3.05600000000004,0.16583576940796954,73596.75803350005,1.8794233129685072,1.5575,-0.05549999999999988,-3.44079355238685,60.9,39.1,1.0742,0.02110000000000012,2.003608394264564,51.790000000000006,48.209999999999994,1.5221,-0.04269999999999996,-2.7287832310838422,60.35,39.65,-0.48330000000000006,-0.0354000000000001,0.44789999999999996,1783324800000,2026-07-06 08:00:00 UTC,-0.00035539,1992.53333333
FINAL_REAL_MARK_PREMIUM_CLOSED_GUARD_2026_06_13,1783346700000,2026-07-06 14:05:00 UTC,YFIUSDT,1783346700000,2026-07-06 14:05:00 UTC,1783346999999,2026-07-06 14:09:59 UTC,True,2168.0,2172.0,2151.0,2160.0,-6.0,-0.2770083102493075,64.45259496116302,2167.0,2169.65160571,2152.0,2163.55833333,-2.441666669999904,-0.11272699307478783,1783346999999,2026-07-06 14:09:59 UTC,-3.558333330000096,-0.16446671555757658,0.0,0.0,-0.00288855,-0.002414,-0.002414,,1783346999999,2026-07-06 14:09:59 UTC,1825,-816.0,-30.897387353275274,132.81,-59.980999999999995,-31.111929498783653,286981.045,-129470.17800000001,-31.088917705015362,binance_kline_quote_asset_volume,0.07277260273972602,157.24988767123287,21.0,0.9686346863468636,-8.0,-0.36900369003690037,8.0,0.36900369003690037,4.0,19.047619047619047,9.0,42.857142857142854,0.42857142857142855,60.019,72.791,45.1916271365108,54.8083728634892,129747.631,-69685.791,-34.941882008121986,157233.414,-59784.38700000002,-27.548148918899063,45.211219786310274,54.788780213689726,0.8245387479221332,0.825191209039066,-27485.782999999996,-9.577560427379444,1844.711,3995644.026,-1.1320000000000618,-0.06132699259904888,6124.892966500018,0.1535245918683651,1.5491,-0.008400000000000185,-0.5393258426966411,60.77,39.23,1.0727,-0.0015000000000000568,-0.13963880096816764,51.74999999999999,48.25,1.5107,-0.011400000000000077,-0.7489652453846709,60.17,39.83,-0.47639999999999993,-0.03839999999999999,0.43799999999999994,1783324800000,2026-07-06 08:00:00 UTC,-0.00035539,1992.53333333
FINAL_REAL_MARK_PREMIUM_CLOSED_GUARD_2026_06_13,1783347000000,2026-07-06 14:10:00 UTC,YFIUSDT,1783347000000,2026-07-06 14:10:00 UTC,1783347299999,2026-07-06 14:14:59 UTC,True,2159.0,2168.0,2151.0,2164.0,4.0,0.1851851851851852,65.36277478832719,2159.0,2168.21979167,2153.0,2164.0,0.4416666699999041,0.02041390163583531,1783347299999,2026-07-06 14:14:59 UTC,0.0,0.0,-0.0001179,0.0,-0.00354702,-0.0023392,7.479999999999987e-05,-3.098591549295769,1783347299999,2026-07-06 14:14:59 UTC,1897,72.0,3.9452054794520546,140.214,7.403999999999996,5.574881409532412,303005.423,16024.378000000026,5.583775750764315,binance_kline_quote_asset_volume,0.07391354770690564,159.72874169741698,17.0,0.7874015748031495,5.0,0.2315886984715146,5.0,0.2315886984715146,4.0,23.52941176470588,8.0,47.05882352941176,0.7647058823529411,68.941,71.273,49.168413995749354,50.83158600425064,149101.011,19353.380000000005,14.916172149609425,153904.412,-3329.0019999999786,-2.117235716830507,49.20737375713569,50.792626242864316,0.9672807374461578,0.9687897121493826,-4803.401000000013,-1.5852524857286177,1860.324,4024919.4928938,15.613000000000056,0.8463656366769677,29275.46689380007,0.7326845610695568,1.5374,-0.011699999999999822,-0.7552772577625604,60.589999999999996,39.410000000000004,1.0675,-0.0052000000000000934,-0.484758087070019,51.629999999999995,48.370000000000005,1.49,-0.02069999999999994,-1.3702257231746835,59.84,40.160000000000004,-0.4699000000000002,-0.04740000000000011,0.4225000000000001,1783324800000,2026-07-06 08:00:00 UTC,-0.00035539,1992.53333333
FINAL_REAL_MARK_PREMIUM_CLOSED_GUARD_2026_06_13,1783347300000,2026-07-06 14:15:00 UTC,YFIUSDT,1783347300000,2026-07-06 14:15:00 UTC,1783347599999,2026-07-06 14:19:59 UTC,True,2163.0,2188.0,2161.0,2175.0,11.0,0.5083179297597042,67.8041606852089,2164.05172414,2188.0,2162.0,2176.0,12.0,0.5545286506469501,1783347599999,2026-07-06 14:19:59 UTC,-1.0,-0.04595588235294117,-0.0023392,0.0,-0.00331703,-0.00031486,0.00202434,-86.53984268125855,1783347599999,2026-07-06 14:19:59 UTC,3783,1886.0,99.42013705851345,274.432,134.21800000000002,95.72367951845038,597232.956,294227.533,97.10305844922121,binance_kline_quote_asset_volume,0.07254348400740154,157.87284060269627,27.0,1.248266296809986,12.0,0.5547850208044383,12.0,0.5547850208044383,13.0,48.148148148148145,2.0,7.4074074074074066,0.5185185185185185,149.492,124.94000000000003,54.47323927238805,45.52676072761195,325456.583,176355.572,118.27925968925857,271776.373,117871.96100000001,76.58777254546803,54.49407634497652,45.50592365502349,1.1965103249559785,1.1975161026966827,53680.20999999996,8.988152689953024,1868.373,4043159.172,8.048999999999978,0.43266656775916335,18239.67910619965,0.45316879352252204,1.5374,0.0,0.0,60.589999999999996,39.410000000000004,1.0699,0.0024000000000001798,0.22482435597191383,51.690000000000005,48.309999999999995,1.4857,-0.0042999999999999705,-0.28859060402684367,59.77,40.23,-0.4675,-0.05170000000000008,0.41579999999999995,1783324800000,2026-07-06 08:00:00 UTC,-0.00035539,1992.53333333
FINAL_REAL_MARK_PREMIUM_CLOSED_GUARD_2026_06_13,1783347600000,2026-07-06 14:20:00 UTC,YFIUSDT,1783347600000,2026-07-06 14:20:00 UTC,1783347899999,2026-07-06 14:24:59 UTC,True,2176.0,2182.0,2160.0,2173.0,-2.0,-0.09195402298850575,66.8811241401159,2175.0,2182.9,2161.0,2170.0,-6.0,-0.2757352941176471,1783347899999,2026-07-06 14:24:59 UTC,3.0,0.1382488479262673,0.0,0.0,-0.00483242,-0.00148768,-0.00117282,372.48936035063207,1783347899999,2026-07-06 14:24:59 UTC,3544,-239.0,-6.317737245572297,249.927,-24.505000000000024,-8.929352262126875,542217.289,-55015.667000000016,-9.211760075745053,binance_kline_quote_asset_volume,0.0705211625282167,152.99584904063204,22.0,1.0110294117647058,-3.0,-0.13786764705882354,3.0,0.13786764705882354,6.0,27.27272727272727,13.0,59.09090909090909,0.5909090909090909,108.82,141.107,43.54071388845543,56.45928611154457,236148.022,-89308.56099999999,-27.441006163332084,306069.267,34292.89399999997,12.618055654160917,43.55228554875534,56.44771445124466,0.7711878220074128,0.7715509117091459,-69921.245,-12.89542890248931,1839.135,4001957.76,-29.238000000000056,-1.5648909505757178,-41201.41200000001,-1.0190400686010888,1.5291,-0.008300000000000196,-0.5398725120333157,60.46,39.54,1.0456,-0.02429999999999999,-2.271240302832039,51.11,48.89,1.5044,0.01869999999999994,1.2586659487110412,60.07,39.93,-0.4834999999999998,-0.024699999999999944,0.4587999999999999,1783324800000,2026-07-06 08:00:00 UTC,-0.00035539,1992.53333333
FINAL_REAL_MARK_PREMIUM_CLOSED_GUARD_2026_06_13,1783347900000,2026-07-06 14:25:00 UTC,YFIUSDT,1783347900000,2026-07-06 14:25:00 UTC,1783348199999,2026-07-06 14:29:59 UTC,True,2173.0,2200.0,2172.0,2184.0,11.0,0.5062126092959043,69.35232190210874,2170.0,2199.0,2170.0,2188.41354167,18.413541670000086,0.8485503073732757,1783348199999,2026-07-06 14:29:59 UTC,-4.413541670000086,-0.2016776804731371,0.0,0.0,-0.00375916,-0.00198362,-0.0004959400000000003,33.33647020864704,1783348199999,2026-07-06 14:29:59 UTC,4859,1315.0,37.104966139954854,337.417,87.48999999999998,35.00622181677049,738488.202,196270.91300000006,36.19783378025042,binance_kline_quote_asset_volume,0.06944165466145297,151.98357727927558,28.0,1.2885411872986654,11.0,0.5062126092959043,11.0,0.5062126092959043,16.0,57.14285714285714,1.0,3.571428571428571,0.42857142857142855,175.385,162.03199999999998,51.978708838025355,48.02129116197465,384056.465,147908.44300000003,62.63378441509878,354431.737,48362.47000000003,15.801151966035201,52.00576853629951,47.99423146370049,1.0824096474770417,1.0835837339250463,29624.728000000003,4.011537072599029,1852.694,4020345.98,13.558999999999969,0.7372487609664309,18388.220000000205,0.45948061180936123,1.5031,-0.0259999999999998,-1.700346609116461,60.050000000000004,39.95,1.034,-0.011600000000000055,-1.1094108645753684,50.839999999999996,49.16,1.5019,-0.0024999999999999467,-0.16617920765753436,60.029999999999994,39.97,-0.4691000000000001,-0.0012000000000000899,0.4679,1783324800000,2026-07-06 08:00:00 UTC,-0.00035539,1992.53333333
FINAL_REAL_MARK_PREMIUM_CLOSED_GUARD_2026_06_13,1783348200000,2026-07-06 14:30:00 UTC,YFIUSDT,1783348200000,2026-07-06 14:30:00 UTC,1783348499999,2026-07-06 14:34:59 UTC,True,2185.0,2215.0,2183.0,2191.0,7.0,0.3205128205128205,70.84326426096929,2188.41354167,2213.0,2185.0,2191.0,2.586458329999914,0.11818873721765413,1783348499999,2026-07-06 14:34:59 UTC,0.0,0.0,-0.00225985,0.0,-0.00398171,-0.00341342,-0.0014297999999999997,72.08033796795755,1783348499999,2026-07-06 14:34:59 UTC,5142,283.0,5.824243671537353,374.29,36.87300000000005,10.9280208169713,822632.812,84144.60999999999,11.394171196251552,binance_kline_quote_asset_volume,0.07279074290159472,159.98304395176976,32.0,1.4645308924485128,6.0,0.2745995423340961,6.0,0.2745995423340961,24.0,75.0,2.0,6.25,0.25,223.892,150.39800000000002,59.817788345934964,40.182211654065036,492167.582,108111.11699999997,28.14979745230951,330465.23000000004,-23966.506999999983,-6.761952866540273,59.82834319523837,40.17165680476164,1.4886634130773013,1.4893172936832113,161702.35199999996,19.65668639047672,1831.385,4007827.73401131,-21.30899999999997,-1.1501629518959942,-12518.245988689829,-0.3113723557864,1.5284,0.025299999999999878,1.6831880779721826,60.45,39.550000000000004,1.026,-0.008000000000000007,-0.773694390715668,50.63999999999999,49.36,1.5297,0.027800000000000047,1.8509887475863938,60.47,39.53,-0.5024,0.0013000000000000789,0.5037,1783324800000,2026-07-06 08:00:00 UTC,-0.00035539,1992.53333333
FINAL_REAL_MARK_PREMIUM_CLOSED_GUARD_2026_06_13,1783348500000,2026-07-06 14:35:00 UTC,YFIUSDT,1783348500000,2026-07-06 14:35:00 UTC,1783348799999,2026-07-06 14:39:59 UTC,True,2191.0,2202.0,2157.0,2199.0,8.0,0.3651300775901415,72.49038136231006,2195.78177083,2202.21735417,2162.62166667,2196.83859308,5.83859308000001,0.2664807430397083,1783348799999,2026-07-06 14:39:59 UTC,2.1614069199999904,0.09838715173742765,-0.00279229,0.0,-0.00553341,0.0,0.00341342,-100.0,1783348799999,2026-07-06 14:39:59 UTC,5172,30.0,0.5834305717619603,340.412,-33.87800000000004,-9.051270405300714,741358.848,-81273.96400000004,-9.879737692738669,binance_kline_quote_asset_volume,0.06581825212683681,143.34084454756382,45.0,2.0538566864445458,8.0,0.3651300775901415,8.0,0.3651300775901415,3.0,6.666666666666667,34.0,75.55555555555556,0.9333333333333333,164.091,176.32099999999997,48.203647344981974,51.796352655018026,357766.284,-134401.298,-27.30803549755132,383592.564,53127.33399999997,16.07652762742996,48.25817955301452,51.74182044698548,0.9306378707017318,0.932672626052261,-25826.280000000028,-3.483640893970962,1852.808,4059502.328,21.423000000000002,1.16977041965507,51674.59398869006,1.2893416937601399,1.49,-0.03839999999999999,-2.512431300706621,59.84,40.160000000000004,1.0237,-0.0022999999999999687,-0.22417153996101058,50.580000000000005,49.419999999999995,1.4759,-0.05380000000000007,-3.517029482905149,59.61,40.39,-0.46629999999999994,-0.014100000000000001,0.45219999999999994,1783324800000,2026-07-06 08:00:00 UTC,-0.00035539,1992.53333333
FINAL_REAL_MARK_PREMIUM_CLOSED_GUARD_2026_06_13,1783348800000,2026-07-06 14:40:00 UTC,YFIUSDT,1783348800000,2026-07-06 14:40:00 UTC,1783349099999,2026-07-06 14:44:59 UTC,True,2198.0,2209.0,2184.0,2204.0,5.0,0.22737608003638018,73.49807316800458,2196.83862019,2208.0,2188.24876042,2204.0,7.16140691999999,0.32598694062268785,1783349099999,2026-07-06 14:44:59 UTC,0.0,0.0,0.0,0.0,-0.00458398,-0.00351427,-0.00351427,,1783349099999,2026-07-06 14:44:59 UTC,3230,-1942.0,-37.548337200309355,217.762,-122.64999999999998,-36.029869687320065,478565.768,-262793.08,-35.44748682894252,binance_kline_quote_asset_volume,0.06741857585139319,148.16277647058823,25.0,1.1373976342129208,6.0,0.27297543221110104,6.0,0.27297543221110104,5.0,20.0,14.0,56.00000000000001,0.8,112.574,105.188,51.695888171489976,48.304111828510024,247506.397,-110259.88699999999,-30.818970912306536,231059.37099999998,-152533.19300000003,-39.7643769236361,51.71836632493948,48.28163367506052,1.0702171350344145,1.071180952016008,16447.026000000013,3.4367326498789637,1849.484,4063017.82848397,-3.324000000000069,-0.17940337045177207,3515.500483969692,0.08659929715329608,1.4913,0.0013000000000000789,0.0872483221476563,59.86,40.14,1.0378,0.014100000000000001,1.3773566474553092,50.93,49.07,1.4777,0.0018000000000000238,0.1219594823497543,59.64,40.36,-0.4535,-0.013600000000000056,0.43989999999999996,1783324800000,2026-07-06 08:00:00 UTC,-0.00035539,1992.53333333
FINAL_REAL_MARK_PREMIUM_CLOSED_GUARD_2026_06_13,1783349100000,2026-07-06 14:45:00 UTC,YFIUSDT,1783349100000,2026-07-06 14:45:00 UTC,1783349399999,2026-07-06 14:49:59 UTC,True,2204.0,2250.0,2194.0,2232.0,28.0,1.2704174228675136,78.29330466520918,2204.0,2249.30832268,2198.0,2230.0,26.0,1.17967332123412,1783349399999,2026-07-06 14:49:59 UTC,2.0,0.08968609865470852,-0.00255925,0.00064119,-0.00766492,-0.00065997,0.0028542999999999997,-81.22028187930921,1783349399999,2026-07-06 14:49:59 UTC,7566,4336.0,134.24148606811147,569.664,351.902,161.59936077001495,1269350.919,790785.1510000001,165.24064274484425,binance_kline_quote_asset_volume,0.07529262490087232,167.77040959555907,56.0,2.540834845735027,28.0,1.2704174228675136,28.0,1.2704174228675136,18.0,32.142857142857146,10.0,17.857142857142858,0.6785714285714286,294.72,274.94399999999996,51.73576002696328,48.26423997303673,656680.338,409173.941,165.31853154486348,612670.581,381611.21,165.15720974588822,51.73355359582798,48.26644640417202,1.0719273743016762,1.0718326591235494,44009.75699999998,3.467107191655957,1863.643,4107469.172,14.159000000000106,0.7655648818805735,44451.34351602988,1.0940474640401952,1.4913,0.0,0.0,59.86,40.14,1.035,-0.0028000000000001357,-0.2698015031798165,50.86000000000001,49.14,1.4759,-0.0018000000000000238,-0.12181092237937496,59.61,40.39,-0.45630000000000015,-0.01540000000000008,0.44090000000000007,1783324800000,2026-07-06 08:00:00 UTC,-0.00035539,1992.53333333
FINAL_REAL_MARK_PREMIUM_CLOSED_GUARD_2026_06_13,1783349400000,2026-07-06 14:50:00 UTC,YFIUSDT,1783349400000,2026-07-06 14:50:00 UTC,1783349699999,2026-07-06 14:54:59 UTC,True,2232.0,2257.0,2224.0,2249.0,17.0,0.7616487455197133,80.58966828729842,2232.0,2256.47916667,2229.1723125,2249.0,19.0,0.8520179372197308,1783349699999,2026-07-06 14:54:59 UTC,0.0,0.0,0.0,0.0,-0.00365617,-0.00231632,-0.0016563500000000002,250.97352909980765,1783349699999,2026-07-06 14:54:59 UTC,6005,-1561.0,-20.631773724557227,474.345,-95.31899999999996,-16.732494944388264,1064029.18,-205321.73900000006,-16.175333071941473,binance_kline_quote_asset_volume,0.0789916736053289,177.19053788509575,33.0,1.478494623655914,17.0,0.7616487455197133,17.0,0.7616487455197133,8.0,24.242424242424242,8.0,24.242424242424242,0.7575757575757576,245.989,228.35600000000002,51.85866826887603,48.14133173112397,552097.005,-104583.33299999998,-15.926064318983766,511932.17499999993,-100738.40600000008,-16.44250746226055,51.88739325739169,48.112606742608314,1.0772171521659162,1.0784573268910087,40164.830000000075,3.774786514783371,1889.319,4213181.37,25.67599999999993,1.3777316792969432,105712.19800000032,2.5736577335899313,1.4704,-0.02090000000000014,-1.4014618118420263,59.519999999999996,40.48,1.048,0.013000000000000123,1.2560386473430072,51.17,48.83,1.4752,-0.0006999999999999229,-0.047428687580454154,59.599999999999994,40.400000000000006,-0.4223999999999999,0.0048000000000001375,0.4272,1783324800000,2026-07-06 08:00:00 UTC,-0.00035539,1992.53333333
FINAL_REAL_MARK_PREMIUM_CLOSED_GUARD_2026_06_13,1783349700000,2026-07-06 14:55:00 UTC,YFIUSDT,1783349700000,2026-07-06 14:55:00 UTC,1783349999999,2026-07-06 14:59:59 UTC,True,2250.0,2286.0,2247.0,2269.0,20.0,0.8892841262783459,82.8838079625943,2248.0,2284.0,2248.0,2268.0,19.0,0.8448199199644287,1783349999999,2026-07-06 14:59:59 UTC,1.0,0.04409171075837742,-0.00038052,0.0,-0.00360425,0.0,0.00231632,-100.0,1783349999999,2026-07-06 14:59:59 UTC,9774,3769.0,62.76436303080766,714.458,240.11299999999994,50.619907451327606,1622030.861,558001.6810000001,52.44232879026871,binance_kline_quote_asset_volume,0.07309781051770002,165.95363832617147,39.0,1.7333333333333332,19.0,0.8444444444444443,19.0,0.8444444444444443,17.0,43.58974358974359,3.0,7.6923076923076925,0.5641025641025641,361.622,352.83599999999996,50.61487169294766,49.385128307052334,821378.696,269281.691,48.77434374055334,800652.165,288719.9900000001,56.39809414206094,50.63890680190949,49.361093198090515,1.0249010871906497,1.0258870604565216,20726.53099999996,1.2778136038189694,1960.711,4409639.039,71.39200000000005,3.778716034719391,196457.66899999976,4.662929310351521,1.454,-0.01639999999999997,-1.1153427638737738,59.25,40.75,1.0273,-0.02069999999999994,-1.975190839694651,50.67,49.33,1.4728,-0.0023999999999999577,-0.1626898047722314,59.56,40.44,-0.42669999999999986,0.01880000000000015,0.4455,1783324800000,2026-07-06 08:00:00 UTC,-0.00035539,1992.53333333
FINAL_REAL_MARK_PREMIUM_CLOSED_GUARD_2026_06_13,1783350000000,2026-07-06 15:00:00 UTC,YFIUSDT,1783350000000,2026-07-06 15:00:00 UTC,1783350299999,2026-07-06 15:04:59 UTC,True,2269.0,2287.0,2249.0,2252.0,-17.0,-0.7492287351256061,74.79199853932721,2267.0,2287.81810345,2250.59929167,2250.59929167,-17.400708329999816,-0.7672269986772405,1783350299999,2026-07-06 15:04:59 UTC,1.4007083299998158,0.062237126581536226,0.0,0.00017884,-0.01040624,-0.00346708,-0.00346708,,1783350299999,2026-07-06 15:04:59 UTC,7245,-2529.0,-25.87476979742173,586.118,-128.33999999999992,-17.963267259936895,1330052.523,-291978.338,-18.000788087348234,binance_kline_quote_asset_volume,0.08089965493443756,183.5821287784679,38.0,1.6747465843984135,-17.0,-0.7492287351256061,17.0,0.7492287351256061,18.0,47.368421052631575,3.0,7.894736842105263,0.07894736842105263,251.376,334.7420000000001,42.88829211865187,57.11170788134813,570674.206,-250704.49,-30.52239986511654,759378.317,-41273.848,-5.155028588475745,42.906140632162085,57.093859367837915,0.7509544664248883,0.7515018446332593,-188704.11100000003,-14.187718735675825,2014.142,4569673.75891731,53.43100000000004,2.725082890849291,160034.7199173104,3.6292022658072813,1.4408,-0.013199999999999878,-0.9078404401650536,59.03,40.97,1.0485,0.021199999999999886,2.063662026671847,51.18000000000001,48.82,1.4631,-0.009700000000000042,-0.6586094513851196,59.4,40.6,-0.3923000000000001,0.022299999999999986,0.4146000000000001,1783324800000,2026-07-06 08:00:00 UTC,-0.00035539,1992.53333333
FINAL_REAL_MARK_PREMIUM_CLOSED_GUARD_2026_06_13,1783350300000,2026-07-06 15:05:00 UTC,YFIUSDT,1783350300000,2026-07-06 15:05:00 UTC,1783350599999,2026-07-06 15:09:59 UTC,True,2252.0,2295.0,2252.0,2281.0,29.0,1.2877442273534636,78.62557515463836,2253.0,2292.25167525,2253.0,2284.47907292,33.87978124999972,1.5053670982389802,1783350599999,2026-07-06 15:09:59 UTC,-3.4790729199999078,-0.1522917395585064,0.0,0.0,-0.00408472,-0.00162848,0.0018386,-53.030215628136645,1783350599999,2026-07-06 15:09:59 UTC,4067,-3178.0,-43.86473429951691,359.978,-226.14000000000004,-38.58267447851798,818555.947,-511496.576,-38.45687047352791,binance_kline_quote_asset_volume,0.08851192525202853,201.26775190558152,43.0,1.9094138543516874,29.0,1.2877442273534636,29.0,1.2877442273534636,14.0,32.55813953488372,0.0,0.0,0.6744186046511628,185.705,174.273,51.587874814572,48.412125185427996,422188.72,-148485.48600000003,-26.019309167795125,396367.2270000001,-363011.08999999997,-47.803720737525346,51.57725889688026,48.42274110311974,1.0655982280674574,1.0651453784295841,25821.4929999999,3.154517793760516,2014.903,4534739.26458376,0.7609999999999673,0.037782837555642414,-34934.494333550334,-0.7644855229627452,1.4851,0.044300000000000006,3.0746807329261525,59.760000000000005,40.239999999999995,1.0108,-0.03770000000000007,-3.5956127801621425,50.27,49.730000000000004,1.5031,0.040000000000000036,2.7339211263755065,60.050000000000004,39.95,-0.47430000000000017,0.018000000000000016,0.4923000000000002,1783324800000,2026-07-06 08:00:00 UTC,-0.00035539,1992.53333333
FINAL_REAL_MARK_PREMIUM_CLOSED_GUARD_2026_06_13,1783350600000,2026-07-06 15:10:00 UTC,YFIUSDT,1783350600000,2026-07-06 15:10:00 UTC,1783350899999,2026-07-06 15:14:59 UTC,True,2281.0,2328.0,2277.0,2308.0,27.0,1.183691363437089,81.45355809331866,2284.47907292,2323.0,2278.0,2310.0,25.520927080000092,1.1171442707671417,1783350899999,2026-07-06 15:14:59 UTC,-2.0,-0.08658008658008658,-0.00215851,5.265e-05,-0.00421648,-0.0026351,-0.00100662,61.813470229907644,1783350899999,2026-07-06 15:14:59 UTC,7773,3706.0,91.12367838701746,611.381,251.40299999999996,69.83843457100156,1409452.395,590896.448,72.18766782718151,binance_kline_quote_asset_volume,0.0786544448732793,181.32669432651485,51.0,2.235861464270057,27.0,1.183691363437089,27.0,1.183691363437089,20.0,39.21568627450981,4.0,7.8431372549019605,0.6078431372549019,332.663,278.71799999999996,54.41173343626969,45.58826656373031,766913.469,344724.74900000007,81.651814146053,642538.926,246171.6989999999,62.106976114854184,54.41215834749779,45.587841652502206,1.1935468825120734,1.1935673279349306,124374.54300000006,8.82431669499558,2025.493,4627196.37084595,10.589999999999918,0.5255836137024918,92457.10626219027,2.0388626747358725,1.4649,-0.020199999999999996,-1.360177765807016,59.43000000000001,40.57,1.0151,0.0042999999999999705,0.4254056193114336,50.38,49.62,1.4913,-0.011800000000000033,-0.7850442419000754,59.86,40.14,-0.4498000000000002,0.02639999999999998,0.4762000000000002,1783324800000,2026-07-06 08:00:00 UTC,-0.00035539,1992.53333333
FINAL_REAL_MARK_PREMIUM_CLOSED_GUARD_2026_06_13,1783350900000,2026-07-06 15:15:00 UTC,YFIUSDT,1783350900000,2026-07-06 15:15:00 UTC,1783351199999,2026-07-06 15:19:59 UTC,True,2309.0,2324.0,2291.0,2315.0,7.0,0.30329289428076256,82.11426390264018,2309.62597917,2322.0,2295.09794792,2313.99620833,3.9962083300001723,0.17299603160173907,1783351199999,2026-07-06 15:19:59 UTC,1.0037916699998277,0.04337914065659854,-0.00429477,0.0,-0.00581781,-0.00232984,0.0003052599999999999,-11.584380099426964,1783351199999,2026-07-06 15:19:59 UTC,6434,-1339.0,-17.226296153351345,494.134,-117.24699999999996,-19.177403288620347,1141364.312,-268088.0830000001,-19.020726343864926,binance_kline_quote_asset_volume,0.07680043518806341,177.3957587814734,33.0,1.429190125595496,6.0,0.25985275010827197,6.0,0.25985275010827197,9.0,27.27272727272727,18.0,54.54545454545454,0.7272727272727273,278.321,215.813,56.325004958169245,43.674995041830755,643229.111,-123684.35800000001,-16.127550629835138,498135.2009999999,-144403.7250000001,-22.47392635010569,56.356161151812856,43.643838848187144,1.2896396417268656,1.291274155507834,145093.91000000015,12.712322303625712,2013.313,4650000.00900069,-12.179999999999836,-0.6013350823725304,22803.638154739514,0.4928176011378251,1.3941,-0.0708000000000002,-4.8330944091747,58.230000000000004,41.77,1.0171,0.0020000000000000018,0.1970249236528423,50.42,49.58,1.4331,-0.05820000000000003,-3.902635284650977,58.9,41.099999999999994,-0.377,0.039000000000000146,0.41600000000000015,1783324800000,2026-07-06 08:00:00 UTC,-0.00035539,1992.53333333
FINAL_REAL_MARK_PREMIUM_CLOSED_GUARD_2026_06_13,1783351200000,2026-07-06 15:20:00 UTC,YFIUSDT,1783351200000,2026-07-06 15:20:00 UTC,1783351499999,2026-07-06 15:24:59 UTC,True,2313.0,2374.0,2312.0,2366.0,51.0,2.203023758099352,86.02146665442238,2313.0,2373.70336458,2313.0,2365.46292708,51.46671874999993,2.2241487935342477,1783351499999,2026-07-06 15:24:59 UTC,0.5370729199999005,0.022704770125604113,-0.00298609,0.00077218,-0.00642939,-0.00642939,-0.00409955,175.95843491398554,1783351499999,2026-07-06 15:24:59 UTC,13837,7403.0,115.06061548026112,1010.921,516.787,104.58438399300596,2377940.735,1236576.423,108.34195620092247,binance_kline_quote_asset_volume,0.07305926140059261,171.85377863698778,62.0,2.680501513186338,53.0,2.291396454820579,53.0,2.291396454820579,8.0,12.903225806451612,1.0,1.6129032258064515,0.8709677419354839,572.677,438.244,56.649035879163655,43.35096412083635,1346775.263,703546.152,109.37722499938283,1031165.4719999998,533030.271,107.00514035746693,56.63619968224314,43.36380031775686,1.3067537718713775,1.3060709455174622,315609.7910000002,13.272399364486272,2086.732,4828697.848,73.41899999999987,3.646675901859267,178697.8389993105,3.8429642721164994,1.3546,-0.03949999999999987,-2.83336919876622,57.53,42.47,0.9965,-0.02059999999999984,-2.0253662373414456,49.91,50.09,1.3958,-0.03730000000000011,-2.6027492847672953,58.26,41.74,-0.3581,0.0411999999999999,0.3992999999999999,1783324800000,2026-07-06 08:00:00 UTC,-0.00035539,1992.53333333
FINAL_REAL_MARK_PREMIUM_CLOSED_GUARD_2026_06_13,1783351500000,2026-07-06 15:25:00 UTC,YFIUSDT,1783351500000,2026-07-06 15:25:00 UTC,1783351799999,2026-07-06 15:29:59 UTC,True,2365.0,2397.0,2341.0,2386.0,20.0,0.84530853761623,87.2021679482184,2365.0,2394.0,2342.0,2388.81997917,23.357052089999797,0.9874199177931087,1783351799999,2026-07-06 15:29:59 UTC,-2.819979169999897,-0.11804904490876303,-0.00434295,0.0,-0.00914485,-0.00396355,0.0024658400000000004,-38.35262754320395,1783351799999,2026-07-06 15:29:59 UTC,11897,-1940.0,-14.0203801402038,888.988,-121.93299999999999,-12.06157553359758,2104343.416,-273597.31899999967,-11.505640782927237,binance_kline_quote_asset_volume,0.07472371186013281,176.8801728166765,56.0,2.367864693446089,21.0,0.8879492600422833,21.0,0.8879492600422833,11.0,19.642857142857142,24.0,42.857142857142854,0.8035714285714286,451.76,437.22800000000007,50.817333867273796,49.182666132726204,1069928.453,-276846.81000000006,-20.556273760427693,1034414.9630000002,3249.4910000003874,0.31512798752830895,50.843814030779846,49.156185969220154,1.033236663708637,1.0343319569711211,35513.48999999976,1.6876280615596897,2186.301,5172788.166,99.56899999999996,4.7715279202120815,344090.31799999997,7.125944277969657,1.2925,-0.062100000000000044,-4.584379152517352,56.379999999999995,43.62,0.9921,-0.0044000000000000705,-0.4415454089312665,49.8,50.2,1.3691,-0.026699999999999946,-1.912881501647797,57.79,42.21,-0.3004,0.0766,0.377,1783324800000,2026-07-06 08:00:00 UTC,-0.00035539,1992.53333333
FINAL_REAL_MARK_PREMIUM_CLOSED_GUARD_2026_06_13,1783351800000,2026-07-06 15:30:00 UTC,YFIUSDT,1783351800000,2026-07-06 15:30:00 UTC,1783352099999,2026-07-06 15:34:59 UTC,True,2386.0,2403.0,2348.0,2396.0,10.0,0.4191114836546521,87.75890900118362,2386.0,2401.0,2351.1974375,2399.0,10.180020830000103,0.4261526996076603,1783352099999,2026-07-06 15:34:59 UTC,-3.0,-0.12505210504376824,-0.00330721,-0.00114505,-0.00843392,-0.00639445,-0.0024309000000000006,61.33138222048417,1783352099999,2026-07-06 15:34:59 UTC,11600,-297.0,-2.496427670841389,823.594,-65.394,-7.356004805464191,1958646.645,-145696.77100000018,-6.923621396214171,binance_kline_quote_asset_volume,0.0709994827586207,168.84884870689655,55.0,2.305113160100587,10.0,0.4191114836546521,10.0,0.4191114836546521,7.0,12.727272727272727,38.0,69.0909090909091,0.8727272727272727,405.165,418.42900000000003,49.194748868981556,50.80525113101844,964054.63,-105873.82299999997,-9.895411483182603,994592.015,-39822.94800000021,-3.849803939852734,49.22044680499274,50.77955319500727,0.9683004763054186,0.9692965713182404,-30537.38500000001,-1.55910639001452,2254.43,5385427.42564022,68.1289999999999,3.1161765923356346,212639.25964021962,4.110728156970881,1.2868,-0.005700000000000038,-0.4410058027079333,56.269999999999996,43.730000000000004,0.9817,-0.010399999999999965,-1.048281423243621,49.54,50.46000000000001,1.368,-0.0010999999999998789,-0.08034475202687012,57.769999999999996,42.230000000000004,-0.3050999999999999,0.08120000000000016,0.3863000000000001,1783324800000,2026-07-06 08:00:00 UTC,-0.00035539,1992.53333333
FINAL_REAL_MARK_PREMIUM_CLOSED_GUARD_2026_06_13,1783352100000,2026-07-06 15:35:00 UTC,YFIUSDT,1783352100000,2026-07-06 15:35:00 UTC,1783352399999,2026-07-06 15:39:59 UTC,True,2395.0,2397.0,2346.0,2387.0,-9.0,-0.3756260434056761,84.20833072859777,2398.28700431,2398.34220833,2350.0,2388.0,-11.0,-0.45852438516048355,1783352399999,2026-07-06 15:39:59 UTC,-1.0,-0.04187604690117253,-0.00848471,0.0,-0.00949708,-0.00443821,0.0019562400000000006,-30.5927796761254,1783352399999,2026-07-06 15:39:59 UTC,11240,-360.0,-3.103448275862069,897.528,73.93399999999997,8.97699594703215,2129861.362,171214.71700000018,8.741480625771587,binance_kline_quote_asset_volume,0.07985124555160142,189.4894450177936,51.0,2.1294363256784967,-8.0,-0.33402922755741127,8.0,0.33402922755741127,2.0,3.9215686274509802,41.0,80.3921568627451,0.803921568627451,418.266,479.262,46.602000160440674,53.39799983955932,993003.847,28949.216999999946,3.0028606366425468,1136857.5150000001,142265.50000000012,14.30390530533267,46.62293352594279,53.3770664740572,0.8727293213315473,0.8734637664773671,-143853.66800000018,-6.754132948114402,2305.808,5531633.392,51.378000000000156,2.278979609036438,146205.96635978017,2.7148442417715657,1.2528,-0.03400000000000003,-2.6422132421510747,55.61000000000001,44.39,0.9659,-0.015800000000000036,-1.6094529897117282,49.13,50.870000000000005,1.3469,-0.02110000000000012,-1.542397660818722,57.38999999999999,42.61,-0.28689999999999993,0.09410000000000007,0.381,1783324800000,2026-07-06 08:00:00 UTC,-0.00035539,1992.53333333
FINAL_REAL_MARK_PREMIUM_CLOSED_GUARD_2026_06_13,1783352400000,2026-07-06 15:40:00 UTC,YFIUSDT,1783352400000,2026-07-06 15:40:00 UTC,1783352699999,2026-07-06 15:44:59 UTC,True,2387.0,2525.0,2387.0,2458.0,71.0,2.974444909928781,88.24782258766938,2386.0,2498.85683333,2386.0,2459.39163542,71.39163542000006,2.9895994731993323,1783352699999,2026-07-06 15:44:59 UTC,-1.391635420000057,-0.05658453903631342,-0.00084629,0.00320077,-0.0093412,-0.00591458,-0.0014763700000000003,33.26498746116115,1783352699999,2026-07-06 15:44:59 UTC,24775,13535.0,120.41814946619218,1723.535,826.0070000000001,92.03133495556685,4255623.675,2125762.3129999996,99.80754385834055,binance_kline_quote_asset_volume,0.06956750756811302,171.77088496468212,138.0,5.781315458734813,71.0,2.974444909928781,71.0,2.974444909928781,67.0,48.55072463768116,0.0,0.0,0.5144927536231884,862.23,861.3050000000001,50.026834383984074,49.973165616015926,2127353.19,1134349.3429999999,114.23413377773146,2128270.485,991412.9699999997,87.20644028992496,49.989222555023034,50.01077744497697,1.0010739517360283,0.9995689951035523,-917.2949999999255,-0.02155488995393667,2363.914,5642662.718,58.10600000000022,2.5199843178616876,111029.32600000035,2.007170723941576,1.2487,-0.0040999999999999925,-0.3272669220945077,55.53,44.47,0.9817,0.015800000000000036,1.6357801014597821,49.54,50.46000000000001,1.3272,-0.01970000000000005,-1.4626178632415214,57.03,42.970000000000006,-0.2669999999999999,0.07850000000000001,0.3454999999999999,1783324800000,2026-07-06 08:00:00 UTC,-0.00035539,1992.53333333
FINAL_REAL_MARK_PREMIUM_CLOSED_GUARD_2026_06_13,1783352700000,2026-07-06 15:45:00 UTC,YFIUSDT,1783352700000,2026-07-06 15:45:00 UTC,1783352999999,2026-07-06 15:49:59 UTC,True,2457.0,2499.0,2457.0,2486.0,28.0,1.1391375101708707,89.39944872813857,2462.76663542,2498.45975,2460.35693966,2484.0,24.608364579999943,1.0005874715353122,1783352999999,2026-07-06 15:49:59 UTC,2.0,0.08051529790660225,-0.005424,-0.0018366,-0.00907171,-0.00533912,0.0005754599999999999,-9.729515874330888,1783352999999,2026-07-06 15:49:59 UTC,12862,-11913.0,-48.08476286579213,863.887,-859.6480000000001,-49.877025995990806,2142472.281,-2113151.394,-49.65550423111601,binance_kline_quote_asset_volume,0.06716583735033431,166.57380508474577,42.0,1.7094017094017095,29.0,1.1803011803011803,29.0,1.1803011803011803,13.0,30.952380952380953,0.0,0.0,0.6904761904761905,454.58,409.30699999999996,52.620307980094616,47.37969201990538,1127583.819,-999769.371,-46.99592788351238,1014888.462,-1113382.0229999998,-52.313934288291364,52.630030689297854,47.36996931070214,1.1106089072505478,1.1110421107536443,112695.35699999984,5.260061378595723,2374.995,5841042.83716432,11.080999999999676,0.46875647760450145,198380.1191643197,3.5157181826851076,1.1645,-0.08419999999999983,-6.743012733242559,53.800000000000004,46.2,0.9639,-0.017800000000000038,-1.8131812162575163,49.08,50.92,1.2558,-0.07139999999999991,-5.379746835443031,55.669999999999995,44.330000000000005,-0.2006000000000001,0.09129999999999994,0.29190000000000005,1783324800000,2026-07-06 08:00:00 UTC,-0.00035539,1992.53333333
FINAL_REAL_MARK_PREMIUM_CLOSED_GUARD_2026_06_13,1783353000000,2026-07-06 15:50:00 UTC,YFIUSDT,1783353000000,2026-07-06 15:50:00 UTC,1783353299999,2026-07-06 15:54:59 UTC,True,2486.0,2548.0,2476.0,2537.0,51.0,2.0514883346741755,91.10853282452489,2484.0,2548.0,2479.71875,2537.40389583,53.40389582999978,2.149915291062793,1783353299999,2026-07-06 15:54:59 UTC,-0.403895829999783,-0.015917679903603453,-0.00303819,-0.00106567,-0.00784144,-0.00571903,-0.0003799099999999998,7.115592082590386,1783353299999,2026-07-06 15:54:59 UTC,19570,6708.0,52.153630850567566,1522.891,659.0040000000001,76.28358801556224,3849392.335,1706920.054,79.67057819778627,binance_kline_quote_asset_volume,0.07781762902401636,196.69863745528872,72.0,2.8962188254223653,51.0,2.0514883346741755,51.0,2.0514883346741755,11.0,15.277777777777779,10.0,13.88888888888889,0.8472222222222222,807.102,715.7890000000001,52.99801495970492,47.001985040295075,2039995.399,912411.5800000001,80.91740628285835,1809396.936,794508.4739999999,78.28529969040085,52.995257990505664,47.004742009494336,1.127569716774077,1.1274449284244836,230598.463,5.990515981011325,2449.081,6083517.204,74.08600000000024,3.1194170935096808,242474.36683567986,4.151217061667623,1.158,-0.006500000000000172,-0.5581794761700448,53.66,46.339999999999996,0.9558,-0.008099999999999996,-0.8403361344537811,48.870000000000005,51.129999999999995,1.2578,0.0020000000000000018,0.15926102882624635,55.71,44.29,-0.20219999999999994,0.09980000000000011,0.30200000000000005,1783324800000,2026-07-06 08:00:00 UTC,-0.00035539,1992.53333333
FINAL_REAL_MARK_PREMIUM_CLOSED_GUARD_2026_06_13,1783353300000,2026-07-06 15:55:00 UTC,YFIUSDT,1783353300000,2026-07-06 15:55:00 UTC,1783353599999,2026-07-06 15:59:59 UTC,True,2536.0,2593.0,2512.0,2580.0,43.0,1.694915254237288,92.24395703655539,2537.68157292,2589.0,2518.0,2579.0,41.59610417000022,1.6393174235430061,1783353599999,2026-07-06 15:59:59 UTC,1.0,0.038774718883288095,-0.00637316,-0.00072143,-0.00840103,-0.00372306,0.00199597,-34.900498860820804,1783353599999,2026-07-06 15:59:59 UTC,19667,97.0,0.49565661727133364,1676.394,153.50299999999993,10.079710235335288,4280646.755,431254.4199999999,11.203181761414296,binance_kline_quote_asset_volume,0.08523892815376011,217.65631540143386,81.0,3.194006309148265,44.0,1.7350157728706623,44.0,1.7350157728706623,13.0,16.049382716049383,24.0,29.629629629629626,0.8395061728395061,860.582,815.812,51.33530661646367,48.66469338353633,2197915.136,157919.73699999996,7.741181037830369,2082731.619,273334.68299999996,15.10639691942089,51.34539852962009,48.65460147037991,1.0548778395022382,1.0553040612382425,115183.51699999999,2.6907970592401753,2527.849,6414173.90066997,78.76800000000003,3.2162268214077048,330656.6966699697,5.435288264699214,1.1358,-0.022199999999999998,-1.9170984455958546,53.18000000000001,46.82,0.9548,-0.0010000000000000009,-0.10462439840970923,48.84,51.160000000000004,1.2528,-0.0050000000000001155,-0.3975194784544534,55.61000000000001,44.39,-0.18099999999999994,0.11699999999999999,0.29799999999999993,1783324800000,2026-07-06 08:00:00 UTC,-0.00035539,1992.53333333
FINAL_REAL_MARK_PREMIUM_CLOSED_GUARD_2026_06_13,1783353600000,2026-07-06 16:00:00 UTC,YFIUSDT,1783353600000,2026-07-06 16:00:00 UTC,1783353899999,2026-07-06 16:04:59 UTC,True,2580.0,2581.0,2513.0,2576.0,-4.0,-0.15503875968992248,91.0788164812267,2579.08580208,2580.0,2515.14722522,2572.0,-7.0,-0.27142303218301667,1783353899999,2026-07-06 16:04:59 UTC,4.0,0.15552099533437014,-0.00437219,-0.00169162,-0.01011193,-0.00203898,0.0016840799999999997,-45.2337593270052,1783353899999,2026-07-06 16:04:59 UTC,24173,4506.0,22.911476076676667,2020.138,343.7439999999999,20.504964823305254,5151175.757,870529.0020000003,20.336389611760907,binance_kline_quote_asset_volume,0.08357001613370289,213.0962543747156,68.0,2.635658914728682,-4.0,-0.15503875968992248,4.0,0.15503875968992248,1.0,1.4705882352941175,63.0,92.64705882352942,0.9264705882352942,958.281,1061.857,47.43641275992036,52.563587240079634,2445043.735,247128.59899999993,11.243773472061841,2706132.0220000003,623400.4030000004,29.931864351265723,47.46574083940735,52.53425916059265,0.9024576755627169,0.9035197525924696,-261088.28700000048,-5.068518321185298,2629.596,6781728.084,101.74699999999984,4.025042635062452,367554.1833300302,5.730343283827066,1.0912,-0.04459999999999997,-3.926747666842752,52.18000000000001,47.82,0.9844,0.02960000000000007,3.1001256807708497,49.61,50.39,1.2158,-0.03699999999999992,-2.953384418901654,54.87,45.129999999999995,-0.1067999999999999,0.12460000000000004,0.23139999999999994,1783353600000,2026-07-06 16:00:00 UTC,-0.00154131,2580.0
FINAL_REAL_MARK_PREMIUM_CLOSED_GUARD_2026_06_13,1783353900000,2026-07-06 16:05:00 UTC,YFIUSDT,1783353900000,2026-07-06 16:05:00 UTC,1783354199999,2026-07-06 16:09:59 UTC,True,2577.0,2661.0,2569.0,2619.0,43.0,1.6692546583850931,92.21692747671065,2572.0,2657.0,2571.81476293,2620.0,48.0,1.8662519440124419,1783354199999,2026-07-06 16:09:59 UTC,-1.0,-0.03816793893129771,-0.00554639,0.0,-0.00768377,-0.00464131,-0.00260233,127.62901058372323,1783354199999,2026-07-06 16:09:59 UTC,28725,4552.0,18.830927067389236,2327.71,307.5720000000001,15.225296489645762,6115353.551,964177.7939999998,18.71762563507498,binance_kline_quote_asset_volume,0.0810342906875544,212.8930740121845,92.0,3.570042685292976,42.0,1.629802095459837,42.0,1.629802095459837,42.0,45.65217391304348,8.0,8.695652173913043,0.5434782608695652,1193.11,1134.6000000000001,51.25681463756223,48.743185362437764,3134483.468,689439.733,28.197439707555986,2980870.083,274738.06099999975,10.152426369684328,51.255964873648885,48.744035126351115,1.0515688348316585,1.0515330694470926,153613.38499999978,2.5119297472977746,2706.082,6960042.904,76.48599999999988,2.908659733282218,178314.8200000003,2.6293419286552497,1.0644,-0.026799999999999935,-2.4560117302052724,51.559999999999995,48.44,0.9797,-0.0047000000000000375,-0.4774481917919583,49.49,50.51,1.1626,-0.053199999999999914,-4.375719690738602,53.76,46.239999999999995,-0.0847,0.09820000000000007,0.18290000000000006,1783353600000,2026-07-06 16:00:00 UTC,-0.00154131,2580.0
FINAL_REAL_MARK_PREMIUM_CLOSED_GUARD_2026_06_13,1783354200000,2026-07-06 16:10:00 UTC,YFIUSDT,1783354200000,2026-07-06 16:10:00 UTC,1783354499999,2026-07-06 16:14:59 UTC,True,2620.0,2621.0,2534.0,2587.0,-32.0,-1.221840397098129,83.66306751715713,2621.0,2621.0,2539.28467708,2590.0,-30.0,-1.1450381679389312,1783354499999,2026-07-06 16:14:59 UTC,-3.0,-0.11583011583011582,-0.0046621,0.00169977,-0.00648547,-0.00165878,0.0029825299999999997,-64.2605212752434,1783354499999,2026-07-06 16:14:59 UTC,25842,-2883.0,-10.036553524804177,2102.314,-225.39600000000019,-9.683164999076354,5409637.281,-705716.2699999996,-11.540073098220116,binance_kline_quote_asset_volume,0.08135260428759383,209.33508555839333,87.0,3.3206106870229006,-33.0,-1.2595419847328244,33.0,1.2595419847328244,1.0,1.1494252873563218,53.0,60.91954022988506,0.6091954022988506,939.232,1163.0819999999999,44.676104521018274,55.32389547898173,2417083.063,-717400.4049999998,-22.887356475921916,2992554.2180000003,11684.135000000242,0.3919706218206304,44.681056001469834,55.318943998530166,0.8075372157767037,0.8076990045698814,-575471.1550000003,-10.637887997060337,2817.808,7382656.96,111.72600000000011,4.128699721590111,422614.05599999987,6.072003604419159,1.0721,0.00770000000000004,0.7234122510334499,51.739999999999995,48.26,0.9858,0.006099999999999994,0.6226395835459829,49.64,50.36000000000001,1.1939,0.031299999999999883,2.692241527610518,54.42,45.58,-0.08630000000000004,0.12179999999999991,0.20809999999999995,1783353600000,2026-07-06 16:00:00 UTC,-0.00154131,2580.0
FINAL_REAL_MARK_PREMIUM_CLOSED_GUARD_2026_06_13,1783354500000,2026-07-06 16:15:00 UTC,YFIUSDT,1783354500000,2026-07-06 16:15:00 UTC,1783354799999,2026-07-06 16:19:59 UTC,True,2587.0,2645.0,2572.0,2627.0,40.0,1.5461925009663704,85.4765597004727,2592.72913229,2645.5612065,2576.0,2626.0,36.0,1.3899613899613898,1783354799999,2026-07-06 16:19:59 UTC,1.0,0.03808073115003808,0.0,0.0,-0.00654145,-0.0019867,-0.00032792,19.76874570467452,1783354799999,2026-07-06 16:19:59 UTC,20503,-5339.0,-20.660165621855896,1496.741,-605.5729999999999,-28.805069081022143,3916761.755,-1492875.5260000005,-27.59659194237205,binance_kline_quote_asset_volume,0.07300107301370531,191.03359288884553,73.0,2.8218013142636256,40.0,1.5461925009663704,40.0,1.5461925009663704,18.0,24.65753424657534,15.0,20.54794520547945,0.7534246575342466,757.249,739.492,50.59318880153614,49.40681119846386,1981883.719,-435199.34400000004,-18.005146395748834,1934878.0359999998,-1057676.1820000005,-35.34359296276584,50.60005798080511,49.39994201919488,1.024012430154755,1.0242938738904575,47005.683000000194,1.2001159616102357,2684.284,6952295.56,-133.5239999999999,-4.738576936398785,-430361.4000000004,-5.829356589798809,1.0938,0.021700000000000053,2.0240649193172326,52.239999999999995,47.760000000000005,1.0404,0.05459999999999998,5.538648813146681,50.99,49.01,1.1768,-0.017099999999999893,-1.432280760532699,54.059999999999995,45.94,-0.053400000000000114,0.08299999999999996,0.13640000000000008,1783353600000,2026-07-06 16:00:00 UTC,-0.00154131,2580.0
FINAL_REAL_MARK_PREMIUM_CLOSED_GUARD_2026_06_13,1783354800000,2026-07-06 16:20:00 UTC,YFIUSDT,1783354800000,2026-07-06 16:20:00 UTC,1783355099999,2026-07-06 16:24:59 UTC,True,2627.0,2678.0,2617.0,2635.0,8.0,0.30452988199467074,85.8156911238433,2625.0,2673.05218562,2623.67947917,2636.49934375,10.499343750000207,0.39982268659559056,1783355099999,2026-07-06 16:24:59 UTC,-1.4993437500002074,-0.056868732152522736,0.0,0.0,-0.00623765,-0.00495949,-0.0029727900000000003,149.63456988976696,1783355099999,2026-07-06 16:24:59 UTC,18202,-2301.0,-11.222747890552602,1328.74,-168.00099999999998,-11.224453662991792,3517899.242,-398862.5129999998,-10.183476503027686,binance_kline_quote_asset_volume,0.07299967036589386,193.26992868915505,61.0,2.322040350209364,8.0,0.30452988199467074,8.0,0.30452988199467074,43.0,70.49180327868852,10.0,16.39344262295082,0.29508196721311475,686.725,642.015,51.68242094013878,48.317579059861224,1819464.554,-162419.16500000004,-8.195191445538082,1698434.688,-236443.34799999977,-12.220064706962223,51.72020085957879,48.279799140421204,1.069640117442739,1.071259652699698,121029.86599999992,3.440401719157592,2687.629,7057713.754,3.3449999999998,0.12461423604953126,105418.19400000013,1.5163077157784146,1.0346,-0.05920000000000014,-5.412324008045359,50.849999999999994,49.15,1.019,-0.021400000000000086,-2.056901191849297,50.470000000000006,49.53,1.1268,-0.050000000000000044,-4.248810333106734,52.980000000000004,47.02,-0.015600000000000058,0.09220000000000006,0.10780000000000012,1783353600000,2026-07-06 16:00:00 UTC,-0.00154131,2580.0
FINAL_REAL_MARK_PREMIUM_CLOSED_GUARD_2026_06_13,1783355100000,2026-07-06 16:25:00 UTC,YFIUSDT,1783355100000,2026-07-06 16:25:00 UTC,1783355399999,2026-07-06 16:29:59 UTC,True,2635.0,2742.0,2634.0,2709.0,74.0,2.808349146110057,88.49244281969092,2636.49934375,2735.0,2636.49934375,2712.08063542,75.5812916699997,2.866729015092314,1783355399999,2026-07-06 16:29:59 UTC,-3.0806354199999078,-0.11358937414199827,-0.00323674,0.0,-0.00820978,-0.00431591,0.0006435800000000004,-12.976737527447385,1783355399999,2026-07-06 16:29:59 UTC,24776,6574.0,36.11691022964509,1685.423,356.683,26.84370155184611,4531180.956,1013281.7140000002,28.8036024995397,binance_kline_quote_asset_volume,0.06802643687439458,182.88589586696804,108.0,4.098671726755218,74.0,2.808349146110057,74.0,2.808349146110057,33.0,30.555555555555557,1.0,0.9259259259259258,0.6944444444444444,920.562,764.861,54.619048155863545,45.380951844136455,2476072.135,656607.5809999998,36.08795673191222,2055108.8210000005,356674.1330000004,21.00016771442673,54.64518321037893,45.35481678962107,1.2035677070735729,1.2048374809637388,420963.3139999993,9.290366420757866,2760.921,7279166.40464559,73.29199999999992,2.727013289408617,221452.6506455904,3.137739193801687,1.0218,-0.012799999999999923,-1.2371931181132731,50.54,49.46,0.975,-0.04399999999999993,-4.3179587831207,49.370000000000005,50.629999999999995,1.1386,0.011800000000000033,1.0472133475328393,53.239999999999995,46.760000000000005,-0.046800000000000064,0.11680000000000001,0.16360000000000008,1783353600000,2026-07-06 16:00:00 UTC,-0.00154131,2580.0
FINAL_REAL_MARK_PREMIUM_CLOSED_GUARD_2026_06_13,1783355400000,2026-07-06 16:30:00 UTC,YFIUSDT,1783355400000,2026-07-06 16:30:00 UTC,1783355699999,2026-07-06 16:34:59 UTC,True,2708.0,2733.0,2636.0,2657.0,-52.0,-1.9195275009228498,77.43413521378487,2717.33063542,2729.0,2658.0,2665.47008333,-46.610552090000056,-1.7186270747728642,1783355699999,2026-07-06 16:34:59 UTC,-8.470083329999852,-0.3177707145532126,-0.00500932,-0.0015992,-0.00970471,-0.00331029,0.00100562,-23.300300515997783,1783355699999,2026-07-06 16:34:59 UTC,25444,668.0,2.69615757184372,1878.013,192.58999999999992,11.426805021647379,5067948.962,536768.006,11.8460951176367,binance_kline_quote_asset_volume,0.07380966043074988,199.1805125766389,97.0,3.5819793205317576,-51.0,-1.883308714918759,51.0,1.883308714918759,25.0,25.773195876288657,21.0,21.649484536082475,0.21649484536082475,824.015,1053.998,43.876959318172986,56.12304068182702,2226482.998,-249589.13699999964,-10.080043043657113,2841465.964,786357.1429999997,38.26352818715284,43.93262471059589,56.06737528940411,0.7817993962037878,0.7835684207407244,-614982.966,-12.134750578808216,2790.3,7567518.59701243,29.37900000000036,1.0641014357165728,288352.1923668403,3.961335355416699,0.9996,-0.022199999999999998,-2.1726365237815615,49.99,50.01,0.9819,0.006900000000000017,0.7076923076923094,49.54,50.46000000000001,1.1327,-0.005900000000000016,-0.518180221324435,53.11,46.89,-0.01770000000000005,0.1331,0.15080000000000005,1783353600000,2026-07-06 16:00:00 UTC,-0.00154131,2580.0
FINAL_REAL_MARK_PREMIUM_CLOSED_GUARD_2026_06_13,1783355700000,2026-07-06 16:35:00 UTC,YFIUSDT,1783355700000,2026-07-06 16:35:00 UTC,1783355999999,2026-07-06 16:39:59 UTC,True,2658.0,2819.0,2649.0,2725.0,68.0,2.5592773805043283,80.81107542005002,2663.0,2804.47202083,2653.69401042,2744.14592708,78.67584375000024,2.9516686096776477,1783355999999,2026-07-06 16:39:59 UTC,-19.145927080000092,-0.6977007633254021,-0.00502729,0.0,-0.00698597,-0.00465935,-0.0013490599999999996,40.75352914699315,1783355999999,2026-07-06 16:39:59 UTC,35172,9728.0,38.232982235497566,2637.827,759.8140000000003,40.4583993827519,7235234.163,2167285.2009999994,42.76454276178639,binance_kline_quote_asset_volume,0.07499792448538611,205.71005808597747,170.0,6.3957863054928525,67.0,2.5206922498118884,67.0,2.5206922498118884,94.0,55.294117647058826,9.0,5.294117647058823,0.4470588235294118,1430.621,1207.2060000000001,54.23483041154707,45.76516958845292,3924543.769,1698060.7709999997,76.26650517993309,3310690.394,469224.4299999997,16.513462978084075,54.242111320592514,45.757888679407486,1.1850678343215657,1.1854155181990116,613853.375,8.484222641185028,2866.398,7630351.476,76.09799999999996,2.7272336307923863,62832.87898756936,0.830296988135253,1.0317,0.03210000000000002,3.2112845138055235,50.78,49.220000000000006,1.0125,0.03059999999999996,3.1164069660861555,50.31,49.69,1.1372,0.0044999999999999485,0.39728083340689935,53.21,46.79,-0.019200000000000106,0.10549999999999993,0.12470000000000003,1783353600000,2026-07-06 16:00:00 UTC,-0.00154131,2580.0
FINAL_REAL_MARK_PREMIUM_CLOSED_GUARD_2026_06_13,1783356000000,2026-07-06 16:40:00 UTC,YFIUSDT,1783356000000,2026-07-06 16:40:00 UTC,1783356299999,2026-07-06 16:44:59 UTC,True,2726.0,2727.0,2622.0,2649.0,-76.0,-2.7889908256880735,68.47702699974838,2738.52092708,2738.52092708,2635.54344792,2644.0,-100.14592708000009,-3.6494388323788494,1783356299999,2026-07-06 16:44:59 UTC,5.0,0.18910741301059003,-0.01388468,0.0,-0.01388468,-0.00602029,-0.0013609400000000006,29.208795218217148,1783356299999,2026-07-06 16:44:59 UTC,28970,-6202.0,-17.63334470601615,2298.798,-339.02900000000045,-12.852586617697082,6123400.804,-1111833.3590000002,-15.3669298595167,binance_kline_quote_asset_volume,0.07935098377632033,211.37041090783566,105.0,3.851797505502568,-77.0,-2.8246515040352165,77.0,2.8246515040352165,1.0,0.9523809523809524,27.0,25.71428571428571,0.2571428571428571,1074.163,1224.6349999999998,46.72715915012977,53.27284084987023,2862164.728,-1062379.0409999997,-27.070128492176327,3261236.0759999994,-49454.318000000436,-1.4937765877965221,46.74142391806761,53.25857608193238,0.8771291037737776,0.8776318737129046,-399071.3479999993,-6.51715216386478,2900.446,7959247.07761548,34.047999999999774,1.1878322549764468,328895.60161548015,4.310359786832448,1.0092,-0.022499999999999964,-2.1808665309683013,50.23,49.769999999999996,0.9973,-0.015199999999999991,-1.5012345679012338,49.93,50.07,1.1473,0.010099999999999998,0.8881463243053112,53.43,46.57,-0.011900000000000133,0.1380999999999999,0.15000000000000002,1783353600000,2026-07-06 16:00:00 UTC,-0.00154131,2580.0
FINAL_REAL_MARK_PREMIUM_CLOSED_GUARD_2026_06_13,1783356300000,2026-07-06 16:45:00 UTC,YFIUSDT,1783356300000,2026-07-06 16:45:00 UTC,1783356599999,2026-07-06 16:49:59 UTC,True,2649.0,2666.0,2535.0,2556.0,-93.0,-3.5107587768969424,57.01024162121977,2646.0,2664.0,2547.0,2558.0,-86.0,-3.252647503782148,1783356599999,2026-07-06 16:49:59 UTC,-2.0,-0.07818608287724785,-0.00267149,-0.00025591,-0.01098773,-0.00164791,0.00437238,-72.62739834792012,1783356599999,2026-07-06 16:49:59 UTC,41480,12510.0,43.18260269244046,2645.756,346.9580000000001,15.093018177325721,6844762.704,721361.9000000004,11.780412928854565,binance_kline_quote_asset_volume,0.06378389585342334,165.0135656702025,131.0,4.945262363155908,-93.0,-3.5107587768969424,93.0,3.5107587768969424,17.0,12.977099236641221,21.0,16.030534351145036,0.16030534351145037,1172.83,1472.926,44.32872872630734,55.67127127369266,3036180.064,174015.33599999966,6.07985048161769,3808582.64,547346.5640000007,16.783408230640486,44.357711074858614,55.64228892514139,0.7962586036229926,0.7971942192122158,-772402.5760000004,-11.284577850282776,2925.526,7758494.952,25.079999999999927,0.8646946021404959,-200752.12561548036,-2.5222502035409096,1.0145,0.00529999999999986,0.5251684502576159,50.36000000000001,49.64,0.991,-0.006299999999999972,-0.6317056051338586,49.769999999999996,50.23,1.1213,-0.026000000000000023,-2.266190185653275,52.86,47.14,-0.023499999999999965,0.1068,0.13029999999999997,1783353600000,2026-07-06 16:00:00 UTC,-0.00154131,2580.0
FINAL_REAL_MARK_PREMIUM_CLOSED_GUARD_2026_06_13,1783356600000,2026-07-06 16:50:00 UTC,YFIUSDT,1783356600000,2026-07-06 16:50:00 UTC,1783356899999,2026-07-06 16:54:59 UTC,True,2556.0,2559.0,2460.0,2508.0,-48.0,-1.8779342723004695,52.155768421821335,2558.09307292,2558.09307292,2483.80626042,2506.0,-52.0,-2.032838154808444,1783356899999,2026-07-06 16:54:59 UTC,2.0,0.07980845969672785,-0.0027112,0.0,-0.0102905,-0.0007264,0.0009215100000000001,-55.91992281131858,1783356899999,2026-07-06 16:54:59 UTC,36872,-4608.0,-11.108968177434908,2692.621,46.86500000000024,1.7713273635210594,6767776.221,-76986.48300000001,-1.1247502116473664,binance_kline_quote_asset_volume,0.07302617162074203,183.5478471740074,99.0,3.873239436619718,-48.0,-1.8779342723004695,48.0,1.8779342723004695,3.0,3.0303030303030303,48.0,48.484848484848484,0.48484848484848486,1265.802,1426.8190000000002,47.01003223253476,52.98996776746524,3183078.365,146898.30100000044,4.838260508385989,3584697.8559999997,-223884.78400000045,-5.8784278867584305,47.03285482642143,52.967145173578565,0.8871496664958903,0.8879628054766802,-401619.49099999946,-5.934290347157143,2816.678,7205062.324,-108.84799999999996,-3.7206300678920634,-553432.6279999996,-7.133247252514287,1.0105,-0.0040000000000000036,-0.3942828979793005,50.260000000000005,49.74,1.0042,0.01319999999999999,1.3319878910191716,50.1,49.9,1.0206,-0.10070000000000001,-8.980647462766434,50.51,49.49,-0.006299999999999972,0.010099999999999998,0.01639999999999997,1783353600000,2026-07-06 16:00:00 UTC,-0.00154131,2580.0
FINAL_REAL_MARK_PREMIUM_CLOSED_GUARD_2026_06_13,1783356900000,2026-07-06 16:55:00 UTC,YFIUSDT,1783356900000,2026-07-06 16:55:00 UTC,1783357199999,2026-07-06 16:59:59 UTC,True,2507.0,2654.0,2490.0,2649.0,141.0,5.62200956937799,62.30872656088065,2506.0,2654.40738542,2493.0,2642.9551875,136.9551875000002,5.465091280925786,1783357199999,2026-07-06 16:59:59 UTC,6.044812499999807,0.22871415030376133,-0.00275184,0.0039244,-0.00486796,-0.00143687,-0.00071047,97.8069933920705,1783357199999,2026-07-06 16:59:59 UTC,42350,5478.0,14.856801909307876,2408.102,-284.51900000000023,-10.566618918889818,6219875.855,-547900.3659999995,-8.095722259549566,binance_kline_quote_asset_volume,0.05686191263282172,146.86837910271547,164.0,6.541683286796969,142.0,5.664140406860789,142.0,5.664140406860789,5.0,3.048780487804878,17.0,10.365853658536585,0.9695121951219512,1370.165,1037.937,56.89812973038517,43.10187026961482,3539210.203,356131.838,11.188283704099128,2680665.6520000002,-904032.2039999994,-25.219202295860093,56.90162127842019,43.098378721579806,1.3200849377177999,1.3202728957859604,858544.551,13.803242556840386,2810.935,7044203.11,-5.742999999999938,-0.20389267072771322,-160859.2139999997,-2.2325860175307444,1.0125,0.0020000000000000018,0.1979218208807523,50.31,49.69,1.0041,-9.999999999998899e-05,-0.009958175662217584,50.1,49.9,0.9818,-0.038799999999999946,-3.8016852831667594,49.54,50.46000000000001,-0.008399999999999963,-0.03069999999999995,-0.022299999999999986,1783353600000,2026-07-06 16:00:00 UTC,-0.00154131,2580.0
FINAL_REAL_MARK_PREMIUM_CLOSED_GUARD_2026_06_13,1783357200000,2026-07-06 17:00:00 UTC,YFIUSDT,1783357200000,2026-07-06 17:00:00 UTC,1783357499999,2026-07-06 17:04:59 UTC,True,2649.0,2651.0,2548.0,2577.0,-72.0,-2.7180067950169877,55.797325290204604,2648.7676875,2648.7676875,2555.0,2578.34835129,-64.60683620999998,-2.4444923060202273,1783357499999,2026-07-06 17:04:59 UTC,-1.3483512900002097,-0.0522951559018626,-0.00413516,-0.00082817,-0.00951954,-0.00273499,-0.00129812,90.3435940620933,1783357499999,2026-07-06 17:04:59 UTC,27200,-15150.0,-35.773317591499406,1747.378,-660.7239999999999,-27.43754209746929,4541134.126,-1678741.7290000003,-26.98995555756153,binance_kline_quote_asset_volume,0.06424183823529411,166.95346051470588,103.0,3.8882597206493017,-72.0,-2.7180067950169877,72.0,2.7180067950169877,2.0,1.9417475728155338,29.0,28.155339805825243,0.2815533980582524,819.494,927.8839999999999,46.89849591788383,53.10150408211617,2130570.199,-1408640.0040000002,-39.800970363556566,2410563.927,-270101.7250000001,-10.07591994169365,46.91713875618744,53.08286124381255,0.8831858292631408,0.8838472090020618,-279993.7280000001,-6.165722487625112,2782.032,7352785.906191,-28.902999999999793,-1.0282343775291778,308582.79619099945,4.380662956082756,1.0383,0.025800000000000045,2.5481481481481527,50.94,49.059999999999995,1.004,-9.999999999998899e-05,-0.009959167413603125,50.1,49.9,1.0855,0.1036999999999999,10.562232633937656,52.05,47.949999999999996,-0.0343,0.04719999999999991,0.0814999999999999,1783353600000,2026-07-06 16:00:00 UTC,-0.00154131,2580.0
FINAL_REAL_MARK_PREMIUM_CLOSED_GUARD_2026_06_13,1783357500000,2026-07-06 17:05:00 UTC,YFIUSDT,1783357500000,2026-07-06 17:05:00 UTC,1783357799999,2026-07-06 17:09:59 UTC,True,2578.0,2630.0,2550.0,2618.0,41.0,1.590997283663174,58.459481533417744,2578.34835129,2627.85384207,2551.82570833,2616.4423125,38.093961209999634,1.477455953185707,1783357799999,2026-07-06 17:09:59 UTC,1.5576875000001564,0.05953456311871797,-0.00418738,0.00229305,-0.00534056,-0.00408459,-0.0013495999999999998,49.34570144680601,1783357799999,2026-07-06 17:09:59 UTC,17795,-9405.0,-34.57720588235294,1088.5,-658.8779999999999,-37.70666678875435,2825583.891,-1715550.2350000003,-37.7780128795958,binance_kline_quote_asset_volume,0.0611688676594549,158.7852706378196,80.0,3.1031807602792862,40.0,1.5515903801396431,40.0,1.5515903801396431,12.0,15.0,28.0,35.0,0.85,579.771,508.72900000000004,53.26329811667432,46.73670188332568,1505595.474,-624974.7250000001,-29.33368378537055,1319988.417,-1090575.5100000002,-45.2415095814217,53.28440181144847,46.71559818855153,1.139646059100228,1.140612640694104,185607.05700000003,6.5688036228969295,2773.729,7151639.59407526,-8.303000000000338,-0.29845091645244687,-201146.31211574003,-2.7356476127827425,1.0973,0.05899999999999994,5.682365404988919,52.32,47.68,1.0074,0.0034000000000000696,0.33864541832670014,50.18,49.82,1.1218,0.0363,3.344081068631967,52.87,47.13,-0.08989999999999987,0.024499999999999966,0.11439999999999984,1783353600000,2026-07-06 16:00:00 UTC,-0.00154131,2580.0
FINAL_REAL_MARK_PREMIUM_CLOSED_GUARD_2026_06_13,1783357800000,2026-07-06 17:10:00 UTC,YFIUSDT,1783357800000,2026-07-06 17:10:00 UTC,1783358099999,2026-07-06 17:14:59 UTC,True,2618.0,2650.0,2566.0,2635.0,17.0,0.6493506493506493,59.547362997095014,2617.0,2650.4054183,2571.93388542,2635.33738147,18.89506897000001,0.7221664654989413,1783358099999,2026-07-06 17:14:59 UTC,-0.33738146999985474,-0.012802211677795206,-0.00272943,0.0,-0.00693577,-0.00353461,0.0005499799999999998,-13.464754112407851,1783358099999,2026-07-06 17:14:59 UTC,18298,503.0,2.8266366957010396,1175.743,87.24299999999994,8.014974735875052,3072773.536,247189.64500000002,8.748267775285106,binance_kline_quote_asset_volume,0.06425527380041535,167.9294751338944,84.0,3.2085561497326207,17.0,0.6493506493506493,17.0,0.6493506493506493,15.0,17.857142857142858,52.0,61.904761904761905,0.8214285714285714,586.86,588.8829999999999,49.913969294310064,50.086030705689936,1534601.004,29005.530000000028,1.926515488449192,1538172.532,218184.115,16.529244665334062,49.941884295113894,50.0581157048861,0.9965646826279585,0.9976780706158132,-3571.527999999933,-0.11623140977220175,2754.69,7207487.47382063,-19.03899999999976,-0.6864044757076038,55847.87974537071,0.7809101536889191,1.0803,-0.016999999999999904,-1.5492572678392331,51.93,48.07,1.007,-0.000400000000000178,-0.03970617431012289,50.17,49.830000000000005,1.1101,-0.011699999999999822,-1.0429666607238208,52.61,47.39,-0.07330000000000014,0.02980000000000005,0.10310000000000019,1783353600000,2026-07-06 16:00:00 UTC,-0.00154131,2580.0
FINAL_REAL_MARK_PREMIUM_CLOSED_GUARD_2026_06_13,1783358100000,2026-07-06 17:15:00 UTC,YFIUSDT,1783358100000,2026-07-06 17:15:00 UTC,1783358399999,2026-07-06 17:19:59 UTC,True,2636.0,2636.0,2580.0,2617.0,-18.0,-0.683111954459203,57.820724342595135,2637.83738147,2637.83738147,2585.0,2618.0,-17.337381469999855,-0.6578809070863256,1783358399999,2026-07-06 17:19:59 UTC,-1.0,-0.03819709702062643,-0.00600661,6.888e-05,-0.00632953,-0.00118964,0.00234497,-66.3431043311709,1783358399999,2026-07-06 17:19:59 UTC,15183,-3115.0,-17.02371843917368,1026.77,-148.97299999999996,-12.670541096140905,2673452.017,-399321.51899999985,-12.995475075583308,binance_kline_quote_asset_volume,0.06762629256405189,176.0819348613581,56.0,2.12443095599393,-19.0,-0.7207890743550834,19.0,0.7207890743550834,0.0,0.0,37.0,66.07142857142857,0.6607142857142857,500.347,526.423,48.73019274034107,51.269807259658926,1303470.575,-231130.429,-15.061271848353359,1369981.442,-168191.08999999985,-10.93447493704171,48.75608638986095,51.24391361013906,0.9504656901389187,0.9514512642573445,-66510.86700000009,-2.487827220278107,2775.437,7321151.46851495,20.746999999999844,0.7531518973096735,113663.99469431955,1.577026600561918,1.0838,0.0035000000000000586,0.3239840784967193,52.01,47.99,0.994,-0.0129999999999999,-1.290963257199593,49.85,50.14999999999999,1.1191,0.008999999999999897,0.8107377713719391,52.81,47.19,-0.0898000000000001,0.03529999999999989,0.1251,1783353600000,2026-07-06 16:00:00 UTC,-0.00154131,2580.0
FINAL_REAL_MARK_PREMIUM_CLOSED_GUARD_2026_06_13,1783358400000,2026-07-06 17:20:00 UTC,YFIUSDT,1783358400000,2026-07-06 17:20:00 UTC,1783358699999,2026-07-06 17:24:59 UTC,True,2617.0,2642.0,2588.0,2601.0,-16.0,-0.6113870844478411,56.259144444706386,2618.0,2637.28030172,2592.98851042,2598.0,-20.0,-0.7639419404125287,1783358699999,2026-07-06 17:24:59 UTC,3.0,0.11547344110854503,-0.00056365,0.0,-0.0034572,-0.00207927,-0.0008896299999999998,74.78144648801316,1783358699999,2026-07-06 17:24:59 UTC,13254,-1929.0,-12.704999012052953,749.405,-277.365,-27.013352552178194,1957184.871,-716267.146,-26.79184595217667,binance_kline_quote_asset_volume,0.05654179870227855,147.66748687188775,54.0,2.0634314100114635,-16.0,-0.6113870844478411,16.0,0.6113870844478411,25.0,46.2962962962963,13.0,24.074074074074073,0.24074074074074073,380.944,368.46099999999996,50.83286073618404,49.167139263815955,995495.803,-307974.772,-23.627289937097355,961689.0680000001,-408292.37399999995,-29.802766773537066,50.86365717160706,49.136342828392934,1.0338787551464064,1.0351534982822534,33806.73499999987,1.7273143432141251,2787.806,7298476.108,12.369000000000142,0.44565954838824096,-22675.360514950007,-0.3097239636752054,1.0747,-0.009100000000000108,-0.8396383096512371,51.800000000000004,48.199999999999996,0.9947,0.0007000000000000339,0.07042253521127102,49.87,50.129999999999995,1.1093,-0.009800000000000031,-0.8757036904655555,52.59,47.410000000000004,-0.07999999999999996,0.034599999999999964,0.11459999999999992,1783353600000,2026-07-06 16:00:00 UTC,-0.00154131,2580.0
FINAL_REAL_MARK_PREMIUM_CLOSED_GUARD_2026_06_13,1783358700000,2026-07-06 17:25:00 UTC,YFIUSDT,1783358700000,2026-07-06 17:25:00 UTC,1783358999999,2026-07-06 17:29:59 UTC,True,2601.0,2626.0,2583.0,2601.0,0.0,0.0,56.259144444706386,2600.0,2625.0,2587.27708333,2600.0,2.0,0.07698229407236336,1783358999999,2026-07-06 17:29:59 UTC,1.0,0.038461538461538464,-0.0020969,0.0,-0.00349741,-0.00132303,0.0007562399999999998,-36.37045693921424,1783358999999,2026-07-06 17:29:59 UTC,14917,1663.0,12.547155575675268,773.298,23.89300000000003,3.188262688399467,2011379.874,54195.003000000026,2.769028301976897,binance_kline_quote_asset_volume,0.05184004826707783,134.83809572970438,43.0,1.6532103037293349,0.0,0.0,0.0,0.0,25.0,58.139534883720934,18.0,41.86046511627907,0.4186046511627907,380.283,393.015,49.176772731857575,50.823227268142425,989272.792,-6223.01099999994,-0.625116748985424,1022107.082,60418.01399999997,6.282489425157942,49.18378695082836,50.81621304917163,0.9676042899125988,0.9678758805430133,-32834.29000000004,-1.6324260983432728,2821.034,7329046.332,33.228000000000065,1.1919050321292108,30570.224000000395,0.4188576292863628,1.0585,-0.016199999999999992,-1.5073974132315988,51.42,48.58,1.0065,0.011799999999999922,1.1862873228108899,50.160000000000004,49.84,1.089,-0.020299999999999985,-1.8299828720814915,52.129999999999995,47.870000000000005,-0.052000000000000046,0.03049999999999997,0.08250000000000002,1783353600000,2026-07-06 16:00:00 UTC,-0.00154131,2580.0
FINAL_REAL_MARK_PREMIUM_CLOSED_GUARD_2026_06_13,1783359000000,2026-07-06 17:30:00 UTC,YFIUSDT,1783359000000,2026-07-06 17:30:00 UTC,1783359299999,2026-07-06 17:34:59 UTC,True,2600.0,2692.0,2589.0,2643.0,42.0,1.6147635524798154,59.58230198973246,2601.0,2683.96119792,2594.61352083,2643.23335417,43.233354169999984,1.6628213142307686,1783359299999,2026-07-06 17:34:59 UTC,-0.23335416999998415,-0.00882836052412253,-0.00048531,0.0023171,-0.00565472,-0.00339342,-0.00207039,156.48851499965988,1783359299999,2026-07-06 17:34:59 UTC,27126,12209.0,81.84621572702287,1501.709,728.4110000000001,94.19538134069919,3972848.094,1961468.22,97.51853667001542,binance_kline_quote_asset_volume,0.05536050283860503,146.45904644990046,103.0,3.9615384615384617,43.0,1.653846153846154,43.0,1.653846153846154,49.0,47.57281553398058,11.0,10.679611650485436,0.5242718446601942,785.529,716.1800000000001,52.30900260969336,47.69099739030664,2078302.199,1089029.4070000001,110.0838328726623,1894545.895,872438.813,85.35688954359479,52.31265202761614,47.68734797238386,1.0968318020609342,1.0969922684295805,183756.304,4.625304055232271,2831.028,7360672.8,9.993999999999687,0.3542672651233444,31626.46799999941,0.43152228226355016,1.0479,-0.010599999999999943,-1.001417099669338,51.17,48.83,1.0159,0.009400000000000075,0.9339294585196299,50.39,49.61,1.064,-0.02499999999999991,-2.295684113865924,51.55,48.449999999999996,-0.03200000000000003,0.016100000000000003,0.04810000000000003,1783353600000,2026-07-06 16:00:00 UTC,-0.00154131,2580.0
FINAL_REAL_MARK_PREMIUM_CLOSED_GUARD_2026_06_13,1783359300000,2026-07-06 17:35:00 UTC,YFIUSDT,1783359300000,2026-07-06 17:35:00 UTC,1783359599999,2026-07-06 17:39:59 UTC,True,2643.0,2662.0,2600.0,2602.0,-41.0,-1.5512674990541053,55.17544693044719,2645.0,2658.0,2603.65729167,2605.0,-38.233354169999984,-1.4464615509516987,1783359599999,2026-07-06 17:39:59 UTC,-3.0,-0.11516314779270634,-0.00562777,-0.00050093,-0.00769123,-0.00610769,-0.00271427,79.98626754130052,1783359599999,2026-07-06 17:39:59 UTC,15493,-11633.0,-42.88505492885054,840.293,-661.416,-44.044218953205984,2209945.981,-1762902.113,-44.373760871009026,binance_kline_quote_asset_volume,0.05423694571742077,142.64157884205773,62.0,2.345819144911086,-41.0,-1.5512674990541053,41.0,1.5512674990541053,19.0,30.64516129032258,2.0,3.225806451612903,0.03225806451612903,397.989,442.30400000000003,47.363122149059905,52.63687785094009,1047119.524,-1031182.675,-49.616589709435225,1162826.4570000002,-731719.4379999998,-38.62241817055585,47.38213209746324,52.617867902536766,0.899808728838084,0.9004950976962505,-115706.9330000002,-5.235735805073517,2887.612,7632632.35230154,56.58400000000029,1.9987085963120215,271959.55230154004,3.6947648630915917,1.0446,-0.0033000000000000806,-0.3149155453764749,51.09,48.91,0.9825,-0.033399999999999985,-3.2877251698001757,49.559999999999995,50.44,1.096,0.03200000000000003,3.0075187969924837,52.290000000000006,47.71,-0.06209999999999993,0.05140000000000011,0.11350000000000005,1783353600000,2026-07-06 16:00:00 UTC,-0.00154131,2580.0
FINAL_REAL_MARK_PREMIUM_CLOSED_GUARD_2026_06_13,1783359600000,2026-07-06 17:40:00 UTC,YFIUSDT,1783359600000,2026-07-06 17:40:00 UTC,1783359899999,2026-07-06 17:44:59 UTC,True,2601.0,2603.0,2524.0,2578.0,-24.0,-0.9223674096848578,52.71746830219675,2603.41458333,2603.41458333,2536.16736458,2580.99247917,-24.007520829999976,-0.9215938898272543,1783359899999,2026-07-06 17:44:59 UTC,-2.992479170000024,-0.11594296357509537,-0.00683519,0.0,-0.00896243,-0.00489017,0.0012175199999999997,-19.934214080937306,1783359899999,2026-07-06 17:44:59 UTC,26132,10639.0,68.6697218098496,1571.094,730.801,86.96978315896955,4028320.242,1818374.261,82.28138952867916,binance_kline_quote_asset_volume,0.06012146027858564,154.15277215674269,79.0,3.037293348712034,-23.0,-0.8842752787389465,23.0,0.8842752787389465,2.0,2.5316455696202533,54.0,68.35443037974683,0.6835443037974683,708.215,862.879,45.07782475141526,54.92217524858475,1816486.524,769367.0,73.47461128993332,2211833.7180000003,1049007.2610000002,90.21185015916782,45.09290262132044,54.90709737867957,0.8207581827811316,0.821258175611192,-395347.19400000037,-9.814194757359123,2935.969,7648199.245,48.35699999999997,1.6746363431098075,15566.892698460259,0.20395182133679252,1.0521,0.007500000000000062,0.7179781734635327,51.27,48.730000000000004,0.9995,0.017000000000000015,1.7302798982188312,49.99,50.01,1.1008,0.0047999999999999154,0.4379562043795543,52.400000000000006,47.599999999999994,-0.05259999999999998,0.048699999999999966,0.10129999999999995,1783353600000,2026-07-06 16:00:00 UTC,-0.00154131,2580.0
FINAL_REAL_MARK_PREMIUM_CLOSED_GUARD_2026_06_13,1783359900000,2026-07-06 17:45:00 UTC,YFIUSDT,1783359900000,2026-07-06 17:45:00 UTC,1783360199999,2026-07-06 17:49:59 UTC,True,2579.0,2594.0,2566.0,2580.0,2.0,0.07757951900698215,52.90574803923186,2580.99247917,2594.0,2567.0,2576.0,-4.992479170000024,-0.19343253458861354,1783360199999,2026-07-06 17:49:59 UTC,4.0,0.15527950310559005,-0.00319487,0.0,-0.00600879,-0.0018943,0.0029958700000000003,-61.263105372614866,1783360199999,2026-07-06 17:49:59 UTC,9277,-16855.0,-64.49946425838053,537.372,-1033.7220000000002,-65.79631772510112,1385873.309,-2642446.933,-65.59674440600247,binance_kline_quote_asset_volume,0.05792519133340519,149.3880897919586,28.0,1.0856921287320667,1.0,0.038774718883288095,1.0,0.038774718883288095,14.0,50.0,13.0,46.42857142857143,0.5,273.499,263.87299999999993,50.89565515136629,49.104344848633716,705478.757,-1111007.767,-61.1624557804867,680394.5519999999,-1531439.1660000004,-69.23844019272701,50.90499632387393,49.09500367612606,1.0364796701443502,1.0368671455793785,25084.205000000075,1.809992647747867,2843.845,7339942.55692521,-92.12400000000025,-3.1377715500402164,-308256.68807478994,-4.030447928985536,1.0708,0.01869999999999994,1.7773975857808135,51.71,48.29,1.02,0.020499999999999963,2.0510255127563743,50.49,49.51,1.064,-0.036799999999999944,-3.3430232558139483,51.55,48.449999999999996,-0.050799999999999956,-0.006799999999999917,0.04400000000000004,1783353600000,2026-07-06 16:00:00 UTC,-0.00154131,2580.0
FINAL_REAL_MARK_PREMIUM_CLOSED_GUARD_2026_06_13,1783360200000,2026-07-06 17:50:00 UTC,YFIUSDT,1783360200000,2026-07-06 17:50:00 UTC,1783360499999,2026-07-06 17:54:59 UTC,True,2581.0,2599.0,2567.0,2585.0,5.0,0.1937984496124031,53.405281113877855,2577.0,2596.20662716,2569.960875,2587.378375,11.378374999999778,0.44170710403725844,1783360499999,2026-07-06 17:54:59 UTC,-2.378374999999778,-0.09192219518336889,-0.00144832,0.0,-0.00568844,-0.00327755,-0.0013832500000000001,73.02169666895423,1783360499999,2026-07-06 17:54:59 UTC,8605,-672.0,-7.243721030505551,462.561,-74.81099999999998,-13.921640874478012,1194553.015,-191320.294,-13.80503490164266,binance_kline_quote_asset_volume,0.05375490993608367,138.82080360255665,32.0,1.239829523440527,4.0,0.15497869043006587,4.0,0.15497869043006587,14.0,43.75,14.0,43.75,0.5625,247.862,214.69899999999998,53.58471639416207,46.41528360583793,640301.607,-65177.15000000002,-9.238711917728235,554251.4079999999,-126143.14399999997,-18.539705179767516,53.601773965636845,46.398226034363155,1.1544627594911947,1.1552548135340055,86050.19900000002,7.203547931273693,2856.428,7358158.528,12.583000000000084,0.4424643396528321,18215.971074789762,0.24817593507735367,1.073,0.0021999999999999797,0.20545386626820877,51.76,48.24,1.0112,-0.008799999999999919,-0.8627450980392076,50.28,49.72,1.0597,-0.0042999999999999705,-0.40413533834586185,51.449999999999996,48.55,-0.061799999999999855,-0.013299999999999867,0.04849999999999999,1783353600000,2026-07-06 16:00:00 UTC,-0.00154131,2580.0
FINAL_REAL_MARK_PREMIUM_CLOSED_GUARD_2026_06_13,1783360500000,2026-07-06 17:55:00 UTC,YFIUSDT,1783360500000,2026-07-06 17:55:00 UTC,1783360799999,2026-07-06 17:59:59 UTC,True,2585.0,2646.0,2584.0,2607.0,22.0,0.851063829787234,55.63511771113525,2587.378375,2643.02434267,2586.0,2609.45545833,22.077083330000278,0.8532607191632836,1783360799999,2026-07-06 17:59:59 UTC,-2.455458330000056,-0.09409849561377455,-0.0026442,0.00087477,-0.00478266,-0.00406178,-0.0007842299999999999,23.92732376317676,1783360799999,2026-07-06 17:59:59 UTC,14864,6259.0,72.7367809413132,749.406,286.84499999999997,62.01236161284673,1961446.282,766893.267,64.19918223554106,binance_kline_quote_asset_volume,0.05041751883745963,131.9595184337998,62.0,2.398452611218569,22.0,0.851063829787234,22.0,0.851063829787234,39.0,62.903225806451616,1.0,1.6129032258064515,0.3709677419354839,406.937,342.46899999999994,54.30127327510055,45.698726724899444,1065431.204,425129.59699999995,66.39521006231053,896015.078,341763.67000000004,61.66221051801101,54.31865321917595,45.68134678082405,1.188244775439529,1.1890773159511496,169416.12599999993,8.6373064383519,2852.391,7380214.79044463,-4.036999999999807,-0.1413303608562795,22056.262444630265,0.2997524769369887,1.0678,-0.005199999999999871,-0.4846225535880589,51.64,48.36,0.9988,-0.012400000000000078,-1.2262658227848178,49.97,50.029999999999994,1.0606,0.0008999999999999009,0.08492969708407104,51.470000000000006,48.53,-0.06900000000000006,-0.007200000000000095,0.061799999999999966,1783353600000,2026-07-06 16:00:00 UTC,-0.00154131,2580.0
