acco_ls_ratio,avg_quote_per_trade,avg_quote_per_trade_rz,close,close_time,funding_rate,global_ls_ratio,number_of_trades,number_of_trades_rz,oi,oi_change_pct,oi_rz,oi_value,oi_value_rz,posit_ls_ratio,price_abs_rz,price_change_pct,quote_volume,quote_volume_rz,rsi,source,taker_quote_imbalance_pct,timeframe,timestamp
2.6036,32.908743745235604,,0.0003367,1781755199999,5e-05,2.888,4775.0,,9367564975.0,,,3108907.463903,,1.4105,,,157139.2513835,,54.2031888429033,AKEUSDT_4h_limit500_20260717_211446_enriched_candles.csv,-23.621894772115233,4h,1781740800000
2.6036,39.28605049631017,,0.0003222,1781827199999,5e-05,2.888,55531.0,,9367564975.0,,,3108907.463903,,1.4105,,,2181593.6701106,,52.313355460229786,AKEUSDT_1d_limit500_20260717_212121_enriched_candles.csv,-9.34016024059466,1d,1781740800000
2.5804,39.84839337530393,,0.0003601,1781769599999,5e-05,2.937,9953.0,,9367217505.0,-0.003709288389541765,,3151225.64085705,,1.4196,,6.949806949806958,396611.0592644,,60.3668979336985,AKEUSDT_4h_limit500_20260717_211446_enriched_candles.csv,3.2003170444469013,4h,1781755200000
2.2798,43.56114183340515,,0.0003576,1781783999999,5e-05,2.6219,10675.0,,9382893895.0,0.16735375250582774,,3378780.0915895,,1.4265,,-0.6942515967786722,465015.1890716,,59.446361448185876,AKEUSDT_4h_limit500_20260717_211446_enriched_candles.csv,-7.6204076990147005,4h,1781769600000
2.2906,48.27169901111033,,0.0003368,1781798399999,5e-05,2.6179,14095.0,,9541084848.0,1.6859505688783027,,3410460.7789176,,1.4077,,-5.81655480984341,680389.5975616,,52.30047964413748,AKEUSDT_4h_limit500_20260717_211446_enriched_candles.csv,-11.076311743519417,4h,1781784000000
2.4305,33.112786852313064,,0.0003307,1781812799999,5e-05,2.7722,10030.0,,9511830339.0,-0.3066161706562376,,3203584.4581752,,1.3961,,-1.8111638954869336,332121.2521287,,50.38752462782778,AKEUSDT_4h_limit500_20260717_211446_enriched_candles.csv,-13.719325673818439,4h,1781798400000
2.4483,25.040366600166582,,0.0003222,1781827199999,0.00069081,2.7481,6003.0,,9518377270.0,0.06882935004797197,,3145442.9526442,,1.3862,,-2.5703054127608094,150317.3207008,,47.76578373605348,AKEUSDT_4h_limit500_20260717_211446_enriched_candles.csv,-15.284309768619837,4h,1781812800000
2.5286,40.27339233289325,,0.0003299,1781841599999,0.00069081,2.8476,6211.0,,9465753147.0,-0.5528686403916794,,3052705.3899075,,1.3862,,2.38981998758534,250138.0397796,,50.28911750819511,AKEUSDT_4h_limit500_20260717_211446_enriched_candles.csv,-8.160580588936378,4h,1781827200000
2.5286,33.79281228911968,,0.0003279,1781913599999,0.00069081,2.8476,30330.0,,9465753147.0,1.0481717742235386,,3052705.3899075,,1.3862,,1.7690875232774683,1024935.996729,,53.3802575596091,AKEUSDT_1d_limit500_20260717_212121_enriched_candles.csv,-1.9455341363986034,1d,1781827200000
2.4771,32.06539196868639,,0.0003244,1781855999999,0.00020723,2.861,4225.0,,9450855904.0,-0.15738042994203338,,3117837.3627296,,1.5168,,-1.6671718702637062,135476.2810677,,48.487326145900404,AKEUSDT_4h_limit500_20260717_211446_enriched_candles.csv,-17.99930416152661,4h,1781841600000
2.7175,29.62918746909199,,0.000325,1781870399999,0.00020723,3.09,5044.0,,9444031777.0,-0.07220644425560696,,3063643.9084588,,1.5185,,0.1849568434031834,149449.6215941,,48.7032465131932,AKEUSDT_4h_limit500_20260717_211446_enriched_candles.csv,-13.953126611946685,4h,1781856000000
2.6996,31.318931988763083,,0.0003253,1781884799999,5e-05,3.1254,4681.0,,9402406829.0,-0.44075400192292724,,3055782.219425,,1.5092,,0.09230769230770264,146603.9206394,,48.81876326820875,AKEUSDT_4h_limit500_20260717_211446_enriched_candles.csv,17.85192158248895,4h,1781870400000
2.8124,35.8396467421658,,0.0003277,1781899199999,5e-05,3.2355,6695.0,,9409825321.0,0.0788999256777334,,3060075.1943892,,1.5044,,0.7377805102981805,239946.4349388,,49.79284496730511,AKEUSDT_4h_limit500_20260717_211446_enriched_candles.csv,8.000918581056043,4h,1781884800000
2.9308,29.74142162043754,,0.0003279,1781913599999,5e-05,3.3328,3474.0,,9456370215.0,0.4946414243856889,,3096677.55430605,,1.4936,,0.06103143118705301,103321.6987094,,49.878452605551125,AKEUSDT_4h_limit500_20260717_211446_enriched_candles.csv,0.32944057506965996,4h,1781899200000
3.008,38.216063164802854,,0.0003492,1781927999999,5e-05,3.4131,7279.0,,9441286189.0,-0.1595117963557824,,3092398.87834506,,1.4935,,6.495882891125326,278174.7237766,,58.07694687547903,AKEUSDT_4h_limit500_20260717_211446_enriched_candles.csv,9.465303722830518,4h,1781913600000
3.008,53.434121220750335,,0.0004305,1781999999999,5e-05,3.4131,111897.0,,9441286189.0,-0.25847872451389975,,3092398.87834506,,1.4935,,31.29002744739249,5979117.8622383,,67.48281631931164,AKEUSDT_1d_limit500_20260717_212121_enriched_candles.csv,-1.7835599415325607,1d,1781913600000
2.937,39.56952934505849,,0.0003726,1781942399999,5e-05,3.4014,9916.0,,9475381317.0,0.3611280001206252,,3308803.1558964,,1.5004,,6.70103092783505,392371.4529856,,64.87450615032529,AKEUSDT_4h_limit500_20260717_211446_enriched_candles.csv,-0.7040640364581654,4h,1781928000000
2.9541,49.45002638911255,,0.0003848,1781956799999,5e-05,3.4267,16046.0,,9497300431.0,0.23132698586678657,,3547241.7109785,,1.5011,,3.2742887815351507,793475.1234397,,67.80547237492982,AKEUSDT_4h_limit500_20260717_211446_enriched_candles.csv,-3.5226335103149715,4h,1781942400000
2.8241,53.64232586594274,,0.000406,1781971199999,5e-05,2.9952,34718.0,,9653827703.0,1.6481238341063964,,3709772.90970884,,1.5004,,5.509355509355518,1862354.2694138,,72.15373737017107,AKEUSDT_4h_limit500_20260717_211446_enriched_candles.csv,-5.307495176205789,4h,1781956800000
2.3146,58.00769309457277,,0.0003975,1781985599999,5e-05,2.4831,13377.0,,9563222751.0,-0.9385391451708247,,3882668.436906,,1.4778,,-2.0935960591133007,775968.9105261,,68.17775551406955,AKEUSDT_4h_limit500_20260717_211446_enriched_candles.csv,-10.358677761742152,4h,1781971200000
2.3124,61.41073204726612,,0.0004305,1781999999999,0.00063628,2.5039,30561.0,,9492107562.0,-0.7436320459289103,,3769695.59717268,,1.4738,,8.301886792452828,1876773.3820965,,74.13647538739748,AKEUSDT_4h_limit500_20260717_211446_enriched_candles.csv,4.1010287161213865,4h,1781985600000
2.0817,57.37643639064905,,0.0004265,1782014399999,0.00022495,2.34,43664.0,,9589482319.0,1.0258497005430467,,4132491.51054986,,1.4786,,-0.9291521486643362,2505284.7185613,,72.36760068859692,AKEUSDT_4h_limit500_20260717_211446_enriched_candles.csv,-5.09721962653545,4h,1782000000000
2.0817,48.40423349947279,,0.0004096,1782086399999,0.00022495,2.34,96546.0,,9589482319.0,1.5696603940749343,,4132491.51054986,,1.4786,,-4.854819976771196,4673235.1274401,,63.28328638419489,AKEUSDT_1d_limit500_20260717_212121_enriched_candles.csv,-6.750297192461206,1d,1782000000000
1.7307,46.9121500170113,,0.0004059,1782028799999,0.00034083,1.986,19199.0,,9540221410.0,-0.5136972712530885,,4060318.232096,,1.4399,,-4.830011723329431,900666.3681766,,63.91036651958123,AKEUSDT_4h_limit500_20260717_211446_enriched_candles.csv,-14.362423720681882,4h,1782014400000
1.6853,39.655050121998386,-0.004535797371733,0.0004034,1782043199999,5.831e-05,1.891,12360.0,0.36150146693735496,9356018868.0,-1.930799444622111,-1.4234971939060992,3797420.93814384,3.395502881010045,1.4284,,-0.6159152500615939,490136.4195079,0.4026734563903252,62.94890952222214,AKEUSDT_4h_limit500_20260717_211446_enriched_candles.csv,-4.173543033557477,4h,1782028800000
1.6645,42.919457904245824,0.29010655611482294,0.0004094,1782057599999,5.831e-05,1.8694,8738.0,-0.19785249788749396,9328134870.0,-0.29803272517299195,-1.6596768350902957,3763902.420045,2.5569891580655026,1.4159,-0.2763316491446804,1.4873574615765994,375030.2231673,-0.048149158508472276,64.33563033596721,AKEUSDT_4h_limit500_20260717_211446_enriched_candles.csv,-11.534160371550469,4h,1782043200000
1.6717,31.85168661685151,-0.7177988223011353,0.0004108,1782071999999,0.00051853,1.8868,6492.0,-0.5738830856092436,9368646635.0,0.43429651869946184,-1.0749808440028008,3835523.932369,2.0107223514109664,1.4423,-0.799535301462023,0.34196384953590897,206781.1495166,-0.5103577979434114,64.66792142554432,AKEUSDT_4h_limit500_20260717_211446_enriched_candles.csv,-0.6245752985797887,4h,1782057600000
1.6788,32.05912498119153,-0.6750466945610429,0.0004096,1782086399999,0.00051853,1.9155,6093.0,-0.658976313378482,9300045085.0,-0.7322461041887718,-1.700446793553048,3819807.51776205,1.4058911009318515,1.4359,-0.760012465414718,-0.292112950340806,195336.2485104,-0.539362638782646,64.11648966811218,AKEUSDT_4h_limit500_20260717_211446_enriched_candles.csv,3.3809754631631437,4h,1782072000000
1.6546,31.939371088227258,-0.6854680201425285,0.0004232,1782100799999,5e-05,1.9044,7322.0,-0.36678924566042853,9225732451.0,-0.799056706938539,-2.2689593414249223,3778860.0119296,1.0408506062018261,1.4346,0.6928295896641965,3.3203125,233860.075108,-0.40404311713187396,67.49901981907239,AKEUSDT_4h_limit500_20260717_211446_enriched_candles.csv,14.631272657976465,4h,1782086400000
1.6546,38.91556438826924,,0.0003643,1782172799999,5e-05,1.9044,70004.0,,9225732451.0,-3.7932169422669304,,3778860.0119296,,1.4346,,-11.05957031249999,2724245.1694364,,55.25672998015005,AKEUSDT_1d_limit500_20260717_212121_enriched_candles.csv,-12.622708982765365,1d,1782086400000
1.6089,46.96346674770665,0.6640301571805151,0.0003663,1782115199999,0.00037433,1.9129,28430.0,3.667049187465489,9223721470.0,-0.02179752134240376,-2.2541983360887916,3902741.0283864,1.1088824940389832,1.4392,5.2054184673085935,-13.44517958412098,1335171.3596373,3.866380618404875,47.37697461035473,AKEUSDT_4h_limit500_20260717_211446_enriched_candles.csv,-21.878577245489573,4h,1782100800000
1.8877,30.135529013061088,-0.8466160933950906,0.0003694,1782129599999,0.0002573,2.2041,8889.0,-0.08012652847843775,9647986761.0,4.599719238920175,1.8067664551387879,3533575.15121625,0.2816542934746205,1.3406,-0.48028794610316444,0.8463008463008403,267874.7173971,-0.2892429163309001,48.28156944233433,AKEUSDT_4h_limit500_20260717_211446_enriched_candles.csv,14.979569457245983,4h,1782115200000
1.8305,42.74300374052513,0.2850014257458178,0.0003585,1782143999999,0.00023009,2.1616,14206.0,1.033207145131086,9635419610.0,-0.13025671895405821,1.5142614626461828,3557685.9826003,0.28632370361418186,1.3328,0.4521817647337596,-2.9507309149972905,607207.1111379,1.0603524447170332,45.33089005215029,AKEUSDT_4h_limit500_20260717_211446_enriched_candles.csv,-17.477062497214266,4h,1782129600000
1.986,29.56572797668943,-0.8975198506656082,0.0003664,1782158399999,0.00023009,2.2992,5564.0,-0.7022047478641171,9551309316.0,-0.872928189995037,0.7706378132234485,3425672.59927656,-0.09270793811694092,1.3751,0.050223441692490475,2.203626220362631,164503.7104623,-0.6381224445132879,47.81992295220099,AKEUSDT_4h_limit500_20260717_211446_enriched_candles.csv,-4.714664099857756,4h,1782144000000
1.956,20.673734255998568,-1.6969818784975637,0.0003643,1782172799999,5.919e-05,2.2733,5593.0,-0.6404834963987323,9533888597.0,-0.18239089975672362,0.6171938925307567,3493026.10416886,0.1363121237085733,1.3724,-0.7114942393878272,-0.5731441048034913,115628.1956938,-0.8344992450060164,47.20467450260806,AKEUSDT_4h_limit500_20260717_211446_enriched_candles.csv,-10.570486947981815,4h,1782158400000
1.9403,16.131991167916077,-2.100849421082895,0.0003638,1782187199999,5.919e-05,2.2733,4242.0,-0.9074249241097705,9513803497.0,-0.2106705967418132,0.44695523429082484,3470635.5157056,0.023152699034421166,1.3737,-0.892977482179321,-0.13724951962668097,68431.9065343,-1.0161744784830475,47.049460215636394,AKEUSDT_4h_limit500_20260717_211446_enriched_candles.csv,-5.892025050155566,4h,1782172800000
1.9403,26.624971880583846,,0.0003435,1782259199999,5.919e-05,2.2733,55768.0,,9513803497.0,3.1224734462007353,,3470635.5157056,,1.3737,,-5.709580016469951,1484821.4318364,,51.995680982638724,AKEUSDT_1d_limit500_20260717_212121_enriched_candles.csv,-12.934859418500194,1d,1782172800000
1.9542,27.308232171618073,-1.0667073036386499,0.0003565,1782201599999,0.0002564,2.3091,7614.0,-0.20931156239646603,9531262284.0,0.18351006519636837,0.5865424628848585,3469379.471376,-0.002605191883495887,1.3839,0.02662293821250477,-2.0065970313358994,207924.8797547,-0.3601315687224335,44.73661106571111,AKEUSDT_4h_limit500_20260717_211446_enriched_candles.csv,-20.860487046798234,4h,1782187200000
1.9753,23.466745322569547,-1.3625939563545209,0.0003599,1782215999999,0.0002564,2.375,10173.0,0.468995832433844,9534190084.0,0.03071786204975613,0.6122909654672323,3398652.73924348,-0.14961784465587455,1.3818,-0.5106538445685569,0.9537166900420946,238727.2001665,-0.18506132345797324,46.06643017615367,AKEUSDT_4h_limit500_20260717_211446_enriched_candles.csv,8.51399629775082,4h,1782201600000
2.126,19.15786609759926,-1.793407035874205,0.0003548,1782230399999,0.00012362,2.6062,7581.0,-0.24586787673282925,9563331246.0,0.30564905611545345,0.9028635861857675,3441651.64881048,-0.05878330014055304,1.3755,-0.24562006294138267,-1.4170602945262623,145235.7828859,-0.6644246846129077,44.3427617104525,AKEUSDT_4h_limit500_20260717_211446_enriched_candles.csv,4.49170093986068,4h,1782216000000
2.1716,35.85636460315146,0.14359954477895118,0.0003478,1782244799999,0.00012362,2.7133,19483.0,2.936075304427334,9671645718.0,1.132601906321118,1.7915452042493623,3432176.91594666,-0.05043367102643453,1.3613,0.08813915030725748,-1.9729425028184866,698589.5515632,2.4753868948709603,42.018818244892984,AKEUSDT_4h_limit500_20260717_211446_enriched_candles.csv,-23.03234134749918,4h,1782230400000
2.3613,18.863237592779026,-1.8250816421270937,0.0003435,1782259199999,0.00060671,2.867,6675.0,-0.43839708703528674,9644436824.0,-0.2813264132427995,1.4447620443512357,3363497.34237,-0.1635815436857381,1.3741,-0.34085701407723235,-1.2363427257044313,125912.1109318,-0.7691151297381763,40.6108276295526,AKEUSDT_4h_limit500_20260717_211446_enriched_candles.csv,-8.419086088344436,4h,1782244800000
2.4294,28.353227553896716,-0.6370755829658373,0.0003521,1782273599999,0.00060671,2.9494,4260.0,-1.0168630841193456,9645473793.0,0.010751991214452694,1.4829842559442836,3313220.2478955,-0.27329652809337435,1.3646,0.3907700450315551,2.503639010189218,120784.7493796,-0.7265800506918155,44.60855608493989,AKEUSDT_4h_limit500_20260717_211446_enriched_candles.csv,8.303747932016625,4h,1782259200000
2.4294,45.45180197225968,,0.0003746,1782345599999,0.00060671,2.9494,70439.0,,9645473793.0,1.3839921755953943,,3313220.2478955,,1.3646,,9.053857350800577,3201579.479124,,56.16158031600743,AKEUSDT_1d_limit500_20260717_212121_enriched_candles.csv,-2.968879522622603,1d,1782259200000
2.4495,46.15093062274909,1.3056128356322898,0.0003618,1782287999999,5e-05,2.9698,7086.0,-0.13857221322957197,9714644733.0,0.7171336679199669,2.2201225885202915,3422857.92522522,-0.021921238940662387,1.3675,0.4704890765155219,2.754899176370351,327025.4943928,0.41523655551129596,48.795276945091366,AKEUSDT_4h_limit500_20260717_211446_enriched_candles.csv,17.429670689263208,4h,1782273600000
2.375,28.111804337768536,-0.6459618401190933,0.0003723,1782302399999,5e-05,2.8956,7215.0,-0.10060141523688829,9804602856.0,0.9260052783445438,2.7311401290360586,3548481.86564352,0.2857904064728897,1.3652,0.49014574232781966,2.9021558872305064,202826.668297,-0.2953159862534494,52.94166658443329,AKEUSDT_4h_limit500_20260717_211446_enriched_candles.csv,5.866958435847861,4h,1782288000000
2.3036,36.25199444751171,0.31435377628671934,0.0003813,1782316799999,5e-05,2.8153,7897.0,0.0840121249507292,9792069453.0,-0.12783182739859456,2.4341737318492265,3645587.4573519,0.5123423008985244,1.3611,0.22742744370325368,2.41740531829171,286282.000152,0.19624510777825208,56.21453082142505,AKEUSDT_4h_limit500_20260717_211446_enriched_candles.csv,-6.179670658234495,4h,1782302400000
2.2175,58.345670293397426,2.578551103650764,0.0003845,1782331199999,5e-05,2.7092,28398.0,5.627647029632972,9847405434.0,0.5651101768181066,2.512304302331836,3754815.6919842,0.767781902256317,1.3556,-0.6211086133178517,0.8392341987936147,1656900.3449919,7.871840001146976,57.35032420526867,AKEUSDT_4h_limit500_20260717_211446_enriched_candles.csv,-5.842456293542093,4h,1782316800000
2.0211,39.001490207963805,0.3012271033735695,0.0003746,1782345599999,5e-05,2.4188,15583.0,2.100433301191872,10396387283.0,5.574888255382859,5.725179456631298,4006663.69499537,1.3121925149325626,1.2862,0.32846969730720965,-2.5747724317295217,607760.2219107,1.841408032783617,52.788113219369556,AKEUSDT_4h_limit500_20260717_211446_enriched_candles.csv,-9.787570222922602,4h,1782331200000
2.1221,43.48932403687692,0.7380530918945962,0.0003725,1782359999999,5e-05,2.5423,6500.0,-0.33020935118931566,10459486482.0,0.6069339019639797,5.785996814230847,3913939.8415644,1.0245446505488447,1.2586,-0.8354827799922405,-0.560597971169241,282680.6062397,0.05123954699978739,51.84595647133386,AKEUSDT_4h_limit500_20260717_211446_enriched_candles.csv,6.04910692493714,4h,1782345600000
2.1221,41.25732918088488,,0.0003752,1782431999999,5e-05,2.5423,45430.0,,10459486482.0,8.439323007551502,,3913939.8415644,,1.2586,,0.16017084890549427,1874320.4646876,,56.24048023366949,AKEUSDT_1d_limit500_20260717_212121_enriched_candles.csv,-2.201797784877643,1d,1782345600000
2.046,38.4119340440413,0.24404397900652902,0.000376,1782374399999,5e-05,2.5224,7166.0,-0.11808183196561156,10552286696.0,0.8872348958976373,6.013267727984094,3928088.722586,1.0504943318323,1.2486,-0.5896551386067366,0.9395973154362247,275259.9193596,-0.014942568226714331,53.34067329977692,AKEUSDT_4h_limit500_20260717_211446_enriched_candles.csv,-7.995248218266409,4h,1782360000000
2.0248,34.47039681645014,-0.1576268433783523,0.0003766,1782388799999,0.00022273,2.4614,5465.0,-0.5769552313979142,10450008878.0,-0.9692479075532501,5.319692832249703,3929203.338128,1.0435705695483073,1.2434,-1.07884730848587,0.15957446808509967,188380.7186019,-0.4629876322818733,53.60653200816313,AKEUSDT_4h_limit500_20260717_211446_enriched_candles.csv,-6.14075500144277,4h,1782374400000
2.0139,50.120924993701855,1.397096548803844,0.0003648,1782403199999,0.00022273,2.4638,8828.0,0.34344169793793383,10444314707.0,-0.05448962834843085,5.392140476194604,3933328.9186562,1.0435426759460478,1.2494,0.7566431182874914,-3.1332979288369645,442467.5258444,0.8964275476578506,47.83402119829596,AKEUSDT_4h_limit500_20260717_211446_enriched_candles.csv,-13.18521909368694,4h,1782388800000
2.0441,43.2766004544763,0.7188154070799633,0.000383,1782417599999,0.00014876,2.5486,13672.0,1.7114402616436926,10369054028.0,-0.7205899200792842,4.942376956260001,3782630.9094144,0.6937550654749706,1.2492,1.7531900036413608,4.989035087719307,591677.6814136,1.650762496756985,55.74891404804665,AKEUSDT_4h_limit500_20260717_211446_enriched_candles.csv,7.0467287352782,4h,1782403200000
2.0257,24.704925830060542,-1.1648323408892893,0.0003752,1782431999999,0.00014876,2.4916,3799.0,-1.0650572832160596,10231658938.0,-1.3250494175166438,4.124859913245447,3913507.22719562,0.9798528009899838,1.2651,0.026268336313661336,-2.0365535248041744,93854.0132284,-0.944908954062067,52.100473704934586,AKEUSDT_4h_limit500_20260717_211446_enriched_candles.csv,-8.679751262820742,4h,1782417600000
2.0084,36.35357088139436,0.028668471194216952,0.000378,1782446399999,5e-05,2.4843,4719.0,-0.778788104843562,10225961308.0,-0.055686277606847856,3.993348976254809,3834837.75011308,0.7837140166950873,1.266,-0.7282042451734471,0.7462686567164312,171552.5009893,-0.5423086061717846,53.28242409744461,AKEUSDT_4h_limit500_20260717_211446_enriched_candles.csv,-3.4810003914034846,4h,1782432000000
2.0084,27.76842401689856,,0.0003642,1782518399999,5e-05,2.4843,40536.0,,10225961308.0,-2.232663854022654,,3834837.75011308,,1.266,,-2.9317697228144923,1125620.835949,,54.31059132809722,AKEUSDT_1d_limit500_20260717_212121_enriched_candles.csv,0.4624691204486363,1d,1782432000000
2.0544,20.277434744523863,-1.6114638606533536,0.0003764,1782460799999,5e-05,2.5075,8674.0,0.2905862423137564,10241992623.0,0.156770737900791,3.99043011362066,3871473.211494,0.8637954043388686,1.2813,-0.8826773752467681,-0.4232804232804366,175886.468974,-0.520973560300046,52.48543303684806,AKEUSDT_4h_limit500_20260717_211446_enriched_candles.csv,-9.788573830170542,4h,1782446400000
2.0883,23.029347834389544,-1.2472037170739452,0.0003718,1782475199999,0.00033891,2.5261,11172.0,0.9670933058062574,10210156882.0,-0.31083542208873993,3.720444358681435,3843103.0503848,0.7612229880305825,1.2873,-0.41285039065896256,-1.222104144527103,257283.8740058,-0.07707009389384517,50.16232368101529,AKEUSDT_4h_limit500_20260717_211446_enriched_candles.csv,-11.293799062565801,4h,1782460800000
2.1566,41.877669770127326,0.5473287774299164,0.00036,1782489599999,0.00097337,2.6101,7147.0,-0.12308976680343883,10205567470.0,-0.0449494758311797,3.4415840315033144,3788306.644864,0.5965378743171479,1.2961,0.751712513487476,-3.1737493275954765,299299.7058471,0.17283118683208784,44.69697516200171,AKEUSDT_4h_limit500_20260717_211446_enriched_candles.csv,1.4102277818663345,4h,1782475200000
2.126,28.38654561908722,-0.7342207358948623,0.0003695,1782503999999,0.00030541,2.5727,5171.0,-0.6564979455976735,10230686443.0,0.24613009588971835,3.555264622500221,3682024.0508357,0.3470382521980409,1.3001,0.37406017536371183,2.6388888888888795,146786.8273963,-0.6812594248036046,49.470221934011334,AKEUSDT_4h_limit500_20260717_211446_enriched_candles.csv,29.713311939051675,4h,1782489600000
2.1328,20.47945763386258,-1.3977407652934823,0.0003642,1782518399999,5e-05,2.5945,3653.0,-1.0818275777868518,10161637055.0,-0.6749242915879305,3.1887674177081125,3752997.41352315,0.5541261135704899,1.3057,-0.32093253556749324,-1.4343707713125764,74811.4587365,-1.0737885175138444,47.031347873644236,AKEUSDT_4h_limit500_20260717_211446_enriched_candles.csv,12.852652900629474,4h,1782504000000
2.2,33.018225604484634,-0.25636677256572205,0.0003614,1782532799999,5e-05,2.7189,5530.0,-0.5102488404035433,10136019013.0,-0.25210546156433367,2.839991340044459,3687078.27616888,0.36993257428279563,1.3025,-0.6999373876928663,-0.7688083470620555,182590.7875928,-0.4624694496690677,45.74817222736021,AKEUSDT_4h_limit500_20260717_211446_enriched_candles.csv,9.693702722764273,4h,1782518400000
2.2,27.94090789133563,,0.0003437,1782604799999,5e-05,2.7189,32801.0,,10136019013.0,-0.8795485557884564,,3687078.27616888,,1.3025,,-5.628775398132902,916489.7197437,,50.81122948470094,AKEUSDT_1d_limit500_20260717_212121_enriched_candles.csv,8.602919542332602,1d,1782518400000
2.2489,40.3055168027817,,0.0003638,1782529199999,5e-05,2.8023,2121.0,,10128776953.0,,,3620430.03408032,,1.2988,,,85488.0011387,,42.878094458827746,AKEUSDT_1h_limit500_20260717_211343_enriched_candles.csv,26.937662718464388,1h,1782525600000
2.2051,37.881225425198096,,0.0003614,1782532799999,5e-05,2.7051,1893.0,,10080651368.0,-0.47513717819351875,,3670365.1630888,,1.2847,,-0.659703133589884,71709.1597299,,41.01655297775516,AKEUSDT_1h_limit500_20260717_211343_enriched_candles.csv,-12.73027279288234,1h,1782529200000
2.251,25.719551497932816,,0.0003623,1782536399999,7.777e-05,2.7636,774.0,,10060713045.0,-0.1977880423807976,,3635438.65881075,,1.2893,,0.24903154399558147,19906.9328594,,42.03288331971716,AKEUSDT_1h_limit500_20260717_211343_enriched_candles.csv,41.695328646676174,1h,1782532800000
2.251,18.10134356301174,-1.6087640369372112,0.0003618,1782547199999,7.777e-05,2.7636,3493.0,-0.9956134359097919,10060713045.0,-0.7429540917732735,2.3074671266053315,3635438.65881075,0.21452242868451238,1.2893,-1.0590585594023816,0.11068068622026583,63227.9930656,-1.1681475455152948,45.97493960998646,AKEUSDT_4h_limit500_20260717_211446_enriched_candles.csv,46.39548570735839,4h,1782532800000
2.2787,23.262435431740617,,0.0003599,1782539999999,7.777e-05,2.7651,586.0,,10047990089.0,-0.1264617720741268,,3640386.8092447,,1.2904,,-0.6624344465912202,13631.787163,,40.05102852766515,AKEUSDT_1h_limit500_20260717_211343_enriched_candles.csv,57.86635579823716,1h,1782536400000
2.2982,15.517639151505376,,0.0003604,1782543599999,7.777e-05,2.8139,930.0,,10030356783.0,-0.17549087771596694,,3609925.4062017,,1.287,,0.13892747985551068,14431.4044109,,40.678563242798596,AKEUSDT_1h_limit500_20260717_211343_enriched_candles.csv,31.445168276709623,1h,1782540000000
2.3179,12.683182570490441,,0.0003618,1782547199999,7.777e-05,2.83,1203.0,,10025107914.0,-0.05232983346011855,,3613048.8922056,,1.2862,,0.38845726970033745,15257.8686323,,42.493719481772544,AKEUSDT_1h_limit500_20260717_211343_enriched_candles.csv,56.419908644883535,1h,1782543600000
2.3091,38.940000667753495,,0.0003606,1782550799999,5e-05,2.8168,2791.0,,10015200719.0,-0.09882382399259981,,3622698.40407668,,1.2865,,-0.3316749585406398,108681.5418637,,41.3264572803304,AKEUSDT_1h_limit500_20260717_211343_enriched_candles.csv,-5.126042522921503,1h,1782547200000
2.3091,30.055508164789988,-0.47016920052771594,0.0003661,1782561599999,5e-05,2.8168,6714.0,-0.15223715157783338,10015200719.0,-0.45237674304425823,1.9784417431858217,3622698.40407668,0.07726551494865748,1.2865,-0.3849515976252874,1.1885019347705805,201792.6818184,-0.3089265367276858,48.46856711327075,AKEUSDT_4h_limit500_20260717_211446_enriched_candles.csv,13.56263670583939,4h,1782547200000
2.3591,19.30908850111524,,0.0003568,1782554399999,5e-05,2.8805,1076.0,,9975521231.0,-0.3961926387029191,,3590589.11188614,,1.2857,,-1.0537992235163607,20776.5792272,,37.78672838168527,AKEUSDT_1h_limit500_20260717_211343_enriched_candles.csv,38.88282863149998,1h,1782550800000
2.3738,23.819487548127853,,0.0003588,1782557999999,5e-05,2.8956,1095.0,,9975355148.0,-0.0016649054836781474,,3555715.3425046,,1.2843,,0.5605381165919354,26082.3388652,,40.667226253195864,AKEUSDT_1h_limit500_20260717_211343_enriched_candles.csv,38.88154803299017,1h,1782554400000
2.3659,26.39967001272831,,0.0003661,1782561599999,5e-05,2.888,1752.0,,9993067715.0,0.17756327205604716,,3584413.45869335,,1.284,,2.034559643255296,46252.2218623,,49.80290199801654,AKEUSDT_1h_limit500_20260717_211343_enriched_candles.csv,31.82491776918936,1h,1782558000000
2.3591,34.131336585,,0.0003621,1782565199999,5e-05,2.9002,2100.0,,10012089490.0,0.19034970584106414,,3667628.6219768,,1.2862,,-1.0925976509150503,71675.8068285,,45.654757468977124,AKEUSDT_1h_limit500_20260717_211343_enriched_candles.csv,20.846229765158117,1h,1782561600000
2.3591,23.129368224687624,-1.068030116442556,0.000359,1782575999999,5e-05,2.9002,4962.0,-0.6104659182617188,10012089490.0,-0.031065068861746425,1.8826246232722235,3667628.6219768,0.14239349800778056,1.2862,0.1310540360686507,-1.939360830374215,114767.9251309,-0.8703888504457566,44.79224368405362,AKEUSDT_4h_limit500_20260717_211446_enriched_candles.csv,25.341502481575745,4h,1782561600000
2.3784,13.166448896085742,,0.0003613,1782568799999,5e-05,2.9139,1073.0,,10013709746.0,0.016182995583680082,,3625463.6135393,,1.2866,,-0.2209334438000643,14127.5996655,,44.85016137669394,AKEUSDT_1h_limit500_20260717_211343_enriched_candles.csv,50.94446215004124,1h,1782565200000
2.3944,18.215922527305388,,0.0003602,1782572399999,5e-05,2.9139,835.0,,10009575249.0,-0.04128836470072006,,3614457.6224139,,1.2855,,-0.3044561306393634,15210.2953103,,43.70950419105228,AKEUSDT_1h_limit500_20260717_211343_enriched_candles.csv,12.686557982824198,1h,1782568800000
2.4083,14.417424870649896,,0.000359,1782575999999,5e-05,2.9698,954.0,,10008315201.0,-0.012588426268400621,,3607997.6299605,,1.2852,,-0.333148250971671,13754.2233266,,42.4414024427371,AKEUSDT_1h_limit500_20260717_211343_enriched_candles.csv,36.46385913845542,1h,1782572400000
2.4282,41.9730940841061,,0.0003531,1782579599999,5e-05,2.9841,4788.0,,10005845375.0,-0.024677739963197,,3595500.4770525,,1.2829,,-1.6434540389972052,200967.1744747,,36.789918524559596,AKEUSDT_1h_limit500_20260717_211343_enriched_candles.csv,-18.002407712237908,1h,1782576000000
2.4282,33.712998385171055,-0.0072769419617249136,0.000347,1782590399999,5e-05,2.9841,7600.0,0.0952379527,10005845375.0,-0.0623657529852939,1.7494796811715319,3595500.4770525,-0.10769013735935648,1.2829,0.9623312318948032,-3.3426183844011192,256218.7877273,0.07201014341961767,39.35849447970348,AKEUSDT_4h_limit500_20260717_211446_enriched_candles.csv,-9.452808142655721,4h,1782576000000
2.4638,18.553088346551725,,0.0003494,1782583199999,5e-05,3.008,986.0,,9948801239.0,-0.5701081104304007,,3513916.5976148,,1.268,,-1.0478617955253622,18293.3451097,,33.75437004813841,AKEUSDT_1h_limit500_20260717_211343_enriched_candles.csv,5.275174806538298,1h,1782579600000
2.4614,22.681885450159406,,0.0003488,1782586799999,5e-05,3.0145,941.0,,9949227152.0,0.0042810484375710445,,3476259.9669088,,1.2671,,-0.17172295363478973,21343.6542086,,33.27490235859773,AKEUSDT_1h_limit500_20260717_211343_enriched_candles.csv,41.912534692374855,1h,1782583200000
2.5088,17.64363156418079,,0.000347,1782590399999,5e-05,3.0766,885.0,,9947407864.0,-0.01828572181744592,,3470153.2333564,,1.2634,,-0.5160550458715774,15614.6139343,,31.814860521260997,AKEUSDT_1h_limit500_20260717_211343_enriched_candles.csv,13.118398499756623,1h,1782586800000
2.5125,16.512436040442477,,0.0003454,1782593999999,5e-05,3.0667,1130.0,,9951404559.0,0.040178256030531934,,3454132.5224289,,1.2635,,-0.4610951008645503,18659.0527257,,30.532406772226878,AKEUSDT_1h_limit500_20260717_211343_enriched_candles.csv,6.833662561785631,1h,1782590400000
2.5125,21.744012529697912,-1.2305599849250806,0.0003437,1782604799999,5e-05,3.0667,4502.0,-0.7480263721046326,9951404559.0,-0.5440901189221137,1.4506501587193095,3454132.5224289,-0.5357012418788674,1.2635,-0.5577403153970218,-0.9510086455331357,97891.5444087,-0.9788988687359838,37.99352257999926,AKEUSDT_4h_limit500_20260717_211446_enriched_candles.csv,-0.43142023476183955,4h,1782590400000
2.5436,23.194325253852263,,0.0003431,1782597599999,5e-05,3.1135,1259.0,,9956899350.0,0.055216235732569174,,3435130.27575,,1.2599,,-0.6658946149391998,29201.6554946,,28.739011382398544,AKEUSDT_1h_limit500_20260717_211343_enriched_candles.csv,-22.356897835491804,1h,1782594000000
2.5689,21.64161211711636,-0.14922537898413993,0.0003435,1782601199999,5e-05,3.1494,1186.0,0.3624931544117647,9951540058.0,-0.05382490885579294,-1.155554233932102,3415866.1249085,-5.104962378098579,1.2585,,0.11658408627222006,25666.9519709,0.5924842586414679,29.514422653363383,AKEUSDT_1h_limit500_20260717_211343_enriched_candles.csv,32.80142087710769,1h,1782597600000
2.5361,26.282507246494067,0.4820286055875478,0.0003437,1782604799999,5e-05,3.1102,927.0,-0.6867532000000001,9972169811.0,0.20730211484618621,-0.7396740249402056,3423944.50460685,-4.523953791381675,1.2608,-1.3702760902478588,0.05822416302765365,24363.8842175,0.38132920150056904,29.925002891716005,AKEUSDT_1h_limit500_20260717_211343_enriched_candles.csv,-14.72655696550573,1h,1782601200000
2.5348,39.045721007678246,2.1692710605862193,0.0003492,1782608399999,0.00046611,3.1203,2188.0,4.479668369728916,9971291466.0,-0.008807962726742335,-0.7245132465292398,3425238.33148566,-3.2921060868868577,1.262,3.623143396401767,1.6002327611288836,85432.0375648,6.958862602301691,40.23507164727875,AKEUSDT_1h_limit500_20260717_211343_enriched_candles.csv,45.27680498508609,1h,1782604800000
2.5348,38.2037079967174,0.42425660184430547,0.0003626,1782619199999,0.00046611,3.1203,10053.0,0.7570472953999999,9971291466.0,0.1998402022759027,1.3275034613414487,3425238.33148566,-0.5889161886448939,1.262,2.3173409642265628,5.498981670061087,384061.876491,0.8956989251886889,48.91976158901046,AKEUSDT_4h_limit500_20260717_211446_enriched_candles.csv,12.441662664198262,4h,1782604800000
2.5348,39.421299560713656,,0.0003777,1782691199999,0.00046611,3.1203,62355.0,,9971291466.0,-1.625170067150894,,3425238.33148566,,1.262,,9.892347977887695,2458115.1341083,,55.88782468456631,AKEUSDT_1d_limit500_20260717_212121_enriched_candles.csv,6.0957272960957525,1d,1782604800000
2.6417,32.269760044496124,1.1027968908594161,0.000353,1782611999999,0.00046611,3.2141,1935.0,3.3724487499999998,9981226193.0,0.0996333026055396,-0.49309896969756767,3484945.12528595,-1.8670968053967205,1.2605,1.5948493026041917,1.0882016036655395,62441.9856861,4.01033008571245,46.13211092741198,AKEUSDT_1h_limit500_20260717_211343_enriched_candles.csv,32.86115333399415,1h,1782608400000
2.655,43.73713216682854,2.2491322723927447,0.0003677,1782615599999,0.00046611,3.2159,2677.0,5.110117258474576,9998381374.0,0.17187448383877424,-0.026155747838118477,3526329.12679606,-1.0029217845282405,1.2603,8.337945519141707,4.1643059490084955,117084.3028106,7.912133342804366,61.82454367169987,AKEUSDT_1h_limit500_20260717_211343_enriched_candles.csv,-3.869632549744167,1h,1782612000000
2.5298,36.613449255917615,1.3340922649748341,0.0003626,1782619199999,0.00046611,3.1017,3253.0,5.844660160204081,10035347250.0,0.3697186036144551,0.932896830707267,3688893.2956275,1.331490567490399,1.1939,1.6739615983648657,-1.3870002719608365,119103.5504295,6.433532715158808,55.75593735186993,AKEUSDT_1h_limit500_20260717_211343_enriched_candles.csv,-5.781220032710751,1h,1782615600000
2.6324,46.842985261453606,2.088378305387771,0.0003619,1782622799999,0.00046611,3.2355,1541.0,0.8668777659395973,10060496362.0,0.250605299183837,1.353523831524628,3651054.73473342,0.6860933742690494,1.1851,-0.6374927248015171,-0.19305019305018156,72185.0402879,2.9634571018504205,54.9585382069762,AKEUSDT_1h_limit500_20260717_211343_enriched_candles.csv,25.287579150606625,1h,1782619200000
2.6324,44.26127311713268,1.0844932855537397,0.0003791,1782633599999,0.00046611,3.2355,13483.0,1.634583753515625,10060496362.0,0.8946172750457615,1.5378119352396977,3651054.73473342,0.18557196815081126,1.1851,1.6143516374978557,4.55046883618313,596774.7454383,2.0390660981226976,56.179454347046,AKEUSDT_4h_limit500_20260717_211446_enriched_candles.csv,25.804897592306318,4h,1782619200000
2.6443,25.95025055088028,0.17311539989340632,0.0003601,1782626399999,5.791e-05,3.2626,1136.0,-0.09608116096866097,10031375473.0,-0.28945777576138143,0.5647642248611497,3628950.39111248,0.40611872273447824,1.1769,-0.077551093758582,-0.4973749654600734,29479.4846258,0.22284735999151012,52.86485561073215,AKEUSDT_1h_limit500_20260717_211343_enriched_candles.csv,8.835058185245732,1h,1782622800000
2.6193,29.10368473091437,0.371046505964129,0.0003644,1782629999999,5.791e-05,3.223,1378.0,0.48626005232558134,10034639695.0,0.032540123822366596,0.5874622233913548,3610965.09424575,0.1303999295335853,1.1809,1.4159012317003155,1.1941127464593082,40104.8775592,0.8277729222396554,57.072084187324386,AKEUSDT_1h_limit500_20260717_211343_enriched_candles.csv,31.44356107155647,1h,1782626400000
2.6179,48.26106734889691,1.8826364693630768,0.0003791,1782633599999,5.791e-05,3.2105,9428.0,18.468918669435215,10012979066.0,-0.21585856252310798,0.09592401096554488,3641420.09693222,0.5235631032562281,1.1864,6.624807739923337,4.034028540065848,455005.3429654,24.199956600646956,67.68967814040121,AKEUSDT_1h_limit500_20260717_211343_enriched_candles.csv,26.489432112265398,1h,1782630000000
2.3841,31.886803722729073,0.4951503357030668,0.0003768,1782637199999,5.791e-05,3.0177,2521.0,2.7277763822408536,9785011677.0,-2.2767189214854544,-4.940575980231433,3709497.9267507,1.8191587926632247,1.1956,0.08007859142693069,-0.6067000791347921,80386.632185,2.662355742784214,64.98153593222885,AKEUSDT_1h_limit500_20260717_211343_enriched_candles.csv,-3.0906850744564425,1h,1782633600000
2.3841,26.770624478098522,-0.677855785013286,0.0003791,1782647999999,5.791e-05,3.0177,6963.0,-0.08760449898980181,9785011677.0,-2.7382812446565485,0.5295273557493859,3709497.9267507,0.33106904317829755,1.1956,-1.0963771538527372,0.0,186403.858241,-0.3760218083593683,56.179454347046,AKEUSDT_4h_limit500_20260717_211446_enriched_candles.csv,-0.8277924561008984,4h,1782633600000
2.4602,23.625452703697746,-0.19166799031412549,0.0003749,1782640799999,0.00029791,3.0816,1244.0,0.08181680399408284,9745770388.0,-0.40103466705346813,-5.3998886162354465,3672206.2821984,1.021359063724992,1.1971,-0.13342923559216174,-0.5042462845010642,29390.0631634,0.008430315163200584,62.74816680896869,AKEUSDT_1h_limit500_20260717_211343_enriched_candles.csv,-8.984416624487876,1h,1782637200000
2.4698,21.255599907859533,-0.3907202054782612,0.0003763,1782644399999,0.00029791,3.0984,1196.0,-0.05655020769817073,9746199401.0,0.004402042967566189,-5.560992873225783,3653850.1554349,0.6141462197366351,1.1989,-0.3434141158425126,0.3734329154441163,25421.6974898,-0.17401573496006864,63.73715593354991,AKEUSDT_1h_limit500_20260717_211343_enriched_candles.csv,12.155237111289804,1h,1782640800000
2.4674,25.577155545854147,-0.01279975469129871,0.0003791,1782647999999,0.00029791,3.0766,2002.0,1.6947085227987422,9750845885.0,0.04767483004219919,-5.640972835663949,3671193.4757025,0.9472628655580829,1.2005,0.41896059049275786,0.7440871644964098,51205.4654028,1.0048132668785705,65.69857634669125,AKEUSDT_1h_limit500_20260717_211343_enriched_candles.csv,0.9606761226177636,1h,1782644400000
2.488,24.759456994069765,-0.08253911560577226,0.0003762,1782651599999,0.00029791,3.1254,1720.0,1.0209882953506098,9717968311.0,-0.3371766345992233,-6.050774768899983,3681749.47430546,0.9652837330153605,1.1972,0.40602204569696826,-0.7649696649960513,42586.2660298,0.5969652239503516,61.96049817511757,AKEUSDT_1h_limit500_20260717_211343_enriched_candles.csv,16.92040576780721,1h,1782648000000
2.488,41.4949133055641,0.7560557698901731,0.000402,1782662399999,0.00029791,3.1254,9759.0,0.6534119453125,9717968311.0,-0.6851638834278306,0.24680701336510674,3681749.47430546,0.1993056753304082,1.1972,2.479173203331083,6.04062252703772,404948.858949,0.9106637809492011,64.33768167234598,AKEUSDT_4h_limit500_20260717_211446_enriched_candles.csv,10.879932009426586,4h,1782648000000
2.4758,29.54274389582876,0.38079770863281676,0.0003749,1782655199999,0.00019077,3.08,911.0,-0.6256409101671309,9719330338.0,0.014015553008728254,-5.191003287462787,3652524.3410204,0.48783285871602133,1.2,-0.46055930876118145,-0.34556087187666007,26913.4396891,-0.11167158604681444,60.30408309093685,AKEUSDT_1h_limit500_20260717_211343_enriched_candles.csv,-36.73721849498248,1h,1782651600000
2.4783,38.99880411756097,1.3129631273464946,0.000378,1782658799999,0.00019077,3.0766,1845.0,1.2780346939786584,9720543582.0,0.012482794161816635,-4.775042832685767,3642870.91279032,0.4179863202635546,1.205,0.5767124105575636,0.8268871699119718,71952.7935969,1.9876784877366016,62.85423805550875,AKEUSDT_1h_limit500_20260717_211343_enriched_candles.csv,-19.833800863730257,1h,1782655200000
2.4795,49.87627477440848,2.273570923256508,0.000402,1782662399999,0.00019077,3.0816,5283.0,7.588479387883008,9719968998.0,-0.005911027455951512,-4.4356532167141225,3673662.2827941,1.0137184262151455,1.2026,12.672346075873937,6.349206349206349,263496.3596332,10.555912798863169,75.81054151592095,AKEUSDT_1h_limit500_20260717_211343_enriched_candles.csv,23.154253265179765,1h,1782658800000
2.3568,48.35108739512755,2.038406784958635,0.0003889,1782665999999,0.00016392,2.9324,7840.0,11.35089583109834,9881530558.0,1.6621612685518095,-1.8671283091273732,3987691.6566809,5.767990126293429,1.1995,5.001141979961129,-3.2587064676616873,379072.5251778,15.560729077517609,62.91176675193547,AKEUSDT_1h_limit500_20260717_211343_enriched_candles.csv,-7.454067018586133,1h,1782662400000
2.3568,49.06751554536542,1.372023575444484,0.0003824,1782676799999,0.00016392,2.9324,15503.0,2.1666348832484825,9881530558.0,1.683090968869072,0.7448158530938757,3987691.6566809,1.1810935811189398,1.1995,1.6587791693220817,-4.875621890547266,760693.6934998,2.857927122025577,54.91426362174034,AKEUSDT_4h_limit500_20260717_211446_enriched_candles.csv,-9.91495601389785,4h,1782662400000
2.4518,41.157574419616616,1.3261894301778034,0.000386,1782669599999,0.00016392,3.0371,1565.0,0.48677797995283023,9915460492.0,0.34336719196330634,-1.3056338512585797,3857808.21362244,3.3922444740504876,1.1938,0.19053399558784223,-0.7456929802005741,64411.6039667,1.5347533219629714,60.45935300772691,AKEUSDT_1h_limit500_20260717_211343_enriched_candles.csv,-40.65716900519794,1h,1782666000000
2.5186,31.498064666688567,0.45614796763429183,0.0003864,1782673199999,0.00016392,3.1085,1522.0,0.3264177505945303,9927641537.0,0.12284900948198452,-0.8190004056237686,3833459.50309718,3.0131381331823675,1.1883,-0.9662741748392849,0.10362694300518616,47940.0544227,0.4440417963402123,60.68699103949969,AKEUSDT_1h_limit500_20260717_211343_enriched_candles.csv,20.05091807603047,1h,1782669600000
2.4258,58.84386143631993,2.7981624647399634,0.0003824,1782676799999,0.00016392,3.0064,4576.0,4.7827455,9911145574.0,-0.16616195234809839,-0.9068713094953311,3829666.6497936,2.928622864332974,1.1911,0.680885354830006,-1.0351966873705987,269269.5099326,6.311454950661342,57.144105106862405,AKEUSDT_1h_limit500_20260717_211343_enriched_candles.csv,-11.360592366011684,1h,1782673200000
2.4048,14.422307628325123,-1.0102276433047663,0.0003813,1782680399999,0.00016392,2.9888,2030.0,0.7785155323383084,9808776820.0,-1.0328650026949937,-2.306670031424532,3750385.817127,1.8242908044172075,1.1854,-0.6464917394636687,-0.2876569037656984,29277.2844855,-0.3141700665116328,56.172911364463545,AKEUSDT_1h_limit500_20260717_211343_enriched_candles.csv,-12.989729393733596,1h,1782676800000
2.4048,18.99182612817713,-1.4094441151527706,0.0003777,1782691199999,0.00016392,2.9888,6594.0,-0.18929396222050887,9808776820.0,-0.7362598088724193,0.4724646549706516,3750385.817127,0.3733460488255717,1.1854,-0.4040425377418251,-1.2290794979079478,125232.1014892,-0.7317156128217589,52.91287742682937,AKEUSDT_4h_limit500_20260717_211446_enriched_candles.csv,-15.198561651096657,4h,1782676800000
2.427,22.61688551798483,-0.30650199177545295,0.0003798,1782683999999,0.00021372,3.0177,1846.0,0.407713953358209,9792122482.0,-0.16979016146072556,-2.4840539535464923,3733736.3023866,1.5969612716482526,1.1875,-0.4114905795540835,-0.3933910306844979,41750.7706662,0.04532977052719185,54.80506170116836,AKEUSDT_1h_limit500_20260717_211343_enriched_candles.csv,-26.82853061169489,1h,1782680400000
2.4294,20.333374617454798,-0.49016344755561625,0.0003813,1782687599999,0.00021372,3.0112,1438.0,-0.12081377705938696,9786695340.0,-0.055423551022526496,-2.337876124075271,3716986.890132,1.3610181825812686,1.1863,-0.3993273477551718,0.3949447077409074,29239.3926999,-0.32312350316185556,55.9599602099272,AKEUSDT_1h_limit500_20260717_211343_enriched_candles.csv,3.114651838521653,1h,1782684000000
2.375,19.503635654375,-0.5621917840356022,0.0003777,1782691199999,0.00021372,2.9246,1280.0,-0.3213120462598425,9783294944.0,-0.03474508893825945,-2.2464413974731956,3726750.54301792,1.4811347891649769,1.1855,0.7712845003086131,-0.9441384736427971,24964.6536376,-0.4201275678436504,52.49298139779391,AKEUSDT_1h_limit500_20260717_211343_enriched_candles.csv,-19.788077930148738,1h,1782687600000
2.349,34.19977580076082,0.7572782183763693,0.000388,1782694799999,0.00021372,2.9246,2103.0,0.8271793587598426,9786575666.0,0.03353391693472485,-2.173875762669865,3696389.6290482,0.9688028888592101,1.1862,4.238231910726149,2.727032036007415,71922.128509,1.293854454877193,60.10811837315161,AKEUSDT_1h_limit500_20260717_211343_enriched_candles.csv,0.9607612334686803,1h,1782691200000
2.349,30.06148675646301,-0.35793038145137684,0.0003898,1782705599999,0.00021372,2.9246,6367.0,-0.24657770966320736,9786575666.0,-0.2263396793240502,0.43537681823534624,3696389.6290482,0.18343040864916368,1.1862,0.7142058510267284,3.2036007413290823,191401.4861784,-0.33452328344936594,57.234180530922586,AKEUSDT_4h_limit500_20260717_211446_enriched_candles.csv,3.3853206020357662,4h,1782691200000
2.349,26.377844549514737,,0.0003713,1782777599999,0.00021372,2.9246,33590.0,,9786575666.0,-1.8524761875614804,,3696389.6290482,,1.1862,,-1.6944665078104326,886031.7984182,,54.74253018694651,AKEUSDT_1d_limit500_20260717_212121_enriched_candles.csv,0.06735226612243583,1d,1782691200000
2.2798,33.03711521994981,0.6180262285688735,0.0003873,1782698399999,0.00033217,2.7979,1594.0,0.09559697244094488,9825004236.0,0.3926661511799878,-1.6705105839166579,3812101.643568,2.572992316163856,1.1881,-0.8370440416870527,-0.18041237113401998,52661.1616606,0.3484255667546029,59.41111775199655,AKEUSDT_1h_limit500_20260717_211343_enriched_candles.csv,10.497400237442871,1h,1782694800000
2.2468,23.415301753328173,-0.23562838392462854,0.0003861,1782701999999,0.00033217,2.7552,1292.0,-0.33341650180598553,9823353892.0,-0.016797387159928068,-1.4917233480365228,3804584.9623716,2.2871602275520413,1.0933,-0.5598224560871582,-0.30983733539891034,30252.5698653,-0.31225591542133285,58.16592506618667,AKEUSDT_1h_limit500_20260717_211343_enriched_candles.csv,-9.231710235312612,1h,1782698400000
2.2227,26.53528747714078,0.05334497192765442,0.0003898,1782705599999,0.00033217,2.7286,1378.0,-0.202346925,9822334655.0,-0.010375651851757262,-1.2355796245885184,3792403.4102955,2.0590036222022072,1.0943,0.7271372607502319,0.9583009583009616,36565.6261435,-0.10687098746179288,60.887905931729826,AKEUSDT_1h_limit500_20260717_211343_enriched_candles.csv,8.350275974264342,1h,1782702000000
2.199,35.39877768184122,0.8645223996579087,0.0003754,1782709199999,0.00027184,2.7051,3552.0,2.945295599578504,9831273012.0,0.0910003305115481,-1.1144041791076404,3830952.15458604,2.423162090305833,1.0965,5.922876268627658,-3.694202154951254,125736.4583259,2.7571426525350176,47.84116364387983,AKEUSDT_1h_limit500_20260717_211343_enriched_candles.csv,-19.051307937123372,1h,1782705600000
2.199,32.32099871592534,-0.12065018938323259,0.0003791,1782719999999,0.00027184,2.7051,8251.0,0.2618226984824281,9831273012.0,0.4567209974708941,0.6137476826140007,3830952.15458604,0.6130683433698556,1.0965,0.43837085190417635,-2.7449974345818307,266680.5604051,0.08981829079123803,52.63412498735613,AKEUSDT_4h_limit500_20260717_211446_enriched_candles.csv,-11.127124201038145,4h,1782705600000
2.3025,36.42423719918409,0.8849944593387782,0.0003753,1782712799999,0.00027184,2.8256,1961.0,0.6168770838541667,9851794790.0,0.20873978349447153,-0.8535899059115054,3695802.2975206,0.6672830469416176,1.0867,-1.1213169433556192,-0.02663825253063079,71427.9291476,0.945828668378707,47.764621683791304,AKEUSDT_1h_limit500_20260717_211343_enriched_candles.csv,-4.872246808119786,1h,1782709200000
2.2595,27.737316898996653,0.12090469248480017,0.0003784,1782716399999,0.00027184,2.7523,1495.0,-0.05300080920344456,9844439287.0,-0.07466155311585121,-0.9092984361746146,3696980.72983998,0.6855511198256524,1.0871,0.4135658804464667,0.8260058619770749,41467.288764,0.01577958001048618,50.41318544408147,AKEUSDT_1h_limit500_20260717_211343_enriched_candles.csv,5.290620614445923,1h,1782712800000
2.2134,22.565473988415125,-0.3344849255611588,0.0003791,1782719999999,0.00027184,2.686,1243.0,-0.4191150116926503,9809801738.0,-0.3518488762050742,-1.1943048610846783,3712028.9776592,0.8715905228206314,1.0855,-0.8285827116376907,0.1849894291754861,28048.8841676,-0.39445833452286455,51.01714905949299,AKEUSDT_1h_limit500_20260717_211343_enriched_candles.csv,-15.8051536542793,1h,1782716400000
2.201,19.9600009384743,-0.5808337546559191,0.000381,1782723599999,0.00027184,2.7037,1206.0,-0.45953412021396395,9799324823.0,-0.10680047650112323,-1.2315851368757744,3714728.05390284,0.8477118644021059,1.0857,-0.198976059139225,0.5011870218939674,24071.7611318,-0.5053203667061494,52.70112402344912,AKEUSDT_1h_limit500_20260717_211343_enriched_candles.csv,20.740105076087037,1h,1782720000000
2.201,20.919355332143663,-1.127890424764565,0.0003757,1782734399999,0.00027184,2.7037,4427.0,-0.7777473100421348,9799324823.0,-0.3249649253052378,0.5043504902894549,3714728.05390284,0.22314438175940002,1.0857,-0.6027617017753113,-0.8968609865470767,92609.9860554,-0.9041951696284078,51.22525297719106,AKEUSDT_4h_limit500_20260717_211446_enriched_candles.csv,10.01796079231676,4h,1782720000000
2.1928,21.730318401331854,-0.44030121067388334,0.000377,1782727199999,5e-05,2.6819,901.0,-0.9105611625,9805333411.0,0.06131634687622789,-1.1363067997361318,3732792.37623359,0.9433297442880676,1.0869,0.8696859379976213,-1.049868766404194,19579.0168796,-0.6347322303177098,48.890410271595094,AKEUSDT_1h_limit500_20260717_211343_enriched_candles.csv,-9.866886328765801,1h,1782723600000
2.1908,24.98321814645892,-0.11134962484180415,0.0003746,1782730799999,5e-05,2.6697,1059.0,-0.5792509444151739,9798706179.0,-0.06758803318779316,-1.1791354848457365,3693524.30711226,0.47732415914055454,1.088,0.05639414302129678,-0.6366047745358094,26457.2280171,-0.40342333308765843,46.70810918126597,AKEUSDT_1h_limit500_20260717_211343_enriched_candles.csv,7.548106584746056,1h,1782727200000
2.23,17.844551964234736,-0.8232310207632011,0.0003757,1782734399999,5e-05,2.7037,1261.0,-0.2623839247252747,9782482563.0,-0.1655689608774047,-1.2961919434457934,3663735.36949476,0.13260630316406558,1.0872,-0.6238436146707635,0.2936465563267543,22501.9800269,-0.5297375959068011,47.856933662013425,AKEUSDT_1h_limit500_20260717_211343_enriched_candles.csv,18.753652367726165,1h,1782730800000
2.2584,25.505391783184173,-0.032379104482634244,0.0003764,1782737999999,5e-05,2.7327,2123.0,1.0813008323991031,9772564056.0,-0.1013904899510365,-1.290097282538966,3670086.4312308,0.199975100305754,1.0877,-0.8064337505503788,0.18631887143996106,54147.9467557,0.8500784071845807,48.61605299392674,AKEUSDT_1h_limit500_20260717_211343_enriched_candles.csv,21.19885834543055,1h,1782734400000
2.2584,26.3399852928491,-0.565900323317256,0.0003745,1782748799999,5e-05,2.7327,5328.0,-0.5255309513777956,9772564056.0,-0.27308786557610487,0.41198360006846535,3670086.4312308,0.06518657322792656,1.0877,-0.921039168942609,-0.31940377961140465,140339.4416403,-0.596155969178237,50.709336881312595,AKEUSDT_4h_limit500_20260717_211446_enriched_candles.csv,2.4839897959939963,4h,1782734400000
2.2185,25.0454592395112,-0.06941280046698389,0.0003751,1782741599999,5e-05,2.6751,982.0,-0.675972145054945,9756608759.0,-0.16326623093562143,-1.3459669817924038,3672387.5368876,0.22468597548553212,1.0919,-0.44438761407620003,-0.3453772582359127,24594.6409732,-0.4592287316821399,47.240559585118795,AKEUSDT_1h_limit500_20260717_211343_enriched_candles.csv,3.1252311860846613,1h,1782738000000
2.2092,31.60418828519179,0.6198983574412041,0.0003764,1782745199999,5e-05,2.6643,1121.0,-0.4340326418161435,9752904502.0,-0.037966644881426426,-1.277582850138046,3655388.6073496,-0.045242581652314706,1.0926,-0.42495421459618654,0.3465742468675037,35428.2950677,0.0827662057786234,48.800573933854174,AKEUSDT_1h_limit500_20260717_211343_enriched_candles.csv,-2.7813716195402813,1h,1782741600000
2.2541,23.746423633121598,-0.20760661451680554,0.0003745,1782748799999,5e-05,2.6928,1102.0,-0.42599352631578946,9731735009.0,-0.21705834395957524,-1.2738063375334374,3659910.90218472,0.06436333835705871,1.0961,-0.07452717676073871,-0.5047821466524938,26168.5588437,-0.37244361095247996,46.630409824608606,AKEUSDT_1h_limit500_20260717_211343_enriched_candles.csv,-29.71495683634884,1h,1782745200000
2.283,17.86373870559062,-0.8349120343051797,0.0003739,1782752399999,5e-05,2.7495,1109.0,-0.42145817131242747,9717005483.0,-0.1513556008910899,-1.2993231409679984,3639018.5533835,-0.25810247441272727,1.0943,-0.774353165557687,-0.1602136181575453,19810.8862245,-0.5928681861178016,45.93570491968032,AKEUSDT_1h_limit500_20260717_211343_enriched_candles.csv,5.464617263619285,1h,1782748800000
2.283,22.44830212624829,-0.9402196866474627,0.0003726,1782763199999,5e-05,2.7495,5848.0,-0.37865616382423756,9717005483.0,-0.5685158232950016,0.21911849824063928,3639018.5533835,-0.06937617837760314,1.0943,-0.8089884013989298,-0.507343124165549,131277.6708343,-0.6710480837448709,49.853196438215015,AKEUSDT_4h_limit500_20260717_211446_enriched_candles.csv,3.1832514298449466,4h,1782748800000
2.2906,30.929717343139842,0.5721789816653264,0.0003722,1782755999999,5e-05,2.758,1516.0,0.2195273242924528,9718334358.0,0.013675766699172698,-1.2462971544523374,3634657.049892,-0.3075723366068635,1.0941,-0.1189890582087325,-0.4546670232682515,46889.4514922,0.7665965235995064,43.93834125654279,AKEUSDT_1h_limit500_20260717_211343_enriched_candles.csv,10.186051648726394,1h,1782752400000
2.3156,22.214246176071708,-0.36831334854460074,0.0003677,1782759599999,5e-05,2.7936,1283.0,-0.15628421036585366,9713815776.0,-0.04649543670289802,-1.2663976223544875,3616939.3041936,-0.5753327836316728,1.0916,1.5237648964018788,-1.2090274046211769,28500.8778439,-0.20376897260580543,39.092705523855265,AKEUSDT_1h_limit500_20260717_211343_enriched_candles.csv,-28.43515361276686,1h,1782756000000
2.3467,18.596110965824742,-0.7512113351555615,0.0003726,1782763199999,5e-05,2.8491,1940.0,0.9572304027777778,9705498782.0,-0.08562025667141482,-1.3108762678292665,3570653.0018978,-1.3010637596178336,1.0901,1.754776591815038,1.332608104432964,36076.4552737,0.268353794181153,46.067421678652444,AKEUSDT_1h_limit500_20260717_211343_enriched_candles.csv,17.807719260554496,1h,1782759600000
2.3267,16.57955303097345,-0.9611584621192454,0.0003728,1782766799999,5e-05,2.8168,791.0,-0.9656719103658536,9709215697.0,0.03829700135447034,-1.1304086709013847,3616682.8471325,-0.5656597055654637,1.0889,-1.0033369118507292,0.05367686527106841,13114.4264475,-0.9426001367038681,46.3375352746791,AKEUSDT_1h_limit500_20260717_211343_enriched_candles.csv,25.78093792995821,1h,1782763200000
2.3267,18.914411785307212,-1.192409874854223,0.0003713,1782777599999,5e-05,2.8168,3369.0,-1.0631506469262295,9709215697.0,-0.08016652881001063,0.18405825050632527,3616682.8471325,-0.12071694456855889,1.0889,-0.8880908342539858,-0.34889962426193355,63722.6533047,-1.0937930084871246,49.24062732707804,AKEUSDT_4h_limit500_20260717_211446_enriched_candles.csv,10.747414828055943,4h,1782763200000
2.3512,21.204004608482677,-0.45463944149083163,0.0003712,1782770399999,5e-05,2.8447,837.0,-0.8606107423349056,9709217208.0,1.556253406143071e-05,-1.0420167726093512,3621052.5577236,-0.48392239518546104,1.0889,-0.1728884050289125,-0.42918454935622075,17747.7518573,-0.5761987269103096,44.420824655221665,AKEUSDT_1h_limit500_20260717_211343_enriched_candles.csv,12.845541552702484,1h,1782766800000
2.3944,18.767017220769233,-0.6784863759710713,0.0003697,1782773999999,5e-05,2.9002,910.0,-0.7175422872340426,9705353199.0,-0.03979732780945433,-0.9530552002208257,3600880.14389298,-0.7821421201183673,1.0879,-0.21325085167153965,-0.40409482758622106,17077.9856709,-0.6395902582559533,42.6400959779343,AKEUSDT_1h_limit500_20260717_211343_enriched_candles.csv,-4.408958760183345,1h,1782770400000
2.3841,18.99216525752106,-0.6327497924160311,0.0003713,1782777599999,5e-05,2.9017,831.0,-0.8518897938356165,9701919849.0,-0.03537583774234632,-0.8419898041156243,3586799.7681753,-0.968529091431573,1.0885,-0.15367592178391978,0.43278333784151357,15782.489329,-0.7048628224371208,45.16520852124785,AKEUSDT_1h_limit500_20260717_211343_enriched_candles.csv,12.296426838281057,1h,1782774000000
2.4176,23.64095626450917,-0.14384625922634586,0.0003665,1782781199999,5e-05,2.9386,927.0,-0.6598468246268656,9701764542.0,-0.0016007862610356582,-0.7985630931884589,3598287.45098238,-0.6882748561870917,1.0885,1.7090226562443491,-1.2927551844869378,21915.1664572,-0.37844652991745653,39.541402519775176,AKEUSDT_1h_limit500_20260717_211343_enriched_candles.csv,-32.91603958422157,1h,1782777600000
2.4176,31.999693539389153,-0.08034609085946223,0.0003765,1782791999999,5e-05,2.9386,5697.0,-0.4122571891242071,9701764542.0,-0.07674311944992906,0.12587706931090795,3598287.45098238,-0.1769687510979712,1.0885,-0.24307377015841464,1.400484783194167,182302.2540939,-0.34737727259726,51.79229000207542,AKEUSDT_4h_limit500_20260717_211446_enriched_candles.csv,-1.9060647260621475,4h,1782777600000
2.4176,29.23380465877968,,0.0003824,1782863999999,5e-05,2.9386,37695.0,,9701764542.0,-0.8666067365590058,,3598287.45098238,,1.0885,,2.989496364126043,1101968.2666127,,56.41094897048554,AKEUSDT_1d_limit500_20260717_212121_enriched_candles.csv,2.924577545101569,1d,1782777600000
2.4341,21.832945364299423,-0.33267434554927716,0.0003639,1782784799999,5e-05,2.9651,1042.0,-0.4566068251404494,9696855920.0,-0.05059514667409282,-0.7997367814578485,3552249.2291736,-1.2903279392555873,1.0898,0.43897506037663553,-0.7094133697135074,22749.9290696,-0.3393932656413802,36.8638166783979,AKEUSDT_1h_limit500_20260717_211343_enriched_candles.csv,-27.09192120003549,1h,1782781200000
2.4376,21.392551867502508,-0.3790777332467121,0.0003677,1782788399999,5e-05,2.9667,997.0,-0.5413041858251058,9683916240.0,-0.1334420157085292,-0.8741114019843432,3522040.336488,-1.6511264173938847,1.0897,1.1672231882629036,1.0442429238801898,21328.3742119,-0.4206901395990185,42.94489724413394,AKEUSDT_1h_limit500_20260717_211343_enriched_candles.csv,3.040354517683762,1h,1782784800000
2.5014,42.588350184987185,1.9511164318876897,0.0003765,1782791999999,5e-05,3.0112,2731.0,2.772477697592068,9670987559.0,-0.13350674127681206,-0.9198717438544083,3554378.05755927,-1.154983782488764,1.2636,4.018487059347592,2.3932553712265436,116308.7843552,4.7061305667750934,53.99551106265056,AKEUSDT_1h_limit500_20260717_211343_enriched_candles.csv,7.956183726707729,1h,1782788400000
2.4819,29.224037186357613,0.474306739464438,0.0003745,1782795599999,0.00025504,3.0096,1510.0,0.4347557344851904,9654533057.0,-0.17014293421034887,-0.9831992122934777,3632807.69868796,-0.10609594414542466,1.2773,0.03288221598845852,-0.5312084993359889,44128.2961514,0.7774789243717986,51.55170385712779,AKEUSDT_1h_limit500_20260717_211343_enriched_candles.csv,20.947557449953198,1h,1782792000000
2.4819,26.421379873671498,-0.556107105088685,0.0003822,1782806399999,0.00025504,3.0096,5796.0,-0.3864704966541196,9654533057.0,-0.48683396505377896,-0.05499355951446875,3632807.69868796,-0.04538262714165545,1.2773,-0.13289156661911458,1.5139442231075773,153138.3177478,-0.537264558199125,54.49278553398889,AKEUSDT_4h_limit500_20260717_211446_enriched_candles.csv,19.44060551261195,4h,1782792000000
2.471,32.1359785212267,0.7761112638828916,0.0003754,1782799199999,0.00025504,3.0177,1663.0,0.7199609691011236,9655446231.0,0.009458499904746454,-0.9569867531146214,3614419.74211254,-0.3517134636184728,1.2795,-0.6307102020320762,0.24032042723631797,53442.1322808,1.2293592520682082,52.591533958666666,AKEUSDT_1h_limit500_20260717_211343_enriched_candles.csv,18.03599316725413,1h,1782795600000
2.4578,20.110868028474577,-0.5222577640456233,0.0003743,1782802799999,0.00025504,3.0048,885.0,-0.7530710800970875,9601140771.0,-0.5624334567329026,-1.266805464921266,3604268.2454334,-0.48624916842696936,1.2795,-0.4853490291726908,-0.2930207778369831,17798.1182052,-0.5856491847691914,51.14664042106035,AKEUSDT_1h_limit500_20260717_211343_enriched_candles.csv,26.546967790221547,1h,1782799200000
2.4953,21.73174402209436,-0.35280165417606696,0.0003822,1782806399999,0.00025504,3.0339,1738.0,0.8620585287921348,9594060013.0,-0.07374913220090651,-1.3106395156784398,3588466.26666239,-0.7040551816875382,1.2809,3.5675409533989364,2.1106064654020873,37769.7711104,0.42830708010985197,59.708246926957834,AKEUSDT_1h_limit500_20260717_211343_enriched_candles.csv,16.318701011409775,1h,1782802800000
2.4855,29.454984109291715,0.5083776755312049,0.0003882,1782809999999,5e-05,3.0048,4165.0,5.274033303328804,9592425535.0,-0.0170363537207896,-1.3037330037522465,3664114.7058593,0.3801687664496622,1.2858,2.2932018077246976,1.5698587127158437,122680.0088152,4.931179546828449,64.75962823139963,AKEUSDT_1h_limit500_20260717_211343_enriched_candles.csv,-4.212118693913687,1h,1782806400000
2.4855,30.370498792752873,-0.1987531868005666,0.0003877,1782820799999,5e-05,3.0048,9659.0,0.7377231640624999,9592425535.0,-0.6432990765407265,-0.23591835512304782,3664114.7058593,0.07718987420310332,1.2858,-0.1414642505818185,1.439037153322853,293348.6478392,0.3739240948630783,56.99605594890905,AKEUSDT_4h_limit500_20260717_211446_enriched_candles.csv,2.8620623436458477,4h,1782806400000
2.5323,27.87468530806349,0.32552958538639,0.0003855,1782813599999,5e-05,3.0519,1575.0,0.5145029629380053,9601655279.0,0.09621908417556391,-1.2361102599658382,3725058.18204084,1.1982968588713907,1.2885,0.38265412471531424,-0.695517774343124,43902.6293602,0.7422312912879091,61.05043105378602,AKEUSDT_1h_limit500_20260717_211343_enriched_candles.csv,-0.8630855439002673,1h,1782810000000
2.5549,26.150474692986425,0.1283868051189657,0.0003803,1782817199999,5e-05,3.1051,1326.0,-0.015025761757425742,9592993981.0,-0.09020630035472266,-1.3172243668413213,3696756.16051816,0.7829165648986771,1.2811,1.8652778457740318,-1.34889753566797,34675.5294429,0.24186415836785363,54.5680004438141,AKEUSDT_1h_limit500_20260717_211343_enriched_candles.csv,-8.156965216515651,1h,1782813600000
2.601,35.51503286575395,1.2000867353891873,0.0003877,1782820799999,5e-05,3.1859,2593.0,2.158026548611111,9578542142.0,-0.15064993294714446,-1.3810358794439028,3646550.9934594,0.08349139198124565,1.2769,2.9953015516304937,1.9458322377070791,92090.4802209,3.1658712017643746,60.926372456765954,AKEUSDT_1h_limit500_20260717_211343_enriched_candles.csv,18.21104293611217,1h,1782817200000
2.5398,31.840434689849037,0.7265633043178247,0.0003803,1782824399999,5e-05,3.0617,1921.0,0.9464480092478421,9568684544.0,-0.10291334374128436,-1.4063738431235622,3709778.9977088,0.9451448982947314,1.2887,2.6775726095251797,-1.9086922878514323,61165.4750392,1.35394776993044,52.94633916605687,AKEUSDT_1h_limit500_20260717_211343_enriched_candles.csv,-1.570973263567688,1h,1782820800000
2.5398,30.22456514495663,-0.18785024821470236,0.0003817,1782835199999,5e-05,3.0617,6226.0,-0.26516953785027186,9568684544.0,-0.24749726660244775,-0.30021894774098085,3709778.9977088,0.22877922869095518,1.2887,-0.02789082650590137,-1.5475883415011604,188178.1425925,-0.3302132465590723,53.53627271534378,AKEUSDT_4h_limit500_20260717_211446_enriched_candles.csv,0.39246703295362056,4h,1782820800000
2.5778,26.379835115320912,0.09670810696633725,0.0003843,1782827999999,5e-05,3.1017,1932.0,0.8550739622425629,9552403355.0,-0.1701507550503245,-1.4547737855168894,3630964.03926905,-0.13874418748374828,1.2892,0.8732904845783396,1.0518012095714013,50965.8414428,0.6860215678042965,56.279793725249924,AKEUSDT_1h_limit500_20260717_211343_enriched_candles.csv,8.942937901487136,1h,1782824400000
2.5499,27.394779118212767,0.20663030329732154,0.0003847,1782831599999,5e-05,3.0917,1175.0,-0.3094269361581921,9552776512.0,0.003906420050880932,-1.4073903186591592,3670367.79144064,0.40432448452783903,1.2891,-0.9252928792649361,0.10408534998698205,32188.8654639,-0.12043949658386459,56.61082361649218,AKEUSDT_1h_limit500_20260717_211343_enriched_candles.csv,15.570599377977402,1h,1782828000000
2.5373,36.60931606560935,1.23461735031944,0.0003817,1782835199999,5e-05,3.0634,1198.0,-0.2778218649885583,9572780657.0,0.20940660524060295,-1.2824532108951738,3682648.7187479,0.5857680456671512,1.2877,0.3589558422386751,-0.7798284377437015,43857.9606466,0.3866927687238914,53.34831503335595,AKEUSDT_1h_limit500_20260717_211343_enriched_candles.csv,-17.945231124671864,1h,1782831600000
2.592,20.1598901707489,-0.6118583814378721,0.0003833,1782838799999,5e-05,3.1237,1135.0,-0.3609476590628853,9553132576.0,-0.2052494641213043,-1.309783031221552,3646430.7042592,0.06189604542856406,1.2807,-0.3452215435828477,0.41917736442231845,22881.4753438,-0.5230752115939112,54.843036699791355,AKEUSDT_1h_limit500_20260717_211343_enriched_candles.csv,24.43126191298996,1h,1782835200000
2.592,22.760805009623432,-0.8511033718728691,0.0003801,1782849599999,5e-05,3.1237,5497.0,-0.48921142487980773,9553132576.0,-0.16252984334980125,-0.3571612715529673,3646430.7042592,-0.006908074127832775,1.2807,-0.7409593324775479,-0.41917736442231845,125116.1451379,-0.7621841485056213,52.618996645170334,AKEUSDT_4h_limit500_20260717_211446_enriched_candles.csv,-6.63095186536952,4h,1782835200000
2.4855,19.46783456802935,-0.6836986884288365,0.00038,1782842399999,5e-05,3.0339,954.0,-0.6336115833333333,9556852755.0,0.038941980239504126,-1.27433700415573,3664097.346267,0.3110880168836288,1.2808,0.517289250459851,-0.8609444299504276,18572.3141779,-0.7194677308910735,51.199388721714875,AKEUSDT_1h_limit500_20260717_211343_enriched_candles.csv,-12.546743138088997,1h,1782838800000
2.5137,19.05243679448669,-0.7233808391714018,0.0003808,1782845999999,5e-05,3.0766,1052.0,-0.455568635348226,9552147822.0,-0.04923098765478029,-1.2234576821966963,3629816.17236,-0.2208645607201169,1.2808,-0.7471027399470487,0.21052631578946102,20043.1635078,-0.6168345094310427,52.031406550621924,AKEUSDT_1h_limit500_20260717_211343_enriched_candles.csv,-17.868787779964155,1h,1782842400000
2.5088,27.003052677589135,0.16731219038660086,0.0003801,1782849599999,5e-05,3.0437,2356.0,1.9661838191780823,9551977330.0,-0.0017848551255417178,-1.1616371637926166,3637392.967264,-0.08287418604858572,1.2807,-0.7457304689229673,-0.18382352941175295,63619.1921084,1.5256307515291783,51.20870204601,AKEUSDT_1h_limit500_20260717_211343_enriched_candles.csv,-12.53542108930211,1h,1782846000000
2.5348,22.83426202408377,-0.3017798707729121,0.0003809,1782853199999,5e-05,3.0733,764.0,-0.966089129434954,9515336116.0,-0.3835982093981838,-1.345275461081776,3616684.10433044,-0.40349541215000684,1.2848,-0.6745964836073743,0.21047092870296602,17445.3761864,-0.7365149041863747,52.14008200660459,AKEUSDT_1h_limit500_20260717_211343_enriched_candles.csv,31.037755966656277,1h,1782849600000
2.5348,33.171111867510376,0.09826486556609432,0.0003824,1782863999999,5e-05,3.0733,4820.0,-0.7183238664759726,9515336116.0,-0.3956446715180584,-0.49667088350182387,3616684.10433044,-0.108734115810171,1.2848,-0.5993148134091625,0.605103920021044,159884.7592014,-0.5071525531082427,53.84327303386258,AKEUSDT_4h_limit500_20260717_211446_enriched_candles.csv,3.1858772685041448,4h,1782849600000
2.5002,18.26057986811441,-0.8141869267123958,0.0003801,1782856799999,0.00032513,3.0552,944.0,-0.6430751589041096,9505328344.0,-0.10517518118117186,-1.4059198695036736,3619153.766978,-0.36427148575040524,1.2845,-0.6754344755200196,-0.2100288789708471,17237.9873955,-0.7170559946687328,51.08980597443533,AKEUSDT_1h_limit500_20260717_211343_enriched_candles.csv,-29.967210008800244,1h,1782853200000
2.4977,16.262494931066666,-1.0326425162178365,0.0003802,1782860399999,0.00032513,3.0388,750.0,-1.0056539268377254,9510483573.0,0.054235149101966584,-1.2701703318152013,3614934.8060973,-0.424150945682913,1.2869,-1.06030895427751,0.026308866087876304,12196.8711983,-0.954163953786084,51.222072451299894,AKEUSDT_1h_limit500_20260717_211343_enriched_candles.csv,-2.9562837111066385,1h,1782856800000
2.488,47.84272837476715,2.613162796213726,0.0003824,1782863999999,0.00032513,3.042,2362.0,2.044310225421348,9508313692.0,-0.02281567475874713,-1.1683318977935286,3614490.36687688,-0.42228625531990616,1.2875,0.11519801814232532,0.5786428195686533,113004.5244212,4.236592541884189,54.159118301201865,AKEUSDT_1h_limit500_20260717_211343_enriched_candles.csv,4.606361504781891,1h,1782860400000
2.3887,38.895402720807176,1.5073513801693335,0.0003843,1782867599999,0.00012157,2.9777,1115.0,-0.31616707031249996,9530177531.0,0.22994444344421883,-1.071278211067101,3647198.9411137,0.12602918899096016,1.2855,-0.07212914855109342,0.4968619246861872,43368.3740337,0.6013929321650203,56.5901534398299,AKEUSDT_1h_limit500_20260717_211343_enriched_candles.csv,13.14998335669319,1h,1782864000000
2.3887,33.61265040480226,0.12808025826992298,0.0003834,1782878399999,0.00012157,2.9777,4956.0,-0.6547899819703437,9530177531.0,0.1559736284569624,-0.44556235456622717,3647198.9411137,0.004439210255895884,1.2855,-0.7996853405896266,0.26150627615062483,166584.2954062,-0.396871830423529,54.395025502715654,AKEUSDT_4h_limit500_20260717_211446_enriched_candles.csv,0.12305311259993178,4h,1782864000000
2.3887,52.56945794872553,,0.0003766,1782950399999,0.00012157,2.9777,45980.0,,9530177531.0,-1.7686165259647502,,3647198.9411137,,1.2855,,-1.5167364016736462,2417143.6764824,,55.2645103061447,AKEUSDT_1d_limit500_20260717_212121_enriched_candles.csv,1.8238145224347895,1d,1782864000000
2.3602,32.68149242973944,0.7936330273483616,0.000385,1782871199999,0.00012157,2.9293,1113.0,-0.3220878019662921,9536558661.0,0.06695709475761369,-1.0395026140434636,3664422.66548925,0.4103595817336396,1.2885,-0.7349703616931299,0.18214936247722413,36374.5010743,0.1961794106795276,57.484719556878396,AKEUSDT_1h_limit500_20260717_211343_enriched_candles.csv,-22.351577338456902,1h,1782867600000
2.3807,28.612761794545452,0.33670575619660476,0.0003858,1782874799999,0.00012157,2.9355,1595.0,0.5964810624118476,9516285186.0,-0.21258690603884745,-1.1137123356360112,3663769.79661,0.4023848871307647,1.2906,-0.668914531380357,0.2077922077922123,45637.3550623,0.5556133989039912,58.53636229053062,AKEUSDT_1h_limit500_20260717_211343_enriched_candles.csv,24.422513073084048,1h,1782871200000
2.3422,36.3672243917917,1.1912601850182116,0.0003834,1782878399999,0.00012157,2.8865,1133.0,-0.28419511938202247,9546501826.0,0.3175255828235857,-0.9796424470563889,3683040.4044708,0.7556143151442062,1.2921,0.23832437886774124,-0.6220839813374845,41204.0652359,0.27493128186911453,54.20459406144887,AKEUSDT_1h_limit500_20260717_211343_enriched_candles.csv,-20.661701765005578,1h,1782874800000
2.3715,24.670385901205936,-0.10662740725328224,0.0003841,1782881999999,0.00012157,2.9047,1078.0,-0.38883474256373934,9521097685.0,-0.2661094237766948,-1.067799744398406,3652293.071966,0.1766732432930098,1.2931,-0.7256879170955955,0.18257694314032236,26594.6760015,-0.3634849492359682,55.24488224992159,AKEUSDT_1h_limit500_20260717_211343_enriched_candles.csv,2.893925132446023,1h,1782878400000
2.3715,34.0432964225795,0.15839432876415377,0.0003806,1782892799999,0.00012157,2.9047,5629.0,-0.4613763219483568,9521097685.0,-0.09527467846706106,-0.4696465118063839,3652293.071966,0.022333122817484313,1.2931,-0.4847413776610508,-0.7303077725613005,191629.7155627,-0.13291270958127327,52.50254105922028,AKEUSDT_4h_limit500_20260717_211446_enriched_candles.csv,-13.762322078003098,4h,1782878400000
2.4211,38.68896450726257,1.447588165776309,0.0003838,1782885599999,0.00013904,2.9635,1432.0,0.2929212628571429,9508926618.0,-0.12783260294845222,-1.1008211732068895,3652378.7139738,0.16612620014056484,1.2934,-0.9226758158544712,-0.07810466024472662,55402.5971744,0.9260545886894901,54.67168759443075,AKEUSDT_1h_limit500_20260717_211343_enriched_candles.csv,-33.4677260566545,1h,1782882000000
2.42,38.94230799236079,1.4494343854989338,0.0003826,1782889199999,0.00013904,2.9714,2173.0,1.7378832720375723,9516830372.0,0.08311930796729428,-1.0644789832753236,3654462.862848,0.17947022549059682,1.292,-0.40689934969383557,-0.3126628452319036,84621.6352674,2.130465285819396,52.332700112016404,AKEUSDT_1h_limit500_20260717_211343_enriched_candles.csv,-3.3761064857376946,1h,1782885600000
2.3818,26.43848532706131,0.07801159328403498,0.0003806,1782892799999,0.00013904,2.92,946.0,-0.6439179766288952,9550979412.0,0.3588278729909078,-0.923629576093046,3654204.7230312,0.14477590922764594,1.2964,0.039045027349125176,-0.5227391531625658,25010.8071194,-0.44535798832347084,48.600702177455794,AKEUSDT_1h_limit500_20260717_211343_enriched_candles.csv,-22.96376390806289,1h,1782889200000
2.3784,19.950951074570447,-0.6425435592033064,0.0003839,1782896399999,5e-05,2.951,873.0,-0.7963267713150289,9538038375.0,-0.13549434504843694,-0.9233332988153301,3627697.5155475,-0.3536626607590812,1.2928,0.7838378953084657,0.8670520231213841,17417.1802881,-0.7579260483597676,54.38138304312081,AKEUSDT_1h_limit500_20260717_211343_enriched_candles.csv,27.22156429039989,1h,1782892800000
2.3784,21.5201451463943,-1.0485408099683982,0.0003857,1782907199999,5e-05,2.951,3647.0,-1.1029238105180343,9538038375.0,0.1779279087398722,-0.41615750798928625,3627697.5155475,-0.07292926020166002,1.2928,-0.0934125843726617,1.3399894902785148,78483.9693489,-1.0628501420689527,55.53691796868858,AKEUSDT_4h_limit500_20260717_211446_enriched_candles.csv,11.892420340525005,4h,1782892800000
2.3887,18.6275216088586,-0.7756292904061053,0.0003839,1782899999999,5e-05,2.9479,1174.0,-0.20427403857142856,9536341908.0,-0.017786330200209033,-0.8925815621385282,3661001.6584812,0.27711237073692496,1.2942,-1.08937245713613,0.0,21868.7103688,-0.5393238692944603,54.38138304312082,AKEUSDT_1h_limit500_20260717_211343_enriched_candles.csv,4.630960902225228,1h,1782896400000
2.3841,27.886146716685715,0.24398567118406558,0.0003799,1782903599999,5e-05,2.9683,875.0,-0.7963005854477612,9538014188.0,0.017535864549866886,-0.8327276876094613,3664314.29074584,0.3396717991187032,1.2918,1.1376700191131726,-1.041938004688714,24400.3783771,-0.41609706210583397,46.95733657124138,AKEUSDT_1h_limit500_20260717_211343_enriched_candles.csv,-2.3353907553942186,1h,1782900000000
2.4153,20.410621124,-0.580618238100299,0.0003857,1782907199999,5e-05,2.9936,725.0,-1.0824146886227544,9529033817.0,-0.0941534665706234,-0.8350027230104595,3620079.9470783,-0.5072505695320265,1.2904,2.1629638444801307,1.526717557251911,14797.7003149,-0.8441686482084289,56.27793477539279,AKEUSDT_1h_limit500_20260717_211343_enriched_candles.csv,28.04170425672014,1h,1782903600000
2.4048,26.01363448952734,0.03997947822173865,0.0003874,1782910799999,8.779e-05,2.962,1079.0,-0.36606490179910045,9533819502.0,0.05022214310397288,-0.8097846165399316,3674620.05065586,0.5523347170445592,1.2909,-0.15723514925042073,0.44075706507649137,28068.7116142,-0.1580926633704201,58.57556767032891,AKEUSDT_1h_limit500_20260717_211343_enriched_candles.csv,0.9349517284834569,1h,1782907200000
2.4048,79.930804862731,4.378524838115593,0.0003901,1782921599999,8.779e-05,2.962,17803.0,3.6429840009965124,9533819502.0,-0.0442320824694753,-0.44275723767474146,3674620.05065586,0.10815668710949601,1.2909,-0.20906506447277012,1.1407829919626744,1423008.1189712,10.059377079362886,58.0282055869565,AKEUSDT_4h_limit500_20260717_211446_enriched_candles.csv,10.297661143335038,4h,1782907200000
2.4698,76.0616465906176,5.5474391634177005,0.0003973,1782914399999,8.779e-05,3.0048,5489.0,8.59364952560241,9531863913.0,-0.020512125277705184,-0.8093021691735635,3687782.82930057,0.8301106380722229,1.2929,4.3524921276091515,2.5554981930820952,417502.3781359,20.069489511022233,68.8437951220859,AKEUSDT_1h_limit500_20260717_211343_enriched_candles.csv,16.41430954244599,1h,1782910800000
2.375,95.39282778727969,7.78210346169453,0.0003892,1782917999999,8.779e-05,2.9448,9929.0,17.53268858395802,9812345900.0,2.9425722981364144,0.21568196872927028,3898445.02607,4.939737651995243,1.2291,3.1796735614110068,-2.03876164107728,947155.3870999,45.93980755397218,56.50295832600506,AKEUSDT_1h_limit500_20260717_211343_enriched_candles.csv,8.065057134542055,1h,1782914400000
2.3864,23.186555988667685,-0.31071688648050794,0.0003901,1782921599999,8.779e-05,2.9246,1306.0,0.09087436751497005,9747177185.0,-0.6641502008199685,-0.020969587950404104,3792236.7555961,2.831404039058672,1.2577,-0.5894728225377618,0.2312435765673193,30281.6421212,-0.0914719473196487,57.41636609031098,AKEUSDT_1h_limit500_20260717_211343_enriched_candles.csv,4.475878181160839,1h,1782918000000
2.3852,30.07352186105442,0.47421462111912843,0.0003885,1782925199999,9.338e-05,2.9216,1176.0,-0.18637216776315788,9749235988.0,0.02112204344830726,-0.009827158971350405,3803176.9589188,2.9954094018422177,1.257,-0.2211453751118823,-0.41015124327095087,35366.4617086,0.2069819801403595,55.19722763159167,AKEUSDT_1h_limit500_20260717_211343_enriched_candles.csv,1.138822660628393,1h,1782921600000
2.3852,27.25829496459854,-0.48797261665737074,0.0003942,1782935999999,9.338e-05,2.9216,5206.0,-0.5740976411771589,9749235988.0,2.259498262525428,0.4219388012908208,3803176.9589188,0.6040842768359955,1.257,-0.2576587509673419,1.0510125608818255,141906.6835857,-0.5371559381992643,60.262501516350156,AKEUSDT_4h_limit500_20260717_211446_enriched_candles.csv,-0.0669665865615242,4h,1782921600000
2.4412,25.78045361285801,-0.019118784973537452,0.0003864,1782928799999,9.338e-05,3.0016,1641.0,0.7673835479041916,9725401385.0,-0.24447662390506553,-0.09638071754174823,3775692.57969855,2.2947172328118923,1.2543,0.06410778609512771,-0.540540540540535,42305.7243787,0.491073199584513,52.337993234302175,AKEUSDT_1h_limit500_20260717_211343_enriched_candles.csv,-25.104174738696088,1h,1782925200000
2.4819,27.546466227543423,0.19073902560077446,0.0003927,1782932399999,9.338e-05,3.0601,1612.0,0.673503653874269,9722030460.0,-0.034661037283245655,-0.10647992132503235,3756592.569744,1.9014153298122938,1.2525,2.4181468127123265,1.6304347826086918,44404.9035588,0.5219116392767733,59.170936993609814,AKEUSDT_1h_limit500_20260717_211343_enriched_candles.csv,21.659430245275182,1h,1782928800000
2.4916,25.52071292097812,-0.04880251557118203,0.0003942,1782935999999,9.338e-05,3.07,777.0,-0.9693381264285714,9739449168.0,0.17916738763230633,-0.0374095230656137,3824681.6882736,3.0731590635932156,1.249,-0.2905941040217909,0.381970970206269,19829.5939396,-0.6736408791663394,60.61858260508638,AKEUSDT_1h_limit500_20260717_211343_enriched_candles.csv,2.5460053288927065,1h,1782932400000
2.4953,40.725116234251175,1.6959338030808047,0.0003909,1782939599999,0.00014827,3.0683,1489.0,0.4302949208029197,9739891544.0,0.004542104921645418,-0.03250401262751174,3844335.1924168,3.417179182036464,1.2496,0.6967346281186935,-0.8371385083713823,60639.6980728,1.3358704082818025,55.9209928927195,AKEUSDT_1h_limit500_20260717_211343_enriched_candles.csv,-14.84332961716605,1h,1782936000000
2.4953,47.54902089572033,1.4004735315243686,0.0003766,1782950399999,0.00014827,3.0683,8739.0,0.5968578953662182,9739891544.0,-0.09584796194801459,0.3899732077076088,3844335.1924168,0.7703347275046096,1.2496,2.048395670653625,-4.4647387113140535,415530.8936077,1.726562922687487,48.36121622216645,AKEUSDT_4h_limit500_20260717_211446_enriched_candles.csv,-20.581679973773976,4h,1782936000000
2.5298,31.59494705159729,0.6413300481580299,0.000393,1782943199999,0.00014827,3.1237,1033.0,-0.4759970521428572,9715610048.0,-0.24929944948881566,-0.1262591094031728,3797734.81166272,2.5828201656650656,1.2454,0.03820654849710711,0.5372217958557135,32637.5803043,-0.09247284208648392,58.143884394182706,AKEUSDT_1h_limit500_20260717_211343_enriched_candles.csv,15.296324746973527,1h,1782939600000
2.5663,27.827428034826326,0.2114075850454388,0.0003973,1782946799999,0.00014827,3.1597,1094.0,-0.3491127298387097,9712014712.0,-0.03700576682511558,-0.13882873984331665,3816821.781816,2.8634824352025428,1.2435,1.225858521652256,1.0941475826971914,30443.2062701,-0.15523795128115303,62.33264405393232,AKEUSDT_1h_limit500_20260717_211343_enriched_candles.csv,14.502845653403964,1h,1782943200000
2.5702,56.96084500497755,3.5540566693979363,0.0003766,1782950399999,0.00014827,3.1754,5123.0,7.799040163173653,9713164170.0,0.011835422763306624,-0.132901640115578,3858457.3348908,3.5186349420382457,1.2397,9.93125289252772,-5.210168638308588,291810.4089605,12.83981041016792,41.040295305705186,AKEUSDT_1h_limit500_20260717_211343_enriched_candles.csv,-29.447122961447064,1h,1782946800000
2.6576,37.65720300855588,1.31288801165725,0.0003721,1782953999999,0.00029843,3.2626,2022.0,1.486448818548387,9856270400.0,1.4733224672758727,0.4472981086576318,3709998.741264,0.952309963972445,1.2195,1.3841426920137414,-1.1949017525225702,76142.8644833,2.052527900061247,38.001278632419144,AKEUSDT_1h_limit500_20260717_211343_enriched_candles.csv,-14.95339158956545,1h,1782950400000
2.6576,34.47668637345304,0.1696073689400367,0.0003899,1782964799999,0.00029843,3.2626,7741.0,0.23397332649479546,9856270400.0,1.1948680893853592,0.8835524697222646,3709998.741264,0.23517048689075412,1.2195,1.3895169449646465,3.531598513011147,266884.0292169,0.48860551044396333,55.511426979265934,AKEUSDT_4h_limit500_20260717_211446_enriched_candles.csv,-11.6798234459232,4h,1782950400000
2.6576,34.57562780401026,,0.0004028,1783036799999,0.00029843,3.2626,42890.0,,9856270400.0,3.42168724495715,,3709998.741264,,1.2195,,6.956983536909189,1482948.676514,,59.28939089543093,AKEUSDT_1d_limit500_20260717_212121_enriched_candles.csv,-1.2877039930127125,1d,1782950400000
2.7258,37.00315472128617,1.2219210682939852,0.0003752,1782957599999,0.00029843,3.3197,1555.0,0.5299562321428571,9825227521.0,-0.3149556347398885,0.32315788800853235,3655574.15146326,0.028499550213300362,1.2276,0.6173173380146841,0.8331093791991373,57539.9055916,1.0374811642537758,41.22987027686024,AKEUSDT_1h_limit500_20260717_211343_enriched_candles.csv,-26.27077525515917,1h,1782954000000
2.7313,22.519954274158913,-0.4117758716918353,0.000381,1782961199999,0.00029843,3.3422,1397.0,0.2251548153901734,9796441302.0,-0.2929827216568093,0.21057913212766485,3675624.7765104,0.36153025308190195,1.2397,2.079214130018412,1.5458422174839948,31460.376121,-0.15670066731934584,46.810779916924716,AKEUSDT_1h_limit500_20260717_211343_enriched_candles.csv,-2.2923638745647534,1h,1782957600000
2.7244,36.769383093964585,1.1956003368388286,0.0003899,1782964799999,0.00029843,3.3215,2767.0,2.9267333011695906,9800267695.0,0.03905901012462021,0.23139659459057463,3730961.9114865,1.3012934945919814,1.2431,3.6883584673829803,2.33595800524935,101740.883021,3.043120033487307,54.0253932665065,AKEUSDT_1h_limit500_20260717_211343_enriched_candles.csv,-3.880718379832669,1h,1782961200000
2.7023,52.78413452221815,2.9595038501028865,0.0003998,1782968399999,0.00029843,3.2863,5464.0,8.048589831071428,9784429838.0,-0.16160637130433475,0.15712353804323492,3813187.99646536,2.639086588253982,1.2526,4.078574285699274,2.53911259297257,288412.5110294,11.151604396161233,60.45151771349339,AKEUSDT_1h_limit500_20260717_211343_enriched_candles.csv,7.306238710099501,1h,1782964800000
2.7023,42.133108344108834,0.8965494951279837,0.0003925,1782979199999,0.00029843,3.2863,12680.0,1.7764103867702448,9784429838.0,-0.7288818090867344,0.5723578775163006,3813187.99646536,0.6480321166241595,1.2526,-0.5163883084243206,0.6668376506796747,534247.8138033,2.661677099528951,56.77156676572876,AKEUSDT_4h_limit500_20260717_211446_enriched_candles.csv,3.169230071483981,4h,1782964800000
2.6982,28.03759764147478,0.1933471368685695,0.0003992,1782971999999,0.00046295,3.2301,3648.0,4.527344304843305,9631645369.0,-1.5615061023446453,-0.5076334382446537,3850153.91980406,3.1928741437534547,1.297,-0.7906507626589525,-0.15007503751875984,102281.1561961,2.893273727881006,59.90501162495714,AKEUSDT_1h_limit500_20260717_211343_enriched_candles.csv,0.9611606052000056,1h,1782968400000
2.6928,43.21393492928994,1.871506041616312,0.0003885,1782975599999,0.00046295,3.2517,2366.0,1.9935749674515235,9599548031.0,-0.3332487521115257,-0.6482346653406145,3831947.58301458,2.9001399119525724,1.3042,4.3374726086258875,-2.680360721442887,102244.1700427,2.8723096134089334,51.04284555464395,AKEUSDT_1h_limit500_20260717_211343_enriched_candles.csv,2.734304227353456,1h,1782972000000
2.7147,34.367700944342765,0.8662027837967006,0.0003925,1782979199999,0.00046295,3.3197,1202.0,-0.19218338082191783,9513621337.0,-0.8951118711267969,-1.0288266395656653,3702606.28814703,0.7767572708493238,1.301,0.9228948203209909,1.029601029601035,41309.9765351,0.25144774241933904,53.794723680617835,AKEUSDT_1h_limit500_20260717_211343_enriched_candles.csv,-19.17047082118569,1h,1782975600000
2.7051,24.987451381605922,-0.15122822123367977,0.0003949,1782982799999,5e-05,3.2974,1756.0,0.8538554452908588,9510601609.0,-0.031741099346216384,-1.0396755095979928,3731294.32925897,1.2421006058556487,1.2987,0.09347147804633216,0.611464968152875,43877.9646261,0.3439982632509666,55.41409538057662,AKEUSDT_1h_limit500_20260717_211343_enriched_candles.csv,-24.788467061733787,1h,1782979200000
2.7051,30.42891484116185,-0.24086840298821824,0.0003998,1782993599999,5e-05,3.2974,6438.0,-0.21211647526071845,9510601609.0,-2.7986120145348403,-0.5976879800619247,3731294.32925897,0.3258215357791957,1.2987,0.2794460470289518,1.8598726114649633,195901.3537474,-0.18262944239593423,60.181814354317744,AKEUSDT_4h_limit500_20260717_211446_enriched_candles.csv,3.3187249571450756,4h,1782979200000
2.6928,30.094998196809232,0.4028716396001332,0.0004001,1782986399999,5e-05,3.3011,1473.0,0.3086021595890411,9509385167.0,-0.012790379094929083,-1.0425791299491982,3756492.42252001,1.6528659231937146,1.3017,1.3688608612252917,1.3167890605216614,44329.9323439,0.34264376184622075,58.784573822915604,AKEUSDT_1h_limit500_20260717_211343_enriched_candles.csv,1.9385071049363964,1h,1782982800000
2.6873,30.89277325226782,0.49441345997569436,0.0004,1782989999999,5e-05,3.2918,1852.0,0.967942452476573,9489817686.0,-0.2057702012944418,-1.1272679990036276,3796876.0561686,2.167108726167921,1.3058,-1.0069570053522847,-0.024993751562107924,57213.4160632,0.8654376172874302,58.69268571823678,AKEUSDT_1h_limit500_20260717_211343_enriched_candles.csv,25.428513496081383,1h,1782986400000
2.6298,37.19973523522476,1.20082073444379,0.0003998,1782993599999,5e-05,3.2265,1357.0,0.05430956428571429,9445897263.0,-0.4628162990401252,-1.3189966611593331,3777130.93855581,1.73945012165403,1.3094,-0.9332017393250818,-0.050000000000005596,50480.0407142,0.5777441927778291,58.495745290247726,AKEUSDT_1h_limit500_20260717_211343_enriched_candles.csv,3.9030115382727444,1h,1782990000000
2.639,42.05437456456196,1.7085364102000913,0.0004021,1782997199999,5e-05,3.2159,3801.0,4.189160454861111,9422505701.0,-0.24763726884502457,-1.3731175862014624,3767117.7792598,1.563360339597923,1.3143,0.026584428948657948,0.575287643821909,159848.6777199,5.045015626929087,60.151680824328785,AKEUSDT_1h_limit500_20260717_211343_enriched_candles.csv,-2.0999647357621605,1h,1782993600000
2.639,34.752356605342904,0.17918742925041803,0.0004035,1783007999999,5e-05,3.2159,7524.0,0.13908969420903955,9422505701.0,-0.926291644017907,-0.9710666313646437,3767117.7792598,0.4813581805479918,1.3143,-0.3634649942611713,0.9254627313656671,261476.7310986,0.4367996284876772,61.825625396338815,AKEUSDT_4h_limit500_20260717_211446_enriched_candles.csv,-8.221226068905487,4h,1782993600000
2.7064,22.89876319004777,-0.38242889363997906,0.0004044,1783000799999,0.00028806,3.3365,1256.0,-0.16904085545905706,9389553604.0,-0.34971692292532497,-1.4645195249382765,3770187.45861412,1.58097194740469,1.3111,0.0073352429457804475,0.5719970156677467,28760.8465667,-0.31600580764551506,61.79330942735458,AKEUSDT_1h_limit500_20260717_211343_enriched_candles.csv,-13.676653881441462,1h,1782997200000
2.6996,17.182339597737556,,0.0004012,1782998999999,0.00028806,3.3309,221.0,,9385065779.0,,,3757498.78593823,,1.3121,,,3797.2970511,,55.0944117372849,AKEUSDT_15m_limit500_20260707_181139_enriched_candles.csv,-9.938740457259554,15m,1782998100000
2.69,29.946585407692304,,0.0004049,1782999899999,0.00028806,3.3011,338.0,,9386148046.0,0.011531799834818557,,3763751.50496554,,1.3123,,0.9222333000997063,10121.9458678,,62.145110697933475,AKEUSDT_15m_limit500_20260707_181139_enriched_candles.csv,-16.1668514707802,15m,1782999000000
2.6617,17.61877033152174,,0.0004044,1783000799999,0.00028806,3.2955,276.0,,9383037183.0,-0.03314312734845615,,3799191.7553967,,1.3115,,-0.12348728081006399,4862.7806115,,60.756821978098586,AKEUSDT_15m_limit500_20260707_181139_enriched_candles.csv,6.582704708968136,15m,1782999900000
2.6751,22.08932202158809,,0.0004036,1783001699999,0.00028806,3.3048,403.0,,9381159427.0,-0.020012240848854557,,3794397.55343869,,1.3115,,-0.1978239366963397,8901.9967747,,58.504818128264155,AKEUSDT_15m_limit500_20260707_181139_enriched_candles.csv,-2.6837037323915545,15m,1783000800000
2.6751,27.22977053162393,0.08858790984812927,0.0004027,1783004399999,0.00028806,3.3048,1287.0,-0.09282750347222223,9381159427.0,-0.08939910621974523,-1.4743825705242979,3794397.55343869,1.8648047227963096,1.3115,-0.2748065540493434,-0.4203758654797385,35044.7146742,-0.05828325841720689,59.83130865561074,AKEUSDT_1h_limit500_20260717_211343_enriched_candles.csv,-7.845237436114918,1h,1783000800000
2.6684,24.349728780246913,,0.0004022,1783002599999,0.00028806,3.2992,324.0,,9378530781.0,-0.02802048105519095,,3787519.65590685,,1.3112,,-0.3468780971258578,7889.3121248,,54.68481631302534,AKEUSDT_15m_limit500_20260707_181139_enriched_candles.csv,21.28122511368584,15m,1783001700000
2.6563,20.65704440879121,,0.0004002,1783003499999,0.00028806,3.2699,273.0,,9380192358.0,0.01771681555244875,,3773651.3856234,,1.3115,,-0.4972650422675251,5639.3731236,,49.6930501428682,AKEUSDT_15m_limit500_20260707_181139_enriched_candles.csv,-19.911711284022633,15m,1783002600000
2.6697,43.95133327909408,,0.0004027,1783004399999,0.00028806,3.29,287.0,,9374826447.0,-0.05720470108935283,,3753680.5093788,,1.312,,0.6246876561718961,12614.0326511,,55.19829583959015,AKEUSDT_15m_limit500_20260707_181139_enriched_candles.csv,-24.31010382419289,15m,1783003500000
2.6364,26.23116546463415,,0.000405,1783005299999,0.00028806,3.2753,328.0,,9368792783.0,-0.06436027412465295,,3770283.27966269,,1.3144,,0.5711447727837049,8603.8222724,,59.58067806892359,AKEUSDT_15m_limit500_20260707_181139_enriched_candles.csv,-14.107536998918263,15m,1783004400000
2.6364,32.05295943881356,0.6202844502161893,0.0004035,1783007999999,0.00028806,3.2753,1180.0,-0.25778927617801045,9368792783.0,-0.13182426006328463,-1.5000069956499087,3770283.27966269,1.4726361396051004,1.3144,-0.67773852205878,0.1986590514030384,37822.4921378,0.05980251932491628,60.467427907277155,AKEUSDT_1h_limit500_20260717_211343_enriched_candles.csv,-30.291406402990162,1h,1783004400000
2.6496,35.45460754234973,,0.0004015,1783006199999,0.00028806,3.2918,366.0,,9364410499.0,-0.04677533276167267,,3791087.94641516,,1.314,,-0.8641975308641969,12976.3863605,,51.34925769509275,AKEUSDT_15m_limit500_20260707_181139_enriched_candles.csv,-61.54357685441389,15m,1783005300000
2.6792,41.0627469084507,,0.0004031,1783007099999,0.00028806,3.3478,284.0,,9376657423.0,0.13078157991159856,,3764165.35588912,,1.3113,,0.3985056039850443,11661.820122,,54.447518694414285,AKEUSDT_15m_limit500_20260707_181139_enriched_candles.csv,-19.24580212625577,15m,1783006200000
2.6805,22.67556130148515,,0.0004035,1783007999999,0.00028806,3.3516,202.0,,9381498762.0,0.05163182125140775,,3779993.48118504,,1.3105,,0.09923096005954868,4580.4633829,,55.21537883842173,AKEUSDT_15m_limit500_20260707_181139_enriched_candles.csv,-0.27582923481426064,15m,1783007100000
2.6805,20.75782749409091,,0.0004016,1783008899999,5e-05,3.3497,220.0,,9380362312.0,-0.01211373607598043,,3782818.70956024,,1.3108,,-0.4708798017348137,4566.7220487,,50.83221769129915,AKEUSDT_15m_limit500_20260707_181139_enriched_candles.csv,-12.641465224806916,15m,1783008000000
2.6805,25.94196124659533,-0.06010680816502077,0.0003974,1783011599999,5e-05,3.3497,1028.0,-0.5235931212938005,9380362312.0,0.12349007249892185,-1.453351857698605,3782818.70956024,1.637620055597571,1.3108,1.7729610872442374,-1.511771995043365,26668.3361615,-0.40536912563393773,53.509126325135526,AKEUSDT_1h_limit500_20260717_211343_enriched_candles.csv,6.202987893516018,1h,1783008000000
2.6805,27.632617247806824,-0.5296832445700473,0.0003989,1783022399999,5e-05,3.3497,4514.0,-0.8305462854861604,9380362312.0,-0.4472630777557107,-1.1231742635306354,3782818.70956024,0.5309834182466949,1.3108,-0.20613996451215819,-1.1400247831474641,124733.6342566,-0.7411047528281495,58.587340872731254,AKEUSDT_4h_limit500_20260717_211446_enriched_candles.csv,5.77353667526844,4h,1783008000000
2.6684,28.990841456250003,,0.0003989,1783009799999,5e-05,3.3384,336.0,,9382396742.0,0.021688181461798628,,3767970.5315872,,1.3109,,-0.6723107569721165,9740.9227293,,45.325816343403524,AKEUSDT_15m_limit500_20260707_181139_enriched_candles.csv,11.752907235947955,15m,1783008900000
2.667,30.500861169963372,,0.0003976,1783010699999,5e-05,3.3271,273.0,,9379328996.0,-0.03269682666762197,,3739163.29754536,,1.3102,,-0.32589621459011564,8326.7350994,,42.91532549065838,AKEUSDT_15m_limit500_20260707_181139_enriched_candles.csv,9.41052771159326,15m,1783009800000
2.6657,20.271137106030153,,0.0003974,1783011599999,5e-05,3.3309,199.0,,9379697562.0,0.003929556156490044,,3729367.7506512,,1.3084,,-0.05030181086519425,4033.9562841,,42.54049602032363,AKEUSDT_15m_limit500_20260707_181139_enriched_candles.csv,7.513787843826967,15m,1783010700000
2.6643,20.230446327480916,,0.0003966,1783012499999,5e-05,3.329,262.0,,9380126564.0,0.004573729559664841,,3727662.2965336,,1.3079,,-0.20130850528434774,5300.3769378,,40.99798421314944,AKEUSDT_15m_limit500_20260707_181139_enriched_candles.csv,18.92696267779765,15m,1783011600000
2.6643,31.787885095816144,0.5985727599578448,0.0003972,1783015199999,5e-05,3.329,1697.0,0.7325708118055556,9380126564.0,-0.0025132078288581106,-1.4544962638771912,3727662.2965336,0.8744994926631744,1.3079,-0.9394826611469755,-0.050327126321092486,53944.0410076,0.7276184417568634,53.292588678347364,AKEUSDT_1h_limit500_20260717_211343_enriched_candles.csv,-1.65167284311249,1h,1783011600000
2.6778,32.930543728174605,,0.0003997,1783013399999,5e-05,3.3271,504.0,,9379039338.0,-0.0115907391289638,,3718601.51673024,,1.3076,,0.781643973777113,16596.994039,,48.75250523334226,AKEUSDT_15m_limit500_20260707_181139_enriched_candles.csv,30.801486349801777,15m,1783012500000
2.6805,39.428321524895104,,0.0003984,1783014299999,5e-05,3.279,715.0,,9363676748.0,-0.16379705262304922,,3741257.0446634,,1.3105,,-0.32524393294971476,28191.2498903,,46.02094962685791,AKEUSDT_15m_limit500_20260707_181139_enriched_candles.csv,-28.828317142108496,15m,1783013400000
2.6928,17.84916731712963,,0.0003972,1783015199999,5e-05,3.3011,216.0,,9343892071.0,-0.21129175571151793,,3717187.14368522,,1.3082,,-0.3012048192771011,3855.4201405,,43.59293236978932,AKEUSDT_15m_limit500_20260707_181139_enriched_candles.csv,29.069792392448612,15m,1783014300000
2.6738,25.621077720666666,,0.0003992,1783016099999,5e-05,3.2626,300.0,,9339311390.0,-0.04902326530736856,,3713216.8155501,,1.3091,,0.5035246727089548,7686.3233162,,48.47237023300535,AKEUSDT_15m_limit500_20260707_181139_enriched_candles.csv,50.20156337253401,15m,1783015200000
2.6738,26.779658345294116,0.03330286896800212,0.0003993,1783018799999,5e-05,3.2626,1020.0,-0.5381373746630728,9339311390.0,-0.43512391566916664,-1.58353705060159,3713216.8155501,0.6720850673484383,1.3091,-0.0584342249225375,0.5287009063444037,27315.2515122,-0.37861470795810315,55.3363660692738,AKEUSDT_1h_limit500_20260717_211343_enriched_candles.csv,16.665154903541158,1h,1783015200000
2.6403,29.056668304511277,0.565250564205222,0.0003996,1783016999999,5e-05,3.2373,266.0,-0.25538932281553395,9333354482.0,-0.06378316078398116,-10.849243768757495,3725875.1092144,-1.1104781642742103,1.3106,,0.10020040080160886,7729.073769,-0.0754776940249617,49.41485416356589,AKEUSDT_15m_limit500_20260707_181139_enriched_candles.csv,7.259094470676679,15m,1783016100000
2.6193,30.812805700887573,0.7054278421278779,0.0004002,1783017899999,5e-05,3.2373,338.0,0.7004316634615384,9333628300.0,0.0029337576380239483,-10.047980184756495,3729157.850982,-0.9816945829972219,1.3096,-0.804145289312543,0.15015015015016342,10414.7283269,0.5628116989084644,50.86658688228143,AKEUSDT_15m_limit500_20260707_181139_enriched_candles.csv,6.317728643967898,15m,1783017000000
2.643,12.802811207758621,-1.6961240720808897,0.0003993,1783018799999,5e-05,3.2699,116.0,-2.2199225752427187,9334696811.0,0.011447970346112335,-8.493632203336139,3733505.33652756,-0.7452740122377366,1.3101,-0.4182495202211541,-0.2248875562218977,1485.1261001,-1.4760145078039284,48.61291213180518,AKEUSDT_15m_limit500_20260707_181139_enriched_candles.csv,-35.38827679781615,15m,1783017900000
2.6483,17.322623220108696,-1.078103961299906,0.0003971,1783019699999,5e-05,3.2845,184.0,-1.2490550925925927,9334221389.0,-0.005093063113092988,-7.561385500569119,3729581.49818884,-0.7436801435844492,1.3102,0.8191309733584418,-0.5509641873278182,3187.3626725,-1.0478716962495749,43.535242259262624,AKEUSDT_15m_limit500_20260707_181139_enriched_candles.csv,4.811165250288921,15m,1783018800000
2.6483,21.85436355695709,-0.5505711584822855,0.0003989,1783022399999,5e-05,3.2845,769.0,-1.0061138770833333,9334221389.0,-0.05450081689587494,-1.5654051753908709,3729581.49818884,0.8903664323395845,1.3102,-0.8564392854539551,-0.10017530678687603,16806.0055753,-0.8104024497261979,54.84409642233424,AKEUSDT_1h_limit500_20260717_211343_enriched_candles.csv,11.223122277622654,1h,1783018800000
2.6711,24.033513134642856,-0.12256603673311767,0.0003985,1783020599999,5e-05,3.3011,280.0,0.0,9332654709.0,-0.016784260140290108,-7.578966995445323,3705997.1849439,-1.2808569026643095,1.3105,0.019467027490806567,0.352556031226392,6729.3836777,-0.2358877887813905,47.30709722990994,AKEUSDT_15m_limit500_20260707_181139_enriched_candles.csv,41.633058658613464,15m,1783019700000
2.6523,23.358395095000002,-0.11946784669271782,0.0003969,1783021499999,5e-05,3.2918,140.0,-1.6280787068965519,9327774774.0,-0.05228881976415689,-7.596838114404407,3716931.69194352,-1.0107672783123718,1.312,0.19769884637462323,-0.4015056461731503,3270.1753133,-1.0492580972713987,43.71319164438374,AKEUSDT_15m_limit500_20260707_181139_enriched_candles.csv,-27.248315656838763,15m,1783020600000
2.659,21.933841889696968,-0.28678853997991,0.0003989,1783022399999,5e-05,3.2918,165.0,-1.314092099137931,9326906483.0,-0.009308661723050893,-5.294451427956335,3701103.03058406,-1.4084444554768358,1.3121,0.6597435891180626,0.503905265810034,3619.0839118,-0.9235291253410328,48.935408711948845,AKEUSDT_15m_limit500_20260707_181139_enriched_candles.csv,-4.912052219081682,15m,1783021500000
2.6443,14.040391190476189,-1.3418375689988982,0.0003998,1783023299999,5e-05,3.2608,189.0,-0.9780101375,9327690120.0,0.008401896185272761,-4.199549370173873,3721561.8040776,-0.5519024740047084,1.3118,-0.5783575519729517,0.22562045625471594,2653.633935,-1.09293318934269,51.1325847882965,AKEUSDT_15m_limit500_20260707_181139_enriched_candles.csv,34.73362764333206,15m,1783022400000
2.6443,17.538537153970225,-1.055911113309977,0.0003978,1783025999999,5e-05,3.2608,806.0,-0.9327445911640954,9327690120.0,-0.0699712244633166,-1.5831566392875784,3721561.8040776,0.7808129597362234,1.3118,-0.5139506309294946,-0.2757583354224047,14136.0609461,-0.9168425397047126,53.436280032803474,AKEUSDT_1h_limit500_20260717_211343_enriched_candles.csv,9.540731515253466,1h,1783022400000
2.6443,24.96997605589782,-0.7937109782818572,0.0004028,1783036799999,5e-05,3.2608,3993.0,-0.9822018817090395,9327690120.0,-0.5615155390385929,-1.3125404598645423,3721561.8040776,0.2599223426138789,1.3118,-0.32019686083738474,0.9776886437703691,99705.1143912,-0.8827025045733529,60.47743348192106,AKEUSDT_4h_limit500_20260717_211446_enriched_candles.csv,2.9463640712289156,4h,1783022400000
2.6496,20.21476997653061,-0.41900920138813147,0.0003973,1783024199999,5e-05,3.2553,196.0,-0.8824574229166667,9327401062.0,-0.0030989237022382987,-3.923851356566502,3728628.5745345,-0.3336907036064094,1.3117,1.215543298793964,-0.6253126563281697,3962.0949154,-0.7191966622582493,45.30161407687671,AKEUSDT_15m_limit500_20260707_181139_enriched_candles.csv,-7.864196624591544,15m,1783023300000
2.6765,17.106215298445594,-0.7487033018095453,0.0003974,1783025099999,5e-05,3.2808,193.0,-0.8564949206349207,9325570556.0,-0.01962503796966164,-3.244605566712482,3705049.1818988,-1.0349959308388894,1.3119,-1.3517003270224153,0.025169896803434177,3301.4995526,-0.8044892277305083,45.56899728048699,AKEUSDT_15m_limit500_20260707_181139_enriched_candles.csv,17.774375263442536,15m,1783024200000
2.6711,18.503651504824564,-0.548870921118809,0.0003978,1783025999999,5e-05,3.2589,228.0,-0.47425060546875,9325691372.0,0.0012955346729182082,-2.8518649645579965,3705843.23740536,-0.9288620401193155,1.3119,-1.0980602839885807,0.10065425264218497,4218.8325431,-0.5319198072866793,46.69153378566954,AKEUSDT_15m_limit500_20260707_181139_enriched_candles.csv,3.5968791116913117,15m,1783025100000
2.6711,24.85547911860465,0.2907638920064192,0.0003983,1783026899999,5e-05,3.2753,258.0,-0.16059279761904763,9324625902.0,-0.011425104665152563,-2.091355797644671,3709336.1838156,-0.6794290179532189,1.3119,-0.8542806790662715,0.12569130216188995,6412.7136126,0.2231131056703695,48.131500712984995,AKEUSDT_15m_limit500_20260707_181139_enriched_candles.csv,26.71603861170066,15m,1783026000000
2.6711,35.682709458035035,1.0692575337605221,0.0004003,1783029599999,5e-05,3.2753,1313.0,0.040354087606837605,9324625902.0,-0.03285076970374057,-1.5870258088862765,3709336.1838156,0.6142411363106463,1.3119,0.17613112207675757,0.6284565108094498,46851.3975184,0.44946213714171523,56.18881674924501,AKEUSDT_1h_limit500_20260717_211343_enriched_candles.csv,6.569545475332298,1h,1783026000000
2.6657,21.623435071573603,-0.17791574623391168,0.0003999,1783027799999,5e-05,3.2481,197.0,-0.78240811,9322329909.0,-0.024622896662351845,-1.711238008414232,3713084.0027547,-0.521456848903847,1.313,0.18798399576943015,0.4017072558373247,4259.8167091,-0.5061130190826991,52.54862661939925,AKEUSDT_15m_limit500_20260707_181139_enriched_candles.csv,-3.773955300859997,15m,1783026900000
2.6617,49.38659147170418,3.732873055981826,0.0004007,1783028699999,5e-05,3.2571,622.0,3.751849234375,9322139117.0,-0.0020466128302976117,-1.389561319090064,3727736.99010596,-0.05275124116500341,1.3127,-0.5707275332420912,0.20005001250311683,30718.4598954,7.518242475870591,54.629127548875516,AKEUSDT_15m_limit500_20260707_181139_enriched_candles.csv,10.598068586399123,15m,1783027800000
2.6657,23.137319073305083,0.015364100456916621,0.0004003,1783029599999,5e-05,3.2808,236.0,-0.337244875,9322305266.0,0.0017823055193044723,-1.367479184317605,3735447.7200862,0.18473967716201695,1.3113,-1.061183086416523,-0.09982530571498449,5460.4073013,-0.16208326151768904,53.369146331089425,AKEUSDT_15m_limit500_20260707_181139_enriched_candles.csv,-31.684432194061824,15m,1783028700000
2.6819,17.239513899688475,-0.7522494286318262,0.0003982,1783030499999,5e-05,3.3029,321.0,0.57963962890625,9315637648.0,-0.07152327465952402,-1.5148830514680631,3726813.99745888,-0.09220162458643194,1.3113,0.7177397197621004,-0.5246065450911996,5533.8839618,-0.03162368327863255,47.21254282770821,AKEUSDT_15m_limit500_20260707_181139_enriched_candles.csv,-14.249510044722891,15m,1783029600000
2.6819,20.198990180108698,-0.7152494931090894,0.0004013,1783033199999,5e-05,3.3029,920.0,-0.717059229312763,9315637648.0,-0.09639264989785845,-1.6253924914467144,3726813.99745888,0.8488599316780313,1.3113,-0.5735700669195432,0.24981264051959773,18583.0709657,-0.7322651052528585,57.27673084537818,AKEUSDT_1h_limit500_20260717_211343_enriched_candles.csv,9.364649170807528,1h,1783029600000
2.7078,17.713957407608696,-0.6770992367445683,0.0003992,1783031399999,5e-05,3.3253,184.0,-0.9227019780000001,9310771415.0,-0.05223725078062902,-1.1065519205328407,3702428.25317475,-0.9987937847909647,1.3118,-0.3633692480969181,0.25113008538424353,3259.368163,-0.7090624323696014,50.16094111722121,AKEUSDT_15m_limit500_20260707_181139_enriched_candles.csv,-25.653402186710878,15m,1783030500000
2.6955,29.666273534920638,0.9503305478438608,0.0004005,1783032299999,5e-05,3.3048,252.0,-0.1475446328125,9309223687.0,-0.016622983542546876,-1.0749560568676786,3716242.0958504,-0.4419584198198602,1.3122,-0.04093918451469362,0.32565130260520103,7475.9009308,0.5867585056222349,53.77550279724168,AKEUSDT_15m_limit500_20260707_181139_enriched_candles.csv,45.41458056797287,15m,1783031400000
2.6684,14.195815399386502,-1.1212102227627236,0.0004013,1783033199999,5e-05,3.2608,163.0,-1.0813248373015873,9315124193.0,0.06338343774292543,-0.732326582630596,3730614.08805457,0.050487129962557276,1.3133,-0.47900048859574534,0.19975031210985872,2313.9179101,-0.9971192659982244,55.895335780774424,AKEUSDT_15m_limit500_20260707_181139_enriched_candles.csv,-1.3059873718118964,15m,1783032300000
2.6711,23.160603430869564,0.06469635516500864,0.0004007,1783034099999,5e-05,3.2662,230.0,-0.34259796825396827,9314118510.0,-0.010796238237553712,-0.6973974826464688,3737755.758063,0.3474399786918472,1.3135,-0.672857489569507,-0.14951407924246318,5326.9387891,-0.06252614792635604,53.89890020727864,AKEUSDT_15m_limit500_20260707_181139_enriched_candles.csv,32.03882774835395,15m,1783033200000
2.6711,21.105434969601678,-0.5967433374682762,0.0004028,1783036799999,5e-05,3.2662,954.0,-0.6495086481481481,9314118510.0,-0.016307396846060307,-1.633988989656981,3737755.758063,0.9935585065689313,1.3135,-0.3317554063240842,0.37378519810615796,20134.584961,-0.664993550597143,58.92439805986929,AKEUSDT_1h_limit500_20260717_211343_enriched_candles.csv,-16.037932876465018,1h,1783033200000
2.6563,17.50341477764706,-0.6954641567842361,0.000402,1783034999999,5e-05,3.2517,170.0,-0.9790980241935483,9314490891.0,0.00399802729158516,-0.6183005709464487,3731105.61620787,0.06738990053759955,1.3127,-0.004668194522786865,0.3244322435737468,2975.5805122,-0.7691238281646471,57.4454232879267,AKEUSDT_15m_limit500_20260707_181139_enriched_candles.csv,-30.229552496126217,15m,1783034100000
2.655,20.155995551449276,-0.3360671388128499,0.0004032,1783035899999,5e-05,3.2535,276.0,0.1958196048387097,9311827644.0,-0.028592512797165348,-0.7495768835599328,3743261.59461156,0.5638413539589728,1.3132,-0.10346955794572152,0.29850746268655914,5563.0547722,0.031455445648707454,60.46855307361191,AKEUSDT_15m_limit500_20260707_181139_enriched_candles.csv,-31.853846376910926,15m,1783035000000
2.6496,22.55039887589928,0.024021109176575572,0.0004028,1783036799999,5e-05,3.2445,278.0,0.1958196048387097,9308716461.0,-0.033411088767354435,-0.8081135416940701,3753274.4770752,1.0171845748127963,1.3129,-0.8707335629626798,-0.09920634920634885,6269.0108875,0.23543312680204762,58.9648329274424,AKEUSDT_15m_limit500_20260707_181139_enriched_candles.csv,-36.11906902913317,15m,1783035900000
2.6523,31.38631175893617,1.2322557216034642,0.000403,1783037699999,5e-05,3.2589,470.0,2.2628043225806453,9306023639.0,-0.028927962424052378,-0.8493038278350719,3748466.3217892,0.6921285313843581,1.3122,-1.060591819012699,0.049652432969216065,14751.5665267,2.832207214331476,59.50704797778422,AKEUSDT_15m_limit500_20260707_181139_enriched_candles.csv,-2.623366321126376,15m,1783036800000
2.6523,28.950892660107815,0.2879944777177095,0.0004011,1783040399999,5e-05,3.2589,1484.0,0.37482358964285717,9306023639.0,-0.08690968438193059,-1.666378891073638,3748466.3217892,1.1360577904049283,1.3122,-0.2355305942477177,-0.42204568023832545,42963.1247076,0.30826366572949276,56.27549134545093,AKEUSDT_1h_limit500_20260717_211343_enriched_candles.csv,-2.3561337213932467,1h,1783036800000
2.6523,94.67279617834205,5.864972816447594,0.0004128,1783051199999,5e-05,3.2589,16068.0,2.953158099310094,9306023639.0,-0.23228131210688563,-1.371379847484851,3748466.3217892,0.39146181981157174,1.3122,0.7400021477050726,2.482621648460781,1521202.4889936,10.783523472274068,64.90092965798246,AKEUSDT_4h_limit500_20260717_211446_enriched_candles.csv,16.09718703110998,4h,1783036800000
2.6523,64.89652107277283,,0.0004341,1783123199999,5e-05,3.2589,310124.0,,9306023639.0,-5.582707643653928,,3748466.3217892,,1.3122,,7.770605759682225,20125968.7011726,,63.51285159405184,AKEUSDT_1d_limit500_20260717_212121_enriched_candles.csv,1.5794237073511737,1d,1783036800000
2.667,31.039298739473686,1.1489602808096924,0.0004005,1783038599999,5e-05,3.2827,342.0,0.8350825476190475,9298900786.0,-0.0765402418509753,-1.0441122460239947,3745783.21461652,0.5711089944689269,1.3102,1.1410578024307576,-0.6203473945409432,10615.4401689,1.5437888570096745,50.520766996513295,AKEUSDT_15m_limit500_20260707_181139_enriched_candles.csv,-30.369771643996447,15m,1783037700000
2.6832,28.544366386458332,0.7827985965951315,0.0004007,1783039499999,5e-05,3.3085,480.0,2.2553251015625,9296086265.0,-0.030267244105208757,-1.107837651615312,3718992.2711759,-0.47062183181448164,1.3082,-1.0475255816904205,0.04993757802747023,13701.2958655,2.427161695141146,51.156237459517364,AKEUSDT_15m_limit500_20260707_181139_enriched_candles.csv,11.106429686929957,15m,1783038600000
2.6643,20.285532013020834,-0.33071295278453683,0.0004011,1783040399999,5e-05,3.3159,192.0,-0.7801933675373135,9290387824.0,-0.0612993558531727,-1.237469657150055,3721357.74678144,-0.39404277486693723,1.3069,-0.8459044198358688,0.0998253057149956,3894.8221465,-0.5017396684871203,52.470995417269776,AKEUSDT_15m_limit500_20260707_181139_enriched_candles.csv,27.648993083489444,15m,1783039500000
2.667,23.670237331073444,0.13267283352486609,0.0004023,1783041299999,5e-05,3.3141,531.0,2.66775796641791,9289441492.0,-0.010186140965562362,-1.2274299975136542,3725994.9824412,-0.20538686770538783,1.3073,-0.04888133241798722,0.29917726252806087,12568.8960228,2.089433002875187,56.273641815688144,AKEUSDT_15m_limit500_20260707_181139_enriched_candles.csv,6.832191553198156,15m,1783040400000
2.667,24.83295705260684,-0.18570765688965904,0.0004092,1783043999999,5e-05,3.3141,2340.0,2.0254018853868194,9289441492.0,-0.178187243480743,-1.7329709401709725,3725994.9824412,0.8305493731829553,1.3073,3.0376735570459665,2.0194465220643387,58109.1195031,0.9268718117840457,64.47099020327923,AKEUSDT_1h_limit500_20260717_211343_enriched_candles.csv,11.135886660879086,1h,1783040400000
2.6603,25.653905461702127,0.3536469802349114,0.0004051,1783042199999,5e-05,3.2882,470.0,1.9887528658088234,9287683277.0,-0.018927025930615127,-1.2718690815099178,3735227.58351109,0.234249153844299,1.3081,1.4983549951045958,0.6959980114342512,12057.335567,1.898328577424074,63.593008224065684,AKEUSDT_15m_limit500_20260707_181139_enriched_candles.csv,30.09594030153444,15m,1783041300000
2.647,19.872181830098146,-0.40730207733322216,0.0004083,1783043099999,5e-05,3.2845,917.0,6.682636907692308,9284917862.0,-0.02977507864472262,-1.3450447166734278,3760763.13082448,1.4149200773095503,1.3096,1.7096478988721429,0.789928412737595,18222.7907382,3.630387163060645,69.81225136653373,AKEUSDT_15m_limit500_20260707_181139_enriched_candles.csv,19.417351180917485,15m,1783042200000
2.6298,36.16136771350711,1.7444928559463022,0.0004092,1783043999999,5e-05,3.2463,422.0,1.4999846679104476,9288676073.0,0.04047651315668421,-1.2264296119690596,3792566.4406059,2.817798592067782,1.312,-0.390872334445689,0.22042615723734116,15260.0971751,2.499610109221168,71.29733911309985,AKEUSDT_15m_limit500_20260707_181139_enriched_candles.csv,-10.189431521033615,15m,1783043100000
2.6324,59.567873309305206,4.5444461636625455,0.0004121,1783044899999,5e-05,3.2553,806.0,5.210188938405797,9296439926.0,0.08358406449944233,-0.9716749858712199,3804103.2177192,3.312548629788883,1.3144,1.4185783617989989,0.7086999022482887,48011.7058873,10.693190590809543,75.48271063004411,AKEUSDT_15m_limit500_20260707_181139_enriched_candles.csv,43.069146050421395,15m,1783044000000
2.6324,122.51618454295057,11.20657830154521,0.000412,1783047599999,5e-05,3.2553,5504.0,7.955762689340814,9296439926.0,0.07533751093675711,-1.7054649915439533,3804103.2177192,1.8065747654400717,1.3144,0.30069134115742074,0.6842619745845546,674329.0797244,26.485104636497972,66.78837561940821,AKEUSDT_1h_limit500_20260717_211343_enriched_candles.csv,29.320697449471993,1h,1783044000000
2.6603,114.8031722032601,11.415972554984725,0.0004062,1783045799999,5e-05,3.2918,1411.0,10.950822869642858,9369055331.0,0.7811098181456755,1.1029522380743637,3857989.60419918,5.26142388158605,1.3089,4.161265575410781,-1.4316913370541084,161987.2759788,39.743949373669,57.20618825238935,AKEUSDT_15m_limit500_20260707_181139_enriched_candles.csv,38.85842366090409,15m,1783044900000
2.6483,136.2234903006263,14.001232680328348,0.0004112,1783046699999,5e-05,3.2589,1437.0,10.582197293918918,9611368319.0,2.586311847238676,6.624680292471679,3904137.8111778,6.666758421609229,1.2963,3.2317339515286867,1.230920728705076,195753.155562,45.71407130972623,64.951197420509,AKEUSDT_15m_limit500_20260707_181139_enriched_candles.csv,15.461817436303685,15m,1783045800000
2.6443,145.17672556556758,14.702293741545905,0.000412,1783047599999,5e-05,3.2735,1850.0,14.061547900662251,9930561464.0,3.320995870785759,12.50240670365789,4083446.8739968,12.715961186740337,1.284,-0.44215919578382873,0.1945525291828787,268576.9422963,57.7343817684696,66.01113973966316,AKEUSDT_15m_limit500_20260707_181139_enriched_candles.csv,31.21156243636883,15m,1783046700000
2.601,114.2534051027404,10.86162271103093,0.0004097,1783048499999,5e-05,3.1911,2007.0,15.162879964285715,10357018853.0,4.2943935299729175,21.75739023956022,4253834.78330416,18.956085503422266,1.2644,0.8325212405583037,-0.5582524271844691,229306.5840412,48.26738627408036,60.35946736423662,AKEUSDT_15m_limit500_20260707_181139_enriched_candles.csv,14.016089141001453,15m,1783047600000
2.601,110.65299184844214,9.740892721131605,0.0004128,1783051199999,5e-05,3.1911,6740.0,10.124799175414365,10357018853.0,11.408441677053215,2.5727233765295243,4253834.78330416,7.436197371734895,1.2644,-0.7046110272747421,0.1941747572815622,745801.1650585,29.29956050970205,67.44179536358527,AKEUSDT_1h_limit500_20260717_211343_enriched_candles.csv,5.590514661321222,1h,1783047600000
2.6219,124.20828511013312,11.847194503214476,0.0004113,1783049399999,5e-05,3.223,1352.0,9.178183306962026,10652115728.0,2.8492453203802226,27.163206713549236,4368432.6600528,22.773271143627916,1.2469,0.22087667512832457,0.3905296558457394,167929.6014689,32.78496774932082,62.74880118502416,AKEUSDT_15m_limit500_20260707_181139_enriched_candles.csv,3.437155217074089,15m,1783048500000
2.6403,81.37856685233204,6.534897159277491,0.0004094,1783050299999,5e-05,3.2626,2337.0,17.145362904320987,10863807000.0,1.9873166740345338,29.961213341311495,4468283.8191,25.73675456449977,1.2373,0.48763431625769277,-0.46194991490396964,190181.7107339,34.03779860061876,58.25812102590236,AKEUSDT_15m_limit500_20260707_181139_enriched_candles.csv,-11.511709777041947,15m,1783049400000
2.6792,151.70811189128355,14.257210993965261,0.0004128,1783051199999,5e-05,3.3159,1044.0,6.2543595,11117608735.0,2.3362135851640264,34.43509737817976,4549103.1421873,26.56654555144721,1.2329,1.9102197071443403,0.830483634587198,158383.2688145,27.089530169049294,63.31727892601511,AKEUSDT_15m_limit500_20260707_181139_enriched_candles.csv,16.210976054782243,15m,1783050300000
2.6311,92.40172878290984,7.456513920996797,0.0004167,1783052099999,0.00031319,3.2608,2440.0,17.344022142857142,11383133617.0,2.3883272772865727,39.31154992061168,4703055.48519972,30.26378146116799,1.2282,2.215089872682874,0.9447674418604723,225460.2182303,37.76941833879865,68.0941826439015,AKEUSDT_15m_limit500_20260707_181139_enriched_candles.csv,45.6862138837658,15m,1783051200000
2.6311,53.35403395297129,3.056143579443198,0.0004138,1783054799999,0.00031319,3.2608,10938.0,17.695707242166215,11383133617.0,9.907433582616076,6.6950435114061335,4703055.48519972,12.826602050733479,1.2282,-0.6032096016299976,0.2422480620154932,583586.4233776,22.37187218117372,68.28184462518922,AKEUSDT_1h_limit500_20260717_211343_enriched_candles.csv,17.732483635117426,1h,1783051200000
2.6311,63.424654735324474,2.965952212565038,0.000448,1783065599999,0.00031319,3.2608,45920.0,12.297246456103286,11383133617.0,22.320059120580527,6.936971093383972,4703055.48519972,5.152293431806122,1.2282,4.94609360172143,8.52713178294573,2912460.1454461,22.02885146915759,75.35654267154051,AKEUSDT_4h_limit500_20260717_211446_enriched_candles.csv,7.693053444251732,4h,1783051200000
2.6563,57.05751822883523,3.504307184787056,0.0004209,1783052999999,0.00031319,3.2845,4928.0,36.65122080116959,11669704006.0,2.517500001686934,44.913956827610946,4856814.11025714,33.885946414732395,1.2107,2.31501615458355,1.0079193664506825,281179.4498317,46.907839546318165,72.28056327099983,AKEUSDT_15m_limit500_20260707_181139_enriched_candles.csv,1.8647785005762023,15m,1783052100000
2.6245,19.619569535306194,-0.49364164557459694,0.0004194,1783053899999,0.00031319,3.2301,2923.0,20.227027843749998,12001681138.0,2.844777655279973,50.93837891833479,5045986.81766072,38.45518577547145,1.2029,0.06760544067027499,-0.3563791874554467,57348.0017517,8.509945805375802,68.8081198334109,AKEUSDT_15m_limit500_20260707_181139_enriched_candles.csv,-5.909202061778106,15m,1783053000000
2.6684,30.2917365748068,0.6504212804365279,0.0004138,1783054799999,0.00031319,3.3011,647.0,2.679429061813187,12028682410.0,0.22497908159306856,49.39625029889774,5043626.534513,37.01917539075354,1.1992,3.377720686668013,-1.3352408202193633,19598.7535639,1.9390229243126331,57.66928702137197,AKEUSDT_15m_limit500_20260707_181139_enriched_candles.csv,-7.012870096145534,15m,1783053900000
2.7092,99.18481549418233,8.205887262855244,0.0004092,1783055699999,0.00031319,3.3478,2819.0,18.168170712765956,12027629619.0,-0.008752338486583966,47.47787428157619,4978235.8993041,34.29876507977797,1.1985,2.5602917521160142,-1.111648139197663,279601.9948781,43.969862934688514,50.445325686949396,AKEUSDT_15m_limit500_20260707_181139_enriched_candles.csv,31.708159617799662,15m,1783054800000
2.7092,37.97067741801412,1.2593426086658341,0.0004166,1783058399999,0.00031319,3.3478,10625.0,16.884001483870968,12027629619.0,5.661850450718475,9.265301391871022,4978235.8993041,15.87042928194575,1.1985,0.291326295985963,0.6766553890768412,403438.4475664,14.854223760726098,70.57142676007656,AKEUSDT_1h_limit500_20260717_211343_enriched_candles.csv,22.098086429436524,1h,1783054800000
2.6643,20.944633074429966,-0.4008827611847359,0.0004104,1783056599999,0.00031319,3.2882,1228.0,6.2406997165841585,12118558950.0,0.7560037503679062,48.25646549118483,4957702.466445,32.124709337154314,1.1849,-0.1969930269429548,0.2932551319648091,25720.0094154,2.7085378480701583,52.12994904518058,AKEUSDT_15m_limit500_20260707_181139_enriched_candles.csv,14.494260592952518,15m,1783055700000
2.6711,14.531499490742,-1.0765977058130116,0.0004152,1783057499999,0.00031319,3.2937,4407.0,25.889059843457943,12133700269.0,0.12494323015197484,48.05751972027027,4978214.54636532,31.635631859028376,1.184,2.7549940291974617,1.1695906432748648,64040.3182557,8.404292947402148,58.24464720846354,AKEUSDT_15m_limit500_20260707_181139_enriched_candles.csv,-1.8531719467124392,15m,1783056600000
2.6337,15.69605021520037,-0.9058352901513445,0.0004166,1783058399999,0.00031319,3.2481,2171.0,10.818001550646553,12187455524.0,0.44302441801151726,51.6225756363656,5061450.2791172,32.343690776283346,1.1839,-0.05105507904584621,0.337186897880537,34076.1250172,3.763324718099975,59.855331745327014,AKEUSDT_15m_limit500_20260707_181139_enriched_candles.csv,-6.00308272541983,15m,1783057500000
2.6324,19.874243642094015,-0.44392118075814385,0.0004125,1783059299999,0.00031319,3.2626,468.0,0.774609322265625,12203548033.0,0.13204158134820787,54.42934551729275,5082777.7557445,31.5354202317954,1.1838,2.1318890634437127,-0.984157465194424,9301.1460245,0.09905178840335327,53.36328827015392,AKEUSDT_15m_limit500_20260707_181139_enriched_candles.csv,-31.38011675348254,15m,1783058400000
2.6324,88.30602399806476,6.777239329530101,0.0004099,1783061999999,0.00031319,3.2626,13745.0,22.171620075727514,12203548033.0,1.4626191491805107,9.924016345486132,5082777.7557445,17.08916616931888,1.1838,2.1928888900290255,-1.6082573211713913,1213766.2998534,46.6642316147202,59.50294140143428,AKEUSDT_1h_limit500_20260717_211343_enriched_candles.csv,-0.8083398299149563,1h,1783058400000
2.667,74.45032501871417,5.517431581967228,0.000414,1783060199999,0.00031319,3.3122,2442.0,10.996777116346154,12198986885.0,-0.037375589358656924,60.80244127327732,5032082.0900625,28.826889811122197,1.184,0.03680801215756529,0.363636363636366,181807.6936957,23.929631426810886,55.274572022950025,AKEUSDT_15m_limit500_20260707_181139_enriched_candles.csv,-0.7167062297599597,15m,1783059300000
2.643,94.32169795812598,7.501897642382901,0.0004122,1783061099999,0.00031319,3.2535,4461.0,21.1391219375,12390324614.0,1.5684722903938075,49.34420677693812,5129594.390196,29.547753220691483,1.1793,0.26548072326226424,-0.43478260869564966,420769.0945912,55.48041689517457,52.49437274243134,AKEUSDT_15m_limit500_20260707_181139_enriched_candles.csv,-0.4844191496479409,15m,1783060200000
2.6765,94.42867360244745,7.390598912100117,0.0004099,1783061999999,0.00031319,3.3011,6374.0,30.105638435424353,12828572616.0,3.537017920457197,55.87540125405263,5291529.63264768,31.512514544201274,1.1705,0.6735847486445654,-0.5579815623483753,601888.365542,76.50098958040458,49.0962513745137,AKEUSDT_15m_limit500_20260707_181139_enriched_candles.csv,-0.5900318112648807,15m,1783061100000
2.6049,65.82598271536075,4.30352182751552,0.0004128,1783062899999,0.00031319,3.2248,1289.0,4.663198919064748,13413839652.0,4.562214780388318,64.61341758473101,5498332.8733548,33.94645250165721,1.1611,1.183049184451935,0.7074896316174639,84849.6917201,9.357195125961802,53.20909698767971,AKEUSDT_15m_limit500_20260707_181139_enriched_candles.csv,-5.001268741551302,15m,1783062000000
2.6049,67.06266251872408,4.342095192734467,0.000448,1783065599999,0.00031319,3.2248,10612.0,16.268342385714288,13413839652.0,9.917538864330378,14.691136358172146,5498332.8733548,22.066218894635774,1.1611,17.898195248137565,9.294949987801914,711668.9746487,25.777949811899592,79.34342998913195,AKEUSDT_1h_limit500_20260717_211343_enriched_candles.csv,5.7936947638968395,1h,1783062000000
2.6403,84.40663150974825,6.116270157827825,0.0004326,1783063799999,0.00031319,3.2644,3416.0,15.018963097472925,13412804696.0,-0.007715583508149937,57.198409264296764,5539488.339448,33.854382436786274,1.1651,15.363217579622084,4.796511627906974,288333.0532373,33.3083136640586,70.64706937594426,AKEUSDT_15m_limit500_20260707_181139_enriched_candles.csv,23.97148304562074,15m,1783062900000
2.3546,46.82187534731296,2.2686401438623163,0.0004415,1783064699999,0.00031319,2.9293,1898.0,7.367503423076923,13394631074.0,-0.13549456964373485,51.08418335193801,5798535.7919346,37.79410043727113,1.1754,6.01875316333039,2.0573277854831318,88867.9194092,9.12922168426236,75.1331303884466,AKEUSDT_15m_limit500_20260707_181139_enriched_candles.csv,12.23714117973846,15m,1783063800000
2.367,62.2644824849339,3.536428542193522,0.000448,1783065599999,0.00031319,2.9386,4009.0,17.259417156794424,13411388334.0,0.1251043041605504,50.92344038488781,5921127.949461,39.495298886634735,1.1767,3.722943485663556,1.4722536806341946,249618.3102821,26.693854317229558,77.80149662294089,AKEUSDT_15m_limit500_20260707_181139_enriched_candles.csv,-13.827956957360744,15m,1783064700000
2.4317,54.525594991526404,2.6671990276536888,0.0004385,1783066499999,0.00031319,2.9857,3446.0,14.45733891724138,13416156820.0,0.03555549866460783,50.61507271625231,5999973.6530404,39.27975101950019,1.1768,5.468274049023228,-2.1205357142857206,187895.2003408,19.134404482504703,66.55981331536358,AKEUSDT_15m_limit500_20260707_181139_enriched_candles.csv,-10.328942685602904,15m,1783065600000
2.4317,53.85729016352756,2.8809654340765904,0.0004281,1783069199999,0.00031319,2.9857,7603.0,10.638079520465995,13416156820.0,0.01727445727781607,14.44337162712938,5999973.6530404,28.112835357285206,1.1768,7.908290042482774,-4.441964285714284,409476.9771133,14.21656083347664,62.20203199139474,AKEUSDT_1h_limit500_20260717_211343_enriched_candles.csv,-7.9284295478026605,1h,1783065600000
2.4317,65.07424384262323,3.051589731971513,0.0004866,1783079999999,0.00031319,2.9857,56861.0,15.055936894267443,13416156820.0,17.859960810473186,14.586070422602873,5999973.6530404,11.246364107059533,1.1768,4.947867507737173,8.616071428571438,3700186.5791354,24.61958738492115,81.76975607159045,AKEUSDT_4h_limit500_20260717_211446_enriched_candles.csv,1.3501445958996319,4h,1783065600000
2.4247,48.78513437894057,2.0704804881825987,0.0004294,1783067399999,0.00016015,3.0274,1548.0,5.609158745704467,13352612341.0,-0.47364144480833703,46.993957705499334,5855120.5115285,35.25517610094994,1.1776,5.0980084856927,-2.0752565564424175,75519.3880186,6.884041668670309,57.92571017064909,AKEUSDT_15m_limit500_20260707_181139_enriched_candles.csv,-29.785548677195163,15m,1783066500000
2.5423,66.24657729141468,3.5080409575681624,0.0004352,1783068299999,0.00016015,3.1528,1852.0,6.9943663116438355,13313279925.0,-0.29456719775521334,44.027878051921,5716722.399795,31.583608511704437,1.1768,2.8818611820105,1.3507219375873403,122688.6611437,11.545061571300014,61.36564407805632,AKEUSDT_15m_limit500_20260707_181139_enriched_candles.csv,11.248455495113745,15m,1783067400000
2.4211,30.87678680343461,0.4078069994628054,0.0004281,1783069199999,0.00016015,3.0064,757.0,1.8813526806020069,13313257770.0,-0.0001664127857625708,43.22808623767386,5784610.501065,32.053608808922576,1.1764,3.7170287554433483,-1.6314338235294157,23373.7276102,1.296663011444324,55.3950282137817,AKEUSDT_15m_limit500_20260707_181139_enriched_candles.csv,-18.671482498561804,15m,1783068300000
2.4892,37.080032060320136,0.8729958166461941,0.0004214,1783070099999,0.00016015,3.0967,1187.0,3.7251231290849676,13297690935.0,-0.11692731613053287,42.288821253584985,5692741.4892735,29.068504129968577,1.1756,3.5127849659069073,-1.5650548937164221,44013.9980556,3.3039765475954925,50.41058441669283,AKEUSDT_15m_limit500_20260707_181139_enriched_candles.csv,-21.807733682077465,15m,1783069200000
2.4892,55.79438243420427,2.945719898924747,0.0004376,1783072799999,0.00016015,3.0967,5473.0,6.888833277915633,13297690935.0,-0.8830090955958325,13.739902629605329,5692741.4892735,24.397535432337424,1.1756,3.2403911996911483,2.219107685120303,305362.6550624,10.202060413493152,65.98052080426913,AKEUSDT_1h_limit500_20260717_211343_enriched_candles.csv,11.3185254604029,1h,1783069200000
2.5524,70.64028676270125,3.304321082244771,0.0004317,1783070999999,0.00016015,3.1254,2236.0,7.763851434250764,13280696657.0,-0.12779871395017794,40.73910413129955,5596485.5712598,27.36888222996535,1.1755,6.161134828279623,2.4442335073564303,157951.6812014,13.542152726563433,56.84003811837789,AKEUSDT_15m_limit500_20260707_181139_enriched_candles.csv,23.069584323789407,15m,1783070100000
2.5261,53.841673766873065,1.911838982473465,0.0004366,1783071899999,0.00016015,3.1254,1292.0,3.5895259109195403,13278684799.0,-0.015148738443171439,39.43763407352664,5743827.89665544,29.305302556920456,1.1663,2.0239357382219514,1.1350474866805627,69563.4425068,4.965851133608398,59.528349309371094,AKEUSDT_15m_limit500_20260707_181139_enriched_candles.csv,-0.073874834464925,15m,1783071000000
2.4855,44.635268203957786,1.1026771266541484,0.0004376,1783072799999,0.00016015,3.0469,758.0,1.298566606314433,13288351322.0,0.07279729239997312,39.074485611983185,5807009.527714,28.575688594979837,1.1703,-0.577652582115806,0.22904260192395665,33833.5332986,1.844989818141156,60.07490329739757,AKEUSDT_15m_limit500_20260707_181139_enriched_candles.csv,22.976018680619635,15m,1783071900000
2.5075,36.977147774926834,0.5160902552034293,0.0004414,1783073699999,0.00016015,3.0519,1025.0,1.9604328247663552,13280365297.0,-0.06009793695609389,38.5452531015836,5811487.8539672,27.141385103198616,1.1692,1.270963897590072,0.8683729433272447,37901.5764693,2.110362506370562,62.16581098189392,AKEUSDT_15m_limit500_20260707_181139_enriched_candles.csv,13.07195238254295,15m,1783072800000
2.5075,67.26145280416503,4.014792073981498,0.000485,1783076399999,0.00016015,3.0519,27971.0,42.979133087724556,13280365297.0,-0.13029057514337694,13.221156161116575,5811487.8539672,25.70937336028795,1.1692,19.144151140355977,10.831809872029252,1881370.0963853,67.48959219519342,77.86835613143255,AKEUSDT_1h_limit500_20260717_211343_enriched_candles.csv,3.173278328118666,1h,1783072800000
2.4928,73.03288089285557,2.997029234095504,0.0004444,1783074599999,0.00016015,3.0355,4577.0,12.652759296734235,13273987035.0,-0.04802776021108901,37.96983816547124,5859137.877249,27.07430369747286,1.1702,0.6875256869220889,0.6796556411418297,334271.4958466,25.23643371221899,63.77859608294328,AKEUSDT_15m_limit500_20260707_181139_enriched_candles.csv,0.8774494694414612,15m,1783073700000
2.4471,67.52278668862972,2.5015300860024605,0.0004776,1783075499999,0.00016015,2.9936,13333.0,37.86233548804348,13608472638.0,2.5198578401353755,40.688987446110104,6032091.58151988,28.59458511521345,1.1625,18.978044111812515,7.470747074707473,900281.3149195,66.90117290368784,75.98105797003078,AKEUSDT_15m_limit500_20260707_181139_enriched_candles.csv,5.2597515853957315,15m,1783074600000
2.3058,67.3877500165892,2.4514924686390627,0.000485,1783076399999,0.00016015,2.8168,9036.0,22.768335725933202,14297876517.0,5.065990117619257,47.02629531515913,6804359.4344403,36.93212688366065,1.1605,2.800624183737146,1.5494137353433857,608915.7091499,44.048514710322635,77.77803665950356,AKEUSDT_15m_limit500_20260707_181139_enriched_candles.csv,0.7326152443871027,15m,1783075500000
2.2982,78.43815396187492,2.9469898154316665,0.0004855,1783077299999,0.00016015,2.7994,6699.0,15.22733924728261,14580904514.0,1.9795107103036225,49.42387096464933,7042722.68930714,38.407635681827024,1.1575,-0.9194878146572124,0.10309278350515427,525457.1933906,37.14429270937159,77.89835631889204,AKEUSDT_15m_limit500_20260707_181139_enriched_candles.csv,8.418084150371289,15m,1783076400000
2.2982,69.81009552133553,4.164493035880099,0.0004866,1783079999999,0.00016015,2.7994,15814.0,22.539199145833337,14580904514.0,9.792947617892622,17.631706861114388,7042722.68930714,40.27110647845261,1.1575,-0.4310647596715121,0.3298969072164981,1103976.8505744,38.21642016292737,78.14596483736847,AKEUSDT_1h_limit500_20260717_211343_enriched_candles.csv,-1.0725493575919935,1h,1783076400000
2.2175,69.89559779786175,2.3972355840066033,0.0004861,1783078199999,0.00016015,2.6377,4022.0,8.60489077827648,14732936710.0,1.042680142744401,49.7719887632408,7143559.0225777,36.571435358982285,1.159,-0.8704223171073555,0.12358393408857804,281120.094343,19.032001598648204,78.05192987315553,AKEUSDT_15m_limit500_20260707_181139_enriched_candles.csv,-5.750108638366178,15m,1783077300000
2.2531,61.68910621796117,1.8710240841575108,0.0004821,1783079099999,0.00016015,2.6483,2884.0,5.794371019572954,14793965781.0,0.41423561507989426,49.27712448617279,7200519.02492832,34.549634920088884,1.1582,0.9849275700510052,-0.8228759514503192,177911.3823326,11.461420286298505,74.34318913975638,AKEUSDT_15m_limit500_20260707_181139_enriched_candles.csv,-24.570252066772973,15m,1783078200000
2.2531,54.0915258072431,1.3538851782161423,0.0004866,1783079999999,0.00016015,2.651,2209.0,4.13734629717813,14815360873.0,0.1446203966990245,47.18297896455789,7152263.61504948,33.31017489731503,1.1583,1.2039680793654748,0.9334163036714305,119488.1805082,7.121915366788914,75.73979694810772,AKEUSDT_15m_limit500_20260707_181139_enriched_candles.csv,3.183461807537479,15m,1783079100000
2.1969,76.93956849463166,2.528696753705546,0.0004889,1783080899999,0.00016015,2.5984,2552.0,4.910096711538461,14834366552.0,0.1282836048539071,45.254194230215056,7218402.7642032,33.22974077430287,1.1582,0.015606660129658334,0.4726674886970761,196349.7787983,11.810287204977312,76.44553738073222,AKEUSDT_15m_limit500_20260707_181139_enriched_candles.csv,7.004783666616028,15m,1783080000000
2.1969,83.18620905884818,5.466092275616218,0.0004971,1783083599999,0.00016015,2.5984,15992.0,22.76441849076212,14834366552.0,1.7383149156256827,18.641901714814423,7218402.7642032,41.97803824311352,1.1582,2.977118597442508,2.157829839704073,1330313.8552691,44.376199958310984,79.92554355411299,AKEUSDT_1h_limit500_20260717_211343_enriched_candles.csv,6.902095342299985,1h,1783080000000
2.1969,80.06213265344876,4.373522248666364,0.0004777,1783094399999,0.00016015,2.5984,78666.0,20.73005261291362,14834366552.0,10.570909024302843,19.473861560650747,7218402.7642032,16.724506069689575,1.1582,0.24983017261731424,-1.829017673653921,6298167.7273162,39.8734401013612,76.80657801184405,AKEUSDT_4h_limit500_20260717_211446_enriched_candles.csv,-1.5874768198338238,4h,1783080000000
2.1546,91.2736121676994,3.255012404946093,0.000499,1783081799999,0.00025559,2.5386,4777.0,10.199138504393673,14854441451.0,0.13532697152676132,44.69679960163912,7255206.29349742,32.303850782836754,1.1577,3.9398503236688587,2.0658621394968213,436014.0453251,25.95331696795569,79.2940834540722,AKEUSDT_15m_limit500_20260707_181139_enriched_candles.csv,9.118748190062297,15m,1783080900000
2.1636,80.5833011015806,2.6417726305500873,0.0004956,1783082699999,0.00025559,2.5386,4745.0,9.885562830756013,15078661671.0,1.509449013883346,45.797607685714155,7522744.3076619,33.8462905189585,1.1639,0.5129650555982674,-0.6813627254508958,382367.763727,21.596107330285307,75.96366955547904,AKEUSDT_15m_limit500_20260707_181139_enriched_candles.csv,-11.333971326605276,15m,1783081800000
2.1095,80.546775757708,2.590380167080772,0.0004971,1783083599999,0.00025559,2.4965,3918.0,7.563999618657937,15174287567.0,0.634180261394901,46.245885410130455,7495187.60084398,32.007452400016355,1.1618,-0.4172045829194001,0.3026634382566451,315582.2674187,17.267241878938954,76.43393336055175,AKEUSDT_15m_limit500_20260707_181139_enriched_candles.csv,25.870934990139492,15m,1783082700000
2.0404,84.43772547013872,2.7529309135772753,0.0004884,1783084499999,0.00025559,2.399,19249.0,40.13749321825397,15368277346.0,1.2784111158000933,47.46796255682644,7647254.8073696,31.815155285929517,1.1483,3.158589426342994,-1.750150875075429,1625341.7775747,90.49313495849621,68.11054054046357,AKEUSDT_15m_limit500_20260707_181139_enriched_candles.csv,-10.1099773932777,15m,1783083600000
2.0404,81.8730252793142,5.269673108329312,0.0004895,1783087199999,0.00025559,2.399,38379.0,57.504136497119816,15368277346.0,3.5991479119006797,20.524346503010456,7647254.8073696,46.729749765601,1.1483,1.7554754103616506,-1.528867431100378,3142204.8371948,105.23373667374662,75.15515951714875,AKEUSDT_1h_limit500_20260717_211343_enriched_candles.csv,-4.364157720813106,1h,1783083600000
2.1898,83.46077344763867,2.6929559050932284,0.0004845,1783085399999,0.00025559,2.5002,13107.0,25.654044433912386,15577303337.0,1.3601133444823166,47.440388977555465,7578358.0734505,30.346492588457217,1.1995,0.7996843598179594,-0.7985257985258065,1093920.3575782,57.41530410173259,64.70875252056427,AKEUSDT_15m_limit500_20260707_181139_enriched_candles.csv,-1.059561700712891,15m,1783084500000
2.123,82.76191079523511,2.639609355146569,0.0004845,1783086299999,0.00025559,2.4364,3190.0,5.168496384005764,16170426870.0,3.807613681061106,50.25809768672224,7843142.1447561,31.559377207948028,1.1912,-1.1327204229609575,0.0,264010.4954368,12.511812241240793,64.70875252056426,AKEUSDT_15m_limit500_20260707_181139_enriched_candles.csv,3.2184364622102795,15m,1783085400000
2.0921,56.100320015919515,1.2658260289491836,0.0004895,1783087199999,0.00025559,2.3944,2833.0,3.9025285150641027,16166581046.0,-0.023783070359972847,49.72304434654491,7824463.56045354,31.050711456519004,1.1915,1.3564839440199123,1.031991744066052,158932.2066051,6.748288169056499,67.14838501249116,AKEUSDT_15m_limit500_20260707_181139_enriched_candles.csv,19.055082045987398,15m,1783086300000
2.0331,57.362577875765766,1.3116824888488408,0.0004903,1783088099999,0.00025559,2.3367,2220.0,2.5065921406976743,16203261130.0,0.22688831915438357,49.492665727283,7922908.5947361,31.44554105153786,1.1931,-0.7387997857352989,0.1634320735444339,127344.9228842,4.918778391823819,67.53508691544187,AKEUSDT_15m_limit500_20260707_181139_enriched_candles.csv,5.0920088335964016,15m,1783087200000
2.0331,71.34231060761388,4.240285820254232,0.0004989,1783090799999,0.00025559,2.3367,15301.0,21.08879356544944,16203261130.0,5.433164467306595,22.89121993317602,7922908.5947361,49.78775230385761,1.1931,2.435955486631288,1.9203268641470927,1091608.6946071,35.56303400574373,76.98486120057075,AKEUSDT_1h_limit500_20260717_211343_enriched_candles.csv,1.7266203378202207,1h,1783087200000
2.0303,71.37320348177555,1.9842035625655212,0.0004968,1783088999999,0.00025559,2.3201,2985.0,3.570694048141892,16255878535.0,0.32473342605445765,49.49783383304194,7970257.2457105,30.815606626452784,1.1897,1.8621949987298605,1.32571894758311,213049.0123931,8.380467214023863,70.56665457341518,AKEUSDT_15m_limit500_20260707_181139_enriched_candles.csv,27.962892858370935,15m,1783088100000
1.9257,71.0471989830728,1.926893352636701,0.0004965,1783089899999,0.00025559,2.2072,7101.0,9.504709271834061,16393160641.0,0.8445074543613318,50.10810511507925,8141007.50592701,31.107182556323277,1.1847,-0.951980541696619,-0.06038647342996306,504506.1599788,20.030223716134998,70.24064220581904,AKEUSDT_15m_limit500_20260707_181139_enriched_candles.csv,-6.474534082393084,15m,1783089000000
1.9806,82.37348893188648,2.3104585581273653,0.0004989,1783090799999,0.00025559,2.2938,2995.0,3.156257394337715,16529502865.0,0.8317018724198988,50.270605287557785,8195327.520467,30.267893032240867,1.1828,0.023373665340837138,0.4833836858006091,246708.599351,8.346527885723573,71.37979494370163,AKEUSDT_15m_limit500_20260707_181139_enriched_candles.csv,-5.896316879860328,15m,1783089900000
1.9197,73.82995785062472,1.7881639347841525,0.0004986,1783091699999,0.00025559,2.251,2161.0,1.8648416414913958,16519626575.0,-0.05974946784946811,49.41532645827729,8236685.810295,29.88697630843202,1.1832,-0.9158571285064909,-0.0601322910403046,159546.5389152,4.56870328673553,71.01386642411751,AKEUSDT_15m_limit500_20260707_181139_enriched_candles.csv,11.178177229829519,15m,1783090800000
1.9197,81.61444743664666,5.110578859205308,0.0004777,1783094399999,0.00025559,2.251,8994.0,11.361637762195121,16519626575.0,1.952480074608287,23.70159711349161,8236685.810295,53.1731067474624,1.1832,6.57226690987494,-4.2493485668470665,734040.3402452,23.3834865832425,65.30396153900892,AKEUSDT_1h_limit500_20260717_211343_enriched_candles.csv,-10.015613867712188,1h,1783090800000
1.896,62.50569164832424,1.1555525738215584,0.0004976,1783092599999,0.00025559,2.2206,1283.0,0.676344442254812,16587690959.0,0.4120213231878056,48.91663232430957,8268963.9430615,23.512560838065422,1.1798,-0.593504632592929,-0.20056157240273542,80194.8023848,1.7653876175795808,69.73062622267155,AKEUSDT_15m_limit500_20260707_181139_enriched_candles.csv,-12.122967509728158,15m,1783091700000
1.8986,97.98616626522018,2.364727537684296,0.0004862,1783093499999,0.00025559,2.2165,3111.0,2.830211892156863,16608134344.0,0.1232443083882595,48.11959773422367,8264207.6495744,19.104674061386223,1.1807,3.969665934908527,-2.290996784565902,304834.9632511,8.397532957633864,57.06983256198853,AKEUSDT_15m_limit500_20260707_181139_enriched_candles.csv,-15.831714045723338,15m,1783092600000
1.9231,77.68103144489544,1.5568032515736234,0.0004777,1783094399999,0.00025559,2.2605,2439.0,2.014484040186501,16580179913.0,-0.16831770758224396,22.481408433453087,8040060.84341196,15.645461236106115,1.1752,2.782244420181561,-1.7482517482517501,189464.0356941,4.630807619490132,49.808160590453696,AKEUSDT_15m_limit500_20260707_181139_enriched_candles.csv,-17.613079623817583,15m,1783093500000
1.9647,69.84230830861594,1.2370490115285722,0.000481,1783095299999,0.00050038,2.2744,3273.0,3.002374727876106,16478364370.0,-0.6140798443337148,14.309337314666452,7858367.1844093,13.222413492935448,1.1789,0.45817025682310075,0.6908101318819249,228593.8750941,5.423904019684791,52.343476511399246,AKEUSDT_15m_limit500_20260707_181139_enriched_candles.csv,9.122670140971882,15m,1783094400000
1.9647,58.58441978990654,2.870801006259638,0.0004803,1783097999999,0.00050038,2.2744,6955.0,8.045232421689988,16478364370.0,-0.2497768627678587,23.025198368243025,7858367.1844093,48.521519987940536,1.1789,-0.054886485393395384,0.5442746493615314,407454.6396388,12.141319647015392,65.98560286206086,AKEUSDT_1h_limit500_20260717_211343_enriched_candles.csv,15.39533102624821,1h,1783094400000
1.9647,56.333638733199834,2.060538352851701,0.0005007,1783108799999,0.00050038,2.2744,38202.0,8.876588187208563,16478364370.0,11.082359413441578,25.212677135777817,7858367.1844093,19.58744996505918,1.1789,2.290051786089103,4.814737282813475,2152057.6668857,11.997940924009757,80.15830367958931,AKEUSDT_4h_limit500_20260717_211446_enriched_candles.csv,10.896550127471777,4h,1783094400000
1.9516,45.67365144869565,0.3268532999299374,0.0004783,1783096199999,0.00050038,2.3047,1150.0,0.4224888987234043,16337166813.0,-0.8568663359396322,9.137944947559095,7858177.237053,8.986227980836034,1.1789,0.1715063544390386,-0.561330561330553,52524.699166,0.5941322677146006,50.113067717202,AKEUSDT_15m_limit500_20260707_181139_enriched_candles.csv,48.52729039769405,15m,1783095300000
1.9499,52.29393157622739,0.5402353514757122,0.0004842,1783097099999,0.00050038,2.2927,1548.0,0.8217921091954022,16322349975.0,-0.0906940485434049,6.706085106037767,7814651.49753075,6.650831456642392,1.1784,1.6839387194860367,1.2335354380096142,80951.00608,1.2357802285260238,54.6595990845284,AKEUSDT_15m_limit500_20260707_181139_enriched_candles.csv,26.19942218240062,15m,1783096200000
1.9377,46.1230277425813,0.3263110981834009,0.0004803,1783097999999,0.00050038,2.2776,984.0,0.12452900433308214,16298626716.0,-0.14534217827908424,4.85693433928537,7891795.0558872,5.427096327886021,1.178,0.6899974092363063,-0.8054522924411334,45385.0592987,0.3049975812264122,51.32949603978434,AKEUSDT_15m_limit500_20260707_181139_enriched_candles.csv,-10.625487431803643,15m,1783097100000
1.9833,35.985819315035236,-0.03972976752975098,0.0004829,1783098899999,0.00050038,2.3113,1277.0,0.34638560627674747,16271125781.0,-0.1687316083692103,3.7398166703248874,7800703.12192702,4.366853144364589,1.1799,0.09087532448021729,0.5413283364563704,45953.8912653,0.2705678038416112,53.369156721027586,AKEUSDT_15m_limit500_20260707_181139_enriched_candles.csv,35.6402684768225,15m,1783098000000
1.9833,46.06955164168036,1.6700433307482625,0.0004848,1783101599999,0.00050038,2.3113,6082.0,6.561458865062762,16271125781.0,-1.2576405300109283,21.824034616496764,7800703.12192702,47.39939293148977,1.1799,0.649540806529387,0.9369144284822051,280195.0130847,7.7822078942605915,67.18715803151534,AKEUSDT_1h_limit500_20260717_211343_enriched_candles.csv,22.33402076944999,1h,1783098000000
1.9665,43.54534296490016,0.2440447520713064,0.0004818,1783099799999,0.00050038,2.3201,1302.0,0.3236629994880546,16265221997.0,-0.03628380776758977,3.2076327373596416,7854475.7023513,3.960361873958384,1.1799,-0.6122304666352258,-0.2277904328018221,56696.0365403,0.5071211861302075,52.36922070162727,AKEUSDT_15m_limit500_20260707_181139_enriched_candles.csv,16.191225473715313,15m,1783098900000
2.0075,35.189761951919564,-0.07302027715594872,0.0004789,1783100699999,0.00050038,2.3613,1094.0,0.09711239856020942,16270924608.0,0.03506014858605244,2.7947984171262656,7839331.4761344,3.572999179394126,1.1787,0.2270186815454924,-0.6019095060190938,38497.5995754,0.09849255964367505,49.72413871737977,AKEUSDT_15m_limit500_20260707_181139_enriched_candles.csv,30.747079228191087,15m,1783099800000
1.9958,57.72000236766293,0.7996410607147498,0.0004848,1783101599999,0.00050038,2.3591,2409.0,1.2083174156568877,16275329487.0,0.02707208782612991,2.5724106057076184,7794255.2913243,3.254908197408047,1.1779,1.619055708514156,1.231989977030712,139047.4857037,2.161275084378883,54.73346141671993,AKEUSDT_15m_limit500_20260707_181139_enriched_candles.csv,18.11183533024493,15m,1783100700000
1.9577,35.42801521057579,-0.06381666180855991,0.0004931,1783102499999,0.00050038,2.3422,1702.0,0.5672416903726708,16238231504.0,-0.2279399813664762,2.3357232337417986,7866611.2521128,3.059072302445255,1.1808,2.6825783806576475,1.7120462046204654,60298.4818884,0.44370597934791445,60.67024830106382,AKEUSDT_15m_limit500_20260707_181139_enriched_candles.csv,29.841818972330795,15m,1783101600000
1.9577,43.11929824410178,1.3763088931304375,0.0005061,1783105199999,0.00050038,2.3422,9079.0,10.663494620475698,16238231504.0,-0.20216349773665154,21.404043060109373,7866611.2521128,47.98636348103356,1.1808,6.838005815706661,4.393564356435631,391480.1087582,11.327596521531254,72.19407176486871,AKEUSDT_1h_limit500_20260717_211343_enriched_candles.csv,11.31064215728751,1h,1783101600000
1.942,39.754997946097,0.10536486153827623,0.0004962,1783103399999,0.00050038,2.3546,2165.0,0.936745285472973,16276992227.0,0.2387003965946155,2.1230956970919035,8026184.8671337,3.008822204115519,1.1766,0.27668921648667877,0.6286757250050679,86069.5705533,0.9406646478666765,62.64102496093874,AKEUSDT_15m_limit500_20260707_181139_enriched_candles.csv,7.043211498941973,15m,1783102500000
1.924,48.47134837798383,0.4404172066885918,0.0005004,1783104299999,0.00050038,2.3322,2103.0,0.8753488299632354,16292166219.0,0.0932235623657185,1.9327846554263144,8059082.94189054,2.8519628886710184,1.1791,0.7136483217053456,0.846432889963733,101935.2456389,1.2351429018594628,65.18632157077002,AKEUSDT_15m_limit500_20260707_181139_enriched_candles.csv,26.719870174429612,15m,1783103400000
1.9403,46.05236753862979,0.28838111916977976,0.0005061,1783105199999,0.00050038,2.3278,3109.0,1.6380465357142857,16364407319.0,0.4434100354055559,1.7788744246810553,8180567.2187681,2.6464888686299552,1.177,1.2819809698290485,1.1390887290167795,143176.8106776,1.8390431124288598,68.33899107095145,AKEUSDT_15m_limit500_20260707_181139_enriched_candles.csv,-4.899031305002661,15m,1783104300000
1.9019,57.34964529734906,0.6309773360561364,0.0005069,1783106099999,0.00050038,2.283,5168.0,3.173061479792148,16451825840.0,0.5341991267749924,1.6632814063281518,8320510.91858,2.485942250904033,1.1783,-0.7629133720811316,0.1580715273661326,296382.9668967,4.249992368790626,68.76650370005981,AKEUSDT_15m_limit500_20260707_181139_enriched_candles.csv,-3.2843438931808557,15m,1783105200000
1.9019,66.69948435931866,3.4628969436948247,0.0005007,1783108799999,0.00050038,2.283,16086.0,20.413069954545456,16451825840.0,1.3153793006792869,22.278218522098484,8320510.91858,53.0075178701491,1.1783,0.8701779896481122,-1.0669828097214062,1072927.905404,33.160677961666195,69.30671520934183,AKEUSDT_1h_limit500_20260717_211343_enriched_candles.csv,6.050110629731228,1h,1783105200000
1.9036,54.63984192251798,0.5255358437141217,0.0004994,1783106999999,0.00050038,2.268,2780.0,1.2523001181410973,16610964462.0,0.9673006725677835,1.5597831414437429,8410131.3071106,2.329622701021407,1.1765,1.9877518740936666,-1.4795817715525739,151898.7605446,1.776464691364592,60.51650305323092,AKEUSDT_15m_limit500_20260707_181139_enriched_candles.csv,13.24087545355222,15m,1783106100000
1.8969,86.79550560230133,1.629646152491728,0.0005006,1783107899999,0.00050038,2.2552,5562.0,3.2276017104121477,16690095137.0,0.4763761621489504,1.4458506753919422,8355729.22938768,2.093607263227924,1.1756,-0.5945475450778658,0.2402883460152161,482756.60216,7.134093194502569,61.316173653645954,AKEUSDT_15m_limit500_20260707_181139_enriched_candles.csv,5.030772271810539,15m,1783107000000
1.9351,55.08135706626553,0.49637109434290566,0.0005007,1783108799999,0.00050038,2.2982,2576.0,1.0104782577168707,16933832764.0,1.4603729038048519,1.3710916969092688,8460142.8488944,2.0370515169334045,1.1649,-1.0503730638837685,0.019976028765467113,141889.5758027,1.5574085384609457,61.386357913405085,AKEUSDT_15m_limit500_20260707_181139_enriched_candles.csv,21.31830331846295,15m,1783107900000
1.9351,43.27044263002372,0.07297313755038363,0.0005028,1783109699999,0.00050038,2.2971,2951.0,1.240667277372263,17020685615.0,0.5128954100966476,1.266038003618219,8522257.2874305,1.9593174643390103,1.1624,-0.20284543509271094,0.41941282204913666,127691.0762012,1.3128967613992117,62.90827606075927,AKEUSDT_15m_limit500_20260707_181139_enriched_candles.csv,19.130022870596203,15m,1783108800000
1.9351,55.96097304077671,2.494752043383555,0.0005,1783112399999,0.00050038,2.2971,10197.0,11.959537828853955,17020685615.0,3.457730348791488,24.16750215918275,8522257.2874305,55.03874768237317,1.1624,-0.77895985480862,-0.13980427401637519,570634.0420968,16.644138452510663,68.92190629400082,AKEUSDT_1h_limit500_20260717_211343_enriched_candles.csv,5.930726563708757,1h,1783108800000
1.9351,47.60162475836413,1.2106124745480575,0.0004341,1783123199999,0.00050038,2.2971,74407.0,18.96836690913844,17020685615.0,3.291110894400018,27.13138481325447,8522257.2874305,22.520412354403664,1.1624,8.059085805039977,-13.30137807070102,3541894.0933956,19.748707616472746,55.25700276888486,AKEUSDT_4h_limit500_20260717_211446_enriched_candles.csv,-9.473167584752064,4h,1783108800000
1.9214,84.16862490240527,1.3859283305865249,0.0004997,1783110599999,0.00070104,2.2873,3035.0,1.2740361944444445,17121793669.0,0.5940304420574805,1.2820287431361974,8608837.8567732,1.9838547071229076,1.1607,0.24822135102603726,-0.6165473349244222,255451.7765788,3.271162765762901,59.19897729230892,AKEUSDT_15m_limit500_20260707_181139_enriched_candles.csv,-12.839909121822894,15m,1783109700000
1.9019,52.81068506570026,0.29726028958062495,0.0005013,1783111499999,0.00070104,2.2563,2242.0,0.69717900764526,17163919195.0,0.24603453828713207,1.2831304824893213,8576810.4217415,1.9438985984539254,1.1687,-0.4163882485949163,0.3201921152691689,118401.5559173,1.0778127502546782,60.49374790673386,AKEUSDT_15m_limit500_20260707_181139_enriched_candles.csv,34.810999950109355,15m,1783110600000
1.8969,35.08869141670899,-0.25942716181104875,0.0005,1783112399999,0.00070104,2.2616,1969.0,0.4881534402777778,17265220713.0,0.5902003898358377,1.3079807544574156,8658508.1875695,1.9878373952049084,1.1671,-0.5423760896052825,-0.2593257530420834,69089.6333995,0.27395192785805794,58.859395760954,AKEUSDT_15m_limit500_20260707_181139_enriched_candles.csv,1.4451126421915859,15m,1783111500000
1.907,49.93251401670001,0.21060050374325132,0.0004662,1783113299999,0.00070104,2.2552,7497.0,4.149679767556875,17316583339.0,0.29749185865504124,1.3203493143232474,8658291.6695,1.9875275857606647,1.1658,13.889382708610428,-6.76,374344.0575832,4.469773850756691,33.51000023912937,AKEUSDT_15m_limit500_20260707_181139_enriched_candles.csv,-26.786722974362544,15m,1783112400000
1.907,50.62595775540639,2.0084819374144893,0.0004118,1783115999999,0.00070104,2.2552,46482.0,61.829142887474546,17316583339.0,1.7384594880198723,25.149992277388893,8658291.6695,55.37583432830912,1.1658,30.12288294724492,-17.64,2353195.7683868,72.39821354225553,39.30759992510639,AKEUSDT_1h_limit500_20260717_211343_enriched_candles.csv,-15.839912649304544,1h,1783112400000
2.0075,52.41061389710397,0.28379860195099554,0.0004414,1783114199999,0.00070104,2.3625,9185.0,5.247875466289369,17249001289.0,-0.3902735815545899,1.2722319468501364,7984907.67670388,1.5752143107410712,1.1681,10.679228747861423,-5.319605319605325,481391.4886449,5.687535463708155,25.00172623602728,AKEUSDT_15m_limit500_20260707_181139_enriched_candles.csv,-27.542809918998074,15m,1783113300000
2.1056,55.22379154023274,0.3671227708425229,0.0004046,1783115099999,0.00070104,2.4614,15296.0,9.257223179970618,17106568611.0,-0.8257444916003998,1.2079405400571384,7546904.87411487,1.3018578824712368,1.1614,16.78491478733186,-8.337109198006342,844703.1153994,10.078948799210162,17.785455124872144,AKEUSDT_15m_limit500_20260707_181139_enriched_candles.csv,-12.634872035666197,15m,1783114200000
2.1201,45.00531624098869,0.03956505311118402,0.0004118,1783115999999,0.00070104,2.4941,14504.0,8.68947905994152,16901838747.0,-1.1967909442011204,1.1532483673590024,6854033.64868344,0.9358523694867737,1.1618,2.6120961066520936,1.7795353435491768,652757.1067593,7.568096877582982,22.498712175757746,AKEUSDT_15m_limit500_20260707_181139_enriched_candles.csv,-5.0790328844822925,15m,1783115100000
2.1706,33.856712821185525,-0.3181505022501821,0.0004223,1783116899999,0.00070104,2.5361,5584.0,2.8098287839476233,16835026345.0,-0.39529664789790253,1.1320759272725722,6930980.3462365,0.9680629471484072,1.1573,4.096950680576085,2.5497814473045333,189055.8843935,1.6619332562109168,28.900219069895883,AKEUSDT_15m_limit500_20260707_181139_enriched_candles.csv,-1.0685831283067153,15m,1783116000000
2.1706,34.62560923956714,0.5940912789143377,0.0004385,1783119599999,0.00070104,2.5361,13122.0,15.398865498284314,16835026345.0,-2.7809007387470497,23.47919555639216,6930980.3462365,34.887051392148926,1.1573,10.359562064618293,6.483729966002905,454357.2444416,12.734261854046169,46.76472075419433,AKEUSDT_1h_limit500_20260717_211343_enriched_candles.csv,7.119048614874137,1h,1783116000000
2.1496,29.203837831407565,-0.4641566208349054,0.0004352,1783117799999,0.00070104,2.5311,2856.0,1.0197138615403185,16778812087.0,-0.3339125038951618,1.1005483939716554,7072772.65903311,1.0389012954434271,1.1575,4.985720164090817,3.0547004499171138,83406.1608465,0.30175603285913083,35.90482533658131,AKEUSDT_15m_limit500_20260707_181139_enriched_candles.csv,32.85165385075964,15m,1783116900000
2.1008,39.117571137170174,-0.14310100418434127,0.0004351,1783118699999,0.00070104,2.4843,2615.0,0.8580287877403846,16761217292.0,-0.10486317451300353,1.0787761645973517,7284089.81075736,1.145137664146819,1.1575,-1.022190607626247,-0.022977941176471894,102292.4485237,0.5021748621802765,35.87531961651584,AKEUSDT_15m_limit500_20260707_181139_enriched_candles.csv,3.8619413592242933,15m,1783117800000
2.0912,38.511248513739716,-0.1610976764224497,0.0004385,1783119599999,0.00070104,2.4904,2067.0,0.49818427577937646,16746784774.0,-0.08610662190322582,1.071835283095213,7279324.93771458,1.132071866695086,1.1596,0.4752394567594466,0.7814295564237961,79602.7506779,0.20258455189234803,37.748446485721864,AKEUSDT_15m_limit500_20260707_181139_enriched_candles.csv,3.7880032368493985,15m,1783118700000
2.1407,31.041153844408946,-0.40969946429075044,0.0004371,1783120499999,0.00070104,2.5511,1565.0,0.1699145634578544,16712097101.0,-0.20713034452950474,1.0601643892815398,7324912.1593683,1.144621077472787,1.1599,-0.44328092900570826,-0.31927023945267363,48579.4057665,-0.17444194561471502,37.26573736908727,AKEUSDT_15m_limit500_20260707_181139_enriched_candles.csv,-12.900070223628632,15m,1783119600000
2.1407,35.542127327485886,0.676885242128584,0.0004341,1783123199999,0.00070104,2.5511,4606.0,4.065167952702702,16712097101.0,-0.7301992968755333,23.002631826000275,7324912.1593683,36.83141487247659,1.1599,0.6942487520863316,-1.0034207525655647,163707.0384704,3.743113612236275,45.76676073704003,AKEUSDT_1h_limit500_20260717_211343_enriched_candles.csv,-17.69873004002746,1h,1783119600000
2.1706,39.712976215915916,-0.08456797257821007,0.0004362,1783121399999,0.00070104,2.5511,999.0,-0.20734080412371134,16678789331.0,-0.19930335372456698,1.0509168064224135,7285295.1797808,1.1099671290969964,1.1603,-0.6653766669333895,-0.20590253946465298,39673.2632397,-0.26192635847979623,36.938722539886584,AKEUSDT_15m_limit500_20260707_181139_enriched_candles.csv,-1.10144805951511,15m,1783120500000
2.201,41.51588082457552,0.01650974696813905,0.0004317,1783122299999,0.00070104,2.5804,1119.0,-0.11868425408653846,16660684886.0,-0.10854771674794206,1.0453552340350818,7265058.25138916,1.085520034693432,1.1612,1.0129957574333497,-1.031636863823937,46456.2706427,-0.1659381200193723,35.272076247452816,AKEUSDT_15m_limit500_20260707_181139_enriched_candles.csv,-40.19122712992453,15m,1783121400000
2.2196,31.41722515872156,-0.3565272886910814,0.0004341,1783123199999,0.00070104,2.6284,923.0,-0.24325859836065572,16609173748.0,-0.30917779402505063,0.979575692128007,7182803.27906008,1.015129522975167,1.165,0.02898805656179764,0.5559416261292638,28998.0988215,-0.36778633867724553,36.9071051498832,AKEUSDT_15m_limit500_20260707_181139_enriched_candles.csv,-12.411033293091712,15m,1783122300000
2.2436,33.949546424719884,-0.25926765978480054,0.0004341,1783124099999,0.0001252,2.6456,1428.0,0.08905884077669902,16606978274.0,-0.013218442008677833,0.9286672287984659,7206266.08243682,0.9979298671635513,1.1673,-1.0754050924448144,0.0,48479.9522945,-0.11258238271879953,36.9071051498832,AKEUSDT_15m_limit500_20260707_181139_enriched_candles.csv,-28.559617080462303,15m,1783123200000
2.2436,31.414533377055214,0.30624267915420356,0.0004275,1783126799999,0.0001252,2.6456,4075.0,3.3319021333492365,16606978274.0,-0.6289984217104028,22.759229422897743,7206266.08243682,35.60128929853772,1.1673,1.4939021565791992,-1.520387007601931,128014.2235115,2.5759620160440946,44.241647705397845,AKEUSDT_1h_limit500_20260717_211343_enriched_candles.csv,-18.710830790414658,1h,1783123200000
2.2436,36.51657578213876,0.2797361465377887,0.000404,1783137599999,0.0001252,2.6456,27904.0,5.721148008445946,16606978274.0,-2.4306150196171217,24.71376649801406,7206266.08243682,16.004295291911227,1.1673,3.6937602962319076,-6.933886201336092,1018958.5306248,4.622231693298193,47.999500414841656,AKEUSDT_4h_limit500_20260717_211446_enriched_candles.csv,-12.67368855613925,4h,1783123200000
2.2436,58.34722037124383,,0.0003134,1783209599999,0.0001252,2.6456,358956.0,,16606978274.0,78.45407360027446,,7206266.08243682,,1.1673,,-27.804653305689943,20944084.8355802,,44.38873934984236,AKEUSDT_1d_limit500_20260717_212121_enriched_candles.csv,-5.448320802299646,1d,1783123200000
2.2425,22.16503264328147,-0.6914675982989132,0.0004332,1783124999999,0.0001252,2.6219,707.0,-0.3852361592449177,16595244928.0,-0.07065310622083043,0.8198191597224886,7202336.298752,0.9048948808364146,1.1671,-0.6625539698229771,-0.20732550103661485,15670.6780788,-0.5284128813860581,36.50605444028217,AKEUSDT_15m_limit500_20260707_181139_enriched_candles.csv,-21.04853989861671,15m,1783124100000
2.2342,31.765809032271243,-0.3060401290076936,0.0004313,1783125899999,0.0001252,2.6232,1224.0,-0.04470302436647173,16602365651.0,0.04290821274945955,0.7357071384862574,7192144.8000132,0.8192833382967358,1.1677,-0.1917048992698115,-0.43859649122807154,38881.3502555,-0.22915121145734582,35.62591573880901,AKEUSDT_15m_limit500_20260707_181139_enriched_candles.csv,-35.308541885728445,15m,1783125000000
2.2626,34.891400674162014,-0.1853508011407498,0.0004275,1783126799999,0.0001252,2.6258,716.0,-0.37952435002448576,16578214460.0,-0.14546837184341577,0.6684524070007518,7136921.32503,0.7047337882525189,1.1678,0.741941334484206,-0.8810572687224738,24982.2428827,-0.3981080024882088,33.86725950556499,AKEUSDT_15m_limit500_20260707_181139_enriched_candles.csv,27.699877821987222,15m,1783125900000
2.2499,34.52902440620094,-0.19839939671944185,0.0004247,1783127699999,0.0001252,2.6364,1274.0,-0.009958017962598426,16570713027.0,-0.045248739049064124,0.6650687574592884,7086631.13312682,0.6084884819041331,1.1659,0.24783722300426872,-0.6549707602339083,43989.9770935,-0.11916942929393647,32.59062458160241,AKEUSDT_15m_limit500_20260707_181139_enriched_candles.csv,-31.2390129894624,15m,1783126800000
2.2499,33.24719765326899,0.46070966673416064,0.0004286,1783130399999,0.0001252,2.6364,3212.0,2.180386189962477,16570713027.0,-0.21837354395035646,22.69482507178958,7086631.13312682,33.90663982933333,1.1659,-0.5710808801800535,0.25730994152046716,106789.9988623,1.8858224341001426,44.573164377995006,AKEUSDT_1h_limit500_20260717_211343_enriched_candles.csv,-16.282799597667772,1h,1783126800000
2.268,42.73866424681934,0.12221356152140746,0.0004268,1783128599999,0.0001252,2.6576,786.0,-0.3329169545903257,16568814064.0,-0.011459754308129622,0.664852932649526,7040751.84835616,0.5793399499509561,1.166,-0.09423158754280377,0.49446668236401425,33592.590098,-0.24699438073216937,34.582341477982496,AKEUSDT_15m_limit500_20260707_181139_enriched_candles.csv,10.309454760995608,15m,1783127700000
2.2394,29.267639366407465,-0.40148708087240825,0.0004286,1783129499999,0.0001252,2.6324,643.0,-0.4273994455445545,16561969853.0,-0.04130779048858724,0.664572706738989,7068648.7332604,0.5774241447002962,1.1656,-0.226341375158145,0.4217432052483483,18819.0921126,-0.4529154476216657,36.31915820805204,AKEUSDT_15m_limit500_20260707_181139_enriched_candles.csv,-37.82852032183639,15m,1783128600000
2.2541,20.409311509233792,-0.740914766780758,0.0004286,1783130399999,0.0001252,2.6523,509.0,-0.5171870683739433,16563116181.0,0.006921447208108056,0.6649810134607047,7098951.5951766,0.5690904229082683,1.1661,-1.0944753567275658,0.0,10388.3395582,-0.5831377196943709,36.31915820805204,AKEUSDT_15m_limit500_20260707_181139_enriched_candles.csv,0.09052802083830616,15m,1783129500000
2.2457,23.217782502541297,-0.6305924635655756,0.0004256,1783131299999,0.0001252,2.6298,787.0,-0.3301698076923077,16562207017.0,-0.00548908786284219,0.6649732581030299,7096408.84057399,0.5489907163084622,1.1661,0.3984371736103532,-0.6999533364442367,18272.3948295,-0.46397606754577525,34.54628193502005,AKEUSDT_15m_limit500_20260707_181139_enriched_candles.csv,-32.81318226672791,15m,1783130400000
2.2457,40.9755481138341,1.1706638059779346,0.000407,1783133999999,0.0001252,2.6298,14804.0,16.814246352059925,16562207017.0,-0.051331587157055214,22.39163702456901,7096408.84057399,33.99626329290286,1.1661,7.248012627246061,-5.0396640223985045,606602.0142772,16.46808691445336,39.594874682360334,AKEUSDT_1h_limit500_20260717_211343_enriched_candles.csv,-15.122230621951271,1h,1783130400000
2.2701,42.63795594489796,0.13237461051698657,0.0004154,1783132199999,0.0001252,2.6738,1029.0,-0.16634489582291145,16558223182.0,-0.024053768896326044,0.6642692442835859,7045855.12840464,0.5020957717811034,1.1665,3.9055342096436014,-2.39661654135338,43874.4566673,-0.06751305034683161,29.307963493264907,AKEUSDT_15m_limit500_20260707_181139_enriched_candles.csv,-51.269755938117875,15m,1783131300000
2.2971,44.69269223112063,0.20568294407279145,0.0004111,1783133099999,0.0001252,2.6996,8406.0,4.820101099198396,16544210388.0,-0.08462740141849112,0.6615320158041347,6890663.626602,0.419783039483003,1.1675,1.0219353427024118,-1.035146846413093,375686.7708948,5.088813027989048,27.42033588542911,AKEUSDT_15m_limit500_20260707_181139_enriched_candles.csv,-10.075079090820317,15m,1783132200000
2.1182,36.83290962147534,-0.1072784661212601,0.000407,1783133999999,0.0001252,2.5051,4582.0,2.2313160163831918,16552542801.0,0.0503645251395346,0.6633234284930439,6800943.26064687,0.3819907892824086,1.1681,0.9169377365695806,-0.9973242520068037,168768.3918856,1.8613938739144857,25.71938658295919,AKEUSDT_15m_limit500_20260707_181139_enriched_candles.csv,-15.044840386825092,15m,1783133100000
2.2123,26.82129401118598,-0.503812644056092,0.0004058,1783134899999,0.0001252,2.614,1484.0,0.13947989835164837,16491606215.0,-0.3681403318668286,0.6510411152611668,6720329.5326125,0.3483777582884113,1.1673,-0.49922592938688454,-0.29484029484030394,39802.8003126,-0.13327760308736347,25.226154048913727,AKEUSDT_15m_limit500_20260707_181139_enriched_candles.csv,2.3892875725604554,15m,1783134000000
2.2123,30.54400378011354,0.17351088535366616,0.000404,1783137599999,0.0001252,2.614,5813.0,5.44382568317757,16491606215.0,-0.426276533843184,22.065019628724116,6720329.5326125,30.080058521519863,1.1673,0.2078295971185372,-0.7371007371007376,177552.2939738,3.880165562232409,38.94429170618174,AKEUSDT_1h_limit500_20260717_211343_enriched_candles.csv,2.2151508351564186,1h,1783134000000
2.2383,31.41283810706033,-0.31604023203714937,0.0004028,1783135799999,0.0001252,2.6075,1558.0,0.1867611060756972,16484703443.0,-0.04185627470125741,0.6500555506289002,6687019.95165295,0.33034562770919207,1.1264,0.3980512583910587,-0.7392804337111869,48941.2017708,0.010739586152496568,23.987633529169116,AKEUSDT_15m_limit500_20260707_181139_enriched_candles.csv,-0.6270586562978553,15m,1783134900000
2.3058,28.525011228364846,-0.4312487956349683,0.0004053,1783136699999,0.0001252,2.6617,899.0,-0.25720363853028794,16479059192.0,-0.034239323864793114,0.6493226912569345,6637765.0425376,0.3070276380187305,1.1263,0.1491859535711497,0.6206554121152008,25643.9850943,-0.3508611646683911,27.195482607125186,AKEUSDT_15m_limit500_20260707_181139_enriched_candles.csv,7.670766517241639,15m,1783135800000
2.2227,33.74161687825855,-0.20942051669308467,0.000404,1783137599999,0.0001252,2.5804,1872.0,0.39810362113659026,16479246247.0,0.0011351072765730663,0.6500034927034517,6679038.5039091,0.31119233742821445,1.1271,-0.469770658493802,-0.32075006168269526,63164.3067961,0.23118997380235834,26.567611903311075,AKEUSDT_15m_limit500_20260707_181139_enriched_candles.csv,2.09271287590798,15m,1783136700000
2.2637,41.35746969731472,0.11744290114409159,0.0004072,1783138499999,0.0001252,2.5984,931.0,-0.23623919601990048,16427966512.0,-0.3111776730039151,0.640111925969454,6637062.75051312,0.2872278261192144,1.1264,0.5021841944765674,0.7920792079207928,38503.8042882,-0.1542697363239366,30.802621516202606,AKEUSDT_15m_limit500_20260707_181139_enriched_candles.csv,-1.541736492209226,15m,1783137600000
2.2637,43.330937478837214,1.2943459075975086,0.0003994,1783141199999,0.0001252,2.5984,3010.0,1.8899503682620817,16427966512.0,-0.38589147818794967,21.483042706372768,6637062.75051312,28.159628554780742,1.1264,0.8520605467050619,-1.1386138613861396,130426.1218113,2.4771195868086746,37.91555923448366,AKEUSDT_1h_limit500_20260717_211343_enriched_candles.csv,-33.26798808882526,1h,1783137600000
2.2637,59.95962507094892,2.222253554791506,0.0003357,1783151999999,0.0001252,2.5984,80059.0,20.10332706587561,16427966512.0,-1.0779309700203688,23.603371979536774,6637062.75051312,13.359870674524588,1.1264,10.389639682520613,-16.90594059405941,4800307.6235551,26.81371007024961,36.33707828438048,AKEUSDT_4h_limit500_20260717_211446_enriched_candles.csv,-9.09651211361137,4h,1783137600000
2.268,28.64620504135514,-0.42165065428704884,0.0004062,1783139399999,5e-05,2.614,428.0,-0.5740911758241758,16408065206.0,-0.12114284494957328,0.6367546207588776,6677426.21623376,0.2982471866923359,1.1278,-0.6240021597011883,-0.24557956777995216,12260.5757577,-0.5623098825200539,30.216158402421158,AKEUSDT_15m_limit500_20260707_181139_enriched_candles.csv,-36.40724601939386,15m,1783138500000
2.2733,57.00171555823195,0.7732621300649135,0.0004013,1783140299999,5e-05,2.6298,1233.0,-0.029766849548645936,16408775076.0,0.004326347994654256,0.6376352048794747,6670167.068394,0.2930784367975851,1.1282,1.3743983308339278,-1.2063023141309692,70283.1152833,0.3517061567767383,27.457518171765003,AKEUSDT_15m_limit500_20260707_181139_enriched_candles.csv,-49.78365562633769,15m,1783139400000
2.3135,22.436905459569378,-0.6791351647699928,0.0003994,1783141199999,5e-05,2.6697,418.0,-0.5821589940865626,16443113014.0,0.20926569985242338,0.645273018920164,6598621.2525182,0.2671548364114682,1.1296,-0.1583642285726163,-0.47346125093445934,9378.6264821,-0.6106266937193047,26.449170997449784,AKEUSDT_15m_limit500_20260707_181139_enriched_candles.csv,-35.64783625918959,15m,1783140300000
2.2744,44.89477110067454,0.26695573784119414,0.0004026,1783142099999,5e-05,2.6443,593.0,-0.46396719166666667,16441341913.0,-0.01077108086827705,0.6454756996907537,6571111.12236871,0.2566859904613944,1.1292,0.5310076433792102,0.8012018027040435,26622.5992627,-0.3379831766859556,31.042339575080717,AKEUSDT_15m_limit500_20260707_181139_enriched_candles.csv,-18.011097032205036,15m,1783141200000
2.2744,41.085711431192166,1.068733138118783,0.0004001,1783144799999,5e-05,2.6443,5620.0,4.985886461330935,16441341913.0,0.08141848225846626,20.995782537821967,6571111.12236871,27.35268449100718,1.1292,-0.7119704426547141,0.1752628943415102,230901.6982433,5.267376620809827,38.18316182817365,AKEUSDT_1h_limit500_20260717_211343_enriched_candles.csv,-29.14662736866761,1h,1783141200000
2.2446,43.56301342102941,0.196913010264581,0.0004093,1783142999999,5e-05,2.5958,680.0,-0.39694188981528994,16440542746.0,-0.004860716383303654,0.645315269622951,6622743.83437118,0.27329081660499827,1.1311,2.302693538992952,1.6641828117238022,29622.8491263,-0.2839016095475238,39.55378694995363,AKEUSDT_15m_limit500_20260707_181139_enriched_candles.csv,-14.64776496413249,15m,1783142100000
2.2468,43.81485264978475,0.19671084548927353,0.0004072,1783143899999,5e-05,2.601,3252.0,1.422983077586207,16466784102.0,0.15961368432551026,0.6508815622451747,6739854.7329486,0.3119352080340845,1.1332,-0.08298966483778479,-0.513071096994866,142485.9008171,1.5748128727078794,37.97177075322273,AKEUSDT_15m_limit500_20260707_181139_enriched_candles.csv,-33.82018856585474,15m,1783143000000
2.2992,29.379314189223745,-0.4138650238912987,0.0004001,1783144799999,5e-05,2.6377,1095.0,-0.10970407939969215,16423631580.0,-0.2620579812834145,0.6424114833803415,6683925.3441126,0.2888530083830779,1.1323,2.466998936319953,-1.7436149312377136,32170.3490372,-0.24283445771079878,33.144922935241496,AKEUSDT_15m_limit500_20260707_181139_enriched_candles.csv,-31.012873767279338,15m,1783143900000
2.2992,42.30981424988067,0.13473725260567324,0.0003978,1783145699999,5e-05,2.6523,1676.0,0.31222461781609195,16426303596.0,0.016269337186392008,0.6436595282033472,6572164.0687596,0.24558368838781425,1.1319,0.04398661867599898,-0.5748562859285156,70911.2486828,0.401043033794841,31.737484432196794,AKEUSDT_15m_limit500_20260707_181139_enriched_candles.csv,7.676163879088915,15m,1783144800000
2.2992,59.84262892186995,2.7310651395969963,0.0003979,1783148399999,5e-05,2.6523,11765.0,12.370069618962432,16426303596.0,-0.09146648174811478,20.772569836660917,6572164.0687596,26.818303808904435,1.1319,-0.09937007112020464,-0.5498625343664076,704048.5292658,18.553775234693337,37.634128469874234,AKEUSDT_1h_limit500_20260717_211343_enriched_candles.csv,-0.8818906759559464,1h,1783144800000
2.2744,14.291032162727273,-1.0476438341360124,0.0004006,1783146599999,5e-05,2.6271,660.0,-0.41205318232115284,16401807659.0,-0.14912628916687876,0.6386137305203669,6527755.43020541,0.23049530735135654,1.1292,0.3020606988662585,0.7038712921065837,9432.0812274,-0.6108990814479938,35.33730688427404,AKEUSDT_15m_limit500_20260707_181139_enriched_candles.csv,-1.9269573089766598,15m,1783145700000
2.2787,36.854037483629895,-0.09553855859040211,0.0004028,1783147499999,5e-05,2.6101,562.0,-0.473908504973822,16404539203.0,0.01665392045064884,0.6393815811046107,6571986.49550586,0.24587355533051222,1.1295,-0.015900217377277134,0.5491762356465202,20711.9690658,-0.4235614552113223,38.09942842512032,AKEUSDT_15m_limit500_20260707_181139_enriched_candles.csv,6.54797631500622,15m,1783146600000
2.2819,68.00419874701703,1.231888411047307,0.0003979,1783148399999,5e-05,2.6049,8867.0,5.413285313583815,16397557907.0,-0.04255709906635374,0.6384599989192962,6588046.84029539,0.2439772905810539,1.1282,1.3576957195161155,-1.2164846077457714,602993.2302898,9.22542243112378,34.55861230285163,AKEUSDT_15m_limit500_20260707_181139_enriched_candles.csv,-2.1271656126944345,15m,1783147500000
2.3146,70.39859650337048,1.3203002615147126,0.0003977,1783149299999,5e-05,2.635,11037.0,6.924290585340314,15859429045.0,-3.2817622297907967,0.5237790213395458,6312052.75991,0.1392508574489776,1.1341,-1.0348404148141463,-0.05026388539833837,776989.3096077,12.019189417110011,34.41801102039412,AKEUSDT_15m_limit500_20260707_181139_enriched_candles.csv,-0.6951696191839724,15m,1783148400000
2.3146,62.59941127371111,2.9472232211508094,0.0003357,1783151999999,5e-05,2.635,59664.0,69.78688609074733,15859429045.0,-3.4510171304640958,19.095702543700096,6312052.75991,23.922800242581552,1.1341,24.38888193597974,-15.632068358884155,3734931.2742347,103.52375453993427,26.17473696029363,AKEUSDT_1h_limit500_20260717_211343_enriched_candles.csv,-8.561373648172955,1h,1783148400000
2.1616,55.70490558345111,0.687372757659416,0.0003776,1783150199999,5e-05,2.4758,6085.0,3.3543975575141536,15204074745.0,-4.132269189139648,0.3833681140972389,6046356.4445916,0.03113223102527823,1.1377,9.18480432802628,-5.054060849886854,338964.3504753,4.7145190354417,23.8958286043478,AKEUSDT_15m_limit500_20260707_181139_enriched_candles.csv,-24.16382276928218,15m,1783149300000
2.2,62.64078183338484,0.9619073937155802,0.0003379,1783151099999,5e-05,2.51,21354.0,13.722142026342452,15166411243.0,-0.24771978980427933,0.3752415232698412,5723803.6031082,-0.10264844997243659,1.139,20.24604276653286,-10.51377118644069,1337631.2552701,20.442035763028535,14.479879035419827,AKEUSDT_15m_limit500_20260707_181139_enriched_candles.csv,-14.453066888352742,15m,1783150200000
1.978,60.475097172059655,0.8586106639333735,0.0003357,1783151999999,5e-05,2.2468,21188.0,13.5664415625,15559968246.0,2.594925039907814,0.45277516545780605,5261758.86206736,-0.2551682292460329,1.1296,0.18851758518138167,-0.6510802012429706,1281346.3588816,19.40891065496003,14.147197046513483,AKEUSDT_15m_limit500_20260707_181139_enriched_candles.csv,-3.0533932570385653,15m,1783151100000
2.0321,65.37880036984956,1.0458521894075494,0.0003314,1783152899999,-8.083e-05,2.3223,15887.0,9.923761578549849,15968358364.0,2.624620510424136,0.538717686310869,5380857.71791708,-0.19454455939125095,1.1329,1.4646070681251646,-1.2809055704498085,1038673.0014758,15.476904344361893,13.494586059810814,AKEUSDT_15m_limit500_20260707_181139_enriched_candles.csv,-6.83647636327383,15m,1783152000000
2.0321,71.29640454811016,3.6962061134707507,0.0003124,1783155599999,-8.083e-05,2.3223,74107.0,86.65462296106195,15968358364.0,0.6868426264963201,19.635020174364453,5380857.71791708,14.977376924983306,1.1329,10.209638996588733,-6.940720881739637,5283562.6518468,146.82579728664385,23.311248437305196,AKEUSDT_1h_limit500_20260717_211343_enriched_candles.csv,-4.112027236767209,1h,1783152000000
2.0321,67.70872013076281,2.813369042450715,0.0003074,1783166399999,-8.083e-05,2.3223,122206.0,31.115034980036118,15968358364.0,-2.797717828705537,21.782428400055004,5380857.71791708,7.58858507347285,1.1329,4.539099522619196,-8.43014596365802,8274411.8523,45.180718386680525,32.782821625927994,AKEUSDT_4h_limit500_20260717_211446_enriched_candles.csv,-4.201956127443126,4h,1783152000000
2.0003,63.61737857202949,0.9713040499365985,0.0003084,1783153799999,-8.083e-05,2.2626,20350.0,12.8882961247495,16151061719.0,1.1441586594893582,0.5665591220969137,5305785.28530869,-0.21242621080282204,1.1367,12.91256116916158,-6.940253470126723,1294613.6539408,19.448131642370416,10.661569132471016,AKEUSDT_15m_limit500_20260707_181139_enriched_candles.csv,-11.86157844955203,15m,1783152900000
1.9291,76.50304177006265,1.4915548122907818,0.000313,1783154699999,-8.083e-05,2.1133,20269.0,12.76755971435693,16723475038.0,3.5441219218834252,0.716837797681505,5140796.2266812,-0.2709633090232999,1.1319,1.864165144330727,1.49156939040207,1550640.1536374,23.409133839999992,14.526449247174142,AKEUSDT_15m_limit500_20260707_181139_enriched_candles.csv,0.01434129827468322,15m,1783153800000
1.9922,79.52024559927277,1.5515867846622713,0.0003124,1783155599999,-8.083e-05,2.202,17601.0,10.92780563182721,15477806736.0,-7.448621169760017,0.3188809891024966,4838671.94180832,-0.3855084171320871,1.1405,-0.731338601793548,-0.191693290734829,1399635.8427928,20.86030910294831,14.43870793190625,AKEUSDT_15m_limit500_20260707_181139_enriched_candles.csv,0.5062982067578566,15m,1783154700000
2.034,81.00386797881588,1.5489355716964226,0.0002979,1783156499999,-8.083e-05,2.252,11367.0,6.723548665182987,14169423778.0,-8.453283984718695,-0.13344656122875265,4426527.9882472,-0.5438761369291032,1.1673,7.9587624832907915,-4.641485275288105,920770.9673152,13.340773674252436,12.477304705038136,AKEUSDT_15m_limit500_20260707_181139_enriched_candles.csv,-14.671302452497514,15m,1783155600000
2.034,72.05487022965586,3.7136548897678123,0.0003066,1783159199999,-8.083e-05,2.252,25978.0,29.041058672535215,14169423778.0,-11.265620078114125,13.449376886198742,4426527.9882472,6.434177054966863,1.1673,1.9886416893250438,-1.8565941101152283,1871841.418826,51.1762876674165,22.647074268365202,AKEUSDT_1h_limit500_20260717_211343_enriched_candles.csv,-10.521195245263822,1h,1783155600000
2.1066,63.400276074388096,0.8457965959743026,0.0003051,1783157399999,-8.083e-05,2.2616,3963.0,1.7785632529600395,14023120670.0,-1.032526871185513,-0.12934653033478663,4181133.6589672,-0.6377112435453985,1.182,3.5354720520950385,2.4169184290030232,251255.2940828,2.939499247420086,18.404559833166118,AKEUSDT_15m_limit500_20260707_181139_enriched_candles.csv,3.8172044863020194,15m,1783156500000
2.0647,70.4238016133735,1.0892194949266043,0.0003031,1783158299999,-8.083e-05,2.2457,7470.0,4.101375664862204,14137445810.0,0.8152617572818821,-0.04745299607407938,4304428.1257707,-0.5857360666082608,1.1865,0.16847457306515173,-0.6555227794165841,526065.7980519,6.661877328637319,18.039107971801158,AKEUSDT_15m_limit500_20260707_181139_enriched_candles.csv,-16.73052497471369,15m,1783157400000
2.1536,54.672548576494655,0.4931007749296824,0.0003066,1783159199999,-8.083e-05,2.358,3178.0,1.242620195641528,14139867710.0,0.017131100147427247,-0.027077149969654695,4282117.5372964,-0.5948010975944416,1.179,1.1211566275034077,1.1547344110854674,173749.3593761,1.6224509038612727,20.995613398992518,AKEUSDT_15m_limit500_20260707_181139_enriched_candles.csv,9.537672300724171,15m,1783158300000
2.1387,46.00161694146784,0.16760382736742405,0.0003059,1783160099999,-8.083e-05,2.3829,3311.0,1.3207114110623783,14207866723.0,0.4809027523780207,0.010806650553520558,4350164.63324814,-0.5701138548911042,1.1825,-0.6521545672144878,-0.22831050228311334,152311.3536932,1.2442118521595116,20.833747974932237,AKEUSDT_15m_limit500_20260707_181139_enriched_candles.csv,-2.6877915219939186,15m,1783159200000
2.1387,55.31126428104956,2.251901657050944,0.0003108,1783162799999,-8.083e-05,2.3829,11319.0,11.43128732142857,14207866723.0,0.27130916261879356,13.26637716075166,4350164.63324814,5.669785997062854,1.1825,1.1947379097423552,1.3698630136986356,626068.2003972,16.142284272298927,24.328413200595165,AKEUSDT_1h_limit500_20260717_211343_enriched_candles.csv,8.418498528333144,1h,1783159200000
2.1898,43.09140809165323,0.04401352265634876,0.0003046,1783160999999,-8.083e-05,2.427,2480.0,0.7399492690294958,14162253202.0,-0.321044122170433,-0.007487913765587231,4327276.4658711,-0.5787269511755483,1.1832,-0.2808114780284934,-0.4249754821837315,106866.6920673,0.6428196115197334,20.517390828892516,AKEUSDT_15m_limit500_20260707_181139_enriched_candles.csv,-11.343769085381297,15m,1783160100000
2.1857,42.415854021797635,0.003937331422623047,0.0003026,1783161899999,-8.083e-05,2.4294,1858.0,0.3171857002788104,14209859625.0,0.3361500625711056,0.01139393027269772,4327612.74879375,-0.578467101769992,1.1834,0.17368780244373383,-0.6565988181221227,78808.6567725,0.27579176624119833,20.013875424569264,AKEUSDT_15m_limit500_20260707_181139_enriched_candles.csv,-2.2085710775714746,15m,1783161000000
2.2637,78.4963209439237,1.3492826547527588,0.0003108,1783162799999,-8.083e-05,2.5186,3670.0,1.4083665993385037,14240559303.0,0.21604490691793377,0.014749475636229754,4309193.2450878,-0.5861231137762187,1.1823,4.113079062264704,2.7098479841374923,288081.4978642,2.877327106048506,27.83364475603146,AKEUSDT_15m_limit500_20260707_181139_enriched_candles.csv,24.528687329690978,15m,1783161900000
2.1726,63.370914780454434,0.7823467126107464,0.0003078,1783163699999,-8.083e-05,2.4211,4313.0,1.7414317210854091,14407787465.0,1.1743089470142465,0.057274851742988735,4482262.6803615,-0.5163643532122923,1.1841,0.7539646785726827,-0.9652509652509744,273318.7554481,2.591831396531552,26.801294330685167,AKEUSDT_15m_limit500_20260707_181139_enriched_candles.csv,1.3734744507179932,15m,1783162800000
2.1726,45.63410305776708,1.396663297959678,0.0003074,1783166399999,-8.083e-05,2.4211,10802.0,10.732731228092783,14407787465.0,1.4071130163148649,13.602445711164373,4482262.6803615,6.7045393314189035,1.1841,0.7512686915044723,-1.0939510939511066,492939.58123,12.331059014737738,23.875980435387802,AKEUSDT_1h_limit500_20260717_211343_enriched_candles.csv,2.8013428264663713,1h,1783162800000
2.2906,38.093024850091155,-0.16310664718284715,0.0003056,1783164599999,-8.083e-05,2.5162,2194.0,0.4612735641280353,14413022980.0,0.03633809155443313,0.05851700591148316,4425806.9664686,-0.5531768658008837,1.1825,0.26622106594843953,-0.7147498375568495,83576.0965211,0.25954177630951286,26.038582455929742,AKEUSDT_15m_limit500_20260707_181139_enriched_candles.csv,-3.8143273043329824,15m,1783163700000
2.3636,29.287777794832827,-0.4901301598386562,0.0003041,1783165499999,-8.083e-05,2.5765,2632.0,0.719934094858156,14418241911.0,0.036209829174915775,0.05975558216422522,4399438.15430343,-0.5735159868492422,1.1881,-0.1819113606752798,-0.490837696335078,77085.431156,0.16234583302773123,25.50562328185414,AKEUSDT_15m_limit500_20260707_181139_enriched_candles.csv,-7.062670272651436,15m,1783164600000
2.3956,35.453576731689715,-0.25800281113626344,0.0003074,1783166399999,-8.083e-05,2.5894,1663.0,0.13661677273725836,14442604655.0,0.1689716690175258,0.06279996619493537,4396328.856982,-0.5739088806066835,1.1916,0.9835191068950858,1.0851693521867656,58959.2981048,-0.05380070147787054,28.951039527247147,AKEUSDT_15m_limit500_20260707_181139_enriched_candles.csv,31.69494994595033,15m,1783165500000
2.3512,54.1009632099453,0.4428157721038358,0.0003045,1783167299999,0.00034423,2.5575,2011.0,0.34050757827616535,14468181969.0,0.17709626906630138,0.06624306331723846,4432182.86438346,-0.5579184429631592,1.1927,0.6620618773412019,-0.9433962264150941,108797.0370152,0.533392180888431,27.73696355643031,AKEUSDT_15m_limit500_20260707_181139_enriched_candles.csv,-46.58962010051649,15m,1783166400000
2.3512,52.05689388202737,1.9062359651458607,0.0003123,1783169999999,0.00034423,2.5575,9865.0,9.597487169803252,14468181969.0,0.4191795870581272,13.771149984677173,4432182.86438346,6.244687817386879,1.1927,1.548167591930551,1.5940143135979135,513541.2581462,12.60634126241798,26.0115132873715,AKEUSDT_1h_limit500_20260717_211343_enriched_candles.csv,-10.278834395146557,1h,1783166400000
2.3512,55.49228861848553,1.7855483522218285,0.0003221,1783180799999,0.00034423,2.5575,50975.0,11.77016937539936,14468181969.0,-9.394681411848104,16.38428687474442,4432182.86438346,3.311054133253493,1.1927,2.0731288379379236,4.782042940793763,2828719.4123273,13.924291583965696,36.26987910446626,AKEUSDT_4h_limit500_20260717_211446_enriched_candles.csv,0.6471248261360619,4h,1783166400000
2.375,52.83278202777778,0.39762280454839305,0.0003094,1783168199999,0.00034423,2.5868,2178.0,0.4252604530975395,14520771049.0,0.36348091358457957,0.07421599394060435,4421574.7844205,-0.5599177810792726,1.195,1.8185380730843328,1.6091954022988464,115069.7992565,0.5974389906007868,32.860201210452715,AKEUSDT_15m_limit500_20260707_181139_enriched_candles.csv,12.491365028159684,15m,1783167300000
2.427,56.05567796532096,0.5239023365063948,0.0003122,1783169099999,0.00034423,2.655,2477.0,0.5834218830574913,14553076444.0,0.22247713217835585,0.07601793773578912,4498792.52113372,-0.5241152863267649,1.1948,0.5241851515257702,0.9049773755656076,138849.9143201,0.8624402829542979,35.66698423318017,AKEUSDT_15m_limit500_20260707_181139_enriched_candles.csv,-0.4929198178128969,15m,1783168200000
2.4176,47.14739217080338,0.17955956773387988,0.0003123,1783169999999,0.00034423,2.6738,3199.0,0.9628212461832061,14614748444.0,0.4237729406377566,0.07982346854349495,4547232.83086616,-0.4950751122044318,1.2022,-1.035384310008728,0.032030749519540436,150824.5075544,0.9322290609571238,35.77025838397749,AKEUSDT_15m_limit500_20260707_181139_enriched_candles.csv,-10.467330159527153,15m,1783169100000
2.4507,55.65079323137739,0.5157835210720428,0.0003129,1783170899999,0.00034423,2.7051,3238.0,0.9405013840759077,14655474284.0,0.2786626137018411,0.07697205250877616,4576904.6188932,-0.47436555101031,1.2059,-0.7392773023155481,0.19212295869357465,180197.2684832,1.1810977714643116,36.42965726934644,AKEUSDT_15m_limit500_20260707_181139_enriched_candles.csv,-1.661478324505855,15m,1783170000000
2.4507,65.17760799280988,2.962039766564173,0.0003235,1783173599999,0.00034423,2.7051,21919.0,22.854091961730447,14655474284.0,1.294511745852378,14.307628217294729,4576904.6188932,7.451038934176624,1.2059,4.7206937884517854,3.5862952289465344,1428627.9895944,36.37175135589859,30.790716773406317,AKEUSDT_1h_limit500_20260717_211343_enriched_candles.csv,6.159092318608526,1h,1783170000000
2.4855,78.8550916206915,1.4306716960421457,0.000326,1783171799999,0.00034423,2.7272,11251.0,5.382051023231908,14661887087.0,0.043757048565806755,0.07838140155182009,4592982.74887362,-0.4390628002733089,1.199,6.462821302958609,4.186641099392774,887198.6358244,8.656626787487307,48.79094060756015,AKEUSDT_15m_limit500_20260707_181139_enriched_candles.csv,12.37340591722096,15m,1783170900000
2.2062,53.57363352744235,0.4269337683895818,0.0003305,1783172699999,0.00034423,2.5137,3859.0,1.2776605018442622,14652358243.0,-0.06499057006412734,0.07481574192340623,4774177.88631669,-0.33437702767235516,1.1747,1.3645222773815018,1.3803680981595123,206740.6517824,1.445688453852543,52.22741898321582,AKEUSDT_15m_limit500_20260707_181139_enriched_candles.csv,-2.170492892381411,15m,1783171800000
2.2072,43.26279291638196,0.01357590833486051,0.0003235,1783173599999,0.00034423,2.4831,3571.0,1.1102123291190864,14692140286.0,0.2715060766344868,0.08657862291291597,4849875.5084086,-0.29228731992602514,1.174,2.608501791625457,-2.1180030257186067,154491.4335044,0.8860663647566625,46.949442335865,AKEUSDT_15m_limit500_20260707_181139_enriched_candles.csv,-9.25937555223253,15m,1783172700000
2.2648,40.03363623236534,-0.11864200788385848,0.0003284,1783174499999,0.00034423,2.5336,2135.0,0.31640698028455283,14704010734.0,0.08079454571578992,0.08962644741502158,4758806.03395176,-0.31591627334749856,1.1789,1.550782400157329,1.514683153013907,85471.8133561,0.15821996581056907,50.70483977845169,AKEUSDT_15m_limit500_20260707_181139_enriched_candles.csv,3.0074484513280098,15m,1783173600000
2.2648,45.66447047496441,1.3170813736824818,0.0003275,1783177199999,0.00034423,2.5336,11240.0,10.774027689768976,14704010734.0,0.33118307234170086,14.46121878367237,4758806.03395176,8.930805697018602,1.1789,0.9494834217977369,1.2364760432766575,513268.6481386,12.284032436508014,32.46845694177118,AKEUSDT_1h_limit500_20260717_211343_enriched_candles.csv,-4.244796356257608,1h,1783173600000
2.2123,46.8733436496063,0.1573037390950501,0.0003248,1783175399999,0.00034423,2.4928,2794.0,0.676135515961773,14729796042.0,0.17536241278970355,0.09455392240032029,4838737.999797,-0.2726685295120619,1.1783,0.8187340983825311,-1.0962241169305775,130964.122157,0.6259444768188402,48.015542004685116,AKEUSDT_15m_limit500_20260707_181139_enriched_candles.csv,-2.622300610607681,15m,1783174500000
2.2041,51.31555754653979,0.32900502279247523,0.0003292,1783176299999,0.00034423,2.4953,4046.0,1.3616021722945484,14757342929.0,0.18701472119133644,0.1001115707897791,4793184.9833392,-0.2807264189170505,1.176,1.2618030945166223,1.3546798029556717,207622.7458333,1.4110643005882553,51.40781477813163,AKEUSDT_15m_limit500_20260707_181139_enriched_candles.csv,-6.72875100212615,15m,1783175400000
2.1368,39.386298804503305,-0.15339588435177098,0.0003275,1783177199999,0.00034423,2.4141,2265.0,0.3454703597560976,14713936424.0,-0.2941349618887035,0.08275390468926182,4845299.2644232,-0.24194095568243365,1.1745,-0.17898493328747855,-0.5164034021871156,89209.9667922,0.16039318719233928,50.048898507622674,AKEUSDT_15m_limit500_20260707_181139_enriched_candles.csv,-7.794015943752071,15m,1783176300000
2.2196,46.44358699705607,0.13722666130100017,0.0003243,1783178099999,0.00034423,2.4855,2140.0,0.2553425482142857,14706393596.0,-0.05126315475780796,0.0767284521719452,4806049.4271728,-0.23975067142584489,1.1732,0.6128704546479078,-0.9770992366412101,99389.2761737,0.23661331279930883,47.50339363852446,AKEUSDT_15m_limit500_20260707_181139_enriched_candles.csv,-12.697429627965654,15m,1783177200000
2.2196,46.947744491019996,1.364163088923195,0.0003221,1783180799999,0.00034423,2.4855,7951.0,7.049576994271686,14706393596.0,0.01620552407848308,14.479306685008266,4806049.4271728,9.308976725908813,1.1732,1.5422240367856153,-1.648854961832047,373281.5164481,8.590556212800543,31.363111695883916,AKEUSDT_1h_limit500_20260717_211343_enriched_candles.csv,1.3094924191296446,1h,1783177200000
2.2373,46.68429705715492,0.1444772661468382,0.0003207,1783178999999,0.00034423,2.5261,2369.0,0.37444887311507935,14694299381.0,-0.082237803041596,0.06516751311632461,4755516.10867303,-0.25076066905794936,1.1668,0.8413874016382898,-1.110083256244232,110595.0997284,0.33657787110731024,44.74616707450634,AKEUSDT_15m_limit500_20260707_181139_enriched_candles.csv,9.024699607045049,15m,1783178100000
2.251,51.76429925169786,0.35168050353308233,0.000318,1783179899999,0.00034423,2.5311,1443.0,-0.12492536705087441,14632447395.0,-0.42092504308151035,0.0368978267627219,4690284.6879933,-0.2681409868266865,1.1658,0.37472142552352306,-0.8419083255378879,74695.8838202,-0.023224004390047702,42.74237605868343,AKEUSDT_15m_limit500_20260707_181139_enriched_candles.csv,18.79133810878632,15m,1783179000000
2.2362,44.32278975777889,0.04589635942564009,0.0003221,1783180799999,0.00034423,2.5298,1999.0,0.17744061686626747,14588681149.0,-0.29910407205669953,0.017238023984474767,4636136.98234071,-0.29026020044725137,1.1607,1.1309423964868377,1.2893081761006453,88601.2567258,0.12093419748250449,46.64935470733834,AKEUSDT_15m_limit500_20260707_181139_enriched_candles.csv,-7.3466847913281965,15m,1783179900000
2.2457,45.2747106582068,0.09167980267502454,0.0003286,1783181699999,0.00034423,2.5398,2766.0,0.5862789692982456,14555219865.0,-0.22936469484969857,0.0007196576423407191,4675427.7250353,-0.27146819658325216,1.1608,2.3669718102172226,2.018006830176966,125229.8496806,0.4682038970610568,52.216124586756614,AKEUSDT_15m_limit500_20260707_181139_enriched_candles.csv,6.234752236877859,15m,1783180800000
2.2457,65.12589479095867,2.814288390481602,0.0003056,1783184399999,0.00034423,2.5398,23835.0,24.379081629464288,14555219865.0,-1.0279456347552007,14.0059638432277,4675427.7250353,8.138642938348026,1.1608,6.931984805088971,-5.122632722756915,1552275.7023425,38.47593862968805,28.20362783448867,AKEUSDT_1h_limit500_20260717_211343_enriched_candles.csv,-14.846145170173633,1h,1783180800000
2.2457,55.70709444412445,1.7822617859789756,0.0003083,1783195199999,0.00034423,2.5398,51876.0,11.77431676174858,14555219865.0,0.601581430109821,16.33286800063909,4675427.7250353,4.42681756632865,1.1608,1.6378184305497292,-4.284383731760322,2889861.2313834,13.893405669300707,34.46240989833201,AKEUSDT_4h_limit500_20260717_211446_enriched_candles.csv,-8.220181317179792,4h,1783180800000
2.2062,54.84427438018494,0.5186321763485291,0.0003272,1783182599999,0.00063226,2.5162,2271.0,0.3111795755053508,14610974856.0,0.3830583908531082,0.019107684123402146,4801166.3376816,-0.21084382933478985,1.164,-0.33809601797194516,-0.42604990870359627,124551.3471174,0.44817633170592125,50.982219671313686,AKEUSDT_15m_limit500_20260707_181139_enriched_candles.csv,8.957649494616641,15m,1783181700000
2.1837,71.96454891904853,1.2778143488844178,0.0003072,1783183499999,0.00063226,2.4771,10594.0,4.801891799039232,14631817511.0,0.14265068009093884,0.025793430626220224,4790457.0531014,-0.21132531824018835,1.1668,9.324208807914605,-6.112469437652813,762392.4312484,6.501332625685214,37.389339348630216,AKEUSDT_15m_limit500_20260707_181139_enriched_candles.csv,-19.90331175530259,15m,1783182600000
2.3234,65.83399247880301,1.0005337719507277,0.0003056,1783184399999,0.00063226,2.5689,8204.0,3.332528910837817,14817421474.0,1.26849561143354,0.08463167159188417,4545244.0371495,-0.3028524792045472,1.1663,-0.17727369257958145,-0.5208333333333259,540102.0742961,4.3541326372038665,36.54977850913326,AKEUSDT_15m_limit500_20260707_181139_enriched_candles.csv,-18.084804787687386,15m,1783183500000
2.3156,53.74385387318841,0.4566346276180371,0.000308,1783185299999,0.00063226,2.5714,5106.0,1.6389094223880596,15175868945.0,2.4190947907432037,0.20353500587305356,4632585.7541507,-0.2428990766916692,1.1598,0.27244710371148995,0.7853403141361293,274416.1178765,1.8322872531226833,38.77073164224801,AKEUSDT_15m_limit500_20260707_181139_enriched_candles.csv,-25.706777140564274,15m,1783184400000
2.3156,51.57569548605952,1.7139297800744127,0.0003059,1783187999999,0.00063226,2.5714,13407.0,12.851147700483091,15175868945.0,4.264099654670517,15.79605153827871,4632585.7541507,7.691497275663014,1.1598,-0.8768780156327483,0.09816753926701338,691475.3493816,16.70813021510051,28.344968028977064,AKEUSDT_1h_limit500_20260717_211343_enriched_candles.csv,-5.296971627745886,1h,1783184400000
2.2227,54.25449381488716,0.4702552196958992,0.0003074,1783186199999,0.00063226,2.4783,2969.0,0.5625360242446849,15157338603.0,-0.12210399330119248,0.19666910144570804,4680586.1606064,-0.21822628474287692,1.1696,-0.7314138402957014,-0.1948051948052032,161081.5921364,0.7604636723852306,38.408770996349595,AKEUSDT_15m_limit500_20260707_181139_enriched_candles.csv,3.8023491712284585,15m,1783185300000
2.2541,47.38656441363223,0.1577607243886659,0.0003072,1783187099999,0.00063226,2.5298,3301.0,0.7304451776905829,15217685764.0,0.39813823904453205,0.21695260651645837,4675481.77413136,-0.218941113332645,1.1682,-0.951437138726006,-0.06506180871828082,156423.0491294,0.7129455049761207,38.28047941609757,AKEUSDT_15m_limit500_20260707_181139_enriched_candles.csv,16.642443199572636,15m,1783186200000
2.2436,49.01752350531758,0.22652828591808752,0.0003059,1783187999999,0.00063226,2.5249,2031.0,0.08862276670399402,15207197227.0,-0.0689233380335108,0.21149110101673896,4665263.96529906,-0.21611799659055791,1.1662,-0.34244839190903775,-0.42317708333332593,99554.5902393,0.1766780341011962,37.40588693251371,AKEUSDT_15m_limit500_20260707_181139_enriched_candles.csv,1.766653953848233,15m,1783187100000
2.3091,50.31679846810282,0.2805230349773591,0.0003069,1783188899999,0.00063226,2.5971,2762.0,0.45776181231231233,15236208790.0,0.1907752136500962,0.2198111666115251,4656033.0441361,-0.21286989195495531,1.1674,-0.5055280638541322,0.3269042170643832,138974.9973689,0.5388912941915357,38.56856732191253,AKEUSDT_15m_limit500_20260707_181139_enriched_candles.csv,-4.400119656680374,15m,1783188000000
2.3091,43.03499485263095,0.9986028361873613,0.0003049,1783191599999,0.00063226,2.5971,8343.0,7.23003802597145,15236208790.0,0.3976038882431254,15.912151427731237,4656033.0441361,7.679659513277505,1.1674,-0.516681611351644,-0.3269042170644054,359040.9620555,8.08359083491315,28.1460636799537,AKEUSDT_1h_limit500_20260717_211343_enriched_candles.csv,6.3242262382836545,1h,1783188000000
2.2906,37.28715267516249,-0.3022002479132731,0.0003081,1783189799999,0.00063226,2.5945,2154.0,0.14661717769838284,15213108825.0,-0.15161228963441742,0.21178004751750296,4668903.0983925,-0.2027666634822282,1.1786,-0.39479448399913797,0.3910068426197455,80316.5268623,-0.017104890209002948,40.00863055589886,AKEUSDT_15m_limit500_20260707_181139_enriched_candles.csv,18.370368364653018,15m,1783188900000
2.2884,32.827036346189225,-0.5015359351852081,0.0003068,1783190699999,0.00063226,2.614,1522.0,-0.17911336305007589,15256597893.0,0.285865752360448,0.22726959134460645,4701015.50877009,-0.18274178483271664,1.1788,-0.3418032438810786,-0.42194092827004814,49962.7493189,-0.2889022136827736,38.943571984652664,AKEUSDT_15m_limit500_20260707_181139_enriched_candles.csv,19.99503646033534,15m,1783189800000
2.3367,47.132119950341206,0.1474786687716019,0.0003049,1783191599999,0.00063226,2.647,1905.0,0.020454579226686885,15286186439.0,0.19393934484945863,0.23753580840906982,4688120.51897691,-0.18661244442015146,1.1792,-0.001812354448075942,-0.6192959582790092,89786.6885054,0.0858859000408299,37.37745408189077,AKEUSDT_15m_limit500_20260707_181139_enriched_candles.csv,4.540892629261842,15m,1783190700000
2.3058,44.351894321254356,0.01813899927574518,0.0003071,1783192499999,0.00063226,2.6062,1722.0,-0.07723165076335878,15312187601.0,0.17009580580322758,0.24674988665356337,4668685.9995449,-0.1938964763647707,1.1785,0.1761854979674874,0.721548048540499,76373.9620212,-0.04284818532170859,40.367812040147875,AKEUSDT_15m_limit500_20260707_181139_enriched_candles.csv,-14.89956599219154,15m,1783191600000
2.3058,45.631730663455734,1.1969954847026583,0.0003083,1783195199999,0.00063226,2.6062,6291.0,4.950122430859375,15312187601.0,0.4986726819460996,15.96521281754438,4668685.9995449,7.432415282442772,1.1785,0.7192525777037895,1.1151197113807854,287069.2176038,6.1473293166987,29.946031135896547,AKEUSDT_1h_limit500_20260717_211343_enriched_candles.csv,2.3764169403266906,1h,1783191600000
2.2938,48.853861825431714,0.21199933819132613,0.0003072,1783193399999,0.00063226,2.6062,1274.0,-0.3047579833715596,15391815973.0,0.5200326307052361,0.27607358300723417,4722824.81315532,-0.16572558104553514,1.1836,-1.0229190750719412,0.03256268316509381,62239.8199656,-0.17302257881391198,40.506878122389445,AKEUSDT_15m_limit500_20260707_181139_enriched_candles.csv,-12.488835971402485,15m,1783192500000
2.3278,30.99426980318218,-0.5946146357119616,0.000308,1783194299999,0.00063226,2.6456,1257.0,-0.31278421277006174,15410548308.0,0.12170321574049847,0.2833415449504537,4733349.9128022,-0.15994999143671498,1.1824,-0.6224733005555961,0.26041666666667407,38959.7971426,-0.38968734076197864,41.678649057083994,AKEUSDT_15m_limit500_20260707_181139_enriched_candles.csv,29.18678221906457,15m,1783193400000
2.2776,53.72700612090284,0.4340768515897547,0.0003083,1783195199999,0.00063226,2.5984,2038.0,0.09661966673189824,15424543997.0,0.09081889054352033,0.2867765981205052,4746440.67875684,-0.150904410507154,1.1818,-0.9057913525082462,0.09740259740260715,109495.6384744,0.275839286606537,42.13888308566305,AKEUSDT_15m_limit500_20260707_181139_enriched_candles.csv,13.336849277895432,15m,1783194300000
2.3467,57.6428802085796,0.5967568735339314,0.0003072,1783196099999,0.00085207,2.6711,2098.0,0.1279664347826087,15403199720.0,-0.13837865809291916,0.2772117825518114,4748498.4096816,-0.1475159768344638,1.1759,-0.4524836074120546,-0.3567953292247905,120934.7626776,0.3836275851272418,40.865485768839164,AKEUSDT_15m_limit500_20260707_181139_enriched_candles.csv,-40.76833734485187,15m,1783195200000
2.3467,51.60019618509351,1.621882722729345,0.0003105,1783198799999,0.00085207,2.6711,9090.0,7.893267636416861,15403199720.0,0.5943769849976022,16.21148342935068,4748498.4096816,7.886693426914209,1.1759,0.08366221100397418,0.7135906584495588,469045.7833225,10.660348749711073,31.147907185621264,AKEUSDT_1h_limit500_20260717_211343_enriched_candles.csv,-7.0384659419059155,1h,1783195200000
2.3467,43.639195920326955,0.7951343303814202,0.0003134,1783209599999,0.00085207,2.6711,25936.0,4.839996995566692,15403199720.0,5.8259501599084995,18.41902648100015,4748498.4096816,4.663859453798659,1.1759,-0.05075741895685247,1.6542328900421621,1131826.1853896,4.508765216595054,35.73697417652551,AKEUSDT_4h_limit500_20260717_211446_enriched_candles.csv,-0.7392559571432682,4h,1783195200000
2.3245,47.630357812867274,0.14748734700453253,0.0003143,1783196999999,0.00085207,2.6483,2961.0,0.5871650246227165,15545042231.0,0.9208639346266922,0.3292846152741081,4773260.66745086,-0.12317720570446776,1.1766,2.949704480681306,2.311197916666674,141033.4894839,0.5713839493324283,51.13068746067165,AKEUSDT_15m_limit500_20260707_181139_enriched_candles.csv,20.744308351981783,15m,1783196100000
2.1969,64.10150838457118,0.8842810150066875,0.0003102,1783197899999,0.00085207,2.5323,2262.0,0.21044080199999998,15632499063.0,0.5626027301848913,0.36133530523602814,4909542.65572578,-0.037281404395870736,1.1757,1.1896893072192425,-1.3044861597200086,144997.6119659,0.6040188562868023,46.14876744294523,AKEUSDT_15m_limit500_20260707_181139_enriched_candles.csv,-10.205071675649336,15m,1783197000000
2.3591,35.09322735732052,-0.41823401082667294,0.0003105,1783198799999,0.00085207,2.6928,1769.0,-0.062467713373253485,15655044158.0,0.14421939134070527,0.3691553272581922,4855255.39516212,-0.0668011594571716,1.1746,-0.9032021206594334,0.09671179883945502,62079.9191951,-0.1873063240325421,46.55907654801603,AKEUSDT_15m_limit500_20260707_181139_enriched_candles.csv,2.9480589202256096,15m,1783197900000
2.3289,41.780398007385074,-0.11513771171548623,0.0003083,1783199699999,0.00085207,2.647,1327.0,-0.29668838882163034,15688206246.0,0.2118300508469284,0.3809445187219183,4871188.039383,-0.05819482486530203,1.1777,0.15679022044941024,-0.7085346215780941,55442.5881558,-0.24110261516448422,43.91648989608327,AKEUSDT_15m_limit500_20260707_181139_enriched_candles.csv,-28.289021007687644,15m,1783198800000
2.3289,34.802509624208724,0.2917633961032421,0.0003093,1783202399999,0.00085207,2.647,3507.0,2.011894542901716,15688206246.0,1.8503072814795685,17.01662345713451,4871188.039383,8.68968913319208,1.1777,-0.42775999191375785,-0.38647342995169476,122052.4012521,1.875789464807002,30.83713353748729,AKEUSDT_1h_limit500_20260717_211343_enriched_candles.csv,-11.68093116632124,1h,1783198800000
2.367,23.149031304135736,-0.9525121752919161,0.0003072,1783200599999,0.00085207,2.6832,943.0,-0.5001041813429835,15674011709.0,-0.09047903104677513,0.373239528309064,4832297.8098847,-0.07442198072016999,1.176,-0.45368984220737607,-0.3567953292247905,21829.5365198,-0.5568402959143918,42.614123660092126,AKEUSDT_15m_limit500_20260707_181139_enriched_candles.csv,-4.687419114335712,15m,1783199700000
2.3344,40.68344531271187,-0.16326561834249148,0.0003077,1783201499999,0.00085207,2.6576,708.0,-0.6275592334142395,15685612026.0,0.0740098783602372,0.3751413451128145,4825364.82755838,-0.07325195877686093,1.1766,-0.7887102201875369,0.16276041666667407,28803.8792814,-0.49016046436529864,43.435256333647274,AKEUSDT_15m_limit500_20260707_181139_enriched_candles.csv,14.349589408496872,15m,1783200600000
2.3201,30.201129102268432,-0.6349602264833599,0.0003093,1783202399999,0.00085207,2.6443,529.0,-0.731593790184049,15681898220.0,-0.023676513188286563,0.37477269104111954,4825320.082294,-0.06121011685285676,1.177,-0.16775573688049297,0.519987000324984,15976.3972951,-0.6132677410921589,46.09343772786699,AKEUSDT_15m_limit500_20260707_181139_enriched_candles.csv,-10.532337664237263,15m,1783201500000
2.3445,33.40823304359255,-0.4880046476889184,0.0003057,1783203299999,0.00085207,2.6751,913.0,-0.5149153457317073,15676532392.0,-0.034216699564826314,0.37377252970472136,4848751.4688456,-0.035096753784144945,1.1764,0.9815173924144154,-1.1639185257031892,30501.7167688,-0.47455212807954367,41.381376501738096,AKEUSDT_15m_limit500_20260707_181139_enriched_candles.csv,-0.7840013197047677,15m,1783202400000
2.3445,36.87150182375372,0.4528735959595256,0.0003066,1783205999999,0.00085207,2.6751,6058.0,4.597573973029839,15676532392.0,-0.07441165558985663,16.79311105689505,4848751.4688456,8.410474038186123,1.1764,0.33120555085056563,-0.8729388942773864,223367.5580483,4.380623206960512,30.109216360110864,AKEUSDT_1h_limit500_20260717_211343_enriched_candles.csv,1.6996421646329973,1h,1783202400000
2.3967,38.54983245264639,-0.25049823291571705,0.0003061,1783204199999,0.00085207,2.7133,1776.0,-0.041515577554370124,15684486862.0,0.050741259617215206,0.3775793171859585,4801021.4284582,-0.05239428460532459,1.1752,-0.8438141640746928,0.13084723585214952,68464.5024359,-0.10968640575349572,42.08976149540012,AKEUSDT_15m_limit500_20260707_181139_enriched_candles.csv,20.611460098044166,15m,1783203300000
2.2616,31.280566661816067,-0.5975333179267237,0.000309,1783205099999,0.00085207,2.6049,859.0,-0.553785701946976,15739242603.0,0.3491076340703225,0.3995006577737192,4816680.41379609,-0.0324770593755111,1.173,0.5962913955064055,0.947402809539355,26870.0067625,-0.5091148672273601,47.0826777967897,AKEUSDT_15m_limit500_20260707_181139_enriched_candles.csv,9.257294761724758,15m,1783204200000
2.2404,38.85710441478088,-0.23234122620913886,0.0003066,1783205999999,0.00085207,2.5894,2510.0,0.3962236458069954,15750544341.0,0.07180611091059941,0.4046868114512594,4864713.12516126,0.0004267018466715003,1.1757,0.27823397241659736,-0.7766990291261933,97531.3320811,0.1784276989229251,43.72293402885014,AKEUSDT_15m_limit500_20260707_181139_enriched_candles.csv,-12.881384884862646,15m,1783205100000
2.3875,50.546569414857785,0.33454414075517486,0.000308,1783206899999,0.00085207,2.7106,2672.0,0.46087329551122197,15665442146.0,-0.5403127228972737,0.3724657017264734,4803024.5619636,-0.03696709159218859,1.1837,-0.279504176826254,0.45662100456620447,135060.4334765,0.5383593167730492,46.13746759733713,AKEUSDT_15m_limit500_20260707_181139_enriched_candles.csv,4.3042683944232225,15m,1783206000000
2.3875,43.58748012178272,0.9795834428763471,0.0003134,1783209599999,0.00085207,2.7106,7281.0,5.741264853978979,15665442146.0,-0.07074425467751277,16.57598840949142,4803024.5619636,7.968706603731897,1.1837,2.4295123183646345,2.217873450750152,317360.4427667,6.679861154711299,34.31460934215872,AKEUSDT_1h_limit500_20260717_211343_enriched_candles.csv,11.062167257974254,1h,1783206000000
2.2927,33.51550004079916,-0.49054385738893497,0.0003097,1783207799999,0.00085207,2.614,951.0,-0.5069234029227558,15805222124.0,0.8922823671190905,0.4264308123330505,4868008.414192,0.004360828109797134,1.1784,-0.1124413471999103,0.551948051948048,31873.2405388,-0.46512121767971376,48.998921347857966,AKEUSDT_15m_limit500_20260707_181139_enriched_candles.csv,23.781691254055904,15m,1783206900000
2.2552,45.88089694577176,0.11250039159870542,0.0003112,1783208699999,0.00085207,2.5932,2436.0,0.3321436920168067,15823499648.0,0.11564231022256344,0.43324455452448435,4899430.19601024,0.02084310089566104,1.1787,-0.22135267209547432,0.48433968356473844,111765.8649599,0.3134273709816061,51.4497795741267,AKEUSDT_15m_limit500_20260707_181139_enriched_candles.csv,19.009513506223758,15m,1783207800000
2.2595,31.637400811374796,-0.5869835669603042,0.0003134,1783209599999,0.00085207,2.6049,1222.0,-0.3572665707368421,15840392507.0,0.10675804579132198,0.43886044861812873,4927312.49322742,0.03657260007840895,1.1784,0.18935837872863145,0.7069408740359995,38660.9037915,-0.4002248353852784,54.874879951428746,AKEUSDT_15m_limit500_20260707_181139_enriched_candles.csv,1.2090679204524195,15m,1783208700000
2.2648,55.40546344287564,0.5788306711289727,0.000311,1783210499999,0.00085207,2.5945,2316.0,0.26524238270042194,15856960392.0,0.10459264183433348,0.44440290246522224,4969571.3868528,0.060905425867123546,1.1807,0.2796984377850197,-0.7657945118059839,128319.0533337,0.4749181387572926,50.674890846953794,AKEUSDT_15m_limit500_20260707_181139_enriched_candles.csv,-19.990763325997133,15m,1783209600000
2.2648,47.716469288829394,1.2336325767996874,0.000303,1783213199999,0.00085207,2.5945,9525.0,7.817252076852532,15856960392.0,1.222552445153302,17.117313862933862,4969571.3868528,9.154815507412152,1.1807,4.151521101766334,-3.318442884492656,454499.3699761,9.708476816693576,31.22050011284057,AKEUSDT_1h_limit500_20260717_211343_enriched_candles.csv,-21.34947331605817,1h,1783209600000
2.2648,43.7344495529468,0.7778710837666273,0.000301,1783223999999,0.00085207,2.5945,27199.0,5.120425833397313,15856960392.0,2.945885791578884,18.444027280856552,4969571.3868528,5.670870772543059,1.1807,1.4326985881331253,-3.956604977664324,1189533.2933906,4.781617457977518,34.00534591914189,AKEUSDT_4h_limit500_20260717_211446_enriched_candles.csv,-21.89617451107974,4h,1783209600000
2.2648,40.467767960915516,,0.0003011,1783295999999,0.00085207,2.5945,106825.0,,15856960392.0,-4.5162814668953555,,4969571.3868528,,1.1807,,-3.9246968730057397,4322969.3124248,,42.968845488470215,AKEUSDT_1d_limit500_20260717_212121_enriched_candles.csv,-16.59878694589004,1d,1783209600000
2.3267,38.79765312644737,-0.24067107304732083,0.0003081,1783211399999,0.00064524,2.6576,1520.0,-0.18960178959660298,15803502634.0,-0.3371248756285583,0.42465788072140487,4914889.319174,0.027152283409648665,1.1892,0.5663401394513906,-0.932475884244377,58972.4327522,-0.2034282685094243,46.08496872099226,AKEUSDT_15m_limit500_20260707_181139_enriched_candles.csv,-8.890678880810468,15m,1783210500000
2.3069,47.707996880339074,0.20278693754244467,0.0003034,1783212299999,0.00064524,2.6271,3952.0,1.211775602136752,15836076104.0,0.20611550967137848,0.43896349975456744,4883529.14895152,0.007396406807942356,1.1895,1.6324214748779973,-1.5254787406686177,188542.0036711,1.065100363739855,39.794036167304746,AKEUSDT_15m_limit500_20260707_181139_enriched_candles.csv,-26.984199846126085,15m,1783211400000
2.3761,45.2883593662061,0.07893338496797882,0.000303,1783213199999,0.00064524,2.6563,1737.0,-0.06530091847133758,15946893534.0,0.6997783369581567,0.4819101420912357,4835257.58844414,-0.02520816192984149,1.187,-0.8697354721998193,-0.13183915622940745,78665.8802191,-0.011985178333090504,39.30231301295463,AKEUSDT_15m_limit500_20260707_181139_enriched_candles.csv,-19.400612729932288,15m,1783212300000
2.3591,31.726271039787797,-0.60184453492937,0.000302,1783214099999,0.00064524,2.6523,1508.0,-0.1971585423076923,16068243443.0,0.7609626836805106,0.5297841809250569,4867713.66862242,-0.0020872736573877256,1.1861,-0.512995321652163,-0.3300330033003229,47843.216728,-0.3105133386985704,38.03689949472466,AKEUSDT_15m_limit500_20260707_181139_enriched_candles.csv,-3.9853215239269497,15m,1783213200000
2.3591,56.701405869562656,1.8538265092344042,0.0003047,1783216799999,0.00064524,2.6523,6791.0,4.983676058106169,16068243443.0,1.3324309689680236,17.706826864488757,4867713.66862242,8.389451218625167,1.1861,-0.16118960026011397,0.5610561056105468,385059.2472602,8.017458449875631,32.29517345840786,AKEUSDT_1h_limit500_20260717_211343_enriched_candles.csv,-33.97837292186578,1h,1783213200000
2.3818,96.52664622077636,2.625447055808465,0.0003032,1783214999999,0.00064524,2.6751,2267.0,0.26375395908699395,16081106373.0,0.08005187403108405,0.5338670591129705,4856494.124646,-0.007900565590014622,1.1877,-0.39293595626652295,0.3973509933774766,218825.9069825,1.3835235017064376,40.51209202200124,AKEUSDT_15m_limit500_20260707_181139_enriched_candles.csv,-58.107968807125246,15m,1783214100000
2.3411,39.59301724070022,-0.2101891396611471,0.0003048,1783215899999,0.00064524,2.5829,914.0,-0.551373280349345,15918978226.0,-1.008190252831187,0.4656226836450525,4825997.43899416,-0.02541949358044764,1.2101,-0.14784068086280802,0.5277044854881119,36188.017758,-0.4244663567459978,43.73914146540504,AKEUSDT_15m_limit500_20260707_181139_enriched_candles.csv,-1.118584235552701,15m,1783215000000
2.3333,39.10661550509039,-0.22769024894288442,0.0003047,1783216799999,0.00064524,2.6101,2102.0,0.16884152252057166,15907637696.0,-0.07123905717439927,0.4616360164448799,4842443.99103936,-0.015383877459735042,1.2085,-1.0294634874156734,-0.032808398950134876,82202.1057917,0.029691925544075824,43.58001989797736,AKEUSDT_15m_limit500_20260707_181139_enriched_candles.csv,-1.6667185638428381,15m,1783215900000
2.3864,38.164559301827126,-0.269828498422631,0.0003025,1783217699999,0.00064524,2.5958,1423.0,-0.2519747360017498,15898292573.0,-0.05874613929854888,0.45840330168067106,4844209.7469931,-0.01423041503947977,1.1762,0.2501522756889746,-0.7220216606498187,54308.1678865,-0.2511142647551523,40.121844267684665,AKEUSDT_15m_limit500_20260707_181139_enriched_candles.csv,-12.870113562121224,15m,1783216800000
2.3864,37.19517020765391,0.4182201894578053,0.0003023,1783220399999,0.00064524,2.5958,6010.0,4.16939905035461,15898292573.0,-1.0576816974604553,17.19924623230291,4844209.7469931,8.20862156433738,1.1762,0.1957360122762909,-0.7876599934361628,223542.972948,3.9076707776902646,31.545787011584494,AKEUSDT_1h_limit500_20260717_211343_enriched_candles.csv,-8.005444547238282,1h,1783216800000
2.4165,34.33377588351489,-0.4615112714911294,0.0003067,1783218599999,0.00064524,2.6417,1377.0,-0.25560845806171234,15911750730.0,0.08465158719532795,0.4640674312503022,4813304.595825,-0.032131893477883415,1.1738,1.4227592695940687,1.3884297520661226,47277.6093916,-0.31976854026012824,48.52042443991659,AKEUSDT_15m_limit500_20260707_181139_enriched_candles.csv,9.042315532476042,15m,1783217700000
2.358,32.06482363362979,-0.5754517095830081,0.0003018,1783219499999,0.00064524,2.5868,1799.0,0.01369220145631068,15912348053.0,0.0037539740920689013,0.464287973278271,4878566.78956927,0.008439336731945987,1.1785,1.7924708669136489,-1.5976524290837846,57684.6177169,-0.21344817696923604,41.25095184018491,AKEUSDT_15m_limit500_20260707_181139_enriched_candles.csv,-22.50820818302158,15m,1783218600000
2.3647,45.55108288660524,0.10841127150315918,0.0003023,1783220399999,0.00064524,2.6245,1411.0,-0.22315060709578205,15941471264.0,0.18302271231749323,0.47610827707651576,4811773.68632576,-0.033167382565648044,1.1771,-0.8082474449127656,0.16567263088136386,64272.577953,-0.1465384911817535,42.20253276525398,AKEUSDT_15m_limit500_20260707_181139_enriched_candles.csv,-3.418724905988362,15m,1783219500000
2.319,39.449441695374446,-0.2070293126104197,0.0003013,1783221299999,0.00064524,2.5625,1362.0,-0.2473328224092117,15969234665.0,0.17415833545237902,0.4874985622331679,4827499.6392295,-0.022736641108296884,1.1773,-0.49740509438772135,-0.3307972213033361,53730.1395891,-0.25327647542629694,40.779859098077296,AKEUSDT_15m_limit500_20260707_181139_enriched_candles.csv,-20.26448255144461,15m,1783220400000
2.319,25.945352597229633,-0.4058986067356155,0.000301,1783223999999,0.00064524,2.5625,4873.0,3.053754721438646,15969234665.0,0.44622459722800656,17.20859745152923,4827499.6392295,8.077434859765784,1.1773,-0.36734732168033013,-0.4300363876943325,126431.7032063,1.6578291425095122,31.124491079482496,AKEUSDT_1h_limit500_20260717_211343_enriched_candles.csv,-11.624132205764408,1h,1783220400000
2.3591,25.040847298396148,-0.9412621369944133,0.0003018,1783222199999,0.00064524,2.5791,1247.0,-0.3167509951966041,15934758249.0,-0.21589272575198715,0.4701639591746802,4798593.09910386,-0.03817308790908149,1.1827,-0.7870788215556704,0.16594756057086713,31225.9365811,-0.47879393465609305,41.83565102415195,AKEUSDT_15m_limit500_20260707_181139_enriched_candles.csv,-8.68215199841572,15m,1783221300000
2.3367,14.579586134372732,-1.480696639799814,0.0003013,1783223099999,0.00064524,2.5638,1379.0,-0.23592018161434977,15934773256.0,9.417777016018647e-05,0.4643622946671612,4808317.829998,-0.029925316070246094,1.1835,-0.7883094173692328,-0.16567263088138606,20105.2492793,-0.5876494286375055,41.04755190122907,AKEUSDT_15m_limit500_20260707_181139_enriched_candles.csv,2.701169707252245,15m,1783222200000
2.3422,24.14731949920904,-0.977488425958256,0.000301,1783223999999,0.00064524,2.5727,885.0,-0.5300652811226799,15929419349.0,-0.03359889038887509,0.4293560466760498,4799534.0498537,-0.03525858166329124,1.1833,-0.8722445263751432,-0.09956853634252028,21370.3777568,-0.5734460050218745,40.553920148281996,AKEUSDT_15m_limit500_20260707_181139_enriched_candles.csv,-7.676266716801552,15m,1783223100000
2.3512,23.137946357934702,-1.0193595072123627,0.0003017,1783224899999,0.00064524,2.574,1317.0,-0.25894487659963433,15945069264.0,0.09824535758098385,0.4172422364307628,4798668.5950008,-0.03570603297246795,1.1849,-0.6267285958769113,0.23255813953488857,30472.6753534,-0.47842563173798286,42.29761724023145,AKEUSDT_15m_limit500_20260707_181139_enriched_candles.csv,13.529013700269047,15m,1783224000000
2.3512,23.280797135587083,-0.6066862818945611,0.0003043,1783227599999,0.00064524,2.574,6626.0,4.595077553030303,15945069264.0,-0.15132472849788137,16.98796039968329,4798668.5950008,7.8191201201602025,1.1849,0.6787448166595883,1.09634551495017,154258.5618204,2.209654538928376,33.55050266186697,AKEUSDT_1h_limit500_20260717_211343_enriched_candles.csv,12.547719917767482,1h,1783224000000
2.3512,42.77397238482543,0.6768907541244557,0.0003023,1783238399999,0.00064524,2.574,34571.0,7.103942472059969,15945069264.0,0.5556479288707283,17.160319444204593,4798668.5950008,4.9848222744093995,1.1849,-0.7812311722442878,0.4318936877076407,1478738.9993158,6.2334351143311055,34.364418771669776,AKEUSDT_4h_limit500_20260717_211446_enriched_candles.csv,-14.337063351077791,4h,1783224000000
2.3501,28.629867248706514,-0.7338419812709222,0.000303,1783225799999,0.00044179,2.5689,1121.0,-0.37723071036305145,15942855797.0,-0.013881827437389749,0.408739398545339,4808205.87981723,-0.029502633435219763,1.1835,-0.26001733614828615,0.4308916141862795,32094.0811858,-0.4572581492980938,45.49513584407703,AKEUSDT_15m_limit500_20260707_181139_enriched_candles.csv,16.309374586850392,15m,1783224900000
2.3014,23.07647460355685,-1.0055666427479257,0.0003046,1783226699999,0.00044179,2.5448,1715.0,-0.004375744439295644,15929785999.0,-0.08197902663372725,0.3941891012005647,4820831.13687737,-0.021354853858697908,1.1858,-0.07102320699128732,0.5280528052805211,39576.1539451,-0.37964713914068904,49.22450050219025,AKEUSDT_15m_limit500_20260707_181139_enriched_candles.csv,9.079057301738832,15m,1783225800000
2.3102,21.073858203032756,-1.1000137488738182,0.0003043,1783227599999,0.00044179,2.5398,2473.0,0.4731776070432357,15899166395.0,-0.19221604108129453,0.3776440016887893,4840819.19228565,-0.007312580544112843,1.188,-0.8671172469397939,-0.0984898227183062,52115.6513361,-0.2426757893218571,48.55367791421934,AKEUSDT_15m_limit500_20260707_181139_enriched_candles.csv,12.29149801158249,15m,1783226700000
2.3179,29.36943228244207,-0.674872192576482,0.0003038,1783228499999,0.00044179,2.5524,1122.0,-0.3764593953488372,15865280595.0,-0.21312941293989418,0.3592965364479382,4827804.8850585,-0.013788918472529253,1.1894,-0.743325569452705,-0.16431153466973658,32952.5030209,-0.4388731660362094,47.394401927135526,AKEUSDT_15m_limit500_20260707_181139_enriched_candles.csv,-24.321703834202722,15m,1783227600000
2.3179,60.69206863071564,2.2201609773111524,0.0003,1783231199999,0.00044179,2.5524,11626.0,9.013470696837146,15865280595.0,-0.5003971301657639,16.61882143740837,4827804.8850585,7.914417890077568,1.1894,1.1750479614541984,-1.413079198159728,705605.9899007,13.667346325870518,31.97029594090482,AKEUSDT_1h_limit500_20260717_211343_enriched_candles.csv,-32.82702812929597,1h,1783227600000
2.3546,39.37235857823129,-0.16710876055959334,0.0003039,1783229399999,0.00044179,2.5753,1029.0,-0.4332190802282255,15862277291.0,-0.018930040234821366,0.35838532313024873,4817214.99050379,-0.02009577688128642,1.1922,-0.9906145657782344,0.03291639236340238,40514.156977,-0.349452483149197,47.66354529717448,AKEUSDT_15m_limit500_20260707_181139_enriched_candles.csv,-2.824315649587847,15m,1783228500000
2.3434,48.84879779719358,0.3137897577961515,0.0003001,1783230299999,0.00044179,2.5613,1746.0,0.01957788600187266,15865323451.0,0.01920379995958843,0.36061730768213546,4820519.87735184,-0.017711764128654533,1.192,1.3050050501650647,-1.2504113195130118,85290.0009539,0.1603120471655414,39.41179278091463,AKEUSDT_15m_limit500_20260707_181139_enriched_candles.csv,-43.078126473886456,15m,1783229400000
2.3602,70.75292132861948,1.418655350713234,0.0003,1783231199999,0.00044179,2.5778,7729.0,3.8012382957102675,15781931259.0,-0.5256255396087983,0.31872575574026996,4736157.5708259,-0.0696437792497201,1.1969,-0.9884356601284201,-0.03332222592469236,546849.3289489,5.138639964084467,39.21936776700457,AKEUSDT_15m_limit500_20260707_181139_enriched_candles.csv,-33.963520591072246,15m,1783230300000
2.3467,26.81748429732523,-0.8036932599830388,0.0003012,1783232099999,0.00044179,2.5149,1645.0,-0.04844749137126866,15488964760.0,-1.8563412436163662,0.1655070941760899,4645140.531524,-0.12597889323935227,1.1924,-0.2977199355440213,0.40000000000000036,44114.7616691,-0.32188686998886673,42.82676549904142,AKEUSDT_15m_limit500_20260707_181139_enriched_candles.csv,-8.859212346685974,15m,1783231200000
2.3467,33.28580750466872,0.13576386068537183,0.0003016,1783234799999,0.00044179,2.5149,6490.0,4.251908687705998,15488964760.0,-2.371945663025954,15.54553224501525,4645140.531524,6.564719330473168,1.1924,-0.2087813335144054,0.5333333333333412,216024.8907053,3.4268050055599018,33.23046677515468,AKEUSDT_1h_limit500_20260717_211343_enriched_candles.csv,-1.6975911030098902,1h,1783231200000
2.367,29.999476097228463,-0.6394590847259206,0.0003003,1783232999999,0.00044179,2.5286,1335.0,-0.24253803949835914,15499181065.0,0.06595860445355317,0.1658519686087913,4667733.3695354,-0.1118038730911849,1.1949,-0.4883952884744068,-0.29880478087650486,40049.3005898,-0.3550551270951679,40.86767416499422,AKEUSDT_15m_limit500_20260707_181139_enriched_candles.csv,-27.844544431919836,15m,1783232100000
2.3738,35.23050113033481,-0.37424611790567164,0.0003023,1783233899999,0.00044179,2.5323,2479.0,0.48385931361502343,15500921572.0,0.011229670733570174,0.1615931865390376,4654926.7480716,-0.11996569374446991,1.1969,0.20620928044521317,0.6660006660006657,87336.4123021,0.18373755616423657,46.70238518778021,AKEUSDT_15m_limit500_20260707_181139_enriched_candles.csv,12.265383314861014,15m,1783233000000
2.4002,43.18566066372453,0.03363908125998615,0.0003016,1783234799999,0.00044179,2.5386,1031.0,-0.4374638708726415,15475724554.0,-0.16255174173330778,0.1473178280966909,4678311.5326742,-0.10481116455949246,1.1957,-0.6159960721786935,-0.23155805491232861,44524.4161443,-0.309316738011611,45.02772341206625,AKEUSDT_15m_limit500_20260707_181139_enriched_candles.csv,1.5281517459878258,15m,1783233900000
2.3864,45.32396509058551,0.13654010674139921,0.0003018,1783235699999,0.00044179,2.5298,5619.0,2.495931738388626,15483503267.0,0.05026396646474751,0.15100789555487337,4669824.5853272,-0.10987848425192359,1.1958,-0.9295302399217731,0.06631299734747298,254675.359844,2.063964673552886,45.62762906761288,AKEUSDT_15m_limit500_20260707_181139_enriched_candles.csv,0.5079215339844342,15m,1783234800000
2.3864,40.98581309282735,0.7127768298921708,0.0003023,1783238399999,0.00044179,2.5298,9829.0,7.066456566860466,15483503267.0,-0.03526054248702559,15.488568496395231,4669824.5853272,6.683974036705669,1.1958,-0.6779168132511023,0.23209549071616653,402849.5568894,7.270475985847296,33.80816100557469,AKEUSDT_1h_limit500_20260717_211343_enriched_candles.csv,0.9762991243105164,1h,1783234800000
2.3322,29.874263842052468,-0.6491650775487798,0.0003015,1783236599999,0.00044179,2.4977,1296.0,-0.26884143337264155,15640154411.0,1.0117293308799846,0.23564677223269656,4720198.6012398,-0.07752789560680938,1.2071,-0.8664814762745806,-0.09940357852883386,38717.0459393,-0.37283762889507044,44.83721653136036,AKEUSDT_15m_limit500_20260707_181139_enriched_candles.csv,-25.83834975577392,15m,1783235700000
2.3311,29.533821977586207,-0.6666296749285056,0.0003022,1783237499999,0.00044179,2.5088,870.0,-0.5402311267772513,15655704403.0,0.09942351968765806,0.24321161053876844,4718003.07888808,-0.07864639331969436,1.2056,-0.6137109750329652,0.2321724709784201,25694.4251205,-0.5078571974317356,47.13828039813833,AKEUSDT_15m_limit500_20260707_181139_enriched_candles.csv,10.707549408081338,15m,1783236600000
2.33,40.97980723365949,-0.07933845699403023,0.0003023,1783238399999,0.00044179,2.5026,2044.0,0.21439252593557556,15658243975.0,0.016221384452763665,0.24506194315293336,4731138.41704625,-0.06975577855601205,1.207,-0.9945039405327188,0.03309066843151243,83762.7259856,0.1493481460353777,47.47535981194821,AKEUSDT_15m_limit500_20260707_181139_enriched_candles.csv,11.80963019696922,15m,1783237500000
2.3167,23.29879624481328,-0.9883368618873617,0.0003018,1783239299999,0.00044179,2.4698,1446.0,-0.17263343744053283,15658303300.0,0.0003788739024290777,0.24555625807761425,4735070.91792,-0.06674211862323293,1.211,-0.7406838862818074,-0.16539861065165695,33690.05937,-0.42372241022596224,45.89937368400192,AKEUSDT_15m_limit500_20260707_181139_enriched_candles.csv,1.074101080754494,15m,1783238400000
2.3167,31.72930109150645,0.01354489576619381,0.0003009,1783241999999,0.00044179,2.4698,4109.0,2.047558169642857,15658303300.0,1.128943689200823,15.8076432749756,4735070.91792,7.079122520881091,1.211,-0.3117834455275815,-0.46311610982466833,130375.698185,1.58826202782455,33.18966452642577,AKEUSDT_1h_limit500_20260717_211343_enriched_candles.csv,-6.374158919715094,1h,1783238400000
2.3167,37.47124591389212,0.2550189149895205,0.0003016,1783252799999,0.00044179,2.4698,14627.0,1.8292803283017058,15658303300.0,-1.798461701558396,16.22154714143288,4735070.91792,4.294210621323609,1.211,-0.8902109912812652,-0.23155805491232861,548091.9139825,1.4509989310510014,34.25633658979632,AKEUSDT_4h_limit500_20260717_211446_enriched_candles.csv,-8.571552673407982,4h,1783238400000
2.3091,45.07183582123105,0.13992004453629556,0.0003009,1783240199999,0.00073519,2.4843,1121.0,-0.37703399441008567,15679412482.0,0.13481142621627473,0.2538068242664086,4732046.6870676,-0.06871854641710906,1.2106,-0.485401131634812,-0.29821073558649047,50525.5279556,-0.2304847993991646,43.12436691688264,AKEUSDT_15m_limit500_20260707_181139_enriched_candles.csv,-13.19980379910273,15m,1783239300000
2.3445,27.552253974131272,-0.7684364403159084,0.0003021,1783241099999,0.00073519,2.5075,777.0,-0.5987552963051823,15626235812.0,-0.3391496337062816,0.2207405277983376,4701934.3558308,-0.08816328761828666,1.2117,-0.2913663988874505,0.3988035892323216,21408.1013379,-0.5661701070883348,47.66746852791067,AKEUSDT_15m_limit500_20260707_181139_enriched_candles.csv,6.349835430260294,15m,1783240200000
2.3535,32.35556800196078,-0.5168756928758653,0.0003009,1783241999999,0.00073519,2.5236,765.0,-0.6116079774288518,15624450967.0,-0.01142210460326476,0.21595866843594128,4719834.14811136,-0.0757112652001517,1.2134,-0.2935708585908112,-0.3972194637537285,24752.0095215,-0.5247264234917349,43.89179662485934,AKEUSDT_15m_limit500_20260707_181139_enriched_candles.csv,-13.584061241490023,15m,1783241100000
2.3613,44.07375416855447,0.0913650794073856,0.0003018,1783242899999,0.00073519,2.5236,1854.0,0.1205413408634538,15601741328.0,-0.14534679681202922,0.19902075247665205,4693783.8785288,-0.0916766558645616,1.2138,-0.48130762679587885,0.29910269192423566,81712.7402285,0.14152585792028163,47.265544123773594,AKEUSDT_15m_limit500_20260707_181139_enriched_candles.csv,14.504270121106869,15m,1783242000000
2.3613,43.422042557727906,0.8790370292071926,0.0003007,1783245599999,0.00073519,2.5236,4322.0,2.200607972222222,15601741328.0,-0.3612266981697809,15.480146225723775,4693783.8785288,6.735378585502291,1.2138,-0.931214342714864,-0.0664672648720499,187670.0679345,2.752606399714318,33.09651415695045,AKEUSDT_1h_limit500_20260717_211343_enriched_candles.csv,-4.924630206094252,1h,1783242000000
2.3135,53.936887823681595,0.5996751601882341,0.0003011,1783243799999,0.00073519,2.488,1005.0,-0.4632038042168675,15660757120.0,0.3782641357736427,0.22765973119200308,4720935.233824,-0.07339665447995196,1.2184,-0.6123781671163507,-0.23194168323393827,54206.5722628,-0.1833505941962816,44.999173341547404,AKEUSDT_15m_limit500_20260707_181139_enriched_candles.csv,-40.64806932003904,15m,1783242900000
2.3512,38.43711707107843,-0.20585349530409197,0.0003013,1783244699999,0.00073519,2.5051,816.0,-0.5823907479919679,15626152755.0,-0.22096227362984333,0.2008300905837065,4705034.5945305,-0.08308704990698307,1.218,-0.9445453844335173,0.06642311524409639,31364.68753,-0.4458983834670043,45.79884459500269,AKEUSDT_15m_limit500_20260707_181139_enriched_candles.csv,13.224726801542591,15m,1783243800000
2.358,31.508605739103555,-0.5636592244546522,0.0003007,1783245599999,0.00073519,2.5149,647.0,-0.7066247637038934,15599840801.0,-0.16838408284202133,0.17892809512290517,4697112.0651811,-0.0870568237936937,1.2174,-0.6718076805354732,-0.19913707268504055,20386.0679132,-0.5744143302467757,43.74405551300978,AKEUSDT_15m_limit500_20260707_181139_enriched_candles.csv,-15.735563138798852,15m,1783244700000
2.3647,43.76828415759637,0.07607772312153799,0.0003001,1783246499999,0.00073519,2.5311,882.0,-0.5358865663784333,15597226852.0,-0.016756254331984355,0.17038611823512112,4687746.5303686,-0.09184009217465676,1.2174,-0.672331708484789,-0.19953441968739716,38603.626627,-0.36054130497902265,41.72790038864431,AKEUSDT_15m_limit500_20260707_181139_enriched_candles.csv,-25.030521185907844,15m,1783245600000
2.3647,39.703422706478214,0.6004854195370856,0.0003015,1783249199999,0.00073519,2.5311,2547.0,0.676175974375,15597226852.0,-0.02893571880914214,15.388344215462517,4687746.5303686,6.618447439509941,1.2174,-0.6133544390630581,0.26604589291654435,101124.6176334,0.9555623305232032,33.89571513213694,AKEUSDT_1h_limit500_20260717_211343_enriched_candles.csv,-15.181985924196182,1h,1783245600000
2.3727,53.34457587962964,0.573203485041235,0.0003011,1783247399999,0.00073519,2.5273,756.0,-0.620585856045082,15571109726.0,-0.16744724076800388,0.14131129608802656,4672890.0287726,-0.10154587291489289,1.2202,-0.3992369999135724,0.3332222592469236,40328.499365,-0.33890688203147096,46.18016241577455,AKEUSDT_15m_limit500_20260707_181139_enriched_candles.csv,-13.71759668499136,15m,1783246500000
2.33,22.690378087973276,-1.032805328039428,0.000301,1783248299999,0.00073519,2.4795,449.0,-0.8316389082474227,15580167281.0,0.05816897548975852,0.1329669209355511,4691188.3683091,-0.08946933399629431,1.2289,-1.0173363982336243,-0.03321155762204819,10187.9797615,-0.6968426069134345,45.803283927609804,AKEUSDT_15m_limit500_20260707_181139_enriched_candles.csv,-42.13041946078664,15m,1783247400000
2.3267,26.096764956304344,-0.849024477096559,0.0003015,1783249199999,0.00073519,2.4868,460.0,-0.806149022703549,15581882541.0,0.011009252783122925,0.12753731454764444,4688744.27541231,-0.09080320529349088,1.229,-0.7429275899467839,0.16611295681063787,12004.5118799,-0.6565033308227848,48.084656986574906,AKEUSDT_15m_limit500_20260707_181139_enriched_candles.csv,34.43957795087325,15m,1783248300000
2.2873,25.32760971257062,-0.8858375808427315,0.0003014,1783250099999,0.00073519,2.453,708.0,-0.6129774292152703,15567591436.0,-0.09171616434918706,0.11277378654298358,4693628.817954,-0.08736841470913782,1.2279,-1.0181731333469215,-0.033167495854058426,17931.9476765,-0.5779146221881554,47.652616183874876,AKEUSDT_15m_limit500_20260707_181139_enriched_candles.csv,-3.1836784848985817,15m,1783249200000
2.2873,35.33064681545629,0.27668354639597087,0.0003016,1783252799999,0.00073519,2.453,3649.0,1.587477736662531,15567591436.0,-0.1900043916858163,15.194010903066475,4693628.817954,6.584216536136771,1.2279,-0.9592483100130647,0.03316749585406953,128921.5302296,1.46364499359494,34.00184405498574,AKEUSDT_1h_limit500_20260717_211343_enriched_candles.csv,-10.91737804952649,1h,1783249200000
2.269,44.026558528716215,0.10450704975452761,0.0003006,1783250999999,0.00073519,2.4459,888.0,-0.488986917787944,15561927387.0,-0.036383592306399315,0.10615220865232386,4690364.9144418,-0.09093364666095931,1.2275,-0.5290801972249471,-0.2654280026542888,39095.5839735,-0.3137893642159486,44.228890525187175,AKEUSDT_15m_limit500_20260707_181139_enriched_candles.csv,-26.879859306419768,15m,1783250100000
2.2808,31.567665636857143,-0.5603394376453051,0.0003006,1783251899999,0.00073519,2.4471,700.0,-0.6276705048806941,15588937339.0,0.17356431069432965,0.1206752996358614,4685722.78535662,-0.09551255128597576,1.2311,-1.0830487120285284,0.0,22097.3659458,-0.5272888736736301,44.228890525187175,AKEUSDT_15m_limit500_20260707_181139_enriched_candles.csv,-5.85281357593581,15m,1783251000000
2.3156,36.804606529046566,-0.27685072478613654,0.0003016,1783252799999,0.00073519,2.4892,1353.0,-0.1455995143011333,15599055969.0,0.0649090427394583,0.1253541539175622,4687048.34700543,-0.09480370676912843,1.2315,-0.3885357217097011,0.3326679973386648,49796.6326338,-0.1750310771188003,49.48990804030005,AKEUSDT_15m_limit500_20260707_181139_enriched_candles.csv,-3.4174995199271434,15m,1783251900000
2.2425,21.291199354190752,-1.0861402120301273,0.0003011,1783253699999,0.00050773,2.406,692.0,-0.6214889407965555,15567796125.0,-0.20039574229442358,0.10297341117911528,4693690.5316875,-0.09043876665415967,1.2348,-0.7347349434714374,-0.16578249336870465,14733.5099531,-0.619267053935024,47.09761662703351,AKEUSDT_15m_limit500_20260707_181139_enriched_candles.csv,7.642456498718316,15m,1783252800000
2.2425,26.992049854658724,-0.34725725397207174,0.0003019,1783256399999,0.00050773,2.406,1846.0,0.07670340791100123,15567796125.0,0.0013148405187957124,15.152272839386471,4693690.5316875,6.414374161162406,1.2348,-0.8501841458131896,0.09946949602122057,49827.3240317,-0.0743446457124992,34.34240516510853,AKEUSDT_1h_limit500_20260717_211343_enriched_candles.csv,15.568231643675803,1h,1783252800000
2.2425,35.58053833946471,0.0905130734718719,0.0003004,1783267199999,0.00050773,2.406,9677.0,0.5385640060952381,15567796125.0,-0.5780139346259872,15.628329274385107,4693690.5316875,4.091232011645421,1.2348,-0.7808045204507105,-0.3978779840848934,344312.869511,0.4100868155238484,34.05857612347634,AKEUSDT_4h_limit500_20260717_211446_enriched_candles.csv,-22.862332305672105,4h,1783252800000
2.2457,34.159713177499995,-0.39985245757699983,0.0003007,1783254599999,0.00050773,2.4247,400.0,-0.8348401433962264,15563196008.0,-0.029548928846856448,0.09662488008550711,4682965.6788072,-0.09646115823282422,1.2348,-0.8038051238919365,-0.13284623048821498,13663.885271,-0.6324170873411202,45.21461397226742,AKEUSDT_15m_limit500_20260707_181139_enriched_candles.csv,8.520086236897978,15m,1783253700000
2.2552,25.590054049311295,-0.8535348908544831,0.0003009,1783255499999,0.00050773,2.4329,363.0,-0.8603556014531755,15552354105.0,-0.06966373098704626,0.084849127892374,4668505.6552389,-0.10508487966946116,1.235,-0.9406476566534918,0.06651147322913609,9289.1896199,-0.6891383361789167,46.36918612227846,AKEUSDT_15m_limit500_20260707_181139_enriched_candles.csv,-5.795745285968191,15m,1783254600000
2.251,31.050483856010228,-0.5504180866908379,0.0003019,1783256399999,0.00050773,2.4211,391.0,-0.8191255562632697,15545731647.0,-0.04258170792208471,0.06465173428081275,4675223.33551878,-0.10104669624982202,1.2357,-0.37982383152563015,0.3323363243602717,12140.7391877,-0.6518252632744417,51.83486170784458,AKEUSDT_15m_limit500_20260707_181139_enriched_candles.csv,49.46514381417744,15m,1783255500000
2.2383,36.28206829384422,-0.2689670923961656,0.0003028,1783257299999,0.00050773,2.4002,796.0,-0.5127534643979057,15551942107.0,0.039949615373680025,0.052666622824817946,4695131.3221033,-0.08772338741011493,1.2381,-0.44821713686450054,0.29811195760185427,28880.5263619,-0.43341851246308993,56.16478131780418,AKEUSDT_15m_limit500_20260707_181139_enriched_candles.csv,-19.909037471994775,15m,1783256400000
2.2383,41.76267720206429,0.7580499200381356,0.0003027,1783259999999,0.00050773,2.4002,3391.0,1.361470050925926,15551942107.0,-0.10183855102354755,15.068617513643263,4695131.3221033,6.276495606096662,1.2381,-0.5870584377126502,0.26498840675719393,141617.2383922,1.7098315053757662,35.30117217024849,AKEUSDT_1h_limit500_20260717_211343_enriched_candles.csv,-32.32320827993297,1h,1783256400000
2.2478,47.78785868938611,0.35075869119493214,0.0003013,1783258199999,0.00050773,2.4083,1743.0,0.15695673427672957,15525747804.0,-0.16843107323688544,0.03403506279773642,4698246.54296844,-0.08445621525263944,1.2422,-0.018425220471367375,-0.49537648612945073,83294.2376956,0.294217144058874,48.36145430885835,AKEUSDT_15m_limit500_20260707_181139_enriched_candles.csv,-31.923818443931378,15m,1783257300000
2.319,22.281606625714286,-1.012210386805664,0.0003023,1783259099999,0.00050773,2.4614,385.0,-0.8064088809148264,15443551041.0,-0.5294222477246646,-0.023935527700593956,4654840.71926781,-0.1141752326158823,1.244,-0.3716747352708189,0.33189512114171205,8578.4185509,-0.701186808395752,53.045159278821586,AKEUSDT_15m_limit500_20260707_181139_enriched_candles.csv,-16.993795621537434,15m,1783258200000
2.319,44.67677898029978,0.184860293894649,0.0003027,1783259999999,0.00050773,2.459,467.0,-0.7451909816561846,15434860471.0,-0.056273132888462474,-0.02927574119801041,4663643.09131265,-0.10966198857147169,1.2436,-0.8040241440767729,0.13231888852134333,20864.0557838,-0.5367260340649703,54.810770730727974,AKEUSDT_15m_limit500_20260707_181139_enriched_candles.csv,-57.40446681176687,15m,1783259100000
2.3069,33.65942995396227,-0.4084761856916821,0.0003012,1783260899999,0.00050773,2.4364,795.0,-0.5109770833333334,15465120499.0,0.19604989664050443,-0.0074069985789642885,4680828.02143233,-0.09883114375691479,1.247,-0.010614582992906765,-0.49554013875123815,26759.2468134,-0.4532519689337726,47.584760035911856,AKEUSDT_15m_limit500_20260707_181139_enriched_candles.csv,-52.029149412486795,15m,1783260000000
2.3069,41.73332765984884,0.747790836392494,0.0003011,1783263599999,0.00050773,2.4364,2117.0,0.2510005947971781,15465120499.0,-0.558268590524913,14.753710949155204,4680828.02143233,6.071961211721823,1.247,-0.1598631270115557,-0.528576148001314,88349.4546559,0.6664960215561685,34.224748943398865,AKEUSDT_1h_limit500_20260717_211343_enriched_candles.csv,-30.321791865311777,1h,1783260000000
2.3557,34.913881495481924,-0.33688505757864146,0.0003017,1783261799999,0.00050773,2.4928,332.0,-0.8343766452119309,15448376219.0,-0.10827125466680299,-0.015321695021712116,4648570.88805929,-0.12203106986686402,1.2461,-0.7311967907655746,0.16600265604249653,11591.4086565,-0.6566766552285974,49.9532523471598,AKEUSDT_15m_limit500_20260707_181139_enriched_candles.csv,-18.60203496743139,15m,1783260900000
2.3322,78.90731219691877,2.035915577708424,0.0003012,1783262699999,0.00050773,2.4783,357.0,-0.804495028238342,15428510667.0,-0.1285931396179163,-0.02531514583470639,4654781.6682339,-0.11743240678452692,1.2469,-0.7266834700659262,-0.1657275439178041,28169.9104543,-0.425873086412194,47.6351804649702,AKEUSDT_15m_limit500_20260707_181139_enriched_candles.csv,-17.51021149712977,15m,1783261800000
2.3411,34.48481632180095,-0.3598425605660818,0.0003011,1783263599999,0.00050773,2.4734,633.0,-0.6025721058488612,15397818742.0,-0.19892992695430545,-0.040662064129701955,4636591.17959104,-0.13043614611085824,1.2501,-1.006231354897547,-0.033200531208499307,21828.8887317,-0.5145786912601888,47.163783861374974,AKEUSDT_15m_limit500_20260707_181139_enriched_candles.csv,-26.46804667481597,15m,1783262700000
2.3311,22.635918014205345,-0.9913039747610327,0.0003012,1783264499999,0.00050773,2.4892,711.0,-0.545377172332636,15371310612.0,-0.17215509835620812,-0.05306296149570793,4625995.9286814,-0.1380566775070213,1.2501,-0.9782711478638154,0.033211557622059296,16094.1377081,-0.5952551109721501,47.72093259700851,AKEUSDT_15m_limit500_20260707_181139_enriched_candles.csv,-8.616575424243177,15m,1783263600000
2.3311,27.773935613947483,-0.2911287437120463,0.0003004,1783267199999,0.00050773,2.4892,2323.0,0.361847475308642,15371310612.0,-0.6065900812480929,14.424205621498789,4625995.9286814,5.737940907719302,1.2501,-0.6254378917383816,-0.23248090335437066,64518.8524312,0.20214267485133028,33.740016635214275,AKEUSDT_1h_limit500_20260717_211343_enriched_candles.csv,-21.560849923724014,1h,1783263600000
2.3422,33.301840605933684,-0.41227833916512374,0.0003007,1783265399999,0.00050773,2.4977,573.0,-0.6228207629399586,15367148679.0,-0.02707598008429013,-0.05429680757645015,4628585.1821148,-0.13504837163624253,1.2491,-0.6783500305694578,-0.16600265604249653,19081.9546672,-0.5510074352127187,45.15692957061326,AKEUSDT_15m_limit500_20260707_181139_enriched_candles.csv,-33.08578840957074,15m,1783264500000
2.3367,27.74989111193182,-0.7085569237897358,0.0003006,1783266299999,0.00050773,2.5051,352.0,-0.7662427689511941,15365140642.0,-0.013067076020056856,-0.0539619024298474,4619529.5340173,-0.14083010894788334,1.2492,-0.9482534329565672,-0.03325573661456804,9767.9616714,-0.6833369266080455,44.640332768445134,AKEUSDT_15m_limit500_20260707_181139_enriched_candles.csv,-26.604623644346624,15m,1783265400000
2.3322,28.493156309315868,-0.6492215051566099,0.0003004,1783267199999,0.00050773,2.499,687.0,-0.5297314521772939,15361462957.0,-0.023935251135598357,-0.05363137026578206,4617194.92098549,-0.14410424184256346,1.2486,-0.8788926052619703,-0.06653359946773296,19574.7983845,-0.5418624372245601,43.566842592036096,AKEUSDT_15m_limit500_20260707_181139_enriched_candles.csv,-18.451811220492736,15m,1783266300000
2.2394,26.178648720970536,-0.7589754675408378,0.0003006,1783268099999,0.00017893,2.4435,577.0,-0.6065504916926272,15371682144.0,0.06652482923408254,-0.04375448706167442,4617345.88241472,-0.1455375120648365,1.2495,-0.8797892364940724,0.06657789613848664,15105.080312,-0.6067423867686322,44.991419091930645,AKEUSDT_15m_limit500_20260707_181139_enriched_candles.csv,-24.327046108326574,15m,1783267200000
2.2394,33.99622774925194,0.1730444274294946,0.0003001,1783270799999,0.00017893,2.4435,3342.0,1.1360426684018008,15371682144.0,0.002417048288072543,14.150488344408416,4617345.88241472,5.653575729060937,1.2495,-0.8318596317011743,-0.09986684420772995,113615.393138,1.1503706670021405,33.52089503027487,AKEUSDT_1h_limit500_20260717_211343_enriched_candles.csv,-23.90875594595348,1h,1783267200000
2.2394,31.020827150130366,-0.2839502388097116,0.000301,1783281599999,0.00017893,2.4435,9972.0,0.6104113013965419,15371682144.0,-1.2597414523245476,14.827295071778764,4617345.88241472,3.6505224941009753,1.2495,-0.8970496332463851,0.1997336884154599,309339.6883411,0.22040915470022762,34.262920951793035,AKEUSDT_4h_limit500_20260717_211446_enriched_candles.csv,-13.205062858166952,4h,1783267200000
2.252,36.622637973497426,-0.195393664376716,0.0003004,1783268999999,0.00017893,2.4495,1747.0,0.21842653296413503,15376065760.0,0.028517477520906276,-0.03840858319434786,4621276.564168,-0.14967972386665998,1.249,-0.8810279948932199,-0.06653359946773296,63979.7485397,0.10066212607708068,43.80067906337669,AKEUSDT_15m_limit500_20260707_181139_enriched_candles.csv,-16.819339319257747,15m,1783268100000
2.2701,26.809682724373957,-0.6968762789477474,0.0003005,1783269899999,0.00017893,2.4686,599.0,-0.6062506379126731,15407818274.0,0.20650610172727735,-0.014248116287348194,4628200.45314412,-0.15176091190632252,1.2501,-0.9527598858249519,0.03328894806924332,16058.9999519,-0.5933745181085316,44.59031630082945,AKEUSDT_15m_limit500_20260707_181139_enriched_candles.csv,-16.212013341415883,15m,1783269000000
2.2626,44.0848790797136,0.2173263680660701,0.0003001,1783270799999,0.00017893,2.4423,419.0,-0.7377118743974291,15418429936.0,0.06887193119291535,-0.005574352595668347,4633238.195768,-0.15133838484861628,1.2513,-0.7436649679323044,-0.1331114808652334,18471.5643344,-0.559096975219596,42.04547618260778,AKEUSDT_15m_limit500_20260707_181139_enriched_candles.csv,-54.813706136107186,15m,1783269900000
2.2573,29.322111431358024,-0.5644762393237047,0.0003008,1783271699999,0.00017893,2.4495,810.0,-0.4532744622186495,15382925027.0,-0.230275774818689,-0.028644597951796,4616415.8006027,-0.17090548190713903,1.2518,-0.5313665696069519,0.23325558147284653,23750.9102594,-0.48222357648813474,47.67359877340947,AKEUSDT_15m_limit500_20260707_181139_enriched_candles.csv,22.117081556994204,15m,1783270800000
2.2573,24.998396890159192,-0.4982132185929426,0.0003017,1783274399999,0.00017893,2.4495,2073.0,0.17164705521300447,15382925027.0,0.07314022560886979,13.894502822987505,4616415.8006027,5.621236265731236,1.2518,-0.13287990042916342,0.5331556147950778,51821.6767533,-0.044212289935688244,35.911476694048744,AKEUSDT_1h_limit500_20260717_211343_enriched_candles.csv,-2.567805253069639,1h,1783270800000
2.2373,18.835331637444934,-1.098755492198879,0.0003006,1783272599999,0.00017893,2.427,454.0,-0.7077621666219839,15397364921.0,0.09386962476027882,-0.01660886840778203,4630757.49999075,-0.15873956022507268,1.2535,-0.8852054513126524,-0.06648936170212671,8551.2405634,-0.7018176376771292,46.2904025227323,AKEUSDT_15m_limit500_20260707_181139_enriched_candles.csv,-27.656577300869156,15m,1783271700000
2.2489,23.990051330897703,-0.821896323352563,0.0003007,1783273499999,0.00017893,2.4352,479.0,-0.6802239880446335,15397361101.0,-2.4809439924666776e-05,-0.014513642417372274,4627676.87890555,-0.16303983324727497,1.2537,-0.9596214668335276,0.03326679973385538,11491.2345875,-0.6579787345964843,47.116592616786335,AKEUSDT_15m_limit500_20260707_181139_enriched_candles.csv,-8.772183430982446,15m,1783272600000
2.2457,24.328155584848485,-0.8042376832862009,0.0003017,1783274399999,0.00017893,2.4317,330.0,-0.7823224151667549,15408587957.0,0.07291415669450352,-0.00405790236092203,4633362.3986699,-0.15991842032703463,1.2545,-0.3065460703579731,0.33255736614565823,8028.291343,-0.708527366081263,54.632146623490215,AKEUSDT_15m_limit500_20260707_181139_enriched_candles.csv,-39.992012748758064,15m,1783273500000
2.2373,24.960008475524475,-0.7711771827477486,0.0003017,1783275299999,0.00017893,2.4188,572.0,-0.608041077595339,15411960198.0,0.02188546419314985,0.0009691567072235191,4649326.03293066,-0.1467306899296531,1.2543,-1.0319687596614961,0.0,14277.124848,-0.6110621586939532,54.63214662349023,AKEUSDT_15m_limit500_20260707_181139_enriched_candles.csv,-6.853163620944748,15m,1783274400000
2.2373,37.3008898948593,0.41971777931779,0.0003021,1783277999999,0.00017893,2.4188,1848.0,0.001518266178953292,15411960198.0,0.18874935000356974,13.932881414702607,4649326.03293066,5.8096673635784,1.2543,-0.7622786190453624,0.13258203513424327,68932.0445257,0.28747102072878455,36.52600087111111,AKEUSDT_1h_limit500_20260717_211343_enriched_candles.csv,-20.731313320573346,1h,1783274400000
2.2404,22.329376004664724,-0.898781089866937,0.0003012,1783276199999,0.00017893,2.4329,343.0,-0.7726954576,15401491371.0,-0.0679266418126212,-0.0067518839620320445,4644627.75275247,-0.15940537964198023,1.2546,-0.669482977934444,-0.1657275439178041,7658.9759696,-0.7126626672558792,50.47268298202012,AKEUSDT_15m_limit500_20260707_181139_enriched_candles.csv,10.336468796119556,15m,1783275300000
2.2499,63.79905221866438,1.2352196088554865,0.0003012,1783277099999,0.00017893,2.4317,584.0,-0.5985010979077253,15401256335.0,-0.0015260600050859274,-0.006474902259395,4638858.408102,-0.17524903773239126,1.2549,-1.0286806551987169,0.0,37258.6464957,-0.2593013290221814,50.47268298202012,AKEUSDT_15m_limit500_20260707_181139_enriched_candles.csv,-43.26498852061197,15m,1783276200000
2.2468,27.90056507851003,-0.6019479920253163,0.0003021,1783277999999,0.00017893,2.4423,349.0,-0.7689834830917874,15382518310.0,-0.12166556151277375,-0.01898720233595157,4633214.514972,-0.18652447694801802,1.2569,-0.37373347119919864,0.29880478087649376,9737.2972124,-0.6809195457231837,57.26495546292507,AKEUSDT_15m_limit500_20260707_181139_enriched_candles.csv,20.705931239651022,15m,1783277100000
2.2541,22.13120904905983,-0.8910657158028135,0.0003014,1783278899999,0.00017893,2.4483,585.0,-0.5977773964592275,15382688079.0,0.0011036489382165726,-0.018276677510170064,4644341.18481168,-0.17879457416722588,1.2585,-0.5117946020796335,-0.23171135385634534,12946.7572937,-0.6280188224008495,51.36464574806673,AKEUSDT_15m_limit500_20260707_181139_enriched_candles.csv,-3.844610530717295,15m,1783278000000
2.2541,27.674630462938353,-0.30227789757960727,0.000301,1783281599999,0.00017893,2.4483,2709.0,0.6577227731638418,15382688079.0,-0.18993118736316816,13.82606932785864,4644341.18481168,5.7520820359541975,1.2585,-0.3902104285814724,-0.36411784177425854,74970.5739241,0.40627953030352265,35.51740471155071,AKEUSDT_1h_limit500_20260717_211343_enriched_candles.csv,2.5833130748882063,1h,1783278000000
2.2605,26.7119246893186,-0.6501054125542028,0.0003024,1783279799999,0.00017893,2.459,543.0,-0.6226059230769231,15378546578.0,-0.026923129291389625,-0.02109773562961873,4635093.9386092,-0.19574396421571374,1.2586,-0.28891458647606344,0.33178500331783045,14504.5751063,-0.6032706148212238,58.01925641405532,AKEUSDT_15m_limit500_20260707_181139_enriched_candles.csv,21.97796802276123,15m,1783278900000
2.251,37.82722214006678,-0.08277709159685938,0.0003012,1783280699999,0.00017893,2.4317,599.0,-0.5787700825082508,15391510261.0,0.08429719241833666,-0.01170621819616341,4654392.7029264,-0.17854099028273948,1.2593,-0.13864432741763222,-0.3968253968253843,22658.5060619,-0.47507389387120924,49.30163815479088,AKEUSDT_15m_limit500_20260707_181139_enriched_candles.csv,6.308935518496983,15m,1783279800000
2.2637,25.31643122423625,-0.7277042566227547,0.000301,1783281599999,0.00017893,2.4518,982.0,-0.2956258339789707,15396364118.0,0.031535937134763437,-0.006600510614403089,4637384.8723416,-0.20251340913526464,1.2593,-0.8815937435015175,-0.06640106241699861,24860.7354622,-0.43925097510792466,48.00695562442384,AKEUSDT_15m_limit500_20260707_181139_enriched_candles.csv,-8.780288845915067,15m,1783280700000
2.268,31.918756662333333,-0.3838042456745728,0.0003009,1783282499999,0.00072838,2.4674,600.0,-0.5836063872494432,15416372687.0,0.1299564549568366,0.009513216563175261,4639711.52387952,-0.20194345361262794,1.2591,-0.9488536675973147,-0.03322259136212535,19151.2539974,-0.5302977075729144,47.33759096601298,AKEUSDT_15m_limit500_20260707_181139_enriched_candles.csv,-15.681940283428597,15m,1783281600000
2.268,29.085664985212233,-0.19306226626451178,0.0003008,1783285199999,0.00072838,2.4674,2191.0,0.2653224402515723,15416372687.0,0.21897738436227332,13.861259589418427,4639711.52387952,5.662916850871359,1.2591,-0.8640910303104399,-0.0664451827242507,63726.6919826,0.1721090622520334,35.32640328915443,AKEUSDT_1h_limit500_20260717_211343_enriched_candles.csv,11.234570894649323,1h,1783281600000
2.268,42.02175970718991,0.6264525299303008,0.0003011,1783295999999,0.00072838,2.4674,10779.0,0.81281384202047,15416372687.0,0.2907329372370926,14.890191614882701,4639711.52387952,3.6278212256588107,1.2591,-0.9450874504965542,0.033222591362136455,452952.5478838,0.9086576430722578,34.29946424429782,AKEUSDT_4h_limit500_20260717_211446_enriched_candles.csv,-17.340446269738077,4h,1783281600000
2.2873,28.869623764864865,-0.542987869567741,0.0003012,1783283399999,0.00072838,2.5014,629.0,-0.5558816470506399,15420803302.0,0.028739672359745505,0.011161329387238702,4640119.7135718,-0.19991051832144302,1.26,-0.7907143255417844,0.09970089730808596,18158.9933481,-0.5451092417412727,49.60761004168362,AKEUSDT_15m_limit500_20260707_181139_enriched_candles.csv,8.295415483797253,15m,1783282500000
2.268,29.557878208430914,-0.5089840735276637,0.0003013,1783284299999,0.00072838,2.4795,427.0,-0.7054227251118568,15428159236.0,0.04770136714633555,0.015001962599150515,4645264.46436724,-0.19264863311299824,1.2601,-0.9229051651542881,0.033200531208499307,12621.213995,-0.636967168553907,50.3754814896969,AKEUSDT_15m_limit500_20260707_181139_enriched_candles.csv,32.38318727357891,15m,1783283400000
2.2733,25.785477835700934,-0.7067719580967947,0.0003008,1783285199999,0.00072838,2.4965,535.0,-0.623334628511236,15430751507.0,0.016802205372301593,0.016855710855132943,4648513.89148375,-0.17881525779592922,1.2606,-0.6010733798259104,-0.16594756057086713,13795.2306421,-0.6170383445009063,46.55559764428253,AKEUSDT_15m_limit500_20260707_181139_enriched_candles.csv,33.121543332199394,15m,1783284300000
2.2595,92.0785912604875,2.7265775087130715,0.0003028,1783286099999,0.00072838,2.4965,1559.0,0.15682267325056432,15431114585.0,0.002352950858131031,0.017071143851234236,4640136.1557095,-0.1837371646523027,1.2605,0.5315572384637145,0.6648936170212671,143550.5237751,1.5950710314498493,59.71460770099692,AKEUSDT_15m_limit500_20260707_181139_enriched_candles.csv,-38.828238267541764,15m,1783285200000
2.2595,61.38610387197867,2.251391503971528,0.0003003,1783288799999,0.00072838,2.4965,3376.0,1.1900927690531178,15431114585.0,0.09562494562960211,13.849418810647997,4640136.1557095,5.606627112037499,1.2605,-0.7024543512217323,-0.1662234042553279,207239.4866718,2.877423504086046,34.822233643567245,AKEUSDT_1h_limit500_20260717_211343_enriched_candles.csv,-40.70198221007171,1h,1783285200000
2.2206,32.99538081792683,-0.32895325631302197,0.0003015,1783286999999,0.00072838,2.453,820.0,-0.4080340355936973,15284516370.0,-0.9500170204328806,-0.09488524135146723,4623719.0470887,-0.2065523675577428,1.2752,-0.012812437484213708,-0.4293262879788595,27056.2122707,-0.39254508528839244,50.93568569058962,AKEUSDT_15m_limit500_20260707_181139_enriched_candles.csv,-29.83401667291532,15m,1783286100000
2.2489,19.438918654400002,-1.0311886507854846,0.0003014,1783287899999,0.00072838,2.4831,250.0,-0.840635247740113,15290270052.0,0.03764386036637646,-0.08988814410366439,4610016.420678,-0.2253981128450329,1.2769,-0.9329474463344513,-0.033167495854058426,4859.7296636,-0.7687170733689366,50.32281777034121,AKEUSDT_15m_limit500_20260707_181139_enriched_candles.csv,-32.48681708007754,15m,1783287000000
2.252,42.53416460829987,0.16990292847125665,0.0003003,1783288799999,0.00072838,2.4795,747.0,-0.4614729306497175,15292250669.0,0.012953446821173387,-0.08830185153059142,4609084.3516366,-0.22391990627360697,1.2767,-0.1527421691233762,-0.36496350364964014,31773.0209624,-0.30846908227446845,44.04487335033581,AKEUSDT_15m_limit500_20260707_181139_enriched_candles.csv,-59.678660231393096,15m,1783287900000
2.2884,28.00675105820652,-0.5879610106793375,0.0003016,1783289699999,0.00072838,2.5311,1840.0,0.37234275791855204,15289418719.0,-0.018518856781102322,-0.09030301557613869,4591412.4413157,-0.2484831687805287,1.279,0.00645519856387974,0.43290043290045155,51532.4219471,0.029704974851280614,51.711915398147504,AKEUSDT_15m_limit500_20260707_181139_enriched_candles.csv,16.15754805595464,15m,1783288800000
2.2884,33.812342939563955,0.16048867470821404,0.0003002,1783292399999,0.00072838,2.5311,3440.0,1.226345,15289418719.0,-0.9182477728325367,13.46897320650801,4591412.4413157,5.278416014313312,1.279,-0.9287043935510185,-0.03330003330003217,116314.4597121,1.1092412988479856,34.715521058833986,AKEUSDT_1h_limit500_20260717_211343_enriched_candles.csv,6.345413216351986,1h,1783288800000
2.2744,25.647791503245436,-0.703774420357761,0.0003016,1783290599999,0.00072838,2.5039,493.0,-0.6557963123585973,15277547266.0,-0.07764489427741772,-0.09828930095245356,4607708.2554256,-0.2238354747417412,1.2818,-0.9999158552100397,0.0,12644.3612111,-0.6361707372263721,51.7119153981475,AKEUSDT_15m_limit500_20260707_181139_enriched_candles.csv,-48.983960539365015,15m,1783289700000
2.2938,54.718564864369306,0.8132601788875085,0.0003006,1783291499999,0.00072838,2.5273,769.0,-0.4448275161199095,15269548745.0,-0.05235474556705144,-0.10316661220237065,4603921.64210495,-0.22909181267466483,1.2814,-0.227879276535119,-0.3315649867374093,42078.5763807,-0.13209782577115844,46.079187304035365,AKEUSDT_15m_limit500_20260707_181139_enriched_candles.csv,8.458155153111194,15m,1783290600000
2.3014,29.7606514,-0.48991023750053014,0.0003002,1783292399999,0.00072838,2.5398,338.0,-0.7742002781107306,15253924227.0,-0.10232468726435462,-0.11456500783659634,4585329.6226362,-0.2591736045050773,1.2852,-0.6838084833930657,-0.13306719893546592,10059.1001732,-0.6762647777767208,44.01398078518335,AKEUSDT_15m_limit500_20260707_181139_enriched_candles.csv,16.789721338093894,15m,1783291500000
2.3003,31.51493220861678,-0.3963160041704918,0.0003003,1783293299999,0.00072838,2.5474,441.0,-0.68992429805492,15255209408.0,0.008425248354937409,-0.11291071291902681,4579461.31218752,-0.27067390791207296,1.285,-0.9044752105567022,0.03331112591604679,13898.085104,-0.608878827014923,44.6814848014693,AKEUSDT_15m_limit500_20260707_181139_enriched_candles.csv,-28.91839188438458,15m,1783292400000
2.3003,37.060897018792325,0.399753301622298,0.0003011,1783295999999,0.00072838,2.5474,1772.0,-0.061387007963594996,15255209408.0,-0.22374500711063172,13.354575675368315,4579461.31218752,5.176960389361071,1.285,-0.4737557858040419,0.29980013324450994,65671.9095173,0.1525342579722901,36.59866959965271,AKEUSDT_1h_limit500_20260717_211343_enriched_candles.csv,-13.298635213582955,1h,1783292400000
2.2916,37.495042757253884,-0.08450207591896214,0.0003001,1783294199999,0.00072838,2.5486,386.0,-0.7292823955949657,15238957843.0,-0.1065312482139924,-0.1256494338480107,4575344.70278232,-0.2764036871954933,1.2843,-0.8275069690283924,-0.06660006660006434,14473.0865043,-0.5990166783190767,43.56280747932206,AKEUSDT_15m_limit500_20260707_181139_enriched_candles.csv,-33.620923408799506,15m,1783293300000
2.3003,32.164243127985074,-0.3636811912847703,0.0003011,1783295099999,0.00072838,2.5587,536.0,-0.6111356154066437,15256773776.0,0.11691044219395152,-0.11203061050987903,4578557.8101776,-0.27036227996369144,1.2849,-0.212776211520324,0.3332222592469236,17240.0343166,-0.5496484913480917,50.267409543616104,AKEUSDT_15m_limit500_20260707_181139_enriched_candles.csv,-2.672384735083629,15m,1783294200000
2.2895,49.04817504254279,0.5318286740759471,0.0003011,1783295999999,0.00072838,2.5486,409.0,-0.7078265997126436,15257266726.0,0.003231023853644821,-0.11011080202313488,4593200.1478623,-0.24567946752594863,1.2849,-0.9819577695589001,0.0,20060.7035924,-0.5003823876636031,50.267409543616104,AKEUSDT_15m_limit500_20260707_181139_enriched_candles.csv,3.052437325438502,15m,1783295100000
2.2906,23.097016450854138,-0.8531031964348316,0.0003008,1783296899999,0.00068753,2.5524,761.0,-0.4320464297235023,15240500127.0,-0.10989254694897532,-0.12153141724705381,4583732.81819652,-0.2540759065084652,1.2832,-0.751692996160289,-0.09963467286615568,17576.8295191,-0.544339666415347,48.27216997733204,AKEUSDT_15m_limit500_20260707_181139_enriched_candles.csv,1.224368904904878,15m,1783296000000
2.2906,23.08834369932465,-0.6537412107578799,0.0003008,1783299599999,0.00068753,2.5524,2073.0,0.1719968144654088,15240500127.0,-0.0964213640508027,13.060397335108728,4583732.81819652,5.152507448462939,1.2832,-0.8169450257145642,-0.09963467286615568,47862.1364887,-0.17087488677613794,36.22358477684249,AKEUSDT_1h_limit500_20260717_211343_enriched_candles.csv,-9.004494649162833,1h,1783296000000
2.2906,28.294521521590188,-0.5149831102340591,0.0003007,1783310399999,0.00068753,2.5524,9458.0,0.4714805616503021,15240500127.0,-1.1408167379626577,14.211157319861126,4583732.81819652,3.3771772257056645,1.2832,-0.8552779647433821,-0.13284623048821498,267609.5845512,0.0039994621067663385,34.217525266325254,AKEUSDT_4h_limit500_20260717_211446_enriched_candles.csv,-18.684011881208903,4h,1783296000000
2.2906,35.203563656323624,,0.0003024,1783382399999,0.00068753,2.5524,71478.0,,15240500127.0,-3.8876319910025825,,4583732.81819652,,1.2832,,0.431750249086682,2516280.3230267,,43.175735639583365,AKEUSDT_1d_limit500_20260717_212121_enriched_candles.csv,-8.186807117559528,1d,1783296000000
2.3014,21.06045914558304,-0.9468325553557181,0.0003009,1783297799999,0.00068753,2.5587,566.0,-0.5797492822254335,15240193805.0,-0.0020099209176005495,-0.12195935132601848,4583183.48297765,-0.25730194794449396,1.2841,-0.9042392937808521,0.03324468085106336,11920.2198764,-0.6454888154340522,48.99886438557022,AKEUSDT_15m_limit500_20260707_181139_enriched_candles.csv,-4.885614869848204,15m,1783296900000
2.3156,12.484236064784053,-1.4030280824230459,0.0003009,1783298699999,0.00068753,2.5765,301.0,-0.7823455848783314,15233943234.0,-0.041013723840899186,-0.1270096838032905,4583893.5191106,-0.2584576409113315,1.2844,-0.9811750703839104,0.0,3757.7550555,-0.7891564182168938,48.99886438557023,AKEUSDT_15m_limit500_20260707_181139_enriched_candles.csv,-3.065655334064113,15m,1783297800000
2.308,32.82546525325843,-0.31901763651129056,0.0003008,1783299599999,0.00068753,2.5714,445.0,-0.6632288388025331,15232526845.0,-0.009297586174794592,-0.1288020690206999,4583467.3276605,-0.260895011079766,1.2844,-0.9037486567077481,-0.03323363243602495,14607.3320377,-0.5949854142007884,48.213332041424884,AKEUSDT_15m_limit500_20260707_181139_enriched_candles.csv,-26.20172452588844,15m,1783298700000
2.3201,17.499851154498714,-1.1383742065558253,0.0003011,1783300499999,0.00068753,2.5958,389.0,-0.7047951650345622,15243900366.0,0.07466601645105264,-0.12056562707492582,4585365.2300928,-0.2604853499608679,1.2821,-0.7478809132111667,0.09973404255319007,6807.4420991,-0.7350427616516405,50.763513307177966,AKEUSDT_15m_limit500_20260707_181139_enriched_candles.csv,26.92009039551408,15m,1783299600000
2.3201,33.79368834508671,0.15653759719506008,0.0003015,1783303199999,0.00068753,2.5958,2768.0,0.7101524264367817,15243900366.0,0.022310547368298295,12.819982674941773,4585365.2300928,5.112703739019142,1.2821,-0.587696738802286,0.2327127659574435,93540.9293392,0.6554315197263562,37.82477535033553,AKEUSDT_1h_limit500_20260717_211343_enriched_candles.csv,-23.238318251869856,1h,1783299600000
2.3356,53.8931341399061,0.8141011057786027,0.0003017,1783301399999,0.00068753,2.6179,426.0,-0.6752677081891579,15246614220.0,0.01780288466102231,-0.11902851095542567,4589840.7447888,-0.2580504716824319,1.282,-0.5158419286385194,0.19926934573231136,22958.4751436,-0.4411419983653919,55.48495448225822,AKEUSDT_15m_limit500_20260707_181139_enriched_candles.csv,-51.540350961412095,15m,1783300500000
2.3445,30.535153368414637,-0.43878595902225015,0.0003022,1783302299999,0.00068753,2.614,820.0,-0.3676202794457275,15254294947.0,0.05037660748263839,-0.11363168534880927,4600695.3560152,-0.24365156419032896,1.2809,-0.5943061455664722,0.16572754391779299,25038.8257621,-0.39989262822342414,59.012273905516274,AKEUSDT_15m_limit500_20260707_181139_enriched_candles.csv,-11.99015556969237,15m,1783301400000
2.3478,34.189043543159755,-0.23989123687801409,0.0003015,1783303199999,0.00068753,2.6179,1133.0,-0.12295386067708333,15269286599.0,0.09827823607768682,-0.0999061124130896,4611019.16716602,-0.22769250526728452,1.2787,-0.43806600869664913,-0.23163467902050927,38736.1863344,-0.14822967731886394,52.714581431704204,AKEUSDT_15m_limit500_20260707_181139_enriched_candles.csv,-22.549549717657566,15m,1783302300000
2.3102,33.364516163426494,-0.280849894101529,0.0003017,1783304099999,0.00068753,2.5907,823.0,-0.36420883371958285,15314049532.0,0.2931566757213844,-0.06253749291036424,4617185.933898,-0.21857560691324518,1.2776,-0.7968918924303541,0.06633499170811685,27458.9968025,-0.3478331598689381,54.217901431017985,AKEUSDT_15m_limit500_20260707_181139_enriched_candles.csv,-31.97974414964974,15m,1783303200000
2.3102,23.921198268418667,-0.5944888245555138,0.000302,1783306799999,0.00068753,2.5907,2207.0,0.2539300184299381,15314049532.0,0.4601785915398615,12.686910823563581,4617185.933898,5.255509719289498,1.2776,-0.7034831111473331,0.16583747927032544,52794.0845784,-0.08240556569993139,39.00278693286297,AKEUSDT_1h_limit500_20260717_211343_enriched_candles.csv,-10.528602438300783,1h,1783303200000
2.3467,18.78012623708134,-1.0749318799343905,0.0003014,1783304999999,0.00068753,2.6324,418.0,-0.6811600965677719,15311240727.0,-0.018341360292262188,-0.06476789090857885,4617410.86604139,-0.21413331997065102,1.2769,-0.6827482511864803,-0.09943652635068245,7850.0927671,-0.7064382757365641,51.56944636666007,AKEUSDT_15m_limit500_20260707_181139_enriched_candles.csv,-6.385774634421135,15m,1783304100000
2.3245,16.745855527078387,-1.1825328380601368,0.0003017,1783305899999,0.00068753,2.6258,421.0,-0.6784249294049007,15307912573.0,-0.021736670850791562,-0.06742368912687836,4613804.8495022,-0.2171509689046225,1.2073,-0.6797509955335719,0.09953550099535136,7050.0051769,-0.7184822541534199,53.98985233708194,AKEUSDT_15m_limit500_20260707_181139_enriched_candles.csv,24.98371488961792,15m,1783305000000
2.3311,19.14677033376147,-1.0401402486640592,0.000302,1783306799999,0.00068753,2.6271,545.0,-0.5774606479324403,15307243137.0,-0.0043731370740984765,-0.06546193518134177,4618195.2544329,-0.21029036693900405,1.2079,-0.6772198151404393,0.09943652635067135,10434.9898319,-0.6541582197321926,56.33970242442885,AKEUSDT_15m_limit500_20260707_181139_enriched_candles.csv,18.809540962845563,15m,1783305900000
2.3344,18.861620353745927,-1.0436174823953916,0.0003018,1783307699999,0.00068753,2.6311,614.0,-0.5224143741238317,15301955542.0,-0.0345430914807876,-0.06657403897689816,4619507.35857438,-0.2104652480466356,1.2076,-0.7513030988792049,-0.06622516556291647,11581.0348972,-0.6318734831863142,54.34694210463772,AKEUSDT_15m_limit500_20260707_181139_enriched_candles.csv,5.154975866140766,15m,1783306800000
2.3344,30.461590931493777,-0.09682960635480248,0.0003007,1783310399999,0.00068753,2.6311,2410.0,0.39852708657142855,15301955542.0,-0.07897316757875528,12.35507197416805,4619507.35857438,5.244309619244485,1.2076,-0.23821963452228026,-0.4304635761589459,73412.4341449,0.29287326807203307,37.03790421425925,AKEUSDT_1h_limit500_20260717_211343_enriched_candles.csv,-25.056579496591848,1h,1783306800000
2.3322,43.63042336969697,0.28572519738670843,0.0003024,1783308599999,0.00068753,2.6258,528.0,-0.590375981411007,15313398212.0,0.07477913504971845,-0.05771260659623648,4618827.16870344,-0.21125706727484386,1.2083,-0.4524120716463719,0.1988071570576455,23036.8635392,-0.4145698200931241,59.02886687777732,AKEUSDT_15m_limit500_20260707_181139_enriched_candles.csv,-20.586840871501263,15m,1783307700000
2.3467,36.67707879325682,-0.09383193402154498,0.0003016,1783309499999,0.00068753,2.643,697.0,-0.4567847250586854,15347204399.0,0.2207621491453704,-0.02985017340967821,4639459.8898177,-0.16814609653400261,1.2105,-0.3038053923726935,-0.2645502645502562,25563.9239189,-0.35900587010383594,51.45214320332637,AKEUSDT_15m_limit500_20260707_181139_enriched_candles.csv,-46.51011329097873,15m,1783308600000
2.3727,23.170948843432573,-0.8242734572406,0.0003007,1783310399999,0.00068753,2.667,571.0,-0.5578426991176471,15341540099.0,-0.03690769897068957,-0.03471581506396292,4625474.3398485,-0.1970272276527824,1.2105,-0.2267740912089396,-0.2984084880636728,13230.6117896,-0.5931816917307131,44.52770533232887,AKEUSDT_15m_limit500_20260707_181139_enriched_candles.csv,-17.831919630916232,15m,1783309500000
2.358,21.297658903353057,-0.9187968132144511,0.0003012,1783311299999,0.00039223,2.663,507.0,-0.610063252653302,15343005854.0,0.009554158125846257,-0.03357205719086512,4610266.39900992,-0.22844239561430227,1.21,-0.5255561367218782,0.16627868307284022,10797.913064,-0.6381740528990815,48.66138994188923,AKEUSDT_15m_limit500_20260707_181139_enriched_candles.csv,5.901542161184419,15m,1783310400000
2.358,26.455350151627712,-0.40386993191575493,0.0003026,1783313999999,0.00039223,2.663,2396.0,0.37416391123085646,15343005854.0,0.26826840456650736,12.117977075985607,4610266.39900992,5.141982216944827,1.21,0.1254606848729696,0.6318589956767484,63387.0189633,0.1083890418068822,41.66358501799487,AKEUSDT_1h_limit500_20260717_211343_enriched_candles.csv,9.288939972881591,1h,1783310400000
2.358,37.07978581694018,0.2186610050774345,0.0003105,1783324799999,0.00039223,2.663,14746.0,1.813899282428356,15343005854.0,0.6725876850878443,14.257695232858877,4610266.39900992,3.446970848093389,1.21,1.0522778655225706,3.2590621882274684,546778.5216566,1.3673718831823354,38.118007151389584,AKEUSDT_4h_limit500_20260717_211446_enriched_candles.csv,2.005314333924466,4h,1783310400000
2.3602,30.517404155763685,-0.4124751890843597,0.0003018,1783312199999,0.00039223,2.6765,694.0,-0.45944087261620975,15350700779.0,0.05015265635184285,-0.025441702798112073,4622710.03258806,-0.2021327266046681,1.2106,-0.45132391251971715,0.19920318725099584,21179.0784841,-0.4414194107775008,53.17102869369382,AKEUSDT_15m_limit500_20260707_181139_enriched_candles.csv,39.878053305485466,15m,1783311300000
2.34,25.70190945514019,-0.6718868164223013,0.0003018,1783313099999,0.00039223,2.6443,535.0,-0.5825138750000001,15329840161.0,-0.13589358753274272,-0.04159186846209691,4624552.88136887,-0.1978598254166358,1.2129,-0.9021770817344086,0.0,13750.5215585,-0.5866533959347447,53.171028693693835,AKEUSDT_15m_limit500_20260707_181139_enriched_candles.csv,-37.23629321489202,15m,1783312200000
2.3546,26.756827055606063,-0.613887382229888,0.0003026,1783313999999,0.00039223,2.6887,660.0,-0.4807922119205298,15330135490.0,0.0019264975818389374,-0.04032719635324274,4624028.7678487,-0.18815212709800097,1.2118,-0.30024502120628455,0.2650762094101866,17659.5058567,-0.5111585182104698,58.771258275701925,AKEUSDT_15m_limit500_20260707_181139_enriched_candles.csv,10.901319008139797,15m,1783313100000
2.3693,18.218344775994318,-1.0864735667790626,0.0003022,1783314899999,0.00039223,2.6996,704.0,-0.44393689000000003,15325468503.0,-0.030443220825049355,-0.0433426444304939,4632889.1284569,-0.15923411064428117,1.2116,-0.6023271074946326,-0.13218770654329637,12825.7147223,-0.6057492370072834,55.2156947504418,AKEUSDT_15m_limit500_20260707_181139_enriched_candles.csv,-16.89443759210191,15m,1783314000000
2.3693,33.03501947186322,0.11091191045589044,0.0003079,1783317599999,0.00039223,2.6996,3714.0,1.3618920289977476,15325468503.0,-0.11430192471332257,11.766888700149579,4632889.1284569,5.226185482621766,1.2116,2.080478592060142,1.751487111698613,122692.0623185,1.171954134161252,52.21070847010813,AKEUSDT_1h_limit500_20260717_211343_enriched_candles.csv,9.799770372338951,1h,1783314000000
2.3772,17.1824611234,-1.1484992880050724,0.0003022,1783315799999,0.00039223,2.7037,500.0,-0.6098013622480146,15326872695.0,0.00916247356304023,-0.040581490441366344,4628715.55389,-0.1730912774968221,1.2113,-0.90341161661614,0.0,8591.2305617,-0.6871798819163695,55.2156947504418,AKEUSDT_15m_limit500_20260707_181139_enriched_candles.csv,-9.833135502917251,15m,1783314900000
2.3784,43.335053623362974,0.33124595993897765,0.0003055,1783316699999,0.00039223,2.7023,1237.0,0.0033267065351418003,15330149557.0,0.02137984744317034,-0.03594308231965567,4632771.1961254,-0.16841663544048244,1.212,1.5804370502922709,1.091992058239577,53605.4613321,0.18865174901043139,71.6348749974968,AKEUSDT_15m_limit500_20260707_181139_enriched_candles.csv,14.751095768976993,15m,1783315800000
2.3591,37.44670518648861,-0.012025660943604816,0.0003079,1783317599999,0.00039223,2.6819,1273.0,0.0316037120838471,15360720882.0,0.19941961352909487,-0.009438378805476506,4689628.0852746,-0.031127771057132384,1.2136,0.8819532387451902,0.7855973813420736,47669.6557024,0.07267179091186415,77.9628306121852,AKEUSDT_15m_limit500_20260707_181139_enriched_candles.csv,14.95242002648059,15m,1783316700000
2.3411,19.731708266344086,-1.0090300083436767,0.0003075,1783318499999,0.00039223,2.6738,930.0,-0.2553247265721332,15309640947.0,-0.33253605343389614,-0.05470682734593604,4713838.4475813,0.029059511459253,1.2106,-0.6066500237673417,-0.12991230919129348,18350.4886877,-0.4985343002927101,74.96125688528755,AKEUSDT_15m_limit500_20260707_181139_enriched_candles.csv,-15.039865207240519,15m,1783317600000
2.3411,35.51799631023448,0.3017486933567475,0.0003086,1783321199999,0.00039223,2.6738,3625.0,1.2785946879185268,15309640947.0,-0.10327616409835372,11.64455188468376,4713838.4475813,5.643964913717856,1.2106,-0.5969471756555991,0.22734654108478303,128752.7366246,1.2639639934145812,53.40884046534586,AKEUSDT_1h_limit500_20260717_211343_enriched_candles.csv,-3.166312182308279,1h,1783317600000
2.34,36.90468751806958,-0.032185170151651336,0.0003069,1783319399999,0.00039223,2.6832,891.0,-0.28680404697156986,15308374806.0,-0.008270220081474378,-0.05472959874326725,4704263.5778838,0.004317129173676558,1.21,-0.45893586542894493,-0.19512195121951237,32882.0765786,-0.21518017765031083,70.57220185005578,AKEUSDT_15m_limit500_20260707_181139_enriched_candles.csv,-35.221516875054675,15m,1783318500000
2.3445,37.63269192022613,0.010607990646119907,0.0003086,1783320299999,0.00039223,2.6941,796.0,-0.3652441397149938,15274330091.0,-0.22239274535306164,-0.0840929397265989,4688150.13483063,-0.03635626169152951,1.2074,0.35681672187559016,0.5539263603779876,29955.6227685,-0.2715421410951352,75.03274127981658,AKEUSDT_15m_limit500_20260707_181139_enriched_candles.csv,0.1960213211181967,15m,1783319400000
2.3659,47.18705217242063,0.5536684137999894,0.0003086,1783321199999,0.00039223,2.6914,1008.0,-0.186195991780397,15280699929.0,0.04170289604878974,-0.07883807769341833,4714095.9280965,0.02836559181552864,1.2075,-0.90341161661614,0.0,47564.5485898,0.09187816760105107,75.03274127981658,AKEUSDT_15m_limit500_20260707_181139_enriched_candles.csv,21.457203368452944,15m,1783320300000
2.3557,56.32518389175257,1.072040840019791,0.0003057,1783322099999,0.00039223,2.6805,1746.0,0.4351004863013699,15305837758.0,0.16450705214290373,-0.0562380456278439,4721850.948343,0.04606922072526893,1.2052,1.234171457139214,-0.9397278029812162,98343.771075,1.0650271079222604,57.722804524080104,AKEUSDT_15m_limit500_20260707_181139_enriched_candles.csv,-18.617741634126162,15m,1783321200000
2.3557,46.28750823192975,1.1449527186778539,0.0003105,1783324799999,0.00039223,2.6805,5011.0,2.297294181692478,15305837758.0,-0.024841790954899245,11.549428373469048,4721850.948343,5.660305640664321,1.2052,0.08630704593996709,0.6156837329876819,231946.7037502,3.069239722663012,56.590127313649106,AKEUSDT_1h_limit500_20260717_211343_enriched_candles.csv,-1.2374311915598923,1h,1783321200000
2.3693,41.15535240370371,0.20334223363727072,0.000307,1783322999999,0.00039223,2.7216,972.0,-0.21686019947139304,15358440356.0,0.3436766992548801,-0.007079547673774724,4694307.2948114,-0.02297442111028583,1.2039,0.06366150729015063,0.42525351651945265,40003.0025364,-0.07661278533527784,61.959444464005166,AKEUSDT_15m_limit500_20260707_181139_enriched_candles.csv,6.864885654273524,15m,1783322100000
2.3422,48.266623114096305,0.5987649598150089,0.0003111,1783323899999,0.00039223,2.7064,1433.0,0.1724069809850374,15362754203.0,0.028087793421782692,-0.0021968656748111806,4714829.2649007,0.028860738561286504,1.2049,2.1317254425546817,1.3355048859934993,69166.0709225,0.49452164173179414,71.61918459159267,AKEUSDT_15m_limit500_20260707_181139_enriched_candles.csv,15.991658448972087,15m,1783323000000
2.349,28.411464204999998,-0.5215069734491702,0.0003105,1783324799999,0.00039223,2.712,860.0,-0.3112060428082192,15391297348.0,0.18579445210693546,0.025468028974606094,4787001.30117496,0.20589709798678976,1.2005,-0.46415643674893897,-0.192864030858253,24433.8592163,-0.380904641597448,68.86331541617288,AKEUSDT_15m_limit500_20260707_181139_enriched_candles.csv,6.680263361798855,15m,1783323900000
2.3535,41.55776430804769,0.2218983626045516,0.0003149,1783325699999,0.00043466,2.7092,2013.0,0.6610167961922596,15401940305.0,0.06914918709814977,0.034667854091684526,4779222.0766415,0.18582257609153757,1.1994,2.31704751931226,1.4170692431561882,83655.7795521,0.7790430881882265,76.12014622456775,AKEUSDT_15m_limit500_20260707_181139_enriched_candles.csv,13.70427529416552,15m,1783324800000
2.3535,43.27414314018392,0.9009385701012714,0.0003035,1783328399999,0.00043466,2.7092,9352.0,5.501596712891699,15401940305.0,0.6278816522131914,11.253982146823585,4779222.0766415,5.95088436875753,1.1994,2.923390505673888,-2.254428341384862,404699.786647,5.895751799893444,44.5271757673983,AKEUSDT_1h_limit500_20260717_211343_enriched_candles.csv,-20.8280989670803,1h,1783324800000
2.3535,38.57818539616073,0.35144732689191005,0.0003027,1783339199999,0.00043466,2.7092,17894.0,2.5348260183465143,15401940305.0,0.3841128104936198,14.198126801488664,4779222.0766415,3.9074807947556454,1.1994,0.5786118752422503,-2.5120772946859993,690318.0494789,2.0453020519892244,36.27442778670399,AKEUSDT_4h_limit500_20260717_211446_enriched_candles.csv,-16.705102384408228,4h,1783324800000
2.3501,33.72733292510602,-0.22523524181797663,0.000313,1783326599999,0.00043466,2.73,1179.0,-0.043339016999376166,15465315300.0,0.41147409836035376,0.09363383011909192,4859820.679872,0.3895194818719921,1.2005,0.4676252162981674,-0.6033661479834862,39764.5255187,-0.08141675374741836,68.67676801089605,AKEUSDT_15m_limit500_20260707_181139_enriched_candles.csv,4.011066349955384,15m,1783325700000
2.3613,49.512390432005375,0.6763391648127278,0.0003033,1783327499999,0.00043466,2.7341,4468.0,2.7316834875000002,15481925443.0,0.10740255001460142,0.10843184618186774,4852809.53010835,0.37678191558599433,1.2027,6.123923490087582,-3.0990415335463317,221221.3604502,3.473008678060841,44.66440707138315,AKEUSDT_15m_limit500_20260707_181139_enriched_candles.csv,-39.22676142195362,15m,1783326600000
2.406,35.49534345508274,-0.12704762538941414,0.0003035,1783328399999,0.00043466,2.7807,1692.0,0.3883680843730505,15566203738.0,0.5443657205965069,0.18781838716007412,4725899.4548568,0.04368238546957531,1.2058,-0.7530978288063899,0.06594131223212063,60058.121126,0.3150230333713881,45.09070558844645,AKEUSDT_15m_limit500_20260707_181139_enriched_candles.csv,-17.60410821647054,15m,1783327500000
2.4118,23.985497272105672,-0.7769668751437113,0.0003026,1783329299999,0.00043466,2.7707,1287.0,0.04564216353383459,15553550801.0,-0.08128466781602839,0.17531496847664532,4712725.892703,-0.0030559670830330316,1.2093,-0.229558234370786,-0.29654036243822457,30869.3349892,-0.2560844169175832,43.467868963902426,AKEUSDT_15m_limit500_20260707_181139_enriched_candles.csv,-4.911268952604312,15m,1783328400000
2.4118,41.897997335089286,0.7838536269842267,0.0003033,1783331999999,0.00043466,2.7707,3360.0,1.0504348565573771,15553550801.0,0.9843597170077434,11.089945438935302,4712725.892703,5.537450322332268,1.2093,-0.8771299184288739,-0.06589785831960793,140777.2710459,1.326989986490073,44.237030482297264,AKEUSDT_1h_limit500_20260717_211343_enriched_candles.csv,-18.860405080762703,1h,1783328400000
2.4002,78.08739406902072,2.3080490077350504,0.0003032,1783330199999,0.00043466,2.7764,1062.0,-0.146775756918239,15575244552.0,0.139477803348953,0.1952824443510652,4705904.38894128,-0.020335301177119337,1.2097,-0.4518594134788947,0.198281559814939,82928.8125013,0.7657844922981291,44.89182705006043,AKEUSDT_15m_limit500_20260707_181139_enriched_candles.csv,-28.87364037043777,15m,1783329300000
2.413,29.611123400580272,-0.45543796755945354,0.0003035,1783331099999,0.00043466,2.8023,517.0,-0.6097659861111111,15573652834.0,-0.01021953777152751,0.19237838882101424,4718505.33564532,0.015947234319552313,1.2122,-0.6778586683295995,0.09894459102901543,15308.9507981,-0.5597869248371845,45.62925873011556,AKEUSDT_15m_limit500_20260707_181139_enriched_candles.csv,22.371331542361826,15m,1783330200000
2.4014,23.623831492510124,-0.7939655923046816,0.0003033,1783331999999,0.00043466,2.7836,494.0,-0.630808509047619,15580531251.0,0.04416701125495859,0.20050661929251698,4723238.04874065,0.028248111594738466,1.2114,-0.7523861418109825,-0.06589785831960793,11670.1727573,-0.6335366635457546,45.19505839488419,AKEUSDT_15m_limit500_20260707_181139_enriched_candles.csv,-38.691257303586504,15m,1783331100000
2.4072,18.455621449373883,-1.0845152959184792,0.0003046,1783332899999,0.00043466,2.8052,559.0,-0.5748199270700637,15579511679.0,-0.006543884695420221,0.20124415655307065,4720592.038737,0.019670572896718422,1.2106,0.07175272015242815,0.4286185295087286,10316.6923902,-0.6630419284804087,48.61767706644153,AKEUSDT_15m_limit500_20260707_181139_enriched_candles.csv,60.151642738663604,15m,1783332000000
2.4072,31.854646675864455,0.0030967026547954776,0.0003035,1783335599999,0.00043466,2.8052,2892.0,0.6930037312970937,15579511679.0,0.16691286981447284,10.651215591321671,4720592.038737,5.477507942339461,1.2106,-0.8765069111128881,0.06594131223212063,92123.6381866,0.5145259193810054,44.62561364398925,AKEUSDT_1h_limit500_20260717_211343_enriched_candles.csv,-3.418376572168484,1h,1783332000000
2.4258,39.094376444,0.09264242090956161,0.0003027,1783333799999,0.00043466,2.811,1050.0,-0.15122317961783438,15579773713.0,0.0016819140766344276,0.201841377393119,4741080.93860303,0.08184738976888771,1.21,0.5144627948457831,-0.6237688772160133,41049.0952662,-0.03884043492362149,44.26648032969954,AKEUSDT_15m_limit500_20260707_181139_enriched_candles.csv,-13.637246783875865,15m,1783332900000
2.4614,37.53789314565218,0.002440825322498771,0.0003028,1783334699999,0.00043466,2.8565,782.0,-0.38074644891443166,15543452997.0,-0.2331273654487931,0.16507789215250193,4703759.74595214,-0.03238057868591672,1.2051,-0.8276093152580722,0.033036009250086984,29354.6324399,-0.26245207696821693,44.547776979085604,AKEUSDT_15m_limit500_20260707_181139_enriched_candles.csv,-21.766473185387863,15m,1783333800000
2.4435,22.760914351896208,-0.8406824177935032,0.0003035,1783335599999,0.00043466,2.8226,501.0,-0.6219432943805875,15526035952.0,-0.11205389821271616,0.14664335325438502,4700507.384468,-0.04237141791235842,1.2051,-0.37706273784615474,0.2311756935270859,11403.2180903,-0.631301494262586,46.580285499209346,AKEUSDT_15m_limit500_20260707_181139_enriched_candles.csv,23.086832047344785,15m,1783334700000
2.4153,29.10012979021938,-0.4781874077698562,0.000304,1783336499999,0.00043466,2.8037,1094.0,-0.11054377464788732,15532709290.0,0.04298159569275928,0.15196433325864542,4707964.185799,-0.018560239250564353,1.2046,-0.5282251220841343,0.16474464579900872,31835.5419905,-0.19622214271291444,48.04514574200222,AKEUSDT_15m_limit500_20260707_181139_enriched_candles.csv,-6.04388436884213,15m,1783335600000
2.4153,23.02067842768559,-0.6797044503728509,0.0003027,1783339199999,0.00043466,2.8037,2290.0,0.2503408404029693,15532709290.0,-0.30040985856498725,10.116462162389604,4707964.185799,5.328045658319742,1.2046,-0.5303800706674466,-0.2635914332784206,52717.3535994,-0.1387135428088659,43.32507842710923,AKEUSDT_1h_limit500_20260717_211343_enriched_candles.csv,-2.516758381086677,1h,1783335600000
2.4235,16.155059380824742,-1.2191418027146728,0.0003022,1783337399999,0.00043466,2.8066,485.0,-0.629844743835172,15511228933.0,-0.1382911158572253,0.12937535635619124,4712156.23755607,-0.0036542902863560536,1.202,0.4447235012914768,-0.5921052631579049,7835.2037997,-0.7082429667328901,43.42821083842616,AKEUSDT_15m_limit500_20260707_181139_enriched_candles.csv,-12.049752458719054,15m,1783336500000
2.4341,19.79076906794872,-1.0098321193041002,0.0003023,1783338299999,0.00043466,2.8241,390.0,-0.708258670289855,15510111891.0,-0.0072015054695229175,0.1268380274508457,4683278.28548745,-0.0982477868308402,1.202,-0.8316759198934258,0.03309066843151243,7718.3999365,-0.7104552778033093,43.751600834672665,AKEUSDT_15m_limit500_20260707_181139_enriched_candles.csv,-15.034092387627604,15m,1783337400000
2.4188,16.598778419626168,-1.1956135593309185,0.0003027,1783339199999,0.00043466,2.8197,321.0,-0.7695700390469887,15507462203.0,-0.01708361627963395,0.12432239952539498,4685269.55539239,-0.09173776466468085,1.2019,-0.6023778216186054,0.13231888852134333,5328.2078727,-0.7615460698186247,45.10341402069638,AKEUSDT_15m_limit500_20260707_181139_enriched_candles.csv,50.70840018730114,15m,1783338300000
2.4095,26.86557942012448,-0.6009391357838327,0.0003029,1783340099999,0.00043466,2.8081,964.0,-0.19283948969414894,15513408878.0,0.03834718358268763,0.1303719625897203,4695908.8673706,-0.05551893973339717,1.2018,-0.7534443942871845,0.06607201850017397,25898.418561,-0.31368906935627516,45.804744107565455,AKEUSDT_15m_limit500_20260707_181139_enriched_candles.csv,27.446238248323134,15m,1783339200000
2.4095,24.92314203583535,-0.5306058498658389,0.0003015,1783342799999,0.00043466,2.8081,2478.0,0.38012109308226494,15513408878.0,-0.12425657134023105,9.986755703559597,4695908.8673706,5.0051410373011,1.2018,-0.29170898378480936,-0.3964321110009883,61759.5459648,0.014149974830283376,41.377143846998074,AKEUSDT_1h_limit500_20260717_211343_enriched_candles.csv,-8.750736525945737,1h,1783339200000
2.4095,36.70176363003286,0.1947547038813606,0.0003036,1783353599999,0.00043466,2.8081,11261.0,0.8524969192100539,15513408878.0,0.7237307169916329,14.269601801911126,4695908.8673706,3.450131698695745,1.2018,-0.7652105429627488,0.29732408325076065,413298.5602378,0.6934895752097392,36.65512153813892,AKEUSDT_4h_limit500_20260717_211446_enriched_candles.csv,-12.618540128809821,4h,1783339200000
2.413,15.992432786373625,-1.225020703231717,0.0003037,1783340999999,5e-05,2.8212,455.0,-0.648442381605691,15504430075.0,-0.05787769194127712,0.12195770511292893,4696291.8697175,-0.04776416372249144,1.1985,-0.2943133308083616,0.2641135688346008,7276.5569178,-0.7196028450284429,48.631687471825444,AKEUSDT_15m_limit500_20260707_181139_enriched_candles.csv,4.550578950189988,15m,1783340100000
2.4223,18.58606802651515,-1.0603886812792196,0.0003033,1783341899999,5e-05,2.83,396.0,-0.7024382203038674,15505271897.0,0.00542955784847976,0.12335293813605148,4708330.86424302,0.0012917219707293131,1.1985,-0.6013220492322282,-0.13170892327954986,7360.0829385,-0.7167900747463593,47.303070319433424,AKEUSDT_15m_limit500_20260707_181139_enriched_candles.csv,-27.865473259435607,15m,1783341000000
2.4364,32.01280173076923,-0.28698589791243256,0.0003015,1783342799999,5e-05,2.8358,663.0,-0.4482546463541667,15499499180.0,-0.03723067249866707,0.11394982923440854,4700998.101294,-0.026303150260817393,1.1982,0.47147299316841074,-0.5934718100890191,21224.4875475,-0.41159058474568394,41.77251954870951,AKEUSDT_15m_limit500_20260707_181139_enriched_candles.csv,-50.85051079770951,15m,1783341900000
2.4459,22.993951765444287,-0.7987409451693439,0.0003025,1783343699999,5e-05,2.858,709.0,-0.3999771384615385,15486462174.0,-0.08411243388316558,0.09703336806040033,4671181.58554362,-0.14131228922394853,1.1957,-0.13727936978677982,0.3316749585406287,16302.7118017,-0.5204695104458155,45.57927971962095,AKEUSDT_15m_limit500_20260707_181139_enriched_candles.csv,18.167481330260372,15m,1783342800000
2.4459,41.83754924015399,0.7791669867830171,0.0003014,1783346399999,5e-05,2.858,4286.0,1.6808024316720258,15486462174.0,-0.1736994377696921,9.845859407664149,4671181.58554362,4.645326006283787,1.1957,-0.9377220939282376,-0.033167495854058426,179315.7360433,1.9422230386717991,41.210859976620235,AKEUSDT_1h_limit500_20260717_211343_enriched_candles.csv,-34.93061398157217,1h,1783342800000
2.4188,36.083575730612246,-0.04870799721624523,0.000303,1783344599999,5e-05,2.83,735.0,-0.3723449041842475,15487931168.0,0.009485665502517726,0.09864094741299073,4685099.17832,-0.08458586990156448,1.1958,-0.5240953153289489,0.16528925619834212,26521.428162,-0.29488189725936065,47.429915198284284,AKEUSDT_15m_limit500_20260707_181139_enriched_candles.csv,-7.353657160116252,15m,1783343700000
2.413,51.14477007065657,0.8095852222408089,0.000301,1783345499999,5e-05,2.8447,1980.0,0.8220343828125,15500452356.0,0.080844806605751,0.11157497337913323,4696637.063868,-0.03620195102761521,1.1964,0.6848979222481487,-0.660066006600657,101266.6447399,1.359163429964601,41.369753574360175,AKEUSDT_15m_limit500_20260707_181139_enriched_candles.csv,-52.636281535748495,15m,1783344600000
2.4211,40.86421269106728,0.22289338777039072,0.0003014,1783346399999,5e-05,2.8447,862.0,-0.2518664256329114,15579441520.0,0.5095926375943804,0.19590107361114742,4680375.8214384,-0.09990927892722012,1.2033,-0.6010357747410685,0.1328903654485014,35224.9513397,-0.10308601820071167,42.94003691823724,AKEUSDT_15m_limit500_20260707_181139_enriched_candles.csv,-29.367218879990936,15m,1783345500000
2.4165,48.71866251223329,0.6706927781485763,0.0003016,1783347299999,5e-05,2.8344,703.0,-0.40143637109375,15597585192.0,0.11645906547232965,0.21874724291833783,4697524.73227464,-0.030485826640462094,1.1987,-0.7554211840884316,0.06635700066357497,34249.2197461,-0.1228075412737482,43.751229602733176,AKEUSDT_15m_limit500_20260707_181139_enriched_candles.csv,-44.047061232155045,15m,1783346400000
2.4165,37.23272405494186,0.41722745492077423,0.0003019,1783349999999,5e-05,2.8344,1720.0,-0.18420790561357703,15597585192.0,0.7175494102620972,9.849074371078618,4697524.73227464,4.73859205903988,1.1987,-0.7002536011711193,0.16589250165892633,64040.2853745,0.04261461337199292,42.45607340730216,AKEUSDT_1h_limit500_20260717_211343_enriched_candles.csv,-6.648736022334198,1h,1783346400000
2.4282,36.062523538181814,-0.05552943138423083,0.0003023,1783348199999,5e-05,2.8476,440.0,-0.6533969646410803,15549868621.0,-0.3059228105673273,0.1698981059120344,4689840.3760936,-0.060553957099552164,1.1948,-0.3376362400738102,0.23209549071616653,15867.5103568,-0.5290913740063918,46.61203698480422,AKEUSDT_15m_limit500_20260707_181139_enriched_candles.csv,40.0172784451899,15m,1783347300000
2.4141,23.015600403741498,-0.8020192289231186,0.0003023,1783349099999,5e-05,2.8212,294.0,-0.7934609150071124,15525643541.0,-0.1557896120568114,0.14475080747013128,4692315.24739643,-0.0492169806696961,1.1936,-0.9281152268638426,0.0,6766.5865187,-0.7306074373942252,46.61203698480421,AKEUSDT_15m_limit500_20260707_181139_enriched_candles.csv,36.26410855633948,15m,1783348200000
2.4211,25.28964223639576,-0.6653694534113105,0.0003019,1783349999999,5e-05,2.8344,283.0,-0.8040148086770982,15525989744.0,0.0022298785817609357,0.14707030427231457,4692109.36053424,-0.048996098183355534,1.1947,-0.5905426269898475,-0.13231888852132112,7156.9687529,-0.7218933234248526,45.092161681322665,AKEUSDT_15m_limit500_20260707_181139_enriched_candles.csv,28.284560936216852,15m,1783349100000
2.4352,27.272456298981325,-0.5499284728564751,0.000301,1783350899999,5e-05,2.8432,589.0,-0.5104246756756757,15526810199.0,0.005284397410587616,0.15002071399144795,4687543.9990781,-0.06670993213825128,1.195,-0.1605544840829423,-0.2981119576018654,16063.4767601,-0.5241087544561974,41.79034446140711,AKEUSDT_15m_limit500_20260707_181139_enriched_candles.csv,-17.95184005409579,15m,1783350000000
2.4352,38.956785327763775,0.5484295773291387,0.0003036,1783353599999,5e-05,2.8432,2777.0,0.5899074340836014,15526810199.0,-0.45375609191287136,9.542181371628566,4687543.9990781,4.650275751758613,1.195,0.013991950413623135,0.5631003643590482,108182.9928552,0.7727269204879185,46.59769390276271,AKEUSDT_1h_limit500_20260717_211343_enriched_candles.csv,18.622268646759508,1h,1783350000000
2.453,31.70686037442244,-0.29779983400933824,0.0003026,1783351799999,5e-05,2.867,606.0,-0.4938571673789174,15523474964.0,-0.021480490566017085,0.14641195004737514,4671789.7904158,-0.13098981384708158,1.1943,0.45635095689343214,0.5315614617940057,19214.3573869,-0.4538998063411533,48.94736540657181,AKEUSDT_15m_limit500_20260707_181139_enriched_candles.csv,14.594981500718534,15m,1783350900000
2.4376,31.087743494131455,-0.3347854100464442,0.0003035,1783352699999,5e-05,2.8358,426.0,-0.6667922920827389,15516283363.0,-0.04632726252773445,0.1383053306833373,4691813.76330394,-0.046904224216422645,1.1945,-0.16240130254058724,0.2974223397224085,13243.3787285,-0.5866616788088599,52.48623010939846,AKEUSDT_15m_limit500_20260707_181139_enriched_candles.csv,56.758927821974204,15m,1783351800000
2.4412,51.610536314619374,0.8593183271141568,0.0003036,1783353599999,5e-05,2.8314,1156.0,0.04796806640058056,15509613748.0,-0.04298461715325219,0.1311977238062485,4705461.71500572,0.012524551858878406,1.1957,-0.8471221721009572,0.03294892915979286,59661.7799797,0.4563681313596432,52.87708908037496,AKEUSDT_15m_limit500_20260707_181139_enriched_candles.csv,21.301217528582203,15m,1783352700000
2.4674,18.66797385034483,-1.0558651330799815,0.0003049,1783354499999,0.00040078,2.8911,580.0,-0.5193571075,15498582283.0,-0.07112662622834609,0.11893958995994718,4703199.77959918,0.0006167175741757896,1.1854,0.18660373536989738,0.42819499341237854,10827.4248332,-0.6421294967033956,57.74363439207066,AKEUSDT_15m_limit500_20260707_181139_enriched_candles.csv,6.7925187191776555,15m,1783353600000
2.4674,26.244946392555477,-0.43385224013473905,0.0003041,1783357199999,0.00040078,2.8911,2794.0,0.5762596444532071,15498582283.0,-0.1818011274577036,9.227157757217448,4703199.77959918,4.608646139650446,1.1854,-0.7023866251580742,0.16469038208168918,73328.3802208,0.18448785543969345,47.787968501473614,AKEUSDT_1h_limit500_20260717_211343_enriched_candles.csv,10.850041916981004,1h,1783353600000
2.4674,26.07513404469478,-0.7498434957480369,0.0003083,1783367999999,0.00040078,2.8911,10386.0,0.6053899259615385,15498582283.0,-0.09557277266781794,13.867920494865416,4703199.77959918,3.413907288188092,1.1854,0.00030070768575755365,1.5480895915678472,270816.3421882,0.014584721182748972,38.71414954386625,AKEUSDT_4h_limit500_20260717_211446_enriched_candles.csv,4.951279447486847,4h,1783353600000
2.4674,24.12651909402262,-0.7321615021684568,0.0003047,1783355399999,0.00040078,2.888,619.0,-0.4780697138707335,15496809898.0,-0.01143578791683586,0.11525371088933892,4724357.46550428,0.09103857616059749,1.1852,-0.761725375327395,-0.06559527714005142,14934.3153192,-0.5486934025678871,56.77223906322952,AKEUSDT_15m_limit500_20260707_181139_enriched_candles.csv,-3.721736515670245,15m,1783354500000
2.4904,32.11757844128181,-0.2697104596090236,0.0003046,1783356299999,0.00040078,2.9047,1061.0,-0.03387393131462334,15488890235.0,-0.05110511809931495,0.10422845322340576,4719464.8546045,0.07004573690331013,1.1853,-0.8467149368707467,-0.03281916639317206,34076.7507262,-0.11357132104286902,56.26259572893395,AKEUSDT_15m_limit500_20260707_181139_enriched_candles.csv,14.088799976779276,15m,1783355400000
2.465,25.261965060299627,-0.6653667717122661,0.0003041,1783357199999,0.00040078,2.8775,534.0,-0.5592477882766271,15492947310.0,0.02619345181251731,0.10893439875836732,4717912.3148412,0.06228398490541624,1.1862,-0.5030380536443365,-0.16414970453051403,13489.8893422,-0.5793314381917324,53.66839475095109,AKEUSDT_15m_limit500_20260707_181139_enriched_candles.csv,22.05737701117967,15m,1783356300000
2.4674,24.224644139499308,-0.7272858006974798,0.0003067,1783358099999,0.00040078,2.87,719.0,-0.3747165277777778,15476232524.0,-0.1078864186752293,0.08893116414291165,4706167.54822316,0.010406434916403147,1.1878,1.3036104219180997,0.8549819138441217,17417.5191363,-0.4899091886897185,63.176551597821685,AKEUSDT_15m_limit500_20260707_181139_enriched_candles.csv,9.369921011877741,15m,1783357200000
2.4674,27.45065569852373,-0.3421426433918086,0.0003058,1783360799999,0.00040078,2.87,2845.0,0.5867852004643963,15476232524.0,-0.14420518336386579,8.974106237723179,4706167.54822316,4.509783078782139,1.1878,0.006776871296311724,0.5590266359750018,78097.1154623,0.2568303826968088,51.72755005336324,AKEUSDT_1h_limit500_20260717_211343_enriched_candles.csv,2.6071694648989947,1h,1783357200000
2.4855,16.30682073536379,-1.1764612539359092,0.0003065,1783358999999,0.00040078,2.9047,591.0,-0.5026197692592592,15469366473.0,-0.04436513207818349,0.08192650521052149,4741515.51763923,0.16282290634742402,1.1879,-0.761389541974223,-0.06521030322789167,9637.3310546,-0.6676851419010642,62.120475789567024,AKEUSDT_15m_limit500_20260707_181139_enriched_candles.csv,10.497483640111307,15m,1783358100000
2.4916,42.817372647070506,0.3534642324470462,0.0003053,1783359899999,0.00040078,2.917,1007.0,-0.08693423444444444,15468767564.0,-0.0038715806561673283,0.08232766312985788,4741177.258366,0.1604655143449105,1.188,0.09109087594913791,-0.3915171288743968,43117.0942556,0.09658371150451196,56.064765107750446,AKEUSDT_15m_limit500_20260707_181139_enriched_candles.csv,-6.5123165451607665,15m,1783359000000
2.5112,15.009793590530302,-1.2511358425578396,0.0003058,1783360799999,0.00040078,2.9526,528.0,-0.5565931920480119,15456888070.0,-0.07679664169010225,0.06707291531368817,4718987.927771,0.06293686534069128,1.1897,-0.5040208262240894,0.1637733377006345,7925.1710158,-0.7076507225964241,57.906060063459485,AKEUSDT_15m_limit500_20260707_181139_enriched_candles.csv,27.764205590179124,15m,1783359900000
2.5075,15.188175835901927,-1.2370024579903398,0.0003058,1783361699999,0.00040078,2.9386,571.0,-0.5017794958333334,15453958729.0,-0.018951686696144776,0.06297005853124853,4727984.13355026,0.10198496656118043,1.1902,-0.9326963304317512,0.0,8672.4484023,-0.688825354268035,57.906060063459485,AKEUSDT_15m_limit500_20260707_181139_enriched_candles.csv,-11.778833693943769,15m,1783360800000
2.5075,15.265764934290107,-1.2943049775845885,0.0003064,1783364399999,0.00040078,2.9386,1951.0,-0.04222049743458184,15453958729.0,-0.14392259204853985,8.90382686897822,4727984.13355026,4.610906697879696,1.1902,-0.6463526870961624,0.19620667102682177,29783.5073868,-0.537453801384116,53.0733667530338,AKEUSDT_1h_limit500_20260717_211343_enriched_candles.csv,2.3354069430663253,1h,1783360800000
2.5137,16.753616323311896,-1.1428785875310705,0.0003054,1783362599999,0.00040078,2.9417,622.0,-0.44948937850644427,15461835852.0,0.050971554526135776,0.07029385072512223,4728229.4035416,0.10237784870022837,1.1911,-0.5899733407552349,-0.1308044473512182,10420.7493531,-0.6487662464890568,55.7387214569606,AKEUSDT_15m_limit500_20260707_181139_enriched_candles.csv,-5.260487399948107,15m,1783361700000
2.5075,12.705150335616437,-1.3709426766848416,0.0003055,1783363499999,0.00040078,2.9246,365.0,-0.7134420455927052,15463695109.0,0.012024813985855864,0.07015036392942012,4722612.4862886,0.07659296082508857,1.1914,-0.8484808376073848,0.03274394237067213,4637.3798725,-0.7813577016930353,56.180288806822446,AKEUSDT_15m_limit500_20260707_181139_enriched_candles.csv,7.858461685683278,15m,1783362600000
2.5186,15.401856892875317,-1.1914728269874233,0.0003064,1783364399999,0.00040078,2.9339,393.0,-0.6796189496197719,15464691584.0,0.006443964349900355,0.07111567604733157,4724463.278912,0.08433934700675533,1.1919,-0.15386308785080835,0.29459901800328314,6052.9297589,-0.7487931385854389,60.04381780479568,AKEUSDT_15m_limit500_20260707_181139_enriched_candles.csv,31.40355060795285,15m,1783363500000
2.5174,13.963818476470589,-1.259288996516568,0.0003058,1783365299999,0.00040078,2.9308,765.0,-0.29392901949541284,15464360483.0,-0.0021410126299747922,0.07041037154437088,4738280.0519912,0.14621296119247632,1.1923,-0.4114922319731238,-0.1958224543081033,10682.3211345,-0.6425590202587304,56.46927655188357,AKEUSDT_15m_limit500_20260707_181139_enriched_candles.csv,20.730172130363034,15m,1783364400000
2.5174,32.048404548748216,0.020429133508245097,0.0003083,1783367999999,0.00040078,2.9308,2796.0,0.5578592307291667,15464360483.0,0.06730802238057443,8.886711632671672,4738280.0519912,4.657276327059034,1.1923,0.11759447845289299,0.6201044386422883,89607.3391183,0.4458271610169219,57.14762456711199,AKEUSDT_1h_limit500_20260717_211343_enriched_candles.csv,3.036608028174671,1h,1783364400000
2.5311,20.620598679829058,-0.8809137561520433,0.0003066,1783366199999,0.00040078,2.9401,585.0,-0.4775697540229885,15467780565.0,0.0221158967663726,0.07372142003340568,4730047.296777,0.10943093520487848,1.193,-0.23053647788690157,0.2616088947024364,12063.0502277,-0.6109760884667627,59.897338282465206,AKEUSDT_15m_limit500_20260707_181139_enriched_candles.csv,37.00879075715498,15m,1783365300000
2.5261,53.69929309848485,0.9909880910864223,0.0003081,1783367099999,0.00040078,2.9293,1056.0,0.012490550925925924,15461524918.0,-0.0404430808525591,0.06476118718578727,4740503.5398588,0.1579307243164309,1.1944,0.4008441532060388,0.4892367906066397,56706.453512,0.4145653522139502,65.39936585917005,AKEUSDT_15m_limit500_20260707_181139_enriched_candles.csv,-5.4171727698505086,15m,1783366200000
2.5149,26.039780113076926,-0.5713017842334742,0.0003083,1783367999999,0.00040078,2.9185,390.0,-0.6828039533898305,15532008455.0,0.4558640714535489,0.15458800009929147,4785411.8049855,0.3662653055413969,1.2019,-0.7656637628175555,0.06491398896462108,10155.5142441,-0.6557452933363308,66.06783981639992,AKEUSDT_15m_limit500_20260707_181139_enriched_candles.csv,-8.723756800545104,15m,1783367100000
2.5075,65.99722997951636,1.6858883558847717,0.0003118,1783368899999,0.00040078,2.9139,1406.0,0.3767982862654321,15546355281.0,0.09236941920014452,0.17338531344391028,4792941.3331323,0.40388753910939124,1.2016,2.1599896600777413,1.1352578657152002,92792.1053512,1.246861376983175,75.1249114332278,AKEUSDT_15m_limit500_20260707_181139_enriched_candles.csv,24.37333223101346,15m,1783368000000
2.5075,54.82302892420443,1.799600129831528,0.0003076,1783371599999,0.00040078,2.9139,3111.0,0.7681494665803108,15546355281.0,0.5302178392060597,9.001603438864853,4792941.3331323,4.695199972772392,1.2016,-0.5925403825567955,-0.22705157314304447,170554.4429832,1.7575644955179532,55.24458444852165,AKEUSDT_1h_limit500_20260717_211343_enriched_candles.csv,-0.6970052984882267,1h,1783368000000
2.5075,42.345695708521916,0.6887520774207453,0.0003024,1783382399999,0.00040078,2.9139,7733.0,-0.03838179007633588,15546355281.0,0.3082410837822236,13.813423801893915,4792941.3331323,3.6585513115250095,1.2016,0.22029266421538032,-1.9137204022056542,327459.264914,0.2830968489463488,37.08454388032039,AKEUSDT_4h_limit500_20260717_211446_enriched_candles.csv,-3.9411712341653837,4h,1783368000000
2.4686,23.031155462616823,-0.7401137185985144,0.0003104,1783369799999,5e-05,2.8565,535.0,-0.5321090169491526,15635985274.0,0.5765338008809184,0.2873890251674116,4875300.2084332,0.7986540718916814,1.1991,0.27611557286605437,-0.4490057729313546,12321.6681725,-0.6059635559563947,67.37783213163763,AKEUSDT_15m_limit500_20260707_181139_enriched_candles.csv,-12.00277548457898,15m,1783368900000
2.4674,65.34975541070615,1.6386873075269324,0.0003076,1783370699999,5e-05,2.8655,878.0,-0.17278595447530865,15623710342.0,-0.07850437170986435,0.26977434044842524,4849599.6901568,0.6731754185055149,1.1986,1.4800807862174346,-0.902061855670111,57377.0852506,0.4311096578970845,55.13236561472316,AKEUSDT_15m_limit500_20260707_181139_enriched_candles.csv,-45.23498163150174,15m,1783369800000
2.5486,27.615014414041095,-0.48136823891661557,0.0003076,1783371599999,5e-05,2.9293,292.0,-0.7856751697265625,15580552610.0,-0.27623228449124015,0.21373104838301624,4790552.5109967,0.3883145628543635,1.1974,-0.9376368399541195,0.0,8063.5842089,-0.7053947351675726,55.13236561472316,AKEUSDT_15m_limit500_20260707_181139_enriched_candles.csv,44.994315439721035,15m,1783370700000
2.5448,42.230903083195024,0.3407543669788862,0.0003083,1783372499999,5e-05,2.9293,482.0,-0.5803994870689656,15583421909.0,0.01841590007634064,0.21762799480247239,4793460.5792084,0.3989927787560797,1.1977,-0.3266084484276027,0.2275682704811599,20355.2952861,-0.4216524956015489,57.37830678272073,AKEUSDT_15m_limit500_20260707_181139_enriched_candles.csv,59.51095377610179,15m,1783371600000
2.5448,43.0175774447121,0.8711548292689566,0.0003051,1783375199999,5e-05,2.9293,1702.0,-0.22024155102040818,15583421909.0,0.23842648215623985,9.043947860572898,4793460.5792084,4.493169982516342,1.1977,0.4668733316601184,-0.8127438231469442,73215.9168109,0.15768221432044538,48.972285035837224,AKEUSDT_1h_limit500_20260717_211343_enriched_candles.csv,-2.362830074187443,1h,1783371600000
2.5575,55.612011046716695,1.0879764865318633,0.0003051,1783373399999,5e-05,2.937,533.0,-0.5274923772619984,15566296309.0,-0.10989627374530242,0.19399343662088467,4796131.55576599,0.4116488720745318,1.1956,1.8684037043126456,-1.0379500486539128,29641.2018879,-0.20749301827672642,46.033946014505254,AKEUSDT_15m_limit500_20260707_181139_enriched_candles.csv,-46.12994491455395,15m,1783372500000
2.5829,35.07501511995465,-0.0675222985499854,0.0003051,1783374299999,5e-05,2.9793,441.0,-0.6255520078864353,15550523098.0,-0.10132924805549282,0.17202499466968452,4732801.7048763,0.09893003471600449,1.1935,-0.9350935384958183,0.0,15468.0816679,-0.5349283941532659,46.033946014505254,AKEUSDT_15m_limit500_20260707_181139_enriched_candles.csv,-0.08937309613957076,15m,1783373400000
2.5791,31.50950393902439,-0.264399206884873,0.0003051,1783375199999,5e-05,2.9825,246.0,-0.8336629427782163,15549275584.0,-0.00802232820168447,0.1702640619191084,4744083.9806784,0.15237169774924422,1.1936,-0.9352407682950162,0.0,7751.337969,-0.7159406327426494,46.033946014505254,AKEUSDT_15m_limit500_20260707_181139_enriched_candles.csv,-2.016473342087612,15m,1783374300000
2.5753,32.50065162363112,-0.20685035260914722,0.0003065,1783376099999,5e-05,2.9761,347.0,-0.7255552200315457,15542439226.0,-0.04396576524140494,0.16082851645451662,4740288.53953774,0.13140949193401077,1.1926,0.3082356652453387,0.4588659455916133,11277.7261134,-0.6316691522960584,51.295712855940764,AKEUSDT_15m_limit500_20260707_181139_enriched_candles.csv,51.559036968375125,15m,1783375200000
2.5753,22.504564664733394,-0.7234989479793285,0.0003073,1783378799999,5e-05,2.9761,1069.0,-0.6591127816062177,15542439226.0,-0.2629889843149935,8.869674232232205,4740288.53953774,4.183701052622683,1.1926,0.2900148321820079,0.7210750573582336,24057.3796266,-0.6350284399203082,53.929392818750344,AKEUSDT_1h_limit500_20260717_211343_enriched_candles.csv,31.509836208505376,1h,1783375200000
2.5537,19.214278207407407,-0.9627160253238065,0.0003078,1783376999999,5e-05,2.9825,243.0,-0.8327558488188977,15540272895.0,-0.013938166130167406,0.15703438615964369,4761384.21229905,0.23599524159384366,1.191,0.20832046756848777,0.4241435562805762,4669.0696044,-0.7877888747690697,55.62257478589768,AKEUSDT_15m_limit500_20260707_181139_enriched_candles.csv,41.08826722549,15m,1783376100000
2.5448,16.23408273414634,-1.1289616999600698,0.0003067,1783377899999,5e-05,2.9573,205.0,-0.8723684463722398,15539624672.0,-0.004171245925854716,0.15527474287222331,4782474.88905472,0.3403662568530436,1.1913,0.020476010726660686,-0.3573749187784414,3327.9869605,-0.8161403810592296,51.456916688381014,AKEUSDT_15m_limit500_20260707_181139_enriched_candles.csv,-28.807609905898236,15m,1783377000000
2.5524,17.454733387956203,-1.0564307082181423,0.0003073,1783378799999,5e-05,2.9714,274.0,-0.799375322226656,15541060015.0,0.009236664528877725,0.15718344050024458,4766443.1066005,0.259573049390929,1.1914,-0.417348625581143,0.19563090968373054,4782.5969483,-0.7827753926044728,53.50244682118451,AKEUSDT_15m_limit500_20260707_181139_enriched_candles.csv,16.85334671545983,15m,1783377900000
2.5537,16.688811584690555,-1.0966971349664683,0.0003083,1783379699999,5e-05,2.973,307.0,-0.7650765610841423,15544065750.0,0.01934060480495159,0.16128778429510976,4776380.52366,0.30804750414532633,1.1912,-0.06512084641749809,0.32541490400261885,5123.4651565,-0.7751126764505103,56.77192086838821,AKEUSDT_15m_limit500_20260707_181139_enriched_candles.csv,7.137721587430882,15m,1783378800000
2.5537,32.21584305418693,0.028931268434516245,0.0003024,1783382399999,5e-05,2.973,1851.0,-0.10720837078947369,15544065750.0,0.010465049766961165,8.766284892191363,4776380.52366,4.262384317597471,1.1912,1.850441541189193,-1.5945330296127547,59631.5254933,-0.061010237108803725,43.73789147239164,AKEUSDT_1h_limit500_20260717_211343_enriched_candles.csv,-29.459970908967975,1h,1783378800000
2.5537,25.210422386407767,-0.6135785467429327,0.0003078,1783380599999,5e-05,2.962,309.0,-0.7623480426779935,15544590291.0,0.003374541824752164,0.161517934968742,4791153.61949202,0.37865753431052035,1.1908,-0.5015421090366928,-0.16217969510218255,7790.0205174,-0.7115067547956933,54.70084266104711,AKEUSDT_15m_limit500_20260707_181139_enriched_candles.csv,-6.285802491871116,15m,1783379700000
2.5587,26.621157191379307,-0.5335446815799392,0.0003069,1783381499999,5e-05,2.9698,406.0,-0.6559358248381877,15544184349.0,-0.0026114679924083006,0.16043511220738982,4780769.33837844,0.31596793214724167,1.1907,-0.13665944554832923,-0.29239766081872176,10808.1898197,-0.6381315071123492,51.08807807196839,AKEUSDT_15m_limit500_20260707_181139_enriched_candles.csv,-42.44943417941699,15m,1783380600000
2.5549,43.317068757177324,0.4357021556210261,0.0003024,1783382399999,5e-05,2.9746,829.0,-0.19364912530413625,15549993256.0,0.037370291483806994,0.16996859341635492,4772292.9302664,0.27320203426916484,1.1898,3.176016091350325,-1.4662756598240456,35909.8499997,-0.02000445055223214,37.68581254237901,AKEUSDT_15m_limit500_20260707_181139_enriched_candles.csv,-35.79922504328867,15m,1783381500000
2.5676,30.91257122843137,-0.2899375036028148,0.0003034,1783383299999,0.00043311,2.9667,918.0,-0.09541562317073171,15597553046.0,0.30585087219667795,0.2398474560973811,4716700.0411104,-0.0065534897464894016,1.1901,-0.03123523679090906,0.3306878306878369,28377.7403877,-0.19306413471383302,41.36688040791797,AKEUSDT_15m_limit500_20260707_181139_enriched_candles.csv,-18.218447294488847,15m,1783382400000
2.5676,37.81743003240446,0.46229473944623617,0.0003018,1783385999999,0.00043311,2.9667,2512.0,0.3864112444654427,15597553046.0,0.34410106635067716,8.804972670387237,4716700.0411104,3.995120125813839,1.1901,-0.6462300890481177,-0.1984126984126866,94997.3842414,0.5275042059743785,42.67443368522062,AKEUSDT_1h_limit500_20260717_211343_enriched_candles.csv,-19.01445945490361,1h,1783382400000
2.5676,56.312449860543666,1.879289033874181,0.0003012,1783396799999,0.00043311,2.9667,7431.0,-0.09161632172238754,15597553046.0,0.3293232662871848,13.5685571061498,4716700.0411104,3.4437058521449164,1.1901,-0.6956806562453097,-0.3968253968253843,418457.8149137,0.7145595124283725,36.745751330449096,AKEUSDT_4h_limit500_20260717_211446_enriched_candles.csv,-34.0709203796094,4h,1783382400000
2.5676,70.4639529288976,,0.0001974,1783468799999,0.00043311,2.9667,316798.0,,15597553046.0,2.3427900398586443,,4716700.0411104,,1.1901,,-34.72222222222222,22322839.3599689,,32.81971170614773,AKEUSDT_1d_limit500_20260717_212121_enriched_candles.csv,-7.157338628529771,1d,1783382400000
2.5778,54.14530511920904,1.0631413738584619,0.0003015,1783384199999,0.00043311,2.9936,531.0,-0.5190926017156863,15632826836.0,0.22614951137509554,0.2894082509781296,4739560.44013848,0.10927073285236111,1.1904,0.8130667892028108,-0.6262359920896521,28751.1570183,-0.18142521718249394,36.905985619366895,AKEUSDT_15m_limit500_20260707_181139_enriched_candles.csv,-38.98126964548393,15m,1783383300000
2.5868,42.27648534418301,0.35951326908420367,0.0003019,1783385099999,0.00043311,3.0,765.0,-0.25916354926108376,15652650998.0,0.12681111489285524,0.3169773467885448,4719274.275897,0.006462553829300591,1.1908,-0.5764371760827111,0.1326699834162559,32341.5112883,-0.08911511275319108,38.41175381707328,AKEUSDT_15m_limit500_20260707_181139_enriched_candles.csv,0.8118188354264816,15m,1783384200000
2.5676,18.546897809060404,-1.000563135222843,0.0003018,1783385999999,0.00043311,2.9793,298.0,-0.7783005684276206,15674217538.0,0.13778202812262386,0.35813879378019825,4732046.2747222,0.069993480143718,1.1921,-0.8553004117351535,-0.03312355084464924,5526.9755471,-0.7597594959328261,38.16652176335677,AKEUSDT_15m_limit500_20260707_181139_enriched_candles.csv,-35.24972842918116,15m,1783385100000
2.5689,23.249202902620084,-0.7279010811068652,0.0003024,1783386899999,0.00043311,2.9793,458.0,-0.5972754351851852,15679848988.0,0.03592810924275547,0.37788280935100343,4732021.62608852,0.06847372791337414,1.1925,-0.38481532346998626,0.1988071570576455,10648.1349294,-0.6226937525629306,40.61624319204791,AKEUSDT_15m_limit500_20260707_181139_enriched_candles.csv,25.45825471383983,15m,1783386000000
2.5689,50.131415326377955,1.4221693753274929,0.0003016,1783389599999,0.00043311,2.9793,1524.0,-0.3418940620360551,15679848988.0,0.5276208502531965,8.887967723172535,4732021.62608852,4.045218627846019,1.1925,-0.882548421490598,-0.0662690523525522,76400.2769574,0.2116449736561678,42.30518459314369,AKEUSDT_1h_limit500_20260717_211343_enriched_candles.csv,-28.705082502813916,1h,1783386000000
2.5511,33.97688899723992,-0.10142491335141121,0.0003015,1783387799999,0.00043311,2.9432,471.0,-0.5828502143459916,15690509515.0,0.06798870963717896,0.39334269313417897,4742927.2161942,0.12331888566818659,1.1919,-0.10093202594877161,-0.29761904761903546,16003.1147177,-0.4841524735239885,38.17321909052336,AKEUSDT_15m_limit500_20260707_181139_enriched_candles.csv,-44.82622238260755,15m,1783386900000
2.5778,40.52279445341365,0.29101870836039917,0.0003014,1783388699999,0.00043311,2.9809,249.0,-0.8365498929780034,15712125219.0,0.13776291954914477,0.4267069556323151,4734220.44973689,0.07849621700235863,1.1906,-0.8531610299538106,-0.033167495854058426,10090.1758189,-0.6350859134590129,37.900437911221914,AKEUSDT_15m_limit500_20260707_181139_enriched_candles.csv,-49.33596493111153,15m,1783387800000
2.5714,114.62095806763006,4.556492846517283,0.0003016,1783389599999,0.00043311,2.9872,346.0,-0.7250477551107326,15707862095.0,-0.027132701277388094,0.41961482836201713,4734349.635433,0.07859291170860457,1.1904,-0.7565399291973336,0.06635700066357497,39658.8514914,0.14499663326079523,38.84173230542406,AKEUSDT_15m_limit500_20260707_181139_enriched_candles.csv,-31.4933841523586,15m,1783388700000
2.5651,24.387418836314364,-0.6628517319043934,0.0003032,1783390499999,0.00043311,2.9698,369.0,-0.694056858788396,15678245628.0,-0.18854549919576913,0.3704931112947671,4727147.83929828,0.040749057582520946,1.1982,0.5550861138097914,0.5305039787798282,8998.9575506,-0.6640974487973138,45.90590725458609,AKEUSDT_15m_limit500_20260707_181139_enriched_candles.csv,-5.680693663966836,15m,1783389600000
2.5651,28.635234846284828,-0.24988391989792225,0.0003023,1783393199999,0.00043311,2.9698,1292.0,-0.5068781282016349,15678245628.0,-0.010225608685565657,8.82141350192224,4727147.83929828,3.923582017201922,1.1982,-0.5851021590829508,0.23209549071616653,36996.7234214,-0.43294552699084854,44.12741448389416,AKEUSDT_1h_limit500_20260717_211343_enriched_candles.csv,-23.309371680227752,1h,1783389600000
2.5499,18.486633915315316,-0.9966672514311518,0.0003024,1783391399999,0.00043311,2.9448,222.0,-0.8638100489270386,15680372417.0,0.013565223115286074,0.3742344996956498,4752720.8795927,0.17319996153205858,1.1991,-0.1966579975680791,-0.26385224274406704,4104.0327292,-0.7941741609761194,43.21793389953477,AKEUSDT_15m_limit500_20260707_181139_enriched_candles.csv,-21.984966878562872,15m,1783390500000
2.5524,15.718616441754385,-1.1447943605866657,0.0003023,1783392299999,0.00043311,2.9526,285.0,-0.7842098291952054,15683323108.0,0.018817735456333473,0.3794101014731742,4742636.9078592,0.12057411564076044,1.1995,-0.8526537244640476,-0.03306878306877925,4479.8056859,-0.7833011032202858,42.87994278900817,AKEUSDT_15m_limit500_20260707_181139_enriched_candles.csv,-21.265794784324623,15m,1783391400000
2.5511,46.66809484543269,0.6456966296638316,0.0003023,1783393199999,0.00043311,2.9698,416.0,-0.6185202364521591,15686754517.0,0.02187934901531907,0.3846700221255885,4740223.47994706,0.10719476936029658,1.2359,-0.9408931076798633,0.0,19413.9274557,-0.3879594775935841,42.87994278900817,AKEUSDT_15m_limit500_20260707_181139_enriched_candles.csv,-32.23234481832143,15m,1783392300000
2.5474,25.33311872666667,-0.5882498935372206,0.0003028,1783394099999,0.00043311,2.9588,345.0,-0.6987022025641025,15680625901.0,-0.039068731478897334,0.37371803230891787,4738057.92224616,0.09534598446687197,1.235,-0.4691758677727654,0.16539861065167916,8739.9259607,-0.67055433945032,45.35797765603585,AKEUSDT_15m_limit500_20260707_181139_enriched_candles.csv,16.272826732116734,15m,1783393200000
2.5474,99.88750846100808,5.2938380080661025,0.0003012,1783396799999,0.00043311,2.9588,2103.0,0.10618353048780488,15680625901.0,0.015182011154024622,8.76184926831438,4738057.92224616,3.8707519833933324,1.235,-0.3454510487593444,-0.36387694343366084,210063.4302935,2.419753987831591,41.88848527194995,AKEUSDT_1h_limit500_20260717_211343_enriched_candles.csv,-44.72683484013698,1h,1783393200000
2.5499,20.42377708438819,-0.8703017602300431,0.000302,1783394999999,0.00043311,2.9541,237.0,-0.8235386457437661,15680373219.0,-0.001611428023318151,0.37904745556289177,4745194.54353378,0.131984774961128,1.2353,-0.19324493630972828,-0.26420079260236484,4840.435169,-0.7744262283598229,42.20319952130238,AKEUSDT_15m_limit500_20260707_181139_enriched_candles.csv,-15.166336405072922,15m,1783394100000
2.5537,29.108356620494696,-0.3660788540740748,0.0003018,1783395899999,0.00043311,2.951,283.0,-0.7688484196891191,15681347455.0,0.006213091910467483,0.38639953726310505,4735766.93141,0.08168374086072441,1.2351,-0.7569616954989358,-0.06622516556291647,8237.6649236,-0.6839372398481448,41.42743857302562,AKEUSDT_15m_limit500_20260707_181139_enriched_candles.csv,-38.21353766868575,15m,1783395000000
2.5499,152.05606158336028,6.730198107345566,0.0003012,1783396799999,0.00043311,2.9651,1238.0,0.3491339892519346,15697554635.0,0.10335323572485677,0.41579747238016856,4737521.988843,0.0903297525619031,1.2364,-0.37713931507128146,-0.1988071570576566,188245.4042402,4.134164860051245,39.10511847609089,AKEUSDT_15m_limit500_20260707_181139_enriched_candles.csv,-48.6040745772752,15m,1783395900000
2.5894,35.299022232087914,-0.008974825104260975,0.0003014,1783397699999,0.00028346,2.992,455.0,-0.5684818618307427,15470952433.0,-1.4435509687270476,0.012994490209961579,4655054.87756537,-0.3464022368723157,1.2669,-0.7555200614747751,0.06640106241699861,16061.0551156,-0.4746505603433784,40.30634685786092,AKEUSDT_15m_limit500_20260707_181139_enriched_candles.csv,-39.10895461219733,15m,1783396800000
2.5894,30.853284134691503,-0.07857917463793468,0.0003015,1783400399999,0.00028346,2.992,1718.0,-0.19498414605046627,15470952433.0,-1.3371498645766922,8.285623278683094,4655054.87756537,3.48038453823467,1.2669,-0.8268671480993616,0.09960159362549792,53005.9421434,-0.17145681810629884,42.74174885942294,AKEUSDT_1h_limit500_20260717_211343_enriched_candles.csv,-7.9396721771580125,1h,1783396800000
2.5894,85.38341050828123,4.278535829668266,0.0002792,1783411199999,0.00028346,2.992,20951.0,3.206192730298669,15470952433.0,-0.8116697063099032,12.933970132399786,4655054.87756537,3.272886645424375,1.2669,3.465783367999073,-7.304116865869847,1788867.833559,7.186231270946251,31.130676084281177,AKEUSDT_4h_limit500_20260717_211446_enriched_candles.csv,-13.121564549338641,4h,1783396800000
2.5881,30.94580088269231,-0.26021595871242936,0.000301,1783398599999,0.00028346,2.9841,312.0,-0.7305998158578856,15477772990.0,0.04408621272373736,0.024775069993167767,4663143.4464272,-0.3033356440286394,1.2668,-0.5615290253775705,-0.13271400132713884,9655.0898754,-0.6451241014170315,38.6636322273094,AKEUSDT_15m_limit500_20260707_181139_enriched_candles.csv,16.009757240462346,15m,1783397700000
2.5855,25.208478525555556,-0.5917016873084614,0.0003008,1783399499999,0.00028346,2.9872,270.0,-0.7726823652512999,15467236813.0,-0.06807295214116271,0.00521919175039862,4653472.86755918,-0.3543808781279379,1.2677,-0.7546108123167404,-0.0664451827242507,6806.2892019,-0.7213078529759163,37.83336415883733,AKEUSDT_15m_limit500_20260707_181139_enriched_candles.csv,-33.313492604267296,15m,1783398600000
2.5817,30.078572614537443,-0.3125090637637543,0.0003015,1783400399999,0.00028346,2.9761,681.0,-0.2911508522923876,15464990836.0,-0.014520867735812182,0.0008583007737096846,4649549.4948434,-0.3770674709985002,1.2677,-0.27917477008881836,0.2327127659574435,20483.5079505,-0.35214244564491753,42.48840826104381,AKEUSDT_15m_limit500_20260707_181139_enriched_candles.csv,13.64253096224071,15m,1783399500000
2.5778,25.55149933308271,-0.5820373579113841,0.0003012,1783401299999,0.00028346,2.951,532.0,-0.4644410389273356,15463687187.0,-0.008429678451316036,-0.001888072062479482,4662301.6868805,-0.30928959804284334,1.2691,-0.6603042897379625,-0.09950248756218638,13593.3976452,-0.5386790475909721,41.06905960647162,AKEUSDT_15m_limit500_20260707_181139_enriched_candles.csv,-26.041939607718405,15m,1783400400000
2.5778,39.42673810872131,0.5892068094151937,0.0003011,1783403999999,0.00028346,2.951,1525.0,-0.3296833307174888,15463687187.0,-0.046960560647213434,8.124840769514734,4662301.6868805,3.453831396240303,1.2691,-0.7663927758695811,-0.1326699834162559,60125.7756158,-0.05380147035120137,41.85920676091933,AKEUSDT_1h_limit500_20260717_211343_enriched_candles.csv,-11.988139494878908,1h,1783400400000
2.5868,60.134011346401984,1.4548337959271171,0.0003009,1783402199999,0.00028346,2.9714,403.0,-0.6172996225961539,15460824263.0,-0.018513850968260304,-0.007137099809408997,4656800.2680156,-0.33884466816442865,1.2687,-0.6661942496957468,-0.09960159362549792,24234.0065726,-0.24674082901014108,39.64289810557284,AKEUSDT_15m_limit500_20260707_181139_enriched_candles.csv,-59.47069468774912,15m,1783401300000
2.5829,19.152776832311975,-0.9591233247191492,0.0003008,1783403099999,0.00028346,2.9888,359.0,-0.6721063939929328,15453042064.0,-0.05033495541776345,-0.02239664627356896,4649665.82663696,-0.3774000523998353,1.2672,-0.8580156353475368,-0.03323363243602495,6875.8468828,-0.7201121032086972,39.15480525435552,AKEUSDT_15m_limit500_20260707_181139_enriched_candles.csv,-9.99147560889602,15m,1783402200000
2.5829,66.7641753904762,1.8255677301009055,0.0003011,1783403999999,0.00028346,2.9777,231.0,-0.8253073338509317,15450434881.0,-0.016871648890892654,-0.0269390250009393,4647490.8122048,-0.3911143651849639,1.2675,-0.6658099767971685,0.09973404255319007,15422.5245152,-0.48113988286365467,41.48251405335099,AKEUSDT_15m_limit500_20260707_181139_enriched_candles.csv,74.11985738478666,15m,1783403100000
2.5804,16.102314013736265,-1.113710758631869,0.0003014,1783404899999,0.00028346,2.9841,364.0,-0.6601896139575972,15413142040.0,-0.2413708176322027,-0.10034364857441798,4639509.8854604,-0.43679782568549563,1.2638,-0.667064278902581,0.09963467286615568,5861.242301,-0.7440403880127212,43.797982934514955,AKEUSDT_15m_limit500_20260707_181139_enriched_candles.csv,6.5695155263297025,15m,1783404000000
2.5804,39.21451037138222,0.5706388748252201,0.0003008,1783407599999,0.00028346,2.9841,1541.0,-0.3152176196509009,15413142040.0,-0.32686348597695813,8.02659566756472,4639509.8854604,3.268013144368255,1.2638,-0.8281805150000097,-0.09963467286615568,60429.5604823,-0.041601593865952906,41.17255442486079,AKEUSDT_1h_limit500_20260717_211343_enriched_candles.csv,-21.79978768993126,1h,1783404000000
2.5817,68.4199542185547,1.9029792833212258,0.0003003,1783405799999,0.00028346,2.973,512.0,-0.48580034391651866,15412118617.0,-0.006639937511399019,-0.10572162942735705,4643979.58167444,-0.4137855294742402,1.2643,0.09873752382569788,-0.36496350364964014,35031.0165599,0.0667073940748152,37.879461800052894,AKEUSDT_15m_limit500_20260707_181139_enriched_candles.csv,-64.34151318777586,15m,1783404900000
2.5829,40.78314471262887,0.308205800642431,0.0003008,1783406699999,0.00028346,2.9936,388.0,-0.6371519245535714,15436545508.0,0.1584914547248406,-0.057524352828448755,4635594.6160524,-0.4616871883980707,1.2715,-0.47623922172149497,0.16650016650017196,15823.8601485,-0.4697116987974765,41.73369987041461,AKEUSDT_15m_limit500_20260707_181139_enriched_candles.csv,60.58894546037072,15m,1783405800000
2.5791,13.405925894945849,-1.2703944534681972,0.0003008,1783407599999,0.00028346,2.9604,277.0,-0.7724873639013453,15442554773.0,0.03892881990263941,-0.04364202256998159,4645120.4757184,-0.41030555705346167,1.2732,-0.9604486833247154,0.0,3713.4414729,-0.8011495214041786,41.73369987041462,AKEUSDT_15m_limit500_20260707_181139_enriched_candles.csv,-16.335115819834957,15m,1783406700000
2.5829,38.39446966444444,0.1707294790300351,0.0003011,1783408499999,0.00028346,2.9683,450.0,-0.5618729694793536,15442136386.0,-0.0027093120675281135,-0.0436361508720018,4644994.6249088,-0.412385612984895,1.2732,-0.6693097939245712,0.09973404255319007,17277.511349,-0.4179007789144196,44.14518486038914,AKEUSDT_15m_limit500_20260707_181139_enriched_candles.csv,-7.251289056004666,15m,1783407600000
2.5829,99.91380932253973,5.278531107617881,0.0002792,1783411199999,0.00028346,2.9683,16167.0,10.871367671201815,15442136386.0,0.1881144410708302,8.045902662147135,4644994.6249088,3.1962921960317408,1.2732,12.398866455296625,-7.180851063829785,1615306.5553175,26.29048802839998,18.12228412169975,AKEUSDT_1h_limit500_20260717_211343_enriched_candles.csv,-13.009138792270672,1h,1783407600000
2.5881,135.7803126668493,5.784956527230699,0.0003003,1783409399999,0.00028346,2.9825,365.0,-0.6659903292079208,15421029442.0,-0.13668409261775594,-0.09145478604167075,4640958.8105699,-0.43283206568142996,1.2714,-0.18879882325931505,-0.26569246097642996,49559.8141234,0.4820857512128486,39.455650280315695,AKEUSDT_15m_limit500_20260707_181139_enriched_candles.csv,-89.85560643451603,15m,1783408500000
2.6075,96.04366282948105,3.4947868159338173,0.0002826,1783410299999,0.00028346,2.9952,8575.0,9.328412390794224,15433634174.0,0.08173729287923592,-0.06374499910203754,4634720.3424522,-0.4655165443556252,1.2892,16.20029913231626,-5.894105894105895,823574.4087628,21.982044738167996,11.173662782551858,AKEUSDT_15m_limit500_20260707_181139_enriched_candles.csv,-32.053321185047956,15m,1783409400000
2.5448,106.96396946765532,4.117830088185304,0.0002792,1783411199999,0.00028346,2.8745,6777.0,7.119479116336634,15467210432.0,0.2175525065675199,0.013938991775380018,4370569.65177024,-1.9688719259403569,1.3187,2.534227036812762,-1.2031139419674375,724894.8210823,19.19217424708445,9.730757845042902,AKEUSDT_15m_limit500_20260707_181139_enriched_candles.csv,13.744144620311548,15m,1783410300000
2.5714,60.085939623446386,1.4160374535213525,0.0002625,1783412099999,0.0004555,2.8655,10556.0,11.675817180430881,15391934608.0,-0.4866800276038252,-0.16240413985714205,4319592.52838912,-2.2247718043818354,1.3601,16.371796568183616,-5.981375358166197,634267.1786651,16.559622108797914,5.781557069879398,AKEUSDT_15m_limit500_20260707_181139_enriched_candles.csv,-5.544868335725408,15m,1783411200000
2.5714,72.04608114613369,3.084004819787883,0.0002286,1783414799999,0.0004555,2.8655,48845.0,35.61503365737613,15391934608.0,-0.32509606666545343,7.916156388600731,4319592.52838912,1.9094643881009945,1.3601,32.585986124234516,-18.123209169054444,3519090.8335829,57.86149261475488,7.512220518375727,AKEUSDT_1h_limit500_20260717_211343_enriched_candles.csv,-6.894528753043754,1h,1783411200000
2.5714,70.5946089437701,3.061378034376704,0.0002025,1783425599999,0.0004555,2.8655,143927.0,32.1384389613163,15391934608.0,-0.5107495827564756,12.569273338288777,4319592.52838912,2.028236180093283,1.3601,15.544833472649879,-27.47134670487107,10160470.28145,46.92275130169998,19.78148835197628,AKEUSDT_4h_limit500_20260717_211446_enriched_candles.csv,-6.001087898765874,4h,1783411200000
2.5411,75.84004183344219,2.3154346100454366,0.0002458,1783412999999,0.0004555,2.8256,11330.0,12.521343139705882,15676294824.0,1.8474624746144919,0.5035824273481135,4123649.3534532,-3.2983478157737465,1.3378,17.429365549626333,-6.361904761904746,859267.6739729,22.726233852164096,4.023166803521562,AKEUSDT_15m_limit500_20260707_181139_enriched_candles.csv,-1.601388125574244,15m,1783412100000
2.5791,63.94225062267206,1.6225771762659784,0.0002435,1783413899999,0.0004555,2.8052,8398.0,8.930721804867257,15844777161.0,1.0747586651793428,0.8999515859203466,3905737.5701865,-4.482096227760863,1.3567,1.7416220402853875,-0.9357200976403579,536987.0207292,13.805300079337947,3.849517593787837,AKEUSDT_15m_limit500_20260707_181139_enriched_candles.csv,-9.024702645399483,15m,1783413000000
2.6062,80.19874792391036,2.5364139985138907,0.0002286,1783414799999,0.0004555,2.8373,18561.0,21.025370855344523,15928649745.0,0.5293389938385573,1.093144796191359,3857600.3952441,-4.71183114537967,1.3651,16.621578462142157,-6.119096509240252,1488568.9602157,39.52645389942376,2.958605352178296,AKEUSDT_15m_limit500_20260707_181139_enriched_candles.csv,-9.7566025445845,15m,1783413900000
2.4953,76.64702376454113,2.294583589971736,0.000221,1783415699999,0.0004555,2.6873,11354.0,12.436351644876325,16174610087.0,1.5441380527386306,1.665205333022235,3676974.11107771,-5.672019769299597,1.363,8.510048657714275,-3.3245844269466307,870250.3078226,22.335165578006574,2.6249066702331874,AKEUSDT_15m_limit500_20260707_181139_enriched_candles.csv,-9.145107877815706,15m,1783414800000
2.4953,71.97931873977234,3.041873856438261,0.0002149,1783418399999,0.0004555,2.6873,32681.0,23.22906403587444,16174610087.0,5.084971440777841,8.996884505687165,3676974.11107771,-0.4008442950614641,1.363,9.94831395717299,-5.993000874890642,2352356.1157345,37.76164176437676,6.416805563133337,AKEUSDT_1h_limit500_20260717_211343_enriched_candles.csv,-7.333104686780745,1h,1783414800000
2.6805,58.325436096434565,1.252205051726977,0.0002267,1783416599999,0.0004555,2.8285,4768.0,4.5528058125,16265518821.0,0.562045907202835,1.851672843737155,3596306.2113231,-6.10035221453858,1.3549,6.33032953133079,2.579185520361982,278095.6793078,6.512882094683177,10.755030234877367,AKEUSDT_15m_limit500_20260707_181139_enriched_candles.csv,8.971760463557905,15m,1783415700000
2.5984,66.12620997880146,1.6796599738019773,0.0002272,1783417499999,0.0004555,2.7693,3571.0,3.1115833763066205,16282294752.0,0.10313800121974914,1.857339697372078,3686311.5318528,-5.5790834798386735,1.3678,-0.3107956838238165,0.2205558006175501,236136.6958343,5.400924159805465,11.453424813556978,AKEUSDT_15m_limit500_20260707_181139_enriched_candles.csv,-6.251577849407548,15m,1783416600000
2.635,74.52059075837695,2.1457907814678756,0.0002149,1783418399999,0.0004555,2.7979,12988.0,14.062848953543647,16253965488.0,-0.17398815358332653,1.7660811376791126,3678922.54855392,-5.61124978179808,1.3767,14.314103262702714,-5.4137323943662,967873.4327698,24.880641528555913,9.486668218013932,AKEUSDT_15m_limit500_20260707_181139_enriched_candles.csv,-10.652551507292191,15m,1783417500000
2.6206,66.30371446683324,1.6848273790807586,0.0002203,1783419299999,0.0004555,2.8081,7604.0,7.747925286574871,17264338589.0,6.2161636909217055,3.9643864154278154,3708379.9289172,-5.43260820413957,1.3323,6.09733397499167,2.512796649604465,504173.4448058,12.437446944535102,16.28340040421837,AKEUSDT_15m_limit500_20260707_181139_enriched_candles.csv,-3.9762436217008297,15m,1783418400000
2.6206,69.34884107066588,2.8393386741416364,0.0002162,1783421999999,0.0004555,2.8081,28939.0,19.947951108749315,17264338589.0,6.737278340179875,10.575037974324154,3708379.9289172,-0.2840441872435604,1.3323,0.09915691696158999,0.6049325267566408,2006886.111744,31.742505489240934,7.790822089944584,AKEUSDT_1h_limit500_20260717_211343_enriched_candles.csv,-2.765722269449856,1h,1783418400000
2.5778,61.95358239687378,1.4350915599759788,0.0002124,1783420199999,0.0004555,2.7453,7645.0,7.774869401502145,17630483614.0,2.1208169841692603,4.679056754932019,3880998.35794982,-4.4757962464427745,1.3343,9.030056924335714,-3.586019064911472,473635.1374241,11.553895078650184,14.560777609379954,AKEUSDT_15m_limit500_20260707_181139_enriched_candles.csv,-7.59595061290514,15m,1783419300000
2.6996,67.77027127150919,1.750994441113404,0.0002158,1783421099999,0.0004555,2.8565,7620.0,7.725448523544521,18017747975.0,2.1965611918466132,5.423149172681453,3824627.36265325,-4.753617484245285,1.3308,3.401154613359017,1.6007532956685333,516409.4670889,12.634431198143167,18.554244191792847,AKEUSDT_15m_limit500_20260707_181139_enriched_candles.csv,-0.4944404156441324,15m,1783420200000
2.7258,84.45931835670511,2.657515710769318,0.0002162,1783421999999,0.0004555,2.8971,6070.0,5.903079090792839,18228632882.0,1.1704287755196052,5.6807232113036985,3931916.1126474,-4.155585311579061,1.3333,-0.3798414113496536,0.1853568118628468,512668.0624252,12.514622333357098,19.033715622352332,AKEUSDT_15m_limit500_20260707_181139_enriched_candles.csv,0.5993540052923261,15m,1783421100000
2.6738,63.22506421031191,1.4778733476041814,0.0002168,1783422899999,0.0004555,2.8095,4296.0,3.807347023148148,18531346828.0,1.6606508450719648,6.104958881541051,3979606.731313,-3.8969414567641714,1.3294,-0.1455955826092984,0.2775208140610719,271614.8758475,6.200568853423324,19.796433455004077,AKEUSDT_15m_limit500_20260707_181139_enriched_candles.csv,15.035953628191495,15m,1783422000000
2.6738,68.20086128708984,2.7498623785574825,0.0002025,1783425599999,0.0004555,2.8095,33462.0,22.74324494640943,18531346828.0,7.338875060103822,12.409353454906936,3979606.731313,0.7295402330353684,1.3294,10.355860447660685,-6.336725254394082,2282137.2203886,35.880652932174385,6.678051249401264,AKEUSDT_1h_limit500_20260717_211343_enriched_candles.csv,-6.09553138260954,1h,1783422000000
2.6603,59.54927321362662,1.256445290246508,0.000215,1783423799999,0.0004555,2.7821,8865.0,8.915876194490819,18633030276.0,0.5487105116739777,6.293896364026343,4037777.6608092,-3.5875186172267566,1.3362,1.383195609913159,-0.8302583025830312,527904.3070388,12.85297294206049,19.211734646864656,AKEUSDT_15m_limit500_20260707_181139_enriched_candles.csv,5.115219188923071,15m,1783422900000
2.574,69.02551910516753,1.7589107877056143,0.0002067,1783424699999,0.0004555,2.7327,7760.0,7.667113034641068,19075949160.0,2.377063083348796,7.158525576916309,4095606.284652,-3.309824948247201,1.3308,9.45801420075832,-3.860465116279066,535638.0282561,13.001207133230674,16.754399503751046,AKEUSDT_15m_limit500_20260707_181139_enriched_candles.csv,-5.74737397266741,15m,1783423800000
2.6711,75.51072555985967,2.10297786984732,0.0002025,1783425599999,0.0004555,2.7994,12541.0,12.999920164933444,19489785809.0,2.1694157681430903,7.771539281935461,4025225.46313277,-3.6902428182794527,1.3319,4.406655008540311,-2.0319303338171335,946980.0092462,23.346453303138603,15.662659556178141,AKEUSDT_15m_limit500_20260707_181139_enriched_candles.csv,-18.602992387561514,15m,1783424700000
2.601,65.23822324581202,1.5374755994450142,0.0002016,1783426499999,0.0004555,2.7161,13682.0,14.178777918181819,20227620130.0,3.785748741575623,8.963292631425613,4087799.7520717,-3.352237520752677,1.3457,0.2906500692853413,-0.4444444444444473,892589.3704492,21.587979271005494,15.430625480824986,AKEUSDT_15m_limit500_20260707_181139_enriched_candles.csv,-0.008725109168718482,15m,1783425600000
2.601,63.49541581228539,2.3808707816173267,0.0002021,1783429199999,0.0004555,2.7161,34423.0,23.060007686972572,20227620130.0,9.153534914348537,14.757538563371169,4087799.7520717,1.0776107204991365,1.3457,-0.6439936774031835,-0.19753086419752597,2185702.6985063,34.25689178070526,6.64819396951107,AKEUSDT_1h_limit500_20260717_211343_enriched_candles.csv,-0.6089771848566641,1h,1783425600000
2.601,75.8063945872293,3.430606007312647,0.0002063,1783439999999,0.0004555,2.7161,98452.0,21.19306707538168,20227620130.0,31.4170092659219,22.30223123665537,4087799.7520717,1.2161655530180684,1.3457,0.15991552011399357,1.8765432098765578,7463291.1599019,33.85701567516333,21.312072635382222,AKEUSDT_4h_limit500_20260717_211446_enriched_candles.csv,-4.8197177439588,4h,1783425600000
2.5386,63.062779389803424,1.4085992123356514,0.0002017,1783427399999,0.00151585,2.6364,7885.0,7.648271476639344,21031287489.0,3.973118705190948,10.297767583459954,4237804.4290335,-2.503689402985019,1.3696,-0.7341162972719013,0.04960317460318553,497250.0154886,11.57813979891573,15.580273982161003,AKEUSDT_15m_limit500_20260707_181139_enriched_candles.csv,-2.547382108687013,15m,1783426500000
2.5651,59.38445878435326,1.2032498644311964,0.0002014,1783428299999,0.00151585,2.6792,7043.0,6.6582557272357725,21406350738.0,1.7833584805313052,10.80795883514634,4318303.13437674,-2.0647016257004256,1.3568,-0.4744948762779252,-0.14873574615766882,418244.7432182,9.572763992865175,15.491708496624526,AKEUSDT_15m_limit500_20260707_181139_enriched_candles.csv,-3.550898891382346,15m,1783427400000
2.5702,64.96104754004817,1.4967613227740382,0.0002021,1783429199999,0.00151585,2.6819,5813.0,5.239891455421686,21549876563.0,0.6704824505431306,11.031317584763402,4342300.1274445,-1.9313786918583393,1.367,0.04062309921931188,0.34756703078451245,377618.5693503,8.455499746572347,16.681828125869643,AKEUSDT_15m_limit500_20260707_181139_enriched_candles.csv,3.7831175884911827,15m,1783428300000
2.5907,80.19723048046899,2.305670422360854,0.0002019,1783430099999,0.00151585,2.7189,6610.0,6.025441766666666,21643595160.0,0.4348915722371727,11.163205497189375,4373304.8380296,-1.7616098533815783,1.3694,-0.6256260762799822,-0.09896091044038213,530103.6934759,12.084519211939183,16.6098544370153,AKEUSDT_15m_limit500_20260707_181139_enriched_candles.csv,-2.1646790911902345,15m,1783429200000
2.5907,94.30223388657737,4.689345559037061,0.0002025,1783432799999,0.00151585,2.7189,34941.0,23.056623136292835,21643595160.0,7.00020576271323,16.67118350357179,4373304.8380296,2.0481365246036134,1.3694,-0.6385196784121111,0.19792182088074206,3295014.3542309,52.06821551016685,7.095517602221705,AKEUSDT_1h_limit500_20260717_211343_enriched_candles.csv,-7.579062977921086,1h,1783429200000
2.5855,101.26844423960296,3.4198085096251205,0.0002015,1783430999999,0.00151585,2.73,20703.0,21.029150782608696,22073779525.0,1.987582755174766,11.87137643026882,4456696.0860975,-1.3125185204800722,1.3831,-0.37138189520535486,-0.1981178801386818,2096560.6010925,50.05248387982828,16.456924163022606,AKEUSDT_15m_limit500_20260707_181139_enriched_candles.csv,-14.588486229261429,15m,1783430100000
2.701,89.11759839383957,2.7696865212327397,0.0001991,1783431899999,0.00151585,2.7608,4675.0,3.9205380586614176,21483315526.0,-2.6749564945652393,10.747946407867621,4322443.0838312,-2.009551775812736,1.4374,2.4031292014069,-1.1910669975186083,416624.7724912,9.212908341700434,15.532834145252522,AKEUSDT_15m_limit500_20260707_181139_enriched_candles.csv,10.710748119602647,15m,1783431000000
2.6928,85.24391709153403,2.548676733141296,0.0002025,1783432799999,0.00151585,2.7679,2953.0,2.0559621517094016,21393253421.0,-0.41921883468594157,10.434077198597034,4261108.21639478,-2.320010300836746,1.4149,3.8193589061261743,1.7076845806127672,251725.2871713,5.150011601237904,22.197968479997826,AKEUSDT_15m_limit500_20260707_181139_enriched_candles.csv,9.127670734591044,15m,1783431900000
2.6819,69.14011362498621,1.6892370383850805,0.0002058,1783433699999,0.00151585,2.7951,3626.0,2.7259762665384613,21377163354.0,-0.07521094002563844,10.243188345428718,4332295.92532164,-1.9385351350140578,1.4107,3.481628907567912,1.6296296296296253,250702.0520042,5.014921569719221,28.126025243056702,AKEUSDT_15m_limit500_20260707_181139_enriched_candles.csv,3.8477555117252904,15m,1783432800000
2.6819,69.21837741425344,2.792364240407237,0.0002106,1783436399999,0.00151585,2.7951,18585.0,11.508372766872746,21377163354.0,-1.2309960708025036,16.072370244797767,4332295.92532164,1.8896710080820587,1.4107,6.29877203545064,4.0000000000000036,1286423.5442439,19.504334756795863,15.88534775806012,AKEUSDT_1h_limit500_20260717_211343_enriched_candles.csv,0.7255307847763114,1h,1783432800000
2.7481,71.13433616003309,1.7838091695096263,0.0002098,1783434599999,0.00151585,2.8388,8462.0,7.6937210015290525,21118218220.0,-1.2113166265885655,9.792716647563799,4345284.5809472,-1.865145505921816,1.411,4.183734105830431,1.9436345966958202,601938.7525862,13.062437924695663,34.62798153688209,AKEUSDT_15m_limit500_20260707_181139_enriched_candles.csv,6.131186709949341,15m,1783433700000
2.8388,71.77359686639231,1.811592803367788,0.0002106,1783435499999,0.00151585,2.9432,2916.0,1.958890444148936,20965574536.0,-0.7228056951103845,9.503932206280558,4393965.11125488,-1.5977305701737845,1.4433,0.126608353008972,0.38131553860818457,209291.8084624,3.908759924816425,35.87737253252233,AKEUSDT_15m_limit500_20260707_181139_enriched_candles.csv,-11.141181893026207,15m,1783434600000
2.8506,62.689452999469424,1.3296646569495418,0.0002106,1783436399999,0.00151585,2.9604,3581.0,2.6395305566109424,20953571130.0,-0.05725293136799037,9.475912878090131,4415126.9728023,-1.4655525673232275,1.462,-0.8642201972519148,0.0,224490.9311911,4.199952263061365,35.877372532522315,AKEUSDT_15m_limit500_20260707_181139_enriched_candles.csv,-6.192415366955867,15m,1783435500000
2.876,69.33708780252825,1.6621150109407377,0.0002047,1783437299999,0.00151585,2.9872,3718.0,2.770517745833333,20745613807.0,-0.9924672110056654,9.108602523006171,4366121.88182122,-1.6880110587701629,1.465,6.396840119641202,-2.801519468186142,257795.2924498,4.902545837229553,30.836527617662597,AKEUSDT_15m_limit500_20260707_181139_enriched_candles.csv,-31.644725930317623,15m,1783436400000
2.876,66.28111614974769,2.5662494664381943,0.0002063,1783439999999,0.00151585,2.9872,10503.0,5.843508846370143,20745613807.0,-2.9543187584887276,14.980100161702564,4366121.88182122,1.9934848726454553,1.465,2.6637748217233623,-2.04178537511871,696150.5629208,9.985609904866305,15.070209592361948,AKEUSDT_1h_limit500_20260717_211343_enriched_candles.csv,-15.226781245001966,1h,1783436400000
2.8895,69.26845398175216,1.6429716240262497,0.0002103,1783438199999,0.00151585,2.9936,2203.0,1.2198978761346444,20688670876.0,-0.27448178458227,8.983568921383712,4232695.17452084,-2.348226221049288,1.4635,6.212390283229046,2.7357107962872496,152598.4041218,2.5467089940024246,39.52212909184752,AKEUSDT_15m_limit500_20260707_181139_enriched_candles.csv,-2.8354139298511165,15m,1783437300000
2.8417,66.04626564641248,1.462939682718346,0.0002045,1783439099999,0.00151585,2.9047,2885.0,1.912412780589124,20767585569.0,0.3814391628780056,9.106828673529549,4367423.2451607,-1.670951783480194,1.4715,6.209766123662346,-2.757964812173075,190543.4763899,3.3882484710257295,34.66637985254687,AKEUSDT_15m_limit500_20260707_181139_enriched_candles.csv,-10.611985918701237,15m,1783438200000
2.9386,56.1068886030053,0.9464449174593628,0.0002063,1783439999999,0.00151585,2.9588,1697.0,0.6850601117537314,20734952097.0,-0.15713657175783213,9.054170036044933,4240297.7038365,-2.28446279842611,1.4695,1.387997997925988,0.8801955990219934,95213.3899593,1.2569896207693132,37.24332422821144,AKEUSDT_15m_limit500_20260707_181139_enriched_candles.csv,0.13079430944873524,15m,1783439100000
2.9231,56.944571573651665,0.9772942936736874,0.0002033,1783440899999,0.00054718,2.9968,2911.0,1.8817864918639053,20632057287.0,-0.4962384746231785,8.926856833472982,4255155.49487088,-2.192913931340879,1.4654,2.8393192851995575,-1.4541929229277661,165765.6478509,2.8134048694816802,34.78100751845356,AKEUSDT_15m_limit500_20260707_181139_enriched_candles.csv,-17.082750903715812,15m,1783440000000
2.9231,51.25750428275535,1.4227449327165482,0.0002015,1783443599999,0.00054718,2.9968,7382.0,3.609806839733936,20632057287.0,-0.5473760432274322,14.728049196538064,4255155.49487088,1.5996181793850268,1.4654,3.149071570819867,-2.3267086766844414,378382.8966153,4.959735722732692,14.194591237307705,AKEUSDT_1h_limit500_20260717_211343_enriched_candles.csv,-11.471971203611941,1h,1783440000000
2.9231,55.13259613997279,1.6762692588966643,0.00019,1783454399999,0.00054718,2.9968,30871.0,5.018388652333551,20632057287.0,1.9994302562572397,22.53302020198375,4255155.49487088,1.8003591584627423,1.4654,3.673812425471104,-7.901114881240911,1701998.3754371,6.6950134368485195,19.585788055169246,AKEUSDT_4h_limit500_20260717_211446_enriched_candles.csv,-12.890255273349288,4h,1783440000000
2.9541,41.49736307724551,0.20142442735403854,0.0002051,1783441799999,0.00054718,3.0,1503.0,0.47458554471544717,20488261945.0,-0.696951060186346,8.595139276862005,4165263.6534185,-2.6043240796871,1.4638,1.3967375261506767,0.8853910477127247,62370.5367051,0.5250340264642515,37.45301569788963,AKEUSDT_15m_limit500_20260707_181139_enriched_candles.csv,-6.268892743038215,15m,1783440900000
2.9293,45.64131066828537,0.4068550681210729,0.0002053,1783442699999,0.00054718,2.9777,1668.0,0.636630650295421,20433551360.0,-0.2670338028031294,8.410226044322044,4188469.3577728,-2.4647909565762767,1.4641,-0.5961873623590886,0.09751340809360798,76129.7061947,0.8305415142631994,37.75814813470836,AKEUSDT_15m_limit500_20260707_181139_enriched_candles.csv,7.327615165928964,15m,1783441800000
2.9246,57.013081434307686,0.9737557931988621,0.0002015,1783443599999,0.00054718,2.9651,1300.0,0.27079514407407407,20349727556.0,-0.4102263112426452,8.019714540963733,4176985.07814456,-2.493889324302556,1.4644,3.839164936795594,-1.8509498295177895,74117.0058646,0.7843909053545262,34.33118752426422,AKEUSDT_15m_limit500_20260707_181139_enriched_candles.csv,-22.61180667634684,15m,1783442700000
2.9324,58.88142556037855,1.062604216920183,0.0002013,1783444499999,0.00054718,2.9667,1585.0,0.5572307592867757,20362283806.0,0.06170230026640855,7.834480514920838,4109719.74056498,-2.785188425330323,1.4703,-0.5917808127849885,-0.09925558312655625,93327.0595132,1.208485644245308,34.1554801841139,AKEUSDT_15m_limit500_20260707_181139_enriched_candles.csv,-25.434153172952694,15m,1783443600000
2.9324,66.46258463294299,2.5412236703228173,0.0001943,1783447199999,0.00054718,2.9667,9735.0,5.06164590058766,20362283806.0,-1.3075452304505797,14.264041921426013,4109719.74056498,1.0845009028111983,1.4703,5.322641094649581,-3.573200992555825,647013.2614017,9.124159577598956,12.976630097391649,AKEUSDT_1h_limit500_20260717_211343_enriched_candles.csv,-19.258783551228863,1h,1783443600000
2.9185,66.22611330682996,1.4228053863280752,0.0001976,1783445399999,0.00054718,2.9139,2123.0,1.0962338985130111,20388688311.0,0.12967359286202296,7.8689448586425845,4098126.350511,-2.8288222012401145,1.4747,3.8065409200079627,-1.8380526577247758,140598.0385504,2.2472281913476273,30.995026024525245,AKEUSDT_15m_limit500_20260707_181139_enriched_candles.csv,-24.20396537367141,15m,1783444500000
2.9078,80.39448205061937,2.114135379126132,0.0001912,1783446299999,0.00054718,2.9032,3552.0,2.5228318393916913,20283588063.0,-0.5154831267065729,7.692834794616393,3998909.38662045,-3.28168970622911,1.4694,7.349356232583616,-3.238866396761131,285561.2002438,5.427675853660031,26.43800784994484,AKEUSDT_15m_limit500_20260707_181139_enriched_candles.csv,-19.46986326459354,15m,1783445400000
2.8926,51.526045694666664,0.6783205879611528,0.0001943,1783447199999,0.00054718,2.873,2475.0,1.4269006852465047,20169616062.0,-0.5618927018533837,7.468523608687504,3861876.38739114,-3.8682118962271947,1.4768,3.2578118615764393,1.6213389121338961,127526.9630943,1.946004907549785,31.67783295588883,AKEUSDT_15m_limit500_20260707_181139_enriched_candles.csv,-8.814810788983998,15m,1783446300000
2.885,50.83747026784255,1.3360886760354012,0.0001901,1783450799999,0.00054718,2.8417,7342.0,3.4638269909844053,20207240693.0,-0.7614230038101799,13.89735513468041,3920406.76684893,0.4234419724228629,1.4804,2.8151791247691675,-2.1616057642820374,373248.7067065,4.829007347021337,12.312927755589143,AKEUSDT_1h_limit500_20260717_211343_enriched_candles.csv,-11.556940772153723,1h,1783447200000
2.8197,47.310279275358695,1.0648352841932263,0.00019,1783454399999,0.00054718,2.7495,6412.0,2.838613991513094,20323042031.0,0.5730685339939257,13.903309901968703,3867271.66807899,0.23909286554489007,1.49,-0.8916166049926874,-0.052603892688063425,303353.5107136,3.7297926672237303,12.296801298204329,AKEUSDT_1h_limit500_20260717_211343_enriched_candles.csv,-2.7166136484177144,1h,1783450800000
2.8153,41.883796349492755,0.6599024958402052,0.0001938,1783457999999,0.00013181,2.7651,4140.0,1.3324335753968255,20332350657.0,0.04580331028101181,13.66867442119755,3867416.41846797,0.2391702864962291,1.5001,2.5200226482339385,2.0000000000000018,173398.9168869,1.6728049377680057,16.758359399523897,AKEUSDT_1h_limit500_20260717_211343_enriched_candles.csv,-0.18323720932307824,1h,1783454400000
2.8153,52.07397433121456,1.4169398111334344,0.0001974,1783468799999,0.00013181,2.7651,15166.0,1.5143170848214285,20332350657.0,-1.4526260073387864,21.327998836465156,3867416.41846797,0.39871177113030026,1.5001,1.2650941313562838,3.894736842105262,789753.8947072,2.348957315309263,22.649029772069156,AKEUSDT_4h_limit500_20260717_211446_enriched_candles.csv,-3.9988497816916353,4h,1783454400000
2.7994,42.52590154690574,0.6814413035951852,0.0001958,1783461599999,0.00013181,2.7481,3151.0,0.6700271524102079,20232618969.0,-0.4905074168867207,13.300330074681993,3915618.74907057,0.40390968815756284,1.5035,0.8205848549139909,1.031991744066052,133999.1157743,1.0396529244280317,19.091267337091082,AKEUSDT_1h_limit500_20260717_211343_enriched_candles.csv,-8.771220841558872,1h,1783458000000
2.8023,45.539066924682565,0.8968699410045053,0.0001967,1783465199999,0.00013181,2.7453,3229.0,0.7211827341156947,20307315248.0,0.36918739543529977,12.837372525624685,3976172.3255584,0.5989383731821497,1.507,-0.17567359146347172,0.4596527068437384,147045.6470998,1.173593224032067,20.1754209066725,AKEUSDT_1h_limit500_20260717_211343_enriched_candles.csv,3.213132797051314,1h,1783461600000
2.7693,72.17180691911322,2.8045999710375575,0.0001974,1783468799999,0.00013181,2.7313,4646.0,1.6166139813854854,20402781788.0,0.47010911503628794,12.436375828571874,4013227.1776996,0.7122700512730727,1.5048,-0.3568770190580656,0.3558718861209842,335310.2149462,3.817607672533311,21.061403158068273,AKEUSDT_1h_limit500_20260717_211343_enriched_candles.csv,-7.227562126399417,1h,1783465200000
2.7665,53.19407186886898,1.4276170626619558,0.0001989,1783472399999,5e-05,2.7538,3572.0,0.9299159481464101,20388172438.0,-0.07160469661343649,12.138457478082195,4028702.8737488,0.7549890193645135,1.4972,0.3489790759350049,0.7598784194528863,190009.2247156,1.6996159696720197,23.032790785914813,AKEUSDT_1h_limit500_20260717_211343_enriched_candles.csv,-5.939040419795732,1h,1783468800000
2.7665,51.80699166538839,1.3864753027264358,0.0001901,1783483199999,5e-05,2.7538,17341.0,1.7849350954918033,20388172438.0,0.27454661756378673,21.204888661614294,4028702.8737488,0.9345373140262481,1.4972,1.1091830407085612,-3.6980749746707176,898385.0424695,2.7451643390981024,21.768093142530958,AKEUSDT_4h_limit500_20260717_211446_enriched_candles.csv,-6.946989276329013,4h,1783468800000
2.7665,55.17782563577064,1.1135095073508425,0.0001926,1783555199999,5e-05,2.7538,94941.0,1.2132936420898928,20388172438.0,30.713916329513992,21.131379634898355,4028702.8737488,0.8601215599098885,1.4972,,-2.4316109422492405,5238637.9436857,1.4271051582285057,32.436687328425776,AKEUSDT_1d_limit500_20260717_212121_enriched_candles.csv,-4.215709388065127,1d,1783468800000
2.7467,54.89169003572145,1.5197398925452172,0.000192,1783475999999,5e-05,2.7244,4983.0,1.815449046728972,20322259749.0,-0.32328885387074013,11.794937870061323,4038033.0121263,0.7764042024190612,1.5028,5.102534170098124,-3.4690799396681737,273525.291448,2.8002916955346033,20.49698949895945,AKEUSDT_1h_limit500_20260717_211343_enriched_candles.csv,-14.033990708496393,1h,1783472400000
2.6765,56.523476553769974,1.6283717588248576,0.000192,1783479599999,5e-05,2.6483,5756.0,2.27808210143585,20215267267.0,-0.5264792563497545,11.346391327838871,3881331.315264,0.2535994339018129,1.4885,-0.9809052657106813,0.0,325349.1310435,3.4988340630489083,20.49698949895945,AKEUSDT_1h_limit500_20260717_211343_enriched_candles.csv,4.103146793809996,1h,1783476000000
2.5804,36.1390743440264,0.199216206527758,0.0001901,1783483199999,5e-05,2.5753,3030.0,0.5654813055555555,20128472725.0,-0.42935144439908424,10.944045768194009,3861848.7770185,0.1896069828573441,1.4916,0.7467306614795757,-0.9895833333333326,109501.3952624,0.5188323412233184,19.80080340536948,AKEUSDT_1h_limit500_20260717_211343_enriched_candles.csv,-23.82529126015466,1h,1783479600000
2.5125,50.54712391111111,1.1891833676842931,0.0001914,1783486799999,5e-05,2.5162,4131.0,1.2467371401010565,20086329088.0,-0.2093732474181098,10.818878871225639,3821223.24570112,0.042485387492196845,1.4936,0.21273202843631592,0.6838506049447579,208810.1688768,1.8848790789018417,21.7589463422039,AKEUSDT_1h_limit500_20260717_211343_enriched_candles.csv,-8.123087087299675,1h,1783483200000
2.5125,50.07395511264474,1.2321504446829912,0.0001929,1783497599999,5e-05,2.5162,17272.0,1.5975930772727271,20086329088.0,-1.4804826225494172,20.376957718669157,3821223.24570112,0.2351981575811701,1.4936,-0.14699990825279216,1.4729089952656427,864877.3527056,2.504876615695945,23.005113378509407,AKEUSDT_4h_limit500_20260717_211446_enriched_candles.csv,-4.9967155090613575,4h,1783483200000
2.4698,42.36349362972625,0.6097013222376676,0.0001911,1783490399999,5e-05,2.4495,3105.0,0.6083390595783684,20080661902.0,-0.028214144929972207,10.734412487052118,3846651.59394712,0.11417505703018133,1.5009,-0.7035690848488675,-0.15673981191220987,131538.6477203,0.8200912273542195,21.627711988725423,AKEUSDT_1h_limit500_20260717_211343_enriched_candles.csv,-9.503104392315327,1h,1783486800000
2.4048,59.70928926812774,1.8508074066783624,0.0001943,1783493999999,5e-05,2.3456,6388.0,2.641003463515374,20128487096.0,0.23816542618666503,10.765143610886355,3846553.8840456,0.11228861621083702,1.5068,1.9289835842806522,1.6745159602302495,381422.9398448,4.20962060041938,26.705717627818117,AKEUSDT_1h_limit500_20260717_211343_enriched_candles.csv,0.9807984350186735,1h,1783490400000
2.3234,39.22850774772478,0.3860943551921364,0.0001929,1783497599999,5e-05,2.2626,3648.0,0.9436668520642201,20019901935.0,-0.5394601217772466,10.629584391236328,3889866.9459705,0.25444507725153787,1.4913,0.27188059276341464,-0.7205352547606791,143105.5962637,0.9601166997560582,25.914605582486715,AKEUSDT_1h_limit500_20260717_211343_enriched_candles.csv,-12.224793875610015,1h,1783494000000
2.2584,83.43821044169017,3.577195487497679,0.0001854,1783501199999,5e-05,2.2,11348.0,5.613121393034826,19894559959.0,-0.6260868629974103,10.408005278525192,3835074.32329643,0.06617447947221303,1.4955,5.7300892850183995,-3.8880248833592534,946856.8120923,11.79174685812179,22.132139410723894,AKEUSDT_1h_limit500_20260717_211343_enriched_candles.csv,-12.142761768153411,1h,1783497600000
2.2584,72.49475524884454,3.1306512360730037,0.0001911,1783511999999,5e-05,2.2,30464.0,4.011904860716238,19894559959.0,-0.9547246197144421,19.870504133143925,3835074.32329643,0.27592027466147706,1.4955,-0.40090108665554797,-0.9331259720062102,2208480.2239008,8.19899132911593,22.756005152671875,AKEUSDT_4h_limit500_20260717_211446_enriched_candles.csv,-3.530236491667226,4h,1783497600000
2.0864,76.3408737690191,3.0625685244378746,0.0001898,1783504799999,5e-05,1.9682,13192.0,6.571355044429708,20124039006.0,1.1534763647596424,10.56096506900596,3730996.8317124,-0.2812055795825673,1.521,3.090742806580353,2.373247033441217,1007088.8067609,12.593614878850422,28.706541043064973,AKEUSDT_1h_limit500_20260717_211343_enriched_candles.csv,3.535151657996001,1h,1783501200000
2.1017,48.92451486573174,1.0741718341769457,0.0001916,1783508399999,5e-05,1.9762,3601.0,0.8382438231627296,20396612894.0,1.3544690900208156,10.705642397968289,3872500.92405484,0.1910388580159497,1.4828,0.6342092070911766,0.9483667017913477,176177.1780315,1.3994456631895058,31.263307907518254,AKEUSDT_1h_limit500_20260717_211343_enriched_candles.csv,-4.202695655492988,1h,1783504800000
2.1066,33.73113517696944,-0.028802306413903512,0.0001911,1783511999999,5e-05,1.9842,2323.0,0.07890478011265165,20275134785.0,-0.5955798133313372,10.444942217796735,3886743.3382845,0.23144086159949293,1.4846,-0.5270551401192618,-0.26096033402921437,78357.4270161,0.0827407640402363,30.93147136846828,AKEUSDT_1h_limit500_20260717_211343_enriched_candles.csv,11.245987132897303,1h,1783508400000
2.0979,50.025171248746,1.1537300975357851,0.0001884,1783515599999,5e-05,1.9595,3748.0,0.9140802394565217,20297498411.0,0.11030075132494321,10.231374967569433,3878851.9463421,0.19657408313953806,1.4899,1.4295773794628484,-1.4128728414442793,187494.3418403,1.5456077564097355,29.13319734375375,AKEUSDT_1h_limit500_20260717_211343_enriched_candles.csv,-3.650578001724432,1h,1783512000000
2.0979,48.833884079435684,1.0595655292345572,0.0001899,1783526399999,5e-05,1.9595,14141.0,0.9865371194504602,20297498411.0,2.025370014870398,20.532075625763607,3878851.9463421,0.4150666942318817,1.4899,-0.5848330630105655,-0.6279434850863463,690559.9547673,1.700327523233323,22.580459575582836,AKEUSDT_4h_limit500_20260717_211446_enriched_candles.csv,-1.60148086308114,4h,1783512000000
2.1447,42.16777453150997,0.578378645269598,0.000191,1783519199999,0.00036015,2.0066,3510.0,0.7729382973501303,20143697902.0,-0.7577313513504214,9.855529270481737,3810583.33212134,-0.0347020844710849,1.4897,1.3592638558245298,1.3800424628450214,148008.8886056,0.9947382523748393,33.16284885364905,AKEUSDT_1h_limit500_20260717_211343_enriched_candles.csv,16.79953100536912,1h,1783515600000
2.1706,56.36803746263111,1.5983336483707649,0.0001897,1783522799999,0.00036015,1.986,3337.0,0.6622686242450389,20230475886.0,0.4307947052332617,9.878886655921512,3853703.35152414,0.11433879903080137,1.4861,0.17605894633955566,-0.6806282722513157,188100.1410128,1.516742678846625,32.17762850841035,AKEUSDT_1h_limit500_20260717_211343_enriched_candles.csv,-18.583205665550974,1h,1783519200000
2.1676,47.083074819120135,0.9256419713400716,0.0001899,1783526399999,0.00036015,1.9895,3546.0,0.7819409309523809,20202131290.0,-0.14010839962304011,9.791104551797153,3830526.1138969,0.030346868806805705,1.4983,-0.7882720248993189,0.10542962572483994,166956.5833086,1.2283080296052193,32.50982376663818,AKEUSDT_1h_limit500_20260717_211343_enriched_candles.csv,3.5192853657884626,1h,1783522800000
2.1456,37.45700438667828,0.22644049662251425,0.0001906,1783529999999,0.00019816,1.9709,2297.0,0.027617351519628536,20289996660.0,0.43493118987645296,9.824607914239728,3844142.7672036,0.06863546147328094,1.4923,-0.34541807647435213,0.36861506055818616,86038.7390762,0.16598512379737132,33.73322529522099,AKEUSDT_1h_limit500_20260717_211343_enriched_candles.csv,-14.165583420284463,1h,1783526400000
2.1456,34.555247821551006,-0.14552465151479285,0.0001968,1783540799999,0.00019816,1.9709,9568.0,0.14977626760139204,20289996660.0,-0.03695899291675797,20.389412459595317,3844142.7672036,0.30307043653371224,1.4923,1.164008571183691,3.6334913112164413,330624.6111566,0.1683305352172156,26.110107838398406,AKEUSDT_4h_limit500_20260717_211446_enriched_candles.csv,-4.301821569678407,4h,1783526400000
2.1211,30.890618473965624,-0.2483182654577456,0.0001905,1783533599999,0.00019816,1.9533,1571.0,-0.39848654909613807,20349671650.0,0.294110398340508,9.830899444162881,3878647.41649,0.1735393163205775,1.4966,-0.8784922747809198,-0.05246589716684236,48529.1616226,-0.32591073306121643,33.63941219280622,AKEUSDT_1h_limit500_20260717_211343_enriched_candles.csv,-1.5793455818595197,1h,1783530000000
2.1182,35.69660619631228,0.10131792393140272,0.0001936,1783537199999,0.00019816,1.9351,2549.0,0.17213092983014863,20331133917.0,-0.09109598090247806,9.699560390853302,3873081.0111885,0.14697369105719285,1.5018,1.7782534822586449,1.6272965879265078,90990.6491944,0.23229567265047144,39.27714146093078,AKEUSDT_1h_limit500_20260717_211343_enriched_candles.csv,-6.050772011349542,1h,1783533600000
2.0912,33.34371985509362,-0.0735964638400879,0.0001968,1783540799999,0.00019816,1.9326,3151.0,0.47836546519769363,20239027683.0,-0.4530304820971387,9.502475409413185,3917263.80804465,0.27740951842309924,1.5062,1.7988601747660353,1.6528925619834878,105066.0612634,0.4193646945726558,44.5170808440757,AKEUSDT_1h_limit500_20260717_211343_enriched_candles.csv,4.032785062702265,1h,1783537200000
2.0912,36.77336597050847,0.1799397641005242,0.0001949,1783544399999,0.00019816,1.9403,1475.0,-0.45437848590534974,20225552233.0,-0.06658150881091451,9.345234521228086,3979579.65736508,0.4727247089524592,1.5135,0.6433184946135315,-0.9654471544715548,54240.7148065,-0.2613274364302015,42.18918524369115,AKEUSDT_1h_limit500_20260717_211343_enriched_candles.csv,14.187269810053882,1h,1783540800000
2.0912,39.92051319023558,0.30893896837868845,0.0001926,1783555199999,0.00019816,1.9403,6155.0,-0.4716864719891745,20225552233.0,-0.3176167452360712,20.061610441915224,3979579.65736508,0.7690418217150791,1.5135,0.26810292642332473,-2.1341463414634276,245710.7586859,-0.19825429906901582,25.352428761843385,AKEUSDT_4h_limit500_20260717_211446_enriched_candles.csv,-4.872776897818045,4h,1783540800000
2.0941,23.878618044465117,-0.7542207545279388,0.0001952,1783547999999,0.00049076,1.9507,1075.0,-0.6761592790841584,20102726325.0,-0.6072808622728076,9.093511359774975,3918021.3607425,0.27630286370706264,1.5097,-0.699367150978761,0.1539250897896416,25669.5143978,-0.6356201683400642,42.69869635681091,AKEUSDT_1h_limit500_20260717_211343_enriched_candles.csv,-4.896560657601402,1h,1783544400000
2.1056,46.68980424128878,0.8966580253481528,0.0001969,1783551599999,0.00049076,1.9507,1257.0,-0.5701249677109974,20084097226.0,-0.09266951506389232,9.065980405568709,3920415.7785152,0.2843821447447183,1.5109,0.4874261562135616,0.8709016393442459,58689.0839313,-0.19587498442091125,45.62331758596092,AKEUSDT_1h_limit500_20260717_211343_enriched_candles.csv,-0.20378699459682506,1h,1783548000000
2.0979,45.618162500127774,0.8086030062154487,0.0001926,1783555199999,0.00049076,1.9394,2348.0,0.08357034688049209,20130724733.0,0.23216132881311857,9.097467698362134,3963739.6999277,0.4228730882803479,1.5146,2.6564906734979536,-2.1838496698831866,107111.4455503,0.45168938201235387,40.05452627842036,AKEUSDT_1h_limit500_20260717_211343_enriched_candles.csv,-17.07725022655039,1h,1783551600000
2.1626,33.444678726183994,-0.07434894269589429,0.0001974,1783558799999,0.00038082,2.0075,1837.0,-0.23692064201877935,20029393003.0,-0.5033685142685762,8.83112023063789,3856859.91665768,0.08090720461095828,1.5046,3.1408017599179883,2.492211838006231,61437.87482,-0.16127288726046088,47.725052373842296,AKEUSDT_1h_limit500_20260717_211343_enriched_candles.csv,7.780961467508006,1h,1783555200000
2.1626,34.204321695327714,-0.1772922195201227,0.0001918,1783569599999,0.00038082,2.0075,7598.0,-0.21029402949015857,20029393003.0,-0.9698584628999529,19.16433585729842,3856859.91665768,0.3188136665652342,1.5046,-0.7279768249358733,-0.41536863966770143,259884.4362411,-0.12551851847419332,25.20241051353743,AKEUSDT_4h_limit500_20260717_211446_enriched_candles.csv,-2.8896813646558486,4h,1783555200000
2.1626,51.136002218559256,0.7756025345852803,0.0001938,1783641599999,0.00038082,2.0075,49905.0,-0.3405270635644769,20029393003.0,-1.7597429886913152,19.77051606287641,3856859.91665768,0.34785859998268615,1.5046,-0.8875434842312835,0.6230529595015577,2551942.1907172,0.046665585765236536,32.6483112876206,AKEUSDT_1d_limit500_20260717_212121_enriched_candles.csv,-2.840113798715413,1d,1783555200000
2.1358,30.377644237002723,-0.28677684311238466,0.0001928,1783562399999,0.00038082,1.978,1835.0,-0.22106624405286343,19986767867.0,-0.2128129194609918,8.625529129336636,3940990.88801506,0.347144060979034,1.507,2.8032973840469575,-2.3302938196555267,55742.9771749,-0.24028138907067015,42.157720021127965,AKEUSDT_1h_limit500_20260717_211343_enriched_candles.csv,-1.0261672147600471,1h,1783558800000
2.1486,33.503297478849966,-0.05640697043299454,0.0001974,1783565999999,0.00038082,1.9994,1513.0,-0.4080246635802469,19990419023.0,0.018267866141719047,8.298634523732403,3854152.7876344,0.06809787802649567,1.5062,2.8128159738598426,2.385892116182564,50690.4890855,-0.3082351689524429,48.6133116270902,AKEUSDT_1h_limit500_20260717_211343_enriched_candles.csv,14.157543565214572,1h,1783562400000
2.1085,38.13224001686697,0.2859234150251804,0.0001918,1783569599999,0.00038082,1.956,2413.0,0.1334551911764706,19954087842.0,-0.18174296876017904,7.962004897318941,3938936.9400108,0.3339606035861544,1.5037,3.517781464726802,-2.8368794326241176,92013.0951607,0.25631733267760887,42.40812815230148,AKEUSDT_1h_limit500_20260717_211343_enriched_candles.csv,-20.534904707096764,1h,1783566000000
2.1486,38.93769494266992,0.33745450452733683,0.000193,1783573199999,0.00038082,1.9904,3281.0,0.646983962322695,19855182219.0,-0.49566596971584165,6.824925676838194,3808223.9496042,-0.08226512689847239,1.4963,0.029831479711406466,0.6256517205422307,127754.5771069,0.7452212528119851,44.05602728827849,AKEUSDT_1h_limit500_20260717_211343_enriched_candles.csv,-10.560078816597926,1h,1783569600000
2.1486,37.92940660845162,0.14218047860317362,0.0001926,1783583999999,0.00038082,1.9904,7679.0,-0.19720724606570955,19855182219.0,-0.8697756540795187,18.72024221656334,3808223.9496042,0.14496621977585647,1.4963,-0.7042293431761616,0.4171011470281538,291259.9133463,0.02149719963524446,25.6760392535419,AKEUSDT_4h_limit500_20260717_211446_enriched_candles.csv,-2.8270248257988175,4h,1783569600000
2.127,43.52088444010857,0.6589224362890698,0.000193,1783576799999,0.00027253,1.9718,1658.0,-0.3271156119699647,19792992468.0,-0.31321672253649124,6.000937150986733,3820047.546324,-0.04258913170208376,1.5047,-0.9603046471072099,0.0,72157.6264017,-0.016000717164699654,44.05602728827849,AKEUSDT_1h_limit500_20260717_211343_enriched_candles.csv,5.325086686068519,1h,1783573200000
2.1172,36.073392782101514,0.11224528235995294,0.0001923,1783580399999,0.00027253,1.9577,1123.0,-0.6451119742222222,19759273726.0,-0.17035696878334727,3.8433671536596288,3813342.23638074,-0.06194148333698398,1.505,-0.38408564608086293,-0.36269430051812934,40510.4200943,-0.44812129212984814,43.21939565314018,AKEUSDT_1h_limit500_20260717_211343_enriched_candles.csv,-7.58891047968316,1h,1783576800000
2.1556,31.439263910575136,-0.22433440649185404,0.0001926,1783583999999,0.00027253,1.9958,1617.0,-0.34691497894265233,19743592508.0,-0.0793613075938393,2.743468178768364,3794718.4800376,-0.12000356936702646,1.502,-0.7092284750490513,0.15600624024960652,50837.2897434,-0.30705052348307066,43.7127363965725,AKEUSDT_1h_limit500_20260717_211343_enriched_candles.csv,8.829812443694976,1h,1783580400000
2.1407,36.25403931067834,0.12683055678856295,0.0001916,1783587599999,0.00027253,1.9833,2285.0,0.057822056665170554,19736056800.0,-0.03816786634421865,2.2766284261395127,3798006.770592,-0.10862098420198893,1.4975,-0.13456484230645446,-0.5192107995846351,82840.4798249,0.1395851914079678,42.390589062822635,AKEUSDT_1h_limit500_20260717_211343_enriched_candles.csv,18.9285525873871,1h,1783584000000
2.1407,67.70916864708202,2.6632165900734184,0.00019,1783598399999,0.00027253,1.9833,10898.0,0.41131771651133675,19736056800.0,-0.599971421496226,18.10598535292395,3798006.770592,0.11602283839484939,1.4975,-0.16790510014780527,-1.3499480789200269,737894.5199159,1.9469094828275717,25.119332381103305,AKEUSDT_4h_limit500_20260717_211446_enriched_candles.csv,-14.616045407464483,4h,1783584000000
2.1616,97.56518598549457,4.654724472030592,0.0001927,1783591199999,7.109e-05,1.9842,4226.0,1.231019409192825,19714089215.0,-0.11130685943303575,1.9590011733225448,3776825.2118097,-0.17629861366775593,1.5002,-0.028195733299495457,0.574112734864296,412310.4759747,4.653977696355454,44.38334491820652,AKEUSDT_1h_limit500_20260717_211343_enriched_candles.csv,-34.59704521891728,1h,1783587600000
2.1786,35.683719189567036,0.06929239687098747,0.0001918,1783594799999,7.109e-05,1.9824,1917.0,-0.16929782777036048,19628271036.0,-0.4353139425518182,1.8726376324757237,3781386.4150854,-0.16136874581297098,1.5044,-0.18250858904359657,-0.4670472236637191,68405.6896864,-0.06670469719411562,43.07061248684069,AKEUSDT_1h_limit500_20260717_211343_enriched_candles.csv,16.144127340617402,1h,1783591200000
2.2165,70.58213539672064,2.5957496995365226,0.00019,1783598399999,7.109e-05,2.0469,2470.0,0.16877366838565022,19569514748.0,-0.2993452041304856,1.7864773185727514,3751475.9771916,-0.2600110056731172,1.4975,0.5934097218412582,-0.9384775808133461,174337.8744299,1.3878704999902234,40.491140175430786,AKEUSDT_1h_limit500_20260717_211343_enriched_candles.csv,4.630226399798055,1h,1783594800000
2.2123,91.73814328672566,3.9039723812042055,0.0001901,1783601999999,7.109e-05,2.0609,1582.0,-0.3709092475490196,19536651955.0,-0.16792850217892674,1.5163755144753341,3713917.5366455,-0.38503857485359044,1.4843,-0.8633589979570738,0.052631578947370805,145129.7426796,0.9849541993006687,40.70360658556931,AKEUSDT_1h_limit500_20260717_211343_enriched_candles.csv,-47.57276116379751,1h,1783598400000
2.2123,75.58250188801587,3.307297047675505,0.0001907,1783612799999,7.109e-05,2.0609,6300.0,-0.4610053295486403,19536651955.0,-1.0103580822689917,17.179314940914008,3713917.5366455,-0.20908741647456228,1.4843,-0.7158576468234735,0.36842105263157343,476169.7618945,0.779585256222785,25.587127832582212,AKEUSDT_4h_limit500_20260717_211446_enriched_candles.csv,-2.8211856505655946,4h,1783598400000
2.199,57.9474008066709,1.494331990859068,0.0001903,1783605599999,6.002e-05,2.0451,1574.0,-0.3739085137017071,19712463937.0,0.8999084510742161,1.2452581083557592,3747339.3944237,-0.2749375051782319,1.4994,-0.7743731457023575,0.10520778537610465,91209.2088697,0.24477756692055305,41.156112940744634,AKEUSDT_1h_limit500_20260717_211343_enriched_candles.csv,7.350597314442045,1h,1783602000000
2.1928,98.45932816020122,4.1665437734048805,0.0001909,1783609199999,6.002e-05,2.0358,1789.0,-0.2431441448019802,19638699590.0,-0.37420155712520886,1.2254933693521293,3737244.531977,-0.30252273280322545,1.5018,-0.4283505550995291,0.31529164477142047,176143.7380786,1.405958627012721,42.571991795089154,AKEUSDT_1h_limit500_20260717_211343_enriched_candles.csv,30.34335453988727,1h,1783605600000
2.2113,47.00152934804428,0.7657933632801128,0.0001907,1783612799999,6.002e-05,2.0703,1355.0,-0.5066275579350766,19549488505.0,-0.4542616714063197,1.2028786305488548,3731215.3760643,-0.3200362175449015,1.4794,-0.7756545038616824,-0.10476689366160086,63687.0722666,-0.13311092524574344,42.207425068069085,AKEUSDT_1h_limit500_20260717_211343_enriched_candles.csv,-7.134489894557318,1h,1783609200000
2.2092,98.96047483064429,4.212463881399656,0.000195,1783616399999,6.002e-05,2.0779,1847.0,-0.20430729484559493,19592018033.0,0.21754803451314864,1.18104960125059,3736197.8388931,-0.30065023009758984,1.4813,2.777031457387003,2.254850550603038,182779.9970122,1.496743905814763,51.77034203339539,AKEUSDT_1h_limit500_20260717_211343_enriched_candles.csv,48.99554624121288,1h,1783612800000
2.2092,51.16598357533905,1.2249543156038867,0.0001942,1783627199999,6.002e-05,2.0779,11650.0,0.5645196372423597,19592018033.0,0.2833959376843387,16.900620810527638,3736197.8388931,-0.11704650643161586,1.4813,0.1716252096043321,1.8353434714210914,596083.7086527,1.2739329372978592,28.00882717268371,AKEUSDT_4h_limit500_20260717_211446_enriched_candles.csv,12.140171747096488,4h,1783612800000
2.2457,55.56092733899745,1.336478623969168,0.0001978,1783619999999,0.00024878,2.1037,2354.0,0.11159291110603291,19598172896.0,0.03141515585394217,1.1531130884886507,3821643.71472,0.0014749978307341362,1.4596,1.4207893966140335,1.4358974358974486,130790.422956,0.7853319264578866,56.784853086656575,AKEUSDT_1h_limit500_20260717_211343_enriched_candles.csv,4.271827288363168,1h,1783616400000
2.2321,25.58617894062419,-0.6620841508389224,0.0001996,1783623599999,0.00024878,2.0969,3845.0,1.0266924452446273,19590377943.0,-0.0397738760718358,1.1503884643247002,3872430.00799281,0.17902010465011461,1.4682,0.5513903593232136,0.9100101112234471,98378.8580267,0.3264542836035214,59.68662159489862,AKEUSDT_1h_limit500_20260717_211343_enriched_candles.csv,-9.12676148147925,1h,1783620000000
2.1837,51.09168442225305,1.038509998447014,0.0001942,1783627199999,0.00024878,2.0969,3604.0,0.873014155393053,19600368766.0,0.050998623043763125,1.150979041690458,3912233.6056936,0.31852544302862246,1.4698,3.4921281718420425,-2.7054108216432837,184134.4306578,1.4549440570847396,49.04661802286642,AKEUSDT_1h_limit500_20260717_211343_enriched_candles.csv,-7.4927916401687655,1h,1783623600000
2.2563,29.97708669537893,-0.36932965235540255,0.0001947,1783630799999,0.0002286,2.1716,1082.0,-0.6772415214188576,19499964011.0,-0.5122595202094793,0.9635097657030929,3781433.02101312,-0.14600748440098454,1.467,-0.5248454242065484,0.2574665293511691,32435.2078044,-0.5696331320419871,49.93652919551193,AKEUSDT_1h_limit500_20260717_211343_enriched_candles.csv,9.856501193639067,1h,1783627200000
2.2563,32.98440322953287,-0.2897589953152477,0.0001938,1783641599999,0.0002286,2.1716,5780.0,-0.5648756173556059,19499964011.0,-0.46985472269853723,16.47369066196694,3781433.02101312,0.07021421756911514,1.467,-0.8101918153879427,-0.2059732234809486,190649.8506667,-0.42740092834811483,27.897087434423696,AKEUSDT_4h_limit500_20260717_211446_enriched_candles.csv,-4.099240039669774,4h,1783627200000
2.251,28.670304171538465,-0.45634449482399375,0.000194,1783634399999,0.0002286,2.1626,1170.0,-0.6208232961121157,19485808475.0,-0.07259262628389607,0.8204252285720269,3793886.9100825,-0.0977207527705029,1.4687,-0.3567488444564158,-0.3595274781715396,33544.2558807,-0.5521330690173413,48.65532963103689,AKEUSDT_1h_limit500_20260717_211343_enriched_candles.csv,7.747424060747307,1h,1783630800000
2.2787,39.95818318927146,0.2985890521020525,0.0001926,1783637999999,0.0002286,2.1888,2004.0,-0.10827416177808095,19470879606.0,-0.07661406001785442,0.8113766586968214,3781634.23707732,-0.14051354377503802,1.4721,0.24113515571112368,-0.721649484536091,80076.1991113,0.07968714105513515,46.107420507942855,AKEUSDT_1h_limit500_20260717_211343_enriched_candles.csv,-15.917886037502099,1h,1783634400000
2.2873,29.261278130118107,-0.417503646973819,0.0001938,1783641599999,0.0002286,2.1918,1524.0,-0.4012317577910174,19423314153.0,-0.2442902116519874,0.7974215808915163,3740930.3058678,-0.2846472763686054,1.4693,0.07565137347185455,0.6230529595015577,44594.1878703,-0.405150915746192,48.592377777478696,AKEUSDT_1h_limit500_20260717_211343_enriched_candles.csv,-1.93870397284618,1h,1783638000000
2.2605,20.20973881185006,-1.016039588718141,0.0001939,1783645199999,7.693e-05,2.1616,827.0,-0.833100476624591,19479830384.0,0.2909711007854421,0.7728876193652613,3775191.1284192,-0.16239348076590523,1.4692,-0.8650528388662522,0.05159958720331037,16713.4539974,-0.7801416670124596,48.804227302042534,AKEUSDT_1h_limit500_20260717_211343_enriched_candles.csv,11.26880630833692,1h,1783641600000
2.2605,58.73228888795062,1.8541332456638406,0.0001901,1783655999999,7.693e-05,2.1616,6075.0,-0.5160170201366676,19479830384.0,-0.10324955978709971,16.543972591745415,3775191.1284192,0.038978785032177575,1.4692,0.21574305020806772,-1.9091847265221729,356798.6549943,0.2704643574624813,26.830803606450132,AKEUSDT_4h_limit500_20260717_211446_enriched_candles.csv,-23.832892747552105,4h,1783641600000
2.2605,59.64799358379312,1.2135569185569506,0.0001937,1783727999999,7.693e-05,2.1616,65139.0,0.20551546453549582,19479830384.0,-2.7437806972866685,16.604315854633725,3775191.1284192,0.11109269188269176,1.4692,-1.025114105612968,-0.05159958720329927,3885410.6540547,0.6866740241724338,32.639136500465,AKEUSDT_1d_limit500_20260717_212121_enriched_candles.csv,-11.387675902097087,1d,1783641600000
2.2573,48.58514651360986,0.8703137003738602,0.0001931,1783648799999,7.693e-05,2.1576,1543.0,-0.37364284145176696,19473224515.0,-0.03391132709977818,0.7402151980438129,3775858.2334585,-0.15918213437803574,1.469,-0.2698262902633181,-0.4125838060856091,74966.8810705,0.021280903824727068,47.13090192270268,AKEUSDT_1h_limit500_20260717_211343_enriched_candles.csv,-28.367281002528404,1h,1783645200000
2.2819,32.64493602218215,-0.18652996974339905,0.0001936,1783652399999,7.693e-05,2.1939,1109.0,-0.6538355184210526,19486814413.0,0.0697876101080741,0.7325649879802382,3762903.8631503,-0.20278555330438486,1.4655,-0.5216242641117548,0.2589331952356222,36203.2340486,-0.5156036596475752,48.32346415259122,AKEUSDT_1h_limit500_20260717_211343_enriched_candles.csv,27.689375164503144,1h,1783648800000
2.3546,88.17992522257319,3.483609203731932,0.0001901,1783655999999,7.693e-05,2.1939,2596.0,0.30717414309683605,19477143939.0,-0.049625730481372976,0.7216710790064733,3768827.3521965,-0.17770591757000873,1.5528,2.050018170668087,-1.8078512396694113,228915.0858778,2.1383903264603727,41.30054519283859,AKEUSDT_1h_limit500_20260717_211343_enriched_candles.csv,-33.05908421151335,1h,1783652400000
2.3772,144.33696290200334,7.222480773351735,0.0001892,1783659599999,0.00019085,2.2031,2396.0,0.17710607714422616,19625316533.0,0.7607511371485298,0.7299541945414294,3730380.16659264,-0.31733158997811167,1.5846,-0.167940715811656,-0.4734350341925375,345831.3631132,3.687092501710183,39.702685543974866,AKEUSDT_1h_limit500_20260717_211343_enriched_candles.csv,-31.484884194832013,1h,1783656000000
2.3772,81.51194753447753,3.6911599075687898,0.0001891,1783670399999,0.00019085,2.2031,6584.0,-0.42130411760310815,19625316533.0,0.7468553171771752,16.73721271422857,3730380.16659264,-0.14908232548946912,1.5846,-0.6243282543045099,-0.5260389268806009,536674.662567,1.0283013309598819,26.53559719586272,AKEUSDT_4h_limit500_20260717_211446_enriched_candles.csv,-25.034864496109254,4h,1783656000000
2.3647,42.755721860912864,0.48274354021743493,0.00019,1783663199999,0.00019085,2.2103,1205.0,-0.5930858146551724,19373332796.0,-1.2839728550430696,0.681486739351081,3662334.83175584,-0.57251769742251,1.572,-0.2524674788266588,0.42283298097252064,51520.6448424,-0.31274154172414637,41.85605955186758,AKEUSDT_1h_limit500_20260717_211343_enriched_candles.csv,-9.850991657276724,1h,1783659600000
2.3795,48.70268983413598,0.8798535767647847,0.0001891,1783666799999,0.00019085,2.2031,1412.0,-0.45980578252520404,19406944717.0,0.17349581176315798,0.6824745733051795,3687319.49623,-0.48034698611363646,1.5782,-0.16833929049244742,-0.47368421052632614,68768.1980458,-0.07358745911938676,40.120172382915435,AKEUSDT_1h_limit500_20260717_211343_enriched_candles.csv,-20.569853290875837,1h,1783663200000
2.3807,44.91053887052833,0.6263931266238159,0.0001891,1783670399999,0.00019085,2.2206,1571.0,-0.3570446222329163,19407474734.0,0.0027310687371384645,0.6790256247030899,3676552.01360896,-0.5242444586544911,1.5775,-0.9673584742448579,0.0,70554.4565656,-0.039301398019328686,40.120172382915435,AKEUSDT_1h_limit500_20260717_211343_enriched_candles.csv,-8.858913813882968,1h,1783666800000
2.4211,36.56140362999274,0.06890910562047199,0.0001897,1783673999999,0.00019085,2.2468,1377.0,-0.4837809516674722,19435413201.0,0.1439572504044362,0.6735552191227014,3675236.6363091,-0.5291507749067147,1.5784,-0.4291950023802498,0.3172924378635811,50345.0527985,-0.31702208827770983,41.98060712270238,AKEUSDT_1h_limit500_20260717_211343_enriched_candles.csv,8.684030476635558,1h,1783670400000
2.4211,36.079830755707164,-0.042473638887403506,0.0001888,1783684799999,0.00019085,2.2468,6816.0,-0.3513278625039544,19435413201.0,-0.9676446832369678,16.435323358288112,3675236.6363091,-0.36800001503259827,1.5784,-0.8331771641543037,-0.15864621893176833,245920.1264309,-0.20863822867413062,26.441606281141546,AKEUSDT_4h_limit500_20260717_211446_enriched_candles.csv,8.630524514415336,4h,1783670400000
2.4247,38.820159986265665,0.21943149171565415,0.00019,1783677599999,9.801e-05,2.2669,1995.0,-0.07958196276595746,19466258636.0,0.15870737957046632,0.6697970101577205,3692165.27549012,-0.46303281916002353,1.5717,-0.6958058501989851,0.1581444385872377,77446.2191726,0.056765861275356204,42.93528366073311,AKEUSDT_1h_limit500_20260717_211343_enriched_candles.csv,9.160722376890464,1h,1783674000000
2.4518,34.49215012936681,-0.07532929983467651,0.0001904,1783681199999,9.801e-05,2.3058,1832.0,-0.18213516318601264,19564898607.0,0.5067228009473679,0.6783776180032735,3716352.49039965,-0.37005308201548853,1.5703,-0.599197246960468,0.21052631578946102,63189.619037,-0.1405039930406306,44.25242526507931,AKEUSDT_1h_limit500_20260717_211343_enriched_candles.csv,17.73707987072573,1h,1783677600000
2.5174,20.296829538905776,-0.8578539220116663,0.0001904,1783681199999,9.801e-05,2.3535,329.0,-0.7040294470802919,19690137862.0,-2.377230178929124,6.667405324690537,3739157.1799938,-4.374008324181269,1.569,4.198368954829541,-2.007205352547614,6677.6569183,-0.7048226998426802,51.10798166855822,AKEUSDT_15m_limit100_20260711_113420_enriched_candles.csv,51.78905921959844,15m,1783680300000
2.5174,33.19594505183486,-0.22253703550119944,0.00019,1783682099999,9.801e-05,2.3512,436.0,-0.594440417032967,19705508797.0,0.07806413092548148,6.670646200566139,3751928.8749488,-4.26602089206137,1.5694,-0.31680239235175783,-0.21008403361343353,14473.4320426,-0.5334815810014459,48.19584115561971,AKEUSDT_15m_limit100_20260711_113420_enriched_candles.csv,0.9029915973994705,15m,1783681200000
2.5174,34.08141155260546,-0.09816317401921756,0.0001888,1783684799999,9.801e-05,2.3512,1612.0,-0.324362847453477,19705508797.0,0.7186860142975204,0.6914550269725941,3751928.8749488,-0.23059412570423166,1.5694,0.47392042672007545,-0.8403361344537785,54939.2354228,-0.25451134817502535,40.25040121968662,AKEUSDT_1h_limit500_20260717_211343_enriched_candles.csv,-2.640024471105163,1h,1783681200000
2.5348,41.58408857529644,0.19529116501582752,0.0001893,1783682999999,9.801e-05,2.3738,506.0,-0.5215126932989691,19707578666.0,0.010504011955858594,6.652918711751155,3742075.03710008,-4.28509483122601,1.5678,0.08340606995240772,-0.36842105263158453,21041.5488191,-0.38865743279953807,43.52218246649067,AKEUSDT_15m_limit100_20260711_113420_enriched_candles.csv,-18.398636733365652,15m,1783682100000
2.5336,27.484925842704627,-0.5037236094762055,0.000189,1783683899999,9.801e-05,2.3921,281.0,-0.7478798264248705,19723243315.0,0.07948540642908064,6.693716749484195,3732032.1000643,-4.321181041737258,1.5683,-0.44546481052178083,-0.15847860538825698,7723.2641618,-0.6815834668591747,41.65773159370533,AKEUSDT_15m_limit100_20260711_113420_enriched_candles.csv,-8.639334242899857,15m,1783683000000
2.5486,30.079666836246787,-0.37342023102345284,0.0001888,1783684799999,9.801e-05,2.4095,389.0,-0.63762694239291,19727409341.0,0.021122418526520192,6.716530261932066,3728480.365449,-4.322056453373518,1.5678,-0.5764800759242062,-0.10582010582010914,11700.9903993,-0.5937696979517593,40.41472528061965,AKEUSDT_15m_limit100_20260711_113420_enriched_candles.csv,25.275583520493512,15m,1783683900000
2.56,35.06910270659898,-0.1249981090347904,0.0001893,1783685699999,9.801e-05,2.4176,394.0,-0.634519987037037,19746226437.0,0.09538554036536695,6.7045431400238,3728087.5513056,-4.3078765374333,1.5677,-0.17300022525415,0.26483050847456724,13817.2264664,-0.5474568108485591,44.84553486363627,AKEUSDT_15m_limit100_20260711_113420_enriched_candles.csv,-8.585277533697901,15m,1783684800000
2.56,88.08098697280809,3.5384872587878635,0.0001803,1783688399999,9.801e-05,2.4176,11474.0,6.227234923399014,19746226437.0,0.2066307468610029,0.6967334184994051,3728087.5513056,-0.32207147793454227,1.5677,6.722731431716151,-4.50211864406781,1010641.244526,12.974766615121894,26.525904150277782,AKEUSDT_1h_limit500_20260717_211343_enriched_candles.csv,-19.27663078775013,1h,1783684800000
2.56,70.60426401835691,2.7963566753438966,0.0001909,1783699199999,9.801e-05,2.4176,31514.0,5.212842210714286,19746226437.0,1.5992108466415633,16.836871055195097,3728087.5513056,-0.14613809858086388,1.5677,-0.26075975903023374,1.112288135593209,2225022.7762745,8.163299265279296,28.354662214892272,AKEUSDT_4h_limit500_20260717_211446_enriched_candles.csv,-11.809700949195234,4h,1783684800000
2.5804,77.18233071454704,1.9737288898378758,0.0001863,1783686599999,0.00039693,2.4447,1148.0,0.11926341790490341,19743113130.0,-0.015766592214128128,6.658383497780164,3737371.315509,-4.262485703550809,1.5669,3.166022477285532,-1.5847860538827252,88605.3156603,1.100978593381133,30.291105161426543,AKEUSDT_15m_limit100_20260711_113420_enriched_candles.csv,-27.729574443927678,15m,1783685700000
2.5829,102.57101827118852,3.2283306873352364,0.0001794,1783687499999,0.00039693,2.4566,7320.0,6.309613408550185,19712481441.0,-0.15515126109192368,6.543571263159491,3670661.16912861,-4.54475248647147,1.561,8.52579503406485,-3.703703703703709,750819.8537451,15.674848973381255,16.792242110563592,AKEUSDT_15m_limit100_20260711_113420_enriched_candles.csv,-22.736034171394483,15m,1783686600000
2.5945,60.25989611569678,1.118684993647057,0.0001803,1783688399999,0.00039693,2.42,2612.0,1.5865041222139673,19509428786.0,-1.0300715087937617,6.166579642881065,3499991.5242084,-5.276616716554893,1.5647,0.41836001111411036,0.5016722408026641,157398.8486542,2.6084362332635496,21.694035670728468,AKEUSDT_15m_limit100_20260711_113420_enriched_candles.csv,1.0452436203103692,15m,1783687500000
2.5881,43.0785624005277,0.2629780967514072,0.0001818,1783689299999,0.00039693,2.3818,1137.0,0.10683997520355293,19550747087.0,0.2117863185704838,6.224975679393105,3519134.47566,-5.18092765826848,1.5773,1.253705735831896,0.8319467554076532,48980.3254494,0.22491212049620765,29.182070493641973,AKEUSDT_15m_limit100_20260711_113420_enriched_candles.csv,2.7207861004858285,15m,1783688400000
2.5881,75.1409049412047,2.661121187769725,0.0001982,1783691999999,0.00039693,2.3818,9795.0,5.081464404505387,19550747087.0,-0.9899580085525383,0.6693722901580252,3519134.47566,-1.1414082172749418,1.5773,15.908446848880171,9.927897947864661,736005.1638991,9.171647918972125,58.56633568870828,AKEUSDT_1h_limit500_20260717_211343_enriched_candles.csv,-4.806647406342106,1h,1783688400000
2.5499,38.08046144261539,0.012467047369186073,0.0001823,1783690199999,0.00039693,2.358,650.0,-0.38127684681008905,19618358349.0,0.34582444189541484,6.323543264289189,3560732.0403435,-4.987012105924893,1.578,-0.16868268990227298,0.2750275027502802,24752.2999377,-0.30715189179786145,31.532362295895012,AKEUSDT_15m_limit100_20260711_113420_enriched_candles.csv,6.628105097422502,15m,1783689300000
2.56,63.563156670022884,1.254604595437397,0.0001845,1783691099999,0.00039693,2.3784,874.0,-0.15646156282527882,19639507887.0,0.10780483067829305,6.379065636742556,3580282.2878001,-4.847960781675324,1.5781,2.2035769338835722,1.206801974766858,55554.1989296,0.3699407156997848,40.83638243074541,AKEUSDT_15m_limit100_20260711_113420_enriched_candles.csv,8.144726964984025,15m,1783690200000
2.5286,85.04602461205495,2.286244850647704,0.0001982,1783691999999,0.00039693,2.3715,7134.0,6.127618934151785,19667364591.0,0.14184013245279736,6.445403621878761,3626465.35693449,-4.59735907679899,1.58,17.83231255794098,7.425474254742537,606718.3395824,12.48991327769392,69.04557339978464,AKEUSDT_15m_limit100_20260711_113420_enriched_candles.csv,-7.066733685965505,15m,1783691100000
2.4235,56.564248485528495,0.8965615381538571,0.0001925,1783692899999,0.00039693,2.3003,4229.0,3.208464996654275,20024164042.0,1.8141701159253287,6.984457846461146,3970791.7295286,-3.083808918815464,1.6071,6.325481773675364,-2.875882946518671,239210.2068453,4.395740735945125,56.891490513581616,AKEUSDT_15m_limit100_20260711_113420_enriched_candles.csv,-10.618004040574268,15m,1783692000000
2.4235,50.39922772026945,0.994297553387633,0.0001906,1783695599999,0.00039693,2.3003,8239.0,4.015490702039825,20024164042.0,2.4214775675492906,0.7285744040694573,3970791.7295286,0.6508164109052665,1.6071,5.497563238448984,-3.8345105953582204,415239.2371873,4.718095988603185,48.82998997759123,AKEUSDT_1h_limit500_20260717_211343_enriched_candles.csv,-6.212763054822649,1h,1783692000000
2.4578,42.413152059850376,0.20894472157296665,0.0001919,1783693799999,0.00039693,2.3568,2005.0,0.9747077396142433,19900925164.0,-0.6154508010497217,6.782833176452636,3828141.96454704,-3.6520144901383436,1.5946,-0.08853923217471427,-0.31168831168830735,85038.36988,1.010210687568926,55.77844271210172,AKEUSDT_15m_limit100_20260711_113420_enriched_candles.csv,-1.492996267204542,15m,1783692900000
2.4831,50.269645880107525,0.5873192919101348,0.0001907,1783694699999,0.00039693,2.3784,1488.0,0.4471782669242089,19859756316.0,-0.2068690156901476,6.73156973997989,3808505.46871932,-3.7091028931720835,1.5886,0.6964459467152467,-0.6253256904637849,74801.2330696,0.7838517360643741,53.52305067782418,AKEUSDT_15m_limit100_20260711_113420_enriched_candles.csv,1.5776255061223128,15m,1783693800000
2.5014,31.314172905996134,-0.331459363541483,0.0001906,1783695599999,0.00039693,2.3818,517.0,-0.5219619651248165,19859832534.0,0.0003837811440643435,6.743877736058576,3787270.0642338,-3.7721146378956014,1.5916,-0.7345015922940203,-0.052438384897746104,16189.4273924,-0.4965287205777926,53.32953023340633,AKEUSDT_15m_limit100_20260711_113420_enriched_candles.csv,-1.9083079661299993,15m,1783694700000
2.4928,34.41016834054054,-0.18106429235742724,0.0001901,1783696499999,0.00039693,2.391,888.0,-0.14872598469764012,19846225834.0,-0.06851366937110637,6.675701583829414,3782690.6439604,-3.78024181459228,1.592,-0.2093371244145285,-0.2623294858342007,30556.2294864,-0.18272812838849464,52.31109252343613,AKEUSDT_15m_limit100_20260711_113420_enriched_candles.csv,-21.401205626206483,15m,1783695600000
2.4928,31.47414290234297,-0.28114954925477137,0.0001909,1783699199999,0.00039693,2.391,2006.0,-0.07240653989361702,19846225834.0,-0.8886174105784406,0.6917283181566686,3782690.6439604,-0.10081281922306001,1.592,-0.6938114557433389,0.15739769150053817,63137.1306621,-0.14140575759813717,49.189075073720026,AKEUSDT_1h_limit500_20260717_211343_enriched_candles.csv,-10.732118365599828,1h,1783695600000
2.5336,28.236073082160804,-0.48299862538477883,0.0001904,1783697399999,0.00039693,2.4211,398.0,-0.6353452555803571,19819492546.0,-0.13470212534919535,6.58844762404925,3767685.5329946,-3.831460183382605,1.5927,-0.45187988596368717,0.15781167806416807,11237.9570867,-0.6050141765429058,52.892383760136056,AKEUSDT_15m_limit100_20260711_113420_enriched_candles.csv,-13.270255577545715,15m,1783696500000
2.5474,31.607916209793814,-0.31786191640671,0.0001903,1783698299999,0.00039693,2.4282,388.0,-0.6448584058078928,19817327834.0,-0.010922136351254608,6.576974928192385,3772822.87303692,-3.774131490397581,1.5937,-0.709584511997071,-0.05252100840336116,12263.8714894,-0.5822537256402942,52.661954933498485,AKEUSDT_15m_limit100_20260711_113420_enriched_candles.csv,8.692043465404515,15m,1783697400000
2.5423,27.34660421566265,-0.527275335961148,0.0001909,1783699199999,0.00039693,2.4294,332.0,-0.7016706802238806,19807075861.0,-0.05173236818745153,6.5532264711265595,3766711.61648637,-3.763541919404712,1.5932,-0.05000107914663895,0.31529164477142047,9079.0725996,-0.6521591858056529,53.95803970491242,AKEUSDT_15m_limit100_20260711_113420_enriched_candles.csv,2.07922663167509,15m,1783698300000
2.5398,29.400525268243246,-0.4229194204477754,0.0001905,1783700099999,0.00039693,2.4329,444.0,-0.5880424795081967,19804114073.0,-0.01495318148314606,6.538702084175029,3779021.04740986,-3.658884542336788,1.5933,-0.31282397449812893,-0.20953378732321282,13053.8332191,-0.5663276329735615,52.91783554638214,AKEUSDT_15m_limit100_20260711_113420_enriched_candles.csv,15.524635921767354,15m,1783699200000
2.5398,49.83720365329375,0.9565058200689854,0.0001914,1783702799999,0.00039693,2.4329,3537.0,0.934916826857698,19804114073.0,-0.21219027412181513,0.6456422356533035,3779021.04740986,-0.10903750747352083,1.5933,-0.5154244347858434,0.2619172341540077,176274.1893217,1.4201643411453582,49.821103220775825,AKEUSDT_1h_limit500_20260717_211343_enriched_candles.csv,12.870733785815267,1h,1783699200000
2.5398,41.512290702276665,0.3934216260951319,0.0001926,1783713599999,0.00039693,2.4329,8653.0,0.04064862302277761,19804114073.0,0.2931579670915285,16.599422806806125,3779021.04740986,0.08162868403092223,1.5933,-0.39418632663695197,0.8905185961236128,359205.8514468,0.2602870423718981,29.943065837229028,AKEUSDT_4h_limit500_20260717_211446_enriched_candles.csv,5.013132743041355,4h,1783699200000
2.5199,44.95114944093023,0.3532430355464315,0.0001896,1783700999999,0.00013169,2.4247,645.0,-0.3865732298507462,19815765497.0,0.058833351277676194,6.546387303932232,3773516.22359371,-3.6274894166072698,1.5922,0.35213111673020386,-0.47244094488189115,28993.4913894,-0.21517621614740626,50.5562458730293,AKEUSDT_15m_limit100_20260711_113420_enriched_candles.csv,-15.43406743706626,15m,1783700100000
2.5112,62.473603258753144,1.2147227124269702,0.0001889,1783701899999,0.00013169,2.4235,1588.0,0.5656035123318386,19827453642.0,0.05898407004145678,6.553775537196081,3759285.2105232,-3.6351722009308176,1.593,0.0910031575537681,-0.3691983122362852,99208.0819749,1.3399174573924297,48.73453516626407,AKEUSDT_15m_limit100_20260711_113420_enriched_candles.csv,14.258806587228417,15m,1783701000000
2.5211,40.719514811976744,0.12999407790625753,0.0001914,1783702799999,0.00013169,2.4247,860.0,-0.17064186788922156,19812699165.0,-0.07441438152575586,6.521149396289114,3742618.8722685,-3.6520309941137996,1.5839,2.4924442434507026,1.3234515616728393,35018.7827383,-0.08184026508254216,54.974596507956505,AKEUSDT_15m_limit100_20260711_113420_enriched_candles.csv,31.38375233494346,15m,1783701900000
2.4771,39.846929549575556,0.08673213814351738,0.0001897,1783703699999,0.00013169,2.3647,589.0,-0.44325057839459864,19853655657.0,0.20671838631836081,6.450578064853082,3799989.6927498,-3.4261277066238813,1.589,1.3962300737615998,-0.8881922675026077,23469.8415047,-0.33695775516794346,50.475377525137944,AKEUSDT_15m_limit100_20260711_113420_enriched_candles.csv,2.3667848851419007,15m,1783702800000
2.4771,30.202634185311574,-0.3660915593041061,0.0001912,1783706399999,0.00013169,2.3647,1348.0,-0.5016272898936169,19853655657.0,0.25015804199766123,0.6242066350081013,3799989.6927498,-0.01853834124292583,1.589,-0.7815738114747603,-0.10449320794146955,40713.1508818,-0.4499980881805297,49.55557145559655,AKEUSDT_1h_limit500_20260717_211343_enriched_candles.csv,3.1841052827466236,1h,1783702800000
2.5088,19.346878969164266,-0.9248650036022922,0.000191,1783704599999,0.00013169,2.3933,347.0,-0.6866427184684685,19804898905.0,-0.2455807275110522,6.252307123331064,3759365.9101471,-3.576630366015624,1.5863,0.864145010501613,0.685292567211393,6713.3670023,-0.708155955889728,53.602526205719165,AKEUSDT_15m_limit100_20260711_113420_enriched_candles.csv,34.09840092930621,15m,1783703700000
2.4916,35.30389714407583,-0.13712308165760864,0.0001908,1783705499999,0.00013169,2.3761,211.0,-0.8238081783548143,19808084189.0,0.016083313604786653,6.256093676917869,3781759.43336388,-3.456054562797894,1.5865,-0.6056994983611003,-0.10471204188482464,7449.1222974,-0.6896968502395395,53.04756308789494,AKEUSDT_15m_limit100_20260711_113420_enriched_candles.csv,-21.459330549022436,15m,1783704600000
2.4928,15.327463071641793,-1.1215175447930432,0.0001912,1783706399999,0.00013169,2.3795,201.0,-0.8259684798937784,19798977540.0,-0.04597440576841194,6.242010448822607,3775665.016878,-3.4449362107378794,1.5859,-0.3332843235972342,0.20964360587003572,3080.8200774,-0.784536202698198,54.071736663579806,AKEUSDT_15m_limit100_20260711_113420_enriched_candles.csv,1.6310562102804622,15m,1783705500000
2.4953,56.228927072568226,0.9053579575865851,0.0001915,1783707299999,0.00013169,2.3807,1429.0,0.4310802572024261,19800831627.0,0.009364559337754486,5.653260358316896,3784928.96550105,-3.36449488458727,1.5857,-0.456831720403183,0.1569037656903749,80351.1367867,0.9233970729573338,54.866900346537285,AKEUSDT_15m_limit100_20260711_113420_enriched_candles.csv,-12.754676091149431,15m,1783706400000
2.4953,44.85425234044463,0.6214412236926542,0.0001909,1783709999999,0.00013169,2.3807,2339.0,0.15003220276833415,19800831627.0,-0.26606702016298556,0.6166819900227103,3784928.96550105,-0.07855639541783577,1.5857,-0.6897533206529846,-0.1569037656903749,104914.0962243,0.4353311553155467,49.13256352549416,AKEUSDT_1h_limit500_20260717_211343_enriched_candles.csv,-8.476490185348624,1h,1783706400000
2.5149,27.370242034496123,-0.527562311659158,0.0001913,1783708199999,0.00013169,2.4188,258.0,-0.7676286987860395,19786209555.0,-0.07384574686277734,5.146340544066064,3787476.2330181,-3.310729890014314,1.5815,-0.5820116218532267,-0.1044386422976551,7061.5224449,-0.6961100937659974,54.19327972795703,AKEUSDT_15m_limit100_20260711_113420_enriched_candles.csv,46.60016190526463,15m,1783707300000
2.5137,19.763747859507042,-0.9011474385485093,0.0001918,1783709099999,0.00013169,2.3956,284.0,-0.739944403525398,19782215543.0,-0.02018583695324594,5.091615735710164,3784337.8333759,-3.284239392496238,1.5831,-0.18176993252831064,0.261369576581294,5612.9043921,-0.7267004669961965,55.65894781730718,AKEUSDT_15m_limit100_20260711_113420_enriched_candles.csv,-9.329833924074272,15m,1783708200000
2.471,32.30579511032609,-0.2737823621947015,0.0001909,1783709999999,0.00013169,2.367,368.0,-0.6530287125,19773708184.0,-0.04300508697576699,5.032589860829842,3788642.4880544,-3.231649703444729,1.583,0.34825081144146086,-0.4692387904066675,11888.5326006,-0.5869295836783152,52.408343864291176,AKEUSDT_15m_limit100_20260711_113420_enriched_candles.csv,-11.872887247066656,15m,1783709100000
2.4542,29.49679186325581,-0.41001149431370915,0.000192,1783710899999,0.00013169,2.3557,430.0,-0.5904347963525836,19778440135.0,0.02393051903046839,4.749275545842779,3775704.2217715,-3.248783591983214,1.582,0.6297727648838716,0.5762179151388214,12683.6205012,-0.5693945837573684,55.80562089568302,AKEUSDT_15m_limit100_20260711_113420_enriched_candles.csv,4.207462737863458,15m,1783710000000
2.4542,26.105258935619315,-0.6471695923740682,0.0001926,1783713599999,0.00013169,2.3557,1429.0,-0.44879008510638296,19778440135.0,-0.11308359376920318,0.6134410566036763,3775704.2217715,-0.1149139281951104,1.582,0.5590911453620819,0.8905185961236128,37304.415019,-0.4988854925818722,51.6511370600407,AKEUSDT_1h_limit500_20260717_211343_enriched_candles.csv,7.81775560108535,1h,1783710000000
2.4294,30.6273610075419,-0.35038141687504754,0.0001932,1783711799999,0.00013169,2.3456,358.0,-0.6632140854863222,19763417545.0,-0.075954372020548,4.4758746190662,3794576.16864,-3.154939573765927,1.5827,0.7588362366509394,0.6250000000000089,10964.5952407,-0.6074338901228491,59.22514605363119,AKEUSDT_15m_limit100_20260711_113420_enriched_candles.csv,21.381508718148805,15m,1783710900000
2.4459,22.415390589414415,-0.7636171433086324,0.0001931,1783712699999,0.00013169,2.3378,444.0,-0.5754820802752293,19755522435.0,-0.039948100990239155,4.417349213519791,3816766.934442,-3.0619851956557085,1.584,-0.7511859635140539,-0.051759834368536595,9952.4334217,-0.6294227503965487,58.816729743338186,AKEUSDT_15m_limit100_20260711_113420_enriched_candles.csv,5.923841232783602,15m,1783711800000
2.4459,18.800841905583756,-0.9437944437882904,0.0001926,1783713599999,0.00013169,2.3434,197.0,-0.8322165838461538,19743749632.0,-0.05959246604960722,4.356119056471761,3809753.92899072,-3.0647583694499936,1.5847,-0.19598855060433137,-0.2589331952356333,3703.7658554,-0.769474270932761,56.71092380199521,AKEUSDT_15m_limit100_20260711_113420_enriched_candles.csv,-14.883577291914573,15m,1783712700000
2.4435,27.044053995942026,-0.5279352878765009,0.0001932,1783714499999,0.00025049,2.3456,345.0,-0.6765828136152056,19743605946.0,-0.0007277543662032038,4.350085538155085,3802618.5051996,-2.9823098152487404,1.585,-0.05622903417528332,0.31152647975078995,9330.1986286,-0.6421447172022493,58.62526197416222,AKEUSDT_15m_limit100_20260711_113420_enriched_candles.csv,-13.82990489017722,15m,1783713600000
2.4435,38.20887092408517,0.17470942213339258,0.0001906,1783717199999,0.00025049,2.3456,1503.0,-0.4006020335127201,19743605946.0,-0.1761220235884875,0.6088824968616725,3802618.5051996,-0.004165080797668584,1.585,0.8071323126825206,-1.0384215991692591,57427.9329989,-0.22067068637615644,48.6022792004699,AKEUSDT_1h_limit500_20260717_211343_enriched_candles.csv,-20.000908505134625,1h,1783713600000
2.4435,29.432159785555758,-0.5832201828393241,0.0001937,1783727999999,0.00025049,2.3456,5497.0,-0.6677194639272271,19743605946.0,-0.3055331168915765,16.17729661538204,3802618.5051996,0.15904860632563356,1.585,-0.5842761286183302,0.5711318795430964,161788.5823412,-0.566157394405641,31.008911635675545,AKEUSDT_4h_limit500_20260717_211446_enriched_candles.csv,0.2905740010803385,4h,1783713600000
2.4542,27.12900505346939,-0.5238186351445472,0.0001926,1783715399999,0.00025049,2.3456,245.0,-0.7824928182888541,19731469131.0,-0.06147212942354541,4.330229065524444,3814092.9830223,-2.847820505459206,1.5873,-0.058891054834856245,-0.31055900621118626,6646.6062381,-0.7038888860778438,55.9602177481649,AKEUSDT_15m_limit100_20260711_113420_enriched_candles.csv,5.690276573509118,15m,1783714500000
2.4305,43.07751351040189,0.2846557470899119,0.0001925,1783716299999,0.00025049,2.3245,423.0,-0.5934238177533386,19734104820.0,0.013357794001556123,4.327149698164872,3799209.8599464,-2.8778842231616695,1.5878,-0.7328977152869477,-0.05192107995846129,18221.7882149,-0.4330601926481188,55.50731673652039,AKEUSDT_15m_limit100_20260711_113420_enriched_candles.csv,-56.28258119537299,15m,1783715400000
2.4566,47.4068161577551,0.5037821210597455,0.0001906,1783717199999,0.00025049,2.3727,490.0,-0.5225967826771654,19714482797.0,-0.09943204000879557,4.301272276300303,3794840.79359453,-2.8617419439527874,1.586,1.6977997223227854,-0.9870129870129807,23229.3399173,-0.30925743103059816,47.621210706350205,AKEUSDT_15m_limit100_20260711_113420_enriched_candles.csv,-1.3701132732702868,15m,1783716300000
2.4928,28.707841504946995,-0.4487384966364418,0.0001909,1783718099999,0.00025049,2.4025,283.0,-0.7430093436507936,19747662707.0,0.168302208795712,4.320049102135205,3754820.58710898,-2.9211498363475332,1.5895,-0.45568520045236255,0.15739769150053817,8124.3191459,-0.669286914360561,48.85674021174857,AKEUSDT_15m_limit100_20260711_113420_enriched_candles.csv,25.4905886697609,15m,1783717200000
2.4928,22.90138350547025,-0.8652751849299684,0.0001937,1783720799999,0.00025049,2.4025,1042.0,-0.7092503714073339,19747662707.0,0.02054721417705796,0.6095772630225106,3754820.58710898,-0.19868539187229747,1.5895,1.778903386334364,1.6264428121720798,23863.2416127,-0.6847490881768576,53.212324005496455,AKEUSDT_1h_limit500_20260717_211343_enriched_candles.csv,8.837738705112086,1h,1783717200000
2.4807,15.269804996713615,-1.138514735070733,0.0001914,1783718999999,0.00025049,2.3887,213.0,-0.8191003524,19758835870.0,0.056579673077150616,4.269901975220954,3771171.4141482,-2.81304003304517,1.5887,-0.18437099046873276,0.2619172341540077,3252.4684643,-0.7850056907076649,50.93409608611582,AKEUSDT_15m_limit100_20260711_113420_enriched_candles.csv,13.966299304235196,15m,1783718100000
2.4783,26.420414989097743,-0.5648896086883994,0.0001922,1783719899999,0.00025049,2.4002,266.0,-0.7618532654867257,19763065351.0,0.02140551714597816,4.239008317064657,3782650.7081814,-2.768171619093712,1.5883,0.221777069169145,0.4179728317659448,7027.8303871,-0.6943126977945666,54.143525477393084,AKEUSDT_15m_limit100_20260711_113420_enriched_candles.csv,-25.101067645827612,15m,1783719000000
2.4819,19.495084340714286,-0.9229819320001129,0.0001937,1783720799999,0.00025049,2.3979,280.0,-0.7453166219709209,19771160533.0,0.04096116597414046,4.225919959930131,3800017.0544426,-2.7053152524097754,1.5891,1.2014686849219907,0.7804370447450415,5458.6236154,-0.7318073107318307,59.493575978234766,AKEUSDT_15m_limit100_20260711_113420_enriched_candles.csv,24.69203298423851,15m,1783719900000
2.4674,31.218463138579384,-0.3151043939006996,0.0001937,1783721699999,0.00025049,2.391,718.0,-0.2633093645069275,19763791881.0,-0.03726969890159859,4.176439147452176,3828246.4873497,-2.5853563747356096,1.5879,-0.8681720890845976,0.0,22414.8565335,-0.3134400199398894,59.493575978234766,AKEUSDT_15m_limit100_20260711_113420_enriched_candles.csv,27.357552255287565,15m,1783720800000
2.4674,32.58539081583578,-0.20368184373335554,0.0001938,1783724399999,0.00025049,2.391,1705.0,-0.26447972463054187,19763791881.0,0.08167636970162206,0.611864179645631,3828246.4873497,0.10476712094293554,1.5879,-0.864272007919133,0.05162622612286949,55558.091341,-0.24519237793190007,53.3576571372028,AKEUSDT_1h_limit500_20260717_211343_enriched_candles.csv,19.862512959397467,1h,1783720800000
2.465,44.14110441401673,0.3539075348529262,0.0001936,1783722599999,0.00025049,2.3864,478.0,-0.5247264009046052,19783513378.0,0.09978599814624012,4.153741845412184,3830286.02511458,-2.546188346393624,1.5895,-0.7302348641971392,-0.05162622612286949,21099.4479099,-0.34445788004925054,58.96170613312682,AKEUSDT_15m_limit100_20260711_113420_enriched_candles.csv,36.92834331387456,15m,1783721700000
2.4352,26.874367626241135,-0.5406294133776957,0.0001933,1783723499999,0.00025049,2.3625,282.0,-0.738938523476112,19807354059.0,0.12050782156072248,4.125602950858865,3834703.7458224,-2.5111689580630263,1.5888,-0.4595911130331808,-0.15495867768594573,7578.5716706,-0.6792440444427069,57.306525817275066,AKEUSDT_15m_limit100_20260711_113420_enriched_candles.csv,-31.355373356413324,15m,1783722600000
2.4686,19.67055166079295,-0.9119370551477181,0.0001938,1783724399999,0.00025049,2.3864,227.0,-0.7982391090909091,19789141492.0,-0.0919485103651474,4.058115891529525,3825241.0504036,-2.519470471992551,1.5889,-0.19170402932141337,0.2586652871184647,4465.215227,-0.7557755516390435,59.354485170666244,AKEUSDT_15m_limit100_20260711_113420_enriched_candles.csv,-11.473357711901398,15m,1783723500000
2.4686,18.801373560790275,-0.9503279571698601,0.0001937,1783725299999,0.00025049,2.3898,329.0,-0.6834829466666666,19783565558.0,-0.028176735217411153,4.046769942593858,3831680.97727344,-2.4525438159263366,1.5893,-0.7301278271210393,-0.05159958720329927,6185.6519015,-0.71296397303059,58.74751961010103,AKEUSDT_15m_limit100_20260711_113420_enriched_candles.csv,6.16457521328562,15m,1783724400000
2.4686,19.999451795188453,-1.0460973779612044,0.0001937,1783727999999,0.00025049,2.3898,1247.0,-0.5722133062438058,19783565558.0,0.10005001630790655,0.6146470532634235,3831680.97727344,0.1181009308763799,1.5893,-0.8663592317986349,-0.05159958720329927,24939.3163886,-0.6697083033851412,53.17976193700823,AKEUSDT_1h_limit500_20260717_211343_enriched_candles.csv,-4.7634831760787,1h,1783724400000
2.4819,21.103067795031055,-0.8319209361268689,0.000194,1783726199999,0.00025049,2.4002,322.0,-0.6903600970588235,19781706154.0,-0.00939873044901729,4.038984924965168,3828551.40904516,-2.4100449200005913,1.5887,-0.46004121683047683,0.15487867836860847,6795.18783,-0.6979604571767469,60.066839556821066,AKEUSDT_15m_limit100_20260711_113420_enriched_candles.csv,-9.088768020118138,15m,1783725300000
2.4953,17.513258405434783,-1.0164786767463714,0.0001936,1783727099999,0.00025049,2.4176,276.0,-0.7400729947611064,19781103014.0,-0.0030489786639442684,4.033730046184193,3837533.984716,-2.3126941213606305,1.589,-0.3275502959711636,-0.20618556701031965,4833.6593199,-0.7476138883436356,57.42954372798454,AKEUSDT_15m_limit100_20260711_113420_enriched_candles.csv,5.12461963300145,15m,1783726200000
2.488,22.26505417875,-0.7659495028141906,0.0001937,1783727999999,0.00025049,2.4223,320.0,-0.6880246613712374,19777602521.0,-0.01769614665836361,4.029964954338434,3828943.8480656,-2.2792805527452273,1.5888,-0.7505352375834213,0.051652892561993013,7124.8173372,-0.6888407880303922,57.926883782874754,AKEUSDT_15m_limit100_20260711_113420_enriched_candles.csv,-16.834215442095218,15m,1783727100000
2.4795,50.661972936085974,0.7144760854966604,0.0002004,1783728899999,0.00022726,2.4352,2652.0,1.956020275,19770220363.0,-0.03732584873298306,3.976608368476395,3829491.6843131,-2.254097659953112,1.5878,8.105645959428303,3.4589571502323224,134355.5522265,2.5616488886096644,77.17084458715004,AKEUSDT_15m_limit100_20260711_113420_enriched_candles.csv,24.58773292376393,15m,1783728000000
2.4795,51.3711311591274,1.0666495758524166,0.0002084,1783731599999,0.00022726,2.4352,8595.0,4.342884671913733,19770220363.0,-0.06745596470401072,0.6134040543884757,3829491.6843131,0.10714635026378644,1.5878,11.894618002630896,7.589055240061948,441534.8723127,5.190003207011698,69.35447444682707,AKEUSDT_1h_limit500_20260717_211343_enriched_candles.csv,14.73679620540096,1h,1783728000000
2.4795,53.17441005525808,1.3485439679318658,0.0002003,1783742399999,0.00022726,2.4352,24353.0,3.5100839518082143,19770220363.0,0.13480018327347576,15.667969533471206,3829491.6843131,0.277161906335599,1.5878,1.1709107085194197,3.407330924109453,1294956.4080757,4.243260201721804,37.18408136379895,AKEUSDT_4h_limit500_20260717_211446_enriched_candles.csv,-3.082823154859927,4h,1783728000000
2.4795,53.06856200342261,0.7565545831822527,0.0002034,1783814399999,0.00022726,2.4352,103985.0,1.2869062877537925,19770220363.0,1.490721291077124,16.113523008364236,3829491.6843131,0.19670524403964057,1.5878,0.13330143871824848,5.0077439339184515,5518334.4199259,1.4560391930011571,34.560165346686816,AKEUSDT_1d_limit500_20260717_212121_enriched_candles.csv,-2.7338525394284887,1d,1783728000000
2.3602,44.283197374043716,0.37944244033557994,0.0002012,1783729799999,0.00022726,2.3234,1464.0,0.6023035560200669,19963585943.0,0.9780648695342009,4.140209812163085,3996709.9057886,-1.7949432363944051,1.595,0.17358440164112937,0.3992015968063978,64830.6009556,0.7851969722613805,78.43896158731837,AKEUSDT_15m_limit100_20260711_113420_enriched_candles.csv,8.96874179429884,15m,1783728900000
2.3613,58.05400818625906,1.0894705871824033,0.0002058,1783730699999,0.00022726,2.3333,3173.0,2.5272234993734335,20002625769.0,0.19555517786968846,4.172852223857437,4024528.3047228,-1.7203733047966778,1.5998,5.07341848829096,2.286282306163012,184205.367975,3.8125845080385123,83.95721623683016,AKEUSDT_15m_limit100_20260711_113420_enriched_candles.csv,14.490848127413262,15m,1783729800000
2.3647,44.52017699509954,0.3833696627026699,0.0002084,1783731599999,0.00022726,2.3568,1306.0,0.4222598601836394,20002779066.0,0.0007663843825778116,4.169171001868029,4108970.87573772,-1.4986668207348535,1.59,2.4118037174243314,1.263362487852282,58143.3511556,0.6042727823950211,86.11960635070035,AKEUSDT_15m_limit100_20260711_113420_enriched_candles.csv,-0.8157413547263671,15m,1783730700000
2.3201,51.9513429246531,0.7597999736314851,0.0002044,1783732499999,0.00022726,2.2906,2162.0,1.3657023863636362,20020372745.0,0.08795617319947713,4.172193839316874,4169042.4204188,-1.3338340344514235,1.5907,4.102109086553116,-1.9193857965451033,112318.8034031,1.9395580858756967,70.39832410794946,AKEUSDT_15m_limit100_20260711_113420_enriched_candles.csv,-39.72045911527996,15m,1783731600000
2.3201,60.625434371907424,1.685651018987986,0.0002012,1783735199999,0.00022726,2.2906,8771.0,4.457381222001983,20020372745.0,1.2652989061677777,0.6479871645147064,4169042.4204188,1.5130503423054071,1.5907,4.841061123183574,-3.454894433781186,531745.684876,6.360870283662579,58.66446868288831,AKEUSDT_1h_limit500_20260717_211343_enriched_candles.csv,-15.260964061066835,1h,1783731600000
2.4165,47.6298497630303,0.5300689461576423,0.000209,1783733399999,0.00022726,2.3898,1485.0,0.602262676276771,19928433330.0,-0.45922928694203113,4.079682149506623,4077756.0279846,-1.5606155608061554,1.5953,4.910447729002599,2.2504892367906093,70730.3268981,0.8812624623520547,75.85671684290708,AKEUSDT_15m_limit100_20260711_113420_enriched_candles.csv,12.242831628044716,15m,1783732500000
2.3772,63.0321206685867,1.3114697435886733,0.0002096,1783734299999,0.00022726,2.3501,1684.0,0.8149163045081967,20015278992.0,0.43578770373917664,4.161117131596476,4182392.69816832,-1.2755801711679333,1.6041,-0.115563469900237,0.2870813397129135,106146.0912059,1.754455691689089,76.46627788670337,AKEUSDT_15m_limit100_20260711_113420_enriched_candles.csv,3.4036760438892033,15m,1783733400000
2.3979,70.50885563049418,1.6865813512877026,0.0002012,1783735199999,0.00022726,2.4118,3440.0,2.7386704530995107,19994091824.0,-0.10585497213637662,4.142119394637562,4187962.47345504,-1.2465509306226605,1.5944,9.409363712496821,-4.007633587786252,242550.4633689,5.118716767122212,55.383986628117015,AKEUSDT_15m_limit100_20260711_113420_enriched_candles.csv,-20.122920695668416,15m,1783734300000
2.5149,55.41474836135909,0.9110318105746857,0.0002009,1783736099999,0.00022726,2.4258,1501.0,0.5917436305488297,19835031005.0,-0.7955391042521409,3.979907993157527,3987039.58231505,-1.727590391894549,1.6365,-0.4653364716587036,-0.14910536779324524,83177.5372904,1.18042384252331,54.802850787270636,AKEUSDT_15m_limit100_20260711_113420_enriched_candles.csv,0.5311786147953232,15m,1783735200000
2.5149,52.65889229873091,1.1462423652856994,0.0001984,1783738799999,0.00022726,2.4258,5043.0,1.953694448275862,19835031005.0,-0.9257656805929715,0.6231105988780659,3987039.58231505,0.7539510320162802,1.6365,1.357325312058554,-1.3916500994035852,265558.7938625,2.6615709406217536,55.10715884600935,AKEUSDT_1h_limit500_20260717_211343_enriched_candles.csv,-8.780090954612717,1h,1783735200000
2.51,49.63283707639123,0.6133493853292225,0.0002006,1783736999999,0.00022726,2.4376,593.0,-0.4023081949356913,19749005705.0,-0.4337038846993213,3.888688756356314,3967575.2461345,-1.7375445613098195,1.6361,-0.46927406747312383,-0.1493280238924921,29432.2723863,-0.14173641696520362,54.19049859449589,AKEUSDT_15m_limit100_20260711_113420_enriched_candles.csv,-26.441109539073278,15m,1783736100000
2.5199,56.264952363031426,0.9486271121946981,0.0001993,1783737899999,0.00022726,2.4459,2164.0,1.3178492038461538,19696811160.0,-0.2642894826182851,3.842918258787,3951180.318696,-1.7628149232577568,1.6365,0.8155948688858288,-0.6480558325024921,121757.3569136,2.128206615875211,51.50482738410612,AKEUSDT_15m_limit100_20260711_113420_enriched_candles.csv,-12.516947802353043,15m,1783737000000
2.5638,39.73455703464968,0.11064703547764078,0.0001984,1783738799999,0.00022726,2.4626,785.0,-0.1941055711414791,19628831437.0,-0.34513060234873105,3.7824626266081407,3909081.78067855,-1.8508820431779203,1.632,0.30460010990027214,-0.45158053186151736,31191.6272722,-0.09868817284469583,49.66954164649433,AKEUSDT_15m_limit100_20260711_113420_enriched_candles.csv,-2.358327544698551,15m,1783737900000
2.56,30.022346094225725,-0.38070091527464883,0.0001986,1783739699999,0.00022726,2.488,762.0,-0.21354290870445344,19623756672.0,-0.025853627691940773,3.7690463334282223,3893353.3237248,-1.8786775219189762,1.6305,-0.5996393778218336,0.10080645161290036,22877.0277238,-0.3009668106666984,50.09511165253165,AKEUSDT_15m_limit100_20260711_113420_enriched_candles.csv,-1.2672251102725236,15m,1783738800000
2.56,28.86679888091564,-0.4553308498653001,0.0002003,1783742399999,0.00022726,2.488,1944.0,-0.10503807076395691,19623756672.0,-1.0651575636395183,0.5934950077832726,3893353.3237248,0.3646408240094913,1.6305,0.6317858457454674,0.9576612903225756,56117.0570245,-0.23820993954231193,57.0120641738342,AKEUSDT_1h_limit500_20260717_211343_enriched_candles.csv,-0.9328514812732386,1h,1783738800000
2.56,32.371781770792076,-0.26173093946422465,0.0002004,1783740599999,0.00022726,2.4807,606.0,-0.37960679241435563,19609891665.0,-0.07065419344391977,3.747587520634326,3903152.8370016,-1.84557133877591,1.6313,1.4873638859654825,0.9063444108761365,19617.2997531,-0.38019786519216403,53.87519891137125,AKEUSDT_15m_limit100_20260711_113420_enriched_candles.csv,0.5209521849909627,15m,1783739700000
2.5411,23.415557687959865,-0.7183436953845581,0.0001996,1783741499999,0.00022726,2.4554,299.0,-0.7176836748768474,19619817406.0,0.05061599099864811,3.7537599598901097,3931811.4081624,-1.774133428334526,1.6335,0.1720689218394983,-0.39920159680638667,7001.2517487,-0.6913023739412716,51.99032026304299,AKEUSDT_15m_limit100_20260711_113420_enriched_candles.csv,-16.08417417226989,15m,1783740600000
2.5398,23.904251981588448,-0.6907742063088054,0.0002003,1783742399999,0.00022726,2.4674,277.0,-0.7424961545454546,19614441602.0,-0.027399867637689646,3.7458420141390483,3915042.5437592,-1.8105278306170105,1.6327,0.046090933127814454,0.3507014028055977,6621.4777989,-0.7002728648590042,53.52256929838876,AKEUSDT_15m_limit100_20260711_113420_enriched_candles.csv,11.935574503191583,15m,1783741500000
2.5423,39.2383963293765,0.08973920897109064,0.000201,1783743299999,0.00025769,2.4686,834.0,-0.11483048636363635,19615242488.0,0.004083144533262306,3.73332174148415,3928933.0703464,-1.7529126819222096,1.6327,0.042346686521982584,0.3494757863205189,32724.8225387,-0.04739237649662441,55.06693887484969,AKEUSDT_15m_limit100_20260711_113420_enriched_candles.csv,4.92694251158513,15m,1783742400000
2.5423,36.27528455126562,0.04457257715489664,0.0001972,1783745999999,0.00025769,2.4686,3121.0,0.6764833157635468,19615242488.0,-0.04338712583074056,0.592708003449834,3928933.0703464,0.501830068455139,1.6327,1.6038697279660896,-1.5476784822765821,113215.1630845,0.5528785770072323,53.056336886155826,AKEUSDT_1h_limit500_20260717_211343_enriched_candles.csv,-19.651162844587137,1h,1783742400000
2.5423,40.25716338565312,0.2852398755009312,0.0002043,1783756799999,0.00025769,2.4686,12379.0,0.7883151845984944,19615242488.0,-0.7838955365922051,14.912828848102126,3928933.0703464,0.7255147038509647,1.6327,0.28387045746517764,1.9970044932601239,498343.425551,0.8194978765883745,40.651199107688086,AKEUSDT_4h_limit500_20260717_211446_enriched_candles.csv,-5.381757563902152,4h,1783742400000
2.51,28.63374404288889,-0.45039002419496904,0.0001993,1783744199999,0.00025769,2.4294,900.0,-0.03490681510851419,19637875568.0,0.11538516545919197,3.740839792608241,3947212.989168,-1.6702726293431278,1.6344,1.3776595699988072,-0.8457711442786175,25770.3696386,-0.2136043547214999,50.663985924139006,AKEUSDT_15m_limit100_20260711_113420_enriched_candles.csv,-31.712451446404526,15m,1783743300000
2.5336,32.55589322935561,-0.2507896435211864,0.0001993,1783745099999,0.00025769,2.4686,419.0,-0.5783763740569992,19653447368.0,0.07929472791534664,3.7309610066144008,3916932.0604424,-1.7160639984843202,1.6325,-0.8681720890845976,0.0,13640.9192631,-0.5196746365642281,50.663985924139006,AKEUSDT_15m_limit100_20260711_113420_enriched_candles.csv,-8.190419873844323,15m,1783744200000
2.5249,42.437036822417355,0.25469991235230344,0.0001972,1783745999999,0.00025769,2.4602,968.0,0.043149175925925924,19647549106.0,-0.03001133536298939,3.701836243969651,3912612.92896884,-1.702985054175855,1.6314,1.87214880147226,-1.0536879076768702,41079.0516441,0.17823791535369707,45.45692236965789,AKEUSDT_15m_limit100_20260711_113420_enriched_candles.csv,-35.470061141474126,15m,1783745100000
2.5663,28.783053811623933,-0.44504338810983657,0.0001978,1783746899999,0.00025769,2.5002,585.0,-0.3926473607834878,19645335916.0,-0.011264458422066692,3.692107420103473,3870327.62881116,-1.795186375183471,1.6303,-0.07506254362277259,0.30425963488844854,16838.0864798,-0.4402265506324361,47.12889271024518,AKEUSDT_15m_limit100_20260711_113420_enriched_candles.csv,12.494163290607997,15m,1783746000000
2.5663,37.36190090965265,0.11346669395137592,0.000202,1783749599999,0.00025769,2.5002,2735.0,0.41874019842829074,19645335916.0,0.15341858770498984,0.5972263492198695,3870327.62881116,0.2533264333665164,1.6303,3.042173831970635,2.4340770791074995,102184.7989879,0.39946125685344086,57.92437912673929,AKEUSDT_1h_limit500_20260717_211343_enriched_candles.csv,17.051800154701358,1h,1783746000000
2.5486,46.79378940273128,0.48057999456390016,0.0001991,1783747799999,0.00025769,2.4722,1135.0,0.23356486275337837,19643672935.0,-0.008465016872760689,3.680696417632698,3885518.506543,-1.7579645666337318,1.6297,0.8419413404981863,0.6572295247724957,53110.9509721,0.4859748061141901,50.65813348999161,AKEUSDT_15m_limit100_20260711_113420_enriched_candles.csv,6.758501423530569,15m,1783746900000
2.5474,24.970192307758623,-0.6420671220141355,0.0001996,1783748699999,0.00025769,2.4674,348.0,-0.6631059567510548,19663684670.0,0.10187369269596402,3.6921934269633407,3914646.3441036,-1.6859007410726379,1.6286,-0.21275859899251537,0.25113008538424353,8689.6269231,-0.648595749938613,51.98566588705289,AKEUSDT_15m_limit100_20260711_113420_enriched_candles.csv,23.17060173374751,15m,1783747800000
2.5373,35.30155114377811,-0.11045033664134514,0.000202,1783749599999,0.00025769,2.459,667.0,-0.29964662880067566,19660711463.0,-0.015120294339021623,3.6864522316972246,3925261.04358795,-1.6562847187122562,1.6289,2.258593554718739,1.2024048096192397,23546.1346129,-0.26914276602107096,57.848036666152076,AKEUSDT_15m_limit100_20260711_113420_enriched_candles.csv,41.27058061910549,15m,1783748700000
2.5162,40.26646751973551,0.15011598459046255,0.0002,1783750499999,0.00025769,2.4188,983.0,0.06464575212044106,19670799012.0,0.051308158501717216,3.639379902606664,3943995.201906,-1.6138033626014547,1.6315,1.7024299711406445,-0.990099009900991,39581.9375719,0.1407974664920324,52.13537727511066,AKEUSDT_15m_limit100_20260711_113420_enriched_candles.csv,-23.20240991896232,15m,1783749600000
2.5162,40.458053744273954,0.32294743846427404,0.0002005,1783753199999,0.00025769,2.4188,2672.0,0.373277439192516,19670799012.0,0.12961395065411718,0.6010115263428711,3943995.201906,0.5510110331451545,1.6315,0.2723492158971293,-0.7425742574257432,108103.9196047,0.482476653747835,55.971049583925044,AKEUSDT_1h_limit500_20260717_211343_enriched_candles.csv,-20.011560865698204,1h,1783749600000
2.5211,33.56194463978947,-0.2000638230289722,0.0002015,1783751399999,0.00025769,2.4602,475.0,-0.5184000612331081,19663742287.0,-0.03587411470014068,3.5788071153102345,3932748.4574,-1.6377483390222913,1.6334,1.0658670381641875,0.749999999999984,15941.9237039,-0.4640561559467578,55.67113323914955,AKEUSDT_15m_limit100_20260711_113420_enriched_candles.csv,17.51577514962567,15m,1783750500000
2.5088,44.56732337797753,0.3736312944810564,0.0002015,1783752299999,0.00025769,2.4282,445.0,-0.55185525,19676325012.0,0.0639894726870871,3.561177133441798,3962221.56766644,-1.5699730032853547,1.6339,-0.8591223396215625,0.0,19832.4589032,-0.36453033476652863,55.67113323914954,AKEUSDT_15m_limit100_20260711_113420_enriched_candles.csv,-45.46106234030945,15m,1783751400000
2.5162,42.58465464980494,0.2653662808288623,0.0002005,1783753199999,0.00025769,2.4578,769.0,-0.17755798547008547,19659152203.0,-0.0872765061032843,3.5183405414964395,3960336.21129435,-1.5716855189840009,1.6354,0.406240867528905,-0.4962779156327479,32747.5994257,-0.03400302149342628,52.66329957199464,AKEUSDT_15m_limit100_20260711_113420_enriched_candles.csv,-19.010930189326153,15m,1783752300000
2.5261,37.42696005075567,-0.0022853116235957887,0.0002015,1783754099999,0.00025769,2.4819,794.0,-0.14647717317596565,19647869583.0,-0.05739118291315792,3.499452908699125,3937236.58573737,-1.6160322340509692,1.6348,0.4116564113968523,0.4987531172069737,29717.0062803,-0.10895663674154075,55.26612452785179,AKEUSDT_15m_limit100_20260711_113420_enriched_candles.csv,-1.3044041409950797,15m,1783753200000
2.5261,45.401076051389246,0.6577827474636053,0.0002043,1783756799999,0.00025769,2.4819,3851.0,1.144388675636008,19647869583.0,-0.11656582422510109,0.5981373340866717,3937236.58573737,0.5204078818641026,1.6348,2.155861683737927,1.895261845386531,174839.5438739,1.4113295998057478,59.68047434153218,AKEUSDT_1h_limit500_20260717_211343_enriched_candles.csv,-0.2073930017579509,1h,1783753200000
2.5311,53.832769822160245,0.8587531106232817,0.0002046,1783754999999,0.00025769,2.4758,1972.0,1.2214986194158077,19660459746.0,0.0640790236662303,3.4983743848817315,3959419.98824694,-1.5537490827215545,1.6374,3.1564770824837693,1.5384615384615552,106158.2220893,1.8679690654792165,62.20417137519001,AKEUSDT_15m_limit100_20260711_113420_enriched_candles.csv,1.2405862012196824,15m,1783754100000
2.5298,37.64577189249201,0.00910181192623241,0.000204,1783755899999,0.00025769,2.4892,626.0,-0.3410081225321888,19704499933.0,0.22400385122713917,3.487370163753123,4029176.14629984,-1.398038295912729,1.6387,-0.14181837649992382,-0.2932551319648202,23566.2532047,-0.2670957067077206,60.25622558044051,AKEUSDT_15m_limit100_20260711_113420_enriched_candles.csv,-10.413165625372214,15m,1783755000000
2.5373,33.5469766875817,-0.2076884130668219,0.0002043,1783756799999,0.00025769,2.4771,459.0,-0.5319429471649484,19699452105.0,-0.025617640727571,3.4365411758579834,4018294.2403779,-1.418630693857321,1.642,-0.5143889963528047,0.14705882352941124,15398.0622996,-0.47614293416910425,60.915276678741215,AKEUSDT_15m_limit100_20260711_113420_enriched_candles.csv,7.546622313836103,15m,1783755900000
2.5448,52.77434614589878,0.8050034953031046,0.0002059,1783757699999,5e-05,2.4674,1146.0,0.2654968266580534,19704913670.0,0.027724451273525297,3.4352718698712357,4025713.862781,-1.381216924570861,1.6439,1.173715782827941,0.7831620166421915,60479.4006832,0.6920154753318756,64.31411039587184,AKEUSDT_15m_limit100_20260711_113420_enriched_candles.csv,6.719373614310387,15m,1783756800000
2.5448,56.004402547094806,1.376053738343197,0.0002072,1783760399999,5e-05,2.4674,3270.0,0.7577722813567594,19704913670.0,0.29033217448346527,0.6096078471334505,4025713.862781,0.8773175823737892,1.6439,1.370053144774541,1.4194811551639708,183134.396329,1.5004492566763281,62.291474335559116,AKEUSDT_1h_limit500_20260717_211343_enriched_candles.csv,-2.913151668251192,1h,1783756800000
2.5448,59.622836128042785,1.7897421565924214,0.0002129,1783771199999,5e-05,2.4674,26456.0,3.6733574768518515,19704913670.0,0.457150514732918,13.93433321392915,4025713.862781,1.1146292701937555,1.6439,1.6092479395783843,4.209495839451782,1577381.7526035,5.159893247593744,47.37636308676736,AKEUSDT_4h_limit500_20260717_211446_enriched_candles.csv,6.560569653129039,4h,1783756800000
2.5051,48.527703130534356,0.5803742096499632,0.0002056,1783758599999,5e-05,2.4223,917.0,-0.0011629133620689655,19819782634.0,0.5829457866384002,3.5220397983457574,4082875.222604,-1.2404924953073477,1.6512,-0.5179691695424118,-0.14570179698881747,44499.9037707,0.27548615024784967,63.20428325297017,AKEUSDT_15m_limit100_20260711_113420_enriched_candles.csv,-30.169797942214316,15m,1783757700000
2.5311,55.946038599999994,0.9729040946336293,0.0002054,1783759499999,5e-05,2.4638,597.0,-0.3730353147109577,19792613425.0,-0.13708126623644956,3.4893105706224863,4066986.206569,-1.2646180058602445,1.65,-0.6313959790885796,-0.09727626459143934,33399.7850442,-0.014273377394836813,62.43081673929119,AKEUSDT_15m_limit100_20260711_113420_enriched_candles.csv,-6.563027280262852,15m,1783758600000
2.5137,73.3693554604918,1.8912382124321003,0.0002072,1783760399999,5e-05,2.4518,610.0,-0.3576310073402418,19816312908.0,0.11973902834916395,3.4984956054904788,4068289.0400124,-1.2525171993723665,1.6509,1.4169730246261356,0.8763388510223846,44755.3068309,0.2821351346767649,66.41441156837499,AKEUSDT_15m_limit100_20260711_113420_enriched_candles.csv,13.894996779256683,15m,1783759500000
2.5088,48.71641217816594,0.5844307454105279,0.0002066,1783761299999,5e-05,2.4282,1145.0,0.26560218134715025,19802891653.0,-0.06772831586940864,3.453144101497376,4103159.1505016,-1.1749246513094382,1.6531,-0.1253040668924933,-0.28957528957528345,55780.291944,0.5615587443693761,63.97915169781506,AKEUSDT_15m_limit100_20260711_113420_enriched_candles.csv,-23.788595869167573,15m,1783760400000
2.5088,51.19153068027848,1.0484861600535824,0.0002057,1783763999999,5e-05,2.4282,3950.0,1.2012091068646544,19802891653.0,0.4972261469440964,0.6269374923774069,4103159.1505016,1.1858322812896587,1.6531,0.20897826563023417,-0.7239382239382142,202206.5461871,1.717946250111384,60.122731273526064,AKEUSDT_1h_limit500_20260717_211343_enriched_candles.csv,-18.076097585426155,1h,1783760400000
2.5162,40.99681251744966,0.1775868411852073,0.0002055,1783762199999,5e-05,2.4638,894.0,-0.02679320250431779,19819316786.0,0.08294310390528636,3.4326835623675493,4094472.65481974,-1.1881345423384428,1.6517,0.5164389977587248,-0.5324298160697016,36651.1503906,0.06607400576838753,59.660056638094765,AKEUSDT_15m_limit100_20260711_113420_enriched_candles.csv,-4.282218934122548,15m,1783761300000
2.5236,63.50344425644719,1.370236218437197,0.000206,1783763099999,5e-05,2.4495,1458.0,0.6324072006065857,19798307939.0,-0.10600187295477514,3.41044243100416,4068552.2814645,-1.2251151975515469,1.6523,-0.24839198290788655,0.24330900243307862,92588.0217259,1.5026547920687536,60.95047934025022,AKEUSDT_15m_limit100_20260711_113420_enriched_candles.csv,-20.760322644546882,15m,1783762200000
2.5511,37.94057864591611,0.015546488022642918,0.0002057,1783763999999,5e-05,2.4807,453.0,-0.5442839026086956,19896092441.0,0.4939033290182193,3.488506039634181,4098595.042846,-1.147895094868727,1.6582,-0.5136042944630469,-0.14563106796116054,17187.0821266,-0.4333710682477119,59.71616839925337,AKEUSDT_15m_limit100_20260711_113420_enriched_candles.csv,-14.491405971379425,15m,1783763100000
2.5411,46.59327108189301,0.4669485156278971,0.0002058,1783764899999,5e-05,2.4734,729.0,-0.2207207536988686,19875197882.0,-0.1050184053072778,3.4600917584217776,4087135.69245448,-1.1641133161516346,1.6575,-0.789993649751783,0.048614487117149,33966.4946187,-0.002823488018846633,60.00690246662093,AKEUSDT_15m_limit100_20260711_113420_enriched_candles.csv,-16.41138914532285,15m,1783764000000
2.5411,49.486691506777944,0.9052002589070675,0.0002065,1783767599999,5e-05,2.4734,3954.0,1.2014246203208556,19875197882.0,0.3651296500884804,0.6378725722726059,4087135.69245448,1.1142753834784318,1.6575,-0.3363291387878001,0.3889158969372808,195670.3782178,1.628859584884808,60.904520088502785,AKEUSDT_1h_limit500_20260717_211343_enriched_candles.csv,6.843598017219886,1h,1783764000000
2.5323,55.756213743049706,0.9422014697627612,0.0002075,1783765799999,5e-05,2.4638,1187.0,0.3172686977351916,19859422447.0,-0.07937246760338912,3.444763626395976,4084288.82045002,-1.1628965241244222,1.6582,1.3246376620746219,0.8260447035957297,66182.625713,0.8252570650318088,64.67443993677898,AKEUSDT_15m_limit100_20260711_113420_enriched_candles.csv,28.843129613774742,15m,1783764900000
2.4258,47.19015055207581,0.48740369951127205,0.0002083,1783766699999,5e-05,2.3546,1108.0,0.22482991666666666,19815522201.0,-0.22105499853865007,3.407242386781872,4106965.13137926,-1.1171500836807204,1.6481,0.1363134778909596,0.3855421686747018,52286.6868117,0.46766325626462685,66.64714232351233,AKEUSDT_15m_limit100_20260711_113420_enriched_candles.csv,1.4919611959911867,15m,1783765800000
2.453,46.488786101505376,0.44696111526206456,0.0002065,1783767599999,5e-05,2.3761,930.0,0.015329312500000001,19789060753.0,-0.13353898893799787,3.3837148650310387,4121467.68302731,-1.087795976942205,1.6511,1.4330198902692657,-0.8641382621219384,43234.5710744,0.2353845973525532,58.70375728947433,AKEUSDT_15m_limit100_20260711_113420_enriched_candles.csv,-2.090849606543832,15m,1783766700000
2.4507,52.50611532429427,0.7587489397214948,0.0002015,1783768499999,5e-05,2.3979,2338.0,1.6735592836244542,19800121409.0,0.05589277903612633,3.3875232570998364,4086151.05517533,-1.151034041242898,1.6445,5.514384914742265,-2.421307506053272,122759.2976282,2.270875562015709,43.27467542074313,AKEUSDT_15m_limit100_20260711_113420_enriched_candles.csv,-12.978878822568273,15m,1783767600000
2.4507,65.1989551020547,1.9233083221244576,0.0002129,1783771199999,5e-05,2.3979,15282.0,8.633862471060311,19800121409.0,-0.37773949947936813,0.6282125195366177,4086151.05517533,1.106310448742928,1.6445,3.970846423190431,3.0992736077481764,996370.4318696,12.428023647501476,66.55371550048552,AKEUSDT_1h_limit500_20260717_211343_enriched_candles.csv,13.246114654200522,1h,1783767600000
2.4941,80.48006955153227,2.1931708068339977,0.0002222,1783769399999,5e-05,2.4176,5841.0,5.79496167408377,19789806375.0,-0.052095811873720255,3.3742564843572844,3985271.2077975,-1.3436473712358303,1.6471,26.712433374494907,10.272952853598017,470084.0862505,11.135449683002037,73.88114845281108,AKEUSDT_15m_limit100_20260711_113420_enriched_candles.csv,27.72305084245157,15m,1783768500000
2.2927,59.76789587754251,1.5564935087493788,0.000214,1783774799999,5e-05,2.2373,12940.0,6.9094384261983866,20257182006.0,2.3083726991302456,0.692355210831646,4312754.0490774,2.0230857902942905,1.5482,-0.13741417877748988,0.5166744950681146,773396.5726554,9.307795928482506,67.42496459560977,AKEUSDT_1h_limit500_20260717_211343_enriched_candles.csv,-9.119136718624251,1h,1783771200000
2.2927,59.10614872263204,1.691076729192188,0.0002105,1783785599999,5e-05,2.2373,26109.0,3.5145632968469815,20257182006.0,2.802693507055598,13.941197436323588,4312754.0490774,2.3125205623968252,1.5482,-0.253207420935799,-1.1272898074213278,1543202.4369992,4.924417526739475,45.8160698169827,AKEUSDT_4h_limit500_20260717_211446_enriched_candles.csv,-5.628970553967895,4h,1783771200000
2.3445,67.79079383496592,2.0609655397727766,0.0002111,1783778399999,0.00023673,2.2595,7922.0,3.620580366713352,20284122072.0,0.1329901957341395,0.6959703208326139,4335933.93411072,2.113316846737586,1.5545,1.2088425131571026,-1.355140186915882,537038.6687606,6.0797376798400355,62.78175878229611,AKEUSDT_1h_limit500_20260717_211343_enriched_candles.csv,-2.568805254794369,1h,1783774800000
2.3434,39.371373364073655,0.20498445290208234,0.0002098,1783781999999,0.00023673,2.2373,2661.0,0.30134107380288233,20314375928.0,0.14915043348986412,0.6992945028867058,4275972.98908472,1.8439059404266807,1.5376,0.016954290069636477,-0.6158218853623887,104767.2245218,0.37477744023280823,60.76173081830363,AKEUSDT_1h_limit500_20260717_211343_enriched_candles.csv,-4.942212771058562,1h,1783778400000
2.3245,49.49728192629544,0.8559440980503592,0.0002105,1783785599999,0.00023673,2.2062,2586.0,0.24879232669138088,20211337241.0,-0.5072205386234763,0.6839583819546644,4240338.5531618,1.6776672263217516,1.5382,-0.42535084492447556,0.3336510962821615,127999.9710614,0.677712765532105,61.48042602751336,AKEUSDT_1h_limit500_20260717_211343_enriched_candles.csv,2.0577948124195347,1h,1783782000000
2.3807,49.30420648500707,0.8412541644795258,0.0002101,1783789199999,7.797e-05,2.2541,2828.0,0.39857631223970386,20201243617.0,-0.04994040661260302,0.6784386874147836,4251149.70676148,1.7012262579049466,1.5295,-0.6504183725305526,-0.1900237529691151,139432.2959396,0.8225870614193121,60.795173502357116,AKEUSDT_1h_limit500_20260717_211343_enriched_candles.csv,-11.365387533649088,1h,1783785600000
2.3807,49.28922392226242,0.9052108599107513,0.0002059,1783799999999,7.797e-05,2.2541,9397.0,0.13552556477173597,20201243617.0,-0.27614101992780027,13.770496708145405,4251149.70676148,2.0681011461986865,1.5295,0.38551038294292933,-2.185273159144896,463170.8371975,0.5523175531495055,42.89977890762937,AKEUSDT_4h_limit500_20260717_211446_enriched_candles.csv,-20.25667625457451,4h,1783785600000
2.4002,45.50684906195509,0.5933011856471675,0.0002093,1783792799999,7.797e-05,2.3069,2271.0,0.050008507877664504,20211058574.0,0.04858590483876046,0.6758524021006462,4246343.4063974,1.6572789680227105,1.5315,-0.33431666843782754,-0.38077106139934314,103346.0542197,0.33936994079774735,59.36991101946146,AKEUSDT_1h_limit500_20260717_211343_enriched_candles.csv,-14.628352015609144,1h,1783789200000
2.3967,57.929529887937164,1.3946264329617195,0.0002056,1783796399999,7.797e-05,2.2798,3374.0,0.7317871248845799,20271187821.0,0.29750666834122974,0.6841630562206018,4244989.44159561,1.6435912510364348,1.5326,1.943239179557392,-1.7677974199713287,195454.2338419,1.5369118444034846,53.16228159384912,AKEUSDT_1h_limit500_20260717_211343_enriched_candles.csv,-32.754274486519684,1h,1783792800000
2.4483,26.989451511147188,-0.6037949667351311,0.0002059,1783799999999,7.797e-05,2.3311,924.0,-0.7924636897893773,20127957175.0,-0.7065725366701026,0.6641398964747564,4137502.876893,1.2204603675471375,1.5228,-0.7064034770735641,0.14591439688715901,24938.2531963,-0.6893254199245723,53.586034098301276,AKEUSDT_1h_limit500_20260717_211343_enriched_candles.csv,4.657281439713349,1h,1783796400000
2.4388,28.495401697294483,-0.5050908010514344,0.0002062,1783803599999,5e-05,2.3234,961.0,-0.7696021294930876,20134515800.0,0.032584652992739827,0.6651131790935004,4145696.80322,1.2371817078289729,1.5217,-0.7073897878200323,0.14570179698882857,27384.0810311,-0.6548882437780644,54.03389069502958,AKEUSDT_1h_limit500_20260717_211343_enriched_candles.csv,-6.487211027028724,1h,1783800000000
2.4388,26.701863447174446,-0.7915502064902585,0.0002034,1783814399999,5e-05,2.3234,5291.0,-0.681808260483871,20134515800.0,-0.33031539179027014,13.312697090906386,4145696.80322,1.5802818516399266,1.5217,-0.20394103764079008,-1.214181641573564,141279.559499,-0.6891684251629399,41.35896724104475,AKEUSDT_4h_limit500_20260717_211446_enriched_candles.csv,-4.896727819178242,4h,1783800000000
2.4662,22.334393819591142,-0.9028729297417579,0.0002055,1783807199999,5e-05,2.34,1174.0,-0.6339704951478743,20124415415.0,-0.05016452891307699,0.6637608569270971,4149654.458573,1.237547782608163,1.5235,-0.388374982823487,-0.3394762366634274,26220.5783442,-0.6712182785583922,52.7547643241489,AKEUSDT_1h_limit500_20260717_211343_enriched_candles.csv,-26.39361266617839,1h,1783803600000
2.465,16.6321317116179,-1.2666046530889683,0.0002047,1783810799999,5e-05,2.34,1162.0,-0.6414051070106431,20128079368.0,0.018206506496931674,0.6682531954642451,4136320.310124,1.1668592878434811,1.5226,-0.30553183274940116,-0.389294403892948,19326.5370489,-0.7579432237905316,51.26123782662082,AKEUSDT_1h_limit500_20260717_211343_enriched_candles.csv,-19.641046908173614,1h,1783807200000
2.4423,34.277012575125376,-0.1273187910119403,0.0002034,1783814399999,5e-05,2.3411,1994.0,-0.12127063160333643,20129337707.0,0.006251659569667112,0.6724600407897436,4118663.78822927,1.081993840892737,1.5216,0.09946035823420177,-0.635075720566669,68348.3630748,-0.1056818332397057,48.841447055011955,AKEUSDT_1h_limit500_20260717_211343_enriched_candles.csv,8.156566558732194,1h,1783810800000
2.4153,62.86572825599937,1.7219154087872797,0.0001933,1783817999999,5e-05,2.3113,6334.0,2.614552661339244,20066564080.0,-0.3118514275716633,0.6642146219838821,4082341.7964352,0.9300835383405955,1.5181,7.232163664933621,-4.965585054080634,398191.5227735,4.2339205982425545,35.012832355425274,AKEUSDT_1h_limit500_20260717_211343_enriched_candles.csv,-29.34366003943369,1h,1783814400000
2.4153,55.620606691201935,1.3638772446859897,0.0002024,1783828799999,5e-05,2.3113,19402.0,2.124051925805977,20066564080.0,-0.33748872173027245,12.706676609746584,4082341.7964352,1.300717117759142,1.5181,-0.6526386599556856,-0.4916420845624492,1079151.0110227,2.906545897902689,40.72882147518737,AKEUSDT_4h_limit500_20260717_211446_enriched_candles.csv,-11.254308682452338,4h,1783814400000
2.4153,45.84260276515355,0.28788527723932317,0.0001928,1783900799999,5e-05,2.3113,54413.0,-0.2555949628118466,20066564080.0,1.4989398780531848,13.45108268717468,4082341.7964352,1.004530831931169,1.5181,0.07610341217157132,-5.211406096361859,2494433.5442603,-0.01884242461885687,33.43792876052183,AKEUSDT_1d_limit500_20260717_212121_enriched_candles.csv,-6.19508400963735,1d,1783814400000
2.4141,52.96459976951732,1.076145464545904,0.0001924,1783821599999,5e-05,2.251,4993.0,1.7534233074606116,19932594609.0,-0.6676253616010208,0.6458284050115435,3851973.90818925,0.08566189238281965,1.5173,-0.18245359434832836,-0.46559751681325423,264452.2466492,2.4681929279340107,34.08668365258865,AKEUSDT_1h_limit500_20260717_211343_enriched_candles.csv,-8.155445864526644,1h,1783818000000
2.3738,27.723808395104438,-0.5478749201876099,0.0001949,1783825199999,5e-05,2.268,1532.0,-0.4104368446321148,19875581715.0,-0.2860284630193499,0.6379893988706825,3822869.3870631,-0.02167233137497147,1.4466,1.1927956526714127,1.2993762993763092,42472.8744613,-0.4522559518816452,38.91989138598935,AKEUSDT_1h_limit500_20260717_211343_enriched_candles.csv,6.800470452575039,1h,1783821600000
2.3223,57.165576515161234,1.3466846892848456,0.0002024,1783828799999,5e-05,2.2051,6543.0,2.7223381475903614,19893523023.0,0.09026809004770708,0.6407920095760967,3877247.6371827,0.17829087450777184,1.448,5.359140821090906,3.8481272447408843,374034.3671387,3.906464567755023,50.6184630403475,AKEUSDT_1h_limit500_20260717_211343_enriched_candles.csv,3.762190480181695,1h,1783825200000
2.2626,39.74464174821192,0.22323221638423277,0.0002008,1783832399999,9.386e-05,2.1898,1510.0,-0.42417009266543265,19520938214.0,-1.8728950551857193,0.5878649307336946,3948109.7537815,0.4343202258787041,1.4708,0.34617969682135263,-0.7905138339920903,60014.4090398,-0.22197504086672745,48.48500603343848,AKEUSDT_1h_limit500_20260717_211343_enriched_candles.csv,-23.47102968131958,1h,1783828800000
2.2626,32.68675968890939,-0.3447948140409904,0.0001967,1783843199999,9.386e-05,2.1898,5419.0,-0.6494434233391355,19520938214.0,-2.7190796781389026,11.679932155993914,3948109.7537815,0.7039098332127584,1.4708,0.8092064020544358,-2.8162055335968272,177129.5507542,-0.5461534519912533,37.245418383187655,AKEUSDT_4h_limit500_20260717_211446_enriched_candles.csv,-16.34728839344352,4h,1783828800000
2.3267,31.598423085569856,-0.30057607781344636,0.0001998,1783835999999,9.386e-05,2.2206,1088.0,-0.6876169833178869,19459890487.0,-0.31272947196880896,0.5791769217225609,3907546.0097896,0.28653604976757024,1.4709,-0.14857654235109927,-0.4980079681274896,34379.0843171,-0.55153057246953,47.147492329506015,AKEUSDT_1h_limit500_20260717_211343_enriched_candles.csv,-4.874449536942645,1h,1783832400000
2.3167,28.725649065806877,-0.48638401000917353,0.0001977,1783839599999,9.386e-05,2.2289,1512.0,-0.4206123114505597,19457354913.0,-0.013029744446368952,0.5787667912367446,3887579.5116174,0.2133097820597044,1.4701,0.7719788359319659,-1.051051051051044,43433.1813875,-0.43189349440045577,44.37882627262813,AKEUSDT_1h_limit500_20260717_211343_enriched_candles.csv,-21.130523114158326,1h,1783836000000
2.3456,30.02511536271963,-0.4025910304000993,0.0001967,1783843199999,9.386e-05,2.2415,1309.0,-0.547705962406015,19444362418.0,-0.06677420984555482,0.5768634906108648,3844150.4500386,0.05331472914775705,1.4716,-0.13620474775636407,-0.5058168942842722,39302.8760098,-0.4859611738024274,43.08144499014452,AKEUSDT_1h_limit500_20260717_211343_enriched_candles.csv,-10.219173740360674,1h,1783839600000
2.3864,33.23815807220163,-0.19306649054557667,0.0001962,1783846799999,9.386e-05,2.2637,1349.0,-0.5134991045736065,19430560196.0,-0.07098315544263878,0.5748814832506925,3819659.52332968,-0.03839657110831452,1.4719,-0.5301928450594156,-0.254194204372149,44838.2752394,-0.4097229561280983,42.41378775049125,AKEUSDT_1h_limit500_20260717_211343_enriched_candles.csv,-9.400633963048048,1h,1783843200000
2.3864,31.517933515508822,-0.42805105878280336,0.0001981,1783857599999,9.386e-05,2.2637,5326.0,-0.6712131179155013,19430560196.0,-0.4629798886161218,11.442725684010998,3819659.52332968,0.16926563861070482,1.4719,-0.5166025032315672,0.7117437722419906,167864.5139036,-0.5741452340812884,38.633675364101094,AKEUSDT_4h_limit500_20260717_211446_enriched_candles.csv,-3.55058365177928,4h,1783843200000
2.3841,28.294102682889733,-0.518906961599768,0.0001974,1783850399999,5e-05,2.2373,1315.0,-0.5301436945525292,19424352970.0,-0.031945687295609204,0.5739830582136254,3811058.052714,-0.06854306312925616,1.4737,0.05685917923991133,0.6116207951070374,37206.745028,-0.509365998370591,44.631582432199465,AKEUSDT_1h_limit500_20260717_211343_enriched_candles.csv,3.826429428665692,1h,1783846800000
2.3921,24.99311436258352,-0.7368378934865034,0.0001974,1783853999999,5e-05,2.2425,898.0,-0.8034797605839417,19452016406.0,0.14241625470214903,0.5778662463044902,3839828.0385444,0.03783579566645791,1.4759,-0.9463391785608444,0.0,22443.8166976,-0.7088196714013963,44.631582432199465,AKEUSDT_1h_limit500_20260717_211343_enriched_candles.csv,-21.306986156732272,1h,1783850400000
2.3613,35.92725450034013,-0.009650250539543392,0.0001981,1783857599999,5e-05,2.2237,1764.0,-0.2344623571080818,19481928290.0,0.15377266487794916,0.5820785399875841,3843199.9937683,0.05002584764284239,1.475,-0.3648170383567135,0.35460992907800915,63375.6769386,-0.15635600209242057,46.03756685287976,AKEUSDT_1h_limit500_20260717_211343_enriched_candles.csv,2.545650470862868,1h,1783854000000
2.3223,40.10084937736093,0.27263534088195646,0.0001984,1783861199999,0.00016107,2.1837,1546.0,-0.3772402408491947,19494538426.0,0.06472735045675027,0.5838782265171559,3859528.71757948,0.10969695972647893,1.4745,-0.6983028393419687,0.15143866733973166,61995.9131374,-0.1671592175855966,46.662678367161554,AKEUSDT_1h_limit500_20260717_211343_enriched_candles.csv,0.4071284202889368,1h,1783857600000
2.3223,34.28932338603011,-0.20987312605185862,0.0001967,1783871999999,0.00016107,2.1837,5247.0,-0.6904051294056153,19494538426.0,0.32926600856917343,11.395994059825219,3859528.71757948,0.3344993277298775,1.4745,-0.5187554052669293,-0.7067137809187218,179916.0798065,-0.5194265764642944,37.73469550717106,AKEUSDT_4h_limit500_20260717_211446_enriched_candles.csv,0.04143381435398576,4h,1783857600000
2.319,30.988360118939394,-0.3385308776650282,0.000198,1783864799999,0.00016107,2.1776,924.0,-0.7873446886007828,19507849637.0,0.06828174491295691,0.5857787048576679,3868601.66151347,0.1430956106356118,1.4765,-0.6155134172198053,-0.20161290322581182,28633.2447499,-0.6230761132872429,45.899203847660445,AKEUSDT_1h_limit500_20260717_211343_enriched_candles.csv,-19.34457554245348,1h,1783861200000
2.319,31.976315557142854,-0.2696946980092062,0.0001971,1783868399999,0.00016107,2.1969,1309.0,-0.5320199800590842,19491934578.0,-0.08158284637285185,0.5836900609340756,3859403.046444,0.10796911761833326,1.4748,-0.19755734392975272,-0.4545454545454519,41856.9970643,-0.4388759051094986,44.14890571556936,AKEUSDT_1h_limit500_20260717_211343_enriched_candles.csv,-2.431325703410251,1h,1783864800000
2.3512,32.30921311641689,-0.24439260485583025,0.0001967,1783871999999,0.00016107,2.2196,1468.0,-0.4244806652626363,19446134601.0,-0.23496886271973105,0.5773170004954512,3829916.20966695,-0.003910991925200135,1.476,-0.6133630894924612,-0.20294266869608224,47429.9248549,-0.3609956734378479,43.35754636319958,AKEUSDT_1h_limit500_20260717_211343_enriched_candles.csv,13.448899026119804,1h,1783868400000
2.3456,32.55028170159337,-0.2229314577395291,0.000194,1783875599999,0.00020485,2.2206,1569.0,-0.3571418210213188,19469473475.0,0.1200180626066416,0.5805367180683997,3825362.148368,-0.020328789049463943,1.4791,1.33086859679516,-1.372648703609558,51071.3919898,-0.30989511693631,38.35934819575101,AKEUSDT_1h_limit500_20260717_211343_enriched_candles.csv,-6.493728025784693,1h,1783872000000
2.3456,41.228952553618925,0.336807922539466,0.000193,1783886399999,0.00020485,2.2206,7820.0,-0.16957737827868855,19469473475.0,-0.1285742214166552,11.264297201677481,3825362.148368,0.18963480827851506,1.4791,0.23340291018103201,-1.881037112353845,322410.4089693,0.07462531382989976,35.3908281448811,AKEUSDT_4h_limit500_20260717_211446_enriched_candles.csv,5.28954946691064,4h,1783872000000
2.358,23.75935773427762,-0.7404001834554725,0.0001959,1783873799999,0.00020485,2.2165,353.0,-0.663959988074588,19474348647.0,-1.5940415081499237,3.125464830202546,3824762.0742708,-1.663224186810369,1.4791,30.97706950046548,-11.83618361836184,8387.0532802,-0.6607839998366893,46.5158332406936,AKEUSDT_15m_limit500_20260717_211231_enriched_candles.csv,-1.56885050093376,15m,1783872900000
2.3591,31.37531249556136,-0.34617631638799784,0.0001959,1783874699999,0.00020485,2.2268,383.0,-0.6297591906631763,19476391421.0,0.010489562639692807,3.130158116961426,3815425.0793739,-1.6829356920210452,1.4797,-0.9271540904805232,0.0,12016.7446858,-0.5680330473515914,46.5158332406936,AKEUSDT_15m_limit500_20260717_211231_enriched_candles.csv,-6.734237104631684,15m,1783873800000
2.3704,39.6986444060215,0.08755267647926657,0.000194,1783875599999,0.00020485,2.2425,465.0,-0.5331119858078603,19480815715.0,0.02271618958751276,3.115735449510402,3813174.8680541,-1.6853643986518887,1.479,1.6476799802910034,-0.9698825931597765,18459.8696488,-0.40249780687283926,37.4010025837776,AKEUSDT_15m_limit500_20260717_211231_enriched_candles.csv,-28.246573922795598,15m,1783874700000
2.3967,27.314713287048196,-0.5568712924861059,0.0001941,1783876499999,0.00020485,2.2616,332.0,-0.6898190624999999,19502776161.0,0.11272857523667579,3.1150167411451055,3783538.575234,-1.7424828515350355,1.4765,-0.7808090444222785,0.051546391752577136,9068.4848113,-0.643155489013487,38.08862391207984,AKEUSDT_15m_limit500_20260717_211231_enriched_candles.csv,14.155367303482084,15m,1783875600000
2.3967,43.39140255872483,0.5223951941365859,0.0001933,1783879199999,0.00020485,2.2616,2086.0,-0.01137532316468254,19502776161.0,0.1710507787627824,0.5851988551513146,3783538.575234,-0.17790107079606685,1.4765,-0.35171531159548275,-0.36082474226803996,90514.4657375,0.24181116044484313,37.16321108409666,AKEUSDT_1h_limit500_20260717_211343_enriched_candles.csv,9.339514228384472,1h,1783875600000
2.3933,48.58299000169492,0.5533991681934539,0.0001933,1783877399999,0.00020485,2.2552,708.0,-0.24644817788461537,19508430737.0,0.028993697888557435,3.1099023478369014,3786391.32174433,-1.7151603261338546,1.4769,0.17166914642647774,-0.41215868109221176,34396.7569212,0.008238648287855695,34.79569644171117,AKEUSDT_15m_limit500_20260717_211231_enriched_candles.csv,-16.19385735451968,15m,1783876500000
2.4165,48.34938283020344,0.5380897616251648,0.0001916,1783878299999,0.00020485,2.2862,639.0,-0.3278114519230769,19490025961.0,-0.09434267803557495,3.0905581948486507,3765862.81618442,-1.7340776624643854,1.4746,1.4055151748791128,-0.8794619762028,30895.2556285,-0.08183616176216871,29.048520218346297,AKEUSDT_15m_limit500_20260717_211231_enriched_candles.csv,17.59344598426262,15m,1783877400000
2.3956,39.69033999140049,0.0839935583607113,0.0001933,1783879199999,0.00020485,2.2744,407.0,-0.6011884975898335,19472120334.0,-0.09187071908385303,3.071942321022769,3730858.2559944,-1.790216868185367,1.4708,1.4230730889362473,0.8872651356993888,16153.9683765,-0.46131324055417394,39.76312376051716,AKEUSDT_15m_limit500_20260717_211231_enriched_candles.csv,45.218336088402324,15m,1783878300000
2.3864,27.27731221247357,-0.5662743481826511,0.0001938,1783880099999,0.00020485,2.2573,473.0,-0.5218420697368421,19483397303.0,0.05791341059200317,3.0763073693145824,3765166.52880475,-1.712229691271178,1.4725,-0.23182418462492835,0.2586652871184647,12902.1686765,-0.5453743675273482,42.512860485189364,AKEUSDT_15m_limit500_20260717_211231_enriched_candles.csv,46.76147267000895,15m,1783879200000
2.3864,30.556115738609467,-0.35938227929471567,0.0001916,1783882799999,0.00020485,2.2573,1352.0,-0.5020159559334657,19483397303.0,-0.09936461270960706,0.5836322063427335,3765166.52880475,-0.24682889915165884,1.4725,0.5110779965291279,-0.8794619762028,41311.8684786,-0.4464562714814948,34.36093879748907,AKEUSDT_1h_limit500_20260717_211343_enriched_candles.csv,11.616363911707122,1h,1783879200000
2.3829,23.799730803265305,-0.7498857104342375,0.0001934,1783880999999,0.00020485,2.2541,245.0,-0.7917408215539947,19485918113.0,0.012938246655846974,3.079947147576106,3775981.21193714,-1.6393608120104763,1.4721,-0.37223282884357045,-0.20639834881319707,5830.9340468,-0.7281178606860729,40.90417558203894,AKEUSDT_15m_limit500_20260717_211231_enriched_candles.csv,13.577601716048962,15m,1783880100000
2.3875,41.85862415586354,0.19800499538413807,0.0001919,1783881899999,0.00020485,2.2637,469.0,-0.5253920157894737,19483594521.0,-0.011924467641322156,3.07864335613471,3765399.47712846,-1.6095564485073475,1.4721,1.1312266904439743,-0.7755946225439514,19631.6947291,-0.3705662271047457,35.48198782272647,AKEUSDT_15m_limit500_20260717_211231_enriched_candles.csv,-12.341963531597138,15m,1783881000000
2.4014,17.86103652242424,-1.0615913261989476,0.0001916,1783882799999,0.00020485,2.2595,165.0,-0.8891273771111111,19495433049.0,0.06076151906795335,3.0689031267176943,3741173.6021031,-1.6433821798862802,1.4723,-0.504249033214521,-0.1563314226159518,2947.0710262,-0.8020435226096513,34.497061619299316,AKEUSDT_15m_limit500_20260717_211231_enriched_candles.csv,13.468576124268234,15m,1783881900000
2.406,32.13524116020067,-0.31157560007921564,0.0001916,1783883699999,0.00020485,2.2701,299.0,-0.7264665586917564,19493688411.0,-0.00894895740769508,3.050011056446387,3733236.26759061,-1.6474217650779928,1.4721,-0.9169305607011312,0.0,9608.4371069,-0.6288458625891764,34.497061619299316,AKEUSDT_15m_limit500_20260717_211231_enriched_candles.csv,50.34912536010574,15m,1783882800000
2.406,49.59569241500178,0.9448911946674232,0.000193,1783886399999,0.00020485,2.2701,2813.0,0.4785185987562189,19493688411.0,0.05281988474574728,0.586348584239658,3733236.26759061,-0.3676021367755826,1.4721,0.26312143979690805,0.7306889352818313,139512.6827634,0.9276296512814507,38.47537091545857,AKEUSDT_1h_limit500_20260717_211343_enriched_candles.csv,5.10200709728402,1h,1783882800000
2.3956,61.52949810556174,1.241811836828545,0.0001909,1783884599999,0.00020485,2.2563,899.0,-0.0006022229910714286,19514865236.0,0.10863426435014922,3.0672707300187247,3738267.58460816,-1.612578109395788,1.4731,0.0485612393655815,-0.36534446764091566,55315.0187969,0.5611640312287737,32.08677871450436,AKEUSDT_15m_limit500_20260717_211231_enriched_candles.csv,-23.713624719648696,15m,1783883700000
2.4141,49.26518960958084,0.5861664033968713,0.0001915,1783885499999,0.00020485,2.2563,1169.0,0.32578216905187835,19559913323.0,0.23083985697680554,3.1031363957528524,3733987.4533607,-1.5949381998674865,1.479,-0.08693870659648789,0.31430068098479147,57591.0066536,0.6176393639454386,36.201445302666855,AKEUSDT_15m_limit500_20260717_211231_enriched_candles.csv,15.38787854934297,15m,1783884600000
2.3921,38.1126013587444,0.0013572259548625466,0.000193,1783886399999,0.00020485,2.2478,446.0,-0.5481740172491039,19575194040.0,0.07812262123898517,3.1147521850809308,3740819.581044,-1.5756629215928732,1.4814,1.1541920788076412,0.783289817232391,16998.220206,-0.43858679145307317,45.14873783665871,AKEUSDT_15m_limit500_20260717_211231_enriched_candles.csv,38.4472295616759,15m,1783885500000
2.3591,30.113101252272727,-0.41948028928942444,0.0001922,1783887299999,0.00020485,2.2062,264.0,-0.7689425336624776,19597094997.0,0.11188117448668322,3.131529184566373,3782239.334421,-1.4976835609785073,1.4839,0.17768391217336973,-0.4145077720207224,7949.8587306,-0.6738470381835692,41.78311803809719,AKEUSDT_15m_limit500_20260717_211231_enriched_candles.csv,4.0659542962168445,15m,1783886400000
2.3591,33.90962011960396,-0.1300762368329996,0.0001911,1783889999999,0.00020485,2.2062,1010.0,-0.7325428478855721,19597094997.0,0.5304618798649186,0.6022817015173899,3782239.334421,-0.1816117863361715,1.4839,0.687821389280216,-0.9844559585492241,34248.7163208,-0.5451221334076907,35.246342639985556,AKEUSDT_1h_limit500_20260717_211343_enriched_candles.csv,13.095402393450176,1h,1783886400000
2.3591,50.715419216358605,1.046877436292198,0.0001928,1783900799999,0.00020485,2.2062,11199.0,0.5161559673880373,19597094997.0,0.6554954974199667,11.315197660195345,3782239.334421,0.0034261595825707813,1.4839,-0.9239932200885737,-0.10362694300518616,567961.979804,1.0418381069375906,35.26332280610856,AKEUSDT_4h_limit500_20260717_211446_enriched_candles.csv,-2.6927547844448663,4h,1783886400000
2.358,27.153682041355932,-0.5756203635644684,0.0001919,1783888199999,0.00034419,2.2165,295.0,-0.730092847670251,19586349984.0,-0.05482962143953385,3.1131566232246803,3762733.69542624,-1.5245514408025793,1.4829,-0.5077840110772065,-0.15608740894901274,8010.3362022,-0.6718002326932314,40.562007901534216,AKEUSDT_15m_limit500_20260717_211231_enriched_candles.csv,-17.571657831458097,15m,1783887300000
2.3591,39.52455537169811,0.07615044333750712,0.000192,1783889099999,0.00034419,2.2321,265.0,-0.7649847969588551,19580264172.0,-0.031071700469820218,3.0932626922292883,3754907.26026444,-1.5297583691694043,1.4823,-0.7880086421951338,0.052110474205324664,10474.0071735,-0.6077646845091654,41.1790987329402,AKEUSDT_15m_limit500_20260717_211231_enriched_candles.csv,51.22692742921865,15m,1783888200000
2.3557,42.013517282258064,0.20718317669672376,0.0001911,1783889999999,0.00034419,2.2321,186.0,-0.8580572379140555,19598202642.0,0.09161505607084841,3.105923513263932,3760895.0869998,-1.517105859304953,1.4833,0.32231853189507914,-0.46874999999999556,7814.5142145,-0.6777173915047298,37.414236853530795,AKEUSDT_15m_limit500_20260717_211231_enriched_candles.csv,2.608049630543028,15m,1783889100000
2.3647,57.58362613440367,1.0289292414374644,0.0001876,1783890899999,0.00034419,2.2342,1962.0,1.2956026133093526,19583528497.0,-0.07487495291303992,3.0931306488226924,3737124.74308251,-1.5552142105487248,1.4819,3.963324210977626,-1.831501831501836,112979.0744757,2.086122092362093,27.054961976425744,AKEUSDT_15m_limit500_20260717_211231_enriched_candles.csv,-39.88123095696907,15m,1783890000000
2.3647,61.468965896186624,1.7520630754464739,0.000194,1783893599999,0.00034419,2.2342,6923.0,3.236879665920398,19583528497.0,-0.06922709719004994,0.6012801793825393,3737124.74308251,-0.3550211130631492,1.4819,1.567381729553402,1.5175300889586518,425549.6508993,4.929881785203269,43.096162150336156,AKEUSDT_1h_limit500_20260717_211343_enriched_candles.csv,-3.7133873779723428,1h,1783890000000
2.4892,78.70115911157895,2.139347395489576,0.0001885,1783891799999,0.00034419,2.367,1805.0,1.0971780445389436,19443878355.0,-0.7131000014700795,2.9806341897251274,3636977.44630275,-1.7241490948061131,1.4732,0.35051991564101403,0.47974413646054703,142055.5921964,2.841535550032536,32.24969096022434,AKEUSDT_15m_limit500_20260717_211231_enriched_candles.csv,-11.23619954583139,15m,1783890900000
2.4518,56.86201467393024,0.9862222111872481,0.0001944,1783892699999,0.00034419,2.3267,2781.0,2.2627267549019607,19475303361.0,0.16161902181370813,3.0002350880341426,3672652.70781738,-1.6607544084188435,1.4792,7.427036513187791,3.129973474801062,158133.2628082,3.2532261325045977,54.916102823695425,AKEUSDT_15m_limit500_20260717_211231_enriched_candles.csv,27.791373451456476,15m,1783891800000
2.2982,33.017923784,-0.26851359073892833,0.000194,1783893599999,0.00034419,2.1506,375.0,-0.6300046862745098,19660923352.0,0.9531044911562647,3.1250143304631934,3822083.4996288,-1.3844345943590932,1.488,-0.38349583552397587,-0.2057613168724326,12381.721419,-0.5570776121786565,53.6066706909259,AKEUSDT_15m_limit500_20260717_211231_enriched_candles.csv,10.252070333710682,15m,1783892700000
2.3278,29.11045676232558,-0.4735142801570646,0.0001931,1783894499999,0.00034419,2.1726,430.0,-0.5638782401960785,19644589044.0,-0.08308006550638014,3.0946045328207843,3813014.7334404,-1.380384712046922,1.4881,0.30813084520777545,-0.46391752577319423,12517.4964078,-0.5534985697707004,50.678641190609426,AKEUSDT_15m_limit500_20260717_211231_enriched_candles.csv,-11.469661692935388,15m,1783893600000
2.3278,33.97167985713664,-0.12583271388116354,0.0001937,1783897199999,0.00034419,2.1726,2298.0,0.1316159244041708,19644589044.0,0.3117954305801085,0.6102503678818247,3813014.7334404,-0.06364244217480372,1.4881,-0.6935905243155701,-0.1546391752577314,78066.9203117,0.06697863523363587,42.521892462285216,AKEUSDT_1h_limit500_20260717_211343_enriched_candles.csv,0.1429023735720213,1h,1783893600000
2.3311,21.944311847555554,-0.851479209837407,0.0001933,1783895399999,0.00034419,2.1666,225.0,-0.8109576850940018,19622269489.0,-0.11361680791595052,3.076171803831548,3789060.2383259,-1.4156878752266284,1.4883,-0.6570386931506528,0.10357327809424888,4937.4701657,-0.7523273927675227,51.31503166987676,AKEUSDT_15m_limit500_20260717_211231_enriched_candles.csv,1.8850207652202584,15m,1783894500000
2.3245,38.286834974941456,0.010210031723797613,0.000192,1783896299999,0.00034419,2.1596,427.0,-0.5665228655575539,19619408271.0,-0.014581483561848518,3.0738193377056287,3792431.6187843,-1.4059055631386328,1.4881,0.8688529479917735,-0.6725297465080216,16348.4785343,-0.45250946240006334,47.064168991201235,AKEUSDT_15m_limit500_20260717_211231_enriched_candles.csv,-38.315465882392644,15m,1783895400000
2.3344,36.400884213733555,-0.08968387872135264,0.0001937,1783897199999,0.00034419,2.1766,1216.0,0.39350303719567176,19587886958.0,-0.16066393320635086,3.0461465514052426,3763028.96350138,-1.4494226599925069,1.4882,1.4320061156294481,0.8854166666666607,44263.4752039,0.2838110308802212,52.59450378919328,AKEUSDT_15m_limit500_20260717_211231_enriched_candles.csv,17.436943923056358,15m,1783896300000
2.2637,41.140419478333335,0.16087515194934274,0.0001927,1783898099999,0.00034419,2.125,420.0,-0.5750146429856116,19577286327.0,-0.0541182978170629,3.0343522402508913,3789575.31431739,-1.397854756184756,1.4832,0.4429348958120565,-0.516262261228706,17278.9761809,-0.4286899799821315,49.32977869431818,AKEUSDT_15m_limit500_20260717_211231_enriched_candles.csv,-3.2653952398157284,15m,1783897200000
2.2637,31.091624248140498,-0.3130570474898613,0.0001928,1783900799999,0.00034419,2.125,968.0,-0.7594701054067461,19577286327.0,-0.34260180678381547,0.6005052434998432,3789575.31431739,-0.1535948950362346,1.4832,-0.1816678190977197,-0.4646360351058365,30096.6922722,-0.6034932742862521,40.76683929992362,AKEUSDT_1h_limit500_20260717_211343_enriched_candles.csv,-13.58316396840765,1h,1783897200000
2.3156,16.6806657052356,-1.1305260366264285,0.0001925,1783898999999,0.00034419,2.1676,191.0,-0.853299476330027,19555962153.0,-0.10892303276267556,3.0017784447159324,3768433.9068831,-1.4290447072333448,1.4811,-0.6574858324113492,-0.10378827192527584,3186.0071497,-0.7998813653795384,48.678956737113786,AKEUSDT_15m_limit500_20260717_211231_enriched_candles.csv,-20.823636499449506,15m,1783898100000
2.3014,22.484555233333335,-0.8239874475138241,0.0001921,1783899899999,0.00034419,2.1506,159.0,-0.8928146419529838,19555579666.0,-0.0019558587657675375,2.9897069786753803,3763275.75092504,-1.4293912136093736,1.481,-0.3797340136949769,-0.2077922077922012,3575.0442821,-0.7873473277983036,47.33390182700361,AKEUSDT_15m_limit500_20260717_211231_enriched_candles.csv,-17.32962351269334,15m,1783899000000
2.2884,30.589215452020202,-0.395582111759445,0.0001928,1783900799999,0.00034419,2.1476,198.0,-0.8426552161246613,19557109169.0,0.007821312516043122,2.99168783212477,3757507.38463997,-1.4024949614189648,1.4806,0.03989648859205668,0.3643935450286184,6056.6646595,-0.7220405365127072,49.94069343116226,AKEUSDT_15m_limit500_20260717_211231_enriched_candles.csv,-36.99844813077355,15m,1783899900000
2.3156,25.18564275419664,-0.6814010061589582,0.0001947,1783901699999,5e-05,2.1646,417.0,-0.5724048148648648,19547145106.0,-0.05094854722084152,2.9850149373624624,3769471.46224104,-1.3495876925812225,1.48,1.6964021815482317,0.985477178423233,10502.4130285,-0.6023694140000656,56.267947507135375,AKEUSDT_15m_limit500_20260717_211231_enriched_candles.csv,42.86672338331186,15m,1783900800000
2.3156,13.78792140773857,-1.4893692948962438,0.0001937,1783904399999,5e-05,2.1646,2494.0,0.2628969482373386,19547145106.0,-0.15396015819838516,0.5963212032375845,3769471.46224104,-0.22954147337348196,1.48,-0.17744514461114066,0.4668049792531104,34387.0759909,-0.5457724215732233,43.28764880384042,AKEUSDT_1h_limit500_20260717_211343_enriched_candles.csv,-3.295132412537363,1h,1783900800000
2.3156,28.264736129094256,-0.6789457205874144,0.0001899,1783915199999,5e-05,2.1646,8689.0,0.005154949385583696,19547145106.0,-0.2548841601658136,10.776269479727816,3769471.46224104,-0.05324290560622562,1.48,-0.0062277028914588094,-1.5041493775933557,245592.2922257,-0.27226278472689286,33.38511678021629,AKEUSDT_4h_limit500_20260717_211446_enriched_candles.csv,2.9284446125412202,4h,1783900800000
2.3156,36.84689693028736,-0.2629736106394511,0.0001888,1783987199999,5e-05,2.1646,38280.0,-0.7442293749140657,19547145106.0,-2.588479880906447,12.186322302749808,3769471.46224104,-0.015217662619831578,1.48,-0.6022002908859801,-2.0746887966804906,1410499.2144914,-0.5363196601189443,33.00242364978254,AKEUSDT_1d_limit500_20260717_212121_enriched_candles.csv,-6.528790483077675,1d,1783900800000
2.3135,7.797332885148515,-1.6036601859067994,0.0001943,1783902599999,5e-05,2.1496,505.0,-0.4667200980126468,19542565582.0,-0.023428096405719856,2.9864393426584632,3803569.53922466,-1.2694149932460848,1.4817,-0.38696323306039,-0.20544427324087344,3937.653107,-0.7789786517498045,54.70043049503235,AKEUSDT_15m_limit500_20260717_211231_enriched_candles.csv,9.340012012388787,15m,1783901700000
2.3113,11.632473054645477,-1.399565295006735,0.000194,1783903499999,5e-05,2.1516,818.0,-0.0855331204710145,19542185287.0,-0.001945982979589811,2.9766980556952767,3797046.6012641,-1.2526349177368168,1.4816,-0.5224611657906968,-0.15440041173443442,9515.3629587,-0.6287252266051677,53.49671391672877,AKEUSDT_15m_limit500_20260717_211231_enriched_candles.csv,-12.557767959943911,15m,1783902600000
2.3146,13.835075459814323,-1.2804382528060136,0.0001937,1783904399999,5e-05,2.1616,754.0,-0.16234312783832877,19543775025.0,0.00813490393551941,2.965216440439154,3792274.105851,-1.2590658306304334,1.481,-0.5213378608439888,-0.1546391752577314,10431.6468967,-0.6041314790983876,52.258278732270234,AKEUSDT_15m_limit500_20260717_211231_enriched_candles.csv,-46.09051809471224,15m,1783903500000
2.3212,23.285317798972603,-0.7772854194667338,0.0001937,1783905299999,5e-05,2.1746,292.0,-0.728547216302368,19541757698.0,-0.01032209487378255,2.946577338309633,3781330.114563,-1.2745992985702412,1.4794,-0.9363137450121646,0.0,6799.3127973,-0.7019529758417535,52.258278732270234,AKEUSDT_15m_limit500_20260717_211231_enriched_candles.csv,17.206444880202802,15m,1783904400000
2.3212,40.8508853615228,0.35081992121551314,0.0001914,1783907999999,5e-05,2.1746,2456.0,0.23620523983134922,19541757698.0,-0.027561098926642824,0.5957502291502873,3781330.114563,-0.182092027615057,1.4794,1.0254650292072287,-1.1874032008260205,100329.7744479,0.3826408155398407,38.74919597682517,AKEUSDT_1h_limit500_20260717_211343_enriched_candles.csv,2.476072845145323,1h,1783904400000
2.3234,44.427340136301375,0.35914823454105266,0.0001939,1783906199999,5e-05,2.1476,292.0,-0.7247242272933696,19536418929.0,-0.02731979938809248,2.9384234519781085,3785376.53168304,-1.2611781715552937,1.4812,-0.6587174554442158,0.10325245224573898,12972.7833198,-0.5346217825914893,53.09777302473422,AKEUSDT_15m_limit500_20260717_211231_enriched_candles.csv,-34.28083692273187,15m,1783905300000
2.3179,57.02927857413088,1.0263771607819812,0.0001901,1783907099999,5e-05,2.1447,978.0,0.11772911999999999,19554908532.0,0.09464172050770436,2.9480429593385327,3789741.2735016,-1.2474436154286244,1.4835,4.354696232465991,-1.9597730789066459,55774.6344455,0.6241135865613116,39.04829867477326,AKEUSDT_15m_limit500_20260717_211231_enriched_candles.csv,-3.435641263722538,15m,1783906200000
2.3784,27.721525598769578,-0.5408059259712643,0.0001914,1783907999999,5e-05,2.2103,894.0,0.012864927111716622,19529500904.0,-0.1299296693636931,2.9023995448227446,3713925.18691368,-1.3564379047631216,1.4742,0.9066829396894458,0.6838506049447579,24783.0438853,-0.21533675459518173,44.462274335635904,AKEUSDT_15m_limit500_20260717_211231_enriched_candles.csv,30.97970280581238,15m,1783907100000
2.3512,19.01940929243156,-1.005304281724218,0.0001907,1783908899999,5e-05,2.1736,621.0,-0.32434479781420766,19500100480.0,-0.15054365262339164,2.854759677282617,3731149.2258432,-1.3297249758274863,1.4787,0.04619946997282138,-0.36572622779519337,11811.0531706,-0.5667472539683497,42.28431800330802,AKEUSDT_15m_limit500_20260717_211231_enriched_candles.csv,23.49674518363903,15m,1783908000000
2.3512,23.563882991223217,-0.8245963695625608,0.0001922,1783911599999,5e-05,2.1736,1447.0,-0.4402639562189055,19500100480.0,-0.21317027180346448,0.5905585260040526,3731149.2258432,-0.37537183553539843,1.4787,-0.2581944569341859,0.4179728317659448,34096.9386883,-0.5536241836949058,41.06377994663731,AKEUSDT_1h_limit500_20260717_211343_enriched_candles.csv,15.698666348415468,1h,1783908000000
2.33,24.373488896750903,-0.7172938728640588,0.0001919,1783909799999,5e-05,2.1706,277.0,-0.7458122759799454,19491772347.0,-0.04270815429151531,2.8352063960601646,3709869.03080451,-1.3549098385805127,1.5108,0.7486397204904202,0.6292606187729533,6751.4564244,-0.7022517161400675,47.070843295020076,AKEUSDT_15m_limit500_20260717_211231_enriched_candles.csv,27.169515012651747,15m,1783908900000
2.3223,29.313673603353656,-0.44518147896039645,0.0001927,1783910699999,5e-05,2.1676,328.0,-0.6793951300000001,19489405797.0,-0.012141276626209674,2.820151364017515,3738652.71403851,-1.3075821835255739,1.5113,0.17833421045579154,0.4168837936425085,9614.8849419,-0.62337407401255,50.04522665840431,AKEUSDT_15m_limit500_20260717_211231_enriched_candles.csv,15.239813621840847,15m,1783909800000
2.3245,26.785267653393667,-0.580359592770982,0.0001922,1783911599999,5e-05,2.1756,221.0,-0.8111108489963504,19492908542.0,0.017972559227730223,2.8122475713309063,3753164.61067668,-1.2777076750262724,1.5121,-0.24354085292015296,-0.2594706798131785,5919.5441514,-0.7254825558073319,48.22130723250516,AKEUSDT_15m_limit500_20260717_211231_enriched_candles.csv,-12.198184872550119,15m,1783910700000
2.3167,30.372447539801982,-0.3888993681355885,0.0001912,1783912499999,5e-05,2.1656,505.0,-0.4590961254562044,19488850178.0,-0.02081969446097176,2.7966166382069315,3745757.0042116,-1.2794733456424974,1.5122,0.4551979022624908,-0.5202913631633721,15338.0860076,-0.4643984728908659,44.71154763676682,AKEUSDT_15m_limit500_20260717_211231_enriched_candles.csv,-23.688721206802843,15m,1783911600000
2.3167,33.4984743013089,-0.14836516071345038,0.0001899,1783915199999,5e-05,2.1656,2292.0,0.12722411452095808,19488850178.0,-0.0576935591257044,0.5898071719194008,3745757.0042116,-0.3158894817338185,1.5122,1.040933317816135,-1.196670135275757,76778.5030986,0.050535862192372466,36.7625797313774,AKEUSDT_1h_limit500_20260717_211343_enriched_candles.csv,0.6357651909065408,1h,1783911600000
2.3367,25.479527345498784,-0.6546811604499155,0.000191,1783913399999,5e-05,2.1766,411.0,-0.573902532021958,19479306038.0,-0.048972309360628685,2.7795635249879656,3721716.21162028,-1.3091456386244311,1.5106,-0.6581425813828226,-0.10460251046024993,10472.085739,-0.5986031148990405,44.02143924738279,AKEUSDT_15m_limit500_20260717_211231_enriched_candles.csv,-13.305265739096722,15m,1783912500000
2.3568,39.89077678153702,0.12803908339415754,0.00019,1783914299999,5e-05,2.1867,1067.0,0.23929507674632355,19472046699.0,-0.03726692822546562,2.7698323615095095,3718382.03764104,-1.3092223737067048,1.5097,0.46484009275337346,-0.5235602094240788,42563.4588259,0.28982088067240425,40.64356062634063,AKEUSDT_15m_limit500_20260717_211231_enriched_candles.csv,6.624289588007609,15m,1783913400000
2.3411,27.200234712297735,-0.5654249221071085,0.0001899,1783915199999,5e-05,2.1656,309.0,-0.7017168591743119,19461154948.0,-0.0559353167561949,2.753626779812276,3697619.44012,-1.3184528805261697,1.5088,-0.7985684262441878,-0.052631578947370805,8404.8725261,-0.656110335539973,40.31045483431647,AKEUSDT_15m_limit500_20260717_211231_enriched_candles.csv,32.0687730352846,15m,1783914300000
2.3445,24.462486224285716,-0.7139774264648396,0.0001894,1783916099999,5e-05,2.1626,420.0,-0.562901372242647,19472996157.0,0.06084535594952367,2.7782430758660266,3697921.9702143,-1.2983362586818332,1.5083,-0.2325709506715806,-0.263296471827279,10274.2442142,-0.604584957945833,38.60669735545341,AKEUSDT_15m_limit500_20260717_211231_enriched_candles.csv,0.6277902165383056,15m,1783915200000
2.3445,32.8317019202109,-0.1939050420740515,0.000192,1783918799999,5e-05,2.1626,1707.0,-0.26669789415876183,19472996157.0,-0.08134918609973285,0.589811883253515,3697921.9702143,-0.5056466894131134,1.5083,0.8792779271291308,1.1058451816745585,56043.7151778,-0.24410600712466338,42.6674225723805,AKEUSDT_1h_limit500_20260717_211343_enriched_candles.csv,30.951175660943992,1h,1783915200000
2.3445,37.95122393387906,0.06667870272415947,0.0001917,1783929599999,5e-05,2.1626,6780.0,-0.3817942577704722,19472996157.0,-0.37933390578474,10.252794463705623,3697921.9702143,-0.3663912744485046,1.5083,-0.3559122010054602,0.9478672985781866,257309.2982717,-0.20960004176942443,35.67523242202414,AKEUSDT_4h_limit500_20260717_211446_enriched_candles.csv,-14.340345071454541,4h,1783915200000
2.3434,42.474888691577696,0.2702890341106647,0.0001914,1783916999999,5e-05,2.1716,843.0,-0.03615564279112754,19471733783.0,-0.00648269013059366,2.7726053577883465,3687946.3785002,-1.2964260561936451,1.507,1.8985944145488294,1.055966209081305,35806.331167,0.1064863459903524,48.06282037762638,AKEUSDT_15m_limit500_20260717_211231_enriched_candles.csv,48.1432481429074,15m,1783916100000
2.3278,21.91013340678733,-0.8533476431645534,0.0001912,1783917899999,5e-05,2.1309,221.0,-0.8091383507393715,19500813142.0,0.14934139570759175,2.788814810419943,3731090.57845886,-1.223057720371282,1.5077,-0.6581052605548353,-0.10449320794146955,4842.1394829,-0.7562997639362656,47.278594164927085,AKEUSDT_15m_limit500_20260717_211231_enriched_candles.csv,-10.43474633236695,15m,1783917000000
2.3179,22.964126967264576,-0.793264306281206,0.000192,1783918799999,5e-05,2.1182,223.0,-0.8068779706976744,19495657211.0,-0.026439569275682473,2.786669968257532,3727569.6587432,-1.209584089079702,1.5066,0.18525119136198312,0.4184100418409997,5121.0003137,-0.7483006216577446,50.74088377759515,AKEUSDT_15m_limit500_20260717_211231_enriched_candles.csv,10.713183079334984,15m,1783917900000
2.3234,22.520714533928572,-0.8120646624286884,0.0001904,1783919699999,5e-05,2.1182,336.0,-0.6643850346441947,19495983795.0,0.0016751628142852582,2.7884722891329994,3743228.88864,-1.1718910596298624,1.5062,1.2966615892049336,-0.8333333333333415,7566.9600834,-0.6796452717754494,44.4531565313979,AKEUSDT_15m_limit500_20260717_211231_enriched_candles.csv,-33.52428662026421,15m,1783918800000
2.3234,44.05442870313049,0.5702376215056961,0.000188,1783922399999,5e-05,2.1182,2843.0,0.4986237912087912,19495983795.0,0.11804879852419514,0.5955638458828343,3743228.88864,-0.324876581481303,1.5062,2.4900940273109025,-2.083333333333337,125246.740803,0.738105423031046,35.8086351005898,AKEUSDT_1h_limit500_20260717_211343_enriched_candles.csv,-27.580511114723222,1h,1783918800000
2.3256,21.866377609329447,-0.8456703980137422,0.00019,1783920599999,5e-05,2.1407,343.0,-0.6561233624413145,19497646103.0,0.008526412503617742,2.788409725199427,3712351.8180112,-1.2097308037841392,1.5041,-0.37673250436714795,-0.21008403361343353,7500.16752,-0.6812037817348903,43.01796385553666,AKEUSDT_15m_limit500_20260717_211231_enriched_candles.csv,-11.030911288232137,15m,1783919700000
2.3256,56.32122087936607,1.0203706351927302,0.0001865,1783921499999,5e-05,2.1427,1609.0,0.9513989129001883,19488725475.0,-0.04575233314254579,2.7807282267587508,3699934.53142875,-1.2233779114650953,1.5036,4.003438732811731,-1.8421052631579005,90620.8443949,1.644790251234528,32.983448511823724,AKEUSDT_15m_limit500_20260717_211231_enriched_candles.csv,-40.090224291426495,15m,1783920600000
2.4188,35.24102487333334,-0.12050244192404803,0.000188,1783922399999,5e-05,2.2489,555.0,-0.38759410985915493,19379707028.0,-0.5593923888960739,2.695796832102854,3614315.360722,-1.3202678814366924,1.4953,1.2152225393917393,0.8042895442359255,19558.7688047,-0.3437166325910321,39.49718290482704,AKEUSDT_15m_limit500_20260717_211231_enriched_candles.csv,26.33353238401347,15m,1783921500000
2.3967,21.376591786786786,-0.8687625200079041,0.0001872,1783923299999,5e-05,2.23,333.0,-0.6694088479284369,19348684642.0,-0.1600766510823859,2.6715964356860873,3635811.33107822,-1.2785778355021977,1.4964,0.19727618021725624,-0.42553191489361764,7118.405065,-0.6915760265009446,37.40882264347043,AKEUSDT_15m_limit500_20260717_211231_enriched_candles.csv,-22.88811830631613,15m,1783922400000
2.3967,35.81114423839138,0.008734157073454202,0.0001899,1783925999999,5e-05,2.23,1206.0,-0.606533639849624,19348684642.0,-0.7555358813838176,0.57403978649858,3635811.33107822,-0.7634643083859424,1.4964,0.7176497867595528,1.0106382978723571,43188.2399515,-0.42625250098208495,40.68601239246362,AKEUSDT_1h_limit500_20260717_211343_enriched_candles.csv,-32.500427450766004,1h,1783922400000
2.3738,27.25120584364641,-0.5508537813363508,0.0001896,1783924199999,5e-05,2.2134,362.0,-0.6325723079096045,19353444790.0,0.024601920430633584,2.671400929615609,3624900.209167,-1.292432032747907,1.4961,2.47218880793881,1.2820512820512775,9864.9365154,-0.6145773798154358,46.54085148918892,AKEUSDT_15m_limit500_20260717_211231_enriched_candles.csv,42.44419602968141,15m,1783923300000
2.3795,67.2831161659375,1.6166048600698184,0.0001894,1783925099999,5e-05,2.202,320.0,-0.685921779661017,19344652271.0,-0.04543128675750241,2.661447864537652,3661942.6749003,-1.2450952626541427,1.4966,-0.6572457755200616,-0.10548523206751481,21530.5971731,-0.28732428188560283,45.93934216603932,AKEUSDT_15m_limit500_20260717_211231_enriched_candles.csv,-64.76883367881136,15m,1783924200000
2.3681,24.472781141361256,-0.7011151042008683,0.0001899,1783925999999,5e-05,2.1888,191.0,-0.8499460845900094,19396649466.0,0.2687936400797897,2.690874677895396,3673725.4088604,-1.2281402107220158,1.5041,-0.2355559250698822,0.2639915522703262,4674.301198,-0.7596951069255397,47.75719700541044,AKEUSDT_15m_limit500_20260717_211231_enriched_candles.csv,-56.67306892276136,15m,1783925100000
2.3727,34.241250367161406,-0.1723539644069104,0.000192,1783926899999,5e-05,2.1857,539.0,-0.4072390943396227,19384468198.0,-0.06280088744889945,2.678737867375346,3681110.5108002,-1.2168244360308873,1.506,2.0143384310042736,1.1058451816745585,18456.0339479,-0.36604355998654664,54.65404150932959,AKEUSDT_15m_limit500_20260717_211231_enriched_candles.csv,23.519903871838725,15m,1783926000000
2.3727,32.06113509707031,-0.24792588801266166,0.0001917,1783929599999,5e-05,2.1857,1024.0,-0.7321674449195171,19384468198.0,0.18494050971467058,0.5796184248298836,3681110.5108002,-0.5715339631043009,1.506,0.6088226111121092,0.9478672985781866,32830.6023394,-0.5729030858084099,44.953233462770534,AKEUSDT_1h_limit500_20260717_211343_enriched_candles.csv,-17.25577887799282,1h,1783926000000
2.3333,31.88028371818182,-0.2980987844479808,0.0001919,1783927799999,5e-05,2.1466,231.0,-0.7995863193116635,19402266188.0,0.0918157249309326,2.687105707618413,3722906.83615344,-1.159637302773111,1.51,-0.7991705607566925,-0.05208333333333037,7364.3455389,-0.6817378225886935,54.286521181867556,AKEUSDT_15m_limit500_20260717_211231_enriched_candles.csv,-66.68525747141324,15m,1783926900000
2.3411,30.46064256987179,-0.37351806872066967,0.0001913,1783928699999,5e-05,2.1476,156.0,-0.8928216921965317,19408700020.0,0.0331602089037375,2.6825829473735587,3724529.533838,-1.1536500081383145,1.5111,-0.1040149623447953,-0.3126628452319036,4751.8602409,-0.755115557262522,52.02596572019489,AKEUSDT_15m_limit500_20260717_211231_enriched_candles.csv,-77.53416755797078,15m,1783927800000
2.33,23.044516445918365,-0.7768637523373781,0.0001917,1783929599999,5e-05,2.1368,98.0,-0.9688839182832202,19400912956.0,-0.04012151247624329,2.6643358458143904,3711394.6484828,-1.16553174372988,1.511,-0.3793804844296286,0.2090956612650352,2258.3626117,-0.8261443487395562,53.418575200880035,AKEUSDT_15m_limit500_20260717_211231_enriched_candles.csv,-62.46868925260998,15m,1783928700000
2.3267,26.80353632191781,-0.5632273659735673,0.0001916,1783930499999,5e-05,2.1387,219.0,-0.8085988230994152,19392335936.0,-0.04420936282458765,2.6559337069746,3717510.7989312,-1.1531445371393516,1.5113,-0.7994009182040062,-0.05216484089723972,5869.9744545,-0.7229390849025034,53.00432842715701,AKEUSDT_15m_limit500_20260717_211231_enriched_candles.csv,-23.37477839700197,15m,1783929600000
2.3267,69.96890053756064,2.3501977998203745,0.0001891,1783933199999,5e-05,2.1387,1443.0,-0.44593524134036144,19392335936.0,0.04058784548348626,0.5809526464436019,3717510.7989312,-0.4254514438015,1.5113,1.2763702886567156,-1.3562858633281216,100965.1234757,0.4071413929086854,40.42879820100487,AKEUSDT_1h_limit500_20260717_211343_enriched_candles.csv,3.4981778116183437,1h,1783929600000
2.3267,52.51852735164238,1.1485329483442157,0.0001903,1783943999999,5e-05,2.1387,7550.0,-0.22828095338145898,19392335936.0,-0.4142157701346072,10.011244445032041,3717510.7989312,-0.2768135566232983,1.5113,-0.4895608274033649,-0.7303077725613005,396514.8815049,0.3821422940512167,34.676695649814135,AKEUSDT_4h_limit500_20260717_211446_enriched_candles.csv,-2.649256427055479,4h,1783929600000
2.3212,15.903589059444446,-1.158676768534987,0.000191,1783931399999,0.00011227,2.1387,180.0,-0.8599414327299413,19383008280.0,-0.04809970305167388,2.6435350227800574,3713784.386448,-1.1575450773681017,1.5114,-0.09761402926126697,-0.31315240083507057,2862.6460307,-0.8084966643155773,50.47514491068957,AKEUSDT_15m_limit500_20260717_211231_enriched_candles.csv,-31.994338834691337,15m,1783930500000
2.3223,20.154982389071037,-0.9143341476710285,0.000191,1783932299999,0.00011227,2.1476,183.0,-0.856032177799607,19376057066.0,-0.03586241051742878,2.6365113129989903,3700826.899606,-1.1735411140965681,1.5118,-0.941033482000605,0.0,3688.3617772,-0.7837884851667508,50.47514491068957,AKEUSDT_15m_limit500_20260717_211231_enriched_candles.csv,-14.88354210244362,15m,1783931400000
2.3289,102.83872382497096,3.568092895106724,0.0001891,1783933199999,0.00011227,2.1516,861.0,0.04651653448275862,19366941435.0,-0.04704585132542238,2.629133849638621,3698311.1364276,-1.1741198394496994,1.5116,1.7525810319595427,-0.9947643979057674,88544.1412133,1.6609199834558674,42.94868732750863,AKEUSDT_15m_limit500_20260717_211231_enriched_candles.csv,7.192883153000013,15m,1783932300000
2.3333,106.89290567598485,3.7712795417530356,0.0001889,1783934099999,0.00011227,2.1427,1320.0,0.65063746021611,19427347551.0,0.3119032305784364,2.670993985460746,3667106.12372676,-1.2105896016654103,1.4934,-0.653590214584851,-0.10576414595451222,141098.6354923,3.173915382937067,42.234775928336425,AKEUSDT_15m_limit500_20260717_211231_enriched_candles.csv,-12.606024092891143,15m,1783933200000
2.3333,75.57097083030652,2.7298420218588144,0.0001884,1783936799999,0.00011227,2.1427,2610.0,0.3471137966700303,19427347551.0,0.18054356687893236,0.5863255617233979,3667106.12372676,-0.6277344957348346,1.4934,-0.35786499295856367,-0.370174510840815,197240.2338671,1.774809684542286,39.28246325764724,AKEUSDT_1h_limit500_20260717_211343_enriched_candles.csv,-6.39201786395924,1h,1783933200000
2.3256,69.72841337233645,1.7616645284680577,0.0001882,1783934999999,0.00011227,2.1387,535.0,-0.39136244789628183,19366913073.0,-0.31107940927782574,2.626878363684672,3658409.8794897,-1.2208740627767751,1.5005,0.06228134661500418,-0.37056643726840477,37304.7011542,0.17909198329587384,39.7446256332719,AKEUSDT_15m_limit500_20260717_211231_enriched_candles.csv,-6.971232821435444,15m,1783934100000
2.33,40.70868553311037,0.19497551109616104,0.0001877,1783935899999,0.00011227,2.1536,299.0,-0.703699936023622,19303182900.0,-0.32906727447880035,2.5804776719244824,3632859.02178,-1.252258519026969,1.5036,-0.22369190931896582,-0.2656748140276277,12171.8969744,-0.5409327527631289,38.02026859519438,AKEUSDT_15m_limit500_20260717_211231_enriched_candles.csv,60.103102175333845,15m,1783935000000
2.3344,14.61622861008772,-1.228624526849078,0.0001884,1783936799999,0.00011227,2.1596,456.0,-0.49320396739130434,19262060511.0,-0.213034240068255,2.5493196522493666,3615488.7579147,-1.266228174416104,1.499,0.0688224135049014,0.3729355354288755,6665.0002462,-0.6980566523919111,41.82560764764999,AKEUSDT_15m_limit500_20260717_211231_enriched_candles.csv,6.96484440588976,15m,1783935900000
2.34,15.979903612672178,-1.1337561878322218,0.0001874,1783937699999,0.00011227,2.1496,363.0,-0.6168295924453281,19260098356.0,-0.010186630858521895,2.5457327589332555,3629950.73715532,-1.240666320752764,1.4991,0.4925911161859286,-0.5307855626326963,5800.7050114,-0.7227362747852492,38.21588197182068,AKEUSDT_15m_limit500_20260717_211231_enriched_candles.csv,-15.058350605372084,15m,1783936800000
2.34,26.233689408518693,-0.6456216537902163,0.0001903,1783940399999,0.00011227,2.1496,2113.0,0.007815246473551637,19260098356.0,-0.8608956758556108,0.5614531399351083,3629950.73715532,-0.7792857744516462,1.4991,0.7055260805922198,1.0084925690021285,55431.7857202,-0.2538839882914919,43.92969037978403,AKEUSDT_1h_limit500_20260717_211343_enriched_candles.csv,8.196524302020283,1h,1783936800000
2.34,38.11417397207101,0.05829295985123339,0.0001902,1783938599999,0.00011227,2.1556,845.0,0.03160619965104686,19261403157.0,0.00677463310874149,2.5296639310478137,3611513.0919375,-1.2627104397802074,1.498,3.0818835347727997,1.4941302027748016,32206.4770064,0.038120579320669416,50.97433799241562,AKEUSDT_15m_limit500_20260717_211231_enriched_candles.csv,18.328378358263095,15m,1783937700000
2.3091,20.361323033210333,-0.8983329110569979,0.000191,1783939499999,0.00011227,2.1182,542.0,-0.3768024249502982,19315642662.0,0.28159685230557674,2.550740436982723,3670744.73148648,-1.1887954208751148,1.501,0.18940301942180568,0.4206098843323014,11035.837084,-0.5719617138101879,53.903261991011185,AKEUSDT_15m_limit500_20260717_211231_enriched_candles.csv,-1.5260181671598225,15m,1783938600000
2.3212,17.599908039669423,-1.0432682462808869,0.0001903,1783940399999,0.00011227,2.1037,363.0,-0.6172725556387225,19316565808.0,0.004779266298071683,2.5407534915971888,3685987.08748256,-1.1690621883344716,1.5011,0.042349520118423065,-0.366492146596864,6388.7666184,-0.705523568127368,51.03045272200483,AKEUSDT_15m_limit500_20260717_211231_enriched_candles.csv,-4.970377163026277,15m,1783939500000
2.3256,25.916311597402597,-0.5951556609042941,0.0001898,1783941299999,0.00011227,2.1211,385.0,-0.5868060825,19318043113.0,0.007647865643845009,2.531220800381074,3673905.43923034,-1.1830613238953738,1.5005,-0.23754333291029367,-0.26274303730949855,9977.779965,-0.6016657453464359,49.02076545064706,AKEUSDT_15m_limit500_20260717_211231_enriched_candles.csv,-7.156554447029241,15m,1783940400000
2.3256,30.981024885765898,-0.321847507622223,0.0001903,1783943999999,0.00011227,2.1211,1384.0,-0.4878854429074447,19318043113.0,0.30085389975149646,0.5700664850305209,3673905.43923034,-0.599243430931503,1.5005,-0.9580905046069914,0.0,42877.7384419,-0.4341446424274489,43.92969037978403,AKEUSDT_1h_limit500_20260717_211343_enriched_candles.csv,-13.929102957220591,1h,1783940400000
2.3102,26.244025381153847,-0.5764592760402846,0.0001906,1783942199999,0.00011227,2.0998,260.0,-0.7561847047047048,19345474049.0,0.1419964529509654,2.5188697853670723,3671770.9745002,-1.1837335066664751,1.5009,0.1898849026542583,0.42149631190726566,6823.4465991,-0.6915613836332508,52.26030556143238,AKEUSDT_15m_limit500_20260717_211231_enriched_candles.csv,-48.085074656153466,15m,1783941300000
2.3234,37.16671895021739,0.014159499689953363,0.0001899,1783943099999,0.00011227,2.1162,460.0,-0.48563261999999996,19345455909.0,-9.37687024582523e-05,2.509799129359478,3684922.44154632,-1.1656058569368397,1.5003,0.04179167543525992,-0.3672612801678854,17096.6907171,-0.3934100667393584,49.30775067919459,AKEUSDT_15m_limit500_20260717_211231_enriched_candles.csv,-39.853840003580295,15m,1783942200000
2.3411,32.18573892724014,-0.25713511493029423,0.0001903,1783943999999,0.00011227,2.1289,279.0,-0.7306408525576731,19316608443.0,-0.1491175299031311,2.4676268191061395,3667064.94681912,-1.1867416449044303,1.5001,-0.37812318694109925,0.21063717746181432,8979.8211607,-0.628815909077989,51.01097354159396,AKEUSDT_15m_limit500_20260717_211231_enriched_candles.csv,53.85773270481254,15m,1783943100000
2.3311,31.038260354545454,-0.31801808196877834,0.00019,1783944899999,5.298e-05,2.123,286.0,-0.7205392510040161,19322590692.0,0.030969458316931764,2.4495912723165336,3674963.52371148,-1.1762168044309151,1.4987,-0.5187746992090827,-0.15764582238569913,8876.9424614,-0.6309879006550053,49.6632192289501,AKEUSDT_15m_limit500_20260717_211231_enriched_candles.csv,-31.81030271716616,15m,1783944000000
2.3311,34.33126997634147,-0.09267239427758461,0.0001908,1783947599999,5.298e-05,2.123,1230.0,-0.5934556457597173,19322590692.0,0.023540577963299114,0.5725768058595977,3674963.52371148,-0.594924584636111,1.4987,-0.5166370865424672,0.26274303730950965,42227.4620709,-0.4413037930614122,45.20957319366414,AKEUSDT_1h_limit500_20260717_211343_enriched_candles.csv,-12.690159134599844,1h,1783944000000
2.3311,34.75642654992309,-0.1995393732903972,0.0001901,1783958399999,5.298e-05,2.123,4551.0,-0.855521630952381,19322590692.0,-0.3596536499273606,9.788420013317205,3674963.52371148,-0.4638124175477109,1.4987,-0.9018274662594559,-0.10509721492378832,158176.4972287,-0.6111489422197585,34.52801463996845,AKEUSDT_4h_limit500_20260717_211446_enriched_candles.csv,-2.5193565838913714,4h,1783944000000
2.3333,41.092307997236176,0.22894381566686475,0.0001901,1783945799999,5.298e-05,2.125,398.0,-0.5669231800401204,19341210331.0,0.0963620215156169,2.451926964235122,3674829.96289,-1.1766042804674468,1.4966,-0.8000269861280651,0.052631578947370805,16354.7385829,-0.41347102362771015,50.1361486861717,AKEUSDT_15m_limit500_20260717_211231_enriched_candles.csv,-6.599985759653766,15m,1783944900000
2.3311,31.298022359285714,-0.3041881161819953,0.00019,1783946699999,5.298e-05,2.1319,280.0,-0.7288840846774193,19341842316.0,0.0032675566274509293,2.438719124258356,3673789.52950104,-1.1781090825793916,1.4963,-0.7998968440822077,-0.052603892688063425,8763.4462606,-0.6346261576921592,49.63395128401925,AKEUSDT_15m_limit500_20260717_211231_enriched_candles.csv,-25.411834360327656,15m,1783945800000
2.3311,30.948626939849625,-0.322697195876133,0.0001908,1783947599999,5.298e-05,2.1289,266.0,-0.74234586167002,19354031321.0,0.06301884174662042,2.4460167701601834,3677265.95099,-1.1692886796450361,1.4971,0.19292246391458648,0.42105263157894424,8232.334766,-0.6504274881910267,53.63512371536636,AKEUSDT_15m_limit500_20260717_211231_enriched_candles.csv,9.370525144166615,15m,1783946700000
2.3289,16.566756721656052,-1.1051837189259166,0.0001906,1783948499999,5.298e-05,2.1172,157.0,-0.8844212986947791,19355769801.0,0.008982521373268604,2.445788600172016,3686499.91629846,-1.1534691024732848,1.4969,-0.6594898202996591,-0.10482180293501786,2600.9808053,-0.8165191637493682,52.511987238234276,AKEUSDT_15m_limit500_20260717_211231_enriched_candles.csv,26.530358059309428,15m,1783947600000
2.3289,33.56187640972919,-0.14560869554141467,0.0001897,1783951199999,5.298e-05,2.1172,997.0,-0.7537610883991895,19355769801.0,0.17171149318884193,0.5793950605786328,3686499.91629846,-0.5476661296210661,1.4969,-0.0007309697135294906,-0.5765199161425594,33461.1907805,-0.5665359895900478,42.89003758427525,AKEUSDT_1h_limit500_20260717_211343_enriched_candles.csv,-16.736131171289784,1h,1783947600000
2.3378,27.954314848214285,-0.48446380167414943,0.0001895,1783949399999,5.298e-05,2.126,336.0,-0.6386342266800402,19359451152.0,0.019019398545494504,2.4379040731418353,3687975.444456,-1.1421780722323778,1.4966,0.61364738255795,-0.5771248688352548,9392.649789,-0.6145601213989449,46.71755695020366,AKEUSDT_15m_limit500_20260717_211231_enriched_candles.csv,-59.602708002126256,15m,1783948500000
2.3434,35.9144176542751,-0.05012192375917598,0.0001898,1783950299999,5.298e-05,2.1348,269.0,-0.728774639336016,19358910299.0,-0.002793741391493576,2.427297761459987,3669481.44717545,-1.155120775318973,1.496,-0.5158410329926265,0.15831134564643357,9660.978349,-0.6059210155197505,48.39017928539571,AKEUSDT_15m_limit500_20260717_211231_enriched_candles.csv,-18.105705950381903,15m,1783949400000
2.3344,50.24077377531915,0.736754173742304,0.0001897,1783951199999,5.298e-05,2.127,235.0,-0.7681311841046278,19379062799.0,0.10409935109334523,2.435104482674538,3678146.1192502,-1.1445777261259433,1.4973,-0.8004926647330722,-0.05268703898840821,11806.5818372,-0.5411059725711989,47.85095701696898,AKEUSDT_15m_limit500_20260717_211231_enriched_candles.csv,8.955205431843655,15m,1783950300000
2.3389,36.112939976545846,-0.03928860016280346,0.0001902,1783952099999,5.298e-05,2.1279,469.0,-0.4446736859879032,19410222364.0,0.1607898448092504,2.4501072378200948,3678819.44464892,-1.1436590575874412,1.4961,-0.22992773680838097,0.26357406431205543,16936.968849,-0.38484489711559927,50.80287957145738,AKEUSDT_15m_limit500_20260717_211231_enriched_candles.csv,43.567132076502986,15m,1783951200000
2.3389,31.111133723539666,-0.3094774776624101,0.0001903,1783954799999,5.298e-05,2.1279,1147.0,-0.6497630381873727,19410222364.0,0.28132470865191994,0.5876997623096467,3678819.44464892,-0.5867957358201754,1.4961,-0.4277959069368475,0.3162888771744754,35684.4703809,-0.5344672026869802,44.56086028855626,AKEUSDT_1h_limit500_20260717_211343_enriched_candles.csv,35.78861969417269,1h,1783951200000
2.3025,29.01705682636364,-0.4282468509845893,0.0001899,1783952999999,5.298e-05,2.1008,330.0,-0.6336939989919356,19421862098.0,0.05996703067960851,2.4508900112929064,3698310.98070116,-1.1190847370322847,1.4945,-0.5159664029460754,-0.1577287066245936,9575.6287527,-0.606400381839877,49.01028618939858,AKEUSDT_15m_limit500_20260717_211231_enriched_candles.csv,50.303001855014685,15m,1783952100000
2.3003,32.938367534871794,-0.21298844121684413,0.0001899,1783953899999,5.298e-05,2.1008,195.0,-0.8172748785282259,19424616610.0,0.014182532993500807,2.4468994860452455,3687374.9710763,-1.1311477611947618,1.4955,-0.94509962358435,0.0,6422.9816693,-0.7028574994933176,49.01028618939858,AKEUSDT_15m_limit500_20260717_211231_enriched_candles.csv,-7.754151681305969,15m,1783953000000
2.2927,17.96660856143791,-1.0318322577264398,0.0001903,1783954799999,5.298e-05,2.1017,153.0,-0.8737090007560484,19428055963.0,0.017706156415098206,2.4361671695810143,3689387.8273737,-1.1006955100068152,1.4952,-0.37132349772788226,0.21063717746181432,2748.8911099,-0.8126126131147541,51.648508784408946,AKEUSDT_15m_limit500_20260717_211231_enriched_candles.csv,39.04290113328799,15m,1783953900000
2.2916,28.699326943965517,-0.4405314233779465,0.0001896,1783955699999,5.298e-05,2.1095,232.0,-0.7656002605846773,19434842311.0,0.03493065910931126,2.427710763260163,3698450.4917833,-1.063584597789075,1.4942,0.07169620468420865,-0.3678402522333091,6658.243851,-0.6931526146021657,47.05969242889235,AKEUSDT_15m_limit500_20260717_211231_enriched_candles.csv,6.0588990134299605,15m,1783954800000
2.2916,39.764973658793544,0.29178055419164334,0.0001901,1783958399999,5.298e-05,2.1095,1177.0,-0.6301245454779034,19434842311.0,0.1268401079508541,0.5915457354716892,3698450.4917833,-0.5111327069490674,1.4942,-0.7761954732751184,-0.10509721492378832,46803.3739964,-0.37185323109063284,44.097735306249895,AKEUSDT_1h_limit500_20260717_211343_enriched_candles.csv,-12.386219156434965,1h,1783954800000
2.2755,39.446248067567566,0.15458268210781884,0.0001898,1783956599999,5.298e-05,2.0989,481.0,-0.4267457853178607,19432282358.0,-0.013171977209980312,2.4204601370324546,3687081.25460692,-1.0689803666681663,1.495,-0.6580018575493151,0.10548523206750371,18973.6453205,-0.319061102567271,48.468438861234134,AKEUSDT_15m_limit500_20260717_211231_enriched_candles.csv,-7.531259134248133,15m,1783955700000
2.2712,47.58714888991098,0.6029622237894032,0.0001901,1783957499999,5.298e-05,2.0921,337.0,-0.6227107388888888,19467575852.0,0.18162299903732304,2.4376051230239666,3693972.517917,-1.0536480536023145,1.4955,-0.5112703718847791,0.15806111696523573,16036.8691759,-0.4077982575366405,50.59225700546078,AKEUSDT_15m_limit500_20260717_211231_enriched_candles.csv,-30.4314376563848,15m,1783956600000
2.2819,40.43004448031496,0.20411964875148028,0.0001901,1783958399999,5.298e-05,2.0941,127.0,-0.9096015226117886,19467188335.0,-0.0019905765512140405,2.4362484745313133,3700712.5024835,-1.043280415023776,1.4981,-0.9557614259906024,0.0,5134.615649,-0.7394426358393755,50.59225700546078,AKEUSDT_15m_limit500_20260717_211231_enriched_candles.csv,2.115435744857624,15m,1783957500000
2.2798,25.153284585865727,-0.6522143511212031,0.0001897,1783959299999,5.298e-05,2.0941,283.0,-0.6937608857142857,19466936890.0,-0.0012916349072744637,2.43498047569286,3699691.3559445,-1.0416983524873102,1.498,-0.35646522314320067,-0.2104155707522426,7118.3795378,-0.6762677883657013,47.561128942750344,AKEUSDT_15m_limit500_20260717_211231_enriched_candles.csv,-32.586956192517285,15m,1783958400000
2.2798,33.34811747155512,-0.15696991128212154,0.0001901,1783961999999,5.298e-05,2.0941,1016.0,-0.7429516821595029,19466936890.0,0.1651393846495708,0.5984219604289438,3699691.3559445,-0.4955626020530097,1.498,-0.9483276321582307,0.0,33881.6873511,-0.5614323951561674,44.097735306249895,AKEUSDT_1h_limit500_20260717_211343_enriched_candles.csv,-0.5898500946220169,1h,1783958400000
2.2798,37.74636540597495,0.03547764898905795,0.0001902,1783972799999,5.298e-05,2.0941,5908.0,-0.54908861568,19466936890.0,0.7470333574874255,9.262679888339186,3699691.3559445,-0.3545719609402603,1.498,-0.9168733214252408,0.05260389268804122,223005.5268185,-0.33948703577560435,34.67882336981249,AKEUSDT_4h_limit500_20260717_211446_enriched_candles.csv,-11.0515187094706,4h,1783958400000
2.2841,36.1402184481203,-0.03345157550380649,0.00019,1783960199999,0.00031011,2.1037,266.0,-0.7150140832484725,19466908237.0,-0.00014718802532343034,2.4147563232041573,3692872.4925589,-1.0491147577295217,1.4983,-0.5040874053227465,0.1581444385872377,9613.2981072,-0.5988112336538485,49.981579155875295,AKEUSDT_15m_limit500_20260717_211231_enriched_candles.csv,-2.9236460730318736,15m,1783959300000
2.3003,39.511151859375,0.15704874826879592,0.0001901,1783961099999,0.00031011,2.0883,352.0,-0.5961884959266802,19492758163.0,0.132789067916117,2.4128659750712593,3701479.84757207,-1.0391555719542107,1.5001,-0.8083054824123487,0.052631578947370805,13907.9254545,-0.46600918678640973,50.79684491316335,AKEUSDT_15m_limit500_20260717_211231_enriched_candles.csv,27.694742243917737,15m,1783960200000
2.283,28.19203697043478,-0.4774778800520308,0.0001901,1783961999999,0.00031011,2.0969,115.0,-0.9210700150203666,19489687979.0,-0.015750382651480432,2.4094344633180333,3706353.96296643,-1.0331567164207753,1.4955,-0.9594198935459074,0.0,3242.0842516,-0.7975842902456848,50.79684491316335,AKEUSDT_15m_limit500_20260717_211231_enriched_candles.csv,-44.75186713867693,15m,1783961100000
2.2873,33.7458257826087,-0.16328799420746548,0.0001902,1783962899999,0.00031011,2.0979,368.0,-0.5728354903258657,19492328878.0,0.013550237452975011,2.4083746065526563,3705491.7197078,-1.033618974223253,1.4961,-0.8080916647414914,0.05260389268804122,12418.463888,-0.5119719078794824,51.709693100378225,AKEUSDT_15m_limit500_20260717_211231_enriched_candles.csv,31.150503414017738,15m,1783962000000
2.2873,43.06935718732639,0.5288491202732803,0.0001905,1783965599999,0.00031011,2.0979,2304.0,0.16229909609374998,19492328878.0,0.13043648388793017,0.6043536985732888,3705491.7197078,-0.46568737534050997,1.4961,-0.6009909176025628,0.2104155707522315,99231.7989596,0.4023292859457512,45.41365095737461,AKEUSDT_1h_limit500_20260717_211343_enriched_candles.csv,2.509422888134687,1h,1783962000000
2.2723,41.219812141379315,0.25469978217735484,0.000188,1783963799999,0.00031011,2.0694,348.0,-0.5988588911824669,19489270503.0,-0.015690146719471443,2.400145276639769,3703935.85909515,-1.0303102047767225,1.4987,2.377963583867324,-1.1566771819137789,14344.4946252,-0.45314870146477915,35.92061600744387,AKEUSDT_15m_limit500_20260717_211231_enriched_candles.csv,-60.23684252647226,15m,1783962900000
2.2755,21.20633821651917,-0.8665684005895523,0.0001882,1783964699999,0.00031011,2.0912,339.0,-0.609793794387755,19481810186.0,-0.03827909822921027,2.389187089958954,3666671.49510706,-1.0668784675164649,1.4991,-0.6524151633872439,0.10638297872340718,7188.9486554,-0.67594112945786,37.78057253532406,AKEUSDT_15m_limit500_20260717_211231_enriched_candles.csv,-10.785124526068254,15m,1783963800000
2.2755,52.26572601361089,0.870327862063465,0.0001905,1783965599999,0.00031011,2.0941,1249.0,0.649585513076923,19477900367.0,-0.020069074499096118,2.380206951423346,3665740.8490694,-1.0515021668395832,1.4985,2.5667757202001944,1.222104144527103,65279.891791,1.1342310870115775,54.23270602145332,AKEUSDT_15m_limit500_20260717_211231_enriched_candles.csv,12.312733585609493,15m,1783964700000
2.2175,31.796344768852457,-0.2718855268412686,0.0001906,1783966499999,0.00031011,2.0479,305.0,-0.6565951239795919,19562329725.0,0.4334623157999262,2.4291737191862905,3725254.44953175,-0.9710629896598325,1.5019,-0.8075971007666246,0.05249343832021136,9697.8851545,-0.5964755098676771,54.79241766734785,AKEUSDT_15m_limit500_20260717_211231_enriched_candles.csv,10.408783779333625,15m,1783965600000
2.2175,33.45388752515106,-0.15057843237221366,0.0001888,1783969199999,0.00031011,2.0479,1324.0,-0.5277856096582082,19562329725.0,0.3591199770849762,0.6163900686121437,3725254.44953175,-0.37962110996771053,1.5019,0.5258771884504295,-0.8923884514435598,44292.9470833,-0.40959917973969157,40.996712980169384,AKEUSDT_1h_limit500_20260717_211343_enriched_candles.csv,-36.12678929357846,1h,1783965600000
2.2113,23.72811757852564,-0.7201745887657911,0.0001905,1783967399999,0.00031011,2.0404,312.0,-0.6481479098150051,19566686035.0,0.022268871147956837,2.413094893788874,3729410.358271,-0.965261492486631,1.5023,-0.8070497807951444,-0.05246589716684236,7403.1726845,-0.6673533680302282,54.080168698510654,AKEUSDT_15m_limit500_20260717_211231_enriched_candles.csv,-16.003556893661973,15m,1783966500000
2.2258,36.32870067557604,-0.016317698004990853,0.0001908,1783968299999,0.00031011,2.0534,217.0,-0.7820171014492754,19570928957.0,0.0216844180583875,2.3971883454376766,3728261.9663085,-0.9652085638930332,1.5018,-0.5034928152881938,0.15748031496063408,7883.3280466,-0.6528217747434765,55.930933186264085,AKEUSDT_15m_limit500_20260717_211231_enriched_candles.csv,-54.49992354501848,15m,1783967400000
2.23,39.40522693408163,0.1613198579219283,0.0001888,1783969199999,0.00031011,2.0562,490.0,-0.39684116268191266,19570812210.0,-0.0005965327463886005,2.3926810549183983,3734110.969668,-0.951492487574844,1.5014,2.0622499588859786,-1.0482180293501009,19308.5611977,-0.2964392649321008,43.37870376281268,AKEUSDT_15m_limit500_20260717_211231_enriched_candles.csv,-59.71378567696394,15m,1783968300000
2.2342,49.41144640214286,0.7131202629600842,0.0001901,1783970099999,0.00031011,2.0788,280.0,-0.6914580455974842,19580396467.0,0.048972198481900264,2.3916631274177416,3694429.20539356,-0.9865415372775498,1.5007,1.0233206991168806,0.6885593220339103,13835.2049926,-0.4684909942789641,51.06606032371854,AKEUSDT_15m_limit500_20260717_211231_enriched_candles.csv,-6.095457199593814,15m,1783969200000
2.2342,36.07523213963608,0.0374681850494347,0.0001902,1783972799999,0.00031011,2.0788,1264.0,-0.569584768006263,19580396467.0,0.09235475658562198,0.6205710797607441,3694429.20539356,-0.5083767137329224,1.5007,0.27535555705070114,0.741525423728806,45599.0934245,-0.3907040260809342,45.68206208084088,AKEUSDT_1h_limit500_20260717_211343_enriched_candles.csv,-23.978924456917312,1h,1783969200000
2.2415,35.412950104040405,-0.06893729915073626,0.0001895,1783970999999,0.00031011,2.0807,297.0,-0.6667207581151833,19595319776.0,0.07621556093182491,2.3903395084459387,3724286.47662656,-0.9535175377726258,1.5025,-0.04888884297639099,-0.31562335612835835,10517.6461809,-0.5706242658405964,47.837852576819294,AKEUSDT_15m_limit500_20260717_211231_enriched_candles.csv,-45.7516642158829,15m,1783970100000
2.2394,17.6528117651341,-1.0577816947914038,0.0001889,1783971899999,0.00031011,2.0779,261.0,-0.7183245136268344,19602245163.0,0.035342046361908075,2.3841551533106435,3712665.2338722,-0.9647086833653513,1.5024,-0.045970059422481044,-0.31662269129286713,4607.3838707,-0.7566671109481836,44.78867958705143,AKEUSDT_15m_limit500_20260717_211231_enriched_candles.csv,-39.761697160728836,15m,1783971000000
2.252,39.05835300539906,0.1419805409998808,0.0001902,1783972799999,0.00031011,2.1056,426.0,-0.48167749685863875,19602334807.0,0.0004573149618991579,2.3537616795414524,3701704.90495388,-0.9721795980119746,1.5014,1.024805953357279,0.6881948120698755,16638.8583803,-0.37150068333029934,51.93691456630084,AKEUSDT_15m_limit500_20260717_211231_enriched_candles.csv,-20.715850221918004,15m,1783971900000
2.251,24.55060145318352,-0.6731521475094786,0.0001901,1783973699999,0.00027839,2.0864,267.0,-0.7101393139534884,19654544958.0,0.26634659347495315,2.355082929664874,3737901.36011244,-0.9297837139413364,1.5046,-0.8050844128472765,-0.0525762355415238,6555.010588,-0.6937922690403082,51.38578336394346,AKEUSDT_15m_limit500_20260717_211231_enriched_candles.csv,27.679575000558327,15m,1783972800000
2.251,21.15055124387755,-1.0092879356483133,0.0001902,1783976399999,0.00027839,2.0864,686.0,-0.9770415490861619,19654544958.0,0.37868738319455364,0.634635297292649,3737901.36011244,-0.32252059967586955,1.5046,-0.9485689080782425,0.0,14509.2781533,-0.8529714502485923,45.68206208084088,AKEUSDT_1h_limit500_20260717_211343_enriched_candles.csv,-5.133658029228624,1h,1783972800000
2.251,27.051378267784255,-0.770791815301842,0.0001888,1783987199999,0.00027839,2.0864,4802.0,-0.7891164001865671,19654544958.0,0.9637266975287329,8.840820645701179,3737901.36011244,-0.18375402169855298,1.5046,-0.4768102878374309,-0.7360672975814775,129900.7184419,-0.7230589472654309,33.5149071736586,AKEUSDT_4h_limit500_20260717_211446_enriched_candles.csv,-17.895442178248793,4h,1783972800000
2.2658,19.79235735609756,-0.9350606066221068,0.0001903,1783974599999,0.00027839,2.1037,205.0,-0.7943517560462672,19666502272.0,0.06083739931681542,2.3505818284388904,3734078.78638464,-0.9297850859382985,1.5038,-0.6524097158962193,0.10520778537610465,4057.433258,-0.7733392247247814,52.47206509859485,AKEUSDT_15m_limit500_20260717_211231_enriched_candles.csv,-19.02942829380239,15m,1783973700000
2.2776,25.033269059550562,-0.6362327617263818,0.0001901,1783975499999,0.00027839,2.1095,89.0,-0.9538809016736401,19674098732.0,0.03862639067657714,2.347944144122923,3741423.35586444,-0.9169650567494894,1.5032,-0.6540759879114932,-0.10509721492378832,2227.9609463,-0.8314327211955191,51.23905958434638,AKEUSDT_15m_limit500_20260717_211231_enriched_candles.csv,-55.406450465392524,15m,1783974600000
2.2787,13.350986888,-1.2932049084457793,0.0001902,1783976399999,0.00027839,2.1114,125.0,-0.9021388505747127,19678177987.0,0.0207341391113669,2.334586804385363,3740821.6353287,-0.9159466895463968,1.5031,-0.8068397713059283,0.05260389268804122,1668.873361,-0.8495201794140669,51.848320043754185,AKEUSDT_15m_limit500_20260717_211231_enriched_candles.csv,-33.119071663341145,15m,1783975500000
2.268,13.049308463725492,-1.3084165189508972,0.0001888,1783977299999,0.00027839,2.1095,408.0,-0.5026990412317328,19677444033.0,-0.003729786367845378,2.318562173549328,3742649.8550766,-0.9124889263671561,1.5029,1.1637965768460514,-0.7360672975814775,5324.1178532,-0.7297846820131546,43.6292706139683,AKEUSDT_15m_limit500_20260717_211231_enriched_candles.csv,-17.337701385501717,15m,1783976400000
2.268,17.79079377305936,-1.2476162948311755,0.0001871,1783979999999,0.00027839,2.1095,1533.0,-0.3801925521920668,19677444033.0,0.11650778508958126,0.6409162790672291,3742649.8550766,-0.30187897473011316,1.5029,1.7416131778646746,-1.629863301787593,27273.2868541,-0.6623831949432814,37.94430078366202,AKEUSDT_1h_limit500_20260717_211343_enriched_candles.csv,-6.378996224426316,1h,1783976400000
2.2787,17.537400968157893,-1.0539688402083043,0.0001878,1783978199999,0.00027839,2.1124,380.0,-0.542278446802935,19680128505.0,0.01364238157912645,2.2827414096338363,3715608.261744,-0.9383955428651124,1.5028,0.5667823425800406,-0.5296610169491456,6664.2123679,-0.6801136379824406,38.887373155422516,AKEUSDT_15m_limit500_20260717_211231_enriched_candles.csv,-19.217434406334295,15m,1783977300000
2.2906,22.838181736821706,-0.7520481627584522,0.0001866,1783979099999,0.00027839,2.1211,516.0,-0.3485808371848739,19695635391.0,0.0787946379316562,2.2583897020583743,3695492.06841333,-0.9569893749728011,1.5025,0.8818770866298017,-0.6389776357827448,11784.5017762,-0.5086741395762789,34.098093158111865,AKEUSDT_15m_limit500_20260717_211231_enriched_candles.csv,0.5573083499604429,15m,1783978200000
2.3234,15.285829068995634,-1.170932852710068,0.0001871,1783979999999,0.00027839,2.1576,229.0,-0.7553434108832808,19704998081.0,0.04753687715135513,2.25445637009751,3676952.6419146,-0.9722344117815688,1.5019,-0.18539123850521996,0.2679528403001008,3500.4548568,-0.7849741020818346,37.54931042361141,AKEUSDT_15m_limit500_20260717_211231_enriched_candles.csv,11.379445257698375,15m,1783979100000
2.3234,24.426024136141905,-0.6577040730571495,0.000187,1783980899999,0.00027839,2.1606,451.0,-0.43926853466386556,19708188087.0,0.016188816598150524,2.240946840735606,3687401.9910777,-0.9575020741283488,1.5015,-0.8026706151711809,-0.05344735435596215,11016.1368854,-0.5327804184787267,37.13049779346219,AKEUSDT_15m_limit500_20260717_211231_enriched_candles.csv,18.679383460886278,15m,1783980000000
2.3234,40.00813395786886,0.31507262524281876,0.0001887,1783983599999,0.00027839,2.1606,1830.0,-0.15885112134502924,19708188087.0,0.15624007847991894,0.6457150090697705,3687401.9910777,-0.5457233092197067,1.5015,0.4613491734072168,0.85515766969535,73214.8851429,0.0208276330279221,43.28401573583239,AKEUSDT_1h_limit500_20260717_211343_enriched_candles.csv,-23.373573083532364,1h,1783980000000
2.3546,51.19963850965854,0.8448808580327444,0.0001883,1783981799999,0.00027839,2.1817,1025.0,0.3777996384493671,19703284411.0,-0.024881414660515855,2.2102326395169043,3685302.31623344,-0.9584518080357105,1.4999,1.0422286598104569,0.6951871657754127,52479.6294724,0.8650275805649669,45.62173861363512,AKEUSDT_15m_limit500_20260717_211231_enriched_candles.csv,-32.351924205808544,15m,1783980900000
2.3389,28.089423864473684,-0.45238985224409123,0.0001883,1783982699999,0.00027839,2.1807,152.0,-0.8647668584210526,19771382333.0,0.34561710920633093,2.2052959107641623,3720183.29977728,-0.9213815599123975,1.5048,-0.9542239842231062,0.0,4269.5924274,-0.7595027775924795,45.62173861363511,AKEUSDT_15m_limit500_20260717_211231_enriched_candles.csv,-55.73947515288308,15m,1783981800000
2.3445,26.97785325594059,-0.5149924162997022,0.0001887,1783983599999,0.00027839,2.1878,202.0,-0.7933080920358649,19761895209.0,-0.04798412088853343,2.1560976551244733,3720176.77309425,-0.9212359899839935,1.5054,-0.34425719092766116,0.21242697822623224,5449.5263577,-0.7199015948181664,48.12208212985453,AKEUSDT_15m_limit500_20260717_211231_enriched_candles.csv,3.437678983519353,15m,1783982700000
2.3602,18.357204459246574,-1.0001302196155688,0.0001889,1783984499999,0.00027839,2.201,292.0,-0.6631059567510549,19756481203.0,-0.02739618818307088,2.1256563415452776,3726072.3548858,-0.9150066020966942,1.5064,-0.6499705229940467,0.10598834128245915,5360.3037021,-0.7229675989940835,49.3754828593304,AKEUSDT_15m_limit500_20260717_211231_enriched_candles.csv,10.979337843664235,15m,1783983600000
2.3602,19.791856960956174,-1.1069756476058668,0.0001888,1783987199999,0.00027839,2.201,753.0,-0.9392839811886586,19756481203.0,0.2450408722852293,0.6532460076995009,3726072.3548858,-0.38301943651408255,1.5064,-0.8620951826620213,0.05299417064124068,14903.2682916,-0.8484623477782168,43.61060248186449,AKEUSDT_1h_limit500_20260717_211343_enriched_candles.csv,-24.48291568002277,1h,1783983600000
2.3727,23.541809859722225,-0.7079681987745827,0.0001887,1783985399999,0.00027839,2.198,216.0,-0.7721695552325581,19759994997.0,0.017785525488545062,2.0696812618173803,3732663.0549333,-0.9030146804551449,1.507,-0.6504240209909811,-0.10587612493383469,5085.0309297,-0.7319400560828415,48.12335694458322,AKEUSDT_15m_limit500_20260717_211231_enriched_candles.csv,-63.76200955952272,15m,1783984500000
2.375,18.581932991566266,-0.9864900151960951,0.0001881,1783986299999,0.00027839,2.2082,166.0,-0.8427556918604651,19768977248.0,0.04545674733906768,2.0525990458180816,3729417.5578352,-0.9011764773412854,1.5068,-0.04002152467607232,-0.31796502384738856,3084.6008766,-0.7995632784703148,44.479180757051076,AKEUSDT_15m_limit500_20260717_211231_enriched_candles.csv,-56.06510796645476,15m,1783985400000
2.3841,17.383959281012658,-1.0502869587333874,0.0001888,1783987199999,0.00027839,2.2175,79.0,-0.9671255145502645,19776721225.0,0.039172370441087345,2.0455618782733476,3720001.2624225,-0.908204841080293,1.5064,0.1166792324563674,0.3721424774056459,1373.3327832,-0.857029056288057,49.30265678947057,AKEUSDT_15m_limit500_20260717_211231_enriched_candles.csv,53.477370232779585,15m,1783986300000
2.3979,18.003732110526315,-1.0120004859916525,0.0001896,1783988099999,0.00048454,2.231,361.0,-0.5644564645127119,19776784331.0,0.00031909232720561675,2.034661929526115,3732076.97110301,-0.8933364324644579,1.5063,0.2658599081475929,0.4237288135593209,6499.3472919,-0.6823291212419261,54.19985561412542,AKEUSDT_15m_limit500_20260717_211231_enriched_candles.csv,59.97371071642642,15m,1783987200000
2.3979,17.092105793186583,-1.297275932318199,0.0001903,1783990799999,0.00048454,2.231,954.0,-0.7902218710382514,19776784331.0,0.10276692388377917,0.6577462770768931,3732076.97110301,-0.35689069819893743,1.5063,0.36134462513103194,0.7944915254237239,16305.8689267,-0.8262602423751517,48.4094725643228,AKEUSDT_1h_limit500_20260717_211343_enriched_candles.csv,31.2404147365542,1h,1783987200000
2.3979,49.90855638036519,0.9518764243074458,0.0001969,1784001599999,0.00048454,2.231,13308.0,1.2397820374012292,19776784331.0,0.6219394713091297,8.743575160036512,3732076.97110301,-0.200134033392204,1.5063,1.8254011004055846,4.290254237288127,664183.0683099,1.5873745968118333,45.01372785897923,AKEUSDT_4h_limit500_20260717_211446_enriched_candles.csv,26.772338890688573,4h,1783987200000
2.3979,48.396269879766805,0.46400985913107134,0.0001898,1784073599999,0.00048454,2.231,69554.0,0.3600927927277584,19776784331.0,1.174796747835627,10.101434576167005,3732076.97110301,-0.12616243586186376,1.5063,-0.9454077530985001,0.5296610169491567,3366154.1552173,0.4207558843582703,33.23653230250467,AKEUSDT_1d_limit500_20260717_212121_enriched_candles.csv,15.778007983636577,1d,1783987200000
2.4176,10.47367994880546,-1.4315670057247412,0.0001894,1783988999999,0.00048454,2.2352,293.0,-0.6608998186638388,19781429388.0,0.023487423042367617,2.016683180999582,3747591.7975566,-0.8754675769577097,1.5054,-0.6555518435837194,-0.10548523206751481,3068.788225,-0.7998426461366028,52.826018924411436,AKEUSDT_15m_limit500_20260717_211231_enriched_candles.csv,4.72710106934799,15m,1783988100000
2.4083,15.948262897037036,-1.123784954592383,0.0001895,1783989899999,0.00048454,2.2425,135.0,-0.8883173515957447,19785676881.0,0.02147212376157892,1.9937398983199561,3743845.77942282,-0.8771840938562405,1.505,-0.808162540872233,0.052798310454060804,2153.0154911,-0.8327189019718791,53.46121341743407,AKEUSDT_15m_limit500_20260717_211231_enriched_candles.csv,-20.25968703444597,15m,1783989000000
2.4118,27.786169204242427,-0.4616371495314744,0.0001903,1783990799999,0.00048454,2.2425,165.0,-0.8447352911764705,19789837500.0,0.021028439032044766,1.9816567097993207,3749778.4095,-0.8669120702205311,1.5047,0.26180777061757443,0.4221635883904895,4584.7179187,-0.7476707061093135,58.29878670036874,AKEUSDT_15m_limit500_20260717_211231_enriched_candles.csv,32.439309058335944,15m,1783989900000
2.4106,6.673613855087719,-1.648146426204,0.00019,1783991699999,0.00048454,2.2446,570.0,-0.2572945813577586,19787233933.0,-0.013156080740939213,1.9482614831832383,3763334.02171727,-0.8490761710373357,1.5049,-0.5045024931998247,-0.15764582238569913,3803.9598974,-0.7754630093755492,55.95007803994565,AKEUSDT_15m_limit500_20260717_211231_enriched_candles.csv,30.09046275125959,15m,1783990800000
2.4106,19.56630045328808,-1.1235605633360128,0.0001901,1783994399999,0.00048454,2.2446,2357.0,0.24748528614457832,19787233933.0,0.05283772035487022,0.6607325172261311,3763334.02171727,-0.21691956399234838,1.5049,-0.7761954732751184,-0.10509721492378832,46117.7701684,-0.3804093778126431,47.82505875378897,AKEUSDT_1h_limit500_20260717_211343_enriched_candles.csv,7.841638410952395,1h,1783990800000
2.4247,8.372824040454075,-1.5549295481349497,0.0001888,1783992599999,0.00048454,2.2499,969.0,0.33577218995633185,19789404568.0,0.010969875867195,1.9272091694474773,3759986.86792,-0.8497776274070745,1.5046,0.8685009350842287,-0.6315789473684275,8113.2664952,-0.6231699539489424,47.67608919492183,AKEUSDT_15m_limit500_20260717_211231_enriched_candles.csv,4.079535254953339,15m,1783991700000
2.4329,43.59975515690909,0.4345474028450601,0.0001891,1783993499999,0.00048454,2.2563,550.0,-0.28636741540948274,19804368049.0,0.0756135989265605,1.9127801608120532,3734113.59563895,-0.872986280671022,1.5057,-0.500875044640578,0.15889830508473146,23979.8653363,-0.0615932958327829,49.679561500304054,AKEUSDT_15m_limit500_20260717_211231_enriched_candles.csv,-24.395587023770325,15m,1783992600000
2.4686,38.1368598488806,0.12329812731422796,0.0001901,1783994399999,0.00048454,2.2733,268.0,-0.6965800256550219,19812781235.0,0.04248146660970065,1.9083950896453288,3743426.8865409,-0.8636776264754739,1.5039,0.570811105650988,0.5288207297726277,10220.6784395,-0.5484490193849819,55.760329808119934,AKEUSDT_15m_limit500_20260717_211231_enriched_candles.csv,78.18272573978868,15m,1783993500000
2.4317,54.98761212537594,1.0684196709328047,0.0001902,1783995299999,0.00048454,2.2595,532.0,-0.3029234939159292,19827122360.0,0.07238319966238471,1.912836394224961,3769135.960636,-0.8378716556872307,1.4284,-0.8091803617968484,0.05260389268804122,29253.4096507,0.12614144766723626,56.328652910954816,AKEUSDT_15m_limit500_20260717_211231_enriched_candles.csv,18.1045678132541,15m,1783994400000
2.4317,38.535761087456144,0.21091517682756475,0.0001905,1783997999999,0.00048454,2.2595,1140.0,-0.6531124792349726,19827122360.0,0.20158667520211448,0.6669713794200987,3769135.960636,-0.18943416627536966,1.4284,-0.6014700173222365,0.2104155707522315,43930.7676397,-0.41323175626982617,49.147324079491156,AKEUSDT_1h_limit500_20260717_211343_enriched_candles.csv,12.507601033437169,1h,1783994400000
2.4447,23.32562627707317,-0.711594877956288,0.0001896,1783996199999,0.00048454,2.2531,205.0,-0.7907810862068966,19846244859.0,0.09644616426325303,1.9100597562161254,3772771.1476959,-0.8345422202277221,1.4279,-0.04730091292263084,-0.3154574132492094,4781.7533868,-0.7411804468836259,52.01130438304553,AKEUSDT_15m_limit500_20260717_211231_enriched_candles.csv,5.545268041885544,15m,1783995300000
2.4819,27.902832960337552,-0.4543120948029588,0.0001904,1783997099999,0.00048454,2.2873,237.0,-0.7407342790178572,19857915703.0,0.05880630861363478,1.9162674025788748,3761287.81330523,-0.8464424739867707,1.4278,0.2615401403457933,0.42194092827003704,6612.9714116,-0.6763058883823639,56.769096637150405,AKEUSDT_15m_limit500_20260717_211231_enriched_candles.csv,-0.3015293180463742,15m,1783996200000
2.499,19.774898738554217,-0.9120302639433524,0.0001905,1783997999999,0.00048454,2.3003,166.0,-0.8476695506756756,19879940262.0,0.11091072864546359,1.9220652688562925,3781562.23663764,-0.8250665707089953,1.4289,-0.8098795774421113,0.05252100840336116,3282.6331906,-0.7943777129542994,57.33847065596986,AKEUSDT_15m_limit500_20260717_211231_enriched_candles.csv,-1.423833632519169,15m,1783997100000
2.4977,63.635867220276495,1.5674372020588043,0.0001898,1783998899999,0.00048454,2.3014,868.0,0.22892704498861047,19879199030.0,-0.003728542391134848,1.9136412891933303,3783011.575409,-0.8181342942640895,1.4287,0.1035714964179501,-0.3674540682414684,55235.9327472,1.0512871274626285,52.15976004211569,AKEUSDT_15m_limit500_20260717_211231_enriched_candles.csv,16.121791574618445,15m,1783998000000
2.4977,62.981671172530206,1.9344088726541824,0.0001969,1784001599999,0.00048454,2.3014,8857.0,5.071658351210121,19879199030.0,0.26265369756863777,0.6751131806864401,3783011.575409,-0.12606634700605981,1.4287,4.596619623288578,3.3595800524934383,557828.6615751,7.251557348307303,64.60398493811573,AKEUSDT_1h_limit500_20260717_211343_enriched_candles.csv,29.33019727496971,1h,1783998000000
2.5075,40.94038812609011,0.28036795943090376,0.0001905,1783999799999,0.00048454,2.33,1376.0,0.9904669301801802,19882760267.0,0.01791438877705165,1.8964474541356042,3772753.76066325,-0.8279989001778568,1.4276,0.10737223689991682,0.36880927291884635,56333.9740615,1.0876222092962962,56.40050078306509,AKEUSDT_15m_limit500_20260717_211231_enriched_candles.csv,16.648224336634485,15m,1783998900000
2.5298,70.44421686829268,1.9367676857298193,0.0001903,1784000699999,0.00048454,2.3636,1353.0,0.9373755100222717,19860697492.0,-0.11096434651791665,1.867608979059391,3785448.9419752,-0.814432909289144,1.4233,-0.6577646916317317,-0.10498687664042272,95311.0254228,2.465147512355593,54.903020039229744,AKEUSDT_15m_limit500_20260717_211231_enriched_candles.csv,35.5519390986367,15m,1783999800000
2.5075,66.7201006356654,1.7140144796047503,0.0001969,1784001599999,0.00048454,2.3591,5260.0,6.7643180243632335,19741364289.0,-0.6008510176848891,1.8060269283130337,3748885.0784811,-0.8459165861585458,1.4136,9.096746698819787,3.4682080924855585,350947.7293436,11.512662489721658,76.79690489551182,AKEUSDT_15m_limit500_20260717_211231_enriched_candles.csv,31.755071064525843,15m,1784000700000
2.4892,103.11003544155076,3.7195138578148663,0.0001975,1784002499999,0.000104,2.3167,3379.0,3.936756951434879,19377740670.0,-1.8419376375249485,1.6324080745152447,3818383.7990235,-0.773039380341071,1.4093,-0.07862577755868179,0.3047232097511454,348408.809757,11.411193180734513,77.84970723080798,AKEUSDT_15m_limit500_20260717_211231_enriched_candles.csv,56.6671696302689,15m,1784001600000
2.4892,80.38792961842806,3.1292406338922056,0.000192,1784005199999,0.000104,2.3167,21782.0,14.563081421857923,19377740670.0,-2.522527991410728,0.5969029423852921,3818383.7990235,0.034201503067250005,1.4093,3.1539374725089258,-2.488572879634321,1751009.8829486,24.99655595537113,51.65787731566839,AKEUSDT_1h_limit500_20260717_211343_enriched_candles.csv,25.18634668984024,1h,1784001600000
2.4892,61.73302340306437,1.7832419863186628,0.0001929,1784015999999,0.000104,2.3167,33090.0,5.660017196030405,19377740670.0,-2.0177378400921375,8.187460417646026,3818383.7990235,0.1910452693617697,1.4093,0.3533176932811645,-2.031488065007614,2042745.7444074,7.397675693072502,41.22215528727564,AKEUSDT_4h_limit500_20260717_211446_enriched_candles.csv,20.924585240636446,4h,1784001600000
2.4916,86.08601881282418,2.769289975465745,0.0001975,1784003399999,0.000104,2.3179,5591.0,7.119206284004353,18625210926.0,-3.883475152317639,1.2822397579834464,3678479.157885,-0.9119452480175431,1.4213,-0.9622949608020763,0.0,481306.9311825,16.07814104841787,77.84970723080798,AKEUSDT_15m_limit500_20260717_211231_enriched_candles.csv,17.034885333951564,15m,1784002500000
2.5386,77.71047101985384,2.3045887710310637,0.0001922,1784004299999,0.000104,2.3467,10537.0,14.170074361587982,18008240818.0,-3.312553669600249,0.9952319289294566,3556627.561555,-1.032740900305839,1.3897,6.822354334070099,-2.6835443037974693,818835.2331362,27.934468792877187,53.14586964480462,AKEUSDT_15m_limit500_20260717_211231_enriched_candles.csv,23.04740940596647,15m,1784003400000
2.8037,45.03688302105495,0.4932688715712988,0.000192,1784005199999,0.000104,2.5336,2275.0,2.1924512236140723,17158365409.0,-4.719369413088447,0.585172792730512,3288400.73063485,-1.3010028393427118,1.4055,-0.6604189289637934,-0.10405827263267886,102458.9088729,2.689389289501594,52.469239997768256,AKEUSDT_15m_limit500_20260717_211231_enriched_candles.csv,-26.477330482947742,15m,1784004300000
2.758,26.74213482825175,-0.5177060814710134,0.0001927,1784006099999,0.000104,2.5323,2145.0,1.991964420912951,17018242066.0,-0.816647388372449,0.5085908020377797,3269885.03056124,-1.3188775563154909,1.401,0.09530395702732398,0.3645833333333348,57361.8792066,1.1004039232580525,54.645709614892176,AKEUSDT_15m_limit500_20260717_211231_enriched_candles.csv,1.9794141232900089,15m,1784005200000
2.758,28.41064986738116,-0.4927544793869437,0.0001919,1784008799999,0.000104,2.5323,5785.0,2.749955495385451,17018242066.0,-12.176334920473476,0.22876377069569062,3269885.03056124,-2.4543286116782617,1.401,-0.8620595814519875,-0.05208333333333037,164355.6094828,1.3771654806924538,51.43136253863338,AKEUSDT_1h_limit500_20260717_211343_enriched_candles.csv,-2.047145357063156,1h,1784005200000
2.7327,21.438626116739812,-0.8117248761619136,0.0001924,1784006999999,0.000104,2.4965,1595.0,1.1990928888888888,16956810764.0,-0.3609732530643117,0.4811991120612571,3267577.4342228,-1.3177498269596344,1.4002,-0.5107603974614862,-0.15568240788791377,34194.6086562,0.27487731298542506,53.514719008592074,AKEUSDT_15m_limit500_20260717_211231_enriched_candles.csv,-7.646343772751216,15m,1784006100000
2.7369,36.43376325378549,0.019387423156413567,0.0001908,1784007899999,0.000104,2.4965,1268.0,0.7301030697674419,16935059683.0,-0.1282734194697599,0.47179948228190544,3255765.22405675,-1.3261078308371355,1.3943,1.450223825974657,-0.8316008316008205,46198.0118058,0.6677621582511508,47.82909071458874,AKEUSDT_15m_limit500_20260717_211231_enriched_candles.csv,-25.16242289747322,15m,1784007000000
2.7509,34.23566256653797,-0.10313457772024254,0.0001919,1784008799999,0.000104,2.5088,777.0,0.02917097020042194,16878778125.0,-0.33233752377322956,0.4466331659129642,3216588.74728125,-1.3642832941792697,1.3906,0.7098186204575682,0.5765199161425594,26601.1098142,0.0009856478219483996,51.63366265689243,AKEUSDT_15m_limit500_20260717_211231_enriched_candles.csv,36.61181481308392,15m,1784007900000
2.7147,20.14562715251196,-0.8826420229462538,0.0001922,1784009699999,0.000104,2.4928,836.0,0.11241495833333333,16837238898.0,-0.24610328243176438,0.4279811204180749,3229045.67585844,-1.3481010536652867,1.3908,-0.5088903023970103,0.1563314226159518,16841.7442995,-0.3301713330220425,52.647877810738926,AKEUSDT_15m_limit500_20260717_211231_enriched_candles.csv,13.997400846241263,15m,1784008800000
2.7147,23.77051881718968,-0.8203341264736739,0.0001927,1784012399999,0.000104,2.4928,2868.0,0.5843192370026525,16837238898.0,-1.0635832261524758,0.20090163918517212,3229045.67585844,-2.6308739318789423,1.3908,-0.26097469731090983,0.4168837936425085,68173.8479677,-0.05401341708392089,53.199378860771745,AKEUSDT_1h_limit500_20260717_211343_enriched_candles.csv,-13.356777889102345,1h,1784008800000
2.7078,21.695355079565772,-0.7961136092311246,0.0001921,1784010599999,0.000104,2.4771,783.0,0.03624760511064278,16836201361.0,-0.006162156433642263,0.42970445400812757,3235412.81554337,-1.3413981366143788,1.3874,-0.8113918904661009,-0.05202913631633388,16987.4630273,-0.3245485985546057,52.25453221881316,AKEUSDT_15m_limit500_20260717_211231_enriched_candles.csv,3.321649881404832,15m,1784009700000
2.6805,26.06279783303457,-0.552659575495797,0.0001927,1784011499999,0.000104,2.4638,781.0,0.03265950368421053,16824918980.0,-0.06701262807496944,0.42666663430966106,3231225.690109,-1.3454530293393094,1.3867,-0.056255961045569666,0.3123373243102412,20355.0451076,-0.20945344039632527,54.45333334136813,AKEUSDT_15m_limit500_20260717_211231_enriched_candles.csv,-32.03603184925029,15m,1784010600000
2.6738,29.892298148076925,-0.33978183555075225,0.0001927,1784012399999,0.000104,2.4554,468.0,-0.41262069700944387,16832870142.0,0.04725824837226167,0.43609314638095215,3243694.0763634,-1.3313772058182687,1.384,-0.9624312149557959,0.0,13989.5955333,-0.42144888513768153,54.45333334136813,AKEUSDT_15m_limit500_20260717_211231_enriched_candles.csv,-39.361761456166,15m,1784011500000
2.6603,28.106810102436054,-0.43986933213056745,0.0001948,1784013299999,0.000104,2.4614,821.0,0.08945864052631579,16838922594.0,0.03595614977685013,0.44505720426359857,3244860.3838638,-1.3290702684971483,1.3807,2.2003706802400362,1.089776855215363,23075.6910941,-0.0988946241285984,61.62666281025416,AKEUSDT_15m_limit500_20260717_211231_enriched_candles.csv,7.317437674192692,15m,1784012400000
2.6603,22.299963844934087,-0.91557261314134,0.0001929,1784015999999,0.000104,2.4614,2655.0,0.40976308402922756,16838922594.0,0.009999834356455573,0.2015444874448845,3244860.3838638,-2.550943044383055,1.3807,-0.7769029240204496,0.10378827192527584,59206.4040083,-0.18585022566154646,53.653603837874236,AKEUSDT_1h_limit500_20260717_211343_enriched_candles.csv,-1.8729688000381568,1h,1784012400000
2.6643,21.185539431941542,-0.8295172802877377,0.0001937,1784014199999,0.000104,2.4722,479.0,-0.39746717410714283,16822889376.0,-0.09521522478945776,0.43773668185021525,3273734.2725696,-1.299590528138953,1.3773,0.6760511709674505,-0.5646817248459945,10147.8733879,-0.551580361894258,56.59831026475309,AKEUSDT_15m_limit500_20260717_211231_enriched_candles.csv,-16.601129343106873,15m,1784013300000
2.6657,20.022503333470507,-0.8924883810418832,0.0001929,1784015099999,0.000104,2.465,729.0,-0.04117937421052631,16816521091.0,-0.0378548824620184,0.4331577331801975,3257360.1353267,-1.315020526784828,1.3763,0.235646983687504,-0.4130098089829559,14596.4049301,-0.3943425627532671,53.19861949408049,AKEUSDT_15m_limit500_20260717_211231_enriched_candles.csv,-17.198968365992027,15m,1784014200000
2.6805,18.1891926456869,-0.9877109620114638,0.0001929,1784015999999,0.000104,2.488,626.0,-0.18712110152953587,16809523965.0,-0.04160864165743128,0.4323508681858817,3242557.1728485,-1.3197599636044997,1.3734,-0.9621931333144863,0.0,11386.4345962,-0.5074854644528985,53.198619494080496,AKEUSDT_15m_limit500_20260717_211231_enriched_candles.csv,12.274481998662063,15m,1784015100000
2.6914,17.23027183435655,-1.0306244168650909,0.0001935,1784016899999,0.000104,2.4977,847.0,0.12833843023255814,16788345729.0,-0.12598950478369675,0.42153779002734804,3234610.57160643,-1.3220776540355657,1.3719,-0.059978750203791745,0.3110419906687367,14594.0402437,-0.39380940857113944,55.52246519848799,AKEUSDT_15m_limit500_20260717_211231_enriched_candles.csv,-4.960332404266868,15m,1784016000000
2.6914,27.84508265266667,-0.5298004232145759,0.0001932,1784019599999,0.000104,2.4977,2250.0,0.1246837449086162,16788345729.0,-0.3003568946746138,0.19286230553669773,3234610.57160643,-2.6028795153227926,1.3719,-0.6915330622642027,0.15552099533437946,62651.4359685,-0.13457553946714368,54.369014138447014,AKEUSDT_1h_limit500_20260717_211343_enriched_candles.csv,-5.1893991510979305,1h,1784016000000
2.6914,28.242773390448825,-0.678635602326083,0.0001902,1784030399999,0.000104,2.4977,7308.0,-0.24546406044218227,16788345729.0,-13.36272883973939,5.632241058802182,3234610.57160643,-2.4358459782311153,1.3719,-0.05602419383585411,-1.3996889580093375,206398.1879374,-0.40587749116444183,38.843759614986126,AKEUSDT_4h_limit500_20260717_211446_enriched_candles.csv,-7.723437260328514,4h,1784016000000
2.6765,34.676249953039516,-0.044908227140308864,0.0001941,1784017799999,0.00028015,2.4758,658.0,-0.1417354384899683,16787218213.0,-0.006716063739697908,0.4210064842389685,3248326.7242155,-1.3015751677549872,1.3708,-0.06266330487330778,0.31007751937985883,22816.9724691,-0.1023567592004339,57.780084297603096,AKEUSDT_15m_limit500_20260717_211231_enriched_candles.csv,4.162529256614662,15m,1784016900000
2.686,34.77884205767635,-0.03813495124478431,0.000194,1784018699999,0.00028015,2.4722,482.0,-0.39214520348837206,16790200301.0,0.01776403905735524,0.42249173855696337,3258977.8784241,-1.284260695758035,1.3707,-0.8129242697069694,-0.05151983513652647,16763.4018718,-0.31654315779716324,57.25842995074949,AKEUSDT_15m_limit500_20260717_211231_enriched_candles.csv,-23.863422940002916,15m,1784017800000
2.6873,32.232020471102665,-0.18197500119919785,0.0001932,1784019599999,0.00028015,2.4868,263.0,-0.7052133297139831,16771152212.0,-0.11344765791070355,0.41689288270167146,3249410.741075,-1.2900988590383102,1.3679,0.234563770293361,-0.4123711340206171,8477.0213839,-0.6101655616852079,53.12616820454066,AKEUSDT_15m_limit500_20260717_211231_enriched_candles.csv,6.172429331059142,15m,1784018700000
2.6928,21.042482759052923,-0.8145600607247089,0.0001931,1784020499999,0.00028015,2.4868,359.0,-0.5673144719279661,16753381848.0,-0.10595791973841973,0.4118278473464611,3235078.0348488,-1.3005318790903904,1.3662,-0.8122277288121605,-0.051759834368536595,7554.2513105,-0.6428868622350632,52.615013024657905,AKEUSDT_15m_limit500_20260717_211231_enriched_candles.csv,-26.944272543208232,15m,1784019600000
2.6928,25.282714543481536,-0.7089771060271337,0.0001936,1784023199999,0.00028015,2.4868,1327.0,-0.5257777988505747,16753381848.0,-0.20826281257482204,0.1866055750223153,3235078.0348488,-2.6065208117766456,1.3662,-0.6053928657724115,0.20703933747410197,33550.1621992,-0.5686900648041229,55.358481778539,AKEUSDT_1h_limit500_20260717_211343_enriched_candles.csv,-14.87322179956253,1h,1784019600000
2.6873,21.4156943418239,-0.7912237297176664,0.0001938,1784021399999,0.00028015,2.4843,318.0,-0.6258004686836518,16750510621.0,-0.017138193506538446,0.4095747388132169,3235361.12644615,-1.291050321716684,1.3647,0.08981682703139511,0.36250647332987107,6810.1908007,-0.6695426738056551,55.81949389366622,AKEUSDT_15m_limit500_20260717_211231_enriched_candles.csv,-7.997615292129807,15m,1784020500000
2.6846,38.251510593312105,0.15898241428549734,0.0001933,1784022299999,0.00028015,2.4807,314.0,-0.6314372127659574,16749120809.0,-0.008297132137913277,0.4080592408144823,3245979.6127842,-1.2718034219526413,1.3635,-0.21367051401451875,-0.25799793601650745,12010.9743263,-0.48367540201912235,53.059327242327626,AKEUSDT_15m_limit500_20260717_211231_enriched_candles.csv,-18.309707345594326,15m,1784021400000
2.6996,21.353410005059523,-0.7947374900126163,0.0001936,1784023199999,0.00028015,2.4868,336.0,-0.5986638145074946,16737498067.0,-0.06939314685553422,0.40457815412589687,3235358.3763511,-1.2786176363874182,1.3613,-0.5120082314627363,0.15519917227106994,7174.7457617,-0.6543634771591714,54.51269509443932,AKEUSDT_15m_limit500_20260717_211231_enriched_candles.csv,-2.937036013525174,15m,1784022300000
2.7064,32.279004612691466,-0.17731118333796927,0.0001945,1784024099999,0.00028015,2.5039,457.0,-0.42155609374999997,16732646903.0,-0.028983806185256533,0.40449368659029894,3239105.78748274,-1.27848716557847,1.3598,0.38879323100955093,0.4648760330578705,14751.505108,-0.37657371018812263,58.64904891508691,AKEUSDT_15m_limit500_20260717_211231_enriched_candles.csv,23.229425565135365,15m,1784023200000
2.7064,31.47009109893617,-0.27702608897077463,0.0001926,1784026799999,0.00028015,2.5039,1222.0,-0.6013523072289156,16732646903.0,-0.12376572794748908,0.18348987033650555,3239105.78748274,-2.5738744226404773,1.3598,-0.09211320881750504,-0.5165289256198302,38456.4513229,-0.4957704652395741,52.304904940218755,AKEUSDT_1h_limit500_20260717_211343_enriched_candles.csv,5.803332661563176,1h,1784023200000
2.7023,15.78930187791411,-1.105611277539549,0.0001942,1784024999999,0.00028015,2.5002,163.0,-0.8521422415300547,16735965144.0,0.019830938997489334,0.40549133453422886,3249454.99235904,-1.2688338325804533,1.3594,-0.5148425953227985,-0.15424164524422412,2573.6562061,-0.8227689602449944,56.79508342679096,AKEUSDT_15m_limit500_20260717_211231_enriched_candles.csv,-7.622354758768335,15m,1784024100000
2.6941,24.929667247019868,-0.5895402534715739,0.0001944,1784025899999,0.00028015,2.4928,302.0,-0.6461373047566372,16735165757.0,-0.004776461907762819,0.40350462967083567,3249969.1900094,-1.2687788213098035,1.3594,-0.6638509160076937,0.1029866117404854,7528.7595086,-0.6408635016444076,57.75386802170905,AKEUSDT_15m_limit500_20260717_211231_enriched_candles.csv,1.7187282719309729,15m,1784025000000
2.7037,45.341768334,0.562476996035036,0.0001926,1784026799999,0.00028015,2.5002,300.0,-0.648952276169265,16731934271.0,-0.019309554783752958,0.40196026613637426,3250847.50951259,-1.250556550428635,1.3586,1.734741743055999,-0.92592592592593,13602.5305002,-0.41694091330812805,47.53062674886206,AKEUSDT_15m_limit500_20260717_211231_enriched_candles.csv,-8.29374953861278,15m,1784025900000
2.7244,25.055864968137254,-0.5834284939717733,0.0001931,1784027699999,0.00028015,2.51,408.0,-0.48545114293721975,16695157244.0,-0.21980140732289488,0.3837213228906235,3215487.2851944,-1.2673372323919128,1.3563,-0.20822411768555532,0.25960539979232866,10222.792907,-0.5408056626352307,50.16930629198585,AKEUSDT_15m_limit500_20260717_211231_enriched_candles.csv,-10.158739497587664,15m,1784026800000
2.7244,28.593120146193705,-0.47725011310517956,0.0001902,1784030399999,0.00028015,2.51,2509.0,0.30890496953781515,16695157244.0,-0.2240509778119959,0.17772724364607068,3215487.2851944,-2.666520251669817,1.3563,1.1394037055924822,-1.2461059190031154,71740.1384468,0.004691429021507543,45.7783928264946,AKEUSDT_1h_limit500_20260717_211343_enriched_candles.csv,-13.843808281698406,1h,1784026800000
2.7133,33.998508000247114,-0.07716213306935944,0.0001899,1784028599999,0.00028015,2.5088,1214.0,0.7334697954035875,16706957257.0,0.07067925643071682,0.3896316260145747,3223607.40273815,-1.2768123280326327,1.3549,3.8662535640609885,-1.6571724495080264,41274.1887123,0.6084531592056179,37.255907181197834,AKEUSDT_15m_limit500_20260717_211231_enriched_candles.csv,-26.033694988892304,15m,1784027700000
2.7764,25.724960948397978,-0.543560200015611,0.0001904,1784029499999,0.00028015,2.5423,593.0,-0.20567400448430492,16708857444.0,0.01137362699126232,0.39049441142820096,3173012.0286156,-1.3465448991126483,1.3537,-0.19748625312549936,0.263296471827279,15254.9018424,-0.35505918965164723,39.86065613827129,AKEUSDT_15m_limit500_20260717_211231_enriched_candles.csv,20.44348976098922,15m,1784028600000
2.775,16.96685369081633,-1.040519912286998,0.0001902,1784030399999,0.00028015,2.5524,294.0,-0.6578543525784754,16713431423.0,0.027374576719751964,0.3932634607571822,3178727.52234037,-1.346034191034889,1.3517,-0.65805425601303,-0.10504201680672232,4988.2549851,-0.7348436926689985,39.16035580642126,AKEUSDT_15m_limit500_20260717_211231_enriched_candles.csv,-25.389604747212235,15m,1784029500000
2.7693,19.399761890666667,-0.9023725191968366,0.0001901,1784031299999,0.00028015,2.5311,525.0,-0.3085110067264574,16724362590.0,0.0654034873111442,0.3987563456733908,3179803.0592367,-1.34743423275616,1.3511,-0.8110768868356517,-0.0525762355415238,10184.8749926,-0.541897414066284,38.793367641506165,AKEUSDT_15m_limit500_20260717_211231_enriched_candles.csv,3.8776246982603455,15m,1784030400000
2.7693,38.484985002841434,0.22002954629419452,0.0001902,1784033999999,0.00028015,2.5311,2182.0,0.07730744768664564,16724362590.0,0.17493303940276927,0.18189497314989483,3179803.0592367,-2.8297652375586027,1.3511,-0.9498881339104612,0.0,83974.2372762,0.18652478297042005,45.7783928264946,AKEUSDT_1h_limit500_20260717_211343_enriched_candles.csv,4.668609132947877,1h,1784030400000
2.7693,27.13777106905048,-0.7570537617021122,0.0001924,1784044799999,0.00028015,2.5311,6656.0,-0.36344971326013514,16724362590.0,-0.3811164008224788,5.344599151358447,3179803.0592367,-2.6334577709679796,1.3511,-0.20975820327864242,1.1566771819137678,180629.0042356,-0.5035357248660208,41.79081649786479,AKEUSDT_4h_limit500_20260717_211446_enriched_candles.csv,-2.325232452990634,4h,1784030400000
2.7636,65.09847498853591,1.6906157960934265,0.0001888,1784032199999,5e-05,2.5311,724.0,0.0,16732672587.0,0.049687974386358746,0.3999231401044225,3179877.09843348,-1.3524092721108647,1.3513,1.0299217049767135,-0.683850604944769,47131.2958917,0.8310558353184497,34.29399882520856,AKEUSDT_15m_limit500_20260717_211231_enriched_candles.csv,6.335319566347489,15m,1784031300000
2.8081,38.547433797104674,0.1841524391715585,0.00019,1784033099999,5e-05,2.5461,449.0,-0.4206001842403628,16677535781.0,-0.3295158362378814,0.3643374963446702,3148718.7554528,-1.3921124131315186,1.3403,0.8885357232968655,0.6355932203389925,17307.7977749,-0.27748798952178666,41.08652512007938,AKEUSDT_15m_limit500_20260717_211231_enriched_candles.csv,16.17742841530386,15m,1784032200000
2.7821,19.31873681198347,-0.9069375598686308,0.0001902,1784033999999,5e-05,2.5323,484.0,-0.3653165692702394,16670321510.0,-0.04325741581210352,0.3611676222511667,3167361.0869,-1.378401144600138,1.3386,-0.6569894522764822,0.1052631578947194,9350.268617,-0.5729269542671649,42.15974794626112,AKEUSDT_15m_limit500_20260717_211231_enriched_candles.csv,-24.174461887547714,15m,1784033100000
2.7879,17.22259335860735,-1.0256945581217476,0.0001906,1784034899999,5e-05,2.5298,517.0,-0.31249295756880735,16681934716.0,0.06966395934855374,0.367697838978195,3172903.9829832,-1.3785114262926195,1.3392,-0.3510344494720985,0.2103049421661396,8904.0807664,-0.5895740030409251,44.3435121260182,AKEUSDT_15m_limit500_20260717_211231_enriched_candles.csv,-2.2302419621951493,15m,1784034000000
2.7879,19.958222600461095,-1.0949072343287878,0.0001908,1784037599999,5e-05,2.5298,1735.0,-0.23997635315789473,16681934716.0,-0.25368903461450154,0.17473144442732363,3172903.9829832,-2.862781356715338,1.3392,-0.42266821771205587,0.3154574132492094,34627.5162118,-0.5552120993617028,47.671547081068034,AKEUSDT_1h_limit500_20260717_211343_enriched_candles.csv,-5.545804605372175,1h,1784034000000
2.7693,19.4818195125,-0.8953930389020672,0.000191,1784035799999,5e-05,2.5224,328.0,-0.6047950571182549,16699142811.0,0.10315407231209495,0.3462230896847193,3176844.92836464,-1.3864814157547156,1.3389,-0.35235737856591604,0.20986358866736943,6390.0368001,-0.6835734234146423,46.5180524152459,AKEUSDT_15m_limit500_20260717_211231_enriched_candles.csv,18.007284660426254,15m,1784034900000
2.7764,23.057918455907174,-0.6914627624603814,0.0001919,1784036699999,5e-05,2.5298,474.0,-0.37833448045977014,16697915846.0,-0.007347472944485567,0.30911562808688003,3182622.7602476,-1.387223850081814,1.3383,0.4113103748282414,0.47120418848167755,10929.4533481,-0.5142249880148875,51.14337790185339,AKEUSDT_15m_limit500_20260717_211231_enriched_candles.csv,-30.743010929124985,15m,1784035800000
2.7779,20.201791579807693,-0.8517553418813483,0.0001908,1784037599999,5e-05,2.5386,416.0,-0.4683308298731257,16704700361.0,0.040630909046202035,0.3089346257948509,3204796.76425785,-1.3629575452288802,1.3393,0.7073786508169794,-0.5732152162584714,8403.9452972,-0.6076074206105092,45.91653926729982,AKEUSDT_15m_limit500_20260717_211231_enriched_candles.csv,5.801787855073848,15m,1784036700000
2.7821,27.221695463839286,-0.45278278319274806,0.000191,1784038499999,5e-05,2.5398,448.0,-0.4174670969976905,16705276200.0,0.003447167489123437,0.30571308095673466,3187867.857246,-1.379667910083435,1.3388,-0.6587393333409505,0.10482180293500676,12195.3195678,-0.46342874399816036,46.97757800395161,AKEUSDT_15m_limit500_20260717_211231_enriched_candles.csv,25.382944156488605,15m,1784037600000
2.7821,22.417897484194757,-0.9129592195906753,0.0001909,1784041199999,5e-05,2.5398,1335.0,-0.5259095990491284,16705276200.0,0.13992072500808028,0.17836882565428652,3187867.857246,-2.7928175673695224,1.3388,-0.864573739303437,0.05241090146750338,29927.8931414,-0.6263504382869739,47.9974376495932,AKEUSDT_1h_limit500_20260717_211343_enriched_candles.csv,-8.403502524943693,1h,1784037600000
2.7272,23.177092974626866,-0.6809820457438596,0.0001912,1784039399999,5e-05,2.4868,268.0,-0.6978824580924855,16696685750.0,-0.05142357358928207,0.2775639147785852,3189066.97825,-1.3749901644070952,1.3366,-0.6591026750429474,0.10471204188482464,6211.4609172,-0.689937509484687,48.07463949194076,AKEUSDT_15m_limit500_20260717_211231_enriched_candles.csv,-64.07257390575407,15m,1784038500000
2.7272,16.073215867672413,-1.0817240881993488,0.0001918,1784040299999,5e-05,2.4953,232.0,-0.7541170121527778,16693774998.0,-0.017433112436704423,0.2533831390383563,3191849.7796176,-1.3702004122933928,1.3355,-0.048344739130639046,0.3138075313807498,3728.9860813,-0.7848815928551232,51.328170967848195,AKEUSDT_15m_limit500_20260717_211231_enriched_candles.csv,38.062325730247565,15m,1784039400000
2.7161,20.13469399250646,-0.8509622205433959,0.0001909,1784041199999,5e-05,2.4746,387.0,-0.5107634343786295,16693506161.0,-0.0016104026802299387,0.2489475140035463,3197474.17007794,-1.3612205136632547,1.336,0.40717394205641805,-0.4692387904066675,7792.1265751,-0.6279864331055438,46.61042553871526,AKEUSDT_15m_limit500_20260717_211231_enriched_candles.csv,-39.142310175587184,15m,1784040300000
2.723,25.43539301270802,-0.5502111828835846,0.0001921,1784042099999,5e-05,2.4843,661.0,-0.07879553154205608,16686845558.0,-0.039899365272710874,0.24156842996438807,3185518.8170222,-1.375414478461873,1.3346,0.8711115158152106,0.6286013619696273,16812.7947814,-0.27835234370445255,52.83515581400681,AKEUSDT_15m_limit500_20260717_211231_enriched_candles.csv,-1.5034787106284582,15m,1784041200000
2.723,22.86279031780627,-0.8778221470338482,0.0001924,1784044799999,5e-05,2.4843,1404.0,-0.4785086349416755,16686845558.0,-0.11032826862210632,0.17537711479676202,3185518.8170222,-2.8013759066589414,1.3346,0.3775164090797084,0.7857517024620231,32099.3576062,-0.5916750743108531,52.75083358202863,AKEUSDT_1h_limit500_20260717_211343_enriched_candles.csv,-11.480315392630235,1h,1784041200000
2.7313,20.619984653191487,-0.8200404367912806,0.0001922,1784042999999,5e-05,2.4941,282.0,-0.6760693512880562,16676016645.0,-0.0648949075627292,0.2366260048807024,3200794.6348413,-1.3605704086143995,1.3342,-0.8126836970242487,0.05205622071837723,5814.8356722,-0.7045097414790817,53.32354426680915,AKEUSDT_15m_limit500_20260717_211231_enriched_candles.csv,-15.704748345098041,15m,1784042100000
2.7147,25.121663767307695,-0.5644210795998508,0.0001924,1784043899999,5e-05,2.4771,260.0,-0.7092409783372365,16675610806.0,-0.0024336687150183778,0.23652234845598902,3205052.3969132,-1.3579646277102353,1.3339,-0.6609432572316112,0.10405827263266776,6531.6325795,-0.6714130004350586,54.34185409130235,AKEUSDT_15m_limit500_20260717_211231_enriched_candles.csv,-37.40035287604928,15m,1784043000000
2.7313,14.627336184577116,-1.1605060726254763,0.0001924,1784044799999,5e-05,2.5039,201.0,-0.8025874516412662,16673772167.0,-0.011025916959750415,0.23459735752836186,3208033.7649308,-1.362558541489343,1.3322,-0.965339457186882,0.0,2940.0945731,-0.8125875542759272,54.34185409130235,AKEUSDT_15m_limit500_20260717_211231_enriched_candles.csv,-2.594194091504344,15m,1784043900000
2.7425,25.73601572425532,-0.529591718551207,0.0001926,1784045699999,5e-05,2.5149,235.0,-0.7471514092505854,16671754073.0,-0.012103403955554537,0.23258980028396786,3207645.4836452,-1.3711449434720946,1.3325,-0.660640015065217,0.10395010395010118,6047.9636952,-0.6892445638098318,55.46857922091861,AKEUSDT_15m_limit500_20260717_211231_enriched_candles.csv,-31.124558745185247,15m,1784044800000
2.7425,49.729564260681116,1.0427123473643436,0.0001901,1784048399999,5e-05,2.5149,3230.0,0.8593364004054054,16671754073.0,-0.09043941197600658,0.17263018176918618,3207645.4836452,-2.7024831368834366,1.3325,1.0704985082881369,-1.1954261954261858,160626.492562,1.362906171903059,45.832879843010026,AKEUSDT_1h_limit500_20260717_211343_enriched_candles.csv,-30.451999066044326,1h,1784044800000
2.7425,35.966989268139656,-0.09782876836687349,0.0001893,1784059199999,5e-05,2.5149,5929.0,-0.5080879767339772,16671754073.0,-0.31456216472761644,5.276747806396663,3207645.4836452,-2.4948425488300936,1.3325,0.08977738664867813,-1.6112266112266127,213248.2793708,-0.3584868337126288,38.94306819945891,AKEUSDT_4h_limit500_20260717_211446_enriched_candles.csv,-25.555034423157956,4h,1784044800000
2.7509,57.975513872103534,1.2993099558469072,0.0001891,1784046599999,5e-05,2.5249,2434.0,2.7263918231850117,16674255584.0,0.015004485964986713,0.22786447642747512,3210961.39781088,-1.3689847103392228,1.3337,4.415163809814246,-1.8172377985462118,141112.4007647,4.626494023050873,37.86058848229515,AKEUSDT_15m_limit500_20260717_211231_enriched_candles.csv,-35.16101109471864,15m,1784045700000
2.8066,26.799511698265896,-0.46937166184561735,0.0001898,1784047499999,5e-05,2.5663,346.0,-0.5718156662763466,16579393979.0,-0.5689105850759879,0.17775627425499396,3135163.4014289,-1.4582934622943025,1.328,0.12271855581838069,0.3701745108408261,9272.6310476,-0.5620357001873201,41.83728208715349,AKEUSDT_15m_limit500_20260717_211231_enriched_candles.csv,10.720946062631311,15m,1784046600000
2.7736,19.504637462790697,-0.884071443654621,0.0001901,1784048399999,5e-05,2.5474,215.0,-0.7787434350117096,16573026039.0,-0.038408762154185094,0.1675357431971763,3145228.88168142,-1.4429952191853108,1.3285,-0.503014079640546,0.15806111696523573,4193.4970545,-0.7620303824227119,43.505933907715594,AKEUSDT_15m_limit500_20260717_211231_enriched_candles.csv,37.93628786248621,15m,1784047500000
2.7693,13.511337747014924,-1.2224386058927332,0.0001904,1784049299999,5e-05,2.5524,268.0,-0.6950245667447307,16570251639.0,-0.016740455203967386,0.15738899445392815,3150004.8365739,-1.43604382050472,1.3281,-0.5023428431391391,0.15781167806416807,3621.0385162,-0.7843893571957313,45.19907672576448,AKEUSDT_15m_limit500_20260717_211231_enriched_candles.csv,8.577524492226233,15m,1784048400000
2.7693,18.427059470077975,-1.186264002803085,0.0001898,1784051999999,5e-05,2.5524,1026.0,-0.7488767425768823,16570251639.0,-0.608828762441882,0.15573818820063037,3150004.8365739,-2.965905347648055,1.3281,-0.6869845509697607,-0.15781167806417917,18906.1630163,-0.7901588758686948,45.00383887943669,AKEUSDT_1h_limit500_20260717_211343_enriched_candles.csv,-34.509350732218785,1h,1784048400000
2.7552,23.227848095251396,-0.6714383321641432,0.0001902,1784050199999,5e-05,2.5311,358.0,-0.5522138304093568,16571694972.0,0.008710386730648167,0.15360590397907892,3155250.7226688,-1.4271733691642503,1.3278,-0.6573453896811382,-0.10504201680672232,8315.5696181,-0.5990157493098083,44.247008444471525,AKEUSDT_15m_limit500_20260717_211231_enriched_candles.csv,-55.785237886805405,15m,1784049300000
2.7707,17.947048931491715,-0.9711268347863589,0.0001902,1784051099999,5e-05,2.5436,181.0,-0.8324498788056207,16564249846.0,-0.044926762244779095,0.14568549032729497,3150520.3207092,-1.4386415461897688,1.3274,-0.9691695788366079,0.0,3248.4158566,-0.799615528259451,44.247008444471525,AKEUSDT_15m_limit500_20260717_211231_enriched_candles.csv,-7.765123756784459,15m,1784050200000
2.7722,16.99150239908676,-1.0262177449248675,0.0001898,1784051999999,5e-05,2.5373,219.0,-0.7707327318713451,16563841140.0,-0.0024673981846468074,0.14580735015051763,3149780.0311824,-1.4413073869221384,1.3276,-0.34396594485072696,-0.2103049421661285,3721.1390254,-0.7801541098611049,42.18588021922788,AKEUSDT_15m_limit500_20260717_211231_enriched_candles.csv,-52.23899868108378,15m,1784051100000
2.7736,16.535885291066997,-1.0526357287663062,0.00019,1784052899999,5e-05,2.5386,403.0,-0.4801987915690866,16560217691.0,-0.02187565655438206,0.14440514304524932,3143129.3177518,-1.4509726655197095,1.3271,-0.656235403224154,0.10537407797681642,6663.9617723,-0.6635614758258741,43.60053594634203,AKEUSDT_15m_limit500_20260717_211231_enriched_candles.csv,15.746576357352494,15m,1784052000000
2.7736,20.616318318565817,-1.0240509313177422,0.0001899,1784055599999,5e-05,2.5386,1018.0,-0.7499571346153846,16560217691.0,-0.06055398685910207,0.1542379646616875,3143129.3177518,-3.014273574795054,1.3271,-0.8556513055059733,0.05268703898841931,20987.4120483,-0.758503428155681,45.3586390175495,AKEUSDT_1h_limit500_20260717_211343_enriched_candles.csv,0.4144064980467355,1h,1784052000000
2.7722,20.15934519177489,-0.8446218728207541,0.0001898,1784053799999,5e-05,2.5311,231.0,-0.752163070211516,16561188573.0,0.005862736940520641,0.14318962780334563,3145300.93378416,-1.448865595667049,1.3276,-0.6565916748383719,-0.10526315789474161,4656.8087393,-0.7410592189662911,42.48110494021453,AKEUSDT_15m_limit500_20260717_211231_enriched_candles.csv,-9.104814297435237,15m,1784052900000
2.7481,25.683850808810572,-0.5266219429986458,0.0001902,1784054699999,5e-05,2.5186,227.0,-0.75880096875,16563760649.0,0.015530745203840013,0.14273039228088208,3143801.7711802,-1.4511031215256323,1.3282,-0.3421332273602856,0.21074815595363283,5830.2341336,-0.6919393184914973,45.495186770698155,AKEUSDT_15m_limit500_20260717_211231_enriched_candles.csv,-23.928340900755213,15m,1784053800000
2.7523,24.4357159433121,-0.5965346827833892,0.0001899,1784055599999,5e-05,2.5348,157.0,-0.8703864188311687,16564854527.0,0.006604043750568778,0.14553018723641806,3148978.8455827,-1.4456293950116479,1.3277,-0.5001015253752739,-0.1577287066245936,3836.4074031,-0.770056070432027,43.64782048479505,AKEUSDT_15m_limit500_20260717_211231_enriched_candles.csv,22.33077374440852,15m,1784054700000
2.7495,18.890043744311377,-0.9151906757256949,0.0001903,1784056499999,5e-05,2.5186,167.0,-0.8546725910165485,16567662780.0,0.01695307975946303,0.1493027544849798,3145702.1320386,-1.4501807502813508,1.3282,-0.3422955599155647,0.21063717746181432,3154.6373053,-0.7937791323533756,46.75245560221067,AKEUSDT_15m_limit500_20260717_211231_enriched_candles.csv,15.577675794120063,15m,1784055600000
2.7495,19.432384342290074,-1.1169165076909813,0.0001893,1784059199999,5e-05,2.5186,655.0,-1.020267773652365,16567662780.0,0.04495767591294886,0.1555496444146147,3145702.1320386,-2.992636901324556,1.3282,-0.4123203392765771,-0.3159557661927437,12728.2117442,-0.88448210231914,43.54349686860203,AKEUSDT_1h_limit500_20260717_211343_enriched_candles.csv,6.723078921042763,1h,1784055600000
2.7467,21.02590953972603,-0.7905767819650025,0.0001897,1784057399999,5e-05,2.5125,146.0,-0.887865061907583,16558968917.0,-0.05247489109021508,0.1536988177920252,3149019.11894589,-1.444398710720645,1.328,-0.029723281220163177,-0.31529164477140936,3069.7827928,-0.7943892511512295,42.931662695849184,AKEUSDT_15m_limit500_20260717_211231_enriched_candles.csv,-53.14149281265722,15m,1784056500000
2.7523,16.627185836574075,-1.0454109027334186,0.0001895,1784058299999,5e-05,2.5273,216.0,-0.7735854004739336,16553625670.0,-0.03226799341663478,0.1599302995301568,3140222.789599,-1.4529824093373145,1.3285,-0.6562446833084027,-0.10542962572482883,3591.4721407,-0.7724124597095495,41.70808171780623,AKEUSDT_15m_limit500_20260717_211231_enriched_candles.csv,27.838641674807178,15m,1784057400000
2.7523,23.113646868253966,-0.6692316009115697,0.0001893,1784059199999,5e-05,2.5199,126.0,-0.9161219024317913,16559939330.0,0.03814064740779166,0.169007275043423,3138108.503035,-1.4605078901699926,1.3281,-0.6560940559833895,-0.10554089709762238,2912.3195054,-0.7993854154057668,40.46605605215418,AKEUSDT_15m_limit500_20260717_211231_enriched_candles.csv,34.19335993710713,15m,1784058300000
2.758,10.611145414795919,-1.3999725631742688,0.0001893,1784060099999,5e-05,2.5162,196.0,-0.8026588236342043,16554812401.0,-0.030959829609467082,0.17179558283812907,3133825.9875093,-1.4713246203186843,1.3275,-0.974571773071733,0.0,2079.7845013,-0.8327638625610397,40.46605605215418,AKEUSDT_15m_limit500_20260717_211231_enriched_candles.csv,22.500046808094737,15m,1784059200000
2.758,15.933414970630631,-1.3658231683059245,0.0001896,1784062799999,5e-05,2.5162,555.0,-1.0927031082048457,16554812401.0,-0.07756301640514662,0.15350949902299732,3133825.9875093,-3.061494034962457,1.3275,-0.6774092217766385,0.15847860538826808,8843.0453087,-0.94323323610063,44.734356424471294,AKEUSDT_1h_limit500_20260717_211343_enriched_candles.csv,1.7030916663044868,1h,1784059200000
2.758,18.066157203861476,-1.4512254810668108,0.0001898,1784073599999,5e-05,2.5162,3263.0,-1.1251207708783297,16554812401.0,-0.701435922626692,5.157186211578162,3133825.9875093,-2.8029759470201934,1.3275,-0.7980550182480711,0.2641310089804616,58949.8709562,-1.033268365660321,39.65729885286087,AKEUSDT_4h_limit500_20260717_211446_enriched_candles.csv,0.8403833307253302,4h,1784059200000
2.7467,23.796356467961164,-0.6266689919920022,0.0001889,1784060999999,5e-05,2.5002,103.0,-0.952646428784267,16557268177.0,0.014834212194703156,0.17238670760567773,3133463.00249725,-1.4750887557323553,1.3278,-0.3332801017275143,-0.21130480718435374,2451.0247162,-0.814832985432649,37.85152897422842,AKEUSDT_15m_limit500_20260717_211231_enriched_candles.csv,-56.34736357702668,15m,1784060100000
2.7523,15.97218993561644,-1.084205340998788,0.0001889,1784061899999,5e-05,2.5063,146.0,-0.8842592894736843,16555942550.0,-0.00800631472431812,0.17068042277569767,3127417.547695,-1.4853947036873458,1.3276,-0.9774486329910961,0.0,2331.9397306,-0.8171879515670508,37.85152897422843,AKEUSDT_15m_limit500_20260717_211231_enriched_candles.csv,4.71029454829599,15m,1784061000000
2.7467,18.002694187272727,-0.9629389140308756,0.0001896,1784062799999,5e-05,2.4941,110.0,-0.9429916648681055,16559559476.0,0.021846693349392154,0.17285900171673685,3128100.7850164,-1.4851560924316551,1.3274,0.15376894558428622,0.37056643726838256,1980.2963606,-0.829543513114625,45.056408529256736,AKEUSDT_15m_limit500_20260717_211231_enriched_candles.csv,48.169520410115936,15m,1784061900000
2.7509,28.242059227358492,-0.35951704026220493,0.0001892,1784063699999,5e-05,2.4965,212.0,-0.7782574038461539,16562062190.0,0.015113409288614044,0.17436832821254172,3138013.9231393,-1.4736225519425281,1.3275,-0.3339809406292976,-0.21097046413502962,5987.3165562,-0.6694745845056075,42.05606136605841,AKEUSDT_15m_limit500_20260717_211231_enriched_candles.csv,-13.379102759657757,15m,1784062800000
2.7509,20.289966414928912,-1.0349302287363527,0.00019,1784066399999,5e-05,2.4965,844.0,-0.8760186609702315,16562062190.0,0.04379263759921592,0.1546926140329563,3138013.9231393,-3.0550210095396553,1.3275,-0.5877541419758637,0.21097046413502962,17124.7316542,-0.8077082270399797,46.35903180402873,AKEUSDT_1h_limit500_20260717_211343_enriched_candles.csv,6.229435081035925,1h,1784062800000
2.7552,17.760781851633986,-0.9724615753254294,0.0001892,1784064599999,5e-05,2.5199,153.0,-0.8698647857572115,16555319030.0,-0.04071449510720804,0.16833802183305804,3130610.828573,-1.4882193607134744,1.3277,-0.9775038002337635,0.0,2717.3996233,-0.7983485542644566,42.05606136605841,AKEUSDT_15m_limit500_20260717_211231_enriched_candles.csv,-7.471502607093177,15m,1784063700000
2.7538,20.084693816666665,-0.8323165357997477,0.0001895,1784065499999,5e-05,2.5162,312.0,-0.6109508605072465,16552018591.0,-0.019935822402572523,0.16442671852478785,3128165.99351309,-1.4950661676235464,1.3272,-0.49302799464818736,0.1585623678646897,6266.4244708,-0.6535359460543002,45.22854814713791,AKEUSDT_15m_limit500_20260717_211231_enriched_candles.csv,30.39125880913826,15m,1784064600000
2.7383,12.895754514371257,-1.2481429740689773,0.00019,1784066399999,5e-05,2.4831,167.0,-0.8484457439172749,16555163647.0,0.019001041973876198,0.16469970200872128,3136375.75292415,-1.485691531031867,1.3276,-0.16989263974340169,0.26385224274407815,2153.5910039,-0.8175345165994581,50.12938212928004,AKEUSDT_15m_limit500_20260717_211231_enriched_candles.csv,7.72702802893613,15m,1784065500000
2.7453,22.21527362280702,-0.7022325112554639,0.0001894,1784067299999,5e-05,2.4904,513.0,-0.2750346553398058,16555584925.0,0.002544692453554376,0.16328886072611898,3145561.13575,-1.4755112260255254,1.3276,-0.008698894226891301,-0.31578947368421373,11396.4353685,-0.443016272937309,44.933579086809935,AKEUSDT_15m_limit500_20260717_211231_enriched_candles.csv,-4.62830359006744,15m,1784066400000
2.7453,19.507289167247386,-1.081642671385282,0.0001903,1784069999999,5e-05,2.4904,1148.0,-0.6490090261111111,16555584925.0,-0.03910904889555811,0.15343382357056493,3145561.13575,-3.0166127101544324,1.3276,-0.6783967346708303,0.1578947368420902,22394.367964,-0.7256266648292515,47.60315238132925,AKEUSDT_1h_limit500_20260717_211343_enriched_candles.csv,1.88732017478427,1h,1784066400000
2.7453,14.50805462689655,-1.1516567035961802,0.0001896,1784068199999,5e-05,2.4843,145.0,-0.878805988138686,16553668131.0,-0.011577929796402486,0.15985309864275815,3135264.7440114,-1.487950860234491,1.3279,-0.6553777625217329,0.10559662090814381,2103.6679209,-0.8154853066472342,46.9089342867288,AKEUSDT_15m_limit500_20260717_211231_enriched_candles.csv,35.12458064122016,15m,1784067300000
2.7341,19.998732893645485,-0.8306729254065023,0.0001906,1784069099999,5e-05,2.4855,299.0,-0.6252569215328467,16552151672.0,-0.0091608638520424,0.15667524646770928,3134480.96212664,-1.4878505766488828,1.3274,0.6505237482574118,0.5274261603375408,5979.6211352,-0.654119313495637,55.5037480101693,AKEUSDT_15m_limit500_20260717_211231_enriched_candles.csv,3.429805042207581,15m,1784068200000
2.7286,15.259913818848167,-1.1061394513287706,0.0001903,1784069999999,5e-05,2.4614,191.0,-0.8055477831064357,16553168725.0,0.006144536493835062,0.1487595877348006,3153544.17379975,-1.463936962200663,1.3276,-0.49559220464794734,-0.15739769150052707,2914.6435394,-0.7769263327244815,52.745058992624024,AKEUSDT_15m_limit500_20260717_211231_enriched_candles.csv,0.210014340253078,15m,1784069100000
2.723,13.840411993165468,-1.1879853094818666,0.0001905,1784070899999,5e-05,2.4698,278.0,-0.6575852449874687,16553487704.0,0.0019269966089252577,0.1405465610870799,3150128.7100712,-1.471057227920326,1.328,-0.6569641684685377,0.10509721492379942,3847.6345341,-0.7350080005218743,54.373206716701446,AKEUSDT_15m_limit500_20260717_211231_enriched_candles.csv,6.648461459446699,15m,1784070000000
2.723,14.787326856564246,-1.4069160807769296,0.0001898,1784073599999,5e-05,2.4698,716.0,-0.9765339814814815,16553487704.0,-0.012667755379835999,0.15287672555279955,3150128.7100712,-2.986479639732869,1.328,-0.5003292839363551,-0.26274303730949855,10587.7260293,-0.9104639795586728,45.70066486181926,AKEUSDT_1h_limit500_20260717_211343_enriched_candles.csv,-10.810893116542758,1h,1784070000000
2.7244,12.232489636231884,-1.2778946560302822,0.00019,1784071799999,5e-05,2.4758,138.0,-0.895355411209068,16550362713.0,-0.018878142515221796,0.13352525679332566,3150858.05330094,-1.4695414915768936,1.3279,-0.1681844212221591,-0.2624671916010457,1688.0835698,-0.8232506394625406,49.75758151137701,AKEUSDT_15m_limit500_20260717_211231_enriched_candles.csv,-30.017294431698936,15m,1784070900000
2.7244,17.97246730130719,-0.9404630747843912,0.0001901,1784072699999,5e-05,2.471,153.0,-0.8708601835443038,16552351354.0,0.012015694365641316,0.12964915073158575,3144946.75726,-1.4760156041813468,1.3279,-0.8202505763662518,0.052631578947370805,2749.7874971,-0.7798265215148565,50.65969688048269,AKEUSDT_15m_limit500_20260717_211231_enriched_candles.csv,-10.731330410484757,15m,1784071800000
2.7244,15.66136345782313,-1.0729127808255725,0.0001898,1784073599999,5e-05,2.4638,147.0,-0.8805126013941699,16553190201.0,0.005067841915984417,0.12127669281959765,3146761.4572101,-1.474289342064582,1.3289,-0.492502668378433,-0.15781167806417917,2302.2204283,-0.7991787204458748,47.88209119294827,AKEUSDT_15m_limit500_20260717_211231_enriched_candles.csv,-26.002307986730848,15m,1784072700000
2.7313,16.649458868154763,-1.0121223049029615,0.0001906,1784074499999,5e-05,2.4698,336.0,-0.5549599208860759,16550720896.0,-0.014917396405256245,0.111024618640374,3139506.24676224,-1.4843327111859892,1.3288,0.32993128011146733,0.42149631190726566,5594.2181797,-0.6622783996353413,54.972048374889,AKEUSDT_15m_limit500_20260717_211231_enriched_candles.csv,10.4168589529565,15m,1784073600000
2.7313,13.580050028604505,-1.4947949721410778,0.0001907,1784077199999,5e-05,2.4698,4751.0,2.078730475308642,16550720896.0,-0.016714350772928377,0.1489050654969222,3139506.24676224,-3.0291397673775755,1.3288,-0.14332483443703398,0.474183350895685,64518.8176859,-0.06374866272885656,49.6048635966199,AKEUSDT_1h_limit500_20260717_211343_enriched_candles.csv,17.87244364711912,1h,1784073600000
2.7313,18.10893239555821,-1.4538567389387282,0.0001894,1784087999999,5e-05,2.4698,9208.0,0.32329032769490323,16550720896.0,-0.024714898006050756,5.063472318361354,3139506.24676224,-2.7794670963451633,1.3288,-0.8192268273023721,-0.21074815595364393,166747.0494983,-0.5485040769024082,39.26161679381255,AKEUSDT_4h_limit500_20260717_211446_enriched_candles.csv,5.525880888581438,4h,1784073600000
2.7313,82.08488654435804,2.787597975373682,0.0006777,1784159999999,5e-05,2.4698,11254743.0,345.98977881768184,16550720896.0,-16.312376071893365,5.6303311004128,3139506.24676224,-2.4821540141091707,1.3288,61.21189736931921,257.0600632244468,923844302.2409078,453.8839678650559,76.45862183572254,AKEUSDT_1d_limit500_20260717_212121_enriched_candles.csv,2.7653817730830585,1d,1784073600000
2.7175,14.240975614285714,-1.1513778805983192,0.0001905,1784075399999,5e-05,2.4352,105.0,-0.9509620713832487,16552080183.0,0.008212856760381193,0.10203537230491573,3153171.2748615,-1.4684247152478538,1.3285,-0.8209227352031598,-0.05246589716684236,1495.3024395,-0.8338308417034475,53.98346772404508,AKEUSDT_15m_limit500_20260717_211231_enriched_candles.csv,25.326822794901222,15m,1784074500000
2.7175,16.435973590369297,-1.022202302868116,0.0001915,1784076299999,5e-05,2.4471,1381.0,1.2342820044416243,16551161207.0,-0.005552027236699342,0.09193250689445392,3152996.2099335,-1.4624321768183792,1.3285,0.6525278251695181,0.5249343832020914,22698.0795283,0.05401613819162113,61.44942829920213,AKEUSDT_15m_limit500_20260717_211231_enriched_candles.csv,11.50354928770293,15m,1784075400000
2.7161,11.85770486118129,-1.2841383203642012,0.0001907,1784077199999,5e-05,2.4518,2929.0,3.8785297791508238,16536846115.0,-0.08648995572555496,0.08224838463142439,3163994.76718295,-1.447427115760054,1.3268,0.3178806326627214,-0.41775456919059817,34731.2175384,0.5536261577214661,53.91338972130822,AKEUSDT_15m_limit500_20260717_211231_enriched_candles.csv,22.914688037068547,15m,1784076300000
2.7106,15.591787851707892,-1.0655712905123158,0.0001905,1784078099999,5e-05,2.4376,849.0,0.3210229696202532,16527102365.0,-0.058921452931470775,0.07523698757873643,3153040.5891947,-1.4608566933915743,1.3271,-0.6578124080379704,-0.10487676979549221,13237.4278861,-0.34514946575891,52.19017763001843,AKEUSDT_15m_limit500_20260717_211231_enriched_candles.csv,41.37067050654548,15m,1784077200000
2.7106,23.57048740230297,-0.777273421377964,0.0001885,1784080799999,5e-05,2.4376,1954.0,-0.03927599888017917,16527102365.0,-0.14270394110571516,0.14148280989904854,3153040.5891947,-2.951760092024268,1.3271,1.0202485390989602,-1.153644467750392,46056.7323841,-0.3527044416691343,41.7100333506132,AKEUSDT_1h_limit500_20260717_211343_enriched_candles.csv,-12.81379683361427,1h,1784077200000
2.7023,23.14552099144144,-0.6239055910387687,0.00019,1784078999999,5e-05,2.4542,222.0,-0.7503805056890013,16524566755.0,-0.01534213284337671,0.07248343320127236,3144625.0534765,-1.4727030312842486,1.3268,-0.1662852368353505,-0.2624671916010457,5138.3056601,-0.6823119233479005,48.054901816570336,AKEUSDT_15m_limit500_20260717_211231_enriched_candles.csv,-30.121961955643524,15m,1784078100000
2.7064,38.58269220190024,0.27538621220171433,0.0001882,1784079899999,5e-05,2.453,421.0,-0.40981655696202535,16520964111.0,-0.02180174556715153,0.06911451884373605,3138322.34252556,-1.4862167535917086,1.3268,1.9707416248988001,-0.9473684210526412,16243.313417,-0.21658791908637912,36.76207024146345,AKEUSDT_15m_limit500_20260717_211231_enriched_candles.csv,-62.09069652774527,15m,1784079000000
2.7538,24.7568948504329,-0.5319222277374154,0.0001885,1784080799999,5e-05,2.4819,462.0,-0.3393820415082383,16528201586.0,0.04380782472119815,0.07247368721076379,3106144.92405698,-1.517163685327583,1.331,-0.4876844497777638,0.15940488841659217,11437.6854209,-0.4178499700563006,39.321444644813575,AKEUSDT_15m_limit500_20260717_211231_enriched_candles.csv,2.232235949009961,15m,1784079900000
2.7064,21.664032969873414,-0.7134204296828791,0.0001879,1784081699999,5e-05,2.4518,395.0,-0.4536542734771573,16532510567.0,0.026070477042394735,0.07413210329150027,3116378.2418795,-1.5035714653003636,1.3313,0.008099253620383728,-0.31830238726791027,8557.2930231,-0.5386809110042756,36.16860010426522,AKEUSDT_15m_limit500_20260717_211231_enriched_candles.csv,7.446589525213622,15m,1784080800000
2.7064,20.95720013662491,-0.9651419653278603,0.0001893,1784084399999,5e-05,2.4518,1357.0,-0.49053800000000003,16532510567.0,0.03272323169882796,0.14202688068382158,3116378.2418795,-3.0880521736996824,1.3313,-0.22741792809562278,0.42440318302385815,28438.9205854,-0.6307329469483405,45.12987854664503,AKEUSDT_1h_limit500_20260717_211343_enriched_candles.csv,15.124565587092597,1h,1784080800000
2.7202,24.412762182978724,-0.5492411886861669,0.0001877,1784082599999,5e-05,2.4518,376.0,-0.48679819313850065,16539542090.0,0.042531489524866295,0.07707751901054101,3107779.958711,-1.5088778509044467,1.3321,-0.6529560831802311,-0.10643959552952831,9179.1985808,-0.5117501645287275,35.156684184511235,AKEUSDT_15m_limit500_20260717_211231_enriched_candles.csv,-4.25804985216843,15m,1784081700000
2.7244,19.972506387700534,-0.8056823842078298,0.0001891,1784083499999,5e-05,2.4638,374.0,-0.4908500470737913,16539671601.0,0.0007830386070883932,0.07602759457141255,3104496.3595077,-1.5166394450354181,1.3314,1.3422889207996815,0.745871070857751,7469.717389,-0.5834739483346684,46.450718436546005,AKEUSDT_15m_limit500_20260717_211231_enriched_candles.csv,44.95471918047421,15m,1784082600000
2.7523,15.248639587264151,-1.0812051056854257,0.0001893,1784084399999,5e-05,2.4317,212.0,-0.7701070708812261,16548639540.0,0.05422078029322375,0.0810966678091258,3129347.737014,-1.484402038426836,1.3386,-0.6550627904435038,0.10576414595453443,3232.7115925,-0.7634013641843349,47.84818039660768,AKEUSDT_15m_limit500_20260717_211231_enriched_candles.csv,21.557787206159503,15m,1784083500000
2.7481,25.732793145762713,-0.46782627418630257,0.00019,1784085299999,5e-05,2.4223,354.0,-0.5230736836734694,16547781665.0,-0.005183960880450478,0.08048807194291543,3132495.0691845,-1.4812444418392425,1.3387,0.16874225679263474,0.3697834125726551,9109.4087736,-0.5134587650600558,52.518665494959365,AKEUSDT_15m_limit500_20260717_211231_enriched_candles.csv,13.198557202575204,15m,1784084400000
2.7481,24.19945797809773,-0.7313715770972579,0.0001894,1784087999999,5e-05,2.4223,1146.0,-0.6509698599550056,16547781665.0,0.09237010881144592,0.144184544138292,3132495.0691845,-3.014581087563461,1.3387,-0.8540980025226642,0.05282620179609676,27732.5788429,-0.641885406983613,45.55983725734707,AKEUSDT_1h_limit500_20260717_211343_enriched_candles.csv,-2.583578961620556,1h,1784084400000
2.7327,30.684470345189506,-0.17815762550094574,0.0001889,1784086199999,5e-05,2.3956,343.0,-0.5406348253865979,16547497934.0,-0.0017146165313564055,0.07562847759870377,3139225.83305914,-1.477758985843958,1.3375,0.8209070999959681,-0.5789473684210567,10524.7733284,-0.4527307858678594,45.60671463846293,AKEUSDT_15m_limit500_20260717_211231_enriched_candles.csv,-46.58169186001185,15m,1784085300000
2.7244,20.49473741483051,-0.7729244027405849,0.0001892,1784087099999,5e-05,2.4118,236.0,-0.7271842617187501,16529612079.0,-0.10808797240124957,0.06073212061662816,3120790.7605152,-1.50523970871935,1.3354,-0.4900688824784935,0.15881418740073538,4836.7580299,-0.6954516587993812,47.631012381304416,AKEUSDT_15m_limit500_20260717_211231_enriched_candles.csv,35.979809648157634,15m,1784086200000
2.7147,15.312857798122065,-1.0738150685738097,0.0001894,1784087999999,5e-05,2.3921,213.0,-0.7679484604575164,16531780771.0,0.013120041714431707,0.061330124630793466,3124506.565719,-1.4988030957515497,1.3354,-0.6553372536119729,0.10570824524314126,3261.638711,-0.7629035344241644,48.99385291849615,AKEUSDT_15m_limit500_20260717_211231_enriched_candles.csv,38.12677179744203,15m,1784087100000
2.7161,21.311768789423077,-0.7224333191267234,0.0001889,1784088899999,5e-05,2.3944,208.0,-0.7751335085078535,16529446734.0,-0.014118485070246933,0.05933999795917212,3126710.14420344,-1.491626770598697,1.3351,-0.1613961081733228,-0.2639915522703151,4432.8479082,-0.7127372500965364,45.7859046498495,AKEUSDT_15m_limit500_20260717_211231_enriched_candles.csv,-34.5695454149306,15m,1784088000000
2.7161,57.4990778841883,1.6788359082956086,0.0002613,1784091599999,5e-05,2.3944,82186.0,60.86956851350591,16529446734.0,-0.11079993301326141,0.14056916917860046,3126710.14420344,-3.0422446180138243,1.3351,64.29644268403314,37.96198521647307,4725619.2149899,74.11412170955005,92.29702981090739,AKEUSDT_1h_limit500_20260717_211343_enriched_candles.csv,1.0458932196297674,1h,1784088000000
2.7161,83.22643941500108,3.6531508324252333,0.0005596,1784102399999,5e-05,2.3944,1966966.0,475.6558531471382,16529446734.0,-0.1285391865023966,4.9592482702222265,3126710.14420344,-2.83748838488306,1.3351,126.45955252080671,195.45934530095042,163703576.630367,728.9311088803092,94.450344243528,AKEUSDT_4h_limit500_20260717_211446_enriched_candles.csv,4.736510144912896,4h,1784088000000
2.712,55.83932639172414,1.3036903808214102,0.0001873,1784089799999,5e-05,2.4072,725.0,0.1377230379581152,16525917443.0,-0.02135153739138973,0.05679988264143352,3119597.43571511,-1.5004805056541268,1.3345,1.6591576958676406,-0.847008999470622,40483.511634,0.8403788362585223,37.356663094378014,AKEUSDT_15m_limit500_20260717_211231_enriched_candles.csv,-34.75053792711208,15m,1784088900000
2.7651,57.587213941101155,1.3948914853577854,0.000188,1784090699999,5e-05,2.427,781.0,0.23660111649214657,16516864848.0,-0.0547781690863669,0.051088411964769716,3091461.59360016,-1.534818663636037,1.3323,0.18109108347467076,0.3737319807795014,44975.614088,1.025545100545007,42.356647733934,AKEUSDT_15m_limit500_20260717_211231_enriched_candles.csv,-0.17635775477085766,15m,1784089800000
2.7133,57.60671092255319,1.3918779660209164,0.0002613,1784091599999,5e-05,2.4095,80472.0,140.75851649444445,16521378620.0,0.027328261395487274,0.04982120964128598,3106019.18056,-1.5053066229182486,1.3317,120.65860517659551,38.98936170212768,4635727.2413597,196.3603451815679,94.2361652131303,AKEUSDT_15m_limit500_20260717_211231_enriched_candles.csv,1.4044161570343734,15m,1784090700000
1.5867,75.37958011099751,2.4227072849215787,0.00026,1784092499999,5e-05,1.5132,36290.0,62.601079921875,20530064049.0,24.263625458878323,2.327058653335661,5433692.05184883,1.6828944492651168,1.3613,0.5646171853161862,-0.4975124378109541,2735524.9622281,114.7068397670001,92.64363980823757,AKEUSDT_15m_limit500_20260717_211231_enriched_candles.csv,4.118649844581662,15m,1784091600000
1.5867,78.5790720218823,3.1926105548904844,0.0003492,1784095199999,5e-05,1.5132,310132.0,233.77860257367828,20530064049.0,24.20297169881065,0.7963743709670154,5433692.05184883,7.4725341692434455,1.3613,56.291927638151144,33.639494833524665,24369884.7642904,384.05762385771976,96.3840654973365,AKEUSDT_1h_limit500_20260717_211343_enriched_candles.csv,4.334476297915143,1h,1784091600000
1.2548,69.66626654639255,2.0899305904050234,0.0002958,1784093399999,5e-05,1.2396,88747.0,153.1387256359536,22299057957.0,8.616601992949779,3.331033340987953,5779915.8224544,2.1377431840640617,1.3277,41.81634693530777,13.769230769230777,6182672.1571927,259.6976854687652,95.0996125446492,AKEUSDT_15m_limit500_20260717_211231_enriched_candles.csv,6.246620107106923,15m,1784092500000
0.9881,77.2375942234516,2.529069641676479,0.0002996,1784094299999,5e-05,1.0799,73995.0,126.18636427487246,25053014893.0,12.350104391452522,4.893222696095038,7350304.03945727,4.192262755590907,1.3231,2.9974541865505575,1.2846517917511902,5715195.7845643,239.3695534747344,95.27975271148173,AKEUSDT_15m_limit500_20260717_211231_enriched_candles.csv,3.007050392038336,15m,1784093400000
0.8836,87.63719046179388,3.1322461535538646,0.0003492,1784095199999,5e-05,0.9845,111100.0,189.54534982124682,26339591577.0,5.135416593551301,5.618805223073296,7883439.7589961,4.897536657455306,1.2779,50.15486480216704,16.555407209612795,9736491.8603053,407.88870761872556,96.88787711288948,AKEUSDT_15m_limit500_20260717_211231_enriched_candles.csv,3.960084704952548,15m,1784094300000
0.6584,79.3711748974493,2.6495777711925026,0.0003988,1784096099999,5e-05,0.7683,266789.0,455.5870118724619,29997023345.0,13.885681398316386,7.689968586823814,10405967.3983805,8.266554508400608,1.2349,42.85454890334791,14.203894616265744,21175356.3797156,886.987678697798,97.72321417805122,AKEUSDT_15m_limit500_20260717_211231_enriched_candles.csv,3.439002564957923,15m,1784095200000
0.6584,82.43412239359306,3.4587547654022983,0.000424,1784098799999,5e-05,0.7683,668619.0,504.62885545061727,29997023345.0,46.112663230883236,2.3484304162714476,10405967.3983805,29.97217676326896,1.2349,35.12880933735156,21.420389461626588,55117020.4806818,869.3700519871138,97.56705320239573,AKEUSDT_1h_limit500_20260717_211343_enriched_candles.csv,2.8428250388969865,1h,1784095200000
0.5696,81.93946595989688,2.777239737287527,0.0003952,1784096999999,5e-05,0.6855,155923.0,265.7951828788071,32751147861.0,9.181326041335591,9.2148768732062,12998930.5860309,11.745832172596087,1.2326,1.8020790008086647,-0.9027081243731194,12776247.350865,532.3369771864907,95.71508832782808,AKEUSDT_15m_limit500_20260717_211231_enriched_candles.csv,2.152627869792921,15m,1784096100000
0.5477,82.69653536030722,2.8094280923577384,0.0004044,1784097899999,5e-05,0.6423,111320.0,189.43917699238577,34743542327.0,6.083434004988075,10.299322704382659,13661160.8429764,12.634603733230353,1.13,6.181288139532607,2.327935222672073,9205778.3163094,381.5520930425712,95.94444605510554,AKEUSDT_15m_limit500_20260717_211231_enriched_candles.csv,3.488076517855268,15m,1784097000000
0.5108,88.86176550329378,3.1536437189719124,0.000424,1784098799999,5e-05,0.6033,134587.0,228.9785842924588,35985562705.0,3.574823678916572,10.893193790732996,14506500.0376396,13.617493071248902,1.0311,13.897191899665474,4.846686449060322,11959638.4337918,495.2108300062106,96.38802340090459,AKEUSDT_15m_limit500_20260717_211231_enriched_candles.csv,2.0279020833166266,15m,1784097900000
0.4885,87.39961720258961,3.0592288782615538,0.00048,1784099699999,5e-05,0.5873,268072.0,456.6227304740506,39196523821.0,8.922914843162522,12.564624554987484,16672241.40726235,16.327238419223836,1.0092,39.47420013338212,13.207547169811317,23429390.1827326,969.530040844121,97.29751564969844,AKEUSDT_15m_limit500_20260717_211231_enriched_candles.csv,5.996208126096205,15m,1784098800000
0.4885,87.73565986343141,3.835708588806122,0.0005596,1784102399999,5e-05,0.5873,906029.0,682.8155064549271,39196523821.0,30.668044526269323,3.8551187219155922,16672241.40726235,58.185610663800055,1.0092,52.78933221801803,31.981132075471706,79491052.1704049,1253.424032448439,98.51532634830834,AKEUSDT_1h_limit500_20260717_211343_enriched_candles.csv,6.392196488956631,1h,1784098800000
0.4364,78.31057794614429,2.5316626905757382,0.0005014,1784100599999,5e-05,0.5378,196527.0,333.60842142361105,40356572174.0,2.959569471766499,13.125795981292939,19310216.21953726,19.76919028826845,1.0026,12.64732676672366,4.458333333333342,15390142.9520219,634.1187330025749,97.55126571660777,AKEUSDT_15m_limit500_20260717_211231_enriched_candles.csv,6.207724561378335,15m,1784099700000
0.413,80.28963483645009,2.6370349781146656,0.0005047,1784101499999,5e-05,0.4995,238079.0,403.36186016624686,43881057718.0,8.733362013017242,14.972357011407182,21984409.916718,23.249786882864008,1.0052,1.0308379051850673,0.6581571599521219,19115275.9722272,784.9352057113927,97.58886242455937,AKEUSDT_15m_limit500_20260717_211231_enriched_candles.csv,3.5913910221261154,15m,1784100600000
0.4304,106.00509986881403,4.090579990524724,0.0005596,1784102399999,5e-05,0.5131,203351.0,342.6306502969925,45198332882.0,3.001922087807052,15.665919416062037,22723009.87309668,24.09358219513552,1.0038,32.18380002345217,10.877749157915616,21556243.0634232,877.2358911309828,98.10902305553581,AKEUSDT_15m_limit500_20260717_211231_enriched_candles.csv,9.437949148506759,15m,1784101500000
0.3841,85.87699879376264,2.944821150537637,0.0005398,1784103299999,5e-05,0.455,508195.0,853.6719048329177,48480912074.0,7.262611213050452,17.42744642534828,27128948.77836892,29.68111988984006,1.0221,9.720810639309635,-3.538241601143677,43642261.4019962,1762.3729092614817,90.52400245430286,AKEUSDT_15m_limit500_20260717_211231_enriched_candles.csv,6.661091550410421,15m,1784102400000
0.3841,81.16783574758333,3.326483923638063,0.0006699,1784105999999,5e-05,0.455,1239384.0,924.2451627436324,48480912074.0,23.686764406454273,5.373277430043682,27128948.77836892,104.33585993983968,1.0221,32.09905814024167,19.710507505360965,100598116.9401828,1575.3255474761588,98.89321549353969,AKEUSDT_1h_limit500_20260717_211343_enriched_candles.csv,4.611114974883504,1h,1784102400000
0.3841,80.60823235995716,3.2695867433490347,0.0005437,1784116799999,5e-05,0.455,2767473.0,653.6211911010536,48480912074.0,193.3002710506814,29.993532495617593,27128948.77836892,101.1960468611092,1.0221,0.8866113391411635,-2.8413152251608342,223081106.6339077,973.2658590334247,90.64094096223582,AKEUSDT_4h_limit500_20260717_211446_enriched_candles.csv,1.835672899893831,4h,1784102400000
0.4302,75.91155322414544,2.3640613015186758,0.0006141,1784104199999,0.00141665,0.5004,304132.0,502.2813442953988,43753496461.0,-9.7510863776329,14.849999880645857,23855718.87543103,25.19557061244318,1.123,40.301878079309304,13.764357169321983,23087132.5051658,931.5658811011243,92.77982069208142,AKEUSDT_15m_limit500_20260717_211231_enriched_candles.csv,2.6935911372711794,15m,1784103300000
0.4182,76.01867952375365,2.360001786507497,0.0006036,1784105099999,0.00141665,0.5181,244834.0,397.7762570567633,44711302426.0,2.1890958265558202,15.368383022935573,27408028.387138,29.586278013101705,1.097,4.145012541499593,-1.7098192476795337,18611957.3825187,750.5565138947786,89.5359626529033,AKEUSDT_15m_limit500_20260717_211231_enriched_candles.csv,1.5059358394972162,15m,1784104200000
0.4182,83.7257955938718,2.7888263436423486,0.0006699,1784105999999,0.00141665,0.5193,182223.0,295.4126789852232,44861586675.0,0.33612138507645994,15.407093023066494,27027760.12408725,28.810924474539082,1.0875,31.84743531459618,10.98409542743537,15256765.6505021,612.9939057153805,91.54590779382195,AKEUSDT_15m_limit500_20260717_211231_enriched_candles.csv,5.436845366576116,15m,1784105100000
0.3897,77.3090116185117,2.418824860467028,0.0006325,1784106899999,0.00141665,0.4839,134785.0,217.95608056385544,44912564412.0,0.11363337941947549,15.391827061653332,29893802.8726272,32.02013662750433,1.0506,15.700851195929854,-5.582922824302128,10420095.1310011,417.8592391199671,81.97981451145459,AKEUSDT_15m_limit500_20260717_211231_enriched_candles.csv,-1.9279105326171837,15m,1784106000000
0.3897,72.55032312392727,2.6844906672128332,0.0005758,1784109599999,0.00141665,0.4839,619314.0,456.03190225301205,44912564412.0,-7.360314625585773,4.785403707206695,29893802.8726272,116.39012946212618,1.0506,22.58373221543494,-14.046872667562315,44931430.8151719,698.0818683129252,80.1502924661462,AKEUSDT_1h_limit500_20260717_211343_enriched_candles.csv,-1.6619653188737167,1h,1784106000000
0.4049,71.84863554511146,2.104177566271155,0.0005817,1784107799999,0.00141665,0.491,178990.0,287.71667311842106,45385812824.0,1.0537105110692613,15.585813303605901,28765074.30972296,30.520132909380663,1.0521,23.001124160158767,-8.031620553359687,12860187.2762195,511.5062522622695,71.11041216179174,AKEUSDT_15m_limit500_20260717_211231_enriched_candles.csv,-4.151204280098455,15m,1784106900000
0.4037,71.03615280526618,2.0506133073381902,0.0005905,1784108699999,0.00141665,0.4751,184194.0,293.99902744239904,45812401786.0,0.9399169816661779,15.753239317409703,26777806.96793486,28.001133867329624,1.0509,3.5418681674431167,1.5128072889805777,13084433.1298132,515.5805155093931,71.80773258226344,AKEUSDT_15m_limit500_20260717_211231_enriched_candles.csv,1.090049550724687,15m,1784107800000
0.4065,70.598007978393,2.022077731756804,0.0005758,1784109599999,0.00141665,0.4725,121345.0,192.16268720454548,46156399301.0,0.7508829521903015,15.758523826641095,27275201.03893993,28.4759984487273,1.0577,6.451554425037887,-2.4894157493649427,8566715.2781381,336.4372912890091,68.81945054459943,AKEUSDT_15m_limit500_20260717_211231_enriched_candles.csv,-1.804995739551499,15m,1784108700000
0.4104,74.47848402057713,2.233357611713562,0.0005612,1784110499999,0.00141665,0.478,163672.0,258.0477451995305,46605889723.0,0.9738420431557815,15.819157339165796,26900919.5481156,27.839261984090832,1.0508,6.585336910023686,-2.53560263980549,12190042.4366159,477.1908720674814,65.88674391679822,AKEUSDT_15m_limit500_20260717_211231_enriched_candles.csv,0.4719749732263612,15m,1784109600000
0.4104,77.39953732665718,3.0081707409433807,0.0005889,1784113199999,0.00141665,0.478,482534.0,353.432629,46605889723.0,3.7702708210256786,5.062578918798848,26900919.5481156,102.08109232248749,1.0508,2.867591255446778,2.2750955192775146,37347908.3443812,576.2574634853843,80.69872496037706,AKEUSDT_1h_limit500_20260717_211343_enriched_candles.csv,1.9459971874964181,1h,1784109600000
0.3795,75.05098677981485,2.257862045679859,0.0005707,1784111399999,0.00141665,0.4288,133083.0,209.12341452576112,47119312613.0,1.1016266249856077,16.062205874136126,26433934.375893,27.208636247652937,1.0491,4.071202998025408,1.6928011404134136,9988010.4736181,390.35956385617146,66.8758825586651,AKEUSDT_15m_limit500_20260717_211231_enriched_candles.csv,0.5004499632847688,15m,1784110500000
0.3858,84.05375259030414,2.748242653691291,0.000579,1784112299999,0.00141665,0.4323,113007.0,177.40975946545666,47635533032.0,1.0955601649790925,16.305931450397644,27005060.03117112,27.90056907666656,1.0518,3.351805981901532,1.454354301734706,9498662.4189725,370.7449266735862,67.75556896805381,AKEUSDT_15m_limit500_20260717_211231_enriched_candles.csv,5.8212307458349954,15m,1784111400000
0.4023,77.9309764081611,2.4020952835875997,0.0005889,1784113199999,0.00141665,0.4639,72772.0,113.58612258382009,47928351252.0,0.6147054548613751,16.356231521679476,27717444.81254412,28.741462907317967,1.0487,4.100710228187804,1.7098445595854939,5671193.0151747,220.29105176673124,68.81925117165494,AKEUSDT_15m_limit500_20260717_211231_enriched_candles.csv,1.169617121865085,15m,1784112300000
0.4108,87.75594206855243,2.9353396409256636,0.0005917,1784114099999,0.00141665,0.4817,88735.0,138.0947176988372,48186688260.0,0.5390066656824954,16.388062008389966,28287031.6092678,29.405463490212167,1.0514,0.4328914251878489,0.4754627271183587,7787023.519453,301.7231625148402,69.1294280148303,AKEUSDT_15m_limit500_20260717_211231_enriched_candles.csv,3.243465947136904,15m,1784113200000
0.4108,94.32140627994913,4.149893256668928,0.0005437,1784116799999,0.00141665,0.4817,426241.0,310.66880709799136,48186688260.0,3.391842847321236,5.321337654489324,28287031.6092678,106.65997559768431,1.0514,11.874051782087061,-7.675326880624878,40203650.5341718,616.3409284210838,73.18519342112717,AKEUSDT_1h_limit500_20260717_211343_enriched_candles.csv,-1.3026176902046966,1h,1784113200000
0.417,89.9607621208523,3.0541806499658977,0.0005885,1784114999999,0.00141665,0.483,125708.0,195.17969074681713,48055887930.0,-0.27144494615243264,16.289068349796068,28453891.243353,29.478107923318955,1.0451,0.6167963920908685,-0.5408146019942439,11308787.4846881,437.8005982122853,68.29329089908326,AKEUSDT_15m_limit500_20260717_211231_enriched_candles.csv,1.9345155927327495,15m,1784114100000
0.3988,82.44977812802153,2.6283163416417246,0.0005635,1784115899999,0.00141665,0.4558,58662.0,90.28816371709006,47840341637.0,-0.4485325363542847,16.146760871747848,28158825.0875382,28.98824365623548,1.04,11.448748659847489,-4.248088360237901,4836668.884546,186.40360195192912,61.98547267506862,AKEUSDT_15m_limit500_20260717_211231_enriched_candles.csv,-3.682329267216676,15m,1784115000000
0.3986,106.25307338238363,3.933257046594662,0.0005437,1784116799999,0.00141665,0.4541,153136.0,236.90209169671658,48058860223.0,0.45676635768627794,16.202250410802147,27079725.96985381,27.66662038954742,1.0366,9.28933716765045,-3.5137533274179122,16271170.6454847,627.7426910667888,57.45891155829234,AKEUSDT_15m_limit500_20260717_211231_enriched_candles.csv,-5.020766613914188,15m,1784115900000
0.3661,92.53251373832025,3.1771602095040765,0.0005268,1784117699999,0.00141665,0.3895,102241.0,157.43986261034482,48879285074.0,1.7071250695357865,16.565531087874632,26605972.45147968,27.081701094730295,1.0418,8.103513924993008,-3.1083318006253524,9460616.7371196,363.75187249147933,53.84459034993811,AKEUSDT_15m_limit500_20260717_211231_enriched_candles.csv,3.6428571391628877,15m,1784116800000
0.3661,86.63350815871969,3.5602989821928017,0.0006839,1784120399999,0.00141665,0.3895,698677.0,496.68790627761626,48879285074.0,1.4373198055507963,5.4377401065345685,26605972.45147968,98.78826461477193,1.0418,41.985536306636256,25.786279198087158,60528839.5798098,925.2189382949007,79.54642192090557,AKEUSDT_1h_limit500_20260717_211343_enriched_candles.csv,5.750785795627731,1h,1784116800000
0.3661,88.0688954679086,3.7913221051416626,0.0007547,1784131199999,0.00141665,0.3895,3771810.0,857.5952598041384,48879285074.0,0.821711025964067,30.20210317428176,26605972.45147968,97.10787974529386,1.0418,23.920447692047393,38.808166268162566,332179140.6148124,1417.9401337306554,94.06301485507433,AKEUSDT_4h_limit500_20260717_211446_enriched_candles.csv,3.7786940861558427,4h,1784116800000
0.3687,95.1941290258417,3.3058385054251893,0.0005313,1784118599999,0.00080573,0.3912,63889.0,97.747642428039,49414896563.0,1.0957842124513784,16.810876062537414,26031767.5093884,26.270394438523944,1.0323,1.5265792138257464,0.8542141230068134,6081857.709332,233.16415684289512,54.66237436224668,AKEUSDT_15m_limit500_20260717_211231_enriched_candles.csv,5.678184756948701,15m,1784117700000
0.3717,88.63479795624089,2.92187439022135,0.0005977,1784119499999,0.00080573,0.3978,247425.0,380.8027130657895,49506739122.0,0.1858600652596909,16.828951132174193,26253423.7563966,26.424417969513744,1.032,35.422956040354535,12.497647280255997,21930464.8843229,840.6891269139496,64.62283246825976,AKEUSDT_15m_limit500_20260717_211231_enriched_candles.csv,6.3953792103582385,15m,1784118600000
0.3731,80.86328045200054,2.498897675580641,0.0006839,1784120399999,0.00080573,0.4278,285122.0,436.98408651679955,48360352689.0,-2.31561693080804,16.065087347874734,28940769.46320516,29.39547145591107,1.0366,40.95371223738209,14.421950811443862,23055900.2490353,882.856590171209,72.93555868961471,AKEUSDT_15m_limit500_20260717_211231_enriched_candles.csv,6.021762899141585,15m,1784119500000
0.3497,80.00409667250956,2.4502232102931067,0.000737,1784121299999,0.00080573,0.4401,285663.0,437.81298679043283,48225929736.0,-0.27796106836618373,15.822976128549977,32834624.2607556,33.74328833991736,1.0345,21.594881467836323,7.7642930252961095,22854210.2677591,874.1163233580055,76.58543721367101,AKEUSDT_15m_limit500_20260717_211231_enriched_candles.csv,3.8953391550080867,15m,1784120400000
0.3497,82.38172252564947,3.2189700776043075,0.0007144,1784123999999,0.00080573,0.4401,1064950.0,743.6718278119813,48225929736.0,-1.3366712238341072,5.333666808403763,32834624.2607556,125.07386748848562,1.0345,6.407752323588751,4.459716332797203,87732415.4036904,1317.2268587579774,80.62333785617525,AKEUSDT_1h_limit500_20260717_211343_enriched_candles.csv,2.8662236603318596,1h,1784120400000
0.3382,87.96982811801678,2.860561567292169,0.0007312,1784122199999,0.00080573,0.4239,248607.0,380.012890409375,48891672700.0,1.3804668311102164,16.13900960276851,35984271.1072,37.37313685918343,1.0384,1.3223250002722282,-0.7869742198100438,21869915.0589358,832.5828137390732,75.38950004626886,AKEUSDT_15m_limit500_20260717_211231_enriched_candles.csv,2.9290702154413064,15m,1784121300000
0.327,82.19794499319083,2.549478224908692,0.0007079,1784123099999,0.00080573,0.3965,345754.0,528.9317960875,49371359065.0,0.9811207891032181,16.36172812035957,36048991.5349004,37.35078364189038,1.0362,8.28926454325298,-3.186542669584236,28420268.2731757,1077.2616724370553,70.61866623174788,AKEUSDT_15m_limit500_20260717_211231_enriched_candles.csv,2.075701536418967,15m,1784122200000
0.3224,78.88572620302067,2.365962387269157,0.0007144,1784123999999,0.00080573,0.3806,184926.0,282.0729915221339,49035212035.0,-0.6808543179000703,16.139589897062002,34692412.5147625,35.59744038245325,1.0436,1.7023431188809797,0.9182087865517774,14588021.8038198,550.5965953861182,71.16683942654564,AKEUSDT_15m_limit500_20260717_211231_enriched_candles.csv,2.6998392168283756,15m,1784123100000
0.3344,87.34535525664522,2.8101614048405588,0.0007397,1784124899999,0.00080573,0.3963,125594.0,191.00754403287982,49411124797.0,0.766618000410979,16.27129664835217,35161450.51679317,35.992606485496204,1.0311,9.314334812054657,3.541433370660707,10970052.5481031,412.17499233216927,73.25819935814539,AKEUSDT_15m_limit500_20260717_211231_enriched_candles.csv,4.7452609460937705,15m,1784124000000
0.3344,99.91395962085633,4.324846457420813,0.0008454,1784127599999,0.00080573,0.3963,893388.0,623.6336426568982,49411124797.0,2.4575888271890944,5.6287036206498025,35161450.51679317,133.80361319237508,1.0311,28.935742683630206,18.337066069428886,89261932.5577576,1327.3409903858424,84.41813164356019,AKEUSDT_1h_limit500_20260717_211343_enriched_candles.csv,6.879588586719327,1h,1784124000000
0.3263,102.08307637487266,3.5866339057611256,0.000831,1784125799999,0.00080573,0.3845,343566.0,523.7920876681767,50193413170.0,1.583223163232872,16.602795719493436,36855015.5542042,37.443672811843335,1.0305,34.8453980699026,12.342841692578066,35072274.2178095,1316.0971804322626,79.13868456894171,AKEUSDT_15m_limit500_20260717_211231_enriched_candles.csv,9.108244521038134,15m,1784124900000
0.3319,97.28142680928052,3.3217954177214644,0.0008119,1784126699999,0.00080573,0.4067,165562.0,251.56636481108598,48742198843.0,-2.891244558493933,15.834207214636834,40441889.80202553,41.00902600453743,1.0334,5.699558629359227,-2.298435619735273,16106107.5853981,602.2676743954936,75.40309658506007,AKEUSDT_15m_limit500_20260717_211231_enriched_candles.csv,-0.1430742028843287,15m,1784125800000
0.345,104.820495180839,3.72319537432674,0.0008454,1784127599999,0.00080573,0.4186,258666.0,393.64183186792985,48913929909.0,0.3523252337325866,15.474346473456583,39992029.0935984,40.451955268124756,1.0251,10.985449164549848,4.126123906885093,27113498.2064469,1012.0753687458551,77.41661371551058,AKEUSDT_15m_limit500_20260717_211231_enriched_candles.csv,9.031926742715994,15m,1784126700000
0.3421,81.38983184790642,2.471799184814139,0.0007153,1784128499999,0.00080573,0.4308,466524.0,709.2267334001128,48157829560.0,-1.54577714447941,14.702713741340578,40663508.1238728,41.16797288919286,1.0184,43.56434954077957,-15.389164892358643,37970309.9130127,1414.337032291528,57.67171425586096,AKEUSDT_15m_limit500_20260717_211231_enriched_candles.csv,-2.5295710398005875,15m,1784127600000
0.3421,84.90884249889406,3.24625886997972,0.0007547,1784131199999,0.00080573,0.4308,1114795.0,778.5472858915975,48157829560.0,-2.536463685352275,5.519573579001731,40663508.1238728,155.78706840803395,1.0184,16.49763182889496,-10.728649160160863,94655953.0735546,1397.3140571657013,73.66162641920047,AKEUSDT_1h_limit500_20260717_211343_enriched_candles.csv,0.4391574401119594,1h,1784127600000
0.3148,82.66634291907233,2.53603018638789,0.0007641,1784129399999,0.00080573,0.3569,248774.0,376.8392462702703,45450641137.0,-5.621491765169995,13.3167293321198,32748550.45844261,32.120052769087806,1.0293,18.762279213590443,6.822312316510559,20565236.7933493,763.3155274916982,61.62531482137597,AKEUSDT_15m_limit500_20260717_211231_enriched_candles.csv,3.6928756193806755,15m,1784128500000
0.3139,92.39812391027962,3.0500834251467936,0.0008207,1784130299999,0.00080573,0.3605,214726.0,324.3840985308989,46681745553.0,2.7086623757168304,13.773377918109006,35553284.23062033,35.2171899379839,1.0232,20.44773787089891,7.407407407407418,19840279.5547587,734.1649496873538,65.63458228506207,AKEUSDT_15m_limit500_20260717_211231_enriched_candles.csv,6.749710287829583,15m,1784129400000
0.316,88.1097510563557,2.818853207141937,0.0007547,1784131199999,0.00080573,0.3738,184771.0,277.7298308847875,46840178144.0,0.3393887463358114,13.804554690448374,38336343.8019568,38.262006220094996,1.0202,22.274993032703495,-8.041915438040704,16280126.8124339,598.7018701068869,58.02210712887001,AKEUSDT_15m_limit500_20260717_211231_enriched_candles.csv,-4.437529206381501,15m,1784130300000
0.3122,87.42694147855929,2.780589119200695,0.0007105,1784132099999,0.00043536,0.3576,202414.0,302.99311377561247,46521009631.0,-0.6813990160728811,13.61865458518844,35146157.56612419,34.631097149713,1.0221,15.940299644055365,-5.856631774214915,17696436.9324411,648.159457916208,53.54330996104603,AKEUSDT_15m_limit500_20260717_211231_enriched_candles.csv,-2.3899201672624972,15m,1784131200000
0.3122,84.79118296138648,3.241519405298375,0.0006815,1784134799999,0.00043536,0.3576,734691.0,507.3295148687115,46521009631.0,-3.398865654775163,5.226065488083478,35146157.56612419,130.82671355796424,1.0221,14.78741946530388,-9.699218232410223,62295319.001084,918.2167101484756,66.31731828116244,AKEUSDT_1h_limit500_20260717_211343_enriched_candles.csv,0.24372104147658588,1h,1784131200000
0.3122,79.68798093443226,3.0432177630508996,0.0006685,1784145599999,0.00043536,0.3576,1924280.0,411.0724825077143,46521009631.0,-4.8246929950586,28.337171435401885,35146157.56612419,133.16257614540683,1.0221,6.297148056817616,-11.42175698953225,153341987.9525093,650.3020369609449,81.02825133228646,AKEUSDT_4h_limit500_20260717_211446_enriched_candles.csv,0.6144572994790479,4h,1784131200000
0.3144,82.99279573302499,2.5276004882193823,0.0007026,1784132999999,0.00043536,0.3591,172321.0,257.4997792961624,45668833705.0,-1.831808752130215,12.424144811029713,32472824.20594025,31.52602823798579,1.0058,2.2443151642157573,-1.1118930330753063,14301401.5535106,519.9494174326968,52.759415885203396,AKEUSDT_15m_limit500_20260717_211231_enriched_candles.csv,-0.6281732873611124,15m,1784132100000
0.3221,80.06789678989514,2.353727335359931,0.0006628,1784133899999,0.00043536,0.3648,143624.0,214.19995820666668,45558398451.0,-0.24181754829423197,11.634977005580005,31943271.07391865,30.83747069393941,1.0173,15.358463514997277,-5.664674067748365,11499671.6085519,415.70454809964264,48.87703877617281,AKEUSDT_15m_limit500_20260717_211231_enriched_candles.csv,0.5209468985666355,15m,1784133000000
0.3257,86.89333481214244,2.7013376772333286,0.0006815,1784134799999,0.00043536,0.3635,216332.0,322.4614355792683,45614344054.0,0.12279975789792896,11.62445315435913,30306170.1894776,28.58472061394492,1.0184,7.16390496763908,2.8213639106819732,18797808.9065804,674.8859670368148,50.71222512044037,AKEUSDT_15m_limit500_20260717_211231_enriched_candles.csv,3.2168000009379907,15m,1784133900000
0.3307,86.40050913941272,2.665373935761507,0.0006466,1784135699999,0.00043536,0.377,168268.0,250.0238000276549,45652933837.0,0.08460010507729265,11.625594322158909,31056321.30129599,28.875510533548848,1.031,13.670993948423035,-5.1210564930300855,14538440.8718707,518.4365991604551,47.299588597958156,AKEUSDT_15m_limit500_20260717_211231_enriched_candles.csv,0.4143367143394965,15m,1784134800000
0.3307,82.9030558381638,3.1211871758964262,0.0006551,1784138399999,0.00043536,0.377,453469.0,309.4036654717988,45652933837.0,-1.8659865744219406,5.064759799556201,31056321.30129599,113.30919693167463,1.031,5.3382040620937925,-3.873807776962579,37593965.8278763,550.1073587672048,63.84494724161644,AKEUSDT_1h_limit500_20260717_211343_enriched_candles.csv,1.846365407538354,1h,1784134800000
0.336,79.50066122295964,2.3032883608482018,0.0006405,1784136599999,0.00043536,0.3774,122589.0,181.65834934226518,45639321917.0,-0.029816090349421565,11.56506746107178,29311398.10797408,26.91420158801638,1.0215,1.7183096257028003,-0.9433962264150941,9745906.5586614,346.2562602468209,46.70794896886184,AKEUSDT_15m_limit500_20260717_211231_enriched_candles.csv,2.1786542540478124,15m,1784135700000
0.3416,81.73868764158931,2.416944186629294,0.0006347,1784137499999,0.00043536,0.3854,65500.0,96.45501212969096,45498985570.0,-0.307489991317611,11.454115174628981,29162574.8010915,26.68268835443091,1.0301,1.5667273828851334,-0.9055425448868171,5353884.0405241,188.46300144467443,46.11727695997954,AKEUSDT_15m_limit500_20260717_211231_enriched_candles.csv,2.17885995727095,15m,1784136600000
0.3499,81.92328812937743,2.4204038486480464,0.0006551,1784138399999,0.00043536,0.3957,97112.0,142.5754479109101,45689414610.0,0.41853469393735576,11.456371768368271,28990847.3583372,26.41328026027741,1.035,7.817760168618917,3.21411690562472,7955734.3568201,277.9138096464013,48.58031902360452,AKEUSDT_15m_limit500_20260717_211231_enriched_candles.csv,3.8324637942206086,15m,1784137500000
0.3617,70.56811030769863,1.825126339231324,0.0006501,1784139299999,0.00043536,0.416,73000.0,106.43978421615721,45788097652.0,0.2159866630867313,11.422763981054574,29981588.46155308,27.390175357859043,1.0444,1.13258346645466,-0.7632422530911342,5151472.052462,179.22826697773328,48.001159052384914,AKEUSDT_15m_limit500_20260717_211231_enriched_candles.csv,0.5610143017661715,15m,1784138400000
0.3617,73.37382956215072,2.480679261675381,0.0006203,1784141999999,0.00043536,0.416,467742.0,315.8124460510307,45788097652.0,0.29606819023415554,5.085921236265514,29981588.46155308,108.19726753259862,1.0444,7.653077578778823,-5.31216608151428,34320021.7870595,501.9125139989906,60.63589712490552,AKEUSDT_1h_limit500_20260717_211343_enriched_candles.csv,-2.2027930883241873,1h,1784138400000
0.3643,73.33333517195668,1.966920575684251,0.0006652,1784140199999,0.00043536,0.4203,68330.0,99.34469889678648,45861407508.0,0.1601067957816671,11.433051988416544,29887879.2729636,26.994137266469664,1.0465,5.369030112815428,2.322719581602839,5010866.7922998,174.27035540037312,49.94205743186598,AKEUSDT_15m_limit500_20260717_211231_enriched_candles.csv,-0.6536317963616721,15m,1784139300000
0.371,67.89508156376623,1.6848778182406234,0.0006292,1784141099999,0.00043536,0.4329,197349.0,288.3062447913044,46143796335.0,0.6157439170412227,11.524723048123667,30630713.44513635,27.45864078382141,1.0588,13.710993247155782,-5.411906193625981,13399026.4515277,467.33236503815425,45.574475596768565,AKEUSDT_15m_limit500_20260717_211231_enriched_candles.csv,-1.1847719791239042,15m,1784140200000
0.3767,83.35972734842673,2.4805862575930857,0.0006203,1784141999999,0.00043536,0.4382,129063.0,187.76858255097616,45469795367.0,-1.460653482229357,11.192174872104696,28655519.73823707,25.29086957058603,1.0554,2.8729259196480124,-1.4144945963127875,10758656.49077,374.4913448813313,44.53749041035018,AKEUSDT_15m_limit500_20260717_211231_enriched_candles.csv,-5.515549583822893,15m,1784141100000
0.3519,74.49552612351187,2.019643394087785,0.0006661,1784142899999,0.00043536,0.393,105266.0,152.28754858693307,44337337366.0,-2.490572020084103,10.687422008420219,27444368.45618034,23.875396496585825,1.0509,18.925311155346183,7.3835241012413455,7841846.0529176,272.7144125309596,50.74809728857594,AKEUSDT_15m_limit500_20260717_211231_enriched_candles.csv,7.227169960467919,15m,1784142000000
0.3519,71.29005110884461,2.304762731745287,0.0006685,1784145599999,0.00043536,0.393,268378.0,178.7082404482587,44337337366.0,-3.1684222765184678,4.837611554893094,27444368.45618034,97.13630740194492,1.0509,11.600877736982241,7.770433661131726,19132681.3364895,279.23140492207295,63.38129578416246,AKEUSDT_1h_limit500_20260717_211343_enriched_candles.csv,4.454531544010333,1h,1784142000000
0.3486,65.61645615936158,1.5545913081470628,0.0006523,1784143799999,0.00043536,0.398,66068.0,95.08195420765912,44035238833.0,-0.6813637240013048,10.459311982669757,29345083.1583112,25.742974784717973,1.0556,4.619973438780835,-2.071760996847327,4335148.0255367,149.80546345937165,48.968785137179616,AKEUSDT_15m_limit500_20260717_211231_enriched_candles.csv,-0.8973360030418813,15m,1784142900000
0.349,60.59460531572462,1.291824062559267,0.000659,1784144699999,0.00043536,0.3976,36357.0,51.79034657974138,44191171756.0,0.354109406767078,10.408440751377487,28843577.8051412,25.12424261704818,1.0565,1.806645545888954,1.0271347539475784,2203038.0654638,75.68607781510424,49.88745452294151,AKEUSDT_15m_limit500_20260717_211231_enriched_candles.csv,1.0953941445183226,15m,1784143800000
0.3483,78.31412316593999,2.198601064908262,0.0006685,1784145599999,0.00043536,0.3972,60687.0,86.50060526470588,44233419193.0,0.0956015315304759,10.348547656865748,29124167.86505506,25.38456109427375,1.0562,2.901926724796487,1.4415781487101764,4752649.1925714,163.3895300190727,51.228137704863364,AKEUSDT_15m_limit500_20260717_211231_enriched_candles.csv,6.318511317506402,15m,1784144700000
0.3521,72.95808179060532,1.9230965710407706,0.0006731,1784146499999,0.00043536,0.409,40012.0,56.24614418418258,44229066894.0,-0.009839390848376262,10.272221390334453,29500787.618298,25.771180344650766,1.0552,0.8823327956780747,0.6881077038145111,2919198.7686057,99.94100812256451,51.899181819091716,AKEUSDT_15m_limit500_20260717_211231_enriched_candles.csv,-2.65504708181004,15m,1784145600000
0.3521,72.99005861102832,2.408434223104768,0.0006923,1784149199999,0.00043536,0.409,152743.0,101.10064445236318,44229066894.0,-0.24419705474471032,4.829682721349988,29500787.618298,104.76944430605907,1.0552,4.8016255687890474,3.560209424083749,11148720.5224243,161.7857882382567,64.69080185564505,AKEUSDT_1h_limit500_20260717_211343_enriched_candles.csv,2.4882801413554216,1h,1784145600000
0.3521,63.03234989658125,1.82617071910643,0.0006777,1784159999999,0.00043536,0.409,815006.0,163.47364994942893,44229066894.0,-4.926683137746712,26.526844176487373,29500787.618298,108.99041210998095,1.0552,-0.07510593886397458,1.3762154076290223,51371743.3598131,210.27420100903825,81.32568773753334,AKEUSDT_4h_limit500_20260717_211446_enriched_candles.csv,0.3805149986570483,4h,1784145600000
0.3535,71.0878823155401,1.821397204961451,0.0006723,1784147399999,0.00021312,0.4071,35669.0,49.544853812828606,44392203950.0,0.36884580086433694,10.322762415270144,29880392.478745,26.03037884145045,1.0608,-0.6234402310402539,-0.11885306789481964,2535633.674313,86.58978319926402,51.76578625557223,AKEUSDT_15m_limit500_20260717_211231_enriched_candles.csv,2.763200206701117,15m,1784146500000
0.3557,74.91082225860511,2.0103413143094246,0.00068,1784148299999,0.00021312,0.4096,42254.0,58.203837948544695,44456416968.0,0.14464931291162664,10.336563821309268,29861375.2774056,25.881144609724416,1.0616,2.0914656316898093,1.1453220288561772,3165281.8837151,108.12340509851064,53.017492694223854,AKEUSDT_15m_limit500_20260717_211231_enriched_candles.csv,3.133082496769702,15m,1784147400000
0.3581,72.64439771864227,1.893086960152491,0.0006923,1784149199999,0.00021312,0.4172,34808.0,47.412661838235294,44515460089.0,0.13281124532034116,10.312197873863854,30279415.9525378,25.810255891790696,1.0635,3.8122638377512366,1.8088235294117627,2528606.1957905,85.09552508850634,55.025267238639266,AKEUSDT_15m_limit500_20260717_211231_enriched_candles.csv,7.343253892204103,15m,1784148300000
0.3617,80.11328447690268,2.2713213373364933,0.0007053,1784150099999,0.00021312,0.4237,50889.0,69.43643453028747,44632284086.0,0.262434661500599,10.30926086216201,30913658.92648618,25.997402852459476,1.0613,3.988380428226759,1.8777986422071402,4076884.9337451,135.92519891246977,57.11140734963237,AKEUSDT_15m_limit500_20260717_211231_enriched_candles.csv,2.398051082817549,15m,1784149200000
0.3617,72.37186875975269,2.3629758341909866,0.000681,1784152799999,0.00021312,0.4237,230793.0,153.02486203125,44632284086.0,0.9116565650511221,4.909095840996156,30913658.92648618,109.69632672421632,1.0613,1.6919715461321272,-1.6322403582262002,16702920.7066696,242.1834714618168,63.5291821303781,AKEUSDT_1h_limit500_20260717_211343_enriched_candles.csv,-1.7937240475599388,1h,1784149200000
0.3659,79.8193201595225,2.2570552067108522,0.0007165,1784150999999,0.00021312,0.4364,60063.0,81.88871666939612,44922213247.0,0.6495951684689638,10.39178668847496,31706098.1097326,26.530754626648648,1.0637,3.2244314114106003,1.587976747483344,4794187.8267414,159.66495448862332,58.88101357176185,AKEUSDT_15m_limit500_20260717_211231_enriched_candles.csv,3.005922621599729,15m,1784150100000
0.3657,71.5244639659747,1.8299054743710665,0.0006685,1784151899999,0.00021312,0.4366,55012.0,74.68390995102041,44936978102.0,0.032867603648156773,10.373377200786399,32096685.97913452,26.666778117065018,1.0635,16.609880036876753,-6.699232379623165,3934703.8116962,130.62043936819512,49.461836218591316,AKEUSDT_15m_limit500_20260717_211231_enriched_candles.csv,-14.759754795963806,15m,1784151000000
0.3635,60.114210222075,1.235285212010497,0.000681,1784152799999,0.00021312,0.413,64829.0,88.10651275611622,44423094037.0,-1.143566137966734,10.178824601343953,29554684.4628161,23.961098718481797,1.064,3.9622918037886166,1.8698578908002972,3897144.1344869,129.17404645123545,51.63179328828803,AKEUSDT_15m_limit500_20260717_211231_enriched_candles.csv,1.0077371565747948,15m,1784151900000
0.3503,51.19521423367454,0.7650391692026758,0.0006562,1784153699999,0.00021312,0.4,68874.0,93.57274603004073,44751697272.0,0.7397126249835351,10.292011856344116,30458900.19726864,24.56923189102152,1.0631,8.591428540495572,-3.641703377386185,3526019.1851301,116.61867021216723,47.293128669680726,AKEUSDT_15m_limit500_20260717_211231_enriched_candles.csv,-1.571573979370036,15m,1784152800000
0.3503,52.17224912162027,1.0655646938851526,0.0006608,1784156399999,0.00021312,0.4,206348.0,136.66781645709324,44751697272.0,0.2675489019784649,4.950169128099308,30458900.19726864,107.84818013723554,1.0631,3.8184760476071724,-2.966226138032302,10765639.2617481,154.73307642187677,61.40646015568934,AKEUSDT_1h_limit500_20260717_211343_enriched_candles.csv,0.20638050501324656,1h,1784152800000
0.3466,52.3414316082452,0.8211696345925222,0.0006647,1784154599999,0.00021312,0.3891,66754.0,90.5675743354527,45040263499.0,0.6448162742210606,10.36987010603421,29550016.07642392,23.418829023400985,1.0617,2.450513892670214,1.2953367875647492,3493999.9255768,115.50444119984492,48.87872444758425,AKEUSDT_15m_limit500_20260717_211231_enriched_candles.csv,0.42811726838061054,15m,1784153700000
0.3421,53.799853504364606,0.8899450743383741,0.0006632,1784155499999,0.00021312,0.3868,41722.0,56.15812625813008,45149858627.0,0.2433270134008625,10.382343261674945,30038200.9445431,23.585768506787574,1.061,-0.34751817509961586,-0.22566571385587153,2244637.4879091,73.83332163716392,48.60086430592003,AKEUSDT_15m_limit500_20260717_211231_enriched_candles.csv,4.265527689127569,15m,1784154600000
0.3432,51.761592631633214,0.7850238958038075,0.0006608,1784156399999,0.00021312,0.3899,28998.0,38.59489119630192,45219877327.0,0.15508066277338806,10.401124403420047,30003388.6064645,22.817528203050756,1.062,0.01177461403337267,-0.3618817852834688,1500982.6631321,48.919327755601394,48.12942936509224,AKEUSDT_15m_limit500_20260717_211231_enriched_candles.csv,-2.2033478947377674,15m,1784155500000
0.3446,59.60879513407354,1.1703280692393403,0.0006909,1784157299999,0.00021312,0.39,63316.0,85.23779052777778,45264100986.0,0.09779694597622512,10.410528764443558,29910517.9315488,22.053650517013573,1.062,10.871324213568151,4.555084745762716,3774190.472709,123.87372711489074,54.13799426374717,AKEUSDT_15m_limit500_20260717_211231_enriched_candles.csv,11.618773702119158,15m,1784156400000
0.3446,56.65578161606196,1.3506551108583555,0.0006777,1784159999999,0.00021312,0.39,225122.0,149.23018805084325,45264100986.0,1.1449928052686298,5.057497469766535,29910517.9315488,105.3171486503583,1.062,3.055431184983923,2.5575060532687655,12754462.8689711,182.34923852082173,62.53436627546772,AKEUSDT_1h_limit500_20260717_211343_enriched_candles.csv,1.5324198006063634,1h,1784156400000
0.3464,51.476952606790256,0.7654093710192227,0.0007109,1784158199999,0.00021312,0.4008,55668.0,74.74040657593339,45181168029.0,-0.18322015724039353,10.296168837593761,31107234.1879665,23.05871891861603,1.0552,6.509587834606646,2.894774931249078,2865618.9977148,93.75694802557224,57.64847778387547,AKEUSDT_15m_limit500_20260717_211231_enriched_candles.csv,4.1132481408867045,15m,1784157300000
0.3517,58.76444287800137,1.1249348741761769,0.000676,1784159099999,0.00021312,0.4128,67386.0,90.59920383870968,45349102102.0,0.3716904195398607,10.273147003956144,32225071.9536812,23.992409563304953,1.0533,11.673652811911879,-4.909269939513294,3959900.747777,129.19609544312544,50.398865665872734,AKEUSDT_15m_limit500_20260717_211231_enriched_candles.csv,-8.334620425445735,15m,1784158200000
0.3546,55.60365015406431,0.9647047215508913,0.0006777,1784159999999,0.00021312,0.409,38752.0,51.50322385502513,45293671651.0,-0.12223053694717656,10.23421010727196,30623051.4032411,22.56559407415362,1.0578,-0.28480750258137494,0.251479289940848,2154752.6507703,69.00647330641418,50.72393137289349,AKEUSDT_15m_limit500_20260717_211231_enriched_candles.csv,-1.4335779669029471,15m,1784159100000
0.3596,66.69470412234283,1.5082651647049115,0.0007079,1784160899999,0.00033805,0.417,112121.0,150.5179971963928,45387078544.0,0.20622504114862217,10.248318277778976,30778339.57304272,22.661775721243647,1.0567,10.5106178247328,4.456249077763008,7477876.9209012,238.6333946820727,56.21377255617033,AKEUSDT_15m_limit500_20260717_211231_enriched_candles.csv,11.414658410744892,15m,1784160000000
0.3596,60.197924565253075,1.5619476926785751,0.0007259,1784163599999,0.00033805,0.417,353214.0,233.77828051678185,45387078544.0,0.27168894404427935,5.078828205163252,30778339.57304272,107.39906861922437,1.0567,9.990992714884042,7.112291574442975,21262749.7273913,304.4316860287702,65.62042286979838,AKEUSDT_1h_limit500_20260717_211343_enriched_candles.csv,5.199576416276347,1h,1784160000000
0.3596,63.43450381548023,1.8469106369212283,0.0007611,1784174399999,0.00033805,0.417,1071173.0,213.60708406188525,45387078544.0,2.6182140644642304,27.088984786493892,30778339.57304272,116.29828331035606,1.0567,6.857855191227091,12.306330234617091,67949327.7555394,279.0398736219868,83.80450194166474,AKEUSDT_4h_limit500_20260717_211446_enriched_candles.csv,4.047980286929271,4h,1784160000000
0.3596,75.4170458394311,2.3034800452563404,0.0010236,1784246399999,0.00033805,0.417,9987254.0,275.0032357760487,45387078544.0,174.23022132509774,28.128716403680865,30778339.57304272,84.68232136604314,1.0567,9.857005529294975,51.04028331119963,753209192.7280415,366.92841223702686,84.2456505296324,AKEUSDT_1d_limit500_20260717_212121_enriched_candles.csv,3.106275606201773,1d,1784160000000
0.358,54.64653494120119,0.9117611072461186,0.0006959,1784161799999,0.00033805,0.4257,69964.0,93.5351026257515,44803149953.0,-1.2865524940846695,10.032477614647467,31725110.4817193,23.073788146639412,1.0487,3.418516049779519,-1.695154682864819,3823290.1706262,121.35743714726232,53.65578026868756,AKEUSDT_15m_limit500_20260717_211231_enriched_candles.csv,-4.930731809563998,15m,1784160900000
0.3708,57.110969006897356,1.0305816908829037,0.0007263,1784162699999,0.00033805,0.4378,81524.0,109.16055655360721,45043662741.0,0.5368211571112891,10.109537363368794,31316606.52068025,22.352789292078377,1.0513,10.253216309735535,4.368443741916961,4655914.6373183,147.69729255366812,58.773851047637855,AKEUSDT_15m_limit500_20260717_211231_enriched_candles.csv,7.830005456510619,15m,1784161800000
0.3691,59.21174040004018,1.1305231546611978,0.0007259,1784163599999,0.00033805,0.4424,89605.0,119.9633020820821,45287393440.0,0.541098756558589,10.142058066725156,32937521.248912,23.67736098083309,1.0493,-0.7881398589096292,-0.0550736610216207,5305667.9985456,168.33453951942383,58.68202056575813,AKEUSDT_15m_limit500_20260717_211231_enriched_candles.csv,1.4316129064958714,15m,1784162700000
0.3716,53.11304674691819,0.8302673939840953,0.0007134,1784164499999,0.00033805,0.4428,68304.0,91.1087264505,45304394960.0,0.03754139664171596,10.09463057933816,32965742.992644,23.670631264001088,1.0489,3.4782394984845304,-1.7220002755200525,3627833.5450015,114.76954571144125,55.75054333922278,AKEUSDT_15m_limit500_20260717_211231_enriched_candles.csv,3.0521842328809017,15m,1784163600000
0.3716,55.51586116936471,1.2520466295330752,0.0007134,1784167199999,0.00033805,0.4428,223915.0,146.95793274017683,45304394960.0,-0.1821742809902216,5.064670790408159,32965742.992644,115.12225394100659,1.0489,1.7088879688401002,-1.7220002755200525,12430834.0537383,177.40516518961698,64.14478492361124,AKEUSDT_1h_limit500_20260717_211343_enriched_candles.csv,3.3032587985245874,1h,1784163600000
0.3702,57.59791577059908,1.0410627364543472,0.000723,1784165399999,0.00033805,0.4478,56420.0,74.85020549700897,45637338624.0,0.7349036761090444,10.20946465679981,32452255.12214016,23.213985417004487,1.0417,2.5080217103451843,1.345668629100083,3249674.4077772,102.38931718094571,57.50625182693513,AKEUSDT_15m_limit500_20260717_211231_enriched_candles.csv,2.527717797709653,15m,1784164500000
0.3727,53.68313229323864,0.8411881422904757,0.0007189,1784166299999,0.00033805,0.444,41471.0,54.47040040575397,45729284798.0,0.20147137579062946,10.23967087410515,33135897.05747878,23.75421277996207,1.0423,0.5178391912946251,-0.5670816044260119,2226293.1793329,69.65464439594341,56.47562179229157,AKEUSDT_15m_limit500_20260717_211231_enriched_candles.csv,7.000393767392291,15m,1784165400000
0.3719,57.64090300808559,1.0315963247647217,0.0007134,1784167199999,0.00033805,0.4453,57720.0,76.21600347668651,46056122910.0,0.714723865557354,10.308479883473584,33073362.4229001,23.67441345225374,1.0417,1.0205894950954197,-0.7650577270830405,3327032.9216267,104.23562669728818,55.05030635474857,AKEUSDT_15m_limit500_20260717_211231_enriched_candles.csv,1.8605938164637608,15m,1784166300000
0.3687,64.36462748697821,1.3564320774960288,0.000742,1784168099999,0.00033805,0.4384,123516.0,164.26903441121033,46198359135.0,0.3088323897301404,10.312464388379388,32920026.7524183,23.519443931811313,1.0436,9.280640977911723,4.008971124194005,7950061.3286816,249.59206498750643,60.61643254242939,AKEUSDT_15m_limit500_20260717_211231_enriched_candles.csv,7.39586481464926,15m,1784167200000
0.3687,66.6437674544997,1.9539327666369255,0.0007443,1784170799999,0.00033805,0.4384,261196.0,171.23711800073494,46198359135.0,1.9732394082059734,5.21926104209992,32920026.7524183,115.29946238428516,1.0436,5.6946289702907915,4.3313708999159095,17407085.4840455,248.405295456785,66.17002105644401,AKEUSDT_1h_limit500_20260717_211343_enriched_candles.csv,3.9465105003048637,1h,1784167200000
0.3712,61.755148928168026,1.2275749862827898,0.0007349,1784168999999,0.00033805,0.4461,58751.0,77.13129531656804,45806699298.0,-0.8477786751159289,10.163130270813141,33947344.8497478,24.302117991944773,1.035,1.5076266098477622,-0.956873315363882,3628176.7546788,112.92843887662839,58.67398674455986,AKEUSDT_15m_limit500_20260717_211231_enriched_candles.csv,-1.3642676435090528,15m,1784168100000
0.3829,69.53121379268642,1.597803289278851,0.0007278,1784169899999,0.00033805,0.4682,34142.0,44.039824870352255,45967958172.0,0.3520421171386179,10.206030534200506,33753812.00611788,24.07291377705157,1.1391,1.5294813765279955,-0.9661178391617953,2373934.7013099,73.29874888180225,56.716701227607246,AKEUSDT_15m_limit500_20260717_211231_enriched_candles.csv,1.6339680103625878,15m,1784169000000
0.3879,77.14097169659053,1.955699510246743,0.0007443,1784170799999,0.00033805,0.473,44787.0,58.09059471135029,46237952276.0,0.5873528317045462,10.240008448122012,33661229.256928,23.985429629251662,1.1382,4.834213189870061,2.2671063478977738,3454912.6993752,106.40675795102794,60.05185229272972,AKEUSDT_15m_limit500_20260717_211231_enriched_candles.csv,3.175344366902228,15m,1784169900000
0.3822,80.78721198497217,2.121038370397892,0.0007636,1784171699999,0.00033805,0.4678,74768.0,97.66373990655578,46251826879.0,0.030006958174055853,10.185747892268234,34429859.9287276,24.60808827874498,1.1367,5.6622080854915735,2.5930404406825147,6040298.2656924,184.91676658689997,63.58627370207658,AKEUSDT_15m_limit500_20260717_211231_enriched_candles.csv,4.0454119437360285,15m,1784170800000
0.3822,72.35904319712559,2.3139130593050874,0.0007611,1784174399999,0.00033805,0.4678,232848.0,152.12677859946237,46251826879.0,0.11573515813354529,5.228746394095427,34429859.9287276,120.37662024082292,1.1367,2.5104684492789673,2.2571543732365917,16848658.4903643,239.77251719596586,67.25302493025363,AKEUSDT_1h_limit500_20260717_211343_enriched_candles.csv,3.2489672495051267,1h,1784170800000
0.3763,72.0649293479729,1.697136948156239,0.0007533,1784172599999,0.00033805,0.4531,61862.0,80.3116128640351,46267078182.0,0.03297448777515033,10.170440553721663,35334167.6075934,25.345851101187193,1.1353,2.5002538293689964,-1.3488737558931319,4458080.6593243,134.3853983429627,60.509403654500844,AKEUSDT_15m_limit500_20260717_211231_enriched_candles.csv,2.2647097653545556,15m,1784171700000
0.3808,66.68965422929062,1.4274330367708192,0.0007559,1784173499999,0.00033805,0.459,37244.0,47.75518398883495,46467301310.0,0.43275507308324634,10.218383873572387,35012182.1910588,25.072712468576626,1.1373,-0.05079835981157189,0.3451480153989106,2483789.4821157,73.36608821730367,61.02212889881754,AKEUSDT_15m_limit500_20260717_211231_enriched_candles.csv,-2.434474094744687,15m,1784172600000
0.3831,67.0158316076957,,0.000761,1784173199999,0.00033805,0.4631,13605.0,,46522532225.0,,,35003553.24609,,1.1358,,,911750.3890227,,65.05159510152863,AKEUSDT_5m_limit500_20260717_211054_enriched_candles.csv,5.137434269669803,5m,1784172900000
0.3835,66.81299176175418,,0.0007559,1784173499999,0.00033805,0.4671,13123.0,,46560179341.0,0.08092232773986296,,35446264.5323033,,1.1362,,-0.6701708278580742,876786.8908895,,62.02724516464008,AKEUSDT_5m_limit500_20260717_211054_enriched_candles.csv,-11.262429219638626,5m,1784173200000
0.3841,66.67462270600292,,0.0007624,1784173799999,0.00033805,0.4674,15076.0,,46672689773.0,0.24164518606337726,,35205209.8957739,,1.1374,,0.8599021034528365,1005186.6119157,,64.30501165091647,AKEUSDT_5m_limit500_20260717_211054_enriched_candles.csv,8.382869497009063,5m,1784173500000
0.3841,65.5626222272849,1.36588316484248,0.0007611,1784174399999,0.00033805,0.4674,58974.0,76.2147223723301,46672689773.0,0.44200643723588673,10.284300631039335,35205209.8957739,25.21380474698088,1.1374,0.8206819902640805,0.6879216827622825,3866490.0832319,114.54326459362771,62.082470310626945,AKEUSDT_15m_limit500_20260717_211231_enriched_candles.csv,6.790579224939728,15m,1784173500000
0.3841,63.60656560965641,,0.0007538,1784174099999,0.00033805,0.4669,19500.0,,46668561882.0,-0.008844339205815732,,35527842.78952896,,1.1365,,-1.128016789087094,1240328.0293883,,59.24170295909867,AKEUSDT_5m_limit500_20260717_211054_enriched_candles.csv,7.146836152337639,5m,1784173800000
0.3822,66.43886555979589,,0.0007611,1784174399999,0.00033805,0.4674,24398.0,,46700486842.0,0.06840785040842512,,35230847.2736048,,1.1364,,0.968426638365627,1620975.4419279,,61.97841377056013,AKEUSDT_5m_limit500_20260717_211054_enriched_candles.csv,5.5305821493184295,5m,1784174100000
0.3787,67.4717240974478,,0.0007526,1784174699999,0.00033805,0.4596,22177.0,,46650101460.0,-0.10789048553276892,,35561372.342958,,1.1346,,-1.1168046248850372,1496320.4253091,,57.165300140183085,AKEUSDT_5m_limit500_20260717_211054_enriched_candles.csv,1.7994609369940153,5m,1784174400000
0.3787,75.60628716082738,1.8300735948069597,0.0007853,1784175299999,0.00033805,0.4596,89754.0,116.52694471213591,46650101460.0,-0.04839728138631427,10.273729290579917,35561372.342958,25.488927775050513,1.1346,7.146350283137962,3.1796084614373887,6785966.6978329,201.43233910834616,66.63188925775748,AKEUSDT_15m_limit500_20260717_211231_enriched_candles.csv,11.716911799826796,15m,1784174400000
0.3787,75.70679036052044,2.5225334904012278,0.0007907,1784177999999,0.00033805,0.4596,278415.0,181.2828987996109,46650101460.0,0.8611002156561964,5.354342298908172,35561372.342958,124.06471088771657,1.1346,4.997886812465394,3.88910787018788,21077906.0382243,300.049730676798,69.12826320312219,AKEUSDT_1h_limit500_20260717_211343_enriched_candles.csv,2.855903576870749,1h,1784174400000
0.3787,74.86572353549408,2.5986265910503685,0.0008398,1784188799999,0.00033805,0.4596,2052677.0,407.5255904431718,46650101460.0,2.7827808189407444,27.717408206342323,35561372.342958,135.25869622562232,1.1346,5.557041931287734,10.340296938641448,153675148.7896674,615.5158094427694,85.72950632202905,AKEUSDT_4h_limit500_20260717_211446_enriched_candles.csv,2.398715794125223,4h,1784174400000
0.3774,67.56379238957729,,0.0007626,1784174999999,0.00035685,0.4586,14478.0,,46643150455.0,-0.014900299854569976,,35026207.4026777,,1.1345,,1.328727079457881,978188.5862163,,61.00228894939513,AKEUSDT_5m_limit500_20260717_211054_enriched_candles.csv,3.1431725622998905,5m,1784174700000
0.3774,81.19658913176332,,0.0007853,1784175299999,0.00035685,0.4565,53099.0,,46680814455.0,0.08074926250176695,,35574981.88801095,,1.1329,,2.9766587988460547,4311457.6863075,,68.00792741699308,AKEUSDT_5m_limit500_20260717_211054_enriched_candles.csv,17.104049943421032,5m,1784175000000
0.3729,78.39710274477473,,0.0007828,1784175599999,0.00035685,0.4571,24659.0,,46385049671.0,-0.6335895966106508,,36295373.66656408,,1.1308,,-0.3183496752833137,1933194.1565834,,66.58916073709045,AKEUSDT_5m_limit500_20260717_211054_enriched_candles.csv,-8.143668937973434,5m,1784175300000
0.3729,78.37185936065373,1.9489370148182588,0.0007783,1784176199999,0.00035685,0.4571,68009.0,87.96170643671194,46385049671.0,-0.568169801789753,10.12017362583647,36295373.66656408,26.06287960660945,1.1308,1.3346460982435282,-0.8913790907933206,5329991.7832587,157.28110353133505,64.23123548541267,AKEUSDT_15m_limit500_20260717_211231_enriched_candles.csv,-2.7037284166392044,15m,1784175300000
0.3759,79.13802708489017,,0.0007861,1784175899999,0.00035685,0.4622,27267.0,,46391371968.0,0.01363003175558486,,36319805.1137472,,1.1324,,0.42156361778231677,2157856.5845237,,67.5514493757878,AKEUSDT_5m_limit500_20260717_211054_enriched_candles.csv,-2.4364545447076154,5m,1784175600000
0.3765,77.03420022082945,,0.0007783,1784176199999,0.00035685,0.4674,16083.0,,46475877390.0,0.1821576263325131,,36600682.9621728,,1.1306,,-0.992240173005976,1238941.0421516,,62.93730220475878,AKEUSDT_5m_limit500_20260717_211054_enriched_candles.csv,5.3190282807449805,5m,1784175900000
0.3785,76.840451849035,,0.0007698,1784176499999,0.00035685,0.4721,18964.0,,46540274881.0,0.13856110872230154,,36238585.03609065,,1.1325,,-1.0921238596942162,1457202.3288651,,58.2665673865053,AKEUSDT_5m_limit500_20260717_211054_enriched_candles.csv,-9.037843015243498,5m,1784176200000
0.3785,75.14993000346703,1.797250552220485,0.0007909,1784177099999,0.00035685,0.4721,69656.0,90.02869581686046,46540274881.0,0.3346449149046471,10.108409810854475,36238585.03609065,25.986325428235638,1.1325,3.1777026562580333,1.618913015546708,5234643.5243215,153.72066964392658,66.56625048771886,AKEUSDT_15m_limit500_20260717_211231_enriched_candles.csv,-0.6514921318375906,15m,1784176200000
0.3805,71.50096830182676,,0.0007947,1784176799999,0.00035685,0.4712,23101.0,,46682282575.0,0.305128610355454,,35950025.8110075,,1.1342,,3.234606391270467,1651743.8687405,,66.18370532838263,AKEUSDT_5m_limit500_20260717_211054_enriched_candles.csv,5.047750885836577,5m,1784176500000
0.3814,77.04314184755536,,0.0007909,1784177099999,0.00035685,0.4741,27591.0,,46721195667.0,0.08335730357118543,,37110645.7182981,,1.1344,,-0.47816786208632056,2125697.3267159,,64.18259823428764,AKEUSDT_5m_limit500_20260717_211054_enriched_candles.csv,0.6689782341905519,5m,1784176800000
0.3835,75.9618351787353,,0.0007965,1784177399999,0.00035685,0.4782,15213.0,,46751306208.0,0.06444728258798715,,36940544.6002512,,1.1366,,0.7080541155645603,1155607.3985741,,65.82261107408573,AKEUSDT_5m_limit500_20260717_211054_enriched_candles.csv,6.108908186587135,5m,1784177100000
0.3835,73.0901253590713,1.6998074265277665,0.0007907,1784177999999,0.00035685,0.4782,50996.0,65.57307078727008,46751306208.0,0.45343807603110964,10.170512574449521,36940544.6002512,26.55527503669354,1.1366,-0.8625163670994184,-0.025287646984450962,3727304.0328112,108.39260415471914,66.49205122320666,AKEUSDT_15m_limit500_20260717_211231_enriched_candles.csv,-0.40053794927857583,15m,1784177100000
0.3875,72.99186282017205,,0.0007882,1784177699999,0.00035685,0.4846,16855.0,,46833992628.0,0.17686440595290343,,37323413.74503204,,1.1361,,-1.0420590081607117,1230277.847834,,61.33960917317424,AKEUSDT_5m_limit500_20260717_211054_enriched_candles.csv,-6.214283630791309,5m,1784177400000
0.3848,70.8695470415839,,0.0007907,1784177999999,0.00035685,0.4799,18928.0,,46915096161.0,0.17317236573060057,,36978478.7941002,,1.137,,0.3171783811215523,1341418.7864031,,62.17524403762049,AKEUSDT_5m_limit500_20260717_211054_enriched_candles.csv,-0.6762472162645036,5m,1784177700000
0.3887,71.47439725874123,,0.0007917,1784178299999,0.00035685,0.4848,26661.0,,46963732900.0,0.10366969905186707,,37118255.934844,,1.1377,,0.12647021626406296,1905578.9053153,,62.52418031750557,AKEUSDT_5m_limit500_20260717_211054_enriched_candles.csv,1.936998799374962,5m,1784178000000
0.3887,77.01862360592654,1.879994201406611,0.0008037,1784178899999,0.00035685,0.4848,104395.0,135.17452993617022,46963732900.0,0.45437595059889535,10.232977440088108,37118255.934844,26.693756994443266,1.1377,3.2411901768978035,1.6441128114329073,8040359.2113407,232.74686482377598,68.9173310194606,AKEUSDT_15m_limit500_20260717_211231_enriched_candles.csv,7.000689087469791,15m,1784178000000
0.3887,82.47409802076737,2.9461651560939615,0.0008234,1784181599999,0.00035685,0.4848,349553.0,227.51390565242718,46963732900.0,0.6723060190317431,5.447625598121527,37118255.934844,129.3602770787591,1.1377,5.355991485734947,4.135576071835079,28829068.3854533,410.53922889616575,71.09734489616972,AKEUSDT_1h_limit500_20260717_211343_enriched_candles.csv,4.0065279444656605,1h,1784178000000
0.3879,79.04523221972286,,0.000812,1784178599999,0.00035685,0.4824,48786.0,,46958281666.0,-0.01160732689543531,,37201289.90143852,,1.136,,2.564102564102555,3856300.6990714,,68.81366486887558,AKEUSDT_5m_limit500_20260717_211054_enriched_candles.csv,14.940151661511614,5m,1784178300000
0.3864,78.70939639885312,,0.0008037,1784178899999,0.00035685,0.4852,28948.0,,46501229747.0,-0.9733148292155769,,37704127.10346254,,1.1363,,-1.022167487684733,2278479.606954,,64.07841995485511,AKEUSDT_5m_limit500_20260717_211054_enriched_candles.csv,-2.2018043711028485,5m,1784178600000
0.3879,71.26105550886003,-0.13256102371013756,0.0008006,1784179199999,0.00035685,0.4908,18860.0,-0.23436564284773445,46587662310.0,0.18587156397853466,-0.4647727467900011,37393121.2764984,0.9739019946536664,1.132,,-0.38571606320765284,1343983.5068971,-0.20233218037548936,62.352618853039594,AKEUSDT_5m_limit500_20260717_211054_enriched_candles.csv,3.9902060436673126,5m,1784178900000
0.3879,76.70692125847208,1.8607149859855423,0.0008119,1784179799999,0.00035685,0.4908,61744.0,79.37624548262548,46587662310.0,-0.8007680965241182,10.023085473225013,37393121.2764984,26.843426909939218,1.132,1.6579335092551666,1.0202811994525218,4736192.1461831,136.5806703017811,70.373940333483,AKEUSDT_15m_limit500_20260717_211231_enriched_candles.csv,-0.3151874757769326,15m,1784178900000
0.3906,77.31286969379134,0.8122227965363311,0.0007943,1784179499999,0.00035685,0.4945,18748.0,-0.10355579665169456,46777625032.0,0.4077532818366425,0.6787253380386468,37454376.58687208,0.958864698360652,1.1328,-0.39620678485811495,-0.7869098176367828,1449461.6810192,-0.011644202450881052,58.88186326961095,AKEUSDT_5m_limit500_20260717_211054_enriched_candles.csv,-5.956078364465335,5m,1784179200000
0.3908,80.49167046183295,1.1276970876128778,0.0008119,1784179799999,0.00035685,0.4937,24136.0,0.7424686271604938,46931637139.0,0.32924310906046195,1.6192498773480604,37277799.3795077,0.8110397444111556,1.1329,2.820840622480267,2.2157874858365956,1942746.9582668,0.8851552409459715,64.78000755381203,AKEUSDT_5m_limit500_20260717_211054_enriched_candles.csv,0.9149661986169448,5m,1784179500000
0.393,84.0270546080391,1.3712282928843555,0.0008176,1784180099999,0.00035685,0.4954,20562.0,0.15450994704486626,46837114530.0,-0.2014048832774562,0.9857113804588427,38050471.844172,1.4619772933967843,1.1298,-0.5700185759198129,0.7020569035595559,1727764.2968505,0.40700447733190015,66.45810226153216,AKEUSDT_5m_limit500_20260717_211054_enriched_candles.csv,-0.20102466915372968,5m,1784179800000
0.393,91.31216276283155,2.5399437365677886,0.0008343,1784180699999,0.00035685,0.4954,88750.0,114.31886485308286,46837114530.0,0.5354469566215103,10.023696520182094,38050471.844172,27.30438970027944,1.1298,6.0521901786369305,2.7589604631112152,8103954.4452013,233.99187231219892,73.96339144338845,AKEUSDT_15m_limit500_20260717_211231_enriched_candles.csv,5.551841818475631,15m,1784179800000
0.3928,90.13778863904162,2.400460523723221,0.0008327,1784180399999,0.00035685,0.4968,35831.0,2.369524858254586,46974383051.0,0.29307638264537417,1.5866351434854007,38394511.98673485,1.492358881432144,1.1305,1.9865507062658248,1.8468688845401093,3229727.1047255,3.1530728961451073,70.47185121017606,AKEUSDT_5m_limit500_20260717_211054_enriched_candles.csv,7.535407843102718,5m,1784180100000
0.39,97.24211279244984,3.168620541493427,0.0008343,1784180699999,0.00035685,0.4968,32357.0,1.7762015184751059,46827606121.0,-0.3124616449792339,0.7044953338368843,38873937.22134815,1.9348972270005798,1.1296,-1.6145144899152586,0.1921460309835421,3146463.0436253,2.71956315254745,70.86962518549026,AKEUSDT_5m_limit500_20260717_211054_enriched_candles.csv,6.674759939278356,5m,1784180400000
0.3889,84.52841849419522,1.1156624560288095,0.0008551,1784180999999,0.00035685,0.4961,40949.0,2.496912849333522,46969492312.0,0.30299689169113186,1.3518553684074224,39224223.0297512,2.200197341200249,1.1266,2.854234493201583,2.493107994726129,3461354.2089188,3.3832832512649107,75.49173937740508,AKEUSDT_5m_limit500_20260717_211054_enriched_candles.csv,7.713167689752123,5m,1784180700000
0.3889,83.96605449514281,2.1892559895044386,0.0008234,1784181599999,0.00035685,0.4961,94664.0,121.8865947937921,46969492312.0,0.2826343666307851,9.994951044263797,39224223.0297512,28.2304932171132,1.1266,2.3740941756973695,-1.3064844780055096,7948562.5827282,229.1447417454926,69.54768694176981,AKEUSDT_15m_limit500_20260717_211231_enriched_candles.csv,1.9773799613370262,15m,1784180700000
0.392,83.92977344447552,0.8910969260781396,0.0008446,1784181299999,0.00035685,0.5008,25034.0,0.36208515891582116,47007768346.0,0.08149126617282842,1.5106761591844673,40135702.69149826,2.8223556368986427,1.128,0.3926805804837297,-1.2279265582972765,2101097.948409,0.8288704979534104,69.49698733764187,AKEUSDT_5m_limit500_20260717_211054_enriched_candles.csv,0.8462028280244261,5m,1784181000000
0.3986,83.19481278199505,0.7577942645836676,0.0008234,1784181599999,0.00035685,0.5065,28681.0,0.8507864445720251,47125321347.0,0.2500714352886346,2.0301595885618413,39741254.74513857,2.1392803038856525,1.1269,3.04248560802838,-2.5100639355908227,2386110.4254004,1.1614321009134883,59.26416955507757,AKEUSDT_5m_limit500_20260717_211054_enriched_candles.csv,-5.347041764950609,5m,1784181300000
0.3939,72.94133922667282,-0.4781783458519469,0.0008399,1784181899999,0.00035685,0.4954,30383.0,1.0939052025612472,47140204035.0,0.03158108544325522,2.1138195567838656,38799216.3330471,1.1940932912333355,1.1287,1.552421687768348,2.003886324993931,2216176.709724,0.8472253464074612,63.73923133148628,AKEUSDT_5m_limit500_20260717_211054_enriched_candles.csv,3.3454977916374515,5m,1784181600000
0.3939,70.20563002867638,1.541362598881699,0.0008011,1784182499999,0.00035685,0.4954,252089.0,325.96403393125,47140204035.0,0.3634523487416663,9.982726873031572,38799216.3330471,27.85281661563346,1.1287,5.904711265472539,-2.7082827301432966,17698067.068299,510.3157677342087,61.46305295409747,AKEUSDT_15m_limit500_20260717_211231_enriched_candles.csv,-4.083579038991971,15m,1784181600000
0.3939,70.93379176853436,2.203501321510441,0.0008355,1784185199999,0.00035685,0.4954,718800.0,469.76867351846454,47140204035.0,0.3757604519550428,5.545715331586707,38799216.3330471,134.98659028830951,1.1287,1.299158829184508,1.4695166383288827,50987209.5232225,719.0215216266157,71.81375579294208,AKEUSDT_1h_limit500_20260717_211343_enriched_candles.csv,-1.1400098483788539,1h,1784181600000
0.3978,69.1457841953774,-0.9435714300233647,0.0007545,1784182199999,0.00035685,0.5026,122680.0,13.453330588870433,47420946760.0,0.5955483875113465,2.98204675155721,39772422.2570796,1.7519265727164317,1.1319,11.339506717928275,-10.167877128229552,8482804.8050889,10.066784716033878,39.53252765318717,AKEUSDT_5m_limit500_20260717_211054_enriched_candles.csv,-10.426076467148308,5m,1784181900000
0.3661,70.67927164064085,-0.7448212396279404,0.0008011,1784182499999,0.00035685,0.4292,99026.0,9.574021489291129,46129672583.0,-2.7230037888851255,-2.2052538343846737,34987050.17057635,-1.2341193021819516,1.1413,5.9591235422508575,6.176275679257803,6999085.5534861,7.27961055625075,50.56506754790028,AKEUSDT_5m_limit500_20260717_211054_enriched_candles.csv,1.2511208053955591,5m,1784182200000
0.3572,76.0673090560438,-0.04219913369613006,0.0008435,1784182799999,0.00035685,0.4259,125236.0,12.466145994462748,46768629638.0,1.3851324304336554,0.21722119718424462,37419580.5733638,0.20695229410699634,1.1292,4.6205483631662,5.292722506553482,9526365.5169427,9.955300354228712,58.06262142471013,AKEUSDT_5m_limit500_20260717_211054_enriched_candles.csv,3.66708846412827,5m,1784182500000
0.3572,72.62748810635553,1.6531088391513402,0.0008383,1784183399999,0.00035685,0.4259,208826.0,269.5879161289625,46768629638.0,-0.7882324750315473,9.844116384111212,37419580.5733638,26.698780978718748,1.1292,10.768242815261123,4.64361502933468,15166507.8312978,436.20796985131426,68.12055342942374,AKEUSDT_15m_limit500_20260717_211231_enriched_candles.csv,1.8381508776074287,15m,1784182500000
0.3546,68.21897419367536,-1.0320398459607598,0.000843,1784183099999,0.00035685,0.4233,44461.0,2.3950951954424777,47126800853.0,0.7658364544189666,1.5121343796496853,39757111.73560786,1.5379834441800757,1.1226,-1.0245820974131394,-0.05927682276229973,3033083.811625,1.3480047186727104,57.95100311559881,AKEUSDT_5m_limit500_20260717_211054_enriched_candles.csv,0.4950762329233067,5m,1784182800000
0.3572,66.627271403054,-1.2262249067442321,0.0008383,1784183399999,0.00035685,0.4225,39129.0,1.6928040558444348,47126737394.0,-0.00013465586217176195,1.4075734683321737,39629344.74198854,1.38783371747377,1.1213,-0.4979227458141692,-0.5575326215895515,2607058.5027301,0.7379761524705868,56.84478200541922,AKEUSDT_5m_limit500_20260717_211054_enriched_candles.csv,-3.2823594524437496,5m,1784183100000
0.3565,64.79597557267833,-1.4387033128592497,0.0008514,1784183699999,0.00035685,0.419,36224.0,1.319653858695652,47047356279.0,-0.16844177931593096,1.044765403789475,39336294.5848719,1.1722133127840426,1.1195,0.5694213010986812,1.5626863891208265,2347169.4191447,0.41435946707643284,59.18348476760244,AKEUSDT_5m_limit500_20260717_211054_enriched_candles.csv,12.361410212622289,5m,1784183400000
0.3565,67.13706805683928,1.396985050073901,0.0008533,1784184299999,0.00035685,0.419,97554.0,125.27514325959693,47047356279.0,0.5959692280004925,9.917528833155629,39336294.5848719,28.225274834257586,1.1195,3.5783917150373505,1.789335560062022,6549489.5372169,187.4163074476727,70.34520418054151,AKEUSDT_15m_limit500_20260717_211231_enriched_candles.csv,5.525969621236974,15m,1784183400000
0.3589,63.4924982606646,-1.3059944035615068,0.0008407,1784183999999,0.00035685,0.4263,31267.0,0.6364261062348446,47243740762.0,0.41741874258651723,1.639276139539754,40108046.15730752,1.4105755288208883,1.1175,0.23337689837284648,-1.2567535823349796,1985219.9431162,0.05036066098641562,56.49061599746552,AKEUSDT_5m_limit500_20260717_211054_enriched_candles.csv,-2.4996576704798517,5m,1784183700000
0.3602,73.74846738369423,0.08925562322917949,0.0008533,1784184299999,0.00035685,0.4271,30063.0,0.5396132600620426,47270218078.0,0.05604407181341031,1.7340369301385128,39665858.09579214,1.0403019515698944,1.1166,0.4717074858638917,1.4987510407993287,2217100.174956,0.3077328507042545,58.86420748679528,AKEUSDT_5m_limit500_20260717_211054_enriched_candles.csv,5.475768115593127,5m,1784184000000
0.3589,71.0737517181989,-0.2707186727199904,0.0008583,1784184599999,0.00035685,0.4259,36689.0,1.0516258897857194,47440726718.0,0.3607105000417832,2.327251777939336,40471683.9631258,1.3650600971452078,1.1138,-0.5560692852345155,0.5859603890776999,2607624.876789,0.6987637371194423,59.8013774394844,AKEUSDT_5m_limit500_20260717_211054_enriched_candles.csv,1.9305714421543136,5m,1784184300000
0.3589,72.18282856346433,1.623781406507519,0.0008355,1784185199999,0.00035685,0.4259,160331.0,205.16383595781696,47440726718.0,0.8361159268275076,10.00223832111349,40471683.9631258,29.118403387633112,1.1138,4.32295847911197,-2.086018985116611,11573145.0864088,331.67072437872304,64.58550801994413,AKEUSDT_15m_limit500_20260717_211231_enriched_candles.csv,-4.313872746941602,15m,1784184300000
0.3605,71.51524492625477,-0.18042366037175864,0.0008465,1784184899999,0.00035685,0.4306,40705.0,1.2142717663120113,47494076057.0,0.11245472548748747,2.5186101180956633,40758941.13135683,1.471047404785471,1.1139,0.37789130735603893,-1.374810672259108,2911028.0447232,1.0032826560612618,56.52826567761275,AKEUSDT_5m_limit500_20260717_211054_enriched_candles.csv,-2.3713826952623607,5m,1784184600000
0.3644,73.00109920658572,0.004259563295400763,0.0008355,1784185199999,0.00035685,0.4337,82937.0,4.626619457935049,47431282538.0,-0.13221337104155628,2.24996894406868,40022990.51838978,1.1132130559099267,1.113,0.2616050483215297,-1.2994683992912037,6054492.1648966,4.185413045828903,53.58397980561159,AKEUSDT_5m_limit500_20260717_211054_enriched_candles.csv,-7.937266820095172,5m,1784184900000
0.3552,67.93984921376583,-0.6277610871029475,0.0008117,1784185499999,0.00035685,0.4176,78259.0,4.037279179715929,47357517594.0,-0.15551960658222175,1.9377006122755902,39588043.25752836,0.8736224906864264,1.1184,2.208294056953692,-2.8485936564931147,5316904.6596201,2.864862358670258,47.78472298740292,AKEUSDT_5m_limit500_20260717_211054_enriched_candles.csv,-3.0667708052028586,5m,1784185200000
0.3552,69.07113995939093,1.4714082449186945,0.0008295,1784186099999,0.00035685,0.4176,145534.0,184.89705760416666,47357517594.0,-0.175395972525072,9.930717229057617,39588043.25752836,28.372776793717122,1.1184,0.8810418194533547,-0.7181328545780907,10052199.28285,287.90910444996763,62.721292955237786,AKEUSDT_15m_limit500_20260717_211231_enriched_candles.csv,0.11907527445085858,15m,1784185200000
0.3552,74.77021095179025,2.426825870868498,0.0008398,1784188799999,0.00035685,0.4176,705909.0,461.31821495966955,47357517594.0,0.4609940993014261,5.653987879509133,39588043.25752836,137.93752280404985,1.1184,-0.14917079670486968,0.5146618791143087,52780964.8427673,736.3984532165431,72.0786235145215,AKEUSDT_1h_limit500_20260717_211343_enriched_candles.csv,4.7564115768871185,1h,1784185200000
0.3495,67.31183667175745,-0.7041394493112759,0.0008194,1784185799999,0.00035685,0.4104,41526.0,1.1024095079130434,47604659380.0,0.521863895229413,2.5826478029405813,38642606.2051212,0.4839271173987971,1.1121,-0.2028253315149781,0.9486263397807004,2795191.3296314,0.5966847680476365,49.68211978670025,AKEUSDT_5m_limit500_20260717_211054_enriched_candles.csv,1.073522223309034,5m,1784185500000
0.3454,75.34674331424522,0.29737733248381926,0.0008295,1784186099999,0.00035685,0.4061,25749.0,-0.14229871944794412,47684381966.0,0.1674680315714827,2.6882690153735957,39094994.24246442,0.6313574628077009,1.1106,0.16224817048129533,1.2326092262631372,1940103.2935985,-0.16013695782922666,52.138858457937786,AKEUSDT_5m_limit500_20260717_211054_enriched_candles.csv,7.474857864372632,5m,1784185800000
0.3455,78.71492124588288,0.7157891618801723,0.0008532,1784186399999,0.00035685,0.4049,47096.0,1.5379930334202898,47964901130.0,0.5882831074543793,3.3140889317914994,39840606.1766006,0.9364739739446455,1.1044,2.2112706892366853,2.857142857142847,3707157.9309961,1.48149005957337,57.39545033793043,AKEUSDT_5m_limit500_20260717_211054_enriched_candles.csv,4.334157955777397,5m,1784186100000
0.3455,81.10770789765958,2.023158386970154,0.0008378,1784186999999,0.00035685,0.4049,126089.0,159.90512011613058,47964901130.0,1.2825493540585153,10.064322670448474,39840606.1766006,28.439680731168274,1.1044,1.5890401924101838,1.0006027727546662,10226789.781108,291.5077461815788,64.25820433467898,AKEUSDT_15m_limit500_20260717_211231_enriched_candles.csv,5.235910899756335,15m,1784186100000
0.3459,85.87890919053648,1.6013389648728458,0.0008268,1784186699999,0.00035685,0.4057,43525.0,1.2309379998281984,47836800937.0,-0.26707069123901306,2.7030356143386025,40748822.14216471,1.2443125814103597,1.1031,2.4152182785139376,-3.0942334739803123,3737879.5225181,1.3910466191491084,50.7137472506617,AKEUSDT_5m_limit500_20260717_211054_enriched_candles.csv,1.390044044338196,5m,1784186400000
0.3416,78.42991788637082,0.668914568603828,0.0008378,1784186999999,0.00035685,0.4023,35468.0,0.5350961747457261,47819912222.0,-0.03530485874723155,2.547126328406266,39593930.92157156,0.7973396051625036,1.0989,0.23931606189376148,1.3304305757135815,2781752.3275938,0.5509183922082025,53.160528443766324,AKEUSDT_5m_limit500_20260717_211054_enriched_candles.csv,11.605395115698482,5m,1784186700000
0.3419,71.67428549238207,-0.1645892498820165,0.0008392,1784187299999,0.00035685,0.4025,37963.0,0.6419167291602584,47780632762.0,-0.08214038498783882,2.368009706367607,40011979.68122642,0.9178897188310907,1.1019,-1.1246970658680329,0.16710432084030558,2720970.9001473,0.5042873423081881,53.477088600830506,AKEUSDT_5m_limit500_20260717_211054_enriched_candles.csv,1.8914112013735132,5m,1784187000000
0.3419,71.93537420532978,1.5920840821064095,0.0008513,1784187899999,0.00035685,0.4025,101205.0,128.02554971172023,47780632762.0,-0.3841733510522083,9.944144467447932,40011979.68122642,28.454054909467455,1.1019,3.11858271654006,1.611363093817153,7280219.5464504,206.12883990546354,66.66546306841096,AKEUSDT_15m_limit500_20260717_211231_enriched_candles.csv,5.14892955806486,15m,1784187000000
0.3441,74.26424842339733,0.15738749266126575,0.0008404,1784187599999,0.00035685,0.4023,33491.0,0.3196282429827228,47801732963.0,0.0441605725589822,2.2438279848663223,40032039.28719398,0.8796822396374477,1.1036,-1.1646041495181594,0.1429933269780692,2487183.943948,0.2759493021293976,53.76552369648758,AKEUSDT_5m_limit500_20260717_211054_enriched_candles.csv,5.376300488814816,5m,1784187300000
0.3399,69.64689262058755,-0.41673485431784907,0.0008513,1784187899999,0.00035685,0.3992,29751.0,0.054248324243790065,47953229026.0,0.3169258803174868,2.4474811111406534,40297016.47970884,0.9283201396132438,1.1004,0.1947855648598584,1.2970014278914865,2072064.7023551,-0.1280702936405416,56.4091868800655,AKEUSDT_5m_limit500_20260717_211054_enriched_candles.csv,9.153678694295667,5m,1784187600000
0.3416,77.04229397734689,0.5037904915747803,0.0008476,1784188199999,0.00035685,0.4008,231668.0,13.904096437452237,48257405949.0,0.6343200013393835,2.9823892725928323,41018795.05665,1.221737707963688,1.0975,-0.8197996015958984,-0.4346293903441878,17848234.161144,14.531770308509385,55.254230389275094,AKEUSDT_5m_limit500_20260717_211054_enriched_candles.csv,10.314637040278503,5m,1784187900000
0.3416,75.72259069823527,1.758401960422662,0.0008398,1784188799999,0.00035685,0.4008,333081.0,423.2732083543437,48257405949.0,0.997837741862595,10.035818143282182,41018795.05665,29.198822047181704,1.0975,2.4616626865793303,-1.3508751321508305,25221756.2323589,714.1921473407813,62.786114814500536,AKEUSDT_15m_limit500_20260717_211231_enriched_candles.csv,6.2969098848425595,15m,1784187900000
0.3358,73.62175968073022,0.07758132941868028,0.0008356,1784188499999,0.00035685,0.4085,50587.0,1.3709558512340259,47293595680.0,-1.9972276794541832,0.733875378986399,39962615.4136432,0.7557078939785283,1.1016,0.32728329784696214,-1.4157621519584662,3724303.9569691,1.340251259616159,51.56659126781444,AKEUSDT_5m_limit500_20260717_211054_enriched_candles.csv,-7.908002552761129,5m,1784188200000
0.3373,71.79825511049069,-0.19990719925613432,0.0008398,1784188799999,0.00035685,0.4092,50826.0,1.3307852940580052,47423104848.0,0.27384081531101057,1.0052305067962515,39598292.54808,0.5858272474685405,1.0991,-0.7393983714135632,0.5026328386787959,3649218.1142458,1.2658877973738236,52.755068405329375,AKEUSDT_5m_limit500_20260717_211054_enriched_candles.csv,1.1434981464138783,5m,1784188500000
0.336,80.09179921050425,0.9449453158316252,0.0008469,1784189099999,0.00035685,0.4049,41964.0,0.7542851451559858,47487564788.0,0.13592517867948573,1.1265427955154879,40061459.40645256,0.777500494966323,1.1004,-0.31538998904070425,0.8454393903310375,3360972.2620696,1.0050694489179055,54.77536266824332,AKEUSDT_5m_limit500_20260717_211054_enriched_candles.csv,8.940860292811818,5m,1784188800000
0.336,80.97943660054055,1.9844785904178803,0.0008487,1784189699999,0.00035685,0.4049,94719.0,119.52849205518868,47487564788.0,-1.5952808607524238,9.734037776840054,40061459.40645256,28.368911557367724,1.1004,1.7304641253435553,1.0597761371755166,7670291.2553666,216.2920783923566,64.50747447564893,AKEUSDT_15m_limit500_20260717_211231_enriched_candles.csv,6.333493923669538,15m,1784188800000
0.336,74.92614820974711,2.420418905817948,0.0008367,1784192399999,0.00035685,0.4049,541463.0,344.14611118377485,47487564788.0,0.2746072864606264,5.667821608044954,40061459.40645256,139.5923710760484,1.1004,-0.3672087976542951,-0.369135508454399,40569736.9880943,563.7787098967699,71.55656494245805,AKEUSDT_1h_limit500_20260717_211343_enriched_candles.csv,3.3648421760543066,1h,1784188800000
0.336,75.66195110859826,2.6250614781343162,0.0009024,1784203199999,0.00035685,0.4049,1952443.0,384.189658079011,47487564788.0,1.7952015146592615,26.03040955865642,40061459.40645256,152.63289900353385,1.1004,3.742781082350185,7.454155751369385,147725646.8083249,570.0124692929936,87.04822178025927,AKEUSDT_4h_limit500_20260717_211446_enriched_candles.csv,2.775273343037852,4h,1784188800000
0.3385,79.41533217903637,0.8063936015933302,0.0008492,1784189399999,0.00011702,0.4055,28268.0,-0.12295467958879201,47885469107.0,0.8379126636128387,1.9368285975387025,40398097.15742948,0.8631415320522398,1.1025,-1.0193541250594933,0.27157869878380314,2244912.610037,-0.0024427934082214896,55.44011163483137,AKEUSDT_5m_limit500_20260717_211054_enriched_candles.csv,5.015434944077589,5m,1784189100000
0.3387,84.30621894311267,1.4164844418035436,0.0008487,1784189699999,0.00011702,0.4063,24487.0,-0.35340676996805115,48130216065.0,0.5111090327905465,2.4155758664625533,40823567.96417235,1.036778399796148,1.1013,-1.2278190556668576,-0.058878944889317886,2064406.38326,-0.15447100772898323,55.249985596505695,AKEUSDT_5m_limit500_20260717_211054_enriched_candles.csv,3.521858159147298,5m,1784189400000
0.338,82.00937207780646,1.1168841220404526,0.0008622,1784189999999,0.00011702,0.4059,86782.0,3.618165954373968,48340411478.0,0.43672235486358346,2.8373448627472024,41043426.3653959,1.114048134101544,1.1033,0.5704293278959746,1.590668080593849,7116937.3276562,4.2376480281637345,59.30767205957235,AKEUSDT_5m_limit500_20260717_211054_enriched_candles.csv,14.030772252418489,5m,1784189700000
0.338,76.31472154113798,1.7618226506145505,0.0008533,1784190599999,0.00011702,0.4059,197489.0,250.07994796748352,48340411478.0,1.795936881175919,9.98836362314928,41043426.3653959,29.085452389677886,1.1033,0.43330029353415017,0.5420054200542035,15071318.0424378,424.5073396740931,65.39834779587031,AKEUSDT_15m_limit500_20260717_211231_enriched_candles.csv,6.643834597464558,15m,1784189700000
0.3303,73.67481979324691,-0.010002014766935944,0.0008554,1784190299999,0.00011702,0.4029,86479.0,3.575644966735576,47905573100.0,-0.8995338779809514,1.896184587317903,41280232.34027,1.1339049545295263,1.1077,-0.3708217426401775,-0.7886801206216765,6371324.7409002,3.5312412848062396,56.52729718835439,AKEUSDT_5m_limit500_20260717_211054_enriched_candles.csv,-1.5489600742663827,5m,1784190000000
0.3263,65.33993618463761,-1.1292098053430832,0.0008533,1784190599999,0.00011702,0.4029,24228.0,-0.3770400532658865,47710436224.0,-0.4073364816921443,1.3584087915453893,40817232.39835648,0.8985274994352811,1.1082,-1.068179997579742,-0.24549918166939522,1583055.9738814,-0.5662495560153498,55.65948307019496,AKEUSDT_5m_limit500_20260717_211054_enriched_candles.csv,6.407950995963951,5m,1784190300000
0.3249,71.29334025793956,-0.31870063559127093,0.000854,1784190899999,0.00011702,0.4,23364.0,-0.4245824878077429,47713224030.0,0.005843178601239174,1.3049897980382947,40809597.6450993,0.8565919392012805,1.1101,-1.2213038883556662,0.08203445447088065,1665697.6017865,-0.4956722414165856,55.90250520804888,AKEUSDT_5m_limit500_20260717_211054_enriched_candles.csv,1.6087085271396357,5m,1784190600000
0.3249,73.28475454930224,1.621627340509481,0.0008515,1784191499999,0.00011702,0.4,170041.0,214.97931777542374,47713224030.0,-1.2974392000892232,9.77744117643023,40809597.6450993,28.830443218465362,1.1101,-0.3951608940910963,-0.2109457400679693,12461412.9483179,349.79520819015727,64.71384440047002,AKEUSDT_15m_limit500_20260717_211231_enriched_candles.csv,-0.5355210504014911,15m,1784190600000
0.328,76.28623297024838,0.35136486388495985,0.000858,1784191199999,0.00011702,0.4055,20372.0,-0.606579558240981,47722477899.0,0.019394767777969335,1.205234422422432,40764063.39654681,0.7606039678600166,1.1103,-0.7053070788133633,0.4683840749414525,1554103.1380699,-0.5870892936158008,57.34130153551018,AKEUSDT_5m_limit500_20260717_211054_enriched_candles.csv,3.3852541007567063,5m,1784190900000
0.3261,73.16901317019517,-0.06776366901451358,0.0008515,1784191499999,0.00011702,0.4031,126305.0,6.353007835479466,47679254410.0,-0.09057259996322342,1.110131965221106,40865888.954811,0.7178416208957499,1.1065,-0.33289471795011444,-0.7575757575757569,9241612.2084615,6.234997756243614,54.24405619076522,AKEUSDT_5m_limit500_20260717_211054_enriched_candles.csv,-1.5813263507172173,5m,1784191200000
0.3194,61.67931937955332,-1.6403871442151168,0.0008536,1784191799999,0.00011702,0.3831,36133.0,0.39607386781419474,47169928854.0,-1.0682330550311092,0.13865311166278266,40063779.0721449,0.374782134562289,1.1134,-0.9615749251653053,0.24662360540224082,2228658.8471414,-0.002036064585661212,55.08809069736745,AKEUSDT_5m_limit500_20260717_211054_enriched_candles.csv,-0.4945545997197976,5m,1784191500000
0.3194,67.74957383760447,1.3690479803077396,0.0008367,1784192399999,0.00011702,0.3831,79214.0,98.85750423691589,47169928854.0,-1.1386679207810335,9.595008299832724,40063779.0721449,28.20010787756903,1.1134,3.4260129033687186,-1.7381092190252523,5366714.741972,149.5708522647663,59.22492049336285,AKEUSDT_15m_limit500_20260717_211231_enriched_candles.csv,-1.0298621267522763,15m,1784191500000
0.321,70.57233797726494,-0.40427487188466965,0.0008499,1784192099999,0.00011702,0.3824,19846.0,-0.6523962677033041,47381771414.0,0.4491051081626507,0.39042393693325167,40406700.84414506,0.5179557456795298,1.1085,-0.7072734438517385,-0.43345829428304006,1400578.6194968,-0.7239962492920555,53.225159695313934,AKEUSDT_5m_limit500_20260717_211054_enriched_candles.csv,0.8880183571321791,5m,1784191800000
0.3179,74.77844955170217,0.1827180582572031,0.0008367,1784192399999,0.00011702,0.3805,23235.0,-0.4397298819620872,47418155914.0,0.0767900796322829,0.45332745693234605,40291207.0801258,0.45259992715787134,1.1044,0.6784487217446891,-1.553123896929054,1737477.2753338,-0.425443302744526,47.104997582094285,AKEUSDT_5m_limit500_20260717_211054_enriched_candles.csv,-3.262501546911436,5m,1784192100000
0.3148,66.81863703882478,-0.954343907522651,0.0008397,1784192699999,0.00011702,0.3765,43498.0,0.9361141436900555,47364868127.0,-0.11237844655250795,0.3768129749389433,39682760.16548187,0.16367319480461676,1.107,-0.794458575535777,0.35855145213337103,2906477.0739148,0.6118949469674835,48.55289859156146,AKEUSDT_5m_limit500_20260717_211054_enriched_candles.csv,1.2021467990022123,5m,1784192400000
0.3148,71.72089382225484,1.5450713297734116,0.0008546,1784193299999,0.00011702,0.3765,101169.0,125.35891625787036,47364868127.0,0.4132702290125856,9.644163130468723,39682760.16548187,27.861152912281398,1.107,4.426059566704244,2.139356997729158,7255931.1071037,202.1824417749186,63.28142385995226,AKEUSDT_15m_limit500_20260717_211231_enriched_candles.csv,6.546794867231238,15m,1784192400000
0.3148,71.68263130475326,2.2044853001664273,0.0007822,1784195999999,0.00011702,0.3765,445400.0,279.13358396195144,47364868127.0,-0.25837640137530427,5.635909105838582,39682760.16548187,137.76068966713544,1.107,8.9703529150443,-6.513684713756418,31927443.9831371,441.89194863208456,62.92734309957074,AKEUSDT_1h_limit500_20260717_211343_enriched_candles.csv,-1.442217303885963,1h,1784192400000
0.3111,73.77722764571777,0.05044548220822667,0.0008485,1784192999999,0.00011702,0.3729,40995.0,0.7307741203830369,47418044896.0,0.11227048887250124,0.47234758143744837,39816932.2991712,0.18063803025993946,1.1072,0.06729805492324634,1.0479933309515355,3024497.4473362,0.7246614937117977,52.647513985569894,AKEUSDT_5m_limit500_20260717_211054_enriched_candles.csv,9.655245117022538,5m,1784192700000
0.3115,79.45290152630727,0.8179941751966127,0.0008546,1784193299999,0.00011702,0.371,16676.0,-0.8548134320978888,47354282272.0,-0.1344691122121322,0.37828383543142186,40154063.6525424,0.31987008976656534,1.1069,-0.35309043540044593,0.7189157336476182,1324956.5858527,-0.790113114415013,55.30310623602169,AKEUSDT_5m_limit500_20260717_211054_enriched_candles.csv,11.175321792767107,5m,1784193000000
0.3084,78.99960119944097,0.7334150111120282,0.0008586,1784193599999,0.00011702,0.3667,13774.0,-1.0263186170007075,47492040594.0,0.29090995658793695,0.6087586911617224,40619942.3200482,0.5857815562102747,1.106,-0.634057629096209,0.4680552305172059,1088140.5069211,-0.994571252763312,57.00582554941653,AKEUSDT_5m_limit500_20260717_211054_enriched_candles.csv,1.4391125131449174,5m,1784193300000
0.3084,72.56402007910843,1.581346156020454,0.0008531,1784194199999,0.00011702,0.3667,42778.0,52.18126231797235,47492040594.0,0.26849534692889865,9.442755574098996,40619942.3200482,28.579107414855304,1.106,-0.48388649770326925,-0.17552071144394388,3104143.6509441,85.91009514124501,62.71833818590532,AKEUSDT_15m_limit500_20260717_211231_enriched_candles.csv,0.15490673988741327,15m,1784193300000
0.3091,67.5914559179552,-0.8149973475099167,0.0008534,1784193899999,0.00011702,0.3676,13038.0,-1.045030795564105,47625706918.0,0.28144994893499753,0.8420379221582774,40928103.75412166,0.769046171718756,1.1081,-0.4749998808593804,-0.6056370836245106,881257.4022583,-1.173745538965063,54.119486011609,AKEUSDT_5m_limit500_20260717_211054_enriched_candles.csv,1.626353437596339,5m,1784193600000
0.3079,71.07263821650382,-0.34306782439434136,0.0008531,1784194199999,0.00011702,0.3663,15966.0,-0.8676919853054261,47723311886.0,0.20494177266083824,0.9151421553643061,40698440.3763808,0.6275528496925856,1.1077,-1.18697755645241,-0.035153503632534555,1134745.7417647,-0.9266145604353094,53.94977095289996,AKEUSDT_5m_limit500_20260717_211054_enriched_candles.csv,-2.219298790329538,5m,1784193900000
0.3096,80.28003154506358,0.8827155659933186,0.0008608,1784194499999,0.00011702,0.3689,14626.0,-0.9575775376189531,47711381713.0,-0.02499862756486504,0.84007076030289,40712122.0157029,0.6444375926432282,1.1063,-0.07193415525830424,0.9025905521040878,1174175.7413781,-0.869480318809498,57.62302387631059,AKEUSDT_5m_limit500_20260717_211054_enriched_candles.csv,12.793876380360897,5m,1784194200000
0.3096,77.93214773310595,1.8170237830331633,0.0008465,1784195099999,0.00011702,0.3689,85613.0,105.14476887729779,47711381713.0,0.4618481670962682,9.278592084243606,40712122.0157029,28.625739802430203,1.1063,1.0116534846787162,-0.7736490446606403,6672004.9638744,185.27953071128934,60.18090671257286,AKEUSDT_15m_limit500_20260717_211231_enriched_candles.csv,-3.7961909649437686,15m,1784194200000
0.3101,73.77876891485761,0.017379372684650757,0.0008601,1784194799999,0.00011702,0.3702,15662.0,-0.8861921419384646,47806539915.0,0.19944549619712593,0.9051799568772102,41084940.402951,0.8645732415808765,1.1067,-1.1381184995848077,-0.08131970260222277,1155523.0787445,-0.8568554377665004,57.17651640725977,AKEUSDT_5m_limit500_20260717_211054_enriched_candles.csv,0.13223739286629152,5m,1784194500000
0.3103,78.48723260283417,0.6447261343130305,0.0008465,1784195099999,0.00011702,0.3725,55325.0,1.80923234662237,47886298954.0,0.16683708785829587,0.9298096725517759,41184132.55239816,0.9241836620324805,1.106,0.8995715477119061,-1.5812114870363936,4342306.1437518,1.8103422727632634,49.199840774313095,AKEUSDT_5m_limit500_20260717_211054_enriched_candles.csv,-9.327593740377031,5m,1784194800000
0.3116,73.81013574108131,0.013594520396938868,0.0008127,1784195399999,0.00011702,0.3721,78885.0,3.314070852988077,47879497000.0,-0.014204384445193341,0.9249931587231868,40574522.14271,0.5487908676299488,1.1153,3.9857663639288083,-3.9929119905493304,5822512.5579352,2.9182795441357197,35.82355816956411,AKEUSDT_5m_limit500_20260717_211054_enriched_candles.csv,-8.499381983558917,5m,1784195100000
0.3116,69.01113909013576,1.414884045047121,0.0007822,1784195999999,0.00011702,0.3721,215840.0,265.1435237170933,47879497000.0,0.3523588732166072,9.210116900503346,40574522.14271,28.51099469223565,1.1153,18.05548881818956,-7.595983461311285,14895364.2612149,413.9935000610015,42.24779807734835,AKEUSDT_15m_limit500_20260717_211231_enriched_candles.csv,-4.612311006074491,15m,1784195100000
0.3146,66.80791645878432,-0.9878798044893217,0.0008166,1784195699999,0.00011702,0.3729,87918.0,3.899476525245098,47736900248.0,-0.29782424823719955,0.7111699880551521,38949491.65034816,-0.4399740416148621,1.1166,-0.6079688179381871,0.47988187523071435,5873618.3992234,3.0198132995163873,37.9208090100986,AKEUSDT_5m_limit500_20260717_211054_enriched_candles.csv,-0.4157927400804418,5m,1784195400000
0.3153,65.2412118207945,-1.169143473710493,0.0007822,1784195999999,0.00011702,0.3702,49037.0,1.209547474894111,47774351332.0,0.07845311238356967,0.7496044391106415,39148214.45549408,-0.302389022854015,1.121,4.273380756848582,-4.212588782757775,3199233.3040563,0.7847374851277114,28.937848348827416,AKEUSDT_5m_limit500_20260717_211054_enriched_candles.csv,-5.24253303998327,5m,1784195700000
0.3194,64.40131163239788,-1.2423857438317565,0.0007709,1784196299999,0.00011702,0.378,87302.0,3.527906898323185,47924079321.0,0.31340663939001256,0.9592834906162747,38040696.44263017,-0.9485927932820217,1.1152,0.6174599331521413,-1.4446433137305092,5622363.3081316,2.630593554565935,26.700346107608198,AKEUSDT_5m_limit500_20260717_211054_enriched_candles.csv,-5.2254068105327,5m,1784196000000
0.3194,66.69519058737664,1.3064410283416634,0.0008204,1784196899999,0.00011702,0.378,191217.0,233.497314345,47924079321.0,0.09311359515744577,9.107483389716933,38040696.44263017,26.497039779000715,1.1152,11.265537911197056,4.883661467655331,12753254.2585464,353.7703060812041,51.49518051198223,AKEUSDT_15m_limit500_20260717_211231_enriched_candles.csv,2.613077009150624,15m,1784196000000
0.3194,77.33393501534057,2.5334113219807786,0.0009113,1784199599999,0.00011702,0.378,614560.0,384.0499482374477,47924079321.0,1.180645520854351,5.744265405620271,38040696.44263017,130.8003661364046,1.1152,24.067809200943092,16.504730248018397,47526343.1030277,656.8304026943767,71.64909149048691,AKEUSDT_1h_limit500_20260717_211343_enriched_candles.csv,5.851231503228246,1h,1784196000000
0.3161,66.1086108393072,-1.0042590061145595,0.0007975,1784196599999,0.00011702,0.3686,43562.0,0.8321804866726904,47653892997.0,-0.5637798948421424,0.5155371855666288,36879347.7903783,-1.6070391985543255,1.114,3.136287050999653,3.450512388117777,2879823.3053819,0.5034227987489904,38.713335761065274,AKEUSDT_5m_limit500_20260717_211054_enriched_candles.csv,10.095940865126908,5m,1784196300000
0.3139,70.4367246869733,-0.4217956625171312,0.0008204,1784196899999,0.00011702,0.3646,60353.0,1.8236449636258143,47971813245.0,0.6671443359727469,0.9855036272144337,38310769.77558945,-0.7449327748061089,1.1141,2.3349421197726237,2.871473354231968,4251067.6450329,1.5419148047134996,46.79725148280556,AKEUSDT_5m_limit500_20260717_211054_enriched_candles.csv,7.910917452137994,5m,1784196600000
0.3116,76.98613003578015,0.46173923464047545,0.0008469,1784197199999,0.00011702,0.3626,47177.0,1.009026667387276,47685445660.0,-0.5969496786320638,0.5236192248727253,39164056.520558,-0.2459679180210691,1.1133,2.701295291896734,3.230131643100931,3631974.656698,1.052518576354302,54.308116084562755,AKEUSDT_5m_limit500_20260717_211054_enriched_candles.csv,7.719551205340718,5m,1784196900000
0.3116,79.48561181418252,1.8685721628474345,0.0008602,1784197799999,0.00011702,0.3626,119880.0,145.7473196084392,47685445660.0,-0.497941044212058,8.977510468853243,39164056.520558,27.34645878836907,1.1133,11.17142600583749,4.851292052657241,9528735.1442842,262.82818673609194,58.8824204516151,AKEUSDT_15m_limit500_20260717_211231_enriched_candles.csv,7.455053477120906,15m,1784196900000
0.3108,83.82922808799773,1.3532477249458472,0.000857,1784197499999,0.00011702,0.3665,35385.0,0.2927881393300356,47668729355.0,-0.03505536074714932,0.49610403679489395,40418315.6201045,0.475193229064998,1.1103,0.2216865115093829,1.192584720746237,2966297.2358938,0.5396997414902149,56.81071940940407,AKEUSDT_5m_limit500_20260717_211054_enriched_candles.csv,8.990004056307841,5m,1784197200000
0.3084,78.52680346461224,0.6498010610141806,0.0008602,1784197799999,0.00011702,0.3633,37318.0,0.368672611057328,47929791295.0,0.5476586926742133,0.9212456530618188,41005374.34661135,0.8156348991615958,1.1027,-0.789713646743335,0.3733955659276589,2930463.2516924,0.500506745326907,57.60304002749831,AKEUSDT_5m_limit500_20260717_211054_enriched_candles.csv,5.573518636941582,5m,1784197500000
0.3075,80.7231611189869,0.9442768183166029,0.0008642,1784198099999,0.00011702,0.3605,48544.0,0.9527560633431446,48032809145.0,0.21493490210700017,1.0835923316218694,41238568.29143975,0.949027999391836,1.1023,-0.6483811325471833,0.46500813764240867,3918625.1333601,1.2601208585873724,58.62482503749623,AKEUSDT_5m_limit500_20260717_211054_enriched_candles.csv,7.586651894563355,5m,1784197800000
0.3075,78.53072560217232,1.8210361501092187,0.0008793,1784198699999,0.00011702,0.3605,104082.0,126.17845931884058,48032809145.0,0.7284476011333085,9.017180602069748,41238568.29143975,28.945009263759164,1.1023,4.607312209493947,2.220413857242498,8173634.9821253,224.24086297700987,61.88265324736282,AKEUSDT_15m_limit500_20260717_211231_enriched_candles.csv,5.158504244943245,15m,1784197800000
0.3092,76.20317245569362,0.33606750588004114,0.000871,1784198399999,0.00011702,0.3631,33318.0,0.08566213218923933,48107526076.0,0.15555394808253187,1.1742577886986605,41508135.64889432,1.0892450696589349,1.1042,-0.24791474149925397,0.7868548947003173,2538937.2998788,0.16958314274510064,60.37324950423371,AKEUSDT_5m_limit500_20260717_211054_enriched_candles.csv,2.7849158933218003,5m,1784198100000
0.3058,77.23098779866787,0.4734847680521055,0.0008793,1784198699999,0.00011702,0.3587,22220.0,-0.5704883267209011,48240671183.0,0.27676564949454807,1.3679648520508405,41998328.3319198,1.3538243753651584,1.1054,-0.03383716163013452,0.9529276693455824,1716072.5488864,-0.478296753773863,62.458564971716726,AKEUSDT_5m_limit500_20260717_211054_enriched_candles.csv,3.1256016097458525,5m,1784198400000
0.305,81.29384991478481,1.0462038818548722,0.0008892,1784198999999,0.00011702,0.36,53467.0,1.2450305192217535,48514578784.0,0.5677939263343479,1.7351526357049023,42639463.2932576,1.730962962488012,1.1063,0.19897292489006935,1.1258955987717645,4346538.2733938,1.5678835657482868,64.83556267580042,AKEUSDT_5m_limit500_20260717_211054_enriched_candles.csv,14.041692383254995,5m,1784198700000
0.305,85.61858310506919,2.1342374232428982,0.0009113,1784199599999,0.00011702,0.36,199381.0,242.18450947468355,48514578784.0,1.0030011726893662,9.151185614547288,42639463.2932576,30.001858236605226,1.1063,8.129989204265891,3.6392585010804,17070718.7180718,464.3027988674733,66.31708861970208,AKEUSDT_15m_limit500_20260717_211231_enriched_candles.csv,7.7068483087161,15m,1784198700000
0.3019,86.34200023306245,1.7182725785401383,0.0009265,1784199299999,0.00011702,0.3596,90199.0,3.255222037505215,48455118902.0,-0.12256085385123905,1.559451025341632,43100828.263329,2.0122493305602656,1.1052,4.07493355806006,4.194781826360772,7787962.079022,4.123477060044491,72.02304326035915,AKEUSDT_5m_limit500_20260717_211054_enriched_candles.csv,10.774199247356535,5m,1784199000000
0.3077,88.59765531106524,2.025817093004552,0.0009113,1784199599999,0.00011702,0.3757,55715.0,1.2473739344104926,48790181727.0,0.6914910799778573,2.0497891413793212,45150434.1701658,3.2227720536326636,1.1006,0.7842396453855839,-1.6405828386400478,4936218.365656,1.8976670288253978,66.09437748439564,AKEUSDT_5m_limit500_20260717_211054_enriched_candles.csv,-2.710651730773221,5m,1784199300000
0.313,88.22087767899092,1.9734103967107122,0.0009171,1784199899999,0.00011702,0.3768,34923.0,0.08362089052603121,48910879912.0,0.24738211813875033,2.215616298495878,44655633.359656,2.9401552140250202,1.0995,-0.45408889909439343,0.6364534181937831,3080937.7111834,0.5003517968633714,67.20375339756602,AKEUSDT_5m_limit500_20260717_211054_enriched_candles.csv,2.860453117189104,5m,1784199600000
0.313,81.84193563060678,1.9657125029469322,0.0009011,1784200499999,0.00011702,0.3768,116631.0,140.99879501308666,48910879912.0,0.8168701819806445,9.260603993462881,44655633.359656,31.539894496308087,1.0995,1.8610866431563995,-1.119280149237356,9545306.7945333,257.2651052553895,63.770434750148986,AKEUSDT_15m_limit500_20260717_211231_enriched_candles.csv,0.4886811849569457,15m,1784199600000
0.313,78.91892978766396,2.609380249479199,0.0009024,1784203199999,0.00011702,0.3768,351020.0,217.8589401949074,48910879912.0,2.059091389925971,5.930629295644695,44655633.359656,155.30684773153038,1.0995,0.5469743377942575,-0.9766267968835618,27702122.7340658,382.39090380170376,70.41913715134079,AKEUSDT_1h_limit500_20260717_211343_enriched_candles.csv,1.495443658327174,1h,1784199600000
0.3165,81.88437950377167,1.0777758101921182,0.000906,1784200199999,0.00011702,0.3822,50190.0,0.8751032037584541,49061747935.0,0.308454935326119,2.4190613561633842,45092652.5270585,3.2039574934030894,1.0983,0.2638113049024643,-1.2103369316323165,4109777.0072943,1.1756699670488402,62.95815719769746,AKEUSDT_5m_limit500_20260717_211054_enriched_candles.csv,-3.7166523252623334,5m,1784199900000
0.3167,74.70626550084395,0.11647256205476703,0.0009011,1784200499999,0.00011702,0.3816,31518.0,-0.10143824047183475,48963942050.0,-0.19935263034162043,2.2696193712673174,44338318.4445365,2.757049642162419,1.1005,-0.5781708332091736,-0.5408388520971363,2354592.0760556,-0.09025648249682885,61.1224488338471,AKEUSDT_5m_limit500_20260717_211054_enriched_candles.csv,4.7253816654385465,5m,1784200200000
0.3158,74.9007697686719,0.11822307996734335,0.0009039,1784200799999,0.00011702,0.3772,29772.0,-0.18937847473429953,49008871144.0,0.09175955227240795,2.3223801094867156,44115335.3602716,2.5656832246066608,1.1035,-0.8718566008986578,0.3107313283764457,2229945.7175529,-0.14524438196845432,61.80773773434434,AKEUSDT_5m_limit500_20260717_211054_enriched_candles.csv,2.134372535468279,5m,1784200500000
0.3158,77.76968596603726,1.7724970444990231,0.0008896,1784201399999,0.00011702,0.3772,90614.0,109.2247657556357,49008871144.0,0.2003464917750497,9.212637917012664,44115335.3602716,31.019059738375688,1.1035,2.248908454162448,-1.2762179558317488,7047022.3241265,189.62327724973923,60.92954264657851,AKEUSDT_15m_limit500_20260717_211231_enriched_candles.csv,1.834989062863919,15m,1784200500000
0.3212,79.2986012341534,0.7170784373061374,0.0008837,1784201099999,0.00011702,0.3812,35282.0,0.10384900195986203,49074064809.0,0.13302421271537135,2.4083945713349344,44334491.62974678,2.6365643588000283,1.1061,1.590228344613498,-2.2347604823542477,2797813.2487434,0.2989416664863374,54.36289702478664,AKEUSDT_5m_limit500_20260717_211054_enriched_candles.csv,0.5446964128375863,5m,1784200800000
0.3175,79.00091384312206,0.6612066555625415,0.0008896,1784201399999,0.00011702,0.3759,25560.0,-0.439637294879518,49032739462.0,-0.08421015695528888,2.347634968035292,43425845.7045203,2.0544238564813995,1.1059,-0.39262960967925026,0.6676473916487513,2019263.3578302,-0.3019556868172726,56.02886098900196,AKEUSDT_5m_limit500_20260717_211054_enriched_candles.csv,3.2921486586887245,5m,1784201100000
0.3163,73.07848903664329,-0.2530368660394491,0.0008966,1784201699999,0.00011702,0.3723,23243.0,-0.6098433304540967,49072209064.0,0.08049642429337478,2.367209879628029,43785169.25944464,2.1951840184368723,1.1098,-0.24525155447830777,0.7868705035971146,1698563.3206787,-0.5211830597437365,57.988372216140306,AKEUSDT_5m_limit500_20260717_211054_enriched_candles.csv,-0.6052594346963792,5m,1784201400000
0.3163,74.11732551297867,1.5991435395526552,0.0009081,1784202299999,0.00011702,0.3723,75809.0,91.1338952481982,49072209064.0,0.1292376635525727,9.155690084946501,43785169.25944464,30.665886049014563,1.1098,4.240278330568057,2.079586330935257,5618760.3298134,150.92140981115767,63.72887796664234,AKEUSDT_15m_limit500_20260717_211231_enriched_candles.csv,3.2769288581937803,15m,1784201400000
0.3186,70.5076970367061,-0.5912146633381828,0.0008902,1784201999999,0.00011702,0.3761,20626.0,-0.7371157671491857,49068442689.0,-0.007675169045451291,2.338109457749573,43939318.37471883,2.296287900916456,1.1071,-0.32383546961740045,-0.7138077180459557,1454291.7590791,-0.712899915345218,55.55091030482028,AKEUSDT_5m_limit500_20260717_211054_enriched_candles.csv,-1.8140337730309102,5m,1784201700000
0.3175,77.20429712134,0.4187719067722743,0.0009081,1784202299999,0.00011702,0.3727,31940.0,-0.023975980372517264,49066158929.0,-0.004654233708767386,2.2984309738776054,43576637.06802348,2.1099599882241304,1.1075,1.3864632180346435,2.010784093462159,2465905.2500556,0.08579201202479406,60.54602459962615,AKEUSDT_5m_limit500_20260717_211054_enriched_candles.csv,8.953500428948834,5m,1784202000000
0.3214,76.4872785664474,0.29907926559546605,0.0009003,1784202599999,0.00011702,0.3789,18547.0,-0.7999714278535925,48995984215.0,-0.14302059817142831,2.111076446475176,44527550.454592,2.6359231873552247,1.108,-0.1392546726936191,-0.8589362405021395,1418609.5555719,-0.7406686793736611,57.513007277308475,AKEUSDT_5m_limit500_20260717_211054_enriched_candles.csv,4.801928733846552,5m,1784202300000
0.3214,80.79088493647706,1.8815305710949084,0.0009024,1784203199999,0.00011702,0.3789,67966.0,81.52826554207921,48995984215.0,-0.15533201063067104,9.119332796140958,44527550.454592,31.2312770818033,1.108,0.6374060462228305,-0.6276841757515639,5491033.2855926,147.24199903833988,62.24899762245532,AKEUSDT_15m_limit500_20260717_211231_enriched_candles.csv,0.9868570968925098,15m,1784202300000
0.3221,83.08606695447877,1.3164799084680885,0.0009002,1784202899999,0.00011702,0.3818,19224.0,-0.7414256276798064,49045066402.0,0.10017593847002626,2.1895095133937166,44192547.53218612,2.4403812509028913,1.1069,-1.2537232876406394,-0.011107408641575223,1597246.5511329,-0.583706259073092,57.47325654405973,AKEUSDT_5m_limit500_20260717_211054_enriched_candles.csv,-5.592537870558691,5m,1784202600000
0.3215,81.97308093683722,1.139306926527543,0.0009024,1784203199999,0.00011702,0.3805,30195.0,-0.0878138999787821,49100016736.0,0.11204049261468452,2.253158270501961,44189524.06223264,2.368352005327609,1.106,-0.9220584428193287,0.24439013552544075,2475177.1788878,0.09673052476447731,58.158420490462476,AKEUSDT_5m_limit500_20260717_211054_enriched_candles.csv,3.046030429776267,5m,1784202900000
0.3226,76.23523808846,0.23007395828029117,0.0009097,1784203499999,0.00011702,0.3826,22409.0,-0.5263816940327279,49159787760.0,0.12173320494242024,2.322822283755043,44224145.068896,2.3531049877194232,1.1081,-0.1851211357254744,0.8089539007092306,1708355.4503243,-0.507857832367214,60.436217622853285,AKEUSDT_5m_limit500_20260717_211054_enriched_candles.csv,2.596288932556758,5m,1784203200000
0.3226,84.73204867135527,2.0467344387980466,0.0009243,1784204099999,0.00011702,0.3826,143831.0,173.48701285521582,49159787760.0,0.33432034813549727,9.150477084496265,44224145.068896,30.978155679255032,1.1081,5.085213283605626,2.4268617021276473,12187095.2924497,327.5951018487556,65.55824716865237,AKEUSDT_15m_limit500_20260717_211231_enriched_candles.csv,10.72456353925973,15m,1784203200000
0.3226,84.8060074927574,2.966905282896067,0.0009532,1784206799999,0.00011702,0.3826,517949.0,320.92023193634685,49159787760.0,0.5089007771846177,5.972996980180829,44224145.068896,153.43788379311857,1.1081,7.523961560024495,5.629432624113462,43925186.7748662,605.1943340217276,73.24259131688615,AKEUSDT_1h_limit500_20260717_211343_enriched_candles.csv,6.513727231506144,1h,1784203200000
0.3226,87.06175153021285,3.4211332562486763,0.0009774,1784217599999,0.00011702,0.3826,1592157.0,310.294286883498,49159787760.0,3.5213912936267633,25.800689197397155,44224145.068896,168.2106740544016,1.1081,4.242379378178662,8.311170212765951,138615977.1310891,516.7627041867459,88.42795132716623,AKEUSDT_4h_limit500_20260717_211446_enriched_candles.csv,3.409375502865729,4h,1784203200000
0.3207,81.56088144341274,1.0585088643280949,0.0009227,1784203799999,5e-05,0.3818,33451.0,0.12305021938006826,49255456100.0,0.19460690202133257,2.368048554642632,44778135.14051,2.6398948262800204,1.1084,0.630423593266362,1.4290425414972052,2728293.0451636,0.29897093316690676,64.17631105883595,AKEUSDT_5m_limit500_20260717_211054_enriched_candles.csv,16.134555285911524,5m,1784203500000
0.3245,88.10229276650033,2.057163512222096,0.0009243,1784204099999,5e-05,0.3875,87971.0,3.416200417795622,49365475599.0,0.22336510046041536,2.4288181573751917,45554460.8827572,3.047759231475347,1.1108,-1.0382629722607413,0.1734041400238251,7750446.7969618,4.308869353151355,64.61962197970213,AKEUSDT_5m_limit500_20260717_211054_enriched_candles.csv,10.61178802404278,5m,1784203800000
0.3198,75.35097327217981,0.035555114847662814,0.0009325,1784204399999,5e-05,0.3864,33544.0,0.1058720830450575,49067998041.0,-0.6026024349819581,1.8627749705663708,45263265.47290086,2.849006958514451,1.1095,-0.08066169828724229,0.8871578491831622,2527573.047442,0.1256259365349588,66.88158851680873,AKEUSDT_5m_limit500_20260717_211054_enriched_candles.csv,3.028452447958651,5m,1784204100000
0.3198,86.33645752456007,2.1018565169891357,0.0009574,1784204999999,5e-05,0.3864,168664.0,203.42804783378259,49067998041.0,-0.18671707747828226,9.076725088952054,45263265.47290086,31.76972307894367,1.1095,7.909300677684653,3.5810883912149816,14561852.2719224,390.1139172785116,69.85885064485645,AKEUSDT_15m_limit500_20260717_211231_enriched_candles.csv,9.737346691607453,15m,1784204100000
0.3198,86.57501143421601,1.7719151925333145,0.0009615,1784204699999,5e-05,0.386,69146.0,2.171229074104516,49270828945.0,0.41336698479224054,2.0165225912756206,45910558.410951,3.1585842332406755,1.1064,2.9596600565258653,3.109919571045583,5986315.7406303,2.918606146839537,73.36670084847633,AKEUSDT_5m_limit500_20260717_211054_enriched_candles.csv,14.289945523682496,5m,1784204400000
0.3167,91.67192354336709,2.514922233029394,0.0009574,1784204999999,5e-05,0.3928,65974.0,1.9894448062979595,49079631078.0,-0.3880549020464641,1.6809395721950846,47063439.83331576,3.5984320781232317,1.1049,-0.6852663409595674,-0.42641705668227115,6047963.4838501,2.8491851858107746,71.2426799022527,AKEUSDT_5m_limit500_20260717_211054_enriched_candles.csv,8.03494326137278,5m,1784204700000
0.3217,81.93988629001205,0.9916830190861927,0.000952,1784205299999,5e-05,0.4017,36494.0,0.23786242398346263,49238563945.0,0.3238265315145039,1.768973572679013,46966696.6045777,3.3663767911442415,1.1005,-0.48648791628632787,-0.564027574681425,2990314.2102677,0.39517540443741284,68.43260768572101,AKEUSDT_5m_limit500_20260717_211054_enriched_candles.csv,0.6170274866883779,5m,1784205000000
0.3217,81.73657100190657,1.8924214253240714,0.0009607,1784205899999,5e-05,0.4017,107733.0,129.46086027378814,49238563945.0,0.3476112961802169,9.076626042846177,46966696.6045777,33.0791292180553,1.1005,-0.0684360022629818,0.3446835178608776,8805726.0037484,235.01101071172513,70.25759166636863,AKEUSDT_15m_limit500_20260717_211231_enriched_candles.csv,0.8489813199363228,15m,1784205000000
0.3236,82.13879797100098,0.9497385374579365,0.0009495,1784205599999,5e-05,0.4035,44936.0,0.7302948129922141,49303659253.0,0.1322039125119634,1.8420632320398505,46994768.89018201,3.270856612538927,1.101,-0.8973794103879486,-0.2626050420168058,3690989.0256249,0.9260048344251766,67.11279144410683,AKEUSDT_5m_limit500_20260717_211054_enriched_candles.csv,-0.7352517878891687,5m,1784205300000
0.321,80.76731809511463,0.6807450301809616,0.0009607,1784205899999,5e-05,0.3984,26303.0,-0.4246204429911155,49238620712.0,-0.131914227027774,1.7622718766853307,46752562.75225112,3.119620334204476,1.1051,0.38828071350097654,1.1795681937861957,2124422.7678558,-0.2651884673077281,69.91241952680085,AKEUSDT_5m_limit500_20260717_211054_enriched_candles.csv,3.927936204846025,5m,1784205600000
0.3215,87.42251295622044,1.6188358136716334,0.0009626,1784206199999,5e-05,0.4006,26855.0,-0.3611182145494004,49319742597.0,0.1647525536397243,1.7650445767504477,47328704.58835911,3.148036257642878,1.1035,-0.9882868223154314,0.19777245758301198,2347731.5854393,-0.09318080556882502,70.37318356630831,AKEUSDT_5m_limit500_20260717_211054_enriched_candles.csv,8.933651018485328,5m,1784205900000
0.3215,85.65726104671155,2.0592642697883887,0.0009532,1784206799999,5e-05,0.4006,97721.0,116.70479343973214,49319742597.0,0.16486803329738287,9.092328201446437,47328704.58835911,33.35107788465718,1.1035,1.0069512393445161,-0.7806807536171578,8370513.2067457,222.65570433577057,68.0540705240689,AKEUSDT_15m_limit500_20260717_211231_enriched_candles.csv,0.7342090431513008,15m,1784205900000
0.3222,77.96570949578984,0.26641366824155144,0.0009725,1784206499999,5e-05,0.4019,26246.0,-0.3678542491967871,49390150319.0,0.14275768341962536,1.7566555059121787,47709897.40514762,3.0895166435457266,1.0977,0.18219761274812973,1.0284645751090782,2046288.0114265,-0.32058419711813435,72.71762686494867,AKEUSDT_5m_limit500_20260717_211054_enriched_candles.csv,1.5759077587724193,5m,1784206200000
0.3228,89.11908583325638,1.8026745852564474,0.0009532,1784206799999,5e-05,0.4037,44620.0,0.7382096460838087,49489000735.0,0.20014196223649972,1.8372583593827607,48016702.96313375,3.0862078321674185,1.0997,1.5171457796097993,-1.9845758354755771,3976493.6098799,1.25115575068722,62.357803435642076,AKEUSDT_5m_limit500_20260717_211054_enriched_candles.csv,-4.539896477191933,5m,1784206500000
0.321,83.83430987954564,1.0414816218639567,0.0009599,1784207099999,5e-05,0.4,36843.0,0.27003668170459616,49480978850.0,-0.0162094301377258,1.8097838991108086,47099459.3379495,2.623768150700393,1.1,-0.2996484626693636,0.702895509861512,3088707.4788921,0.47581589628498105,64.26130618742945,AKEUSDT_5m_limit500_20260717_211054_enriched_candles.csv,1.8084541464488526,5m,1784206800000
0.321,89.93726486921862,2.242987010638684,0.0009787,1784207699999,5e-05,0.4,107721.0,128.05960631793963,49480978850.0,0.3269203051554648,9.130216190800008,47099459.3379495,33.161321977593225,1.1,5.657228617593962,2.6751993285774267,9688132.1089771,257.0291360989253,71.344792022181,AKEUSDT_15m_limit500_20260717_211231_enriched_candles.csv,4.589463635611449,15m,1784206800000
0.321,90.75572875574619,3.328013222242173,0.0009831,1784210399999,5e-05,0.4,468066.0,289.3461655161142,49480978850.0,0.6533614253341868,6.028488475368869,47099459.3379495,164.1116086652146,1.1,3.7812797967395944,3.1368023499790176,42479670.9357871,583.5826766931776,74.76908517447269,AKEUSDT_1h_limit500_20260717_211343_enriched_candles.csv,2.7131705697228874,1h,1784206800000
0.3212,83.8051615150074,1.029969788036416,0.0009723,1784207399999,5e-05,0.3994,32424.0,-0.02605095382262283,49808266546.0,0.6614414338733221,2.076414355823887,47771108.4442686,2.7982362112698196,1.0978,0.5457461809821287,1.2918012292947312,2717298.5569626,0.18904724875148676,67.53354497117732,AKEUSDT_5m_limit500_20260717_211054_enriched_candles.csv,5.415377746620767,5m,1784207100000
0.3245,100.9550650939408,3.35196178872688,0.0009787,1784207699999,5e-05,0.4017,38454.0,0.3663789922079092,49906914341.0,0.1980550656363267,2.1113768969360414,48539464.8880566,3.0431512054850045,1.0961,-0.3638341635377935,0.6582330556412774,3882126.0731224,1.0809198106709694,69.1058111803142,AKEUSDT_5m_limit500_20260717_211054_enriched_candles.csv,6.223998286600262,5m,1784207400000
0.3263,95.62570730790915,2.6037561311853943,0.0009527,1784207999999,5e-05,0.4053,59526.0,1.6845654051300072,50179896458.0,0.5469825586386534,2.3603037270545553,49171280.5391942,3.084312979704594,1.0929,2.4844966541937525,-2.65658526616942,5692215.8532106,2.4559492190565066,57.02411705382947,AKEUSDT_5m_limit500_20260717_211054_enriched_candles.csv,-6.754366405471858,5m,1784207700000
0.3263,91.70906829411578,2.319340478365402,0.0009398,1784208599999,5e-05,0.4053,141038.0,167.08100200242933,50179896458.0,1.4124975379301796,9.180856684589385,49171280.5391942,34.77503125267803,1.0929,8.83005157134244,-3.9746602636150152,12934463.5740655,342.80472255803346,61.01876784038336,AKEUSDT_15m_limit500_20260717_211231_enriched_candles.csv,-3.2837648928149554,15m,1784207700000
0.3266,87.40814975435445,1.492806757347823,0.0009487,1784208299999,5e-05,0.4011,55403.0,1.3422333869841412,49850040711.0,-0.6573464081897518,2.0392350687076153,47442283.7446587,2.3368743538151926,1.0993,-0.6882039522159374,-0.41985934711871176,4842673.7208405,1.7852421120525592,55.41886863971602,AKEUSDT_5m_limit500_20260717_211054_enriched_candles.csv,-1.3576522434282137,5m,1784208000000
0.3259,91.90600942258992,2.032573673370698,0.0009398,1784208599999,5e-05,0.4,26109.0,-0.4412796345600467,49903200241.0,0.10663888984201453,2.0338673069925806,47294260.93240052,2.1909171956568705,1.0985,0.049827144436742334,-0.9381258564351236,2399574.0000144,-0.07927482384901251,51.91693868723884,AKEUSDT_5m_limit500_20260717_211054_enriched_candles.csv,1.061955572524422,5m,1784208300000
0.3252,81.1603129419859,0.6030959170643221,0.0009641,1784208899999,5e-05,0.3986,34745.0,0.08672705651919264,50086440942.0,0.3671922844929121,2.152045261139592,47241531.0964944,2.0830482780726496,1.0989,2.270646818410631,2.5856565226644035,2819915.0731693,0.2521792408966908,59.451025568754815,AKEUSDT_5m_limit500_20260717_211054_enriched_candles.csv,6.724140564041589,5m,1784208600000
0.3252,92.08719928263261,2.3348882318778568,0.0009854,1784209499999,5e-05,0.3986,122753.0,144.52217193365553,50086440942.0,-0.18624095025429055,9.02196931372274,47241531.0964944,33.26544028365613,1.0989,10.971764225754162,4.852096190678878,11303979.973541,298.9434021897572,67.04085132245618,AKEUSDT_15m_limit500_20260717_211231_enriched_candles.csv,10.592469953503633,15m,1784208600000
0.3257,101.1635318061595,3.1486149293053183,0.0009798,1784209199999,5e-05,0.3982,58284.0,1.5231686495669328,50048714627.0,-0.07532241119645455,2.114577918842838,48307019.3579804,2.3504666379699133,1.0966,0.9226360835397144,1.6284617778238974,5896215.2877902,2.5446046782465754,63.43719771451082,AKEUSDT_5m_limit500_20260717_211054_enriched_candles.csv,15.323946123931803,5m,1784208900000
0.3271,87.06262994824047,1.3013031221203488,0.0009854,1784209499999,5e-05,0.3963,29724.0,-0.22766014293153414,50207555007.0,0.31737154726909633,2.251917306296501,49174785.60050601,2.5562861193729973,1.0921,-0.49240180192260435,0.5715452133088217,2587849.6125815,0.04370070670145909,64.76762503013634,AKEUSDT_5m_limit500_20260717_211054_enriched_candles.csv,4.027389164431895,5m,1784209200000
0.3245,92.15394081101225,1.9328029299092961,0.0009852,1784209799999,5e-05,0.3955,40010.0,0.40529945933475425,50533112785.0,0.6484238835263056,2.5324351726233205,49768041.4574351,2.5671304962273105,1.0909,-1.2266819916852711,-0.020296326364921402,3687079.1718486,0.84574162019313,64.67710828573175,AKEUSDT_5m_limit500_20260717_211054_enriched_candles.csv,3.726613423657782,5m,1784209500000
0.3245,88.58354163684054,2.1817139944217177,0.0009831,1784210399999,5e-05,0.3955,96554.0,113.16649321691499,50533112785.0,0.8918019220356399,9.067177391137559,49768041.4574351,35.19578233143277,1.0909,-0.3426534727949591,-0.2334077531966683,8553095.2792035,224.974279891196,66.48296047569866,AKEUSDT_15m_limit500_20260717_211231_enriched_candles.csv,-0.7566930611923164,15m,1784209500000
0.3275,85.66445787681,1.0699261744178852,0.0009802,1784210099999,5e-05,0.399,23605.0,-0.603181296866485,50675050317.0,0.2808802469855598,2.6461907121986044,49833337.73123463,2.362302820123996,1.093,-0.5601720110566617,-0.5075111652456332,2022109.5281821,-0.3779148355894324,62.33177202125075,AKEUSDT_5m_limit500_20260717_211054_enriched_candles.csv,-5.964485828615254,5m,1784209800000
0.3261,86.33858280982422,1.1435578326896834,0.0009831,1784210399999,5e-05,0.3961,32939.0,-0.02826898571193377,50719230307.0,0.08718292280645024,2.619254371388763,49672385.39346352,2.317160287101879,1.0918,-0.8507525590946104,0.2958579881656709,2843906.5791728,0.2277044188939432,63.166058857628194,AKEUSDT_5m_limit500_20260717_211054_enriched_candles.csv,-2.866318823669312,5m,1784210100000
0.3249,79.5413445079582,0.3056158043243911,0.0009799,1784210699999,5e-05,0.3937,21148.0,-0.801302250829754,50732976004.0,0.027101548893382343,2.5675840408338635,49891315.93209364,2.3671049426762623,1.0923,-0.8043057281725847,-0.3255009663310049,1682140.3536543,-0.6295476800634533,61.54619660732495,AKEUSDT_5m_limit500_20260717_211054_enriched_candles.csv,0.8046502218019826,5m,1784210400000
0.3249,82.3852368012127,1.9125535851031519,0.0009709,1784211299999,5e-05,0.3937,69102.0,80.6387342793345,50732976004.0,0.3955094154803884,9.044655889109729,49891315.93209364,35.25042246910347,1.0923,2.125481565474343,-1.240972434136911,5692984.6334374,148.83699252428835,63.46601392460041,AKEUSDT_15m_limit500_20260717_211231_enriched_candles.csv,2.027176971133298,15m,1784210400000
0.3249,83.47756340256024,2.874087314509616,0.0009785,1784213999999,5e-05,0.3937,248806.0,152.6758159071822,50732976004.0,2.530259471615115,6.371594596993348,49891315.93209364,172.6225090085653,1.0923,-0.22173844740081902,-0.46790763910080635,20769718.6399374,282.4365722442777,74.0689873261897,AKEUSDT_1h_limit500_20260717_211343_enriched_candles.csv,2.3280192087506157,1h,1784210400000
0.3256,81.8405077096216,0.5857130695669444,0.0009748,1784210999999,5e-05,0.3937,23811.0,-0.5942001839573583,50940783873.0,0.40961103678132105,2.742278138731008,49865933.3332797,2.2504981767530485,1.0907,-0.5071909179320389,-0.5204612715583146,1948704.3290738,-0.4395980858097094,58.951457302012585,AKEUSDT_5m_limit500_20260717_211054_enriched_candles.csv,-1.6092552420050803,5m,1784210700000
0.3236,85.41357539283851,1.021583752364003,0.0009709,1784211299999,5e-05,0.3893,24143.0,-0.5604394333081428,50946294394.0,0.010817503346127744,2.7459113408796063,49682826.2930288,2.10828138419507,1.0893,-0.6760471169089429,-0.40008206811652514,2062139.9507093,-0.35843730797185286,56.97337845640469,AKEUSDT_5m_limit500_20260717_211054_enriched_candles.csv,6.460820173406424,5m,1784211000000
0.3205,91.2524284315293,1.7317031998865373,0.0009823,1784211599999,5e-05,0.3885,24279.0,-0.5406276947796432,50935357462.0,-0.021467571155264764,2.6798110598588756,49521901.2924295,2.0505094821523806,1.0902,0.4504920299682802,1.1741682974559575,2215517.7098891,-0.2303461716659204,61.083954468243824,AKEUSDT_5m_limit500_20260717_211054_enriched_candles.csv,10.011660806277323,5m,1784211300000
0.3205,85.1101369996144,2.0299460802726133,0.0009807,1784212199999,5e-05,0.3885,58352.0,67.64009022994769,50935357462.0,0.398915013351564,8.851773166742975,49521901.2924295,34.906485484474416,1.0902,1.5521518965421848,1.0093727469358216,4966346.7142015,129.63059030553023,64.846025189443,AKEUSDT_15m_limit500_20260717_211231_enriched_candles.csv,5.9839973919074705,15m,1784211300000
0.3212,77.56720429438639,0.06377908339226797,0.0009811,1784211899999,5e-05,0.3866,15213.0,-1.1376561237994904,50940823695.0,0.010731706367383964,2.6295969550053697,50074829.692185,2.1466899305594773,1.086,-1.089462305271524,-0.12216227221826248,1180029.8789305,-1.0553264616928473,60.429505845797614,AKEUSDT_5m_limit500_20260717_211054_enriched_candles.csv,0.5441624015757736,5m,1784211600000
0.3193,83.28733432565748,0.7403101191771844,0.0009807,1784212199999,5e-05,0.3847,18860.0,-0.8954261737024136,50902693093.0,-0.07485273938305781,2.4134341068562213,49829155.29566863,2.050496502076112,1.0843,-1.1742027530068513,-0.04077056365304754,1570799.1253819,-0.726832092784085,60.19798303729718,AKEUSDT_5m_limit500_20260717_211054_enriched_candles.csv,4.3897822191959435,5m,1784211900000
0.3196,92.47852563162779,1.806367981817702,0.0009829,1784212499999,5e-05,0.3837,23062.0,-0.6158528709479371,50911891075.0,0.01806973549158819,2.257954865147447,49833577.2220315,2.0015533358701405,1.0822,-0.906859008918235,0.22432956051801067,2132739.7581166,-0.27039342152198664,61.0811684853379,AKEUSDT_5m_limit500_20260717_211054_enriched_candles.csv,12.116046116699838,5m,1784212200000
0.3196,86.82992470172466,2.1031421312327536,0.0009631,1784213099999,5e-05,0.3837,68477.0,79.06142071317159,50911891075.0,-0.04607091845287847,8.615563580343807,49833577.2220315,35.09226051681477,1.0822,3.4311826302656074,-1.7946364841439633,5945852.7538,155.23410296670406,60.43115685296265,AKEUSDT_15m_limit500_20260717_211231_enriched_candles.csv,-0.2538942563176029,15m,1784212200000
0.3196,82.78781785732032,0.6556810904777113,0.0009797,1784212799999,5e-05,0.3839,21092.0,-0.7494970774748744,50992529064.0,0.15838733800166427,2.3021774643533037,50016022.1324244,2.010242830705483,1.0833,-0.7602210739336852,-0.3255671991046927,1746160.6542466,-0.5857085398486406,59.029405391397304,AKEUSDT_5m_limit500_20260717_211054_enriched_candles.csv,-1.6304449897185405,5m,1784212500000
0.318,84.9793340228097,0.9120702138127096,0.0009631,1784213099999,5e-05,0.3822,24323.0,-0.5125287735185555,50866785165.0,-0.24659278782227512,2.198911801854124,49762975.9269195,1.948113851217608,1.0828,1.1871267957068226,-1.6943962437480864,2066952.3414368,-0.3305114363953392,49.70243973462435,AKEUSDT_5m_limit500_20260717_211054_enriched_candles.csv,-11.854638225653169,5m,1784212800000
0.3163,81.56331279932444,0.5004100057582401,0.000979,1784213399999,5e-05,0.3785,24424.0,-0.49192767809005594,50839183313.0,-0.0542630164467206,2.140650154386695,49143188.15767832,1.7759127962230739,1.0853,1.1001842258975736,1.6509189076939101,1992102.3518107,-0.3766900908452553,56.75129783783672,AKEUSDT_5m_limit500_20260717_211054_enriched_candles.csv,3.588804320958582,5m,1784213100000
0.3163,78.76188252479433,1.7514433447649997,0.0009785,1784213999999,5e-05,0.3785,52875.0,60.664435924373386,50839183313.0,-0.1428109631459007,8.597197055050982,49143188.15767832,34.524913093863724,1.0853,2.9118555931479833,1.59900321877271,4164534.5384985,108.04854208058454,62.81663695794213,AKEUSDT_15m_limit500_20260717_211231_enriched_candles.csv,2.0656879194263165,15m,1784213100000
0.3142,74.18097350817187,-0.3643616066863889,0.0009773,1784213699999,5e-05,0.3744,15431.0,-1.0841843133743005,50882473403.0,0.08515103347250808,2.133118357486437,49834294.4508982,1.8994817397505288,1.0888,-0.9373809926937157,-0.1736465781409735,1144686.6022046,-1.0870925439510626,55.85007520237753,AKEUSDT_5m_limit500_20260717_211054_enriched_candles.csv,-2.176714250713885,5m,1784213400000
0.3141,78.93591278672811,0.1947215152965888,0.0009785,1784213999999,5e-05,0.3748,13020.0,-1.2162197400996173,50987189775.0,0.20580047508820254,2.1878768311107866,49818053.51345925,1.880631093410622,1.0864,-0.9922862283348398,0.12278727105290432,1027745.5844832,-1.1748207350832893,56.37668863214985,AKEUSDT_5m_limit500_20260717_211054_enriched_candles.csv,3.838516902841998,5m,1784213700000
0.3116,83.47742716059868,0.7202128451353874,0.0009751,1784214299999,5e-05,0.3727,17672.0,-0.9011978527027027,51083210415.0,0.1883230678602299,2.2468348126476094,49954271.4648285,1.893289782550092,1.0847,-0.6699601230998297,-0.3474706182932996,1475213.0927821,-0.7788300798079731,54.396901579410255,AKEUSDT_5m_limit500_20260717_211054_enriched_candles.csv,-2.9634076051653717,5m,1784214000000
0.3116,89.3621639013769,2.2074023387019275,0.0009515,1784214899999,5e-05,0.3727,102766.0,118.72999967141624,51083210415.0,0.479998076478938,8.658296291979578,49954271.4648285,35.12181391114887,1.0847,5.642493919348271,-2.759325498211551,9183392.1354889,238.29840670607678,56.39705698168805,AKEUSDT_15m_limit500_20260717_211231_enriched_candles.csv,-4.084817483551008,15m,1784214000000
0.3116,87.98833809215529,3.1360275594870757,0.0009774,1784217599999,5e-05,0.3727,357336.0,219.76299290252294,51083210415.0,0.69034864221722,6.5586339429518725,49954271.4648285,170.8301962386207,1.0847,-0.7549449658663755,-0.11241696474194596,31441400.7804984,420.7716225099486,73.8908123727002,AKEUSDT_1h_limit500_20260717_211343_enriched_candles.csv,0.727395535050886,1h,1784214000000
0.3129,88.04443895762712,1.241707128411603,0.0009696,1784214599999,5e-05,0.3725,21948.0,-0.5878978360007855,51219430726.0,0.2666635669397843,2.273328988836592,49823701.2387165,1.8450861381178014,1.0819,-0.38114403146810033,-0.5640447133627324,1932399.346242,-0.3778850387534375,51.26091819270034,AKEUSDT_5m_limit500_20260717_211054_enriched_candles.csv,0.16055039164825305,5m,1784214300000
0.3118,91.46707149249042,1.6251344313543346,0.0009515,1784214899999,5e-05,0.3702,63146.0,2.2074026250374588,51141592867.0,-0.1519693950063572,2.149541478894976,49592002.6031299,1.7774631342585303,1.0842,1.397917798343825,-1.8667491749174925,5775779.6964648,2.9908593729965074,42.564378969107274,AKEUSDT_5m_limit500_20260717_211054_enriched_candles.csv,-5.791611225631502,5m,1784214600000
0.3065,82.04435078012942,0.494109610624558,0.0009338,1784215199999,5e-05,0.3581,42807.0,0.7935329357847709,50875885353.0,-0.5195526754338764,1.9479434741498218,48344301.29783472,1.523206549446627,1.0844,1.3745030473747368,-1.8602207041513386,3512072.523845,0.9851296069685973,36.11236391351556,AKEUSDT_5m_limit500_20260717_211054_enriched_candles.csv,-11.06909720641513,5m,1784214900000
0.3065,83.2833417798031,1.9432146847565095,0.0009754,1784215799999,5e-05,0.3581,138338.0,159.75356538673557,50875885353.0,-0.4058575416769794,8.612887628381932,48344301.29783472,33.865951096636685,1.0844,5.0120989278473385,2.5118234366789283,11521250.9351344,297.9042039549618,60.26779208987676,AKEUSDT_15m_limit500_20260717_211231_enriched_candles.csv,3.4532331146067428,15m,1784214900000
0.3072,81.88186878544641,0.479235233166148,0.0009351,1784215499999,5e-05,0.3565,38451.0,0.47232033960424996,51096886615.0,0.43439295545737444,2.058559686064735,47769968.32749735,1.40496704657027,1.0877,-0.9361887683210828,0.13921610623259806,3148439.7366692,0.6402844858188295,36.86927457055183,AKEUSDT_5m_limit500_20260717_211054_enriched_candles.csv,3.632769187324526,5m,1784215200000
0.3033,85.1565990648248,0.8930631890831675,0.0009754,1784215799999,5e-05,0.3504,57080.0,1.6866347484181066,51136427798.0,0.07738472071288083,2.037899890536835,47812559.99113,1.3995245171821233,1.089,4.494581500938709,4.30969949737996,4860738.6746202,2.078133123864903,54.762031790738476,AKEUSDT_5m_limit500_20260717_211054_enriched_candles.csv,13.829890280010284,5m,1784215500000
0.3048,90.6660635917648,1.5301772199657684,0.0009773,1784216099999,5e-05,0.3535,27516.0,-0.25890159020717435,50864289045.0,-0.5321817825738817,1.8270830901417747,49516385.3853075,1.7233744731781213,1.0925,-0.8451933822863958,0.19479188025426364,2494767.405791,0.08002590033958874,55.40378453235362,AKEUSDT_5m_limit500_20260717_211054_enriched_candles.csv,5.290200572071146,5m,1784215800000
0.3048,98.44498768494714,2.5956310222034698,0.0009819,1784216699999,5e-05,0.3535,66778.0,76.54007522762478,50864289045.0,-0.02279332913724952,8.616591799928843,49516385.3853075,34.764950067702856,1.0925,0.6505529702098966,0.6663932745540224,6573959.3876254,168.5576564952765,61.27466119109314,AKEUSDT_15m_limit500_20260717_211231_enriched_candles.csv,1.5402710763836247,15m,1784215800000
0.3091,97.28197699134107,2.3488334814500003,0.0009802,1784216399999,5e-05,0.3602,19298.0,-0.7941218088464347,51087699584.0,0.4392286674888002,1.9490853536433936,49953552.6532352,1.8162418589437812,1.0926,-0.7118052052544606,0.29673590504453173,1877347.5919789,-0.4657104538764733,56.41998890297737,AKEUSDT_5m_limit500_20260717_211054_enriched_candles.csv,2.34232648668688,5m,1784216100000
0.3075,110.29074282986876,3.9584670475279875,0.0009819,1784216699999,5e-05,0.3602,19964.0,-0.7431287303099717,51298500403.0,0.412625388726684,2.0729611051641954,50286380.99004881,1.8719884177305617,1.0917,-0.8713852970210977,0.17343399306262164,2201844.3898555,-0.16677927043375723,57.03800964828702,AKEUSDT_5m_limit500_20260717_211054_enriched_candles.csv,-3.392383893722934,5m,1784216400000
0.3094,94.29150219597325,1.9551378077939197,0.0009778,1784216999999,5e-05,0.3617,14652.0,-1.0662225321816048,51483733327.0,0.3610883798645492,2.17900867476832,50566293.19911286,1.9259825652974265,1.0916,-0.5298689288731377,-0.41755779610958,1381559.0901754,-0.8703240172352412,55.0117693470613,AKEUSDT_5m_limit500_20260717_211054_enriched_candles.csv,-3.7439124972232,5m,1784216700000
0.3094,84.17515918327537,1.9784126484471523,0.0009774,1784217599999,5e-05,0.3617,49454.0,56.33032437886598,51483733327.0,1.2178372953408845,8.707324747098479,50566293.19911286,35.52379178731276,1.0916,0.15707231606260869,-0.45829514207148536,4162798.3222497,106.2438364341284,60.1384311978071,AKEUSDT_15m_limit500_20260717_211231_enriched_candles.csv,2.515512338870847,15m,1784216700000
0.3072,76.50941080204528,-0.243162248455512,0.0009719,1784217299999,5e-05,0.3578,16917.0,-0.871741911267876,51474547751.0,-0.01784170534342433,2.165432117871912,50353946.84646073,1.8785652436515239,1.0895,-0.26392703947650387,-0.60339537737778,1294309.7025382,-0.9335050325342088,52.14124758702177,AKEUSDT_5m_limit500_20260717_211054_enriched_candles.csv,-7.570482458954456,5m,1784217000000
0.3062,83.13835781582891,0.5778855587069882,0.0009774,1784217599999,5e-05,0.3545,17885.0,-0.8021833126228487,51524090713.0,0.09624749349845807,2.179492521350617,50090175.26845721,1.805929719098658,1.0909,-0.30490040061826224,0.5659018417532691,1486929.5295361,-0.7612943356587857,54.52349921010473,AKEUSDT_5m_limit500_20260717_211054_enriched_candles.csv,17.110801340173598,5m,1784217300000
0.305,77.11164343204312,-0.17047566989497312,0.0009802,1784217899999,5e-05,0.3541,22813.0,-0.47374722497621313,51578631147.0,0.1058542387556205,2.1964131808384977,50423269.8093072,1.8498900597556773,1.0916,-0.6879694811760088,0.28647431962349756,1759147.9216152,-0.5071798251425556,55.73159171601003,AKEUSDT_5m_limit500_20260717_211054_enriched_candles.csv,3.291494331689629,5m,1784217600000
0.305,75.59770001583776,1.607943872991724,0.0009717,1784218499999,5e-05,0.3541,47854.0,54.3814591745283,51578631147.0,0.1843258323891428,8.666834109512493,50423269.8093072,35.35940668078091,1.0916,0.44564707924931146,-0.5831798649478137,3617652.3365579,92.05815396225229,58.65476682338309,AKEUSDT_15m_limit500_20260717_211231_enriched_candles.csv,0.8853015427450699,15m,1784217600000
0.305,83.81821393805099,2.8662800612786152,0.0009398,1784221199999,5e-05,0.3541,193493.0,117.24292797501136,51578631147.0,0.9698308465251104,6.626370971607488,50423269.8093072,170.9630366745174,1.0916,4.845469769868461,-3.846940863515458,16218237.6695153,216.3585151486476,67.88001586526778,AKEUSDT_1h_limit500_20260717_211343_enriched_candles.csv,-2.5499951540200847,1h,1784217600000
0.305,74.85263372059924,2.550129376366704,0.0009169,1784231999999,5e-05,0.3541,2638155.0,508.6123716589117,51578631147.0,4.920369873867014,26.70099003030391,50423269.8093072,189.85255188142875,1.0916,2.891705531401443,-6.189891549007576,197472849.9131675,726.1407103501708,80.9377342715699,AKEUSDT_4h_limit500_20260717_211446_enriched_candles.csv,2.9552327040231585,4h,1784217600000
0.3057,72.83336905872157,-0.700184013323117,0.0009815,1784218199999,0.00065323,0.3539,9981.0,-1.302998176614411,51705255050.0,0.24549682724057664,2.255057558861727,50634956.270465,1.891185555653838,1.0909,-0.8986988861041306,0.13262599469494596,726949.8565751,-1.390543142763374,56.3118835715571,AKEUSDT_5m_limit500_20260717_211054_enriched_candles.csv,1.667546548535254,5m,1784217900000
0.308,75.13642485840637,-0.40919165293367626,0.0009717,1784218499999,0.00065323,0.3559,15060.0,-0.9580014881425731,51789335335.0,0.16261458321535915,2.2915948726074786,50820874.7642355,1.9334826028773788,1.0912,0.287881151294588,-0.9984717269485355,1131554.5583676,-1.033605765600184,50.89561330220272,AKEUSDT_5m_limit500_20260717_211054_enriched_candles.csv,-3.357977672505293,5m,1784218200000
0.304,84.23237477621721,0.724359000868555,0.0009747,1784218799999,0.00065323,0.3521,17992.0,-0.7647124127608499,51770318109.0,-0.036720351549190955,2.279930504081208,50253447.7884063,1.7833608810684933,1.0901,-0.6567992753641277,0.3087372645878217,1515508.8869737,-0.7047855075639038,52.40480108775823,AKEUSDT_5m_limit500_20260717_211054_enriched_candles.csv,-0.18846510623923307,5m,1784218500000
0.304,86.97180447711295,2.0855558650582013,0.0009624,1784219399999,0.00065323,0.3521,44038.0,49.5359955170068,51770318109.0,0.3716402660118856,8.695570016283598,50253447.7884063,35.16250960769003,1.0901,1.3101032277249247,-0.9570855202223005,3830064.3255631,97.44538715994287,56.217796883308566,AKEUSDT_15m_limit500_20260717_211231_enriched_candles.csv,-5.526293491072942,15m,1784218500000
0.3019,81.91364440258883,0.4328267281686547,0.0009741,1784219099999,0.00065323,0.3493,10159.0,-1.2630100693860988,51809829203.0,0.0763199753125221,2.302992200988226,50504221.5070844,1.7944405923061477,1.0915,-0.9972202975218641,-0.061557402277623297,832160.7134859,-1.2784511371420673,52.060178828620806,AKEUSDT_5m_limit500_20260717_211054_enriched_candles.csv,-8.712126759145349,5m,1784218800000
0.3041,93.30866274963807,1.8484289328937704,0.0009624,1784219399999,0.00065323,0.3512,15887.0,-0.8912154693943145,51833131124.0,0.04497586917089347,2.3320294233865266,50481323.06428608,1.7784508821737046,1.0924,0.5690271008705058,-1.2011087157376088,1482394.7251035,-0.6941498796538382,45.74308926540409,AKEUSDT_5m_limit500_20260717_211054_enriched_candles.csv,-9.194952706363898,5m,1784219100000
0.2997,87.87364925734312,1.1632511370895435,0.0009596,1784219699999,0.00065323,0.345,18405.0,-0.7269650141065831,51755384817.0,-0.14999346038735428,2.2918327600520096,49809382.3478808,1.62679227269991,1.0928,-0.6818556597296567,-0.29093931837073095,1617314.5145814,-0.5601778001693901,44.355949840241365,AKEUSDT_5m_limit500_20260717_211054_enriched_candles.csv,-3.320094628304117,5m,1784219400000
0.2997,85.58614310527766,2.024968864644285,0.0009575,1784220299999,0.00065323,0.345,52258.0,58.46222371037099,51755384817.0,-0.028845277652256307,8.673236427939285,49809382.3478808,34.80716342048099,1.0928,0.2725655247340076,-0.509143807148793,4472560.6663956,113.84177133012157,54.923007921699984,AKEUSDT_15m_limit500_20260717_211231_enriched_candles.csv,0.5852536063215694,15m,1784219400000
0.2963,85.97697890925761,0.9215667996128744,0.0009639,1784219999999,0.00065323,0.3414,18979.0,-0.6817774205266125,51878676744.0,0.2382204816676392,2.3651622996697506,49751132.21072856,1.6078072614991799,1.0931,-0.465354645239568,0.4481033764068387,1631757.0827188,-0.5468067372915779,47.01334555776497,AKEUSDT_5m_limit500_20260717_211054_enriched_candles.csv,6.967159435899416,5m,1784219700000
0.2962,82.25689586495898,0.45741712968751247,0.0009575,1784220299999,0.00065323,0.3419,14874.0,-0.9321705711959051,51929285426.0,0.09755199086849409,2.3987303629102517,49982456.51537926,1.6360687210749159,1.0941,-0.16896887608974007,-0.6639692914202633,1223489.0690954,-0.8950761866538363,43.67046030940683,AKEUSDT_5m_limit500_20260717_211054_enriched_candles.csv,-2.7638107685098867,5m,1784220000000
0.2953,81.502020899686,0.3540319687513716,0.0009521,1784220599999,0.00065323,0.3403,15605.0,-0.891378128705486,51997550086.0,0.131456960056342,2.423749615791946,49834452.0024224,1.5930208928807306,1.0924,-0.30673056589052883,-0.5639686684073109,1271839.0361396,-0.8444794180653057,41.020154020046306,AKEUSDT_5m_limit500_20260717_211054_enriched_candles.csv,-6.926922784427732,5m,1784220300000
0.2953,87.10375009623857,2.08705402573414,0.0009398,1784221199999,0.00065323,0.3403,49343.0,55.09961886120472,51997550086.0,0.46790352319137085,8.742549179471409,49834452.0024224,34.79016057588378,1.0924,3.3662198888787382,-1.8485639686684152,4297960.3409987,108.84572351225847,50.40677866454483,AKEUSDT_15m_limit500_20260717_211231_enriched_candles.csv,-6.051862116388444,15m,1784220300000
0.2947,82.76712900116972,0.49554766676627693,0.0009471,1784220899999,0.00065323,0.3376,14277.0,-0.9809118876139968,52004980079.0,0.014289121290733675,2.41120481479963,49498340.0391922,1.526960454884792,1.0924,-0.3501434663255794,-0.5251549207016093,1181666.3007497,-0.9149916157424369,38.67943468017279,AKEUSDT_5m_limit500_20260717_211054_enriched_candles.csv,-7.948895475017537,5m,1784220600000
0.294,94.77699008835107,2.0000834850393177,0.0009398,1784221199999,0.00065323,0.3351,19461.0,-0.6337676303807324,52064626048.0,0.1146928023227689,2.4299498673135154,49310407.3300608,1.4778477472109541,1.0923,0.01907703520645705,-0.7707739415056536,1844455.0041094,-0.33556174350526213,35.494835602772625,AKEUSDT_5m_limit500_20260717_211054_enriched_candles.csv,-4.233115277664376,5m,1784220900000
0.292,86.9825305180813,1.0106868468296624,0.0009383,1784221499999,0.00065323,0.3321,26320.0,-0.16214950613481316,52070245198.0,0.010792644500745574,2.416380575268464,48924681.68558882,1.3889228440002936,1.0938,-0.8715390327694387,-0.15960842732496427,2289380.2032359,0.05308910006146554,34.85972166376554,AKEUSDT_5m_limit500_20260717_211054_enriched_candles.csv,-4.894437568749872,5m,1784221200000
0.292,88.45497349541152,2.140431564520288,0.0009193,1784222099999,0.00065323,0.3321,135121.0,152.4539870787037,52070245198.0,0.1398048790371309,8.770141711260482,48924681.68558882,34.03499903934964,1.0938,4.093946574601027,-2.181315173441156,11952124.4736735,302.70627328612153,45.717858647879694,AKEUSDT_15m_limit500_20260717_211231_enriched_candles.csv,-5.759723869481402,15m,1784221200000
0.292,87.57975526374022,3.0726844311418695,0.0010903,1784224799999,0.00065323,0.3321,694679.0,420.02272136870505,52070245198.0,0.9531351260542165,6.692868553931814,48924681.68558882,163.94209992518324,1.0938,23.085734228800362,16.014045541604595,60839816.8068598,813.5882264332141,76.2188846756114,AKEUSDT_1h_limit500_20260717_211343_enriched_candles.csv,9.761845772087465,1h,1784221200000
0.2945,89.14213276393443,1.2782278862983065,0.0009196,1784221799999,0.00065323,0.3349,78690.0,3.5023876781060954,52140450336.0,0.1348277461207248,2.363160786525296,48869158.48191936,1.3393926046674054,1.0945,1.7856686433793723,-1.992966002344665,7014594.427194,4.210560940277691,28.10753717469693,AKEUSDT_5m_limit500_20260717_211054_enriched_candles.csv,-7.722300435919689,5m,1784221500000
0.2855,87.94626027842317,1.1316649088732764,0.0009193,1784222099999,0.00065323,0.3172,30111.0,0.09820999312697282,51897851877.0,-0.46527879494070445,2.2245362950558443,47611089.3119598,1.1090941036816018,1.0941,-1.0534799107994715,-0.0326228795128336,2648149.8432436,0.3650298408441657,28.013790344872078,AKEUSDT_5m_limit500_20260717_211054_enriched_candles.csv,-1.3091791433499627,5m,1784221800000
0.2865,80.38790941159253,0.17565017226701532,0.0009327,1784222399999,0.00065323,0.3191,30235.0,0.09657907261478756,52047649075.0,0.2886385323905616,2.288628872125171,47842199.02974,1.1361988809856105,1.0963,1.0038889142019345,1.4576308060480825,2430528.4410595,0.1688794868783113,37.96624276089627,AKEUSDT_5m_limit500_20260717_211054_enriched_candles.csv,8.224956981435556,5m,1784222100000
0.2865,82.46058124719262,1.8787901039424508,0.0009083,1784222999999,0.00065323,0.3191,79006.0,88.73514478703703,52047649075.0,-0.043395461100825816,8.77570085936159,47842199.02974,33.19689240807222,1.0963,1.8156521211857979,-1.196562601979756,6514880.6820157,164.37044860210054,43.38572086034532,AKEUSDT_15m_limit500_20260717_211231_enriched_candles.csv,3.734056548667792,15m,1784222100000
0.2885,88.83760467654642,1.2338839816467415,0.0009189,1784222699999,0.00065323,0.3224,22261.0,-0.450131033757485,51950167024.0,-0.1872938600157137,2.1985170582471913,48422750.6830704,1.2234133051003124,1.0949,1.0248397066625043,-1.479575426182056,1977613.9177046,-0.23423456053292682,32.918675375592585,AKEUSDT_5m_limit500_20260717_211054_enriched_candles.csv,5.464530332413565,5m,1784222400000
0.2887,79.46957085068276,0.058046563229557646,0.0009083,1784222999999,0.00065323,0.3249,26510.0,-0.15750738500025332,51891337752.0,-0.11324173793862968,2.069394380022859,47768052.05422608,1.0995022288011902,1.0931,0.5380617568554518,-1.1535531613886096,2106738.3232516,-0.11619654342057666,29.657118745913834,AKEUSDT_5m_limit500_20260717_211054_enriched_candles.csv,-3.0714731692509307,5m,1784222700000
0.2877,79.17952406447688,0.022395856283748388,0.0009166,1784223299999,0.00065323,0.3224,15207.0,-0.9302021383316275,51927929321.0,0.0705157557796543,2.0051620141158777,47171330.9951964,0.9927675736084934,1.0919,0.18868336470767233,0.9137950016514518,1204083.0224485,-0.9167933782714403,35.08101303946583,AKEUSDT_5m_limit500_20260717_211054_enriched_candles.csv,3.732347373980379,5m,1784223000000
0.2877,81.66699156458408,1.8381334482852583,0.0009252,1784223899999,0.00065323,0.3224,50130.0,55.94631310185185,51927929321.0,-0.23001952274056547,8.757203266563039,47171330.9951964,32.67521561168625,1.0919,3.320616440517951,1.860618738302322,4093966.2871326,102.82630793187514,47.79211300694977,AKEUSDT_15m_limit500_20260717_211231_enriched_candles.csv,5.414297697835941,15m,1784223000000
0.2898,79.84751756626736,0.10346080162381198,0.0009118,1784223599999,0.00065323,0.324,13189.0,-1.0723296139814864,51893077487.0,-0.06711577845625039,1.9811662234557101,47549626.9013381,1.0032506816152995,1.0941,-0.36218248371823936,-0.5236744490508372,1053108.9091815,-1.0472309274442815,33.47355116651835,AKEUSDT_5m_limit500_20260717_211054_enriched_candles.csv,-1.7203565594541619,5m,1784223300000
0.2893,84.51156508247907,0.68653674861925,0.0009252,1784223899999,0.00065323,0.3233,21734.0,-0.4629323557247899,51908656017.0,0.03002043963167278,1.9707559532784027,47340694.287504,0.9299499537389259,1.0949,0.9706938805102077,1.469620530818161,1836774.3555026,-0.3470363179869064,41.52847144298986,AKEUSDT_5m_limit500_20260717_211054_enriched_candles.csv,10.607519044411227,5m,1784223600000
0.2913,85.68261459204987,0.8204588491488389,0.0009687,1784224199999,0.00065323,0.3268,76829.0,3.55335181320028,51792591462.0,-0.22359383560612844,1.801799753170383,47859462.06637572,0.924980028941183,1.0959,5.387494856287366,4.701686121919568,6582909.5964926,3.886487644245084,58.917994849438095,AKEUSDT_5m_limit500_20260717_211054_enriched_candles.csv,13.54393328653093,5m,1784223900000
0.2913,88.93329189501931,2.1417287147187545,0.0010903,1784224799999,0.00065323,0.3268,430422.0,487.3588372491589,51792591462.0,-0.26062633494084997,8.731899626086994,47859462.06637572,33.1575102039656,1.0959,39.55893923971827,17.84479031560744,38278845.364038,966.3699990617607,71.29614715958076,AKEUSDT_15m_limit500_20260717_211231_enriched_candles.csv,16.09915226318969,15m,1784223900000
0.2938,96.35041603785457,2.153754531024764,0.0010502,1784224499999,0.00065323,0.3324,237937.0,14.854999095877101,51512563613.0,-0.5406716310101145,1.5662808022209016,49879615.3464679,1.126112637314617,1.0978,10.485809557424993,8.41333746257873,22925328.940799,18.328094979866577,74.32474485013307,AKEUSDT_5m_limit500_20260717_211054_enriched_candles.csv,20.70652339020159,5m,1784224200000
0.29,75.83356528624888,-0.41174332874996084,0.0010903,1784224799999,0.00065323,0.3611,115656.0,6.080660580076004,48866171397.0,-5.137372381389582,0.22296977699704498,51509831.2695777,1.2870741389226217,1.1092,4.164215299003924,3.8183203199390503,8770606.8267464,5.755669785546588,78.58101950864032,AKEUSDT_5m_limit500_20260717_211054_enriched_candles.csv,5.973886717630532,5m,1784224500000
0.2923,67.6897385396921,-1.4325032622768339,0.0010581,1784225099999,0.00065323,0.3646,71130.0,2.915325872899908,48711544705.0,-0.31642890690939396,0.12285919013138855,52929964.476453,1.5081997630600814,1.1087,2.9610068908178038,-2.953315601210682,4814771.1023283,2.256167122350093,68.72848766412449,AKEUSDT_5m_limit500_20260717_211054_enriched_candles.csv,4.0677336798958335,5m,1784224800000
0.2923,71.46736084160229,1.3954769404260672,0.0009717,1784225699999,0.00065323,0.3646,220185.0,248.6248570235294,48711544705.0,-5.948817523951377,7.974920606693791,52929964.476453,36.99471131596628,1.1087,23.757120452644298,-10.877740071539943,15736040.8469082,396.02361898341843,52.87933127045856,AKEUSDT_15m_limit500_20260717_211231_enriched_candles.csv,-2.096363571421558,15m,1784224800000
0.2923,70.41237251779528,2.041990664504165,0.0009452,1784228399999,0.00065323,0.3646,1387519.0,832.025149619212,48711544705.0,-6.4503258631265386,6.07182659209535,52929964.476453,177.00957765833004,1.1087,19.024930297393812,-13.30826378061084,97698504.7035188,1297.5355113796213,60.035905345203815,AKEUSDT_1h_limit500_20260717_211343_enriched_candles.csv,0.020330636528653218,1h,1784224800000
0.3004,70.21767850569438,-1.102614184610633,0.0010441,1784225399999,0.00065323,0.3708,60586.0,2.1527501222688232,48940533157.0,0.4700907215871908,0.22083680378387296,51550531.79026281,1.296032107200358,1.11,0.7292219218144212,-1.3231263585672393,4254208.269946,1.7402174114220819,64.91740651110223,AKEUSDT_5m_limit500_20260717_211054_enriched_candles.csv,5.128648740842449,5m,1784225100000
0.3043,75.36042539911043,-0.4546675977540125,0.0009717,1784225699999,0.00065323,0.3757,88469.0,3.9796098740830694,48942858521.0,0.004751407167025157,0.2080266665065624,51023908.86531292,1.1986923452194027,1.1114,8.306525293087619,-6.934201704817545,6667061.4746339,3.786536945674119,49.59991750762986,AKEUSDT_5m_limit500_20260717_211054_enriched_candles.csv,-11.158140589188895,5m,1784225400000
0.3092,67.82075586351824,-1.387692034384194,0.0009318,1784225999999,0.00065323,0.3749,227056.0,12.730060459144712,48372121784.0,-1.1661287351148797,-0.11146231659502255,46632176.56342952,0.5100054075293499,1.1065,4.45561747710721,-4.106205619018222,15399109.543347,11.139132549579157,43.50725511883756,AKEUSDT_5m_limit500_20260717_211054_enriched_candles.csv,-1.9715420962906651,5m,1784225700000
0.3092,68.52666119609441,1.2681139839471651,0.0009439,1784226599999,0.00065323,0.3749,492064.0,555.8910258798238,48372121784.0,-0.6968018014118948,7.890140191979987,46632176.56342952,32.14673393276852,1.1065,5.583292906050815,-2.8609653185139416,33719503.014795,849.6134003125488,49.6423120665025,AKEUSDT_15m_limit500_20260717_211231_enriched_candles.csv,-0.8559577853806412,15m,1784225700000
0.3116,67.2492911776749,-1.4383688405286659,0.0008823,1784226299999,0.00065323,0.3782,157800.0,7.95157853654271,48078489312.0,-0.6070283071542337,-0.21193911715438318,44425004.90918112,0.15513435062752248,1.0971,6.058060972353843,-5.3122987765614855,10611938.1478371,6.997468796107119,37.37373677746689,AKEUSDT_5m_limit500_20260717_211054_enriched_candles.csv,-1.9431379838331364,5m,1784226000000
0.3182,71.90186668542366,-0.8673953543118679,0.0009439,1784226599999,0.00065323,0.3784,107208.0,4.80377459686279,47391298981.0,-1.4293093248844757,-0.5428154276269503,41474021.39023234,-0.3162024766426522,1.1019,8.114446258196656,6.981752238467642,7708455.3236109,4.535233372859136,47.32566513272775,AKEUSDT_5m_limit500_20260717_211054_enriched_candles.csv,2.8693143767497626,5m,1784226300000
0.3077,74.72751951439753,-0.5211739064805925,0.0009552,1784226899999,0.00065323,0.3669,117916.0,5.460140373588284,47304271932.0,-0.18363507831867798,-0.5837238022922651,44638676.2086318,0.18839310655191874,1.1084,0.4822321353246732,1.19716071617757,8811570.1910597,5.403252278132165,48.9289401564705,AKEUSDT_5m_limit500_20260717_211054_enriched_candles.csv,5.683518039684046,5m,1784226600000
0.3077,71.83978865463854,1.405487480271897,0.0008513,1784227499999,0.00065323,0.3669,477780.0,539.7253399169463,47304271932.0,-2.207572900705823,7.624434837542051,44638676.2086318,30.597553934281784,1.1084,21.290113505817057,-9.810361267083378,34323614.2234132,862.5587323984702,40.704138848522696,AKEUSDT_15m_limit500_20260717_211231_enriched_candles.csv,0.8611492673646773,15m,1784226600000
0.3082,71.26384634964786,-0.9358769856701551,0.0008798,1784227199999,0.00065323,0.3723,227182.0,12.19117451955825,47128290672.0,-0.3720198045812251,-0.673305193167912,45789847.2169152,0.35947382630672237,1.098,8.980342813594113,-7.893634840871022,16189863.1414057,11.223730547750854,40.1478432110927,AKEUSDT_5m_limit500_20260717_211054_enriched_candles.csv,-0.5256899237710928,5m,1784226900000
0.328,70.25957470454019,-1.0464184410499018,0.0008513,1784227499999,0.00065323,0.3939,132682.0,6.348828333714442,47502420933.0,0.7938549344041368,-0.4710226932953426,41426386.27145997,-0.3420294770939098,1.1072,2.9915144108344074,-3.239372584678335,9322180.8909478,5.468909080703219,37.414576602933245,AKEUSDT_5m_limit500_20260717_211054_enriched_candles.csv,-1.288552015550816,5m,1784227200000
0.3328,67.98957149722985,-1.2834438088504447,0.0008845,1784227799999,0.00065323,0.3955,79129.0,3.001822503470495,47208350361.0,-0.6190643891913927,-0.6297351180057049,40169585.3221749,-0.5258448561722414,1.1198,3.7415040035542124,3.89991777281804,5379946.8030043,2.370671338506699,42.339255608332955,AKEUSDT_5m_limit500_20260717_211054_enriched_candles.csv,-2.518498696381854,5m,1784227500000
0.3328,70.4812730690283,1.3464403807633343,0.0009452,1784228399999,0.00065323,0.3955,197490.0,221.40492002295494,47208350361.0,-0.20277570520034205,7.576106540060064,40169585.3221749,27.169322347673848,1.1198,24.001486366801846,11.030189122518497,13919346.6184024,346.4014432120875,50.44736548170837,AKEUSDT_15m_limit500_20260717_211231_enriched_candles.csv,2.4627198676078708,15m,1784227500000
0.3221,71.84308609183036,-0.8111877379485611,0.0009283,1784228099999,0.00065323,0.382,68118.0,2.291145892729626,46993582607.0,-0.45493594323394726,-0.7485286052876904,41592140.22215142,-0.2887022937177686,1.1249,5.0217322500460595,4.951950254380999,4893807.3384033,1.9845473789609969,48.13728835377431,AKEUSDT_5m_limit500_20260717_211054_enriched_candles.csv,4.49187232272657,5m,1784227800000
0.3142,72.55921177069044,-0.7260905630688843,0.0009452,1784228399999,0.00065323,0.3746,50243.0,1.2109214751046584,46885879446.0,-0.22918695495235397,-0.8091785466817568,43593084.13250742,0.05172269163678678,1.1201,1.1755741259146553,1.8205321555531562,3645592.4769948,1.0008279642529867,50.217347707108416,AKEUSDT_5m_limit500_20260717_211054_enriched_candles.csv,7.089789354735078,5m,1784228100000
0.3091,66.25277728616041,-1.4694906108629238,0.0009302,1784228699999,0.00065323,0.3672,77365.0,2.832844960136877,46751251090.0,-0.28714051563233367,-0.8395407556354239,44160764.2671031,0.11588073134159793,1.1202,0.8599472687185927,-1.5869657215404231,5125646.1147438,2.1357247562493544,48.3632804009224,AKEUSDT_5m_limit500_20260717_211054_enriched_candles.csv,6.385727034320643,5m,1784228400000
0.3091,62.620639683634266,1.0112931979090805,0.0009266,1784229299999,0.00065323,0.3672,157402.0,175.38302080813955,46751251090.0,-0.9682593598475342,7.438952804436005,44160764.2671031,30.208178138882996,1.1202,3.54073270066341,-1.9678374947101118,9856613.9274834,243.62636161856253,48.73897611081936,AKEUSDT_15m_limit500_20260717_211231_enriched_candles.csv,2.6919513784663893,15m,1784228400000
0.3091,62.67185357241988,1.5767012521603088,0.0009169,1784231999999,0.00065323,0.3672,362464.0,213.6857087128408,46751251090.0,-4.024289574210083,5.712083528459929,44160764.2671031,144.1987962181904,1.1202,3.5449453275741933,-2.9940753279729115,22716290.7332736,298.22602480844023,57.47282544601945,AKEUSDT_1h_limit500_20260717_211343_enriched_candles.csv,1.278354409436418,1h,1784228400000
0.306,59.9122944153267,-2.220326902018747,0.00093,1784228999999,0.00065323,0.3656,43832.0,0.814113234823083,46777067682.0,0.05522117889487088,-0.8159270754531797,43474606.7036508,-0.004209417436837008,1.1207,-1.0243822302853243,-0.02150075252632666,2626075.6888126,0.19346534303741858,48.33765440710719,AKEUSDT_5m_limit500_20260717_211054_enriched_candles.csv,-0.2611128762819629,5m,1784228700000
0.3031,58.138161135948074,-2.410263497912834,0.0009266,1784229299999,0.00065323,0.3598,36205.0,0.3576253548742832,46778248604.0,0.002524574665585533,-0.8000541568257136,43592182.09158156,0.018657937752431554,1.1218,-0.6076658212534191,-0.36559139784947403,2104892.123927,-0.20988775761437206,47.87325513605984,AKEUSDT_5m_limit500_20260717_211054_enriched_candles.csv,-2.6185424303156015,5m,1784229000000
0.3017,61.59355744771943,-1.9797646290439808,0.0009167,1784229599999,0.00065323,0.3596,33303.0,0.18342794786437694,46733223788.0,-0.09625160698331081,-0.8174251778692752,43448812.82017936,-0.012288524114111514,1.1224,0.2530217102496819,-1.0684221886466672,2051250.2436814,-0.2430089212785931,46.47318636645951,AKEUSDT_5m_limit500_20260717_211054_enriched_candles.csv,-0.322835915334992,5m,1784229300000
0.3017,60.61452424764019,0.9238185113709124,0.0009324,1784230199999,0.00065323,0.3596,81087.0,89.65404932145816,46733223788.0,-0.03856004188058648,7.434929792154967,43448812.82017936,29.634774869584326,1.1224,0.5122691072364912,0.6259443125404829,4915049.9276684,120.87980890233801,49.31537658119174,AKEUSDT_15m_limit500_20260717_211231_enriched_candles.csv,3.5670230184613487,15m,1784229300000
0.3021,61.50284536758143,-1.9686925574842529,0.0009364,1784229899999,0.00065323,0.3583,28277.0,-0.1161011807032967,46841948393.0,0.23264948614121206,-0.7414436684867393,42958750.8712203,-0.08215244146738865,1.1258,1.537416573528898,2.1490127631722533,1739115.9584591,-0.4759614693113559,49.629966703543275,AKEUSDT_5m_limit500_20260717_211054_enriched_candles.csv,8.79673251911557,5m,1784229600000
0.3021,57.655391681340035,-2.388954714138597,0.0009324,1784230199999,0.00065323,0.3587,19507.0,-0.6372925300450013,46730164600.0,-0.2386403572757989,-0.7987355940490851,43650646.75286,0.030389434980864754,1.1247,-0.5443328027444193,-0.4271678769756537,1124683.7255279,-0.954699588814205,48.9980925463244,AKEUSDT_5m_limit500_20260717_211054_enriched_candles.csv,2.5747465770706213,5m,1784229900000
0.3057,66.96164097440065,-1.3163442704166646,0.0009376,1784230499999,0.00065323,0.3628,14891.0,-0.9109867738063718,46773232918.0,0.0921638482737075,-0.765350391731877,43769455.90000604,0.048056491397760394,1.1246,-0.38068830688651045,0.5577005577005689,997125.7957498,-1.0527342624497877,49.89125037927293,AKEUSDT_5m_limit500_20260717_211054_enriched_candles.csv,5.766551380908004,5m,1784230200000
0.3057,65.18342022065245,1.1090764323226834,0.0008957,1784231099999,0.00065323,0.3628,70994.0,78.17837889090909,46773232918.0,0.08561174846721809,7.445230997569884,43769455.90000604,29.849950519499366,1.1246,7.971842462714455,-3.936078936078935,4627631.735145,113.57717708188062,45.80560819327871,AKEUSDT_15m_limit500_20260717_211231_enriched_candles.csv,-5.464813098319627,15m,1784230200000
0.3046,61.44487280342126,-1.9089980674145932,0.0009181,1784230799999,0.00065323,0.3631,18385.0,-0.7028597695917825,46814162682.0,0.08750680987084092,-0.7323138331232962,43837250.07705162,0.05083350768509221,1.1241,1.4928272566879337,-2.079778156996581,1129663.9864909,-0.9455911401541117,46.59587271483961,AKEUSDT_5m_limit500_20260717_211054_enriched_candles.csv,-13.486044471253681,5m,1784230500000
0.3045,66.30367338947717,-1.3340329356840555,0.0008957,1784231099999,0.00065323,0.362,37718.0,0.45603444389387615,46791297359.0,-0.04884274691682178,-0.7281463725201708,43195854.06993444,-0.06366024770062424,1.124,1.8879457823976715,-2.439821370221107,2500841.9529043,0.1188712619469848,43.076095115756125,AKEUSDT_5m_limit500_20260717_211054_enriched_candles.csv,-6.319640022471582,5m,1784230800000
0.3026,67.66802416401869,-1.1247165703805655,0.0009138,1784231399999,0.00065323,0.3594,21400.0,-0.5227848031302577,46890112869.0,0.21118352252951222,-0.6514520964279358,42110134.76313414,-0.23546082988575173,1.1274,1.3414641072437479,2.020765881433517,1448095.71711,-0.6983341543766954,46.58708283515168,AKEUSDT_5m_limit500_20260717_211054_enriched_candles.csv,4.931536046106215,5m,1784231100000
0.3026,62.60725812983522,0.9961216802942396,0.0009169,1784231999999,0.00065323,0.3594,52981.0,57.855121617695474,46890112869.0,0.24988640662257922,7.472465291250592,42110134.76313414,28.566527952770212,1.1274,4.431759099469349,2.3668639053254337,3316995.1429768,81.0780743237565,48.10329266144395,AKEUSDT_15m_limit500_20260717_211231_enriched_candles.csv,3.094062796290258,15m,1784231100000
0.3038,59.8627809776018,-1.948442941198194,0.000912,1784231699999,0.00065323,0.3611,19890.0,-0.6127419549151187,46852967686.0,-0.07921751671567945,-0.6638138192423197,42856409.5423842,-0.10232284222543551,1.1275,-0.817744533017367,-0.1969796454366346,1190670.7136445,-0.8945935698432835,46.28136596265179,AKEUSDT_5m_limit500_20260717_211054_enriched_candles.csv,-0.17791232162047318,5m,1784231400000
0.3006,58.01289130290822,-2.129760259585074,0.0009169,1784231999999,0.00065323,0.3598,11691.0,-1.108542253283302,46785832826.0,-0.14328838345935013,-0.7032327706590413,42645754.47922726,-0.1364204201995826,1.1256,-0.4136717557951284,0.5372807017543835,678228.7122223,-1.2825028078215592,47.29530410646125,AKEUSDT_5m_limit500_20260717_211054_enriched_candles.csv,4.914993970466694,5m,1784231700000
0.3019,62.10469153727899,-1.6641344592326912,0.0009223,1784232299999,0.00065323,0.3605,18890.0,-0.6726835648263858,46784777138.0,-0.002256426649338561,-0.6997366737697425,42889476.59349012,-0.09447083973818012,1.1261,-0.34046438539341006,0.5889409968371728,1173157.6231392,-0.8949180704148966,48.450077789469,AKEUSDT_5m_limit500_20260717_211054_enriched_candles.csv,5.066791338979946,5m,1784232000000
0.3019,69.7132521023259,1.2902356028177087,0.0009179,1784232899999,0.00065323,0.3605,44327.0,48.046890338934425,46784777138.0,-0.22464379920407174,7.444861590039038,42889476.59349012,29.142138952759485,1.1261,-0.6534416769845106,0.10906314756244928,3090179.3259398,75.21466195497992,48.21482231031893,AKEUSDT_15m_limit500_20260717_211231_enriched_candles.csv,-3.1653138342336344,15m,1784232000000
0.3019,66.92955548401471,1.8162809330301306,0.0009332,1784235599999,0.00065323,0.3605,152509.0,88.39169053892282,46784777138.0,0.0717115525645795,5.72276449197736,42889476.59349012,139.13725680516538,1.1261,1.7188265419159816,1.7777293052677612,10207359.5773116,132.92276473014883,58.569941276521504,AKEUSDT_1h_limit500_20260717_211343_enriched_candles.csv,2.223337227923663,1h,1784232000000
0.3019,70.18337253158853,2.2095057170064933,0.0010236,1784246399999,0.00065323,0.3605,680649.0,128.31174473733012,46784777138.0,-9.294263733633091,22.97546504694999,42889476.59349012,156.0104276017234,1.1261,6.153232112537098,11.63703784491219,47770242.3302532,172.27813616007913,83.57945097116749,AKEUSDT_4h_limit500_20260717_211446_enriched_candles.csv,4.811438964271257,4h,1784232000000
0.3034,72.57078223490271,-0.5236343544291314,0.0009194,1784232599999,0.00041147,0.3618,12128.0,-1.0851309434885823,46726255231.0,-0.12508749764347238,-0.7301132090763116,43161509.21942701,-0.04704862812394901,1.1288,-0.6618832529145375,-0.31443131302179017,880138.4469449,-1.1150037272590372,47.84381310246007,AKEUSDT_5m_limit500_20260717_211054_enriched_candles.csv,-9.433684860411283,5m,1784232300000
0.3057,77.90842706857765,0.06516239762435307,0.0009179,1784232899999,0.00041147,0.3628,13309.0,-1.0072682106540276,46644833887.0,-0.17425180682141272,-0.7737395289622402,42849810.20195368,-0.09924522848880304,1.1281,-0.848447954143803,-0.16314988035674993,1036883.2558557,-0.9739192696700517,47.51264011793846,AKEUSDT_5m_limit500_20260717_211054_enriched_candles.csv,-7.1585527791211385,5m,1784232600000
0.3051,68.23214227875143,-1.0053491022856726,0.0009175,1784233199999,0.00041147,0.3624,12222.0,-1.0657369460947705,46646835663.0,0.00429152777101649,-0.7654228627985676,42775148.302971,-0.09031701710608753,1.1303,-0.9876533138888115,-0.04357773177906532,833933.2429309,-1.130159763226119,47.41837972571515,AKEUSDT_5m_limit500_20260717_211054_enriched_candles.csv,-2.61147454404866,5m,1784232900000
0.3051,69.5647247684802,1.277464253947021,0.0009177,1784233799999,0.00041147,0.3624,33360.0,35.8888207027027,46646835663.0,-0.2948426463443843,7.471541235922363,42775148.302971,29.048094834069527,1.1303,-0.8500454052785341,-0.02178886588952711,2320679.2182765,56.268034196911024,48.192515123624744,AKEUSDT_15m_limit500_20260717_211231_enriched_candles.csv,2.9924986958721425,15m,1784232900000
0.3033,68.93865345275262,-0.9162576631456808,0.0009188,1784233499999,0.00041147,0.3604,10045.0,-1.1869525820235756,46630015175.0,-0.036059226228157826,-0.7681124500736474,42781173.7224555,-0.0693729386149962,1.1313,-0.8620827279016677,0.14168937329699371,692488.7739329,-1.240141906922367,47.78097064085759,AKEUSDT_5m_limit500_20260717_211054_enriched_candles.csv,7.371171248885264,5m,1784233200000
0.3045,71.59985589224736,-0.617183305129229,0.0009177,1784233799999,0.00041147,0.3611,11093.0,-1.1227144133447906,46617019401.0,-0.027869975918359824,-0.7726616848503115,42842905.51029504,-0.05656795246749498,1.131,-0.8906585272452195,-0.1197213757074378,794257.2014127,-1.1403867438213053,47.48260315787832,AKEUSDT_5m_limit500_20260717_211054_enriched_candles.csv,5.0587789721559515,5m,1784233500000
0.3043,64.76235436883721,-1.3658669791150162,0.000923,1784234099999,0.00041147,0.3604,19565.0,-0.6104357568151448,46607961323.0,-0.019430839029155322,-0.7753782575087568,42748822.1254556,-0.06963264754070905,1.1314,-0.3127209774008404,0.57753078348044,1267075.4632263,-0.7562587743897712,49.13083757101238,AKEUSDT_5m_limit500_20260717_211054_enriched_candles.csv,2.4839909865478025,5m,1784233800000
0.3043,64.57455900422853,1.0610504118683382,0.0009233,1784234699999,0.00041147,0.3604,46399.0,50.169032532271245,46607961323.0,-0.08333757145039256,7.523595429230398,42748822.1254556,29.021091208665965,1.1314,0.4760169414568258,0.6102212051868783,2996194.9632372,72.70004755424142,48.90533937239594,AKEUSDT_15m_limit500_20260717_211231_enriched_candles.csv,4.813887308580379,15m,1784233800000
0.3057,65.99316462142063,-1.2321360480791195,0.0009249,1784234399999,0.00041147,0.3613,17978.0,-0.7001969272004388,46617860808.0,0.02123990133657827,-0.768458218109908,43009638.3814608,-0.02065956422484757,1.1326,-0.7800676230990476,0.2058504875406264,1186425.1135639,-0.8063280749779689,49.73981650682839,AKEUSDT_5m_limit500_20260717_211054_enriched_candles.csv,9.460498263707272,5m,1784234100000
0.3053,61.27985393484643,-1.7517076325422587,0.0009233,1784234699999,0.00041147,0.3635,8856.0,-1.236933922690763,46526886943.0,-0.19514809007363798,-0.8208061357915065,43062960.21009365,-0.006461955303872696,1.1329,-0.7985875626632977,-0.1729916747756466,542694.386447,-1.2854045951915267,49.20560489459655,AKEUSDT_5m_limit500_20260717_211054_enriched_candles.csv,0.09539098253609105,5m,1784234400000
0.3055,59.18344350692314,-1.9526238918359582,0.0009334,1784234999999,0.00041147,0.3635,11541.0,-1.0758390227272727,46516573612.0,-0.02216638953866923,-0.8176797514705242,42990152.16647428,-0.01576232519112055,1.1336,0.385201020288489,1.0939023069424847,683036.1215134,-1.179997855953285,52.66186459369905,AKEUSDT_5m_limit500_20260717_211054_enriched_candles.csv,9.266127889688534,5m,1784234700000
0.3055,63.3397625112796,1.005443105284056,0.0009332,1784235599999,0.00041147,0.3635,28423.0,30.231848957282345,46516573612.0,-0.1960774691831535,7.512883640175783,42990152.16647428,29.193659156527534,1.1336,1.5158840686538912,1.0722408751218326,1800306.0698581,43.056554227715765,50.20960889135521,AKEUSDT_15m_limit500_20260717_211231_enriched_candles.csv,6.169959465162227,15m,1784234700000
0.3074,66.53891158187552,-1.1424365816164443,0.0009295,1784235299999,0.00041147,0.3661,9512.0,-1.208006541880781,46491625168.0,-0.053633451612533634,-0.8217344752429309,43395282.9318112,0.057257427056975944,1.1326,-0.48616383605604313,-0.41782729805014407,632918.1269668,-1.2202092764224306,51.212769929826266,AKEUSDT_5m_limit500_20260717_211054_enriched_candles.csv,2.979720794849243,5m,1784235000000
0.3079,65.71937874869742,-1.215232528786509,0.0009332,1784235599999,0.00041147,0.3672,7370.0,-1.3404070921436642,46482793409.0,-0.01899645144278761,-0.8175990939900637,43223419.93516092,0.024380319046357023,1.1319,-0.5008162035711102,0.39806347498656525,484351.8213779,-1.3225520060798481,52.546866361491304,AKEUSDT_5m_limit500_20260717_211054_enriched_candles.csv,5.972510040533089,5m,1784235300000
0.3084,62.92869055929308,-1.4959533131997909,0.0009438,1784235899999,0.00041147,0.3674,14344.0,-0.8861542373173033,46483447386.0,0.0014069227600943535,-0.8156666724081986,43389509.12798784,0.05000391708357571,1.1323,0.4508854692680788,1.1358765537933913,902649.1373825,-0.9940988316537002,56.238840939438134,AKEUSDT_5m_limit500_20260717_211054_enriched_candles.csv,12.042142990254561,5m,1784235600000
0.3084,69.29182959931738,1.2487133831589967,0.0009582,1784236499999,0.00041147,0.3674,53617.0,57.648649864262566,46483447386.0,-0.07121381354592282,7.516822882308832,43389509.12798784,29.486310937208543,1.1323,5.134394722249622,2.6789541363051894,3715220.0276266,88.88351193130691,53.441664114214646,AKEUSDT_15m_limit500_20260717_211231_enriched_candles.csv,14.068878342419755,15m,1784235600000
0.3084,71.33068376810776,2.0715462083952154,0.0009345,1784239199999,0.00041147,0.3674,151598.0,86.97714239917961,46483447386.0,-0.6440764933242638,5.670241663377692,43389509.12798784,140.39791812690927,1.1323,-0.7129001377825435,0.1393056150878591,10813588.9978776,140.72753472922273,58.66153815973837,AKEUSDT_1h_limit500_20260717_211343_enriched_candles.csv,2.6566234038022425,1h,1784235600000
0.3084,70.73847175932559,-0.6644940991893984,0.0009539,1784236199999,0.00041147,0.3686,23280.0,-0.3138733352169455,46436679127.0,-0.1006127162033299,-0.8410847440448808,43850156.0996261,0.12481738406239316,1.1327,0.3671294075627952,1.070141979232897,1646791.6225571,-0.4235446958342637,59.47422144103616,AKEUSDT_5m_limit500_20260717_211054_enriched_candles.csv,23.961133502561182,5m,1784235900000
0.3074,72.89309495948228,-0.4398212139089388,0.0009582,1784236499999,0.00041147,0.3719,15993.0,-0.781366712084749,46282863456.0,-0.33123744826655255,-0.9284254435036989,44139966.8779872,0.1721666983697611,1.1301,-0.4528939511176274,0.4507810042981397,1165779.267687,-0.7950468534233301,60.80290687363463,AKEUSDT_5m_limit500_20260717_211054_enriched_candles.csv,1.6642556068692225,5m,1784236200000
0.3101,76.46097720600724,-0.06151675344169663,0.0009456,1784236799999,0.00041147,0.3761,13517.0,-0.9027332982193434,46287679971.0,0.010406691894893072,-0.9186575958550945,44292680.9642499,0.19622214362863488,1.1282,0.6949535640221373,-1.314965560425796,1033523.0288936,-0.881634932660995,55.10198816184019,AKEUSDT_5m_limit500_20260717_211054_enriched_candles.csv,-8.765433939520513,5m,1784236500000
0.3101,77.49923711283326,1.5879936691124783,0.0009544,1784237399999,0.00041147,0.3761,27756.0,29.328844347694176,46287679971.0,-0.4211551122151991,7.464802461542946,44292680.9642499,30.126836904286936,1.1282,-0.005910907538137169,-0.3965769150490517,2151068.8253038,50.94331571476495,52.879774377375625,AKEUSDT_15m_limit500_20260717_211231_enriched_candles.csv,-4.523041182127628,15m,1784236500000
0.3115,77.27102069423891,0.025371644104656497,0.0009482,1784237099999,0.00041147,0.3763,7568.0,-1.2435827130985266,46214092511.0,-0.1589785015064571,-0.9527468867104433,43668158.15456901,0.08385664829104703,1.1287,-0.6870991648099564,0.27495769881555887,584787.084614,-1.2018147546206983,56.01837586935769,AKEUSDT_5m_limit500_20260717_211054_enriched_candles.csv,-1.1400069838752522,5m,1784236800000
0.3116,79.86189653668116,0.3035370884305478,0.0009544,1784237399999,0.00041147,0.3761,6671.0,-1.2936883769804823,46199796500.0,-0.030934310776731255,-0.9506555420433108,43757675.25701,0.09802089637985971,1.1299,-0.17699775056119485,0.6538704914575089,532758.7117962,-1.222924559280804,58.20885653351518,AKEUSDT_5m_limit500_20260717_211054_enriched_candles.csv,-0.006445107482943703,5m,1784237100000
0.3118,73.68495190371505,-0.3626065949311298,0.0009637,1784237699999,0.00041147,0.3753,12732.0,-0.9119027401920439,46175254123.0,-0.05312226212944582,-0.9593039116366099,44027643.05373927,0.14491054177906867,1.1294,0.24574901515922015,0.974434199497054,938156.8076381,-0.8966205934214458,61.32073293791114,AKEUSDT_5m_limit500_20260717_211054_enriched_candles.csv,9.326426440093833,5m,1784237400000
0.3118,72.94911209805736,1.3996953095456217,0.0009235,1784238299999,0.00041147,0.3753,43240.0,46.15187942043619,46175254123.0,-0.24288503565189634,7.433815655623561,44027643.05373927,29.879427955655302,1.1294,6.392642820331066,-3.2376362112321977,3154319.60712,74.81697921376389,48.421479897039724,AKEUSDT_15m_limit500_20260717_211231_enriched_candles.csv,-5.670106898783753,15m,1784237400000
0.3123,70.02657593356652,-0.7616977523170272,0.0009583,1784237999999,0.00041147,0.3791,9149.0,-1.1124111078903354,46155709804.0,-0.042326391854685674,-0.9618409982687315,44494104.251056,0.21589613208350153,1.1286,-0.3015199015721958,-0.5603403548822161,640673.1432162,-1.1205641026240847,58.59253504914486,AKEUSDT_5m_limit500_20260717_211054_enriched_candles.csv,-1.740054477956804,5m,1784237700000
0.3134,73.76233233136851,-0.3529176438246599,0.0009235,1784238299999,0.00041147,0.3797,21359.0,-0.3563023464771102,46121337038.0,-0.07447131924948058,-0.9766383467665591,44207301.550923,0.14813219663395116,1.1277,3.7575490437123973,-3.6314306584576905,1575489.6562657,-0.41746205844339646,44.76907357930686,AKEUSDT_5m_limit500_20260717_211054_enriched_candles.csv,-16.19824893661258,5m,1784238000000
0.3129,68.43973036137214,-0.9281490275225125,0.0009309,1784238599999,0.00041147,0.3738,10684.0,-1.0020973088768936,46106768393.0,-0.031587646706765504,-0.9859489421775237,42598043.3182927,-0.14410173198743162,1.1294,0.0166636117996546,0.8012994044396482,731210.0791809,-1.0510891522164976,47.600088946649315,AKEUSDT_5m_limit500_20260717_211054_enriched_candles.csv,-0.3241130007609827,5m,1784238300000
0.3129,66.44359969713544,1.1291060582553842,0.0009345,1784239199999,0.00041147,0.3738,26985.0,28.346490725241548,46106768393.0,-0.1483169530969386,7.412509064600674,42598043.3182927,28.76224266536658,1.1294,1.783439382050433,1.1911207363291876,1792980.5378272,42.099043952018825,50.036402625459324,AKEUSDT_15m_limit500_20260717_211231_enriched_candles.csv,2.2718357442609203,15m,1784238300000
0.3123,66.25060112698301,-1.1589949208812205,0.0009382,1784238899999,0.00041147,0.374,8472.0,-1.1386853773762513,46197060002.0,0.1958315712573544,-0.9344685126738377,43000223.4498616,-0.07077431902264274,1.1304,-0.014385315087220562,0.7841873455795456,561275.0927478,-1.173994904178869,50.30615458881487,AKEUSDT_5m_limit500_20260717_211054_enriched_candles.csv,6.7568216525582825,5m,1784238600000
0.3129,63.92839007516925,-1.3995691342149523,0.0009345,1784239199999,0.00041147,0.3744,7829.0,-1.1696593356007512,46237982122.0,0.08858165432654719,-0.9103402787312755,43363829.15329648,0.010506346568967177,1.1318,-0.5232057865575259,-0.3943722020891105,500495.3658985,-1.2168207977778525,48.926978492794454,AKEUSDT_5m_limit500_20260717_211054_enriched_candles.csv,1.0348073191451537,5m,1784238900000
0.3125,56.080077113335044,-2.2233834609818666,0.0009445,1784239499999,0.00041147,0.3732,11691.0,-0.9180026872897536,46286175689.0,0.10422939061838221,-0.8795558891125256,43231288.093526,-0.02417476634596971,1.132,0.37584555981449547,1.0700909577314066,655632.181532,-1.0996194245314403,52.70123458371334,AKEUSDT_5m_limit500_20260717_211054_enriched_candles.csv,12.902865286955272,5m,1784239200000
0.3125,52.495118804252975,0.5516419950626622,0.0009458,1784240099999,0.00041147,0.3732,23560.0,24.58525982636656,46286175689.0,0.3891127100272618,7.453620444907945,43231288.093526,29.208561122399942,1.132,1.8206339930301507,1.2092027822364848,1236784.9990282,28.734415342758975,51.70910459959019,AKEUSDT_15m_limit500_20260717_211231_enriched_candles.csv,6.880290633025345,15m,1784239200000
0.3125,62.14408967857716,1.519455488985815,0.0009709,1784242799999,0.00041147,0.3732,130725.0,74.42971212908076,46286175689.0,-0.42439127924795983,5.647333249497605,43231288.093526,139.3541848665189,1.132,4.850469310056753,3.8951310861423227,8123786.123232,105.11279006397402,61.245187122350366,AKEUSDT_1h_limit500_20260717_211343_enriched_candles.csv,7.502239084932101,1h,1784239200000
0.3122,45.901430976562246,-3.2818165748155264,0.0009456,1784239799999,0.00041147,0.3742,6097.0,-1.2618045327679877,46305095104.0,0.040874871856178,-0.8589394735931694,43648571.79788352,0.06453412422638538,1.131,-0.901180754356672,0.11646373742719707,279861.0246641,-1.3603210167831183,53.11170477548227,AKEUSDT_5m_limit500_20260717_211054_enriched_candles.csv,-2.7659612672364378,5m,1784239500000
0.3134,52.198855307016636,-2.611684835634583,0.0009458,1784240099999,0.00041147,0.3759,5772.0,-1.2826747762952773,46340140066.0,0.07568273409499504,-0.835587369526343,43814602.432403,0.08259610383225718,1.1303,-1.020701308743797,0.021150592216589992,301291.7928321,-1.3293289339891727,53.19124391956337,AKEUSDT_5m_limit500_20260717_211054_enriched_candles.csv,2.7348613596958535,5m,1784239800000
0.3134,64.8149631863731,-1.2538160230715076,0.0009549,1784240399999,0.00041147,0.3757,14398.0,-0.740653659775209,46332335587.0,-0.016841725098115656,-0.8372616771345176,43830389.465302,0.08358972210190824,1.1306,0.23171653110366153,0.9621484457601914,933205.8399574,-0.8625820482192854,56.78346069696376,AKEUSDT_5m_limit500_20260717_211054_enriched_candles.csv,22.421814134977087,5m,1784240100000
0.3134,61.47481689111512,0.9182186692349037,0.0009579,1784240999999,0.00041147,0.3757,34373.0,36.28158920281124,46332335587.0,0.09972718055202279,7.46503470241822,43830389.465302,29.657371966844835,1.1306,1.9750507878469354,1.279340241065774,2113073.8809983,49.53081262154953,53.50413103314085,AKEUSDT_15m_limit500_20260717_211231_enriched_candles.csv,15.110558416142627,15m,1784240100000
0.3127,59.265041173705484,-1.8436870333145337,0.0009598,1784240699999,0.00041147,0.3763,10390.0,-0.9769614218494271,46304550427.0,-0.05996926260672941,-0.8499435328781384,44170373.69781957,0.14436634434420165,1.1312,-0.36566875171472907,0.5131427374594377,615763.7777948,-1.0935632903173609,58.62472324527121,AKEUSDT_5m_limit500_20260717_211054_enriched_candles.csv,5.769864354547944,5m,1784240400000
0.3154,58.85281828336986,-1.8627329188988162,0.0009579,1784240999999,0.00041147,0.3784,9585.0,-1.0207512149626783,46318694822.0,0.030546447097679064,-0.823840552582254,44465947.02912,0.19875291038671852,1.1308,-0.7867870539877826,-0.19795790789747247,564104.2632461,-1.129513913266864,57.59994474768024,AKEUSDT_5m_limit500_20260717_211054_enriched_candles.csv,13.211538072844942,5m,1784240700000
0.317,56.77346671570878,-2.063754414198469,0.0009515,1784241299999,0.00041147,0.381,12458.0,-0.8420478438908927,46331339119.0,0.027298474295500696,-0.8056596673597877,44426657.76781791,0.19120918664311695,1.1312,-0.15783638299617392,-0.6681281970978281,707283.8483443,-1.0224939790711645,54.16530309187891,AKEUSDT_5m_limit500_20260717_211054_enriched_candles.csv,-10.189801805740718,5m,1784241000000
0.317,59.78613087187988,0.8464371840850805,0.0009599,1784241899999,0.00041147,0.381,32699.0,34.44011787680578,46331339119.0,-0.002150696673020036,7.4645794359064555,44426657.76781791,30.103904255934896,1.1312,-0.4300343712506251,0.20879006159306712,1954946.6933796,45.651452163281405,53.80975343155201,AKEUSDT_15m_limit500_20260717_211231_enriched_candles.csv,-2.95804079638766,15m,1784241000000
0.3177,53.603715042607725,-2.3399768594469323,0.0009531,1784241599999,0.00041147,0.381,8076.0,-1.1096778660556887,46422780384.0,0.19736374285477254,-0.7439263492352297,44071002.32974656,0.122193826763917,1.1331,-0.8264834704316495,0.16815554387810128,432903.6026841,-1.23147592469179,54.88950825927281,AKEUSDT_5m_limit500_20260717_211054_enriched_candles.csv,-3.2382960274252532,5m,1784241300000
0.318,66.97568782171804,-0.9458571091202983,0.0009599,1784241899999,0.00041147,0.3791,12165.0,-0.8603578376438084,46408094167.0,-0.03163579793911131,-0.7469895206524196,44145699.57635875,0.13347669939571474,1.1329,-0.09754620385861648,0.7134613366907905,814759.2423512,-0.9444816477851636,57.931760415009535,AKEUSDT_5m_limit500_20260717_211054_enriched_candles.csv,3.468681336985444,5m,1784241600000
0.3193,63.187283118699185,-1.312269553027879,0.0009598,1784242199999,0.00041147,0.3805,6888.0,-1.1789208075955964,46444874888.0,0.07925496976377566,-0.7231660533728729,44590795.48247104,0.21472444174719088,1.1326,-1.0371377282955223,-0.010417751849145507,435234.0061216,-1.229465237101834,57.86995215180907,AKEUSDT_5m_limit500_20260717_211054_enriched_candles.csv,14.496293404466321,5m,1784241900000
0.3193,70.31104057630758,1.2796044600634249,0.0009709,1784242799999,0.00041147,0.3805,40093.0,42.3077742626,46444874888.0,0.2450517752322856,7.492449641279007,44590795.48247104,30.220065676536652,1.1326,1.6754543983727064,1.1459527034066053,2818980.5498259,66.03783676149425,55.54068903668184,AKEUSDT_15m_limit500_20260717_211231_enriched_candles.csv,9.326148520752902,15m,1784241900000
0.3214,58.916888352212624,-1.7050563679898592,0.000955,1784242499999,0.00041147,0.3827,7525.0,-1.136111439680957,46477656720.0,0.0705822377152554,-0.7022628613948927,44618550.4512,0.21827315500199101,1.1322,-0.3786438900050118,-0.5001041883725743,443349.5848504,-1.2176679093179994,54.84516986644335,AKEUSDT_5m_limit500_20260717_211054_enriched_candles.csv,-7.2848005730507275,5m,1784242200000
0.3207,75.56062923885904,-0.06444252511481213,0.0009709,1784242799999,0.00041147,0.3818,25680.0,-0.015420093444429142,46484360683.0,0.014424055499162591,-0.6966963446108713,44315865.25713805,0.15952717557005966,1.1308,1.1702716488562188,1.664921465968594,1940396.9588539,-0.09386376421065405,61.94149206685712,AKEUSDT_5m_limit500_20260717_211054_enriched_candles.csv,11.961812574649391,5m,1784242500000
0.318,68.0846640550324,-0.7955738247188571,0.0009773,1784243099999,0.00041147,0.3818,18520.0,-0.4490593481994843,46371723721.0,-0.24231152229483577,-0.7561341177272147,45014887.08492354,0.28948220542969194,1.1278,-0.16760554146809767,0.6591822020805438,1260927.9782992,-0.6030732203610925,64.36881161496358,AKEUSDT_5m_limit500_20260717_211054_enriched_candles.csv,10.951019546640149,5m,1784242800000
0.318,73.31727104914921,1.3979073659598111,0.0009816,1784243699999,0.00041147,0.3818,66292.0,70.35455205701754,46371723721.0,-0.15750105297172023,7.473334161658615,45014887.08492354,30.532716320202695,1.1278,1.5710890687737935,1.1020702441034036,4860348.5323902,114.19110229887592,57.22005976928057,AKEUSDT_15m_limit500_20260717_211231_enriched_candles.csv,8.999853589731888,15m,1784242800000
0.318,75.76981100506474,2.3195649021853324,0.0010236,1784246399999,0.00041147,0.3818,245817.0,140.15344521928327,46371723721.0,0.1848241526256178,5.678006729639386,45014887.08492354,145.16027824627025,1.1278,7.069077407414301,5.427953445256972,18625507.631832,241.34112564006904,64.6864257195084,AKEUSDT_1h_limit500_20260717_211343_enriched_candles.csv,6.307209750914337,1h,1784242800000
0.3194,67.03448363728047,-0.8806661241816873,0.0009738,1784243399999,0.00041147,0.3848,13039.0,-0.7915099593690691,46387681416.0,0.034412555151086544,-0.7463068483467058,45330042.2797152,0.34279486111215257,1.128,-0.5661224635594007,-0.3581295405709506,874062.6321465,-0.897411142480903,62.03852462623087,AKEUSDT_5m_limit500_20260717_211054_enriched_candles.csv,-2.29766314120771,5m,1784243100000
0.3212,78.46595232040134,0.230505214615887,0.0009816,1784243699999,0.00041147,0.3881,34733.0,0.565070859406811,46508791254.0,0.26108189567377593,-0.6762285585084862,45278168.63741916,0.32295434754958796,1.1296,0.03191452324377819,0.800985828712264,2725357.9219445,0.49905549416295425,65.07314675340976,AKEUSDT_5m_limit500_20260717_211054_enriched_candles.csv,11.720398075097489,5m,1784243400000
0.324,67.032209658331,-0.8808861735909628,0.0009904,1784243999999,0.00041147,0.3953,17879.0,-0.48928060326112116,46412037793.0,-0.20803262865206618,-0.7294279430756974,45595185.9278432,0.3813011515527118,1.1277,0.1521975653966451,0.8964955175224221,1198468.8764813,-0.6526052230681106,68.16513154900784,AKEUSDT_5m_limit500_20260717_211054_enriched_candles.csv,2.4917946702778693,5m,1784243700000
0.324,68.18590707930613,1.1861050295316868,0.0009943,1784244599999,0.00041147,0.3953,44965.0,47.33511067973726,46412037793.0,0.08693675534374723,7.479612694450004,45595185.9278432,30.965672545190696,1.1277,1.993724195715779,1.2938060309698463,3065979.311821,71.58636832899644,59.19044151498022,AKEUSDT_15m_limit500_20260717_211231_enriched_candles.csv,6.951365325515371,15m,1784243700000
0.3257,66.34540049658425,-0.9342575664641279,0.0009908,1784244299999,0.00041147,0.3984,11769.0,-0.869666040620076,46503963206.0,0.19806372952204665,-0.6771997591706022,46025902.46424232,0.46108247222634496,1.1265,-1.0116150806903452,0.04038772213246222,780819.0184443,-0.9721653721007608,68.30249304077185,AKEUSDT_5m_limit500_20260717_211054_enriched_candles.csv,8.549430979166392,5m,1784244000000
0.3264,70.94675307797871,-0.4832250073867418,0.0009943,1784244599999,0.00041147,0.4004,15317.0,-0.6471960786263097,46569906964.0,0.14180244747719062,-0.6365088706831223,46076731.64925124,0.4725194372611963,1.1265,-0.5839969528676625,0.35324989907146165,1086691.4168954,-0.7374187176527314,69.54092290313412,AKEUSDT_5m_limit500_20260717_211054_enriched_candles.csv,10.72139287333808,5m,1784244300000
0.3282,75.28783526957503,-0.06472935600508424,0.000997,1784244899999,0.00041147,0.4027,16401.0,-0.5790281769847221,46573561238.0,0.007846856990334494,-0.6347573282063099,46336036.0756862,0.5238645422225785,1.1273,-0.6981685286426277,0.271547822588758,1234795.7862563,-0.621917801717449,70.49849372351957,AKEUSDT_5m_limit500_20260717_211054_enriched_candles.csv,7.135998707450264,5m,1784244600000
0.3282,78.78203205922046,1.6210014472440177,0.0010146,1784245499999,0.00041147,0.4027,62703.0,66.27907306478538,46573561238.0,0.348020584057096,7.516357328618298,46336036.0756862,31.5198177615945,1.1273,3.6632033174387613,2.0416373327969417,4939869.7562093,115.58856709496852,62.18831456829254,AKEUSDT_15m_limit500_20260717_211231_enriched_candles.csv,6.2431463655462585,15m,1784244600000
0.3307,80.37570577604718,0.4361806606288697,0.0010088,1784245199999,0.00041147,0.4065,24327.0,-0.0613862879996247,46641694293.0,0.14629127167626876,-0.5957483984017902,46505966.96260737,0.5475856390913636,1.1291,0.5728916128302523,1.1835506519558558,1955299.7944139,-0.07145087473305495,74.30102573908992,AKEUSDT_5m_limit500_20260717_211054_enriched_candles.csv,7.642198032946185,5m,1784244900000
0.3314,79.62567351713766,0.36203159622164294,0.0010146,1784245499999,0.00041147,0.4077,21975.0,-0.19774431140981408,46574794046.0,-0.14343442710236243,-0.6340170997992441,46972077.03921238,0.6331461615916741,1.1271,-0.2794978539019502,0.5749405233941296,1749774.1755391,-0.22713635095758056,75.94241429102107,AKEUSDT_5m_limit500_20260717_211054_enriched_candles.csv,4.0496886034946815,5m,1784245200000
0.333,84.73545479274463,0.8623561737556714,0.0010162,1784245799999,0.00041147,0.4116,21777.0,-0.1982710484222371,46576688793.0,0.004068181167116158,-0.6341436754249985,47274873.35800707,0.6923700575302042,1.1267,-0.8538385735418322,0.15769761482358202,1845283.9990216,-0.14569838704516744,76.39039671237431,AKEUSDT_5m_limit500_20260717_211054_enriched_candles.csv,10.770551480237145,5m,1784245500000
0.333,80.14960312024576,1.6743930369227447,0.0010236,1784246399999,0.00041147,0.4116,71857.0,76.03465628157268,46576688793.0,0.006715301378856786,7.518323380059575,47274873.35800707,32.19909265612686,1.1267,1.0837067194436432,0.8870490833825961,5759310.0314115,134.6845577929487,63.46957445187001,AKEUSDT_15m_limit500_20260717_211231_enriched_candles.csv,3.7468873624192303,15m,1784245500000
0.3353,76.44732992397513,0.03703232818860546,0.0010179,1784246099999,0.00041147,0.416,30077.0,0.356039113941933,46677456781.0,0.21634854389895875,-0.5772947476996899,47484976.7833113,0.7300332718578054,1.1241,-0.8327343393375555,0.16728990356227325,2299306.3421234,0.21577143707730562,76.88295193594932,AKEUSDT_5m_limit500_20260717_211054_enriched_candles.csv,-1.5859560294833825,5m,1784245800000
0.3353,80.72387593193521,0.45503133656741185,0.0010236,1784246399999,0.00041147,0.4142,20003.0,-0.31406374775283596,46573347612.0,-0.2230395059620638,-0.6392553502153152,47256578.62146804,0.6802449223003755,1.1227,-0.2761577690739993,0.559976422045394,1614719.6902665,-0.32508151440808347,78.50239934208855,AKEUSDT_5m_limit500_20260717_211054_enriched_candles.csv,3.31410984519969,5m,1784246100000
0.336,73.28570530405152,-0.29884702511970607,0.0010165,1784246699999,0.00032114,0.4152,27175.0,0.16538507075333786,46647004529.0,0.1581525073388157,-0.5981334786069226,47682568.0295438,0.7577373974042405,1.1239,-0.06410948752201537,-0.69363032434544,1991539.0416376,-0.024040047361831095,71.758997907657,AKEUSDT_5m_limit500_20260717_211054_enriched_candles.csv,0.5208232306845012,5m,1784246400000
0.336,77.5638749857362,1.5661105770373966,0.0010364,1784247299999,0.00032114,0.4152,100401.0,106.5340500845238,46647004529.0,0.15096765747453222,7.537187676408352,47682568.0295438,32.476397419246695,1.1239,1.8521208661205835,1.2504884720593967,7787490.6124429,182.11160220646178,65.27194387335207,AKEUSDT_15m_limit500_20260717_211231_enriched_candles.csv,5.4836185795688595,15m,1784246400000
0.336,72.07000606586357,2.0794796356769023,0.0008803,1784249999999,0.00032114,0.4152,867100.0,495.7986969161708,46647004529.0,0.5936393688021013,5.709798305127823,47682568.0295438,154.31943926957823,1.1239,19.535792669848444,-13.999609222352483,62491902.2597103,807.6438225753359,51.337553690481094,AKEUSDT_1h_limit500_20260717_211343_enriched_candles.csv,-1.8736697411693175,1h,1784246400000
0.336,68.01906399371067,2.0035125476612166,0.0008759,1784260799999,0.00032114,0.4152,1709896.0,323.2150132072183,46647004529.0,-0.2944817041526493,22.366940093638476,47682568.0295438,169.29554671281505,1.1239,7.728037292691955,-14.429464634622901,116305525.4465899,419.5942450478716,69.26905244864403,AKEUSDT_4h_limit500_20260717_211446_enriched_candles.csv,-1.0151564224727203,4h,1784246400000
0.3392,80.57058734482143,0.4503900960797597,0.0010452,1784246999999,0.00032114,0.4172,50429.0,1.6761507629680898,46768125621.0,0.25965459780958877,-0.527646283911865,47498176.06194381,0.7152423596748658,1.1225,2.9983368430695827,2.8234136743728433,4063094.149212,1.6074068493706544,79.44527433780316,AKEUSDT_5m_limit500_20260717_211054_enriched_candles.csv,10.849723003851523,5m,1784246700000
0.341,76.01252013832084,-0.019590780802824493,0.0010364,1784247299999,0.00032114,0.4239,22797.0,-0.14533168664515508,46560294685.0,-0.4443858573341619,-0.6491491401673076,48646195.886888,0.9202454771951488,1.1215,0.14900789468087208,-0.8419441255262172,1732857.4215933,-0.22746233795729978,72.8941750638681,AKEUSDT_5m_limit500_20260717_211054_enriched_candles.csv,-1.3948393067374327,5m,1784247000000
0.3417,71.48848398981325,-0.47776422901741744,0.0009999,1784247599999,0.00032114,0.4261,32611.0,0.5087255975399485,46572441432.0,0.026088209024832665,-0.6426460949787555,48239734.8352656,0.8420260513527279,1.1211,3.9248711055170005,-3.5218062524122073,2331310.9513918,0.24446635255260954,53.27223631477425,AKEUSDT_5m_limit500_20260717_211054_enriched_candles.csv,-10.600453949468331,5m,1784247300000
0.3417,75.6378796123038,1.4862610035870227,0.0009173,1784248199999,0.00032114,0.4261,262488.0,278.73741775217223,46572441432.0,-0.1598454129110194,7.509585781858167,48239734.8352656,32.894279651182714,1.1211,23.955249487337245,-11.491702045542262,19854035.7436744,464.3160228493114,43.677789378757396,AKEUSDT_15m_limit500_20260717_211231_enriched_candles.csv,-2.964716475536398,15m,1784247300000
0.3441,77.37816064812213,0.13771006468448632,0.000968,1784247899999,0.00032114,0.4249,90794.0,4.285039702444208,46508257090.0,-0.13781614196394232,-0.6832176806699671,47271457.5888469,0.6561525456365018,1.1193,3.3847956569343256,-3.190319031903188,7025472.7178856,3.940906146457062,42.50366730156802,AKEUSDT_5m_limit500_20260717_211054_enriched_candles.csv,-3.606446858398097,5m,1784247600000
0.3349,75.4747314509825,-0.07065926111069405,0.0009173,1784248199999,0.00032114,0.4077,139083.0,7.369291919295214,46734671376.0,0.48682599642866364,-0.5411425850088193,45173733.3520416,0.2626850330034491,1.1195,6.199499666414236,-5.237603305785122,10497252.074397,6.601182526668303,31.578080823626905,AKEUSDT_5m_limit500_20260717_211054_enriched_candles.csv,-0.839423347978063,5m,1784247900000
0.3353,70.54204869495419,-0.6020969726554988,0.000911,1784248499999,0.00032114,0.4004,137956.0,7.17014564844415,46725983748.0,-0.018589256635836993,-0.544679219955363,42940711.80457452,-0.16019515911883875,1.1317,-0.12312545269361773,-0.686798212144335,9731698.8697611,5.943880193541716,30.527973692564785,AKEUSDT_5m_limit500_20260717_211054_enriched_candles.csv,0.10823204094846037,5m,1784248200000
0.3353,67.03294394206607,1.130880396719609,0.0009135,1784249099999,0.00032114,0.4004,310735.0,328.5868021713836,46725983748.0,0.3296849194049267,7.539282635644281,42940711.80457452,28.894837543226505,1.1317,0.004307917742422209,-0.4142592390711908,20829481.8358379,485.9008294188634,43.186861360897375,AKEUSDT_15m_limit500_20260717_211231_enriched_candles.csv,-3.7487695511609993,15m,1784248200000
0.3419,64.33261222652901,-1.2823225455867786,0.000866,1784248799999,0.00032114,0.4112,100686.0,4.788956970773232,47126323210.0,0.856781237949078,-0.2786818258974956,42391070.2538592,-0.26283513069600223,1.1301,5.785938905910799,-4.939626783754115,6477393.3946403,3.413385130860916,24.309537074711272,AKEUSDT_5m_limit500_20260717_211054_enriched_candles.csv,-10.331231074395198,5m,1784248500000
0.3408,64.08929537453706,-1.287893817121099,0.0009135,1784249099999,0.00032114,0.4021,72093.0,2.9521966019190873,46856312970.0,-0.5729499388203996,-0.44204938143446987,40410758.5578468,-0.6364845867757831,1.1305,6.3916904423330845,5.484988452655881,4620389.5714365,1.9734343534543193,38.54059972570659,AKEUSDT_5m_limit500_20260717_211054_enriched_candles.csv,-2.64453046534584,5m,1784248800000
0.3373,73.91030619830845,-0.2221773436277168,0.0009415,1784249399999,0.00032114,0.3994,92459.0,4.2284770693537785,46774285931.0,-0.17506080568592264,-0.4989348481046486,42513148.4826859,-0.23771510751889446,1.1315,3.0307981228447662,3.0651340996168397,6833673.0007894,3.6488323336476616,45.093978229106185,AKEUSDT_5m_limit500_20260717_211054_enriched_candles.csv,1.8995417538065489,5m,1784249100000
0.3373,72.46838919429335,1.3509915129091616,0.0008803,1784249999999,0.00032114,0.3994,193476.0,204.07103312765122,46774285931.0,0.10337328211322827,7.555388189517737,42513148.4826859,28.5420957233553,1.1315,6.961598885232251,-3.6343732895457115,14020894.0677551,326.4953177698475,39.056486136107814,AKEUSDT_15m_limit500_20260717_211231_enriched_candles.csv,-1.629446758853367,15m,1784249100000
0.3337,74.96099636071817,-0.10723574526167529,0.0009233,1784249699999,0.00032114,0.4015,35785.0,0.6332846038918514,46699161130.0,-0.16061132629757724,-0.5518659608797746,43736099.3563015,-0.004114907769989688,1.1318,1.5223982643026037,-1.9330855018587223,2682479.2547683,0.4706645893103371,41.96191665755728,AKEUSDT_5m_limit500_20260717_211054_enriched_candles.csv,-8.108804619578992,5m,1784249400000
0.3326,69.05723896549853,-0.7386897163300198,0.0008803,1784249999999,0.00032114,0.3982,65232.0,2.4680635549995342,46739947741.0,0.08733906565572269,-0.5245686270784077,43301757.18517204,-0.08486796942038821,1.1333,5.117183439682095,-4.657207841438327,4504741.8121974,1.8510943933255903,35.65997318326538,AKEUSDT_5m_limit500_20260717_211054_enriched_candles.csv,-3.1245847166397387,5m,1784249700000
0.3389,60.37761472054457,-1.6533696303206504,0.0008573,1784250299999,0.00032114,0.4043,74370.0,2.98747703971641,46968791997.0,0.4896117070307682,-0.3656680104900528,41562684.0381453,-0.41425260666061514,1.1333,2.409954297084612,-2.6127456548903805,4490283.2067669,1.8358836785323418,32.820676477473384,AKEUSDT_5m_limit500_20260717_211054_enriched_candles.csv,-6.291294360675821,5m,1784250000000
0.3389,61.47277893606403,0.900415630710996,0.000922,1784250899999,0.00032114,0.4043,187583.0,197.67102745525904,46968791997.0,0.4158397335812358,7.608239730348089,41562684.0381453,27.79648791153292,1.1333,9.328192246211975,4.7370214699534285,11531248.2911637,268.13059181248644,46.03741574537808,AKEUSDT_15m_limit500_20260717_211231_enriched_candles.csv,-0.4303061302298271,15m,1784250000000
0.3389,61.432254324200784,1.4413779696656006,0.0008987,1784253599999,0.00032114,0.4043,406714.0,230.973617827265,46968791997.0,0.6898352236100136,5.750151524878107,41562684.0381453,132.70224149936854,1.1333,2.1369868280656985,2.0901965239123133,24985357.885213,320.114900182344,52.68764244631987,AKEUSDT_1h_limit500_20260717_211343_enriched_candles.csv,1.129069269694776,1h,1784250000000
0.3426,59.715778353611,-1.6592356448950014,0.0009155,1784250599999,0.00032114,0.4088,71670.0,2.797741048723501,47049683143.0,0.17222317747742633,-0.30790499298080864,40376156.08599688,-0.6317014421317471,1.1315,7.9080066019320014,6.78875539484427,4279829.8346033,1.6663731385916647,44.798104936331,AKEUSDT_5m_limit500_20260717_211054_enriched_candles.csv,6.595521536707633,5m,1784250300000
0.3342,66.46451266864455,-0.9433906214342196,0.000922,1784250899999,0.00032114,0.4006,41543.0,0.9346561922049099,46797772674.0,-0.5354137417554083,-0.4843014887304198,42810602.4421752,-0.16374234413156843,1.1339,-0.10124893553825796,0.7099945385035555,2761135.2497935,0.5206225767195596,45.95699569176679,AKEUSDT_5m_limit500_20260717_211054_enriched_candles.csv,-1.7891131049301,5m,1784250600000
0.3333,54.160601816975394,-2.1983005096498025,0.0009134,1784251199999,0.00032114,0.4,21702.0,-0.2787387032287948,46703053801.0,-0.20240038700094498,-0.5516528218279116,42881809.93900218,-0.14909206632604688,1.1349,0.19221538535076918,-0.9327548806941421,1175393.380632,-0.6726431046558669,44.62221649828668,AKEUSDT_5m_limit500_20260717_211054_enriched_candles.csv,0.9652222902854686,5m,1784250900000
0.3333,60.48234098041035,0.8570978390031436,0.0008931,1784251799999,0.00032114,0.4,93141.0,97.51715717025861,46703053801.0,-0.5657760923827304,7.534967913414226,42881809.93900218,28.777099103284254,1.1349,5.861115845312575,-3.134490238611709,5633385.7212564,130.24508952898958,42.41151412512856,AKEUSDT_15m_limit500_20260717_211231_enriched_candles.csv,-0.8015019361985056,15m,1784250900000
0.3337,65.00346669665778,-1.075063925697109,0.0009115,1784251499999,0.00032114,0.4004,33780.0,0.460332075052088,46690706125.0,-0.026438690824404087,-0.553577570277483,42648691.69575875,-0.19226718951357613,1.1362,-0.7640495540281151,-0.20801401357565252,2195817.1050131,0.09724600111079108,44.31597927256356,AKEUSDT_5m_limit500_20260717_211054_enriched_candles.csv,-3.434169915415166,5m,1784251200000
0.3355,60.069976250333255,-1.5510648239331277,0.0008931,1784251799999,0.00032114,0.4023,37659.0,0.6941851068006147,46761107314.0,0.15078201818476966,-0.5020183756108174,42607318.15129738,-0.2005904766800122,1.1359,1.6229776346906846,-2.0186505759736684,2262175.2356113,0.1450610116846088,41.35596435033231,AKEUSDT_5m_limit500_20260717_211054_enriched_candles.csv,0.835975727361804,5m,1784251500000
0.3351,67.29376543335064,-0.802682267157057,0.0009115,1784252099999,0.00032114,0.4017,30809.0,0.2740532744364292,46686844359.0,-0.15881350820314832,-0.5551950098166558,41596110.85009464,-0.3961541407206386,1.1334,1.6766270076682168,2.060239614824777,2073253.6192361,0.000894321286305236,45.29123954672716,AKEUSDT_5m_limit500_20260717_211054_enriched_candles.csv,8.151858192784543,5m,1784251800000
0.3351,63.35306236433057,0.9708850860009458,0.0009018,1784252699999,0.00032114,0.4017,65137.0,67.80469181651017,46686844359.0,-0.034707456324090113,7.524395768459128,41596110.85009464,27.797830589113897,1.1334,1.204718751529546,0.9741350352704181,4126628.4232254,94.94962441817688,43.84534180687971,AKEUSDT_15m_limit500_20260717_211231_enriched_candles.csv,9.234287691862447,15m,1784251800000
0.3337,60.687845626123966,-1.4459373847933603,0.0009013,1784252399999,0.00032114,0.4011,19618.0,-0.4067844430891562,46775612838.0,0.19013595846704145,-0.49180653784061784,42592469.78189766,-0.19973435218970964,1.1359,0.4370519612738576,-1.1190345584201844,1190574.1554933,-0.6644212562914209,43.546728109498964,AKEUSDT_5m_limit500_20260717_211054_enriched_candles.csv,8.391516072890456,5m,1784252100000
0.3342,58.65402097185588,-1.630763019930587,0.0009018,1784252699999,0.00032114,0.4013,14710.0,-0.7050820263074843,46747576247.0,-0.05993847926076823,-0.5161097088204526,42198569.60240443,-0.27205148544616153,1.1368,-0.9642496196945177,0.05547542438699704,862800.648496,-0.9121075098260363,43.66128496068847,AKEUSDT_5m_limit500_20260717_211054_enriched_candles.csv,12.998231298909364,5m,1784252400000
0.3362,51.48190971397798,-2.3301468273347137,0.0009013,1784252999999,0.00032114,0.4025,16619.0,-0.588757020397324,46798368699.0,0.10865258924148691,-0.48250855181905367,42252375.16357914,-0.2621971617203681,1.1386,-0.9625548469371957,-0.0554446662231145,855577.8575366,-0.9151244697926582,43.56607878815893,AKEUSDT_5m_limit500_20260717_211054_enriched_candles.csv,-5.5033278786771085,5m,1784252700000
0.3362,60.70523145231131,0.8625290837691778,0.0008987,1784253599999,0.00032114,0.4025,60853.0,62.78462701611025,46798368699.0,0.2388774429525231,7.554159486394515,42252375.16357914,28.277541931171328,1.1386,-0.15123394577315272,-0.34375693058328327,3694095.4495675,84.42019700357926,43.43040467453588,AKEUSDT_15m_limit500_20260717_211231_enriched_candles.csv,-0.11346157424792114,15m,1784252700000
0.3374,65.61783132149088,-0.9496246818873872,0.0008913,1784253299999,0.00032114,0.4041,20632.0,-0.343205425224327,46746271265.0,-0.11132318379531991,-0.5286697613187381,42113715.7826385,-0.2900453805719141,1.1382,0.42339709153457655,-1.1095084877399186,1353827.095825,-0.5387637496320649,41.6117430227113,AKEUSDT_5m_limit500_20260717_211054_enriched_candles.csv,-5.038723659835638,5m,1784253000000
0.336,62.905283289801716,-1.1938563874082897,0.0008987,1784253599999,0.00032114,0.4035,23602.0,-0.1584338867367413,46818123532.0,0.15370694828829023,-0.47207043861344816,41732738.95395416,-0.3649092203048815,1.1377,0.05702982790208731,0.8302479524290307,1484690.4962059,-0.43986229854114,43.627035054250214,AKEUSDT_5m_limit500_20260717_211054_enriched_candles.csv,7.483679755534118,5m,1784253300000
0.3374,61.909067306721795,-1.2789447996545473,0.0008907,1784253899999,0.00032114,0.4029,40153.0,0.8693588517804699,46680451886.0,-0.2940563089973147,-0.5800166607362938,41879367.4095249,-0.33491715568779973,1.1387,0.1348040130357584,-0.8901746967842405,2485834.7795668,0.31973563134353417,41.94164328079808,AKEUSDT_5m_limit500_20260717_211054_enriched_candles.csv,1.5814812711265855,5m,1784253600000
0.3374,66.01481913223479,1.0775978484431739,0.0009023,1784254499999,0.00032114,0.4029,79712.0,81.89386411440678,46680451886.0,-0.25196778494229743,7.526360145961935,41879367.4095249,27.98343736494126,1.1387,-0.028061883711075333,0.40057861355291546,5262173.2626687,119.91480186031781,44.092099163564804,AKEUSDT_15m_limit500_20260717_211231_enriched_candles.csv,-0.6968631838455016,15m,1784253600000
0.3374,67.87394588111643,1.8085438434112382,0.0008902,1784257199999,0.00032114,0.4029,260062.0,147.09297575909474,46680451886.0,-0.6138972256693687,5.704214311592274,41879367.4095249,133.08807021926899,1.1387,0.4685939476965343,-0.9458106153332646,17651434.1137349,224.8869703206241,51.97032791983019,AKEUSDT_1h_limit500_20260717_211343_enriched_candles.csv,-2.0788285105785045,1h,1784253600000
0.3401,60.29090034021964,-1.4338613281575103,0.0008906,1784254199999,0.00032114,0.4081,17847.0,-0.512457190238953,46722367699.0,0.08979307463081732,-0.5501345952148021,41704385.4081274,-0.3608979075150617,1.1381,-1.026617286910632,-0.011227124733359517,1076011.6983719,-0.7517398107797957,41.919843129079155,AKEUSDT_5m_limit500_20260717_211054_enriched_candles.csv,5.344184546516429,5m,1784253900000
0.3394,78.31276643008475,0.30381203962149494,0.0009023,1784254499999,0.00032114,0.4081,21712.0,-0.27218533688968427,46774196773.0,0.11092989621994676,-0.5120263380936007,41643067.3870019,-0.36998802340689985,1.1364,0.6924901331614872,1.3137210869077043,1700326.78473,-0.2762253832808742,45.48979556486798,AKEUSDT_5m_limit500_20260717_211054_enriched_candles.csv,-7.8506797463639755,5m,1784254200000
0.3403,74.5587455610375,-0.06278723594138448,0.0009235,1784254799999,0.00032114,0.4081,26487.0,0.03511197691015953,46684008916.0,-0.19281540512109396,-0.5785368010785751,42057623.6324244,-0.28552644426571844,1.1443,2.049339222354917,2.349551147068607,1974837.4936752,-0.06735721084945018,51.327630618997,AKEUSDT_5m_limit500_20260717_211054_enriched_candles.csv,15.838640008130398,5m,1784254500000
0.3403,68.08075038596944,1.161562202247534,0.0009178,1784255399999,0.00032114,0.4081,55935.0,57.09451966096153,46684008916.0,0.007619956226401214,7.529750942608545,42057623.6324244,28.106397995739485,1.1443,2.8101305255157065,1.7178322065831697,3808096.7728392,86.18134984740678,46.9683293204188,AKEUSDT_15m_limit500_20260717_211231_enriched_candles.csv,8.436531092120056,15m,1784254500000
0.3605,64.70147976805063,-1.0051254613380436,0.000928,1784255099999,0.00032114,0.4057,15487.0,-0.6638649114621942,46721833984.0,0.08102360718005297,-0.5433753840188099,43129859.38731008,-0.06511716250349912,1.1439,-0.3994048710020792,0.48727666486194643,1002031.8171678,-0.8105927965695828,52.490721839107955,AKEUSDT_5m_limit500_20260717_211054_enriched_candles.csv,6.44808225731021,5m,1784254800000
0.3581,59.53924948042404,-1.48860004829176,0.0009178,1784255399999,0.00032114,0.4043,13961.0,-0.7532935169839492,46807141522.0,0.18258602183556238,-0.4757471907491947,43404262.3333506,-0.006774083481417459,1.1443,0.40761431084647926,-1.0991379310344884,831227.4619962,-0.9403650802787633,49.597615304965686,AKEUSDT_5m_limit500_20260717_211054_enriched_candles.csv,-6.75241994421217,5m,1784255100000
0.3604,67.9134599063619,-0.6744094372963328,0.0009064,1784255699999,0.00032114,0.4073,17762.0,-0.5110177986387783,46779868387.0,-0.05826703813387457,-0.5000556708764292,43016427.97526585,-0.08440295149961434,1.143,0.5873515290482474,-1.2421006755284347,1206278.8748568,-0.6498017281530518,46.5120367894768,AKEUSDT_5m_limit500_20260717_211054_enriched_candles.csv,-7.009577469723805,5m,1784255400000
0.3604,75.14171567862073,1.4487351819568028,0.0008874,1784256299999,0.00032114,0.4073,63744.0,65.09706757680492,46779868387.0,0.20533684494081772,7.5563265540870646,43016427.97526585,28.815287070985175,1.143,6.230214952827209,-3.3122684680758296,4789833.524218,108.01656151133426,42.3648835150956,AKEUSDT_15m_limit500_20260717_211231_enriched_candles.csv,-14.4420261921929,15m,1784255400000
0.3624,77.34115168798033,0.23025813041011176,0.0009028,1784255999999,0.00032114,0.4086,16681.0,-0.5798166395417995,46788063501.0,0.01751846313933214,-0.4921168531426228,42572926.86019491,-0.17459762099596254,1.1434,-0.5312016853727008,-0.39717563989408733,1290127.7513072,-0.5854746774589602,45.548361120080536,AKEUSDT_5m_limit500_20260717_211054_enriched_candles.csv,-18.536825118030865,5m,1784255700000
0.362,78.2712841900959,0.31681357378221137,0.0008874,1784256299999,0.00032114,0.4085,29301.0,0.23205010781472685,46737796817.0,-0.10743484606693388,-0.5337442236396043,42181329.00531067,-0.25500412926745714,1.1423,1.21311810727553,-1.705804164820568,2293426.898054,0.19140391955866162,41.57965182738887,AKEUSDT_5m_limit500_20260717_211054_enriched_candles.csv,-16.04782934870481,5m,1784256000000
0.3644,59.91253037473168,-1.4527725006635066,0.0008801,1784256599999,0.00032114,0.4096,19752.0,-0.3828497438597744,46730430235.0,-0.015761508889355902,-0.5396978590521774,41515314.220774,-0.3933554933665508,1.1455,0.028469577992814923,-0.8226279017354066,1183392.2999617,-0.670091011891848,39.8089552977651,AKEUSDT_5m_limit500_20260717_211054_enriched_candles.csv,-6.069109935498534,5m,1784256300000
0.3644,62.48999611031629,0.9299238786353334,0.0008902,1784257199999,0.00032114,0.4096,60671.0,61.81667523945553,46730430235.0,-0.10568253760572244,7.54334896626865,41515314.220774,27.675187805720313,1.1455,-0.21178650753744552,0.3155285102546701,3791330.554009,85.3137294107209,42.91980621705476,AKEUSDT_15m_limit500_20260717_211231_enriched_candles.csv,1.0604416194807125,15m,1784256300000
0.3659,65.67913597886331,-0.8883273934145294,0.0008853,1784256899999,0.00032114,0.4116,26234.0,0.03567911023584455,46747164884.0,0.03581103130410046,-0.5249839399995325,41134700.26802696,-0.4726852979632146,1.1457,-0.27737225777107344,0.5908419497784312,1723026.4532695,-0.25169934845827513,41.71309772317281,AKEUSDT_5m_limit500_20260717_211054_enriched_candles.csv,5.680537426641054,5m,1784256600000
0.3652,60.25957104377256,-1.40158190002756,0.0008902,1784257199999,0.00032114,0.4077,14685.0,-0.7084021042351093,46650307962.0,-0.20719314687926982,-0.6082398675126617,41318177.7619434,-0.44158923511547554,1.1483,-0.32729755970469415,0.553484694453843,884911.8007778,-0.9019891368796485,43.526077345636786,AKEUSDT_5m_limit500_20260717_211054_enriched_candles.csv,1.5989236688180217,5m,1784256900000
0.3661,68.85944779409363,-0.5755369696854249,0.0009016,1784257499999,0.00032114,0.4092,22772.0,-0.18728312737515515,46684252588.0,0.07276399124234167,-0.5788599696594559,41587265.89044216,-0.3900564856767199,1.1458,0.6497628508400283,1.280611098629536,1568067.3451671,-0.36073515671746575,47.6090081783192,AKEUSDT_5m_limit500_20260717_211054_enriched_candles.csv,5.8153971736579,5m,1784257200000
0.3661,65.95561547159745,1.0688506050956217,0.0008799,1784258099999,0.00032114,0.4092,59044.0,59.94811268845566,46684252588.0,-0.09881708079249041,7.531191968420624,41587265.89044216,27.71608184333822,1.1458,1.59785503855925,-1.1570433610424646,3894283.359905,87.63194630498184,41.34288508188913,AKEUSDT_15m_limit500_20260717_211231_enriched_candles.csv,-2.855400871623078,15m,1784257200000
0.3661,63.49750703290365,1.5519030571747634,0.0008759,1784260799999,0.00032114,0.4092,176020.0,99.05135696365173,46684252588.0,0.00814195631455572,5.713431401280751,41587265.89044216,131.3522599041879,1.1458,1.427535697103271,-1.6063805886317617,11176831.1879317,141.98606618912234,50.71927496901696,AKEUSDT_1h_limit500_20260717_211343_enriched_candles.csv,0.6714774328678744,1h,1784257200000
0.3631,72.66068812563933,-0.20650362093853386,0.0009046,1784257799999,0.00032114,0.4073,12083.0,-0.8726529433002007,46717397099.0,0.07099719747578614,-0.5456323310003639,42111061.7450386,-0.2747134988320534,1.1472,-0.6252393506371289,0.3327417923691067,877959.0946221,-0.9099644651141577,48.66090552371954,AKEUSDT_5m_limit500_20260717_211054_enriched_candles.csv,-5.588607355587492,5m,1784257500000
0.3633,59.87254206936211,-1.4139634780081916,0.0008799,1784258099999,0.00032114,0.4083,24189.0,-0.08820349554082411,46817294326.0,0.2138330326672655,-0.4488216926276487,42369651.36503,-0.21823794527761398,1.1472,2.5954260194023813,-2.7304886137519357,1448256.9201158,-0.45518895999804276,41.307248245212044,AKEUSDT_5m_limit500_20260717_211054_enriched_candles.csv,-10.586592503265289,5m,1784257800000
0.3635,64.55061254603503,-0.9629679437758225,0.0008803,1784258399999,0.00032114,0.4073,18386.0,-0.4516202744029453,46898524795.0,0.17350526161203916,-0.37110025172919087,41256163.27691355,-0.4609451921607269,1.1455,-1.0088428732806471,0.04545971133083082,1186827.5622714,-0.6611519936170211,41.46152919142116,AKEUSDT_5m_limit500_20260717_211054_enriched_candles.csv,6.605258701185552,5m,1784258100000
0.3635,59.497903208133444,0.8037634230905154,0.0008776,1784258999999,0.00032114,0.4073,38397.0,38.62471478991597,46898524795.0,0.45898176605931873,7.582117749749742,41256163.27691355,27.45155094984744,1.1455,-0.3279114338735442,-0.2613933401522939,2284540.9894827,50.912252020661505,40.98080221783994,AKEUSDT_15m_limit500_20260717_211231_enriched_candles.csv,3.6344657544227874,15m,1784258100000
0.3631,53.63001467803342,-1.9883092283250634,0.0008794,1784258699999,0.00032114,0.4065,11909.0,-0.8638444544057378,47009649946.0,0.23694807349643465,-0.26557215418250785,41396697.7424476,-0.4268133804199252,1.1479,-0.9263952929214422,-0.10223787345222668,638679.8448007,-1.1047369073146847,41.199117646164964,AKEUSDT_5m_limit500_20260717_211054_enriched_candles.csv,0.6950031217730391,5m,1784258400000
0.3644,56.65682330419649,-1.6998238654646223,0.0008776,1784258999999,0.00032114,0.4075,8102.0,-1.1128183682013006,47042571414.0,0.07003129790972284,-0.2276819527335597,41393699.43860688,-0.4249749150439714,1.1468,-0.7749010494722026,-0.204685012508532,459033.5824106,-1.2500173131009955,40.6450535580675,AKEUSDT_5m_limit500_20260717_211054_enriched_candles.csv,0.04334851122548707,5m,1784258700000
0.3635,70.70821430991073,-0.37567591531144273,0.000873,1784259299999,0.00032114,0.4065,20049.0,-0.30865572240420885,47082348043.0,0.08455453816489378,-0.18160024940078212,41286981.82238713,-0.44693021756015494,1.1467,-0.3483685997113044,-0.5241567912488643,1417628.9886994,-0.4672955679475861,39.194392237044525,AKEUSDT_5m_limit500_20260717_211054_enriched_candles.csv,-4.019324677402052,5m,1784259000000
0.3635,65.03738579907797,1.0252827338132433,0.0008879,1784259899999,0.00032114,0.4065,52493.0,53.110661596946564,47082348043.0,0.39195955267998794,7.625366305910046,41286981.82238713,27.458483032877645,1.1467,1.6335603826303493,1.1736554238833241,3414007.492751,76.22427035255018,43.37261810683532,AKEUSDT_15m_limit500_20260717_211231_enriched_candles.csv,3.268833709327174,15m,1784259000000
0.3635,62.137502822215815,-1.165876492809884,0.0008709,1784259599999,0.00032114,0.4035,15597.0,-0.6041532777167947,47012588132.0,-0.1481657434252992,-0.2383239930504311,41020833.7745766,-0.514837379938123,1.1467,-0.7224471159515434,-0.2405498281786933,969158.6315181,-0.8311941756620089,38.518505527707205,AKEUSDT_5m_limit500_20260717_211054_enriched_candles.csv,0.12927171112715222,5m,1784259300000
0.3613,60.97345952000356,-1.2612747763169703,0.0008879,1784259899999,0.00032114,0.4017,16847.0,-0.5225739468613732,47006566285.0,-0.012809009755199163,-0.23406638662747165,40909814.6378355,-0.546909421387635,1.1473,1.5378150665169743,1.952003674359859,1027219.8725335,-0.7788710915213474,46.553467350562485,AKEUSDT_5m_limit500_20260717_211054_enriched_candles.csv,16.28906294225176,5m,1784259600000
0.3615,59.20101244104706,-1.433463801225625,0.0008759,1784260199999,0.00032114,0.401,9455.0,-1.0306813523022462,46984906992.0,-0.04607716477029733,-0.24178125157694094,41651180.35026816,-0.3687918969297056,1.1471,0.7438443359050454,-1.3515035476968085,559745.5726301,-1.1611077004131087,42.346457796887535,AKEUSDT_5m_limit500_20260717_211054_enriched_candles.csv,-6.608739420748512,5m,1784259900000
0.3615,60.7222014027831,0.8498032097819614,0.0008759,1784260799999,0.00032114,0.401,26086.0,25.877889135480185,46984906992.0,-0.20695877552879827,7.600819629940446,41651180.35026816,27.702433367403643,1.1471,2.0104753728907236,-1.3515035476968085,1583999.345793,34.59765591614113,41.27397105971173,AKEUSDT_15m_limit500_20260717_211231_enriched_candles.csv,-0.5291534718029622,15m,1784259900000
0.362,64.5289534052647,-0.9072344736544651,0.0008801,1784260499999,0.00032114,0.4017,10238.0,-0.9765576233414983,47012348337.0,0.05840459576662571,-0.19524102227004952,41215725.7870479,-0.47192699360842777,1.1478,-0.40592492541097674,0.479506793012896,660647.4249631,-1.0805136833433364,44.24558246885521,AKEUSDT_5m_limit500_20260717_211054_enriched_candles.csv,0.18202510105404587,5m,1784260200000
0.362,56.87569970276866,-1.6190057653834993,0.0008759,1784260799999,0.00032114,0.4029,6393.0,-1.2326763683436455,46988909302.0,-0.04985718822634322,-0.20326186945572097,41373734.640411,-0.43096386002771814,1.1479,-0.4080139785508845,-0.4772184978979688,363606.3481998,-1.3159248622070159,42.72977928998121,AKEUSDT_5m_limit500_20260717_211054_enriched_candles.csv,7.5377657115985,5m,1784260500000
0.362,60.249781910962795,-1.3041045624699197,0.0008859,1784261099999,0.00023372,0.4027,10563.0,-0.9406820253276209,46983698411.0,-0.011089618970527848,-0.1932519063187156,41148792.90533791,-0.48739117033934803,1.1471,0.4682852976891182,1.141682840506908,636418.4463255,-1.0874528208274634,47.35434371272673,AKEUSDT_5m_limit500_20260717_211054_enriched_candles.csv,11.41793486716986,5m,1784260800000
0.362,65.64080577527837,1.0474734443126579,0.0008885,1784261699999,0.00023372,0.4027,43917.0,44.14366021347032,46983698411.0,-0.0025722749652512533,7.600421534550004,41148792.90533791,27.30914631098392,1.1471,2.195681535942819,1.4385203790387102,2882747.2672329,63.00363252979477,44.32041864188566,AKEUSDT_15m_limit500_20260717_211231_enriched_candles.csv,5.285943102517172,15m,1784260800000
0.362,73.15306442780323,2.104067550239056,0.0008747,1784264399999,0.00023372,0.4027,216723.0,121.63988676019764,46983698411.0,0.6414279042714632,5.772715900929417,41148792.90533791,128.8060248694749,1.1471,-0.7081269583349501,-0.13700194086083695,15853951.5819868,201.18549749243064,50.609176976282505,AKEUSDT_1h_limit500_20260717_211343_enriched_candles.csv,-3.387488445257991,1h,1784260800000
0.362,82.44477339070293,2.9568400715817975,0.0010308,1784275199999,0.00023372,0.4027,1364828.0,256.3531756131586,46983698411.0,0.721791003301564,22.071374808143137,41148792.90533791,137.6167669374035,1.1471,9.660951472492965,17.684667199451987,112522935.1772863,404.41839445614323,74.24878045069497,AKEUSDT_4h_limit500_20260717_211446_enriched_candles.csv,2.0781957403060543,4h,1784260800000
0.3609,70.81951149465101,-0.3026843455851272,0.0008886,1784261399999,0.00023372,0.4015,22565.0,-0.12216185456446169,47024642316.0,0.08714491703449845,-0.1360768814457557,41673238.0204392,-0.35890051606238316,1.1492,-0.6375229809926207,0.30477480528277034,1598042.2768768,-0.29770952964395164,48.56208464082324,AKEUSDT_5m_limit500_20260717_211054_enriched_candles.csv,5.704584711223391,5m,1784261100000
0.3624,60.08773232279173,-1.3136214382211004,0.0008885,1784261699999,0.00023372,0.4035,10789.0,-0.9271237928216063,46906667065.0,-0.25087963499481614,-0.24839385621643278,41676573.6872525,-0.3559665662030321,1.1482,-1.0308322341079326,-0.011253657438670128,648286.5440306,-1.0677432253276684,48.51768982354267,AKEUSDT_5m_limit500_20260717_211054_enriched_candles.csv,-1.7657529467185173,5m,1784261400000
0.362,66.65236874443832,-0.6896146415040927,0.000887,1784261999999,0.00023372,0.4041,12685.0,-0.7940791635480935,46905187404.0,-0.0031544790806581346,-0.24596312194289793,41661187.4522328,-0.3595071416042941,1.1484,-0.8171747800012698,-0.16882386043893804,845485.2975232,-0.9048359530884839,47.81162528360595,AKEUSDT_5m_limit500_20260717_211054_enriched_candles.csv,0.4447747827923409,5m,1784261700000
0.362,62.78685106087091,0.9307191122954872,0.0008861,1784262599999,0.00023372,0.4041,35664.0,35.50626458958334,46905187404.0,-0.16710265401673752,7.571216334226064,41661187.4522328,27.6572462571522,1.1484,-0.3093946315458503,-0.2701181767023053,2239230.2562349,48.67758803031784,43.85376427637398,AKEUSDT_15m_limit500_20260717_211231_enriched_candles.csv,1.4082085218748428,15m,1784261700000
0.3624,59.41652273061956,-1.3864667828337975,0.000894,1784262299999,0.00023372,0.4047,11153.0,-0.895015617884131,46882739913.0,-0.0478571608863998,-0.26711693504727013,41589209.74942317,-0.37723737715313066,1.1477,0.003054610910699121,0.7891770011273946,662672.4780146,-1.0526621518689245,51.36838436747456,AKEUSDT_5m_limit500_20260717_211054_enriched_candles.csv,9.953605990793356,5m,1784262000000
0.3648,61.81908343455945,-1.1451941431888204,0.0008861,1784262599999,0.00023372,0.4069,11826.0,-0.8473574653826789,46907874445.0,0.053611482704818414,-0.23935522491722466,41940330.5412745,-0.2857289093348362,1.148,0.1279858280414386,-0.8836689038031365,731072.4806971,-0.9888197835733553,47.43895467342775,AKEUSDT_5m_limit500_20260717_211054_enriched_candles.csv,-5.22346040675574,5m,1784262300000
0.3639,75.10576743934017,0.1259893696885089,0.0008603,1784262899999,0.00023372,0.4063,28068.0,0.25723620158530447,46973763293.0,0.14046436505508186,-0.16702372544380173,41555809.43478538,-0.3814671634377932,1.1468,2.823817244561473,-2.9116352556144864,2108068.6804874,0.13290475981052033,37.381873093903494,AKEUSDT_5m_limit500_20260717_211054_enriched_candles.csv,-15.028153932980631,5m,1784262600000
0.3639,82.50114417416346,1.7231142438899372,0.0008567,1784263499999,0.00023372,0.4063,84992.0,85.65510391654078,46973763293.0,0.14620107667271398,7.578903101025039,41555809.43478538,27.54354444464317,1.1468,6.2249681186436945,-3.3179099424444303,7011937.2456505,153.85255320150236,38.50526039037031,AKEUSDT_15m_limit500_20260717_211231_enriched_candles.csv,-10.707385624442349,15m,1784262600000
0.3665,88.01726404938705,1.3601151520274168,0.000859,1784263199999,0.00023372,0.4083,37034.0,0.8648819724823765,46944492855.0,-0.062312312125012426,-0.20020540531727724,40638439.12978785,-0.6141223500495746,1.1423,-0.8407125286859822,-0.15111007787982356,3259631.356805,1.0696188858698217,36.95672651558165,AKEUSDT_5m_limit500_20260717_211054_enriched_candles.csv,-8.010122957778991,5m,1784262900000
0.3592,82.66652631262443,0.8371569967199772,0.0008567,1784263499999,0.00023372,0.3949,19890.0,-0.2996305302886061,46680130912.0,-0.5631372860210648,-0.4936895687337921,39975463.70910944,-0.7859439414870517,1.1447,-0.6852007362867563,-0.2677532013969697,1644237.2083581,-0.24651635019782359,36.172882028139526,AKEUSDT_5m_limit500_20260717_211054_enriched_candles.csv,-10.514959386021014,5m,1784263200000
0.3613,73.14065295753652,-0.0674391799244166,0.0008647,1784263799999,0.00023372,0.3961,19923.0,-0.29737322512588116,46760671364.0,0.17253690258887122,-0.40442959507258597,40041162.8889932,-0.7678195841176157,1.1431,0.19361324539681016,0.9338158048325162,1457181.228873,-0.3977122006774015,40.87059778020614,AKEUSDT_5m_limit500_20260717_211054_enriched_candles.csv,4.677479439404748,5m,1784263500000
0.3613,71.3334000550048,1.2690652763273957,0.0008747,1784264399999,0.00023372,0.3961,52150.0,51.95447475056391,46760671364.0,-0.4536403176190751,7.521098718483754,40041162.8889932,26.409491726775244,1.1431,3.6139592496582256,2.101085560873117,3720036.8128685,80.87684351385347,43.08228017225272,AKEUSDT_15m_limit500_20260717_211231_enriched_candles.csv,0.801899888407212,15m,1784263500000
0.3617,72.83731774011774,-0.0919563550707199,0.0008705,1784264099999,0.00023372,0.3965,16818.0,-0.5092974420352191,46640370244.0,-0.25726987335904505,-0.5375490129459642,40301011.12043552,-0.6995644209329984,1.1437,-0.15328779993069824,0.6707528622643677,1224978.0097533,-0.591562469371959,44.083826457175356,AKEUSDT_5m_limit500_20260717_211054_enriched_candles.csv,0.8329520332821965,5m,1784263800000
0.3618,67.35528420028555,-0.6157720645156628,0.0008747,1784264399999,0.00023372,0.397,15409.0,-0.6077657372395701,46540377010.0,-0.21439202449912154,-0.6513224299991803,40452895.697092,-0.6575440343433543,1.1421,-0.4024601648183968,0.48248133256749703,1037877.5742422,-0.7449442776848477,46.35712348522596,AKEUSDT_5m_limit500_20260717_211054_enriched_candles.csv,-4.676067945608634,5m,1784264100000
0.3624,69.22644358660847,-0.4393611167885498,0.0008611,1784264699999,0.00023372,0.3982,16264.0,-0.5509370634871795,46459933361.0,-0.17284700762676408,-0.7445346306865562,40659875.28021276,-0.6066349878752404,1.14,1.0205696375843434,-1.5548187950154335,1125898.8784926,-0.6693614915534657,40.601003835954145,AKEUSDT_5m_limit500_20260717_211054_enriched_candles.csv,-11.122981421499222,5m,1784264400000
0.3624,72.97042330527384,1.3320060678079833,0.0008823,1784265299999,0.00023372,0.3982,55709.0,55.31118864558384,46459933361.0,-0.6431430392839332,7.441445284542538,40659875.28021276,26.867016193552637,1.14,0.9673984894225921,0.868869326626287,4065109.3119135,88.04675121571384,44.9454971728037,AKEUSDT_15m_limit500_20260717_211231_enriched_candles.csv,2.3472994398122187,15m,1784264400000
0.3624,78.96253561199552,2.4335410863979874,0.000882,1784267999999,0.00023372,0.3982,220949.0,123.41299817322175,46459933361.0,-1.1147803764153474,5.675967631172884,40659875.28021276,126.12668405382377,1.14,0.3049225973319535,0.8345718532068114,17446693.2809348,220.6772414806145,51.3017192539896,AKEUSDT_1h_limit500_20260717_211343_enriched_candles.csv,7.410493179767337,1h,1784264400000
0.363,72.6384517490661,-0.11012111764972012,0.0008798,1784264999999,0.00023372,0.3974,28376.0,0.291092635336302,46386292428.0,-0.15850417267669892,-0.8004834798503371,39929320.5220224,-0.7957901628071943,1.1405,1.8309289056060165,2.171640924399032,2061188.7068315,0.09969355252906871,49.826237666872416,AKEUSDT_5m_limit500_20260717_211054_enriched_candles.csv,7.839744598819494,5m,1784264700000
0.3604,79.32258800157196,0.5366798267083486,0.0008823,1784265299999,0.00023372,0.3939,11069.0,-0.9243501999843782,46294330914.0,-0.19825148591632313,-0.8874751932939151,40715864.038863,-0.5888538004261445,1.1385,-0.6635516127779254,0.2841554898840748,878021.7265894,-0.878447443955958,50.9236099145489,AKEUSDT_5m_limit500_20260717_211054_enriched_candles.csv,6.726699246956086,5m,1784265000000
0.3618,75.53929043001742,0.17050103634219538,0.0008819,1784265599999,0.00023372,0.3961,13782.0,-0.7282729123776731,46279978182.0,-0.031003217276570627,-0.8997462745270949,40842080.745615,-0.5554953932586458,1.1365,-0.9804490613003934,-0.04533605349654746,1041082.5007065,-0.7412127251579289,50.732418872574335,AKEUSDT_5m_limit500_20260717_211054_enriched_candles.csv,15.511898892365242,5m,1784265300000
0.3618,75.08484457525627,1.4135364903753518,0.0008843,1784266199999,0.00023372,0.3961,35411.0,34.78994924420344,46279978182.0,-0.3873341306835809,7.39752852316957,40842080.745615,26.98321641398086,1.1365,-0.4045102616918255,0.22668026748271508,2658829.4312544,56.860816484732794,45.45155414526365,AKEUSDT_15m_limit500_20260717_211231_enriched_candles.csv,12.41216848943567,15m,1784265300000
0.3613,77.0150836884667,0.31336936203886234,0.00088,1784265899999,0.00023372,0.3949,13396.0,-0.7496414243383792,46234775864.0,-0.09767143325400962,-0.931999677934413,40829930.5654984,-0.5559786165513665,1.1361,-0.7542066806178791,-0.2154439278829745,1031694.0610907,-0.7462714593612663,49.776435272805266,AKEUSDT_5m_limit500_20260717_211054_enriched_candles.csv,8.179790805220208,5m,1784265600000
0.3622,71.18339237910847,-0.25251608593460706,0.0008843,1784266199999,0.00023372,0.397,8233.0,-1.1047127042300575,46234948954.0,0.0003743718808291163,-0.9205347904390698,40737613.5233694,-0.5822399304381348,1.1349,-0.3929408953198812,0.4886363636363633,586052.8694572,-1.0912415522511933,51.98175078150529,AKEUSDT_5m_limit500_20260717_211054_enriched_candles.csv,14.356436491664423,5m,1784265900000
0.3609,84.74962095663943,1.063159058297347,0.0008617,1784266499999,0.00023372,0.3957,15664.0,-0.5868649143406875,46275938188.0,0.08865422137869228,-0.8636177035782792,40895434.85488124,-0.5425589520725703,1.1353,2.336423136262253,-2.5556937690828896,1327518.0626648,-0.4834276703394944,41.63419004251702,AKEUSDT_5m_limit500_20260717_211054_enriched_candles.csv,0.555154791838097,5m,1784266200000
0.3609,88.92501623797742,1.9604559708464553,0.000893,1784267099999,0.00023372,0.3957,86820.0,86.59480512331838,46275938188.0,-0.008729463925227776,7.397597966166229,40895434.85488124,27.003279273293945,1.1353,1.2128052052974205,0.9838290173018294,7720469.9097812,165.31193406980532,47.70347607949548,AKEUSDT_15m_limit500_20260717_211231_enriched_candles.csv,11.383174515188363,15m,1784266200000
0.3615,73.88205461153451,0.008472032890103768,0.0008915,1784266799999,0.00023372,0.3965,23330.0,-0.05627990028603824,46236203601.0,-0.08586446554270655,-0.9028672268004063,39852833.33184594,-0.8220111886972654,1.1324,3.5199429943411915,3.458280143901593,1723668.3340871,-0.1686257228491456,54.49662518142392,AKEUSDT_5m_limit500_20260717_211054_enriched_candles.csv,10.80072220552219,5m,1784266500000
0.3602,97.63065096452347,2.309367864796051,0.000893,1784267099999,0.00023372,0.3943,47826.0,1.6544483513667427,46170949780.0,-0.1411314422851695,-0.9703042448719131,41121233.0025614,-0.47871559037608824,1.131,-0.8145235518516584,0.16825574873808868,4669283.5130293,2.2274892514302755,55.033793768039345,AKEUSDT_5m_limit500_20260717_211054_enriched_candles.csv,14.676687604512148,5m,1784266800000
0.3607,79.15455705394737,0.5133823205627056,0.0008798,1784267399999,0.00023372,0.3982,17404.0,-0.4682807515461527,46156509474.0,-0.03127573954793128,-0.979658262706913,41159144.19325002,-0.46894538097531824,1.1339,0.9096142806057707,-1.4781634938409893,1377605.9109669,-0.4476649227619701,49.496370641568,AKEUSDT_5m_limit500_20260717_211054_enriched_candles.csv,-9.052599357139107,5m,1784267100000
0.3607,69.80596219362691,1.190375216595192,0.000882,1784267999999,0.00023372,0.3982,43009.0,42.360473052798504,46156509474.0,-0.2580795088687582,7.366587426008994,41159144.19325002,27.193370095361253,1.1339,1.733107436499814,-1.2318029115341633,3002284.6279857,63.20849997475993,45.1646789819665,AKEUSDT_15m_limit500_20260717_211231_enriched_candles.csv,-0.37928530821342793,15m,1784267100000
0.3617,61.57521431972271,-1.1994713129823724,0.0008809,1784267699999,0.00023372,0.3982,13127.0,-0.768840097095672,46020109587.0,-0.29551603566737583,-1.1257515938888585,40461340.54998627,-0.6595999329775948,1.1319,-0.8685765413667602,0.1250284155489778,808297.838375,-0.914881256823356,49.94833091222373,AKEUSDT_5m_limit500_20260717_211054_enriched_candles.csv,2.584769921914232,5m,1784267400000
0.3637,65.42561938161565,-0.8143457565232634,0.000882,1784267999999,0.00023372,0.399,12478.0,-0.807456070932049,46048778083.0,0.062295583946414546,-1.0779630086969623,40559763.7355064,-0.6327532754272833,1.1319,-0.8665265061475058,0.12487228970370357,816380.8786438,-0.8943265526950409,50.426097160242556,AKEUSDT_5m_limit500_20260717_211054_enriched_candles.csv,11.321833025186315,5m,1784267700000
0.3622,77.66327570278015,0.3717233629239544,0.0009013,1784268299999,0.00023372,0.3988,19891.0,-0.2731404772727273,46172013321.0,0.2676189100563775,-0.937906955163212,40715404.78672422,-0.589492850081288,1.1305,1.8408004672345073,2.1882086167800407,1544800.217004,-0.29577895346406274,58.00111956609225,AKEUSDT_5m_limit500_20260717_211054_enriched_candles.csv,17.03883044754378,5m,1784268000000
0.3622,85.0769087089958,1.7929476762990681,0.0008975,1784268899999,0.00023372,0.3988,89942.0,89.47393015983607,46172013321.0,0.03358973019556011,7.369331084835681,40715404.78672422,26.856705494172274,1.1305,2.846009371978602,1.7573696145124718,7651987.3231045,160.84502866541408,49.26230567832002,AKEUSDT_15m_limit500_20260717_211231_enriched_candles.csv,6.827426434830299,15m,1784268000000
0.3622,84.9592587502972,2.7558752800434383,0.0009874,1784271599999,0.00023372,0.3988,452882.0,253.47341681307338,46172013321.0,-0.6197168596063674,5.621237856311339,40715404.78672422,125.38810406537071,1.1305,16.410846627189457,11.950113378684811,38476519.0213521,486.46652063971584,60.018589369850744,AKEUSDT_1h_limit500_20260717_211343_enriched_candles.csv,0.8774997100188342,1h,1784268000000
0.3643,89.05886551330073,1.4712298058860251,0.000914,1784268599999,0.00023372,0.4021,40276.0,1.146736395895331,46237772899.0,0.1424230248372016,-0.8582762667989852,41634340.22917556,-0.33630105558240986,1.1276,0.8144301363189124,1.4090757794297248,3586934.8674137,1.3749869303725157,62.10456619170887,AKEUSDT_5m_limit500_20260717_211054_enriched_candles.csv,6.19566972108804,5m,1784268300000
0.3661,84.6432321977095,1.0275909508518923,0.0008975,1784268899999,0.00023372,0.4059,29775.0,0.4155637261363636,45906917746.0,-0.7155516631882519,-1.2156047474714342,41873995.0220139,-0.26984969275006604,1.1226,1.3280678992934114,-1.8052516411378616,2520252.2386868,0.503930639910791,54.635733062422005,AKEUSDT_5m_limit500_20260717_211054_enriched_candles.csv,1.4674435159978532,5m,1784268600000
0.3674,79.4340615232647,0.5275495713918501,0.0008934,1784269199999,0.00023372,0.4098,24333.0,0.025251659997396512,45592467810.0,-0.6849728786842757,-1.5502839697613717,40885045.5086175,-0.5435683672899163,1.1207,-0.42882916261243187,-0.4568245125348147,1932869.0190456,0.011257994060413005,52.93226385134385,AKEUSDT_5m_limit500_20260717_211054_enriched_candles.csv,-10.464234290478231,5m,1784268900000
0.3674,73.23537696440016,1.3197162410398948,0.000898,1784269799999,0.00023372,0.4098,70843.0,69.69827119512195,45592467810.0,-1.2551878709963216,7.217822632825918,40885045.5086175,26.982266502058216,1.1207,-0.767859694077128,0.05571030640669772,5188213.810289,108.71933627218807,49.39367675976093,AKEUSDT_15m_limit500_20260717_211231_enriched_candles.csv,-9.447025848846016,15m,1784268900000
0.3697,73.91362431333896,0.00031558643347128266,0.0008955,1784269499999,0.00023372,0.4128,16598.0,-0.526434431093394,45238728101.0,-0.7758731342952463,-1.9319281536881598,40388231.67401078,-0.6807369680110411,1.1155,-0.7196025920915962,0.2350570852921452,1226818.3363528,-0.5742567166758932,53.728048309769584,AKEUSDT_5m_limit500_20260717_211054_enriched_candles.csv,-11.019602843767961,5m,1784269200000
0.3717,67.81647682838326,-0.5855092848550861,0.000898,1784269799999,0.00023372,0.4156,29912.0,0.4184119273346913,45056391711.0,-0.40305374985989406,-2.126704479668268,40347998.7772005,-0.6896246595238034,1.1098,-0.6596507060711589,0.27917364600782424,2028526.4548906,0.09009138358259616,54.709756016881165,AKEUSDT_5m_limit500_20260717_211054_enriched_candles.csv,-7.526717160710349,5m,1784269500000
0.3684,79.28734290006467,0.5219356558191997,0.0009342,1784270099999,0.00023372,0.41,60311.0,2.5300359504614267,44911485194.0,-0.32161145510598566,-2.2801988410265186,40096075.75149932,-0.7589290852704942,1.114,4.24362986044513,4.031180400890877,4781898.9376458,2.379498696994186,65.96867095626166,AKEUSDT_5m_limit500_20260717_211054_enriched_candles.csv,6.5619227863079885,5m,1784269800000
0.3684,78.29898073179403,1.519071866182903,0.0009404,1784270699999,0.00023372,0.41,124797.0,122.31076646632503,44911485194.0,-1.4936296469800547,7.041256946302088,40096075.75149932,26.394209289196716,1.114,9.14099512625527,4.721603563474375,9771477.8983857,205.29957144502978,59.07145901063106,AKEUSDT_15m_limit500_20260717_211231_enriched_candles.csv,3.4392968493990033,15m,1784269800000
0.3604,77.27698731249379,0.3268867261037417,0.0009442,1784270399999,0.00023372,0.4027,36258.0,0.8469385592555176,45196650880.0,0.6349504692801711,-1.9690638252195667,42231750.582272,-0.1583640127493568,1.1042,0.36846653479100194,1.070434596446157,2801909.0059764,0.7165711291497305,68.31214844226726,AKEUSDT_5m_limit500_20260717_211054_enriched_candles.csv,6.393596627695369,5m,1784270100000
0.3631,77.49999839745998,0.34865879247045656,0.0009404,1784270699999,0.00023372,0.4073,28228.0,0.28507921663217795,45086327135.0,-0.2440971683785098,-2.088080304541535,42681873.30889045,-0.027993915090833873,1.1018,-0.5012983809981397,-0.4024571065452176,2187669.9547635,0.20749441792036766,66.43983439074975,AKEUSDT_5m_limit500_20260717_211054_enriched_candles.csv,-7.170055240021671,5m,1784270400000
0.3639,98.1898212435672,2.3092665870385574,0.0009851,1784270999999,0.00023372,0.4075,52753.0,1.9978902168946224,45123361949.0,0.08214200701934793,-2.040568974201794,42371739.33734998,-0.11493821607794323,1.0984,5.191708654943561,4.75329646958742,5179807.6400619,2.676421678630679,75.08909329734992,AKEUSDT_5m_limit500_20260717_211054_enriched_candles.csv,7.57647823429231,5m,1784270700000
0.3639,94.8286909119719,2.1711038146658406,0.0009874,1784271599999,0.00023372,0.4075,167300.0,163.3237167128821,45123361949.0,0.471765193434992,7.094410843811648,42371739.33734998,28.073799149999537,1.0984,9.712961597395122,4.997873245427487,15864839.9895729,330.73417964968553,66.67845055720053,AKEUSDT_15m_limit500_20260717_211231_enriched_candles.csv,-0.19376617865357074,15m,1784270700000
0.3464,90.75626641793171,1.5643855057316678,0.0010009,1784271299999,0.00023372,0.3972,63753.0,2.7479675078776644,45311465200.0,0.4168644419992429,-1.8244829733253636,44525311.27878,0.4966098395597395,1.0846,1.0654853161040694,1.6038980814130577,5785984.2529424,3.1387105317119635,77.31463072578455,AKEUSDT_5m_limit500_20260717_211054_enriched_candles.csv,2.212881531810052,5m,1784271000000
0.3432,96.44934631193843,2.08529058104767,0.0009874,1784271599999,0.00023372,0.3963,50794.0,1.835284504234686,45634654417.0,0.7132614572790352,-1.4593610012790157,45805784.37106375,0.8594091355874507,1.07,0.7300976166372815,-1.3487860925167405,4899048.0965686,2.3935311773945362,71.44165458548684,AKEUSDT_5m_limit500_20260717_211054_enriched_candles.csv,-11.251668869666535,5m,1784271300000
0.3408,70.6580101701397,-0.33633264656012457,0.0009795,1784271899999,0.00023372,0.3906,46386.0,1.520380862716175,45991900139.0,0.7828386706636659,-1.0560222654784235,45338355.23802481,0.723767228654749,1.0546,0.017053693263141885,-0.8000810208628861,3277542.4597521,1.0718113755052294,68.17789511052653,AKEUSDT_5m_limit500_20260717_211054_enriched_candles.csv,-5.373049533955381,5m,1784271600000
0.3408,76.48096393941643,1.4440507140730077,0.0009938,1784272499999,0.00023372,0.3906,140241.0,135.9619063350217,45991900139.0,1.924808242306164,7.311530552706621,45338355.23802481,30.265538733736886,1.0546,0.4882003493936055,0.6481669029775095,10725766.8638277,221.30270968710846,67.5625481345476,AKEUSDT_15m_limit500_20260717_211231_enriched_candles.csv,0.5537195290902047,15m,1784271600000
0.3408,85.91188067027203,2.7980277238975644,0.0010308,1784275199999,0.00023372,0.3906,474274.0,264.62425124355775,45991900139.0,-0.39009167901734587,5.586949708690055,45338355.23802481,140.07150354948115,1.0546,5.452041896291009,4.395381810816268,40745771.2930126,514.1797899236592,62.958720671434435,AKEUSDT_1h_limit500_20260717_211343_enriched_candles.csv,3.0554833683452816,1h,1784271600000
0.3443,75.57075940121273,0.1264819682454569,0.0009984,1784272199999,0.00023372,0.3926,51619.0,1.867720642916772,45847286271.0,-0.31443334057288386,-1.1958355538522722,44797383.4153941,0.5640251703060072,1.052,1.4845290294572537,1.9295558958652537,3900887.0295312,1.5616677666145438,71.52900509163811,AKEUSDT_5m_limit500_20260717_211054_enriched_candles.csv,6.282587019938718,5m,1784271900000
0.3488,83.98847841993559,0.9072070327796101,0.0009938,1784272499999,0.00023372,0.3998,42236.0,1.2191054293658783,45854635925.0,0.016030728528959592,-1.182374930647518,45749170.2623725,0.8245070746768847,1.0485,-0.4221018705407663,-0.4607371794871806,3547337.3745444,1.2717590307306275,69.60769380263986,AKEUSDT_5m_limit500_20260717_211054_enriched_candles.csv,-0.2701174300465417,5m,1784272200000
0.3483,85.77612996816192,1.0719839337032682,0.0009915,1784272799999,0.00023372,0.3959,31990.0,0.5191083216805965,45702471240.0,-0.33184144183127096,-1.3340981981306572,45414545.671188,0.719960150661685,1.0528,-0.7216745950357318,-0.23143489635741865,2743978.3976815,0.6340935036274115,68.61528387015001,AKEUSDT_5m_limit500_20260717_211054_enriched_candles.csv,0.9201068274237392,5m,1784272500000
0.3483,84.43929933489216,1.7442174438450355,0.0010109,1784273399999,0.00023372,0.3959,119236.0,114.37653891810037,45702471240.0,-0.6293040690322993,7.227622719501075,45414545.671188,30.262636343005205,1.0528,2.7609916334384086,1.7206681424833947,10068204.2954952,205.90677090903816,69.86330858657465,AKEUSDT_15m_limit500_20260717_211231_enriched_candles.csv,3.764108083855283,15m,1784272500000
0.3475,79.75877839715476,0.48277748679007826,0.0009972,1784273099999,0.00023372,0.3951,50681.0,1.7815613619100112,45702245511.0,-0.0004939098343648141,-1.3269514536460174,45217344.68612829,0.6576434670487865,1.0505,-0.2740871122216521,0.5748865355521993,4042254.6479462,1.6612185666356594,69.76572683489334,AKEUSDT_5m_limit500_20260717_211054_enriched_candles.csv,5.1008533211969045,5m,1784272800000
0.3508,89.75717899268426,1.4069747376881832,0.0010109,1784273399999,0.00023372,0.4002,36565.0,0.8243801028508663,45733447809.0,0.0682730085822314,-1.298107653822458,45724301.1194382,0.7976082559114416,1.0417,0.762658986997119,1.3738467709586866,3281971.2498675,1.0593661328288455,72.3857797750006,AKEUSDT_5m_limit500_20260717_211054_enriched_candles.csv,4.4955018649434155,5m,1784273100000
0.3539,99.90212950139723,2.3579101699028087,0.0010365,1784273699999,0.00023372,0.4043,68063.0,2.9352720105472634,45562532981.0,-0.37371953392580926,-1.4620658769008115,46064176.46912081,0.8888934784092605,1.0428,2.256663744822554,2.532396874072629,6799638.6402536,3.8533401251835033,76.48627290790574,AKEUSDT_5m_limit500_20260717_211054_enriched_candles.csv,7.970270206335376,5m,1784273400000
0.3539,98.43470312259177,2.278132049124192,0.0010315,1784274299999,0.00023372,0.4043,142127.0,135.24573377734376,45562532981.0,-0.3061940748567693,7.1811848280702515,46064176.46912081,30.68455630950608,1.0428,3.430111935570344,2.0377881096053096,13990229.0507046,283.7043242421979,72.40279324511157,AKEUSDT_15m_limit500_20260717_211231_enriched_candles.csv,5.587566213056601,15m,1784273400000
0.3526,103.05580302106803,2.651129235586868,0.0010404,1784273999999,0.00023372,0.4079,40336.0,1.0572796923415926,45163761682.0,-0.8752175810029961,-1.8684395470387865,46865532.22217776,1.1071672809606927,1.0365,-0.528270710875504,0.376266280752513,4156858.8706578,1.7540100449944593,77.04549027604092,AKEUSDT_5m_limit500_20260717_211054_enriched_candles.csv,8.2770761906322,5m,1784273700000
0.3508,89.94697402138283,1.4233006147525316,0.0010315,1784274299999,0.00023372,0.4067,33728.0,0.610955572816236,45304933294.0,0.31257717856629785,-1.7183069841534326,47203209.9990186,1.1968248940793103,1.0338,0.08862436444408638,-0.8554402153017948,3033731.5397932,0.8591817197340392,72.791005449025,AKEUSDT_5m_limit500_20260717_211054_enriched_candles.csv,-3.4380971292110414,5m,1784274000000
0.3506,78.84178099646783,0.38278799058904517,0.0010281,1784274599999,0.00023372,0.4049,20469.0,-0.25695632683564723,45308419711.0,0.007695446712996379,-1.6989349904964763,46731104.0899254,1.0581738590362024,1.0337,-0.5941160459488557,-0.3296170625302963,1613812.4152167,-0.2795119690273165,71.17406101364857,AKEUSDT_5m_limit500_20260717_211054_enriched_candles.csv,-1.1698920982439394,5m,1784274300000
0.3506,82.03620590319389,1.62957657775035,0.0010308,1784275199999,0.00023372,0.4049,72670.0,68.5522509340893,45308419711.0,-0.5577241943637512,7.115902504254464,46731104.0899254,31.167695289270302,1.0337,-0.7418702546180674,-0.06786233640331263,5961571.0829851,120.43031299859544,72.18021449786659,AKEUSDT_15m_limit500_20260717_211231_enriched_candles.csv,0.41764487403599604,15m,1784274300000
0.3501,79.86656822487879,0.47700621590313913,0.0010373,1784274899999,0.00023372,0.4031,29081.0,0.31846433303500393,45444753995.0,0.30090275685978884,-1.547899891609344,46717207.10686,1.0468969187073582,1.031,0.14078754126199813,0.894854586129723,2322599.6705477,0.29262615885231086,72.9265472566286,AKEUSDT_5m_limit500_20260717_211054_enriched_candles.csv,3.140636331654116,5m,1784274600000
0.3508,87.59338223272924,1.1996485861333308,0.0010308,1784275199999,0.00023372,0.4061,23120.0,-0.08354818335405272,45453915785.0,0.02016028076861076,-1.5384236439280905,47108438.319574,1.149911736840365,1.025,-0.20977340256958205,-0.6266268196278846,2025158.9972207,0.048263182706276844,69.70229902773396,AKEUSDT_5m_limit500_20260717_211054_enriched_candles.csv,-1.4402004566519138,5m,1784274900000
0.3512,86.39566370387158,1.0751843793812328,0.001008,1784275499999,0.00023372,0.4055,33294.0,0.605075848408249,45503632038.0,0.10937727177382506,-1.4877650226798065,46946097.1736046,1.1020524111563659,1.0221,1.8651018944410362,-2.211874272409775,2876457.2273567,0.7195365964462147,59.727122626754635,AKEUSDT_5m_limit500_20260717_211054_enriched_candles.csv,-2.1459635580823377,5m,1784275200000
0.3512,97.01076715465076,2.2069685946345374,0.001106,1784276099999,0.00023372,0.4055,160995.0,152.45278421362994,45503632038.0,0.4308522085854305,7.162437781223093,46946097.1736046,31.315933304878577,1.0221,14.56263082869667,7.295304617772613,15618248.458063,316.73812213735096,79.47876168611978,AKEUSDT_15m_limit500_20260717_211231_enriched_candles.csv,13.403705556778098,15m,1784275200000
0.3512,94.05582040250081,3.249664114864647,0.0011142,1784278799999,0.00023372,0.4055,588208.0,327.6851293144693,45503632038.0,-1.0616393311089989,5.483790859359375,46946097.1736046,145.2550987425952,1.0221,10.812749654438385,8.090803259604208,55324386.0073142,687.1276170177078,67.85125265026895,AKEUSDT_1h_limit500_20260717_211343_enriched_candles.csv,7.851498741057384,1h,1784275200000
0.3512,86.34149883186267,3.1403850918781053,0.0011683,1784289599999,0.00023372,0.4055,1902392.0,356.11864596762166,45503632038.0,-3.150170001630781,20.91933741047955,46946097.1736046,157.42134272999024,1.0221,7.044792261974839,13.339154055102842,164255376.6457449,578.476818133168,77.70273920892382,AKEUSDT_4h_limit500_20260717_211446_enriched_candles.csv,5.49196578670388,4h,1784275200000
0.3457,87.56348843069716,1.179393423588623,0.0010499,1784275799999,0.00031559,0.3947,39388.0,1.013809822339787,45507634759.0,0.00879648683134171,-1.475400861358689,45942687.74729604,0.814758115617212,1.0216,4.410336826221927,4.15674603174605,3448950.6823083,1.1707756569017598,68.61597960214512,AKEUSDT_5m_limit500_20260717_211054_enriched_candles.csv,10.793332316244006,5m,1784275500000
0.345,105.22619035020891,2.8074321706271848,0.001106,1784276099999,0.00031559,0.3949,88313.0,4.287846864059081,45710031191.0,0.44475269495296565,-1.263230420529381,47986390.7443118,1.343032362443644,1.0207,5.930172458495709,5.343366034860453,9292840.548398,5.79307063298386,76.19264261646106,AKEUSDT_5m_limit500_20260717_211054_enriched_candles.csv,19.185684317484135,5m,1784275800000
0.343,90.70131580797579,1.4509160007845017,0.0011338,1784276399999,0.00031559,0.4,75679.0,3.423567199940597,45083632096.0,-1.37037555800954,-1.8899505105700278,49686670.9330016,1.7838256269387855,1.0167,2.2333562841157,2.513562386980106,6864184.8790318,3.8468383888098585,78.90981061984726,AKEUSDT_5m_limit500_20260717_211054_enriched_candles.csv,8.884190376195354,5m,1784276100000
0.343,95.13482294454086,2.1262463992419343,0.0011186,1784276999999,0.00031559,0.4,171373.0,162.33910819756358,45083632096.0,-0.9230031168704467,7.06623030136738,49686670.9330016,33.328944585623226,1.0167,1.5251892307380364,1.13924050632912,16303540.0124748,330.1584433775588,80.4063094358417,AKEUSDT_15m_limit500_20260717_211231_enriched_candles.csv,7.565000175844529,15m,1784276100000
0.3461,107.0791925731293,2.9079913005943876,0.001132,1784276699999,0.00031559,0.4085,56169.0,2.1101485280132057,45089715630.0,0.013493886178128633,-1.8793997209925497,50959945.7078697,2.1075570960680894,1.018,-0.8127275858212231,-0.15875815840535878,6014531.1676401,3.16264692253499,78.28678465084954,AKEUSDT_5m_limit500_20260717_211054_enriched_candles.csv,8.895226043855025,5m,1784276400000
0.3468,86.64956270216067,1.0448277475847607,0.0011186,1784276999999,0.00031559,0.41,39525.0,0.9937644982034611,45183171319.0,0.20726608649936917,-1.7884260248164094,51067375.71987337,2.117226290421202,1.0128,0.507517740690427,-1.1837455830388643,3424823.9658029,1.1225586036096713,73.62636036220681,AKEUSDT_5m_limit500_20260717_211054_enriched_candles.csv,2.584933889439937,5m,1784276700000
0.3475,89.38284522180406,1.2866294809977175,0.001113,1784277299999,0.00031559,0.41,41584.0,1.1254881178752683,45128393797.0,-0.12123434544526468,-1.851399290081509,50458057.1044257,1.9432555702121486,1.0152,-0.37182263774533214,-0.5006257822277815,3716896.2357035,1.3424797897172271,71.70523469566814,AKEUSDT_5m_limit500_20260717_211054_enriched_candles.csv,1.5690251334568694,5m,1784277000000
0.3475,89.46164638946841,1.8986397142411906,0.0011392,1784277899999,0.00031559,0.41,147765.0,139.65077199012694,45128393797.0,0.09928592466703634,7.085698922717005,50458057.1044257,33.883645478763825,1.0152,3.005482022568689,1.8415876989093416,13219300.1787398,267.1387003542389,81.85066706085018,AKEUSDT_15m_limit500_20260717_211231_enriched_candles.csv,4.448101396563151,15m,1784277000000
0.3421,85.60064169505081,0.9301358392187883,0.0011092,1784277599999,0.00031559,0.4051,37885.0,0.8749142559805116,45203608081.0,0.1666673188909229,-1.7722486579317576,50320656.5157692,1.9014312725812708,1.0122,-0.5791074228932489,-0.3414195867026071,3242980.310617,0.9634742554373428,70.36355008576382,AKEUSDT_5m_limit500_20260717_211054_enriched_candles.csv,5.024860095613616,5m,1784277300000
0.345,91.65139440698285,1.4716104714342364,0.0011392,1784277899999,0.00031559,0.409,68296.0,2.853389163427048,45285343423.0,0.18081596905614727,-1.6934726450880215,50246805.64842388,1.8783659462178937,1.0102,2.495250895196658,2.7046520014424758,6259423.6324193,3.2546487200065877,74.43110865913893,AKEUSDT_5m_limit500_20260717_211054_enriched_candles.csv,5.8589039142115835,5m,1784277600000
0.3483,91.07462770760976,1.405064526426672,0.0011462,1784278199999,0.00031559,0.4144,33733.0,0.5721782409789509,45375394586.0,0.19885277706486182,-1.571573173876712,51724773.55041898,2.2519028706776894,1.001,-0.22556991640499477,0.6144662921348409,3072220.4164608,0.8171008127238301,75.28353234513067,AKEUSDT_5m_limit500_20260717_211054_enriched_candles.csv,1.5317938576364596,5m,1784277900000
0.3483,94.22435677109969,2.071254494443098,0.0011142,1784278799999,0.00031559,0.4144,108075.0,101.67612586752286,45375394586.0,0.5473290055725943,7.1474401377593635,51724773.55041898,34.80219096316106,1.001,3.744137199543931,-2.1945224719100986,10183297.3580366,205.3562114084824,74.65796436848106,AKEUSDT_15m_limit500_20260717_211231_enriched_candles.csv,4.212768348551032,15m,1784277900000
0.3512,107.92464091219422,2.86971977337557,0.0011246,1784278499999,0.00031559,0.4156,37690.0,0.8181274943454092,45495889636.0,0.26555151993581383,-1.4137061102134654,52152393.24864316,2.352437119791986,1.0017,1.4276098341909162,-1.884487872971563,4067679.7159806,1.5493278188874413,67.77502371988905,AKEUSDT_5m_limit500_20260717_211054_enriched_candles.csv,6.574857134899258,5m,1784278200000
0.3523,83.03495649883226,0.6759074371176168,0.0011142,1784278799999,0.00031559,0.4168,36652.0,0.7205937913393234,45370967237.0,-0.2745795279518015,-1.5425350727468365,51082718.30246593,2.0688910589592915,0.9991,0.17621170888419005,-0.9247732527120633,3043397.2255952,0.7725434754514328,64.4423752472693,AKEUSDT_5m_limit500_20260717_211054_enriched_candles.csv,3.7620627801028634,5m,1784278500000
0.3479,83.39512228076437,0.7061996607526086,0.0011336,1784279099999,0.00031559,0.4096,40399.0,0.9366230020821635,45349662490.0,-0.04695678381444468,-1.5684160083626508,50525419.4699837,1.9182637275385563,0.998,1.2368519350512792,1.74115957637766,3369079.5450206,1.013732062020976,67.63902128819083,AKEUSDT_5m_limit500_20260717_211054_enriched_candles.csv,7.709224348326041,5m,1784278800000
0.3479,100.81732203056775,2.3116859531038942,0.001165,1784279699999,0.00031559,0.4096,144044.0,135.53454706741573,45349662490.0,-0.05670936029268381,7.141146834932167,50525419.4699837,33.89777397188074,0.998,8.71450654721494,4.559325076287912,14522130.3345711,292.8296581867593,78.7452443616964,AKEUSDT_15m_limit500_20260717_211231_enriched_candles.csv,12.991826127894488,15m,1784278800000
0.3479,88.94519044965617,2.949820228896335,0.0011506,1784282399999,0.00031559,0.4096,436256.0,242.69998009286897,45349662490.0,-0.3383676007915559,5.444173381595469,50525419.4699837,157.05273503884405,0.998,3.825535319600001,3.2669179680488325,38802873.0048052,474.3111524678731,69.73045523442511,AKEUSDT_1h_limit500_20260717_211343_enriched_candles.csv,6.065542591372384,1h,1784278800000
0.347,84.03395839329015,0.7618172130510977,0.0011413,1784279399999,0.00031559,0.4079,19300.0,-0.39699885634458676,45451506919.0,0.22457593597848824,-1.4649014087018144,51601095.8051407,2.159469372868387,0.9977,-0.14219398222974675,0.6792519407198272,1621855.3969905,-0.3016617689975943,68.83653694248174,AKEUSDT_5m_limit500_20260717_211054_enriched_candles.csv,5.3019999181717266,5m,1784279100000
0.3457,113.00249442835971,3.300554528175013,0.001165,1784279699999,0.00031559,0.4067,84345.0,3.710451053130264,45480355893.0,0.06347198576146518,-1.4348764958570315,51900362.93085588,2.2190139400004956,0.9959,1.6725283372396786,2.07657933934986,9531195.39256,5.651351553507569,72.24139836000518,AKEUSDT_5m_limit500_20260717_211054_enriched_candles.csv,16.167638866328073,5m,1784279400000
0.3344,87.6504502468875,1.068179169855094,0.0011641,1784279999999,0.00031559,0.4029,59020.0,2.0980635762514552,44944220231.0,-1.178829082299504,-1.973818717713808,52355522.1470919,2.316911562175764,0.9966,-0.9209117308273513,-0.07725321888412129,5173129.5735713,2.3646896539607276,71.92004523614972,AKEUSDT_5m_limit500_20260717_211054_enriched_candles.csv,3.0078875711647695,5m,1784279700000
0.3344,88.52887273099792,1.8374497758921489,0.0011376,1784280599999,0.00031559,0.4029,121863.0,114.0387648923077,44944220231.0,-0.8940358907619239,7.036747027518802,52355522.1470919,35.246564161437455,0.9966,4.058433401838805,-2.3519313304721123,10788394.0176176,216.63116963812973,72.000010864022,AKEUSDT_15m_limit500_20260717_211231_enriched_candles.csv,0.6756207486375788,15m,1784279700000
0.3403,90.75322826523536,1.3348550429415749,0.0011505,1784280299999,0.00031559,0.4104,37029.0,0.7083827663103831,45050873620.0,0.2373016785069071,-1.8660756341145661,52641495.3162338,2.3789968779700548,0.9916,0.4892534540251058,-1.1682845116398832,3360501.2894334,1.0002214576595716,67.06520731212078,AKEUSDT_5m_limit500_20260717_211054_enriched_candles.csv,0.2288696034661183,5m,1784280000000
0.3385,87.3465233831603,1.0323448185052237,0.0011376,1784280599999,0.00031559,0.4067,25814.0,0.006195691481259231,45064789193.0,0.030888575252441264,-1.8577129231456477,51779442.782757,2.146752678816718,0.9931,0.42955640563541575,-1.1212516297262165,2254763.1546129,0.17026441007889498,62.73908820802683,AKEUSDT_5m_limit500_20260717_211054_enriched_candles.csv,-4.009488040752604,5m,1784280300000
0.3392,88.8585506235439,1.159480328082794,0.0011346,1784280899999,0.00031559,0.4073,19470.0,-0.3915607563100962,44990586690.0,-0.16465738402150487,-1.9388124565686475,51158796.125199,1.9752629092691554,0.9948,-0.6864133843712632,-0.2637130801687704,1730075.9806404,-0.2230175445865592,61.74162816757589,AKEUSDT_5m_limit500_20260717_211054_enriched_candles.csv,0.5916138044764525,5m,1784280600000
0.3392,84.9405021097103,1.6978706222445568,0.0011598,1784281499999,0.00031559,0.4073,73386.0,68.02013066573817,44990586690.0,0.10316445309694888,7.051727666409326,51158796.125199,34.35921242335922,0.9948,3.214080138759414,1.9514767932489407,6233443.6878232,124.43229225578789,73.94722509663083,AKEUSDT_15m_limit500_20260717_211231_enriched_candles.csv,4.220488688249817,15m,1784280600000
0.3425,83.8803237636591,0.7211592190089541,0.0011434,1784281199999,0.00031559,0.41,26766.0,0.0656599520552701,45055722502.0,0.1447765339198881,-1.85123571521517,51178795.1900218,1.9623072707440503,0.9947,-0.017557747714657363,0.7756037369998303,2245140.7458581,0.1633182233148297,63.5711952039367,AKEUSDT_5m_limit500_20260717_211054_enriched_candles.csv,2.16370198117505,5m,1784280900000
0.338,83.17594701011787,0.65562044056111,0.0011598,1784281499999,0.00031559,0.4057,27150.0,0.08794417308050256,45070037747.0,0.031772312605493624,-1.8159542083183826,51487109.72141786,2.0248720545367815,0.991,0.8382966189244021,1.4343186986181644,2258226.9613247,0.17177549215087137,66.76134545586349,AKEUSDT_5m_limit500_20260717_211054_enriched_candles.csv,9.045515180877734,5m,1784281200000
0.3407,70.11022888721884,-0.47239736306496266,0.001161,1784281799999,0.00031559,0.4112,27431.0,0.10381364585471681,45033906916.0,-0.0801659656972542,-1.8362251751457825,52204655.91423468,2.185564341617652,0.9909,-0.8870039390192578,0.10346611484739476,1923193.6886053,-0.08495372558003852,66.98914094683425,AKEUSDT_5m_limit500_20260717_211054_enriched_candles.csv,6.302439497095075,5m,1784281500000
0.3407,74.86262764965296,1.3095305615380388,0.0011506,1784282399999,0.00031559,0.4112,96963.0,89.97852630194579,45033906916.0,0.09628731071789076,7.054742053885741,52204655.91423468,35.1144098771721,0.9909,0.7809485105533881,-0.7932402138299488,7258904.9647933,144.9810582718757,71.72123529774261,AKEUSDT_15m_limit500_20260717_211231_enriched_candles.csv,1.8039146692675936,15m,1784281500000
0.3371,71.27044062914693,-0.37366106572272184,0.0011715,1784282099999,0.00031559,0.4065,37383.0,0.726687643672006,45190014624.0,0.34664482540052166,-1.6672086757051887,52461087.9770016,2.2258353939413342,0.9944,0.14891360080459673,0.9043927648578975,2664302.8820394,0.47707485680979667,68.99164390653019,AKEUSDT_5m_limit500_20260717_211054_enriched_candles.csv,3.340901087321788,5m,1784281800000
0.3392,83.09460307159165,0.6578542309970064,0.0011506,1784282399999,0.00031559,0.4112,32149.0,0.3882779297692701,45333390845.0,0.317274119499511,-1.5251599088197156,53135267.4094245,2.375000676991214,0.9943,1.286905678450239,-1.7840375586854362,2671408.3941486,0.4729045451471372,61.052697535279584,AKEUSDT_5m_limit500_20260717_211054_enriched_candles.csv,-2.9675504231192495,5m,1784282100000
0.3373,79.62766834539337,0.3544213267036536,0.0011626,1784282699999,0.00031559,0.4085,30467.0,0.27237086086916235,45364372452.0,0.06834169344607233,-1.4935880033067277,52223465.5667424,2.1411059756474224,0.9919,0.32018776165946883,1.0429341213279875,2426016.1714791,0.28097737237886355,63.63979250308875,AKEUSDT_5m_limit500_20260717_211054_enriched_candles.csv,1.4981133101244566,5m,1784282400000
0.3373,82.66172705103156,1.6068274701363665,0.001119,1784283299999,0.00031559,0.4085,104792.0,97.11342711165048,45364372452.0,0.7338149377454695,7.127373476739328,52223465.5667424,35.11093853843574,0.9919,4.875102218035849,-2.7463931861637536,8662287.7011317,173.10194097132015,64.535311052782,AKEUSDT_15m_limit500_20260717_211231_enriched_candles.csv,2.4888416185107203,15m,1784282400000
0.3373,80.41252231700234,2.461497133055159,0.0011448,1784285999999,0.00031559,0.4085,439451.0,242.67058690586418,45364372452.0,0.03243676180224586,5.440906289294648,52223465.5667424,161.36189574142128,0.9919,-0.1849321655632558,-0.5040848253085373,35337363.344729,430.4668304528813,69.03797263019652,AKEUSDT_1h_limit500_20260717_211343_enriched_candles.csv,1.4231924165893348,1h,1784282400000
0.336,70.99389101678265,-0.39874811027001106,0.0011647,1784282999999,0.00031559,0.4061,24716.0,-0.0908284989707175,45480344255.0,0.2556451169311469,-1.3711313009780592,52904555.6511862,2.299942493576394,0.9938,-0.7956485662807125,0.18062962325822163,1754685.0103708,-0.21820150461268945,64.08934564651564,AKEUSDT_5m_limit500_20260717_211054_enriched_candles.csv,16.370208009054526,5m,1784282700000
0.3356,90.33817491345926,1.2899810431103986,0.001119,1784283299999,0.00031559,0.4067,49609.0,1.4766637902925284,45542059722.0,0.13569700935853746,-1.3015767265706013,52982266.01878314,2.313332446699625,0.9953,4.034989640204971,-3.923757190692889,4481586.5192818,1.8218515021580068,49.6909635958141,AKEUSDT_5m_limit500_20260717_211054_enriched_candles.csv,-2.409848284453227,5m,1784283000000
0.3337,85.19954750814978,0.8402550369228717,0.0011298,1784283599999,0.00031559,0.3994,86579.0,3.769647922757552,45201556881.0,-0.747666757012122,-1.637264354079068,50562461.5270866,1.7126427035576595,0.9965,0.21066249276565013,0.965147453083115,7376491.6237081,3.9530086696103868,52.41190040714539,AKEUSDT_5m_limit500_20260717_211054_enriched_candles.csv,-2.109331958550832,5m,1784283300000
0.3337,86.57027639646304,1.7533574543153752,0.0011613,1784284199999,0.00031559,0.3994,153663.0,142.6335627075831,45201556881.0,-0.35890625660538467,7.084610834079869,50562461.5270866,33.88203151496519,0.9965,7.036934933596227,3.7801608579088652,13302648.3819097,265.6293392174056,69.01118467356562,AKEUSDT_15m_limit500_20260717_211231_enriched_candles.csv,3.2577765214319334,15m,1784283300000
0.3261,86.50053768970632,0.951228394865294,0.0011499,1784283899999,0.00031559,0.386,40520.0,0.8919522881144126,45003377379.0,-0.4384351240859674,-1.832031290042253,50840315.4250563,1.74519846938061,1.003,1.2526780723719904,1.7790759426447034,3505001.7871869,1.0715739448204609,57.065952836346234,AKEUSDT_5m_limit500_20260717_211054_enriched_candles.csv,7.208129379159944,5m,1784283600000
0.3257,91.14421664714274,1.3384129093126247,0.0011613,1784284199999,0.00031559,0.3875,26564.0,0.020197290110905732,45032969511.0,0.06575535820521061,-1.8104977523350416,51733875.3742368,1.9204382841356697,1.0043,0.24335038529519398,0.9913905557004998,2421154.9710147,0.26856995541794654,59.486040387778935,AKEUSDT_5m_limit500_20260717_211054_enriched_candles.csv,13.890898823793558,5m,1784283900000
0.3273,76.00741521112391,0.01480535759843009,0.0011639,1784284499999,0.00031559,0.3922,31239.0,0.3113941120434582,45150889290.0,0.26185210586922025,-1.699857510164025,52363743.8540775,2.040044145355417,1.0034,-0.7389719003780687,0.22388702316369358,2374395.6437803,0.2305012367504185,60.03928309732206,AKEUSDT_5m_limit500_20260717_211054_enriched_candles.csv,4.961974290650345,5m,1784284200000
0.3273,71.88534109867494,1.1872500763542364,0.0011563,1784285099999,0.00031559,0.3922,93732.0,86.52593336479944,45150889290.0,-0.11209257931843464,7.069841804590132,52363743.8540775,35.20791304350506,1.0034,0.01897206158870829,-0.4305519676224945,6737956.791861,133.84895726105432,67.9200113736322,AKEUSDT_15m_limit500_20260717_211231_enriched_candles.csv,2.318516088602777,15m,1784284200000
0.3271,72.02966184599542,-0.3294203039501716,0.0011706,1784284799999,0.00031559,0.3902,38893.0,0.7869306930215895,45265544640.0,0.2539381877144864,-1.5709308905950146,52343717.8553568,2.0197804020382586,1.0055,-0.2879936850377133,0.5756508291090201,2801449.6381763,0.5473889689061228,61.49835415164748,AKEUSDT_5m_limit500_20260717_211054_enriched_candles.csv,3.398857099508121,5m,1784284500000
0.3289,66.19116567391525,-0.8239084917931684,0.0011563,1784285099999,0.00031559,0.3955,23600.0,-0.1676918500965784,45338862952.0,0.16197377626427922,-1.4847896344195326,53109944.0619728,2.175760236903052,1.0061,0.5390216044529739,-1.221595762856642,1562111.5099044,-0.3720028475760391,56.73674741361805,AKEUSDT_5m_limit500_20260717_211054_enriched_candles.csv,-3.636972053299642,5m,1784284800000
0.3275,68.00362706554557,-0.6672570110600593,0.00116,1784285399999,0.00031559,0.3904,19475.0,-0.42403893071286575,45401859139.0,0.13894522910002927,-1.423240605269053,52535853.26551107,2.0351550455590357,1.0092,-0.6167528426694247,0.3199861627605216,1324370.6371015,-0.5488329512717622,57.65041776327743,AKEUSDT_5m_limit500_20260717_211054_enriched_candles.csv,-0.5650689115758887,5m,1784285100000
0.3275,76.0275768911189,1.3401175872685962,0.0011448,1784285999999,0.00031559,0.3904,87264.0,80.43581599844507,45401859139.0,0.5558469676821831,7.111478402989515,52535853.26551107,35.29081444322263,1.0092,1.200641692153981,-0.9945515869584032,6634470.4698266,131.62275643341775,65.36024438129746,AKEUSDT_15m_limit500_20260717_211231_enriched_candles.csv,-4.555949347090843,15m,1784285100000
0.3286,78.53915790537036,0.25834238077848276,0.0011595,1784285699999,0.00031559,0.3912,21749.0,-0.2811624402808676,45438955301.0,0.0817062620418918,-1.3872360387661802,52677380.8804493,2.0545113639565544,1.01,-0.9748025773274234,-0.04310344827587187,1708148.1452839,-0.2629495970453678,57.47377613475302,AKEUSDT_5m_limit500_20260717_211054_enriched_candles.csv,1.1324489334082362,5m,1784285400000
0.3273,78.23526688621199,0.21992527476655593,0.0011448,1784285999999,0.00031559,0.3893,46040.0,1.2375385303247926,45413811099.0,-0.055336223804969276,-1.388944491701845,52675479.4937301,2.0344145112579373,1.0097,0.6007416581764979,-1.267787839586021,3601951.6874412,1.1575813347667299,52.3912312785704,AKEUSDT_5m_limit500_20260717_211054_enriched_candles.csv,-8.720922433697353,5m,1784285700000
0.3263,87.20742147991862,0.9780157438859535,0.0011351,1784286299999,0.00031559,0.385,48657.0,1.4011855568455691,45367811201.0,-0.10129054771405022,-1.4107599893588578,51842251.53749471,1.8349062561026706,1.0091,0.0602002983184438,-0.847309573724675,4243251.5069484,1.6252311958241235,49.293523584638805,AKEUSDT_5m_limit500_20260717_211054_enriched_candles.csv,0.03051156394758818,5m,1784286000000
0.3263,82.16991784337804,1.568073789757476,0.0011381,1784286899999,0.00031559,0.385,105641.0,97.50010188639503,45367811201.0,-0.07499238719665957,7.084557022868326,51842251.53749471,34.73633156201893,1.0091,0.34269293126571443,-0.585255066387147,8680512.2908923,172.24721702111955,63.85041438111988,AKEUSDT_15m_limit500_20260717_211231_enriched_candles.csv,3.874373578784835,15m,1784286000000
0.3263,79.34453640418198,2.3796585900112275,0.0011683,1784289599999,0.00031559,0.385,438477.0,240.93480951801803,45367811201.0,0.007580285616515248,5.435518941512676,51842251.53749471,158.72381808719766,1.0091,2.0639784711621862,2.052760307477275,34790754.2888965,422.42784932624426,70.32390370490452,AKEUSDT_1h_limit500_20260717_211343_enriched_candles.csv,5.232804491961017,1h,1784286000000
0.3247,75.16080681649886,-0.06285279972119151,0.0011341,1784286599999,0.00031559,0.3826,25626.0,-0.04044256880171975,45529342061.0,0.356047284900618,-1.2511010478143094,51648485.6339984,1.7899773577573528,1.0065,-0.9208929962769984,-0.08809796493700617,1926070.8354796,-0.10093423819697762,48.9720516401661,AKEUSDT_5m_limit500_20260717_211054_enriched_candles.csv,6.585557497786206,5m,1784286300000
0.3259,80.08131731820588,0.3652559248717821,0.0011381,1784286899999,0.00031559,0.3826,31358.0,0.3196136078976641,45545967500.0,0.03651587799737843,-1.2314478127422945,51664157.314275,1.778224283098496,1.0071,-0.5763524969781226,0.3527025835464048,2511189.9484643,0.33516728117175865,50.3664074158381,AKEUSDT_5m_limit500_20260717_211054_enriched_candles.csv,8.290025615673148,5m,1784286600000
0.3263,84.3706744041573,0.7233391477367008,0.0011387,1784287199999,0.00031559,0.3833,25810.0,-0.02908065984823873,45793223473.0,0.5428712717541861,-0.9820206598603084,52112688.312274,1.8645164347171401,0.9957,-0.9637553120842177,0.05271944468852041,2177607.1063713,0.08637836637344415,50.584531865722326,AKEUSDT_5m_limit500_20260717_211054_enriched_candles.csv,5.793636146822358,5m,1784286900000
0.3263,84.29808442962837,1.642946947782953,0.0011493,1784287799999,0.00031559,0.3833,76474.0,69.647294876026,45793223473.0,0.9376962668867339,7.183190655543608,52112688.312274,34.91108935588442,0.9957,1.1773160197659902,0.9840963008522996,6446611.7086714,127.3954651176464,65.29369463571942,AKEUSDT_15m_limit500_20260717_211231_enriched_candles.csv,3.693337615993468,15m,1784286900000
0.325,79.69788381483325,0.320093313261478,0.0011315,1784287499999,0.00031559,0.3814,19099.0,-0.44705353271353054,45887398280.0,0.2056522774718461,-0.8827339333616251,52141850.665564,1.8603248083595134,0.9897,-0.20987279788990085,-0.632299991218066,1522149.8829795,-0.4028256717648795,47.866075369980784,AKEUSDT_5m_limit500_20260717_211054_enriched_candles.csv,-8.302300208080233,5m,1784287200000
0.3278,87.02216756916205,0.9487157871627305,0.0011493,1784287799999,0.00031559,0.3837,31565.0,0.33345631034722867,45919359759.0,0.06965197461179518,-0.8192793771904107,51969235.40724825,1.811552910994242,0.9889,1.0215233489010038,1.5731330092797258,2746854.7193206,0.513356604471859,54.39168209032651,AKEUSDT_5m_limit500_20260717_211054_enriched_candles.csv,8.675593724292119,5m,1784287500000
0.3263,82.77665372622478,0.5833452712940919,0.0011701,1784288099999,0.00031559,0.3837,67665.0,2.596588061646064,45816814165.0,-0.2233166893837235,-0.8789063077217742,52689336.28975,1.9559604029544553,0.9919,1.3124960817153197,1.8097972679022023,5601082.274385,2.6629685665285447,60.59815730833942,AKEUSDT_5m_limit500_20260717_211054_enriched_candles.csv,8.885318481058103,5m,1784287800000
0.3263,79.46579294525333,1.4562825422276895,0.0011769,1784288699999,0.00031559,0.3837,180358.0,163.92385781876695,45816814165.0,0.051515683349756536,7.182403264366386,52689336.28975,35.31067759630955,0.9919,4.142955078663897,2.40146175933178,14332291.48402,283.4594932022382,68.6187115601766,AKEUSDT_15m_limit500_20260717_211231_enriched_candles.csv,7.779857625755252,15m,1784287800000
0.3286,78.82486287151374,0.24273410721433622,0.0011908,1784288399999,0.00031559,0.3895,59046.0,2.0548518027447242,45560296929.0,-0.559875758877959,-1.086501888607142,53282767.2584655,2.0469671509648046,0.9854,1.2446211373929148,1.7690795658490632,4654292.8531114,1.9412371897418204,65.61329868835833,AKEUSDT_5m_limit500_20260717_211054_enriched_candles.csv,9.736961172807257,5m,1784288100000
0.3365,75.99523471067533,-0.001491528639206877,0.0011769,1784288699999,0.00031559,0.3976,53647.0,1.718688633305377,45523461660.0,-0.08084949283232445,-1.100119157427093,54254861.606388,2.2307711024171324,0.9852,0.4694926537637034,-1.1672824991602382,4076916.3565236,1.5050794059780008,60.08301390809405,AKEUSDT_5m_limit500_20260717_211054_enriched_candles.csv,4.026847037489608,5m,1784288400000
0.3385,68.81735208434628,-0.6213916173589835,0.0011733,1784288999999,0.00031559,0.4004,31558.0,0.3284643313106233,45544038483.0,0.04520047959815088,-1.0715869796630848,53615352.98295726,2.0761745422179705,0.9854,-0.6348294989483472,-0.3058883507519816,2171737.9970778,0.07901459493456439,58.70298497276842,AKEUSDT_5m_limit500_20260717_211054_enriched_candles.csv,-2.1831994249581355,5m,1784288700000
0.3385,70.14550293817167,1.1013746346052622,0.0011683,1784289599999,0.00031559,0.4004,76004.0,68.27001380499325,45544038483.0,-0.5953615216842789,7.116803737498224,53615352.98295726,35.98538688958657,0.9854,0.6460104579107144,-0.7307332823519475,5331338.8053128,104.06653891672691,66.48143885512403,AKEUSDT_15m_limit500_20260717_211231_enriched_candles.csv,2.4588508842462975,15m,1784288700000
0.3421,70.50524213236453,-0.4759271717394667,0.001169,1784289299999,0.00031559,0.4035,21573.0,-0.29859207714725355,45550802389.0,0.014851353163436443,-1.0436319163414993,53437468.31463146,2.0286692160407185,0.9848,-0.5586112506992378,-0.3664876843092135,1521009.5885215,-0.40861495050659724,57.018365244033085,AKEUSDT_5m_limit500_20260717_211054_enriched_candles.csv,10.47067827459977,5m,1784289000000
0.3392,71.6386665375552,-0.37758668346936025,0.0011683,1784289599999,0.00031559,0.4015,22873.0,-0.21634636244169778,45673347736.0,0.2690300512238508,-0.940765468789532,53355604.8251952,2.0062466851732457,0.9853,-0.9545211551800923,-0.059880239520959666,1638591.2197135,-0.3199818936999267,56.73294073623879,AKEUSDT_5m_limit500_20260717_211054_enriched_candles.csv,1.1743638101432394,5m,1784289300000
0.3385,71.43248617934202,-0.39575926108493636,0.0011828,1784289899999,0.00031559,0.4006,30153.0,0.24210195203244453,45706944057.0,0.07355782456366367,-0.9118414217288836,53390281.3529817,2.0072790244039913,0.9811,0.5772610721273586,1.2411195754514992,2153903.7557657,0.06717475954254415,61.07917545806595,AKEUSDT_5m_limit500_20260717_211054_enriched_candles.csv,7.007699974989931,5m,1784289600000
0.3385,70.07846674073254,1.0963672232340538,0.0011838,1784290499999,0.00031559,0.4006,100610.0,90.54252230289757,45706944057.0,0.3576880299291041,7.1588321448278895,53390281.3529817,35.8140863555767,0.9811,1.8929316868454704,1.326714028930942,7050594.5387851,136.90629428182874,68.39229616464857,AKEUSDT_15m_limit500_20260717_211231_enriched_candles.csv,3.044046482467019,15m,1784289600000
0.3385,77.54755981298256,2.27137837480208,0.0012508,1784293199999,0.00031559,0.4006,484504.0,266.14250584676756,45706944057.0,0.7475186636126008,5.501174076827502,53390281.3529817,162.669027852302,0.9811,9.30591272594322,7.061542412051702,37572102.9196293,446.2804393807901,74.35130049953057,AKEUSDT_1h_limit500_20260717_211343_enriched_candles.csv,7.945435123333672,1h,1784289600000
0.3385,83.3786298418906,2.8782391431195964,0.001238,1784303999999,0.00031559,0.4006,2151810.0,399.06664644795694,45706944057.0,0.44680393606868485,20.7873673400168,53390281.3529817,179.18132482229015,0.9811,2.5470940447316153,5.965933407515189,179414969.4800786,618.9679150445547,79.22397511018968,AKEUSDT_4h_limit500_20260717_211446_enriched_candles.csv,4.47975686452262,4h,1784289600000
0.3416,74.87809860693895,-0.09573523283489,0.0011738,1784290199999,0.00035382,0.4037,38882.0,0.7912162562873273,45837106381.0,0.28477581839134736,-0.7869094870586768,54095119.46660096,2.1267903335429086,0.9804,-0.050517478321976,-0.7609063239769953,2911410.230035,0.6364983852951652,57.236049325138076,AKEUSDT_5m_limit500_20260717_211054_enriched_candles.csv,-2.9130596109425784,5m,1784289900000
0.3399,62.87507689578464,-1.141945021204689,0.0011838,1784290499999,0.00035382,0.3994,31575.0,0.33079268653756416,45812251162.0,-0.05422510486025045,-0.7914058720089289,53458774.00344942,1.9941627330389466,0.9841,0.074329348639361,0.8519338899301454,1985280.5529844,-0.061632478965903244,60.23028592954495,AKEUSDT_5m_limit500_20260717_211054_enriched_candles.csv,7.4798182752343205,5m,1784290200000
0.3401,69.82903514387799,-0.533521459904998,0.001181,1784290799999,0.00035382,0.4017,30619.0,0.2640029286095636,45865566089.0,0.1163770075639059,-0.7331976629986361,54277310.9097226,2.1592639018644615,0.983,-0.7297108977895249,-0.23652644027708503,2138095.2270704,0.0547567983982707,58.98493397226685,AKEUSDT_5m_limit500_20260717_211054_enriched_candles.csv,-4.265835366209195,5m,1784290500000
0.3401,81.85337844081725,1.5396233841267395,0.001183,1784291399999,0.00035382,0.4017,120770.0,108.79406117037037,45865566089.0,0.3470414294208579,7.208814508643741,54277310.9097226,36.43010009121611,0.983,-0.7413445298922362,-0.0675789829363116,9885432.5142975,192.13213489442225,68.17626368062382,AKEUSDT_15m_limit500_20260717_211231_enriched_candles.csv,9.983478560857218,15m,1784290500000
0.3392,65.3030724200744,-0.9327762205918129,0.001191,1784291099999,0.00035382,0.4006,28763.0,0.14181419593533487,45890261029.0,0.05384200415641249,-0.6993970148698445,54214754.3796606,2.145275287412091,0.9768,0.06759249330821786,0.8467400508044065,1878312.2720186,-0.14251694461245806,62.00637786495643,AKEUSDT_5m_limit500_20260717_211054_enriched_candles.csv,5.774836985387377,5m,1784290800000
0.3378,95.60541172881508,1.7536428373346544,0.001183,1784291399999,0.00035382,0.4,61388.0,2.1735116036413595,45984337250.0,0.20500258418785222,-0.6242057777089268,54767345.66475,2.2539553575770763,0.9743,-0.16622663709252553,-0.6717044500419767,5869025.0152085,2.879484373119071,58.30589613845804,AKEUSDT_5m_limit500_20260717_211054_enriched_candles.csv,16.52145260540267,5m,1784291100000
0.331,72.0673101599339,-0.33233207511360197,0.0011765,1784291699999,0.00035382,0.393,28136.0,0.1011174934077079,46039949240.0,0.12093680876090751,-0.5806191243682863,54437635.981376,2.1835745100170407,0.9695,-0.318398513325207,-0.5494505494505475,2027685.8386599,-0.029665712160941778,55.412311302492704,AKEUSDT_5m_limit500_20260717_211054_enriched_candles.csv,-3.6698349996111608,5m,1784291400000
0.331,77.51063759971498,1.3743156445832283,0.0011974,1784292299999,0.00035382,0.393,94030.0,84.33206991162633,46039949240.0,0.38020494647688086,7.261836212688882,54437635.981376,36.51199160370774,0.9695,1.663732866427011,1.2172442941673633,7288325.2535012,141.33225205809427,70.01242331064432,AKEUSDT_15m_limit500_20260717_211231_enriched_candles.csv,4.927222830892295,15m,1784291400000
0.3312,76.84129130413206,0.10036679456497032,0.001173,1784291999999,0.00035382,0.3922,29743.0,0.1999735643871087,46037746637.0,-0.004784112572575605,-0.5909939704473277,54098956.0731387,2.08848634057331,0.968,-0.6449312821831045,-0.2974925626859304,2285490.5272588,0.16641737884660182,53.862254394299235,AKEUSDT_5m_limit500_20260717_211054_enriched_candles.csv,4.297606448249253,5m,1784291700000
0.3277,82.29783097514591,0.5725955465540501,0.0011974,1784292299999,0.00035382,0.3868,36151.0,0.6012956326250698,46103451918.0,0.14272045397458744,-0.5464747333677433,53962246.33194228,2.0507561946085726,0.9666,1.7001412553631319,2.080136402387045,2975148.8875825,0.6870765572337665,61.870066750538946,AKEUSDT_5m_limit500_20260717_211054_enriched_candles.csv,11.27013722222002,5m,1784292000000
0.3261,84.61291766887709,0.771166281958082,0.0012253,1784292599999,0.00035382,0.386,77994.0,3.234220996652046,46112502687.0,0.019631434574796103,-0.5424519914646897,55143175.21322208,2.2835285611440335,0.9583,2.0211259782677935,2.33004843828295,6599299.9006664,3.4147938226408914,68.58438782512928,AKEUSDT_5m_limit500_20260717_211054_enriched_candles.csv,13.270560038139282,5m,1784292300000
0.3261,78.93686714517074,1.423400056917974,0.0012508,1784293199999,0.00035382,0.386,169094.0,152.17801525285236,46112502687.0,0.15758802561181007,7.277096364213943,55143175.21322208,37.02151625035287,0.9583,8.446269236728165,4.459662602304992,13347750.6130455,258.99701788875126,75.62820516428346,AKEUSDT_15m_limit500_20260717_211231_enriched_candles.csv,10.673121386572335,15m,1784292300000
0.3286,77.19280749448338,0.10741412631122421,0.0012383,1784292899999,0.00035382,0.3949,60635.0,2.1372052570882296,46137682496.0,0.05460516678288396,-0.5251606828278219,56518661.0576,2.545351271752442,0.9534,0.34587408168168665,1.0609646617155022,4680585.882428,1.9621691426865995,71.13492999067043,AKEUSDT_5m_limit500_20260717_211054_enriched_candles.csv,9.054856649043018,5m,1784292600000
0.3293,67.87673822258658,-0.7150158099408975,0.0012508,1784293199999,0.00035382,0.3978,30465.0,0.23457386642486328,46241391281.0,0.2247810886665036,-0.4476283059730862,57302332.0754152,2.6877186685642007,0.9567,0.273714262895066,1.0094484373738277,2067864.8299511,-0.0036015352405319224,73.37341311678736,AKEUSDT_5m_limit500_20260717_211054_enriched_candles.csv,6.0466828436874565,5m,1784292900000
0.3298,77.6589253843058,0.14808737724691312,0.0012391,1784293499999,0.00035382,0.3994,61150.0,2.1473755151851854,46379007945.0,0.2976049383197177,-0.339186145810865,57911148.27052425,2.80387324186398,0.9592,0.1764961967921189,-0.9354013431403962,4748843.2872503,2.013513396482707,68.05364010412407,AKEUSDT_5m_limit500_20260717_211054_enriched_candles.csv,4.284028220962783,5m,1784293200000
0.3298,78.31456427078112,1.3955128229069234,0.0012519,1784294099999,0.00035382,0.3994,136535.0,122.53561976977213,46379007945.0,0.5779457684371936,7.3403951857054714,57911148.27052425,39.04266442442713,0.9592,-0.6985890789721275,0.08794371602174333,10692679.0327111,206.9431757732919,75.72903568286434,AKEUSDT_15m_limit500_20260717_211231_enriched_candles.csv,3.4265670622809585,15m,1784293200000
0.3298,88.20821542424366,2.8378576529743818,0.0012596,1784296799999,0.00035382,0.3994,587696.0,322.83572234403107,46379007945.0,1.4703758955354473,5.6297128273398025,57911148.27052425,176.24638451972007,0.9592,0.10096004746022158,0.7035497281739689,51839615.3719663,603.6592033917323,74.74501210801944,AKEUSDT_1h_limit500_20260717_211343_enriched_candles.csv,3.2641871505114795,1h,1784293200000
0.3282,68.93651383992666,-0.6214863932722122,0.0012376,1784293799999,0.00035382,0.3955,33003.0,0.3850806967109206,46463032774.0,0.18116995753691967,-0.2689221019268609,57639250.67745796,2.739024850593824,0.9573,-0.8913424842643314,-0.12105560487450928,2275111.7662591,0.1520838291647614,67.37915860062864,AKEUSDT_5m_limit500_20260717_211054_enriched_candles.csv,-2.4458080253786787,5m,1784293500000
0.3287,86.56325749614695,0.9506050317206293,0.0012519,1784294099999,0.00035382,0.3947,42382.0,0.9665715134517766,46653325133.0,0.4095564745538516,-0.10670275124086624,57748418.91613006,2.7553997999740742,0.9608,0.46448093106551896,1.1554621848739455,3668723.9792017,1.1985477894629353,70.39188003864402,AKEUSDT_5m_limit500_20260717_211054_enriched_candles.csv,5.958335885172404,5m,1784293800000
0.324,92.53322209495889,1.4610170369667357,0.0012376,1784294399999,0.00035382,0.3883,62506.0,2.2151377678298876,46644083764.0,-0.01980859665127177,-0.11652977797266247,57665614.31659556,2.7244809541943806,0.9615,0.4473922582336545,-1.1422637590861928,5783881.5802675,2.751091227844558,64.02404756989077,AKEUSDT_5m_limit500_20260717_211054_enriched_candles.csv,4.634541117996105,5m,1784294100000
0.324,92.66586300637067,1.9302787728985003,0.0012453,1784294999999,0.00035382,0.3883,139279.0,123.68254517158488,46644083764.0,0.5715426671358381,7.407356848687176,57665614.31659556,38.860028025497485,0.9615,0.22013733584854386,-0.5271986580397847,12906408.7336643,249.62615864303473,73.75731443591198,AKEUSDT_15m_limit500_20260717_211231_enriched_candles.csv,3.544426369590268,15m,1784294100000
0.3293,101.18461547458315,2.188558140082896,0.0012331,1784294699999,0.00035382,0.397,41382.0,0.8877590050864699,46627697267.0,-0.035130922675874476,-0.1330969501960954,57731150.81719071,2.72988678468962,0.9594,-0.5738761587394001,-0.3636069812540388,4187221.7575692,1.527649446480302,62.119643168610956,AKEUSDT_5m_limit500_20260717_211054_enriched_candles.csv,-1.0911588933690446,5m,1784294400000
0.3317,82.93931778778786,0.601819114821564,0.0012453,1784294999999,0.00035382,0.3998,35391.0,0.5115478969422554,46567874037.0,-0.1282997735389757,-0.18812690027980952,57339954.65923884,2.6501705849495507,0.9651,0.24722276044156952,0.9893763685021373,2935305.3958276,0.6087228813618633,65.14651646311938,AKEUSDT_5m_limit500_20260717_211054_enriched_candles.csv,8.009082373383396,5m,1784294700000
0.3301,107.12231600195535,2.6991569091168848,0.0012662,1784295299999,0.00035382,0.3961,109852.0,5.1691498943965515,46576329769.0,0.01815786564205446,-0.1821663429045488,58094656.1208737,2.795078620390858,0.9674,1.1528446914944563,1.6783104472817945,11767600.6574468,7.059375614805577,69.62443046495562,AKEUSDT_5m_limit500_20260717_211054_enriched_candles.csv,6.276733652068524,5m,1784295000000
0.3301,98.7902751473458,2.1563129941925796,0.001257,1784295899999,0.00035382,0.3961,216826.0,191.01779860859583,46576329769.0,-0.14525742502051742,7.391858393243661,58094656.1208737,39.17183801832824,0.9674,1.0820021021635629,0.9395326427366957,21420300.1990984,414.272156776365,74.99996852901909,AKEUSDT_15m_limit500_20260717_211231_enriched_candles.csv,3.640736510477222,15m,1784295000000
0.3254,91.74719391604077,1.363571363640065,0.0012458,1784295599999,0.00035382,0.3972,57678.0,1.8866633894246223,46753788040.0,0.3810052700161659,-0.019390139822478863,59528325.5461692,3.074294775971352,0.9621,1.0633669514173507,-1.611119886273893,5291794.6506894,2.32322899796411,61.34034894177873,AKEUSDT_5m_limit500_20260717_211054_enriched_candles.csv,-1.3215804495000425,5m,1784295300000
0.3273,88.46366623990183,1.077705236942361,0.001257,1784295899999,0.00035382,0.3984,49296.0,1.3503894122284832,46734392184.0,-0.041485100594218505,-0.0366424880717192,58525946.67594504,2.872520276516536,0.9642,0.12271144002534264,0.8990207095842084,4360904.8909622,1.6413015055357172,63.881251119490244,AKEUSDT_5m_limit500_20260717_211054_enriched_candles.csv,2.549265939209019,5m,1784295600000
0.3256,71.49580721424796,-0.3933535844771005,0.001277,1784296199999,0.00035382,0.3928,30643.0,0.20027666980664352,46621801415.0,-0.24091630111869877,-0.1406101403388267,58626915.2793625,2.8876579353634066,0.9633,1.026003443509966,1.5910898965791453,2190846.0204662,0.0607766101551857,67.93418032681052,AKEUSDT_5m_limit500_20260717_211054_enriched_candles.csv,4.026930788747366,5m,1784295900000
0.3256,71.74957295165481,1.1428909406660315,0.0012596,1784296799999,0.00035382,0.3928,95056.0,83.17763368163935,46621801415.0,0.09762822924330727,7.4065788100292105,58626915.2793625,39.4779826403732,0.9633,-0.4500162298767272,0.20684168655529245,6820227.4064925,131.20175636402874,75.28009933364281,AKEUSDT_15m_limit500_20260717_211231_enriched_candles.csv,1.2966635309889296,15m,1784295900000
0.3298,68.90389236036015,-0.6152851569872284,0.00126,1784296499999,0.00035382,0.3972,38151.0,0.6559493894584052,46730711216.0,0.23360273025605505,-0.040276832437886635,59664370.15925232,3.081097094032583,0.9633,0.6702992430665575,-1.3312451057165164,2628752.3974401,0.3793992883541601,61.606210176711365,AKEUSDT_5m_limit500_20260717_211054_enriched_candles.csv,-1.571511289200498,5m,1784296200000
0.3284,76.1796126946234,0.01469910183497549,0.0012596,1784296799999,0.00035382,0.3937,26262.0,-0.07442793807496129,46662787237.0,-0.14535190505883255,-0.10294073943302218,58759181.57244751,2.8708317078605936,0.9676,-1.0158175904410238,-0.03174603174602719,2000628.9885862,-0.08388627026707665,61.46114189723278,AKEUSDT_5m_limit500_20260717_211054_enriched_candles.csv,2.075481736298499,5m,1784296500000
0.3307,76.47310445275461,0.03992857476893164,0.0012485,1784297099999,0.00035382,0.3959,31910.0,0.27414152361615246,46688639269.0,0.055401817016842436,-0.07875929099927638,58827685.47894,2.842665790769409,0.969,0.08510011277357032,-0.8812321371864051,2440256.7630874,0.24222031536965605,57.42039356071997,AKEUSDT_5m_limit500_20260717_211054_enriched_candles.csv,-2.3992616982208452,5m,1784296800000
0.3307,74.87994451925377,1.257575472702572,0.0012591,1784297699999,0.00035382,0.3959,79787.0,69.62537573984272,46688639269.0,0.14336180064140613,7.426615100366787,58827685.47894,39.54090335843867,0.969,-0.7994722444650314,-0.039695141314710636,5974446.1333577,114.67999786098328,75.10580824716162,AKEUSDT_15m_limit500_20260717_211231_enriched_candles.csv,0.46669709723920455,15m,1784296800000
0.3307,90.87330153601827,2.9680044465196174,0.0012311,1784300399999,0.00035382,0.3959,625674.0,343.0750422148103,46688639269.0,0.6676109251133377,5.687274093191885,58827685.47894,178.62954393314683,0.969,2.3394597840973033,-2.2626230549380844,56857062.0652467,659.1173443027515,70.94668926181807,AKEUSDT_1h_limit500_20260717_211343_enriched_candles.csv,4.276276167751634,1h,1784296800000
0.3273,76.95952771391097,0.08073572618914555,0.0012704,1784297399999,0.00035382,0.3856,28553.0,0.06663722922482039,46670434947.0,-0.038990902894198154,-0.09379899009269246,58024885.06525563,2.656112722297136,0.9719,1.196399591587602,1.7541049259111041,2197425.3948153,0.05898497302764745,62.639326264183204,AKEUSDT_5m_limit500_20260717_211054_enriched_candles.csv,4.0917105314903,5m,1784297100000
0.3293,69.17635973168082,-0.6093512598302117,0.0012591,1784297699999,0.00035382,0.3885,19324.0,-0.5060835347133175,46755221082.0,0.181669905361459,-0.01250179238963724,59407183.9067892,2.8947950987939834,0.9727,0.08119747721507482,-0.8894836272040352,1336763.975455,-0.5689013989405498,58.645116067739686,AKEUSDT_5m_limit500_20260717_211054_enriched_candles.csv,-0.26044790477055335,5m,1784297400000
0.3275,71.22803833375727,-0.43165669068622664,0.0012487,1784297999999,0.00035382,0.3858,20129.0,-0.4559401720087437,46734974202.0,-0.043303997995203236,-0.031221304914249414,58834659.0228978,2.759639925926474,0.9737,-0.005481148527176162,-0.8259868159796735,1433749.1836202,-0.49690326987029754,55.15901541058544,AKEUSDT_5m_limit500_20260717_211054_enriched_candles.csv,-4.335014641254319,5m,1784297700000
0.3275,83.63316539541127,1.5823195153430147,0.0012184,1784298599999,0.00035382,0.3858,89676.0,78.10952560124102,46734974202.0,0.09924241469758677,7.4466696122039595,58834659.0228978,39.52149968135084,0.9737,5.877970796435409,-3.2324676356127457,7499887.7399989,144.08410112779524,62.43432381200207,AKEUSDT_15m_limit500_20260717_211231_enriched_candles.csv,-2.33931337395359,15m,1784297700000
0.327,86.34813647925012,0.9338719505929077,0.0012308,1784298299999,0.00035382,0.3845,34352.0,0.4317557861403996,46790241207.0,0.11825620093663947,0.020733839296580167,58470021.21709134,2.6842743002421914,0.9762,0.7810429808762938,-1.4334908304636795,2966231.1843352,0.6280321736653769,49.68463978716143,AKEUSDT_5m_limit500_20260717_211054_enriched_candles.csv,-2.0394527459517025,5m,1784298000000
0.3252,88.07806143041626,1.079900300746705,0.0012184,1784298599999,0.00035382,0.3789,35195.0,0.4810708114377425,46790771913.0,0.0011342236891920265,0.020996461291799502,57756657.21853068,2.534585890886248,0.9748,0.22796893693746167,-1.007474813129683,3099907.3720435,0.7167815529387584,46.25954362460538,AKEUSDT_5m_limit500_20260717_211054_enriched_candles.csv,-1.7032043292795247,5m,1784298300000
0.3242,86.92774744242128,0.9603643128893974,0.0012296,1784298899999,0.00035382,0.3759,35758.0,0.5128362102859778,46619069982.0,-0.3669568249894506,-0.14031370560408124,56836571.54995494,2.3482089775054864,0.976,0.106052215980807,0.9192383453709763,3108362.3930461,0.7107424169152284,49.63666103354465,AKEUSDT_5m_limit500_20260717_211054_enriched_candles.csv,4.142454934655046,5m,1784298600000
0.3242,100.3474830926024,2.2028278306673696,0.001309,1784299499999,0.00035382,0.3759,295853.0,258.92677871614586,46619069982.0,-0.24800317530728755,7.426422506768422,56836571.54995494,38.040444208323684,0.976,14.663957735186708,7.4359816152331115,29688103.9153957,572.2872900298306,73.25252816777513,AKEUSDT_15m_limit500_20260717_211231_enriched_candles.csv,7.973911072142473,15m,1784298600000
0.3217,89.16438677219121,1.1449038767596196,0.001222,1784299199999,0.00035382,0.3734,70564.0,2.667599208494253,46556696125.0,-0.13379472611547705,-0.20520774123942584,57161845.93531375,2.408801084450178,0.9765,-0.2838662575111578,-0.6180871828236789,6291795.7881929,3.007606404058312,47.457305244273996,AKEUSDT_5m_limit500_20260717_211054_enriched_candles.csv,-2.649620042696598,5m,1784298900000
0.3113,107.0428886786684,2.7213084883574674,0.001309,1784299499999,0.00035382,0.3561,189531.0,10.054945237503452,46401728141.0,-0.3328586366694197,-0.367426318196787,55977188.76017676,2.1765182820731925,0.9821,8.05164056949437,7.11947626841245,20287945.7341567,13.100146338750651,65.90953478398879,AKEUSDT_5m_limit500_20260717_211054_enriched_candles.csv,11.855558012860955,5m,1784299200000
0.3074,82.15855454659055,0.5267789662540006,0.0012926,1784299799999,0.00035382,0.3674,80409.0,3.2146785542172767,45562656929.0,-1.8082757811311079,-1.207512190904922,59591398.9974391,2.8388707899425647,0.9768,0.5210761281625373,-1.2528647822765415,6606287.2125368,3.210717864119348,61.52336097570953,AKEUSDT_5m_limit500_20260717_211054_enriched_candles.csv,2.1724820015581607,5m,1784299500000
0.3074,85.40031851541177,1.6417475193585254,0.0012311,1784300399999,0.00035382,0.3674,160358.0,139.83835703025375,45562656929.0,-2.266053469981044,7.173781686334445,59591398.9974391,40.02868934300266,0.9768,11.555325167647315,-5.951107715813608,13694624.2764944,262.8292498352304,57.831246572580916,AKEUSDT_15m_limit500_20260717_211231_enriched_candles.csv,1.5453165821937553,15m,1784299500000
0.3134,82.08293182960503,0.5200378310079856,0.0012795,1784300099999,0.00035382,0.3746,34788.0,0.4042246606617319,45404339898.0,-0.3474710248937085,-1.3465267616549483,58569782.29482408,2.648027926641298,0.9745,0.2157930637538352,-1.0134612409097965,2855501.0324883,0.5174197295075325,58.19206303670993,AKEUSDT_5m_limit500_20260717_211054_enriched_candles.csv,2.762458103275903,5m,1784299800000
0.3189,93.72768608908794,1.5542652175829144,0.0012311,1784300399999,0.00035382,0.3793,45161.0,1.0258666766449713,45506298604.0,0.22455718160212523,-1.2158618068582197,58233955.26055276,2.577107157039948,0.9747,3.742497707608503,-3.7827276279796873,4232836.0314693,1.4973483338170352,47.87724981289226,AKEUSDT_5m_limit500_20260717_211054_enriched_candles.csv,-0.2546075593473779,5m,1784300100000
0.3203,75.41597819953104,-0.07276575261520686,0.0012487,1784300699999,0.00035382,0.3755,39876.0,0.7037424160149306,45373083950.0,-0.29273893523893424,-1.3146822886954688,55994922.902695,2.1636879769125916,0.9789,0.7422092782038787,1.4296157907562446,3007287.5466845,0.618794745175534,51.26047493277296,AKEUSDT_5m_limit500_20260717_211054_enriched_candles.csv,6.674686483006909,5m,1784300400000
0.3203,78.31824418475894,1.375720736075468,0.0012095,1784301299999,0.00035382,0.3755,124309.0,108.12886395318596,45373083950.0,-0.41607094883735485,7.136628895221477,55994922.902695,37.389497764216976,0.9789,2.7791791384943587,-1.7545284704735487,9735662.6163632,186.08463283101435,54.410791652509225,AKEUSDT_15m_limit500_20260717_211231_enriched_candles.csv,2.9905021894293955,15m,1784300400000
0.3203,73.01952064439986,1.980977702679815,0.001238,1784303999999,0.00035382,0.3755,453936.0,247.03775152534467,45373083950.0,-2.8177204124976374,5.438155906707835,55994922.902695,169.06257403220113,0.9789,-0.10815551847813791,0.5604743725123873,33146189.1232363,380.8566653851138,71.32659671710195,AKEUSDT_1h_limit500_20260717_211343_enriched_candles.csv,2.801469234472399,1h,1784300400000
0.32,81.81313254033005,0.49658486499223553,0.0012407,1784300999999,0.00035382,0.3791,35450.0,0.4339758766820113,45433156033.0,0.13239585624420513,-1.2522130616213951,56727384.29124347,2.293738536472667,0.9804,-0.2611165805757346,-0.6406662929446583,2900275.5485547,0.5382933864118805,49.68190503446412,AKEUSDT_5m_limit500_20260717_211054_enriched_candles.csv,8.246184918922008,5m,1784300700000
0.3257,78.15159384121021,0.17074972093516774,0.0012095,1784301299999,0.00035382,0.3856,48983.0,1.2391816200097372,45274536954.0,-0.34912626119301127,-1.3962611257436974,56168496.03587148,2.1879668522485796,0.9743,2.122381671543145,-2.5147094382203528,3828099.521124,1.1916401795449874,43.99200962386611,AKEUSDT_5m_limit500_20260717_211054_enriched_candles.csv,-3.8855807106688403,5m,1784301000000
0.324,77.72922781090082,0.13217181555979202,0.0012283,1784301599999,0.00035382,0.3791,54473.0,1.5647995128936658,45198182508.0,-0.16864765746268384,-1.4667973989822984,54796468.54539888,1.9283306599900822,0.9776,0.8966286852981186,1.5543613063249362,4234144.2265432,1.4744598208824056,47.86646908887611,AKEUSDT_5m_limit500_20260717_211054_enriched_candles.csv,2.166911943883061,5m,1784301300000
0.324,73.1657421093801,1.1780728605411708,0.0012031,1784302199999,0.00035382,0.3791,109956.0,95.47689474788824,45198182508.0,-0.3854740008255475,7.100839284483359,54796468.54539888,36.51259209697728,0.9776,0.22077488511188026,-0.5291442744936092,8045012.339379,153.49673988170113,53.40293822756542,AKEUSDT_15m_limit500_20260717_211231_enriched_candles.csv,1.8566068304020724,15m,1784301300000
0.3247,72.84868596863011,-0.31043341742284547,0.0012265,1784301899999,0.00035382,0.3801,25805.0,-0.14635435241388423,45093724630.0,-0.2311107929649836,-1.5637304626574051,55514884.391993,2.0489440587856937,0.9782,-0.8840356983755358,-0.14654400390785582,1879860.3414205,-0.19704708780668373,47.52746485656981,AKEUSDT_5m_limit500_20260717_211054_enriched_candles.csv,4.764282705172838,5m,1784301600000
0.3275,65.06529319412697,-1.017363201936584,0.0012031,1784302199999,0.00035382,0.3841,29678.0,0.08532557877742392,45047761847.0,-0.10192722685280486,-1.5890408850775342,55318201.07049753,2.0099958218981357,0.9762,1.3352765340012345,-1.9078679168365253,1931007.7714153,-0.15953955212338594,43.240117879864535,AKEUSDT_5m_limit500_20260717_211054_enriched_candles.csv,-1.6544619844219697,5m,1784301900000
0.3263,68.0060971247933,-0.7482551266250522,0.001216,1784302499999,0.00035382,0.3827,38946.0,0.6397975970951408,45094540239.0,0.1038417672311498,-1.528277938034013,54162601.33566051,1.7982152868577763,0.9758,0.28271230384127277,1.0722300723132072,2648565.4586222,0.35208472784531086,46.125389240040775,AKEUSDT_5m_limit500_20260717_211054_enriched_candles.csv,4.897276818669776,5m,1784302200000
0.3263,65.46002172352797,0.8892800532545174,0.0012083,1784303099999,0.00035382,0.3827,97977.0,84.8107435843061,45094540239.0,-0.2293062757150799,7.0827851684382805,54162601.33566051,36.04696265719282,0.9758,0.01824324217998783,0.43221677333555863,6413576.5484061,122.10239805887952,54.14612239949486,AKEUSDT_15m_limit500_20260717_211231_enriched_candles.csv,3.185277963352141,15m,1784302200000
0.3261,60.68381411474853,-1.3982646558639027,0.0012189,1784302799999,0.00035382,0.3824,25311.0,-0.17860348664386624,45023873725.0,-0.15670747195883905,-1.5879420571661171,54572987.10333525,1.8586428492304292,0.9757,-0.7653025362178033,0.2384868421052566,1535968.0190584,-0.4416118498737782,46.78034237806591,AKEUSDT_5m_limit500_20260717_211054_enriched_candles.csv,5.630685927680873,5m,1784302500000
0.3273,66.10448015200178,-0.8960108195497574,0.0012083,1784303099999,0.00035382,0.3845,33720.0,0.33069407526978417,45100343301.0,0.1698422851553527,-1.51229073274101,54858253.57760436,1.9009760294374713,0.9757,0.028385742867093555,-0.8696365575518894,2229043.0707255,0.05357347148610081,44.643948940123956,AKEUSDT_5m_limit500_20260717_211054_enriched_candles.csv,-0.5339904388759014,5m,1784302800000
0.3286,74.92648133492726,-0.1118793329373814,0.0011962,1784303399999,0.00035382,0.3854,50316.0,1.3526305316707605,45099213181.0,-0.00250579023857167,-1.5033222811778697,54262020.32298377,1.790712763698671,0.9776,0.19370351263522403,-1.0014069353637467,3770000.8348482,1.160140903229474,42.2708129383604,AKEUSDT_5m_limit500_20260717_211054_enriched_candles.csv,-0.9473002090419383,5m,1784303100000
0.3286,73.56104342932272,1.1808229372544141,0.001238,1784303999999,0.00035382,0.3854,121694.0,104.73818857255469,45099213181.0,0.010362544944975127,7.092526983332298,54262020.32298377,36.11338509537804,0.9776,4.2310419846417044,2.457998841347342,8951937.619088,170.09386443728218,58.242587744929274,AKEUSDT_15m_limit500_20260717_211231_enriched_candles.csv,3.1700466424821925,15m,1784303100000
0.3256,75.91399736404257,-0.023494022809312887,0.001234,1784303699999,0.00035382,0.3812,48677.0,1.2383755647556476,45190061807.0,0.20144170949367712,-1.4111186512696625,54025170.79088657,1.7430693408828357,0.9771,2.901701509042877,3.160006687844863,3695265.6496895,1.1007545131844807,51.028587621545604,AKEUSDT_5m_limit500_20260717_211054_enriched_candles.csv,8.189863334743729,5m,1784303400000
0.327,65.48923547642394,-0.9540881780052294,0.001238,1784303999999,0.00035382,0.3854,22701.0,-0.3409112388701707,45017516356.0,-0.3818216751659165,-1.5646883265216833,55515601.1702192,1.9861994896542365,0.9764,-0.6577674432988483,0.32414910858993284,1486671.1345503,-0.48532613389544726,51.86082994734596,AKEUSDT_5m_limit500_20260717_211054_enriched_candles.csv,1.133849764305736,5m,1784303700000
0.3273,59.41777073165702,-1.4722814921432248,0.001243,1784304299999,0.00035382,0.3856,34918.0,0.40313981007560074,45013718311.0,-0.008436815949519616,-1.5653694681859136,55564483.74591529,1.9623124731237196,0.9773,-0.5598277098387971,0.40387722132471104,2074749.718408,-0.05950287404062486,52.93748600589441,AKEUSDT_5m_limit500_20260717_211054_enriched_candles.csv,1.9702851263509007,5m,1784304000000
0.3273,71.259866505022,1.0897684726254317,0.0012568,1784304899999,0.00035382,0.3856,99283.0,84.51683488552297,45013718311.0,-0.18957064651411448,7.079679708929703,55564483.74591529,37.0554434007451,0.9773,2.2752717984068846,1.5185783521809437,7074893.3262181,133.70607431099967,60.6396444820704,AKEUSDT_15m_limit500_20260717_211231_enriched_candles.csv,3.2603830585302176,15m,1784304000000
0.3273,78.47394475014185,2.26232608435874,0.0012924,1784307599999,0.00035382,0.3856,327094.0,177.3632238998988,45013718311.0,-0.7920238337689622,5.371123360881707,55564483.74591529,167.36626126416596,0.9773,5.403396172349996,4.394184168012916,25668356.4841029,293.26331696514205,74.19191255897525,AKEUSDT_1h_limit500_20260717_211343_enriched_candles.csv,3.8585127575226412,1h,1784304000000
0.3273,88.8955794644405,3.2183697417535377,0.0014847,1784318399999,0.00035382,0.3856,1421114.0,259.55091529458446,45013718311.0,-1.5166748954721143,20.23912643611588,55564483.74591529,181.87114960234678,0.9773,10.399465314899095,19.92730210016156,126330752.5150289,429.2274038551855,83.51181812645682,AKEUSDT_4h_limit500_20260717_211446_enriched_candles.csv,5.291129393372613,4h,1784304000000
0.3271,77.59805480740057,0.1367940268446574,0.0012546,1784304599999,0.00024055,0.386,33065.0,0.2907632533092249,45076554199.0,0.1395927516271156,-1.4998355403604946,55967049.6934784,2.022354015209766,0.9775,0.10874865358292182,0.9332260659694391,2565779.6822067,0.2946131603143079,55.428131403579705,AKEUSDT_5m_limit500_20260717_211054_enriched_candles.csv,6.381545738832823,5m,1784304300000
0.3314,77.77520529084345,0.15102544995578632,0.0012568,1784304899999,0.00024055,0.3947,31300.0,0.1797491823733139,45075036398.0,-0.003367162878731289,-1.494265552833624,56536716.65328344,2.1107845797066873,0.9789,-0.8519517053073712,0.17535469472340637,2434363.9256034,0.19960172445905505,55.90475757614306,AKEUSDT_5m_limit500_20260717_211054_enriched_candles.csv,1.0702481274299296,5m,1784304600000
0.3342,74.60853574509179,-0.13591701352079083,0.0012595,1784305199999,0.00024055,0.3996,28218.0,-0.015312370913151593,44996687224.0,-0.17381943590283333,-1.5602096251972322,56477591.9692036,2.093933630768315,0.9796,-0.8005582743601181,0.2148313176320915,2105303.661655,-0.0427392488613382,56.51928251712017,AKEUSDT_5m_limit500_20260717_211054_enriched_candles.csv,-7.080312579650427,5m,1784304900000
0.3342,70.8196253880667,1.0722308265293545,0.0012585,1784305799999,0.00024055,0.3996,74665.0,63.093502433926304,44996687224.0,-0.03783532584962224,7.074764887395887,56477591.9692036,37.71386258042599,0.9796,-0.6000676666205005,0.13526416295353005,5287747.3296,99.51654672437212,60.85845012105428,AKEUSDT_15m_limit500_20260717_211231_enriched_candles.csv,-3.0907264816558984,15m,1784304900000
0.3339,66.2909144936391,-0.8898748753065666,0.001256,1784305499999,0.00024055,0.3998,26317.0,-0.12915227334232307,45074211497.0,0.17228884565227975,-1.4869063309253323,56717781.81090504,2.128687692412885,0.9845,-0.7182740888513931,-0.2778880508138126,1744577.9967291,-0.2988086326567629,55.440670592172076,AKEUSDT_5m_limit500_20260717_211054_enriched_candles.csv,0.420269515232149,5m,1784305200000
0.3328,71.4289950926925,-0.4136295584857679,0.0012585,1784305799999,0.00024055,0.3978,20130.0,-0.5153055166961831,45081741125.0,0.016704957779456464,-1.4718896302365514,56649715.897675,2.114533726238042,0.9868,-0.8150314236711996,0.1990445859872736,1437865.6712159,-0.5198252254767513,56.08533661783989,AKEUSDT_5m_limit500_20260717_211054_enriched_candles.csv,-1.5091574218021533,5m,1784305500000
0.3312,66.89765280846706,-0.8235714883318505,0.0012684,1784306099999,0.00024055,0.3953,23680.0,-0.2906204312259818,45077412524.0,-0.009601672189185617,-1.4646571606296246,56614525.48539256,2.1060481103530653,0.9888,-0.07474700155307668,0.7866507747318119,1584136.4185045,-0.41370607986393615,58.63735782555898,AKEUSDT_5m_limit500_20260717_211054_enriched_candles.csv,6.820530475064827,5m,1784305800000
0.3312,76.94982668165795,1.2948251169493163,0.0012839,1784306699999,0.00024055,0.3953,73705.0,62.03171238765823,45077412524.0,0.17940276269259314,7.09436622729538,56614525.48539256,37.80729843177289,0.9888,3.3139192891355154,2.0182757250695182,5671586.9755716,106.55986924543399,64.07211528396934,AKEUSDT_15m_limit500_20260717_211231_enriched_candles.csv,7.360933486238665,15m,1784305800000
0.33,71.21221809590187,-0.43038943492299825,0.0012584,1784306399999,0.00024055,0.3943,17203.0,-0.7012552162698413,45179710423.0,0.22693826746496004,-1.3264950302225191,57296005.16424014,2.195694165195322,0.9892,-0.07195697098195007,-0.7883948281299347,1225063.7879038,-0.6719869745429576,55.15095740075732,AKEUSDT_5m_limit500_20260717_211054_enriched_candles.csv,-4.392283192703872,5m,1784306100000
0.3293,87.20939519722442,1.0114603204699277,0.0012839,1784306699999,0.00024055,0.3943,32822.0,0.2876593296029219,45242446145.0,0.13885817640846287,-1.2342778927885119,56834013.27181045,2.088943849745499,0.9907,1.4993485738867216,2.02638270820088,2862386.7691633,0.5341394401224968,61.44598138840056,AKEUSDT_5m_limit500_20260717_211054_enriched_candles.csv,12.690231539096978,5m,1784306400000
0.3293,98.22729332957643,1.9930390440352361,0.0012845,1784306999999,0.00024055,0.3953,36475.0,0.5196301469310605,45313274917.0,0.15655380739802993,-1.1668955781135124,58114275.0810525,2.30167981291812,0.9899,-1.0075021752202438,0.04673261157412956,3582840.5241963,1.0513889636433091,61.582618203335414,AKEUSDT_5m_limit500_20260717_211054_enriched_candles.csv,10.868847503606165,5m,1784306700000
0.3293,96.09809610545184,1.9907933507916618,0.0012924,1784307599999,0.00024055,0.3953,79441.0,66.67326925977301,45313274917.0,0.5232385352074598,7.153880546651732,58114275.0810525,38.87034754380551,0.9899,0.49417565225587656,0.6620453306332319,7634128.8527132,143.6393147191457,65.1046393668633,AKEUSDT_15m_limit500_20260717_211231_enriched_candles.csv,6.624151334591022,15m,1784306700000
0.3271,86.98241070711794,0.9770611578044655,0.0012914,1784307299999,0.00024055,0.3947,20062.0,-0.5219417196919744,45322680377.0,0.020756522271292432,-1.1505518325757873,58248708.8205204,2.321480513225235,0.9869,-0.38719018352336027,0.537173997664464,1745041.1236062,-0.2969011499197297,63.19791746970366,AKEUSDT_5m_limit500_20260717_211054_enriched_candles.csv,1.8268048618087445,5m,1784307000000
0.3275,100.69189682634912,2.1642750098582573,0.0012924,1784307599999,0.00024055,0.3947,22904.0,-0.34112088769430055,45424954556.0,0.22565783433210473,-1.0566474703834976,58651338.57407052,2.3729978421983478,0.9863,-0.9676969623615224,0.07743534148985098,2306247.2049107,0.11725909378400241,63.43785187534659,AKEUSDT_5m_limit500_20260717_211054_enriched_candles.csv,3.6598105850395197,5m,1784307300000
0.328,100.57536410493533,2.1363074587657818,0.0013136,1784307899999,0.00024055,0.3972,39045.0,0.6848479400555869,45434854419.0,0.02179388641498914,-1.0383752537014332,58710918.8802318,2.3669634865156013,0.9859,1.022048720734784,1.6403590219746356,3926965.0914772,1.2899692649853745,68.17492523621527,AKEUSDT_5m_limit500_20260717_211054_enriched_candles.csv,7.870398308362319,5m,1784307600000
0.328,108.43247649171923,2.436434073480752,0.0013235,1784308499999,0.00024055,0.3972,107490.0,90.18673624560303,45434854419.0,0.26830879521000384,7.184740015630814,58710918.8802318,39.275688263006394,0.9859,4.11141245999597,2.406375735066546,11655406.8980949,219.6049558102622,68.65419594272673,AKEUSDT_15m_limit500_20260717_211231_enriched_candles.csv,3.182296930358777,15m,1784307600000
0.328,101.08054704149548,3.502653270821688,0.0013475,1784311199999,0.00024055,0.3972,282250.0,152.50115179523425,45434854419.0,0.9355728071392955,5.4513957396988175,58710918.8802318,176.71090839859068,0.9859,5.205792222279265,4.263385948622722,28529984.4024621,324.0899626209418,76.72852728091132,AKEUSDT_1h_limit500_20260717_211343_enriched_candles.csv,3.1312268553816867,1h,1784307600000
0.33,112.61638572277246,3.198818336290809,0.0013371,1784308199999,0.00024055,0.3996,42850.0,0.9262717221502591,45344023703.0,-0.19991417857831983,-1.1093719432195868,59640994.3765559,2.5117108080083477,0.9874,1.197966338055902,1.7889768574908649,4825612.1282208,1.9363706993791716,72.43785438216229,AKEUSDT_5m_limit500_20260717_211054_enriched_candles.csv,6.3276410864953085,5m,1784307900000
0.3324,113.41393547165072,3.28088341766998,0.0013235,1784308499999,0.00024055,0.4073,25595.0,-0.17040142327618688,45387483966.0,0.09584562518021311,-1.0731382625857442,60672626.94122982,2.669726141103261,0.9899,0.21809214341162314,-1.0171266173061078,2902829.6783969,0.5396950306074078,66.85651838651705,AKEUSDT_5m_limit500_20260717_211054_enriched_candles.csv,-8.388558092232858,5m,1784308200000
0.3323,98.3422112907874,1.9489496240105153,0.0013348,1784308799999,0.00024055,0.4055,22936.0,-0.33908756955958547,45412556687.0,0.05524148687947594,-1.0402622377638249,60115326.03998312,2.5627071577541334,0.9908,0.01050294728513604,0.8537967510388933,2255576.9581655,0.06549955951494915,68.99418493239305,AKEUSDT_5m_limit500_20260717_211054_enriched_candles.csv,-1.6172532495973244,5m,1784308500000
0.3323,100.27504537256934,2.1378944492441927,0.0013325,1784309399999,0.00024055,0.4055,60899.0,50.64216296722083,45412556687.0,-0.04907627037685769,7.200573928839252,60115326.03998312,40.277571544227946,0.9908,0.5284209852600033,0.6800151114469077,6106649.9881441,113.83771472762689,69.61735668051888,AKEUSDT_15m_limit500_20260717_211231_enriched_candles.csv,-0.34359853565598497,15m,1784308500000
0.3317,107.97043913096799,2.790969579531109,0.0013171,1784309099999,0.00024055,0.4029,15558.0,-0.8076846356227624,45438763036.0,0.05770727506189122,-1.0072365638385603,60459000.54518016,2.607961909131494,0.9911,0.6035595857760456,-1.3260413545100214,1679804.0919996,-0.35425553517607566,62.22429899017215,AKEUSDT_5m_limit500_20260717_211054_enriched_candles.csv,-7.650908293979232,5m,1784308800000
0.3328,96.91001731662575,1.8157721983659671,0.0013325,1784309399999,0.00024055,0.4049,22405.0,-0.37041624223412756,45564032538.0,0.27568862713263087,-0.904860083727766,60012387.2557998,2.532733711370107,0.9927,0.4058139846331061,1.1692354415002493,2171268.937979,0.004682231854967946,65.40494291851799,AKEUSDT_5m_limit500_20260717_211054_enriched_candles.csv,6.6328173260586025,5m,1784309100000
0.3323,95.32842868016368,1.673676284927658,0.0013154,1784309699999,0.00024055,0.4041,28226.0,-0.00012661718603341468,45623502658.0,0.1305198787012518,-0.8540224367363499,60788754.9415192,2.6560454761948487,0.9936,0.5505999024332353,-1.2833020637898596,2690740.2279263,0.3758099077125505,59.42206259312099,AKEUSDT_5m_limit500_20260717_211054_enriched_candles.csv,-0.24842526639784865,5m,1784309400000
0.3323,92.90764337718159,1.8681588986466782,0.0013091,1784310299999,0.00024055,0.4041,56415.0,46.72804207947434,45623502658.0,0.4645102288644898,7.273265285590757,60788754.9415192,40.74790745485773,0.9936,2.7567886915320527,-1.7560975609756002,5241384.7011237,96.875668965485,64.10228807667033,AKEUSDT_15m_limit500_20260717_211231_enriched_candles.csv,-2.0144806593124667,15m,1784309400000
0.3328,86.51105536526482,0.898075480945038,0.0013178,1784309999999,0.00024055,0.4019,15123.0,-0.8334289188118812,45599865598.0,-0.051808955084375885,-0.8713765214382228,59883567.49791752,2.4810671663291926,0.9966,-0.8415398008710883,0.18245400638590148,1308306.6902889,-0.624784622213366,59.97544590949189,AKEUSDT_5m_limit500_20260717_211054_enriched_candles.csv,-2.1393796337401088,5m,1784309700000
0.3316,95.08172224923464,1.6459310402041205,0.0013091,1784310299999,0.00024055,0.3998,13066.0,-0.9595781353228229,45721700240.0,0.2671820199517061,-0.776900738357096,60216393.6500848,2.507827669494844,0.9974,-0.23579169671491818,-0.6601912278039079,1242337.7829085,-0.6730336337880125,56.94382148536246,AKEUSDT_5m_limit500_20260717_211054_enriched_candles.csv,-5.707993156264068,5m,1784310000000
0.3305,87.60796652615834,0.9922888275935574,0.0013115,1784310599999,0.00024055,0.3982,15410.0,-0.8102351204350475,45767180166.0,0.0994712046167745,-0.7376973189850007,59729373.81924162,2.415987264111893,0.9966,-0.8406059453368282,0.18333206019400805,1350038.7641681,-0.5939791564645358,57.58082351651662,AKEUSDT_5m_limit500_20260717_211054_enriched_candles.csv,4.897343911175847,5m,1784310300000
0.3305,96.20413632105628,1.9776000871601127,0.0013475,1784311199999,0.00024055,0.3982,57446.0,47.53845913609375,45767180166.0,0.31491994176120475,7.313041449401395,59729373.81924162,39.85689028600964,0.9966,5.1920570140801034,2.9333129631044175,5526542.8150994,102.14286587136301,68.51082713716715,AKEUSDT_15m_limit500_20260717_211231_enriched_candles.csv,11.743289435037655,15m,1784310300000
0.3293,86.8556851123882,0.9252026809032106,0.0013244,1784310899999,0.00024055,0.3968,12633.0,-0.9847234429742387,45774184154.0,0.01530351656928719,-0.7305857338898074,59978828.98066928,2.442099798700837,0.9954,0.17385611342420207,0.9836065573770592,1097247.8700248,-0.7749973869900497,60.926974469722424,AKEUSDT_5m_limit500_20260717_211054_enriched_candles.csv,9.583015912805863,5m,1784310600000
0.3294,104.72591847452641,2.503890827214109,0.0013475,1784311199999,0.00024055,0.3984,29403.0,0.07697690793576914,45769344546.0,-0.010572789203011634,-0.7300803045960443,60561996.7032672,2.5307666870094145,0.9955,1.1371560944209995,1.7441860465116088,3079256.1809065,0.6747126493856287,66.08601637278666,AKEUSDT_5m_limit500_20260717_211054_enriched_candles.csv,15.514540241496258,5m,1784310900000
0.3266,87.33166830004188,0.9592529201313539,0.0013346,1784311499999,0.00024055,0.3951,35817.0,0.4801356075175644,45774701240.0,0.011703672082563621,-0.7218434452502974,61186127.6534832,2.618424328112175,0.9979,0.1392076636342658,-0.9573283858998138,3127958.3635026,0.708863064714924,61.22441784005932,AKEUSDT_5m_limit500_20260717_211054_enriched_candles.csv,-2.7983408251312456,5m,1784311200000
0.3266,98.13697069580383,2.033299936449128,0.0013522,1784312099999,0.00024055,0.3951,95468.0,79.49547982334582,45774701240.0,0.01643333491974097,7.323381302311565,61186127.6534832,40.790856493975724,0.9979,-0.1585029146483183,0.34879406307977145,9368940.318387,173.61443194618371,69.01243767915314,AKEUSDT_15m_limit500_20260717_211231_enriched_candles.csv,-1.0557174627325245,15m,1784311200000
0.3266,95.93237649720922,3.2124215243409915,0.0013651,1784314799999,0.00024055,0.3951,298733.0,160.50689884604577,45774701240.0,0.7479870362650187,5.5157649479676,61186127.6534832,184.2191422987505,0.9979,0.9592484724358319,1.3061224489795853,28658166.6281408,322.2220648925227,77.48960253763619,AKEUSDT_1h_limit500_20260717_211343_enriched_candles.csv,2.220717315100231,1h,1784311200000
0.3268,99.66294738869908,2.0298901310691453,0.0013414,1784311799999,0.00024055,0.3955,17034.0,-0.7075328229337584,45760352224.0,-0.031347044571117255,-0.7269248306413542,61059868.38657216,2.589968753220291,0.9963,-0.4275616908848826,0.5095159598381471,1697658.6458191,-0.3404826789970227,62.77882051712557,AKEUSDT_5m_limit500_20260717_211054_enriched_candles.csv,-2.0194286529468277,5m,1784311500000
0.3245,106.60823870909027,2.6195554895555953,0.0013522,1784312099999,0.00024055,0.3916,42617.0,0.9097871578688524,45857650156.0,0.21262496303289247,-0.6456523829933307,61262151.99640352,2.6173585901749528,0.9966,-0.05319513234935215,0.8051289697331265,4543323.3090653,1.743084375037322,65.16714745047365,AKEUSDT_5m_limit500_20260717_211054_enriched_candles.csv,0.5041332176822768,5m,1784311800000
0.3277,106.36693615126109,2.588012617071831,0.0013484,1784312399999,0.00024055,0.3966,17009.0,-0.7069926213367609,45798264736.0,-0.12949948328792038,-0.6967659585799046,61988409.30282336,2.6750822942350805,0.9963,-0.7205393160898266,-0.2810235172311826,1809195.2169968,-0.25914634182302343,63.62031253031796,AKEUSDT_5m_limit500_20260717_211054_enriched_candles.csv,-2.4477515467518582,5m,1784312100000
0.3277,94.36772514696136,1.893923904890871,0.0013337,1784312999999,0.00024055,0.3966,48410.0,39.71897320724502,45798264736.0,0.05147711587774051,7.33409632378679,61988409.30282336,41.34885645065053,0.9963,1.9519172799778084,-1.3681408075728485,4568341.5743644,84.03116233166497,64.64714557563241,AKEUSDT_15m_limit500_20260717_211231_enriched_candles.csv,-1.7111608593251066,15m,1784312100000
0.3282,86.97848924539636,0.9050093397770068,0.0013325,1784312699999,0.00024055,0.3976,17345.0,-0.6836061755919091,45784619884.0,-0.029793382082610176,-0.6993696572017003,61751090.37614732,2.605896981482802,0.9992,0.423664398466071,-1.1791753188964749,1508641.8959614,-0.4743876609283352,57.473101762149966,AKEUSDT_5m_limit500_20260717_211054_enriched_candles.csv,-4.548622464741343,5m,1784312400000
0.3293,88.96588370846614,1.0725915671687576,0.0013337,1784312999999,0.00024055,0.3974,14056.0,-0.884269776227834,45853884182.0,0.15128289407118078,-0.647034463326919,61063617.5651694,2.4980458793885814,1.0,-0.9637696100850842,0.0900562851782416,1250504.4614062,-0.6621629146544141,57.80447505626007,AKEUSDT_5m_limit500_20260717_211054_enriched_candles.csv,2.7777074157848194,5m,1784312700000
0.328,102.58909661182379,2.2376149245510826,0.0013701,1784313299999,0.00024055,0.3965,32756.0,0.28877237003058104,45929413910.0,0.16471827708250952,-0.5905126079563386,61199106.8585186,2.509052759715495,1.0007,2.3952633818447,2.7292494563994962,3360408.4486169,0.8853965754310766,66.36578019176491,AKEUSDT_5m_limit500_20260717_211054_enriched_candles.csv,4.210287554482626,5m,1784313000000
0.328,98.41075119119756,2.0348827016847735,0.0013736,1784313899999,0.00024055,0.3965,74468.0,61.42459322549628,45929413910.0,0.28636275796909416,7.372076832495153,61199106.8585186,40.75886726393672,1.0007,5.310322971680894,2.991677288745609,7328451.8197061,134.8922392848271,69.17574931232019,AKEUSDT_15m_limit500_20260717_211231_enriched_candles.csv,4.95298117877859,15m,1784313000000
0.3268,91.55626634172468,1.2794430307238132,0.0013574,1784313599999,0.00024055,0.3949,21407.0,-0.4239435156902795,45954079470.0,0.05370318908997085,-0.5773776834983355,62984201.7807873,2.7018722305223077,1.0009,0.10162110191138958,-0.9269396394423812,1959944.9935773,-0.14330073840833507,61.66470436439771,AKEUSDT_5m_limit500_20260717_211054_enriched_candles.csv,-0.45191091025130625,5m,1784313300000
0.3264,98.89674353666092,1.8827033948769236,0.0013736,1784313899999,0.00024055,0.3937,20305.0,-0.4910225185693037,45996476565.0,0.09225969813555501,-0.5480380730255866,62426417.994018,2.554925822404183,1.0007,0.4398661657208173,1.1934580816266527,2008098.3775119,-0.10699965226017456,65.0642373348341,AKEUSDT_5m_limit500_20260717_211054_enriched_candles.csv,11.471110602674392,5m,1784313600000
0.3284,95.85145170132084,1.6224186122108455,0.0013652,1784314199999,0.00024055,0.3976,42473.0,0.9001339274040024,46099443195.0,0.22385764669277108,-0.4664130107320944,63271485.7851375,2.6574607311637877,1.0019,-0.2999818410853366,-0.6115317414094323,4071098.7081102,1.4214698923339024,61.99435626800275,AKEUSDT_5m_limit500_20260717_211054_enriched_candles.csv,4.375680692844008,5m,1784313900000
0.3284,91.96055227441377,1.795274820201872,0.0013651,1784314799999,0.00024055,0.3976,80387.0,65.31309079166667,46099443195.0,0.3701969403162364,7.4138020541993646,63271485.7851375,42.22441447730356,1.0019,0.399776754674401,-0.6188118811881194,7392432.9156833,134.5779576303979,67.20084842382124,AKEUSDT_15m_limit500_20260717_211231_enriched_candles.csv,6.094356841232929,15m,1784313900000
0.328,83.62197061332726,0.5785739969023892,0.0013681,1784314499999,0.00024055,0.3984,17558.0,-0.6632660198475411,46074931030.0,-0.053172366738385435,-0.4892472233257502,62852656.4152642,2.586511261141085,1.001,-0.8087362054939076,0.212423088192204,1468234.5600288,-0.50318010479459,62.64956290891721,AKEUSDT_5m_limit500_20260717_211054_enriched_candles.csv,10.681044947649497,5m,1784314200000
0.3284,91.03456708313519,1.2059153756758973,0.0013651,1784314799999,0.00024055,0.3996,20356.0,-0.48517412856943865,46129663966.0,0.11879114038035876,-0.4489199006888827,62920861.649624,2.585173846668581,1.0026,-0.7991777015187971,-0.21928221621225763,1853099.6475443,-0.21627368913028633,61.468986260454884,AKEUSDT_5m_limit500_20260717_211054_enriched_candles.csv,6.23604714579913,5m,1784314500000
0.3275,85.48304964985205,0.7168537441251331,0.0013717,1784315099999,0.00024055,0.3998,26697.0,-0.08623756852093631,46173269406.0,0.09452798102353999,-0.41678682444679355,63044982.0469524,2.613840539677949,1.0022,-0.4612159135036405,0.483481063658342,2282140.9765021,0.10732040985336277,63.11572520506719,AKEUSDT_5m_limit500_20260717_211054_enriched_candles.csv,5.144341691539313,5m,1784314800000
0.3275,93.64231283165645,1.8448762976510151,0.0013816,1784315699999,0.00024055,0.3998,119388.0,95.89914721935097,46173269406.0,0.16014555899888094,7.431155971314325,63044982.0469524,42.032869148917776,1.0022,1.6180752344281322,1.208702659145855,11179768.4443458,201.73557030985765,69.04810964439069,AKEUSDT_15m_limit500_20260717_211231_enriched_candles.csv,9.030183080884681,15m,1784314800000
0.3275,84.73900517959348,2.592813570880431,0.0014847,1784318399999,0.00024055,0.3998,513037.0,274.90382756404625,46173269406.0,0.8707171323965257,5.5912264026786875,63044982.0469524,189.71524760748147,1.0022,11.346328125272702,8.761262911142055,43474245.0003231,487.67111753528263,81.83671864732119,AKEUSDT_1h_limit500_20260717_211343_enriched_candles.csv,9.578432857494242,1h,1784314800000
0.327,87.23152983820098,0.8627300590991991,0.001387,1784315399999,0.00024055,0.3982,24180.0,-0.23171894404829146,46177006454.0,0.00809353127486645,-0.41523666049099706,63507236.9761862,2.674435339771213,1.0023,0.343971296028268,1.1154042429102562,2109258.3914877,-0.027258440424989,66.67170730741208,AKEUSDT_5m_limit500_20260717_211054_enriched_candles.csv,3.7659905123086106,5m,1784315100000
0.328,99.08436712872385,1.8521376556342735,0.0013816,1784315699999,0.00024055,0.3984,68511.0,2.6143905058255186,46252320368.0,0.16309830321077357,-0.35655711960950043,64034949.97988496,2.744318497674968,1.0032,-0.5825845099210415,-0.38932948810381784,6788369.076356,3.4723391871131364,64.31493741604555,AKEUSDT_5m_limit500_20260717_211054_enriched_candles.csv,11.97221230584986,5m,1784315400000
0.3214,79.53566068365392,0.21206286681321912,0.0014122,1784315999999,0.00024055,0.3908,61764.0,2.154614743610562,46002485009.0,-0.5401574602359904,-0.55556581058882,63418565.80855731,2.657372030927236,0.9984,1.7479609626760937,2.2148233931673422,4912440.5464652,2.0524390622817332,70.6469430418446,AKEUSDT_5m_limit500_20260717_211054_enriched_candles.csv,8.042206821952803,5m,1784315700000
0.3214,81.27827495114462,1.3911483878107713,0.0014357,1784316599999,0.00024055,0.3908,174425.0,140.43241184054054,46002485009.0,-0.36987720210648334,7.397015584334152,63418565.80855731,42.247984164825084,0.9984,7.20658421145516,3.9157498552403025,14176963.1083534,254.36872516371776,74.18239161937936,AKEUSDT_15m_limit500_20260717_211231_enriched_candles.csv,12.556353384403723,15m,1784315700000
0.3228,74.49238657798524,-0.2106788882853415,0.0014109,1784316299999,0.00024055,0.3966,28063.0,-0.00031450608505082536,45920628065.0,-0.17794026558344278,-0.6212513712005104,64798598.2625215,2.8638111899275134,0.9997,-0.9617496143783246,-0.09205494972382988,2090479.844538,-0.046583907119373144,70.07803333504191,AKEUSDT_5m_limit500_20260717_211054_enriched_candles.csv,8.659600371493044,5m,1784316000000
0.3224,84.80156407184803,0.6560402041755926,0.0014357,1784316599999,0.00024055,0.398,84598.0,3.5666066590473293,45950336082.0,0.06469427412436612,-0.5982690174590042,64647068.33040498,2.8495243927904506,1.0012,1.1623970669745305,1.7577432844283702,7174042.7173502,3.7303351556747035,74.32562585381004,AKEUSDT_5m_limit500_20260717_211054_enriched_candles.csv,16.782918716301058,5m,1784316300000
0.3222,84.6172270278085,0.6438230272981252,0.0014137,1784316899999,0.00024055,0.4011,28761.0,0.04359054338804439,45609354165.0,-0.7420662090294794,-0.876024401026881,65443494.01073355,2.977642065910253,1.0016,0.8728853975770776,-1.5323535557567824,2433676.0665468,0.20548854663361057,65.44965698009571,AKEUSDT_5m_limit500_20260717_211054_enriched_candles.csv,3.2982242415480636,5m,1784316600000
0.3222,82.1528649492671,1.410261900783482,0.0014529,1784317499999,0.00024055,0.4011,94351.0,75.51127324819929,45609354165.0,-0.8545861031704849,7.306298892702897,65443494.01073355,43.64848741648089,1.0016,1.5866949986719954,1.1980218708643964,7751204.9608283,137.83716397210486,75.56989405372296,AKEUSDT_15m_limit500_20260717_211231_enriched_candles.csv,6.880443462871735,15m,1784316600000
0.3264,75.84763931395221,-0.09972007000520397,0.0014274,1784317199999,0.00024055,0.4061,25573.0,-0.1590104477044978,45622849217.0,0.029588342670194834,-0.8637087552503235,64573668.32475746,2.8403932977761763,1.0037,0.1550276602085301,0.9690882082478591,1939651.6801757,-0.15910711939038086,68.01150615420845,AKEUSDT_5m_limit500_20260717_211054_enriched_candles.csv,9.683651870849609,5m,1784316900000
0.3261,84.41105565399205,0.6268666272962349,0.0014529,1784317499999,0.00024055,0.4063,40017.0,0.7557650058842835,45631601951.0,0.019184978909070338,-0.8552547161055544,65000848.03114097,2.899613640953383,1.0046,1.1928066568597835,1.7864649012190092,3377877.2141058,0.9022854588920894,72.15073326219783,AKEUSDT_5m_limit500_20260717_211054_enriched_candles.csv,7.851678672944597,5m,1784317200000
0.3278,71.93084751994303,-0.4339787567868175,0.0014505,1784317799999,0.00024055,0.4083,29840.0,0.10927645635050104,45605781852.0,-0.05658381011415248,-0.8760996798125488,66293476.61570424,3.0841090985268123,1.0046,-0.863395652295499,-0.16518686764402934,2146416.4899951,-0.006963647055254575,71.2166984896071,AKEUSDT_5m_limit500_20260717_211054_enriched_candles.csv,7.094625975476351,5m,1784317500000
0.3278,83.01481094228217,1.4372988191554394,0.0014847,1784318399999,0.00024055,0.4083,124873.0,100.1047116551259,45605781852.0,-0.007832413033248553,7.307695723459978,66293476.61570424,44.198098817795845,1.0046,3.6115910034154872,2.1887259962833028,10366308.4867956,183.33999231694406,77.93133536402375,AKEUSDT_15m_limit500_20260717_211231_enriched_candles.csv,8.114469563625912,15m,1784317500000
0.3271,87.61017088543794,0.908121202019199,0.0014827,1784318099999,0.00024055,0.4077,58982.0,1.9386238192787926,45650739512.0,0.09857886034252417,-0.8394996380112408,66202702.4403024,3.0486440927235385,1.0065,1.7326556599458978,2.219924164081344,5167423.0991649,2.2214980767038854,75.75218798350548,AKEUSDT_5m_limit500_20260717_211054_enriched_candles.csv,10.327961418273429,5m,1784317800000
0.3294,84.67085233795457,0.6514383175083807,0.0014847,1784318399999,0.00024055,0.4132,36051.0,0.49586221852387846,45565059356.0,-0.18768623885595526,-0.9055320471757375,67463626.8824936,3.230952111730168,1.0056,-0.8955270598019065,0.1348890537532954,3052468.8976356,0.6597356792780457,76.00509530087041,AKEUSDT_5m_limit500_20260717_211054_enriched_candles.csv,5.084450207208229,5m,1784318100000
0.3294,87.42244253113832,0.8882344612926433,0.0014334,1784318699999,0.00073011,0.4138,58982.0,1.9457992000187547,45582683538.0,0.038679159533838714,-0.8877884246528017,67563565.19369435,3.242664282174965,1.0066,3.274237508113742,-3.4552434835320223,5156350.5053716,2.204240297187007,59.00505014071982,AKEUSDT_5m_limit500_20260717_211054_enriched_candles.csv,-0.7218938951846532,5m,1784318400000
0.3294,88.2106843689601,1.6167827357930118,0.0014448,1784319299999,0.00073011,0.4138,139717.0,111.97499176586827,45582683538.0,-0.050647775483725344,7.304132423074854,67563565.19369435,45.04711124075225,1.0066,4.630146656538799,-2.6874115983026914,12324532.187978,216.54260152929572,68.92846728170495,AKEUSDT_15m_limit500_20260717_211231_enriched_candles.csv,1.7937279762540879,15m,1784318400000
0.3294,106.42674996218834,3.7703255204144974,0.0016233,1784321999999,0.00073011,0.4138,1270341.0,683.3769541370356,45582683538.0,-1.2790644361935888,5.482841939513679,67563565.19369435,203.66922957201976,1.0066,11.849778657651294,9.335219236209324,135198263.9737163,1512.7241510255062,85.36411197450258,AKEUSDT_1h_limit500_20260717_211343_enriched_candles.csv,6.045782264346071,1h,1784318400000
0.3273,94.67425748359209,1.5025447060055137,0.0014765,1784318999999,0.00073011,0.4041,48824.0,1.3026330283102883,45516362477.0,-0.14549617497774392,-0.9358272172215322,65106604.8871008,2.861841013186146,1.006,2.7045189955809823,3.006836891307385,4622375.9473789,1.8032958404532384,65.90495660084798,AKEUSDT_5m_limit500_20260717_211054_enriched_candles.csv,4.939225575902409,5m,1784318700000
0.3271,79.77831265793927,0.23250689744510145,0.0014448,1784319299999,0.00073011,0.4088,31911.0,0.23298600756936633,45614326332.0,0.2152277767132782,-0.8522785479118798,67266990.89853708,3.1523562787975736,1.005,1.6135592088181776,-2.146969183880798,2545805.7352275,0.27436031381469994,58.152365087402266,AKEUSDT_5m_limit500_20260717_211054_enriched_candles.csv,1.1777169753614565,5m,1784319000000
0.3271,82.78562055213045,0.489281179259069,0.0014313,1784319599999,0.00073011,0.4081,42127.0,0.8788757932973987,45611943738.0,-0.005223345802940482,-0.8441930548320552,65814385.85843496,2.8921054387598786,1.0057,0.10184624234337314,-0.9343853820597992,3487509.8369996,0.9657614514821629,55.17566169196039,AKEUSDT_5m_limit500_20260717_211054_enriched_candles.csv,0.27669139661272085,5m,1784319300000
0.3271,86.35480885164368,1.5495208467070538,0.0014383,1784320199999,0.00073011,0.4081,146471.0,116.51840488725492,45611943738.0,0.06419148178409273,7.312901191927514,65814385.85843496,43.77330699559061,1.0057,0.04355950940870931,-0.44988925802879054,12648475.2073091,221.90366624263567,67.55923034507018,AKEUSDT_15m_limit500_20260717_211231_enriched_candles.csv,-1.2379147847625191,15m,1784319300000
0.3294,85.35338670259698,0.7097532138702105,0.0014068,1784319899999,0.00073011,0.4069,42126.0,0.878543443814433,45627025532.0,0.03306544901184871,-0.8226499868733137,65323756.18390908,2.797658357326715,1.0095,1.0618516281945158,-1.7117305945643868,3595596.7682336,1.042491517519546,50.1577477725773,AKEUSDT_5m_limit500_20260717_211054_enriched_candles.csv,-6.345974591886598,5m,1784319600000
0.3275,89.44949374900993,1.0540725832268425,0.0014383,1784320199999,0.00073011,0.4006,62218.0,2.1425487944174306,45645866397.0,0.04129321335397673,-0.8058413275658337,64207757.96734005,2.6335422372693413,1.0085,1.7053748407549543,2.2391242536252465,5565368.6020759,2.47321956526972,55.73209227863162,AKEUSDT_5m_limit500_20260717_211054_enriched_candles.csv,1.1131099744658959,5m,1784319900000
0.3249,81.79731101566152,0.39674750245533374,0.0014409,1784320499999,0.00073011,0.3965,29697.0,0.0899949442343604,45470698722.0,-0.3837536426113508,-0.9398357851957619,65373223.5526194,2.7875535597427366,1.0128,-0.8274448014162069,0.1807689633595233,2429134.7452321,0.1829924821967237,56.16784136346511,AKEUSDT_5m_limit500_20260717_211054_enriched_candles.csv,3.5552632427332997,5m,1784320200000
0.3249,121.00158970947767,2.7683822824296476,0.0016555,1784321099999,0.00073011,0.3965,548890.0,435.6996983897406,45470698722.0,-0.3096667329314573,7.278334398196077,65373223.5526194,43.43664670226005,1.0128,30.021101748607038,15.10116109295696,66416562.5756352,1166.601027303918,81.08237592621951,AKEUSDT_15m_limit500_20260717_211231_enriched_candles.csv,11.750798558704481,15m,1784320200000
0.3278,91.36853053051358,1.2000761504048012,0.0014842,1784320799999,0.00073011,0.4021,57381.0,1.8359252747218067,45572881362.0,0.22472194813791813,-0.8536093323102343,65697865.7714592,2.796508197951274,1.0128,2.642898442681031,3.005066278020685,5242817.6503714,2.2345144520376357,62.744909514570864,AKEUSDT_5m_limit500_20260717_211054_enriched_candles.csv,0.7096715134153926,5m,1784320500000
0.3256,127.20459879784784,4.213005612231925,0.0016555,1784321099999,0.00073011,0.3994,461812.0,27.28005539381006,45634918688.0,0.13612772365043657,-0.7994239385168391,67570255.05376096,3.0431425258884204,1.0136,13.054846905568349,11.541571216817136,58744610.1800317,41.16256459952809,77.27355525206652,AKEUSDT_5m_limit500_20260717_211054_enriched_candles.csv,13.075084737579838,5m,1784320800000
0.333,109.17176914479445,2.691799825584679,0.0015977,1784321399999,0.00073011,0.4415,209997.0,11.405490773712012,41467650150.0,-9.13175405546589,-3.9803680833489907,69137769.0655905,3.2468392320097084,1.0029,3.211359235406248,-3.491392328601628,22925744.0050994,14.982666999592414,67.68240967652459,AKEUSDT_5m_limit500_20260717_211054_enriched_candles.csv,0.8648250673988926,5m,1784321100000
0.333,100.64878935906337,2.0450736814713584,0.0016233,1784321999999,0.00073011,0.4415,435263.0,343.092428491652,41467650150.0,-8.803578314188542,6.26164594670972,69137769.0655905,46.110673271566796,1.0029,3.0972993295437927,-1.9450317124735772,43808694.002794,763.366836310494,76.02283220298308,AKEUSDT_15m_limit500_20260717_211231_enriched_candles.csv,0.6958092609849524,15m,1784321100000
0.3367,98.94612293792682,1.8267006763733304,0.0016847,1784321699999,0.00073011,0.4495,127630.0,6.225779377522551,40689485316.0,-1.876558790250138,-4.567601491477613,64216552.62056436,2.55075620784813,1.0017,5.570995973581849,5.4453276585090915,12628493.6705676,7.5125318820302045,73.09545162489371,AKEUSDT_5m_limit500_20260717_211054_enriched_candles.csv,1.9847668737607578,5m,1784321400000
0.3364,84.54316366019707,0.6132868774747167,0.0016233,1784321999999,0.00073011,0.4533,97636.0,4.300241277674086,40381352832.0,-0.7572779100227023,-4.790433077933379,68014312.5749376,3.0657468175037286,1.007,3.3742657179137017,-3.644565798064925,8254456.327127,4.355011350729314,64.84103876741702,AKEUSDT_5m_limit500_20260717_211054_enriched_candles.csv,-1.745587890636411,5m,1784321700000
0.3385,97.78367127967387,1.721069455677345,0.0015943,1784322299999,0.00073011,0.455,120623.0,5.707220961538462,40421225860.0,0.09874118919661612,-4.747991553414094,65534933.486818,2.7047057657681965,0.9979,1.1183277222438603,-1.7864843220600002,11794959.7807681,6.849081504802864,61.318915060972536,AKEUSDT_5m_limit500_20260717_211054_enriched_candles.csv,-8.691126367267215,5m,1784322000000
0.3416,115.23514841916928,3.1674442965422283,0.0015509,1784322599999,0.00073011,0.4548,87249.0,3.619336752116414,39771783024.0,-1.6066876305269928,-5.217873144587838,63577581.47084544,2.425703840366466,1.0039,2.233424733790846,-2.722197829768558,10054151.4644241,5.590653339904841,56.382879200862796,AKEUSDT_5m_limit500_20260717_211054_enriched_candles.csv,-7.414689712447066,5m,1784322300000
