anchor_close_time,anchor_timestamp,campaign_index,control_causal_state,control_tier,control_time,control_timestamp,coverage_complete,distance,first_negative_minutes,first_positive_minutes,future_rows,gap_truncated,horizon_minutes,mae_close_pct,mfe_close_pct,observed_minutes,stage,symbol,terminal_return_pct
1783024199999,1783023300000,1,EARLY_BUILD,QUIET_NON_TRANSITION_FALLBACK,2026-07-02T20:15:00+00:00,1783023300000,True,0.3492095222132257,,15,3,False,45,0.025169896803434177,0.25169896803423075,45,EARLY_BUILD,AKEUSDT,0.25169896803423075
1784080799999,1784079900000,1,ACCEPTED_IGNITION,QUIET_NON_TRANSITION_FALLBACK,2026-07-15T01:45:00+00:00,1784079900000,True,0.35124505934566425,15,45,3,False,45,-0.42440318302386926,0.31830238726788807,45,EARLY_BUILD,AKEUSDT,0.31830238726788807
1783950299999,1783949400000,1,CONFIRMED_BUILD,QUIET_NON_TRANSITION_FALLBACK,2026-07-13T13:30:00+00:00,1783949400000,True,0.3538701656130048,15,30,3,False,45,-0.05268703898840821,0.21074815595363283,45,EARLY_BUILD,AKEUSDT,0.05268703898841931
1784050199999,1784049300000,1,ACCEPTED_IGNITION,QUIET_NON_TRANSITION_FALLBACK,2026-07-14T17:15:00+00:00,1784049300000,True,0.37695491559632743,30,,3,False,45,-0.2103049421661285,0.0,45,EARLY_BUILD,AKEUSDT,-0.1051524710830587
1783980899999,1783980000000,1,CONFIRMED_BUILD,QUIET_NON_TRANSITION_FALLBACK,2026-07-13T22:00:00+00:00,1783980000000,True,0.43128665537200045,,15,3,False,45,0.6951871657754127,0.909090909090926,45,EARLY_BUILD,AKEUSDT,0.909090909090926
1784000699999,1783999800000,1,CONFIRMED_BUILD,QUIET_NON_TRANSITION_FALLBACK,2026-07-14T03:30:00+00:00,1783999800000,True,0.440464939215859,,15,3,False,45,3.4682080924855585,3.783499737256979,45,EARLY_BUILD,AKEUSDT,3.783499737256979
1783043999999,1783043100000,1,ACCEPTED_IGNITION,QUIET_NON_TRANSITION_FALLBACK,2026-07-03T01:45:00+00:00,1783043100000,True,0.4434961673313645,30,15,3,False,45,-0.7331378299120228,0.7086999022482887,45,EARLY_BUILD,AKEUSDT,0.4887585532746819
1783930499999,1783929600000,1,CONFIRMED_BUILD,QUIET_NON_TRANSITION_FALLBACK,2026-07-13T08:00:00+00:00,1783929600000,True,0.47068495205404975,15,,3,False,45,-1.3048016701461385,-0.31315240083507057,45,EARLY_BUILD,AKEUSDT,-1.3048016701461385
1783912499999,1783911600000,1,CONFIRMED_BUILD,QUIET_NON_TRANSITION_FALLBACK,2026-07-13T03:00:00+00:00,1783911600000,True,0.4861751951575994,15,,3,False,45,-0.6799163179916357,-0.10460251046024993,45,EARLY_BUILD,AKEUSDT,-0.6799163179916357
1783965599999,1783964700000,1,CONFIRMED_BUILD,QUIET_NON_TRANSITION_FALLBACK,2026-07-13T17:45:00+00:00,1783964700000,True,0.48683061022693863,,15,3,False,45,0.0,0.15748031496063408,45,EARLY_BUILD,AKEUSDT,0.15748031496063408
1783728899999,1783728000000,1,IGNITION_CANDIDATE,QUIET_NON_TRANSITION_FALLBACK,2026-07-11T00:00:00+00:00,1783728000000,True,0.5083017475578503,,15,3,False,45,0.3992015968063978,3.9920159680638667,45,EARLY_BUILD,AKEUSDT,3.9920159680638667
1783404899999,1783404000000,1,CONTINUATION_RELOAD,QUIET_NON_TRANSITION_FALLBACK,2026-07-07T06:00:00+00:00,1783404000000,True,0.5346917707112363,15,,3,False,45,-0.36496350364964014,-0.19907100199071381,45,EARLY_BUILD,AKEUSDT,-0.19907100199071381
1783024199999,1783023300000,1,EARLY_BUILD,QUIET_NON_TRANSITION_FALLBACK,2026-07-02T20:15:00+00:00,1783023300000,True,0.3492095222132257,,15,4,False,60,0.025169896803434177,0.654417316889,60,EARLY_BUILD,AKEUSDT,0.654417316889
1784080799999,1784079900000,1,ACCEPTED_IGNITION,QUIET_NON_TRANSITION_FALLBACK,2026-07-15T01:45:00+00:00,1784079900000,True,0.35124505934566425,15,45,4,False,60,-0.42440318302386926,0.42440318302385815,60,EARLY_BUILD,AKEUSDT,0.42440318302385815
1783950299999,1783949400000,1,CONFIRMED_BUILD,QUIET_NON_TRANSITION_FALLBACK,2026-07-13T13:30:00+00:00,1783949400000,True,0.3538701656130048,15,30,4,False,60,-0.05268703898840821,0.21074815595363283,60,EARLY_BUILD,AKEUSDT,0.05268703898841931
1784050199999,1784049300000,1,ACCEPTED_IGNITION,QUIET_NON_TRANSITION_FALLBACK,2026-07-14T17:15:00+00:00,1784049300000,True,0.37695491559632743,30,,4,False,60,-0.2103049421661285,0.0,60,EARLY_BUILD,AKEUSDT,-0.2103049421661285
1783980899999,1783980000000,1,CONFIRMED_BUILD,QUIET_NON_TRANSITION_FALLBACK,2026-07-13T22:00:00+00:00,1783980000000,True,0.43128665537200045,,15,4,False,60,0.6951871657754127,1.0160427807486716,60,EARLY_BUILD,AKEUSDT,1.0160427807486716
1784000699999,1783999800000,1,CONFIRMED_BUILD,QUIET_NON_TRANSITION_FALLBACK,2026-07-14T03:30:00+00:00,1783999800000,True,0.440464939215859,,15,4,False,60,0.99842354177615,3.783499737256979,60,EARLY_BUILD,AKEUSDT,0.99842354177615
1783043999999,1783043100000,1,ACCEPTED_IGNITION,QUIET_NON_TRANSITION_FALLBACK,2026-07-03T01:45:00+00:00,1783043100000,True,0.4434961673313645,30,15,4,False,60,-0.7331378299120228,0.7086999022482887,60,EARLY_BUILD,AKEUSDT,0.6842619745845546
1783930499999,1783929600000,1,CONFIRMED_BUILD,QUIET_NON_TRANSITION_FALLBACK,2026-07-13T08:00:00+00:00,1783929600000,True,0.47068495205404975,15,,4,False,60,-1.4091858037578175,-0.31315240083507057,60,EARLY_BUILD,AKEUSDT,-1.4091858037578175
1783912499999,1783911600000,1,CONFIRMED_BUILD,QUIET_NON_TRANSITION_FALLBACK,2026-07-13T03:00:00+00:00,1783911600000,True,0.4861751951575994,15,,4,False,60,-0.9414225941422716,-0.10460251046024993,60,EARLY_BUILD,AKEUSDT,-0.9414225941422716
1783965599999,1783964700000,1,CONFIRMED_BUILD,QUIET_NON_TRANSITION_FALLBACK,2026-07-13T17:45:00+00:00,1783964700000,True,0.48683061022693863,60,15,4,False,60,-0.8923884514435598,0.15748031496063408,60,EARLY_BUILD,AKEUSDT,-0.8923884514435598
1783728899999,1783728000000,1,IGNITION_CANDIDATE,QUIET_NON_TRANSITION_FALLBACK,2026-07-11T00:00:00+00:00,1783728000000,True,0.5083017475578503,,15,4,False,60,0.3992015968063978,3.9920159680638667,60,EARLY_BUILD,AKEUSDT,1.9960079840319445
1783404899999,1783404000000,1,CONTINUATION_RELOAD,QUIET_NON_TRANSITION_FALLBACK,2026-07-07T06:00:00+00:00,1783404000000,True,0.5346917707112363,15,,4,False,60,-0.36496350364964014,-0.09953550099536246,60,EARLY_BUILD,AKEUSDT,-0.09953550099536246
1783024199999,1783023300000,1,EARLY_BUILD,QUIET_NON_TRANSITION_FALLBACK,2026-07-02T20:15:00+00:00,1783023300000,True,0.3492095222132257,,15,12,False,180,0.025169896803434177,1.1829851497608956,180,EARLY_BUILD,AKEUSDT,1.1829851497608956
1784080799999,1784079900000,1,ACCEPTED_IGNITION,QUIET_NON_TRANSITION_FALLBACK,2026-07-15T01:45:00+00:00,1784079900000,True,0.35124505934566425,15,45,12,False,180,-0.6366047745358094,38.62068965517243,180,EARLY_BUILD,AKEUSDT,38.62068965517243
1783950299999,1783949400000,1,CONFIRMED_BUILD,QUIET_NON_TRANSITION_FALLBACK,2026-07-13T13:30:00+00:00,1783949400000,True,0.3538701656130048,15,30,12,False,180,-0.10537407797681642,0.26343519494202994,180,EARLY_BUILD,AKEUSDT,0.15806111696523573
1784050199999,1784049300000,1,ACCEPTED_IGNITION,QUIET_NON_TRANSITION_FALLBACK,2026-07-14T17:15:00+00:00,1784049300000,True,0.37695491559632743,30,105,12,False,180,-0.6834910620399426,0.0525762355415349,180,EARLY_BUILD,AKEUSDT,-0.6834910620399426
1783980899999,1783980000000,1,CONFIRMED_BUILD,QUIET_NON_TRANSITION_FALLBACK,2026-07-13T22:00:00+00:00,1783980000000,True,0.43128665537200045,,15,12,False,180,0.588235294117645,1.764705882352935,180,EARLY_BUILD,AKEUSDT,1.6042780748663166
1784000699999,1783999800000,1,CONFIRMED_BUILD,QUIET_NON_TRANSITION_FALLBACK,2026-07-14T03:30:00+00:00,1783999800000,True,0.440464939215859,,15,12,False,180,0.26274303730950965,3.783499737256979,180,EARLY_BUILD,AKEUSDT,1.2611665790856597
1783043999999,1783043100000,1,ACCEPTED_IGNITION,QUIET_NON_TRANSITION_FALLBACK,2026-07-03T01:45:00+00:00,1783043100000,True,0.4434961673313645,30,15,12,False,180,-0.7331378299120228,2.859237536656889,180,EARLY_BUILD,AKEUSDT,1.124144672531746
1783930499999,1783929600000,1,CONFIRMED_BUILD,QUIET_NON_TRANSITION_FALLBACK,2026-07-13T08:00:00+00:00,1783929600000,True,0.47068495205404975,15,,12,False,180,-2.192066805845505,-0.31315240083507057,180,EARLY_BUILD,AKEUSDT,-0.9394572025052117
1783912499999,1783911600000,1,CONFIRMED_BUILD,QUIET_NON_TRANSITION_FALLBACK,2026-07-13T03:00:00+00:00,1783911600000,True,0.4861751951575994,15,75,12,False,180,-2.4581589958159067,0.4184100418409997,180,EARLY_BUILD,AKEUSDT,-2.092050209205032
1783965599999,1783964700000,1,CONFIRMED_BUILD,QUIET_NON_TRANSITION_FALLBACK,2026-07-13T17:45:00+00:00,1783964700000,True,0.48683061022693863,60,15,12,False,180,-0.8923884514435598,0.15748031496063408,180,EARLY_BUILD,AKEUSDT,-0.15748031496063408
1783728899999,1783728000000,1,IGNITION_CANDIDATE,QUIET_NON_TRANSITION_FALLBACK,2026-07-11T00:00:00+00:00,1783728000000,True,0.5083017475578503,150,15,12,False,180,-0.9980039920159611,4.590818363273463,180,EARLY_BUILD,AKEUSDT,-0.8982035928143617
1783404899999,1783404000000,1,CONTINUATION_RELOAD,QUIET_NON_TRANSITION_FALLBACK,2026-07-07T06:00:00+00:00,1783404000000,True,0.5346917707112363,15,,12,False,180,-26.67551426675514,-0.09953550099536246,180,EARLY_BUILD,AKEUSDT,-26.67551426675514
1783024199999,1783023300000,1,EARLY_BUILD,QUIET_NON_TRANSITION_FALLBACK,2026-07-02T20:15:00+00:00,1783023300000,True,0.3492095222132257,,15,16,False,240,0.025169896803434177,1.4850239114019503,240,EARLY_BUILD,AKEUSDT,0.8054366977095384
1784080799999,1784079900000,1,ACCEPTED_IGNITION,QUIET_NON_TRANSITION_FALLBACK,2026-07-15T01:45:00+00:00,1784079900000,True,0.35124505934566425,15,45,16,False,240,-0.6366047745358094,85.2519893899204,240,EARLY_BUILD,AKEUSDT,85.2519893899204
1783950299999,1783949400000,1,CONFIRMED_BUILD,QUIET_NON_TRANSITION_FALLBACK,2026-07-13T13:30:00+00:00,1783949400000,True,0.3538701656130048,15,30,16,False,240,-0.94836670179137,0.26343519494202994,240,EARLY_BUILD,AKEUSDT,-0.8429926238145424
1784050199999,1784049300000,1,ACCEPTED_IGNITION,QUIET_NON_TRANSITION_FALLBACK,2026-07-14T17:15:00+00:00,1784049300000,True,0.37695491559632743,30,105,16,False,240,-0.6834910620399426,0.0525762355415349,240,EARLY_BUILD,AKEUSDT,-0.525762355415349
1783980899999,1783980000000,1,CONFIRMED_BUILD,QUIET_NON_TRANSITION_FALLBACK,2026-07-13T22:00:00+00:00,1783980000000,True,0.43128665537200045,,15,16,False,240,0.588235294117645,1.764705882352935,240,EARLY_BUILD,AKEUSDT,1.7112299465240621
1784000699999,1783999800000,1,CONFIRMED_BUILD,QUIET_NON_TRANSITION_FALLBACK,2026-07-14T03:30:00+00:00,1783999800000,True,0.440464939215859,,15,16,False,240,0.26274303730950965,3.783499737256979,240,EARLY_BUILD,AKEUSDT,1.366263794009459
1783043999999,1783043100000,1,ACCEPTED_IGNITION,QUIET_NON_TRANSITION_FALLBACK,2026-07-03T01:45:00+00:00,1783043100000,True,0.4434961673313645,30,15,16,False,240,-0.7331378299120228,2.859237536656889,240,EARLY_BUILD,AKEUSDT,1.808406647116323
1783930499999,1783929600000,1,CONFIRMED_BUILD,QUIET_NON_TRANSITION_FALLBACK,2026-07-13T08:00:00+00:00,1783929600000,True,0.47068495205404975,15,,16,False,240,-2.192066805845505,-0.31315240083507057,240,EARLY_BUILD,AKEUSDT,-0.8350730688935215
1783912499999,1783911600000,1,CONFIRMED_BUILD,QUIET_NON_TRANSITION_FALLBACK,2026-07-13T03:00:00+00:00,1783911600000,True,0.4861751951575994,15,75,16,False,240,-2.4581589958159067,0.4184100418409997,240,EARLY_BUILD,AKEUSDT,0.4184100418409997
1783965599999,1783964700000,1,CONFIRMED_BUILD,QUIET_NON_TRANSITION_FALLBACK,2026-07-13T17:45:00+00:00,1783964700000,True,0.48683061022693863,60,15,16,False,240,-2.0472440944881765,0.15748031496063408,240,EARLY_BUILD,AKEUSDT,-1.7847769028871419
1783728899999,1783728000000,1,IGNITION_CANDIDATE,QUIET_NON_TRANSITION_FALLBACK,2026-07-11T00:00:00+00:00,1783728000000,True,0.5083017475578503,150,15,16,False,240,-0.9980039920159611,4.590818363273463,240,EARLY_BUILD,AKEUSDT,0.29940119760478723
1783404899999,1783404000000,1,CONTINUATION_RELOAD,QUIET_NON_TRANSITION_FALLBACK,2026-07-07T06:00:00+00:00,1783404000000,True,0.5346917707112363,15,,16,False,240,-28.699402786994032,-0.09953550099536246,240,EARLY_BUILD,AKEUSDT,-26.90776376907764
1783024199999,1783023300000,1,EARLY_BUILD,QUIET_NON_TRANSITION_FALLBACK,2026-07-02T20:15:00+00:00,1783023300000,True,0.3492095222132257,,15,48,False,720,0.025169896803434177,12.76113767933551,720,EARLY_BUILD,AKEUSDT,8.079536873898817
1784080799999,1784079900000,1,ACCEPTED_IGNITION,QUIET_NON_TRANSITION_FALLBACK,2026-07-15T01:45:00+00:00,1784079900000,True,0.35124505934566425,15,45,48,False,720,-0.6366047745358094,290.9814323607427,720,EARLY_BUILD,AKEUSDT,278.9920424403183
1783950299999,1783949400000,1,CONFIRMED_BUILD,QUIET_NON_TRANSITION_FALLBACK,2026-07-13T13:30:00+00:00,1783949400000,True,0.3538701656130048,15,30,48,False,720,-1.6859852476290849,0.5268703898840821,720,EARLY_BUILD,AKEUSDT,-0.36880927291886856
1784050199999,1784049300000,1,ACCEPTED_IGNITION,QUIET_NON_TRANSITION_FALLBACK,2026-07-14T17:15:00+00:00,1784049300000,True,0.37695491559632743,30,105,48,False,720,-1.524710830704512,55.52050473186121,720,EARLY_BUILD,AKEUSDT,55.52050473186121
1783980899999,1783980000000,1,CONFIRMED_BUILD,QUIET_NON_TRANSITION_FALLBACK,2026-07-13T22:00:00+00:00,1783980000000,True,0.43128665537200045,,15,48,False,720,0.588235294117645,5.614973262032086,720,EARLY_BUILD,AKEUSDT,4.010695187165791
1784000699999,1783999800000,1,CONFIRMED_BUILD,QUIET_NON_TRANSITION_FALLBACK,2026-07-14T03:30:00+00:00,1783999800000,True,0.440464939215859,465,15,48,False,720,-0.788229111928529,3.783499737256979,720,EARLY_BUILD,AKEUSDT,1.1035207566999494
1783043999999,1783043100000,1,ACCEPTED_IGNITION,QUIET_NON_TRANSITION_FALLBACK,2026-07-03T01:45:00+00:00,1783043100000,True,0.4434961673313645,30,15,48,False,720,-0.7331378299120228,21.945259042033214,720,EARLY_BUILD,AKEUSDT,19.6236559139785
1783930499999,1783929600000,1,CONFIRMED_BUILD,QUIET_NON_TRANSITION_FALLBACK,2026-07-13T08:00:00+00:00,1783929600000,True,0.47068495205404975,15,,48,False,720,-2.192066805845505,-0.31315240083507057,720,EARLY_BUILD,AKEUSDT,-0.7828810020876764
1783912499999,1783911600000,1,CONFIRMED_BUILD,QUIET_NON_TRANSITION_FALLBACK,2026-07-13T03:00:00+00:00,1783911600000,True,0.4861751951575994,15,75,48,False,720,-2.4581589958159067,0.4184100418409997,720,EARLY_BUILD,AKEUSDT,-0.8368200836820106
1783965599999,1783964700000,1,CONFIRMED_BUILD,QUIET_NON_TRANSITION_FALLBACK,2026-07-13T17:45:00+00:00,1783964700000,True,0.48683061022693863,60,15,48,False,720,-2.0472440944881765,3.6745406824147064,720,EARLY_BUILD,AKEUSDT,0.7349081364829368
1783728899999,1783728000000,1,IGNITION_CANDIDATE,QUIET_NON_TRANSITION_FALLBACK,2026-07-11T00:00:00+00:00,1783728000000,False,0.5083017475578503,150,15,45,False,720,-1.5968063872255467,10.878243512974063,675,EARLY_BUILD,AKEUSDT,10.878243512974063
1783404899999,1783404000000,1,CONTINUATION_RELOAD,QUIET_NON_TRANSITION_FALLBACK,2026-07-07T06:00:00+00:00,1783404000000,True,0.5346917707112363,15,,47,False,720,-36.56270736562707,-0.09953550099536246,705,EARLY_BUILD,AKEUSDT,-35.534173855341734
1783024199999,1783023300000,1,EARLY_BUILD,QUIET_NON_TRANSITION_FALLBACK,2026-07-02T20:15:00+00:00,1783023300000,True,0.3492095222132257,,15,96,False,1440,0.025169896803434177,27.586206896551737,1440,EARLY_BUILD,AKEUSDT,25.77397432670525
1784080799999,1784079900000,1,ACCEPTED_IGNITION,QUIET_NON_TRANSITION_FALLBACK,2026-07-15T01:45:00+00:00,1784079900000,True,0.35124505934566425,15,45,96,False,1440,-0.6366047745358094,348.48806366047745,1440,EARLY_BUILD,AKEUSDT,278.46153846153845
1783950299999,1783949400000,1,CONFIRMED_BUILD,QUIET_NON_TRANSITION_FALLBACK,2026-07-13T13:30:00+00:00,1783949400000,True,0.3538701656130048,15,30,96,False,1440,-1.6859852476290849,4.0569020021074875,1440,EARLY_BUILD,AKEUSDT,1.1064278187565835
1784050199999,1784049300000,1,ACCEPTED_IGNITION,QUIET_NON_TRANSITION_FALLBACK,2026-07-14T17:15:00+00:00,1784049300000,True,0.37695491559632743,30,105,96,False,1440,-1.524710830704512,344.4794952681388,1440,EARLY_BUILD,AKEUSDT,236.75078864353316
1783980899999,1783980000000,1,CONFIRMED_BUILD,QUIET_NON_TRANSITION_FALLBACK,2026-07-13T22:00:00+00:00,1783980000000,True,0.43128665537200045,,15,96,False,1440,0.588235294117645,5.614973262032086,1440,EARLY_BUILD,AKEUSDT,1.2834224598930577
1784000699999,1783999800000,1,CONFIRMED_BUILD,QUIET_NON_TRANSITION_FALLBACK,2026-07-14T03:30:00+00:00,1783999800000,True,0.440464939215859,465,15,96,False,1440,-1.366263794009448,3.783499737256979,1440,EARLY_BUILD,AKEUSDT,-0.5780346820809301
1783043999999,1783043100000,1,ACCEPTED_IGNITION,QUIET_NON_TRANSITION_FALLBACK,2026-07-03T01:45:00+00:00,1783043100000,True,0.4434961673313645,30,15,96,False,1440,-1.1241446725317683,23.87585532746823,1440,EARLY_BUILD,AKEUSDT,4.740957966764414
1783930499999,1783929600000,1,CONFIRMED_BUILD,QUIET_NON_TRANSITION_FALLBACK,2026-07-13T08:00:00+00:00,1783929600000,True,0.47068495205404975,15,1185,96,False,1440,-2.609603340292266,3.0793319415448828,1440,EARLY_BUILD,AKEUSDT,0.9916492693110568
1783912499999,1783911600000,1,CONFIRMED_BUILD,QUIET_NON_TRANSITION_FALLBACK,2026-07-13T03:00:00+00:00,1783911600000,True,0.4861751951575994,15,75,96,False,1440,-2.4581589958159067,0.4184100418409997,1440,EARLY_BUILD,AKEUSDT,-0.7322175732217606
1783965599999,1783964700000,1,CONFIRMED_BUILD,QUIET_NON_TRANSITION_FALLBACK,2026-07-13T17:45:00+00:00,1783964700000,True,0.48683061022693863,60,15,96,False,1440,-2.0472440944881765,3.6745406824147064,1440,EARLY_BUILD,AKEUSDT,-0.3674540682414684
1783728899999,1783728000000,1,IGNITION_CANDIDATE,QUIET_NON_TRANSITION_FALLBACK,2026-07-11T00:00:00+00:00,1783728000000,False,0.5083017475578503,150,15,45,False,1440,-1.5968063872255467,10.878243512974063,675,EARLY_BUILD,AKEUSDT,10.878243512974063
1783404899999,1783404000000,1,CONTINUATION_RELOAD,QUIET_NON_TRANSITION_FALLBACK,2026-07-07T06:00:00+00:00,1783404000000,False,0.5346917707112363,15,,47,False,1440,-36.56270736562707,-0.09953550099536246,705,EARLY_BUILD,AKEUSDT,-35.534173855341734
1784079899999,1784079000000,1,ACCEPTED_IGNITION,QUIET_NON_TRANSITION_FALLBACK,2026-07-15T01:30:00+00:00,1784079000000,True,0.04266161506004998,30,15,3,False,45,-0.2656748140276277,0.15940488841659217,45,IGNITION_CANDIDATE,AKEUSDT,-0.2656748140276277
1783025999999,1783025100000,1,EARLY_BUILD,QUIET_NON_TRANSITION_FALLBACK,2026-07-02T20:45:00+00:00,1783025100000,True,0.055406110532960774,,15,3,False,45,0.12569130216188995,0.7290095525389617,45,IGNITION_CANDIDATE,AKEUSDT,0.7290095525389617
1784058299999,1784057400000,1,ACCEPTED_IGNITION,QUIET_NON_TRANSITION_FALLBACK,2026-07-14T19:30:00+00:00,1784057400000,True,0.2369697523358898,15,,3,False,45,-0.31662269129286713,-0.10554089709762238,45,IGNITION_CANDIDATE,AKEUSDT,-0.31662269129286713
1783991699999,1783990800000,1,CONFIRMED_BUILD,QUIET_NON_TRANSITION_FALLBACK,2026-07-14T01:00:00+00:00,1783990800000,True,0.2608230581437638,15,45,3,False,45,-0.6315789473684275,0.052631578947370805,45,IGNITION_CANDIDATE,AKEUSDT,0.052631578947370805
1783043999999,1783043100000,1,ACCEPTED_IGNITION,QUIET_NON_TRANSITION_FALLBACK,2026-07-03T01:45:00+00:00,1783043100000,True,0.39313939599525255,30,15,3,False,45,-0.7331378299120228,0.7086999022482887,45,IGNITION_CANDIDATE,AKEUSDT,0.4887585532746819
1783951199999,1783950300000,1,CONFIRMED_BUILD,QUIET_NON_TRANSITION_FALLBACK,2026-07-13T13:45:00+00:00,1783950300000,True,0.3962126972864363,,15,3,False,45,0.10542962572483994,0.26357406431205543,45,IGNITION_CANDIDATE,AKEUSDT,0.10542962572483994
1783977299999,1783976400000,1,CONFIRMED_BUILD,QUIET_NON_TRANSITION_FALLBACK,2026-07-13T21:00:00+00:00,1783976400000,True,0.4433700669823706,15,,3,False,45,-1.165254237288138,-0.5296610169491456,45,IGNITION_CANDIDATE,AKEUSDT,-0.9004237288135708
1783934099999,1783933200000,1,CONFIRMED_BUILD,QUIET_NON_TRANSITION_FALLBACK,2026-07-13T09:00:00+00:00,1783933200000,True,0.47903332329008536,15,,3,False,45,-0.6352567496029637,-0.2646903123345701,45,IGNITION_CANDIDATE,AKEUSDT,-0.2646903123345701
1784031299999,1784030400000,1,ACCEPTED_IGNITION,QUIET_NON_TRANSITION_FALLBACK,2026-07-14T12:00:00+00:00,1784030400000,True,0.4823558329066111,15,45,3,False,45,-0.683850604944769,0.05260389268804122,45,IGNITION_CANDIDATE,AKEUSDT,0.05260389268804122
1783912499999,1783911600000,1,CONFIRMED_BUILD,QUIET_NON_TRANSITION_FALLBACK,2026-07-13T03:00:00+00:00,1783911600000,True,0.496026246987815,15,,3,False,45,-0.6799163179916357,-0.10460251046024993,45,IGNITION_CANDIDATE,AKEUSDT,-0.6799163179916357
1783728899999,1783728000000,1,IGNITION_CANDIDATE,QUIET_NON_TRANSITION_FALLBACK,2026-07-11T00:00:00+00:00,1783728000000,True,0.5219288725442115,,15,3,False,45,0.3992015968063978,3.9920159680638667,45,IGNITION_CANDIDATE,AKEUSDT,3.9920159680638667
1783391399999,1783390500000,1,CONTINUATION_RELOAD,QUIET_NON_TRANSITION_FALLBACK,2026-07-07T02:15:00+00:00,1783390500000,True,0.5570070751437022,15,45,3,False,45,-0.03306878306877925,0.1322751322751392,45,IGNITION_CANDIDATE,AKEUSDT,0.1322751322751392
1784079899999,1784079000000,1,ACCEPTED_IGNITION,QUIET_NON_TRANSITION_FALLBACK,2026-07-15T01:30:00+00:00,1784079000000,True,0.04266161506004998,30,15,4,False,60,-0.2656748140276277,0.4782146652497321,60,IGNITION_CANDIDATE,AKEUSDT,0.4782146652497321
1783025999999,1783025100000,1,EARLY_BUILD,QUIET_NON_TRANSITION_FALLBACK,2026-07-02T20:45:00+00:00,1783025100000,True,0.055406110532960774,,15,4,False,60,0.12569130216188995,0.7290095525389617,60,IGNITION_CANDIDATE,AKEUSDT,0.6284565108094498
1784058299999,1784057400000,1,ACCEPTED_IGNITION,QUIET_NON_TRANSITION_FALLBACK,2026-07-14T19:30:00+00:00,1784057400000,True,0.2369697523358898,15,,4,False,60,-0.31662269129286713,-0.10554089709762238,60,IGNITION_CANDIDATE,AKEUSDT,-0.31662269129286713
1783991699999,1783990800000,1,CONFIRMED_BUILD,QUIET_NON_TRANSITION_FALLBACK,2026-07-14T01:00:00+00:00,1783990800000,True,0.2608230581437638,15,45,4,False,60,-0.6315789473684275,0.1052631578947194,60,IGNITION_CANDIDATE,AKEUSDT,0.1052631578947194
1783043999999,1783043100000,1,ACCEPTED_IGNITION,QUIET_NON_TRANSITION_FALLBACK,2026-07-03T01:45:00+00:00,1783043100000,True,0.39313939599525255,30,15,4,False,60,-0.7331378299120228,0.7086999022482887,60,IGNITION_CANDIDATE,AKEUSDT,0.6842619745845546
1783951199999,1783950300000,1,CONFIRMED_BUILD,QUIET_NON_TRANSITION_FALLBACK,2026-07-13T13:45:00+00:00,1783950300000,True,0.3962126972864363,,15,4,False,60,0.10542962572483994,0.3162888771744754,60,IGNITION_CANDIDATE,AKEUSDT,0.3162888771744754
1783977299999,1783976400000,1,CONFIRMED_BUILD,QUIET_NON_TRANSITION_FALLBACK,2026-07-13T21:00:00+00:00,1783976400000,True,0.4433700669823706,15,,4,False,60,-1.165254237288138,-0.5296610169491456,60,IGNITION_CANDIDATE,AKEUSDT,-0.9533898305084887
1783934099999,1783933200000,1,CONFIRMED_BUILD,QUIET_NON_TRANSITION_FALLBACK,2026-07-13T09:00:00+00:00,1783933200000,True,0.47903332329008536,15,,4,False,60,-0.7940709370037102,-0.2646903123345701,60,IGNITION_CANDIDATE,AKEUSDT,-0.7940709370037102
1784031299999,1784030400000,1,ACCEPTED_IGNITION,QUIET_NON_TRANSITION_FALLBACK,2026-07-14T12:00:00+00:00,1784030400000,True,0.4823558329066111,15,45,4,False,60,-0.683850604944769,0.2630194634402949,60,IGNITION_CANDIDATE,AKEUSDT,0.2630194634402949
1783912499999,1783911600000,1,CONFIRMED_BUILD,QUIET_NON_TRANSITION_FALLBACK,2026-07-13T03:00:00+00:00,1783911600000,True,0.496026246987815,15,,4,False,60,-0.9414225941422716,-0.10460251046024993,60,IGNITION_CANDIDATE,AKEUSDT,-0.9414225941422716
1783728899999,1783728000000,1,IGNITION_CANDIDATE,QUIET_NON_TRANSITION_FALLBACK,2026-07-11T00:00:00+00:00,1783728000000,True,0.5219288725442115,,15,4,False,60,0.3992015968063978,3.9920159680638667,60,IGNITION_CANDIDATE,AKEUSDT,1.9960079840319445
1783391399999,1783390500000,1,CONTINUATION_RELOAD,QUIET_NON_TRANSITION_FALLBACK,2026-07-07T02:15:00+00:00,1783390500000,True,0.5570070751437022,15,45,4,False,60,-0.132275132275117,0.1322751322751392,60,IGNITION_CANDIDATE,AKEUSDT,-0.132275132275117
1784079899999,1784079000000,1,ACCEPTED_IGNITION,QUIET_NON_TRANSITION_FALLBACK,2026-07-15T01:30:00+00:00,1784079000000,True,0.04266161506004998,30,15,12,False,180,-0.4782146652497321,0.9564293304994864,180,IGNITION_CANDIDATE,AKEUSDT,-0.10626992561105775
1783025999999,1783025100000,1,EARLY_BUILD,QUIET_NON_TRANSITION_FALLBACK,2026-07-02T20:45:00+00:00,1783025100000,True,0.055406110532960774,,15,12,False,180,0.10055304172951196,1.3574660633484115,180,IGNITION_CANDIDATE,AKEUSDT,1.2569130216188995
1784058299999,1784057400000,1,ACCEPTED_IGNITION,QUIET_NON_TRANSITION_FALLBACK,2026-07-14T19:30:00+00:00,1784057400000,True,0.2369697523358898,15,75,12,False,180,-0.31662269129286713,0.5804749340369453,180,IGNITION_CANDIDATE,AKEUSDT,0.5804749340369453
1783991699999,1783990800000,1,CONFIRMED_BUILD,QUIET_NON_TRANSITION_FALLBACK,2026-07-14T01:00:00+00:00,1783990800000,True,0.2608230581437638,15,45,12,False,180,-0.6315789473684275,3.9473684210526327,180,IGNITION_CANDIDATE,AKEUSDT,3.9473684210526327
1783043999999,1783043100000,1,ACCEPTED_IGNITION,QUIET_NON_TRANSITION_FALLBACK,2026-07-03T01:45:00+00:00,1783043100000,True,0.39313939599525255,30,15,12,False,180,-0.7331378299120228,2.859237536656889,180,IGNITION_CANDIDATE,AKEUSDT,1.124144672531746
1783951199999,1783950300000,1,CONFIRMED_BUILD,QUIET_NON_TRANSITION_FALLBACK,2026-07-13T13:45:00+00:00,1783950300000,True,0.3962126972864363,75,15,12,False,180,-0.05271481286241997,0.3162888771744754,180,IGNITION_CANDIDATE,AKEUSDT,0.21085925144965767
1783977299999,1783976400000,1,CONFIRMED_BUILD,QUIET_NON_TRANSITION_FALLBACK,2026-07-13T21:00:00+00:00,1783976400000,True,0.4433700669823706,15,120,12,False,180,-1.165254237288138,0.4237288135593209,180,IGNITION_CANDIDATE,AKEUSDT,0.4237288135593209
1783934099999,1783933200000,1,CONFIRMED_BUILD,QUIET_NON_TRANSITION_FALLBACK,2026-07-13T09:00:00+00:00,1783933200000,True,0.47903332329008536,15,75,12,False,180,-0.7940709370037102,1.111699311805192,180,IGNITION_CANDIDATE,AKEUSDT,0.582318687136052
1784031299999,1784030400000,1,ACCEPTED_IGNITION,QUIET_NON_TRANSITION_FALLBACK,2026-07-14T12:00:00+00:00,1784030400000,True,0.4823558329066111,15,45,12,False,180,-0.683850604944769,1.0520778537611797,180,IGNITION_CANDIDATE,AKEUSDT,1.0520778537611797
1783912499999,1783911600000,1,CONFIRMED_BUILD,QUIET_NON_TRANSITION_FALLBACK,2026-07-13T03:00:00+00:00,1783911600000,True,0.496026246987815,15,75,12,False,180,-2.4581589958159067,0.4184100418409997,180,IGNITION_CANDIDATE,AKEUSDT,-2.092050209205032
1783728899999,1783728000000,1,IGNITION_CANDIDATE,QUIET_NON_TRANSITION_FALLBACK,2026-07-11T00:00:00+00:00,1783728000000,True,0.5219288725442115,150,15,12,False,180,-0.9980039920159611,4.590818363273463,180,IGNITION_CANDIDATE,AKEUSDT,-0.8982035928143617
1783391399999,1783390500000,1,CONTINUATION_RELOAD,QUIET_NON_TRANSITION_FALLBACK,2026-07-07T02:15:00+00:00,1783390500000,True,0.5570070751437022,15,45,12,False,180,-0.5291005291005235,0.1322751322751392,180,IGNITION_CANDIDATE,AKEUSDT,-0.49603174603174427
1784079899999,1784079000000,1,ACCEPTED_IGNITION,QUIET_NON_TRANSITION_FALLBACK,2026-07-15T01:30:00+00:00,1784079000000,True,0.04266161506004998,30,15,16,False,240,-0.4782146652497321,59.19234856535602,240,IGNITION_CANDIDATE,AKEUSDT,59.19234856535602
1783025999999,1783025100000,1,EARLY_BUILD,QUIET_NON_TRANSITION_FALLBACK,2026-07-02T20:45:00+00:00,1783025100000,True,0.055406110532960774,,15,16,False,240,0.10055304172951196,1.3574660633484115,240,IGNITION_CANDIDATE,AKEUSDT,0.8295625942684737
1784058299999,1784057400000,1,ACCEPTED_IGNITION,QUIET_NON_TRANSITION_FALLBACK,2026-07-14T19:30:00+00:00,1784057400000,True,0.2369697523358898,15,75,16,False,240,-0.31662269129286713,0.5804749340369453,240,IGNITION_CANDIDATE,AKEUSDT,0.31662269129288934
1783991699999,1783990800000,1,CONFIRMED_BUILD,QUIET_NON_TRANSITION_FALLBACK,2026-07-14T01:00:00+00:00,1783990800000,True,0.2608230581437638,15,45,16,False,240,-0.6315789473684275,3.9473684210526327,240,IGNITION_CANDIDATE,AKEUSDT,1.4210526315789451
1783043999999,1783043100000,1,ACCEPTED_IGNITION,QUIET_NON_TRANSITION_FALLBACK,2026-07-03T01:45:00+00:00,1783043100000,True,0.39313939599525255,30,15,16,False,240,-0.7331378299120228,2.859237536656889,240,IGNITION_CANDIDATE,AKEUSDT,1.808406647116323
1783951199999,1783950300000,1,CONFIRMED_BUILD,QUIET_NON_TRANSITION_FALLBACK,2026-07-13T13:45:00+00:00,1783950300000,True,0.3962126972864363,75,15,16,False,240,-0.8961518186610506,0.42171850289931534,240,IGNITION_CANDIDATE,AKEUSDT,0.42171850289931534
1783977299999,1783976400000,1,CONFIRMED_BUILD,QUIET_NON_TRANSITION_FALLBACK,2026-07-13T21:00:00+00:00,1783976400000,True,0.4433700669823706,15,120,16,False,240,-1.165254237288138,0.7944915254237239,240,IGNITION_CANDIDATE,AKEUSDT,0.6355932203389925
1783934099999,1783933200000,1,CONFIRMED_BUILD,QUIET_NON_TRANSITION_FALLBACK,2026-07-13T09:00:00+00:00,1783933200000,True,0.47903332329008536,15,75,16,False,240,-0.7940709370037102,1.111699311805192,240,IGNITION_CANDIDATE,AKEUSDT,0.8999470619375227
1784031299999,1784030400000,1,ACCEPTED_IGNITION,QUIET_NON_TRANSITION_FALLBACK,2026-07-14T12:00:00+00:00,1784030400000,True,0.4823558329066111,15,45,16,False,240,-0.683850604944769,1.3150973172014524,240,IGNITION_CANDIDATE,AKEUSDT,1.3150973172014524
1783912499999,1783911600000,1,CONFIRMED_BUILD,QUIET_NON_TRANSITION_FALLBACK,2026-07-13T03:00:00+00:00,1783911600000,True,0.496026246987815,15,75,16,False,240,-2.4581589958159067,0.4184100418409997,240,IGNITION_CANDIDATE,AKEUSDT,0.4184100418409997
1783728899999,1783728000000,1,IGNITION_CANDIDATE,QUIET_NON_TRANSITION_FALLBACK,2026-07-11T00:00:00+00:00,1783728000000,True,0.5219288725442115,150,15,16,False,240,-0.9980039920159611,4.590818363273463,240,IGNITION_CANDIDATE,AKEUSDT,0.29940119760478723
1783391399999,1783390500000,1,CONTINUATION_RELOAD,QUIET_NON_TRANSITION_FALLBACK,2026-07-07T02:15:00+00:00,1783390500000,True,0.5570070751437022,15,45,16,False,240,-0.694444444444442,0.1322751322751392,240,IGNITION_CANDIDATE,AKEUSDT,-0.694444444444442
1784079899999,1784079000000,1,ACCEPTED_IGNITION,QUIET_NON_TRANSITION_FALLBACK,2026-07-15T01:30:00+00:00,1784079000000,True,0.04266161506004998,30,15,48,False,720,-0.4782146652497321,291.6046758767269,720,IGNITION_CANDIDATE,AKEUSDT,276.1424017003188
1783025999999,1783025100000,1,EARLY_BUILD,QUIET_NON_TRANSITION_FALLBACK,2026-07-02T20:45:00+00:00,1783025100000,True,0.055406110532960774,,15,48,False,720,0.10055304172951196,12.619406737053795,720,IGNITION_CANDIDATE,AKEUSDT,7.616892911010553
1784058299999,1784057400000,1,ACCEPTED_IGNITION,QUIET_NON_TRANSITION_FALLBACK,2026-07-14T19:30:00+00:00,1784057400000,True,0.2369697523358898,15,75,48,False,720,-1.1609498680738795,166.3324538258575,720,IGNITION_CANDIDATE,AKEUSDT,166.3324538258575
1783991699999,1783990800000,1,CONFIRMED_BUILD,QUIET_NON_TRANSITION_FALLBACK,2026-07-14T01:00:00+00:00,1783990800000,True,0.2608230581437638,15,45,48,False,720,-0.6315789473684275,3.9473684210526327,720,IGNITION_CANDIDATE,AKEUSDT,0.3157894736842026
1783043999999,1783043100000,1,ACCEPTED_IGNITION,QUIET_NON_TRANSITION_FALLBACK,2026-07-03T01:45:00+00:00,1783043100000,True,0.39313939599525255,30,15,48,False,720,-0.7331378299120228,21.945259042033214,720,IGNITION_CANDIDATE,AKEUSDT,19.6236559139785
1783951199999,1783950300000,1,CONFIRMED_BUILD,QUIET_NON_TRANSITION_FALLBACK,2026-07-13T13:45:00+00:00,1783950300000,True,0.3962126972864363,75,15,48,False,720,-1.6341591987348414,0.579862941486553,720,IGNITION_CANDIDATE,AKEUSDT,0.21085925144965767
1783977299999,1783976400000,1,CONFIRMED_BUILD,QUIET_NON_TRANSITION_FALLBACK,2026-07-13T21:00:00+00:00,1783976400000,True,0.4433700669823706,15,120,48,False,720,-1.165254237288138,4.608050847457634,720,IGNITION_CANDIDATE,AKEUSDT,2.277542372881358
1783934099999,1783933200000,1,CONFIRMED_BUILD,QUIET_NON_TRANSITION_FALLBACK,2026-07-13T09:00:00+00:00,1783933200000,True,0.47903332329008536,15,75,48,False,720,-0.7940709370037102,1.111699311805192,720,IGNITION_CANDIDATE,AKEUSDT,-0.052938062466911795
1784031299999,1784030400000,1,ACCEPTED_IGNITION,QUIET_NON_TRANSITION_FALLBACK,2026-07-14T12:00:00+00:00,1784030400000,True,0.4823558329066111,15,45,48,False,720,-0.683850604944769,1.3150973172014524,720,IGNITION_CANDIDATE,AKEUSDT,0.2630194634402949
1783912499999,1783911600000,1,CONFIRMED_BUILD,QUIET_NON_TRANSITION_FALLBACK,2026-07-13T03:00:00+00:00,1783911600000,True,0.496026246987815,15,75,48,False,720,-2.4581589958159067,0.4184100418409997,720,IGNITION_CANDIDATE,AKEUSDT,-0.8368200836820106
1783728899999,1783728000000,1,IGNITION_CANDIDATE,QUIET_NON_TRANSITION_FALLBACK,2026-07-11T00:00:00+00:00,1783728000000,False,0.5219288725442115,150,15,45,False,720,-1.5968063872255467,10.878243512974063,675,IGNITION_CANDIDATE,AKEUSDT,10.878243512974063
1783391399999,1783390500000,1,CONTINUATION_RELOAD,QUIET_NON_TRANSITION_FALLBACK,2026-07-07T02:15:00+00:00,1783390500000,True,0.5570070751437022,15,45,48,False,720,-34.160052910052904,0.1322751322751392,720,IGNITION_CANDIDATE,AKEUSDT,-30.621693121693117
1784079899999,1784079000000,1,ACCEPTED_IGNITION,QUIET_NON_TRANSITION_FALLBACK,2026-07-15T01:30:00+00:00,1784079000000,True,0.04266161506004998,30,15,96,False,1440,-0.4782146652497321,349.2029755579171,1440,IGNITION_CANDIDATE,AKEUSDT,281.9872476089267
1783025999999,1783025100000,1,EARLY_BUILD,QUIET_NON_TRANSITION_FALLBACK,2026-07-02T20:45:00+00:00,1783025100000,True,0.055406110532960774,,15,96,False,1440,0.10055304172951196,27.425842131724476,1440,IGNITION_CANDIDATE,AKEUSDT,25.691302161890395
1784058299999,1784057400000,1,ACCEPTED_IGNITION,QUIET_NON_TRANSITION_FALLBACK,2026-07-14T19:30:00+00:00,1784057400000,True,0.2369697523358898,15,75,96,False,1440,-1.1609498680738795,346.12137203166225,1440,IGNITION_CANDIDATE,AKEUSDT,247.75725593667545
1783991699999,1783990800000,1,CONFIRMED_BUILD,QUIET_NON_TRANSITION_FALLBACK,2026-07-14T01:00:00+00:00,1783990800000,True,0.2608230581437638,15,45,96,False,1440,-0.6315789473684275,3.9473684210526327,1440,IGNITION_CANDIDATE,AKEUSDT,0.2631578947368318
1783043999999,1783043100000,1,ACCEPTED_IGNITION,QUIET_NON_TRANSITION_FALLBACK,2026-07-03T01:45:00+00:00,1783043100000,True,0.39313939599525255,30,15,96,False,1440,-1.1241446725317683,23.87585532746823,1440,IGNITION_CANDIDATE,AKEUSDT,4.740957966764414
1783951199999,1783950300000,1,CONFIRMED_BUILD,QUIET_NON_TRANSITION_FALLBACK,2026-07-13T13:45:00+00:00,1783950300000,True,0.3962126972864363,75,15,96,False,1440,-1.6341591987348414,4.1117554032683135,1440,IGNITION_CANDIDATE,AKEUSDT,0.579862941486553
1783977299999,1783976400000,1,CONFIRMED_BUILD,QUIET_NON_TRANSITION_FALLBACK,2026-07-13T21:00:00+00:00,1783976400000,True,0.4433700669823706,15,120,96,False,1440,-1.165254237288138,4.608050847457634,1440,IGNITION_CANDIDATE,AKEUSDT,0.21186440677964935
1783934099999,1783933200000,1,CONFIRMED_BUILD,QUIET_NON_TRANSITION_FALLBACK,2026-07-13T09:00:00+00:00,1783933200000,True,0.47903332329008536,15,75,96,False,1440,-1.2175754367390157,4.55267337215457,1440,IGNITION_CANDIDATE,AKEUSDT,2.223398623610362
1784031299999,1784030400000,1,ACCEPTED_IGNITION,QUIET_NON_TRANSITION_FALLBACK,2026-07-14T12:00:00+00:00,1784030400000,True,0.4823558329066111,15,45,96,False,1440,-1.4729089952656538,252.39347711730665,1440,IGNITION_CANDIDATE,AKEUSDT,177.11730668069436
1783912499999,1783911600000,1,CONFIRMED_BUILD,QUIET_NON_TRANSITION_FALLBACK,2026-07-13T03:00:00+00:00,1783911600000,True,0.496026246987815,15,75,96,False,1440,-2.4581589958159067,0.4184100418409997,1440,IGNITION_CANDIDATE,AKEUSDT,-0.7322175732217606
1783728899999,1783728000000,1,IGNITION_CANDIDATE,QUIET_NON_TRANSITION_FALLBACK,2026-07-11T00:00:00+00:00,1783728000000,False,0.5219288725442115,150,15,45,False,1440,-1.5968063872255467,10.878243512974063,675,IGNITION_CANDIDATE,AKEUSDT,10.878243512974063
1783391399999,1783390500000,1,CONTINUATION_RELOAD,QUIET_NON_TRANSITION_FALLBACK,2026-07-07T02:15:00+00:00,1783390500000,False,0.5570070751437022,15,45,62,False,1440,-36.772486772486765,0.1322751322751392,930,IGNITION_CANDIDATE,AKEUSDT,-35.747354497354486
1784078999999,1784078100000,1,ACCEPTED_IGNITION,QUIET_NON_TRANSITION_FALLBACK,2026-07-15T01:15:00+00:00,1784078100000,True,0.08158565660847472,15,,3,False,45,-1.1052631578947536,-0.7894736842105288,45,ACCEPTED_IGNITION,AKEUSDT,-1.1052631578947536
1783025999999,1783025100000,1,EARLY_BUILD,QUIET_NON_TRANSITION_FALLBACK,2026-07-02T20:45:00+00:00,1783025100000,True,0.1388821081602971,,15,3,False,45,0.12569130216188995,0.7290095525389617,45,ACCEPTED_IGNITION,AKEUSDT,0.7290095525389617
1784057399999,1784056500000,1,ACCEPTED_IGNITION,QUIET_NON_TRANSITION_FALLBACK,2026-07-14T19:15:00+00:00,1784056500000,True,0.22115981026252993,15,,3,False,45,-0.21085925144965767,-0.10542962572482883,45,ACCEPTED_IGNITION,AKEUSDT,-0.21085925144965767
1783991699999,1783990800000,1,CONFIRMED_BUILD,QUIET_NON_TRANSITION_FALLBACK,2026-07-14T01:00:00+00:00,1783990800000,True,0.254991771633531,15,45,3,False,45,-0.6315789473684275,0.052631578947370805,45,ACCEPTED_IGNITION,AKEUSDT,0.052631578947370805
1783977299999,1783976400000,1,CONFIRMED_BUILD,QUIET_NON_TRANSITION_FALLBACK,2026-07-13T21:00:00+00:00,1783976400000,True,0.4257621518355035,15,,3,False,45,-1.165254237288138,-0.5296610169491456,45,ACCEPTED_IGNITION,AKEUSDT,-0.9004237288135708
1783043999999,1783043100000,1,ACCEPTED_IGNITION,QUIET_NON_TRANSITION_FALLBACK,2026-07-03T01:45:00+00:00,1783043100000,True,0.4393842454945606,30,15,3,False,45,-0.7331378299120228,0.7086999022482887,45,ACCEPTED_IGNITION,AKEUSDT,0.4887585532746819
1783951199999,1783950300000,1,CONFIRMED_BUILD,QUIET_NON_TRANSITION_FALLBACK,2026-07-13T13:45:00+00:00,1783950300000,True,0.4491423628142281,,15,3,False,45,0.10542962572483994,0.26357406431205543,45,ACCEPTED_IGNITION,AKEUSDT,0.10542962572483994
1783728899999,1783728000000,1,IGNITION_CANDIDATE,QUIET_NON_TRANSITION_FALLBACK,2026-07-11T00:00:00+00:00,1783728000000,True,0.48015196332343607,,15,3,False,45,0.3992015968063978,3.9920159680638667,45,ACCEPTED_IGNITION,AKEUSDT,3.9920159680638667
1783934099999,1783933200000,1,CONFIRMED_BUILD,QUIET_NON_TRANSITION_FALLBACK,2026-07-13T09:00:00+00:00,1783933200000,True,0.5189175268550912,15,,3,False,45,-0.6352567496029637,-0.2646903123345701,45,ACCEPTED_IGNITION,AKEUSDT,-0.2646903123345701
1784042999999,1784042100000,1,ACCEPTED_IGNITION,QUIET_NON_TRANSITION_FALLBACK,2026-07-14T15:15:00+00:00,1784042100000,True,0.5228181136434501,,15,3,False,45,0.10405827263266776,0.20811654526533552,45,ACCEPTED_IGNITION,AKEUSDT,0.20811654526533552
1783912499999,1783911600000,1,CONFIRMED_BUILD,QUIET_NON_TRANSITION_FALLBACK,2026-07-13T03:00:00+00:00,1783911600000,True,0.5410038035465708,15,,3,False,45,-0.6799163179916357,-0.10460251046024993,45,ACCEPTED_IGNITION,AKEUSDT,-0.6799163179916357
1783392299999,1783391400000,1,CONTINUATION_RELOAD,QUIET_NON_TRANSITION_FALLBACK,2026-07-07T02:30:00+00:00,1783391400000,True,0.545942631485743,45,30,3,False,45,-0.09923916639098529,0.16539861065167916,45,ACCEPTED_IGNITION,AKEUSDT,-0.09923916639098529
1784078999999,1784078100000,1,ACCEPTED_IGNITION,QUIET_NON_TRANSITION_FALLBACK,2026-07-15T01:15:00+00:00,1784078100000,True,0.08158565660847472,15,,4,False,60,-1.210526315789473,-0.7894736842105288,60,ACCEPTED_IGNITION,AKEUSDT,-1.210526315789473
1783025999999,1783025100000,1,EARLY_BUILD,QUIET_NON_TRANSITION_FALLBACK,2026-07-02T20:45:00+00:00,1783025100000,True,0.1388821081602971,,15,4,False,60,0.12569130216188995,0.7290095525389617,60,ACCEPTED_IGNITION,AKEUSDT,0.6284565108094498
1784057399999,1784056500000,1,ACCEPTED_IGNITION,QUIET_NON_TRANSITION_FALLBACK,2026-07-14T19:15:00+00:00,1784056500000,True,0.22115981026252993,15,,4,False,60,-0.42171850289931534,-0.10542962572482883,60,ACCEPTED_IGNITION,AKEUSDT,-0.42171850289931534
1783991699999,1783990800000,1,CONFIRMED_BUILD,QUIET_NON_TRANSITION_FALLBACK,2026-07-14T01:00:00+00:00,1783990800000,True,0.254991771633531,15,45,4,False,60,-0.6315789473684275,0.1052631578947194,60,ACCEPTED_IGNITION,AKEUSDT,0.1052631578947194
1783977299999,1783976400000,1,CONFIRMED_BUILD,QUIET_NON_TRANSITION_FALLBACK,2026-07-13T21:00:00+00:00,1783976400000,True,0.4257621518355035,15,,4,False,60,-1.165254237288138,-0.5296610169491456,60,ACCEPTED_IGNITION,AKEUSDT,-0.9533898305084887
1783043999999,1783043100000,1,ACCEPTED_IGNITION,QUIET_NON_TRANSITION_FALLBACK,2026-07-03T01:45:00+00:00,1783043100000,True,0.4393842454945606,30,15,4,False,60,-0.7331378299120228,0.7086999022482887,60,ACCEPTED_IGNITION,AKEUSDT,0.6842619745845546
1783951199999,1783950300000,1,CONFIRMED_BUILD,QUIET_NON_TRANSITION_FALLBACK,2026-07-13T13:45:00+00:00,1783950300000,True,0.4491423628142281,,15,4,False,60,0.10542962572483994,0.3162888771744754,60,ACCEPTED_IGNITION,AKEUSDT,0.3162888771744754
1783728899999,1783728000000,1,IGNITION_CANDIDATE,QUIET_NON_TRANSITION_FALLBACK,2026-07-11T00:00:00+00:00,1783728000000,True,0.48015196332343607,,15,4,False,60,0.3992015968063978,3.9920159680638667,60,ACCEPTED_IGNITION,AKEUSDT,1.9960079840319445
1783934099999,1783933200000,1,CONFIRMED_BUILD,QUIET_NON_TRANSITION_FALLBACK,2026-07-13T09:00:00+00:00,1783933200000,True,0.5189175268550912,15,,4,False,60,-0.7940709370037102,-0.2646903123345701,60,ACCEPTED_IGNITION,AKEUSDT,-0.7940709370037102
1784042999999,1784042100000,1,ACCEPTED_IGNITION,QUIET_NON_TRANSITION_FALLBACK,2026-07-14T15:15:00+00:00,1784042100000,True,0.5228181136434501,60,15,4,False,60,-1.6129032258064613,0.20811654526533552,60,ACCEPTED_IGNITION,AKEUSDT,-1.6129032258064613
1783912499999,1783911600000,1,CONFIRMED_BUILD,QUIET_NON_TRANSITION_FALLBACK,2026-07-13T03:00:00+00:00,1783911600000,True,0.5410038035465708,15,,4,False,60,-0.9414225941422716,-0.10460251046024993,60,ACCEPTED_IGNITION,AKEUSDT,-0.9414225941422716
1783392299999,1783391400000,1,CONTINUATION_RELOAD,QUIET_NON_TRANSITION_FALLBACK,2026-07-07T02:30:00+00:00,1783391400000,True,0.545942631485743,45,30,4,False,60,-0.16539861065165695,0.16539861065167916,60,ACCEPTED_IGNITION,AKEUSDT,-0.16539861065165695
1784078999999,1784078100000,1,ACCEPTED_IGNITION,QUIET_NON_TRANSITION_FALLBACK,2026-07-15T01:15:00+00:00,1784078100000,True,0.08158565660847472,15,,12,False,180,-1.4210526315789562,0.0,180,ACCEPTED_IGNITION,AKEUSDT,-1.4210526315789562
1783025999999,1783025100000,1,EARLY_BUILD,QUIET_NON_TRANSITION_FALLBACK,2026-07-02T20:45:00+00:00,1783025100000,True,0.1388821081602971,,15,12,False,180,0.10055304172951196,1.3574660633484115,180,ACCEPTED_IGNITION,AKEUSDT,1.2569130216188995
1784057399999,1784056500000,1,ACCEPTED_IGNITION,QUIET_NON_TRANSITION_FALLBACK,2026-07-14T19:15:00+00:00,1784056500000,True,0.22115981026252993,15,150,12,False,180,-0.42171850289931534,0.1581444385872377,180,ACCEPTED_IGNITION,AKEUSDT,-0.05271481286241997
1783991699999,1783990800000,1,CONFIRMED_BUILD,QUIET_NON_TRANSITION_FALLBACK,2026-07-14T01:00:00+00:00,1783990800000,True,0.254991771633531,15,45,12,False,180,-0.6315789473684275,3.9473684210526327,180,ACCEPTED_IGNITION,AKEUSDT,3.9473684210526327
1783977299999,1783976400000,1,CONFIRMED_BUILD,QUIET_NON_TRANSITION_FALLBACK,2026-07-13T21:00:00+00:00,1783976400000,True,0.4257621518355035,15,120,12,False,180,-1.165254237288138,0.4237288135593209,180,ACCEPTED_IGNITION,AKEUSDT,0.4237288135593209
1783043999999,1783043100000,1,ACCEPTED_IGNITION,QUIET_NON_TRANSITION_FALLBACK,2026-07-03T01:45:00+00:00,1783043100000,True,0.4393842454945606,30,15,12,False,180,-0.7331378299120228,2.859237536656889,180,ACCEPTED_IGNITION,AKEUSDT,1.124144672531746
1783951199999,1783950300000,1,CONFIRMED_BUILD,QUIET_NON_TRANSITION_FALLBACK,2026-07-13T13:45:00+00:00,1783950300000,True,0.4491423628142281,75,15,12,False,180,-0.05271481286241997,0.3162888771744754,180,ACCEPTED_IGNITION,AKEUSDT,0.21085925144965767
1783728899999,1783728000000,1,IGNITION_CANDIDATE,QUIET_NON_TRANSITION_FALLBACK,2026-07-11T00:00:00+00:00,1783728000000,True,0.48015196332343607,150,15,12,False,180,-0.9980039920159611,4.590818363273463,180,ACCEPTED_IGNITION,AKEUSDT,-0.8982035928143617
1783934099999,1783933200000,1,CONFIRMED_BUILD,QUIET_NON_TRANSITION_FALLBACK,2026-07-13T09:00:00+00:00,1783933200000,True,0.5189175268550912,15,75,12,False,180,-0.7940709370037102,1.111699311805192,180,ACCEPTED_IGNITION,AKEUSDT,0.582318687136052
1784042999999,1784042100000,1,ACCEPTED_IGNITION,QUIET_NON_TRANSITION_FALLBACK,2026-07-14T15:15:00+00:00,1784042100000,True,0.5228181136434501,60,15,12,False,180,-1.6129032258064613,0.20811654526533552,180,ACCEPTED_IGNITION,AKEUSDT,-1.2486992715920908
1783912499999,1783911600000,1,CONFIRMED_BUILD,QUIET_NON_TRANSITION_FALLBACK,2026-07-13T03:00:00+00:00,1783911600000,True,0.5410038035465708,15,75,12,False,180,-2.4581589958159067,0.4184100418409997,180,ACCEPTED_IGNITION,AKEUSDT,-2.092050209205032
1783392299999,1783391400000,1,CONTINUATION_RELOAD,QUIET_NON_TRANSITION_FALLBACK,2026-07-07T02:30:00+00:00,1783391400000,True,0.545942631485743,45,30,12,False,180,-0.49619583195500416,0.16539861065167916,180,ACCEPTED_IGNITION,AKEUSDT,-0.49619583195500416
1784078999999,1784078100000,1,ACCEPTED_IGNITION,QUIET_NON_TRANSITION_FALLBACK,2026-07-15T01:15:00+00:00,1784078100000,True,0.08158565660847472,15,210,16,False,240,-1.4210526315789562,55.68421052631578,240,ACCEPTED_IGNITION,AKEUSDT,55.68421052631578
1783025999999,1783025100000,1,EARLY_BUILD,QUIET_NON_TRANSITION_FALLBACK,2026-07-02T20:45:00+00:00,1783025100000,True,0.1388821081602971,,15,16,False,240,0.10055304172951196,1.3574660633484115,240,ACCEPTED_IGNITION,AKEUSDT,0.8295625942684737
1784057399999,1784056500000,1,ACCEPTED_IGNITION,QUIET_NON_TRANSITION_FALLBACK,2026-07-14T19:15:00+00:00,1784056500000,True,0.22115981026252993,15,150,16,False,240,-0.42171850289931534,0.4744333157617353,240,ACCEPTED_IGNITION,AKEUSDT,0.1581444385872377
1783991699999,1783990800000,1,CONFIRMED_BUILD,QUIET_NON_TRANSITION_FALLBACK,2026-07-14T01:00:00+00:00,1783990800000,True,0.254991771633531,15,45,16,False,240,-0.6315789473684275,3.9473684210526327,240,ACCEPTED_IGNITION,AKEUSDT,1.4210526315789451
1783977299999,1783976400000,1,CONFIRMED_BUILD,QUIET_NON_TRANSITION_FALLBACK,2026-07-13T21:00:00+00:00,1783976400000,True,0.4257621518355035,15,120,16,False,240,-1.165254237288138,0.7944915254237239,240,ACCEPTED_IGNITION,AKEUSDT,0.6355932203389925
1783043999999,1783043100000,1,ACCEPTED_IGNITION,QUIET_NON_TRANSITION_FALLBACK,2026-07-03T01:45:00+00:00,1783043100000,True,0.4393842454945606,30,15,16,False,240,-0.7331378299120228,2.859237536656889,240,ACCEPTED_IGNITION,AKEUSDT,1.808406647116323
1783951199999,1783950300000,1,CONFIRMED_BUILD,QUIET_NON_TRANSITION_FALLBACK,2026-07-13T13:45:00+00:00,1783950300000,True,0.4491423628142281,75,15,16,False,240,-0.8961518186610506,0.42171850289931534,240,ACCEPTED_IGNITION,AKEUSDT,0.42171850289931534
1783728899999,1783728000000,1,IGNITION_CANDIDATE,QUIET_NON_TRANSITION_FALLBACK,2026-07-11T00:00:00+00:00,1783728000000,True,0.48015196332343607,150,15,16,False,240,-0.9980039920159611,4.590818363273463,240,ACCEPTED_IGNITION,AKEUSDT,0.29940119760478723
1783934099999,1783933200000,1,CONFIRMED_BUILD,QUIET_NON_TRANSITION_FALLBACK,2026-07-13T09:00:00+00:00,1783933200000,True,0.5189175268550912,15,75,16,False,240,-0.7940709370037102,1.111699311805192,240,ACCEPTED_IGNITION,AKEUSDT,0.8999470619375227
1784042999999,1784042100000,1,ACCEPTED_IGNITION,QUIET_NON_TRANSITION_FALLBACK,2026-07-14T15:15:00+00:00,1784042100000,True,0.5228181136434501,60,15,16,False,240,-1.6129032258064613,0.20811654526533552,240,ACCEPTED_IGNITION,AKEUSDT,-1.3007284079084358
1783912499999,1783911600000,1,CONFIRMED_BUILD,QUIET_NON_TRANSITION_FALLBACK,2026-07-13T03:00:00+00:00,1783911600000,True,0.5410038035465708,15,75,16,False,240,-2.4581589958159067,0.4184100418409997,240,ACCEPTED_IGNITION,AKEUSDT,0.4184100418409997
1783392299999,1783391400000,1,CONTINUATION_RELOAD,QUIET_NON_TRANSITION_FALLBACK,2026-07-07T02:30:00+00:00,1783391400000,True,0.545942631485743,45,30,16,False,240,-0.6615944426066833,0.16539861065167916,240,ACCEPTED_IGNITION,AKEUSDT,-0.49619583195500416
1784078999999,1784078100000,1,ACCEPTED_IGNITION,QUIET_NON_TRANSITION_FALLBACK,2026-07-15T01:15:00+00:00,1784078100000,True,0.08158565660847472,15,210,48,False,720,-1.4210526315789562,287.89473684210526,720,ACCEPTED_IGNITION,AKEUSDT,284.84210526315786
1783025999999,1783025100000,1,EARLY_BUILD,QUIET_NON_TRANSITION_FALLBACK,2026-07-02T20:45:00+00:00,1783025100000,True,0.1388821081602971,,15,48,False,720,0.10055304172951196,12.619406737053795,720,ACCEPTED_IGNITION,AKEUSDT,7.616892911010553
1784057399999,1784056500000,1,ACCEPTED_IGNITION,QUIET_NON_TRANSITION_FALLBACK,2026-07-14T19:15:00+00:00,1784056500000,True,0.22115981026252993,15,150,48,False,720,-1.265155508697946,164.31207169214554,720,ACCEPTED_IGNITION,AKEUSDT,164.31207169214554
1783991699999,1783990800000,1,CONFIRMED_BUILD,QUIET_NON_TRANSITION_FALLBACK,2026-07-14T01:00:00+00:00,1783990800000,True,0.254991771633531,15,45,48,False,720,-0.6315789473684275,3.9473684210526327,720,ACCEPTED_IGNITION,AKEUSDT,0.3157894736842026
1783977299999,1783976400000,1,CONFIRMED_BUILD,QUIET_NON_TRANSITION_FALLBACK,2026-07-13T21:00:00+00:00,1783976400000,True,0.4257621518355035,15,120,48,False,720,-1.165254237288138,4.608050847457634,720,ACCEPTED_IGNITION,AKEUSDT,2.277542372881358
1783043999999,1783043100000,1,ACCEPTED_IGNITION,QUIET_NON_TRANSITION_FALLBACK,2026-07-03T01:45:00+00:00,1783043100000,True,0.4393842454945606,30,15,48,False,720,-0.7331378299120228,21.945259042033214,720,ACCEPTED_IGNITION,AKEUSDT,19.6236559139785
1783951199999,1783950300000,1,CONFIRMED_BUILD,QUIET_NON_TRANSITION_FALLBACK,2026-07-13T13:45:00+00:00,1783950300000,True,0.4491423628142281,75,15,48,False,720,-1.6341591987348414,0.579862941486553,720,ACCEPTED_IGNITION,AKEUSDT,0.21085925144965767
1783728899999,1783728000000,1,IGNITION_CANDIDATE,QUIET_NON_TRANSITION_FALLBACK,2026-07-11T00:00:00+00:00,1783728000000,False,0.48015196332343607,150,15,45,False,720,-1.5968063872255467,10.878243512974063,675,ACCEPTED_IGNITION,AKEUSDT,10.878243512974063
1783934099999,1783933200000,1,CONFIRMED_BUILD,QUIET_NON_TRANSITION_FALLBACK,2026-07-13T09:00:00+00:00,1783933200000,True,0.5189175268550912,15,75,48,False,720,-0.7940709370037102,1.111699311805192,720,ACCEPTED_IGNITION,AKEUSDT,-0.052938062466911795
1784042999999,1784042100000,1,ACCEPTED_IGNITION,QUIET_NON_TRANSITION_FALLBACK,2026-07-14T15:15:00+00:00,1784042100000,True,0.5228181136434501,60,15,48,False,720,-2.341311134235169,0.20811654526533552,720,ACCEPTED_IGNITION,AKEUSDT,-1.716961498439129
1783912499999,1783911600000,1,CONFIRMED_BUILD,QUIET_NON_TRANSITION_FALLBACK,2026-07-13T03:00:00+00:00,1783911600000,True,0.5410038035465708,15,75,48,False,720,-2.4581589958159067,0.4184100418409997,720,ACCEPTED_IGNITION,AKEUSDT,-0.8368200836820106
1783392299999,1783391400000,1,CONTINUATION_RELOAD,QUIET_NON_TRANSITION_FALLBACK,2026-07-07T02:30:00+00:00,1783391400000,True,0.545942631485743,45,30,48,False,720,-34.13827323850479,0.16539861065167916,720,ACCEPTED_IGNITION,AKEUSDT,-30.33410519351637
1784078999999,1784078100000,1,ACCEPTED_IGNITION,QUIET_NON_TRANSITION_FALLBACK,2026-07-15T01:15:00+00:00,1784078100000,True,0.08158565660847472,15,210,96,False,1440,-1.4210526315789562,344.9473684210526,1440,ACCEPTED_IGNITION,AKEUSDT,280.5263157894737
1783025999999,1783025100000,1,EARLY_BUILD,QUIET_NON_TRANSITION_FALLBACK,2026-07-02T20:45:00+00:00,1783025100000,True,0.1388821081602971,,15,96,False,1440,0.10055304172951196,27.425842131724476,1440,ACCEPTED_IGNITION,AKEUSDT,25.691302161890395
1784057399999,1784056500000,1,ACCEPTED_IGNITION,QUIET_NON_TRANSITION_FALLBACK,2026-07-14T19:15:00+00:00,1784056500000,True,0.22115981026252993,15,150,96,False,1440,-1.265155508697946,345.65102793885075,1440,ACCEPTED_IGNITION,AKEUSDT,243.8587243015287
1783991699999,1783990800000,1,CONFIRMED_BUILD,QUIET_NON_TRANSITION_FALLBACK,2026-07-14T01:00:00+00:00,1783990800000,True,0.254991771633531,15,45,96,False,1440,-0.6315789473684275,3.9473684210526327,1440,ACCEPTED_IGNITION,AKEUSDT,0.2631578947368318
1783977299999,1783976400000,1,CONFIRMED_BUILD,QUIET_NON_TRANSITION_FALLBACK,2026-07-13T21:00:00+00:00,1783976400000,True,0.4257621518355035,15,120,96,False,1440,-1.165254237288138,4.608050847457634,1440,ACCEPTED_IGNITION,AKEUSDT,0.21186440677964935
1783043999999,1783043100000,1,ACCEPTED_IGNITION,QUIET_NON_TRANSITION_FALLBACK,2026-07-03T01:45:00+00:00,1783043100000,True,0.4393842454945606,30,15,96,False,1440,-1.1241446725317683,23.87585532746823,1440,ACCEPTED_IGNITION,AKEUSDT,4.740957966764414
1783951199999,1783950300000,1,CONFIRMED_BUILD,QUIET_NON_TRANSITION_FALLBACK,2026-07-13T13:45:00+00:00,1783950300000,True,0.4491423628142281,75,15,96,False,1440,-1.6341591987348414,4.1117554032683135,1440,ACCEPTED_IGNITION,AKEUSDT,0.579862941486553
1783728899999,1783728000000,1,IGNITION_CANDIDATE,QUIET_NON_TRANSITION_FALLBACK,2026-07-11T00:00:00+00:00,1783728000000,False,0.48015196332343607,150,15,45,False,1440,-1.5968063872255467,10.878243512974063,675,ACCEPTED_IGNITION,AKEUSDT,10.878243512974063
1783934099999,1783933200000,1,CONFIRMED_BUILD,QUIET_NON_TRANSITION_FALLBACK,2026-07-13T09:00:00+00:00,1783933200000,True,0.5189175268550912,15,75,96,False,1440,-1.2175754367390157,4.55267337215457,1440,ACCEPTED_IGNITION,AKEUSDT,2.223398623610362
1784042999999,1784042100000,1,ACCEPTED_IGNITION,QUIET_NON_TRANSITION_FALLBACK,2026-07-14T15:15:00+00:00,1784042100000,True,0.5228181136434501,60,15,96,False,1440,-2.5494276795005266,339.85431841831416,1440,ACCEPTED_IGNITION,AKEUSDT,297.5546305931321
1783912499999,1783911600000,1,CONFIRMED_BUILD,QUIET_NON_TRANSITION_FALLBACK,2026-07-13T03:00:00+00:00,1783911600000,True,0.5410038035465708,15,75,96,False,1440,-2.4581589958159067,0.4184100418409997,1440,ACCEPTED_IGNITION,AKEUSDT,-0.7322175732217606
1783392299999,1783391400000,1,CONTINUATION_RELOAD,QUIET_NON_TRANSITION_FALLBACK,2026-07-07T02:30:00+00:00,1783391400000,False,0.545942631485743,45,30,61,False,1440,-36.75157128680118,0.16539861065167916,915,ACCEPTED_IGNITION,AKEUSDT,-35.72609990076082
1784026799999,1784025900000,1,ACCEPTED_IGNITION,QUIET_NON_TRANSITION_FALLBACK,2026-07-14T10:45:00+00:00,1784025900000,True,0.036114786017543456,30,15,3,False,45,-1.4018691588784993,0.25960539979232866,45,EXPANSION,AKEUSDT,-1.1422637590861928
1783381499999,1783380600000,1,CONTINUATION_RELOAD,QUIET_NON_TRANSITION_FALLBACK,2026-07-06T23:30:00+00:00,1783380600000,True,0.06648003789115452,15,,3,False,45,-1.7595307917888436,-1.1404366243075836,45,EXPANSION,AKEUSDT,-1.7595307917888436
1783915199999,1783914300000,1,CONFIRMED_BUILD,QUIET_NON_TRANSITION_FALLBACK,2026-07-13T03:45:00+00:00,1783914300000,True,0.07398493903226365,15,30,3,False,45,-0.263296471827279,0.7898894154818148,45,EXPANSION,AKEUSDT,0.6845708267509298
1784042099999,1784041200000,1,ACCEPTED_IGNITION,QUIET_NON_TRANSITION_FALLBACK,2026-07-14T15:00:00+00:00,1784041200000,True,0.16898220951491405,,15,3,False,45,0.05205622071837723,0.1561686621551095,45,EXPANSION,AKEUSDT,0.1561686621551095
1783365299999,1783364400000,1,CONTINUATION_RELOAD,QUIET_NON_TRANSITION_FALLBACK,2026-07-06T19:00:00+00:00,1783364400000,True,0.18455272127212854,,15,3,False,45,0.2616088947024364,0.8175277959450611,45,EXPANSION,AKEUSDT,0.8175277959450611
1784090699999,1784089800000,1,ACCEPTED_IGNITION,QUIET_NON_TRANSITION_FALLBACK,2026-07-15T04:30:00+00:00,1784089800000,True,0.19050086243670813,,15,3,False,45,38.29787234042552,57.340425531914896,45,EXPANSION,AKEUSDT,57.340425531914896
1783952099999,1783951200000,1,CONFIRMED_BUILD,QUIET_NON_TRANSITION_FALLBACK,2026-07-13T14:00:00+00:00,1783951200000,True,0.19698000779216776,15,45,3,False,45,-0.1577287066245936,0.0525762355415349,45,EXPANSION,AKEUSDT,0.0525762355415349
1783291499999,1783290600000,1,CONTINUATION_RELOAD,QUIET_NON_TRANSITION_FALLBACK,2026-07-05T22:30:00+00:00,1783290600000,True,0.20245375813155256,15,,3,False,45,-0.1663339986693324,-0.09980039920159944,45,EXPANSION,AKEUSDT,-0.1663339986693324
1783316699999,1783315800000,1,CONTINUATION_RELOAD,QUIET_NON_TRANSITION_FALLBACK,2026-07-06T05:30:00+00:00,1783315800000,True,0.20402723504568301,,15,3,False,45,0.4582651391161985,0.7855973813420736,45,EXPANSION,AKEUSDT,0.4582651391161985
1783979099999,1783978200000,1,CONFIRMED_BUILD,QUIET_NON_TRANSITION_FALLBACK,2026-07-13T21:30:00+00:00,1783978200000,True,0.20892955962464757,,15,3,False,45,0.2143622722400762,0.9110396570203516,45,EXPANSION,AKEUSDT,0.9110396570203516
1783345499999,1783344600000,1,CONTINUATION_RELOAD,QUIET_NON_TRANSITION_FALLBACK,2026-07-06T13:30:00+00:00,1783344600000,True,0.22703822797019266,,15,3,False,45,0.1328903654485014,0.4318936877076407,45,EXPANSION,AKEUSDT,0.4318936877076407
1783043999999,1783043100000,1,ACCEPTED_IGNITION,QUIET_NON_TRANSITION_FALLBACK,2026-07-03T01:45:00+00:00,1783043100000,True,0.24021065654123727,30,15,3,False,45,-0.7331378299120228,0.7086999022482887,45,EXPANSION,AKEUSDT,0.4887585532746819
1784026799999,1784025900000,1,ACCEPTED_IGNITION,QUIET_NON_TRANSITION_FALLBACK,2026-07-14T10:45:00+00:00,1784025900000,True,0.036114786017543456,30,15,4,False,60,-1.4018691588784993,0.25960539979232866,60,EXPANSION,AKEUSDT,-1.2461059190031154
1783381499999,1783380600000,1,CONTINUATION_RELOAD,QUIET_NON_TRANSITION_FALLBACK,2026-07-06T23:30:00+00:00,1783380600000,True,0.06648003789115452,15,,4,False,60,-1.7595307917888436,-1.1404366243075836,60,EXPANSION,AKEUSDT,-1.6291951775822655
1783915199999,1783914300000,1,CONFIRMED_BUILD,QUIET_NON_TRANSITION_FALLBACK,2026-07-13T03:45:00+00:00,1783914300000,True,0.07398493903226365,15,30,4,False,60,-0.263296471827279,1.1058451816745585,60,EXPANSION,AKEUSDT,1.1058451816745585
1784042099999,1784041200000,1,ACCEPTED_IGNITION,QUIET_NON_TRANSITION_FALLBACK,2026-07-14T15:00:00+00:00,1784041200000,True,0.16898220951491405,,15,4,False,60,0.05205622071837723,0.26028110359186396,60,EXPANSION,AKEUSDT,0.26028110359186396
1783365299999,1783364400000,1,CONTINUATION_RELOAD,QUIET_NON_TRANSITION_FALLBACK,2026-07-06T19:00:00+00:00,1783364400000,True,0.18455272127212854,,15,4,False,60,0.2616088947024364,1.962066710268151,60,EXPANSION,AKEUSDT,1.962066710268151
1784090699999,1784089800000,1,ACCEPTED_IGNITION,QUIET_NON_TRANSITION_FALLBACK,2026-07-15T04:30:00+00:00,1784089800000,True,0.19050086243670813,,15,4,False,60,38.29787234042552,59.36170212765959,60,EXPANSION,AKEUSDT,59.36170212765959
1783952099999,1783951200000,1,CONFIRMED_BUILD,QUIET_NON_TRANSITION_FALLBACK,2026-07-13T14:00:00+00:00,1783951200000,True,0.19698000779216776,15,45,4,False,60,-0.3154574132492094,0.0525762355415349,60,EXPANSION,AKEUSDT,-0.3154574132492094
1783291499999,1783290600000,1,CONTINUATION_RELOAD,QUIET_NON_TRANSITION_FALLBACK,2026-07-05T22:30:00+00:00,1783290600000,True,0.20245375813155256,15,60,4,False,60,-0.1663339986693324,0.1663339986693213,60,EXPANSION,AKEUSDT,0.1663339986693213
1783316699999,1783315800000,1,CONTINUATION_RELOAD,QUIET_NON_TRANSITION_FALLBACK,2026-07-06T05:30:00+00:00,1783315800000,True,0.20402723504568301,,15,4,False,60,0.4582651391161985,1.0147299509001728,60,EXPANSION,AKEUSDT,1.0147299509001728
1783979099999,1783978200000,1,CONFIRMED_BUILD,QUIET_NON_TRANSITION_FALLBACK,2026-07-13T21:30:00+00:00,1783978200000,True,0.20892955962464757,,15,4,False,60,0.2143622722400762,0.9110396570203516,60,EXPANSION,AKEUSDT,0.9110396570203516
1783345499999,1783344600000,1,CONTINUATION_RELOAD,QUIET_NON_TRANSITION_FALLBACK,2026-07-06T13:30:00+00:00,1783344600000,True,0.22703822797019266,,15,4,False,60,0.1328903654485014,0.4318936877076407,60,EXPANSION,AKEUSDT,0.4318936877076407
1783043999999,1783043100000,1,ACCEPTED_IGNITION,QUIET_NON_TRANSITION_FALLBACK,2026-07-03T01:45:00+00:00,1783043100000,True,0.24021065654123727,30,15,4,False,60,-0.7331378299120228,0.7086999022482887,60,EXPANSION,AKEUSDT,0.6842619745845546
1784026799999,1784025900000,1,ACCEPTED_IGNITION,QUIET_NON_TRANSITION_FALLBACK,2026-07-14T10:45:00+00:00,1784025900000,True,0.036114786017543456,30,15,12,False,180,-1.9730010384215957,0.25960539979232866,180,EXPANSION,AKEUSDT,-0.9345794392523366
1783381499999,1783380600000,1,CONTINUATION_RELOAD,QUIET_NON_TRANSITION_FALLBACK,2026-07-06T23:30:00+00:00,1783380600000,True,0.06648003789115452,15,,12,False,180,-1.7921146953404965,-1.1404366243075836,180,EXPANSION,AKEUSDT,-1.4988595633756985
1783915199999,1783914300000,1,CONFIRMED_BUILD,QUIET_NON_TRANSITION_FALLBACK,2026-07-13T03:45:00+00:00,1783914300000,True,0.07398493903226365,15,30,12,False,180,-1.7904160084254883,1.1058451816745585,180,EXPANSION,AKEUSDT,0.0
1784042099999,1784041200000,1,ACCEPTED_IGNITION,QUIET_NON_TRANSITION_FALLBACK,2026-07-14T15:00:00+00:00,1784041200000,True,0.16898220951491405,75,15,12,False,180,-1.5616866215512837,0.26028110359186396,180,EXPANSION,AKEUSDT,-1.0931806350858886
1783365299999,1783364400000,1,CONTINUATION_RELOAD,QUIET_NON_TRANSITION_FALLBACK,2026-07-06T19:00:00+00:00,1783364400000,True,0.18455272127212854,135,15,12,False,180,-0.228907782864618,1.962066710268151,180,EXPANSION,AKEUSDT,0.228907782864618
1784090699999,1784089800000,1,ACCEPTED_IGNITION,QUIET_NON_TRANSITION_FALLBACK,2026-07-15T04:30:00+00:00,1784089800000,True,0.19050086243670813,,15,12,False,180,38.29787234042552,168.4574468085106,180,EXPANSION,AKEUSDT,168.4574468085106
1783952099999,1783951200000,1,CONFIRMED_BUILD,QUIET_NON_TRANSITION_FALLBACK,2026-07-13T14:00:00+00:00,1783951200000,True,0.19698000779216776,15,45,12,False,180,-0.3154574132492094,0.0525762355415349,180,EXPANSION,AKEUSDT,0.0
1783291499999,1783290600000,1,CONTINUATION_RELOAD,QUIET_NON_TRANSITION_FALLBACK,2026-07-05T22:30:00+00:00,1783290600000,True,0.20245375813155256,15,60,12,False,180,-0.1663339986693324,0.5322687957418415,180,EXPANSION,AKEUSDT,0.5322687957418415
1783316699999,1783315800000,1,CONTINUATION_RELOAD,QUIET_NON_TRANSITION_FALLBACK,2026-07-06T05:30:00+00:00,1783315800000,True,0.20402723504568301,180,15,12,False,180,-0.7201309328968897,3.076923076923088,180,EXPANSION,AKEUSDT,-0.7201309328968897
1783979099999,1783978200000,1,CONFIRMED_BUILD,QUIET_NON_TRANSITION_FALLBACK,2026-07-13T21:30:00+00:00,1783978200000,True,0.20892955962464757,,15,12,False,180,0.2143622722400762,1.6077170418006492,180,EXPANSION,AKEUSDT,1.5541264737406246
1783345499999,1783344600000,1,CONTINUATION_RELOAD,QUIET_NON_TRANSITION_FALLBACK,2026-07-06T13:30:00+00:00,1783344600000,True,0.22703822797019266,,15,12,False,180,0.0,1.295681063122922,180,EXPANSION,AKEUSDT,1.196013289036535
1783043999999,1783043100000,1,ACCEPTED_IGNITION,QUIET_NON_TRANSITION_FALLBACK,2026-07-03T01:45:00+00:00,1783043100000,True,0.24021065654123727,30,15,12,False,180,-0.7331378299120228,2.859237536656889,180,EXPANSION,AKEUSDT,1.124144672531746
1784026799999,1784025900000,1,ACCEPTED_IGNITION,QUIET_NON_TRANSITION_FALLBACK,2026-07-14T10:45:00+00:00,1784025900000,True,0.036114786017543456,30,15,16,False,240,-1.9730010384215957,0.25960539979232866,240,EXPANSION,AKEUSDT,-0.8826583592938642
1783381499999,1783380600000,1,CONTINUATION_RELOAD,QUIET_NON_TRANSITION_FALLBACK,2026-07-06T23:30:00+00:00,1783380600000,True,0.06648003789115452,15,,16,False,240,-1.7921146953404965,-1.1404366243075836,240,EXPANSION,AKEUSDT,-1.6617790811339073
1783915199999,1783914300000,1,CONFIRMED_BUILD,QUIET_NON_TRANSITION_FALLBACK,2026-07-13T03:45:00+00:00,1783914300000,True,0.07398493903226365,15,30,16,False,240,-1.7904160084254883,1.1058451816745585,240,EXPANSION,AKEUSDT,0.9478672985781866
1784042099999,1784041200000,1,ACCEPTED_IGNITION,QUIET_NON_TRANSITION_FALLBACK,2026-07-14T15:00:00+00:00,1784041200000,True,0.16898220951491405,75,15,16,False,240,-1.5616866215512837,0.26028110359186396,240,EXPANSION,AKEUSDT,-0.9370119729307791
1783365299999,1783364400000,1,CONTINUATION_RELOAD,QUIET_NON_TRANSITION_FALLBACK,2026-07-06T19:00:00+00:00,1783364400000,True,0.18455272127212854,135,15,16,False,240,-0.228907782864618,1.962066710268151,240,EXPANSION,AKEUSDT,0.8175277959450611
1784090699999,1784089800000,1,ACCEPTED_IGNITION,QUIET_NON_TRANSITION_FALLBACK,2026-07-15T04:30:00+00:00,1784089800000,True,0.19050086243670813,,15,16,False,240,38.29787234042552,226.64893617021278,240,EXPANSION,AKEUSDT,221.06382978723408
1783952099999,1783951200000,1,CONFIRMED_BUILD,QUIET_NON_TRANSITION_FALLBACK,2026-07-13T14:00:00+00:00,1783951200000,True,0.19698000779216776,15,45,16,False,240,-1.1566771819137789,0.2103049421661396,240,EXPANSION,AKEUSDT,0.2103049421661396
1783291499999,1783290600000,1,CONTINUATION_RELOAD,QUIET_NON_TRANSITION_FALLBACK,2026-07-05T22:30:00+00:00,1783290600000,True,0.20245375813155256,15,60,16,False,240,-0.1663339986693324,0.5322687957418415,240,EXPANSION,AKEUSDT,0.3659347970725202
1783316699999,1783315800000,1,CONTINUATION_RELOAD,QUIET_NON_TRANSITION_FALLBACK,2026-07-06T05:30:00+00:00,1783315800000,True,0.20402723504568301,180,15,16,False,240,-0.949263502455,3.076923076923088,240,EXPANSION,AKEUSDT,-0.6546644844517169
1783979099999,1783978200000,1,CONFIRMED_BUILD,QUIET_NON_TRANSITION_FALLBACK,2026-07-13T21:30:00+00:00,1783978200000,True,0.20892955962464757,,15,16,False,240,0.2143622722400762,1.982851018220777,240,EXPANSION,AKEUSDT,1.3397642015005262
1783345499999,1783344600000,1,CONTINUATION_RELOAD,QUIET_NON_TRANSITION_FALLBACK,2026-07-06T13:30:00+00:00,1783344600000,True,0.22703822797019266,,15,16,False,240,0.0,1.8936877076411784,240,EXPANSION,AKEUSDT,1.4285714285714235
1783043999999,1783043100000,1,ACCEPTED_IGNITION,QUIET_NON_TRANSITION_FALLBACK,2026-07-03T01:45:00+00:00,1783043100000,True,0.24021065654123727,30,15,16,False,240,-0.7331378299120228,2.859237536656889,240,EXPANSION,AKEUSDT,1.808406647116323
1784026799999,1784025900000,1,ACCEPTED_IGNITION,QUIET_NON_TRANSITION_FALLBACK,2026-07-14T10:45:00+00:00,1784025900000,True,0.036114786017543456,30,15,48,False,720,-1.9730010384215957,0.25960539979232866,720,EXPANSION,AKEUSDT,-1.1941848390446541
1783381499999,1783380600000,1,CONTINUATION_RELOAD,QUIET_NON_TRANSITION_FALLBACK,2026-07-06T23:30:00+00:00,1783380600000,True,0.06648003789115452,15,,48,False,720,-32.64907135874877,-1.1404366243075836,720,EXPANSION,AKEUSDT,-32.64907135874877
1783915199999,1783914300000,1,CONFIRMED_BUILD,QUIET_NON_TRANSITION_FALLBACK,2026-07-13T03:45:00+00:00,1783914300000,True,0.07398493903226365,15,30,48,False,720,-1.7904160084254883,1.1058451816745585,720,EXPANSION,AKEUSDT,0.10531858873090716
1784042099999,1784041200000,1,ACCEPTED_IGNITION,QUIET_NON_TRANSITION_FALLBACK,2026-07-14T15:00:00+00:00,1784041200000,True,0.16898220951491405,75,15,48,False,720,-2.2904737116085316,0.26028110359186396,720,EXPANSION,AKEUSDT,-1.0931806350858886
1783365299999,1783364400000,1,CONTINUATION_RELOAD,QUIET_NON_TRANSITION_FALLBACK,2026-07-06T19:00:00+00:00,1783364400000,True,0.18455272127212854,135,15,48,False,720,-1.7985611510791477,1.962066710268151,720,EXPANSION,AKEUSDT,-1.5369522563767224
1784090699999,1784089800000,1,ACCEPTED_IGNITION,QUIET_NON_TRANSITION_FALLBACK,2026-07-15T04:30:00+00:00,1784089800000,True,0.19050086243670813,,15,48,False,720,38.29787234042552,349.6808510638298,720,EXPANSION,AKEUSDT,252.5531914893617
1783952099999,1783951200000,1,CONFIRMED_BUILD,QUIET_NON_TRANSITION_FALLBACK,2026-07-13T14:00:00+00:00,1783951200000,True,0.19698000779216776,15,45,48,False,720,-1.8927444794952564,0.3154574132492094,720,EXPANSION,AKEUSDT,0.0
1783291499999,1783290600000,1,CONTINUATION_RELOAD,QUIET_NON_TRANSITION_FALLBACK,2026-07-05T22:30:00+00:00,1783290600000,True,0.20245375813155256,15,60,48,False,720,-0.1663339986693324,4.757152361942785,720,EXPANSION,AKEUSDT,0.7318695941450404
1783316699999,1783315800000,1,CONTINUATION_RELOAD,QUIET_NON_TRANSITION_FALLBACK,2026-07-06T05:30:00+00:00,1783315800000,True,0.20402723504568301,180,15,48,False,720,-1.4729950900163713,3.076923076923088,720,EXPANSION,AKEUSDT,-0.0654664484451728
1783979099999,1783978200000,1,CONFIRMED_BUILD,QUIET_NON_TRANSITION_FALLBACK,2026-07-13T21:30:00+00:00,1783978200000,True,0.20892955962464757,,15,48,False,720,0.2143622722400762,5.841371918542326,720,EXPANSION,AKEUSDT,3.5905680600214263
1783345499999,1783344600000,1,CONTINUATION_RELOAD,QUIET_NON_TRANSITION_FALLBACK,2026-07-06T13:30:00+00:00,1783344600000,True,0.22703822797019266,,15,48,False,720,0.0,3.588039867109627,720,EXPANSION,AKEUSDT,0.1328903654485014
1783043999999,1783043100000,1,ACCEPTED_IGNITION,QUIET_NON_TRANSITION_FALLBACK,2026-07-03T01:45:00+00:00,1783043100000,True,0.24021065654123727,30,15,48,False,720,-0.7331378299120228,21.945259042033214,720,EXPANSION,AKEUSDT,19.6236559139785
1784026799999,1784025900000,1,ACCEPTED_IGNITION,QUIET_NON_TRANSITION_FALLBACK,2026-07-14T10:45:00+00:00,1784025900000,True,0.036114786017543456,30,15,96,False,1440,-2.7518172377985484,247.81931464174454,1440,EXPANSION,AKEUSDT,205.7632398753894
1783381499999,1783380600000,1,CONTINUATION_RELOAD,QUIET_NON_TRANSITION_FALLBACK,2026-07-06T23:30:00+00:00,1783380600000,False,0.06648003789115452,15,,73,False,1440,-37.69957640925382,-1.1404366243075836,1095,EXPANSION,AKEUSDT,-36.68947539915281
1783915199999,1783914300000,1,CONFIRMED_BUILD,QUIET_NON_TRANSITION_FALLBACK,2026-07-13T03:45:00+00:00,1783914300000,True,0.07398493903226365,15,30,96,False,1440,-1.7904160084254883,3.686150605581884,1440,EXPANSION,AKEUSDT,3.686150605581884
1784042099999,1784041200000,1,ACCEPTED_IGNITION,QUIET_NON_TRANSITION_FALLBACK,2026-07-14T15:00:00+00:00,1784041200000,True,0.16898220951491405,75,15,96,False,1440,-2.4986985944820406,340.0832899531493,1440,EXPANSION,AKEUSDT,272.3581467985424
1783365299999,1783364400000,1,CONTINUATION_RELOAD,QUIET_NON_TRANSITION_FALLBACK,2026-07-06T19:00:00+00:00,1783364400000,False,0.18455272127212854,135,15,91,False,1440,-37.47547416612165,1.962066710268151,1365,EXPANSION,AKEUSDT,-36.461739699149774
1784090699999,1784089800000,1,ACCEPTED_IGNITION,QUIET_NON_TRANSITION_FALLBACK,2026-07-15T04:30:00+00:00,1784089800000,True,0.19050086243670813,,15,96,False,1440,38.29787234042552,349.6808510638298,1440,EXPANSION,AKEUSDT,320.69148936170217
1783952099999,1783951200000,1,CONFIRMED_BUILD,QUIET_NON_TRANSITION_FALLBACK,2026-07-13T14:00:00+00:00,1783951200000,True,0.19698000779216776,15,45,96,False,1440,-1.8927444794952564,3.83806519453207,1440,EXPANSION,AKEUSDT,0.4206098843323014
1783291499999,1783290600000,1,CONTINUATION_RELOAD,QUIET_NON_TRANSITION_FALLBACK,2026-07-05T22:30:00+00:00,1783290600000,True,0.20245375813155256,15,60,96,False,1440,-0.1663339986693324,4.757152361942785,1440,EXPANSION,AKEUSDT,2.0292747837658
1783316699999,1783315800000,1,CONTINUATION_RELOAD,QUIET_NON_TRANSITION_FALLBACK,2026-07-06T05:30:00+00:00,1783315800000,True,0.20402723504568301,180,15,96,False,1440,-1.538461538461544,3.076923076923088,1440,EXPANSION,AKEUSDT,-1.538461538461544
1783979099999,1783978200000,1,CONFIRMED_BUILD,QUIET_NON_TRANSITION_FALLBACK,2026-07-13T21:30:00+00:00,1783978200000,True,0.20892955962464757,,15,96,False,1440,0.2143622722400762,5.841371918542326,1440,EXPANSION,AKEUSDT,1.5541264737406246
1783345499999,1783344600000,1,CONTINUATION_RELOAD,QUIET_NON_TRANSITION_FALLBACK,2026-07-06T13:30:00+00:00,1783344600000,True,0.22703822797019266,900,15,96,False,1440,-33.85382059800664,3.588039867109627,1440,EXPANSION,AKEUSDT,-33.85382059800664
1783043999999,1783043100000,1,ACCEPTED_IGNITION,QUIET_NON_TRANSITION_FALLBACK,2026-07-03T01:45:00+00:00,1783043100000,True,0.24021065654123727,30,15,96,False,1440,-1.1241446725317683,23.87585532746823,1440,EXPANSION,AKEUSDT,4.740957966764414
1783331099999,1783330200000,2,CONTINUATION_RELOAD,QUIET_NON_TRANSITION_FALLBACK,2026-07-06T09:30:00+00:00,1783330200000,True,0.06327663614039385,15,30,3,False,45,-0.2635914332784206,0.3624382207578103,45,EARLY_BUILD,AKEUSDT,-0.2635914332784206
1783245599999,1783244700000,2,CONTINUATION_RELOAD,QUIET_NON_TRANSITION_FALLBACK,2026-07-05T09:45:00+00:00,1783244700000,True,0.10667029622551448,15,30,3,False,45,-0.19953441968739716,0.13302294645827217,45,EARLY_BUILD,AKEUSDT,0.09976720984370413
1783224899999,1783224000000,2,CONTINUATION_RELOAD,QUIET_NON_TRANSITION_FALLBACK,2026-07-05T04:00:00+00:00,1783224000000,True,0.12248931427283544,,15,3,False,45,0.4308916141862795,0.9612197547232304,45,EARLY_BUILD,AKEUSDT,0.861783228372559
1783767599999,1783766700000,2,IGNITION_CANDIDATE,QUIET_NON_TRANSITION_FALLBACK,2026-07-11T10:45:00+00:00,1783766700000,True,0.1308376686774481,15,30,2,False,45,-2.421307506053272,7.602905569007268,30,EARLY_BUILD,AKEUSDT,7.602905569007268
1783203299999,1783202400000,2,CONTINUATION_RELOAD,QUIET_NON_TRANSITION_FALLBACK,2026-07-04T22:00:00+00:00,1783202400000,True,0.20382813678641287,,15,3,False,45,0.13084723585214952,1.079489695780178,45,EARLY_BUILD,AKEUSDT,0.2944062806673253
1783743299999,1783742400000,2,IGNITION_CANDIDATE,QUIET_NON_TRANSITION_FALLBACK,2026-07-11T04:00:00+00:00,1783742400000,True,0.2178551161797042,15,,3,False,45,-1.8905472636815968,-0.8457711442786175,45,EARLY_BUILD,AKEUSDT,-1.8905472636815968
1783130399999,1783129500000,2,CONTINUATION_RELOAD,QUIET_NON_TRANSITION_FALLBACK,2026-07-04T01:45:00+00:00,1783129500000,True,0.22938582348744685,15,,3,False,45,-4.083061129258048,-0.6999533364442367,45,EARLY_BUILD,AKEUSDT,-4.083061129258048
1784016899999,1784016000000,2,ACCEPTED_IGNITION,QUIET_NON_TRANSITION_FALLBACK,2026-07-14T08:00:00+00:00,1784016000000,True,0.27226702670904745,45,15,3,False,45,-0.1550387596899072,0.31007751937985883,45,EARLY_BUILD,AKEUSDT,-0.1550387596899072
1783146599999,1783145700000,2,CONTINUATION_RELOAD,QUIET_NON_TRANSITION_FALLBACK,2026-07-04T06:15:00+00:00,1783145700000,True,0.39428908290953285,30,15,3,False,45,-0.7239141288067796,0.5491762356465202,45,EARLY_BUILD,AKEUSDT,-0.7239141288067796
1783104299999,1783103400000,2,CONTINUATION_RELOAD,QUIET_NON_TRANSITION_FALLBACK,2026-07-03T18:30:00+00:00,1783103400000,True,0.42042215302336694,45,15,3,False,45,-0.199840127897688,1.2989608313349388,45,EARLY_BUILD,AKEUSDT,-0.199840127897688
1783264499999,1783263600000,2,CONTINUATION_RELOAD,QUIET_NON_TRANSITION_FALLBACK,2026-07-05T15:00:00+00:00,1783263600000,True,0.4517480856479022,15,,3,False,45,-0.26560424966800555,-0.16600265604249653,45,EARLY_BUILD,AKEUSDT,-0.26560424966800555
1783347299999,1783346400000,2,CONTINUATION_RELOAD,QUIET_NON_TRANSITION_FALLBACK,2026-07-06T14:00:00+00:00,1783346400000,True,0.5733518856025169,,15,3,False,45,0.09946949602122057,0.23209549071616653,45,EARLY_BUILD,AKEUSDT,0.09946949602122057
1783331099999,1783330200000,2,CONTINUATION_RELOAD,QUIET_NON_TRANSITION_FALLBACK,2026-07-06T09:30:00+00:00,1783330200000,True,0.06327663614039385,15,30,4,False,60,-0.2635914332784206,0.3624382207578103,60,EARLY_BUILD,AKEUSDT,-0.23064250411861664
1783245599999,1783244700000,2,CONTINUATION_RELOAD,QUIET_NON_TRANSITION_FALLBACK,2026-07-05T09:45:00+00:00,1783244700000,True,0.10667029622551448,15,30,4,False,60,-0.19953441968739716,0.26604589291654435,60,EARLY_BUILD,AKEUSDT,0.26604589291654435
1783224899999,1783224000000,2,CONTINUATION_RELOAD,QUIET_NON_TRANSITION_FALLBACK,2026-07-05T04:00:00+00:00,1783224000000,True,0.12248931427283544,,15,4,False,60,0.4308916141862795,0.9612197547232304,60,EARLY_BUILD,AKEUSDT,0.6960556844547661
1783767599999,1783766700000,2,IGNITION_CANDIDATE,QUIET_NON_TRANSITION_FALLBACK,2026-07-11T10:45:00+00:00,1783766700000,False,0.1308376686774481,15,30,2,False,60,-2.421307506053272,7.602905569007268,30,EARLY_BUILD,AKEUSDT,7.602905569007268
1783203299999,1783202400000,2,CONTINUATION_RELOAD,QUIET_NON_TRANSITION_FALLBACK,2026-07-04T22:00:00+00:00,1783202400000,True,0.20382813678641287,,15,4,False,60,0.13084723585214952,1.079489695780178,60,EARLY_BUILD,AKEUSDT,0.7523716061498265
1783743299999,1783742400000,2,IGNITION_CANDIDATE,QUIET_NON_TRANSITION_FALLBACK,2026-07-11T04:00:00+00:00,1783742400000,True,0.2178551161797042,15,,4,False,60,-1.8905472636815968,-0.8457711442786175,60,EARLY_BUILD,AKEUSDT,-1.5920398009950265
1783130399999,1783129500000,2,CONTINUATION_RELOAD,QUIET_NON_TRANSITION_FALLBACK,2026-07-04T01:45:00+00:00,1783129500000,True,0.22938582348744685,15,,4,False,60,-5.0396640223985045,-0.6999533364442367,60,EARLY_BUILD,AKEUSDT,-5.0396640223985045
1784016899999,1784016000000,2,ACCEPTED_IGNITION,QUIET_NON_TRANSITION_FALLBACK,2026-07-14T08:00:00+00:00,1784016000000,True,0.27226702670904745,45,15,4,False,60,-0.20671834625322072,0.31007751937985883,60,EARLY_BUILD,AKEUSDT,-0.20671834625322072
1783146599999,1783145700000,2,CONTINUATION_RELOAD,QUIET_NON_TRANSITION_FALLBACK,2026-07-04T06:15:00+00:00,1783145700000,True,0.39428908290953285,30,15,4,False,60,-5.741387918122809,0.5491762356465202,60,EARLY_BUILD,AKEUSDT,-5.741387918122809
1783104299999,1783103400000,2,CONTINUATION_RELOAD,QUIET_NON_TRANSITION_FALLBACK,2026-07-03T18:30:00+00:00,1783103400000,True,0.42042215302336694,45,15,4,False,60,-0.199840127897688,1.2989608313349388,60,EARLY_BUILD,AKEUSDT,0.03996802557952872
1783264499999,1783263600000,2,CONTINUATION_RELOAD,QUIET_NON_TRANSITION_FALLBACK,2026-07-05T15:00:00+00:00,1783263600000,True,0.4517480856479022,15,,4,False,60,-0.26560424966800555,-0.16600265604249653,60,EARLY_BUILD,AKEUSDT,-0.19920318725099584
1783347299999,1783346400000,2,CONTINUATION_RELOAD,QUIET_NON_TRANSITION_FALLBACK,2026-07-06T14:00:00+00:00,1783346400000,True,0.5733518856025169,60,15,4,False,60,-0.19893899204244114,0.23209549071616653,60,EARLY_BUILD,AKEUSDT,-0.19893899204244114
1783331099999,1783330200000,2,CONTINUATION_RELOAD,QUIET_NON_TRANSITION_FALLBACK,2026-07-06T09:30:00+00:00,1783330200000,True,0.06327663614039385,15,30,12,False,180,-0.4283360790774404,0.3624382207578103,180,EARLY_BUILD,AKEUSDT,-0.06589785831960793
1783245599999,1783244700000,2,CONTINUATION_RELOAD,QUIET_NON_TRANSITION_FALLBACK,2026-07-05T09:45:00+00:00,1783244700000,True,0.10667029622551448,15,30,12,False,180,-0.19953441968739716,0.3990688393747943,180,EARLY_BUILD,AKEUSDT,0.3990688393747943
1783224899999,1783224000000,2,CONTINUATION_RELOAD,QUIET_NON_TRANSITION_FALLBACK,2026-07-05T04:00:00+00:00,1783224000000,True,0.12248931427283544,90,15,12,False,180,-0.5634736493205339,0.9612197547232304,180,EARLY_BUILD,AKEUSDT,0.033145508783549715
1783767599999,1783766700000,2,IGNITION_CANDIDATE,QUIET_NON_TRANSITION_FALLBACK,2026-07-11T10:45:00+00:00,1783766700000,False,0.1308376686774481,15,30,2,False,180,-2.421307506053272,7.602905569007268,30,EARLY_BUILD,AKEUSDT,7.602905569007268
1783203299999,1783202400000,2,CONTINUATION_RELOAD,QUIET_NON_TRANSITION_FALLBACK,2026-07-04T22:00:00+00:00,1783202400000,True,0.20382813678641287,150,15,12,False,180,-1.2103369316323165,2.518809290153734,180,EARLY_BUILD,AKEUSDT,-1.2103369316323165
1783743299999,1783742400000,2,IGNITION_CANDIDATE,QUIET_NON_TRANSITION_FALLBACK,2026-07-11T04:00:00+00:00,1783742400000,True,0.2178551161797042,15,105,12,False,180,-1.8905472636815968,0.4975124378109541,180,EARLY_BUILD,AKEUSDT,0.24875621890545485
1783130399999,1783129500000,2,CONTINUATION_RELOAD,QUIET_NON_TRANSITION_FALLBACK,2026-07-04T01:45:00+00:00,1783129500000,True,0.22938582348744685,15,,12,False,180,-6.812879141390571,-0.6999533364442367,180,EARLY_BUILD,AKEUSDT,-6.812879141390571
1784016899999,1784016000000,2,ACCEPTED_IGNITION,QUIET_NON_TRANSITION_FALLBACK,2026-07-14T08:00:00+00:00,1784016000000,True,0.27226702670904745,45,15,12,False,180,-0.46511627906976605,0.5167958656330907,180,EARLY_BUILD,AKEUSDT,-0.20671834625322072
1783146599999,1783145700000,2,CONTINUATION_RELOAD,QUIET_NON_TRANSITION_FALLBACK,2026-07-04T06:15:00+00:00,1783145700000,True,0.39428908290953285,30,15,12,False,180,-25.636545182226666,0.5491762356465202,180,EARLY_BUILD,AKEUSDT,-23.839241138292554
1783104299999,1783103400000,2,CONTINUATION_RELOAD,QUIET_NON_TRANSITION_FALLBACK,2026-07-03T18:30:00+00:00,1783103400000,True,0.42042215302336694,45,15,12,False,180,-19.14468425259792,1.2989608313349388,180,EARLY_BUILD,AKEUSDT,-19.14468425259792
1783264499999,1783263600000,2,CONTINUATION_RELOAD,QUIET_NON_TRANSITION_FALLBACK,2026-07-05T15:00:00+00:00,1783263600000,True,0.4517480856479022,15,165,12,False,180,-0.3652058432935035,0.16600265604249653,180,EARLY_BUILD,AKEUSDT,0.16600265604249653
1783347299999,1783346400000,2,CONTINUATION_RELOAD,QUIET_NON_TRANSITION_FALLBACK,2026-07-06T14:00:00+00:00,1783346400000,True,0.5733518856025169,60,15,12,False,180,-0.19893899204244114,1.6909814323607275,180,EARLY_BUILD,AKEUSDT,1.6909814323607275
1783331099999,1783330200000,2,CONTINUATION_RELOAD,QUIET_NON_TRANSITION_FALLBACK,2026-07-06T09:30:00+00:00,1783330200000,True,0.06327663614039385,15,30,16,False,240,-0.8237232289950547,0.3624382207578103,240,EARLY_BUILD,AKEUSDT,-0.8237232289950547
1783245599999,1783244700000,2,CONTINUATION_RELOAD,QUIET_NON_TRANSITION_FALLBACK,2026-07-05T09:45:00+00:00,1783244700000,True,0.10667029622551448,15,30,16,False,240,-0.19953441968739716,0.6983704689058845,240,EARLY_BUILD,AKEUSDT,0.6651147322913165
1783224899999,1783224000000,2,CONTINUATION_RELOAD,QUIET_NON_TRANSITION_FALLBACK,2026-07-05T04:00:00+00:00,1783224000000,True,0.12248931427283544,90,15,16,False,240,-0.5634736493205339,0.9612197547232304,240,EARLY_BUILD,AKEUSDT,0.033145508783549715
1783767599999,1783766700000,2,IGNITION_CANDIDATE,QUIET_NON_TRANSITION_FALLBACK,2026-07-11T10:45:00+00:00,1783766700000,False,0.1308376686774481,15,30,2,False,240,-2.421307506053272,7.602905569007268,30,EARLY_BUILD,AKEUSDT,7.602905569007268
1783203299999,1783202400000,2,CONTINUATION_RELOAD,QUIET_NON_TRANSITION_FALLBACK,2026-07-04T22:00:00+00:00,1783202400000,True,0.20382813678641287,150,15,16,False,240,-1.2103369316323165,2.518809290153734,240,EARLY_BUILD,AKEUSDT,-1.0467778868171518
1783743299999,1783742400000,2,IGNITION_CANDIDATE,QUIET_NON_TRANSITION_FALLBACK,2026-07-11T04:00:00+00:00,1783742400000,True,0.2178551161797042,15,105,16,False,240,-1.8905472636815968,2.437810945273622,240,EARLY_BUILD,AKEUSDT,2.437810945273622
1783130399999,1783129500000,2,CONTINUATION_RELOAD,QUIET_NON_TRANSITION_FALLBACK,2026-07-04T01:45:00+00:00,1783129500000,True,0.22938582348744685,15,,16,False,240,-6.812879141390571,-0.6999533364442367,240,EARLY_BUILD,AKEUSDT,-6.649556696220249
1784016899999,1784016000000,2,ACCEPTED_IGNITION,QUIET_NON_TRANSITION_FALLBACK,2026-07-14T08:00:00+00:00,1784016000000,True,0.27226702670904745,45,15,16,False,240,-1.8604651162790642,0.5167958656330907,240,EARLY_BUILD,AKEUSDT,-1.7571059431524372
1783146599999,1783145700000,2,CONTINUATION_RELOAD,QUIET_NON_TRANSITION_FALLBACK,2026-07-04T06:15:00+00:00,1783145700000,True,0.39428908290953285,30,15,16,False,240,-25.636545182226666,0.5491762356465202,240,EARLY_BUILD,AKEUSDT,-23.96405391912132
1783104299999,1783103400000,2,CONTINUATION_RELOAD,QUIET_NON_TRANSITION_FALLBACK,2026-07-03T18:30:00+00:00,1783103400000,True,0.42042215302336694,45,15,16,False,240,-19.14468425259792,1.2989608313349388,240,EARLY_BUILD,AKEUSDT,-13.049560351718625
1783264499999,1783263600000,2,CONTINUATION_RELOAD,QUIET_NON_TRANSITION_FALLBACK,2026-07-05T15:00:00+00:00,1783263600000,True,0.4517480856479022,15,165,16,False,240,-0.3652058432935035,0.29880478087649376,240,EARLY_BUILD,AKEUSDT,0.06640106241699861
1783347299999,1783346400000,2,CONTINUATION_RELOAD,QUIET_NON_TRANSITION_FALLBACK,2026-07-06T14:00:00+00:00,1783346400000,True,0.5733518856025169,60,15,16,False,240,-0.19893899204244114,1.6909814323607275,240,EARLY_BUILD,AKEUSDT,1.392572944297088
1783331099999,1783330200000,2,CONTINUATION_RELOAD,QUIET_NON_TRANSITION_FALLBACK,2026-07-06T09:30:00+00:00,1783330200000,True,0.06327663614039385,15,30,48,False,720,-0.8237232289950547,2.7347611202635846,720,EARLY_BUILD,AKEUSDT,0.5271828665568412
1783245599999,1783244700000,2,CONTINUATION_RELOAD,QUIET_NON_TRANSITION_FALLBACK,2026-07-05T09:45:00+00:00,1783244700000,True,0.10667029622551448,15,30,48,False,720,-0.19953441968739716,0.6983704689058845,720,EARLY_BUILD,AKEUSDT,-0.13302294645827217
1783224899999,1783224000000,2,CONTINUATION_RELOAD,QUIET_NON_TRANSITION_FALLBACK,2026-07-05T04:00:00+00:00,1783224000000,True,0.12248931427283544,90,15,48,False,720,-0.5634736493205339,0.9612197547232304,720,EARLY_BUILD,AKEUSDT,-0.364600596619169
1783767599999,1783766700000,2,IGNITION_CANDIDATE,QUIET_NON_TRANSITION_FALLBACK,2026-07-11T10:45:00+00:00,1783766700000,False,0.1308376686774481,15,30,2,False,720,-2.421307506053272,7.602905569007268,30,EARLY_BUILD,AKEUSDT,7.602905569007268
1783203299999,1783202400000,2,CONTINUATION_RELOAD,QUIET_NON_TRANSITION_FALLBACK,2026-07-04T22:00:00+00:00,1783202400000,True,0.20382813678641287,150,15,48,False,720,-1.864573110893042,2.518809290153734,720,EARLY_BUILD,AKEUSDT,-1.8318613019300045
1783743299999,1783742400000,2,IGNITION_CANDIDATE,QUIET_NON_TRANSITION_FALLBACK,2026-07-11T04:00:00+00:00,1783742400000,False,0.2178551161797042,15,105,29,False,720,-1.8905472636815968,10.547263681592046,435,EARLY_BUILD,AKEUSDT,10.547263681592046
1783130399999,1783129500000,2,CONTINUATION_RELOAD,QUIET_NON_TRANSITION_FALLBACK,2026-07-04T01:45:00+00:00,1783129500000,True,0.22938582348744685,15,,48,False,720,-30.49463369108727,-0.6999533364442367,720,EARLY_BUILD,AKEUSDT,-24.521698553429772
1784016899999,1784016000000,2,ACCEPTED_IGNITION,QUIET_NON_TRANSITION_FALLBACK,2026-07-14T08:00:00+00:00,1784016000000,True,0.27226702670904745,45,15,48,False,720,-2.428940568475446,0.5167958656330907,720,EARLY_BUILD,AKEUSDT,-2.170542635658912
1783146599999,1783145700000,2,CONTINUATION_RELOAD,QUIET_NON_TRANSITION_FALLBACK,2026-07-04T06:15:00+00:00,1783145700000,True,0.39428908290953285,30,15,48,False,720,-25.636545182226666,0.5491762356465202,720,EARLY_BUILD,AKEUSDT,-23.09036445332001
1783104299999,1783103400000,2,CONTINUATION_RELOAD,QUIET_NON_TRANSITION_FALLBACK,2026-07-03T18:30:00+00:00,1783103400000,True,0.42042215302336694,45,15,48,False,720,-20.503597122302153,1.2989608313349388,720,EARLY_BUILD,AKEUSDT,-19.504396482813757
1783264499999,1783263600000,2,CONTINUATION_RELOAD,QUIET_NON_TRANSITION_FALLBACK,2026-07-05T15:00:00+00:00,1783263600000,True,0.4517480856479022,15,165,48,False,720,-0.3652058432935035,0.5312084993359889,720,EARLY_BUILD,AKEUSDT,0.19920318725099584
1783347299999,1783346400000,2,CONTINUATION_RELOAD,QUIET_NON_TRANSITION_FALLBACK,2026-07-06T14:00:00+00:00,1783346400000,True,0.5733518856025169,60,15,48,False,720,-0.19893899204244114,3.3819628647214772,720,EARLY_BUILD,AKEUSDT,0.5305039787798282
1783331099999,1783330200000,2,CONTINUATION_RELOAD,QUIET_NON_TRANSITION_FALLBACK,2026-07-06T09:30:00+00:00,1783330200000,True,0.06327663614039385,15,30,96,False,1440,-27.182866556836906,2.7347611202635846,1440,EARLY_BUILD,AKEUSDT,-25.140032948929157
1783245599999,1783244700000,2,CONTINUATION_RELOAD,QUIET_NON_TRANSITION_FALLBACK,2026-07-05T09:45:00+00:00,1783244700000,True,0.10667029622551448,15,30,96,False,1440,-0.19953441968739716,4.7223145992683735,1440,EARLY_BUILD,AKEUSDT,0.8646491519787247
1783224899999,1783224000000,2,CONTINUATION_RELOAD,QUIET_NON_TRANSITION_FALLBACK,2026-07-05T04:00:00+00:00,1783224000000,True,0.12248931427283544,90,15,96,False,1440,-0.5634736493205339,0.9612197547232304,1440,EARLY_BUILD,AKEUSDT,-0.1657275439178041
1783767599999,1783766700000,2,IGNITION_CANDIDATE,QUIET_NON_TRANSITION_FALLBACK,2026-07-11T10:45:00+00:00,1783766700000,False,0.1308376686774481,15,30,2,False,1440,-2.421307506053272,7.602905569007268,30,EARLY_BUILD,AKEUSDT,7.602905569007268
1783203299999,1783202400000,2,CONTINUATION_RELOAD,QUIET_NON_TRANSITION_FALLBACK,2026-07-04T22:00:00+00:00,1783202400000,True,0.20382813678641287,150,15,96,False,1440,-1.864573110893042,2.518809290153734,1440,EARLY_BUILD,AKEUSDT,-1.341184167484455
1783743299999,1783742400000,2,IGNITION_CANDIDATE,QUIET_NON_TRANSITION_FALLBACK,2026-07-11T04:00:00+00:00,1783742400000,False,0.2178551161797042,15,105,29,False,1440,-1.8905472636815968,10.547263681592046,435,EARLY_BUILD,AKEUSDT,10.547263681592046
1783130399999,1783129500000,2,CONTINUATION_RELOAD,QUIET_NON_TRANSITION_FALLBACK,2026-07-04T01:45:00+00:00,1783129500000,True,0.22938582348744685,15,,96,False,1440,-30.49463369108727,-0.6999533364442367,1440,EARLY_BUILD,AKEUSDT,-28.908072795147
1784016899999,1784016000000,2,ACCEPTED_IGNITION,QUIET_NON_TRANSITION_FALLBACK,2026-07-14T08:00:00+00:00,1784016000000,True,0.27226702670904745,45,15,96,False,1440,-3.20413436692506,189.19896640826877,1440,EARLY_BUILD,AKEUSDT,178.9664082687339
1783146599999,1783145700000,2,CONTINUATION_RELOAD,QUIET_NON_TRANSITION_FALLBACK,2026-07-04T06:15:00+00:00,1783145700000,True,0.39428908290953285,30,15,96,False,1440,-25.636545182226666,0.5491762356465202,1440,EARLY_BUILD,AKEUSDT,-25.03744383424863
1783104299999,1783103400000,2,CONTINUATION_RELOAD,QUIET_NON_TRANSITION_FALLBACK,2026-07-03T18:30:00+00:00,1783103400000,True,0.42042215302336694,45,15,96,False,1440,-40.46762589928058,1.2989608313349388,1440,EARLY_BUILD,AKEUSDT,-38.68904876099122
1783264499999,1783263600000,2,CONTINUATION_RELOAD,QUIET_NON_TRANSITION_FALLBACK,2026-07-05T15:00:00+00:00,1783263600000,True,0.4517480856479022,15,165,96,False,1440,-0.3652058432935035,4.548472775564405,1440,EARLY_BUILD,AKEUSDT,-0.06640106241699861
1783347299999,1783346400000,2,CONTINUATION_RELOAD,QUIET_NON_TRANSITION_FALLBACK,2026-07-06T14:00:00+00:00,1783346400000,True,0.5733518856025169,60,15,96,False,1440,-33.985411140583565,3.3819628647214772,1440,EARLY_BUILD,AKEUSDT,-31.763925729442978
1783099799999,1783098900000,2,CONTINUATION_RELOAD,QUIET_NON_TRANSITION_FALLBACK,2026-07-03T17:15:00+00:00,1783098900000,True,0.07671179267411547,15,30,3,False,45,-0.6019095060190938,2.34537152345371,45,IGNITION_CANDIDATE,AKEUSDT,2.34537152345371
1783189799999,1783188900000,2,CONTINUATION_RELOAD,QUIET_NON_TRANSITION_FALLBACK,2026-07-04T18:15:00+00:00,1783188900000,True,0.12684531658229758,15,,3,False,45,-1.0386238234339595,-0.3245699448231165,45,IGNITION_CANDIDATE,AKEUSDT,-0.3245699448231165
1783172699999,1783171800000,2,CONTINUATION_RELOAD,QUIET_NON_TRANSITION_FALLBACK,2026-07-04T13:30:00+00:00,1783171800000,True,0.18732948979640152,15,,3,False,45,-2.1180030257186067,-0.6354009077155776,45,IGNITION_CANDIDATE,AKEUSDT,-1.7246596066565867
1783119599999,1783118700000,2,CONTINUATION_RELOAD,QUIET_NON_TRANSITION_FALLBACK,2026-07-03T22:45:00+00:00,1783118700000,True,0.24308681195971185,15,,3,False,45,-1.5507411630558687,-0.31927023945267363,45,IGNITION_CANDIDATE,AKEUSDT,-1.5507411630558687
1783218599999,1783217700000,2,CONTINUATION_RELOAD,QUIET_NON_TRANSITION_FALLBACK,2026-07-05T02:15:00+00:00,1783217700000,True,0.34794247263401873,15,,3,False,45,-1.7606781871535637,-1.4346266710140165,45,IGNITION_CANDIDATE,AKEUSDT,-1.7606781871535637
1783740599999,1783739700000,2,IGNITION_CANDIDATE,QUIET_NON_TRANSITION_FALLBACK,2026-07-11T03:15:00+00:00,1783739700000,True,0.4118609848444846,15,45,3,False,45,-0.39920159680638667,0.29940119760478723,45,IGNITION_CANDIDATE,AKEUSDT,0.29940119760478723
1783204199999,1783203300000,2,CONTINUATION_RELOAD,QUIET_NON_TRANSITION_FALLBACK,2026-07-04T22:15:00+00:00,1783203300000,True,0.5396300638737851,,15,3,False,45,0.16334531198956004,0.947402809539355,45,IGNITION_CANDIDATE,AKEUSDT,0.6207121855602793
1783330199999,1783329300000,2,CONTINUATION_RELOAD,QUIET_NON_TRANSITION_FALLBACK,2026-07-06T09:15:00+00:00,1783329300000,True,0.5581427656922503,,15,3,False,45,0.032981530343012544,0.461741424802109,45,IGNITION_CANDIDATE,AKEUSDT,0.461741424802109
1783146599999,1783145700000,2,CONTINUATION_RELOAD,QUIET_NON_TRANSITION_FALLBACK,2026-07-04T06:15:00+00:00,1783145700000,True,0.7236906003582156,30,15,3,False,45,-0.7239141288067796,0.5491762356465202,45,IGNITION_CANDIDATE,AKEUSDT,-0.7239141288067796
1783244699999,1783243800000,2,CONTINUATION_RELOAD,QUIET_NON_TRANSITION_FALLBACK,2026-07-05T09:30:00+00:00,1783243800000,True,0.7351836598725837,15,,3,False,45,-0.39827414537007,-0.06637902422834685,45,IGNITION_CANDIDATE,AKEUSDT,-0.06637902422834685
1783768499999,1783767600000,2,IGNITION_CANDIDATE,QUIET_NON_TRANSITION_FALLBACK,2026-07-11T11:00:00+00:00,1783767600000,False,0.7391423512828652,,15,1,False,45,10.272952853598017,10.272952853598017,15,IGNITION_CANDIDATE,AKEUSDT,10.272952853598017
1784016899999,1784016000000,2,ACCEPTED_IGNITION,QUIET_NON_TRANSITION_FALLBACK,2026-07-14T08:00:00+00:00,1784016000000,True,0.9551242265837052,45,15,3,False,45,-0.1550387596899072,0.31007751937985883,45,IGNITION_CANDIDATE,AKEUSDT,-0.1550387596899072
1783099799999,1783098900000,2,CONTINUATION_RELOAD,QUIET_NON_TRANSITION_FALLBACK,2026-07-03T17:15:00+00:00,1783098900000,True,0.07671179267411547,15,30,4,False,60,-0.6019095060190938,2.9887920298879322,60,IGNITION_CANDIDATE,AKEUSDT,2.9887920298879322
1783189799999,1783188900000,2,CONTINUATION_RELOAD,QUIET_NON_TRANSITION_FALLBACK,2026-07-04T18:15:00+00:00,1783188900000,True,0.12684531658229758,15,,4,False,60,-1.0386238234339595,-0.292112950340806,60,IGNITION_CANDIDATE,AKEUSDT,-0.292112950340806
1783172699999,1783171800000,2,CONTINUATION_RELOAD,QUIET_NON_TRANSITION_FALLBACK,2026-07-04T13:30:00+00:00,1783171800000,True,0.18732948979640152,15,,4,False,60,-2.1180030257186067,-0.3933434190620422,60,IGNITION_CANDIDATE,AKEUSDT,-0.3933434190620422
1783119599999,1783118700000,2,CONTINUATION_RELOAD,QUIET_NON_TRANSITION_FALLBACK,2026-07-03T22:45:00+00:00,1783118700000,True,0.24308681195971185,15,,4,False,60,-1.5507411630558687,-0.31927023945267363,60,IGNITION_CANDIDATE,AKEUSDT,-1.0034207525655647
1783218599999,1783217700000,2,CONTINUATION_RELOAD,QUIET_NON_TRANSITION_FALLBACK,2026-07-05T02:15:00+00:00,1783217700000,True,0.34794247263401873,15,,4,False,60,-1.7606781871535637,-1.4346266710140165,60,IGNITION_CANDIDATE,AKEUSDT,-1.5976524290837846
1783740599999,1783739700000,2,IGNITION_CANDIDATE,QUIET_NON_TRANSITION_FALLBACK,2026-07-11T03:15:00+00:00,1783739700000,True,0.4118609848444846,15,45,4,False,60,-0.5489021956087803,0.29940119760478723,60,IGNITION_CANDIDATE,AKEUSDT,-0.5489021956087803
1783204199999,1783203300000,2,CONTINUATION_RELOAD,QUIET_NON_TRANSITION_FALLBACK,2026-07-04T22:15:00+00:00,1783203300000,True,0.5396300638737851,,15,4,False,60,0.16334531198956004,1.1760862463247257,60,IGNITION_CANDIDATE,AKEUSDT,1.1760862463247257
1783330199999,1783329300000,2,CONTINUATION_RELOAD,QUIET_NON_TRANSITION_FALLBACK,2026-07-06T09:15:00+00:00,1783329300000,True,0.5581427656922503,60,15,4,False,60,-0.16490765171504052,0.461741424802109,60,IGNITION_CANDIDATE,AKEUSDT,-0.16490765171504052
1783146599999,1783145700000,2,CONTINUATION_RELOAD,QUIET_NON_TRANSITION_FALLBACK,2026-07-04T06:15:00+00:00,1783145700000,True,0.7236906003582156,30,15,4,False,60,-5.741387918122809,0.5491762356465202,60,IGNITION_CANDIDATE,AKEUSDT,-5.741387918122809
1783244699999,1783243800000,2,CONTINUATION_RELOAD,QUIET_NON_TRANSITION_FALLBACK,2026-07-05T09:30:00+00:00,1783243800000,True,0.7351836598725837,15,,4,False,60,-0.39827414537007,-0.06637902422834685,60,IGNITION_CANDIDATE,AKEUSDT,-0.09956853634252028
1783768499999,1783767600000,2,IGNITION_CANDIDATE,QUIET_NON_TRANSITION_FALLBACK,2026-07-11T11:00:00+00:00,1783767600000,False,0.7391423512828652,,15,1,False,60,10.272952853598017,10.272952853598017,15,IGNITION_CANDIDATE,AKEUSDT,10.272952853598017
1784016899999,1784016000000,2,ACCEPTED_IGNITION,QUIET_NON_TRANSITION_FALLBACK,2026-07-14T08:00:00+00:00,1784016000000,True,0.9551242265837052,45,15,4,False,60,-0.20671834625322072,0.31007751937985883,60,IGNITION_CANDIDATE,AKEUSDT,-0.20671834625322072
1783099799999,1783098900000,2,CONTINUATION_RELOAD,QUIET_NON_TRANSITION_FALLBACK,2026-07-03T17:15:00+00:00,1783098900000,True,0.07671179267411547,15,30,12,False,180,-0.6019095060190938,5.2096305520963115,180,IGNITION_CANDIDATE,AKEUSDT,3.7152345371523454
1783189799999,1783188900000,2,CONTINUATION_RELOAD,QUIET_NON_TRANSITION_FALLBACK,2026-07-04T18:15:00+00:00,1783188900000,True,0.12684531658229758,15,90,12,False,180,-1.0386238234339595,2.012333657903276,180,IGNITION_CANDIDATE,AKEUSDT,-0.292112950340806
1783172699999,1783171800000,2,CONTINUATION_RELOAD,QUIET_NON_TRANSITION_FALLBACK,2026-07-04T13:30:00+00:00,1783171800000,True,0.18732948979640152,15,,12,False,180,-7.049924357034798,-0.3933434190620422,180,IGNITION_CANDIDATE,AKEUSDT,-7.049924357034798
1783119599999,1783118700000,2,CONTINUATION_RELOAD,QUIET_NON_TRANSITION_FALLBACK,2026-07-03T22:45:00+00:00,1783118700000,True,0.24308681195971185,15,,12,False,180,-3.147092360319259,-0.31927023945267363,180,IGNITION_CANDIDATE,AKEUSDT,-2.257696693272515
1783218599999,1783217700000,2,CONTINUATION_RELOAD,QUIET_NON_TRANSITION_FALLBACK,2026-07-05T02:15:00+00:00,1783217700000,True,0.34794247263401873,15,,12,False,180,-1.858493641995429,-0.6847081838930569,180,IGNITION_CANDIDATE,AKEUSDT,-0.9129442451907277
1783740599999,1783739700000,2,IGNITION_CANDIDATE,QUIET_NON_TRANSITION_FALLBACK,2026-07-11T03:15:00+00:00,1783739700000,True,0.4118609848444846,15,45,12,False,180,-1.5968063872255467,0.7984031936127733,180,IGNITION_CANDIDATE,AKEUSDT,0.5489021956087914
1783204199999,1783203300000,2,CONTINUATION_RELOAD,QUIET_NON_TRANSITION_FALLBACK,2026-07-04T22:15:00+00:00,1783203300000,True,0.5396300638737851,135,15,12,False,180,-1.3394315583142746,2.384841555047368,180,IGNITION_CANDIDATE,AKEUSDT,-0.9474028095393661
1783330199999,1783329300000,2,CONTINUATION_RELOAD,QUIET_NON_TRANSITION_FALLBACK,2026-07-06T09:15:00+00:00,1783329300000,True,0.5581427656922503,60,15,12,False,180,-0.32981530343009213,0.461741424802109,180,IGNITION_CANDIDATE,AKEUSDT,0.16490765171504052
1783146599999,1783145700000,2,CONTINUATION_RELOAD,QUIET_NON_TRANSITION_FALLBACK,2026-07-04T06:15:00+00:00,1783145700000,True,0.7236906003582156,30,15,12,False,180,-25.636545182226666,0.5491762356465202,180,IGNITION_CANDIDATE,AKEUSDT,-23.839241138292554
1783244699999,1783243800000,2,CONTINUATION_RELOAD,QUIET_NON_TRANSITION_FALLBACK,2026-07-05T09:30:00+00:00,1783243800000,True,0.7351836598725837,15,75,12,False,180,-0.39827414537007,0.09956853634252028,180,IGNITION_CANDIDATE,AKEUSDT,-0.1327580484566937
1783768499999,1783767600000,2,IGNITION_CANDIDATE,QUIET_NON_TRANSITION_FALLBACK,2026-07-11T11:00:00+00:00,1783767600000,False,0.7391423512828652,,15,1,False,180,10.272952853598017,10.272952853598017,15,IGNITION_CANDIDATE,AKEUSDT,10.272952853598017
1784016899999,1784016000000,2,ACCEPTED_IGNITION,QUIET_NON_TRANSITION_FALLBACK,2026-07-14T08:00:00+00:00,1784016000000,True,0.9551242265837052,45,15,12,False,180,-0.46511627906976605,0.5167958656330907,180,IGNITION_CANDIDATE,AKEUSDT,-0.20671834625322072
1783099799999,1783098900000,2,CONTINUATION_RELOAD,QUIET_NON_TRANSITION_FALLBACK,2026-07-03T17:15:00+00:00,1783098900000,True,0.07671179267411547,15,30,16,False,240,-8.385222083852216,5.2096305520963115,240,IGNITION_CANDIDATE,AKEUSDT,-8.385222083852216
1783189799999,1783188900000,2,CONTINUATION_RELOAD,QUIET_NON_TRANSITION_FALLBACK,2026-07-04T18:15:00+00:00,1783188900000,True,0.12684531658229758,15,90,16,False,240,-1.0386238234339595,2.012333657903276,240,IGNITION_CANDIDATE,AKEUSDT,-0.6491398896462219
1783172699999,1783171800000,2,CONTINUATION_RELOAD,QUIET_NON_TRANSITION_FALLBACK,2026-07-04T13:30:00+00:00,1783171800000,True,0.18732948979640152,15,,16,False,240,-7.534039334341913,-0.3933434190620422,240,IGNITION_CANDIDATE,AKEUSDT,-7.049924357034798
1783119599999,1783118700000,2,CONTINUATION_RELOAD,QUIET_NON_TRANSITION_FALLBACK,2026-07-03T22:45:00+00:00,1783118700000,True,0.24308681195971185,15,,16,False,240,-7.183580387685284,-0.31927023945267363,240,IGNITION_CANDIDATE,AKEUSDT,-7.183580387685284
1783218599999,1783217700000,2,CONTINUATION_RELOAD,QUIET_NON_TRANSITION_FALLBACK,2026-07-05T02:15:00+00:00,1783217700000,True,0.34794247263401873,15,,16,False,240,-2.1845451581349873,-0.6847081838930569,240,IGNITION_CANDIDATE,AKEUSDT,-2.086729703293122
1783740599999,1783739700000,2,IGNITION_CANDIDATE,QUIET_NON_TRANSITION_FALLBACK,2026-07-11T03:15:00+00:00,1783739700000,True,0.4118609848444846,15,45,16,False,240,-1.5968063872255467,2.095808383233533,240,IGNITION_CANDIDATE,AKEUSDT,2.095808383233533
1783204199999,1783203300000,2,CONTINUATION_RELOAD,QUIET_NON_TRANSITION_FALLBACK,2026-07-04T22:15:00+00:00,1783203300000,True,0.5396300638737851,135,15,16,False,240,-1.3394315583142746,2.384841555047368,240,IGNITION_CANDIDATE,AKEUSDT,0.19601437438743208
1783330199999,1783329300000,2,CONTINUATION_RELOAD,QUIET_NON_TRANSITION_FALLBACK,2026-07-06T09:15:00+00:00,1783329300000,True,0.5581427656922503,60,15,16,False,240,-0.5606860158311355,0.461741424802109,240,IGNITION_CANDIDATE,AKEUSDT,-0.06596306068601399
1783146599999,1783145700000,2,CONTINUATION_RELOAD,QUIET_NON_TRANSITION_FALLBACK,2026-07-04T06:15:00+00:00,1783145700000,True,0.7236906003582156,30,15,16,False,240,-25.636545182226666,0.5491762356465202,240,IGNITION_CANDIDATE,AKEUSDT,-23.96405391912132
1783244699999,1783243800000,2,CONTINUATION_RELOAD,QUIET_NON_TRANSITION_FALLBACK,2026-07-05T09:30:00+00:00,1783243800000,True,0.7351836598725837,15,75,16,False,240,-0.39827414537007,0.49784268171257917,240,IGNITION_CANDIDATE,AKEUSDT,0.33189512114171205
1783768499999,1783767600000,2,IGNITION_CANDIDATE,QUIET_NON_TRANSITION_FALLBACK,2026-07-11T11:00:00+00:00,1783767600000,False,0.7391423512828652,,15,1,False,240,10.272952853598017,10.272952853598017,15,IGNITION_CANDIDATE,AKEUSDT,10.272952853598017
1784016899999,1784016000000,2,ACCEPTED_IGNITION,QUIET_NON_TRANSITION_FALLBACK,2026-07-14T08:00:00+00:00,1784016000000,True,0.9551242265837052,45,15,16,False,240,-1.8604651162790642,0.5167958656330907,240,IGNITION_CANDIDATE,AKEUSDT,-1.7571059431524372
1783099799999,1783098900000,2,CONTINUATION_RELOAD,QUIET_NON_TRANSITION_FALLBACK,2026-07-03T17:15:00+00:00,1783098900000,True,0.07671179267411547,15,30,48,False,720,-17.10253217102532,5.2096305520963115,720,IGNITION_CANDIDATE,AKEUSDT,-15.047737650477377
1783189799999,1783188900000,2,CONTINUATION_RELOAD,QUIET_NON_TRANSITION_FALLBACK,2026-07-04T18:15:00+00:00,1783188900000,True,0.12684531658229758,15,90,48,False,720,-2.6290165530671983,2.012333657903276,720,IGNITION_CANDIDATE,AKEUSDT,-2.5316455696202667
1783172699999,1783171800000,2,CONTINUATION_RELOAD,QUIET_NON_TRANSITION_FALLBACK,2026-07-04T13:30:00+00:00,1783171800000,True,0.18732948979640152,15,,48,False,720,-8.6232980332829,-0.3933434190620422,720,IGNITION_CANDIDATE,AKEUSDT,-7.776096822995471
1783119599999,1783118700000,2,CONTINUATION_RELOAD,QUIET_NON_TRANSITION_FALLBACK,2026-07-03T22:45:00+00:00,1783118700000,True,0.24308681195971185,15,,48,False,720,-32.06385404789054,-0.31927023945267363,720,IGNITION_CANDIDATE,AKEUSDT,-29.122006841505122
1783218599999,1783217700000,2,CONTINUATION_RELOAD,QUIET_NON_TRANSITION_FALLBACK,2026-07-05T02:15:00+00:00,1783217700000,True,0.34794247263401873,15,,48,False,720,-2.1845451581349873,-0.6847081838930569,720,IGNITION_CANDIDATE,AKEUSDT,-1.630257580697736
1783740599999,1783739700000,2,IGNITION_CANDIDATE,QUIET_NON_TRANSITION_FALLBACK,2026-07-11T03:15:00+00:00,1783739700000,False,0.4118609848444846,15,45,32,False,720,-1.5968063872255467,10.878243512974063,480,IGNITION_CANDIDATE,AKEUSDT,10.878243512974063
1783204199999,1783203300000,2,CONTINUATION_RELOAD,QUIET_NON_TRANSITION_FALLBACK,2026-07-04T22:15:00+00:00,1783203300000,True,0.5396300638737851,135,15,48,False,720,-1.9928128062724704,2.384841555047368,720,IGNITION_CANDIDATE,AKEUSDT,-1.6334531198954672
1783330199999,1783329300000,2,CONTINUATION_RELOAD,QUIET_NON_TRANSITION_FALLBACK,2026-07-06T09:15:00+00:00,1783329300000,True,0.5581427656922503,60,15,48,False,720,-0.725593667546176,2.836411609498679,720,IGNITION_CANDIDATE,AKEUSDT,0.6266490765171495
1783146599999,1783145700000,2,CONTINUATION_RELOAD,QUIET_NON_TRANSITION_FALLBACK,2026-07-04T06:15:00+00:00,1783145700000,True,0.7236906003582156,30,15,48,False,720,-25.636545182226666,0.5491762356465202,720,IGNITION_CANDIDATE,AKEUSDT,-23.09036445332001
1783244699999,1783243800000,2,CONTINUATION_RELOAD,QUIET_NON_TRANSITION_FALLBACK,2026-07-05T09:30:00+00:00,1783243800000,True,0.7351836598725837,15,75,48,False,720,-0.39827414537007,0.49784268171257917,720,IGNITION_CANDIDATE,AKEUSDT,0.033189512114173425
1783768499999,1783767600000,2,IGNITION_CANDIDATE,QUIET_NON_TRANSITION_FALLBACK,2026-07-11T11:00:00+00:00,1783767600000,False,0.7391423512828652,,15,1,False,720,10.272952853598017,10.272952853598017,15,IGNITION_CANDIDATE,AKEUSDT,10.272952853598017
1784016899999,1784016000000,2,ACCEPTED_IGNITION,QUIET_NON_TRANSITION_FALLBACK,2026-07-14T08:00:00+00:00,1784016000000,True,0.9551242265837052,45,15,48,False,720,-2.428940568475446,0.5167958656330907,720,IGNITION_CANDIDATE,AKEUSDT,-2.170542635658912
1783099799999,1783098900000,2,CONTINUATION_RELOAD,QUIET_NON_TRANSITION_FALLBACK,2026-07-03T17:15:00+00:00,1783098900000,True,0.07671179267411547,15,30,96,False,1440,-38.16936488169366,5.2096305520963115,1440,IGNITION_CANDIDATE,AKEUSDT,-36.19759236197593
1783189799999,1783188900000,2,CONTINUATION_RELOAD,QUIET_NON_TRANSITION_FALLBACK,2026-07-04T18:15:00+00:00,1783188900000,True,0.12684531658229758,15,90,96,False,1440,-2.6290165530671983,2.012333657903276,1440,IGNITION_CANDIDATE,AKEUSDT,-2.2395326192794607
1783172699999,1783171800000,2,CONTINUATION_RELOAD,QUIET_NON_TRANSITION_FALLBACK,2026-07-04T13:30:00+00:00,1783171800000,True,0.18732948979640152,15,,96,False,1440,-9.228441754916805,-0.3933434190620422,1440,IGNITION_CANDIDATE,AKEUSDT,-8.532526475037827
1783119599999,1783118700000,2,CONTINUATION_RELOAD,QUIET_NON_TRANSITION_FALLBACK,2026-07-03T22:45:00+00:00,1783118700000,True,0.24308681195971185,15,,96,False,1440,-32.06385404789054,-0.31927023945267363,1440,IGNITION_CANDIDATE,AKEUSDT,-30.079817559863166
1783218599999,1783217700000,2,CONTINUATION_RELOAD,QUIET_NON_TRANSITION_FALLBACK,2026-07-05T02:15:00+00:00,1783217700000,True,0.34794247263401873,15,,96,False,1440,-2.1845451581349873,-0.6847081838930569,1440,IGNITION_CANDIDATE,AKEUSDT,-1.7280730355396012
1783740599999,1783739700000,2,IGNITION_CANDIDATE,QUIET_NON_TRANSITION_FALLBACK,2026-07-11T03:15:00+00:00,1783739700000,False,0.4118609848444846,15,45,32,False,1440,-1.5968063872255467,10.878243512974063,480,IGNITION_CANDIDATE,AKEUSDT,10.878243512974063
1783204199999,1783203300000,2,CONTINUATION_RELOAD,QUIET_NON_TRANSITION_FALLBACK,2026-07-04T22:15:00+00:00,1783203300000,True,0.5396300638737851,135,15,96,False,1440,-1.9928128062724704,2.384841555047368,1440,IGNITION_CANDIDATE,AKEUSDT,-1.4701078079059182
1783330199999,1783329300000,2,CONTINUATION_RELOAD,QUIET_NON_TRANSITION_FALLBACK,2026-07-06T09:15:00+00:00,1783329300000,True,0.5581427656922503,60,15,96,False,1440,-27.110817941952504,2.836411609498679,1440,IGNITION_CANDIDATE,AKEUSDT,-25.230870712401053
1783146599999,1783145700000,2,CONTINUATION_RELOAD,QUIET_NON_TRANSITION_FALLBACK,2026-07-04T06:15:00+00:00,1783145700000,True,0.7236906003582156,30,15,96,False,1440,-25.636545182226666,0.5491762356465202,1440,IGNITION_CANDIDATE,AKEUSDT,-25.03744383424863
1783244699999,1783243800000,2,CONTINUATION_RELOAD,QUIET_NON_TRANSITION_FALLBACK,2026-07-05T09:30:00+00:00,1783243800000,True,0.7351836598725837,15,75,96,False,1440,-0.39827414537007,4.513773647527386,1440,IGNITION_CANDIDATE,AKEUSDT,0.7301692665117709
1783768499999,1783767600000,2,IGNITION_CANDIDATE,QUIET_NON_TRANSITION_FALLBACK,2026-07-11T11:00:00+00:00,1783767600000,False,0.7391423512828652,,15,1,False,1440,10.272952853598017,10.272952853598017,15,IGNITION_CANDIDATE,AKEUSDT,10.272952853598017
1784016899999,1784016000000,2,ACCEPTED_IGNITION,QUIET_NON_TRANSITION_FALLBACK,2026-07-14T08:00:00+00:00,1784016000000,True,0.9551242265837052,45,15,96,False,1440,-3.20413436692506,189.19896640826877,1440,IGNITION_CANDIDATE,AKEUSDT,178.9664082687339
1783099799999,1783098900000,2,CONTINUATION_RELOAD,QUIET_NON_TRANSITION_FALLBACK,2026-07-03T17:15:00+00:00,1783098900000,True,0.2269493005098215,15,30,3,False,45,-0.6019095060190938,2.34537152345371,45,ACCEPTED_IGNITION,AKEUSDT,2.34537152345371
1783189799999,1783188900000,2,CONTINUATION_RELOAD,QUIET_NON_TRANSITION_FALLBACK,2026-07-04T18:15:00+00:00,1783188900000,True,0.27708282441800364,15,,3,False,45,-1.0386238234339595,-0.3245699448231165,45,ACCEPTED_IGNITION,AKEUSDT,-0.3245699448231165
1783172699999,1783171800000,2,CONTINUATION_RELOAD,QUIET_NON_TRANSITION_FALLBACK,2026-07-04T13:30:00+00:00,1783171800000,True,0.33756699763210757,15,,3,False,45,-2.1180030257186067,-0.6354009077155776,45,ACCEPTED_IGNITION,AKEUSDT,-1.7246596066565867
1783119599999,1783118700000,2,CONTINUATION_RELOAD,QUIET_NON_TRANSITION_FALLBACK,2026-07-03T22:45:00+00:00,1783118700000,True,0.3667998325359008,15,,3,False,45,-1.5507411630558687,-0.31927023945267363,45,ACCEPTED_IGNITION,AKEUSDT,-1.5507411630558687
1783218599999,1783217700000,2,CONTINUATION_RELOAD,QUIET_NON_TRANSITION_FALLBACK,2026-07-05T02:15:00+00:00,1783217700000,True,0.4981799804697247,15,,3,False,45,-1.7606781871535637,-1.4346266710140165,45,ACCEPTED_IGNITION,AKEUSDT,-1.7606781871535637
1783740599999,1783739700000,2,IGNITION_CANDIDATE,QUIET_NON_TRANSITION_FALLBACK,2026-07-11T03:15:00+00:00,1783739700000,True,0.5620984926801906,15,45,3,False,45,-0.39920159680638667,0.29940119760478723,45,ACCEPTED_IGNITION,AKEUSDT,0.29940119760478723
1783204199999,1783203300000,2,CONTINUATION_RELOAD,QUIET_NON_TRANSITION_FALLBACK,2026-07-04T22:15:00+00:00,1783203300000,True,0.689867571709491,,15,3,False,45,0.16334531198956004,0.947402809539355,45,ACCEPTED_IGNITION,AKEUSDT,0.6207121855602793
1783330199999,1783329300000,2,CONTINUATION_RELOAD,QUIET_NON_TRANSITION_FALLBACK,2026-07-06T09:15:00+00:00,1783329300000,True,0.7083802735279564,,15,3,False,45,0.032981530343012544,0.461741424802109,45,ACCEPTED_IGNITION,AKEUSDT,0.461741424802109
1783157399999,1783156500000,2,CONTINUATION_RELOAD,QUIET_NON_TRANSITION_FALLBACK,2026-07-04T09:15:00+00:00,1783156500000,True,0.7645246134831704,15,30,3,False,45,-0.6555227794165841,0.4916420845624492,45,ACCEPTED_IGNITION,AKEUSDT,0.2622091117666425
1783244699999,1783243800000,2,CONTINUATION_RELOAD,QUIET_NON_TRANSITION_FALLBACK,2026-07-05T09:30:00+00:00,1783243800000,True,0.8854211677082898,15,,3,False,45,-0.39827414537007,-0.06637902422834685,45,ACCEPTED_IGNITION,AKEUSDT,-0.06637902422834685
1783768499999,1783767600000,2,IGNITION_CANDIDATE,QUIET_NON_TRANSITION_FALLBACK,2026-07-11T11:00:00+00:00,1783767600000,False,0.8893798591185712,,15,1,False,45,10.272952853598017,10.272952853598017,15,ACCEPTED_IGNITION,AKEUSDT,10.272952853598017
1783141199999,1783140300000,2,CONTINUATION_RELOAD,QUIET_NON_TRANSITION_FALLBACK,2026-07-04T04:45:00+00:00,1783140300000,True,0.8933843177552898,,15,3,False,45,0.8012018027040435,2.4787180771156603,45,ACCEPTED_IGNITION,AKEUSDT,1.9529293940911296
1783099799999,1783098900000,2,CONTINUATION_RELOAD,QUIET_NON_TRANSITION_FALLBACK,2026-07-03T17:15:00+00:00,1783098900000,True,0.2269493005098215,15,30,4,False,60,-0.6019095060190938,2.9887920298879322,60,ACCEPTED_IGNITION,AKEUSDT,2.9887920298879322
1783189799999,1783188900000,2,CONTINUATION_RELOAD,QUIET_NON_TRANSITION_FALLBACK,2026-07-04T18:15:00+00:00,1783188900000,True,0.27708282441800364,15,,4,False,60,-1.0386238234339595,-0.292112950340806,60,ACCEPTED_IGNITION,AKEUSDT,-0.292112950340806
1783172699999,1783171800000,2,CONTINUATION_RELOAD,QUIET_NON_TRANSITION_FALLBACK,2026-07-04T13:30:00+00:00,1783171800000,True,0.33756699763210757,15,,4,False,60,-2.1180030257186067,-0.3933434190620422,60,ACCEPTED_IGNITION,AKEUSDT,-0.3933434190620422
1783119599999,1783118700000,2,CONTINUATION_RELOAD,QUIET_NON_TRANSITION_FALLBACK,2026-07-03T22:45:00+00:00,1783118700000,True,0.3667998325359008,15,,4,False,60,-1.5507411630558687,-0.31927023945267363,60,ACCEPTED_IGNITION,AKEUSDT,-1.0034207525655647
1783218599999,1783217700000,2,CONTINUATION_RELOAD,QUIET_NON_TRANSITION_FALLBACK,2026-07-05T02:15:00+00:00,1783217700000,True,0.4981799804697247,15,,4,False,60,-1.7606781871535637,-1.4346266710140165,60,ACCEPTED_IGNITION,AKEUSDT,-1.5976524290837846
1783740599999,1783739700000,2,IGNITION_CANDIDATE,QUIET_NON_TRANSITION_FALLBACK,2026-07-11T03:15:00+00:00,1783739700000,True,0.5620984926801906,15,45,4,False,60,-0.5489021956087803,0.29940119760478723,60,ACCEPTED_IGNITION,AKEUSDT,-0.5489021956087803
1783204199999,1783203300000,2,CONTINUATION_RELOAD,QUIET_NON_TRANSITION_FALLBACK,2026-07-04T22:15:00+00:00,1783203300000,True,0.689867571709491,,15,4,False,60,0.16334531198956004,1.1760862463247257,60,ACCEPTED_IGNITION,AKEUSDT,1.1760862463247257
1783330199999,1783329300000,2,CONTINUATION_RELOAD,QUIET_NON_TRANSITION_FALLBACK,2026-07-06T09:15:00+00:00,1783329300000,True,0.7083802735279564,60,15,4,False,60,-0.16490765171504052,0.461741424802109,60,ACCEPTED_IGNITION,AKEUSDT,-0.16490765171504052
1783157399999,1783156500000,2,CONTINUATION_RELOAD,QUIET_NON_TRANSITION_FALLBACK,2026-07-04T09:15:00+00:00,1783156500000,True,0.7645246134831704,15,30,4,False,60,-0.6555227794165841,0.4916420845624492,60,ACCEPTED_IGNITION,AKEUSDT,-0.16388069485414603
1783244699999,1783243800000,2,CONTINUATION_RELOAD,QUIET_NON_TRANSITION_FALLBACK,2026-07-05T09:30:00+00:00,1783243800000,True,0.8854211677082898,15,,4,False,60,-0.39827414537007,-0.06637902422834685,60,ACCEPTED_IGNITION,AKEUSDT,-0.09956853634252028
1783768499999,1783767600000,2,IGNITION_CANDIDATE,QUIET_NON_TRANSITION_FALLBACK,2026-07-11T11:00:00+00:00,1783767600000,False,0.8893798591185712,,15,1,False,60,10.272952853598017,10.272952853598017,15,ACCEPTED_IGNITION,AKEUSDT,10.272952853598017
1783141199999,1783140300000,2,CONTINUATION_RELOAD,QUIET_NON_TRANSITION_FALLBACK,2026-07-04T04:45:00+00:00,1783140300000,True,0.8933843177552898,,15,4,False,60,0.1752628943415102,2.4787180771156603,60,ACCEPTED_IGNITION,AKEUSDT,0.1752628943415102
1783099799999,1783098900000,2,CONTINUATION_RELOAD,QUIET_NON_TRANSITION_FALLBACK,2026-07-03T17:15:00+00:00,1783098900000,True,0.2269493005098215,15,30,12,False,180,-0.6019095060190938,5.2096305520963115,180,ACCEPTED_IGNITION,AKEUSDT,3.7152345371523454
1783189799999,1783188900000,2,CONTINUATION_RELOAD,QUIET_NON_TRANSITION_FALLBACK,2026-07-04T18:15:00+00:00,1783188900000,True,0.27708282441800364,15,90,12,False,180,-1.0386238234339595,2.012333657903276,180,ACCEPTED_IGNITION,AKEUSDT,-0.292112950340806
1783172699999,1783171800000,2,CONTINUATION_RELOAD,QUIET_NON_TRANSITION_FALLBACK,2026-07-04T13:30:00+00:00,1783171800000,True,0.33756699763210757,15,,12,False,180,-7.049924357034798,-0.3933434190620422,180,ACCEPTED_IGNITION,AKEUSDT,-7.049924357034798
1783119599999,1783118700000,2,CONTINUATION_RELOAD,QUIET_NON_TRANSITION_FALLBACK,2026-07-03T22:45:00+00:00,1783118700000,True,0.3667998325359008,15,,12,False,180,-3.147092360319259,-0.31927023945267363,180,ACCEPTED_IGNITION,AKEUSDT,-2.257696693272515
1783218599999,1783217700000,2,CONTINUATION_RELOAD,QUIET_NON_TRANSITION_FALLBACK,2026-07-05T02:15:00+00:00,1783217700000,True,0.4981799804697247,15,,12,False,180,-1.858493641995429,-0.6847081838930569,180,ACCEPTED_IGNITION,AKEUSDT,-0.9129442451907277
1783740599999,1783739700000,2,IGNITION_CANDIDATE,QUIET_NON_TRANSITION_FALLBACK,2026-07-11T03:15:00+00:00,1783739700000,True,0.5620984926801906,15,45,12,False,180,-1.5968063872255467,0.7984031936127733,180,ACCEPTED_IGNITION,AKEUSDT,0.5489021956087914
1783204199999,1783203300000,2,CONTINUATION_RELOAD,QUIET_NON_TRANSITION_FALLBACK,2026-07-04T22:15:00+00:00,1783203300000,True,0.689867571709491,135,15,12,False,180,-1.3394315583142746,2.384841555047368,180,ACCEPTED_IGNITION,AKEUSDT,-0.9474028095393661
1783330199999,1783329300000,2,CONTINUATION_RELOAD,QUIET_NON_TRANSITION_FALLBACK,2026-07-06T09:15:00+00:00,1783329300000,True,0.7083802735279564,60,15,12,False,180,-0.32981530343009213,0.461741424802109,180,ACCEPTED_IGNITION,AKEUSDT,0.16490765171504052
1783157399999,1783156500000,2,CONTINUATION_RELOAD,QUIET_NON_TRANSITION_FALLBACK,2026-07-04T09:15:00+00:00,1783156500000,True,0.7645246134831704,15,30,12,False,180,-0.8194034742707301,1.868239921337267,180,ACCEPTED_IGNITION,AKEUSDT,1.4093739757456536
1783244699999,1783243800000,2,CONTINUATION_RELOAD,QUIET_NON_TRANSITION_FALLBACK,2026-07-05T09:30:00+00:00,1783243800000,True,0.8854211677082898,15,75,12,False,180,-0.39827414537007,0.09956853634252028,180,ACCEPTED_IGNITION,AKEUSDT,-0.1327580484566937
1783768499999,1783767600000,2,IGNITION_CANDIDATE,QUIET_NON_TRANSITION_FALLBACK,2026-07-11T11:00:00+00:00,1783767600000,False,0.8893798591185712,,15,1,False,180,10.272952853598017,10.272952853598017,15,ACCEPTED_IGNITION,AKEUSDT,10.272952853598017
1783141199999,1783140300000,2,CONTINUATION_RELOAD,QUIET_NON_TRANSITION_FALLBACK,2026-07-04T04:45:00+00:00,1783140300000,True,0.8933843177552898,75,15,12,False,180,-15.948923385077629,2.4787180771156603,180,ACCEPTED_IGNITION,AKEUSDT,-15.948923385077629
1783099799999,1783098900000,2,CONTINUATION_RELOAD,QUIET_NON_TRANSITION_FALLBACK,2026-07-03T17:15:00+00:00,1783098900000,True,0.2269493005098215,15,30,16,False,240,-8.385222083852216,5.2096305520963115,240,ACCEPTED_IGNITION,AKEUSDT,-8.385222083852216
1783189799999,1783188900000,2,CONTINUATION_RELOAD,QUIET_NON_TRANSITION_FALLBACK,2026-07-04T18:15:00+00:00,1783188900000,True,0.27708282441800364,15,90,16,False,240,-1.0386238234339595,2.012333657903276,240,ACCEPTED_IGNITION,AKEUSDT,-0.6491398896462219
1783172699999,1783171800000,2,CONTINUATION_RELOAD,QUIET_NON_TRANSITION_FALLBACK,2026-07-04T13:30:00+00:00,1783171800000,True,0.33756699763210757,15,,16,False,240,-7.534039334341913,-0.3933434190620422,240,ACCEPTED_IGNITION,AKEUSDT,-7.049924357034798
1783119599999,1783118700000,2,CONTINUATION_RELOAD,QUIET_NON_TRANSITION_FALLBACK,2026-07-03T22:45:00+00:00,1783118700000,True,0.3667998325359008,15,,16,False,240,-7.183580387685284,-0.31927023945267363,240,ACCEPTED_IGNITION,AKEUSDT,-7.183580387685284
1783218599999,1783217700000,2,CONTINUATION_RELOAD,QUIET_NON_TRANSITION_FALLBACK,2026-07-05T02:15:00+00:00,1783217700000,True,0.4981799804697247,15,,16,False,240,-2.1845451581349873,-0.6847081838930569,240,ACCEPTED_IGNITION,AKEUSDT,-2.086729703293122
1783740599999,1783739700000,2,IGNITION_CANDIDATE,QUIET_NON_TRANSITION_FALLBACK,2026-07-11T03:15:00+00:00,1783739700000,True,0.5620984926801906,15,45,16,False,240,-1.5968063872255467,2.095808383233533,240,ACCEPTED_IGNITION,AKEUSDT,2.095808383233533
1783204199999,1783203300000,2,CONTINUATION_RELOAD,QUIET_NON_TRANSITION_FALLBACK,2026-07-04T22:15:00+00:00,1783203300000,True,0.689867571709491,135,15,16,False,240,-1.3394315583142746,2.384841555047368,240,ACCEPTED_IGNITION,AKEUSDT,0.19601437438743208
1783330199999,1783329300000,2,CONTINUATION_RELOAD,QUIET_NON_TRANSITION_FALLBACK,2026-07-06T09:15:00+00:00,1783329300000,True,0.7083802735279564,60,15,16,False,240,-0.5606860158311355,0.461741424802109,240,ACCEPTED_IGNITION,AKEUSDT,-0.06596306068601399
1783157399999,1783156500000,2,CONTINUATION_RELOAD,QUIET_NON_TRANSITION_FALLBACK,2026-07-04T09:15:00+00:00,1783156500000,True,0.7645246134831704,15,30,16,False,240,-0.8194034742707301,6.850213044903319,240,ACCEPTED_IGNITION,AKEUSDT,6.850213044903319
1783244699999,1783243800000,2,CONTINUATION_RELOAD,QUIET_NON_TRANSITION_FALLBACK,2026-07-05T09:30:00+00:00,1783243800000,True,0.8854211677082898,15,75,16,False,240,-0.39827414537007,0.49784268171257917,240,ACCEPTED_IGNITION,AKEUSDT,0.33189512114171205
1783768499999,1783767600000,2,IGNITION_CANDIDATE,QUIET_NON_TRANSITION_FALLBACK,2026-07-11T11:00:00+00:00,1783767600000,False,0.8893798591185712,,15,1,False,240,10.272952853598017,10.272952853598017,15,ACCEPTED_IGNITION,AKEUSDT,10.272952853598017
1783141199999,1783140300000,2,CONTINUATION_RELOAD,QUIET_NON_TRANSITION_FALLBACK,2026-07-04T04:45:00+00:00,1783140300000,True,0.8933843177552898,75,15,16,False,240,-22.784176264396592,2.4787180771156603,240,ACCEPTED_IGNITION,AKEUSDT,-21.782674011016525
1783099799999,1783098900000,2,CONTINUATION_RELOAD,QUIET_NON_TRANSITION_FALLBACK,2026-07-03T17:15:00+00:00,1783098900000,True,0.2269493005098215,15,30,48,False,720,-17.10253217102532,5.2096305520963115,720,ACCEPTED_IGNITION,AKEUSDT,-15.047737650477377
1783189799999,1783188900000,2,CONTINUATION_RELOAD,QUIET_NON_TRANSITION_FALLBACK,2026-07-04T18:15:00+00:00,1783188900000,True,0.27708282441800364,15,90,48,False,720,-2.6290165530671983,2.012333657903276,720,ACCEPTED_IGNITION,AKEUSDT,-2.5316455696202667
1783172699999,1783171800000,2,CONTINUATION_RELOAD,QUIET_NON_TRANSITION_FALLBACK,2026-07-04T13:30:00+00:00,1783171800000,True,0.33756699763210757,15,,48,False,720,-8.6232980332829,-0.3933434190620422,720,ACCEPTED_IGNITION,AKEUSDT,-7.776096822995471
1783119599999,1783118700000,2,CONTINUATION_RELOAD,QUIET_NON_TRANSITION_FALLBACK,2026-07-03T22:45:00+00:00,1783118700000,True,0.3667998325359008,15,,48,False,720,-32.06385404789054,-0.31927023945267363,720,ACCEPTED_IGNITION,AKEUSDT,-29.122006841505122
1783218599999,1783217700000,2,CONTINUATION_RELOAD,QUIET_NON_TRANSITION_FALLBACK,2026-07-05T02:15:00+00:00,1783217700000,True,0.4981799804697247,15,,48,False,720,-2.1845451581349873,-0.6847081838930569,720,ACCEPTED_IGNITION,AKEUSDT,-1.630257580697736
1783740599999,1783739700000,2,IGNITION_CANDIDATE,QUIET_NON_TRANSITION_FALLBACK,2026-07-11T03:15:00+00:00,1783739700000,False,0.5620984926801906,15,45,32,False,720,-1.5968063872255467,10.878243512974063,480,ACCEPTED_IGNITION,AKEUSDT,10.878243512974063
1783204199999,1783203300000,2,CONTINUATION_RELOAD,QUIET_NON_TRANSITION_FALLBACK,2026-07-04T22:15:00+00:00,1783203300000,True,0.689867571709491,135,15,48,False,720,-1.9928128062724704,2.384841555047368,720,ACCEPTED_IGNITION,AKEUSDT,-1.6334531198954672
1783330199999,1783329300000,2,CONTINUATION_RELOAD,QUIET_NON_TRANSITION_FALLBACK,2026-07-06T09:15:00+00:00,1783329300000,True,0.7083802735279564,60,15,48,False,720,-0.725593667546176,2.836411609498679,720,ACCEPTED_IGNITION,AKEUSDT,0.6266490765171495
1783157399999,1783156500000,2,CONTINUATION_RELOAD,QUIET_NON_TRANSITION_FALLBACK,2026-07-04T09:15:00+00:00,1783156500000,True,0.7645246134831704,15,30,48,False,720,-0.8194034742707301,8.325139298590623,720,ACCEPTED_IGNITION,AKEUSDT,0.68829891838742
1783244699999,1783243800000,2,CONTINUATION_RELOAD,QUIET_NON_TRANSITION_FALLBACK,2026-07-05T09:30:00+00:00,1783243800000,True,0.8854211677082898,15,75,48,False,720,-0.39827414537007,0.49784268171257917,720,ACCEPTED_IGNITION,AKEUSDT,0.033189512114173425
1783768499999,1783767600000,2,IGNITION_CANDIDATE,QUIET_NON_TRANSITION_FALLBACK,2026-07-11T11:00:00+00:00,1783767600000,False,0.8893798591185712,,15,1,False,720,10.272952853598017,10.272952853598017,15,ACCEPTED_IGNITION,AKEUSDT,10.272952853598017
1783141199999,1783140300000,2,CONTINUATION_RELOAD,QUIET_NON_TRANSITION_FALLBACK,2026-07-04T04:45:00+00:00,1783140300000,True,0.8933843177552898,75,15,48,False,720,-25.41311967951928,2.4787180771156603,720,ACCEPTED_IGNITION,AKEUSDT,-23.485227841762647
1783099799999,1783098900000,2,CONTINUATION_RELOAD,QUIET_NON_TRANSITION_FALLBACK,2026-07-03T17:15:00+00:00,1783098900000,True,0.2269493005098215,15,30,96,False,1440,-38.16936488169366,5.2096305520963115,1440,ACCEPTED_IGNITION,AKEUSDT,-36.19759236197593
1783189799999,1783188900000,2,CONTINUATION_RELOAD,QUIET_NON_TRANSITION_FALLBACK,2026-07-04T18:15:00+00:00,1783188900000,True,0.27708282441800364,15,90,96,False,1440,-2.6290165530671983,2.012333657903276,1440,ACCEPTED_IGNITION,AKEUSDT,-2.2395326192794607
1783172699999,1783171800000,2,CONTINUATION_RELOAD,QUIET_NON_TRANSITION_FALLBACK,2026-07-04T13:30:00+00:00,1783171800000,True,0.33756699763210757,15,,96,False,1440,-9.228441754916805,-0.3933434190620422,1440,ACCEPTED_IGNITION,AKEUSDT,-8.532526475037827
1783119599999,1783118700000,2,CONTINUATION_RELOAD,QUIET_NON_TRANSITION_FALLBACK,2026-07-03T22:45:00+00:00,1783118700000,True,0.3667998325359008,15,,96,False,1440,-32.06385404789054,-0.31927023945267363,1440,ACCEPTED_IGNITION,AKEUSDT,-30.079817559863166
1783218599999,1783217700000,2,CONTINUATION_RELOAD,QUIET_NON_TRANSITION_FALLBACK,2026-07-05T02:15:00+00:00,1783217700000,True,0.4981799804697247,15,,96,False,1440,-2.1845451581349873,-0.6847081838930569,1440,ACCEPTED_IGNITION,AKEUSDT,-1.7280730355396012
1783740599999,1783739700000,2,IGNITION_CANDIDATE,QUIET_NON_TRANSITION_FALLBACK,2026-07-11T03:15:00+00:00,1783739700000,False,0.5620984926801906,15,45,32,False,1440,-1.5968063872255467,10.878243512974063,480,ACCEPTED_IGNITION,AKEUSDT,10.878243512974063
1783204199999,1783203300000,2,CONTINUATION_RELOAD,QUIET_NON_TRANSITION_FALLBACK,2026-07-04T22:15:00+00:00,1783203300000,True,0.689867571709491,135,15,96,False,1440,-1.9928128062724704,2.384841555047368,1440,ACCEPTED_IGNITION,AKEUSDT,-1.4701078079059182
1783330199999,1783329300000,2,CONTINUATION_RELOAD,QUIET_NON_TRANSITION_FALLBACK,2026-07-06T09:15:00+00:00,1783329300000,True,0.7083802735279564,60,15,96,False,1440,-27.110817941952504,2.836411609498679,1440,ACCEPTED_IGNITION,AKEUSDT,-25.230870712401053
1783157399999,1783156500000,2,CONTINUATION_RELOAD,QUIET_NON_TRANSITION_FALLBACK,2026-07-04T09:15:00+00:00,1783156500000,True,0.7645246134831704,15,30,96,False,1440,-1.6715830875122961,8.325139298590623,1440,ACCEPTED_IGNITION,AKEUSDT,-1.3110455588331682
1783244699999,1783243800000,2,CONTINUATION_RELOAD,QUIET_NON_TRANSITION_FALLBACK,2026-07-05T09:30:00+00:00,1783243800000,True,0.8854211677082898,15,75,96,False,1440,-0.39827414537007,4.513773647527386,1440,ACCEPTED_IGNITION,AKEUSDT,0.7301692665117709
1783768499999,1783767600000,2,IGNITION_CANDIDATE,QUIET_NON_TRANSITION_FALLBACK,2026-07-11T11:00:00+00:00,1783767600000,False,0.8893798591185712,,15,1,False,1440,10.272952853598017,10.272952853598017,15,ACCEPTED_IGNITION,AKEUSDT,10.272952853598017
1783141199999,1783140300000,2,CONTINUATION_RELOAD,QUIET_NON_TRANSITION_FALLBACK,2026-07-04T04:45:00+00:00,1783140300000,True,0.8933843177552898,75,15,96,False,1440,-25.41311967951928,2.4787180771156603,1440,ACCEPTED_IGNITION,AKEUSDT,-23.81071607411116
1783163699999,1783162800000,2,CONTINUATION_RELOAD,QUIET_NON_TRANSITION_FALLBACK,2026-07-04T11:00:00+00:00,1783162800000,True,0.449995021301028,15,,3,False,45,-1.202079272254708,-0.1299545159194282,45,EXPANSION,AKEUSDT,-0.1299545159194282
1783185299999,1783184400000,2,CONTINUATION_RELOAD,QUIET_NON_TRANSITION_FALLBACK,2026-07-04T17:00:00+00:00,1783184400000,True,0.6053676522424123,15,,3,False,45,-0.6818181818181834,-0.1948051948052032,45,EXPANSION,AKEUSDT,-0.6818181818181834
1783099799999,1783098900000,2,CONTINUATION_RELOAD,QUIET_NON_TRANSITION_FALLBACK,2026-07-03T17:15:00+00:00,1783098900000,True,0.6327022166045346,15,30,3,False,45,-0.6019095060190938,2.34537152345371,45,EXPANSION,AKEUSDT,2.34537152345371
1783117799999,1783116900000,2,CONTINUATION_RELOAD,QUIET_NON_TRANSITION_FALLBACK,2026-07-03T22:15:00+00:00,1783116900000,True,0.7287417160525616,15,30,3,False,45,-0.022977941176471894,0.7582720588235281,45,EXPANSION,AKEUSDT,0.4365808823529438
1783199699999,1783198800000,2,CONTINUATION_RELOAD,QUIET_NON_TRANSITION_FALLBACK,2026-07-04T21:00:00+00:00,1783198800000,True,0.8605424857763374,15,45,3,False,45,-0.3567953292247905,0.3243593902043429,45,EXPANSION,AKEUSDT,0.3243593902043429
1783216799999,1783215900000,2,CONTINUATION_RELOAD,QUIET_NON_TRANSITION_FALLBACK,2026-07-05T01:45:00+00:00,1783215900000,True,0.9481499222128055,15,30,3,False,45,-0.9517558254020231,0.6563833278634634,45,EXPANSION,AKEUSDT,-0.9517558254020231
1783740599999,1783739700000,2,IGNITION_CANDIDATE,QUIET_NON_TRANSITION_FALLBACK,2026-07-11T03:15:00+00:00,1783739700000,True,0.9909793447081777,15,45,3,False,45,-0.39920159680638667,0.29940119760478723,45,EXPANSION,AKEUSDT,0.29940119760478723
1783330199999,1783329300000,2,CONTINUATION_RELOAD,QUIET_NON_TRANSITION_FALLBACK,2026-07-06T09:15:00+00:00,1783329300000,True,1.117286879784569,,15,3,False,45,0.032981530343012544,0.461741424802109,45,EXPANSION,AKEUSDT,0.461741424802109
1783244699999,1783243800000,2,CONTINUATION_RELOAD,QUIET_NON_TRANSITION_FALLBACK,2026-07-05T09:30:00+00:00,1783243800000,True,1.2076967646675207,15,,3,False,45,-0.39827414537007,-0.06637902422834685,45,EXPANSION,AKEUSDT,-0.06637902422834685
1783768499999,1783767600000,2,IGNITION_CANDIDATE,QUIET_NON_TRANSITION_FALLBACK,2026-07-11T11:00:00+00:00,1783767600000,False,1.244989875645672,,15,1,False,45,10.272952853598017,10.272952853598017,15,EXPANSION,AKEUSDT,10.272952853598017
1783146599999,1783145700000,2,CONTINUATION_RELOAD,QUIET_NON_TRANSITION_FALLBACK,2026-07-04T06:15:00+00:00,1783145700000,True,1.2847723819154693,30,15,3,False,45,-0.7239141288067796,0.5491762356465202,45,EXPANSION,AKEUSDT,-0.7239141288067796
1783132199999,1783131300000,2,CONTINUATION_RELOAD,QUIET_NON_TRANSITION_FALLBACK,2026-07-04T02:15:00+00:00,1783131300000,True,1.345727599792624,15,,3,False,45,-2.3110255175734284,-1.035146846413093,45,EXPANSION,AKEUSDT,-2.3110255175734284
1783163699999,1783162800000,2,CONTINUATION_RELOAD,QUIET_NON_TRANSITION_FALLBACK,2026-07-04T11:00:00+00:00,1783162800000,True,0.449995021301028,15,,4,False,60,-1.202079272254708,-0.1299545159194282,60,EXPANSION,AKEUSDT,-1.072124756335291
1783185299999,1783184400000,2,CONTINUATION_RELOAD,QUIET_NON_TRANSITION_FALLBACK,2026-07-04T17:00:00+00:00,1783184400000,True,0.6053676522424123,15,,4,False,60,-0.6818181818181834,-0.1948051948052032,60,EXPANSION,AKEUSDT,-0.357142857142867
1783099799999,1783098900000,2,CONTINUATION_RELOAD,QUIET_NON_TRANSITION_FALLBACK,2026-07-03T17:15:00+00:00,1783098900000,True,0.6327022166045346,15,30,4,False,60,-0.6019095060190938,2.9887920298879322,60,EXPANSION,AKEUSDT,2.9887920298879322
1783117799999,1783116900000,2,CONTINUATION_RELOAD,QUIET_NON_TRANSITION_FALLBACK,2026-07-03T22:15:00+00:00,1783116900000,True,0.7287417160525616,15,30,4,False,60,-0.022977941176471894,0.7582720588235281,60,EXPANSION,AKEUSDT,0.22977941176469674
1783199699999,1783198800000,2,CONTINUATION_RELOAD,QUIET_NON_TRANSITION_FALLBACK,2026-07-04T21:00:00+00:00,1783198800000,True,0.8605424857763374,15,45,4,False,60,-0.8433344145313049,0.3243593902043429,60,EXPANSION,AKEUSDT,-0.8433344145313049
1783216799999,1783215900000,2,CONTINUATION_RELOAD,QUIET_NON_TRANSITION_FALLBACK,2026-07-05T01:45:00+00:00,1783215900000,True,0.9481499222128055,15,30,4,False,60,-0.9517558254020231,0.6563833278634634,60,EXPANSION,AKEUSDT,-0.7876599934361628
1783740599999,1783739700000,2,IGNITION_CANDIDATE,QUIET_NON_TRANSITION_FALLBACK,2026-07-11T03:15:00+00:00,1783739700000,True,0.9909793447081777,15,45,4,False,60,-0.5489021956087803,0.29940119760478723,60,EXPANSION,AKEUSDT,-0.5489021956087803
1783330199999,1783329300000,2,CONTINUATION_RELOAD,QUIET_NON_TRANSITION_FALLBACK,2026-07-06T09:15:00+00:00,1783329300000,True,1.117286879784569,60,15,4,False,60,-0.16490765171504052,0.461741424802109,60,EXPANSION,AKEUSDT,-0.16490765171504052
1783244699999,1783243800000,2,CONTINUATION_RELOAD,QUIET_NON_TRANSITION_FALLBACK,2026-07-05T09:30:00+00:00,1783243800000,True,1.2076967646675207,15,,4,False,60,-0.39827414537007,-0.06637902422834685,60,EXPANSION,AKEUSDT,-0.09956853634252028
1783768499999,1783767600000,2,IGNITION_CANDIDATE,QUIET_NON_TRANSITION_FALLBACK,2026-07-11T11:00:00+00:00,1783767600000,False,1.244989875645672,,15,1,False,60,10.272952853598017,10.272952853598017,15,EXPANSION,AKEUSDT,10.272952853598017
1783146599999,1783145700000,2,CONTINUATION_RELOAD,QUIET_NON_TRANSITION_FALLBACK,2026-07-04T06:15:00+00:00,1783145700000,True,1.2847723819154693,30,15,4,False,60,-5.741387918122809,0.5491762356465202,60,EXPANSION,AKEUSDT,-5.741387918122809
1783132199999,1783131300000,2,CONTINUATION_RELOAD,QUIET_NON_TRANSITION_FALLBACK,2026-07-04T02:15:00+00:00,1783131300000,True,1.345727599792624,15,,4,False,60,-3.033220991815122,-1.035146846413093,60,EXPANSION,AKEUSDT,-3.033220991815122
1783163699999,1783162800000,2,CONTINUATION_RELOAD,QUIET_NON_TRANSITION_FALLBACK,2026-07-04T11:00:00+00:00,1783162800000,True,0.449995021301028,15,75,12,False,180,-1.202079272254708,7.374918778427553,180,EXPANSION,AKEUSDT,6.6926575698505575
1783185299999,1783184400000,2,CONTINUATION_RELOAD,QUIET_NON_TRANSITION_FALLBACK,2026-07-04T17:00:00+00:00,1783184400000,True,0.6053676522424123,15,75,12,False,180,-1.006493506493511,0.09740259740260715,180,EXPANSION,AKEUSDT,-0.25974025974027093
1783099799999,1783098900000,2,CONTINUATION_RELOAD,QUIET_NON_TRANSITION_FALLBACK,2026-07-03T17:15:00+00:00,1783098900000,True,0.6327022166045346,15,30,12,False,180,-0.6019095060190938,5.2096305520963115,180,EXPANSION,AKEUSDT,3.7152345371523454
1783117799999,1783116900000,2,CONTINUATION_RELOAD,QUIET_NON_TRANSITION_FALLBACK,2026-07-03T22:15:00+00:00,1783116900000,True,0.7287417160525616,15,30,12,False,180,-2.4126838235294046,0.7582720588235281,180,EXPANSION,AKEUSDT,-1.930147058823528
1783199699999,1783198800000,2,CONTINUATION_RELOAD,QUIET_NON_TRANSITION_FALLBACK,2026-07-04T21:00:00+00:00,1783198800000,True,0.8605424857763374,15,45,12,False,180,-0.8433344145313049,1.6542328900421621,180,EXPANSION,AKEUSDT,0.8757703535517303
1783216799999,1783215900000,2,CONTINUATION_RELOAD,QUIET_NON_TRANSITION_FALLBACK,2026-07-05T01:45:00+00:00,1783215900000,True,0.9481499222128055,15,30,12,False,180,-1.2143091565474218,0.6563833278634634,180,EXPANSION,AKEUSDT,-0.13127666557267714
1783740599999,1783739700000,2,IGNITION_CANDIDATE,QUIET_NON_TRANSITION_FALLBACK,2026-07-11T03:15:00+00:00,1783739700000,True,0.9909793447081777,15,45,12,False,180,-1.5968063872255467,0.7984031936127733,180,EXPANSION,AKEUSDT,0.5489021956087914
1783330199999,1783329300000,2,CONTINUATION_RELOAD,QUIET_NON_TRANSITION_FALLBACK,2026-07-06T09:15:00+00:00,1783329300000,True,1.117286879784569,60,15,12,False,180,-0.32981530343009213,0.461741424802109,180,EXPANSION,AKEUSDT,0.16490765171504052
1783244699999,1783243800000,2,CONTINUATION_RELOAD,QUIET_NON_TRANSITION_FALLBACK,2026-07-05T09:30:00+00:00,1783243800000,True,1.2076967646675207,15,75,12,False,180,-0.39827414537007,0.09956853634252028,180,EXPANSION,AKEUSDT,-0.1327580484566937
1783768499999,1783767600000,2,IGNITION_CANDIDATE,QUIET_NON_TRANSITION_FALLBACK,2026-07-11T11:00:00+00:00,1783767600000,False,1.244989875645672,,15,1,False,180,10.272952853598017,10.272952853598017,15,EXPANSION,AKEUSDT,10.272952853598017
1783146599999,1783145700000,2,CONTINUATION_RELOAD,QUIET_NON_TRANSITION_FALLBACK,2026-07-04T06:15:00+00:00,1783145700000,True,1.2847723819154693,30,15,12,False,180,-25.636545182226666,0.5491762356465202,180,EXPANSION,AKEUSDT,-23.839241138292554
1783132199999,1783131300000,2,CONTINUATION_RELOAD,QUIET_NON_TRANSITION_FALLBACK,2026-07-04T02:15:00+00:00,1783131300000,True,1.345727599792624,15,,12,False,180,-3.8517091959557104,-1.035146846413093,180,EXPANSION,AKEUSDT,-1.4684641309581248
1783163699999,1783162800000,2,CONTINUATION_RELOAD,QUIET_NON_TRANSITION_FALLBACK,2026-07-04T11:00:00+00:00,1783162800000,True,0.449995021301028,15,75,16,False,240,-1.202079272254708,7.374918778427553,240,EXPANSION,AKEUSDT,5.36062378167641
1783185299999,1783184400000,2,CONTINUATION_RELOAD,QUIET_NON_TRANSITION_FALLBACK,2026-07-04T17:00:00+00:00,1783184400000,True,0.6053676522424123,15,75,16,False,240,-1.006493506493511,2.0454545454545503,240,EXPANSION,AKEUSDT,0.09740259740260715
1783099799999,1783098900000,2,CONTINUATION_RELOAD,QUIET_NON_TRANSITION_FALLBACK,2026-07-03T17:15:00+00:00,1783098900000,True,0.6327022166045346,15,30,16,False,240,-8.385222083852216,5.2096305520963115,240,EXPANSION,AKEUSDT,-8.385222083852216
1783117799999,1783116900000,2,CONTINUATION_RELOAD,QUIET_NON_TRANSITION_FALLBACK,2026-07-03T22:15:00+00:00,1783116900000,True,0.7287417160525616,15,30,16,False,240,-4.549632352941179,0.7582720588235281,240,EXPANSION,AKEUSDT,-4.549632352941179
1783199699999,1783198800000,2,CONTINUATION_RELOAD,QUIET_NON_TRANSITION_FALLBACK,2026-07-04T21:00:00+00:00,1783198800000,True,0.8605424857763374,15,45,16,False,240,-2.043464158287378,1.6542328900421621,240,EXPANSION,AKEUSDT,-2.043464158287378
1783216799999,1783215900000,2,CONTINUATION_RELOAD,QUIET_NON_TRANSITION_FALLBACK,2026-07-05T01:45:00+00:00,1783215900000,True,0.9481499222128055,15,30,16,False,240,-1.5425008204791646,0.6563833278634634,240,EXPANSION,AKEUSDT,-1.5425008204791646
1783740599999,1783739700000,2,IGNITION_CANDIDATE,QUIET_NON_TRANSITION_FALLBACK,2026-07-11T03:15:00+00:00,1783739700000,True,0.9909793447081777,15,45,16,False,240,-1.5968063872255467,2.095808383233533,240,EXPANSION,AKEUSDT,2.095808383233533
1783330199999,1783329300000,2,CONTINUATION_RELOAD,QUIET_NON_TRANSITION_FALLBACK,2026-07-06T09:15:00+00:00,1783329300000,True,1.117286879784569,60,15,16,False,240,-0.5606860158311355,0.461741424802109,240,EXPANSION,AKEUSDT,-0.06596306068601399
1783244699999,1783243800000,2,CONTINUATION_RELOAD,QUIET_NON_TRANSITION_FALLBACK,2026-07-05T09:30:00+00:00,1783243800000,True,1.2076967646675207,15,75,16,False,240,-0.39827414537007,0.49784268171257917,240,EXPANSION,AKEUSDT,0.33189512114171205
1783768499999,1783767600000,2,IGNITION_CANDIDATE,QUIET_NON_TRANSITION_FALLBACK,2026-07-11T11:00:00+00:00,1783767600000,False,1.244989875645672,,15,1,False,240,10.272952853598017,10.272952853598017,15,EXPANSION,AKEUSDT,10.272952853598017
1783146599999,1783145700000,2,CONTINUATION_RELOAD,QUIET_NON_TRANSITION_FALLBACK,2026-07-04T06:15:00+00:00,1783145700000,True,1.2847723819154693,30,15,16,False,240,-25.636545182226666,0.5491762356465202,240,EXPANSION,AKEUSDT,-23.96405391912132
1783132199999,1783131300000,2,CONTINUATION_RELOAD,QUIET_NON_TRANSITION_FALLBACK,2026-07-04T02:15:00+00:00,1783131300000,True,1.345727599792624,15,,16,False,240,-4.236880115551278,-1.035146846413093,240,EXPANSION,AKEUSDT,-3.5628310062590374
1783163699999,1783162800000,2,CONTINUATION_RELOAD,QUIET_NON_TRANSITION_FALLBACK,2026-07-04T11:00:00+00:00,1783162800000,True,0.449995021301028,15,75,48,False,720,-1.202079272254708,7.374918778427553,720,EXPANSION,AKEUSDT,0.06497725795970855
1783185299999,1783184400000,2,CONTINUATION_RELOAD,QUIET_NON_TRANSITION_FALLBACK,2026-07-04T17:00:00+00:00,1783184400000,True,0.6053676522424123,15,75,48,False,720,-2.2727272727272707,2.0454545454545503,720,EXPANSION,AKEUSDT,-1.3636363636363669
1783099799999,1783098900000,2,CONTINUATION_RELOAD,QUIET_NON_TRANSITION_FALLBACK,2026-07-03T17:15:00+00:00,1783098900000,True,0.6327022166045346,15,30,48,False,720,-17.10253217102532,5.2096305520963115,720,EXPANSION,AKEUSDT,-15.047737650477377
1783117799999,1783116900000,2,CONTINUATION_RELOAD,QUIET_NON_TRANSITION_FALLBACK,2026-07-03T22:15:00+00:00,1783116900000,True,0.7287417160525616,15,30,48,False,720,-31.548713235294123,0.7582720588235281,720,EXPANSION,AKEUSDT,-30.009191176470594
1783199699999,1783198800000,2,CONTINUATION_RELOAD,QUIET_NON_TRANSITION_FALLBACK,2026-07-04T21:00:00+00:00,1783198800000,True,0.8605424857763374,15,45,48,False,720,-2.692182938696086,1.6542328900421621,720,EXPANSION,AKEUSDT,-2.108336036328251
1783216799999,1783215900000,2,CONTINUATION_RELOAD,QUIET_NON_TRANSITION_FALLBACK,2026-07-05T01:45:00+00:00,1783215900000,True,0.9481499222128055,15,30,48,False,720,-1.5425008204791646,0.6563833278634634,720,EXPANSION,AKEUSDT,-0.6563833278634745
1783740599999,1783739700000,2,IGNITION_CANDIDATE,QUIET_NON_TRANSITION_FALLBACK,2026-07-11T03:15:00+00:00,1783739700000,False,0.9909793447081777,15,45,32,False,720,-1.5968063872255467,10.878243512974063,480,EXPANSION,AKEUSDT,10.878243512974063
1783330199999,1783329300000,2,CONTINUATION_RELOAD,QUIET_NON_TRANSITION_FALLBACK,2026-07-06T09:15:00+00:00,1783329300000,True,1.117286879784569,60,15,48,False,720,-0.725593667546176,2.836411609498679,720,EXPANSION,AKEUSDT,0.6266490765171495
1783244699999,1783243800000,2,CONTINUATION_RELOAD,QUIET_NON_TRANSITION_FALLBACK,2026-07-05T09:30:00+00:00,1783243800000,True,1.2076967646675207,15,75,48,False,720,-0.39827414537007,0.49784268171257917,720,EXPANSION,AKEUSDT,0.033189512114173425
1783768499999,1783767600000,2,IGNITION_CANDIDATE,QUIET_NON_TRANSITION_FALLBACK,2026-07-11T11:00:00+00:00,1783767600000,False,1.244989875645672,,15,1,False,720,10.272952853598017,10.272952853598017,15,EXPANSION,AKEUSDT,10.272952853598017
1783146599999,1783145700000,2,CONTINUATION_RELOAD,QUIET_NON_TRANSITION_FALLBACK,2026-07-04T06:15:00+00:00,1783145700000,True,1.2847723819154693,30,15,48,False,720,-25.636545182226666,0.5491762356465202,720,EXPANSION,AKEUSDT,-23.09036445332001
1783132199999,1783131300000,2,CONTINUATION_RELOAD,QUIET_NON_TRANSITION_FALLBACK,2026-07-04T02:15:00+00:00,1783131300000,True,1.345727599792624,15,,48,False,720,-28.28598940779972,-1.035146846413093,720,EXPANSION,AKEUSDT,-21.810303322099188
1783163699999,1783162800000,2,CONTINUATION_RELOAD,QUIET_NON_TRANSITION_FALLBACK,2026-07-04T11:00:00+00:00,1783162800000,True,0.449995021301028,15,75,96,False,1440,-2.5341130604288553,7.374918778427553,1440,EXPANSION,AKEUSDT,-2.079272254710851
1783185299999,1783184400000,2,CONTINUATION_RELOAD,QUIET_NON_TRANSITION_FALLBACK,2026-07-04T17:00:00+00:00,1783184400000,True,0.6053676522424123,15,75,96,False,1440,-2.5974025974026094,2.0454545454545503,1440,EXPANSION,AKEUSDT,-2.3376623376623384
1783099799999,1783098900000,2,CONTINUATION_RELOAD,QUIET_NON_TRANSITION_FALLBACK,2026-07-03T17:15:00+00:00,1783098900000,True,0.6327022166045346,15,30,96,False,1440,-38.16936488169366,5.2096305520963115,1440,EXPANSION,AKEUSDT,-36.19759236197593
1783117799999,1783116900000,2,CONTINUATION_RELOAD,QUIET_NON_TRANSITION_FALLBACK,2026-07-03T22:15:00+00:00,1783116900000,True,0.7287417160525616,15,30,96,False,1440,-31.548713235294123,0.7582720588235281,1440,EXPANSION,AKEUSDT,-29.66452205882353
1783199699999,1783198800000,2,CONTINUATION_RELOAD,QUIET_NON_TRANSITION_FALLBACK,2026-07-04T21:00:00+00:00,1783198800000,True,0.8605424857763374,15,45,96,False,1440,-2.692182938696086,1.6542328900421621,1440,EXPANSION,AKEUSDT,-1.7839766461239082
1783216799999,1783215900000,2,CONTINUATION_RELOAD,QUIET_NON_TRANSITION_FALLBACK,2026-07-05T01:45:00+00:00,1783215900000,True,0.9481499222128055,15,30,96,False,1440,-1.5425008204791646,0.6563833278634634,1440,EXPANSION,AKEUSDT,-1.0502133245815504
1783740599999,1783739700000,2,IGNITION_CANDIDATE,QUIET_NON_TRANSITION_FALLBACK,2026-07-11T03:15:00+00:00,1783739700000,False,0.9909793447081777,15,45,32,False,1440,-1.5968063872255467,10.878243512974063,480,EXPANSION,AKEUSDT,10.878243512974063
1783330199999,1783329300000,2,CONTINUATION_RELOAD,QUIET_NON_TRANSITION_FALLBACK,2026-07-06T09:15:00+00:00,1783329300000,True,1.117286879784569,60,15,96,False,1440,-27.110817941952504,2.836411609498679,1440,EXPANSION,AKEUSDT,-25.230870712401053
1783244699999,1783243800000,2,CONTINUATION_RELOAD,QUIET_NON_TRANSITION_FALLBACK,2026-07-05T09:30:00+00:00,1783243800000,True,1.2076967646675207,15,75,96,False,1440,-0.39827414537007,4.513773647527386,1440,EXPANSION,AKEUSDT,0.7301692665117709
1783768499999,1783767600000,2,IGNITION_CANDIDATE,QUIET_NON_TRANSITION_FALLBACK,2026-07-11T11:00:00+00:00,1783767600000,False,1.244989875645672,,15,1,False,1440,10.272952853598017,10.272952853598017,15,EXPANSION,AKEUSDT,10.272952853598017
1783146599999,1783145700000,2,CONTINUATION_RELOAD,QUIET_NON_TRANSITION_FALLBACK,2026-07-04T06:15:00+00:00,1783145700000,True,1.2847723819154693,30,15,96,False,1440,-25.636545182226666,0.5491762356465202,1440,EXPANSION,AKEUSDT,-25.03744383424863
1783132199999,1783131300000,2,CONTINUATION_RELOAD,QUIET_NON_TRANSITION_FALLBACK,2026-07-04T02:15:00+00:00,1783131300000,True,1.345727599792624,15,,96,False,1440,-28.28598940779972,-1.035146846413093,1440,EXPANSION,AKEUSDT,-26.16754935002408
1783169999999,1783169100000,3,CONTINUATION_RELOAD,QUIET_NON_TRANSITION_FALLBACK,2026-07-04T12:45:00+00:00,1783169100000,True,0.215389959362975,,15,3,False,45,0.19212295869357465,5.827729747038113,45,EARLY_BUILD,AKEUSDT,5.827729747038113
1783121399999,1783120500000,3,CONTINUATION_RELOAD,QUIET_NON_TRANSITION_FALLBACK,2026-07-03T23:15:00+00:00,1783120500000,True,0.22542474298619627,15,,3,False,45,-1.031636863823937,-0.4814305364511662,45,EARLY_BUILD,AKEUSDT,-0.4814305364511662
1783187099999,1783186200000,3,CONTINUATION_RELOAD,QUIET_NON_TRANSITION_FALLBACK,2026-07-04T17:30:00+00:00,1783186200000,True,0.24623457034167537,15,45,3,False,45,-0.42317708333332593,0.29296875,45,EARLY_BUILD,AKEUSDT,0.29296875
1783098899999,1783098000000,3,CONTINUATION_RELOAD,QUIET_NON_TRANSITION_FALLBACK,2026-07-03T17:00:00+00:00,1783098000000,True,0.38657756772388446,15,45,3,False,45,-0.8283288465520844,0.3934562021122412,45,EARLY_BUILD,AKEUSDT,0.3934562021122412
1783216799999,1783215900000,3,CONTINUATION_RELOAD,QUIET_NON_TRANSITION_FALLBACK,2026-07-05T01:45:00+00:00,1783215900000,True,0.6142189337977129,15,30,3,False,45,-0.9517558254020231,0.6563833278634634,45,EARLY_BUILD,AKEUSDT,-0.9517558254020231
1783201499999,1783200600000,3,CONTINUATION_RELOAD,QUIET_NON_TRANSITION_FALLBACK,2026-07-04T21:30:00+00:00,1783200600000,True,0.6292221556370484,30,15,3,False,45,-0.6499837504062356,0.519987000324984,45,EARLY_BUILD,AKEUSDT,-0.519987000324984
1783740599999,1783739700000,3,IGNITION_CANDIDATE,QUIET_NON_TRANSITION_FALLBACK,2026-07-11T03:15:00+00:00,1783739700000,True,0.6479198124851379,15,45,3,False,45,-0.39920159680638667,0.29940119760478723,45,EARLY_BUILD,AKEUSDT,0.29940119760478723
1783330199999,1783329300000,3,CONTINUATION_RELOAD,QUIET_NON_TRANSITION_FALLBACK,2026-07-06T09:15:00+00:00,1783329300000,True,0.7775850885872512,,15,3,False,45,0.032981530343012544,0.461741424802109,45,EARLY_BUILD,AKEUSDT,0.461741424802109
1783145699999,1783144800000,3,CONTINUATION_RELOAD,QUIET_NON_TRANSITION_FALLBACK,2026-07-04T06:00:00+00:00,1783144800000,True,0.8500264835179676,,15,3,False,45,0.02513826043237799,1.2569130216188995,45,EARLY_BUILD,AKEUSDT,0.02513826043237799
1783243799999,1783242900000,3,CONTINUATION_RELOAD,QUIET_NON_TRANSITION_FALLBACK,2026-07-05T09:15:00+00:00,1783242900000,True,0.8562407103306011,30,15,3,False,45,-0.33211557622053745,0.06642311524409639,45,EARLY_BUILD,AKEUSDT,-0.33211557622053745
1783768499999,1783767600000,3,IGNITION_CANDIDATE,QUIET_NON_TRANSITION_FALLBACK,2026-07-11T11:00:00+00:00,1783767600000,False,0.8708974152553117,,15,1,False,45,10.272952853598017,10.272952853598017,15,EARLY_BUILD,AKEUSDT,10.272952853598017
1784016899999,1784016000000,3,ACCEPTED_IGNITION,QUIET_NON_TRANSITION_FALLBACK,2026-07-14T08:00:00+00:00,1784016000000,True,1.0988070898970377,45,15,3,False,45,-0.1550387596899072,0.31007751937985883,45,EARLY_BUILD,AKEUSDT,-0.1550387596899072
1783169999999,1783169100000,3,CONTINUATION_RELOAD,QUIET_NON_TRANSITION_FALLBACK,2026-07-04T12:45:00+00:00,1783169100000,True,0.215389959362975,,15,4,False,60,0.19212295869357465,5.827729747038113,60,EARLY_BUILD,AKEUSDT,3.5862952289465344
1783121399999,1783120500000,3,CONTINUATION_RELOAD,QUIET_NON_TRANSITION_FALLBACK,2026-07-03T23:15:00+00:00,1783120500000,True,0.22542474298619627,15,,4,False,60,-1.031636863823937,-0.4814305364511662,60,EARLY_BUILD,AKEUSDT,-0.6877579092159469
1783187099999,1783186200000,3,CONTINUATION_RELOAD,QUIET_NON_TRANSITION_FALLBACK,2026-07-04T17:30:00+00:00,1783186200000,True,0.24623457034167537,15,45,4,False,60,-0.42317708333332593,0.29296875,60,EARLY_BUILD,AKEUSDT,-0.13020833333333703
1783098899999,1783098000000,3,CONTINUATION_RELOAD,QUIET_NON_TRANSITION_FALLBACK,2026-07-03T17:00:00+00:00,1783098000000,True,0.38657756772388446,15,45,4,False,60,-0.8283288465520844,2.112238558707813,60,EARLY_BUILD,AKEUSDT,2.112238558707813
1783216799999,1783215900000,3,CONTINUATION_RELOAD,QUIET_NON_TRANSITION_FALLBACK,2026-07-05T01:45:00+00:00,1783215900000,True,0.6142189337977129,15,30,4,False,60,-0.9517558254020231,0.6563833278634634,60,EARLY_BUILD,AKEUSDT,-0.7876599934361628
1783201499999,1783200600000,3,CONTINUATION_RELOAD,QUIET_NON_TRANSITION_FALLBACK,2026-07-04T21:30:00+00:00,1783200600000,True,0.6292221556370484,30,15,4,False,60,-0.6499837504062356,0.519987000324984,60,EARLY_BUILD,AKEUSDT,0.4224894377640398
1783740599999,1783739700000,3,IGNITION_CANDIDATE,QUIET_NON_TRANSITION_FALLBACK,2026-07-11T03:15:00+00:00,1783739700000,True,0.6479198124851379,15,45,4,False,60,-0.5489021956087803,0.29940119760478723,60,EARLY_BUILD,AKEUSDT,-0.5489021956087803
1783330199999,1783329300000,3,CONTINUATION_RELOAD,QUIET_NON_TRANSITION_FALLBACK,2026-07-06T09:15:00+00:00,1783329300000,True,0.7775850885872512,60,15,4,False,60,-0.16490765171504052,0.461741424802109,60,EARLY_BUILD,AKEUSDT,-0.16490765171504052
1783145699999,1783144800000,3,CONTINUATION_RELOAD,QUIET_NON_TRANSITION_FALLBACK,2026-07-04T06:00:00+00:00,1783144800000,True,0.8500264835179676,60,15,4,False,60,-0.02513826043237799,1.2569130216188995,60,EARLY_BUILD,AKEUSDT,-0.02513826043237799
1783243799999,1783242900000,3,CONTINUATION_RELOAD,QUIET_NON_TRANSITION_FALLBACK,2026-07-05T09:15:00+00:00,1783242900000,True,0.8562407103306011,30,15,4,False,60,-0.33211557622053745,0.06642311524409639,60,EARLY_BUILD,AKEUSDT,0.0
1783768499999,1783767600000,3,IGNITION_CANDIDATE,QUIET_NON_TRANSITION_FALLBACK,2026-07-11T11:00:00+00:00,1783767600000,False,0.8708974152553117,,15,1,False,60,10.272952853598017,10.272952853598017,15,EARLY_BUILD,AKEUSDT,10.272952853598017
1784016899999,1784016000000,3,ACCEPTED_IGNITION,QUIET_NON_TRANSITION_FALLBACK,2026-07-14T08:00:00+00:00,1784016000000,True,1.0988070898970377,45,15,4,False,60,-0.20671834625322072,0.31007751937985883,60,EARLY_BUILD,AKEUSDT,-0.20671834625322072
1783169999999,1783169100000,3,CONTINUATION_RELOAD,QUIET_NON_TRANSITION_FALLBACK,2026-07-04T12:45:00+00:00,1783169100000,True,0.215389959362975,,15,12,False,180,0.19212295869357465,5.827729747038113,180,EARLY_BUILD,AKEUSDT,3.138008325328223
1783121399999,1783120500000,3,CONTINUATION_RELOAD,QUIET_NON_TRANSITION_FALLBACK,2026-07-03T23:15:00+00:00,1783120500000,True,0.22542474298619627,15,,12,False,180,-4.7684548372306175,-0.4814305364511662,180,EARLY_BUILD,AKEUSDT,-4.7684548372306175
1783187099999,1783186200000,3,CONTINUATION_RELOAD,QUIET_NON_TRANSITION_FALLBACK,2026-07-04T17:30:00+00:00,1783186200000,True,0.24623457034167537,15,45,12,False,180,-0.748697916666663,2.311197916666674,180,EARLY_BUILD,AKEUSDT,0.9765625
1783098899999,1783098000000,3,CONTINUATION_RELOAD,QUIET_NON_TRANSITION_FALLBACK,2026-07-03T17:00:00+00:00,1783098000000,True,0.38657756772388446,15,45,12,False,180,-0.8283288465520844,4.969973079312506,180,EARLY_BUILD,AKEUSDT,4.120936011596599
1783216799999,1783215900000,3,CONTINUATION_RELOAD,QUIET_NON_TRANSITION_FALLBACK,2026-07-05T01:45:00+00:00,1783215900000,True,0.6142189337977129,15,30,12,False,180,-1.2143091565474218,0.6563833278634634,180,EARLY_BUILD,AKEUSDT,-0.13127666557267714
1783201499999,1783200600000,3,CONTINUATION_RELOAD,QUIET_NON_TRANSITION_FALLBACK,2026-07-04T21:30:00+00:00,1783200600000,True,0.6292221556370484,30,15,12,False,180,-1.3974650633734154,1.8524536886577847,180,EARLY_BUILD,AKEUSDT,-1.3974650633734154
1783740599999,1783739700000,3,IGNITION_CANDIDATE,QUIET_NON_TRANSITION_FALLBACK,2026-07-11T03:15:00+00:00,1783739700000,True,0.6479198124851379,15,45,12,False,180,-1.5968063872255467,0.7984031936127733,180,EARLY_BUILD,AKEUSDT,0.5489021956087914
1783330199999,1783329300000,3,CONTINUATION_RELOAD,QUIET_NON_TRANSITION_FALLBACK,2026-07-06T09:15:00+00:00,1783329300000,True,0.7775850885872512,60,15,12,False,180,-0.32981530343009213,0.461741424802109,180,EARLY_BUILD,AKEUSDT,0.16490765171504052
1783145699999,1783144800000,3,CONTINUATION_RELOAD,QUIET_NON_TRANSITION_FALLBACK,2026-07-04T06:00:00+00:00,1783144800000,True,0.8500264835179676,60,15,12,False,180,-25.11312217194571,1.2569130216188995,180,EARLY_BUILD,AKEUSDT,-25.11312217194571
1783243799999,1783242900000,3,CONTINUATION_RELOAD,QUIET_NON_TRANSITION_FALLBACK,2026-07-05T09:15:00+00:00,1783242900000,True,0.8562407103306011,30,15,12,False,180,-0.33211557622053745,0.16605778811027427,180,EARLY_BUILD,AKEUSDT,-0.13284623048821498
1783768499999,1783767600000,3,IGNITION_CANDIDATE,QUIET_NON_TRANSITION_FALLBACK,2026-07-11T11:00:00+00:00,1783767600000,False,0.8708974152553117,,15,1,False,180,10.272952853598017,10.272952853598017,15,EARLY_BUILD,AKEUSDT,10.272952853598017
1784016899999,1784016000000,3,ACCEPTED_IGNITION,QUIET_NON_TRANSITION_FALLBACK,2026-07-14T08:00:00+00:00,1784016000000,True,1.0988070898970377,45,15,12,False,180,-0.46511627906976605,0.5167958656330907,180,EARLY_BUILD,AKEUSDT,-0.20671834625322072
1783169999999,1783169100000,3,CONTINUATION_RELOAD,QUIET_NON_TRANSITION_FALLBACK,2026-07-04T12:45:00+00:00,1783169100000,True,0.215389959362975,225,15,16,False,240,-2.1453730387448022,5.827729747038113,240,EARLY_BUILD,AKEUSDT,-2.1453730387448022
1783121399999,1783120500000,3,CONTINUATION_RELOAD,QUIET_NON_TRANSITION_FALLBACK,2026-07-03T23:15:00+00:00,1783120500000,True,0.22542474298619627,15,,16,False,240,-7.657038055937648,-0.4814305364511662,240,EARLY_BUILD,AKEUSDT,-7.657038055937648
1783187099999,1783186200000,3,CONTINUATION_RELOAD,QUIET_NON_TRANSITION_FALLBACK,2026-07-04T17:30:00+00:00,1783186200000,True,0.24623457034167537,15,45,16,False,240,-0.748697916666663,2.311197916666674,240,EARLY_BUILD,AKEUSDT,0.16276041666667407
1783098899999,1783098000000,3,CONTINUATION_RELOAD,QUIET_NON_TRANSITION_FALLBACK,2026-07-03T17:00:00+00:00,1783098000000,True,0.38657756772388446,15,45,16,False,240,-3.4582729343549334,4.969973079312506,240,EARLY_BUILD,AKEUSDT,-3.4582729343549334
1783216799999,1783215900000,3,CONTINUATION_RELOAD,QUIET_NON_TRANSITION_FALLBACK,2026-07-05T01:45:00+00:00,1783215900000,True,0.6142189337977129,15,30,16,False,240,-1.5425008204791646,0.6563833278634634,240,EARLY_BUILD,AKEUSDT,-1.5425008204791646
1783201499999,1783200600000,3,CONTINUATION_RELOAD,QUIET_NON_TRANSITION_FALLBACK,2026-07-04T21:30:00+00:00,1783200600000,True,0.6292221556370484,30,15,16,False,240,-1.8524536886577736,1.8524536886577847,240,EARLY_BUILD,AKEUSDT,-0.9424764380890571
1783740599999,1783739700000,3,IGNITION_CANDIDATE,QUIET_NON_TRANSITION_FALLBACK,2026-07-11T03:15:00+00:00,1783739700000,True,0.6479198124851379,15,45,16,False,240,-1.5968063872255467,2.095808383233533,240,EARLY_BUILD,AKEUSDT,2.095808383233533
1783330199999,1783329300000,3,CONTINUATION_RELOAD,QUIET_NON_TRANSITION_FALLBACK,2026-07-06T09:15:00+00:00,1783329300000,True,0.7775850885872512,60,15,16,False,240,-0.5606860158311355,0.461741424802109,240,EARLY_BUILD,AKEUSDT,-0.06596306068601399
1783145699999,1783144800000,3,CONTINUATION_RELOAD,QUIET_NON_TRANSITION_FALLBACK,2026-07-04T06:00:00+00:00,1783144800000,True,0.8500264835179676,60,15,16,False,240,-25.11312217194571,1.2569130216188995,240,EARLY_BUILD,AKEUSDT,-23.10206133735546
1783243799999,1783242900000,3,CONTINUATION_RELOAD,QUIET_NON_TRANSITION_FALLBACK,2026-07-05T09:15:00+00:00,1783242900000,True,0.8562407103306011,30,15,16,False,240,-0.33211557622053745,0.564596479574897,240,EARLY_BUILD,AKEUSDT,0.06642311524409639
1783768499999,1783767600000,3,IGNITION_CANDIDATE,QUIET_NON_TRANSITION_FALLBACK,2026-07-11T11:00:00+00:00,1783767600000,False,0.8708974152553117,,15,1,False,240,10.272952853598017,10.272952853598017,15,EARLY_BUILD,AKEUSDT,10.272952853598017
1784016899999,1784016000000,3,ACCEPTED_IGNITION,QUIET_NON_TRANSITION_FALLBACK,2026-07-14T08:00:00+00:00,1784016000000,True,1.0988070898970377,45,15,16,False,240,-1.8604651162790642,0.5167958656330907,240,EARLY_BUILD,AKEUSDT,-1.7571059431524372
1783169999999,1783169100000,3,CONTINUATION_RELOAD,QUIET_NON_TRANSITION_FALLBACK,2026-07-04T12:45:00+00:00,1783169100000,True,0.215389959362975,225,15,48,False,720,-2.9779058597502406,5.827729747038113,720,EARLY_BUILD,AKEUSDT,-2.9779058597502406
1783121399999,1783120500000,3,CONTINUATION_RELOAD,QUIET_NON_TRANSITION_FALLBACK,2026-07-03T23:15:00+00:00,1783120500000,True,0.22542474298619627,15,,48,False,720,-31.705639614855574,-0.4814305364511662,720,EARLY_BUILD,AKEUSDT,-29.940394314534615
1783187099999,1783186200000,3,CONTINUATION_RELOAD,QUIET_NON_TRANSITION_FALLBACK,2026-07-04T17:30:00+00:00,1783186200000,True,0.24623457034167537,15,45,48,False,720,-2.311197916666674,2.311197916666674,720,EARLY_BUILD,AKEUSDT,-2.311197916666674
1783098899999,1783098000000,3,CONTINUATION_RELOAD,QUIET_NON_TRANSITION_FALLBACK,2026-07-03T17:00:00+00:00,1783098000000,True,0.38657756772388446,15,45,48,False,720,-17.29136467177469,4.969973079312506,720,EARLY_BUILD,AKEUSDT,-16.628701594533034
1783216799999,1783215900000,3,CONTINUATION_RELOAD,QUIET_NON_TRANSITION_FALLBACK,2026-07-05T01:45:00+00:00,1783215900000,True,0.6142189337977129,15,30,48,False,720,-1.5425008204791646,0.6563833278634634,720,EARLY_BUILD,AKEUSDT,-0.6563833278634745
1783201499999,1783200600000,3,CONTINUATION_RELOAD,QUIET_NON_TRANSITION_FALLBACK,2026-07-04T21:30:00+00:00,1783200600000,True,0.6292221556370484,30,15,48,False,720,-2.5024374390640314,1.8524536886577847,720,EARLY_BUILD,AKEUSDT,-2.0799480012999694
1783740599999,1783739700000,3,IGNITION_CANDIDATE,QUIET_NON_TRANSITION_FALLBACK,2026-07-11T03:15:00+00:00,1783739700000,False,0.6479198124851379,15,45,32,False,720,-1.5968063872255467,10.878243512974063,480,EARLY_BUILD,AKEUSDT,10.878243512974063
1783330199999,1783329300000,3,CONTINUATION_RELOAD,QUIET_NON_TRANSITION_FALLBACK,2026-07-06T09:15:00+00:00,1783329300000,True,0.7775850885872512,60,15,48,False,720,-0.725593667546176,2.836411609498679,720,EARLY_BUILD,AKEUSDT,0.6266490765171495
1783145699999,1783144800000,3,CONTINUATION_RELOAD,QUIET_NON_TRANSITION_FALLBACK,2026-07-04T06:00:00+00:00,1783144800000,True,0.8500264835179676,60,15,48,False,720,-25.11312217194571,1.2569130216188995,720,EARLY_BUILD,AKEUSDT,-22.850678733031682
1783243799999,1783242900000,3,CONTINUATION_RELOAD,QUIET_NON_TRANSITION_FALLBACK,2026-07-05T09:15:00+00:00,1783242900000,True,0.8562407103306011,30,15,48,False,720,-0.33211557622053745,0.564596479574897,720,EARLY_BUILD,AKEUSDT,0.13284623048821498
1783768499999,1783767600000,3,IGNITION_CANDIDATE,QUIET_NON_TRANSITION_FALLBACK,2026-07-11T11:00:00+00:00,1783767600000,False,0.8708974152553117,,15,1,False,720,10.272952853598017,10.272952853598017,15,EARLY_BUILD,AKEUSDT,10.272952853598017
1784016899999,1784016000000,3,ACCEPTED_IGNITION,QUIET_NON_TRANSITION_FALLBACK,2026-07-14T08:00:00+00:00,1784016000000,True,1.0988070898970377,45,15,48,False,720,-2.428940568475446,0.5167958656330907,720,EARLY_BUILD,AKEUSDT,-2.170542635658912
1783169999999,1783169100000,3,CONTINUATION_RELOAD,QUIET_NON_TRANSITION_FALLBACK,2026-07-04T12:45:00+00:00,1783169100000,True,0.215389959362975,225,15,96,False,1440,-3.9385206532180694,5.827729747038113,1440,EARLY_BUILD,AKEUSDT,-3.3301312840217645
1783121399999,1783120500000,3,CONTINUATION_RELOAD,QUIET_NON_TRANSITION_FALLBACK,2026-07-03T23:15:00+00:00,1783120500000,True,0.22542474298619627,15,,96,False,1440,-31.705639614855574,-0.4814305364511662,1440,EARLY_BUILD,AKEUSDT,-29.000458505272807
1783187099999,1783186200000,3,CONTINUATION_RELOAD,QUIET_NON_TRANSITION_FALLBACK,2026-07-04T17:30:00+00:00,1783186200000,True,0.24623457034167537,15,45,96,False,1440,-2.34375,2.311197916666674,1440,EARLY_BUILD,AKEUSDT,-2.115885416666663
1783098899999,1783098000000,3,CONTINUATION_RELOAD,QUIET_NON_TRANSITION_FALLBACK,2026-07-03T17:00:00+00:00,1783098000000,True,0.38657756772388446,15,45,96,False,1440,-38.31020915303376,4.969973079312506,1440,EARLY_BUILD,AKEUSDT,-36.218678815489746
1783216799999,1783215900000,3,CONTINUATION_RELOAD,QUIET_NON_TRANSITION_FALLBACK,2026-07-05T01:45:00+00:00,1783215900000,True,0.6142189337977129,15,30,96,False,1440,-1.5425008204791646,0.6563833278634634,1440,EARLY_BUILD,AKEUSDT,-1.0502133245815504
1783201499999,1783200600000,3,CONTINUATION_RELOAD,QUIET_NON_TRANSITION_FALLBACK,2026-07-04T21:30:00+00:00,1783200600000,True,0.6292221556370484,30,15,96,False,1440,-2.5024374390640314,1.8524536886577847,1440,EARLY_BUILD,AKEUSDT,-2.047448813779651
1783740599999,1783739700000,3,IGNITION_CANDIDATE,QUIET_NON_TRANSITION_FALLBACK,2026-07-11T03:15:00+00:00,1783739700000,False,0.6479198124851379,15,45,32,False,1440,-1.5968063872255467,10.878243512974063,480,EARLY_BUILD,AKEUSDT,10.878243512974063
1783330199999,1783329300000,3,CONTINUATION_RELOAD,QUIET_NON_TRANSITION_FALLBACK,2026-07-06T09:15:00+00:00,1783329300000,True,0.7775850885872512,60,15,96,False,1440,-27.110817941952504,2.836411609498679,1440,EARLY_BUILD,AKEUSDT,-25.230870712401053
1783145699999,1783144800000,3,CONTINUATION_RELOAD,QUIET_NON_TRANSITION_FALLBACK,2026-07-04T06:00:00+00:00,1783144800000,True,0.8500264835179676,60,15,96,False,1440,-25.11312217194571,1.2569130216188995,1440,EARLY_BUILD,AKEUSDT,-24.283559577677227
1783243799999,1783242900000,3,CONTINUATION_RELOAD,QUIET_NON_TRANSITION_FALLBACK,2026-07-05T09:15:00+00:00,1783242900000,True,0.8562407103306011,30,15,96,False,1440,-0.33211557622053745,4.58319495184325,1440,EARLY_BUILD,AKEUSDT,0.697442710063112
1783768499999,1783767600000,3,IGNITION_CANDIDATE,QUIET_NON_TRANSITION_FALLBACK,2026-07-11T11:00:00+00:00,1783767600000,False,0.8708974152553117,,15,1,False,1440,10.272952853598017,10.272952853598017,15,EARLY_BUILD,AKEUSDT,10.272952853598017
1784016899999,1784016000000,3,ACCEPTED_IGNITION,QUIET_NON_TRANSITION_FALLBACK,2026-07-14T08:00:00+00:00,1784016000000,True,1.0988070898970377,45,15,96,False,1440,-3.20413436692506,189.19896640826877,1440,EARLY_BUILD,AKEUSDT,178.9664082687339
1783123199999,1783122300000,3,CONTINUATION_RELOAD,QUIET_NON_TRANSITION_FALLBACK,2026-07-03T23:45:00+00:00,1783122300000,True,0.191414289753401,30,,3,False,45,-0.6450126698917202,0.0,45,CONFIRMED_BUILD,AKEUSDT,-0.6450126698917202
1783169999999,1783169100000,3,CONTINUATION_RELOAD,QUIET_NON_TRANSITION_FALLBACK,2026-07-04T12:45:00+00:00,1783169100000,True,0.22123169129923637,,15,3,False,45,0.19212295869357465,5.827729747038113,45,CONFIRMED_BUILD,AKEUSDT,5.827729747038113
1783187099999,1783186200000,3,CONTINUATION_RELOAD,QUIET_NON_TRANSITION_FALLBACK,2026-07-04T17:30:00+00:00,1783186200000,True,0.2340595540889804,15,45,3,False,45,-0.42317708333332593,0.29296875,45,CONFIRMED_BUILD,AKEUSDT,0.29296875
1783108799999,1783107900000,3,CONTINUATION_RELOAD,QUIET_NON_TRANSITION_FALLBACK,2026-07-03T19:45:00+00:00,1783107900000,True,0.3430281717928981,30,15,3,False,45,-0.19972039145197407,0.41941282204913666,45,CONFIRMED_BUILD,AKEUSDT,0.11983223487117556
1783216799999,1783215900000,3,CONTINUATION_RELOAD,QUIET_NON_TRANSITION_FALLBACK,2026-07-05T01:45:00+00:00,1783215900000,True,0.5243660699250423,15,30,3,False,45,-0.9517558254020231,0.6563833278634634,45,CONFIRMED_BUILD,AKEUSDT,-0.9517558254020231
1783201499999,1783200600000,3,CONTINUATION_RELOAD,QUIET_NON_TRANSITION_FALLBACK,2026-07-04T21:30:00+00:00,1783200600000,True,0.5393736246568368,30,15,3,False,45,-0.6499837504062356,0.519987000324984,45,CONFIRMED_BUILD,AKEUSDT,-0.519987000324984
1783740599999,1783739700000,3,IGNITION_CANDIDATE,QUIET_NON_TRANSITION_FALLBACK,2026-07-11T03:15:00+00:00,1783739700000,True,0.5598400050112236,15,45,3,False,45,-0.39920159680638667,0.29940119760478723,45,CONFIRMED_BUILD,AKEUSDT,0.29940119760478723
1783330199999,1783329300000,3,CONTINUATION_RELOAD,QUIET_NON_TRANSITION_FALLBACK,2026-07-06T09:15:00+00:00,1783329300000,True,0.689280926282457,,15,3,False,45,0.032981530343012544,0.461741424802109,45,CONFIRMED_BUILD,AKEUSDT,0.461741424802109
1783243799999,1783242900000,3,CONTINUATION_RELOAD,QUIET_NON_TRANSITION_FALLBACK,2026-07-05T09:15:00+00:00,1783242900000,True,0.7740144195555206,30,15,3,False,45,-0.33211557622053745,0.06642311524409639,45,CONFIRMED_BUILD,AKEUSDT,-0.33211557622053745
1783145699999,1783144800000,3,CONTINUATION_RELOAD,QUIET_NON_TRANSITION_FALLBACK,2026-07-04T06:00:00+00:00,1783144800000,True,0.7801750293594955,,15,3,False,45,0.02513826043237799,1.2569130216188995,45,CONFIRMED_BUILD,AKEUSDT,0.02513826043237799
1783768499999,1783767600000,3,IGNITION_CANDIDATE,QUIET_NON_TRANSITION_FALLBACK,2026-07-11T11:00:00+00:00,1783767600000,False,0.7906940054899119,,15,1,False,45,10.272952853598017,10.272952853598017,15,CONFIRMED_BUILD,AKEUSDT,10.272952853598017
1784016899999,1784016000000,3,ACCEPTED_IGNITION,QUIET_NON_TRANSITION_FALLBACK,2026-07-14T08:00:00+00:00,1784016000000,True,1.014835600022382,45,15,3,False,45,-0.1550387596899072,0.31007751937985883,45,CONFIRMED_BUILD,AKEUSDT,-0.1550387596899072
1783123199999,1783122300000,3,CONTINUATION_RELOAD,QUIET_NON_TRANSITION_FALLBACK,2026-07-03T23:45:00+00:00,1783122300000,True,0.191414289753401,30,,4,False,60,-1.520387007601931,0.0,60,CONFIRMED_BUILD,AKEUSDT,-1.520387007601931
1783169999999,1783169100000,3,CONTINUATION_RELOAD,QUIET_NON_TRANSITION_FALLBACK,2026-07-04T12:45:00+00:00,1783169100000,True,0.22123169129923637,,15,4,False,60,0.19212295869357465,5.827729747038113,60,CONFIRMED_BUILD,AKEUSDT,3.5862952289465344
1783187099999,1783186200000,3,CONTINUATION_RELOAD,QUIET_NON_TRANSITION_FALLBACK,2026-07-04T17:30:00+00:00,1783186200000,True,0.2340595540889804,15,45,4,False,60,-0.42317708333332593,0.29296875,60,CONFIRMED_BUILD,AKEUSDT,-0.13020833333333703
1783108799999,1783107900000,3,CONTINUATION_RELOAD,QUIET_NON_TRANSITION_FALLBACK,2026-07-03T19:45:00+00:00,1783107900000,True,0.3430281717928981,30,15,4,False,60,-0.19972039145197407,0.41941282204913666,60,CONFIRMED_BUILD,AKEUSDT,-0.13980427401637519
1783216799999,1783215900000,3,CONTINUATION_RELOAD,QUIET_NON_TRANSITION_FALLBACK,2026-07-05T01:45:00+00:00,1783215900000,True,0.5243660699250423,15,30,4,False,60,-0.9517558254020231,0.6563833278634634,60,CONFIRMED_BUILD,AKEUSDT,-0.7876599934361628
1783201499999,1783200600000,3,CONTINUATION_RELOAD,QUIET_NON_TRANSITION_FALLBACK,2026-07-04T21:30:00+00:00,1783200600000,True,0.5393736246568368,30,15,4,False,60,-0.6499837504062356,0.519987000324984,60,CONFIRMED_BUILD,AKEUSDT,0.4224894377640398
1783740599999,1783739700000,3,IGNITION_CANDIDATE,QUIET_NON_TRANSITION_FALLBACK,2026-07-11T03:15:00+00:00,1783739700000,True,0.5598400050112236,15,45,4,False,60,-0.5489021956087803,0.29940119760478723,60,CONFIRMED_BUILD,AKEUSDT,-0.5489021956087803
1783330199999,1783329300000,3,CONTINUATION_RELOAD,QUIET_NON_TRANSITION_FALLBACK,2026-07-06T09:15:00+00:00,1783329300000,True,0.689280926282457,60,15,4,False,60,-0.16490765171504052,0.461741424802109,60,CONFIRMED_BUILD,AKEUSDT,-0.16490765171504052
1783243799999,1783242900000,3,CONTINUATION_RELOAD,QUIET_NON_TRANSITION_FALLBACK,2026-07-05T09:15:00+00:00,1783242900000,True,0.7740144195555206,30,15,4,False,60,-0.33211557622053745,0.06642311524409639,60,CONFIRMED_BUILD,AKEUSDT,0.0
1783145699999,1783144800000,3,CONTINUATION_RELOAD,QUIET_NON_TRANSITION_FALLBACK,2026-07-04T06:00:00+00:00,1783144800000,True,0.7801750293594955,60,15,4,False,60,-0.02513826043237799,1.2569130216188995,60,CONFIRMED_BUILD,AKEUSDT,-0.02513826043237799
1783768499999,1783767600000,3,IGNITION_CANDIDATE,QUIET_NON_TRANSITION_FALLBACK,2026-07-11T11:00:00+00:00,1783767600000,False,0.7906940054899119,,15,1,False,60,10.272952853598017,10.272952853598017,15,CONFIRMED_BUILD,AKEUSDT,10.272952853598017
1784016899999,1784016000000,3,ACCEPTED_IGNITION,QUIET_NON_TRANSITION_FALLBACK,2026-07-14T08:00:00+00:00,1784016000000,True,1.014835600022382,45,15,4,False,60,-0.20671834625322072,0.31007751937985883,60,CONFIRMED_BUILD,AKEUSDT,-0.20671834625322072
1783123199999,1783122300000,3,CONTINUATION_RELOAD,QUIET_NON_TRANSITION_FALLBACK,2026-07-03T23:45:00+00:00,1783122300000,True,0.191414289753401,30,,12,False,180,-6.242801197880665,0.0,180,CONFIRMED_BUILD,AKEUSDT,-6.242801197880665
1783169999999,1783169100000,3,CONTINUATION_RELOAD,QUIET_NON_TRANSITION_FALLBACK,2026-07-04T12:45:00+00:00,1783169100000,True,0.22123169129923637,,15,12,False,180,0.19212295869357465,5.827729747038113,180,CONFIRMED_BUILD,AKEUSDT,3.138008325328223
1783187099999,1783186200000,3,CONTINUATION_RELOAD,QUIET_NON_TRANSITION_FALLBACK,2026-07-04T17:30:00+00:00,1783186200000,True,0.2340595540889804,15,45,12,False,180,-0.748697916666663,2.311197916666674,180,CONFIRMED_BUILD,AKEUSDT,0.9765625
1783108799999,1783107900000,3,CONTINUATION_RELOAD,QUIET_NON_TRANSITION_FALLBACK,2026-07-03T19:45:00+00:00,1783107900000,True,0.3430281717928981,30,15,12,False,180,-19.193129618534044,0.41941282204913666,180,CONFIRMED_BUILD,AKEUSDT,-12.422608348312359
1783216799999,1783215900000,3,CONTINUATION_RELOAD,QUIET_NON_TRANSITION_FALLBACK,2026-07-05T01:45:00+00:00,1783215900000,True,0.5243660699250423,15,30,12,False,180,-1.2143091565474218,0.6563833278634634,180,CONFIRMED_BUILD,AKEUSDT,-0.13127666557267714
1783201499999,1783200600000,3,CONTINUATION_RELOAD,QUIET_NON_TRANSITION_FALLBACK,2026-07-04T21:30:00+00:00,1783200600000,True,0.5393736246568368,30,15,12,False,180,-1.3974650633734154,1.8524536886577847,180,CONFIRMED_BUILD,AKEUSDT,-1.3974650633734154
1783740599999,1783739700000,3,IGNITION_CANDIDATE,QUIET_NON_TRANSITION_FALLBACK,2026-07-11T03:15:00+00:00,1783739700000,True,0.5598400050112236,15,45,12,False,180,-1.5968063872255467,0.7984031936127733,180,CONFIRMED_BUILD,AKEUSDT,0.5489021956087914
1783330199999,1783329300000,3,CONTINUATION_RELOAD,QUIET_NON_TRANSITION_FALLBACK,2026-07-06T09:15:00+00:00,1783329300000,True,0.689280926282457,60,15,12,False,180,-0.32981530343009213,0.461741424802109,180,CONFIRMED_BUILD,AKEUSDT,0.16490765171504052
1783243799999,1783242900000,3,CONTINUATION_RELOAD,QUIET_NON_TRANSITION_FALLBACK,2026-07-05T09:15:00+00:00,1783242900000,True,0.7740144195555206,30,15,12,False,180,-0.33211557622053745,0.16605778811027427,180,CONFIRMED_BUILD,AKEUSDT,-0.13284623048821498
1783145699999,1783144800000,3,CONTINUATION_RELOAD,QUIET_NON_TRANSITION_FALLBACK,2026-07-04T06:00:00+00:00,1783144800000,True,0.7801750293594955,60,15,12,False,180,-25.11312217194571,1.2569130216188995,180,CONFIRMED_BUILD,AKEUSDT,-25.11312217194571
1783768499999,1783767600000,3,IGNITION_CANDIDATE,QUIET_NON_TRANSITION_FALLBACK,2026-07-11T11:00:00+00:00,1783767600000,False,0.7906940054899119,,15,1,False,180,10.272952853598017,10.272952853598017,15,CONFIRMED_BUILD,AKEUSDT,10.272952853598017
1784016899999,1784016000000,3,ACCEPTED_IGNITION,QUIET_NON_TRANSITION_FALLBACK,2026-07-14T08:00:00+00:00,1784016000000,True,1.014835600022382,45,15,12,False,180,-0.46511627906976605,0.5167958656330907,180,CONFIRMED_BUILD,AKEUSDT,-0.20671834625322072
1783123199999,1783122300000,3,CONTINUATION_RELOAD,QUIET_NON_TRANSITION_FALLBACK,2026-07-03T23:45:00+00:00,1783122300000,True,0.191414289753401,30,,16,False,240,-7.210320202718268,0.0,240,CONFIRMED_BUILD,AKEUSDT,-6.933886201336092
1783169999999,1783169100000,3,CONTINUATION_RELOAD,QUIET_NON_TRANSITION_FALLBACK,2026-07-04T12:45:00+00:00,1783169100000,True,0.22123169129923637,225,15,16,False,240,-2.1453730387448022,5.827729747038113,240,CONFIRMED_BUILD,AKEUSDT,-2.1453730387448022
1783187099999,1783186200000,3,CONTINUATION_RELOAD,QUIET_NON_TRANSITION_FALLBACK,2026-07-04T17:30:00+00:00,1783186200000,True,0.2340595540889804,15,45,16,False,240,-0.748697916666663,2.311197916666674,240,CONFIRMED_BUILD,AKEUSDT,0.16276041666667407
1783108799999,1783107900000,3,CONTINUATION_RELOAD,QUIET_NON_TRANSITION_FALLBACK,2026-07-03T19:45:00+00:00,1783107900000,True,0.3430281717928981,30,15,16,False,240,-19.193129618534044,0.41941282204913666,240,CONFIRMED_BUILD,AKEUSDT,-13.30137807070102
1783216799999,1783215900000,3,CONTINUATION_RELOAD,QUIET_NON_TRANSITION_FALLBACK,2026-07-05T01:45:00+00:00,1783215900000,True,0.5243660699250423,15,30,16,False,240,-1.5425008204791646,0.6563833278634634,240,CONFIRMED_BUILD,AKEUSDT,-1.5425008204791646
1783201499999,1783200600000,3,CONTINUATION_RELOAD,QUIET_NON_TRANSITION_FALLBACK,2026-07-04T21:30:00+00:00,1783200600000,True,0.5393736246568368,30,15,16,False,240,-1.8524536886577736,1.8524536886577847,240,CONFIRMED_BUILD,AKEUSDT,-0.9424764380890571
1783740599999,1783739700000,3,IGNITION_CANDIDATE,QUIET_NON_TRANSITION_FALLBACK,2026-07-11T03:15:00+00:00,1783739700000,True,0.5598400050112236,15,45,16,False,240,-1.5968063872255467,2.095808383233533,240,CONFIRMED_BUILD,AKEUSDT,2.095808383233533
1783330199999,1783329300000,3,CONTINUATION_RELOAD,QUIET_NON_TRANSITION_FALLBACK,2026-07-06T09:15:00+00:00,1783329300000,True,0.689280926282457,60,15,16,False,240,-0.5606860158311355,0.461741424802109,240,CONFIRMED_BUILD,AKEUSDT,-0.06596306068601399
1783243799999,1783242900000,3,CONTINUATION_RELOAD,QUIET_NON_TRANSITION_FALLBACK,2026-07-05T09:15:00+00:00,1783242900000,True,0.7740144195555206,30,15,16,False,240,-0.33211557622053745,0.564596479574897,240,CONFIRMED_BUILD,AKEUSDT,0.06642311524409639
1783145699999,1783144800000,3,CONTINUATION_RELOAD,QUIET_NON_TRANSITION_FALLBACK,2026-07-04T06:00:00+00:00,1783144800000,True,0.7801750293594955,60,15,16,False,240,-25.11312217194571,1.2569130216188995,240,CONFIRMED_BUILD,AKEUSDT,-23.10206133735546
1783768499999,1783767600000,3,IGNITION_CANDIDATE,QUIET_NON_TRANSITION_FALLBACK,2026-07-11T11:00:00+00:00,1783767600000,False,0.7906940054899119,,15,1,False,240,10.272952853598017,10.272952853598017,15,CONFIRMED_BUILD,AKEUSDT,10.272952853598017
1784016899999,1784016000000,3,ACCEPTED_IGNITION,QUIET_NON_TRANSITION_FALLBACK,2026-07-14T08:00:00+00:00,1784016000000,True,1.014835600022382,45,15,16,False,240,-1.8604651162790642,0.5167958656330907,240,CONFIRMED_BUILD,AKEUSDT,-1.7571059431524372
1783123199999,1783122300000,3,CONTINUATION_RELOAD,QUIET_NON_TRANSITION_FALLBACK,2026-07-03T23:45:00+00:00,1783122300000,True,0.191414289753401,30,,48,False,720,-31.3752591568763,0.0,720,CONFIRMED_BUILD,AKEUSDT,-29.186823312600787
1783169999999,1783169100000,3,CONTINUATION_RELOAD,QUIET_NON_TRANSITION_FALLBACK,2026-07-04T12:45:00+00:00,1783169100000,True,0.22123169129923637,225,15,48,False,720,-2.9779058597502406,5.827729747038113,720,CONFIRMED_BUILD,AKEUSDT,-2.9779058597502406
1783187099999,1783186200000,3,CONTINUATION_RELOAD,QUIET_NON_TRANSITION_FALLBACK,2026-07-04T17:30:00+00:00,1783186200000,True,0.2340595540889804,15,45,48,False,720,-2.311197916666674,2.311197916666674,720,CONFIRMED_BUILD,AKEUSDT,-2.311197916666674
1783108799999,1783107900000,3,CONTINUATION_RELOAD,QUIET_NON_TRANSITION_FALLBACK,2026-07-03T19:45:00+00:00,1783107900000,True,0.3430281717928981,30,15,48,False,720,-32.9538645895746,0.41941282204913666,720,CONFIRMED_BUILD,AKEUSDT,-32.9538645895746
1783216799999,1783215900000,3,CONTINUATION_RELOAD,QUIET_NON_TRANSITION_FALLBACK,2026-07-05T01:45:00+00:00,1783215900000,True,0.5243660699250423,15,30,48,False,720,-1.5425008204791646,0.6563833278634634,720,CONFIRMED_BUILD,AKEUSDT,-0.6563833278634745
1783201499999,1783200600000,3,CONTINUATION_RELOAD,QUIET_NON_TRANSITION_FALLBACK,2026-07-04T21:30:00+00:00,1783200600000,True,0.5393736246568368,30,15,48,False,720,-2.5024374390640314,1.8524536886577847,720,CONFIRMED_BUILD,AKEUSDT,-2.0799480012999694
1783740599999,1783739700000,3,IGNITION_CANDIDATE,QUIET_NON_TRANSITION_FALLBACK,2026-07-11T03:15:00+00:00,1783739700000,False,0.5598400050112236,15,45,32,False,720,-1.5968063872255467,10.878243512974063,480,CONFIRMED_BUILD,AKEUSDT,10.878243512974063
1783330199999,1783329300000,3,CONTINUATION_RELOAD,QUIET_NON_TRANSITION_FALLBACK,2026-07-06T09:15:00+00:00,1783329300000,True,0.689280926282457,60,15,48,False,720,-0.725593667546176,2.836411609498679,720,CONFIRMED_BUILD,AKEUSDT,0.6266490765171495
1783243799999,1783242900000,3,CONTINUATION_RELOAD,QUIET_NON_TRANSITION_FALLBACK,2026-07-05T09:15:00+00:00,1783242900000,True,0.7740144195555206,30,15,48,False,720,-0.33211557622053745,0.564596479574897,720,CONFIRMED_BUILD,AKEUSDT,0.13284623048821498
1783145699999,1783144800000,3,CONTINUATION_RELOAD,QUIET_NON_TRANSITION_FALLBACK,2026-07-04T06:00:00+00:00,1783144800000,True,0.7801750293594955,60,15,48,False,720,-25.11312217194571,1.2569130216188995,720,CONFIRMED_BUILD,AKEUSDT,-22.850678733031682
1783768499999,1783767600000,3,IGNITION_CANDIDATE,QUIET_NON_TRANSITION_FALLBACK,2026-07-11T11:00:00+00:00,1783767600000,False,0.7906940054899119,,15,1,False,720,10.272952853598017,10.272952853598017,15,CONFIRMED_BUILD,AKEUSDT,10.272952853598017
1784016899999,1784016000000,3,ACCEPTED_IGNITION,QUIET_NON_TRANSITION_FALLBACK,2026-07-14T08:00:00+00:00,1784016000000,True,1.014835600022382,45,15,48,False,720,-2.428940568475446,0.5167958656330907,720,CONFIRMED_BUILD,AKEUSDT,-2.170542635658912
1783123199999,1783122300000,3,CONTINUATION_RELOAD,QUIET_NON_TRANSITION_FALLBACK,2026-07-03T23:45:00+00:00,1783122300000,True,0.191414289753401,30,,96,False,1440,-31.3752591568763,0.0,1440,CONFIRMED_BUILD,AKEUSDT,-27.804653305689943
1783169999999,1783169100000,3,CONTINUATION_RELOAD,QUIET_NON_TRANSITION_FALLBACK,2026-07-04T12:45:00+00:00,1783169100000,True,0.22123169129923637,225,15,96,False,1440,-3.9385206532180694,5.827729747038113,1440,CONFIRMED_BUILD,AKEUSDT,-3.3301312840217645
1783187099999,1783186200000,3,CONTINUATION_RELOAD,QUIET_NON_TRANSITION_FALLBACK,2026-07-04T17:30:00+00:00,1783186200000,True,0.2340595540889804,15,45,96,False,1440,-2.34375,2.311197916666674,1440,CONFIRMED_BUILD,AKEUSDT,-2.115885416666663
1783108799999,1783107900000,3,CONTINUATION_RELOAD,QUIET_NON_TRANSITION_FALLBACK,2026-07-03T19:45:00+00:00,1783107900000,True,0.3430281717928981,30,15,96,False,1440,-40.50329538645896,0.41941282204913666,1440,CONFIRMED_BUILD,AKEUSDT,-38.426203315358485
1783216799999,1783215900000,3,CONTINUATION_RELOAD,QUIET_NON_TRANSITION_FALLBACK,2026-07-05T01:45:00+00:00,1783215900000,True,0.5243660699250423,15,30,96,False,1440,-1.5425008204791646,0.6563833278634634,1440,CONFIRMED_BUILD,AKEUSDT,-1.0502133245815504
1783201499999,1783200600000,3,CONTINUATION_RELOAD,QUIET_NON_TRANSITION_FALLBACK,2026-07-04T21:30:00+00:00,1783200600000,True,0.5393736246568368,30,15,96,False,1440,-2.5024374390640314,1.8524536886577847,1440,CONFIRMED_BUILD,AKEUSDT,-2.047448813779651
1783740599999,1783739700000,3,IGNITION_CANDIDATE,QUIET_NON_TRANSITION_FALLBACK,2026-07-11T03:15:00+00:00,1783739700000,False,0.5598400050112236,15,45,32,False,1440,-1.5968063872255467,10.878243512974063,480,CONFIRMED_BUILD,AKEUSDT,10.878243512974063
1783330199999,1783329300000,3,CONTINUATION_RELOAD,QUIET_NON_TRANSITION_FALLBACK,2026-07-06T09:15:00+00:00,1783329300000,True,0.689280926282457,60,15,96,False,1440,-27.110817941952504,2.836411609498679,1440,CONFIRMED_BUILD,AKEUSDT,-25.230870712401053
1783243799999,1783242900000,3,CONTINUATION_RELOAD,QUIET_NON_TRANSITION_FALLBACK,2026-07-05T09:15:00+00:00,1783242900000,True,0.7740144195555206,30,15,96,False,1440,-0.33211557622053745,4.58319495184325,1440,CONFIRMED_BUILD,AKEUSDT,0.697442710063112
1783145699999,1783144800000,3,CONTINUATION_RELOAD,QUIET_NON_TRANSITION_FALLBACK,2026-07-04T06:00:00+00:00,1783144800000,True,0.7801750293594955,60,15,96,False,1440,-25.11312217194571,1.2569130216188995,1440,CONFIRMED_BUILD,AKEUSDT,-24.283559577677227
1783768499999,1783767600000,3,IGNITION_CANDIDATE,QUIET_NON_TRANSITION_FALLBACK,2026-07-11T11:00:00+00:00,1783767600000,False,0.7906940054899119,,15,1,False,1440,10.272952853598017,10.272952853598017,15,CONFIRMED_BUILD,AKEUSDT,10.272952853598017
1784016899999,1784016000000,3,ACCEPTED_IGNITION,QUIET_NON_TRANSITION_FALLBACK,2026-07-14T08:00:00+00:00,1784016000000,True,1.014835600022382,45,15,96,False,1440,-3.20413436692506,189.19896640826877,1440,CONFIRMED_BUILD,AKEUSDT,178.9664082687339
1783128599999,1783127700000,3,CONTINUATION_RELOAD,QUIET_NON_TRANSITION_FALLBACK,2026-07-04T01:15:00+00:00,1783127700000,True,0.18893600415064452,45,15,3,False,45,-0.281162136832247,0.4217432052483483,45,IGNITION_CANDIDATE,AKEUSDT,-0.281162136832247
1783221299999,1783220400000,3,CONTINUATION_RELOAD,QUIET_NON_TRANSITION_FALLBACK,2026-07-05T03:00:00+00:00,1783220400000,True,0.21441883650473179,45,15,3,False,45,-0.09956853634252028,0.16594756057086713,45,IGNITION_CANDIDATE,AKEUSDT,-0.09956853634252028
1783328399999,1783327500000,3,CONTINUATION_RELOAD,QUIET_NON_TRANSITION_FALLBACK,2026-07-06T08:45:00+00:00,1783327500000,True,0.23275935730590772,15,,3,False,45,-0.29654036243822457,0.0,45,IGNITION_CANDIDATE,AKEUSDT,0.0
1783205099999,1783204200000,3,CONTINUATION_RELOAD,QUIET_NON_TRANSITION_FALLBACK,2026-07-04T22:30:00+00:00,1783204200000,True,0.2608344277047295,15,45,3,False,45,-0.7766990291261933,0.22653721682848182,45,IGNITION_CANDIDATE,AKEUSDT,0.22653721682848182
1783744199999,1783743300000,3,IGNITION_CANDIDATE,QUIET_NON_TRANSITION_FALLBACK,2026-07-11T04:15:00+00:00,1783743300000,True,0.26196656844051475,30,,3,False,45,-1.0536879076768702,0.0,45,IGNITION_CANDIDATE,AKEUSDT,-0.7526342197691882
1783105199999,1783104300000,3,CONTINUATION_RELOAD,QUIET_NON_TRANSITION_FALLBACK,2026-07-03T18:45:00+00:00,1783104300000,True,0.28968549302558183,30,15,3,False,45,-1.3238490416913606,0.1580715273661326,45,IGNITION_CANDIDATE,AKEUSDT,-1.0867417506421617
1783244699999,1783243800000,3,CONTINUATION_RELOAD,QUIET_NON_TRANSITION_FALLBACK,2026-07-05T09:30:00+00:00,1783243800000,True,0.32271754900038424,15,,3,False,45,-0.39827414537007,-0.06637902422834685,45,IGNITION_CANDIDATE,AKEUSDT,-0.06637902422834685
1783768499999,1783767600000,3,IGNITION_CANDIDATE,QUIET_NON_TRANSITION_FALLBACK,2026-07-11T11:00:00+00:00,1783767600000,False,0.34929009819906703,,15,1,False,45,10.272952853598017,10.272952853598017,15,IGNITION_CANDIDATE,AKEUSDT,10.272952853598017
1783146599999,1783145700000,3,CONTINUATION_RELOAD,QUIET_NON_TRANSITION_FALLBACK,2026-07-04T06:15:00+00:00,1783145700000,True,0.36128041673464734,30,15,3,False,45,-0.7239141288067796,0.5491762356465202,45,IGNITION_CANDIDATE,AKEUSDT,-0.7239141288067796
1783178099999,1783177200000,3,CONTINUATION_RELOAD,QUIET_NON_TRANSITION_FALLBACK,2026-07-04T15:00:00+00:00,1783177200000,True,0.36567162459332675,15,,3,False,45,-1.942645698427392,-0.6783842121492412,45,IGNITION_CANDIDATE,AKEUSDT,-0.6783842121492412
1784016899999,1784016000000,3,ACCEPTED_IGNITION,QUIET_NON_TRANSITION_FALLBACK,2026-07-14T08:00:00+00:00,1784016000000,True,0.5453733345526989,45,15,3,False,45,-0.1550387596899072,0.31007751937985883,45,IGNITION_CANDIDATE,AKEUSDT,-0.1550387596899072
1783264499999,1783263600000,3,CONTINUATION_RELOAD,QUIET_NON_TRANSITION_FALLBACK,2026-07-05T15:00:00+00:00,1783263600000,True,0.6201198388665556,15,,3,False,45,-0.26560424966800555,-0.16600265604249653,45,IGNITION_CANDIDATE,AKEUSDT,-0.26560424966800555
1783128599999,1783127700000,3,CONTINUATION_RELOAD,QUIET_NON_TRANSITION_FALLBACK,2026-07-04T01:15:00+00:00,1783127700000,True,0.18893600415064452,45,15,4,False,60,-2.67104029990628,0.4217432052483483,60,IGNITION_CANDIDATE,AKEUSDT,-2.67104029990628
1783221299999,1783220400000,3,CONTINUATION_RELOAD,QUIET_NON_TRANSITION_FALLBACK,2026-07-05T03:00:00+00:00,1783220400000,True,0.21441883650473179,45,15,4,False,60,-0.09956853634252028,0.16594756057086713,60,IGNITION_CANDIDATE,AKEUSDT,0.1327580484566937
1783328399999,1783327500000,3,CONTINUATION_RELOAD,QUIET_NON_TRANSITION_FALLBACK,2026-07-06T08:45:00+00:00,1783327500000,True,0.23275935730590772,15,,4,False,60,-0.29654036243822457,0.0,60,IGNITION_CANDIDATE,AKEUSDT,-0.06589785831960793
1783205099999,1783204200000,3,CONTINUATION_RELOAD,QUIET_NON_TRANSITION_FALLBACK,2026-07-04T22:30:00+00:00,1783204200000,True,0.2608344277047295,15,45,4,False,60,-0.7766990291261933,0.7119741100323651,60,IGNITION_CANDIDATE,AKEUSDT,0.7119741100323651
1783744199999,1783743300000,3,IGNITION_CANDIDATE,QUIET_NON_TRANSITION_FALLBACK,2026-07-11T04:15:00+00:00,1783743300000,True,0.26196656844051475,30,,4,False,60,-1.0536879076768702,0.0,60,IGNITION_CANDIDATE,AKEUSDT,-0.10035122930256435
1783105199999,1783104300000,3,CONTINUATION_RELOAD,QUIET_NON_TRANSITION_FALLBACK,2026-07-03T18:45:00+00:00,1783104300000,True,0.28968549302558183,30,15,4,False,60,-1.3238490416913606,0.1580715273661326,60,IGNITION_CANDIDATE,AKEUSDT,-1.0669828097214062
1783244699999,1783243800000,3,CONTINUATION_RELOAD,QUIET_NON_TRANSITION_FALLBACK,2026-07-05T09:30:00+00:00,1783243800000,True,0.32271754900038424,15,,4,False,60,-0.39827414537007,-0.06637902422834685,60,IGNITION_CANDIDATE,AKEUSDT,-0.09956853634252028
1783768499999,1783767600000,3,IGNITION_CANDIDATE,QUIET_NON_TRANSITION_FALLBACK,2026-07-11T11:00:00+00:00,1783767600000,False,0.34929009819906703,,15,1,False,60,10.272952853598017,10.272952853598017,15,IGNITION_CANDIDATE,AKEUSDT,10.272952853598017
1783146599999,1783145700000,3,CONTINUATION_RELOAD,QUIET_NON_TRANSITION_FALLBACK,2026-07-04T06:15:00+00:00,1783145700000,True,0.36128041673464734,30,15,4,False,60,-5.741387918122809,0.5491762356465202,60,IGNITION_CANDIDATE,AKEUSDT,-5.741387918122809
1783178099999,1783177200000,3,CONTINUATION_RELOAD,QUIET_NON_TRANSITION_FALLBACK,2026-07-04T15:00:00+00:00,1783177200000,True,0.36567162459332675,15,60,4,False,60,-1.942645698427392,1.325932778291694,60,IGNITION_CANDIDATE,AKEUSDT,1.325932778291694
1784016899999,1784016000000,3,ACCEPTED_IGNITION,QUIET_NON_TRANSITION_FALLBACK,2026-07-14T08:00:00+00:00,1784016000000,True,0.5453733345526989,45,15,4,False,60,-0.20671834625322072,0.31007751937985883,60,IGNITION_CANDIDATE,AKEUSDT,-0.20671834625322072
1783264499999,1783263600000,3,CONTINUATION_RELOAD,QUIET_NON_TRANSITION_FALLBACK,2026-07-05T15:00:00+00:00,1783263600000,True,0.6201198388665556,15,,4,False,60,-0.26560424966800555,-0.16600265604249653,60,IGNITION_CANDIDATE,AKEUSDT,-0.19920318725099584
1783128599999,1783127700000,3,CONTINUATION_RELOAD,QUIET_NON_TRANSITION_FALLBACK,2026-07-04T01:15:00+00:00,1783127700000,True,0.18893600415064452,45,15,12,False,180,-5.623242736644807,0.4217432052483483,180,IGNITION_CANDIDATE,AKEUSDT,-4.826616682286788
1783221299999,1783220400000,3,CONTINUATION_RELOAD,QUIET_NON_TRANSITION_FALLBACK,2026-07-05T03:00:00+00:00,1783220400000,True,0.21441883650473179,45,15,12,False,180,-0.4314636574842434,1.0952538997676564,180,IGNITION_CANDIDATE,AKEUSDT,-0.033189512114173425
1783328399999,1783327500000,3,CONTINUATION_RELOAD,QUIET_NON_TRANSITION_FALLBACK,2026-07-06T08:45:00+00:00,1783327500000,True,0.23275935730590772,15,75,12,False,180,-0.4283360790774404,0.3624382207578103,180,IGNITION_CANDIDATE,AKEUSDT,-0.2635914332784206
1783205099999,1783204200000,3,CONTINUATION_RELOAD,QUIET_NON_TRANSITION_FALLBACK,2026-07-04T22:30:00+00:00,1783204200000,True,0.2608344277047295,15,45,12,False,180,-2.265372168284774,1.4239482200647302,180,IGNITION_CANDIDATE,AKEUSDT,-1.3592233009708687
1783744199999,1783743300000,3,IGNITION_CANDIDATE,QUIET_NON_TRANSITION_FALLBACK,2026-07-11T04:15:00+00:00,1783743300000,True,0.26196656844051475,30,75,12,False,180,-1.0536879076768702,2.659307576517822,180,IGNITION_CANDIDATE,AKEUSDT,2.659307576517822
1783105199999,1783104300000,3,CONTINUATION_RELOAD,QUIET_NON_TRANSITION_FALLBACK,2026-07-03T18:45:00+00:00,1783104300000,True,0.28968549302558183,30,15,12,False,180,-20.055325034578143,0.1580715273661326,180,IGNITION_CANDIDATE,AKEUSDT,-18.63268128828295
1783244699999,1783243800000,3,CONTINUATION_RELOAD,QUIET_NON_TRANSITION_FALLBACK,2026-07-05T09:30:00+00:00,1783243800000,True,0.32271754900038424,15,75,12,False,180,-0.39827414537007,0.09956853634252028,180,IGNITION_CANDIDATE,AKEUSDT,-0.1327580484566937
1783768499999,1783767600000,3,IGNITION_CANDIDATE,QUIET_NON_TRANSITION_FALLBACK,2026-07-11T11:00:00+00:00,1783767600000,False,0.34929009819906703,,15,1,False,180,10.272952853598017,10.272952853598017,15,IGNITION_CANDIDATE,AKEUSDT,10.272952853598017
1783146599999,1783145700000,3,CONTINUATION_RELOAD,QUIET_NON_TRANSITION_FALLBACK,2026-07-04T06:15:00+00:00,1783145700000,True,0.36128041673464734,30,15,12,False,180,-25.636545182226666,0.5491762356465202,180,IGNITION_CANDIDATE,AKEUSDT,-23.839241138292554
1783178099999,1783177200000,3,CONTINUATION_RELOAD,QUIET_NON_TRANSITION_FALLBACK,2026-07-04T15:00:00+00:00,1783177200000,True,0.36567162459332675,15,60,12,False,180,-5.766265803268588,1.325932778291694,180,IGNITION_CANDIDATE,AKEUSDT,-5.365402405180397
1784016899999,1784016000000,3,ACCEPTED_IGNITION,QUIET_NON_TRANSITION_FALLBACK,2026-07-14T08:00:00+00:00,1784016000000,True,0.5453733345526989,45,15,12,False,180,-0.46511627906976605,0.5167958656330907,180,IGNITION_CANDIDATE,AKEUSDT,-0.20671834625322072
1783264499999,1783263600000,3,CONTINUATION_RELOAD,QUIET_NON_TRANSITION_FALLBACK,2026-07-05T15:00:00+00:00,1783263600000,True,0.6201198388665556,15,165,12,False,180,-0.3652058432935035,0.16600265604249653,180,IGNITION_CANDIDATE,AKEUSDT,0.16600265604249653
1783128599999,1783127700000,3,CONTINUATION_RELOAD,QUIET_NON_TRANSITION_FALLBACK,2026-07-04T01:15:00+00:00,1783127700000,True,0.18893600415064452,45,15,16,False,240,-6.4198687910028145,0.4217432052483483,240,IGNITION_CANDIDATE,AKEUSDT,-4.100281162136843
1783221299999,1783220400000,3,CONTINUATION_RELOAD,QUIET_NON_TRANSITION_FALLBACK,2026-07-05T03:00:00+00:00,1783220400000,True,0.21441883650473179,45,15,16,False,240,-0.4314636574842434,1.0952538997676564,240,IGNITION_CANDIDATE,AKEUSDT,0.16594756057086713
1783328399999,1783327500000,3,CONTINUATION_RELOAD,QUIET_NON_TRANSITION_FALLBACK,2026-07-06T08:45:00+00:00,1783327500000,True,0.23275935730590772,15,75,16,False,240,-0.658978583196046,0.3624382207578103,240,IGNITION_CANDIDATE,AKEUSDT,-0.658978583196046
1783205099999,1783204200000,3,CONTINUATION_RELOAD,QUIET_NON_TRANSITION_FALLBACK,2026-07-04T22:30:00+00:00,1783204200000,True,0.2608344277047295,15,45,16,False,240,-2.330097087378624,1.4239482200647302,240,IGNITION_CANDIDATE,AKEUSDT,-2.330097087378624
1783744199999,1783743300000,3,IGNITION_CANDIDATE,QUIET_NON_TRANSITION_FALLBACK,2026-07-11T04:15:00+00:00,1783743300000,True,0.26196656844051475,30,75,16,False,240,-1.0536879076768702,3.311590566984446,240,IGNITION_CANDIDATE,AKEUSDT,3.1610637230306216
1783105199999,1783104300000,3,CONTINUATION_RELOAD,QUIET_NON_TRANSITION_FALLBACK,2026-07-03T18:45:00+00:00,1783104300000,True,0.28968549302558183,30,15,16,False,240,-20.055325034578143,0.1580715273661326,240,IGNITION_CANDIDATE,AKEUSDT,-13.357044062438261
1783244699999,1783243800000,3,CONTINUATION_RELOAD,QUIET_NON_TRANSITION_FALLBACK,2026-07-05T09:30:00+00:00,1783243800000,True,0.32271754900038424,15,75,16,False,240,-0.39827414537007,0.49784268171257917,240,IGNITION_CANDIDATE,AKEUSDT,0.33189512114171205
1783768499999,1783767600000,3,IGNITION_CANDIDATE,QUIET_NON_TRANSITION_FALLBACK,2026-07-11T11:00:00+00:00,1783767600000,False,0.34929009819906703,,15,1,False,240,10.272952853598017,10.272952853598017,15,IGNITION_CANDIDATE,AKEUSDT,10.272952853598017
1783146599999,1783145700000,3,CONTINUATION_RELOAD,QUIET_NON_TRANSITION_FALLBACK,2026-07-04T06:15:00+00:00,1783145700000,True,0.36128041673464734,30,15,16,False,240,-25.636545182226666,0.5491762356465202,240,IGNITION_CANDIDATE,AKEUSDT,-23.96405391912132
1783178099999,1783177200000,3,CONTINUATION_RELOAD,QUIET_NON_TRANSITION_FALLBACK,2026-07-04T15:00:00+00:00,1783177200000,True,0.36567162459332675,15,60,16,False,240,-5.982115325316073,1.325932778291694,240,IGNITION_CANDIDATE,AKEUSDT,-5.303731113166831
1784016899999,1784016000000,3,ACCEPTED_IGNITION,QUIET_NON_TRANSITION_FALLBACK,2026-07-14T08:00:00+00:00,1784016000000,True,0.5453733345526989,45,15,16,False,240,-1.8604651162790642,0.5167958656330907,240,IGNITION_CANDIDATE,AKEUSDT,-1.7571059431524372
1783264499999,1783263600000,3,CONTINUATION_RELOAD,QUIET_NON_TRANSITION_FALLBACK,2026-07-05T15:00:00+00:00,1783263600000,True,0.6201198388665556,15,165,16,False,240,-0.3652058432935035,0.29880478087649376,240,IGNITION_CANDIDATE,AKEUSDT,0.06640106241699861
1783128599999,1783127700000,3,CONTINUATION_RELOAD,QUIET_NON_TRANSITION_FALLBACK,2026-07-04T01:15:00+00:00,1783127700000,True,0.18893600415064452,45,15,48,False,720,-30.201499531396447,0.4217432052483483,720,IGNITION_CANDIDATE,AKEUSDT,-23.61761949390816
1783221299999,1783220400000,3,CONTINUATION_RELOAD,QUIET_NON_TRANSITION_FALLBACK,2026-07-05T03:00:00+00:00,1783220400000,True,0.21441883650473179,45,15,48,False,720,-0.4314636574842434,1.0952538997676564,720,IGNITION_CANDIDATE,AKEUSDT,-0.033189512114173425
1783328399999,1783327500000,3,CONTINUATION_RELOAD,QUIET_NON_TRANSITION_FALLBACK,2026-07-06T08:45:00+00:00,1783327500000,True,0.23275935730590772,15,75,48,False,720,-0.8237232289950547,2.7347611202635846,720,IGNITION_CANDIDATE,AKEUSDT,1.3509060955518848
1783205099999,1783204200000,3,CONTINUATION_RELOAD,QUIET_NON_TRANSITION_FALLBACK,2026-07-04T22:30:00+00:00,1783204200000,True,0.2608344277047295,15,45,48,False,720,-2.9126213592232997,1.4239482200647302,720,IGNITION_CANDIDATE,AKEUSDT,-2.5889967637540368
1783744199999,1783743300000,3,IGNITION_CANDIDATE,QUIET_NON_TRANSITION_FALLBACK,2026-07-11T04:15:00+00:00,1783743300000,False,0.26196656844051475,30,75,28,False,720,-1.0536879076768702,11.49021575514302,420,IGNITION_CANDIDATE,AKEUSDT,11.49021575514302
1783105199999,1783104300000,3,CONTINUATION_RELOAD,QUIET_NON_TRANSITION_FALLBACK,2026-07-03T18:45:00+00:00,1783104300000,True,0.28968549302558183,30,15,48,False,720,-21.39893301719027,0.1580715273661326,720,IGNITION_CANDIDATE,AKEUSDT,-21.379174076269504
1783244699999,1783243800000,3,CONTINUATION_RELOAD,QUIET_NON_TRANSITION_FALLBACK,2026-07-05T09:30:00+00:00,1783243800000,True,0.32271754900038424,15,75,48,False,720,-0.39827414537007,0.49784268171257917,720,IGNITION_CANDIDATE,AKEUSDT,0.033189512114173425
1783768499999,1783767600000,3,IGNITION_CANDIDATE,QUIET_NON_TRANSITION_FALLBACK,2026-07-11T11:00:00+00:00,1783767600000,False,0.34929009819906703,,15,1,False,720,10.272952853598017,10.272952853598017,15,IGNITION_CANDIDATE,AKEUSDT,10.272952853598017
1783146599999,1783145700000,3,CONTINUATION_RELOAD,QUIET_NON_TRANSITION_FALLBACK,2026-07-04T06:15:00+00:00,1783145700000,True,0.36128041673464734,30,15,48,False,720,-25.636545182226666,0.5491762356465202,720,IGNITION_CANDIDATE,AKEUSDT,-23.09036445332001
1783178099999,1783177200000,3,CONTINUATION_RELOAD,QUIET_NON_TRANSITION_FALLBACK,2026-07-04T15:00:00+00:00,1783177200000,True,0.36567162459332675,15,60,48,False,720,-7.092198581560294,1.325932778291694,720,IGNITION_CANDIDATE,AKEUSDT,-7.092198581560294
1784016899999,1784016000000,3,ACCEPTED_IGNITION,QUIET_NON_TRANSITION_FALLBACK,2026-07-14T08:00:00+00:00,1784016000000,True,0.5453733345526989,45,15,48,False,720,-2.428940568475446,0.5167958656330907,720,IGNITION_CANDIDATE,AKEUSDT,-2.170542635658912
1783264499999,1783263600000,3,CONTINUATION_RELOAD,QUIET_NON_TRANSITION_FALLBACK,2026-07-05T15:00:00+00:00,1783263600000,True,0.6201198388665556,15,165,48,False,720,-0.3652058432935035,0.5312084993359889,720,IGNITION_CANDIDATE,AKEUSDT,0.19920318725099584
1783128599999,1783127700000,3,CONTINUATION_RELOAD,QUIET_NON_TRANSITION_FALLBACK,2026-07-04T01:15:00+00:00,1783127700000,True,0.18893600415064452,45,15,96,False,1440,-30.201499531396447,0.4217432052483483,1440,IGNITION_CANDIDATE,AKEUSDT,-28.95970009372072
1783221299999,1783220400000,3,CONTINUATION_RELOAD,QUIET_NON_TRANSITION_FALLBACK,2026-07-05T03:00:00+00:00,1783220400000,True,0.21441883650473179,45,15,96,False,1440,-0.4314636574842434,1.0952538997676564,1440,IGNITION_CANDIDATE,AKEUSDT,0.16594756057086713
1783328399999,1783327500000,3,CONTINUATION_RELOAD,QUIET_NON_TRANSITION_FALLBACK,2026-07-06T08:45:00+00:00,1783327500000,True,0.23275935730590772,15,75,96,False,1440,-24.678747940691924,2.7347611202635846,1440,IGNITION_CANDIDATE,AKEUSDT,-24.678747940691924
1783205099999,1783204200000,3,CONTINUATION_RELOAD,QUIET_NON_TRANSITION_FALLBACK,2026-07-04T22:30:00+00:00,1783204200000,True,0.2608344277047295,15,45,96,False,1440,-2.9126213592232997,1.4239482200647302,1440,IGNITION_CANDIDATE,AKEUSDT,-2.7184466019417486
1783744199999,1783743300000,3,IGNITION_CANDIDATE,QUIET_NON_TRANSITION_FALLBACK,2026-07-11T04:15:00+00:00,1783743300000,False,0.26196656844051475,30,75,28,False,1440,-1.0536879076768702,11.49021575514302,420,IGNITION_CANDIDATE,AKEUSDT,11.49021575514302
1783105199999,1783104300000,3,CONTINUATION_RELOAD,QUIET_NON_TRANSITION_FALLBACK,2026-07-03T18:45:00+00:00,1783104300000,True,0.28968549302558183,30,15,96,False,1440,-41.13811499703617,0.1580715273661326,1440,IGNITION_CANDIDATE,AKEUSDT,-39.754989132582494
1783244699999,1783243800000,3,CONTINUATION_RELOAD,QUIET_NON_TRANSITION_FALLBACK,2026-07-05T09:30:00+00:00,1783243800000,True,0.32271754900038424,15,75,96,False,1440,-0.39827414537007,4.513773647527386,1440,IGNITION_CANDIDATE,AKEUSDT,0.7301692665117709
1783768499999,1783767600000,3,IGNITION_CANDIDATE,QUIET_NON_TRANSITION_FALLBACK,2026-07-11T11:00:00+00:00,1783767600000,False,0.34929009819906703,,15,1,False,1440,10.272952853598017,10.272952853598017,15,IGNITION_CANDIDATE,AKEUSDT,10.272952853598017
1783146599999,1783145700000,3,CONTINUATION_RELOAD,QUIET_NON_TRANSITION_FALLBACK,2026-07-04T06:15:00+00:00,1783145700000,True,0.36128041673464734,30,15,96,False,1440,-25.636545182226666,0.5491762356465202,1440,IGNITION_CANDIDATE,AKEUSDT,-25.03744383424863
1783178099999,1783177200000,3,CONTINUATION_RELOAD,QUIET_NON_TRANSITION_FALLBACK,2026-07-04T15:00:00+00:00,1783177200000,True,0.36567162459332675,15,60,96,False,1440,-7.493061979648486,1.325932778291694,1440,IGNITION_CANDIDATE,AKEUSDT,-7.1230342275670715
1784016899999,1784016000000,3,ACCEPTED_IGNITION,QUIET_NON_TRANSITION_FALLBACK,2026-07-14T08:00:00+00:00,1784016000000,True,0.5453733345526989,45,15,96,False,1440,-3.20413436692506,189.19896640826877,1440,IGNITION_CANDIDATE,AKEUSDT,178.9664082687339
1783264499999,1783263600000,3,CONTINUATION_RELOAD,QUIET_NON_TRANSITION_FALLBACK,2026-07-05T15:00:00+00:00,1783263600000,True,0.6201198388665556,15,165,96,False,1440,-0.3652058432935035,4.548472775564405,1440,IGNITION_CANDIDATE,AKEUSDT,-0.06640106241699861
1783129499999,1783128600000,4,CONTINUATION_RELOAD,QUIET_NON_TRANSITION_FALLBACK,2026-07-04T01:30:00+00:00,1783128600000,True,0.050179551726075466,30,,3,False,45,-3.0797946803546417,0.0,45,EARLY_BUILD,AKEUSDT,-3.0797946803546417
1783744199999,1783743300000,4,IGNITION_CANDIDATE,QUIET_NON_TRANSITION_FALLBACK,2026-07-11T04:15:00+00:00,1783743300000,True,0.07643585900025088,30,,3,False,45,-1.0536879076768702,0.0,45,EARLY_BUILD,AKEUSDT,-0.7526342197691882
1783768499999,1783767600000,4,IGNITION_CANDIDATE,QUIET_NON_TRANSITION_FALLBACK,2026-07-11T11:00:00+00:00,1783767600000,False,0.0868489409552356,,15,1,False,45,10.272952853598017,10.272952853598017,15,EARLY_BUILD,AKEUSDT,10.272952853598017
1783333799999,1783332900000,4,CONTINUATION_RELOAD,QUIET_NON_TRANSITION_FALLBACK,2026-07-06T10:15:00+00:00,1783332900000,True,0.09068971992108128,,15,3,False,45,0.033036009250086984,0.4294681202510864,45,EARLY_BUILD,AKEUSDT,0.4294681202510864
1783214099999,1783213200000,4,CONTINUATION_RELOAD,QUIET_NON_TRANSITION_FALLBACK,2026-07-05T01:00:00+00:00,1783213200000,True,0.12480164811619242,,15,3,False,45,0.3973509933774766,0.9271523178807861,45,EARLY_BUILD,AKEUSDT,0.8940397350993168
1783243799999,1783242900000,4,CONTINUATION_RELOAD,QUIET_NON_TRANSITION_FALLBACK,2026-07-05T09:15:00+00:00,1783242900000,True,0.19474467844713694,30,15,3,False,45,-0.33211557622053745,0.06642311524409639,45,EARLY_BUILD,AKEUSDT,-0.33211557622053745
1783228499999,1783227600000,4,CONTINUATION_RELOAD,QUIET_NON_TRANSITION_FALLBACK,2026-07-05T05:00:00+00:00,1783227600000,True,0.20797857521989074,30,15,3,False,45,-1.2508229098091017,0.03291639236340238,45,EARLY_BUILD,AKEUSDT,-1.2508229098091017
1783146599999,1783145700000,4,CONTINUATION_RELOAD,QUIET_NON_TRANSITION_FALLBACK,2026-07-04T06:15:00+00:00,1783145700000,True,0.2850229427404234,30,15,3,False,45,-0.7239141288067796,0.5491762356465202,45,EARLY_BUILD,AKEUSDT,-0.7239141288067796
1784017799999,1784016900000,4,ACCEPTED_IGNITION,QUIET_NON_TRANSITION_FALLBACK,2026-07-14T08:15:00+00:00,1784016900000,True,0.3644216457134673,15,,3,False,45,-0.5151983513652758,-0.05151983513652647,45,EARLY_BUILD,AKEUSDT,-0.5151983513652758
1783103399999,1783102500000,4,CONTINUATION_RELOAD,QUIET_NON_TRANSITION_FALLBACK,2026-07-03T18:15:00+00:00,1783102500000,True,0.41819071505477035,,15,3,False,45,0.846432889963733,2.1563885530028193,45,EARLY_BUILD,AKEUSDT,2.1563885530028193
1783199699999,1783198800000,4,CONTINUATION_RELOAD,QUIET_NON_TRANSITION_FALLBACK,2026-07-04T21:00:00+00:00,1783198800000,True,0.45089149520566996,15,45,3,False,45,-0.3567953292247905,0.3243593902043429,45,EARLY_BUILD,AKEUSDT,0.3243593902043429
1783263599999,1783262700000,4,CONTINUATION_RELOAD,QUIET_NON_TRANSITION_FALLBACK,2026-07-05T14:45:00+00:00,1783262700000,True,0.4761055915105635,30,15,3,False,45,-0.16605778811026317,0.033211557622059296,45,EARLY_BUILD,AKEUSDT,-0.16605778811026317
1783129499999,1783128600000,4,CONTINUATION_RELOAD,QUIET_NON_TRANSITION_FALLBACK,2026-07-04T01:30:00+00:00,1783128600000,True,0.050179551726075466,30,,4,False,60,-4.083061129258048,0.0,60,EARLY_BUILD,AKEUSDT,-4.083061129258048
1783744199999,1783743300000,4,IGNITION_CANDIDATE,QUIET_NON_TRANSITION_FALLBACK,2026-07-11T04:15:00+00:00,1783743300000,True,0.07643585900025088,30,,4,False,60,-1.0536879076768702,0.0,60,EARLY_BUILD,AKEUSDT,-0.10035122930256435
1783768499999,1783767600000,4,IGNITION_CANDIDATE,QUIET_NON_TRANSITION_FALLBACK,2026-07-11T11:00:00+00:00,1783767600000,False,0.0868489409552356,,15,1,False,60,10.272952853598017,10.272952853598017,15,EARLY_BUILD,AKEUSDT,10.272952853598017
1783333799999,1783332900000,4,CONTINUATION_RELOAD,QUIET_NON_TRANSITION_FALLBACK,2026-07-06T10:15:00+00:00,1783332900000,True,0.09068971992108128,60,15,4,False,60,-0.16518004625041272,0.4294681202510864,60,EARLY_BUILD,AKEUSDT,-0.16518004625041272
1783214099999,1783213200000,4,CONTINUATION_RELOAD,QUIET_NON_TRANSITION_FALLBACK,2026-07-05T01:00:00+00:00,1783213200000,True,0.12480164811619242,,15,4,False,60,0.16556291390728006,0.9271523178807861,60,EARLY_BUILD,AKEUSDT,0.16556291390728006
1783243799999,1783242900000,4,CONTINUATION_RELOAD,QUIET_NON_TRANSITION_FALLBACK,2026-07-05T09:15:00+00:00,1783242900000,True,0.19474467844713694,30,15,4,False,60,-0.33211557622053745,0.06642311524409639,60,EARLY_BUILD,AKEUSDT,0.0
1783228499999,1783227600000,4,CONTINUATION_RELOAD,QUIET_NON_TRANSITION_FALLBACK,2026-07-05T05:00:00+00:00,1783227600000,True,0.20797857521989074,30,15,4,False,60,-1.2508229098091017,0.03291639236340238,60,EARLY_BUILD,AKEUSDT,-0.8558262014483287
1783146599999,1783145700000,4,CONTINUATION_RELOAD,QUIET_NON_TRANSITION_FALLBACK,2026-07-04T06:15:00+00:00,1783145700000,True,0.2850229427404234,30,15,4,False,60,-5.741387918122809,0.5491762356465202,60,EARLY_BUILD,AKEUSDT,-5.741387918122809
1784017799999,1784016900000,4,ACCEPTED_IGNITION,QUIET_NON_TRANSITION_FALLBACK,2026-07-14T08:15:00+00:00,1784016900000,True,0.3644216457134673,15,,4,False,60,-0.5151983513652758,-0.05151983513652647,60,EARLY_BUILD,AKEUSDT,-0.15455950540959051
1783103399999,1783102500000,4,CONTINUATION_RELOAD,QUIET_NON_TRANSITION_FALLBACK,2026-07-03T18:15:00+00:00,1783102500000,True,0.41819071505477035,,15,4,False,60,0.6449012494961659,2.1563885530028193,60,EARLY_BUILD,AKEUSDT,0.6449012494961659
1783199699999,1783198800000,4,CONTINUATION_RELOAD,QUIET_NON_TRANSITION_FALLBACK,2026-07-04T21:00:00+00:00,1783198800000,True,0.45089149520566996,15,45,4,False,60,-0.8433344145313049,0.3243593902043429,60,EARLY_BUILD,AKEUSDT,-0.8433344145313049
1783263599999,1783262700000,4,CONTINUATION_RELOAD,QUIET_NON_TRANSITION_FALLBACK,2026-07-05T14:45:00+00:00,1783262700000,True,0.4761055915105635,30,15,4,False,60,-0.23248090335437066,0.033211557622059296,60,EARLY_BUILD,AKEUSDT,-0.23248090335437066
1783129499999,1783128600000,4,CONTINUATION_RELOAD,QUIET_NON_TRANSITION_FALLBACK,2026-07-04T01:30:00+00:00,1783128600000,True,0.050179551726075466,30,,12,False,180,-6.369575361642566,0.0,180,EARLY_BUILD,AKEUSDT,-6.369575361642566
1783744199999,1783743300000,4,IGNITION_CANDIDATE,QUIET_NON_TRANSITION_FALLBACK,2026-07-11T04:15:00+00:00,1783743300000,True,0.07643585900025088,30,75,12,False,180,-1.0536879076768702,2.659307576517822,180,EARLY_BUILD,AKEUSDT,2.659307576517822
1783768499999,1783767600000,4,IGNITION_CANDIDATE,QUIET_NON_TRANSITION_FALLBACK,2026-07-11T11:00:00+00:00,1783767600000,False,0.0868489409552356,,15,1,False,180,10.272952853598017,10.272952853598017,15,EARLY_BUILD,AKEUSDT,10.272952853598017
1783333799999,1783332900000,4,CONTINUATION_RELOAD,QUIET_NON_TRANSITION_FALLBACK,2026-07-06T10:15:00+00:00,1783332900000,True,0.09068971992108128,60,15,12,False,180,-0.3964321110009883,0.4294681202510864,180,EARLY_BUILD,AKEUSDT,0.09910802775026095
1783214099999,1783213200000,4,CONTINUATION_RELOAD,QUIET_NON_TRANSITION_FALLBACK,2026-07-05T01:00:00+00:00,1783213200000,True,0.12480164811619242,90,15,12,False,180,-0.33112582781458233,1.5562913907284592,180,EARLY_BUILD,AKEUSDT,-0.0993377483443747
1783243799999,1783242900000,4,CONTINUATION_RELOAD,QUIET_NON_TRANSITION_FALLBACK,2026-07-05T09:15:00+00:00,1783242900000,True,0.19474467844713694,30,15,12,False,180,-0.33211557622053745,0.16605778811027427,180,EARLY_BUILD,AKEUSDT,-0.13284623048821498
1783228499999,1783227600000,4,CONTINUATION_RELOAD,QUIET_NON_TRANSITION_FALLBACK,2026-07-05T05:00:00+00:00,1783227600000,True,0.20797857521989074,30,15,12,False,180,-1.2508229098091017,0.03291639236340238,180,EARLY_BUILD,AKEUSDT,-0.6583278472679366
1783146599999,1783145700000,4,CONTINUATION_RELOAD,QUIET_NON_TRANSITION_FALLBACK,2026-07-04T06:15:00+00:00,1783145700000,True,0.2850229427404234,30,15,12,False,180,-25.636545182226666,0.5491762356465202,180,EARLY_BUILD,AKEUSDT,-23.839241138292554
1784017799999,1784016900000,4,ACCEPTED_IGNITION,QUIET_NON_TRANSITION_FALLBACK,2026-07-14T08:15:00+00:00,1784016900000,True,0.3644216457134673,15,105,12,False,180,-2.163833075734156,0.20607934054610588,180,EARLY_BUILD,AKEUSDT,-2.163833075734156
1783103399999,1783102500000,4,CONTINUATION_RELOAD,QUIET_NON_TRANSITION_FALLBACK,2026-07-03T18:15:00+00:00,1783102500000,True,0.41819071505477035,165,15,12,False,180,-11.043933897621926,2.1563885530028193,180,EARLY_BUILD,AKEUSDT,-11.043933897621926
1783199699999,1783198800000,4,CONTINUATION_RELOAD,QUIET_NON_TRANSITION_FALLBACK,2026-07-04T21:00:00+00:00,1783198800000,True,0.45089149520566996,15,45,12,False,180,-0.8433344145313049,1.6542328900421621,180,EARLY_BUILD,AKEUSDT,0.8757703535517303
1783263599999,1783262700000,4,CONTINUATION_RELOAD,QUIET_NON_TRANSITION_FALLBACK,2026-07-05T14:45:00+00:00,1783262700000,True,0.4761055915105635,30,15,12,False,180,-0.33211557622053745,0.19926934573231136,180,EARLY_BUILD,AKEUSDT,0.19926934573231136
1783129499999,1783128600000,4,CONTINUATION_RELOAD,QUIET_NON_TRANSITION_FALLBACK,2026-07-04T01:30:00+00:00,1783128600000,True,0.050179551726075466,30,,16,False,240,-6.812879141390571,0.0,240,EARLY_BUILD,AKEUSDT,-4.993000466635566
1783744199999,1783743300000,4,IGNITION_CANDIDATE,QUIET_NON_TRANSITION_FALLBACK,2026-07-11T04:15:00+00:00,1783743300000,True,0.07643585900025088,30,75,16,False,240,-1.0536879076768702,3.311590566984446,240,EARLY_BUILD,AKEUSDT,3.1610637230306216
1783768499999,1783767600000,4,IGNITION_CANDIDATE,QUIET_NON_TRANSITION_FALLBACK,2026-07-11T11:00:00+00:00,1783767600000,False,0.0868489409552356,,15,1,False,240,10.272952853598017,10.272952853598017,15,EARLY_BUILD,AKEUSDT,10.272952853598017
1783333799999,1783332900000,4,CONTINUATION_RELOAD,QUIET_NON_TRANSITION_FALLBACK,2026-07-06T10:15:00+00:00,1783332900000,True,0.09068971992108128,60,15,16,False,240,-0.561612157251401,0.4294681202510864,240,EARLY_BUILD,AKEUSDT,-0.13214403700033683
1783214099999,1783213200000,4,CONTINUATION_RELOAD,QUIET_NON_TRANSITION_FALLBACK,2026-07-05T01:00:00+00:00,1783213200000,True,0.12480164811619242,90,15,16,False,240,-0.33112582781458233,1.5562913907284592,240,EARLY_BUILD,AKEUSDT,0.596026490066226
1783243799999,1783242900000,4,CONTINUATION_RELOAD,QUIET_NON_TRANSITION_FALLBACK,2026-07-05T09:15:00+00:00,1783242900000,True,0.19474467844713694,30,15,16,False,240,-0.33211557622053745,0.564596479574897,240,EARLY_BUILD,AKEUSDT,0.06642311524409639
1783228499999,1783227600000,4,CONTINUATION_RELOAD,QUIET_NON_TRANSITION_FALLBACK,2026-07-05T05:00:00+00:00,1783227600000,True,0.20797857521989074,30,15,16,False,240,-1.2508229098091017,0.03291639236340238,240,EARLY_BUILD,AKEUSDT,-0.6583278472679366
1783146599999,1783145700000,4,CONTINUATION_RELOAD,QUIET_NON_TRANSITION_FALLBACK,2026-07-04T06:15:00+00:00,1783145700000,True,0.2850229427404234,30,15,16,False,240,-25.636545182226666,0.5491762356465202,240,EARLY_BUILD,AKEUSDT,-23.96405391912132
1784017799999,1784016900000,4,ACCEPTED_IGNITION,QUIET_NON_TRANSITION_FALLBACK,2026-07-14T08:15:00+00:00,1784016900000,True,0.3644216457134673,15,105,16,False,240,-2.7305512622359585,0.20607934054610588,240,EARLY_BUILD,AKEUSDT,-2.7305512622359585
1783103399999,1783102500000,4,CONTINUATION_RELOAD,QUIET_NON_TRANSITION_FALLBACK,2026-07-03T18:15:00+00:00,1783102500000,True,0.41819071505477035,165,15,16,False,240,-18.46029826682789,2.1563885530028193,240,EARLY_BUILD,AKEUSDT,-12.293430068520761
1783199699999,1783198800000,4,CONTINUATION_RELOAD,QUIET_NON_TRANSITION_FALLBACK,2026-07-04T21:00:00+00:00,1783198800000,True,0.45089149520566996,15,45,16,False,240,-2.043464158287378,1.6542328900421621,240,EARLY_BUILD,AKEUSDT,-2.043464158287378
1783263599999,1783262700000,4,CONTINUATION_RELOAD,QUIET_NON_TRANSITION_FALLBACK,2026-07-05T14:45:00+00:00,1783262700000,True,0.4761055915105635,30,15,16,False,240,-0.33211557622053745,0.33211557622052634,240,EARLY_BUILD,AKEUSDT,0.33211557622052634
1783129499999,1783128600000,4,CONTINUATION_RELOAD,QUIET_NON_TRANSITION_FALLBACK,2026-07-04T01:30:00+00:00,1783128600000,True,0.050179551726075466,30,,48,False,720,-30.49463369108727,0.0,720,EARLY_BUILD,AKEUSDT,-22.88847410172655
1783744199999,1783743300000,4,IGNITION_CANDIDATE,QUIET_NON_TRANSITION_FALLBACK,2026-07-11T04:15:00+00:00,1783743300000,False,0.07643585900025088,30,75,28,False,720,-1.0536879076768702,11.49021575514302,420,EARLY_BUILD,AKEUSDT,11.49021575514302
1783768499999,1783767600000,4,IGNITION_CANDIDATE,QUIET_NON_TRANSITION_FALLBACK,2026-07-11T11:00:00+00:00,1783767600000,False,0.0868489409552356,,15,1,False,720,10.272952853598017,10.272952853598017,15,EARLY_BUILD,AKEUSDT,10.272952853598017
1783333799999,1783332900000,4,CONTINUATION_RELOAD,QUIET_NON_TRANSITION_FALLBACK,2026-07-06T10:15:00+00:00,1783332900000,True,0.09068971992108128,60,15,48,False,720,-0.561612157251401,3.006276841757516,720,EARLY_BUILD,AKEUSDT,1.6848364717542141
1783214099999,1783213200000,4,CONTINUATION_RELOAD,QUIET_NON_TRANSITION_FALLBACK,2026-07-05T01:00:00+00:00,1783213200000,True,0.12480164811619242,90,15,48,False,720,-0.6622516556291536,1.5562913907284592,720,EARLY_BUILD,AKEUSDT,0.26490066225164366
1783243799999,1783242900000,4,CONTINUATION_RELOAD,QUIET_NON_TRANSITION_FALLBACK,2026-07-05T09:15:00+00:00,1783242900000,True,0.19474467844713694,30,15,48,False,720,-0.33211557622053745,0.564596479574897,720,EARLY_BUILD,AKEUSDT,0.13284623048821498
1783228499999,1783227600000,4,CONTINUATION_RELOAD,QUIET_NON_TRANSITION_FALLBACK,2026-07-05T05:00:00+00:00,1783227600000,True,0.20797857521989074,30,15,48,False,720,-1.2508229098091017,0.03291639236340238,720,EARLY_BUILD,AKEUSDT,-0.987491770901916
1783146599999,1783145700000,4,CONTINUATION_RELOAD,QUIET_NON_TRANSITION_FALLBACK,2026-07-04T06:15:00+00:00,1783145700000,True,0.2850229427404234,30,15,48,False,720,-25.636545182226666,0.5491762356465202,720,EARLY_BUILD,AKEUSDT,-23.09036445332001
1784017799999,1784016900000,4,ACCEPTED_IGNITION,QUIET_NON_TRANSITION_FALLBACK,2026-07-14T08:15:00+00:00,1784016900000,True,0.3644216457134673,15,105,48,False,720,-2.7305512622359585,0.20607934054610588,720,EARLY_BUILD,AKEUSDT,-2.679031427099432
1783103399999,1783102500000,4,CONTINUATION_RELOAD,QUIET_NON_TRANSITION_FALLBACK,2026-07-03T18:15:00+00:00,1783102500000,True,0.41819071505477035,165,15,48,False,720,-19.83071342200725,2.1563885530028193,720,EARLY_BUILD,AKEUSDT,-19.266424828698113
1783199699999,1783198800000,4,CONTINUATION_RELOAD,QUIET_NON_TRANSITION_FALLBACK,2026-07-04T21:00:00+00:00,1783198800000,True,0.45089149520566996,15,45,48,False,720,-2.692182938696086,1.6542328900421621,720,EARLY_BUILD,AKEUSDT,-2.108336036328251
1783263599999,1783262700000,4,CONTINUATION_RELOAD,QUIET_NON_TRANSITION_FALLBACK,2026-07-05T14:45:00+00:00,1783262700000,True,0.4761055915105635,30,15,48,False,720,-0.33211557622053745,0.564596479574897,720,EARLY_BUILD,AKEUSDT,0.29890401859848925
1783129499999,1783128600000,4,CONTINUATION_RELOAD,QUIET_NON_TRANSITION_FALLBACK,2026-07-04T01:30:00+00:00,1783128600000,True,0.050179551726075466,30,,96,False,1440,-30.49463369108727,0.0,1440,EARLY_BUILD,AKEUSDT,-28.884741017265526
1783744199999,1783743300000,4,IGNITION_CANDIDATE,QUIET_NON_TRANSITION_FALLBACK,2026-07-11T04:15:00+00:00,1783743300000,False,0.07643585900025088,30,75,28,False,1440,-1.0536879076768702,11.49021575514302,420,EARLY_BUILD,AKEUSDT,11.49021575514302
1783768499999,1783767600000,4,IGNITION_CANDIDATE,QUIET_NON_TRANSITION_FALLBACK,2026-07-11T11:00:00+00:00,1783767600000,False,0.0868489409552356,,15,1,False,1440,10.272952853598017,10.272952853598017,15,EARLY_BUILD,AKEUSDT,10.272952853598017
1783333799999,1783332900000,4,CONTINUATION_RELOAD,QUIET_NON_TRANSITION_FALLBACK,2026-07-06T10:15:00+00:00,1783332900000,True,0.09068971992108128,60,15,96,False,1440,-29.831516352824572,3.006276841757516,1440,EARLY_BUILD,AKEUSDT,-29.831516352824572
1783214099999,1783213200000,4,CONTINUATION_RELOAD,QUIET_NON_TRANSITION_FALLBACK,2026-07-05T01:00:00+00:00,1783213200000,True,0.12480164811619242,90,15,96,False,1440,-0.6622516556291536,1.5562913907284592,1440,EARLY_BUILD,AKEUSDT,-0.2980132450331241
1783243799999,1783242900000,4,CONTINUATION_RELOAD,QUIET_NON_TRANSITION_FALLBACK,2026-07-05T09:15:00+00:00,1783242900000,True,0.19474467844713694,30,15,96,False,1440,-0.33211557622053745,4.58319495184325,1440,EARLY_BUILD,AKEUSDT,0.697442710063112
1783228499999,1783227600000,4,CONTINUATION_RELOAD,QUIET_NON_TRANSITION_FALLBACK,2026-07-05T05:00:00+00:00,1783227600000,True,0.20797857521989074,30,15,96,False,1440,-1.2508229098091017,0.03291639236340238,1440,EARLY_BUILD,AKEUSDT,-0.5266622778143604
1783146599999,1783145700000,4,CONTINUATION_RELOAD,QUIET_NON_TRANSITION_FALLBACK,2026-07-04T06:15:00+00:00,1783145700000,True,0.2850229427404234,30,15,96,False,1440,-25.636545182226666,0.5491762356465202,1440,EARLY_BUILD,AKEUSDT,-25.03744383424863
1784017799999,1784016900000,4,ACCEPTED_IGNITION,QUIET_NON_TRANSITION_FALLBACK,2026-07-14T08:15:00+00:00,1784016900000,True,0.3644216457134673,15,105,96,False,1440,-3.5033487892838777,216.38330757341575,1440,EARLY_BUILD,AKEUSDT,216.38330757341575
1783103399999,1783102500000,4,CONTINUATION_RELOAD,QUIET_NON_TRANSITION_FALLBACK,2026-07-03T18:15:00+00:00,1783102500000,True,0.41819071505477035,165,15,96,False,1440,-39.96372430471585,2.1563885530028193,1440,EARLY_BUILD,AKEUSDT,-37.908101571946794
1783199699999,1783198800000,4,CONTINUATION_RELOAD,QUIET_NON_TRANSITION_FALLBACK,2026-07-04T21:00:00+00:00,1783198800000,True,0.45089149520566996,15,45,96,False,1440,-2.692182938696086,1.6542328900421621,1440,EARLY_BUILD,AKEUSDT,-1.7839766461239082
1783263599999,1783262700000,4,CONTINUATION_RELOAD,QUIET_NON_TRANSITION_FALLBACK,2026-07-05T14:45:00+00:00,1783262700000,True,0.4761055915105635,30,15,96,False,1440,-0.33211557622053745,4.58319495184325,1440,EARLY_BUILD,AKEUSDT,0.26569246097642996
1783904399999,1783903500000,4,CONFIRMED_BUILD,QUIET_NON_TRANSITION_FALLBACK,2026-07-13T00:45:00+00:00,1783903500000,True,0.12378062926181982,45,30,3,False,45,-1.8585441404233238,0.10325245224573898,45,CONFIRMED_BUILD,AKEUSDT,-1.8585441404233238
1783945799999,1783944900000,4,CONFIRMED_BUILD,QUIET_NON_TRANSITION_FALLBACK,2026-07-13T12:15:00+00:00,1783944900000,True,0.13729103063639525,15,30,3,False,45,-0.052603892688063425,0.36822724881639957,45,CONFIRMED_BUILD,AKEUSDT,0.2630194634402949
1784021399999,1784020500000,4,ACCEPTED_IGNITION,QUIET_NON_TRANSITION_FALLBACK,2026-07-14T09:15:00+00:00,1784020500000,True,0.15058269432322924,15,45,3,False,45,-0.25799793601650745,0.3611971104231282,45,CONFIRMED_BUILD,AKEUSDT,0.3611971104231282
1783349099999,1783348200000,4,CONTINUATION_RELOAD,QUIET_NON_TRANSITION_FALLBACK,2026-07-06T14:30:00+00:00,1783348200000,True,0.2261654014549084,15,45,3,False,45,-0.4300363876943325,0.0992391663910075,45,CONFIRMED_BUILD,AKEUSDT,0.0992391663910075
1783749599999,1783748700000,4,IGNITION_CANDIDATE,QUIET_NON_TRANSITION_FALLBACK,2026-07-11T05:45:00+00:00,1783748700000,True,0.23045077874990302,15,,3,False,45,-0.990099009900991,-0.24752475247525885,45,CONFIRMED_BUILD,AKEUSDT,-0.24752475247525885
1783261799999,1783260900000,4,CONTINUATION_RELOAD,QUIET_NON_TRANSITION_FALLBACK,2026-07-05T14:15:00+00:00,1783260900000,True,0.2403249149479922,15,,3,False,45,-0.1988730527013649,-0.1657275439178041,45,CONFIRMED_BUILD,AKEUSDT,-0.1657275439178041
1783379699999,1783378800000,4,CONTINUATION_RELOAD,QUIET_NON_TRANSITION_FALLBACK,2026-07-06T23:00:00+00:00,1783378800000,True,0.24436021624090265,15,,3,False,45,-1.9137204022056542,-0.16217969510218255,45,CONFIRMED_BUILD,AKEUSDT,-1.9137204022056542
1783926899999,1783926000000,4,CONFIRMED_BUILD,QUIET_NON_TRANSITION_FALLBACK,2026-07-13T07:00:00+00:00,1783926000000,True,0.2544153825163491,15,,3,False,45,-0.3645833333333459,-0.05208333333333037,45,CONFIRMED_BUILD,AKEUSDT,-0.15625000000000222
1783283399999,1783282500000,4,CONTINUATION_RELOAD,QUIET_NON_TRANSITION_FALLBACK,2026-07-05T20:15:00+00:00,1783282500000,True,0.25538663046006677,30,15,3,False,45,-0.13280212483399723,0.5312084993359889,45,CONFIRMED_BUILD,AKEUSDT,0.5312084993359889
1783304099999,1783303200000,4,CONTINUATION_RELOAD,QUIET_NON_TRANSITION_FALLBACK,2026-07-06T02:00:00+00:00,1783303200000,True,0.32111278048617137,15,45,3,False,45,-0.09943652635068245,0.09943652635067135,45,CONFIRMED_BUILD,AKEUSDT,0.09943652635067135
1783763999999,1783763100000,4,IGNITION_CANDIDATE,QUIET_NON_TRANSITION_FALLBACK,2026-07-11T09:45:00+00:00,1783763100000,True,0.32448710706855777,,15,3,False,45,0.048614487117149,1.2639766650461848,45,CONFIRMED_BUILD,AKEUSDT,1.2639766650461848
1784040299999,1784039400000,4,ACCEPTED_IGNITION,QUIET_NON_TRANSITION_FALLBACK,2026-07-14T14:30:00+00:00,1784039400000,True,0.3371831482886529,15,30,3,False,45,-0.4692387904066675,0.2085505735140769,45,CONFIRMED_BUILD,AKEUSDT,0.2085505735140769
1783904399999,1783903500000,4,CONFIRMED_BUILD,QUIET_NON_TRANSITION_FALLBACK,2026-07-13T00:45:00+00:00,1783903500000,True,0.12378062926181982,45,30,4,False,60,-1.8585441404233238,0.10325245224573898,60,CONFIRMED_BUILD,AKEUSDT,-1.1874032008260205
1783945799999,1783944900000,4,CONFIRMED_BUILD,QUIET_NON_TRANSITION_FALLBACK,2026-07-13T12:15:00+00:00,1783944900000,True,0.13729103063639525,15,30,4,False,60,-0.31562335612835835,0.36822724881639957,60,CONFIRMED_BUILD,AKEUSDT,-0.31562335612835835
1784021399999,1784020500000,4,ACCEPTED_IGNITION,QUIET_NON_TRANSITION_FALLBACK,2026-07-14T09:15:00+00:00,1784020500000,True,0.15058269432322924,15,45,4,False,60,-0.25799793601650745,0.3611971104231282,60,CONFIRMED_BUILD,AKEUSDT,0.20639834881321928
1783349099999,1783348200000,4,CONTINUATION_RELOAD,QUIET_NON_TRANSITION_FALLBACK,2026-07-06T14:30:00+00:00,1783348200000,True,0.2261654014549084,15,45,4,False,60,-0.4300363876943325,0.39695666556403,60,CONFIRMED_BUILD,AKEUSDT,0.39695666556403
1783749599999,1783748700000,4,IGNITION_CANDIDATE,QUIET_NON_TRANSITION_FALLBACK,2026-07-11T05:45:00+00:00,1783748700000,True,0.23045077874990302,15,,4,False,60,-0.990099009900991,-0.24752475247525885,60,CONFIRMED_BUILD,AKEUSDT,-0.7425742574257432
1783261799999,1783260900000,4,CONTINUATION_RELOAD,QUIET_NON_TRANSITION_FALLBACK,2026-07-05T14:15:00+00:00,1783260900000,True,0.2403249149479922,15,,4,False,60,-0.3314550878356082,-0.1657275439178041,60,CONFIRMED_BUILD,AKEUSDT,-0.3314550878356082
1783379699999,1783378800000,4,CONTINUATION_RELOAD,QUIET_NON_TRANSITION_FALLBACK,2026-07-06T23:00:00+00:00,1783378800000,True,0.24436021624090265,15,,4,False,60,-1.9137204022056542,-0.16217969510218255,60,CONFIRMED_BUILD,AKEUSDT,-1.5893610120013002
1783926899999,1783926000000,4,CONFIRMED_BUILD,QUIET_NON_TRANSITION_FALLBACK,2026-07-13T07:00:00+00:00,1783926000000,True,0.2544153825163491,15,,4,False,60,-0.3645833333333459,-0.05208333333333037,60,CONFIRMED_BUILD,AKEUSDT,-0.2083333333333437
1783283399999,1783282500000,4,CONTINUATION_RELOAD,QUIET_NON_TRANSITION_FALLBACK,2026-07-05T20:15:00+00:00,1783282500000,True,0.25538663046006677,30,15,4,False,60,-0.13280212483399723,0.5312084993359889,60,CONFIRMED_BUILD,AKEUSDT,0.09960159362549792
1783304099999,1783303200000,4,CONTINUATION_RELOAD,QUIET_NON_TRANSITION_FALLBACK,2026-07-06T02:00:00+00:00,1783303200000,True,0.32111278048617137,15,45,4,False,60,-0.09943652635068245,0.09943652635067135,60,CONFIRMED_BUILD,AKEUSDT,0.033145508783549715
1783763999999,1783763100000,4,IGNITION_CANDIDATE,QUIET_NON_TRANSITION_FALLBACK,2026-07-11T09:45:00+00:00,1783763100000,True,0.32448710706855777,,15,4,False,60,0.048614487117149,1.2639766650461848,60,CONFIRMED_BUILD,AKEUSDT,0.3889158969372808
1784040299999,1784039400000,4,ACCEPTED_IGNITION,QUIET_NON_TRANSITION_FALLBACK,2026-07-14T14:30:00+00:00,1784039400000,True,0.3371831482886529,15,30,4,False,60,-0.4692387904066675,0.31282586027110426,60,CONFIRMED_BUILD,AKEUSDT,0.31282586027110426
1783904399999,1783903500000,4,CONFIRMED_BUILD,QUIET_NON_TRANSITION_FALLBACK,2026-07-13T00:45:00+00:00,1783903500000,True,0.12378062926181982,45,30,12,False,180,-1.9617965926690628,0.10325245224573898,180,CONFIRMED_BUILD,AKEUSDT,-1.9617965926690628
1783945799999,1783944900000,4,CONFIRMED_BUILD,QUIET_NON_TRANSITION_FALLBACK,2026-07-13T12:15:00+00:00,1783944900000,True,0.13729103063639525,15,30,12,False,180,-0.31562335612835835,0.36822724881639957,180,CONFIRMED_BUILD,AKEUSDT,-0.15781167806417917
1784021399999,1784020500000,4,ACCEPTED_IGNITION,QUIET_NON_TRANSITION_FALLBACK,2026-07-14T09:15:00+00:00,1784020500000,True,0.15058269432322924,15,45,12,False,180,-2.5799793601651078,0.3611971104231282,180,CONFIRMED_BUILD,AKEUSDT,-2.5799793601651078
1783349099999,1783348200000,4,CONTINUATION_RELOAD,QUIET_NON_TRANSITION_FALLBACK,2026-07-06T14:30:00+00:00,1783348200000,True,0.2261654014549084,15,45,12,False,180,-0.4300363876943325,1.45550777373471,180,CONFIRMED_BUILD,AKEUSDT,0.9923916639100305
1783749599999,1783748700000,4,IGNITION_CANDIDATE,QUIET_NON_TRANSITION_FALLBACK,2026-07-11T05:45:00+00:00,1783748700000,True,0.23045077874990302,15,90,12,False,180,-0.990099009900991,2.5742574257425765,180,CONFIRMED_BUILD,AKEUSDT,2.5742574257425765
1783261799999,1783260900000,4,CONTINUATION_RELOAD,QUIET_NON_TRANSITION_FALLBACK,2026-07-05T14:15:00+00:00,1783260900000,True,0.2403249149479922,15,,12,False,180,-0.5303281405369731,-0.1657275439178041,180,CONFIRMED_BUILD,AKEUSDT,-0.364600596619169
1783379699999,1783378800000,4,CONTINUATION_RELOAD,QUIET_NON_TRANSITION_FALLBACK,2026-07-06T23:00:00+00:00,1783378800000,True,0.24436021624090265,15,,12,False,180,-2.238079792409997,-0.16217969510218255,180,CONFIRMED_BUILD,AKEUSDT,-1.6542328900421732
1783926899999,1783926000000,4,CONFIRMED_BUILD,QUIET_NON_TRANSITION_FALLBACK,2026-07-13T07:00:00+00:00,1783926000000,True,0.2544153825163491,15,,12,False,180,-2.3958333333333304,-0.05208333333333037,180,CONFIRMED_BUILD,AKEUSDT,-2.3958333333333304
1783283399999,1783282500000,4,CONTINUATION_RELOAD,QUIET_NON_TRANSITION_FALLBACK,2026-07-05T20:15:00+00:00,1783282500000,True,0.25538663046006677,30,15,12,False,180,-0.3652058432935035,0.5312084993359889,180,CONFIRMED_BUILD,AKEUSDT,-0.3652058432935035
1783304099999,1783303200000,4,CONTINUATION_RELOAD,QUIET_NON_TRANSITION_FALLBACK,2026-07-06T02:00:00+00:00,1783303200000,True,0.32111278048617137,15,45,12,False,180,-0.3314550878356082,0.29830957905203626,180,CONFIRMED_BUILD,AKEUSDT,0.16572754391779299
1783763999999,1783763100000,4,IGNITION_CANDIDATE,QUIET_NON_TRANSITION_FALLBACK,2026-07-11T09:45:00+00:00,1783763100000,False,0.32448710706855777,75,15,6,False,180,-2.0418084589207686,8.021390374331538,90,CONFIRMED_BUILD,AKEUSDT,8.021390374331538
1784040299999,1784039400000,4,ACCEPTED_IGNITION,QUIET_NON_TRANSITION_FALLBACK,2026-07-14T14:30:00+00:00,1784039400000,True,0.3371831482886529,15,30,12,False,180,-1.4077163712200247,0.4171011470281538,180,CONFIRMED_BUILD,AKEUSDT,-0.8342022940563187
1783904399999,1783903500000,4,CONFIRMED_BUILD,QUIET_NON_TRANSITION_FALLBACK,2026-07-13T00:45:00+00:00,1783903500000,True,0.12378062926181982,45,30,16,False,240,-2.2199277232834214,0.10325245224573898,240,CONFIRMED_BUILD,AKEUSDT,-0.8776458440887924
1783945799999,1783944900000,4,CONFIRMED_BUILD,QUIET_NON_TRANSITION_FALLBACK,2026-07-13T12:15:00+00:00,1783944900000,True,0.13729103063639525,15,30,16,False,240,-0.31562335612835835,0.36822724881639957,240,CONFIRMED_BUILD,AKEUSDT,-0.052603892688063425
1784021399999,1784020500000,4,ACCEPTED_IGNITION,QUIET_NON_TRANSITION_FALLBACK,2026-07-14T09:15:00+00:00,1784020500000,True,0.15058269432322924,15,45,16,False,240,-2.5799793601651078,0.3611971104231282,240,CONFIRMED_BUILD,AKEUSDT,-1.4447884416924572
1783349099999,1783348200000,4,CONTINUATION_RELOAD,QUIET_NON_TRANSITION_FALLBACK,2026-07-06T14:30:00+00:00,1783348200000,True,0.2261654014549084,15,45,16,False,240,-0.4300363876943325,1.45550777373471,240,CONFIRMED_BUILD,AKEUSDT,1.0585511081707022
1783749599999,1783748700000,4,IGNITION_CANDIDATE,QUIET_NON_TRANSITION_FALLBACK,2026-07-11T05:45:00+00:00,1783748700000,True,0.23045077874990302,15,90,16,False,240,-0.990099009900991,2.5742574257425765,240,CONFIRMED_BUILD,AKEUSDT,1.8316831683168333
1783261799999,1783260900000,4,CONTINUATION_RELOAD,QUIET_NON_TRANSITION_FALLBACK,2026-07-05T14:15:00+00:00,1783260900000,True,0.2403249149479922,15,,16,False,240,-0.5303281405369731,0.0,240,CONFIRMED_BUILD,AKEUSDT,-0.1657275439178041
1783379699999,1783378800000,4,CONTINUATION_RELOAD,QUIET_NON_TRANSITION_FALLBACK,2026-07-06T23:00:00+00:00,1783378800000,True,0.24436021624090265,15,,16,False,240,-2.238079792409997,-0.16217969510218255,240,CONFIRMED_BUILD,AKEUSDT,-1.7839766461239082
1783926899999,1783926000000,4,CONFIRMED_BUILD,QUIET_NON_TRANSITION_FALLBACK,2026-07-13T07:00:00+00:00,1783926000000,True,0.2544153825163491,15,,16,False,240,-2.3958333333333304,-0.05208333333333037,240,CONFIRMED_BUILD,AKEUSDT,-1.1458333333333348
1783283399999,1783282500000,4,CONTINUATION_RELOAD,QUIET_NON_TRANSITION_FALLBACK,2026-07-05T20:15:00+00:00,1783282500000,True,0.25538663046006677,30,15,16,False,240,-0.3652058432935035,0.5312084993359889,240,CONFIRMED_BUILD,AKEUSDT,-0.09960159362549792
1783304099999,1783303200000,4,CONTINUATION_RELOAD,QUIET_NON_TRANSITION_FALLBACK,2026-07-06T02:00:00+00:00,1783303200000,True,0.32111278048617137,15,45,16,False,240,-0.3314550878356082,2.055021544580704,240,CONFIRMED_BUILD,AKEUSDT,1.9224395094464608
1783763999999,1783763100000,4,IGNITION_CANDIDATE,QUIET_NON_TRANSITION_FALLBACK,2026-07-11T09:45:00+00:00,1783763100000,False,0.32448710706855777,75,15,6,False,240,-2.0418084589207686,8.021390374331538,90,CONFIRMED_BUILD,AKEUSDT,8.021390374331538
1784040299999,1784039400000,4,ACCEPTED_IGNITION,QUIET_NON_TRANSITION_FALLBACK,2026-07-14T14:30:00+00:00,1784039400000,True,0.3371831482886529,15,30,16,False,240,-1.4077163712200247,0.4171011470281538,240,CONFIRMED_BUILD,AKEUSDT,-0.8342022940563187
1783904399999,1783903500000,4,CONFIRMED_BUILD,QUIET_NON_TRANSITION_FALLBACK,2026-07-13T00:45:00+00:00,1783903500000,True,0.12378062926181982,45,30,48,False,720,-3.7170882808466588,0.10325245224573898,720,CONFIRMED_BUILD,AKEUSDT,-1.4971605575632374
1783945799999,1783944900000,4,CONFIRMED_BUILD,QUIET_NON_TRANSITION_FALLBACK,2026-07-13T12:15:00+00:00,1783944900000,True,0.13729103063639525,15,30,48,False,720,-1.8411362440820644,0.36822724881639957,720,CONFIRMED_BUILD,AKEUSDT,-0.36822724881642177
1784021399999,1784020500000,4,ACCEPTED_IGNITION,QUIET_NON_TRANSITION_FALLBACK,2026-07-14T09:15:00+00:00,1784020500000,True,0.15058269432322924,15,45,48,False,720,-2.5799793601651078,0.3611971104231282,720,CONFIRMED_BUILD,AKEUSDT,-2.3735810113519107
1783349099999,1783348200000,4,CONTINUATION_RELOAD,QUIET_NON_TRANSITION_FALLBACK,2026-07-06T14:30:00+00:00,1783348200000,True,0.2261654014549084,15,45,48,False,720,-0.4300363876943325,3.1425736023817485,720,CONFIRMED_BUILD,AKEUSDT,0.0
1783749599999,1783748700000,4,IGNITION_CANDIDATE,QUIET_NON_TRANSITION_FALLBACK,2026-07-11T05:45:00+00:00,1783748700000,False,0.23045077874990302,15,90,22,False,720,-0.990099009900991,10.000000000000009,330,CONFIRMED_BUILD,AKEUSDT,10.000000000000009
1783261799999,1783260900000,4,CONTINUATION_RELOAD,QUIET_NON_TRANSITION_FALLBACK,2026-07-05T14:15:00+00:00,1783260900000,True,0.2403249149479922,15,270,48,False,720,-0.5303281405369731,0.3646005966191579,720,CONFIRMED_BUILD,AKEUSDT,-0.09943652635068245
1783379699999,1783378800000,4,CONTINUATION_RELOAD,QUIET_NON_TRANSITION_FALLBACK,2026-07-06T23:00:00+00:00,1783378800000,True,0.24436021624090265,15,,48,False,720,-31.106065520596815,-0.16217969510218255,720,CONFIRMED_BUILD,AKEUSDT,-29.6788842036977
1783926899999,1783926000000,4,CONFIRMED_BUILD,QUIET_NON_TRANSITION_FALLBACK,2026-07-13T07:00:00+00:00,1783926000000,True,0.2544153825163491,15,,48,False,720,-2.3958333333333304,-0.05208333333333037,720,CONFIRMED_BUILD,AKEUSDT,-0.9895833333333326
1783283399999,1783282500000,4,CONTINUATION_RELOAD,QUIET_NON_TRANSITION_FALLBACK,2026-07-05T20:15:00+00:00,1783282500000,True,0.25538663046006677,30,15,48,False,720,-0.3652058432935035,4.548472775564405,720,CONFIRMED_BUILD,AKEUSDT,3.917662682602918
1783304099999,1783303200000,4,CONTINUATION_RELOAD,QUIET_NON_TRANSITION_FALLBACK,2026-07-06T02:00:00+00:00,1783303200000,True,0.32111278048617137,15,45,48,False,720,-0.3314550878356082,4.375207159429895,720,CONFIRMED_BUILD,AKEUSDT,-0.03314550878356082
1783763999999,1783763100000,4,IGNITION_CANDIDATE,QUIET_NON_TRANSITION_FALLBACK,2026-07-11T09:45:00+00:00,1783763100000,False,0.32448710706855777,75,15,6,False,720,-2.0418084589207686,8.021390374331538,90,CONFIRMED_BUILD,AKEUSDT,8.021390374331538
1784040299999,1784039400000,4,ACCEPTED_IGNITION,QUIET_NON_TRANSITION_FALLBACK,2026-07-14T14:30:00+00:00,1784039400000,True,0.3371831482886529,15,30,48,False,720,-2.1376433785192828,0.4171011470281538,720,CONFIRMED_BUILD,AKEUSDT,-1.4077163712200247
1783904399999,1783903500000,4,CONFIRMED_BUILD,QUIET_NON_TRANSITION_FALLBACK,2026-07-13T00:45:00+00:00,1783903500000,True,0.12378062926181982,45,30,96,False,1440,-3.7170882808466588,0.10325245224573898,1440,CONFIRMED_BUILD,AKEUSDT,-1.755291688177596
1783945799999,1783944900000,4,CONFIRMED_BUILD,QUIET_NON_TRANSITION_FALLBACK,2026-07-13T12:15:00+00:00,1783944900000,True,0.13729103063639525,15,30,96,False,1440,-1.8411362440820644,3.8926880589163604,1440,CONFIRMED_BUILD,AKEUSDT,-0.683850604944769
1784021399999,1784020500000,4,ACCEPTED_IGNITION,QUIET_NON_TRANSITION_FALLBACK,2026-07-14T09:15:00+00:00,1784020500000,True,0.15058269432322924,15,45,96,False,1440,-3.3539731682146523,245.6656346749226,1440,CONFIRMED_BUILD,AKEUSDT,200.1547987616099
1783349099999,1783348200000,4,CONTINUATION_RELOAD,QUIET_NON_TRANSITION_FALLBACK,2026-07-06T14:30:00+00:00,1783348200000,True,0.2261654014549084,15,45,96,False,1440,-34.13827323850479,3.1425736023817485,1440,CONFIRMED_BUILD,AKEUSDT,-30.33410519351637
1783749599999,1783748700000,4,IGNITION_CANDIDATE,QUIET_NON_TRANSITION_FALLBACK,2026-07-11T05:45:00+00:00,1783748700000,False,0.23045077874990302,15,90,22,False,1440,-0.990099009900991,10.000000000000009,330,CONFIRMED_BUILD,AKEUSDT,10.000000000000009
1783261799999,1783260900000,4,CONTINUATION_RELOAD,QUIET_NON_TRANSITION_FALLBACK,2026-07-05T14:15:00+00:00,1783260900000,True,0.2403249149479922,15,270,96,False,1440,-0.5303281405369731,4.375207159429895,1440,CONFIRMED_BUILD,AKEUSDT,0.1988730527013427
1783379699999,1783378800000,4,CONTINUATION_RELOAD,QUIET_NON_TRANSITION_FALLBACK,2026-07-06T23:00:00+00:00,1783378800000,False,0.24436021624090265,15,,75,False,1440,-37.98248459292897,-0.16217969510218255,1125,CONFIRMED_BUILD,AKEUSDT,-36.97697048329549
1783926899999,1783926000000,4,CONFIRMED_BUILD,QUIET_NON_TRANSITION_FALLBACK,2026-07-13T07:00:00+00:00,1783926000000,True,0.2544153825163491,15,1245,96,False,1440,-2.8124999999999956,2.864583333333326,1440,CONFIRMED_BUILD,AKEUSDT,1.458333333333317
1783283399999,1783282500000,4,CONTINUATION_RELOAD,QUIET_NON_TRANSITION_FALLBACK,2026-07-05T20:15:00+00:00,1783282500000,True,0.25538663046006677,30,15,96,False,1440,-0.3652058432935035,4.548472775564405,1440,CONFIRMED_BUILD,AKEUSDT,3.054448871181936
1783304099999,1783303200000,4,CONTINUATION_RELOAD,QUIET_NON_TRANSITION_FALLBACK,2026-07-06T02:00:00+00:00,1783303200000,True,0.32111278048617137,15,45,96,False,1440,-0.3314550878356082,4.375207159429895,1440,CONFIRMED_BUILD,AKEUSDT,0.49718263175340116
1783763999999,1783763100000,4,IGNITION_CANDIDATE,QUIET_NON_TRANSITION_FALLBACK,2026-07-11T09:45:00+00:00,1783763100000,False,0.32448710706855777,75,15,6,False,1440,-2.0418084589207686,8.021390374331538,90,CONFIRMED_BUILD,AKEUSDT,8.021390374331538
1784040299999,1784039400000,4,ACCEPTED_IGNITION,QUIET_NON_TRANSITION_FALLBACK,2026-07-14T14:30:00+00:00,1784039400000,True,0.3371831482886529,15,30,96,False,1440,-2.3461939520333708,333.2638164754953,1440,CONFIRMED_BUILD,AKEUSDT,323.30552659019804
1784000699999,1783999800000,4,CONFIRMED_BUILD,QUIET_NON_TRANSITION_FALLBACK,2026-07-14T03:30:00+00:00,1783999800000,True,0.055413370758993406,,15,3,False,45,3.4682080924855585,3.783499737256979,45,IGNITION_CANDIDATE,AKEUSDT,3.783499737256979
1783981799999,1783980900000,4,CONFIRMED_BUILD,QUIET_NON_TRANSITION_FALLBACK,2026-07-13T22:15:00+00:00,1783980900000,True,0.05783073307622518,,30,3,False,45,0.0,0.31864046733935947,45,IGNITION_CANDIDATE,AKEUSDT,0.31864046733935947
1783930499999,1783929600000,4,CONFIRMED_BUILD,QUIET_NON_TRANSITION_FALLBACK,2026-07-13T08:00:00+00:00,1783929600000,True,0.1130991852467589,15,,3,False,45,-1.3048016701461385,-0.31315240083507057,45,IGNITION_CANDIDATE,AKEUSDT,-1.3048016701461385
1783043999999,1783043100000,4,ACCEPTED_IGNITION,QUIET_NON_TRANSITION_FALLBACK,2026-07-03T01:45:00+00:00,1783043100000,True,0.11798546879790502,30,15,3,False,45,-0.7331378299120228,0.7086999022482887,45,IGNITION_CANDIDATE,AKEUSDT,0.4887585532746819
1783910699999,1783909800000,4,CONFIRMED_BUILD,QUIET_NON_TRANSITION_FALLBACK,2026-07-13T02:30:00+00:00,1783909800000,True,0.1436823781031977,15,,3,False,45,-0.8822003113648114,-0.2594706798131785,45,IGNITION_CANDIDATE,AKEUSDT,-0.8822003113648114
1783381499999,1783380600000,4,CONTINUATION_RELOAD,QUIET_NON_TRANSITION_FALLBACK,2026-07-06T23:30:00+00:00,1783380600000,True,0.16294918558813998,15,,3,False,45,-1.7595307917888436,-1.1404366243075836,45,IGNITION_CANDIDATE,AKEUSDT,-1.7595307917888436
1783949399999,1783948500000,4,CONFIRMED_BUILD,QUIET_NON_TRANSITION_FALLBACK,2026-07-13T13:15:00+00:00,1783948500000,True,0.16809256000769335,,15,3,False,45,0.10554089709762238,0.3693931398416783,45,IGNITION_CANDIDATE,AKEUSDT,0.3693931398416783
1784027699999,1784026800000,4,ACCEPTED_IGNITION,QUIET_NON_TRANSITION_FALLBACK,2026-07-14T11:00:00+00:00,1784026800000,True,0.1874352422616921,15,,3,False,45,-1.6571724495080264,-1.3982392542724043,45,IGNITION_CANDIDATE,AKEUSDT,-1.5018125323666531
1784048399999,1784047500000,4,ACCEPTED_IGNITION,QUIET_NON_TRANSITION_FALLBACK,2026-07-14T16:45:00+00:00,1784047500000,True,0.1886541783477629,,15,3,False,45,0.05260389268804122,0.15781167806416807,45,IGNITION_CANDIDATE,AKEUSDT,0.05260389268804122
1784090699999,1784089800000,4,ACCEPTED_IGNITION,QUIET_NON_TRANSITION_FALLBACK,2026-07-15T04:30:00+00:00,1784089800000,True,0.21276829816757284,,15,3,False,45,38.29787234042552,57.340425531914896,45,IGNITION_CANDIDATE,AKEUSDT,57.340425531914896
1783728899999,1783728000000,4,IGNITION_CANDIDATE,QUIET_NON_TRANSITION_FALLBACK,2026-07-11T00:00:00+00:00,1783728000000,True,0.2215576773907653,,15,3,False,45,0.3992015968063978,3.9920159680638667,45,IGNITION_CANDIDATE,AKEUSDT,3.9920159680638667
1783395899999,1783395000000,4,CONTINUATION_RELOAD,QUIET_NON_TRANSITION_FALLBACK,2026-07-07T03:30:00+00:00,1783395000000,True,0.31533744514071754,15,,3,False,45,-0.2650762094102088,-0.1325381047051044,45,IGNITION_CANDIDATE,AKEUSDT,-0.2650762094102088
1784000699999,1783999800000,4,CONFIRMED_BUILD,QUIET_NON_TRANSITION_FALLBACK,2026-07-14T03:30:00+00:00,1783999800000,True,0.055413370758993406,,15,4,False,60,0.99842354177615,3.783499737256979,60,IGNITION_CANDIDATE,AKEUSDT,0.99842354177615
1783981799999,1783980900000,4,CONFIRMED_BUILD,QUIET_NON_TRANSITION_FALLBACK,2026-07-13T22:15:00+00:00,1783980900000,True,0.05783073307622518,,30,4,False,60,0.0,0.31864046733935947,60,IGNITION_CANDIDATE,AKEUSDT,0.21242697822623224
1783930499999,1783929600000,4,CONFIRMED_BUILD,QUIET_NON_TRANSITION_FALLBACK,2026-07-13T08:00:00+00:00,1783929600000,True,0.1130991852467589,15,,4,False,60,-1.4091858037578175,-0.31315240083507057,60,IGNITION_CANDIDATE,AKEUSDT,-1.4091858037578175
1783043999999,1783043100000,4,ACCEPTED_IGNITION,QUIET_NON_TRANSITION_FALLBACK,2026-07-03T01:45:00+00:00,1783043100000,True,0.11798546879790502,30,15,4,False,60,-0.7331378299120228,0.7086999022482887,60,IGNITION_CANDIDATE,AKEUSDT,0.6842619745845546
1783910699999,1783909800000,4,CONFIRMED_BUILD,QUIET_NON_TRANSITION_FALLBACK,2026-07-13T02:30:00+00:00,1783909800000,True,0.1436823781031977,15,,4,False,60,-1.4011416709911684,-0.2594706798131785,60,IGNITION_CANDIDATE,AKEUSDT,-1.4011416709911684
1783381499999,1783380600000,4,CONTINUATION_RELOAD,QUIET_NON_TRANSITION_FALLBACK,2026-07-06T23:30:00+00:00,1783380600000,True,0.16294918558813998,15,,4,False,60,-1.7595307917888436,-1.1404366243075836,60,IGNITION_CANDIDATE,AKEUSDT,-1.6291951775822655
1783949399999,1783948500000,4,CONFIRMED_BUILD,QUIET_NON_TRANSITION_FALLBACK,2026-07-13T13:15:00+00:00,1783948500000,True,0.16809256000769335,,15,4,False,60,0.10554089709762238,0.3693931398416783,60,IGNITION_CANDIDATE,AKEUSDT,0.21108179419524475
1784027699999,1784026800000,4,ACCEPTED_IGNITION,QUIET_NON_TRANSITION_FALLBACK,2026-07-14T11:00:00+00:00,1784026800000,True,0.1874352422616921,15,,4,False,60,-1.6571724495080264,-1.3982392542724043,60,IGNITION_CANDIDATE,AKEUSDT,-1.5535991714137665
1784048399999,1784047500000,4,ACCEPTED_IGNITION,QUIET_NON_TRANSITION_FALLBACK,2026-07-14T16:45:00+00:00,1784047500000,True,0.1886541783477629,60,15,4,False,60,-0.15781167806417917,0.15781167806416807,60,IGNITION_CANDIDATE,AKEUSDT,-0.15781167806417917
1784090699999,1784089800000,4,ACCEPTED_IGNITION,QUIET_NON_TRANSITION_FALLBACK,2026-07-15T04:30:00+00:00,1784089800000,True,0.21276829816757284,,15,4,False,60,38.29787234042552,59.36170212765959,60,IGNITION_CANDIDATE,AKEUSDT,59.36170212765959
1783728899999,1783728000000,4,IGNITION_CANDIDATE,QUIET_NON_TRANSITION_FALLBACK,2026-07-11T00:00:00+00:00,1783728000000,True,0.2215576773907653,,15,4,False,60,0.3992015968063978,3.9920159680638667,60,IGNITION_CANDIDATE,AKEUSDT,1.9960079840319445
1783395899999,1783395000000,4,CONTINUATION_RELOAD,QUIET_NON_TRANSITION_FALLBACK,2026-07-07T03:30:00+00:00,1783395000000,True,0.31533744514071754,15,,4,False,60,-0.331345261762761,-0.1325381047051044,60,IGNITION_CANDIDATE,AKEUSDT,-0.331345261762761
1784000699999,1783999800000,4,CONFIRMED_BUILD,QUIET_NON_TRANSITION_FALLBACK,2026-07-14T03:30:00+00:00,1783999800000,True,0.055413370758993406,,15,12,False,180,0.26274303730950965,3.783499737256979,180,IGNITION_CANDIDATE,AKEUSDT,1.2611665790856597
1783981799999,1783980900000,4,CONFIRMED_BUILD,QUIET_NON_TRANSITION_FALLBACK,2026-07-13T22:15:00+00:00,1783980900000,True,0.05783073307622518,75,30,12,False,180,-0.10621348911311612,1.0621348911311612,180,IGNITION_CANDIDATE,AKEUSDT,0.26553372278279586
1783930499999,1783929600000,4,CONFIRMED_BUILD,QUIET_NON_TRANSITION_FALLBACK,2026-07-13T08:00:00+00:00,1783929600000,True,0.1130991852467589,15,,12,False,180,-2.192066805845505,-0.31315240083507057,180,IGNITION_CANDIDATE,AKEUSDT,-0.9394572025052117
1783043999999,1783043100000,4,ACCEPTED_IGNITION,QUIET_NON_TRANSITION_FALLBACK,2026-07-03T01:45:00+00:00,1783043100000,True,0.11798546879790502,30,15,12,False,180,-0.7331378299120228,2.859237536656889,180,IGNITION_CANDIDATE,AKEUSDT,1.124144672531746
1783910699999,1783909800000,4,CONFIRMED_BUILD,QUIET_NON_TRANSITION_FALLBACK,2026-07-13T02:30:00+00:00,1783909800000,True,0.1436823781031977,15,,12,False,180,-3.21743642968344,-0.2594706798131785,180,IGNITION_CANDIDATE,AKEUSDT,-3.21743642968344
1783381499999,1783380600000,4,CONTINUATION_RELOAD,QUIET_NON_TRANSITION_FALLBACK,2026-07-06T23:30:00+00:00,1783380600000,True,0.16294918558813998,15,,12,False,180,-1.7921146953404965,-1.1404366243075836,180,IGNITION_CANDIDATE,AKEUSDT,-1.4988595633756985
1783949399999,1783948500000,4,CONFIRMED_BUILD,QUIET_NON_TRANSITION_FALLBACK,2026-07-13T13:15:00+00:00,1783948500000,True,0.16809256000769335,,15,12,False,180,0.05277044854881119,0.4221635883904895,180,IGNITION_CANDIDATE,AKEUSDT,0.26385224274407815
1784027699999,1784026800000,4,ACCEPTED_IGNITION,QUIET_NON_TRANSITION_FALLBACK,2026-07-14T11:00:00+00:00,1784026800000,True,0.1874352422616921,15,,12,False,180,-2.2268254790264064,-0.6214396685655155,180,IGNITION_CANDIDATE,AKEUSDT,-1.0875194199896465
1784048399999,1784047500000,4,ACCEPTED_IGNITION,QUIET_NON_TRANSITION_FALLBACK,2026-07-14T16:45:00+00:00,1784047500000,True,0.1886541783477629,60,15,12,False,180,-0.4208311415044852,0.15781167806416807,180,IGNITION_CANDIDATE,AKEUSDT,-0.4208311415044852
1784090699999,1784089800000,4,ACCEPTED_IGNITION,QUIET_NON_TRANSITION_FALLBACK,2026-07-15T04:30:00+00:00,1784089800000,True,0.21276829816757284,,15,12,False,180,38.29787234042552,168.4574468085106,180,IGNITION_CANDIDATE,AKEUSDT,168.4574468085106
1783728899999,1783728000000,4,IGNITION_CANDIDATE,QUIET_NON_TRANSITION_FALLBACK,2026-07-11T00:00:00+00:00,1783728000000,True,0.2215576773907653,150,15,12,False,180,-0.9980039920159611,4.590818363273463,180,IGNITION_CANDIDATE,AKEUSDT,-0.8982035928143617
1783395899999,1783395000000,4,CONTINUATION_RELOAD,QUIET_NON_TRANSITION_FALLBACK,2026-07-07T03:30:00+00:00,1783395000000,True,0.31533744514071754,15,,12,False,180,-0.4970178926441471,-0.09940357852883386,180,IGNITION_CANDIDATE,AKEUSDT,-0.331345261762761
1784000699999,1783999800000,4,CONFIRMED_BUILD,QUIET_NON_TRANSITION_FALLBACK,2026-07-14T03:30:00+00:00,1783999800000,True,0.055413370758993406,,15,16,False,240,0.26274303730950965,3.783499737256979,240,IGNITION_CANDIDATE,AKEUSDT,1.366263794009459
1783981799999,1783980900000,4,CONFIRMED_BUILD,QUIET_NON_TRANSITION_FALLBACK,2026-07-13T22:15:00+00:00,1783980900000,True,0.05783073307622518,75,30,16,False,240,-0.10621348911311612,1.0621348911311612,240,IGNITION_CANDIDATE,AKEUSDT,0.6903876792352603
1783930499999,1783929600000,4,CONFIRMED_BUILD,QUIET_NON_TRANSITION_FALLBACK,2026-07-13T08:00:00+00:00,1783929600000,True,0.1130991852467589,15,,16,False,240,-2.192066805845505,-0.31315240083507057,240,IGNITION_CANDIDATE,AKEUSDT,-0.8350730688935215
1783043999999,1783043100000,4,ACCEPTED_IGNITION,QUIET_NON_TRANSITION_FALLBACK,2026-07-03T01:45:00+00:00,1783043100000,True,0.11798546879790502,30,15,16,False,240,-0.7331378299120228,2.859237536656889,240,IGNITION_CANDIDATE,AKEUSDT,1.808406647116323
1783910699999,1783909800000,4,CONFIRMED_BUILD,QUIET_NON_TRANSITION_FALLBACK,2026-07-13T02:30:00+00:00,1783909800000,True,0.1436823781031977,15,,16,False,240,-3.21743642968344,-0.2594706798131785,240,IGNITION_CANDIDATE,AKEUSDT,-1.712506486766996
1783381499999,1783380600000,4,CONTINUATION_RELOAD,QUIET_NON_TRANSITION_FALLBACK,2026-07-06T23:30:00+00:00,1783380600000,True,0.16294918558813998,15,,16,False,240,-1.7921146953404965,-1.1404366243075836,240,IGNITION_CANDIDATE,AKEUSDT,-1.6617790811339073
1783949399999,1783948500000,4,CONFIRMED_BUILD,QUIET_NON_TRANSITION_FALLBACK,2026-07-13T13:15:00+00:00,1783948500000,True,0.16809256000769335,240,15,16,False,240,-0.79155672823219,0.4221635883904895,240,IGNITION_CANDIDATE,AKEUSDT,-0.79155672823219
1784027699999,1784026800000,4,ACCEPTED_IGNITION,QUIET_NON_TRANSITION_FALLBACK,2026-07-14T11:00:00+00:00,1784026800000,True,0.1874352422616921,15,,16,False,240,-2.2268254790264064,-0.5178663904712555,240,IGNITION_CANDIDATE,AKEUSDT,-0.5178663904712555
1784048399999,1784047500000,4,ACCEPTED_IGNITION,QUIET_NON_TRANSITION_FALLBACK,2026-07-14T16:45:00+00:00,1784047500000,True,0.1886541783477629,60,15,16,False,240,-0.6312467122567056,0.15781167806416807,240,IGNITION_CANDIDATE,AKEUSDT,-0.263019463440306
1784090699999,1784089800000,4,ACCEPTED_IGNITION,QUIET_NON_TRANSITION_FALLBACK,2026-07-15T04:30:00+00:00,1784089800000,True,0.21276829816757284,,15,16,False,240,38.29787234042552,226.64893617021278,240,IGNITION_CANDIDATE,AKEUSDT,221.06382978723408
1783728899999,1783728000000,4,IGNITION_CANDIDATE,QUIET_NON_TRANSITION_FALLBACK,2026-07-11T00:00:00+00:00,1783728000000,True,0.2215576773907653,150,15,16,False,240,-0.9980039920159611,4.590818363273463,240,IGNITION_CANDIDATE,AKEUSDT,0.29940119760478723
1783395899999,1783395000000,4,CONTINUATION_RELOAD,QUIET_NON_TRANSITION_FALLBACK,2026-07-07T03:30:00+00:00,1783395000000,True,0.31533744514071754,15,,16,False,240,-6.361829025844945,-0.09940357852883386,240,IGNITION_CANDIDATE,AKEUSDT,-6.361829025844945
1784000699999,1783999800000,4,CONFIRMED_BUILD,QUIET_NON_TRANSITION_FALLBACK,2026-07-14T03:30:00+00:00,1783999800000,True,0.055413370758993406,465,15,48,False,720,-0.788229111928529,3.783499737256979,720,IGNITION_CANDIDATE,AKEUSDT,1.1035207566999494
1783981799999,1783980900000,4,CONFIRMED_BUILD,QUIET_NON_TRANSITION_FALLBACK,2026-07-13T22:15:00+00:00,1783980900000,True,0.05783073307622518,75,30,48,False,720,-0.10621348911311612,4.885820499203408,720,IGNITION_CANDIDATE,AKEUSDT,3.1332979288369645
1783930499999,1783929600000,4,CONFIRMED_BUILD,QUIET_NON_TRANSITION_FALLBACK,2026-07-13T08:00:00+00:00,1783929600000,True,0.1130991852467589,15,,48,False,720,-2.192066805845505,-0.31315240083507057,720,IGNITION_CANDIDATE,AKEUSDT,-0.7828810020876764
1783043999999,1783043100000,4,ACCEPTED_IGNITION,QUIET_NON_TRANSITION_FALLBACK,2026-07-03T01:45:00+00:00,1783043100000,True,0.11798546879790502,30,15,48,False,720,-0.7331378299120228,21.945259042033214,720,IGNITION_CANDIDATE,AKEUSDT,19.6236559139785
1783910699999,1783909800000,4,CONFIRMED_BUILD,QUIET_NON_TRANSITION_FALLBACK,2026-07-13T02:30:00+00:00,1783909800000,True,0.1436823781031977,15,,48,False,720,-3.21743642968344,-0.2594706798131785,720,IGNITION_CANDIDATE,AKEUSDT,-1.4530358069538063
1783381499999,1783380600000,4,CONTINUATION_RELOAD,QUIET_NON_TRANSITION_FALLBACK,2026-07-06T23:30:00+00:00,1783380600000,True,0.16294918558813998,15,,48,False,720,-32.64907135874877,-1.1404366243075836,720,IGNITION_CANDIDATE,AKEUSDT,-32.64907135874877
1783949399999,1783948500000,4,CONFIRMED_BUILD,QUIET_NON_TRANSITION_FALLBACK,2026-07-13T13:15:00+00:00,1783948500000,True,0.16809256000769335,240,15,48,False,720,-1.5303430079155578,0.6860158311345677,720,IGNITION_CANDIDATE,AKEUSDT,-0.3693931398416783
1784027699999,1784026800000,4,ACCEPTED_IGNITION,QUIET_NON_TRANSITION_FALLBACK,2026-07-14T11:00:00+00:00,1784026800000,True,0.1874352422616921,15,,48,False,720,-2.2268254790264064,-0.2589331952356333,720,IGNITION_CANDIDATE,AKEUSDT,-1.3464526152252798
1784048399999,1784047500000,4,ACCEPTED_IGNITION,QUIET_NON_TRANSITION_FALLBACK,2026-07-14T16:45:00+00:00,1784047500000,True,0.1886541783477629,60,15,48,False,720,-1.4729089952656538,37.45397159389794,720,IGNITION_CANDIDATE,AKEUSDT,37.45397159389794
1784090699999,1784089800000,4,ACCEPTED_IGNITION,QUIET_NON_TRANSITION_FALLBACK,2026-07-15T04:30:00+00:00,1784089800000,True,0.21276829816757284,,15,48,False,720,38.29787234042552,349.6808510638298,720,IGNITION_CANDIDATE,AKEUSDT,252.5531914893617
1783728899999,1783728000000,4,IGNITION_CANDIDATE,QUIET_NON_TRANSITION_FALLBACK,2026-07-11T00:00:00+00:00,1783728000000,False,0.2215576773907653,150,15,45,False,720,-1.5968063872255467,10.878243512974063,675,IGNITION_CANDIDATE,AKEUSDT,10.878243512974063
1783395899999,1783395000000,4,CONTINUATION_RELOAD,QUIET_NON_TRANSITION_FALLBACK,2026-07-07T03:30:00+00:00,1783395000000,True,0.31533744514071754,15,,48,False,720,-34.02915838303513,-0.09940357852883386,720,IGNITION_CANDIDATE,AKEUSDT,-32.23989396951623
1784000699999,1783999800000,4,CONFIRMED_BUILD,QUIET_NON_TRANSITION_FALLBACK,2026-07-14T03:30:00+00:00,1783999800000,True,0.055413370758993406,465,15,96,False,1440,-1.366263794009448,3.783499737256979,1440,IGNITION_CANDIDATE,AKEUSDT,-0.5780346820809301
1783981799999,1783980900000,4,CONFIRMED_BUILD,QUIET_NON_TRANSITION_FALLBACK,2026-07-13T22:15:00+00:00,1783980900000,True,0.05783073307622518,75,30,96,False,1440,-0.10621348911311612,4.885820499203408,1440,IGNITION_CANDIDATE,AKEUSDT,0.6903876792352603
1783930499999,1783929600000,4,CONFIRMED_BUILD,QUIET_NON_TRANSITION_FALLBACK,2026-07-13T08:00:00+00:00,1783929600000,True,0.1130991852467589,15,1185,96,False,1440,-2.609603340292266,3.0793319415448828,1440,IGNITION_CANDIDATE,AKEUSDT,0.9916492693110568
1783043999999,1783043100000,4,ACCEPTED_IGNITION,QUIET_NON_TRANSITION_FALLBACK,2026-07-03T01:45:00+00:00,1783043100000,True,0.11798546879790502,30,15,96,False,1440,-1.1241446725317683,23.87585532746823,1440,IGNITION_CANDIDATE,AKEUSDT,4.740957966764414
1783910699999,1783909800000,4,CONFIRMED_BUILD,QUIET_NON_TRANSITION_FALLBACK,2026-07-13T02:30:00+00:00,1783909800000,True,0.1436823781031977,15,,96,False,1440,-3.21743642968344,-0.2594706798131785,1440,IGNITION_CANDIDATE,AKEUSDT,-1.193565127140639
1783381499999,1783380600000,4,CONTINUATION_RELOAD,QUIET_NON_TRANSITION_FALLBACK,2026-07-06T23:30:00+00:00,1783380600000,False,0.16294918558813998,15,,73,False,1440,-37.69957640925382,-1.1404366243075836,1095,IGNITION_CANDIDATE,AKEUSDT,-36.68947539915281
1783949399999,1783948500000,4,CONFIRMED_BUILD,QUIET_NON_TRANSITION_FALLBACK,2026-07-13T13:15:00+00:00,1783948500000,True,0.16809256000769335,240,15,96,False,1440,-1.5303430079155578,4.221635883905006,1440,IGNITION_CANDIDATE,AKEUSDT,0.79155672823219
1784027699999,1784026800000,4,ACCEPTED_IGNITION,QUIET_NON_TRANSITION_FALLBACK,2026-07-14T11:00:00+00:00,1784026800000,True,0.1874352422616921,15,1065,96,False,1440,-3.0036250647333063,246.91869497669597,1440,IGNITION_CANDIDATE,AKEUSDT,206.4215432418436
1784048399999,1784047500000,4,ACCEPTED_IGNITION,QUIET_NON_TRANSITION_FALLBACK,2026-07-14T16:45:00+00:00,1784047500000,True,0.1886541783477629,60,15,96,False,1440,-1.4729089952656538,344.71330878485,1440,IGNITION_CANDIDATE,AKEUSDT,258.4955286691215
1784090699999,1784089800000,4,ACCEPTED_IGNITION,QUIET_NON_TRANSITION_FALLBACK,2026-07-15T04:30:00+00:00,1784089800000,True,0.21276829816757284,,15,96,False,1440,38.29787234042552,349.6808510638298,1440,IGNITION_CANDIDATE,AKEUSDT,320.69148936170217
1783728899999,1783728000000,4,IGNITION_CANDIDATE,QUIET_NON_TRANSITION_FALLBACK,2026-07-11T00:00:00+00:00,1783728000000,False,0.2215576773907653,150,15,45,False,1440,-1.5968063872255467,10.878243512974063,675,IGNITION_CANDIDATE,AKEUSDT,10.878243512974063
1783395899999,1783395000000,4,CONTINUATION_RELOAD,QUIET_NON_TRANSITION_FALLBACK,2026-07-07T03:30:00+00:00,1783395000000,False,0.31533744514071754,15,,57,False,1440,-36.646785950960904,-0.09940357852883386,855,IGNITION_CANDIDATE,AKEUSDT,-35.61961563949636
1783934999999,1783934100000,4,CONFIRMED_BUILD,QUIET_NON_TRANSITION_FALLBACK,2026-07-13T09:15:00+00:00,1783934100000,True,0.04392960412670068,15,30,3,False,45,-0.4250797024442088,0.10626992561104665,45,ACCEPTED_IGNITION,AKEUSDT,-0.4250797024442088
1783905299999,1783904400000,4,CONFIRMED_BUILD,QUIET_NON_TRANSITION_FALLBACK,2026-07-13T01:00:00+00:00,1783904400000,True,0.08199333882187777,30,15,3,False,45,-1.8585441404233238,0.10325245224573898,45,ACCEPTED_IGNITION,AKEUSDT,-1.1874032008260205
1784041199999,1784040300000,4,ACCEPTED_IGNITION,QUIET_NON_TRANSITION_FALLBACK,2026-07-14T14:45:00+00:00,1784040300000,True,0.10089317892961287,,15,3,False,45,0.6286013619696273,0.7857517024620231,45,ACCEPTED_IGNITION,AKEUSDT,0.7857517024620231
1783952999999,1783952100000,4,CONFIRMED_BUILD,QUIET_NON_TRANSITION_FALLBACK,2026-07-13T14:15:00+00:00,1783952100000,True,0.12430548923132079,45,30,3,False,45,-0.15797788309637184,0.21063717746181432,45,ACCEPTED_IGNITION,AKEUSDT,-0.15797788309637184
1783378799999,1783377900000,4,CONTINUATION_RELOAD,QUIET_NON_TRANSITION_FALLBACK,2026-07-06T22:45:00+00:00,1783377900000,True,0.13667356946053644,45,15,3,False,45,-0.13016596160104754,0.32541490400261885,45,ACCEPTED_IGNITION,AKEUSDT,-0.13016596160104754
1783920599999,1783919700000,4,CONFIRMED_BUILD,QUIET_NON_TRANSITION_FALLBACK,2026-07-13T05:15:00+00:00,1783919700000,True,0.18312208941513167,15,,3,False,45,-1.8421052631579005,-1.0526315789473828,45,ACCEPTED_IGNITION,AKEUSDT,-1.473684210526327
1784024999999,1784024100000,4,ACCEPTED_IGNITION,QUIET_NON_TRANSITION_FALLBACK,2026-07-14T10:15:00+00:00,1784024100000,True,0.18878119145168457,30,15,3,False,45,-0.8238928939237944,0.1029866117404854,45,ACCEPTED_IGNITION,AKEUSDT,-0.5664263645726031
1784090699999,1784089800000,4,ACCEPTED_IGNITION,QUIET_NON_TRANSITION_FALLBACK,2026-07-15T04:30:00+00:00,1784089800000,True,0.19697665191720862,,15,3,False,45,38.29787234042552,57.340425531914896,45,ACCEPTED_IGNITION,AKEUSDT,57.340425531914896
1783979999999,1783979100000,4,CONFIRMED_BUILD,QUIET_NON_TRANSITION_FALLBACK,2026-07-13T21:45:00+00:00,1783979100000,True,0.19787915081105845,15,30,3,False,45,-0.05344735435596215,0.6413682522715236,45,ACCEPTED_IGNITION,AKEUSDT,0.6413682522715236
1783394999999,1783394100000,4,CONTINUATION_RELOAD,QUIET_NON_TRANSITION_FALLBACK,2026-07-07T03:15:00+00:00,1783394100000,True,0.21886198207143462,15,,3,False,45,-0.26490066225166586,-0.06622516556291647,45,ACCEPTED_IGNITION,AKEUSDT,-0.1986754966887494
1783354499999,1783353600000,4,CONTINUATION_RELOAD,QUIET_NON_TRANSITION_FALLBACK,2026-07-06T16:00:00+00:00,1783353600000,True,0.26541686310922114,15,,3,False,45,-0.2623811085601724,-0.06559527714005142,45,ACCEPTED_IGNITION,AKEUSDT,-0.2623811085601724
1784000699999,1783999800000,4,CONFIRMED_BUILD,QUIET_NON_TRANSITION_FALLBACK,2026-07-14T03:30:00+00:00,1783999800000,True,0.2694762398184612,,15,3,False,45,3.4682080924855585,3.783499737256979,45,ACCEPTED_IGNITION,AKEUSDT,3.783499737256979
1783934999999,1783934100000,4,CONFIRMED_BUILD,QUIET_NON_TRANSITION_FALLBACK,2026-07-13T09:15:00+00:00,1783934100000,True,0.04392960412670068,15,30,4,False,60,-0.4250797024442088,1.0626992561105109,60,ACCEPTED_IGNITION,AKEUSDT,1.0626992561105109
1783905299999,1783904400000,4,CONFIRMED_BUILD,QUIET_NON_TRANSITION_FALLBACK,2026-07-13T01:00:00+00:00,1783904400000,True,0.08199333882187777,30,15,4,False,60,-1.8585441404233238,0.10325245224573898,60,ACCEPTED_IGNITION,AKEUSDT,-1.548786783686107
1784041199999,1784040300000,4,ACCEPTED_IGNITION,QUIET_NON_TRANSITION_FALLBACK,2026-07-14T14:45:00+00:00,1784040300000,True,0.10089317892961287,,15,4,False,60,0.6286013619696273,0.7857517024620231,60,ACCEPTED_IGNITION,AKEUSDT,0.7857517024620231
1783952999999,1783952100000,4,CONFIRMED_BUILD,QUIET_NON_TRANSITION_FALLBACK,2026-07-13T14:15:00+00:00,1783952100000,True,0.12430548923132079,45,30,4,False,60,-0.15797788309637184,0.21063717746181432,60,ACCEPTED_IGNITION,AKEUSDT,-0.05265929436545358
1783378799999,1783377900000,4,CONTINUATION_RELOAD,QUIET_NON_TRANSITION_FALLBACK,2026-07-06T22:45:00+00:00,1783377900000,True,0.13667356946053644,45,15,4,False,60,-1.5945330296127547,0.32541490400261885,60,ACCEPTED_IGNITION,AKEUSDT,-1.5945330296127547
1783920599999,1783919700000,4,CONFIRMED_BUILD,QUIET_NON_TRANSITION_FALLBACK,2026-07-13T05:15:00+00:00,1783919700000,True,0.18312208941513167,15,,4,False,60,-1.8421052631579005,-0.21052631578948322,60,ACCEPTED_IGNITION,AKEUSDT,-0.21052631578948322
1784024999999,1784024100000,4,ACCEPTED_IGNITION,QUIET_NON_TRANSITION_FALLBACK,2026-07-14T10:15:00+00:00,1784024100000,True,0.18878119145168457,30,15,4,False,60,-2.2142121524201808,0.1029866117404854,60,ACCEPTED_IGNITION,AKEUSDT,-2.2142121524201808
1784090699999,1784089800000,4,ACCEPTED_IGNITION,QUIET_NON_TRANSITION_FALLBACK,2026-07-15T04:30:00+00:00,1784089800000,True,0.19697665191720862,,15,4,False,60,38.29787234042552,59.36170212765959,60,ACCEPTED_IGNITION,AKEUSDT,59.36170212765959
1783979999999,1783979100000,4,CONFIRMED_BUILD,QUIET_NON_TRANSITION_FALLBACK,2026-07-13T21:45:00+00:00,1783979100000,True,0.19787915081105845,15,30,4,False,60,-0.05344735435596215,0.85515766969535,60,ACCEPTED_IGNITION,AKEUSDT,0.85515766969535
1783394999999,1783394100000,4,CONTINUATION_RELOAD,QUIET_NON_TRANSITION_FALLBACK,2026-07-07T03:15:00+00:00,1783394100000,True,0.21886198207143462,15,,4,False,60,-0.33112582781458233,-0.06622516556291647,60,ACCEPTED_IGNITION,AKEUSDT,-0.33112582781458233
1783354499999,1783353600000,4,CONTINUATION_RELOAD,QUIET_NON_TRANSITION_FALLBACK,2026-07-06T16:00:00+00:00,1783353600000,True,0.26541686310922114,15,60,4,False,60,-0.2623811085601724,0.5903574942604184,60,ACCEPTED_IGNITION,AKEUSDT,0.5903574942604184
1784000699999,1783999800000,4,CONFIRMED_BUILD,QUIET_NON_TRANSITION_FALLBACK,2026-07-14T03:30:00+00:00,1783999800000,True,0.2694762398184612,,15,4,False,60,0.99842354177615,3.783499737256979,60,ACCEPTED_IGNITION,AKEUSDT,0.99842354177615
1783934999999,1783934100000,4,CONFIRMED_BUILD,QUIET_NON_TRANSITION_FALLBACK,2026-07-13T09:15:00+00:00,1783934100000,True,0.04392960412670068,15,30,12,False,180,-0.4250797024442088,1.4877789585547418,180,ACCEPTED_IGNITION,AKEUSDT,1.0095642933050097
1783905299999,1783904400000,4,CONFIRMED_BUILD,QUIET_NON_TRANSITION_FALLBACK,2026-07-13T01:00:00+00:00,1783904400000,True,0.08199333882187777,30,15,12,False,180,-2.2199277232834214,0.10325245224573898,180,ACCEPTED_IGNITION,AKEUSDT,-2.2199277232834214
1784041199999,1784040300000,4,ACCEPTED_IGNITION,QUIET_NON_TRANSITION_FALLBACK,2026-07-14T14:45:00+00:00,1784040300000,True,0.10089317892961287,90,15,12,False,180,-0.9429020429544299,0.8905185961236128,180,ACCEPTED_IGNITION,AKEUSDT,-0.5762179151388214
1783952999999,1783952100000,4,CONFIRMED_BUILD,QUIET_NON_TRANSITION_FALLBACK,2026-07-13T14:15:00+00:00,1783952100000,True,0.12430548923132079,45,30,12,False,180,-1.0005265929436624,0.21063717746181432,180,ACCEPTED_IGNITION,AKEUSDT,-1.0005265929436624
1783378799999,1783377900000,4,CONTINUATION_RELOAD,QUIET_NON_TRANSITION_FALLBACK,2026-07-06T22:45:00+00:00,1783377900000,True,0.13667356946053644,45,15,12,False,180,-1.9199479336153513,0.32541490400261885,180,ACCEPTED_IGNITION,AKEUSDT,-1.8548649528148276
1783920599999,1783919700000,4,CONFIRMED_BUILD,QUIET_NON_TRANSITION_FALLBACK,2026-07-13T05:15:00+00:00,1783919700000,True,0.18312208941513167,15,105,12,False,180,-1.8421052631579005,1.0526315789473717,180,ACCEPTED_IGNITION,AKEUSDT,0.5263157894736858
1784024999999,1784024100000,4,ACCEPTED_IGNITION,QUIET_NON_TRANSITION_FALLBACK,2026-07-14T10:15:00+00:00,1784024100000,True,0.18878119145168457,30,15,12,False,180,-2.780638516992784,0.1029866117404854,180,ACCEPTED_IGNITION,AKEUSDT,-1.6477857878475777
1784090699999,1784089800000,4,ACCEPTED_IGNITION,QUIET_NON_TRANSITION_FALLBACK,2026-07-15T04:30:00+00:00,1784089800000,True,0.19697665191720862,,15,12,False,180,38.29787234042552,168.4574468085106,180,ACCEPTED_IGNITION,AKEUSDT,168.4574468085106
1783979999999,1783979100000,4,CONFIRMED_BUILD,QUIET_NON_TRANSITION_FALLBACK,2026-07-13T21:45:00+00:00,1783979100000,True,0.19787915081105845,15,30,12,False,180,-0.05344735435596215,1.7103153393907,180,ACCEPTED_IGNITION,AKEUSDT,1.7103153393907
1783394999999,1783394100000,4,CONTINUATION_RELOAD,QUIET_NON_TRANSITION_FALLBACK,2026-07-07T03:15:00+00:00,1783394100000,True,0.21886198207143462,15,,12,False,180,-0.5629139072847789,-0.06622516556291647,180,ACCEPTED_IGNITION,AKEUSDT,-0.5629139072847789
1783354499999,1783353600000,4,CONTINUATION_RELOAD,QUIET_NON_TRANSITION_FALLBACK,2026-07-06T16:00:00+00:00,1783353600000,True,0.26541686310922114,15,60,12,False,180,-0.2623811085601724,0.5903574942604184,180,ACCEPTED_IGNITION,AKEUSDT,0.2951787471302092
1784000699999,1783999800000,4,CONFIRMED_BUILD,QUIET_NON_TRANSITION_FALLBACK,2026-07-14T03:30:00+00:00,1783999800000,True,0.2694762398184612,,15,12,False,180,0.26274303730950965,3.783499737256979,180,ACCEPTED_IGNITION,AKEUSDT,1.2611665790856597
1783934999999,1783934100000,4,CONFIRMED_BUILD,QUIET_NON_TRANSITION_FALLBACK,2026-07-13T09:15:00+00:00,1783934100000,True,0.04392960412670068,15,30,16,False,240,-0.4250797024442088,1.4877789585547418,240,ACCEPTED_IGNITION,AKEUSDT,0.6907545164718476
1783905299999,1783904400000,4,CONFIRMED_BUILD,QUIET_NON_TRANSITION_FALLBACK,2026-07-13T01:00:00+00:00,1783904400000,True,0.08199333882187777,30,15,16,False,240,-2.2199277232834214,0.10325245224573898,240,ACCEPTED_IGNITION,AKEUSDT,-1.7036654620547265
1784041199999,1784040300000,4,ACCEPTED_IGNITION,QUIET_NON_TRANSITION_FALLBACK,2026-07-14T14:45:00+00:00,1784040300000,True,0.10089317892961287,90,15,16,False,240,-0.9429020429544299,0.8905185961236128,240,ACCEPTED_IGNITION,AKEUSDT,-0.5238344683080154
1783952999999,1783952100000,4,CONFIRMED_BUILD,QUIET_NON_TRANSITION_FALLBACK,2026-07-13T14:15:00+00:00,1783952100000,True,0.12430548923132079,45,30,16,False,240,-1.0005265929436624,0.36861506055818616,240,ACCEPTED_IGNITION,AKEUSDT,0.3159557661927215
1783378799999,1783377900000,4,CONTINUATION_RELOAD,QUIET_NON_TRANSITION_FALLBACK,2026-07-06T22:45:00+00:00,1783377900000,True,0.13667356946053644,45,15,16,False,240,-1.9199479336153513,0.32541490400261885,240,ACCEPTED_IGNITION,AKEUSDT,-1.6270745200130166
1783920599999,1783919700000,4,CONFIRMED_BUILD,QUIET_NON_TRANSITION_FALLBACK,2026-07-13T05:15:00+00:00,1783919700000,True,0.18312208941513167,15,105,16,False,240,-1.8421052631579005,1.0526315789473717,240,ACCEPTED_IGNITION,AKEUSDT,-0.9473684210526412
1784024999999,1784024100000,4,ACCEPTED_IGNITION,QUIET_NON_TRANSITION_FALLBACK,2026-07-14T10:15:00+00:00,1784024100000,True,0.18878119145168457,30,15,16,False,240,-2.780638516992784,0.1029866117404854,240,ACCEPTED_IGNITION,AKEUSDT,-1.5447991761071034
1784090699999,1784089800000,4,ACCEPTED_IGNITION,QUIET_NON_TRANSITION_FALLBACK,2026-07-15T04:30:00+00:00,1784089800000,True,0.19697665191720862,,15,16,False,240,38.29787234042552,226.64893617021278,240,ACCEPTED_IGNITION,AKEUSDT,221.06382978723408
1783979999999,1783979100000,4,CONFIRMED_BUILD,QUIET_NON_TRANSITION_FALLBACK,2026-07-13T21:45:00+00:00,1783979100000,True,0.19787915081105845,15,30,16,False,240,-0.05344735435596215,1.7103153393907,240,ACCEPTED_IGNITION,AKEUSDT,1.603420630678798
1783394999999,1783394100000,4,CONTINUATION_RELOAD,QUIET_NON_TRANSITION_FALLBACK,2026-07-07T03:15:00+00:00,1783394100000,True,0.21886198207143462,15,,16,False,240,-0.5629139072847789,-0.06622516556291647,240,ACCEPTED_IGNITION,AKEUSDT,-0.5629139072847789
1783354499999,1783353600000,4,CONTINUATION_RELOAD,QUIET_NON_TRANSITION_FALLBACK,2026-07-06T16:00:00+00:00,1783353600000,True,0.26541686310922114,15,60,16,False,240,-0.2623811085601724,2.2630370613315964,240,ACCEPTED_IGNITION,AKEUSDT,2.2630370613315964
1784000699999,1783999800000,4,CONFIRMED_BUILD,QUIET_NON_TRANSITION_FALLBACK,2026-07-14T03:30:00+00:00,1783999800000,True,0.2694762398184612,,15,16,False,240,0.26274303730950965,3.783499737256979,240,ACCEPTED_IGNITION,AKEUSDT,1.366263794009459
1783934999999,1783934100000,4,CONFIRMED_BUILD,QUIET_NON_TRANSITION_FALLBACK,2026-07-13T09:15:00+00:00,1783934100000,True,0.04392960412670068,15,30,48,False,720,-0.4250797024442088,1.4877789585547418,720,ACCEPTED_IGNITION,AKEUSDT,-0.2125398512220933
1783905299999,1783904400000,4,CONFIRMED_BUILD,QUIET_NON_TRANSITION_FALLBACK,2026-07-13T01:00:00+00:00,1783904400000,True,0.08199333882187777,30,15,48,False,720,-3.7170882808466588,0.10325245224573898,720,ACCEPTED_IGNITION,AKEUSDT,-1.6004130098089764
1784041199999,1784040300000,4,ACCEPTED_IGNITION,QUIET_NON_TRANSITION_FALLBACK,2026-07-14T14:45:00+00:00,1784040300000,True,0.10089317892961287,90,15,48,False,720,-1.676270298585647,0.8905185961236128,720,ACCEPTED_IGNITION,AKEUSDT,-0.8381351492928291
1783952999999,1783952100000,4,CONFIRMED_BUILD,QUIET_NON_TRANSITION_FALLBACK,2026-07-13T14:15:00+00:00,1783952100000,True,0.12430548923132079,45,30,48,False,720,-1.7377567140600347,0.4739336492890933,720,ACCEPTED_IGNITION,AKEUSDT,-0.15797788309637184
1783378799999,1783377900000,4,CONTINUATION_RELOAD,QUIET_NON_TRANSITION_FALLBACK,2026-07-06T22:45:00+00:00,1783377900000,True,0.13667356946053644,45,15,48,False,720,-30.881874389847052,0.32541490400261885,720,ACCEPTED_IGNITION,AKEUSDT,-29.645297754637156
1783920599999,1783919700000,4,CONFIRMED_BUILD,QUIET_NON_TRANSITION_FALLBACK,2026-07-13T05:15:00+00:00,1783919700000,True,0.18312208941513167,15,105,48,False,720,-1.8421052631579005,1.0526315789473717,720,ACCEPTED_IGNITION,AKEUSDT,-1.0526315789473828
1784024999999,1784024100000,4,ACCEPTED_IGNITION,QUIET_NON_TRANSITION_FALLBACK,2026-07-14T10:15:00+00:00,1784024100000,True,0.18878119145168457,30,15,48,False,720,-2.780638516992784,0.1029866117404854,720,ACCEPTED_IGNITION,AKEUSDT,-2.3686920700308978
1784090699999,1784089800000,4,ACCEPTED_IGNITION,QUIET_NON_TRANSITION_FALLBACK,2026-07-15T04:30:00+00:00,1784089800000,True,0.19697665191720862,,15,48,False,720,38.29787234042552,349.6808510638298,720,ACCEPTED_IGNITION,AKEUSDT,252.5531914893617
1783979999999,1783979100000,4,CONFIRMED_BUILD,QUIET_NON_TRANSITION_FALLBACK,2026-07-13T21:45:00+00:00,1783979100000,True,0.19787915081105845,15,30,48,False,720,-0.05344735435596215,5.558524853019775,720,ACCEPTED_IGNITION,AKEUSDT,3.474078033137351
1783394999999,1783394100000,4,CONTINUATION_RELOAD,QUIET_NON_TRANSITION_FALLBACK,2026-07-07T03:15:00+00:00,1783394100000,True,0.21886198207143462,15,,48,False,720,-34.07284768211921,-0.06622516556291647,720,ACCEPTED_IGNITION,AKEUSDT,-30.364238410596034
1783354499999,1783353600000,4,CONTINUATION_RELOAD,QUIET_NON_TRANSITION_FALLBACK,2026-07-06T16:00:00+00:00,1783353600000,True,0.26541686310922114,15,60,48,False,720,-1.2135126270908403,2.2630370613315964,720,ACCEPTED_IGNITION,AKEUSDT,-1.1479173499508
1784000699999,1783999800000,4,CONFIRMED_BUILD,QUIET_NON_TRANSITION_FALLBACK,2026-07-14T03:30:00+00:00,1783999800000,True,0.2694762398184612,465,15,48,False,720,-0.788229111928529,3.783499737256979,720,ACCEPTED_IGNITION,AKEUSDT,1.1035207566999494
1783934999999,1783934100000,4,CONFIRMED_BUILD,QUIET_NON_TRANSITION_FALLBACK,2026-07-13T09:15:00+00:00,1783934100000,True,0.04392960412670068,15,30,96,False,1440,-0.8501594048884065,4.9415515409139354,1440,ACCEPTED_IGNITION,AKEUSDT,2.9755579171094615
1783905299999,1783904400000,4,CONFIRMED_BUILD,QUIET_NON_TRANSITION_FALLBACK,2026-07-13T01:00:00+00:00,1783904400000,True,0.08199333882187777,30,15,96,False,1440,-3.7170882808466588,0.10325245224573898,1440,ACCEPTED_IGNITION,AKEUSDT,-1.9101703665461933
1784041199999,1784040300000,4,ACCEPTED_IGNITION,QUIET_NON_TRANSITION_FALLBACK,2026-07-14T14:45:00+00:00,1784040300000,True,0.10089317892961287,90,15,96,False,1440,-1.8858040859088598,342.84965950759556,1440,ACCEPTED_IGNITION,AKEUSDT,342.84965950759556
1783952999999,1783952100000,4,CONFIRMED_BUILD,QUIET_NON_TRANSITION_FALLBACK,2026-07-13T14:15:00+00:00,1783952100000,True,0.12430548923132079,45,30,96,False,1440,-1.7377567140600347,4.002106371774605,1440,ACCEPTED_IGNITION,AKEUSDT,0.6845708267509298
1783378799999,1783377900000,4,CONTINUATION_RELOAD,QUIET_NON_TRANSITION_FALLBACK,2026-07-06T22:45:00+00:00,1783377900000,False,0.13667356946053644,45,15,76,False,1440,-37.78067035470224,0.32541490400261885,1140,ACCEPTED_IGNITION,AKEUSDT,-36.77188415229416
1783920599999,1783919700000,4,CONFIRMED_BUILD,QUIET_NON_TRANSITION_FALLBACK,2026-07-13T05:15:00+00:00,1783919700000,True,0.18312208941513167,15,105,96,False,1440,-1.8421052631579005,3.9473684210526327,1440,ACCEPTED_IGNITION,AKEUSDT,1.2631578947368327
1784024999999,1784024100000,4,ACCEPTED_IGNITION,QUIET_NON_TRANSITION_FALLBACK,2026-07-14T10:15:00+00:00,1784024100000,True,0.18878119145168457,30,15,96,False,1440,-3.5530381050463467,244.95365602471674,1440,ACCEPTED_IGNITION,AKEUSDT,193.87229660144186
1784090699999,1784089800000,4,ACCEPTED_IGNITION,QUIET_NON_TRANSITION_FALLBACK,2026-07-15T04:30:00+00:00,1784089800000,True,0.19697665191720862,,15,96,False,1440,38.29787234042552,349.6808510638298,1440,ACCEPTED_IGNITION,AKEUSDT,320.69148936170217
1783979999999,1783979100000,4,CONFIRMED_BUILD,QUIET_NON_TRANSITION_FALLBACK,2026-07-13T21:45:00+00:00,1783979100000,True,0.19787915081105845,15,30,96,False,1440,-0.05344735435596215,5.558524853019775,1440,ACCEPTED_IGNITION,AKEUSDT,1.5499732763228247
1783394999999,1783394100000,4,CONTINUATION_RELOAD,QUIET_NON_TRANSITION_FALLBACK,2026-07-07T03:15:00+00:00,1783394100000,False,0.21886198207143462,15,,58,False,1440,-36.6887417218543,-0.06622516556291647,870,ACCEPTED_IGNITION,AKEUSDT,-35.66225165562914
1783354499999,1783353600000,4,CONTINUATION_RELOAD,QUIET_NON_TRANSITION_FALLBACK,2026-07-06T16:00:00+00:00,1783353600000,True,0.26541686310922114,15,60,96,False,1440,-34.69990160708429,2.2630370613315964,1440,ACCEPTED_IGNITION,AKEUSDT,-33.32240078714332
1784000699999,1783999800000,4,CONFIRMED_BUILD,QUIET_NON_TRANSITION_FALLBACK,2026-07-14T03:30:00+00:00,1783999800000,True,0.2694762398184612,465,15,96,False,1440,-1.366263794009448,3.783499737256979,1440,ACCEPTED_IGNITION,AKEUSDT,-0.5780346820809301
